date,game_id,team_a,team_b,chosen_side,chosen_team,chosen_odds,our_prob,implied_prob,edge,edge_bucket,zone,bankroll_before,kelly_fraction,bet_amount,bet_won,profit,bankroll_after,actual_winner
2024-11-06,rider_vs_san diego_20241106,Team A,Team B,A,Team A,145.0,0.44862068,0.40816326530612246,0.040457414693877536,0.040-0.045,Slight Underdog (+110 to +150),10000.0,0.06835908,683.5908000000001,True,991.2066600000002,10991.20666,A
2024-11-06,villanova_vs_columbia_20241106,Team A,Team B,A,Team A,-1698.0,0.94791424,0.9443826473859844,0.0035315926140155884,0.000-0.005,Heavy Favorite (<-300),10991.20666,0.0634980352,697.9200273871544,False,-697.9200273871544,10293.286632612846,B
2024-11-06,california-san-diego_vs_san diego state_20241106,Team A,Team B,B,Team B,-626.0,0.8778855,0.8622589531680441,0.015626546831955856,0.015-0.020,Heavy Favorite (<-300),10293.286632612846,0.1134487300000003,1167.760295995907,True,186.54317827410662,10479.829810886953,B
2024-11-14,nevada-las-vegas_vs_omaha_20241114,Team A,Team B,A,Team A,-1849.0,0.9499025,0.9486916367367881,0.0012108632632118477,0.000-0.005,Heavy Favorite (<-300),10479.829810886953,0.02359972499999866,247.32110158372004,True,13.375938430704151,10493.205749317658,A
2024-11-14,iupui_vs_eastern michigan_20241114,Team A,Team B,B,Team B,142.0,0.45860725999999996,0.4132231404958678,0.04538411950413218,0.045-0.050,Slight Underdog (+110 to +150),10493.205749317658,0.07734476704225343,811.5945542074086,True,1152.4642669745201,11645.670016292179,B
2024-11-14,northern-colorado_vs_south dakota state_20241114,Team A,Team B,A,Team A,140.0,0.46011558,0.4166666666666667,0.04344891333333334,0.040-0.045,Slight Underdog (+110 to +150),11645.67001629218,0.07448385142857149,867.4143552796763,True,1214.3800973915468,12860.050113683727,A
2024-11-15,manhattan_vs_fordham_20241115,Team A,Team B,B,Team B,-360.0,0.79131074,0.782608695652174,0.008702044347826066,0.005-0.010,Heavy Favorite (<-300),12860.050113683727,0.04002940399999982,514.7801414608895,False,-514.7801414608895,12345.269972222837,A
2024-11-15,holy-cross_vs_sacred heart_20241115,Team A,Team B,A,Team A,120.0,0.45777062,0.45454545454545453,0.0032251654545454866,0.000-0.005,Slight Underdog (+110 to +150),12345.269972222837,0.005912803333333419,72.99515344266015,True,87.5941841311922,12432.86415635403,A
2024-11-15,brown_vs_new hampshire_20241115,Team A,Team B,A,Team A,-360.0,0.8098712,0.782608695652174,0.027262504347826066,0.025-0.030,Heavy Favorite (<-300),12432.86415635403,0.12540751999999983,1559.1746603452489,True,433.1040723181245,12865.968228672155,A
2024-11-15,oregon-state_vs_cal state fullerton_20241115,Team A,Team B,A,Team A,-900.0,0.9058749,0.9,0.005874900000000016,0.005-0.010,Heavy Favorite (<-300),12865.968228672155,0.05874900000000073,755.8627674662698,True,83.98475194069668,12949.95298061285,A
2024-11-16,bradley_vs_northern illinois_20241116,Team A,Team B,A,Team A,-2200.0,0.96605945,0.9565217391304348,0.00953771086956523,0.005-0.010,Heavy Favorite (<-300),12949.95298061285,0.21936735000000024,2840.7968679816454,True,129.12713036280195,13079.080110975652,A
2024-11-16,east-carolina_vs_george mason_20241116,Team A,Team B,A,Team A,145.0,0.44853818,0.40816326530612246,0.04037491469387755,0.040-0.045,Slight Underdog (+110 to +150),13079.080110975652,0.0682196834482759,892.2507049654002,True,1293.7635221998305,14372.843633175482,A
2024-11-16,detroit-mercy_vs_toledo_20241116,Team A,Team B,B,Team B,-638.0,0.8709129,0.8644986449864499,0.006414255013550085,0.005-0.010,Heavy Favorite (<-300),14372.843633175482,0.04733720199999953,680.370202378035,True,106.64109755141608,14479.484730726897,B
2024-11-16,brown_vs_holy cross_20241116,Team A,Team B,A,Team A,-345.0,0.7762751,0.7752808988764045,0.000994201123595495,0.000-0.005,Heavy Favorite (<-300),14479.484730726897,0.00442419499999982,64.06006394825569,False,-64.06006394825569,14415.424666778641,B
2024-11-16,bucknell_vs_richmond_20241116,Team A,Team B,A,Team A,145.0,0.44009867,0.40816326530612246,0.03193540469387757,0.030-0.035,Slight Underdog (+110 to +150),14415.42466677864,0.05395982172413805,777.8537450971177,True,1127.8879303908207,15543.31259716946,A
2024-11-16,california-irvine_vs_pepperdine_20241116,Team A,Team B,A,Team A,-1800.0,0.947548,0.9473684210526315,0.0001795789473684195,0.000-0.005,Heavy Favorite (<-300),15543.31259716946,0.003411999999999345,53.033782581532016,True,2.9463212545295576,15546.25891842399,A
2024-11-16,wyoming_vs_utah tech_20241116,Team A,Team B,A,Team A,-563.0,0.84971994,0.8491704374057315,0.0005495025942684473,0.000-0.005,Heavy Favorite (<-300),15546.25891842399,0.0036432021999996374,56.638164693366264,True,10.06006477679685,15556.318983200787,A
2024-11-16,columbia_vs_mercyhurst_20241116,Team A,Team B,A,Team A,-965.0,0.9105192,0.9061032863849765,0.00441591361502347,0.000-0.005,Heavy Favorite (<-300),15556.318983200787,0.04702947999999912,731.605592494048,True,75.81405103565258,15632.13303423644,A
2024-11-16,missouri-state_vs_tulsa_20241116,Team A,Team B,A,Team A,150.0,0.4207747,0.4,0.02077469999999998,0.020-0.025,Slight Underdog (+110 to +150),15632.13303423644,0.03462449999999998,541.2547902439193,True,811.882185365879,16444.01521960232,A
2024-11-16,longwood_vs_ut martin_20241116,Team A,Team B,A,Team A,-850.0,0.8980047,0.8947368421052632,0.0032678578947368253,0.000-0.005,Heavy Favorite (<-300),16444.01521960232,0.031044650000000035,510.4986970872277,True,60.058670245556215,16504.073889847874,A
2024-11-16,marshall_vs_bellarmine_20241116,Team A,Team B,A,Team A,-500.0,0.8550081,0.8333333333333334,0.02167476666666668,0.020-0.025,Heavy Favorite (<-300),16504.073889847874,0.1300486000000001,2146.331703671272,True,429.2663407342543,16933.34023058213,A
2024-11-16,st-bonaventure_vs_le moyne_20241116,Team A,Team B,A,Team A,-2100.0,0.95779115,0.9545454545454546,0.0032456954545454497,0.000-0.005,Heavy Favorite (<-300),16933.34023058213,0.0714053000000018,1209.1302391668164,True,57.57763043651513,16990.917861018643,A
2024-11-16,southern-utah_vs_omaha_20241116,Team A,Team B,A,Team A,-330.0,0.790791,0.7674418604651163,0.02334913953488371,0.020-0.025,Heavy Favorite (<-300),16990.917861018643,0.10040129999999997,1705.9102414394906,True,516.9424974059061,17507.86035842455,A
2024-11-16,rice_vs_northwestern state_20241116,Team A,Team B,A,Team A,-447.0,0.8221829,0.8171846435100548,0.00499825648994523,0.000-0.005,Heavy Favorite (<-300),17507.86035842455,0.027340463000000464,478.67300833868126,True,107.08568419209874,17614.946042616648,A
2024-11-16,georgetown_vs_notre dame_20241116,Team A,Team B,A,Team A,130.0,0.4364247,0.43478260869565216,0.001642091304347837,0.000-0.005,Slight Underdog (+110 to +150),17614.946042616648,0.0029052384615384343,51.17561874093412,False,-51.17561874093412,17563.770423875714,B
2024-11-17,southern-california_vs_california_20241117,Team A,Team B,A,Team A,-350.0,0.78007746,0.7777777777777778,0.00229968222222221,0.000-0.005,Heavy Favorite (<-300),17563.770423875714,0.010348569999999674,181.75990769540178,False,-181.75990769540178,17382.01051618031,B
2024-11-17,brown_vs_sacred heart_20241117,Team A,Team B,A,Team A,-420.0,0.8263936,0.8076923076923077,0.01870129230769224,0.015-0.020,Heavy Favorite (<-300),17382.01051618031,0.09724671999999983,1690.3435097040392,True,402.4627404057237,17784.473256586036,A
2024-11-18,cal-state-fullerton_vs_idaho state_20241118,Team A,Team B,B,Team B,125.0,0.44739700000000004,0.4444444444444444,0.002952555555555625,0.000-0.005,Slight Underdog (+110 to +150),17784.473256586036,0.005314600000000081,94.51736156945358,False,-94.51736156945358,17689.95589501658,A
2024-11-18,utah-state_vs_montana_20241118,Team A,Team B,A,Team A,-1800.0,0.94861007,0.9473684210526315,0.0012416489473684456,0.000-0.005,Heavy Favorite (<-300),17689.95589501658,0.023591329999999914,417.32958720478,True,23.184977066932234,17713.140872083513,A
2024-11-18,high-point_vs_american_20241118,Team A,Team B,A,Team A,-1650.0,0.9450215,0.9428571428571428,0.0021643571428571207,0.000-0.005,Heavy Favorite (<-300),17713.140872083513,0.03787624999999848,670.9073519562263,True,40.66105163371065,17753.801923717223,A
2024-11-18,north-carolina-state_vs_colgate_20241118,Team A,Team B,A,Team A,-1000.0,0.9095464,0.9090909090909091,0.0004554909090909165,0.000-0.005,Heavy Favorite (<-300),17753.801923717223,0.0050104000000004935,88.95364915860154,True,8.895364915860162,17762.697288633084,A
2024-11-19,louisiana-lafayette_vs_rice_20241119,Team A,Team B,B,Team B,141.0,0.42603374000000005,0.4149377593360996,0.01109598066390044,0.010-0.015,Slight Underdog (+110 to +150),17762.697288633084,0.018965470496454032,336.87791136501477,True,474.99785502467086,18237.695143657755,B
2024-11-19,santa-clara_vs_uc riverside_20241119,Team A,Team B,A,Team A,-396.0,0.83182055,0.7983870967741935,0.033433453225806486,0.030-0.035,Heavy Favorite (<-300),18237.695143657755,0.16582992800000013,3024.3556725587173,True,763.7261799390702,19001.421323596824,A
2024-11-19,green-bay_vs_siu edwardsville_20241119,Team A,Team B,B,Team B,147.0,0.44918877,0.4048582995951417,0.044330470404858324,0.040-0.045,Slight Underdog (+110 to +150),19001.421323596824,0.07448725299319725,1415.3636773610895,False,-1415.3636773610895,17586.057646235735,A
2024-11-19,marist_vs_dartmouth_20241119,Team A,Team B,A,Team A,-455.0,0.82995474,0.8198198198198198,0.010134920180180251,0.010-0.015,Heavy Favorite (<-300),17586.057646235735,0.05624880700000055,989.1947624339979,True,217.40544229318644,17803.463088528923,A
2024-11-19,bowling-green-state_vs_niagara_20241119,Team A,Team B,A,Team A,-380.0,0.8179855,0.7916666666666666,0.026318833333333402,0.025-0.030,Heavy Favorite (<-300),17803.463088528923,0.12633039999999993,2249.1186133590927,True,591.8733193050242,18395.336407833947,A
2024-11-19,minnesota_vs_cleveland state_20241119,Team A,Team B,A,Team A,-1100.0,0.92044044,0.9166666666666666,0.0037737733333333967,0.000-0.005,Heavy Favorite (<-300),18395.336407833947,0.045285279999999595,833.037959922947,True,75.73072362935875,18471.067131463307,A
2024-11-19,belmont_vs_oral roberts_20241119,Team A,Team B,A,Team A,-455.0,0.8431519,0.8198198198198198,0.02333208018018018,0.020-0.025,Heavy Favorite (<-300),18471.067131463307,0.12949304500000017,2391.874727252602,True,525.6867532423304,18996.75388470564,A
2024-11-19,notre-dame_vs_north dakota_20241119,Team A,Team B,A,Team A,-2300.0,0.97002494,0.9583333333333334,0.011691606666666576,0.010-0.015,Heavy Favorite (<-300),18996.75388470564,0.25,4749.18847117641,True,206.4864552685394,19203.240339974178,A
2024-11-19,depaul_vs_eastern illinois_20241119,Team A,Team B,A,Team A,-1800.0,0.9629961,0.9473684210526315,0.015627678947368495,0.015-0.020,Heavy Favorite (<-300),19203.240339974178,0.25,4800.8100849935445,True,266.71167138853036,19469.952011362708,A
2024-11-19,florida-state_vs_hofstra_20241119,Team A,Team B,A,Team A,-400.0,0.81102103,0.8,0.011021029999999987,0.010-0.015,Heavy Favorite (<-300),19469.952011362708,0.05510515000000016,1072.8946260789469,True,268.2236565197367,19738.175667882446,A
2024-11-20,southern-california_vs_san jose state_20241120,Team A,Team B,A,Team A,-2100.0,0.96005267,0.9545454545454546,0.005507215454545467,0.005-0.010,Heavy Favorite (<-300),19738.175667882446,0.1211587400000021,2391.452493819337,True,113.87869018187332,19852.05435806432,A
2024-11-20,rutgers_vs_merrimack_20241120,Team A,Team B,A,Team A,-2500.0,0.96504563,0.9615384615384616,0.0035071684615384235,0.000-0.005,Heavy Favorite (<-300),19852.05435806432,0.09118638000000052,1810.2369724751197,True,72.40947889900485,19924.463836963325,A
2024-11-20,richmond_vs_maine_20241120,Team A,Team B,A,Team A,-376.0,0.8103598,0.7899159663865546,0.020443833613445372,0.020-0.025,Heavy Favorite (<-300),19924.463836963325,0.09731264799999982,1938.902335955138,True,515.6655148816856,20440.12935184501,A
2024-11-20,grand-canyon_vs_uc davis_20241120,Team A,Team B,A,Team A,-1650.0,0.9508595,0.9428571428571428,0.00800235714285713,0.005-0.010,Heavy Favorite (<-300),20440.12935184501,0.14004124999999878,2862.46126459404,False,-2862.46126459404,17577.66808725097,B
2024-11-21,illinois-chicago_vs_james madison_20241121,Team A,Team B,A,Team A,140.0,0.420568,0.4166666666666667,0.0039013333333333122,0.000-0.005,Slight Underdog (+110 to +150),17577.66808725097,0.006688000000000012,117.5594441675347,False,-117.5594441675347,17460.108643083437,B
2024-11-21,mississippi_vs_oral roberts_20241121,Team A,Team B,A,Team A,-2700.0,0.9720988,0.9642857142857143,0.007813085714285739,0.005-0.010,Heavy Favorite (<-300),17460.108643083437,0.21876639999999997,3819.685111456248,True,141.46981894282376,17601.57846202626,A
2024-11-21,indiana_vs_unc greensboro_20241121,Team A,Team B,A,Team A,-2800.0,0.9673804,0.9655172413793104,0.0018631586206896422,0.000-0.005,Heavy Favorite (<-300),17601.57846202626,0.05403160000000334,951.0414468288768,True,33.96576595817426,17635.544227984436,A
2024-11-21,nevada_vs_vanderbilt_20241121,Team A,Team B,B,Team B,124.0,0.44917065,0.44642857142857145,0.0027420785714285523,0.000-0.005,Slight Underdog (+110 to +150),17635.544227984436,0.00495343225806457,87.35647366742255,True,108.32202734760398,17743.86625533204,B
2024-11-21,clemson_vs_radford_20241121,Team A,Team B,A,Team A,-2400.0,0.9712577,0.96,0.011257700000000037,0.010-0.015,Heavy Favorite (<-300),17743.86625533204,0.25,4435.96656383301,True,184.83194015970906,17928.698195491746,A
2024-11-22,saint-louis_vs_wichita state_20241122,Team A,Team B,A,Team A,136.0,0.46494275,0.423728813559322,0.041213936440678,0.040-0.045,Slight Underdog (+110 to +150),17928.698195491746,0.07151830147058842,1282.2300425203734,False,-1282.2300425203734,16646.468152971374,B
2024-11-22,davidson_vs_vmi_20241122,Team A,Team B,A,Team A,-2400.0,0.9609035,0.96,0.000903500000000057,0.000-0.005,Heavy Favorite (<-300),16646.468152971374,0.022587500000002217,376.0020994052778,True,15.666754141886603,16662.13490711326,A
2024-11-22,wyoming_vs_southeastern louisiana_20241122,Team A,Team B,A,Team A,-625.0,0.86260426,0.8620689655172413,0.0005352944827586859,0.000-0.005,Heavy Favorite (<-300),16662.13490711326,0.003880884999999704,64.66382942898731,True,10.346212708637966,16672.4811198219,A
2024-11-22,buffalo_vs_morgan state_20241122,Team A,Team B,B,Team B,134.0,0.44770944,0.42735042735042733,0.020359012649572683,0.020-0.025,Slight Underdog (+110 to +150),16672.4811198219,0.03555230567164179,592.7451450765848,False,-592.7451450765848,16079.735974745316,A
2024-11-22,northwestern_vs_pepperdine_20241122,Team A,Team B,A,Team A,-2200.0,0.96506464,0.9565217391304348,0.008542900869565218,0.005-0.010,Heavy Favorite (<-300),16079.735974745316,0.19648671999999995,3159.454580143709,True,143.6115718247139,16223.34754657003,A
2024-11-22,southern-methodist_vs_mississippi state_20241122,Team A,Team B,A,Team A,105.0,0.5239995,0.4878048780487805,0.036194621951219474,0.035-0.040,Pick'em Underdog (+100 to +110),16223.347546570032,0.07066569047619033,1146.4340562135794,False,-1146.4340562135794,15076.913490356452,B
2024-11-22,notre-dame_vs_elon_20241122,Team A,Team B,A,Team A,-1600.0,0.9419484,0.9411764705882353,0.000771929411764738,0.000-0.005,Heavy Favorite (<-300),15076.913490356452,0.013122800000000323,197.85132035125451,False,-197.85132035125451,14879.062170005198,B
2024-11-22,tulane_vs_new orleans_20241122,Team A,Team B,A,Team A,-2800.0,0.96944,0.9655172413793104,0.0039227586206895815,0.000-0.005,Heavy Favorite (<-300),14879.062170005198,0.11376000000000133,1692.6421124598112,False,-1692.6421124598112,13186.420057545387,B
2024-11-22,american_vs_kansas city_20241122,Team A,Team B,A,Team A,150.0,0.4057556,0.4,0.005755599999999972,0.005-0.010,Slight Underdog (+110 to +150),13186.420057545387,0.009592666666666657,126.49293213868026,True,189.7393982080204,13376.159455753408,A
2024-11-22,arkansas_vs_little rock_20241122,Team A,Team B,A,Team A,-2500.0,0.96820974,0.9615384615384616,0.006671278461538477,0.005-0.010,Heavy Favorite (<-300),13376.159455753408,0.1734532400000018,2320.1381963570893,True,92.80552785428365,13468.964983607691,A
2024-11-22,indiana-state_vs_chicago state_20241122,Team A,Team B,A,Team A,-2100.0,0.9563344,0.9545454545454546,0.001788945454545443,0.000-0.005,Heavy Favorite (<-300),13468.964983607691,0.039356800000001704,530.0953610668741,True,25.24263624127975,13494.20761984897,A
2024-11-22,alabama-am_vs_south carolina state_20241122,Team A,Team B,A,Team A,105.0,0.5094669,0.4878048780487805,0.021662021951219468,0.020-0.025,Pick'em Underdog (+100 to +110),13494.20761984897,0.042292519047618826,570.7040327949857,False,-570.7040327949857,12923.503587053985,B
2024-11-22,loyola-marymount_vs_north dakota_20241122,Team A,Team B,A,Team A,-592.0,0.8569916,0.8554913294797688,0.0015002705202311617,0.000-0.005,Heavy Favorite (<-300),12923.503587053985,0.010381871999999518,134.1701600323291,False,-134.1701600323291,12789.333427021656,B
2024-11-23,idaho_vs_southern utah_20241123,Team A,Team B,A,Team A,132.0,0.47116,0.43103448275862066,0.04012551724137936,0.040-0.045,Slight Underdog (+110 to +150),12789.333427021656,0.07052363636363647,901.9502999405759,False,-901.9502999405759,11887.38312708108,B
2024-11-23,depaul_vs_northern illinois_20241123,Team A,Team B,A,Team A,-2100.0,0.9585954,0.9545454545454546,0.0040499454545454006,0.000-0.005,Heavy Favorite (<-300),11887.38312708108,0.08909880000000073,1059.1515717631805,True,50.43578913158008,11937.81891621266,A
2024-11-23,long-beach-state_vs_fresno state_20241123,Team A,Team B,B,Team B,142.0,0.41745687,0.4132231404958678,0.0042337295041322,0.000-0.005,Slight Underdog (+110 to +150),11937.81891621266,0.0072152291549295484,86.13409909052704,True,122.31042070854839,12060.129336921209,B
2024-11-23,alabama-am_vs_coastal carolina_20241123,Team A,Team B,A,Team A,130.0,0.44307575,0.43478260869565216,0.008293141304347829,0.005-0.010,Slight Underdog (+110 to +150),12060.129336921209,0.014672480769230686,176.95201577041126,True,230.0376205015346,12290.166957422744,A
2024-11-23,canisius_vs_brown_20241123,Team A,Team B,B,Team B,-360.0,0.78661123,0.782608695652174,0.004002534347826048,0.000-0.005,Heavy Favorite (<-300),12290.166957422744,0.018411657999999703,226.28235078296447,True,62.85620855082344,12353.023165973567,B
2024-11-24,lipscomb_vs_jackson state_20241124,Team A,Team B,A,Team A,-1650.0,0.95098937,0.9428571428571428,0.008132227142857107,0.005-0.010,Heavy Favorite (<-300),12353.023165973567,0.14231397499999834,1758.0078300167627,True,106.54592909192492,12459.569095065492,A
2024-11-24,cal-state-northridge_vs_utah tech_20241124,Team A,Team B,A,Team A,-400.0,0.83142775,0.8,0.03142774999999998,0.030-0.035,Heavy Favorite (<-300),12459.569095065492,0.1571387500000001,1957.8811131372238,True,489.47027828430595,12949.039373349797,A
2024-11-24,akron_vs_alabama state_20241124,Team A,Team B,A,Team A,-363.0,0.8060977,0.7840172786177105,0.022080421382289495,0.020-0.025,Heavy Favorite (<-300),12949.039373349799,0.10223235100000039,1323.8107383291215,True,364.6861538096755,13313.725527159473,A
2024-11-24,duquesne_vs_south dakota state_20241124,Team A,Team B,A,Team A,132.0,0.46992177,0.43103448275862066,0.038887287241379354,0.035-0.040,Slight Underdog (+110 to +150),13313.725527159473,0.06834735333333346,909.9579027877897,False,-909.9579027877897,12403.767624371683,B
2024-11-24,portland_vs_princeton_20241124,Team A,Team B,B,Team B,-700.0,0.88028883,0.875,0.005288830000000022,0.005-0.010,Heavy Favorite (<-300),12403.767624371683,0.042310639999999754,524.8113465984425,True,74.97304951406318,12478.740673885746,B
2024-11-25,saint-louis_vs_quinnipiac_20241125,Team A,Team B,A,Team A,-520.0,0.8445508,0.8387096774193549,0.005841122580645175,0.005-0.010,Heavy Favorite (<-300),12478.740673885746,0.03621496000000021,451.917094355148,True,86.90713352983614,12565.647807415582,A
2024-11-25,massachusetts-lowell_vs_merrimack_20241125,Team A,Team B,A,Team A,-310.0,0.7599634,0.7560975609756098,0.003865839024390194,0.000-0.005,Heavy Favorite (<-300),12565.647807415582,0.015849939999999698,199.16476380866473,True,64.24669800279506,12629.894505418377,A
2024-11-25,cal-state-northridge_vs_denver_20241125,Team A,Team B,A,Team A,-330.0,0.77525157,0.7674418604651163,0.007809709534883691,0.005-0.010,Heavy Favorite (<-300),12629.894505418377,0.033581750999999896,424.13397243722676,True,128.525446193099,12758.419951611475,A
2024-11-25,kansas-state_vs_longwood_20241125,Team A,Team B,A,Team A,-543.0,0.8462731,0.8444790046656299,0.0017940953343701382,0.000-0.005,Heavy Favorite (<-300),12758.419951611475,0.01153603299999988,147.18155358964685,True,27.105258487964427,12785.52521009944,A
2024-11-26,memphis_vs_michigan state_20241126,Team A,Team B,A,Team A,120.0,0.47778973,0.45454545454545453,0.023244275454545493,0.020-0.025,Slight Underdog (+110 to +150),12785.52521009944,0.04261450500000013,544.8488279934103,True,653.8185935920924,13439.343803691532,A
2024-11-26,eastern-michigan_vs_northern arizona_20241126,Team A,Team B,A,Team A,140.0,0.44895118,0.4166666666666667,0.03228451333333332,0.030-0.035,Slight Underdog (+110 to +150),13439.343803691532,0.055344879999999964,743.7988700940509,True,1041.3184181316713,14480.662221823204,A
2024-11-26,mercer_vs_miami (oh)_20241126,Team A,Team B,A,Team A,146.0,0.45066288,0.4065040650406504,0.04415881495934959,0.040-0.045,Slight Underdog (+110 to +150),14480.662221823204,0.07440457863013694,1077.427570900098,False,-1077.427570900098,13403.234650923107,B
2024-11-26,missouri-state_vs_south dakota state_20241126,Team A,Team B,A,Team A,130.0,0.44451612,0.43478260869565216,0.009733511304347853,0.005-0.010,Slight Underdog (+110 to +150),13403.234650923107,0.0172208276923077,230.81479444311475,False,-230.81479444311475,13172.419856479992,B
2024-11-26,virginia_vs_manhattan_20241126,Team A,Team B,A,Team A,-1800.0,0.956525,0.9473684210526315,0.009156578947368432,0.005-0.010,Heavy Favorite (<-300),13172.419856479992,0.17397499999999957,2291.671744531101,True,127.31509691839456,13299.734953398387,A
2024-11-27,brown_vs_stony brook_20241127,Team A,Team B,A,Team A,-450.0,0.8439553,0.8181818181818182,0.02577348181818173,0.025-0.030,Heavy Favorite (<-300),13299.734953398387,0.14175415000000008,1885.292623544279,True,418.95391634317326,13718.68886974156,A
2024-11-27,syracuse_vs_cornell_20241127,Team A,Team B,A,Team A,-485.0,0.8364304,0.8290598290598291,0.007370570940170906,0.005-0.010,Heavy Favorite (<-300),13718.68886974156,0.04311783999999987,591.5202316952957,True,121.96293437016402,13840.651804111723,A
2024-11-27,north-dakota-state_vs_west georgia_20241127,Team A,Team B,A,Team A,-418.0,0.8155871,0.806949806949807,0.008637293050193007,0.005-0.010,Heavy Favorite (<-300),13840.651804111723,0.04474117799999982,619.2470660037812,True,148.14523110138302,13988.797035213107,A
2024-11-27,north-carolina-wilmington_vs_colgate_20241127,Team A,Team B,A,Team A,-380.0,0.793819,0.7916666666666666,0.0021523333333334227,0.000-0.005,Heavy Favorite (<-300),13988.797035213107,0.010331200000000044,144.52105993019427,False,-144.52105993019427,13844.275975282913,B
2024-11-27,villanova_vs_rider_20241127,Team A,Team B,A,Team A,-2000.0,0.9662153,0.9523809523809523,0.013834347619047671,0.010-0.015,Heavy Favorite (<-300),13844.275975282913,0.25,3461.0689938207283,True,173.05344969103658,14017.32942497395,A
2024-11-28,florida_vs_wake forest_20241128,Team A,Team B,A,Team A,-340.0,0.78488535,0.7727272727272727,0.01215807727272733,0.010-0.015,Heavy Favorite (<-300),14017.32942497395,0.05349554000000029,749.864606946875,True,220.54841380790447,14237.877838781855,A
2024-11-28,mississippi_vs_brigham young_20241128,Team A,Team B,A,Team A,121.0,0.49006,0.45248868778280543,0.037571312217194563,0.035-0.040,Slight Underdog (+110 to +150),14237.877838781855,0.0686219834710743,977.0314177160635,True,1182.2080154364369,15420.085854218292,A
2024-11-28,mississippi-state_vs_unlv_20241128,Team A,Team B,A,Team A,-400.0,0.8204456,0.8,0.020445599999999953,0.020-0.025,Heavy Favorite (<-300),15420.085854218292,0.10222799999999999,1576.3645367050274,True,394.09113417625684,15814.176988394549,A
2024-11-29,george-washington_vs_vmi_20241129,Team A,Team B,A,Team A,-2400.0,0.9625562,0.96,0.0025562000000000085,0.000-0.005,Heavy Favorite (<-300),15814.176988394549,0.06390500000000088,1010.6049804433675,True,42.10854085180706,15856.285529246356,A
2024-11-29,arkansas-state_vs_indiana state_20241129,Team A,Team B,A,Team A,-404.0,0.80507207,0.8015873015873016,0.0034847684126984024,0.000-0.005,Heavy Favorite (<-300),15856.285529246356,0.017563232800000193,278.487634093428,True,68.93258269639307,15925.218111942748,A
2024-11-29,louisiana-state_vs_northwestern state_20241129,Team A,Team B,A,Team A,-2500.0,0.9690619,0.9615384615384616,0.0075234384615384675,0.005-0.010,Heavy Favorite (<-300),15925.218111942748,0.19560940000000157,3115.1223597462786,True,124.60489438985125,16049.8230063326,A
2024-11-29,pennsylvania_vs_navy_20241129,Team A,Team B,B,Team B,145.0,0.42832726,0.40816326530612246,0.02016399469387753,0.020-0.025,Slight Underdog (+110 to +150),16049.823006332597,0.03407019793103454,546.8206465838234,True,792.889937546544,16842.71294387914,B
2024-11-29,lafayette_vs_liu_20241129,Team A,Team B,B,Team B,135.0,0.43091630000000003,0.425531914893617,0.005384385106383005,0.005-0.010,Slight Underdog (+110 to +150),16842.71294387914,0.009372818518518561,157.8636917824827,False,-157.8636917824827,16684.849252096657,A
2024-11-29,mississippi_vs_purdue_20241129,Team A,Team B,A,Team A,135.0,0.46077105,0.425531914893617,0.03523913510638299,0.035-0.040,Slight Underdog (+110 to +150),16684.849252096657,0.061342198148148126,1023.4853288940942,False,-1023.4853288940942,15661.363923202563,B
2024-11-29,troy_vs_merrimack_20241129,Team A,Team B,A,Team A,-700.0,0.87515426,0.875,0.00015425999999996165,0.000-0.005,Heavy Favorite (<-300),15661.363923202563,0.0012340799999993608,19.32737599033581,False,-19.32737599033581,15642.036547212228,B
2024-11-29,kennesaw-state_vs_towson_20241129,Team A,Team B,A,Team A,130.0,0.4414124,0.43478260869565216,0.006629791304347821,0.005-0.010,Slight Underdog (+110 to +150),15642.036547212228,0.011729630769230675,183.4753131776113,True,238.51790713089466,15880.554454343122,A
2024-11-30,indiana-state_vs_iona_20241130,Team A,Team B,B,Team B,150.0,0.40815777,0.4,0.008157769999999953,0.005-0.010,Slight Underdog (+110 to +150),15880.554454343122,0.013596283333333329,215.91651785167775,False,-215.91651785167775,15664.637936491445,A
2024-11-30,bucknell_vs_siena_20241130,Team A,Team B,B,Team B,142.0,0.42997854999999996,0.4132231404958678,0.01675540950413218,0.015-0.020,Slight Underdog (+110 to +150),15664.637936491445,0.02855499366197176,447.3036369935956,True,635.1711645309057,16299.80910102235,B
2024-11-30,toledo_vs_oakland_20241130,Team A,Team B,A,Team A,-386.0,0.8135799,0.7942386831275721,0.019341216872427958,0.015-0.020,Heavy Favorite (<-300),16299.80910102235,0.09399831400000021,1532.15457401796,False,-1532.15457401796,14767.65452700439,B
2024-11-30,east-tennessee-state_vs_austin peay_20241130,Team A,Team B,A,Team A,-443.0,0.8370227,0.8158379373848987,0.02118476261510127,0.020-0.025,Heavy Favorite (<-300),14767.65452700439,0.11503326099999994,1698.7714575627267,True,383.46985498029943,15151.12438198469,A
2024-11-30,wright-state_vs_air force_20241130,Team A,Team B,A,Team A,-400.0,0.81636107,0.8,0.016361069999999978,0.015-0.020,Heavy Favorite (<-300),15151.12438198469,0.08180535000000011,1239.4430329617928,True,309.8607582404482,15460.985140225137,A
2024-11-30,eastern-michigan_vs_detroit mercy_20241130,Team A,Team B,A,Team A,-340.0,0.7831493,0.7727272727272727,0.010422027272727341,0.010-0.015,Heavy Favorite (<-300),15460.985140225137,0.04585692000000034,708.9931586964982,False,-708.9931586964982,14751.99198152864,B
2024-12-01,alabama-birmingham_vs_middle tennessee_20241201,Team A,Team B,A,Team A,-355.0,0.78078425,0.7802197802197802,0.000564469780219734,0.000-0.005,Heavy Favorite (<-300),14751.99198152864,0.0025683374999999906,37.888094205859176,False,-37.888094205859176,14714.10388732278,B
2024-12-01,indiana-state_vs_tarleton state_20241201,Team A,Team B,A,Team A,-391.0,0.81867075,0.7963340122199593,0.02233673778004075,0.020-0.025,Heavy Favorite (<-300),14714.10388732278,0.10967338249999992,1613.745543779087,True,412.7226454677971,15126.826532790577,A
2024-12-01,central-florida_vs_california baptist_20241201,Team A,Team B,A,Team A,-525.0,0.84227115,0.84,0.0022711499999999996,0.000-0.005,Heavy Favorite (<-300),15126.826532790577,0.014194687499999734,214.72057549966672,True,40.899157238031755,15167.725690028608,A
2024-12-01,troy_vs_eastern kentucky_20241201,Team A,Team B,A,Team A,-400.0,0.8226831,0.8,0.022683099999999956,0.020-0.025,Heavy Favorite (<-300),15167.725690028608,0.1134155,1720.2551929974397,True,430.06379824935993,15597.78948827797,A
2024-12-01,central-connecticut-state_vs_umass lowell_20241201,Team A,Team B,A,Team A,150.0,0.40260002,0.4,0.0026000199999999807,0.000-0.005,Slight Underdog (+110 to +150),15597.78948827797,0.004333366666666653,67.59094104218727,True,101.3864115632809,15699.17589984125,A
2024-12-03,clemson_vs_kentucky_20241203,Team A,Team B,A,Team A,107.0,0.5290355,0.4830917874396135,0.045943712560386485,0.045-0.050,Pick'em Underdog (+100 to +110),15699.175899841248,0.08888176168224306,1395.3704109373036,True,1493.0463397029152,17192.222239544164,A
2024-12-03,georgia_vs_notre dame_20241203,Team A,Team B,A,Team A,-450.0,0.83623016,0.8181818181818182,0.018048341818181712,0.015-0.020,Heavy Favorite (<-300),17192.222239544164,0.09926588000000003,1706.6010697639226,True,379.2446821697608,17571.466921713924,A
2024-12-03,southern-illinois_vs_bradley_20241203,Team A,Team B,A,Team A,150.0,0.4207459,0.4,0.020745899999999984,0.020-0.025,Slight Underdog (+110 to +150),17571.466921713924,0.03457650000000001,607.5598260186416,False,-607.5598260186416,16963.907095695282,B
2024-12-03,villanova_vs_cincinnati_20241203,Team A,Team B,A,Team A,150.0,0.44273883,0.4,0.042738830000000005,0.040-0.045,Slight Underdog (+110 to +150),16963.907095695282,0.07123138333333334,1208.362569164524,True,1812.5438537467862,18776.450949442067,A
2024-12-03,loyola-il_vs_eastern michigan_20241203,Team A,Team B,A,Team A,-2500.0,0.9665433,0.9615384615384616,0.00500483846153843,0.005-0.010,Heavy Favorite (<-300),18776.450949442067,0.13012580000000054,2443.3007009569187,True,97.73202803827684,18874.182977480345,A
2024-12-03,texas-am_vs_wake forest_20241203,Team A,Team B,A,Team A,-450.0,0.8233025,0.8181818181818182,0.005120681818181816,0.005-0.010,Heavy Favorite (<-300),18874.182977480345,0.02816375000000064,531.5677708320242,True,118.12617129600542,18992.30914877635,A
2024-12-03,arizona-state_vs_san diego_20241203,Team A,Team B,A,Team A,-3200.0,0.9715817,0.9696969696969697,0.0018847303030302687,0.000-0.005,Heavy Favorite (<-300),18992.30914877635,0.062196099999999754,1181.247559048204,True,36.913986220256376,19029.223134996606,A
2024-12-04,colorado-state_vs_loyola marymount_20241204,Team A,Team B,A,Team A,-395.0,0.80082834,0.797979797979798,0.002848542020202016,0.000-0.005,Heavy Favorite (<-300),19029.223134996606,0.014100283000000135,268.3174314736019,True,67.92846366420302,19097.15159866081,A
2024-12-04,virginia-commonwealth_vs_georgia southern_20241204,Team A,Team B,A,Team A,-3000.0,0.9686266,0.967741935483871,0.0008846645161290079,0.000-0.005,Heavy Favorite (<-300),19097.15159866081,0.027424600000003057,523.7317437326916,True,17.457724791089774,19114.6093234519,A
2024-12-04,florida_vs_virginia_20241204,Team A,Team B,A,Team A,-1800.0,0.9497567,0.9473684210526315,0.002388278947368483,0.000-0.005,Heavy Favorite (<-300),19114.6093234519,0.04537730000000056,867.3693616530845,True,48.187186758504716,19162.796510210403,A
2024-12-04,utah-state_vs_wyoming_20241204,Team A,Team B,A,Team A,-2100.0,0.9621027,0.9545454545454546,0.0075572454545453915,0.005-0.010,Heavy Favorite (<-300),19162.796510210403,0.16625940000000045,3185.995050109684,True,151.7140500052232,19314.510560215625,A
2024-12-04,denver_vs_sacramento state_20241204,Team A,Team B,B,Team B,140.0,0.44131785999999995,0.4166666666666667,0.024651193333333266,0.020-0.025,Slight Underdog (+110 to +150),19314.510560215625,0.04225918857142844,816.2155439289982,False,-816.2155439289982,18498.295016286625,A
2024-12-04,iupui_vs_green bay_20241204,Team A,Team B,A,Team A,142.0,0.45637703,0.4132231404958678,0.04315388950413224,0.040-0.045,Slight Underdog (+110 to +150),18498.295016286625,0.07354395253521129,1360.437730660119,True,1931.821577537369,20430.116593823994,A
2024-12-04,north-carolina-state_vs_texas_20241204,Team A,Team B,A,Team A,120.0,0.46560326,0.45454545454545453,0.011057805454545488,0.010-0.015,Slight Underdog (+110 to +150),20430.116593823994,0.02027264333333343,414.1724669650107,False,-414.1724669650107,20015.944126858984,B
2024-12-05,san-francisco_vs_saint louis_20241205,Team A,Team B,A,Team A,-450.0,0.82819694,0.8181818181818182,0.01001512181818176,0.010-0.015,Heavy Favorite (<-300),20015.944126858984,0.05508317000000035,1102.5416530502819,True,245.0092562333961,20260.95338309238,A
2024-12-05,north-carolina-central_vs_radford_20241205,Team A,Team B,A,Team A,130.0,0.448609,0.43478260869565216,0.013826391304347818,0.010-0.015,Slight Underdog (+110 to +150),20260.95338309238,0.024462076923076854,495.62500019208,False,-495.62500019208,19765.328382900298,B
2024-12-06,niagara_vs_siena_20241206,Team A,Team B,B,Team B,120.0,0.48459450000000004,0.45454545454545453,0.03004904545454551,0.030-0.035,Slight Underdog (+110 to +150),19765.328382900298,0.05508991666666684,1088.8702935032823,False,-1088.8702935032823,18676.458089397016,A
2024-12-06,saint-peters_vs_manhattan_20241206,Team A,Team B,A,Team A,-429.0,0.8290551,0.8109640831758034,0.01809101682419667,0.015-0.020,Heavy Favorite (<-300),18676.458089397016,0.0957014790000006,1787.3646616368198,False,-1787.3646616368198,16889.093427760195,B
2024-12-06,west-virginia_vs_georgetown_20241206,Team A,Team B,A,Team A,-392.0,0.80607873,0.7967479674796748,0.009330762520325164,0.005-0.010,Heavy Favorite (<-300),16889.093427760195,0.04590735159999963,775.3335501934303,True,197.78917096771175,17086.88259872791,A
2024-12-07,belmont_vs_middle tennessee_20241207,Team A,Team B,B,Team B,135.0,0.44877285,0.425531914893617,0.023240935106382976,0.020-0.025,Slight Underdog (+110 to +150),17086.88259872791,0.0404564425925926,691.2744849418051,False,-691.2744849418051,16395.608113786104,A
2024-12-07,boston-university_vs_albany (ny)_20241207,Team A,Team B,B,Team B,101.0,0.53717837,0.4975124378109453,0.03966593218905473,0.035-0.040,Pick'em Underdog (+100 to +110),16395.608113786104,0.07893913237623758,1294.2550792830762,False,-1294.2550792830762,15101.353034503027,A
2024-12-07,boise-state_vs_washington state_20241207,Team A,Team B,A,Team A,-400.0,0.8138953,0.8,0.013895299999999944,0.010-0.015,Heavy Favorite (<-300),15101.353034503027,0.06947649999999994,1049.1891541016487,False,-1049.1891541016487,14052.163880401378,B
2024-12-07,south-dakota-state_vs_eastern washington_20241207,Team A,Team B,A,Team A,-533.0,0.8519124,0.8420221169036335,0.009890283096366526,0.005-0.010,Heavy Favorite (<-300),14052.163880401378,0.06260549199999987,879.7426333971557,True,165.0549030763894,14217.218783477767,A
2024-12-07,northern-iowa_vs_northern illinois_20241207,Team A,Team B,A,Team A,-2000.0,0.9621815,0.9523809523809523,0.009800547619047695,0.005-0.010,Heavy Favorite (<-300),14217.218783477767,0.20581150000000112,2926.0671236557505,True,146.30335618278767,14363.522139660554,A
2024-12-07,southern-illinois_vs_southern indiana_20241207,Team A,Team B,A,Team A,-450.0,0.84096694,0.8181818181818182,0.02278512181818182,0.020-0.025,Heavy Favorite (<-300),14363.522139660554,0.12531817000000056,1800.0103092967531,True,400.0022909548342,14763.524430615387,A
2024-12-07,montana-state_vs_kansas city_20241207,Team A,Team B,A,Team A,-395.0,0.8181156,0.797979797979798,0.020135802020202043,0.020-0.025,Heavy Favorite (<-300),14763.524430615387,0.09967222000000037,1471.513255023677,True,372.53500127181695,15136.059431887204,A
2024-12-07,new-mexico_vs_new mexico state_20241207,Team A,Team B,A,Team A,-2400.0,0.96339434,0.96,0.003394340000000051,0.000-0.005,Heavy Favorite (<-300),15136.059431887203,0.08485850000000202,1284.4232993008309,False,-1284.4232993008309,13851.636132586373,B
2024-12-07,george-mason_vs_tulane_20241207,Team A,Team B,A,Team A,-1050.0,0.9130758,0.9130434782608695,3.2321739130480864e-05,0.000-0.005,Heavy Favorite (<-300),13851.636132586373,0.000371700000000925,5.148653150495168,True,0.49034791909477843,13852.126480505467,A
2024-12-07,cal-poly_vs_cal state northridge_20241207,Team A,Team B,A,Team A,137.0,0.44369867,0.4219409282700422,0.021757741729957814,0.020-0.025,Slight Underdog (+110 to +150),13852.126480505467,0.037639305036496484,521.3844140038757,False,-521.3844140038757,13330.74206650159,B
2024-12-07,santa-clara_vs_fresno state_20241207,Team A,Team B,A,Team A,-1600.0,0.9438306,0.9411764705882353,0.002654129411764683,0.000-0.005,Heavy Favorite (<-300),13330.74206650159,0.04512019999999939,601.4857481889569,True,37.59285926180981,13368.3349257634,A
2024-12-07,houston_vs_butler_20241207,Team A,Team B,A,Team A,-2000.0,0.9534198,0.9523809523809523,0.0010388476190477114,0.000-0.005,Heavy Favorite (<-300),13368.3349257634,0.02181580000000167,291.6409210734915,True,14.582046053674587,13382.916971817074,A
2024-12-07,western-carolina_vs_usc upstate_20241207,Team A,Team B,A,Team A,-395.0,0.84046054,0.797979797979798,0.04248074202020202,0.040-0.045,Heavy Favorite (<-300),13382.916971817074,0.2102796730000002,2814.155404619847,False,-2814.155404619847,10568.761567197227,B
2024-12-07,st-bonaventure_vs_buffalo_20241207,Team A,Team B,A,Team A,-2500.0,0.9683529,0.9615384615384616,0.006814438461538397,0.005-0.010,Heavy Favorite (<-300),10568.761567197227,0.1771753999999997,1872.5245581727925,True,74.90098232691176,10643.662549524139,A
2024-12-07,california-riverside_vs_cal state fullerton_20241207,Team A,Team B,A,Team A,-550.0,0.86630076,0.8461538461538461,0.020146913846153858,0.020-0.025,Heavy Favorite (<-300),10643.662549524139,0.13095494000000024,1393.8401905531832,True,253.42548919148794,10897.088038715627,A
2024-12-07,green-bay_vs_cleveland state_20241207,Team A,Team B,B,Team B,109.0,0.48090535,0.4784688995215311,0.00243645047846891,0.000-0.005,Pick'em Underdog (+100 to +110),10897.088038715627,0.004671726146788903,50.9082111143284,True,55.489950114617955,10952.577988830244,B
2024-12-08,army_vs_cornell_20241208,Team A,Team B,A,Team A,150.0,0.41023967,0.4,0.010239669999999979,0.010-0.015,Slight Underdog (+110 to +150),10952.577988830244,0.017066116666666648,186.9179737581421,False,-186.9179737581421,10765.660015072102,B
2024-12-08,northeastern_vs_colgate_20241208,Team A,Team B,A,Team A,-389.0,0.82635456,0.7955010224948875,0.03085353750511244,0.030-0.035,Heavy Favorite (<-300),10765.660015072102,0.1508737983999995,1624.256018756924,True,417.5465343848132,11183.206549456916,A
2024-12-10,davidson_vs_charlotte_20241210,Team A,Team B,A,Team A,-380.0,0.7916717,0.7916666666666666,5.033333333348544e-06,0.000-0.005,Heavy Favorite (<-300),11183.206549456916,2.4159999999723297e-05,0.27018627023178465,True,0.07110165006099595,11183.277651106977,A
2024-12-10,saint-josephs_vs_college of charleston_20241210,Team A,Team B,A,Team A,-342.0,0.78703654,0.7737556561085973,0.013280883891402695,0.010-0.015,Heavy Favorite (<-300),11183.277651106977,0.058701506799999754,656.4752490827415,False,-656.4752490827415,10526.802402024236,B
2024-12-10,california_vs_cornell_20241210,Team A,Team B,A,Team A,-410.0,0.8257203,0.803921568627451,0.021798731372548952,0.020-0.025,Heavy Favorite (<-300),10526.802402024236,0.11117352999999976,1170.301782645511,False,-1170.301782645511,9356.500619378725,B
2024-12-10,portland_vs_kansas city_20241210,Team A,Team B,B,Team B,130.0,0.47599119999999995,0.43478260869565216,0.041208591304347786,0.040-0.045,Slight Underdog (+110 to +150),9356.500619378725,0.07290750769230753,682.1591408804345,True,886.8068831445647,10243.30750252329,B
2024-12-10,arkansas_vs_michigan_20241210,Team A,Team B,A,Team A,145.0,0.42751017,0.40816326530612246,0.019346904693877565,0.015-0.020,Slight Underdog (+110 to +150),10243.30750252329,0.03268959758620695,334.8496002092609,True,485.5319203034284,10728.839422826719,A
2024-12-11,east-carolina_vs_north alabama_20241211,Team A,Team B,A,Team A,-355.0,0.7829968,0.7802197802197802,0.002777019780219825,0.000-0.005,Heavy Favorite (<-300),10728.839422826719,0.012635440000000445,135.5636067967664,False,-135.5636067967664,10593.275816029953,B
2024-12-11,notre-dame_vs_dartmouth_20241211,Team A,Team B,A,Team A,-1800.0,0.96088415,0.9473684210526315,0.013515728947368522,0.010-0.015,Heavy Favorite (<-300),10593.275816029953,0.25,2648.318954007488,True,147.12883077819384,10740.404646808147,A
2024-12-11,pittsburgh_vs_eastern kentucky_20241211,Team A,Team B,A,Team A,-1800.0,0.96401477,0.9473684210526315,0.016646348947368494,0.015-0.020,Heavy Favorite (<-300),10740.404646808147,0.25,2685.1011617020367,True,149.17228676122434,10889.576933569371,A
2024-12-12,arkansas-state_vs_ut arlington_20241212,Team A,Team B,A,Team A,-360.0,0.79627174,0.782608695652174,0.013663044347826059,0.010-0.015,Heavy Favorite (<-300),10889.576933569371,0.06285000399999972,684.4099538331398,True,190.11387606476097,11079.690809634132,A
2024-12-14,georgia-state_vs_charlotte_20241214,Team A,Team B,B,Team B,106.0,0.52543834,0.4854368932038835,0.0400014467961165,0.040-0.045,Pick'em Underdog (+100 to +110),11079.690809634132,0.07773866075471703,861.3203251173038,True,912.9995446243421,11992.690354258475,B
2024-12-14,florida-atlantic_vs_texas state_20241214,Team A,Team B,A,Team A,-455.0,0.8412864,0.8198198198198198,0.021466580180180217,0.020-0.025,Heavy Favorite (<-300),11992.690354258477,0.11913952000000036,1428.803372314989,True,314.02271919010764,12306.713073448584,A
2024-12-14,niagara_vs_saint francis (pa)_20241214,Team A,Team B,B,Team B,150.0,0.44595975,0.4,0.045959749999999966,0.045-0.050,Slight Underdog (+110 to +150),12306.713073448584,0.07659958333333328,942.6890936290469,False,-942.6890936290469,11364.023979819536,A
2024-12-14,eastern-kentucky_vs_eastern illinois_20241214,Team A,Team B,A,Team A,-550.0,0.8560328,0.8461538461538461,0.009878953846153893,0.005-0.010,Heavy Favorite (<-300),11364.023979819536,0.06421320000000054,729.7203446209539,True,132.67642629471894,11496.700406114254,A
2024-12-14,longwood_vs_north carolina central_20241214,Team A,Team B,A,Team A,-375.0,0.83633846,0.7894736842105263,0.04686477578947368,0.045-0.050,Heavy Favorite (<-300),11496.700406114254,0.22260768499999983,2559.253862543652,False,-2559.253862543652,8937.446543570602,B
2024-12-14,utah_vs_radford_20241214,Team A,Team B,A,Team A,-3000.0,0.96915925,0.967741935483871,0.0014173145161290313,0.000-0.005,Heavy Favorite (<-300),8937.446543570602,0.043936750000003744,392.68235442325914,True,13.08941181410868,8950.535955384712,A
2024-12-14,jacksonville-state_vs_utah valley_20241214,Team A,Team B,B,Team B,130.0,0.4485416,0.43478260869565216,0.013758991304347823,0.010-0.015,Slight Underdog (+110 to +150),8950.535955384712,0.024342830769230696,217.88138205584463,False,-217.88138205584463,8732.654573328868,A
2024-12-14,jacksonville_vs_east tennessee state_20241214,Team A,Team B,A,Team A,125.0,0.44674692,0.4444444444444444,0.002302475555555572,0.000-0.005,Slight Underdog (+110 to +150),8732.654573328868,0.004144456000000041,36.192102642360624,True,45.24012830295078,8777.894701631818,A
2024-12-14,brigham-young_vs_wyoming_20241214,Team A,Team B,A,Team A,-1650.0,0.94864136,0.9428571428571428,0.005784217142857151,0.005-0.010,Heavy Favorite (<-300),8777.894701631818,0.101223799999999,888.5318576990301,True,53.85041561812299,8831.74511724994,A
2024-12-14,davidson_vs_detroit mercy_20241214,Team A,Team B,A,Team A,-1600.0,0.95120335,0.9411764705882353,0.010026879411764722,0.010-0.015,Heavy Favorite (<-300),8831.74511724994,0.17045695000000005,1505.4323358638178,True,94.08952099148861,8925.83463824143,A
2024-12-14,arizona-state_vs_florida_20241214,Team A,Team B,B,Team B,-318.0,0.76086093,0.7607655502392344,9.53797607655682e-05,0.000-0.005,Heavy Favorite (<-300),8925.83463824143,0.00039868739999976595,3.558617804748327,True,1.119062202751046,8926.95370044418,B
2024-12-14,california-santa-barbara_vs_green bay_20241214,Team A,Team B,A,Team A,-1100.0,0.92327297,0.9166666666666666,0.006606303333333341,0.005-0.010,Heavy Favorite (<-300),8926.95370044418,0.07927563999999894,707.6899678530713,True,64.33545162300642,8991.289152067187,A
2024-12-14,bradley_vs_santa clara_20241214,Team A,Team B,A,Team A,132.0,0.44731236,0.43103448275862066,0.016277877241379357,0.015-0.020,Slight Underdog (+110 to +150),8991.289152067187,0.028609602424242535,257.237207922047,False,-257.237207922047,8734.05194414514,B
2024-12-15,southern-california_vs_montana state_20241215,Team A,Team B,A,Team A,-450.0,0.83569276,0.8181818181818182,0.017510941818181802,0.015-0.020,Heavy Favorite (<-300),8734.05194414514,0.09631018000000056,841.1781148699732,True,186.92846997110524,8920.980414116246,A
2024-12-15,alabama-birmingham_vs_arkansas state_20241215,Team A,Team B,B,Team B,144.0,0.42634684,0.4098360655737705,0.016510774426229502,0.015-0.020,Slight Underdog (+110 to +150),8920.980414116246,0.02797659000000002,249.5786114437606,True,359.39320047901526,9280.37361459526,B
2024-12-15,loyola-il_vs_san francisco_20241215,Team A,Team B,A,Team A,150.0,0.43695062,0.4,0.03695061999999999,0.035-0.040,Slight Underdog (+110 to +150),9280.37361459526,0.06158436666666667,571.5259314848932,False,-571.5259314848932,8708.847683110367,B
2024-12-15,cal-state-fullerton_vs_denver_20241215,Team A,Team B,B,Team B,135.0,0.44547355,0.425531914893617,0.01994163510638297,0.015-0.020,Slight Underdog (+110 to +150),8708.847683110367,0.034713216666666706,302.3121165408085,False,-302.3121165408085,8406.535566569559,A
2024-12-15,miami-fl_vs_presbyterian_20241215,Team A,Team B,A,Team A,-2500.0,0.9627494,0.9615384615384616,0.0012109384615384133,0.000-0.005,Heavy Favorite (<-300),8406.535566569559,0.03148440000000031,264.6747283921052,True,10.586989135684217,8417.122555705242,A
2024-12-15,arkansas-little-rock_vs_illinoisâchicago_20241215,Team A,Team B,B,Team B,113.0,0.46972936,0.4694835680751174,0.00024579192488261015,0.000-0.005,Slight Underdog (+110 to +150),8417.122555705242,0.0004633069026548198,3.8997109805498167,True,4.406673408021293,8421.529229113263,B
2024-12-15,hofstra_vs_temple_20241215,Team A,Team B,B,Team B,133.0,0.44558850000000005,0.4291845493562232,0.016403950643776866,0.015-0.020,Slight Underdog (+110 to +150),8421.529229113263,0.02873774812030086,242.0157857740084,True,321.8809950794312,8743.410224192694,B
2024-12-17,stanford_vs_merrimack_20241217,Team A,Team B,A,Team A,-1600.0,0.9464415,0.9411764705882353,0.005265029411764766,0.005-0.010,Heavy Favorite (<-300),8743.410224192694,0.08950550000000079,782.5833038214861,True,48.91145648884288,8792.321680681536,A
2024-12-17,cal-poly_vs_denver_20241217,Team A,Team B,A,Team A,-575.0,0.8534026,0.8518518518518519,0.001550748148148151,0.000-0.005,Heavy Favorite (<-300),8792.321680681536,0.01046754999999959,92.03406680861441,True,16.005924662367715,8808.327605343904,A
2024-12-17,wake-forest_vs_james madison_20241217,Team A,Team B,A,Team A,-366.0,0.7904616,0.7854077253218884,0.005053874678111581,0.005-0.010,Heavy Favorite (<-300),8808.327605343904,0.023551056000000146,207.44541669980148,True,56.679075601038676,8865.006680944942,A
2024-12-17,wichita-state_vs_kansas city_20241217,Team A,Team B,A,Team A,-1100.0,0.91732,0.9166666666666666,0.0006533333333333946,0.000-0.005,Heavy Favorite (<-300),8865.006680944942,0.007839999999999493,69.50165237860385,False,-69.50165237860385,8795.505028566338,B
2024-12-17,charlotte_vs_west georgia_20241217,Team A,Team B,A,Team A,-1000.0,0.91101533,0.9090909090909091,0.0019244209090909514,0.000-0.005,Heavy Favorite (<-300),8795.505028566338,0.02116863000000092,186.18879161286833,True,18.61887916128685,8814.123907727626,A
2024-12-17,missouri_vs_jacksonville state_20241217,Team A,Team B,A,Team A,-1800.0,0.9480621,0.9473684210526315,0.0006936789473684923,0.000-0.005,Heavy Favorite (<-300),8814.123907727626,0.013179900000000752,116.16927169146597,True,6.453848427303668,8820.57775615493,A
2024-12-17,michigan-state_vs_oakland_20241217,Team A,Team B,A,Team A,-1800.0,0.9494661,0.9473684210526315,0.002097678947368453,0.000-0.005,Heavy Favorite (<-300),8820.57775615493,0.03985590000000006,351.5520649915358,True,19.530670277307554,8840.108426432236,A
2024-12-18,sacred-heart_vs_albany (ny)_20241218,Team A,Team B,B,Team B,136.0,0.42892664999999996,0.423728813559322,0.00519783644067795,0.005-0.010,Slight Underdog (+110 to +150),8840.108426432236,0.009019775000000018,79.73578898202298,True,108.44067301555128,8948.549099447788,B
2024-12-18,texas-arlington_vs_evansville_20241218,Team A,Team B,A,Team A,-450.0,0.8264114,0.8181818181818182,0.008229581818181786,0.005-0.010,Heavy Favorite (<-300),8948.549099447788,0.045262700000000426,405.0354933235792,True,90.00788740523986,9038.556986853027,A
2024-12-18,indiana-state_vs_murray state_20241218,Team A,Team B,A,Team A,140.0,0.42809477,0.4166666666666667,0.011428103333333328,0.010-0.015,Slight Underdog (+110 to +150),9038.556986853027,0.01959103428571426,177.07467982281986,True,247.9045517519478,9286.461538604975,A
2024-12-18,santa-clara_vs_kennesaw state_20241218,Team A,Team B,A,Team A,-1650.0,0.94718796,0.9428571428571428,0.004330817142857213,0.000-0.005,Heavy Favorite (<-300),9286.461538604975,0.07578930000000014,703.8144194877954,True,42.65541936289665,9329.116957967872,A
2024-12-18,saint-josephs_vs_american_20241218,Team A,Team B,A,Team A,-874.0,0.8987625,0.8973305954825462,0.0014319045174537859,0.000-0.005,Heavy Favorite (<-300),9329.116957967872,0.013946750000000728,130.1108619335452,True,14.886826308185961,9344.003784276058,A
2024-12-18,loyola-marymount_vs_uc santa barbara_20241218,Team A,Team B,B,Team B,115.0,0.46686274000000005,0.46511627906976744,0.0017464609302326184,0.000-0.005,Slight Underdog (+110 to +150),9344.003784276058,0.0032651226086956855,30.509318011777797,False,-30.509318011777797,9313.49446626428,A
2024-12-21,troy_vs_georgia state_20241221,Team A,Team B,A,Team A,-820.0,0.89498866,0.8913043478260869,0.0036843121739130735,0.000-0.005,Heavy Favorite (<-300),9313.49446626428,0.03389567200000065,315.6871536023151,True,38.49843336613602,9351.992899630415,A
2024-12-21,florida-international_vs_iu indy_20241221,Team A,Team B,A,Team A,-395.0,0.82744056,0.797979797979798,0.02946076202020198,0.025-0.030,Heavy Favorite (<-300),9351.992899630415,0.145830772,1363.808344291622,True,345.2679352637018,9697.260834894118,A
2024-12-21,nevada-las-vegas_vs_uc riverside_20241221,Team A,Team B,A,Team A,-430.0,0.8183926,0.8113207547169812,0.007071845283018852,0.005-0.010,Heavy Favorite (<-300),9697.260834894118,0.03748078000000005,363.4608999552832,True,84.52579068727515,9781.786625581393,A
2024-12-21,akron_vs_jackson state_20241221,Team A,Team B,A,Team A,-375.0,0.82770514,0.7894736842105263,0.03823145578947362,0.035-0.040,Heavy Favorite (<-300),9781.786625581393,0.18159941499999965,1776.3667288604017,True,473.69779436277366,10255.484419944167,A
2024-12-21,kentucky_vs_ohio state_20241221,Team A,Team B,A,Team A,-375.0,0.821353,0.7894736842105263,0.03187931578947367,0.030-0.035,Heavy Favorite (<-300),10255.484419944167,0.15142674999999983,1552.9546753877787,False,-1552.9546753877787,8702.529744556388,B
2024-12-21,portland_vs_lafayette_20241221,Team A,Team B,B,Team B,124.0,0.4787376,0.44642857142857145,0.03230902857142853,0.030-0.035,Slight Underdog (+110 to +150),8702.529744556388,0.05836469677419361,507.9205097094342,False,-507.9205097094342,8194.609234846954,A
2024-12-21,weber-state_vs_utah valley_20241221,Team A,Team B,B,Team B,118.0,0.4663796,0.45871559633027525,0.0076640036697247504,0.005-0.010,Slight Underdog (+110 to +150),8194.609234846954,0.01415892203389819,116.02683325446013,True,136.91166324026293,8331.520898087218,B
2024-12-21,liberty_vs_ut arlington_20241221,Team A,Team B,A,Team A,-500.0,0.84008205,0.8333333333333334,0.006748716666666654,0.005-0.010,Heavy Favorite (<-300),8331.520898087218,0.040492300000000016,337.3624436616172,True,67.47248873232343,8398.99338681954,A
2024-12-21,memphis_vs_mississippi state_20241221,Team A,Team B,A,Team A,109.0,0.5049141,0.4784688995215311,0.026445200478468933,0.025-0.030,Pick'em Underdog (+100 to +110),8398.99338681954,0.05070685229357798,425.88651708019665,False,-425.88651708019665,7973.106869739344,B
2024-12-21,southern-illinois_vs_high point_20241221,Team A,Team B,A,Team A,135.0,0.43133003,0.425531914893617,0.005798115106382951,0.005-0.010,Slight Underdog (+110 to +150),7973.106869739344,0.010093015185185197,80.47268870938362,False,-80.47268870938362,7892.63418102996,B
2024-12-21,missouri-kansas-city_vs_east tennessee state_20241221,Team A,Team B,A,Team A,120.0,0.46678084,0.45454545454545453,0.012235385454545444,0.010-0.015,Slight Underdog (+110 to +150),7892.63418102996,0.022431540000000062,177.04393933714127,True,212.45272720456956,8105.08690823453,A
2024-12-21,clemson_vs_wake forest_20241221,Team A,Team B,A,Team A,-425.0,0.8233504,0.8095238095238095,0.013826590476190503,0.010-0.015,Heavy Favorite (<-300),8105.08690823453,0.07258960000000036,588.3450166339842,True,138.43412156093748,8243.521029795467,A
2024-12-21,south-carolina-upstate_vs_youngstown state_20241221,Team A,Team B,B,Team B,-365.0,0.7894451,0.7849462365591398,0.004498863440860257,0.000-0.005,Heavy Favorite (<-300),8243.521029795467,0.02091971500000002,172.45211053982783,True,47.24715357255557,8290.768183368024,B
2024-12-21,abilene-christian_vs_texas southern_20241221,Team A,Team B,A,Team A,-470.0,0.84834224,0.8245614035087719,0.023780836491228086,0.020-0.025,Heavy Favorite (<-300),8290.768183368024,0.1355507680000004,1123.8199945655037,True,239.11063714159664,8529.87882050962,A
2024-12-22,stonehill_vs_new hampshire_20241222,Team A,Team B,A,Team A,-450.0,0.826875,0.8181818181818182,0.008693181818181794,0.005-0.010,Heavy Favorite (<-300),8529.87882050962,0.04781250000000046,407.83483110562014,True,90.62996246791563,8620.508782977537,A
2024-12-22,grand-canyon_vs_saint louis_20241222,Team A,Team B,A,Team A,-500.0,0.84647465,0.8333333333333334,0.013141316666666625,0.010-0.015,Heavy Favorite (<-300),8620.508782977537,0.07884789999999976,679.7090144693325,True,135.94180289386648,8756.450585871404,A
2024-12-22,murray-state_vs_nebraska_20241222,Team A,Team B,B,Team B,-380.0,0.7924705,0.7916666666666666,0.000803833333333337,0.000-0.005,Heavy Favorite (<-300),8756.450585871404,0.003858399999999663,33.78588894052327,True,8.891023405400858,8765.341609276804,B
2024-12-22,colgate_vs_iona_20241222,Team A,Team B,B,Team B,145.0,0.43911225,0.40816326530612246,0.030948984693877524,0.030-0.035,Slight Underdog (+110 to +150),8765.341609276804,0.05229311206896556,458.3669910966788,True,664.6321370901844,9429.973746366988,B
2024-12-23,north-dakota-state_vs_cal state bakersfield_20241223,Team A,Team B,A,Team A,-500.0,0.84057796,0.8333333333333334,0.007244626666666587,0.005-0.010,Heavy Favorite (<-300),9429.973746366988,0.04346775999999956,409.8998356133769,True,81.97996712267536,9511.953713489664,A
2024-12-23,hawaii_vs_nebraska_20241223,Team A,Team B,B,Team B,-395.0,0.79890718,0.797979797979798,0.0009273820202020389,0.000-0.005,Heavy Favorite (<-300),9511.953713489664,0.004590541000000319,43.66501351187959,True,11.054433800475847,9523.00814729014,B
2024-12-25,hawaii_vs_oakland_20241225,Team A,Team B,B,Team B,150.0,0.40589430000000004,0.4,0.005894300000000019,0.005-0.010,Slight Underdog (+110 to +150),9523.00814729014,0.00982383333333344,93.5524448709548,False,-93.5524448709548,9429.455702419185,A
2024-12-28,george-mason_vs_mount st. mary's_20241228,Team A,Team B,A,Team A,-1800.0,0.9486895,0.9473684210526315,0.001321078947368437,0.000-0.005,Heavy Favorite (<-300),9429.455702419185,0.02510049999999971,236.68405285857003,True,13.14911404769834,9442.604816466885,A
2024-12-28,santa-clara_vs_pepperdine_20241228,Team A,Team B,A,Team A,-1600.0,0.9456121,0.9411764705882353,0.004435629411764674,0.000-0.005,Heavy Favorite (<-300),9442.604816466885,0.07540569999999924,712.0262260090498,True,44.50163912556561,9487.10645559245,A
2024-12-28,columbia_vs_fairfield_20241228,Team A,Team B,A,Team A,-472.0,0.83136535,0.8251748251748252,0.006190524825174792,0.005-0.010,Heavy Favorite (<-300),9487.10645559245,0.035409801999999525,335.9365611454459,True,71.17300024267918,9558.279455835129,A
2024-12-28,depaul_vs_loyola (md)_20241228,Team A,Team B,A,Team A,-3000.0,0.968058,0.967741935483871,0.0003160645161289777,0.000-0.005,Heavy Favorite (<-300),9558.279455835129,0.009798000000002149,93.65202210829312,True,3.1217340702764473,9561.401189905406,A
2024-12-29,army_vs_utsa_20241229,Team A,Team B,A,Team A,124.0,0.44895464,0.44642857142857145,0.0025260685714285636,0.000-0.005,Slight Underdog (+110 to +150),9561.401189905406,0.004563220645161362,43.63078330644676,True,54.10217129999399,9615.5033612054,A
2024-12-29,california-riverside_vs_st. thomas_20241229,Team A,Team B,B,Team B,105.0,0.49490076000000005,0.4878048780487805,0.007095881951219574,0.005-0.010,Pick'em Underdog (+100 to +110),9615.5033612054,0.013853864761904805,133.21188318378069,False,-133.21188318378069,9482.291478021618,A
2024-12-29,southern-methodist_vs_longwood_20241229,Team A,Team B,A,Team A,-2500.0,0.96681845,0.9615384615384616,0.005279988461538432,0.005-0.010,Heavy Favorite (<-300),9482.291478021618,0.1372797000000006,1301.7261294153698,True,52.069045176614836,9534.360523198233,A
2024-12-29,drake_vs_belmont_20241229,Team A,Team B,A,Team A,-402.0,0.8176213,0.8007968127490039,0.016824487250996056,0.015-0.020,Heavy Favorite (<-300),9534.360523198233,0.08445892599999993,805.2618498861202,True,200.31389300649755,9734.67441620473,A
2024-12-29,ohio-state_vs_indiana state_20241229,Team A,Team B,A,Team A,-2500.0,0.9691023,0.9615384615384616,0.007563838461538408,0.005-0.010,Heavy Favorite (<-300),9734.67441620473,0.1966598,1914.4191237559392,True,76.57676495023763,9811.251181154968,A
2024-12-29,high-point_vs_norfolk state_20241229,Team A,Team B,A,Team A,-450.0,0.8575548,0.8181818181818182,0.03937298181818172,0.035-0.040,Heavy Favorite (<-300),9811.251181154968,0.2165514,2124.6401790307623,False,-2124.6401790307623,7686.611002124206,B
2024-12-29,indiana_vs_winthrop_20241229,Team A,Team B,A,Team A,-1800.0,0.9478134,0.9473684210526315,0.00044497894736850174,0.000-0.005,Heavy Favorite (<-300),7686.611002124206,0.008454600000000933,64.98722137856647,True,3.6104011876981392,7690.2214033119035,A
2024-12-29,albany-ny_vs_stony brook_20241229,Team A,Team B,A,Team A,-410.0,0.83060753,0.803921568627451,0.026685961372548972,0.025-0.030,Heavy Favorite (<-300),7690.2214033119035,0.13609840299999995,1046.6268517071685,True,255.27484187979718,7945.496245191701,A
2024-12-30,washington-state_vs_loyola marymount_20241230,Team A,Team B,A,Team A,-433.0,0.8230722,0.8123827392120075,0.010689460787992489,0.010-0.015,Heavy Favorite (<-300),7945.496245191701,0.056974826000000436,452.69326605345395,True,104.54809839571688,8050.044343587418,A
2024-12-30,oregon-state_vs_portland_20241230,Team A,Team B,A,Team A,-2400.0,0.9719231,0.96,0.011923100000000075,0.010-0.015,Heavy Favorite (<-300),8050.044343587418,0.25,2012.5110858968544,True,83.85462857903575,8133.898972166453,A
2024-12-30,arkansas_vs_oakland_20241230,Team A,Team B,A,Team A,-1800.0,0.9538911,0.9473684210526315,0.006522678947368465,0.005-0.010,Heavy Favorite (<-300),8133.898972166453,0.12393090000000026,1008.0414201296655,True,56.002301118314776,8189.901273284768,A
2024-12-31,nevada_vs_utah state_20241231,Team A,Team B,B,Team B,142.0,0.45856470000000005,0.4132231404958678,0.04534155950413227,0.045-0.050,Slight Underdog (+110 to +150),8189.901273284767,0.07727223521126766,632.8519775463211,True,898.649808115776,9088.551081400543,B
2024-12-31,brigham-young_vs_arizona state_20241231,Team A,Team B,A,Team A,-465.0,0.8288234,0.8230088495575221,0.005814550442477917,0.005-0.010,Heavy Favorite (<-300),9088.551081400543,0.03285221000000002,298.57898872189793,True,64.21053520901032,9152.761616609554,A
2024-12-31,air-force_vs_unlv_20241231,Team A,Team B,B,Team B,-335.0,0.7949516,0.7701149425287356,0.0248366574712644,0.020-0.025,Heavy Favorite (<-300),9152.761616609554,0.10803945999999989,988.8594225672223,True,295.18191718424544,9447.9435337938,B
2024-12-31,dayton_vs_la salle_20241231,Team A,Team B,A,Team A,-1800.0,0.95003635,0.9473684210526315,0.0026679289473684475,0.000-0.005,Heavy Favorite (<-300),9447.9435337938,0.0506906499999999,478.9223988913037,True,26.606799938405775,9474.550333732204,A
2024-12-31,xavier_vs_seton hall_20241231,Team A,Team B,A,Team A,-487.0,0.8297196,0.8296422487223168,7.735127768315753e-05,0.000-0.005,Heavy Favorite (<-300),9474.550333732204,0.00045405199999973766,4.3019385281292895,True,0.8833549339074513,9475.433688666111,A
2025-01-01,butler_vs_villanova_20250101,Team A,Team B,B,Team B,103.0,0.5013844700000001,0.49261083743842365,0.008773632561576428,0.005-0.010,Pick'em Underdog (+100 to +110),9475.433688666111,0.017291722427184707,163.84656922160931,True,168.76196629825765,9644.19565496437,B
2025-01-01,indiana-state_vs_bradley_20250101,Team A,Team B,A,Team A,140.0,0.42016694,0.4166666666666667,0.0035002733333333036,0.000-0.005,Slight Underdog (+110 to +150),9644.19565496437,0.0060004685714285366,57.86969292432135,False,-57.86969292432135,9586.325962040048,B
2025-01-02,florida-atlantic_vs_memphis_20250102,Team A,Team B,A,Team A,138.0,0.45326844,0.42016806722689076,0.03310037277310923,0.030-0.035,Slight Underdog (+110 to +150),9586.325962040048,0.05708615014492749,547.2464432072346,False,-547.2464432072346,9039.079518832814,B
2025-01-02,georgia-southern_vs_louisianaâmonroe_20250102,Team A,Team B,A,Team A,-500.0,0.84160864,0.8333333333333334,0.008275306666666649,0.005-0.010,Heavy Favorite (<-300),9039.079518832814,0.04965183999999999,448.80693001636376,True,89.76138600327273,9128.840904836086,A
2025-01-02,high-point_vs_radford_20250102,Team A,Team B,A,Team A,-427.0,0.82015455,0.8102466793168881,0.009907870683111941,0.005-0.010,Heavy Favorite (<-300),9128.840904836086,0.052214478500000314,476.6576671554872,True,111.62943024718672,9240.470335083273,A
2025-01-02,west-georgia_vs_florida gulf coast_20250102,Team A,Team B,B,Team B,-375.0,0.80607396,0.7894736842105263,0.01660027578947365,0.015-0.020,Heavy Favorite (<-300),9240.470335083273,0.07885130999999974,728.6231909374527,True,194.29951758332066,9434.769852666594,B
2025-01-02,tennessee-state_vs_southeast missouri state_20250102,Team A,Team B,B,Team B,122.0,0.4655924,0.45045045045045046,0.01514194954954956,0.015-0.020,Slight Underdog (+110 to +150),9434.769852666594,0.027553383606557288,259.95983299010464,True,317.1509962479276,9751.92084891452,B
2025-01-02,indiana_vs_rutgers_20250102,Team A,Team B,A,Team A,-350.0,0.779761,0.7777777777777778,0.0019832222222222473,0.000-0.005,Heavy Favorite (<-300),9751.92084891452,0.008924499999999867,87.03101761613634,True,24.8660050331818,9776.786853947702,A
2025-01-02,liberty_vs_western kentucky_20250102,Team A,Team B,A,Team A,-500.0,0.83882093,0.8333333333333334,0.00548759666666665,0.005-0.010,Heavy Favorite (<-300),9776.786853947702,0.03292557999999988,321.9063777026022,False,-321.9063777026022,9454.8804762451,B
2025-01-02,saint-marys-ca_vs_pepperdine_20250102,Team A,Team B,A,Team A,-2100.0,0.9568835,0.9545454545454546,0.002338045454545412,0.000-0.005,Heavy Favorite (<-300),9454.8804762451,0.051437000000000975,486.33068705662845,True,23.15860414555376,9478.039080390654,A
2025-01-02,college-of-charleston_vs_hampton_20250102,Team A,Team B,A,Team A,-520.0,0.8432801,0.8387096774193549,0.004570422580645106,0.000-0.005,Heavy Favorite (<-300),9478.039080390654,0.028336619999999816,268.5755917661777,True,51.649152262726474,9529.68823265338,A
2025-01-02,old-dominion_vs_arkansas state_20250102,Team A,Team B,B,Team B,-715.0,0.87942918,0.8773006134969326,0.002128566503067475,0.000-0.005,Heavy Favorite (<-300),9529.68823265338,0.017347816999999863,165.31928752712295,True,23.12157867512208,9552.809811328501,B
2025-01-03,marquette_vs_creighton_20250103,Team A,Team B,A,Team A,-528.0,0.84483206,0.8407643312101911,0.004067728789808878,0.000-0.005,Heavy Favorite (<-300),9552.809811328501,0.02554533680000022,244.02974401673313,True,46.21775454862371,9599.027565877124,A
2025-01-03,siena_vs_manhattan_20250103,Team A,Team B,B,Team B,142.0,0.42520547,0.4132231404958678,0.011982329504132194,0.010-0.015,Slight Underdog (+110 to +150),9599.027565877124,0.02042058971830981,196.01780361752284,False,-196.01780361752284,9403.009762259602,A
2025-01-03,saint-louis_vs_saint joseph's_20250103,Team A,Team B,B,Team B,120.0,0.47487897,0.45454545454545453,0.02033351545454548,0.020-0.025,Slight Underdog (+110 to +150),9403.009762259602,0.03727811166666677,350.5264479202712,False,-350.5264479202712,9052.483314339332,A
2025-01-03,iona_vs_marist_20250103,Team A,Team B,B,Team B,150.0,0.43427879999999996,0.4,0.03427879999999994,0.030-0.035,Slight Underdog (+110 to +150),9052.483314339332,0.05713133333333328,517.180441725958,True,775.770662588937,9828.253976928268,B
2025-01-04,california-irvine_vs_uc riverside_20250104,Team A,Team B,A,Team A,-409.0,0.82037294,0.8035363457760314,0.01683659422396866,0.015-0.020,Heavy Favorite (<-300),9828.253976928268,0.08569826460000031,842.2643098708041,True,205.93259410044112,10034.18657102871,A
2025-01-04,saint-marys-ca_vs_portland_20250104,Team A,Team B,A,Team A,-2400.0,0.96936923,0.96,0.009369230000000006,0.005-0.010,Heavy Favorite (<-300),10034.18657102871,0.23423075000000057,2350.315046171989,True,97.92979359049971,10132.116364619209,A
2025-01-04,south-dakota_vs_denver_20250104,Team A,Team B,A,Team A,-505.0,0.8472694,0.8347107438016529,0.012558656198347062,0.010-0.015,Heavy Favorite (<-300),10132.116364619209,0.07597986999999956,769.8368842086356,True,152.44294736804662,10284.559311987256,A
2025-01-04,iowa-state_vs_baylor_20250104,Team A,Team B,A,Team A,-389.0,0.7975275,0.7955010224948875,0.002026477505112423,0.000-0.005,Heavy Favorite (<-300),10284.559311987256,0.0099094749999993,101.9145833881477,True,26.19912169361122,10310.758433680867,A
2025-01-04,florida-state_vs_syracuse_20250104,Team A,Team B,A,Team A,-416.0,0.8368047,0.8062015503875969,0.03060314961240307,0.030-0.035,Heavy Favorite (<-300),10310.758433680867,0.15791225199999984,1628.1950840905367,True,391.3930490602252,10702.151482741092,A
2025-01-04,utah-valley_vs_abilene christian_20250104,Team A,Team B,A,Team A,-430.0,0.83431643,0.8113207547169812,0.022995675283018824,0.020-0.025,Heavy Favorite (<-300),10702.151482741092,0.12187707899999986,1304.3469617320018,True,303.33650272837247,11005.487985469465,A
2025-01-04,villanova_vs_depaul_20250104,Team A,Team B,A,Team A,-442.0,0.8282186,0.8154981549815498,0.012720445018450266,0.010-0.015,Heavy Favorite (<-300),11005.487985469465,0.0689448120000004,758.7713001264553,True,171.66771496073656,11177.155700430201,A
2025-01-04,eastern-michigan_vs_northern illinois_20250104,Team A,Team B,A,Team A,-315.0,0.7603996,0.7590361445783133,0.001363455421686699,0.000-0.005,Heavy Favorite (<-300),11177.155700430201,0.005658339999999801,63.24414718597,True,20.077507043165078,11197.233207473366,A
2025-01-04,west-virginia_vs_oklahoma state_20250104,Team A,Team B,A,Team A,-400.0,0.80238724,0.8,0.0023872399999999017,0.000-0.005,Heavy Favorite (<-300),11197.233207473366,0.01193619999999973,133.65241501104057,True,33.41310375276014,11230.646311226126,A
2025-01-04,louisiana-state_vs_vanderbilt_20250104,Team A,Team B,A,Team A,111.0,0.47516066,0.47393364928909953,0.001227010710900478,0.000-0.005,Slight Underdog (+110 to +150),11230.646311226126,0.002332425765765971,26.194648822508373,False,-26.194648822508373,11204.451662403619,B
2025-01-04,elon_vs_hampton_20250104,Team A,Team B,A,Team A,-403.0,0.81273025,0.8011928429423459,0.011537407057654048,0.010-0.015,Heavy Favorite (<-300),11204.451662403619,0.05803315750000026,650.229708025409,True,161.3473220906723,11365.798984494291,A
2025-01-04,georgia-tech_vs_boston college_20250104,Team A,Team B,A,Team A,-320.0,0.77175784,0.7619047619047619,0.009853078095238166,0.005-0.010,Heavy Favorite (<-300),11365.798984494291,0.041382928000000166,470.35004103780227,True,146.98438782431322,11512.783372318605,A
2025-01-04,oregon-state_vs_san diego_20250104,Team A,Team B,A,Team A,-1650.0,0.9471515,0.9428571428571428,0.004294357142857197,0.000-0.005,Heavy Favorite (<-300),11512.783372318605,0.07515124999999982,865.2000614089566,True,52.43636735811853,11565.219739676724,A
2025-01-04,cal-state-northridge_vs_uc davis_20250104,Team A,Team B,A,Team A,-415.0,0.8353578,0.8058252427184466,0.029532557281553462,0.025-0.030,Heavy Favorite (<-300),11565.219739676724,0.15209266999999985,1758.985149344136,True,423.85184321545427,11989.071582892178,A
2025-01-04,longwood_vs_charleston southern_20250104,Team A,Team B,A,Team A,-410.0,0.8448881,0.803921568627451,0.04096653137254902,0.040-0.045,Heavy Favorite (<-300),11989.071582892178,0.20892931000000017,2504.868453354273,True,610.9435252083592,12600.015108100537,A
2025-01-04,queens-nc_vs_florida gulf coast_20250104,Team A,Team B,A,Team A,140.0,0.43333033,0.4166666666666667,0.0166636633333333,0.015-0.020,Slight Underdog (+110 to +150),12600.015108100537,0.02856627999999996,359.9355595822297,True,503.9097834151215,13103.924891515659,A
2025-01-04,northern-kentucky_vs_green bay_20250104,Team A,Team B,A,Team A,-913.0,0.91329515,0.9012833168805529,0.01201183311944709,0.010-0.015,Heavy Favorite (<-300),13103.924891515659,0.12167986949999983,1594.4838707374247,True,174.6422640457202,13278.567155561379,A
2025-01-04,cleveland-state_vs_iu indy_20250104,Team A,Team B,A,Team A,-530.0,0.8458726,0.8412698412698413,0.004602758730158696,0.000-0.005,Heavy Favorite (<-300),13278.567155561379,0.028997379999999674,385.0436576653281,True,72.64974672930717,13351.216902290686,A
2025-01-04,missouri-kansas-city_vs_oral roberts_20250104,Team A,Team B,A,Team A,-372.0,0.7958907,0.788135593220339,0.0077551067796609585,0.005-0.010,Heavy Favorite (<-300),13351.216902290686,0.03660410399999968,488.7093320180018,True,131.3734763489252,13482.59037863961,A
2025-01-05,marist_vs_quinnipiac_20250105,Team A,Team B,B,Team B,100.0,0.5117204200000001,0.5,0.011720420000000065,0.010-0.015,Pick'em Underdog (+100 to +110),13482.59037863961,0.02344084000000013,316.04324385123226,False,-316.04324385123226,13166.547134788378,A
2025-01-05,siena_vs_iona_20250105,Team A,Team B,B,Team B,130.0,0.43855599999999995,0.43478260869565216,0.003773391304347784,0.000-0.005,Slight Underdog (+110 to +150),13166.547134788378,0.00667599999999982,87.89986867184484,True,114.26982927339829,13280.816964061776,B
2025-01-05,penn-state_vs_indiana_20250105,Team A,Team B,A,Team A,-350.0,0.8026492,0.7777777777777778,0.02487142222222216,0.020-0.025,Heavy Favorite (<-300),13280.816964061776,0.11192139999999946,1486.4076277615366,False,-1486.4076277615366,11794.40933630024,B
2025-01-05,drake_vs_murray state_20250105,Team A,Team B,A,Team A,-500.0,0.8583186,0.8333333333333334,0.024985266666666672,0.020-0.025,Heavy Favorite (<-300),11794.40933630024,0.14991160000000006,1768.1187746597077,False,-1768.1187746597077,10026.290561640531,B
2025-01-06,northwestern-state_vs_mcneese state_20250106,Team A,Team B,B,Team B,-650.0,0.88417044,0.8666666666666667,0.017503773333333306,0.015-0.020,Heavy Favorite (<-300),10026.290561640531,0.1312782999999995,1316.234380238209,True,202.49759695972432,10228.788158600255,B
2025-01-06,wichita-state_vs_south florida_20250106,Team A,Team B,A,Team A,-380.0,0.81683165,0.7916666666666666,0.02516498333333339,0.025-0.030,Heavy Favorite (<-300),10228.788158600255,0.12079191999999987,1235.554960950588,False,-1235.554960950588,8993.233197649666,B
2025-01-07,toledo_vs_eastern michigan_20250107,Team A,Team B,A,Team A,-520.0,0.84215456,0.8387096774193549,0.0034448825806451255,0.000-0.005,Heavy Favorite (<-300),8993.233197649666,0.02135827199999988,192.07992079483026,True,36.938446306698125,9030.171643956364,A
2025-01-07,boise-state_vs_unlv_20250107,Team A,Team B,A,Team A,-360.0,0.8032732,0.782608695652174,0.020664504347826074,0.020-0.025,Heavy Favorite (<-300),9030.171643956364,0.09505671999999989,858.3784975114988,True,238.4384715309718,9268.610115487336,A
2025-01-07,georgia_vs_kentucky_20250107,Team A,Team B,A,Team A,105.0,0.51251584,0.4878048780487805,0.024710961951219468,0.020-0.025,Pick'em Underdog (+100 to +110),9268.610115487336,0.04824521142857126,447.1660546706808,True,469.52435740421475,9738.13447289155,A
2025-01-07,vanderbilt_vs_mississippi state_20250107,Team A,Team B,A,Team A,123.0,0.49102798,0.4484304932735426,0.042597486726457356,0.040-0.045,Slight Underdog (+110 to +150),9738.13447289155,0.0772295897560975,752.0721303311252,False,-752.0721303311252,8986.062342560424,B
2025-01-07,alabama-birmingham_vs_tulane_20250107,Team A,Team B,A,Team A,-380.0,0.80451244,0.7916666666666666,0.012845773333333366,0.010-0.015,Heavy Favorite (<-300),8986.062342560424,0.06165971199999982,554.0780160563195,True,145.8100042253472,9131.87234678577,A
2025-01-07,akron_vs_central michigan_20250107,Team A,Team B,A,Team A,-402.0,0.8396499,0.8007968127490039,0.03885308725099601,0.035-0.040,Heavy Favorite (<-300),9131.87234678577,0.1950424979999997,1781.1031939342163,True,443.06049600353634,9574.932842789307,A
2025-01-07,missouri-state_vs_illinoisâchicago_20250107,Team A,Team B,B,Team B,124.0,0.45247309999999996,0.44642857142857145,0.006044528571428509,0.005-0.010,Slight Underdog (+110 to +150),9574.932842789307,0.010919148387096789,104.55011250690293,True,129.64213950855967,9704.574982297867,B
2025-01-07,wyoming_vs_new mexico_20250107,Team A,Team B,B,Team B,-310.0,0.7659372,0.7560975609756098,0.009839639024390223,0.005-0.010,Heavy Favorite (<-300),9704.574982297867,0.04034251999999977,391.50701031484914,True,126.29258397253196,9830.867566270399,B
2025-01-08,virginia-commonwealth_vs_fordham_20250108,Team A,Team B,A,Team A,-2100.0,0.9570908,0.9545454545454546,0.0025453454545454335,0.000-0.005,Heavy Favorite (<-300),9830.867566270399,0.055997600000001445,550.5049896289975,True,26.214523315666575,9857.082089586065,A
2025-01-08,bucknell_vs_lafayette_20250108,Team A,Team B,B,Team B,145.0,0.43503210000000003,0.40816326530612246,0.026868834693877575,0.025-0.030,Slight Underdog (+110 to +150),9857.082089586065,0.0453990655172415,447.5023155939455,False,-447.5023155939455,9409.57977399212,A
2025-01-08,illinois_vs_penn state_20250108,Team A,Team B,A,Team A,-330.0,0.77811,0.7674418604651163,0.010668139534883658,0.010-0.015,Heavy Favorite (<-300),9409.57977399212,0.04587299999999977,431.6456529723383,True,130.80171302192068,9540.381487014041,A
2025-01-08,mississippi_vs_arkansas_20250108,Team A,Team B,A,Team A,148.0,0.44977134,0.4032258064516129,0.04654553354838714,0.045-0.050,Slight Underdog (+110 to +150),9540.381487014041,0.07799521837837844,744.104137492699,True,1101.2741234891946,10641.655610503236,A
2025-01-08,belmont_vs_southern illinois_20250108,Team A,Team B,A,Team A,-500.0,0.84533286,0.8333333333333334,0.011999526666666593,0.010-0.015,Heavy Favorite (<-300),10641.655610503236,0.07199715999999955,766.1689816542944,True,153.23379633085884,10794.889406834094,A
2025-01-08,san-diego-state_vs_air force_20250108,Team A,Team B,A,Team A,-3000.0,0.9714356,0.967741935483871,0.0036936645161289583,0.000-0.005,Heavy Favorite (<-300),10794.889406834094,0.11450360000000116,1236.0536986843808,True,41.20178995614616,10836.091196790241,A
2025-01-08,east-carolina_vs_temple_20250108,Team A,Team B,B,Team B,140.0,0.43387836,0.4166666666666667,0.017211693333333333,0.015-0.020,Slight Underdog (+110 to +150),10836.091196790241,0.029505759999999985,319.72710619060547,False,-319.72710619060547,10516.364090599636,A
2025-01-08,miami-fl_vs_florida state_20250108,Team A,Team B,B,Team B,126.0,0.4784899,0.4424778761061947,0.03601202389380531,0.035-0.040,Slight Underdog (+110 to +150),10516.364090599636,0.06459299523809521,679.2834556261778,True,855.8971540889838,11372.26124468862,B
2025-01-08,george-mason_vs_richmond_20250108,Team A,Team B,A,Team A,-950.0,0.918349,0.9047619047619048,0.013587095238095204,0.010-0.015,Heavy Favorite (<-300),11372.26124468862,0.14266449999999883,1622.4179643428663,True,170.78083835188048,11543.0420830405,A
2025-01-08,duquesne_vs_saint joseph's_20250108,Team A,Team B,A,Team A,130.0,0.43885455,0.43478260869565216,0.004071941304347848,0.000-0.005,Slight Underdog (+110 to +150),11543.0420830405,0.007204203846153861,83.15842817095624,True,108.1059566222431,11651.148039662743,A
2025-01-08,stanford_vs_virginia tech_20250108,Team A,Team B,A,Team A,-443.0,0.84649885,0.8158379373848987,0.030660912615101288,0.030-0.035,Heavy Favorite (<-300),11651.148039662743,0.16648875550000009,1939.7851372697157,True,437.8747488193489,12089.022788482092,A
2025-01-08,seton-hall_vs_depaul_20250108,Team A,Team B,B,Team B,120.0,0.4839443,0.45454545454545453,0.029398845454545464,0.025-0.030,Slight Underdog (+110 to +150),12089.022788482092,0.05389788333333339,651.5727398676165,False,-651.5727398676165,11437.450048614475,A
2025-01-09,southern-mississippi_vs_louisianaâmonroe_20250109,Team A,Team B,A,Team A,-425.0,0.8297439,0.8095238095238095,0.020220090476190444,0.020-0.025,Heavy Favorite (<-300),11437.450048614475,0.10615547500000004,1214.147942699443,True,285.68186887045727,11723.131917484932,A
2025-01-09,rutgers_vs_purdue_20250109,Team A,Team B,A,Team A,145.0,0.41164812,0.40816326530612246,0.003484854693877548,0.000-0.005,Slight Underdog (+110 to +150),11723.131917484932,0.00588820275862072,69.0281776962094,False,-69.0281776962094,11654.103739788723,B
2025-01-09,william-mary_vs_elon_20250109,Team A,Team B,B,Team B,123.0,0.48089420000000005,0.4484304932735426,0.03246370672645743,0.030-0.035,Slight Underdog (+110 to +150),11654.103739788723,0.05885696422764235,685.9251669179778,False,-685.9251669179778,10968.178572870745,A
2025-01-09,san-francisco_vs_portland_20250109,Team A,Team B,A,Team A,-3000.0,0.97120833,0.967741935483871,0.0034663945161289567,0.000-0.005,Heavy Favorite (<-300),10968.178572870745,0.10745823000000128,1178.6210557646305,True,39.28736852548781,11007.465941396233,A
2025-01-09,california-davis_vs_cal state fullerton_20250109,Team A,Team B,A,Team A,-400.0,0.8242706,0.8,0.02427059999999992,0.020-0.025,Heavy Favorite (<-300),11007.465941396233,0.12135299999999982,1335.789014386255,True,333.94725359656377,11341.413194992796,A
2025-01-09,wright-state_vs_oakland_20250109,Team A,Team B,B,Team B,140.0,0.44102204,0.4166666666666667,0.02435537333333332,0.020-0.025,Slight Underdog (+110 to +150),11341.413194992796,0.04175206857142852,473.5274614142434,False,-473.5274614142434,10867.885733578552,A
2025-01-09,western-illinois_vs_ut martin_20250109,Team A,Team B,B,Team B,102.0,0.53569713,0.49504950495049505,0.04064762504950492,0.040-0.045,Pick'em Underdog (+100 to +110),10867.885733578552,0.08049823784313721,874.845650633644,True,892.3425636463169,11760.228297224869,B
2025-01-09,middle-tennessee_vs_kennesaw state_20250109,Team A,Team B,A,Team A,-450.0,0.8197154,0.8181818181818182,0.0015335818181817507,0.000-0.005,Heavy Favorite (<-300),11760.228297224869,0.008434700000000208,99.19399761860504,True,22.04311058191224,11782.27140780678,A
2025-01-09,dixie-state_vs_ut arlington_20250109,Team A,Team B,A,Team A,150.0,0.40450788,0.4,0.004507879999999964,0.000-0.005,Slight Underdog (+110 to +150),11782.27140780678,0.007513133333333292,88.5217760563729,True,132.78266408455934,11915.05407189134,A
2025-01-09,bellarmine_vs_jacksonville_20250109,Team A,Team B,B,Team B,-325.0,0.76861548,0.7647058823529411,0.003909597647058893,0.000-0.005,Heavy Favorite (<-300),11915.05407189134,0.016615790000000137,197.97803629719303,True,60.91631886067478,11975.970390752014,B
2025-01-09,utah-valley_vs_grand canyon_20250109,Team A,Team B,A,Team A,143.0,0.42284256,0.411522633744856,0.011319926255143997,0.010-0.015,Slight Underdog (+110 to +150),11975.970390752014,0.01923595860139846,230.3692706480795,True,329.4280570267536,12305.398447778767,A
2025-01-09,new-hampshire_vs_albany (ny)_20250109,Team A,Team B,B,Team B,-650.0,0.87997616,0.8666666666666667,0.013309493333333311,0.010-0.015,Heavy Favorite (<-300),12305.398447778767,0.09982119999999953,1228.339639535408,True,188.9753291592934,12494.37377693806,B
2025-01-09,chattanooga_vs_unc greensboro_20250109,Team A,Team B,B,Team B,147.0,0.44154804999999997,0.4048582995951417,0.03668975040485828,0.035-0.040,Slight Underdog (+110 to +150),12494.37377693806,0.06164876428571418,770.262703872063,True,1132.2861746919323,13626.659951629992,B
2025-01-09,samford_vs_vmi_20250109,Team A,Team B,A,Team A,-2400.0,0.9643827,0.96,0.004382700000000073,0.000-0.005,Heavy Favorite (<-300),13626.659951629992,0.10956750000000251,1493.0390642502534,True,62.209961010427335,13688.869912640419,A
2025-01-09,troy_vs_texas state_20250109,Team A,Team B,A,Team A,-315.0,0.7726553,0.7590361445783133,0.01361915542168679,0.010-0.015,Heavy Favorite (<-300),13688.869912640419,0.05651949500000014,773.6880145831325,False,-773.6880145831325,12915.181898057286,B
2025-01-10,niagara_vs_saint peter's_20250110,Team A,Team B,B,Team B,103.0,0.5291874,0.49261083743842365,0.03657656256157632,0.035-0.040,Pick'em Underdog (+100 to +110),12915.181898057286,0.07208778834951464,931.0268991626364,False,-931.0268991626364,11984.15499889465,A
2025-01-10,buffalo_vs_kent state_20250110,Team A,Team B,B,Team B,-625.0,0.8933036599999999,0.8620689655172413,0.031234694482758618,0.030-0.035,Heavy Favorite (<-300),11984.15499889465,0.22645153499999918,2713.830295177607,True,434.2128472284169,12418.367846123067,B
2025-01-11,davidson_vs_fordham_20250111,Team A,Team B,A,Team A,-450.0,0.8315826,0.8181818181818182,0.013400781818181717,0.010-0.015,Heavy Favorite (<-300),12418.367846123067,0.07370430000000013,915.28710924101,True,203.3971353868912,12621.764981509958,A
2025-01-11,stetson_vs_north alabama_20250111,Team A,Team B,B,Team B,-355.0,0.80964904,0.7802197802197802,0.02942925978021982,0.025-0.030,Heavy Favorite (<-300),12621.764981509958,0.13390313200000034,1690.0938623921097,True,476.0827781386226,13097.84775964858,B
2025-01-11,south-carolina-state_vs_delaware state_20250111,Team A,Team B,A,Team A,-485.0,0.8550158,0.8290598290598291,0.02595597094017088,0.025-0.030,Heavy Favorite (<-300),13097.84775964858,0.15184242999999975,1988.8090315950933,False,-1988.8090315950933,11109.038728053487,B
2025-01-11,saint-marys-ca_vs_san diego_20250111,Team A,Team B,A,Team A,-1650.0,0.9493411,0.9428571428571428,0.006483957142857211,0.005-0.010,Heavy Favorite (<-300),11109.038728053487,0.11346925000000006,1260.5342926931837,True,76.39601773898076,11185.434745792467,A
2025-01-11,colgate_vs_boston university_20250111,Team A,Team B,B,Team B,140.0,0.4616662,0.4166666666666667,0.04499953333333334,0.040-0.045,Slight Underdog (+110 to +150),11185.434745792467,0.07714205714285716,862.8674463276224,False,-862.8674463276224,10322.567299464845,A
2025-01-11,illinois-chicago_vs_bradley_20250111,Team A,Team B,A,Team A,135.0,0.43779653,0.425531914893617,0.012264615106382992,0.010-0.015,Slight Underdog (+110 to +150),10322.567299464845,0.021349515185185183,220.38180731002072,False,-220.38180731002072,10102.185492154824,B
2025-01-11,boston-college_vs_syracuse_20250111,Team A,Team B,B,Team B,104.0,0.4910514,0.49019607843137253,0.0008553215686274984,0.000-0.005,Pick'em Underdog (+100 to +110),10102.185492154824,0.0016777461538462234,16.948902854903874,True,17.62685896910003,10119.812351123925,B
2025-01-11,howard_vs_morgan state_20250111,Team A,Team B,A,Team A,-463.0,0.8224153,0.822380106571936,3.519342806390657e-05,0.000-0.005,Heavy Favorite (<-300),10119.812351123925,0.00019813899999949236,2.005129499434206,True,0.43307332601170745,10120.245424449937,A
2025-01-11,stanford_vs_virginia_20250111,Team A,Team B,A,Team A,-375.0,0.80714446,0.7894736842105263,0.017670775789473625,0.015-0.020,Heavy Favorite (<-300),10120.245424449937,0.08393618499999958,849.4547921920291,True,226.5212779178744,10346.766702367811,A
2025-01-11,kansas-state_vs_houston_20250111,Team A,Team B,B,Team B,-652.0,0.87534606,0.8670212765957447,0.008324783404255354,0.005-0.010,Heavy Favorite (<-300),10346.766702367811,0.0626023712000003,647.7321298214327,True,99.34541868426882,10446.11212105208,B
2025-01-11,portland-state_vs_idaho_20250111,Team A,Team B,B,Team B,125.0,0.46796819999999995,0.4444444444444444,0.023523755555555526,0.020-0.025,Slight Underdog (+110 to +150),10446.11212105208,0.042342759999999924,442.3172184747984,False,-442.3172184747984,10003.794902577281,A
2025-01-11,utah_vs_oklahoma state_20250111,Team A,Team B,A,Team A,-323.0,0.7805252,0.7635933806146572,0.016931819385342828,0.015-0.020,Heavy Favorite (<-300),10003.794902577281,0.0716215960000002,716.4877569792515,True,221.82283497809644,10225.617737555378,A
2025-01-11,winthrop_vs_longwood_20250111,Team A,Team B,B,Team B,130.0,0.44008094,0.43478260869565216,0.005298331304347814,0.005-0.010,Slight Underdog (+110 to +150),10225.617737555378,0.009373970769230685,95.85464176917093,False,-95.85464176917093,10129.763095786207,A
2025-01-11,tulane_vs_south florida_20250111,Team A,Team B,B,Team B,145.0,0.41264385000000003,0.40816326530612246,0.004480584693877576,0.000-0.005,Slight Underdog (+110 to +150),10129.763095786207,0.007570643103448386,76.68882112067983,False,-76.68882112067983,10053.074274665527,A
2025-01-11,st-bonaventure_vs_la salle_20250111,Team A,Team B,A,Team A,-815.0,0.8956076,0.8907103825136612,0.004897217486338756,0.000-0.005,Heavy Favorite (<-300),10053.074274665527,0.04480953999999921,450.473633833588,False,-450.473633833588,9602.600640831939,B
2025-01-11,california_vs_virginia tech_20250111,Team A,Team B,A,Team A,-310.0,0.7660866,0.7560975609756098,0.00998903902439019,0.005-0.010,Heavy Favorite (<-300),9602.600640831939,0.04095505999999964,393.2750854013071,False,-393.2750854013071,9209.325555430632,B
2025-01-11,alcorn-state_vs_alabama a&m_20250111,Team A,Team B,B,Team B,147.0,0.42380977,0.4048582995951417,0.018951470404858284,0.015-0.020,Slight Underdog (+110 to +150),9209.325555430632,0.03184362714285703,293.2583292243178,False,-293.2583292243178,8916.067226206314,A
2025-01-11,jackson-state_vs_alabama state_20250111,Team A,Team B,B,Team B,128.0,0.45835079999999995,0.43859649122807015,0.019754308771929796,0.015-0.020,Slight Underdog (+110 to +150),8916.067226206314,0.03518736249999996,313.7328895628907,False,-313.7328895628907,8602.334336643424,A
2025-01-11,georgia_vs_oklahoma_20250111,Team A,Team B,A,Team A,-305.0,0.7579756,0.7530864197530864,0.004889180246913538,0.000-0.005,Heavy Favorite (<-300),8602.334336643424,0.01980117999999968,170.33637062005425,True,55.84799036723089,8658.182327010654,A
2025-01-11,montana_vs_northern colorado_20250111,Team A,Team B,B,Team B,130.0,0.44098170000000003,0.43478260869565216,0.00619909130434787,0.005-0.010,Slight Underdog (+110 to +150),8658.182327010654,0.010967623076923066,94.95968029392951,True,123.44758438210835,8781.629911392763,B
2025-01-11,hampton_vs_delaware_20250111,Team A,Team B,A,Team A,124.0,0.45758024,0.44642857142857145,0.011151668571428575,0.010-0.015,Slight Underdog (+110 to +150),8781.629911392763,0.020144949677419394,176.90549265072815,True,219.36281088690293,9000.992722279667,A
2025-01-11,murray-state_vs_valparaiso_20250111,Team A,Team B,A,Team A,-330.0,0.7758631,0.7674418604651163,0.008421239534883718,0.005-0.010,Heavy Favorite (<-300),9000.992722279667,0.03621132999999997,325.9379177940671,True,98.76906599820214,9099.761788277869,A
2025-01-11,georgia-state_vs_coastal carolina_20250111,Team A,Team B,B,Team B,140.0,0.4418033,0.4166666666666667,0.025136633333333325,0.025-0.030,Slight Underdog (+110 to +150),9099.761788277869,0.04309137142857142,392.1212151302029,False,-392.1212151302029,8707.640573147666,A
2025-01-11,sam-houston-state_vs_florida international_20250111,Team A,Team B,A,Team A,-387.0,0.8166912,0.7946611909650924,0.022030009034907594,0.020-0.025,Heavy Favorite (<-300),8707.640573147666,0.10728614399999942,934.209180430958,True,241.3977210415911,8949.038294189257,A
2025-01-11,seattle_vs_abilene christian_20250111,Team A,Team B,A,Team A,-421.0,0.83836424,0.8080614203454894,0.030302819654510538,0.030-0.035,Heavy Favorite (<-300),8949.038294189257,0.15787769039999963,1412.8534971877523,True,335.59465491395525,9284.632949103212,A
2025-01-12,penn-state_vs_oregon_20250112,Team A,Team B,A,Team A,130.0,0.4467669,0.43478260869565216,0.01198429130434786,0.010-0.015,Slight Underdog (+110 to +150),9284.632949103212,0.02120297692307696,196.86185815907538,False,-196.86185815907538,9087.771090944138,B
2025-01-12,purdue_vs_nebraska_20250112,Team A,Team B,A,Team A,-400.0,0.8172356,0.8,0.017235599999999907,0.015-0.020,Heavy Favorite (<-300),9087.771090944138,0.08617799999999975,783.1659370753816,True,195.7914842688454,9283.562575212984,A
2025-01-12,colorado_vs_west virginia_20250112,Team A,Team B,B,Team B,125.0,0.44507337,0.4444444444444444,0.0006289255555556039,0.000-0.005,Slight Underdog (+110 to +150),9283.562575212984,0.001132066000000087,10.50960555027187,True,13.137006937839837,9296.699582150823,B
2025-01-12,merrimack_vs_manhattan_20250112,Team A,Team B,A,Team A,-361.0,0.78457344,0.7830802603036876,0.0014931796963123523,0.000-0.005,Heavy Favorite (<-300),9296.699582150823,0.00688355839999982,63.99437450098912,True,17.726973545980368,9314.426555696802,A
2025-01-13,maryland_vs_minnesota_20250113,Team A,Team B,A,Team A,-1600.0,0.941591,0.9411764705882353,0.0004145294117646747,0.000-0.005,Heavy Favorite (<-300),9314.426555696802,0.007046999999999248,65.63876393798836,True,4.102422746124272,9318.528978442926,A
2025-01-14,xavier_vs_villanova_20250114,Team A,Team B,B,Team B,130.0,0.4404802,0.43478260869565216,0.005697591304347827,0.005-0.010,Slight Underdog (+110 to +150),9318.528978442926,0.01008035384615375,93.93406942834233,False,-93.93406942834233,9224.594909014584,A
2025-01-14,akron_vs_toledo_20250114,Team A,Team B,A,Team A,-337.0,0.78000796,0.7711670480549199,0.008840911945080077,0.005-0.010,Heavy Favorite (<-300),9224.594909014584,0.0386347851999998,356.3902428667902,True,105.75378126610985,9330.348690280694,A
2025-01-14,ohio_vs_ball state_20250114,Team A,Team B,A,Team A,-490.0,0.85136634,0.8305084745762712,0.020857865423728805,0.020-0.025,Heavy Favorite (<-300),9330.348690280694,0.12306140599999997,1148.2058282962005,True,234.32772006044908,9564.676410341144,A
2025-01-15,st-bonaventure_vs_richmond_20250115,Team A,Team B,A,Team A,-1000.0,0.92225426,0.9090909090909091,0.013163350909090932,0.010-0.015,Heavy Favorite (<-300),9564.676410341144,0.1447968600000006,1384.935111133475,True,138.4935111133476,9703.169921454491,A
2025-01-15,south-alabama_vs_southern mississippi_20250115,Team A,Team B,A,Team A,-900.0,0.9024069,0.9,0.0024068999999999896,0.000-0.005,Heavy Favorite (<-300),9703.169921454491,0.024069000000000496,233.54559683949296,True,25.949510759943674,9729.119432214435,A
2025-01-15,washington_vs_purdue_20250115,Team A,Team B,B,Team B,-356.0,0.79211433,0.7807017543859649,0.011412575614035081,0.010-0.015,Heavy Favorite (<-300),9729.119432214435,0.05204134479999994,506.31645897225104,True,142.2237244304076,9871.343156644842,B
2025-01-15,vanderbilt_vs_south carolina_20250115,Team A,Team B,A,Team A,-450.0,0.8381173,0.8181818181818182,0.01993548181818172,0.015-0.020,Heavy Favorite (<-300),9871.343156644842,0.10964515000000012,1082.3449011117984,True,240.52108913595532,10111.864245780796,A
2025-01-15,north-carolina-greensboro_vs_the citadel_20250115,Team A,Team B,A,Team A,-1600.0,0.9446637,0.9411764705882353,0.003487229411764714,0.000-0.005,Heavy Favorite (<-300),10111.864245780796,0.059282899999999916,599.4606368961976,True,37.46628980601235,10149.330535586809,A
2025-01-15,oakland_vs_iu indy_20250115,Team A,Team B,A,Team A,-460.0,0.8284549,0.8214285714285714,0.007026328571428597,0.005-0.010,Heavy Favorite (<-300),10149.330535586809,0.03934744000000026,399.35017428917246,True,86.81525528025492,10236.145790867064,A
2025-01-15,colorado_vs_cincinnati_20250115,Team A,Team B,A,Team A,150.0,0.4080519,0.4,0.0080519,0.005-0.010,Slight Underdog (+110 to +150),10236.145790867064,0.013419833333333372,137.36737048913793,False,-137.36737048913793,10098.778420377927,B
2025-01-15,texas-state_vs_georgia state_20250115,Team A,Team B,A,Team A,-498.0,0.8340958,0.8327759197324415,0.001319880267558582,0.000-0.005,Heavy Favorite (<-300),10098.778420377927,0.007892884000000535,79.70848661375162,True,16.005720203564586,10114.78414058149,A
2025-01-16,nebraska_vs_rutgers_20250116,Team A,Team B,A,Team A,-425.0,0.83233833,0.8095238095238095,0.02281452047619048,0.020-0.025,Heavy Favorite (<-300),10114.78414058149,0.11977623250000025,1211.5107369096038,False,-1211.5107369096038,8903.273403671887,B
2025-01-16,north-dakota-state_vs_kansas city_20250116,Team A,Team B,A,Team A,-444.0,0.8416464,0.8161764705882353,0.025469929411764736,0.025-0.030,Heavy Favorite (<-300),8903.273403671887,0.1385564159999998,1233.605653480896,True,277.83911114434585,9181.112514816232,A
2025-01-16,south-dakota_vs_oral roberts_20250116,Team A,Team B,A,Team A,-329.0,0.7732623,0.7668997668997669,0.006362533100233048,0.005-0.010,Heavy Favorite (<-300),9181.112514816232,0.02729526699999969,250.60091744894765,True,76.17049162581993,9257.283006442052,A
2025-01-16,northwestern_vs_maryland_20250116,Team A,Team B,A,Team A,120.0,0.45553303,0.45454545454545453,0.0009875754545454751,0.000-0.005,Slight Underdog (+110 to +150),9257.283006442052,0.0018105550000000836,16.760820033729463,True,20.112984040475357,9277.395990482528,A
2025-01-16,morehead-state_vs_western illinois_20250116,Team A,Team B,A,Team A,-400.0,0.8187292,0.8,0.0187292,0.015-0.020,Heavy Favorite (<-300),9277.395990482528,0.09364600000000023,868.791024924729,True,217.19775623118224,9494.59374671371,A
2025-01-16,longwood_vs_high point_20250116,Team A,Team B,A,Team A,149.0,0.41458645,0.40160642570281124,0.012980024297188753,0.010-0.015,Slight Underdog (+110 to +150),9494.59374671371,0.02169145000000009,205.95150552715398,True,306.8677432354595,9801.46148994917,A
2025-01-16,portland_vs_pacific_20250116,Team A,Team B,B,Team B,145.0,0.44756720000000005,0.40816326530612246,0.039403934693877596,0.035-0.040,Slight Underdog (+110 to +150),9801.46148994917,0.06657906206896569,652.5721129059027,False,-652.5721129059027,9148.889377043268,A
2025-01-16,albany-ny_vs_bryant_20250116,Team A,Team B,A,Team A,136.0,0.43324405,0.423728813559322,0.009515236440677977,0.005-0.010,Slight Underdog (+110 to +150),9148.889377043268,0.01651173382352949,151.06402617465494,False,-151.06402617465494,8997.825350868612,B
2025-01-16,liberty_vs_utep_20250116,Team A,Team B,A,Team A,-425.0,0.8151403,0.8095238095238095,0.0056164904761905055,0.005-0.010,Heavy Favorite (<-300),8997.825350868612,0.029486575000000424,265.3150520452925,False,-265.3150520452925,8732.51029882332,B
2025-01-17,villanova_vs_providence_20250117,Team A,Team B,A,Team A,-500.0,0.8338123,0.8333333333333334,0.0004789666666665804,0.000-0.005,Heavy Favorite (<-300),8732.51029882332,0.0028737999999994828,25.09548809675394,True,5.019097619350787,8737.529396442671,A
2025-01-17,ohio-state_vs_indiana_20250117,Team A,Team B,A,Team A,-345.0,0.7826508,0.7752808988764045,0.007369901123595479,0.005-0.010,Heavy Favorite (<-300),8737.529396442671,0.03279605999999982,286.5565383374961,False,-286.5565383374961,8450.972858105175,B
2025-01-18,south-alabama_vs_troy_20250118,Team A,Team B,B,Team B,143.0,0.44169295,0.411522633744856,0.030170316255143992,0.030-0.035,Slight Underdog (+110 to +150),8450.972858105175,0.05126843951048936,433.2681907805525,False,-433.2681907805525,8017.704667324622,A
2025-01-18,mount-st-marys_vs_quinnipiac_20250118,Team A,Team B,A,Team A,142.0,0.4162014,0.4132231404958678,0.002978259504132219,0.000-0.005,Slight Underdog (+110 to +150),8017.704667324622,0.005075625352112663,40.694865075224875,False,-40.694865075224875,7977.009802249398,B
2025-01-18,marist_vs_rider_20250118,Team A,Team B,A,Team A,-395.0,0.8367204,0.797979797979798,0.03874060202020202,0.035-0.040,Heavy Favorite (<-300),7977.009802249398,0.19176598000000017,1529.7191021979634,False,-1529.7191021979634,6447.290700051434,B
2025-01-18,stetson_vs_west georgia_20250118,Team A,Team B,B,Team B,100.0,0.53234032,0.5,0.03234031999999998,0.030-0.035,Pick'em Underdog (+100 to +110),6447.290700051434,0.06468063999999996,417.0148887453745,False,-417.0148887453745,6030.27581130606,A
2025-01-18,south-florida_vs_tulsa_20250118,Team A,Team B,A,Team A,-450.0,0.8442293,0.8181818181818182,0.026047481818181728,0.025-0.030,Heavy Favorite (<-300),6030.275811306061,0.14326115000000006,863.9042475448895,True,191.97872167664218,6222.254532982703,A
2025-01-18,oklahoma_vs_south carolina_20250118,Team A,Team B,A,Team A,-326.0,0.786585,0.7652582159624414,0.02132678403755861,0.020-0.025,Heavy Favorite (<-300),6222.254532982703,0.09085209999999996,565.3048910559976,True,173.40640829938576,6395.660941282088,A
2025-01-18,gardner-webb_vs_usc upstate_20250118,Team A,Team B,A,Team A,-310.0,0.76108867,0.7560975609756098,0.004991109024390261,0.000-0.005,Heavy Favorite (<-300),6395.660941282088,0.020463546999999967,130.87790826799005,True,42.218680086448394,6437.879621368536,A
2025-01-18,james-madison_vs_appalachian state_20250118,Team A,Team B,B,Team B,140.0,0.43830919999999995,0.4166666666666667,0.02164253333333327,0.020-0.025,Slight Underdog (+110 to +150),6437.879621368536,0.03710148571428564,238.8548988024954,True,334.3968583234935,6772.27647969203,B
2025-01-18,marquette_vs_xavier_20250118,Team A,Team B,A,Team A,-550.0,0.8547263,0.8461538461538461,0.008572453846153905,0.005-0.010,Heavy Favorite (<-300),6772.27647969203,0.05572095000000057,377.35767911109946,False,-377.35767911109946,6394.918800580931,B
2025-01-18,george-mason_vs_george washington_20250118,Team A,Team B,A,Team A,-400.0,0.8345899,0.8,0.03458989999999995,0.030-0.035,Heavy Favorite (<-300),6394.918800580931,0.17294949999999998,1105.9980091010716,True,276.4995022752679,6671.418302856199,A
2025-01-18,utah_vs_brigham young_20250118,Team A,Team B,A,Team A,102.0,0.49702787,0.49504950495049505,0.0019783650495049376,0.000-0.005,Pick'em Underdog (+100 to +110),6671.418302856199,0.00391793862745094,26.1382074686435,True,26.660971618016372,6698.079274474216,A
2025-01-18,washington-state_vs_portland_20250118,Team A,Team B,A,Team A,-1800.0,0.9572173,0.9473684210526315,0.009848878947368522,0.005-0.010,Heavy Favorite (<-300),6698.079274474216,0.1871287000000013,1253.402867129312,True,69.63349261829514,6767.712767092511,A
2025-01-18,maryland-baltimore-county_vs_maine_20250118,Team A,Team B,B,Team B,130.0,0.45237039999999995,0.43478260869565216,0.01758779130434779,0.015-0.020,Slight Underdog (+110 to +150),6767.712767092511,0.03111686153846135,210.5899811056948,True,273.7669754374032,7041.479742529914,B
2025-01-18,illinois-state_vs_missouri state_20250118,Team A,Team B,A,Team A,-447.0,0.8360735,0.8171846435100548,0.018888856489945205,0.015-0.020,Heavy Favorite (<-300),7041.479742529914,0.10332204500000026,727.540086824266,True,162.7606458219835,7204.240388351897,A
2025-01-18,north-dakota_vs_kansas city_20250118,Team A,Team B,B,Team B,126.0,0.44751096,0.4424778761061947,0.005033083893805301,0.005-0.010,Slight Underdog (+110 to +150),7204.240388351897,0.009027594920634879,65.03696393691824,False,-65.03696393691824,7139.203424414979,A
2025-01-18,texas-southern_vs_alcorn state_20250118,Team A,Team B,A,Team A,-440.0,0.8439285,0.8148148148148148,0.0291136851851852,0.025-0.030,Heavy Favorite (<-300),7139.203424414979,0.15721389999999993,1122.3820132456335,True,255.08682119218946,7394.290245607169,A
2025-01-18,campbell_vs_monmouth_20250118,Team A,Team B,B,Team B,131.0,0.45134399999999997,0.4329004329004329,0.01844356709956707,0.015-0.020,Slight Underdog (+110 to +150),7394.290245607169,0.03252262595419845,240.48173585466014,False,-240.48173585466014,7153.808509752509,A
2025-01-18,fairfield_vs_canisius_20250118,Team A,Team B,A,Team A,-500.0,0.8379194,0.8333333333333334,0.0045860666666666106,0.000-0.005,Heavy Favorite (<-300),7153.808509752509,0.027516399999999726,196.84705647775198,False,-196.84705647775198,6956.961453274757,B
2025-01-18,njit_vs_new hampshire_20250118,Team A,Team B,B,Team B,142.0,0.43396480000000004,0.4132231404958678,0.02074165950413226,0.020-0.025,Slight Underdog (+110 to +150),6956.961453274757,0.03534846197183105,245.91788737057723,False,-245.91788737057723,6711.0435659041805,A
2025-01-18,seattle_vs_southern utah_20250118,Team A,Team B,A,Team A,-455.0,0.8321193,0.8198198198198198,0.012299480180180233,0.010-0.015,Heavy Favorite (<-300),6711.0435659041805,0.06826211500000046,458.11002766576433,True,100.6835225639043,6811.727088468085,A
2025-01-18,northern-kentucky_vs_wright state_20250118,Team A,Team B,B,Team B,105.0,0.4963493,0.4878048780487805,0.008544421951219516,0.005-0.010,Pick'em Underdog (+100 to +110),6811.727088468085,0.016681966666666586,113.63300423225442,True,119.31465444386713,6931.041742911952,B
2025-01-18,pennsylvania_vs_cornell_20250118,Team A,Team B,B,Team B,-354.0,0.79135963,0.7797356828193832,0.011623947180616767,0.010-0.015,Heavy Favorite (<-300),6931.041742911952,0.052772720200000026,365.7699265932129,True,103.32483802068164,7034.366580932633,B
2025-01-18,south-dakota_vs_north dakota state_20250118,Team A,Team B,A,Team A,142.0,0.41346517,0.4132231404958678,0.00024202950413221291,0.000-0.005,Slight Underdog (+110 to +150),7034.366580932633,0.0004124728169013848,2.9014849987542464,False,-2.9014849987542464,7031.465095933879,B
2025-01-19,milwaukee_vs_robert morris_20250119,Team A,Team B,A,Team A,-450.0,0.8359534,0.8181818181818182,0.017771581818181725,0.015-0.020,Heavy Favorite (<-300),7031.465095933878,0.09774370000000004,687.2814148974326,False,-687.2814148974326,6344.183681036446,B
2025-01-19,maryland_vs_nebraska_20250119,Team A,Team B,A,Team A,-500.0,0.8512497,0.8333333333333334,0.017916366666666628,0.015-0.020,Heavy Favorite (<-300),6344.183681036446,0.10749819999999982,681.9883261807909,True,136.39766523615813,6480.581346272604,A
2025-01-19,florida-atlantic_vs_rice_20250119,Team A,Team B,A,Team A,-500.0,0.83554053,0.8333333333333334,0.0022071966666665777,0.000-0.005,Heavy Favorite (<-300),6480.581346272604,0.013243179999999497,85.82350527332716,True,17.16470105466543,6497.7460473272695,A
2025-01-19,green-bay_vs_youngstown state_20250119,Team A,Team B,B,Team B,-355.0,0.79457945,0.7802197802197802,0.014359669780219741,0.010-0.015,Heavy Favorite (<-300),6497.7460473272695,0.06533649749999997,424.5399683768328,True,119.5887234864318,6617.334770813702,B
2025-01-20,wagner_vs_saint francis (pa)_20250120,Team A,Team B,B,Team B,127.0,0.4526859,0.44052863436123346,0.012157265638766512,0.010-0.015,Slight Underdog (+110 to +150),6617.334770813702,0.021729915748031462,143.79412704630082,False,-143.79412704630082,6473.540643767401,A
2025-01-20,northwestern-state_vs_new orleans_20250120,Team A,Team B,A,Team A,-455.0,0.8304419,0.8198198198198198,0.010622080180180182,0.010-0.015,Heavy Favorite (<-300),6473.540643767401,0.05895254500000017,381.6316961110278,True,83.87509804637978,6557.415741813781,A
2025-01-21,duquesne_vs_dayton_20250121,Team A,Team B,A,Team A,137.0,0.4381631,0.4219409282700422,0.016222171729957824,0.015-0.020,Slight Underdog (+110 to +150),6557.415741813781,0.028063172992700846,184.0218923475799,False,-184.0218923475799,6373.393849466202,B
2025-01-21,miami-oh_vs_bowling green_20250121,Team A,Team B,A,Team A,-514.0,0.8436705,0.8371335504885994,0.006536949511400603,0.005-0.010,Heavy Favorite (<-300),6373.393849466202,0.040136869999999776,255.80808039482307,True,49.768109026230164,6423.161958492432,A
2025-01-21,virginia_vs_boston college_20250121,Team A,Team B,A,Team A,-380.0,0.7964724,0.7916666666666666,0.00480573333333334,0.000-0.005,Heavy Favorite (<-300),6423.161958492432,0.0230675199999996,148.16641694076077,True,38.99116235283177,6462.153120845263,A
2025-01-21,nevada-las-vegas_vs_wyoming_20250121,Team A,Team B,A,Team A,-404.0,0.82408,0.8015873015873016,0.02249269841269841,0.020-0.025,Heavy Favorite (<-300),6462.153120845263,0.1133632000000002,732.5703566690071,False,-732.5703566690071,5729.582764176256,B
2025-01-21,toledo_vs_kent state_20250121,Team A,Team B,B,Team B,100.0,0.51106966,0.5,0.011069659999999981,0.010-0.015,Pick'em Underdog (+100 to +110),5729.582764176256,0.022139319999999962,126.84906628258246,True,126.84906628258246,5856.431830458839,B
2025-01-21,west-virginia_vs_arizona state_20250121,Team A,Team B,A,Team A,-415.0,0.819671,0.8058252427184466,0.013845757281553461,0.010-0.015,Heavy Favorite (<-300),5856.431830458839,0.07130564999999986,417.5966783515565,False,-417.5966783515565,5438.835152107282,B
2025-01-22,california_vs_florida state_20250122,Team A,Team B,A,Team A,145.0,0.41130635,0.40816326530612246,0.003143084693877529,0.000-0.005,Slight Underdog (+110 to +150),5438.835152107282,0.005310729310344891,28.884181256430256,True,41.88206282182388,5480.7172149291055,A
2025-01-22,clemson_vs_syracuse_20250122,Team A,Team B,A,Team A,-1800.0,0.9499931,0.9473684210526315,0.0026246789473685084,0.000-0.005,Heavy Favorite (<-300),5480.7172149291055,0.04986890000000111,273.31733871958414,True,15.184296595532459,5495.9015115246375,A
2025-01-22,st-johns-ny_vs_xavier_20250122,Team A,Team B,A,Team A,-310.0,0.77859503,0.7560975609756098,0.022497469024390204,0.020-0.025,Heavy Favorite (<-300),5495.9015115246375,0.09223962299999965,506.93988346816076,True,163.5289946671486,5659.430506191786,A
2025-01-22,north-carolina-greensboro_vs_mercer_20250122,Team A,Team B,A,Team A,-405.0,0.8180696,0.801980198019802,0.016089401980197926,0.015-0.020,Heavy Favorite (<-300),5659.430506191786,0.08125147999999974,459.8371045852303,False,-459.8371045852303,5199.593401606556,B
2025-01-22,south-carolina_vs_florida_20250122,Team A,Team B,B,Team B,-700.0,0.88096137,0.875,0.005961369999999966,0.005-0.010,Heavy Favorite (<-300),5199.593401606556,0.04769095999999936,247.97360093227886,True,35.42480013318268,5235.018201739738,B
2025-01-23,california-davis_vs_hawaii_20250123,Team A,Team B,B,Team B,122.0,0.4741383,0.45045045045045046,0.023687849549549556,0.020-0.025,Slight Underdog (+110 to +150),5235.018201739738,0.04310411967213105,225.65085105357397,False,-225.65085105357397,5009.367350686164,A
2025-01-23,siena_vs_mount st. mary's_20250123,Team A,Team B,B,Team B,137.0,0.4334679,0.4219409282700422,0.011526971729957813,0.010-0.015,Slight Underdog (+110 to +150),5009.367350686164,0.01994081970802923,99.89089119132083,False,-99.89089119132083,4909.476459494844,A
2025-01-23,southern-illinois-edwardsville_vs_southern indiana_20250123,Team A,Team B,A,Team A,-310.0,0.7561504,0.7560975609756098,5.28390243902388e-05,0.000-0.005,Heavy Favorite (<-300),4909.476459494844,0.00021663999999989308,1.063588980184438,True,0.3430932194143348,4909.819552714258,A
2025-01-23,southern-utah_vs_grand canyon_20250123,Team A,Team B,B,Team B,-625.0,0.87769458,0.8620689655172413,0.015625614482758676,0.015-0.020,Heavy Favorite (<-300),4909.819552714258,0.11328570499999971,556.2123694520179,True,88.99397911232282,4998.81353182658,B
2025-01-23,portland_vs_san diego_20250123,Team A,Team B,B,Team B,124.0,0.4663726,0.44642857142857145,0.019944028571428574,0.015-0.020,Slight Underdog (+110 to +150),4998.81353182658,0.036027922580645244,180.09686691972985,False,-180.09686691972985,4818.71666490685,A
2025-01-24,saint-francis-pa_vs_liu_20250124,Team A,Team B,B,Team B,101.0,0.50043342,0.4975124378109453,0.0029209821890547327,0.000-0.005,Pick'em Underdog (+100 to +110),4818.71666490685,0.00581304376237618,28.011410851594917,False,-28.011410851594917,4790.705254055256,A
2025-01-24,marquette_vs_villanova_20250124,Team A,Team B,A,Team A,-500.0,0.83430856,0.8333333333333334,0.0009752266666666065,0.000-0.005,Heavy Favorite (<-300),4790.705254055256,0.005851359999999723,28.032141095367436,True,5.606428219073486,4796.3116822743295,A
2025-01-25,louisiana-tech_vs_middle tennessee_20250125,Team A,Team B,B,Team B,124.0,0.45391159999999997,0.44642857142857145,0.007483028571428518,0.005-0.010,Slight Underdog (+110 to +150),4796.3116822743295,0.013517729032258114,64.83524167523846,False,-64.83524167523846,4731.476440599091,A
2025-01-25,south-carolina_vs_mississippi state_20250125,Team A,Team B,B,Team B,-305.0,0.7615397,0.7530864197530864,0.008453280246913608,0.005-0.010,Heavy Favorite (<-300),4731.476440599091,0.03423578499999999,161.9858101529157,True,53.110101689480544,4784.586542288572,B
2025-01-25,mississippi_vs_missouri_20250125,Team A,Team B,A,Team A,142.0,0.42417908,0.4132231404958678,0.010955939504132206,0.010-0.015,Slight Underdog (+110 to +150),4784.586542288572,0.018671389859154893,89.33488064593581,False,-89.33488064593581,4695.251661642636,B
2025-01-25,north-alabama_vs_austin peay_20250125,Team A,Team B,A,Team A,-900.0,0.9117657,0.9,0.01176569999999999,0.010-0.015,Heavy Favorite (<-300),4695.251661642636,0.11765700000000046,552.4292247538897,True,61.38102497265444,4756.63268661529,A
2025-01-25,utah_vs_baylor_20250125,Team A,Team B,A,Team A,128.0,0.44603103,0.43859649122807015,0.007434538771929844,0.005-0.010,Slight Underdog (+110 to +150),4756.63268661529,0.01324277218750008,62.99100304846275,False,-62.99100304846275,4693.641683566828,B
2025-01-25,georgia-state_vs_james madison_20250125,Team A,Team B,B,Team B,-357.0,0.79462934,0.7811816192560175,0.013447720743982483,0.010-0.015,Heavy Favorite (<-300),4693.641683566828,0.061456083799999534,288.45283663245385,True,80.7991139026481,4774.440797469476,B
2025-01-25,niagara_vs_sacred heart_20250125,Team A,Team B,B,Team B,107.0,0.51687232,0.4830917874396135,0.033780532560386545,0.030-0.035,Pick'em Underdog (+100 to +110),4774.440797469476,0.06535112373831801,312.01507133670145,True,333.8561263302706,5108.296923799747,B
2025-01-25,indiana-state_vs_northern iowa_20250125,Team A,Team B,A,Team A,148.0,0.41350543,0.4032258064516129,0.010279623548387129,0.010-0.015,Slight Underdog (+110 to +150),5108.296923799747,0.017225315135135172,87.99202431629222,False,-87.99202431629222,5020.304899483454,B
2025-01-25,loyola-md_vs_holy cross_20250125,Team A,Team B,B,Team B,140.0,0.42846673999999996,0.4166666666666667,0.011800073333333272,0.010-0.015,Slight Underdog (+110 to +150),5020.304899483454,0.020228697142857008,101.55422737645199,True,142.17591832703278,5162.480817810487,B
2025-01-25,north-carolina_vs_boston college_20250125,Team A,Team B,A,Team A,-2400.0,0.9694052,0.96,0.009405200000000002,0.005-0.010,Heavy Favorite (<-300),5162.480817810487,0.23513000000000053,1213.8541146917826,True,50.57725477882436,5213.058072589311,A
2025-01-25,akron_vs_miami (oh)_20250125,Team A,Team B,A,Team A,-355.0,0.78405195,0.7802197802197802,0.0038321697802198296,0.000-0.005,Heavy Favorite (<-300),5213.058072589311,0.017436372500000394,90.89682241780133,True,25.604738709239818,5238.662811298551,A
2025-01-25,san-francisco_vs_san diego_20250125,Team A,Team B,A,Team A,-2100.0,0.96649283,0.9545454545454546,0.011947375454545384,0.010-0.015,Heavy Favorite (<-300),5238.662811298551,0.25,1309.6657028246377,True,62.36503346783996,5301.02784476639,A
2025-01-25,nevada_vs_san diego state_20250125,Team A,Team B,B,Team B,124.0,0.4629331,0.44642857142857145,0.016504528571428534,0.015-0.020,Slight Underdog (+110 to +150),5301.02784476639,0.029814632258064588,158.0481957814706,True,195.97976276902358,5497.007607535414,B
2025-01-25,bradley_vs_illinois state_20250125,Team A,Team B,A,Team A,-450.0,0.8341881,0.8181818181818182,0.016006281818181756,0.015-0.020,Heavy Favorite (<-300),5497.007607535414,0.08803455000000027,483.9265910759582,True,107.5392424613241,5604.546849996737,A
2025-01-25,missouri-state_vs_drake_20250125,Team A,Team B,B,Team B,-410.0,0.81642063,0.803921568627451,0.01249906137254897,0.010-0.015,Heavy Favorite (<-300),5604.546849996737,0.06374521299999988,357.2630327215204,True,87.13732505402936,5691.6841750507665,B
2025-01-25,auburn_vs_tennessee_20250125,Team A,Team B,A,Team A,-310.0,0.7650758,0.7560975609756098,0.008978239024390211,0.005-0.010,Heavy Favorite (<-300),5691.6841750507665,0.03681077999999976,209.51533399727387,True,67.58559161202382,5759.26976666279,A
2025-01-25,kansas-state_vs_west virginia_20250125,Team A,Team B,B,Team B,135.0,0.4287242,0.425531914893617,0.003192285106382975,0.000-0.005,Slight Underdog (+110 to +150),5759.26976666279,0.005556940740740757,32.00392080328497,False,-32.00392080328497,5727.265845859505,A
2025-01-25,north-carolina-state_vs_smu_20250125,Team A,Team B,A,Team A,130.0,0.44906846,0.43478260869565216,0.01428585130434784,0.010-0.015,Slight Underdog (+110 to +150),5727.265845859505,0.025274967692307658,144.7564592193561,False,-144.7564592193561,5582.509386640149,B
2025-01-25,cal-state-bakersfield_vs_uc riverside_20250125,Team A,Team B,B,Team B,103.0,0.51714516,0.49261083743842365,0.02453432256157634,0.020-0.025,Pick'em Underdog (+100 to +110),5582.509386640149,0.04835405320388354,269.93695589277706,True,278.03506456956046,5860.54445120971,B
2025-01-25,louisiana-monroe_vs_appalachian state_20250125,Team A,Team B,B,Team B,-632.0,0.88148108,0.8633879781420765,0.018093101857923566,0.015-0.020,Heavy Favorite (<-300),5860.54445120971,0.1324415056,776.1793307539398,True,122.81318524587651,5983.3576364555865,B
2025-01-25,texas-san-antonio_vs_temple_20250125,Team A,Team B,A,Team A,120.0,0.468048,0.45454545454545453,0.01350254545454549,0.010-0.015,Slight Underdog (+110 to +150),5983.3576364555865,0.024754666666666755,148.11602383791308,True,177.73922860549573,6161.096865061082,A
2025-01-25,robert-morris_vs_oakland_20250125,Team A,Team B,B,Team B,105.0,0.48960899999999996,0.4878048780487805,0.001804121951219484,0.000-0.005,Pick'em Underdog (+100 to +110),6161.096865061082,0.0035223333333331414,21.70143685769897,False,-21.70143685769897,6139.395428203383,A
2025-01-25,stony-brook_vs_north carolina a&t_20250125,Team A,Team B,B,Team B,114.0,0.48731243999999996,0.4672897196261682,0.020022720373831737,0.020-0.025,Slight Underdog (+110 to +150),6139.395428203383,0.03758651017543843,230.75844873320662,False,-230.75844873320662,5908.636979470176,A
2025-01-25,creighton_vs_seton hall_20250125,Team A,Team B,A,Team A,-1700.0,0.9458652,0.9444444444444444,0.0014207555555555418,0.000-0.005,Heavy Favorite (<-300),5908.636979470176,0.025573599999999495,151.1051186581755,True,8.888536391657386,5917.525515861833,A
2025-01-26,wisconsin_vs_nebraska_20250126,Team A,Team B,A,Team A,-355.0,0.7961188,0.7802197802197802,0.015899019780219792,0.015-0.020,Heavy Favorite (<-300),5917.525515861833,0.07234054000000022,428.0769912812248,True,120.58506796654223,6038.110583828375,A
2025-01-26,texas-tech_vs_oklahoma state_20250126,Team A,Team B,A,Team A,-2400.0,0.96548617,0.96,0.005486170000000068,0.005-0.010,Heavy Favorite (<-300),6038.110583828375,0.13715425000000223,828.1525285420563,True,34.50635535591908,6072.616939184294,A
2025-01-26,memphis_vs_uab_20250126,Team A,Team B,A,Team A,-305.0,0.767347,0.7530864197530864,0.014260580246913568,0.010-0.015,Heavy Favorite (<-300),6072.616939184294,0.05775534999999989,350.72611673851696,True,114.99216942246456,6187.609108606759,A
2025-01-26,illinois_vs_northwestern_20250126,Team A,Team B,A,Team A,-360.0,0.8007996,0.782608695652174,0.018190904347825998,0.015-0.020,Heavy Favorite (<-300),6187.609108606759,0.08367815999999952,517.7677450074508,True,143.82437361318074,6331.43348221994,A
2025-01-27,boston-university_vs_holy cross_20250127,Team A,Team B,B,Team B,140.0,0.44646850000000005,0.4166666666666667,0.02980183333333336,0.025-0.030,Slight Underdog (+110 to +150),6331.43348221994,0.05108885714285718,323.46570068263725,False,-323.46570068263725,6007.9677815373025,A
2025-01-27,michigan_vs_penn state_20250127,Team A,Team B,A,Team A,-410.0,0.81758875,0.803921568627451,0.013667181372548964,0.010-0.015,Heavy Favorite (<-300),6007.9677815373025,0.06970262499999988,418.7711252885758,True,102.13929885087214,6110.107080388175,A
2025-01-27,jackson-state_vs_florida a&m_20250127,Team A,Team B,A,Team A,-410.0,0.81151587,0.803921568627451,0.007594301372549017,0.005-0.010,Heavy Favorite (<-300),6110.107080388175,0.03873093700000018,236.65017239376942,False,-236.65017239376942,5873.456907994406,B
2025-01-28,louisville_vs_wake forest_20250128,Team A,Team B,A,Team A,-485.0,0.8451001,0.8290598290598291,0.01604027094017091,0.015-0.020,Heavy Favorite (<-300),5873.456907994406,0.09383558499999987,551.1392649339455,True,113.63696184205058,5987.093869836456,A
2025-01-28,seton-hall_vs_providence_20250128,Team A,Team B,A,Team A,143.0,0.41372913,0.411522633744856,0.0022064962551440193,0.000-0.005,Slight Underdog (+110 to +150),5987.093869836456,0.003749500629370571,22.44861223305248,False,-22.44861223305248,5964.6452576034035,B
2025-01-28,miami-oh_vs_eastern michigan_20250128,Team A,Team B,A,Team A,-470.0,0.83551234,0.8245614035087719,0.010950936491228025,0.010-0.015,Heavy Favorite (<-300),5964.6452576034035,0.062420338000000124,372.31517302970224,True,79.21599426163881,6043.8612518650425,A
2025-01-28,georgia_vs_south carolina_20250128,Team A,Team B,A,Team A,-337.0,0.77811474,0.7711670480549199,0.006947691945080159,0.005-0.010,Heavy Favorite (<-300),6043.8612518650425,0.030361413800000184,183.5001724176617,True,54.45108973817855,6098.312341603221,A
2025-01-28,morehead-state_vs_southern indiana_20250128,Team A,Team B,A,Team A,-330.0,0.76951545,0.7674418604651163,0.0020735895348836797,0.000-0.005,Heavy Favorite (<-300),6098.312341603221,0.008916434999999846,54.37520560360198,True,16.477335031394535,6114.789676634616,A
2025-01-28,wyoming_vs_fresno state_20250128,Team A,Team B,A,Team A,-400.0,0.8352303,0.8,0.03523029999999994,0.035-0.040,Heavy Favorite (<-300),6114.789676634616,0.1761514999999999,1077.129373723702,True,269.2823434309255,6384.072020065541,A
2025-01-28,texas-am_vs_oklahoma_20250128,Team A,Team B,A,Team A,-410.0,0.8325164,0.803921568627451,0.028594831372549034,0.025-0.030,Heavy Favorite (<-300),6384.072020065541,0.14583364000000026,931.0124607083127,True,227.07620992885674,6611.148229994398,A
2025-01-28,colorado_vs_arizona state_20250128,Team A,Team B,B,Team B,145.0,0.43490916,0.40816326530612246,0.02674589469387756,0.025-0.030,Slight Underdog (+110 to +150),6611.148229994398,0.045191339310344934,298.7666428926632,True,433.2116321943617,7044.3598621887595,B
2025-01-29,queens-nc_vs_north alabama_20250129,Team A,Team B,A,Team A,144.0,0.43217328,0.4098360655737705,0.02233721442622949,0.020-0.025,Slight Underdog (+110 to +150),7044.3598621887595,0.037849168888888896,266.6231661380925,True,383.93735923885316,7428.297221427612,A
2025-01-29,florida-atlantic_vs_utsa_20250129,Team A,Team B,A,Team A,-440.0,0.8338454,0.8148148148148148,0.01903058518518519,0.015-0.020,Heavy Favorite (<-300),7428.297221427612,0.10276515999999981,763.3701524875627,True,173.4932164744461,7601.790437902058,A
2025-01-29,kansas-state_vs_oklahoma state_20250129,Team A,Team B,A,Team A,-312.0,0.7786395,0.7572815533980582,0.02135794660194179,0.020-0.025,Heavy Favorite (<-300),7601.790437902058,0.0879947400000001,668.9175731176786,True,214.39665805053798,7816.187095952596,A
2025-01-29,northwestern_vs_rutgers_20250129,Team A,Team B,A,Team A,-480.0,0.83291614,0.8275862068965517,0.005329933103448314,0.005-0.010,Heavy Favorite (<-300),7816.187095952596,0.030913611999999903,241.62657520368455,False,-241.62657520368455,7574.560520748912,B
2025-01-29,wofford_vs_vmi_20250129,Team A,Team B,A,Team A,-777.0,0.88982266,0.8859749144811858,0.003847745518814172,0.000-0.005,Heavy Favorite (<-300),7574.560520748912,0.033744728199999165,255.60148600711616,False,-255.60148600711616,7318.959034741795,B
2025-01-29,drake_vs_northern iowa_20250129,Team A,Team B,A,Team A,-325.0,0.782179,0.7647058823529411,0.017473117647058833,0.015-0.020,Heavy Favorite (<-300),7318.959034741795,0.07426074999999982,543.5113871392005,True,167.23427296590785,7486.193307707703,A
2025-01-29,george-washington_vs_richmond_20250129,Team A,Team B,A,Team A,-395.0,0.8159516,0.797979797979798,0.017971802020201988,0.015-0.020,Heavy Favorite (<-300),7486.193307707703,0.08896042000000005,665.9749008548669,True,168.60124072275113,7654.794548430454,A
2025-01-29,temple_vs_charlotte_20250129,Team A,Team B,A,Team A,-455.0,0.8386688,0.8198198198198198,0.01884898018018022,0.015-0.020,Heavy Favorite (<-300),7654.794548430454,0.10461184000000025,800.7821425332808,True,175.9960752820398,7830.7906237124935,A
2025-01-29,miami-fl_vs_virginia_20250129,Team A,Team B,B,Team B,122.0,0.49497736000000003,0.45045045045045046,0.044526909549549576,0.040-0.045,Slight Underdog (+110 to +150),7830.790623712493,0.08102437639344261,634.4849269539222,True,774.071610883785,8604.862234596278,B
2025-01-30,austin-peay_vs_bellarmine_20250130,Team A,Team B,A,Team A,-418.0,0.82629704,0.806949806949807,0.019347233050193036,0.015-0.020,Heavy Favorite (<-300),8604.862234596278,0.10021866719999992,862.3678245908519,True,206.30809200738076,8811.170326603658,A
2025-01-30,pacific_vs_washington state_20250130,Team A,Team B,B,Team B,-700.0,0.8790289,0.875,0.004028900000000002,0.000-0.005,Heavy Favorite (<-300),8811.170326603658,0.03223119999999967,283.9945930308249,False,-283.9945930308249,8527.175733572834,A
2025-01-30,western-kentucky_vs_utep_20250130,Team A,Team B,B,Team B,125.0,0.46850382999999995,0.4444444444444444,0.024059385555555535,0.020-0.025,Slight Underdog (+110 to +150),8527.175733572834,0.043306893999999915,369.28549561321023,False,-369.28549561321023,8157.890237959624,A
2025-01-30,california-santa-barbara_vs_cal state northridge_20250130,Team A,Team B,B,Team B,148.0,0.43310493000000005,0.4032258064516129,0.029879123548387176,0.025-0.030,Slight Underdog (+110 to +150),8157.890237959623,0.05006772054054063,408.44696863456693,True,604.501513579159,8762.391751538782,B
2025-01-30,stonehill_vs_wagner_20250130,Team A,Team B,B,Team B,141.0,0.42249703000000005,0.4149377593360996,0.0075592706639004414,0.005-0.010,Slight Underdog (+110 to +150),8762.391751538782,0.012920455531915056,113.21409297897611,False,-113.21409297897611,8649.177658559805,A
2025-01-30,weber-state_vs_idaho_20250130,Team A,Team B,B,Team B,105.0,0.51839155,0.4878048780487805,0.030586671951219557,0.030-0.035,Pick'em Underdog (+100 to +110),8649.177658559805,0.05971683571428575,516.5015212998866,True,542.3265973648809,9191.504255924687,B
2025-01-30,south-alabama_vs_louisianaâmonroe_20250130,Team A,Team B,A,Team A,-1700.0,0.94756305,0.9444444444444444,0.0031186055555555425,0.000-0.005,Heavy Favorite (<-300),9191.504255924687,0.0561348999999995,515.9641722559021,False,-515.9641722559021,8675.540083668784,B
2025-01-30,california-baptist_vs_abilene christian_20250130,Team A,Team B,A,Team A,-310.0,0.7644391,0.7560975609756098,0.008341539024390277,0.005-0.010,Heavy Favorite (<-300),8675.540083668784,0.034200310000000025,296.70616027889855,True,95.71166460609629,8771.25174827488,A
2025-01-30,robert-morris_vs_iu indy_20250130,Team A,Team B,A,Team A,-440.0,0.8478874,0.8148148148148148,0.03307258518518519,0.030-0.035,Heavy Favorite (<-300),8771.25174827488,0.17859195999999977,1566.4750413778356,True,356.017054858599,9127.26880313348,A
2025-01-31,kent-state_vs_akron_20250131,Team A,Team B,B,Team B,150.0,0.42320270000000004,0.4,0.02320270000000002,0.020-0.025,Slight Underdog (+110 to +150),9127.26880313348,0.038671166666666736,352.96213309744263,True,529.443199646164,9656.712002779645,B
2025-01-31,merrimack_vs_mount st. mary's_20250131,Team A,Team B,A,Team A,-440.0,0.8273984,0.8148148148148148,0.012583585185185209,0.010-0.015,Heavy Favorite (<-300),9656.712002779645,0.0679513599999999,656.1867137171997,False,-656.1867137171997,9000.525289062445,B
2025-01-31,saint-louis_vs_dayton_20250131,Team A,Team B,B,Team B,115.0,0.47793070000000004,0.46511627906976744,0.012814420930232606,0.010-0.015,Slight Underdog (+110 to +150),9000.525289062445,0.023957395652173977,215.62914542746657,True,247.97351724158653,9248.498806304031,B
2025-02-01,southern-methodist_vs_stanford_20250201,Team A,Team B,A,Team A,-328.0,0.77357125,0.7663551401869159,0.007216109813084182,0.005-0.010,Heavy Favorite (<-300),9248.498806304031,0.03088495000000034,285.63942320776283,True,87.08519000236673,9335.583996306397,A
2025-02-01,cal-state-northridge_vs_cal state bakersfield_20250201,Team A,Team B,A,Team A,-496.0,0.8553464,0.8322147651006712,0.02313163489932879,0.020-0.025,Heavy Favorite (<-300),9335.583996306397,0.13786454399999992,1287.0460306244784,True,259.48508681945134,9595.069083125849,A
2025-02-01,kentucky_vs_arkansas_20250201,Team A,Team B,A,Team A,-442.0,0.8228752,0.8154981549815498,0.007377045018450268,0.005-0.010,Heavy Favorite (<-300),9595.069083125849,0.03998358400000043,383.6452506709695,False,-383.6452506709695,9211.423832454879,B
2025-02-01,vermont_vs_maine_20250201,Team A,Team B,B,Team B,111.0,0.50822082,0.47393364928909953,0.03428717071090048,0.030-0.035,Slight Underdog (+110 to +150),9211.423832454879,0.06517651369369389,600.3684915544136,False,-600.3684915544136,8611.055340900464,A
2025-02-01,pepperdine_vs_portland_20250201,Team A,Team B,A,Team A,-440.0,0.85092866,0.8148148148148148,0.036113845185185234,0.035-0.040,Heavy Favorite (<-300),8611.055340900464,0.19501476400000015,1679.282925096645,False,-1679.282925096645,6931.772415803819,B
2025-02-01,morgan-state_vs_maryland eastern shore_20250201,Team A,Team B,A,Team A,-421.0,0.81991184,0.8080614203454894,0.011850419654510502,0.010-0.015,Heavy Favorite (<-300),6931.772415803819,0.061740686399999446,427.97238692031016,True,101.65614891218765,7033.428564716007,A
2025-02-01,columbia_vs_dartmouth_20250201,Team A,Team B,B,Team B,140.0,0.4199665,0.4166666666666667,0.003299833333333335,0.000-0.005,Slight Underdog (+110 to +150),7033.428564716007,0.005656857142857162,39.787100615089344,True,55.70194086112508,7089.130505577132,B
2025-02-01,lipscomb_vs_bellarmine_20250201,Team A,Team B,A,Team A,-2400.0,0.9620514,0.96,0.0020514000000000365,0.000-0.005,Heavy Favorite (<-300),7089.130505577132,0.051285000000001656,363.56605797853496,True,15.14858574910565,7104.279091326237,A
2025-02-01,north-carolina-wilmington_vs_stony brook_20250201,Team A,Team B,A,Team A,-2100.0,0.9612311,0.9545454545454546,0.006685645454545419,0.005-0.010,Heavy Favorite (<-300),7104.279091326237,0.14708420000000097,1044.9272067244533,True,49.758438415450215,7154.037529741688,A
2025-02-01,elon_vs_northeastern_20250201,Team A,Team B,B,Team B,145.0,0.4137275,0.40816326530612246,0.005564234693877568,0.005-0.010,Slight Underdog (+110 to +150),7154.037529741688,0.009401637931034578,67.25967059966436,False,-67.25967059966436,7086.777859142023,A
2025-02-01,miami-fl_vs_notre dame_20250201,Team A,Team B,B,Team B,-344.0,0.79107499,0.7747747747747747,0.01630021522522529,0.015-0.020,Heavy Favorite (<-300),7086.777859142023,0.07237295560000034,512.8910593467511,False,-512.8910593467511,6573.886799795272,A
2025-02-01,troy_vs_louisianaâmonroe_20250201,Team A,Team B,A,Team A,-2100.0,0.95636755,0.9545454545454546,0.0018220954545453694,0.000-0.005,Heavy Favorite (<-300),6573.886799795272,0.04008610000000005,263.5214836452736,True,12.548642078346374,6586.435441873618,A
2025-02-01,grambling_vs_jackson state_20250201,Team A,Team B,B,Team B,105.0,0.5101902,0.4878048780487805,0.02238532195121956,0.020-0.025,Pick'em Underdog (+100 to +110),6586.435441873618,0.043704676190476174,287.85802823656235,True,302.2509296483904,6888.686371522009,B
2025-02-01,wake-forest_vs_pittsburgh_20250201,Team A,Team B,B,Team B,136.0,0.45982900000000004,0.423728813559322,0.03610018644067803,0.035-0.040,Slight Underdog (+110 to +150),6888.686371522009,0.06264444117647076,431.5379081839663,False,-431.5379081839663,6457.148463338042,A
2025-02-01,texas-arlington_vs_utah tech_20250201,Team A,Team B,A,Team A,-506.0,0.84254396,0.834983498349835,0.007560461650164996,0.005-0.010,Heavy Favorite (<-300),6457.148463338042,0.04581639759999971,295.8432813585229,True,58.46705165188199,6515.615514989924,A
2025-02-01,san-jose-state_vs_air force_20250201,Team A,Team B,A,Team A,-454.0,0.83872014,0.8194945848375451,0.019225555162454833,0.015-0.020,Heavy Favorite (<-300),6515.615514989924,0.10650957559999948,693.9754432743489,True,152.85802715294025,6668.473542142864,A
2025-02-01,western-kentucky_vs_new mexico state_20250201,Team A,Team B,B,Team B,133.0,0.44167584000000004,0.4291845493562232,0.012491290643776853,0.010-0.015,Slight Underdog (+110 to +150),6668.473542142864,0.0218832384962407,145.92779692858332,False,-145.92779692858332,6522.545745214281,A
2025-02-01,montana-state_vs_portland state_20250201,Team A,Team B,B,Team B,145.0,0.4219594,0.40816326530612246,0.013796134693877526,0.010-0.015,Slight Underdog (+110 to +150),6522.545745214281,0.02331071034482762,152.0451745775779,False,-152.0451745775779,6370.500570636703,A
2025-02-01,california-santa-barbara_vs_long beach state_20250201,Team A,Team B,A,Team A,-450.0,0.8465864,0.8181818181818182,0.02840458181818173,0.025-0.030,Heavy Favorite (<-300),6370.500570636703,0.15622520000000015,995.2327257478339,True,221.16282794396318,6591.663398580666,A
2025-02-01,florida-am_vs_alabama a&m_20250201,Team A,Team B,B,Team B,130.0,0.4513347,0.43478260869565216,0.016552091304347816,0.015-0.020,Slight Underdog (+110 to +150),6591.663398580666,0.029284469230769137,193.03336397532263,False,-193.03336397532263,6398.630034605343,A
2025-02-02,oregon_vs_nebraska_20250202,Team A,Team B,A,Team A,-305.0,0.76955795,0.7530864197530864,0.016471530246913613,0.015-0.020,Heavy Favorite (<-300),6398.630034605343,0.06670969749999997,426.8506740229368,False,-426.8506740229368,5971.779360582406,B
2025-02-02,florida-atlantic_vs_south florida_20250202,Team A,Team B,A,Team A,-345.0,0.7771446,0.7752808988764045,0.0018637011235954626,0.000-0.005,Heavy Favorite (<-300),5971.779360582406,0.00829346999999971,49.526772973607635,True,14.355586369161632,5986.134946951568,A
2025-02-02,illinois_vs_ohio state_20250202,Team A,Team B,A,Team A,-305.0,0.78076416,0.7530864197530864,0.027677740246913607,0.025-0.030,Heavy Favorite (<-300),5986.134946951568,0.11209484799999997,671.014886986024,True,220.0048809790242,6206.139827930592,A
2025-02-02,st-thomas-mn_vs_north dakota state_20250202,Team A,Team B,B,Team B,128.0,0.45556986,0.43859649122807015,0.016973368771929842,0.015-0.020,Slight Underdog (+110 to +150),6206.139827930592,0.030233813125000047,187.63527178527346,False,-187.63527178527346,6018.504556145319,A
2025-02-03,new-orleans_vs_stephen f. austin_20250203,Team A,Team B,B,Team B,-365.0,0.79088567,0.7849462365591398,0.005939433440860231,0.005-0.010,Heavy Favorite (<-300),6018.504556145319,0.027618365499999905,166.22125859503612,True,45.5400708479551,6064.044626993274,B
2025-02-03,alabama-birmingham_vs_north texas_20250203,Team A,Team B,B,Team B,133.0,0.45695317,0.4291845493562232,0.02776862064377683,0.025-0.030,Slight Underdog (+110 to +150),6064.044626993274,0.04864728278195499,294.9992937717365,False,-294.9992937717365,5769.0453332215375,A
2025-02-03,mcneese-state_vs_incarnate word_20250203,Team A,Team B,A,Team A,-1650.0,0.9450415,0.9428571428571428,0.0021843571428571407,0.000-0.005,Heavy Favorite (<-300),5769.0453332215375,0.03822624999999886,220.5289691690532,True,13.365392070851698,5782.4107252923895,A
2025-02-03,norfolk-state_vs_north carolina central_20250203,Team A,Team B,A,Team A,-485.0,0.8462615,0.8290598290598291,0.017201670940170888,0.015-0.020,Heavy Favorite (<-300),5782.4107252923895,0.10062977499999977,581.8826902437586,True,119.97581242139348,5902.386537713783,A
2025-02-03,texas-pan-american_vs_northwestern state_20250203,Team A,Team B,A,Team A,102.0,0.52568513,0.49504950495049505,0.0306356250495049,0.030-0.035,Pick'em Underdog (+100 to +110),5902.386537713783,0.060670551568627405,358.1010468143362,False,-358.1010468143362,5544.285490899447,B
2025-02-04,massachusetts_vs_saint louis_20250204,Team A,Team B,A,Team A,102.0,0.50398874,0.49504950495049505,0.008939235049505001,0.005-0.010,Pick'em Underdog (+100 to +110),5544.285490899447,0.017703190980392244,98.15154489521068,False,-98.15154489521068,5446.133946004236,B
2025-02-04,xavier_vs_georgetown_20250204,Team A,Team B,A,Team A,-392.0,0.8150757,0.7967479674796748,0.018327732520325157,0.015-0.020,Heavy Favorite (<-300),5446.133946004236,0.09017244399999967,491.09120826256424,True,125.27836945473575,5571.412315458972,A
2025-02-04,virginia-commonwealth_vs_la salle_20250204,Team A,Team B,A,Team A,-2800.0,0.9683017,0.9655172413793104,0.002784458620689656,0.000-0.005,Heavy Favorite (<-300),5571.412315458972,0.08074930000000366,449.8876444847116,True,16.067415874454028,5587.479731333427,A
2025-02-04,wisconsin_vs_indiana_20250204,Team A,Team B,A,Team A,-453.0,0.8421802,0.8191681735985533,0.023012026401446728,0.020-0.025,Heavy Favorite (<-300),5587.479731333427,0.12725650600000035,711.0431479553125,True,156.96316731905355,5744.44289865248,A
2025-02-04,arizona-state_vs_kansas state_20250204,Team A,Team B,B,Team B,142.0,0.4296993,0.4132231404958678,0.016476159504132226,0.015-0.020,Slight Underdog (+110 to +150),5744.44289865248,0.028079088732394383,161.29872186943578,True,229.04418505459878,5973.487083707078,B
2025-02-04,dayton_vs_davidson_20250204,Team A,Team B,A,Team A,-495.0,0.84260374,0.8319327731092437,0.010670966890756306,0.010-0.015,Heavy Favorite (<-300),5973.487083707078,0.06349225300000012,379.27015321096275,True,76.62023297191165,6050.10731667899,A
2025-02-04,akron_vs_ball state_20250204,Team A,Team B,A,Team A,-1050.0,0.91309446,0.9130434782608695,5.098173913054005e-05,0.000-0.005,Heavy Favorite (<-300),6050.10731667899,0.0005862900000016332,3.5471174187056063,True,0.33782070654339147,6050.445137385534,A
2025-02-04,eastern-michigan_vs_kent state_20250204,Team A,Team B,B,Team B,-380.0,0.8105145,0.7916666666666666,0.018847833333333397,0.015-0.020,Heavy Favorite (<-300),6050.445137385534,0.09046959999999998,547.3813514012141,True,144.04772405295105,6194.492861438484,B
2025-02-04,texas-tech_vs_baylor_20250204,Team A,Team B,A,Team A,-350.0,0.80736464,0.7777777777777778,0.029586862222222177,0.025-0.030,Heavy Favorite (<-300),6194.492861438484,0.13314087999999957,824.7402307256352,True,235.64006592160996,6430.132927360094,A
2025-02-05,evansville_vs_southern illinois_20250205,Team A,Team B,B,Team B,102.0,0.5226686300000001,0.49504950495049505,0.027619125049505033,0.025-0.030,Pick'em Underdog (+100 to +110),6430.132927360094,0.05469669862745114,351.70704286226527,True,358.74118371951056,6788.8741110796045,B
2025-02-05,robert-morris_vs_detroit mercy_20250205,Team A,Team B,A,Team A,-1000.0,0.91118145,0.9090909090909091,0.0020905409090908877,0.000-0.005,Heavy Favorite (<-300),6788.8741110796045,0.02299595000000027,156.1166096146829,True,15.611660961468303,6804.485772041073,A
2025-02-05,new-mexico_vs_colorado state_20250205,Team A,Team B,A,Team A,-395.0,0.8009848,0.797979797979798,0.003005002020202041,0.000-0.005,Heavy Favorite (<-300),6804.485772041073,0.014874760000000303,101.21509278252773,True,25.624074122158923,6830.109846163232,A
2025-02-05,james-madison_vs_troy_20250205,Team A,Team B,B,Team B,115.0,0.4679208,0.46511627906976744,0.00280452093023259,0.000-0.005,Slight Underdog (+110 to +150),6830.109846163232,0.00524323478260871,35.811869514441284,False,-35.811869514441284,6794.297976648791,A
2025-02-05,michigan_vs_oregon_20250205,Team A,Team B,A,Team A,-345.0,0.78888893,0.7752808988764045,0.013608031123595543,0.010-0.015,Heavy Favorite (<-300),6794.297976648791,0.06055573850000011,411.433731565024,True,119.25615407681853,6913.554130725609,A
2025-02-05,california_vs_nc state_20250205,Team A,Team B,B,Team B,124.0,0.46005529999999994,0.44642857142857145,0.013626728571428492,0.010-0.015,Slight Underdog (+110 to +150),6913.554130725609,0.02461602580645157,170.18422689624143,False,-170.18422689624143,6743.369903829367,A
2025-02-05,fordham_vs_rhode island_20250205,Team A,Team B,A,Team A,107.0,0.48380423,0.4830917874396135,0.0007124425603864948,0.000-0.005,Pick'em Underdog (+100 to +110),6743.369903829367,0.0013782767289721976,9.294229813299502,True,9.94482590023047,6753.314729729597,A
2025-02-06,seattle_vs_tarleton state_20250206,Team A,Team B,A,Team A,-500.0,0.8517645,0.8333333333333334,0.018431166666666665,0.015-0.020,Heavy Favorite (<-300),6753.314729729597,0.11058700000000007,746.8288160166074,True,149.36576320332145,6902.680492932919,A
2025-02-06,pacific_vs_san diego_20250206,Team A,Team B,B,Team B,145.0,0.44096650000000004,0.40816326530612246,0.03280323469387758,0.030-0.035,Slight Underdog (+110 to +150),6902.680492932919,0.05542615517241394,382.58904010689474,False,-382.58904010689474,6520.091452826025,A
2025-02-06,south-florida_vs_temple_20250206,Team A,Team B,B,Team B,150.0,0.4376403,0.4,0.03764029999999996,0.035-0.040,Slight Underdog (+110 to +150),6520.091452826025,0.06273383333333331,409.03033051967884,False,-409.03033051967884,6111.061122306346,A
2025-02-06,stony-brook_vs_towson_20250206,Team A,Team B,B,Team B,-400.0,0.80294396,0.8,0.0029439599999999677,0.000-0.005,Heavy Favorite (<-300),6111.061122306346,0.01471980000000006,89.95359750812533,True,22.48839937703133,6133.549521683378,B
2025-02-06,tennessee-state_vs_western illinois_20250206,Team A,Team B,A,Team A,-440.0,0.8326089,0.8148148148148148,0.017794085185185216,0.015-0.020,Heavy Favorite (<-300),6133.549521683378,0.09608806000000002,589.3608744524838,True,133.94565328465544,6267.495174968033,A
2025-02-06,dixie-state_vs_abilene christian_20250206,Team A,Team B,B,Team B,115.0,0.46574753999999996,0.46511627906976744,0.0006312609302325245,0.000-0.005,Slight Underdog (+110 to +150),6267.495174968033,0.0011801834782607463,7.396794255576218,True,8.50631339391265,6276.001488361946,B
2025-02-06,cal-state-northridge_vs_cal state fullerton_20250206,Team A,Team B,A,Team A,-1800.0,0.9501916,0.9473684210526315,0.0028231789473684987,0.000-0.005,Heavy Favorite (<-300),6276.001488361946,0.053640400000000914,336.6472302363359,True,18.70262390201867,6294.704112263965,A
2025-02-06,stetson_vs_jacksonville_20250206,Team A,Team B,B,Team B,-410.0,0.80460335,0.803921568627451,0.0006817813725490396,0.000-0.005,Heavy Favorite (<-300),6294.704112263965,0.0034770850000002463,21.887221248192898,True,5.338346645900707,6300.042458909866,B
2025-02-06,utah-valley_vs_ut arlington_20250206,Team A,Team B,A,Team A,-410.0,0.83381844,0.803921568627451,0.02989687137254904,0.025-0.030,Heavy Favorite (<-300),6300.042458909866,0.1524740440000002,960.5929510816923,True,234.2909636784615,6534.333422588327,A
2025-02-06,college-of-charleston_vs_north carolina a&t_20250206,Team A,Team B,A,Team A,-2100.0,0.95513326,0.9545454545454546,0.0005878054545453981,0.000-0.005,Heavy Favorite (<-300),6534.333422588327,0.01293172000000075,84.50017020755882,True,4.023817628931377,6538.357240217259,A
2025-02-07,pennsylvania_vs_princeton_20250207,Team A,Team B,B,Team B,-370.0,0.7917916899999999,0.7872340425531915,0.004557647446808422,0.000-0.005,Heavy Favorite (<-300),6538.357240217259,0.021420942999999457,140.05777775632765,True,37.85345344765611,6576.210693664914,B
2025-02-08,michigan-state_vs_oregon_20250208,Team A,Team B,A,Team A,-422.0,0.8274257,0.8084291187739464,0.018996581226053633,0.015-0.020,Heavy Favorite (<-300),6576.210693664914,0.09916215400000025,652.1112175416487,True,154.5287245359357,6730.73941820085,A
2025-02-08,kansas-state_vs_kansas_20250208,Team A,Team B,A,Team A,148.0,0.44179,0.4032258064516129,0.03856419354838714,0.035-0.040,Slight Underdog (+110 to +150),6730.73941820085,0.06462108108108111,434.94765767918585,True,643.7225333651951,7374.461951566045,A
2025-02-08,creighton_vs_marquette_20250208,Team A,Team B,B,Team B,145.0,0.4176063,0.40816326530612246,0.009443034693877528,0.005-0.010,Slight Underdog (+110 to +150),7374.461951566045,0.015955472413793127,117.66302423477906,False,-117.66302423477906,7256.798927331266,A
2025-02-08,cornell_vs_yale_20250208,Team A,Team B,A,Team A,145.0,0.4480735,0.40816326530612246,0.039910234693877555,0.035-0.040,Slight Underdog (+110 to +150),7256.798927331266,0.06743453448275867,489.3588574995664,False,-489.3588574995664,6767.4400698316995,B
2025-02-08,stetson_vs_eastern kentucky_20250208,Team A,Team B,B,Team B,-388.0,0.79724595,0.7950819672131147,0.0021639827868852324,0.000-0.005,Heavy Favorite (<-300),6767.4400698316995,0.010560235999999857,71.46576425327825,True,18.419011405484085,6785.859081237184,B
2025-02-08,austin-peay_vs_central arkansas_20250208,Team A,Team B,A,Team A,-469.0,0.8372943,0.8242530755711776,0.013041224428822495,0.010-0.015,Heavy Favorite (<-300),6785.859081237184,0.07420456700000042,503.5417348462259,True,107.3649754469565,6893.22405668414,A
2025-02-08,columbia_vs_brown_20250208,Team A,Team B,B,Team B,124.0,0.45057773999999995,0.44642857142857145,0.0041491685714284965,0.000-0.005,Slight Underdog (+110 to +150),6893.22405668414,0.007495272258064494,51.66659104068743,False,-51.66659104068743,6841.557465643453,A
2025-02-08,seattle_vs_ut arlington_20250208,Team A,Team B,A,Team A,-436.0,0.84875476,0.8134328358208955,0.035321924179104514,0.035-0.040,Heavy Favorite (<-300),6841.557465643453,0.1893255136000002,1295.2813810068624,True,297.0828855520326,7138.640351195485,A
2025-02-08,louisville_vs_miami (fl)_20250208,Team A,Team B,A,Team A,-2100.0,0.9572388,0.9545454545454546,0.0026933454545453595,0.000-0.005,Heavy Favorite (<-300),7138.640351195485,0.0592535999999998,422.9901399135954,True,20.142387614933135,7158.782738810418,A
2025-02-08,california-riverside_vs_cal state bakersfield_20250208,Team A,Team B,A,Team A,-330.0,0.77665776,0.7674418604651163,0.009215899534883665,0.005-0.010,Heavy Favorite (<-300),7158.782738810418,0.03962836799999979,283.69087680562563,True,85.9669323653411,7244.7496711757585,A
2025-02-08,syracuse_vs_boston college_20250208,Team A,Team B,A,Team A,-306.0,0.75804925,0.7536945812807881,0.004354668719211863,0.000-0.005,Heavy Favorite (<-300),7244.7496711757585,0.01767995499999992,128.08684817265163,True,41.858447115245625,7286.608118291004,A
2025-02-08,colorado-state_vs_san diego state_20250208,Team A,Team B,B,Team B,130.0,0.43653010000000003,0.43478260869565216,0.0017474913043478701,0.000-0.005,Slight Underdog (+110 to +150),7286.608118291004,0.003091715384615416,22.528118420983883,False,-22.528118420983883,7264.07999987002,A
2025-02-08,ball-state_vs_southern mississippi_20250208,Team A,Team B,B,Team B,135.0,0.4434774,0.425531914893617,0.017945485106382997,0.015-0.020,Slight Underdog (+110 to +150),7264.07999987002,0.03123843703703711,226.91850570794017,False,-226.91850570794017,7037.16149416208,A
2025-02-08,mcneese-state_vs_northwestern state_20250208,Team A,Team B,A,Team A,-2400.0,0.9621008,0.96,0.0021008000000000138,0.000-0.005,Heavy Favorite (<-300),7037.16149416208,0.05252000000000109,369.5917216734001,True,15.399655069725032,7052.561149231805,A
2025-02-08,davidson_vs_richmond_20250208,Team A,Team B,A,Team A,-500.0,0.85401624,0.8333333333333334,0.02068290666666661,0.020-0.025,Heavy Favorite (<-300),7052.561149231805,0.12409743999999975,875.2047840631232,True,175.0409568126246,7227.602106044429,A
2025-02-08,queens-nc_vs_lipscomb_20250208,Team A,Team B,A,Team A,130.0,0.46653095,0.43478260869565216,0.03174834130434784,0.030-0.035,Slight Underdog (+110 to +150),7227.602106044429,0.05617014230769222,405.9754388398916,False,-405.9754388398916,6821.626667204538,B
2025-02-08,new-mexico-state_vs_utep_20250208,Team A,Team B,B,Team B,100.0,0.50454488,0.5,0.004544879999999973,0.000-0.005,Pick'em Underdog (+100 to +110),6821.626667204538,0.009089759999999947,62.006949214488756,True,62.006949214488756,6883.633616419026,B
2025-02-08,george-mason_vs_rhode island_20250208,Team A,Team B,A,Team A,-415.0,0.8221356,0.8058252427184466,0.01631035728155339,0.015-0.020,Heavy Favorite (<-300),6883.633616419026,0.08399833999999949,578.2137969473914,True,139.3286257704557,7022.962242189482,A
2025-02-08,west-georgia_vs_north alabama_20250208,Team A,Team B,B,Team B,-550.0,0.84941727,0.8461538461538461,0.0032634238461538567,0.000-0.005,Heavy Favorite (<-300),7022.962242189482,0.021212255000000298,148.97286593669713,True,27.085975624854033,7050.048217814336,B
2025-02-08,binghamton_vs_bryant_20250208,Team A,Team B,B,Team B,-382.0,0.79981375,0.7925311203319502,0.007282629668049823,0.005-0.010,Heavy Favorite (<-300),7050.048217814336,0.035102274999999745,247.47273130497692,True,64.78343751439185,7114.831655328728,B
2025-02-08,incarnate-word_vs_southeastern louisiana_20250208,Team A,Team B,B,Team B,130.0,0.4376692,0.43478260869565216,0.0028865913043478186,0.000-0.005,Slight Underdog (+110 to +150),7114.831655328728,0.005107046153846052,36.335773640608714,True,47.23650573279132,7162.068161061519,B
2025-02-08,wright-state_vs_iu indy_20250208,Team A,Team B,A,Team A,-500.0,0.85579294,0.8333333333333334,0.022459606666666576,0.020-0.025,Heavy Favorite (<-300),7162.068161061519,0.13475763999999948,965.1434029037865,True,193.02868058075725,7355.096841642277,A
2025-02-08,virginia-military-institute_vs_the citadel_20250208,Team A,Team B,A,Team A,-500.0,0.84345245,0.8333333333333334,0.01011911666666665,0.010-0.015,Heavy Favorite (<-300),7355.096841642277,0.06071469999999997,446.5624982112581,True,89.31249964225161,7444.409341284528,A
2025-02-09,maryland_vs_rutgers_20250209,Team A,Team B,A,Team A,-465.0,0.83264023,0.8230088495575221,0.00963138044247791,0.005-0.010,Heavy Favorite (<-300),7444.409341284528,0.05441729950000003,405.1046527252781,True,87.1192801559738,7531.528621440501,A
2025-02-10,american_vs_lafayette_20250210,Team A,Team B,B,Team B,136.0,0.4290098,0.423728813559322,0.005280986440677982,0.005-0.010,Slight Underdog (+110 to +150),7531.528621440501,0.009164064705882467,69.01941562108652,False,-69.01941562108652,7462.509205819415,A
2025-02-10,texas-pan-american_vs_stephen f. austin_20250210,Team A,Team B,A,Team A,109.0,0.51512754,0.4784688995215311,0.03665864047846895,0.035-0.040,Pick'em Underdog (+100 to +110),7462.509205819415,0.07029042073394501,524.5429118079845,False,-524.5429118079845,6937.96629401143,B
2025-02-10,florida-atlantic_vs_charlotte_20250210,Team A,Team B,A,Team A,-997.0,0.9120751,0.9088422971741112,0.003232802825888781,0.000-0.005,Heavy Favorite (<-300),6937.96629401143,0.035463846999999785,246.0469751419769,True,24.678733715343704,6962.645027726774,A
2025-02-10,houston_vs_baylor_20250210,Team A,Team B,A,Team A,-485.0,0.8328364,0.8290598290598291,0.00377657094017092,0.000-0.005,Heavy Favorite (<-300),6962.645027726774,0.022092939999999884,153.82529883886514,True,31.716556461621668,6994.361584188396,A
2025-02-11,kansas_vs_colorado_20250211,Team A,Team B,A,Team A,-2400.0,0.96364534,0.96,0.0036453400000000524,0.000-0.005,Heavy Favorite (<-300),6994.361584188396,0.09113350000000198,637.420651432647,True,26.55919380969367,7020.92077799809,A
2025-02-11,miami-fl_vs_syracuse_20250211,Team A,Team B,B,Team B,120.0,0.4695243,0.45454545454545453,0.014978845454545475,0.010-0.015,Slight Underdog (+110 to +150),7020.92077799809,0.027461216666666746,192.803026684108,False,-192.803026684108,6828.117751313982,A
2025-02-11,oregon_vs_northwestern_20250211,Team A,Team B,A,Team A,-475.0,0.835518,0.8260869565217391,0.009431043478260848,0.005-0.010,Heavy Favorite (<-300),6828.117751313982,0.054228499999999805,370.27858347712896,True,77.95338599518504,6906.071137309167,A
2025-02-11,kent-state_vs_central michigan_20250211,Team A,Team B,A,Team A,-381.0,0.7962002,0.7920997920997921,0.004100407900207936,0.000-0.005,Heavy Favorite (<-300),6906.071137309167,0.019722962000000246,136.2081786104472,True,35.750178112978276,6941.821315422146,A
2025-02-11,kansas-state_vs_arizona_20250211,Team A,Team B,A,Team A,141.0,0.43737146,0.4149377593360996,0.02243370066390038,0.020-0.025,Slight Underdog (+110 to +150),6941.821315422146,0.038344126666666756,266.178075815914,True,375.31108690043874,7317.132402322584,A
2025-02-11,northern-iowa_vs_indiana state_20250211,Team A,Team B,A,Team A,-370.0,0.81661516,0.7872340425531915,0.02938111744680849,0.025-0.030,Heavy Favorite (<-300),7317.132402322584,0.1380912519999998,1010.431974486492,True,273.08972283418694,7590.222125156772,A
2025-02-11,creighton_vs_connecticut_20250211,Team A,Team B,B,Team B,150.0,0.41970103999999997,0.4,0.019701039999999947,0.015-0.020,Slight Underdog (+110 to +150),7590.222125156772,0.03283506666666658,249.22544949433026,True,373.8381742414954,7964.060299398267,B
2025-02-11,saint-louis_vs_george mason_20250211,Team A,Team B,B,Team B,111.0,0.49228689999999997,0.47393364928909953,0.018353250710900437,0.015-0.020,Slight Underdog (+110 to +150),7964.060299398267,0.034887710810810865,277.84783260526655,True,308.41109419184596,8272.471393590113,B
2025-02-12,providence_vs_xavier_20250212,Team A,Team B,A,Team A,139.0,0.43566623,0.41841004184100417,0.017256188158995822,0.015-0.020,Slight Underdog (+110 to +150),8272.471393590113,0.02967071201438841,245.4501163664786,False,-245.4501163664786,8027.021277223634,B
2025-02-12,villanova_vs_st. john's (ny)_20250212,Team A,Team B,A,Team A,124.0,0.46774155,0.44642857142857145,0.021312978571428554,0.020-0.025,Slight Underdog (+110 to +150),8027.021277223633,0.038500864516129114,309.0472586624728,True,383.21860074146633,8410.2398779651,A
2025-02-12,temple_vs_tulsa_20250212,Team A,Team B,A,Team A,-400.0,0.82185376,0.8,0.021853759999999944,0.020-0.025,Heavy Favorite (<-300),8410.2398779651,0.10926879999999994,918.9768191773924,False,-918.9768191773924,7491.2630587877065,B
2025-02-12,missouri_vs_oklahoma_20250212,Team A,Team B,A,Team A,-500.0,0.8582099,0.8333333333333334,0.0248765666666666,0.020-0.025,Heavy Favorite (<-300),7491.2630587877065,0.1492593999999996,1118.1414293968148,True,223.62828587936292,7714.8913446670695,A
2025-02-12,niagara_vs_canisius_20250212,Team A,Team B,A,Team A,-440.0,0.82814366,0.8148148148148148,0.013328845185185179,0.010-0.015,Heavy Favorite (<-300),7714.8913446670695,0.07197576399999983,555.2851987093984,True,126.20118152486329,7841.092526191933,A
2025-02-12,north-carolina-greensboro_vs_vmi_20250212,Team A,Team B,A,Team A,-500.0,0.8460014,0.8333333333333334,0.012668066666666644,0.010-0.015,Heavy Favorite (<-300),7841.092526191933,0.07600839999999985,595.9888971678057,True,119.19777943356111,7960.290305625494,A
2025-02-12,north-carolina-state_vs_louisville_20250212,Team A,Team B,B,Team B,-368.0,0.79012012,0.7863247863247863,0.0037953336752136746,0.000-0.005,Heavy Favorite (<-300),7960.290305625494,0.01776216160000016,141.39196279143468,True,38.421729019411615,7998.7120346449055,B
2025-02-13,california-davis_vs_uc riverside_20250213,Team A,Team B,B,Team B,109.0,0.49042403999999995,0.4784688995215311,0.01195514047846885,0.010-0.015,Pick'em Underdog (+100 to +110),7998.7120346449055,0.022923159266054857,183.35574989347487,False,-183.35574989347487,7815.35628475143,A
2025-02-13,southern-utah_vs_utah tech_20250213,Team A,Team B,B,Team B,135.0,0.43004745,0.425531914893617,0.004515535106382973,0.000-0.005,Slight Underdog (+110 to +150),7815.35628475143,0.00786037592592597,61.431638393194376,False,-61.431638393194376,7753.924646358236,A
2025-02-13,tarleton-state_vs_grand canyon_20250213,Team A,Team B,B,Team B,-715.0,0.884896696,0.8773006134969326,0.007596082503067425,0.005-0.010,Heavy Favorite (<-300),7753.924646358236,0.06190807239999938,480.03052839088525,True,67.13713683788602,7821.061783196122,B
2025-02-13,bellarmine_vs_queens (nc)_20250213,Team A,Team B,B,Team B,-334.0,0.77747022,0.7695852534562212,0.007884966543778793,0.005-0.010,Heavy Favorite (<-300),7821.061783196122,0.034220754799999704,267.64263755840295,True,80.13252621509068,7901.194309411212,B
2025-02-13,north-dakota_vs_denver_20250213,Team A,Team B,A,Team A,-421.0,0.8412268,0.8080614203454894,0.03316537965451061,0.030-0.035,Heavy Favorite (<-300),7901.194309411212,0.17279162800000003,1365.2602278674992,False,-1365.2602278674992,6535.934081543713,B
2025-02-13,georgia-southern_vs_james madison_20250213,Team A,Team B,A,Team A,145.0,0.43457365,0.40816326530612246,0.02641038469387752,0.025-0.030,Slight Underdog (+110 to +150),6535.934081543713,0.044624443103448264,291.6624185497358,False,-291.6624185497358,6244.271662993977,B
2025-02-13,north-alabama_vs_north florida_20250213,Team A,Team B,A,Team A,-520.0,0.84976584,0.8387096774193549,0.011056162580645124,0.010-0.015,Heavy Favorite (<-300),6244.271662993977,0.06854820799999987,428.0336327634162,True,82.3141601468108,6326.585823140787,A
2025-02-13,new-mexico-state_vs_liberty_20250213,Team A,Team B,A,Team A,135.0,0.4510819,0.425531914893617,0.025549985106382955,0.025-0.030,Slight Underdog (+110 to +150),6326.585823140787,0.04447589999999999,281.3805984114273,False,-281.3805984114273,6045.20522472936,B
2025-02-13,montana-state_vs_weber state_20250213,Team A,Team B,A,Team A,-385.0,0.8277333,0.7938144329896907,0.03391886701030933,0.030-0.035,Heavy Favorite (<-300),6045.20522472936,0.16450650500000022,994.475583527968,True,258.30534637090085,6303.510571100262,A
2025-02-13,south-dakota-state_vs_omaha_20250213,Team A,Team B,A,Team A,-450.0,0.84512955,0.8181818181818182,0.026947731818181775,0.025-0.030,Heavy Favorite (<-300),6303.510571100262,0.14821252500000037,934.2592181069641,True,207.61315957932544,6511.123730679587,A
2025-02-13,sam-houston-state_vs_jacksonville state_20250213,Team A,Team B,B,Team B,135.0,0.45155009999999995,0.425531914893617,0.02601818510638293,0.025-0.030,Slight Underdog (+110 to +150),6511.1237306795865,0.04529091481481473,294.89475023492787,False,-294.89475023492787,6216.228980444659,A
2025-02-13,lipscomb_vs_stetson_20250213,Team A,Team B,A,Team A,-2100.0,0.9570866,0.9545454545454546,0.0025411454545454237,0.000-0.005,Heavy Favorite (<-300),6216.228980444659,0.055905200000001265,347.51952439756263,True,16.548548780836335,6232.7775292254955,A
2025-02-13,stonehill_vs_saint francis (pa)_20250213,Team A,Team B,B,Team B,147.0,0.4194348,0.4048582995951417,0.014576500404858306,0.010-0.015,Slight Underdog (+110 to +150),6232.7775292254955,0.024492487074829827,152.65622307484523,False,-152.65622307484523,6080.1213061506505,A
2025-02-13,california-irvine_vs_uc santa barbara_20250213,Team A,Team B,A,Team A,-440.0,0.83540124,0.8148148148148148,0.020586425185185275,0.020-0.025,Heavy Favorite (<-300),6080.1213061506505,0.11116669600000036,675.9069968839744,True,153.61522656453965,6233.73653271519,A
2025-02-13,fairleigh-dickinson_vs_chicago state_20250213,Team A,Team B,A,Team A,-427.0,0.82874775,0.8102466793168881,0.01850107068311191,0.015-0.020,Heavy Favorite (<-300),6233.73653271519,0.09750064250000014,607.7933171154542,True,142.34035529635932,6376.076888011549,A
2025-02-13,sacramento-state_vs_northern colorado_20250213,Team A,Team B,B,Team B,-351.0,0.8147225,0.7782705099778271,0.03645199002217292,0.035-0.040,Heavy Favorite (<-300),6376.076888011549,0.16439847500000002,1048.2173168718446,True,298.63741221420065,6674.71430022575,B
2025-02-13,pepperdine_vs_san diego_20250213,Team A,Team B,A,Team A,-362.0,0.8250985,0.7835497835497836,0.041548716450216405,0.040-0.045,Heavy Favorite (<-300),6674.71430022575,0.1919550699999997,1281.2452507298328,True,353.9351521353129,7028.649452361063,A
2025-02-14,green-bay_vs_northern kentucky_20250214,Team A,Team B,B,Team B,-330.0,0.77870728,0.7674418604651163,0.011265419534883692,0.010-0.015,Heavy Favorite (<-300),7028.649452361063,0.048441303999999887,340.47694483125497,True,103.17483176704694,7131.82428412811,B
2025-02-14,niagara_vs_mount st. mary's_20250214,Team A,Team B,B,Team B,104.0,0.4983282,0.49019607843137253,0.00813212156862747,0.005-0.010,Pick'em Underdog (+100 to +110),7131.82428412811,0.01595146923076925,113.76307562752248,True,118.31359865262338,7250.137882780733,B
2025-02-14,siena_vs_marist_20250214,Team A,Team B,B,Team B,143.0,0.4444435,0.411522633744856,0.03292086625514401,0.030-0.035,Slight Underdog (+110 to +150),7250.137882780733,0.055942451048950924,405.59048360560587,True,579.9943915560162,7830.132274336749,B
2025-02-15,dartmouth_vs_cornell_20250215,Team A,Team B,A,Team A,145.0,0.42869055,0.40816326530612246,0.020527284693877546,0.020-0.025,Slight Underdog (+110 to +150),7830.132274336749,0.03468403275862071,271.5805643074291,True,393.7918182457722,8223.924092582522,A
2025-02-15,texas-arlington_vs_grand canyon_20250215,Team A,Team B,B,Team B,-363.0,0.79812385,0.7840172786177105,0.014106571382289435,0.010-0.015,Heavy Favorite (<-300),8223.924092582522,0.06531342550000016,537.1326535385449,True,147.970427972051,8371.894520554573,B
2025-02-15,georgia-state_vs_appalachian state_20250215,Team A,Team B,A,Team A,142.0,0.41492283,0.4132231404958678,0.0016996895041322402,0.000-0.005,Slight Underdog (+110 to +150),8371.894520554573,0.0028966539436620165,24.25048127888683,True,34.435683416019295,8406.330203970592,A
2025-02-15,brigham-young_vs_kansas state_20250215,Team A,Team B,A,Team A,-330.0,0.7999399,0.7674418604651163,0.03249803953488373,0.030-0.035,Heavy Favorite (<-300),8406.330203970592,0.1397415700000001,1174.7137806412716,True,355.9738729215974,8762.30407689219,A
2025-02-15,south-carolina-state_vs_morgan state_20250215,Team A,Team B,A,Team A,-486.0,0.84023356,0.8293515358361775,0.010882024163822557,0.010-0.015,Heavy Favorite (<-300),8762.30407689219,0.06376866160000008,558.7604035156392,True,114.97127644354713,8877.275353335735,A
2025-02-15,north-carolina-state_vs_boston college_20250215,Team A,Team B,A,Team A,-410.0,0.81793994,0.803921568627451,0.014018371372549021,0.010-0.015,Heavy Favorite (<-300),8877.275353335735,0.07149369400000012,634.669207665128,True,154.79736772320197,9032.072721058938,A
2025-02-15,austin-peay_vs_stetson_20250215,Team A,Team B,A,Team A,-537.0,0.8460624,0.8430141287284144,0.0030482712715855786,0.000-0.005,Heavy Favorite (<-300),9032.072721058938,0.019417488000000066,175.38016367628987,True,32.659248356851,9064.731969415789,A
2025-02-15,davidson_vs_george washington_20250215,Team A,Team B,B,Team B,145.0,0.4210887,0.40816326530612246,0.012925434693877524,0.010-0.015,Slight Underdog (+110 to +150),9064.731969415789,0.021839527586206952,197.96946390762818,True,287.0557226660609,9351.787692081849,B
2025-02-15,louisiana-tech_vs_jacksonville state_20250215,Team A,Team B,B,Team B,140.0,0.4546943,0.4166666666666667,0.03802763333333331,0.035-0.040,Slight Underdog (+110 to +150),9351.787692081849,0.0651902285714285,609.6451771982876,True,853.5032480776025,10205.290940159452,B
2025-02-15,mercer_vs_vmi_20250215,Team A,Team B,A,Team A,-350.0,0.782936,0.7777777777777778,0.005158222222222175,0.005-0.010,Heavy Favorite (<-300),10205.290940159452,0.02321199999999952,236.8852133029763,False,-236.8852133029763,9968.405726856476,B
2025-02-15,baylor_vs_west virginia_20250215,Team A,Team B,A,Team A,-415.0,0.81248194,0.8058252427184466,0.006656697281553381,0.005-0.010,Heavy Favorite (<-300),9968.405726856476,0.03428199099999938,341.736795412436,True,82.34621576203273,10050.751942618508,A
2025-02-15,butler_vs_georgetown_20250215,Team A,Team B,B,Team B,148.0,0.41949123,0.4032258064516129,0.016265423548387115,0.015-0.020,Slight Underdog (+110 to +150),10050.751942618508,0.027255574594594555,273.93901930380486,False,-273.93901930380486,9776.812923314703,A
2025-02-15,cal-state-northridge_vs_cal poly_20250215,Team A,Team B,A,Team A,-550.0,0.8659445,0.8461538461538461,0.01979065384615386,0.015-0.020,Heavy Favorite (<-300),9776.812923314703,0.12863925000000034,1257.6818818455142,True,228.66943306282084,10005.482356377524,A
2025-02-15,colorado-state_vs_wyoming_20250215,Team A,Team B,A,Team A,-570.0,0.85147625,0.8507462686567164,0.0007299813432836144,0.000-0.005,Heavy Favorite (<-300),10005.482356377524,0.004890875000000755,48.935563519755476,True,8.585186582413247,10014.067542959938,A
2025-02-15,towson_vs_monmouth_20250215,Team A,Team B,A,Team A,-446.0,0.820482,0.8168498168498168,0.0036321831501832103,0.000-0.005,Heavy Favorite (<-300),10014.067542959938,0.01983172000000019,198.5961835730714,True,44.52829228095771,10058.595835240896,A
2025-02-15,ball-state_vs_northern illinois_20250215,Team A,Team B,A,Team A,-474.0,0.8296618,0.8257839721254355,0.0038778278745644768,0.000-0.005,Heavy Favorite (<-300),10058.595835240896,0.022258732000000416,223.89158899294745,True,47.234512445769525,10105.830347686666,A
2025-02-15,southern-utah_vs_utah valley_20250215,Team A,Team B,B,Team B,-410.0,0.8133125999999999,0.803921568627451,0.00939103137254893,0.005-0.010,Heavy Favorite (<-300),10105.830347686666,0.047894259999999654,484.0112661879921,True,118.05152833853465,10223.8818760252,B
2025-02-15,cal-state-bakersfield_vs_cal state fullerton_20250215,Team A,Team B,A,Team A,-500.0,0.83446425,0.8333333333333334,0.0011309166666666481,0.000-0.005,Heavy Favorite (<-300),10223.8818760252,0.006785499999999863,69.37415046976759,True,13.874830093953515,10237.756706119153,A
2025-02-15,yale_vs_princeton_20250215,Team A,Team B,A,Team A,-330.0,0.7886548,0.7674418604651163,0.02121293953488368,0.020-0.025,Heavy Favorite (<-300),10237.756706119153,0.09121563999999986,933.843530112949,True,282.9828879130148,10520.739594032168,A
2025-02-15,fresno-state_vs_unlv_20250215,Team A,Team B,B,Team B,-375.0,0.8079488,0.7894736842105263,0.018475115789473695,0.015-0.020,Heavy Favorite (<-300),10520.739594032168,0.0877568,923.2664404055621,True,246.20438410814984,10766.943978140318,B
2025-02-15,tulsa_vs_utsa_20250215,Team A,Team B,B,Team B,105.0,0.4957308,0.4878048780487805,0.00792592195121955,0.005-0.010,Pick'em Underdog (+100 to +110),10766.943978140318,0.015474419047619018,166.61220297998142,False,-166.61220297998142,10600.331775160337,A
2025-02-15,bellarmine_vs_west georgia_20250215,Team A,Team B,B,Team B,128.0,0.46300220000000003,0.43859649122807015,0.02440570877192988,0.020-0.025,Slight Underdog (+110 to +150),10600.331775160339,0.04347266875000012,460.824711901646,True,589.855631234107,11190.187406394445,B
2025-02-16,wichita-state_vs_memphis_20250216,Team A,Team B,B,Team B,-365.0,0.7939303799999999,0.7849462365591398,0.008984143440860182,0.005-0.010,Heavy Favorite (<-300),11190.187406394445,0.041776266999999666,467.4842568695681,False,-467.4842568695681,10722.703149524878,A
2025-02-16,oregon_vs_rutgers_20250216,Team A,Team B,A,Team A,-383.0,0.8018961,0.7929606625258799,0.008935437474120067,0.005-0.010,Heavy Favorite (<-300),10722.703149524878,0.043158162999999874,462.7721703278067,True,120.82824290543255,10843.53139243031,A
2025-02-17,north-carolina-central_vs_morgan state_20250217,Team A,Team B,A,Team A,-470.0,0.834356,0.8245614035087719,0.009794596491228047,0.005-0.010,Heavy Favorite (<-300),10843.53139243031,0.05582920000000026,605.3856828142731,False,-605.3856828142731,10238.145709616037,B
2025-02-17,utah_vs_kansas state_20250217,Team A,Team B,B,Team B,135.0,0.4271743,0.425531914893617,0.001642385106382982,0.000-0.005,Slight Underdog (+110 to +150),10238.145709616037,0.002858966666666699,29.27051731226893,False,-29.27051731226893,10208.875192303769,A
2025-02-17,norfolk-state_vs_delaware state_20250217,Team A,Team B,A,Team A,-380.0,0.7948224,0.7916666666666666,0.0031557333333334103,0.000-0.005,Heavy Favorite (<-300),10208.875192303769,0.01514751999999998,154.639141152925,True,40.69451082971709,10249.569703133486,A
2025-02-18,connecticut_vs_villanova_20250218,Team A,Team B,A,Team A,-417.0,0.82981837,0.8065764023210832,0.02324196767891684,0.020-0.025,Heavy Favorite (<-300),10249.569703133486,0.12016097290000036,1231.5982673348874,True,295.3473063153208,10544.917009448807,A
2025-02-18,xavier_vs_butler_20250218,Team A,Team B,A,Team A,-325.0,0.76592594,0.7647058823529411,0.001220057647058903,0.000-0.005,Heavy Favorite (<-300),10544.917009448807,0.005185245000000158,54.677978198661044,True,16.823993291895707,10561.741002740702,A
2025-02-18,marquette_vs_seton hall_20250218,Team A,Team B,A,Team A,-2500.0,0.968594,0.9615384615384616,0.007055538461538391,0.005-0.010,Heavy Favorite (<-300),10561.741002740702,0.18344399999999947,1937.4880165067598,True,77.49952066027046,10639.240523400973,A
2025-02-18,akron_vs_northern illinois_20250218,Team A,Team B,A,Team A,-2400.0,0.9674219,0.96,0.007421899999999981,0.005-0.010,Heavy Favorite (<-300),10639.240523400973,0.18554750000000003,1974.0844810157423,True,82.25352004232275,10721.494043443296,A
2025-02-18,eastern-kentucky_vs_lipscomb_20250218,Team A,Team B,A,Team A,150.0,0.44508123,0.4,0.04508122999999997,0.045-0.050,Slight Underdog (+110 to +150),10721.494043443296,0.07513538333333332,805.5635648601618,True,1208.3453472902427,11929.839390733538,A
2025-02-18,iowa-state_vs_colorado_20250218,Team A,Team B,A,Team A,-2400.0,0.96483606,0.96,0.004836060000000031,0.000-0.005,Heavy Favorite (<-300),11929.839390733538,0.12090150000000134,1442.335477098787,True,60.097311545782894,11989.936702279321,A
2025-02-18,wyoming_vs_air force_20250218,Team A,Team B,A,Team A,-430.0,0.8353634,0.8113207547169812,0.024042645283018804,0.020-0.025,Heavy Favorite (<-300),11989.936702279321,0.12742601999999983,1527.829914023377,True,355.3092823310178,12345.24598461034,A
2025-02-18,san-diego-state_vs_fresno state_20250218,Team A,Team B,A,Team A,-2400.0,0.97011024,0.96,0.010110240000000048,0.010-0.015,Heavy Favorite (<-300),12345.24598461034,0.25,3086.311496152585,True,128.59631233969125,12473.84229695003,A
2025-02-19,missouri-kansas-city_vs_omaha_20250219,Team A,Team B,B,Team B,130.0,0.47217643,0.43478260869565216,0.03739382130434782,0.035-0.040,Slight Underdog (+110 to +150),12473.84229695003,0.06615829923076916,825.2481912390449,True,1072.8226486107583,13546.664945560788,B
2025-02-19,valparaiso_vs_missouri state_20250219,Team A,Team B,B,Team B,124.0,0.4538888,0.44642857142857145,0.007460228571428529,0.005-0.010,Slight Underdog (+110 to +150),13546.664945560788,0.013476541935483932,182.5621982248001,False,-182.5621982248001,13364.102747335988,A
2025-02-19,washington_vs_rutgers_20250219,Team A,Team B,B,Team B,127.0,0.4465236,0.44052863436123346,0.005994965638766558,0.005-0.010,Slight Underdog (+110 to +150),13364.102747335988,0.010715411023622123,143.20185389962273,True,181.86635445252088,13545.969101788509,B
2025-02-19,utah-state_vs_san jose state_20250219,Team A,Team B,A,Team A,-1800.0,0.95433635,0.9473684210526315,0.006967928947368529,0.005-0.010,Heavy Favorite (<-300),13545.969101788509,0.1323906500000014,1793.3596542657156,True,99.63109190365091,13645.60019369216,A
2025-02-19,detroit-mercy_vs_iu indy_20250219,Team A,Team B,B,Team B,101.0,0.50851303,0.4975124378109453,0.011000592189054748,0.010-0.015,Pick'em Underdog (+100 to +110),13645.60019369216,0.021892267623762354,298.7331313271722,True,301.7204626404439,13947.320656332604,B
2025-02-19,citadel_vs_mercer_20250219,Team A,Team B,B,Team B,-315.0,0.76221775,0.7590361445783133,0.003181605421686773,0.000-0.005,Heavy Favorite (<-300),13947.320656332604,0.01320366250000005,184.15571472549487,True,58.46213165888726,14005.782787991491,B
2025-02-19,florida-state_vs_miami (fl)_20250219,Team A,Team B,A,Team A,-434.0,0.8365009,0.8127340823970037,0.02376681760299626,0.020-0.025,Heavy Favorite (<-300),14005.782787991491,0.1269148060000003,1777.5412054160834,True,409.5717063170701,14415.354494308562,A
2025-02-20,binghamton_vs_new hampshire_20250220,Team A,Team B,A,Team A,-455.0,0.83835965,0.8198198198198198,0.01853983018018024,0.015-0.020,Heavy Favorite (<-300),14415.354494308562,0.10289605750000043,1483.2831449292635,True,325.99629558884925,14741.350789897411,A
2025-02-20,delaware_vs_drexel_20250220,Team A,Team B,B,Team B,124.0,0.44999415,0.44642857142857145,0.0035655785714285293,0.000-0.005,Slight Underdog (+110 to +150),14741.350789897411,0.006441045161290338,94.94970617615222,True,117.73763565842877,14859.08842555584,B
2025-02-20,dixie-state_vs_utah valley_20250220,Team A,Team B,B,Team B,-323.0,0.78035697,0.7635933806146572,0.016763589385342836,0.015-0.020,Heavy Favorite (<-300),14859.08842555584,0.07090998310000023,1053.6577091375736,True,326.20981707045627,15185.298242626295,B
2025-02-20,northern-colorado_vs_eastern washington_20250220,Team A,Team B,A,Team A,-450.0,0.83253604,0.8181818181818182,0.0143542218181818,0.010-0.015,Heavy Favorite (<-300),15185.298242626295,0.07894822000000057,1198.8522664244827,True,266.41161476099626,15451.709857387292,A
2025-02-20,le-moyne_vs_saint francis (pa)_20250220,Team A,Team B,B,Team B,150.0,0.4435665,0.4,0.04356649999999995,0.040-0.045,Slight Underdog (+110 to +150),15451.709857387292,0.07261083333333329,1121.9615291697717,True,1682.9422937546574,17134.65215114195,B
2025-02-20,florida-atlantic_vs_wichita state_20250220,Team A,Team B,A,Team A,-330.0,0.7692996,0.7674418604651163,0.0018577395348836623,0.000-0.005,Heavy Favorite (<-300),17134.65215114195,0.007988279999999752,136.87639908591996,False,-136.87639908591996,16997.77575205603,B
2025-02-20,appalachian-state_vs_georgia southern_20250220,Team A,Team B,A,Team A,-410.0,0.80744576,0.803921568627451,0.0035241913725490015,0.000-0.005,Heavy Favorite (<-300),16997.77575205603,0.017973376000000027,305.50741475538626,True,74.5140035988747,17072.289755654903,A
2025-02-20,bellarmine_vs_eastern kentucky_20250220,Team A,Team B,B,Team B,-380.0,0.79782669,0.7916666666666666,0.00616002333333332,0.005-0.010,Heavy Favorite (<-300),17072.289755654903,0.02956811199999957,504.7953755916495,False,-504.7953755916495,16567.494380063254,A
2025-02-20,abilene-christian_vs_southern utah_20250220,Team A,Team B,A,Team A,-310.0,0.75810266,0.7560975609756098,0.0020050990243902778,0.000-0.005,Heavy Favorite (<-300),16567.494380063254,0.008220906000000007,136.1998139540284,True,43.935423856138186,16611.429803919393,A
2025-02-20,san-francisco_vs_pacific_20250220,Team A,Team B,A,Team A,-1650.0,0.9469671,0.9428571428571428,0.0041099571428571124,0.000-0.005,Heavy Favorite (<-300),16611.429803919393,0.07192424999999837,1194.7646300745223,True,72.40997758027402,16683.839781499668,A
2025-02-20,troy_vs_louisiana_20250220,Team A,Team B,A,Team A,-1600.0,0.94411033,0.9411764705882353,0.0029338594117647165,0.000-0.005,Heavy Favorite (<-300),16683.839781499668,0.04987560999999996,832.116686244562,False,-832.116686244562,15851.723095255105,B
2025-02-20,stetson_vs_florida gulf coast_20250220,Team A,Team B,B,Team B,-700.0,0.875868976,0.875,0.0008689760000000213,0.000-0.005,Heavy Favorite (<-300),15851.723095255105,0.00695180799999973,110.19813542737492,True,15.742590775339268,15867.465686030444,B
2025-02-21,pennsylvania_vs_dartmouth_20250221,Team A,Team B,B,Team B,112.0,0.51028743,0.4716981132075472,0.03858931679245281,0.035-0.040,Slight Underdog (+110 to +150),15867.465686030444,0.07304406392857145,1159.0241779548217,False,-1159.0241779548217,14708.441508075623,A
2025-02-21,rider_vs_fairfield_20250221,Team A,Team B,B,Team B,143.0,0.42317885,0.411522633744856,0.011656216255144014,0.010-0.015,Slight Underdog (+110 to +150),14708.441508075623,0.019807416433566313,291.33622603920594,True,416.6108032360644,15125.052311311687,B
2025-02-21,princeton_vs_harvard_20250221,Team A,Team B,A,Team A,-382.0,0.7960194,0.7925311203319502,0.003488279668049876,0.000-0.005,Heavy Favorite (<-300),15125.052311311687,0.016813508,254.30518803665757,True,66.5720387530517,15191.624350064738,A
2025-02-22,old-dominion_vs_georgia state_20250222,Team A,Team B,B,Team B,122.0,0.4768205,0.45045045045045046,0.026370049549549524,0.025-0.030,Slight Underdog (+110 to +150),15191.624350064738,0.04798484426229497,728.9677285291444,True,889.340628805556,16080.964978870294,B
2025-02-22,oral-roberts_vs_st. thomas_20250222,Team A,Team B,B,Team B,-410.0,0.8069816,0.803921568627451,0.0030600313725489547,0.000-0.005,Heavy Favorite (<-300),16080.964978870294,0.015606159999999772,250.96211241464275,False,-250.96211241464275,15830.00286645565,A
2025-02-22,miami-fl_vs_virginia tech_20250222,Team A,Team B,B,Team B,114.0,0.4794545,0.4672897196261682,0.012164780373831785,0.010-0.015,Slight Underdog (+110 to +150),15830.00286645565,0.022835640350877102,361.48825221173485,True,412.0966075213776,16242.099473977029,B
2025-02-22,wisconsin_vs_oregon_20250222,Team A,Team B,A,Team A,-395.0,0.8221739,0.797979797979798,0.024194102020202002,0.020-0.025,Heavy Favorite (<-300),16242.099473977029,0.1197608050000001,1945.166907893567,False,-1945.166907893567,14296.932566083462,B
2025-02-22,pennsylvania_vs_harvard_20250222,Team A,Team B,B,Team B,124.0,0.4582102,0.44642857142857145,0.01178162857142856,0.010-0.015,Slight Underdog (+110 to +150),14296.932566083462,0.021282941935483975,304.28078565948425,True,377.30817421776055,14674.240740301222,B
2025-02-22,north-carolina-state_vs_wake forest_20250222,Team A,Team B,A,Team A,150.0,0.40873173,0.4,0.008731729999999993,0.005-0.010,Slight Underdog (+110 to +150),14674.240740301222,0.014552883333333341,213.55251349885077,True,320.32877024827616,14994.569510549498,A
2025-02-22,bradley_vs_murray state_20250222,Team A,Team B,A,Team A,-305.0,0.7548153,0.7530864197530864,0.0017288802469135334,0.000-0.005,Heavy Favorite (<-300),14994.569510549498,0.007001964999999721,104.99145090293054,True,34.42342652555099,15028.992937075049,A
2025-02-22,southeast-missouri-state_vs_lindenwood_20250222,Team A,Team B,A,Team A,-496.0,0.8362941,0.8322147651006712,0.004079334899328879,0.000-0.005,Heavy Favorite (<-300),15028.992937075049,0.02431283600000043,365.39744052427045,True,73.66883881537713,15102.661775890427,A
2025-02-22,mississippi_vs_vanderbilt_20250222,Team A,Team B,A,Team A,105.0,0.5211081,0.4878048780487805,0.033303221951219486,0.030-0.035,Pick'em Underdog (+100 to +110),15102.661775890427,0.06502057619047606,981.983770678274,False,-981.983770678274,14120.678005212152,B
2025-02-22,northern-colorado_vs_idaho_20250222,Team A,Team B,A,Team A,-470.0,0.84059376,0.8245614035087719,0.016032356491228028,0.015-0.020,Heavy Favorite (<-300),14120.678005212152,0.09138443200000008,1290.4101389612067,True,274.5553487151505,14395.233353927302,A
2025-02-22,saint-josephs_vs_richmond_20250222,Team A,Team B,A,Team A,-1200.0,0.927673,0.9230769230769231,0.004596076923076842,0.000-0.005,Heavy Favorite (<-300),14395.233353927302,0.05974899999999883,860.1007976637856,True,71.67506647198206,14466.908420399284,A
2025-02-22,furman_vs_vmi_20250222,Team A,Team B,A,Team A,-875.0,0.90402627,0.8974358974358975,0.0065903725641025535,0.005-0.010,Heavy Favorite (<-300),14466.908420399284,0.06425613250000047,929.5875843265488,True,106.23858106589132,14573.147001465175,A
2025-02-22,abilene-christian_vs_utah tech_20250222,Team A,Team B,A,Team A,-305.0,0.75619924,0.7530864197530864,0.003112820246913617,0.000-0.005,Heavy Favorite (<-300),14573.147001465175,0.012606922,183.72252754200534,True,60.23689427606731,14633.383895741243,A
2025-02-22,long-beach-state_vs_uc santa barbara_20250222,Team A,Team B,B,Team B,-325.0,0.76564693,0.7647058823529411,0.0009410476470588236,0.000-0.005,Heavy Favorite (<-300),14633.383895741243,0.003999452499999792,58.52552380527901,True,18.00785347854739,14651.39174921979,B
2025-02-22,liberty_vs_florida international_20250222,Team A,Team B,A,Team A,-1000.0,0.9130845,0.9090909090909091,0.003993590909090905,0.000-0.005,Heavy Favorite (<-300),14651.39174921979,0.04392950000000044,643.6283138473573,True,64.36283138473578,14715.754580604527,A
2025-02-22,james-madison_vs_georgia southern_20250222,Team A,Team B,A,Team A,-442.0,0.8201478,0.8154981549815498,0.004649645018450221,0.000-0.005,Heavy Favorite (<-300),14715.754580604527,0.02520107600000022,370.85284958316606,True,83.9033596342005,14799.657940238727,A
2025-02-22,jacksonville-state_vs_utep_20250222,Team A,Team B,B,Team B,150.0,0.44460285,0.4,0.04460284999999997,0.040-0.045,Slight Underdog (+110 to +150),14799.657940238727,0.07433808333333336,1100.1782052662952,False,-1100.1782052662952,13699.479734972432,A
2025-02-23,south-dakota-state_vs_kansas city_20250223,Team A,Team B,A,Team A,-540.0,0.85152954,0.84375,0.007779540000000029,0.005-0.010,Heavy Favorite (<-300),13699.479734972432,0.049789055999999894,682.0841636954061,True,126.3118821658159,13825.791617138248,A
2025-02-23,memphis_vs_florida atlantic_20250223,Team A,Team B,A,Team A,-395.0,0.81733084,0.797979797979798,0.01935104202020199,0.015-0.020,Heavy Favorite (<-300),13825.791617138248,0.09578765800000011,1324.3401990017069,True,335.2759997472676,14161.067616885515,A
2025-02-23,ucla_vs_ohio state_20250223,Team A,Team B,A,Team A,-315.0,0.7689471,0.7590361445783133,0.00991095542168674,0.005-0.010,Heavy Favorite (<-300),14161.067616885515,0.041130464999999915,582.4512959789419,True,184.9051733266482,14345.972790212163,A
2025-02-23,northern-kentucky_vs_iu indy_20250223,Team A,Team B,A,Team A,-425.0,0.84556836,0.8095238095238095,0.036044550476190484,0.035-0.040,Heavy Favorite (<-300),14345.972790212163,0.18923389000000027,2714.744236926005,True,638.7633498649426,14984.736140077106,A
2025-02-23,oakland_vs_cleveland state_20250223,Team A,Team B,B,Team B,130.0,0.45282619999999996,0.43478260869565216,0.018043591304347795,0.015-0.020,Slight Underdog (+110 to +150),14984.736140077104,0.03192327692307681,478.36188141891853,False,-478.36188141891853,14506.374258658187,A
2025-02-23,saint-peters_vs_sacred heart_20250223,Team A,Team B,B,Team B,108.0,0.49594784000000003,0.4807692307692308,0.015178609230769247,0.015-0.020,Pick'em Underdog (+100 to +110),14506.374258658187,0.029232877037037152,424.06305495659575,False,-424.06305495659575,14082.31120370159,A
2025-02-24,coppin-state_vs_howard_20250224,Team A,Team B,B,Team B,-363.0,0.79087074,0.7840172786177105,0.006853461382289483,0.005-0.010,Heavy Favorite (<-300),14082.31120370159,0.03173152620000044,446.8532269168168,False,-446.8532269168168,13635.457976784774,A
2025-02-24,west-georgia_vs_queens (nc)_20250224,Team A,Team B,B,Team B,-383.0,0.79597577,0.7929606625258799,0.003015107474120038,0.000-0.005,Heavy Favorite (<-300),13635.457976784774,0.014562969099999781,198.5727531802622,True,51.84667184863242,13687.304648633406,B
2025-02-24,hampton_vs_stony brook_20250224,Team A,Team B,A,Team A,-420.0,0.8423548,0.8076923076923077,0.03466249230769225,0.030-0.035,Heavy Favorite (<-300),13687.304648633406,0.1802449599999999,2467.067678900741,True,587.3970664049385,14274.701715038345,A
2025-02-25,ball-state_vs_akron_20250225,Team A,Team B,B,Team B,-315.0,0.76585604,0.7590361445783133,0.006819895421686706,0.005-0.010,Heavy Favorite (<-300),14274.701715038345,0.028302565999999755,404.0106874201825,True,128.2573610857722,14402.959076124118,B
2025-02-25,alabama_vs_mississippi state_20250225,Team A,Team B,A,Team A,-411.0,0.8207188,0.8043052837573386,0.016413516242661408,0.015-0.020,Heavy Favorite (<-300),14402.959076124118,0.08387306799999959,1208.0203659929693,True,293.9222301686056,14696.881306292724,A
2025-02-25,oklahoma-state_vs_iowa state_20250225,Team A,Team B,B,Team B,-650.0,0.86693715,0.8666666666666667,0.00027048333333334895,0.000-0.005,Heavy Favorite (<-300),14696.881306292724,0.0020286249999997437,29.81446083997431,False,-29.81446083997431,14667.06684545275,A
2025-02-25,pittsburgh_vs_georgia tech_20250225,Team A,Team B,A,Team A,-410.0,0.81002855,0.803921568627451,0.0061069813725489475,0.005-0.010,Heavy Favorite (<-300),14667.06684545275,0.031145604999999806,456.8146704770645,False,-456.8146704770645,14210.252174975685,B
2025-02-25,louisiana-state_vs_tennessee_20250225,Team A,Team B,B,Team B,-600.0,0.86284913,0.8571428571428571,0.005706272857142869,0.005-0.010,Heavy Favorite (<-300),14210.252174975685,0.03994391000000012,567.6130339545347,True,94.60217232575582,14304.854347301442,B
2025-02-25,marshall_vs_old dominion_20250225,Team A,Team B,A,Team A,-500.0,0.8421683,0.8333333333333334,0.00883496666666661,0.005-0.010,Heavy Favorite (<-300),14304.854347301442,0.053009799999999704,758.2974679795757,True,151.6594935959151,14456.513840897356,A
2025-02-26,oklahoma_vs_kentucky_20250226,Team A,Team B,A,Team A,136.0,0.4574392,0.423728813559322,0.033710386440677975,0.030-0.035,Slight Underdog (+110 to +150),14456.513840897356,0.05849743529411773,845.6689829864105,False,-845.6689829864105,13610.844857910946,B
2025-02-26,oregon-state_vs_san francisco_20250226,Team A,Team B,B,Team B,145.0,0.451877,0.40816326530612246,0.043713734693877515,0.040-0.045,Slight Underdog (+110 to +150),13610.844857910946,0.07386113793103445,1005.3124894080714,True,1457.7031096417038,15068.54796755265,B
2025-02-26,southern-mississippi_vs_south alabama_20250226,Team A,Team B,B,Team B,-303.0,0.76945081,0.7518610421836228,0.017589767816377222,0.015-0.020,Heavy Favorite (<-300),15068.54796755265,0.07088676430000014,1068.1606081191508,True,352.5282535046702,15421.07622105732,B
2025-02-26,george-mason_vs_fordham_20250226,Team A,Team B,A,Team A,-850.0,0.9083334,0.8947368421052632,0.013596557894736794,0.010-0.015,Heavy Favorite (<-300),15421.07622105732,0.12916729999999976,1991.8987785681734,True,234.34103277272632,15655.417253830046,A
2025-02-26,florida-gulf-coast_vs_bellarmine_20250226,Team A,Team B,A,Team A,-968.0,0.9115289,0.9063670411985019,0.005161858801498109,0.005-0.010,Heavy Favorite (<-300),15655.417253830046,0.05512865199999963,863.0620497011865,True,89.15930265508125,15744.576556485128,A
2025-02-26,east-tennessee-state_vs_mercer_20250226,Team A,Team B,A,Team A,-410.0,0.82405305,0.803921568627451,0.020131481372548943,0.020-0.025,Heavy Favorite (<-300),15744.576556485128,0.1026705549999998,1616.5044132943137,True,394.26936909617405,16138.845925581301,A
2025-02-26,tulane_vs_charlotte_20250226,Team A,Team B,A,Team A,-338.0,0.7892796,0.771689497716895,0.01759010228310498,0.015-0.020,Heavy Favorite (<-300),16138.845925581301,0.07704464799999974,1243.4117034626415,True,367.87328504811876,16506.71921062942,A
2025-02-26,evansville_vs_drake_20250226,Team A,Team B,B,Team B,-425.0,0.81600818,0.8095238095238095,0.0064843704761904375,0.005-0.010,Heavy Favorite (<-300),16506.71921062942,0.03404294500000007,561.9373342179019,True,132.22054922774166,16638.939759857163,B
2025-02-27,oral-roberts_vs_south dakota state_20250227,Team A,Team B,B,Team B,-326.0,0.77959788,0.7652582159624414,0.014339664037558597,0.010-0.015,Heavy Favorite (<-300),16638.939759857163,0.061086968799999905,1016.4223939754725,True,311.78601042192406,16950.72577027909,B
2025-02-27,central-connecticut-state_vs_le moyne_20250227,Team A,Team B,A,Team A,-900.0,0.90187913,0.9,0.0018791299999999511,0.000-0.005,Heavy Favorite (<-300),16950.72577027909,0.018791300000000087,318.5261731670469,True,35.39179701856079,16986.11756729765,A
2025-02-27,green-bay_vs_detroit mercy_20250227,Team A,Team B,B,Team B,145.0,0.43474029999999997,0.40816326530612246,0.02657703469387751,0.025-0.030,Slight Underdog (+110 to +150),16986.11756729765,0.044906024137930996,762.779005486802,False,-762.779005486802,16223.338561810848,A
2025-02-27,tarleton-state_vs_abilene christian_20250227,Team A,Team B,B,Team B,105.0,0.50984493,0.4878048780487805,0.022040051951219497,0.020-0.025,Pick'em Underdog (+100 to +110),16223.338561810848,0.04303057761904751,698.0996292240883,False,-698.0996292240883,15525.238932586759,A
2025-02-27,saint-marys-ca_vs_loyola marymount_20250227,Team A,Team B,A,Team A,-1050.0,0.9185782,0.9130434782608695,0.005534721739130499,0.005-0.010,Heavy Favorite (<-300),15525.238932586759,0.06364930000000109,988.1705903919113,True,94.11148479922976,15619.35041738599,A
2025-02-27,sacramento-state_vs_montana_20250227,Team A,Team B,B,Team B,-380.0,0.82298698,0.7916666666666666,0.031320313333333405,0.030-0.035,Heavy Favorite (<-300),15619.35041738599,0.15033750399999998,2348.1741558511676,True,617.9405673292545,16237.290984715244,B
2025-02-28,cornell_vs_pennsylvania_20250228,Team A,Team B,A,Team A,-410.0,0.8404085,0.803921568627451,0.03648693137254899,0.035-0.040,Heavy Favorite (<-300),16237.290984715244,0.18608335000000004,3021.489501360612,True,736.948658868442,16974.239643583685,A
2025-03-01,tennessee-state_vs_southern indiana_20250301,Team A,Team B,A,Team A,-354.0,0.7846986,0.7797356828193832,0.00496291718061681,0.000-0.005,Heavy Favorite (<-300),16974.239643583685,0.022531644000000236,382.4575248199185,True,108.03884881918604,17082.27849240287,A
2025-03-01,george-washington_vs_la salle_20250301,Team A,Team B,A,Team A,-475.0,0.84351933,0.8260869565217391,0.017432373478260876,0.015-0.020,Heavy Favorite (<-300),17082.27849240287,0.10023614750000003,1712.2617866005723,True,360.47616560012045,17442.754658002992,A
2025-03-01,st-thomas-mn_vs_kansas city_20250301,Team A,Team B,A,Team A,-442.0,0.820584,0.8154981549815498,0.005085845018450219,0.005-0.010,Heavy Favorite (<-300),17442.754658002992,0.027565280000000157,480.81441611915943,True,108.78154210840715,17551.5362001114,A
2025-03-01,vanderbilt_vs_missouri_20250301,Team A,Team B,A,Team A,120.0,0.48161298,0.45454545454545453,0.027067525454545494,0.025-0.030,Slight Underdog (+110 to +150),17551.5362001114,0.049623796666666734,870.9738635819687,True,1045.1686362983626,18596.704836409765,A
2025-03-01,florida_vs_texas a&m_20250301,Team A,Team B,A,Team A,-440.0,0.8235385,0.8148148148148148,0.008723685185185182,0.005-0.010,Heavy Favorite (<-300),18596.704836409765,0.04710789999999981,876.051711763104,True,199.10266176434183,18795.807498174105,A
2025-03-01,radford_vs_charleston southern_20250301,Team A,Team B,A,Team A,-500.0,0.8363464,0.8333333333333334,0.003013066666666675,0.000-0.005,Heavy Favorite (<-300),18795.807498174105,0.018078400000000053,339.7981262749917,True,67.95962525499833,18863.767123429105,A
2025-03-01,georgia-tech_vs_nc state_20250301,Team A,Team B,B,Team B,140.0,0.4168273,0.4166666666666667,0.00016063333333332652,0.000-0.005,Slight Underdog (+110 to +150),18863.767123429105,0.0002753714285714486,5.194542501017799,False,-5.194542501017799,18858.57258092809,A
2025-03-01,denver_vs_south dakota state_20250301,Team A,Team B,B,Team B,-375.0,0.79320756,0.7894736842105263,0.0037338757894737062,0.000-0.005,Heavy Favorite (<-300),18858.57258092809,0.01773590999999995,334.47394602380734,False,-334.47394602380734,18524.09863490428,A
2025-03-01,cal-poly_vs_cal state bakersfield_20250301,Team A,Team B,B,Team B,149.0,0.417312,0.40160642570281124,0.015705574297188774,0.015-0.020,Slight Underdog (+110 to +150),18524.09863490428,0.02624622818791958,486.1877197472273,False,-486.1877197472273,18037.910915157052,A
2025-03-01,boston-university_vs_lafayette_20250301,Team A,Team B,B,Team B,130.0,0.45533520000000005,0.43478260869565216,0.02055259130434789,0.020-0.025,Slight Underdog (+110 to +150),18037.910915157052,0.036362276923076996,655.8995118107339,False,-655.8995118107339,17382.011403346318,A
2025-03-01,oregon_vs_southern california_20250301,Team A,Team B,A,Team A,-330.0,0.7779813,0.7674418604651163,0.010539439534883677,0.010-0.015,Heavy Favorite (<-300),17382.011403346318,0.04531958999999979,787.7456301749761,True,238.71079702272,17620.722200369037,A
2025-03-01,mercer_vs_western carolina_20250301,Team A,Team B,A,Team A,-397.0,0.8405507,0.7987927565392354,0.04175794346076456,0.040-0.045,Heavy Favorite (<-300),17620.722200369037,0.20753697899999965,3656.9514532628164,True,921.1464617790466,18541.868662148085,A
2025-03-01,massachusetts-lowell_vs_binghamton_20250301,Team A,Team B,A,Team A,-410.0,0.8131637,0.803921568627451,0.009242131372549034,0.005-0.010,Heavy Favorite (<-300),18541.868662148085,0.04713487000000021,873.9685689474278,True,213.1630655969336,18755.03172774502,A
2025-03-01,milwaukee_vs_detroit mercy_20250301,Team A,Team B,A,Team A,-2300.0,0.9618285,0.9583333333333334,0.003495166666666605,0.000-0.005,Heavy Favorite (<-300),18755.03172774502,0.08388399999999883,1573.2470814501414,True,68.40204701957133,18823.43377476459,A
2025-03-01,wake-forest_vs_notre dame_20250301,Team A,Team B,A,Team A,-470.0,0.8409641,0.8245614035087719,0.016402696491228053,0.015-0.020,Heavy Favorite (<-300),18823.43377476459,0.09349537000000027,1759.9039054421173,True,374.4476394557698,19197.881414220363,A
2025-03-01,william-mary_vs_northeastern_20250301,Team A,Team B,B,Team B,137.0,0.45168660000000005,0.4219409282700422,0.029745671729957845,0.025-0.030,Slight Underdog (+110 to +150),19197.881414220363,0.051457840875912535,987.8815269675902,True,1353.3976919455986,20551.279106165963,B
2025-03-01,nebraska-omaha_vs_oral roberts_20250301,Team A,Team B,A,Team A,-550.0,0.86359406,0.8461538461538461,0.017440213846153907,0.015-0.020,Heavy Favorite (<-300),20551.279106165963,0.11336139000000056,2329.7215657529428,True,423.5857392278079,20974.86484539377,A
2025-03-01,california_vs_boston college_20250301,Team A,Team B,A,Team A,-410.0,0.8292762,0.803921568627451,0.025354631372549008,0.025-0.030,Heavy Favorite (<-300),20974.86484539377,0.12930862000000007,2712.2308278443834,True,661.5197141083862,21636.384559502156,A
2025-03-01,maryland-baltimore-county_vs_vermont_20250301,Team A,Team B,B,Team B,-341.0,0.77556875,0.7732426303854876,0.0023261196145124563,0.000-0.005,Heavy Favorite (<-300),21636.384559502156,0.01025818750000003,221.95008963347865,True,65.08800282506705,21701.472562327224,B
2025-03-01,northern-kentucky_vs_youngstown state_20250301,Team A,Team B,B,Team B,130.0,0.45046335000000004,0.43478260869565216,0.01568074130434788,0.015-0.020,Slight Underdog (+110 to +150),21701.472562327224,0.027742850000000048,602.0606980757609,False,-602.0606980757609,21099.411864251462,A
2025-03-01,mississippi_vs_oklahoma_20250301,Team A,Team B,A,Team A,-340.0,0.773011,0.7727272727272727,0.0002837272727272966,0.000-0.005,Heavy Favorite (<-300),21099.411864251462,0.001248400000000177,26.34050577133526,True,7.747207579804489,21107.159071831265,A
2025-03-01,villanova_vs_butler_20250301,Team A,Team B,A,Team A,-375.0,0.79592097,0.7894736842105263,0.006447285789473622,0.005-0.010,Heavy Favorite (<-300),21107.159071831265,0.030624607499999547,646.3984620148873,True,172.37292320396992,21279.531995035235,A
2025-03-01,colgate_vs_american_20250301,Team A,Team B,B,Team B,136.0,0.4565625,0.423728813559322,0.03283368644067797,0.030-0.035,Slight Underdog (+110 to +150),21279.531995035235,0.05697610294117657,1212.424805489188,True,1648.8977354652961,22928.42973050053,B
2025-03-01,citadel_vs_east tennessee state_20250301,Team A,Team B,B,Team B,-737.0,0.884942636,0.8805256869772998,0.004416949022700178,0.000-0.005,Heavy Favorite (<-300),22928.42973050053,0.036969863320000296,847.6609132788359,True,115.01504929156529,23043.444779792095,B
2025-03-02,indiana-state_vs_southern illinois_20250302,Team A,Team B,B,Team B,130.0,0.4728186,0.43478260869565216,0.038035991304347816,0.035-0.040,Slight Underdog (+110 to +150),23043.444779792095,0.06729444615384607,1550.6958539328443,False,-1550.6958539328443,21492.74892585925,A
2025-03-02,liberty_vs_kennesaw state_20250302,Team A,Team B,A,Team A,-410.0,0.8060063,0.803921568627451,0.0020847313725489425,0.000-0.005,Heavy Favorite (<-300),21492.74892585925,0.010632129999999768,228.51370063709092,False,-228.51370063709092,21264.23522522216,B
2025-03-02,austin-peay_vs_north florida_20250302,Team A,Team B,A,Team A,150.0,0.40043214,0.4,0.00043213999999996977,0.000-0.005,Slight Underdog (+110 to +150),21264.23522522216,0.0007202333333333014,15.315211017045163,True,22.972816525567744,21287.20804174773,A
2025-03-02,east-carolina_vs_charlotte_20250302,Team A,Team B,A,Team A,-550.0,0.85634995,0.8461538461538461,0.010196103846153881,0.010-0.015,Heavy Favorite (<-300),21287.20804174773,0.0662746750000005,1410.802794624228,True,256.509599022587,21543.717640770315,A
2025-03-02,marist_vs_saint peter's_20250302,Team A,Team B,B,Team B,146.0,0.4180201,0.4065040650406504,0.011516034959349608,0.010-0.015,Slight Underdog (+110 to +150),21543.717640770315,0.019403730136986288,418.0284832489381,True,610.3215855434496,22154.039226313766,B
2025-03-03,texas-pan-american_vs_southeastern louisiana_20250303,Team A,Team B,A,Team A,114.0,0.46844637,0.4672897196261682,0.0011566503738317802,0.000-0.005,Slight Underdog (+110 to +150),22154.039226313766,0.002171255964912164,48.102089817031825,True,54.836382391416265,22208.87560870518,A
2025-03-03,weber-state_vs_northern colorado_20250303,Team A,Team B,B,Team B,-310.0,0.76471566,0.7560975609756098,0.008618099024390258,0.005-0.010,Heavy Favorite (<-300),22208.87560870518,0.03533420599999996,784.7329857863633,True,253.1396728343107,22462.01528153949,B
2025-03-03,north-alabama_vs_austin peay_20250303,Team A,Team B,A,Team A,-850.0,0.9013176,0.8947368421052632,0.006580757894736888,0.005-0.010,Heavy Favorite (<-300),22462.01528153949,0.06251720000000073,1404.262301759077,True,165.20732961871497,22627.222611158206,A
2025-03-03,north-texas_vs_wichita state_20250303,Team A,Team B,A,Team A,-315.0,0.76207155,0.7590361445783133,0.0030354054216867876,0.000-0.005,Heavy Favorite (<-300),22627.222611158206,0.01259693250000014,285.03359589523683,True,90.48685583975772,22717.709466997963,A
2025-03-03,south-carolina-state_vs_howard_20250303,Team A,Team B,A,Team A,-515.0,0.8487885,0.8373983739837398,0.011390126016260105,0.010-0.015,Heavy Favorite (<-300),22717.709466997963,0.07004927499999936,1591.359077823829,True,309.0017626842385,23026.7112296822,A
2025-03-03,northwestern-state_vs_incarnate word_20250303,Team A,Team B,B,Team B,140.0,0.4221494,0.4166666666666667,0.005482733333333323,0.005-0.010,Slight Underdog (+110 to +150),23026.7112296822,0.009398971428571379,216.42740094174673,False,-216.42740094174673,22810.283828740456,A
2025-03-03,coppin-state_vs_maryland eastern shore_20250303,Team A,Team B,B,Team B,136.0,0.47041935,0.423728813559322,0.046690536440678,0.045-0.050,Slight Underdog (+110 to +150),22810.283828740456,0.0810218132352942,1848.1305562162606,True,2513.457556454115,25323.74138519457,B
2025-03-04,iowa-state_vs_brigham young_20250304,Team A,Team B,A,Team A,-460.0,0.8230524,0.8214285714285714,0.0016238285714286205,0.000-0.005,Heavy Favorite (<-300),25323.74138519457,0.009093440000000449,230.2799228617951,False,-230.2799228617951,25093.461462332776,B
2025-03-04,colorado-state_vs_san jose state_20250304,Team A,Team B,A,Team A,-2400.0,0.9656155,0.96,0.0056154999999999955,0.005-0.010,Heavy Favorite (<-300),25093.461462332776,0.14038750000000053,3522.808321043256,True,146.78368004346927,25240.245142376247,A
2025-03-04,virginia-tech_vs_north carolina_20250304,Team A,Team B,B,Team B,-375.0,0.78973146,0.7894736842105263,0.00025777578947372426,0.000-0.005,Heavy Favorite (<-300),25240.245142376247,0.0012244350000001002,30.90503956090799,True,8.241343882908795,25248.486486259157,B
2025-03-04,buffalo_vs_miami (oh)_20250304,Team A,Team B,B,Team B,-400.0,0.80651407,0.8,0.006514069999999927,0.005-0.010,Heavy Favorite (<-300),25248.486486259157,0.03257034999999986,822.3520418277274,True,205.58801045693184,25454.07449671609,B
2025-03-04,wright-state_vs_iu indy_20250304,Team A,Team B,A,Team A,-475.0,0.8426363,0.8260869565217391,0.01654934347826087,0.015-0.020,Heavy Favorite (<-300),25454.07449671609,0.09515872499999999,2422.1772751625194,True,509.93205792895145,25964.006554645042,A
2025-03-04,georgia-tech_vs_miami (fl)_20250304,Team A,Team B,A,Team A,-550.0,0.8564498,0.8461538461538461,0.010295953846153894,0.010-0.015,Heavy Favorite (<-300),25964.006554645042,0.06692370000000052,1737.6073854611118,True,315.92861553838407,26279.935170183428,A
2025-03-04,arizona_vs_arizona state_20250304,Team A,Team B,A,Team A,-2400.0,0.9615189,0.96,0.0015188999999999897,0.000-0.005,Heavy Favorite (<-300),26279.935170183428,0.03797250000000056,997.9148382498049,True,41.57978492707528,26321.514955110502,A
2025-03-04,tulsa_vs_temple_20250304,Team A,Team B,B,Team B,120.0,0.48609480000000005,0.45454545454545453,0.03154934545454552,0.030-0.035,Slight Underdog (+110 to +150),26321.514955110502,0.057840466666666805,1522.4487083772408,True,1826.9384500526892,28148.453405163193,B
2025-03-04,mississippi-state_vs_texas_20250304,Team A,Team B,A,Team A,-311.0,0.7603064,0.7566909975669099,0.003615402433090109,0.000-0.005,Heavy Favorite (<-300),28148.453405163193,0.014859303999999946,418.2664262771535,False,-418.2664262771535,27730.18697888604,B
2025-03-04,vanderbilt_vs_arkansas_20250304,Team A,Team B,A,Team A,-350.0,0.79466474,0.7777777777777778,0.01688696222222219,0.015-0.020,Heavy Favorite (<-300),27730.18697888604,0.07599132999999964,2107.253789674222,False,-2107.253789674222,25622.933189211817,B
2025-03-05,north-carolina-state_vs_pittsburgh_20250305,Team A,Team B,A,Team A,133.0,0.4297514,0.4291845493562232,0.0005668506437768173,0.000-0.005,Slight Underdog (+110 to +150),25622.933189211817,0.0009930541353384108,25.444959763046608,True,33.84179648485199,25656.77498569667,A
2025-03-05,george-mason_vs_la salle_20250305,Team A,Team B,A,Team A,-1000.0,0.91540766,0.9090909090909091,0.006316750909090896,0.005-0.010,Heavy Favorite (<-300),25656.77498569667,0.0694842600000003,1782.7420238676514,True,178.2742023867653,25835.049188083434,A
2025-03-05,providence_vs_depaul_20250305,Team A,Team B,A,Team A,-385.0,0.8238996,0.7938144329896907,0.030085167010309277,0.030-0.035,Heavy Favorite (<-300),25835.049188083434,0.14591306,3769.67108228377,False,-3769.67108228377,22065.378105799664,B
2025-03-06,bucknell_vs_loyola (md)_20250306,Team A,Team B,A,Team A,-420.0,0.83573884,0.8076923076923077,0.028046532307692273,0.025-0.030,Heavy Favorite (<-300),22065.378105799664,0.14584196800000007,3218.058167613937,True,766.204325622366,22831.58243142203,A
2025-03-06,california-baptist_vs_tarleton state_20250306,Team A,Team B,A,Team A,-376.0,0.8259953,0.7899159663865546,0.0360793336134454,0.035-0.040,Heavy Favorite (<-300),22831.58243142203,0.17173762799999992,3921.04181025889,True,1042.830268685875,23874.412700107903,A
2025-03-06,south-carolina-state_vs_north carolina central_20250306,Team A,Team B,A,Team A,-485.0,0.8491663,0.8290598290598291,0.02010647094017093,0.020-0.025,Heavy Favorite (<-300),23874.412700107903,0.11762285500000001,2808.1765832349506,True,579.0054810793711,24453.418181187273,A
2025-03-06,southern-utah_vs_seattle_20250306,Team A,Team B,B,Team B,-380.0,0.7988658,0.7916666666666666,0.00719913333333333,0.005-0.010,Heavy Favorite (<-300),24453.418181187273,0.034555839999999644,845.0084061221897,True,222.37063319004986,24675.788814377323,B
2025-03-06,north-texas_vs_charlotte_20250306,Team A,Team B,A,Team A,-1250.0,0.92782575,0.9259259259259259,0.0018998240740740746,0.000-0.005,Heavy Favorite (<-300),24675.788814377323,0.025647625000000857,632.8753780903653,True,50.63003024722927,24726.418844624553,A
2025-03-06,quinnipiac_vs_mount st. mary's_20250306,Team A,Team B,A,Team A,-500.0,0.8428636,0.8333333333333334,0.009530266666666676,0.005-0.010,Heavy Favorite (<-300),24726.418844624553,0.05718160000000015,1413.896191805787,True,282.77923836115735,25009.19808298571,A
2025-03-06,rider_vs_canisius_20250306,Team A,Team B,A,Team A,-516.0,0.8461075,0.8376623376623377,0.008445162337662349,0.005-0.010,Heavy Favorite (<-300),25009.19808298571,0.05202219999999969,1301.0335045126915,True,252.13827606835093,25261.33635905406,A
2025-03-07,northern-iowa_vs_valparaiso_20250307,Team A,Team B,A,Team A,-440.0,0.8148954,0.8148148148148148,8.058518518527791e-05,0.000-0.005,Heavy Favorite (<-300),25261.33635905406,0.00043516000000030084,10.992723130013564,False,-10.992723130013564,25250.343635924048,B
2025-03-07,miami-oh_vs_ball state_20250307,Team A,Team B,A,Team A,-536.0,0.8577038,0.8427672955974843,0.014936504402515705,0.010-0.015,Heavy Favorite (<-300),25250.343635924048,0.09499616799999996,2398.6858860959705,True,447.5160235253676,25697.859659449416,A
2025-03-07,arkansas-little-rock_vs_southeast missouri state_20250307,Team A,Team B,A,Team A,139.0,0.43165734,0.41841004184100417,0.013247298158995835,0.010-0.015,Slight Underdog (+110 to +150),25697.859659449416,0.022777728489208574,585.3388700767247,False,-585.3388700767247,25112.52078937269,B
2025-03-07,akron_vs_buffalo_20250307,Team A,Team B,A,Team A,-2800.0,0.96781653,0.9655172413793104,0.0022992886206896213,0.000-0.005,Heavy Favorite (<-300),25112.52078937269,0.06667937000000261,1674.4870653473392,True,59.80310947669085,25172.323898849383,A
2025-03-07,north-dakota_vs_south dakota state_20250307,Team A,Team B,B,Team B,-380.0,0.79294027,0.7916666666666666,0.001273603333333373,0.000-0.005,Heavy Favorite (<-300),25172.323898849383,0.006113295999999847,153.8858670015365,False,-153.8858670015365,25018.438031847847,A
2025-03-08,davidson_vs_st. bonaventure_20250308,Team A,Team B,B,Team B,113.0,0.47146010000000005,0.4694835680751174,0.001976531924882674,0.000-0.005,Slight Underdog (+110 to +150),25018.438031847847,0.0037256752212389494,93.21057464935767,True,105.32794935377416,25123.76598120162,B
2025-03-08,cornell_vs_columbia_20250308,Team A,Team B,A,Team A,-550.0,0.85664624,0.8461538461538461,0.010492393846153858,0.010-0.015,Heavy Favorite (<-300),25123.76598120162,0.06820056000000031,1713.4549092269078,True,311.5372562230743,25435.303237424694,A
2025-03-08,arkansas-state_vs_marshall_20250308,Team A,Team B,A,Team A,-360.0,0.7981891,0.782608695652174,0.015580404347826038,0.015-0.020,Heavy Favorite (<-300),25435.303237424694,0.07166985999999963,1822.9446220837651,True,506.373506134379,25941.676743559074,A
2025-03-08,oklahoma-state_vs_cincinnati_20250308,Team A,Team B,A,Team A,145.0,0.41807345,0.40816326530612246,0.009910184693877555,0.005-0.010,Slight Underdog (+110 to +150),25941.676743559074,0.016744794827586305,434.3880545544639,True,629.8626791039727,26571.539422663045,A
2025-03-08,north-dakota_vs_st. thomas_20250308,Team A,Team B,B,Team B,-375.0,0.79824385,0.7894736842105263,0.00877016578947365,0.005-0.010,Heavy Favorite (<-300),26571.539422663045,0.04165828749999976,1106.9248285868748,True,295.17995428983323,26866.71937695288,B
2025-03-08,auburn_vs_alabama_20250308,Team A,Team B,A,Team A,-318.0,0.7696064,0.7607655502392344,0.008840849760765601,0.005-0.010,Heavy Favorite (<-300),26866.71937695288,0.03695475199999996,992.852951628887,False,-992.852951628887,25873.86642532399,B
2025-03-08,clemson_vs_virginia tech_20250308,Team A,Team B,A,Team A,-2200.0,0.96501666,0.9565217391304348,0.008494920869565159,0.005-0.010,Heavy Favorite (<-300),25873.86642532399,0.19538317999999863,5055.318301074998,True,229.7871955034088,26103.6536208274,A
2025-03-08,manhattan_vs_siena_20250308,Team A,Team B,B,Team B,142.0,0.423837,0.4132231404958678,0.01061385950413224,0.010-0.015,Slight Underdog (+110 to +150),26103.6536208274,0.01808840845070423,472.17354874923046,False,-472.17354874923046,25631.48007207817,A
2025-03-08,massachusetts_vs_loyola chicago_20250308,Team A,Team B,A,Team A,142.0,0.43753552,0.4132231404958678,0.02431237950413223,0.020-0.025,Slight Underdog (+110 to +150),25631.48007207817,0.041433773521126684,1062.0089403177587,False,-1062.0089403177587,24569.471131760412,B
2025-03-08,belmont_vs_drake_20250308,Team A,Team B,B,Team B,-343.0,0.77553138,0.7742663656884876,0.0012650143115123802,0.000-0.005,Heavy Favorite (<-300),24569.471131760412,0.005604013400000168,137.68764545330265,True,40.142170686094076,24609.613302446505,B
2025-03-08,brown_vs_yale_20250308,Team A,Team B,B,Team B,-350.0,0.7803491499999999,0.7777777777777778,0.002571372222222146,0.000-0.005,Heavy Favorite (<-300),24609.613302446505,0.011571174999999342,284.7621422049202,True,81.3606120585486,24690.973914505055,B
2025-03-08,drexel_vs_elon_20250308,Team A,Team B,A,Team A,102.0,0.51712203,0.49504950495049505,0.022072525049504965,0.020-0.025,Pick'em Underdog (+100 to +110),24690.973914505055,0.0437122554901961,1079.2981600526123,True,1100.8841232536645,25791.85803775872,A
2025-03-08,dixie-state_vs_seattle_20250308,Team A,Team B,B,Team B,-368.0,0.80292,0.7863247863247863,0.01659521367521366,0.015-0.020,Heavy Favorite (<-300),25791.85803775872,0.07766560000000013,2003.140129617357,True,544.3315569612384,26336.18959471996,B
2025-03-08,princeton_vs_pennsylvania_20250308,Team A,Team B,A,Team A,-375.0,0.83369946,0.7894736842105263,0.04422577578947362,0.040-0.045,Heavy Favorite (<-300),26336.18959471996,0.21007243499999959,5532.507476784474,True,1475.3353271425262,27811.524921862485,A
2025-03-08,florida-state_vs_smu_20250308,Team A,Team B,A,Team A,130.0,0.44274855,0.43478260869565216,0.007965941304347857,0.005-0.010,Slight Underdog (+110 to +150),27811.524921862485,0.014093588461538454,391.9641867365503,True,509.5534427575153,28321.07836462,A
2025-03-08,ucla_vs_southern california_20250308,Team A,Team B,A,Team A,-491.0,0.85368574,0.8307952622673435,0.02289047773265651,0.020-0.025,Heavy Favorite (<-300),28321.07836462,0.1352827234000003,3831.3526107906205,True,780.3162140103101,29101.39457863031,A
2025-03-08,harvard_vs_dartmouth_20250308,Team A,Team B,B,Team B,105.0,0.5000574600000001,0.4878048780487805,0.012252581951219588,0.010-0.015,Pick'em Underdog (+100 to +110),29101.39457863031,0.023921707619047675,696.1550524165333,False,-696.1550524165333,28405.239526213776,A
2025-03-08,high-point_vs_radford_20250308,Team A,Team B,A,Team A,-450.0,0.84914374,0.8181818181818182,0.030961921818181803,0.030-0.035,Heavy Favorite (<-300),28405.239526213776,0.1702905700000005,4837.144429905488,True,1074.9209844234424,29480.16051063722,A
2025-03-08,san-diego-state_vs_nevada_20250308,Team A,Team B,A,Team A,-303.0,0.75334173,0.7518610421836228,0.0014806878163772241,0.000-0.005,Heavy Favorite (<-300),29480.16051063722,0.005967171900000166,175.91318540656894,True,58.05715689985774,29538.217667537076,A
2025-03-08,furman_vs_samford_20250308,Team A,Team B,A,Team A,142.0,0.41937605,0.4132231404958678,0.00615290950413222,0.005-0.010,Slight Underdog (+110 to +150),29538.217667537076,0.010485944366197198,309.7361071384169,True,439.825272136552,29978.04293967363,A
2025-03-09,michigan-state_vs_michigan_20250309,Team A,Team B,A,Team A,-360.0,0.784795,0.782608695652174,0.0021863043478260735,0.000-0.005,Heavy Favorite (<-300),29978.04293967363,0.010056999999999842,301.48917784429295,True,83.74699384563691,30061.789933519267,A
2025-03-09,college-of-charleston_vs_monmouth_20250309,Team A,Team B,A,Team A,-393.0,0.8144948,0.7971602434077079,0.017334556592292105,0.015-0.020,Heavy Favorite (<-300),30061.789933519267,0.08545936399999998,2569.0614484201583,True,653.7052031603457,30715.495136679612,A
2025-03-09,american_vs_colgate_20250309,Team A,Team B,B,Team B,136.0,0.43552643,0.423728813559322,0.011797616440678005,0.010-0.015,Slight Underdog (+110 to +150),30715.495136679612,0.020472334411764832,628.8178880610413,False,-628.8178880610413,30086.67724861857,A
2025-03-10,saint-marys-ca_vs_pepperdine_20250310,Team A,Team B,A,Team A,-2800.0,0.9684756,0.9655172413793104,0.002958358620689605,0.000-0.005,Heavy Favorite (<-300),30086.67724861857,0.08579240000000221,2581.2082491844503,True,92.1860088994449,30178.863257518013,A
2025-03-11,central-florida_vs_utah_20250311,Team A,Team B,A,Team A,114.0,0.5021871,0.4672897196261682,0.03489738037383178,0.030-0.035,Slight Underdog (+110 to +150),30178.863257518013,0.0655091175438595,1976.9907004768102,True,2253.769398543563,32432.632656061574,A
2025-03-11,mcneese-state_vs_northwestern state_20250311,Team A,Team B,A,Team A,-1650.0,0.94437337,0.9428571428571428,0.0015162271428571517,0.000-0.005,Heavy Favorite (<-300),32432.632656061574,0.026533974999998967,860.5666640800879,True,52.15555539879316,32484.788211460367,A
2025-03-12,grand-canyon_vs_ut arlington_20250312,Team A,Team B,A,Team A,-440.0,0.835525,0.8148148148148148,0.020710185185185193,0.020-0.025,Heavy Favorite (<-300),32484.78821146037,0.11183499999999988,3632.936289628666,True,825.6673385519697,33310.45555001234,A
2025-03-12,southern-methodist_vs_syracuse_20250312,Team A,Team B,A,Team A,-452.0,0.8523572,0.8188405797101449,0.03351662028985514,0.030-0.035,Heavy Favorite (<-300),33310.45555001234,0.18501174400000056,6162.825474742281,True,1363.4569634385584,34673.912513450894,A
2025-03-12,texas_vs_vanderbilt_20250312,Team A,Team B,A,Team A,133.0,0.43689638,0.4291845493562232,0.007711830643776785,0.005-0.010,Slight Underdog (+110 to +150),34673.912513450894,0.013510199548872115,468.4514771968554,True,623.0404646718177,35296.95297812271,A
2025-03-12,la-salle_vs_massachusetts_20250312,Team A,Team B,A,Team A,130.0,0.44656312,0.43478260869565216,0.011780511304347818,0.010-0.015,Slight Underdog (+110 to +150),35296.95297812271,0.020842443076922994,735.6747332353501,True,956.377153205955,36253.330131328665,A
2025-03-12,quinnipiac_vs_rider_20250312,Team A,Team B,A,Team A,-410.0,0.8309396,0.803921568627451,0.02701803137254899,0.025-0.030,Heavy Favorite (<-300),36253.330131328665,0.13779196000000002,4995.417415322835,True,1218.3944915421548,37471.72462287082,A
2025-03-13,nevada-las-vegas_vs_utah state_20250313,Team A,Team B,B,Team B,-400.0,0.80235294,0.8,0.00235293999999997,0.000-0.005,Heavy Favorite (<-300),37471.72462287082,0.011764700000000072,440.843598670691,True,110.21089966767275,37581.93552253849,B
2025-03-13,alcorn-state_vs_bethune-cookman_20250313,Team A,Team B,A,Team A,140.0,0.42144322,0.4166666666666667,0.004776553333333322,0.000-0.005,Slight Underdog (+110 to +150),37581.93552253849,0.008188377142857108,307.7350618170838,False,-307.7350618170838,37274.20046072141,B
2025-03-13,clemson_vs_smu_20250313,Team A,Team B,A,Team A,-304.0,0.75537884,0.7524752475247525,0.0029035924752475184,0.000-0.005,Heavy Favorite (<-300),37274.20046072141,0.01173051360000001,437.2455154336191,True,143.83076165579578,37418.031222377205,A
2025-03-14,akron_vs_toledo_20250314,Team A,Team B,A,Team A,-410.0,0.8464501,0.803921568627451,0.04252853137254897,0.040-0.045,Heavy Favorite (<-300),37418.031222377205,0.2168955099999999,8115.802965173424,True,1979.4641378471765,39397.495360224384,A
2025-03-14,seattle_vs_utah valley_20250314,Team A,Team B,A,Team A,150.0,0.42129576,0.4,0.021295759999999997,0.020-0.025,Slight Underdog (+110 to +150),39397.495360224384,0.035492933333333365,1398.3326763207547,False,-1398.3326763207547,37999.16268390363,B
2025-03-14,alabama_vs_kentucky_20250314,Team A,Team B,A,Team A,-397.0,0.81310016,0.7987927565392354,0.014307403460764534,0.010-0.015,Heavy Favorite (<-300),37999.16268390363,0.07110779519999952,2702.0366778984835,True,680.6137727703986,38679.77645667403,A
2025-03-14,merrimack_vs_mount st. mary's_20250314,Team A,Team B,A,Team A,-407.0,0.8061524,0.8027613412228797,0.003391058777120315,0.000-0.005,Heavy Favorite (<-300),38679.77645667403,0.017192668000000078,665.008554933816,False,-665.008554933816,38014.76790174021,B
2025-03-14,florida_vs_missouri_20250314,Team A,Team B,A,Team A,-425.0,0.81777424,0.8095238095238095,0.008250430476190451,0.005-0.010,Heavy Favorite (<-300),38014.76790174021,0.043314760000000084,1646.6005481195841,True,387.43542308696107,38402.20332482717,A
2025-03-14,ucla_vs_wisconsin_20250314,Team A,Team B,A,Team A,117.0,0.49128708,0.4608294930875576,0.03045758691244238,0.030-0.035,Slight Underdog (+110 to +150),38402.20332482717,0.05648971247863244,2169.3294243654695,False,-2169.3294243654695,36232.8739004617,B
2025-03-14,duke_vs_north carolina_20250314,Team A,Team B,A,Team A,-310.0,0.7878447,0.7560975609756098,0.03174713902439019,0.030-0.035,Heavy Favorite (<-300),36232.873900461695,0.1301632699999996,4716.189348381736,True,1521.3514027037854,37754.22530316548,A
2025-03-15,george-mason_vs_saint joseph's_20250315,Team A,Team B,A,Team A,109.0,0.48864,0.4784688995215311,0.01017110047846892,0.010-0.015,Pick'em Underdog (+100 to +110),37754.22530316548,0.019502385321100806,736.2974493619872,True,802.5642198045659,38556.78952297005,A
2025-03-15,memphis_vs_tulane_20250315,Team A,Team B,A,Team A,-440.0,0.8176563,0.8148148148148148,0.002841485185185233,0.000-0.005,Heavy Favorite (<-300),38556.78952297005,0.0153440200000001,591.6161495762468,True,134.45821581278338,38691.24773878283,A
2025-03-18,stanford_vs_cal state northridge_20250318,Team A,Team B,A,Team A,-330.0,0.7699956,0.7674418604651163,0.002553739534883692,0.000-0.005,Heavy Favorite (<-300),38691.24773878283,0.010981079999999864,424.8716867193881,True,128.74899597557214,38819.9967347584,A
2025-03-18,santa-clara_vs_uc riverside_20250318,Team A,Team B,A,Team A,-575.0,0.856388,0.8518518518518519,0.004536148148148178,0.000-0.005,Heavy Favorite (<-300),38819.9967347584,0.030618999999999744,1188.6294800215576,True,206.71817043853162,39026.71490519693,A
2025-03-19,north-texas_vs_furman_20250319,Team A,Team B,A,Team A,-412.0,0.8309305,0.8046875,0.026243000000000016,0.025-0.030,Heavy Favorite (<-300),39026.71490519693,0.1343641599999998,5243.791765796257,True,1272.7649916981202,40299.47989689505,A
2025-03-19,california-irvine_vs_northern colorado_20250319,Team A,Team B,A,Team A,-367.0,0.79460984,0.7858672376873662,0.008742602312633796,0.005-0.010,Heavy Favorite (<-300),40299.47989689505,0.04082795280000008,1645.3452630949832,True,448.3229599713851,40747.80285686644,A
2025-03-19,southern-methodist_vs_northern iowa_20250319,Team A,Team B,A,Team A,-460.0,0.8538383,0.8214285714285714,0.03240972857142865,0.030-0.035,Heavy Favorite (<-300),40747.80285686644,0.18149448000000046,7395.501290649508,True,1607.7176718803282,42355.52052874677,A
2025-03-20,creighton_vs_louisville_20250320,Team A,Team B,A,Team A,145.0,0.4325797,0.40816326530612246,0.024416434693877553,0.020-0.025,Slight Underdog (+110 to +150),42355.52052874677,0.04125535517241389,1747.3920429259156,True,2533.718462242578,44889.238990989346,A
2025-03-21,mississippi_vs_north carolina_20250321,Team A,Team B,A,Team A,105.0,0.5336786,0.4878048780487805,0.045873721951219526,0.045-0.050,Pick'em Underdog (+100 to +110),44889.238990989346,0.08956298095238088,4020.414056716852,True,4221.434759552694,49110.67375054204,A
2025-03-23,california-irvine_vs_jacksonville state_20250323,Team A,Team B,A,Team A,-325.0,0.76796895,0.7647058823529411,0.0032630676470588593,0.000-0.005,Heavy Favorite (<-300),49110.67375054204,0.013868037499999958,681.0686652227806,True,209.55958929931714,49320.233339841354,A
2025-03-23,southern-methodist_vs_oklahoma state_20250323,Team A,Team B,A,Team A,-415.0,0.8429157,0.8058252427184466,0.03709045728155347,0.035-0.040,Heavy Favorite (<-300),49320.233339841354,0.19101585499999996,9420.9465402093,False,-9420.9465402093,39899.28679963206,B
2025-03-23,stanford_vs_kent state_20250323,Team A,Team B,A,Team A,-312.0,0.75893056,0.7572815533980582,0.0016490066019417826,0.000-0.005,Heavy Favorite (<-300),39899.28679963206,0.006793907200000087,271.07205186288866,False,-271.07205186288866,39628.21474776917,B
2025-03-24,army_vs_florida gulf coast_20250324,Team A,Team B,B,Team B,-600.0,0.86144419,0.8571428571428571,0.004301332857142959,0.000-0.005,Heavy Favorite (<-300),39628.21474776917,0.030109330000000753,1193.1789951514786,True,198.86316585857986,39827.07791362775,B
2025-03-27,florida_vs_maryland_20250327,Team A,Team B,A,Team A,-306.0,0.7730561,0.7536945812807881,0.01936151871921188,0.015-0.020,Heavy Favorite (<-300),39827.07791362775,0.07860776599999991,3130.7176210982147,True,1023.1103336922268,40850.18824731997,A
2025-03-28,auburn_vs_michigan_20250328,Team A,Team B,A,Team A,-445.0,0.8260673,0.8165137614678899,0.00955353853211005,0.005-0.010,Heavy Favorite (<-300),40850.18824731997,0.052066785000000046,2126.937968682738,True,477.9635884680312,41328.151835788005,A
2025-03-29,florida_vs_texas tech_20250329,Team A,Team B,A,Team A,-339.0,0.7924356,0.7722095671981777,0.020226032801822336,0.020-0.025,Heavy Favorite (<-300),41328.151835788005,0.08879228399999997,3669.6209949984086,True,1082.4840693210642,42410.63590510907,A
