tree
version=v4
num_class=1
num_tree_per_iteration=1
label_index=0
max_feature_idx=82
objective=regression
feature_names=prior_games team_points_roll team_FG_roll team_FGA_roll team_FG%_roll team_3P_roll team_3PA_roll team_3P%_roll team_2P_roll team_2PA_roll team_2P%_roll team_eFG%_roll team_FT_roll team_FTA_roll team_FT%_roll team_ORB_roll team_DRB_roll team_TRB_roll team_AST_roll team_STL_roll team_BLK_roll team_TOV_roll team_PF_roll opp_points_roll opp_FG_roll opp_FGA_roll opp_FG%_roll opp_3P_roll opp_3PA_roll opp_3P%_roll opp_2P_roll opp_2PA_roll opp_2P%_roll opp_eFG%_roll opp_FT_roll opp_FTA_roll opp_FT%_roll opp_ORB_roll opp_DRB_roll opp_TRB_roll opp_AST_roll opp_STL_roll opp_BLK_roll opp_TOV_roll opp_PF_roll team_winpct_roll opp_winpct_roll team_SOS_roll opp_SOS_roll delta_SOS_roll team_pace_roll opp_pace_roll delta_pace_roll team_off_eff_roll team_def_eff_roll opp_off_eff_roll opp_def_eff_roll is_neutral is_home is_conf_game team_rank team_barthag team_adj_o team_adj_d opp_rank opp_barthag opp_adj_o opp_adj_d team_offensive_matchup team_defensive_matchup team_matchup_advantage expected_possessions team_expected_points opp_expected_points pregame_margin_projection pregame_total_projection torvik_barthag_diff torvik_barthag_ratio torvik_adj_o_diff torvik_adj_o_ratio torvik_adj_d_diff torvik_adj_d_ratio torvik_rank_diff
feature_infos=[1:60] [34:142] [10:50] [38:86] [0.217:0.71699999999999997] [0:20] [7:44] [0:0.71399999999999997] [4.5:46] [17:67] [0.19600000000000001:0.80800000000000005] [0.24099999999999999:0.82099999999999995] [1.5:42] [3.5:55] [0.1875:1] [1:24] [9:43] [16:58] [3:34] [0:20] [0:12.666666666666666] [4:31] [6:33] [34:121.66666666666669] [13:45.5] [37:88] [0.191:0.66100000000000003] [1:21] [8:43] [0.067000000000000004:0.73299999999999998] [7:41.5] [18:61] [0.22600000000000001:0.85699999999999998] [0.19900000000000001:0.81699999999999995] [1:31] [2:41] [0.25:1] [0:23] [10:40.333333333333336] [15:54.666666666666664] [2:32] [1:19] [0:14] [3:30] [7:34.5] [0:1] [0:1] [0:1] [0:1] [-1:1] [55.920000000000002:96.540000000000006] [54.119999999999997:93.599999999999994] [-32.439999999999998:29.72000000000001] [52.058111380145277:160.41572525982829] [48.906789413118531:167.55416819684172] [46.811740890688256:146.75724173288901] [44.14819944598338:185.06900878293601] [0:1] [0:1] [0:1] [1:363] [0.0069676367406739:0.98542392725461703] [78.954845282586604:127.719112129927] [79.068039169584594:127.771694835967] [1:363] [0.0065672819549683001:0.98620255288357705] [75.214554155758506:128.07815144694999] [78.783886681835:126.068797115641] [-39.16747806223799:39.624581338586992] [-37.508985901556599:37.523854303856211] [-38.858076423765198:39.872869995474588] [60.38164021164021:92.489999999999995] [52.378068504655594:99.041417978825578] [51.449490117235392:96.710274310295461] [-21.945377870077309:27.571975902156595] [112.94335434722234:190.48039574533169] [-0.85410835811716102:0.89517622556010967] [0.02540087984935821:69.069320862161376] [-30.0431463736398:37.341718415639008] [0.73133731854666217:1.4266762188052213] [-29.452327190247303:27.326225046596903] [0.73432077656361394:1.3037463706768369] [-355:355]
tree_sizes=5359 5583 5592 5571 5604 5604 5601 5617 5593 5584 5610 5599 5603 5614 5600 5600 5616 5597 5621 5618 5610 5594 5604 5590 5621 5592 5611 5588 5595 5623 5589 5630 5599 5625 5584 5602 5619 5603 5647 5614 5595 5616 5609 5588 5617 5612 5571 5585 5574 5606 5645 5599 5616 5603 5600 5580 5610 5591 5617 5571 5571 5585 5574 5570 5607 5600 5603 5604 5592 5572 5595 5607 5591 5597 5591 5593 5583 5558 5596 5594 5567 5597 5573 5562 5573 5595 5588 5611 5590 5562 5515 5530 5565 5612 5622 5544 5514 5523 5542 5634 5634 5590 5552 5525 5569 5629 5595 5576

Tree=0
num_leaves=63
num_cat=0
split_feature=76 71 76 71 76 76 75 71 75 63 63 75 75 71 75 77 60 71 63 66 75 76 76 72 23 63 66 75 76 63 75 55 48 35 75 67 68 63 75 76 63 75 75 75 7 81 25 66 80 63 78 63 27 63 28 63 71 49 27 80 4 15
split_gain=255594 90551.9 63906.4 53236.4 35349.7 18205.9 18030 14183 13128.6 11510.7 10289.2 10149.6 9052.52 8532.12 6805.86 6185.52 5593.6 5439.2 5236.55 5166.89 5067.2 5046.08 4568.21 4091.82 3834.35 3318.59 3819.15 3168.73 3166.83 3009.97 2961.09 2922.61 2911 2906.01 2860.8 2842.78 2767.84 2740.88 2667.66 2629.38 2624.18 2619.12 2617.75 2575.08 2865.88 2525.92 2494.65 2389.61 2373.69 2322.06 2296.48 2295.74 2280.22 2243.53 2233.29 2223.99 2044.07 1990.5 1971.43 1939.92 1883.24 1867.9
threshold=0.028564321944047514 70.032600862864044 0.37484073753973857 69.960839160839171 -0.21528867231633042 -0.21528867231633042 139.92531044380755 72.852964552688704 139.07948808710753 98.811605217347818 92.756442683924817 154.37236776788509 135.30450353778201 68.441245210727985 138.37020316269715 0.36185325882285196 120.50000000000001 73.351555555555578 105.55460225047001 107.191760469946 156.63182334508571 -0.44892454840099844 0.53629418331533152 70.790151527766412 60.226495726495735 94.156704388102767 102.98891793432601 128.15510921365873 0.1332925684178605 106.10281892360652 142.26397103075655 106.11224425330552 0.54710529394352936 21.508064516129036 147.5003115233321 105.55311080579551 5.6350485974736424 108.08523080148201 160.01413903772684 0.22236992391081914 104.96719977953002 130.32069790989047 157.54662892133848 142.15800556382501 0.2940208333333334 0.94261463755337604 60.72318007662836 98.286727119427908 3.8520305691215033 95.743608724591823 5.7514226638782029 98.527917478022104 7.8523965141612209 109.81469293633351 18.754310344827591 102.36367286843402 68.370634057971031 -0.090081595525143887 8.492424242424244 -6.3590744918006541 0.50046547619047621 10.60357142857143
decision_type=2 2 2 2 2 2 2 2 2 2 2 2 2 2 2 2 2 2 2 2 2 2 2 2 2 2 2 2 2 2 2 2 2 2 2 2 2 2 2 2 2 2 2 2 2 2 2 2 2 2 2 2 2 2 2 2 2 2 2 2 2 2
left_child=1 5 3 12 11 21 24 14 22 20 42 15 39 27 37 43 31 29 19 55 49 -1 -4 35 -5 -15 -27 -7 -26 47 -18 59 -28 48 61 54 -36 -6 -13 41 -17 -2 50 -3 -45 -33 53 -11 52 -8 -10 -21 -19 -9 -23 -16 -56 -48 -29 -14 -38 -12
right_child=2 4 8 6 7 13 9 46 10 17 34 38 16 25 18 40 30 33 -20 51 -22 23 -24 -25 28 26 32 58 -30 -31 -32 45 -34 -35 36 -37 60 -39 -40 -41 -42 -43 -44 44 -46 -47 57 -49 -50 -51 -52 -53 -54 -55 56 -57 -58 -59 -60 -61 -62 -63
leaf_value=68.891681652194976 68.330467467631138 68.943577239548475 68.312878007542167 68.355194953558467 68.597724072678758 68.387697411379349 68.539796672257907 68.80130134877605 68.444869831628964 68.578838585895724 68.462889083445575 69.072884143241666 68.356969307495504 68.536611415296449 68.651962689275877 68.827917315392639 68.538662467420437 68.667929800187537 68.857756652641086 68.770950331694166 68.694232018971746 68.54871870660557 68.120750084023854 68.857741661215357 68.609875579782539 68.614267138029035 68.820985886961438 68.536978028024038 68.488277583868168 68.771412320508489 68.684926525530855 68.461037919335212 68.681697730426109 68.903178794236496 68.594287933496389 68.859140188411828 68.510750508341374 68.745220399273705 69.287834980420769 68.29803290796778 68.93867633344631 68.476212107353575 68.525447612938478 68.864272849107522 69.133745484203573 68.617035108366721 68.823755857396975 68.691055185452157 68.994960862405179 68.62845135244126 68.244709302090286 68.891538995009 68.813212112560095 68.958739621944915 68.63212053071851 68.760066278690843 68.750738092668513 68.945788959446602 68.632844534131635 68.462046166586049 68.292027582485559 68.318969855159338
leaf_weight=261 245 297 440 148 418 143 822 611 86 318 516 215 285 252 629 549 714 281 725 659 682 153 236 221 495 747 256 1076 559 404 222 260 650 238 383 109 148 244 111 325 509 401 59 60 278 249 218 860 47 647 429 275 250 136 331 370 384 695 348 911 72 142
leaf_count=261 245 297 440 148 418 143 822 611 86 318 516 215 285 252 629 549 714 281 725 659 682 153 236 221 495 747 256 1076 559 404 222 260 650 238 383 109 148 244 111 325 509 401 59 60 278 249 218 860 47 647 429 275 250 136 331 370 384 695 348 911 72 142
internal_value=68.6491 68.7635 68.5341 68.5762 68.8444 68.6486 68.6423 68.7943 68.3774 68.6742 68.4261 68.968 68.4709 68.605 68.7525 68.9334 68.5045 68.7269 68.7775 68.7474 68.6154 68.7524 68.2455 68.7219 68.5218 68.6548 68.6728 68.5445 68.5453 68.689 68.5734 68.4668 68.7211 68.8003 68.4821 68.6911 68.5373 68.6521 69.1469 68.3795 68.8813 68.4207 68.3032 69.0198 69.0863 68.5372 68.8779 68.6607 68.7577 68.5788 68.2779 68.8066 68.7364 68.8302 68.6699 68.692 68.6958 68.9168 68.5604 68.4369 68.4385 68.4316
internal_weight=23804 11930 11874 9363 6999 4931 5751 4980 2511 4549 1835 2019 3612 3472 3320 1693 2641 2398 2658 1933 2151 1459 676 1198 1202 1905 1653 1567 1054 1582 936 1705 906 816 1261 977 603 662 326 971 1058 646 574 635 338 509 1660 1178 578 1469 515 934 531 747 868 999 715 913 1424 1196 220 658
internal_count=23804 11930 11874 9363 6999 4931 5751 4980 2511 4549 1835 2019 3612 3472 3320 1693 2641 2398 2658 1933 2151 1459 676 1198 1202 1905 1653 1567 1054 1582 936 1705 906 816 1261 977 603 662 326 971 1058 646 574 635 338 509 1660 1178 578 1469 515 934 531 747 868 999 715 913 1424 1196 220 658
is_linear=0
shrinkage=1


Tree=1
num_leaves=63
num_cat=0
split_feature=76 71 73 63 76 73 60 76 71 73 73 73 63 71 73 63 55 63 73 63 77 63 72 73 63 71 63 63 66 0 63 63 73 48 71 63 73 25 81 63 73 63 63 36 66 25 63 3 14 47 71 24 32 31 50 63 1 80 73 41 30 22
split_gain=238043 84344.9 73274.8 34874.1 32827 20562.3 20307.6 17094.8 13054.2 11807.1 9456.91 9404.09 8315.11 8163.23 7123.79 5994.86 5672.55 5558.03 5054.16 4782.74 4435.96 4052.19 3845.19 3454.2 3276.73 3082.13 3077.84 3010.74 3623.19 2912.69 2822.99 2701.59 2675.07 2622.8 2552.17 2503.42 2374.23 2328.34 2305.97 2280.14 2207.76 2191.19 2119.46 2107.19 2072.99 2065.62 2054.14 1971.94 1915.06 2469.72 1902.37 2344.6 1897.18 1886.02 1876.43 1823 1823.37 1810.1 1809.04 1786.5 1784.18 1755.97
threshold=0.028564321944047514 70.059727272727272 67.914923740204841 98.297864480595123 -0.21528867231633042 74.660158968947812 122.50000000000001 -0.21528867231633042 72.852964552688704 73.54279152831289 76.860956788895535 63.927652802830472 105.38519731405401 68.441245210727985 63.322064394138231 92.756442683924817 104.58201822166093 108.31151501729452 73.831434536419962 93.132006843738566 0.38722086959900953 106.02312151632002 76.263383040742539 79.037447706202784 104.82548833888701 68.509182480188485 108.436040938277 94.349594125871462 102.98891793432601 14.500000000000002 107.56560660635301 93.013365075570917 68.46045038087378 0.54710529394352936 73.351555555555578 107.17424581825402 68.843002149434682 60.50714285714286 0.91917860670927631 109.02486382245702 71.97227523929304 110.62081240280551 109.81469293633351 0.74372077922077939 94.096057695039221 52.479871175523357 101.83255054073352 59.418010752688183 0.73811324786324795 0.57809035780502438 68.509182480188485 21.414215686274513 0.54334313725490213 36.603571428571435 72.968347826086969 94.561338522596358 68.355042016806735 9.0719991885668509 79.905248614384377 8.803225806451616 21.935416666666672 16.365151515151521
decision_type=2 2 2 2 2 2 2 2 2 2 2 2 2 2 2 2 2 2 2 2 2 2 2 2 2 2 2 2 2 2 2 2 2 2 2 2 2 2 2 2 2 2 2 2 2 2 2 2 2 2 2 2 2 2 2 2 2 2 2 2 2 2
left_child=1 7 6 5 10 15 14 18 16 12 20 45 25 36 -2 38 17 44 26 -16 52 50 35 31 34 -5 -1 53 -29 61 -20 -7 -19 -30 -11 -12 -9 42 -4 -22 -17 59 58 46 -6 -8 -31 -24 -38 -50 -13 -52 -3 -15 -27 -39 -57 -44 -10 -14 -53 -18
right_child=2 4 3 9 8 23 11 13 37 24 22 21 41 27 19 40 29 32 30 -21 39 -23 47 -25 -26 54 -28 28 33 43 -32 -33 -34 -35 -36 -37 48 55 -40 -41 -42 -43 57 -45 -46 -47 -48 -49 49 -51 51 60 -54 -55 -56 56 -58 -59 -60 -61 -62 -63
leaf_value=0.0077303066185855423 -0.50420529995707808 0.2802179577313208 -0.29687766818979489 -0.16382725087605735 -0.13350465029419922 -0.10995033000781766 -0.40539116583580387 -0.15602119535423309 0.11227990774177218 0.049384702492360266 0.31869657014557012 -0.24445033398681495 0.048297399540341464 -0.19440582141180465 -0.41367506972118184 -0.1734378535804903 0.16867282178218551 0.059577974088271465 0.14426908215107431 -0.25308189975361467 0.14804814382546583 -0.043599056820301227 0.38073051674157671 0.072690031166908142 0.26145371665113892 -0.055035128076574354 0.14596981562861944 -0.03197746468579183 0.16608489204413684 0.10077114952622206 0.34193248013958277 -0.0032347138643264769 0.23304098304430648 0.033963478475486912 0.17267547356197546 0.46070496339624301 -0.097654948761581956 0.12526460531692613 -0.18611317286764129 0.31281301007923251 -0.092561674443532999 0.23068998241687136 0.23140251523770136 0.27720258427801892 0.030841022203396556 -0.25293114287519897 0.22028984646555519 0.65982844319472445 0.14330275000904649 -0.072771019868620224 -0.31602578200115633 -0.11546318515692372 0.44063663009296822 -0.011448059446560709 0.02424296727985463 0.16846049129547983 0.30025473271434416 0.55492694090496408 0.26442789184164117 0.3008561240548957 -0.38412253130806817 0.047881961970107273
leaf_weight=639 281 358 545 248 102 506 133 594 462 526 510 286 582 134 338 1002 227 187 440 708 516 460 51 378 181 1271 285 762 257 381 111 682 262 647 338 223 702 115 406 129 708 113 101 237 1136 645 330 92 106 165 86 871 124 142 513 162 672 27 121 36 31 421
leaf_count=639 281 358 545 248 102 506 133 594 462 526 510 286 582 134 338 1002 227 187 440 708 516 460 51 378 181 1271 285 762 257 381 111 682 262 647 338 223 702 115 406 129 708 113 101 237 1136 645 330 92 106 165 86 871 124 142 513 162 672 27 121 36 31 421
internal_value=2.31237e-07 0.110418 -0.110938 -0.0508332 0.189245 -0.120036 -0.236714 0.000551974 0.140784 0.0259887 0.308771 -0.178142 -0.0119165 -0.041473 -0.347479 -0.179246 0.100311 0.0555344 0.100511 -0.305151 0.241511 -0.132712 0.395111 -0.0193963 0.126172 -0.0483343 0.0504288 0.00648106 0.0242277 0.147607 0.184369 -0.0487177 0.160951 0.0715995 0.0976925 0.362189 -0.100888 0.220771 -0.249717 0.181223 -0.139991 0.0892752 0.172615 0.186708 0.0172492 -0.279242 0.156365 0.561988 -0.0671643 0.0118403 -0.164855 -0.141699 0.321909 -0.100479 -0.0322359 0.256736 0.274775 0.301567 0.144063 0.0632465 -0.124908 0.0902989
internal_weight=23804 11930 11874 8035 6946 4227 3839 4984 4943 3808 2003 2512 2763 3509 1327 2661 3283 1687 1475 1046 1127 1734 876 1566 1045 2032 924 1942 1666 1596 551 1188 449 904 864 733 1567 1660 951 645 1710 731 711 948 1238 778 711 143 973 271 1274 988 482 276 1784 949 834 128 583 618 902 648
internal_count=23804 11930 11874 8035 6946 4227 3839 4984 4943 3808 2003 2512 2763 3509 1327 2661 3283 1687 1475 1046 1127 1734 876 1566 1045 2032 924 1942 1666 1596 551 1188 449 904 864 733 1567 1660 951 645 1710 731 711 948 1238 778 711 143 973 271 1274 988 482 276 1784 949 834 128 583 618 902 648
is_linear=0
shrinkage=0.035


Tree=2
num_leaves=63
num_cat=0
split_feature=76 71 73 76 60 73 60 76 71 75 73 73 71 61 73 75 75 75 76 69 77 67 75 72 71 60 81 82 75 75 73 81 67 62 60 81 23 19 23 67 25 67 28 75 28 73 56 49 7 19 64 80 27 71 81 14 5 46 27 49 32 75
split_gain=221700 78564.8 68245.8 30658.8 27362.6 23393.2 18911.6 15798.8 12298.2 11846 9094.19 8757.73 7393.85 7384.15 6635.18 6049.26 5364.18 4920.04 4606.42 4328.81 4180.95 3968.11 4011.53 3845.75 3768.6 3454.81 2961.16 2948.45 2878.44 2834.44 2830.36 2830.31 2824.28 2786.99 2418.69 2388.46 2384.8 2332.79 2312.9 2219.84 2168.64 2146.12 2096.48 2088.41 2066.04 2053.38 1918.11 1848.92 1831.72 1827.62 2627.88 1825.01 1799.44 1793.3 1766.98 1761.8 1761.22 1936.74 1745.84 1740.49 1716.64 1710.75
threshold=0.028564321944047514 70.032600862864044 67.914923740204841 -0.21528867231633042 125.50000000000001 74.660158968947812 122.50000000000001 -0.21528867231633042 72.852964552688704 147.23609171154774 76.860956788895535 63.927652802830472 68.441245210727985 0.87135240421114013 63.322064394138231 138.37020316269715 145.37534960452507 159.64595383327182 -0.43421299209216196 -12.690926782042792 0.38722086959900953 101.46710666257002 158.36338377406699 70.790151527766412 69.446827586206908 197.50000000000003 0.91797859905430867 63.500000000000007 128.15510921365873 139.07948808710753 71.465334719822962 0.94501284211183945 101.46710666257002 97.811815501208017 239.50000000000003 0.93670674362534789 67.553639846743309 8.382783882783885 59.677083333333336 90.289816489319563 60.72318007662836 102.95070361273902 18.803225806451618 136.99334403443763 20.842927631578952 81.570188772842712 101.44206606070544 -0.090081595525143887 0.2940208333333334 5.2290209790209801 224.50000000000003 13.117933173367556 8.492424242424244 68.189983277591992 0.92640454447808906 0.60008333333333341 8.803225806451616 0.60303030303030314 10.418010752688174 -0.026600417689661246 0.54334313725490213 152.03645678531117
decision_type=2 2 2 2 2 2 2 2 2 2 2 2 2 2 2 2 2 2 2 2 2 2 2 2 2 2 2 2 2 2 2 2 2 2 2 2 2 2 2 2 2 2 2 2 2 2 2 2 2 2 2 2 2 2 2 2 2 2 2 2 2 2
left_child=1 7 6 10 5 13 14 18 15 19 20 38 28 16 -2 49 35 34 53 -6 60 22 27 32 -7 43 -16 39 -9 -27 44 45 42 46 -12 -4 -14 -38 -8 -17 -10 -33 -20 -13 -21 55 -23 -42 -36 50 -5 -50 -30 -1 -15 -26 -11 -58 -22 -43 -3 -35
right_child=2 3 4 8 9 24 11 12 40 56 17 25 36 54 26 21 -18 -19 23 30 58 33 -24 -25 31 29 -28 -29 52 -31 -32 41 -34 61 48 -37 37 -39 -40 -41 47 59 -44 -45 -46 -47 -48 -49 51 -51 -52 -53 -54 -55 -56 -57 57 -59 -60 -61 -62 -63
leaf_value=0.12196902103179229 -0.48658945639095347 0.26966145707804584 -0.2515423491088053 -0.22195909583707193 0.16749815899844506 -0.12266759051005045 -0.3557081308654067 -0.24685074422999129 0.16858555998622776 0.10833401486035497 0.28345854294637013 -0.2425586942474631 -0.089572596442914224 -0.29838757666283905 -0.35864864904572263 -0.10378674820486238 -0.085003470897216063 0.59138215793301374 -0.14424746480216372 -0.1045657606467679 0.16241009635231285 0.13566714254735987 0.19141833433081942 0.19594940363338573 -0.34458470888340731 -0.10762386699331732 -0.23979120459252376 0.18214262574667284 -0.10463035047865447 0.06446276564337991 0.048984594889932238 0.042327715512433861 0.11544121101955444 0.18668187291516392 0.23986472748738752 -0.13764619415235571 0.03409105488668622 -0.11707306394821558 -0.22664413091680352 0.051877205820558971 0.15974342285851933 -0.043979424067263337 0.020383325833800623 -0.12863409359129202 -0.01506615227139241 0.14546195549009652 -0.061350069958556658 0.2773007396547208 0.40917771213175153 -0.024998515217434871 0.20723737374279236 0.65357259809512369 -0.013045187499122949 0.29455787741624156 -0.1928410380873373 -0.036299509667890993 0.17679915907377045 0.41143222392647016 0.48434679161133459 0.28171665311824384 0.42162232038461833 0.33509212642625835
leaf_weight=134 281 362 430 21 160 262 257 143 747 480 371 370 277 401 480 127 1592 119 117 502 630 236 341 220 23 800 566 192 1076 137 502 758 332 631 67 480 1492 136 521 937 218 26 489 427 852 75 81 695 279 547 94 45 348 167 387 687 281 51 21 86 125 113
leaf_count=134 281 362 430 21 160 262 257 143 747 480 371 370 277 401 480 127 1592 119 117 502 630 236 341 220 23 800 566 192 1076 137 502 758 332 631 67 480 1492 136 521 937 218 26 489 427 852 75 81 695 279 547 94 45 348 167 387 687 281 51 21 86 125 113
internal_value=2.73194e-06 0.106563 -0.10706 0.181948 -0.0490538 -0.09665 -0.228443 -0.000444791 0.135281 0.038582 0.296992 -0.17192 -0.041057 -0.153271 -0.335333 0.0963631 -0.123797 0.381489 0.0961791 -0.00688643 0.231436 0.119937 0.0850312 0.0644136 0.000537204 -0.128078 -0.294482 0.05608 -0.0973594 -0.0824382 -0.0219625 0.0200748 0.0334712 0.172408 0.34834 -0.191578 0.0052674 0.0214289 -0.269484 0.0332537 0.213063 0.0635366 -0.0114888 -0.181646 -0.0482774 -0.0280984 0.0852968 0.249338 0.409452 0.00168773 0.12821 0.444087 -0.0822635 0.218066 -0.246711 -0.0465266 0.151408 0.213417 0.173164 0.206218 0.309065 0.209437
internal_weight=23804 11930 11874 6999 8035 5207 3839 4931 4980 2828 2019 2512 3472 3290 1327 3320 2502 881 1459 2016 1138 2658 1597 1158 1917 1734 1046 1256 1567 937 1856 1655 938 1061 762 910 1905 1628 778 1064 1660 870 606 797 1354 785 317 913 391 662 115 324 1424 301 788 710 812 332 651 112 487 744
internal_count=23804 11930 11874 6999 8035 5207 3839 4931 4980 2828 2019 2512 3472 3290 1327 3320 2502 881 1459 2016 1138 2658 1597 1158 1917 1734 1046 1256 1567 937 1856 1655 938 1061 762 910 1905 1628 778 1064 1660 870 606 797 1354 785 317 913 391 662 115 324 1424 301 788 710 812 332 651 112 487 744
is_linear=0
shrinkage=0.035


Tree=3
num_leaves=63
num_cat=0
split_feature=76 73 23 63 82 63 63 73 73 73 75 50 63 63 77 73 73 75 73 63 51 63 63 69 60 50 76 73 50 51 51 75 73 76 63 63 75 75 67 61 73 75 37 69 73 19 50 24 75 73 81 24 12 67 41 52 15 20 0 75 29 17
split_gain=206475 63558.9 57133.5 30893.4 20955.8 17850.9 17437.1 16354.6 15777.6 11857 11445.7 9948.63 8501.71 7041.27 6756.61 6629.88 6453.93 5164.11 5136.2 4699.77 4486.55 4395.71 4120.28 3911.2 3900.39 3514.2 3348.8 3320.33 3286.89 3112.31 3072.15 2918.92 2893.33 2822.99 2641.17 2592.25 3839.66 3052.29 2623.34 2349.53 2407.04 2306.66 2283.95 2256.49 2149.1 2118.8 2102.16 2057.52 2055.55 2039.15 2038 1966.98 1960.44 1942.25 1914.3 1880.74 1866.44 1832.77 1807.72 1798.25 1781.94 1814.44
threshold=0.028564321944047514 67.914923740204841 73.877500000000012 97.393490484359418 72.500000000000014 100.45951082583652 104.16273935044002 74.660158968947812 68.529878023044333 73.482608384292035 149.22646581702111 69.400800000000018 105.38519731405401 92.884889787728767 0.45217283754346715 62.800173437231223 71.133329771258715 159.64595383327182 63.739804895247545 108.19999834478152 73.856235294117667 95.077159844200153 92.756442683924817 2.1081911649897482 197.50000000000003 71.280909090909105 -0.44892454840099844 79.037447706202784 72.968347826086969 67.469328063241122 72.69038461538463 142.26397103075655 71.6240106263391 -0.071794135863421496 106.10281892360652 98.59087160213501 158.36338377406699 151.73379101077165 109.50665801248151 0.62233136303106162 68.107114501943343 128.72275495511937 6.392080745341616 -16.548216572344689 63.101187622653846 8.4031250000000011 70.524222222222235 24.964901477832516 155.07523033615715 65.938350341444263 0.91917860670927631 29.016129032258068 13.921538461538463 95.319869398984068 5.3816526610644271 -2.1702777777777764 8.9183333333333348 2.8032258064516133 14.500000000000002 145.92076367907711 0.31894558823529412 33.816498316498325
decision_type=2 2 2 2 2 2 2 2 2 2 2 2 2 2 2 2 2 2 2 2 2 2 2 2 2 2 2 2 2 2 2 2 2 2 2 2 2 2 2 2 2 2 2 2 2 2 2 2 2 2 2 2 2 2 2 2 2 2 2 2 2 2
left_child=2 5 6 7 11 13 16 22 29 12 14 30 28 44 31 -7 39 24 47 25 35 -18 50 -11 -12 -10 -27 -9 42 -8 45 -6 60 -32 -17 36 -13 38 56 40 -1 -31 -5 -14 -2 -4 -16 -15 53 -36 -3 -19 -50 -22 -24 -33 -37 -51 -55 -45 -21 -62
right_child=1 3 4 9 10 15 8 27 19 23 17 20 43 18 46 34 21 51 -20 32 48 -23 54 -25 -26 26 -28 -29 -30 41 33 55 -34 -35 49 37 -38 -39 -40 -41 -42 -43 -44 59 -46 -47 -48 -49 52 57 -52 -53 -54 58 -56 -57 -58 -59 -60 -61 61 -63
leaf_value=-0.15174514438887099 -0.58063847423199189 -0.277746573624021 0.014171198802958888 -0.21352085034193397 0.20456876226617246 -0.27838102554120292 -0.11452043438082724 -0.057708807963598834 0.027451658318546266 0.18018553153476718 0.23334700345705478 0.014453931028659099 0.33454026414543753 -0.41012982001439968 0.086512196964650401 -0.14924073321978651 -0.10094648186332957 0.33917196046731563 -0.22136167792321346 0.25848649924611433 -0.11894729702813286 0.034188640039437897 -0.22342784737440605 0.054575958714132254 0.39111241627856175 0.51425620899386093 0.13592382640255091 0.065560411376421449 0.018717508701978025 -0.11027614124619425 0.20879759426869579 0.43714383645221488 0.28516377762385092 0.03149774850311593 -0.11655890492848912 0.15112101311883622 0.17738971123953992 0.25585143317218506 0.27546139097093691 -0.22820469309880073 -0.03833802138747458 0.044899765657131267 -0.065662433066011466 0.025061244932064547 -0.38407607763183532 -0.21807237856480682 0.20067581712746921 -0.17721443543813925 0.40901282092256308 -0.069189833667723591 -0.17362109692227945 0.63593952131668741 0.2289756709480156 0.13689472336631556 -0.11872126831835211 0.27898536482530589 0.0033417056509006172 0.12427864648713007 0.28619278335646009 0.14205385625852932 0.13498914358491784 -0.13674748252398933
leaf_weight=378 89 545 733 139 444 395 317 1074 485 530 370 428 41 310 542 1117 378 41 1008 136 24 1334 265 712 407 30 502 356 579 144 206 144 347 236 291 217 302 327 105 159 583 624 1573 433 333 51 312 56 128 128 406 97 183 227 1126 272 202 112 179 256 303 33
leaf_count=378 89 545 733 139 444 395 317 1074 485 530 370 428 41 310 542 1117 378 41 1008 136 24 1334 265 712 407 30 502 356 579 144 206 144 347 236 291 217 302 327 105 159 583 624 1573 433 333 51 312 56 128 128 406 97 183 227 1126 272 202 112 179 256 303 33
internal_value=4.66714e-06 -0.103316 0.102841 -0.0473375 0.176755 -0.220457 0.0234704 -0.12029 0.0834625 0.0172181 0.251647 0.121232 -0.02021 -0.300958 0.19818 -0.14963 -0.0384095 0.351637 -0.262356 0.145981 0.163813 0.00432876 -0.177229 0.108231 0.316189 0.0956475 0.157728 -0.0270062 -0.0533533 -0.0223448 0.0405489 0.267436 0.208383 0.114281 -0.118694 0.130426 0.0819403 0.171942 0.119378 -0.103714 -0.083005 0.0157469 -0.0777282 0.0837663 -0.426178 -0.00106138 0.128318 -0.374792 0.234906 -0.0543489 -0.233412 0.549337 0.303623 0.184903 -0.138745 0.3342 0.0799738 0.0211516 0.202998 0.0686068 0.151686 0.108127
internal_weight=23804 11874 11930 8035 6177 3839 5753 3772 2921 4263 2629 3548 3021 1796 1714 2043 2832 915 1374 1836 2322 1712 2342 1242 777 1017 532 1430 2291 1085 1226 860 819 442 1648 1581 730 851 524 1120 961 768 1712 730 422 784 854 366 741 531 951 138 311 430 1391 416 419 240 406 689 472 336
internal_count=23804 11874 11930 8035 6177 3839 5753 3772 2921 4263 2629 3548 3021 1796 1714 2043 2832 915 1374 1836 2322 1712 2342 1242 777 1017 532 1430 2291 1085 1226 860 819 442 1648 1581 730 851 524 1120 961 768 1712 730 422 784 854 366 741 531 951 138 311 430 1391 416 419 240 406 689 472 336
is_linear=0
shrinkage=0.035


Tree=4
num_leaves=63
num_cat=0
split_feature=76 71 76 71 76 75 76 71 75 63 75 63 71 77 75 63 66 71 75 63 75 75 76 76 72 76 76 67 63 75 75 75 68 63 67 63 7 54 64 75 11 75 66 63 27 72 63 24 75 78 63 63 75 67 0 39 82 71 19 76 21 82
split_gain=192297 69359.9 49840.3 42502.9 27877.1 13837.1 12690.5 12141 9959.08 9008.76 8919.38 7987.33 7468.67 5909.53 5449.97 4890.95 4891.04 4882.71 4582.06 4542.28 4846.29 3825.21 3615.49 3256.72 3412.7 3185.61 3129.92 3036.37 2979.15 2863.25 2820.84 2803.75 2568.81 2446.73 2416.68 2336.95 2333.64 2283.23 2592.84 2275.42 2215.35 3087.2 2187.47 2174.84 2562.3 2461.59 2145.51 2112.19 2110.15 2480.9 2104.29 2021.67 2011.6 1958.85 1948.58 2308 1907.69 1897.24 1846.1 1825.85 1821.88 1819.34
threshold=0.028564321944047514 69.717097744360913 0.37484073753973857 69.960839160839171 -0.21528867231633042 139.92531044380755 -0.21528867231633042 72.852964552688704 139.07948808710753 104.66495741128851 154.37236776788509 92.756442683924817 68.473877576671711 0.36185325882285196 137.83212695746587 105.55460225047001 107.40366770209552 67.543815536315549 131.4901836589782 95.171644975036415 149.76876684933248 151.01651745564592 0.53629418331533152 -0.43421299209216196 70.790151527766412 0.1332925684178605 0.25034984729308651 104.53996049802252 98.527917478022104 148.80873693807092 156.63182334508571 142.61702326187398 2.1856915590044967 94.156704388102767 105.34467656263401 105.22573145487551 0.2940208333333334 113.16970094179213 132.50000000000003 126.26257754421421 0.57176388888888896 157.08291884050422 98.79405229175056 110.10375447122101 6.5735930735930745 75.180307837477457 93.807145014514802 21.561250000000005 154.89157371599046 5.7514226638782029 94.349594125871462 106.63729021738801 160.01413903772684 100.96072724067601 13.500000000000002 31.295206971677562 61.500000000000007 73.351555555555578 5.3190909090909102 0.091454011710729047 15.627314814814817 -100.49999999999999
decision_type=2 2 2 2 2 2 2 2 2 2 2 2 2 2 2 2 2 2 2 2 2 2 2 2 2 2 2 2 2 2 2 2 2 2 2 2 2 2 2 2 2 2 2 2 2 2 2 2 2 2 2 2 2 2 2 2 2 2 2 2 2 2
left_child=1 6 3 12 10 25 23 14 22 19 13 48 42 31 51 16 33 37 -14 30 32 -11 -4 60 34 -5 27 59 -18 35 -7 -3 -21 -16 -25 -15 -33 -8 -39 -19 41 54 61 44 -9 -46 -44 -27 49 -10 -41 -6 -12 -31 -13 -56 -47 -22 -53 -20 -1 -2
right_child=2 4 8 5 7 9 17 43 11 21 52 40 18 29 15 -17 28 39 26 20 57 -23 -24 24 -26 47 -28 -29 -30 53 -32 36 -34 -35 -36 -37 -38 38 -40 50 -42 -43 46 -45 45 56 -48 -49 -50 -51 -52 58 -54 -55 55 -57 -58 -59 -60 -61 -62 -63
leaf_value=0.1619532180096902 -0.3335670927153469 0.2516905756251942 -0.29307790205579476 -0.046103899170049735 -0.065127207614139274 -0.097717026777369556 -0.15056167769337073 0.092928654532897836 -0.15461199876147769 0.09211496804321663 0.37307768323535534 -0.1823768246388765 -0.29733123070978407 0.10050280407715134 -0.12176743004880053 0.17926440438785823 0.095939546255492114 -0.25216901681423187 -0.043607231710991609 0.0079929345926681699 0.041714835889319957 0.28674797933555546 -0.46396479637350652 -0.0002371349904678667 0.18789400692926189 -0.29616335009505312 -0.18059336775743604 0.0024587054467961533 0.22588848164300812 0.2240510788702392 0.013576398670852353 0.18663287190631428 -0.10823453512832301 0.046513374534392825 0.18267241066577497 0.22282429807797369 0.4372506642186314 -0.10189656391581137 0.23067650070341156 -0.10351030978656429 -0.24901276449061116 0.081828659435722734 -0.25884593527519478 0.29904801309155404 0.1538829063860272 0.23457985963941602 -0.14660719353063645 -0.13151898777795848 -0.15207532047148775 -0.36961449159487836 -0.0052493565612561259 0.20461644789661951 0.55923479735530557 0.40922958532613235 -0.18132301271805376 -0.0059200725297475689 0.43534276071033984 0.13246348399474098 0.011166264600048031 -0.14380146063194735 0.50670844076319443 -0.21184678043461255
leaf_weight=248 265 353 440 542 337 741 674 306 80 724 219 590 149 453 117 806 751 52 355 1024 680 149 236 740 184 116 412 464 304 296 447 56 301 1067 100 333 272 84 43 310 214 81 298 231 546 511 708 544 95 399 1906 78 111 93 159 217 66 483 263 601 20 360
leaf_count=248 265 353 440 542 337 741 674 306 80 724 219 590 149 453 117 806 751 52 355 1024 680 149 236 740 184 116 412 464 304 296 447 56 301 1067 100 333 272 84 43 310 214 81 298 231 546 511 708 544 95 399 1906 78 111 93 159 217 66 483 263 601 20 360
internal_value=6.51064e-06 0.0992494 -0.0997041 -0.0625624 0.163304 -0.00346101 -0.0119303 0.12048 -0.238156 0.0244475 0.268706 -0.195747 -0.156649 0.238768 0.0853601 0.105339 0.0786919 -0.0506685 -0.110931 0.000438148 0.0273227 0.125483 -0.353041 0.0800691 0.0515856 -0.109051 -0.0956918 -0.071001 0.133477 0.191063 -0.0558504 0.320873 -0.0184387 0.0298369 0.0216294 0.152439 0.394822 -0.124928 0.0111425 -0.0244187 -0.146376 -0.125286 -0.212124 0.199194 0.182951 0.207425 -0.17997 -0.160664 -0.303982 -0.333912 -0.0190171 -0.00437543 0.436456 0.2688 -0.142689 -0.0802447 0.257907 0.079447 0.0556609 -0.106641 0.18859 -0.263687
internal_weight=23804 11930 11874 9363 7569 5751 4361 5383 2511 4549 2186 1835 3612 1856 3723 3045 2239 3069 1981 3676 2488 873 676 1292 1024 1202 1832 1420 1055 1175 1188 681 1325 1184 840 786 328 801 127 2268 1261 1047 1631 1660 1429 1123 1006 660 574 479 2216 678 330 389 966 376 577 1163 341 956 268 625
internal_count=23804 11930 11874 9363 7569 5751 4361 5383 2511 4549 2186 1835 3612 1856 3723 3045 2239 3069 1981 3676 2488 873 676 1292 1024 1202 1832 1420 1055 1175 1188 681 1325 1184 840 786 328 801 127 2268 1261 1047 1631 1660 1429 1123 1006 660 574 479 2216 678 330 389 966 376 577 1163 341 956 268 625
is_linear=0
shrinkage=0.035


Tree=5
num_leaves=63
num_cat=0
split_feature=76 71 73 63 76 76 73 61 73 71 63 75 71 75 75 77 73 63 73 73 63 71 63 82 72 63 66 73 63 71 63 73 63 75 63 69 27 63 73 40 63 71 75 5 36 61 20 75 75 15 76 55 0 51 17 25 23 27 69 3 73 28
split_gain=179120 69243.2 51574.4 28976 27579.8 14599.7 12870 11826.1 11556.7 10981 7893.46 7477.91 7048.05 5988.97 5228.06 4615.38 4606.15 4238.33 4284.62 4035.91 3860.34 3218.54 2812.07 2751.73 2726.35 2726.24 3271.27 2720.03 2692.15 2478.83 2470.53 3098.71 2384.31 2364.43 2256.63 2187.1 2166.23 2164.34 2158.88 2091.68 2073.7 2062.11 2060.28 2028.78 1980.51 2424.8 1952.22 1905.2 1872.46 1867.06 1846.69 1748.14 1687.84 1662.43 1659.79 1648.23 1630.42 1616.88 1614.89 1605.22 1597.17 1563.69
threshold=0.048138869965602994 70.032600862864044 67.297637620686785 97.393490484359418 -0.21528867231633042 -0.21528867231633042 74.660158968947812 0.61810772817230863 73.482608384292035 72.852964552688704 105.30625443630852 154.37236776788509 68.441245210727985 130.65841077723363 138.24207170813546 0.36185325882285196 63.322064394138231 105.55460225047001 77.716940635282555 72.890245596639915 92.756442683924817 73.300909090909116 102.80404585992652 -102.49999999999999 71.979003960279087 94.349594125871462 98.286727119427908 79.16778173624256 93.013365075570917 68.707778610694675 110.10375447122101 75.75992990692707 94.458915357764369 127.61621151001395 107.56560660635301 22.560169838093604 8.6030303030303035 106.63729021738801 71.465334719822962 17.283482142857146 104.96719977953002 69.853816666666674 151.60531277589624 5.8908730158730167 0.72012916666666682 0.83189858116830362 2.4309523809523812 142.15800556382501 160.01413903772684 8.8248081841432242 0.27217337195029256 86.105434746545214 4.5000000000000009 75.911345029239769 26.04545454545455 61.402702702702705 69.276819923371662 7.3771551724137945 -5.2474663236557992 66.836666666666687 67.641218720543293 17.604347826086961
decision_type=2 2 2 2 2 2 2 2 2 2 2 2 2 2 2 2 2 2 2 2 2 2 2 2 2 2 2 2 2 2 2 2 2 2 2 2 2 2 2 2 2 2 2 2 2 2 2 2 2 2 2 2 2 2 2 2 2 2 2 2 2 2
left_child=1 5 7 6 11 19 20 13 10 14 29 15 33 51 37 47 -9 18 44 34 38 -10 -21 43 -25 -14 46 35 -18 -5 31 -11 39 -7 -1 -8 54 -6 -4 -33 58 -22 -19 -15 53 56 -27 -3 -13 57 -31 -2 -53 -16 -35 -42 -46 -28 -17 -40 -52 -34
right_child=2 4 3 8 9 12 27 16 21 30 -12 48 25 23 17 40 28 42 -20 22 41 -23 -24 24 -26 26 49 -29 -30 50 -32 32 61 36 -36 -37 -38 -39 59 -41 55 -43 -44 -45 45 -47 -48 -49 -50 -51 60 52 -54 -55 -56 -57 -58 -59 -60 -61 -62 -63
leaf_value=-0.015279634554948764 -0.38370725623209306 0.24746332235224547 -0.28059378904871696 -0.14081907578914846 -0.063369989053466025 -0.24062249243903808 -0.053083155672394293 -0.43998956716343574 0.053767165935684834 0.11487702059976002 0.071930776513729533 0.35957205128285974 -0.094276474116212233 -0.32694828058117714 0.017245993649630552 -0.1326006712147168 -0.36804185821333829 0.15267693903764643 0.14145375777155439 0.071515999944428227 -0.19471417978410707 0.17533190779968075 0.21439493090907055 -0.12540926153315252 0.041542883602479846 0.039679370842606899 0.013013057344304078 0.062694230571103432 -0.2301735587199365 -0.018630906405770076 0.28940824408327082 0.016731563454670181 0.0089170939849494996 0.19199683292441899 0.10720935325544184 -0.34537482486510507 -0.0066092594225457425 0.058867190128590492 -0.16254004375982473 0.26618763696813585 0.20731710372292739 -0.10682061439914137 0.33818277714035727 -0.16459507749710334 -0.081591079151697374 -0.17338599904616678 -0.12832910733890809 0.37019339054059708 0.53974935438948368 -0.0058103797910239053 -0.30256978338000218 -0.019867601894879641 -0.26447206051932298 -0.27505749041693556 -0.11172575724172654 0.353376221337729 0.14204940531461052 0.11590142903814334 0.15880934879427636 -0.48029760414216577 -0.075831899484443591 0.25605573458247166
leaf_weight=481 143 297 489 376 361 129 917 276 640 684 747 215 324 111 877 24 256 700 807 315 509 458 365 683 145 125 304 270 556 1321 251 121 33 22 298 32 340 348 468 62 381 923 82 642 44 37 261 338 111 591 40 39 311 24 1225 128 401 487 525 20 656 658
leaf_count=481 143 297 489 376 361 129 917 276 640 684 747 215 324 111 877 24 256 700 807 315 509 458 365 683 145 125 304 270 556 1321 251 121 33 22 298 32 340 348 468 62 381 923 82 642 44 37 261 338 111 591 40 39 311 24 1225 128 401 487 525 20 656 658
internal_value=7.41358e-06 0.0892062 -0.103329 -0.0553326 0.157444 -0.00808381 -0.127929 -0.222699 0.00682127 0.116747 -0.0273573 0.268049 -0.0441533 -0.173595 0.0820261 0.238351 -0.316177 0.102396 0.0773864 0.0860384 -0.174815 0.104534 0.148315 -0.140299 -0.0961608 -0.00102267 0.0160867 -0.0352355 -0.273843 -0.0583611 0.187355 0.170823 0.214513 -0.0967169 0.0316117 -0.0631195 -0.0849452 -0.00336791 -0.228495 0.101761 0.193396 -0.138122 0.172337 -0.188733 0.0399621 0.0971877 -0.0739322 0.313036 0.421664 0.0412496 -0.0429569 -0.280115 -0.237293 0.00930777 -0.10629 0.244365 0.119862 0.0763966 0.145955 -0.176048 -0.0890757 0.244273
internal_weight=23804 12776 11028 7866 7509 5267 3628 3162 4238 5490 3140 2019 3808 2074 3681 1693 1088 2972 2190 1459 2409 1098 680 1581 828 2092 1768 1219 812 2393 1809 1558 874 1716 779 949 1587 709 977 183 1058 1432 782 753 1383 482 386 635 326 1382 2017 493 350 901 1247 509 445 791 549 488 696 691
internal_count=23804 12776 11028 7866 7509 5267 3628 3162 4238 5490 3140 2019 3808 2074 3681 1693 1088 2972 2190 1459 2409 1098 680 1581 828 2092 1768 1219 812 2393 1809 1558 874 1716 779 949 1587 709 977 183 1058 1432 782 753 1383 482 386 635 326 1382 2017 493 350 901 1247 509 445 791 549 488 696 691
is_linear=0
shrinkage=0.035


Tree=6
num_leaves=63
num_cat=0
split_feature=76 71 73 63 76 63 73 76 71 73 73 23 63 71 23 23 63 63 82 73 75 63 23 63 73 69 19 43 59 71 73 50 63 63 71 39 63 63 14 0 69 77 28 28 63 73 50 34 73 19 49 25 19 75 63 3 31 80 82 40 0 71
split_gain=167098 60350.7 51947 25450.9 24152.7 14969.7 14761.2 10981.1 10584.5 8905.6 8597.2 7678.65 6033.32 5222.64 4755.49 4398.3 4219.38 4177.91 3890.72 3612.57 3492.26 3377.15 3297.3 3211.3 3127.93 2938.94 2802.91 2873.83 2702.98 2630.82 2599.1 2550.29 2528.98 2430.05 2428.12 2324.27 2221.22 2149.67 2109.91 2079.02 2017.42 2006.23 1993.97 1953.55 1951.36 1876.68 1858.34 1788.85 1756.62 1706.54 2260.72 2216.01 1702.24 2278.98 1695.81 1694.94 1856.51 1688.68 1668.29 1655.31 1619.07 1587.22
threshold=0.028564321944047514 69.717097744360913 67.914923740204841 98.297864480595123 -0.21528867231633042 96.089988640773967 74.660158968947812 -0.21528867231633042 72.279500000000013 77.019199888836809 73.54279152831289 59.677083333333336 105.55460225047001 68.189983277591992 67.118823529411785 73.816498316498325 108.31151501729452 92.756442683924817 -102.49999999999999 63.322064394138231 160.01413903772684 107.17424581825402 71.203448275862087 94.042887166861362 72.68956014568171 2.1081911649897482 8.0597147950089134 14.109126984126986 1.0000000180025095e-35 72.966862745098055 79.037447706202784 72.968347826086969 89.793700366153772 103.07217132149552 68.441245210727985 28.262013729977117 93.013365075570917 106.20308656937252 0.79548809523809527 4.5000000000000009 -16.548216572344689 0.38722086959900953 23.848076923076928 23.803225806451618 91.892495784028213 71.97227523929304 67.000740740740753 11.630604288499027 66.03437482695098 5.8596059113300498 -0.029500909666419498 62.234313725490203 5.2540322580645169 136.37819062439641 107.56560660635301 63.605555555555561 31.348913043478266 9.7473373836143526 -118.49999999999999 17.685855263157901 29.500000000000004 69.985092592592608
decision_type=2 2 2 2 2 2 2 2 2 2 2 2 2 2 2 2 2 2 2 2 2 2 2 2 2 2 2 2 2 2 2 2 2 2 2 2 2 2 2 2 2 2 2 2 2 2 2 2 2 2 2 2 2 2 2 2 2 2 2 2 2 2
left_child=1 7 5 6 9 19 17 24 15 16 12 -7 31 -13 -9 37 41 46 39 -2 21 -11 57 -16 54 -12 27 32 49 38 36 35 -17 -26 42 -5 -8 47 48 -15 -14 -3 -25 -18 -21 -19 -4 -6 -20 50 -24 55 -39 -54 -1 56 -51 -10 -48 -37 -49 -41
right_child=2 4 3 10 8 11 30 14 22 20 25 13 40 18 23 26 43 45 29 44 -22 -23 28 34 33 -27 -28 -29 -30 -31 -32 -33 -34 -35 -36 59 -38 52 -40 61 -42 -43 -44 -45 -46 -47 58 60 -50 51 -52 -53 53 -55 -56 -57 -58 -59 -60 -61 -62 -63
leaf_value=-0.020113688762059483 -0.46699617455490433 0.23297819265350705 -0.31710002777239943 -0.24060658036710242 -0.085018297114717339 -0.30353087949312674 -0.097139640724497905 -0.13648887215873937 0.053044304827909929 0.2593687712125331 0.1694456900276067 -0.22705571880932721 0.31629021465634727 -0.30128857250907753 -0.12098815147234845 -0.18009711414629764 0.21725416949726226 -0.1496784540542557 -0.13985996230001185 -0.36477653971998236 0.52094284229964904 0.41854287891413861 0.10189368365870582 -0.077458167920399251 0.060495395585193359 0.051936176369867873 0.0089249493563879727 -0.0035954854539419689 0.23525798600617731 0.10876520274077672 0.063695789776250358 0.027045118921405532 0.16007275156323339 0.20069820462954316 0.026330879507289746 -0.056371750520831501 -0.00037732198851612905 0.195293646757009 0.23101962804706661 -0.19908171705505717 0.064544888070191986 0.10891535803095813 0.036641879455876089 0.36022652407017625 -0.23896096196483421 -0.07513312114663713 -0.24183175187491579 0.011960949924755026 -0.042645621395451784 0.32187600837964964 0.32748326173113107 0.19583272125940115 -0.043679347524513308 0.11090962714288778 0.09319294447494568 0.17736551398386363 -0.0026462821584705117 0.36677530165248451 -0.13921063173462769 0.24626357027623391 0.22531551782033776 -0.1003459025673184
leaf_weight=424 187 220 166 84 237 410 506 590 326 523 505 644 41 118 370 27 311 1002 462 261 111 241 94 748 297 540 266 165 880 96 378 528 1160 310 1111 1426 682 128 25 358 662 588 250 192 373 708 370 694 450 23 131 297 188 307 261 126 266 22 415 22 46 455
leaf_count=424 187 220 166 84 237 410 506 590 326 523 505 644 41 118 370 27 311 1002 462 261 111 241 94 748 297 540 266 165 880 96 378 528 1160 310 1111 1426 682 128 25 358 662 588 250 192 373 708 370 694 450 23 131 297 188 307 261 126 266 22 415 22 46 455
internal_value=6.69164e-06 0.0925188 -0.0929414 -0.0423338 0.152269 -0.198842 -0.101452 -0.0111892 0.112408 0.250378 0.0232933 -0.162744 -0.00905147 -0.140556 -0.0472242 0.0721321 0.192525 -0.15162 -0.11214 -0.331357 0.336893 0.309825 0.17224 -0.0259546 0.0743902 0.10878 0.112815 0.133242 0.191146 -0.0653186 -0.0161825 -0.0392661 0.15226 0.13221 -0.00925569 -0.0621237 -0.0416174 0.0309666 -0.0832065 -0.164024 0.0794464 0.142822 -0.0488685 0.272139 -0.291008 -0.118847 -0.210452 -0.00143304 -0.0919458 0.14961 0.233687 0.12289 0.0817424 0.0522052 0.02309 0.0705068 0.02368 0.0733857 -0.187707 -0.0516879 0.0253714 -0.143924
internal_weight=23804 11930 11874 8035 7569 3839 4227 4361 5383 2186 3808 3018 2763 2608 3069 3218 1311 2661 1964 821 875 764 2165 2479 1292 1045 1618 1352 1817 1033 1566 2060 1187 607 2109 1532 1188 1600 937 931 703 808 998 503 634 1710 951 977 912 937 225 712 623 495 685 415 289 348 785 1448 740 813
internal_count=23804 11930 11874 8035 7569 3839 4227 4361 5383 2186 3808 3018 2763 2608 3069 3218 1311 2661 1964 821 875 764 2165 2479 1292 1045 1618 1352 1817 1033 1566 2060 1187 607 2109 1532 1188 1600 937 931 703 808 998 503 634 1710 951 977 912 937 225 712 623 495 685 415 289 348 785 1448 740 813
is_linear=0
shrinkage=0.035


Tree=7
num_leaves=63
num_cat=0
split_feature=76 71 73 63 76 63 73 76 71 73 73 63 71 63 73 75 73 61 73 63 73 75 63 71 69 63 63 73 71 75 73 63 66 48 63 31 82 76 27 63 69 34 63 75 63 73 27 24 73 15 23 19 28 67 0 75 55 9 41 67 72 68
split_gain=155624 56356.3 48379.9 23703.3 21638.5 14024.8 13747.2 11218.2 8659.62 8006.13 6355.79 5624.35 5607.71 5436.74 5266.96 4516.42 4005.2 3994.91 3742.17 3623.18 4484.75 3347.46 3111.84 2744.86 2737 2715.3 2465.7 2420.56 2359.28 2317.69 2302.16 2274.77 2835.65 2423.35 2162.57 2150.11 2149.92 2088.4 2098.86 2068.6 1912.34 1904.65 1864.2 1860.37 1854.22 2437.64 2271.18 1848.67 1800.63 1788.36 1737.17 1725.33 1710.3 1708.88 1699.01 1658.21 1600.78 2216.56 1581.9 1579.62 1862.01 1892.56
threshold=0.028564321944047514 70.059727272727272 67.914923740204841 98.297864480595123 -0.21528867231633042 100.45951082583652 74.660158968947812 -0.21528867231633042 72.852964552688704 73.54279152831289 77.019199888836809 105.38519731405401 68.441245210727985 92.884889787728767 62.800173437231223 137.48127553235284 63.739804895247545 0.87135240421114013 73.831434536419962 104.45519172477552 77.716940635282555 159.64595383327182 108.31151501729452 68.473877576671711 2.1081911649897482 107.17424581825402 102.92712692345502 79.037447706202784 68.509182480188485 128.15510921365873 71.97227523929304 94.156704388102767 102.98891793432601 0.54710529394352936 107.56560660635301 36.603571428571435 63.500000000000007 -0.34385581031626139 10.418010752688174 93.013365075570917 -16.548216572344689 14.67204301075269 106.63729021738801 151.13496604122739 110.10375447122101 75.75992990692707 6.4749373433583974 24.964901477832516 63.101187622653846 11.803846153846157 69.43167701863355 5.3651515151515161 17.848076923076928 106.9788932108065 13.500000000000002 145.92076367907711 110.75827113442527 37.467708333333341 6.2204861111111116 104.39002249919152 71.474318804005335 9.1440828612184024
decision_type=2 2 2 2 2 2 2 2 2 2 2 2 2 2 2 2 2 2 2 2 2 2 2 2 2 2 2 2 2 2 2 2 2 2 2 2 2 2 2 2 2 2 2 2 2 2 2 2 2 2 2 2 2 2 2 2 2 2 2 2 2 2
left_child=1 7 5 6 10 13 17 18 15 11 22 28 29 48 -7 42 47 30 26 20 36 25 37 -16 -11 -12 -1 39 -5 -9 52 35 -33 -34 -20 -14 -17 -3 -39 -8 -13 -25 -6 53 45 -10 -47 -15 -2 -19 -28 -44 -4 -21 -55 -42 -35 -58 -32 60 61 -31
right_child=2 4 3 9 8 14 27 12 44 24 21 40 31 16 23 19 -18 49 34 43 -22 -23 -24 41 -26 -27 50 -29 -30 59 58 32 33 56 -36 -37 -38 38 -40 -41 55 -43 51 -45 -46 46 -48 -49 -50 -51 -52 -53 -54 54 -56 -57 57 -59 -60 -61 -62 -63
leaf_value=-0.054908958475434068 -0.51448443341038752 0.23380984061826965 -0.26055291446789258 -0.13972837853935405 -0.074829007827552085 -0.24386741451058638 -0.093743111308241187 -0.21794413202819304 0.1116216355977184 0.16352095640469141 0.24854993992122643 0.30535343390487762 -0.19876989854534957 -0.36207656212782729 -0.18210452315926612 0.0072157164315574517 -0.19312783359983143 -0.18874929403108673 0.11753025739678055 0.098287688637545889 0.13908593629024588 0.49689057554048982 0.26905334575176243 -0.062004763300492004 0.050120090576248881 0.39562591975834432 -0.00860119455186115 0.061469384435692234 -0.02460030748559025 -0.099173334242274647 -0.13422566337861111 -0.029824961178821247 0.1517077353037036 -0.0030183849203990363 0.29049222888914461 0.0044960851935205853 0.15440970001933182 0.091349437287142565 0.45406620701347911 -0.00036412521763824122 0.018697548225049401 -0.20792580984085188 0.22260967739397644 0.2854124024592683 0.27171030096474791 0.049361170810315672 0.22623844458398451 -0.14173286445267433 -0.33481097951915673 -0.33030787391341143 0.11186383291137544 0.0094982874395949379 -0.13322161751018913 0.020333145231080867 0.24278398388264671 0.13089531941153471 0.2191151880498475 -0.080353869184680377 -0.029551693309185115 -0.0014991159615935863 -0.035837079440240491 -0.25218373134349076
leaf_weight=256 89 247 149 248 272 395 506 143 613 505 490 41 121 310 394 946 1008 642 440 513 714 119 457 1133 540 228 217 378 1784 527 291 766 260 518 111 134 139 442 20 682 433 121 58 119 231 102 714 56 333 133 451 228 995 51 243 257 100 43 451 318 457 122
leaf_count=256 89 247 149 248 272 395 506 143 613 505 490 41 121 310 394 946 1008 642 440 513 714 119 457 1133 540 228 217 378 1784 527 291 766 260 518 111 134 139 442 20 682 433 121 58 119 231 102 714 56 333 133 451 228 995 51 243 257 100 43 451 318 457 122
internal_value=7.91031e-06 0.0892872 -0.0896921 -0.040853 0.153721 -0.191892 -0.0979056 -0.000517789 0.114376 0.0224808 0.250763 -0.00873228 -0.0345628 -0.263246 -0.129115 0.0814119 -0.229326 -0.146319 0.0804565 0.0999854 0.070994 0.324418 0.197772 -0.101542 0.104977 0.295501 0.0373657 -0.0156165 -0.038684 -0.0838076 -0.118767 0.00518243 0.0199186 0.0612881 0.152612 -0.0921421 0.0261385 0.151664 0.107533 -0.0401623 0.0744909 -0.0761649 -0.00929432 0.156236 0.179523 0.164529 0.204177 -0.328612 -0.373276 -0.213244 0.0727483 0.053042 -0.149915 0.137019 0.204307 0.0605567 0.0256291 0.129074 -0.0706705 -0.0702632 -0.0900216 -0.128114
internal_weight=23804 11930 11874 8035 6946 3839 4227 4984 4943 3808 2003 2763 3509 1796 2043 3283 1374 2661 1475 2725 1799 837 1166 1648 1045 718 924 1566 2032 1567 1886 1942 1687 921 551 255 1085 709 462 1188 731 1254 558 926 1660 1429 816 366 422 775 668 286 1144 807 294 690 661 143 742 1424 1106 649
internal_count=23804 11930 11874 8035 6946 3839 4227 4984 4943 3808 2003 2763 3509 1796 2043 3283 1374 2661 1475 2725 1799 837 1166 1648 1045 718 924 1566 2032 1567 1886 1942 1687 921 551 255 1085 709 462 1188 731 1254 558 926 1660 1429 816 366 422 775 668 286 1144 807 294 690 661 143 742 1424 1106 649
is_linear=0
shrinkage=0.035


Tree=8
num_leaves=63
num_cat=0
split_feature=76 71 73 63 76 76 73 71 60 73 75 71 76 63 75 71 63 55 73 0 19 76 71 23 63 73 63 63 15 23 19 28 63 5 76 72 73 73 0 63 73 19 63 24 44 24 19 63 71 37 55 22 14 61 46 73 16 22 48 59 37 0
split_gain=145128 56574 41929.6 23887.9 18193.3 16140.5 12025.9 10936.8 9735.82 6998.4 6712.01 5408.02 5063.84 4834.46 4727.72 4678.94 4576.3 4348.17 3944.46 3059.79 3009.14 2999.97 2621.05 2429.26 2371.36 2363.68 2206.11 2176.75 2171.21 2414.42 2113.62 2047.3 2036.33 2025 2006.03 2035.78 1981.77 1908.23 1898.07 1857.2 2017.42 2030.1 1849.15 1903.68 1810.47 1808.56 1787.57 1766.54 1764.7 1769.77 1759.22 1749.2 1729.7 1781 1721.96 1705.97 1663.56 1636.81 1584.9 1569.88 1505.61 1700.93
threshold=0.05020522811401202 71.053188405797115 67.297637620686785 98.811605217347818 -0.16943365902500598 -0.21528867231633042 74.660158968947812 68.540072463768141 122.50000000000001 73.54279152831289 159.64595383327182 68.189983277591992 -0.29332732991428589 105.30625443630852 130.65841077723363 72.966862745098055 92.884889787728767 104.58201822166093 62.229780174454994 14.500000000000002 7.9344086021505387 -0.44892454840099844 68.677472222222249 69.203448275862087 102.99220781861001 72.167649181000101 93.013365075570917 106.73542414360601 8.6030303030303035 73.816498316498325 11.26293103448276 25.780193236714982 89.997920404699826 5.6172161172161177 0.24669557554640506 72.027290359324198 70.325811285032231 82.159053059094433 6.5000000000000009 102.92712692345502 68.34869359941419 5.6614583333333348 94.458915357764369 29.607692307692314 17.603571428571431 29.016129032258068 6.9245014245014254 109.660573875574 69.364094861660092 8.803225806451616 100.30447472316214 17.338541666666668 0.63118465909090926 0.80142923615956418 0.84292763157894746 74.597726808730854 25.91833333333334 15.403125000000001 0.47207571977666379 1.0000000180025095e-35 7.7543103448275872 3.5000000000000004
decision_type=2 2 2 2 2 2 2 2 2 2 2 2 2 2 2 2 2 2 2 2 2 2 2 2 2 2 2 2 2 2 2 2 2 2 2 2 2 2 2 2 2 2 2 2 2 2 2 2 2 2 2 2 2 2 2 2 2 2 2 2 2 2
left_child=1 5 8 6 10 11 16 23 18 13 12 -1 24 48 60 19 30 39 -2 -6 27 -13 -8 -7 -3 -18 -20 -19 29 -23 36 46 -25 -17 35 -16 -4 52 -36 -9 41 -41 43 -35 -11 -12 -14 55 49 51 -38 -5 53 -24 -26 57 -46 -21 -34 -44 -10 -62
right_child=2 4 3 9 15 7 22 17 14 44 45 21 31 -15 34 33 25 20 26 47 -22 28 37 32 54 -27 -28 -29 -30 -31 -32 -33 58 42 38 -37 50 -39 -40 40 -42 -43 59 -45 56 -47 -48 -49 -50 -51 -52 -53 -54 -55 -56 -57 -58 -59 -60 -61 61 -63
leaf_value=0.011031095075576392 -0.43515738170653179 0.18614380867466146 -0.26488593341518746 -0.095556526922262644 0.033603565976540427 -0.13251873738094394 -0.19887461408211746 -0.057461214848035028 -0.33257581545966719 0.051573469074057694 0.29110492237015528 0.25246316288967635 0.19643321629772426 0.066461445542696729 -0.11764594003052881 0.046614341468247153 -0.14107915959799094 0.063097555071533307 -0.33787445720297088 0.29079314400719819 -0.038566339295554163 0.085227005192257899 0.0073482623805462485 -0.26363620588779452 0.3021944568332986 -0.058773296212025199 -0.21922384120692265 0.18249009788762188 0.056211427259385702 0.21252248928760792 -0.42742140916786575 0.2707685777586874 0.074020470406017988 -0.037710876561610686 -0.29702984994756754 0.019878944395711431 -0.078743210673597727 0.16749319930960394 -0.14482799640777086 0.066476671267011095 0.06319289830757073 -0.086604081611960176 0.15647960934325142 0.20479416496711347 0.20552015681103525 0.55106763055506025 0.085077170114634018 0.21606216800937172 -0.01980173324866372 -0.0064997019713615876 -0.20103535662967173 -0.28409852050372664 -0.0064337398052458153 -0.32960271331133212 0.46797995166085626 0.14141790290578707 0.061425730345554125 0.023622546671220782 -0.056182896162123491 0.23764903242443539 0.07729801340773701 -0.22829406700087332
leaf_weight=578 182 197 322 214 879 741 93 787 181 379 50 234 396 741 767 161 1286 1245 281 30 312 345 35 52 565 642 628 220 466 390 50 212 130 92 125 159 224 72 519 157 508 325 653 69 287 108 321 197 1458 166 409 84 1136 42 91 527 150 358 937 537 24 278
leaf_count=578 182 197 322 214 879 741 93 787 181 379 50 234 396 741 767 161 1286 1245 281 30 312 345 35 52 565 642 628 220 466 390 50 212 130 92 125 159 224 72 519 157 508 325 653 69 287 108 321 197 1458 166 409 84 1136 42 91 527 150 358 937 537 24 278
internal_value=8.38259e-06 0.0796633 -0.0937494 -0.0502003 0.165376 0.0168396 -0.105254 -0.0146231 -0.201626 0.0180242 0.251362 0.101444 0.231848 -0.00945826 -0.156656 0.117727 -0.145318 0.021364 -0.286136 0.0824386 0.0600704 0.137842 -0.019957 -0.0833748 0.293476 -0.113696 -0.256072 0.0810853 0.11541 0.152875 -0.20589 0.17513 -0.050784 0.164149 -0.12712 -0.0940303 -0.194071 -0.00693305 -0.174583 -0.0173464 0.0145523 -0.0367172 0.178131 0.0665105 0.107668 0.470001 0.146678 0.121005 -0.0387395 -0.0981537 -0.157862 -0.149101 -0.0173541 -0.177339 0.325536 0.100429 0.156195 0.0446367 -0.0402888 0.193196 -0.252427 -0.203909
internal_weight=23804 12870 10934 7790 5443 7427 4311 5414 3144 3479 1940 2013 1782 2663 2053 3503 2933 3554 1091 1991 1777 1435 1378 1860 853 1928 909 1465 1201 735 1005 929 1119 1512 1570 926 955 1285 644 1777 990 482 1351 161 816 158 717 1112 1922 464 633 298 1213 77 656 915 437 388 1067 1190 483 302
internal_count=23804 12870 10934 7790 5443 7427 4311 5414 3144 3479 1940 2013 1782 2663 2053 3503 2933 3554 1091 1991 1777 1435 1378 1860 853 1928 909 1465 1201 735 1005 929 1119 1512 1570 926 955 1285 644 1777 990 482 1351 161 816 158 717 1112 1922 464 633 298 1213 77 656 915 437 388 1067 1190 483 302
is_linear=0
shrinkage=0.035


Tree=9
num_leaves=63
num_cat=0
split_feature=76 71 73 63 76 63 73 82 71 71 73 23 71 73 63 82 63 23 55 63 63 63 75 75 73 73 35 63 80 76 72 27 21 71 63 73 67 73 19 32 9 41 63 63 32 27 71 63 14 69 18 21 82 82 55 50 1 21 15 29 75 67
split_gain=135249 49347.8 42125.9 20841.9 19478.5 12363.6 10888.2 9047.51 8588.23 8555.63 7486.29 6841.49 4729.74 4018.88 3864.84 3755.53 3637.34 3530.62 3483.51 3439.51 3423.81 2959.16 2955.31 2950.81 2947.51 2807.79 2708.26 2620.35 2619.51 2532.73 2535.76 2514.45 2505.71 2494.98 2463.87 2426.25 2336.53 2116.12 2003.45 1983.7 1974.69 1944.89 1931.18 1929.33 1912.9 1887.94 1841.03 1828.5 1808.28 1768.4 1729.02 1692.8 1681.72 1669.89 1635.58 1614.51 1593.49 1587.97 1583.58 1887.37 1565.64 1788.74
threshold=0.028564321944047514 69.717097744360913 67.914923740204841 97.393490484359418 -0.21528867231633042 95.171644975036415 74.409773648566031 93.500000000000014 72.01604166666668 73.351555555555578 76.795316567846825 59.677083333333336 67.658958605664495 68.045628773510288 104.89435061049451 -108.49999999999999 105.85389332489501 71.530330882352956 105.3642673428197 108.19999834478152 108.31151501729452 107.17424581825402 153.80717950446169 159.64595383327182 71.6240106263391 63.101187622653846 21.508064516129036 92.756442683924817 3.7585814036511498 -0.43421299209216196 70.790151527766412 10.418010752688174 13.901612903225809 72.966862745098055 111.00166560309052 79.037447706202784 105.63087251784901 68.529878023044333 8.0597147950089134 0.46328888888888892 37.844129554655879 5.3816526610644271 89.793700366153772 94.253088552431862 0.59403125000000012 6.5735930735930745 69.315672969966656 104.96719977953002 0.79548809523809527 23.997370535053651 16.633971291866033 15.627314814814817 135.50000000000003 -179.49999999999997 100.86845297763962 71.317268518518532 68.127717391304358 10.716517857142859 11.67204301075269 0.3795 152.03645678531117 93.594299229980706
decision_type=2 2 2 2 2 2 2 2 2 2 2 2 2 2 2 2 2 2 2 2 2 2 2 2 2 2 2 2 2 2 2 2 2 2 2 2 2 2 2 2 2 2 2 2 2 2 2 2 2 2 2 2 2 2 2 2 2 2 2 2 2 2
left_child=1 7 5 6 10 25 27 13 18 14 20 55 -13 47 24 56 22 -10 19 50 31 23 43 -12 39 -2 28 58 54 51 36 52 -16 48 45 49 -31 -21 42 -5 -25 -29 -20 -15 46 -19 -26 -1 -17 -8 -6 -9 -3 -28 -11 -7 -14 -18 59 -4 61 -47
right_child=2 4 3 9 8 11 35 29 17 26 21 12 15 16 32 33 57 34 38 37 -22 -23 -24 40 44 -27 53 41 -30 30 -32 -33 -34 -35 -36 -37 -38 -39 -40 -41 -42 -43 -44 -45 -46 60 -48 -49 -50 -51 -52 -53 -54 -55 -56 -57 -58 -59 -60 -61 -62 -63
leaf_value=-0.17548902603742866 -0.45212849768414737 0.062318359724712204 -0.14864465725392487 0.034709401313825092 0.0084751458661094011 -0.34176538905234483 -0.043162304930460506 0.14025812951003164 0.061785988505760191 0.0025396793098171754 0.2267798140638205 -0.22580316221663171 -0.28016480148311229 -0.13195438856945896 0.084094009326911412 -0.0871673566171869 0.25774585123819727 0.079242343960789163 -0.17722311025507312 0.030773286532372469 0.24221533408769116 0.39279039820340772 0.067802436287586504 0.30673935847894279 -0.099831765671927322 -0.27677246766213048 -0.059477295223209596 -0.20242449666763826 0.3405314505443543 -0.0026856876418935157 0.18961033840892697 0.42964611095852323 -0.11316904918394613 0.10496156876453985 0.29521194575326132 0.054783856299189852 0.16985093778597335 0.18984715597568982 0.015280617407452296 -0.086774659887092931 0.64378055746261387 -0.095029759132144898 0.13146846809148113 -0.037300547501160533 0.34191540835543377 -0.16309652349796702 0.020316568422236229 -0.064996237660920997 0.19548778455429958 -0.33801980346207527 -0.16036083609259352 0.47235232227168433 0.16886289453602016 0.20936055157777192 0.11292047484973565 -0.20416138208357387 -0.14064960855955871 0.051417746085837844 -0.28578279581614113 -0.32324657378272514 0.21015896252558597 0.14785990178196318
leaf_weight=321 143 408 650 192 1136 234 1125 248 450 406 551 505 113 323 616 1067 53 309 25 195 483 293 279 56 186 543 31 255 39 698 126 31 90 97 177 356 111 216 256 1144 36 1096 1054 1435 20 23 962 430 28 25 79 20 328 301 276 195 914 317 179 86 751 712
leaf_count=321 143 408 650 192 1136 234 1125 248 450 406 551 505 113 323 616 1067 53 309 25 195 483 293 279 56 186 543 31 255 39 698 126 31 90 97 177 356 111 216 256 1144 36 1096 1054 1435 20 23 962 430 28 25 79 20 328 301 276 195 914 317 179 86 751 712
internal_value=8.50792e-06 0.0832385 -0.0836137 -0.0380404 0.137268 -0.17898 -0.0979609 -0.0105403 0.101471 0.0149831 0.225374 -0.149637 -0.12913 -0.041655 -0.0134177 -0.107082 -0.0195887 0.15035 0.0614696 0.027055 0.1692 0.300259 -0.0379295 0.257816 -0.033811 -0.313634 0.10153 -0.146431 0.0633581 0.0711197 0.0438783 0.123087 0.0588799 -0.0647706 0.170537 -0.0250038 0.0210734 0.114512 0.103357 -0.0693068 0.44143 -0.11537 0.124234 -0.054726 0.00679961 0.158163 0.000811992 -0.112314 -0.0798505 -0.0497194 -0.00256124 0.165888 0.109887 0.184196 0.047265 -0.279537 -0.156133 0.0812902 -0.1922 -0.169257 0.174539 0.13802
internal_weight=23804 11930 11874 8035 7569 3839 3772 4361 5383 4263 2186 3153 2724 3158 3210 2219 2407 2422 2961 1626 1250 936 2037 643 2504 686 1053 2266 721 1203 935 767 706 1192 1972 1506 809 411 1335 1336 92 1351 1079 1758 1168 1795 1148 751 1095 1150 1215 268 736 332 682 429 1027 370 915 736 1486 735
internal_count=23804 11930 11874 8035 7569 3839 3772 4361 5383 4263 2186 3153 2724 3158 3210 2219 2407 2422 2961 1626 1250 936 2037 643 2504 686 1053 2266 721 1203 935 767 706 1192 1972 1506 809 411 1335 1336 92 1351 1079 1758 1168 1795 1148 751 1095 1150 1215 268 736 332 682 429 1027 370 915 736 1486 735
is_linear=0
shrinkage=0.035


Tree=10
num_leaves=63
num_cat=0
split_feature=76 71 76 71 76 76 71 75 71 63 75 61 0 71 75 71 76 71 55 71 75 0 63 82 69 63 23 76 76 15 63 0 75 63 28 5 63 66 63 66 29 63 76 25 63 24 63 67 66 24 19 46 63 36 24 60 68 25 14 63 6 71
split_gain=126116 49545.8 31812.6 27123.9 16009.5 13933.5 9759.45 9559.11 7199.49 6203.7 5952.8 5560.32 5123.84 5009.42 4832.77 4818.75 4468.47 4108.4 3965.32 3840.54 3491.57 2802.56 2798.24 2455.35 2445.75 2134.56 2127.67 2094.16 2085.72 2039.86 2035.57 1959.11 1939.85 1914.23 1869.95 1860.88 1823.84 1819.05 1787.5 2059.13 1793.02 1757.94 1732.42 1711.38 1709.71 1741.12 1678.55 1676.04 1666.25 1660.49 1656.65 1598.35 1586.87 1608.91 1586.72 1674.17 1575.27 1566.67 1564.26 1593.56 1555.89 1552.89
threshold=0.05020522811401202 71.053188405797115 0.37484073753973857 69.960839160839171 -0.16943365902500598 -0.21140633487511845 68.540072463768141 139.07948808710753 70.822131313131322 95.743608724591823 159.64595383327182 0.90356943631469566 12.500000000000002 74.177955050505076 131.4901836589782 68.741380952380965 -0.29332732991428589 72.966862745098055 104.58201822166093 68.473877576671711 138.79173541493594 14.500000000000002 98.297864480595123 187.50000000000003 14.145488206282701 102.99220781861001 69.203448275862087 0.25034984729308651 0.1332925684178605 8.6273148148148167 97.468281950891267 27.500000000000004 156.63182334508571 106.73542414360601 25.780193236714982 5.6172161172161177 89.997920404699826 98.642896195929509 107.56560660635301 101.78236316602151 0.37326794871794883 101.32760275373852 -0.43421299209216196 52.632456140350882 94.458915357764369 29.607692307692314 109.25523448465701 107.12289923587251 109.80413636126001 29.016129032258068 6.9245014245014254 0.84292763157894746 109.660573875574 0.74125462962962974 21.255434782608699 61.500000000000007 0.52140725988410008 54.672043010752695 0.72320714285714305 109.81469293633351 27.316985645933016 70.110559139784968
decision_type=2 2 2 2 2 2 2 2 2 2 2 2 2 2 2 2 2 2 2 2 2 2 2 2 2 2 2 2 2 2 2 2 2 2 2 2 2 2 2 2 2 2 2 2 2 2 2 2 2 2 2 2 2 2 2 2 2 2 2 2 2 2
left_child=1 5 3 14 10 15 26 28 11 32 16 20 37 31 -2 42 25 21 58 47 54 -6 61 29 33 -3 -7 30 -5 -17 48 38 57 -24 50 -19 -28 -10 39 40 -11 -22 -1 -30 45 -37 -15 -16 -21 -12 -18 -27 53 -23 -4 -56 -39 -9 -8 -60 -58 -20
right_child=2 4 8 7 17 6 18 9 12 13 49 -13 -14 46 19 23 34 35 22 27 41 52 24 -25 -26 51 36 -29 43 -31 -32 -33 -34 -35 -36 44 -38 56 -40 -41 -42 -43 -44 -45 -46 -47 -48 -49 -50 -51 -52 -53 -54 -55 55 -57 60 -59 59 -61 -62 -63
leaf_value=0.12498024403721515 -0.24662328390337721 0.17283969151915254 -0.39567536039571466 -0.042729375554900743 0.029975687988593781 -0.12572197534374827 -0.03727307803392791 -0.27305757493179034 -0.20195189900418259 -0.047225995098182282 0.26980954685895747 -0.46440899579139927 -0.012881841985924486 0.11652278676963783 -0.18777074514326333 0.15431750761925675 0.18418904233168609 0.040623118570483875 -0.026179580720249229 -0.14571447126330447 -0.19360589453423846 0.071453649345176659 0.051680334384830287 0.24873988513400777 0.30638396236909804 0.28259755424578087 -0.25022670143445336 -0.15184532029731709 -0.39634324555030237 0.053035180254873082 -0.025012149102882995 0.10182660287965589 0.0095516833555307507 0.16895448839891183 0.25487334530255379 -0.040280143823333697 -0.038784744191184599 0.035531294092067393 0.093807261930529073 0.043647475267615858 0.10227292989578939 -0.014338242643998446 0.0017802260268403329 -0.13388273017827851 0.18116520570870059 0.19162666596440103 0.40663465386716763 -0.085081978614691287 0.02890348410217659 0.51866563786229791 0.077006054431315904 0.44221777629754588 0.20371254189527491 0.18946946764760719 -0.38690606003733907 -0.21420406318029445 -0.10929457043133319 -0.071056559947738601 0.0048484034150524727 0.1648399246653337 -0.41885523643645833 0.073930133138040435
leaf_weight=177 409 197 141 378 879 735 1288 50 845 1044 50 145 293 650 930 626 396 161 527 404 391 740 643 201 64 565 52 412 32 400 760 309 415 232 212 92 1053 79 257 679 108 81 659 526 1190 69 25 248 80 108 321 91 197 175 92 286 135 707 379 95 23 296
leaf_count=177 409 197 141 378 879 735 1288 50 845 1044 50 145 293 650 930 626 396 161 527 404 391 740 643 201 64 565 52 412 32 400 760 309 415 232 212 92 1053 79 257 679 108 81 659 526 1190 69 25 248 80 108 321 91 197 175 92 286 135 707 379 95 23 296
internal_value=9.55742e-06 0.074264 -0.0873916 -0.0547884 0.154477 0.015472 -0.0142589 -0.00508912 -0.196723 0.0172418 0.235136 -0.261945 -0.14276 0.0433782 -0.134158 0.0927616 0.21676 0.109778 0.0198544 -0.117886 -0.232098 0.0767114 0.0569745 0.136903 0.0982512 0.274651 -0.0795828 -0.0834749 -0.106301 0.11488 -0.0607766 0.0196476 -0.0512522 0.0828575 0.163481 0.153278 -0.0488468 -0.177904 0.00746296 -0.00467676 -0.0331691 -0.162897 0.0279277 -0.149282 0.166681 0.0593724 0.127566 -0.1662 -0.116845 0.441035 0.136295 0.305065 0.113621 0.09412 -0.294809 -0.256702 -0.0919064 -0.0845748 -0.0172693 0.0370615 -0.155558 0.00984463
internal_weight=23804 12870 10934 8423 5443 7427 5364 5180 2511 4244 1940 1136 1375 3072 3243 2063 1782 3503 3524 2834 991 1991 1762 1227 939 853 1840 1656 936 1026 1244 2397 1172 875 929 1512 1105 1082 2088 1831 1152 472 836 558 1351 161 675 1178 484 158 717 656 1112 915 519 378 237 757 1762 474 158 823
internal_count=23804 12870 10934 8423 5443 7427 5364 5180 2511 4244 1940 1136 1375 3072 3243 2063 1782 3503 3524 2834 991 1991 1762 1227 939 853 1840 1656 936 1026 1244 2397 1172 875 929 1512 1105 1082 2088 1831 1152 472 836 558 1351 161 675 1178 484 158 717 656 1112 915 519 378 237 757 1762 474 158 823
is_linear=0
shrinkage=0.035


Tree=11
num_leaves=63
num_cat=0
split_feature=76 71 73 63 76 60 23 73 71 71 73 73 71 63 73 63 63 63 73 63 73 63 31 63 61 73 63 35 73 21 81 75 75 73 63 73 19 76 71 76 61 35 25 60 16 82 77 75 69 5 23 71 9 28 2 51 26 40 71 3 38 3
split_gain=117566 43100.6 36947.9 18286.2 15977.8 10955.2 9595.46 9546.55 7530.89 5658.83 5150.75 4732.86 4609.62 4586.94 3862.5 3576.33 3451.48 2824.56 2776.12 2855.75 3374.52 2771.03 2916.45 2628.02 2599.22 2558.13 2504.41 2496.11 2367.02 2328.92 2320.79 2311.26 2169.27 2157.11 2133.46 1974.92 1943.81 1796.78 1778.07 1817.27 1772.12 1760.07 1741.98 1730.19 1725.78 1719.19 1692.64 1668.86 1624.69 1610.5 1605.62 1585.22 1578.02 1574.81 1573.85 1549.79 1555.73 1542.08 1539.1 1536.97 1512.88 2053.94
threshold=0.028564321944047514 70.399209389400951 67.914923740204841 97.393490484359418 -0.21528867231633042 122.50000000000001 73.361818181818194 74.409773648566031 73.351555555555578 72.852964552688704 63.927652802830472 76.935313707204912 67.268054933714396 106.45934857033102 63.322064394138231 108.19999834478152 104.89435061049451 108.54178691044301 67.846418559467011 105.55460225047001 76.026845903327484 94.156704388102767 36.55718954248367 93.132006843738566 0.87135240421114013 71.6240106263391 106.98911816076101 21.508064516129036 73.831434536419962 13.901612903225809 1.036817476096725 159.64595383327182 133.94288807715949 79.037447706202784 104.66495741128851 63.542874180574323 8.0161290322580658 -0.34385581031626139 69.960839160839171 0.37484073753973857 0.38490366238371404 22.983870967741939 60.50714285714286 51.500000000000007 26.985294117647062 195.50000000000003 0.69487682083343227 140.68856117932964 23.997370535053651 8.803225806451616 59.677083333333336 69.015901326933957 31.215838509316772 24.808608058608062 27.122500000000006 70.080689655172435 0.37268333333333331 16.302173913043482 73.646376811594223 57.753787878787882 23.288018433179726 56.983333333333341
decision_type=2 2 2 2 2 2 2 2 2 2 2 2 2 2 2 2 2 2 2 2 2 2 2 2 2 2 2 2 2 2 2 2 2 2 2 2 2 2 2 2 2 2 2 2 2 2 2 2 2 2 2 2 2 2 2 2 2 2 2 2 2 2
left_child=1 6 5 7 11 14 12 24 16 18 50 17 46 21 -2 35 25 37 -6 20 43 22 -8 -16 38 -5 41 30 -23 -18 -10 34 -17 48 -13 -14 -22 -3 -4 -40 -30 55 -11 -20 -41 -37 -1 -21 -9 -29 -7 -42 -44 -15 57 -12 -57 -33 60 -54 61 -28
right_child=2 4 3 8 9 10 13 33 27 42 26 31 15 53 23 32 29 -19 19 47 36 28 -24 -25 -26 -27 58 49 40 -31 -32 54 -34 -35 -36 45 -38 -39 39 44 51 -43 52 -45 -46 -47 -48 -49 -50 -51 -52 -53 59 -55 -56 56 -58 -59 -60 -61 -62 -63
leaf_value=-0.0400489759141383 -0.36400931110366069 0.21562969341773103 -0.16180885922770669 -0.064593550604941263 -0.031830982147554171 -0.27082852257432294 -0.18245438162597377 -0.040105948291139351 0.044002258320774368 0.1147398116983662 -0.14357852833264317 0.20281154442208821 -0.30654971156227917 0.11444080731732248 -0.29788829022032237 -0.022603035448538041 0.080377326854562808 0.25130732905272551 -0.24576894915299341 0.067318047964987346 0.13753465563443973 -0.0051845407806726217 0.041622440524080956 -0.17887476380141001 -0.19130504196929168 0.0063076989706709295 -0.24796083593229915 0.1168528665409225 0.21616709053561545 -0.10979807490159794 0.32339755833961747 0.082739122545465518 0.11353391472446096 0.052145780783402637 0.3274455451500497 -0.03081585627565743 0.015299453764148508 0.089039056557395413 -0.044666997661880675 -0.19658536012888431 0.016432317491142337 -0.33982651492548582 0.36927277079331988 0.02251115321636846 -0.043738032242485833 0.26420488589789187 -0.15131738377047499 0.17861493440271634 -0.32272497992655813 0.27799057102053737 -0.16343713337002988 0.11094134612440693 0.087896703904426915 0.24988851071621621 0.57805441608384389 -0.23157053860721666 -0.050736578976761287 0.44085686992757467 0.28598157072648772 0.20001919302855523 0.069859558662863475 -0.011942300160787386
leaf_weight=270 281 206 544 1336 270 257 133 1125 683 711 656 333 31 327 338 224 616 393 30 244 695 515 152 708 728 1168 64 213 115 90 38 23 397 356 349 1967 207 415 601 251 382 40 55 853 142 24 443 516 25 119 521 505 192 156 53 64 613 42 20 702 126 151
leaf_count=270 281 206 544 1336 270 257 133 1125 683 711 656 333 31 327 338 224 616 393 30 244 695 515 152 708 728 1168 64 213 115 90 38 23 397 356 349 1967 207 415 601 251 382 40 55 853 142 24 443 516 25 119 521 505 192 156 53 64 613 42 20 702 126 151
internal_value=9.74299e-06 0.0776082 -0.0779544 -0.0352738 0.14061 -0.167268 0.00736274 -0.0914004 0.0143924 0.105069 -0.124249 0.22823 -0.0303017 0.0626769 -0.24862 -0.00898738 -0.0122533 0.177841 0.0748208 0.0861409 0.0619159 0.0369787 -0.0630709 -0.21746 -0.136786 -0.0315253 -0.0906306 0.0955907 0.055792 0.0560685 0.0589464 0.291943 0.0644438 -0.0230858 0.266789 -0.0315518 0.109511 0.131177 -0.110924 -0.0830046 0.0871227 -0.112192 0.156324 0.0132584 -0.141493 -0.0271924 -0.109245 0.142955 -0.0463905 0.174952 -0.199068 0.0702757 0.187399 0.158408 0.435559 -0.105234 -0.0679951 0.315791 -0.00857365 0.176006 -0.0262533 -0.0826275
internal_weight=23804 11930 11874 8035 6289 3839 5641 3772 4263 4475 2512 1814 3356 2285 1327 2643 3210 1014 2815 2545 1785 1802 285 1046 2266 2504 1734 1053 1517 706 721 800 621 1506 682 2022 902 621 1538 994 1002 1373 1660 883 393 1991 713 760 1150 332 778 887 949 483 118 1333 677 65 361 894 341 215
internal_count=23804 11930 11874 8035 6289 3839 5641 3772 4263 4475 2512 1814 3356 2285 1327 2643 3210 1014 2815 2545 1785 1802 285 1046 2266 2504 1734 1053 1517 706 721 800 621 1506 682 2022 902 621 1538 994 1002 1373 1660 883 393 1991 713 760 1150 332 778 887 949 483 118 1333 677 65 361 894 341 215
is_linear=0
shrinkage=0.035


Tree=12
num_leaves=63
num_cat=0
split_feature=76 71 73 63 76 63 73 73 73 63 73 73 60 63 63 63 60 63 73 73 75 73 71 73 63 63 63 73 63 73 63 74 71 25 38 8 73 80 33 76 25 50 73 35 33 81 80 70 68 21 14 55 30 3 15 76 48 49 73 1 60 70
split_gain=109719 38982.9 37522 19719.8 12985.2 12375.3 10104.7 8046.04 7441.19 6585.72 6392.57 5437.19 5234.62 5149.8 4360.13 4252.8 3553.99 3511.85 3158.24 2999.12 2841.71 2722.9 2655.37 2578.92 2483.88 2440.6 2372.62 2307.95 2484.6 2301.68 2294.51 2173.87 2143.12 2142.86 2035.74 1942.7 1938.75 1870.52 1862.14 1856.48 1806.51 1852.22 1790.23 1687.84 1724.96 1625.23 1594.51 1797.56 1569.38 1550.79 1539.3 1528.36 1524.88 1500.25 1765.38 1500.07 1497.7 1481.93 1479.28 1468.81 1463.11 1889.51
threshold=0.0044730995961310147 70.399209389400951 68.46045038087378 98.811605217347818 -0.29332732991428589 95.171644975036415 74.660158968947812 71.177546978826172 63.739804895247545 104.96719977953002 77.365090584618414 73.54279152831289 197.50000000000003 108.19999834478152 104.08729124815851 106.45934857033102 27.500000000000004 100.24680822585002 77.924468535162944 67.087505004805621 139.07948808710753 63.101187622653846 72.279500000000013 68.46045038087378 97.998549282644817 98.59087160213501 104.82548833888701 79.037447706202784 95.171644975036415 71.036015242190544 98.947809613437855 -7.5556275724183015 67.705295454545464 64.677083333333357 29.017857142857146 19.106203007518801 67.978941093804508 13.117933173367556 0.49245804195804194 0.56580359436827854 54.672043010752695 73.06028571428574 77.093400794782525 21.345490716180375 0.54725543478260874 0.8198644907104008 4.1183429225395551 3.9171467606031034 13.079351697525954 11.701851851851854 0.61605263157894752 110.90499393292149 15.339080459770118 54.434057971014497 9.0151515151515174 0.12773082974737202 0.33582589285714287 0.071968661266417419 76.381036122302419 76.203448275862087 125.50000000000001 1.2336873707105627
decision_type=2 2 2 2 2 2 2 2 2 2 2 2 2 2 2 2 2 2 2 2 2 2 2 2 2 2 2 2 2 2 2 2 2 2 2 2 2 2 2 2 2 2 2 2 2 2 2 2 2 2 2 2 2 2 2 2 2 2 2 2 2 2
left_child=1 7 5 6 22 21 16 14 39 18 13 15 32 19 48 40 -4 38 30 -6 43 -2 51 -15 35 -21 -13 28 50 60 -9 -32 59 -27 -19 -20 -16 49 -12 56 -5 -42 -39 44 55 -23 -40 -48 -1 -24 -8 -3 -34 -31 -55 -14 -7 -52 -11 -10 61 -18
right_child=2 4 3 11 10 8 27 9 12 58 17 26 20 23 36 -17 29 34 24 25 -22 45 37 -25 -26 33 -28 -29 -30 53 31 -33 52 -35 -36 -37 -38 42 46 -41 41 -43 -44 -45 -46 -47 47 -49 -50 -51 57 -53 -54 54 -56 -57 -58 -59 -60 -61 -62 -63
leaf_value=-0.085645009917389422 -0.4122965474684791 0.16153059350730492 -0.18076767735172547 -0.12598302258662991 -0.14205565104332935 0.031195821162151253 -0.28569803891669621 -0.048024974276481509 -0.24012574347710811 0.1148725956089356 -0.032064461307866235 0.074124107082420246 -0.021799739488240644 0.042490625766601418 -0.045366498411872194 0.094909711093999108 -0.20922131283052742 0.23171864995443742 0.095120846413253315 -0.012966622631889852 0.076145903219850805 -0.46264152625542654 0.059331602087020881 0.18784382281257886 0.18908105976169495 0.074329098756938092 0.19814893781530493 0.054453983602857782 0.026428217204785859 -0.17772408205951964 0.16359878785724052 0.010695352049306085 -0.20332222032854899 0.20971330371863314 0.50425910715207667 -0.081091819912084237 0.042037210189939798 0.26002417120127613 0.12822809439964311 -0.38028855336280099 -0.026136559794706315 0.055361916691341689 0.59221692299370721 -0.20250217315409538 0.22757858679879389 -0.22941034504942787 0.34936335445264421 0.1089837791118913 -0.25587183290843307 0.29662518460794113 -0.091701588650896462 0.28414980408251084 -0.09945084575709344 0.0011030037321731554 -0.086907596628182371 -0.11208624192180199 -0.20555875500494095 0.0072358240443989169 0.24520962393249057 0.0055977427652522706 -0.033801276642255039 -0.089279413751058273
leaf_weight=809 143 416 731 166 85 34 38 803 302 649 73 863 550 187 574 543 384 500 220 365 208 39 37 754 202 1608 242 501 536 122 133 777 207 157 36 117 677 35 669 73 1348 457 50 99 26 631 94 65 72 424 564 180 1071 493 643 382 785 276 128 33 139 279
leaf_count=809 143 416 731 166 85 34 38 803 302 649 73 863 550 187 574 543 384 500 220 365 208 39 37 754 202 1608 242 501 536 122 133 777 207 157 36 117 677 35 669 73 1348 457 50 99 26 631 94 65 72 424 564 180 1071 493 643 382 785 276 128 33 139 279
internal_value=1.03582e-05 0.0817946 -0.0690262 -0.024747 0.144592 -0.149447 -0.0719824 0.0120047 -0.122708 0.0486656 0.118307 0.0366766 -0.095301 0.0904172 -0.0400782 0.00822696 -0.114459 0.179504 0.018338 0.0612501 -0.0419719 -0.273286 0.250209 0.159 0.0921868 0.0693963 0.101367 -0.0100599 -0.0329318 -0.090889 -0.00491683 0.0331242 -0.137096 0.0864297 0.250483 0.0339033 0.00192861 0.306113 0.137159 -0.211027 -0.0156699 -0.00549076 0.457793 -0.0652439 -0.0509577 -0.243327 0.152093 0.251767 -0.0996981 0.277672 -0.0691681 0.198776 -0.116351 -0.0613047 -0.0487261 -0.0588496 -0.195713 -0.0592045 0.136492 -0.215937 -0.137223 -0.158859
internal_weight=23804 10896 12908 8325 5735 4583 4706 5161 3770 3029 4593 3619 2878 3156 2132 2514 2791 1437 2252 2215 1265 813 1142 941 539 2130 1105 1915 1414 2060 1713 910 1613 1765 536 337 1251 546 901 892 1971 1805 85 1057 958 670 828 159 881 461 878 596 1278 1258 1136 932 819 840 777 335 802 663
internal_count=23804 10896 12908 8325 5735 4583 4706 5161 3770 3029 4593 3619 2878 3156 2132 2514 2791 1437 2252 2215 1265 813 1142 941 539 2130 1105 1915 1414 2060 1713 910 1613 1765 536 337 1251 546 901 892 1971 1805 85 1057 958 670 828 159 881 461 878 596 1278 1258 1136 932 819 840 777 335 802 663
is_linear=0
shrinkage=0.035


Tree=13
num_leaves=63
num_cat=0
split_feature=76 71 76 71 76 76 71 75 71 63 75 61 0 71 71 75 76 71 71 55 75 82 0 63 37 63 75 75 27 63 76 76 0 67 28 5 19 31 35 75 19 76 30 5 25 25 76 38 41 33 0 2 28 52 63 51 30 81 44 67 36 71
split_gain=102266 40613.2 26386.7 22740.7 13118.2 11601.2 8095.89 7875.8 6017.33 5169.5 5082.15 5014.69 4527.24 4269.06 4115.4 4096.25 3639.11 3403.62 3298.65 3242.44 2897.85 2785.4 2466.26 2446.42 2184.98 2172.53 2030.77 2021.94 1939.02 1884.01 1848 1789.33 1768.67 1713.97 1696.97 1686.96 1660.69 1827.18 1619.11 1615.5 1608.73 1604.2 1822.89 1805.03 1763.26 1558.56 1556.99 1549.74 1546.43 1543.29 1536.27 1533.52 1494.1 1532.88 1491.65 1475.6 1471.28 1435.61 1968.56 1433.69 1432.78 1523.71
threshold=0.05020522811401202 71.053188405797115 0.37484073753973857 69.960839160839171 -0.16943365902500598 -0.21528867231633042 68.540072463768141 139.07948808710753 70.822131313131322 95.743608724591823 159.64595383327182 0.90356943631469566 12.500000000000002 74.177955050505076 68.189983277591992 131.4901836589782 -0.29332732991428589 72.966862745098055 68.473877576671711 107.40659834537207 139.61668432301948 187.50000000000003 19.500000000000004 106.63729021738801 7.1702898550724647 94.893637753476611 148.01144951303883 138.24207170813546 8.0444664031620565 102.99220781861001 0.25034984729308651 0.1332925684178605 27.500000000000004 104.53996049802252 25.338541666666668 5.6172161172161177 7.9848484848484853 33.803225806451614 9.1000000000000014 156.63182334508571 6.9245014245014254 0.19304101289219253 17.12701612903226 7.4463601532567063 57.014285714285727 52.632456140350882 0.53629418331533152 24.430952380952387 5.169540229885059 0.46832456140350881 1.5000000000000002 27.059714795008919 26.40454545454546 -4.4937777777777788 109.25523448465701 72.208166666666685 16.550862068965522 0.92857225195229387 18.836021505376348 107.12289923587251 0.63035416666666677 69.473985294117668
decision_type=2 2 2 2 2 2 2 2 2 2 2 2 2 2 2 2 2 2 2 2 2 2 2 2 2 2 2 2 2 2 2 2 2 2 2 2 2 2 2 2 2 2 2 2 2 2 2 2 2 2 2 2 2 2 2 2 2 2 2 2 2 2
left_child=1 5 3 15 10 14 28 31 11 39 16 20 38 32 -1 -2 29 22 59 23 46 26 24 36 -6 -21 -16 -25 -7 -3 33 -5 41 -20 40 -19 -8 -38 -10 48 -18 43 49 -11 -45 -33 -4 -41 -9 -43 -37 -12 53 -24 -15 -32 -27 -22 -59 -17 -58 -62
right_child=2 4 8 7 17 6 19 9 12 13 51 -13 -14 54 21 18 34 35 30 25 57 -23 52 27 -26 56 -28 -29 -30 -31 55 45 -34 -35 -36 50 37 -39 -40 47 -42 42 -44 44 -46 -47 -48 -49 -50 -51 -52 -53 -54 -55 -56 -57 60 58 -60 -61 61 -63
leaf_value=0.0065057119357439094 -0.22521453521887846 0.15218754962924161 -0.22048557554206172 -0.036486570597064345 0.15282896824617589 -0.097289020072225035 -0.013237648149685607 -0.22026445789932292 -0.46366649706419127 -0.02418386695919042 0.28463042166671215 -0.43012994658352999 -0.0068587166904083103 0.10794372063165719 0.070588373861866324 -0.17141904144325282 0.1670652331845778 0.031398493742010911 -0.083116919332513306 -0.011128647140149528 -0.18719080212256026 0.22754425663356462 0.28099610584023538 -0.0044405774368698513 0.021438256967412903 0.24519999260390365 0.17879931010429373 0.11417634333618033 -0.021303602425280163 0.27634299935337997 -0.16162229906756517 -0.37088861441428844 0.096809612653403279 0.0034384797990441125 0.22546080610908556 -0.056329572902356892 -0.26172822641903626 -0.05193231552337526 -0.15577712086430506 0.09807427787052693 0.058590344670346413 0.032804298133529426 0.008610806989826655 0.16237903104236864 0.036656209286562873 -0.12048683996245281 -0.34553993429102997 -0.041923853615125024 -0.058736461960055983 -0.14097774992060638 0.15807742549769749 0.50709218648308063 -0.024079102538718332 0.11791696152435524 0.38141372704973409 0.054408469109699653 -0.17624763700073845 0.011015402567561202 -0.30830792085144476 -0.076451543263159699 0.021211989440053525 0.12806662204370745
leaf_weight=578 409 197 376 378 180 1245 1454 81 21 416 75 145 293 650 925 930 375 161 818 317 282 234 81 386 1102 74 276 323 615 656 369 32 309 426 250 42 70 184 1061 153 304 85 598 179 575 526 185 262 676 235 1309 83 77 551 25 43 25 119 29 248 251 470
leaf_count=578 409 197 376 378 180 1245 1454 81 21 416 75 145 293 650 925 930 375 161 818 317 282 234 81 386 1102 74 276 323 615 656 369 32 309 426 250 42 70 184 1061 153 304 85 598 179 575 526 185 262 676 235 1309 83 77 551 25 43 25 119 29 248 251 470
internal_value=1.04749e-05 0.066876 -0.0786936 -0.0490006 0.139499 0.013647 -0.0130269 -0.00349388 -0.178266 0.0167755 0.212513 -0.237893 -0.128932 0.0406341 0.0853741 -0.121675 0.195535 0.0990373 -0.106694 0.0179355 -0.209559 0.117126 0.0689403 -0.00499472 0.0399414 0.0666636 0.0955231 0.0496353 -0.0721792 0.247779 -0.0748046 -0.0953629 0.0187269 -0.0534843 0.147454 0.138631 -0.0276819 -0.110164 -0.161967 -0.0457492 0.118583 0.00714948 -0.0274741 0.0343188 0.0665953 -0.135172 -0.262002 0.0097374 -0.0761588 -0.0948268 0.151391 0.402746 0.121306 0.139029 0.118352 -0.139028 0.0967297 -0.140906 -0.0523585 -0.15147 0.0818431 0.0909129
internal_weight=23804 12870 10934 8423 5443 7427 5414 5180 2511 4244 1940 1136 1375 3072 2013 3243 1782 3503 2834 3554 991 1435 1991 2417 1282 1137 1201 709 1860 853 1656 936 2397 1244 929 1512 1708 254 1082 1172 679 2088 918 1170 754 558 561 415 757 320 1351 158 709 632 675 412 820 430 148 1178 746 721
internal_count=23804 12870 10934 8423 5443 7427 5414 5180 2511 4244 1940 1136 1375 3072 2013 3243 1782 3503 2834 3554 991 1435 1991 2417 1282 1137 1201 709 1860 853 1656 936 2397 1244 929 1512 1708 254 1082 1172 679 2088 918 1170 754 558 561 415 757 320 1351 158 709 632 675 412 820 430 148 1178 746 721
is_linear=0
shrinkage=0.035


Tree=14
num_leaves=63
num_cat=0
split_feature=76 71 73 63 76 63 73 23 73 73 63 73 63 63 80 23 61 63 63 73 71 73 73 73 19 73 67 73 63 63 73 63 39 67 38 71 32 63 29 76 73 50 39 76 71 63 2 71 35 61 70 2 7 1 37 14 48 71 23 75 46 71
split_gain=95603.3 33983.9 32982.2 17023.7 11249 9936.22 9529.93 7835.75 5878.13 5792.04 4703.24 4498.08 4452.38 4085.91 3747.02 3619.13 3403.96 3252.29 3152.7 3023.15 2888.76 2740.98 2511.19 2421.08 2335.05 2329.65 2204.71 2197.78 2267.46 2141.22 2018.96 1986.94 2009.31 1970.17 1863.8 1837.97 1741.58 1714.39 1922 1713.08 1675.47 1643.62 1782.68 1581.14 1570.21 1556.19 1523.39 1719.82 1516.29 1481.87 2303.23 1730.39 1481.53 1467.47 1457.45 1677.92 1798.13 1437.13 1434.66 1949.42 1414.52 1409.08
threshold=0.0044730995961310147 70.399209389400951 67.914923740204841 98.811605217347818 -0.29332732991428589 102.0770400239585 74.409773648566031 73.361818181818194 73.54279152831289 77.365090584618414 108.19999834478152 63.739804895247545 109.660573875574 102.99220781861001 7.5362397852358933 59.677083333333336 0.87135240421114013 91.892495784028213 100.24680822585002 67.978941093804508 69.960839160839171 67.087505004805621 79.905248614384377 72.068592944174711 8.8768939393939412 68.46045038087378 91.043915438817166 81.570188772842712 93.013365075570917 104.66495741128851 70.82689923486744 104.66495741128851 39.019230769230781 101.39001919338001 29.017857142857146 68.441245210727985 0.53471825396825412 108.436040938277 0.36486607142857147 0.13640592759005904 73.951955575980051 72.968347826086969 28.151923076923079 0.56580359436827854 69.395824175824188 89.793700366153772 30.90454545454546 67.705295454545464 17.12701612903226 0.61810772817230863 1.3116462402281928 23.508064516129036 0.37383974358974364 75.101724137931043 10.436141304347828 0.765905982905983 0.41906952300453731 68.677472222222249 71.338541666666671 153.22080695655421 0.94868421052631591 73.397461722488046
decision_type=2 2 2 2 2 2 2 2 2 2 2 2 2 2 2 2 2 2 2 2 2 2 2 2 2 2 2 2 2 2 2 2 2 2 2 2 2 2 2 2 2 2 2 2 2 2 2 2 2 2 2 2 2 2 2 2 2 2 2 2 2 2
left_child=1 7 5 6 22 11 16 13 12 10 21 43 41 23 24 -7 30 -13 36 44 -17 -6 31 -1 33 -12 -23 28 57 -10 49 -3 60 35 -20 -9 -11 -21 -39 61 -35 42 52 -2 -15 -38 47 -19 -47 51 -51 -4 -5 -41 -28 56 -56 -8 -43 -60 -33 -22
right_child=2 4 3 8 9 15 27 14 29 18 25 17 -14 19 -16 20 -18 46 34 37 39 26 -24 -25 -26 -27 54 -29 -30 -31 -32 32 -34 40 -36 -37 45 38 -40 53 -42 58 -44 -45 -46 48 -48 -49 -50 50 -52 -53 -54 -55 55 -57 -58 -59 59 -61 -62 -63
leaf_value=-0.11338338499752414 -0.24149829896229943 0.12638081716981869 -0.20791589167235641 -0.25433248249509116 -0.13825436811454117 -0.21949728414354658 -0.19576780967391216 -0.050300217556435482 0.068935942894529992 0.075364714938219307 0.038783342565377556 -0.28309939795288419 0.15810976028296536 -0.079898903323786116 0.1596437786496121 -0.11132910430064392 -0.17379506667535743 -0.21648309753623282 0.21807367143681003 0.015238559743640464 0.01931626547848846 -0.070674589870864765 0.32793855169733982 -0.019322625974054684 -0.1501011828448599 0.17692857198217965 0.057313665507453149 0.10672606177413652 0.0094611066221336765 0.18428048203196923 -0.058876050595780653 0.21513334523217512 0.53411738418232313 0.048296585399827056 0.47880409055213408 0.050317808491510248 -0.083685083549672926 0.1429255216715305 -0.084571363711747075 -0.13615515661724409 0.16355599287923517 -0.0017667927472935694 -0.021339692403621574 -0.36832198734028454 0.053180249723648904 0.037827716287146228 -0.32190733304033936 -0.11886197333055304 0.21498673852101408 -0.20590718593244869 -0.078423857725871099 0.02515999928208915 0.084552416580479323 -0.0012697193450461142 -0.081368803286106794 0.3475121713046786 0.13680972029349717 -0.050993485623838701 0.13136615226542769 -0.19737358011518208 0.51349770160964348 0.26545449847314095
leaf_weight=733 400 276 54 71 85 217 96 321 848 411 187 252 204 479 395 838 770 279 500 686 300 139 265 618 75 754 1551 175 1085 257 1238 554 27 362 36 721 27 308 53 187 270 518 1785 177 140 70 58 1083 393 404 306 137 20 209 53 39 348 656 229 24 20 31
leaf_count=733 400 276 54 71 85 217 96 321 848 411 187 252 204 479 395 838 770 279 500 686 300 139 265 618 75 754 1551 175 1085 257 1238 554 27 362 36 721 27 308 53 187 270 518 1785 177 140 70 58 1083 393 404 306 137 20 209 53 39 348 656 229 24 20 31
internal_value=9.99959e-06 0.0763523 -0.0644329 -0.0267282 0.134986 -0.147451 -0.0701827 0.0111906 0.0273275 0.11052 0.0839734 -0.196365 0.000760924 -0.0251626 0.0623419 -0.0856787 -0.110684 -0.167186 0.168771 0.0115149 -0.0670573 0.0561004 0.233289 -0.070382 0.0403255 0.149515 0.0638886 -0.0116099 -0.0229109 0.0958371 -0.0879286 0.204514 0.240255 0.0489016 0.236022 0.0193087 0.128651 0.0477606 0.109445 -0.0159797 0.0976331 -0.0113919 -0.0290719 -0.280694 -0.0497759 0.173217 -0.146521 -0.138934 0.18828 -0.127789 -0.151062 -0.0410883 -0.179759 -0.0650658 0.0733002 0.129516 0.107899 -0.0695978 0.0316135 0.0998398 0.225973 0.0427447
internal_weight=23804 10896 12908 8877 5735 4031 4921 5161 3956 4593 3156 2249 2851 3017 2144 1782 2909 1672 1437 1666 1565 2215 1142 1351 1749 941 2130 2012 1837 1105 2139 877 601 1674 536 1042 901 1047 361 727 632 2647 1876 577 619 490 1420 1362 463 901 710 191 91 396 1991 440 401 752 771 253 574 331
internal_count=23804 10896 12908 8877 5735 4031 4921 5161 3956 4593 3156 2249 2851 3017 2144 1782 2909 1672 1437 1666 1565 2215 1142 1351 1749 941 2130 2012 1837 1105 2139 877 601 1674 536 1042 901 1047 361 727 632 2647 1876 577 619 490 1420 1362 463 901 710 191 91 396 1991 440 401 752 771 253 574 331
is_linear=0
shrinkage=0.035


Tree=15
num_leaves=63
num_cat=0
split_feature=76 71 73 63 76 63 73 23 73 73 73 63 60 63 63 80 63 60 73 24 73 75 73 73 19 73 75 63 73 60 68 73 68 67 71 67 73 75 23 52 33 25 35 75 33 63 35 60 75 50 71 52 29 63 38 3 38 48 2 36 0 15
split_gain=89039.6 31651.6 30758.2 16283.3 10479.1 10283.4 8315.75 7297.26 6156.57 5404.28 4486.4 4469.2 4431.95 3805.12 3608.63 3489.69 3344 2964.98 2865.65 2624.36 2444.17 2427.82 2311.18 2254.67 2177.15 2136.54 2108.54 1994.34 1972.7 2131.74 1902.04 1895.34 1999.67 1848.07 1825.3 1815.47 1819.29 1726.34 1685.18 1675.66 1640.47 1632.91 1602.45 1594.11 1585.48 1573.54 1554.82 1553.93 1552.43 1549.89 1521.34 1472.48 1655.4 1452.67 1744.84 1581.04 1601.55 1471.02 1430.89 1430.22 1412.96 1408.11
threshold=0.0044730995961310147 70.399209389400951 68.46045038087378 98.811605217347818 -0.29332732991428589 95.171644975036415 74.660158968947812 73.361818181818194 63.739804895247545 76.935313707204912 73.54279152831289 108.54178691044301 197.50000000000003 102.99220781861001 106.45934857033102 7.5362397852358933 98.868253794201777 32.500000000000007 71.232359438980396 29.016129032258068 68.46045038087378 139.07948808710753 63.101187622653846 72.068592944174711 8.9183333333333348 67.087505004805621 160.01413903772684 104.66495741128851 81.570188772842712 45.500000000000007 8.232938365103097 70.82689923486744 8.232938365103097 91.043915438817166 67.705295454545464 101.39001919338001 77.524355690464134 158.65621165510291 59.677083333333336 3.2064583333333307 0.44937229437229437 54.672043010752695 21.345490716180375 127.61621151001395 0.55432051282051298 104.66495741128851 16.753787878787882 125.50000000000001 147.91058346375181 73.06028571428574 74.687142857142874 4.0971428571428641 0.35601923076923081 107.36066823690751 29.017857142857146 61.787593984962413 24.385856079404469 0.51756844054638174 23.68990384615385 0.70098529411764721 1.5000000000000002 11.67204301075269
decision_type=2 2 2 2 2 2 2 2 2 2 2 2 2 2 2 2 2 2 2 2 2 2 2 2 2 2 2 2 2 2 2 2 2 2 2 2 2 2 2 2 2 2 2 2 2 2 2 2 2 2 2 2 2 2 2 2 2 2 2 2 2 2
left_child=1 7 5 6 19 22 17 13 38 11 14 25 34 23 41 24 26 61 43 45 -13 42 -2 -1 35 -6 -11 -12 29 30 -8 47 -33 -27 -10 36 -9 -21 -7 -34 -40 -5 44 -15 -14 -3 -28 -19 -37 -43 -35 52 -45 54 57 -55 -57 -18 -49 -23 -36 -4
right_child=2 4 3 10 9 8 28 15 12 16 27 20 21 18 -16 -17 53 31 -20 37 -22 59 -24 -25 -26 33 46 -29 -30 -31 -32 32 39 50 60 48 -38 -39 40 -41 -42 49 -44 51 -46 -47 -48 58 -50 -51 -52 -53 -54 55 -56 56 -58 -59 -60 -61 -62 -63
leaf_value=-0.10941767106247381 -0.37593482992216587 0.11714761451875831 -0.1360177554052355 -0.11900969006599965 -0.11309922801153582 -0.25478220684995134 -0.15449943369128863 -0.018123719008199562 -0.19690472481962734 0.064038241571808735 0.066524606313813836 0.030246584212780002 -0.051012338715289783 -0.12018543499631018 0.087730028028331755 0.1540633108204445 0.06885776150435502 -0.15077556185360266 0.092182467209559749 0.2694957713231676 0.17610577630166382 0.13429238210582153 -0.22028626868813275 -0.018646879963406644 -0.15165259358857541 -0.073915944368270661 -0.054237821658452361 0.17784318906330479 0.10300129146453663 0.034365854061738463 -0.028767772429962431 -0.07861452799627125 0.072032847461708432 0.057130928687936927 -0.35357518578442659 0.07061550289875107 0.076659489681552853 0.48484734490336084 -0.05433290156667249 -0.11911761130282544 -0.18979549974279372 -0.023339828626377027 -0.1918633571343506 0.044084403642925166 0.2530258633203285 0.22362046621461112 0.2059303399689221 -0.21319570875729343 0.22458016334846617 0.051211301931670665 0.15660561292137662 -0.081827866371125837 -0.073634678223087058 0.21485007106765308 0.4106244746805674 0.25121870444502153 0.64799917861871559 0.20371324774786279 0.047721465168841959 -0.063203447108164099 -0.099496672339473985 -0.25161761179178677
leaf_weight=733 143 259 705 166 91 324 173 641 335 488 848 177 937 154 543 395 127 565 404 322 692 143 670 618 70 119 31 257 175 584 983 925 228 1743 27 540 404 54 149 74 419 1348 99 707 21 507 284 34 94 457 211 217 184 74 41 24 28 463 101 65 1251 159
leaf_count=733 143 259 705 166 91 324 173 641 335 488 848 177 937 154 543 395 127 565 404 322 692 143 670 618 70 119 31 257 175 584 983 925 228 1743 27 540 404 54 149 74 419 1348 99 707 21 507 284 34 94 457 211 217 184 74 41 24 28 463 101 65 1251 159
internal_value=1.02742e-05 0.0736854 -0.0621811 -0.0220909 0.130271 -0.134994 -0.0650137 0.0107994 -0.110619 0.106657 0.0337245 0.0794046 -0.08569 -0.0242824 0.00788151 0.0601618 0.159598 -0.103547 0.0111123 0.22515 0.146435 -0.0366205 -0.247882 -0.0679204 0.0389148 0.0524578 0.109722 0.0924869 -0.0088393 -0.020116 -0.0476457 -0.0793521 -0.0530937 0.0597525 -0.124147 0.0469047 0.0185355 0.301036 -0.190953 0.0250636 -0.154346 -0.0141312 -0.0581318 -0.0148638 -0.0442155 0.187724 0.18027 -0.125304 0.0936076 -0.00445366 0.0679117 -0.000174509 0.0197427 0.212393 0.190417 0.321235 0.469073 0.174774 -0.0185094 0.0725546 -0.105003 -0.157429
internal_weight=23804 10896 12908 8325 5735 4583 4706 5161 3770 4593 3619 3033 2878 3017 2514 2144 1560 2791 1666 1142 869 1265 813 1351 1749 2164 803 1105 1915 1740 1156 1927 1227 2073 1613 1679 1045 376 892 302 568 1971 1057 1262 958 766 315 700 634 1805 1954 1108 891 757 631 126 52 590 135 208 1278 864
internal_count=23804 10896 12908 8325 5735 4583 4706 5161 3770 4593 3619 3033 2878 3017 2514 2144 1560 2791 1666 1142 869 1265 813 1351 1749 2164 803 1105 1915 1740 1156 1927 1227 2073 1613 1679 1045 376 892 302 568 1971 1057 1262 958 766 315 700 634 1805 1954 1108 891 757 631 126 52 590 135 208 1278 864
is_linear=0
shrinkage=0.035


Tree=16
num_leaves=63
num_cat=0
split_feature=76 71 73 63 73 76 73 73 63 63 63 73 63 63 73 69 73 60 63 77 63 75 46 67 27 55 35 50 50 71 75 71 8 73 79 68 73 69 71 28 64 47 71 30 12 72 56 45 73 63 46 73 72 4 27 30 36 10 81 81 26 35
split_gain=82927.1 29566.2 28785.9 15561.6 9318.99 8785.11 8559.15 8454.03 7257.89 6552.04 6501.27 4218.79 3869.26 3849.61 3177.43 3127.1 3090.67 3025.95 2855.13 2774.59 2588.1 2484.48 2409.95 2358.74 2351.37 2293.11 2168.44 2108.68 2108.19 2052.8 2096.82 2042.23 1947.9 1916.04 1892.76 1882.12 1881.93 1871.45 1619.21 1619.05 1720.06 1612.32 1605.91 1709.91 1591.86 1585.08 1572.64 1553.36 1524.54 1490.31 1566.27 1756.37 1484.52 1609.51 1468.59 1604.49 1634.34 1495.73 1440.78 1424.26 1480.49 1414.15
threshold=0.0044730995961310147 70.999900000000011 66.680761024679597 95.840034916060816 71.177546978826172 -0.29332732991428589 73.54279152831289 76.504110791704122 104.96719977953002 102.28714488112401 106.45934857033102 77.365090584618414 105.22573145487551 109.81469293633351 69.855040694668716 2.1081911649897482 77.924468535162944 122.50000000000001 92.884889787728767 0.79317074747124361 94.561338522596358 160.74424461056799 0.69397993311036799 91.043915438817166 6.5370879120879133 87.365917607686313 24.172619047619051 67.000740740740753 72.872470588235316 68.509182480188485 131.4901836589782 67.705295454545464 24.276363636363641 76.381036122302419 0.82612546678756094 13.079351697525954 67.978941093804508 23.204097813814212 73.697500000000005 21.338095238095239 276.50000000000006 0.5555581418173331 70.010524901185775 14.924501424501427 13.15587044534413 70.185481748405195 98.287832304603612 0.18898809523809523 68.402159598868295 99.532104355728919 0.59175084175084181 73.655738920061552 75.616202921009418 0.42429099462365599 6.5075757575757587 21.015151515151519 0.7367905701754387 0.53128174603174616 0.86351618118738405 0.93670674362534789 0.3987616632860041 21.456439393939394
decision_type=2 2 2 2 2 2 2 2 2 2 2 2 2 2 2 2 2 2 2 2 2 2 2 2 2 2 2 2 2 2 2 2 2 2 2 2 2 2 2 2 2 2 2 2 2 2 2 2 2 2 2 2 2 2 2 2 2 2 2 2 2 2
left_child=1 4 9 7 12 34 10 14 16 18 17 13 35 23 58 -8 20 -5 -2 21 -6 22 -13 -7 46 -20 -23 -16 -26 -11 -31 -27 59 -10 -3 -1 -14 -18 -36 -25 -41 49 -17 -44 -42 -12 -19 -43 -48 -22 51 -51 -9 -54 -21 -56 -57 -58 -4 -29 -61 -47
right_child=2 5 3 6 8 11 15 52 33 29 45 19 36 -15 27 42 37 24 25 54 41 26 -24 39 28 31 -28 32 -30 30 -32 -33 -34 -35 38 -37 -38 -39 -40 40 44 47 43 -45 -46 61 48 -49 -50 50 -52 -53 53 -55 55 56 57 -59 -60 60 -62 -63
leaf_value=-0.067022541419291551 -0.30332963467829199 0.48951553263785186 -0.30124088531446247 -0.083124152477915575 -0.090431921179130126 -0.10779624806481439 0.1278571333740304 -0.11163161672882456 0.11027058371756931 -0.16113493244124694 -0.046415894367679789 0.2765722615602027 -0.037045426599957326 0.17051601793851964 -0.18972676915649619 -0.045683306546549306 0.12022821675747138 -0.15746517280363467 -0.26934662006626836 -0.0040203127577343092 -0.018905020321681492 0.55462197971343996 0.098650665850252728 0.031998809737398305 -0.020028189764930763 -0.23464234862278319 0.13931112012710981 -0.10561073435418865 0.069903756125912195 -0.16013848462817851 -0.033903538066260931 -0.12661054541101013 -0.2289861547560193 0.23075674614674438 0.19296019797484029 -0.24168953761659517 0.048595262273330921 -0.0072204073139955117 0.29661357431332613 0.11351553369613847 0.070277525785584119 0.25870977139472967 -0.25619241062014608 0.0596218783629206 -0.18931988874994793 0.066897233743069801 -0.12233035874907087 -0.012573266303523163 0.0067399988431756097 0.1194160699409028 0.05606335650330644 0.40349038504799212 -0.19924906229566444 0.033088675993963299 0.10706209433528924 0.27637846680594919 -0.078755394567773779 0.28419387013117475 -0.16464956700304612 0.22385321205503803 -0.047825046041981754 0.22145863257321446
leaf_weight=1062 290 34 114 1491 308 92 623 119 853 415 133 215 580 537 274 260 539 198 289 93 184 49 166 720 1279 302 23 837 425 216 633 749 107 200 633 81 685 191 265 1039 79 26 21 924 45 611 176 1063 307 95 306 37 38 712 471 167 36 22 579 25 679 82
leaf_count=1062 290 34 114 1491 308 92 623 119 853 415 133 215 580 537 274 260 539 198 289 93 184 49 166 720 1279 302 23 837 425 216 633 749 107 200 633 81 685 191 265 1039 79 26 21 924 45 611 176 1063 307 95 306 37 38 712 471 167 36 22 579 25 679 82
internal_value=1.07465e-05 0.071112 -0.060008 -0.0319059 0.0210253 0.137478 -3.44698e-05 -0.0916324 0.0551444 -0.157225 -0.0250198 0.113571 -0.0328443 0.0874477 -0.123057 0.0642205 0.0252034 -0.0440193 -0.203605 0.166346 0.00288015 0.235424 0.199293 0.0648223 -0.0195588 -0.181915 0.423877 -0.0998392 0.00241389 -0.0973558 -0.0660993 -0.157753 -0.0848392 0.133257 0.233658 -0.0795038 0.00932729 0.0868952 0.2237 0.0732843 0.098816 0.019701 0.0312773 0.0524683 -0.0242851 0.0641034 -0.0745056 -0.00597738 -0.0403625 0.064633 0.0997162 0.200292 0.00294148 0.0211873 0.126557 0.144001 0.220901 0.0601075 -0.187325 -0.074757 -0.0380204 0.0853374
internal_weight=23804 10896 12908 10014 6210 4686 6530 3484 3802 2894 4702 3754 2408 2512 2615 1828 2749 3876 1630 1242 2019 453 381 1975 2385 1340 72 1922 1704 1264 849 1051 1648 1053 932 1143 1265 730 898 1883 1163 1711 1205 945 124 826 681 1089 483 622 438 132 869 750 789 696 225 58 693 1541 704 693
internal_count=23804 10896 12908 10014 6210 4686 6530 3484 3802 2894 4702 3754 2408 2512 2615 1828 2749 3876 1630 1242 2019 453 381 1975 2385 1340 72 1922 1704 1264 849 1051 1648 1053 932 1143 1265 730 898 1883 1163 1711 1205 945 124 826 681 1089 483 622 438 132 869 750 789 696 225 58 693 1541 704 693
is_linear=0
shrinkage=0.035


Tree=17
num_leaves=63
num_cat=0
split_feature=73 63 63 73 76 73 63 73 71 63 45 63 73 73 75 73 50 25 63 80 80 48 19 41 61 24 53 73 73 42 63 80 24 50 41 73 68 38 56 73 30 36 22 61 44 45 19 63 44 63 9 4 4 32 22 29 38 71 11 8 6 47
split_gain=77527.2 38560.1 28894.9 12796.7 11919.9 11836.6 11378 8546.49 6154.33 5078.89 4321.26 4316.22 3628.12 3570.62 2808 2643.11 2584.38 2560.01 2535.35 2490.23 2274.39 2151.7 2133.57 1993.84 1988.55 1929.84 1894.81 1856.41 1799.33 1773.1 1751.34 1838.74 1722.07 1653.04 1605.23 1588.06 1573.11 1520.38 1548.41 1519.82 1460.92 1459.75 1436.42 1416.4 1413.56 1407.68 1597.22 1401.84 1385.7 1384.48 1355.42 1353.71 1623.89 1723.5 1350.61 1502.64 1336.17 1316.37 1295.77 1286.56 1286.33 1281.99
threshold=71.6240106263391 98.59087160213501 105.22573145487551 77.524355690464134 0.32424367648032004 78.787137354394829 104.59041716194751 66.129893204886812 68.473877576671711 92.884889787728767 0.12771739130434781 92.593984519063909 83.361663812817554 66.03437482695098 143.56202283041731 73.598219359073411 64.638095238095261 61.402702702702705 112.32256327077451 13.117933173367556 1.1890610302158466 0.44469205037386861 11.014285714285716 7.1863425925925934 0.62977828932401014 29.508620689655178 111.11280157957377 82.916518977410902 58.399018288798395 2.5075757575757582 108.31151501729452 0.14320299171430409 21.255434782608699 68.686234817813769 5.169540229885059 69.055970377724961 -0.84317229728504361 26.967204301075274 104.67735197864933 62.800173437231223 15.935416666666669 0.62388194444444456 17.169047619047621 0.90942941073912908 14.67204301075269 0.59687500000000016 7.4031250000000011 101.40207471759152 19.754310344827591 95.171644975036415 42.949874686716797 0.40377678571428577 0.46140588235294117 0.47889444444444451 20.40588235294118 0.37875735294117646 23.288018433179726 69.747603066867782 0.46630384615384618 19.106203007518801 26.33908045977012 0.62968647517922338
decision_type=2 2 2 2 2 2 2 2 2 2 2 2 2 2 2 2 2 2 2 2 2 2 2 2 2 2 2 2 2 2 2 2 2 2 2 2 2 2 2 2 2 2 2 2 2 2 2 2 2 2 2 2 2 2 2 2 2 2 2 2 2 2
left_child=2 3 4 11 8 6 15 28 39 16 21 29 22 40 32 36 43 30 35 25 -19 -8 23 37 54 61 33 -27 -4 44 -12 -32 -11 42 48 41 -3 38 58 -1 -10 -9 -17 -6 -2 46 -25 57 -13 -41 -31 -26 53 -53 -15 -56 -30 -16 -5 -40 -43 -7
right_child=1 5 7 12 9 19 10 18 13 14 17 34 -14 24 47 26 -18 20 -20 -21 -22 -23 -24 45 51 27 -28 -29 56 50 31 -33 -34 -35 -36 -37 -38 -39 59 49 -42 60 -44 -45 -46 -47 -48 -49 -50 -51 -52 52 -54 -55 55 -57 -58 -59 -60 -61 -62 -63
leaf_value=-0.24965685001953666 0.046053369771109687 0.048012330306462764 -0.31372282969461729 0.17451406093341548 -0.31378586142218629 0.20029339683815864 0.064687560531540206 0.15311895864066624 -0.20588345939114075 -0.26420728523691406 0.085329260836783341 -0.070057253035766209 0.1610563477383366 -0.0092912451417409211 -0.24817293584033065 0.07049900608373566 -0.23198622950078363 0.1040064371840011 0.12986097597060481 0.43009580819229137 0.23899752488378451 0.37662829325205588 -0.20944037414315236 0.26211769026795018 0.16138306162871571 0.2125650435326594 -0.0061236515254119292 0.37958729265409386 -0.091171612262454294 -0.077606279187214591 0.022831689674902886 0.1731064128255255 -0.15239273210831217 0.10573930705849997 -0.014215851788910959 0.062589766510102715 -0.031126950629508494 0.08966812198693741 0.1005396630187218 -0.19754802767115803 -0.088099596597459195 -0.023288776938154097 -0.073643012205443059 -0.66137131626822732 -0.25374493291618072 0.062453943648112617 0.025514988714289446 0.048215512218027473 -0.29048589515384238 -0.10755454092489304 -0.24342556856879752 -0.047890654316113189 -0.028761967726097334 -0.20239615602366015 -0.11241732551699209 0.19879712092876439 -0.0023432233749690911 -0.081763442273741035 -0.11781618629679268 -0.02192270864607657 0.10059104986245797 0.089089277058255437
leaf_weight=125 22 624 36 20 34 455 34 73 204 209 1123 310 360 2007 66 260 583 234 395 65 448 138 41 103 25 240 309 126 658 802 116 721 902 1377 2158 1115 606 224 162 252 354 865 125 27 146 529 53 88 39 1263 65 142 245 236 267 20 303 482 202 297 116 178
leaf_count=125 22 624 36 20 34 455 34 73 204 209 1123 310 360 2007 66 260 583 234 395 65 448 138 41 103 25 240 309 126 658 802 116 721 902 1377 2158 1115 606 224 162 252 354 865 125 27 146 529 53 88 39 1263 65 142 245 236 267 20 303 482 202 297 116 178
internal_value=1.11106e-05 0.0590124 -0.0676066 -0.0104227 -0.106449 0.112525 0.093763 0.0145426 -0.0764035 -0.171009 0.145468 -0.0503279 0.0605619 -0.0501739 -0.13996 0.0496699 -0.255057 0.134349 0.0483535 0.220255 0.192796 0.315352 0.0383357 0.044791 -0.0347638 0.206389 0.0738016 0.270513 -0.0723865 -0.110444 0.113966 0.15231 -0.17354 0.0878177 -0.0254911 0.0334819 0.00902211 0.0106747 -0.01535 -0.132347 -0.131312 0.00267109 0.0236558 -0.471818 -0.214445 0.0898185 0.182094 -0.0812055 -0.09508 -0.122586 -0.0901751 -0.0888827 -0.0990524 -0.144504 -0.0194589 -0.0904097 -0.0631837 -0.10202 -0.0911314 0.0213541 -0.00859305 0.169123
internal_weight=23804 12712 11092 5533 7531 7179 6115 3561 5140 2391 2814 3542 1991 3500 1747 3301 644 2642 2564 1064 682 172 1631 1590 2942 999 2071 366 997 1035 1960 837 1111 1762 2507 2169 1230 905 681 1640 558 1054 385 61 168 685 156 636 349 1515 867 648 623 378 2294 287 961 548 222 459 981 633
internal_count=23804 12712 11092 5533 7531 7179 6115 3561 5140 2391 2814 3542 1991 3500 1747 3301 644 2642 2564 1064 682 172 1631 1590 2942 999 2071 366 997 1035 1960 837 1111 1762 2507 2169 1230 905 681 1640 558 1054 385 61 168 685 156 636 349 1515 867 648 623 378 2294 287 961 548 222 459 981 633
is_linear=0
shrinkage=0.035


Tree=18
num_leaves=63
num_cat=0
split_feature=76 71 73 76 76 63 71 71 76 43 73 73 71 73 66 75 14 7 76 63 63 20 82 29 36 28 19 0 73 81 33 63 36 71 81 63 75 71 54 54 63 0 63 56 75 63 24 5 23 47 16 60 55 60 37 17 65 21 0 26 60 5
split_gain=72584.9 35020.3 17508.9 12846.3 11846.7 10331.7 6502.36 5743.51 5235.15 3602.12 3593.81 3567.28 3442.46 3118.56 3010.59 2836.05 2580.5 2506.57 2477.11 2455.29 2381.38 2310.35 2155.01 2039.4 2036.69 2011.31 1961.87 1912.54 1873.27 1852.53 1819.24 1811.59 1865.39 1809.57 1795.12 1773.85 1723.34 1711.19 1710.87 1705.25 2222.69 1695.66 1694.88 1644.18 1815.31 1625.04 1854.29 1622.9 1608.57 1579.28 1578.37 1555.04 1532.35 1657.58 1521.61 1508.28 1450.42 1446.95 1439.14 1405.84 1401.91 2209.44
threshold=0.13033810508504753 71.114277504105104 68.402159598868295 -0.14494295007781796 -0.081766352051703947 99.161295951565606 68.707778610694675 67.937042016806728 0.53629418331533152 11.753787878787881 77.093400794782525 71.514102008281995 73.01101443355121 75.042998432209103 105.43613039684801 135.46443948796295 0.6606396103896105 0.32245643939393948 -0.38303281687319451 106.88237410452102 92.593984519063909 3.358571428571429 149.50000000000003 0.32175961538461539 0.70756038647343011 28.017241379310349 6.3585714285714294 15.500000000000002 86.195729493524524 0.8198644907104008 0.53218350168350181 104.08729124815851 0.6573904761904763 69.717097744360913 0.86351618118738405 97.998549282644817 133.78704852516645 73.852666666666678 111.73890154479344 91.788430418472259 108.75607542604301 4.5000000000000009 91.442999665983407 129.18974740647874 155.40499170723282 97.063150993840466 25.430952380952387 5.6510869565217403 66.039230769230784 0.62853764090177144 27.169540229885062 40.500000000000007 86.105434746545214 185.50000000000003 8.2742946708463965 34.188988095238102 0.5223903964225457 15.254629629629632 3.5000000000000004 0.47500000000000009 116.50000000000001 10.467708333333336
decision_type=2 2 2 2 2 2 2 2 2 2 2 2 2 2 2 2 2 2 2 2 2 2 2 2 2 2 2 2 2 2 2 2 2 2 2 2 2 2 2 2 2 2 2 2 2 2 2 2 2 2 2 2 2 2 2 2 2 2 2 2 2 2
left_child=1 4 8 10 6 11 18 42 15 33 22 34 17 60 21 52 -11 -5 57 28 23 55 25 -13 -20 -3 -18 47 54 -10 -15 41 -33 45 -4 38 -31 -21 -16 -19 -41 -17 -6 44 -22 -9 -47 -14 -26 -37 -36 -52 -2 -54 -12 -8 -45 -1 -25 -32 -7 -62
right_child=2 3 5 12 7 13 14 9 29 16 19 20 27 30 35 31 26 39 24 37 43 -23 -24 58 48 -27 -28 -29 -30 36 59 32 -34 -35 50 49 -38 -39 -40 40 -42 -43 -44 56 -46 46 -48 -49 -50 -51 51 -53 53 -55 -56 -57 -58 -59 -60 -61 61 -63
leaf_value=0.061749973738671471 -0.2572020400918526 0.093886201036954706 -0.26729765605279227 -0.0057023815624649967 -0.23562644825001416 -0.047851744237776245 0.08487470523815159 -0.06183124156319296 -0.4456362678179942 -0.11903023654335118 0.26011364233573092 -0.014711886947084153 -0.02771288399759643 0.20871783456685453 -0.022632913357247139 -0.21390281581750639 0.0083040594997973605 -0.047139870298117927 -0.076992282005329871 0.23981106087080273 -0.046171045409022352 -0.030425416837048726 0.21797995386339264 -0.29922765440009813 -0.15794772132031107 0.27706767293648876 -0.05846461342165251 0.15420722932859057 0.37944398600914903 -0.38069204159506731 -0.10538609899679821 0.088128981712882387 -0.077898633149721147 0.078720185219613076 -0.14202781711592433 0.16005474059658542 -0.19719477631856125 0.423458278723432 0.1365323127353246 0.062144724241717769 0.1831419463439663 -0.10149278191799103 -0.094728356995531948 -0.42258592224247915 0.046892747766118861 -0.040677479028909329 0.1114828488132454 0.095310508587101522 0.023515838725971135 0.046324690989806974 -0.13648985211948553 0.053343537425453023 -0.1966822262000886 -0.10125269555284261 0.13808241071264768 -0.055585990138846277 -0.034789751291275026 0.36190925901435145 -0.12352123065877869 0.1730626891092821 0.011409752255267375 0.18690915090216259
leaf_weight=238 203 862 110 835 118 426 841 339 50 439 176 193 149 162 195 197 1050 142 639 150 821 407 296 68 65 80 1107 664 59 73 52 109 341 540 741 776 465 110 143 1295 217 1003 916 23 373 179 216 1094 692 186 97 115 461 436 443 105 24 21 358 38 985 96
leaf_count=238 203 862 110 835 118 426 841 339 50 439 176 193 149 162 195 197 1050 142 639 150 821 407 296 68 65 80 1107 664 59 73 52 109 341 540 741 776 465 110 143 1295 217 1003 916 23 373 179 216 1094 692 186 97 115 461 436 443 105 24 21 358 38 985 96
internal_value=1.0212e-05 0.0435758 -0.0857273 0.105296 -0.000459064 -0.0420536 0.0418855 -0.0376585 -0.146969 -0.0180723 0.174843 -0.0823814 0.070853 0.0249631 0.0758429 -0.126656 -0.0417254 0.0437263 -0.0125533 0.226558 -0.0531246 0.0392703 0.135582 -0.109174 -0.0310042 0.109585 -0.0259665 0.106236 0.191206 -0.241779 0.138799 -0.0975762 -0.0376221 0.0301196 -0.133521 0.113874 -0.22243 0.318185 0.0447981 0.068676 0.0795672 -0.120031 -0.110917 -0.0251323 -0.017088 -0.00566001 0.0425561 0.0805555 0.00783583 0.138104 -0.117945 -0.0336145 -0.170207 -0.150383 0.172967 0.0692596 -0.227087 0.0867511 -0.151894 0.0124491 0.00588542 0.0270777
internal_weight=23804 15784 8020 6572 9212 4682 4308 4904 3338 3870 2176 2923 4396 1759 2653 2750 2596 2489 1655 938 1860 1353 1238 619 1396 942 2157 1907 678 588 252 1650 450 1274 1063 1300 538 260 338 1654 1512 1200 1034 1241 1194 734 395 1243 757 962 953 212 1100 897 619 946 47 259 426 90 1507 1081
internal_count=23804 15784 8020 6572 9212 4682 4308 4904 3338 3870 2176 2923 4396 1759 2653 2750 2596 2489 1655 938 1860 1353 1238 619 1396 942 2157 1907 678 588 252 1650 450 1274 1063 1300 538 260 338 1654 1512 1200 1034 1241 1194 734 395 1243 757 962 953 212 1100 897 619 946 47 259 426 90 1507 1081
is_linear=0
shrinkage=0.035


Tree=19
num_leaves=63
num_cat=0
split_feature=76 71 73 76 60 73 82 81 71 75 73 15 71 25 19 73 71 81 67 80 24 69 27 77 61 73 14 72 76 67 69 73 28 5 80 71 30 71 71 0 30 18 73 73 12 81 80 38 19 54 6 21 75 69 22 22 54 66 3 67 14 30
split_gain=67919.6 27676.3 20402 11115.5 10303.6 7395.43 5938.91 5416.62 5025.89 4659.46 4133.24 3681.34 3071.79 3007.7 2432.82 2386.37 2252.75 2155.13 2145.3 2143.56 2222.25 2137.52 2517.4 2080.43 1867.02 1845.1 1793.78 1745.27 1926.6 1763.33 1740.44 1738.52 1728.81 1706.93 1675.71 1665.33 1752.98 1663 1653.89 1570.76 1801.52 1553.07 1532.39 1504.07 1497.42 1494.95 1474.52 1460.09 1453.89 2072.64 1450.52 1430.53 1416.39 1411.53 1397.21 1375.39 1560.78 1548.33 1369.88 1362.14 1355.29 1567.71
threshold=0.05020522811401202 69.803412698412714 67.297637620686785 -0.21528867231633042 125.50000000000001 74.660158968947812 93.500000000000014 0.92640454447808906 72.147196637426916 145.27153254154271 77.019199888836809 11.575187969924814 67.543815536315549 52.933035714285722 6.4309523809523821 72.989655576043774 69.446827586206908 0.86761736026220149 90.531195712044664 12.142160110857199 24.224747474747478 -12.690926782042792 7.2880184331797242 0.38722086959900953 0.91641933397654707 67.846418559467011 0.60008333333333341 71.271662203576668 -0.41747382066368544 105.63087251784901 6.4006222432666542 82.159053059094433 23.62284482758621 10.467708333333336 13.117933173367556 69.717097744360913 20.014705882352946 72.349242424242433 70.774001814882041 14.500000000000002 16.25403225806452 12.145502645502647 83.361663812817554 70.82689923486744 15.50757575757576 0.98798034367859167 6.8271797299821992 26.672619047619051 7.3090185676392583 96.495589517323396 20.557777777777783 10.754310344827589 160.01413903772684 14.582233828416451 17.131884057971018 19.013888888888893 103.24147076852195 95.501372151260711 60.014285714285727 98.096347570181408 0.69436754385964916 19.224014336917566
decision_type=2 2 2 2 2 2 2 2 2 2 2 2 2 2 2 2 2 2 2 2 2 2 2 2 2 2 2 2 2 2 2 2 2 2 2 2 2 2 2 2 2 2 2 2 2 2 2 2 2 2 2 2 2 2 2 2 2 2 2 2 2 2
left_child=1 6 7 10 5 11 12 24 15 21 23 17 -1 50 32 -5 -7 -4 44 20 -10 -6 55 -3 -2 -16 -18 28 -8 -30 -28 -32 -14 -11 52 -19 60 -36 54 40 -22 -34 46 -13 -17 -40 -42 -24 -41 -50 -9 -27 59 -45 -15 -23 57 -57 -54 -12 61 -37
right_child=2 3 4 8 9 16 27 13 19 33 34 43 14 38 25 18 26 35 -20 -21 39 22 47 -25 -26 51 30 -29 29 -31 31 -33 41 -35 37 36 -38 -39 45 48 42 -43 -44 53 -46 -47 -48 -49 49 -51 -52 -53 58 -55 -56 56 -58 -59 -60 -61 -62 -63
leaf_value=-0.089559926884351604 -0.1941389036162311 0.17466959074440447 -0.17730123750060919 0.009173245658867249 0.10653957955338365 -0.11526556887401769 0.11799808883341739 -0.29981558552054427 -0.0041378706574440004 0.06184666873200436 0.13338473060450259 -0.25873951750392454 -0.0085252971314159782 -0.083356109194183792 -0.14587376597440735 0.021731974858688375 -0.23680454611605495 -0.1036598385041211 0.081481819010862849 0.38506686427522063 0.28604297421691577 -0.046965193357986317 0.0010891381389200269 0.084050956386330741 -0.38580257067713475 0.074349043610924676 0.094940777693168235 0.18404989456407952 -0.006378225382687867 0.14037089536035266 -0.012880976075460824 0.16324975203616279 -0.023025103476110975 0.20232242026421626 0.16647995514339872 -0.10190495430005785 -0.12221988786210838 0.49494813190386139 -0.085435042977780803 0.18104943164839749 0.053631089401844245 0.12300765040136968 0.19916080496994212 -0.095622564115363073 -0.19476445522531868 0.034343772192607307 0.20267975654575113 0.19514060614014614 -0.065462017055999189 0.13284347289078166 -0.14939799969344014 -0.048104756949226578 0.18495284717940216 -0.34387158674276791 -0.15917688719734396 -0.073951047207270901 0.13299547475721779 -0.28609083243873384 0.45336658479372666 0.23273567778801116 -0.0040064144892787458 0.1152108864082167
leaf_weight=915 919 540 250 1533 159 191 295 122 217 949 312 199 1050 799 210 127 34 1073 1615 33 53 517 800 734 67 134 290 115 721 116 1040 73 131 119 31 394 309 51 324 591 1018 278 116 213 56 210 88 50 79 346 226 892 44 32 477 77 20 94 52 377 862 45
leaf_count=915 919 540 250 1533 159 191 295 122 217 949 312 199 1050 799 210 127 34 1073 1615 33 53 517 800 734 67 134 290 115 721 116 1040 73 131 119 31 394 309 51 324 591 1018 278 116 213 56 210 88 50 79 346 226 892 44 32 477 77 20 94 52 377 862 45
internal_value=9.61803e-06 0.0545018 -0.0641304 0.0944594 -0.0337526 -0.063777 -0.0114216 -0.13938 0.0695566 0.0202056 0.162725 -0.0933133 -0.0341684 -0.108279 -0.0153476 0.0412641 -0.00249715 -0.0790678 0.068613 0.106629 0.102887 -0.0154983 -0.0279852 0.122517 -0.207355 -0.0514678 0.012524 0.0544136 0.0411653 0.0140272 0.0186509 -0.00125757 0.0152566 0.0775896 0.221699 -0.0698818 -0.0473427 0.372575 -0.0901121 0.113025 0.0870846 0.0762548 0.0783392 -0.187214 -0.0448494 -0.0383364 0.0655797 0.0126161 0.145516 0.0959401 -0.202495 -0.0320799 0.205707 -0.128695 -0.111754 -0.0767091 -0.156869 -0.19108 0.331976 0.187881 -0.0295159 -0.0795356
internal_weight=23804 12870 10934 8013 7790 5005 4857 3144 5872 2785 2141 3377 3610 2158 2695 3331 1628 2933 1798 2541 2508 1717 1558 1274 986 1236 1437 1247 1132 837 1403 1113 1459 1068 867 2683 1610 82 1810 2291 1275 409 1222 444 183 534 1106 850 1016 425 348 1026 785 245 1276 708 191 171 96 689 1301 439
internal_count=23804 12870 10934 8013 7790 5005 4857 3144 5872 2785 2141 3377 3610 2158 2695 3331 1628 2933 1798 2541 2508 1717 1558 1274 986 1236 1437 1247 1132 837 1403 1113 1459 1068 867 2683 1610 82 1810 2291 1275 409 1222 444 183 534 1106 850 1016 425 348 1026 785 245 1276 708 191 171 96 689 1301 439
is_linear=0
shrinkage=0.035


Tree=20
num_leaves=63
num_cat=0
split_feature=73 63 63 63 73 63 73 73 73 73 63 71 73 30 60 71 76 16 73 76 40 53 19 69 45 39 19 42 42 0 76 58 51 16 71 18 80 73 3 20 73 71 71 31 18 71 17 40 40 44 25 20 30 61 73 15 25 9 11 37 5 73
split_gain=63688.3 32215.1 24210.1 10645.4 10336.7 9937.55 8610.65 8222.44 7177.92 4164.38 3329.46 3289.49 3108.14 2887.37 2875.06 2528.16 2403.27 2670.35 2401.69 2399.64 2253.35 2137.21 2069.34 1854.39 1842.28 1728.79 1659.33 1603.26 1590.67 1585.65 1525.11 1497.61 1645.46 1508.77 1430.46 1413.37 1645.24 1406.24 1398.82 1396.61 1363.55 1352.24 1336.47 1335.88 1510.17 1328.08 1375.77 1356.66 1323.51 1308.22 1303.7 1352.17 1979.44 1300.09 1279.13 1609.56 1261.13 1251.39 1236.69 1328.94 1363.47 1235.06
threshold=71.6240106263391 98.215305242375322 105.22573145487551 106.88237410452102 77.524355690464134 93.132006843738566 67.148712040558578 78.787137354394829 64.930255275151325 76.448594888182853 92.593984519063909 69.065241892610331 83.361663812817554 15.935416666666669 137.50000000000003 71.114277504105104 0.39902989748815859 26.672043010752692 68.529878023044333 0.21511529503931356 16.015625000000004 106.27500109021919 11.014285714285716 -18.683700535727493 0.12771739130434781 29.584770114942529 4.6030303030303044 4.2034482758620699 2.5075757575757582 4.5000000000000009 0.51355564585184255 1.0000000180025095e-35 74.534666666666695 22.803225806451618 70.999900000000011 17.61721611721612 -0.89607030488949835 82.531983037176204 62.113247863247871 4.5345238095238107 73.598219359073411 73.01101443355121 69.909043712961349 39.40312500000001 9.7029411764705902 75.640595238095244 31.709005376344091 13.792385057471265 14.671568627450981 14.67204301075269 60.20344827586208 3.358571428571429 13.911067193675891 0.92466098986174716 72.167649181000101 6.8019607843137262 58.859605911330057 42.949874686716797 0.47908893280632409 7.1455026455026465 6.6273148148148158 58.399018288798395
decision_type=2 2 2 2 2 2 2 2 2 2 2 2 2 2 2 2 2 2 2 2 2 2 2 2 2 2 2 2 2 2 2 2 2 2 2 2 2 2 2 2 2 2 2 2 2 2 2 2 2 2 2 2 2 2 2 2 2 2 2 2 2 2
left_child=2 4 5 7 10 16 13 11 61 24 28 29 22 30 -8 43 17 -1 26 40 -9 -21 31 -20 -5 -11 -10 56 49 -3 -7 -6 39 -34 53 42 38 -29 -37 -33 -13 -28 -12 44 -15 46 -27 -47 -23 -2 51 52 -16 -18 -44 -56 -22 -30 -42 -60 -61 -4
right_child=1 3 8 9 12 6 14 20 18 25 35 19 -14 15 50 -17 34 -19 23 21 27 48 -24 -25 -26 45 41 37 57 -31 -32 32 33 -35 -36 36 -38 -39 -40 -41 58 -43 54 -45 -46 47 -48 -49 -50 -51 -52 -53 -54 -55 55 -57 -58 -59 59 60 -62 -63
leaf_value=-0.18563460154761818 0.050273500757747225 0.26178500479109151 -0.29033267508467586 0.28031207819722126 0.1078934501563408 -0.16554751540014026 -0.083824489736360003 0.12825291022830862 0.13024875598242788 -0.022024890128048983 -0.050855599557908492 0.048534086494776023 0.14692606135575537 0.10405853996774819 0.25937090609802144 -0.017727118936325201 -0.25811391846811038 0.017786796452592332 0.27145847753286362 0.11430581338768657 -0.028846989936515934 -0.090793854042035355 -0.21556625564929882 0.05971957994940328 0.12655066097937601 0.30688734936079703 -0.019289442727286697 0.22346038897959056 -0.070447688170138328 -0.018882622429166596 -0.29618558417776242 0.032594677214023572 -0.15549327906790902 0.1288096127615333 -0.18654108986210183 -0.085275466340084163 0.031883945338866293 0.45073341329528227 -0.32304853196777739 -0.054540549927412953 0.15385221058240992 0.11278754451870919 -0.11288228965266316 -0.19402914851188457 -0.11709121354208794 0.62148197971506325 0.18292680002617936 0.30291269182713015 0.059877299159428292 -0.23802752661398605 0.022026026778774115 -0.076041468681956562 -0.022319977531285645 -0.43428088353651545 0.15898292311773463 0.0036254183728995581 0.21606247476418705 -0.22975779273491778 0.1608402921250765 0.0033783358660433929 0.087750767658388171 -0.080322348245131278
leaf_weight=318 22 25 36 103 300 694 1759 548 115 27 903 1106 349 39 31 320 242 105 52 137 30 253 40 1503 1305 205 1150 70 802 746 131 595 25 226 277 68 59 67 55 362 378 103 103 289 954 23 244 63 99 146 559 724 1022 67 88 1063 176 65 241 286 1309 602
leaf_count=318 22 25 36 103 300 694 1759 548 115 27 903 1106 349 39 31 320 242 105 52 137 30 253 40 1503 1305 205 1150 70 802 746 131 595 25 226 277 68 59 67 55 362 378 103 103 289 954 23 244 63 99 146 559 724 1022 67 88 1063 176 65 241 286 1309 602
internal_value=1.02493e-05 0.0534869 -0.061276 0.100379 -0.0127126 -0.0968308 -0.0810044 0.075245 0.0139192 0.170141 -0.049462 0.0563066 0.0526438 -0.133239 -0.0500329 -0.105778 -0.199036 -0.13517 0.0371376 0.0696502 0.172504 -0.00272605 0.0313449 0.0668875 0.137897 0.250724 0.00330635 0.242903 -0.101716 -0.00961356 -0.186462 0.0379658 0.0205594 0.100226 -0.244977 -0.0263215 -0.119855 0.335869 -0.192503 -0.000373179 0.0803103 -0.00838891 -0.018402 -0.127739 -0.108354 0.264503 0.23981 0.391252 -0.0483828 -0.200216 -0.0245739 -0.0392372 -0.0139046 -0.296963 0.00497593 0.0155702 0.180396 -0.0825209 0.096168 0.0842513 0.0726299 -0.092396
internal_weight=23804 12712 11092 7441 5271 7531 6522 5471 3561 1970 3374 4580 1897 2427 4095 1602 1009 423 2923 3809 891 489 1548 1555 1408 562 1368 343 1035 771 825 1508 1208 251 586 2339 182 137 123 957 3320 1253 2157 1282 993 535 449 86 352 168 2336 1777 1053 309 1254 1151 206 867 2214 1836 1595 638
internal_count=23804 12712 11092 7441 5271 7531 6522 5471 3561 1970 3374 4580 1897 2427 4095 1602 1009 423 2923 3809 891 489 1548 1555 1408 562 1368 343 1035 771 825 1508 1208 251 586 2339 182 137 123 957 3320 1253 2157 1282 993 535 449 86 352 168 2336 1777 1053 309 1254 1151 206 867 2214 1836 1595 638
is_linear=0
shrinkage=0.035


Tree=21
num_leaves=63
num_cat=0
split_feature=76 71 73 63 76 73 60 23 73 63 73 63 63 63 63 55 63 63 81 75 73 24 69 73 26 71 75 73 28 73 50 19 28 71 69 73 19 71 71 12 16 63 3 24 35 29 76 75 76 38 44 38 41 22 5 64 14 66 17 10 49 12
split_gain=59620 21682.7 20564.2 11496.6 7140.31 6896.95 5268.13 5220.85 5108.19 4922.14 3904.42 3498.46 3179.87 2954.74 2848.23 2624.45 2414.43 2394.05 2349.63 2156.51 2151.38 2064 2032.96 1982.15 1972.72 1812.23 1750.43 1728.12 1704.18 1679.41 1669.11 1720.26 1667.07 1639.15 1597.48 1590.89 1578.71 1662.22 1539.47 2332.21 1532 1497.29 1562.18 1668.06 1468.66 1430.39 1878.04 1430.02 1635.85 1687.99 1562.04 1416.48 1401.33 1399.79 1526.01 1505.21 1581.9 1383.34 1366.58 1404.43 1359.95 1350.3
threshold=0.0044730995961310147 70.399209389400951 66.680761024679597 95.171644975036415 -0.29332732991428589 73.54279152831289 122.50000000000001 73.361818181818194 76.504110791704122 102.15785736498852 76.026845903327484 110.28179665549051 110.62081240280551 94.80337092357577 102.99220781861001 110.25317375956763 106.73542414360601 104.66495741128851 0.93670674362534789 142.26397103075655 63.739804895247545 29.607692307692314 -3.1589270947005441 67.978941093804508 0.38236666666666669 68.509182480188485 131.4901836589782 72.068592944174711 17.314144736842106 66.844018192429459 71.55417989417991 10.148351648351648 20.877500000000001 69.960839160839171 1.9971433053532552 68.58900296566425 9.8090909090909104 69.015901326933957 68.370634057971031 16.403703703703709 24.951190476190479 107.36066823690751 61.787593984962413 27.25403225806452 21.345490716180375 0.35479130434782619 -0.44892454840099844 161.17359319059724 -0.17342924993995851 27.508620689655178 17.507142857142863 24.430952380952387 5.3651515151515161 15.430194805194807 6.3090185676392583 279.50000000000006 0.78156725146198835 105.50608838151751 39.806250000000006 0.56948809523809529 -0.07167886074910064 16.145502645502649
decision_type=2 2 2 2 2 2 2 2 2 2 2 2 2 2 2 2 2 2 2 2 2 2 2 2 2 2 2 2 2 2 2 2 2 2 2 2 2 2 2 2 2 2 2 2 2 2 2 2 2 2 2 2 2 2 2 2 2 2 2 2 2 2
left_child=1 7 9 8 21 6 53 14 18 20 11 29 19 15 27 -12 36 33 -4 32 -2 -3 24 -16 -22 -11 -27 -1 -15 -6 -10 51 40 -7 -31 -13 37 -9 -20 -40 -8 47 -43 -44 -26 46 -25 -30 50 -50 -49 -32 -39 54 -5 56 -56 -54 -35 -60 -19 -36
right_child=2 4 3 5 10 17 12 16 30 25 13 35 -14 28 23 -17 -18 60 38 -21 22 -23 -24 45 44 26 -28 -29 41 34 31 -33 -34 58 61 -37 -38 52 39 -41 -42 42 43 -45 -46 -47 -48 48 49 -51 -52 -53 57 -55 55 -57 -58 -59 59 -61 -62 -63
leaf_value=-0.095509069366965904 -0.22778741177506812 0.15666689986131591 -0.13667901674748117 -0.19725916455350817 -0.10031535054032033 -0.038870580146760078 -0.11066254197128607 -0.0012377170215395015 -0.063906885422481755 -0.14123577264673703 -0.046958806757279384 0.034740909518656313 0.13986390234286136 -0.049385602908516402 -0.040430297464647956 0.13237401219002809 0.12357902417689924 -0.0809718483935703 -0.15751554626701794 0.02631213956033902 -0.24739100402249078 0.2630045547501767 -0.19385595286721038 0.27641561293858824 -0.043467030329584926 -0.13802625848550526 -0.023972689657273998 -0.016040450276570545 0.12267803612486407 0.061973470257949255 0.14784527346899687 -0.1416719265640837 -0.0046467365567743795 0.062221824442591417 0.0070854203100237803 0.17531043464065413 -0.25367764863308445 -0.036243750703831519 -0.014229777366060089 -0.17769839610642679 0.0030417449112070147 0.16723582918264651 0.14126072026701536 0.49839591483254186 -0.26494163462538045 -0.022395564714827208 0.050796163894929226 0.55278435508540424 0.10866276071468181 0.3410745269137625 0.18552255980592028 0.011437720457462896 0.0016484190230714342 -0.093721563601802962 0.010025489408385635 -0.13698317008050495 0.26169852684200673 0.11338792508352696 0 -0.31683695120016736 0.1802504770672535 -0.19450727037716936
leaf_weight=733 583 834 1427 52 98 282 469 803 340 427 202 131 192 51 619 197 435 27 177 1341 86 308 497 48 394 221 646 618 988 1702 153 56 1013 1358 326 403 23 133 614 129 210 115 25 47 40 325 674 30 153 51 28 238 178 1233 271 74 34 572 72 22 230 46
leaf_count=733 583 834 1427 52 98 282 469 803 340 427 202 131 192 51 619 197 435 27 177 1341 86 308 497 48 394 221 646 618 988 1702 153 56 1013 1358 326 403 23 133 614 129 210 115 25 47 40 325 674 30 153 51 28 238 178 1233 271 74 34 572 72 22 230 46
internal_value=1.08261e-05 0.0602981 -0.0508794 -0.0271271 0.107132 -0.00181434 -0.0241776 0.00824905 -0.0826855 -0.133048 0.08764 0.0606714 0.00192103 0.126285 -0.0214245 0.0416301 0.0500021 0.0530904 -0.108556 -0.00683172 -0.174101 0.185452 -0.143225 0.00919793 -0.0946863 -0.0822375 -0.053112 -0.059179 0.148961 0.0409179 -0.00550998 0.0389222 -0.0331021 0.0382868 0.0476156 0.140897 0.0312415 0.0352044 -0.0648801 -0.0427164 -0.0755148 0.156018 0.248526 0.376268 -0.0641689 0.0385474 0.0659815 0.142082 0.214868 0.167475 0.378646 0.0649442 0.0683308 -0.074747 -0.020411 0.00407187 0.0384747 0.0868918 0.0532826 -0.0754701 0.152689 -0.0180609
internal_weight=23804 10896 12908 10014 5735 6880 4889 5161 3134 2894 4593 2706 3225 1887 3017 399 2144 1991 2347 3033 1600 1142 1017 1666 520 1294 867 1351 1488 2172 787 447 1692 1734 2074 534 1709 1686 920 743 679 1437 187 72 434 1047 722 1250 262 204 58 391 883 1664 431 379 305 750 1452 94 257 372
internal_count=23804 10896 12908 10014 5735 6880 4889 5161 3134 2894 4593 2706 3225 1887 3017 399 2144 1991 2347 3033 1600 1142 1017 1666 520 1294 867 1351 1488 2172 787 447 1692 1734 2074 534 1709 1686 920 743 679 1437 187 72 434 1047 722 1250 262 204 58 391 883 1664 431 379 305 750 1452 94 257 372
is_linear=0
shrinkage=0.035


Tree=22
num_leaves=63
num_cat=0
split_feature=76 71 75 76 63 76 71 71 76 61 75 43 71 66 75 75 75 15 63 19 15 7 25 20 63 22 36 24 22 44 63 62 0 39 40 63 37 63 47 32 32 55 54 63 15 5 71 45 15 15 43 65 48 25 80 50 21 60 26 0 60 55
split_gain=55671.5 27187.5 11317.4 9921.56 9379.07 9242.96 5198.7 4614.67 3445.03 3229.19 3538.67 3151.75 2784.76 2778.48 2611.67 2472.83 2437.65 2434.67 2373.88 2360.61 2332.13 2152.12 2107.22 1908.64 1800.06 1755.48 1755.1 1672.76 1658.77 1655.35 1652.72 1643.23 1632.33 1948.31 1583.04 1541.28 1520.62 1505.19 1491.6 1471.92 1460.79 1457.14 1450.91 1917.58 1443.26 1732.17 1887.57 1428.08 1482.85 1427.57 1425.58 1419.79 1416.02 1415.93 1406.34 1387.99 1434.25 1346.97 1323.24 1308.21 1334.24 1267.4
threshold=0.13033810508504753 71.114277504105104 139.07948808710753 -0.14494295007781796 95.840034916060816 -0.081766352051703947 68.441245210727985 67.937042016806728 0.53629418331533152 0.61386072896526211 149.35892060963872 11.753787878787881 73.01101443355121 105.43613039684801 157.08291884050422 155.24752715254604 148.51587971661039 10.149074074074077 107.68812322924701 7.3771551724137945 11.491379310344831 0.32245643939393948 52.479871175523357 3.358571428571429 110.8082518897025 20.672619047619051 0.66382337662337665 29.288018433179726 17.672043010752692 14.819805194805197 102.15785736498852 112.18275823707602 20.500000000000004 35.309018567639264 12.779132791327916 97.393490484359418 6.7905701754385976 91.442999665983407 0.59375157926223765 0.4523508771929825 0.46608545454545453 105.66185964943062 91.788430418472259 108.75607542604301 6.392080745341616 6.1017241379310354 73.646376811594223 0.89087301587301593 4.5669642857142865 8.5917508417508444 13.381652661064427 0.16793338560885654 0.67857200669700679 61.255434782608702 7.2672531246533945 66.621699346405236 11.113247863247866 32.500000000000007 0.49501612903225811 2.5000000000000004 49.500000000000007 95.408591078313776
decision_type=2 2 2 2 2 2 2 2 2 2 2 2 2 2 2 2 2 2 2 2 2 2 2 2 2 2 2 2 2 2 2 2 2 2 2 2 2 2 2 2 2 2 2 2 2 2 2 2 2 2 2 2 2 2 2 2 2 2 2 2 2 2
left_child=1 5 8 14 15 6 24 37 22 10 -6 35 21 23 18 20 17 55 29 25 31 -5 -2 -8 47 -13 -16 41 30 38 36 51 -14 -34 -18 -9 -15 -7 -3 -24 -41 -28 -23 -44 50 -46 49 48 -1 -47 -20 -4 -21 -30 -29 56 -11 -22 -53 61 -61 -17
right_child=2 3 4 12 9 7 13 11 -10 16 -12 19 32 28 26 59 34 -19 44 52 57 42 39 -25 -26 -27 27 54 53 -31 -32 -33 33 -35 -36 -37 -38 -39 -40 40 -42 -43 43 -45 45 46 -48 -49 -50 -51 -52 58 -54 -55 -56 -57 -58 -59 -60 60 -62 -63
leaf_value=0.20936794729354022 -0.22336547692802858 0.33890831517825165 -0.23422683424755836 -0.0079202316126911181 -0.0011445089978984 -0.2166675438641999 0.056231124542427839 -0.011781358876085859 -0.26841400103866431 -0.25589075875815176 0.13662649863369372 -0.012620188670443119 0.07731386703590061 0.31267483428624959 -0.0048775797860097087 -0.33630116011080191 -0.0662591867409075 -0.18927686305710531 0.5488684473937413 -0.07271847341060704 -0.27402007206865392 -0.045827064935157182 -0.16220418071461212 -0.030449172306408655 0.10080380384945471 -0.21597065997973222 0.36391945486619504 0.26877850086977284 0.026402480110343757 0.095383296056104711 0.17666734208649557 -0.18895512761962691 0.11355313480992507 0.295037272297275 0.025165863665218818 0.06533077979684207 0.064235870592751626 -0.083907184243011176 0.076553125667061378 -0.012349016121042491 -0.11060135517888869 0.10503946590987889 0.054863146243823269 0.16724457132360718 0.058578802723689864 0.2281911516437139 0.31675573509183763 0.25862581073947072 -0.041763192769326357 0.093546079297673043 0.16683250225351215 -0.06885519321946966 -0.21361992638698524 0.20183692042760609 0.50490314237061928 -0.033453056263224659 0.0011558586739632019 -0.13188249231551843 -0.23739654243509631 -0.021728131030446796 0.24085939403900916 -0.056032075816133758
leaf_weight=29 244 68 76 835 1359 118 1032 598 236 75 274 1869 1505 32 29 30 358 213 26 571 178 142 531 445 140 53 39 76 449 1083 433 239 307 95 657 676 435 916 44 228 996 84 1295 217 125 204 135 20 1229 185 23 1045 103 64 55 608 41 154 60 336 25 57
leaf_count=29 244 68 76 835 1359 118 1032 598 236 75 274 1869 1505 32 29 30 358 213 26 571 178 142 531 445 140 53 39 76 449 1083 433 239 307 95 657 676 435 916 44 228 996 84 1295 217 125 204 135 20 1229 185 23 1045 103 64 55 608 41 154 60 336 25 57
internal_value=1.082e-05 0.0381646 -0.0750761 0.0925458 -0.0492248 -0.000634454 0.0367683 -0.0334926 -0.141961 -0.014308 0.0220046 -0.0159363 0.0622768 0.0636969 0.153666 -0.106106 -0.044686 -0.0853782 0.138766 -0.0380615 -0.124867 0.037879 -0.126967 0.0301117 -0.0181151 -0.0182842 0.252901 0.282298 0.0987777 0.108722 0.127406 -0.105269 0.0941005 0.156763 -0.00709391 0.0291421 0.0815832 -0.0991586 0.23667 -0.113503 -0.0923148 0.188293 0.0609976 0.0710442 0.190083 0.175982 0.2039 -0.0311792 -0.0358903 0.164368 0.373113 -0.0882573 -0.0943985 0.0484711 0.369484 -0.054697 -0.165393 -0.208397 -0.0781132 -0.0326692 -0.00322573 -0.154086
internal_weight=23804 15784 8020 6572 5785 9212 4308 4904 2235 3585 1633 3870 4396 2890 2176 2200 1952 937 1893 2596 1752 2489 1999 1477 1418 1922 283 254 1413 1195 900 1420 1907 402 1015 1274 467 1034 112 1755 1224 123 1654 1512 698 649 524 1278 1258 389 49 1181 674 513 131 724 116 332 1105 448 361 87
internal_count=23804 15784 8020 6572 5785 9212 4308 4904 2235 3585 1633 3870 4396 2890 2176 2200 1952 937 1893 2596 1752 2489 1999 1477 1418 1922 283 254 1413 1195 900 1420 1907 402 1015 1274 467 1034 112 1755 1224 123 1654 1512 698 649 524 1278 1258 389 49 1181 674 513 131 724 116 332 1105 448 361 87
is_linear=0
shrinkage=0.035


Tree=23
num_leaves=63
num_cat=0
split_feature=73 63 60 73 63 73 73 63 63 38 80 73 75 15 63 61 24 3 28 73 25 69 51 36 29 50 72 76 7 19 21 25 40 37 38 75 22 81 19 39 4 52 7 72 47 3 35 50 39 21 14 36 51 37 60 34 52 49 19 47 5 42
split_gain=52877.3 28217.7 17296.6 13447.5 10450.2 9718.06 6653.99 5498 3945.2 3683.55 3353.73 3159.76 2474.17 2365.07 2154.57 2084.77 1993.75 1969.32 2020.87 1908.92 1907.74 1855.18 1765.39 1758.31 1632.11 1555.93 1622.23 1548.58 1556.65 1542.61 1537.52 1414.15 1461.32 1398.77 1369.46 1362.69 1310.04 1730 1546 1317.78 1295.31 1536.38 1288.62 1461.27 1363.94 1285.48 1282.96 1276.19 1382.64 1777.91 1262.07 1259.56 1248.03 1278.03 1242.6 1237.48 1235.98 1264.87 1234.14 1467.66 1235.05 1216.09
threshold=70.667417585483904 104.66495741128851 124.50000000000001 77.524355690464134 95.171644975036415 65.636778914609849 76.381036122302419 108.08523080148201 95.366958637730121 26.716517857142861 -14.792545470603249 73.598219359073411 135.46443948796295 10.661458333333334 110.28179665549051 0.64400707291563364 29.671568627450984 49.510000000000012 20.716517857142861 62.800173437231223 57.802777777777784 -14.518732955207204 72.69038461538463 0.65002000000000015 0.34207417582417582 66.878090909090915 74.715517305561818 -0.012422683712111469 0.38181980519480524 5.8360215053763449 11.836666666666668 57.945906432748544 17.685855263157901 6.338541666666667 25.603571428571431 160.01413903772684 19.236694677871149 0.95454279382485507 7.7211111111111119 37.341666666666676 0.44376696832579193 -5.5667692307692453 0.38922649572649576 74.383761726032972 0.5555581418173331 60.425824175824182 16.890390390390394 78.406196078431392 36.784161490683239 13.430952380952382 0.62423611111111121 0.75784523809523818 72.530933333333351 5.7543103448275872 270.50000000000006 9.2546296296296315 6.6193354978354941 -0.13737389793727667 9.1277173913043494 0.47866266862262857 8.4928571428571455 3.7018518518518526
decision_type=2 2 2 2 2 2 2 2 2 2 2 2 2 2 2 2 2 2 2 2 2 2 2 2 2 2 2 2 2 2 2 2 2 2 2 2 2 2 2 2 2 2 2 2 2 2 2 2 2 2 2 2 2 2 2 2 2 2 2 2 2 2
left_child=2 3 10 4 30 19 14 17 16 54 45 20 -12 25 -3 24 40 -7 33 -4 42 -21 29 -11 -13 -14 -27 28 -25 -9 -2 -22 -33 -19 -8 -29 39 -38 -39 -35 41 -5 43 44 52 -1 -45 48 -16 -50 -31 -52 53 -6 56 -32 57 -10 59 -18 -61 -34
right_child=1 6 5 8 11 7 34 22 9 23 12 15 13 -15 47 -17 58 18 -20 21 31 -23 -24 27 -26 26 -28 35 -30 50 55 32 61 36 -36 -37 37 38 -40 -41 -42 -43 -44 46 -46 -47 -48 -49 49 -51 51 -53 -54 -55 -56 -57 -58 -59 -60 60 -62 -63
leaf_value=-0.30034399420121821 -0.1131742889370629 0.079563730321569867 -0.15330485515249859 0.3015639262534025 -0.22161339090036794 0.21590630096244287 0.17295077277714296 0.088916317144768373 0.2021135481370295 -0.037473392051855722 -0.22169385896317934 0.11202920386622207 -0.16016508277567726 -0.18243218352072918 0.12787292527179506 0.0084829506145201461 -0.14994988035574194 -0.161309476920273 -0.010470762419102721 -0.015352014448111193 0.21639666410728739 -0.1064129927000442 0.14536285298542029 0.21855573578316029 0.037515194262294251 -0.11580988908139728 -0.037099534895300365 -0.053376352306832096 0.43897484508124734 0.21890956711378257 -0.21961870296957595 2.5953395259507376e-05 0.33137626198764708 -0.040395906491734274 0.26110861821289333 0.20687865460133767 -0.23324742853619704 -0.12390245263736653 0.086723299694342879 0.18948945361044672 -0.031906799962435582 0.032050488569810853 0.097001748678109331 -0.24858567436252321 -0.07558637031588003 -0.14471123752497173 -0.081393611498215626 0.41614293797487439 0.12592859713380988 0.55051927032470704 -0.027208933047288802 0.1755427684771978 -0.22529516020734261 0.057890999646671867 0.26779762642785726 -0.04624785711366821 -0.027559981268134706 0.073233576550255114 -0.035095606192690504 0.10230120910194974 0.27123088518627314 0.0053427356177905829
leaf_weight=203 835 2062 607 28 21 39 590 401 102 37 290 625 331 461 661 1314 20 160 2107 400 40 872 222 282 851 619 667 44 46 30 52 1454 30 1015 347 55 102 130 63 31 570 288 70 73 380 98 244 21 27 22 512 40 23 296 41 1320 134 1069 65 159 80 26
leaf_count=203 835 2062 607 28 21 39 590 401 102 37 290 625 331 461 661 1314 20 160 2107 400 40 872 222 282 851 619 667 44 46 30 52 1454 30 1015 347 55 102 130 63 31 570 288 70 73 380 98 244 21 27 22 512 40 23 296 41 1320 134 1069 65 159 80 26
internal_value=1.18526e-05 0.042152 -0.0645597 0.013191 -0.0114859 -0.0346576 0.125015 -0.00848234 0.0757257 0.108428 -0.139948 0.0145465 -0.125907 -0.112488 0.0979055 0.0405577 0.0267796 -0.0298988 -0.0325863 -0.102226 -0.012768 -0.0777975 0.0563184 0.193446 0.0690972 -0.0924945 -0.0750188 0.213484 0.2501 0.0361414 -0.0757257 0.0122934 0.0068145 -0.0636144 0.205724 0.0914876 -0.0518996 -0.116989 -0.0550844 -0.0334922 -0.000400103 0.0563812 -0.0478512 -0.0576745 -0.0300605 -0.250008 -0.120237 0.149549 0.141372 0.320267 -0.000259836 -0.0123649 0.0208475 0.0390441 0.079057 -0.0528989 0.0730242 0.0845441 0.101001 0.135172 0.15931 0.181452
internal_weight=23804 14404 9400 10674 7654 6731 3730 4852 3020 1810 2669 5447 2368 2078 2793 2790 1210 3647 3608 1879 2657 1272 1205 464 1476 1617 1286 427 328 983 2207 1550 1510 1501 937 99 1341 295 193 1046 886 316 1107 1037 720 301 317 731 710 49 582 552 340 317 1346 1372 1305 1171 324 259 239 56
internal_count=23804 14404 9400 10674 7654 6731 3730 4852 3020 1810 2669 5447 2368 2078 2793 2790 1210 3647 3608 1879 2657 1272 1205 464 1476 1617 1286 427 328 983 2207 1550 1510 1501 937 99 1341 295 193 1046 886 316 1107 1037 720 301 317 731 710 49 582 552 340 317 1346 1372 1305 1171 324 259 239 56
is_linear=0
shrinkage=0.035


Tree=24
num_leaves=63
num_cat=0
split_feature=73 61 60 73 73 73 69 69 73 24 81 73 81 45 70 80 73 17 48 70 36 34 73 29 69 69 15 50 69 48 26 50 76 62 17 31 36 68 17 3 17 47 81 25 7 61 61 55 29 3 53 68 52 38 45 16 6 19 29 73 12 61
split_gain=49258.9 23869.7 16657.4 12042.5 10016.4 7222.81 4704.15 4603.36 3595.94 3494.47 3184.54 2808.75 2514.81 2106.33 2091.27 2080.05 1995.8 2230.28 1904.05 1858.2 2030.18 1786.2 1777.74 1744.26 1733.95 1727.63 1692.28 1677.2 1669.46 2078.17 1591.9 1571.3 1571.03 1565.97 1528.65 1522.33 1593.6 1446.97 1445.14 1607.02 1409.73 1453.04 1395.14 1792.14 1376.3 1376.29 1366.89 1413.79 1357.58 1342.04 1318.25 1429.69 1644.97 1308.91 1303.34 1302.2 1380.5 1298.73 1891.43 1381 1274.26 1263.18
threshold=71.232359438980396 0.59785691829958665 124.50000000000001 77.524355690464134 65.636778914609849 76.026845903327484 -1.0842460785951997 -12.690926782042792 63.322064394138231 30.12916666666667 0.9554780271802733 68.402159598868295 0.91667864598909621 0.15587044534412953 2.3104116773654018 -8.4153969669682009 78.787137354394829 31.644009216589865 0.56731151669202851 6.1337768404748028 0.64352857142857156 9.0156250000000018 62.800173437231223 0.28250862068965515 -20.329376010508902 -14.518732955207204 10.632456140350877 67.114534161490695 8.0332732201108517 0.71202978298197661 0.37268333333333331 70.364068965517262 -0.035893803677013496 111.36953562560402 30.984375000000004 42.816498316498325 0.64101612903225813 3.8879341651203569 26.04545454545455 53.546920821114377 31.377155172413797 0.37919212374635169 1.0137837766781479 61.402702702702705 0.2720333333333334 0.75365845086052008 0.45533882913447005 107.01523162506714 0.41120714285714294 62.674242424242429 119.27985729442311 8.232938365103097 -2.8537926944971583 26.12701612903226 0.35388994307400384 25.236694677871149 19.902380952380955 5.1801948051948061 0.31894558823529412 65.938350341444263 9.41885964912281 0.87135240421114013
decision_type=2 2 2 2 2 2 2 2 2 2 2 2 2 2 2 2 2 2 2 2 2 2 2 2 2 2 2 2 2 2 2 2 2 2 2 2 2 2 2 2 2 2 2 2 2 2 2 2 2 2 2 2 2 2 2 2 2 2 2 2 2 2
left_child=2 5 8 10 22 6 13 24 -1 15 28 35 -10 44 37 31 17 -7 23 20 -18 -20 -4 -12 -6 -24 27 -14 50 48 -26 -5 55 42 -16 36 -9 -13 -8 -40 -25 -42 -15 54 -2 -17 47 -38 -30 -28 51 -3 -53 -22 -44 56 -11 58 -32 -59 -29 -23
right_child=1 3 4 9 7 16 38 11 12 32 18 14 26 33 34 45 19 -19 21 -21 53 61 25 40 30 -27 49 60 29 -31 57 -33 -34 -35 -36 -37 46 -39 39 -41 41 -43 43 -45 -46 -47 -48 -49 -50 -51 -52 52 -54 -55 -56 -57 -58 59 -60 -61 -62 -63
leaf_value=-0.24448528949742129 0.03373901940664549 -0.030632390892525008 -0.14794360155956554 -0.23362754984299341 0.19892630190993177 0.18408759480174164 0.31683777908072241 0.033705869411468276 -0.15912412833672687 -0.074694488676845069 0.26268150490522385 -0.016887758755711184 -0.14026013116560734 0.056039309257731908 0.10705866950184599 0.10075292365452555 -0.046856563201317425 0.087554453989364955 -0.3034785644747971 0.40950015092040265 0.15587560847745349 -0.0095771605684928582 -0.014815363881056118 0.12395916689237667 -0.14669526569951666 -0.1026906721715594 -0.2047320055755189 -0.22407039663285921 -0.07594297452886771 -0.27258456336439046 0.28600271678231931 -0.0045775614808180503 0.081256725563386534 0.39420713199057233 0.012780173067434564 -0.21730934852935649 -0.048196062324147242 -0.29941150615347761 -0.076535190560589952 0.032603405587538069 -0.23448635880868945 0.013356404888896877 0.13671785960586219 0.18110264684344432 0.25566487499276802 0.033249207724385062 -0.10801575050702235 0.12515280073154264 -0.30272488665046976 -0.053086167381149567 -0.20543397917889647 0.39415865119529331 0.0089822810882329955 0.2593380886664497 0.054134889772119617 0.29507692889042819 0.19300415054078218 -0.14062114151574601 0.052172292379008403 0.049380128988456541 -0.042163843114970602 -0.078499334338387378
leaf_weight=286 44 596 607 52 101 456 20 251 973 30 39 1730 335 1029 314 524 45 826 28 46 394 1523 400 140 49 872 237 49 1000 76 68 122 233 20 639 67 920 22 184 1586 30 580 387 330 157 1260 510 61 33 103 47 21 37 246 595 114 106 50 112 652 1026 414
leaf_count=286 44 596 607 52 101 456 20 251 973 30 39 1730 335 1029 314 524 45 826 28 46 394 1523 400 140 49 872 237 49 1000 76 68 122 233 20 639 67 920 22 184 1586 30 580 387 330 157 1260 510 61 33 103 47 21 37 246 595 114 106 50 112 652 1026 414
internal_value=1.30912e-05 0.0444905 -0.0569788 -8.79112e-05 -0.0288223 0.093548 0.0681761 -0.00515691 -0.12644 0.0626538 -0.0336485 -0.0204052 -0.113998 0.0985886 0.00217274 0.0418309 0.148368 0.121952 -0.00994161 0.194577 0.179851 -0.028382 -0.0986507 0.0359686 0.0615136 -0.0750764 -0.0888673 -0.0719156 -0.0697051 -0.0964236 0.0465038 -0.0735226 0.146929 0.0892897 0.0438871 -0.0541591 -0.0478216 -0.0205218 0.0246298 0.0212375 0.0240078 0.000979622 0.0865996 0.110535 0.207306 0.0531012 -0.0615552 -0.0373551 -0.083334 -0.158948 -0.0273921 -0.0144446 0.150679 0.195821 0.0867369 0.207837 0.13387 0.0573181 0.141075 0.0357518 -0.050559 -0.0243263
internal_weight=23804 13370 10434 7005 7425 6365 4352 5546 3009 2441 4564 4514 2723 2562 2705 1958 2013 1282 2754 731 685 1965 1879 789 1032 1272 1750 1410 1810 1109 931 174 483 2361 953 1809 1742 1752 1790 1770 750 610 2341 1312 201 1784 1491 981 1033 340 701 654 58 640 982 250 136 882 180 702 1075 1937
internal_count=23804 13370 10434 7005 7425 6365 4352 5546 3009 2441 4564 4514 2723 2562 2705 1958 2013 1282 2754 731 685 1965 1879 789 1032 1272 1750 1410 1810 1109 931 174 483 2361 953 1809 1742 1752 1790 1770 750 610 2341 1312 201 1784 1491 981 1033 340 701 654 58 640 982 250 136 882 180 702 1075 1937
is_linear=0
shrinkage=0.035


Tree=25
num_leaves=63
num_cat=0
split_feature=73 63 63 73 73 63 73 63 63 73 63 73 63 73 73 73 45 29 71 58 19 71 22 41 81 51 63 16 39 1 58 9 55 25 77 35 63 7 71 9 71 48 29 15 30 14 31 25 51 80 56 58 72 11 77 22 24 48 46 37 27 45
split_gain=45999.6 24865.6 15111 9652.85 8958.35 5591.88 5395.26 4873.42 4429.62 3626.46 3199.67 2883.03 2795.78 2470.18 2194.65 1896.47 1878.17 1872.8 1719.25 1820.54 1701.81 1692.53 1666.85 1656.25 1548.85 1457.64 2074.89 1797.55 1436.35 1476.41 1393.17 1387 1520.5 1364.84 1347.56 1307.06 1274.56 1467.61 1588.99 1271.62 1270.76 1321.11 1293.26 1682.38 1374.32 1354.74 1354.37 1352.19 1257.72 1245.43 1746.4 1244.7 1244.34 1451.32 1288.41 1242.29 1225.47 1220.94 2402.94 1217.02 1209.83 1203.58
threshold=70.667417585483904 98.59087160213501 102.28714488112401 74.771224857231459 77.524355690464134 105.55460225047001 67.297637620686785 92.884889787728767 104.66495741128851 63.739804895247545 110.62081240280551 82.531983037176204 92.593984519063909 83.361663812817554 62.800173437231223 77.624933109874561 0.29814814814814822 0.29534166666666667 67.139537037037044 1.0000000180025095e-35 11.014285714285716 73.397461722488046 21.114379084967322 7.1863425925925934 0.8198644907104008 67.555277777777789 107.983173224276 23.313392857142862 34.717142857142868 59.160256410256416 1.0000000180025095e-35 41.981481481481488 100.45412406120472 57.508064516129039 0.36185325882285196 17.12701612903226 102.15785736498852 0.2774327485380117 72.147196637426916 29.146428571428576 69.065241892610331 0.8005681818181819 0.34207417582417582 7.338541666666667 18.288018433179726 0.64358571428571432 33.847319347319356 64.162280701754398 67.215119047619055 -7.4266338549849484 102.11334225085729 1.0000000180025095e-35 80.279684868891152 0.57044722222222233 0.55352344123312147 15.67204301075269 29.170289855072468 0.49953911703259513 0.54006410256410264 6.7537878787878798 5.338541666666667 0.47913043478260875
decision_type=2 2 2 2 2 2 2 2 2 2 2 2 2 2 2 2 2 2 2 2 2 2 2 2 2 2 2 2 2 2 2 2 2 2 2 2 2 2 2 2 2 2 2 2 2 2 2 2 2 2 2 2 2 2 2 2 2 2 2 2 2 2
left_child=2 4 7 5 12 28 14 24 11 -9 16 34 31 20 22 52 -8 48 57 49 23 -12 -4 30 -1 -16 -27 -28 29 -3 -6 32 -2 -14 35 -5 -30 -38 -39 -19 -36 42 45 47 46 -42 -45 -44 -18 -20 -51 -35 53 54 -10 -15 -13 58 -11 -46 -29 -25
right_child=1 3 6 8 13 -7 10 9 15 18 21 56 33 55 25 -17 17 39 19 -21 -22 -23 -24 61 -26 26 27 60 36 -31 -32 -33 -34 51 40 -37 37 38 -40 -41 41 -43 43 44 59 -47 -48 -49 -50 50 -52 -53 -54 -55 -56 -57 -58 -59 -60 -61 -62 -63
leaf_value=-0.36213129949147727 0.0037528834396864633 0.2628462890293084 -0.1092680351725725 0.46111183982506032 0.088728195083498551 0.091647954385759844 0.067550921829663102 -0.17670816072673642 0.16420816789355464 -0.25058514145594929 0.08079213517358548 0.11808957434688661 -0.057184426516421902 -0.027313716079030083 -0.090976925903164516 0.2157156412025501 -0.17238346803222981 0.14482740736474292 -0.16254343988474679 -0.076172943482263097 -0.193645225013236 0.31578044718503956 -0.36778829267988011 0.23395952400927233 -0.17102518582114057 -0.053897789990818991 -0.010086080310518272 -0.072036067830888853 0.012054102165747748 -0.0051527994384853622 -0.01948549066989122 -0.18857148746612376 -0.098156488443075063 0.062969706196825695 -0.0031943344018128639 0.12793481317422925 -0.1377889829931552 0.055071346854146087 0.21145624381594544 -0.035540955622638086 -0.037947147535011834 -0.09560124766516806 0.11716225630351282 0.041585940908927185 0.19444183094697456 0.14220470944417191 0.20678227889262898 0.41040273004908895 0.11034279914143297 0.13318756037014198 -0.045273169064615267 -0.019395252886403442 0.34242051246200789 0.39976355431942229 0.080161200921964201 0.155869579242182 0.29092487527476418 -0.1776009567524606 0.13651311346939521 -0.015848185773867176 0.18089711419343948 0.060880333256942372
leaf_weight=56 231 25 366 20 182 1872 405 503 430 33 406 93 1074 53 506 584 21 49 42 2609 41 41 33 53 732 847 318 28 400 2013 723 152 800 263 255 51 28 180 143 1471 56 50 198 175 36 563 93 21 189 130 138 1528 34 23 469 307 112 303 47 441 127 632
leaf_count=56 231 25 366 20 182 1872 405 503 430 33 406 93 1074 53 506 584 21 49 42 2609 41 41 33 53 732 847 318 28 400 2013 723 152 800 263 255 51 28 180 143 1471 56 50 198 175 36 563 93 21 189 130 138 1528 34 23 469 307 112 303 47 441 127 632
internal_value=1.31246e-05 0.0393173 -0.0602128 0.0783885 -0.0148041 0.0448633 -0.0168315 -0.105608 0.120563 -0.0891778 0.0175876 0.0882359 -0.044699 0.0459709 -0.0567697 0.165943 -0.000246755 -0.0161354 -0.0758183 -0.0666464 0.0276326 0.102682 -0.131092 0.0333997 -0.184832 -0.0404962 -0.0211154 0.0375754 0.013449 -0.00179989 0.00230993 -0.0899557 -0.0753291 -0.0259982 0.0751259 0.224405 0.0548084 0.103435 0.124537 -0.0296784 0.0694524 0.0807961 0.0863984 0.0609886 0.0358634 0.125884 0.0992029 0.146168 0.0817112 0.0135122 0.0413674 -0.00728419 0.135437 0.127619 0.120434 0.128891 0.213012 -0.145534 -0.0236861 0.000202414 0.135099 0.0744378
internal_weight=23804 14404 9400 8365 6039 4661 4807 4593 3704 3805 2582 2164 4048 1991 2225 1540 2135 1730 3302 2919 1631 447 399 1590 788 1826 1320 473 2789 2038 905 1183 1031 2865 1959 71 751 351 323 1520 1888 1633 1583 964 745 619 268 219 210 310 268 1791 956 922 899 360 205 383 80 477 155 685
internal_count=23804 14404 9400 8365 6039 4661 4807 4593 3704 3805 2582 2164 4048 1991 2225 1540 2135 1730 3302 2919 1631 447 399 1590 788 1826 1320 473 2789 2038 905 1183 1031 2865 1959 71 751 351 323 1520 1888 1633 1583 964 745 619 268 219 210 310 268 1791 956 922 899 360 205 383 80 477 155 685
is_linear=0
shrinkage=0.035


Tree=26
num_leaves=63
num_cat=0
split_feature=73 61 60 73 73 73 69 80 69 24 75 28 15 81 32 80 53 80 73 81 69 71 66 69 61 65 29 71 50 0 60 23 75 50 6 76 9 67 24 25 21 51 60 75 3 23 44 60 27 14 39 20 39 51 23 50 73 80 39 16 6 48
split_gain=43048.4 20139.8 15580.5 9736.92 9458.79 5691.23 4246.79 3644.04 3189.59 3143.19 2962.13 2737.56 2619.34 2461.87 2074.42 1992.19 1965.36 1905.98 1838.05 1793.98 1697.64 1672.3 2187.32 1665.28 1621.38 1616.62 1601.94 1553.06 1542.52 1524.41 1505.89 1490.76 1483.38 1458.95 1434.39 1425.28 1392.36 1470.22 1459.56 1354.64 1334.07 1573.01 1332.52 1632 1287.27 1653.91 1257.21 1255.26 1273.34 1526.53 1455.26 1254.17 1251.03 1250.84 1248.88 1233.14 1231.46 1529.48 1539.84 1222.07 1273.57 1207.83
threshold=71.6240106263391 0.59785691829958665 124.50000000000001 77.524355690464134 66.03437482695098 76.381036122302419 -12.299380390467006 -15.923304466802994 -1.1829943025687439 30.12916666666667 139.61668432301948 20.672043010752692 10.632456140350877 0.9554780271802733 0.4064666666666667 13.117933173367556 119.27985729442311 -8.4153969669682009 62.800173437231223 1.0137837766781479 8.0332732201108517 69.829102150537651 98.79405229175056 -14.518732955207204 0.18798916698659004 0.21176451746141753 0.41552777777777777 68.189983277591992 69.32083333333334 31.500000000000004 36.500000000000007 55.858974358974372 144.32811333218743 70.364068965517262 20.418859649122812 -0.035893803677013496 39.229670329670334 95.319869398984068 23.648529411764709 61.672043010752695 17.30842391304348 70.498516483516497 197.50000000000003 157.08291884050422 56.82480818414323 80.016129032258078 14.574175824175827 86.500000000000014 8.7801932367149771 0.73606623931623927 35.724747474747481 4.287593984962407 34.986111111111121 71.353219373219375 78.661458333333357 67.383866995073916 68.843002149434682 0.71501899550054315 31.078461538461543 25.236694677871149 19.902380952380955 0.50121229188869554
decision_type=2 2 2 2 2 2 2 2 2 2 2 2 2 2 2 2 2 2 2 2 2 2 2 2 2 2 2 2 2 2 2 2 2 2 2 2 2 2 2 2 2 2 2 2 2 2 2 2 2 2 2 2 2 2 2 2 2 2 2 2 2 2
left_child=2 5 7 13 18 8 14 28 19 17 31 25 44 16 -6 40 20 33 -4 -2 -3 30 -23 -20 -21 32 46 -27 -1 34 -15 -9 -8 -5 -24 59 -14 -38 -39 -26 41 51 43 53 -12 -46 -22 -19 -49 50 -50 -7 -42 -43 -41 -16 -13 -58 -59 60 -11 -57
right_child=1 3 4 9 6 15 11 10 -10 35 12 56 36 21 55 -17 -18 47 23 24 26 22 29 -25 39 27 -28 -29 -30 -31 -32 -33 -34 -35 -36 -37 37 38 -40 54 52 42 -44 -45 45 -47 -48 48 49 -51 -52 -53 -54 -55 -56 61 57 58 -60 -61 -62 -63
leaf_value=-0.3209271735295845 0.059044720542398607 -0.0052666769807734881 -0.13763047959797486 -0.22602370508114497 -0.21267004406268783 0.10637884363241573 -0.14384999868902582 -0.33298155191092366 0.03397576769006927 -0.075541223417540077 -0.10236289023569239 -0.021726480154703617 -0.20939986298291874 -0.098497574547843469 -0.11119592384908392 0.28961627822781716 -0.22088750059007364 0.033930542512790152 -0.010886115641753983 0.18150098302442177 0.028212079642262043 -0.17112200997842775 -0.039179834202117292 -0.089711002105863399 0.07487222973998571 -0.098017034032013076 -0.34416934627484191 -0.012900389193672094 -0.15260201753526373 0.26068214847792442 -0.012797744384298079 -0.14624330101904454 0.12565302268266682 -0.0053084647824721684 0.043327220157102365 0.075799883787506267 0.12402107343122143 -0.25167912654472252 -0.057749921192725505 0.24166705627160254 0.133325765618411 0.22304217929267886 0.19075369285210916 0.22111686355634369 -0.030263837486756071 -0.31034274727443484 -0.088513588373425989 0.063779715212533603 0.16686780814552307 -0.051444905251898668 0.46482683152253512 -0.06136244576361799 -0.19762288525850891 0.051799383864509177 0.07265674303337688 0.035445243669900484 -0.0033736919471598651 0.16163351609878557 0.037354269056413439 0.28085431234753289 0.1815398080463001 0.11318137009719761
leaf_weight=136 969 578 607 52 32 331 288 56 1837 30 573 1125 253 358 43 107 90 1395 472 392 130 71 350 1080 761 344 27 1106 134 33 840 797 27 122 979 233 33 73 136 132 27 62 702 135 1037 26 853 274 62 23 30 65 28 323 91 435 977 154 586 114 106 562
leaf_count=136 969 578 607 52 32 331 288 56 1837 30 573 1125 253 358 43 107 90 1395 472 392 130 71 350 1080 761 344 27 1106 134 33 840 797 27 122 979 233 33 73 136 132 27 62 702 135 1037 26 853 274 62 23 30 65 28 323 91 435 977 154 586 114 106 562
internal_value=1.45155e-05 0.0439801 -0.0503717 0.00257536 -0.0236404 0.0908527 6.77753e-05 -0.114746 0.0685272 0.0584201 -0.103569 -0.0145329 -0.0814691 -0.0290623 0.0627959 0.143269 -0.0621826 0.0386717 -0.0859893 0.0955793 -0.053119 -0.0079298 0.0175798 -0.065752 0.121274 -0.0487623 -0.0804842 -0.0331228 -0.237837 0.0274784 -0.0384409 -0.158695 -0.120576 -0.071748 0.0215893 0.138347 -0.151994 -0.091656 -0.125942 0.0971977 0.133823 0.139585 0.159242 0.116552 -0.0600886 -0.0372603 -0.0730668 0.0494604 0.105028 0.202576 0.266054 0.0787941 -0.0353566 0.0796387 0.173031 0.0713733 0.00672866 0.0253758 0.0633142 0.196358 0.124736 0.0793027
internal_weight=23804 12712 11092 6750 7838 5962 5679 3254 4182 2441 2984 4607 2131 4309 1072 1780 1678 1958 2159 2345 1588 2631 1433 1552 1376 1765 1010 1450 270 1362 1198 853 315 174 1329 483 495 242 209 984 1673 1618 1222 520 1636 1063 983 1784 389 115 92 396 55 385 223 1040 2842 1717 740 250 136 997
internal_count=23804 12712 11092 6750 7838 5962 5679 3254 4182 2441 2984 4607 2131 4309 1072 1780 1678 1958 2159 2345 1588 2631 1433 1552 1376 1765 1010 1450 270 1362 1198 853 315 174 1329 483 495 242 209 984 1673 1618 1222 520 1636 1063 983 1784 389 115 92 396 55 385 223 1040 2842 1717 740 250 136 997
is_linear=0
shrinkage=0.035


Tree=27
num_leaves=63
num_cat=0
split_feature=73 63 63 63 63 73 73 73 73 73 71 30 73 71 63 76 53 16 82 60 69 73 32 40 81 34 41 39 45 0 0 42 52 28 28 50 70 58 41 56 9 42 67 77 32 7 68 70 58 55 22 51 43 9 5 44 12 20 13 41 69 10
split_gain=40093.2 20788.9 15945.1 7070.3 6634.96 6367.99 5616.66 5423.09 4639.46 2838.33 2642.05 2324.22 2254.83 2192.6 2159.62 1981.96 1961.26 1940.39 2457.05 1690.9 1656.12 1810.24 1650.56 1605.44 1578.49 1570.22 1560.9 1526.8 1509.25 1451.78 1447.18 1366.18 1351.91 1326.62 1319.36 1294.43 1262.36 1248.22 1301.4 1521.53 1575.19 1223.25 1355.07 1213.64 1189.48 1489.69 1386.31 1344 1590.18 1337.38 1301.82 1229.06 1479.03 1221.14 1186.37 1184.52 1164.4 1248.41 1369.95 1290.49 1155.34 1151.68
threshold=71.6240106263391 98.215305242375322 105.22573145487551 106.88237410452102 93.132006843738566 77.524355690464134 79.905248614384377 67.148712040558578 64.930255275151325 76.448594888182853 69.065241892610331 15.935416666666669 83.361663812817554 71.114277504105104 92.593984519063909 0.21511529503931356 106.27500109021919 26.672043010752692 -118.49999999999999 137.50000000000003 -20.329376010508902 68.529878023044333 0.51428991596638662 16.015625000000004 1.0879147662971358 14.319090909090912 8.7171428571428589 29.584770114942529 0.12771739130434781 8.5000000000000018 33.500000000000007 2.5075757575757582 -5.6700928792569689 24.729020979020984 23.33908045977012 69.621511111111133 -3.4278855319454915 1.0000000180025095e-35 7.0571895424836608 97.573881599117655 32.474937343358398 2.7399355877616753 103.88287101017251 0.36185325882285196 0.46608545454545453 0.27919090909090916 -16.007258556091745 2.4770373029686543 1.0000000180025095e-35 113.55457664709486 20.40588235294118 74.825300000000013 11.16954022988506 34.557777777777787 7.1889880952380958 14.67204301075269 10.61721611721612 4.5345238095238107 22.755000000000006 4.5086206896551735 -9.2681346795115456 0.55128869047619056
decision_type=2 2 2 2 2 2 2 2 2 2 2 2 2 2 2 2 2 2 2 2 2 2 2 2 2 2 2 2 2 2 2 2 2 2 2 2 2 2 2 2 2 2 2 2 2 2 2 2 2 2 2 2 2 2 2 2 2 2 2 2 2 2
left_child=2 5 4 6 17 14 10 11 -4 28 29 26 37 41 31 30 -17 -1 -19 -9 -10 -22 33 -8 35 -20 -6 -11 -5 -3 43 55 -18 34 36 -25 -15 -7 56 -40 -41 -13 -43 -12 45 -21 -47 48 -46 50 -50 52 -48 54 -49 -2 -39 59 -59 -58 -29 -55
right_child=1 3 8 9 7 12 23 19 20 27 15 13 -14 22 -16 16 32 18 25 44 21 -23 -24 24 -26 -27 -28 60 -30 -31 -32 -33 -34 -35 -36 -37 -38 38 39 40 -42 42 -44 -45 47 46 51 53 49 -51 -52 -53 -54 61 -56 -57 57 58 -60 -61 -62 -63
leaf_value=-0.19316230713146332 0.065121597605281412 0.14913504630856686 -0.073060936662628848 0.23919517217893244 -0.14184232951575718 0.084545014493108361 0.10951313698784533 -0.065870458734237899 0.15445447979090263 -0.05233242888938297 0.15487512324399808 -0.058528632768000001 0.12086457494258861 -0.14249345472190955 -0.020942618793412825 0.10399793678580443 0.11222723682517205 -0.14453045587755789 0.1891318456180324 -0.13224003133177759 -0.0053546290284731705 0.05118804801511969 -0.18527405096906605 0.022693037651403989 0.39498467987483354 -0.14944624630148923 -0.35128698847498946 0.40522969600995379 0.10008785617769629 -0.025338416528910997 0.36101728364897939 -0.063887345153203393 -0.078503247205380711 -0.16509327083238415 0.30762909611633849 0.22796235429352907 0.076765646939963017 -0.2064139752416726 0.14713805834924837 0.28585938357029644 -0.0029950140718788361 -0.087360166348936105 -0.17985117234101539 0.061144022437350593 0.054064731378418232 0.25240594463106952 0.22752438234571204 0.33387652334637119 -0.05543005497304844 0.21125261301633927 -0.17569513917969809 0.20318753466697839 -0.018963733959087202 -0.045207553484941917 0.058917228923017692 -0.20891770811386587 0.26928447139263156 -0.026225875149236355 -0.21626937064025986 0.0068557500845820192 0.20201869386016819 0.1722203724302018
leaf_weight=701 22 63 638 103 779 315 345 1759 127 27 178 494 349 39 2339 140 53 231 53 59 1273 1523 49 49 53 24 46 37 1305 730 20 867 306 35 24 164 173 41 136 24 412 435 353 3370 161 39 33 22 1122 21 122 45 271 273 135 146 24 167 64 365 498 33
leaf_count=701 22 63 638 103 779 315 345 1759 127 27 178 494 349 39 2339 140 53 231 53 59 1273 1523 49 49 53 24 46 37 1305 730 20 867 306 35 24 164 173 41 136 24 412 435 353 3370 161 39 33 22 1122 21 122 45 271 273 135 146 24 167 64 365 498 33
internal_value=1.37726e-05 0.0424435 -0.0486123 0.0801126 -0.0774668 -0.0107354 0.0596295 -0.0645349 0.0124122 0.136966 0.047044 -0.105989 0.0405623 -0.0813605 -0.0395799 0.0584381 -0.00688364 -0.160979 -0.0875257 -0.0399554 0.0310788 0.0254469 0.000587783 0.159611 0.224247 0.0832725 -0.15373 0.20349 0.110348 -0.0113877 0.0675743 -0.0816644 -0.0502186 0.034486 0.0643859 0.180921 0.0361734 0.0224225 0.00652113 0.0451571 0.0132064 -0.101811 -0.128886 0.0658686 -0.02043 0.0308831 0.0558352 -0.0325792 -0.0493978 -0.0625847 -0.0672932 0.0335292 0.00811137 0.0192106 0.0984064 -0.172924 -0.0269163 -0.0148839 -0.0792471 0.0233806 0.216444 -0.0215053
internal_weight=23804 12712 11092 7441 7531 5271 5471 6522 3561 1970 4860 2427 1897 1602 3374 4067 499 1009 308 4095 2923 2796 320 611 266 77 825 562 1408 793 3568 1035 359 271 236 213 212 1548 1233 572 436 1282 788 3548 2336 447 388 1889 1426 1265 1244 349 304 463 157 168 661 620 231 389 535 306
internal_count=23804 12712 11092 7441 7531 5271 5471 6522 3561 1970 4860 2427 1897 1602 3374 4067 499 1009 308 4095 2923 2796 320 611 266 77 825 562 1408 793 3568 1035 359 271 236 213 212 1548 1233 572 436 1282 788 3548 2336 447 388 1889 1426 1265 1244 349 304 463 157 168 661 620 231 389 535 306
is_linear=0
shrinkage=0.035


Tree=28
num_leaves=63
num_cat=0
split_feature=73 63 61 73 63 73 73 63 73 63 38 81 75 0 15 3 61 25 63 17 3 2 25 51 0 9 27 19 46 25 63 28 21 3 17 37 12 16 15 16 20 12 15 49 7 72 47 19 35 37 14 38 36 9 78 43 23 23 50 19 81 13
split_gain=37429 20430.7 12589.2 9611.1 8380.76 6990.32 4869.8 4086.04 3405.51 2706.16 2652.32 2616.59 2249.77 2012.73 1873.3 1805.68 1771.01 1770.65 1740.95 1695.71 1743.31 1680.07 1642.56 1481.56 1469.85 1409.44 1464.2 1397.15 1341.21 1310.52 1240.02 1414.75 1349.89 1253.32 1323.82 1230.08 1458.83 1405.61 1268.88 1226.18 2154.61 1289.99 1216.42 1396.06 1213.9 1278.43 1236.82 1213.75 1186.69 1178.8 1178.16 1171.76 1164.43 1164.2 1160.75 1160.03 1470.29 1156.88 1338.86 1218.23 1428.41 1151.76
threshold=70.667417585483904 104.66495741128851 0.62233136303106162 79.037447706202784 95.171644975036415 65.636778914609849 76.381036122302419 108.08523080148201 73.598219359073411 95.366958637730121 27.45804195804196 0.83174260869648764 135.46443948796295 2.5000000000000004 11.491379310344831 49.510000000000012 0.39458499996276558 55.408249158249163 110.28179665549051 33.292892156862756 59.641428571428584 28.509259259259263 57.802777777777784 72.69038461538463 26.500000000000004 34.644009216589872 7.507142857142858 5.8360215053763449 0.72111111111111115 57.945906432748544 89.997920404699826 27.297058823529415 10.822478991596642 66.836666666666687 32.05718954248367 10.015151515151517 15.20294117647059 28.018518518518523 8.2240143369175644 26.420203735144316 3.0540935672514622 12.729020979020982 7.6720430107526889 -0.019537843334282944 0.38922649572649576 74.383761726032972 0.5555581418173331 8.1690476190476193 16.890390390390394 5.9039938556067595 0.62423611111111121 25.603571428571431 0.75784523809523818 36.902380952380959 13.821685147854796 14.131884057971016 70.754310344827601 59.085714285714296 68.84076923076924 6.3933982683982693 1.0424538899725233 17.790570175438599
decision_type=2 2 2 2 2 2 2 2 2 2 2 2 2 2 2 2 2 2 2 2 2 2 2 2 2 2 2 2 2 2 2 2 2 2 2 2 2 2 2 2 2 2 2 2 2 2 2 2 2 2 2 2 2 2 2 2 2 2 2 2 2 2
left_child=2 3 5 4 30 19 18 15 22 25 -11 -4 54 -12 21 -7 -10 39 -3 57 53 -14 44 27 -23 26 -5 -9 -27 -24 32 33 -2 34 -32 38 37 -37 -18 41 -41 61 43 -15 45 46 49 -33 -47 -6 -29 -8 -52 -21 -13 56 -51 -1 59 -59 -61 -17
right_child=1 6 11 9 8 7 51 23 16 10 13 12 14 42 -16 17 35 -19 -20 20 -22 24 29 -25 -26 28 -28 50 -30 -31 31 47 -34 -35 -36 36 -38 -39 -40 40 -42 -43 -44 -45 -46 48 -48 -49 -50 55 52 -53 -54 -55 -56 -57 -58 58 -60 60 -62 -63
leaf_value=-0.14090691049325116 -0.20922451140552384 0.066300912124185832 -0.28391674477294671 0.2724919530711043 -0.18818441674162131 0.20985548503734644 0.14474486284185625 0.080368276430588526 0.10263001572563228 0.088462780789662784 -0.045546646603551073 -0.16485377959334169 -0.10454424443032935 0.20859303677549551 -0.18207924496114661 -0.071818718100999421 0.052731930217366621 -0.014717970576645957 0.12920484817081521 -0.12296290376068492 -0.05335495333749056 -0.040968936671142105 0.20698504996005401 0.1301956675539484 0.23855339185680663 0.078348724134409964 0.053078633391590614 0.20726431601164771 -0.025168959584237444 0.0052294285981771002 -0.11337783604023441 -0.0021118216411526512 -0.076187874913016748 -0.21060191872777526 -0.034345509383459413 0.050537421613711227 0.14693166241453864 -0.21005245119670654 -0.0032636330658951601 0.24400240061471026 -0.096865070985090521 -0.13295221269975702 0.2083243931502004 0.57372439074986858 0.095282188509372964 -0.23678975597449714 -0.07236193950644372 0.22116546980539528 -0.076006607660105752 0.18969803338223382 -0.030457544565874992 0.2262132503674158 0.16448884646318579 -0.25262173069644334 -0.33101470948520462 -0.10526782708151922 0.01170198884462703 -0.047518847515481827 -0.013249351853880778 -0.19297740565606072 0.018665067159467277 0.079973484090925043
leaf_weight=212 118 2062 114 54 30 39 590 401 475 901 30 244 1450 25 293 307 759 2824 731 176 187 388 40 222 24 233 119 30 446 1510 316 113 449 60 1452 591 206 26 1427 39 53 376 149 28 70 73 380 40 244 85 512 347 40 167 66 55 170 358 563 190 49 76
leaf_count=212 118 2062 114 54 30 39 590 401 475 901 30 244 1450 25 293 307 759 2824 731 176 187 388 40 222 24 233 119 30 446 1510 316 113 449 60 1452 591 206 26 1427 39 53 376 149 28 70 73 380 40 244 85 512 347 40 167 66 55 170 358 563 190 49 76
internal_value=1.52548e-05 0.0354693 -0.0543111 0.0108262 -0.0050488 -0.0294001 0.105978 -0.00736413 0.0170925 0.0803017 0.115732 -0.120176 -0.112546 0.2212 -0.0998177 -0.0255347 0.0398516 -0.0280619 0.0827859 -0.0863712 -0.139544 -0.0868259 -0.0127511 0.0486249 -0.0244082 0.0331422 0.122174 0.0301426 0.0103797 0.0105034 -0.0584063 -0.0453201 -0.104041 -0.0538799 -0.0485012 0.0299249 0.0663848 0.0393895 0.0161846 -0.0723041 0.0481331 -0.0869293 0.260848 0.405117 -0.0453048 -0.0548395 -0.0290095 0.0567688 -0.113358 0.0194681 -0.00449636 0.175023 -0.0161886 -0.186377 -0.200717 0.0398454 0.0713028 -0.0657847 -0.0519977 -0.0884917 -0.149623 -0.0416239
internal_weight=23804 14404 9400 10674 8689 6821 3730 4919 6141 1985 1133 2579 2465 232 2155 3714 3484 3675 2793 1902 530 1862 2657 1205 412 852 173 983 679 1550 2548 1981 567 1828 1768 3009 823 617 2186 851 92 759 202 53 1107 1037 720 153 317 340 582 937 552 343 310 310 255 1372 1160 597 239 383
internal_count=23804 14404 9400 10674 8689 6821 3730 4919 6141 1985 1133 2579 2465 232 2155 3714 3484 3675 2793 1902 530 1862 2657 1205 412 852 173 983 679 1550 2548 1981 567 1828 1768 3009 823 617 2186 851 92 759 202 53 1107 1037 720 153 317 340 582 937 552 343 310 310 255 1372 1160 597 239 383
is_linear=0
shrinkage=0.035


Tree=29
num_leaves=63
num_cat=0
split_feature=76 71 73 76 63 82 71 71 43 63 24 63 73 44 55 75 73 73 41 19 81 20 75 17 33 27 72 70 0 14 22 52 71 58 47 44 21 51 0 0 73 47 80 34 21 0 21 71 39 81 17 14 2 63 40 41 46 36 10 43 72 13
split_gain=35100.5 18405.9 8915.17 8182.68 5714.78 4039.82 3684.97 3573.43 3003.13 2846.88 2453.74 2326.19 2286.71 2246.31 2060.42 1987.92 1981.85 1913.59 1983.38 1889.26 1853.86 1765.78 1697.3 1723.04 1676.72 1633.32 1590.86 1573.92 1543.17 1521.89 2175.16 1518.74 1510.86 1508.54 1490.37 1464.94 1453.67 1429.47 1569.74 1384.43 1382.73 1357.67 1331.95 1330.92 1447.42 1325.39 1319.35 1643.77 1318.27 1695.7 1308.69 1298.95 1358.43 1348.27 1322.85 1460.67 1327.14 1312.12 1273.9 1273.7 1265.67 1251.17
threshold=0.13033810508504753 69.473985294117668 68.402159598868295 -0.15880577871245297 99.161295951565606 83.500000000000014 73.01101443355121 72.424142857142883 11.780193236714979 95.171644975036415 21.561250000000005 106.02312151632002 71.407834624103387 20.015625000000004 107.74545183918765 127.0286433160464 75.042998432209103 71.036015242190544 5.4309523809523821 5.1801948051948061 0.92417131114902384 3.3015151515151522 160.01413903772684 32.05718954248367 0.53218350168350181 9.7537878787878807 78.206627527748395 -8.2855237781652473 20.500000000000004 0.64814550264550275 14.859605911330052 -9.2555833333333322 71.240119047619075 1.0000000180025095e-35 0.37919212374635169 24.679487179487186 12.957427536231886 72.571596638655464 19.500000000000004 31.500000000000004 62.527514459313281 0.61515034444721961 -0.35087358080600234 12.966091954022991 10.561250000000003 11.500000000000002 9.2094298245614059 67.750296918767518 35.309018567639264 1.0304639583965882 37.508620689655181 0.70952777777777787 21.674242424242429 96.334050173802368 14.072751322751325 5.6267857142857158 0.34891304347826085 0.73051666666666681 0.50801923076923095 14.877500000000003 70.790151527766412 23.604347826086961
decision_type=2 2 2 2 2 2 2 2 2 2 2 2 2 2 2 2 2 2 2 2 2 2 2 2 2 2 2 2 2 2 2 2 2 2 2 2 2 2 2 2 2 2 2 2 2 2 2 2 2 2 2 2 2 2 2 2 2 2 2 2 2 2
left_child=1 5 9 7 17 15 8 14 43 40 -11 29 19 22 25 -1 -6 -4 -19 -13 41 -16 23 61 -18 -3 -14 -22 -8 30 -10 -12 -32 -20 -7 36 37 38 -35 -31 -2 -17 -41 -5 -45 -42 -33 -48 -30 -50 58 59 -53 57 56 -56 -55 -54 -38 -29 -36 -9
right_child=2 3 4 6 16 34 28 13 11 10 31 12 26 -15 21 20 24 18 33 -21 27 -23 -24 -25 -26 -27 -28 51 48 39 32 46 -34 35 60 -37 50 -39 -40 42 45 -43 -44 44 -46 -47 47 -49 49 -51 -52 52 53 54 55 -57 -58 -59 -60 -61 -62 -63
leaf_value=-0.15198626646559851 -0.27214095361137991 0.036944142483265392 -0.10116121145292534 0.02717253784877938 0.0061895810411940286 0.26075683817311901 0.06109418358168113 0.23551238942797798 0.18244837201049885 -0.15756603990640364 -0.26098053417603179 0.12859321494001807 0.10118251665542449 0.047172383125079001 0.15489825787765069 -0.05565641009030136 0.17927094638540195 -0.1097710032925947 0.072271366170293672 -0.0090770449696820649 0.026258245965468986 0.055933498637149977 0.30343572006238834 0.11500242155202778 -0.0089584034888783876 0.23847799091258096 0.37121269447116528 -0.070026206894878457 0.10210969902655977 -0.0054424446444258923 -0.17081594563697308 0.11397171830167677 -0.027331494616901778 -0.15746741508988527 0.010956996745533798 -0.32832315802101691 -0.05496570313625386 -0.013153421794955678 -0.024458300763448081 -0.0041365358061709644 -0.17294544018843744 -0.26528621505786631 0.32697598484500506 0.21895146063919094 0.076672849779769681 -0.061037616886673217 -0.13742515938355471 -0.054267515234345191 0.3292982973930062 -0.013531241579258696 -0.060640190019078978 -0.25332602298663837 -0.11428218846025912 0.11183353248934547 0.17942672308727547 0.019250000788842408 -0.03591196268464103 0.020819755454220865 0.093800404828985537 0.10723359388952118 0.12027292623721947 -0.030915684833601267
leaf_weight=190 119 1151 892 651 1507 33 1554 322 36 473 49 149 298 204 551 80 162 397 182 666 506 370 112 482 90 51 29 1428 317 2360 185 49 175 260 1080 20 96 442 187 29 471 72 30 100 697 180 354 1643 75 23 185 29 263 83 94 267 689 132 262 51 147 23
leaf_count=190 119 1151 892 651 1507 33 1554 322 36 473 49 149 298 204 551 80 162 397 182 666 506 370 112 482 90 51 29 1428 317 2360 185 49 175 260 1080 20 96 442 187 29 471 72 30 100 697 180 354 1643 75 23 185 29 263 83 94 267 689 132 262 51 147 23
internal_value=1.51558e-05 0.0303106 -0.0596065 0.0565894 -0.0284422 -0.0240447 0.0361576 0.102707 0.0212196 -0.103307 -0.0855742 0.00543405 0.0475554 0.152606 0.0758102 -0.0417101 0.021399 -0.0584354 -0.0396485 0.0161512 -0.0360173 0.115196 0.175471 0.157964 0.112148 0.0455936 0.125671 -0.0308667 0.0771456 -0.0116581 -0.0752173 -0.0692848 -0.101211 -0.0225809 0.0304019 -0.0344933 -0.0302739 -0.057823 -0.101921 -0.00123833 -0.162348 -0.155522 0.1655 0.0643382 0.0946551 -0.142079 -0.0646295 -0.069041 0.137097 0.249143 0.0148347 -0.0403915 -0.0180667 -0.013518 0.00589811 0.0611582 -0.0199608 -0.0691561 0.053877 -0.0638773 0.0241 0.217721
internal_weight=23804 15784 8020 10640 4682 5144 7374 3266 5405 3338 2568 3957 1142 1143 2123 3884 1759 2923 2031 815 3694 921 939 827 252 1202 327 3542 1969 2815 396 2095 360 1634 1260 1452 1432 889 447 2419 770 152 59 1448 797 651 2046 1997 415 98 543 3036 1557 1528 1133 361 772 395 358 1479 1227 345
internal_count=23804 15784 8020 10640 4682 5144 7374 3266 5405 3338 2568 3957 1142 1143 2123 3884 1759 2923 2031 815 3694 921 939 827 252 1202 327 3542 1969 2815 396 2095 360 1634 1260 1452 1432 889 447 2419 770 152 59 1448 797 651 2046 1997 415 98 543 3036 1557 1528 1133 361 772 395 358 1479 1227 345
is_linear=0
shrinkage=0.035


Tree=30
num_leaves=63
num_cat=0
split_feature=73 63 63 63 63 73 73 73 73 73 71 30 71 24 63 16 82 32 74 58 69 69 73 34 41 73 39 45 7 32 70 19 0 26 42 51 28 53 32 63 0 28 35 45 75 19 19 19 19 19 18 80 2 31 18 70 22 26 17 44 49 14
split_gain=32753 17264.9 13301 5931.85 5526.31 5282.09 4736.87 4460.39 3878.6 2398.37 2267.96 2034.27 1995.47 1987.75 1816.63 1789.21 2225.82 1542.34 1503.5 1483.04 1595.24 1482.91 1513.25 1480.08 1447.05 1409.04 1394.03 1387.3 1373.19 1407.7 1604.81 1377.89 1342.43 1273.07 1264.6 1232.78 1228 1226.87 1384.2 1485.09 1422.14 1222.88 1221.02 1456.5 1218.66 1738.99 1215.98 1204.22 1195.96 1191.46 1186.85 1398.2 1226.39 1184 1338.37 1167.4 1164.59 1152.2 1106.33 1105.11 1099.99 1099.75
threshold=71.6240106263391 98.215305242375322 105.22573145487551 106.88237410452102 93.132006843738566 77.524355690464134 79.905248614384377 67.148712040558578 64.930255275151325 76.448594888182853 69.065241892610331 15.935416666666669 71.114277504105104 29.671568627450984 92.593984519063909 26.672043010752692 -115.49999999999999 0.51428991596638662 -4.4151568088582556 1.0000000180025095e-35 0.41617708662540315 -20.329376010508902 68.529878023044333 14.319090909090912 8.7171428571428589 75.34875726176476 29.584770114942529 0.12771739130434781 0.2774327485380117 0.46608545454545453 -8.6877007477813049 5.7905701754385976 8.5000000000000018 0.45793095238095244 2.5075757575757582 67.700769230769239 24.729020979020984 95.406761236365853 0.56301612903225828 99.667093037008712 32.500000000000007 23.33908045977012 17.270979020979023 0.50510204081632659 136.12647723855997 6.5917508417508426 11.26293103448276 9.2546296296296315 4.6030303030303044 8.8410526315789486 17.61721611721612 -0.89607030488949835 28.958260869565219 39.40312500000001 9.7029411764705902 -3.4278855319454915 16.94868421052632 0.40827619047619051 33.984848484848492 14.67204301075269 0.38685185185185184 0.79548809523809527
decision_type=2 2 2 2 2 2 2 2 2 2 2 2 2 2 2 2 2 2 2 2 2 2 2 2 2 2 2 2 2 2 2 2 2 2 2 2 2 2 2 2 2 2 2 2 2 2 2 2 2 2 2 2 2 2 2 2 2 2 2 2 2 2
left_child=2 5 4 6 15 14 10 11 -4 27 32 24 53 46 34 -1 -17 36 -8 44 28 -10 48 -18 61 37 -11 -5 49 30 -30 -31 -3 35 59 -27 41 56 40 -40 -39 55 -35 -44 45 -9 -7 -15 58 -21 52 -52 60 54 -13 -14 -12 -22 -23 -2 -16 -6
right_child=1 3 8 9 7 13 18 19 21 26 25 12 17 47 50 16 23 -19 -20 20 57 22 -24 -25 -26 33 -28 -29 29 31 -32 -33 -34 42 -36 -37 -38 38 39 -41 -42 -43 43 -45 -46 -47 -48 -49 -50 -51 51 -53 -54 -55 -56 -57 -58 -59 -60 -61 -62 -63
leaf_value=-0.17740391333900918 0.067094459269444157 0.14259710054310756 -0.066349632145660475 0.22381379355164471 -0.13748868536927847 0.019628537680796535 0.19460223100213866 -0.050413980087867155 0.14561407923914638 -0.058405051667446445 0.20152598147819389 0.12548071596290494 -0.13235828588695467 0.11816895822638249 -0.018323603285938423 -0.12978917546913188 0.19234398244420689 -0.17454196835888758 0.083791067851228765 -0.16377505229722372 0.026209875440484743 0.052173734479401948 0.047074327535037243 -0.13740205473346373 -0.33090686446748757 -0.089909087259679638 0.19829956621696163 0.090467653832520714 0.25208214927938849 0.020239219003504502 0.01577294549812645 -0.052219491136117777 -0.025177247951917343 0.12027028193388767 -0.057865634445171885 0.11861727181936409 -0.15414401038473763 0.012786630852580437 0.37300103591169631 0.077944821844379647 0.27598921076106098 0.30084731548173088 0.084252582686174665 -0.021470046226564902 -0.003142455032398587 0.2840537825464321 -0.21974405576654202 -0.037095485989447251 -0.014759930184776941 0.11162210633754732 -0.17195867497425693 0.034859671746983248 0.059193331416245845 -0.15490416358743311 -0.08256538698458124 0.078502230428658462 0.057908066224451965 -0.085397425356727633 0.33949194484803735 -0.19753146983667855 -0.2269189231362608 0.080972066822698571
leaf_weight=701 22 63 638 103 750 1368 341 32 127 27 93 39 39 432 1866 232 52 49 270 137 125 84 1523 24 46 36 535 1305 38 432 413 1253 730 215 867 770 35 1839 24 146 25 24 280 370 411 46 26 71 1169 22 123 59 260 289 954 173 269 1186 20 146 31 29
leaf_count=701 22 63 638 103 750 1368 341 32 127 27 93 39 39 432 1866 232 52 49 270 137 125 84 1523 24 46 36 535 1305 38 432 413 1253 730 215 867 770 35 1839 24 146 25 24 280 370 411 46 26 71 1169 22 123 59 260 289 954 173 269 1186 20 146 31 29
internal_value=1.55563e-05 0.0383651 -0.0439344 0.0726934 -0.0702882 -0.0100974 0.0539317 -0.058486 0.011801 0.124769 0.0423739 -0.0960811 -0.0730419 0.0366222 -0.0363676 -0.146505 -0.0759944 0.00512887 0.145749 -0.0361945 -0.0439507 0.0288685 0.0235393 0.0879504 -0.140743 0.0529307 0.18592 0.100301 -0.0263444 -0.0189403 0.0359486 -0.03364 -0.0117625 0.0776006 -0.0749659 0.109249 0.03789 0.0357115 0.0251298 0.120592 0.0163917 0.0666501 0.0480606 0.0240964 0.0209804 0.147345 0.0150842 0.0962309 -0.00462228 -0.125417 -0.0192741 -0.104982 -0.0120181 -0.0925512 -0.0743318 0.0394752 0.0950411 -0.0747474 0.108821 -0.162761 -0.0217931 -0.129305
internal_weight=23804 12712 11092 7441 7531 5271 5471 6522 3561 1970 4860 2427 1602 1897 3374 1009 308 320 611 4095 3606 2923 2796 76 825 4067 562 1408 2295 2136 451 1685 793 1671 1035 806 271 2396 2034 170 1864 236 865 650 489 78 1394 503 1273 159 2339 182 2157 1282 993 212 362 1311 104 168 1897 779
internal_count=23804 12712 11092 7441 7531 5271 5471 6522 3561 1970 4860 2427 1602 1897 3374 1009 308 320 611 4095 3606 2923 2796 76 825 4067 562 1408 2295 2136 451 1685 793 1671 1035 806 271 2396 2034 170 1864 236 865 650 489 78 1394 503 1273 159 2339 182 2157 1282 993 212 362 1311 104 168 1897 779
is_linear=0
shrinkage=0.035


Tree=31
num_leaves=63
num_cat=0
split_feature=76 73 63 63 73 73 63 73 51 59 69 50 15 63 28 82 63 29 81 73 16 63 60 27 51 19 30 38 50 73 37 32 41 66 5 50 0 50 5 73 60 65 5 34 46 78 50 63 66 66 7 14 51 6 21 28 13 13 31 41 31 38
split_gain=30780.8 12518.1 8842.63 7972.47 7583.08 4820.85 4704.97 3535.74 3132.64 2526.74 2410.16 2254.65 2384.43 2242.6 2210.07 2019.91 1933.61 1864.26 1786.41 1774.56 1701.4 1629.37 1614.12 1604.08 1598.6 1631.5 1572.1 1537 1517.69 1516.17 1494.87 1475.61 1469.57 1466.43 1445.32 1395.99 1512.89 1366.52 1980.57 1327.56 1242.22 1380.52 1235.9 1230.62 1227.66 1211.36 1468.49 1204.49 1201.25 1198.47 1189.29 1331.19 1188.35 1474.99 1268.8 1182.11 1259.49 1171.66 1160.17 1141.02 1333.5 1142.51
threshold=0.14404274259272654 74.711656639379058 100.24680822585002 105.62210725957601 67.914923740204841 68.58900296566425 95.840034916060816 83.361663812817554 73.170263157894752 1.0000000180025095e-35 17.780838806353156 67.169548872180471 7.3190909090909102 106.88237410452102 17.693979933110374 123.50000000000001 94.458915357764369 0.29365108695652181 0.8198644907104008 75.042998432209103 24.557189542483666 110.10375447122101 122.50000000000001 10.985714285714288 67.469328063241122 5.2540322580645169 18.890873015873019 25.877500000000001 67.337350427350444 58.399018288798395 5.0185185185185199 0.5325092592592594 6.8544973544973553 94.096057695039221 10.467708333333336 67.000740740740753 3.5000000000000004 72.577445652173921 6.4919354838709689 80.08994330730188 36.500000000000007 0.25867453955271608 6.6273148148148158 12.701351351351354 0.71651785714285732 3.1112072788320053 63.677963636363643 91.442999665983407 106.30507781990902 94.825394690323023 0.31478759398496242 0.62423611111111121 65.793030303030307 21.479130434782615 11.651086956521741 20.425824175824179 13.983870967741938 20.754310344827591 32.939338235294123 5.5797962648556885 30.016129032258068 21.224014336917566
decision_type=2 2 2 2 2 2 2 2 2 2 2 2 2 2 2 2 2 2 2 2 2 2 2 2 2 2 2 2 2 2 2 2 2 2 2 2 2 2 2 2 2 2 2 2 2 2 2 2 2 2 2 2 2 2 2 2 2 2 2 2 2 2
left_child=1 3 7 8 9 24 14 16 11 18 13 30 -13 39 -6 23 -3 -15 -2 22 32 55 -8 37 -5 28 52 -19 43 -20 -1 -17 -18 -28 -24 42 -37 40 -39 44 -14 -42 -16 -26 -4 -31 -47 -32 -21 -23 51 -10 -11 -54 -55 56 -7 -43 -9 60 -38 -61
right_child=4 2 10 5 6 21 19 58 50 26 -12 12 15 17 35 31 20 27 29 48 -22 49 34 -25 25 -27 33 -29 -30 45 47 -33 -34 -35 -36 36 59 38 -40 -41 41 57 -44 -45 -46 46 -48 -49 -50 -51 -52 -53 53 54 -56 -57 -58 -59 -60 61 -62 -63
leaf_value=-0.35136069199017117 -0.35195100486141512 -0.01898577724856863 0.094686209165501301 -0.072083563848981791 -0.19072598265528348 0.25354142869787016 -0.04347623593688197 -0.083090083856074554 0.13283116165693942 -0.16679243132105384 0.44345517205517249 0.028696786882481107 -0.1470634318197919 0.45977463039692412 0.038218076607455381 -0.0085483584290502665 -0.044044000247430944 0.11631922820459824 -0.32175281968680763 0.10250266560088912 0.068630957631385964 0.3047468428195339 0.0022565295198650587 0.23304280880385755 0.079980201170928245 -0.012594576152982163 0.16886380442260771 0.21777098683306523 0.13027580906422701 -0.014266205591528783 -0.21488221732864873 0.20555175251797805 0.045940694022010967 -0.052782120675509858 0.13843069928913027 -0.11943508895891229 0.15639345924017281 -0.095223043652987754 0.038177114567819297 0.14964173067907646 -0.1414215060314386 -0.029054404412713317 -0.19455431015420646 -0.22533823164564667 0.029409288149511891 -0.28848939634937992 -0.1198302023181932 -0.063578904551607002 -0.020987766664384344 0.099473774106659529 0.071516216503163463 -0.047947056574701191 -0.10958968435090814 -0.093450537224700148 0.029269243786457934 0.068408465254397227 -0.0090484746798586597 -0.10017665099081845 0.14189490196169177 -0.15911824612016601 -0.12001846578077738 -0.002869067062535233
leaf_weight=24 43 1218 1012 374 180 23 1182 30 61 158 26 871 179 23 34 91 432 693 46 295 1008 36 1107 25 34 852 64 250 212 126 69 69 457 84 104 307 23 193 461 326 188 1553 152 30 543 66 1435 915 143 850 518 264 414 166 271 1154 467 347 376 61 243 846
leaf_count=24 43 1218 1012 374 180 23 1182 30 61 158 26 871 179 23 34 91 432 693 46 295 1008 36 1107 25 34 852 64 250 212 126 69 69 457 84 104 307 23 193 461 326 188 1553 152 30 543 66 1435 915 143 850 518 264 414 166 271 1154 467 347 376 61 243 846
internal_value=1.61126e-05 0.0271416 0.0652821 0.00240589 -0.0583784 0.0402412 -0.0308801 0.0280945 -0.0237704 -0.103129 0.110843 -0.0343231 -0.0224659 0.107727 -0.0743447 -0.0368166 0.0154214 0.151092 -0.130085 -0.00252896 0.0375142 0.0697247 -0.0143884 -0.0433988 -0.00942566 0.0113688 -0.063107 0.14332 0.0852445 -0.124277 -0.0810671 0.0841132 0.00220949 0.043287 0.0140063 -0.061715 -0.0503188 -0.0458055 -0.00122753 0.0854205 -0.058661 -0.0510473 -0.151997 -0.0637209 0.0719108 -0.118594 -0.127342 -0.0742959 0.0621991 0.107986 0.0386109 -0.0138537 -0.07873 -0.0622875 -0.0173929 0.0490761 0.00351593 -0.0420684 0.12518 -0.0321834 -0.0958565 -0.0134633
internal_weight=23804 16254 6394 9860 7550 4032 4677 3521 5828 2873 2873 4985 3977 2847 1846 3106 3115 966 1716 2831 1897 2530 2393 2946 1502 1128 1157 943 276 1673 1008 160 889 148 1211 1666 1480 2921 654 1881 2267 2088 186 64 1555 1627 1501 984 438 886 843 325 1009 851 437 1644 490 1900 406 1173 266 907
internal_count=23804 16254 6394 9860 7550 4032 4677 3521 5828 2873 2873 4985 3977 2847 1846 3106 3115 966 1716 2831 1897 2530 2393 2946 1502 1128 1157 943 276 1673 1008 160 889 148 1211 1666 1480 2921 654 1881 2267 2088 186 64 1555 1627 1501 984 438 886 843 325 1009 851 437 1644 490 1900 406 1173 266 907
is_linear=0
shrinkage=0.035


Tree=32
num_leaves=63
num_cat=0
split_feature=73 63 82 73 63 63 73 63 25 23 63 38 71 27 23 0 73 53 71 73 45 3 34 73 71 38 20 73 2 9 27 46 5 15 69 15 73 45 32 0 50 50 70 52 64 59 70 27 18 34 55 69 14 17 0 80 41 68 52 26 70 19
split_gain=28761.5 15939.3 9953.55 7518.11 6577.3 4149.19 3860.67 3065.36 2691.3 2498.12 2161.89 2379.94 1988.04 2010.61 1907.96 1858.65 1835.98 1661.71 1504.07 1492.41 1473.86 1431.68 1423.07 1389.29 1815.32 1638.45 1340.81 1340.35 1301.06 1292.74 1367.66 1297.94 1288.19 1236.36 1226.62 1560.45 1421.72 1240.73 1678.48 1198.76 1196.52 1190.29 1524.17 1192.79 1539.45 1185.6 1184.66 1174.73 1139.91 1141.15 1714.39 1128.1 1120.24 1552.03 1308.6 1099.45 1516.35 1539.12 1337.31 1250.39 1152.5 1141.7
threshold=70.667417585483904 104.66495741128851 -102.49999999999999 79.037447706202784 95.171644975036415 106.82866919378351 76.381036122302419 92.884889787728767 57.802777777777784 68.430952380952405 95.366958637730121 27.45804195804196 67.20558087027915 9.1017241379310363 60.638181818181828 2.5000000000000004 62.527514459313281 110.5380169329829 69.853816666666674 70.940534749919252 0.10172413793103446 64.203448275862087 11.072751322751325 74.409773648566031 68.540072463768141 22.467708333333338 2.1889880952380958 73.71287528227019 26.338541666666668 34.644009216589872 7.507142857142858 0.72111111111111115 6.2952069716775609 7.5612500000000002 -3.672210843459744 9.7801932367149789 73.055104615788579 0.44222222222222224 0.54468627450980411 31.500000000000004 64.638095238095261 67.728545454545483 4.1046724482711392 3.9681904761904723 291.50000000000006 1.0000000180025095e-35 10.746101029611356 6.6035714285714286 16.672619047619051 11.890873015873018 101.86793846142301 -8.8789943595038476 0.77440833333333348 30.446360153256709 22.500000000000004 -7.8717232530914947 5.6609195402298864 14.372538537417805 -10.205576923076917 0.3987616632860041 -0.62550889667075171 9.9833333333333361
decision_type=2 2 2 2 2 2 2 2 2 2 2 2 2 2 2 2 2 2 2 2 2 2 2 2 2 2 2 2 2 2 2 2 2 2 2 2 2 2 2 2 2 2 2 2 2 2 2 2 2 2 2 2 2 2 2 2 2 2 2 2 2 2
left_child=2 3 7 4 55 12 20 40 27 21 29 -12 13 -4 28 -13 -14 23 52 -19 -3 22 -7 24 -10 -25 -21 -6 -9 30 -5 -31 -15 -18 39 36 -36 38 -38 -22 -1 42 -11 -43 -45 -20 -23 -35 49 -47 -51 -8 53 -16 -54 56 60 61 -57 -60 -2 -58
right_child=1 6 5 10 8 9 51 14 17 41 11 15 16 32 18 -17 33 19 45 26 34 46 -24 25 -26 -27 -28 -29 -30 31 -32 -33 -34 47 35 -37 37 -39 -40 -41 -42 43 -44 44 -46 48 -48 -49 -50 50 -52 -53 54 -55 -56 58 57 -59 59 -61 -62 -63
leaf_value=-0.3179944028714124 -0.19342071768516983 0.18858623499415883 -0.11526593175509553 0.2591571328115026 -0.042531266830000497 -0.075303341354990061 0.32173927346217007 -0.21519258757752552 -0.098594698668737935 0.063284075987604924 0.076617785743895883 -0.053855151549225953 -0.15779510625241827 -0.10803692801769187 -0.21028196707042929 0.24044326245555267 0.0086849590952885972 0.27592089955835813 -0.06693104147799861 0.10720740653452634 0.079772301900821796 -0.048461383883546039 0.0062593771216828721 0.16860355486832893 0.031316182052893403 0.053532735573395107 -0.046292707996020407 0.011898273915802967 -0.085359479704723781 0.073692857273449486 0.047131425848815245 -0.028141187852112969 0.24686056766876813 -0.06893990663500664 -0.016086680447536653 -0.06544491387561148 -0.026693890567012692 0.14965412873080322 0.1711957461374258 0.3050375679569729 -0.15194540511748642 0.096056017692775109 -0.12374226795642053 -0.17722023520590025 0.16258964659887204 0.064993880877135007 0.29269931398034099 -0.018969084455401249 0.19251929331152409 -0.090617635619668804 0.24486106563341331 0.14585632719709354 -0.073953122565901377 -0.090830432549998924 0.21295018898604212 -0.27817648519765248 -0.019905627595262668 -0.24471145633446803 0.16514488158036364 -0.036642158899889442 0.029528616408136355 -0.17265714723176331
leaf_weight=59 197 128 615 54 1133 423 47 199 144 134 901 30 135 20 164 202 898 20 834 79 1779 20 687 169 1495 1451 566 1084 182 233 119 446 32 978 229 161 167 224 76 29 552 662 88 45 25 143 32 1404 36 209 20 890 61 715 28 27 482 48 38 1655 33 68
leaf_count=59 197 128 615 54 1133 423 47 199 144 134 901 30 135 20 164 202 898 20 834 79 1779 20 687 169 1495 1451 566 1084 182 233 119 446 32 978 229 161 167 224 76 29 552 662 88 45 25 143 32 1404 36 209 20 890 61 715 28 27 482 48 38 1655 33 68
internal_value=1.5529e-05 0.0310946 -0.0476069 0.00932806 -0.00471232 -0.0217161 0.0933725 -0.0977106 0.0149025 0.0180542 0.0707749 0.102442 -0.0423325 -0.097585 -0.0810499 0.202338 -0.0315272 0.0323172 -0.0685477 -0.0180893 0.072723 -0.0163999 -0.0248394 0.042605 0.0198737 0.0655875 -0.027418 -0.0159197 -0.153375 0.0286241 0.113889 0.0068267 0.110566 -0.0263059 0.0671224 0.0325998 0.0553154 0.0903157 0.0354076 0.0834708 -0.168232 0.0600106 -0.0109482 0.0815285 -0.0555175 -0.0430246 0.162205 -0.0394977 0.00585639 -0.0124325 -0.0608333 0.154849 -0.101253 -0.113228 0.0169549 -0.0519815 -0.0851157 -0.0556508 -0.0360086 -0.0320635 -0.161422 -0.0389373
internal_weight=23804 14404 9400 10674 8689 6198 3730 3202 6141 2116 1985 1133 4082 667 2591 232 3415 3924 2210 665 2793 1162 1110 3259 1639 1620 645 2217 381 852 173 679 52 3280 2665 857 696 467 243 1808 611 954 222 732 70 1242 52 2382 408 372 229 937 968 879 89 2548 828 598 1720 1693 230 550
internal_count=23804 14404 9400 10674 8689 6198 3730 3202 6141 2116 1985 1133 4082 667 2591 232 3415 3924 2210 665 2793 1162 1110 3259 1639 1620 645 2217 381 852 173 679 52 3280 2665 857 696 467 243 1808 611 954 222 732 70 1242 52 2382 408 372 229 937 968 879 89 2548 828 598 1720 1693 230 550
is_linear=0
shrinkage=0.035


Tree=33
num_leaves=63
num_cat=0
split_feature=76 71 71 76 71 76 73 76 63 59 75 63 75 19 25 5 5 15 50 71 0 46 25 67 77 63 28 0 2 24 46 34 71 54 28 66 36 79 35 51 44 11 45 3 71 36 15 43 48 28 19 25 22 47 2 35 51 42 54 19 66 32
split_gain=27028.7 10994.9 10405.7 8167.69 4447.69 3455.49 3411.61 2778.48 2749.21 2705.46 2537.67 2264.56 1993.6 2074.26 1960.09 1905.17 1926.71 1843.67 2361.21 1797.22 1872.61 1765.55 1739.01 1719.22 1716.93 1661.93 1674.58 1637.31 1614.73 1587.92 1794.62 1557.09 1544.16 1451 1419.27 1555.81 1393.17 1368.82 1332.49 1313.86 1468.39 1297.87 1285.43 1275.62 1275.42 1259.42 1253.33 1295.58 1244.22 1241.55 1230.59 1224.51 1223.43 1751 1395.16 1679.21 1450.52 1403.47 1313.91 1290.66 1205.66 1201.26
threshold=0.0044730995961310147 70.999900000000011 68.509182480188485 0.32424367648032004 73.258406432748558 -0.29332732991428589 72.842005185576554 0.51355564585184255 100.76248832474703 1.0000000180025095e-35 131.4901836589782 105.22573145487551 160.01413903772684 6.9555335968379453 57.672619047619058 8.7537878787878807 9.4361413043478279 9.0151515151515174 72.618857142857152 70.874058823529424 2.5000000000000004 0.57359307359307377 55.145502645502653 88.880383672277318 0.79317074747124361 112.11071382758502 21.717142857142861 9.5000000000000018 26.327956989247316 24.964901477832516 0.49509803921568629 14.288018433179726 75.264500000000012 126.39091019516444 23.984848484848488 94.825394690323023 0.68168990384615402 0.82612546678756094 23.897368421052636 66.376992481203033 19.803846153846155 0.54050925925925941 0.12771739130434781 60.984375000000007 75.264500000000012 0.65286250000000012 12.421215880893302 14.169047619047619 0.54419339282570045 19.983870967741939 8.7171428571428589 58.377155172413801 18.402702702702708 0.41114967101463934 23.353889943074005 23.145502645502649 73.369444444444454 2.9245014245014249 112.63105288750852 9.1695402298850599 90.895531231276962 0.53582575757575768
decision_type=2 2 2 2 2 2 2 2 2 2 2 2 2 2 2 2 2 2 2 2 2 2 2 2 2 2 2 2 2 2 2 2 2 2 2 2 2 2 2 2 2 2 2 2 2 2 2 2 2 2 2 2 2 2 2 2 2 2 2 2 2 2
left_child=1 6 7 4 10 37 11 43 14 19 60 -1 13 25 61 27 -17 49 22 -5 -21 45 -19 -15 38 26 -7 -6 -20 34 41 -28 46 42 -11 -36 -24 -3 -14 -13 48 -31 -10 -2 -27 -18 47 -22 -41 -12 -16 -29 53 -25 -55 56 57 59 -58 -56 -4 -8
right_child=2 5 3 9 15 12 8 -9 33 29 17 39 24 23 50 16 21 18 28 20 32 -23 36 52 -26 44 31 51 -30 30 -32 -33 -34 -35 35 -37 -38 -39 -40 40 -42 -43 -44 -45 -46 -47 -48 -49 -50 -51 -52 -53 -54 54 55 -57 58 -59 -60 -61 -62 -63
leaf_value=-0.042684340137100332 -0.098042009921045573 0.35837279945871109 -0.1566628539174322 -0.1399539867844134 -0.020963200775377954 0.024102349983348002 0.0011333985814720776 -0.248622784152326 0.25165143074725682 -0.090802841660020284 -0.029309760061506134 -0.051217123836379774 0.3645124204071557 -0.18048668447168251 0.048440084851656191 0.20529625535226786 0.14471492168423045 -0.14658795520634538 -0.073511076237104692 -0.14857217372772116 -0.015218686740072195 0.1527897108258241 -0.082490990852214521 -0.094010739487698003 0.10072914939632477 0.14493231281004848 0.06328410474159557 -0.024846995350012658 0.044634450691435991 0.011947981533767443 -0.12738094076799311 0.15445760016125371 0.046948088403011977 0.33539078264756533 0.28852102415453307 -0.045168654249264646 -0.017637117720105205 0.13298451619855151 0.075001001035257919 0.01430195530208226 -0.076395010075959446 0.17373796478338699 0.062230332160487976 0.027500558174112771 0.43064133045008018 -0.054508601236735899 -0.21074196849665502 -0.10161009109480112 0.088377847559009098 0.021719595018447568 -0.11878740653875082 0.093282518163781136 0.00016676928904763171 -0.077905394394283872 0.19909649712749075 -0.06193099644954863 0.28067820337601906 0.023267792148878332 0.087398169739554263 -0.093869835842487426 -0.011997887257753947 -0.096324772807744402
leaf_weight=1687 2025 34 220 654 522 604 349 148 45 314 780 295 61 47 866 162 51 207 180 290 462 146 613 77 349 192 599 142 659 126 57 373 174 25 27 45 1200 898 29 708 140 117 1303 104 21 158 68 394 457 2320 57 439 707 61 135 72 103 228 75 21 104 278
leaf_count=1687 2025 34 220 654 522 604 349 148 45 314 780 295 61 47 866 162 51 207 180 290 462 146 613 77 349 192 599 142 659 126 57 373 174 25 27 45 1200 898 29 708 140 117 1303 104 21 158 68 394 457 2320 57 439 707 61 135 72 103 228 75 21 104 278
internal_value=1.56911e-05 0.0406079 -0.0342493 -0.019703 -0.00167699 0.0810789 0.0100642 -0.102143 0.0375713 -0.0719131 -0.0150106 -0.0143976 0.0660857 0.0567859 0.00561705 0.0500224 0.105432 -0.00981859 -0.0300884 -0.0921115 -0.0695243 0.0596256 -0.0505843 0.0267928 0.136159 0.0823531 0.0699052 0.0240115 0.0192545 -0.0117605 0.0485898 0.0983365 -0.0485851 0.0736271 -0.0586762 0.0810435 -0.0395837 0.141398 0.272194 0.015429 0.0305111 0.090058 0.0686473 -0.0919027 0.17406 -0.00564819 -0.0665945 -0.0550231 0.0433885 0.00887617 0.0380504 0.0644084 0.0334409 0.0638891 0.081443 0.0968295 0.117212 0.0787414 0.199733 0.159462 -0.110328 -0.0421145
internal_weight=23804 10896 12908 10631 7903 4686 6210 2277 2923 2728 6283 3287 3754 3315 1550 1620 517 5959 2859 2042 1388 355 2020 1526 439 1789 1576 1103 839 686 300 972 1098 1373 386 72 1813 932 90 1600 1305 243 1348 2129 213 209 924 856 1165 3100 923 581 1479 772 695 634 562 384 178 156 324 627
internal_count=23804 10896 12908 10631 7903 4686 6210 2277 2923 2728 6283 3287 3754 3315 1550 1620 517 5959 2859 2042 1388 355 2020 1526 439 1789 1576 1103 839 686 300 972 1098 1373 386 72 1813 932 90 1600 1305 243 1348 2129 213 209 924 856 1165 3100 923 581 1479 772 695 634 562 384 178 156 324 627
is_linear=0
shrinkage=0.035


Tree=34
num_leaves=63
num_cat=0
split_feature=76 71 76 73 63 82 71 71 23 69 44 28 0 20 17 29 71 0 81 63 66 73 19 6 30 81 73 75 17 82 8 0 5 47 69 63 59 3 31 39 44 51 15 58 25 39 49 71 76 61 19 28 53 30 14 16 15 49 55 13 35 52
split_gain=25289.8 14159.8 6223.05 6217.75 3945.36 3275.92 3247.13 2833.56 2251 2489.74 2043.11 2020.16 1730.38 1642.21 2096.3 2388.51 1621.63 1648.29 1614.24 1585.85 2118.45 1637.73 1607.67 1554.38 1519.38 1491.27 1424.18 1387.22 1533.11 1381.59 1342.92 1341.73 1400.62 1331.68 1321.28 1319.37 1331.31 1313.7 1304.98 1810.29 1464.21 1297.2 1280.76 1278.36 1275.71 1264.54 1263.96 1259.17 1258.81 1253.68 1240.2 1230.83 1262.69 1215.13 1367.13 1325.44 1200.98 1194.44 1165.17 1163.17 1150.19 1389.68
threshold=0.14404274259272654 69.473985294117668 -0.15880577871245297 67.914923740204841 95.840034916060816 91.500000000000014 73.01101443355121 72.424142857142883 59.677083333333336 -3.1589270947005441 20.015625000000004 17.693979933110374 31.500000000000004 2.8908730158730163 34.113247863247871 0.38161250000000008 70.378214285714293 27.500000000000004 0.92034544428186404 106.02312151632002 104.62557917410852 71.407834624103387 5.1801948051948061 22.013513513513519 24.021739130434785 0.8198644907104008 68.045628773510288 160.01413903772684 32.05718954248367 204.50000000000003 13.031250000000002 15.500000000000002 5.5931712962962967 0.61515034444721961 -10.188215558037447 100.76248832474703 1.0000000180025095e-35 60.820855614973269 36.339080459770123 33.753787878787882 19.096006144393247 72.440689655172434 5.717142857142858 1.0000000180025095e-35 61.672043010752695 36.784161490683239 0.51590909090909098 66.625166666666686 -0.044840925176342493 0.912846300888558 11.816666666666668 24.477225672877847 99.789053866718817 16.638181818181824 0.66953939393939399 22.406828703703706 7.6035714285714286 -0.14062313638206492 96.677287144989108 23.604347826086961 21.741338112305858 -3.0291193675889327
decision_type=2 2 2 2 2 2 2 2 2 2 2 2 2 2 2 2 2 2 2 2 2 2 2 2 2 2 2 2 2 2 2 2 2 2 2 2 2 2 2 2 2 2 2 2 2 2 2 2 2 2 2 2 2 2 2 2 2 2 2 2 2 2
left_child=1 5 7 8 11 18 12 13 -2 23 27 -5 19 14 38 -16 41 49 33 20 -4 22 -21 -10 29 -11 37 28 59 -15 -7 32 45 -1 -28 -22 -37 -20 39 43 -40 -6 -36 -3 -33 -8 51 -13 -14 -18 -49 -34 58 -38 -55 -56 -46 -30 -53 -9 61 -19
right_child=3 2 6 4 16 30 31 10 9 25 -12 47 48 24 15 -17 17 60 26 21 35 -23 -24 -25 -26 -27 34 -29 57 -31 -32 44 46 -35 42 36 53 -39 40 -41 -42 -43 -44 -45 56 -47 -48 50 -50 -51 -52 52 -54 54 55 -57 -58 -59 -60 -61 -62 -63
leaf_value=-0.049603599169903256 -0.16609399849517709 0.28900754775648768 -0.022597496232606529 -0.17907969634363899 -0.05505097222381692 0.23398898066072302 -0.11125083471608885 0.21170236076433646 -0.088511386292826566 -0.344373197773993 0.031703770771549795 -0.26826894003775581 0.29434270955913372 0.016510850504291089 -0.10817358069742125 0.27581057603018627 0.0090056427666759722 -0.13403125898615789 -0.073820132068268499 0.11192473188360479 0.01551218308682431 0.097798717713623848 -0.004385780430573776 -0.018869623323601793 0.2603612692264814 -0.11812894496553973 0.14424592440734238 0.26968249470406108 0.21997458441875464 0.16631245692741653 0.023576799292767167 0.06683339097617054 0.037737381040336346 -0.25259012546878779 0.089671644340062737 -0.02483912009175061 0.35583513615266849 0.08876962787386522 0.10517568832869185 0.24940945791028332 -0.0559870358652979 0.10167969766351666 -0.027448015427285196 0.070653723153656992 -0.00053532537378762912 0.11022550564593284 -0.18904959769334115 -0.045625503671010696 0.066796024421027292 -0.26625833015689043 -0.21405193676712278 0.030951510672844375 0.075823024237146597 -0.1387661603859493 -0.12582442200474625 0.17385070831846228 0.19219360469134447 0.072739835644853118 0.27999647611914996 -0.044914773551073484 0.32061672854019424 0.13877697033163433
leaf_weight=84 442 38 2080 180 788 38 115 322 791 37 204 33 43 1015 104 24 1793 29 1103 180 1672 478 752 780 35 823 59 112 81 81 1078 420 746 75 119 85 27 64 344 167 86 70 2672 229 47 43 24 1578 96 20 55 32 319 24 20 160 250 401 83 23 29 102
leaf_count=84 442 38 2080 180 788 38 115 322 791 37 204 33 43 1015 104 24 1793 29 1103 180 1672 478 752 780 35 823 59 112 81 81 1078 420 746 75 119 85 27 64 344 167 86 70 2672 229 47 43 24 1578 96 20 55 32 319 24 20 160 250 401 83 23 29 102
internal_value=1.64122e-05 0.0246037 0.0473007 -0.0529139 -0.0280138 -0.022411 0.0301176 0.0877793 -0.093436 -0.0801925 0.132212 -0.0678154 0.0162826 0.0638299 0.0966935 -0.0353563 -0.00205193 0.0154154 -0.0366463 0.0131808 0.00209134 0.0451604 0.0181218 -0.0539535 0.0349722 -0.128061 -0.0323047 0.154016 0.138193 0.0276559 0.0308461 0.0674819 0.0470478 -0.145866 -0.0189614 0.0279237 0.0934553 -0.0648663 0.11627 0.159091 0.0729074 -0.0422082 -0.022438 0.102225 0.106233 -0.050796 0.0599065 -0.0557418 0.138016 0.00589458 -0.0513641 0.0650509 0.111894 0.136958 0.107173 0.140278 0.161733 0.0976922 0.211161 0.194544 0.122922 0.0780777
internal_weight=23804 16254 10962 7550 4677 5292 7696 3266 2873 2431 1143 1846 5617 2123 992 128 2831 1973 4176 5478 4068 1410 932 1571 1131 860 4017 939 827 1096 1116 2079 1362 159 2850 1988 316 1167 864 434 430 858 2791 267 717 158 1204 1666 139 1813 1633 1180 434 231 204 180 297 482 115 345 160 131
internal_count=23804 16254 10962 7550 4677 5292 7696 3266 2873 2431 1143 1846 5617 2123 992 128 2831 1973 4176 5478 4068 1410 932 1571 1131 860 4017 939 827 1096 1116 2079 1362 159 2850 1988 316 1167 864 434 430 858 2791 267 717 158 1204 1666 139 1813 1633 1180 434 231 204 180 297 482 115 345 160 131
is_linear=0
shrinkage=0.035


Tree=35
num_leaves=63
num_cat=0
split_feature=73 63 63 73 63 73 45 73 73 63 63 38 7 25 63 80 16 82 73 30 13 32 55 7 31 15 12 34 71 78 69 38 43 81 24 10 37 15 71 0 37 4 52 71 52 82 52 39 15 47 73 81 73 6 16 38 52 16 8 35 19 41
split_gain=23758.7 12775.2 9791.44 5626.44 4162.46 3269.26 3154.15 3327.01 2898.28 2831.95 2268.45 2480.08 1961.03 1953.98 1675.2 1655.43 1634.22 1912.28 1529.06 1527.75 1521.88 1421.22 1546.29 1576.72 1534.98 1472.06 1354.06 1350.16 1279.07 1261.63 1250.63 1246 1212.79 1349.66 1192.87 1400.25 1181.89 1178.96 1279.89 1159.43 1128.64 1111.4 1558.61 1111.21 1102.52 1102.24 1092.2 1248.78 1091.72 1173.75 1469.47 1071.85 1062.78 1096.26 1075.54 1059.11 1044.73 1035.12 1031.36 1029.32 1014.73 1010.07
threshold=71.6240106263391 102.28714488112401 105.22573145487551 77.924468535162944 93.132006843738566 68.107114501943343 0.12771739130434781 78.787137354394829 64.930255275151325 95.171644975036415 95.366958637730121 27.45804195804196 0.29302272727272732 52.781929347826093 108.31151501729452 -1.3539628583549967 26.672043010752692 -115.49999999999999 72.989655576043774 17.802777777777781 23.014705882352946 0.46675595238095241 90.702523505327278 0.30901666666666677 27.785440613026825 10.229020979020982 17.603030303030305 14.319090909090912 70.186435294117658 -19.599210110270395 -20.329376010508902 25.385856079404469 12.224014336917564 0.93053339093869736 29.671568627450984 0.51645307917888583 10.67204301075269 9.1132478632478655 70.626694677871157 31.500000000000004 12.017241379310347 0.44376696832579193 -5.5667692307692453 69.717097744360913 0.51873891625616164 -183.49999999999997 -0.37405882352941677 29.847319347319353 6.338541666666667 0.52974415661581442 70.82689923486744 0.97543889330684663 68.529878023044333 28.83666666666667 26.604347826086961 20.016666666666669 0.083064552406668213 27.754310344827591 18.752777777777784 18.911067193675894 8.9591666666666701 6.246212121212122
decision_type=2 2 2 2 2 2 2 2 2 2 2 2 2 2 2 2 2 2 2 2 2 2 2 2 2 2 2 2 2 2 2 2 2 2 2 2 2 2 2 2 2 2 2 2 2 2 2 2 2 2 2 2 2 2 2 2 2 2 2 2 2 2
left_child=2 3 4 9 16 13 12 14 -4 20 34 61 31 -6 18 -16 -1 -18 57 -11 28 22 23 -7 -23 -25 -13 -19 32 -9 -10 -3 -2 -34 41 60 46 55 -39 43 -17 42 -5 -21 -44 -45 -30 -48 -24 50 -50 -43 53 54 -32 -26 -49 -8 -14 -38 -36 -12
right_child=1 6 8 10 5 21 7 29 30 19 11 26 58 -15 15 40 17 27 -20 39 -22 24 48 25 37 -27 -28 -29 36 -31 52 -33 33 -35 35 -37 59 38 -40 -41 -42 51 44 45 -46 -47 47 56 49 -51 -52 -53 -54 -55 -56 -57 -58 -59 -60 -61 -62 -63
leaf_value=-0.15569573381073451 -0.028029265105102192 0.16022929386280535 -0.057150530418055269 0.30210130828506548 -0.14485994567052107 -0.26136613117858587 -0.0043611499849642984 0.41715971726040513 0.13237137807800489 -0.026789685399192544 0.0080295849573293627 0.21742213335671165 0.23321782483125708 -0.064321101781984524 -0.030190484378592616 0.10274617198798015 -0.10869775313850373 0.19276484369834263 0.062208226696269506 -0.020202063670477746 -0.11517877838421542 0.18328797413002362 0.23434083668033284 0.10056426239013673 -0.20934878639604007 -0.20181760257381506 -0.0049198443216306202 -0.12224406614048143 -0.024171193775867014 0.14241184689392128 -0.015634976657757243 -0.11145678014833421 -0.22559858544272279 -0.071126807740680725 0.024835406915279874 0.12973531248515305 -0.19180785751545432 -0.10282318170111419 -0.026643152888083114 0.17832884646912592 0.29172403260366414 0.0049750990394095435 -0.059660772487665076 -0.10760339877157268 0.085730775245850377 0.038896161217436304 -0.10424860047691324 0.33644433872074619 0.058531163611411224 -0.0087163323804990631 0.32126876592911208 -0.096366242933390703 0.03998882662096985 0.15024228023443748 0.18844420083944616 -0.016009459923365239 0.076109214238881479 0.20369752822156814 0.47309381687424401 -0.025701074651461476 -0.24106620401559878 0.080830700065097336
leaf_weight=701 492 64 638 26 426 41 739 21 127 1196 338 206 128 2766 114 988 232 52 1939 670 328 38 37 59 35 29 40 24 315 518 1187 30 95 256 96 192 62 582 505 56 40 290 116 65 141 1602 44 20 134 263 32 228 1523 54 32 1575 252 30 27 171 21 756
leaf_count=701 492 64 638 26 426 41 739 21 127 1196 338 206 128 2766 114 988 232 52 1939 670 328 38 37 59 35 29 40 24 315 518 1187 30 95 256 96 192 62 582 505 56 40 290 116 65 141 1602 44 20 134 263 32 228 1523 54 32 1575 252 30 27 171 21 756
internal_value=1.7475e-05 0.0326798 -0.0374147 0.0060851 -0.0600259 -0.0497831 0.0789704 0.0720773 0.0104055 -0.0131989 0.0503468 0.0809909 0.20007 -0.0750918 0.0606588 0.0962123 -0.126172 -0.0588235 0.0456491 0.0055028 -0.0461768 -0.0255146 0.0234894 -0.083527 -0.0361791 0.000298919 0.181318 0.0930938 -0.0328862 0.153499 0.0251594 0.073353 -0.0635449 -0.113207 0.01333 0.071689 -0.00294924 -0.039306 -0.0674631 0.021646 0.110241 -0.00920937 0.0465118 0.0178527 0.0201046 0.0331512 0.0219258 0.0678535 0.0531794 0.037292 0.110013 -0.0396739 0.0202655 -0.00333482 -0.0101998 -0.0202784 0.0958466 0.00387811 0.276412 -0.0702322 -0.0236835 0.0583554
internal_weight=23804 12712 11092 8074 7531 6522 4638 4389 3561 5624 2450 1340 249 3192 3850 1142 1009 308 2708 3589 2035 3330 595 129 2735 88 246 76 1707 539 2923 94 843 351 1110 309 864 2697 1087 2393 1028 801 283 2337 257 1667 631 316 466 429 166 518 2796 1273 1219 1610 272 769 155 233 117 1094
internal_count=23804 12712 11092 8074 7531 6522 4638 4389 3561 5624 2450 1340 249 3192 3850 1142 1009 308 2708 3589 2035 3330 595 129 2735 88 246 76 1707 539 2923 94 843 351 1110 309 864 2697 1087 2393 1028 801 283 2337 257 1667 631 316 466 429 166 518 2796 1273 1219 1610 272 769 155 233 117 1094
is_linear=0
shrinkage=0.035


Tree=36
num_leaves=63
num_cat=0
split_feature=76 71 73 76 63 71 82 43 47 37 28 6 1 15 63 73 73 28 66 73 21 45 71 63 72 28 23 66 82 45 3 22 75 10 30 63 34 73 8 19 0 76 45 17 5 50 0 71 7 43 43 20 43 51 22 39 12 8 19 60 35 63
split_gain=22195.1 12447.1 5475.78 5429.95 3489.27 3400.73 2901.48 2295.27 2168.86 1860.25 1830.88 1805.49 1805.32 1760.77 1744.63 1816.58 1694.47 1603.33 1600.97 1593.27 1544.33 1763.08 1656.95 1470.25 1683.14 1414.73 1413.12 1395.97 1387.65 1347.94 1431.56 1346.33 1429.42 1569.14 1253.53 1248.73 1280.23 1458.07 1379.66 1244.28 1235.58 1412.86 1577.62 1368.19 1369.37 1223.11 1338.86 1648.07 1218.47 1204.64 1202.91 1170.42 1168.6 1147.18 2147.97 1113.74 1139.83 1309.3 1112.14 1076.79 1732.84 1075.88
threshold=0.14404274259272654 69.473985294117668 67.434091003674567 -0.19902068284617244 95.840034916060816 73.01101443355121 76.500000000000014 11.780193236714979 0.37919212374635169 6.1863425925925934 17.693979933110374 30.446360153256709 66.848076923076931 9.5735930735930754 93.013365075570917 58.399018288798395 86.195729493524524 25.780193236714982 91.13804876201722 75.042998432209103 14.106203007518799 0.41277890466531442 71.328681481481496 105.93529411727202 77.188757900204124 21.186342592592599 69.43167701863355 115.08685982967252 204.50000000000003 0.54226190476190483 52.339080459770123 15.835585585585589 138.03991624428349 0.58351806451612909 18.054093567251467 94.156704388102767 10.33854166666667 76.725202195677099 15.723180076628353 10.233031674208146 9.5000000000000018 -0.089470693496996975 0.20344827586206898 31.337121212121215 7.9868421052631584 65.182777777777787 3.5000000000000004 74.348166666666671 0.2950208333333334 12.188344594594597 10.754310344827589 2.0727513227513232 13.188988095238097 74.044352941176484 17.607919254658388 32.319090909090917 15.16954022988506 17.967204301075274 6.8360215053763449 122.50000000000001 21.603030303030309 108.436040938277
decision_type=2 2 2 2 2 2 2 2 2 2 2 2 2 2 2 2 2 2 2 2 2 2 2 2 2 2 2 2 2 2 2 2 2 2 2 2 2 2 2 2 2 2 2 2 2 2 2 2 2 2 2 2 2 2 2 2 2 2 2 2 2 2
left_child=1 6 14 16 10 7 12 -5 -8 51 -4 19 -1 18 -2 -16 17 28 -9 50 21 25 -23 -20 55 -15 -10 48 34 30 -14 35 -33 -34 -3 -31 -37 38 -38 -21 43 42 -42 44 -7 -12 -47 -48 -24 -18 -11 -6 -45 54 58 56 -25 -58 -43 -52 -61 -19
right_child=2 3 4 5 9 40 8 13 26 11 45 -13 29 20 15 -17 49 61 23 39 -22 22 27 24 -26 -27 -28 -29 -30 31 -32 32 33 -35 -36 36 37 -39 -40 -41 41 53 -44 52 -46 46 47 -49 -50 -51 59 -53 -54 -55 -56 -57 57 -59 -60 60 -62 -63
leaf_value=-0.080012563201892373 -0.16221161544835777 0.0040544466892700514 -0.16703723681592975 0.052773834736979539 0.12129230315344676 0.042266507177368594 0.28490367525657018 -0.098630613883216367 -0.042907021758566741 -0.11075181550442968 -0.18592403964780591 0.16708624031290459 0.25324609350007882 -0.014472022051465583 -0.24931296554157797 -0.073357254917301606 0.39387069237073263 0.10178177964222819 0.0071557576228300388 0.046895820654994952 -0.08808206967955115 -0.068145029833245663 -0.16656182100264466 0.10173454674952222 0.26781216104844441 0.17916233086927635 0.037060930680837392 0.26823716458190572 0.15292571012990916 -0.080990947024892193 0.0017361655379629526 -0.15863693192588096 -0.055813683543093101 0.22794488510063718 0.075075158568245703 0.15701552980750927 0.24848590948796551 0.13102357290744782 -0.038846368091905767 0.32053975583231731 0.37833315240991289 0.3389247292627891 0.12692268884277882 0.06603875506604634 0.22306513270390574 -0.11001711294834425 -0.044914367178016293 0.079913527240048576 0.032844111327744563 0.055718856098448365 -0.032341346657321815 -0.13686996228749718 -0.018785008150586535 0.10539828869128917 -0.017143824613200971 0.0060318724174792029 -0.23851340615532618 0.087509852783893491 0.089532979278206443 0.00017372713695819445 0.12909107692848651 0.20471040136363153
leaf_weight=899 362 393 193 1624 24 123 37 134 373 145 81 79 28 84 74 2141 37 370 1927 393 379 506 42 466 45 102 983 27 217 204 1018 170 948 24 1353 72 21 87 428 21 34 31 285 351 88 330 1184 145 321 20 1054 181 458 490 327 405 27 33 74 997 146 189
leaf_count=899 362 393 193 1624 24 123 37 134 373 145 81 79 28 84 74 2141 37 370 1927 393 379 506 42 466 45 102 983 27 217 204 1018 170 948 24 1353 72 21 87 428 21 34 31 285 351 88 330 1184 145 321 20 1054 181 458 490 327 405 27 33 74 997 146 189
internal_value=1.84617e-05 0.0230523 -0.0495677 0.0443325 -0.028105 0.0306655 -0.0210274 0.0171145 0.0223233 -0.00472323 -0.0648647 0.00264583 -0.0365171 0.00423454 -0.0909707 -0.0792922 0.0887409 0.0844352 0.0194229 -0.00209599 -0.027331 -0.00601725 -0.0263859 0.0248894 0.0598771 0.0918914 0.0150536 0.0278029 0.0695075 -0.0234706 0.00858987 -0.0406326 -0.0651223 -0.0486901 0.0590971 -0.00616699 0.0189786 0.000300729 -0.0251384 0.0611547 0.0673433 0.0908007 0.15428 0.0387696 0.118036 -0.053485 -0.0469625 -0.0312675 0.00956535 0.276798 -0.0132891 -0.106407 0.0180311 0.0687622 0.0271254 0.0496844 0.083251 -0.0599015 0.164453 -0.00683131 0.0166932 0.13674
internal_weight=23804 16254 7550 10962 4973 8383 5292 6122 1393 3040 1933 2835 3899 4498 2577 2215 2579 2522 3037 2756 1461 1082 896 2903 976 186 1356 390 1963 3000 1046 1954 1142 972 1746 812 608 536 449 414 2261 1241 319 1020 211 1740 1659 1329 363 57 2342 205 809 922 432 931 526 60 105 2197 1143 559
internal_count=23804 16254 7550 10962 4973 8383 5292 6122 1393 3040 1933 2835 3899 4498 2577 2215 2579 2522 3037 2756 1461 1082 896 2903 976 186 1356 390 1963 3000 1046 1954 1142 972 1746 812 608 536 449 414 2261 1241 319 1020 211 1740 1659 1329 363 57 2342 205 809 922 432 931 526 60 105 2197 1143 559
is_linear=0
shrinkage=0.035


Tree=37
num_leaves=63
num_cat=0
split_feature=73 63 63 73 73 63 73 63 73 45 48 71 58 15 39 38 80 16 82 63 24 36 38 30 26 34 4 2 47 48 14 13 46 14 50 34 69 23 29 10 22 15 30 6 42 10 39 56 44 33 63 44 47 66 43 67 37 14 24 63 27 67
split_gain=20863.5 11275.6 8631.91 3958.37 3734.21 3613.49 3613.07 2989.56 2527 2514.17 1922.11 1884.36 1874.92 1834.97 1661.39 1512.54 1441.76 1402.59 1421.47 1375.49 1366.5 1315.24 1426.45 1254.95 1222.94 1213.69 1206.22 1719.74 1192.3 1191.89 1281.32 1436.81 1204.89 1516.62 1441.3 1416.4 1203.75 1191.8 1372.89 1229.98 1185.79 1181.17 1158.08 1144.11 1132.94 1111.28 1236.09 1321.29 1102.05 1130.15 1619.23 1387.28 1099.26 1097.14 1085.96 1416.68 1201.48 1213.37 1080.9 1128.2 1393.15 1279.46
threshold=71.6240106263391 98.59087160213501 105.22573145487551 78.787137354394829 63.739804895247545 104.59041716194751 77.524355690464134 93.132006843738566 64.930255275151325 0.12771739130434781 0.44469205037386861 68.473877576671711 1.0000000180025095e-35 10.50757575757576 36.508064516129039 25.25403225806452 13.117933173367556 26.672043010752692 -115.49999999999999 92.593984519063909 23.267948717948723 0.61764583333333345 26.716517857142861 22.314144736842106 0.4302554347826088 14.319090909090912 0.42348809523809533 23.106203007518801 0.61387819952735134 0.52078486106095923 0.66517156862745108 24.255434782608699 0.22401433691756273 0.72181812169312176 69.066881720430118 12.508064516129034 -22.683076018738799 81.506756756756772 0.38500000000000001 0.56821538461538468 20.016666666666669 4.5669642857142865 20.721111111111114 30.677083333333339 2.5075757575757582 0.60454166666666687 27.672619047619051 120.25073478759431 18.430952380952387 0.50244722222222238 112.11071382758502 16.754310344827591 0.41114967101463934 106.46707360445002 13.339080459770118 103.62267031562551 5.5092592592592604 0.7886491228070176 25.754310344827591 105.62210725957601 8.013513513513514 102.01956098845552
decision_type=2 2 2 2 2 2 2 2 2 2 2 2 2 2 2 2 2 2 2 2 2 2 2 2 2 2 2 2 2 2 2 2 2 2 2 2 2 2 2 2 2 2 2 2 2 2 2 2 2 2 2 2 2 2 2 2 2 2 2 2 2 2
left_child=2 6 4 5 -1 26 19 17 -4 10 -7 41 -8 23 -11 24 21 -6 -19 44 -15 -5 28 54 -16 -20 -3 -28 -23 36 -31 32 33 -32 48 42 -10 38 39 -14 43 -9 -36 58 -2 46 -29 -48 49 -34 51 -51 -37 -41 -13 56 -56 -58 59 -38 61 -61
right_child=1 3 8 16 7 9 12 11 29 14 -12 13 37 20 15 -17 -18 18 25 -21 -22 22 -24 -25 -26 -27 27 45 -30 30 31 -33 34 -35 35 52 40 -39 -40 53 -42 -43 -44 -45 -46 -47 47 -49 -50 50 -52 -53 -54 -55 55 -57 57 -59 -60 60 -62 -63
leaf_value=-0.12597349910405092 -0.14514481794459949 0.065973868985013839 -0.053238303611106069 -0.13239284617495989 -0.1364975211937712 -0.027943282911742945 0.096541341227937741 0.1854219127713248 0.18029431935642545 0.059254853880828628 0.26526844905236141 0.0080373580267391158 0.01939128610117552 -0.1544825792194201 0.12928208014178785 0.11115982341777843 0.28125261244678312 -0.090036871947115862 0.18421461631726582 -0.014101879803300767 -0.048135265464644375 0.12348190483948142 0.18379248043582916 -0.13144966194929028 0.47918355708555743 -0.11536748763918879 -0.17778493960768776 0.21563320812653705 0.026053869228802096 0.11137321013736293 -0.18156485616256085 0.26665939706792963 -0.068881367958443518 0.064907400266329462 0.035495158288627864 -0.12013481531448145 0.13336110960343564 0.059740651746149419 -0.12087908573042264 -0.32079273321273483 -0.096752459699416274 -0.076081644914411384 -0.22363387999004791 0.26593710571963619 -0.045882191485761316 -0.11580065779957997 0.024521966344261951 -0.086374812212789351 -0.13890430994107833 -0.056102932399612365 0.34082886426753189 0.17838477111364667 0.14011075751765642 -0.044396214250918047 -0.25115945481989121 -0.061906169435464453 -0.0010801153323368583 0.20534627624407209 0.049205254743900265 -0.10999822518438351 -0.12250209455648295 0.017614856002848553
leaf_weight=837 168 665 638 26 617 34 419 21 44 2333 138 1672 891 198 23 259 65 200 51 2507 586 455 285 111 27 24 56 39 233 292 73 30 122 52 346 21 54 472 115 23 152 1468 22 20 867 74 2328 139 76 88 23 47 282 71 22 902 786 36 404 119 162 494
leaf_count=837 168 665 638 26 617 34 419 21 44 2333 138 1672 891 198 23 259 65 200 51 2507 586 455 285 111 27 24 56 39 233 292 73 30 122 52 346 21 54 472 115 23 152 1468 22 20 867 74 2328 139 76 88 23 47 282 71 22 902 786 36 404 119 162 494
internal_value=2.0187e-05 0.0306278 -0.0350571 0.059565 -0.0562874 0.0487156 -0.00691927 -0.0475647 0.00984231 0.0778536 0.207375 -0.0383862 0.0307988 -0.0266597 0.0693825 0.145618 0.121863 -0.107207 -0.0413497 -0.0281234 -0.0750792 0.111353 0.117935 -0.0158927 0.321172 0.0881728 0.0238673 0.0132329 0.0905346 0.0236188 0.0457725 0.0295234 0.0232319 -0.0791544 0.0357296 0.0659154 0.00107239 0.0132485 -0.00671573 0.006664 -0.0045999 -0.0723302 0.0197118 0.00661036 -0.0620601 0.0174141 0.0213715 0.018256 -0.0211683 0.0109668 0.0726665 0.0258647 0.121894 -0.113402 -0.0121203 -0.0314224 0.00116938 0.00807554 0.00229499 -0.0205776 -0.0313873 -0.00722207
internal_weight=23804 12712 11092 7179 7531 6115 5533 6694 3561 2814 172 5802 1991 4313 2642 309 1064 892 275 3542 784 999 973 3529 50 75 3301 2636 688 2923 1474 1182 1152 125 1027 671 1449 1572 1100 985 1405 1489 368 1253 1035 2580 2506 2467 356 280 158 135 303 94 3418 1746 844 822 1233 829 775 613
internal_count=23804 12712 11092 7179 7531 6115 5533 6694 3561 2814 172 5802 1991 4313 2642 309 1064 892 275 3542 784 999 973 3529 50 75 3301 2636 688 2923 1474 1182 1152 125 1027 671 1449 1572 1100 985 1405 1489 368 1253 1035 2580 2506 2467 356 280 158 135 303 94 3418 1746 844 822 1233 829 775 613
is_linear=0
shrinkage=0.035


Tree=38
num_leaves=63
num_cat=0
split_feature=76 71 71 76 71 23 76 76 59 75 5 5 75 67 29 15 46 22 15 73 35 5 15 50 2 49 36 3 45 77 0 75 22 26 28 73 60 75 82 24 46 48 28 66 48 14 0 23 67 51 70 46 28 12 14 38 22 48 30 0 42 7
split_gain=19510 8175.13 8063 6037.18 3411.73 2676.29 2632.33 2329.85 2302.88 2119.21 1673.55 1781.01 1649.81 1768.11 2001.8 1638.88 1613.84 1577.22 1574.86 1946.16 1880.85 1581.54 1513.13 2018.55 1709.68 1662.73 1776.74 1429.45 1422.95 1417.97 1396.31 1392.26 1659.99 1384.07 1652.8 1795.21 1364.38 1362.3 1352.48 1352.43 1662.38 1302.18 1293.25 1490.8 1293.02 1278.1 1275.41 1328.71 1261.34 1246.83 1280.01 1244.16 1227.13 1211.99 1210.01 1580.82 1209.85 1264.64 1288.97 1204.32 1221.03 1199.16
threshold=0.0044730995961310147 70.999900000000011 68.509182480188485 0.32424367648032004 73.258406432748558 73.531372549019622 -0.29332732991428589 0.51355564585184255 1.0000000180025095e-35 125.42294135211496 8.7537878787878807 9.4361413043478279 160.01413903772684 91.043915438817166 0.38161250000000008 9.1455026455026474 0.57359307359307377 18.25403225806452 12.33854166666667 72.267592759980772 20.33908045977012 8.6614583333333339 9.0635080645161299 72.618857142857152 26.338541666666668 -0.055597641581842695 0.68168990384615402 62.412778904665323 0.24568965517241384 0.79317074747124361 13.500000000000002 143.36027402701518 20.33908045977012 0.46150757575757578 25.129733520336611 75.173927684801825 120.50000000000001 144.42478316178702 195.50000000000003 24.964901477832516 0.49509803921568629 0.41906952300453731 23.984848484848488 94.825394690323023 0.40816245555732883 0.74842206477732798 1.5000000000000002 66.927248677248699 97.943770521784117 73.916400000000024 -4.6014314556820954 0.8729838709677421 19.672619047619051 13.480740740740741 0.71001785714285737 23.288018433179726 15.113247863247866 0.63671476595667342 20.83666666666667 28.500000000000004 3.2768199233716477 0.30384307692307699
decision_type=2 2 2 2 2 2 2 2 2 2 2 2 2 2 2 2 2 2 2 2 2 2 2 2 2 2 2 2 2 2 2 2 2 2 2 2 2 2 2 2 2 2 2 2 2 2 2 2 2 2 2 2 2 2 2 2 2 2 2 2 2 2
left_child=1 5 7 4 9 38 -3 -2 18 -4 30 -12 13 14 -8 -7 45 41 19 27 -20 -21 31 25 -25 -24 -27 28 -5 51 -6 32 36 34 49 -36 48 -33 46 42 -41 52 -10 -44 -39 -13 -1 -48 -11 50 -19 -14 53 -15 55 -17 -28 58 -58 60 -43 -46
right_child=2 6 3 8 10 15 12 -9 39 22 11 16 29 17 -16 54 -18 33 20 21 -22 -23 23 24 -26 26 56 -29 -30 -31 -32 37 -34 -35 35 -37 -38 44 -40 40 -42 59 43 -45 61 -47 47 -49 -50 -51 -52 -53 -54 -55 -56 -57 57 -59 -60 -61 -62 -63
leaf_value=0.19008045678922578 -0.079480076318963172 0.12205148376433414 -0.24057836648671313 -0.3802316089312236 -0.010294381798962193 0.053863662211576915 -0.1097911613830027 -0.22298067343867189 -0.079655961411802104 0.0070594733745643979 0.19243015490276597 0.036685627048497024 0.34208682107173877 0.013760050956614136 0.25990991930845309 0.085852036397342818 0.14146423889976315 -0.097436367500817245 -0.23286322353749911 0.047828134354941737 -0.01716942090022153 -0.10218539480588182 -0.10317005749331462 -0.072456706598237913 0.043118818688763202 -0.081340162118967899 0.10844948353389668 -0.011589135970920327 -0.09868071131075247 0.087870971228922054 0.071071680402250009 0.12535100593857987 -0.13404269539697605 -0.024395224112135797 0.040541148300358348 0.22432207638969637 0.0043080415876916309 -0.14102822330085299 0.10709107651835562 0.089917590453367863 -0.1193628775259723 0.11646510605199813 0.28744983770955695 -0.039226623677290406 0.18674881059495366 -0.1697020413470896 -0.060032563702477948 -0.0065271116551152177 -0.19757249600980098 0.08839110246263987 0.02554140729768023 0.071021170327467714 0.037457732805505746 -0.36870643395912356 0.052540399792999307 -0.061782416098028196 -0.015252236798038405 -0.11348408659783615 0.12283184776206812 0.21263435099434458 0.04975522588060189 0.017945371297013381
leaf_weight=36 2129 932 49 22 691 1789 144 148 314 66 162 162 57 20 20 109 146 137 159 269 72 126 504 205 661 537 107 248 1146 349 412 158 137 439 141 121 1335 60 113 243 57 625 27 45 53 47 722 2670 83 257 421 33 150 20 300 471 669 137 94 90 730 1428
leaf_count=36 2129 932 49 22 691 1789 144 148 314 66 162 162 57 20 20 109 146 137 159 269 72 126 504 205 661 537 107 248 1146 349 412 158 137 439 141 121 1335 60 113 243 57 625 27 45 53 47 722 2670 83 257 421 33 150 20 300 471 669 137 94 90 730 1428
internal_value=2.01409e-05 0.0345074 -0.0290914 -0.0162869 -0.000789197 0.00817002 0.069405 -0.0888557 -0.0611741 -0.0124672 0.0444906 0.0964222 0.056319 0.0478598 -0.0640314 0.0346324 0.0523912 0.0536938 -0.079809 -0.0687918 -0.165831 -8.4122e-05 -0.0106545 -0.0290579 0.0157297 -0.0479974 -0.0299578 -0.0879489 -0.104147 0.120062 0.0201133 0.00549921 -0.0177008 0.0279607 0.0493064 0.125696 -0.00691644 0.0276349 -0.0117769 -0.00568124 0.0500102 0.0775359 -0.0489825 0.0843663 0.0175763 -0.0100045 -0.0157113 -0.0179242 -0.107186 0.0246829 -0.00470599 0.243676 -0.00856699 -0.179578 -0.00446817 -0.0339812 -0.00252705 -0.0157777 0.00182415 0.0888589 0.0805597 0.0240496
internal_weight=23804 10896 12908 10631 7903 6210 4686 2277 2728 6283 1620 517 3754 3315 164 2669 355 3151 2042 1811 231 395 6234 2914 866 2048 1544 1416 1168 439 1103 3320 1621 1516 1077 262 1484 1699 3541 686 300 1635 386 72 1541 209 3428 3392 149 815 558 90 190 40 880 580 1007 900 763 1445 1355 1481
internal_count=23804 10896 12908 10631 7903 6210 4686 2277 2728 6283 1620 517 3754 3315 164 2669 355 3151 2042 1811 231 395 6234 2914 866 2048 1544 1416 1168 439 1103 3320 1621 1516 1077 262 1484 1699 3541 686 300 1635 386 72 1541 209 3428 3392 149 815 558 90 190 40 880 580 1007 900 763 1445 1355 1481
is_linear=0
shrinkage=0.035


Tree=39
num_leaves=63
num_cat=0
split_feature=76 71 73 76 71 43 63 82 32 32 28 15 37 63 28 6 55 23 69 81 63 45 5 71 51 19 21 75 63 73 25 18 19 22 47 80 37 12 2 71 16 11 35 35 8 49 18 20 36 25 23 77 49 50 19 22 66 21 6 36 76 53
split_gain=18283.7 10436.2 4537.46 3699.57 3591.29 3320.59 2965.36 2490.72 1987.8 1874.84 1732.84 1712.73 1694.06 1685.46 1684.07 1640.84 1614.78 1593.96 2216.39 1551.23 1546.62 1504.31 1425.21 1420.67 1405.85 1473.62 1402.73 1339.55 1311.95 1599.53 1290.58 1483.73 1289.91 1263.67 1260.64 1243.83 1222.44 1199.84 1188.99 1174.1 1170.61 1448.53 1163.94 1366.18 1206.51 1159.22 1144.71 1583.47 1223.63 1138.24 1137.22 1132.09 1102.61 1098.19 1178.66 1087.91 1471.55 1295.86 1483.82 1227.13 1076.43 1073.72
threshold=0.14404274259272654 71.114277504105104 67.434091003674567 -0.16943365902500598 68.473877576671711 12.014285714285716 95.840034916060816 34.500000000000007 0.51467543859649134 0.4064666666666667 28.673333333333336 8.2034482758620708 6.1863425925925934 110.10375447122101 17.693979933110374 30.446360153256709 105.13789636730087 59.677083333333336 -3.1589270947005441 0.92034544428186404 103.47157824220801 0.14550264550264549 6.3858560794044674 73.2125657894737 71.660909090909101 10.828431372549023 13.085144927536234 160.01413903772684 110.8082518897025 67.846418559467011 53.986486486486491 15.63818181818182 4.6030303030303044 15.859126984126986 0.63221363806157105 9.5118002539348954 8.1318840579710159 13.603030303030303 27.059714795008919 76.352500000000006 25.015625000000004 0.50311437908496748 13.541958041958042 15.957427536231886 19.057189542483666 0.083033429073401763 13.96362433862434 3.4463601532567054 0.77443650793650809 51.763333333333343 65.01666666666668 3.406089950877762 -0.053325607533685794 65.182777777777787 11.816666666666668 19.067816091954025 113.37671889959101 14.288690476190478 24.557777777777783 0.74714835164835181 -0.57705324567001337 112.9186231190493
decision_type=2 2 2 2 2 2 2 2 2 2 2 2 2 2 2 2 2 2 2 2 2 2 2 2 2 2 2 2 2 2 2 2 2 2 2 2 2 2 2 2 2 2 2 2 2 2 2 2 2 2 2 2 2 2 2 2 2 2 2 2 2 2
left_child=1 4 17 8 19 11 14 26 10 -5 20 35 50 23 -4 24 40 -2 22 34 -3 -9 -19 55 25 -14 46 -10 30 -30 31 -21 -28 52 -1 37 51 42 -29 -15 -13 -42 -6 44 45 -44 47 -7 -48 -23 -8 -26 -18 -16 -55 -11 57 58 59 -57 -32 -35
right_child=2 3 6 9 5 7 12 21 27 13 -12 16 15 39 53 -17 33 18 -20 28 -22 49 -24 -25 36 -27 32 38 29 -31 60 -33 -34 61 -36 -37 -38 -39 -40 -41 41 -43 43 -45 -46 -47 48 -49 -50 -51 -52 -53 -54 54 -56 56 -58 -59 -60 -61 -62 -63
leaf_value=-0.068865243091200401 -0.14401663243302462 -0.045137695122283598 -0.15732305568373867 -0.13884247229551447 0.24578441182024982 0.050524793368222388 0.096871278117914683 0.15001418781846898 0.10987604731294442 0.030221956970928963 0.2604854516621386 0.0027517598192624421 -0.031900202999888744 0.091256573731695143 -0.17391230409880357 0.15990209991283388 -0.012072174653631669 -0.11009742283776483 -0.12117748937469223 -0.1033948715143803 0.070153666909938128 -0.21135041831345916 -0.026652120922513518 0.058840596764214298 0.089932222354271465 0.24772656981361676 0.098019872778157408 0.11819026037508251 -0.033526116333263266 0.15390186198797168 0.22817184839016055 0.11030194194700528 -0.081598797402437986 0.033204706818601888 -0.31264353161384079 0.18878871610376141 0.0024060566119171356 0.0069987129690470525 0.33283472587874063 0.36259476040630806 -0.25922754747410298 -0.034283706257690741 0.10087231189969754 0.10441070843196576 -0.20924969577147412 -0.19595544034097254 -0.059669157414697929 -0.046045727739471014 0.20356589583290949 0.020236252051103125 -0.13503714362194397 -0.14691599714924705 0.15275845092147899 -0.036639776404142711 -0.19798690020934398 0.020424547643209424 0.20706598189977501 -0.095961668710368625 -0.10954285617329972 0.23704850831270219 -0.026661465734112971 -0.11124159028788988
leaf_weight=68 432 205 193 72 54 539 30 110 1073 2019 44 329 1320 455 81 79 67 323 704 477 465 26 1118 1676 377 23 52 62 122 102 20 43 743 791 42 108 1010 310 66 20 54 99 75 461 32 20 569 338 22 1373 175 26 191 1602 57 221 32 248 95 37 2159 68
leaf_count=68 432 205 193 72 54 539 30 110 1073 2019 44 329 1320 455 81 79 67 323 704 477 465 26 1118 1676 377 23 52 62 122 102 20 43 743 791 42 108 1010 310 66 20 54 99 75 461 32 20 569 338 22 1373 175 26 191 1602 57 221 32 248 95 37 2159 68
internal_value=1.96572e-05 0.0209256 -0.0449856 0.0540341 -0.00282947 0.0119767 -0.0254481 -0.00913853 0.095252 0.037834 0.0489466 0.0419276 -0.00389308 0.0404974 -0.0593358 0.00313896 0.0190437 -0.0826747 -0.0702883 -0.0342215 0.0348654 0.0256842 -0.0453905 0.0336194 -0.00138153 -0.0270183 -0.0323609 0.122746 -0.0293482 0.0519576 -0.0361057 -0.0856281 -0.0697915 0.0421444 -0.162969 0.0764193 0.0229837 0.0635754 0.229758 0.103058 -0.0344713 -0.114284 0.0908622 0.0764319 -0.0251125 0.0376468 -0.012071 0.013297 -0.0497005 0.0158558 -0.100929 0.0744799 0.11 -0.0484231 -0.0422434 0.0176708 -0.0223486 -0.0347314 0.00835082 0.0519027 -0.0242691 0.0217079
internal_weight=23804 16254 7550 6790 9464 6431 4973 3772 1915 4875 714 2659 3040 4803 1933 2835 1599 2577 2145 3033 670 1509 1441 4328 2756 1343 2263 1201 2923 224 2699 520 795 1117 110 1060 1413 952 128 475 482 153 642 588 127 95 1468 877 591 1399 205 403 258 1740 1659 2652 633 601 353 258 2179 859
internal_count=23804 16254 7550 6790 9464 6431 4973 3772 1915 4875 714 2659 3040 4803 1933 2835 1599 2577 2145 3033 670 1509 1441 4328 2756 1343 2263 1201 2923 224 2699 520 795 1117 110 1060 1413 952 128 475 482 153 642 588 127 95 1468 877 591 1399 205 403 258 1740 1659 2652 633 601 353 258 2179 859
is_linear=0
shrinkage=0.035


Tree=40
num_leaves=63
num_cat=0
split_feature=73 63 63 73 73 45 73 61 63 73 63 38 7 2 0 80 38 25 80 47 66 73 32 36 25 53 6 24 7 69 70 15 18 61 13 71 43 80 5 22 9 37 81 35 42 46 28 14 52 78 32 69 21 21 56 19 37 31 7 22 7 0
split_gain=17171.9 10421.8 6572.09 4584.95 3039.72 2483.72 2591.88 2317.42 2025.28 1943 1854.11 2160.79 1536.22 1467.75 1728.45 1461.52 1419.43 1410.2 1370.97 1975.84 1290.34 1283.09 1333.31 1248.74 1245.49 1605.26 1293.08 1274.48 1240.19 1239.06 1230.47 1207.89 1266.5 1210.75 1201.36 1401.88 1460.74 1366.31 1307.62 1340.65 1202.46 1288.94 1293.58 1306.43 1201.01 1179.86 1156.87 1156.22 1135.8 1135.27 1133.36 1301.27 1255.26 1545.2 1110.61 1406.72 1370.05 1479.61 1346.77 1224.8 1101.95 1073.75
threshold=71.232359438980396 102.28714488112401 105.22573145487551 77.924468535162944 62.800173437231223 0.12771739130434781 78.787137354394829 0.62233136303106162 95.077159844200153 64.930255275151325 95.366958637730121 27.45804195804196 0.29302272727272732 28.509259259259263 13.500000000000002 -15.923304466802994 25.385856079404469 61.402702702702705 -0.48751723921589724 0.53634873124418014 103.716743134314 68.159335262901351 0.46608545454545453 0.70371714285714304 57.753787878787882 110.5380169329829 18.735087719298253 24.070197044334979 0.27919090909090916 -20.329376010508902 5.2768765077350048 11.491379310344831 16.38675213675214 0.84500833674644216 23.014705882352946 70.186435294117658 12.224014336917564 -12.823257541948498 5.2546296296296306 17.593171296296301 41.014285714285727 10.365151515151517 0.88294412205061668 21.83666666666667 2.7165178571428577 0.88117647058823534 20.215838509316772 0.75324404761904773 -4.9932549019607881 -19.599210110270395 0.56301612903225828 3.0679667076919945 11.088932806324113 10.951190476190478 101.34577841237716 5.6720430107526889 9.118823529411765 35.734313725490203 0.36910314685314688 18.402702702702708 0.33294281045751639 2.5000000000000004
decision_type=2 2 2 2 2 2 2 2 2 2 2 2 2 2 2 2 2 2 2 2 2 2 2 2 2 2 2 2 2 2 2 2 2 2 2 2 2 2 2 2 2 2 2 2 2 2 2 2 2 2 2 2 2 2 2 2 2 2 2 2 2 2
left_child=2 3 4 8 60 12 17 21 34 -4 -5 -12 16 15 31 -9 -3 23 19 -19 -13 -6 28 -7 26 -26 27 -10 -23 -11 -14 32 -15 -34 35 36 -2 -38 39 -37 41 42 -40 -44 -36 -25 -16 -39 -20 -8 52 -52 53 -28 -27 -56 58 -58 -57 -59 -1 -24
right_child=1 5 9 10 7 6 49 13 24 29 11 20 30 14 46 -17 -18 18 48 -21 -22 22 61 45 25 54 50 -29 -30 -31 -32 -33 33 -35 44 38 37 47 40 -41 -42 -43 43 -45 -46 -47 -48 -49 -50 -51 51 -53 -54 -55 55 56 57 59 -60 -61 -62 -63
leaf_value=-0.07970698108522789 -0.022799522557420893 0.1519473690775624 -0.048459099061918413 0.009509731922123392 -0.048146988189402655 0.011723191127211676 0.38286455949794418 -0.1916977783585978 0.068555188579992835 0.12677199164484126 0.04955355457926678 -0.089671185944477733 0.18703060236997374 -0.10329404602874409 -0.047479551922281586 -0.07685673170079696 -0.12903734571933748 0.11305479363330206 0.049444450812427196 -0.047209321048612023 0.18942612213045695 -0.123321433141289 0.11400730698343613 0.053331018257524947 0.030309973331700706 0.14169435475111011 0.012029670207707352 -0.15812820618581852 0.081212619532937694 0.014176692896301909 0.4265765367230373 -0.14900154831086895 0.11397376281888255 -0.057896986476798119 -0.22126402164892583 -0.012059917016232269 -0.39247988097260644 -0.076031318373347395 -0.067241761082036486 0.35961536347014572 -0.097940264032455926 -0.059999498755384691 0.11118317562781102 -0.037218458271798149 -0.06510593799018248 0.25180359182198842 0.15925798633744045 -0.28453903812904879 0.14680666596914255 0.12240632240410776 0.28443783962928648 0.027490813291870531 -0.043365870166822841 0.27770402240422043 -0.18707279679344008 -0.048200442049814315 -0.25292712421308866 0.016994383989799362 0.15764075358942251 -0.22752989341153043 -0.17580668450092551 -0.027803131332509261
leaf_weight=287 506 68 638 1110 1957 1216 21 146 38 125 1094 22 133 137 52 1911 32 187 216 189 224 41 68 1821 1967 37 181 146 292 2614 33 124 108 93 79 23 20 314 103 24 153 219 278 98 254 37 90 36 463 518 29 134 876 31 82 80 49 123 75 31 301 1450
leaf_count=287 506 68 638 1110 1957 1216 21 146 38 125 1094 22 133 137 52 1911 32 187 216 189 224 41 68 1821 1967 37 181 146 292 2614 33 124 108 93 79 23 20 314 103 24 153 219 278 98 254 37 90 36 463 518 29 134 876 31 82 80 49 123 75 31 301 1450
internal_value=1.96478e-05 0.0262804 -0.0336299 0.00264688 -0.0528443 0.0666832 0.0607407 -0.0459108 -0.0138604 0.00652368 0.0429745 0.0706788 0.170646 -0.07097 -0.022968 -0.0850541 0.0618028 0.0513044 0.0862195 0.0325315 0.164321 -0.0283917 -0.00749586 0.0393083 0.00114403 0.0163407 -0.0247322 -0.111235 0.0558721 0.0193387 0.23581 -0.0557932 -0.0214185 0.0344878 -0.0414789 -0.0300084 -0.0614967 -0.114306 0.000721672 0.179446 -0.00924456 0.0102485 0.0424024 0.0724967 -0.102439 0.0573519 0.0836258 -0.0978631 0.115899 0.132906 -0.011967 0.0739568 -0.024871 0.0514568 -0.0412283 -0.0567617 -0.0266849 -0.0864289 0.0515643 -0.0327824 -0.129014 -0.0214129
internal_weight=23804 13370 10434 8436 7057 4934 4668 6469 5986 3377 2450 1340 266 2661 604 2057 100 4129 1055 376 246 3808 1851 3074 3879 2444 1435 184 333 2739 166 462 338 201 2107 1774 876 370 898 47 851 698 479 376 333 1858 142 350 679 539 1251 163 1088 212 477 440 358 203 155 154 588 1518
internal_count=23804 13370 10434 8436 7057 4934 4668 6469 5986 3377 2450 1340 266 2661 604 2057 100 4129 1055 376 246 3808 1851 3074 3879 2444 1435 184 333 2739 166 462 338 201 2107 1774 876 370 898 47 851 698 479 376 333 1858 142 350 679 539 1251 163 1088 212 477 440 358 203 155 154 588 1518
is_linear=0
shrinkage=0.035


Tree=41
num_leaves=63
num_cat=0
split_feature=73 60 61 73 73 73 45 69 81 28 81 48 0 32 71 5 43 75 37 15 3 6 64 69 18 75 36 29 15 75 60 18 7 3 14 14 43 30 71 60 48 41 11 19 37 27 34 15 5 60 30 50 80 36 44 51 45 10 17 34 31 38
split_gain=16032.1 7289.63 7124.19 4219.26 3659.01 2392.95 2711.5 2187.07 2072.05 2019.35 1873.95 1720.01 1576.47 1561.44 1519.38 1643.2 1513.29 1473.86 1423.09 1411.01 1382.43 1306.6 1280.59 1551.18 1243.53 1331.51 1310.13 1302.61 1323.74 1227.64 1468.16 1312.63 1214 1201.74 1340.38 1434.07 1194.26 1266.6 1197.69 1192.44 1176.32 1400.93 1715.34 1396.92 1327.94 1294.72 1194.78 1171.54 1167.62 1504.23 1200.42 1163.09 1134.03 1269.58 1132.62 1519.88 1222.67 1113.1 1417.87 1293.04 1138.55 1147.12
threshold=71.97227523929304 124.50000000000001 0.59785691829958665 66.03437482695098 80.664767506008886 78.787137354394829 0.15587044534412953 -12.690926782042792 0.83174260869648764 20.672043010752692 0.93765690214418751 0.41290223969878276 33.500000000000007 0.4064666666666667 69.909043712961349 9.9574275362318865 12.144957983193278 135.46443948796295 6.1863425925925934 10.192928039702235 57.25462962962964 19.672043010752692 291.50000000000006 -8.7300316881623541 10.224747474747476 139.83756541411458 0.76391608391608401 0.29183974358974357 6.4791304347826104 142.61702326187398 199.50000000000003 10.361818181818183 0.40597500000000003 64.33908045977013 0.59079285714285723 0.60360606060606081 16.205263157894738 22.804761904761907 73.852666666666678 289.50000000000006 0.54997440567374389 6.169540229885059 0.5018450000000001 8.2535714285714317 8.8603896103896123 8.0923295454545485 9.0156250000000018 10.547727272727274 7.5577777777777788 196.50000000000003 19.015625000000004 64.638095238095261 13.117933173367556 0.64352857142857156 15.754310344827589 70.626060606060619 0.73993558776167478 0.54657738095238106 31.612007168458785 10.302173913043481 39.462912087912095 22.540064102564106
decision_type=2 2 2 2 2 2 2 2 2 2 2 2 2 2 2 2 2 2 2 2 2 2 2 2 2 2 2 2 2 2 2 2 2 2 2 2 2 2 2 2 2 2 2 2 2 2 2 2 2 2 2 2 2 2 2 2 2 2 2 2 2 2
left_child=1 8 5 48 10 6 11 13 51 18 14 -2 29 -5 16 -16 -4 -10 -9 20 -19 -12 33 -24 25 26 27 -11 -29 31 54 -8 -22 34 -20 -36 37 38 -6 -33 41 -23 45 -44 -45 47 -42 -43 49 -3 -50 -1 53 -7 -31 -56 -57 -48 -59 -60 61 -61
right_child=2 3 4 7 36 52 12 9 17 24 21 -13 -14 -15 15 -17 -18 19 22 -21 32 40 23 -25 -26 -27 -28 28 -30 30 -32 39 -34 -35 35 -37 -38 -39 -40 -41 46 42 43 44 -46 -47 57 -49 50 -51 -52 -53 -54 -55 55 56 -58 58 59 60 -62 -63
leaf_value=-0.4374496502717336 -0.094346197205074769 -0.13764445326740551 -0.048095777266944341 -0.19561923209321305 0.025096451630989863 -0.065453909941238939 -0.11206444222206512 -0.12984808828560065 -0.1359076360500957 -0.12966126111781195 -0.035363710198139629 0.19019125823714406 0.28903382794062299 0.058755549906924859 -0.0070485737533210885 -0.16408621807521284 -0.19208951428646034 -0.072694028943554589 0.23232468965255992 -0.095662559982771594 -0.0066553022428657597 -0.023883726388206957 -0.0013010207928933098 -0.14169872821347282 0.0053330642787349121 0.27569603018598127 -0.17390422451821244 0.34493773326873778 0.077741535738442905 0.083066470490260572 0.07072427499114789 -0.01463941258641885 -0.14372696724307468 0.17496672327237972 -0.29612934728198581 -0.01423465518394122 -0.12398914010289276 0.14671865483746377 0.12151871161834628 0.068040570811537984 -0.24581192598444354 0.28155989064301479 0.089417358253504109 0.11277044163493144 -0.15786831688785555 0.41523885161997909 -0.0091451130612020936 -0.033876272385580497 -0.035223957700497556 -0.051847613698516239 0.097010700424304194 -0.15917351467489388 0.26735204460438899 0.11725510667563736 -0.042350581878700208 0.053233850285813511 -0.072337330544187187 -0.072146626289881458 0.31624571555640019 0.24161642877923117 -0.041057854789076378 0.0612650206516651
leaf_weight=22 29 331 236 30 607 50 103 171 332 29 825 231 31 975 929 89 144 1025 26 880 1068 205 172 219 2878 38 27 27 134 335 1930 514 85 42 22 1279 40 209 213 365 23 29 332 34 62 29 1802 28 704 1029 95 110 56 625 436 764 108 106 24 49 115 347
leaf_count=22 29 331 236 30 607 50 103 171 332 29 825 231 31 975 929 89 144 1025 26 880 1068 205 172 219 2878 38 27 27 134 335 1930 514 85 42 22 1279 40 209 213 365 23 29 332 34 62 29 1802 28 704 1029 95 110 56 625 436 764 108 106 24 49 115 347
internal_value=1.9386e-05 -0.0290726 0.028378 -0.0110341 0.00340855 0.0573734 0.0484584 0.00391517 -0.0712051 -0.00544566 -0.00828833 0.158321 0.0422125 0.0510653 -0.0431744 -0.020855 -0.102852 -0.0658846 -0.0335939 -0.0582602 -0.0431281 0.00387695 -0.0242058 -0.0800276 0.0119048 0.0859059 0.0520972 0.0846038 0.123502 0.0405003 0.0500251 0.00583326 -0.0168213 -0.00823655 -0.0141014 -0.0191161 0.0625618 0.0698736 0.0502058 0.0197082 0.0140464 0.0534219 0.084254 0.0554378 -0.0618932 0.226475 0.00255592 0.127601 -0.0530496 -0.0727745 -0.0194462 -0.207055 0.116395 0.103677 0.0256939 0.0109711 0.0376449 0.00494547 0.0445391 0.0677104 0.055733 0.0838666
internal_weight=23804 11750 12054 8228 6477 5577 4846 6069 3522 5064 5408 260 4586 1005 1398 1018 380 3390 1931 3058 2178 4010 1760 391 3133 255 217 190 161 4555 3573 982 1153 1369 1327 1301 1069 1029 820 879 3185 719 514 428 96 86 2466 57 2159 1360 799 132 731 675 1643 1308 872 2443 641 535 511 396
internal_count=23804 11750 12054 8228 6477 5577 4846 6069 3522 5064 5408 260 4586 1005 1398 1018 380 3390 1931 3058 2178 4010 1760 391 3133 255 217 190 161 4555 3573 982 1153 1369 1327 1301 1069 1029 820 879 3185 719 514 428 96 86 2466 57 2159 1360 799 132 731 675 1643 1308 872 2443 641 535 511 396
is_linear=0
shrinkage=0.035


Tree=42
num_leaves=63
num_cat=0
split_feature=73 63 82 73 63 63 75 25 39 75 63 51 48 26 71 70 33 44 32 43 35 28 29 30 63 15 73 71 48 62 11 43 62 15 45 49 34 19 71 53 31 41 82 2 71 51 38 72 12 49 15 31 71 32 30 74 12 28 36 30 30 68
split_gain=15004.9 8956.05 5666.86 4188.65 4037.51 2622.79 2598.3 1958.58 1785.5 1739.06 1721.72 1539.31 1567.29 1424.47 1421.65 1384.91 1253.3 1241.6 1229.28 1666.47 1309.91 1196.84 1500.32 1187.23 1184.38 1168.66 1166.05 1160.12 1573.06 1535.62 1220.28 1227.54 1130.27 1119.45 1520.37 1339.47 1190.5 1114.13 1476.19 1221.27 1109.87 1101.46 1412.95 1077.48 1076.65 1070.78 1057.44 1254.63 1085.93 1056.99 1042.58 1259.22 1038.05 1599.05 1380.78 1448.94 1165.25 1252.43 1096.79 1076.93 1035.91 1031.89
threshold=70.667417585483904 104.66495741128851 -108.49999999999999 80.08994330730188 95.077159844200153 108.08523080148201 151.73379101077165 57.802777777777784 39.019230769230781 127.0286433160464 92.884889787728767 65.793030303030307 0.43691858332548533 0.41236602870813394 68.677472222222249 8.6466019589092529 0.4042159090909091 22.343137254901965 0.54602000000000006 16.340579710144933 17.929802955665028 17.919871794871799 0.31451190476190477 13.255434782608697 110.28179665549051 9.540064102564104 73.71287528227019 68.473877576671711 0.49813505044125433 98.042166321016566 0.52146966911764714 13.12701612903226 93.527342620590019 10.868115942028988 0.45993589743589747 -0.083321163956793384 14.377155172413794 5.3190909090909102 72.243484848484869 109.95358154249267 38.155870445344135 7.9245014245014254 -179.49999999999997 26.085144927536234 72.147196637426916 69.805934065934082 22.632456140350879 65.248123176005535 11.886752136752138 -0.092052973152156131 6.8681159420289868 38.561250000000008 71.680375816993475 0.4064666666666667 18.078461538461543 5.2754839523985249 13.660919540229886 21.446360153256709 0.73615587044534425 20.753787878787886 20.203448275862073 -17.996290748329397
decision_type=2 2 2 2 2 2 2 2 2 2 2 2 2 2 2 2 2 2 2 2 2 2 2 2 2 2 2 2 2 2 2 2 2 2 2 2 2 2 2 2 2 2 2 2 2 2 2 2 2 2 2 2 2 2 2 2 2 2 2 2 2 2
left_child=2 3 10 4 21 9 8 17 24 -4 -1 -7 13 -13 41 -15 -9 23 45 20 -20 22 -2 -6 61 27 -25 28 30 -30 -11 -32 -18 34 35 -16 60 -14 39 46 -8 -12 -43 -22 -17 49 -39 -48 -49 -5 -42 -52 56 -54 58 59 -27 -58 -55 -56 -36 -3
right_child=1 6 5 18 7 11 40 16 -10 25 14 12 37 15 33 44 32 -19 19 -21 43 -23 -24 26 -26 52 -28 -29 29 -31 31 -33 -34 -35 36 -37 -38 38 -40 -41 50 42 -44 -45 -46 -47 47 48 -50 -51 51 -53 53 54 55 -57 57 -59 -60 -61 -62 -63
leaf_value=-0.12691415926423782 0.0070497475530162008 -0.080562287125844151 -0.11420277257361731 -0.25175934564729907 0.24790675494282749 -0.084186403231196485 0.094097122850234319 -0.24645811069738577 0.23320434854891567 -0.017698188327568729 -0.09189232421377154 -0.16566449234074704 0.10655865555337216 -0.082799910068081309 -0.30764907678037506 0.03964321583140213 0.10076405180013472 -0.27224169365320772 0.018431677919766937 -0.20164889714022483 0.06038628230333503 -0.031401214904084207 -0.17809512030891472 -0.038861610653482939 0.088364411504060325 -0.04114728816907632 0.011205491052141896 0.0027834511866813845 0.019349647564237769 -0.094188827256935878 0.064372937558673501 0.37700743733092057 0.023342448316041368 -0.10312463659926066 0.0058196921583215499 -0.07668461287705261 -0.097889314879385528 -0.033219144850758962 0.11888726188046475 -0.17485097192262905 -0.045403577139642506 -0.068865819295622271 -0.42742038204795441 0.16867421570839569 0.33154691115091017 0.051861476426920412 0.17326494797229766 -0.067498939173013611 0.074144468247890463 -0.0097693128137118761 0.42510759550542165 0.17647697514295582 -0.27455612863378326 0.04464721045153313 -0.18113036092412924 0.16825950271351772 -0.18587785258626238 -0.050997559707415742 0.26304024599839565 0.077092118137287655 -0.10892361874675527 0.042799352000646565
leaf_weight=597 82 86 273 26 21 147 420 20 67 200 563 81 323 86 39 56 245 22 163 22 170 2454 154 1120 772 615 1159 2148 192 605 63 20 3936 333 1014 142 199 274 182 42 22 26 28 338 21 608 87 105 178 134 28 226 23 125 79 27 178 161 36 26 106 2109
leaf_count=597 82 86 273 26 21 147 420 20 67 200 563 81 323 86 39 56 245 22 163 22 170 2454 154 1120 772 615 1159 2148 192 605 63 20 3936 333 1014 142 199 274 182 42 22 26 28 338 21 608 87 105 178 134 28 226 23 125 79 27 178 161 36 26 106 2109
internal_value=1.88686e-05 0.0224669 -0.0343782 0.00615091 -0.00258091 -0.015555 0.0691499 0.0122979 0.0551402 -0.0285044 -0.0736146 0.0234922 0.0345506 -0.0461851 -0.0606022 0.0134918 0.0265555 -0.0134956 0.0611979 0.0949849 0.104859 -0.0386576 -0.113871 -0.0109605 0.0510794 -0.0232901 -0.0134013 -0.0120948 -0.0416767 -0.0668377 0.0291635 0.141555 0.0278916 -0.0451091 -0.0321972 -0.12718 -0.0191172 0.0511063 0.0304179 0.00687183 0.130133 -0.10655 -0.257063 0.132538 0.120924 0.0306638 0.0188552 0.0574206 0.0215526 -0.0497763 0.184687 0.20468 -0.051727 0.0032412 0.0254903 -0.0582852 -0.0699303 -0.121999 0.0941653 -0.117094 -0.00508058 0.0379472
internal_weight=23804 14404 9400 10674 9213 6353 3730 6523 3034 4771 3047 1582 1435 244 2450 163 4201 2322 1461 693 671 2690 236 2300 2967 4498 2279 3228 1080 797 283 83 4181 1833 1500 181 1319 1191 868 686 696 617 54 508 77 768 644 370 283 160 276 254 1270 316 293 132 954 339 161 105 1120 2195
internal_count=23804 14404 9400 10674 9213 6353 3730 6523 3034 4771 3047 1582 1435 244 2450 163 4201 2322 1461 693 671 2690 236 2300 2967 4498 2279 3228 1080 797 283 83 4181 1833 1500 181 1319 1191 868 686 696 617 54 508 77 768 644 370 283 160 276 254 1270 316 293 132 954 339 161 105 1120 2195
is_linear=0
shrinkage=0.035


Tree=43
num_leaves=63
num_cat=0
split_feature=73 63 63 73 73 63 61 73 58 63 29 22 38 53 65 51 16 63 60 30 31 18 30 71 37 48 69 29 68 50 19 66 53 22 60 3 35 71 66 21 15 58 16 30 63 35 16 62 38 68 24 46 56 37 30 40 22 19 5 9 50 22
split_gain=14128.5 8630.42 6118.59 3829.17 3193.12 2421.81 2331.8 1830.14 1787.9 1770.32 2493.93 1528.71 1499.07 1452 1426.9 1425.84 1375.33 1360.84 1208.25 1234.18 1200.71 1187.75 1428.14 1174.17 1173.29 1497.91 1215.94 1154.04 1294.91 1140.97 1479.56 1421.1 1262.59 1113.34 1095.36 1070.86 1270.26 1065.25 1361.61 1387.33 1284 1061.86 1311.44 1047.47 1138.84 1041.71 1030.61 1022.8 1022.51 1017.98 1054.21 1017.78 1016.61 1195.92 1297.23 1184.5 1089.38 1043.61 1016.05 1293.52 1078.96 982.305
threshold=74.409773648566031 102.28714488112401 98.527917478022104 68.46045038087378 66.680761024679597 110.10375447122101 0.87135240421114013 83.361663812817554 1.0000000180025095e-35 106.88237410452102 0.29183974358974357 21.016666666666669 28.508620689655178 97.851531653327754 0.92560040577345959 67.469328063241122 24.579796264855691 90.442658305552115 12.500000000000002 18.203448275862073 42.816498316498325 8.8730158730158752 18.456439393939394 71.114277504105104 7.8304597701149428 0.53547287339790139 9.3901992660235027 0.29534166666666667 -2.6946627028291981 67.628844444444454 5.1589473684210541 100.04031307362251 110.64419348237514 15.67204301075269 289.50000000000006 51.017857142857146 19.403703703703709 69.286277056277072 98.877028129002056 9.339743589743593 7.4031250000000011 1.0000000180025095e-35 29.369318181818183 17.25403225806452 99.602855705956458 19.483314794215797 21.760952380952386 96.550190383129106 25.902380952380955 -3.4720871239110518 27.085144927536234 0.35388994307400384 120.25073478759431 7.5638586956521747 19.754310344827591 17.016129032258068 15.430194805194807 10.672619047619049 8.6939799331103682 38.431677018633543 68.530185185185204 18.729020979020984
decision_type=2 2 2 2 2 2 2 2 2 2 2 2 2 2 2 2 2 2 2 2 2 2 2 2 2 2 2 2 2 2 2 2 2 2 2 2 2 2 2 2 2 2 2 2 2 2 2 2 2 2 2 2 2 2 2 2 2 2 2 2 2 2
left_child=1 4 7 11 18 12 8 17 24 14 -11 15 21 34 52 -3 37 -2 -1 -20 29 22 -5 -21 25 -6 -26 28 61 31 -31 32 -17 -9 -13 36 -29 -10 43 -40 -41 42 -19 44 -39 -16 -33 -15 -12 -50 -51 -27 53 54 55 -4 -56 -54 59 60 -53 -23
right_child=2 3 9 5 6 -7 -8 33 16 10 48 13 -14 47 45 20 -18 41 19 23 -22 27 -24 -25 26 51 -28 35 -30 30 -32 46 -34 -35 -36 -37 -38 38 39 40 -42 -43 -44 -45 -46 -47 -48 -49 49 50 -52 58 57 -55 56 -57 -58 -59 -60 -61 -62 -63
leaf_value=-0.22512843043037822 -0.056459352090030286 -0.057758580820655769 0.086171215077148436 0.39679148708387868 0.087394372577535226 0.078857876992137199 -0.08563734135047063 -0.066213553112243945 -0.080360464667377007 0.49017607338254049 0.079052634086766951 -0.03104622949146834 0.17390998747767686 0.17244303646975875 0.068001730810616404 -0.041337004701601184 -0.014098971106331449 0.038724557579661582 -0.098070385326491247 -0.064158761937128175 -0.10735242817787281 0.082005156686522432 -0.0040742273171742761 0.064578301374796573 0.076613034503884833 0.099420853909324203 -0.058515194926055239 0.3513002291074459 0.16547094910717469 0.095374726278917521 0.0039404703170294406 0.32822307430825587 -0.23990088593034908 0.10699764298562564 -0.28372717636365163 0.0013835186108688753 -0.018224613598899712 -0.080053488618877511 0.28337375496654976 0.089365477873933369 -0.030129651341247531 -0.0027654204124568527 0.2828249318693814 -0.10415414958250749 0.078773013002309378 0.2586694811033019 -0.0034570326478976124 -0.089980624042040727 0.074489952697440506 0.027432901911071093 0.25831721464363305 -0.14261693875828096 -0.062890493730772351 0.043054130080758195 0.42107530972015023 -0.1311967642776557 0.14965854332216172 0.16330277163396448 0.06697754671345367 0.026339711792064163 -0.40217438656931198 -0.068822936431836276
leaf_weight=73 477 755 374 21 74 906 877 53 939 20 757 30 71 25 71 405 2478 509 1219 324 124 131 22 118 454 25 99 23 117 261 1269 20 43 306 71 3291 22 124 20 134 608 2375 28 401 99 70 26 63 106 30 129 46 163 2147 21 33 126 29 23 26 35 88
leaf_count=73 477 755 374 21 74 906 877 53 939 20 757 30 71 25 71 405 2478 509 1219 324 124 131 22 118 454 25 99 23 117 261 1269 20 43 306 71 3291 22 124 20 134 608 2375 28 401 99 70 26 63 106 30 129 46 163 2147 21 33 126 29 23 26 35 88
internal_value=1.76601e-05 -0.0188497 0.0385522 0.00754323 -0.0439153 0.0274702 -0.0325932 0.00627209 -0.0242563 0.0682294 0.107594 -0.0226937 0.0151633 -0.119015 0.0546933 -0.0164021 -0.0322469 -0.00169182 -0.0860849 -0.079906 -0.00185401 0.0121055 0.193928 -0.029748 0.0248065 -0.0417442 0.0523846 0.00994923 0.0717257 0.00463252 0.0195664 -0.0415862 -0.0606496 0.0813598 -0.209231 0.00371628 0.172352 -0.0515805 -0.0320579 -0.000653212 -0.00849931 0.00728632 0.0517101 -0.0703709 -0.00950892 0.163264 0.142655 -0.0148358 0.0998678 0.159054 0.214999 -0.103503 0.0493733 0.0549053 0.100747 0.0683988 0.189752 -0.0283723 -0.142785 -0.188008 -0.256594 0.0213638
internal_weight=23804 15980 7824 7784 8196 4692 6462 3748 5585 4076 1042 3092 3786 189 3034 2903 4803 3389 1734 1661 2148 3715 43 442 782 229 553 3672 336 2024 1530 494 448 359 101 3336 45 2325 1386 762 742 2912 537 624 223 141 46 88 1022 265 159 155 2893 2701 554 407 147 192 130 107 81 219
internal_count=23804 15980 7824 7784 8196 4692 6462 3748 5585 4076 1042 3092 3786 189 3034 2903 4803 3389 1734 1661 2148 3715 43 442 782 229 553 3672 336 2024 1530 494 448 359 101 3336 45 2325 1386 762 742 2912 537 624 223 141 46 88 1022 265 159 155 2893 2701 554 407 147 192 130 107 81 219
is_linear=0
shrinkage=0.035


Tree=44
num_leaves=63
num_cat=0
split_feature=76 25 71 76 71 71 0 76 73 63 0 73 68 49 55 28 67 34 47 75 63 0 58 47 21 63 4 15 63 50 31 76 49 68 34 36 27 37 33 14 32 5 3 32 28 29 43 52 30 15 49 45 22 76 28 0 35 15 28 0 53 32
split_gain=13210.5 6199.22 5896.63 4184.54 2506.52 2496.06 2245.33 1858.37 1787.6 1975.99 1642.04 1632.08 1543.26 1458.08 1454.91 1418.38 1663.86 1516.37 1412.79 1888.31 1670.41 1429.94 1395.29 1374.17 1365.56 1361.44 1349.9 1278.4 1763.9 1480.02 1625.04 1769.1 1521.15 1318.45 1273.89 1253.44 1289.02 1190.07 1427.09 1188.61 1421.75 1179.82 1166.34 1144.69 1265.97 1129.52 1119.65 1119.28 1094.74 1173.39 1090.48 1084.42 1438.16 1811.39 1153.73 1322 1073.99 1070.71 1059.76 1106.12 1172.89 1055.99
threshold=0.0044730995961310147 60.014705882352949 68.509182480188485 0.38352501456247007 70.399209389400951 74.177955050505076 11.500000000000002 0.58163843476770916 67.087505004805621 106.88237410452102 3.5000000000000004 80.08994330730188 -10.7087925980773 -0.027638106049638147 85.273001409814313 23.462912087912091 111.47098208584852 14.701851851851854 0.5844735909252039 148.21723259512791 97.845732464076519 1.5000000000000002 1.0000000180025095e-35 0.35307165535613816 15.508064516129034 94.685001873450673 0.40901999999999999 9.078461538461541 112.91748412561252 72.618857142857152 41.292892156862756 0.21511529503931356 -0.055597641581842695 -17.996290748329397 13.803225806451616 0.68168990384615402 10.418010752688174 6.338541666666667 0.5417550000000001 0.71739444444444456 0.51467543859649134 11.16954022988506 60.984375000000007 0.52543875000000007 19.456439393939394 0.31261250000000002 10.233031674208146 4.2414615384615368 20.83666666666667 10.67204301075269 0.30108601774042948 0.54692082111436957 18.591750841750844 -0.44892454840099844 20.169540229885062 29.500000000000004 14.145502645502647 4.9148550724637685 21.754310344827591 27.500000000000004 98.425778792877779 0.55602173913043484
decision_type=2 2 2 2 2 2 2 2 2 2 2 2 2 2 2 2 2 2 2 2 2 2 2 2 2 2 2 2 2 2 2 2 2 2 2 2 2 2 2 2 2 2 2 2 2 2 2 2 2 2 2 2 2 2 2 2 2 2 2 2 2 2
left_child=1 4 7 5 18 14 12 42 -3 11 -7 25 -5 -8 -4 16 -14 -18 19 21 -21 -1 26 -24 -20 -10 47 33 29 32 31 34 -29 -16 -31 36 -34 38 -25 51 45 -12 -2 44 -13 -41 -46 -6 58 -50 -39 52 54 -54 55 -23 -11 -35 -37 60 -60 -17
right_child=2 8 3 6 22 10 13 -9 9 56 41 43 15 -15 27 61 17 -19 24 20 -22 39 23 37 -26 -27 -28 28 -30 30 -32 -33 35 57 -36 48 -38 50 -40 40 -42 -43 -44 -45 46 -47 -48 -49 49 -51 -52 -53 53 -55 -56 -57 -58 -59 59 -61 -62 -63
leaf_value=0.25442474813731214 -0.074760264329476564 -0.08324048596999846 -0.092612423493637006 -0.27584203646821204 0.11681246100327244 -0.027293616255389855 0.083323991426016736 -0.23522690501451843 -0.059730437149987263 0.24077692861784075 0.064180345026639302 -0.19402225849899382 -0.11892480941534338 -0.035720619015607864 -0.10862704804347821 -0.049161695453440409 0.21385573611316616 -0.1516757430871328 -0.038793753139757747 -0.039932126440540443 0.15313517665149434 -0.066680600124674944 -0.1071071352759997 0.036420069809224874 0.10628854402966664 0.045662450988837436 0.06085528125282004 -0.090953155446501857 0.23064681409721946 0.012570612829001926 -0.14072213225307581 -0.052745731456490121 -0.077646642609510486 -0.13268222725296022 0.10587698624690187 -0.061584921283081767 0.19281881491078273 0.025362229695706746 0.23681382478346358 0.15229241050540668 0.077876665383294991 0.30184176549371688 0.04005750584578565 0.12639293295125334 -0.16146852930238909 -0.045096953026679196 0.099553801842968484 0.37599754328727719 0.15506953361866313 -0.044845265307257673 -0.14969585703196153 -0.075051028587992563 0.22409610924314949 -0.095992453638284278 0.043457137788462386 0.21959298505062283 0.10130302899003585 0.013421179884152919 0.12434450403075165 0.12294731886186862 -0.029534734556256836 0.10563438831209168
leaf_weight=26 2078 96 249 49 57 272 169 85 164 73 792 27 757 491 116 442 36 22 1653 77 189 245 94 112 83 1725 394 560 33 474 83 297 546 62 288 393 22 2138 71 40 392 26 114 510 23 288 141 32 99 56 44 356 23 279 616 21 907 3638 70 93 435 61
leaf_count=26 2078 96 249 49 57 272 169 85 164 73 792 27 757 491 116 442 36 22 1653 77 189 245 94 112 83 1725 394 560 33 474 83 297 546 62 288 393 22 2138 71 40 392 26 114 510 23 288 141 32 99 56 44 356 23 279 616 21 907 3638 70 93 435 61
internal_value=1.8999e-05 0.0283976 -0.023936 -0.012986 0.00959663 -0.0023262 -0.05822 -0.0750448 0.065469 0.06948 0.0471566 0.0534421 -0.0838082 -0.00519268 -0.00950742 -0.0765643 -0.10508 0.0750347 -0.00747257 0.00909589 0.0972641 -0.0011809 0.0344734 0.0237786 -0.0318266 0.0364972 0.0888336 -0.00665242 -0.0220945 -0.0245705 0.00793402 0.0196493 -0.0408939 0.00730467 0.0478869 -0.0245147 -0.0670043 0.0290039 0.114621 -0.00417867 0.0329271 0.0719184 -0.0687795 0.0990404 0.0258472 -0.0208193 0.0625462 0.211622 -0.0034322 0.0829078 0.0217971 -0.0215341 -0.00541507 -0.0712732 0.0171586 -0.0436973 0.111813 0.0109544 -0.016975 0.0123634 -0.00809612 -0.030296
internal_weight=23804 10896 12908 10631 7230 8604 2027 2277 3666 3570 1090 2590 1367 660 7514 1318 815 58 4288 2552 266 2286 2942 2459 1736 1889 483 7265 3449 3416 1142 1059 2274 3816 762 1714 568 2365 183 2260 720 818 2192 701 191 328 164 89 1146 155 2182 1540 1184 302 882 266 980 3700 991 598 505 503
internal_count=23804 10896 12908 10631 7230 8604 2027 2277 3666 3570 1090 2590 1367 660 7514 1318 815 58 4288 2552 266 2286 2942 2459 1736 1889 483 7265 3449 3416 1142 1059 2274 3816 762 1714 568 2365 183 2260 720 818 2192 701 191 328 164 89 1146 155 2182 1540 1184 302 882 266 980 3700 991 598 505 503
is_linear=0
shrinkage=0.035


Tree=45
num_leaves=63
num_cat=0
split_feature=73 63 63 73 61 73 73 63 59 71 28 2 79 40 31 25 58 57 23 14 63 27 22 3 36 33 12 22 47 27 61 70 70 43 35 46 0 35 12 35 14 58 67 55 27 38 47 22 66 36 13 16 11 34 0 47 43 56 45 45 10 75
split_gain=12431.7 7702.54 5490.54 3676.69 2704.4 2524.4 2040.66 2133.03 1812.21 1671.95 1646.3 1544.32 1514.07 1446.66 1335.38 1311.12 1287.99 1401.68 1435.01 1271.67 1252.13 1243.01 1269.93 1235.02 1391.68 1357.27 1449.58 1256.98 1230.57 1228.51 1205.87 1271.09 1159.95 1467.73 1146.37 1171.14 1883.32 1340.84 1091.07 1229.29 1205.79 1090.77 1072.31 1071.32 1062.93 1058.53 1477.91 1054.18 1052.1 1045.7 1153.68 1035.53 1363.37 998.101 986.235 1209.06 974.761 1099.92 970.917 968.488 1236.26 1078.14
threshold=74.409773648566031 105.22573145487551 101.90650547056801 68.107114501943343 0.55775450454308506 68.529878023044333 83.361663812817554 94.685001873450673 1.0000000180025095e-35 67.658958605664495 16.94590643274854 33.535714285714292 0.82612546678756094 14.134848484848487 34.206389452332665 60.014705882352949 1.0000000180025095e-35 1.0000000180025095e-35 68.113247863247878 0.79948913043478276 110.10375447122101 9.8038461538461572 20.40588235294118 58.557777777777787 0.6621125000000001 0.4725119047619048 16.672619047619051 21.114379084967322 0.54985573029131196 9.5847701149425308 0.89425110664844054 -16.494460411055098 -13.484031869191204 12.716517857142859 19.25403225806452 0.48331479421579543 24.500000000000004 20.072751322751326 13.701851851851854 19.014705882352946 0.67941428571428586 1.0000000180025095e-35 112.99615518368752 95.532810972957307 6.0151515151515165 23.75931034482759 0.44644071974266725 19.890873015873019 94.825394690323023 0.76268817204301087 19.883484162895929 24.739935587761678 0.54878544061302692 16.735087719298249 25.500000000000004 0.37919212374635169 14.33854166666667 100.85756129997792 0.77032967032967048 0.77032967032967048 0.45923015873015877 144.89911094969946
decision_type=2 2 2 2 2 2 2 2 2 2 2 2 2 2 2 2 2 2 2 2 2 2 2 2 2 2 2 2 2 2 2 2 2 2 2 2 2 2 2 2 2 2 2 2 2 2 2 2 2 2 2 2 2 2 2 2 2 2 2 2 2 2
left_child=1 3 6 8 16 23 7 -2 14 -10 -6 15 28 -11 19 -9 17 18 -5 29 -7 22 34 25 -25 -3 38 44 -4 -1 31 -12 33 -33 -18 36 37 -36 39 43 -41 -16 -43 -27 -26 -8 -47 -37 -22 51 -51 52 58 56 55 -50 57 -39 -17 -34 -61 -62
right_child=2 5 12 4 10 20 45 11 9 13 30 -13 -14 -15 41 49 21 -19 -20 -21 48 -23 -24 24 27 26 -28 -29 -30 -31 -32 32 59 -35 35 47 -38 53 -40 40 -42 42 -44 -45 -46 46 -48 -49 54 50 -52 -53 -54 -55 -56 -57 -58 -59 -60 60 61 -63
leaf_value=-0.14731328482715803 -0.022569291165051755 -0.078867372183858239 0.47894251531653287 -0.077150833396024479 -0.12169601219668003 0.024225664213334858 -0.026323097734364889 0.0089178054752555597 -0.088679203281038621 -0.0203257142790122 -0.16966665244328566 -0.18577806568055988 0.073626029212659386 0.13413205472736256 0.031463397292454898 0.042843852612532957 -0.022343357098972151 0.027527515537704703 0.24735654253075204 0.099851610179807329 0.24841909238806478 0.082026333179257144 -0.081540457410399517 0.093116048167202564 -0.074730668139627393 0.091561917114544686 0.27912362546144531 -0.23090898434792537 0.10993181858343239 0.0062765920883292086 -0.081777679452093799 -0.011859662202723099 -0.036381728134779856 0.2913013296659176 0.20959983569571847 -0.0091629952542556046 0.28951685376265612 0.10813384101874247 -0.088842218078693996 0.21834632853206581 0.00042528361413539872 -0.066203825297636992 -0.21607786541086874 -0.040110431564036965 0.041525604926420413 -0.1522964232223375 0.12932518677379889 0.17580766402681672 0.22177937365674424 0.23374412801861763 0.026013829889023201 0.077443823188403357 -0.16471338330675858 0.21325995430416533 0.12967976229335765 0.030566918740479149 -0.16836818069411863 -0.16033638553714979 -0.13020667923455953 -0.18971567723273558 -0.050160907354679977 0.03485100201293713
leaf_weight=621 1731 476 20 21 265 2016 84 1677 457 961 72 41 2604 80 134 457 1265 336 77 30 40 192 272 244 140 93 21 29 25 71 516 49 2467 32 47 554 48 63 176 61 63 1252 61 397 306 24 349 40 43 79 56 585 49 22 219 596 46 26 43 38 247 698
leaf_count=621 1731 476 20 21 265 2016 84 1677 457 961 72 41 2604 80 134 457 1265 336 77 30 40 192 272 244 140 93 21 29 25 71 516 49 2467 32 47 554 48 63 176 61 63 1252 61 397 306 24 349 40 43 79 56 585 49 22 219 596 46 26 43 38 247 698
internal_value=1.94812e-05 -0.0176787 0.0361661 -0.0338853 -0.0196701 0.0187523 0.0151852 0.00833965 -0.062537 -0.0329104 -0.0372062 0.0262537 0.0771419 -0.00839371 -0.0829844 0.0292368 0.00588017 0.0616212 0.177745 -0.121874 0.039551 -0.0035234 -0.0104334 -0.0114614 0.0252668 -0.0319847 -0.00443197 -0.00964012 0.277474 -0.131557 -0.0317555 -0.0245803 -0.0215972 0.108917 -0.00125258 0.0302743 0.0934173 0.0466641 -0.0121457 0.00988763 0.108103 -0.0635421 -0.073249 -0.0150446 0.00498195 0.085763 0.111016 0.00342444 0.0739196 0.0560717 0.148014 0.0450627 0.0105128 -0.00260119 0.0656404 0.0436029 -0.0384615 0.0292077 0.0278393 -0.0246778 0.00469501 0.0126125
internal_weight=23804 15980 7824 11060 7393 4920 5175 4718 3667 1498 4384 2987 2649 1041 2169 2946 3009 434 98 722 2914 2575 2383 2006 719 1287 811 475 45 692 4119 3603 3531 81 2111 846 252 204 790 614 124 1447 1313 490 446 457 373 594 898 1269 135 1134 549 157 858 639 135 89 500 3450 983 945
internal_count=23804 15980 7824 11060 7393 4920 5175 4718 3667 1498 4384 2987 2649 1041 2169 2946 3009 434 98 722 2914 2575 2383 2006 719 1287 811 475 45 692 4119 3603 3531 81 2111 846 252 204 790 614 124 1447 1313 490 446 457 373 594 898 1269 135 1134 549 157 858 639 135 89 500 3450 983 945
is_linear=0
shrinkage=0.035


Tree=46
num_leaves=63
num_cat=0
split_feature=73 63 63 73 63 81 25 75 50 75 25 53 15 27 37 6 45 15 71 61 24 9 22 29 18 40 61 21 27 63 24 77 34 50 75 32 44 16 63 12 12 18 44 15 15 35 75 52 42 24 0 30 34 28 49 3 31 52 18 48 50 30
split_gain=11624 6725.94 5023.78 2980.24 2957.5 2442.01 2190.32 1871.68 1581.84 1562.39 1413.63 1472.02 1407.69 1372.08 1367.97 1533.36 1390.57 1361.49 1419.49 1336.86 1284.63 1172.48 1171.62 1518.36 1256.65 1630.52 1518.73 1241.47 1227.27 1197.87 1132.52 1526.08 1140.37 1124.04 1266.66 1210.78 1113.79 1141.3 1100.6 1120.9 1344.9 1833.54 1104.8 1377.27 1321.25 1098.04 1568.02 1259.03 1467.81 1218.05 1151.9 1137.07 1096.64 1109.59 1085.89 1063 1047.27 1051.45 1099.26 1022.4 1021.89 1539.23
threshold=71.6240106263391 104.66495741128851 105.22573145487551 80.08994330730188 95.077159844200153 0.92742076314062827 52.933035714285722 151.73379101077165 68.482534113060453 128.15510921365873 57.802777777777784 110.5380169329829 5.6172161172161177 11.015151515151517 11.859605911330052 21.301515151515158 0.12771739130434781 10.632456140350877 68.473877576671711 0.91641933397654707 29.981481481481485 41.418010752688183 15.430194805194807 0.33353939393939397 13.540064102564104 13.382783882783883 0.45003261128053107 16.510000000000002 9.492424242424244 99.936245477566814 29.170289855072468 0.89578717375934602 14.33854166666667 73.733666666666679 151.60531277589624 0.51722938530734652 18.390096618357493 26.985294117647062 112.32256327077451 16.672619047619051 13.701851851851854 15.844951923076925 18.701851851851853 10.81365740740741 9.4508064516129036 18.430952380952387 132.63255743433285 -0.63067479834744222 4.5075757575757587 25.589572192513373 26.500000000000004 17.985714285714291 9.3416666666666686 29.92428571428572 -0.0082435814630752481 56.467708333333341 38.155870445344135 0.040769230769235755 13.224014336917564 0.44469205037386861 67.22498533724341 17.25403225806452
decision_type=2 2 2 2 2 2 2 2 2 2 2 2 2 2 2 2 2 2 2 2 2 2 2 2 2 2 2 2 2 2 2 2 2 2 2 2 2 2 2 2 2 2 2 2 2 2 2 2 2 2 2 2 2 2 2 2 2 2 2 2 2 2
left_child=2 3 5 4 52 8 60 14 19 -4 -6 22 -10 17 16 -16 59 18 -8 21 -20 -1 24 27 25 -12 -26 -24 54 -28 -5 -32 -33 -25 35 -35 37 -19 39 40 45 42 43 44 -42 49 51 48 -48 -11 -51 -47 -2 -54 -27 -56 -9 -58 -59 -3 61 -7
right_child=1 7 9 30 10 6 13 56 12 38 11 -13 -14 -15 15 -17 -18 36 20 -21 -22 -23 23 33 26 28 29 -29 -30 -31 31 32 -34 34 -36 -37 -38 -39 -40 -41 41 -43 -44 -45 -46 46 47 -49 -50 50 -52 -53 53 -55 55 -57 57 58 -60 -61 -62 -63
leaf_value=-0.10769763670786842 -0.1619696907950986 -0.038648613037699363 -0.069120449457709732 0.026369592422800701 -0.010453263611710326 -0.27244078909563568 -0.049356565685359323 0.082844755808250639 -0.25290992025007686 -0.02784945498411541 0.3152009446626311 -0.020658809644155476 -0.045852363971226606 0.16506636726417043 0.30436263251085899 0.065934194031166057 0.039229357136053002 -0.060615578882849741 -0.00018630372640181654 -0.25524059546625377 -0.17327828213953955 0.16156407918581153 0.071315109384300121 -0.006806146265961298 0.24353447022080421 0.25526700935182361 0.06668780650246528 -0.1245470075276961 -0.084717548263399584 -0.098505304003357899 0.14486103529419289 -0.024640855771117444 0.10210891095381611 0.062680034973186818 -0.012160474586866119 0.25821978603741702 -0.13186890892755265 0.092999791315562449 0.062587829504553438 0.1073066259400651 -0.0081793399492281621 0.1305445975206444 -0.11771813461671593 0.17943293190836909 -0.15782110859381962 0.25641958790923747 -0.042457277609221966 0.086458954405529725 0.21691319076237037 0.02508672229834269 0.20872026967876836 0.026528537886458287 -0.03234326652857003 0.10864886280830871 0.2014908573285622 -0.10711373598949385 0.1203109703828765 0.45782051969024373 0.18983333516120912 0.19123956939247086 -0.071245131807293249 0.011639713056051909
leaf_weight=645 77 29 294 805 1940 79 1140 417 41 800 55 668 1349 47 54 85 2175 402 2882 75 53 20 906 1334 37 57 139 41 36 87 309 176 171 113 137 59 231 69 504 128 319 71 232 37 93 71 284 256 29 354 47 42 2281 70 25 29 179 26 70 125 465 33
leaf_count=645 77 29 294 805 1940 79 1140 417 41 800 55 668 1349 47 54 85 2175 402 2882 75 53 20 906 1334 37 57 139 41 36 87 309 176 171 113 137 59 231 69 504 128 319 71 232 37 93 71 284 256 29 354 47 42 2281 70 25 29 179 26 70 125 465 33
internal_value=1.99937e-05 0.0228662 -0.0261625 0.00822134 -8.69366e-05 -0.0423588 -0.0298369 0.0671251 -0.0740943 0.00809059 0.0137684 0.0263905 -0.0520511 -0.0221218 0.0528402 0.159345 0.0464494 -0.0239814 -0.0162202 -0.115432 -0.00334216 -0.099479 0.0366811 0.0274844 0.0878137 0.15337 0.0372534 0.0627704 0.0919344 0.00300324 0.0542191 0.0883428 0.0378678 0.00713106 0.0672252 0.130329 -0.068985 -0.0380292 0.0150495 0.00636694 0.00144285 -0.0381081 -0.0557796 -0.0236726 -0.0421165 0.0172458 0.052696 0.0289668 -0.0181074 -0.00289557 0.0468517 0.171497 -0.0324003 -0.0281216 0.149381 0.0362323 0.117992 0.171028 0.264446 0.147941 -0.0942575 -0.189028
internal_weight=23804 12712 11092 9552 8091 7531 5401 3160 2130 3561 5663 3723 1390 4824 2468 139 2329 4777 4075 740 2935 665 3055 2590 465 202 263 947 147 226 1461 656 347 1643 309 172 702 471 3267 2763 2635 752 681 449 412 1883 682 569 313 1201 401 113 2428 2351 111 54 692 275 96 154 577 112
internal_count=23804 12712 11092 9552 8091 7531 5401 3160 2130 3561 5663 3723 1390 4824 2468 139 2329 4777 4075 740 2935 665 3055 2590 465 202 263 947 147 226 1461 656 347 1643 309 172 702 471 3267 2763 2635 752 681 449 412 1883 682 569 313 1201 401 113 2428 2351 111 54 692 275 96 154 577 112
is_linear=0
shrinkage=0.035


Tree=47
num_leaves=63
num_cat=0
split_feature=73 63 61 73 58 73 63 73 15 25 60 44 75 60 35 15 50 22 79 81 53 22 75 31 52 63 22 35 10 37 6 25 37 63 1 19 45 14 5 58 71 18 7 35 36 52 77 58 20 19 3 50 10 46 32 29 52 48 5 22 9 22
split_gain=10970.2 6710.95 4836.04 2990.6 2683.03 2331.55 2077.06 1840.61 1715.13 1647.8 1593.43 1559.59 1532.74 1860.04 1497.12 1490.97 1365.75 1365.2 1371.48 1316.02 1492.47 1296.24 1258.47 1232.35 1226.44 1218.95 1211.32 1541.97 1430.03 1208.54 1478.77 1205.95 1182.71 1230.16 1167.97 1151.25 1181.64 1149.78 1110.03 1093.5 1086.52 1191.17 1122.14 1075.95 1373.66 1110.16 1075.77 1055.89 1166.68 1211.37 1150.33 1182.02 1257.48 1051.45 1048.32 1046.42 1043.35 1031.39 1202.6 1174.32 1044.46 1251.08
threshold=74.409773648566031 102.28714488112401 0.71058371686166855 67.297637620686785 1.0000000180025095e-35 63.322064394138231 110.62081240280551 83.361663812817554 8.955533596837947 53.986486486486491 29.500000000000004 14.910427807486633 154.37236776788509 209.50000000000003 23.710084033613452 10.795833333333336 71.040800000000019 16.505319148936174 1.0233740378381673 1.0795562413032955 97.442058443787019 19.013888888888893 151.13496604122739 36.085144927536241 4.9500476190476137 99.602855705956458 21.114379084967322 20.202941176470592 0.60953260869565229 8.4821200510855697 22.890873015873019 60.72318007662836 7.8304597701149428 92.593984519063909 80.607692307692318 4.6030303030303044 0.45993589743589747 0.77440833333333348 9.4361413043478279 1.0000000180025095e-35 69.578317972350249 14.55777777777778 0.36448051948051952 19.61721611721612 0.73376556776556789 1.2041052631579066 4.054329071633954 1.0000000180025095e-35 4.4564393939393945 5.6720430107526889 55.42020373514432 68.020961098398189 0.4851834733893558 0.26201372997711675 0.57054006410256419 0.36486607142857147 -11.39133333333332 0.53547287339790139 8.7801932367149771 15.145502645502647 38.211323763955349 16.984848484848488
decision_type=2 2 2 2 2 2 2 2 2 2 2 2 2 2 2 2 2 2 2 2 2 2 2 2 2 2 2 2 2 2 2 2 2 2 2 2 2 2 2 2 2 2 2 2 2 2 2 2 2 2 2 2 2 2 2 2 2 2 2 2 2 2
left_child=1 4 12 21 32 -6 9 22 16 11 -10 24 13 15 23 17 46 18 31 56 -21 40 -4 -14 -5 -16 27 28 -18 30 -25 -2 37 -34 -22 36 -15 57 -33 -13 -3 42 53 44 45 -9 -7 50 49 -49 -24 -52 -53 -42 -51 -17 -11 59 60 -1 61 -59
right_child=2 3 7 6 5 8 -8 43 10 19 -12 39 14 35 25 55 26 -19 -20 20 34 -23 47 29 -26 -27 -28 -29 -30 -31 -32 38 33 -35 -36 -37 -38 -39 -40 -41 41 -43 -44 -45 -46 -47 -48 48 -50 54 51 52 -54 -55 -56 -57 -58 58 -60 -61 -62 -63
leaf_value=-0.20819302728699479 0.11149740107773606 -0.036967670702310336 -0.056411110451659682 -0.44842107186666347 -0.11958407229529076 -0.032768150263661422 0.068265769793434142 -0.0048637086886285557 -0.11057653326263445 -0.21333881359824949 -0.047316456954047681 0.1841144002023733 0.062016813491312189 0.12070809676302946 -0.1284215588536218 -0.0022963683952810965 0.010444817340094526 0.011942409645176746 0.32837467590368019 0.16433151855858827 0.0077916543960104877 -0.079842950228274784 0.25588923380772277 0.39429467693000164 -0.10519777675581651 0.064640511055059469 -0.13309693669681333 0.10673319027926458 -0.20146178593693012 0.12338363526642553 0.14215102916955949 -0.03616495727586129 -0.055633815172215176 0.059870880060110952 0.21488668458811941 0.067067651090533642 0.38707070999887755 0.17862038472688424 0.23793626142420424 -0.051896068571861159 -0.039202198127427229 -0.069283585033189501 0.16643194520415044 0.12016847318988859 -0.15170382821300674 0.28668869163745897 -0.16006199879545344 -0.044738085089336826 -0.035917860343735557 0.044248476611979289 -0.10067614520233098 -0.14912984765538806 0.07807723882335417 0.063916543164397058 -0.081699664296150887 -0.15107516140791263 0.01129112807521129 -0.10601295354362017 0.086394047972559951 0.088179235712242274 -0.0074002091260332824 -0.33928709219288583
leaf_weight=20 303 1036 481 20 496 2209 925 50 591 25 2798 26 272 93 53 161 650 962 26 146 303 461 31 51 35 159 65 206 41 358 66 154 139 594 37 1422 26 26 20 260 202 149 76 247 48 23 84 315 908 952 65 32 368 301 88 90 3782 69 32 81 47 48
leaf_count=20 303 1036 481 20 496 2209 925 50 591 25 2798 26 272 93 53 161 650 962 26 146 303 461 31 51 35 159 65 206 41 358 66 154 139 594 37 1422 26 26 20 260 202 149 76 247 48 23 84 315 908 952 65 32 368 301 88 90 3782 69 32 81 47 48
internal_value=2.11325e-05 -0.0166042 0.0339767 0.00666935 -0.0387074 -0.0464084 0.0203944 0.00422909 -0.0409364 0.0108316 -0.058364 -0.0631641 0.0594299 0.0479634 0.0983241 0.0228855 -0.0227841 0.0363925 0.0830886 0.0167167 0.0709241 -0.0276169 -0.00419934 0.121608 -0.232985 0.0161699 0.0122106 0.0228124 -0.00226003 0.155624 0.2533 0.0693815 0.0133558 0.0379398 0.0306212 0.0758705 0.18031 -0.0423955 -0.00404752 -0.0301445 -0.0139475 0.0188099 0.0415262 0.0783504 -0.00712814 0.088273 -0.0374667 0.00491048 -0.00522796 0.0153408 0.0511329 0.0372147 0.0597284 0.0225003 0.0335538 -0.0558516 0.00978728 -0.0620231 -0.108756 0.0287207 -0.147002 -0.202781
internal_weight=23804 15980 7824 7784 8196 7140 5559 3608 6644 4634 3389 341 4216 3257 959 1716 3255 1465 503 4293 486 2225 3240 747 55 212 962 897 691 475 117 477 1056 733 340 1541 119 323 174 286 1764 728 579 368 121 73 2293 2759 2263 1355 496 465 400 503 1040 251 3807 297 196 101 164 117
internal_count=23804 15980 7824 7784 8196 7140 5559 3608 6644 4634 3389 341 4216 3257 959 1716 3255 1465 503 4293 486 2225 3240 747 55 212 962 897 691 475 117 477 1056 733 340 1541 119 323 174 286 1764 728 579 368 121 73 2293 2759 2263 1355 496 465 400 503 1040 251 3807 297 196 101 164 117
is_linear=0
shrinkage=0.035


Tree=48
num_leaves=63
num_cat=0
split_feature=73 63 82 73 73 0 63 63 58 53 38 60 48 51 2 25 41 19 71 59 0 31 18 21 14 19 37 19 65 40 56 20 40 12 32 25 20 18 60 21 54 51 10 31 2 55 60 68 30 31 29 4 49 47 73 3 1 50 28 50 31 50
split_gain=10252.9 6258.69 4095.1 2634.11 2321.69 2125.62 1877.96 1708.35 1700.48 1608.92 1541.77 1475.98 1388.06 1312.32 1291.83 1236.58 1231.1 1679.67 1228.9 1635.36 1212.6 1871.46 1209.15 1203.39 1200.27 1236.16 1149.29 1140.17 1167.6 1134.09 1131.88 1120.85 1117.88 1084.86 1067.12 1040.01 1035.32 1033.63 1031.62 1025.73 1111.27 1092.37 1024.09 1023.94 1094.17 1065.83 1592.3 1412.63 1328.52 1092.72 1052.9 1016.24 1556.81 1317.78 1007.06 1120.52 1085.86 1090.92 1006.01 1000.5 998.934 1246.05
threshold=70.667417585483904 98.59087160213501 -108.49999999999999 77.624933109874561 76.504110791704122 33.500000000000007 108.08523080148201 109.81469293633351 1.0000000180025095e-35 92.820045067130764 24.385856079404469 334.50000000000006 0.43691858332548533 65.890839160839178 27.288018433179726 52.933035714285722 6.4220647773279369 7.4031250000000011 68.990759615384633 1.0000000180025095e-35 2.5000000000000004 38.603030303030316 16.38675213675214 17.30842391304348 0.66655086206896563 5.3190909090909102 5.8366666666666669 7.2540322580645169 0.86995694440635463 13.16954022988506 131.04522639620725 5.2158385093167707 18.433035714285719 12.957427536231886 0.51395119047619053 57.014285714285727 3.2240143369175631 14.450806451612904 234.50000000000003 11.059714795008913 106.10687994286373 67.366410256410276 0.38958333333333334 27.785440613026825 28.890873015873019 100.12585989331338 38.500000000000007 -6.4062618880791495 15.462912087912089 33.301515151515154 0.30157793522267212 0.46202083333333338 0.045040804409060102 0.73810797788070526 64.930255275151325 49.510000000000012 64.760952380952389 65.778488888888901 21.647853736089036 70.498055555555581 38.859605911330057 71.0792
decision_type=2 2 2 2 2 2 2 2 2 2 2 2 2 2 2 2 2 2 2 2 2 2 2 2 2 2 2 2 2 2 2 2 2 2 2 2 2 2 2 2 2 2 2 2 2 2 2 2 2 2 2 2 2 2 2 2 2 2 2 2 2 2
left_child=2 4 9 5 30 7 15 42 35 34 11 -5 14 -14 29 33 26 27 39 -20 21 -17 58 38 -15 -26 -10 51 -29 -8 43 -32 -19 -4 -1 -6 -27 -35 -12 41 -41 -11 -3 -2 45 47 50 -45 -48 -49 -47 52 -18 60 56 -56 59 -58 -21 -22 61 -54
right_child=1 3 6 10 8 -7 12 -9 16 18 23 -13 13 24 -16 20 17 32 19 22 54 -23 -24 -25 25 36 -28 28 -30 -31 31 -33 -34 37 -36 -37 -38 -39 -40 40 -42 -43 -44 44 -46 46 48 49 -50 -51 -52 -53 53 -55 55 -57 57 -59 -60 -61 -62 -63
leaf_value=-0.13891844897171662 -0.21706086752619319 0.19136132436149264 -0.028766791018884318 0.02011481546170878 -0.0316663968761762 0.29147807105620704 -0.13858985807622065 0.071294320080531645 -0.27889729029337568 -0.054800007087566278 0.089059171864050768 0.31595387084955395 -0.068962362941818414 0.11718722860099814 0.13635780915076084 0.13968365918274206 0.027826492358664089 -0.038629506658400259 -0.062512063653764577 -0.052046636044389798 -0.16080283081398253 -0.090400489272095111 0.15022148686154621 -0.1206537929862215 0.092391430626388354 -0.024122928540136968 -0.024962944673824757 0.37420927072709259 0.045887757768046183 0.023956996083259581 -0.0057942420601282494 -0.31230708084266579 0.12310220530998504 -0.17866222443704424 -0.41989130907696343 0.096856611601915998 0.071412321758454161 0.0032154947920600974 0.16978874976905542 -0.078603394971978893 0.082292217047775507 -0.18244906327295049 0.018898605812191029 -0.18569881371750555 0.023203025794889823 0.078791953317821045 0.15473880195927503 -0.077002131622164488 -0.027885425683566653 0.046049446923274992 -0.095210852168059287 -0.018180577629215926 -0.058769004039845224 -0.057185226514122708 0.16391930399563384 -0.016881502803065832 0.1931273850008261 -0.044719273854632216 0.043615792710911441 0.051051801681977052 0.30589188112434934 0.2476497362639806
leaf_weight=77 33 42 256 533 94 37 152 928 22 128 741 21 132 239 38 136 288 498 1462 314 177 63 63 28 271 474 750 27 26 80 26 33 58 162 21 423 196 50 264 456 59 232 5771 42 538 45 50 108 1448 477 693 202 29 27 42 3507 25 321 235 32 66 36
leaf_count=77 33 42 256 533 94 37 152 928 22 128 741 21 132 239 38 136 288 498 1462 314 177 63 63 28 271 474 750 27 26 80 26 33 58 162 21 423 196 50 264 456 59 232 5771 42 538 45 50 108 1448 477 693 202 29 27 42 3507 25 321 235 32 66 36
internal_value=2.09256e-05 0.018577 -0.0284124 0.038179 -0.00857526 0.0286706 -0.0124111 0.0272061 0.016841 -0.0617666 0.0787648 0.03161 0.0206295 0.0355042 -0.0515698 -0.0233687 0.00239428 0.0237583 -0.0571055 -0.0424095 -0.0174861 0.0667814 0.00561946 0.104023 0.0472175 0.0293898 -0.0323798 0.0597739 0.215145 -0.0825932 -0.0271016 -0.178476 -0.0216565 -0.0773723 -0.200988 0.073474 0.00385189 -0.135843 0.110343 -0.0918912 -0.060102 -0.137211 0.0201616 -0.0244741 -0.0225728 -0.0311785 -0.0424851 0.00913893 -0.0217379 0.0232799 -0.08455 0.0469046 0.0763778 0.164487 -0.0215806 -0.0147181 -0.0654047 -0.0272698 -0.0110894 -0.128305 0.210246 0.111481
internal_weight=23804 14404 9400 8365 6039 6778 6353 6741 2546 3047 1587 554 1582 1312 270 4771 2029 1257 2949 2074 4303 199 612 1033 1180 941 772 701 53 232 3493 59 556 468 98 517 670 212 1005 875 515 360 5813 3434 3401 2863 2236 627 1498 585 738 648 446 158 4104 3549 555 346 549 209 131 65
internal_count=23804 14404 9400 8365 6039 6778 6353 6741 2546 3047 1587 554 1582 1312 270 4771 2029 1257 2949 2074 4303 199 612 1033 1180 941 772 701 53 232 3493 59 556 468 98 517 670 212 1005 875 515 360 5813 3434 3401 2863 2236 627 1498 585 738 648 446 158 4104 3549 555 346 549 209 131 65
is_linear=0
shrinkage=0.035


Tree=49
num_leaves=63
num_cat=0
split_feature=73 63 61 73 61 73 73 59 71 48 14 52 75 61 15 35 16 40 16 19 5 44 29 63 81 24 38 41 58 57 23 16 20 43 23 70 50 37 3 36 33 12 22 34 71 34 43 44 33 20 3 67 40 44 3 33 77 75 34 64 33 29
split_gain=9676.82 5982.72 4299.2 2889.32 2228.99 2002.3 1661.45 1611.62 1425.88 1420.23 1402.09 1470.17 1378.49 1469.48 1527.77 1394.16 1392.35 1320.86 1201.33 1659.22 1178.49 1175.01 1151.34 1275.71 1148.09 1131.67 1395.74 1376.94 1124.74 1274.59 1320.07 1219.44 1402.03 1376.74 1229.09 1249.68 1123.97 1116.69 1110.34 1287.31 1199.51 1311.26 1134.96 1073.97 1361.26 1209.7 1070.3 1038.93 1092.58 1038.41 1036.81 1035.35 1032.21 1037.69 1474.81 1108.54 1031.48 1011.49 1169.69 1147.77 1109.37 1009.1
threshold=74.409773648566031 105.22573145487551 0.71058371686166855 68.107114501943343 0.55775450454308506 68.529878023044333 83.361663812817554 1.0000000180025095e-35 67.658958605664495 0.64981345043845062 0.79948913043478276 1.2041052631579066 154.37236776788509 0.39458499996276558 10.795833333333336 23.710084033613452 22.122500000000006 14.134848484848487 25.616515837104078 6.014705882352942 5.5931712962962967 15.662280701754387 0.35479130434782619 108.54178691044301 0.8198644907104008 24.540064102564106 23.25403225806452 4.9848484848484853 1.0000000180025095e-35 1.0000000180025095e-35 68.113247863247878 25.91833333333334 3.5508620689655177 10.955533596837947 65.508064516129039 8.2170907047763126 68.570454545454552 6.1371473354231982 58.557777777777787 0.6621125000000001 0.4725119047619048 16.672619047619051 21.114379084967322 9.9069264069264076 66.99120835686054 10.014705882352944 12.948684210526318 18.779513888888893 0.53585092592592598 3.8224789915966393 51.688259109311751 104.06821567297602 9.7550000000000008 15.015151515151517 57.796551724137935 0.48093888888888897 1.9037704394675794 133.20788436249344 14.288018433179726 334.50000000000006 0.49033908045977009 0.36486607142857147
decision_type=2 2 2 2 2 2 2 2 2 2 2 2 2 2 2 2 2 2 2 2 2 2 2 2 2 2 2 2 2 2 2 2 2 2 2 2 2 2 2 2 2 2 2 2 2 2 2 2 2 2 2 2 2 2 2 2 2 2 2 2 2 2
left_child=1 3 12 7 28 38 20 24 -9 -6 43 -12 13 37 21 16 -14 -10 19 -17 -4 -15 23 -7 -1 27 -27 56 29 30 -5 32 -30 -33 -34 -36 -29 -2 40 -40 -3 49 -41 46 -45 -46 -11 -28 -49 57 -24 -21 -47 54 -54 -55 -26 58 60 -59 -42 -16
right_child=2 5 6 4 9 22 -8 8 17 10 11 -13 15 14 61 18 -18 -19 -20 51 -22 -23 50 -25 25 26 47 36 31 -31 -32 33 34 -35 35 -37 -38 -39 39 42 41 -43 -44 44 45 52 -48 48 -50 -51 -52 -53 53 55 -56 -57 -58 59 -60 -61 -62 -63
leaf_value=-0.25274578622523053 0.19989318385114593 -0.073928695452457213 -0.090293855305020099 -0.075696973312732785 -0.022155645965311398 0.022789902992071974 0.074285370114437602 -0.078840369099692095 -0.016103166266579379 -0.074841313178009475 -0.058037950417574716 0.34076095346706675 0.24928340178992622 0.090840158915094268 -0.0041820610734756569 0.2793170753146561 0.098104969407124834 0.13148629347656085 -0.10466712955274482 -0.072679724332279191 0.0010261104710936493 0.018915313943300354 0.23035010050966387 0.078031012913475167 0.098784674704784442 0.01786881617227647 -0.044780466871929582 -0.15436795290206753 0.0054043713817710443 0.025498635691488206 0.23551190212772741 0.21507704434787558 -0.26254075934459919 0.026514446444774083 -0.054194894636956509 0.21137872704101937 -0.080364845810764488 0.063334602158745007 0.089685157881710678 0.0047513298541307456 0.11937009416779441 0.26573482341267346 -0.21939799231795942 -0.24006508976398128 0.20652347925513292 -0.23186131603040813 -0.2779179229053661 -0.1145555259439042 -0.3884529354932697 -0.12573101019256377 -0.0053635007355874982 0.15801519044520151 0.210972134454636 0.0074369042545275876 -0.077438250082681029 -0.093533149270452698 -0.068110047987619035 -0.057267670375688633 0.27585431163568125 0.13569480637175527 -0.02142410936775533 -0.14996810967520458
leaf_weight=43 77 476 183 21 3355 1069 368 457 961 67 25 20 84 369 163 35 663 80 70 72 3057 1129 23 984 73 324 362 385 1424 336 77 53 33 421 622 22 732 1429 244 446 106 21 29 50 21 40 61 111 21 86 838 35 42 185 44 474 118 339 25 42 192 90
leaf_count=43 77 476 183 21 3355 1069 368 457 961 67 25 20 84 369 163 35 663 80 70 72 3057 1129 23 984 73 324 362 385 1424 336 77 53 33 421 622 22 732 1429 244 446 106 21 29 50 21 40 61 111 21 86 838 35 42 185 44 474 118 339 25 42 192 90
internal_value=2.06854e-05 -0.0155939 0.0319118 -0.029877 -0.0172754 0.0165133 0.00386381 -0.0552762 -0.0273394 -0.0331958 -0.0691599 0.120926 0.0559107 0.0450365 0.0232206 0.0927958 0.115265 -0.0047 0.0135223 0.071972 -0.00414383 0.0366592 0.0350368 0.0492811 -0.0745582 -0.070894 -0.0385616 -0.091089 0.00592044 0.0580092 0.168743 -0.00286699 -0.0143104 0.0478102 -0.0557571 -0.0449601 -0.105933 0.070383 -0.010395 0.0244298 -0.0298549 -0.00395283 -0.00914253 -0.0779134 -0.0636953 -0.0526079 -0.172352 -0.0755604 -0.159458 -0.0112897 0.00105912 0.00313264 -0.0596716 -0.0502725 0.0637782 -0.0651985 -0.00421341 0.00276468 0.0482938 -0.0358371 0.0287614 -0.05625
internal_weight=23804 15980 7824 11060 7393 4920 3608 3667 1498 4384 1029 45 4216 3257 1751 959 747 1041 212 142 3240 1498 2914 2053 2169 2126 818 1308 3009 434 98 2575 2101 474 677 644 1117 1506 2006 719 1287 811 475 984 856 806 128 494 132 790 861 107 785 745 86 659 191 704 323 381 298 253
internal_count=23804 15980 7824 11060 7393 4920 3608 3667 1498 4384 1029 45 4216 3257 1751 959 747 1041 212 142 3240 1498 2914 2053 2169 2126 818 1308 3009 434 98 2575 2101 474 677 644 1117 1506 2006 719 1287 811 475 984 856 806 128 494 132 790 861 107 785 745 86 659 191 704 323 381 298 253
is_linear=0
shrinkage=0.035


Tree=50
num_leaves=63
num_cat=0
split_feature=76 71 76 76 71 0 59 0 0 71 64 28 71 21 71 72 36 16 58 22 43 14 32 14 47 35 21 14 39 63 34 20 49 48 20 44 15 45 67 71 7 41 3 27 63 81 71 74 31 68 16 22 15 71 13 51 48 17 42 19 47 42
split_gain=9081.94 6643.47 2350.73 2268.72 2123.18 3126.25 2017.36 1747.62 1708.65 1716.59 1646.03 1526.76 1654.44 1618.86 1415.53 1395.53 1924.25 1556.79 1379.38 1475.45 1302.47 1287.99 1276.59 1275.1 1274.23 1259.27 1239.12 1225.95 1465.49 1203.55 1197.63 1188.76 1392.87 1184.76 1639.77 1276.81 1136.85 1147.67 1128.9 1113.28 1099.43 1089.82 1079.17 1078.73 1070.34 1054.66 1050.88 1045.65 1035.74 1028.4 1173.99 1005.55 1472.97 1396.78 1265.97 1158.95 1003.98 1496.7 1397.63 1128.55 1056.81 1063.96
threshold=0.19669635867319302 71.114277504105104 -0.29332732991428589 -0.081766352051703947 70.850321833010639 3.5000000000000004 1.0000000180025095e-35 1.5000000000000002 27.500000000000004 74.860588235294131 335.50000000000006 17.919871794871799 67.448649350649362 10.314144736842108 68.441245210727985 75.180307837477457 0.72314835164835178 22.440588235294122 1.0000000180025095e-35 17.131884057971018 16.205263157894738 0.78660072595281316 0.59696153846153854 0.76375961538461545 0.45110909829326423 22.603571428571431 12.477225672877848 0.65302173913043482 30.183501683501689 110.28179665549051 15.33854166666667 3.6030303030303035 0.043928696876480058 0.49690315253593864 2.6030303030303035 18.192928039702238 4.5669642857142865 0.89087301587301593 88.880383672277318 73.01101443355121 0.2774327485380117 7.8596059113300498 60.820855614973269 6.232051282051283 110.8082518897025 0.83174260869648764 69.690233990147803 -3.3789436749607016 31.842927631578952 -4.6462419668703481 22.966091954022989 19.298148148148154 11.627314814814817 75.041111111111135 16.966091954022989 75.911345029239769 0.50242255701814542 32.842927631578952 2.6720430107526885 5.8248081841432233 0.62968647517922338 1.7875939849624063
decision_type=2 2 2 2 2 2 2 2 2 2 2 2 2 2 2 2 2 2 2 2 2 2 2 2 2 2 2 2 2 2 2 2 2 2 2 2 2 2 2 2 2 2 2 2 2 2 2 2 2 2 2 2 2 2 2 2 2 2 2 2 2 2
left_child=1 3 40 14 6 -6 10 -5 9 22 21 -9 31 33 36 16 23 20 -16 56 25 45 -7 29 -25 -17 -27 28 -15 51 -10 32 -13 -14 -35 -36 -1 44 -19 -31 -3 -29 -21 -34 -38 -2 -8 -40 -23 50 -47 52 55 -53 -54 -4 57 -20 60 -59 61 -58
right_child=4 2 15 7 5 8 46 11 30 -11 -12 12 13 27 18 17 -18 38 19 42 -22 48 -24 24 -26 26 -28 41 -30 39 -32 -33 43 34 35 -37 37 -39 47 -41 -42 -43 -44 -45 -46 49 -48 -49 -50 -51 -52 53 54 -55 -56 -57 58 59 -60 -61 -62 -63
leaf_value=0.19657357525434654 -0.24572616407045952 -0.02030558329790377 0.026110805095963769 0.16939146698923671 -0.087026017106746151 -0.02171690933933039 -0.048744065670781447 -0.069036804799574761 0.064682173676686744 0.067533834888315519 -0.17245394174328527 -0.066210794012219909 0.19302763939781323 0.037414084188611127 0.088352161748056657 0.1522845629181932 0.05503303775974256 -0.087306853020118064 -0.076989230610555556 0.0048615082266729674 0.36273642436569592 0.26885313548043721 0.24951880053448125 0.28294980392321734 0.043242467662882304 0.12631143709438952 -0.17254923900659536 0.0018315871041964216 -0.099631092305147217 0.0043615400731215701 0.31024334940914478 -0.12172328999503093 -0.15377814174758064 -0.10380969433685146 0.11092995883861469 -0.082765408255521547 -0.033752571698926599 0.2405038241177071 0.10597202746211744 0.13155139140874891 0.10365331898067043 -0.051360577182570318 -0.09067256719102447 0.11248283092371406 0.0685523732040665 -0.14411908550533628 0.01609464983625563 0.036199364422770983 -0.0092513747483277484 -0.089133561765970384 0.042181551933994907 -0.069313861377507044 -0.36335058873198756 0.059674509853275444 -0.062088700593214988 -0.060669556892565778 -0.048712710902094843 0.23427969724155334 0.040894494874256941 -0.0311251482073466 -0.093752236632312219 0.20517092573891482
leaf_weight=30 45 98 1149 59 613 1882 956 720 109 332 229 351 67 128 398 178 1140 81 163 1160 26 21 21 35 117 33 34 3070 374 211 31 269 22 82 220 51 1229 20 302 140 814 557 165 109 139 55 450 2037 69 976 163 616 21 123 85 225 23 41 727 37 20 156
leaf_count=30 45 98 1149 59 613 1882 956 720 109 332 229 351 67 128 398 178 1140 81 163 1160 26 21 21 35 117 33 34 3070 374 211 31 269 22 82 220 51 1229 20 302 140 814 557 165 109 139 55 450 2037 69 976 163 616 21 123 85 225 23 41 727 37 20 156
internal_value=2.04003e-05 0.0125037 0.0376882 -0.00559668 -0.0374184 -0.0165926 -0.0584052 -0.0193663 0.00159964 -0.00584005 -0.085832 -0.0212308 -0.0147298 -0.00678043 0.0138327 0.0303556 0.0168683 0.0497039 0.0278849 0.0182104 0.129198 -0.0708443 -0.0186572 0.000876112 0.0992079 0.103712 -0.0254521 -0.0134424 -0.0646779 -0.00495643 0.119992 -0.0628399 -0.0298782 0.0586426 0.0328892 0.0743799 -0.014804 -0.0194443 0.0407756 0.0552175 0.0903255 -0.00634215 -0.00706226 0.0673259 -0.0233337 -0.080133 -0.0279912 0.0452303 0.0567279 -0.0737889 -0.00502712 -0.0144866 0.00216296 -0.0478143 -0.123231 0.0118806 0.0468985 -0.016697 0.0634537 0.108942 0.145542 0.172485
internal_weight=23804 17852 7465 10387 5952 2988 2964 6079 2375 2235 1558 6020 5300 4549 4308 6553 3862 2691 2890 2492 271 1329 1903 2722 152 245 67 4129 502 2570 140 751 482 420 353 271 1418 1388 2420 351 912 3627 1325 131 1368 1239 1406 2339 90 1194 218 2219 1480 739 106 1374 1167 241 926 78 199 179
internal_count=23804 17852 7465 10387 5952 2988 2964 6079 2375 2235 1558 6020 5300 4549 4308 6553 3862 2691 2890 2492 271 1329 1903 2722 152 245 67 4129 502 2570 140 751 482 420 353 271 1418 1388 2420 351 912 3627 1325 131 1368 1239 1406 2339 90 1194 218 2219 1480 739 106 1374 1167 241 926 78 199 179
is_linear=0
shrinkage=0.035


Tree=51
num_leaves=63
num_cat=0
split_feature=73 63 63 73 58 51 60 63 73 29 75 55 1 7 61 75 16 27 29 20 29 24 71 20 40 32 40 43 2 10 18 18 63 10 29 12 20 14 12 29 55 7 5 5 47 31 29 14 27 41 20 12 27 7 48 22 41 35 10 70 32 7
split_gain=8512.52 4689.25 4231.86 1910.54 1876.95 1671.41 1647.8 1588.01 1514.85 1405.87 1378.63 1300.89 1254.16 1166.05 1154.32 1146.56 1227.57 1124.61 1079.37 1158.57 1157.99 1146.29 1122.45 1071.12 1062.53 1060.49 1123.07 1431.13 1381.32 1050.01 1028.22 1008.24 1004.69 1344.77 1273.25 996.698 992.86 1113.39 1747.86 1081.38 1243.24 1037.74 981.398 1047.81 967.734 965.89 1440.1 1323.79 1284.09 999.669 979.889 1305.6 1348.83 961.179 944.379 937.746 937.125 936.665 938.46 935.794 935.619 1432.21
threshold=71.97227523929304 99.241920455680159 105.22573145487551 62.800173437231223 1.0000000180025095e-35 73.480769230769241 137.50000000000003 108.54178691044301 77.276143033160409 0.28787228260869574 128.15510921365873 95.408591078313776 63.288690476190482 0.39924038461538469 0.13517388924146104 140.11096885874261 19.673333333333336 10.660256410256411 0.22216666666666668 1.8366666666666669 0.42558333333333337 30.919871794871799 67.268054933714396 1.6720430107526882 15.716517857142859 0.55602173913043484 15.145502645502647 14.254032258064518 22.716517857142861 0.40020555555555559 12.280625000000002 11.381652661064427 92.884889787728767 0.60953260869565229 0.40737564102564106 12.415229885057473 2.5735930735930741 0.77786666666666682 17.779513888888893 0.33535147058823533 97.830565444509631 0.37251666666666672 5.6510869565217403 5.2546296296296306 0.49686248403486255 39.145502645502653 0.29793440860215054 0.69525657894736848 5.4220647773279369 6.5075757575757587 2.8762755102040818 13.859605911330052 8.5075757575757596 0.33294281045751639 0.62751366017495058 20.672619047619051 5.7379862700228843 15.957427536231886 0.50201470588235309 3.9977512359891922 0.48871825396825402 0.36230199430199433
decision_type=2 2 2 2 2 2 2 2 2 2 2 2 2 2 2 2 2 2 2 2 2 2 2 2 2 2 2 2 2 2 2 2 2 2 2 2 2 2 2 2 2 2 2 2 2 2 2 2 2 2 2 2 2 2 2 2 2 2 2 2 2 2
left_child=2 4 3 53 24 17 12 8 36 -9 29 44 -5 18 23 16 30 32 -8 -20 21 22 -21 -12 35 26 27 -25 -29 -4 -16 -26 34 -34 42 -2 37 38 41 54 -41 57 43 -6 -7 48 49 -48 -17 -47 -50 -52 -53 -1 -38 -44 -15 58 -3 -58 61 -42
right_child=1 7 10 6 5 11 13 9 -10 -11 14 -13 -14 56 15 45 -18 -19 19 20 -22 -23 -24 25 31 -27 -28 28 -30 -31 -32 -33 33 -35 -36 -37 39 -39 -40 40 60 -43 55 -45 -46 46 47 -49 50 -51 51 52 -54 -55 -56 -57 59 -59 -60 -61 -62 -63
leaf_value=-0.050298905505486165 -0.047468593100285901 0.22555818044128628 0.14718702841817211 -0.17008698934671382 -0.022496859152340197 -0.22668688144148152 -0.24046370612900214 0.34594551976120225 0.064315170143347533 0.072295760882503668 -0.10230279611393639 0.036032979136422144 -0.044039473922256059 0.22376082360254193 0.27393827070762861 0.28212087570104682 -0.015962300422231623 -0.13060620137499127 0.052202242071558734 -0.085645128146233276 0.20421187932708049 -0.23746380727664862 -0.015291331927694565 0.023518065972088192 -0.13793613990794784 -0.1501755713249775 0.23880367780382838 0.0061474998985113728 0.24764799621648956 -0.083882496783901805 -0.0033209074465128095 0.11071501792002476 -0.0046138860551504434 -0.20557235252821307 -0.25309917079912475 0.042576758954680098 0.063256691010356803 0.19305287961321552 -0.23345193312168122 -0.16897204832209123 0.10019625553923207 0.13915041926118282 -0.035627387193182557 -0.23819058945011501 -0.016465831116767679 -0.09144100286279408 -0.2527259914289261 -0.026920677752799074 0.0057967929418373063 0.17815092910962915 0.13158708234631444 0.057216145574306182 -0.17137738580947531 -0.13994701989951422 -0.014832932319841568 0.1800312935128516 -0.099679720807360858 0.016837058301251689 0.033105611003554657 0.15755215024948122 -0.01230599609834495 -0.085275860213919696
leaf_weight=287 209 57 26 99 51 39 26 23 1378 1191 43 1095 3554 43 33 28 1726 116 279 306 27 30 2975 264 21 23 55 44 85 268 32 294 2397 41 36 535 659 63 27 55 219 135 791 60 84 24 43 119 435 54 255 158 39 301 266 25 38 640 68 31 1413 66
leaf_count=287 209 57 26 99 51 39 26 23 1378 1191 43 1095 3554 43 33 28 1726 116 279 306 27 30 2975 264 21 23 55 44 85 268 32 294 2397 41 36 535 659 63 27 55 219 135 791 60 84 24 43 119 435 54 255 158 39 301 266 25 38 640 68 31 1413 66
internal_value=2.07628e-05 0.020685 -0.0211778 -0.0355693 -0.0020056 -0.0114278 -0.0307442 0.0416856 0.0330319 0.0776234 0.00947583 0.0238996 -0.0474793 -0.0144586 0.0156622 0.00721185 -0.0103209 -0.023665 -0.0178844 -0.0162504 -0.0219799 -0.023856 -0.0218659 0.0640346 0.0401054 0.0793202 0.0912644 0.0703304 0.165645 -0.0632207 0.138405 0.0939349 -0.0199978 -0.00803631 -0.0502569 0.0172622 0.0212712 0.0512123 0.04147 0.0101938 -0.00596164 0.0498466 -0.0422436 -0.139665 -0.0837975 0.0343947 -0.0280465 -0.0874714 0.050783 0.0951009 0.0433215 0.0793809 0.0116246 -0.0962761 0.040801 -0.0289097 0.0965228 0.0340019 0.121441 0.0161399 -0.000631317 0.0571584
internal_weight=23804 12054 11750 7996 5794 4735 7408 6260 5046 1214 3754 1218 3653 3755 3460 2946 1791 3517 3643 3617 3338 3311 3281 514 1059 471 448 393 129 294 65 315 3401 2438 963 744 3668 990 927 2678 1753 900 927 111 123 1155 240 162 915 78 887 452 197 588 925 816 112 765 125 69 1698 285
internal_count=23804 12054 11750 7996 5794 4735 7408 6260 5046 1214 3754 1218 3653 3755 3460 2946 1791 3517 3643 3617 3338 3311 3281 514 1059 471 448 393 129 294 65 315 3401 2438 963 744 3668 990 927 2678 1753 900 927 111 123 1155 240 162 915 78 887 452 197 588 925 816 112 765 125 69 1698 285
is_linear=0
shrinkage=0.035


Tree=52
num_leaves=63
num_cat=0
split_feature=76 71 71 0 76 55 71 0 81 0 25 14 63 0 27 58 31 75 15 13 44 47 33 71 63 51 79 47 55 49 14 76 41 37 76 1 44 15 51 63 68 46 47 11 8 34 52 74 50 68 27 45 37 21 16 50 7 25 53 45 61 81
split_gain=7997.37 5175.1 2839.54 2595.7 2546.24 2237 1844.44 1753.42 1621.89 1592.78 1588.8 1580.86 1467.7 1429.22 1395.11 1338.64 1469.66 1175.23 1212.02 1310.16 1167.83 1448.29 1154.21 1153.54 1131.31 1127.6 1126.64 1268.36 1504.75 1352.11 1109.16 1131.08 1318.71 1099.23 1068.7 1053.92 1046.17 2390.39 1134.71 1210.69 1259.07 1199.77 1035.71 1031.58 1028.56 1027.08 1256.95 1038.55 1386.93 1238.8 1370.46 1093.2 1001.79 969.494 963.316 1003.87 953.475 951.837 1191.31 1127.41 1288.13 1236.05
threshold=0.13033810508504753 69.065241892610331 70.89765196078433 3.5000000000000004 -0.21528867231633042 86.105434746545214 74.947132575757593 27.500000000000004 0.92417131114902384 1.5000000000000002 60.603571428571435 0.68315075757575772 90.232174248364018 31.500000000000004 9.492424242424244 1.0000000180025095e-35 35.734313725490203 161.17359319059724 8.644009216589863 23.942810457516341 21.377976190476193 0.47866266862262857 0.57698076923076924 76.352500000000006 101.40207471759152 67.601111111111138 1.0558651544243796 0.29424098164906992 95.408591078313776 -0.24723875661375647 0.69246410256410262 -0.44892454840099844 4.7290209790209801 15.066666666666668 0.35550047710250704 83.020000000000024 14.953463203463206 11.113247863247866 72.860476190476206 92.756442683924817 2.4241869271640017 0.56385869565217395 0.44374657990325411 0.54050925925925941 21.981481481481485 11.60357142857143 -5.0842051282051264 1.815468593573492 76.064592592592604 -13.727588069617346 7.9622507122507136 0.27429467084639497 11.717142857142859 10.314144736842108 19.018518518518523 63.677963636363643 0.35620344827586209 57.802777777777784 108.54937977152038 0.68496240601503777 0.44270874203163352 0.92742076314062827
decision_type=2 2 2 2 2 2 2 2 2 2 2 2 2 2 2 2 2 2 2 2 2 2 2 2 2 2 2 2 2 2 2 2 2 2 2 2 2 2 2 2 2 2 2 2 2 2 2 2 2 2 2 2 2 2 2 2 2 2 2 2 2 2
left_child=1 8 5 26 15 -2 7 -5 -1 24 11 20 34 25 22 16 -3 18 19 -17 35 -22 30 -20 -10 -13 -4 28 -28 44 31 -11 -33 36 -7 43 37 -12 39 -38 41 -41 -16 -6 -29 -40 -47 49 -49 50 51 -48 57 -54 -32 -56 -34 59 -59 60 -14 -61
right_child=2 4 3 6 10 12 -8 -9 9 14 33 13 52 -15 42 17 -18 -19 23 -21 21 -23 -24 -25 -26 -27 27 29 -30 -31 54 32 56 -35 -36 -37 38 -39 45 40 -42 -43 -44 -45 -46 46 47 48 -50 -51 -52 -53 53 -55 55 -57 -58 58 -60 61 -62 -63
leaf_value=-0.13493871164018648 -0.15205465996686535 0.1956635419094527 0.0029861244443430586 -0.011522039639553807 -0.0078822061456253235 -0.051455439796632127 0.074374584928823151 0.098284382870603204 0.0061928773266928545 0.080463285296441561 0.14930094737851105 -0.03837158583907628 -0.0084088076649874947 0.14450485378583985 0.2497169888293157 0.071970960128371467 0.060788443610585975 0.19468284664479063 0.00295105180340458 -0.144106619306276 -0.28149063135415653 -0.019557390868902208 -0.18293821277743666 0.20656117758112896 0.33819915842110254 0.02379524155784991 -0.13314659952973748 -0.13666324596955226 0.15007600023141765 -0.094193068333965568 0.20877238198296699 0.060859106761488056 -0.047644722698821813 -0.18110120292739437 -0.17898753715960519 0.09539943540218758 -0.10766439132140049 -0.12017540591655627 -0.0093080362203609539 0.017557754865842289 0.064139726116511295 -0.11036077040777545 0.0339370318403708 -0.093574036222977899 -0.43199326861500742 0.025625415881054939 0.14503784841142203 0.12615395557521336 0.41085279418907916 0.052125414039808873 0.043374574034124293 0.45979583690166476 0.065422985769808303 -0.17516483120668319 -0.11564531734645071 -0.0023948975641707856 -0.12511085543088693 0.018367280626192379 -0.051972792224829881 -0.068861331479995347 -0.088404736922979288 0.01587064349540477
leaf_weight=142 241 166 204 2553 1784 166 426 191 24 83 241 398 335 111 30 1121 246 63 857 35 44 62 54 35 26 3467 41 32 51 370 25 115 996 27 157 109 108 48 290 266 366 135 259 190 27 625 28 124 25 555 46 27 25 108 100 2089 242 790 470 338 936 559
leaf_count=142 241 166 204 2553 1784 166 426 191 24 83 241 398 335 111 30 1121 246 63 857 35 44 62 54 35 26 3467 41 32 51 370 25 115 996 27 157 109 108 48 290 266 366 135 259 190 27 625 28 124 25 555 46 27 25 108 100 2089 242 790 470 338 936 559
internal_value=2.00335e-05 0.014481 -0.028439 -0.00700429 0.0265189 -0.0486744 0.00666163 -0.00386102 -0.0188812 -0.0147879 0.0178704 0.0078058 -0.04224 0.0209559 -0.017257 0.0576191 0.115311 0.0463332 0.0417216 0.0653663 -0.0160772 -0.129128 -0.0230384 0.0110554 0.180545 0.0173885 -0.0667256 -0.0940049 0.0237819 -0.119271 -0.0206471 -0.0445986 -0.0523001 0.0391793 -0.113636 -0.010293 0.0412738 0.104401 0.0342233 0.00176742 0.017241 -0.0255822 0.056741 -0.0161535 -0.274368 0.0507269 0.0629033 0.0918075 0.17516 0.072751 0.18524 0.302369 -0.035748 -0.12984 -0.005104 -0.00759534 -0.0628348 -0.032078 -0.00787811 -0.0461359 -0.0673344 -0.016074
internal_weight=23804 15784 8020 3895 11599 4125 3170 2744 4185 4043 9076 6165 3884 3976 3993 2523 412 2111 2048 1156 2189 106 3704 892 50 3865 725 521 92 429 3650 1436 1353 2911 323 2083 2884 289 2595 875 767 401 289 1974 59 1720 1430 805 149 656 101 55 3561 133 2214 2189 1238 3428 1260 2168 1271 897
internal_count=23804 15784 8020 3895 11599 4125 3170 2744 4185 4043 9076 6165 3884 3976 3993 2523 412 2111 2048 1156 2189 106 3704 892 50 3865 725 521 92 429 3650 1436 1353 2911 323 2083 2884 289 2595 875 767 401 289 1974 59 1720 1430 805 149 656 101 55 3561 133 2214 2189 1238 3428 1260 2168 1271 897
is_linear=0
shrinkage=0.035


Tree=53
num_leaves=63
num_cat=0
split_feature=73 63 63 71 15 73 63 28 81 76 58 47 51 40 79 73 58 12 0 1 10 63 21 44 51 19 47 69 60 31 63 19 0 28 31 31 51 20 48 3 63 51 67 0 42 3 35 10 24 20 71 30 32 0 60 24 45 15 22 29 40 40
split_gain=7583.43 4704.91 3550.6 2339.31 2143.11 1613.62 1558.63 1480.86 1530.09 1473 1385.93 1512.54 1556.73 1386.37 1270.73 1269.65 1282.01 1458.25 1249.42 1192.09 1189.22 1299.32 1174.11 1247.7 1150.7 1144.82 1125.2 1116.2 1188.44 1094.02 1090.22 1060.16 1098.82 1046.4 1041.91 1262.25 1041.1 1068.45 1028.07 1016.21 998.688 1020.06 1289.82 1006.78 1431.18 1364.62 989.932 978.63 977.661 1048.69 976.801 1134.25 1892.73 1116.7 991.468 1576.63 1199.04 1119.86 1189.17 1488.86 1089.38 1000.5
threshold=74.409773648566031 105.22573145487551 101.90650547056801 68.509182480188485 8.9344086021505387 67.297637620686785 89.793700366153772 20.753787878787886 0.92857225195229387 0.51355564585184255 1.0000000180025095e-35 0.48146190342132184 73.480769230769241 15.49193548387097 0.82612546678756094 62.229780174454994 1.0000000180025095e-35 17.982142857142861 3.5000000000000004 67.70185185185187 0.58782105263157913 102.60435939149251 11.779513888888891 17.540064102564106 66.102769230769255 9.9833333333333361 0.54985573029131196 8.7383372907927512 25.500000000000004 30.559027777777782 92.342116587905721 7.7795138888888902 2.5000000000000004 27.639610389610393 33.016129032258071 40.260064412238329 74.176695652173933 4.7795138888888902 0.40816245555732883 57.144957983193287 110.62081240280551 66.281052631578959 94.233947799986268 25.500000000000004 3.7819293478260874 63.017857142857146 11.783625730994155 0.47954006410256417 25.803225806451618 3.9272486772486777 75.041111111111135 22.134848484848487 0.59403125000000012 11.500000000000002 65.500000000000014 27.672043010752692 0.58957219251336912 11.762352941176472 14.859605911330052 0.34278940886699516 14.327380952380954 13.651086956521741
decision_type=2 2 2 2 2 2 2 2 2 2 2 2 2 2 2 2 2 2 2 2 2 2 2 2 2 2 2 2 2 2 2 2 2 2 2 2 2 2 2 2 2 2 2 2 2 2 2 2 2 2 2 2 2 2 2 2 2 2 2 2 2 2
left_child=1 3 6 9 7 48 -2 8 39 46 13 30 -13 34 26 19 38 50 25 -6 24 -22 23 27 -9 -14 -4 -20 -29 -26 -12 -32 -33 -25 -8 -36 -19 -38 -17 -5 41 -7 -43 45 -45 -42 -1 -41 49 -3 51 52 54 -52 57 56 -56 58 59 -18 61 -58
right_child=2 5 14 4 15 40 10 20 -10 -11 11 12 18 -15 -16 16 17 36 22 -21 21 -23 -24 33 29 -27 -28 28 -30 -31 31 32 -34 -35 35 -37 37 -39 -40 47 43 42 -44 44 -46 -47 -48 -49 -50 -51 53 -53 -54 -55 55 -57 60 -59 -60 -61 -62 -63
leaf_value=0.11007629403346465 -0.055394595307388668 -0.016066395883277296 0.4372018569824172 -0.15733589225550662 -0.39097046928870971 -0.063600665091018971 -0.066258364893825181 -0.17073105469795125 -0.0077526959668661128 -0.16169136648600049 -0.23983546581904094 0.00086246114280352445 0.0011409406121130345 0.11404316047973465 0.057983932534265183 -0.13249109583340193 0.16558812611616724 -0.1647877367303944 -0.098861919546783208 -0.096152967944512002 -0.097567977975906203 0.17457054260798865 0.095800795906225783 -0.10480463309529935 0.10983899867684727 -0.27193963140629712 0.084999968838165796 -0.021184804732691159 0.26700162562788138 0.020305225487555572 -0.088992189518872764 -0.15377569505684785 0.10287045615195563 0.1464326809048653 0.077609608933069923 -0.073815307527245175 -0.14658521467778418 0.13735333713844641 0.038956250322580342 -0.20143641433357332 0.021615818844827793 0.21567697617698867 0.018827066075361238 0.16415921459980809 -0.055067845761775987 0.19069902118116386 -0.051235682589650451 0.0066348918487327806 0.075376929286326846 -0.12498804041606112 0.01155798655131407 -0.13405888739586194 0.22932505263143513 0.2631900144184337 -0.058652490408313378 0.06672645591215029 -0.0031625578902485614 -0.15552279718080692 -0.068295757120849787 -0.14438166501630439 -0.083133350665514291 0.11223146961000859
leaf_weight=47 395 1158 20 157 20 182 124 36 1175 148 37 2608 94 324 2604 47 61 178 26 97 176 24 578 119 181 23 25 27 49 2130 198 26 89 24 351 83 31 33 437 34 629 41 2368 187 45 64 2558 140 127 119 142 140 33 25 1074 214 721 149 539 27 181 105
leaf_count=47 395 1158 20 157 20 182 124 36 1175 148 37 2608 94 324 2604 47 61 178 26 97 176 24 578 119 181 23 25 27 49 2130 198 26 89 24 351 83 31 33 437 34 629 41 2368 187 45 64 2558 140 127 119 142 140 33 25 1074 214 721 149 539 27 181 105
internal_value=1.97754e-05 -0.013803 0.0282514 -0.0264694 -0.0172003 0.0146696 0.0113793 0.0010121 -0.0264949 -0.0544286 0.0169031 0.00793418 0.0147852 0.0565105 0.0612026 -0.0345512 -0.0313235 -0.0384155 0.0533887 -0.148028 0.0172799 -0.06454 0.0686034 0.00436091 0.024266 -0.0534405 0.244695 0.0976308 0.165105 0.0273414 -0.0614278 -0.039978 0.0444013 -0.0622512 0.023026 0.0485908 -0.121364 -0.00019531 0.0221807 -0.0929042 0.0273351 0.0161819 0.0222229 0.0585467 0.121595 0.0373623 -0.0483033 -0.0344633 -0.0170441 -0.0262642 -0.0325127 -0.0367645 -0.0323542 0.0499215 -0.0352041 -0.0236286 -0.0329357 -0.0693967 -0.0488166 0.0701658 -0.0054889 0.011561
internal_weight=23804 15980 7824 11060 8307 4920 5175 4053 1506 2753 4780 3898 3548 882 2649 4254 4137 3653 940 117 2547 200 823 245 2347 117 45 102 76 2311 350 313 115 143 558 434 242 64 484 331 3516 2591 2409 925 232 693 2605 174 1404 1277 3411 3244 3104 167 3071 2295 2081 776 627 88 1007 826
internal_count=23804 15980 7824 11060 8307 4920 5175 4053 1506 2753 4780 3898 3548 882 2649 4254 4137 3653 940 117 2547 200 823 245 2347 117 45 102 76 2311 350 313 115 143 558 434 242 64 484 331 3516 2591 2409 925 232 693 2605 174 1404 1277 3411 3244 3104 167 3071 2295 2081 776 627 88 1007 826
is_linear=0
shrinkage=0.035


Tree=54
num_leaves=63
num_cat=0
split_feature=76 71 76 0 71 43 19 71 0 76 0 34 41 63 32 0 34 71 39 72 36 2 14 47 28 7 65 39 63 38 78 12 35 35 71 44 10 7 35 34 54 10 50 24 31 63 71 60 80 15 25 40 19 34 63 34 10 24 30 40 4 19
split_gain=7077.77 5306.24 1937.04 1924.09 1957.61 2325.24 1744.71 1708.72 2864.87 1426.36 1370.3 1344.26 1302.48 1251.66 1247.78 1246.83 1423.76 1363.75 1221.17 1214.92 1741.01 1183.38 1157.12 1205.07 1130.95 1189.47 1122.95 1112.37 1186.78 1353.18 1227.28 1090.05 1086.81 1048.21 1088.04 1046.25 1035.92 1025.05 1020.26 1161.79 1055.2 1019.22 1014.52 1004.34 1004.33 1002.79 1012.66 995.939 979.238 970.136 1138.89 1050.05 995.611 967.606 962.078 960.259 952.754 994.273 1165.68 1300.54 1037.38 1033.16
threshold=0.19669635867319302 71.114277504105104 -0.29332732991428589 1.5000000000000002 68.473877576671711 12.014285714285716 7.5345238095238107 70.334158667419544 3.5000000000000004 0.53629418331533152 22.500000000000004 5.8166666666666673 8.5577777777777797 90.442658305552115 0.59696153846153854 27.500000000000004 15.33854166666667 74.860588235294131 37.015151515151523 75.180307837477457 0.72314835164835178 30.628289473684216 0.76375961538461545 0.45110909829326423 25.508620689655178 0.3288571428571429 0.067838892735198567 28.367543859649128 94.685001873450673 24.403703703703709 -4.5828156081685512 15.948684210526318 14.436141304347828 22.603571428571431 73.053638888888898 16.434057971014497 0.48272727272727273 0.2774327485380117 19.377155172413797 12.295206971677562 108.54573550831087 0.53218768328445754 76.201111111111132 23.955533596837949 47.033333333333339 110.28179665549051 73.01101443355121 12.500000000000002 -13.173150831719253 8.9183333333333348 54.192928039702245 16.672043010752692 4.8032258064516133 15.472136222910219 94.349594125871462 9.3416666666666686 0.56948809523809529 29.754310344827591 17.12701612903226 13.584770114942531 0.44495553359683798 4.5080645161290329
decision_type=2 2 2 2 2 2 2 2 2 2 2 2 2 2 2 2 2 2 2 2 2 2 2 2 2 2 2 2 2 2 2 2 2 2 2 2 2 2 2 2 2 2 2 2 2 2 2 2 2 2 2 2 2 2 2 2 2 2 2 2 2 2
left_child=1 3 37 54 13 10 26 9 11 -2 18 -9 -12 -5 15 17 -17 21 -6 20 22 31 45 -24 25 -20 -7 -21 29 -29 -31 48 -23 34 42 38 -27 -3 39 -8 -41 -14 -30 -35 -36 -4 -47 -11 -10 50 -28 52 -51 -40 -1 -49 57 58 59 60 -50 -60
right_child=7 2 19 4 5 6 35 8 14 47 12 -13 41 -15 -16 16 -18 -19 24 27 -22 32 23 -25 -26 36 49 28 33 30 -32 -33 -34 43 44 -37 -38 -39 53 40 -42 -43 -44 -45 -46 46 -48 55 56 51 -52 -53 -54 -55 -56 -57 -58 -59 61 -61 -62 -63
leaf_value=-0.071464896762371055 -0.045205919560767228 -0.025471490304028326 -0.015159654987856368 -0.12775620356540002 0.0011398549571201909 -0.21304514479979145 -0.13723515308909948 -0.3376029040898596 -0.062401665101483678 -0.25715125293796476 0.071827006702320464 -0.073083842602148008 0.008659632122683749 -0.024385064250831232 0.20718525405422503 0.037449514729859953 0.28943373155504909 0.056666643819463201 -0.096661366948162228 -0.14440361577510835 0.050608435736084756 0.12959597897529604 0.27144401096793969 0.038360157716908358 0.29507737285094182 0.33584386861721682 -0.05940194641276747 0.090609255448523329 0.055618137361042354 0.094170980597831119 -0.046768079771621139 -0.06152068500280812 -0.11618335725242342 0.24345667027499943 0.11187259694917269 -0.030973571743821923 0.057237440247361264 0.094198279395008036 -0.27690290226561054 0.13050480837160999 -0.16234281922911492 -0.26418432967151917 -0.11861998285533028 0.0037109748772361307 -0.13126482233907596 0 0.12126735940294546 -0.20755098954517476 -0.05755868594797376 0.09620636771823475 0.023500639926414109 -0.15305038081464314 -0.02610108687366975 -0.0045853180257863432 0.1838232465472209 -0.054091185804088913 -0.066767983127091285 -0.15619894704835058 0.28467211681223936 -0.12568621321536344 0.067160037558333593 0.048633928295549467
leaf_weight=22 2144 98 2219 150 1666 30 112 24 248 57 944 636 53 3108 34 154 33 321 41 37 1140 24 35 117 30 22 227 179 701 92 416 423 225 22 739 563 61 814 67 50 21 24 43 441 21 211 140 68 136 88 1884 73 1035 21 95 187 161 36 23 101 203 714
leaf_count=22 2144 98 2219 150 1666 30 112 24 248 57 944 636 53 3108 34 154 33 321 41 37 1140 24 35 117 30 22 227 179 701 92 416 423 225 22 739 563 61 814 67 50 21 24 43 441 21 211 140 68 136 88 1884 73 1035 21 95 187 161 36 23 101 203 714
internal_value=1.88112e-05 0.011039 0.0335466 -0.00513744 -0.00674868 0.00366717 -0.0129658 -0.0330318 -0.0173083 -0.0554041 0.028086 -0.0829563 0.06053 -0.0291643 -0.00201737 -0.00459363 0.0825892 -0.0108441 0.00987178 0.0268904 0.0143064 -0.0203027 -0.00090251 0.0927677 0.104003 0.0567481 -0.00164524 0.0449432 0.0476109 0.00799458 -0.0211693 -0.0115181 -0.0922675 0.0614401 0.0756133 -0.0582294 0.132696 0.0813283 -0.114679 -0.0672416 0.0433094 -0.0774932 0.0454703 0.0153607 0.105068 -0.00646087 0.0484657 -0.125288 0.00153485 0.000303371 0.0145723 -0.0248747 -0.0164752 -0.212351 0.135691 -0.0953536 0.0130961 0.0237224 0.0292925 -0.0157704 0.017104 0.0561929
internal_weight=23804 17852 7465 10387 10270 7012 4171 5952 3496 2456 2841 660 1021 3258 2836 2802 187 2615 1820 6553 3862 2294 2722 152 154 124 3337 2691 2654 687 508 2045 249 1967 1504 834 83 912 271 183 71 77 744 463 760 2570 351 312 1622 3307 2111 1196 1123 88 117 255 1374 1213 1177 440 339 737
internal_count=23804 17852 7465 10387 10270 7012 4171 5952 3496 2456 2841 660 1021 3258 2836 2802 187 2615 1820 6553 3862 2294 2722 152 154 124 3337 2691 2654 687 508 2045 249 1967 1504 834 83 912 271 183 71 77 744 463 760 2570 351 312 1622 3307 2111 1196 1123 88 117 255 1374 1213 1177 440 339 737
is_linear=0
shrinkage=0.035


Tree=55
num_leaves=63
num_cat=0
split_feature=73 63 58 63 24 60 7 75 75 4 34 28 7 36 39 48 50 39 74 11 63 29 28 4 70 56 4 71 59 53 3 32 6 32 39 50 73 47 36 0 7 64 71 3 19 29 44 20 54 40 17 39 8 28 13 29 42 28 34 19 67 22
split_gain=6709.04 5192.73 2849.2 1988.11 2743.31 1811 2044.21 1770.42 1473.71 1421.54 1365.23 1377.24 1673.87 1329.74 1330.29 1327.09 1236.08 1217.67 1220.17 1218.48 1166.13 1246.28 1495.22 1130.52 1555.57 1631.84 1494.01 1097.47 1094.95 1107.26 1046.32 1043.83 1303.21 1236.11 1136.25 1031.29 1121.27 1029.13 1720.76 1020.7 1143.26 1008.63 1004.04 1239.74 1228.87 1166.6 1144.56 1029.38 995.919 992.328 1202.98 990.685 1046.9 1282.52 990.201 987.335 976.067 1229.97 971.619 965.682 962.491 952.764
threshold=68.46045038087378 104.59041716194751 1.0000000180025095e-35 96.503006079887072 27.634848484848487 183.50000000000003 0.41206521739130436 151.73379101077165 127.61621151001395 0.36155000000000004 8.8038461538461572 28.017241379310349 0.31567261904761912 0.61559902597402616 29.754310344827591 0.68317501325925156 66.230200000000011 39.019230769230781 -5.1428735236122156 0.57917948717948731 108.31151501729452 0.35479130434782619 22.508064516129036 0.44187750000000009 0.35016261800326026 118.60020261421907 0.39482291666666675 67.894592988710656 1.0000000180025095e-35 101.99686770547591 71.055555555555571 0.49825543478260875 24.014705882352946 0.49095826086956523 36.784161490683239 63.677963636363643 58.399018288798395 0.59585424655111574 0.7013956521739132 15.500000000000002 0.37194505494505498 232.50000000000003 69.909043712961349 63.766968325791858 9.5741758241758266 0.40737564102564106 15.492424242424244 7.3484848484848486 88.340959994711895 18.921538461538464 32.491935483870975 35.507575757575765 18.938446969696972 23.754310344827591 18.25403225806452 0.35681101190476194 3.3284313725490202 21.942810457516341 18.303846153846155 6.1913919413919425 96.85378805830392 21.718253968253972
decision_type=2 2 2 2 2 2 2 2 2 2 2 2 2 2 2 2 2 2 2 2 2 2 2 2 2 2 2 2 2 2 2 2 2 2 2 2 2 2 2 2 2 2 2 2 2 2 2 2 2 2 2 2 2 2 2 2 2 2 2 2 2 2
left_child=5 2 27 10 16 35 8 17 9 -7 15 30 -13 56 41 -4 59 19 -19 20 -3 23 -23 26 -25 39 -22 37 29 58 42 32 33 -28 -33 -1 -37 38 -2 40 -26 -15 43 44 45 46 -12 -44 -9 -16 -51 -48 53 -53 -14 -24 57 -6 -18 -5 -49 -30
right_child=1 7 3 4 13 6 -8 48 -10 -11 11 12 54 14 49 -17 28 18 -20 -21 21 22 55 24 25 -27 31 -29 61 -31 -32 34 -34 -35 -36 36 -38 -39 -40 -41 -42 -43 47 -45 -46 -47 51 60 -50 50 -52 52 -54 -55 -56 -57 -58 -59 -60 -61 -62 -63
leaf_value=-0.15072785867721197 -0.19896740723106099 0.010745962128239856 -0.077801688605405261 -0.1336406444298098 0.23688090367338099 0.14945009904457976 0.19421854122972068 0.31197802368232186 -0.0082323545826401001 -0.090330717234502519 0.0095237687107190879 0.18917906278751459 0.1136612875056891 0.27872549677942648 0.031757268043290592 -0.36003600424853238 0.013973284423931434 0.38343632020590723 0.084996195373744005 0.1974784755865733 -0.025011999183139136 -0.047452016469999636 -0.164282016075982 -0.101600088839464 0.069689139229773683 -0.19721324954953112 0.16267644719175475 0.045678099333850801 0.010005817906492994 -0.050560035593821731 -0.23015765566958324 0.13369469970061484 -0.07195492493613162 -0.075128341021745121 0.38517757170758349 -0.25937858544216785 -0.04578794510752434 -0.10716376450070758 0.1283450061873673 0.11372411390629217 -0.18517886650918139 -0.0049615023889889327 -0.00972313055726437 0.20106925280233651 -0.21384654258282287 -0.24361509102909534 -0.081840394071790917 0.014104590001643874 0.084430524346342156 0.25553546965014828 0.046111557750429723 0.0058238585455218954 -0.14186389207699721 0.28091147276466971 -0.06160401569055432 0.075958260530084018 -0.18540309479367842 -0.12132576242537155 -0.19111775361683411 0.022429625954098295 -0.26586044214407606 -0.17004180532684934
leaf_weight=126 26 2244 81 168 20 32 56 24 2758 453 365 78 58 50 1623 27 693 22 68 52 108 305 22 93 60 28 121 1835 2643 1062 31 400 69 34 23 30 2561 118 76 260 33 22 2284 23 57 36 732 25 687 55 86 112 42 25 121 310 54 27 29 68 37 36
leaf_count=126 26 2244 81 168 20 32 56 24 2758 453 365 78 58 50 1623 27 693 22 68 52 108 305 22 93 60 28 121 1835 2643 1062 31 400 69 34 23 30 2561 118 76 260 33 22 2284 23 57 36 732 25 687 55 86 112 42 25 121 310 54 27 29 68 37 36
internal_value=1.79393e-05 0.0108241 -0.000939749 -0.00814649 0.00372218 -0.0319313 -0.0144992 0.0412211 -0.0181337 -0.0743653 -0.0271974 -0.0238914 0.0544266 0.0387672 0.0455757 -0.149727 -0.0107258 0.0326643 0.159702 0.0298975 0.0277526 0.0481941 0.00844722 0.0687805 0.026366 0.0577032 0.0953693 0.036821 -0.00659207 -0.0278327 -0.0292392 0.115473 0.0541888 0.110416 0.147816 -0.0530896 -0.0483119 -0.0369757 0.0443147 0.0781834 -0.0212171 0.192559 -0.0275414 -0.0510861 -0.0553969 -0.0484315 -0.0428288 -0.0135617 0.0923302 0.0395216 0.128441 -0.0638018 0.00996775 0.0568867 -0.00463623 0.0598051 -0.08458 0.0319179 0.00560415 -0.0887041 -0.153706 0.00755378
internal_weight=23804 17788 12825 10770 6636 6016 3299 4963 3243 485 4134 4026 257 1937 1836 108 4699 4252 90 4162 4110 1866 637 1229 474 381 755 2055 4463 1784 3769 647 224 155 423 2717 2591 220 102 353 93 72 3738 1392 1369 1312 1276 2346 711 1764 141 911 179 137 179 332 101 47 722 236 62 2679
internal_count=23804 17788 12825 10770 6636 6016 3299 4963 3243 485 4134 4026 257 1937 1836 108 4699 4252 90 4162 4110 1866 637 1229 474 381 755 2055 4463 1784 3769 647 224 155 423 2717 2591 220 102 353 93 72 3738 1392 1369 1312 1276 2346 711 1764 141 911 179 137 179 332 101 47 722 236 62 2679
is_linear=0
shrinkage=0.035


Tree=56
num_leaves=63
num_cat=0
split_feature=73 63 63 58 71 15 28 2 63 73 57 17 74 14 78 12 52 76 73 35 63 6 30 10 22 73 69 23 29 39 4 38 29 62 21 28 0 58 53 2 77 81 70 45 43 67 56 80 35 30 4 6 2 14 22 73 38 3 10 22 69 36
split_gain=6361.45 3933.49 3009.25 2098.46 1990.81 1948.93 1810.06 1594.55 1421.66 1338.12 1167.46 1476.04 1756.92 1321.66 1471.1 1150.35 1153.34 1123.69 1042.09 1039.64 1226.79 1027.96 1027.93 1013.85 1081.22 1069.98 1416.33 953.873 1230.5 1156.73 952.822 943.274 1113.63 1188.44 1430.96 1115.88 1359.97 1040.8 1014.79 936.039 1753.42 933.091 925.113 1104.53 931.358 940.339 936.917 918.907 916.166 915.396 1324.55 1191.63 1978.21 968.946 1080.06 909.371 937.419 903.176 925.431 900.664 1547.42 1472.8
threshold=74.409773648566031 105.22573145487551 94.988532664356967 1.0000000180025095e-35 68.509182480188485 8.9344086021505387 20.716517857142861 36.071428571428577 104.66495741128851 67.297637620686785 1.0000000180025095e-35 31.298148148148154 4.6996256325447385 0.79948913043478276 5.9440119835412455 17.982142857142861 -5.1707768701886385 0.58163843476770916 62.229780174454994 11.783625730994155 96.578671124894512 30.446360153256709 16.661458333333339 0.58782105263157913 21.114379084967322 67.357241585628316 -4.4382445728729527 60.226495726495735 0.29706066176470591 27.508620689655178 0.3930227272727273 28.644957983193283 0.35479130434782619 106.48602594147252 12.188988095238097 22.61986863711002 15.500000000000002 1.0000000180025095e-35 95.973691354525116 22.644009216589865 0.29413896808576029 0.92857225195229387 6.2395260450215 0.15587044534412953 9.7350877192982477 93.821362887910922 105.19398338132352 5.1971140632609982 15.224014336917564 21.81534090909091 0.4189509569377991 26.673333333333336 28.177521008403364 0.63441428571428593 21.016666666666669 82.531983037176204 23.836021505376348 57.144957983193287 0.47581101190476199 14.859605911330052 2.1081911649897482 0.71607738095238105
decision_type=2 2 2 2 2 2 2 2 2 2 2 2 2 2 2 2 2 2 2 2 2 2 2 2 2 2 2 2 2 2 2 2 2 2 2 2 2 2 2 2 2 2 2 2 2 2 2 2 2 2 2 2 2 2 2 2 2 2 2 2 2 2
left_child=1 3 30 10 17 6 41 8 55 -3 11 22 -13 27 -15 18 -17 19 -7 20 -5 42 -1 24 -8 -25 -27 -12 -29 -30 -2 32 37 35 -35 36 -34 -11 -37 -39 -41 57 44 -44 46 -46 -10 -21 -47 53 -51 -52 -53 -32 -55 -4 -57 -6 -59 61 -61 -20
right_child=2 9 7 4 5 15 23 -9 21 31 13 12 -14 14 -16 16 -18 -19 59 47 -22 -23 -24 25 -26 26 -28 28 29 -31 49 -33 33 34 -36 38 -38 39 -40 40 -42 -43 43 -45 45 48 -48 -49 -50 50 51 52 -54 54 -56 56 -58 58 -60 60 -62 -63
leaf_value=0.022874930675861969 -0.21511202668114146 -0.015488672989743523 0.023503454376917511 -0.062194941461086277 -0.15143970629961814 -0.14342685206067271 0.027530825350094067 -0.23207070278446632 0.051668955209120272 0.10552257069711404 -0.16606514786372242 0.078378798876798925 -0.24977393392154151 0.3492784587556666 -0.044094687573793458 0.070503256221340141 -0.14302629471009251 -0.18265064944405304 -0.026837696713178313 -0.064279237128183273 0.29638766986197901 0.18700526785457919 0.28869468985847807 -0.26134430542117676 -0.11188613758146342 0.17317790301255329 -0.08635646688401899 0.082092310821318057 0.16904992954395243 -0.024691905919337901 -0.10958818390365198 0.18692616262218392 0.016161692523262276 0.18769240609756832 -0.092149358903444736 0.12206290973236855 -0.10564108665489999 -0.042937244975908131 -0.012022800814914615 0.15857598074287632 0.026540691386871176 -0.019022055440185107 0.36425205130111882 0.097575949673559592 0.23700673999003513 0.16076148812927885 -0.24315087459615944 0.010299047061742932 0.040506638482114624 -0.15823229989613574 0.037225407219545169 0.48542981398977886 0.024969419924718031 -0.015035293924918808 0.19881407617878613 -0.022648971793770095 0.10875285927796167 -0.24433854052216511 0.0026163193167339674 -0.017358472837698272 -0.069035205627771948 0.12822336334318357
leaf_weight=26 27 1404 3676 24 147 102 2042 26 26 232 43 108 24 27 20 36 210 85 229 1995 22 83 57 28 70 33 111 189 39 852 132 43 182 72 32 93 292 208 265 131 1966 976 20 286 33 83 26 225 1121 36 288 20 26 1499 29 85 302 21 137 1957 1114 111
leaf_count=26 27 1404 3676 24 147 102 2042 26 26 232 43 108 24 27 20 36 210 85 229 1995 22 83 57 28 70 33 111 189 39 852 132 43 182 72 32 93 292 208 265 131 1966 976 20 286 33 83 26 225 1121 36 288 20 26 1499 29 85 302 21 137 1957 1114 111
internal_value=1.72787e-05 -0.0126429 0.0258745 -0.0242244 -0.0299926 -0.0209941 -0.00245261 0.0388373 0.0400849 0.0133911 0.0160633 0.0909247 0.0179709 0.00227082 0.18311 -0.0385751 -0.111684 -0.0580134 -0.0334395 -0.0532973 0.110569 0.0671864 0.206103 0.0162229 0.022883 -0.0653658 -0.0264622 -0.00537269 0.0010959 -0.0161176 -0.010467 0.0249248 0.0228914 -0.00973127 0.101525 -0.0236951 -0.0588978 0.0349281 0.0229214 0.0277999 0.0348265 -0.0357467 0.0608925 0.115583 0.0478668 0.0539786 -0.0965861 -0.0567184 0.0488628 -0.00769111 0.0420528 0.0638551 0.228312 -0.01879 -0.0109106 0.0288844 0.079891 -0.0891355 -0.030852 -0.0301289 -0.0361134 0.0238889
internal_weight=23804 15980 7824 11060 9675 7324 3565 5767 5741 4920 1385 215 132 1170 47 3759 246 2351 3513 2266 46 1678 83 2284 2112 172 144 1123 1080 891 2057 3516 3473 936 104 832 474 2537 358 2305 2097 1281 1595 306 1289 1237 52 2220 1204 2030 370 334 46 1660 1528 4063 387 305 158 3411 3071 340
internal_count=23804 15980 7824 11060 9675 7324 3565 5767 5741 4920 1385 215 132 1170 47 3759 246 2351 3513 2266 46 1678 83 2284 2112 172 144 1123 1080 891 2057 3516 3473 936 104 832 474 2537 358 2305 2097 1281 1595 306 1289 1237 52 2220 1204 2030 370 334 46 1660 1528 4063 387 305 158 3411 3071 340
is_linear=0
shrinkage=0.035


Tree=57
num_leaves=63
num_cat=0
split_feature=76 25 50 76 50 22 58 0 51 74 35 77 73 19 19 37 81 8 50 43 63 63 23 75 29 55 77 73 63 36 79 28 63 9 21 22 81 17 35 72 39 9 56 20 13 24 32 27 63 35 4 21 25 51 43 25 50 73 46 52 43 41
split_gain=5941.09 3655.39 3318.26 2366.44 1786.13 1808.01 1765.74 1755.51 1491.39 1553.12 1422.86 1322.58 1374.39 1281.91 1268.91 1221.68 1215.36 1211.23 1364.64 1293.09 1208.72 1206.44 1261.2 1234.99 1457.49 1205.15 1203.93 1198.06 1211.34 1164.86 1341.22 1156.54 1154.48 1203.1 1110.6 1071.14 1067.7 1042.21 1714.23 2553.53 1428.1 1147.07 1144.45 1029.83 1024.2 1207.54 1023.85 1690.04 1252.92 1021.73 1019.59 1014.96 1014.07 1008.07 1442.15 1417.2 994.942 991.809 1315.64 1032.76 993.056 985.445
threshold=0.0044730995961310147 60.014705882352949 67.770602006688975 0.26318999044270286 72.968347826086969 18.984375000000004 1.0000000180025095e-35 6.5000000000000009 71.445258620689671 14.87178719647944 16.753787878787882 0.49812093378245775 68.159335262901351 4.5080645161290329 8.1017241379310363 4.0370370370370381 0.877355459457138 20.239047619047621 71.0792 11.504901960784315 113.68647336112203 106.63729021738801 65.339743589743605 142.43734534321342 0.36486607142857147 96.550980552956148 0.30972466675036708 67.087505004805621 106.88237410452102 0.65563068181818196 1.0265693437492931 28.673333333333336 97.312397910335122 41.509259259259267 15.804761904761907 14.183501683501683 0.92540034489070977 35.418010752688183 20.491935483870972 74.839640656234764 27.803225806451618 34.732051282051295 110.47137049663267 2.9660919540229891 16.26201372997712 25.430952380952387 0.54851086956521755 11.707142857142857 94.042887166861362 14.145502645502647 0.40960769230769239 11.721111111111112 57.557777777777787 72.731000000000009 11.985714285714288 60.677995391705075 62.682857142857152 75.173927684801825 0.48212005108556838 -3.6700794461705253 13.742396313364056 6.3585714285714294
decision_type=2 2 2 2 2 2 2 2 2 2 2 2 2 2 2 2 2 2 2 2 2 2 2 2 2 2 2 2 2 2 2 2 2 2 2 2 2 2 2 2 2 2 2 2 2 2 2 2 2 2 2 2 2 2 2 2 2 2 2 2 2 2
left_child=1 6 14 4 5 13 11 15 9 -9 51 34 -13 17 56 -5 -10 18 19 -4 37 22 -8 24 26 -6 -23 -3 29 30 -29 -24 -18 35 -1 -34 -12 40 41 -40 42 -39 61 -33 45 -38 48 53 -31 -30 -14 -7 -43 55 -55 -48 -2 58 59 -37 -60 -15
right_child=2 27 3 7 25 10 21 8 16 -11 36 12 50 20 -16 -17 32 -19 -20 -21 -22 23 31 -25 -26 -27 -28 28 49 46 -32 43 33 -35 -36 57 44 38 39 -41 -42 52 -44 -45 -46 -47 47 -49 -50 -51 -52 -53 -54 54 -56 -57 -58 -59 60 -61 -62 -63
leaf_value=0.077838922256361645 -0.14034853396620633 -0.074212499534759502 0.31443281357787378 -0.30722163335716024 -0.010358560217351015 0.05102229081509544 -0.094164767631911422 -0.030229115870026888 -0.055875406495363718 -0.22436211298505468 -0.12543530722950713 -0.1010460704002973 0.16667272685129067 0.055184518745441127 -0.13122540064227792 -0.061880800449474437 0.094480035118292213 -0.10784991084797342 0.32979196064517846 0.0064459856781639803 0.20457364955501284 0.084200475159987798 -0.011578599400905751 0.05433928995508152 -0.084597697169104855 0.047884110166817956 -0.0041445358281176166 -0.045965718751920216 0.2096145174588476 -0.056862954726480709 0.16589204760057383 0.25958568355645223 -0.19346078542943274 -0.17650701140768738 0.26372241467274726 -0.058283527944047585 -0.004660182061195374 0.10891149071575515 -0.27545617951864115 -0.037671441616903813 0.010745490358119659 0.039236181886495192 -0.34713209908784826 -0.038565954943920712 -0.025588771793791109 0.30470184194366889 0.15914120408645652 -0.17405618458279112 0.043266233312835294 0.073715603925871162 0.028874618773217835 -0.16902080942184877 -0.065793895818255788 0.22768154157386075 0.079989513674244547 -0.010921955974699528 -0.038851026313419239 0.18668084282498612 0.014081980055570603 0.081673272650183371 -0.27930771313279368 -0.17788301165217765
leaf_weight=161 125 96 21 25 611 30 226 1331 211 52 114 92 72 44 228 1074 287 28 35 75 34 239 3740 762 216 1510 895 310 73 171 41 36 26 40 52 88 37 91 81 173 2892 180 21 23 460 26 90 29 1428 907 716 169 299 132 211 178 2104 47 27 239 29 44
leaf_count=161 125 96 21 25 611 30 226 1331 211 52 114 92 72 44 228 1074 287 28 35 75 34 239 3740 762 216 1510 895 310 73 171 41 36 26 40 52 88 37 91 81 173 2892 180 21 23 460 26 90 29 1428 907 716 169 299 132 211 178 2104 47 27 239 29 44
internal_value=1.75577e-05 0.0190487 -0.016047 -0.00744118 0.00431587 -0.00739156 0.00461178 -0.0310313 -0.0141107 -0.0376094 -0.054205 0.0455867 0.026605 0.00235328 -0.052642 -0.0676022 0.018583 0.0995885 0.144195 0.0751345 -0.00166452 -0.00268841 -0.0139294 0.0187311 -0.00137787 0.0311059 0.0145007 0.0475154 0.0507997 0.0382434 -0.0210081 -0.00914362 0.0386751 0.00631506 0.123747 0.0225355 -0.0286269 -0.00352516 -0.0383789 -0.113906 0.00604845 -0.00464634 -0.118022 0.143951 -0.00741889 0.124352 0.0475363 0.0849393 0.0325416 0.083944 0.0415675 -0.135786 -0.0263183 0.0973701 0.137086 0.0463658 -0.0445747 0.0358134 0.0170713 0.0439669 -0.138917 -0.0616563
internal_weight=23804 10896 12908 10451 6975 4854 7230 3476 2377 1383 836 1093 880 4018 2457 1099 994 159 131 96 3859 6137 4025 2112 1350 2121 1134 3666 3570 2590 351 3799 783 496 213 456 637 3825 824 254 3001 570 109 59 523 63 2239 640 1599 980 788 199 479 611 343 268 2229 430 383 327 56 88
internal_count=23804 10896 12908 10451 6975 4854 7230 3476 2377 1383 836 1093 880 4018 2457 1099 994 159 131 96 3859 6137 4025 2112 1350 2121 1134 3666 3570 2590 351 3799 783 496 213 456 637 3825 824 254 3001 570 109 59 523 63 2239 640 1599 980 788 199 479 611 343 268 2229 430 383 327 56 88
is_linear=0
shrinkage=0.035


Tree=58
num_leaves=63
num_cat=0
split_feature=73 63 61 58 71 15 22 75 73 22 43 47 31 3 7 37 75 17 78 12 82 3 32 51 31 30 43 12 52 9 45 55 26 17 5 24 35 10 27 35 37 16 34 80 47 15 71 72 55 71 0 30 32 35 36 4 52 22 81 11 6 8
split_gain=5599.76 3437.56 2714.2 1896.99 1790.01 1776.61 1257.07 1211.05 1200.16 1110.67 1088.16 1237.62 1108.44 1115.16 1107.78 1161.5 1087.53 1121.23 1588.71 1067.02 1062.63 1059.55 1135.23 1054.57 1198.41 1458.25 1050.12 1048.93 1078 1038.89 1009.67 1650.76 1072.64 1005.42 1005.18 994.993 971.512 1359.11 989.154 968.849 1121.11 1100.01 1084.25 1196.1 1030.45 990.754 966.151 1030.26 956.402 955.158 1010.98 987.732 1766.22 950.665 1260.74 1073.3 1017.57 935.496 1306.11 984.163 1348.9 1235.26
threshold=74.409773648566031 105.22573145487551 0.71058371686166855 1.0000000180025095e-35 68.509182480188485 8.9344086021505387 21.114379084967322 128.15510921365873 83.361663812817554 13.017857142857144 13.508064516129034 0.39100575837142582 41.984375000000007 60.078461538461546 0.32245643939393948 9.5370879120879142 160.34885538843437 31.446360153256709 4.6929572124938028 13.252118644067798 -254.49999999999997 64.0138888888889 0.51988562091503276 67.555277777777789 34.945906432748544 17.802777777777781 10.339743589743593 17.982142857142861 -5.1707768701886385 30.644957983193283 0.54226190476190483 86.821666488528052 0.48072111111111121 32.790570175438603 5.5931712962962967 24.964901477832516 17.093073593073594 0.55057738095238107 8.7290209790209801 15.957427536231886 8.2742946708463965 24.754310344827591 10.844129554655874 0.91345294342849581 0.58335581672967274 9.0635080645161299 69.885176548089603 76.468053279723961 104.17785177372851 75.041111111111135 11.500000000000002 22.134848484848487 0.59403125000000012 19.61721611721612 0.73376556776556789 0.46862019230769236 0.26765309652864749 18.890873015873019 1.0713740235369309 0.51016954022988514 22.927248677248681 20.10172413793104
decision_type=2 2 2 2 2 2 2 2 2 2 2 2 2 2 2 2 2 2 2 2 2 2 2 2 2 2 2 2 2 2 2 2 2 2 2 2 2 2 2 2 2 2 2 2 2 2 2 2 2 2 2 2 2 2 2 2 2 2 2 2 2 2
left_child=1 3 16 9 20 6 10 -3 34 -1 11 -6 14 -14 15 19 17 18 -2 -12 -5 23 -23 24 36 -26 -25 49 -29 -19 31 -11 -33 -27 35 -4 -9 38 -38 42 41 -41 43 -22 -43 -44 47 48 -16 51 -51 52 -7 54 55 56 -10 59 -59 60 -28 -61
right_child=2 7 8 4 5 27 -8 21 53 30 12 -13 13 -15 46 -17 -18 29 -20 -21 39 22 -24 26 25 33 57 28 -30 -31 -32 32 -34 -35 -36 -37 37 -39 -40 40 -42 44 45 -45 -46 -47 -48 -49 -50 50 -52 -53 -54 -55 -56 -57 -58 58 -60 61 -62 -63
leaf_value=0.21470490130515243 0.061819706405968358 -0.056342514212735006 0.11022783665819604 -0.20213863109319638 0.14253539088680484 -0.034250241289215541 -0.10609854408792961 -0.031206987915414753 0.027632702257421059 -0.18381602844509529 -0.06685394215575903 0.013266857680602753 -0.1524740654531675 0.097698560472226387 -0.092931714516585509 0.12971058977680441 0.11780521644875408 0.13245281224326999 0.37277643859459136 0.073039211827952394 -0.071695990359396056 0.049553137158774671 0.23395297817546543 0.14116797608981244 -0.19286420540024504 0.031301329281558155 0.071037896295465877 0.069881742668478464 -0.13654003841504278 0.022428039339498943 -0.012600841124854508 0.083043241185688871 -0.10765770073027552 -0.15155236056049667 -3.752841426277395e-05 -0.11832691086525211 6.7683665012871792e-05 0.31250427521978108 0.24452883953173113 -0.1325200991149188 -0.04115555420500612 0.045517811905092277 0.11738972837602099 0.038728388737253053 -0.1142106973981246 -0.051474136633950257 -0.010005973500982385 -0.31675605899492904 0.14370202266694385 0.013541180914013009 0.25298128348705817 -0.1257912277654859 0.22124186778068547 0.10115575462491676 -0.15692405866470535 -0.12302167428047101 0.34604940050978994 -0.03892513823508461 0.059206343397931502 0.020446115085901578 -0.0027035871970798758 -0.07557414546883319
leaf_weight=33 1198 294 27 58 95 3171 136 306 29 34 141 1823 126 26 193 121 227 109 20 126 446 218 50 86 96 123 971 36 210 2662 849 430 39 52 3057 156 148 24 23 449 855 100 115 164 97 67 733 22 23 142 25 142 33 247 48 23 21 647 223 1022 442 195
leaf_count=33 1198 294 27 58 95 3171 136 306 29 34 141 1823 126 26 193 121 227 109 20 126 446 218 50 86 96 123 971 36 210 2662 849 430 39 52 3057 156 148 24 23 449 855 100 115 164 97 67 733 22 23 142 25 142 33 247 48 23 21 647 223 1022 442 195
internal_value=1.69153e-05 -0.0118612 0.0242768 -0.022688 -0.0281723 -0.0196397 -0.00193686 0.0124763 0.00199094 0.0156169 0.00220821 0.0197069 -0.0200008 -0.109478 -0.00995382 0.0399986 0.0433454 0.039093 0.0670795 -0.000810738 -0.0547425 0.0168564 0.0843407 0.0126964 -0.0243978 -0.0836176 0.0206853 -0.0364255 -0.106237 0.0267803 0.0106773 0.0499483 0.0670802 -0.0232894 -0.00481458 -0.0843782 0.00767974 0.0686436 0.0335859 -0.0509694 -0.0674931 -0.102287 -0.0196264 -0.041995 -0.0332025 0.0552357 -0.0299281 -0.0911208 -0.0674448 -0.0315215 0.0500546 -0.0356009 -0.0315836 0.0618438 -0.0184617 0.0729826 0.163539 0.0177042 -0.0137483 0.0281106 0.0479756 0.00503319
internal_weight=23804 15980 7824 11060 9675 7324 3565 4920 3608 1385 3429 1918 1511 152 1359 388 4216 3989 1218 267 2351 4626 268 4358 772 271 3586 3759 246 2771 1352 503 469 175 3240 183 501 195 171 2293 1501 646 792 610 197 182 971 238 216 3513 167 3346 3204 368 121 73 50 3500 870 2630 1413 1217
internal_count=23804 15980 7824 11060 9675 7324 3565 4920 3608 1385 3429 1918 1511 152 1359 388 4216 3989 1218 267 2351 4626 268 4358 772 271 3586 3759 246 2771 1352 503 469 175 3240 183 501 195 171 2293 1501 646 792 610 197 182 971 238 216 3513 167 3346 3204 368 121 73 50 3500 870 2630 1413 1217
is_linear=0
shrinkage=0.035


Tree=59
num_leaves=63
num_cat=0
split_feature=73 63 73 58 63 60 7 12 75 4 75 4 62 60 26 15 70 10 10 32 8 81 19 3 41 38 42 39 22 22 42 39 21 8 54 30 40 31 75 4 42 22 46 65 4 5 75 41 25 81 13 4 36 42 45 61 16 28 64 19 21 21
split_gain=5271.66 4108.86 1956.47 1911.19 1838 1467.12 1867.52 1286.6 1263.88 1398.03 1161.61 1238.92 1144.05 1123.47 1084.9 1000.29 1088.58 990.256 1317.94 1038.92 1077.33 967.016 961.753 1064.81 1159.32 1032.18 1346.11 2259.21 1131.65 1006.42 994.098 972.421 1072.93 966.343 1246.88 1071.12 1035.85 938.097 1002.32 1352.16 987.557 969.781 1280.22 1251.41 1018.86 999.83 917.503 1247.85 987.73 912.973 947.177 1013.2 969.622 889.229 884.148 1281.01 1640.88 1252.08 1180.51 1494.67 1085.69 1189.95
threshold=68.46045038087378 98.59087160213501 78.787137354394829 1.0000000180025095e-35 108.31151501729452 183.50000000000003 0.41206521739130436 12.49193548387097 127.0286433160464 0.36155000000000004 155.24752715254604 0.51669333333333345 112.01089884901502 36.500000000000007 0.48535828877005349 11.430952380952382 3.9171467606031034 0.54657738095238106 0.59652777777777788 0.52587750000000011 22.983333333333338 0.8198644907104008 8.7171428571428589 64.0138888888889 8.1270161290322598 27.311422413793107 3.6035714285714291 36.784161490683239 18.203448275862073 18.106203007518801 3.6614583333333335 34.253571428571441 15.014285714285716 21.188988095238098 106.98820925136975 18.862852664576803 13.773460410557187 45.379807692307701 141.17547837742515 0.45500000000000002 2.6885775862068972 19.013888888888893 0.54226190476190483 0.32552952109550104 0.47849242424242427 4.275252525252526 135.46443948796295 5.0151515151515165 58.127016129032263 1.1451307059777018 21.338541666666668 0.39852332657200823 0.65103125000000006 4.218070652173914 0.77032967032967048 0.63348587854079863 24.113247863247867 25.508620689655178 124.50000000000001 6.8908730158730167 14.372685185185187 11.306020066889634
decision_type=2 2 2 2 2 2 2 2 2 2 2 2 2 2 2 2 2 2 2 2 2 2 2 2 2 2 2 2 2 2 2 2 2 2 2 2 2 2 2 2 2 2 2 2 2 2 2 2 2 2 2 2 2 2 2 2 2 2 2 2 2 2
left_child=5 3 4 7 -3 21 8 15 9 -7 12 -12 14 -14 54 16 -2 -9 -19 -20 -21 -1 23 24 25 26 27 28 29 31 -24 32 -6 34 35 -28 -36 38 41 -40 -41 44 -43 -44 45 -10 47 -23 -49 50 51 -4 -52 -37 55 56 -5 58 -56 -60 61 -59
right_child=1 2 49 10 22 6 -8 17 37 -11 11 -13 13 -15 -16 -17 -18 18 19 20 -22 46 30 -25 -26 -27 33 -29 -30 -31 -32 -33 -34 -35 36 53 -38 -39 39 40 -42 42 43 -45 -46 -47 -48 48 -50 -51 52 -53 -54 -55 57 -57 -58 60 59 -61 -62 -63
leaf_value=-0.19202259320893264 -0.031168449809086497 0.010324415805805514 -0.1027078432345736 -0.046411793275081464 0.082287474154265308 0.15130004110601214 0.18687953206168206 0.02813590437215082 0.20020191890047151 -0.091385097951359406 0.013741738812963322 -0.10063701972733456 -0.10564866784316082 0.079035642108091941 -0.081278445274352795 -0.17229327481155546 0.1323201432266265 0.16398691400660578 0.14980366783993226 -0.2817811110844004 0.05782235362529755 0.023987688168584105 -0.1635107533518631 0.15879527420093939 -0.017209086476910693 0.18890117875513032 0.0068029886830749935 0.34503443161198794 0.01329025507423149 0.32330798372002539 0.11648081715636785 -0.029612938866615302 0.26098625897724975 -0.24126946117165615 -0.22991157554034833 0.065705870700617369 -0.0090804491580596999 -0.17495100502467453 0.20770260648174985 0.14176454582876633 -0.16394449641274628 -0.029127317383455417 -0.33824548892180129 -0.051327277255345541 -0.10658298276416699 0.0044258899503562881 -0.031494519189872443 -0.12294538184526975 -0.020859872138154642 0.20924453602034912 -0.17874061857872325 0.091942071052354496 0.029506238985279477 0.33718601872874243 0.03956145972014475 -0.042435755581128477 0.070016905277450539 0.16464171721051923 0.04672032215574793 -0.10013376585188119 0.27890091309282516 -0.025375111220568576
leaf_weight=55 284 7664 34 274 578 31 56 572 32 384 1533 125 363 45 359 48 60 175 29 23 22 124 50 108 299 70 159 35 392 21 22 87 44 20 40 36 73 40 61 22 30 554 34 41 100 1914 1917 466 155 53 30 679 268 25 325 1865 322 69 127 254 31 96
leaf_count=55 284 7664 34 274 578 31 56 572 32 384 1533 125 363 45 359 48 60 175 29 23 22 124 50 108 299 70 159 35 392 21 22 87 44 20 40 36 73 40 61 22 30 554 34 41 100 1914 1917 466 155 53 30 679 268 25 325 1865 322 69 127 254 31 96
internal_value=1.72308e-05 0.00959615 0.0231476 -0.0112833 0.018214 -0.0283034 -0.0126133 0.0286536 -0.0160875 -0.0730881 -0.0196552 0.00508864 -0.029589 -0.0851987 -0.0234816 -0.0234861 -0.00249218 0.0535519 0.11175 -0.0120087 -0.116865 -0.0473473 0.0475694 0.0521287 0.0459553 0.0579124 0.0517773 0.070024 0.0612923 0.0870372 -0.0776962 0.0798112 0.0951336 -0.0080333 0.00630511 0.0548235 -0.0879501 -0.00771017 -0.00527854 0.0965912 -0.034421 -0.00960038 -0.0475896 -0.182822 0.00208568 0.00769763 -0.0443213 -0.0772787 -0.097508 0.0681979 0.0607005 0.0825897 0.00826578 0.178862 -0.0172996 -0.0281631 0.0164911 0.0123355 -0.00940261 -0.0511762 0.0904798 0.0543227
internal_weight=23804 17788 10787 7001 9723 6016 3299 1213 3243 415 5788 1658 4130 408 3722 392 344 821 249 74 45 2717 2059 1987 1879 1580 1510 1157 1122 730 72 709 622 353 333 220 113 2828 2788 113 52 2675 629 75 2046 1946 2662 745 621 1064 1011 713 298 61 3363 2461 596 902 706 381 196 165
internal_count=23804 17788 10787 7001 9723 6016 3299 1213 3243 415 5788 1658 4130 408 3722 392 344 821 249 74 45 2717 2059 1987 1879 1580 1510 1157 1122 730 72 709 622 353 333 220 113 2828 2788 113 52 2675 629 75 2046 1946 2662 745 621 1064 1011 713 298 61 3363 2461 596 902 706 381 196 165
is_linear=0
shrinkage=0.035


Tree=60
num_leaves=63
num_cat=0
split_feature=73 61 73 61 75 61 58 77 22 53 16 71 55 62 71 10 53 28 50 51 4 3 35 20 75 19 33 28 43 15 44 73 47 41 40 31 42 15 37 49 40 44 55 50 38 20 55 50 43 39 19 12 37 32 16 70 66 32 24 52 45 70
split_gain=5004.2 3188.19 2323.79 2178.31 1275.26 1273.31 1189.21 1111.44 1075.09 1159.46 1158.53 1127.85 1019.56 1019.34 962.489 1348.52 1048.59 1012.27 961.64 959.594 969.875 1576.53 1044.15 953.895 952.197 1005.01 1025.15 1350.56 1313.57 1191.55 1147.74 1251.69 1177.76 1247.02 1077.85 1126.58 1563.06 1174.05 1142.7 1257.52 1035.58 1388.05 996.658 994.728 1359.79 976.413 989.194 941.883 937.73 976.397 937.331 1128.23 1074.23 930.437 922.45 1124.04 1863.66 1477.38 1304.6 1169.36 1878.58 1112.69
threshold=74.771224857231459 0.62589327002511219 68.46045038087378 0.71058371686166855 142.95745720661253 0.87135240421114013 1.0000000180025095e-35 0.29413896808576029 19.013888888888893 110.06570769249693 27.102631578947371 74.947132575757593 86.105434746545214 108.39147448805652 69.446827586206908 0.49951190476190482 110.64419348237514 23.921538461538464 72.427750000000017 73.22058823529413 0.39150000000000001 59.716517857142868 18.644009216589865 3.2029411764705888 160.34885538843437 4.9838709677419368 0.53963818181818191 25.338541666666668 9.339080459770118 10.795833333333336 17.836021505376348 79.905248614384377 0.45110909829326423 7.5075757575757587 14.803846153846157 42.014705882352949 3.2768199233716477 8.6720430107526898 8.0488095238095259 -0.090081595525143887 13.883484162895931 15.603030303030303 107.57785512075749 73.309028213166158 26.155870445344132 3.9016129032258067 117.98122320524071 74.903428571428577 14.088932806324113 37.42206477732794 4.1558704453441306 13.984375000000002 9.9660919540229909 0.55146411483253599 27.169540229885062 1.5447521178664447 98.21452861458387 0.56495150862068977 28.982758620689658 -5.3606021505376367 0.81649831649831661 2.8397488779163997
decision_type=2 2 2 2 2 2 2 2 2 2 2 2 2 2 2 2 2 2 2 2 2 2 2 2 2 2 2 2 2 2 2 2 2 2 2 2 2 2 2 2 2 2 2 2 2 2 2 2 2 2 2 2 2 2 2 2 2 2 2 2 2 2
left_child=1 2 8 24 -3 54 14 18 12 10 11 -10 -1 19 16 -16 -5 -18 -4 -9 21 22 -21 -15 25 43 27 34 -28 30 32 -32 33 -30 40 37 -37 38 -36 -40 53 -42 -39 44 -2 46 -34 -31 -17 -50 51 52 -14 -27 55 56 -6 58 61 60 -58 -57
right_child=3 4 7 6 5 -7 -8 13 9 -11 -12 -13 50 23 15 48 17 -19 -20 20 -22 -23 -24 -25 -26 26 28 -29 29 47 31 -33 45 -35 35 36 -38 42 39 -41 41 -43 -44 -45 -46 -47 -48 -49 49 -51 -52 -53 -54 -55 -56 57 59 -59 -60 -61 -62 -63
leaf_value=-0.07351552133819983 0.015913987474857522 -0.058002259803558394 0.043049374131665236 0.051159536029045299 -0.16291320106096385 -0.055881318068542879 -0.0060849818457881996 -0.00057689881563030272 -0.073631297577588101 0.1472511306171832 0.13975551090205926 0.16264249163281688 0.1200888765682684 0.041280928703157478 -0.074391610378689244 0.11728764571009966 -0.030153132346854815 -0.31253352696555003 0.18296767610175158 0.0082331958708987737 0.040082215429270998 0.10357940835774559 -0.23785820970892368 0.2257281772614908 0.11175584309743002 0.025113154759605523 -0.20645658022078919 0.095288256779057404 0.27732990247994949 -0.12775470526285751 -0.072553834515444018 0.17175022325576364 0.046042276019247735 -0.019540265054072976 0.28838630190405296 0.36883708537747895 0.079398664489281276 0.040260138846572806 0.30502513265675968 0.020647761729252766 0.13984939938046961 -0.070647923297540341 -0.13659585664903418 0.20279869497505723 0.18009268640713885 -0.037558475590841293 0.25822196987951013 0.030931106850254859 0.079597397143700552 -0.19111716438351939 -0.0081518394773212686 0.31971128564145834 -0.17287788173209789 0.21978033826748533 0.036411370768123043 0.090633712155891652 -0.00751730974956795 0.14861317518353462 -0.21528866018879586 -0.043815532099343871 0.30110096170856404 -0.012844009695168248
leaf_weight=288 217 1687 285 86 143 959 2768 4658 878 34 34 25 53 119 67 351 43 24 76 34 1395 48 55 48 227 676 34 524 51 119 199 29 499 26 34 34 69 113 22 125 44 279 59 78 86 176 28 74 42 26 3115 22 21 31 456 145 94 80 35 708 32 1017
leaf_count=288 217 1687 285 86 143 959 2768 4658 878 34 34 25 53 119 67 351 43 24 76 34 1395 48 55 48 227 676 34 524 51 119 199 29 499 26 34 34 69 113 22 125 44 279 59 78 86 176 28 74 42 26 3115 22 21 31 456 145 94 80 35 708 32 1017
internal_value=1.7456e-05 -0.010613 1.77766e-05 0.0242415 -0.0328179 -0.0212309 0.00385128 0.0130291 -0.0195356 -0.0521106 -0.0594231 -0.0669997 -0.0104886 0.00963298 0.0468695 0.0709557 -0.0295989 -0.132922 0.0727279 0.00732635 0.0313506 -0.0573562 -0.144286 0.0948322 0.0422678 0.0379018 0.0315765 0.046994 0.00647237 0.0125867 0.0278485 -0.0411569 0.0480372 0.177564 0.0299355 0.074705 0.176296 0.0448451 0.106946 0.0641211 0.0100852 -0.0417907 -0.0206054 0.091654 0.062744 0.033729 0.0575563 -0.0669706 0.0942667 -0.0244995 -0.00482397 0.102605 0.0363004 0.033803 -0.00895965 -0.0181461 -0.0463933 0.00347205 -0.00628336 -0.0263246 0.0717146 9.88604e-05
internal_weight=23804 16544 11188 7260 5356 3669 3407 6718 4470 971 937 903 3499 6357 639 486 153 67 361 6190 1532 137 89 167 3853 3626 3245 2010 1235 1201 1008 228 780 77 1486 456 103 353 181 147 1030 323 172 381 303 703 527 193 419 68 3211 96 74 707 2710 2254 977 1277 1197 834 126 1162
internal_count=23804 16544 11188 7260 5356 3669 3407 6718 4470 971 937 903 3499 6357 639 486 153 67 361 6190 1532 137 89 167 3853 3626 3245 2010 1235 1201 1008 228 780 77 1486 456 103 353 181 147 1030 323 172 381 303 703 527 193 419 68 3211 96 74 707 2710 2254 977 1277 1197 834 126 1162
is_linear=0
shrinkage=0.035


Tree=61
num_leaves=63
num_cat=0
split_feature=73 63 63 58 45 54 24 63 25 80 5 75 29 30 1 46 76 82 44 6 69 51 8 49 82 9 75 46 69 44 37 10 14 36 3 48 0 22 44 63 50 35 54 18 67 50 81 75 11 39 63 28 7 1 39 55 29 44 54 35 52 73
split_gain=4678.32 2675.39 2400.06 1643.99 1465.09 1420.16 1356.25 1479.77 1339.02 1410.23 1263.37 1321.99 1284.73 1365.73 1283.61 1597.53 1432.28 1756.15 1287.86 1221.47 1166 1101.72 1097.4 1191.69 1171.8 1146.6 1160.75 1092.48 1323.61 1092.46 1059.48 1044.47 1295.69 1034.84 1024.96 1023.13 1371.38 1247.02 1318.6 1125.33 1065.74 1277.72 1240.59 1290.05 1033.76 1009.02 1038.74 1001.46 1098.76 1149.35 995.912 970.806 1176.57 1114.1 959.122 957.147 948.086 1323.04 972.316 2130.42 947.063 941.275
threshold=71.97227523929304 104.66495741128851 105.22573145487551 1.0000000180025095e-35 0.12771739130434781 102.54077716435832 27.634848484848487 92.593984519063909 52.781929347826093 -18.437866058877891 6.5571895424836608 158.36338377406699 0.32220714285714286 18.672043010752692 82.411538461538484 0.53452380952380962 0.24669557554640506 29.500000000000004 16.338541666666668 21.790570175438599 19.575458896677457 71.58750000000002 18.361818181818183 -0.060947031666447639 -16.499999999999996 36.902380952380959 142.26397103075655 0.56125000000000014 2.2230011730814998 19.203448275862073 10.455844155844158 0.47805131578947374 0.64708578431372554 0.6621125000000001 61.982758620689658 0.4688384286067353 11.500000000000002 20.983870967741939 20.169540229885062 112.32256327077451 68.686234817813769 17.929802955665028 91.581851979773219 10.139610389610391 113.34874795441551 75.628148148148156 0.92742076314062827 152.15606451710633 0.57316333333333347 39.019230769230781 101.68816094710802 20.716517857142861 0.33589736842105272 57.153409090909101 31.546920821114373 101.20328924689623 0.32260952380952385 15.95916666666667 98.556394075579789 15.775985663082439 6.2554999999999916 77.924468535162944
decision_type=2 2 2 2 2 2 2 2 2 2 2 2 2 2 2 2 2 2 2 2 2 2 2 2 2 2 2 2 2 2 2 2 2 2 2 2 2 2 2 2 2 2 2 2 2 2 2 2 2 2 2 2 2 2 2 2 2 2 2 2 2 2
left_child=2 3 8 -2 5 55 10 -8 21 -10 11 12 29 20 15 22 17 18 -16 -20 61 33 25 -24 -25 26 -12 28 -21 -5 -15 32 -17 34 -1 36 -4 38 -38 40 42 56 -37 -44 54 46 51 48 49 -6 -26 -11 53 -53 -43 -3 57 -42 -58 -60 -55 -14
right_child=1 4 35 6 47 -7 7 -9 9 45 14 -13 13 30 16 31 -18 -19 19 27 -22 -23 23 24 50 -27 -28 -29 -30 -31 -32 -33 -34 -35 -36 39 37 -39 -40 -41 41 44 43 -45 -46 -47 -48 -49 -50 -51 -52 52 -54 60 -56 -57 58 -59 59 -61 -62 -63
leaf_value=-0.17956415591528474 0.038568301384795334 0.13565882872067619 0.050742046255312714 0.037588018439394057 0.01982451050847675 0.047601024070576814 -0.040365790694237028 0.029176934238807142 -0.13388896093168381 -0.078617694694830792 0.18319633785845008 0.10504935494087361 -0.042129563647235087 -0.18092456726861034 -0.079339476973025347 -0.13141882978864464 -0.13030248499635635 -0.23159327044328057 -0.095128480291763962 0.17842698935402768 -0.20219742361665932 -0.28548193376236847 -0.021011358242967102 0.08449418738983229 0.36734052426847691 -0.13669684669200113 0.0074510453184703047 0.20135954826847555 -0.20121060661209958 -0.1317657777954703 -0.0038840762734413154 -0.021412082481859739 0.079726255010802369 -0.037490263211403141 0.017066033635419958 -0.25371081096221482 -0.018308709353217288 -0.22779832092597246 -0.17197880936745677 0.069695296279383007 0.17614687394926734 0.11942260217716526 0.1051187198787763 -0.036744709575432452 -0.097732222082036926 0.038276956437781402 -0.014625176036842309 0.077520132922265172 0.23883618031568449 0.19397067543268204 0.058155925748915212 -0.20616777803464373 -0.060506945987690047 0.03186145402728964 0.035892687702192394 0.36966829656522515 -0.065359459621984292 0.0068388132984907634 0.15318005621327402 -0.083158528612819332 -0.21083535209370824 0.13929360673644328
leaf_weight=141 1566 49 225 247 2082 99 444 2391 135 680 51 67 389 204 94 41 189 37 37 22 51 28 107 304 36 59 435 89 22 57 52 1801 251 510 42 28 585 44 77 434 70 272 90 593 49 347 4985 608 29 47 20 27 578 503 443 39 372 286 91 95 20 38
leaf_count=141 1566 49 225 247 2082 99 444 2391 135 680 51 67 389 204 94 41 189 37 37 22 51 28 107 304 36 59 435 89 22 57 52 1801 251 510 42 28 585 44 77 434 70 272 90 593 49 347 4985 608 29 47 20 27 578 503 443 39 372 286 91 95 20 38
internal_value=1.89861e-05 0.0153382 -0.0156963 0.00594427 0.0442828 0.138988 -0.000837634 0.0182792 -0.0265344 -0.0220215 -0.0123702 -0.0450918 -0.0548323 -0.0798772 -0.00230665 0.00600318 -0.0549234 -0.00744311 0.024337 0.0817492 -0.0448481 -0.0720188 0.0420968 0.0814404 0.111888 0.00833378 0.02607 0.131154 -0.0114412 0.00565846 -0.145055 -0.0114529 0.0498932 -0.0631893 -0.134493 0.0073884 -0.024419 -0.0483965 -0.0363043 0.0178819 0.00845509 0.0236714 -0.0274427 -0.0179828 0.0570612 -0.0198966 -0.0228713 0.0378548 0.0266624 0.0237153 0.258471 -0.0455953 -0.0256591 0.0109782 0.0677352 0.24091 -0.00425083 0.0403399 -0.0327163 0.0325514 0.0223813 -0.025832
internal_weight=23804 12054 11750 9101 2953 187 7535 2835 7996 7275 4700 1105 1038 734 3595 3105 490 301 264 170 478 721 1012 467 360 545 486 133 44 304 256 2093 292 693 183 3754 931 706 662 2823 2389 1678 711 683 764 7140 6793 2766 2158 2129 56 1808 1128 550 715 88 914 356 558 186 523 427
internal_count=23804 12054 11750 9101 2953 187 7535 2835 7996 7275 4700 1105 1038 734 3595 3105 490 301 264 170 478 721 1012 467 360 545 486 133 44 304 256 2093 292 693 183 3754 931 706 662 2823 2389 1678 711 683 764 7140 6793 2766 2158 2129 56 1808 1128 550 715 88 914 356 558 186 523 427
is_linear=0
shrinkage=0.035


Tree=62
num_leaves=63
num_cat=0
split_feature=73 63 63 50 71 22 15 21 2 68 2 43 45 14 28 33 25 71 37 37 58 22 49 50 14 53 80 13 71 41 4 38 82 52 37 13 10 17 50 13 50 63 65 62 16 38 35 55 66 33 40 82 0 65 12 44 35 44 43 6 54 27
split_gain=4418.74 2999.77 2077.11 1493.05 1490.41 1598.53 1482.73 1418.94 1241.79 1195.26 1250.16 1320.46 1175.78 1539.25 1406.47 1390.58 1163.73 1433.96 1555.11 1142.12 1101.9 1095.29 1399.66 1242.6 1578.88 1190.65 1156.43 1094.89 1096.45 1054.52 1054.5 1027.96 1025.74 1218.28 1023.69 1023.06 999.778 1094.86 974.58 1439.2 972.084 1621.77 1651.54 1057.15 975.9 970.146 967.26 964.158 1399.97 1855.73 1065.31 1355.65 1317.3 1425.9 1096.66 1120.6 1030.59 1002.02 970.701 1006.45 967.722 957.01
threshold=74.771224857231459 102.28714488112401 94.685001873450673 66.806904761904775 75.041111111111135 21.016666666666669 8.9344086021505387 19.041666666666668 36.071428571428577 -10.7087925980773 25.672043010752692 14.254032258064518 0.24068965517241384 0.70952777777777787 28.508064516129036 0.41621111111111114 60.418859649122815 69.446827586206908 13.508620689655173 10.410427807486633 1.0000000180025095e-35 16.328431372549023 -0.19093829792359202 70.594833333333341 0.74343167701863366 111.11280157957377 14.638783089768802 21.88675213675214 71.053188405797115 9.8208556149732651 0.49637391304347828 26.644009216589865 78.500000000000014 2.230294117647063 9.0875959079283906 24.829710144927539 0.57790454545454562 37.121323529411775 70.747596153846175 24.677083333333339 70.657888888888905 102.36367286843402 0.091163361661460218 104.86364992338802 23.803225806451618 24.226539589442819 18.274294670846398 109.20588305079453 112.42304022362451 0.56869615384615402 12.60357142857143 36.500000000000007 27.500000000000004 0.40585619182621951 11.467708333333336 18.836021505376348 23.224747474747478 18.955533596837949 14.088932806324113 21.902380952380955 111.59546844822908 10.878676470588237
decision_type=2 2 2 2 2 2 2 2 2 2 2 2 2 2 2 2 2 2 2 2 2 2 2 2 2 2 2 2 2 2 2 2 2 2 2 2 2 2 2 2 2 2 2 2 2 2 2 2 2 2 2 2 2 2 2 2 2 2 2 2 2 2
left_child=1 3 -2 -1 5 7 -5 12 16 10 11 -7 -3 14 29 -15 21 19 36 46 30 22 -4 24 25 31 -25 61 -29 40 -8 -23 34 -34 -24 -6 47 -38 39 -30 41 -14 -43 -44 45 -45 -18 50 -49 -50 56 52 -52 -54 -53 58 -19 -55 59 -56 -61 -22
right_child=2 4 8 6 35 9 20 -9 -10 -11 -12 -13 13 15 -16 -17 17 18 -20 -21 27 23 32 26 -26 -27 -28 28 38 -31 -32 -33 33 -35 -36 -37 37 -39 -40 -41 -42 42 43 44 -46 -47 -48 48 49 -51 51 54 53 57 55 -57 -58 -59 -60 60 -62 -63
leaf_value=-0.057009077825663224 -0.0095700114770027288 0.040510816879861702 0.27332891550444177 -0.00067380767946332697 0.10872213726753081 -0.10355001194500925 0.006582537581420635 0.27224288705417093 -0.20542136041398323 -0.02271556287733956 0.044724581135643857 -0.35820007480453042 0.24307088674926294 -0.24876574942945168 0.10731372662947189 0.021624617588885793 -0.056814094525117154 -0.050103840739729545 -0.10205607387225363 0.053134581548326162 -0.030537165600255566 -0.072056969720834974 0.055333452441730893 0.019207327171855661 0.078326808720703439 -0.25557904984255975 0.21849297493532915 -0.12282421035434363 -0.029434092768053019 -0.15163296398335491 0.25250257894463013 0.066722938316423189 0.15616486823923553 -0.032105916965588004 -0.043021740188373826 -0.10034451976922844 0.21562431600965837 -0.067855393222192445 -0.061065529835753349 0.30235011608106027 0.0038363365328932522 -0.22098328690523775 -0.020252620727270815 0.041638416064385127 -0.16601661379855198 -0.15476870247260816 -0.32756448834024232 0.0054444069272211754 0.031524983463118009 0.22620682983570559 0.034300832828176267 0.023378030335930597 0.42328364560074278 0.19187960078524449 0.33792627757644944 0.085342259389836667 0.2132821963803713 -0.10541436850733873 0.052142649775201624 0.22509581472629853 -0.045128405231164723 0.14533570568128065
leaf_weight=1431 1821 1008 34 3305 248 62 423 24 26 276 31 42 25 23 110 2742 45 118 70 59 2463 369 363 1590 120 36 36 337 50 72 22 79 167 56 201 32 94 20 451 23 1529 58 1460 84 127 48 25 657 168 93 470 81 22 43 83 133 21 20 38 82 20 38
leaf_count=1431 1821 1008 34 3305 248 62 423 24 26 276 31 42 25 23 110 2742 45 118 70 59 2463 369 363 1590 120 36 36 337 50 72 22 79 167 56 201 32 94 20 451 23 1529 58 1460 84 127 48 25 657 168 93 470 81 22 43 83 133 21 20 38 82 20 38
internal_value=1.80067e-05 -0.00997125 0.022781 -0.0243938 0.00542846 0.00254867 -0.0178273 0.00632706 0.0336128 -0.0645709 -0.149716 -0.207645 0.00543203 -0.000202461 -0.0155772 0.0193296 0.0347804 0.053224 0.0597813 -0.0600496 -0.0327159 0.0204944 0.0550436 0.00776369 -0.0350824 -0.0632595 0.0236875 -0.0395663 -0.073603 -0.0195658 0.019018 -0.0475297 0.0454412 0.108904 0.0202681 0.0846801 0.0650428 0.165781 -0.0418537 0.0763987 -0.0166878 -0.0341008 -0.0380694 -0.0318333 -0.0969362 -0.0300705 -0.155198 0.0593972 0.0327153 0.101208 0.081027 0.0937368 0.0573388 0.183739 0.139837 0.166255 -0.00966479 0.0973586 0.214197 0.247235 0.172115 -0.0278351
internal_weight=23804 16544 7260 8543 8001 7721 7112 7310 5439 411 135 104 7286 6278 3513 2765 5413 2362 2233 129 3807 3051 821 2230 604 484 1626 3362 861 3403 445 448 787 223 564 280 2163 114 524 73 3331 1802 1777 1719 259 132 70 2049 918 261 1131 992 555 85 437 356 139 63 223 185 102 2501
internal_count=23804 16544 7260 8543 8001 7721 7112 7310 5439 411 135 104 7286 6278 3513 2765 5413 2362 2233 129 3807 3051 821 2230 604 484 1626 3362 861 3403 445 448 787 223 564 280 2163 114 524 73 3331 1802 1777 1719 259 132 70 2049 918 261 1131 992 555 85 437 356 139 63 223 185 102 2501
is_linear=0
shrinkage=0.035


Tree=63
num_leaves=63
num_cat=0
split_feature=76 25 50 76 58 50 22 28 15 35 19 77 73 4 68 27 18 19 9 74 8 50 43 28 31 45 30 39 17 35 72 54 55 3 1 39 71 22 60 28 17 1 21 73 9 25 20 71 36 46 20 3 67 4 44 38 72 15 46 52 14 30
split_gain=4163 2883.45 2642.48 1752.08 1484.61 1466.07 1548.8 1305.64 1529.65 1272.94 1141.15 1134.95 1164.72 1132.93 1179.43 1132.58 1149.11 1123.95 1115.78 1113.52 1108.13 1246.58 1171.95 1065.99 1064.88 1180.21 1115.26 1044.82 1074.51 1593.37 2324.11 1042.46 1029.32 1022.52 1072.39 1013.59 1003.02 990.485 1135.12 1248.07 1069.05 1174.63 989.123 987.7 983.702 984.49 982.331 1140.62 1283.74 975.299 955.991 1020.75 954.523 953.247 951.097 1005.2 1176.11 1064.61 933.059 1097.2 931.468 1116.75
threshold=0.0044730995961310147 60.014705882352949 67.770602006688975 0.26318999044270286 1.0000000180025095e-35 72.968347826086969 18.984375000000004 23.921538461538464 5.5086206896551735 16.753787878787882 4.5080645161290329 0.49812093378245775 68.159335262901351 0.45131517241379315 7.135969175007248 8.2390476190476196 11.960769230769232 8.1017241379310363 27.710000000000004 8.3056959614372072 20.239047619047621 71.0792 11.504901960784315 20.716517857142861 32.939338235294123 0.65450928381962881 25.519230769230774 25.674242424242429 35.418010752688183 20.491935483870972 74.839640656234764 89.509230209049008 96.550980552956148 63.297058823529419 82.595454545454558 33.546920821114377 69.473985294117668 19.848076923076928 74.500000000000014 26.33908045977012 33.339080459770123 72.819805194805198 15.766968325791858 66.409799714203814 34.732051282051295 57.557777777777787 4.2406896551724147 75.264500000000012 0.71101785714285726 0.79057017543859665 3.6306042884990259 56.25403225806452 107.9918631003175 0.40960769230769239 18.836021505376348 21.508620689655178 74.149965761366914 10.207614942528739 0.096006144393241163 1.599642857142854 0.79948913043478276 19.015625000000004
decision_type=2 2 2 2 2 2 2 2 2 2 2 2 2 2 2 2 2 2 2 2 2 2 2 2 2 2 2 2 2 2 2 2 2 2 2 2 2 2 2 2 2 2 2 2 2 2 2 2 2 2 2 2 2 2 2 2 2 2 2 2 2 2
left_child=1 4 17 5 11 6 10 8 -5 -8 20 42 -13 14 15 16 -9 -2 -12 -17 21 22 -4 49 25 -10 46 -20 33 44 -31 -18 -7 34 58 -35 -27 50 -39 40 41 -40 -1 -3 -30 -46 47 54 -49 -6 51 -11 -52 -14 -26 56 -56 -58 59 -29 61 -55
right_child=2 43 3 7 23 32 9 13 24 37 18 12 53 -15 -16 19 31 -19 27 -21 -22 -23 -24 -25 26 36 -28 28 29 30 -32 -33 -34 35 -36 -37 -38 38 39 -41 -42 -43 -44 -45 45 -47 -48 48 -50 -51 52 -53 -54 60 55 -57 57 -59 -60 -61 -62 -63
leaf_value=0.068706171895269327 -0.038494176680780666 -0.09455656041753617 0.29899884244453079 -0.22008418649303793 -0.012934871674624612 -0.0096816617494977514 -0.12673028262979108 0.21170447528166852 -0.1946486638928282 -0.13901011932898413 0.23942187998903561 -0.094393201005378291 0.15785181162501202 0.034431585606916872 0.14220534651929684 -0.069423681124923017 0.1132569019990181 -0.12004036320347332 -0.20652091396441227 -0.26684902823039852 -0.10388264257447763 0.31457424624117331 0.0057933216886903284 0.0078757468141500923 0.0058112743265648602 0.041994797232049401 -0.24836915879683064 0.037338121682336557 0.10358633481109208 -0.26319191373811546 -0.036337083616844172 -0.13762174322633347 0.044144415227697388 0.24518210925453013 -0.16479559202345739 -0.027249938438426363 -0.11719183501897895 0.17385452078392633 0.074242509584619587 0.20561892685546715 -0.12030155012494242 -0.14921217237154646 0.24192807629458402 0.043658379857363996 0.041338660022363194 -0.062391053593987396 -0.056649821064554649 0.20193217775976563 -0.066296159872368199 -0.077584430779273197 -0.1022386157695956 0.043327811154193353 -0.36432066610382824 -0.019416679027068229 -0.096021611388524386 -0.09637472564267302 0.23234675979614258 -0.067457370497120764 0.0053197639240036504 0.34418612228992379 0.24627901978194716 0.070861448618180958
leaf_weight=159 2229 64 21 56 2005 611 199 30 101 56 23 92 72 661 38 183 33 228 30 43 28 35 75 3799 843 86 27 43 88 81 173 51 1510 43 44 27 110 47 124 29 106 37 54 3602 179 298 727 63 33 333 106 112 20 411 52 276 41 22 2809 21 22 283
leaf_count=159 2229 64 21 56 2005 611 199 30 101 56 23 92 72 661 38 183 33 228 30 43 28 35 75 3799 843 86 27 43 88 81 173 51 1510 43 44 27 110 47 124 29 106 37 54 3602 179 298 727 63 33 333 106 112 20 411 52 276 41 22 2809 21 22 283
internal_value=1.83933e-05 0.0159491 -0.013429 -0.00574935 0.00312693 0.00436701 -0.00623972 -0.0260477 -0.0400518 -0.0495677 0.00277944 0.0406988 0.0231158 0.00679923 -0.0414933 -0.0622132 0.0276295 -0.0460857 -0.00101138 -0.107509 0.094521 0.137188 0.0711852 -0.00356683 -0.0357707 -0.0977277 -0.0269179 -0.0024849 -0.000848796 -0.0363523 -0.109069 -0.0389339 0.0286384 0.00888912 0.00570358 0.140604 -0.0473977 -0.025376 0.0150203 -0.0104389 -0.0342594 0.0225649 0.113102 0.0412319 -0.00358806 -0.0234554 -0.0239498 -0.0060583 0.109827 -0.022159 -0.0724624 -0.0176629 -0.145142 0.0368907 -0.0151173 -0.0601983 0.0266361 0.127891 0.00834421 0.139964 0.0246204 0.0174165
internal_weight=23804 10896 12908 10451 7230 6975 4854 3476 2437 836 4018 1093 880 1039 378 340 114 2457 3859 226 159 131 96 6137 2381 297 2084 3836 3806 819 254 84 2121 2987 2917 70 196 637 343 296 267 161 213 3666 565 477 2057 1330 96 2338 294 168 126 788 1234 391 115 63 2873 64 716 694
internal_count=23804 10896 12908 10451 7230 6975 4854 3476 2437 836 4018 1093 880 1039 378 340 114 2457 3859 226 159 131 96 6137 2381 297 2084 3836 3806 819 254 84 2121 2987 2917 70 196 637 343 296 267 161 213 3666 565 477 2057 1330 96 2338 294 168 126 788 1234 391 115 63 2873 64 716 694
is_linear=0
shrinkage=0.035


Tree=64
num_leaves=63
num_cat=0
split_feature=73 61 60 55 71 15 80 81 22 3 1 18 36 47 72 75 18 15 16 39 76 29 42 30 15 82 13 25 9 73 43 61 55 43 70 39 37 49 6 41 42 45 28 28 47 55 40 37 74 61 74 39 13 3 28 50 28 42 48 6 31 75
split_gain=3906.4 2353.63 2005.56 1780.71 1498.5 1846.41 1175.92 1101.68 1308.95 2063.85 1281.24 1141.17 1176.28 1418.34 1100.95 1464.02 1253.07 1170.97 1097.96 1523.75 1036.92 1019.9 1013.18 1405.31 1100.07 1168.04 1074.04 1730.51 1127.8 1005.16 1132.11 993.572 1083.76 993.074 981.843 1293.06 1436.23 1119.29 1016.05 968.497 965.615 1379.29 1245.29 962.644 1031.3 1000.98 1018.2 1030.86 942.485 939.819 1244.68 1627.83 1112.93 1080.09 1427.98 931.935 1315.32 931.904 996.224 1289.98 928.161 926.135
threshold=74.409773648566031 0.62589327002511219 209.50000000000003 85.273001409814313 68.473877576671711 4.5669642857142865 -18.437866058877891 1.0808139476643908 18.859605911330053 62.491935483870975 80.75500000000001 13.540064102564104 0.72633974358974374 0.52778529341029345 70.632186607794722 133.94288807715949 8.8730158730158752 12.421215880893302 28.338541666666668 39.019230769230781 0.13033810508504753 0.33631414473684212 3.6909814323607435 21.81534090909091 9.0635080645161299 -35.499999999999993 20.456439393939394 61.779513888888893 37.557777777777787 82.531983037176204 16.464102564102564 0.89425110664844054 100.05107391573033 12.734313725490198 4.6694035459532452 36.465476190476203 8.7533783783783807 -0.016589713983914546 30.446360153256709 6.048809523809525 4.6609195402298864 0.81980519480519487 18.320714285714292 27.543560606060613 0.49686248403486255 111.45934601804699 13.67204301075269 10.792385057471265 1.2597701021158232 0.73884472206980856 1.7655366703086488 33.465476190476203 27.519230769230774 60.302173913043482 22.377155172413797 70.907913043478274 17.693979933110374 5.6711711711711716 0.49410586563522824 24.672619047619051 39.563858695652179 147.79698486642633
decision_type=2 2 2 2 2 2 2 2 2 2 2 2 2 2 2 2 2 2 2 2 2 2 2 2 2 2 2 2 2 2 2 2 2 2 2 2 2 2 2 2 2 2 2 2 2 2 2 2 2 2 2 2 2 2 2 2 2 2 2 2 2 2
left_child=1 3 29 33 5 -5 -3 8 22 11 39 43 61 48 -8 -16 -17 18 19 31 -19 -20 24 57 25 60 -26 -28 -29 49 -31 40 -33 -1 38 36 -36 -38 -4 -9 -18 -42 -43 45 -45 46 -10 -48 -14 50 52 -52 -2 54 -53 56 -35 58 59 -24 -6 -13
right_child=2 6 34 4 7 -7 14 10 9 -11 -12 12 13 -15 15 16 17 20 21 -21 -22 -23 23 -25 26 -27 27 28 -30 30 -32 32 -34 55 35 -37 37 -39 -40 -41 41 42 -44 44 -46 -47 47 -49 -50 -51 51 53 -54 -55 -56 -57 -58 -59 -60 -61 -62 -63
leaf_value=-0.2312026847938457 0.015277729070818336 -0.12626033538669648 0.037865882418948719 0.23889196823010081 0.02373131107931805 -0.026849550029627665 -0.070331675474891678 0.10198004984161353 -0.07709573130530932 0.059622177919558643 0.2206726589909534 -0.03655704992195772 0.30410264517246993 -0.025801163438619594 -0.24747406695459201 0.25445069269145409 -0.016790447136557248 0.076101976457676482 0.089174916362186663 -0.14839670992092696 -0.11003836648554489 -0.035439415253906613 -0.10111166889456463 -0.13678407649762461 -0.02095440921434406 0.056627635902440084 0.020468995220571714 0.41930472081233849 0.068528919230567087 0.059937051571089361 -0.19272227435376912 -0.0012060696287300645 -0.11106538473411569 -0.27169999130023154 0.18125155896248307 0.2706315500408138 -0.17974377973399303 0.075946017413495867 0.19186600658420574 0.014850011166690644 0.0064136769322239457 -0.046035450498847399 0.24401944534544104 0.23797880183079029 -0.037315348799088426 -0.24097332283447187 -0.024079586065376354 0.18117334072831751 0.045453992552171321 -0.0079779324879236981 -0.018641056248714833 0.4941702466759571 -0.17956393104954943 0.083459536972347217 0.15322918431704571 -0.009505891302480687 -0.053981339150372856 0.12022931899140765 0.011270005271353783 0.067153195193307161 -0.061973701206458343 0.14054651204204258
leaf_weight=41 2228 149 1456 32 865 2217 617 205 764 343 48 429 43 63 34 20 2659 42 224 110 271 125 243 103 1013 1481 336 23 22 643 22 190 261 47 79 54 34 53 54 654 305 25 64 27 42 37 228 34 29 2853 114 21 36 124 53 256 121 71 768 72 188 39
leaf_count=41 2228 149 1456 32 865 2217 617 205 764 343 48 429 43 63 34 20 2659 42 224 110 271 125 243 103 1013 1481 336 23 22 643 22 190 261 47 79 54 34 53 54 654 305 25 64 27 42 37 228 34 29 2853 114 21 36 124 53 256 121 71 768 72 188 39
internal_value=1.77491e-05 -0.0099031 0.0202802 -0.00071129 0.00228059 -0.0230146 -0.0295322 0.00924515 0.00470134 -0.0187656 0.0456042 -0.0342772 0.00460865 0.0954316 -0.0266057 -0.0203668 -0.0185399 -0.0198472 -0.014693 -0.0204199 -0.0849684 0.0445454 0.0141078 -0.0132365 0.0228597 0.0365955 -0.00211073 0.0479433 0.250529 0.0108359 0.0514346 -0.0163807 -0.0648435 -0.0676867 0.0535335 0.12256 0.0737024 -0.0243948 0.0434372 0.0356949 -0.00921106 0.0418878 0.162702 -0.0549871 0.0712952 -0.0632171 -0.0566891 0.00283731 0.201005 0.00585801 0.0211817 0.0866631 0.012139 0.147205 0.252697 -0.0516131 -0.115537 -0.00215174 -0.0102299 -0.0625946 0.00840428 -0.0216567
internal_weight=23804 15980 7824 10884 10419 2249 5096 8170 7263 2078 907 1735 603 135 4947 4330 4296 4276 3963 3614 313 349 5185 1257 3928 2534 1394 381 45 6094 665 3504 451 465 1730 220 166 87 1510 859 3053 394 89 1132 69 1063 1026 262 72 5429 2576 312 2264 198 74 424 168 1154 1083 315 1053 468
internal_count=23804 15980 7824 10884 10419 2249 5096 8170 7263 2078 907 1735 603 135 4947 4330 4296 4276 3963 3614 313 349 5185 1257 3928 2534 1394 381 45 6094 665 3504 451 465 1730 220 166 87 1510 859 3053 394 89 1132 69 1063 1026 262 72 5429 2576 312 2264 198 74 424 168 1154 1083 315 1053 468
is_linear=0
shrinkage=0.035


Tree=65
num_leaves=63
num_cat=0
split_feature=76 25 50 76 0 28 58 15 50 22 71 32 34 10 37 46 29 27 42 9 7 48 30 59 5 4 19 20 10 30 11 18 28 37 72 7 14 42 42 41 38 25 71 48 38 43 0 35 20 32 27 38 15 71 14 61 14 23 15 55 35 38
split_gain=3626.56 2601.7 2367.56 1564.8 1569.42 1566.71 1385.76 1330.53 1423.66 1323.34 1247.87 1217.51 1213.18 1190.08 1187 1134.22 1286.44 1129.54 1321.08 1067.91 1059.76 1397.7 1103.25 1269.54 1203.2 1057.35 1026.53 1025.59 1030.44 1000.31 993.234 992.807 973.77 1009.62 1171.44 1447.63 1046.34 971.291 955.721 947.853 1156.32 1057.43 1430.18 1155.39 1116.13 1114.7 1158.56 1029.11 1013.23 956 1013.42 1024.08 945.831 1374.86 1013.6 999.398 941.312 1302.63 1202.98 1492.14 1315.36 1202.39
threshold=0.0044730995961310147 60.014705882352949 67.770602006688975 0.26318999044270286 3.5000000000000004 23.921538461538464 1.0000000180025095e-35 7.2029411764705893 72.618857142857152 18.638181818181824 75.264500000000012 0.56702083333333342 13.780193236714979 0.60004545454545466 5.0185185185185199 0.21132376395534289 0.30721666666666669 8.3766891891891913 2.1132478632478637 33.456439393939398 0.3060741758241759 0.61212300504979533 19.085144927536234 1.0000000180025095e-35 7.6324561403508779 0.40960769230769239 8.1017241379310363 3.6306042884990259 0.54273030303030312 16.113247863247867 0.48951 13.048809523809526 20.716517857142861 6.338541666666667 69.416769896740803 0.29982352941176471 0.72482575757575762 2.7795138888888893 2.8775000000000004 8.3779761904761916 22.784161490683235 69.062500000000014 74.687142857142874 0.29066393582522621 27.45804195804196 13.901612903225809 3.5000000000000004 22.89181286549708 2.9245014245014249 0.54715394736842116 7.338541666666667 25.603571428571431 11.803846153846157 74.947132575757593 0.74641422287390047 0.69616266207320765 0.69525657894736848 72.531372549019622 6.6720430107526889 105.66185964943062 21.661458333333339 24.298148148148154
decision_type=2 2 2 2 2 2 2 2 2 2 2 2 2 2 2 2 2 2 2 2 2 2 2 2 2 2 2 2 2 2 2 2 2 2 2 2 2 2 2 2 2 2 2 2 2 2 2 2 2 2 2 2 2 2 2 2 2 2 2 2 2 2
left_child=1 6 26 7 -5 10 14 -4 9 29 13 17 52 20 -1 -11 31 18 -7 -14 -6 22 -22 -24 38 -16 -2 -18 30 -9 -29 -17 -8 34 -34 -36 -37 -20 -25 40 -3 42 43 -42 47 -44 -47 56 -46 50 -49 -52 53 54 -10 -56 61 -58 -59 60 -60 -45
right_child=2 39 3 4 5 11 32 8 12 15 -12 -13 19 -15 25 16 27 -19 37 -21 21 -23 23 24 -26 -27 -28 28 -30 -31 -32 -33 33 -35 35 36 -38 -39 -40 -41 41 -43 45 44 48 46 -48 49 -50 -51 51 -53 -54 -55 55 -57 57 58 59 -61 -62 -63
leaf_value=-0.20192306316537517 -0.036189010698507648 0.11672967699736436 0.041222679702356553 -0.077412607145590381 -0.10611905474874837 0.23769103177954065 -0.021529044217537409 -0.050397314506489446 0.011294741019925069 -0.16762628215629394 0.087464195195135278 0.22514576563014563 0.19875909116049101 -0.16081925521491292 0.12228134163921955 -0.041844988446507685 -0.020545590602949765 -0.012762903299000299 -0.06172471123213083 0.04339680526186189 -0.06133220526120791 0.029830078535064572 -0.038581064674285001 0.40099472595983082 0.0076902143962424381 0.028911095295514833 -0.11412066544047854 -0.18800537795045519 -0.27971529204106027 0.0047330880624770763 -0.031282117212760904 0.13551408152282238 0.0047157405074407808 0.00072649759334935098 0.39935854817018279 0.021522595430121704 0.19753927122978004 0.093491854105104688 0.098894929680559379 0.010517622320250376 -0.21519687632454768 -0.17384312661994591 0.17724150165471628 -0.068986836717424546 0.16260985967015562 -0.1965448843157569 0.08707903041270075 -0.005877102392213839 0.046056770372544367 0.12546143651505312 -0.050664990413422685 -0.35419646322531778 -0.072147443404642367 0.10757568269019778 -0.03659809190633765 -0.25427846367203677 -0.048494879571537093 -0.040123238436507259 0.15295886418068014 0.067052423503641365 0.46144529627299891 0.031943390068977985
leaf_weight=24 2229 284 1020 572 201 50 2338 479 830 95 105 36 58 89 178 74 311 500 76 751 892 474 217 22 72 891 228 75 39 2532 145 80 234 3369 20 110 66 139 31 1035 22 27 164 200 147 21 98 55 242 25 25 30 189 159 104 34 116 90 105 442 20 518
leaf_count=24 2229 284 1020 572 201 50 2338 479 830 95 105 36 58 89 178 74 311 500 76 751 892 474 217 22 72 891 228 75 39 2532 145 80 234 3369 20 110 66 139 31 1035 22 27 164 200 147 21 98 55 242 25 25 30 189 159 104 34 116 90 105 442 20 518
internal_value=1.84019e-05 0.0148873 -0.0125327 -0.0052635 -0.0244464 -0.0140009 0.00270768 0.00429688 -0.00203028 -0.0147773 -0.0298658 0.0276401 0.0209408 -0.0360539 0.0390072 -0.0542105 -0.0392184 0.0182002 0.0765483 0.0546555 -0.0301948 -0.0212294 -0.0408491 0.0125759 0.101212 0.0445114 -0.0434439 -0.0634622 -0.114843 -0.00404299 -0.0850315 0.0504073 -0.00375934 0.00717706 0.0576488 0.120654 0.0879213 0.0385925 0.226936 0.0389032 0.0500643 0.0419727 0.0445228 0.0342596 0.0370376 0.118193 0.0363855 0.0242783 0.0902624 -0.0680839 -0.112472 -0.21799 0.000199435 0.0123619 -0.00332145 -0.0909791 0.0326634 0.0594527 0.0785397 0.0974 0.203986 0.00379581
internal_weight=23804 10896 12908 10451 3476 2904 7230 6975 5955 3830 2103 801 2125 1998 1093 819 724 765 265 809 1909 1708 1234 342 125 1069 2457 570 259 3011 220 154 6137 3799 430 196 176 215 53 3666 2631 2347 2320 2037 2015 283 119 1626 389 135 110 55 1316 1127 968 138 1491 773 657 567 125 718
internal_count=23804 10896 12908 10451 3476 2904 7230 6975 5955 3830 2103 801 2125 1998 1093 819 724 765 265 809 1909 1708 1234 342 125 1069 2457 570 259 3011 220 154 6137 3799 430 196 176 215 53 3666 2631 2347 2320 2037 2015 283 119 1626 389 135 110 55 1316 1127 968 138 1491 773 657 567 125 718
is_linear=0
shrinkage=0.035


Tree=66
num_leaves=63
num_cat=0
split_feature=73 63 73 80 3 33 15 75 55 19 69 3 63 28 69 40 32 15 25 26 28 27 59 29 3 49 82 73 73 40 32 20 0 44 38 63 29 19 11 4 20 12 21 60 8 12 10 44 17 45 38 29 44 18 43 37 37 47 26 29 40 36
split_gain=3499.62 2766.31 1675.43 1377.47 1468.31 1314.54 1412.02 1578.04 1302.93 1280.11 1326.86 1268.4 1214.73 1204.34 1169.8 1146.74 1137.97 1129.15 1372.99 1102.34 1255.8 1088.48 1388.33 1080.46 1037.28 1034.33 1056.2 1024.42 1003.13 1283.12 1361.39 998.855 996.873 1296.16 1249.2 1132.41 1007.24 985.85 991.951 1253.38 985.138 1007.83 1004.08 1324.1 970.407 1201.88 947.853 939.81 928.141 918.794 912.001 903.154 1682.3 1550.33 1157.21 945.62 943.662 1514.63 980.665 907.152 900.812 900.228
threshold=67.914923740204841 104.59041716194751 79.037447706202784 1.5240667915854973 65.792857142857159 0.47111437908496734 9.5075757575757596 154.37236776788509 85.273001409814313 5.1589473684210541 -3.4694998480100021 60.820855614973269 94.988532664356967 17.848076923076928 -9.135034394209546 14.911067193675891 0.51537797619047632 5.717142857142858 54.755000000000003 0.38405555555555554 24.561250000000005 7.2880184331797242 1.0000000180025095e-35 0.31451190476190477 60.820855614973269 -0.10710144646125754 95.500000000000014 63.101187622653846 73.598219359073411 17.685855263157901 0.46675595238095241 2.1695402298850577 2.5000000000000004 15.95916666666667 26.716517857142861 96.578671124894512 0.38161250000000008 9.8786764705882373 0.55250925925925942 0.4976666666666667 3.2029411764705888 9.9838709677419377 14.236694677871148 251.50000000000003 21.403703703703709 12.392080745341618 0.44859401709401708 15.508620689655173 32.842927631578952 0.38585607940446653 27.40454545454546 0.33317752100840342 19.717142857142861 17.202941176470592 16.205263157894738 9.5577777777777797 10.410427807486633 0.73810797788070526 0.4140166666666667 0.35640370370370372 15.641428571428573 0.72314835164835178
decision_type=2 2 2 2 2 2 2 2 2 2 2 2 2 2 2 2 2 2 2 2 2 2 2 2 2 2 2 2 2 2 2 2 2 2 2 2 2 2 2 2 2 2 2 2 2 2 2 2 2 2 2 2 2 2 2 2 2 2 2 2 2 2
left_child=8 2 12 15 5 -5 -7 14 24 31 11 60 13 23 16 40 -8 18 -14 20 -15 -13 -23 61 48 -17 -27 -12 29 30 -19 -10 33 -4 36 -36 -34 38 -21 44 41 -3 -42 -44 45 -40 -6 -25 -1 -50 -29 56 -53 54 55 -54 58 -58 -30 -57 -11 -2
right_child=1 3 32 4 46 6 7 -9 9 10 27 21 17 19 -16 25 -18 28 -20 37 -22 22 -24 47 -26 26 -28 50 51 -31 -32 -33 34 -35 35 -37 -38 -39 39 -41 42 -43 43 -45 -46 -47 -48 -49 49 -51 -52 52 53 -55 -56 59 57 -59 -60 -61 -62 -63
leaf_value=-0.064376361493843959 0.042927848293196645 -0.17333208154203478 0.17912453067410325 0.12024431004790101 0.35026163811343064 0.043234146696997593 -0.033255293363172109 0.13416146236164556 0.096851743469959908 -0.021545209305592686 -0.18732167152847562 0.074981192688412537 0.28121517972350124 -0.026028511291683504 -0.069496810643183596 -0.083353696357082882 0.12781902845643003 0.029642948634834 0.040585759386692101 -0.025464154015650727 0.23161962815889944 -0.14008364316850316 0.10087949553477138 0.061582629807293419 -0.010679187626675291 0.10591357042251318 -0.083468991940280055 -0.043864090602260333 -0.11477348160512689 0.11988337148785592 -0.023626279575161169 0.0005940053905569816 0.031829947876807693 -0.11202192828800943 0.033266305116666568 0.13844613918395837 -0.045984927150526801 -0.092906888415120292 0.17945518947761877 -0.021829964198190312 0.052701058883880249 -0.024853825357607287 -0.20512728982885017 0.012868642088286426 0.24954907465118104 -0.037706366003393298 0.1096530871595474 -0.1766830436859694 0.011616371293570482 -0.22134978714111461 -0.19668774337933795 0.010063221170902938 -0.15013118701093064 -0.36426189623673766 0.19179647031062991 -0.098419381541954856 0.108191314145375 -0.13585685442366463 0.028417731800880447 0.13018062052537097 -0.15223564199397438 -0.18544104280038318
leaf_weight=201 91 60 22 215 24 2463 134 78 168 2306 73 309 32 47 385 54 89 694 277 2051 45 76 47 23 186 280 41 933 64 87 3822 611 1092 112 272 233 250 222 55 204 417 760 47 121 43 71 117 157 25 119 50 2116 114 22 20 47 326 34 639 38 66 27
leaf_count=201 91 60 22 215 24 2463 134 78 168 2306 73 309 32 47 385 54 89 694 277 2051 45 76 47 23 186 280 41 933 64 87 3822 611 1092 112 272 233 250 222 55 204 417 760 47 121 43 71 117 157 25 119 50 2116 114 22 20 47 326 34 639 38 66 27
internal_value=1.83188e-05 0.00708737 -0.00139784 0.0285183 0.0412505 0.0365971 0.0308668 -0.0135308 -0.0254579 -0.0195074 -0.0277669 -0.0151669 -0.00657453 -0.0255261 -0.0325786 0.00344076 0.0311564 0.000331691 0.0659307 -0.0182427 0.100528 0.0399585 -0.0479443 -0.0922902 -0.0773699 0.0577763 0.0816214 -0.0611974 -0.00219832 -0.0128658 -0.0154369 0.0214064 0.0283011 -0.0637075 0.0349936 0.0818907 0.0173195 -0.0223919 -0.0159145 0.03655 -0.0110745 -0.0358214 0.0236083 -0.0485253 0.106898 0.0573933 0.151725 -0.146132 -0.113247 -0.18098 -0.051737 0.0121578 7.56119e-05 -0.0874412 -0.0588504 -0.0844761 0.038932 0.0849762 0.0153045 0.00390097 -0.0252144 -0.00985849
internal_weight=23804 18634 13349 5285 3505 3364 3149 686 5170 4639 3860 2804 11368 3036 608 1780 223 8332 309 2738 92 432 123 298 531 375 321 1056 8023 4603 4516 779 1981 134 1847 505 1342 2646 2424 373 1405 820 585 168 169 126 141 180 345 144 983 3420 2357 241 219 199 1063 360 703 85 2372 118
internal_count=23804 18634 13349 5285 3505 3364 3149 686 5170 4639 3860 2804 11368 3036 608 1780 223 8332 309 2738 92 432 123 298 531 375 321 1056 8023 4603 4516 779 1981 134 1847 505 1342 2646 2424 373 1405 820 585 168 169 126 141 180 345 144 983 3420 2357 241 219 199 1063 360 703 85 2372 118
is_linear=0
shrinkage=0.035


Tree=67
num_leaves=63
num_cat=0
split_feature=80 71 71 0 80 28 78 75 15 51 17 68 67 2 80 44 41 72 56 36 40 22 48 27 27 15 22 6 74 15 14 37 37 0 35 39 81 51 10 54 55 50 71 13 80 68 74 42 63 44 75 8 27 2 54 45 8 34 55 74 44 3
split_gain=3207.32 2748.77 1901.62 2433.46 1425.71 1409.93 1402.47 1380.63 1363.02 1296.25 1629.42 1274.09 1257.16 1291.17 1168.86 1184.64 1132.88 1113.11 1281.04 1102.81 1645.47 1263.56 1135.98 1099.43 1096.54 1142.3 1090.36 1061.49 1049.81 1225.75 1042.26 1032.35 1017.86 1005.14 1033.24 1338.98 1083.9 1191.57 997.535 1279.72 1014.21 990.925 1084.26 1020.06 994.005 968.232 966.545 962.234 956.547 946.695 1317.22 945.591 1083.54 940.755 1157 1213.15 918.981 980.552 917.698 1115.09 980.264 974.5
threshold=0.77006261828600497 72.31707015810278 69.909043712961349 11.500000000000002 -7.9955141425764458 19.983870967741939 4.9357024599240029 126.26257754421421 8.6720430107526898 77.134166666666687 34.188988095238102 -9.2831065280293412 106.73746164451951 31.509259259259263 12.635630651028444 19.377155172413797 4.8136574074074083 71.326548766727669 102.38540997164286 0.72680476190476206 18.019230769230774 18.836021505376348 0.46380614385051505 8.7537878787878807 9.8393548387096796 7.5400641025641031 17.131884057971018 19.186342592592599 -1.726423931431661 6.7709790209790217 0.77786666666666682 8.7533783783783807 5.8366666666666669 2.5000000000000004 18.574175824175828 30.83666666666667 0.86351618118738405 73.640952380952385 0.4713178947368421 92.20511764495842 84.405566155547703 73.254200000000012 72.116190476190482 21.653010033444819 -1.0000000180025095e-35 4.5468762388575579 14.87178719647944 5.0930735930735933 113.68647336112203 17.579796264855691 146.40144540036775 17.201851851851853 7.253571428571429 24.067816091954025 94.792490464249326 0.24568965517241384 18.25403225806452 10.385856079404467 97.322491993296168 -1.1699321700543164 18.144957983193283 55.72318007662836
decision_type=2 2 2 2 2 2 2 2 2 2 2 2 2 2 2 2 2 2 2 2 2 2 2 2 2 2 2 2 2 2 2 2 2 2 2 2 2 2 2 2 2 2 2 2 2 2 2 2 2 2 2 2 2 2 2 2 2 2 2 2 2 2
left_child=2 5 4 6 -1 16 11 -6 -7 19 -11 23 13 -10 15 30 27 18 53 21 -21 46 -23 -4 26 -26 -9 -2 29 -28 -3 41 -31 38 -35 36 -36 -38 -8 40 -40 44 -43 -44 56 -16 58 -30 -19 -25 -51 52 -34 -18 -55 -56 -13 -58 59 60 -5 -60
right_child=1 14 3 9 7 8 33 24 12 10 -12 31 -14 -15 45 -17 17 48 -20 20 -22 22 -24 49 25 -27 28 -29 47 32 -32 -33 51 34 35 -37 37 -39 39 -41 -42 42 43 -45 -46 -47 -48 -49 -50 50 -52 -53 -54 54 55 -57 57 -59 61 -61 -62 -63
leaf_value=-0.060596584701854736 -0.094784546818998144 0.050296254612176697 -0.073570539457898057 0.039043816193657099 -0.12316458016625827 0.030219958817221029 -0.20273797966604648 -0.0030670401958211592 -0.016350991570698019 0.031588406201165459 0.24008712319022033 0.032509962849082044 0.10079356637717825 0.20946790246665478 0.22152472146274801 0.0019718826942287473 -0.052330554234608577 -0.0037522831714226464 -0.10031999489082213 0.043964044835615862 -0.21600222625497914 -0.11543651214954267 -0.015125681632402537 0.12351008257546173 0.18865095505857468 0.012881948274292974 0.15851060885041954 0.13946368604923545 -0.073045333474144825 0.19856416245869229 0.16460812714339443 0.038616450910116958 0.0088603722320662603 -0.059522941009069401 -0.11315616280855019 -0.02200848905702877 0.057667185929440368 0.30208023901500658 -0.045099684515705819 -0.00041688950778781504 -0.23511620164250996 0.16455213483894229 0.070183764022888021 -0.072414951504660929 -0.21734277622024697 0.030935368353620582 -0.20843303876734798 0.10598773199861702 0.20952875716281388 -0.12769108387629194 0.14950419325063954 0.014580154782248235 -0.16337434340196272 -0.10553219267719467 0.29826701400385186 0.039256198082081216 0.12871554030763344 -0.11224354251341831 -0.08089221087427334 0.038871999199718614 0.32838553002064047 0.012466801795361287
leaf_weight=1216 31 1541 445 26 145 2944 80 2261 2022 136 69 141 126 31 83 657 431 921 391 1363 30 170 734 75 62 165 52 96 847 24 104 928 76 726 23 630 65 39 67 172 71 58 119 126 41 54 23 38 26 67 30 224 108 57 25 171 23 176 150 518 32 1522
leaf_count=1216 31 1541 445 26 145 2944 80 2261 2022 136 69 141 126 31 83 657 431 921 391 1363 30 170 734 75 62 165 52 96 847 24 104 928 76 726 23 630 65 39 67 172 71 58 119 126 41 54 23 38 26 67 30 224 108 57 25 171 23 176 150 518 32 1522
internal_value=1.77564e-05 0.0154944 -0.0106466 -0.000787656 -0.0274127 0.00470855 -0.0205561 -0.0173226 0.0146901 0.0162013 0.102196 -0.00179279 -0.00629239 -0.0128893 0.0476438 0.0417098 -0.0190828 -0.0254591 -0.0498241 0.0123306 0.0382873 0.000936966 -0.0340467 -0.0445448 -0.0133272 0.0612138 -0.0179974 0.0821101 -0.0426432 -0.0011856 0.0575732 0.0145773 -0.0205774 -0.0428775 -0.0297065 -0.00108601 0.102355 0.150362 -0.0928498 -0.0641995 -0.143383 -0.0180365 0.0291689 -0.00313658 -0.055576 0.146813 0.0148686 -0.0652986 0.00220716 0.030526 -0.0415976 -0.0337039 -0.0923837 -0.0209014 0.0326238 0.072986 -0.035768 -0.0841237 0.0172007 0.0552807 0.200183 0.00406752
internal_weight=23804 9711 14093 8875 5218 7272 4102 4002 5123 4773 205 2229 2179 2053 2439 2302 2149 2022 1075 4568 1393 3175 904 617 3857 227 3630 127 1369 484 1645 1612 432 1873 1483 757 127 104 390 310 138 684 303 245 381 137 2271 885 947 172 97 408 184 684 253 196 340 199 2248 576 58 1672
internal_count=23804 9711 14093 8875 5218 7272 4102 4002 5123 4773 205 2229 2179 2053 2439 2302 2149 2022 1075 4568 1393 3175 904 617 3857 227 3630 127 1369 484 1645 1612 432 1873 1483 757 127 104 390 310 138 684 303 245 381 137 2271 885 947 172 97 408 184 684 253 196 340 199 2248 576 58 1672
is_linear=0
shrinkage=0.035


Tree=68
num_leaves=63
num_cat=0
split_feature=73 60 73 55 51 63 43 27 39 44 50 70 10 13 25 30 77 48 29 56 46 48 21 44 12 18 2 34 29 78 63 69 68 36 70 1 16 8 26 73 29 49 8 52 47 65 41 77 3 42 7 72 29 25 30 8 70 47 54 48 69 7
split_gain=3075.04 2416.26 1486.32 1353.44 1347.98 1474.17 1201.89 1194.85 1146.01 1088.41 1076.82 1249.34 1198.16 1001.27 1407.02 986.167 1284.17 1315.99 1128.64 1064.7 1283.03 991.027 1033.34 980.567 979.557 1098.62 1146.93 1035.59 957.186 1221.96 1036.6 1125.2 1041.84 981.076 944.416 1091.32 1026.01 1250.32 1049.93 1010.47 939.614 939.369 1022.73 1240.15 1119.44 1020.16 972.316 935.31 933.14 931.949 1082.87 985.15 925.549 1025.35 975.528 1024.14 1120.99 979.977 968.123 939.908 901.969 899.269
threshold=71.232359438980396 199.50000000000003 79.037447706202784 85.273001409814313 67.469328063241122 94.561338522596358 10.430952380952382 9.8681159420289877 29.646110056926002 24.679487179487186 67.770602006688975 3.7995625516615523 0.51820714285714298 14.127717391304349 55.672619047619058 19.224014336917566 2.2094915556553913 0.44995275718537758 0.31401612903225812 100.32927917965777 0.6858552631578948 0.47372892788092863 11.507142857142858 21.297058823529415 11.938446969696971 10.587221095334689 23.403125000000003 13.254032258064518 0.33317752100840342 8.9190529955325051 96.503006079887072 -2.1791649439425522 1.0000000180025095e-35 0.6685092592592593 9.0661510539302501 79.267948717948727 25.10172413793104 22.345238095238098 0.52705555555555572 76.504110791704122 0.30935388994307406 0.058337162261769153 16.491379310344829 0.040769230769235755 0.65270541297327023 0.36012675329215704 6.246212121212122 2.8825936113956288 60.820855614973269 2.5968750000000003 0.36651470588235296 71.326548766727669 0.29631789473684217 60.660919540229891 14.924501424501427 18.014705882352946 9.2298997444885433 0.55482437701187715 85.73093148321955 0.6546950125897496 -0.42076948248099905 0.33554006410256415
decision_type=2 2 2 2 2 2 2 2 2 2 2 2 2 2 2 2 2 2 2 2 2 2 2 2 2 2 2 2 2 2 2 2 2 2 2 2 2 2 2 2 2 2 2 2 2 2 2 2 2 2 2 2 2 2 2 2 2 2 2 2 2 2
left_child=3 2 9 48 7 -6 8 -5 -7 28 12 15 13 14 -8 16 17 23 21 -17 -21 -19 -23 -12 25 -15 -27 -28 30 34 41 33 -33 40 36 39 37 -30 -38 -36 -32 45 43 -43 -44 47 -46 -2 -1 50 -34 -51 53 59 55 -54 -57 -58 -56 -13 -4 -55
right_child=1 -3 60 4 5 6 10 -9 -10 -11 11 52 -14 24 -16 19 -18 18 -20 20 -22 22 -24 -25 -26 26 27 -29 29 -31 31 32 49 -35 35 -37 38 -39 -40 -41 -42 42 44 -45 46 -47 -48 -49 -50 51 -52 -53 54 61 58 56 57 -59 -60 -61 -62 -63
leaf_value=-0.095291246752159151 0.2443559741465772 0.03433563211952239 0.23548284745450115 -0.039427503199829975 -0.045658416298058849 0.23574632080225755 0.3279696610084874 0.11122656345837996 0.037916697273438132 -0.19360694514652096 -0.032635699829934715 0.065536101064655225 -0.065745778513079639 0.044984586954116827 0.034614760574061765 -0.082746022389413199 -0.042915692375648413 0.29782734113819198 0.015088865339387506 -0.017660114172116298 0.24015630724070211 0.30123367625210029 0.053697465156367669 -0.28087147417179376 0.019949332577900238 -0.18511882256534681 -0.098145782647416802 0.079116362728855832 -0.0238724620906412 -0.073459372305097262 -0.058684053451364689 0.10712560674522797 -0.11937814930081368 -0.081381846964007645 0.061351211403057264 -0.054970680727683317 0.012031567439895594 -0.18638675543841193 -0.1752759264532725 0.27618190355764499 0.22849908053469764 -0.25453674049455616 0.15993911435345159 0.098131621186326207 -0.092463353226443293 -0.041050211656845428 0.059011336521356123 -0.035151624703616428 -0.010570274429705644 -0.069326546638309963 0.12719763509850754 0.054870245761220487 0.04913652409712474 0.034897843743844706 0.16551154768842835 -0.29859440564783946 -0.17208899902138447 0.12664976021457228 0.016846534927054537 -0.077690829531010933 0.025908361073524629 0.23224125113408237
leaf_weight=409 30 3895 25 2150 909 48 23 66 139 37 212 311 584 94 137 394 542 26 879 219 26 22 260 21 399 104 121 60 2324 389 27 264 93 169 185 85 1634 59 37 31 28 30 91 20 71 825 189 28 261 87 28 742 52 46 55 35 31 23 1634 68 1947 74
leaf_count=409 30 3895 25 2150 909 48 23 66 139 37 212 311 584 94 137 394 542 26 879 219 26 22 260 21 399 104 121 60 2324 389 27 264 93 169 185 85 1634 59 37 31 28 30 91 20 71 825 189 28 261 87 28 742 52 46 55 35 31 23 1634 68 1947 74
internal_value=1.81014e-05 0.011131 0.0015903 -0.0142213 -0.0109171 -0.00386928 0.00185489 -0.0349149 0.0892084 -0.00551642 -0.000683071 0.00726141 -0.0264127 -0.00189821 0.0776967 -0.00940942 0.00289093 0.0203863 0.0353175 -0.0471549 0.0101191 0.0929185 0.0735202 -0.0555774 -0.0183112 -0.0585732 -0.0927604 -0.0393095 -0.00457091 -0.0140635 0.0119714 0.0323766 0.0456757 -0.039625 -0.00874949 0.0510129 -0.0131933 -0.0279358 0.00783084 0.0927662 0.0881966 -0.0108822 0.03351 -0.113825 0.05464 -0.0310537 0.0175356 0.110214 -0.0623257 0.028548 -0.0620018 0.0417982 0.0258787 0.0681099 0.0143459 -0.0739326 -0.14575 -0.0447896 0.0217372 0.0397607 0.028626 0.157081
internal_weight=23804 13370 9475 10434 9764 7548 6639 2216 187 7503 6452 4930 1522 938 160 2601 1962 1420 1187 639 245 308 282 233 778 379 285 181 7466 4744 2722 1438 1214 224 4355 301 4054 2383 1671 216 55 1284 401 50 351 883 260 58 670 950 121 829 2329 499 1830 141 89 54 1689 379 1972 120
internal_count=23804 13370 9475 10434 9764 7548 6639 2216 187 7503 6452 4930 1522 938 160 2601 1962 1420 1187 639 245 308 282 233 778 379 285 181 7466 4744 2722 1438 1214 224 4355 301 4054 2383 1671 216 55 1284 401 50 351 883 260 58 670 950 121 829 2329 499 1830 141 89 54 1689 379 1972 120
is_linear=0
shrinkage=0.035


Tree=69
num_leaves=63
num_cat=0
split_feature=73 63 63 38 20 58 50 15 2 34 14 45 69 75 58 38 16 16 13 48 79 37 46 8 53 29 65 72 26 50 16 67 45 51 76 22 51 41 27 73 4 0 20 20 25 37 10 55 75 34 80 20 40 82 12 0 65 7 27 22 50 14
split_gain=2905.03 1986.11 1559.63 1303.31 1495.23 1167.87 1137.01 1362.58 1111.16 1098.98 1095.68 1111.59 1554.76 1086.18 1060.87 1028.04 1088.35 1318.16 939.339 1007.06 938.929 938.926 996.62 903.414 1572.68 1060.55 1214.88 1048.39 1045.25 911.932 887.974 1071.97 1221.09 949.836 938.718 880.867 899.544 873.828 871.243 866.729 866.021 838.455 1030.87 1023.02 837.329 1174.9 1206.99 1318.86 1178.8 1115.71 1056.47 1026.85 986.642 1284.62 1450.83 1153.07 1398.9 998.342 1102.51 986.341 1082.77 1635.03
threshold=74.771224857231459 102.28714488112401 94.685001873450673 28.508620689655178 3.3969696969696974 1.0000000180025095e-35 66.751984126984141 8.955533596837947 36.071428571428577 14.093073593073596 0.7057320574162681 0.2124060150375939 -4.5725651479388452 127.61621151001395 1.0000000180025095e-35 21.859605911330053 25.10172413793104 21.338541666666668 21.88675213675214 0.36408260720760727 0.82612546678756094 7.8304597701149428 0.77951388888888895 17.134848484848487 99.145755123102546 0.38320942982456141 0.35382581031165106 68.718086176464098 0.45421980676328505 70.14733333333335 25.056349206349211 108.57275395040402 0.64142857142857157 76.628333333333345 0.55210156723043702 21.114379084967322 79.441739130434811 9.7550000000000008 10.878676470588237 72.890245596639915 0.49003333333333338 26.500000000000004 3.1277173913043481 3.4928571428571433 60.418859649122815 13.508620689655173 0.57790454545454562 108.75208414992903 164.56385663554713 13.547727272727274 5.4141451469474058 3.2240143369175631 12.60357142857143 36.500000000000007 10.303846153846157 27.500000000000004 0.40585619182621951 0.31056349206349204 8.7537878787878807 16.480740740740746 70.594833333333341 0.747216374269006
decision_type=2 2 2 2 2 2 2 2 2 2 2 2 2 2 2 2 2 2 2 2 2 2 2 2 2 2 2 2 2 2 2 2 2 2 2 2 2 2 2 2 2 2 2 2 2 2 2 2 2 2 2 2 2 2 2 2 2 2 2 2 2 2
left_child=1 5 -2 10 -5 21 9 35 20 -7 11 12 -3 -13 -15 -11 17 -17 38 -20 -4 40 -23 25 28 39 -27 29 41 -26 -21 32 -32 -34 -33 36 -8 -29 -9 -12 -1 43 -43 -25 59 46 47 52 -49 -50 -47 -48 -46 55 -55 -54 -57 58 -56 -22 61 -61
right_child=2 3 8 4 -6 6 7 18 -10 15 23 13 -14 14 -16 16 -18 -19 19 30 44 22 -24 24 27 26 -28 37 -30 -31 31 34 33 -35 -36 -37 -38 -39 -40 -41 -42 42 -44 -45 45 50 51 48 49 -51 -52 -53 53 54 57 56 -58 -59 -60 60 -62 -63
leaf_value=-0.055048547609819594 -0.0095573550552971349 0.015785723003652496 0.16497677665500624 0.20089235025775254 -0.076865958758699379 -0.076455080356856386 0.0043925303556446764 -0.025814417343046084 -0.19824217485706763 0.1811326470813458 -0.027743464300234132 -0.10653714347348665 0.20072595451132783 0.047816126239553072 -0.018364045549708913 0.13594493439923164 0.10570340358027817 -0.10162181348369101 0.061220764884712016 -0.11948950912475065 0.045861113920376805 0.053732471674814708 -0.047874855575329368 0.13271441004442838 -0.0084534121619401579 0.35075001578214698 0.03381041621423643 0.0289714169740957 -0.014291622644501765 -0.17801573420844527 0.11933190402985226 -0.32855618951176579 -0.066296741633263573 0.1692968894303673 -0.042190805036247822 -0.11074981379568577 -0.16175244966259711 -0.13181755369498449 0.14199045470627875 0.056274736699902676 0.12339860751072566 0.082947665944332033 0.43487358715367869 -0.021361214839629016 -0.018157297699052669 -0.19331602311479418 0.27433886746642661 0.0015802303974685797 -0.10055313570906477 0.19099493338411153 0.076607042894028782 0.064348663921119612 0.023428040163015435 -0.090522792713365718 -0.019402478943035109 0.40091100375917221 0.077707128176331519 0.18220941637142712 0.2224537146029188 -0.066966983230983462 0.017199331686945631 0.090073275974805134
leaf_weight=299 1821 591 61 82 33 868 2782 2457 26 34 985 156 61 326 3252 34 62 168 70 341 904 632 145 233 116 20 54 1614 92 58 61 28 310 22 28 87 40 42 38 177 37 20 21 68 140 47 51 944 20 76 28 65 455 34 74 22 62 275 33 463 1561 98
leaf_count=299 1821 591 61 82 33 868 2782 2457 26 34 985 156 61 326 3252 34 62 168 70 341 904 632 145 233 116 20 54 1614 92 58 61 28 310 22 28 87 40 42 38 177 37 20 21 68 140 47 51 944 20 76 28 65 455 34 74 22 62 275 33 463 1561 98
internal_value=1.8378e-05 -0.00808111 0.0184752 0.00444937 0.12117 -0.0198166 -0.0248252 -0.0189142 0.0278612 -0.0565554 0.00273924 -0.008914 0.0332343 -0.016278 -0.0123274 0.00142668 -0.0220027 -0.0613811 -0.0341127 -0.0656513 0.0289661 0.0136119 0.0347479 0.0173426 0.0304792 -0.00671967 0.121296 0.0162594 0.0903425 -0.0653424 -0.0769292 -0.0445013 -0.0239645 -0.0504435 -0.187076 -0.00138146 0.00200806 0.0248528 -0.0232293 -0.0149238 -0.0352336 0.11848 0.266354 0.0979173 0.0274 0.0431895 0.0477369 0.0417369 0.0134957 0.130013 -0.0926584 0.157483 0.0685381 0.0812538 0.12744 0.0455156 0.164269 0.146942 0.0558439 0.0152568 0.00220955 -0.0394719
internal_weight=23804 16544 7260 8001 115 8543 7430 6264 5439 1166 7886 4386 652 3734 3578 298 264 202 3355 860 5413 1113 777 3500 2264 1236 74 1830 434 174 790 449 393 332 56 2909 2822 1656 2495 1162 336 342 41 301 5352 2326 2251 2135 1040 96 75 116 1095 955 416 539 84 382 107 3026 2122 561
internal_count=23804 16544 7260 8001 115 8543 7430 6264 5439 1166 7886 4386 652 3734 3578 298 264 202 3355 860 5413 1113 777 3500 2264 1236 74 1830 434 174 790 449 393 332 56 2909 2822 1656 2495 1162 336 342 41 301 5352 2326 2251 2135 1040 96 75 116 1095 955 416 539 84 382 107 3026 2122 561
is_linear=0
shrinkage=0.035


Tree=70
num_leaves=63
num_cat=0
split_feature=73 58 63 57 14 73 17 74 41 34 23 77 50 63 23 22 8 15 65 8 50 19 80 29 15 8 63 50 70 52 50 55 37 14 33 48 73 38 66 41 16 36 30 48 48 13 4 39 4 12 40 18 53 73 25 18 10 11 26 55 10 18
split_gain=2768.55 2396.81 2340.97 2289.82 1398.78 1463.94 1508.45 1247.77 1218.07 1222.81 1172.23 1135.84 1118.47 1183.21 1091.67 1035.83 1063.08 1035.11 1024.49 1021.27 1010.93 1115.87 1211.87 1072.38 1095.85 1274.25 1006.28 1149.75 998.205 954.011 950.012 1187.9 1010.71 992.759 975.417 949.318 967.025 944.845 940.41 938.702 937.485 952.633 1451.23 1366.37 1420.05 1256.1 1358.34 1277.52 1234.32 1308.57 1151.87 1139.29 1107.18 1297.41 1032.75 1013.13 961.379 946.133 1017.22 1431.65 920.095 976.679
threshold=67.914923740204841 1.0000000180025095e-35 98.59087160213501 1.0000000180025095e-35 0.72754861111111124 75.291106482755026 32.546920821114377 1.4915129158338802 4.9848484848484853 16.804761904761907 59.085714285714296 0.29413896808576029 68.84076923076924 110.46832962941552 73.531372549019622 16.060661764705888 16.072751322751326 8.4220647773279378 0.31446502591912356 17.803225806451618 67.681000000000026 5.1589473684210541 -7.9955141425764458 0.32260952380952385 7.6035714285714286 16.792385057471268 103.75231616937002 66.551862068965519 7.3216959202667491 -6.1216111111111067 71.215826086956525 95.408591078313776 9.1863425925925934 0.67278192934782621 0.46403125000000006 0.63174272486772498 70.608078178579973 28.508620689655178 117.35716274000102 7.2034482758620699 19.916521739130442 0.67847338935574253 13.911067193675891 0.65628411187089297 0.61994821860696891 23.604347826086961 0.42922474747474754 33.890873015873019 0.46564852941176477 13.078461538461541 10.96362433862434 13.365151515151517 119.27985729442311 83.853779122026751 55.672619047619058 13.203448275862071 0.46776794871794874 0.50678019323671508 0.43757793522267213 103.55695277809377 0.543919871794872 10.587221095334689
decision_type=2 2 2 2 2 2 2 2 2 2 2 2 2 2 2 2 2 2 2 2 2 2 2 2 2 2 2 2 2 2 2 2 2 2 2 2 2 2 2 2 2 2 2 2 2 2 2 2 2 2 2 2 2 2 2 2 2 2 2 2 2 2
left_child=8 3 40 60 5 11 28 14 -1 10 -10 -4 13 15 -8 16 17 -6 -11 29 -12 22 -22 24 39 -26 35 -28 38 -14 31 33 -33 -24 -32 36 -17 -31 -7 -23 -3 43 -43 44 50 47 -47 -44 49 -46 -42 54 53 -48 -49 -52 -53 58 -57 -60 61 -2
right_child=1 2 4 -5 12 6 7 -9 9 18 20 -13 19 -15 -16 26 -18 -19 -20 -21 21 23 30 -25 25 -27 27 -29 -30 37 34 32 -34 -35 -36 -37 -38 -39 -40 -41 41 42 45 -45 48 46 52 51 -50 -51 55 56 -54 -55 -56 57 -58 -59 59 -61 -62 -63
leaf_value=0.023619266782825901 0.22526033590336642 -0.21999709837870168 0.057587344306206746 0.023756908603479669 0.059418870348151381 0.044833492066583699 0.090809364919000199 0.10027889243494652 -0.080426886211549475 -0.37744786915911571 -0.04780006410706221 -0.010971663202318812 0.26288864749028135 0.10974192074061587 -0.025165452333630954 -0.11172919687840308 -0.0084594932486829564 0.35566070365905766 -0.043988488542272691 0.026974007510558652 -0.12358427674839131 0.10006649115559509 -0.015557601611030866 -0.045696812343203941 -0.094788932609388185 0.0025703065949030691 0.018150548156389255 -0.18567597483261183 0.19411947893456177 0.061390199707389764 -0.21181493316332478 0.10666448997807595 -0.079101419155623603 0.24269409306709133 0.051358533194119288 -0.13338110078857826 0.087288459116910216 0.282730494431087 0.23205446782794553 -0.0372600332150421 0.12219884538998207 0.17812506127299613 -0.020212589277742853 -0.08833475359001608 0.13407101634422014 -0.18173092203905453 -0.028778546548863242 -0.15031884907326612 0.18818364642981356 -0.065337683178449804 -0.10324046522030673 0.15374347378328904 -0.1888098970969217 0.25139200279948326 0.073912404498363601 -0.081814583697306223 -0.0054470573813594578 -0.046556627137117258 0.32665454557904028 0.035421848305592363 0.22084135358977172 0.058922214982886162
leaf_weight=614 52 27 315 2257 50 717 112 139 453 22 1215 4793 32 97 855 40 241 20 23 1425 45 213 23 1022 199 943 48 114 67 710 26 95 57 86 49 55 114 24 34 85 52 51 2077 469 64 92 347 26 65 107 268 48 49 21 510 46 1111 458 28 76 81 250
leaf_count=614 52 27 315 2257 50 717 112 139 453 22 1215 4793 32 97 855 40 241 20 23 1425 45 213 23 1022 199 943 48 114 67 710 26 95 57 86 49 55 114 24 34 85 52 51 2077 469 64 92 347 26 65 107 268 48 49 21 510 46 1111 458 28 76 81 250
internal_value=1.93082e-05 0.00630681 0.0012063 0.0372 0.0115704 0.00306286 0.0290794 0.00241836 -0.0226402 -0.0288771 -0.027052 -0.00673786 0.0317084 -0.00430684 -0.0116894 -0.0206015 0.0264807 0.146031 -0.209446 0.0445131 -0.0210837 -0.00965842 0.046041 -0.018287 0.00117296 -0.0144261 -0.0600612 -0.125391 0.0650995 0.0770979 0.0689189 0.100429 0.0369484 0.188346 -0.0406271 -0.00922747 0.0353786 0.0688198 0.053463 0.0608876 -0.0160926 -0.0151507 -0.00656031 -0.0379282 -0.0175861 -0.00878185 -0.0603637 -0.0018133 0.0589844 0.00944769 -0.0370838 0.0207299 -0.0333933 -0.0124616 0.062899 -0.0466072 0.00120626 -0.0215738 0.054585 0.115052 0.116276 0.0878998
internal_weight=23804 18634 15994 2640 10002 7032 1924 1106 5170 4556 4511 5108 2970 779 967 682 311 70 45 2191 4058 2843 381 2462 1440 1142 371 162 818 766 336 261 152 109 75 209 154 734 751 298 5992 5965 4332 1633 1164 4281 509 3772 236 171 928 1695 417 368 536 876 1159 608 150 104 383 302
internal_count=23804 18634 15994 2640 10002 7032 1924 1106 5170 4556 4511 5108 2970 779 967 682 311 70 45 2191 4058 2843 381 2462 1440 1142 371 162 818 766 336 261 152 109 75 209 154 734 751 298 5992 5965 4332 1633 1164 4281 509 3772 236 171 928 1695 417 368 536 876 1159 608 150 104 383 302
is_linear=0
shrinkage=0.035


Tree=71
num_leaves=63
num_cat=0
split_feature=71 81 58 59 81 71 22 75 79 35 0 71 31 15 72 15 44 39 16 26 38 76 53 76 43 66 69 32 43 69 45 31 55 0 64 22 71 32 67 81 42 25 66 16 7 7 3 50 70 21 16 13 77 28 45 52 43 54 34 7 30 64
split_gain=2630.29 2063.16 1843.35 2372.6 1923.24 1387.74 1608.94 1223.65 1218.7 1217.86 1537.64 1365.85 1273.97 1543.3 1217.31 1194.47 1191.14 1434.99 1215.42 1153.84 1149.61 1183 1114.38 1089.98 1064.65 1139.49 1047.38 1152.57 1642.84 1081.88 1015.04 1337.51 1272.64 1127.99 1664.43 1068.81 1106.32 1002.99 994.724 991.724 1495.08 987.333 1238.49 1354.77 1153.14 1302.75 1147.73 1052.21 1048.98 1028.3 1018.26 1050.07 979.352 978.706 1213.49 976.377 976.043 1000.77 967.513 965.643 956.58 952.846
threshold=70.059727272727272 0.92742076314062827 1.0000000180025095e-35 1.0000000180025095e-35 1.011858586241916 74.50557189542485 22.508620689655178 126.26257754421421 1.0420710748480124 19.338095238095239 27.500000000000004 71.300476190476203 38.508064516129039 9.4309523809523821 71.696685227134083 8.6720430107526898 15.072751322751325 37.753787878787882 21.403125000000003 0.52705555555555572 21.113247863247867 -0.10069581480341942 90.17854010889782 -0.027212096287299977 14.088932806324113 113.10274619759851 -20.329376010508902 0.55201785714285723 13.288018433179726 0.77727950547300406 0.22401433691756273 32.191391941391949 114.84648143895005 1.5000000000000002 142.50000000000003 17.131884057971018 67.139537037037044 0.59696153846153854 107.38207441154201 0.97543889330684663 1.7165178571428574 59.09600614439325 109.53505965743402 22.62731481481482 0.28858722109533469 0.30502000000000001 59.302173913043482 72.790555555555571 1.4546968201126946 12.224014336917564 24.492857142857144 20.140394088669954 0.51564276726697311 27.804761904761907 0.46770833333333339 -6.5594545454545417 15.67204301075269 94.391959127095149 14.786796536796539 0.39750000000000002 17.12701612903226 208.50000000000003
decision_type=2 2 2 2 2 2 2 2 2 2 2 2 2 2 2 2 2 2 2 2 2 2 2 2 2 2 2 2 2 2 2 2 2 2 2 2 2 2 2 2 2 2 2 2 2 2 2 2 2 2 2 2 2 2 2 2 2 2 2 2 2 2
left_child=1 8 41 4 9 6 15 -3 24 12 37 -12 -4 -14 -8 16 17 -5 -18 30 -7 -22 -17 -23 25 -1 -6 29 58 -28 31 -9 33 34 -32 36 -35 -11 -24 40 -40 42 43 -2 50 -46 48 -44 49 -45 51 -43 -48 -37 -55 -38 57 -41 -29 -20 -61 -13
right_child=2 7 3 5 26 20 14 19 -10 10 11 61 13 -15 -16 22 18 -19 59 -21 21 23 38 -25 -26 -27 27 28 -30 -31 32 -33 -34 35 -36 53 55 -39 39 56 -42 44 47 46 45 -47 52 -49 -50 -51 -52 -53 -54 54 -56 -57 -58 -59 -60 60 -62 -63
leaf_value=0.0050801342512979556 0.088243566970591755 -0.082009332075042934 -0.020647654953885101 0.085339683838548799 0.17131256278736567 0.30848279326302669 -0.29119887753137169 -0.067636269593680354 -0.088443677327909462 -0.016206823698930468 -0.076104050416991406 0.084182581607424312 -0.028977209864276071 -0.12170888075685146 0.047339978771238793 -0.12811574243360266 -0.054379732154808916 0.39648287727774645 0.040431329474262957 -0.17689955718768272 0.14060457744332461 -0.094690367036030232 -0.005493564464551781 0.057958464900280261 -0.1455063817988915 -0.14727193810320216 0.017680363659289121 0.085465286437387433 -0.024238600665439262 -0.051525299657732095 0.39786099749076659 0.081619425135380355 0.064674871133739112 -0.036924847042284624 -0.023359592116103983 -0.032146300786793397 -0.06824783379636265 0.09701937257010361 0.30719568887571014 -0.059212714669524991 0.0015398838537277965 -0.020869616938620501 -0.010264228673501947 0.17616974805309529 0.20575434099703782 0.065355716514866255 0.2077042153558489 0.21171408394135927 -0.16609794083598051 -0.066599472652733069 0.084247350271542884 -0.29912665322481419 -0.0031482669346558304 0.27000656312603066 -0.0081061135362665935 0.012377873502958872 0.33683881987594982 0.12882755712593144 0.25224798148953254 -0.28026354870979875 -0.012733173566756489 0.35314322733378678
leaf_weight=628 161 260 1488 165 53 24 36 94 648 1717 26 32 456 425 20 78 201 20 2060 47 162 72 2291 273 78 66 1129 161 137 366 20 332 292 824 26 2602 194 101 20 46 449 48 43 26 90 785 29 66 107 110 52 25 316 29 55 3405 20 137 58 21 69 33
leaf_count=628 161 260 1488 165 53 24 36 94 648 1717 26 32 456 425 20 78 201 20 2060 47 162 72 2291 273 78 66 1129 161 137 366 20 332 292 824 26 2602 194 101 20 46 449 48 43 26 90 785 29 66 107 110 52 25 316 29 55 3405 20 137 58 21 69 33
internal_value=1.98956e-05 -0.0141314 0.0095847 0.00469228 -0.0106278 0.0200573 0.014954 -0.00736913 -0.0530674 -0.0236511 -0.00284435 0.137153 -0.040412 -0.0737592 -0.170881 0.0168358 0.0345708 0.119974 0.0278248 -0.00491335 0.0741226 0.0627287 0.00204166 0.0260003 -0.0233307 -0.00949924 0.0186301 0.0142113 0.0707611 0.000723804 -0.00387502 0.0486362 -0.00688242 -0.00980752 0.162013 -0.0109311 -0.000353994 -0.00988961 0.00549022 0.0429179 0.014895 0.0420819 0.0145194 -0.00154848 0.0657079 0.07991 -0.0261944 0.124466 -0.0843789 -0.0196868 -0.033601 -0.117597 0.0148404 -0.0283437 0.0888971 0.00802199 0.107448 0.081509 0.130126 0.0355225 -0.0763991 0.222439
internal_weight=23804 9600 14204 12346 6182 6164 5633 8180 1420 4278 1909 91 2369 881 56 5577 2536 185 2351 7920 531 507 3041 345 772 694 1904 1851 356 1495 7873 426 7447 7155 46 7109 4423 1818 2963 672 469 1858 858 749 1000 875 588 109 243 136 125 73 345 2686 84 3599 203 183 219 2150 90 65
internal_count=23804 9600 14204 12346 6182 6164 5633 8180 1420 4278 1909 91 2369 881 56 5577 2536 185 2351 7920 531 507 3041 345 772 694 1904 1851 356 1495 7873 426 7447 7155 46 7109 4423 1818 2963 672 469 1858 858 749 1000 875 588 109 243 136 125 73 345 2686 84 3599 203 183 219 2150 90 65
is_linear=0
shrinkage=0.035


Tree=72
num_leaves=63
num_cat=0
split_feature=71 81 81 0 71 0 15 21 22 19 35 53 82 44 76 6 49 41 22 53 70 35 73 8 69 15 43 71 9 20 9 68 9 8 6 1 39 71 71 24 20 22 28 69 2 56 32 30 22 44 36 65 19 39 32 48 18 10 76 37 26 65
split_gain=2467.35 2034.71 1744.18 1597.42 1308.49 1380.45 1298.21 1546.03 1150.99 1141.27 1116.71 1065.77 1050.48 1038.87 1388.35 1385.61 1427.46 1338.72 1015.25 1564.28 1004.69 1094.12 995.776 1444.33 1635.91 980.093 1486.85 1272.21 1074.08 1063.03 1037.7 1062.06 1053.34 1033.34 950.829 949.081 1018.92 928.927 918.479 995.631 998.151 1063.78 914.676 1320.83 1125.54 1162.64 912.255 1089.02 1223.4 1061.21 1034.77 1176.25 1009.45 958.804 913.76 911.459 1212.4 1119.67 1085.61 1126.62 1462.18 911.201
threshold=71.053188405797115 0.92417131114902384 1.0071390747399978 3.5000000000000004 74.860588235294131 27.500000000000004 8.0151515151515174 15.766968325791858 15.4599358974359 12.464285714285717 10.607692307692309 113.10664292003018 47.500000000000007 18.836021505376348 0.38352501456247007 18.113247863247867 -0.19772793005524422 4.8136574074074083 21.016666666666669 98.039881785957149 -0.22918455086545456 12.546920821114371 76.725202195677099 17.637626262626267 19.575458896677457 6.392080745341616 13.254032258064518 76.152190476190498 28.510869565217394 4.9848484848484853 40.671568627450988 -7.457622895253194 42.464102564102568 17.924501424501429 25.085144927536234 83.513157894736864 28.151923076923079 66.825047138047154 73.49041666666669 27.707107843137258 3.8596059113300498 18.94590643274854 25.672043010752692 -11.905510951259755 24.106203007518801 97.121133194230467 0.51428991596638662 15.759310344827588 20.983870967741939 17.540064102564106 0.74837386569872966 0.6312028147161951 5.5075757575757587 27.672619047619051 0.49054356060606058 0.43691858332548533 11.671568627450981 0.47475500000000009 -0.068746098328849467 11.803225806451616 0.43439444444444447 0.7015666241273506
decision_type=2 2 2 2 2 2 2 2 2 2 2 2 2 2 2 2 2 2 2 2 2 2 2 2 2 2 2 2 2 2 2 2 2 2 2 2 2 2 2 2 2 2 2 2 2 2 2 2 2 2 2 2 2 2 2 2 2 2 2 2 2 2
left_child=1 11 3 10 5 9 7 35 22 18 -2 61 38 17 15 -15 -17 34 -5 -20 21 -12 -8 -24 -25 26 -4 28 -27 30 31 -29 -32 -28 -10 36 -3 -19 39 40 -7 -42 -38 -44 45 -45 50 -48 49 -49 53 54 -51 -30 -52 56 -55 -57 -59 -60 -61 -1
right_child=2 6 25 4 -6 12 8 -9 13 -11 20 -13 -14 14 -16 16 -18 37 19 -21 -22 -23 23 24 -26 27 33 29 46 -31 32 -33 -34 -35 -36 -37 42 -39 -40 -41 41 -43 43 44 -46 -47 47 48 -50 52 51 -53 -54 55 -56 57 -58 58 59 60 -62 -63
leaf_value=-0.02595760452276151 -0.2044125383880335 -0.063292235123500906 0.17893192900320651 0.0014345452545381574 0.051529769753472114 0.13966197037381184 0.0039923849447992179 0.13693120302328249 0.02207012890990134 -0.2586843058023342 0.20895109816441726 -0.11934171625017245 -0.16260553469865566 -0.13859075529674741 -0.21339594446835439 0.19122275139207712 -0.033907770637696066 -0.081020082476716854 -0.18083000411528807 -0.0031571652906090489 -0.071828147349141711 -0.011008284285357191 0.32265276864942227 0.13248251709452383 -0.12115147553015783 0.23097363551592423 0.080035264088104019 -0.14104480550920262 0.22368828902653484 -0.077418896848047286 0.35996594897647699 0.11252688239764441 0.12385980796767034 -0.12993428963633147 0.16431880368624657 0.17329897611471548 0.0030656741390621255 -0.015708787235311612 0.21457274497151377 -0.066604197431557877 0.060825115274182336 -0.22088338122187662 -0.11785657775977462 0.096713136629101845 0.035516634737442619 0.33391685936700055 0.2441131490644862 0.069031754066323836 -0.067155293492945758 0.089937666060007526 0.18660110078581529 -0.054105448202082997 -0.0080544206653387698 -0.22016467135426429 0.018758773894686449 0.050094154929487433 -0.028535108065016052 -0.065150025052957888 -0.0080665574008194386 0.036617952177665898 0.3902793660658162 -0.11303885485951871
leaf_weight=1487 48 251 131 3897 746 161 1087 114 337 21 29 204 23 152 63 36 630 285 97 161 415 454 28 94 46 29 88 25 21 35 37 98 63 42 69 41 3684 4085 52 64 69 21 50 107 335 33 30 835 137 162 100 66 620 55 66 376 150 402 529 48 20 163
leaf_count=1487 48 251 131 3897 746 161 1087 114 337 21 29 204 23 152 63 36 630 285 97 161 415 454 28 94 46 29 88 25 21 35 37 98 63 42 69 41 3684 4085 52 64 69 21 50 107 335 33 30 835 137 162 100 66 620 55 66 376 150 402 529 48 20 163
internal_value=2.07142e-05 -0.00992411 0.012788 0.00110656 0.00857039 0.00154599 -0.00444934 0.00992427 -0.0140468 -0.00433734 -0.0407832 -0.0439505 0.0644766 -0.020774 -0.0556874 -0.0434139 -0.021599 -0.0143279 -0.00302001 -0.0701907 -0.0319241 0.00239357 0.0162699 0.0954401 0.0489862 0.0303366 0.0959482 0.0259375 0.0206135 0.100978 0.129103 0.0605972 0.21261 0.0119342 0.0464264 0.00669184 0.00514022 -0.0199778 0.0789193 0.0562101 0.0876094 -0.00572538 0.00922899 0.0524271 0.0704642 0.15364 0.0188942 0.0367076 0.0330896 0.0416032 0.00154977 0.0705499 0.0122858 -0.00846572 0.120146 -0.0116233 -0.0803755 -0.00134495 -0.0207243 0.00921415 0.142777 -0.0345939
internal_weight=23804 13381 10423 6258 5312 4566 11527 4615 6912 4176 946 1854 390 5657 881 818 666 4776 4155 258 898 483 1255 168 140 4165 261 3904 3646 258 223 123 100 130 406 4501 4460 4370 367 315 251 90 4209 525 475 140 3617 1784 1754 1617 1833 232 782 1601 166 1580 205 1375 999 597 68 1650
internal_count=23804 13381 10423 6258 5312 4566 11527 4615 6912 4176 946 1854 390 5657 881 818 666 4776 4155 258 898 483 1255 168 140 4165 261 3904 3646 258 223 123 100 130 406 4501 4460 4370 367 315 251 90 4209 525 475 140 3617 1784 1754 1617 1833 232 782 1601 166 1580 205 1375 999 597 68 1650
is_linear=0
shrinkage=0.035


Tree=73
num_leaves=63
num_cat=0
split_feature=58 59 80 57 71 28 0 22 63 15 9 6 36 56 71 35 28 14 55 47 41 16 10 10 49 14 33 63 36 28 34 20 10 74 25 5 2 34 12 2 44 0 71 66 18 19 20 80 43 62 0 82 52 28 52 53 9 32 48 3 8 43
split_gain=2416.58 2458.65 2470.75 2340.9 2043.98 1912.86 1686.07 1397.26 1305.17 1280.01 1243.69 1312.18 1421.07 1301.86 1241.05 1564.73 1506.71 1230.25 1200.91 1183.18 1144.41 1130.33 1114.37 1421.97 1164.98 1098.85 1085.41 1065.44 1057.72 1031.05 1019.02 1002.78 991.504 1180.72 1253.03 1290.06 1149 1106.91 1033.96 989.656 977.98 956.528 955.081 1065.54 927.216 1068.78 1150.53 1053.54 946.966 913.604 909.03 1090.62 875.246 914.972 954.939 874.827 872.099 866.965 997.496 1030.35 964.492 857.237
threshold=1.0000000180025095e-35 1.0000000180025095e-35 3.9356919732526525 1.0000000180025095e-35 73.053638888888898 17.848076923076928 29.500000000000004 18.91833333333334 101.40207471759152 12.67543859649123 42.949874686716797 20.009433962264154 0.75784523809523818 118.27980981933534 71.053188405797115 12.341666666666669 30.606451612903232 0.70952777777777787 97.752477755409259 0.52974415661581442 6.0678160919540236 22.440588235294122 0.48380000000000001 0.47805131578947374 -0.031463318076997891 0.72754861111111124 0.53767333333333356 96.419629283687769 0.72633974358974374 20.62678571428572 16.346989966555189 1.3858560794044668 0.49258578431372552 -1.1188147306480685 56.55718954248367 8.0678160919540236 23.563858695652176 11.302173913043481 16.33908045977012 25.991525423728813 14.627314814814817 33.500000000000007 69.015901326933957 112.65567272908451 13.203448275862071 4.644009216589863 3.3969696969696974 4.2062017323878047 11.229020979020982 89.894912961115708 18.500000000000004 32.500000000000007 2.4200362318840622 23.301515151515158 0.040769230769235755 111.006106788152 37.016129032258071 0.53365476190476213 0.5845101858958125 55.991379310344833 20.62678571428572 14.016129032258066
decision_type=2 2 2 2 2 2 2 2 2 2 2 2 2 2 2 2 2 2 2 2 2 2 2 2 2 2 2 2 2 2 2 2 2 2 2 2 2 2 2 2 2 2 2 2 2 2 2 2 2 2 2 2 2 2 2 2 2 2 2 2 2 2
left_child=3 2 5 18 7 -2 14 8 28 10 11 12 26 61 15 27 40 22 -1 39 -12 31 23 24 56 -6 -9 -7 -3 -23 41 -4 36 34 35 -34 -24 -36 44 -20 -17 55 -5 -44 -35 46 -46 48 -47 -26 51 -27 53 54 -39 -8 -10 -31 60 -60 -59 -13
right_child=1 4 21 42 25 6 30 9 17 -11 20 13 -14 -15 -16 16 -18 -19 19 -21 -22 29 32 -25 49 50 -28 -29 -30 57 -32 -33 33 38 37 -37 -38 52 -40 -41 -42 -43 43 -45 45 47 -48 -49 -50 -51 -52 -53 -54 -55 -56 -57 -58 58 59 -61 -62 -63
leaf_value=0.013789954472951883 -0.073926965075069101 -0.021706089008682011 -0.14765320711569355 -0.019432096592193603 0.027572130054238021 -0.033622334928920986 0.14295550637884211 -0.10292767625781617 0.0075104358714708341 -0.22701043688458733 -0.05236515619115132 0.022985616442068337 0.13235568205876785 -0.192646565279014 -0.0088895946205798677 0.013139288626908717 0.21603068767628583 0.037672869746232823 0.33959800650620636 0.085830699198498214 0.29174588656007205 -0.043849911402527968 0.094876894814867385 0.13634154141202084 -0.14782412874076678 0.0041068968118801947 0.086038396827048738 0.15401611312163824 0.016345569949612605 -0.0047836803366569682 0.3219695426167512 0.069018779093382776 -0.12537254651698992 -0.079891293900892724 0.19019759650836071 0.11620178696242248 -0.12391163582667195 0.080292908624323409 0.19536790231721746 0.13679707669718513 -0.056599553757916102 -0.13704348766102512 0.019737599266380315 0.10615175128718575 0.34235100826837644 0.18021447829681139 -0.025712985771458328 -0.09660661825242102 -0.0065655381210161026 0.00059466933618424487 0.17012936936524184 0.16794349661512495 -0.11946108135295243 -0.0083530217125680709 0.32057411574323974 -0.10907234262838597 0.14156470658134923 -0.030330691551455322 0.32206750503839071 0.088501823459772783 0.17445461473089291 -0.070272946362879313
leaf_weight=141 930 2585 27 693 1090 67 97 476 114 39 20 665 38 42 3395 275 26 2218 51 217 28 436 35 138 57 159 40 82 1368 530 20 551 91 343 77 38 173 102 24 72 2342 25 1733 194 21 37 20 152 293 436 134 72 36 112 25 20 124 136 29 111 35 147
leaf_count=141 930 2585 27 693 1090 67 97 476 114 39 20 665 38 42 3395 275 26 2218 51 217 28 436 35 138 57 159 40 82 1368 530 20 551 91 343 77 38 173 102 24 72 2342 25 1733 194 21 37 20 152 293 436 134 72 36 112 25 20 124 136 29 111 35 147
internal_value=2.12239e-05 -0.0042948 -0.0178687 0.0288332 0.00642212 -0.027058 -0.0201868 0.00084097 0.00625973 -0.0303887 -0.0250435 -0.0310381 -0.0729626 -0.00381019 -0.0231085 -0.0403925 -0.0466173 0.0187952 0.0997654 0.135337 0.149232 0.0181857 0.00168558 0.0335075 0.0140095 0.0452018 -0.0882033 0.0697881 -0.00853641 -0.000197874 0.0911043 0.0587725 -0.0158304 -0.00501171 0.0391425 -0.0540102 -0.0869402 0.073319 -0.0288873 0.221948 -0.0492688 0.0575479 0.015793 0.0284644 -0.0352154 -0.00586059 0.164577 -0.0205211 0.0146068 -0.0166906 0.0977301 0.0554404 0.0402944 0.0645718 0.128691 0.0995632 0.0775189 0.0224411 0.0687815 0.137882 0.0119504 0.00606544
internal_weight=23804 20703 9134 3101 11569 7279 6349 10114 8619 1495 1456 1408 554 854 6187 2792 2643 4666 481 340 48 1855 2448 869 731 1455 516 149 3953 1277 162 578 1579 1371 481 129 208 352 890 123 2617 142 2620 1927 866 523 41 482 330 493 365 231 275 239 127 117 238 841 311 140 171 812
internal_count=23804 20703 9134 3101 11569 7279 6349 10114 8619 1495 1456 1408 554 854 6187 2792 2643 4666 481 340 48 1855 2448 869 731 1455 516 149 3953 1277 162 578 1579 1371 481 129 208 352 890 123 2617 142 2620 1927 866 523 41 482 330 493 365 231 275 239 127 117 238 841 311 140 171 812
is_linear=0
shrinkage=0.035


Tree=74
num_leaves=63
num_cat=0
split_feature=58 57 63 75 71 34 43 9 44 33 0 22 51 43 55 47 56 39 16 19 48 76 12 50 22 8 46 81 70 19 66 48 60 71 49 36 12 63 19 7 28 51 28 29 56 14 28 37 81 8 69 9 68 2 56 12 36 45 34 68 22 46
split_gain=2250.67 2181.03 1988.51 1617.4 1435.54 1444.59 1351.15 1331.9 1212.18 1203.6 1255.41 1166.04 1504.9 1118.93 1118.83 1102.82 1093.28 1809.41 1075.89 1070.01 1264.96 1229.01 1060.45 1041.61 1052.24 1093.79 1016.22 976.139 1094.6 976.021 962.671 962.531 1518.6 1413.81 998.485 1202.84 1339.2 1190.93 970.702 969.962 961.419 1209.41 1209.84 1142.73 1104.97 1053.6 944.562 1380.93 1101.34 1167.47 1033.89 1104.04 926.407 922.33 920.702 912.07 899.319 989.975 964.182 909.213 872.65 865.967
threshold=1.0000000180025095e-35 1.0000000180025095e-35 102.28714488112401 143.36027402701518 69.909043712961349 5.8166666666666673 12.109126984126986 27.710000000000004 17.957427536231886 0.57502380952380971 1.5000000000000002 21.114379084967322 74.467179487179507 10.819805194805197 97.752477755409259 0.52974415661581442 117.03024341628942 31.612007168458785 19.431677018633543 6.3585714285714294 0.7709005376344088 0.1332925684178605 16.672619047619051 67.894907407407416 13.984375000000002 17.229020979020984 0.11324786324786322 0.87135114146190984 -5.0957042597514564 12.031250000000002 112.18253169275052 0.49690315253593864 276.50000000000006 73.01101443355121 -0.049503988251541294 0.70371714285714304 13.480740740740741 106.54321106505951 8.9591666666666701 0.37194505494505498 27.804761904761907 73.98449197860964 28.83771929824562 0.3201483516483517 131.04522639620725 0.72872745358090196 23.921538461538464 10.508064516129034 1.0208553641530433 17.057189542483666 22.560169838093604 29.146428571428576 -13.981684483635645 25.991525423728813 121.28640363830478 16.911067193675894 0.72213809523809536 0.14550264550264549 17.725705329153609 -3.7615654156769973 19.508064516129036 0.55051020408163276
decision_type=2 2 2 2 2 2 2 2 2 2 2 2 2 2 2 2 2 2 2 2 2 2 2 2 2 2 2 2 2 2 2 2 2 2 2 2 2 2 2 2 2 2 2 2 2 2 2 2 2 2 2 2 2 2 2 2 2 2 2 2 2 2
left_child=1 14 4 11 6 -6 46 -5 29 10 -8 19 13 -13 -1 53 56 -18 -10 21 26 22 61 24 25 -3 -21 -12 -29 -7 -25 32 39 38 35 36 -35 -36 54 -28 44 43 -43 -42 -20 -44 -2 48 50 -50 51 -48 -23 -16 -33 -19 57 59 -58 -9 -26 -4
right_child=2 23 3 7 5 8 9 16 18 -11 27 12 -14 -15 15 -17 17 55 40 20 -22 52 -24 30 60 -27 31 28 -30 -31 -32 33 -34 34 37 -37 -38 -39 -40 -41 41 42 45 -45 -46 -47 47 -49 49 -51 -52 -53 -54 -55 -56 -57 58 -59 -60 -61 -62 -63
leaf_value=0.013309012264013291 -0.024898084329283414 0.298305807358407 0.037600543213276189 0.22035851686702054 -0.2149562659391874 0.012826887198803344 0.16206865824118888 0.041572908456287819 -0.25450701747549342 -0.2225964964239221 -0.13641563087764541 0.14308001778183915 0.14222349455218386 -0.12761772993272275 0.3278274687360791 0.082833530788447976 -0.13052709603221979 -0.01030688987055442 -0.020387227236967283 0.087070778037351665 -0.24195954191318303 -0.17500802625325118 0.18715440804918404 0.018210627522102424 -0.033352185682278046 -0.011957546792600467 0.028030493641122325 0.0010447496602131474 -0.056907751349611145 -0.14852820836600436 0.093977228860851567 -0.010280947282276421 -0.090141209452121215 0.11497966844240826 -0.12262089571560901 -0.017195043524590937 0.50707096159180931 0.17369224825648014 -0.13623961455439962 -0.14690586596342287 0.092551769906679793 0.22272574354669322 0.10095814624625681 -0.15053945333828297 -0.18249027194678782 -0.07801930469298364 -0.22709428591821712 0.14500812243591599 -0.08052922923947281 0.19597450664607707 -0.20758741950117626 0.0098787970741482448 -0.018738743420187248 0.13204219741369116 0.21580708135565124 0.15566145465373996 0.058651288438245804 0.010240630175592772 -0.071744967479790978 0.30665640701437902 -0.25650737697283432 -0.0082354105911912976
leaf_weight=141 1560 23 1454 42 39 3696 35 40 23 47 142 20 34 222 51 217 144 178 2783 113 30 51 48 1831 479 34 304 542 1514 46 231 1139 483 22 36 20 21 30 74 44 37 57 113 64 52 62 25 99 26 64 32 433 479 72 22 52 1284 1954 73 26 22 773
leaf_count=141 1560 23 1454 42 39 3696 35 40 23 47 142 20 34 222 51 217 144 178 2783 113 30 51 48 1831 479 34 304 542 1514 46 231 1139 483 22 36 20 21 30 74 44 37 57 113 64 52 62 25 99 26 64 32 433 479 72 22 52 1284 1954 73 26 22 773
internal_value=2.26654e-05 0.027828 -0.00414256 0.00797178 -0.0138545 -0.00389374 -0.0292193 0.0254997 -0.00269053 -0.048182 -0.0444604 -0.00429739 -0.074315 -0.104983 0.0962953 0.13063 0.0232879 -0.0334545 -0.0185376 -0.000532341 -0.0180173 0.0140409 0.0252239 0.0152409 -0.0271614 0.114681 -0.0150531 -0.0477868 -0.0416321 0.0108229 0.026721 -0.0203307 -0.0500124 -0.00223328 0.107788 0.206875 0.310174 0.0123075 -0.0137672 0.00572303 -0.0167835 0.0394308 0.0833947 -0.0614345 -0.0233934 0.0374874 -0.00990125 0.0245417 0.00386614 0.116053 -0.0168298 -0.00328232 -0.0339333 0.214248 -0.00590269 0.0274575 0.0295771 0.0147649 0.0516102 0.147573 -0.0434044 0.0216909
internal_weight=23804 3101 20703 9212 11491 6972 4519 3793 6933 2280 2233 5419 276 242 481 340 3751 374 3191 5143 2338 2805 2275 2620 558 57 2308 2198 2056 3742 2062 2195 831 1364 129 63 43 66 1235 348 3168 333 232 101 2835 175 2239 679 580 90 490 458 530 123 1161 230 3377 2020 1357 66 501 2227
internal_count=23804 3101 20703 9212 11491 6972 4519 3793 6933 2280 2233 5419 276 242 481 340 3751 374 3191 5143 2338 2805 2275 2620 558 57 2308 2198 2056 3742 2062 2195 831 1364 129 63 43 66 1235 348 3168 333 232 101 2835 175 2239 679 580 90 490 458 530 123 1161 230 3377 2020 1357 66 501 2227
is_linear=0
shrinkage=0.035


Tree=75
num_leaves=63
num_cat=0
split_feature=24 58 57 63 73 28 14 25 14 73 23 6 38 47 41 80 51 43 36 52 41 48 51 23 21 20 45 4 10 38 13 36 30 37 25 74 3 39 53 6 25 42 8 61 60 48 15 42 20 30 9 7 26 25 13 34 39 39 73 70 22 18
split_gain=2107.4 1784.43 2261.14 1772.33 1241.05 1203.26 1084.53 983.148 1285.42 937.02 956.652 1123.86 942.567 931.343 920.689 958.795 997.749 1235.05 1042.55 1093.41 981.617 973.49 1158.9 972.555 920.624 983.754 1049.27 897.395 1385.48 1333.12 915.268 861.637 1025.4 964.36 861 1181.59 912.029 1225.43 1214.06 1188.19 1107.56 927.59 1328.23 1128.61 1207.93 909.657 1724.39 953.389 1122.74 1082.96 971.645 940.894 898.22 897.822 922.037 1371.09 922.491 918.493 1130.47 1033.67 951.027 1405.02
threshold=24.661904761904768 1.0000000180025095e-35 1.0000000180025095e-35 102.28714488112401 58.399018288798395 17.508064516129036 0.72872745358090196 61.672043010752695 0.72702000000000011 75.291106482755026 75.229020979021001 27.507575757575761 25.671171171171178 0.52875147579693038 10.020000000000001 -8.2773651574364546 67.469328063241122 11.113247863247866 0.75604096989966563 1.1464102564102563 4.7537878787878798 0.40816245555732883 66.376992481203033 67.633971291866047 12.008620689655173 3.8908730158730163 0.46547619047619054 0.49501785714285723 0.59031071428571436 25.483314794215797 22.33908045977012 0.68060769230769236 13.729020979020982 6.1371473354231982 62.113247863247871 7.1964957030991963 62.837719298245624 32.816498316498325 99.065888615755682 26.113247863247867 61.402702702702705 4.530330882352942 17.779513888888893 0.68280409905822359 92.500000000000014 0.50376948706547875 11.627314814814817 3.3708994708994711 4.1270161290322589 21.403703703703709 38.672043010752695 0.30793541666666668 0.45570294117647064 52.781929347826093 13.372685185185187 13.921538461538463 38.155870445344135 37.108187134502934 75.11033810119855 -0.076093253260502494 15.113247863247866 11.924501424501427
decision_type=2 2 2 2 2 2 2 2 2 2 2 2 2 2 2 2 2 2 2 2 2 2 2 2 2 2 2 2 2 2 2 2 2 2 2 2 2 2 2 2 2 2 2 2 2 2 2 2 2 2 2 2 2 2 2 2 2 2 2 2 2 2
left_child=4 2 13 5 -1 7 9 -3 -9 -5 11 -11 -12 -2 15 31 20 18 19 -18 21 -17 -23 -21 -14 26 -26 28 30 -29 -19 33 -33 -6 36 45 39 -38 -39 53 -40 43 -43 52 -45 46 47 50 51 -50 -36 -49 -41 -7 55 -55 57 60 59 -59 61 -56
right_child=1 3 -4 6 14 34 -8 8 -10 10 12 -13 24 -15 -16 16 17 27 -20 23 -22 22 -24 -25 25 -27 -28 29 -30 -31 -32 32 -34 -35 35 -37 37 38 40 41 -42 42 -44 44 -46 -47 -48 48 49 -51 -52 -53 -54 54 56 -57 -58 58 -60 -61 -62 -63
leaf_value=-0.14638620790929172 0.19697500689020042 -0.037580144831550963 0.021359487456509091 -0.0020918756358455429 -0.12677906197309496 -0.17692863447228568 0.039660054876752365 -0.25643956013988051 0.030532220877053446 0.14173716492259078 -0.0092072312681270741 -0.050946340028142661 0.17469875709389474 0.074238238940113471 -0.11707889414949441 0.26197297392352381 0.0082348091216052632 0.0076362581501216789 -0.06038148430375493 0.084615444966042092 -0.039073101521899946 0.068441963000659509 -0.10682664949231244 0.31770826982729833 0.057536074333179463 0.14313763335081423 -0.09294720657878236 -0.12099478825612947 0.2088863838250879 0.10243529627719021 -0.044667073265288022 0.060519554020528749 -0.081418002942306486 0.014028840562632075 0.14028944202846497 -0.05206312357477224 0.089129461140752264 0.16781401865489512 -0.055035104434554213 -0.19365005911736799 0.14668132722318175 -0.08763462895703944 -0.39053643604687288 -0.02092987909177783 0.25023681497971217 0.045525649656379771 -0.19029723114914754 0.050784993034998574 -0.069419699701997975 0.21279454030453324 -0.070537951476769917 -0.15841760550850389 -0.02577243929178942 -0.21432346739543706 0.16913955349607701 0.042936909906478492 -0.079881452482074719 0.13038644248905823 0.13678565747226989 -0.10829251726889612 -0.013937580869519092 0.012260837393896646
leaf_weight=88 123 525 1965 3420 69 39 1737 59 28 171 580 47 71 199 105 21 51 2968 42 41 1520 151 66 48 149 78 91 155 39 41 475 69 614 417 101 258 248 41 301 84 37 66 24 190 22 1084 59 37 31 35 36 89 73 63 81 42 203 34 122 62 3625 494
leaf_count=88 123 525 1965 3420 69 39 1737 59 28 171 580 47 71 199 105 21 51 2968 42 41 1520 151 66 48 149 78 91 155 39 41 475 69 614 417 101 258 248 41 301 84 37 66 24 190 22 1084 59 37 31 35 36 89 73 63 81 42 203 34 122 62 3625 494
internal_value=2.24048e-05 0.00673035 0.0354649 0.00220844 -0.0161447 -0.00854492 0.0160961 -0.0557328 -0.164394 0.00720752 0.0339936 0.100158 0.0190608 0.121366 -0.0144707 -0.0128742 -0.00687097 0.00308294 0.0919549 0.137733 -0.0287232 0.0373057 0.0149953 0.21144 0.0611752 0.0355833 0.000388664 -0.0013257 0.00277963 -0.0740973 0.00041398 -0.0417066 -0.0670399 -0.00606496 -0.00473164 0.0169563 -0.0111457 0.0287234 -0.0108597 -0.0159339 -0.0327593 -0.0696863 -0.170159 -0.0449743 0.00771617 0.0290694 -0.0168968 0.0144303 -0.0358595 0.0806614 0.084809 -0.0969995 -0.115944 -0.0107486 -0.00935791 -0.11167 -0.00702054 -0.00366325 0.0662988 -0.0234865 -0.0073029 0.0344941
internal_weight=23804 16824 2287 14537 6980 8193 6344 612 87 4607 1187 218 969 322 6892 6787 5618 3860 182 140 1758 238 217 89 389 318 240 3678 3482 196 3443 1169 683 486 7581 1730 5851 627 379 5224 338 459 90 369 212 1472 388 329 192 66 137 126 157 4765 4726 105 4621 4418 218 96 4200 575
internal_count=23804 16824 2287 14537 6980 8193 6344 612 87 4607 1187 218 969 322 6892 6787 5618 3860 182 140 1758 238 217 89 389 318 240 3678 3482 196 3443 1169 683 486 7581 1730 5851 627 379 5224 338 459 90 369 212 1472 388 329 192 66 137 126 157 4765 4726 105 4621 4418 218 96 4200 575
is_linear=0
shrinkage=0.035


Tree=76
num_leaves=63
num_cat=0
split_feature=71 58 59 81 71 0 57 10 18 68 67 15 56 21 7 21 35 25 0 63 50 55 16 19 18 61 38 56 34 29 81 80 25 48 35 31 44 15 43 52 35 7 37 38 66 0 43 46 15 34 70 27 7 66 61 56 36 31 73 9 28 53
split_gain=2081.72 1864.1 1914.17 1855.05 1481.18 1348.86 1289.46 1388.22 1325.87 1226.57 1111.61 1435.77 1268.46 1259.89 1319.49 1134.89 1105.2 1104.27 1087.55 1085.54 1046.95 1018.72 1013.45 1308.5 1096.92 1031.57 1008.66 1001.02 1108.75 1086.41 1000.17 1079.34 996.055 988.77 974.818 1096.9 1775.52 1083.69 1325.01 1053.38 963.72 962.624 955.018 948.924 1072.66 940.371 1236.34 981.38 1135.78 1164.23 938.057 935.954 933.178 1052.43 923.901 971.883 931.581 1328.89 1483.85 908.971 908.287 896.618
threshold=68.509182480188485 1.0000000180025095e-35 1.0000000180025095e-35 1.0137837766781479 74.177955050505076 29.500000000000004 1.0000000180025095e-35 0.54460769230769246 12.627314814814817 -17.996290748329397 106.50416743602452 8.6720430107526898 120.25073478759431 14.55086206896552 0.2774327485380117 10.314144736842108 21.83666666666667 63.878676470588239 24.500000000000004 90.442658305552115 63.963333333333345 108.55903227919642 24.906926406926413 11.816666666666668 8.8730158730158752 0.912846300888558 21.568322981366464 90.722195521039183 9.6720430107526898 0.3213508771929825 1.0185757759701575 2.0826973460361065 52.933035714285722 0.67857200669700679 19.203448275862073 37.803225806451614 17.836021505376348 9.3801313628899834 13.792385057471265 2.2778278388278399 20.30901856763926 0.28070833333333339 8.1165158371040729 21.224014336917566 105.43613039684801 1.5000000000000002 13.254032258064518 0.21132376395534289 4.5669642857142865 12.966091954022991 3.7240096435481012 9.0156250000000018 0.37623659673659676 97.965982388602455 0.90062089584102567 87.445868439019137 0.75093058823529424 33.565942028985518 72.221054658938641 37.418010752688183 17.40588235294118 101.17503256467499
decision_type=2 2 2 2 2 2 2 2 2 2 2 2 2 2 2 2 2 2 2 2 2 2 2 2 2 2 2 2 2 2 2 2 2 2 2 2 2 2 2 2 2 2 2 2 2 2 2 2 2 2 2 2 2 2 2 2 2 2 2 2 2 2
left_child=19 6 3 5 9 22 7 8 51 -4 11 13 26 14 -11 -13 -7 -17 -10 20 -1 -19 24 32 -3 -26 59 29 -29 -28 61 -32 -24 40 35 36 37 -34 -39 -37 -22 -30 -27 -6 -45 46 -21 -47 49 -49 -40 -2 -41 -54 55 -16 -57 58 -58 -12 -61 -5
right_child=1 2 4 30 43 16 -8 -9 18 10 12 15 -14 -15 54 17 -18 21 -20 45 33 -23 23 -25 25 42 27 28 41 -31 31 -33 34 -35 -36 39 -38 38 50 52 -42 -43 -44 44 -46 47 -48 48 -50 -51 -52 -53 53 -55 -56 56 57 -59 -60 60 -62 -63
leaf_value=-0.23148315792407806 0.10199211786041658 0.12332483613491059 -0.060180718892047472 0.18357801851168754 0.23068628796935084 0.033333407037448692 0.021909120955066957 0.22415241824275528 -0.044668267337199245 0.22362306173163723 0.15477803495257997 0.084527242732230945 -0.12374913517591674 -0.05494772944537428 -0.091663827466608616 -0.022807876090536854 0.28339202676216768 0.16641547187432748 0.15741641648418933 0.0055632636656363817 0.013958005501655104 -0.014431869657840699 -0.10188400596363106 -0.17774151030690533 -0.040572961456537986 0.016052543051102583 -0.032736590968760165 0.14897502059221657 -0.19286253411986612 0.21491253528626342 -0.12713638549176515 0.012043089391024053 0.092441537080346359 -0.21995544909079873 0.022339574328841719 -0.02751987781831295 -0.059678272447068442 0.041207133910773547 -0.052531108082176377 -0.083599202624613581 -0.19585013363326972 0.016206036341133045 -0.24130813036145138 0.023686418186068276 0.12651547004070537 -0.090632288548290599 0.30320954158376251 -0.0055696413131321185 -0.017441701600905895 0.34544243607132935 -0.32739964034391006 0.35794676273043569 -0.10102461532486812 -0.45283696513059662 -0.081613127260473733 0.023809780343673315 -0.21566356827785724 0.12532027179692048 0.08035509506387449 0.18756527366360398 0.00074879931363948566 0.021399420122142698
leaf_weight=51 127 48 313 77 38 91 2093 76 152 41 155 138 61 246 79 2869 28 74 41 52 153 78 130 56 2436 25 32 76 27 66 70 2143 271 37 1091 432 332 195 53 137 32 1421 59 460 170 224 25 25 3799 21 21 20 22 20 96 2071 33 260 54 40 150 91
leaf_count=51 127 48 313 77 38 91 2093 76 152 41 155 138 61 246 79 2869 28 74 41 52 153 78 130 56 2436 25 32 76 27 66 70 2143 271 37 1091 432 332 195 53 137 32 1421 59 460 170 224 25 25 3799 21 21 20 22 20 96 2071 33 260 54 40 150 91
internal_value=2.1921e-05 0.00496396 0.000778462 -0.0118937 0.0117424 -0.0231581 0.0331093 0.0893576 0.0589318 0.0077419 0.0103813 0.00285068 0.0327981 0.0207227 0.0278003 -0.0134425 0.0931396 -0.0179322 -0.00142444 -0.0216548 -0.0891985 0.0738462 -0.0257648 -0.0110358 -0.0415884 -0.0447548 0.0376849 0.0261063 0.0191077 0.134256 0.0138736 0.00761136 -0.00754976 -0.056049 -0.00276518 -0.0212377 0.00395913 0.0431098 -0.00665496 -0.0571773 -0.0227443 0.01224 -0.16503 0.0618802 0.0515178 -0.0171963 0.10358 -0.0194951 -0.0153386 0.156591 -0.132255 0.137935 -0.128457 -0.271993 0.0246601 0.0287629 0.032717 0.085757 -0.0324786 0.0919944 0.040486 0.0960762
internal_weight=23804 19385 16876 7828 9048 5447 2509 416 340 8380 8067 6039 2028 2880 2634 3159 119 3021 193 4419 273 152 5328 2760 2568 2520 1967 1622 1524 98 2381 2213 2704 222 2574 1483 872 540 269 611 185 1448 84 668 630 4146 77 4069 3845 46 74 147 179 42 2593 2497 2418 347 87 345 190 168
internal_count=23804 19385 16876 7828 9048 5447 2509 416 340 8380 8067 6039 2028 2880 2634 3159 119 3021 193 4419 273 152 5328 2760 2568 2520 1967 1622 1524 98 2381 2213 2704 222 2574 1483 872 540 269 611 185 1448 84 668 630 4146 77 4069 3845 46 74 147 179 42 2593 2497 2418 347 87 345 190 168
is_linear=0
shrinkage=0.035


Tree=77
num_leaves=63
num_cat=0
split_feature=50 58 23 0 15 71 80 54 41 62 45 21 19 8 65 63 44 68 34 24 27 38 72 56 36 81 43 41 8 35 41 29 53 23 81 69 39 37 21 69 1 72 55 4 16 16 16 19 3 19 21 22 46 26 26 47 6 41 29 47 41 23
split_gain=1997.71 2047.67 1689.56 1487.45 1553.53 1676.28 1502.48 1539.37 1459.34 1429.88 1403.86 1402.61 1362.08 1117.33 1403.88 1096.3 1076.95 1198.53 1064.05 1053.28 1108.64 1033.7 1018.31 960.075 1232.99 941.354 939.367 935.316 925.388 917.761 898.521 895.399 883.528 1151.52 991.042 1194.78 991.655 971.971 879.018 1086.46 1153.01 869.272 857.046 937.244 855.145 847.001 1139.44 1426.42 1131.01 1441.32 1103.32 1067.03 1061.88 1572.65 1058.02 950.975 898.348 1052.4 812.175 1034.8 1025.56 1259.53
threshold=67.770602006688975 1.0000000180025095e-35 65.339743589743605 27.500000000000004 8.6720430107526898 73.799267676767684 9.0719991885668509 103.96464119976069 4.4913793103448283 107.37128570393101 0.24068965517241384 14.490740740740742 7.1126984126984132 16.15504807692308 0.70526071000978352 101.40207471759152 21.377976190476193 -10.549125345722798 16.403125000000003 22.509259259259263 7.3190909090909102 26.188988095238098 64.439569240695093 98.182706939283023 0.70902000000000009 1.1684337038117512 13.246212121212123 5.96609195402299 15.431677018633541 18.137147335423204 6.5735930735930745 0.33762882653061227 110.41291261174935 86.710084033613455 0.95071224683775435 -10.023164341720495 29.803846153846155 4.7041666666666675 10.314144736842108 19.220144649752857 66.848076923076931 78.642422941563453 89.173845905614343 0.53278676470588249 28.018518518518523 21.224014336917566 22.151923076923079 5.6614583333333348 60.224747474747481 8.8410526315789486 16.510000000000002 20.757352941176475 0.26201372997711675 0.42618465909090913 0.42119090909090906 0.58153902899391263 22.145502645502649 7.5741758241758248 0.29706066176470591 0.71213046213046216 8.7171428571428589 91.77500000000002
decision_type=2 2 2 2 2 2 2 2 2 2 2 2 2 2 2 2 2 2 2 2 2 2 2 2 2 2 2 2 2 2 2 2 2 2 2 2 2 2 2 2 2 2 2 2 2 2 2 2 2 2 2 2 2 2 2 2 2 2 2 2 2 2
left_child=32 22 18 4 6 -6 16 13 11 10 -5 -7 26 -8 23 -11 19 27 31 20 -4 -12 -2 24 -15 -24 -9 -18 -10 -17 -16 -3 33 37 -34 -36 -37 -1 39 40 -39 -19 -30 -44 -40 48 47 -47 49 -21 51 58 -49 54 -54 56 -55 -58 59 -48 61 -60
right_child=1 2 3 9 5 8 7 12 28 15 21 -13 -14 14 30 29 17 41 -20 45 -22 -23 25 -25 -26 -27 -28 -29 42 -31 -32 -33 34 -35 35 36 -38 38 44 -41 -42 -43 43 -45 -46 46 50 52 -50 -51 -52 -53 53 55 -56 -57 57 -59 60 -61 -62 -63
leaf_value=-0.24593924438688491 0.15385155599119041 -0.015710968676882264 0.033325270902302306 0.19655016999463046 -0.017735665293382167 -0.34393517329762968 -0.12518371767557671 0.14556231467205266 -0.11717969102242796 0.058143933485351615 0.018773903609043747 0.032236510006988302 0.32771411292764208 0.093422098653417246 0.096462671503132494 0.086536795809733141 -0.010250623853831757 0.023288786299971973 -0.24834748152067079 -0.042309386060769116 0.37039097240767105 -0.11791521205218047 0.027621119766312121 0.049455917230540637 0.43218246965630108 0.21450357762668562 -0.038082570268557624 -0.30848843636823026 0.18480096527418266 0.28516790737211706 -0.15703394680817923 -0.077580702729688256 -0.10337581215463998 0.13148188993499707 -0.20430304407926256 0.16654301779905956 -0.021925066273818888 -0.034020357749046992 -0.020453888881144165 -0.13963873367084342 0.082768354350963247 -0.14014665161688397 0.034999636818230581 -0.14981133838969729 -0.22017577661011581 0.2254045519284473 0.087246341763369831 -0.16308101190861904 0.11937552779948012 -0.28963879062435521 0.12089613483111723 -0.090331366793036022 0.11948609211643539 0.0083041940612763893 0.41852043065792183 -0.050874889856361488 0.074291646757341859 0.35642692313875474 0.008829900260433822 -0.11910427512339694 -0.05640311380822681 0.28397655794969423
leaf_weight=22 84 1872 29 50 5883 25 53 138 50 244 750 23 39 35 25 56 20 148 26 211 20 74 2391 127 21 33 45 36 45 59 52 338 311 65 40 37 388 156 3051 43 306 54 1321 34 26 60 270 28 42 33 105 135 52 102 20 124 49 24 3546 33 305 20
leaf_count=22 84 1872 29 50 5883 25 53 138 50 244 750 23 39 35 25 56 20 148 26 211 20 74 2391 127 21 33 45 36 45 59 52 338 311 65 40 37 388 156 3051 43 306 54 1321 34 26 60 270 28 42 33 105 135 52 102 20 124 49 24 3546 33 305 20
internal_value=2.16738e-05 0.00488045 0.000488402 0.00482377 0.00143351 -0.00931873 0.0146586 0.0706098 0.0237291 0.0416007 0.0174167 -0.16514 0.140999 0.0205286 0.0504282 0.100362 0.00917563 -0.0605535 -0.0278417 0.0126361 0.173325 0.00643012 0.0343828 0.103112 0.22322 0.0302105 0.100404 -0.20307 0.0300385 0.189267 -0.0745933 -0.0251904 -0.0211368 -0.0139551 -0.0550571 -0.0226569 -0.00533261 -0.016597 -0.0151533 0.0276222 0.0433315 -0.0206228 0.0353388 0.0303062 -0.0221781 0.0110926 0.0145303 0.0669848 -0.0473922 -0.0762979 0.00906793 0.00632843 0.0429012 0.058655 0.204913 0.0231407 0.0756016 0.16889 0.00946598 0.0646018 0.00514158 0.0104136
internal_weight=23804 19359 16851 14615 13382 7381 6001 535 1498 1233 874 48 222 313 260 359 5466 258 2236 5208 49 824 2508 183 56 2424 183 56 1450 115 77 2210 4445 3669 776 465 425 3604 3582 505 462 202 1400 1355 3077 5159 4873 459 286 244 4414 4309 399 371 72 299 175 73 4174 303 3871 3566
internal_count=23804 19359 16851 14615 13382 7381 6001 535 1498 1233 874 48 222 313 260 359 5466 258 2236 5208 49 824 2508 183 56 2424 183 56 1450 115 77 2210 4445 3669 776 465 425 3604 3582 505 462 202 1400 1355 3077 5159 4873 459 286 244 4414 4309 399 371 72 299 175 73 4174 303 3871 3566
is_linear=0
shrinkage=0.035


Tree=78
num_leaves=63
num_cat=0
split_feature=71 55 0 63 0 71 41 2 0 75 58 26 45 76 28 22 10 63 37 47 44 16 66 19 63 25 34 56 34 25 39 64 53 12 30 41 52 54 17 15 3 3 8 78 20 63 31 44 24 17 5 32 52 55 71 22 15 67 21 64 36 19
split_gain=1905.98 1610.84 1496.07 1432.29 1395.04 1549.41 1360.64 1334.09 1329.15 1305.11 1256.81 1239.41 1127.45 1098.65 1020.28 1108.66 1030.93 1015.87 995.616 1269.88 990.791 984.603 960.692 929.364 1211.34 980.841 914.43 904.8 904.174 890.36 1011.85 1104.14 986.427 975.486 881.944 961.116 881.755 940.258 875.802 874.363 936.032 1389.41 1007.41 1228.45 932.173 931.611 897.927 886.567 869.139 868.682 867.295 856.789 957.837 842.737 822.179 1005.02 842.308 1196.44 960.163 938.979 1106.65 986.064
threshold=70.999900000000011 85.273001409814313 1.5000000000000002 90.442658305552115 3.5000000000000004 74.50557189542485 4.6715686274509816 22.442222222222224 19.500000000000004 144.22784379704282 1.0000000180025095e-35 0.47809429824561406 0.14550264550264549 -0.35340445789275893 17.919871794871799 19.013888888888893 0.60953260869565229 103.68231418591201 7.1702898550724647 0.61515034444721961 15.729020979020982 22.085144927536234 112.65567272908451 8.7550000000000008 109.02486382245702 52.933035714285722 7.3431372549019613 131.04522639620725 6.9198717948717965 60.677995391705075 32.370899470899481 278.50000000000006 113.29690038719943 16.33908045977012 15.403703703703707 6.7065997130559554 4.1800000000000006 100.87629162314248 32.546920821114377 6.7090053763440869 58.839354838709689 58.446360153256713 16.924501424501429 -10.454652527958443 2.792385057471265 110.28179665549051 30.314144736842106 17.430952380952384 28.149074074074075 31.446360153256709 6.9649014778325133 0.51942261904761922 -3.4863636363636341 117.98122320524071 67.500434782608707 12.980000000000002 8.6720430107526898 116.53604219176101 16.114379084967322 291.50000000000006 0.68121825396825419 6.3585714285714294
decision_type=2 2 2 2 2 2 2 2 2 2 2 2 2 2 2 2 2 2 2 2 2 2 2 2 2 2 2 2 2 2 2 2 2 2 2 2 2 2 2 2 2 2 2 2 2 2 2 2 2 2 2 2 2 2 2 2 2 2 2 2 2 2
left_child=1 26 9 36 13 8 -7 -8 10 11 53 -3 21 17 15 18 54 -2 19 -5 -15 -9 -14 25 29 -12 -1 -27 -22 30 31 -25 33 -32 -33 -36 -4 -38 -28 44 41 42 43 -41 -10 -44 -42 -45 -48 -47 -19 -31 -53 -6 55 -16 58 -58 59 -56 -61 -62
right_child=4 2 3 14 5 6 7 12 39 -11 23 -13 22 20 16 -17 -18 50 -20 -21 28 -23 -24 24 -26 27 38 -29 -30 51 32 34 -34 -35 35 -37 37 -39 -40 40 46 -43 45 47 -46 49 48 -49 -50 -51 -52 52 -54 -55 56 -57 57 -59 -60 60 61 -63
leaf_value=0.091376555701748283 -0.059657347286831253 0.10915753972197689 -0.074234567849691083 -0.034868083431612365 0.056396059095771535 -0.1340119923335529 -0.17092740409241786 0.36779801130632184 0.026517307725837158 0.31801570537469603 -0.13469533972521774 -0.14372028547036847 0.047280267881029084 0.028923979690597384 0.16091443886891219 -0.11281923078743618 -0.11522279509153122 0.054986452812844137 -0.0077328499037641807 -0.22872144400722844 -0.19935862937703563 0.079569137828563591 0.20600202096215228 -0.13693132193638508 -0.28753596666881021 0.0030835125881811965 -0.050766785788215328 -0.23004744307006281 -0.03797690368601199 -0.14950940113373312 0.054754001149264736 -0.11343543704350792 0.25256439727769714 -0.20370522369408028 0.2441165544357565 -0.056190824572245279 -0.021357614907264712 0.24706658285440403 -0.17965311102505241 -0.11644718003490799 0.20995876200632618 -0.11035413883252448 -0.024968641095387115 0.24190839266858186 0.20043579998152369 0.025936583803116701 0.026599231791563892 0.067421448984299331 0.10311695264430237 0.28351476566334988 0.35893887941888042 0.1826138379510413 -0.072860864610453852 -0.14203904743140394 0.018052700031311188 -0.027319600280185426 -0.0094210379954352465 0.24648840211232506 0.13735012205201663 0.025794563604852987 -0.017505286642022156 -0.13000391788326918
leaf_weight=30 27 107 572 137 571 48 31 26 77 27 65 30 1322 283 35 187 97 23 1036 59 44 33 48 103 24 3912 138 20 986 130 140 31 26 20 31 22 62 21 122 32 38 125 517 50 74 51 1171 124 215 23 23 23 76 27 3943 1644 4170 22 75 286 228 164
leaf_count=30 27 107 572 137 571 48 31 26 77 27 65 30 1322 283 35 187 97 23 1036 59 44 33 48 103 24 3912 138 20 986 130 140 31 26 20 31 22 62 21 122 32 38 125 517 50 74 51 1171 124 215 23 23 23 76 27 3943 1644 4170 22 75 286 228 164
internal_value=2.19648e-05 -0.00886045 -0.00702471 -0.00837902 0.0110641 0.015983 0.0484264 0.0544706 0.00964077 0.0978504 -0.000403875 0.0534361 0.0594208 -0.0216701 -0.00564493 -0.0335206 -0.00193394 0.110023 -0.0214405 -0.0936732 -0.0290337 0.208667 0.052917 -0.00658227 -0.0462176 -0.000368799 -0.0903674 0.00186771 -0.0449677 -0.0363605 -0.00297267 -0.0603932 0.054745 0.0218908 0.0336706 0.120035 -0.0587677 0.0475878 -0.111486 0.0306405 0.0253697 -0.00210252 0.0149296 0.0814809 0.112152 -0.00831097 0.0431542 0.118131 0.0385043 0.107407 0.209263 -0.0906031 -0.0128536 0.0473196 -0.000888268 -0.0233469 0.00335499 -0.00804793 0.0135346 0.0115097 -0.0265224 -0.0646856
internal_weight=23804 13192 12902 12738 10612 9226 1508 1460 7718 164 5221 137 1429 1386 12083 1419 10664 73 1232 196 1313 59 1370 4623 626 3997 290 3932 1030 602 373 187 186 160 84 53 655 83 260 2497 2346 922 797 206 151 591 1424 174 1386 74 46 229 99 598 10567 1679 8888 4192 4696 4621 678 392
internal_count=23804 13192 12902 12738 10612 9226 1508 1460 7718 164 5221 137 1429 1386 12083 1419 10664 73 1232 196 1313 59 1370 4623 626 3997 290 3932 1030 602 373 187 186 160 84 53 655 83 260 2497 2346 922 797 206 151 591 1424 174 1386 74 46 229 99 598 10567 1679 8888 4192 4696 4621 678 392
is_linear=0
shrinkage=0.035


Tree=79
num_leaves=63
num_cat=0
split_feature=50 58 28 63 30 13 75 61 57 6 10 18 15 25 52 23 65 64 46 35 52 11 82 52 66 16 19 17 74 6 48 43 0 2 45 15 25 80 26 30 13 65 41 55 51 39 19 43 18 39 69 19 52 15 80 7 9 43 3 73 38 62
split_gain=1783.19 1840.67 1623.24 1431.07 1404.51 1605.46 1344.74 1270.89 1138.04 1083.6 1072.46 1296.53 1022.06 1087.46 1905.93 1011.41 1005.34 1264.12 988.224 936.966 928.216 913.483 1080.29 909.335 902.927 897.715 1101.16 896.367 1136.7 890.339 1266.49 877.143 875.762 1584.74 1051.75 1021.06 902.664 969.399 1312.41 1034.25 938.569 915.08 1078.74 988.474 930.764 1250.77 925.642 899.846 1664.63 956.171 1319.98 1083.18 901.711 1080.75 1027.57 1000.09 926.619 938.017 929.351 1049.35 897.313 900.458
threshold=67.770602006688975 1.0000000180025095e-35 17.773460410557188 109.14045552448351 20.672619047619051 22.014705882352946 145.55578788267209 0.14092245770246653 1.0000000180025095e-35 20.126602564102566 0.54460769230769246 11.709005376344088 14.366666666666669 55.50714285714286 3.4400000000000053 65.339743589743605 0.91530108534982513 204.50000000000003 0.38278388278388281 17.059714795008919 4.0333012820512915 0.53175735294117665 -17.499999999999996 -4.6649487179487172 112.18253169275052 21.267948717948723 6.4037037037037043 29.508620689655178 -3.1601578075738597 30.677083333333339 0.64213151908693267 15.781746031746035 27.500000000000004 27.83666666666667 0.24068965517241384 9.078461538461541 62.113247863247871 -3.4730604640586971 0.42464142857142856 17.320714285714292 16.508064516129036 0.48236750839813358 8.4037037037037052 109.54981866820741 71.415777777777791 34.546920821114377 7.2240143369175636 17.508064516129036 14.280625000000002 32.492857142857154 18.861713721416702 6.3933982683982693 0.71535714285714402 6.2034482758620699 0.29173180618699496 0.34302083333333339 39.270979020979027 13.288018433179726 61.574175824175832 77.624933109874561 23.365151515151521 93.965257358749156
decision_type=2 2 2 2 2 2 2 2 2 2 2 2 2 2 2 2 2 2 2 2 2 2 2 2 2 2 2 2 2 2 2 2 2 2 2 2 2 2 2 2 2 2 2 2 2 2 2 2 2 2 2 2 2 2 2 2 2 2 2 2 2 2
left_child=-1 8 3 -3 5 15 21 -7 10 23 11 -2 13 14 -11 -4 17 -15 31 -6 -20 22 -5 -9 -10 26 -21 28 -27 32 -31 -19 36 34 -34 -35 47 39 -39 40 -38 -40 43 44 -43 -46 -47 49 -49 50 51 -17 -51 54 -54 -55 57 58 -57 -60 -41 -62
right_child=1 2 4 6 19 7 -8 9 24 12 -12 -13 -14 16 -16 29 -18 18 20 25 -22 -23 -24 -25 -26 27 -28 -29 -30 30 -32 -33 33 35 -36 -37 37 38 41 60 -42 42 -44 -45 45 46 -48 48 -50 52 -52 -53 53 55 -56 56 -58 -59 59 -61 61 -63
leaf_value=-0.019968267584655489 0.16587686648579378 -0.042725354019556884 -0.022676550258221153 0.20256376340645779 -0.013948296780847884 0.17813114373731564 0.25534008454520313 0.064721210436227222 0.013727034438702424 -0.25382084617264772 0.20867226779794359 0.016966262924234886 -0.19100660814285278 0.049073652098510875 -0.021331805915227233 0.037375781416056672 -0.18185604890309851 0.055501347901405033 -0.028328159528201967 0.15515783427482432 -0.17927827671189464 -0.20576236865578629 -0.0044930995080369939 -0.071005165137922988 0.086230837935899446 0.33085928145783849 -0.13163011876659855 0.044112193494223122 0.012099756543542827 0.13305742341131377 -0.12726468942300842 -0.1175333100979248 0.18335857385140597 0.056868334602408172 0.011559971263100552 0.25485381362851212 -0.078091762052392058 0.12965524846037846 -0.04088262622409887 -0.11892331385442996 0.16921232714589315 0.390051803766295 -0.042037106252978192 0.02428801697037988 -0.08764151500641032 0.10170326175761056 0.39175106416874461 0.30732103429900276 -0.082777272155944354 -0.030620002199607785 -0.12444967698345523 -0.0023136278850703416 -0.056770449765588878 0.021632107000936839 0.20597910418755869 -0.059700882752935946 0.029423914407749361 0.02224075084082007 -0.29063658457318531 0.0052470446887404425 0.22544765483024648 -0.017105876703757225
leaf_weight=4445 100 1583 1351 39 450 36 33 65 1850 54 71 250 37 598 209 1534 32 185 141 21 77 20 141 800 237 30 69 1502 25 138 27 44 46 65 716 63 26 225 160 105 65 21 81 88 23 35 22 31 23 1845 84 1867 26 962 59 320 210 134 48 21 20 219
leaf_count=4445 100 1583 1351 39 450 36 33 65 1850 54 71 250 37 598 209 1534 32 185 141 21 77 20 141 800 237 30 69 1502 25 138 27 44 46 65 716 63 26 225 160 105 65 21 81 88 23 35 22 31 23 1845 84 1867 26 962 59 320 210 134 48 21 20 219
internal_value=2.18786e-05 0.00461237 0.000448227 -0.0308034 0.00422408 -8.27821e-05 0.0500975 -0.0267505 0.0325838 -0.0300809 0.085048 0.0596981 -0.0107847 -0.00573646 -0.0694715 0.00561667 0.00984921 0.0158071 -0.0286944 0.0307918 -0.0819497 0.0156627 0.0407867 -0.0607705 0.0219809 0.0430185 -0.0641867 0.0492362 0.187446 0.00972419 0.0901823 0.0220556 0.00826712 0.0412437 0.022049 0.154954 0.00470867 0.0343741 0.061257 -0.00612054 0.0984751 0.0253501 0.064615 0.110332 0.184777 0.128761 0.216145 0.000192509 0.141869 -0.000892921 0.0121961 0.0155899 -0.0134773 0.00429299 0.125706 -0.00182877 -0.0326177 -0.0575402 -0.0850249 -0.201145 -0.0339027 0.00360516
internal_weight=23804 19359 16851 1816 15035 12938 233 2278 2508 2242 421 350 1377 1340 263 10660 1077 1045 447 2097 218 200 180 865 2087 1647 90 1557 55 9309 165 229 9144 890 762 128 8254 1090 655 435 91 430 270 189 101 80 57 7164 54 7110 3485 3401 3625 1780 85 1695 733 523 389 69 344 239
internal_count=23804 19359 16851 1816 15035 12938 233 2278 2508 2242 421 350 1377 1340 263 10660 1077 1045 447 2097 218 200 180 865 2087 1647 90 1557 55 9309 165 229 9144 890 762 128 8254 1090 655 435 91 430 270 189 101 80 57 7164 54 7110 3485 3401 3625 1780 85 1695 733 523 389 69 344 239
is_linear=0
shrinkage=0.035


Tree=80
num_leaves=63
num_cat=0
split_feature=71 81 15 77 71 0 44 56 48 45 32 35 47 30 75 8 29 2 79 23 29 23 34 43 66 22 80 43 2 66 67 46 7 12 45 16 39 31 38 12 13 16 45 53 0 28 61 19 24 45 39 6 51 47 71 49 35 43 52 61 9 79
split_gain=1698.37 1455.33 1342.3 1291.84 1238.88 1542.79 1466.56 1222.85 1199.22 1811.01 1167.78 1291.57 1083.93 1051.11 999.606 996.789 975.982 981.091 974.17 962.935 1065.08 1055.24 949.481 945.709 999.244 926.858 1062.15 1126.7 1039.7 965.692 1018.65 918.375 1018.61 891.368 885.318 870.413 968.358 1446.97 860.901 860.056 858.216 855.995 852.613 1018.93 913.768 895.424 873.166 1259.66 1421.78 935.737 874.566 962.269 843.908 817.368 809.134 936.25 1197.96 802.923 810.06 797.476 804.009 792.42
threshold=70.059727272727272 0.92742076314062827 8.6720430107526898 0.30972466675036708 73.589500000000015 2.5000000000000004 18.955533596837949 79.941302891166188 0.42503324429316708 0.12771739130434781 0.49601724137931036 20.984375000000004 0.69557452449623347 18.410427807486634 126.26257754421421 15.431677018633541 0.24233974358974356 27.641428571428573 1.0420710748480124 75.986111111111128 0.32302083333333337 78.870266479663414 8.0217391304347831 14.088932806324113 113.10274619759851 15.859126984126986 8.2332008790205098 11.472136222910219 33.016666666666673 107.82322058798701 103.75440554017501 0.79057017543859665 0.34732795698924729 12.392080745341618 0.79057017543859665 23.226539589442819 35.507575757575765 41.605555555555561 24.12701612903226 11.779513888888891 18.985714285714291 23.989795918367353 0.54226190476190483 106.12212373739891 1.5000000000000002 20.672043010752692 0.15326255407437053 6.3015151515151517 25.589572192513373 0.5270467836257311 30.914855072463773 22.790570175438599 71.903428571428591 0.46123846852209227 71.053188405797115 -0.058043280050186948 15.901612903225809 18.029411764705888 4.5423247863247775 0.90651259826584263 33.672043010752695 0.96951634155268951
decision_type=2 2 2 2 2 2 2 2 2 2 2 2 2 2 2 2 2 2 2 2 2 2 2 2 2 2 2 2 2 2 2 2 2 2 2 2 2 2 2 2 2 2 2 2 2 2 2 2 2 2 2 2 2 2 2 2 2 2 2 2 2 2
left_child=1 18 3 13 6 19 16 33 10 -10 11 40 -8 -2 -3 -11 17 -4 23 20 -6 -21 -17 24 -1 28 -27 -28 29 30 -18 -31 -33 -5 -26 36 39 -38 59 -24 -7 -23 45 44 -44 46 47 48 -16 -48 -51 -52 -40 -29 -32 -56 -57 58 -54 60 -37 -46
right_child=2 14 4 7 5 8 12 -9 9 15 -12 -13 -14 -15 42 22 25 -19 -20 21 -22 41 35 -25 34 26 27 53 -30 31 54 32 -34 -35 -36 38 37 -39 52 -41 -42 -43 43 -45 61 -47 49 -49 -50 50 51 -53 57 -55 55 56 -58 -59 -60 -61 -62 -63
leaf_value=0.0092158201057960312 0.18365234312233586 -0.073130862820953407 -0.31202712234455565 -0.033193906776785284 -0.0463258902758222 -0.42523120598460351 -0.029062779809844598 0.018914557800708217 0.32435704980167485 -0.11524458024717205 0.021325226531150671 0.011107452799813657 -0.12039694086896537 0.046364458535436512 0.046402781385770996 -0.17819954095115054 -0.020231873841959191 -0.0002286439447791553 -0.075677837237216133 0.17270280165051763 -0.24351934486230217 -0.23168151689083022 0.10405649791896346 -0.13261241017177605 -0.22028455093044499 -0.00034810638216349019 -0.23117725837230682 0.13184631161600102 -0.19798106099234691 0.1820988032180042 0.0045066213359906959 -0.10996915501111175 0.16407046998915129 -0.2344946025030254 0.053247559753961345 0.25187053509101048 0.18288991388084211 -0.081456427693007954 -0.067647573107798425 -0.080490458964441028 -0.13184546961940705 0.0044323476795797003 0.19821508004607227 0.0009230361369838416 -0.0048024498291187375 0.021605828961190631 -0.02904716919791539 -0.047519192571244623 0.39494482401439118 -0.075110971655485761 0.27290523936986921 -0.02693959049044586 0.041844360629064541 -0.065653520353701464 0.00087623153488660603 -0.013960809649161575 0.26257310224653319 -0.15655612357192572 0.1575938462304646 0.30563475086661274 0.073134770191553192 -0.053792037255624474
leaf_weight=628 98 260 24 104 94 21 1253 5588 27 50 137 39 182 225 35 23 317 25 648 36 52 23 37 78 45 3417 45 29 22 103 118 36 30 36 21 33 65 41 84 177 30 94 20 2306 619 2383 1232 50 24 26 37 20 609 198 48 26 72 22 84 21 409 1168
leaf_count=628 98 260 24 104 94 21 1253 5588 27 50 137 39 182 225 35 23 317 25 648 36 52 23 37 78 45 3417 45 29 22 103 118 36 30 36 21 33 65 41 84 177 30 94 20 2306 619 2383 1232 50 24 26 37 20 609 198 48 26 72 22 84 21 409 1168
internal_value=2.2527e-05 -0.0113488 0.00770839 0.0201968 -0.00156053 0.0208234 -0.00987565 0.0163514 0.0324045 0.0425969 -0.0430299 -0.140608 -0.040687 0.0882487 -0.00566927 0.0379015 -6.78514e-05 -0.154626 -0.0440501 -0.053037 -0.117174 0.00832569 0.042709 -0.0174661 -0.00443338 0.00164618 -0.00565239 -0.0721516 0.036508 0.0435183 0.0220456 0.117035 0.0148387 -0.0856321 -0.133453 0.0459782 -0.0055619 0.0807075 0.0590468 -0.0483983 -0.255675 -0.0427418 -0.00344971 -0.0144974 -0.034173 0.00848544 -0.0134683 0.0814952 0.190369 -0.0213705 0.0920269 0.168316 0.0369964 -0.0401726 0.0727661 0.127707 0.189473 0.0493338 0.0559832 0.0970108 0.0867567 -0.0368306
internal_weight=23804 9600 14204 6051 8153 2208 5945 5728 1909 1682 227 90 1435 323 8180 1655 4510 49 1420 299 146 153 1605 772 694 4461 3689 272 772 750 581 169 66 140 66 1582 320 106 1262 214 51 117 7920 4113 1807 3807 1424 109 59 1315 83 57 799 227 264 146 98 715 693 463 442 1787
internal_count=23804 9600 14204 6051 8153 2208 5945 5728 1909 1682 227 90 1435 323 8180 1655 4510 49 1420 299 146 153 1605 772 694 4461 3689 272 772 750 581 169 66 140 66 1582 320 106 1262 214 51 117 7920 4113 1807 3807 1424 109 59 1315 83 57 799 227 264 146 98 715 693 463 442 1787
is_linear=0
shrinkage=0.035


Tree=81
num_leaves=63
num_cat=0
split_feature=80 71 25 34 10 70 43 58 12 19 32 3 28 15 71 37 28 21 15 2 67 19 12 34 39 30 23 68 17 22 39 10 9 30 76 55 14 49 43 27 7 2 2 1 9 20 50 29 26 28 70 36 56 81 67 74 36 63 63 47 4 25
split_gain=1649.95 1614.91 1088.81 1350.35 1110.92 1168.71 1107.95 985.821 1313.16 1283.76 1126.98 1172.5 1024.05 1024.01 985.189 1183.37 978.544 1044.53 939.356 1057.34 1121.01 951.717 928.82 924.094 1141.46 1251.4 1065.72 1155.9 1293.16 1421.31 1133.01 1081.16 994.079 992.295 987.878 1078.9 1072.68 1019.5 1023.34 936.401 1159.54 1122.04 1223.8 1307.21 1217.34 936.234 924.914 909.266 1096.04 1066.46 934.235 1022.31 921.455 908.152 905.254 882.698 876.82 978.616 1456.68 1200.32 1403.75 994.678
threshold=0.77006261828600497 72.31707015810278 57.014285714285727 5.8166666666666673 0.44183771929824561 0.59406603567584437 8.8090909090909104 1.0000000180025095e-35 17.507142857142863 6.3771551724137945 0.54213809523809531 59.067816091954036 17.848076923076928 11.729020979020982 74.177955050505076 13.21111111111111 19.983870967741939 9.0178571428571441 8.6720430107526898 31.509259259259263 106.73746164451951 9.7362318840579736 9.5080645161290338 14.093073593073596 31.803225806451618 20.721111111111114 73.425824175824189 -10.7087925980773 36.25462962962964 20.672619047619051 34.253571428571441 0.60454166666666687 37.505555555555567 16.836021505376348 0.56580359436827854 100.95255815720485 0.74168706293706299 -0.019537843334282944 14.60357142857143 6.2094298245614041 0.33294281045751639 25.151923076923079 28.958260869565219 82.015625000000014 32.414215686274517 4.0784615384615392 66.052121212121236 0.31978174603174608 0.42953750000000002 21.446360153256709 4.6694035459532452 0.65654190476190488 98.721279569100872 0.93839688351567074 112.76087393159951 10.348032274450256 0.79224264705882363 101.83255054073352 103.47157824220801 0.60988207304964281 0.45391485507246382 64.162280701754398
decision_type=2 2 2 2 2 2 2 2 2 2 2 2 2 2 2 2 2 2 2 2 2 2 2 2 2 2 2 2 2 2 2 2 2 2 2 2 2 2 2 2 2 2 2 2 2 2 2 2 2 2 2 2 2 2 2 2 2 2 2 2 2 2
left_child=2 16 4 -4 5 -1 -6 -5 12 10 11 -10 13 22 23 -16 17 -2 21 20 47 -18 -9 26 45 39 27 28 29 30 -14 32 56 -31 35 36 37 38 -29 40 -26 44 46 53 -41 54 -43 52 49 -49 51 -51 -20 -44 -25 -3 57 61 59 60 -59 -28
right_child=1 55 3 7 6 -7 -8 8 9 -11 -12 -13 14 -15 15 -17 18 -19 19 -21 -22 -23 -24 24 25 -27 31 34 -30 33 -32 -33 -34 -35 -36 -37 -38 -39 -40 41 -42 42 43 -45 -46 -47 -48 48 -50 50 -52 -53 -54 -55 -56 -57 -58 58 -60 -61 -62 -63
leaf_value=-0.056595241734601454 0.15910322785230332 0.033088894707938479 -0.17769029223521551 0.031595399479840781 0.1829890386553398 -0.25639153131613363 -0.019042794724598466 -0.18336483419142413 0.046840327525316409 -0.10452566560312254 0.1464565643356481 -0.16343434953346719 -0.020664864606339477 -0.19240199029544991 0.045689388764007008 -0.11801746578540492 0.022234901356487383 -0.020343334888052563 0.10929211216911615 0.19505756995081905 0.091877125273373994 0.24133275227035797 -0.016274948397605467 0.14315073810162227 -0.25050683559249426 0.065706309690934606 -0.052084833279140312 0.13520430553834664 0.16678015792326653 -0.045723319707568308 -0.24146636952771275 -0.2096550621316757 -0.062444520439160517 -0.3619442965448913 -0.068835294924455115 -0.012421557273551341 -0.023743934634442517 0.032576136070026393 -0.025572381934294335 -0.063826052499048533 0.042018671356006107 0.17587196691854057 0.04174702197650694 -0.049242573633211342 0.082299276849184241 -0.017366233617975024 -0.058051740463508 0.064598725666654755 -0.013908403464037919 -0.24138066347671111 -0.16741553385396585 0.032609170580470324 -0.0021462868754501918 0.32437123121345629 -0.015324900774301682 0.20208475551280111 0.15640815363147043 0.096972852570918019 -0.010379294963732716 -0.059324096092310825 0.40180047536414054 0.064628729017748354
leaf_weight=172 40 2401 52 1089 33 45 4505 44 76 299 54 56 431 52 916 57 2920 2109 123 31 126 24 487 206 42 326 660 290 34 21 30 40 625 29 151 634 227 579 58 93 27 21 26 51 276 98 572 47 1252 21 161 74 344 30 56 38 38 51 275 27 29 103
leaf_count=172 40 2401 52 1089 33 45 4505 44 76 299 54 56 431 52 916 57 2920 2109 123 31 126 24 487 206 42 326 660 290 34 21 30 40 625 29 151 634 227 579 58 93 27 21 26 51 276 98 572 47 1252 21 161 74 344 30 56 38 38 51 275 27 29 103
internal_value=2.15441e-05 0.011122 -0.00762729 -0.000684535 -0.0212594 -0.0985379 -0.0175529 0.000315804 -0.00384105 -0.0596721 0.0124993 -0.0426208 -0.000325791 -0.0449047 0.00332221 0.0360399 0.00285477 -0.0169654 0.0111705 -0.00624813 -0.00919973 0.0240629 -0.0302865 -0.00185099 0.0190433 0.00530137 -0.0106506 0.00432194 -0.0406876 -0.0546481 -0.0352874 -0.0307736 -0.0267572 -0.230968 0.0169819 0.0242485 0.0443945 0.0610876 0.1084 -0.0120209 -0.136511 -0.00392214 -0.029954 0.0787314 0.0454249 0.0748327 -0.0496207 -0.0155212 -0.028383 -0.0880592 -0.116171 -0.028867 0.0272827 0.194745 0.1093 0.0357642 -0.00788165 -0.013403 0.0322949 0.141542 0.209326 -0.0362927
internal_weight=23804 9711 14093 9338 4755 217 4538 9286 8197 485 186 132 7712 583 7129 973 7272 2149 5123 2179 2148 2944 531 6156 1824 1464 4332 2484 545 511 461 1848 1808 50 1939 1788 1154 927 348 1138 69 1069 700 107 369 360 593 2022 1555 303 256 95 467 56 262 2439 1183 1145 382 107 80 763
internal_count=23804 9711 14093 9338 4755 217 4538 9286 8197 485 186 132 7712 583 7129 973 7272 2149 5123 2179 2148 2944 531 6156 1824 1464 4332 2484 545 511 461 1848 1808 50 1939 1788 1154 927 348 1138 69 1069 700 107 369 360 593 2022 1555 303 256 95 467 56 262 2439 1183 1145 382 107 80 763
is_linear=0
shrinkage=0.035


Tree=82
num_leaves=63
num_cat=0
split_feature=63 73 35 18 30 24 30 21 19 24 75 46 23 80 51 18 27 47 36 6 37 19 5 40 20 0 38 50 13 28 62 54 8 61 29 71 50 29 80 50 18 28 13 63 21 36 16 23 1 11 38 1 72 71 37 44 77 7 18 68 63 9
split_gain=1592.05 1688.42 1062.78 1180.74 1110.97 1062.6 1054.33 1662.62 1955.14 1263.61 993.202 964.553 1331.53 1138.31 1129.29 1123.14 1111.94 1096.18 1048.09 1401.25 1708.55 1090.38 1026.1 1128.62 1016.14 980.122 951.401 932.389 931.467 967.395 1192.85 1272.22 1125.61 1107.03 1351.17 1142.67 983.792 1044.42 1204.74 996.895 1811.19 1072.51 984.779 956.629 920.375 1277.39 914.77 961.084 908.156 1074.94 901.149 900.571 883.626 883.093 1163.75 960.043 910.477 1006.6 1378.45 996.545 1244.92 1068.21
threshold=89.793700366153772 74.409773648566031 19.059714795008919 9.8038461538461572 18.701851851851853 21.83666666666667 13.729020979020982 13.540064102564104 6.8198051948051956 19.585714285714293 127.61621151001395 0.48074074074074075 71.822478991596654 5.2910510287171499 78.566153846153867 10.224747474747476 6.7350877192982468 0.69064582478106196 0.68280384615384626 27.40454545454546 9.2462121212121229 4.5080645161290329 8.1606451612903239 13.792385057471265 2.7290209790209796 25.500000000000004 23.25403225806452 63.963333333333345 22.014705882352946 19.203448275862073 108.603199875485 110.15884132407857 24.478835978835978 0.33679656358593707 0.31205133928571432 67.337366843682645 67.770602006688975 0.31894558823529412 -0.62799469987000822 68.095470085470097 14.192928039702235 21.984848484848488 20.754310344827591 108.64518021798402 9.4629120879120894 0.71607738095238105 23.671568627450984 73.603571428571442 74.527863777089792 0.56781666666666675 25.151923076923079 76.75378787878789 72.776969020611588 75.041111111111135 8.5469208211143712 20.565942028985507 2.0065908392398524 0.26703846153846161 12.015151515151517 3.2829572551633039 98.297864480595123 31.365151515151521
decision_type=2 2 2 2 2 2 2 2 2 2 2 2 2 2 2 2 2 2 2 2 2 2 2 2 2 2 2 2 2 2 2 2 2 2 2 2 2 2 2 2 2 2 2 2 2 2 2 2 2 2 2 2 2 2 2 2 2 2 2 2 2 2
left_child=27 2 3 4 5 -2 7 8 -4 -8 -5 12 13 15 17 16 -11 22 19 21 -21 -17 24 -24 -14 -15 -25 -1 29 30 31 33 36 -12 35 -35 48 38 42 40 -39 -42 46 -30 45 50 -38 52 49 -31 -13 -32 -48 55 -55 56 57 58 -41 61 -61 -58
right_child=1 -3 6 10 -6 -7 9 -9 -10 11 28 44 14 25 -16 18 -18 -19 -20 20 -22 -23 23 26 -26 -27 -28 -29 43 32 51 -33 -34 34 -36 -37 37 39 -40 53 41 -43 -44 -45 -46 -47 47 -49 -50 -51 -52 -53 -54 54 -56 -57 59 -59 -60 60 -62 -63
leaf_value=-0.18656031222989627 -0.079225443475040402 0.015565768170190305 0.38555979117790862 -0.069261950873972078 -0.044208938655513862 0.1152740255296671 -0.20010927070100629 -0.079197466340931985 0.03916270856747682 -0.21830771367199125 0.0053805792200488358 -0.13498503985956534 0.04254070397830672 0.12938347225155472 -0.10836782862188725 0.25111349051683513 0.069021828501782526 -0.086233838117137418 -0.035404044681988718 0.42606464603860328 -0.01356800144474681 0.0076521384566093547 -0.028179151226119897 0.27436831926498839 0.1533331896816871 -0.12084764709472658 0.032851267872617981 -0.036021455181094647 -0.053630593481212289 -0.021526829533877075 0.11536043011393658 -0.19225397844949779 -0.13104866394254328 -0.18217413283450695 -0.10174118586054955 0.019492425249892979 0.040466475817774163 0.01690016631836307 0.065845752961670528 -0.33012538764351296 0.081857255508986912 0.43332265159931588 0.10209358980344689 0.052967215542088858 -0.0087829736678264481 0.23355411444427146 -0.080397296228140222 -0.23147701425022552 -0.10743761095770883 0.16860505970607204 0.11479290816823644 -0.033220184708502208 0.026114974521554576 -0.049199067047664101 0.27560420968175914 -0.09916170978198624 -0.16392873520890874 -0.011568255243177008 0.037753239040407872 0.016665817055894039 0.2891300508327122 0.030968599713911603
leaf_weight=53 40 7429 37 384 112 232 36 38 43 56 464 33 157 132 45 23 23 50 516 23 20 551 163 33 289 22 50 887 967 1272 107 68 81 39 451 267 238 154 688 28 20 23 103 115 3218 46 202 31 148 37 37 93 180 24 30 141 37 2491 22 43 39 423
leaf_count=53 40 7429 37 384 112 232 36 38 43 56 464 33 157 132 45 23 23 50 516 23 20 551 163 33 289 22 50 887 967 1272 107 68 81 39 451 267 238 154 688 28 20 23 103 115 3218 46 202 31 148 37 37 93 180 24 30 141 37 2491 22 43 39 423
internal_value=2.08715e-05 0.00185676 -0.00474157 -0.0117115 0.0484059 0.0865654 0.00735912 0.110658 0.200815 0.00514167 -0.0141676 0.00650706 0.0247655 0.00386489 0.0610128 -0.00753473 -0.134703 0.071356 0.00138466 0.0321606 0.223698 0.0176237 0.0828017 0.0253267 0.114431 0.0933381 0.129986 -0.0446077 -0.0118196 -0.00766813 -0.0330935 -0.0454346 -0.00180051 -0.0371797 -0.0632578 -0.00645401 -0.000147341 0.00733746 0.032373 -0.00305353 0.0733126 0.272751 0.00180214 -0.0422784 -0.0052846 0.0913562 -0.0141266 -0.0456063 -0.0254029 -0.0160876 -0.00303212 0.0463424 -0.0302306 -0.0076545 0.132056 -0.0100158 -0.00592215 -0.0147084 -0.169418 0.0352387 0.147262 0.0151235
internal_weight=23804 22864 15435 9794 384 272 5641 118 80 5523 9410 5487 2153 1366 787 1212 79 742 1133 617 43 574 692 246 446 154 83 940 9026 7944 1489 1289 6455 1221 757 306 6374 4917 1442 3475 197 43 754 1082 3334 116 651 413 1457 1309 70 200 382 3278 54 3224 3083 2541 50 542 82 460
internal_count=23804 22864 15435 9794 384 272 5641 118 80 5523 9410 5487 2153 1366 787 1212 79 742 1133 617 43 574 692 246 446 154 83 940 9026 7944 1489 1289 6455 1221 757 306 6374 4917 1442 3475 197 43 754 1082 3334 116 651 413 1457 1309 70 200 382 3278 54 3224 3083 2541 50 542 82 460
is_linear=0
shrinkage=0.035


Tree=83
num_leaves=63
num_cat=0
split_feature=50 58 59 81 28 0 51 22 9 39 82 21 2 32 71 57 69 62 55 55 41 43 63 71 1 72 12 3 76 54 77 29 36 22 15 63 5 21 46 65 44 52 45 62 27 1 3 29 12 71 64 47 3 66 27 0 41 67 12 72 53 23
split_gain=1500.54 1647.82 1473.35 1658.68 1794.65 1354.34 1221.9 1134.9 1149.57 1117.88 1237.37 1118.63 1084.05 1197.6 1077.15 1049.13 1039.02 1036.39 1034.01 997.927 993.388 987.483 975.169 970.858 939.382 921.771 903.966 998.574 888.342 1275.3 1184.47 896.392 856.854 831.152 1148.86 1033.6 877.922 1767.98 1030.5 947.097 1019.89 1104.03 1040.82 1656.6 890.515 861.588 1099.82 1093.75 908.431 994.01 866.729 837.281 832.268 825.271 833.094 835.903 824.846 817.388 806.472 803.29 798.046 1035.33
threshold=67.770602006688975 1.0000000180025095e-35 1.0000000180025095e-35 1.0529578874432912 17.848076923076928 29.500000000000004 65.890839160839178 22.508620689655178 27.710000000000004 37.169540229885065 -4.4999999999999991 11.282857142857145 28.574175824175828 0.53301515151515166 74.264075268817223 1.0000000180025095e-35 -0.42076948248099905 89.410889161524253 97.830565444509631 101.99725737140797 7.3651515151515161 17.508064516129036 109.95673420972601 69.233040890269166 67.508064516129039 71.759361951111416 10.339080459770118 55.508064516129039 -0.091830672098897517 96.217735474714914 0.9862802458441059 0.31401612903225812 0.71507417582417587 18.25403225806452 6.2034482758620699 95.366958637730121 9.078461538461541 12.938446969696971 0.80277777777777792 0.92018966662698509 19.651086956521741 -2.619999999999997 0.77598566308243744 111.51507751292651 7.048809523809525 81.683750000000018 57.215838509316775 0.35192499999999999 16.204166666666669 68.334437262808365 356.50000000000006 0.75107210072146968 59.641428571428584 112.18253169275052 8.4220647773279378 32.500000000000007 6.530330882352942 98.490393176641518 8.5485893416927912 64.942699967967727 110.41291261174935 86.710084033613455
decision_type=2 2 2 2 2 2 2 2 2 2 2 2 2 2 2 2 2 2 2 2 2 2 2 2 2 2 2 2 2 2 2 2 2 2 2 2 2 2 2 2 2 2 2 2 2 2 2 2 2 2 2 2 2 2 2 2 2 2 2 2 2 2
left_child=60 15 3 4 -3 -6 16 8 -8 10 32 -11 -12 -14 17 18 26 -10 -2 20 -20 33 -13 -21 -25 -9 -4 -28 -16 30 -30 -31 -5 35 -35 36 38 -38 39 40 41 -19 -43 52 -40 46 47 -36 49 -48 -51 58 -44 59 55 -55 -29 -26 -37 -17 61 -1
right_child=1 2 6 9 5 -7 7 25 14 11 12 22 13 -15 28 53 -18 21 19 23 -22 -23 -24 24 57 -27 27 56 29 31 -32 -33 -34 34 45 51 37 -39 44 -41 -42 42 43 -45 -46 -47 48 -49 -50 50 -52 -53 -54 54 -56 -57 -58 -59 -60 -61 -62 -63
leaf_value=-0.013996964045789345 0.0020396249972690237 -0.066641791195406322 0.062616741101587992 0.1826702425607071 -0.013932109019146736 0.098504898769261676 0.20272368002013316 -0.2030352891204513 -0.088563787906550243 -0.072461876905747652 0.014218738807826604 0.11206276215142326 -0.18182070646911033 0.045253211106245333 0.12232730044818151 0.13496255518994699 0.011525955421779354 0.11943796223432281 0.31771931126005576 0.2620903015019464 0.046719696499334253 0.23351613933699475 0.37405770288444151 0.2217354708698889 -0.093734167339780947 0.027545656358692008 0.082095835193991676 -0.1721182503778988 -0.12033652678492947 -0.12736776220941545 0.17131498819561095 0.022073746721391566 -0.072356661468017391 0.12980790076936996 -0.074632852463769384 -0.12503577568263693 -0.0012225933815698978 0.37519824927609147 -0.26397471401305267 -0.18990620455735213 -0.17134447889239823 -0.049726874994514496 0.079899935188012972 -0.022876759285214307 -0.061379197439989985 -0.10657234713406255 0.20470045135523146 0.030633693755478475 0.084836233936717201 -0.0075879152337796846 0.22171633683036018 -0.14160999258689277 0.31726422138214111 0.19764537122620118 0.013616877034371597 -0.012067567633257973 -0.036859989305857772 0.075223033255378949 0.028171936873652433 0.0082748285373717128 -0.05055396802183805 0.12641214986418495
leaf_weight=3604 137 821 46 78 5401 134 39 53 128 34 855 123 76 45 185 63 276 98 50 30 25 24 20 31 56 35 31 167 20 62 104 230 20 73 442 42 60 20 35 33 39 303 42 130 108 109 28 166 174 1345 20 36 32 92 114 31 83 92 4426 1787 776 65
leaf_count=3604 137 821 46 78 5401 134 39 53 128 34 855 123 76 45 185 63 276 98 50 30 25 24 20 31 56 35 31 167 20 62 104 230 20 73 442 42 60 20 35 33 39 303 42 130 108 109 28 166 174 1345 20 36 32 92 114 31 83 92 4426 1787 776 65
internal_value=2.07516e-05 0.00423176 0.00029178 -0.0111162 -0.0183673 -0.0112008 0.00968001 0.0130425 0.0143322 0.0257145 0.012257 0.107087 0.000321422 -0.0975042 0.013457 0.0306973 -0.0384689 0.0100236 0.0810705 0.119112 0.22834 0.0116506 0.149905 0.0794466 0.0481717 -0.11165 -0.0806303 -0.104162 0.0586114 0.0301549 0.123952 -0.0098085 0.130485 0.010949 -0.00639206 0.018513 -0.0157203 0.0945851 -0.0265372 -0.00846644 0.000965622 0.0122113 -0.0086053 0.0524275 -0.111737 -0.0107742 -0.00594829 -0.045885 0.00955472 0.000121714 -0.00414563 0.0253554 0.184031 0.0205172 0.0819419 0.144928 -0.12739 0.0111694 0.0267171 0.0126263 -0.0183168 -0.0114916
internal_weight=23804 19359 16851 7607 6356 5535 9244 8641 8553 1251 1074 177 976 121 8514 2508 603 7913 421 284 75 7785 143 209 179 88 327 281 601 416 124 292 98 7761 2357 5404 900 80 820 677 644 605 507 204 143 2284 2175 608 1567 1393 1365 4504 74 2087 237 123 250 148 4468 1850 4445 3669
internal_count=23804 19359 16851 7607 6356 5535 9244 8641 8553 1251 1074 177 976 121 8514 2508 603 7913 421 284 75 7785 143 209 179 88 327 281 601 416 124 292 98 7761 2357 5404 900 80 820 677 644 605 507 204 143 2284 2175 608 1567 1393 1365 4504 74 2087 237 123 250 148 4468 1850 4445 3669
is_linear=0
shrinkage=0.035


Tree=84
num_leaves=63
num_cat=0
split_feature=82 71 81 0 71 80 48 74 48 9 11 37 21 70 26 40 47 21 48 79 75 33 44 3 67 48 14 21 53 31 79 43 66 27 43 29 4 35 31 30 44 11 54 71 23 14 17 18 16 39 26 6 45 3 19 28 76 79 14 41 68 49
split_gain=1445.17 1484.08 1112.34 1017.68 1718.65 1348.74 1287.35 1232.53 1201.36 1084.57 1073.21 1351.66 1241.78 988.856 981.334 980.854 1338.62 947.111 1058.79 1026.18 946.512 938.229 916.25 906.848 900.153 916.266 1025.27 922.793 885.501 876.42 865.831 877.308 928.217 854.927 849.416 846.535 1070.33 845.012 993.824 1276.47 1192.58 838.419 838.165 1104.1 975.832 837.474 872.352 830.856 828.383 828.071 837.186 891.82 822.715 822.4 818.945 1453.16 949.418 1289.41 1080.46 1003.19 1192.02 924.728
threshold=187.50000000000003 70.059727272727272 0.92742076314062827 11.500000000000002 75.945857142857164 1.2501270240870002 0.46595225623099584 1.815468593573492 0.5539061897792269 31.127717391304351 0.4863333333333334 6.1371473354231982 15.574175824175827 -8.2855237781652473 0.52705555555555572 15.410427807486633 0.69309562603040786 10.314144736842108 0.47037975253575698 1.1578775605589275 126.26257754421421 0.59304761904761916 18.480740740740746 54.603571428571435 102.30433173241001 0.47996828279700959 0.57840972222222231 11.365151515151517 112.126601363414 36.275252525252533 1.0420710748480124 14.088932806324113 113.10274619759851 11.910714285714286 12.734313725490198 0.28547916666666667 0.45500000000000002 17.739935587761678 38.986111111111121 14.67204301075269 20.509259259259263 0.46159310344827587 110.02284214447421 75.264500000000012 76.596875000000011 0.69298333333333351 30.168439716312061 11.587221095334689 22.966091954022989 30.009803921568629 0.42657793522267212 22.508064516129036 0.79057017543859665 52.849002849002858 7.4463601532567063 23.921538461538464 0.35550047710250704 1.0913036448191893 0.74067204301075285 6.246212121212122 3.7680046481755061 -0.00087900007961754986
decision_type=2 2 2 2 2 2 2 2 2 2 2 2 2 2 2 2 2 2 2 2 2 2 2 2 2 2 2 2 2 2 2 2 2 2 2 2 2 2 2 2 2 2 2 2 2 2 2 2 2 2 2 2 2 2 2 2 2 2 2 2 2 2
left_child=1 2 30 5 6 10 9 -6 -9 -5 11 41 37 29 17 16 48 18 -4 23 -19 -8 34 -20 -13 -26 -27 -28 35 -7 31 32 -1 54 -17 47 49 38 39 -12 -41 -3 -15 44 -44 -25 -47 -11 -14 50 -37 -52 -34 -46 55 -22 57 58 -57 -60 -61 -56
right_child=-2 3 14 4 7 13 21 8 -10 28 12 24 15 42 -16 22 -18 20 19 -21 33 -23 -24 45 25 26 27 -29 -30 -31 -32 -33 52 -35 -36 36 -38 -39 -40 40 -42 -43 43 -45 53 46 -48 -49 -50 -51 51 -53 -54 -55 61 56 -58 -59 59 60 -62 -63
leaf_value=0.010026843964416424 0.050677014294073668 -0.083560826241667205 0.12106045599812237 0.12563809091587727 0.048159194054862249 0.3515932170472495 0.015888452267295666 0.09449323759596033 0.37433903249258726 -0.34651861581569771 -0.12255897646393886 0.01382537299661105 0.21119264695088069 0.030190525723039131 -0.16918424074867597 0.37918929468284951 -0.12018504289485689 -0.080206538779890368 -0.075337671482284305 -0.16183789489993569 -0.013086279161325076 0.17538431792992815 0.025296316365261428 -0.032864420763578622 0.0081105189009222523 0.13205956642300479 0.017694417140812713 -0.11936391968577896 0.13117889301478866 0.041715605180637515 -0.070558087002184411 -0.12658267857371622 -0.21118681856760613 0.19018114151875928 0.10922413388225768 0.030450852821144878 -0.1003050231087408 0.00065616927619750688 -0.087509097093048938 0.026334403990419541 -0.17409252125854735 -0.28863624850615677 -0.23557498595227558 -0.1582161918525633 0.19291369719254345 0.15881953294150533 0.037157600156953949 -0.076309069889096123 0.029758297901505082 0.0074123085819812265 -0.25626214272913178 0.017100401517956759 0.052474477368038758 -0.0044519077929699785 -0.063256955054235023 0.015307483999314831 0.21364318347656963 -0.13709900183612889 0.16655646145178865 -0.088766777238020553 0.12941930477378905 -0.0040800865512402341
leaf_weight=628 670 61 126 55 132 20 6639 41 35 20 107 328 37 1281 45 27 64 231 103 39 4119 45 44 163 186 25 72 361 38 25 648 78 45 26 31 39 208 1744 347 458 39 41 20 66 28 87 417 45 175 565 47 21 21 279 654 930 33 57 126 58 64 640
leaf_count=628 670 61 126 55 132 20 6639 41 35 20 107 328 37 1281 45 27 64 231 103 39 4119 45 44 163 186 25 72 361 38 25 648 78 45 26 31 39 208 1744 347 458 39 41 20 66 28 87 417 45 175 565 47 21 21 279 654 930 33 57 126 58 64 640
internal_value=2.16977e-05 -0.00144628 -0.0122211 0.00584675 0.0140223 -0.00520515 0.0113437 0.113183 0.22502 -0.0249103 -0.0160104 -0.0461199 -0.00548034 0.020857 -0.00710374 0.0538833 0.019495 -0.0061662 0.0268918 0.0121552 -0.0106234 0.0169758 0.146351 0.0210717 -0.0333485 -0.0573725 -0.0839535 -0.0965714 -0.0333968 0.181866 -0.040741 -0.0156792 -0.00312733 -0.00822051 0.237124 -0.0400842 -0.0310243 -0.0138164 -0.0403472 -0.0131967 0.0104405 -0.167033 0.0164737 -0.0282095 -0.00175742 0.03601 0.0583023 -0.161514 0.0618626 -0.00951647 -0.098558 -0.172282 -0.127478 0.0138219 -0.00900731 -0.00299961 0.0297557 0.0247548 0.0326442 0.0974812 0.025724 -0.0340042
internal_weight=23804 23134 9338 13796 7930 5866 7722 208 76 1038 4147 1074 3073 1719 7918 378 276 7873 935 809 6938 6684 102 770 972 644 458 433 983 45 1420 772 694 6707 58 945 880 2695 951 604 497 102 1674 393 327 667 504 65 212 672 107 68 66 307 6681 5387 1268 1235 1178 248 122 1294
internal_count=23804 23134 9338 13796 7930 5866 7722 208 76 1038 4147 1074 3073 1719 7918 378 276 7873 935 809 6938 6684 102 770 972 644 458 433 983 45 1420 772 694 6707 58 945 880 2695 951 604 497 102 1674 393 327 667 504 65 212 672 107 68 66 307 6681 5387 1268 1235 1178 248 122 1294
is_linear=0
shrinkage=0.035


Tree=85
num_leaves=63
num_cat=0
split_feature=63 73 14 55 9 22 19 61 38 30 43 7 4 43 29 81 50 39 9 29 0 23 58 22 47 53 35 12 79 82 52 21 76 25 51 47 29 52 21 43 37 28 47 22 21 44 25 16 26 27 50 71 38 73 31 35 31 44 70 34 26 41
split_gain=1405.83 1426.72 976.233 1166.47 1056.21 1087.36 1012.05 1565.58 1168.23 1036.94 961.713 948.812 1024.91 929.188 874.948 1094.5 1200.18 1060.22 1199.65 1360.77 1007.79 918.832 898.387 1050.98 1235.2 1175.97 1022.25 1083.95 1011.9 948.564 936.325 901.553 1233.46 951.2 983.963 904.477 901.028 882.693 870.942 865.905 941.089 863.304 941.239 1059.56 1003.67 1371.23 1221.77 1043.27 956.452 858.344 847.281 833.034 831.679 1256.55 830.495 827.899 1214.47 1153.26 930.109 972.515 943.925 926.055
threshold=89.793700366153772 74.409773648566031 0.79212179487179502 85.273001409814313 34.016129032258071 17.070197044334979 5.5075757575757587 0.15326255407437053 26.508064516129036 25.019230769230774 13.984375000000002 0.34248999999999996 0.44770185185185185 12.662280701754387 0.33762882653061227 1.0860897287024451 70.657888888888905 28.367543859649128 27.710000000000004 0.36593933823529418 17.500000000000004 74.877500000000012 1.0000000180025095e-35 18.984375000000004 0.58153902899391263 96.104553224092868 21.661458333333339 18.707142857142859 1.0170165678228529 -39.499999999999993 -0.28012258908140092 13.717142857142859 0.45817316308345052 56.072751322751337 64.026060606060625 0.58936491495498322 0.33227951388888893 1.8744444444444428 11.753378378378381 9.2366666666666681 6.5571895424836608 30.348484848484851 0.45329261906289237 15.376388888888892 11.33809523809524 19.25357142857143 57.627314814814817 25.984375000000004 0.4625611111111112 7.0805405405405413 63.963333333333345 68.026941176470601 25.83666666666667 72.167649181000101 38.468627450980399 20.644009216589865 41.446360153256713 21.490740740740744 -11.637071802815802 15.015151515151517 0.42350925925925931 8.3169856459330163
decision_type=2 2 2 2 2 2 2 2 2 2 2 2 2 2 2 2 2 2 2 2 2 2 2 2 2 2 2 2 2 2 2 2 2 2 2 2 2 2 2 2 2 2 2 2 2 2 2 2 2 2 2 2 2 2 2 2 2 2 2 2 2 2
left_child=50 2 3 13 5 10 7 8 49 -9 -4 12 -6 -2 15 22 -17 20 19 21 -16 -19 28 24 52 -25 27 -27 -8 36 51 33 -33 34 -32 -35 -30 -36 -18 40 -3 42 43 -20 48 47 -47 -46 -45 -5 -1 -26 -24 -54 -14 61 57 58 -57 60 -60 -44
right_child=1 39 4 6 11 -7 14 9 -10 -11 -12 -13 54 -15 17 16 38 18 41 -21 -22 -23 23 25 30 26 -28 -29 29 -31 31 32 -34 35 37 -37 -38 -39 -40 -41 -42 -43 55 44 45 46 -48 -49 -50 -51 -52 -53 53 -55 -56 56 -58 -59 59 -61 -62 -63
leaf_value=-0.1772341213280631 -0.19788154083451803 -0.18327597090100298 -0.012871893390742217 0.14669615129548969 0.070667366376999899 -0.11639569662941014 0.082125556520370735 0.0077525267027874932 0.32490432951280052 -0.23073247600826957 0.21200404824935476 0.028319063850985055 0.36403479509989423 -0.03989290217866949 -0.0229691705401661 -0.008508855672494051 -0.065957245116508925 0.41472793907342959 -0.17300274348766775 -0.06617724934051622 -0.13521399949997542 0.082309451318368684 0.021493674186709485 -0.092118916082998173 -0.14469720458829008 -0.025503746673460229 0.070753518678221217 -0.28429772828664723 0.010887876313819607 -0.093625947320489525 0.1404850393139141 -0.030467068112092172 -0.29465330433845527 -0.13284290273406291 0.047967125828541422 0.076394696889794625 0.24873465214773671 -0.10701862061993062 0.12871412730223833 0.016679138299445385 -0.015811691350967029 0.092511927947053443 -0.014340614470253712 -0.023651537525519895 -0.060928585287286348 -0.04862505680681712 -0.31427375329210516 0.10311390456995545 0.23631764798624477 0.013844229446623916 -0.033731312717622773 -0.038543803797309865 -0.088516857401596885 0.085375557304135652 0.081977372500954618 0.16373864059725612 0.19790646779537202 -0.22011520559647507 -0.11464732420317672 -0.024533468125917942 0.13035421946644782 -0.077842071611835276
leaf_weight=53 49 50 82 104 77 81 295 3018 24 22 32 159 37 590 211 220 32 21 89 26 183 20 2200 353 105 614 139 20 212 105 35 188 24 27 65 322 21 144 217 7157 222 85 2749 44 235 41 44 59 28 139 887 647 198 68 20 50 45 25 23 351 108 313
leaf_count=53 49 50 82 104 77 81 295 3018 24 22 32 159 37 590 211 220 32 21 89 26 183 20 2200 353 105 614 139 20 212 105 35 188 24 27 65 322 21 144 217 7157 222 85 2749 44 235 41 44 59 28 139 887 647 198 68 20 50 45 25 23 351 108 313
internal_value=2.12203e-05 0.00174641 -0.00431902 -0.00591029 0.0443693 -0.0187112 -0.00384283 0.0131331 0.0943109 0.00598784 0.0508707 0.0863235 0.154763 -0.0521586 -0.00894663 -0.000341487 0.0510511 -0.020269 -0.0152901 0.131116 -0.0752174 0.255602 -0.0045148 -0.0093535 -0.000985404 -0.0392344 -0.0150356 -0.0338907 0.0348154 -0.00652605 -0.0253886 0.000844117 -0.0610143 0.0229974 -0.0299719 0.0600304 0.0328264 -0.0588012 0.1036 0.0143483 -0.0468882 -0.017593 -0.0198308 -0.0629504 -0.0410575 -0.0638209 -0.187212 -0.0278774 0.0783319 0.0709015 -0.0419161 -0.0534567 0.0144231 -0.0439732 0.266702 -0.0134671 0.0240379 0.00981986 0.0208282 0.00584188 0.0870397 -0.0208446
internal_weight=23804 22864 15435 14947 488 195 14308 3307 267 3040 114 293 134 639 11001 6251 469 4750 4356 67 394 41 5782 5149 4023 1126 773 634 633 338 1557 805 212 593 244 349 233 209 249 7429 272 4289 4204 540 451 379 85 294 72 243 940 752 2466 266 57 3664 602 557 532 482 131 3062
internal_count=23804 22864 15435 14947 488 195 14308 3307 267 3040 114 293 134 639 11001 6251 469 4750 4356 67 394 41 5782 5149 4023 1126 773 634 633 338 1557 805 212 593 244 349 233 209 249 7429 272 4289 4204 540 451 379 85 294 72 243 940 752 2466 266 57 3664 602 557 532 482 131 3062
is_linear=0
shrinkage=0.035


Tree=86
num_leaves=63
num_cat=0
split_feature=71 58 59 81 0 57 10 18 0 35 51 32 22 72 67 81 80 12 12 16 19 18 56 0 45 43 39 50 62 50 22 21 42 56 18 20 76 39 34 47 18 47 47 25 22 76 63 16 34 61 37 71 38 76 22 56 43 12 29 42 30 52
split_gain=1340.43 1248.37 1411.69 1284.27 1062.03 1017.92 1166.22 1111.94 1010.61 1002.17 984.716 1158.27 995.831 1019.65 1012.7 941.342 972.848 938.209 1033.61 928.38 1115.3 1008.88 923.169 885.694 1048.37 991.754 943.161 1448.43 967.628 965.564 881.446 1202.11 1140.41 906.046 954.992 974.793 932.052 1018.23 889.546 879.675 1224.81 1054.92 1020.76 1198.99 1329.35 1112.57 997.887 994.867 893.164 867.319 871.822 857.395 1033.3 981.299 941.659 1864.72 1041.69 994.386 1153.86 910.404 1448.67 1247.77
threshold=68.509182480188485 1.0000000180025095e-35 1.0000000180025095e-35 1.0137837766781479 29.500000000000004 1.0000000180025095e-35 0.54460769230769246 12.627314814814817 24.500000000000004 21.83666666666667 67.555277777777789 0.46460769230769233 22.757352941176475 71.812745761948278 90.289816489319563 1.0185757759701575 2.0826973460361065 14.081666666666669 13.104355716878404 24.906926406926413 11.816666666666668 8.8730158730158752 116.50592571976439 1.5000000000000002 0.54006410256410264 13.254032258064518 28.262013729977117 71.458516483516505 105.01353649386301 62.682857142857152 15.786796536796539 13.430952380952382 5.0930735930735933 112.80451792824097 11.760952380952384 2.4629120879120885 0.16439552124673254 31.963624338624339 10.385856079404467 0.60480196585174817 10.854497354497356 0.60166386033321528 0.6250731234892225 59.25403225806452 17.739935587761678 0.24280195577863548 103.07217132149552 24.646110056926002 11.836021505376346 0.912846300888558 8.1165158371040729 74.50557189542485 21.113247863247867 -0.10069581480341942 18.753787878787886 118.88441424187155 17.017857142857146 17.603030303030305 0.29183974358974357 5.0678160919540236 21.015151515151519 -2.619999999999997
decision_type=2 2 2 2 2 2 2 2 2 2 2 2 2 2 2 2 2 2 2 2 2 2 2 2 2 2 2 2 2 2 2 2 2 2 2 2 2 2 2 2 2 2 2 2 2 2 2 2 2 2 2 2 2 2 2 2 2 2 2 2 2 2
left_child=23 5 3 4 19 6 7 -2 -9 -6 11 -4 14 -14 -12 -5 -17 18 -13 21 -21 -3 -20 25 -25 -1 27 28 -26 -28 31 33 -32 34 35 -31 38 -38 -35 41 46 -7 47 44 48 -45 -41 -42 -44 -23 -51 54 -53 -54 56 57 59 58 -56 -16 61 -61
right_child=1 2 10 15 9 39 -8 8 -10 -11 12 17 13 -15 51 16 -18 -19 22 20 -22 49 -24 24 26 -27 29 -29 -30 30 32 -33 -34 36 -36 -37 37 -39 -40 40 42 -43 43 45 -46 -47 -48 -49 -50 50 -52 52 53 -55 55 -57 -58 -59 -60 60 -62 -63
leaf_value=0.011814728099640792 0.12146625656253202 0.12099835090907581 -0.13895091192125905 0.090865292768649075 0.026579249670759579 0.0019639738636272148 0.20053022532140702 -0.047818636906904285 0.14698528283188145 0.26465317357841295 -0.055743442796015813 -0.01046069440527404 -0.21904521768297372 0.059219397701469126 0.023055592022597028 -0.12288417643942649 0.0092511786153664493 0.035312802345950842 -0.21427884260940214 -0.0046927287175419436 -0.16181669306506163 -0.03635474412605165 0.0014901340319712956 -0.00054261238840957028 -0.061650265418633624 0.2620735468969011 -0.12974958744548984 0.1522693025129182 -0.21438821307023626 0.30533810833825009 -0.050890699859920709 -0.15505966361471127 0.1193169714660928 0.2168580389934428 -0.020463320016793064 0.027519099498739336 0.061669253118549955 0.36392042436786726 -0.012503662599360242 -0.20656039676833227 0.043370364620531211 -0.23997484200265676 0.07647511399063199 0.065204852363965574 0.064337042744052164 0.29080100142147586 0.039526951402048524 0.22711450092075697 -0.11370571763327249 0.022409840247210332 -0.2233598801261362 0.29862861845105193 0.12509831320015269 0.016710629172206108 -0.098526201513864473 -0.31314649151052748 0.2092398270654007 -0.15665634394444311 0.0092279145299086086 0.03341182730767963 0.076932796045697693 -0.11096331332150855
leaf_weight=61 147 48 100 168 91 1174 76 152 41 28 243 254 44 25 5404 70 2143 292 70 2704 56 2436 37 1944 110 28 108 24 95 22 1079 55 50 25 603 50 30 25 110 41 69 22 38 300 163 29 39 76 142 25 59 21 148 330 133 24 35 51 1381 107 118 231
leaf_count=61 147 48 100 168 91 1174 76 152 41 28 243 254 44 25 5404 70 2143 292 70 2704 56 2436 37 1944 110 28 108 24 95 22 1079 55 50 25 603 50 30 25 110 41 69 22 38 300 163 29 39 76 142 25 59 21 148 330 133 24 35 51 1381 107 118 231
internal_value=2.03554e-05 0.00398605 0.000560833 -0.0103217 -0.0196942 0.0270186 0.0769937 0.0491155 -0.00614446 0.0834989 0.00997645 -0.0283326 0.013456 -0.118474 0.0145702 0.0111179 0.00504317 -0.0112938 -0.0489987 -0.0220073 -0.00791075 -0.037152 -0.139975 -0.0173738 -0.019625 0.0916112 -0.0351677 -0.10264 -0.132798 -0.0279807 -0.0225845 0.00284303 -0.0433001 0.0129709 -0.0060441 0.113977 0.0803811 0.20116 0.0305884 0.017068 0.0432586 -0.0025819 0.0560679 0.037829 -0.00795536 0.085512 -0.087049 0.140151 -0.0734364 -0.0401892 -0.150473 0.0167143 0.0611161 0.050373 0.0137494 -0.0101593 0.0201949 -0.00541213 -0.000265027 0.0190475 -0.0284177 -0.0652666
internal_weight=23804 19385 16876 7828 5447 2509 416 340 193 119 9048 753 8295 69 8226 2381 2213 653 361 5328 2760 2568 107 4419 4330 89 2386 229 205 2157 2049 920 1129 865 675 72 190 55 135 2093 897 1196 817 672 343 329 80 145 180 2520 84 7983 499 478 7484 1589 5895 1565 1514 5860 456 338
internal_count=23804 19385 16876 7828 5447 2509 416 340 193 119 9048 753 8295 69 8226 2381 2213 653 361 5328 2760 2568 107 4419 4330 89 2386 229 205 2157 2049 920 1129 865 675 72 190 55 135 2093 897 1196 817 672 343 329 80 145 180 2520 84 7983 499 478 7484 1589 5895 1565 1514 5860 456 338
is_linear=0
shrinkage=0.035


Tree=87
num_leaves=63
num_cat=0
split_feature=82 71 17 52 80 62 41 66 29 44 38 30 44 24 14 0 50 21 32 61 61 64 19 66 17 1 40 21 48 79 44 70 74 19 48 76 36 42 35 71 19 3 70 38 29 36 67 20 64 17 71 22 37 55 6 79 79 11 70 46 51 5
split_gain=1277.78 1284.48 977.396 1098.23 968.294 915.595 1059.66 910.954 910.537 1379.68 1182.06 1671.07 1051.44 1110.18 1154.81 1039.49 1268.09 1098.19 974.562 995.743 1181.69 968.148 909.908 905.143 891.735 1028.86 889.005 881.651 1047.61 939.499 921.8 892.435 968.066 933.801 1347.74 1050.59 1492.45 1001.41 973.64 878.651 995.651 1334.23 1055.4 1008.03 923.357 1147.59 861.396 1286.06 991.993 918.742 1203.14 1087.73 877.482 1172.92 1148.36 920.113 947.102 1283.16 1030.71 1010.76 991.709 979.516
threshold=187.50000000000003 70.059727272727272 31.145502645502649 -6.1216111111111067 -7.9955141425764458 109.63627923352252 7.6939799331103691 113.10274619759851 0.34207417582417582 22.755000000000006 26.753787878787886 18.015151515151519 20.015625000000004 29.40454545454546 0.75251000000000012 3.5000000000000004 77.856666666666683 19.041666666666668 0.60610000000000019 0.84500833674644216 0.81719481653290404 282.50000000000006 4.644009216589863 93.897232742440266 31.876893939393941 64.760952380952389 16.45804195804196 10.314144736842108 0.47702407642348227 1.1578775605589275 19.169540229885062 -8.2855237781652473 -8.3643471805875915 8.0161290322580658 0.6900881062735158 0.35550047710250704 0.67056349206349219 3.7018518518518526 18.644009216589865 76.89715384615387 7.9344086021505387 58.295206971677565 -6.5378729125002542 22.707107843137258 0.35951923076923081 0.63389204545454547 88.880383672277318 3.5741758241758248 30.500000000000004 32.963624338624349 70.874058823529424 20.757352941176475 7.6030303030303044 101.42085966858068 24.754310344827591 1.1489454622265758 0.99118561641757619 0.5363660287081341 0.52043691209900811 0.12771739130434781 73.856235294117667 7.7734604105571856
decision_type=2 2 2 2 2 2 2 2 2 2 2 2 2 2 2 2 2 2 2 2 2 2 2 2 2 2 2 2 2 2 2 2 2 2 2 2 2 2 2 2 2 2 2 2 2 2 2 2 2 2 2 2 2 2 2 2 2 2 2 2 2 2
left_child=1 4 3 23 -1 -5 -7 8 15 10 22 -12 13 14 -13 17 24 18 19 20 -4 -11 26 -3 25 -17 -10 28 -6 -30 31 32 -29 35 -35 -33 -37 38 -38 40 -24 -42 43 -43 45 -44 47 -26 -48 51 -51 -50 53 54 -52 56 57 60 -58 -60 61 -54
right_child=-2 2 7 5 27 6 -8 -9 9 21 11 12 -14 -15 -16 16 -18 -19 -20 -21 -22 -23 39 -25 46 -27 -28 30 29 -31 -32 33 -34 34 -36 36 37 -39 -40 -41 41 42 44 -45 -46 -47 48 -49 49 50 52 -53 55 -55 -56 -57 58 -59 59 -61 -62 -63
leaf_value=-0.039428803637736751 0.047651895217110649 -0.14332609356124035 -0.047785177444763287 0.02815350419034875 0.11175926656475881 0.056268541561141208 0.27236457149408483 0.042930674039984303 0.095081947404377878 -0.077639561445230529 0.11071325947531001 0.03002244595451789 -0.14927826128722332 -0.038772649612969876 0.22571359004645514 -0.22258950015324269 0.09263479616322412 0.18727982582686087 0.12154826494620509 -0.1399157789826796 0.14354652907690785 -0.32910754496910999 -0.014994698669550882 -0.00516982614818227 -0.33066151474520222 -0.021839381564189176 -0.12253432271480562 -0.035451969265241794 0.017535628944361857 -0.15954024376652462 -0.050543873541339553 -0.010674189677387858 0.047285853345800988 -0.034822611075285434 -0.20044824741720935 -0.052183320781999623 0.15471411679897989 0.34426594635785801 -0.1185078929444639 0.086596315964108952 -0.17616866584257646 0.1366438588939215 0.10671705454354194 -0.02802881779294835 -0.024831544983096886 -0.14125236375154746 0.1125101170754097 -0.016945777762123918 0.053109205481668184 -0.036613983447594228 0.063841096583095502 -0.10401071577059187 -0.034836019956465236 0.14403865618863906 -0.079086787623599414 0.08065435719632652 -0.052338390963176801 -0.20688325170108252 0.23919896286461093 0.0017681194261041824 0.11472272931626577 0.098924504583800477
leaf_weight=1298 670 68 435 2224 143 90 40 592 141 73 215 247 54 274 43 33 231 26 41 129 43 25 2428 383 21 475 27 235 786 38 659 4766 655 500 68 72 73 25 20 86 104 66 25 144 282 230 126 63 887 692 240 57 190 138 96 184 564 24 22 924 191 103
leaf_count=1298 670 68 435 2224 143 90 40 592 141 73 215 247 54 274 43 33 231 26 41 129 43 25 2428 383 21 475 27 235 786 38 659 4766 655 500 68 72 73 25 20 86 104 66 25 144 282 230 126 63 887 692 240 57 190 138 96 184 564 24 22 924 191 103
internal_value=2.05042e-05 -0.00135983 0.00542504 0.0238639 -0.0113839 0.0334498 0.123575 0.000718093 -0.00168662 -0.0136279 -0.0107033 0.0267895 -0.00246752 0.0117024 0.0593893 0.00729477 0.0125388 -0.0336117 -0.0426176 -0.0538029 -0.030434 -0.14317 -0.0195467 -0.0261439 0.00885086 -0.0350932 0.0598273 -0.0068537 0.0244826 0.00927347 -0.0111398 -0.00708714 0.0254278 -0.0123282 -0.054816 -0.00745303 0.0731447 0.149543 0.0955997 -0.0235189 -0.0264208 -0.0589886 -0.0425627 0.0239105 -0.0685624 -0.116767 0.0137916 -0.0969086 0.0158984 0.0130618 0.004505 0.0435683 0.0151443 0.0583167 0.0229373 0.00583836 -0.000999867 0.040314 -0.0149099 0.00741691 0.0527798 0.0122621
internal_weight=23804 23134 13796 2805 9338 2354 130 10991 10399 4464 4366 833 618 564 290 5935 5261 674 648 607 478 98 3533 451 5030 508 168 8040 967 824 7073 6414 890 5524 568 4956 190 118 93 3365 3279 851 747 210 537 255 4522 84 4438 4312 3368 944 2676 474 336 2202 2018 508 1510 946 484 293
internal_count=23804 23134 13796 2805 9338 2354 130 10991 10399 4464 4366 833 618 564 290 5935 5261 674 648 607 478 98 3533 451 5030 508 168 8040 967 824 7073 6414 890 5524 568 4956 190 118 93 3365 3279 851 747 210 537 255 4522 84 4438 4312 3368 944 2676 474 336 2202 2018 508 1510 946 484 293
is_linear=0
shrinkage=0.035


Tree=88
num_leaves=63
num_cat=0
split_feature=58 59 80 39 0 28 71 22 15 15 62 77 67 31 35 49 43 25 36 6 42 6 4 8 47 26 19 52 31 35 43 67 35 28 6 7 32 71 38 15 76 2 36 73 24 76 18 37 51 6 66 62 43 13 75 36 7 3 48 32 64 27
split_gain=1230.45 1605.53 1485.99 1385.28 1220.1 1152.4 1148.14 1048.6 1122.21 1068.93 1234.54 1089.44 1043.06 1023.51 956.446 940.553 1145.14 909.891 1060.45 1411.28 903.356 978.375 912.671 878.994 876.992 1029.67 1060.36 992.16 1165.81 1029.64 1005.37 952.399 1044.17 950.265 1298.38 1110.35 861.997 857.769 1103.39 855.162 866.877 1019.32 914.315 922.068 894.577 874.836 854.635 967.532 854.052 851.774 937.735 1079.96 1014.52 1266.17 1207.92 851.125 849.842 1033.38 1259.22 1175.59 1052.99 1008.36
threshold=1.0000000180025095e-35 1.0000000180025095e-35 3.9356919732526525 37.169540229885065 30.500000000000004 17.848076923076928 73.053638888888898 18.91833333333334 12.67543859649123 11.575187969924814 99.572261241984364 1.3274216013692766 101.25888394363302 40.211323763955349 21.83666666666667 -0.13129508053221281 17.255434782608699 55.672619047619058 0.74714835164835181 20.009433962264154 3.358571428571429 30.240384615384617 0.50046547619047621 20.403703703703709 0.58153902899391263 0.47620942982456144 6.0678160919540236 -0.75155555555554787 33.390096618357497 19.377155172413797 10.177521008403362 98.554662333101007 20.462912087912091 19.779513888888893 19.33908045977012 0.30326388888888894 0.49650862068965523 67.543815536315549 23.365151515151521 10.661458333333334 -0.014138814376202456 28.672043010752692 0.71507417582417587 66.129893204886812 26.418010752688176 -0.10332433924904545 14.865151515151517 6.9298029556650258 73.429282051282073 25.780193236714982 113.37671889959101 100.37313279653152 13.80860805860806 20.38675213675214 138.24207170813546 0.6621125000000001 0.33256385869565219 62.491935483870975 0.55917878256790809 0.50414642857142866 325.50000000000006 8.3284313725490211
decision_type=2 2 2 2 2 2 2 2 2 2 2 2 2 2 2 2 2 2 2 2 2 2 2 2 2 2 2 2 2 2 2 2 2 2 2 2 2 2 2 2 2 2 2 2 2 2 2 2 2 2 2 2 2 2 2 2 2 2 2 2 2 2
left_child=49 2 4 39 5 46 7 15 9 17 -11 -12 13 -5 -6 23 20 -9 19 -19 22 -22 24 37 25 -17 -27 29 30 -26 -29 -31 -33 35 -35 -30 -36 38 -3 40 41 45 43 -42 -43 -4 47 55 -21 -1 51 52 53 54 -51 -2 57 60 59 61 -7 -59
right_child=1 6 3 12 14 56 -8 8 -10 10 11 -13 -14 -15 -16 16 -18 18 -20 48 21 -23 -24 -25 27 26 -28 28 33 31 -32 32 -34 34 36 -37 -38 -39 -40 -41 42 44 -44 -45 -46 -47 -48 -49 -50 50 -52 -53 -54 -55 -56 -57 -58 58 -60 -61 -62 -63
leaf_value=0.012480821214970321 -0.04398848225647891 -0.23989869754428564 0.023171032284375448 0.12023585134036698 0.035264756040225706 -0.0043533939803138905 0.034664982236495001 -0.07540368971685299 -0.20973543419151369 -0.11027019861440154 0.068438567880856796 0.40344403419262032 0.24729462886067 -0.033013161287205661 0.27143408817377962 0.019683815389244359 0.25823343954529876 -0.0775400132367947 0.079838250289830298 0.027116800870206462 -0.011932941716737235 0.23054766323217535 -0.094032894123443136 -0.047128967614351099 -0.076603030223096821 0.15832618239041404 0.02417226322752776 0.081962102338576787 0.20386974474361969 -0.097707151084892044 -0.058340666216885675 0.17782290749578941 -0.0087915578266310572 0.22945259442804306 0.13243683097041897 -0.049416536473482854 0.0073910093926861688 0.088179391666434126 0.099517933715848231 -0.065737043583178639 -0.0067649899456918867 -0.22725342459582734 -0.054254107131478727 0.17813369172034674 -0.0068530049625195964 -0.060904115069914132 -0.015455025605166085 -0.063020842810819641 -0.11919068643970228 -0.2065932570053082 0.24413268501529331 0.01026580249895563 0.25027610324279775 0.26180740717407003 0.078589604697828233 -0.24658163688234336 -0.029222369858266834 0.091450379382405023 -0.012809415420386553 0.17585458586940009 -0.075814523373738521 -0.10911117318272592
leaf_weight=2596 39 23 920 130 90 1983 1455 358 39 21 29 20 42 90 27 2563 21 364 137 473 3589 20 95 92 375 140 149 78 24 60 308 61 91 61 105 157 188 396 23 201 48 43 48 105 47 181 339 465 54 25 32 305 51 29 63 74 3451 94 263 120 289 45
leaf_count=2596 39 23 920 130 90 1983 1455 358 39 21 29 20 42 90 27 2563 21 364 137 473 3589 20 95 92 375 140 149 78 24 60 308 61 91 61 105 157 188 396 23 201 48 43 48 105 47 181 339 465 54 25 32 305 51 29 63 74 3451 94 263 120 289 45
internal_value=1.98557e-05 -0.00305985 -0.0140289 0.0139319 -0.0211554 -0.0229897 0.00560037 0.00141728 -0.0256367 -0.0206328 0.112322 0.20794 0.0884309 0.0575945 0.0907183 0.00611153 0.00313816 -0.0273883 -0.0106351 -0.0245871 0.00245744 -0.0105565 0.0130008 0.0510781 0.0153443 0.0267572 0.0893336 -0.00623983 0.0164202 -0.041783 -0.0299109 0.0198278 0.0664143 0.0498512 0.0831696 -0.0153432 0.0523639 0.0715575 -0.0708698 0.00165294 0.0114064 4.47307e-05 0.0785443 0.12027 -0.112868 0.00932486 -0.0596202 -0.0854816 0.0120197 0.020579 0.0621481 0.0495841 0.120702 0.0633671 -0.00309817 -0.177193 -0.017606 -0.00325427 0.0411277 0.0958304 -0.0134595 0.0263369
internal_weight=23804 20703 9134 1855 7279 7162 11569 10114 1495 1456 70 49 262 220 117 8619 8085 1386 1028 891 8064 3609 4455 534 4360 2852 289 1508 921 587 386 212 152 535 354 181 293 442 46 1593 1392 1191 201 153 90 1101 917 578 527 3101 505 473 168 117 88 113 6245 2794 522 259 2272 139
internal_count=23804 20703 9134 1855 7279 7162 11569 10114 1495 1456 70 49 262 220 117 8619 8085 1386 1028 891 8064 3609 4455 534 4360 2852 289 1508 921 587 386 212 152 535 354 181 293 442 46 1593 1392 1191 201 153 90 1101 917 578 527 3101 505 473 168 117 88 113 6245 2794 522 259 2272 139
is_linear=0
shrinkage=0.035


Tree=89
num_leaves=63
num_cat=0
split_feature=50 58 0 15 67 60 75 71 0 68 3 32 73 36 47 67 73 22 49 19 19 29 76 54 76 42 6 66 28 1 14 57 55 55 71 18 42 74 78 28 38 78 36 71 25 5 9 17 22 35 22 9 39 29 14 26 35 10 46 56 9 49
split_gain=1193.01 1289.6 1250.02 1304.16 1236.04 1137.5 1284.8 1090.69 1429.18 1323.87 1148.04 1065.5 1031.43 1010.69 1206.57 978.912 952.976 1009.71 1224.16 1038.93 1547.08 1154.78 1074.65 1005.79 906.028 1328.51 1202.56 1146.39 981.572 1085.07 1069.83 899.078 921.25 936.21 925.16 1040.97 892.8 890.287 944.96 933.891 883.349 915.591 905.351 993.409 1135.46 1185.02 1129.99 1252.38 1001.43 877.013 873.965 882.502 1007.05 869.129 863.98 843.608 840.513 836.477 972.908 843.397 818.896 990.344
threshold=67.770602006688975 1.0000000180025095e-35 25.500000000000004 8.6720430107526898 112.99615518368752 334.50000000000006 140.87926528656871 74.177955050505076 3.5000000000000004 -7.1909373128232508 62.113247863247871 0.49872077922077929 74.009365488533376 0.71708893280632424 0.37122993398568854 116.53604219176101 64.383387022544824 15.859126984126986 0.12511874699374698 6.3377192982456148 7.8596059113300498 0.3533771551724138 0.20370598870121109 85.73093148321955 0.13033810508504753 4.717142857142858 18.735087719298253 104.89976536596902 20.459935897435901 82.411538461538484 0.75659667487684734 1.0000000180025095e-35 97.830565444509631 102.2681109334949 69.233040890269166 11.203448275862071 3.7537878787878793 5.4423973179887932 8.7829400003422027 25.745370370370374 25.967204301075274 2.022760330652702 0.70756038647343011 69.364094861660092 56.868115942028993 7.0842198581560289 31.016129032258068 31.986842105263161 16.390096618357493 18.848076923076928 16.390096618357493 30.758787878787885 31.963624338624339 0.30721666666666669 0.63118465909090926 0.40341885964912289 21.78759398496241 0.54114550264550276 0.63060428849902539 103.9475717858966 37.418010752688183 -0.020446381200944597
decision_type=2 2 2 2 2 2 2 2 2 2 2 2 2 2 2 2 2 2 2 2 2 2 2 2 2 2 2 2 2 2 2 2 2 2 2 2 2 2 2 2 2 2 2 2 2 2 2 2 2 2 2 2 2 2 2 2 2 2 2 2 2 2
left_child=-1 31 3 4 24 16 36 15 11 10 12 55 -10 14 -11 -5 -4 19 23 22 21 -21 -18 -19 28 26 -26 -28 29 30 60 32 -2 -34 -35 -36 -7 39 -39 -16 41 -30 43 -42 -45 -46 -47 48 -48 -50 -25 52 -52 -27 -53 -9 -41 58 -37 -60 61 -3
right_child=1 2 5 7 -6 6 -8 8 9 13 -12 -13 -14 -15 37 -17 17 18 -20 20 -22 -23 -24 50 25 53 27 -29 40 -31 -32 -33 33 34 35 57 -38 38 -40 56 42 -43 -44 44 45 46 47 -49 49 -51 51 54 -54 -55 -56 -57 -58 -59 59 -61 -62 -63
leaf_value=-0.016330323224977836 -0.0007182178872281855 -0.076749642860245451 -0.091814014835293237 -0.019809984194121201 -0.069694821396885195 0.13272930187962001 0.37473507977225068 -0.052009522432530368 -0.20924349685352506 -0.14753527227469856 0.03429350638083186 0.010763910348075984 -0.005170061774490294 0.0039164342819780545 0.027929924426201524 0.14489739154530379 0.059432285654226945 0.21794493252364075 0.25221600771885294 0.13418175045837036 -0.039050896964406452 0.37086637615228912 -0.1336664604013679 -0.068284514298296212 -0.077600188070756942 0.0045652513081157536 0.019493481138866894 -0.098155332987745328 0.0084575728841174772 -0.2118451306204327 0.089758358865296636 0.017764323030785175 0.21271134591354118 0.24833716643442874 0.2216747715837426 0.083351968890564024 -0.11910133848985038 0.32764750405788423 0.12310139055623602 0.22072889125347139 -0.15218887898040145 0.062807409819923457 0.097294989539566917 0.29267950704621104 0.13361341293445139 0.18308861936005683 0.24501906125767289 -0.15144682563901637 -0.21261335005316626 0.066489241380509087 0.31802475773010935 0.15354491748637761 0.0050567772455935214 -0.16839882558106042 0.0033590341228360784 -0.22455426787900498 -0.018159103874649325 0.12621714895519984 -0.044565570521785558 -0.31204328099476797 0.03434965996599116 0.0022928242503782439
leaf_weight=4445 137 337 92 6664 240 74 21 94 61 24 159 176 60 241 205 44 187 27 25 99 46 34 43 180 215 55 1381 109 1798 30 142 2087 78 30 31 38 22 37 111 71 36 481 426 20 82 27 21 86 21 38 24 48 26 100 1446 55 24 44 41 22 329 457
leaf_count=4445 137 337 92 6664 240 74 21 94 61 24 159 176 60 241 205 44 187 27 25 99 46 34 43 180 215 55 1381 109 1798 30 142 2087 78 30 31 38 22 37 111 71 36 481 426 20 82 27 21 86 21 38 24 48 26 100 1446 55 24 44 41 22 329 457
internal_value=2.0475e-05 0.00377527 0.000289733 -0.00358944 0.00815355 0.0237128 0.129918 -0.0129991 0.0161026 0.0369529 -0.0274918 -0.0475509 -0.108517 0.0622671 0.0920175 -0.0187184 0.0182267 0.0228816 0.0114523 0.0724278 0.135544 0.195876 0.0231044 0.00794177 0.0111774 -0.00925091 -0.000316978 0.0108546 0.0199514 -0.00555734 -0.000580607 0.0271881 0.0738194 0.109726 0.0702945 0.0393089 0.0746638 0.105009 0.175193 0.0701392 0.0308324 0.0199413 0.0635813 0.0200995 0.0413583 0.0225697 -0.0248148 -0.0590997 0.0404541 -0.0337454 0.00458859 0.0131058 0.157012 -0.107185 0.00823638 -0.116262 0.160562 -0.000283375 -0.0557773 -0.139747 -0.0120417 -0.0312782
internal_weight=23804 19359 16851 14457 6431 2394 117 8026 1318 993 280 325 121 713 472 6708 2277 2185 1776 409 179 133 230 1751 6191 1860 1705 1490 4331 1295 1265 2508 421 284 206 176 96 448 148 300 3036 2279 757 331 295 275 193 166 80 59 1724 1544 50 155 1494 149 95 145 101 63 1123 794
internal_count=23804 19359 16851 14457 6431 2394 117 8026 1318 993 280 325 121 713 472 6708 2277 2185 1776 409 179 133 230 1751 6191 1860 1705 1490 4331 1295 1265 2508 421 284 206 176 96 448 148 300 3036 2279 757 331 295 275 193 166 80 59 1724 1544 50 155 1494 149 95 145 101 63 1123 794
is_linear=0
shrinkage=0.035


Tree=90
num_leaves=63
num_cat=0
split_feature=71 15 74 44 56 78 49 71 22 66 67 0 48 45 67 3 34 5 41 38 16 38 43 23 6 45 21 39 19 18 44 6 23 23 29 39 43 10 36 36 78 39 15 12 34 49 8 61 16 12 36 7 12 44 30 73 20 9 28 66 6 37
split_gain=1135.68 1079.43 1029.87 1411.82 1105.25 1097.79 1381.73 1018.11 1199.91 1496.99 1342.21 1191.39 1109.74 1552.31 1107.95 1079.26 1118.43 1028.6 1008.14 977.043 945.655 952.609 931.169 1265.89 1174.74 907.835 858.428 858.311 947.208 930.402 856.28 1096.28 845.98 970.728 966.133 837.588 830.403 830.17 925.621 1304.71 886.557 1056.9 827.221 826.622 822.527 814.158 809.034 894.693 1055.46 917.636 975.526 915.561 837.441 912.047 837.742 807.675 805.973 837.754 930.434 802.86 844.856 792.625
threshold=68.509182480188485 8.6720430107526898 -3.6515546723426868 18.921538461538464 79.941302891166188 -7.1424179986257021 0.016643387505060253 73.589500000000015 15.859126984126986 108.29774249547252 103.75440554017501 2.5000000000000004 0.43945868119975268 0.12771739130434781 116.53604219176101 60.149074074074079 11.302173913043481 7.530330882352942 8.6228448275862082 22.985714285714291 24.492857142857144 26.672619047619051 13.540064102564104 73.482120051085573 21.612007168458785 0.2124060150375939 16.017241379310349 35.25403225806452 6.3207142857142866 11.960769230769232 18.836021505376348 15.339080459770118 75.986111111111128 78.870266479663414 0.32302083333333337 39.019230769230781 14.302173913043481 0.52412973352033665 0.69173030303030314 0.70555086206896556 7.5648835176900002 31.741338112305858 13.016129032258066 15.16954022988506 13.403703703703707 -0.0030245212589258999 15.431677018633541 0.14092245770246653 23.33908045977012 12.49193548387097 0.68683666666666676 0.30134313725490197 13.50757575757576 19.549193548387098 17.479130434782615 67.506548076814042 2.2390476190476196 37.467708333333341 26.255434782608699 96.884765667384571 23.298148148148154 9.4932432432432439
decision_type=2 2 2 2 2 2 2 2 2 2 2 2 2 2 2 2 2 2 2 2 2 2 2 2 2 2 2 2 2 2 2 2 2 2 2 2 2 2 2 2 2 2 2 2 2 2 2 2 2 2 2 2 2 2 2 2 2 2 2 2 2 2
left_child=26 2 3 -2 59 56 18 8 9 10 35 32 22 -14 30 16 -12 -11 -7 61 -19 -22 23 -13 -24 27 -1 28 -6 55 -10 -32 34 -34 -9 -3 -16 -33 -39 -40 41 -41 -17 -26 -37 -29 -15 51 49 50 -49 -48 -51 54 -54 -30 -5 58 -58 60 -4 -18
right_child=1 7 4 5 25 6 -8 11 14 17 15 12 13 46 36 42 19 20 -20 -21 21 -23 24 -25 43 -27 -28 45 29 -31 31 37 33 -35 -36 44 -38 38 39 40 -42 -43 -44 -45 -46 -47 47 48 -50 52 -52 -53 53 -55 -56 -57 57 -59 -60 -61 -62 -63
leaf_value=-0.017595762302201792 0.048837741494901984 -0.020448677611317318 -0.094246172338239551 -0.081512512923667235 0.088426644018120018 -0.11661466868669709 0.045695842053638691 -0.040250833402077364 -0.010439979657486725 0.022836358404224336 -0.13746497098528365 -0.3018690374841293 0.30377560926270936 -0.10717803672140408 0.22789402340163911 0.11193306188982391 0.20123485767921884 0.27725801777086762 -0.39298223136111005 -0.023838457547701326 0.039431899136001314 0.27737874479563734 -0.13311072856762324 -0.043310419661497609 0.019182706048925413 0.0047864512487263916 0.13200120410040808 0.34254319516648646 -0.075066106131654001 -0.15678943856198765 -0.21563254616576083 -0.018278025852737377 0.16757322707649783 -0.03906381792619508 -0.2280288270076116 -0.011264788647723753 -0.043460009566573213 -0.029508133378231306 -0.30951800999670859 0.098253097873467671 -0.21380854909861038 -0.12205995830892796 -0.11507717998637712 0.24027885312721381 -0.30751546935474172 0.080133914068907131 0.014482894060570142 0.24742061250101438 0.048037778957260462 -0.18668267949843648 -0.010180197751522067 0.32442761279277088 -0.14650616578962289 -0.13081215391695039 0.07908917658779907 0.1474200768183779 0.059814216266096912 -0.064947382588312966 0.29752941020045964 0.04564409630103753 -0.35543515193462377 -0.054469970247367536
leaf_weight=4372 1653 696 61 69 181 81 54 94 5223 172 61 31 26 48 39 240 55 47 20 136 94 26 41 89 65 6214 47 23 39 48 42 1040 36 117 52 21 21 238 40 45 46 64 21 30 25 39 21 27 1219 49 52 26 25 64 96 40 117 50 24 32 20 20
leaf_count=4372 1653 696 61 69 181 81 54 94 5223 172 61 31 26 48 39 240 55 47 20 136 94 26 41 89 65 6214 47 23 39 48 42 1040 36 117 52 21 21 238 40 45 46 64 21 30 25 39 21 27 1219 49 52 26 25 64 96 40 117 50 24 32 20 20
internal_value=2.15438e-05 0.00367183 0.0127627 0.0343498 0.00609412 -0.0233385 -0.0969119 -0.00383105 -0.00938341 0.0177406 0.000346731 0.017318 0.0274954 0.0379984 -0.0158246 0.0426975 -0.00609044 0.0830527 -0.173042 0.0321085 0.144798 0.0919531 -0.0402506 -0.111109 0.022424 0.00796082 -0.0159891 0.0611852 0.0371055 -0.0360697 -0.0171627 -0.0403262 -0.047587 0.00992133 -0.107705 -0.0300786 0.133288 -0.0352538 -0.0759507 -0.132396 -0.0858164 -0.0310397 0.0934694 0.0899316 -0.173921 0.179497 0.033657 0.037973 0.0333199 -0.0239741 0.0788189 0.187626 -0.0587867 -0.0244808 0.0320387 0.0377598 0.020611 0.0576386 0.101209 -0.102195 -0.160565 0.133091
internal_weight=23804 19385 8765 2068 6697 415 155 10620 8412 1614 1275 2208 1909 1653 6798 533 272 339 101 211 167 120 256 120 136 6584 4419 370 308 127 6738 1515 299 153 146 742 60 1473 433 195 155 109 261 95 46 62 1627 1579 1532 313 79 47 234 185 121 79 260 191 141 113 81 75
internal_count=23804 19385 8765 2068 6697 415 155 10620 8412 1614 1275 2208 1909 1653 6798 533 272 339 101 211 167 120 256 120 136 6584 4419 370 308 127 6738 1515 299 153 146 742 60 1473 433 195 155 109 261 95 46 62 1627 1579 1532 313 79 47 234 185 121 79 260 191 141 113 81 75
is_linear=0
shrinkage=0.035


Tree=91
num_leaves=63
num_cat=0
split_feature=63 73 35 18 30 25 30 21 19 24 46 23 6 51 47 5 40 43 6 6 15 20 81 17 38 12 65 51 18 19 41 34 12 43 21 20 17 27 56 75 27 13 54 69 15 54 63 15 69 25 54 29 49 28 51 51 21 38 81 43 37 20
split_gain=1165.82 1063.37 901.019 1056.71 1026.72 1088.3 986.784 1505.84 1756.03 1112.66 907.914 1128.23 1037.97 1013.59 978.21 949.937 1051.7 944.492 970.711 1124.71 1034.19 931.643 918.009 897.799 889.686 884.092 878.108 867.468 867.286 867.213 854.024 974.311 919.847 845.818 839.454 1040.65 1294.38 839.346 809.204 804.104 872.84 821.484 907.741 1488.05 1357.97 951.395 857.737 1132.07 840.557 1015.9 936 823.274 1046.24 874.835 834.397 1501.9 1142.82 1137.47 966.517 961.695 1024.65 1030.2
threshold=89.793700366153772 74.409773648566031 19.059714795008919 9.8038461538461572 18.507575757575761 54.017241379310356 13.729020979020982 13.540064102564104 6.8198051948051956 19.585714285714293 0.48074074074074075 71.822478991596654 22.716517857142861 78.566153846153867 0.69064582478106196 8.1606451612903239 13.792385057471265 14.574175824175827 26.942810457516341 24.418010752688176 8.1348484848484865 2.7290209790209796 1.059128730539977 32.546920821114377 23.25403225806452 11.467708333333336 0.24530402673069154 75.092666666666688 10.224747474747476 5.6381818181818195 7.0151515151515165 15.12701612903226 11.33854166666667 12.591750841750843 9.4629120879120894 3.9154761904761908 31.644009216589865 6.6614583333333348 100.95152099680955 127.61621151001395 11.315340909090912 22.014705882352946 109.73935603124083 -9.5528321822622484 9.1690476190476193 109.34733530927583 108.64518021798402 10.795833333333336 0.30747482141450183 60.338541666666679 117.39212099434882 0.31934313725490199 0.15987468332778512 20.957427536231886 67.469328063241122 67.215119047619055 10.67204301075269 22.288018433179726 0.86351618118738405 11.113247863247866 10.232051282051282 2.1132478632478637
decision_type=2 2 2 2 2 2 2 2 2 2 2 2 2 2 2 2 2 2 2 2 2 2 2 2 2 2 2 2 2 2 2 2 2 2 2 2 2 2 2 2 2 2 2 2 2 2 2 2 2 2 2 2 2 2 2 2 2 2 2 2 2 2
left_child=-1 2 3 4 5 -2 7 8 -4 -8 11 12 22 14 15 21 -17 23 19 20 -19 27 28 26 -18 -23 -14 29 37 -13 -30 32 -32 -7 35 36 -12 -11 -31 -5 41 42 45 -44 -45 51 -43 -48 49 -46 -50 52 -41 -54 55 56 57 -53 -56 60 61 -60
right_child=1 -3 6 39 -6 33 9 -9 -10 10 34 13 17 -15 -16 16 24 18 -20 -21 -22 25 -24 -25 -26 -27 -28 -29 30 38 31 -33 -34 -35 -36 -37 -38 -39 -40 40 -42 46 43 44 48 -47 47 -49 50 -51 -52 54 53 -55 58 -57 -58 -59 59 -61 -62 -63
leaf_value=-0.038169557198428579 -0.09449336825374148 0.012471031555514331 0.36832096774419149 -0.061959067196085064 -0.036437122728155275 0.19418492124367645 -0.1872497124069511 -0.073266344796527536 0.039987206676910671 -0.22514023322529264 0.13977393886042233 0.14024851088692897 -0.14705110403365559 -0.10275445142875499 -0.081355338797710924 -0.028619866809508673 0.26367612654415534 0.37150637918565332 0.25557050947005722 -0.042552269746303564 0.068198869124226194 0.2900498439877221 0.093425831387846769 0.061264956255188484 0.030143577468572279 0.11958467434642575 0.029060184882862588 0.17504705132403797 -0.038382411173037215 -0.13723696079530009 0.30666480059740026 -0.13807692553563553 0.052057604201898935 0.056647691613913712 -0.0081485452761386606 0.22300140658877363 -0.15430310920814974 0.037989604511926345 0.10885986178186206 0.019437838145701186 0.087490121823073919 -0.051253818921336798 -0.21017647763911415 0.0014579252013416024 0.1217649693286306 0.13842108747648157 -0.010119620483263401 0.25073580168946735 -0.19287726118678375 -0.10643755392373101 0.014761916310890863 -0.073300434395984618 -0.14364288763815913 4.2016010932407922e-06 -0.14034465047502517 -0.14949907575989632 -0.038021142054052104 0.13570226145980832 0.21787819958078691 -0.0076773878490082898 0.27398797668729513 0.014222678732442777
leaf_weight=940 35 7429 37 384 123 94 36 38 43 49 40 33 67 45 50 163 33 20 43 62 43 44 82 184 50 245 71 42 560 60 20 27 117 132 3218 43 33 21 22 2162 110 949 59 563 39 57 88 26 120 60 34 47 91 120 62 131 976 97 34 2918 24 259
leaf_count=940 35 7429 37 384 123 94 36 38 43 49 40 33 67 45 50 163 33 20 43 62 43 44 82 184 50 245 71 42 560 60 20 27 117 132 3218 43 33 21 22 2162 110 949 59 563 39 57 88 26 120 60 34 47 91 120 62 131 976 97 34 2918 24 259
internal_value=2.04826e-05 0.00159153 -0.00364488 -0.0100625 0.0468096 0.0860489 0.00749687 0.107432 0.19323 0.00535157 0.0066328 0.024347 0.00510719 0.0577129 0.0675121 0.0783244 0.0230266 0.0458768 0.11302 0.0631316 0.166709 0.108757 -0.0177069 0.0107139 0.124059 0.146006 -0.05664 0.0399228 -0.0292401 -0.00994081 -0.0178103 0.0523178 0.090232 0.114171 -0.00480742 0.0874871 0.00664205 -0.146442 -0.070909 -0.0123861 -0.0102734 -0.0114848 -0.00757416 -0.0411681 -0.0288226 -0.00335854 -0.0403541 0.0501783 -0.0960895 -0.0163443 -0.147113 -0.00453663 0.0121725 -0.0621244 -0.0132561 -0.0375878 -0.0244341 0.0674443 -0.00401841 -0.0013833 0.0564639 0.0381979
internal_weight=23804 22864 15435 9794 384 261 5641 118 80 5523 5487 2153 1366 787 742 692 246 490 168 125 63 446 876 322 83 289 138 157 794 115 724 164 137 226 3334 116 73 70 82 9410 9026 8916 7853 875 816 6978 1063 114 253 99 154 6921 2373 211 4548 1251 1120 144 3297 3235 317 293
internal_count=23804 22864 15435 9794 384 261 5641 118 80 5523 5487 2153 1366 787 742 692 246 490 168 125 63 446 876 322 83 289 138 157 794 115 724 164 137 226 3334 116 73 70 82 9410 9026 8916 7853 875 816 6978 1063 114 253 99 154 6921 2373 211 4548 1251 1120 144 3297 3235 317 293
is_linear=0
shrinkage=0.035


Tree=92
num_leaves=63
num_cat=0
split_feature=63 58 59 57 80 39 0 28 69 15 71 22 17 52 51 22 53 67 68 44 31 35 26 67 71 36 0 64 6 32 73 48 33 13 13 32 7 10 35 56 47 8 39 11 27 29 42 46 17 24 19 49 67 81 12 28 72 65 34 5 40 6
split_gain=1085.77 1000.46 1406.56 1304.32 1243.09 1255.85 1038.86 991.287 1182.31 1558.62 974.407 1003.38 1103.77 1186.58 1000.12 973.951 959.146 951.278 944.855 929.31 928.083 900.116 885.065 882.364 861.437 925.678 1167.14 908.595 842.166 833.598 829.295 818.357 817.288 794.348 794.44 1228.83 872.645 870.083 1335.23 866.449 934.176 1162.6 1051.73 1289.48 853.715 917.78 1004.6 844.459 841.531 1233.41 831.442 791.801 903.682 787.752 787.16 781.838 980.997 944.639 876.223 1283.6 1093.22 951.096
threshold=89.793700366153772 1.0000000180025095e-35 1.0000000180025095e-35 1.0000000180025095e-35 3.9356919732526525 37.169540229885065 30.500000000000004 27.38675213675214 -7.958521362803892 7.9636243386243395 73.053638888888898 15.701851851851854 30.728501228501234 -7.7536666666666667 65.890839160839178 22.508620689655178 99.305768502971048 101.25888394363302 22.766312128372558 14.119429590017825 40.211323763955349 21.83666666666667 0.44378940886699514 92.297078552662867 71.053188405797115 0.66458578431372561 1.5000000000000002 333.50000000000006 15.574175824175827 0.44252857142857149 76.026845903327484 0.7778140262515264 0.52073798627002299 13.983870967741938 19.508064516129036 0.57054006410256419 0.4009188311688312 0.58782105263157913 17.483314794215797 115.81783663853248 0.47193313497916345 14.980769230769232 34.338541666666679 0.52685960591133019 9.1277173913043494 0.36392450142450145 3.9861111111111116 0.37268518518518517 38.379807692307701 28.33908045977012 7.5571895424836608 -0.23547449906638307 101.74170459333151 1.0336161906110317 12.883484162895931 22.33908045977012 77.188757900204124 0.69000825713827518 12.157072368421053 7.131884057971015 12.33809523809524 24.844129554655876
decision_type=2 2 2 2 2 2 2 2 2 2 2 2 2 2 2 2 2 2 2 2 2 2 2 2 2 2 2 2 2 2 2 2 2 2 2 2 2 2 2 2 2 2 2 2 2 2 2 2 2 2 2 2 2 2 2 2 2 2 2 2 2 2
left_child=-1 3 4 29 6 -6 7 24 -9 22 11 12 13 -4 -13 18 -14 20 51 -5 30 -8 32 -15 25 -3 -27 28 -28 -2 -7 53 -10 -26 36 47 37 39 -39 40 42 -42 -35 -44 45 -43 -47 -36 49 -37 -40 52 -16 -30 -24 57 -57 58 59 -25 -60 -61
right_child=1 2 10 19 5 17 21 8 9 -11 -12 14 16 23 15 -17 -18 -19 -20 -21 -22 -23 54 55 33 26 27 -29 31 -31 -32 -33 -34 34 35 48 -38 38 50 -41 41 44 43 -45 -46 46 -48 -49 -50 -51 -52 -53 -54 -55 -56 56 -58 -59 60 61 -62 -63
leaf_value=-0.036834333258105673 -0.060600959232538061 -0.073538782117434018 -0.17724193781589467 -0.063238511100796452 0.0018323313140018672 0.031059574389629228 0.030526756518712925 -0.083766128380584171 0.10807023787205258 0.0028487714286310902 0.033905101602846766 -0.049178891993740273 0.10830758777866931 0.21691108625711397 0.25845312962267136 -0.14840515462831363 0.027767645396448427 0.23617602825912046 -0.092900021820500792 0.016634537207306045 -0.031267995190551998 0.25990532494458285 0.32169066496322185 -0.27619361434120737 -0.08524425535804192 0.12654543990024136 -0.15091124507409381 -0.11454119445707514 -0.02061201503968162 0.09005932102849383 0.20814925447675756 0.12062993812683932 -0.14058498434613395 -0.10816743159521536 0.00025508419621534864 0.32852437530823475 -0.100273048281347 -0.062696660002072663 0.11010735676718542 -0.11099557606887449 -0.14825351825627414 0.045682278968258341 0.15510615706400385 -0.16263768679300944 -0.072399739012237674 0.091022500066366877 0.36509047059683092 -0.052463766768486797 -0.076114008215111773 0.05525979757070542 0.39101938589836688 0.0019454603841735135 0.019724119815143569 -0.14424799585296907 0.091261391540800332 0.010282792908881642 0.25291955553227002 -0.20778811607231579 -0.071581852948665634 0.089810741343717471 0.14937717742531198 -0.17031207784016927
leaf_weight=940 50 719 52 193 1592 69 89 119 77 463 1427 537 206 21 31 53 1484 42 127 2292 90 27 40 33 173 58 63 151 1769 420 61 48 20 124 602 26 76 28 30 64 38 577 51 22 64 56 23 974 35 87 23 6754 51 65 34 221 22 41 52 43 57 28
leaf_count=940 50 719 52 193 1592 69 89 119 77 463 1427 537 206 21 31 53 1484 42 127 2292 90 27 40 33 173 58 63 151 1769 420 61 48 20 124 602 26 76 28 30 64 38 577 51 22 64 56 23 974 35 87 23 6754 51 65 34 221 22 41 52 43 57 28
internal_value=2.12634e-05 0.00153742 -0.00128322 0.0205394 -0.0118761 0.0135306 -0.0187889 -0.0205899 0.017232 0.0362456 0.0068865 0.00295559 0.023413 -0.0186879 -0.00316633 0.000358191 0.0376161 0.0844611 0.0015016 0.0104182 0.0550116 0.084833 0.126379 -0.00260899 -0.0253813 -0.0391584 -0.0276663 -0.0319645 -0.025524 0.0739768 0.114661 -0.0212859 0.0563072 -0.0124954 -0.00814041 -0.0232683 0.0140344 0.0219771 0.132029 0.0131652 0.0215433 0.039191 -0.0462695 0.0588452 0.0491848 0.0610981 0.172653 -0.0323303 0.0729904 0.119336 0.234593 0.00326259 0.111037 -0.0250339 0.217188 -0.0121002 0.0327385 -0.0549909 -0.0251451 -0.097604 0.044088 -0.0131976
internal_weight=23804 22864 19909 2955 8669 1854 6815 6699 753 634 11240 9813 2260 570 7553 7016 1690 262 6963 2485 220 116 171 518 5946 2873 2154 2096 1945 470 130 1882 97 3073 2900 1724 1176 1100 81 1019 955 758 197 73 720 656 79 1576 148 113 53 6836 82 1834 74 497 243 254 213 104 109 71
internal_count=23804 22864 19909 2955 8669 1854 6815 6699 753 634 11240 9813 2260 570 7553 7016 1690 262 6963 2485 220 116 171 518 5946 2873 2154 2096 1945 470 130 1882 97 3073 2900 1724 1176 1100 81 1019 955 758 197 73 720 656 79 1576 148 113 53 6836 82 1834 74 497 243 254 213 104 109 71
is_linear=0
shrinkage=0.035


Tree=93
num_leaves=63
num_cat=0
split_feature=82 71 80 44 10 50 21 34 4 10 4 39 20 63 24 60 11 54 23 1 23 39 32 70 15 27 46 3 49 31 4 63 28 51 42 71 54 27 38 22 0 81 10 27 39 31 31 56 15 12 73 27 70 19 51 49 62 61 21 33 32 45
split_gain=1038.62 994.278 935.178 908.223 1363.51 1267.93 1383.34 1088.78 1043.44 1024.85 1489.07 1633.08 1616.06 1174.92 1149.91 1092.31 1059.49 1037.86 1031.02 1190.58 953.689 1032.13 952.143 917.558 1175.93 1122.58 1102.45 1087.92 1026.32 986.661 967.606 1220.81 1018.62 915.848 1181.44 886.111 868.384 845.341 1207.43 990.159 934.628 1142.45 1160.56 964.533 955.698 843.54 1112.86 1027.51 987.606 926.977 997.836 1160.21 990.799 959.089 836.716 1013.9 905.758 940.476 822.85 818.119 812.752 809.402
threshold=187.50000000000003 69.341584033613472 -7.9955141425764458 18.859605911330053 0.59652777777777788 77.856666666666683 17.514705882352946 6.9198717948717965 0.39852332657200823 0.54984900284900295 0.45922401433691756 39.207142857142863 6.2041666666666675 111.40759005220652 31.720779220779225 27.500000000000004 0.54050925925925941 129.63226047470971 79.672619047619065 71.525062656641623 83.30217391304349 35.671568627450988 0.59403125000000012 -3.5148777502631883 9.6726190476190492 9.7165178571428594 0.73205128205128212 65.224747474747502 -0.032521128594905739 30.78679653679654 0.43701666666666666 90.232174248364018 23.754310344827591 72.174415584415598 3.8198051948051952 74.50557189542485 97.83949148112373 9.8393548387096796 26.254629629629633 19.013888888888893 6.5000000000000009 0.94347125827174394 0.46083771929824568 6.232051282051283 32.905505952380956 30.675438596491233 34.206389452332665 106.29486960435092 12.513157894736844 19.020000000000003 71.775570592989922 5.3021739130434788 -6.6443131331755927 7.8248081841432233 73.083246753246769 -0.10989512000541408 97.965400263567759 0.36083826905807104 12.83935483870968 0.48402777777777789 0.47189898989898987 0.12771739130434781
decision_type=2 2 2 2 2 2 2 2 2 2 2 2 2 2 2 2 2 2 2 2 2 2 2 2 2 2 2 2 2 2 2 2 2 2 2 2 2 2 2 2 2 2 2 2 2 2 2 2 2 2 2 2 2 2 2 2 2 2 2 2 2 2
left_child=1 2 -1 9 5 7 -7 -5 20 10 11 16 13 -12 18 -13 17 45 19 -11 21 -9 -21 25 -25 30 29 -28 -27 -26 31 -10 36 -17 -35 -31 -33 39 -39 -4 43 -42 -43 -41 -45 48 58 61 -3 50 52 -52 -49 -53 55 -54 -57 -58 -47 -59 -38 -48
right_child=-2 3 37 4 -6 6 -8 8 23 14 12 15 -14 -15 -16 33 -18 -19 -20 22 -22 -23 -24 24 26 28 27 -29 -30 35 -32 32 -34 34 -36 -37 60 38 -40 40 41 42 -44 44 -46 46 47 49 -50 -51 51 53 54 -55 -56 56 57 59 -60 -61 -62 -63
leaf_value=-0.04476098482526749 0.042964717214915904 0.077939776515604242 -0.0056317025816724643 -0.20276778278048613 -0.091552343940279293 0.098139561910141837 -0.16464056456414139 -0.072646009071079237 -0.20806869651221518 0.17780087791806717 -0.01183837628573426 -0.24366531022028493 -0.17502061873376371 -0.17391748855098157 0.13743240177388355 -0.15431303127076892 0.14050602572184545 0.18524791564918539 -0.028847476206913001 0.026146424209418966 -0.25816644014810264 0.094260654927414173 0.22688130925980921 0.024865374557831454 -0.19726461123319775 0.24586329265352758 -0.1674432543527567 0.096736060727942511 0.0081524888958806312 -0.019881398810652012 -0.07382163011689305 -0.041219837853501994 -0.06089679822817589 -0.11186691104990759 0.066175555032988401 0.07297465534148545 0.26868875202048909 0.028799628367324928 0.27777675708003768 -0.095009207430093209 0.11570412120923623 -0.2204355654152024 -0.066221179899754817 0.0083978874097790646 0.3150255064805349 -0.045225649279051559 0.082936562278717318 0.24265088329664092 -0.15665239475889411 -0.11726756357859419 -0.13008908433283753 0.11603383100754242 0.15052611031774246 0.033217014414902622 -0.22464625955064127 -0.15921120613374209 0.11190432896532569 0.043713445084334841 0.0061035045846508425 -0.10546578708028546 0.062797643877990972 0.0047420914584051684
leaf_weight=943 670 347 5164 35 235 230 27 300 33 69 1819 38 82 56 116 67 80 42 366 1589 28 53 29 1791 32 31 104 23 76 597 524 86 154 75 115 159 27 242 26 34 33 75 292 28 22 699 169 20 23 41 32 441 50 281 20 47 74 84 844 96 166 3753
leaf_count=943 670 347 5164 35 235 230 27 300 33 69 1819 38 82 56 116 67 80 42 366 1589 28 53 29 1791 32 31 104 23 76 597 524 86 154 75 115 159 27 242 26 34 33 75 292 28 22 699 169 20 23 41 32 441 50 281 20 47 74 84 844 96 166 3753
internal_value=2.14688e-05 -0.00122299 -0.0123996 0.00348736 -0.00946554 -0.00514527 0.0702526 -0.00974674 -0.00810721 0.00876466 0.00375714 0.0109049 -0.0234036 -0.0167261 0.0304472 -0.0697239 0.01424 0.0127994 0.0243685 0.0359211 -0.0632894 -0.0474786 0.0298154 -0.00257031 0.00837521 -0.0295647 -0.0238944 -0.119381 0.0778778 -0.00843472 -0.0412141 -0.0045008 0.0112276 -0.0435682 -0.00419515 -0.000312199 0.0510885 -0.00723736 0.0534395 -0.0101216 -0.0579637 -0.0802409 -0.0980029 0.0479242 0.145167 0.0117542 0.00888967 0.0167585 0.0631558 0.0452982 0.0511711 0.0746874 0.0057761 0.0838519 -0.00729341 0.00538335 -0.0189248 0.00728177 -0.0171542 -0.0359012 0.092239 0.00812255
internal_weight=23804 23134 6859 16275 4711 4476 257 4219 4184 11564 9395 7438 1957 1875 2169 295 7143 7063 2053 1687 381 353 1618 3803 2706 1097 915 127 107 788 990 466 433 257 190 756 279 5916 268 5648 484 400 367 84 50 7021 6651 5108 370 1186 1145 754 391 722 371 351 301 254 1543 180 193 3922
internal_count=23804 23134 6859 16275 4711 4476 257 4219 4184 11564 9395 7438 1957 1875 2169 295 7143 7063 2053 1687 381 353 1618 3803 2706 1097 915 127 107 788 990 466 433 257 190 756 279 5916 268 5648 484 400 367 84 50 7021 6651 5108 370 1186 1145 754 391 722 371 351 301 254 1543 180 193 3922
is_linear=0
shrinkage=0.035


Tree=94
num_leaves=63
num_cat=0
split_feature=58 57 28 30 30 71 13 48 60 81 48 45 82 76 15 29 17 82 38 27 16 81 53 40 40 51 49 16 12 68 68 51 15 36 71 34 77 62 44 29 48 10 66 25 56 19 9 33 22 15 5 40 33 70 73 9 49 41 10 5 76 16
split_gain=978.878 1250.73 1049.53 1011.15 1032.21 1373.08 948.794 1127.86 1003.54 932.043 1058.05 1176.34 916.392 892.719 1026.08 850.15 829.608 815.736 811.718 1354.67 1296.57 1157.33 1052.09 985.222 915.912 1050.08 1018.41 915.407 908.765 839.344 862.671 819.25 794.926 1375.73 934.512 1038.88 900.914 883.49 863.497 1072.85 1046.43 1278.72 1248.68 1175.52 1293.24 1024.95 1175.61 1125.28 1007.2 1100.69 1013.13 959.481 892.393 884.646 843.61 841.301 839.505 797.292 828.182 891.27 1150.09 795.746
threshold=1.0000000180025095e-35 1.0000000180025095e-35 17.848076923076928 20.672619047619051 20.61721611721612 72.147196637426916 22.014705882352946 0.8597950268817206 330.50000000000006 1.0529578874432912 0.47537621109049683 0.14550264550264549 138.50000000000003 -0.17668203363966548 6.4791304347826104 0.34925833333333339 33.816498316498325 -144.49999999999997 26.859605911330053 7.8768939393939403 24.906926406926413 0.89236918045650238 115.50763009622206 19.303846153846155 16.302173913043482 72.011287878787897 0.053230695840956757 23.868115942028989 9.9110671936758905 0.42896476249099891 9.6139765562092965 76.947333333333347 13.511904761904765 0.75515476190476194 76.152190476190498 17.113247863247867 3.2147294831508004 98.283377512486354 18.753787878787886 0.32175961538461539 0.44995275718537758 0.57067543859649128 106.30507781990902 60.50714285714286 96.899040631286638 7.9534632034632038 42.366028708133982 0.47317156862745108 18.859605911330053 9.7379862700228852 4.9321839080459782 14.288018433179726 0.46139120370370373 -4.6966917464356106 77.365090584618414 39.61803713527852 -0.0030245212589258999 6.1449579831932786 0.5793452380952383 8.6273148148148167 0.11402612701884154 25.10172413793104
decision_type=2 2 2 2 2 2 2 2 2 2 2 2 2 2 2 2 2 2 2 2 2 2 2 2 2 2 2 2 2 2 2 2 2 2 2 2 2 2 2 2 2 2 2 2 2 2 2 2 2 2 2 2 2 2 2 2 2 2 2 2 2 2
left_child=1 17 9 4 6 -6 18 8 12 -2 -11 -12 13 16 15 -15 -8 -1 23 29 21 -21 31 24 32 26 28 -28 -26 -20 -31 -22 34 -34 38 36 37 -36 39 54 -40 42 48 44 -44 46 -41 52 49 61 -50 -46 -47 -52 57 -43 -51 58 59 -4 -61 -42
right_child=2 -3 3 -5 5 -7 7 -9 -10 10 11 -13 -14 14 -16 -17 -18 -19 19 20 22 -23 -24 -25 25 -27 27 -29 -30 30 -32 -33 33 -35 35 -37 -38 -39 40 45 41 55 43 -45 51 47 -48 -49 50 56 53 -53 -54 -55 -56 -57 -58 -59 -60 60 -62 -63
leaf_value=-0.11166790474715987 -0.035426318048761007 0.0088263897143233804 0.070518007128096027 0.020685090433643957 -0.24321633977937226 0.022357549576805188 -0.017331103238829956 -0.20397326105186742 0.15735368806750263 -0.086489125888084065 0.27026137202761391 0.031033037097681283 -0.16081319569741256 0.010230144248213821 -0.030771735266909881 0.2564204204169187 0.13269868887424469 0.081565901705372965 0.045684604572613835 -0.23700503132401446 0.069307369982959416 0.032387815677293014 0.3178574234853711 0.20777748638987545 0.22503812092430192 -0.10120999631731134 0.048127166395668289 -0.1597107598313495 0.0089695844735740247 -0.14223065809838809 -0.0060852600893884336 0.25768321885099782 -0.17048279529895066 0.1417119617833032 0.080344598566338937 -0.11694933070881029 -0.030568009896356555 0.3054794587443857 -0.075945431168642094 0.0005353006133873362 0.024538466501030309 -0.16132864458602053 0.13871298431467127 -0.21605407570060503 -0.041459661039051104 -0.003053110207961156 0.096673941944014991 -0.045343990708807846 -0.21219580680070677 -0.086814716397448727 -0.094224979985051055 -0.29059934872959525 0.2808359648800911 0.0089468719586377945 0.13819555171958861 0.075934926798608582 0.027032002023073164 0.0048999749496851349 -0.12238553074218227 -0.12329215468111492 0.051567169268988834 0.10043309070081763
leaf_weight=28 1889 2620 714 2514 50 45 93 41 38 86 27 302 57 46 1942 27 87 453 131 20 226 415 28 27 26 237 38 80 239 100 132 32 75 22 44 24 30 42 332 5338 792 101 40 58 99 32 160 900 36 170 143 23 23 350 77 22 148 1488 34 73 123 215
leaf_count=28 1889 2620 714 2514 50 45 93 41 38 86 27 302 57 46 1942 27 87 453 131 20 226 415 28 27 26 237 38 80 239 100 132 32 75 22 44 24 30 42 332 5338 792 101 40 58 99 32 160 900 36 170 143 23 23 350 77 22 148 1488 34 73 123 215
internal_value=2.05431e-05 0.0183579 -0.00272633 6.2394e-05 -0.00320173 -0.117923 -0.00250758 -0.0231208 -0.0198375 -0.0249929 0.022475 0.0510567 -0.0228632 -0.0192435 -0.025919 0.102459 0.0553306 0.0702058 0.00106294 0.0300976 0.0578479 0.019736 0.115668 -0.0014812 -0.00194744 -0.0433883 -0.00751394 -0.0928297 0.0305658 -0.025015 -0.0649633 0.0931386 0.000244784 -0.0992762 0.0010793 0.0907981 0.134128 0.191465 -1.73823e-05 0.00507918 -0.0180769 -0.00931516 -0.00279766 -0.0815379 -0.0328397 -0.00247168 0.00334225 -0.0359308 0.00656342 0.0228638 -0.0342409 -0.0894516 0.117062 -0.0210373 0.0244976 -0.118727 -0.0338592 0.0208687 0.04602 0.0523797 -0.0136892 0.0407877
internal_weight=23804 3101 20703 18399 15885 95 15790 2331 2290 2304 415 329 2252 2195 2015 73 180 481 13459 1084 721 435 286 12375 12348 620 383 118 265 363 232 258 11728 97 11631 140 116 86 11491 8962 2529 2197 2074 220 162 6453 5498 955 1854 1325 529 122 55 493 2509 123 318 2432 944 910 196 1007
internal_count=23804 3101 20703 18399 15885 95 15790 2331 2290 2304 415 329 2252 2195 2015 73 180 481 13459 1084 721 435 286 12375 12348 620 383 118 265 363 232 258 11728 97 11631 140 116 86 11491 8962 2529 2197 2074 220 162 6453 5498 955 1854 1325 529 122 55 493 2509 123 318 2432 944 910 196 1007
is_linear=0
shrinkage=0.035


Tree=95
num_leaves=63
num_cat=0
split_feature=50 9 58 0 28 63 15 8 60 75 52 3 4 42 32 19 60 72 30 11 52 52 8 43 81 49 63 71 17 22 43 25 41 52 52 22 42 36 70 5 63 38 32 76 35 70 32 37 13 45 35 18 14 18 42 76 32 81 56 49 5 67
split_gain=997.145 1047.92 1050.91 1145.69 1141.96 1181.69 1090.45 1083.9 1037.12 1156.88 1030.98 1009.36 1115.3 974.11 936.589 911.205 1198.67 908.009 1284.47 1060.65 1014.96 1224.93 905.898 905.801 865.467 914.041 863.869 862.416 860.904 853.665 839.011 825.099 885.197 924.074 822.363 1065.62 819.895 811.263 1083.65 1144 1260.38 1056.7 957.937 879.358 1028.42 936.749 824.646 869.84 842.409 803.794 1069.39 1026.24 823.283 984.571 988.572 857.673 908.102 802.247 792.98 783.754 778.259 778.034
threshold=67.770602006688975 28.510869565217394 1.0000000180025095e-35 25.500000000000004 17.773460410557188 114.16942425210051 8.0151515151515174 17.015625000000004 334.50000000000006 140.87926528656871 -2.7436666666666691 59.102631578947374 0.5209090909090911 1.7537878787878791 0.46328888888888892 5.8596059113300498 23.500000000000004 75.980528263477268 21.30901856763926 0.49819523809523814 -3.1968610986714405 -4.4214347826086984 20.260064412238329 17.755952380952383 0.92171447461422218 -0.24723875661375647 98.868253794201777 72.243484848484869 32.232051282051295 13.890873015873018 13.627314814814817 56.945906432748544 4.8441295546558711 -4.5765555555555499 1.9344047619047517 17.385856079404469 3.7537878787878793 0.72481534090909105 7.9492561461615958 7.7867965367965377 109.95673420972601 25.723180076628356 0.63091666666666679 -0.194886189750856 17.236694677871153 -10.252138143950594 0.46737980769230775 7.7543103448275872 17.264912280701758 0.46547619047619054 23.224747474747478 14.302173913043481 0.71788562091503283 13.014705882352944 4.0784615384615392 -0.14828474674596351 0.4742277777777778 0.97339474577475638 103.65746661123461 -0.078123920269974584 8.7165178571428594 90.766629354396017
decision_type=2 2 2 2 2 2 2 2 2 2 2 2 2 2 2 2 2 2 2 2 2 2 2 2 2 2 2 2 2 2 2 2 2 2 2 2 2 2 2 2 2 2 2 2 2 2 2 2 2 2 2 2 2 2 2 2 2 2 2 2 2 2
left_child=-1 24 23 4 5 -4 13 -7 17 36 31 14 -13 28 26 22 57 29 19 27 21 -21 -16 -3 -2 -26 -12 -19 34 -5 -24 -8 33 -33 -6 -36 -10 42 43 -40 41 -41 -15 44 -39 -46 47 -45 -49 51 -51 52 53 54 -31 -54 -57 58 -17 -27 -61 -34
right_child=1 2 3 8 6 7 10 -9 9 -11 11 12 -14 37 15 16 -18 18 -20 20 -22 -23 30 -25 25 59 -28 -29 -30 49 -32 32 61 -35 35 -37 -38 38 39 40 -42 -43 -44 46 45 -47 -48 48 -50 50 -52 -53 55 -55 -56 56 -58 -59 -60 60 -62 -63
leaf_value=-0.014928261387497999 -0.10264512529210613 0.026606696379692013 -0.037420809361090678 0.17757554412711027 0.1055324350019981 -0.032644258941819028 0.12601491600825734 0.32444405468120135 0.12652705879939483 0.35562564557097681 -0.1738995668236262 -0.0013806783481212302 -0.111521145446734 -0.0036262038599165413 0.032055586048015644 -0.08201111908075287 -0.047819516119896599 0.076391914754090004 0.22517903075305765 0.029523219514868144 0.041165792958814978 -0.25936459807982815 -0.15501347029209137 -0.13830301785361337 0.32881115926184312 -0.080389027608222668 -0.050436184048134616 0.35532728657888818 0.1726704537398436 -0.016083987657620629 0.10296889700249928 -0.28056878922967354 -0.098272816935674759 -0.0017174492305603581 -0.23678841117450172 0.033283744200279838 -0.11479488293064967 0.16657603353355568 0.26464886640592628 0.038131205497817559 -0.16312375412668503 0.33302705144882205 0.22088531188254665 -0.054019956297437909 0.18284587855501611 -0.0087355308215449883 -0.014987099524663573 0.00494197924984129 0.24815854292274803 -0.028079210265491338 0.22170993729108993 0.12356678687081588 -0.020902158442159629 -0.10488738563938979 0.15619390986151627 -0.027999924624552492 0.19910686820567838 -0.073395796758087384 0.1628292914730198 -0.072504818251397873 0.15368736723078621 0.021503908652859227
leaf_weight=4445 27 2439 1532 33 101 20 80 21 74 21 97 4528 115 2492 495 20 1342 38 48 40 460 32 63 41 20 30 244 21 82 212 20 25 69 34 24 66 22 95 47 49 24 21 23 35 38 166 623 28 46 897 21 114 74 117 50 30 75 39 79 22 112 1506
leaf_count=4445 27 2439 1532 33 101 20 80 21 74 21 97 4528 115 2492 495 20 1342 38 48 40 460 32 63 41 20 30 244 21 82 212 20 25 69 34 24 66 22 95 47 49 24 21 23 35 38 166 623 28 46 897 21 114 74 117 50 30 75 39 79 22 112 1506
internal_value=2.01665e-05 0.00345294 0.00259687 -0.000565997 -0.00431058 -0.0324379 -0.000829747 0.151876 0.0219198 0.123313 -0.00772265 -0.013648 -0.00412116 0.0144094 -0.03208 -0.0231635 -0.0377147 0.0166477 0.0519711 0.037719 0.0220154 -0.0997263 0.01409 0.0238516 0.0809338 0.108096 -0.0857697 0.177884 0.0781441 0.00272645 -0.0925628 0.0166166 0.0112214 -0.121298 0.0371989 -0.0396072 0.0708796 0.00967933 0.0337228 0.124561 0.0534502 0.128384 -0.00152813 0.021242 0.0717633 0.0272939 0.000565944 0.0891553 0.156828 -0.000954978 -0.0222437 0.0281166 0.00851663 -0.0206965 0.017015 0.070275 0.134361 0.0603434 0.113168 0.0802408 0.116394 0.0162248
internal_weight=23804 19359 19148 16668 14289 1573 12716 41 2379 117 8756 7042 4643 3960 2399 2058 1480 2262 639 591 532 72 578 2480 211 184 341 59 273 1623 83 1714 1634 59 191 90 96 3687 1172 141 94 70 2515 1031 299 204 732 109 74 1590 918 672 558 379 262 179 105 138 99 164 134 1575
internal_count=23804 19359 19148 16668 14289 1573 12716 41 2379 117 8756 7042 4643 3960 2399 2058 1480 2262 639 591 532 72 578 2480 211 184 341 59 273 1623 83 1714 1634 59 191 90 96 3687 1172 141 94 70 2515 1031 299 204 732 109 74 1590 918 672 558 379 262 179 105 138 99 164 134 1575
is_linear=0
shrinkage=0.035


Tree=96
num_leaves=63
num_cat=0
split_feature=50 15 0 82 68 39 71 22 34 43 2 11 18 21 53 19 33 7 77 67 27 9 45 19 51 56 1 20 20 8 70 24 21 16 70 16 19 3 35 22 37 41 31 41 51 35 20 18 61 32 2 12 67 1 27 67 6 22 35 64 2 42
split_gain=928.814 976.547 1057.81 986.755 927.604 1198.81 919.007 1079.35 1078.84 1218.66 942.391 924.582 909.147 924.492 1364.88 905.206 1313.18 1151.66 1012.16 941.384 986.487 882.855 855.808 986.593 967.391 839.616 830.359 804.533 923.678 748.192 836.275 1455.28 744.846 763.289 1671.3 987.485 1358.55 1235.48 1480.56 1085.7 925.895 944.471 911.111 1118.97 909.953 916.658 812.674 887.384 836.01 807.246 809.751 757.822 749.466 743.576 958.223 811.009 806.816 944.385 990.861 1141.39 1071.57 787.542
threshold=67.770602006688975 8.6720430107526898 27.500000000000004 187.50000000000003 -3.3733625312458524 33.339080459770123 73.589500000000015 15.859126984126986 8.0217391304347831 14.131884057971016 36.071428571428577 0.51704195804195818 16.984375000000004 14.106203007518799 96.963386432326246 5.5917508417508426 0.55107417582417584 0.32350925925925927 2.1805793481549549 116.53604219176101 8.2240143369175644 25.236111111111114 0.19677419354838713 7.0784615384615392 69.977222222222238 72.723046314491384 67.803846153846166 3.2462121212121215 2.6381818181818182 15.431677018633541 14.52473984643794 26.278888888888893 16.339743589743595 21.169540229885062 8.944827633520811 22.151923076923079 5.6614583333333348 56.717142857142868 16.418859649122812 21.016666666666669 6.5917508417508426 6.5075757575757587 37.474937343358398 7.7350877192982459 75.169898989899011 22.671568627450984 2.3771551724137936 11.709005376344088 0.30572903338701657 0.48158722109533469 26.2343137254902 12.280625000000002 104.20426365137602 74.527863777089792 8.5345238095238116 91.46189413357277 22.202941176470592 13.634848484848487 20.557777777777783 208.50000000000003 25.175191815856781 3.8768939393939399
decision_type=2 2 2 2 2 2 2 2 2 2 2 2 2 2 2 2 2 2 2 2 2 2 2 2 2 2 2 2 2 2 2 2 2 2 2 2 2 2 2 2 2 2 2 2 2 2 2 2 2 2 2 2 2 2 2 2 2 2 2 2 2 2
left_child=53 3 6 21 26 -6 7 11 9 -8 29 12 13 -3 -15 16 17 18 -9 22 -21 -2 23 -17 -25 -23 -5 28 -7 -10 -31 -32 33 34 44 36 52 38 -38 -37 51 49 43 -43 46 -46 47 -27 -49 50 -42 -39 -35 54 -1 -55 61 -58 60 -60 -59 -56
right_child=1 2 -4 4 5 27 8 15 10 -11 -12 -13 -14 14 -16 19 -18 -19 -20 20 -22 25 -24 24 -26 32 -28 -29 -30 30 31 -33 -34 35 -36 39 37 40 -40 -41 41 42 -44 -45 45 -47 -48 48 -50 -51 -52 -53 -54 55 56 -57 57 58 59 -61 -62 -63
leaf_value=-0.018826819311314812 0.23372285415812638 0.011209784307914153 0.030845545886164387 0.067021091428285093 0.014980198172601404 0.1655286759689622 0.064371545067098412 0.08361074134157255 -0.081469752971640622 -0.26765418525018553 -0.13201477024291119 0.044790508785818965 -0.19301599680277021 0.059239223665672629 -0.21673529059023741 -0.19945444004592444 0.12140048999776316 -0.033332470293742734 -0.1150286679872095 0.3136487089977032 -0.031004536385216365 -0.15835684753076673 -0.024156417165090489 0.11077923698906883 -0.19279259197304893 0.081400343373115816 -0.11334134321338253 0.058897611572671302 0.42898449331305244 0.020860112615344071 0.26457636912969446 -0.048646710913689412 0.064265507805172137 0.069494370707678152 0.078549128785609726 0.0086688469001387804 0.13040990754531834 -0.24081832249220031 -0.089220250206629728 -0.078804222023151085 0.034721486911716233 0.13768916619503499 0.1862899544980075 -0.10035267130332659 0.13123937477186784 -0.13517870719984493 -0.1372154975595247 -0.19112964986184594 0.069379734556542505 -0.028006158038586051 0.30475580485201464 0.053642118348631751 0.25447287355568432 0.091620819972192555 0.070141886460042824 -0.0683350457383788 0.17143298557766698 -0.11790498417127823 -0.023745264502267042 0.30145916912323095 0.038194593852160466 -0.023598644021275511
leaf_weight=3028 21 634 978 91 70 43 22 227 83 34 50 658 32 36 55 73 118 528 36 20 20 36 5019 34 20 55 47 33 27 1833 45 30 297 54 124 6624 48 21 167 178 41 62 129 39 48 23 199 46 22 134 20 21 54 42 439 455 28 172 37 20 78 146
leaf_count=3028 21 634 978 91 70 43 22 227 83 34 50 658 32 36 55 73 118 528 36 20 20 36 5019 34 20 55 47 33 27 1833 45 30 297 54 124 6624 48 21 167 178 41 62 129 39 48 23 199 46 22 134 20 21 54 42 439 455 28 172 37 20 78 146
internal_value=2.13201e-05 0.00333439 -0.00382224 0.0119683 0.0731492 0.127016 -0.00735323 -0.0130736 0.0131296 -0.137738 0.0173035 0.0144596 -0.0119122 -0.00378631 -0.107793 -0.0194668 0.0127423 -0.00352914 0.0562406 -0.0251138 0.14298 0.00971542 -0.0264348 -0.116002 -0.00232779 0.00914396 0.00538062 0.202683 0.269519 0.0210873 0.0255706 0.139748 0.00987111 0.00787459 -0.0332531 0.0106778 0.0477049 0.0293736 -0.0399815 0.00637365 0.0613198 0.0768303 0.124799 0.045696 -0.068593 0.0445442 -0.0935806 -0.0226864 -0.106905 0.0200594 0.125072 -0.0946068 0.162762 -0.0144058 -0.00932212 -0.0547321 0.0219502 -0.0213354 -0.0391784 0.0919298 -0.0692089 0.0467407
internal_weight=23804 19359 10585 8774 311 173 9607 7510 2097 56 2041 1415 757 725 91 6095 909 791 263 5186 40 8463 5146 127 54 8442 138 103 70 1991 1908 75 8406 8109 517 7592 790 682 215 6802 467 425 230 101 393 71 322 123 68 195 61 42 108 4445 3948 497 920 335 307 57 250 585
internal_count=23804 19359 10585 8774 311 173 9607 7510 2097 56 2041 1415 757 725 91 6095 909 791 263 5186 40 8463 5146 127 54 8442 138 103 70 1991 1908 75 8406 8109 517 7592 790 682 215 6802 467 425 230 101 393 71 322 123 68 195 61 42 108 4445 3948 497 920 335 307 57 250 585
is_linear=0
shrinkage=0.035


Tree=97
num_leaves=63
num_cat=0
split_feature=63 73 82 54 70 6 6 18 48 46 65 50 21 31 75 21 47 22 13 13 38 23 31 74 20 5 34 5 52 23 75 19 61 26 29 32 63 65 44 82 56 28 51 67 82 77 22 44 49 19 13 43 46 19 47 1 3 9 13 48 62 1
split_gain=936.858 886.173 798.115 773.208 861.506 770.298 761.488 835.328 913.363 943.295 849.521 732.873 728.498 920.077 710.35 1298.55 1357.74 1238.79 1112.91 1106.1 1055.76 1068.73 958.974 894.892 889.886 2097.94 847.364 844.968 817.279 851.374 1163.88 809.705 1117.54 932.873 907.858 1122.6 996.339 971.519 844.671 859.779 816.696 811.632 776.689 921.046 864.034 805.605 784.04 828.688 773.306 757.843 756.427 815.688 1164.44 1128.34 1034.81 782.957 797.353 781.172 762.627 739.128 833.26 890.414
threshold=89.793700366153772 58.399018288798395 187.50000000000003 118.34577894363461 1.62079835379965 18.735087719298253 30.446360153256709 22.062500000000004 0.62210963456094792 0.6198686371100165 0.46920636114237857 63.963333333333345 14.963527851458887 34.890873015873019 155.24752715254604 15.403703703703707 0.4189639041196051 14.770979020979022 17.955533596837949 20.803846153846155 26.803846153846155 68.430952380952405 34.729020979020987 2.2061679216752315 3.5968750000000003 8.2240143369175644 12.890873015873018 5.7071078431372557 5.1306428571428606 85.408333333333346 165.40359462269578 5.5075757575757587 0.14092245770246653 0.50753571428571442 0.42005000000000003 0.55002000000000006 91.307733097689905 0.57940147941369213 18.753787878787886 63.500000000000007 112.98325196521162 16.066964285714288 69.496992481203009 88.880383672277318 -17.499999999999996 1.1063109487186871 18.25403225806452 18.921538461538464 -0.092052973152156131 6.6485294117647067 25.455555555555559 12.377155172413794 0.68301435406698574 5.8360215053763449 0.59375157926223765 75.254629629629633 63.605555555555561 37.467708333333341 19.295206971677562 0.60145452411733935 107.94293018610702 85.39444444444446
decision_type=2 2 2 2 2 2 2 2 2 2 2 2 2 2 2 2 2 2 2 2 2 2 2 2 2 2 2 2 2 2 2 2 2 2 2 2 2 2 2 2 2 2 2 2 2 2 2 2 2 2 2 2 2 2 2 2 2 2 2 2 2 2
left_child=11 -2 6 4 -4 -5 14 8 9 12 -11 -1 13 -8 31 16 -16 24 -17 -20 21 -19 50 -21 25 -18 -26 -24 29 59 -31 32 38 -33 36 -36 37 -34 -3 -40 -35 -38 -22 -44 45 -45 -46 48 -48 -50 51 54 53 -53 58 57 -57 -56 -23 -29 -61 -62
right_child=1 2 3 5 -6 -7 7 -9 -10 10 -12 -13 -14 -15 15 18 17 20 19 23 42 22 27 -25 26 -27 -28 28 -30 30 -32 33 34 40 35 -37 41 -39 39 -41 -42 -43 43 44 46 -47 47 -49 49 -51 -52 52 -54 -55 55 56 -58 -59 -60 60 61 -63
leaf_value=-0.16005343041854486 -0.10609997348367849 0.13366421307608731 -0.0097730652906052717 0.29004420726704155 0.079750288235680228 0.071132341380764116 -0.015743247984260914 -0.16505769627454672 -0.024475097846386219 0.33192164940304225 0.10769555873283017 -0.026604351326893809 -0.12691638792320797 0.15074627030889196 -0.11032223476144187 -0.10765321165660645 0.49610488862962254 0.15981662663913546 0.2990290380075008 0.010796334262048044 0.23533574015239503 -0.23828518902171741 0.15414335646996133 0.1993994649943796 0.17150086431987219 0.057761833158380634 0.0001471875409194355 0.05649795795872882 -0.083275713208522284 -0.16540673961451177 0.13663877399665555 -0.0053451778487734842 -0.0014241366385128991 -0.043163163280074142 0.20655155875507444 -0.091350798181323134 -0.073135366936976268 0.22811337026357653 0.10197559392599415 -0.13224677777086222 -0.20570591253971543 0.0049858855020992431 -0.18910555798269629 -0.20626994172055674 0.044615650447341983 0.015964160431218281 0.29557257734856962 0.34425296287333718 0.18848362047889017 -0.052188603486527103 0.094820464964908896 -0.27056608967679852 -0.25630909558618015 -0.016684128172039198 0.28526351574489051 -0.065815674775468264 0.1478246435555545 -0.0091468888819217706 -0.025670823748295123 0.081003741414855113 -0.038762990063548088 0.15391692733764653
leaf_weight=53 93 152 357 26 208 79 75 21 114 31 63 887 25 88 110 26 20 46 39 77 26 38 45 51 50 39 118 398 127 66 20 14383 43 207 56 21 170 47 40 36 46 3660 20 23 221 133 20 23 27 38 39 26 54 113 24 96 27 20 45 110 437 31
leaf_count=53 93 152 357 26 208 79 75 21 114 31 63 887 25 88 110 26 20 46 39 77 26 38 45 51 50 39 118 398 127 66 20 14383 43 207 56 21 170 47 40 36 46 3660 20 23 221 133 20 23 27 38 39 26 54 113 24 96 27 20 45 110 437 31
internal_value=2.15797e-05 0.00142994 0.00187158 0.0394911 0.0232194 0.12649 0.000730109 0.04755 0.0590274 0.0927797 0.183044 -0.0342134 0.0472629 0.0743054 -0.000171188 0.0162013 0.00975963 0.0150235 0.103711 0.136862 0.0072914 -0.00574744 -0.0102329 0.0864536 0.0929252 0.209332 0.0515237 0.00612057 0.000452979 0.0105035 -0.0947393 -0.00262227 0.0108739 -0.00651871 0.00656843 0.125195 0.0042217 0.119005 0.0861567 -0.00906531 -0.0730776 0.00150835 0.0505291 0.040784 0.0504561 -0.0173331 0.0825875 0.159693 0.107992 0.0484052 -0.0520708 -0.0651028 -0.119067 -0.0649975 -0.0232738 0.0269368 -0.0184821 0.152763 -0.123898 0.0198243 -0.00544946 -0.0258419
internal_weight=23804 22864 22771 670 565 105 22101 417 396 282 94 940 188 163 21684 2823 2630 2520 193 167 2293 1762 1716 128 227 59 168 1234 1189 1062 86 18861 4225 14636 3997 77 3920 90 228 76 253 3830 531 505 485 156 329 108 85 65 482 443 193 139 250 167 123 44 83 976 578 468
internal_count=23804 22864 22771 670 565 105 22101 417 396 282 94 940 188 163 21684 2823 2630 2520 193 167 2293 1762 1716 128 227 59 168 1234 1189 1062 86 18861 4225 14636 3997 77 3920 90 228 76 253 3830 531 505 485 156 329 108 85 65 482 443 193 139 250 167 123 44 83 976 578 468
is_linear=0
shrinkage=0.035


Tree=98
num_leaves=63
num_cat=0
split_feature=63 73 51 21 48 7 44 10 40 48 32 3 11 46 6 19 63 39 75 50 35 72 13 56 72 44 63 29 9 71 63 62 36 22 35 25 5 12 34 10 48 49 33 79 40 17 8 32 48 75 21 36 13 7 1 44 27 47 9 51 8 20
split_gain=872.706 825.573 765.134 1370.74 1247.02 876.047 862.813 1265.76 1077.9 1067.4 997.807 1056.48 981.694 1296.42 975.95 974.43 1096.31 1058.25 964.359 925.23 992.061 925.127 852.974 846.394 910.421 1275.14 841.812 840.176 817.954 808.016 1257.46 1146.75 1087.41 1060.38 1083.38 1050.35 1039.07 929.039 910.689 1047.04 908.104 1130.71 1008.27 1113.49 866.992 1049.98 1178.08 1276.39 999.472 990.432 1793.28 1461.32 999.632 1092.17 965.06 1059.23 875.494 903.362 857.286 850.687 823.943 1099.56
threshold=89.793700366153772 58.399018288798395 67.555277777777789 10.67204301075269 0.40037950385490434 0.29201785714285716 18.955533596837949 0.59301923076923091 17.781746031746035 0.54039839668431167 0.59085416666666679 59.418010752688183 0.55494281045751637 0.86515151515151534 30.446360153256709 9.8090909090909104 94.988532664356967 38.83666666666668 158.65621165510291 70.842361111111117 16.302173913043482 78.037450505075455 14.60357142857143 79.941302891166188 65.248123176005535 20.224014336917566 98.660198822395316 0.34373879142300195 43.202941176470596 73.589500000000015 110.8082518897025 114.08242192255001 0.66673030303030312 18.059714795008919 25.020833333333339 55.718253968253975 8.7537878787878807 14.734313725490198 8.3273809523809543 0.58351806451612909 0.46738700690098517 0.018623927456127554 0.53305158730158742 1.0970649209235008 11.948684210526318 34.803225806451614 20.803846153846155 0.45934057971014497 0.51427480698314054 147.1525280918664 14.456439393939396 0.6966228448275863 20.672043010752692 0.34434166666666671 75.653010033444829 20.780193236714982 8.7119815668202776 0.69786243509667278 33.20344827586208 75.347083333333345 20.015151515151519 4.338541666666667
decision_type=2 2 2 2 2 2 2 2 2 2 2 2 2 2 2 2 2 2 2 2 2 2 2 2 2 2 2 2 2 2 2 2 2 2 2 2 2 2 2 2 2 2 2 2 2 2 2 2 2 2 2 2 2 2 2 2 2 2 2 2 2 2
left_child=-1 -2 3 4 -3 -5 8 23 14 10 27 -12 19 18 15 28 -17 26 -14 -11 -21 -13 -6 24 -8 -26 -18 -10 -4 31 38 33 -32 35 -35 36 -25 -36 -31 44 41 -37 43 -43 45 48 59 -48 -40 50 51 -46 53 54 55 -51 -54 -58 -55 -47 -42 -62
right_child=1 2 6 5 22 -7 7 -9 9 12 11 21 13 -15 -16 16 17 -19 -20 20 -22 -23 -24 29 25 -27 -28 -29 -30 30 32 -33 -34 34 37 40 -38 -39 39 -41 60 42 -44 -45 49 46 47 -49 -50 52 -52 -53 56 58 -56 -57 57 -59 -60 -61 61 -63
leaf_value=-0.033019552358257195 -0.10240633233746435 0.22825976203025763 0.005474111754602694 0.036983943807522221 -0.072629245716929455 -0.026741280628628003 0.038012889767361578 -0.083979726719733791 0.1149465055719751 0.0074270184552866266 0.23506015525941981 -0.1725063970469414 0.24460371365717484 0.37826997325379969 0.079588931186957201 -0.12848288941850741 0.10547453489150008 -0.22486063116671995 -0.057735815992951398 -0.060655769560658018 0.15284086590916621 0.13487310275382233 0.049434275755640307 0.037911808437486039 -0.30116750852086333 -0.05283758075150434 -0.027831189040048401 -0.086719641844564474 0.050727730529426703 -0.15754183820724491 0.31931217301498027 -0.12809595618544498 0.067242231617237913 -0.038909400988003738 -0.03314132501019372 -0.20033999433981634 0.20037486580069014 0.22854380118007395 -0.12303972484908607 0.23951874933757039 0.023963813247814464 -0.10834226072789264 0.17010924449929021 0.099444703589818065 -0.23666271122026514 0.12950953818123734 -0.18077888517601548 0.1792044993292202 0.087167493988024577 0.19434024289488797 0.035347267384474711 0.011375361949205401 -0.058275056514388593 -0.19356958383719131 0.25642075291358002 -0.067161050311543735 0.11109585416202207 -0.11146105729725403 0.040223764267654477 0.39379920952989345 -0.11517435542473922 0.051566566736900042
leaf_weight=940 93 40 12353 290 87 2928 53 255 30 204 36 23 24 29 221 135 81 25 27 32 152 24 353 257 38 75 201 149 509 37 29 98 74 1194 31 56 59 35 47 25 995 123 28 42 85 33 21 27 66 37 120 44 234 22 54 38 92 29 131 28 129 77
leaf_count=940 93 40 12353 290 87 2928 53 255 30 204 36 23 24 29 221 135 81 25 27 32 152 24 353 257 38 75 201 149 509 37 29 98 74 1194 31 56 59 35 47 25 995 123 28 42 85 33 21 27 66 37 120 44 234 22 54 38 92 29 131 28 129 77
internal_value=2.25351e-05 0.00138183 0.00180811 -0.012761 0.0423818 -0.0209925 0.00463331 -0.00817036 0.00896115 0.050374 -0.00617726 0.0937747 0.0820134 0.193342 0.00672389 0.00551028 -0.0455564 -0.00892929 0.0854671 0.0588307 0.115628 -0.0157055 0.025236 -0.0039243 -0.0813844 -0.137336 0.0105653 -0.0526753 0.00726715 -0.000990233 0.0225076 -0.0105686 0.139447 -0.00674062 -0.0312637 0.010758 0.0685248 0.106253 0.0121548 0.0177666 -0.00184809 -0.0626111 -0.0222158 -0.0552892 0.0126542 0.0744224 0.15166 0.0213995 -0.000389855 -0.00285194 -0.0619724 -0.152316 0.0202829 0.0694198 0.144224 0.0622326 -0.0187827 0.0574878 0.0060626 0.253095 0.0107676 -0.052858
internal_weight=23804 22864 22771 3698 480 3218 19073 4818 14255 730 262 83 468 80 13525 13304 442 307 51 388 184 47 440 4563 166 113 282 179 12862 4397 1273 3124 103 3026 1260 1766 316 66 1170 1133 1450 249 193 165 1108 222 109 48 113 886 249 129 637 282 129 75 355 121 153 61 1201 206
internal_count=23804 22864 22771 3698 480 3218 19073 4818 14255 730 262 83 468 80 13525 13304 442 307 51 388 184 47 440 4563 166 113 282 179 12862 4397 1273 3124 103 3026 1260 1766 316 66 1170 1133 1450 249 193 165 1108 222 109 48 113 886 249 129 637 282 129 75 355 121 153 61 1201 206
is_linear=0
shrinkage=0.035


Tree=99
num_leaves=63
num_cat=0
split_feature=50 58 0 63 13 9 37 22 65 49 22 67 7 48 69 30 25 47 29 38 30 36 72 68 34 8 20 7 29 69 8 51 42 4 49 60 48 40 14 24 43 76 25 46 18 76 77 59 15 14 15 19 52 34 82 47 8 47 28 76 76 10
split_gain=845.77 951.218 1017.03 1014.59 965.04 889.344 870.185 833.43 1327.14 1179 947.905 832.23 1154.01 1067.34 876.85 873.543 823.994 821.784 935.063 815.575 841.234 875.352 808.167 799.68 795.804 790.093 864.441 783.715 829.7 1041.27 940.744 1142.9 1093.66 1172.84 912.717 908.649 900.313 888.472 873.117 1057.82 855.568 852.567 1078.55 1290.76 1189.57 1141.17 1432.09 1095.91 1150.22 998.645 1064.35 1064.32 918.64 1050.71 903.173 869.758 831.987 1182.25 828.645 899.369 915.299 816.354
threshold=67.770602006688975 1.0000000180025095e-35 25.500000000000004 111.86266737789002 23.209429824561408 27.710000000000004 10.339080459770118 15.859126984126986 0.25867453955271608 0.12511874699374698 16.239047619047621 109.61415484354701 0.35883771929824559 0.49953911703259513 -12.133291685678904 21.755000000000006 52.933035714285722 0.6573642940215132 0.37442820512820513 26.859605911330053 20.10172413793104 0.80022500000000008 64.439569240695093 -10.549125345722798 13.15587044534413 14.351470588235296 5.9595238095238106 0.22233333333333333 0.34245080645161291 14.582233828416451 15.316985645933016 70.747526881720447 2.8032258064516133 0.5035086206896553 -0.044056332327003796 23.500000000000004 0.5996877263283994 15.716517857142859 0.69704195804195823 29.754310344827591 10.430952380952382 -0.21528867231633042 62.418859649122815 0.49509803921568629 11.203448275862071 0.50005507563157447 1.7585598398778848 1.0000000180025095e-35 6.6614583333333348 0.62244722222222226 9.7379862700228852 7.7413381123058551 -2.0678002070393258 16.672619047619051 -79.499999999999986 0.44886470136341089 20.446360153256709 0.56654168669952354 19.403125000000003 -0.20727606648545546 0.43945311895881156 0.58572077922077925
decision_type=2 2 2 2 2 2 2 2 2 2 2 2 2 2 2 2 2 2 2 2 2 2 2 2 2 2 2 2 2 2 2 2 2 2 2 2 2 2 2 2 2 2 2 2 2 2 2 2 2 2 2 2 2 2 2 2 2 2 2 2 2 2
left_child=-1 22 4 7 5 -3 23 8 -4 10 -9 13 -13 14 24 -15 -7 18 -8 27 21 -21 -2 -6 -12 -22 -27 -18 29 30 -29 32 33 -32 35 -30 37 -31 39 -37 -33 -42 43 44 54 46 52 49 -49 51 61 -46 -45 55 -43 -54 -50 -58 59 -34 -61 -51
right_child=1 2 3 -5 6 16 17 9 -10 -11 11 12 -14 15 -16 -17 19 -19 -20 20 25 -23 -24 -25 -26 26 -28 28 34 36 31 40 58 -35 -36 38 -38 -39 -40 -41 41 42 -44 45 47 -47 -48 48 56 50 -52 -53 53 -55 -56 -57 57 -59 -60 60 -62 -63
leaf_value=-0.013744167954237559 0.1297119315270136 0.12066394147126866 -0.090923574774245911 0.09079788719492575 -0.13248779955338086 -0.039169612174516991 0.072765608006277682 -0.092734829491471854 0.085615086295575918 0.23963872976221295 -0.089125925326788882 0.024709367605055516 0.20334971428234941 0.0055733309283321417 -0.031587505636204612 0.17747935709645354 0.15578843026811429 -0.052678173982318971 -0.11013992741364469 0.04501083769599401 -0.21123756785448211 0.25388038830196158 0.019577093900985627 -0.033342485232136815 -0.35499060840696794 0.016891117151540059 -0.13563698708589633 -0.055872859218830534 -0.15867898388073365 0.09911685413517346 0.023394987403378149 0.17028926718010698 0.069418568765898372 -0.19344697411855066 -0.0035302231126005008 -0.075912670378338085 0.026443076813944442 0.35567974169879424 -0.0034956359674289551 0.091581864363467796 0.082707060581267769 0.11805728161725842 -0.026675365771340269 -0.061745114660767306 0.027510481251017103 0.2023078030464158 -0.20090444352940737 0.26539954929572812 0.058279581704650037 0.061642128725557695 -0.058533260480597829 0.36109547659130986 0.22692210372289023 -0.13125815826363263 -0.097824990068895876 0.031962468668216809 0.26987766716687578 -0.0040284917496018497 -0.011331288005643063 -0.095527966573426784 0.082826474303549003 -0.14410299826252695
leaf_weight=4445 84 74 61 232 108 644 258 125 345 25 40 194 57 1057 200 37 38 146 39 712 21 25 2424 1240 21 565 49 320 72 90 1019 46 54 31 3111 548 241 20 662 50 234 30 631 230 26 28 51 44 408 324 177 21 31 43 107 258 57 29 1053 429 38 25
leaf_count=4445 84 74 61 232 108 644 258 125 345 25 40 194 57 1057 200 37 38 146 39 712 21 25 2424 1240 21 565 49 320 72 90 1019 46 54 31 3111 548 241 20 662 50 234 30 631 230 26 28 51 44 408 324 177 21 31 43 107 258 57 29 1053 429 38 25
internal_value=2.29198e-05 0.00318442 0.000190871 0.0213186 -0.00330814 9.2391e-05 -0.0273521 0.0138421 0.059003 0.0033847 -9.35952e-05 0.0071414 0.0656146 -0.0037078 -0.0672359 0.011469 -0.000620663 0.0151861 0.0485912 0.00145839 0.0268419 0.052268 0.0232923 -0.0413347 -0.182852 -0.0026809 0.00461252 -0.00183533 -0.00241141 0.005973 0.00239366 0.00583669 -0.0107577 0.0169006 -0.0139135 -0.0381514 0.064451 0.147195 -0.0312012 -0.0618375 0.0213884 0.0188696 0.0129252 0.0261587 0.0468877 -0.0141994 -0.0242514 0.0588887 0.0947449 0.0251633 0.0112661 0.178865 -0.00805002 0.0291748 -0.0502686 0.053243 0.0792848 0.177984 -0.02921 -0.0652927 -0.0809346 0.0467089
internal_weight=23804 19359 16851 2394 14457 12666 1791 2162 406 1756 1731 1606 251 1355 261 1094 12592 443 297 11948 1372 737 2508 1348 61 635 614 10576 10538 6095 5744 5424 2624 1050 4443 1332 351 110 1260 598 2800 2754 2520 1889 1248 641 613 1111 538 573 526 47 562 332 137 289 494 86 1574 521 467 349
internal_count=23804 19359 16851 2394 14457 12666 1791 2162 406 1756 1731 1606 251 1355 261 1094 12592 443 297 11948 1372 737 2508 1348 61 635 614 10576 10538 6095 5744 5424 2624 1050 4443 1332 351 110 1260 598 2800 2754 2520 1889 1248 641 613 1111 538 573 526 47 562 332 137 289 494 86 1574 521 467 349
is_linear=0
shrinkage=0.035


Tree=100
num_leaves=63
num_cat=0
split_feature=63 58 57 59 22 28 3 81 44 63 80 32 53 16 15 35 34 70 26 41 28 12 36 30 41 68 29 29 51 19 53 16 26 32 28 28 23 17 44 55 0 44 27 28 54 50 33 31 80 10 1 67 36 39 82 21 13 53 8 36 67 62
split_gain=826.051 849.575 1156.28 1058.7 1077.73 1026.85 1178.95 1153.48 1002.21 938.332 890.743 1254.54 1043.32 936.102 927.552 882.469 1252.98 1234.75 1210.89 865.036 1080.72 924.272 924.772 960.741 856.744 846.893 1231.1 1047.6 834.436 827.598 880.195 1022.88 816.599 809.27 792.873 945.409 792.759 791.755 1066.75 790.357 782.807 905.713 782.54 780.566 944.01 918.721 846.982 1015.46 945.281 780.013 910.488 858.582 1138.56 1131.68 1091.12 948.008 882.377 860.175 825.925 1215.32 1077.86 816.767
threshold=92.884889787728767 1.0000000180025095e-35 1.0000000180025095e-35 1.0000000180025095e-35 22.757352941176475 19.942810457516341 53.014705882352949 1.0137837766781479 14.119429590017825 94.156704388102767 -0.26565515564184489 0.60110000000000008 109.00999441083572 21.338541666666668 6.0930735930735933 19.403703703703709 13.254032258064518 -3.6077956204820576 0.48634523809523816 6.6720430107526889 20.425824175824179 13.859605911330052 0.77443650793650809 18.078461538461543 7.4924242424242431 -8.3800075894382484 0.29706066176470591 0.33916333333333332 66.186018099547525 10.019230769230772 92.160389666157513 30.354166666666668 0.50503448275862073 0.44902000000000003 17.848076923076928 20.385856079404469 79.672619047619065 34.491379310344833 17.338541666666668 97.752477755409259 5.5000000000000009 15.546920821114371 7.4309523809523821 17.848076923076928 83.05463958092767 71.352517482517499 0.47175961538461547 41.885620915032682 -1.2180773353398491 0.60953260869565229 75.254629629629633 106.80685407263151 0.75258846153846159 31.584770114942529 187.50000000000003 10.63818181818182 22.683014354066991 106.57467736477177 17.134848484848487 0.75167261904761917 107.9918631003175 96.550190383129106
decision_type=2 2 2 2 2 2 2 2 2 2 2 2 2 2 2 2 2 2 2 2 2 2 2 2 2 2 2 2 2 2 2 2 2 2 2 2 2 2 2 2 2 2 2 2 2 2 2 2 2 2 2 2 2 2 2 2 2 2 2 2 2 2
left_child=29 2 39 5 28 6 -3 10 -4 -9 11 12 13 -7 -14 17 -17 18 24 20 -15 -22 23 -23 -8 26 -21 -27 -5 30 -1 34 -13 -28 -32 -36 -16 38 -38 42 -29 -42 -2 44 45 -19 48 -48 -45 50 51 52 54 56 -30 -55 58 -57 -53 -60 -61 -56
right_child=1 3 8 4 -6 7 15 9 -10 -11 -12 32 14 19 36 16 -18 43 -20 25 21 22 -24 -25 -26 27 33 40 49 -31 31 -33 -34 -35 35 -37 37 -39 -40 -41 41 -43 -44 46 -46 -47 47 -49 -50 -51 -52 53 -54 55 61 57 -58 -59 59 60 -62 -63
leaf_value=-0.12627877507026092 0.040056298778046694 -0.12467662029178261 -0.073142287421203586 -0.025262090032049742 -0.12575428998280291 -0.070357393539859064 -0.12060313763275221 -0.18055708181230648 0.017206553519314455 0.021710271398955643 -0.056474922517045494 0.22099994536324552 0.11075689948877593 0.16844697400012357 -0.070173325461264743 0.13095000568549792 -0.011602357821916751 -0.16795191535208284 0.097655596403514663 -0.1833462599437192 0.045086535129233517 0.0037453029812724238 0.16537866190613296 -0.11159120339110212 -0.32068846149053148 0.047945865194083497 -0.22247144540548328 0.06679361290419103 -0.013858164767770917 -0.076332562362799408 -0.070613531049796688 0.099727694423302357 0.013856877035992121 -0.001325308345058829 0.036715971490222939 -0.019014422076708178 -0.24609920722947404 0.094671661469499666 0.04754811969041825 0.10328769096682189 0.10447531106701642 -0.10079089454208952 -0.18167201846584363 -0.0065451006988684344 -0.091894308305927749 0.099175825584761429 -0.053179917784169119 0.13319766397612642 0.18045735522251855 -0.12251647200428438 0.02820100520079415 0.01515846497847902 0.041582162757726977 0.12647283878111842 0.013894356077696597 -0.0055503084803561111 -0.11501415269133412 -0.14927910370454878 0.096427127849747191 0.17307680075924572 -0.1194740334596634 0.15987114155769738
leaf_weight=79 114 153 162 857 74 204 128 28 2019 1986 520 47 44 63 638 83 791 20 25 79 688 266 30 132 33 338 22 62 4012 269 257 103 46 205 493 1525 25 79 37 309 30 195 23 73 309 68 261 41 60 53 2826 419 601 62 122 798 39 54 567 20 62 76
leaf_count=79 114 153 162 857 74 204 128 28 2019 1986 520 47 44 63 638 83 791 20 25 79 688 266 30 132 33 338 22 62 4012 269 257 103 46 205 493 1525 25 79 37 309 30 195 23 73 309 68 261 41 60 53 2826 419 601 62 122 798 39 54 567 20 62 76
internal_value=2.32817e-05 0.00236831 0.0209887 -0.000283114 0.00689831 -0.0100701 -0.0313748 -0.0025088 0.0104788 0.0188524 -0.0139831 -0.00713352 -0.0108984 0.00114015 -0.0447311 -0.023797 0.00199835 -0.045937 -0.127348 0.0080694 0.0279795 0.0199748 -0.0203889 -0.0345902 -0.162502 -0.0171421 -0.0647993 0.00621847 0.00783341 -0.0181048 -0.0117141 -0.00788095 0.119202 -0.0232152 -0.0127753 -0.00539196 -0.0535834 0.0214411 -0.0718236 0.0723061 -0.0429096 -0.0732356 0.00228112 -0.0276673 -0.0631214 0.0378195 0.00471701 -0.0276871 0.0781506 0.0107556 0.0114936 0.0045807 -0.00346077 0.0237213 -0.0098959 -0.00509905 0.0475117 -0.0147462 0.053501 0.0782192 -0.0474612 0.070205
internal_weight=23804 21078 2627 18451 10642 7809 2045 5764 2181 2014 3750 3230 3137 2314 823 1892 874 1018 186 2110 1179 1116 428 398 161 931 306 625 10568 2726 2457 2378 93 227 2275 2018 779 141 62 446 287 225 137 832 397 88 435 302 133 9711 9658 6832 4811 2021 4210 914 1107 852 1068 649 82 198
internal_count=23804 21078 2627 18451 10642 7809 2045 5764 2181 2014 3750 3230 3137 2314 823 1892 874 1018 186 2110 1179 1116 428 398 161 931 306 625 10568 2726 2457 2378 93 227 2275 2018 779 141 62 446 287 225 137 832 397 88 435 302 133 9711 9658 6832 4811 2021 4210 914 1107 852 1068 649 82 198
is_linear=0
shrinkage=0.035


Tree=101
num_leaves=63
num_cat=0
split_feature=24 71 44 22 71 79 22 35 30 73 24 44 33 71 36 7 21 1 70 4 50 6 4 19 7 38 33 9 49 33 14 54 25 49 55 66 15 67 29 29 14 50 47 19 50 68 45 24 44 29 38 43 63 19 55 38 65 77 11 61 24 41
split_gain=791.884 793.059 1401.78 972.089 838.379 751.807 829.125 750.104 1179.12 1140.64 1034.39 951.775 1103.42 954.649 887.66 863.936 861.765 846.967 855.699 833.389 906.615 1005.33 877.394 803.082 898.574 908.986 791.076 939.854 787.581 776.37 1012.86 900.269 938.445 796.177 965.232 1103.98 866.453 756.756 1099.75 741.76 1162.85 1258.82 1388.13 980.201 939.936 933.199 1295.48 1033.62 896.935 1648.13 872.274 869.949 855.269 960.391 943.645 878.117 949.748 1014.25 1173.66 938.407 863.209 819.103
threshold=24.661904761904768 75.164107142857162 24.679487179487186 15.983870967741938 74.773894736842109 0.82612546678756094 16.328431372549023 18.983333333333338 13.729020979020982 67.914923740204841 19.585714285714293 18.753787878787886 0.49245804195804194 71.300476190476203 0.68333908045977021 0.34276696832579195 13.557189542483661 64.447222222222237 -10.852584845443152 0.45666666666666672 74.584369747899174 23.672619047619051 0.40377678571428577 9.078461538461541 0.32202380952380955 24.226539589442819 0.5065086206896553 34.984848484848492 0.18888518877779722 0.42392857142857149 0.59079285714285723 100.09080932578728 59.492424242424242 0.36275147983481315 102.90795899963258 100.98585650103351 7.2540322580645169 102.76144383891652 0.30780384615384621 0.32891833333333337 0.59079285714285723 69.066881720430118 0.66668906810035855 7.4629120879120885 73.52535714285716 -4.5240008708646533 0.60990338164251223 28.982758620689658 18.955533596837949 0.41120714285714294 22.661904761904768 11.203448275862071 93.132006843738566 10.828431372549023 123.22245442077234 26.967204301075274 0.28082669664685556 1.377647197442726 0.48679130434782608 0.44270874203163352 25.966091954022989 7.901612903225808
decision_type=2 2 2 2 2 2 2 2 2 2 2 2 2 2 2 2 2 2 2 2 2 2 2 2 2 2 2 2 2 2 2 2 2 2 2 2 2 2 2 2 2 2 2 2 2 2 2 2 2 2 2 2 2 2 2 2 2 2 2 2 2 2
left_child=1 4 3 -3 7 6 -2 11 9 16 -10 12 29 17 26 -11 -9 -14 -19 20 22 -22 -13 24 25 -20 -12 -28 -24 -1 -31 33 -33 34 35 -32 -37 38 -21 40 50 -42 -43 44 48 47 51 -44 -41 -50 -7 -47 54 55 -45 -54 -57 58 -58 -60 -55 -48
right_child=5 2 -4 -5 -6 39 -8 8 10 15 14 19 13 -15 -16 -17 -18 18 23 37 21 -23 28 -25 -26 -27 27 -29 -30 30 31 32 -34 -35 -36 36 -38 -39 -40 43 41 42 45 52 -46 46 61 -49 49 -51 -52 -53 53 60 -56 56 57 -59 59 -61 -62 -63
leaf_value=-0.063764122119178299 0.29442147691305298 -0.1298116284949439 -0.21140372271074193 0.104110401348856 -0.13772345578826445 0.2652477175757505 0.045384775774487379 0.092120661315351446 -0.18159813081134452 0.099918862753648044 0.01605430572544728 -0.13983095527833431 -0.13154460512097579 -0.14939512064436961 -0.01620228418489069 0.37541920845181331 -0.17246270321552146 0.12172342577537128 8.1661385430230039e-05 -0.049510591234689885 0.18006082421909905 -0.076680306858703751 -0.012593593025653139 -0.18861163309216503 -0.038599293045973475 0.18420148009766815 0.23517956605874082 0.023663256266687673 -0.19972072982485015 -0.15466114395462355 0.011913895386903298 -0.11503017146137194 0.080269422645554145 0.23342194867411328 -0.18292501013320792 0.28649528214166753 0.070965046867382697 -0.062127555233648386 -0.29713386331423364 0.0061697514544205726 -0.014454513413812865 0.034534478933809343 -0.056004802854898138 -0.059700573813199508 0.034787930569976803 -0.11846170607634955 -0.082501720058500552 -0.29854235324432266 -0.017453105689015702 -0.20480570649214028 0.064245577136846074 0.10617364186647429 -0.021057514674760615 0.29560061985108915 0.16155862964902606 -0.16000198532017795 0.15785644236892243 0.21599902803913679 -0.11922002445900715 0.037980869634407707 0.045647566778051797 0.031262491230879513
leaf_weight=190 21 24 22 198 64 34 70 50 38 32 881 99 91 89 1446 25 21 49 112 40 48 30 420 36 666 46 46 58 29 44 1450 118 40 21 28 26 172 182 49 5890 1541 2757 117 667 1134 24 211 26 1173 60 116 155 2202 20 24 27 68 41 65 160 99 122
leaf_count=190 21 24 22 198 64 34 70 50 38 32 881 99 91 89 1446 25 21 49 112 40 48 30 420 36 666 46 46 58 29 44 1450 118 40 21 28 26 172 182 49 5890 1541 2757 117 667 1134 24 211 26 1173 60 116 155 2202 20 24 27 68 41 65 160 99 122
internal_value=2.19716e-05 -0.00988832 0.0520325 0.0785709 -0.0121355 0.00413397 0.104188 -0.0109201 0.00377886 0.107146 -0.00159915 -0.0202879 -0.011296 -0.0398514 0.00124981 0.223027 0.0131559 -0.0300287 -0.0197954 -0.0521175 -0.0298697 0.0814102 -0.0457749 -0.0279288 -0.0207943 0.0541202 0.0268686 0.11793 -0.0248963 0.00359429 0.0103505 0.0143071 -0.0654679 0.0217537 0.0190306 0.0225185 0.099935 -0.103347 -0.18678 0.00358653 0.0147106 0.0117963 0.0236537 -0.00129461 0.00519944 -0.0221315 -1.61348e-05 -0.101013 0.000486272 -0.0266522 0.110559 0.0757894 -0.0171913 -0.00823964 -0.0518994 -0.0127605 0.0377983 0.0540139 0.0310057 -0.00758085 0.0887468 -0.0408275
internal_weight=23804 6980 244 222 6736 16824 91 6672 2597 128 2469 4075 3178 1089 2431 57 71 1000 909 897 626 78 548 860 824 158 985 104 449 2089 1899 1855 158 1697 1676 1648 198 271 89 16733 5103 4953 3412 11630 8257 655 512 143 7123 1233 150 179 3373 2682 691 2563 361 334 293 225 119 333
internal_count=23804 6980 244 222 6736 16824 91 6672 2597 128 2469 4075 3178 1089 2431 57 71 1000 909 897 626 78 548 860 824 158 985 104 449 2089 1899 1855 158 1697 1676 1648 198 271 89 16733 5103 4953 3412 11630 8257 655 512 143 7123 1233 150 179 3373 2682 691 2563 361 334 293 225 119 333
is_linear=0
shrinkage=0.035


Tree=102
num_leaves=63
num_cat=0
split_feature=63 55 3 46 64 7 45 8 14 51 21 33 49 2 67 10 80 36 51 43 57 37 44 75 37 72 29 63 49 3 12 10 3 25 49 7 37 53 13 9 50 2 72 49 44 15 46 11 72 54 17 29 61 19 8 7 17 31 7 42 45 54
split_gain=749.211 693.003 864.435 747.147 750.133 864.165 758.899 745.621 1322.1 745.388 1056.54 1154.43 1179.97 913.045 1684.94 1022.44 1434.37 1183.74 1128.01 1090.46 1305.84 1032.45 977.856 1770.69 1288.34 1252.13 977.841 970.934 969.323 968.225 1148.23 958.416 1010.44 946.28 921.091 915.471 1073.96 949.398 907.638 884.961 863.63 847.821 847.204 821.296 814.967 780.249 757.936 757.923 1120.46 746.919 879.528 735.671 735.197 734.906 732.972 986.01 834.856 749.51 864.445 744.19 729.523 766.323
threshold=89.793700366153772 85.273001409814313 48.396103896103902 0.30901856763925734 342.50000000000006 0.31282288401253927 0.59687500000000016 13.031250000000002 0.70754195804195819 67.555277777777789 10.67204301075269 0.55345943204868175 -0.067297816737925828 22.644009216589865 115.01270697991852 0.48322875816993466 0.574034093432502 0.70956696428571442 68.459178981937626 12.085144927536234 1.0000000180025095e-35 10.574175824175827 15.113247863247866 162.57554155551176 10.893796992481205 80.279684868891152 0.31313146551724141 100.90498701280701 -0.030540837218997197 57.438750000000006 15.802777777777779 0.38958333333333334 57.215838509316775 56.55718954248367 0.0071788181382338506 0.34961805555555564 8.9511904761904777 99.371562159232795 18.203448275862073 30.510869565217394 68.960714285714303 25.33908045977012 71.098609255014523 -0.028455147435080545 13.292892156862747 13.511904761904765 0.35599078341013829 0.53402000000000016 76.337278798327489 97.83949148112373 36.40312500000001 0.30003125000000003 0.56642889486810366 5.5345238095238107 16.338541666666668 0.29682085561497334 33.438750000000006 35.603571428571435 0.32991987179487187 2.9104278074866312 0.43614130434782611 104.13265919814292
decision_type=2 2 2 2 2 2 2 2 2 2 2 2 2 2 2 2 2 2 2 2 2 2 2 2 2 2 2 2 2 2 2 2 2 2 2 2 2 2 2 2 2 2 2 2 2 2 2 2 2 2 2 2 2 2 2 2 2 2 2 2 2 2
left_child=-1 3 7 4 5 -2 -7 -3 -9 10 11 12 -4 14 31 16 17 29 -19 20 21 27 23 24 25 33 28 -20 38 30 35 -11 -33 46 44 36 -15 -37 -18 -14 -38 -29 -30 -27 -35 -31 -17 48 -26 52 -51 -8 -21 -48 55 56 -12 -57 -59 -60 61 -36
right_child=1 2 9 -5 -6 6 51 8 -10 13 54 -13 39 15 -16 22 26 18 19 49 -22 -23 -24 -25 47 43 -28 41 42 45 -32 32 -34 34 60 37 40 -39 -40 -41 -42 -43 -44 -45 -46 -47 53 -49 -50 50 -52 -53 -54 -55 -56 57 -58 58 59 -61 -62 -63
leaf_value=-0.030593859076105828 0.097660069713414011 0.27000284905619221 -0.10830488323308286 -0.14541236793801529 -0.063769069789046243 -0.091412443620586828 0.07691397135584585 -0.14592583889620644 0.21081064279405579 0.075728854220601466 0.21055690973050126 0.18326428680212603 -0.13296264704068503 0.15295694769568305 0.25361515811929169 0.13892963892195312 0.25924517408876047 0.17018905008274274 -0.16265646503648848 0.031578144326312112 0.1992318198996432 0.15962183199723565 -0.00073817834448857908 0.18601680614830493 -0.056607804068991185 0.075124377792820024 0.031394887821879734 -0.063534846565024616 0.0017544788679033977 -0.035971421443135525 0.2257671940709228 -0.024173868004227425 -0.11689341204993807 -0.038313942692976083 0.053594756897952824 -0.19753443371067789 -0.14475821384301857 0.021946768773258279 0.089040786525702742 0.061850236526661752 0.10558709970773278 0.19138898577341223 0.13263206310701495 -0.1703720590614865 0.10274135546957247 -0.22592568723505196 0.11359926242648431 0.035851817540752083 -0.31135361578302873 0.10660506140029212 -0.052624177283874841 -0.099520926566440862 -0.16249709530793707 -0.087036758422129698 -0.02743047892834968 0.026150484503632374 -0.027603868861631915 0.044374474533132667 -0.26307373880332624 -0.049968037685595067 0.039123567101804972 -0.17129015591969859
leaf_weight=940 103 26 76 65 284 110 108 24 26 100 53 57 31 76 26 28 66 68 106 90 25 22 11987 83 76 23 1404 72 163 746 33 1070 166 56 31 43 39 54 93 308 29 20 96 58 461 27 26 51 29 272 50 39 32 144 2625 322 27 48 35 47 364 45
leaf_count=940 103 26 76 65 284 110 108 24 26 100 53 57 31 76 26 28 66 68 106 90 25 22 11987 83 76 23 1404 72 163 746 33 1070 166 56 31 43 39 54 93 308 29 20 96 58 461 27 26 51 29 272 50 39 32 144 2625 322 27 48 35 47 364 45
internal_value=2.12283e-05 0.00128069 0.00237121 -0.0327688 -0.0212901 0.0122533 -0.0220854 0.119822 0.0397584 0.00196406 -0.0125348 0.036278 0.0158848 0.00481635 -0.0227566 0.00701486 0.0235098 0.00138302 0.0347151 0.0212258 -0.0379911 -0.0653548 0.00257097 0.0294572 0.0200561 0.0320264 0.0454097 -0.0907089 0.092381 -0.0227184 0.0337637 -0.0282305 -0.0366716 0.0413691 0.0557759 0.00704525 0.0629625 -0.0758272 0.160305 0.0438556 -0.0379508 -0.00734381 0.0504407 -0.100587 0.0874336 -0.0427526 -0.0282113 -0.0745627 -0.128142 0.0539157 0.0818259 0.0299023 -0.0197537 -0.0560876 -0.0198385 0.0176062 0.130462 -0.00248267 -0.0732601 -0.142013 0.0185132 -0.0797643
internal_weight=23804 22864 22155 709 644 360 257 76 50 22079 3629 472 415 18450 1362 17088 3626 1804 757 689 245 220 13462 1475 1392 1236 1822 198 418 1047 274 1336 1236 1155 957 241 144 97 159 339 68 92 259 81 517 773 198 156 105 444 322 147 122 170 3157 532 80 452 130 82 440 76
internal_count=23804 22864 22155 709 644 360 257 76 50 22079 3629 472 415 18450 1362 17088 3626 1804 757 689 245 220 13462 1475 1392 1236 1822 198 418 1047 274 1336 1236 1155 957 241 144 97 159 339 68 92 259 81 517 773 198 156 105 444 322 147 122 170 3157 532 80 452 130 82 440 76
is_linear=0
shrinkage=0.035


Tree=103
num_leaves=63
num_cat=0
split_feature=71 0 75 15 23 29 79 47 47 0 67 14 20 73 12 47 19 7 36 47 30 35 16 45 63 11 56 38 35 41 12 46 9 8 41 42 25 74 25 21 51 62 16 36 9 9 67 20 62 61 34 72 79 14 66 11 34 16 22 49 71 0
split_gain=710.739 940.665 914.505 857.009 853.435 789.848 1123.01 1184.47 1122.34 1116.15 1039.47 984.33 999.701 944.072 951.934 909.286 954.231 1388.94 1078.57 1194.16 1054.74 957.406 1030.61 938.016 912.843 897.078 872.857 862.966 859.88 917.695 853.609 826.595 971.608 861.076 806.19 1116.38 941.617 789.801 784.603 806.259 858.775 784.248 783.474 772.518 772.48 822.896 739.48 734.963 1542.82 1041.48 856.719 1584.95 815.535 800.572 730.954 726.32 708.354 698.236 695.133 675.219 697.475 670.099
threshold=71.053188405797115 1.5000000000000002 144.22784379704282 10.81365740740741 77.456439393939405 0.34133974358974362 1.0898265818381303 0.29424098164906992 0.42277053989504526 3.5000000000000004 88.880383672277318 0.56797368421052641 4.9848484848484853 82.159053059094433 17.017241379310349 0.4189639041196051 7.9344086021505387 0.2940208333333334 0.72481534090909105 0.71213046213046216 16.508064516129036 15.735087719298248 25.151923076923079 0.12771739130434781 107.17424581825402 0.57044722222222233 94.279316780526244 26.38675213675214 26.679487179487186 8.3385416666666696 13.921538461538463 0.85092592592592597 33.319090909090917 17.455844155844158 5.3816526610644271 4.6609195402298864 62.234313725490203 2.147632076327874 57.717142857142868 14.490740740740742 71.839047619047633 108.69281362815352 24.057189542483666 0.8121250000000001 33.491935483870975 38.302173913043482 105.84302201135701 3.9016129032258067 108.02877023205902 0.68640986682782212 14.118823529411765 81.470242815646785 0.96166934712403673 0.71840370370370377 83.556250909868808 0.54112916666666677 13.15587044534413 20.446360153256709 11.550000000000002 -0.044056332327003796 74.264075268817223 25.500000000000004
decision_type=2 2 2 2 2 2 2 2 2 2 2 2 2 2 2 2 2 2 2 2 2 2 2 2 2 2 2 2 2 2 2 2 2 2 2 2 2 2 2 2 2 2 2 2 2 2 2 2 2 2 2 2 2 2 2 2 2 2 2 2 2 2
left_child=1 2 4 54 -1 9 15 -8 56 11 27 12 -2 43 30 38 17 59 19 21 46 -18 34 26 -22 28 -19 -11 29 47 -15 32 -31 -34 -23 -36 -37 42 -7 40 -40 -24 -21 57 -42 -46 -20 48 52 61 -51 -52 -25 -54 -3 -33 -9 -12 -56 -17 -61 -50
right_child=5 3 -4 -5 -6 6 7 8 -10 10 13 -13 -14 14 -16 16 18 23 20 37 24 22 41 25 -26 -27 -28 -29 -30 31 -32 55 33 -35 35 36 -38 -39 39 -41 44 -43 -44 -45 45 -47 -48 -49 49 50 51 -53 53 -55 58 -57 -58 -59 -60 60 -62 -63
leaf_value=0.070562614413221814 0.16541088910903629 -0.14345620292425157 0.24715488699664837 -0.032957299872921134 -0.15725051558778644 -0.12979755907205609 0.19454261521233454 -0.086175911299017985 -0.048196941861524185 0.011460551105754477 -0.049150929066020137 -0.036916702355585425 -0.085670366468136791 0.21018566021654342 0.33828991932647179 -0.13256631743595754 0.045095265356202931 0.050744910325896883 0.2407034975042544 0.30218539158900581 -0.020085366920216476 -0.26637731522537139 0.039410483763215771 0.067076553986295501 0.16452847483876634 0.11590828620883112 0.29765499653250488 -0.2332056149267395 -0.13235799999878958 -0.18257568632078985 -0.030471857408740942 0.13872228269186695 0.10844356957892169 -0.056404620870488163 -0.067824103710408978 -0.36810221843173108 -0.067629688730504789 -0.088445946891741331 0.09521090578476589 0.06726999562813625 0.070689303775302706 -0.16515581384351699 0.043223115325709924 0.22621940988699599 -0.22173519525301358 -0.051077634200860159 -0.0031630173240389144 -0.0022448363820283404 -0.095783998122340772 0.084109369550842847 0.41211953243167926 0.046239979516135329 -0.023893174422130854 0.05520611953265863 0.17615506353018423 -0.10478912949453041 -0.37175540432400178 0.02319524536184376 -0.0033030668419102684 -0.050357868139618865 0.10201122628617032 0.159730491003063
leaf_weight=141 61 45 30 1341 23 105 22 21 428 35 169 701 28 31 21 89 76 44 41 22 324 41 103 468 36 121 29 35 45 58 42 56 48 194 236 31 22 27 37 92 30 29 40 22 60 82 24 551 28 41 43 22 405 255 26 20 22 4566 11775 176 46 22
leaf_count=141 61 45 30 1341 23 105 22 21 428 35 169 701 28 31 21 89 76 44 41 22 324 41 103 468 36 121 29 35 45 58 42 56 48 194 236 31 22 27 37 92 30 29 40 22 60 82 24 551 28 41 43 22 405 255 26 20 22 4566 11775 176 46 22
internal_value=2.11871e-05 -0.00531623 0.0710923 -0.00644323 0.0382111 0.00687361 -0.00373275 -0.0536899 -0.065486 0.0156248 0.0218248 -0.0229803 0.0863426 0.0237622 0.133323 0.0021097 0.00741458 0.0182224 -0.0209426 -0.0501057 0.0220818 -0.0697535 -0.0886823 0.0270695 -0.00141168 0.0232546 0.150238 -0.111609 0.018259 0.0213553 0.0724122 -0.0284256 -0.0545486 -0.0235368 -0.121702 -0.10074 -0.245241 0.0683513 -0.047651 -0.0188158 -0.0567969 -0.00595933 0.136851 0.0215828 -0.0896977 -0.123736 0.15127 0.0315625 0.0460682 0.149069 0.21094 0.289635 0.0317606 0.00668127 -0.00344021 0.0743285 -0.23496 0.0206074 -0.00289994 -0.0513943 -0.0186119 0.0170414
internal_weight=23804 13381 194 13187 164 10423 4712 493 471 5711 4921 790 89 4851 94 4219 3813 2761 1052 627 425 538 462 2450 360 2377 73 70 2256 2211 73 376 300 242 330 289 53 89 406 301 209 132 62 4757 172 142 65 1835 1284 156 106 65 1128 660 11846 76 43 4735 11801 311 222 50
internal_count=23804 13381 194 13187 164 10423 4712 493 471 5711 4921 790 89 4851 94 4219 3813 2761 1052 627 425 538 462 2450 360 2377 73 70 2256 2211 73 376 300 242 330 289 53 89 406 301 209 132 62 4757 172 142 65 1835 1284 156 106 65 1128 660 11846 76 43 4735 11801 311 222 50
is_linear=0
shrinkage=0.035


Tree=104
num_leaves=63
num_cat=0
split_feature=44 25 10 50 35 26 48 49 63 49 15 47 63 10 40 51 69 6 15 37 14 54 14 44 60 3 69 62 22 3 46 50 48 80 22 36 2 42 25 81 30 60 4 28 34 51 12 64 48 4 71 82 26 51 37 58 21 36 46 34 22 14
split_gain=725.694 1053.39 932.181 893.473 1016.29 1450.22 1161.57 1301.96 1103.61 1114.54 1181.48 971.823 961.366 890.232 865.865 863.603 1030.46 882.723 858.733 926.412 849.333 810.645 911.928 904.258 785.056 906.495 767.469 773.236 853.249 1219.73 929.473 763.97 758.166 746.866 959.78 1223.07 961.456 810.011 848.082 773.478 759.187 742.909 1118.45 887.566 765.17 739.359 788.992 729.276 720.052 716.71 713.445 801.59 701.917 701.193 696.977 691.496 897.32 1023.17 810.85 726.054 713.716 919.273
threshold=18.955533596837949 57.508064516129039 0.59301923076923091 74.903428571428577 19.203448275862073 0.48072111111111121 0.44758573738353152 -0.0091849041470492485 105.62210725957601 -0.064686082766439848 6.0156250000000009 0.5340411377343196 105.47054567538902 0.58351806451612909 10.910427807486633 70.044142857142873 1.1933985615934903 28.62731481481482 14.366666666666669 5.6830143540669864 0.66434313725490213 129.63226047470971 0.75001724137931047 17.226539589442819 316.50000000000006 56.155048076923087 -13.04523080307524 94.605790984976267 14.770979020979022 54.963624338624349 0.661904761904762 61.461733746130044 0.47372892788092863 -7.9955141425764458 17.868115942028989 0.68008893280632421 28.492424242424246 1.3390804597701151 57.492424242424242 0.90145116535378522 17.802777777777781 7.5000000000000009 0.44350000000000001 24.911067193675894 13.98529411764706 70.716794871794889 13.177521008403362 330.50000000000006 0.52752736995696303 0.39743650793650792 71.877145868945874 76.500000000000014 0.42807846153846157 73.04062500000002 9.5735930735930754 1.0000000180025095e-35 11.456439393939396 0.66534523809523816 0.46770833333333339 15.12701612903226 21.844129554655876 0.63878362573099434
decision_type=2 2 2 2 2 2 2 2 2 2 2 2 2 2 2 2 2 2 2 2 2 2 2 2 2 2 2 2 2 2 2 2 2 2 2 2 2 2 2 2 2 2 2 2 2 2 2 2 2 2 2 2 2 2 2 2 2 2 2 2 2 2
left_child=1 33 3 4 -2 6 7 -6 12 47 -11 24 26 -5 -13 -4 17 53 19 -3 54 31 23 -23 -12 -26 -8 49 29 -29 -31 -21 -20 34 35 36 -1 -35 -39 45 -40 42 -33 -44 -45 46 48 -10 -37 -28 51 -16 -51 -17 -7 56 -43 58 -58 -59 -57 -62
right_child=2 18 15 13 5 20 8 -9 9 10 11 14 -14 -15 50 16 -18 -19 32 21 -22 22 -24 -25 25 -27 27 28 -30 30 -32 41 -34 37 -36 39 -38 38 40 -41 -42 55 43 44 -46 -47 -48 -49 -50 52 -52 -53 -54 -55 -56 60 57 59 -60 -61 61 -63
leaf_value=-0.024419544632764578 -0.033960692165100136 0.11399606566050664 0.054837231467817438 0.018712248356477675 -0.22399034953758282 -0.10785788707480982 -0.20089742293087551 -0.023919246887007927 -0.046282719435290699 -0.14203797457763492 -0.013609720952370589 -0.024366071210188026 -0.23488061504829225 0.22491291361934737 0.3859607604319536 -0.20152415102201962 -0.17775627630697358 0.17884540335143487 -0.23382808075348541 -0.18239368331110947 -0.046249325074025176 0.061543179886582054 -0.10483085723140025 0.24591311278939246 -0.0093904224372491612 0.30778107510294234 -0.032048829561607407 -0.12484784644358655 -0.0072503949566516072 0.23510294800106951 -0.030984518816736008 -0.24377581760038936 -0.02629692734595683 0.095191731440730218 0.0140576407726837 0.1612430818382698 0.1698772120078158 -0.0026181442987187652 -0.27206888536012402 -0.13878385853097699 -0.037208695846482329 -0.015743238029004819 0.020660784308547561 -0.20657676790137042 0.042145974116855195 -0.1765848706423232 -0.10226128197813329 0.17359446062320891 -0.022022370509874479 0.24177465827747058 0.13614087743297146 0.12878499623373443 0.038281244494698267 -0.0086107331474199363 -0.37207194701636714 0.008929593248226354 0.08944155668610336 0.089570143782608996 -0.060831258647896423 0.0071092959738234861 0.071391457781963749 -0.10561020029639312
leaf_weight=164 1834 106 53 809 46 32 21 280 131 23 93 25 20 26 39 34 112 20 31 25 137 117 27 45 20 24 38 23 1132 58 22 31 69 102 326 39 38 6432 26 217 47 320 172 47 22 44 81 21 78 46 99 25 38 70 20 8680 62 581 148 169 48 139
leaf_count=164 1834 106 53 809 46 32 21 280 131 23 93 25 20 26 39 34 112 20 31 25 137 117 27 45 20 24 38 23 1132 58 22 31 69 102 326 39 38 6432 26 217 47 320 172 47 22 44 81 21 78 46 99 25 38 70 20 8680 62 581 148 169 48 139
internal_value=2.10679e-05 0.00332 -0.0112993 -0.00781775 -0.0143257 0.000600349 0.00851948 -0.0524606 0.0190063 0.0636054 0.0981015 0.115299 0.00303575 0.0252678 0.166884 -0.0723907 -0.101033 -0.0312716 0.0103233 0.0112761 -0.0923437 0.0102464 0.0819922 0.113378 0.0441354 0.165048 0.0065753 0.00986139 0.00153855 0.0977338 0.162147 0.00894386 -0.0915097 -0.00667538 -0.0350662 -0.0592913 0.0124432 -0.0024313 -0.00396979 -0.0908476 -0.122187 0.00941203 -0.0476168 -0.0219177 -0.127491 -0.0476514 -0.0186093 -0.0154124 0.0394625 0.0937344 0.196223 0.287333 0.150531 -0.0723745 -0.212121 0.0109434 0.0349871 0.0519003 -0.0163413 0.0710107 0.00747034 -0.0600887
internal_weight=23804 18433 5371 5082 4247 2413 2224 326 1898 500 348 325 1398 835 188 289 236 124 10839 10739 189 10633 189 162 137 44 1378 1357 1235 103 80 10444 100 7594 987 661 202 6607 6505 459 73 10419 272 241 69 242 198 152 117 122 163 64 84 104 52 10147 1280 960 210 750 8867 187
internal_count=23804 18433 5371 5082 4247 2413 2224 326 1898 500 348 325 1398 835 188 289 236 124 10839 10739 189 10633 189 162 137 44 1378 1357 1235 103 80 10444 100 7594 987 661 202 6607 6505 459 73 10419 272 241 69 242 198 152 117 122 163 64 84 104 52 10147 1280 960 210 750 8867 187
is_linear=0
shrinkage=0.035


Tree=105
num_leaves=63
num_cat=0
split_feature=50 9 44 28 10 50 21 41 48 22 46 29 52 39 56 38 38 29 47 54 10 18 23 14 30 31 22 56 28 13 37 7 14 38 79 46 8 63 10 2 5 14 27 4 72 57 16 70 75 24 35 14 77 45 56 69 14 60 26 32 79 70
split_gain=698.362 893.486 791.332 956.948 946.997 1005.94 1440.04 907.842 1305.88 901.716 923.089 901.616 873.687 1121.81 866.654 949.911 1209.06 867.642 957.882 927.593 921.9 1111.17 1019.51 899.863 885.552 872.622 943.998 903.342 1057.87 1236.5 1176.06 997.333 987.982 873.547 1086.37 862.132 859.776 2019.75 953.843 1063.12 906.751 858.306 856.566 1256.29 854.641 852.279 863.762 845.708 841.399 824.256 811.013 876.172 844.918 955.552 1023.48 979.043 942.975 805.922 913.729 959.666 938.82 937.362
threshold=67.770602006688975 28.510869565217394 18.836021505376348 17.508064516129036 0.59652777777777788 77.856666666666683 17.514705882352946 6.169540229885059 0.8005681818181819 15.573593073593075 0.21583850931677012 0.27428125000000009 2.7243095238095241 31.868115942028989 91.854331374480367 24.914855072463773 25.877500000000001 0.31894558823529412 0.8305331541218639 80.666093072998066 0.5478722826086958 15.183501683501683 67.203448275862087 0.75841042780748669 13.729020979020982 43.675438596491233 16.701851851851853 105.79691371095213 26.93933823529412 18.638181818181824 5.3651515151515161 0.33256385869565219 0.6615080645161292 26.803846153846155 1.0328971953624171 0.37715517241379315 19.986111111111114 107.26712573092202 0.55430384615384631 27.372685185185187 9.8038461538461572 0.74521282051282067 9.7537878787878807 0.47849242424242427 79.559396636429568 1.0000000180025095e-35 20.446360153256709 8.3655383708828044 158.65621165510291 31.196153846153852 14.289915966386557 0.73327222222222244 1.1918706216386283 0.43875000000000003 95.267587215801825 -12.878476351345297 0.6074142857142858 47.500000000000007 0.42657793522267212 0.49692261904761909 1.0368092454150548 8.6466019589092529
decision_type=2 2 2 2 2 2 2 2 2 2 2 2 2 2 2 2 2 2 2 2 2 2 2 2 2 2 2 2 2 2 2 2 2 2 2 2 2 2 2 2 2 2 2 2 2 2 2 2 2 2 2 2 2 2 2 2 2 2 2 2 2 2
left_child=-1 -2 3 7 5 9 -7 -3 12 -4 11 -11 -9 -14 15 -5 -17 19 20 44 21 22 -19 -20 -22 27 -27 32 29 -29 -31 -30 47 34 35 -32 57 38 39 -38 49 -35 -23 48 -16 46 -18 -24 -44 -40 51 -21 -52 54 -54 -55 -57 -26 60 -60 -59 -61
right_child=1 2 4 14 -6 6 -8 8 -10 10 -12 -13 13 -15 17 16 45 18 23 50 24 42 25 -25 36 26 -28 28 31 30 33 -33 -34 41 -36 -37 37 -39 40 -41 -42 -43 43 -45 -46 -47 -48 -49 -50 -51 52 -53 53 55 -56 56 -58 58 59 61 -62 -63
leaf_value=-0.012490207075725217 0.074436843129337252 -0.061861443009647667 0.03269155295706018 0.080427255205412357 -0.082357441087299199 0.08754335284637127 -0.17591111055905362 0.042124263654914847 -0.23246607766653365 0.015872995969262185 -0.010313761885741018 -0.091756380637575852 0.035907631377761186 -0.094924389911896043 -0.088974192231577626 -0.079632543066946365 -0.11146192326687152 -0.041048029757377522 0.05534620952640068 0.045099347941938366 0.18646027083864697 -0.044634129548858315 -0.05266515873082353 0.30754696852986413 0.11798713763742572 0.27503091321910017 -0.0061921813409579439 0.076390092834743822 0.072213768224430902 -0.19184913670216036 0.17421817032161516 -0.097838420073126195 0.0027077584520171613 0.057972301392121763 -0.05101734228755353 0.020420617222631041 -0.14463552490676324 -0.21439791556795437 -0.0040076870277583844 0.12712803380720405 -0.11029944463603485 0.29109682656736935 0.038447838950825576 -0.17920301042551345 0.15297908487552553 -0.12281798750322601 0.089704249098131184 0.16122961129026211 0.25321427865109664 0.14168924945535014 0.041995385088652228 0.19897790049722322 -0.24679591345520163 0.12092702521808407 -0.03262602264572715 0.21427503854679131 -0.0013300218479310817 0.096046845922283117 0.14249596702649414 -0.00099286062291575081 -0.16009411031225351 0.12949672071744095
leaf_weight=4445 211 465 508 421 213 236 28 421 28 131 3262 348 149 173 141 136 29 633 115 144 39 1188 633 20 153 30 28 538 58 33 47 152 2771 82 275 751 20 52 622 128 91 25 121 27 20 32 233 23 27 51 1322 66 33 96 150 25 973 25 100 369 56 82
leaf_count=4445 211 465 508 421 213 236 28 421 28 131 3262 348 149 173 141 136 29 633 115 144 39 1188 633 20 153 30 28 538 58 33 47 152 2771 82 275 751 20 52 622 128 91 25 121 27 20 32 233 23 27 51 1322 66 33 96 150 25 973 25 100 369 56 82
internal_value=1.97523e-05 0.00289258 0.0021021 0.00617529 -0.0103264 -0.00691719 0.0593083 -0.0232653 3.2927e-05 -0.0110393 -0.0169821 -0.062328 0.00894981 -0.0344114 0.00893597 0.0430881 0.00647129 0.00657786 0.00134957 0.0230595 -6.26313e-06 -0.00542878 0.000975448 0.0937321 0.0225566 0.00586389 0.140316 0.00440302 0.0233455 0.0322512 0.0126481 -0.050795 -0.00643703 0.0184488 0.00891121 0.0295867 0.0188475 -0.00329565 0.00884793 0.0900163 -0.0069198 0.113574 -0.0339842 0.0382149 -0.0585156 0.0463811 0.0672545 -0.0450434 0.0783724 0.00712504 0.0277459 0.0938356 0.0223875 0.00207735 -0.0718331 0.0144712 0.004172 0.0460291 0.0285239 0.0446735 -0.0808911 0.0228419
internal_weight=23804 19359 19148 14422 4726 4513 264 1236 771 4249 3741 479 743 322 13186 851 430 12335 9365 2970 9230 7442 6079 135 1788 5446 58 5388 1961 1751 1213 210 3427 1180 1073 798 1749 964 912 148 764 107 1363 175 161 294 262 656 148 673 2809 210 2599 1277 183 1094 998 785 632 551 81 451
internal_count=23804 19359 19148 14422 4726 4513 264 1236 771 4249 3741 479 743 322 13186 851 430 12335 9365 2970 9230 7442 6079 135 1788 5446 58 5388 1961 1751 1213 210 3427 1180 1073 798 1749 964 912 148 764 107 1363 175 161 294 262 656 148 673 2809 210 2599 1277 183 1094 998 785 632 551 81 451
is_linear=0
shrinkage=0.035


Tree=106
num_leaves=63
num_cat=0
split_feature=82 36 44 51 31 72 1 21 21 40 50 13 63 38 52 7 63 51 63 13 19 7 21 79 52 70 33 18 20 31 25 48 47 63 7 61 36 33 34 41 34 32 14 36 30 31 33 35 40 22 44 43 30 44 43 13 14 4 35 38 27 38
split_gain=669.551 723.071 1005.78 842.865 822.748 894.762 837.732 760.754 998.328 721.302 692.274 878.292 782.209 785.097 943.757 758.838 1292.39 1037.43 825.071 857.932 816.698 774.465 725.826 1234.28 1156.68 1376.15 1050.01 1044.66 961.366 1081.63 832.118 941.868 922.551 909.43 876.212 979.588 860.912 860.108 952.053 862.718 1059.79 986.558 830.522 851.824 966.064 873.608 799.258 764.915 751.364 1272.76 939.03 745.323 1267.28 800.915 743.555 737.656 735.494 922.543 761.24 733.184 728.805 975.292
threshold=187.50000000000003 0.74775595238095249 18.574175824175828 65.107846153846168 36.403703703703705 71.9203944877721 65.953463203463215 14.236694677871148 15.627314814814817 15.145502645502647 72.618857142857152 22.683014354066991 89.793700366153772 27.671568627450984 -3.440901185770755 0.37303898050974515 96.334050173802368 75.911345029239769 103.1416985575065 21.169540229885062 8.9183333333333348 0.37251666666666672 10.314144736842108 1.1530596667847375 -7.7536666666666667 6.9662381434553575 0.45701923076923084 18.508064516129036 3.2462121212121215 35.38278388278389 57.802777777777784 0.46738700690098517 0.37122993398568854 106.63729021738801 0.36401470588235302 0.36440682493633852 0.8121250000000001 0.57698076923076924 18.170289855072468 7.1348484848484857 9.0156250000000018 0.59085416666666679 0.6074142857142858 0.68540689655172427 21.127717391304351 35.430952380952384 0.59304761904761916 23.440972222222225 12.180194805194807 20.134848484848487 15.438750000000001 13.087595907928391 13.911067193675891 18.672043010752692 11.014705882352944 17.070197044334979 0.65302173913043482 0.42079655172413793 17.41277890466532 25.803225806451618 7.4721362229102182 22.540064102564106
decision_type=2 2 2 2 2 2 2 2 2 2 2 2 2 2 2 2 2 2 2 2 2 2 2 2 2 2 2 2 2 2 2 2 2 2 2 2 2 2 2 2 2 2 2 2 2 2 2 2 2 2 2 2 2 2 2 2 2 2 2 2 2 2
left_child=10 3 -3 -2 7 6 9 -5 -9 -6 12 15 13 -1 -15 21 17 -17 19 -18 -20 -12 23 24 25 -14 -26 30 29 -25 33 32 -32 34 37 -36 -33 38 39 41 -41 42 -24 -44 45 47 -39 51 49 50 -35 52 -45 55 -54 -53 58 -58 -47 -50 -42 -62
right_child=1 2 -4 4 5 -7 -8 8 -10 -11 11 -13 22 14 -16 16 18 -19 20 -21 -22 -23 27 28 26 -27 -28 -29 -30 -31 31 36 -34 48 35 -37 -38 46 -40 40 60 -43 43 44 -46 56 -48 -49 59 -51 -52 53 54 -55 -56 -57 57 -59 -60 -61 61 -63
leaf_value=-0.027202531323906567 -0.13192861612219561 0.0025720219084194732 -0.26234501118776277 0.16163006418216519 -0.023578511253992716 0.1733902294975293 -0.070665585891732705 -0.06823684444487374 0.15226370266346556 0.16382006591466289 0.022030097702908587 -0.012124517481318512 -0.01093812280061769 -0.059172616364126629 -0.30963365815769545 -0.13921368974744297 0.027162948140564722 0.092775045223403407 -0.0096765858079181331 0.19637949840296276 -0.19148361944262665 0.22802211557891636 -0.12456742216538781 -0.32625399194823373 0.16390448214750994 -0.26576402092370832 0.03245349019161909 -0.094146904846047846 0.017390020378546901 -0.042710836211665423 -0.1307292958792837 0.0070447629660496738 -0.016399054261685166 0.17322427984270558 -0.11965769756193516 0.018559668204604533 0.15070749712974124 -0.22318584073682626 0.080195487201213847 -0.2454650375691938 -0.029337723559580822 0.22288219025658401 0.011118765803019638 0.20348041212883866 0.18802429066385543 0.20876345670620602 -0.010540351162751517 -0.19195139945361578 -0.0011709079884466656 -0.152319632248445 0.037573419134737565 0.13471406666359623 0.01250448319764759 -0.063024168891592902 -0.060493734298248912 0.017328067110007325 0.014077898400054583 -0.098914013767199577 -0.035333954778255773 -0.13016538298435701 -0.17765610847451763 -0.042763742541196553
leaf_weight=612 28 122 20 143 52 39 118 53 47 48 3824 1778 175 57 27 140 237 28 315 43 33 22 91 31 79 30 1185 161 58 35 93 6624 1154 72 67 904 51 52 101 35 621 20 881 27 24 22 37 29 699 38 459 98 246 89 558 197 108 486 51 58 111 161
leaf_count=612 28 122 20 143 52 39 118 53 47 48 3824 1778 175 57 27 140 237 28 315 43 33 22 91 31 79 30 1185 161 58 35 93 6624 1154 72 67 904 51 52 101 35 621 20 881 27 24 22 37 29 699 38 459 98 246 89 558 197 108 486 51 58 111 161
internal_value=1.99752e-05 0.0344992 -0.0355053 0.0533486 0.0638526 0.0201124 -0.00762687 0.109962 0.0356055 0.0667055 -0.000979176 0.00878931 -0.0047317 -0.0410422 -0.141075 0.016801 -0.0142949 -0.100368 0.00878686 0.053466 -0.0271769 0.0232388 -0.00315252 0.019263 0.0282239 -0.0488026 0.0407335 -0.00562877 -0.0865536 -0.177395 -0.00462614 0.00293721 -0.0249775 -0.0140738 -0.0208881 0.00896225 0.00815414 -0.0280548 -0.0256227 -0.028406 -0.057806 -0.0190753 -0.0207792 -0.0174025 -0.0303895 -0.0331829 -0.135375 -0.0158395 0.011699 0.042071 0.056119 -0.0115559 -0.0301872 0.0287411 -0.0381602 0.0564979 -0.065488 -0.0783696 0.0391018 -0.0111383 -0.0503138 -0.0980495
internal_weight=23804 670 142 528 500 257 218 243 100 100 23134 6420 16714 696 84 4642 796 168 628 280 348 3846 16018 1593 1469 205 1264 14425 124 66 14264 7922 1247 6342 5016 971 6675 4045 3956 3855 928 2927 2907 2816 1935 1911 89 1244 1326 569 531 1215 831 384 804 295 667 594 73 757 893 272
internal_count=23804 670 142 528 500 257 218 243 100 100 23134 6420 16714 696 84 4642 796 168 628 280 348 3846 16018 1593 1469 205 1264 14425 124 66 14264 7922 1247 6342 5016 971 6675 4045 3956 3855 928 2927 2907 2816 1935 1911 89 1244 1326 569 531 1215 831 384 804 295 667 594 73 757 893 272
is_linear=0
shrinkage=0.035


Tree=107
num_leaves=63
num_cat=0
split_feature=58 59 57 80 39 46 56 43 28 69 15 76 71 71 29 24 38 61 33 81 64 36 30 20 49 42 39 24 14 28 15 76 14 62 2 41 64 34 76 9 70 51 25 33 50 12 12 28 3 74 27 12 12 38 22 71 24 49 43 8 66 42
split_gain=662.578 1056.96 1012 891.84 1052.95 832.796 919.986 887.359 831.245 1014.9 1166.98 821.974 820.36 868.38 1248.88 934.247 948.035 912.109 797.629 793.244 832.804 811.018 998.244 792.678 931.403 1007.61 786.367 764.561 758.522 1010.06 739.266 810.485 1423.52 974.489 905.902 1046.41 855.201 770.469 750.596 790.121 966.974 724.694 984.671 724.363 717.754 707.457 1035.22 1147.35 1078.1 962.274 813.524 811.96 788.243 705.897 701.068 871.374 777.625 761.264 862.144 777.552 825.408 774.536
threshold=1.0000000180025095e-35 1.0000000180025095e-35 1.0000000180025095e-35 3.9356919732526525 37.169540229885065 0.63484848484848488 91.854331374480367 15.339080459770118 27.38675213675214 -8.0598684638258415 8.1132478632478655 0.43945311895881156 71.114277504105104 71.532782493368714 0.31102272727272734 24.661904761904768 25.085144927536234 0.35290596298831356 0.57502380952380971 1.0385415127047584 333.50000000000006 0.66534523809523816 23.022727272727277 4.9848484848484853 -0.093749999999999889 3.7018518518518526 37.42206477732794 26.957427536231886 0.79948913043478276 20.957427536231886 10.661458333333334 -0.014138814376202456 0.73935416666666676 109.23076050468151 28.672043010752692 6.8198051948051956 239.50000000000003 11.014285714285716 -0.10332433924904545 36.236694677871157 6.9662381434553575 71.765576923076935 60.677995391705075 0.55601851851851858 64.858518518518537 12.957427536231886 11.253571428571432 20.842927631578952 56.82480818414323 -0.10462539264630874 8.4220647773279378 14.203448275862071 14.964901477832514 27.40454545454546 18.91833333333334 72.606583333333347 25.430952380952387 -0.13129508053221281 17.255434782608699 20.403703703703709 90.895531231276962 3.3900966183574881
decision_type=2 2 2 2 2 2 2 2 2 2 2 2 2 2 2 2 2 2 2 2 2 2 2 2 2 2 2 2 2 2 2 2 2 2 2 2 2 2 2 2 2 2 2 2 2 2 2 2 2 2 2 2 2 2 2 2 2 2 2 2 2 2
left_child=2 3 45 8 30 6 -6 -7 12 41 11 -11 18 14 15 -14 -17 -16 19 20 21 53 26 -15 25 27 -23 -25 -4 -30 31 34 37 36 38 -36 -34 -33 39 44 -41 -10 -43 -32 -5 46 49 48 -48 -1 51 -47 -52 -2 55 57 -56 59 61 60 -3 -59
right_child=1 54 28 4 5 7 -8 -9 9 10 -12 -13 13 23 17 16 -18 -19 -20 -21 -22 22 -24 24 -26 -27 -28 -29 29 -31 43 32 33 -35 35 -37 -38 -39 -40 40 -42 42 -44 -45 -46 50 47 -49 -50 -51 52 -53 -54 -55 56 -57 -58 58 -60 -61 -62 -63
leaf_value=0.080705121282678469 -0.048963927769462845 -0.10587704800234901 0.0032641447193249985 0.18788687734132592 -0.0024912274000121327 0.065901130096667149 0.28861669270807433 -0.17695669250953491 0.054750701214645953 0.12730073855090143 0.0021710617454778385 -0.066332407123512696 0.050312619586301052 -0.0056980757009378437 -0.13828720339183748 0.39147535790963606 0.072356786211634563 0.030209528139830938 -0.1246365608893302 -0.24203951630897302 -0.082778544444608693 -0.010521537840154921 0.19745547937317331 -0.12637337966802772 -0.023211122938654599 -0.22910638770934685 -0.1227684403196352 0.064637908040938621 -0.038286687029732605 0.22014109656902461 -0.094893558363575464 0.019246144239981906 0.1926653097377318 -0.26397663312423525 -0.226909054008814 0.010934758250529952 -0.12333351139828219 0.19326684454163129 -0.058401615447331398 0.022848479608960953 0.14336574244794056 -0.33860519515636361 -0.062884983412265782 0.073997625435617845 -0.018783860279298688 -0.084596891122823328 0.49945858337239518 0.084071638402445581 0.16758521283004021 -0.19263065029644386 0.30672753323887786 0.050661203768480885 0.008196451228891696 -0.22450037419732063 -0.036050728763681442 0.036148214588438587 0.0069970364217509023 0.011126129091117662 0.22867275718944832 -0.048334735978245738 0.080677711577333666 -0.011182530656967331
leaf_weight=68 605 31 2544 21 20 183 39 20 35 187 483 31 61 2281 47 27 20 229 113 21 312 2008 27 67 429 64 79 41 31 45 163 47 20 20 45 45 21 93 181 305 111 21 62 38 483 89 20 72 31 20 22 138 21 29 991 1240 1067 4370 20 87 382 3381
leaf_count=68 605 31 2544 21 20 183 39 20 35 187 483 31 61 2281 47 27 20 229 113 21 312 2008 27 67 429 64 79 41 31 45 163 47 20 20 45 45 21 93 181 305 111 21 62 38 483 89 20 72 31 20 22 138 21 29 991 1240 1067 4370 20 87 382 3381
internal_value=1.85108e-05 -0.00224139 0.0151052 -0.0111413 0.0105197 0.0754706 0.190686 0.0415811 -0.0166623 0.0165454 0.0325433 0.099661 -0.0208739 -0.00853616 0.0408701 0.141476 0.257945 0.00130541 -0.0334853 -0.0301214 -0.0286266 -0.0224632 -0.0120419 -0.0151263 -0.0508691 -0.119566 -0.0148005 -0.0538639 0.00653158 0.115123 -0.000180898 0.00888397 0.0738019 -0.066887 -0.00209539 -0.108545 0.031192 0.135147 0.00664836 0.0194748 0.0551476 -0.0781998 -0.134297 -0.0628421 -0.00998797 0.0617428 0.10969 0.175061 0.301385 0.0178065 0.0241266 -0.00242349 0.162784 -0.0571693 0.00478521 0.0087933 -0.013734 0.00468985 0.00199457 0.0465291 0.0665553 0.00139451
internal_weight=23804 20703 3101 9134 1855 262 59 203 7279 819 701 218 6460 3266 384 108 47 276 3194 3081 3060 2748 2114 2882 601 172 2087 108 2620 76 1593 1392 201 61 1191 90 41 140 1101 920 416 118 83 201 504 481 211 123 51 88 270 227 43 634 11569 9511 2058 8271 7771 500 413 7751
internal_count=23804 20703 3101 9134 1855 262 59 203 7279 819 701 218 6460 3266 384 108 47 276 3194 3081 3060 2748 2114 2882 601 172 2087 108 2620 76 1593 1392 201 61 1191 90 41 140 1101 920 416 118 83 201 504 481 211 123 51 88 270 227 43 634 11569 9511 2058 8271 7771 500 413 7751
is_linear=0
shrinkage=0.035


end of trees

feature_importances:
team_adj_d=430
opp_expected_points=385
expected_possessions=294
torvik_barthag_diff=179
pregame_total_projection=176
team_STL_roll=139
team_ORB_roll=134
prior_games=133
team_PF_roll=127
opp_3PA_roll=124
team_pace_roll=117
opp_FGA_roll=101
opp_FTA_roll=101
opp_3P%_roll=96
opp_TOV_roll=92
opp_PF_roll=92
team_FT%_roll=91
opp_FT%_roll=90
opp_DRB_roll=90
opp_pace_roll=87
team_TOV_roll=85
opp_2P_roll=85
torvik_adj_d_ratio=84
team_FGA_roll=83
opp_TRB_roll=80
opp_SOS_roll=80
opp_ORB_roll=79
team_SOS_roll=79
opp_2P%_roll=78
opp_FT_roll=78
team_3P%_roll=76
team_defensive_matchup=75
team_DRB_roll=74
opp_3P_roll=74
opp_adj_d=74
team_FT_roll=72
team_winpct_roll=72
team_rank=72
opp_points_roll=71
opp_STL_roll=71
opp_off_eff_roll=70
team_barthag=70
torvik_adj_d_diff=70
opp_FG_roll=68
team_2P%_roll=67
team_BLK_roll=67
opp_2PA_roll=64
delta_pace_roll=64
delta_SOS_roll=63
team_2PA_roll=62
team_AST_roll=60
is_home=60
torvik_rank_diff=60
team_3P_roll=58
team_3PA_roll=57
opp_adj_o=57
opp_winpct_roll=56
team_matchup_advantage=56
team_2P_roll=54
team_FG_roll=51
team_FTA_roll=51
team_TRB_roll=50
opp_AST_roll=50
opp_BLK_roll=50
team_expected_points=49
team_FG%_roll=48
opp_def_eff_roll=46
team_off_eff_roll=44
team_offensive_matchup=43
opp_FG%_roll=40
opp_eFG%_roll=40
team_def_eff_roll=39
torvik_barthag_ratio=38
team_points_roll=35
team_eFG%_roll=30
team_adj_o=29
opp_barthag=26
pregame_margin_projection=26
opp_rank=25
torvik_adj_o_ratio=25
is_conf_game=24
is_neutral=18
torvik_adj_o_diff=16

parameters:
[boosting: gbdt]
[objective: regression]
[metric: l2]
[tree_learner: serial]
[device_type: cpu]
[data_sample_strategy: bagging]
[data: ]
[valid: ]
[num_iterations: 2000]
[learning_rate: 0.035]
[num_leaves: 63]
[num_threads: 8]
[seed: 42]
[deterministic: 0]
[force_col_wise: 0]
[force_row_wise: 0]
[histogram_pool_size: -1]
[max_depth: -1]
[min_data_in_leaf: 20]
[min_sum_hessian_in_leaf: 0.001]
[bagging_fraction: 0.9]
[pos_bagging_fraction: 1]
[neg_bagging_fraction: 1]
[bagging_freq: 0]
[bagging_seed: 400]
[bagging_by_query: 0]
[feature_fraction: 0.9]
[feature_fraction_bynode: 1]
[feature_fraction_seed: 30056]
[extra_trees: 0]
[extra_seed: 12879]
[early_stopping_round: 0]
[early_stopping_min_delta: 0]
[first_metric_only: 0]
[max_delta_step: 0]
[lambda_l1: 0.1]
[lambda_l2: 0.5]
[linear_lambda: 0]
[min_gain_to_split: 0]
[drop_rate: 0.1]
[max_drop: 50]
[skip_drop: 0.5]
[xgboost_dart_mode: 0]
[uniform_drop: 0]
[drop_seed: 17869]
[top_rate: 0.2]
[other_rate: 0.1]
[min_data_per_group: 100]
[max_cat_threshold: 32]
[cat_l2: 10]
[cat_smooth: 10]
[max_cat_to_onehot: 4]
[top_k: 20]
[monotone_constraints: ]
[monotone_constraints_method: basic]
[monotone_penalty: 0]
[feature_contri: ]
[forcedsplits_filename: ]
[refit_decay_rate: 0.9]
[cegb_tradeoff: 1]
[cegb_penalty_split: 0]
[cegb_penalty_feature_lazy: ]
[cegb_penalty_feature_coupled: ]
[path_smooth: 0]
[interaction_constraints: ]
[verbosity: 1]
[saved_feature_importance_type: 0]
[use_quantized_grad: 0]
[num_grad_quant_bins: 4]
[quant_train_renew_leaf: 0]
[stochastic_rounding: 1]
[linear_tree: 0]
[max_bin: 255]
[max_bin_by_feature: ]
[min_data_in_bin: 3]
[bin_construct_sample_cnt: 200000]
[data_random_seed: 175]
[is_enable_sparse: 1]
[enable_bundle: 1]
[use_missing: 1]
[zero_as_missing: 0]
[feature_pre_filter: 1]
[pre_partition: 0]
[two_round: 0]
[header: 0]
[label_column: ]
[weight_column: ]
[group_column: ]
[ignore_column: ]
[categorical_feature: ]
[forcedbins_filename: ]
[precise_float_parser: 0]
[parser_config_file: ]
[objective_seed: 16083]
[num_class: 1]
[is_unbalance: 0]
[scale_pos_weight: 1]
[sigmoid: 1]
[boost_from_average: 1]
[reg_sqrt: 0]
[alpha: 0.9]
[fair_c: 1]
[poisson_max_delta_step: 0.7]
[tweedie_variance_power: 1.5]
[lambdarank_truncation_level: 30]
[lambdarank_norm: 1]
[label_gain: ]
[lambdarank_position_bias_regularization: 0]
[eval_at: ]
[multi_error_top_k: 1]
[auc_mu_weights: ]
[num_machines: 1]
[local_listen_port: 12400]
[time_out: 120]
[machine_list_filename: ]
[machines: ]
[gpu_platform_id: -1]
[gpu_device_id: -1]
[gpu_use_dp: 0]
[num_gpu: 1]

end of parameters

pandas_categorical:[]
