tree
version=v4
num_class=1
num_tree_per_iteration=1
label_index=0
max_feature_idx=82
objective=regression
feature_names=prior_games team_points_roll team_FG_roll team_FGA_roll team_FG%_roll team_3P_roll team_3PA_roll team_3P%_roll team_2P_roll team_2PA_roll team_2P%_roll team_eFG%_roll team_FT_roll team_FTA_roll team_FT%_roll team_ORB_roll team_DRB_roll team_TRB_roll team_AST_roll team_STL_roll team_BLK_roll team_TOV_roll team_PF_roll opp_points_roll opp_FG_roll opp_FGA_roll opp_FG%_roll opp_3P_roll opp_3PA_roll opp_3P%_roll opp_2P_roll opp_2PA_roll opp_2P%_roll opp_eFG%_roll opp_FT_roll opp_FTA_roll opp_FT%_roll opp_ORB_roll opp_DRB_roll opp_TRB_roll opp_AST_roll opp_STL_roll opp_BLK_roll opp_TOV_roll opp_PF_roll team_winpct_roll opp_winpct_roll team_SOS_roll opp_SOS_roll delta_SOS_roll team_pace_roll opp_pace_roll delta_pace_roll team_off_eff_roll team_def_eff_roll opp_off_eff_roll opp_def_eff_roll is_neutral is_home is_conf_game team_rank team_barthag team_adj_o team_adj_d opp_rank opp_barthag opp_adj_o opp_adj_d team_offensive_matchup team_defensive_matchup team_matchup_advantage expected_possessions team_expected_points opp_expected_points pregame_margin_projection pregame_total_projection torvik_barthag_diff torvik_barthag_ratio torvik_adj_o_diff torvik_adj_o_ratio torvik_adj_d_diff torvik_adj_d_ratio torvik_rank_diff
feature_infos=[1:60] [34:142] [10:50] [38:86] [0.217:0.71699999999999997] [0:20] [7:44] [0:0.71399999999999997] [4.5:46] [17:67] [0.19600000000000001:0.80800000000000005] [0.24099999999999999:0.82099999999999995] [1.5:42] [3.5:55] [0.1875:1] [1:24] [9:43] [16:58] [3:34] [0:20] [0:12.666666666666666] [4:31] [6:33] [34:121.66666666666669] [13:45.5] [37:88] [0.191:0.66100000000000003] [1:21] [8:43] [0.067000000000000004:0.73299999999999998] [7:41.5] [18:61] [0.22600000000000001:0.85699999999999998] [0.19900000000000001:0.81699999999999995] [1:31] [2:41] [0.25:1] [0:23] [10:40.333333333333336] [15:54.666666666666664] [2:32] [1:19] [0:14] [3:30] [7:34.5] [0:1] [0:1] [0:1] [0:1] [-1:1] [55.920000000000002:96.540000000000006] [54.119999999999997:93.599999999999994] [-32.439999999999998:29.72000000000001] [52.058111380145277:160.41572525982829] [48.906789413118531:167.55416819684172] [46.811740890688256:146.75724173288901] [44.14819944598338:185.06900878293601] [0:1] [0:1] [0:1] [1:363] [0.0069676367406739:0.98542392725461703] [78.954845282586604:127.719112129927] [79.068039169584594:127.771694835967] [1:363] [0.0065672819549683001:0.98620255288357705] [75.214554155758506:128.07815144694999] [78.783886681835:126.068797115641] [-39.16747806223799:39.624581338586992] [-37.508985901556599:37.523854303856211] [-38.858076423765198:39.872869995474588] [60.38164021164021:92.489999999999995] [52.378068504655594:99.041417978825578] [51.449490117235392:96.710274310295461] [-21.945377870077309:27.571975902156595] [112.94335434722234:190.48039574533169] [-0.85410835811716102:0.89517622556010967] [0.02540087984935821:69.069320862161376] [-30.0431463736398:37.341718415639008] [0.73133731854666217:1.4266762188052213] [-29.452327190247303:27.326225046596903] [0.73432077656361394:1.3037463706768369] [-355:355]
tree_sizes=5363 5612 5599 5609 5618 5605 5620 5634 5583 5607 5598 5622 5592 5601 5635 5615 5591 5584 5656 5595 5625 5611 5623 5623 5628 5626 5605 5621 5626 5616 5584 5630 5630 5629 5595 5648 5600 5643 5612 5640 5623 5583 5605 5616 5602 5612 5619 5624 5593 5641 5590 5588 5634 5603 5566 5619 5611 5580 5592 5576 5579 5603 5592 5562 5606 5586 5614 5580 5595 5632 5594 5575 5608 5600 5593 5572 5603 5566 5619 5577 5626 5561 5549 5567 5576 5552 5589 5608 5568 5574 5568 5537 5555 5603 5578 5578 5570 5579 5579 5567 5524 5554 5528 5547 5561 5569 5518 5571 5551 5528 5489

Tree=0
num_leaves=63
num_cat=0
split_feature=72 77 76 71 72 71 71 76 72 67 67 67 67 82 72 76 72 75 67 67 72 71 71 72 53 64 46 68 28 71 67 71 72 72 72 6 72 72 72 9 67 11 80 51 51 71 53 67 80 64 4 76 72 14 65 81 77 64 76 71 76 34
split_gain=281782 127543 56886.5 35752.4 31532.2 25872.1 19292.2 15734.8 15018.7 16835.1 13216.9 10368.1 8960.2 7982.71 6222.81 6139.66 5582.48 5536.53 5280.61 5243.27 4784 4723.21 4518.56 3905.84 3502.29 3492.81 3370.92 3265.79 2935.62 2830.59 2815.02 2812.92 2811.09 2805.32 2797.06 2775.26 2692.89 2638.08 2529.15 2511.78 2473.89 2441.72 2323.18 2278.04 2269.19 2265.41 2199.15 2159.18 2145.8 2171.17 1964.21 2005.14 1962.78 1961.04 1956.52 1952.55 1902.09 1887.13 1874.06 2806.39 1872.98 1814.45
threshold=72.361435682231289 1.4203210287708565 -0.054430237807769503 71.053188405797115 79.191419267652876 69.286277056277072 68.803690476190482 -0.020695097078161955 79.81965875861107 103.12835853956101 107.82907069619951 95.698574659325118 106.28516141450001 -49.499999999999993 69.12039057190718 0.53629418331533152 70.513896312469171 158.04265302238881 95.917433435402614 94.987364807172426 75.667769559439606 67.069372549019619 69.065241892610331 67.850574265081647 94.027585247342202 72.500000000000014 0.16397849462365588 -8.9113373824186422 28.673333333333336 73.442381270903027 106.89017544327251 71.442928571428581 76.263383040742539 82.138866105453701 76.809665385437256 21.403703703703709 63.565836839429757 85.437284430673671 76.048340251805584 37.877500000000005 96.192811622472917 0.47179285714285718 -2.5170922399699971 71.241739130434794 70.972820512820533 68.577695238095245 109.72403696601113 115.628895561405 -4.7118432545165509 217.50000000000003 0.42348809523809533 0.09730531830245305 81.902227067922794 0.75177097902097911 0.88644347347305119 0.97260292776367796 3.497621457746908 120.50000000000001 -0.057171334831292345 72.540104895104903 -0.28071444011232743 18.022727272727277
decision_type=2 2 2 2 2 2 2 2 2 2 2 2 2 2 2 2 2 2 2 2 2 2 2 2 2 2 2 2 2 2 2 2 2 2 2 2 2 2 2 2 2 2 2 2 2 2 2 2 2 2 2 2 2 2 2 2 2 2 2 2 2 2
left_child=2 3 5 7 10 21 13 18 9 19 20 -7 23 35 28 17 47 -6 32 -5 29 46 -9 -8 60 37 -12 -16 36 55 53 -25 54 40 -11 -4 -13 -10 -28 -30 -24 -33 45 56 -20 -15 -1 -14 -38 -50 -44 57 -17 -26 -2 -3 -22 -52 59 -21 -23 -27
right_child=1 4 6 8 15 11 12 22 25 34 26 14 16 42 27 52 -18 -19 44 58 43 24 33 31 30 61 38 -29 39 -31 -32 41 -34 -35 -36 -37 48 -39 -40 -41 -42 -43 50 -45 -46 -47 -48 -49 49 -51 51 -53 -54 -55 -56 -57 -58 -59 -60 -61 -62 -63
leaf_value=72.26367943867848 72.496346697387565 72.799248846272903 72.549411147420244 72.60371976523821 72.977664905501328 72.373628924048248 72.510874402669231 72.621109082259494 72.800788083210364 72.830196008910661 73.125406688130042 72.371081119655642 72.667340680121015 72.50771598874563 72.727116137136434 73.137013069042581 72.808798483318796 73.188713329830705 72.570145239012248 72.598628633697288 72.807233422534168 72.215194412638695 72.636299858327462 72.608311941729866 72.399807964132052 73.000729198906271 72.914652891299909 72.582789588009106 72.825292056809459 72.929373562557302 72.599232437040584 72.573819856077336 72.574926532718663 72.881208520613228 72.980424560313566 72.662402310992533 72.69089003892276 72.978514182960453 73.033389308069729 72.428802993450105 72.74024411777873 72.752282465448801 72.311914097705611 72.937805961542679 72.72018930356613 72.813266584488176 72.595745131375352 72.826057965508156 72.467075582115058 72.559095362628966 72.34815493315017 72.216989136351017 73.304974252706629 72.566058258511944 72.364623414274718 72.693881724877997 73.083148760575128 72.524249654875277 72.75820430045593 72.734198166778754 72.375579403332353 72.744989137814045
leaf_weight=495 287 730 549 670 484 466 347 891 458 802 175 187 1154 361 234 178 636 225 448 303 379 157 415 1066 1024 353 617 1063 62 153 111 124 243 123 188 517 78 132 348 28 863 382 148 582 170 32 26 115 826 511 98 38 184 96 272 306 33 317 799 487 220 38
leaf_count=495 287 730 549 670 484 466 347 891 458 802 175 187 1154 361 234 178 636 225 448 303 379 157 415 1066 1024 353 617 1063 62 153 111 124 243 123 188 517 78 132 348 28 863 382 148 582 170 32 26 115 826 511 98 38 184 96 272 306 33 317 799 487 220 38
internal_value=72.6729 72.789 72.548 72.7053 72.9403 72.468 72.6239 72.626 72.7748 72.7386 72.887 72.5271 72.6704 72.5376 72.5511 73.1054 72.7242 73.045 72.5345 72.6858 72.8365 72.372 72.6827 72.6171 72.4019 72.8948 72.9836 72.6088 72.5069 72.789 72.4307 72.6406 72.4752 72.7219 72.8589 72.6042 72.496 72.8408 72.9576 72.7012 72.7065 72.7085 72.4663 72.8931 72.6114 72.5328 72.2802 72.6818 72.5126 72.5022 72.4229 72.4596 73.2231 72.414 72.432 72.7682 72.8298 72.4823 72.7204 72.6822 72.3083 72.976
internal_weight=23804 12336 11468 7942 4394 5584 5884 3712 4230 3249 3323 3455 3824 2060 2989 1071 1905 709 1420 2259 2183 2129 2292 1919 1608 981 1140 1297 1692 1189 1231 1572 802 1401 990 1066 1602 590 965 90 1278 506 994 994 618 393 521 1269 1415 1337 601 453 362 1120 559 1036 412 415 1589 790 377 391
internal_count=23804 12336 11468 7942 4394 5584 5884 3712 4230 3249 3323 3455 3824 2060 2989 1071 1905 709 1420 2259 2183 2129 2292 1919 1608 981 1140 1297 1692 1189 1231 1572 802 1401 990 1066 1602 590 965 90 1278 506 994 994 618 393 521 1269 1415 1337 601 453 362 1120 559 1036 412 415 1589 790 377 391
is_linear=0
shrinkage=1


Tree=1
num_leaves=63
num_cat=0
split_feature=72 77 76 71 72 71 71 76 72 67 67 67 67 82 72 76 72 67 67 76 72 71 73 72 72 68 46 67 67 71 72 72 72 6 71 11 14 39 68 51 72 30 53 80 71 51 51 1 77 51 58 71 82 67 67 72 13 4 72 65 80 58
split_gain=262433 118787 52977.2 33297.1 29368.9 24095.6 17968.9 14654.6 13988.1 15678.8 12309 9655.82 8344.75 7436.05 5829.35 5719.53 5335.06 4918.28 4886.11 4490 4455.69 4208.14 3902.4 3846.15 3675.46 3309.26 3140.36 3122 2768.65 2649.59 2637.7 2618.04 2605.56 2584.55 2533.9 2611.44 2485.81 2483.45 2397.52 2362.83 2355.62 2178.42 2329.21 2164.9 2130.25 2120.69 2113.39 2096.81 2089.3 2079.4 2062.13 2130.99 2253.21 2035.29 1971.36 2723.09 1894.43 1838.59 1828.01 1822.18 1804.41 1794.62
threshold=72.361435682231289 1.4203210287708565 -0.054430237807769503 71.053188405797115 79.191419267652876 69.286277056277072 68.803690476190482 -0.020695097078161955 79.81965875861107 103.12835853956101 107.82907069619951 95.698574659325118 106.28516141450001 -49.499999999999993 68.650988647321782 0.53629418331533152 68.340226982478654 95.917433435402614 94.865442841358714 -0.336279171020196 75.667769559439606 69.065241892610331 77.187730559185241 59.032219886632298 65.750941387636871 -9.2831065280293412 0.16397849462365588 94.745902187470122 112.99615518368752 73.589500000000015 81.25390074784174 76.263383040742539 76.809665385437256 21.403703703703709 71.442928571428581 0.47179285714285718 0.74224568965517246 32.155048076923087 19.21050563947411 72.904142857142872 76.048340251805584 18.701851851851853 90.619870399768402 -2.5170922399699971 68.334437262808365 71.241739130434794 70.972820512820533 65.953463203463215 0.13644724490557517 67.320666666666668 1.0000000180025095e-35 72.540104895104903 24.500000000000004 100.32130525291451 97.711310192256903 81.663559009556465 20.292892156862749 0.43301724137931036 81.902227067922794 0.88644347347305119 -3.676695173553497 1.0000000180025095e-35
decision_type=2 2 2 2 2 2 2 2 2 2 2 2 2 2 2 2 2 2 2 2 2 2 2 2 2 2 2 2 2 2 2 2 2 2 2 2 2 2 2 2 2 2 2 2 2 2 2 2 2 2 2 2 2 2 2 2 2 2 2 2 2 2
left_child=2 3 5 7 10 19 13 17 9 18 20 -7 24 33 39 22 -14 31 -5 47 29 -9 54 -21 -8 -16 -12 -10 -18 60 37 59 -11 -4 61 -36 49 -23 53 48 -28 42 -41 44 -15 -22 -19 -1 -13 -25 -20 52 -52 -29 -6 -56 -54 -45 -17 -2 -3 -26
right_child=1 4 6 8 15 11 12 21 27 32 26 14 16 43 25 58 28 46 50 23 45 30 -24 36 34 -27 40 38 -30 -31 -32 -33 -34 -35 35 -37 -38 -39 -40 41 -42 -43 -44 57 -46 -47 -48 -49 -50 -51 51 -53 56 -55 55 -57 -58 -59 -60 -61 -62 -63
leaf_value=-0.45142788958180469 -0.17035583509445193 0.12807981606760935 -0.11914182837373892 -0.068384119601498553 0.12879303505683576 -0.28877896130902725 -0.25078069277223386 -0.049950403748572181 0.13718674275648185 0.15182292065926806 0.43674293573391748 -0.44834997103431007 -0.030602692798554851 -0.17892428201251651 0.046459899603158647 0.44794346909780136 0.066420851021975244 -0.099133505446987957 -0.042933421138309072 -0.60131902692347405 0.15147275083592446 0.099378683418071392 0.52743249060420827 -0.32495239693341005 -0.18588772234784692 -0.091907187156847758 0.23332723547375878 0.18228785589804375 0.19792450418477167 0.25910311876566672 0.17809850572877461 -0.094522584746260921 0.29681859753440965 -0.010101778000334035 -0.10450842842958014 0.064833751456975647 -0.14474468017286723 -0.0056473756978091929 0.43385119325402177 -0.13865029724350683 0.34791913122092638 -0.15121548102076135 0.14092219608497322 -0.32409019353839225 0.016390032794515966 0.25567106334269685 0.045667882507148032 -0.29978990090599772 -0.18467188302689486 -0.23708800086809317 0.0725998145552465 0.10375193207448899 -0.1400221941390167 0.3302909709305421 0.27486010299502439 0.44157041542049941 0.051941080276435028 -0.19536622363651124 0.61004047522667626 -0.2974778544495959 0.032969026386815134 -0.054600464729245776
leaf_weight=266 287 671 549 651 61 466 109 891 391 802 175 38 663 305 256 178 998 448 270 40 412 415 137 553 144 1216 617 324 244 133 166 243 188 517 152 415 220 820 88 67 348 311 79 213 88 582 170 202 1022 848 354 723 156 178 310 201 105 388 184 272 385 1099
leaf_count=266 287 671 549 651 61 466 109 891 391 802 175 38 663 305 256 178 998 448 270 40 412 415 137 553 144 1216 617 324 244 133 166 243 188 517 152 415 220 820 88 67 348 311 79 213 88 582 170 202 1022 848 354 723 156 178 310 201 105 388 184 272 385 1099
internal_value=5.09155e-07 0.112048 -0.120527 0.0312572 0.258053 -0.197743 -0.0472363 -0.0452411 0.0983858 0.0633923 0.206625 -0.140634 -0.00233971 -0.130556 -0.117492 0.417444 0.0495455 -0.133571 0.0124799 -0.290364 0.15788 0.00949936 0.359089 -0.263202 -0.0538477 -0.0678334 0.299855 0.214187 0.0923278 0.112074 0.0473147 -0.190733 0.179497 -0.0662912 -0.0419202 0.0193787 -0.254674 0.0296679 0.26505 -0.165637 0.274814 -0.0989272 0.012566 -0.199404 -0.135216 0.212584 -0.059291 -0.386375 -0.194335 -0.271876 0.0452309 0.063034 0.0151145 0.23505 0.318338 0.340809 -0.0628306 -0.241224 0.531073 -0.232428 0.0934393 -0.0698814
internal_weight=23804 12336 11468 7942 4394 5584 5884 3712 4230 3249 3323 3455 3824 2060 2989 1071 1905 1420 2259 2129 2183 2292 709 1661 1919 1472 1140 981 1242 1189 1401 802 990 1066 1810 567 1621 1235 590 1517 965 457 146 994 393 994 618 468 1060 1401 1608 1338 615 502 572 511 261 601 362 559 1056 1243
internal_count=23804 12336 11468 7942 4394 5584 5884 3712 4230 3249 3323 3455 3824 2060 2989 1071 1905 1420 2259 2129 2183 2292 709 1661 1919 1472 1140 981 1242 1189 1401 802 990 1066 1810 567 1621 1235 590 1517 965 457 146 994 393 994 618 468 1060 1401 1608 1338 615 502 572 511 261 601 362 559 1056 1243
is_linear=0
shrinkage=0.035


Tree=2
num_leaves=63
num_cat=0
split_feature=72 77 76 71 72 71 71 76 72 67 67 80 67 72 75 67 76 75 67 76 67 71 71 71 72 64 54 64 72 71 80 72 76 64 72 72 46 72 72 37 72 21 51 58 80 39 80 39 68 62 51 44 71 27 67 51 78 22 64 71 18 28
split_gain=244524 110931 48570.6 31841.5 28088.2 21191.8 16742.5 13689.7 13114.1 14608 11364 8239.7 7483.18 6803.86 6254.93 5817.81 5327.18 4884.37 4837.92 4716.62 4489.05 4383.57 3883.15 3501.98 3324.38 3126.63 3114.35 3072.3 2946.49 2940.27 3193.06 2919.19 2821.45 2636.01 2701.24 2610 2535.59 2520.76 2481.8 2479.7 2453.16 2433.8 2429.88 2370.27 2352.29 2313.91 2301.67 2293.38 2218.22 2058.36 2055.2 2055.14 2018.59 1961.29 1960.19 1920.66 1996.74 1901.2 1829.74 1815.54 1795.89 1774.16
threshold=72.252501871552298 1.4203210287708565 -0.064186729352028501 71.053188405797115 79.191419267652876 69.500149425287375 69.803412698412714 -0.020695097078161955 79.81965875861107 103.12835853956101 107.82907069619951 -3.1890284433509986 97.943770521784117 67.850574265081647 136.12647723855997 108.98103589057102 0.53629418331533152 158.04265302238881 94.987364807172426 -0.29332732991428589 95.698574659325118 70.283555555555566 69.065241892610331 66.737365217391314 70.238703084206108 72.500000000000014 96.83858538979338 221.50000000000003 74.893689840308198 71.729466666666681 -13.541274543184292 64.610711977847004 -0.37158248194558985 122.50000000000001 67.917551150500387 76.263383040742539 0.30602006688963218 81.25390074784174 76.60760460245065 7.2540322580645169 82.694217398536964 14.963527851458887 72.816125000000014 1.0000000180025095e-35 -15.306492626130845 32.905505952380956 -10.912851161900397 35.603571428571435 -7.3398997224595979 98.492222160236324 71.070886699507398 18.62731481481482 73.646376811594223 9.6720430107526898 107.65222583130301 75.665333333333351 -5.0539982170251454 14.81365740740741 108.50000000000001 67.849721428571428 14.014705882352944 22.295206971677562
decision_type=2 2 2 2 2 2 2 2 2 2 2 2 2 2 2 2 2 2 2 2 2 2 2 2 2 2 2 2 2 2 2 2 2 2 2 2 2 2 2 2 2 2 2 2 2 2 2 2 2 2 2 2 2 2 2 2 2 2 2 2 2 2
left_child=2 3 5 7 10 19 11 20 9 18 21 13 32 58 -14 24 17 -6 -5 41 35 -3 -9 -21 -8 40 -25 42 -23 61 -31 -17 -7 -13 -35 -2 51 45 -11 -28 -10 -1 49 -20 -33 -24 -30 -32 -26 -16 -22 -15 -46 59 -36 -45 -57 -44 -4 -38 -59 -12
right_child=1 4 6 8 16 12 15 22 25 38 29 33 14 36 27 31 -18 -19 43 23 50 28 37 26 48 -27 39 -29 46 30 47 44 -34 34 54 -37 53 -39 -40 -41 -42 -43 57 55 52 -47 -48 -49 -50 -51 -52 -53 -54 -55 -56 56 -58 60 -60 -61 -62 -63
leaf_value=-0.33030160253209861 -0.2267608857218153 0.081667013273460418 -0.43003894040163826 -0.066579845495671156 0.28335234319803887 -0.31099221918895026 -0.065820442102992274 -0.048922931270520116 0.088224789923553079 0.14310962212528822 0.29661247652896133 -0.28276910029319824 -0.22961012355683028 0.17550932229231014 -0.1749040178673531 -0.16879265540440877 0.5125366253425746 0.48156690170627481 -0.048836062418958534 -0.36666584796582402 -0.098252907790597713 0.12236048350221117 0.07879742094356422 -0.33384857580951166 0.12075245013927606 0.28352893943429985 -0.097441587324114801 -0.0012060254923103994 0.34854178887343562 0.52754609221464555 0.33419748134405725 0.30190024910851576 -0.17316861211365334 -0.21182656441245235 -0.13015644480641103 -0.087938216058463178 -0.12041894454292415 0.17188377276877384 0.27713561640418294 -0.22372462715014405 0.23141878989035486 -0.54954637630526904 0.26137189681189404 0.045220948254207964 0.061614461234782154 -0.016622193637261022 0.1993579054932412 0.092129063924690627 -0.0055715417468735068 -0.069454972021659872 0.041795405939264334 -0.038745583329869042 0.22542364618746225 0.15016826591508609 0.021496998998739945 -0.051125826475711983 0.20876462057158968 -0.083982988102674794 -0.12687275833224451 -0.00054502691325048033 0.11161830538643733 0.17548873813239449
leaf_weight=626 555 747 25 674 484 317 1017 902 313 794 281 201 404 164 606 52 362 225 274 237 494 561 572 241 228 391 250 478 153 97 402 65 434 483 684 238 242 166 216 817 277 70 24 1123 692 682 766 55 668 364 173 82 106 70 123 45 181 389 626 428 67 321
leaf_count=626 555 747 25 674 484 317 1017 902 313 794 281 201 404 164 606 52 362 225 274 237 494 561 572 241 228 391 250 478 153 97 402 65 434 483 684 238 242 166 216 817 277 70 24 1123 692 682 766 55 668 364 173 82 106 70 123 45 181 389 626 428 67 321
internal_value=1.30544e-06 0.10646 -0.118197 0.0290686 0.246661 -0.19501 -0.0495233 -0.0449556 0.0943562 0.0609999 0.197153 -0.105313 -0.135437 -0.0510731 -0.10445 0.0121915 0.402874 0.346555 0.0122088 -0.276915 -0.128913 0.150874 0.0078489 -0.242654 -0.0225268 0.20671 -0.22005 -0.0781694 0.185763 0.286203 0.344581 0.0847537 -0.231517 -0.164825 -0.146343 -0.185183 0.00691282 0.043918 0.171899 -0.194199 0.155598 -0.352736 -0.103529 0.0449407 0.100124 0.0269138 0.224375 0.305205 0.0266189 -0.135393 -0.0619192 0.104143 0.0835055 -0.0254534 -0.107039 0.0640017 0.157002 -0.0390562 -0.138842 -0.0439055 -0.0551449 0.232232
internal_weight=23804 12524 11280 8070 4454 5324 5956 3782 4288 3307 3383 3128 3083 1637 2332 2828 1071 709 2297 2241 1460 2227 2322 1545 1913 981 1308 1928 1480 1156 554 915 751 1491 1290 793 986 1420 1010 1067 590 696 1450 1623 863 1254 919 457 896 970 667 246 798 740 807 1349 226 480 651 670 456 602
internal_count=23804 12524 11280 8070 4454 5324 5956 3782 4288 3307 3383 3128 3083 1637 2332 2828 1071 709 2297 2241 1460 2227 2322 1545 1913 981 1308 1928 1480 1156 554 915 751 1491 1290 793 986 1420 1010 1067 590 696 1450 1623 863 1254 919 457 896 970 667 246 798 740 807 1349 226 480 651 670 456 602
is_linear=0
shrinkage=0.035


Tree=3
num_leaves=63
num_cat=0
split_feature=82 1 1 76 51 75 51 51 77 76 77 1 75 67 58 76 1 67 75 67 67 75 67 51 51 75 51 75 75 58 77 75 65 75 75 75 6 75 82 64 67 73 67 12 51 76 67 41 75 1 76 7 77 67 64 76 51 51 50 75 27 49
split_gain=207546 70131.9 49008.2 30914.5 27276.8 24790.1 21021.2 16467.5 14920.2 11221.1 10150.7 9749.98 6661.84 6480.42 6367.67 5583.23 5463.21 5926.11 5197.1 5672.85 4762.9 4187.86 4152.64 4079.12 4028.13 3865.96 3611.53 3555.17 3332.3 3243.46 3209.03 3169.01 3915.52 3051.52 2935.93 2829.49 2823.61 2748.97 3003.12 2743.33 2697.24 2734.39 2534.63 2481.03 2448.94 2419.73 2415.32 2361.35 2312.12 2269.39 2207.45 2200.57 2163.74 2119.92 2111.15 2092.16 2089.51 2070.07 2282.3 2026.57 2019.74 1952.43
threshold=-17.499999999999996 75.482676224611723 73.01666666666668 0.44837742668080111 71.28255578093308 139.83756541411458 70.009444444444469 71.58750000000002 1.4681383024068106 -0.28071444011232743 3.497621457746908 64.609126984127002 150.22922539310869 95.457210411526418 1.0000000180025095e-35 -0.044840925176342493 63.755000000000003 100.80826304556651 163.18628370320582 102.95070361273902 106.28516141450001 132.83451084977435 109.28637240219051 74.753500000000017 74.753500000000017 131.95160213818158 66.281052631578959 161.55321756425818 160.34885538843437 1.0000000180025095e-35 1.6461855812205155 145.37534960452507 0.25129069462633907 141.26741157111616 139.92531044380755 155.98478560749234 27.40454545454546 138.69402898177444 -100.49999999999999 66.500000000000014 104.61950078034951 71.826764869849171 100.60908512129551 10.49193548387097 67.601111111111138 -0.23158236487254943 95.457210411526418 7.169540229885059 154.2115069455634 76.014705882352956 0.25457916585265206 0.36751190476190482 2.8113022773188692 97.621244520612763 76.500000000000014 0.15842721715297106 69.771314285714297 71.001693121693123 68.17623529411766 125.42294135211496 7.1690476190476202 -0.13737389793727667
decision_type=2 2 2 2 2 2 2 2 2 2 2 2 2 2 2 2 2 2 2 2 2 2 2 2 2 2 2 2 2 2 2 2 2 2 2 2 2 2 2 2 2 2 2 2 2 2 2 2 2 2 2 2 2 2 2 2 2 2 2 2 2 2
left_child=1 5 4 7 9 10 15 22 40 36 21 53 20 -13 28 26 59 34 19 50 -5 -1 27 -15 47 56 46 37 -8 -17 -23 32 -10 44 39 -21 43 -3 -39 -18 41 -7 -28 -2 51 -26 -4 49 -49 -16 -9 -19 -14 -6 -43 -20 -12 -22 -59 -11 -51 -31
right_child=2 3 6 12 11 8 14 18 31 16 25 13 52 23 24 29 17 33 55 35 57 30 -24 -25 45 -27 42 -29 -30 61 -32 -33 -34 -35 -36 -37 -38 38 -40 -41 -42 54 -44 -45 -46 -47 -48 48 -50 60 -52 -53 -54 -55 -56 -57 -58 58 -60 -61 -62 -63
leaf_value=-0.14737340596466508 -0.42262720671771037 -0.050838943172770233 -0.37744414427786172 0.21545555305348252 -0.31291443432772276 -0.063388657851900052 -0.11030949117373798 0.10349723833779205 0.21304425132292182 -0.43154799636290042 -0.10242623872980064 -0.15619933618718498 0.39883007380038232 -0.041448874831240247 0.032517407910524092 -0.15850008859955148 -0.54039362361339427 -0.24113452776549169 0.30053430946718501 0.25655455747910072 0.32045424525587923 -0.094487275047319241 0.22733540610251318 0.070986348215628312 -0.022821663722064761 0.17524589722827921 -0.15226308691716667 0.28049880163281465 0.092821488308270333 -0.17184826808536052 0.0011148626836153567 0.23363419558730078 0.071038504118245471 -0.030592572396377218 -0.17554000563428385 0.43046328426332686 -0.05398102908518828 0.15802383470459874 0.056590861944054362 -0.25219555698951368 0.097546766283923864 -0.037528139280935097 -0.03250590979166721 -0.28816513727290971 -0.10595638088029802 0.2046387488286604 -0.16310426153551577 -0.039281951044555063 0.079163653935460349 0.032169877433239437 0.24786951958373959 0.11834159962071315 0.57134702311548702 -0.15634258320004371 0.082949667190060486 0.54287422530006724 0.11068215174393951 0.17397934217320549 0.56642556566042568 -0.24891402240725083 0.18313911763158891 0.034354401867494819
leaf_weight=671 216 195 115 316 131 505 382 443 424 93 135 453 163 1376 435 170 45 322 88 714 156 819 286 554 67 310 624 107 133 62 905 647 543 431 1119 138 53 517 1161 410 476 273 332 813 789 390 149 472 352 152 184 22 217 565 511 92 96 22 122 397 382 562
leaf_count=671 216 195 115 316 131 505 382 443 424 93 135 453 163 1376 435 170 45 322 88 714 156 819 286 554 67 310 624 107 133 62 905 647 543 431 1119 138 53 517 1161 410 476 273 332 813 789 390 149 472 352 152 184 22 217 565 511 92 96 22 122 397 382 562
internal_value=2.19361e-06 0.109302 -0.0977135 0.208351 -0.151848 0.0321062 -0.0094754 0.164121 0.0967406 -0.204802 -0.0422832 -0.0708218 0.382477 -0.0371424 0.0531689 -0.0954727 -0.175252 -0.158229 0.247901 0.226138 0.310876 -0.073214 0.10274 -0.00916288 0.0785783 0.0945816 -0.142471 0.0846886 -0.0578045 -0.0232101 -0.0443139 0.173634 0.133385 -0.109914 -0.206185 0.284963 -0.303756 0.0734287 0.0878827 -0.281268 0.0263944 8.90594e-05 -0.110716 -0.316585 -0.140058 0.171295 -0.257022 0.0549035 0.0113292 0.0919288 0.146034 -0.217996 0.497977 -0.186021 0.0409959 0.425577 -0.0137988 0.410848 0.507302 -0.283989 0.140243 0.0137395
internal_weight=23804 11236 12568 4921 7789 6315 4779 3925 3379 4710 2936 3079 996 2383 2765 2014 3628 3138 1659 1479 616 2395 2266 1930 2250 541 1220 1980 515 794 1724 1614 967 1564 1574 852 1082 1873 1678 455 1765 1289 956 1029 1133 457 264 1793 824 969 627 344 380 696 784 180 231 300 144 490 534 624
internal_count=23804 11236 12568 4921 7789 6315 4779 3925 3379 4710 2936 3079 996 2383 2765 2014 3628 3138 1659 1479 616 2395 2266 1930 2250 541 1220 1980 515 794 1724 1614 967 1564 1574 852 1082 1873 1678 455 1765 1289 956 1029 1133 457 264 1793 824 969 627 344 380 696 784 180 231 300 144 490 534 624
is_linear=0
shrinkage=0.035


Tree=4
num_leaves=63
num_cat=0
split_feature=72 77 76 72 71 71 71 67 76 72 67 67 67 77 82 72 75 72 64 71 67 68 75 72 67 71 72 72 80 76 72 51 72 67 62 37 68 58 77 72 64 0 6 55 71 71 46 75 27 53 49 72 30 17 67 38 77 51 80 11 48 66
split_gain=214021 96027.1 43338.6 26281.1 25149.9 19752.5 15037.3 12223 9764.24 9247.97 11215.1 8200.79 7016.77 6398.33 6231.02 5066.84 4966.44 4396.67 4325.1 3945.51 3847.05 3820.36 3653.49 3338.1 3558.73 3253.59 3199.95 2916.41 2800.54 2779.95 2692.12 2661.78 2457.6 2438.87 2423.75 2353.54 2326.3 2323.65 2300.53 2260.87 2621.93 2225.13 2224.92 2112.51 2059.87 2057.23 2038.65 2207.09 2026.41 1993.17 1989.16 2728.17 1976.3 1914.71 1969.33 1899.48 1879.94 1847.41 1826.96 1800.39 1793.75 1730.29
threshold=72.361435682231289 1.2978955688661171 -0.054430237807769503 79.962038728025547 71.053188405797115 69.286277056277072 68.803690476190482 103.82347488611151 -0.025015037437533496 79.962038728025547 100.80826304556651 95.698574659325118 106.28516141450001 2.089019223424605 -49.499999999999993 76.538972410747547 136.12647723855997 70.513896312469171 221.50000000000003 67.069372549019619 95.917433435402614 -4.1957321892498447 158.36338377406699 81.663559009556465 95.088872316677111 70.233785822021119 65.750941387636871 66.130175543116508 -14.792545470603249 -0.086468635228430471 85.437284430673671 72.816125000000014 76.263383040742539 101.32852726168302 100.29628569518552 13.508620689655173 -4.7639346160466465 1.0000000180025095e-35 2.1805793481549549 84.818002874767089 120.50000000000001 6.5000000000000009 25.673333333333336 89.607523761076052 71.442928571428581 72.424142857142883 0.35599078341013829 131.95160213818158 10.236694677871148 109.72403696601113 -0.070314492456152441 76.337278798327489 15.646110056925997 38.016129032258071 106.9788932108065 26.016129032258068 3.497621457746908 70.972820512820533 -2.0835469284004513 0.47179285714285718 0.75650739675464951 102.32161034522701
decision_type=2 2 2 2 2 2 2 2 2 2 2 2 2 2 2 2 2 2 2 2 2 2 2 2 2 2 2 2 2 2 2 2 2 2 2 2 2 2 2 2 2 2 2 2 2 2 2 2 2 2 2 2 2 2 2 2 2 2 2 2 2 2
left_child=2 4 5 7 8 19 14 25 20 10 29 -7 26 22 34 21 61 46 31 49 32 28 -5 24 60 -3 -8 -21 -9 35 43 42 -2 -29 -4 45 -36 -28 -17 40 -11 -12 -18 -15 -39 -6 47 -14 52 -1 -47 -52 -16 54 55 -43 -49 -22 -27 -46 -10 -13
right_child=1 3 6 13 9 11 12 15 23 39 41 16 17 30 48 38 18 -19 -20 27 57 -23 -24 -25 -26 58 37 33 -30 -31 -32 -33 -34 -35 36 -37 -38 44 -40 -41 -42 53 -44 -45 59 50 -48 56 -50 -51 51 -53 -54 -55 -56 -57 -58 -59 -60 -61 -62 -63
leaf_value=-0.36212769892596003 -0.21448481138777861 0.035506873661669443 -0.14399878787687961 0.20813548304183874 -0.10852871259170421 -0.26349950096697927 -0.2324648269968082 0.44142179027218492 -0.070120883479700871 0.12327766482334235 0.021167741401758373 -0.19040272588683044 -0.04252837083831762 0.58081944465143975 -0.29734998627453618 0.22979229521213146 -0.15766980505236491 0.12116600715442732 0.0022002109788173828 -0.29971121045007637 -0.093902444484636083 0.13797178923901873 0.39448943953872173 0.14539911524613283 0.018479590492179326 0.17489396273227986 -0.14166234221388962 -0.23940217132865294 0.22215103603896552 0.037143389177871307 0.64628550762295722 -0.047036043961893939 -0.078015219096488619 -0.12672091718715842 0.073952688500720218 -0.41185198776666515 -0.063715747731847877 -0.048919019813867481 0.34686264332061728 0.2839764370111944 0.34095888330590346 0.077090872038630437 -0.039326003864918788 0.38466897779893872 -0.075654724431838918 -0.093816094690236024 -0.046911038323921739 0.059603032860555315 0.12117654582014625 -0.046620850566423164 -0.030325713357549289 0.1729627134855227 -0.16645693413774637 0.34189177346326471 0.21582869039196995 0.21595643567320236 0.26145962889711988 0.043424022889173075 0.071313755282656946 0.078052322394942128 -0.32054077653725938 -0.52012775881697493
leaf_weight=495 545 594 301 292 331 466 109 79 550 557 188 504 246 89 173 376 1100 636 545 562 430 862 234 173 1234 624 229 684 763 933 87 583 231 362 205 21 560 1099 469 205 77 545 237 315 126 169 496 463 26 26 196 137 795 61 296 155 64 166 315 356 37 20
leaf_count=495 545 594 301 292 331 466 109 79 550 557 188 504 246 89 173 376 1100 636 545 562 430 862 234 173 1234 624 229 684 763 933 87 583 231 362 205 21 560 1099 469 205 77 545 237 315 126 169 496 463 26 26 196 137 795 61 296 155 64 166 315 356 37 20
internal_value=3.23086e-06 0.101189 -0.108841 0.217517 0.0192176 -0.17868 -0.0425519 0.177815 -0.0507478 0.080055 0.0515792 -0.126974 -0.00148079 0.376705 -0.118772 0.224785 -0.105647 0.046097 -0.0848122 -0.26254 -0.122594 0.189917 0.291341 -0.00129282 -0.015267 0.0996652 -0.048713 -0.235251 0.242978 -0.00461018 0.467759 -0.109507 -0.173941 -0.200488 -0.0599447 -0.0502253 -0.0267954 -0.0375842 0.294941 0.182866 0.149969 0.132202 -0.136717 0.428554 -0.0224667 -0.0408629 0.00843803 0.043965 -0.181795 -0.346449 0.00381003 0.0534329 -0.189995 0.151928 0.140125 0.107977 0.0843482 -0.0556436 0.140207 0.0378276 -0.0861708 -0.203478
internal_weight=23804 12336 11468 5099 7237 5584 5884 4082 3366 3871 3032 3455 3824 1017 2060 2549 2989 1905 2465 2129 1372 1704 526 1994 1821 1533 1919 1608 842 1787 491 1920 776 1046 1066 854 765 1810 845 839 634 1245 1337 404 1581 833 1269 773 994 521 502 333 968 1057 996 700 527 596 939 482 587 524
internal_count=23804 12336 11468 5099 7237 5584 5884 4082 3366 3871 3032 3455 3824 1017 2060 2549 2989 1905 2465 2129 1372 1704 526 1994 1821 1533 1919 1608 842 1787 491 1920 776 1046 1066 854 765 1810 845 839 634 1245 1337 404 1581 833 1269 773 994 521 502 333 968 1057 996 700 527 596 939 482 587 524
is_linear=0
shrinkage=0.035


Tree=5
num_leaves=63
num_cat=0
split_feature=72 77 67 72 72 71 67 67 72 76 72 67 67 71 72 77 80 71 72 67 67 75 64 72 67 71 80 71 76 76 51 67 13 72 34 25 80 72 0 46 0 72 64 72 51 72 27 71 55 46 49 72 6 78 22 74 67 39 22 17 58 32
split_gain=199428 89798 40502.9 27086 25043.9 23923.7 14136.7 11431.1 9286.88 9101.83 8700.61 10572.4 7746.74 7122.71 6656.76 5960.86 4411.76 4035.34 3892.49 3789.32 3758.48 3402.81 3235.69 3229.22 3224.72 3034.8 3032.89 2990.16 2891.74 2702.38 2695.36 2654.52 2549.57 2509.01 2487.57 2415.13 2403.21 2361.86 2326.86 2257.05 2169.47 2105.71 2443.28 2101.28 2081.06 2119.66 2228.43 1999.09 1969.11 1935.62 1916.6 2486.61 1900.79 1998.12 1960.52 1869.39 1854.63 1817.79 1799.23 1768.62 1749.18 1710.16
threshold=72.252501871552298 1.2978955688661171 100.47616900867801 67.181919381988649 79.962038728025547 71.053188405797115 107.55730062545051 108.10206441387051 67.489532728513481 -0.020695097078161955 79.962038728025547 100.96072724067601 94.37828791846951 70.283555555555566 63.565836839429757 2.089019223424605 -3.1890284433509986 70.378214285714293 74.149965761366914 114.09729020649051 92.824470055097862 158.36338377406699 80.500000000000014 81.663559009556465 97.194420827449065 71.729466666666681 -9.2421420694200531 68.677472222222249 -0.086468635228430471 0.50005507563157447 68.459178981937626 102.08712027517002 16.017241379310349 85.437284430673671 10.60357142857143 57.672619047619058 -5.7224820350990973 77.666161793627268 3.5000000000000004 0.45993589743589747 6.5000000000000009 84.818002874767089 120.50000000000001 69.814950618217111 72.99813852813854 60.544321150179478 10.134848484848487 72.424142857142883 89.607523761076052 0.12771739130434781 -0.070314492456152441 76.468053279723961 20.507142857142863 -9.6298735975167471 21.38675213675214 -2.3984180884973649 101.18539927343902 34.546920821114377 21.844129554655876 38.016129032258071 1.0000000180025095e-35 0.46258578431372549
decision_type=2 2 2 2 2 2 2 2 2 2 2 2 2 2 2 2 2 2 2 2 2 2 2 2 2 2 2 2 2 2 2 2 2 2 2 2 2 2 2 2 2 2 2 2 2 2 2 2 2 2 2 2 2 2 2 2 2 2 2 2 2 2
left_child=2 5 8 14 7 9 16 13 22 20 11 28 60 49 44 21 52 -18 -15 43 55 -6 -1 24 -11 -9 -16 34 32 57 -28 -20 -7 48 -14 -22 -29 56 -34 -33 -13 42 -12 -8 45 -4 -47 -40 -17 -3 -49 -52 -5 -54 61 -2 -37 -27 -32 -42 -10 -55
right_child=1 4 3 6 15 10 19 25 12 23 41 40 27 18 26 33 17 -19 31 -21 35 -23 -24 -25 -26 29 30 36 -30 -31 58 39 38 -35 -36 37 -38 -39 47 -41 59 -43 -44 -45 -46 46 -48 50 -50 -51 51 -53 53 54 -56 -57 -58 -59 -60 -61 -62 -63
leaf_value=-0.39196311699337577 -0.29172026050780586 0.30398629283746087 -0.40600615116419553 -0.057143401404346851 0.20086319348920442 -0.24012260128567176 0.00027966754470310471 0.20584137502436234 -0.37429960973364867 -0.063187896111116859 0.11896681626613166 0.018918290282250078 -0.057225418669544954 0.08137057053828789 0.0032540068235754234 0.56060433116638464 -0.13250877162756672 -0.041379457282197815 0.13128524534133279 0.18942764029638282 -0.14551897242223064 0.38071174937864743 -0.25419501710285569 0.14470657265221271 0.030538453628702077 0.31430839587153908 -0.20172749715670621 0.10339814213987526 0.038208295468902261 0.47710015397376798 -0.10015890507663178 0.27836346977429149 -0.2160891086230215 0.62379476585149773 -0.23841967901207803 -0.095166472492791379 -0.11438575375940183 0.14267074260439561 -0.081240206910300372 0.17241312195607489 0.13610615887419725 0.27406144475748362 0.3291023128457608 0.081656154123390848 -0.064175586499214191 -0.25975817243595922 0.099725746751493899 -0.075648518395492401 0.3712268983095578 0.047622969412999441 0.0042950100842305038 0.21065115176312468 -0.19704262496127803 0.19030686240330819 -0.22788595962120317 -0.14505763129309501 0.065162686958048083 0.13946530726372872 -0.38738654302927583 0.33002284926515285 -0.24003517714395148 0.036910119976727176
leaf_weight=298 168 37 125 454 292 78 764 616 163 868 557 190 118 449 202 89 1158 1226 482 246 391 234 722 170 932 392 573 65 952 107 1045 560 75 87 442 413 1221 80 300 447 998 205 77 791 62 412 22 130 315 973 183 117 42 108 29 296 112 91 27 61 466 499
leaf_count=298 168 37 125 454 292 78 764 616 163 868 557 190 118 449 202 89 1158 1226 482 246 391 234 722 170 932 392 573 65 952 107 1045 560 75 87 442 413 1221 80 300 447 998 205 77 791 62 412 22 130 315 973 183 117 42 108 29 296 112 91 27 61 466 499
internal_value=4.34505e-06 0.0961461 -0.10674 -0.0622942 0.207896 0.0175489 -0.0178101 0.169745 -0.205716 -0.0499635 0.0765769 0.0493726 -0.169023 0.132568 -0.158105 0.363559 -0.0586532 -0.0856644 0.171839 0.0619182 -0.116175 0.281164 -0.294621 -0.000873945 -0.0146615 0.260528 -0.124712 -0.132811 -0.00409486 0.317396 -0.140424 0.19908 -0.0497035 0.451445 -0.200331 -0.0777749 -0.103339 -0.0339035 -0.031111 0.231445 0.127899 0.176481 0.144733 0.0416896 -0.25724 -0.27857 -0.241434 -0.0119667 0.413596 0.0571637 0.0363938 0.0850021 -0.00175163 0.0353492 0.0508441 -0.198424 -0.0609268 0.281552 -0.107574 0.14743 -0.275104 0.064343
internal_weight=23804 12524 11280 7785 5171 7353 5317 4154 3495 3430 3923 3084 2475 2948 2468 1017 3516 2384 1938 1801 1460 526 1020 1970 1800 1206 1847 1846 1835 590 1645 1489 883 491 560 996 1286 605 805 1007 1249 839 634 1555 621 559 434 730 404 1010 430 300 1132 678 636 464 525 483 1072 1059 629 607
internal_count=23804 12524 11280 7785 5171 7353 5317 4154 3495 3430 3923 3084 2475 2948 2468 1017 3516 2384 1938 1801 1460 526 1020 1970 1800 1206 1847 1846 1835 590 1645 1489 883 491 560 996 1286 605 805 1007 1249 839 634 1555 621 559 434 730 404 1010 430 300 1132 678 636 464 525 483 1072 1059 629 607
is_linear=0
shrinkage=0.035


Tree=6
num_leaves=63
num_cat=0
split_feature=72 77 67 72 71 72 67 76 72 67 67 72 72 67 68 80 72 67 67 72 71 65 71 65 67 72 71 64 46 32 34 72 80 80 65 72 72 57 35 70 72 67 2 56 25 67 6 32 67 30 2 77 77 58 65 46 16 72 34 58 68 5
split_gain=185735 83850.3 37719.9 25376.9 24665.7 21726.7 11007.6 10218.7 9950.12 12658.8 8968.84 8648.78 7704.83 7215.43 4639.3 4411.81 4265.45 4022.05 3738.88 3544.01 3482.23 3339.02 3093.63 3066.2 2851.38 2811.53 2785.05 2777.76 2555.42 2548.59 2316.47 2257.75 2238.57 2117.23 2115.73 2106.66 2016.66 1969.6 1920.13 1876.82 1874.14 1842.54 1834.22 1792.02 1750.17 1711.19 1706.4 1903.83 1691.38 1691.11 1677.64 1776.53 1639.66 1629.62 1622.46 1620.96 1615.15 1598.19 1568.14 1550.92 1687.45 1550.59
threshold=72.252501871552298 1.4203210287708565 100.47616900867801 67.850574265081647 70.874058823529424 79.191419267652876 107.55730062545051 -0.020695097078161955 79.962038728025547 97.621244520612763 107.82907069619951 67.489532728513481 63.565836839429757 94.37828791846951 -16.382006728706639 -3.1890284433509986 82.138866105453701 104.39002249919152 100.32130525291451 74.893689840308198 71.680375816993475 0.88644347347305119 68.990759615384633 0.7566021438401046 114.09729020649051 77.188757900204124 68.677472222222249 72.500000000000014 0.16397849462365588 0.45552777777777781 10.60357142857143 82.694217398536964 -5.7224820350990973 -10.912851161900397 0.65843114564006966 76.048340251805584 75.793221840879184 1.0000000180025095e-35 18.493243243243246 6.2395260450215 76.196183014236894 102.88807367834751 24.302173913043482 89.988707383895715 59.385856079404476 94.087518668895072 20.507142857142863 0.46258578431372549 100.32130525291451 18.391730605285598 22.442222222222224 0.64047209265717753 0.49812093378245775 1.0000000180025095e-35 0.86291921212837863 0.13714733542319749 23.177521008403364 75.616202921009418 18.022727272727277 1.0000000180025095e-35 -9.8952038845450456 6.8591269841269851
decision_type=2 2 2 2 2 2 2 2 2 2 2 2 2 2 2 2 2 2 2 2 2 2 2 2 2 2 2 2 2 2 2 2 2 2 2 2 2 2 2 2 2 2 2 2 2 2 2 2 2 2 2 2 2 2 2 2 2 2 2 2 2 2
left_child=2 4 11 12 7 10 15 21 9 36 19 23 44 53 -14 46 29 37 -18 41 52 25 45 -1 -8 48 30 31 42 -7 -15 -10 -28 -21 39 59 54 57 -24 -16 -23 55 -12 -26 50 -9 -5 -48 56 -27 51 -4 -17 -13 -6 -3 -2 -11 -29 -30 -61 -22
right_child=1 5 3 6 8 16 24 22 27 17 28 13 14 26 34 20 18 -19 -20 33 61 40 38 -25 43 49 32 58 35 -31 -32 -33 -34 -35 -36 -37 -38 -39 -40 -41 -42 -43 -44 -45 -46 -47 47 -49 -50 -51 -52 -53 -54 -55 -56 -57 -58 -59 -60 60 -62 -63
leaf_value=-0.24801924913384582 -0.21602570665755683 0.25814530322286822 -0.40948311254972819 -0.044050446127818242 -0.050725393562749875 0.44398640001081768 0.047166314104199553 -0.13682570142665151 0.065338488291656033 0.044687057604464071 0.054530153060831671 -0.36123918395407434 -0.0075404460145928774 -0.055230981718387286 -0.1154229579917946 -0.21052740863302799 0.2324825682553763 0.16371772531677778 0.48586943589644838 0.26923085291024118 -0.068060935891089497 -0.25145033437947245 0.082322898439804615 -0.38706840949773569 0.47250556662742127 -0.13347611732368775 0.099806836085010134 0.27440479325132183 -0.027142477246848023 0.25867574252848763 -0.23008441777170802 0.20195376448347915 -0.11038389092371574 0.14800175396378534 -0.35238652308384583 0.2970154817600012 0.0018527892978552516 -0.039726042530587265 -0.0017656840471224199 -0.22964060432647784 -0.10562288346616472 0.11760124364928978 0.41179453450903813 0.14787722654176666 -0.13854216281056828 -0.021052702420600745 0.18500480228704866 0.02154351942688227 -0.010487498906947543 0.21943391659420147 -0.20667575218430756 -0.22000290521664836 -0.092717720005084714 -0.23164295070052962 -0.18961344564257451 -0.0043184209866641262 -0.091138147748289211 0.1243988118047178 0.034183357360363008 0.3163217334183116 0.17181169579352132 0.04039581711563197
leaf_weight=755 180 31 166 388 397 112 1370 206 311 649 20 163 442 118 1775 163 91 829 357 213 294 284 605 265 23 23 65 349 38 511 442 284 1221 1053 52 348 755 185 738 196 176 591 159 197 140 646 105 507 199 57 216 99 1295 466 139 339 433 588 37 127 464 357
leaf_count=755 180 31 166 388 397 112 1370 206 311 649 20 163 442 118 1775 163 91 829 357 213 294 284 605 265 23 23 65 349 38 511 442 284 1221 1053 52 348 755 185 738 196 176 591 159 197 140 646 105 507 199 57 216 99 1295 466 139 339 433 588 37 127 464 357
internal_value=5.5119e-06 0.0927878 -0.103008 -0.0601172 0.0255031 0.214681 -0.00890311 -0.0435902 0.0796866 0.0523509 0.171139 -0.198524 -0.138085 -0.163114 -0.110284 -0.0472107 0.352069 0.102452 0.434725 0.130027 -0.0759151 -0.119265 0.00303666 -0.28432 0.0659906 -0.0796857 -0.128165 0.178304 0.250248 0.292325 -0.193329 0.130667 -0.0997226 0.168499 -0.132723 0.22773 -0.0350094 0.0666881 0.0361288 -0.126838 -0.195838 0.0792788 0.372159 0.182826 -0.248255 -0.0491127 0.0133311 0.0497222 -0.0992003 0.11773 -0.280003 -0.339257 -0.105959 -0.265493 -0.0868927 0.017981 -0.127962 0.0826153 0.251461 0.189186 0.203113 -0.00859392
internal_weight=23804 12524 11280 7785 8070 4454 4699 3547 4523 3542 3383 3495 3086 2475 2465 3109 1071 2251 448 2227 2109 1352 2195 1020 1590 892 1846 981 1156 623 560 595 1286 1266 2023 977 1291 1422 1343 1971 460 961 179 220 621 852 1000 612 812 80 481 265 1458 629 536 370 613 1237 386 629 591 651
internal_count=23804 12524 11280 7785 8070 4454 4699 3547 4523 3542 3383 3495 3086 2475 2465 3109 1071 2251 448 2227 2109 1352 2195 1020 1590 892 1846 981 1156 623 560 595 1286 1266 2023 977 1291 1422 1343 1971 460 961 179 220 621 852 1000 612 812 80 481 265 1458 629 536 370 613 1237 386 629 591 651
is_linear=0
shrinkage=0.035


Tree=7
num_leaves=63
num_cat=0
split_feature=72 77 76 71 72 71 76 71 67 71 67 67 72 67 67 75 82 64 72 21 72 72 71 72 0 65 72 64 46 67 75 76 6 71 67 58 25 34 71 67 62 72 67 58 62 76 46 56 32 80 72 27 72 28 37 77 25 30 73 43 72 80
split_gain=173001 77953.3 35918 22568.5 19691.3 16645.6 13112.7 12691.9 8495.2 6488.87 6388.91 5974.59 5946.67 6096.36 5711.07 5277.22 5141.23 4077.18 4192.14 4072.75 3699.26 3563.9 3528.48 3229.09 3138.77 3048.74 2779.7 2657.71 2529.67 2481.92 2365.88 2323.02 2208.19 2188.38 2133.37 2119.57 2029.03 2007.57 1994.21 1974.33 2439.8 2300.17 1949.23 2103.55 1916.08 1900.18 1883.48 1860.52 1840.43 1836.08 1835.8 1833.2 1815.45 2080.92 1791.13 1773.8 2031.94 1766.23 1717.94 1710.34 1632.75 1615.71
threshold=72.361435682231289 1.4203210287708565 -0.054430237807769503 72.424142857142883 79.191419267652876 69.553038176638182 -0.020695097078161955 68.803690476190482 107.82907069619951 70.083709090909096 100.32130525291451 97.621244520612763 81.25390074784174 97.621244520612763 106.28516141450001 136.12647723855997 -49.499999999999993 199.50000000000003 82.138866105453701 14.963527851458887 70.513896312469171 78.367159635930051 67.069372549019619 75.667769559439606 5.5000000000000009 0.91530108534982513 65.750941387636871 221.50000000000003 0.16397849462365588 106.89017544327251 158.04265302238881 -0.37158248194558985 21.403703703703709 73.589500000000015 93.178705437355958 1.0000000180025095e-35 59.948684210526324 9.5080645161290338 72.743578947368434 102.81752138268952 108.29135745363251 78.642422941563453 91.043915438817166 1.0000000180025095e-35 98.492222160236324 1.0000000180025095e-35 0.35599078341013829 90.989410562068755 0.45764835164835166 -11.744385340872652 76.048340251805584 9.7165178571428594 75.793221840879184 21.224014336917566 6.0923295454545459 2.8825936113956288 59.169047619047625 15.118823529411765 81.857637832010923 12.273863636363638 77.112051157183203 -12.823257541948498
decision_type=2 2 2 2 2 2 2 2 2 2 2 2 2 2 2 2 2 2 2 2 2 2 2 2 2 2 2 2 2 2 2 2 2 2 2 2 2 2 2 2 2 2 2 2 2 2 2 2 2 2 2 2 2 2 2 2 2 2 2 2 2 2
left_child=2 3 5 6 8 19 10 16 23 34 21 31 13 60 26 -13 32 30 48 22 46 25 -1 33 -15 -2 -9 36 -10 -24 -6 -7 -4 61 -8 -28 44 -37 -39 40 -11 -41 -14 45 -17 -44 49 -31 -19 -16 -30 57 53 -26 -46 56 -25 -18 -27 -55 -5 -3
right_child=1 4 7 12 17 11 9 14 28 39 -12 15 42 24 20 27 51 18 -20 -21 -22 -23 29 55 52 58 35 -29 50 47 -32 -33 -34 -35 -36 37 -38 38 -40 41 -42 -43 43 -45 54 -47 -48 -49 -50 -51 -52 -53 -54 59 -56 -57 -58 -59 -60 -61 -62 -63
leaf_value=-0.30123218591418593 -0.10717912035176419 0.21856677913487316 -0.10294420134083956 -0.055572321282781181 0.17756649775464575 -0.27410118864890048 -0.11148556851106828 -0.21364376762325635 0.36734275690911927 -0.0018047486930745534 0.038188762657792016 -0.19469082731587306 0.044440434856008203 0.020197502428926057 0.16029815846237747 -0.1580812823686395 -0.31332627576204336 0.46029106317597474 0.49834731464098342 -0.38894338190963063 0.11200828905305289 0.019519759014426246 -0.20878219517642074 0.097851308630584138 0.0030417746297362355 -0.30140638177545981 -0.13141476326186236 0.0074091316616249018 0.18557781444766866 -0.26516205696646983 0.36004266303134808 -0.14538323497454442 -0.0021635970635276633 0.22125629654535084 -0.0028086149749555747 0.10447440643483979 -0.03678167665879873 -0.046175447005663117 0.077108326376923109 0.12091765857205063 0.09776444343301717 0.41777706267380382 -0.18837766979045648 0.29490194913082129 0.25795153697978618 0.19263508934697768 -0.04459509080986062 -0.0065557594391015862 0.28181487784595949 0.017993208959152553 0.28663485302435104 0.041324242735853292 0.19632526956176941 0.033415500944310977 -0.072625926495658522 0.27310479656700309 0.20867910811593365 -0.15886281014388562 -0.12340792594225176 0.19122391228209801 0.051212247910755598 0.058018974579215628
leaf_weight=488 1229 83 549 331 235 294 267 109 175 506 433 433 64 275 134 552 102 92 270 186 636 220 1526 424 165 177 229 528 617 45 140 419 517 133 1281 149 651 1248 184 336 745 35 21 312 21 63 496 136 334 639 348 50 571 115 305 179 391 842 108 316 372 973
leaf_count=488 1229 83 549 331 235 294 267 109 175 506 433 433 64 275 134 552 102 92 270 186 636 220 1526 424 165 177 229 528 617 45 140 419 517 133 1281 149 651 1248 184 336 745 35 21 312 21 63 496 136 334 639 348 50 571 115 305 179 391 842 108 316 372 973
internal_value=5.80859e-06 0.0909795 -0.097853 0.0255319 0.209257 -0.161433 -0.0156889 -0.0375056 0.167146 0.0296685 -0.0820333 -0.109302 0.109971 0.085443 0.000224933 -0.0836903 -0.10753 0.33977 0.390027 -0.231522 0.0431499 -0.112059 -0.218095 0.126652 0.12663 -0.131181 -0.0423852 -0.0602813 0.244596 -0.194245 0.246089 -0.198619 -0.0540938 0.0876642 -0.0215855 -0.0320137 -0.0836534 -0.0175768 -0.0303107 0.0785779 0.0575036 0.149457 0.224124 0.253062 -0.118362 0.0967894 0.00860598 -0.0714228 0.320862 0.0427541 0.222154 -0.164777 0.151688 0.108788 -0.0509579 0.173218 0.151121 -0.175713 -0.234301 0.149213 0.000925143 0.0707386
internal_weight=23804 12336 11468 7942 4394 5584 5337 5884 3323 3170 2167 3203 2605 2145 3824 2490 2060 1071 696 2381 1905 1734 2195 2183 1442 1514 1919 2057 1140 1707 375 713 1066 1189 1548 1810 1529 1581 1432 1622 1251 371 460 396 878 84 1269 181 426 773 965 994 1167 596 326 994 815 944 285 431 703 1056
internal_count=23804 12336 11468 7942 4394 5584 5337 5884 3323 3170 2167 3203 2605 2145 3824 2490 2060 1071 696 2381 1905 1734 2195 2183 1442 1514 1919 2057 1140 1707 375 713 1066 1189 1548 1810 1529 1581 1432 1622 1251 371 460 396 878 84 1269 181 426 773 965 994 1167 596 326 994 815 944 285 431 703 1056
is_linear=0
shrinkage=0.035


Tree=8
num_leaves=63
num_cat=0
split_feature=72 77 67 72 72 71 67 67 67 72 67 72 72 72 67 77 72 72 72 71 68 0 65 67 73 71 65 65 68 43 80 71 39 72 72 68 72 80 34 22 64 72 80 55 76 41 45 76 52 29 48 3 47 55 72 7 67 58 76 1 22 56
split_gain=161166 72939.2 33298.7 22467.2 20374 19585.3 11737.6 9643.94 9117.94 7709.46 6510.62 5584.79 5456.05 5404.15 6651.51 4963.46 4286.73 3911.34 3828.75 3776.81 3710.24 3421.32 3239.09 3226.19 2939.69 2838.58 2783.47 2727.13 2721.21 2556.47 2508.29 2444.15 2437.21 2245.95 2197.73 2171.35 2111.41 2054.96 1948.3 1888.04 1816.61 1787.85 1765.63 1737.38 1724.95 1992.44 1672.8 1658.4 1657.22 1858.65 1615.68 1611.15 1610.3 1746.41 1586.37 1584.93 1542.38 1585.67 1659.26 1534.36 1986.6 1532.8
threshold=72.252501871552298 1.2978955688661171 100.47616900867801 67.181919381988649 79.962038728025547 71.936177339901491 107.55730062545051 103.12835853956101 95.202438269719764 67.489532728513481 93.924785347061302 76.196183014236894 63.565836839429757 81.056750015229582 97.621244520612763 2.089019223424605 76.048340251805584 69.12039057190718 77.750337495262883 71.413809523809547 -6.7422279261483942 5.5000000000000009 0.90304137994668354 114.09729020649051 76.935313707204912 70.233785822021119 0.7566021438401046 0.54544351118785206 -16.382006728706639 11.278888888888892 -5.5373710606607949 69.039335606060618 34.546920821114377 75.363056070431881 85.437284430673671 6.2995221420749994 82.694217398536964 -3.324433616943494 10.60357142857143 20.757352941176475 6.5000000000000009 69.814950618217111 -5.7224820350990973 89.607523761076052 0.43945311895881156 8.8786764705882373 0.36939571150097467 0.36908607657686404 -3.7333333333333338 0.41120714285714294 0.44216630591630596 54.754310344827594 0.47020389627620024 99.177441451767976 60.544321150179478 0.33651806451612909 90.766629354396017 1.0000000180025095e-35 -0.028928628514172546 76.836021505376365 17.868115942028989 91.641571784123926
decision_type=2 2 2 2 2 2 2 2 2 2 2 2 2 2 2 2 2 2 2 2 2 2 2 2 2 2 2 2 2 2 2 2 2 2 2 2 2 2 2 2 2 2 2 2 2 2 2 2 2 2 2 2 2 2 2 2 2 2 2 2 2 2
left_child=2 5 9 12 7 8 17 25 11 26 -11 22 54 14 33 24 20 30 27 37 32 -16 50 41 -6 -3 -1 29 -14 55 51 38 -9 -7 43 44 40 -19 -12 -35 -13 -8 -33 -17 -18 -46 -31 -22 -23 -50 -2 -5 -32 -54 -4 -10 -15 58 -58 -20 -61 -25
right_child=1 4 3 6 15 13 23 16 18 10 31 36 28 56 21 34 35 19 59 -21 47 48 -24 61 -26 -27 -28 -29 -30 46 52 42 -34 39 -36 -37 -38 -39 -40 -41 -42 -43 -44 -45 45 -47 -48 -49 49 -51 -52 -53 53 -55 -56 -57 57 -59 -60 60 -62 -63
leaf_value=-0.23211783644477427 0.16167004609575458 0.014163826466904535 -0.33436611223118418 -0.14497491492763276 0.19692518341159082 -0.098050615895332954 0.00064731553430316343 0.26915130376797197 0.47748368852083073 -0.25663282275576166 -0.054795628638250431 -0.20324887040028206 -0.028593742264757815 0.033664017548384495 -0.0080668564531988316 0.51028792952958446 0.22176250887305796 -0.00059867779390568418 0.02826732185657135 0.037570611416787414 0.088318214497353678 0.20530479997107651 -0.25893400684147794 0.38854641903286252 0.37706514441201194 0.11740255661124149 -0.36458071915084139 -0.034888832250811928 -0.13415434843621313 0.20660297129885988 -0.046360192869225644 0.10227344338850934 0.063168027164311052 0.044305905125255285 0.56888666936605237 0.084430847930842587 0.11687380466924459 -0.086996335712143852 -0.20110523320033133 -0.15553323093203958 -0.03098158370405658 0.07571022160308595 -0.10003804269419247 0.33264786057415086 0.3415408813577 0.067213281175045131 -0.0080246438954668844 0.1731857634133302 0.10248573519853385 0.41800492722683769 -0.12322949970814051 0.060103925838256175 -0.078416567188094963 -0.18913145517642949 -0.20135664132124859 0.1404929783262186 -0.16028499576875144 0.25066033061769799 0.17148556104578719 0.19311981420451876 -0.019280396601832506 0.13891826479365924
leaf_weight=755 25 542 145 65 365 261 764 420 21 565 139 84 376 67 257 89 605 512 261 776 730 291 260 35 161 820 265 1593 1471 50 238 55 85 567 87 96 105 988 574 64 670 791 1142 315 358 36 373 462 961 23 594 165 269 503 476 88 24 336 75 233 70 211
leaf_count=755 25 542 145 65 365 261 764 420 21 565 139 84 376 67 257 89 605 512 261 776 730 291 260 35 161 820 265 1593 1471 50 238 55 85 567 87 96 105 988 574 64 670 791 1142 315 358 36 373 462 961 23 594 165 269 503 476 88 24 336 75 233 70 211
internal_value=7.29155e-06 0.0864354 -0.0959517 -0.0556525 0.18715 0.0155994 -0.0151383 0.15274 -0.0308384 -0.185695 -0.152264 -0.0933049 -0.142913 0.0858536 0.0641797 0.327553 0.189987 -0.0523549 0.00954454 -0.0250952 0.155054 0.108408 -0.155304 0.0575102 0.252375 0.0763421 -0.266697 -0.0119749 -0.11268 0.0565996 -0.102357 -0.121329 0.234585 -0.0117967 0.407743 0.244026 -0.0298051 -0.0575183 -0.172645 0.0239243 -0.0502998 0.0388448 -0.0907004 0.372372 0.25931 0.316601 0.0175508 0.121273 0.131883 0.110073 -0.111596 0.00194292 -0.126101 -0.150634 -0.232663 0.207334 0.190335 0.214391 0.0906199 0.0905688 0.144088 0.175165
internal_weight=23804 12524 11280 7785 5171 7353 5317 4154 4427 3495 2475 1738 2468 2926 2424 1017 2792 3516 2689 2276 1697 1532 879 1801 526 1362 1020 2125 1847 532 1240 1910 505 892 491 1095 859 1500 713 631 754 1555 1197 404 999 394 423 1192 1275 984 619 230 1010 772 621 109 502 435 99 564 303 246
internal_count=23804 12524 11280 7785 5171 7353 5317 4154 4427 3495 2475 1738 2468 2926 2424 1017 2792 3516 2689 2276 1697 1532 879 1801 526 1362 1020 2125 1847 532 1240 1910 505 892 491 1095 859 1500 713 631 754 1555 1197 404 999 394 423 1192 1275 984 619 230 1010 772 621 109 502 435 99 564 303 246
is_linear=0
shrinkage=0.035


Tree=9
num_leaves=63
num_cat=0
split_feature=72 77 76 71 72 71 71 72 67 67 67 81 76 72 72 67 64 72 21 67 72 71 67 72 42 28 72 72 72 46 42 64 72 72 64 68 75 68 25 67 63 65 46 51 44 18 51 1 7 64 67 58 71 39 72 14 75 64 27 42 32 67
split_gain=150146 67811.9 31548.3 20143.9 17212 14801.8 11321.1 10886.8 13154.6 7491.87 5928.49 5763.81 5718.03 4167.74 3769.82 3620.93 3567.01 3715.55 3315.29 3165.62 2899.32 2729.24 2577.99 2555.88 2550.72 2500.94 2478.36 2429.81 2314.6 2314.35 2254.24 2208.24 2239.85 2197.8 2145.84 2118.07 2092.61 2048.33 2044.03 2013.35 1966.15 2080.33 1921.72 1911.47 1903.17 1865.97 1803.78 1981.53 1930.48 1819.39 1792.79 1779.9 1757.51 1920.02 1738.15 1729.02 2296.44 3008.35 1724.12 1690.93 1660.08 1653.33
threshold=72.361435682231289 1.4203210287708565 -0.054430237807769503 69.960839160839171 79.191419267652876 69.286277056277072 69.803412698412714 79.962038728025547 98.096347570181408 107.82907069619951 95.698574659325118 0.96994372067182189 -0.025015037437533496 67.850574265081647 69.12039057190718 112.99615518368752 199.50000000000003 82.138866105453701 14.963527851458887 104.39002249919152 74.893689840308198 67.069372549019619 94.745902187470122 70.345836122989923 3.6381818181818182 28.403703703703709 75.616202921009418 75.980528263477268 82.694217398536964 0.16397849462365588 1.3390804597701151 108.50000000000001 70.513896312469171 67.331372611944133 32.500000000000007 -4.0815321124088078 158.04265302238881 12.504196790603205 55.672619047619058 90.531195712044664 98.365554146880569 0.33420509463812603 0.30602006688963218 67.985527272727282 18.62731481481482 12.403703703703707 68.1848076923077 61.942434210526322 0.35542705167173255 210.50000000000003 93.178705437355958 1.0000000180025095e-35 71.729466666666681 36.015151515151523 61.889998177092487 0.67728498985801233 139.29199679658865 144.50000000000003 7.2240143369175636 4.6381818181818195 0.45764835164835166 102.56817211559051
decision_type=2 2 2 2 2 2 2 2 2 2 2 2 2 2 2 2 2 2 2 2 2 2 2 2 2 2 2 2 2 2 2 2 2 2 2 2 2 2 2 2 2 2 2 2 2 2 2 2 2 2 2 2 2 2 2 2 2 2 2 2 2 2
left_child=2 3 5 12 9 18 11 8 27 20 -7 13 38 -4 25 23 36 60 21 26 61 -1 -9 30 -25 46 -10 34 37 -11 -8 -13 54 -17 45 -16 -6 -24 -2 -29 41 -22 44 -21 -15 -5 48 -48 -12 -49 -14 -37 -31 -54 -33 -23 -57 -58 -44 -40 -18 -3
right_child=1 4 6 7 16 10 15 22 19 29 14 31 50 42 35 33 17 -19 -20 43 40 55 28 24 -26 -27 -28 39 -30 52 -32 32 -34 -35 -36 51 -38 -39 59 -41 -42 -43 58 -45 -46 -47 47 49 -50 -51 -52 -53 53 -55 -56 56 57 -59 -60 -61 -62 -63
leaf_value=-0.28271694920250512 -0.24517092473422927 0.0053778333967142572 -0.10627174514201795 -0.36028940721071256 0.16503685099899676 -0.2220636395952961 0.27829386549874358 0.09154045376293643 0.01803359054158743 0.34582208738715908 -0.19702027812303138 -0.26428359716929156 -0.10524981190409366 0.15989845472382966 0.0078168886212037162 -0.027695505175717488 0.43137337531548103 0.46607275525798642 -0.37674102371504009 -0.13998417876585056 0.26787589053050076 -0.23977167904350405 0.22518579745613279 0.07640524276220105 -0.040288458252299986 0.041317411247173023 0.10428694982322405 -0.10949927294719686 0.27854813740692747 0.16368887072537613 -0.036255691877622363 -0.42621632694832562 -0.04238232194592019 0.18007690093000259 -0.043732059864852374 -0.22768965886870804 0.33663910059593755 0.06929131757236151 -0.075611767975303376 0.023278480105537673 0.1038015174497033 0.14311771724739941 -0.083619190487738956 0.14682917786318958 -0.044805647448569678 -0.1165901525958018 -0.21654246964412799 -0.14155697458487268 -0.56218043008664753 -0.054762293779497893 -0.0054457713804416108 -0.061717621182157706 0.28386433626781604 0.041889790730407613 -0.13788810781116145 -0.21504809266614405 -0.14997569917417072 0.064131443324966828 0.023588228534296467 -0.20809590027866695 0.2619348795977498 0.104274247040302
leaf_weight=488 176 316 639 48 235 466 28 465 901 175 145 140 269 167 567 84 92 270 160 29 269 504 204 772 326 107 746 166 269 528 1353 26 351 240 657 90 140 210 459 875 572 425 308 904 83 192 222 660 20 538 1213 640 392 45 913 473 404 100 454 159 334 601
leaf_count=488 176 316 639 48 235 466 28 465 901 175 145 140 269 167 567 84 92 270 160 29 269 504 204 772 326 107 746 166 269 528 1353 26 351 240 657 90 140 210 459 875 572 425 308 904 83 192 222 660 20 538 1213 640 392 45 913 473 404 100 454 159 334 601
internal_value=9.4488e-06 0.0847611 -0.0911564 0.023719 0.195077 -0.150743 -0.0345989 0.0590464 0.0345812 0.155707 -0.105984 -0.0809 -0.0642191 -0.0363274 -0.0878515 0.0162985 0.317097 0.364105 -0.223336 0.0863354 0.117679 -0.210776 0.15527 0.00190549 0.0417527 -0.122262 0.0571235 -0.0343202 0.198555 0.228439 -0.0297772 -0.132328 -0.117908 0.12624 -0.076522 -0.0429287 0.229474 0.146296 -0.139981 0.0020597 0.152011 0.191638 0.00786425 0.13784 0.0919689 -0.165992 -0.133317 -0.120504 -0.242868 -0.102621 -0.0235931 -0.0823266 0.20698 0.259031 -0.146098 -0.186982 -0.159637 -0.107466 -0.0197668 -0.109844 0.298998 0.0702197
internal_weight=23804 12336 11468 7942 4394 5584 5884 5666 4518 3323 3455 3081 2276 1651 2989 2803 1071 696 2129 2580 2183 1969 1148 2479 1098 1692 1647 1938 683 1140 1381 1430 1290 324 897 1297 375 414 794 1041 1266 694 1012 933 250 240 1585 1420 165 1198 1482 730 965 437 939 1481 977 504 762 618 426 917
internal_count=23804 12336 11468 7942 4394 5584 5884 5666 4518 3323 3455 3081 2276 1651 2989 2803 1071 696 2129 2580 2183 1969 1148 2479 1098 1692 1647 1938 683 1140 1381 1430 1290 324 897 1297 375 414 794 1041 1266 694 1012 933 250 240 1585 1420 165 1198 1482 730 965 437 939 1481 977 504 762 618 426 917
is_linear=0
shrinkage=0.035


Tree=10
num_leaves=63
num_cat=0
split_feature=82 71 71 76 1 76 71 75 76 51 58 76 71 75 51 62 78 1 67 62 67 67 67 77 23 76 67 14 62 62 51 67 71 67 75 51 2 11 75 67 75 43 67 42 25 14 57 63 35 81 42 42 1 46 3 5 14 3 10 41 33 62
split_gain=129257 55793.6 46316.9 21678.6 15562.7 12350.2 9275.33 9096 7551.58 7524.7 6317.38 4952.09 4766.54 4571.17 4347.37 4296.75 4134.4 4025.29 3593.8 3421.54 3276.27 3201.69 3178.31 3095.91 3074.74 3016.44 2830.17 2721.52 2657.7 2612.31 2612.14 2502.46 2426.23 2372.98 2493.75 2352.66 2349.21 2267.9 2227.45 2216.99 2237.84 2112.08 2108.47 2017.37 1894.58 1878.57 1866.99 1836.55 2311.38 1927.2 1813.78 1779.28 1744.47 1713.32 1708.33 1702.65 1686.13 2359.28 1645.93 1970.2 1637.37 1629.98
threshold=-17.499999999999996 70.953300653594781 69.803412698412714 0.39902989748815859 73.01666666666668 0.30866662972826803 73.170216905901114 138.48338729780554 -0.28726463512439188 72.816125000000014 1.0000000180025095e-35 -0.23650605334493902 66.909015384615387 140.21276958091889 73.98449197860964 107.46893727697601 15.2719163525438 64.447222222222237 105.40585596552151 114.65462820313651 99.815135426628373 94.745902187470122 108.19294446869252 4.6303860977573645 66.627314814814824 -0.06647461746578652 107.46514667685301 0.65017592592592599 104.35529285886201 116.72054711700801 67.515100000000004 102.95070361273902 69.174724637681166 96.192811622472917 139.29199679658865 75.665333333333351 22.716517857142861 0.47449137931034485 154.71457960015653 106.28516141450001 153.80717950446169 16.62019230769231 89.337901926304468 4.4772256728778475 55.314144736842117 0.67667261904761922 1.0000000180025095e-35 111.00166560309052 19.735087719298253 1.1061182197207629 4.530330882352942 4.4031250000000011 65.953463203463215 0.19139194139194138 56.655711206896562 9.6733333333333338 0.71001785714285737 58.945906432748544 0.54984900284900295 6.9852941176470598 0.45814561403508774 90.741435491637858
decision_type=2 2 2 2 2 2 2 2 2 2 2 2 2 2 2 2 2 2 2 2 2 2 2 2 2 2 2 2 2 2 2 2 2 2 2 2 2 2 2 2 2 2 2 2 2 2 2 2 2 2 2 2 2 2 2 2 2 2 2 2 2 2
left_child=1 5 8 6 9 7 15 22 52 11 19 27 61 23 26 37 18 -11 41 30 -17 -19 -1 -7 -14 33 28 -4 -12 31 -6 35 55 44 -35 -8 -13 -3 46 40 -18 60 -30 -39 -26 -36 -33 49 -49 -16 -46 -22 -2 -23 -15 -9 57 -38 -25 -60 -5 -10
right_child=2 3 4 16 10 13 29 32 12 17 14 36 24 54 47 20 39 21 -20 -21 51 53 -24 58 25 -27 -28 -29 42 -31 -32 38 -34 34 45 -37 56 43 -40 -41 -42 -43 -44 -45 50 -47 -48 48 -50 -51 -52 -53 -54 -55 -56 -57 -58 -59 59 -61 -62 -63
leaf_value=-0.12004714209623102 -0.31148911999359274 -0.040252186166232565 -0.32090882288686567 0.35906238391037898 -0.31178206670021313 -0.0017345234203443791 0.075359462398284588 -0.031409999414532416 -0.5315918978691101 -0.12041996488850341 -0.024033082954620602 -0.19577398236728505 -0.21258347378823361 0.071474246882513845 0.12693686901354773 0.08635641046285969 0.23910641170864394 -0.11689408637176381 0.31940731818644491 0.22335132527351381 0.27354679490264383 0.26362520468076073 -0.010916470248537799 0.091038017362515988 -0.33928700146204999 -0.072675398318987741 0.1460440470733132 -0.15425533216523141 -0.11268967612743379 0.42976915917987318 -0.067963711726127668 0.21007205331407355 0.048994165605123777 -0.17361250218163488 -0.18580600739661254 0.21789045102675458 -0.13869052241060059 0.087598822469028961 0.3271843166646568 0.49858379022829791 0.47740114953857393 -0.040847940976571559 0.066108917189049127 -0.048670316048193794 -0.11620950178304829 -0.037026544222701248 0.0035240609984622047 0.054654576174779375 0.4761166909133332 -0.14734308538863911 -0.27024850901740571 0.052146233373434749 -0.21031154552451159 0.023249530247459172 0.18365960127037362 0.11728477410878536 -0.0022356690678049062 -0.030145389550709369 0.45895224382321043 0.051483103134802408 0.1634138061324433 -0.22519496709443457
leaf_weight=1080 399 245 152 67 59 665 369 1065 22 373 1079 185 445 234 514 351 141 211 473 45 286 37 469 186 106 1250 223 579 87 56 573 716 1502 511 132 231 521 1374 196 155 75 49 1059 147 258 485 58 27 39 33 148 53 452 1170 583 103 398 464 37 24 246 532
leaf_count=1080 399 245 152 67 59 665 369 1065 22 373 1079 185 445 234 514 351 141 211 473 45 286 37 469 186 106 1250 223 579 87 56 573 716 1502 511 132 231 521 1374 196 155 75 49 1059 147 258 485 58 27 39 33 148 53 452 1170 583 103 398 464 37 24 246 532
internal_value=8.61407e-06 0.0862643 -0.0771055 0.168976 -0.0248176 0.0127223 0.130427 -0.0195641 -0.163445 -0.0719922 0.0268011 -0.113887 -0.142743 0.0914905 0.0482003 0.0874669 0.299343 -0.0181953 0.255822 -0.0699125 0.161509 0.00872501 -0.0870214 0.0375888 -0.126912 -0.113685 0.0273129 -0.189109 0.0153814 0.195266 -0.0909592 0.186766 0.0195789 -0.144908 -0.116443 0.130375 -0.0787677 0.058498 0.221557 0.396808 0.322775 0.172403 0.0524889 0.0744149 -0.20744 -0.0689865 0.194611 0.131518 0.30546 0.110264 -0.172634 0.239071 -0.257909 0.0307271 0.151596 -0.0182498 -0.0630485 -0.0876034 0.143263 0.300415 0.205811 -0.237837
internal_weight=23804 11236 12568 5288 7828 5948 4082 4219 4740 4090 3738 2299 3889 1729 3061 2456 1206 1791 835 677 690 1418 1549 912 3335 2890 2448 731 2225 1626 632 1570 2670 1640 1128 600 1568 1766 970 371 216 362 1146 1521 512 617 774 613 66 547 406 339 851 1207 817 1168 1383 985 247 61 313 554
internal_count=23804 11236 12568 5288 7828 5948 4082 4219 4740 4090 3738 2299 3889 1729 3061 2456 1206 1791 835 677 690 1418 1549 912 3335 2890 2448 731 2225 1626 632 1570 2670 1640 1128 600 1568 1766 970 371 216 362 1146 1521 512 617 774 613 66 547 406 339 851 1207 817 1168 1383 985 247 61 313 554
is_linear=0
shrinkage=0.035


Tree=11
num_leaves=63
num_cat=0
split_feature=72 67 67 72 72 72 67 67 65 72 67 72 72 72 58 51 46 72 71 72 67 68 58 64 55 60 58 1 81 35 72 58 67 17 71 82 51 81 34 51 27 46 67 15 12 22 37 29 51 70 46 48 20 67 58 76 63 72 37 42 6 1
split_gain=131264 60149.1 27965.7 23503.2 21774 18371.7 9998.28 9704.27 7936.46 6451.53 5535.41 5442.23 5405.12 4625.98 3929.61 3485.05 3355.88 3188.67 3170.95 3049.21 2728.93 2695.28 2583.02 2535.57 2452.83 2413.36 2323.6 2495.95 2321.85 2321.26 2210.11 2162 2152.42 2126.96 2114.79 2083.84 2059.71 1853.76 1842.11 1784.17 1920.75 1767.64 1757.14 1747.43 1784.8 1677.35 1625.68 1624.88 1597.37 1553.27 1545.3 1529.47 1525.08 1523.36 1520.7 1488.16 1481.89 1476.68 1478.27 1882.11 1679 1472.21
threshold=72.252501871552298 100.39485035525401 100.47616900867801 79.962038728025547 78.288720389440826 67.181919381988649 107.55730062545051 108.2895611662755 0.86291921212837863 67.489532728513481 93.924785347061302 75.667769559439606 82.694217398536964 63.565836839429757 1.0000000180025095e-35 69.839393939393958 0.43095238095238092 83.394285496385336 69.717097744360913 76.809665385437256 114.09729020649051 5.2434047011689993 1.0000000180025095e-35 54.500000000000007 89.607523761076052 112.50000000000001 1.0000000180025095e-35 72.508620689655189 0.91300246839339416 19.12701612903226 74.498494021712318 1.0000000180025095e-35 97.103787123717012 38.379807692307701 68.677472222222249 52.500000000000007 68.459178981937626 0.94261463755337604 10.60357142857143 72.99813852813854 10.134848484848487 0.18350168350168347 90.766629354396017 12.513157894736844 16.145502645502649 21.844129554655876 6.901612903225808 0.30157793522267212 67.100526315789494 -5.1900501636234955 0.58477011494252884 0.51300172106277997 1.9245014245014247 95.917433435402614 1.0000000180025095e-35 -0.097336593328004969 100.01667689836653 69.814950618217111 9.014285714285716 2.186342592592593 19.859605911330053 57.153409090909101
decision_type=2 2 2 2 2 2 2 2 2 2 2 2 2 2 2 2 2 2 2 2 2 2 2 2 2 2 2 2 2 2 2 2 2 2 2 2 2 2 2 2 2 2 2 2 2 2 2 2 2 2 2 2 2 2 2 2 2 2 2 2 2 2
left_child=2 4 9 7 8 13 15 11 18 23 -11 16 22 39 -13 25 30 24 43 41 57 50 47 56 -5 -7 -17 35 -15 49 -3 -20 -24 51 38 -28 -30 -36 -12 40 61 -9 -14 44 -2 -38 -40 -6 -25 -10 -16 52 -18 -31 -43 -33 -1 -8 60 -60 -59 -4
right_child=1 3 5 17 12 6 20 19 29 10 34 14 42 28 21 26 33 -19 31 -21 -22 -23 32 48 -26 -27 27 -29 36 53 -32 55 -34 -35 37 -37 45 -39 46 -41 -42 54 -44 -45 -46 -47 -48 -49 -50 -51 -52 -53 -54 -55 -56 -57 -58 58 59 -61 -62 -63
leaf_value=-0.24595280773940592 -0.0955799662378298 0.08051234361996451 -0.38444638268843939 0.4628195166908462 0.19130058510407161 0.017488482975512747 0.0021420612399819009 0.27998651595622748 -0.10172178933847027 -0.23448674039171796 -0.042847010633757503 -0.020257641044436583 0.02568380407765021 0.017901102596950044 0.22351409766055638 -0.12031081659185826 0.25813865477384368 0.41110672196498654 -0.075627099335614845 0.29537460876619381 0.16223522533989809 0.096586321623603102 0.043167098970975058 -0.29321877946624003 0.24463219574304726 -0.10348415730504565 0.0070996942780585728 0.075948931250960874 -0.1669586863655054 -0.10833110095485164 0.19936304451918069 -0.025094382449565081 0.14048331372174136 0.21341567677817005 0.096441702801990159 -0.086440038969037319 -0.078104873701467264 -0.094652492412191522 -0.048526287919068656 -0.032711538640499117 0.055997284794937478 -0.018885143505749494 0.20678140219998958 0.1526665983895461 0.094022639226822469 -0.35526402238065546 -0.22599814355088821 -0.06367272074840484 -0.18730384918164483 -0.23707389848008636 0.13115403361281505 -0.0038352809001749883 0.051776582095654493 0.062293204259352399 0.16740566261008263 0.045186679104164448 -0.46033594976751901 -0.074730038860820094 0.32054329524510494 0.090129030937838292 0.071474428857435851 -0.22057250439111373
leaf_weight=72 866 615 80 72 34 237 764 167 158 565 120 159 76 182 716 228 48 298 340 337 246 514 762 249 540 1361 856 392 580 464 279 559 439 75 65 442 1058 1262 76 62 27 57 490 40 65 27 387 272 605 310 326 935 467 74 886 1084 94 127 54 218 392 452
leaf_count=72 866 615 80 72 34 237 764 167 158 565 120 159 76 182 716 228 48 298 340 337 246 514 762 249 540 1361 856 392 580 464 279 559 439 75 65 442 1058 1262 76 62 27 57 490 40 65 27 387 272 605 310 326 935 467 74 886 1084 94 127 54 218 392 452
internal_value=9.40511e-06 0.0780087 -0.0865913 0.151952 -0.00155304 -0.0496599 -0.0130241 0.125036 -0.0496608 -0.168835 -0.138253 0.0977089 0.0903342 -0.128567 0.145401 -0.0473728 0.0638719 0.316859 -0.020735 0.203046 0.0540258 0.162332 0.0556616 -0.242934 0.270664 -0.0855406 -0.0155572 -0.00139123 -0.100731 -0.134542 0.117698 0.0046416 0.0787855 0.032287 -0.10973 -0.0247711 -0.113702 -0.0852568 -0.165307 -0.211207 -0.230951 0.174891 0.182515 -0.0725389 -0.0822953 -0.0851656 -0.196958 -0.0350651 -0.218343 -0.191543 0.194698 0.0228455 0.0712488 -0.0848198 0.156137 0.0212724 -0.368389 0.0368583 0.0703625 0.13639 0.0356538 -0.24556
internal_weight=23804 12524 11280 6491 6033 7785 5317 5581 3960 3495 2475 4134 2073 2468 1715 3516 2419 910 2954 1447 1801 1556 1507 1020 612 1598 1918 1690 1847 1006 894 1983 1201 1525 1910 1298 1665 1327 583 621 559 1110 566 971 931 1085 463 306 854 468 1042 1450 515 538 943 1643 166 1555 791 272 519 532
internal_count=23804 12524 11280 6491 6033 7785 5317 5581 3960 3495 2475 4134 2073 2468 1715 3516 2419 910 2954 1447 1801 1556 1507 1020 612 1598 1918 1690 1847 1006 894 1983 1201 1525 1910 1298 1665 1327 583 621 559 1110 566 971 931 1085 463 306 854 468 1042 1450 515 538 943 1643 166 1555 791 272 519 532
is_linear=0
shrinkage=0.035


Tree=12
num_leaves=63
num_cat=0
split_feature=72 67 67 72 72 72 67 81 67 71 72 72 72 65 58 68 67 71 51 46 72 76 72 68 76 72 65 68 55 67 27 65 51 0 11 47 17 76 6 3 51 6 72 16 48 67 44 69 31 80 65 6 20 72 80 34 49 6 17 63 4 80
split_gain=122274 55798.1 26350.9 21470.3 19998.6 18702.6 9278.34 7377.37 7259.35 6027.22 5494.66 4949.35 4892.17 3755.11 3659.69 3621.79 3584.4 3311.84 3278.04 2972.98 2969.46 2823.89 2653.49 2583.76 2575.46 2567.47 2528.08 2510.03 2286.36 2119.6 2072.77 2070.63 2059.47 2055.29 2041.74 1941.21 1940.04 1940.03 1930.54 1929.77 1844.03 1789.85 1720.31 1706.75 1922.99 1689.22 1620.59 1714.12 1720.37 1574 1541.09 1523.68 1521.26 1517.69 1506.88 1879.78 1501.23 1490.19 1479.28 1465.27 1615.38 1460.61
threshold=72.361435682231289 100.39485035525401 100.32130525291451 79.962038728025547 78.367159635930051 67.850574265081647 108.2895611662755 0.96784210900936329 95.319869398984068 68.263004926108394 64.610711977847004 75.667769559439606 82.694217398536964 0.90304137994668354 1.0000000180025095e-35 -16.382006728706639 94.37828791846951 71.811633986928115 74.91695402298852 0.42365967365967366 83.394285496385336 -0.027212096287299977 76.809665385437256 22.129233902917552 -0.43421299209216196 67.630565650703304 0.15291331912627751 5.2434047011689993 89.607523761076052 107.65222583130301 9.9843750000000018 0.65843114564006966 69.771314285714297 1.5000000000000002 0.47311249999999999 0.71554884159050836 38.379807692307701 0.29837154946477906 20.716517857142861 53.654509283819635 67.100526315789494 27.113247863247867 72.950974322966985 25.169540229885062 0.72974917799697869 94.37828791846951 15.236694677871148 -11.182950949243404 41.693979933110377 -5.7224820350990973 0.097289587358064825 16.017241379310349 4.8908730158730167 72.138827259724778 7.9223204391727515 13.67204301075269 0.19418924466338258 28.340579710144933 38.148351648351657 99.161295951565606 0.4976666666666667 -12.514386596555992
decision_type=2 2 2 2 2 2 2 2 2 2 2 2 2 2 2 2 2 2 2 2 2 2 2 2 2 2 2 2 2 2 2 2 2 2 2 2 2 2 2 2 2 2 2 2 2 2 2 2 2 2 2 2 2 2 2 2 2 2 2 2 2 2
left_child=2 4 9 6 8 10 11 26 13 24 30 19 23 43 -13 -12 39 29 21 42 28 -10 41 37 -1 40 51 59 -5 -9 -4 32 57 -26 -19 -34 -21 56 52 -11 -18 50 -3 44 -2 -14 -36 48 54 -27 -8 -7 -28 -49 55 -48 -6 -17 -20 -16 -61 -30
right_child=1 3 5 20 12 7 22 17 18 16 15 14 45 -15 27 31 25 34 58 36 -22 -23 -24 -25 33 49 38 -29 61 -31 -32 -33 35 -35 46 -37 -38 -39 -40 -41 -42 -43 -44 -45 -46 -47 47 53 -50 -51 -52 -53 -54 -55 -56 -57 -58 -59 -60 60 -62 -63
leaf_value=-0.39205292520425983 -0.086195672714735119 0.016072587382869805 -0.19548294008875342 0.44673254293737741 0.071647547687289162 -0.098365331129260269 0.28757297089618722 -0.083569501652947298 -0.069635573264950887 -0.39170870983230982 0.01950207532936532 -0.019550845998207979 0.10400882091877821 -0.18883001183166179 0.24019138166198667 -0.1388200301571513 -0.35516220608139043 -0.066705413675963762 0.089188111058696937 0.023831238422231671 0.39674209005648969 0.014894308444080883 0.28505180946024483 -0.056124833977361399 0.12702696901620475 0.07469281874257945 -0.039248868356095382 0.093209085472941822 0.35724159391602478 0.0098980782450764117 0.02001539691651447 -0.31551470892445754 -0.040049388828237185 -0.2205015719595142 0.25936489465113344 -0.26873134760389622 0.20586981972637555 0.21659197117783305 0.056315859296934258 -0.18664344454818341 -0.1511952209870587 0.28825858957396266 0.14146514317766404 -0.024524723470517856 -0.27241522762627385 0.22709620432255634 0.1194419519942439 -0.03286012739801563 -0.10447952301611364 -0.092969307867908996 0.13943865970007713 0.13788697053983398 0.13984962618629657 0.26499026606215376 -0.059352400496357781 0.394677223279912 -0.089960005110364089 0.11444433705584479 0.37754481966154912 0.16632172165389189 -0.10864490245472302 0.20815862253320139
leaf_weight=110 621 169 921 72 1057 36 96 1596 815 64 355 159 235 442 404 915 62 245 205 1440 298 1191 337 218 21 72 585 514 100 365 58 54 737 944 43 48 75 107 980 474 438 142 651 558 76 331 90 305 35 1309 846 415 64 22 30 46 75 29 24 611 27 440
leaf_count=110 621 169 921 72 1057 36 96 1596 815 64 355 159 235 442 404 915 62 245 205 1440 298 1191 337 218 21 72 585 514 100 365 58 54 737 944 43 48 75 107 980 474 438 142 651 558 76 331 90 305 35 1309 846 415 64 22 30 46 75 29 24 611 27 440
internal_value=9.67603e-06 0.0764917 -0.0822606 0.148397 -0.000562895 -0.0471355 0.122191 -0.00419188 -0.0465687 -0.162404 -0.114039 0.0951705 0.0888439 -0.101134 0.140317 -0.0825577 -0.131706 -0.0415212 -0.00512312 0.0619873 0.305791 -0.0194556 0.19914 0.0548831 -0.231385 -0.108864 0.0456426 0.156656 0.261211 -0.0661726 -0.182709 -0.10288 -0.0961475 -0.212873 0.0177207 -0.0541991 0.0329103 0.0744324 0.0253193 -0.211385 -0.176824 0.172309 0.115652 -0.0701827 -0.106687 0.176134 0.0539783 0.0370156 0.117316 -0.0842016 0.154683 0.118933 -0.0214879 -0.0124366 0.164275 0.213667 0.0609023 -0.130979 0.120181 0.18789 0.154604 0.236078
internal_weight=23804 12336 11468 6381 5955 7974 5471 4857 3932 3494 3117 4050 2023 1697 1715 2138 2419 2777 2235 2335 910 2006 1421 1457 1075 1881 2080 1556 612 1961 979 1783 1729 965 816 785 1515 1239 1629 538 500 1084 820 1255 697 566 571 528 201 1381 942 451 649 327 166 136 1132 944 229 1042 638 540
internal_count=23804 12336 11468 6381 5955 7974 5471 4857 3932 3494 3117 4050 2023 1697 1715 2138 2419 2777 2235 2335 910 2006 1421 1457 1075 1881 2080 1556 612 1961 979 1783 1729 965 816 785 1515 1239 1629 538 500 1084 820 1255 697 566 571 528 201 1381 942 451 649 327 166 136 1132 944 229 1042 638 540
is_linear=0
shrinkage=0.035


Tree=13
num_leaves=63
num_cat=0
split_feature=72 77 76 71 72 71 71 67 67 67 58 72 72 82 77 67 72 67 75 71 67 67 72 72 68 65 51 72 76 51 75 65 72 2 53 53 67 75 32 55 28 37 72 72 76 80 19 71 29 67 63 54 4 15 65 36 39 48 32 61 12 77
split_gain=113894 52263.2 24780.6 14771.5 14598.5 11059.2 8252.99 7137.17 6690.81 5912.13 4295.97 4232.82 4010.71 3854.21 3698.84 3656.82 3647.51 4090.15 3585.04 3457.85 3417.59 3033.32 2897.43 2641.02 2847.11 2580.55 2543.52 2395.17 2394.24 2335.57 2317.44 2174.96 2146.65 2122.55 2029.72 1884.1 1840.39 1798.49 1784.95 1758.46 1659.12 1606.7 1591.35 1589.33 1572.91 1571.43 1759.28 1569.53 1802.9 1563.96 1557.95 1526.27 1658.33 1512.62 1489.32 1489.05 1480.87 1478.96 1471.53 1469.76 1478.9 1442.53
threshold=72.252501871552298 1.2978955688661171 -0.11202780878393349 71.936177339901491 79.962038728025547 69.690233990147803 68.677472222222249 103.12835853956101 95.202438269719764 107.04706656121901 1.0000000180025095e-35 76.196183014236894 66.728929843249105 -59.499999999999993 2.089019223424605 94.233947799986268 81.056750015229582 103.12835853956101 136.12647723855997 71.729466666666681 114.45556558251802 110.08333703314752 77.750337495262883 70.345836122989923 -6.8551654284999008 0.90304137994668354 72.208166666666685 86.287762819023087 -0.39312088926995442 75.169898989899011 163.18628370320582 0.40263564670347857 76.337278798327489 28.203448275862073 103.74853643930456 110.06570769249693 91.043915438817166 153.80717950446169 0.51314550264550274 114.5562297680264 21.377155172413797 12.510000000000002 75.234912541320952 81.470242815646785 0.53629418331533152 -11.542512507513292 9.9833333333333361 68.263004926108394 0.34888194444444448 93.690929250894172 97.063150993840466 97.16607613950741 0.3997809523809524 6.4791304347826104 0.37299090189489753 0.72367708333333347 35.430952380952384 0.44216630591630596 0.54028801843317986 0.47711122876799156 14.901612903225809 1.1117392931062275
decision_type=2 2 2 2 2 2 2 2 2 2 2 2 2 2 2 2 2 2 2 2 2 2 2 2 2 2 2 2 2 2 2 2 2 2 2 2 2 2 2 2 2 2 2 2 2 2 2 2 2 2 2 2 2 2 2 2 2 2 2 2 2 2
left_child=2 3 6 8 7 9 28 29 11 13 27 25 -11 -4 30 -8 17 42 -17 45 23 32 31 -7 -25 57 39 53 -1 33 -6 54 41 -3 -19 38 -18 44 -30 -20 -22 -21 -12 -13 -16 46 -9 49 -49 -15 -23 -28 -53 -5 -10 -24 59 -2 -35 -34 -61 -26
right_child=1 4 5 10 14 20 15 19 22 12 16 43 -14 47 37 18 36 34 26 21 40 50 55 24 61 -27 51 -29 35 -31 -32 -33 56 58 -36 -37 -38 -39 -40 -41 -42 -43 -44 -45 -46 -47 -48 48 -50 -51 -52 52 -54 -55 -56 -57 -58 -59 -60 60 -62 -63
leaf_value=-0.32153933340583563 0.16526333165285637 0.015047543693586692 -0.050511292618152279 -0.27764673283026886 0.17545794343638585 -0.029441101578394482 -0.22039009739759713 0.16865607004220612 0.049242168426114029 -0.10542917259738925 -0.013190151263002717 -0.04958863925472979 0.035074215902554863 -0.31557357029771543 0.13029774240835718 -0.18755593464075149 -0.01540489246753546 0.087436115962193459 -0.10166248906311691 0.13544577277265679 0.029329439423898648 0.48451154729036189 0.021699761242707435 0.095920389583182677 -0.063382951075303326 -0.22760343918503906 0.14346863028543805 0.24525374548523515 -0.25651765169487661 0.18549703398749176 0.36166586615741259 -0.022235965935632266 0.09322729076326422 0.1445867996999394 0.21302433572918997 0.084277653231955435 0.22293924358462336 0.41361876090535571 -0.16238828825879562 -0.2613217528254535 0.22597791460144179 -0.14992073761248123 0.067479153956987017 0.069496362338868939 0.33150043838663118 0.1035458630057703 0.50417876526240901 -0.14500994745496693 -0.027430461001316069 -0.16159848220230305 0.26199707828718438 -0.15112092712174341 -0.023754888833729941 -0.019478468691782772 0.29038475468431613 0.13547486852166021 0.1059107841167284 -0.10723747252051299 -0.059330956410948606 0.22240512512770733 0.38091730019169701 0.034993727013985759
leaf_weight=236 25 832 780 29 424 1923 357 333 130 388 444 688 692 91 66 488 45 324 1341 494 93 45 288 546 333 260 54 40 458 167 102 1954 56 313 309 28 330 245 546 90 121 25 919 171 180 1121 20 515 232 748 296 154 663 486 41 276 100 594 50 175 127 403
leaf_count=236 25 832 780 29 424 1923 357 333 130 388 444 688 692 91 66 488 45 324 1341 494 93 45 288 546 333 260 54 40 458 167 102 1954 56 313 309 28 330 245 546 90 121 25 919 171 180 1121 20 515 232 748 296 154 663 486 41 276 100 594 50 175 127 403
internal_value=1.08283e-05 0.0726663 -0.0806567 0.0127049 0.15792 -0.0390492 -0.145341 0.128792 -0.0276241 -0.0832932 0.0737176 -0.0811345 -0.0154251 -0.114261 0.276767 -0.114931 0.0942324 0.0753777 -0.101398 0.160834 0.00554888 0.202056 0.00696897 -0.00350155 0.0354014 -0.13511 -0.0830955 -0.0139227 -0.220736 0.0630702 0.211883 -0.0117507 0.170512 0.0458878 0.148867 -0.197537 0.194346 0.345984 -0.205438 -0.111794 0.140802 0.121562 0.0412032 -0.0258518 0.277907 0.123917 0.188362 -0.145586 -0.10854 -0.178481 0.292038 -0.0359042 -0.0478447 -0.0342781 0.107758 0.0774538 0.225782 -0.0961016 0.116446 0.259061 0.289595 -0.00952443
internal_weight=23804 12524 11280 7353 5171 6865 4415 4154 4427 3446 2926 1738 1080 2366 1017 3147 2371 1996 2790 2792 3419 1318 2689 3205 1282 879 2302 555 1268 1362 526 2125 977 1195 633 1032 375 491 1004 1431 214 519 1363 859 246 1474 353 1586 747 839 341 871 817 515 171 564 458 619 363 358 302 736
internal_count=23804 12524 11280 7353 5171 6865 4415 4154 4427 3446 2926 1738 1080 2366 1017 3147 2371 1996 2790 2792 3419 1318 2689 3205 1282 879 2302 555 1268 1362 526 2125 977 1195 633 1032 375 491 1004 1431 214 519 1363 859 246 1474 353 1586 747 839 341 871 817 515 171 564 458 619 363 358 302 736
is_linear=0
shrinkage=0.035


Tree=14
num_leaves=63
num_cat=0
split_feature=72 67 67 72 72 72 67 81 65 67 72 72 72 58 71 72 68 72 71 46 71 3 72 58 65 58 46 15 27 36 11 65 51 32 67 67 58 45 6 61 46 6 44 7 69 67 29 65 81 39 78 51 76 6 20 70 72 7 79 46 68 43
split_gain=106110 48943.1 23190.8 18758.2 17520.1 16527 8297.02 6545.97 6272.92 5339.98 4883.36 4436.65 4415.79 4216.43 4393.62 3365.84 3227.78 3087.3 2949.19 2873.34 2726.1 2695.9 2399.55 2273.6 2266.17 2215.35 2139.41 2060.06 1935.78 1890.99 1880.29 1877.13 1868.34 1862.68 1862.36 1849.36 1801.87 1801.58 1775.7 1667.58 1663.36 1570.49 1519.5 1676.03 1718.83 1505.76 1497.45 1486.86 1486.61 1459.39 1482.09 1452.32 1438.64 1426.85 1424.99 1406.64 1394.48 1387.44 1376.15 1374.51 1365.33 1355.04
threshold=72.361435682231289 100.39485035525401 100.32130525291451 79.427456161531907 78.288720389440826 67.850574265081647 108.2895611662755 0.96784210900936329 0.87312990002113866 95.698574659325118 64.610711977847004 67.331372611944133 82.694217398536964 1.0000000180025095e-35 70.500026315789484 82.138866105453701 -16.382006728706639 74.442110077265355 71.811633986928115 0.45993589743589747 69.803412698412714 51.688259109311751 76.809665385437256 1.0000000180025095e-35 0.15291331912627751 1.0000000180025095e-35 0.74642857142857155 9.9104278074866325 9.9843750000000018 0.66382337662337665 0.47311249999999999 0.65843114564006966 69.210333333333338 0.45552777777777781 97.103787123717012 107.65222583130301 1.0000000180025095e-35 0.86425061425061445 20.716517857142861 0.17167826471591954 0.18350168350168347 28.340579710144933 15.236694677871148 0.38501562500000003 -9.8610596213199369 94.37828791846951 0.30157793522267212 0.40585619182621951 0.95629937666686182 32.754310344827594 -7.8246319115752518 67.215119047619055 -0.097336593328004969 16.017241379310349 4.8908730158730167 -3.0740750472580411 60.544321150179478 0.36101428571428579 1.1087221546404977 0.27097902097902099 -19.285103662343335 12.754310344827589
decision_type=2 2 2 2 2 2 2 2 2 2 2 2 2 2 2 2 2 2 2 2 2 2 2 2 2 2 2 2 2 2 2 2 2 2 2 2 2 2 2 2 2 2 2 2 2 2 2 2 2 2 2 2 2 2 2 2 2 2 2 2 2 2
left_child=2 4 9 6 8 10 13 24 20 21 28 61 23 26 59 33 -12 -16 35 -19 37 -1 40 46 53 -23 -3 -10 56 -29 -20 32 41 -5 -25 39 -22 -2 54 -9 -8 48 -32 44 -44 -14 -6 -17 -18 50 -27 -31 -38 -7 -26 -48 -4 -47 -49 -15 -58 -11
right_child=1 3 5 15 12 7 22 18 27 11 16 -13 45 14 17 47 31 19 30 -21 36 25 -24 34 38 49 -28 29 -30 51 42 -33 -34 -35 -36 -37 52 -39 -40 -41 -42 -43 43 -45 -46 57 55 58 -50 -51 -52 -53 -54 -55 -56 -57 60 -59 -60 -61 -62 -63
leaf_value=-0.42099898972784311 -0.08245761894876634 0.0099580262172780688 -0.28646539024656326 0.36867953002880954 0.18209179459965749 -0.097236595354259853 0.26444195645965068 -0.27211331891616186 -0.16632322898692251 -0.24358844542323627 0.01945800714582924 -0.089669406630213569 0.096462358939989362 0.1553123777860945 0.070633810759255067 0.40715273103305766 -0.059604395452411439 0.21184556153272077 -0.063585009131861311 0.11483918039588964 -0.070363086550506118 -0.28457300294759846 0.27273924417638584 0.038460196111566224 -0.037687192960277227 -0.39148177246486437 -0.22771196097093765 -0.32647759522958231 0.024566005120929491 -0.20514622911502578 0.25110672980067372 -0.29852320647834368 -0.055926553715152399 0.19620981653735195 0.12898013780267745 0.0093230531896233947 -0.027062092539959115 0.06825794620878034 0.054121407310777123 -0.071356106772309427 0.14258219695167573 0.13655938622299232 0.12724542606464673 -0.18661171964081855 -0.0047469118217584394 0.29098455412513746 0.091291919291278611 0.19857663461125855 -0.16816100313473711 -0.13747436482752318 -0.19314879004701002 0.016828723970125706 0.041902378388522926 0.13136930001390737 0.13565178780586915 -0.10363655329587287 -0.059972553942396367 0.1463230386207969 0.39278283311936685 0.027822920128429001 -0.18568769060730117 -0.14269176437837808
leaf_weight=71 936 349 138 90 34 36 162 52 575 356 355 1639 235 115 842 239 215 627 245 934 339 277 302 762 585 59 53 27 58 43 43 54 931 543 439 365 564 108 980 1544 922 26 215 38 275 151 57 118 557 564 221 212 1078 415 64 215 127 180 74 1011 656 307
leaf_count=71 936 349 138 90 34 36 162 52 575 356 355 1639 235 115 842 239 215 627 245 934 339 277 302 762 585 59 53 27 58 43 43 54 931 543 439 365 564 108 980 1544 922 26 215 38 275 151 57 118 557 564 221 212 1078 415 64 215 127 180 74 1011 656 307
internal_value=1.2629e-05 0.0712601 -0.0766269 0.138604 -0.000906185 -0.0436752 0.111739 -0.00330649 -0.0447754 -0.151811 -0.106567 -0.120624 0.0812348 0.0857567 0.0979897 0.272735 -0.0768889 0.124721 -0.0384696 0.153861 -0.0210837 -0.211962 0.185369 0.0498955 0.0436359 -0.198537 -0.0216118 -0.128336 -0.171304 -0.0507111 0.0174343 -0.0960739 -0.0896645 0.221009 0.0715907 -0.0617323 0.00303805 -0.0668378 0.0243938 -0.0779824 0.16091 -0.128961 0.0522287 0.0358033 0.0532316 0.164553 -0.035221 0.348352 -0.137991 -0.170144 -0.235576 -0.0209169 0.0182111 0.113026 -0.020497 -0.0626822 -0.183649 0.212667 0.274271 0.0409099 -0.165353 -0.197017
internal_weight=23804 12336 11468 6381 5955 7974 5317 4857 3882 3494 3117 2302 2073 3931 3529 1064 2138 2403 2777 1561 3025 1192 1386 1507 2080 1121 402 857 979 282 816 1783 1729 633 1201 1961 1981 1044 1629 1596 1084 798 571 528 490 566 306 431 772 844 280 255 1642 451 649 272 921 331 192 1126 783 663
internal_count=23804 12336 11468 6381 5955 7974 5317 4857 3882 3494 3117 2302 2073 3931 3529 1064 2138 2403 2777 1561 3025 1192 1386 1507 2080 1121 402 857 979 282 816 1783 1729 633 1201 1961 1981 1044 1629 1596 1084 798 571 528 490 566 306 431 772 844 280 255 1642 451 649 272 921 331 192 1126 783 663
is_linear=0
shrinkage=0.035


Tree=15
num_leaves=63
num_cat=0
split_feature=72 77 76 72 71 71 67 71 72 67 82 67 72 77 67 75 72 72 67 58 71 51 68 76 73 80 72 26 27 53 51 46 1 41 46 72 71 32 19 26 75 42 6 32 36 67 41 47 62 67 36 19 35 63 34 2 67 68 63 21 54 4
split_gain=98852 45749.3 21788.9 14070.7 13234.6 9844.71 8068.36 7331.27 5940.09 7560.83 4389.13 4349.32 3542.86 3494.94 3183.93 3171.87 3122.97 2897.99 2789.73 2638.4 2624.76 2285.95 2244.56 2196.21 2150.55 2117.42 2102.27 2062.24 1994.88 1890.9 1834.06 1824.98 1780.5 2155.68 1768.93 1686.31 1674.16 1660.58 1655.66 1650.27 1642.34 1632.48 1615.64 1605.58 1689.86 1600.19 1591.77 1607.81 1591.07 1561.4 1610.34 1538.66 1534.08 1524.43 1510.01 1490.14 1484.34 1467.83 1426.19 1968.63 1422.15 1524.45
threshold=72.252501871552298 1.2307273495698219 -0.11202780878393349 79.962038728025547 69.960839160839171 68.904124183006545 102.88807367834751 68.677472222222249 81.470242815646785 98.096347570181408 -49.499999999999993 105.92067275266751 76.877654454415207 2.089019223424605 94.233947799986268 136.12647723855997 70.3987544003122 75.980528263477268 93.323673327874062 1.0000000180025095e-35 71.442928571428581 72.208166666666685 -4.1957321892498447 -0.29332732991428589 74.409773648566031 -14.792545470603249 65.248123176005535 0.45793095238095244 10.236694677871148 110.06570769249693 67.415311355311374 0.51925925925925942 63.020833333333336 7.169540229885059 0.81016731016731025 86.287762819023087 66.737365217391314 0.58229166666666676 8.8410526315789486 0.43236931818181829 154.2115069455634 3.7171428571428575 21.508064516129036 0.51314550264550274 0.70371714285714304 115.628895561405 7.5345238095238107 0.75107210072146968 97.732060172734109 90.531195712044664 0.6573904761904763 5.2981481481481492 14.436141304347828 110.10375447122101 9.5080645161290338 30.449494949494952 102.49571998824702 4.9644844115564988 107.79066999338552 14.106203007518799 97.16607613950741 0.3997809523809524
decision_type=2 2 2 2 2 2 2 2 2 2 2 2 2 2 2 2 2 2 2 2 2 2 2 2 2 2 2 2 2 2 2 2 2 2 2 2 2 2 2 2 2 2 2 2 2 2 2 2 2 2 2 2 2 2 2 2 2 2 2 2 2 2
left_child=2 4 7 6 18 10 30 23 9 17 48 20 22 24 42 -16 45 34 -2 -11 26 37 25 58 -5 -8 -7 56 32 36 -3 57 -12 51 -6 -15 -25 -17 52 -36 -29 -32 -9 -38 -45 -13 47 54 -4 50 -19 -34 -22 -46 -28 -33 -21 -14 -1 -60 -23 -62
right_child=1 3 5 13 8 11 12 14 -10 19 28 16 31 35 15 21 -18 49 -20 27 38 60 -24 29 -26 -27 46 40 -30 -31 41 55 33 -35 39 -37 43 -39 -40 -41 -42 -43 -44 44 53 -47 -48 -49 -50 -51 -52 -53 -54 -55 -56 -57 -58 -59 59 -61 61 -63
leaf_value=-0.30837099688048514 -0.13394857009861105 -0.04448285339512522 -0.14991520014672297 0.11366324857089297 -0.041396166281598305 -0.2381529694495757 0.3361969407071238 -0.27379831769006152 0.14066131761977815 -0.026728487983304267 -0.24088450663445396 -0.0094115800876374937 0.26272879401468918 0.29618014380879215 -0.17554578754035882 -0.095428108892247135 0.090472653377247747 -0.32784522935802285 -0.042653027017029492 0.071619132154306833 0.23814416373693029 0.14058908439994952 0.091924097821240627 -0.27861448482761875 0.24830208737887685 0.14795648120289681 0.12074695244701179 0.0065324428187174934 0.10907556780179344 0.12703365065069763 0.093430844017656542 0.15075953757163668 -0.012145682342588674 -0.21621769252471612 -0.43763322420981193 0.48580080528676944 -0.21435615220100721 -0.26226378554942148 -0.092997794170283143 -0.12275553030611207 0.10231085750708979 0.012107093636616986 -0.12368417897843258 -0.19210714315772881 -0.064554119228441273 0.12684929432674347 -0.11654176536243445 -0.23423750743301969 -0.023335478395314118 0.028222621153058763 -0.03906985813136004 -0.12312253565837854 0.02611567070964264 0.25575446420762599 -0.0364256574638087 -0.14548008881731239 0.15629020630482351 0.12516438883895109 -0.1179033943750098 -0.41976517222532583 -0.14309822245164019 -0.020984259032847157
leaf_weight=322 589 220 139 235 628 81 80 194 600 312 187 1354 522 423 488 1354 713 27 1350 475 45 54 1207 166 387 860 81 551 40 25 852 186 195 246 22 68 275 77 135 232 364 469 163 135 162 114 381 46 954 1005 171 714 518 20 922 23 548 118 130 33 154 663
leaf_count=322 589 220 139 235 628 81 80 194 600 312 187 1354 522 423 488 1354 713 27 1350 475 45 54 1207 166 387 860 81 551 40 25 852 186 195 246 22 68 275 77 135 232 364 469 163 135 162 114 381 46 954 1005 171 714 518 20 922 23 548 118 130 33 154 663
internal_value=1.20973e-05 0.0677001 -0.0751401 0.141481 0.00705071 -0.036125 0.1141 -0.135794 0.0374922 0.0231973 -0.0919379 -0.00465099 0.147572 0.25299 -0.107133 -0.0945053 0.030405 -0.024816 -0.0704146 0.0676869 -0.0392633 -0.0772897 0.123579 -0.206854 0.197571 0.164151 -0.0651876 0.0828917 -0.13338 -0.170372 0.0489949 0.208133 -0.140648 -0.124319 -0.072988 0.322916 -0.180262 -0.104496 0.016858 -0.150848 0.0446733 0.0645763 -0.205537 -0.152466 -0.0985121 0.00120719 -0.0553079 -0.0330194 -0.0394974 0.0105148 -0.0791926 -0.0993392 0.0432654 -0.0287319 -0.0236754 0.117873 0.117033 0.237488 -0.26551 -0.180135 -0.0325526 -0.0440798
internal_weight=23804 12524 11280 5650 6874 6865 4537 4415 4935 4335 2475 4390 2996 1113 3147 2790 2181 2085 1939 2250 2209 2302 2147 1268 622 940 1511 1938 1382 783 1541 849 1342 1155 882 491 758 1431 698 254 915 1321 357 592 317 1468 1430 1049 1093 1203 198 909 563 182 1003 209 1023 640 485 163 871 817
internal_count=23804 12524 11280 5650 6874 6865 4537 4415 4935 4335 2475 4390 2996 1113 3147 2790 2181 2085 1939 2250 2209 2302 2147 1268 622 940 1511 1938 1382 783 1541 849 1342 1155 882 491 758 1431 698 254 915 1321 357 592 317 1468 1430 1049 1093 1203 198 909 563 182 1003 209 1023 640 485 163 871 817
is_linear=0
shrinkage=0.035


Tree=16
num_leaves=63
num_cat=0
split_feature=72 77 76 71 71 71 72 67 72 80 67 80 67 72 72 72 50 21 65 28 72 71 58 67 67 71 65 67 67 33 42 25 64 31 14 63 72 22 46 81 80 6 72 62 26 14 21 31 65 46 67 3 14 80 64 38 60 78 71 62 17 10
split_gain=92377.9 40482.2 23866.5 12759.5 11259.1 9198.08 8920.41 6593.61 6444.94 4714.13 4403.57 4290.69 4228.8 3957.97 3925.37 3626.46 3307.35 3228.17 3215.03 2851.11 2529.62 2323.41 2308 2221.61 2219.75 2289.01 2048.89 2042.18 2007.19 2249.87 1981.41 1959.95 1993.13 1949.69 1937.87 1907.64 1935.72 1853.52 1808.86 1765.4 1741.07 1657.85 1648.1 1610.08 1596.28 1584.59 1576.79 1695.88 1571.75 1569.09 1552.63 1551.5 1546.38 1543.84 1530.36 1738.29 1513.37 1500.99 1552.9 2000.86 1500.89 1471.78
threshold=73.117190197378576 1.4813157527637693 -0.049675669750116495 69.960839160839171 69.553038176638182 70.059727272727272 81.663559009556465 97.621244520612763 81.470242815646785 -3.1890284433509986 98.249378400102856 -11.542512507513292 110.23381617235901 69.12039057190718 76.809665385437256 67.715568986106305 69.747333333333344 14.963527851458887 0.88644347347305119 29.518620689655176 70.345836122989923 70.953300653594781 1.0000000180025095e-35 104.95956915288902 97.294451578282164 68.441245210727985 0.62209309984855365 104.76700398333601 102.76144383891652 0.50893933823529436 1.4180107526881722 54.984375000000007 194.50000000000003 34.770979020979027 0.72702000000000011 95.634759125752268 61.889998177092487 18.059714795008919 0.16397849462365588 1.1118384185489913 9.9844099312736976 21.301515151515158 71.429596967081054 102.55487038029402 0.3987616632860041 0.64922875816993475 17.017241379310349 34.945906432748544 0.65843114564006966 0.26794871794871794 94.37828791846951 60.464102564102568 0.76979285714285728 -0.48751723921589724 296.50000000000006 25.701851851851853 4.5000000000000009 -5.2570122321859492 72.966862745098055 104.35529285886201 28.295206971677562 0.4886449579831933
decision_type=2 2 2 2 2 2 2 2 2 2 2 2 2 2 2 2 2 2 2 2 2 2 2 2 2 2 2 2 2 2 2 2 2 2 2 2 2 2 2 2 2 2 2 2 2 2 2 2 2 2 2 2 2 2 2 2 2 2 2 2 2 2
left_child=2 3 4 18 17 9 11 8 39 15 41 16 20 19 22 -4 34 24 40 48 30 37 33 -17 25 -1 -24 -18 -16 -30 -7 -8 -33 -9 -3 -11 -37 49 43 57 -2 45 -14 -29 -25 -6 47 53 -12 -13 -22 -45 -41 -23 55 -15 -34 58 -5 -60 -47 -51
right_child=1 6 5 7 10 12 31 14 -10 35 13 21 42 54 28 23 27 -19 -20 -21 50 46 26 44 -26 -27 -28 38 29 -31 -32 32 56 -35 -36 36 -38 -39 -40 52 -42 -43 -44 51 -46 60 -48 -49 -50 61 -52 -53 -54 -55 -56 -57 -58 -59 59 -61 -62 -63
leaf_value=-0.25436699801586149 -0.016849096503985351 0.19627203984001554 -0.087693749927455572 -0.123042460294357 -0.31493009733712235 0.28057973214032805 0.10505723437304811 0.11291327199668889 0.12253306937137332 -0.2101610758032483 -0.091332399224340624 0.20204968671368229 0.068683877788534603 -0.036676992346123413 0.10859878170265264 -0.036894746732713722 0.14571193928769416 -0.30889389861739802 -0.13294458638739726 0.15287055999726321 -0.20988654670949844 0.13051699528541402 0.097330915223376224 0.19059013740815023 -0.13456946313881793 -0.1318032706691197 0.000483834908646043 0.22134993062700548 0.35882926011381888 0.15790602802958503 -0.044651430179287736 0.22898003647107526 0.60808707005131069 -0.1083816943916473 -0.0056032325738789275 -0.40812273090150625 -0.080784151198721538 -0.033720387513317719 0.27710061566344318 -0.16273790797829046 -0.18487989288193626 -0.095666911808379843 0.18782469038141342 0.81060066712179846 0.035199960820615571 -0.39656897821761011 -0.035565176295899899 0.18273576938076588 -0.25021587381649052 -0.12590050279946977 0.042852190429005517 0.41989270422393332 0.14267232403856644 -0.041490563507952723 0.25852714872360233 0.0565432216360576 0.35571768285017352 0.010376586427767372 -0.08733243512681553 0.19718286764448129 -0.1306114276708242 0.092287253955183987
leaf_weight=482 1523 158 624 234 94 23 53 68 514 167 1247 157 494 867 822 578 105 190 430 56 30 394 1069 92 1565 308 357 24 90 287 982 154 34 169 92 22 1511 143 258 153 79 536 200 21 655 28 53 1064 81 40 1265 36 23 76 26 341 250 1370 73 51 320 596
leaf_count=482 1523 158 624 234 94 23 53 68 514 167 1247 157 494 867 822 578 105 190 430 56 30 394 1069 92 1565 308 357 24 90 287 982 154 34 169 92 22 1511 143 258 153 79 536 200 21 655 28 53 1064 81 40 1265 36 23 76 26 341 250 1370 73 51 320 596
internal_value=1.05631e-05 0.0742715 -0.0640036 0.0264961 -0.113739 -0.0180207 0.168465 0.0551773 0.0126192 -0.0553232 -0.0738521 0.147212 0.027443 -0.0501607 0.0911234 -0.0181594 0.224312 -0.170071 -0.0480232 -0.0907855 0.00458509 0.125962 0.0562884 0.0146055 -0.158807 -0.206701 0.0730963 0.281652 0.139393 0.206293 -0.037069 0.307416 0.331746 -0.044769 0.122105 -0.0979106 -0.0856156 0.0821472 0.32347 -0.0170755 -0.0251925 -0.13721 0.103134 0.468516 0.0544571 -0.187415 0.151768 0.158252 -0.101116 0.103054 0.0369158 0.569696 -0.122515 0.102681 -0.0045766 -0.0103469 0.386959 -0.00630192 -0.0700627 0.0299798 -0.152559 0.0784711
internal_weight=23804 11020 12784 7312 6141 6643 3708 5280 2418 3649 3596 3217 2994 2618 2862 1949 694 2545 2032 1384 2300 2523 1663 1325 2355 790 1426 444 1199 377 1005 491 438 237 250 1700 1533 936 339 1904 1602 978 694 81 747 442 1587 1534 1328 793 1295 57 176 470 1234 1208 284 1728 358 124 348 636
internal_count=23804 11020 12784 7312 6141 6643 3708 5280 2418 3649 3596 3217 2994 2618 2862 1949 694 2545 2032 1384 2300 2523 1663 1325 2355 790 1426 444 1199 377 1005 491 438 237 250 1700 1533 936 339 1904 1602 978 694 81 747 442 1587 1534 1328 793 1295 57 176 470 1234 1208 284 1728 358 124 348 636
is_linear=0
shrinkage=0.035


Tree=17
num_leaves=63
num_cat=0
split_feature=72 67 67 72 72 72 77 72 68 65 67 71 80 72 58 72 80 72 71 72 55 67 42 68 50 6 81 77 46 72 81 40 41 6 27 65 1 68 47 48 0 39 76 22 67 65 30 21 58 66 51 47 35 81 71 11 41 50 49 41 72 47
split_gain=86037 37810.8 22456.1 17949.5 13465.7 12593.6 6158.29 5804.79 5231.85 5217.4 5199.28 4776.18 4603.79 4414.94 3815.14 3566.38 2972.67 2813.6 2740.94 2614.43 2263.14 2202.98 2095 2039.1 1974.95 1949.5 1902.16 1880.34 1870.56 1821.85 1807.62 1786.77 1782.25 1768.95 1758.59 1749.55 1730.41 1999.39 1714.17 1695.95 1671.14 1577.48 1564.63 1526.66 1511.71 1484.54 1482.95 1658.08 1537.93 1466.97 1465.78 1464.48 1464 1409.75 2164.69 2235.35 1715.43 1464.1 1407.15 1402.36 1391.15 1390.12
threshold=73.117190197378576 100.39485035525401 100.32130525291451 69.12039057190718 81.056750015229582 78.367159635930051 2.8825936113956288 64.610711977847004 -4.2911151012470006 0.91530108534982513 95.698574659325118 70.356589590964603 -4.7873226404020022 67.331372611944133 1.0000000180025095e-35 82.694217398536964 -14.792545470603249 68.919569607049667 69.717097744360913 71.271662203576668 102.13055177096663 114.09729020649051 4.3207142857142866 22.129233902917552 69.77809090909092 20.803846153846155 0.90145116535378522 0.98986876400230728 0.77598566308243744 76.263383040742539 1.0648097641695247 14.134848484848487 6.4309523809523821 27.603571428571431 9.9843750000000018 0.31994055218849954 63.508620689655181 -16.382006728706639 0.43531352430249487 0.43133822435546576 28.500000000000004 34.236694677871157 0.29837154946477906 19.94868421052632 101.25888394363302 0.10260720246612802 22.509259259259263 11.651086956521741 1.0000000180025095e-35 101.51320380148101 70.044142857142873 0.78884867009867021 18.644009216589865 0.97339474577475638 72.81686480186481 0.46551190476190479 4.9848484848484853 74.041000000000011 0.19418924466338258 6.048809523809525 85.437284430673671 0.64397148817792227
decision_type=2 2 2 2 2 2 2 2 2 2 2 2 2 2 2 2 2 2 2 2 2 2 2 2 2 2 2 2 2 2 2 2 2 2 2 2 2 2 2 2 2 2 2 2 2 2 2 2 2 2 2 2 2 2 2 2 2 2 2 2 2 2
left_child=2 5 10 7 6 9 11 34 21 18 17 -3 33 -12 28 23 -16 49 30 32 31 25 29 42 -8 -5 41 46 -13 59 39 -14 -10 36 -4 38 37 -9 -6 -2 -19 45 58 -28 -24 -26 48 -48 -20 -1 -31 -17 -39 56 57 -56 -27 -55 -7 -18 -37 -25
right_child=1 4 3 8 35 15 24 12 19 -11 13 14 20 -15 16 51 22 40 27 -21 -22 -23 44 61 26 53 43 -29 -30 50 -32 -33 -34 -35 -36 60 -38 52 -40 -41 -42 -43 -44 -45 -46 -47 47 -49 -50 -51 -52 -53 -54 54 55 -57 -58 -59 -60 -61 -62 -63
leaf_value=-0.1641507500497916 0.18866662212267316 0.031458005279945973 -0.16758539871627473 0.00019157750287733267 0.14728552777221404 0.061984215299848558 0.11988974280085939 0.10079246367060621 -0.022510853504673918 -0.16717378269868577 -0.17878006217626438 0.030305784956299282 -0.072195499135436894 -0.073985200701874171 0.38457393234440712 0.13700543705926582 0.16275145429186738 -0.13502465185556708 -0.13015224284776053 0.013448511275340276 -0.12551137023054124 0.16364239688443191 -0.1094151656430615 -0.12828320246424332 0.48771425013682423 0.22518058776718372 0.20984299559976868 0.040249365117829082 -0.27193643505790022 0.067892024322596403 -0.16337120215331979 0.047977869199551756 -0.12245356688912358 0.2096911038586968 0.030817799467816313 0.19704644733979551 0.0084745269079020778 -0.089358716364027174 0.39606489845376958 -0.055218465739335379 -0.30832080545361407 0.11472814970124853 0.19139012527860877 0.022741859863732609 0.081627105176791254 0.28320818398176406 0.3669229705075423 0.024104808852372581 -0.019430174656107017 -0.29576951956172148 0.19273259346949528 0.39974128457687119 -0.36706206372559785 0.011509214294562527 -0.071749318481415747 0.16296687168713225 0.078316787580448091 -0.16944645691715826 -0.094460797214350176 0.08514043390124619 0.35580979215269154 0.050043396891657529
leaf_weight=156 36 1007 921 834 41 1057 288 34 475 329 663 285 1115 1918 56 539 440 861 187 1037 1029 201 60 125 59 116 304 913 27 134 193 175 405 47 58 268 897 54 223 817 74 49 107 65 315 182 22 75 854 325 858 27 41 398 64 218 605 63 75 818 92 93
leaf_count=156 36 1007 921 834 41 1057 288 34 475 329 663 285 1115 1918 56 539 440 861 187 1037 1029 201 60 125 59 116 304 913 27 134 193 175 405 47 58 268 897 54 223 817 74 49 107 65 315 182 22 75 854 325 858 27 41 398 64 218 605 63 75 818 92 93
internal_value=1.18772e-05 0.0716788 -0.0617662 -0.0304764 0.135792 0.006123 0.116442 -0.0807529 0.0192904 -0.0347626 -0.13054 0.0974177 -0.0590668 -0.100935 0.1196 0.075357 0.133078 -0.184445 -0.0206705 -0.0242013 -0.086798 0.0526528 0.127639 0.0463605 0.196703 0.0429098 0.230151 0.00284516 0.00374576 0.140405 -0.0667626 -0.0558779 -0.0685546 0.000876041 -0.155818 0.288972 -0.00878363 -0.128384 0.357793 -0.0448169 -0.148901 0.297386 0.0637281 0.17697 0.050946 0.334195 -0.0271651 0.103376 -0.039376 -0.253304 0.175915 0.149887 -0.210541 0.0672345 0.0333605 0.109653 0.10209 -0.0133693 0.0515788 0.112342 0.238066 -0.0522516
internal_weight=23804 11020 12784 8787 5571 5449 4947 4371 4416 3426 3997 4000 3392 2581 2993 2023 2681 1416 3097 1917 2319 2499 2625 1457 947 2298 659 2051 312 2250 1046 1290 880 1073 979 624 1026 129 264 853 935 290 1239 369 375 241 1138 97 1041 481 992 566 95 1464 743 282 721 461 1132 1258 360 218
internal_count=23804 11020 12784 8787 5571 5449 4947 4371 4416 3426 3997 4000 3392 2581 2993 2023 2681 1416 3097 1917 2319 2499 2625 1457 947 2298 659 2051 312 2250 1046 1290 880 1073 979 624 1026 129 264 853 935 290 1239 369 375 241 1138 97 1041 481 992 566 95 1464 743 282 721 461 1132 1258 360 218
is_linear=0
shrinkage=0.035


Tree=18
num_leaves=63
num_cat=0
split_feature=72 67 80 72 72 67 71 72 67 72 51 72 65 76 67 26 72 58 72 14 8 76 58 65 28 6 80 66 41 72 68 32 40 48 28 51 66 18 65 71 21 71 31 71 67 75 65 7 58 55 70 51 63 72 51 71 37 67 58 52 72 71
split_gain=80242.2 37604.7 18304.4 15516.5 12162.6 9385.04 9246.73 6382.22 4658.06 4202.53 3882.45 3678.89 3627.38 3390.59 3357.43 3211.98 2948.26 2580.31 2535.39 2489.45 2477.87 2456.56 2255.23 2061.52 1972.07 1944.37 1897.28 1848.49 1844.61 1826.83 1786.34 1733.56 2495.67 1961.29 1821.01 1677.41 1813.17 1682.24 1675.89 1662.07 1603.86 1536.58 1520.3 1751.82 1510.06 1477.14 1474.39 1460.29 1444.12 1425.88 1415.84 1408.39 1396.84 1388.59 1382.95 1344.96 1495.87 1353.29 1541.39 1425.04 1342.92 1333.54
threshold=72.252501871552298 103.12835853956101 -2.5851728216506582 79.038402185225479 76.809665385437256 95.319869398984068 69.286277056277072 67.41351659705127 95.698574659325118 82.138866105453701 75.665333333333351 68.515762165882435 0.71678605559983921 -0.29332732991428589 108.37485848966202 0.46290692640692643 81.470242815646785 1.0000000180025095e-35 75.980528263477268 0.73380909090909097 16.15504807692308 0.24280195577863548 1.0000000180025095e-35 0.44212415882191508 16.723180076628356 22.410427807486634 -11.542512507513292 99.970223958865617 7.1863425925925934 59.032219886632298 4.6872814228994963 0.55842261904761925 13.836021505376346 0.51522183956394496 30.06904761904762 70.009444444444469 102.53558595359452 14.209429824561406 0.92018966662698509 70.334158667419544 14.085144927536234 69.960839160839171 30.559027777777782 67.849721428571428 90.766629354396017 142.80057735257733 0.87970904851829157 0.29982352941176471 1.0000000180025095e-35 101.20328924689623 -5.5128376644771526 67.902415458937227 110.28179665549051 86.287762819023087 69.422167741935496 73.397461722488046 8.3279569892473138 108.2895611662755 1.0000000180025095e-35 6.5011954022988556 67.181919381988649 71.846690476190489
decision_type=2 2 2 2 2 2 2 2 2 2 2 2 2 2 2 2 2 2 2 2 2 2 2 2 2 2 2 2 2 2 2 2 2 2 2 2 2 2 2 2 2 2 2 2 2 2 2 2 2 2 2 2 2 2 2 2 2 2 2 2 2 2
left_child=2 3 7 5 15 18 13 23 -8 22 21 31 53 40 25 26 -14 -13 46 29 -12 41 -6 61 -24 -9 39 51 52 -15 60 32 33 -10 -34 -19 -37 -38 -20 -3 -4 -7 -16 -44 -18 -23 -2 -11 54 -35 -48 -27 -21 -5 -32 57 -57 59 -59 -28 -31 -1
right_child=1 4 6 12 9 10 8 14 11 47 20 17 16 19 42 -17 44 35 38 28 -22 45 24 -25 -26 27 55 -29 -30 30 48 -33 34 49 -36 36 37 -39 -40 -41 -42 -43 43 -45 -46 -47 50 -49 -50 -51 -52 -53 -54 -55 -56 56 -58 58 -60 -61 -62 -63
leaf_value=-0.068606864684144384 -0.082442000266565271 0.097509567806796704 -0.19319958643320065 0.14087088708086418 0.018339531700489884 -0.044444509713232064 -0.17004146566629089 -0.03874930790236146 -0.17155903997450822 0.62409781852582602 -0.089411918871961871 -0.12566111204755609 0.0057181784459499107 -0.42198165958766209 0.20994576863110065 0.027872779459944666 -0.0041429446642185404 -0.058219018405599669 -0.0079966842183591558 -0.049192765603000316 0.16286289048421571 0.00028243685550848979 0.38371729339112481 -0.17503942214170187 0.1910516106445391 -0.027093655536174779 0.075265096071361906 -0.02024858412284582 -0.17127097629813048 -0.16082020346050482 -0.37715885939039939 -0.20329639403927582 -0.031766944314436898 -0.031915420203295623 0.29794229667962985 0.039618197292223482 -0.084749162207818279 0.092069998872280137 -0.14137106534806859 0.26143051994305994 -0.33642693755982828 0.0090716134170872771 -0.077958922526054977 0.073681201425464332 0.13567571923258859 0.10573483677410418 -0.06800136778783053 0.31314529683310111 -0.16861800558801052 -0.15266389847922493 -0.21021014465428434 0.1356999127604612 0.13942463493413104 0.29591027889255461 -0.058754865385765256 0.25088241189268057 0.11596044838906795 -0.12894182206099888 0.14517779490607857 -0.089076954279872167 -0.090309535101946892 0.057382381207761339
leaf_weight=887 670 127 498 693 88 1005 485 1049 423 20 56 275 617 29 87 633 114 625 647 323 310 268 69 208 1190 87 935 345 136 615 86 163 450 370 21 889 328 82 140 191 120 1897 104 877 554 414 124 280 369 177 283 256 56 79 21 141 357 26 527 69 723 116
leaf_count=887 670 127 498 693 88 1005 485 1049 423 20 56 275 617 29 87 633 114 625 647 323 310 268 69 208 1190 87 935 345 136 615 86 163 450 370 21 889 328 82 140 191 120 1897 104 877 554 414 124 280 369 177 283 256 56 79 21 141 357 26 527 69 723 116
internal_value=1.32837e-05 0.0609979 -0.0676963 0.0143645 0.139872 -0.0148665 -0.100846 -0.00773084 -0.0679338 0.216318 0.0156811 -0.0548904 0.0969694 -0.148247 0.02126 0.0979569 0.0609014 -0.0254783 -0.0795884 -0.129065 0.124185 0.00458386 0.189792 -0.0748653 0.201762 -0.00876573 0.116641 0.0369404 -0.0609406 -0.148078 -0.143582 -0.0951901 -0.0828928 -0.114977 -0.0167587 -0.0111283 0.0115399 -0.0493077 -0.0318019 0.196232 -0.221266 -0.00946497 0.0700784 0.0575701 0.111824 0.0643318 -0.114473 0.334891 -0.201886 -0.0710977 -0.167029 0.0944187 -0.021167 0.156922 -0.315265 0.104278 0.154382 0.0882058 0.132179 0.0639285 -0.12277 -0.054011
internal_weight=23804 12524 11280 7871 4653 5814 7264 4016 4288 1647 3950 3803 2057 2976 2805 3006 1285 2199 1864 2358 366 3584 1347 1211 1259 1737 2373 688 515 1843 1814 1604 1441 970 471 1924 1299 410 787 318 618 2902 1068 981 668 682 1077 300 476 547 407 343 379 772 107 2055 498 1557 553 1004 1338 1003
internal_count=23804 12524 11280 7871 4653 5814 7264 4016 4288 1647 3950 3803 2057 2976 2805 3006 1285 2199 1864 2358 366 3584 1347 1211 1259 1737 2373 688 515 1843 1814 1604 1441 970 471 1924 1299 410 787 318 618 2902 1068 981 668 682 1077 300 476 547 407 343 379 772 107 2055 498 1557 553 1004 1338 1003
is_linear=0
shrinkage=0.035


Tree=19
num_leaves=63
num_cat=0
split_feature=72 77 67 72 71 72 67 72 72 68 67 80 72 80 72 50 65 72 72 55 58 67 71 41 14 31 6 25 65 74 22 67 33 46 6 27 40 1 68 69 81 41 0 80 48 67 46 31 21 47 18 62 48 72 77 27 25 35 66 42 72 71
split_gain=74896 33086.9 19735.6 15690.5 10531.2 7261.79 5429.34 5281.51 5168.8 4630.61 4510.82 4052.72 3851.89 3571.9 3333.79 2807.73 2704.05 2532.53 2337.41 2055.19 2003.64 1975.56 1957.15 1922.65 1807.85 1806.3 1785.74 1783.87 1764.29 1712.22 1703.97 1651.47 2084.43 1628.53 1625.82 1624.31 1622.2 1592.64 1840.03 1588.66 1580.62 1567.6 1526.77 1523.61 1499.94 1498.56 1472.68 1503.25 2016.01 1462.57 2027.17 1439.95 1424.69 1424.14 1419.31 1714.68 1378.18 1367.63 1354.64 1334.96 1317.66 1304.43
threshold=73.117190197378576 1.4813157527637693 100.32130525291451 69.12039057190718 69.960839160839171 81.663559009556465 97.621244520612763 81.470242815646785 64.610711977847004 -4.2911151012470006 95.698574659325118 -4.7873226404020022 67.331372611944133 -11.542512507513292 76.809665385437256 69.747333333333344 0.88644347347305119 68.919569607049667 71.211297651069643 102.13055177096663 1.0000000180025095e-35 114.09729020649051 70.953300653594781 7.8032258064516133 0.72702000000000011 34.770979020979027 20.803846153846155 54.984375000000007 0.62209309984855365 16.660527477483189 18.059714795008919 102.76144383891652 0.50893933823529436 0.16397849462365588 27.603571428571431 10.985714285714288 14.134848484848487 63.508620689655181 -16.382006728706639 1.0000000180025095e-35 1.1118384185489913 6.4309523809523821 28.500000000000004 9.9844099312736976 0.71202978298197661 97.194420827449065 0.58477011494252884 34.25403225806452 17.017241379310349 0.53322115670655001 14.233031674208146 108.02877023205902 0.76420755170755184 60.544321150179478 2.8825936113956288 7.3190909090909102 69.816666666666677 18.644009216589865 101.51320380148101 2.9245014245014249 85.437284430673671 72.81686480186481
decision_type=2 2 2 2 2 2 2 2 2 2 2 2 2 2 2 2 2 2 2 2 2 2 2 2 2 2 2 2 2 2 2 2 2 2 2 2 2 2 2 2 2 2 2 2 2 2 2 2 2 2 2 2 2 2 2 2 2 2 2 2 2 2
left_child=2 4 10 8 16 13 7 40 35 21 17 34 -12 15 20 24 43 58 41 36 25 26 30 33 -3 -8 -5 -7 52 45 54 49 51 39 37 53 -13 38 -10 -17 -6 -11 -19 -2 -42 -29 47 -24 -49 50 -16 -33 -22 -4 55 -15 -47 -40 -1 -39 -9 -28
right_child=1 5 3 9 6 27 14 60 11 18 12 19 -14 22 31 23 -18 42 -20 -21 28 -23 46 -25 -26 -27 61 29 -30 -31 -32 32 -34 -35 -36 -37 -38 59 57 -41 44 -43 -44 -45 -46 56 -48 48 -50 -51 -52 -53 -54 -55 -56 -57 -58 -59 -60 -61 -62 -63
leaf_value=-0.15200378610336554 -0.015270096422449786 0.18068233621524712 -0.25479103301937994 -0.00047931734834635306 -0.0055612489306107963 0.084562823118171968 0.10787979276315141 0.074967927085821118 0.097247804837814297 -0.021927523321816706 -0.16723675901517443 -0.066939290796095577 -0.069351370498033166 0.0082839534922710765 -0.17441783943974856 0.57826633421374463 -0.12189444902539255 -0.12533141039020787 0.012068026059482359 -0.11774626645141087 0.095750209367981093 0.15472804523078224 0.086551299961725475 0.11647495890582472 -0.014260537127949096 -0.10512334802595125 0.040562645275145068 -0.0039367133220036829 -0.0014383249296669987 0.50580847485248859 -0.037821409424630609 0.23931526129076799 0.14099035098519017 0.25234122955295951 0.20159280472868368 0.15552732267767888 0.047563214235071448 0.045040936381714441 -0.084310761751248214 0.25742660923608363 -0.077216438297517717 -0.11691722000274106 -0.2909504288777009 -0.17245725214312663 -0.38974351105024652 0.27342337449954712 0.052931150674819946 0.18084493029960422 -0.092051370930952447 0.12414316295818935 0.083546922149047312 0.54743740628307525 -0.13309622336708118 -0.1347870867619283 0.17902360381291132 0.1255380138048785 0.53430167381113225 -0.35268797645224148 -0.27843211598550122 -0.041409786622307654 0.19906809723286309 0.11096370019829982
leaf_weight=156 1523 158 143 834 1728 53 68 367 34 463 663 1115 1918 302 51 43 430 861 1060 1029 1035 201 339 96 92 169 984 22 357 45 143 63 287 269 47 21 175 520 54 36 155 394 74 79 21 344 220 994 34 636 135 27 34 815 182 309 27 41 325 377 147 480
leaf_count=156 1523 158 143 834 1728 53 68 367 34 463 663 1115 1918 302 51 43 430 861 1060 1029 1035 201 339 96 92 169 984 22 357 45 143 63 287 269 47 21 175 520 54 36 155 394 74 79 21 344 220 994 34 636 135 27 34 815 182 309 27 41 325 377 147 480
internal_value=1.28325e-05 0.0668789 -0.0576268 -0.0282935 0.0236872 0.152035 0.049744 0.0111255 -0.0752999 0.0182363 -0.122101 -0.0548364 -0.0945248 0.132859 0.0823625 0.203205 -0.0440132 -0.17231 -0.0226801 -0.080855 0.0502601 0.0496232 0.113471 0.256034 0.109044 -0.0438953 0.0403968 0.277405 0.065921 0.300609 0.0732598 0.126846 0.187531 0.2943 0.00140413 -0.146133 -0.0513909 -0.00785662 -0.122598 0.434643 -0.0157555 -0.0656452 -0.138591 -0.0230751 -0.115525 0.276491 0.137155 0.150683 0.171775 0.0989121 0.0125179 0.334304 0.0884096 -0.152827 0.0933065 0.0676425 0.293112 -0.201413 -0.237636 0.00869985 0.110625 0.0636774
internal_weight=23804 11020 12784 8787 7312 3708 5280 2418 4371 4416 3997 3392 2581 3217 2862 694 2032 1416 1917 2319 1663 2499 2523 444 250 237 2298 491 1426 438 936 1199 377 348 1073 979 1290 1026 129 79 1904 857 935 1602 176 393 1587 1367 1028 822 186 90 1069 958 793 611 371 95 481 897 514 1464
internal_count=23804 11020 12784 8787 7312 3708 5280 2418 4371 4416 3997 3392 2581 3217 2862 694 2032 1416 1917 2319 1663 2499 2523 444 250 237 2298 491 1426 438 936 1199 377 348 1073 979 1290 1026 129 79 1904 857 935 1602 176 393 1587 1367 1028 822 186 90 1069 958 793 611 371 95 481 897 514 1464
is_linear=0
shrinkage=0.035


Tree=20
num_leaves=63
num_cat=0
split_feature=72 77 67 72 71 72 72 67 67 76 0 63 51 81 71 58 72 1 76 20 77 48 16 76 2 55 71 67 55 80 37 80 67 27 51 54 55 29 71 2 25 69 56 46 72 56 61 7 4 39 35 71 36 6 72 49 0 6 8 48 67 20
split_gain=69809.3 33456.5 16231.2 10245.8 10047.4 7479.37 7056.24 6519.38 5844.05 4629.62 3076.48 2872.54 2746.46 2720.87 2696.17 2657.1 2631.24 2573.96 2404.23 2341 2619.8 2229.57 2173.84 2108.71 2056.86 2036.07 1975.14 1967.98 1984.08 1739.68 1735.9 1725.78 1719.34 1706.32 1685.29 1665.65 2032.81 1734.74 1650.58 1626 1617.1 1614.03 1611.32 1562.66 1558.28 1552.58 1498.75 1487.62 1479.97 1460.21 1485.45 1459.44 1713.1 1530.95 1459.41 1456.06 1520.79 1926.22 1468.07 1441.68 1412.61 1412.19
threshold=72.191294202927097 1.2307273495698219 105.09362594130901 79.962038728025547 72.147196637426916 66.628113384743372 68.650988647321782 95.804973402602315 102.88807367834751 -0.039988583043871005 5.5000000000000009 94.253088552431862 72.208166666666685 0.92293856142232855 71.55685606060608 1.0000000180025095e-35 76.877654454415207 63.508620689655181 -0.049675669750116495 4.6720430107526889 0.93539399939093493 0.72974917799697869 29.021739130434785 -0.57705324567001337 20.40454545454546 98.667102223728151 73.128273809523819 101.25888394363302 116.3924151614458 -9.4137143090272541 12.33854166666667 -4.1458423549606485 114.09729020649051 9.1695402298850599 71.445258620689671 105.59365470962918 108.84860942937759 0.40737564102564106 68.263004926108394 28.77525252525253 61.456439393939398 -11.553680853683295 105.79691371095213 0.51925925925925942 60.544321150179478 96.036398000432811 0.25711276387859455 0.26090625000000001 0.50046547619047621 34.717142857142868 14.145502645502647 69.930456043956056 0.74125462962962974 21.479130434782615 78.457064414335605 0.058337162261769153 21.500000000000004 24.844129554655876 17.753048780487809 0.5967902254945866 114.45556558251802 4.0784615384615392
decision_type=2 2 2 2 2 2 2 2 2 2 2 2 2 2 2 2 2 2 2 2 2 2 2 2 2 2 2 2 2 2 2 2 2 2 2 2 2 2 2 2 2 2 2 2 2 2 2 2 2 2 2 2 2 2 2 2 2 2 2 2 2 2
left_child=2 4 5 8 9 14 17 38 61 15 18 51 19 -5 23 -2 26 44 -6 55 -21 22 35 -1 -14 -26 29 28 54 49 -28 -19 -8 -16 -15 -12 -37 45 -7 -36 42 -27 -13 -18 -4 -38 -33 -40 -31 50 -10 52 -11 -53 -17 56 57 -9 -58 -56 -46 -3
right_child=1 3 6 13 10 7 32 12 16 11 21 40 24 34 33 27 43 31 -20 20 -22 -23 -24 -25 25 41 30 -29 -30 48 -32 46 -34 -35 39 36 37 -39 47 -41 -42 -43 -44 -45 60 -47 -48 -49 -50 -51 -52 53 -54 -55 59 -57 58 -59 -60 -61 -62 -63
leaf_value=-0.36614065899944809 -0.16950639190100419 0.012236882817571584 -0.26211396558306177 0.27749408704223094 -0.082474381085959822 -0.22801577767591555 0.025294389669628776 -0.096939501036681433 -0.00411633103982262 -0.12465246663750459 0.050970208192760165 -0.034023275576297335 -0.3008658748844214 0.081422316106889825 -0.08291568938598913 -0.069655878697214957 0.20403568586861828 0.0032721588421075216 0.059347352089152795 -0.1253464195959941 0.088519122841925785 -0.073540447517328494 0.3219154116464491 -0.17038761954836887 0.078476702419390157 -0.20788437195211396 0.18402228470894988 0.032079733039965426 -0.23011284945139104 0.070742835721130423 -0.074237996316474431 -0.041693520467605459 0.13768833411482917 0.21810908625485767 0.13088401965953803 0.17033952980141945 -0.13514901367425922 0.28844452428682282 0.15197367120848762 0.26731654768552138 0.12823748202709359 -0.015666444642518033 0.044883573236685306 0.093433338778477426 -0.11062668165124394 0.069244491291944127 -0.14714677391233799 -0.13811841085365031 -0.11951505812605225 -0.010217612286265805 0.18708867580582306 -0.062981365063010608 0.024249151597537252 0.065861679138536203 -0.1877444124992301 -0.042007085672184211 -0.18215234864531527 0.0048952491556305483 -0.089502068300168797 0.14342541131525244 0.18757572666610162 0.079783701128155055
leaf_weight=71 276 891 83 481 286 296 1938 1054 57 369 911 472 28 197 178 1096 640 810 299 105 209 107 48 1336 290 58 455 281 88 1108 34 689 182 26 199 452 52 38 22 236 187 630 963 209 401 343 217 645 52 69 389 229 127 222 20 766 413 290 429 75 20 660
leaf_count=71 276 891 83 481 286 296 1938 1054 57 369 911 472 28 197 178 1096 640 810 299 105 209 107 48 1336 290 58 455 281 88 1108 34 689 182 26 199 452 52 38 22 236 187 630 963 209 401 343 217 645 52 69 389 229 127 222 20 766 413 290 429 75 20 660
internal_value=1.40666e-05 0.0564473 -0.063643 0.119461 0.00490317 -0.0972096 -0.0106884 -0.0769011 0.0962212 -0.0270467 0.0603955 0.00328723 -0.0583428 0.214671 -0.163156 -0.0694824 0.124635 -0.0542947 -0.00999296 -0.073916 0.0169069 0.0815002 0.0905159 -0.180395 -0.00776913 0.000768066 0.104099 -0.0517349 -0.0701573 0.085981 0.166001 -0.033848 0.0349751 -0.0440932 0.166671 0.0842417 0.118439 0.0641183 -0.159152 0.205133 0.0315648 -0.0320151 0.0189243 0.176884 -0.123801 0.0421913 -0.0670222 -0.128438 0.0621632 0.13951 0.162667 -0.0451333 -0.0865334 0.000435217 -0.0582441 -0.0835791 -0.0981318 -0.07497 -0.135032 0.0730509 -0.0962463 0.0409989
internal_weight=23804 12618 11186 5677 6941 6846 4340 5235 4564 4405 2536 2569 4272 1113 1611 1836 3013 2220 585 3266 314 1951 1844 1407 1006 978 2164 1560 1279 1675 489 1716 2120 204 632 1796 885 433 963 435 1622 688 1435 849 504 395 906 667 1160 515 446 947 496 451 1191 2952 2186 1344 842 95 421 1551
internal_count=23804 12618 11186 5677 6941 6846 4340 5235 4564 4405 2536 2569 4272 1113 1611 1836 3013 2220 585 3266 314 1951 1844 1407 1006 978 2164 1560 1279 1675 489 1716 2120 204 632 1796 885 433 963 435 1622 688 1435 849 504 395 906 667 1160 515 446 947 496 451 1191 2952 2186 1344 842 95 421 1551
is_linear=0
shrinkage=0.035


Tree=21
num_leaves=63
num_cat=0
split_feature=82 71 71 76 76 76 71 71 75 71 81 77 58 10 75 14 42 76 71 36 32 6 63 56 22 4 62 36 4 21 14 28 58 66 82 37 5 39 53 69 52 60 2 63 71 73 39 14 63 75 65 56 48 76 7 53 25 7 41 41 21 5
split_gain=62636.6 28199.7 23492.8 11216.4 7496.15 6350.1 5176.28 4967.56 4705.26 4125.68 3494.69 3094.97 2920.1 2808.37 2619.14 2598.51 2514.63 2407.57 2380.18 2350.73 2288.8 2272.45 2127.7 2124.37 2073.03 2066.05 2063.55 1901.45 1840.77 1828.76 1810.44 1890.11 1775.06 1744.12 1661.61 1650.88 1646.31 1897.85 1610.24 1590.76 1561.33 1564.57 1557.29 1556.72 1535.61 1528.32 1523.11 1511.33 1504.09 1488.13 1781.71 1469.49 1439.85 1433.82 1428.62 1387.49 1481.55 1379.29 1374.39 1372.56 1369.59 1367.19
threshold=-17.499999999999996 70.953300653594781 70.283555555555566 0.34175243014092566 -0.11202780878393349 0.30866662972826803 68.334437262808365 73.2125657894737 138.48338729780554 72.390888888888909 1.1381233258848946 0.67550756196991368 1.0000000180025095e-35 0.50160555555555575 149.12452278515835 0.70168333333333344 4.0597147950089134 0.58163843476770916 67.849721428571428 0.71401785714285726 0.56702083333333342 25.574175824175828 109.81469293633351 83.092926479484319 17.365151515151521 0.42390161290322587 116.72054711700801 0.71967708333333347 0.44433908045977011 12.62284482758621 0.65892500000000009 29.710084033613452 1.0000000180025095e-35 98.570809487665315 135.50000000000003 12.510000000000002 9.9574275362318865 33.155048076923087 102.21328982184237 8.2156003475196488 2.3752142857142862 146.50000000000003 30.203448275862073 96.170618932427757 67.849721428571428 65.420428549667761 35.859605911330057 0.62059821428571438 110.62081240280551 160.74424461056799 0.7566021438401046 125.1006301409986 0.45425160395511438 -0.21528867231633042 0.3060741758241759 97.328295242032809 56.627314814814817 0.34365192307692316 5.232051282051283 5.8032258064516133 15.298148148148149 8.2034482758620708
decision_type=2 2 2 2 2 2 2 2 2 2 2 2 2 2 2 2 2 2 2 2 2 2 2 2 2 2 2 2 2 2 2 2 2 2 2 2 2 2 2 2 2 2 2 2 2 2 2 2 2 2 2 2 2 2 2 2 2 2 2 2 2 2
left_child=1 5 6 7 9 8 15 19 43 10 21 29 23 -5 45 53 27 33 -7 -3 55 30 49 -11 38 -21 35 -13 -22 -8 -4 -32 -12 46 48 40 37 44 -20 -26 61 -42 -37 -1 -10 -6 -15 -40 -17 50 -16 -39 -27 -2 -18 56 -14 -50 -57 -60 -43 -9
right_child=2 3 4 13 14 18 11 26 36 12 32 16 20 17 22 34 54 -19 24 25 28 -23 -24 -25 39 52 -28 -29 -30 -31 31 -33 -34 -35 -36 42 -38 51 47 -41 41 60 -44 -45 -46 -47 -48 -49 57 -51 -52 -53 -54 -55 -56 58 -58 -59 59 -61 -62 -63
leaf_value=-0.17291913632556952 -0.24484654649990387 0.028287878753514694 -0.16100482537596228 0.11152703095507009 -0.13998319896062217 -0.0090334768378239998 -0.073925108315850668 0.13043223971452139 -0.053459411334613217 -0.39326692749324599 -0.51385963623028885 -0.064926146579678032 -0.22765762333247974 0.18399419391360608 0.07114579326048634 -0.10497587182871236 0.0165502481278238 0.3064350154085892 0.0053008713358578341 -0.047882322559548177 -0.16966706032604562 0.02221042305823185 0.24346133037291726 -0.074034678184192168 0.0017430194107674129 -0.014606458842941801 0.35886551671738581 0.013468856910463328 0.044758034657593239 -0.1621124500175985 -0.07353696600244343 0.19732602697656709 -0.1902682948279496 0.25870251023419449 -0.21320853235539541 -0.084183043296010285 0.11055555260564437 -0.038732974755549383 0.43702411613522513 0.18779341052017595 0.014101622476327569 0.1938160190483228 0.24107336129026213 -0.052573668444393908 0.045167671905155769 0.00460764433523195 0.036946581556492074 0.13126689296204638 -0.085416533968665401 0.10424423761703118 -0.016160955046460798 0.26074076654780204 0.14441743499536544 -0.15873500092921261 -0.12572069543825423 -0.1231101784647247 0.011032173193569793 0.21716552837885603 0.24431014385795208 0.068883530285107339 0.020291941410246889 0.22182997595200457
leaf_weight=145 351 1512 312 358 94 413 494 498 228 28 26 852 34 453 585 865 99 317 128 96 128 282 72 251 401 79 49 682 79 696 1118 32 103 321 163 77 195 968 20 65 202 190 23 1404 1259 1709 107 702 38 439 560 20 587 750 674 40 415 35 61 501 79 340
leaf_count=145 351 1512 312 358 94 413 494 498 228 28 26 852 34 453 585 865 99 317 128 96 128 282 72 251 401 79 49 682 79 696 1118 32 103 321 163 77 195 968 20 65 202 190 23 1404 1259 1709 107 702 38 439 560 20 587 750 674 40 415 35 61 501 79 340
internal_value=1.3499e-05 0.0600583 -0.0536675 0.118861 -0.0100783 0.00777453 -0.106199 0.0859251 -0.0153763 -0.0469 -0.0817673 -0.0797083 -0.00439538 0.1978 0.0262222 -0.148241 -0.056037 0.223521 0.0642559 0.0535701 0.0183313 -0.0687154 0.0579942 -0.106731 0.0872537 0.103681 0.13635 -0.0300773 -0.0879058 -0.125553 -0.0862578 -0.0659144 -0.257247 0.193526 -0.110122 0.128485 0.0127763 0.0050503 0.119767 0.0278752 0.138953 0.0878001 -0.00851206 -0.0638935 0.0300301 -0.00296543 0.155962 0.140038 -0.0920999 0.0494875 0.0284541 -0.0325384 0.125552 -0.186289 -0.107496 0.0392904 -0.00726768 0.0600999 0.0739987 0.088131 0.143001 0.167629
internal_weight=23804 11236 12568 5288 6869 5948 5699 3732 4219 3410 1873 3497 1537 1556 3459 2202 2307 1198 1729 2274 1258 1744 1656 279 1316 762 1458 1534 207 1190 1462 1150 129 881 1101 1409 2670 2475 850 466 1309 471 100 1549 1487 1803 560 722 938 1584 1145 988 666 1101 773 1051 449 73 602 562 269 838
internal_count=23804 11236 12568 5288 6869 5948 5699 3732 4219 3410 1873 3497 1537 1556 3459 2202 2307 1198 1729 2274 1258 1744 1656 279 1316 762 1458 1534 207 1190 1462 1150 129 881 1101 1409 2670 2475 850 466 1309 471 100 1549 1487 1803 560 722 938 1584 1145 988 666 1101 773 1051 449 73 602 562 269 838
is_linear=0
shrinkage=0.035


Tree=22
num_leaves=63
num_cat=0
split_feature=72 77 67 71 71 72 64 58 80 74 72 72 65 62 20 51 76 71 0 67 72 42 72 25 75 72 16 67 72 77 71 67 67 36 39 42 26 81 75 57 64 42 44 64 49 75 26 77 80 6 45 48 39 70 52 72 81 0 65 82 6 40
split_gain=61285.5 32554.7 11858.6 10766.5 9459.77 5870.82 5472.89 5059.67 4919.45 4297.3 4248.54 3729.82 4104.23 3145 2835.21 2862.54 2815.03 2756.65 2738.52 2412.61 2115.44 2235.42 2086.92 2061.08 1966.44 1940.75 1891.95 1875.75 1855.91 2155.99 1852.84 1801.88 1789.91 1745.16 1716.97 1676.34 1578.2 1918.36 1789.47 1597.09 1570.8 1566.58 1562.2 1708.68 1556.07 1491.3 1489.67 1873.44 1467.12 1448.23 1585.41 1430.63 1419.93 1402.01 1365.36 1363.57 1350.91 1445.5 1324.88 1315.61 1300.13 1394.51
threshold=71.271662203576668 1.2307273495698219 105.48343732476651 72.424142857142883 69.960839160839171 64.610711977847004 64.500000000000014 1.0000000180025095e-35 -3.7396783996985472 12.033722883720808 67.261849914886724 75.793221840879184 0.61221117813558112 115.77711934894252 4.6720430107526889 72.816125000000014 -0.022767713834381084 70.233785822021119 9.5000000000000018 90.531195712044664 81.470242815646785 4.8032258064516133 78.821341401609445 55.622844827586214 146.00802780724186 60.544321150179478 24.224747474747478 108.37485848966202 85.437284430673671 2.1805793481549549 71.704504830917884 104.00719958992751 107.90960914846102 0.65825657894736855 35.557777777777787 1.8596059113300494 0.41856385869565221 0.85414689529164656 154.71457960015653 1.0000000180025095e-35 342.50000000000006 4.6381818181818195 16.540064102564106 194.50000000000003 -0.33117063492063475 139.92531044380755 0.4302554347826088 0.46227412789684114 -12.514386596555992 19.134848484848487 0.28801843317972359 0.72974917799697869 35.430952380952384 -18.525127084432395 -6.4403715170278621 68.718086176464098 1.1451307059777018 2.5000000000000004 0.93049507292851108 52.500000000000007 19.721111111111114 14.574175824175827
decision_type=2 2 2 2 2 2 2 2 2 2 2 2 2 2 2 2 2 2 2 2 2 2 2 2 2 2 2 2 2 2 2 2 2 2 2 2 2 2 2 2 2 2 2 2 2 2 2 2 2 2 2 2 2 2 2 2 2 2 2 2 2 2
left_child=2 4 5 8 16 30 45 13 17 18 25 12 -9 26 15 44 23 40 36 33 21 42 48 -2 -10 -4 -6 -12 29 35 56 51 -11 -13 46 -20 37 -5 39 -38 -3 -25 -21 -44 -8 -7 47 -17 52 -14 -51 -18 -19 -27 -36 -16 57 -1 -47 -49 61 -46
right_child=1 3 10 9 7 6 14 11 24 32 27 19 49 -15 55 34 31 22 28 20 -22 -23 -24 41 -26 53 -28 -29 -30 -31 -32 -33 -34 -35 54 -37 38 -39 -40 -41 -42 -43 43 -45 60 58 -48 59 -50 50 -52 -53 -54 -55 -56 -57 -58 -59 -60 -61 -62 -63
leaf_value=0.01536092334004897 -0.18819028065290444 0.049922895755981821 -0.22391738852808032 0.42016537003041204 -0.13429180661368753 -0.30641741815176821 0.075678964141854335 0.050292014338226936 -0.011913872060386216 0.2395424076976749 -0.022585332969437381 -0.31543660146114877 -0.13102443776729952 0.18493664819641994 -0.056912949176172817 0.40210348134091556 -0.026570050761306627 0.23073479820439519 0.39590247181888488 0.027114803139642638 0.15622328351195217 -0.01747690678559817 0.22026597525688948 -0.048135351974290905 0.076342946711237494 0.063709594329330668 -0.028131232150738417 0.043084487182460017 0.44468099192691884 0.25335203760090724 -0.014004949715120573 0.11442140164671211 0.44724350065912982 -0.0048962210282967418 -0.18733454554585804 0.12891692639238078 0.067520163519637383 0.14350763029126254 0.16663892900485802 -0.12651926689575882 0.23467974199617611 -0.16144308556522935 0.093433869166369574 0.2422270044332327 -0.1485380089258847 -0.13431528036691651 -0.018835075950888739 0.11535436780899057 0.091590335913229348 -0.18508336091911703 -0.0098358583751668779 -0.1861178101783707 -0.054969749995640353 -0.065647091212124198 -0.026682969989580134 0.078817901190396014 -0.40847114136060081 -0.20367572977551238 -0.28228803159890842 -0.1694802145787648 -0.081214367814595567 -0.041220728406253952
leaf_weight=39 253 1095 88 33 321 91 66 1321 937 171 972 25 184 65 155 23 1096 177 30 388 393 318 270 650 461 112 572 1178 34 336 70 105 74 170 101 575 466 397 211 58 59 194 806 107 815 548 313 105 874 68 825 73 24 1179 180 217 37 657 86 24 2350 182
leaf_count=39 253 1095 88 33 321 91 66 1321 937 171 972 25 184 65 155 23 1096 177 30 388 393 318 270 650 461 112 572 1178 34 336 70 105 74 170 101 575 466 397 211 58 59 194 806 107 815 548 313 105 874 68 825 73 24 1179 180 217 37 657 86 24 2350 182
internal_value=1.37188e-05 0.0461341 -0.0683669 0.105654 -0.000995551 -0.0980713 -0.0845888 0.0239542 0.0697919 0.164222 -0.0173592 0.0391791 0.00895505 -0.0492088 -0.0702865 -0.0785662 -0.0595285 0.0992002 0.148256 0.0720077 0.0833999 0.0656777 0.133251 -0.100616 0.0172038 -0.0652991 -0.0663497 0.0133956 0.191565 0.182184 -0.186209 -0.024121 0.303074 -0.0454319 -0.0164394 0.142478 0.111941 0.165211 0.0806811 0.0459357 0.0594694 -0.0742643 0.0860045 0.110999 -0.0921403 -0.173858 0.0248308 0.114538 0.111301 -0.0417436 -0.0232806 -0.0366116 0.196552 -0.0544018 -0.0846687 0.0222535 -0.202628 -0.191395 -0.154599 0.0618851 -0.0954614 -0.128981
internal_weight=23804 14216 9588 6282 7934 6059 5256 5563 3897 2385 3529 4605 2398 958 4531 4159 2371 2499 2140 2207 2012 1619 1345 1097 1398 1379 893 2150 975 941 803 1274 245 195 746 605 1165 430 735 524 1154 844 1301 913 3413 725 465 152 1075 1077 893 1169 201 1291 281 372 733 696 634 129 3347 997
internal_count=23804 14216 9588 6282 7934 6059 5256 5563 3897 2385 3529 4605 2398 958 4531 4159 2371 2499 2140 2207 2012 1619 1345 1097 1398 1379 893 2150 975 941 803 1274 245 195 746 605 1165 430 735 524 1154 844 1301 913 3413 725 465 152 1075 1077 893 1169 201 1291 281 372 733 696 634 129 3347 997
is_linear=0
shrinkage=0.035


Tree=23
num_leaves=63
num_cat=0
split_feature=72 67 65 72 72 72 67 58 75 65 72 71 80 67 67 72 51 51 60 46 82 42 67 53 0 58 51 48 73 23 35 63 0 20 16 25 51 29 72 25 58 41 49 25 5 38 34 39 3 58 61 48 70 1 47 72 16 24 46 7 44 3
split_gain=57338.2 26027.9 15734.9 12842.3 9474.79 8921.5 4889.81 4545.84 4254.8 3987.24 3779.7 3746.91 3952.23 2898.97 2872.38 2506.1 2262.95 1967.15 1809.57 1766.05 1748.45 1735.45 1725.19 1718.56 1714.49 1694.81 1688.97 2720.27 1960.27 1686.06 1680.17 1673.14 1664.41 1636.49 1612.25 1600.38 1565.75 1564.38 1547.06 1535 1533.38 1513 1493.25 1477.56 1431.84 1399.41 1389.11 1384.47 1387.89 1377.4 1354.74 1345.52 1331.46 1330.43 1304.23 1287.21 1462.44 1419.09 1283.65 1276.02 1263.87 1253.82
threshold=73.117190197378576 100.39485035525401 0.59129541331469804 68.199476550445183 81.056750015229582 78.367159635930051 106.58875122999851 1.0000000180025095e-35 137.10280371687185 0.91530108534982513 63.246953087083376 70.500026315789484 -10.682391607590054 108.10206441387051 95.698574659325118 82.694217398536964 68.025960591133 70.009444444444469 4.5000000000000009 0.77598566308243744 -118.49999999999999 4.3207142857142866 114.09729020649051 105.73907325650904 2.5000000000000004 1.0000000180025095e-35 69.210333333333338 0.5294496801279257 70.667417585483904 80.33908045977013 16.169540229885062 99.458467364313961 2.5000000000000004 4.9848484848484853 27.224747474747478 59.25403225806452 79.918333333333351 0.30157793522267212 71.869011314618675 54.755000000000003 1.0000000180025095e-35 6.4309523809523821 0.12511874699374698 64.839743589743605 6.5779352226720649 22.603030303030309 18.603571428571431 32.260064412238329 56.685855263157897 1.0000000180025095e-35 0.86049209623586653 0.72974917799697869 -3.0740750472580411 71.525062656641623 0.78884867009867021 75.980528263477268 23.603571428571431 23.955533596837949 0.22401433691756273 0.38422401433691761 17.986486486486488 51.688259109311751
decision_type=2 2 2 2 2 2 2 2 2 2 2 2 2 2 2 2 2 2 2 2 2 2 2 2 2 2 2 2 2 2 2 2 2 2 2 2 2 2 2 2 2 2 2 2 2 2 2 2 2 2 2 2 2 2 2 2 2 2 2 2 2 2
left_child=2 5 3 10 7 9 17 19 24 16 35 20 58 26 39 25 -2 33 -6 -3 47 -14 44 30 -4 37 31 28 34 -29 -23 -12 -33 38 -28 -1 -20 -7 41 -10 -41 42 -5 55 -8 -40 53 48 -9 -19 61 54 -39 -27 -17 56 -18 -57 -13 -58 -49 -42
right_child=1 4 8 6 18 15 22 11 14 -11 13 12 21 -15 -16 51 43 49 36 -21 -22 23 -24 -25 -26 46 27 29 -30 -31 -32 32 -34 -35 -36 -37 -38 52 45 40 50 -43 -44 -45 -46 -47 -48 60 -50 -51 -52 -53 -54 -55 -56 57 59 -59 -60 -61 -62 -63
leaf_value=-0.18786942276216792 -0.077614675648751338 0.0078165479570311142 0.036489719568637384 -0.060300324264913281 0.41377945529473459 0.19687195297082269 -0.011447010595266179 0.0292460372677949 -0.23467608047434091 -0.14603645268295173 -0.027922154808084833 0.29738700750689495 0.11949398548482755 -0.0092978358007603963 -0.074358714257920039 0.12897628112878581 -0.086788152019444759 -0.074105138389955194 0.19388295885462456 -0.26407302655445208 0.015153773694105283 -0.31118556315558304 0.13545611782318009 0.10685995886159147 -0.24737395453423391 0.31488708267959903 -0.12762291865179731 0.015663032876121828 -0.0038698179617051775 -0.22409304195642474 0.0015519496227636388 0.098912522717662488 -0.15007769156165582 0.069346316354216703 -0.44578593429704994 -0.054698851239678693 0.35692537187771994 0.087064467918688229 -0.094594110562124453 -0.20726735870963969 -0.35192119872219424 -0.12033848068281801 0.10247013877550509 0.10854265487977049 0.055402036938453872 0.066097279669684275 -0.13466374557875518 0.079865816123174782 0.17632021242451834 0.015408652004478239 0.15457951855659485 -0.04616503136713529 -0.10438289548534095 0.0589413747993109 0.3865947124806105 0.152678517508408 0.0039872175055942743 0.0073509814392364566 0.17749583009195752 -0.15405624057540188 -0.11876027943048859 -0.10126656863795415
leaf_weight=473 622 412 28 574 66 31 551 109 196 329 207 153 2334 909 1808 490 412 240 472 31 660 24 241 206 351 25 456 538 173 38 149 34 774 133 20 145 86 56 99 221 25 532 78 137 1362 199 44 128 284 1692 24 51 210 1091 25 90 858 911 401 67 56 663
leaf_count=473 622 412 28 574 66 31 551 109 196 329 207 153 2334 909 1808 490 412 240 472 31 660 24 241 206 351 25 456 538 173 38 149 34 774 133 20 145 86 56 99 221 25 532 78 137 1362 199 44 128 284 1692 24 51 210 1091 25 90 858 911 401 67 56 663
internal_value=1.41386e-05 0.0585198 -0.0504187 -0.0274355 0.111713 0.00412929 0.00569936 0.0954828 -0.116026 -0.0302828 -0.0775771 0.106004 0.125649 -0.0620257 -0.101749 0.0624018 -0.0179634 -0.0195593 0.240203 -0.011478 0.0540884 0.108213 0.0472893 0.0386681 -0.226373 0.0380948 -0.0834144 -0.0557078 -0.104814 -0.000328775 -0.0425852 -0.116806 -0.139541 -0.0480615 -0.141452 -0.156699 0.219315 -0.0364537 -0.0586203 -0.145558 -0.126717 -0.0765546 -0.0407588 -0.00295817 0.0361478 0.0126325 0.0571922 0.098566 0.135627 0.00427082 -0.101582 0.124878 -0.0639773 0.0648165 0.141852 -0.0095151 -0.031982 0.0204906 0.210851 -0.00753352 0.0192374 -0.110629
internal_weight=23804 11020 12784 9468 5571 5449 5701 4947 3316 3426 3767 4504 3267 3149 2937 2023 3097 3547 624 443 1237 2713 2154 379 379 1457 2240 1225 649 576 173 1015 808 1615 476 618 558 297 1482 1129 933 1184 652 2475 1913 298 1160 577 393 1932 712 566 266 1116 515 2338 1337 1001 554 925 184 688
internal_count=23804 11020 12784 9468 5571 5449 5701 4947 3316 3426 3767 4504 3267 3149 2937 2023 3097 3547 624 443 1237 2713 2154 379 379 1457 2240 1225 649 576 173 1015 808 1615 476 618 558 297 1482 1129 933 1184 652 2475 1913 298 1160 577 393 1932 712 566 266 1116 515 2338 1337 1001 554 925 184 688
is_linear=0
shrinkage=0.035


Tree=24
num_leaves=63
num_cat=0
split_feature=72 77 80 71 71 64 72 67 80 72 72 71 67 76 1 67 58 41 77 1 51 48 67 41 67 81 51 46 25 14 7 72 65 71 60 80 33 6 76 72 41 8 67 76 28 26 38 16 52 29 46 23 36 41 64 45 71 4 17 58 47 24
split_gain=53512.8 28580.6 10381.4 9559.54 8327.45 5425.07 4436.84 5125.95 4411.75 4315.22 3736.93 3415.29 3187.9 2889.49 2844.82 2267.63 2249.56 2274.53 2213.8 2070.84 1987.93 1906.25 1834.29 1823.17 1820.45 1803.8 1709.57 1707.48 1675.52 1654.71 1640.33 1572.14 1944.03 1567.31 1555.37 1490.57 1513.88 1490.38 1751.42 1485.11 1598.17 1468.78 1445.62 1414.55 1412.5 1388.92 1381.51 1361.66 1420.12 1351.1 1347.06 1423.68 1342.03 1331.38 1329.73 1506.66 1321.54 1626.19 1432.26 2023.68 1600.89 1320.2
threshold=71.271662203576668 1.2307273495698219 -1.9339168956360024 72.424142857142883 69.803412698412714 64.500000000000014 77.266681489968434 98.096347570181408 -3.7396783996985472 66.338468192883369 82.138866105453701 68.577695238095245 110.08333703314752 -0.022767713834381084 80.338541666666671 106.73746164451951 1.0000000180025095e-35 8.5917508417508444 4.9671984996769787 61.942434210526322 67.700769230769239 0.44469205037386861 106.9788932108065 8.1270161290322598 90.531195712044664 0.86761736026220149 65.257129629629631 0.82807881773399028 55.622844827586214 0.74450925925925937 0.32636939571150098 82.694217398536964 0.74471271242699111 70.233785822021119 98.500000000000014 -14.792545470603249 0.52581101190476198 19.446360153256709 -0.31323926552052045 75.793221840879184 7.0571895424836608 14.754310344827589 104.00719958992751 0.30866662972826803 29.710084033613452 0.45570294117647064 25.25403225806452 22.94590643274854 6.6193354978354941 0.38500000000000001 0.36451048951048953 65.508064516129039 0.67901562500000012 4.8136574074074083 287.50000000000006 0.2124060150375939 75.510028409090935 0.40171130952380957 30.811011904761909 1.0000000180025095e-35 0.53322115670655001 19.585714285714293
decision_type=2 2 2 2 2 2 2 2 2 2 2 2 2 2 2 2 2 2 2 2 2 2 2 2 2 2 2 2 2 2 2 2 2 2 2 2 2 2 2 2 2 2 2 2 2 2 2 2 2 2 2 2 2 2 2 2 2 2 2 2 2 2
left_child=2 4 11 8 13 26 7 27 14 20 12 19 16 28 33 34 17 -5 -12 -1 46 -21 45 43 -8 52 -4 37 29 -2 -22 32 -26 -3 -11 -14 -37 38 -6 -10 -41 -28 -15 -16 53 47 -7 -9 -49 -45 51 -17 -13 -36 -32 -56 57 -27 -59 60 -60 -23
right_child=1 3 5 10 6 9 24 22 39 15 18 25 35 42 23 50 -18 -19 -20 21 30 61 -24 -25 31 56 41 -29 -30 -31 54 -33 -34 -35 44 36 -38 -39 -40 40 -42 -43 -44 49 -46 -47 -48 48 -50 -51 -52 -53 -54 -55 55 -57 -58 58 59 -61 -62 -63
leaf_value=-0.18167166697146131 -0.24428799762174269 0.045826011239978481 -0.3336108721706289 0.043172664233139452 -0.38397100934561562 -0.16393170322334052 -0.027560498627273732 -0.024967417580499595 -0.012857371904380093 -0.25908051304616664 0.21759444536016154 0.30144758346425482 0.38244890091169714 -0.033629683365290056 0.078444561909619584 -0.038424118224994565 0.1255274107004562 -0.32676210606949674 0.46343784398708532 0.068299398981009493 -0.1324070397788715 0.18607615791474072 0.098292207576991905 -0.057278682603836062 0.10947157346881213 -0.070647720587277071 -0.3287280290619401 -0.11510230180416282 -0.077397892252548825 -0.045139283333048737 -0.074799996730600254 0.14310633741113876 0.026256858078566484 0.10658566081603298 0.014773670782108566 0.23082714941208046 0.01296732640140935 -0.0094752620217177438 -0.075164509065164864 0.10513619283013294 -0.023160849956264131 -0.14610459870672823 0.10840645491897435 0.21069712951842778 0.10979897995864121 -0.014386112651533035 -0.33382721738354132 0.089858987866588719 -0.067498593265905321 0.45921227791929831 -0.041481764553595549 0.13800217153665267 0.04616273655344285 -0.078001976934671743 0.34155993703908705 -0.0076375133217972471 0.22038894633880032 0.059840410026078268 -0.22201061008667036 0.0056253155454567922 -0.0045926387298340894 -0.074571871721143101
leaf_weight=165 167 1042 84 120 25 440 240 240 869 53 383 41 64 1086 91 92 1462 24 51 147 681 24 416 37 568 380 60 385 760 74 245 337 872 1041 203 234 47 894 196 349 180 538 95 258 53 890 68 610 79 30 323 142 65 2802 21 51 32 496 91 1342 76 873
leaf_count=165 167 1042 84 120 25 440 240 240 869 53 383 41 64 1086 91 92 1462 24 51 147 681 24 416 37 568 380 60 385 760 74 245 337 872 1041 203 234 47 894 196 349 180 538 95 258 53 890 68 610 79 30 323 142 65 2802 21 51 32 496 91 1342 76 873
internal_value=1.35945e-05 0.0431102 -0.0638838 0.0988785 -0.00104914 -0.092956 0.0210356 -0.00155445 0.0650867 -0.0807094 0.154066 -0.0182584 0.133335 -0.05926 0.0929362 -0.0602123 0.112531 -0.0193762 0.246992 -0.0666132 -0.130593 -0.0483471 0.0320326 0.176481 0.0628586 0.00492009 -0.185733 -0.0515956 -0.102995 -0.183373 -0.101805 0.0750768 0.0591095 0.0762112 -0.0718551 0.229869 0.194488 -0.0296223 -0.110901 0.0152864 0.061494 -0.164693 -0.0221602 0.199357 -0.0685672 0.0168545 -0.186986 0.046779 0.0717756 0.237347 0.00481566 0.068689 0.14589 -0.071732 -0.0359471 0.0958166 -0.00128971 -0.00431105 0.00827422 -0.0086872 -0.123396 -0.0674943
internal_weight=23804 14216 9588 6282 7934 5856 5752 3735 3897 5174 2385 3732 1951 2182 2499 3668 1606 144 434 1209 1506 1044 2235 416 2017 2523 682 1500 1001 241 998 1777 1440 2083 3111 345 281 1115 221 1398 529 598 1181 379 3058 1819 508 929 689 288 557 234 106 3005 317 72 2417 2385 2005 1509 167 897
internal_count=23804 14216 9588 6282 7934 5856 5752 3735 3897 5174 2385 3732 1951 2182 2499 3668 1606 144 434 1209 1506 1044 2235 416 2017 2523 682 1500 1001 241 998 1777 1440 2083 3111 345 281 1115 221 1398 529 598 1181 379 3058 1819 508 929 689 288 557 234 106 3005 317 72 2417 2385 2005 1509 167 897
is_linear=0
shrinkage=0.035


Tree=25
num_leaves=63
num_cat=0
split_feature=72 67 67 72 72 72 65 72 58 81 72 67 64 80 51 46 67 51 64 58 71 51 6 8 81 0 20 46 5 60 67 20 71 14 71 35 35 32 40 71 36 30 45 71 48 44 51 44 56 27 29 67 72 34 6 24 3 24 71 40 27 66
split_gain=50203.6 21007 17094.7 14138.9 6810.94 5637.27 5181.48 4255.68 4100.92 3694.74 3631.92 3565.14 2438.37 2394.65 2265.12 2031.95 2017.74 1956.66 1817.03 1832.67 1923.35 1747.67 1979.11 1826.75 1731.01 1723.77 1674.06 1672.68 1661.41 1659.38 1614.37 1586.37 1659.59 1891.85 1584.02 1621.02 1576.33 1542.54 1509.37 1507.5 1663.88 1558.31 1504.58 1625.37 1491.74 1473.92 1678.98 1545.02 1470.45 1463.78 1430.51 1427.41 1550.03 1422.79 1407.46 1487.58 1481.72 1372.23 1467.51 1334.4 1310.42 1302.62
threshold=74.149965761366914 102.36306259649852 100.32130525291451 69.814950618217111 80.826428624736778 79.559396636429568 0.73764607253429115 64.610711977847004 1.0000000180025095e-35 0.8994490756128416 68.986212315000145 107.12289923587251 50.500000000000007 -10.912851161900397 68.459178981937626 0.58477011494252884 95.698574659325118 74.91695402298852 147.50000000000003 1.0000000180025095e-35 67.849721428571428 79.918333333333351 21.213203463203467 21.267948717948723 1.0841165069322569 10.500000000000002 2.9574275362318843 0.73205128205128212 10.35857142857143 349.50000000000006 94.621004882732919 4.6720430107526889 69.604752941176486 0.67941428571428586 71.383944444444452 13.982758620689657 12.720779220779223 0.53686931818181827 16.672043010752692 71.442928571428581 0.76829802955665039 21.935416666666672 0.23669467787114842 72.243484848484869 0.57346094299219319 21.139610389610393 69.74513157894738 15.072751322751325 94.138833071757901 9.9843750000000018 0.35121583850931681 107.55730062545051 69.12039057190718 17.431677018633543 17.017857142857146 22.932183908045982 58.910427807486634 30.755952380952383 72.676717171717186 13.430952380952382 5.5491935483870973 94.825394690323023
decision_type=2 2 2 2 2 2 2 2 2 2 2 2 2 2 2 2 2 2 2 2 2 2 2 2 2 2 2 2 2 2 2 2 2 2 2 2 2 2 2 2 2 2 2 2 2 2 2 2 2 2 2 2 2 2 2 2 2 2 2 2 2 2
left_child=2 4 10 7 6 8 26 49 27 61 12 34 -1 -10 24 57 36 54 38 -20 -21 23 -23 -7 -8 -19 -2 50 -17 39 -6 32 33 -18 35 -5 -12 -33 -11 40 -14 -41 -16 -44 -37 46 47 -22 -28 -4 -3 52 -49 -25 -13 -56 -57 58 -15 -35 -45 -9
right_child=1 5 3 11 30 21 14 9 13 18 16 17 29 15 42 28 31 25 19 20 45 22 -24 53 -26 -27 48 -29 -30 -31 -32 37 -34 59 -36 44 -38 -39 -40 41 -42 -43 43 60 -46 -47 -48 51 -50 -51 -52 -53 -54 -55 55 56 -58 -59 -60 -61 -62 -63
leaf_value=-0.23431391857202138 -0.0059650701464174817 0.065379653039148874 -0.13138660276301178 0.099574184807318084 0.044874937628074749 0.13937502599615889 -0.066958896196878906 0.17353864834488825 0.18783939315162021 -0.099571483520638715 0.18241464510626265 -0.075388844093790763 -0.13948907987818504 0.097682694135642067 -0.28096192550191695 0.017933925670057537 -0.2049200593814125 0.046251699702468466 -0.11954068555378565 -0.095504146729342987 0.059244821172303119 0.13640325323104022 0.46694770482018239 0.27290445034823629 -0.23275193032396807 0.25255834363263296 0.19210369592358545 -0.32615455505318119 0.24021122705019438 -0.34602982647852465 0.13044671905850413 0.093219741217255056 -0.032686801736368377 -0.12675457563114839 0.038181445810840507 0.0026768030591658816 -0.11362893394323344 -0.091128099470795296 -0.34006962732362078 0.023742826276064669 0.040275838611523312 -0.23884849484998791 -0.0308109117809429 -0.16498087026761926 -0.064157078489129743 -0.12932436521552426 0.0091765999863382495 -0.12741859010951381 0.052292090477432301 0.049485219399198005 -0.13163121608451947 -0.0044675229249959416 0.028492303436001148 -0.012211108141757073 0.15629344554928112 0.013963581437832009 0.091348476434364057 -0.1119913016801975 0.16703894967009256 -0.010629895488902145 0.058571327476254334 0.0244567292466931
leaf_weight=273 643 122 921 142 436 379 471 107 493 336 22 94 1017 937 25 437 173 83 330 502 136 35 63 303 92 124 98 22 45 38 713 166 910 248 1162 1054 1215 83 35 159 67 33 1304 34 668 144 1481 456 1458 58 71 287 94 23 186 650 568 30 626 237 468 217
leaf_count=273 643 122 921 142 436 379 471 107 493 336 22 94 1017 937 25 437 173 83 330 502 136 35 63 303 92 124 98 22 45 38 713 166 910 248 1162 1054 1215 83 35 159 67 33 1304 34 668 144 1481 456 1458 58 71 287 94 23 186 650 568 30 626 237 468 217
internal_value=1.34796e-05 0.0633316 -0.0407878 -0.0146584 0.0218193 0.129789 0.00274921 -0.0550588 0.10618 -0.0394788 -0.0961517 0.0289277 -0.13911 0.118473 -0.0328752 0.101949 -0.0738086 0.0693963 -0.0491521 -0.0411795 -0.0328188 0.211491 0.350223 0.191966 -0.0942399 0.170164 0.0415329 -0.040562 0.0389206 -0.119245 0.0980123 -0.050309 -0.0633399 -0.10567 0.00611678 -0.013875 -0.108289 0.031697 -0.122697 -0.112356 -0.128361 -0.021875 -0.0139842 -0.0102098 -0.0232585 -0.020689 -0.0142878 -0.0499929 0.0611588 -0.120648 -0.00723062 -0.0677713 -0.100764 0.25279 0.0554174 0.0642012 0.0500767 0.120999 0.125507 -0.0700857 0.0432743 0.0738929
internal_weight=23804 9328 14476 9835 5742 3586 4593 5104 2783 4125 4641 4731 1587 2568 2394 2075 3054 1705 3801 3430 3100 803 98 705 563 207 2199 215 482 1314 1149 1817 1568 658 3026 1864 1237 249 371 1276 1084 192 1831 1806 1722 2598 2454 973 1556 979 193 837 550 326 1498 1404 1218 1593 1563 485 502 324
internal_count=23804 9328 14476 9835 5742 3586 4593 5104 2783 4125 4641 4731 1587 2568 2394 2075 3054 1705 3801 3430 3100 803 98 705 563 207 2199 215 482 1314 1149 1817 1568 658 3026 1864 1237 249 371 1276 1084 192 1831 1806 1722 2598 2454 973 1556 979 193 837 550 326 1498 1404 1218 1593 1563 485 502 324
is_linear=0
shrinkage=0.035


Tree=26
num_leaves=63
num_cat=0
split_feature=72 64 67 72 72 65 72 72 81 68 72 80 72 64 67 34 67 75 50 37 71 68 80 51 44 5 50 71 60 81 51 20 5 4 50 39 65 0 51 57 72 2 77 76 27 14 72 72 14 49 6 15 16 67 50 42 14 29 29 43 53 20
split_gain=46754 19689.5 15920.8 13168 6748.85 5671.91 5174.52 3962.85 3441.51 3418.21 3382.98 2781.91 2621.75 2270.89 2228.95 1915.12 1947.41 1868.46 1929.67 1801.02 1718 1699.16 1642.53 1916.28 1635.68 1625.61 1625.1 1588.21 1547.34 1541.16 1570.77 1513.39 1471.86 1465.97 1674.41 1465.36 1683.43 1916.04 1462.28 1443.75 1397.63 1390.29 1725.33 1587.48 1376.6 1369.37 1353.55 1348.65 1332.98 1786.3 1701.5 1331.6 1633 1327.51 1305.36 1346.01 1299.39 1294.12 1694.42 1274.36 1266.32 1249.73
threshold=74.149965761366914 196.50000000000003 100.32130525291451 69.814950618217111 80.826428624736778 0.73764607253429115 82.138866105453701 64.610711977847004 0.8994490756128416 -4.1957321892498447 68.986212315000145 -10.912851161900397 89.849033725622292 50.500000000000007 91.043915438817166 9.4316770186335415 95.698574659325118 154.2115069455634 75.254166666666677 13.508620689655173 72.279500000000013 -11.405013276052399 -3.324433616943494 71.070886699507398 16.601886792452834 6.6715686274509816 69.77809090909092 69.604752941176486 349.50000000000006 1.0193773313053065 70.626060606060619 3.0425724637681166 10.255434782608697 0.40377678571428577 70.498055555555581 31.963624338624339 0.17510232288624702 7.5000000000000009 67.270384615384629 1.0000000180025095e-35 67.787077804441054 26.410427807486634 1.3274216013692766 0.18061044470137202 10.985714285714288 0.76254700854700874 76.538972410747547 71.271662203576668 0.6876961538461539 0.051929488974449857 22.298148148148154 9.5735930735930754 25.984375000000004 90.766629354396017 66.692666666666682 5.3405797101449286 0.68956349206349221 0.29534166666666667 0.28983974358974357 17.755952380952383 111.006106788152 2.3385416666666674
decision_type=2 2 2 2 2 2 2 2 2 2 2 2 2 2 2 2 2 2 2 2 2 2 2 2 2 2 2 2 2 2 2 2 2 2 2 2 2 2 2 2 2 2 2 2 2 2 2 2 2 2 2 2 2 2 2 2 2 2 2 2 2 2
left_child=2 4 10 7 5 17 11 44 -9 22 13 26 53 -1 24 -12 -17 31 -19 20 39 -10 32 -24 -7 -23 56 -18 38 40 -31 -2 -5 -25 -35 -8 -37 -38 45 -16 -27 -33 43 -43 -4 -15 57 -11 49 -49 -51 -41 -53 -6 -40 -56 -3 58 -13 -48 -58 -32
right_child=1 6 3 9 12 14 35 8 21 47 15 46 -14 28 19 16 27 18 -20 -21 -22 25 23 33 -26 29 -28 -29 -30 30 61 41 -34 34 -36 36 37 -39 54 51 -42 42 -44 -45 -46 -47 59 48 -50 50 -52 52 -54 -55 55 -57 60 -59 -60 -61 -62 -63
leaf_value=-0.22612792378535301 -0.013813245576597862 0.23459668130485908 -0.12259418882730605 0.077567236034480652 -0.018929707345952895 -0.16563251365268 0.16456419440713854 0.071317696653937904 -0.015435053607743334 -0.045129040943400069 0.053205977852308038 0.1102834686070287 0.30742945539350991 -0.18560059601348314 -0.011565059378395356 -0.11189270624992811 -0.093915589834785249 0.14356458181893589 0.0089332945083028647 -0.33230027432774395 0.054734693344216212 -0.10052377274026826 -0.036122803821942578 -0.082052784230068052 -0.038597229395344573 -0.068348267794765688 0.22308567513198815 -0.025576543580547107 -0.33407606331597672 -0.12773897497148512 0.1656774477208362 0.099367023613357308 0.30633890492647464 -0.01532329036235639 0.11176640006721721 0.57076912379264833 0.16747846283993906 0.41705365476649386 -0.16289160146778384 -0.16973240166070852 0.017195801474623136 0.0049228357003992095 0.089186311422365702 -0.19950559169950996 0.16109083139688474 0.11020897792316067 0.13863222565851574 -0.077708114488455035 0.03498300420468832 -0.039802264622136874 0.18754127935000831 -0.095807656405719047 0.19920744108053356 0.099142684533601824 -0.076002018115625278 0.10981024968276905 0.14549335323116644 0.057850486361863213 0.3822716843619276 -0.06721388392285868 -0.078232496713638314 -0.055795099982682707
leaf_weight=273 703 57 958 1262 131 228 95 324 1325 651 144 179 69 335 1262 1187 706 390 196 21 396 949 394 79 273 382 426 1017 38 384 42 453 35 174 468 31 81 72 205 150 602 482 308 51 21 20 964 347 1159 89 73 78 32 1050 665 51 61 956 33 38 62 117
leaf_count=273 703 57 958 1262 131 228 95 324 1325 651 144 179 69 335 1262 1187 706 390 196 21 396 949 394 79 273 382 426 1017 38 384 42 453 35 174 468 31 81 72 205 150 602 482 308 51 21 20 964 347 1159 89 73 78 32 1050 665 51 61 956 33 38 62 117
internal_value=1.26986e-05 0.0611168 -0.0393619 -0.0141456 0.0256257 0.00751122 0.133975 -0.0531342 -0.0380997 0.0279174 -0.0927911 0.119491 0.0983818 -0.134251 -0.0307512 -0.0712271 -0.0773939 0.0436557 0.0985863 -0.0137344 -0.010159 -0.0474356 0.057084 0.0259117 -0.0965242 -0.0645523 0.185816 -0.0535997 -0.115081 -0.0421689 -0.0894761 0.0275144 0.0838591 0.0598177 0.077331 0.277608 0.33535 0.285924 -0.108428 -0.027058 -0.0160277 0.0499661 0.0233092 -0.0147999 -0.116426 -0.168794 0.100929 -0.00242309 0.0142509 -0.0329374 0.062883 -0.102078 -0.00944035 0.0860403 -0.0850769 -0.0626945 0.0972167 0.0752614 0.153438 0.130793 0.0328325 0.00302111
internal_weight=23804 9328 14476 9835 6273 5023 3055 5104 4125 4731 4641 2776 1250 1587 2440 3054 2910 2583 586 1939 1918 3801 2412 1115 501 2476 606 1723 1314 1527 543 1997 1297 721 642 279 184 153 1276 1522 984 1294 841 533 979 355 2170 2319 1668 509 162 260 110 1181 921 716 180 1168 212 1002 123 159
internal_count=23804 9328 14476 9835 6273 5023 3055 5104 4125 4731 4641 2776 1250 1587 2440 3054 2910 2583 586 1939 1918 3801 2412 1115 501 2476 606 1723 1314 1527 543 1997 1297 721 642 279 184 153 1276 1522 984 1294 841 533 979 355 2170 2319 1668 509 162 260 110 1181 921 716 180 1168 212 1002 123 159
is_linear=0
shrinkage=0.035


Tree=27
num_leaves=63
num_cat=0
split_feature=82 71 71 76 76 76 71 76 73 71 81 71 32 11 10 42 62 3 32 6 58 1 51 43 67 21 0 14 80 71 30 58 56 57 7 25 20 14 28 58 62 37 12 80 35 6 35 78 53 67 12 78 53 14 3 53 1 51 12 32 15 67
split_gain=42129.9 19133.9 16078.8 7778.38 5483.98 4429.22 3967.6 3885.49 3269.66 3113.16 2978.99 2933.51 2692.43 2410.04 2201.55 2145.87 3083.97 2137.61 2053.38 1983.83 1962.88 2159.18 1995.32 2058.93 1941.55 1873.07 1829.63 1828.13 1762.45 1756.33 1937.07 1739.75 2156.11 1687.69 2151.85 1670.04 1585.64 1545.91 1692.91 1483.19 1481.88 1371.12 1393.44 1366.87 1353.09 1350.79 1676.75 1348.56 1336.18 1333.18 1316.5 1305.2 1298.76 1668.7 1347.82 1285.37 1280.26 1449.18 1308.71 1277.22 1275.54 1269.99
threshold=-17.499999999999996 70.953300653594781 70.283555555555566 0.46803013939027555 -0.11202780878393349 0.29837154946477906 73.170216905901114 -0.35340445789275893 71.6240106263391 72.390888888888909 1.1381233258848946 68.441245210727985 0.58029670329670335 0.48293649193548388 0.50413961038961053 3.7018518518518526 110.47234570000752 55.145502645502653 0.515060661764706 25.574175824175828 1.0000000180025095e-35 68.430952380952405 74.4018181818182 11.95916666666667 88.880383672277318 16.981481481481485 18.500000000000004 0.7199498746867169 -13.541274543184292 67.849721428571428 20.61721611721612 1.0000000180025095e-35 83.092926479484319 1.0000000180025095e-35 0.319245 55.622844827586214 2.5895721925133697 0.65892500000000009 29.710084033613452 1.0000000180025095e-35 114.65462820313651 8.0923295454545485 14.113247863247866 -5.8266794301555001 14.015625000000002 20.338541666666668 16.848076923076928 7.2225384938756543 109.84509122999263 91.043915438817166 10.61721611721612 -1.8173763902713984 100.20369629530255 0.61847727272727282 58.377155172413801 103.02598406809695 75.254629629629633 74.603643724696369 17.507142857142863 0.53686931818181827 6.2540322580645169 108.7774328119075
decision_type=2 2 2 2 2 2 2 2 2 2 2 2 2 2 2 2 2 2 2 2 2 2 2 2 2 2 2 2 2 2 2 2 2 2 2 2 2 2 2 2 2 2 2 2 2 2 2 2 2 2 2 2 2 2 2 2 2 2 2 2 2 2
left_child=1 5 7 6 9 8 13 50 29 10 19 18 31 -3 -5 16 -15 -7 -9 37 40 -22 23 36 -20 33 28 -26 61 -1 44 32 -11 35 -35 -13 -23 51 -39 -12 60 42 -25 52 -31 46 -10 -37 -28 -24 -2 -4 54 -54 -19 -14 -30 58 -58 -34 -6 -8
right_child=2 3 4 14 20 17 26 11 45 12 39 25 55 15 -16 -17 -18 43 24 -21 21 22 49 41 27 -27 48 -29 56 30 -32 -33 59 34 -36 47 -38 38 -40 -41 -42 -43 -44 -45 -46 -47 -48 -49 -50 -51 -52 -53 53 -55 -56 -57 57 -59 -60 -61 -62 -63
leaf_value=-0.083599468057976509 -0.25631119325385654 -0.025515272376889223 -0.170162801226584 0.088016300131382591 -0.27349559833817799 -0.023045425190007161 0.11862060479710743 -0.14543710118459977 0.10704348099273343 -0.37633103787665273 -0.46627692553007383 -0.099934012602098846 -0.21814388419570724 0.071043521332977602 0.22537432925685705 0.01473664389759639 0.22391192836353621 0.071314080047977457 -0.26633332549459565 0.027262351956139363 -0.029980981361256407 0.2181787626616381 -0.094774419059492146 0.0053526580883359372 -0.10162570761130528 -0.37363638269636373 0.16317084717144589 -0.0043395182465864246 0.044659080151942504 0.076366499821165043 -0.14641324653408996 0.032232993524763338 -0.091798220418873477 0.028917653356673404 -0.17135892260850327 -0.034371277356306268 0.061139835602657712 -0.062497701744054807 0.19382248924603832 -0.17053781402874107 0.16860902694810798 -0.0138354283836564 0.14789392659755854 0.016196632750556883 -0.020262735162186178 0.053061612387955412 -0.066511662711537273 0.13066391820394996 0.35731393728628758 0.12500707811598472 -0.13964512708807217 0.045686969193476666 0.34848815511678582 0.096515810496859478 -0.17569277256586974 -0.028345507984146756 0.10323073717003835 0.16124315367028566 -0.039455970895722739 0.095965634832232027 -0.039870496417919697 0.50606816319359671
leaf_weight=697 161 414 273 184 30 374 20 1003 89 25 26 512 95 1372 656 685 183 74 61 282 522 94 36 192 604 22 270 389 419 197 137 1126 147 86 276 2062 479 1118 32 103 39 964 149 406 1754 961 286 62 52 479 461 39 33 898 42 81 431 484 96 63 475 22
leaf_count=697 161 414 273 184 30 374 20 1003 89 25 26 512 95 1372 656 685 183 74 61 282 522 94 36 192 604 22 270 389 419 197 137 1126 147 86 276 2062 479 1118 32 103 39 964 149 406 1754 961 286 62 52 479 461 39 33 898 42 81 431 484 96 63 475 22
internal_value=1.36004e-05 0.049258 -0.0440116 0.0976946 -0.00795054 0.00619075 0.0792298 -0.0874709 -0.0139191 -0.039445 -0.069733 -0.0773398 -0.00252279 0.0520341 0.195361 0.0663709 0.0891023 0.051544 -0.109579 -0.0576846 0.0230979 0.0344883 0.0485562 0.0318007 -0.0754002 -0.055365 0.119435 -0.0635395 0.102833 -0.0355105 -0.01944 0.0141492 -0.0723688 -0.0529664 -0.123795 -0.0432166 0.0870758 -0.0740758 -0.0552811 -0.231741 -0.0379063 0.00750384 0.0677717 0.070747 -0.0104868 0.0310838 -0.0252242 -0.0295226 0.195039 0.10956 -0.17003 -0.14314 0.091879 0.105633 -0.0184596 -0.131141 0.0961879 0.117508 0.0772191 -0.0353583 -0.0540129 0.325218
internal_weight=23804 11236 12568 5288 6869 5948 4448 5699 4121 3410 1873 5077 1537 2654 840 2240 1555 1827 2057 1744 3459 2915 2393 1878 1054 3020 1794 993 1472 2785 2088 1361 235 2998 362 2636 573 1462 1150 129 544 1305 341 1453 1951 1336 375 2124 322 515 622 312 1047 931 116 176 1430 1011 527 210 505 42
internal_count=23804 11236 12568 5288 6869 5948 4448 5699 4121 3410 1873 5077 1537 2654 840 2240 1555 1827 2057 1744 3459 2915 2393 1878 1054 3020 1794 993 1472 2785 2088 1361 235 2998 362 2636 573 1462 1150 129 544 1305 341 1453 1951 1336 375 2124 322 515 622 312 1047 931 116 176 1430 1011 527 210 505 42
is_linear=0
shrinkage=0.035


Tree=28
num_leaves=63
num_cat=0
split_feature=72 77 65 71 71 72 58 81 81 74 72 64 71 62 76 0 1 81 27 51 28 41 65 57 71 44 16 69 72 77 75 25 14 65 48 71 15 78 50 55 41 2 34 23 41 56 28 39 44 44 28 35 29 54 75 65 71 76 29 70 14 28
split_gain=41128.2 21982.4 8093.74 7425.78 6475.72 5572.74 4007.25 3629.69 3526.81 3180.78 2890.52 3190.59 2804.98 2454.13 2402.54 2402.14 2306.92 2194.49 1972.91 1849.35 1735.52 1717.92 1707.95 1685.72 1661.6 2044.41 1624.69 1590.08 1558.83 1794.28 1531.12 1485.22 1516.14 1479.74 1450.93 1412.72 1549.13 1458.86 1402.04 1394.83 1661.19 1331.2 1330.72 1329.52 1326.73 1311.09 1578.02 1442.7 1290.65 1477.2 1371.85 1289.44 1425.58 1392.9 2320.33 1282.2 1274.87 1268.38 1285.5 1258.15 1254.41 1242.08
threshold=71.271662203576668 1.2307273495698219 0.59129541331469804 72.424142857142883 69.803412698412714 64.610711977847004 1.0000000180025095e-35 0.96214091865528262 0.97837947838570349 12.033722883720808 75.793221840879184 160.50000000000003 68.189983277591992 115.77711934894252 -0.022767713834381084 9.5000000000000018 80.338541666666671 0.94501284211183945 9.4629120879120894 69.839393939393958 24.968245967741939 8.1270161290322598 0.96642390384551813 1.0000000180025095e-35 72.082696969696983 21.017857142857146 24.224747474747478 -1.4031579285398974 85.437284430673671 2.1805793481549549 146.85618771705734 55.622844827586214 0.74450925925925937 0.87662949384927458 0.72506157635468005 72.390888888888909 7.0678160919540236 6.9759471328379954 74.802500000000023 95.408591078313776 7.4924242424242431 22.170289855072468 18.303846153846155 65.959935897435912 5.9344086021505387 116.03145626857203 17.016666666666669 32.935416666666676 15.015151515151517 14.188988095238097 25.338541666666668 14.145502645502647 0.34668303571428577 110.53835795427173 146.00802780724186 0.39565530131189858 72.540104895104903 0.30866662972826803 0.38161250000000008 -7.218729493205152 0.7308918128654972 16.066964285714288
decision_type=2 2 2 2 2 2 2 2 2 2 2 2 2 2 2 2 2 2 2 2 2 2 2 2 2 2 2 2 2 2 2 2 2 2 2 2 2 2 2 2 2 2 2 2 2 2 2 2 2 2 2 2 2 2 2 2 2 2 2 2 2 2
left_child=2 4 5 7 14 18 13 16 24 15 11 33 44 26 31 20 -3 -14 -1 48 56 57 35 51 39 -26 -6 -25 29 -17 -9 32 -2 -8 -13 36 -12 42 45 59 43 -20 -37 -41 -4 46 -38 -48 49 -10 60 52 -21 -53 -55 -16 -5 -18 61 -7 -50 -59
right_child=1 3 12 9 6 8 10 30 19 -11 22 34 17 -15 55 28 21 -19 41 23 -22 -23 -24 27 25 -27 -28 -29 -30 -31 -32 -33 -34 -35 -36 37 38 -39 -40 40 -42 -43 -44 -45 -46 -47 47 -49 50 -51 -52 53 -54 54 -56 -57 -58 58 -60 -61 -62 -63
leaf_value=-0.12606515825220085 -0.2261170441253417 0.067617320856771967 -0.11073601609603584 -0.20848863934777506 -0.12259890437793763 0.13488169423499741 -0.012088328441227892 -0.0093739573234573742 -0.10194549655229278 0.25479428415513333 0.1656865109416526 0.066236314637084653 0.10006527877410863 0.15637565843293266 0.16806256840832007 0.11737487473765207 0.066189983649477785 -0.095028081507499459 -0.092041721383730582 0.025415878841699647 0.14816336231764288 -0.068009570453961693 -0.21383503451455727 -0.17123183927169214 0.090595959931855707 -0.12558693750505526 -0.025637571347379932 0.12834915155055476 0.39400625832314079 0.21847595431750857 0.070962170685892514 -0.068050396372020414 -0.03555651120961513 -0.11425599463963719 -0.12480060487942211 0.091446364739301511 0.3002249661760128 0.21536935604108334 -0.13309498176740783 -0.11948533913466441 -0.10767560875701578 0.17881206362981064 -0.051607315116226682 -0.0001678114994689851 -0.2035418589975371 0.132709180017308 0.083846421805673019 -0.019873688850253486 -0.09756023488847182 0.070319089132857393 -0.20973255031839225 -0.0034562647759686484 0.33812386984100529 -0.11076904675193266 0.25041918363406307 -0.025557310821638198 0.064932519273268124 0.4212567986687098 0.41572309632368493 0.011194475253898831 -0.015658379111285599 0.16181302553111943
leaf_weight=984 167 2040 315 21 332 124 1343 1045 105 245 103 907 74 68 43 605 90 1389 43 60 387 37 27 149 418 61 584 25 34 336 402 760 74 199 51 904 23 106 65 125 255 45 87 1294 480 141 228 584 1006 144 106 1209 25 303 23 1138 757 25 35 529 297 223
leaf_count=984 167 2040 315 21 332 124 1343 1045 105 245 103 907 74 68 43 605 90 1389 43 60 387 37 27 149 418 61 584 25 34 336 402 760 74 199 51 904 23 106 65 125 255 45 87 1294 480 141 228 584 1006 144 106 1209 25 303 23 1138 757 25 35 529 297 223
internal_value=1.30639e-05 0.037795 -0.0560045 0.0867041 -0.000932834 -0.038151 0.0185422 0.0569213 -0.0255147 0.135344 0.031814 0.00585362 -0.113938 -0.0457466 -0.0522654 0.121611 0.0828765 -0.0851269 -0.111869 -0.0492012 0.0876166 0.158617 0.0604208 -0.0245602 0.0036274 0.0629558 -0.0608323 -0.127924 0.162161 0.153575 0.0129591 -0.0921447 -0.167814 -0.0253084 0.0560028 0.0637737 0.0365319 0.0921498 0.0236761 -0.00859442 -0.0255185 0.0466512 0.0788644 -0.0107194 -0.166867 0.0341832 0.0174722 0.00927906 -0.0758459 -0.0023673 -0.0888232 -0.01342 0.118869 -0.020784 -0.0849313 -0.0184365 0.0574186 0.181168 0.217539 0.0347724 -0.0789077 0.188776
internal_weight=23804 14216 9588 6282 7934 7330 5752 3897 6258 2385 4768 2500 2258 984 2182 2140 2450 1463 1072 3452 1165 410 2268 1794 2806 479 916 174 975 941 1447 1001 241 1542 958 2241 1144 1097 1041 2327 1674 88 991 1419 795 976 835 812 1658 249 1409 1620 85 1535 326 1181 778 373 283 653 1303 248
internal_count=23804 14216 9588 6282 7934 7330 5752 3897 6258 2385 4768 2500 2258 984 2182 2140 2450 1463 1072 3452 1165 410 2268 1794 2806 479 916 174 975 941 1447 1001 241 1542 958 2241 1144 1097 1041 2327 1674 88 991 1419 795 976 835 812 1658 249 1409 1620 85 1535 326 1181 778 373 283 653 1303 248
is_linear=0
shrinkage=0.035


Tree=29
num_leaves=63
num_cat=0
split_feature=72 67 67 72 72 72 72 67 67 51 64 26 67 51 72 49 5 71 72 56 58 6 65 58 16 55 72 6 80 13 48 71 77 81 67 36 80 50 21 8 23 6 26 58 7 14 48 43 34 2 50 42 48 41 40 5 10 20 15 56 22 20
split_gain=38481.5 18364.7 11073.5 6911.08 5651.61 5370.84 5166.13 4956.91 4221.11 2584.19 2552.99 2457.55 2072.61 2042 1951.93 1882.68 1879.49 1814.11 1783.28 1720.67 1711.01 2196.16 1687.38 1663.25 1622.2 1619.81 1721.33 1571.12 1514.54 1562.21 1481.07 1465.07 1453.22 1420.38 1410.07 1408.68 1388.17 1383.89 1435.56 1381.28 1362.9 1389.73 1361.82 1358.98 1354.84 1346.66 1452.17 1320.83 1372.04 1272.88 1434.6 1290.58 2543.36 1348.71 1388.26 1272.49 1255.7 1254.46 1241.22 1231.53 1228.18 1263.5
threshold=73.117190197378576 103.12835853956101 105.48343732476651 79.038402185225479 67.850574265081647 68.919569607049667 78.732128830145228 97.294451578282164 94.865442841358714 75.665333333333351 80.500000000000014 0.46290692640692643 97.621244520612763 72.174415584415598 85.437284430673671 0.03341644747399241 10.673333333333334 69.092414252414258 63.246953087083376 83.751189457117519 1.0000000180025095e-35 27.716517857142861 0.91530108534982513 1.0000000180025095e-35 19.431677018633543 89.607523761076052 85.437284430673671 27.40454545454546 -11.542512507513292 15.101724137931036 0.5845101858958125 72.279500000000013 0.50747230492531903 0.93588231929750776 114.09729020649051 0.69896387096774204 -3.9908015383333502 67.933623188405818 13.101724137931036 16.15504807692308 86.710084033613455 20.716517857142861 0.39419523809523815 1.0000000180025095e-35 0.29201785714285716 0.63595285087719311 0.49953911703259513 12.773460410557187 15.157072368421053 30.12701612903226 76.064592592592604 4.717142857142858 0.67469768669634989 4.9183333333333339 14.784161490683232 7.6228448275862073 0.57067543859649128 2.4843597262952106 6.6381818181818195 103.25365277533098 20.267948717948723 4.6720430107526889
decision_type=2 2 2 2 2 2 2 2 2 2 2 2 2 2 2 2 2 2 2 2 2 2 2 2 2 2 2 2 2 2 2 2 2 2 2 2 2 2 2 2 2 2 2 2 2 2 2 2 2 2 2 2 2 2 2 2 2 2 2 2 2 2
left_child=2 3 4 8 10 17 11 23 22 49 -1 20 14 15 -5 32 58 19 31 -4 21 -3 -2 -6 -15 42 -27 30 29 -22 59 -12 -9 -25 40 -21 -19 -14 -39 -11 41 56 -8 -24 -31 -46 -47 -45 -49 51 -51 53 -53 54 -10 -43 -7 -29 -13 -20 61 -34
right_child=1 6 5 12 7 34 25 13 9 39 18 16 37 24 -16 -17 -18 36 27 35 28 -23 43 33 -26 26 -28 57 -30 44 -32 -33 60 -35 -36 -37 -38 38 -40 -41 -42 55 -44 47 45 46 -48 48 -50 50 -52 52 -54 -55 -56 -57 -58 -59 -60 -61 -62 -63
leaf_value=-0.19599742992554151 -0.038338256723016148 -0.06271506750946626 -0.27114370985365321 0.021198464471577819 -0.16738417241049924 -0.0023621806855727771 0.24468890721266337 -0.14999628952916391 -0.1243517618254701 -0.065123620176556138 -0.17846088637050569 -0.15345740964536622 -0.037428238084162041 -0.24589322383780232 0.15121239173107009 -0.0032770062088423942 0.2943196904395447 0.027628620761426526 -0.091671953314011331 -0.11164712667794821 -0.030233387695418463 0.29716850954719953 -0.27311257673638278 0.16040178356332296 0.021602063954798169 0.14657316362972525 0.32170548129140164 0.20553756765966064 0.097744280977721892 -0.022521022160522274 -0.037457721850939894 0.11333914839956498 -0.052684764120006576 -0.085569550259674484 0.12563079816420547 -0.021198577482884957 -0.044995870772084758 0.15754273577977201 0.056068537257524947 0.13564808731490408 0.30849942297159239 0.10060597409849778 0.55838783975673278 -0.13290840665408163 0.46858232188224791 0.32650024400960731 0.14748303345351554 0.24872949288230317 -0.11108567705388042 0.13772127355755265 -0.039293761265877442 -0.0985053240202797 0.12645357191682663 0.014090297755113289 0.083148201258003138 0.026905556574334643 -0.26246283296321304 -0.047085228225764116 0.027526967000198414 -0.18216398594837926 -0.15726919749348997 0.053209434282987342
leaf_weight=352 1161 136 51 1052 338 702 92 202 170 49 372 50 71 28 163 1064 30 624 991 389 40 24 64 29 1087 727 76 40 1880 30 509 22 1460 1217 213 461 666 514 257 281 21 411 21 201 25 79 191 25 26 167 84 355 74 2280 51 951 23 59 574 227 123 152
leaf_count=352 1161 136 51 1052 338 702 92 202 170 49 372 50 71 28 163 1064 30 624 991 389 40 24 64 29 1087 727 76 40 1880 30 509 22 1460 1217 213 461 666 514 257 281 21 411 21 201 25 79 191 25 26 167 84 355 74 2280 51 951 23 59 574 227 123 152
internal_value=1.4037e-05 0.0479435 -0.0413019 0.0140016 -0.0653585 0.00280362 0.108089 -0.0459174 -0.00826036 0.0126227 -0.108425 0.0862278 0.0679752 -0.0256625 0.0386986 -0.0406877 0.0260373 -0.0364939 -0.094497 -0.0745875 0.102585 -0.00795314 -0.0578916 -0.0985223 0.0147744 0.181006 0.163343 -0.0798818 0.110465 0.175752 -0.0876566 -0.162036 -0.0612295 -0.0797798 0.0399014 -0.0626375 -0.00986608 0.110169 0.123781 0.105773 0.0312096 0.0283445 0.305221 -0.129547 0.201122 0.223877 0.200382 -0.0926028 0.0659288 0.00294302 0.0785069 -0.0035413 -0.059591 0.00608158 -0.0763718 0.0491769 -0.0107937 0.0554694 0.0129082 -0.108608 -0.0508524 -0.0426841
internal_weight=23804 11020 12784 7045 8272 4512 3975 5700 4988 3511 2572 3059 2057 4116 1215 3001 654 2191 2220 901 2405 160 1477 1584 1115 916 803 1826 2245 365 1727 394 1937 1246 2321 850 1290 842 771 330 2108 2087 113 316 325 295 270 252 51 3181 251 2930 429 2501 221 1362 725 99 624 1218 1735 1612
internal_count=23804 11020 12784 7045 8272 4512 3975 5700 4988 3511 2572 3059 2057 4116 1215 3001 654 2191 2220 901 2405 160 1477 1584 1115 916 803 1826 2245 365 1727 394 1937 1246 2321 850 1290 842 771 330 2108 2087 113 316 325 295 270 252 51 3181 251 2930 429 2501 221 1362 725 99 624 1218 1735 1612
is_linear=0
shrinkage=0.035


Tree=30
num_leaves=63
num_cat=0
split_feature=72 67 67 72 72 67 72 58 1 81 67 72 67 51 51 46 55 30 72 38 34 18 71 50 51 6 8 72 51 46 23 46 41 11 34 13 69 18 41 44 25 58 67 67 29 51 0 80 34 11 71 45 28 18 48 80 20 0 42 67 38 67
split_gain=35999.2 15487.7 12565.4 10323.6 5101.73 4176.86 4155 3460.69 3257.47 2886.05 2779.41 2656.99 2202.85 2200.63 2056.31 1974.44 1904.37 1984.98 1897.09 1786.7 1628.9 1602.77 1600.72 1775.56 1550.88 1786.86 1553.97 1549.55 1542.86 1539.19 1533.39 1525.96 1513.28 1496.51 1432.41 1415.41 1401.33 1474.63 1392.7 1389.34 1372.04 1347.94 1337.33 1335.96 1323.38 1323.01 1415.95 1583.41 1300.54 1276.75 1258.42 1238.11 1233.08 1232.97 1231.46 1485.85 1205.18 1620.45 1545.39 1429.33 1209.93 1401.81
threshold=74.149965761366914 102.36306259649852 100.32130525291451 69.814950618217111 82.694217398536964 95.088872316677111 79.559396636429568 1.0000000180025095e-35 63.755000000000003 0.93998183866387308 109.178374948403 67.917551150500387 93.690929250894172 72.860476190476206 72.400588235294137 0.58477011494252884 101.66239116217672 17.557777777777783 75.980528263477268 19.403703703703709 18.022727272727277 12.280625000000002 71.784880952380959 74.977222222222238 79.918333333333351 21.213203463203467 21.267948717948723 59.032219886632298 74.825300000000013 0.73205128205128212 82.40454545454547 0.67156862745098056 7.3090185676392583 0.41321428571428576 10.754310344827589 13.672619047619049 -6.2926122420807067 9.8038461538461572 4.5086206896551735 17.169047619047621 57.717142857142868 1.0000000180025095e-35 88.880383672277318 108.37485848966202 0.35121583850931681 75.26066666666668 19.500000000000004 -7.0851428852395477 17.431677018633543 0.54675500000000021 71.55685606060608 0.26491228070175438 26.255434782608699 13.203448275862071 0.72974917799697869 -8.4153969669682009 4.8681159420289868 7.5000000000000009 4.717142857142858 95.804973402602315 24.824808184143226 96.192811622472917
decision_type=2 2 2 2 2 2 2 2 2 2 2 2 2 2 2 2 2 2 2 2 2 2 2 2 2 2 2 2 2 2 2 2 2 2 2 2 2 2 2 2 2 2 2 2 2 2 2 2 2 2 2 2 2 2 2 2 2 2 2 2 2 2
left_child=2 4 11 8 5 18 7 29 27 -10 28 31 -13 16 56 21 17 34 -2 -12 41 -9 23 39 26 -26 52 -4 32 44 -24 50 -5 36 -11 -36 37 -29 -20 -23 -41 -16 -40 -17 53 -21 47 -47 -28 -45 -1 -34 -8 -3 55 -6 57 -7 59 -59 61 -61
right_child=1 6 3 10 54 14 24 15 9 13 19 12 -14 -15 20 43 -18 -19 38 45 -22 22 30 -25 25 -27 48 33 -30 -31 -32 -33 51 -35 35 -37 -38 -39 42 40 -42 -43 -44 49 -46 46 -48 -49 -50 -51 -52 -53 -54 -55 -56 -57 -58 58 -60 60 -62 -63
leaf_value=-0.11217612681212996 -0.091525207123292068 -0.11338708752475375 -0.26148780581730308 0.01550182349902603 0.35354935042401292 0.081686958775715218 0.14713212105802756 0.036713148292352754 0.022853662756229774 -0.12271299623821215 0.26865483877787721 -0.11574768546524622 -0.051155708224800027 0.024009665480279548 -0.014447525235194365 0.020890800518391622 -0.0915866688387625 0.022302909549732429 -0.25493995691130039 0.050269348978086451 -0.053851072838689604 0.15135005842468435 0.17253775318516407 -0.19297735335838564 0.10866251798309912 0.42226148806829156 0.23778156498442768 0.29343918195712393 0.071360161931246752 -0.31832877476745186 -0.030349587921322009 -0.17567058681229938 0.12285034858783087 -0.10444264963672686 0.19690722153584167 -0.043975432063123314 -0.1344586226647379 -0.050995221252333037 -0.10369694731048154 0.12420541095261596 -0.0003482442924983046 0.097625520620710296 0.0064489361890037594 0.088464882306103582 -0.13201235122739019 0.2711622695727427 0.34377447059713767 -0.064789078694355642 -0.034369821368379801 0.41692724987937185 0.03280579261455311 -0.053395696483721077 -0.0060828174489917187 0.12928591209174151 -0.038165407992717698 0.11282830345513571 0.062754181406442497 0.12367840334039239 -0.11281944124164578 -0.25609811482547035 0.030928864315710757 -0.030761949687228868
leaf_weight=565 540 36 69 2475 33 235 297 262 900 323 55 856 2652 444 154 471 1256 517 28 888 122 394 864 25 35 63 303 34 451 22 48 484 52 885 31 583 35 27 154 211 222 891 1071 51 71 30 40 39 23 20 84 701 82 86 61 546 415 99 181 35 453 724
leaf_count=565 540 36 69 2475 33 235 297 262 900 323 55 856 2652 444 154 471 1256 517 28 888 122 394 864 25 35 63 303 34 451 22 48 484 52 885 31 583 35 27 154 211 222 891 1071 51 71 30 40 39 23 20 84 701 82 86 61 546 415 99 181 35 453 724
internal_value=1.47911e-05 0.0536324 -0.0345356 -0.0121336 0.0179882 0.00629811 0.110696 0.0904266 -0.0466554 -0.0324165 0.0251103 -0.0820018 -0.0669323 -0.0481902 0.0296085 0.101719 -0.0600227 -0.0327325 -0.0367158 0.0752644 0.0669784 0.117593 0.12959 0.0949855 0.180838 0.311418 0.162474 -0.101586 0.0107596 -0.0443628 0.161845 -0.128607 0.00228197 -0.0902083 -0.0630984 -0.0316576 0.0408394 0.141753 -0.013065 0.103806 0.0604117 0.0811071 -0.00743178 0.0423225 -0.0123735 0.0644631 0.179307 0.0821263 0.218547 0.183307 -0.0933949 -0.0411466 0.114009 0.0574784 0.111097 0.126847 0.00923624 -0.0036366 -0.0171008 -0.00384504 -0.0143112 -0.0413193
internal_weight=23804 9328 14476 9835 5742 5102 3586 2783 5104 4054 4731 4641 3508 3154 3309 2568 2710 1454 1793 1052 1167 2026 1764 852 803 98 705 1050 3679 215 912 1133 3228 981 937 614 96 61 1253 827 433 1045 1225 542 193 997 109 69 326 71 649 753 379 122 640 579 2142 1727 1492 1311 1212 759
internal_count=23804 9328 14476 9835 5742 5102 3586 2783 5104 4054 4731 4641 3508 3154 3309 2568 2710 1454 1793 1052 1167 2026 1764 852 803 98 705 1050 3679 215 912 1133 3228 981 937 614 96 61 1253 827 433 1045 1225 542 193 997 109 69 326 71 649 753 379 122 640 579 2142 1727 1492 1311 1212 759
is_linear=0
shrinkage=0.035


Tree=31
num_leaves=63
num_cat=0
split_feature=72 67 72 72 67 51 2 67 0 67 72 72 64 72 58 46 72 58 77 58 57 81 20 1 41 27 54 36 65 28 27 76 49 81 6 19 7 14 29 32 22 8 25 41 13 31 69 56 70 6 37 28 72 3 21 39 21 3 53 51 26 21
split_gain=33690.5 18447.4 7981.93 7805.27 6995.58 4206.22 3958.68 3266.95 3179.24 3080.25 2773.55 2658.31 2433.33 2171.96 2131.29 2071.06 1985.06 1774.78 1771.52 1718.35 1671.77 1670.51 1651.87 1629.41 1594.51 1553.78 1613.29 1761.57 1535.13 1522.36 1475.19 1471.72 1670.4 1438.68 1396.76 1382.94 1459.66 1358.69 1357.94 1344.79 1475.35 1324.11 1317.06 1316.97 1527.29 1595.19 1743.02 1326.58 1304.56 1269.71 1783.54 1485.16 1466.12 1309.8 1305.07 1629.83 1285.95 1284.76 1343.45 1264.56 1262.99 1542.32
threshold=71.271662203576668 100.39485035525401 77.032283269479123 77.266681489968434 107.12289923587251 69.771314285714297 22.442222222222224 107.73431916152302 2.5000000000000004 91.043915438817166 82.138866105453701 66.989646617167963 66.500000000000014 65.377925848390632 1.0000000180025095e-35 0.46547619047619054 82.694217398536964 1.0000000180025095e-35 2.1465035780859458 1.0000000180025095e-35 1.0000000180025095e-35 1.0917565220004386 4.6035714285714286 57.153409090909101 6.4629120879120885 11.315340909090912 96.617405770687341 0.69559545454545468 0.74471271242699111 22.075498575498578 7.5962962962962974 -0.57705324567001337 0.090918426923567164 1.0385415127047584 17.017857142857146 6.4309523809523821 0.31617444219066942 0.81771578947368428 0.28410172413793106 0.46544949494949495 16.94868421052632 15.67204301075269 59.204166666666673 7.0425724637681171 17.707107843137258 38.603030303030316 -8.6040872218585971 102.77275052281915 -18.525127084432395 22.672043010752692 8.288018433179726 23.462912087912091 72.950974322966985 54.014705882352949 14.151923076923078 30.270979020979023 10.203448275862071 59.338541666666679 105.82197438903803 71.034384236453221 0.40715099715099717 11.365151515151517
decision_type=2 2 2 2 2 2 2 2 2 2 2 2 2 2 2 2 2 2 2 2 2 2 2 2 2 2 2 2 2 2 2 2 2 2 2 2 2 2 2 2 2 2 2 2 2 2 2 2 2 2 2 2 2 2 2 2 2 2 2 2 2 2
left_child=4 3 7 9 5 8 31 15 -1 -2 14 23 33 -14 30 49 28 -9 37 21 -17 35 24 -6 -15 26 27 60 -5 -29 -4 -7 38 -10 -13 -11 -37 -16 -33 -20 -41 -40 -43 44 -28 47 -47 -46 -25 50 52 54 -3 -54 57 -56 -55 58 -51 -21 61 -8
right_child=1 2 10 16 11 6 25 17 12 19 -12 34 13 22 18 20 -18 -19 39 59 -22 -23 -24 48 -26 -27 43 29 -30 -31 -32 32 -34 -35 -36 36 -38 -39 41 40 -42 42 -44 -45 45 46 -48 -49 -50 51 -52 -53 53 56 55 -57 -58 -59 -60 -61 -62 -63
leaf_value=0.049097964086295333 -0.11832670515449854 -0.0031870443855321375 -0.17327315969588145 0.06321932097830131 -0.23066813191112165 -0.35190290104349453 0.2637973179476602 -0.050879814175735928 -0.1046739448909854 0.0077728748808713524 0.20698113479894542 -0.074748393720725753 -0.14328207916594674 -0.057234385346742744 0.095702861494244368 0.018030169023644425 0.096638057209118985 0.098987790304882847 0.23732521514623145 -0.034087411339681781 -0.087341314344133739 -0.26390003025424374 0.018011992419777113 0.080683947160985425 -0.11815149300619572 0.19715990980441059 -0.050734724682194678 -0.17339527622001166 0.000299755513958118 0.039459095381439956 0.060206380014129264 -0.22424793783926963 -0.20878178101895004 -0.22573328804463313 0.036176745493136209 0.0011313178461622186 -0.15575762877311894 -0.17970714808570015 -0.0027803703170860934 0.19354670213324085 0.068110369962412723 -0.27935249089025477 -0.051132337889057002 -0.066950273839034527 -0.032592300658347451 -0.16697805369300087 0.18255915406122497 0.15270355473123157 -0.05227415091235689 -0.13979927216771923 -0.021197864716112597 0.16424023032485544 -0.13256455091150798 -0.091957572831710188 -0.028490234896223599 0.33971790046824352 0.18792101941989506 0.090391496028694091 0.052317842714412879 0.013411886077948501 0.13939092322059282 -0.036221273024080153
leaf_weight=181 520 148 50 737 56 31 24 103 214 212 431 153 711 1257 965 1969 566 1531 208 1793 203 55 219 102 908 39 568 79 1335 85 96 62 146 279 1479 106 230 22 261 226 235 50 81 991 321 20 121 55 767 81 399 249 20 22 23 40 203 228 98 1112 182 146
leaf_count=181 520 148 50 737 56 31 24 103 214 212 431 153 711 1257 965 1969 566 1531 208 1793 203 55 219 102 908 39 568 79 1335 85 96 62 146 279 1479 106 230 22 261 226 235 50 81 991 321 20 121 55 767 81 399 249 20 22 23 40 203 228 98 1112 182 146
internal_value=1.53826e-05 0.0342109 0.0716724 -0.0082202 -0.0506846 -0.0687125 -0.0396026 0.0483419 -0.0938971 -0.0388682 0.1272 -0.00110789 -0.101117 -0.0895842 0.108064 0.0300595 0.0385738 0.089526 0.119363 -0.0270737 0.00816247 -0.0808167 -0.0735413 -0.048496 -0.082806 -0.0207083 -0.0240251 0.0313345 0.0226915 -0.0632685 -0.020047 -0.118299 -0.105941 -0.173351 0.0257557 -0.0622113 -0.106324 0.0894726 -0.0726681 0.163357 0.129755 -0.0484297 -0.138997 -0.0377909 -0.011136 0.0323691 0.13254 -0.00531176 -0.0366266 0.0615201 0.0309142 0.0951836 0.0837904 0.136246 0.0584552 0.206072 0.160396 0.0353721 -0.0347456 -0.0159049 0.0754481 0.00676315
internal_weight=23804 14216 7550 6666 9588 7031 3262 5317 3769 4028 2233 2557 3588 3095 1802 3683 2638 1634 1656 3508 2172 603 2384 925 2165 2631 2592 516 2072 164 146 631 600 493 1632 548 336 987 454 669 461 392 131 2076 1085 517 141 376 869 1511 792 719 393 245 470 63 225 407 179 2905 352 170
internal_count=23804 14216 7550 6666 9588 7031 3262 5317 3769 4028 2233 2557 3588 3095 1802 3683 2638 1634 1656 3508 2172 603 2384 925 2165 2631 2592 516 2072 164 146 631 600 493 1632 548 336 987 454 669 461 392 131 2076 1085 517 141 376 869 1511 792 719 393 245 470 63 225 407 179 2905 352 170
is_linear=0
shrinkage=0.035


Tree=32
num_leaves=63
num_cat=0
split_feature=72 64 67 72 72 67 72 65 72 72 64 80 49 51 20 58 56 81 71 72 62 3 39 29 51 16 14 81 58 81 46 6 9 39 0 67 48 18 82 18 45 50 45 22 31 41 25 44 44 75 44 80 46 41 6 55 13 5 0 69 45 24
split_gain=31483.7 13653.3 11066.5 5603.93 5479.03 4691.83 4633.61 4022.78 3767.95 2174.61 2161.67 2136.26 1793.32 1782.39 1684 1651.46 2183.96 1633.55 1611.25 1559.96 1535.71 1486.82 1874.48 1774.97 1483.69 1828.84 1552.45 1481.41 1467.14 1450.05 1441.67 1424.44 1414.15 1380.77 1516.51 1383.71 1355.75 1354.48 1387.64 1354.02 1352.32 1340.67 1322.75 1307.97 1304.54 1278.96 1438.39 1247.75 1840.1 1632.93 1242.91 1251.23 1219.22 1391.33 1292.22 1214.11 1259.47 1480.18 1250.68 1255.5 1544.3 1224.55
threshold=74.149965761366914 196.50000000000003 105.48343732476651 68.919569607049667 67.850574265081647 97.621244520612763 80.826428624736778 0.73764607253429115 82.138866105453701 89.849033725622292 80.500000000000014 -10.912851161900397 0.058337162261769153 68.459178981937626 2.9344086021505382 1.0000000180025095e-35 100.85756129997792 0.93506087201547949 69.092414252414258 63.246953087083376 87.97183584670141 58.557777777777787 36.253571428571441 0.32051086956521746 73.531964285714295 19.431677018633543 0.68051000000000006 0.97054766681205396 1.0000000180025095e-35 1.0841165069322569 0.64400921658986188 27.40454545454546 32.573593073593081 31.963624338624339 7.5000000000000009 107.46514667685301 0.5845101858958125 12.779513888888891 9.5000000000000018 11.811011904761907 1.0000000180025095e-35 69.77809090909092 0.23669467787114842 16.584770114942533 31.679285714285715 7.2742946708463956 61.015151515151523 15.868115942028988 18.213203463203467 154.2115069455634 21.983333333333338 -3.9908015383333502 0.41763565891472876 4.4031250000000011 22.338095238095239 115.51301139861586 22.819805194805198 6.4530791788856314 14.500000000000002 4.2623594083810028 0.45643939393939398 24.137147335423204
decision_type=2 2 2 2 2 2 2 2 2 2 2 2 2 2 2 2 2 2 2 2 2 2 2 2 2 2 2 2 2 2 2 2 2 2 2 2 2 2 2 2 2 2 2 2 2 2 2 2 2 2 2 2 2 2 2 2 2 2 2 2 2 2
left_child=2 6 4 18 10 17 7 14 11 -8 -1 41 24 29 43 44 32 -6 20 40 -4 22 27 -24 26 -26 52 -5 -19 -9 -22 36 -17 -10 35 -35 -21 38 -29 -13 -12 -3 -15 -2 -16 46 -14 -41 -49 -50 51 -20 54 -54 -7 56 57 -28 -59 -60 -61 -58
right_child=1 8 3 21 5 12 9 13 33 -11 19 39 45 42 15 16 -18 28 50 31 30 -23 23 -25 25 -27 55 37 -30 -31 -32 -33 -34 34 -36 -37 -38 -39 -40 47 -42 -43 -44 -45 -46 -47 -48 48 49 -51 -52 -53 53 -55 -56 -57 61 58 59 60 -62 -63
leaf_value=-0.17882887053454286 0.049412946000421315 0.076167758367664165 -0.297616493171108 0.035483445541737657 0.098181942823504634 -0.076710247619007646 0.069652592265028221 -0.056173776141589228 0.12401431875962628 0.27125240610786483 0.05828608174286258 -0.015070554862080431 0.024001253384980933 -0.26048458706134675 0.18424260334173842 -0.035267013337420321 0.04738816788610805 -0.14403873501069908 0.034579706268886803 -0.099212272686016692 -0.071089168451515541 0.068188672197623507 -0.042315775387904105 0.30196652178565658 -0.3031040774729194 0.03394308284528489 -0.09101905514202778 0.089035615677961213 -0.071422451231857059 -0.20774185714302837 0.11335622175631895 0.057100735273193481 0.18026858795765244 0.10684879240608045 0.39911705904806682 0.38816920627488027 -0.031146782693172548 -0.093636317764177371 -0.078379468677556463 0.022295634682499926 -0.16882989135653984 0.19042448876923715 -0.006661617157960909 -0.042209885558849115 -0.056096450399263552 -0.030943587457162389 0.15952588107012114 0.14120556703706505 0.053602586564345633 0.21162360831543719 -0.20603732471307121 -0.035380199041096745 0.14396074563321079 -0.11527327499003022 0.09093604814501409 -0.19423865257690448 -0.050238469357629427 0.038142999377126986 -0.056551995945862979 0.23112343700800414 -0.0037074383514827504 0.16799500651904412
leaf_weight=352 314 180 34 895 60 146 1181 477 95 69 35 162 731 25 31 43 1211 430 606 1218 812 1366 28 52 20 519 364 146 1655 92 55 99 272 69 84 31 509 267 103 286 359 426 1846 485 227 456 110 777 857 88 37 647 26 631 91 50 51 427 744 40 224 81
leaf_count=352 314 180 34 895 60 146 1181 477 95 69 35 162 731 25 31 43 1211 430 606 1218 812 1366 28 52 20 519 364 146 1655 92 55 99 272 69 84 31 509 267 103 286 359 426 1846 485 227 456 110 777 857 88 37 647 26 631 91 50 51 427 744 40 224 81
internal_value=1.40949e-05 0.0501563 -0.0322968 0.00952368 -0.0546882 -0.0383404 0.020602 0.00559229 0.110827 0.0808877 -0.0982483 0.0984683 -0.0187984 -0.0266309 0.0360321 0.0549406 0.0687847 -0.0812438 -0.0325815 -0.0854326 -0.0684819 0.0418149 0.0176352 0.18191 -0.0321075 0.0211609 -0.0420973 0.00825764 -0.0864311 -0.0808474 -0.0593259 -0.0717645 0.150826 0.23339 0.289353 0.19559 -0.0791681 -0.0389473 0.0197513 0.082205 -0.148597 0.156583 -0.0101237 -0.00619015 -0.0269045 0.0162303 0.0418158 0.0900565 0.101299 0.0684256 -0.0074874 -0.00154175 -0.0803734 -0.104907 -0.0122691 -0.0248061 -0.020368 -0.0280328 -0.0120273 -0.0332918 0.0322294 0.0837797
internal_weight=23804 9328 14476 5048 9428 6856 6273 5023 3055 1250 2572 2776 4711 2440 2583 1784 1526 2145 2191 2220 901 2857 1491 80 3414 539 2875 1411 2085 569 867 1826 315 279 184 100 1727 516 249 2170 394 606 1871 799 258 1297 841 2008 1722 945 1290 1253 894 657 237 1981 1931 1799 1435 1008 264 132
internal_count=23804 9328 14476 5048 9428 6856 6273 5023 3055 1250 2572 2776 4711 2440 2583 1784 1526 2145 2191 2220 901 2857 1491 80 3414 539 2875 1411 2085 569 867 1826 315 279 184 100 1727 516 249 2170 394 606 1871 799 258 1297 841 2008 1722 945 1290 1253 894 657 237 1981 1931 1799 1435 1008 264 132
is_linear=0
shrinkage=0.035


Tree=33
num_leaves=63
num_cat=0
split_feature=72 77 71 65 71 72 76 67 81 58 75 12 80 10 51 41 72 75 27 71 64 22 28 29 64 22 51 28 58 58 26 26 0 49 6 1 80 46 45 63 42 73 2 81 33 17 20 1 54 56 67 71 47 75 3 45 39 71 47 30 64 48
split_gain=29520.2 15727.1 6436.79 6312.8 5148.46 3682.22 3348.19 2748.69 2729.51 2533.19 2456.06 2011.28 1865.11 1839.08 1753.69 1938.24 1748.64 1744.51 1739.79 1694.84 1681.48 1644.66 2361.96 1601.7 1545.45 1841.36 1492.84 1548.61 1488.89 1456.32 1449.96 1417.47 1391.16 1376.42 1361.89 1359.12 1354.6 1316 1292.34 1239.9 1219.29 1447.28 1217.59 1209.66 1534.49 1194.27 1927.39 1551.81 1359.96 1176.38 1168.85 1253.31 1163.38 1160.75 1149.14 1176.23 1323.73 1422.19 1223.07 1143.13 1143.61 1320.75
threshold=70.790151527766412 1.2307273495698219 70.999900000000011 0.5837612245973457 71.383944444444452 64.610711977847004 0.46803013939027555 91.043915438817166 0.97837947838570349 1.0000000180025095e-35 156.63182334508571 13.921538461538463 -4.545122837518206 0.50413961038961053 70.282623655913994 6.8360215053763449 81.056750015229582 136.99334403443763 9.4629120879120894 75.264500000000012 66.500000000000014 16.901612903225807 22.33908045977012 0.31634523809523812 160.50000000000003 19.803846153846155 69.839393939393958 28.173163418290859 1.0000000180025095e-35 1.0000000180025095e-35 0.50955000000000017 0.48301666666666671 2.5000000000000004 0.03341644747399241 30.240384615384617 69.921538461538475 9.0719991885668509 0.62678571428571439 0.58198924731182811 102.36367286843402 4.2742946708463956 76.725202195677099 22.170289855072468 0.87409060539091288 0.44609615384615392 32.260064412238329 4.9848484848484853 73.229020979021001 110.97671109332057 107.43100793792455 110.84017601352302 71.648470496894433 0.56250003740812582 150.43149298248298 54.20344827586208 0.83095238095238111 31.612007168458785 70.601726084373169 0.39100575837142582 16.113247863247867 276.50000000000006 0.49953911703259513
decision_type=2 2 2 2 2 2 2 2 2 2 2 2 2 2 2 2 2 2 2 2 2 2 2 2 2 2 2 2 2 2 2 2 2 2 2 2 2 2 2 2 2 2 2 2 2 2 2 2 2 2 2 2 2 2 2 2 2 2 2 2 2 2
left_child=3 4 12 5 7 18 10 30 19 36 14 -9 34 49 50 -16 24 32 59 29 -19 22 -13 -24 25 35 -10 28 39 -7 33 53 -5 -2 54 -11 -6 -15 -18 -28 41 -17 -20 44 -31 46 47 -30 -47 -8 52 -52 -4 -26 -3 56 -56 -58 -57 -1 61 -61
right_child=1 2 6 17 9 8 13 11 26 16 -12 21 -14 37 15 40 38 20 42 -21 -22 -23 23 -25 31 -27 27 -29 45 43 -32 -33 -34 -35 -36 -37 -38 -39 -40 -41 -42 -43 -44 -45 -46 48 -48 -49 -50 -51 51 -53 -54 -55 55 58 57 -59 -60 60 -62 -63
leaf_value=-0.16962326408682243 -0.11968110525696979 -0.043221764681179352 -0.089711729700181722 0.068484629596363422 -0.018874556025346659 -0.081055260493005085 0.10882986778926693 -0.037815338030805362 -0.070291000866683245 -0.075273931505564592 0.16079772447097235 -0.0075674564060676771 -0.0018290363565817594 0.20805730722480981 0.11427395622801631 0.07460325500409859 0.28604297360090114 -0.13388744021342111 -0.078214421133885451 0.23423709448901089 -0.06157372811150362 -0.018474788805221656 -0.094922229935161112 0.14491974976827218 0.053939318507339261 -0.070617477353217342 0.079953329318187258 0.11722752888355706 0.0028012219895582014 0.31920251888699003 -0.35640868579406365 -0.069585729850079298 -0.19096076222689895 0.0033632466132458342 0.32571295161777075 0.03750814593395977 -0.20221804369860721 0.050739546449392443 0.087008520895098279 -0.16992851665979414 -0.031484343231519892 -0.18383618105121638 0.18085945428678624 0.0016450128963852516 0.048522172973554233 -0.038507330501649874 -0.32824560842572192 0.19763365257141466 -0.20986338403809618 -0.1116082849208514 -0.06386206487999406 0.27584538896570743 0.040206668465363367 0.14143268389292135 0.079307527212871751 0.34871724010448835 -0.026816322786788881 0.11479349867805209 0.096973014105841027 -0.19744063885096297 -0.030218469528029524 -0.071148504525580358
leaf_weight=266 408 143 164 27 642 243 142 2314 1506 144 422 386 1234 572 1100 785 45 641 43 38 1026 915 38 307 659 280 29 92 784 31 25 86 354 153 22 1391 53 74 340 142 195 27 45 2056 140 428 20 53 65 37 21 35 173 259 570 25 420 109 347 167 286 260
leaf_count=266 408 143 164 27 642 243 142 2314 1506 144 422 386 1234 572 1100 785 45 641 43 38 1026 915 38 307 659 280 29 92 784 31 25 86 354 153 22 1391 53 74 340 142 195 27 45 2056 140 428 20 53 65 37 21 35 173 259 570 25 420 109 347 167 286 260
internal_value=1.44515e-05 0.0297082 0.0701096 -0.0511446 -0.00194985 -0.034688 0.100319 -0.0272575 -0.0233787 0.0275561 0.0827112 -0.0167809 0.0306569 0.162592 0.0694993 0.0821567 0.0406952 -0.104911 -0.094287 0.00380442 -0.0894139 0.0127904 0.0519159 0.118393 0.0311259 0.0118426 -0.045235 -0.0218244 -0.0302732 0.000211195 -0.0979742 0.0659588 -0.1725 -0.0861442 0.0551556 0.0269046 -0.0329965 0.190095 0.110622 -0.127421 0.0470304 0.0658977 0.0545003 0.00909639 0.0984008 -0.0179226 0.00704598 0.0152531 -0.0612967 0.063061 0.00161183 0.148955 -0.0230466 0.0786916 0.0513658 0.0605749 0.042327 0.0024365 0.114346 -0.107686 -0.084471 -0.120723
internal_weight=23804 15062 6617 8742 8445 6694 3747 4546 5627 3899 2922 3960 2870 825 2500 2107 3204 2048 1067 2508 1667 1646 731 345 2819 1815 3119 1613 1521 2470 586 1004 381 561 1636 1535 695 646 385 171 1007 812 88 2227 171 1350 857 837 493 179 393 56 337 918 1614 1471 1099 529 372 979 713 427
internal_count=23804 15062 6617 8742 8445 6694 3747 4546 5627 3899 2922 3960 2870 825 2500 2107 3204 2048 1067 2508 1667 1646 731 345 2819 1815 3119 1613 1521 2470 586 1004 381 561 1636 1535 695 646 385 171 1007 812 88 2227 171 1350 857 837 493 179 393 56 337 918 1614 1471 1099 529 372 979 713 427
is_linear=0
shrinkage=0.035


Tree=34
num_leaves=63
num_cat=0
split_feature=72 76 64 71 71 67 72 76 67 81 21 72 58 81 71 32 6 73 67 42 14 13 72 6 52 0 56 62 0 51 31 3 10 33 47 48 39 65 0 14 80 58 3 61 25 3 21 48 40 38 28 65 37 13 6 52 50 69 19 62 51 79
split_gain=27625.6 12546.6 9485.73 5928.18 5409.09 3295.9 3000.18 2799.07 2755.62 2574.18 2538.42 2442.29 2124.53 1972.53 1893.89 1996.95 1875.23 1710.92 1860.65 1678.44 1669.08 1596.07 1577.66 1577.52 1661.09 1549.72 1625.36 1534.97 1497.53 1796.88 1494.57 1436.79 1406.11 1363.29 1323.81 1321.6 1289.68 1614.98 1643.82 1279.73 1298.59 1271.62 1263.47 1407.38 1234.24 1218.49 1216.68 1215.44 1202.65 1232 1181.56 1165.94 1156.37 1148.77 1263.4 1134.21 1125.38 1391.88 1334.85 1122.65 1114.26 1389.41
threshold=75.793221840879184 -0.049675669750116495 196.50000000000003 70.059727272727272 69.553038176638182 110.08333703314752 82.694217398536964 0.30434973854394803 97.867786751518409 1.1225341073809807 14.963527851458887 82.138866105453701 1.0000000180025095e-35 0.87135114146190984 72.147196637426916 0.58229166666666676 17.017857142857146 62.800173437231223 93.690929250894172 3.3900966183574881 0.68922649572649586 24.170289855072468 89.849033725622292 25.508620689655178 6.6193354978354941 3.5000000000000004 93.695996428277851 93.378933674385465 1.5000000000000002 62.707384615384619 29.704793028322445 62.962758620689662 0.50085357142857156 0.43804166666666672 0.63467967826209193 0.72974917799697869 32.240689655172424 0.17510232288624702 7.5000000000000009 0.67501785714285722 6.2858226691214947 1.0000000180025095e-35 55.316985645933023 0.85251333279356156 60.169540229885065 58.619868637110024 11.158947368421055 0.60441338523884058 11.948684210526318 24.672043010752692 19.983870967741939 0.96642390384551813 10.603030303030303 19.883484162895929 26.113247863247867 3.1451666666666616 74.977222222222238 10.616659620783105 5.9534632034632038 122.18675002391502 73.275277777777788 1.1242592003425729
decision_type=2 2 2 2 2 2 2 2 2 2 2 2 2 2 2 2 2 2 2 2 2 2 2 2 2 2 2 2 2 2 2 2 2 2 2 2 2 2 2 2 2 2 2 2 2 2 2 2 2 2 2 2 2 2 2 2 2 2 2 2 2 2
left_child=1 4 6 7 10 12 8 17 41 14 28 32 -5 33 23 -16 -11 50 -19 27 21 47 35 24 46 -10 34 -14 -1 -30 -25 -9 -4 -7 -27 45 -13 -38 -39 -31 -41 48 43 -28 -18 -8 52 -15 -2 -50 -3 -43 -6 -32 -55 -44 58 -58 -51 -47 -29 -62
right_child=2 3 11 5 9 13 22 31 25 16 -12 36 19 20 15 -17 44 18 -20 -21 -22 -23 -24 30 -26 26 42 60 29 39 53 -33 -34 -35 -36 -37 37 38 -40 40 -42 51 55 -45 -46 59 -48 -49 49 56 -52 -53 -54 54 -56 -57 57 -59 -60 -61 61 -63
leaf_value=0.14241101888901947 0.12416212848091017 -0.047652233874418942 0.045890424619229521 -0.056847149482831087 0.083649772801524705 0.46609411595662437 -0.023786204985380172 0.019133232571311439 -0.069350343109057438 -0.37405281580917871 -0.21864645770490174 0.12100343475943548 -0.066716404784924951 0.025924946249147641 0.016081850376919015 -0.12852368439658016 -0.15411133327093121 -0.12522818003274913 -0.025072752819457037 -0.0068703773352093139 0.11443936828441159 0.25458549234316902 0.25804764885610815 0.28441410209398188 -0.18745337213749574 0.076121833684014512 0.018922135751446089 0.035575847651144368 -0.26310291381690887 -0.12403358283928571 -0.024236138773079105 0.25931648475593994 0.12381948718668685 0.16154706364312232 0.40805476724899425 -0.091737807694784942 0.51541908741805509 0.11630054727792739 0.3523334593365518 -0.046914934965107999 -0.10901141404145424 0.011593855406883988 0.07972808199249011 -0.30260914788927357 -0.014862515375884323 0.133381497303484 -0.056671974633280359 -0.14094593609787348 -0.15230627413801495 0.093192435842722368 -0.1891516482706628 -0.23159144583770208 -0.13718239285194711 0.34283631212319787 0.014368618605931601 0.011394381173730346 -0.08245085704580267 0.28204498804242994 -0.11609411292325278 -0.063882167902859791 0.10716045983467 -0.15786223704674668
leaf_weight=34 40 141 357 445 142 22 87 980 118 33 192 104 144 338 1418 127 195 244 3230 1307 460 32 69 24 111 30 52 1460 71 732 318 31 1398 97 29 49 29 77 69 1158 642 1694 1140 24 130 455 2007 63 158 49 149 24 36 23 37 403 23 28 152 38 510 25
leaf_count=34 40 141 357 445 142 22 87 980 118 33 192 104 144 338 1418 127 195 244 3230 1307 460 32 69 24 111 30 52 1460 71 732 318 31 1398 97 29 49 29 77 69 1158 642 1694 1140 24 130 455 2007 63 158 49 149 24 36 23 37 403 23 28 152 38 510 25
internal_value=1.43286e-05 -0.0235744 0.0602804 0.00268788 -0.0577809 0.0297196 0.0327568 -0.0250679 0.0209672 -0.0343569 -0.0958629 0.12334 0.0150788 0.0859727 -0.026743 0.00415518 -0.124424 -0.0389553 -0.0321253 0.0243748 0.0680497 0.0186841 0.0996432 -0.0444355 -0.0556327 0.0530227 0.0616484 0.0434655 -0.0868819 -0.089905 0.0194979 0.0266259 0.107987 0.219594 0.241392 0.0820699 0.219537 0.277563 0.228696 -0.084996 -0.0690887 -0.00559249 0.0550235 -0.0838825 -0.0985309 0.096826 -0.0488932 -0.000425835 -0.0579337 -0.0758372 -0.120566 0.00812819 0.0387083 0.0023151 0.142132 0.0618925 -0.0276718 0.118392 -0.064952 0.11812 0.051435 0.0946339
internal_weight=23804 17108 6696 9678 7430 4903 4662 4775 3964 4601 2829 2034 3891 1012 4243 1545 358 3764 3474 3446 893 433 698 2698 2296 1796 1678 2139 2637 2603 402 1011 1755 119 59 629 279 175 146 2532 1800 2168 1619 76 325 580 2185 401 450 410 290 1718 178 378 60 1543 252 51 201 493 1995 535
internal_count=23804 17108 6696 9678 7430 4903 4662 4775 3964 4601 2829 2034 3891 1012 4243 1545 358 3764 3474 3446 893 433 698 2698 2296 1796 1678 2139 2637 2603 402 1011 1755 119 59 629 279 175 146 2532 1800 2168 1619 76 325 580 2185 401 450 410 290 1718 178 378 60 1543 252 51 201 493 1995 535
is_linear=0
shrinkage=0.035


Tree=35
num_leaves=63
num_cat=0
split_feature=76 71 71 76 71 1 76 75 58 81 56 10 75 41 32 60 14 80 25 22 2 58 62 14 17 24 10 1 35 64 18 63 58 27 67 33 37 38 22 37 4 16 41 79 24 32 52 25 41 25 15 15 58 9 20 35 46 37 0 22 18 27
split_gain=25227.4 14546 8185.26 6701.15 3728.94 3659.23 3245.83 2386.36 2361.63 2271.01 2206.39 2096.16 2035.36 2792.82 1854.81 1850.49 1771.02 1739.22 1736.33 1683.99 1649.86 1513 1487.25 1472.65 1791.05 1604.43 1456.87 1434.68 1400.65 1375.52 1364.71 1815.76 1363.81 1511.75 1349.96 1340.21 1516.35 1450.52 1442.5 1339.58 1300.48 1242.85 1241.82 1238.79 1224.47 1346.22 1218.52 1208.47 1315.41 1801.37 1283.02 1235.49 1187.51 1789.38 1253.66 1257.83 1186.37 1180.86 1164.49 1173.83 1156.98 1358.98
threshold=-0.020695097078161955 70.059727272727272 72.147196637426916 0.47890599442912613 68.441245210727985 75.175191815856792 0.30434973854394803 138.69402898177444 1.0000000180025095e-35 1.1149706677570528 102.58871965422408 0.44361607142857146 162.57554155551176 6.8544973544973553 0.52629100529100548 4.5000000000000009 0.74919523809523814 -11.744385340872652 55.753787878787882 19.754310344827591 31.509259259259263 1.0000000180025095e-35 108.02877023205902 0.67667261904761922 36.963624338624349 22.38675213675214 0.50413961038961053 80.01666666666668 14.289915966386557 90.500000000000014 12.203448275862071 100.08392937760952 1.0000000180025095e-35 6.0930735930735933 97.373151746408908 0.58445299145299157 6.5917508417508426 23.557777777777783 15.983870967741938 8.7533783783783807 0.51351594202898554 22.672043010752692 5.6609195402298864 1.1578775605589275 23.4340579710145 0.51395119047619053 7.6402857142857181 59.803225806451614 7.8032258064516133 64.508620689655189 8.5370879120879142 9.8473193473193508 1.0000000180025095e-35 33.919871794871803 2.5638586956521743 14.436141304347828 0.31698564593301443 10.508064516129034 2.5000000000000004 19.408249158249163 14.891812865497078 5.6720430107526889
decision_type=2 2 2 2 2 2 2 2 2 2 2 2 2 2 2 2 2 2 2 2 2 2 2 2 2 2 2 2 2 2 2 2 2 2 2 2 2 2 2 2 2 2 2 2 2 2 2 2 2 2 2 2 2 2 2 2 2 2 2 2 2 2
left_child=2 6 4 5 16 8 7 19 -3 23 27 -4 13 14 52 -5 34 -10 -11 29 40 -13 -19 24 57 -25 -17 -7 56 -2 31 -23 -30 -34 -1 36 37 -27 -37 -16 -8 -24 -28 -31 -18 -46 -35 -38 50 -50 -49 -52 53 -12 55 -54 -9 -6 -36 -60 -15 -62
right_child=1 3 11 15 9 10 20 28 17 18 12 21 -14 60 39 26 44 22 -20 -21 -22 30 41 25 -26 35 42 -29 32 43 -32 -33 33 46 58 38 47 -39 -40 -41 -42 -43 -44 -45 45 -47 -48 48 49 -51 51 -53 54 -55 -56 -57 -58 -59 59 -61 61 -63
leaf_value=-0.15930359510772379 -0.26909613540844207 -0.061734139738813323 -0.077590958630369744 0.33293212114188303 -0.064996827839889623 0.12766293574512566 0.034387492098253994 0.33575736419166013 0.1176929810013387 -0.26295506295819948 -0.24478283773281362 -0.040973680075457999 0.13733107371386646 -0.025479798645188834 0.062677207064723295 0.052923757724240253 0.21289501133999408 0.015555722465353989 -0.089071418671743591 -0.17409423587232928 0.30287825416624548 -0.19579838999176027 0.27066567094967914 -0.21403882437555102 0.063996257597962847 -0.053421498464966972 0.23468246282772953 0.36756966754838599 -0.074477099528802965 -0.041540899612008977 0.049467299934272554 0.0084310399122982001 -0.072990455296884929 0.013434314745793669 0.15064814236316276 0.073373784359747729 -0.043589356488338629 0.12731000249732893 -0.22150871354917875 -0.058113524116816057 -0.19700555584274357 0.067906784032263245 0.12879803380806026 -0.30927709780182955 -0.16006360704591199 0.022864422678947453 -0.25807555239084295 0.074077456416806214 -0.080590118263530741 0.15517088768115411 -0.080667756769890103 0.069257157264577776 -0.048619038282071848 0.062576671099321607 0.095008924573892151 0.21305712682542199 0.053276381489103526 -0.14928562301009057 -0.086244628763240794 -0.21771843635216356 -0.064961231199779604 0.060608987362398441
leaf_weight=620 34 374 298 60 1143 373 1222 20 261 85 27 400 388 546 330 216 25 2604 405 148 27 62 45 55 114 83 186 33 394 1463 1501 363 319 1650 23 27 1899 156 79 170 30 203 514 21 77 135 20 385 312 45 177 108 25 148 1010 209 167 248 859 92 125 666
leaf_count=620 34 374 298 60 1143 373 1222 20 261 85 27 400 388 546 330 216 25 2604 405 148 27 62 45 55 114 83 186 33 394 1463 1501 363 319 1650 23 27 1899 156 79 170 30 203 514 21 77 135 20 385 312 45 177 108 25 148 1010 209 167 248 859 92 125 666
internal_value=1.47901e-05 0.0300934 -0.0431453 0.0587785 -0.0625429 0.0475968 -0.0141857 -0.0289399 0.0213085 -0.0477089 0.0702244 0.0097255 0.0615836 0.0525364 0.0795883 0.145055 -0.105625 0.0312948 -0.119479 -0.0615613 0.0346692 0.020928 0.0233676 -0.040417 -0.0691423 -0.0274094 0.132569 0.147599 -0.00778392 -0.0505337 0.0337931 -0.0215493 -0.0150293 -0.00323582 -0.118895 -0.024238 -0.020124 0.0645504 -0.146372 0.0215843 0.0287637 0.105182 0.157085 -0.0454349 -0.0162989 -0.0437802 0.0101043 -0.0270514 0.00353148 -0.0506871 0.0324426 -0.0238201 0.100009 0.0145733 0.112015 0.185041 0.0843217 -0.0800754 -0.0931 -0.0990748 0.0136909 0.0407325
internal_weight=23804 14028 9776 8513 7152 7537 5515 4236 3487 5321 4050 2624 3644 3256 1919 976 1831 3113 490 1666 1279 2326 2852 4831 1505 3326 916 406 2570 1518 1926 425 2383 1989 1594 3271 3165 239 106 500 1252 248 700 1484 237 212 1670 2926 1027 357 670 285 1419 175 1244 234 187 1391 974 951 1337 791
internal_count=23804 14028 9776 8513 7152 7537 5515 4236 3487 5321 4050 2624 3644 3256 1919 976 1831 3113 490 1666 1279 2326 2852 4831 1505 3326 916 406 2570 1518 1926 425 2383 1989 1594 3271 3165 239 106 500 1252 248 700 1484 237 212 1670 2926 1027 357 670 285 1419 175 1244 234 187 1391 974 951 1337 791
is_linear=0
shrinkage=0.035


Tree=36
num_leaves=63
num_cat=0
split_feature=72 77 71 71 81 58 71 82 64 75 42 72 64 10 82 51 32 37 62 45 51 6 52 37 12 41 71 57 81 19 11 15 30 19 42 34 76 77 3 14 72 0 0 62 48 63 43 22 35 38 43 37 40 38 71 42 16 24 8 41 72 61
split_gain=24611.9 13449.2 5850.31 4909.75 4709.36 3130.38 2949.74 2877.63 2642.73 2129.48 1925.57 1901.75 2304.1 1890.36 1825.62 1760.14 2053.18 1819.64 1752.26 1528.81 1529.57 1467.49 1728.45 1463.72 1495.18 1361.73 1352.72 1314.79 1312.47 1561.06 1311.11 1294.12 1292.99 1258.63 1400.99 1271.09 1241.58 1267.69 1230.6 1800.07 1226.37 1220.83 1219.44 1440.79 1216.58 1311.56 1345.73 1287.57 1551.58 1537.18 1656.56 1864.7 1525.16 2073.76 1269.79 1242.63 1441.94 1464.5 1230.96 1213.89 1205.62 1204.4
threshold=70.345836122989923 1.2307273495698219 70.999900000000011 69.960839160839171 1.0403337140829478 1.0000000180025095e-35 68.540072463768141 -199.49999999999997 54.500000000000007 156.63182334508571 4.6715686274509816 75.793221840879184 172.50000000000003 0.50413961038961053 -48.499999999999993 70.282623655913994 0.5295450928381964 12.510000000000002 115.77711934894252 0.83095238095238111 66.102769230769255 20.306020066889634 2.3237561443932511 6.9298029556650258 11.377155172413794 9.014285714285716 73.053638888888898 1.0000000180025095e-35 0.8994490756128416 6.3585714285714294 0.54622774327122159 5.8038461538461545 19.986111111111114 10.828431372549023 3.3708994708994711 12.392080745341618 -0.022767713834381084 0.98290391886216943 54.754310344827594 0.72131860902255651 60.544321150179478 20.500000000000004 19.500000000000004 108.88477921962851 0.75650739675464951 89.793700366153772 16.62019230769231 17.09232954545455 17.483314794215797 25.546920821114373 12.246212121212123 10.232051282051282 15.015625000000002 27.346989966555189 72.01604166666668 5.386752136752138 28.233031674208146 28.982758620689658 19.25403225806452 6.4220647773279369 80.562608754802895 0.82620264708868751
decision_type=2 2 2 2 2 2 2 2 2 2 2 2 2 2 2 2 2 2 2 2 2 2 2 2 2 2 2 2 2 2 2 2 2 2 2 2 2 2 2 2 2 2 2 2 2 2 2 2 2 2 2 2 2 2 2 2 2 2 2 2 2 2
left_child=4 3 19 10 6 18 14 13 -6 15 36 12 38 -4 -1 -9 17 26 -5 20 -3 22 23 24 -10 -15 -17 42 -8 -30 -29 -14 -19 34 35 -18 -2 -38 39 -7 -16 -31 43 59 45 -13 47 49 54 -47 51 -51 53 -52 -49 56 -50 -58 -56 -28 -57 -42
right_child=1 2 7 5 8 11 28 9 21 -11 -12 44 31 25 40 16 33 32 -20 -21 -22 -23 -24 -25 -26 -27 27 30 29 41 -32 -33 -34 -35 -36 -37 37 -39 -40 -41 61 -43 -44 -45 -46 46 -48 48 55 50 52 -53 -54 -55 58 60 57 -59 -60 -61 -62 -63
leaf_value=-0.021423732711659389 -0.053771798995405067 -0.074196129830363194 0.044745911800530232 -0.052637504686125422 -0.19312169746687616 -0.21751181439427461 0.057462057584320235 -0.002082807046291 -0.12918426685200798 0.14596687398704611 -0.099506616271834492 -0.071422078381671958 -0.19396239180384944 0.20224315620992295 -0.22985761974347349 0.070260413956951387 -0.04150379128405389 -0.24289229064079434 0.13439370793718419 0.077609855832134672 0.022566693654977089 -0.05409365838797342 -0.21601899792273993 -0.10940793371440997 0.18604229626226965 0.042122457115460712 0.19634654544044999 0.087146130825696375 0.0058591164457034916 -0.057687469225619757 -0.25114870104557135 0.05375789271607511 0.052129969834653012 -0.25984603551538982 -0.047635111143210909 0.13874423919236939 0.12654525891900065 -0.012091547482960974 -0.0097215649282730368 0.10317794511176774 -0.078382698499727219 0.0029115762035599201 0.23670848985369675 -0.14579545112746831 -0.064694074360575796 0.13547317024566644 0.28216608232015106 -0.14226160893652906 0.055971265071179971 0.1996589905689532 -0.024819475936820573 -0.070263586911319328 -0.11583948053535262 0.32572490352078487 -0.12449544992575418 -0.12709444381958157 0.10865390666141923 0.47460035421208635 0.11702452129855025 0.093398863656165648 0.10614758376758777 -0.29466740521834445
leaf_weight=667 1084 219 157 975 284 79 279 417 31 454 561 94 26 509 75 897 70 32 65 569 2266 1168 167 517 44 75 233 44 1497 1491 20 1048 41 20 193 150 87 1054 1708 29 1178 560 145 23 107 448 33 99 765 113 75 43 109 28 40 82 40 20 71 357 40 32
leaf_count=667 1084 219 157 975 284 79 279 417 31 454 561 94 26 509 75 897 70 32 65 569 2266 1168 167 517 44 75 233 44 1497 1491 20 1048 41 20 193 150 87 1054 1708 29 1178 560 145 23 107 448 33 99 765 113 75 43 109 28 40 82 40 20 71 357 40 32
internal_value=1.42702e-05 0.0253112 0.0620384 -0.00305372 -0.050052 0.0144385 -0.0334256 0.0908075 -0.0934905 0.0759543 -0.0415826 0.0257306 0.00704391 0.152768 -0.0684332 0.0638967 0.0762616 0.0927846 -0.0408857 0.0258832 0.0140245 -0.0787588 -0.11665 -0.0884541 0.0557096 0.181739 0.100056 0.132504 -0.0155621 -0.0213126 -0.0196441 0.0476702 -0.0779198 0.00784372 0.0211139 0.0814127 -0.0269572 -0.00146678 -0.0169875 -0.13129 -0.0928137 -0.0411433 0.14536 0.123571 0.0501914 0.0560608 0.0620526 0.0582987 0.0345254 0.0919607 0.0388676 0.125248 -0.0248242 0.0715535 -0.0514482 0.0536111 0.0690282 0.233608 0.0297909 0.134192 -0.050472 -0.0842249
internal_weight=23804 15814 6891 8923 7990 6137 5779 3837 2211 3096 2786 5097 2890 741 1952 2642 2225 1792 1040 3054 2485 1927 759 592 75 584 1719 822 3827 3548 64 1074 73 433 413 220 2225 1141 1816 108 1285 2051 758 613 2207 2100 2006 1973 1157 816 368 156 212 103 210 947 825 60 111 590 122 1210
internal_count=23804 15814 6891 8923 7990 6137 5779 3837 2211 3096 2786 5097 2890 741 1952 2642 2225 1792 1040 3054 2485 1927 759 592 75 584 1719 822 3827 3548 64 1074 73 433 413 220 2225 1141 1816 108 1285 2051 758 613 2207 2100 2006 1973 1157 816 368 156 212 103 210 947 825 60 111 590 122 1210
is_linear=0
shrinkage=0.035


Tree=37
num_leaves=63
num_cat=0
split_feature=72 67 72 72 67 67 51 58 71 67 81 37 26 71 60 80 71 67 72 3 31 80 34 51 79 58 6 75 13 43 81 52 65 67 14 17 46 42 75 10 71 53 17 19 46 43 28 51 23 20 82 34 42 47 67 37 7 65 75 31 52 22
split_gain=22921.6 12933.1 6848.17 6014.76 4495.19 2782.59 2637.36 2616.17 2536.4 2270.73 1937.46 1778.46 1754.52 1688.76 1678.29 1627.72 1555.64 1544.64 1544.19 1529.18 1463.01 1452.74 1434.55 1721.26 1426.77 1423.69 1405.87 1386.93 1351.1 1304.74 1309.87 1432.28 1303.58 1282.31 1245.63 1239.71 1238.07 1226.57 1221.7 1386.16 1219.28 1314.03 1211.57 1203.19 1198.22 1351.02 1197.72 1179.36 1223.05 1142.89 1140.45 2169.95 1335.72 1455.1 1270.03 1130.89 1128.12 1101.91 1384.87 1101.28 1693.98 1714.83
threshold=70.345836122989923 100.32130525291451 76.809665385437256 77.266681489968434 107.04706656121901 91.043915438817166 67.270384615384629 1.0000000180025095e-35 72.082696969696983 108.66918744206602 1.1118384185489913 7.1455026455026465 0.45856038647342995 69.25782352941178 4.5000000000000009 -14.792545470603249 74.50557189542485 104.53996049802252 66.728929843249105 63.766968325791858 37.015625000000007 -3.5980814678917521 18.603571428571431 79.918333333333351 1.0830863535168782 1.0000000180025095e-35 20.672619047619051 124.17183535319872 21.169540229885062 11.848076923076926 0.90308753128769836 6.0245054945054912 0.96642390384551813 114.09729020649051 0.75089444444444464 28.016666666666669 0.661904761904762 2.1270161290322585 162.57554155551176 0.62156250000000013 70.310406445406471 101.09702993229037 32.372685185185198 6.5469208211143703 0.33854166666666669 11.229020979020982 20.014705882352946 72.486190476190487 81.839743589743605 1.9682459677419357 107.50000000000001 15.55777777777778 4.8429276315789478 0.46123846852209227 90.531195712044664 8.2034482758620708 0.37704194078947378 0.76903423097945167 134.42814033068515 40.754310344827594 -2.0230075187969869 16.924501424501429
decision_type=2 2 2 2 2 2 2 2 2 2 2 2 2 2 2 2 2 2 2 2 2 2 2 2 2 2 2 2 2 2 2 2 2 2 2 2 2 2 2 2 2 2 2 2 2 2 2 2 2 2 2 2 2 2 2 2 2 2 2 2 2 2
left_child=4 3 7 5 6 -2 11 37 17 13 16 57 15 -4 -15 -10 27 44 35 32 -11 -7 23 36 34 -23 33 -8 -22 40 -31 -32 38 -17 46 -6 -16 -3 -5 -40 41 -19 -21 -20 55 -46 -13 -27 -49 -42 54 52 -52 -54 -29 -9 -44 58 -1 -56 61 -61
right_child=1 2 9 19 18 21 10 8 12 20 -12 24 -14 14 22 26 -18 29 43 42 28 25 -24 -25 -26 47 -28 50 -30 30 31 -33 -34 -35 -36 -37 -38 -39 39 -41 49 -43 56 -45 45 -47 -48 48 -50 -51 51 -53 53 -55 59 -57 -58 -59 -60 60 -62 -63
leaf_value=-0.093495736651603267 -0.10643559996251413 -0.1582887863124037 -0.034882355304513404 0.010190220958468969 -0.14597975508126704 0.022929391438114757 -0.22738597238659861 0.13825946693462826 0.27017954067405592 0.10835501446551592 -0.13317095478596974 -0.10969609502486363 0.016755253930863575 0.27549378111740436 0.10351032409392519 0.015362308388794061 0.081167016405212525 -0.17958910139754677 0.048101980626890618 0.3532991397624336 0.16482557250448474 -0.084047236795990243 -0.054305217451844488 0.23388722839730494 0.030664339522228523 -0.035300682440341874 0.10659455459886888 -0.25969106676350123 0.33595683633204532 0.092132831614362989 0.019059575358310363 -0.14583195581836422 -0.18792661373582609 0.29944342532972018 -0.0066327206083944632 -0.025332044422295356 0.027969882534601417 -0.015448888976418945 0.059504061646814078 0.30893028026718206 0.40176404116793379 0.067200891294020945 0.10649463932716841 -0.018336641281000238 0.049711874647679927 -0.033074966656053771 -0.19783991109663338 0.050739666382457332 -0.066306041010054717 0.12635567017950355 -0.070593013499411592 -0.1838364372246814 0.3043731125973641 -0.0059438363647460937 -0.024273342592042082 -0.016002390325789293 -0.031884485949502619 -0.20348517907093658 0.038314141340652058 -0.12546619388734662 -0.17547569810319399 0.074132270806196124
leaf_weight=201 580 86 130 1726 121 662 52 133 60 223 329 335 507 61 1214 388 116 28 728 20 144 572 81 104 59 2132 1018 30 95 293 1113 68 36 20 71 742 341 497 375 29 20 366 344 616 312 1062 441 431 146 203 732 192 23 87 2508 103 91 50 189 103 158 107
leaf_count=201 580 86 130 1726 121 662 52 133 60 223 329 335 507 61 1214 388 116 28 728 20 144 572 81 104 59 2132 1018 30 95 293 1113 68 36 20 71 742 341 497 375 29 20 366 344 616 312 1062 441 431 146 203 732 192 23 87 2508 103 91 50 189 103 158 107
internal_value=1.37917e-05 0.0244266 0.0531571 -0.0104415 -0.0483028 -0.0348876 -0.0645195 0.0339452 0.0411759 0.103532 -0.0514894 -0.107435 0.0730055 0.0868105 0.0956038 0.0921828 -0.0449314 0.024027 -0.00580355 0.0317417 0.173244 -0.0243501 0.089218 0.0962418 -0.135469 -0.0338927 0.0845989 -0.0486062 0.233422 0.0438641 0.0259575 0.00950474 0.019476 0.0296459 -0.147057 -0.0423267 0.0869614 -0.0366432 0.0230263 0.0777768 0.0865812 0.0494483 0.0900387 0.0176528 -0.00174002 -0.0142624 -0.159888 -0.0232878 0.0210854 0.151915 -0.0462172 -0.0777851 -0.0535035 0.0599926 -0.0349722 0.071027 0.077535 -0.0496138 -0.0296424 -0.0325822 -0.0890894 -0.0238149
internal_weight=23804 15814 8670 7144 7990 4523 5783 6277 5694 2393 4437 1346 1993 1931 1801 1486 4108 3701 2207 2621 462 3943 1740 1659 906 3281 1426 3992 239 2091 1474 1181 2166 408 847 863 1555 583 2130 404 617 394 455 1344 1610 1374 776 2709 577 223 3940 1034 842 110 2906 236 435 440 390 2876 368 210
internal_count=23804 15814 8670 7144 7990 4523 5783 6277 5694 2393 4437 1346 1993 1931 1801 1486 4108 3701 2207 2621 462 3943 1740 1659 906 3281 1426 3992 239 2091 1474 1181 2166 408 847 863 1555 583 2130 404 617 394 455 1344 1610 1374 776 2709 577 223 3940 1034 842 110 2906 236 435 440 390 2876 368 210
is_linear=0
shrinkage=0.035


Tree=38
num_leaves=63
num_cat=0
split_feature=72 67 67 72 72 67 67 72 72 58 76 36 6 72 20 71 30 58 49 54 7 81 82 77 7 22 71 31 16 29 16 72 58 41 37 25 8 51 34 8 56 13 17 5 25 13 40 26 15 14 16 28 39 62 36 47 25 51 51 18 46 80
split_gain=21544.1 9619.64 8066.45 3925.33 3825.7 3534.4 3368.74 2963.45 2434.09 2164.01 1896.16 1737.72 1708.68 1696.13 1613.63 1588.02 1648.63 1560.93 1558.95 1554.75 1476.5 1385.73 1328.35 1264.14 1431.18 1285.74 1682.63 1370.29 1257.35 1350.35 1560.34 1244.89 1225.37 1206.69 1437.49 1290.75 1279.76 1186.51 1259.99 1292.6 1487.37 1248.53 1180.7 1175.06 1625.16 1846.53 1639.09 1558.88 1610.21 1233.43 1155.07 1498.82 1151.42 1570.8 1144.19 1471.1 1958.42 1220.81 1274.4 1135.03 1318.55 1345.03
threshold=74.149965761366914 103.26089546576951 105.48343732476651 68.919569607049667 67.850574265081647 91.043915438817166 97.621244520612763 82.694217398536964 81.25390074784174 1.0000000180025095e-35 0.27217337195029256 0.65825657894736855 27.603571428571431 76.263383040742539 2.2742946708463956 71.55685606060608 17.836021505376348 1.0000000180025095e-35 0.058337162261769153 103.53935475482076 0.31829285714285716 0.93506087201547949 226.50000000000003 4.6303860977573645 0.36101428571428579 15.754310344827589 72.279500000000013 30.559027777777782 25.890873015873019 0.30355277777777784 26.267948717948723 60.544321150179478 1.0000000180025095e-35 7.2742946708463956 10.836666666666668 57.508064516129039 15.187830687830688 72.486190476190487 20.041666666666668 18.565942028985507 97.121133194230467 26.027777777777782 29.204166666666669 8.1017241379310363 60.945906432748544 16.188988095238098 11.753787878787881 0.45888194444444447 7.7543103448275872 0.68051000000000006 23.38675213675214 17.848076923076928 36.253571428571441 96.354013555154822 0.70275595238095245 0.63681913558177783 61.303689064558633 67.320666666666668 67.746904761904773 11.811011904761907 0.93218390804597717 -11.542512507513292
decision_type=2 2 2 2 2 2 2 2 2 2 2 2 2 2 2 2 2 2 2 2 2 2 2 2 2 2 2 2 2 2 2 2 2 2 2 2 2 2 2 2 2 2 2 2 2 2 2 2 2 2 2 2 2 2 2 2 2 2 2 2 2 2
left_child=2 5 4 31 12 11 21 10 9 -3 17 -2 15 -13 -14 22 19 28 43 -17 -10 -6 -1 24 25 27 -27 -5 -7 -30 -31 -4 -23 35 -35 -20 -37 41 39 -39 -41 54 -38 -8 46 -46 -45 48 -47 -48 51 -28 53 -53 57 56 -56 -19 -59 -11 61 -61
right_child=1 8 3 23 6 7 18 -9 20 59 -12 13 14 -15 -16 16 -18 37 33 -21 -22 32 -24 -25 -26 26 50 -29 29 30 -32 -33 -34 34 -36 36 42 38 -40 40 -42 -43 -44 44 45 47 49 -49 -50 -51 -52 52 -54 -55 55 -57 -58 58 -60 60 -62 -63
leaf_value=-0.092637117773508332 -0.18971509883360405 -0.03312725309855221 -0.1548554669204405 0.32770384485741794 0.096708303585525401 -0.071754803339000209 -0.0419858074715257 0.098885885882904839 0.36451517583172899 0.0064458966739186947 0.068913826350844976 -0.13011106629551755 0.2447058141215207 0.0039712896039532392 -0.045008951547898753 0.021888770715485919 -0.067924251797645996 -0.13199140352962085 0.00058194958572386699 0.33984604855946138 0.14786979030702069 -0.12594434858804071 -0.20855763667982977 0.113889446905133 -0.021532931222377316 0.0016831039545308812 0.4225338512629998 0.079757115322407729 0.23251891147556591 0.17105710844070685 -0.059517453147973923 -0.02083015533428122 -0.05959003179611249 0.0060966678255753555 -0.13933878834691904 -0.096930747942752152 0.29469864687462644 0.008880598987509954 -0.18691298290464012 0.212581191696188 0.062753200554564639 0.14424957043892586 0.086727146058743307 0.064945687343795147 -0.044021285070549879 0.05137419972554693 -0.11522928755852502 0.013280355255925254 0.39281293734637174 -0.012844764485443368 0.037233940873973283 -0.057327515625605625 0.31540690757517226 0.15434505884213884 0.010466358198206136 0.06843384345816747 -0.16095728069152987 0.17177980386654246 -0.024833116935692311 0.15211344484717215 -0.17839001008660299 0.084301269160701547
leaf_weight=1971 106 194 88 29 60 484 2334 598 43 193 719 163 36 394 66 82 264 125 441 24 365 430 129 234 543 1053 20 383 33 46 158 2103 1655 347 109 41 37 463 27 96 518 74 322 220 73 26 210 44 49 458 384 68 28 115 757 484 91 42 811 444 21 1879
leaf_count=1971 106 194 88 29 60 484 2334 598 43 193 719 163 36 394 66 82 264 125 441 24 365 430 129 234 543 1053 20 383 33 46 158 2103 1655 347 109 41 37 463 27 96 518 74 322 220 73 26 210 44 49 458 384 68 28 115 757 484 91 42 811 444 21 1879
internal_value=1.41806e-05 0.0414929 -0.026714 0.00899043 -0.0458309 0.0161767 -0.0321703 0.0253398 0.0913958 0.0794535 0.0164053 -0.0601524 -0.0822303 -0.0353417 0.0579041 -0.0880292 -0.0211253 0.00742763 -0.0156113 0.0951695 0.171129 -0.0685246 -0.0998076 0.0360161 0.0290473 0.0422553 0.0285592 0.0975942 -0.0394341 0.0265685 -0.00721692 -0.0262489 -0.0733032 0.0170478 -0.0287744 0.0418996 0.087386 0.0171196 0.0471083 0.0530624 0.0863387 0.00322378 0.108551 -0.0280205 0.00216243 0.0943614 -0.0178104 0.17911 0.275618 -0.0450989 0.0745319 0.136304 0.108222 0.0757298 -0.00132265 0.01978 -0.00800922 -0.0300627 -0.0150532 0.0880686 0.0947849 0.0972938
internal_weight=23804 9328 14476 5048 9428 6189 6856 5526 3139 2731 4928 663 2572 557 102 2470 370 4209 4711 106 408 2145 2100 2857 2623 2080 1668 412 721 237 204 2191 2085 1297 456 841 400 3488 1104 1077 614 2384 359 3414 1080 192 888 119 75 668 615 231 211 183 2310 1332 848 978 853 2537 2344 2323
internal_count=23804 9328 14476 5048 9428 6189 6856 5526 3139 2731 4928 663 2572 557 102 2470 370 4209 4711 106 408 2145 2100 2857 2623 2080 1668 412 721 237 204 2191 2085 1297 456 841 400 3488 1104 1077 614 2384 359 3414 1080 192 888 119 75 668 615 231 211 183 2310 1332 848 978 853 2537 2344 2323
is_linear=0
shrinkage=0.035


Tree=39
num_leaves=63
num_cat=0
split_feature=76 71 71 76 58 51 71 76 41 2 46 22 24 33 14 28 37 51 51 18 60 37 10 2 35 58 75 19 37 51 41 37 14 41 49 20 26 15 79 7 35 35 79 76 9 9 36 2 4 10 63 39 62 46 29 19 49 39 14 63 37 32
split_gain=19559.8 11810.9 6308.37 5513.92 3072.98 2932.58 2743.48 2737.39 2109.73 2045.61 2064.93 1966.25 1915.96 1874.38 1931.4 1852.98 1670.3 1778.65 1695.2 1668.81 1623.4 1599.97 1557.63 1485.32 1455.28 1449.39 1443.97 1491.92 1440.95 1393.53 1388.39 1383.32 1563.43 1433.45 1374.21 1473.94 1364.69 1318.32 1447.55 1317.7 1305.09 1578.79 1309.99 1303.07 1287.46 1273.08 1259.61 1263.61 1222.89 1222.43 1217.04 1216.74 1360.98 1181.8 1180.67 1303.74 1167.94 1608.28 1158.82 2125.01 1156.13 1254.23
threshold=-0.044840925176342493 70.059727272727272 72.147196637426916 0.47890599442912613 1.0000000180025095e-35 74.753500000000017 68.441245210727985 0.30434973854394803 6.4463601532567063 27.313392857142862 0.51668520578420474 22.757352941176475 22.017857142857146 0.59304761904761916 0.6606396103896105 29.518620689655176 6.8164983164983175 70.180434782608714 65.681904761904789 13.096006144393245 4.5000000000000009 8.7795138888888911 0.44361607142857146 31.509259259259263 24.807071960297769 1.0000000180025095e-35 158.04265302238881 4.4913793103448283 11.803225806451616 67.515100000000004 7.3858560794044674 7.8017857142857148 0.74116228070175449 5.3015151515151517 -0.026600417689661246 3.0425724637681166 0.49264102564102569 8.8596059113300516 1.035239261311558 0.35762731481481486 17.483314794215797 23.710084033613452 1.0675586734895515 -0.34385581031626139 34.169047619047625 33.456439393939398 0.69843961352657014 26.836021505376348 0.51351594202898554 0.50160555555555575 103.26858854684751 33.953463203463208 104.07967080540601 0.56949806949806958 0.35051470588235295 7.3771551724137945 -0.011932773347505499 27.927248677248681 0.71881534090909105 94.988532664356967 12.16954022988506 0.59085416666666679
decision_type=2 2 2 2 2 2 2 2 2 2 2 2 2 2 2 2 2 2 2 2 2 2 2 2 2 2 2 2 2 2 2 2 2 2 2 2 2 2 2 2 2 2 2 2 2 2 2 2 2 2 2 2 2 2 2 2 2 2 2 2 2 2
left_child=2 7 6 4 26 8 31 12 9 10 -6 22 56 14 43 16 17 36 -18 -7 -5 40 28 48 -13 37 27 -3 -4 -24 45 32 -1 -33 -10 -36 -16 38 -14 -17 42 -42 -11 -8 -44 -29 58 54 -9 -22 -19 52 -37 -51 -48 -56 -2 -58 -27 -60 61 -31
right_child=1 3 11 20 5 19 13 23 34 21 -12 24 25 -15 15 39 18 50 -20 -21 49 -23 29 -25 -26 46 -28 30 -30 60 -32 33 -34 -35 35 51 -38 -39 -40 -41 41 -43 44 -45 -46 -47 47 -49 -50 53 -52 -53 -54 -55 55 -57 57 -59 59 -61 -62 -63
leaf_value=-0.081548191110008675 -0.16802675498934355 0.21648872588764539 -0.092428159226236817 0.30369626595978894 0.057828087316793848 0.041015400962793207 -0.1750832640692985 0.030921525763933207 -0.015870125837119591 0.015921875413435781 -0.034665497233492215 -0.07340138725275025 -0.18028277706576626 -0.19193045651704355 0.005457471672083939 0.18485138906028964 -0.20981981292792731 0.26647305502096813 -0.039724104132248972 0.11760774985405438 0.040154797391883615 0.044239062504293616 -0.25489757399122387 0.28554961966709663 -0.39363137074403987 -0.057153547085395176 0.065935732602175307 -0.15193557027035148 0.20104961995018858 0.044317685975901154 -0.110869582410296 -0.039725677431669673 0.068165585647754628 -0.14417575616405257 -0.010056672794900452 0.035033863733583012 -0.26031796241446209 -0.017330801929292025 -0.026630216780496416 -0.13130382436423044 0.195025096411755 -0.097192924141883866 0.40898181134600975 -0.068017757855983477 0.11208825578210255 0.0075934722404469822 -0.031984102387527927 0.053117086143880492 -0.1934582862580409 0.15498138388915683 0.052617018056511887 0.0098329407129072611 0.12488893332325547 0.020409064339383227 0.066402342443556028 -0.064263361127321506 0.13607774482811652 -0.10343554563633389 -0.12562864274332725 0.035439647896567006 -0.067919249469684209 -0.065663238114701081
leaf_weight=542 178 27 232 60 1057 537 170 1222 1061 182 410 93 191 105 221 77 73 52 3138 997 203 459 21 27 21 1039 208 70 22 1672 267 201 101 819 632 408 26 299 124 20 331 24 21 771 112 468 991 528 30 621 87 465 419 92 376 124 46 131 125 500 141 137
leaf_count=542 178 27 232 60 1057 537 170 1222 1061 182 410 93 191 105 221 77 73 52 3138 997 203 459 21 27 21 1039 208 70 22 1672 267 201 101 819 632 408 26 299 124 20 331 24 21 771 112 468 991 528 30 621 87 465 419 92 376 124 46 131 125 500 141 137
internal_value=1.56501e-05 0.0241863 -0.0416276 0.0491642 0.0397493 0.0479632 -0.0595964 -0.0142686 0.0361759 0.0592489 0.0319724 0.0075624 -0.0267364 -0.0460163 -0.0426897 -0.0312773 -0.0353546 0.0333965 -0.0436243 0.0908198 0.127767 0.0946585 0.0148395 0.0310697 -0.133883 -0.0202724 -0.0164378 -0.0370626 -0.06665 0.025357 -0.0457002 -0.0982755 -0.0579916 -0.123626 0.016102 0.0337345 -0.0229741 -0.0700361 -0.119946 0.11929 0.129136 0.175151 0.0770706 -0.0874465 0.160349 -0.0132784 -0.0119669 0.00661368 0.0254671 0.11608 0.133314 0.0551539 0.0806112 0.137649 -0.00986426 0.0339584 -0.10483 -0.0409615 -0.0345088 0.00314572 0.0284415 0.0359708
internal_weight=23804 15062 8742 9131 8155 7115 6403 5931 5581 2596 1467 2339 4652 4740 4635 3694 3597 386 3211 1534 976 1129 2225 1279 114 4297 1040 832 254 1971 805 1663 643 1020 2985 1924 247 614 315 97 670 355 315 941 133 538 3683 2019 1252 916 139 1292 827 713 1491 500 355 177 1664 625 1950 1809
internal_count=23804 15062 8742 9131 8155 7115 6403 5931 5581 2596 1467 2339 4652 4740 4635 3694 3597 386 3211 1534 976 1129 2225 1279 114 4297 1040 832 254 1971 805 1663 643 1020 2985 1924 247 614 315 97 670 355 315 941 133 538 3683 2019 1252 916 139 1292 827 713 1491 500 355 177 1664 625 1950 1809
is_linear=0
shrinkage=0.035


Tree=40
num_leaves=63
num_cat=0
split_feature=76 71 71 76 71 76 3 0 51 10 71 36 35 36 0 71 58 22 76 14 4 19 73 10 41 4 15 25 21 63 69 42 6 22 20 32 37 56 0 14 51 62 75 64 15 7 33 24 79 6 69 19 5 68 20 56 52 21 31 22 76 33
split_gain=18217.1 11047.7 5873.91 4792.67 3369.77 2689.67 2606.13 2396 2090.43 1961.32 1894.36 2534.59 1884.6 2037.05 1872.81 2043.08 1783.26 1634.85 1617.29 1861.27 1604.24 1746.23 1567.44 1533.62 1690.85 1488.15 1419.21 1360.72 1360.04 1354.98 1346.52 1345.85 1609.25 1323.93 1515.38 1437.56 1287.63 1269.4 1276.55 1236.8 1235.27 1519.2 1212.06 1314.49 1247.42 1210.08 1210.02 1403.02 1511.56 1204.36 1191.61 1182.08 1228.19 1364.89 1693.69 1908.32 1434.79 1203.2 1179.61 1148.89 1557.91 1244.48
threshold=-0.044840925176342493 70.999900000000011 72.147196637426916 0.34175243014092566 67.849721428571428 0.30866662972826803 53.654509283819635 19.500000000000004 66.281052631578959 0.53416954022988516 72.390888888888909 0.72213809523809536 14.015625000000002 0.68220416666666683 5.5000000000000009 76.579935897435902 1.0000000180025095e-35 17.298148148148154 -0.35340445789275893 0.64922875816993475 0.39852332657200823 4.4037037037037043 79.308361016557242 0.50413961038961053 6.4309523809523821 0.44643167701863357 8.0540935672514635 68.535714285714292 14.673333333333334 109.95673420972601 8.2156003475196488 3.2290209790209796 26.673333333333336 23.050000000000004 1.7841614906832299 0.52902777777777787 6.8410526315789477 86.999382501090665 3.5000000000000004 0.71881534090909105 72.174415584415598 87.97183584670141 135.46443948796295 336.50000000000006 7.7018518518518526 0.28630384615384624 0.45814561403508774 24.836021505376348 1.1578775605589275 23.169047619047621 -10.982189076566 8.6720430107526898 6.5779352226720649 -3.9743588866908577 2.5735930735930741 99.52913031888356 0.75999999999999812 15.574175824175827 38.859605911330057 15.859126984126986 -0.076379712638781974 0.58445299145299157
decision_type=2 2 2 2 2 2 2 2 2 2 2 2 2 2 2 2 2 2 2 2 2 2 2 2 2 2 2 2 2 2 2 2 2 2 2 2 2 2 2 2 2 2 2 2 2 2 2 2 2 2 2 2 2 2 2 2 2 2 2 2 2 2
left_child=2 4 6 7 37 12 40 9 -8 51 11 -9 25 28 33 20 26 -7 19 -10 -16 -22 29 -5 -25 -6 -15 46 31 -11 45 39 -33 34 35 -4 -20 -2 -39 50 41 -1 44 -44 -18 -19 -26 -48 -49 -30 -14 52 -3 54 55 56 -54 -55 -17 60 -38 -61
right_child=1 3 14 23 5 17 8 10 18 22 -12 -13 13 16 15 58 42 30 36 -21 21 -23 -24 24 27 -27 -28 -29 49 -31 -32 32 -34 -35 -36 -37 59 38 -40 -41 -42 -43 43 -45 -46 -47 47 48 -50 -51 -52 -53 53 57 -56 -57 -58 -59 -60 61 -62 -63
leaf_value=-0.34810596477845213 -0.20109085021901318 -0.025285710597893828 0.28765552310623338 0.049061301784333315 0.0081469267647051383 0.081089952488606024 -0.10502980425810467 -0.0016323594573132885 -0.21472922198026761 0.035932445359692478 0.11934234888270635 0.1305079061639309 0.074278562445923624 -0.15259314166038082 -0.077652142080777822 0.060043875663946665 -0.13434929987812333 0.22702230469120876 0.019853876487699949 -0.064238787124708902 0.26757357887862476 0.02248790878174909 0.14324112258726529 0.17824208184238802 0.1728890858828285 0.15378675277991816 -0.018181243974078481 0.27562496874793885 -0.19282673958973567 0.26880276589923435 0.14353023382957034 -0.050557259263516403 -0.24842021106470619 -0.19360818875445068 -0.051903061154194755 -0.070323429980176558 -0.027269242057721833 0.086293480323370336 -0.048892815253981217 0.069924559484123891 -0.04739316996185243 -0.12943899515763793 0.02237214551572737 0.28543594581713072 0.004847674836393966 -0.036790311901432664 -0.080492177029666698 0.043023636474739002 0.20733713806721007 0.087811096387439322 -0.064389208742404322 -0.046333999436282865 0.12410979524478798 -0.0070083369836832516 0.03515482299096763 0.29014369146132246 -0.19080870176193329 0.18243670310987825 0.32259018922150134 -0.047839818243132257 0.092324732612305838 -0.22677086006112626
leaf_weight=42 63 576 33 377 188 848 720 551 121 1109 708 262 99 136 197 42 123 22 499 594 36 1481 226 509 131 158 327 46 116 31 69 673 54 68 417 23 725 90 1580 226 215 499 2438 23 218 399 80 307 88 22 320 424 101 734 467 79 21 43 42 2777 163 48
leaf_count=42 63 576 33 377 188 848 720 551 121 1109 708 262 99 136 197 42 123 22 499 594 36 1481 226 509 131 158 327 46 116 31 69 673 54 68 417 23 725 90 1580 226 215 499 2438 23 218 399 80 307 88 22 320 424 101 734 467 79 21 43 42 2777 163 48
internal_value=1.48891e-05 0.0233412 -0.0401737 0.056072 -0.00410899 0.00751891 -0.0575127 0.0403637 -0.0493332 0.0255343 0.0774973 0.0410013 -0.00402656 -0.00974556 0.0072922 0.0244731 0.00580079 0.0516951 -0.0411835 -0.0898435 0.0161831 0.0283926 0.0591185 0.110497 0.130414 0.074789 -0.0577925 0.0929624 -0.0433538 0.042383 0.000786185 -0.0327849 -0.0654195 -0.0497716 -0.0289032 0.141245 -0.0329128 -0.0474386 -0.0415816 0.00401532 -0.118532 -0.146727 0.0163186 0.0248896 -0.0454741 -0.0227431 0.0788753 0.0527855 0.0798549 -0.147907 -0.0315674 0.00676137 0.0179111 0.0351352 0.0718019 0.156631 0.0693164 0.00358183 0.192491 -0.0400069 -0.0052732 -0.0509209
internal_weight=23804 15062 8742 6870 8192 6459 6403 5332 5647 3811 1521 813 5121 4775 2339 1798 3265 1338 4927 715 1714 1517 1366 1538 1161 346 463 652 1510 1140 490 1372 727 541 473 56 4212 1733 1670 645 756 541 2802 2461 341 421 606 475 395 138 419 2445 2021 1445 668 201 122 777 84 3713 888 2825
internal_count=23804 15062 8742 6870 8192 6459 6403 5332 5647 3811 1521 813 5121 4775 2339 1798 3265 1338 4927 715 1714 1517 1366 1538 1161 346 463 652 1510 1140 490 1372 727 541 473 56 4212 1733 1670 645 756 541 2802 2461 341 421 606 475 395 138 419 2445 2021 1445 668 201 122 777 84 3713 888 2825
is_linear=0
shrinkage=0.035


Tree=41
num_leaves=63
num_cat=0
split_feature=72 67 72 72 67 67 51 76 67 82 81 8 0 24 46 19 38 71 72 14 61 28 6 75 27 54 18 37 18 50 21 18 51 49 49 51 10 51 2 54 23 41 4 9 56 37 16 11 2 62 41 72 36 58 66 45 54 22 81 28 9 44
split_gain=17886.8 10375 6449.33 3993.08 3687.53 2812.54 2394.65 2303.63 1777.57 1761.19 1735.42 1687.69 1675.75 1580.95 1550.95 1691.32 1521.28 1470.06 1317.41 1305.07 1362.54 1408.05 1291.79 1267.32 1286.83 1464.73 2003.22 1248.88 1234.58 1769.41 1215.26 1213.47 1541.2 1258.64 2215.67 2105.65 1211.9 1192.16 1278.83 1730 1313.47 1259.9 1181.12 1176.5 1225.41 1175.16 1172.78 1519.22 2122.55 1169.35 1454.47 1167.66 1299.18 1281.6 1165.41 1151.74 1137.56 1135.8 1124.32 1179.01 1107.86 1591.71
threshold=70.345836122989923 98.096347570181408 76.809665385437256 78.367159635930051 108.10206441387051 107.12289923587251 67.270384615384629 0.31366658740715009 91.043915438817166 -48.499999999999993 1.1118384185489913 20.584770114942529 16.500000000000004 20.021739130434785 0.45993589743589747 5.8032258064516133 24.725705329153609 74.50557189542485 59.032219886632298 0.80417156862745109 0.30305674701431401 24.015151515151519 29.763305322128858 124.17183535319872 11.315340909090912 110.81638097365988 15.717142857142859 7.1455026455026465 15.377155172413794 67.436181818181822 11.33809523809524 11.587221095334689 74.825300000000013 -0.029500909666419498 -0.055597641581842695 75.665333333333351 0.47302173913043483 66.102769230769255 28.25357142857143 89.788625232844524 65.819805194805198 6.9459064327485391 0.48907878787878795 37.301515151515154 113.68773517937372 13.508620689655173 23.826836581709149 0.52717752100840343 27.876893939393941 104.27884976656051 6.048809523809525 86.287762819023087 0.65825657894736855 1.0000000180025095e-35 92.975177974012965 0.69631093544137035 105.27186052855421 15.337719298245617 1.1381233258848946 17.984375000000004 38.729020979020987 19.377155172413797
decision_type=2 2 2 2 2 2 2 2 2 2 2 2 2 2 2 2 2 2 2 2 2 2 2 2 2 2 2 2 2 2 2 2 2 2 2 2 2 2 2 2 2 2 2 2 2 2 2 2 2 2 2 2 2 2 2 2 2 2 2 2 2 2
left_child=4 3 5 8 6 14 9 12 36 -1 17 43 19 -7 37 46 30 23 -6 20 -4 49 -18 -8 25 60 -27 -11 29 -14 -17 -15 -33 34 35 -34 -2 57 -39 40 -40 -41 -31 -9 -45 54 -16 48 -48 -22 55 52 -5 -54 -10 -51 -30 -3 59 -55 -25 -62
right_child=1 2 7 51 18 13 10 11 45 27 -12 -13 28 31 15 16 22 -19 -20 -21 21 -23 -24 24 -26 26 -28 -29 56 42 -32 32 33 -35 -36 -37 -38 38 39 41 -42 -43 -44 44 -46 -47 47 -49 -50 50 -52 -53 53 58 -56 -57 -58 -59 -60 -61 61 -63
leaf_value=-0.017383244671463401 0.057980419871283745 0.12476349486726918 0.27644615955285307 -0.055431708002807036 -0.24775852305982632 0.29931303435839141 -0.20026863198782788 0.10729779981306768 -0.20442792152399306 -0.061250872473141198 -0.120796588273502 0.15695080678358492 -0.04866885437618057 -0.019267867126686131 -0.024242124886431151 0.02173738847749216 0.003449679749061295 0.077652808147464877 0.0056462888607476521 -0.18438416595165044 -0.14301822773529135 0.072525951197654981 0.20235179174637583 -0.018359894074480881 0.12416433478675339 -0.088119410451863944 0.20498800024188174 -0.13929660487094772 -0.024867772625807888 0.1498096877828663 -0.060908717952703313 0.049688336515217903 0.41159718865268635 0.07539035872372242 0.52222397177559987 0.043347793366352146 -0.10527698885944721 0.030483518670776071 0.072733000115536281 0.277349127072399 -0.21515869948693686 0.070771975150346764 -0.10997575486765969 0.044551939239330027 -0.19396780970361502 -0.21441704170792192 0.12702042642456801 0.003768702591739797 -0.23953942393093577 0.037877812550699011 0.0574706337254366 0.13272541066214688 -0.033314134161799645 -0.069135031150428558 -0.021901377979361161 -0.20023618003085625 0.1138270628767801 -0.13844936942732977 -0.17990435825075424 0.072946390899410393 -0.039424120784959132 -0.15937096155153049
leaf_weight=288 61 26 26 235 25 32 60 510 43 372 330 679 69 250 288 273 1108 131 1740 36 80 347 41 2461 58 930 29 782 179 520 1075 1661 26 166 24 68 605 1402 93 88 24 62 22 162 31 40 357 322 20 42 217 121 264 78 2937 60 121 83 24 816 610 174
leaf_count=288 61 26 26 235 25 32 60 510 43 372 330 679 69 250 288 273 1108 131 1740 36 80 347 41 2461 58 930 29 782 179 520 1075 1661 26 166 24 68 605 1402 93 88 24 62 22 162 31 40 357 322 20 42 217 121 264 78 2937 60 121 83 24 816 610 174
internal_value=1.54684e-05 0.0215811 0.0414916 -0.0187805 -0.042666 0.0239122 -0.055326 0.0839346 -0.0385456 -0.0948614 -0.0433973 0.117582 0.0568553 0.0568781 0.00995551 -0.00361868 -0.018951 -0.0376478 0.00198585 0.0201373 0.0297922 0.0210116 0.0106351 -0.0411519 -0.0388878 -0.0411527 -0.07915 -0.114178 0.0893892 0.117926 -0.0441666 0.0532747 0.0626033 0.137906 0.225132 0.14688 -0.0902865 0.0365497 0.0438802 0.114024 0.0129842 0.192506 0.139167 0.0794673 0.00582018 -0.0271209 0.0351568 0.059635 0.107273 -0.023815 0.00624532 0.0285836 0.0196446 0.034591 -0.0245702 -0.102449 0.0311571 -0.0753497 0.0541306 0.0605144 -0.0299117 -0.066134
internal_weight=23804 15814 10590 5224 7990 7489 6225 3101 3686 1442 4783 1382 1719 2227 5262 3484 2497 4453 1765 808 772 746 1149 4322 4262 4204 959 1154 911 611 1348 2195 1945 284 118 94 666 1778 1669 267 117 150 542 703 193 3020 987 699 377 399 319 1538 1417 1182 2980 102 300 109 918 894 3245 784
internal_count=23804 15814 10590 5224 7990 7489 6225 3101 3686 1442 4783 1382 1719 2227 5262 3484 2497 4453 1765 808 772 746 1149 4322 4262 4204 959 1154 911 611 1348 2195 1945 284 118 94 666 1778 1669 267 117 150 542 703 193 3020 987 699 377 399 319 1538 1417 1182 2980 102 300 109 918 894 3245 784
is_linear=0
shrinkage=0.035


Tree=42
num_leaves=63
num_cat=0
split_feature=72 67 72 67 67 75 1 67 72 46 81 76 58 71 67 67 31 51 30 53 30 51 71 41 55 11 55 30 34 35 26 41 32 7 79 36 39 22 61 18 32 0 6 40 0 56 28 7 23 0 53 1 30 42 41 68 66 30 25 16 10 1
split_gain=16805.7 8041.98 6916.02 5911.15 2098.98 2122.43 2069.01 2051.85 1865.06 1725.83 1725.44 1600.71 1442.43 1416.44 1382.13 1366.69 1359.27 1348.91 1404.58 1328.24 1371.17 1319.17 1293.16 1798.06 1301.78 1307.54 1271.52 1602.67 1478.47 1271.18 1265.37 1264.99 1259.62 1251.91 1476.36 1610.73 1341.9 1313.83 1559.96 1451.71 1250.58 1263.86 1404.89 1505.23 1304.29 1533.83 1249.11 1242.84 1222.7 1218.66 1218.15 1212.29 1198.32 1548.25 1485.21 1228.46 1186.89 1195.02 1250.48 1182.09 1156.97 1285.62
threshold=75.793221840879184 100.32130525291451 69.814950618217111 102.36306259649852 91.043915438817166 138.58439484721114 63.020833333333336 109.178374948403 82.694217398536964 0.58477011494252884 0.93998183866387308 -0.43421299209216196 1.0000000180025095e-35 71.500121212121229 88.880383672277318 114.45556558251802 37.127717391304351 72.860476190476206 18.862852664576803 107.34502076855274 15.280625000000002 74.4018181818182 71.680375816993475 6.8360215053763449 89.607523761076052 0.4835080645161291 101.66239116217672 17.557777777777783 10.49193548387097 27.522727272727277 0.3653541666666667 9.1026315789473689 0.57054006410256419 0.35923904761904762 1.0104842976605957 0.75701851851851865 27.803225806451618 19.94868421052632 0.4798188693516981 15.155048076923078 0.56202631578947382 12.500000000000002 21.075498575498578 14.254032258064518 27.500000000000004 93.573547426054986 19.672619047619051 0.38343303571428572 90.660256410256437 29.500000000000004 106.12212373739891 76.113247863247878 22.804761904761907 5.386752136752138 8.468627450980394 13.682397506244955 100.40076033864202 18.557777777777783 57.557777777777787 23.131884057971018 0.58782105263157913 79.87228260869567
decision_type=2 2 2 2 2 2 2 2 2 2 2 2 2 2 2 2 2 2 2 2 2 2 2 2 2 2 2 2 2 2 2 2 2 2 2 2 2 2 2 2 2 2 2 2 2 2 2 2 2 2 2 2 2 2 2 2 2 2 2 2 2 2
left_child=1 4 6 8 -1 11 15 12 14 22 -8 -6 31 19 -2 -3 -15 26 -19 -13 -21 32 -5 24 -24 -26 27 28 -12 33 -9 -4 40 36 37 -36 -16 38 -35 46 41 42 43 -14 45 -43 -40 59 -11 -7 -49 -50 53 -38 -54 -56 -51 -58 -59 -47 61 -32
right_child=3 2 7 9 5 49 10 30 -10 48 17 13 21 16 29 -17 -18 18 -20 20 -22 -23 23 -25 25 -27 -28 -29 -30 -31 60 -33 -34 34 35 -37 52 -39 39 -41 -42 44 -44 -45 -46 47 -48 50 51 56 -52 -53 54 -55 55 -57 57 58 -60 -61 -62 -63
leaf_value=-0.11271170481921591 -0.087706710201990876 -0.088986451292218272 -0.024949012978514193 0.065408470069125896 -0.19304243964489384 -0.026809262494109486 0.020309209980544841 0.24566071724992122 0.07717463337900779 0.020723450449816442 -0.11231070911693052 -0.097164645926616292 -0.04733025278865715 0.20297038291069283 -0.23207896211147311 0.16201618316823788 -0.053628488737905086 0.094918146950962748 -0.027971688526648067 -0.22748127186033462 0.072281384811075031 0.064300730248066582 0.26714609793033678 0.078461545959480267 -0.086225988256729266 0.15347387926003991 -0.067768317876475775 0.027682146542919724 -0.018948791978133532 -0.1178575695776297 0.050253074921105652 -0.21316828751871264 -0.081628110976403587 0.22686827447883631 0.00044116138330375573 0.15313132949297628 0.042894389901102774 -0.29597942475477862 0.087510200181428119 0.015383530418078106 0.13332864936472372 -0.18469561812257379 0.073903926358335342 0.10953557254625812 0.066738904384256573 -0.044414610788466244 -0.17950590871616509 -0.33775347517217913 0.034087487032043513 0.14641392906337253 -0.059147945078344297 0.38514458086642811 0.039508864597539321 -0.057676791639874672 0.15624961186340544 0.48103731892167068 -0.20409806491223423 -0.2792772264277063 0.029904118283873515 0.017627905759356813 -0.19902975720790933 0.18720062244761715
leaf_weight=619 161 828 449 626 145 3686 948 44 640 514 298 900 303 43 22 27 60 190 283 22 110 681 123 535 29 564 1304 541 685 83 1187 48 170 23 811 94 1719 28 25 136 107 61 680 99 290 527 140 24 25 20 91 23 95 210 50 20 123 20 73 1311 21 90
leaf_count=619 161 828 449 626 145 3686 948 44 640 514 298 900 303 43 22 27 60 190 283 22 110 681 123 535 29 564 1304 541 685 83 1187 48 170 23 811 94 1719 28 25 136 107 61 680 99 290 527 140 24 25 20 91 23 95 210 50 20 123 20 73 1311 21 90
internal_value=1.52583e-05 -0.018383 -0.00114923 0.0470205 -0.051796 -0.0445367 -0.0313023 0.0237418 0.0221233 0.0904609 -0.0212996 -0.0836661 0.013122 -0.069611 0.0123721 -0.0809659 0.0539245 -0.0332514 0.0214328 -0.0819642 0.0216246 0.0195858 0.106571 0.127131 0.163412 0.141683 -0.0424011 -0.0206784 -0.0472981 0.0170474 0.0620286 -0.0433301 0.0112641 0.020385 -0.00727659 0.0163804 0.0368167 -0.068046 -0.0479116 -0.0692611 0.0157971 0.0120629 0.043257 -0.00860234 -0.00259116 -0.01259 -0.138886 -0.00716673 0.0366033 -0.0317563 -0.118532 0.204611 0.0396982 0.0319318 0.130103 0.251849 -0.108788 -0.132718 -0.037687 -0.000166554 0.0557089 0.0599771
internal_weight=23804 17108 11287 6696 5821 5202 5104 6183 4257 2439 4249 1280 4841 1135 3617 855 103 3301 473 1032 132 4344 1877 1251 716 593 2828 1524 983 3456 1342 497 3663 3373 1257 905 2116 352 324 301 3493 3386 1082 402 2304 2014 165 1953 562 3922 115 48 2094 1929 165 70 236 216 93 1838 1298 1277
internal_count=23804 17108 11287 6696 5821 5202 5104 6183 4257 2439 4249 1280 4841 1135 3617 855 103 3301 473 1032 132 4344 1877 1251 716 593 2828 1524 983 3456 1342 497 3663 3373 1257 905 2116 352 324 301 3493 3386 1082 402 2304 2014 165 1953 562 3922 115 48 2094 1929 165 70 236 216 93 1838 1298 1277
is_linear=0
shrinkage=0.035


Tree=43
num_leaves=63
num_cat=0
split_feature=72 67 81 72 67 72 58 71 51 26 65 70 81 72 49 8 72 22 30 69 13 62 77 22 47 34 67 35 72 48 51 79 64 15 5 62 71 16 77 10 5 15 31 36 67 0 10 28 48 73 43 60 37 68 72 33 39 44 2 3 50 47
split_gain=15763.4 8817.99 4774 3618.03 2741 2661.42 2617.79 2661.27 1937.62 1769.02 1693.66 1572.13 1713.28 1538.69 1458.53 1448.1 1358.69 1349.84 1451.99 1341.87 1468.7 1318.67 1377.48 1505.27 1314.01 1302.77 1419.56 1281.12 1279.05 1815.56 1680.39 1521.09 1482.8 1277.49 1276.1 1268.29 1565.39 1233.21 1228.27 1223.86 1208.8 1372.68 1188.61 1181.8 1459.63 1179.24 1146.06 1678.87 1137.76 1135.14 1118.41 1118.15 1109.84 1312.91 1731.82 1400.23 1314.83 1300.33 1262.56 1200.46 1253.12 1180.46
threshold=72.191294202927097 103.12835853956101 0.96994372067182189 77.857212121070077 95.319869398984068 78.732128830145228 1.0000000180025095e-35 68.509182480188485 75.665333333333351 0.46290692640692643 0.93049507292851108 -4.5113859045892317 0.97970309451907311 64.942699967967727 -0.3065925300300299 16.15504807692308 89.849033725622292 19.553639846743298 15.60357142857143 -3.7681088821304978 15.292892156862747 90.342955572997212 4.6303860977573645 14.014705882352944 0.5947654018916223 17.961038961038962 97.943770521784117 15.574175824175827 66.728929843249105 0.50483447727075415 69.168210526315804 0.88463237915878945 221.50000000000003 6.6030303030303044 8.2034482758620708 106.73706678432252 67.395500000000013 27.925824175824179 0.73233738326306053 0.46500000000000002 10.673333333333334 6.6381818181818195 30.314144736842106 0.65825657894736855 90.531195712044664 32.500000000000007 0.52069615384615398 23.984848484848488 0.75650739675464951 65.420428549667761 16.464102564102564 114.50000000000001 8.1318840579710159 -9.2831065280293412 73.400244551695337 0.4425912698412699 30.009803921568629 18.25403225806452 28.301515151515158 59.240689655172424 72.058807017543884 0.63681913558177783
decision_type=2 2 2 2 2 2 2 2 2 2 2 2 2 2 2 2 2 2 2 2 2 2 2 2 2 2 2 2 2 2 2 2 2 2 2 2 2 2 2 2 2 2 2 2 2 2 2 2 2 2 2 2 2 2 2 2 2 2 2 2 2 2
left_child=2 3 13 4 45 9 10 17 -6 52 11 12 -4 -1 -13 -10 25 18 24 35 -21 -15 27 -24 -8 26 43 -23 29 38 -31 33 39 -32 -26 36 -20 -29 -9 -30 41 -11 -25 44 -5 48 -16 -48 -2 -40 -45 -27 53 -3 59 -56 -57 61 -58 60 -55 -54
right_child=1 5 6 16 8 -7 7 28 15 40 -12 14 -14 21 46 -17 -18 -19 19 20 -22 22 23 42 34 51 -28 37 32 30 31 -33 -34 -35 -36 -37 -38 -39 49 -41 -42 -43 -44 50 -46 -47 47 -49 -50 -51 -52 -53 57 54 55 56 58 -59 -60 -61 -62 -63
leaf_value=-0.060768986857968027 -0.039442481543474357 0.20196984482060915 -0.19868142118577911 -0.22469258747790988 -0.0041325612751607552 0.11840884323082093 -0.19135941289955716 -0.14526480281712542 -0.085465973265243314 -0.16631055282629453 -0.33262160878312103 0.08853356940731591 0.02832177596788792 0.25212003031427216 -0.15561098112029448 0.1214915041186562 0.19102047282810564 -0.18962114840113758 -0.084632149792240041 -0.15749804062581316 -0.053375437268966722 0.045541464357048519 0.378674555883175 0.31625644675551395 -0.11798290414957519 -0.023881730368102556 0.071558995546192911 -0.0043387820803303702 -0.087289205708344614 -0.10206779836380407 0.12752045550211424 0.065316162878502185 0.013182447500036771 -0.15013075903415679 0.20544152690702017 0.25120232378050344 0.02981967460229272 -0.12968396491019879 -0.11722391979251288 -0.019915817173378866 0.20842735393150996 0.010071368655033887 0.034940699543502853 0.027179314257082744 -0.010703846262856609 -0.27885521263209262 0.010323637256255517 -0.22593999012153929 -0.15853943967225992 0.10995734011403567 0.2489439606148946 -0.2951068815996008 0.058413368570227504 -0.01383592682805645 0.2931050481887964 0.040695577358126005 0.097761643844126153 0.016389430810536135 0.24257287214465181 0.10262196835125884 -0.26876539876198369 0.16203098891773446
leaf_weight=415 1454 119 50 47 3182 916 185 333 49 58 36 40 210 27 499 256 67 115 269 225 633 658 20 20 44 205 1006 2226 405 197 26 288 1455 87 22 21 320 100 56 1785 34 710 182 1267 220 27 136 50 105 51 28 20 849 119 45 325 276 863 101 81 29 160
leaf_count=415 1454 119 50 47 3182 916 185 333 49 58 36 40 210 27 499 256 67 115 269 225 633 658 20 20 44 205 1006 2226 405 197 26 288 1455 87 22 21 320 100 56 1785 34 710 182 1267 220 27 136 50 105 51 28 20 849 119 45 325 276 863 101 81 29 160
internal_value=1.49139e-05 0.0268316 -0.0302343 0.00434503 -0.0134018 0.0649022 -0.0461398 -0.0379695 0.00394928 0.0518833 -0.098243 -0.0895089 -0.0156168 0.00263274 -0.115974 0.0881457 0.035822 -0.0737055 -0.0658959 -0.0525567 -0.0807602 0.0107804 0.00870787 0.092718 -0.143638 0.0320642 0.0391418 0.00244212 -0.0239671 -0.0582359 -0.0184934 0.0226315 -0.0142006 -0.0859352 -0.00938804 -0.0128474 -0.0224727 -0.00975587 -0.112159 -0.032394 0.00575362 -0.00334412 0.0635231 0.0182452 -0.0487349 -0.0515415 -0.127977 -0.0536048 -0.0475143 -0.00890092 0.0320712 -0.048607 0.0643483 0.0923437 0.0788773 0.104676 0.0923924 0.0479505 0.136836 -0.00530842 -0.0645486 0.0749199
internal_weight=23804 12618 11186 7933 5073 4685 7538 6517 3487 3769 1021 985 260 3648 725 305 2860 1834 1719 1468 858 3233 3206 222 251 2793 2568 2984 4683 1038 598 401 3645 113 66 610 589 2326 440 2190 802 768 202 1562 267 1586 685 186 1559 107 1295 225 2967 1095 976 747 702 1872 377 229 148 1009
internal_count=23804 12618 11186 7933 5073 4685 7538 6517 3487 3769 1021 985 260 3648 725 305 2860 1834 1719 1468 858 3233 3206 222 251 2793 2568 2984 4683 1038 598 401 3645 113 66 610 589 2326 440 2190 802 768 202 1562 267 1586 685 186 1559 107 1295 225 2967 1095 976 747 702 1872 377 229 148 1009
is_linear=0
shrinkage=0.035


Tree=44
num_leaves=63
num_cat=0
split_feature=72 67 67 72 58 72 67 72 58 34 64 72 36 58 56 1 8 18 36 51 20 9 31 3 5 72 31 18 42 1 76 75 63 11 39 68 1 42 40 37 0 49 25 17 76 80 80 41 48 8 37 37 28 41 8 8 1 17 43 14 70 79
split_gain=14753.1 6598.35 5785.19 2778.61 2897.46 2726.5 2699.97 2140.02 1921.8 1768.83 1764.74 1506.81 1480.43 1478.71 1476.14 1444.97 1384.42 1370.42 1476.95 1904.06 2200.01 1369.08 1382.8 1419.68 1397.49 1346.47 1292.75 1285.72 1282.28 1259.15 1252.57 1229.22 1198.31 1168.3 1153.44 1413.66 1151.67 1105.67 1434.05 1267.72 1261.03 1967.69 1467.23 1178.88 1126.51 1085.41 1048.61 1418.3 1230.61 1194.78 1096.93 1047.95 1039.48 1028.66 1361.24 1210.83 1099.42 1013.25 1011.96 1670.07 1050.38 1327.11
threshold=74.149965761366914 103.26089546576951 105.48343732476651 64.610711977847004 1.0000000180025095e-35 68.919569607049667 91.043915438817166 82.694217398536964 1.0000000180025095e-35 9.2546296296296315 64.500000000000014 81.663559009556465 0.65825657894736855 1.0000000180025095e-35 94.279316780526244 57.153409090909101 16.557777777777783 14.209429824561406 0.66534523809523816 69.168210526315804 4.4031250000000011 38.765686274509811 45.677083333333336 62.962758620689662 8.4530791788856323 76.263383040742539 44.766968325791858 9.7029411764705902 4.2880184331797242 70.276819923371662 0.43168111725195757 142.70362634834359 94.561338522596358 0.47449137931034485 32.116515837104082 -0.53817478421579767 67.30217391304349 2.186342592592593 12.33809523809524 8.7343137254901979 19.500000000000004 0.16391577973308738 58.591750841750851 32.963624338624349 0.18693126221196302 9.9844099312736976 -11.542512507513292 9.2240143369175644 0.45648685360223823 17.327956989247316 8.2034482758620708 7.9215384615384625 22.446360153256709 4.9183333333333339 18.456439393939394 17.753048780487809 78.140394088669964 36.81009615384616 10.67204301075269 0.71163397129186612 1.7056071143188449 0.95727728707612847
decision_type=2 2 2 2 2 2 2 2 2 2 2 2 2 2 2 2 2 2 2 2 2 2 2 2 2 2 2 2 2 2 2 2 2 2 2 2 2 2 2 2 2 2 2 2 2 2 2 2 2 2 2 2 2 2 2 2 2 2 2 2 2 2
left_child=2 6 3 27 58 15 12 13 -3 30 31 46 -2 -8 16 -4 -15 21 28 20 -20 22 23 26 -25 -14 -12 -1 -19 -16 36 -11 -27 -33 -13 -36 -6 38 -7 43 41 -39 -42 52 -45 -34 47 -10 49 -48 51 -51 -40 54 55 -31 -56 -21 59 -5 -60 -62
right_child=1 8 5 4 9 37 7 -9 11 10 17 34 25 14 29 -17 -18 18 19 57 -22 -23 -24 24 -26 32 -28 -29 -30 53 -32 33 45 -35 35 -37 -38 40 39 -41 42 -43 -44 44 -46 -47 48 -49 -50 50 -52 -53 -54 -55 56 -57 -58 -59 60 -61 61 -63
leaf_value=-0.0045399812151259962 -0.17292575564214463 -0.026280861073012862 -0.16678219114697498 -0.2327704570249142 -0.040904203642648018 0.13436471585068946 -0.030241812369825923 0.083879389579151906 0.13421045595017514 -0.15874310312486781 -0.022379793748218677 0.067004211033845268 -0.11488077834679174 -0.031419470615855614 -0.084081860691782639 -0.015680191684790398 0.15741292902937645 -0.023708725363433675 -0.058176589762080289 0.051675777559425651 0.13482748553005316 -0.066768965182648146 -0.22805373058535838 0.36560663115713332 0.031936621923639316 -0.051050933572660329 0.2328287446839469 -0.1209765904372537 -0.20497802687105926 -0.031856646144964612 -0.15152000040697383 0.02752135150927091 0.13088473140025214 -0.070770541324327363 0.43723605457002468 0.1667441529783423 0.10178643214691195 -0.023719322853629501 0.021357920191977003 0.10882486492085629 0.010086611279898862 0.10372964220328702 0.093677168455344947 -0.036978066509962083 0.21062416094051134 -0.052755863107995606 0.15938624296738552 -0.098531480347764683 0.073539395842831923 -0.0050863336087568958 -0.088215439736001183 0.28660611315180623 -0.1806603503189981 0.02593107539309367 -0.075403476345147463 -0.30392741782604893 0.093509960752855892 0.18159496417624213 -0.03913076886220862 -0.029093976409326906 -0.29803977156116301 -0.08945801371997783
leaf_weight=141 106 211 80 124 92 261 785 598 480 156 3224 123 163 65 145 2111 175 285 396 534 88 966 38 22 49 215 24 662 57 41 35 180 121 829 27 186 277 1025 54 139 577 173 464 52 39 58 45 34 1795 57 161 20 73 3490 97 39 91 85 650 82 41 391
leaf_count=141 106 211 80 124 92 261 785 598 480 156 3224 123 163 65 145 2111 175 285 396 534 88 966 38 22 49 215 24 662 57 41 35 180 121 829 27 186 277 1025 54 139 577 173 464 52 39 58 45 34 1795 57 161 20 73 3490 97 39 91 85 650 82 41 391
internal_value=1.44479e-05 0.0343389 -0.0221036 -0.0382932 -0.032491 0.00813331 0.0133718 0.0213806 0.0756689 -0.0239874 -0.0281369 0.0830201 -0.0533411 0.0137881 0.0221342 -0.0212358 0.106297 -0.0201966 0.00930731 0.0290129 -0.0229748 -0.0300592 -0.0194863 -0.0170634 0.13721 -0.0304425 -0.0204574 -0.100551 -0.0541856 0.0169451 0.0471598 -0.0674216 0.00458251 -0.0532274 0.15276 0.201992 0.0661938 0.0306571 0.0720852 0.0264191 0.0192072 -0.00527624 0.0473755 -0.0262367 0.06967 0.0713804 0.0739506 0.118727 0.0628474 -0.0049674 -0.0363263 0.071993 -0.0949885 0.0208547 -0.0451634 -0.165599 0.00637041 0.0696539 -0.0809004 -0.151979 -0.0673007 -0.109584
internal_weight=23804 9328 14476 9428 8625 5048 6189 5526 3139 7337 6933 2928 663 4928 4143 2191 240 5768 1445 1103 484 4323 3357 3319 71 557 3248 803 342 3903 404 1165 394 1009 336 213 369 2857 618 357 2239 1198 1041 218 91 179 2592 514 2078 283 238 77 127 3758 268 80 188 619 1288 206 1082 432
internal_count=23804 9328 14476 9428 8625 5048 6189 5526 3139 7337 6933 2928 663 4928 4143 2191 240 5768 1445 1103 484 4323 3357 3319 71 557 3248 803 342 3903 404 1165 394 1009 336 213 369 2857 618 357 2239 1198 1041 218 91 179 2592 514 2078 283 238 77 127 3758 268 80 188 619 1288 206 1082 432
is_linear=0
shrinkage=0.035


Tree=45
num_leaves=63
num_cat=0
split_feature=72 67 72 72 81 67 67 64 71 67 24 34 51 42 28 67 24 47 31 49 10 26 31 22 42 71 0 29 51 72 17 68 45 80 25 36 39 18 5 44 0 38 43 38 21 37 49 22 10 19 54 9 60 71 44 0 11 76 37 66 58 26
split_gain=13825.5 8126.02 4993.03 3127.54 3073.04 2176.75 2017.55 2008.61 1968.09 1798.4 1534.38 1458.33 1660.31 1430.24 1410.39 1375.81 1371.42 1354.24 1351.17 1298.23 1291.77 1283.89 1332.93 1262.55 1331.65 1254.01 1554.4 1249.73 1242.8 1234.79 1225.33 1197.55 1197.24 1557.5 1196.36 1338.39 1301.5 1175.31 1182.96 1160.27 1135.48 1493.85 1345.07 1265.34 1374.38 1134.99 1127.98 1126.41 1112.8 1110.08 1160.69 1121.91 1104.26 1092.95 1218.86 1084.12 1538.54 1244 1077.34 1080.34 1069.93 1235.8
threshold=70.345836122989923 98.096347570181408 76.809665385437256 78.367159635930051 1.0403337140829478 107.12289923587251 108.66918744206602 54.500000000000007 67.849721428571428 109.72494085239752 19.585714285714293 18.603571428571431 79.918333333333351 4.2742946708463956 24.160645161290326 91.043915438817166 20.021739130434785 0.41114967101463934 37.015625000000007 0.038623218552653958 0.5630227272727274 0.46051000000000003 29.339743589743595 17.607919254658388 2.4791304347826091 69.885176548089603 1.5000000000000002 0.36041042780748667 68.928452380952393 78.821341401609445 34.226539589442822 10.136351108293846 0.73431372549019625 -4.9669777329036 64.508620689655189 0.78206250000000022 37.341666666666676 16.465476190476192 6.1017241379310354 17.113247863247867 24.500000000000004 26.508064516129036 15.146428571428574 21.508620689655178 13.557189542483661 7.2540322580645169 -0.27240463389656933 19.377155172413797 0.47302173913043483 5.0156250000000009 97.612149441785476 41.014285714285727 94.500000000000014 72.147196637426916 18.859605911330053 19.500000000000004 0.48402631578947369 0.069733560386527046 13.508620689655173 92.975177974012965 1.0000000180025095e-35 0.4625611111111112
decision_type=2 2 2 2 2 2 2 2 2 2 2 2 2 2 2 2 2 2 2 2 2 2 2 2 2 2 2 2 2 2 2 2 2 2 2 2 2 2 2 2 2 2 2 2 2 2 2 2 2 2 2 2 2 2 2 2 2 2 2 2 2 2
left_child=4 3 5 15 8 14 11 -6 10 -10 -1 12 13 17 25 48 -7 20 -8 -13 -4 27 -23 55 -25 26 -3 49 32 -15 -20 -12 33 -19 35 37 -36 38 45 -26 41 43 -42 44 53 -9 -45 -28 -2 -16 51 -51 -21 -18 -55 56 -11 -57 59 -17 61 -27
right_child=1 2 6 -5 7 16 18 34 9 23 31 19 -14 29 21 58 40 28 30 52 -22 22 -24 24 39 60 47 -29 -30 -31 -32 -33 -34 -35 36 -37 -38 -39 -40 -41 42 -43 -44 46 -46 -47 -48 -49 -50 50 -52 -53 -54 54 -56 57 -58 -59 -60 -61 -62 -63
leaf_value=0.17586724304740248 0.062283519532137781 0.26433168337511465 -0.15518163651315603 0.025171288893099619 -0.15944896322449503 0.27591773510712847 0.079143732678736881 -0.0049568681312339938 -0.024406688848228615 -0.10931114793381246 -0.062520911637326329 -0.19441505873323692 0.19356083438907351 -0.057707371803202241 0.1392729146642665 -0.19491184114587723 0.086722276365768972 -0.32520479727851026 0.11468541571366631 0.14382002007044281 0.084288967007572227 -0.1987811318343056 0.0054691521610364694 0.061823419536086138 0.049051698895946648 -0.0012661696487965195 -0.02854550549340695 0.13732321697399605 0.094527499993753678 0.056101002989429806 0.27420014001882598 -0.28834394354739434 0.08523073646150349 -0.0071692291372633995 0.25467454004776285 0.087182216147436722 -0.066445992426118927 0.13500726455894871 -0.05586892676029491 -0.091776725145313626 0.075482369059401949 0.17472156550382315 0.29297170356750485 0.20079044335576854 -0.0091426941745389595 -0.14232787114527168 0.00046227046405707112 -0.18583275978279928 -0.094125533419279012 0.12730519366660922 -0.0015445181222690587 -0.048572474452075763 -0.13715428279623051 0.42534640062064455 0.10812092978037323 0.22024051069122469 0.096857817982882274 0.033105941136743852 -0.20351600618126955 -0.019176076479783168 0.020922034602783118 -0.15372198818335359
leaf_weight=32 61 21 59 1538 284 32 223 89 3534 69 1252 49 122 205 119 43 186 22 113 45 51 43 390 230 104 205 1214 191 1528 270 126 29 144 117 30 68 31 33 1246 228 510 85 37 35 137 430 1145 58 605 197 593 57 27 28 32 104 122 75 40 2937 2079 95
leaf_count=32 61 21 59 1538 284 32 223 89 3534 69 1252 49 122 205 119 43 186 22 113 45 51 43 390 230 104 205 1214 191 1528 270 126 29 144 117 30 68 31 33 1246 228 510 85 37 35 137 430 1145 58 605 197 593 57 27 28 32 104 122 75 40 2937 2079 95
internal_value=1.40351e-05 0.0189739 0.0365949 -0.0167463 -0.0375103 0.0211269 0.0739397 -0.0725995 -0.0240797 -0.0130006 -0.0617418 0.0621034 0.067809 0.0613654 0.00884856 -0.0342385 0.0501285 0.0748091 0.141403 -0.0563908 -0.0442437 0.03638 -0.0150122 0.0302357 -0.00282272 -0.00307512 -0.030813 0.0556144 0.0820525 0.00696731 0.199193 -0.0677465 0.0146362 -0.0585161 -0.0597599 -0.0647531 0.0922118 -0.0705239 -0.0744058 -0.0476438 0.0467731 0.0322494 0.0904542 0.0244458 0.0796777 -0.118805 0.0064897 -0.0357904 -0.0797586 0.0393924 0.0252816 0.0878049 0.0381871 0.129075 0.258509 0.0803943 0.0222687 0.142162 -0.0241873 -0.0217453 0.0120024 -0.0497309
internal_weight=23804 15814 10590 5224 7990 7489 3101 2211 5779 4466 1313 2639 2518 2396 5262 3686 2227 1921 462 121 110 1590 433 932 562 3672 1293 1157 1811 475 239 1281 283 139 1927 1866 61 1798 1765 332 2195 1648 547 1563 383 519 1180 1272 666 966 847 254 72 246 60 370 191 179 3020 2980 2379 300
internal_count=23804 15814 10590 5224 7990 7489 3101 2211 5779 4466 1313 2639 2518 2396 5262 3686 2227 1921 462 121 110 1590 433 932 562 3672 1293 1157 1811 475 239 1281 283 139 1927 1866 61 1798 1765 332 2195 1648 547 1563 383 519 1180 1272 666 966 847 254 72 246 60 370 191 179 3020 2980 2379 300
is_linear=0
shrinkage=0.035


Tree=46
num_leaves=63
num_cat=0
split_feature=76 71 71 76 58 71 3 58 52 36 1 22 25 44 22 14 33 0 71 39 27 56 36 40 0 80 18 49 60 32 15 35 5 56 28 73 34 70 55 37 9 6 15 74 24 19 39 14 82 32 30 23 70 29 49 44 35 0 74 82 35 61
split_gain=12576.4 8024.43 4399.64 3693.53 2403.38 2193.65 2125.12 1939.37 1891.1 1856.75 1854.32 1704.35 2110.78 1719.97 1648.1 1641.01 1558.52 1541.56 1527.92 2068.62 2010.67 1699.92 1506.12 2294.54 1439 1778.91 1578.44 1434.37 1425.58 1362.51 1349.4 1331.09 1291.11 1776.13 1269.5 1429.63 1378.53 1227.55 1576.09 1209.08 1485.57 1189.9 1169.57 1243.63 1181.3 1319.63 1678.61 1167.11 1245.26 1118.81 1184.23 1180.21 1213.14 1088.61 1404.32 1088.15 1086.01 1184.77 1521.08 1352.85 1100.82 1253.84
threshold=-0.044840925176342493 70.059727272727272 72.147196637426916 0.47890599442912613 1.0000000180025095e-35 72.81686480186481 53.654509283819635 1.0000000180025095e-35 6.3682857142857197 0.71708893280632424 86.026315789473699 19.408249158249163 53.508620689655181 16.754310344827591 22.757352941176475 0.67501785714285722 0.59304761904761916 25.500000000000004 67.849721428571428 33.25403225806452 6.3390804597701154 86.999382501090665 0.72529285714285729 12.477225672877848 18.500000000000004 -15.306492626130845 14.707107843137257 0.27394379535439911 4.5000000000000009 0.59085416666666679 9.5075757575757596 24.807071960297769 5.9511904761904768 95.126684557167707 24.015151515151519 81.316033677797364 16.015151515151519 0.35016261800326026 105.44191666874828 7.1455026455026465 34.803225806451614 25.673333333333336 8.8596059113300516 2.7936425166544301 23.911067193675894 6.8651515151515161 34.617216117216124 0.78156725146198835 68.500000000000014 0.59085416666666679 15.179144385026738 64.836666666666687 6.1337768404748028 0.32089379699248116 0.058337162261769153 23.40454545454546 24.281746031746035 23.500000000000004 -1.1699321700543164 -135.49999999999997 13.754310344827589 0.36810933796035555
decision_type=2 2 2 2 2 2 2 2 2 2 2 2 2 2 2 2 2 2 2 2 2 2 2 2 2 2 2 2 2 2 2 2 2 2 2 2 2 2 2 2 2 2 2 2 2 2 2 2 2 2 2 2 2 2 2 2 2 2 2 2 2 2
left_child=2 7 6 4 34 9 -1 42 15 -6 11 18 -13 -14 29 -8 22 -11 21 56 37 -9 32 30 25 -7 -27 -23 -5 47 39 -16 -17 53 35 -3 -36 38 -21 -24 -41 -10 43 -2 -45 46 -46 55 -49 50 51 52 -30 -34 -55 -4 57 59 -59 -20 61 -61
right_child=1 3 14 28 5 24 8 10 41 17 -12 12 13 -15 31 16 -18 -19 19 20 -22 27 23 -25 -26 26 -28 -29 49 -31 -32 -33 33 -35 36 -37 -38 -39 -40 40 -42 -43 -44 44 45 -47 -48 48 -50 -51 -52 -53 -54 54 -56 -57 -58 58 -60 60 -62 -63
leaf_value=-0.10348302316825878 -0.16295098719923107 -0.056571658847872103 0.019849404231541783 0.26910285670796702 0.0093824841328311002 0.36084867605633208 -0.065523277892630072 -0.22284266205583145 -0.14010771597703009 0.041220845816706007 0.24389764331896116 -0.24540998113392207 0.072611763517316005 -0.10876849009579617 -0.063991188617373379 -0.095851020512364771 -0.18286201781466091 0.13700914697473501 0.065388294066520317 -0.26914927842592201 0.0024906344952738552 -0.029437873126406174 0.088689208818854198 0.034420386972755353 0.11427434809390796 0.017015776403229599 0.080375878431851733 0.18998866294165456 0.18545093768747703 -0.082892492773388698 -0.21537152058995049 -0.37018024717375297 -0.052007852398784915 -0.039819901028211667 0.069194386655667156 0.12523491542132006 -0.16277143406867983 -0.050166966097499072 0.032750180497504118 -0.2051123782254401 -0.0039473362623238259 -0.012111356927004008 -0.019767776502047807 -0.14876119291010129 0.010622579876149056 -0.14993036633729936 0.38063226885989659 0.30801283618765818 0.024431360619254858 -0.13107876055038378 0.11810304723793578 -0.13431599920392037 -0.056117542014647567 0.14697987432731463 -0.066509440132162798 -0.21026932523333852 0.21781723757425947 0.19221629353134492 0.044516674851030891 -0.084746753949514586 -0.020508150721235588 0.16256162251949827
leaf_weight=756 216 677 1961 60 3061 22 1513 54 354 1281 36 75 107 158 93 377 72 245 411 85 777 1363 69 1064 577 995 934 37 56 163 64 21 84 1533 271 57 35 200 28 73 116 119 363 68 50 31 21 35 41 26 741 47 46 160 49 25 37 100 574 35 1019 86
leaf_count=756 216 677 1961 60 3061 22 1513 54 354 1281 36 75 107 158 93 377 72 245 411 85 777 1363 69 1064 577 995 934 37 56 163 64 21 84 1533 271 57 35 200 28 73 116 119 363 68 50 31 21 35 41 26 741 47 46 160 49 25 37 100 574 35 1019 86
internal_value=1.47809e-05 0.0193962 -0.0333771 0.0399846 0.0322789 0.0395431 -0.0483833 -0.0123006 -0.0409976 0.0251099 -0.00468818 -0.00645143 -0.0821219 -0.0355199 0.00770213 -0.0348655 -0.0221872 0.0566418 -0.00108942 0.0119073 -0.0276913 -0.0310477 -0.0189378 0.00964321 0.0657202 0.0513331 0.0477087 -0.0235705 0.104317 0.0143645 -0.0721448 -0.121795 -0.0369191 -0.024727 -0.0174098 -0.0423728 0.0424287 -0.102512 -0.194497 -0.0362543 -0.0820007 -0.10796 -0.0649245 -0.107301 -0.0363015 0.0389973 0.122007 0.0220725 0.156233 0.0933784 0.100009 0.00990971 0.0767318 0.0541615 0.0968714 0.0168987 0.0309923 0.0278357 0.066562 0.0109886 -0.00864094 0.090943
internal_weight=23804 15062 8742 9131 8155 7115 6403 5931 5647 4587 5182 5146 340 265 2339 5174 3661 1526 4806 3352 1090 1454 3589 1386 2528 1951 1929 1400 976 2225 322 114 2203 1826 1040 734 306 313 113 258 189 473 749 386 170 102 71 2062 76 916 890 149 102 293 209 1986 2262 2225 674 1551 1140 121
internal_count=23804 15062 8742 9131 8155 7115 6403 5931 5647 4587 5182 5146 340 265 2339 5174 3661 1526 4806 3352 1090 1454 3589 1386 2528 1951 1929 1400 976 2225 322 114 2203 1826 1040 734 306 313 113 258 189 473 749 386 170 102 71 2062 76 916 890 149 102 293 209 1986 2262 2225 674 1551 1140 121
is_linear=0
shrinkage=0.035


Tree=47
num_leaves=63
num_cat=0
split_feature=72 81 46 71 58 77 72 42 5 1 67 75 48 34 14 33 51 51 0 19 65 58 5 36 24 18 51 36 76 30 81 82 31 9 22 0 6 68 38 72 1 0 67 34 27 51 48 10 10 67 27 30 6 64 14 77 46 44 25 4 23 2
split_gain=12296.4 6075.47 4683.88 3551.31 2974.3 2242.01 1911.64 1951.49 1904.21 1841.54 1793.42 1701.81 1682.07 1623.56 1615.64 1586.48 1504.2 1491.04 1403.74 1448.52 1345.36 1325.25 1471.22 1442.41 1390.1 1513.41 1410.03 1313.15 1393.35 1349.32 1312.87 1400.07 1347.31 1342.67 1303.3 1269.13 1244.41 1378.78 1212.08 1315.97 1197.06 1196.75 1475.86 1188.5 1474.74 1276.15 1281.74 1250.91 1176.46 1149.16 1145.85 1139.49 1235 1435.2 1156.76 1136.43 1128.98 1128.21 1120.04 1156.61 1185.68 1110.27
threshold=75.793221840879184 0.97402820631610354 0.56949806949806958 68.509182480188485 1.0000000180025095e-35 4.6303860977573645 68.650988647321782 4.7817460317460325 10.255434782608697 63.508620689655181 100.32130525291451 162.57554155551176 0.52515788936243502 18.603571428571431 0.77613049450549465 0.51091287878787883 73.128210526315812 71.514017857142861 2.5000000000000004 7.8360215053763449 0.96642390384551813 1.0000000180025095e-35 10.35857142857143 0.65825657894736855 29.890873015873019 16.155870445344132 72.779000000000011 0.71912701612903229 -0.11202780878393349 13.729020979020982 1.1061182197207629 78.500000000000014 36.603571428571435 32.685855263157897 19.408249158249163 18.500000000000004 21.612007168458785 -17.996290748329397 22.883484162895929 82.694217398536964 81.865151515151524 7.5000000000000009 107.38207441154201 16.144957983193283 5.644009216589863 72.904142857142872 0.53444825963199649 0.44361607142857146 0.42167948717948728 90.531195712044664 9.6720430107526898 15.118823529411765 20.306020066889634 124.50000000000001 0.67941428571428586 0.56989484013843728 0.63245614035087727 17.803225806451618 56.627314814814817 0.44675735294117652 72.015625000000014 27.372685185185187
decision_type=2 2 2 2 2 2 2 2 2 2 2 2 2 2 2 2 2 2 2 2 2 2 2 2 2 2 2 2 2 2 2 2 2 2 2 2 2 2 2 2 2 2 2 2 2 2 2 2 2 2 2 2 2 2 2 2 2 2 2 2 2 2
left_child=1 5 13 18 30 9 7 43 -7 48 -8 21 -13 17 16 -15 27 61 -3 34 -14 -4 23 49 -25 26 -26 28 35 -29 31 55 33 -33 51 -11 37 -30 -19 -40 -27 42 -41 45 -45 46 -6 -47 -1 -23 -39 -20 -53 54 -54 -5 -32 -18 59 60 -55 -2
right_child=2 3 11 4 6 8 10 -9 -10 14 -12 12 20 15 -16 -17 57 38 19 -21 -22 22 -24 24 25 40 -28 29 36 -31 56 32 -34 -35 -36 -37 -38 50 39 41 -42 -43 -44 44 -46 47 -48 -49 -50 -51 -52 52 53 58 -56 -57 -58 -59 -60 -61 -62 -63
leaf_value=0.060545134178553416 0.0014267140335494216 0.078718595572248598 -0.048715385300242185 -0.3011206551002244 -0.089697464320199843 0.071600288426552125 -0.024208641408949631 0.078965832447914081 0.40278780129949249 -0.037045096710156863 0.017410568824418327 0.18785321506341299 0.053712205790675406 0.041259119770160085 0.10387466175409496 -0.34164712970852856 0.094954043588801218 0.050111186151779744 -0.13864462988330739 -0.16675055987036455 -0.16600147310430061 -0.2453420138301915 0.11222755199974899 0.0065495544146731673 -0.10638022566077734 0.4441209110532488 0.10655256616410431 0.2013936056642249 0.12305878929638864 0.017564784640105111 -0.0092681914047456123 0.3049639995577289 -0.068031436016870186 0.028028030118881133 -0.17192618833203932 -0.3211762309516038 0.012630279174624877 -0.055153644147042186 0.10180730350508892 -0.0042622866882282562 0.076657671184074586 0.29626002535914298 0.31373794553212148 0.10537709765699177 -0.20714558742226558 -0.085650567305308803 -0.022411606202123745 0.06697460037411361 -0.081936142037909443 -0.037746459712600558 0.080154855406826209 -0.08740100129379251 -0.14448670689408116 -0.03241520039644772 -0.037138003309944649 -0.078692011171825449 -0.24288830397354591 0.017958843597580963 -0.050643570841177689 0.11845610936952476 0.22517197246210918 0.071340967345082079
leaf_weight=85 425 77 507 29 733 402 2265 152 22 44 2881 112 530 32 224 22 370 470 196 185 36 36 171 1770 50 24 155 50 62 1569 35 25 176 136 131 34 1223 1092 1049 51 20 88 27 22 107 94 659 216 420 315 82 696 171 205 437 655 92 630 244 156 24 806
leaf_count=85 425 77 507 29 733 402 2265 152 22 44 2881 112 530 32 224 22 370 470 196 185 36 36 171 1770 50 24 155 50 62 1569 35 25 176 136 131 34 1223 1092 1049 51 20 88 27 22 107 94 659 216 420 315 82 696 171 205 437 655 92 630 244 156 24 806
internal_value=1.40973e-05 -0.0157234 0.0402216 -0.0316651 -0.020583 0.0115635 -0.0121605 -0.0413524 0.089247 0.00595885 -0.000907922 0.0140822 0.0642134 0.0730055 0.0119595 -0.116379 0.00795597 0.0765332 -0.0680231 -0.072661 0.0395971 0.00292115 0.013233 0.00606672 0.0174559 0.0948003 0.0544682 -0.00131807 -0.017034 0.0233046 -0.072855 -0.0595896 -0.00117968 0.0718632 -0.0649222 -0.162199 -0.0123959 -0.0371568 0.0979284 0.116395 0.279909 0.207972 0.107067 -0.0513613 -0.153619 -0.0435659 -0.057865 0.02062 -0.0579111 -0.059367 -0.0456697 -0.0582977 -0.0501152 -0.0291066 -0.0674295 -0.0883406 -0.178821 0.0464838 0.00795539 0.04512 -0.00497216 0.0472164
internal_weight=23804 17108 6696 10799 8277 6309 7129 1983 424 5885 5146 3726 678 2970 5380 54 5156 2916 2522 2445 566 3048 2541 2370 2019 249 205 4156 2537 1619 1148 1021 337 161 2260 78 2459 1236 1685 1215 44 166 78 1831 129 1702 1392 310 505 351 1174 2129 1933 1237 608 684 127 1000 629 385 229 1231
internal_count=23804 17108 6696 10799 8277 6309 7129 1983 424 5885 5146 3726 678 2970 5380 54 5156 2916 2522 2445 566 3048 2541 2370 2019 249 205 4156 2537 1619 1148 1021 337 161 2260 78 2459 1236 1685 1215 44 166 78 1831 129 1702 1392 310 505 351 1174 2129 1933 1237 608 684 127 1000 629 385 229 1231
is_linear=0
shrinkage=0.035


Tree=48
num_leaves=63
num_cat=0
split_feature=72 67 80 72 58 72 3 52 42 51 71 41 29 8 47 80 81 71 60 58 3 28 42 51 48 37 30 73 37 56 28 11 67 37 50 36 24 29 2 0 0 46 66 36 81 72 6 11 56 44 11 51 41 52 50 78 32 14 18 19 67 5
split_gain=11488 6698.11 3053.74 3046.46 2769 2747.67 1969.62 1974.71 1688.05 1811.53 1671.49 1594.14 1562.68 1561.16 1484.18 1440.73 1311.89 1291.04 1241.58 1238.42 1210.48 1183.11 1175.65 1385.57 1154.97 1139.45 1388.26 1683.32 1385.56 1238.51 1255.64 1209.44 1178.35 1129.99 1338.41 1267.72 1121.01 1176 1117.73 1103.13 1076.19 1219.43 1245.54 1222.06 1075.77 1069.22 1066.7 1048.8 1041.94 1041.02 1035.91 1089.18 1068.42 1132.72 1873.06 1726.6 1077.72 1028.42 1230.26 1088.95 1012.88 1010.72
threshold=71.326548766727669 100.32130525291451 -1.870149451343998 81.056750015229582 1.0000000180025095e-35 77.266681489968434 53.654509283819635 2.2778278388278399 3.4031250000000006 70.180434782608714 68.189983277591992 9.2240143369175644 0.29365108695652181 21.33908045977012 0.35307165535613816 -3.5980814678917521 1.1149706677570528 67.849721428571428 2.5000000000000004 1.0000000180025095e-35 63.766968325791858 22.295206971677562 2.1270161290322585 71.621011494252883 0.8005681818181819 6.9298029556650258 14.67204301075269 75.173927684801825 6.392080745341616 113.50349743375897 28.83771929824562 0.51301515151515165 107.38207441154201 11.203448275862071 73.976571428571432 0.6621125000000001 21.672043010752692 0.32772077922077925 22.790570175438599 10.500000000000002 20.500000000000004 0.36939571150097467 96.698822510022055 0.7013956521739132 1.1225341073809807 70.513896312469171 16.630681818181824 0.49161034482758625 86.999382501090665 16.723180076628356 0.58201785714285725 66.102769230769255 6.1270161290322589 -3.7333333333333338 67.000740740740753 -8.6415714109235022 0.53637797619047634 0.69745643939393953 16.775985663082441 7.3284313725490202 107.46514667685301 9.6733333333333338
decision_type=2 2 2 2 2 2 2 2 2 2 2 2 2 2 2 2 2 2 2 2 2 2 2 2 2 2 2 2 2 2 2 2 2 2 2 2 2 2 2 2 2 2 2 2 2 2 2 2 2 2 2 2 2 2 2 2 2 2 2 2 2 2
left_child=2 5 17 4 11 15 14 25 9 12 -11 22 13 -6 -4 21 24 39 -5 -17 -7 -2 23 -3 45 26 -8 28 -28 30 32 -30 33 34 -27 38 -21 -38 -35 60 49 42 -42 -43 46 -9 -16 -23 -41 -34 51 -19 -53 54 55 -54 -55 58 -22 -60 -1 -10
right_child=1 3 6 18 8 20 7 16 61 10 -12 -13 -14 -15 44 19 -18 50 -20 36 57 47 -24 -25 -26 29 27 -29 31 -31 -32 -33 40 35 -36 -37 37 -39 -40 48 41 43 -44 -45 -46 -47 -48 -49 -50 -51 -52 52 53 56 -56 -57 -58 -59 59 -61 -62 -63
leaf_value=-0.023137778907111203 -0.018259046007263181 -0.26994080875470089 0.17119087103434974 0.31478096438434028 0.059364000229608457 0.011192717644586288 -0.19372852579752609 -0.07528707485720601 0.00929800438664612 -0.24171603547890741 0.075718777842577009 -0.22944124580872685 0.014361405549004879 0.34294425027303294 0.0060747787361183471 -0.078197813336582891 -0.16176917867234122 -0.10700130443410441 0.10396523508010394 -0.19536740579971903 0.091011567645142441 0.20803365329720758 0.0019287987244678729 0.020315308536441156 0.11655780783324288 -0.040538981536412812 0.017101769530293298 -0.1205078507795334 0.20915134885907175 0.20877473251774628 0.085144105191192324 -0.027199490159318069 0.084525599993192244 0.2089691726437142 0.14740346890876169 -0.17109920789037661 0.011894705423018003 -0.03690341888463166 -0.073343212155047924 -0.24614628533883529 0.089904351538069111 -0.12674932583530299 0.40975727679865787 0.11488058521383067 -0.26930721633088206 0.0016219236803805461 -0.11342286450209099 0.042709136471152306 -0.057477081818352774 -0.095948703526821832 0.24781497853855758 0.032027779449796755 -0.27776244162412789 -0.014902846237162785 0.099228390151011481 0.0011775640787349809 -0.10851639146270121 0.12008916890113389 -0.30066430749137735 -0.013682744665684081 0.14023201690995696 0.083006725635813697
leaf_weight=181 342 45 24 36 73 2166 31 1318 1928 20 2636 47 1346 35 108 611 162 104 595 45 111 60 493 36 45 2057 206 62 118 26 108 34 58 21 47 169 921 1761 85 38 42 44 23 60 46 266 595 213 540 118 21 1267 32 968 252 166 178 257 21 66 62 258
leaf_count=181 342 45 24 36 73 2166 31 1318 1928 20 2636 47 1346 35 108 611 162 104 595 45 111 60 493 36 45 2057 206 62 118 26 108 34 58 21 47 169 921 1761 85 38 42 44 23 60 46 266 595 213 540 118 21 1267 32 968 252 166 178 257 21 66 62 258
internal_value=1.41172e-05 0.0201466 -0.0293499 0.042641 0.0359187 -0.00568131 -0.0451788 -0.0372797 0.0428739 0.0560904 0.0732821 -0.0345678 0.0246699 0.152454 -0.0972325 -0.0241054 -0.0668794 -0.00494016 0.116238 -0.0331751 0.022104 0.0251027 -0.0184194 -0.141562 -0.0573939 -0.0212501 0.0304239 0.0471875 0.076367 -0.0294095 -0.0316339 0.156345 -0.0362799 -0.0450459 -0.036305 -0.111722 -0.0230737 -0.0201457 -0.016662 -0.0437998 0.0241346 0.0871012 0.2054 0.0125017 -0.105947 -0.0623732 -0.0950685 0.0793709 -0.070089 -0.0363834 0.0057415 0.00398549 0.00803635 -0.0110114 0.0360132 -0.0444721 -0.0294872 0.0739694 0.0139376 -0.0843164 0.018733 0.018016
internal_weight=23804 14122 9682 7548 6917 6574 5873 5100 6296 4110 2656 621 1454 108 773 3953 1791 3809 631 3338 2621 615 574 81 1629 3309 451 420 358 2858 2832 152 2724 2379 2104 275 2727 2682 106 821 345 169 65 104 749 1584 703 273 578 176 2988 2967 2863 1596 450 198 1146 455 198 87 243 2186
internal_count=23804 14122 9682 7548 6917 6574 5873 5100 6296 4110 2656 621 1454 108 773 3953 1791 3809 631 3338 2621 615 574 81 1629 3309 451 420 358 2858 2832 152 2724 2379 2104 275 2727 2682 106 821 345 169 65 104 749 1584 703 273 578 176 2988 2967 2863 1596 450 198 1146 455 198 87 243 2186
is_linear=0
shrinkage=0.035


Tree=49
num_leaves=63
num_cat=0
split_feature=82 71 71 77 58 58 3 14 79 13 23 67 75 21 22 71 39 45 2 21 25 76 37 35 71 48 55 40 18 78 19 35 63 56 56 52 36 50 26 80 48 46 44 80 45 36 10 21 11 38 24 10 64 76 2 82 14 42 48 7 71 9
split_gain=10505.4 5498.34 4761.08 2613.95 1929.97 1719.24 1814.17 1669.66 1613.96 1535.09 1518 1444.69 1587.79 1385.5 1350.57 1344.41 1428.54 1903.47 1378.8 1343.75 1288.03 1277.47 1250.53 2170.62 1479.57 1419.25 1227.85 1205.62 1195.59 1474.93 1458.64 1676.53 1497.89 1184.69 1184.62 1330.65 1732.6 1532.78 1520.8 1377.98 1433.9 1296.06 1706.48 1202.33 1182.3 1261.96 1218.84 1177.41 1165.33 1159.21 1129.38 1124.95 1119.46 1110.62 1107 1101.58 1101.55 1098.27 1087.5 1085.35 1273.26 1084.74
threshold=-54.499999999999993 69.803412698412714 70.953300653594781 0.67550756196991368 1.0000000180025095e-35 1.0000000180025095e-35 54.508620689655181 0.75177097902097911 1.2278344137250421 14.836021505376346 67.803225806451636 94.233947799986268 136.12647723855997 8.0192307692307718 13.735087719298248 67.849721428571428 34.717142857142868 0.69397993311036799 30.507142857142863 9.2094298245614059 52.479871175523357 -0.020695097078161955 6.8410526315789477 17.929802955665028 72.81686480186481 0.66001469012854885 95.927591883822984 16.94590643274854 11.811011904761907 6.8707501002995963 6.5917508417508426 20.33908045977012 105.30625443630852 78.200999094679347 86.999382501090665 -5.7706140350877169 0.68891833333333341 73.107179487179494 0.42216666666666669 -12.823257541948498 0.53737597495361067 0.56949806949806958 20.819805194805198 -14.311167137797602 0.14550264550264549 0.75258846153846159 0.45729122807017547 12.372685185185187 0.55012665782493386 25.902380952380955 24.836021505376348 0.5630227272727274 317.50000000000006 -0.41747382066368544 30.449494949494952 144.50000000000003 0.67941428571428586 2.3021739130434784 0.48851358368659409 0.31873798627002287 69.473985294117668 33.919871794871803
decision_type=2 2 2 2 2 2 2 2 2 2 2 2 2 2 2 2 2 2 2 2 2 2 2 2 2 2 2 2 2 2 2 2 2 2 2 2 2 2 2 2 2 2 2 2 2 2 2 2 2 2 2 2 2 2 2 2 2 2 2 2 2 2
left_child=2 5 13 11 51 14 9 10 34 -7 -8 -3 -13 -1 -2 -15 17 20 -18 -19 -17 -12 23 25 -24 -6 47 58 30 -30 31 32 -26 -14 43 37 38 -36 39 52 -41 42 -38 -4 45 57 -46 -21 -10 53 -40 -5 -37 -48 -28 59 -42 -35 -9 -11 -61 -53
right_child=1 3 8 4 22 6 7 27 48 55 21 12 33 15 -16 16 18 19 -20 26 -22 -23 24 -25 28 -27 54 -29 29 -31 -32 -33 -34 44 35 36 41 -39 50 40 56 -43 -44 -45 46 -47 49 -49 -50 -51 -52 61 -54 -55 -56 -57 -58 -59 -60 60 -62 -63
leaf_value=0.19686475529978353 0.092920707000243047 -0.10149742469997967 0.20273362762428995 -0.048264902177709512 -0.031649682554100757 -0.15896284968173896 -0.073567924266665669 0.15516582182589417 0.063108114150262656 -0.095544387898021096 -0.036831192544858227 -0.086150775600298157 -0.16995729468516799 -0.033789352209412399 -0.099258879544996861 -0.10849566360712051 -0.059496999742335875 -0.1584695502897697 0.20105557361638773 0.065595915864468834 0.0094387413803182271 0.015286056071091758 0.0016374617335874805 0.1422931007518296 0.13447681543737089 0.1777075891952766 0.10183629568904837 -0.20448101213148667 0.042965490184960042 0.18017390785528267 -0.12339249784148595 0.2275815794313655 -0.22020557126907203 0.33278734011245226 0.09518335529024427 0.015576677712432126 0.1122726839021792 0.31092503796668536 -0.098311692894398062 -0.014880518394579316 -0.0013965246887768016 0.022636425023445539 -0.017428344125461244 -0.080257166627473106 -0.082225741000536173 -0.082649743773043155 -0.10179245830830662 -0.075480122551500092 0.29864697451900474 0.04212468785179567 0.012517949518626769 -0.086847127389820186 0.28586498375975566 -0.0067413693276852597 -0.053057601692594172 -0.15101374658675074 0.14384558562178409 0.082888496265127065 0.021691584659647791 -0.026444622938874281 0.16743041214576138 0.088601559339629279
leaf_weight=46 47 297 21 903 240 213 845 92 46 274 1739 380 54 872 815 122 409 33 26 171 1534 861 3724 261 26 47 720 24 1337 103 111 42 32 26 450 28 1036 44 133 253 93 384 141 127 267 45 176 125 59 513 720 59 57 1027 61 125 204 119 392 471 45 157
leaf_count=46 47 297 21 903 240 213 845 92 46 274 1739 380 54 872 815 122 409 33 26 171 1534 861 3724 261 26 47 720 24 1337 103 111 42 32 26 450 28 1036 44 133 253 93 384 141 127 267 45 176 125 59 513 720 59 57 1027 61 125 204 119 392 471 45 157
internal_value=1.38114e-05 -0.0163966 0.0329564 -0.000480526 0.0110415 -0.0430303 -0.0352689 -0.0240901 0.0612304 -0.0744132 -0.0328256 -0.028419 -0.0200744 0.00689433 -0.0887286 0.00472407 0.0152204 0.0244946 -0.0437028 0.0599471 0.000718098 -0.0195714 0.0190062 0.069351 0.0138668 0.00287256 0.0667132 0.035117 0.0414404 0.0528413 -0.0362912 0.0604893 -0.0613598 -0.00878123 0.0573616 0.0614151 0.0527631 0.114701 0.0257235 0.0667109 0.0463336 0.0785195 0.0967312 -0.0395321 -0.00473614 0.0785484 -0.0127356 0.00598126 0.19628 -0.00190044 -0.00480601 -0.0311032 0.197482 -0.0206869 0.0897076 -0.0546512 0.0984281 0.128712 0.0472039 -0.0393137 -0.00938443 0.040572
internal_weight=23804 15889 7915 9946 7042 5943 5081 3953 3796 1128 3445 2904 2607 4119 862 4073 3201 2766 435 1110 1656 2600 5923 548 5375 287 1077 508 1651 1440 211 100 58 2227 3691 3543 3049 494 1488 635 550 1561 1177 148 2173 190 1983 296 105 1716 853 1119 85 1203 781 915 297 145 484 790 516 216
internal_count=23804 15889 7915 9946 7042 5943 5081 3953 3796 1128 3445 2904 2607 4119 862 4073 3201 2766 435 1110 1656 2600 5923 548 5375 287 1077 508 1651 1440 211 100 58 2227 3691 3543 3049 494 1488 635 550 1561 1177 148 2173 190 1983 296 105 1716 853 1119 85 1203 781 915 297 145 484 790 516 216
is_linear=0
shrinkage=0.035


Tree=50
num_leaves=63
num_cat=0
split_feature=72 67 72 46 3 46 5 81 1 34 33 58 65 71 76 35 5 18 7 67 51 51 41 3 53 52 14 42 69 38 48 79 82 18 50 18 40 28 21 23 32 45 50 48 13 30 71 38 2 71 13 38 2 34 30 1 33 10 13 66 56 5
split_gain=10215 5132.73 4145.56 4007.01 1608.93 1585.26 1763.28 1548.99 1591.69 1510.15 1457.83 1401.76 1450.64 1316.59 1328.91 1306.12 1296.11 2093.81 1569.09 1417.73 1271.61 1269.74 1651.35 1591.66 1469.6 1268.15 1252.07 1182.84 1173.17 1338.24 1271.74 1219.76 1420.23 1173.15 1229.33 1153.15 1562.46 2138.56 1149.88 1139.74 1210.7 1355.84 1159.09 1129.16 1589.21 1123.46 1121.69 1724.77 1101.82 1331.53 1473.14 1289.84 1098.6 1095.67 1087.39 1086.33 1081.09 1079.28 1291.2 1602.47 1169.89 1070.5
threshold=75.793221840879184 100.32130525291451 69.814950618217111 0.56949806949806958 54.754310344827594 0.15587044534412953 7.048809523809525 0.8994490756128416 63.755000000000003 18.603571428571431 0.51091287878787883 1.0000000180025095e-35 0.92018966662698509 68.069272774327132 0.46803013939027555 19.288018433179726 9.6414285714285732 20.016666666666669 0.35923904761904762 88.880383672277318 72.530933333333351 74.4018181818182 7.4677083333333343 59.169540229885065 109.5197111446043 3.9681904761904723 0.72923205128205137 1.25462962962963 -3.4694998480100021 31.038461538461544 0.54997440567374389 1.0257414851367599 19.500000000000004 16.255434782608699 76.201111111111132 16.078461538461543 17.016129032258068 25.129733520336611 18.031250000000004 73.361818181818194 0.53104545454545471 0.75337837837837851 73.463111111111132 0.48442053973589505 19.338541666666668 15.179144385026738 72.048993042952233 26.292892156862749 24.951190476190479 75.264500000000012 16.859605911330053 24.12701612903226 25.859605911330053 14.955533596837947 18.986111111111114 79.371710526315795 0.54642396313364061 0.53265312500000017 20.754310344827591 90.895531231276962 109.19376170548755 6.8032258064516133
decision_type=2 2 2 2 2 2 2 2 2 2 2 2 2 2 2 2 2 2 2 2 2 2 2 2 2 2 2 2 2 2 2 2 2 2 2 2 2 2 2 2 2 2 2 2 2 2 2 2 2 2 2 2 2 2 2 2 2 2 2 2 2 2
left_child=1 4 7 9 -1 6 -4 52 43 13 -11 12 56 -2 38 -8 17 18 19 -5 27 22 23 24 45 -25 -26 -13 30 31 -20 -30 61 46 -35 -21 -37 -38 39 40 -15 42 -42 44 -9 -7 47 54 49 50 51 53 -3 -10 -18 -27 -6 60 -59 -60 -16 -33
right_child=3 2 5 16 11 21 15 8 48 10 -12 20 -14 14 57 -17 33 -19 28 35 -22 -23 -24 25 26 55 -28 -29 29 -31 -32 32 -34 34 -36 36 37 -39 -40 -41 41 -43 -44 -45 -46 -47 -48 -49 -50 -51 -52 -53 -54 -55 -56 -57 -58 58 59 -61 -62 -63
leaf_value=-0.081324287344386834 -0.055482677986363173 0.016503667686047677 0.0053229829313172503 -0.10632884224864746 -0.077936413356394688 0.10676741490012284 0.10561172758459393 -0.15885262741554995 0.053894466162163042 0.035508129161596298 -0.33158543016910558 0.18445053524707189 -0.22465009349161852 0.050844033051147819 0.10364945841524006 0.31107846002861073 -0.0054697482402998598 0.18354860459191183 -0.023615312879210086 0.010121070031957257 0.020894559570529211 0.052611687115172862 -0.035588922656886991 0.066712612714071529 -0.1307448587232041 -0.028156964543423275 0.0084255701745675361 -0.03455818888200328 -0.077778113964976928 0.24680176819202515 -0.33024898664986907 -0.19696876045413644 0.28839431054417686 0.048920286647569047 -0.1331024151304189 0.044029381596293604 0.082730154180526733 0.48207954973333023 -0.18328425183638616 0.092986657170917517 -0.06826527301883431 0.11293433614734745 -0.38808069659361805 -0.042182582670491638 0.037434953465700152 0.0019893945021869875 0.17131759576583658 -0.18363119309784764 -0.040593976634032809 0.2541711390359061 -0.025308670216533376 -0.036266110371079366 0.172855483462936 0.24920386055111884 0.21604574748734448 0.070658737752763115 0.026144169989798884 0.099698848596307621 0.42257491982618967 0.16574132553854479 -0.0603715144339824 0.0049991052721233007
leaf_weight=1004 98 321 198 108 674 134 194 268 419 32 22 30 70 1067 187 47 55 77 33 1569 655 875 913 1028 185 425 138 3239 409 21 33 34 20 192 59 326 47 25 23 885 44 30 20 638 62 1846 161 33 1641 24 1428 199 66 38 53 200 149 298 37 153 74 471
leaf_count=1004 98 321 198 108 674 134 194 268 419 32 22 30 70 1067 187 47 55 77 33 1569 655 875 913 1028 185 425 138 3239 409 21 33 34 20 192 59 326 47 25 23 885 44 30 20 638 62 1846 161 33 1641 24 1428 199 66 38 53 200 149 298 37 153 74 471
internal_value=1.43243e-05 -0.0143296 -0.000561443 0.0366612 -0.0410232 0.0187095 0.0827789 -0.0239066 -0.0294307 0.066984 -0.115654 -0.0326151 -0.0721851 0.0703866 0.0747742 0.146258 0.0124843 0.00386137 -0.000635385 0.0168411 -0.023601 0.0138055 0.00682629 0.0166194 -0.00218888 0.0428184 -0.0713531 -0.0325193 -0.0361474 -0.0262304 -0.178315 -0.0325018 0.00280445 0.0619062 0.0059406 0.0236309 0.0768013 0.22381 0.0602832 0.0630671 0.0402269 -0.0798832 -0.170495 -0.069433 -0.121963 0.00910736 0.108322 0.0360158 -0.0190932 -0.00234824 -0.00536433 0.038032 0.043366 0.0703969 0.103699 0.00348967 -0.0590845 0.114732 0.145455 0.216753 0.0571055 -0.00877318
internal_weight=23804 17108 11287 6696 5821 6183 439 5104 4717 2970 54 4817 893 2916 2818 241 3726 3173 3096 2075 3924 5744 4869 3956 2303 1653 323 3269 1021 955 66 934 525 553 251 1967 398 72 2069 2046 1161 94 64 968 330 1980 302 141 3749 2108 2084 656 387 457 108 625 823 749 488 190 261 505
internal_count=23804 17108 11287 6696 5821 6183 439 5104 4717 2970 54 4817 893 2916 2818 241 3726 3173 3096 2075 3924 5744 4869 3956 2303 1653 323 3269 1021 955 66 934 525 553 251 1967 398 72 2069 2046 1161 94 64 968 330 1980 302 141 3749 2108 2084 656 387 457 108 625 823 749 488 190 261 505
is_linear=0
shrinkage=0.035


Tree=51
num_leaves=63
num_cat=0
split_feature=76 71 51 58 18 71 14 41 51 77 5 65 79 39 62 3 10 2 25 71 10 39 10 33 41 75 22 20 70 55 51 3 76 44 30 0 52 43 39 17 80 21 42 0 52 75 22 55 50 40 56 32 43 55 3 67 0 35 47 23 32 51
split_gain=9249.34 5946.82 3630.45 2806.63 2289.47 2221.07 2105.18 1933 2223.02 1762.83 1899.44 1728.28 1667.4 1622.43 1992.3 1592.87 1592.79 1493.88 2188.15 1426.32 1389.77 1389.23 2005.12 1378.23 1834.03 1358.48 1349 1364.73 1307.43 1368.14 1293.83 1534.07 1262.56 1245.23 2253.36 1790.88 1894.89 1242.12 1219.34 1200.23 1157.7 1359.57 1152.23 2213.6 1484.83 1228.52 1225.3 1150.71 1136.72 1134.23 1130.38 1127.36 1647.73 1249.35 1109.11 1117.24 1099.83 1074.75 1141.34 1093.25 1198.07 1152.42
threshold=-0.044840925176342493 71.55685606060608 69.771314285714297 1.0000000180025095e-35 12.1225 67.849721428571428 0.68051000000000006 6.6198686371100175 73.640952380952385 9.2596170816094538 6.4309523809523821 0.89071311248625962 0.8518619418643415 33.155048076923087 105.38373977116152 59.859605911330057 0.48380000000000001 31.509259259259263 58.479130434782611 69.473985294117668 0.47750806451612904 36.784161490683239 0.49258578431372552 0.57897916666666682 5.7703296703296711 167.66591975249088 15.983870967741938 3.4928571428571433 5.2768765077350048 99.737767237830539 67.320666666666668 63.297058823529419 0.16439552124673254 18.40454545454546 20.547727272727276 4.5000000000000009 -3.7333333333333338 13.474937343358398 31.492424242424246 41.023809523809533 0.98220083006414438 10.465476190476194 3.3385416666666674 17.500000000000004 -1.455087719298241 153.22080695655421 19.013888888888893 115.19161059047637 70.773563218390819 10.634848484848487 88.838669493218717 0.49251190476190482 13.924501424501427 94.867844858501641 54.963624338624349 107.55730062545051 26.500000000000004 15.278888888888892 0.72869892102846656 75.508064516129039 0.53421825396825406 73.748545454545464
decision_type=2 2 2 2 2 2 2 2 2 2 2 2 2 2 2 2 2 2 2 2 2 2 2 2 2 2 2 2 2 2 2 2 2 2 2 2 2 2 2 2 2 2 2 2 2 2 2 2 2 2 2 2 2 2 2 2 2 2 2 2 2 2
left_child=2 5 6 16 11 47 -1 9 39 10 26 20 -6 14 28 -11 -3 33 -19 40 -4 -22 -23 54 -25 42 -5 -28 -7 51 -16 49 -27 57 35 -35 -37 -24 -26 56 -14 -42 43 -10 -45 46 -44 50 -38 -32 -2 -30 -53 -54 -8 -56 -9 -15 59 60 -59 -61
right_child=1 3 4 7 12 13 23 8 25 15 -12 -13 19 17 30 -17 -18 18 -20 -21 21 22 37 24 38 32 27 -29 29 -31 31 -33 -34 34 -36 36 48 -39 -40 -41 41 -43 45 44 -46 -47 -48 -49 -50 -51 -52 52 53 -55 55 -57 -58 58 -60 61 -62 -63
leaf_value=-0.092798131043747886 -0.17417895658424237 -0.11904661227146181 -0.059897915500516478 0.1760420398206422 -0.16103781516163063 0.013436288851703735 -0.08738053229739623 -0.01599429357752646 0.053441315681049976 0.51356720409836887 0.090643526416765735 -0.1807328275239842 0.055490192549212003 0.074130645646797902 -0.012200722666816577 0.10360129084142876 0.0075445168123469304 -0.062456336015004388 0.33312629431731078 0.017935552440740701 0.027623331118582943 -0.32037000560433898 0.12123103094311323 0.016624463744566473 -0.48267461541587237 0.090408061618680396 0.051907511518510946 -0.087355317307704752 -0.041591082275130531 0.081545824075710843 0.15116612622949951 0.19119823050596146 0.42808491649526231 0.13687293565316791 -0.20392801016523626 0.037145663597052625 -0.1603143204559698 -0.16620588121780983 -0.12722464975904912 0.15327865930899115 0.0853616653876762 -0.15099366371149023 0.019437449563336508 0.23668095003521755 -0.02479990277657142 0.07568494315546001 -0.12111147841708318 0.14149859856505848 -0.019000301850349913 0.042298290951246709 -0.03468294131498758 -0.30427344778319382 -0.18716958045705837 0.18670341625882361 -0.027400407286113804 0.087156176000833516 0.10829339472011283 -0.011370834006689774 -0.10772223291049238 0.014758223138125342 -0.12566333060984711 0.15615154819859717
leaf_weight=1221 74 156 978 49 70 2290 365 1131 595 21 1687 103 71 193 365 26 548 32 36 3009 564 36 42 35 25 33 168 176 412 89 128 103 23 68 110 174 188 32 23 60 36 165 311 154 32 331 100 43 111 1355 1616 53 23 20 1857 110 94 1075 142 459 125 83
leaf_count=1221 74 156 978 49 70 2290 365 1131 595 21 1687 103 71 193 365 26 548 32 36 3009 564 36 42 35 25 33 168 176 412 89 128 103 23 68 110 174 188 32 23 60 36 165 311 154 32 331 100 43 111 1355 1616 53 23 20 1857 110 94 1075 142 459 125 83
internal_value=1.50119e-05 0.0166362 -0.0286213 0.0448393 -0.00958539 -0.000511943 -0.0553474 0.0540669 0.0352838 0.0793424 0.0745046 -0.0419647 0.00737511 0.00760849 0.0198742 0.290329 -0.0205665 -0.0136138 0.147822 0.0109932 -0.0332585 0.00540696 -0.10808 -0.0363959 -0.176141 0.0630942 0.00519005 -0.0193565 0.00140767 -0.044699 0.047191 0.0608611 0.23172 -0.0176655 -0.0598835 -0.0304276 -0.0546058 -0.0033003 -0.315494 0.00109649 -0.0656851 -0.108537 0.0568176 0.0864818 0.19173 0.0255524 -0.0148565 -0.036277 -0.107984 0.051745 -0.0408428 -0.066882 -0.174608 -0.0130475 -0.031384 -0.0209718 -0.00641397 -0.00442005 -0.0124863 -0.00469241 -0.0233266 0.0365411
internal_weight=23804 15062 8742 5695 5106 9367 3636 4991 2864 2127 2080 1755 3351 7634 4838 47 704 2796 68 3281 1652 674 110 2415 83 1579 393 344 2887 597 1951 1586 56 2728 651 541 473 74 48 1285 272 201 1523 781 186 742 411 1733 299 1483 1690 508 96 43 2332 1967 1225 2077 1884 1742 1200 542
internal_count=23804 15062 8742 5695 5106 9367 3636 4991 2864 2127 2080 1755 3351 7634 4838 47 704 2796 68 3281 1652 674 110 2415 83 1579 393 344 2887 597 1951 1586 56 2728 651 541 473 74 48 1285 272 201 1523 781 186 742 411 1733 299 1483 1690 508 96 43 2332 1967 1225 2077 1884 1742 1200 542
is_linear=0
shrinkage=0.035


Tree=52
num_leaves=63
num_cat=0
split_feature=82 71 71 81 1 51 27 52 58 2 49 18 0 81 56 51 41 30 43 14 12 14 67 50 79 51 6 43 24 46 63 21 36 3 39 42 27 61 63 34 65 3 78 51 36 41 48 77 25 47 65 21 20 71 81 75 14 46 69 29 38 34
split_gain=8739.05 4561.19 3931.13 2267.59 1912.04 1937.81 1652.81 2236.74 1556.71 1586.86 1528.89 1443.23 1409.9 1394.94 1383.17 1415.46 1381.31 1377.6 1350.62 1349.18 1344 1306.05 1503.03 1436.19 1248.19 1235.33 1253.39 1229.83 1227.06 1516.79 1210.09 1252.91 1248.08 1207.78 1193.09 1191.09 1638.53 1537.51 1184.03 1166.5 1162.97 1156.17 1129.84 1127.02 1120.61 1116.78 1114.39 1099.85 1549.53 1370.7 1093.67 1087.18 1086.92 1057.57 1057.21 1057.15 1056.74 1115.72 1155.76 1086.98 1047.9 1045.73
threshold=-54.499999999999993 69.803412698412714 70.953300653594781 1.1381233258848946 74.014705882352956 72.904142857142872 7.1690476190476202 6.2554999999999916 1.0000000180025095e-35 19.513157894736846 -0.44702470152659901 10.854497354497356 3.5000000000000004 0.8994490756128416 86.999382501090665 81.626666666666679 7.7165178571428585 17.15504807692308 16.976190476190478 0.77786666666666682 19.720779220779225 0.75177097902097911 106.9788932108065 65.467619047619067 1.2278344137250421 70.180434782608714 22.013513513513519 12.803225806451616 27.819805194805198 0.88117647058823534 98.947809613437855 15.078461538461541 0.68834408602150543 55.25403225806452 35.603571428571435 3.3708994708994711 4.4686274509803932 0.31868910781660259 109.39698859452251 17.961038961038962 0.091163361661460218 53.546920821114377 -3.0898562630830066 74.680869565217407 0.72160555555555572 5.7867965367965377 0.48851358368659409 1.3676450948781922 55.50714285714286 0.56847490240133791 0.20858470910743851 15.298148148148149 1.8032258064516131 66.016374458874466 0.88827777600864344 161.17359319059724 0.68363068181818198 0.30901856763925734 -14.855639523450995 0.30721666666666669 26.557189542483666 15.19337606837607
decision_type=2 2 2 2 2 2 2 2 2 2 2 2 2 2 2 2 2 2 2 2 2 2 2 2 2 2 2 2 2 2 2 2 2 2 2 2 2 2 2 2 2 2 2 2 2 2 2 2 2 2 2 2 2 2 2 2 2 2 2 2 2 2
left_child=2 8 20 4 5 28 38 11 12 -10 -7 -8 27 17 -15 25 50 -4 24 42 33 22 30 45 43 -16 39 -2 29 56 32 60 -11 52 53 -35 -37 -38 -6 44 -39 -23 -9 54 -27 -24 -43 48 -40 -50 -13 -28 -1 -14 -19 -52 -3 59 -59 -58 -32 -12
right_child=1 3 13 -5 6 10 7 19 9 21 61 16 34 14 15 -17 -18 18 -20 -21 -22 41 23 -25 -26 26 51 -29 -30 -31 31 -33 -34 35 -36 36 37 40 47 -41 -42 46 -44 -45 -46 -47 -48 -49 49 -51 55 -53 -54 -55 -56 -57 57 58 -60 -61 -62 -63
leaf_value=0.08910494159628278 -0.051383844036695582 -0.047293142124515353 0.15256150873169447 -0.097844962118825318 -0.023134899508964243 -0.25079587779854834 -0.1743435323221583 -0.099898629064112912 -0.21798200651761651 -0.071795402244722278 0.035098618446073024 0.23794309600156088 -0.2290964645024772 -0.086701939542753723 -0.010017147532597482 0.23561035052356646 0.012481068203070024 -0.017632242732989096 -0.13561714176362075 -0.30339625500043238 0.1976873125306676 -0.10371222934576535 0.018245498246526066 0.035662531600627614 0.31561334561249793 0.013331372597910238 0.085780120450537095 0.20289099774581115 -0.079671985090183278 0.19281091306165413 -0.060610243016016634 -0.17152890501453524 0.0013981965739676839 0.029347206495602823 -0.20059184982013506 -0.2462293977427156 -0.27612093544240096 0.25371684351702073 0.38695374232265689 -0.13308622477911072 -0.0064399240557907146 0.13764472378458459 0.020941298865603506 0.12369576101399145 0.10902433760288684 -0.24636897780299188 0.011259111965970361 -0.12868744923554218 -0.023488555825764326 0.24919568874375594 0.051138221958243336 -0.032937513728657879 -0.045242608986817659 -0.066352149592572171 0.12026761862199388 0.12699220550000709 -0.041157859799752797 -0.1428953082388186 -0.0056737914729211286 0.13694874980884145 0.034738347815869153 -0.014939662014149166
leaf_weight=81 64 1192 314 284 1228 26 35 152 55 396 1387 45 53 96 425 48 795 231 39 22 44 84 36 524 25 705 1238 36 497 40 2102 117 1018 2130 119 36 25 21 22 54 1003 105 250 233 190 42 451 25 69 33 1355 102 779 590 96 270 63 80 1142 124 151 810
leaf_count=81 64 1192 314 284 1228 26 35 152 55 396 1387 45 53 96 425 48 795 231 39 22 44 84 36 524 25 705 1238 36 497 40 2102 117 1018 2130 119 36 25 21 22 54 1003 105 250 233 190 42 451 25 69 33 1355 102 779 590 96 270 63 80 1142 124 151 810
internal_value=1.48088e-05 -0.0149526 0.0300606 -0.000456168 0.00241098 -0.011534 0.0197929 0.0346806 -0.0392106 -0.0318254 0.0134642 0.0472874 -0.0826946 0.0557524 0.0435817 0.0481262 0.0504704 0.0927888 0.0626072 -0.0396117 0.00637874 -0.029766 -0.0365813 0.0147722 0.0759326 0.0447663 0.0549394 0.0406743 -0.0292435 -0.019739 -0.044753 -0.06004 -0.0191158 0.00428822 -0.0989054 0.0141444 -0.0156974 -0.00766902 -0.011819 0.0241403 -0.000980041 0.0169263 -0.0248081 0.0649544 0.0336995 -0.124856 0.0352354 0.0811841 0.123872 0.0654839 0.0685439 0.0767319 -0.0325405 -0.0799396 0.0229632 0.063779 -0.0230455 -0.00252024 -0.0147148 0.0769765 -0.054212 0.0166495
internal_weight=23804 15889 7915 9946 9662 5361 4301 2924 5943 5081 2223 2500 862 3796 2858 2762 2465 938 624 424 4119 5026 4386 602 585 2714 2289 100 3138 2641 3784 2370 1414 4075 762 3215 1085 1049 1377 949 1024 640 402 560 895 78 556 149 124 102 1670 1340 860 643 327 1625 2601 1409 1222 187 2253 2197
internal_count=23804 15889 7915 9946 9662 5361 4301 2924 5943 5081 2223 2500 862 3796 2858 2762 2465 938 624 424 4119 5026 4386 602 585 2714 2289 100 3138 2641 3784 2370 1414 4075 762 3215 1085 1049 1377 949 1024 640 402 560 895 78 556 149 124 102 1670 1340 860 643 327 1625 2601 1409 1222 187 2253 2197
is_linear=0
shrinkage=0.035


Tree=53
num_leaves=63
num_cat=0
split_feature=72 67 72 46 68 58 67 51 63 37 74 32 69 6 33 75 48 34 56 33 51 15 63 42 28 71 14 65 24 18 71 15 3 76 81 40 67 22 25 79 3 21 58 27 8 18 31 22 9 7 15 26 23 32 45 20 8 26 42 10 13 68
split_gain=8499.09 4436.8 3943.52 3445.97 1868.38 1733.51 1725.49 1400.98 1456.53 1593.29 1560.35 1658.91 1600.29 1453.07 1487.57 1390.73 1442.86 1384.41 1382.12 1329.85 1254.19 1249.46 1310.22 1249.02 1172.42 1293.06 1168.31 1160.83 1151.67 1168.17 1144.45 1137.05 1135.26 1129.01 1097.02 1158.35 1088.15 1067.77 1061.97 1302.17 1282.14 1059.29 1051.28 1277.38 1071.53 1031.37 1050.17 1073.74 1028.75 1016.49 1015.13 1013.29 1011.07 1098.81 1260.55 1035.82 1110.93 1253 1010.96 1008.34 1121.54 1365.36
threshold=75.793221840879184 95.319869398984068 70.345836122989923 0.56949806949806958 -4.1957321892498447 1.0000000180025095e-35 109.72494085239752 72.904142857142872 99.398972467877016 7.3169856459330154 3.8898750622172433 0.54715394736842116 0.54658506770659454 20.306020066889634 0.47978235294117655 162.57554155551176 0.52515788936243502 18.603571428571431 84.455660296966968 0.51091287878787883 67.320666666666668 5.954451345755694 100.01667689836653 1.7537878787878791 19.779513888888893 67.894592988710656 0.72823303167420828 0.96642390384551813 22.982758620689658 11.61721611721612 68.069272774327132 6.5577777777777788 62.412778904665323 0.46803013939027555 0.88294412205061668 10.574175824175827 104.13125107038202 19.716517857142861 54.755000000000003 0.92884493528630896 51.688259109311751 18.031250000000004 1.0000000180025095e-35 9.5536398467432964 15.187830687830688 9.2899159663865571 29.881944444444446 20.134848484848487 34.732051282051295 0.4009188311688312 11.575187969924814 0.4239258241758242 73.361818181818194 0.53104545454545471 0.75337837837837851 2.2529069767441867 21.403703703703709 0.47355050505050511 2.5847701149425295 0.50126120857699819 20.338541666666668 -4.0815321124088078
decision_type=2 2 2 2 2 2 2 2 2 2 2 2 2 2 2 2 2 2 2 2 2 2 2 2 2 2 2 2 2 2 2 2 2 2 2 2 2 2 2 2 2 2 2 2 2 2 2 2 2 2 2 2 2 2 2 2 2 2 2 2 2 2
left_child=1 5 6 17 21 -1 7 8 50 10 11 12 24 14 18 42 49 30 -11 -19 -16 22 -4 -7 25 -10 -24 58 34 32 -2 48 51 41 -23 -36 -20 -27 39 -25 -40 52 -5 44 -44 -15 -47 -48 -22 -17 -3 -30 53 -32 -55 -54 57 -57 -18 -35 -61 -62
right_child=3 2 4 15 -6 23 -8 -9 9 13 -12 -13 -14 45 20 16 27 19 36 -21 31 28 26 38 -26 37 -28 -29 29 -31 33 -33 -34 59 35 -37 -38 -39 40 -41 -42 -43 43 -45 -46 46 47 -49 -50 -51 -52 -53 55 54 -56 56 -58 -59 -60 60 61 -63
leaf_value=-0.11866068100771809 -0.05252949245667398 -0.013165896005546705 0.14225822972158594 -0.045058486197631933 -0.00069647963189648453 0.17159224633115991 0.014542177844054449 0.005475256199740053 -0.12210426999602404 -0.22925649133950105 -0.13433091017716764 -0.075992069114734176 0.16569464531687442 0.15325082963292419 -0.1989719802305665 0.22419959708482196 -0.12378543904914134 0.031110535330955803 -0.075570774861302786 -0.31952835792700451 -0.13558254258915531 0.28973507066948778 -0.3018198330826955 -0.29521071256883441 -0.019107745952128625 0.19327328620034848 -0.014113142154999635 -0.15742418858939658 -0.16471728016791806 0.043467723366006114 0.046829629612837723 -0.11288703138728426 0.13263453904698405 0.0098128310693143244 -0.0070854395758076973 0.1558063582081744 0.047687775654448074 -0.047277227547209144 -0.21452080150477348 -0.078541999841224175 -0.027287844923628096 -0.17820991605900707 0.19079877441030155 0.071446237904302309 -0.0030726003351497417 0.10261425122908788 -0.041817889405994645 -0.13877491107708428 0.12458174522737467 -0.035832992586683717 0.1213253270238638 -0.013530908357484703 0.18626262824945652 -0.16507647058581429 0.10821455228084426 0.066110548964292637 0.1527375062859439 -0.10695788199025974 0.060315163798285373 0.078851276996667108 0.41810113858124792 0.14908428480518215
leaf_weight=486 98 1063 22 507 5225 32 1153 1016 28 40 115 248 91 32 185 89 39 32 173 22 29 36 36 39 463 99 33 36 77 1806 1067 558 44 114 98 117 177 29 46 250 1245 23 35 357 2149 56 1502 154 50 23 73 182 111 64 30 554 164 56 491 336 25 274
leaf_count=486 98 1063 22 507 5225 32 1153 1016 28 40 115 248 91 32 185 89 39 32 173 22 29 36 36 39 463 99 33 36 77 1806 1067 558 44 114 98 117 177 29 46 250 1245 23 35 357 2149 56 1502 154 50 23 73 182 111 64 30 554 164 56 491 336 25 274
internal_value=1.40946e-05 -0.0130697 -0.0064048 0.0334416 0.0111303 -0.0607386 -0.0247575 -0.0320896 -0.0394795 -0.0493477 -0.0128045 0.0018426 0.0290692 -0.062607 -0.0920444 0.011021 0.0563393 0.0615615 -0.0356769 -0.113299 -0.118746 0.0363388 -0.0905837 -0.0432422 0.00886054 0.0916872 -0.165363 0.0335435 0.0412524 0.0327984 0.0648197 -0.0953031 -0.0307504 0.0689105 0.112066 0.0816976 -0.0132481 0.138774 -0.0476484 -0.108252 -0.0340424 0.0555536 0.000931655 0.0101164 7.56704e-05 -0.0421268 -0.0458245 -0.0508757 0.0287823 0.170847 -0.00447076 -0.0587225 0.058226 0.0367144 -0.0777078 0.0864057 0.0719697 0.050142 0.0466576 0.105741 0.122936 0.172249
internal_weight=23804 17108 15010 6696 7676 2098 7334 6181 5165 4029 1073 958 710 2956 1212 3726 678 2970 390 54 822 2451 91 1612 619 156 69 566 2360 2109 2916 637 303 2818 251 215 350 128 1580 289 1291 2069 3048 2541 2184 1744 1712 1656 79 112 1136 259 2046 1161 94 885 774 610 530 749 635 299
internal_count=23804 17108 15010 6696 7676 2098 7334 6181 5165 4029 1073 958 710 2956 1212 3726 678 2970 390 54 822 2451 91 1612 619 156 69 566 2360 2109 2916 637 303 2818 251 215 350 128 1580 289 1291 2069 3048 2541 2184 1744 1712 1656 79 112 1136 259 2046 1161 94 885 774 610 530 749 635 299
is_linear=0
shrinkage=0.035


Tree=54
num_leaves=63
num_cat=0
split_feature=72 76 67 67 72 58 72 34 44 5 1 51 61 56 76 21 18 7 62 38 64 20 9 32 11 1 3 17 5 72 26 63 76 39 53 47 43 7 45 14 5 3 38 3 0 42 76 80 43 39 51 39 56 19 19 51 43 42 19 42 4 61
split_gain=7948.55 3973.74 3404.82 2072.34 1724.15 1941.62 1574.84 1529.03 1471.61 1350.25 1425.93 1262.54 1227.81 1225.65 1212.48 1197.86 1192.14 1171.54 1521.88 2028.21 1162.39 1194.12 1224.69 1300.41 1244.17 1111.79 1087.45 1132.3 1421.19 1084.84 1122.49 1080.01 1075.34 1358.59 1305.33 1542.34 1521.96 1073.02 1159.75 1125.49 1108.02 1613.62 1054.96 1079.84 1350.66 1155.71 1267.16 1200.08 1080.71 1051.28 1050.25 1033.55 1146.7 1005.07 1004.99 1001.43 1130.89 1182.73 996.253 991.193 989.002 976.217
threshold=74.149965761366914 0.31366658740715009 105.48343732476651 95.088872316677111 64.610711977847004 1.0000000180025095e-35 68.718086176464098 9.2546296296296315 22.343137254901965 9.6414285714285732 87.023809523809533 74.321111111111136 0.8370771445725701 87.445868439019137 0.43168111725195757 17.30842391304348 9.7029411764705902 0.34302083333333339 104.57073944916502 26.508064516129036 64.500000000000014 4.6720430107526889 38.729020979020987 0.60610000000000019 0.5184393382352942 57.153409090909101 62.962758620689662 36.876893939393945 8.5735930735930754 85.437284430673671 0.53385833333333343 98.811605217347818 -0.037798053201743002 28.983333333333338 99.305768502971048 0.66668906810035855 11.868115942028988 0.33981009615384616 0.72570532915360519 0.72320714285714305 7.6228448275862073 62.674242424242429 27.45804195804196 55.42020373514432 25.500000000000004 2.186342592592593 0.17738659871305099 -3.9908015383333502 15.113247863247866 27.927248677248681 66.186018099547525 33.953463203463208 100.54220390684075 4.5577777777777788 5.7231800766283536 69.357444219066963 15.982142857142859 3.6273148148148153 8.4031250000000011 5.2029411764705893 0.45700000000000002 0.4798188693516981
decision_type=2 2 2 2 2 2 2 2 2 2 2 2 2 2 2 2 2 2 2 2 2 2 2 2 2 2 2 2 2 2 2 2 2 2 2 2 2 2 2 2 2 2 2 2 2 2 2 2 2 2 2 2 2 2 2 2 2 2 2 2 2 2
left_child=2 3 4 9 16 8 25 14 -6 10 50 15 60 -13 53 32 -1 18 -15 -20 -9 22 26 24 -24 -4 -22 28 -28 30 37 51 33 -5 35 -35 61 38 -3 40 55 -42 43 54 45 46 -45 49 -46 -48 -2 -19 -53 -7 -8 -40 57 -57 -33 -12 -11 -36
right_child=1 29 6 11 5 7 42 20 -10 12 59 13 -14 17 -16 -17 -18 31 19 -21 21 -23 23 -25 -26 -27 27 -29 -30 -31 -32 58 -34 34 36 -37 -38 -39 39 -41 41 -43 -44 44 48 -47 47 -49 -50 -51 -52 52 -54 -55 -56 56 -58 -59 -60 -61 -62 -63
leaf_value=0.014656925577209611 -0.14677654953932889 0.046599380826081407 -0.143819416836552 -0.29234295105934144 -0.069598166286934993 -0.12155895904699963 0.032507798187420646 -0.052851086019949471 0.17271211411555612 0.12200056924086353 0.18641168714699344 -0.097601303022324559 0.13262396476834221 0.052779541307075441 -0.14644712058633147 -0.18511177563136572 -0.097352614528160061 -0.15343082524448867 0.094384352395051344 0.32378929041397003 -0.013975363296768963 0.033497644984038677 -0.060268794695094649 -0.31511395513746476 0.049350878538544654 -0.011158686415708328 0.27033752170933623 0.26464573585987095 -0.048095888281896204 0.15931338921407376 -0.19201578666720281 0.079111876872354159 0.026664265246610096 0.020449128113597274 0.11283787297926812 0.39263399129669846 -0.070518466423840631 0.04318103035589451 -0.17238353685821808 0.20323833296402641 0.056546861547690182 0.37824674318797558 0.17599713055393018 0.0096443678162865479 0.066049855765751536 0.0019486644282080664 0.029820299746188442 -0.098912359754974949 0.25939483589374207 0.21086990001521422 -0.027358328207957021 -0.10228007117433287 0.10958695759092059 0.0852896605074802 -0.075128332999170808 0.058988932228329558 -0.11919032951652028 0.33098682531013207 -0.067442231095474189 -0.085715461807780793 -0.11741301068439235 -0.0086997086838316359
leaf_weight=141 95 328 80 21 1257 31 182 1165 31 32 61 61 131 304 35 36 662 63 134 73 3911 571 992 22 145 2011 22 33 72 143 21 432 2892 41 113 20 402 1305 24 172 45 33 54 235 458 1522 56 25 38 133 1649 54 73 338 254 86 30 25 65 22 60 282
leaf_count=141 95 328 80 21 1257 31 182 1165 31 32 61 61 131 304 35 36 662 63 134 73 3911 571 992 22 145 2011 22 33 72 143 21 432 2892 41 113 20 402 1305 24 172 45 33 54 235 458 1522 56 25 38 133 1649 54 73 338 254 86 30 25 65 22 60 282
internal_value=1.34889e-05 0.025208 -0.0162214 0.0124689 -0.0286415 -0.0240709 0.00697515 -0.01711 -0.0636987 -0.0172189 -0.0271477 0.0244835 0.0639892 0.0548615 0.0490373 0.0144305 -0.0776835 0.062665 0.102779 0.175888 -0.0209683 -0.0145241 -0.0198037 -0.0515104 -0.0462705 -0.016269 -0.010697 0.0898923 0.0274301 0.0661761 0.0597002 0.0327694 0.0163607 -0.017531 -0.0106344 0.144734 -0.0226135 0.0623293 0.0959047 0.134762 0.0859616 0.194238 0.0234131 0.0205438 0.0295183 0.0165147 0.0658253 0.127337 0.0811159 0.157464 -0.0339055 -0.0381233 0.0194265 0.0677617 -0.0302039 0.0343233 0.070017 0.121491 0.0598893 0.114158 -0.0338916 0.0261591
internal_weight=23804 9328 14476 7116 9428 8625 5048 7337 1288 2050 1827 5066 223 1259 404 3807 803 1198 511 207 6933 5768 5197 1159 1137 2091 4038 127 94 2212 2069 687 3771 879 858 61 797 2048 743 415 243 78 2957 2903 2467 1971 449 214 496 189 1744 190 127 369 436 165 141 111 497 83 92 395
internal_count=23804 9328 14476 7116 9428 8625 5048 7337 1288 2050 1827 5066 223 1259 404 3807 803 1198 511 207 6933 5768 5197 1159 1137 2091 4038 127 94 2212 2069 687 3771 879 858 61 797 2048 743 415 243 78 2957 2903 2467 1971 449 214 496 189 1744 190 127 369 436 165 141 111 497 83 92 395
is_linear=0
shrinkage=0.035


Tree=55
num_leaves=63
num_cat=0
split_feature=76 71 51 1 18 14 25 37 42 65 11 79 0 18 76 58 41 58 1 22 25 27 41 29 3 48 6 27 42 71 39 50 0 0 7 56 16 34 56 75 49 25 36 44 29 24 51 0 21 8 50 11 50 80 18 68 25 14 44 35 54 81
split_gain=7165.68 4697.34 3024.28 2344.71 2006.11 1887.24 1833.87 2138.42 1782.48 1566.85 1584.8 1495.75 1481.78 1573.16 1437.58 1432.69 1426.84 1397.52 1538.3 1501.41 1845.3 1585.77 1308.14 1652.32 1320.18 1278.96 1236.49 1602.89 1350.8 1231.68 1225.41 1214.76 1327.18 1207.63 1198.11 1383.05 1187.96 1310.95 1132.32 1119.42 1157.24 1093.28 1146.11 1076.46 1068.11 1067.76 1066.55 1563.72 1053.43 1095.11 1113.82 1397.77 1132.87 1047.82 1283.44 1047.54 1035.6 1035.5 1010.12 1345.42 1038.43 993.624
threshold=-0.044840925176342493 70.059727272727272 69.771314285714297 75.482676224611723 12.1225 0.68051000000000006 61.509259259259267 8.4821200510855697 3.3385416666666674 0.89071311248625962 0.46897826086956523 0.8518619418643415 18.500000000000004 13.561250000000003 0.29837154946477906 1.0000000180025095e-35 7.5075757575757587 1.0000000180025095e-35 86.026315789473699 19.408249158249163 53.508620689655181 5.9298029556650258 6.0142857142857151 0.39118333333333338 54.434057971014497 0.67680542706633728 24.212406015037597 4.6306818181818192 1.6720430107526882 69.473985294117668 36.784161490683239 62.682857142857152 29.500000000000004 12.500000000000002 0.35923904761904762 100.00235860182084 22.672043010752692 12.438750000000001 122.99033393681471 157.08291884050422 0.00095697554583015017 57.672619047619058 0.74714835164835181 16.754310344827591 0.42005000000000003 29.40454545454546 73.856235294117667 17.500000000000004 17.017241379310349 21.781746031746035 74.726190476190496 0.54734166666666673 74.508730158730174 0.98220083006414438 14.33854166666667 -3.4720871239110518 64.020000000000024 0.68254861111111131 15.927248677248679 16.93440860215054 100.09080932578728 0.85414689529164656
decision_type=2 2 2 2 2 2 2 2 2 2 2 2 2 2 2 2 2 2 2 2 2 2 2 2 2 2 2 2 2 2 2 2 2 2 2 2 2 2 2 2 2 2 2 2 2 2 2 2 2 2 2 2 2 2 2 2 2 2 2 2 2 2
left_child=2 17 5 8 9 -1 7 16 15 10 -4 -6 13 25 -14 -3 48 44 19 31 -21 -22 -7 24 -24 -9 28 -28 -15 53 56 55 33 -33 35 -8 -32 -38 41 40 -18 42 -26 -23 58 -29 57 61 49 50 52 -52 -5 -13 -55 -19 -12 -17 59 60 -2 -48
right_child=1 3 4 6 11 22 34 12 -10 -11 30 29 14 26 -16 46 39 18 -20 20 21 43 23 -25 38 -27 27 45 -30 -31 36 32 -34 -35 -36 -37 37 -39 -40 -41 -42 -43 -44 -45 -46 -47 47 -49 -50 -51 51 -53 -54 54 -56 -57 -58 -59 -60 -61 -62 -63
leaf_value=-0.085042450428999078 -0.15042532982276038 -0.04679488993207933 -0.067551565585790035 0.075745766203255252 -0.15144964855740256 -0.0026321293238003264 0.23196596758639643 -0.15205024305261403 -0.015569249889167622 -0.17025281416419624 0.0085555762124970743 0.055499322909575252 0.026408277245251993 0.23436738323900438 0.16971581683040521 -0.0088306488213782848 -0.10846543012081038 0.080558032407543889 0.22326995762896865 -0.22844747841180557 -0.20248160871391613 0.098827176169112879 -0.13727463779051571 -0.20833405889635501 -0.069283572287838713 0.10027706720995702 0.31122226786276086 0.043535016694395502 -0.04224422831827121 0.017937041402603524 0.02609258189704991 0.027793165822208983 0.092123164208752814 -0.012321122440841317 0.047903433532586477 0.093524311355206335 0.055388426156754191 -0.24999003662561117 -0.19816835536956787 0.12114692023889624 0.036748740895996605 0.022913335546889124 0.062308586503896458 -0.059544776920433543 0.18335599606302053 -0.21616746979224974 0.21551088595390322 0.16686033171215647 -0.12460881812042662 0.13453016067383605 0.041363005613453199 -0.15357428942808699 0.28705408966357893 -0.14996688051474455 0.056859238435312653 -0.16598552109402781 0.17118533258762175 0.048015514682935911 -0.032383989185474658 -0.19138737980798157 0.071705344048493047 0.030289659916842713
leaf_weight=1221 45 264 747 763 70 1065 105 151 1754 103 701 71 480 22 104 684 135 27 36 75 53 94 164 80 573 29 26 360 559 3009 64 1289 196 3202 622 560 23 66 47 69 133 392 94 118 22 20 38 173 31 345 239 55 32 153 48 92 51 920 485 138 59 458
leaf_count=1221 45 264 747 763 70 1065 105 151 1754 103 701 71 480 22 104 684 135 27 36 75 53 94 164 80 573 29 26 360 559 3009 64 1289 196 3202 622 560 23 66 47 69 133 392 94 118 22 20 38 173 31 345 239 55 32 153 48 92 51 920 485 138 59 458
internal_value=1.41612e-05 0.0146439 -0.0251911 0.0303961 -0.00781693 -0.0495841 0.047095 0.0341186 0.0115567 -0.0381264 -0.0298374 0.00805916 0.00656694 -0.0162077 0.0520581 0.0303114 0.0608792 -0.00960723 -0.00314516 -0.00475132 -0.0757737 -0.0322021 -0.0316413 -0.0545143 -0.0447439 -0.111213 0.00116248 0.0479959 -0.0315716 0.0114859 0.00130872 0.000279784 0.00308973 -0.000804989 0.0828891 0.115547 -0.0888126 -0.171164 -0.0309643 -0.00404266 -0.0364529 -0.0234502 -0.0507003 0.0107276 -0.0542788 0.0295912 0.0392769 0.0763887 0.0758122 0.0801892 0.0629167 0.00468444 0.0844307 -0.059769 -0.10054 -0.109915 0.0196961 0.023777 -0.0615958 -0.119938 -0.0246353 0.0446898
internal_weight=23804 15062 8742 9131 5106 3636 4840 3553 4291 1755 1652 3351 1751 1167 584 2537 1802 5931 5182 5146 340 265 2415 1350 1270 180 987 406 581 3281 905 4806 4687 4491 1287 665 153 89 1106 337 268 1059 667 212 749 380 2273 669 1465 1434 1089 294 795 272 201 119 752 1604 727 242 104 496
internal_count=23804 15062 8742 9131 5106 3636 4840 3553 4291 1755 1652 3351 1751 1167 584 2537 1802 5931 5182 5146 340 265 2415 1350 1270 180 987 406 581 3281 905 4806 4687 4491 1287 665 153 89 1106 337 268 1059 667 212 749 380 2273 669 1465 1434 1089 294 795 272 201 119 752 1604 727 242 104 496
is_linear=0
shrinkage=0.035


Tree=56
num_leaves=63
num_cat=0
split_feature=72 58 71 64 0 81 80 72 43 42 64 42 17 21 71 67 24 33 49 34 22 42 51 78 37 36 9 25 27 80 40 15 36 7 10 80 74 9 43 22 0 11 50 1 28 38 43 3 45 36 18 0 69 73 26 52 49 36 48 10 18 17
split_gain=7027.35 4583.18 3745.15 2027.38 1925.7 1867.39 1724.45 1620.48 1591.75 1557.42 1505.46 1465.91 1329.73 1315.65 1244.05 1275.69 1252.56 1239.28 1404.24 1219.86 1188.67 1199.19 1178.33 1445.15 1257.49 1172.43 1149.84 1331.74 1122.68 1122.61 1354.19 1503.21 1194.54 1284.29 1151.03 1077.2 1074.89 1058.08 1128.81 1055.01 1048.59 1243.19 1042.7 1167.94 1360.74 1307.3 1300.44 1105.71 1025.22 1024.52 1033.68 1022.72 1415.98 1156.31 1664.33 1026.32 1396.77 1018.35 1006.08 1146.41 1005.33 1208.8
threshold=70.345836122989923 1.0000000180025095e-35 72.424142857142883 84.500000000000014 19.500000000000004 1.0403337140829478 -15.306492626130845 76.954845260289346 11.203448275862071 2.5508620689655177 54.500000000000007 3.7819293478260874 35.338541666666679 10.465476190476194 67.658958605664495 109.72494085239752 19.585714285714293 0.54273205741626807 -0.029500909666419498 22.600000000000005 17.607919254658388 2.4791304347826091 72.99813852813854 14.866949527554697 8.1318840579710159 0.73215833333333347 36.01315789473685 57.627314814814817 4.7165178571428585 8.873634479861602 12.430952380952382 7.3190909090909102 0.73493095238095252 0.36357878411910677 0.56601724137931042 -13.541274543184292 -5.3397996152368341 41.418010752688183 12.969223484848486 13.017857142857144 19.500000000000004 0.48402631578947369 74.165584415584433 76.274294670846402 24.561250000000005 24.935416666666672 11.367543859649127 59.55718954248367 0.80860805860805873 0.78206250000000022 16.465476190476192 27.500000000000004 -16.148636798429653 76.026845903327484 0.44786811594202908 -3.440901185770755 0.013939006710571602 0.6660250000000002 0.44995275718537758 0.46707614942528736 12.203448275862071 28.295206971677562
decision_type=2 2 2 2 2 2 2 2 2 2 2 2 2 2 2 2 2 2 2 2 2 2 2 2 2 2 2 2 2 2 2 2 2 2 2 2 2 2 2 2 2 2 2 2 2 2 2 2 2 2 2 2 2 2 2 2 2 2 2 2 2 2
left_child=5 9 3 25 6 14 -4 8 -5 -2 -7 12 -11 -6 16 -16 -1 48 -19 22 40 -22 24 60 36 39 -26 -28 -9 30 -13 32 33 -32 -33 -10 -8 49 -39 -3 41 -17 43 44 47 -45 -47 -27 -15 50 -12 53 -53 -37 -55 56 -54 -29 59 -18 -24 -62
right_child=1 2 4 7 13 10 19 28 35 11 37 29 -14 17 15 20 58 18 -20 -21 21 -23 23 -25 26 42 27 57 -30 -31 31 34 -34 -35 -36 51 -38 38 -40 -41 -42 -43 -44 45 -46 46 -48 -49 -50 -51 -52 52 55 54 -56 -57 -58 -59 -60 -61 61 -63
leaf_value=0.17253944487649889 -0.096194420624146779 -0.24316404140622996 0.15090264371541567 0.055866543466179308 0.36940848861961834 -0.12927190895215571 -0.14006523621994171 0.2476879194403348 0.075326811734030941 -0.015781770258420681 -0.044943390897180233 0.04885801498611337 0.081439809917974088 0.091169985047962546 -0.017552681455402553 -0.098194081092631072 -0.13664451374921457 0.16050711425853104 -0.10022641620961104 -0.23901023948774108 0.05631398077186809 -0.046850162572126104 -0.011841854606861551 0.15261016761448851 0.050406928738680752 -0.0011246077488565008 -0.14160966151763188 -0.10512412732788858 0.050342193473532013 -0.18132175297680359 -0.22640010254428936 -0.063524922440594073 -0.3949600015644934 0.080656402555839071 0.063137133504113846 -0.012326503749882974 0.066175771605263597 -0.25902695709480361 -0.049713401666123605 -0.028570818801595912 0.13393454288870174 0.083882477708015921 -0.13122965535125902 0.0056104345645223343 0.095399714744275388 0.30201938263883865 0.075210975651939724 -0.12803397907597433 0.26088611377855786 0.097797505669240614 0.15436646359058528 0.31472284233062825 0.04181540889459498 0.2920808825819215 0.026884344075680907 0.061924084373237043 -0.27516543283588013 0.01606686288541332 -0.068877775289255469 0.074750474618798177 -0.1670762731982548 0.055407218751121264
leaf_weight=30 404 28 151 810 20 284 33 36 234 547 1699 172 251 755 3672 71 41 36 82 20 234 335 380 148 192 449 141 117 1136 73 45 463 25 26 108 3463 411 55 74 1907 189 128 56 122 145 51 79 103 46 67 32 23 42 35 159 311 28 306 950 129 30 1615
leaf_count=30 404 28 151 810 20 284 33 36 234 547 1699 172 251 755 3672 71 41 36 82 20 234 335 380 148 192 449 141 117 1136 73 45 463 25 26 108 3463 411 55 74 1907 189 128 56 122 145 51 79 103 46 67 32 23 42 35 159 311 28 306 950 129 30 1615
internal_value=1.38943e-05 0.0135313 0.0209332 0.00816936 0.0471708 -0.0267388 0.0353525 0.0194032 0.0108789 -0.0344291 -0.0540918 -0.0198107 0.0148254 0.0917295 -0.0162694 -0.00817209 -0.0488422 0.085485 -0.0203094 0.0301876 0.0278079 -0.0044058 0.0318201 0.0471902 0.00397636 -0.0158134 -0.0234746 -0.0486543 0.05651 -0.0501127 -0.0385911 -0.0611666 -0.188967 -0.11413 -0.0395274 0.00238831 0.0506989 -0.0429793 -0.139638 -0.0317399 0.0750029 0.0188197 0.014848 0.0235363 0.000167212 0.0880299 0.165033 -0.0249059 0.101078 -0.0360056 -0.0412133 -0.00182239 0.0509859 -0.00766341 0.0753749 0.0346639 -0.0859796 -0.0175303 -0.0548495 0.0234952 0.0394479 0.0512981
internal_weight=23804 15814 13700 9217 4483 7990 3544 6277 5105 2114 2211 1710 798 939 5779 4629 1150 919 118 3393 957 569 3373 2173 1200 2940 756 564 1172 912 839 667 96 71 571 4295 444 1927 129 1935 388 199 1005 949 697 252 130 552 801 1798 1731 4061 404 3657 194 381 70 423 1120 170 2025 1645
internal_count=23804 15814 13700 9217 4483 7990 3544 6277 5105 2114 2211 1710 798 939 5779 4629 1150 919 118 3393 957 569 3373 2173 1200 2940 756 564 1172 912 839 667 96 71 571 4295 444 1927 129 1935 388 199 1005 949 697 252 130 552 801 1798 1731 4061 404 3657 194 381 70 423 1120 170 2025 1645
is_linear=0
shrinkage=0.035


Tree=57
num_leaves=63
num_cat=0
split_feature=72 81 46 71 58 77 5 14 32 71 35 20 0 19 6 35 50 21 32 28 18 72 40 32 10 62 42 74 45 33 56 56 37 38 6 13 38 68 36 13 58 75 37 21 22 5 71 36 43 33 2 70 49 72 51 60 53 28 3 12 9 40
split_gain=6600.49 3599.75 2842.41 2195.65 2034.32 1667.29 1664.87 1385.31 1378.84 1480.81 1323.42 1451.86 1296.72 1348.11 1210.46 1201.13 1197.68 1129.74 1127 1224.01 1113.08 1070.17 1417.98 1130.08 1077.27 1071.65 1063.78 1058.96 1174.26 1178.95 1805.11 1681.82 1069.13 1041.06 1020.46 1871.67 1152.17 1073.66 1058.42 1472.3 1016.06 1056.01 1193.55 1770.42 1009.81 1098.81 1002.64 1062.87 1200.58 1037.2 1121.94 1037.03 1002.11 1108.7 1000.83 1129.46 999.467 1059.79 1000.99 1097.48 1096.38 1119.11
threshold=75.793221840879184 0.97402820631610354 0.56949806949806958 68.509182480188485 1.0000000180025095e-35 4.6303860977573645 10.255434782608697 0.77965476190476202 0.55531288819875779 72.540104895104903 14.145502645502647 4.6035714285714286 2.5000000000000004 7.8360215053763449 26.509259259259263 28.035714285714288 63.677963636363643 15.672619047619049 0.515060661764706 14.574175824175827 20.016666666666669 82.694217398536964 13.295206971677562 0.53104545454545471 0.5565634920634922 116.17802478423151 3.4677083333333338 -6.5946650411340064 0.53452380952380962 0.51404772727272741 94.565061305019938 105.19398338132352 7.2034482758620699 23.408249158249163 25.62731481481482 20.140394088669954 27.311422413793107 16.173386015705351 0.71152666666666675 17.955533596837949 1.0000000180025095e-35 153.93767843628251 8.7165178571428594 12.546920821114371 14.81365740740741 8.2240143369175644 75.38535714285716 0.74256594202898563 13.339080459770118 0.550451388888889 32.309523809523817 -6.2080833478245472 0.0019242586369597004 81.25390074784174 66.102769230769255 30.500000000000004 86.226471351509375 29.710084033613452 54.20344827586208 14.16954022988506 33.803225806451614 12.579796264855689
decision_type=2 2 2 2 2 2 2 2 2 2 2 2 2 2 2 2 2 2 2 2 2 2 2 2 2 2 2 2 2 2 2 2 2 2 2 2 2 2 2 2 2 2 2 2 2 2 2 2 2 2 2 2 2 2 2 2 2 2 2 2 2 2
left_child=1 5 15 12 34 7 -7 16 9 10 11 -6 26 18 20 21 -1 -12 19 -14 40 23 -23 -2 25 -24 -3 33 29 31 -31 -29 -32 -20 37 36 38 -5 39 -36 -4 -42 43 44 45 -43 49 48 -48 50 -44 -51 53 -45 55 -18 -10 58 -58 60 -60 -62
right_child=2 3 14 4 8 6 -8 -9 56 -11 17 -13 13 -15 -16 -17 54 -19 27 -21 -22 22 24 -25 -26 -27 -28 28 -30 30 32 -33 -34 -35 35 -37 -38 -39 -40 -41 41 42 46 52 -46 -47 47 -49 -50 51 -52 -53 -54 -55 -56 -57 57 -59 59 -61 61 -63
leaf_value=-0.093466119132794984 0.059035596944588951 0.20039328612671811 -0.046650303369302766 -0.066307114534885997 0.03564235043261689 0.059987835760641359 0.36962041776445181 0.093039719765823606 -0.24546429431633876 0.030231246103040885 -0.0119319027892727 0.31113110748926798 0.12882770802713422 -0.14758249279912913 0.057227867076776705 -0.17966882819612073 0.12458299053936121 -0.09018919732607511 0.054169167147313853 -0.076955415994570592 0.11789116143645631 0.05061844379688743 0.013452590075967549 -0.0053986286060385205 0.29907763806299159 0.25089504662708001 -0.061054444142241981 0.063295148745548632 -0.04719426962065644 0.19637845996618269 0.042869005034558288 0.43130164857027015 -0.093966850280761724 -0.14417573507845619 -0.18564403106371563 0.20102726266269733 -0.2728915588817698 -0.28103631684133562 0.13802467244253103 0.14319054998670308 -0.024739175610361156 0.45466099978602209 0.00065727237585428387 0.12440493910875969 0.094673219811102688 0.091122774595167585 0.29727847505351646 -0.088121419557070341 0.045577955797985875 0.013285495612400257 0.25680850624067841 -0.15750750176299022 -0.083221078145636465 -0.13836077509323758 0.0083303353251687438 -0.068100751090404532 -0.18536717751407622 0.12113030382894703 0.016372294538742622 0.024139260099561119 0.093979943783818826 -0.11493571182385603
leaf_weight=158 2193 44 535 930 293 402 22 209 30 1348 4318 25 36 185 546 26 41 238 42 1239 96 197 55 393 66 40 33 60 394 52 136 20 143 138 52 49 23 29 41 24 876 21 815 86 271 20 40 29 55 75 21 103 112 25 5110 367 62 46 142 231 34 362
leaf_count=158 2193 44 535 930 293 402 22 209 30 1348 4318 25 36 185 546 26 41 238 42 1239 96 197 55 393 66 40 33 60 394 52 136 20 143 138 52 49 23 29 41 24 876 21 815 86 271 20 40 29 55 75 21 103 112 25 5110 367 62 46 142 231 34 362
internal_value=1.38052e-05 -0.0115163 0.029472 -0.0237874 -0.0150735 0.0094875 0.0764784 0.00465428 -0.008108 -0.0022289 -0.0112093 0.0577657 -0.0523756 -0.0568348 0.00910937 0.0550108 0.00139126 -0.0160302 -0.0493738 -0.0710941 0.000838713 0.0571148 0.113819 0.0492429 0.190734 0.114255 0.0886281 -0.0212334 -0.00404637 0.0373154 0.00807615 0.157448 -0.0272956 -0.097854 -0.0583035 0.0159777 -0.0492496 -0.0729472 -0.00428187 -0.0814986 -0.00282233 0.00638253 0.0226828 0.0657721 0.119533 0.280644 0.00240245 0.0961428 0.152595 -0.00909915 0.00724553 -0.0856889 -0.00952816 0.064837 0.00411622 -0.0486006 -0.0484112 -0.0415305 -0.0506062 -0.0396233 -0.0670043 -0.0968938
internal_weight=23804 17108 6696 10799 8277 6309 424 5885 7129 6222 4874 318 2522 2445 3726 2970 5676 4556 2260 1275 3180 2944 358 2586 161 95 77 985 805 411 331 80 279 180 1148 189 140 959 117 76 3084 2549 1673 535 312 41 1138 124 95 1014 836 178 223 111 5518 408 907 877 831 769 538 396
internal_count=23804 17108 6696 10799 8277 6309 424 5885 7129 6222 4874 318 2522 2445 3726 2970 5676 4556 2260 1275 3180 2944 358 2586 161 95 77 985 805 411 331 80 279 180 1148 189 140 959 117 76 3084 2549 1673 535 312 41 1138 124 95 1014 836 178 223 111 5518 408 907 877 831 769 538 396
is_linear=0
shrinkage=0.035


Tree=58
num_leaves=63
num_cat=0
split_feature=72 67 72 51 55 43 41 51 68 72 12 31 67 41 34 18 47 7 44 10 42 18 12 82 6 8 42 43 27 23 58 24 65 43 41 17 3 69 71 77 2 35 16 39 54 26 34 29 11 61 0 4 31 42 67 42 47 35 74 66 24 41
split_gain=6228.71 4159.42 2506.94 1681.25 1654.78 1643.53 1450.63 1518.78 1437.6 1385.1 1352.6 1327.95 1324.53 1315.67 1296.69 1288.46 1348.09 1294.14 1220 1209.57 1196.39 1213.33 1143.94 1136.16 1175.6 1132.13 1253.64 1133.87 1107.06 1442.7 1094.74 1187.74 1198.24 1082.77 1121.2 1082.41 1917.55 1109.73 1107.63 1079.2 1228.12 1391.91 1504.09 1110.17 1201.6 1066.88 1062.59 1058.1 1096.99 1048.32 1046.64 1120.35 1045.89 1031.98 1382.91 1716.15 1188.29 1752.35 1136.69 1064.61 1025.18 1004.81
threshold=70.345836122989923 97.867786751518409 76.809665385437256 67.215119047619055 84.405566155547703 9.339080459770118 6.0142857142857151 72.99813852813854 3.2829572551633039 85.437284430673671 10.016129032258066 27.785440613026825 108.66918744206602 7.4530791788856314 17.961038961038962 13.075498575498576 0.50143219575037767 0.32851470588235304 15.403125000000001 0.50292582417582432 1.9852941176470591 12.327956989247314 8.7171428571428589 -98.499999999999986 30.015625000000004 18.338095238095239 2.7905701754385968 13.830459770114944 9.078461538461541 72.648529411764727 1.0000000180025095e-35 21.83666666666667 0.96642390384551813 12.014285714285716 5.0151515151515165 31.763305322128858 53.654509283819635 -13.456123754512246 68.611547619047641 0.63293960719534748 24.831300813008134 20.557777777777783 26.883484162895929 35.338541666666679 96.617405770687341 0.46475500000000008 10.754310344827589 0.31205133928571432 0.44171363636363642 0.70661194257931714 20.500000000000004 0.4302899159663866 37.015625000000007 3.4309523809523812 107.12289923587251 2.6619047619047622 0.53634873124418014 17.059714795008919 -0.21428045377577118 106.63699529371002 26.56904761904762 8.6733333333333338
decision_type=2 2 2 2 2 2 2 2 2 2 2 2 2 2 2 2 2 2 2 2 2 2 2 2 2 2 2 2 2 2 2 2 2 2 2 2 2 2 2 2 2 2 2 2 2 2 2 2 2 2 2 2 2 2 2 2 2 2 2 2 2 2
left_child=3 9 8 4 -1 -4 11 23 13 30 19 -5 14 -3 -7 17 -17 18 -10 -6 21 33 -21 25 35 -8 27 -27 29 50 -2 -32 -33 34 -13 36 -25 38 -38 -37 41 42 -41 44 -42 -39 -23 -31 -49 -16 51 -9 -14 54 55 -15 57 -56 -58 -57 -60 -54
right_child=1 2 5 6 10 12 7 28 15 -11 -12 20 52 53 49 16 -18 -19 -20 22 -22 46 -24 24 -26 26 -28 -29 -30 47 31 32 -34 -35 -36 39 37 45 -40 40 43 -43 -44 -45 -46 -47 -48 48 -50 -51 -52 -53 61 -55 56 59 58 -59 60 -61 -62 -63
leaf_value=0.13500343452714317 -0.049800189455459679 0.032151059929093395 -0.12106073414495118 0.21781030011261016 -0.21221271117736362 0.052079544608383752 0.077570491700641009 -0.033839927945376269 0.19121667765216396 0.085376036043687556 -0.050107293877664265 0.31200501093753558 0.054574375624455156 -0.065150910334514617 -0.15916084840447886 0.092211053106686813 -0.010230992226507954 -0.098067881111045155 -0.02957497574423635 -0.24352570724896358 -0.0083603916249215902 -0.022030546550000654 0.032853863028795213 -0.1008553782123548 0.2098141558475273 0.2411642087141673 -0.18618107448617618 -0.11450763815086944 0.08620782088892337 -0.14351397457920409 -0.15990861600542067 -0.0036833850126220878 -0.16751477947787524 -0.080187436682206611 -0.023562701300570841 -0.1156455656357699 0.11271014025936957 0.034939158367828745 -0.10169186125266351 -0.025306507595362938 -0.041272923072510299 0.089025260406829079 -0.27779846088091537 0.048723389268430894 -0.16828892930152412 -0.063239455470473188 0.17637152599670816 -0.18675452200621367 0.00096209731202667856 0.015873875978451812 0.1920940719842911 0.13887896105889921 0.18909433090246291 -0.041055274789120674 -0.061364531034853925 0.067585708148050302 -0.13373512422971512 0.23207924583838815 0.0027980285144892322 -0.110305193258273 0.23389073344071709 -0.024209406750069724
leaf_weight=53 991 4352 66 35 129 2462 181 144 38 167 1385 21 218 344 63 188 952 355 150 25 1921 44 65 337 21 22 52 21 183 103 62 3745 55 94 28 461 34 647 206 353 157 123 31 58 219 171 131 42 371 123 55 67 205 604 33 312 44 99 74 47 34 31
leaf_count=53 991 4352 66 35 129 2462 181 144 38 167 1385 21 218 344 63 188 952 355 150 25 1921 44 65 337 21 22 52 21 183 103 62 3745 55 94 28 461 34 647 206 353 157 123 31 58 219 171 131 42 371 123 55 67 205 604 33 312 44 99 74 47 34 31
internal_value=1.50045e-05 0.0127412 0.0249821 -0.0251717 -0.0565554 0.0511503 -0.0169559 -0.0294928 0.0141082 -0.0135785 -0.0629272 0.00542191 0.0548344 0.0221949 0.0453463 -0.0144435 0.00669291 -0.0587899 0.0154234 -0.143688 0.00205241 0.0648802 -0.0448009 -0.0414481 -0.0480858 0.026276 -0.0713113 0.0680639 0.00883633 -0.00930883 -0.0169929 -0.00856815 -0.00607728 -0.0107397 0.12188 -0.0500606 -0.0282136 -0.00503527 -0.0711325 -0.0717782 -0.0502336 -0.0132057 -0.0460338 -0.0934168 -0.115388 0.0143849 0.126547 -0.0434334 -0.018322 -0.0436611 0.0568318 0.0211866 0.110057 -0.00503847 0.0170083 -0.00932971 0.0821183 0.158737 0.0152555 0.0441656 0.0763243 0.161069
internal_weight=23804 15814 10794 7990 1657 3168 6333 4059 7626 5020 1604 2274 3102 5943 2648 1683 1140 543 188 219 2239 318 90 3094 2818 276 95 43 965 782 4853 3862 3800 143 49 2797 1395 1058 240 1402 941 507 384 434 376 818 175 516 413 186 266 211 454 1591 987 703 284 132 152 359 108 236
internal_count=23804 15814 10794 7990 1657 3168 6333 4059 7626 5020 1604 2274 3102 5943 2648 1683 1140 543 188 219 2239 318 90 3094 2818 276 95 43 965 782 4853 3862 3800 143 49 2797 1395 1058 240 1402 941 507 384 434 376 818 175 516 413 186 266 211 454 1591 987 703 284 132 152 359 108 236
is_linear=0
shrinkage=0.035


Tree=59
num_leaves=63
num_cat=0
split_feature=72 67 81 71 75 67 58 76 13 31 42 48 75 7 77 13 44 69 75 30 26 28 55 3 22 52 14 68 71 48 64 22 6 3 71 75 54 51 14 9 24 7 24 11 58 67 16 62 35 37 36 13 49 45 68 48 8 16 74 74 11 81
split_gain=5867.5 3772.68 2097.96 1640.83 1523.12 1472.1 1425.29 1368.69 1296.48 1475.19 1235.54 1276.27 1208.59 1172.76 1134.16 1303.2 1081.26 1054.55 1084.93 1042.31 1041.69 1021.4 1025.43 991.717 1362.83 1180 1122.97 1039.36 1113.49 2009.81 1201.24 1250.95 999.519 994.182 991.78 1187.69 986.604 1597.84 1333.7 1645.22 1159.39 1164.38 1126.36 1345.73 1097.67 1095.6 1514.12 1198.19 1075.87 982.666 1070.55 978.671 1043.51 973.71 1152.44 966.349 962.823 1008.43 1059.23 1078.84 1032.71 1116.45
threshold=72.083511100286785 103.12835853956101 0.96994372067182189 69.717097744360913 124.17183535319872 89.973478922716325 1.0000000180025095e-35 -0.079016021034627001 15.962250712250714 45.026315789473692 2.1270161290322585 0.52640301958025038 161.17359319059724 0.3060741758241759 9.2596170816094538 19.985294117647062 18.661458333333339 7.2389832197049921 148.69692142154503 16.959166666666672 0.52705555555555572 30.348484848484851 104.75703864802388 56.753787878787882 17.534523809523815 1.298392857142858 0.72041042780748665 -3.2586203625070023 73.49041666666669 0.47537621109049683 217.50000000000003 18.565942028985507 19.721111111111114 58.651086956521745 72.048993042952233 149.66964979834316 110.41233433010113 69.771314285714297 0.66953939393939399 38.603030303030316 19.585714285714293 0.25155000000000005 21.672043010752692 0.55012665782493386 1.0000000180025095e-35 99.951004139535215 26.10172413793104 95.919472936654657 15.170289855072467 12.33854166666667 0.76268817204301087 18.716517857142861 -0.0082435814630752481 0.60303030303030314 15.672001367031202 0.61709027245320158 24.478835978835978 25.151923076923079 5.853319624048706 7.4459622002099133 0.56781666666666675 0.94890169362454724
decision_type=2 2 2 2 2 2 2 2 2 2 2 2 2 2 2 2 2 2 2 2 2 2 2 2 2 2 2 2 2 2 2 2 2 2 2 2 2 2 2 2 2 2 2 2 2 2 2 2 2 2 2 2 2 2 2 2 2 2 2 2 2 2
left_child=2 3 -1 13 -4 -6 10 8 17 -10 -3 -12 14 53 20 -16 -15 18 -5 -17 23 36 -23 -8 25 56 -27 49 30 -30 31 -29 -32 -28 -35 -36 37 38 39 -7 -40 -42 -43 -44 -39 46 48 -48 -46 50 -26 -52 -53 -2 -55 -19 57 58 -25 -60 61 -59
right_child=1 6 4 7 5 21 12 -9 9 -11 11 -13 -14 16 15 19 -18 55 -20 -21 -22 22 -24 24 27 26 33 28 29 -31 32 -33 -34 34 35 -37 -38 44 40 -41 41 42 43 -45 45 -47 47 -49 -50 -51 51 52 -54 54 -56 -57 -58 60 59 -61 -62 -63
leaf_value=0.0032448485504501731 -0.052708376572682313 -0.18341761439641316 -0.15385812337452129 -0.16245361298528213 -0.12185274042116133 -0.040997450728355991 0.0040124760826212641 0.022187914581559439 0.00097827835051452427 -0.191371861362922 -0.073214134096253228 0.070499554624295885 0.1447948178221235 -0.021754627799183301 0.041801144924603011 0.1415963910769171 -0.1041888554497697 -0.33805258363730284 0.076052787947477704 0.45017995462519056 -0.19782865263091198 -0.095060074749859919 0.15674700514753381 0.039836023605964582 0.069465871262426496 -0.012989533528776295 0.24726795384965158 -0.049462035549566616 -0.14352951578647702 0.11581223993206372 0.085319097695094132 0.1205590570835612 -0.10391367856124362 0.0067912067484873348 0.33791225264783487 0.059563931491720477 -0.053225158652068942 -0.060003301476809157 0.23359524539806126 -0.14519844648519131 0.19024820942175194 -0.12942129253225024 -0.027598635457112476 0.10352621585442058 0.13605298084020617 0.025673447131153878 -0.062335994107382643 0.25156981004368173 -0.066758738185575164 -0.13502123894464615 -0.24177952596938837 -0.14483253174511401 0.20835347923999881 0.22274904521572308 -0.074758415080780211 -0.065839865438008724 -0.10621992522427592 0.11851639777021103 0.23330006224928482 0.076506144048459832 -0.019856229398022875 0.25142622287427385
leaf_weight=3585 45 52 118 43 196 609 730 4122 1487 50 147 155 147 1886 66 33 217 36 50 23 22 27 71 460 798 328 38 113 46 172 39 99 258 168 28 56 1346 308 21 267 30 125 2087 100 34 1558 24 38 454 33 26 20 20 63 21 29 29 256 82 157 44 112
leaf_count=3585 45 52 118 43 196 609 730 4122 1487 50 147 155 147 1886 66 33 217 36 50 23 22 27 71 460 798 328 38 113 46 172 39 99 258 168 28 56 1346 308 21 267 30 125 2087 100 34 1558 24 38 454 33 26 20 20 63 21 29 29 256 82 157 44 112
internal_value=1.43803e-05 0.0161177 -0.0187358 0.00151235 -0.0293659 -0.0273412 0.040827 0.0113015 -0.0151695 -0.00533697 -0.0267019 0.000529243 0.0462595 -0.0239951 0.0428387 0.147833 -0.0302851 -0.110478 -0.034466 0.27126 0.0397219 -0.0247229 0.0872057 0.0410176 0.0490023 0.0703553 0.0313661 0.0258707 -0.00522736 0.0608695 -0.0335749 0.030015 -0.0789515 0.0814819 0.0560284 0.153839 -0.0262963 -0.019882 -0.0359481 -0.072826 -0.0222629 -0.0246079 -0.0274379 -0.0215791 0.00165849 0.0106816 -0.0317644 0.130475 -0.0524965 0.0510678 0.0582533 -0.0767666 0.0320662 0.0782396 0.148329 -0.218087 0.0914654 0.0966741 0.0709771 0.130691 0.140124 0.159263
internal_weight=23804 12806 10998 8049 7413 7295 4757 5817 1695 1537 354 302 4403 2232 4256 122 2103 158 93 56 4134 7099 98 4112 3382 1758 618 1624 727 218 509 212 297 290 252 84 7001 5655 3239 876 2363 2342 2312 2187 2416 2108 550 62 488 897 864 66 40 129 84 65 1140 1111 699 239 412 368
internal_count=23804 12806 10998 8049 7413 7295 4757 5817 1695 1537 354 302 4403 2232 4256 122 2103 158 93 56 4134 7099 98 4112 3382 1758 618 1624 727 218 509 212 297 290 252 84 7001 5655 3239 876 2363 2342 2312 2187 2416 2108 550 62 488 897 864 66 40 129 84 65 1140 1111 699 239 412 368
is_linear=0
shrinkage=0.035


Tree=60
num_leaves=63
num_cat=0
split_feature=72 67 72 46 58 46 80 25 39 47 2 42 7 37 67 18 36 7 75 48 16 7 42 29 35 36 67 48 23 2 28 0 19 48 25 38 10 40 55 70 11 3 20 70 77 6 39 71 22 10 38 42 53 31 41 43 44 40 52 3 24 12
split_gain=5525.01 3232.7 2598.87 2419.04 1379.85 1340.35 1262.2 1286.07 1385.5 1187.33 1171.62 1461.36 1439.94 1515.43 1256.78 1238.57 1218.81 1199.56 1156.15 1262.82 1127.4 1197.97 1122.61 1097.93 1096.16 1037.21 1518.02 1103.57 1060.69 1579.14 1022.09 1411.26 1148.25 1109.03 1911.67 1336.06 1000.91 993.582 1296.45 1145.89 1350.4 1056.66 1512.74 1208.78 1032.97 1113.3 1214.06 981.693 1001.16 1320.11 1294.61 1452.76 1039.57 1013.16 1471.86 1148.24 1014.68 1009.6 976.962 969.017 1033.22 1064.7
threshold=75.793221840879184 95.319869398984068 70.345836122989923 0.56949806949806958 1.0000000180025095e-35 0.46291208791208799 2.3208464252140009 64.508620689655189 36.628289473684212 0.86692708333333346 28.77525252525253 4.8248081841432233 0.31751000000000001 11.717142857142859 104.88644815752401 17.202941176470592 0.68487750000000014 0.31567261904761912 162.57554155551176 0.52515788936243502 25.477225672877847 0.32282683658170913 1.7537878787878791 0.42005000000000003 28.035714285714288 0.65825657894736855 90.531195712044664 0.66878278416739978 90.660256410256437 26.612007168458785 31.514705882352946 7.5000000000000009 6.3015151515151517 0.57002031281922594 62.579796264855695 23.408249158249163 0.51537083333333344 16.508620689655178 100.2078155967932 -7.3461638519634453 0.56660769230769248 60.563858695652179 2.5638586956521743 2.4770373029686543 2.3139471219607746 25.730303030303034 32.40312500000001 68.069272774327132 17.276819923371651 0.48575595238095243 23.054093567251467 1.9298029556650251 114.37785441648386 35.770979020979027 6.8198051948051956 12.16954022988506 17.824808184143226 12.505102040816327 -2.619999999999997 59.137147335423201 29.016129032258068 13.836021505376346
decision_type=2 2 2 2 2 2 2 2 2 2 2 2 2 2 2 2 2 2 2 2 2 2 2 2 2 2 2 2 2 2 2 2 2 2 2 2 2 2 2 2 2 2 2 2 2 2 2 2 2 2 2 2 2 2 2 2 2 2 2 2 2 2
left_child=1 4 6 24 20 10 23 9 -9 -8 11 12 17 37 -15 -12 -17 -4 25 -20 -1 -22 -6 -3 47 26 -5 -28 -27 -30 32 -32 -7 35 -35 -34 -29 38 39 -14 41 44 -43 -44 45 -41 -47 -2 49 57 52 -52 -50 -53 56 -56 -55 -49 -13 60 61 -37
right_child=3 2 5 18 22 30 7 8 -10 -11 15 58 13 14 -16 16 -18 -19 19 -21 21 -23 -24 -25 -26 28 27 36 29 -31 31 -33 33 34 -36 59 -38 -39 -40 40 -42 42 43 -45 -46 46 -48 48 50 -51 51 53 -54 54 55 -57 -58 -59 -60 -61 -62 -63
leaf_value=-0.13440046724127336 -0.05558066020252643 -0.011576778437140315 0.055978123345716294 -0.22291899628486109 0.16804218067417925 0.016165034073048576 -0.048074399082534996 0.25264613360454641 -0.035016790474836648 0.16500564680466287 0.13040923910173111 -0.0023755958189566936 0.12987526616271289 0.01586711863419589 -0.24074839149018129 -0.14883850064243262 0.1187470222278075 0.23216579038353222 0.15662293618533349 0.028177989289151391 0.11963323948952823 -0.10000900325512672 -0.039794040599252768 0.12381661985639558 -0.17365489023249106 0.0042046431271944192 -0.057857450473007194 -0.08705813484750384 -0.066964043693339581 0.30609838820497198 0.009198428007355635 0.37711356382980588 -0.053338178753196248 -0.064307666220655174 0.067181686272554927 -0.046163057785087759 0.15652453722556431 -0.12529440277751186 0.065047745656482525 -0.028826222359755408 -0.19489410704307344 0.19227612098994529 -0.1003462347250257 0.081416352983593121 0.026801029014895519 -0.30672085932168097 0.014229105546753461 0.088977695203653673 -0.030388325722782109 0.086501246847753607 0.24666663459480079 0.0011379104251614579 0.11640660018022479 0.20916463593671109 0.24874783276901286 -0.0090206066193164059 0.072568744937235086 -0.11321279105016135 -0.21753352431301931 0.055930828852324421 -0.12796128787259636 0.060607267467411845
leaf_weight=360 99 4830 600 54 32 1864 2316 37 45 32 239 52 81 42 52 45 38 51 112 566 50 76 1580 74 26 2532 311 30 23 34 34 20 408 969 157 222 64 58 578 511 44 78 74 112 413 38 23 50 430 1345 48 324 68 125 23 213 144 75 51 508 79 235
leaf_count=360 99 4830 600 54 32 1864 2316 37 45 32 239 52 81 42 52 45 38 51 112 566 50 76 1580 74 26 2532 311 30 23 34 34 20 408 969 157 222 64 58 578 511 44 78 74 112 413 38 23 50 430 1345 48 324 68 125 23 213 144 75 51 508 79 235
internal_value=1.45141e-05 -0.0105345 -0.00484544 0.0269661 -0.0512241 0.0093895 -0.0197443 -0.0403691 0.0954844 -0.0451344 0.0267781 0.0196368 0.0244843 0.0104006 -0.126576 0.0900236 -0.0263101 0.0699538 0.00818108 0.049501 -0.102899 -0.0126934 -0.0356153 -0.0095206 0.0505263 -0.00101562 -0.0494769 -0.0260963 0.00758254 0.15623 -0.00291022 0.147737 -0.0047588 -0.0198892 -0.0459491 0.000326326 0.078699 0.0168381 0.021094 0.00258458 -0.00543396 0.0013129 0.0634299 0.00900829 -0.0153559 -0.0457973 -0.186518 0.0525365 0.0563091 0.0763912 0.034817 0.0603978 -0.0102404 0.0494663 0.0804343 0.0165589 0.136326 -0.0322764 -0.10948 0.0213175 -0.0115027 0.0087393
internal_weight=23804 17108 15010 6696 2098 7676 7334 2430 82 2348 3180 2858 2755 2104 94 322 83 651 3726 678 486 126 1612 4904 2970 3048 459 405 2589 57 4496 54 4442 2578 1126 1452 94 2010 1952 1374 1293 1249 264 186 985 572 61 2944 2845 1470 1375 877 498 829 505 236 269 125 103 1044 536 457
internal_count=23804 17108 15010 6696 2098 7676 7334 2430 82 2348 3180 2858 2755 2104 94 322 83 651 3726 678 486 126 1612 4904 2970 3048 459 405 2589 57 4496 54 4442 2578 1126 1452 94 2010 1952 1374 1293 1249 264 186 985 572 61 2944 2845 1470 1375 877 498 829 505 236 269 125 103 1044 536 457
is_linear=0
shrinkage=0.035


Tree=61
num_leaves=63
num_cat=0
split_feature=71 76 58 0 81 71 22 39 14 62 26 17 54 56 17 7 29 66 21 5 41 25 51 62 52 9 81 82 2 36 37 7 35 36 35 38 1 55 39 6 1 81 41 56 19 49 39 73 61 51 31 62 26 7 25 50 25 26 61 8 14 6
split_gain=5268.68 3744.88 2407.45 2148.02 2031.69 1896.98 1546.61 1804.33 1532.18 1373.86 1341.69 1331.6 1274.77 1274.62 1235.57 1228.23 1284.12 1302.75 1227.03 1215.56 1192.62 1215.44 1188.41 1500.66 1168.18 1152.83 1134.9 1371.85 1131.71 1196.03 1123.36 1090.44 1067.4 1057 1497.73 1425.44 1314.14 1052.73 1046.56 1043.69 1011.95 1003.41 1000.46 995.321 988.573 964.105 955.727 1104.99 1044.93 953.581 952.313 942.31 938.438 938.248 938.038 937.821 933.193 1169.83 932.542 1511.83 950.774 931.374
threshold=72.424142857142883 -0.049675669750116495 1.0000000180025095e-35 19.500000000000004 0.90145116535378522 67.849721428571428 17.276819923371651 31.546920821114373 0.67439642857142867 108.29135745363251 0.45888194444444447 39.25462962962964 122.03694225544457 82.216657675686704 36.585784313725497 0.35501851851851857 0.35721825396825407 110.76053018507201 10.465476190476194 8.6614583333333339 6.1270161290322589 62.983870967741943 72.860476190476206 116.17802478423151 6.6193354978354941 36.01315789473685 0.87409060539091288 -141.49999999999997 31.207142857142859 0.68589087301587315 8.1318840579710159 0.40357738095238099 20.462912087912091 0.72529285714285729 21.207614942528739 24.962250712250711 77.468627450980406 115.19161059047637 28.262013729977117 25.730303030303034 88.20714285714287 1.1451307059777018 9.6132478632478655 88.838669493218717 4.9183333333333339 0.22842192529692532 37.42206477732794 65.420428549667761 0.82065503454078803 72.860476190476206 36.339080459770123 111.51507751292651 0.50503448275862073 0.38260357142857143 61.574175824175832 69.518064516129058 57.627314814814817 0.38942916666666672 0.94086834469877656 22.281746031746035 0.75324404761904773 21.612007168458785
decision_type=2 2 2 2 2 2 2 2 2 2 2 2 2 2 2 2 2 2 2 2 2 2 2 2 2 2 2 2 2 2 2 2 2 2 2 2 2 2 2 2 2 2 2 2 2 2 2 2 2 2 2 2 2 2 2 2 2 2 2 2 2 2
left_child=1 8 13 4 10 37 7 -7 14 20 11 -4 19 -2 -1 26 44 -18 -5 -12 21 -9 25 -24 33 32 -8 38 58 -30 -27 42 -6 41 35 -35 -37 43 -28 53 -13 -10 -15 -3 49 61 47 -29 -48 -17 -31 -33 -22 -26 -25 -43 57 -32 -11 60 -60 -45
right_child=2 5 3 18 22 6 15 9 24 28 12 40 -14 31 -16 16 17 -19 -20 -21 52 -23 23 54 39 30 27 46 29 50 56 51 -34 34 -36 36 -38 -39 -40 -41 -42 55 -44 45 -46 -47 48 -49 -50 -51 -52 -53 -54 -55 -56 -57 -58 -59 59 -61 -62 -63
leaf_value=-0.064845480508415126 -0.20642636314722207 -0.15937145233624278 0.1499610781928222 0.34890582364942974 0.0021611894642005192 0.049228803561822257 0.099496673392326346 0.0086890580331341997 -0.024028416133211997 0.034856933493470924 -0.00046976014716946401 -0.10735357491263763 0.20234563917224693 0.012451359844459458 0.041941533209210853 -0.0099924109503133421 0.050962712863612966 -0.13718975504592201 0.0752230011967467 -0.28632678817071849 -0.030623297844565488 0.17971873412192413 0.025998241339258783 0.38641255109575062 -0.10159694356724658 0.018561870090292309 -0.21381914458004309 -0.045318686916133638 -0.0094619011778227045 0.12023127101751477 0.076234894730010119 -0.20736450963455047 0.14430118496638006 -0.0063500101254485427 -0.061423053419260923 0.052288408166170128 0.27281556659852957 0.13927734284214249 -0.040557539443997939 0.024533600369358765 0.14893880898273384 -0.018749206294908245 -0.11115263278383375 -0.061433707544581287 -0.071578353836445049 0.10548685981714727 0.02777170020709803 0.022435409181081778 -0.21349686577946869 0.25927310668549891 0.40993724579086493 0.068221433494149192 -0.26409452438770342 -0.3459340802448434 0.085357843771088335 -0.2063480855425199 -0.034817692920386792 -0.18060326219155609 0.041070151744593435 -0.33244728989102124 -0.21899856562947123 -0.0075832791043406794
leaf_weight=1787 45 75 335 20 201 1860 148 773 2478 1137 96 49 29 650 143 75 286 53 1080 22 1150 54 2321 22 198 348 51 343 35 32 26 60 95 824 321 502 35 43 253 76 30 59 91 792 788 62 40 2082 48 20 25 20 21 21 30 73 437 124 86 21 21 782
leaf_count=1787 45 75 335 20 201 1860 148 773 2478 1137 96 49 29 650 143 75 286 53 1080 22 1150 54 2321 22 198 348 51 343 35 32 26 60 95 824 321 502 35 43 253 76 30 59 91 792 788 62 40 2082 48 20 25 20 21 21 30 73 437 124 86 21 21 782
internal_value=1.50346e-05 -0.00968337 0.0279704 0.0368653 0.0253694 0.0026306 0.00886498 0.0215838 -0.0307619 0.00625146 0.0872994 0.119519 -0.00351517 -0.0260938 -0.0569227 -0.00697649 -0.0364971 0.0213775 0.0803585 -0.0547779 -0.0122046 0.0199627 0.0157176 0.0301915 -0.0197489 -0.0121819 0.00519311 0.000220552 0.0334227 0.151622 -0.0312403 -0.0160857 0.0479587 -0.0151117 0.00652201 0.0225665 0.0669086 -0.0307787 -0.0699393 -0.0870652 -0.00965872 -0.0290533 -0.00278807 -0.0350939 -0.0587197 -0.0293475 0.00872147 0.0128432 -0.104252 0.0477191 0.249816 -0.138429 -0.0349241 -0.125777 0.215261 -0.122911 -0.0607619 -0.135956 0.0247671 -0.0646188 -0.01072 -0.0346927
internal_weight=23804 17673 6131 5265 4165 11156 9402 5215 6517 3355 561 414 147 866 1930 4187 1222 339 1100 118 1998 827 3604 2373 4587 1231 2965 2817 1357 92 935 821 296 4292 1682 1361 537 1754 304 295 79 2610 741 1711 883 1636 2513 2425 88 95 57 80 1171 219 52 132 587 150 1265 128 107 1574
internal_count=23804 17673 6131 5265 4165 11156 9402 5215 6517 3355 561 414 147 866 1930 4187 1222 339 1100 118 1998 827 3604 2373 4587 1231 2965 2817 1357 92 935 821 296 4292 1682 1361 537 1754 304 295 79 2610 741 1711 883 1636 2513 2425 88 95 57 80 1171 219 52 132 587 150 1265 128 107 1574
is_linear=0
shrinkage=0.035


Tree=62
num_leaves=63
num_cat=0
split_feature=76 71 77 58 2 0 71 6 35 41 22 42 0 45 51 0 50 50 74 15 24 68 6 45 17 36 48 15 32 51 28 36 40 61 42 27 3 5 47 1 70 33 41 10 46 40 0 43 36 62 3 50 75 26 35 47 16 21 32 61 39 75
split_gain=5017.84 3885.14 1950.67 1778.44 1777.57 1620.67 2360.22 1448.89 1362.46 1356 1324.19 1411.78 1342.83 1454.91 1323.06 1271.46 1268.14 1574.83 1289.04 1232.09 1212.65 1209.41 1212.94 1194.64 1153.43 1311.33 1229.26 1184.4 1145.64 1141.9 1111.98 1506.18 1078.96 1073.96 1121.43 1051.38 1129.21 1043.8 1093.11 1555.83 1041.86 1097.62 1029.65 1028.68 1105.33 1123.77 1104.34 1086.08 1035.49 1221.47 1015.39 1217.32 1231.47 1075.47 1010.4 1020.89 1004.59 999.367 1411.95 1106.84 996.674 988.171
threshold=0.30866662972826803 69.803412698412714 0.67550756196991368 1.0000000180025095e-35 27.83666666666667 19.500000000000004 72.390888888888909 21.301515151515158 24.396428571428576 6.048809523809525 19.408249158249163 3.8355855855855858 5.5000000000000009 0.71651785714285732 79.441739130434811 2.5000000000000004 72.743818181818199 72.219333333333353 -0.48509864163249711 7.7795138888888902 22.017857142857146 8.8622109589140496 24.508064516129036 0.11324786324786322 30.345490716180375 0.71708893280632424 0.56731151669202851 6.6614583333333348 0.56702083333333342 74.680869565217407 24.911067193675894 0.67293212669683256 12.059714795008913 0.26962937306506857 3.6614583333333335 8.5075757575757596 52.849002849002858 7.4791304347826104 0.38589999367829003 73.101724137931043 -10.4340314985304 0.51404772727272741 7.1455026455026465 0.52340588235294128 0.49509803921568629 9.5358974358974375 2.5000000000000004 10.508064516129034 0.64352857142857156 108.113577328597 58.910427807486634 72.577445652173921 148.69692142154503 0.4534037037037037 18.983333333333338 0.47866266862262857 30.354166666666668 11.701851851851854 0.56495150862068977 0.82620264708868751 32.935416666666676 136.12647723855997
decision_type=2 2 2 2 2 2 2 2 2 2 2 2 2 2 2 2 2 2 2 2 2 2 2 2 2 2 2 2 2 2 2 2 2 2 2 2 2 2 2 2 2 2 2 2 2 2 2 2 2 2 2 2 2 2 2 2 2 2 2 2 2 2
left_child=1 10 21 56 29 7 24 9 -6 -5 11 15 -12 -14 30 -1 17 40 -19 -18 42 22 61 -22 26 -26 -7 -28 60 -2 43 -32 -33 34 -24 -13 -37 38 39 -11 41 -8 -17 44 45 -9 -45 -46 49 -48 -35 -52 53 -53 -16 -56 -4 58 59 -34 -25 -3
right_child=4 2 3 5 8 6 16 14 -10 37 12 35 13 -15 54 20 19 18 -20 -21 23 -23 33 28 25 -27 27 -29 -30 -31 31 32 57 50 -36 36 -38 -39 -40 -41 -42 -43 -44 46 47 -47 48 -49 -50 -51 51 52 -54 -55 55 -57 -58 -59 -60 -61 -62 -63
leaf_value=0.11386293801055362 0.007070229632550315 -0.084680881051579851 -0.029048662002611931 0.029144195580717156 0.07864898164447795 0.037266373594678055 0.13768607313831649 -0.15411939328768676 -0.064930977286146482 -0.24764949012923446 0.038984642244589952 -0.056264763264434497 -0.11852523395243217 0.13569132077163559 -0.074308116549398853 -0.054402126220914726 -0.088522036764860174 0.48434379337917677 0.16228291261930991 0.077603266488716044 -0.16211080959314109 -0.11705107797651138 -0.059984463413188881 0.0096004473326358128 -0.014251311469344628 0.048371371184291141 0.42493799146940547 0.12026687953060818 -0.069191184799444319 0.074362802064482619 -0.022067810207401239 0.20345265669980708 -0.010080489612243464 0.18574984975462622 0.067512424005018445 -0.19012033189711025 0.033742941031075384 -0.11575173875520479 -0.014154413044119862 0.055078028759589566 0.14268810346417543 -0.19777408556596324 -0.23313081439500002 -0.10101506826404869 0.09996564598255292 0.032140094584801743 0.20167871832926682 -0.054556054105861923 0.027610568837107215 -0.058748950077315516 -0.082493707655609913 0.0780437982422965 0.029368138749491089 0.41710238096184205 -0.0010673653655582005 0.27843395870490972 0.13636700895837239 0.089828772613078367 0.20432244499003302 -0.26214498389217095 -0.027011648927440707 -0.017764853876437746
leaf_weight=96 1788 319 1375 594 1287 179 22 42 86 58 99 1827 440 29 20 216 62 27 36 440 62 149 236 2688 1070 663 21 60 345 373 255 74 110 75 131 30 290 167 1214 32 190 25 48 72 60 598 89 709 907 29 71 24 115 22 22 58 46 437 30 26 1377 1762
leaf_count=96 1788 319 1375 594 1287 179 22 42 86 58 99 1827 440 29 20 216 62 27 36 440 62 149 236 2688 1070 663 21 60 345 373 255 74 110 75 131 30 290 167 1214 32 190 25 48 72 60 598 89 709 907 29 71 24 115 22 22 58 46 437 30 26 1377 1762
internal_value=1.44389e-05 -0.00669544 0.00510588 0.012559 0.0384969 0.0186865 0.0404538 0.00782489 0.0696327 -0.0154685 -0.02659 -0.0224032 -0.0779622 -0.102671 0.0214216 -0.0119067 0.0911379 0.148042 0.303091 0.0570112 -0.0144686 -0.0200914 -0.0148259 -0.0101596 0.0200386 0.00971149 0.0887087 0.201421 -0.00800438 0.0187014 0.0177586 0.0503878 0.0776803 0.0259648 -0.0144352 -0.0460164 0.012481 -0.0334896 -0.0229115 -0.140265 0.10626 -0.0408801 -0.0872908 0.00561453 -0.0141684 0.0198006 0.031022 -0.0424381 0.0403449 0.137668 0.0742169 0.0378241 0.0909963 0.243019 0.146608 0.201998 -0.0236454 0.062084 -0.0109844 -0.0590787 -0.00280267 -0.0280421
internal_weight=23804 20270 12723 9819 3534 8398 2795 5603 1373 2065 7547 6979 568 469 3538 4832 802 300 63 502 4736 2904 2755 4472 1993 1733 260 81 4410 2161 3438 932 677 674 367 2147 320 1471 1304 90 237 47 264 2506 1409 640 1097 769 1025 118 307 232 161 46 100 80 1421 603 166 136 4065 2081
internal_count=23804 20270 12723 9819 3534 8398 2795 5603 1373 2065 7547 6979 568 469 3538 4832 802 300 63 502 4736 2904 2755 4472 1993 1733 260 81 4410 2161 3438 932 677 674 367 2147 320 1471 1304 90 237 47 264 2506 1409 640 1097 769 1025 118 307 232 161 46 100 80 1421 603 166 136 4065 2081
is_linear=0
shrinkage=0.035


Tree=63
num_leaves=63
num_cat=0
split_feature=76 71 81 1 58 72 71 44 30 48 24 77 3 30 66 52 6 27 13 69 65 39 28 31 55 67 68 20 22 77 58 27 30 7 39 40 45 36 67 12 22 47 28 13 6 29 26 70 17 14 22 54 3 32 33 22 38 75 31 31 20 25
split_gain=4672.59 3618.91 1839.72 1528.16 1511.24 1464.64 1368.99 1428.98 1287.77 1259.02 1248.69 1135.2 1755.89 1166.69 1378.73 1133.88 1134.8 1155.2 1125.51 1121.3 1115.22 1094.86 1094.48 1154.69 1294.85 1089.86 1043.3 1040.22 1246.92 1354.78 1236.01 1165.03 1629 1276.1 1147.69 1109.26 1161.73 1150.44 1103.66 1064.9 1132.48 1034.56 1016.53 1288.23 1010.44 1028.13 1180.72 1005.86 1031.41 1771.34 2267.2 1005.24 1111.18 994.359 988.689 984.195 1148.5 977.995 975.269 942.427 938.447 924.5
threshold=0.30866662972826803 69.803412698412714 1.1381233258848946 78.803846153846166 1.0000000180025095e-35 70.345836122989923 76.579935897435902 21.139610389610393 13.255434782608697 0.50610592532467547 22.017857142857146 9.2596170816094538 62.015625000000007 14.67204301075269 94.000472301685363 4.0333012820512915 23.015151515151519 10.509259259259261 21.88675213675214 18.113841450950208 0.96642390384551813 42.045454545454554 30.606451612903232 35.911067193675898 107.24978603344076 109.50665801248151 15.126076404722449 1.0357142857142858 19.408249158249163 0.50747230492531903 1.0000000180025095e-35 5.9607692307692313 17.057189542483666 0.34602000000000005 37.341666666666676 10.129166666666668 0.067816091954022953 0.76050925925925938 98.85976407742352 16.087121212121215 13.735087719298248 0.37122993398568854 25.508620689655178 16.39208074534162 28.016666666666669 0.37217708333333338 0.4413266666666667 -3.6077956204820576 38.785947712418313 0.73935416666666676 19.134848484848487 129.63226047470971 55.145502645502653 0.47889444444444451 0.57897916666666682 16.602325581395352 22.901612903225807 142.15800556382501 35.683014354066991 39.780193236714986 3.1835016835016838 57.346989966555192
decision_type=2 2 2 2 2 2 2 2 2 2 2 2 2 2 2 2 2 2 2 2 2 2 2 2 2 2 2 2 2 2 2 2 2 2 2 2 2 2 2 2 2 2 2 2 2 2 2 2 2 2 2 2 2 2 2 2 2 2 2 2 2 2
left_child=1 10 4 15 9 6 7 8 -6 19 26 13 -13 14 57 16 51 18 -18 54 27 41 23 24 -10 47 -1 38 30 -30 34 -31 -33 -34 39 -32 -37 -38 -12 40 -29 -11 44 -44 -43 46 -46 48 -7 50 -50 52 -2 -4 -3 60 -57 -5 -58 -9 -55 -27
right_child=3 2 53 11 5 25 -8 59 22 21 20 12 -14 -15 -16 -17 17 -19 -20 -21 -22 -23 -24 -25 -26 61 -28 28 29 31 35 32 33 -35 -36 36 37 -39 -40 -41 -42 42 43 -45 45 -47 -48 -49 49 -51 -52 -53 -54 55 -56 56 58 -59 -60 -61 -62 -63
leaf_value=-0.069617369085872696 -0.049796008055429462 -0.065927085889182724 0.090581261782579026 -0.33209497246571951 0.20815698611390765 -0.014826496463968997 0.26329585149288182 -0.052302462968541817 -0.018591326010362764 0.12826291938506323 -0.044898378568225442 0.38098104278937633 0 0.074066964153654699 0.068750067778980309 -0.050917342119825251 0.061013048043939158 -0.12063016155654495 0.22539766175682482 0.18327976861814177 -0.20762084701242328 -0.22745141543082473 0.14409359967734506 0.0087688734988352543 -0.11278459479756871 -0.012121082133111142 -0.30072033571174334 0.10751963281804294 -0.1847899491312365 -0.18817781696105618 0.08115976737336357 -0.10475613818407885 0.132335560882725 -0.061629982253584743 -0.20559265741179972 -0.22348922091768339 -0.019022941218318459 0.033683757474202956 0.28667965740290557 0.11464854809633997 -0.067351414008713348 -0.034931077291266613 -0.10880717917680742 0.09388466682708442 0.0030351942959478346 -0.11602391437458438 0.31042367440966462 0.023748489873436765 0.22653248545881258 -0.19534397762252934 -0.11924289535482727 0.23212330310685297 0.024187622585220309 0.096232031002480511 -0.2491283487956735 0.044740792227573087 -0.29882839730503113 -0.041184144782847251 -0.11501755066706955 -0.22147920077919311 -0.16473348739630775 0.084275158841742276
leaf_weight=409 330 433 35 24 34 1620 22 137 880 72 22 34 26 1004 67 242 651 39 55 20 39 26 57 1601 224 158 25 48 109 58 151 144 103 69 59 32 4929 565 27 47 711 886 47 201 29 21 32 5170 89 23 31 24 1004 46 39 30 61 34 86 57 26 530
leaf_count=409 330 433 35 24 34 1620 22 137 880 72 22 34 26 1004 67 242 651 39 55 20 39 26 57 1601 224 158 25 48 109 58 151 144 103 69 59 32 4929 565 27 47 711 886 47 201 29 21 32 5170 89 23 31 24 1004 46 39 30 61 34 86 57 26 530
internal_value=1.5032e-05 -0.00645989 0.0049299 0.03715 0.00694264 0.0119707 -0.00869001 -0.0107361 -0.00435282 -0.0226539 -0.0256607 0.0694661 0.217293 0.0615141 -0.0391757 0.0207517 0.0290107 0.0637085 0.0739746 -0.0703812 -0.0221397 -0.00476081 -0.00700727 -0.0102186 -0.0377486 0.0201368 -0.0832685 -0.021102 -0.0222275 -0.076471 -0.0182166 -0.0446882 -0.0180847 0.0545504 -0.05718 -0.0122747 -0.0148356 -0.0135994 0.138787 -0.046191 -0.0562243 -0.000176271 -0.00783369 0.0553156 -0.0240362 0.0931369 0.165558 0.015964 -0.00686244 0.0830726 0.137054 0.0099565 0.0058714 -0.0830716 -0.0813195 -0.107627 -0.151901 -0.16343 -0.192071 -0.102469 0.00146003 0.0621398
internal_weight=23804 20270 12723 3534 12439 10633 3012 2990 2796 1806 7547 1189 60 1129 125 2345 2103 745 706 492 7113 1314 2762 2705 1104 7621 434 7074 7025 483 6542 374 316 172 865 5677 5526 5494 49 806 759 1288 1216 248 968 82 61 6933 1763 143 120 1358 1334 284 472 249 177 58 147 194 72 688
internal_count=23804 20270 12723 3534 12439 10633 3012 2990 2796 1806 7547 1189 60 1129 125 2345 2103 745 706 492 7113 1314 2762 2705 1104 7621 434 7074 7025 483 6542 374 316 172 865 5677 5526 5494 49 806 759 1288 1216 248 968 82 61 6933 1763 143 120 1358 1334 284 472 249 177 58 147 194 72 688
is_linear=0
shrinkage=0.035


Tree=64
num_leaves=63
num_cat=0
split_feature=71 77 76 0 6 71 33 14 71 41 25 41 8 18 21 34 39 22 24 48 35 49 36 52 27 37 51 24 34 69 69 32 46 26 48 9 28 48 16 67 27 28 37 23 37 51 11 22 72 13 22 34 33 18 43 67 64 0 67 42 80 21
split_gain=4400.63 2744.58 2506.09 1879.46 1704.18 1377.5 1376.27 1416.97 1375.13 1782.89 1306.63 1263.47 1178.14 1141.83 1133.51 1116.59 1104.32 1468.73 1417.46 1676.82 1373.4 1335.47 1082.48 1856.41 1302.81 1073.14 2425.63 1328.04 1294.18 1093.37 1286.32 1265.91 1241.49 1098.55 1413.41 1168.6 1146.6 1097.13 1090.96 1040.55 1034.46 1087.16 1031.6 1031.29 1021.19 1603.3 1170.87 1215.15 1173.38 1063.21 1583.38 1011.68 1006.34 1002.31 1126.42 994.253 982.627 982.552 985.023 972.531 1005.23 969.245
threshold=71.55685606060608 2.1805793481549549 -0.049675669750116495 19.500000000000004 22.013513513513519 67.849721428571428 0.59304761904761916 0.67667261904761922 74.50557189542485 9.5683229813664621 61.255434782608702 7.7801932367149762 12.672619047619049 21.522727272727277 15.339080459770118 8.5092592592592613 32.848076923076931 15.754310344827589 23.158947368421057 0.48442053973589505 14.780193236714979 -0.062410423201044139 0.65002000000000015 -2.7436666666666691 7.253571428571429 6.8702664796633952 70.009444444444469 24.160645161290326 12.802777777777779 -13.04523080307524 -9.7089658234825986 0.51606696428571441 0.39339826839826841 0.44786811594202908 0.47372892788092863 39.508064516129039 17.508064516129036 0.51300172106277997 22.651086956521741 100.32130525291451 10.660256410256411 25.780193236714982 9.876893939393943 76.015625000000014 8.3385416666666696 72.816125000000014 0.50311437908496748 17.534523809523815 72.465301552375109 19.203448275862073 20.508620689655178 14.49193548387097 0.60354166666666675 15.12701612903226 11.60357142857143 110.97999258433502 94.500000000000014 13.500000000000002 93.323673327874062 3.6614583333333335 -5.5373710606607949 12.403125000000001
decision_type=2 2 2 2 2 2 2 2 2 2 2 2 2 2 2 2 2 2 2 2 2 2 2 2 2 2 2 2 2 2 2 2 2 2 2 2 2 2 2 2 2 2 2 2 2 2 2 2 2 2 2 2 2 2 2 2 2 2 2 2 2 2
left_child=2 3 6 4 8 57 7 40 44 -10 -11 14 -9 16 -3 -6 17 -7 21 -20 56 51 23 24 -5 26 28 39 -14 32 31 -31 -29 36 35 -35 -32 -38 -34 -27 41 -1 -23 -33 53 46 -46 48 -48 -47 59 55 -8 54 -2 -19 -18 58 -4 60 -51 -55
right_child=1 11 5 22 15 13 52 12 9 10 -12 -13 25 -15 -16 -17 20 18 19 -21 -22 42 -24 -25 -26 27 -28 29 -30 30 33 43 38 34 -36 -37 37 -39 -40 -41 -42 -43 -44 -45 45 49 47 -49 -50 50 -52 -53 -54 61 -56 -57 -58 -59 -60 -61 -62 -63
leaf_value=-0.047857619659816004 -0.13319780551380825 0.094336779247153502 -0.14248821122160893 0.51330310002450896 -0.10921615893795635 0.050350793308337791 -0.2603737638346646 -0.24406962136572061 0.058397044397631756 -0.30426911203481938 -0.030999885786589486 0.0047573190392875102 -0.048244063309814469 0.24944823380702355 -0.0051942347626996429 0.0213554067250031 -0.1176529772922678 -0.10684858188199477 -0.038441659094703283 0.031858754634508532 -0.01673434380819985 -0.019378358109462899 0.033033918578000816 0.036946360381807278 0.15989852856936523 -0.12476978770905651 0.18576575498950892 0.086429613634691413 0.07839249925089159 -0.0044172975295870909 -0.16118671464552117 0.29890016493430505 -0.25555993623087425 0.086843356348553752 -0.040949449008353622 -0.17070204312992948 -0.05654242787456018 0.05090425287547512 -0.0085342843779432249 -0.0059417098058723314 0.10186343467501131 -0.13140457592041246 0.16992251390939891 0.0021598326716312146 -0.15757002839968215 -0.068230216505723182 0.27175354330761492 -0.11139765049724495 -0.017897497985534062 -0.032282972308116803 -0.18553400550580323 -0.2590649004934848 -0.031871220197824436 0.20855915197290872 0.0016552521634736026 0.11200166611202429 0.1123523505331453 -0.047006443629630107 0.022217745249728148 -0.010087889903053947 0.16950326923854614 0.017881178235096676
leaf_weight=1433 95 995 48 20 82 1147 54 27 443 27 98 354 284 23 163 2917 26 154 521 2047 2952 591 1716 97 36 251 101 29 151 75 40 45 65 182 1564 24 144 599 33 141 50 220 37 21 246 304 21 163 84 42 40 43 42 47 369 30 163 1170 536 171 106 105
leaf_count=1433 95 995 48 20 82 1147 54 27 443 27 98 354 284 23 163 2917 26 154 521 2047 2952 591 1716 97 36 251 101 29 151 75 40 45 65 182 1564 24 144 599 33 141 50 220 37 21 246 304 21 163 84 42 40 43 42 47 369 30 163 1170 536 171 106 105
internal_value=1.39823e-05 0.0197684 -0.0114495 0.0107964 0.000256435 -0.000505537 -0.0300725 -0.0277611 -0.0219828 0.0254551 -0.091031 0.0626443 -0.0158027 0.00584545 0.0803276 0.0177665 0.00510226 0.0160827 0.00459322 0.01759 -0.0108726 -0.0344262 0.0410134 0.130087 0.289602 -0.0141255 0.0316985 -0.0217748 -0.00423759 -0.013378 -0.00863506 0.094084 -0.113533 -0.0143268 -0.0295954 0.0564804 0.0201808 0.0300514 -0.172879 -0.082099 -0.0542615 -0.0590155 -0.0080934 0.205262 -0.0370154 -0.0561175 -0.102483 -0.0517063 0.0410129 -0.0201164 0.0206547 -0.107083 -0.161123 -0.000495135 -0.0260609 -0.0709407 0.080466 -0.0285049 0.00856397 0.0467699 0.1123 0.0773543
internal_weight=23804 8741 15063 7229 5360 9488 5575 5479 2361 568 125 1512 3776 7734 1158 2999 7711 4570 3423 2568 3141 855 1869 153 56 3749 536 3213 435 2821 2694 141 127 2553 1770 206 783 743 98 392 1703 1653 628 66 1793 1177 514 268 105 663 359 227 96 616 464 184 189 1754 584 319 148 152
internal_count=23804 8741 15063 7229 5360 9488 5575 5479 2361 568 125 1512 3776 7734 1158 2999 7711 4570 3423 2568 3141 855 1869 153 56 3749 536 3213 435 2821 2694 141 127 2553 1770 206 783 743 98 392 1703 1653 628 66 1793 1177 514 268 105 663 359 227 96 616 464 184 189 1754 584 319 148 152
is_linear=0
shrinkage=0.035


Tree=65
num_leaves=63
num_cat=0
split_feature=72 67 72 46 58 81 34 33 67 10 22 56 43 42 6 34 16 7 61 13 18 22 7 52 36 36 1 5 53 16 11 71 72 42 35 41 34 5 66 50 27 11 46 19 56 19 11 4 78 31 60 10 15 65 66 72 5 20 25 79 67 50
split_gain=4193.11 2622.3 1914.48 1904.32 1204.14 1145.69 1108.87 1125.63 1093.48 1181.72 1088.29 1072.26 1373.61 1024.61 1023.43 1135.61 1019.63 1101.74 1017.44 1012.98 993.833 984.289 1221.55 1267.28 1181.81 1474.69 1061.6 1209.96 1024.41 1005.63 974.959 958.387 1247.81 904.622 917.633 1296.32 1177.11 1266.91 1149.36 1024.15 1036.82 1244.79 886.698 1029.1 962.098 1131.95 964.585 883.912 1058.33 877.175 875.084 1454.46 1058.4 1029.72 1062.65 1014.8 884.607 877.001 861.162 1097.25 854.24 852.686
threshold=75.793221840879184 95.319869398984068 70.345836122989923 0.56949806949806958 1.0000000180025095e-35 0.86761736026220149 18.603571428571431 0.51091287878787883 109.72494085239752 0.55583771929824566 12.703296703296704 113.50349743375897 11.868115942028988 1.7537878787878791 26.509259259259263 11.890873015873018 25.477225672877847 0.32282683658170913 0.24171415328436704 9.5833333333333339 20.016666666666669 17.131884057971018 0.35801851851851857 -9.2555833333333322 0.65975961538461558 0.65208514492753633 73.983333333333348 6.7231800766283536 109.21668123011197 29.021739130434785 0.49663068181818187 74.432435897435923 67.41351659705127 6.2886904761904772 14.145502645502647 8.2546296296296315 11.072751322751325 4.0208333333333348 92.303969586690215 72.505900621118016 10.418010752688174 0.50150862068965529 0.12771739130434781 6.4919354838709689 110.19798025721418 5.6720430107526889 0.51405718954248381 0.50046547619047621 9.1710337428464062 41.367003367003377 72.500000000000014 0.55281649831649848 9.2462121212121229 0.68138497004114562 104.31044482168652 79.559396636429568 7.5577777777777788 4.1270161290322589 54.755000000000003 0.92884493528630896 90.531195712044664 70.685164835164855
decision_type=2 2 2 2 2 2 2 2 2 2 2 2 2 2 2 2 2 2 2 2 2 2 2 2 2 2 2 2 2 2 2 2 2 2 2 2 2 2 2 2 2 2 2 2 2 2 2 2 2 2 2 2 2 2 2 2 2 2 2 2 2 2
left_child=1 4 8 6 16 11 -2 -8 9 31 -5 12 -4 -6 20 -16 -1 -18 -11 -7 21 24 23 -23 25 30 27 -26 -27 -24 -12 -3 -33 34 35 38 42 -38 -21 40 47 -42 43 -36 -44 -46 -47 -39 -49 -14 52 55 -28 -54 -55 56 -52 -56 59 -15 -32 -61
right_child=3 2 5 10 13 19 7 -9 -10 18 14 -13 49 58 15 -17 17 -19 -20 33 -22 22 29 -25 26 28 50 -29 -30 -31 60 32 -34 -35 36 -37 37 39 -40 -41 41 -43 44 -45 45 46 -48 48 -50 -51 51 -53 53 54 57 -57 -58 -59 -60 61 -62 -63
leaf_value=-0.12405318420973509 0.047313974915711474 -0.02841314408922407 -0.1069419059805649 -0.1632980007001987 0.16331410605448946 0.21040967936030891 0.020892269018063181 -0.30178590134928629 0.014443825250589194 0.19085645864587844 -0.22736550984410356 0.29778734855558364 0.13566286040524306 -0.26138052124614958 -0.046394705373372432 0.079584606313002473 0.11855820868304462 -0.09207619788461166 0.016513384679343997 -0.073170494683027276 0.11249489357198604 0.24467940973651178 -0.079616994345925132 -0.0055611216709351664 0.086305845399415063 -0.062567260384559634 -0.018963576827428753 -0.068854801306973648 -0.38291611768217648 0.096119248671264493 -0.15148052680942251 -0.12428196083255193 0.11126643683215386 -0.13218687406615318 -0.067241468003351401 -0.10159067970895769 -0.19441667514880501 -0.00082203275654882412 0.087295909508746355 0.031936831766545541 0.27084914397131904 0.02866633909826722 -0.019158421100586385 0.17793594095020585 0.041841860730299912 -0.019687992420076402 -0.18150759245347969 -0.044416986135047264 -0.33448857785070818 -0.095078218766983538 0.24254113912095529 -0.033606226502966005 0.16463696008810291 -0.16989634078505794 0.11921348491316196 0.3729527064688663 0.061035440532847707 0.0097422726932746267 -0.022988338729490333 -0.00035836380921389869 0.07039930471384595 -0.12962814843796844
leaf_weight=360 2916 5734 48 45 32 29 32 22 1153 49 21 25 147 39 110 425 50 76 240 62 95 25 488 891 83 24 347 234 25 43 26 35 123 58 36 62 37 3809 441 1760 36 91 606 49 56 64 154 63 20 23 50 67 94 28 145 23 96 234 1291 130 107 120
leaf_count=360 2916 5734 48 45 32 29 32 22 1153 49 21 25 147 39 110 425 50 76 240 62 95 25 488 891 83 24 347 234 25 43 26 35 123 58 36 62 37 3809 441 1760 36 91 606 49 56 64 154 63 20 23 50 67 94 28 145 23 96 234 1291 130 107 120
internal_value=1.32495e-05 -0.0091767 -0.0040528 0.0234927 -0.0458239 0.00816483 0.0443966 -0.112068 -0.0168403 -0.0226773 0.00682544 0.082872 0.0575847 -0.0312435 0.00892804 0.0536566 -0.0940962 -0.00832521 0.046364 0.00571662 0.00131319 -0.00216543 -0.0230927 0.00139453 0.0167126 -0.0621077 0.0281539 -0.0281462 -0.228298 -0.0653024 -0.00863862 -0.026068 0.0588385 0.00490026 0.00599202 0.0488268 0.00241913 0.0083602 0.0674568 0.00967579 -7.46522e-05 0.098137 -0.0333695 0.0742692 -0.0438067 -0.0981739 -0.134171 -0.00329249 -0.11594 0.104237 0.0446267 0.104176 0.0279981 0.060518 0.0362898 0.158759 0.123834 0.0517355 -0.0352366 -0.0898048 0.0265932 -0.0625567
internal_weight=23804 17108 15010 6696 2098 7676 2970 54 7334 6181 3726 243 218 1612 3681 535 486 126 289 7433 3146 3051 1447 916 1604 203 1401 317 49 531 154 5892 158 7404 7346 565 6781 5816 503 5779 4019 127 965 85 880 274 218 3892 83 170 1084 236 848 501 407 169 146 379 1580 289 133 250
internal_count=23804 17108 15010 6696 2098 7676 2970 54 7334 6181 3726 243 218 1612 3681 535 486 126 289 7433 3146 3051 1447 916 1604 203 1401 317 49 531 154 5892 158 7404 7346 565 6781 5816 503 5779 4019 127 965 85 880 274 218 3892 83 170 1084 236 848 501 407 169 146 379 1580 289 133 250
is_linear=0
shrinkage=0.035


Tree=66
num_leaves=63
num_cat=0
split_feature=76 71 81 10 41 62 7 28 17 14 49 0 22 47 14 67 9 34 57 0 73 67 52 41 12 77 14 37 48 32 76 15 33 20 42 12 65 77 71 66 73 0 46 38 40 47 56 66 63 21 16 26 3 12 6 60 10 31 22 15 35 9
split_gain=3947.77 3046.4 1650.54 1393.04 1315.69 1411.78 1386.95 1355.53 1212.69 1293.68 1205.94 1190.62 1673 1182.59 1180.67 1451.99 1258.98 1178.09 1157.35 1306.88 1173.24 1328.95 1150.77 1109.25 1679.65 1096.4 1092.18 1446.8 1297.16 1331.25 1520.49 1356.54 1275.92 1166.71 1266.5 1119.97 1068.59 1065.49 1060.04 1154.42 1325.44 1357.4 1053.74 1181.25 1166.02 1036.01 1034.25 1033.15 1032.08 1016.99 1421.56 1034.79 1008.1 991.282 1220.16 997.789 980.925 979.926 977.023 972.122 1561.33 963.488
threshold=0.30866662972826803 69.803412698412714 1.1381233258848946 0.51778888888888897 7.4220647773279369 104.35529285886201 0.34401612903225809 28.017241379310349 32.901612903225818 0.65302173913043482 -0.011932773347505499 2.5000000000000004 19.408249158249163 0.48611141173641176 0.68572048611111125 109.83605641361852 39.672043010752695 18.603571428571431 1.0000000180025095e-35 22.500000000000004 61.136148892663847 107.04706656121901 -1.5026285714285803 6.4309523809523821 9.9110671936758905 0.50747230492531903 0.69112250000000008 6.6510869565217403 0.5555645743145744 0.52339444444444461 -0.28726463512439188 8.3858560794044674 0.46760990338164254 4.507142857142858 4.3618181818181823 18.017241379310349 0.70841535526509358 1.3581654764651507 71.704504830917884 111.41236643590101 79.16778173624256 14.500000000000002 0.83558558558558571 26.753787878787886 15.797058823529413 0.54801333601707702 92.261802494346654 103.99130830208701 106.88237410452102 10.361818181818183 24.177521008403364 0.41764961636828646 62.25462962962964 11.60357142857143 22.067816091954025 47.500000000000007 0.54460769230769246 31.191391941391945 17.070197044334979 9.0465367965367971 15.627314814814817 34.938446969696976
decision_type=2 2 2 2 2 2 2 2 2 2 2 2 2 2 2 2 2 2 2 2 2 2 2 2 2 2 2 2 2 2 2 2 2 2 2 2 2 2 2 2 2 2 2 2 2 2 2 2 2 2 2 2 2 2 2 2 2 2 2 2 2 2
left_child=1 11 4 -2 7 17 49 26 9 -5 -8 56 18 -12 15 -10 -17 22 19 23 -21 -22 38 -13 36 -14 42 33 35 30 -30 -32 -33 34 61 -29 37 -25 -6 40 41 -40 43 -3 48 52 -44 -19 -45 50 -7 -51 -34 54 -15 -55 -1 -26 -46 -20 -61 -28
right_child=3 2 -4 8 5 6 10 -9 14 -11 13 12 25 53 -16 16 -18 47 59 20 21 -23 -24 24 57 -27 27 28 29 -31 31 32 45 -35 -36 -37 -38 -39 39 -41 -42 -43 46 44 58 -47 -48 -49 -50 51 -52 -53 -54 55 -56 -57 -58 -59 -60 60 -62 -63
leaf_value=0.006561133714256491 0.0046918450429493655 -0.0080070330109530009 -0.078843001230084628 0.15941977629178078 -0.03801011194537867 0.42235218889214271 -0.060722683172253163 0.065440207393288999 -0.0028074056056111981 0.0012308450905518819 0.26658723903209608 -0.010908453087275997 -0.18627403481907623 -0.33348826063551557 0.091426093207619213 0.077018712122540384 0.37839760539415818 -0.04594521245137554 -0.089712014468044665 -0.20016757047710135 -0.0050124552813338667 0.063560104529156433 -0.040596022845448679 -0.042692792420871421 -0.13038634255544415 -0.060412401902657349 0.18481096119077187 -0.00077973912489277136 -0.097482646356735925 -0.0018069034150100796 0.11330256036271974 -0.059923111512110792 0.071691559003817074 -0.044272285456492991 0.37077779651797099 -0.14827808032418027 -0.27928020581042412 -0.2297905997991562 -0.014888405968673399 -0.18478516374259701 0.17047223123758096 0.081318323064526479 0.15099148372033749 0.06831418442614165 0.096275699708102791 0.026621447997668368 -0.11243826050352841 -0.28480264823003248 0.27491231483132095 -0.10558850473264855 0.065017529652877298 0.057105169706260533 0.24738044072955082 0.091027772529342799 -0.019091383750112649 -0.02109860146397146 0.16849266499634141 -0.027092027767181222 -0.125337007603363 0.1781444059610367 -0.043573130597823494 0.054010206047964048
leaf_weight=143 1264 2644 284 69 475 21 350 600 411 714 23 2036 107 20 983 71 22 53 514 33 1751 431 1467 130 122 407 98 1696 73 755 463 136 129 72 21 65 50 52 490 30 79 283 20 264 38 392 170 38 33 52 38 548 58 194 58 194 67 1391 66 45 268 233
leaf_count=143 1264 2644 284 69 475 21 350 600 411 714 23 2036 107 20 983 71 22 53 514 33 1751 431 1467 130 122 407 98 1696 73 755 463 136 129 72 21 65 50 52 490 30 79 283 20 264 38 392 170 38 33 52 38 548 58 194 58 194 67 1391 66 45 268 233
internal_value=1.25777e-05 -0.00593898 0.0045111 0.034146 0.00641757 -0.00893224 0.0186776 0.0148579 0.0505407 0.0152682 -0.0111663 -0.0235557 -0.0259092 0.0243221 0.0691002 0.0255016 0.149992 -0.0231227 -0.0213173 -0.0159601 0.00538671 0.00854221 -0.0191129 -0.0284656 -0.0489395 -0.0867755 0.0107664 0.0225583 0.015652 0.034892 0.0570351 0.0666508 0.0363784 0.083818 0.110054 -0.00626656 -0.136542 -0.0966516 0.00411548 0.0268148 0.0343736 0.0203587 -0.00451016 0.000484574 0.0564231 0.0590366 -0.0843669 -0.146737 0.0917048 0.0566581 0.194744 0.042923 0.126716 0.0120844 -0.101361 0.0350006 0.0585191 -0.0354637 -0.0442564 -0.0601216 -0.0114524 0.0929676
internal_weight=23804 20270 12723 3534 12439 4413 1498 8026 2270 783 839 7547 7337 489 1487 504 93 2915 6823 5996 2215 2182 2824 3781 1745 514 7426 4191 3767 2006 1251 1178 715 424 352 1761 232 182 1357 882 852 773 3235 3045 401 579 190 91 297 659 59 600 187 466 78 388 210 1513 104 827 313 331
internal_count=23804 20270 12723 3534 12439 4413 1498 8026 2270 783 839 7547 7337 489 1487 504 93 2915 6823 5996 2215 2182 2824 3781 1745 514 7426 4191 3767 2006 1251 1178 715 424 352 1761 232 182 1357 882 852 773 3235 3045 401 579 190 91 297 659 59 600 187 466 78 388 210 1513 104 827 313 331
is_linear=0
shrinkage=0.035


Tree=67
num_leaves=63
num_cat=0
split_feature=71 81 58 0 81 58 74 53 2 71 14 28 41 64 7 26 17 40 12 67 36 67 72 6 56 41 21 21 6 13 45 23 53 13 50 43 71 48 3 48 18 16 8 39 5 52 41 1 80 7 2 53 25 6 52 60 60 7 3 47 60 41
split_gain=3781.08 2647.92 1921.11 1808.95 1611.6 1580.82 1639.11 1468.98 1318.71 1288.57 1281.55 1400.9 1217.47 1385.54 1207.87 1195.69 1258.92 1199.78 1346.52 1209.37 1157.83 1456.05 1227.71 1287.93 1149.69 1145.99 1118.59 1112.54 1108.78 1186.17 1080.76 1645.74 1240.37 1075.85 1074.65 1065.99 1469.31 1058.82 1045.8 1035.21 1034.49 1477.56 1206.56 1296.84 1216.89 1102.22 1215.62 1031.75 1165.54 1008.67 997.63 1121.56 993.651 979.339 1004.35 977.902 1353.47 970.288 969.293 956.468 957.007 1184.06
threshold=72.424142857142883 0.97402820631610354 1.0000000180025095e-35 19.500000000000004 0.90145116535378522 1.0000000180025095e-35 -0.70145482491738409 93.512455935783592 31.207142857142859 67.069372549019619 0.65017592592592599 29.392307692307693 7.3090185676392583 161.50000000000003 0.26413025210084035 0.45888194444444447 39.25462962962964 14.134848484848487 16.453079178885634 110.97999258433502 0.675113247863248 109.40373378332551 79.962038728025547 21.436141304347831 82.216657675686704 4.6715686274509816 10.465476190476194 8.0192307692307718 17.784161490683235 20.603030303030309 0.30901856763925734 77.729020979021001 95.846340976389001 17.552777777777781 63.677963636363643 11.367543859649127 69.690233990147803 0.59876811314803069 57.474937343358398 0.45222182939584138 13.60357142857143 29.021739130434785 19.584770114942529 39.406896551724145 5.338541666666667 1.0002500000000156 5.96609195402299 85.723809523809535 3.1188411922910579 0.40357738095238099 26.113247863247867 105.50479689287353 55.253571428571441 25.957427536231886 -7.0387499999999923 283.50000000000006 303.50000000000006 0.35281176470588244 55.42020373514432 0.43531352430249487 259.50000000000006 7.5075757575757587
decision_type=2 2 2 2 2 2 2 2 2 2 2 2 2 2 2 2 2 2 2 2 2 2 2 2 2 2 2 2 2 2 2 2 2 2 2 2 2 2 2 2 2 2 2 2 2 2 2 2 2 2 2 2 2 2 2 2 2 2 2 2 2 2
left_child=1 7 24 4 15 14 9 55 25 -7 -11 12 20 53 38 16 -4 -17 19 -19 52 22 23 28 -2 -8 -5 -9 29 37 31 32 -25 -13 39 36 -27 -22 -3 -29 41 42 43 59 -44 -42 -47 -16 -49 -26 -30 -52 -12 54 -14 -1 -57 -10 -45 60 -6 -62
right_child=2 5 3 26 40 6 8 27 57 10 11 33 13 -15 47 17 -18 18 -20 -21 21 -23 -24 30 49 35 -28 34 50 -31 -32 -33 -34 -35 -36 -37 -38 -39 -40 -41 45 -43 44 58 -46 46 -48 48 -50 -51 51 -53 -54 -55 -56 56 -58 -59 -60 -61 61 -63
leaf_value=-0.088621498308815508 -0.19586725672391747 0.24478595550724722 0.13626697035804539 0.32792498345491372 -0.0085048695421433684 -0.091468893803396081 -0.075442304934275284 0.16054115923786164 0.34573933824273045 -0.070037946205299406 -0.16645024574093353 0.23521209415197372 0.10189873074921403 -0.12674101506344049 -0.063524925800841264 -0.17751379417560317 -0.018884345305415818 -0.11202899037716182 0.23858942513557582 0.20109628499353807 -0.080222606887362602 0.12403368569604685 -0.27051929707643463 0.079974415593134257 -0.0023056437739762039 0.0037369387775082362 0.066653148749109742 0.11408589009966767 -0.031622673902165228 0.18195740662747567 0.04804079416198296 -0.33332227450193364 -0.10777266544908103 0.0013692111735693134 0.014486155197735181 -0.0060422746933263246 0.09996836176199346 0.14910428751033289 -0.031589164613087972 -0.11881867866949693 0.052988221241883821 0.17234737609922884 -0.17843527374795098 0.042406513621222296 -0.034539139928511695 0.066855413079372775 -0.01945276063139827 -0.063909386671913995 0.30161393704646972 -0.13276129048544427 -0.22434765579575808 0.0024084123546280057 -0.030714074352018322 0.099848082074209268 -0.053470484050482041 0.14799485330785647 -0.049094710211813671 0.064400127093479476 -0.21728178798762438 0.00091548544065363636 0.072718909350194441 0.35677320923643602
leaf_weight=300 45 30 335 20 55 372 247 62 21 610 82 47 55 229 1424 38 79 57 32 20 86 121 20 91 741 561 1080 28 493 54 760 21 81 49 6046 3847 297 34 37 131 1077 52 93 26 315 268 782 22 20 80 76 41 334 66 627 61 139 51 53 807 47 29
leaf_count=300 45 30 335 20 55 372 247 62 21 610 82 47 55 229 1424 38 79 57 32 20 86 121 20 91 741 561 1080 28 493 54 760 21 81 49 6046 3847 297 34 37 131 1077 52 93 26 315 268 782 22 20 80 76 41 334 66 627 61 139 51 53 807 47 29
internal_value=1.27485e-05 -0.00820318 0.023695 0.0316409 0.0210916 -0.0188746 -0.0134835 0.00899496 0.000133896 -0.0292134 -0.0233785 -0.014915 -0.0187907 -0.0514998 -0.0518192 0.0762483 0.106665 -0.00946317 0.0496344 -0.0298799 -0.00485038 0.00685484 -0.00124596 0.00192942 -0.0246 -0.00203478 0.0715536 0.0136027 -0.0312854 0.0465417 0.0292599 -0.0446111 -0.00847718 0.116517 0.0121211 0.00182578 0.0370907 -0.0148685 0.0930056 -0.077553 0.0124955 -0.0100035 -0.0167183 0.00368441 -0.0675258 0.0281192 0.00259438 -0.0584699 0.111568 -0.0150948 -0.053511 -0.145184 -0.0576459 -0.0283907 -0.0408701 -0.0487069 0.0112193 0.148324 -0.132042 0.0151835 0.102714 0.182777
internal_weight=23804 17673 6131 5265 4165 10906 9373 6767 5024 4349 3977 3367 3271 977 1533 561 414 147 109 77 2294 1878 1757 1737 866 4952 1100 6267 784 174 953 193 172 96 6205 4705 858 120 67 159 3604 1477 1425 1017 408 2127 1050 1466 42 821 610 117 416 748 682 500 200 72 79 938 131 76
internal_count=23804 17673 6131 5265 4165 10906 9373 6767 5024 4349 3977 3367 3271 977 1533 561 414 147 109 77 2294 1878 1757 1737 866 4952 1100 6267 784 174 953 193 172 96 6205 4705 858 120 67 159 3604 1477 1425 1017 408 2127 1050 1466 42 821 610 117 416 748 682 500 200 72 79 938 131 76
is_linear=0
shrinkage=0.035


Tree=68
num_leaves=63
num_cat=0
split_feature=72 67 3 51 46 14 76 47 13 79 13 41 3 8 80 15 80 37 16 43 15 47 36 58 80 2 34 33 54 6 10 34 45 23 28 7 44 35 13 12 9 30 67 72 80 34 28 12 33 20 22 47 42 16 7 36 2 9 31 20 7 1
split_gain=3528.89 2270.5 1750.61 1922.44 1653.91 1480.23 1410.83 1398.08 1336.14 1308.36 1268.66 1207.18 1444.14 1271.51 1178.34 1152.67 1963.26 1116.51 1538.68 1117.91 1081.74 1059.82 1118.59 1055.14 1046.78 1037.34 1028.66 1033.77 1027.82 1155.13 1007.36 1447.15 1148.77 1032.01 1004.73 1171.42 1157.98 1178.99 1003.64 1001.66 988.106 1362.52 1110.22 987.742 1190.95 978.838 1010.31 973.69 1009.02 987.04 966.888 955.162 940.434 938.503 1006.07 937.499 936.022 1471.74 975.982 967.988 925.447 1553.86
threshold=75.793221840879184 95.319869398984068 54.508620689655181 73.856235294117667 0.56949806949806958 0.7199498746867169 0.32424367648032004 0.41499561945990521 14.836021505376346 0.88463237915878945 18.377155172413797 7.4924242424242431 58.557777777777787 19.288018433179726 -14.792545470603249 7.7459677419354849 -3.9908015383333502 6.5917508417508426 23.868115942028989 12.453079178885632 5.954451345755694 0.57889284265929009 0.77963768115942045 1.0000000180025095e-35 13.845520291184394 23.508064516129036 18.603571428571431 0.51091287878787883 85.280159009113632 26.509259259259263 0.44361607142857146 17.961038961038962 0.14550264550264549 82.604347826086965 18.868115942028989 0.36543381535038938 18.236694677871149 16.25403225806452 19.854497354497358 9.2554347826086971 35.25403225806452 18.826836581709149 115.01270697991852 71.380668069738078 -6.4436611477712509 13.803225806451616 29.015151515151519 16.508620689655178 0.54501923076923087 1.0357142857142858 12.703296703296704 0.53634873124418014 1.7537878787878791 25.477225672877847 0.32282683658170913 0.72529285714285729 30.12701612903226 43.340579710144937 39.145502645502653 4.4361413043478271 0.34961805555555564 75.70185185185187
decision_type=2 2 2 2 2 2 2 2 2 2 2 2 2 2 2 2 2 2 2 2 2 2 2 2 2 2 2 2 2 2 2 2 2 2 2 2 2 2 2 2 2 2 2 2 2 2 2 2 2 2 2 2 2 2 2 2 2 2 2 2 2 2
left_child=1 23 8 5 26 6 11 -8 9 -3 34 12 13 24 -5 16 17 -7 43 -20 -13 22 25 53 -4 -18 -2 -28 -6 50 31 32 -16 -32 -9 36 37 -36 -14 -11 41 -40 -42 44 -19 -31 -47 49 51 -10 -30 -49 -25 -1 -55 -15 57 -52 -58 -59 61 -27
right_child=4 2 3 14 28 15 7 10 47 39 -12 20 38 55 30 -17 21 18 19 -21 -22 -23 -24 52 -26 60 27 -29 29 45 33 -33 -34 -35 35 -37 -38 -39 40 -41 42 -43 -44 -45 -46 46 -48 48 -50 -51 56 -53 -54 54 -56 -57 58 59 -60 -61 -62 -63
leaf_value=-0.11644519504789012 0.043843950846365477 -0.27523597514227538 -0.013366792765520134 0.19537354692980785 -0.19305821933017839 -0.024648283488610215 0.20221703172696603 -0.029410327298576774 0.17489122769602558 0.015748247128609876 -0.026912129224053505 -0.25204000348732125 -0.0049604709663028778 -0.10794441303436067 0.05264994778656517 -0.00044766531367547294 0.23463599867241025 -0.0097654947241147365 0.31339493317933792 0.13292874912869546 -0.041317128120663661 -0.037515198247402577 -0.1433465314034621 0.15752219162812603 -0.22320627395177295 0.025531921268111962 0.017786542285405674 -0.29146974388659003 -0.18458638084366702 0.0029999042607363694 0.052454926464046085 0.22999392651264061 -0.13268809390605665 -0.026887388849914061 0.093384214637253216 -0.026948299804748582 0.01232984780371189 0.30879490790455433 0.070510213668441638 -0.12270066025203166 0.017439193420925037 0.35907426038778056 0.26264959910829017 -0.083352857665325478 0.31648802466903414 0.080346783105782971 0.33569672809577572 0.20093018580960836 -0.13336224525565643 -0.032843794413451442 -0.011684456447512538 0.019243507337837206 -0.032695499553306112 0.11581043579967898 -0.085470584324798454 -0.0060565803712146864 0.012287730469201169 0.23808981284069033 0.11738929147609402 0.013732129068143906 0.084817093281039355 -0.23733510671555999
leaf_weight=360 2916 44 2305 54 31 59 55 92 28 103 350 30 1779 359 60 2192 36 31 70 108 1453 311 37 32 29 219 32 22 34 240 1274 21 127 238 59 60 52 67 84 168 609 26 23 47 24 272 20 60 28 1678 2535 86 1580 50 76 160 342 48 158 46 284 31
leaf_count=360 2916 44 2305 54 31 59 55 92 28 103 350 30 1779 359 60 2192 36 31 70 108 1453 311 37 32 29 219 32 22 34 240 1274 21 127 238 59 60 52 67 84 168 609 26 23 47 24 272 20 60 28 1678 2535 86 1580 50 76 160 342 48 158 46 284 31
internal_value=1.30929e-05 -0.00841761 -0.00364976 0.00129728 0.0215527 -0.00413678 -0.0127745 0.0332928 -0.0325272 -0.0991858 0.0194861 -0.017715 -0.00999757 -0.0270511 0.0351113 0.0148748 0.0415869 0.113503 0.142617 0.204597 -0.0456658 0.0149787 0.0418887 -0.0425181 -0.0160228 0.054034 0.0410338 -0.109661 0.00601997 0.00771702 0.0300224 -0.0421129 -0.0732209 0.0399588 0.0686732 0.106585 0.151565 0.208723 0.00930195 -0.0701349 0.0434822 0.140064 0.0265691 0.033952 0.134105 0.055408 0.0983924 -0.0213331 0.0574213 -0.029382 -0.000310738 0.0943641 -0.0288696 -0.0877052 -0.00542745 -0.0765767 0.00171967 -0.00662979 0.0455909 0.128988 0.0416439 -0.00745828
internal_weight=23804 17108 15010 12815 6696 11041 7592 735 2195 315 680 6857 5374 2853 1774 3449 1257 339 280 178 1483 918 607 2098 2334 570 2970 54 3726 3695 1720 208 187 1512 330 238 178 126 2521 271 742 110 632 102 55 532 292 1880 174 1706 3163 146 1612 486 126 519 3129 2629 500 94 534 250
internal_count=23804 17108 15010 12815 6696 11041 7592 735 2195 315 680 6857 5374 2853 1774 3449 1257 339 280 178 1483 918 607 2098 2334 570 2970 54 3726 3695 1720 208 187 1512 330 238 178 126 2521 271 742 110 632 102 55 532 292 1880 174 1706 3163 146 1612 486 126 519 3129 2629 500 94 534 250
is_linear=0
shrinkage=0.035


Tree=69
num_leaves=63
num_cat=0
split_feature=58 1 3 51 80 63 14 48 15 34 41 34 49 75 51 12 10 51 28 25 76 39 72 12 42 1 37 65 25 22 18 48 29 43 1 27 42 3 5 20 30 15 73 34 22 55 28 66 49 41 16 52 22 69 21 81 9 28 44 10 44 7
split_gain=3407.36 3407.23 1931.67 1767.16 1581.83 1422.24 1354.86 1374.06 1580.23 1341.19 1638.38 1891.21 1464.07 1298.37 1290.34 1276.83 1266.75 1243.98 1209.5 1324.15 1180.44 1734.87 1164.08 1344.97 1297.36 1160.9 1138.95 1215.17 1144.84 1117.24 1293.69 1220.55 1202.55 1138.18 1115.1 1109.07 1107.1 1145.5 1103.11 1096.19 1181.04 1596.92 1311.19 1575.45 1078.63 1068.07 1043.44 1042.23 1022.02 1004.55 1197.93 986.982 1033.78 982.193 1020.08 970.134 1051.83 1439.4 1107.06 1256.54 1024.86 1198.11
threshold=1.0000000180025095e-35 75.984848484848499 54.508620689655181 72.322712643678173 -12.514386596555992 89.793700366153772 0.71739444444444456 0.63401059725680653 10.229020979020982 17.961038961038962 6.6939799331103691 11.408249158249161 0.017610664487131753 143.4423379244358 70.180434782608714 16.508620689655178 0.49551666666666672 66.656552795031061 18.183501683501689 55.314144736842117 -0.13574000235586894 36.101724137931043 78.206627527748395 13.807071960297769 4.5779352226720649 76.338541666666671 8.1318840579710159 0.11780399638598001 55.622844827586214 15.754310344827589 13.177521008403362 0.60916328207395598 0.38161250000000008 12.377155172413794 57.153409090909101 11.015151515151517 2.145502645502646 54.89181286549708 7.6461100569259974 5.1835016835016843 20.447222222222226 6.6030303030303044 81.316033677797364 13.328431372549023 20.224014336917566 109.34203294726701 23.078461538461543 94.198957811492122 -0.33117063492063475 7.9245014245014254 25.711981566820281 -2.3724150375939881 13.017857142857144 4.1355278100045973 14.131884057971016 1.1149706677570528 37.25462962962964 26.851648351648354 18.859605911330053 0.51575931034482769 15.781929347826088 0.34078019323671505
decision_type=2 2 2 2 2 2 2 2 2 2 2 2 2 2 2 2 2 2 2 2 2 2 2 2 2 2 2 2 2 2 2 2 2 2 2 2 2 2 2 2 2 2 2 2 2 2 2 2 2 2 2 2 2 2 2 2 2 2 2 2 2 2
left_child=17 2 15 16 -4 -5 14 29 20 10 -7 -12 -11 -13 55 34 -3 18 -1 -20 21 -9 23 -15 49 -24 27 -18 -29 30 31 32 46 35 -2 53 37 -16 -17 40 -19 -42 43 -43 51 -23 -8 -35 -22 -25 -51 -28 -53 -31 -55 56 60 58 -58 -60 61 -6
right_child=1 3 4 5 6 9 7 8 -10 12 11 13 -14 22 36 38 26 39 19 -21 48 45 25 24 -26 -27 44 28 -30 33 -32 -33 -34 47 -36 -37 -38 -39 -40 -41 41 42 -44 -45 -46 -47 -48 -49 -50 50 -52 52 -54 54 -56 -57 57 -59 59 -61 -62 -63
leaf_value=0.034606301304523968 -0.13766007371596317 -0.045035845990287073 0.056886876590653432 -0.063529673565072678 0.073532717790357263 0.10862123404848305 0.11067376183076076 -0.13808110520310352 -0.14136912522351547 -0.15583633538851374 -0.053849421450917381 0.25914696591979342 0.055576818235422105 0.080129426605380569 0.30269777673344284 0.023092297095002032 0.18078669999056615 -0.020271865713312871 -0.057841943212133227 -0.21254080157315031 0.25545489145384898 -0.035841545242554791 0.33779616237362459 0.099988237458116871 -0.24271807730038961 0.075137529132038569 -0.11088833485173573 -0.00069716049246907133 0.064397335758380789 -0.048943904693478243 0.022415857313532767 -0.061197607610931355 -0.046300469055771835 -0.031385729602237039 -0.034526266843513259 0.20839850842024923 -0.0031943361620179458 0.04123893785321564 0.28537611737251289 0.038680202472984447 -0.23461384764512025 -0.0065467673604563906 0.051924684628401996 -0.14390947582658317 -0.083779186754607146 0.29600216889962921 0.25503528050826146 0.051051190612298569 0.013800844172314379 -0.1703908759705838 0.087841103359834485 -0.16151358054917828 0.01939584200009763 0.042769477858100945 -0.17933898512666879 -0.10706623645337809 -0.022154792112691786 -0.18783883607646693 -0.076816163859374967 -0.33586524151462432 -0.021895916028380171 -0.024712597854335727
leaf_weight=68 137 411 598 122 363 730 170 144 121 71 208 39 91 156 21 156 75 1882 146 127 22 28 21 59 37 538 78 580 770 584 440 43 38 230 1970 26 3813 466 22 284 69 181 109 235 159 20 97 1017 458 64 33 39 1896 321 27 169 1151 80 176 26 1331 261
leaf_count=68 137 411 598 122 363 730 170 144 121 71 208 39 91 156 21 156 75 1882 146 127 22 28 21 59 37 538 78 580 770 584 440 43 38 230 1970 26 3813 466 22 284 69 181 109 235 159 20 97 1017 458 64 33 39 1896 321 27 169 1151 80 176 26 1331 261
internal_value=1.38237e-05 0.00513913 -0.00411988 0.026912 0.00139467 0.0523569 -0.0014575 0.0157406 -0.0252093 0.0592792 0.0675849 0.0416097 -0.0372524 0.0625974 -0.00974556 -0.0336573 0.0131363 -0.0341981 -0.0972248 -0.130078 -0.00419887 -0.0774346 0.0540135 0.00383431 -0.0578639 0.0853042 0.0197895 0.0440988 0.0364383 0.0265939 0.062353 0.112734 0.137327 0.0138019 -0.0412649 -0.0148806 0.00315414 0.0528194 0.0562376 -0.0263936 -0.0338654 -0.0768752 -0.0559337 -0.0842315 0.00383264 0.103981 0.163511 0.035837 0.0251382 -0.0133625 -0.0825029 0.0107736 0.015707 -0.0212216 0.0252943 -0.025339 -0.0212461 -0.044019 -0.0354464 -0.110923 -0.00454493 0.0324472
internal_weight=23804 20703 14526 6177 12241 2169 11643 3786 793 2047 1885 1155 162 947 7857 2285 4008 3101 341 273 672 192 908 349 193 559 3597 1425 1350 2993 788 348 305 2205 2107 958 4300 487 178 2760 2476 594 525 416 2172 48 267 1247 480 156 97 2013 1935 932 348 3557 3388 1433 1353 202 1955 624
internal_count=23804 20703 14526 6177 12241 2169 11643 3786 793 2047 1885 1155 162 947 7857 2285 4008 3101 341 273 672 192 908 349 193 559 3597 1425 1350 2993 788 348 305 2205 2107 958 4300 487 178 2760 2476 594 525 416 2172 48 267 1247 480 156 97 2013 1935 932 348 3557 3388 1433 1353 202 1955 624
is_linear=0
shrinkage=0.035


Tree=70
num_leaves=63
num_cat=0
split_feature=71 76 51 37 75 41 0 10 22 32 37 41 77 27 3 0 27 55 22 13 21 50 25 41 42 17 39 82 56 68 47 11 42 20 18 82 63 65 10 69 36 37 73 17 36 24 75 45 20 25 56 48 70 79 37 37 48 10 58 3 21 61
split_gain=3197.16 2746.1 1804.8 1807.38 1643.3 1538.26 1389.05 1305.47 1298.7 1255.58 1133.74 1348.47 1418.31 1259.75 1088.43 1107.34 1087.84 1090.65 1085.17 1051.02 1069.94 1242.67 1044.29 1141.16 1142.46 1058.73 1113.25 1018.84 1063.96 1035.83 1634.62 1018.41 1025.39 1014.32 997.651 1063.31 1366.65 991.931 983.107 1777.67 1337.13 1534.76 1172.01 1178.15 1583.29 1149.69 1025.61 1035.49 1059.09 1125.55 981.502 1150.54 976.065 1032.86 956.241 980.167 953.92 1220.22 1177.51 1279.88 1448.84 1266.75
threshold=68.540072463768141 -0.11202780878393349 74.4018181818182 8.0923295454545485 130.93019575884404 8.4037037037037052 2.5000000000000004 0.51575931034482769 19.408249158249163 0.59403125000000012 7.9215384615384625 6.3771551724137945 9.2596170816094538 8.5345238095238116 54.014705882352949 20.500000000000004 4.0172413793103461 123.22245442077234 15.260064412238327 22.819805194805198 12.104355716878404 73.976571428571432 59.58957219251338 4.0166666666666675 6.0172413793103461 35.386752136752143 40.019230769230781 65.500000000000014 102.77275052281915 -4.8579440791154971 0.60694535165689023 0.52843303571428579 2.3933982683982689 6.8208556149732624 11.811011904761907 31.500000000000004 106.54321106505951 0.067838892735198567 0.50001785714285718 9.5434070494926946 0.6936720430107528 10.253571428571432 82.916518977410902 31.876893939393941 0.75877350427350432 28.771712158808935 130.32069790989047 0.56904761904761914 1.6720430107526882 57.145502645502653 100.95152099680955 0.60794304562396684 5.1702352603531034 0.95367030098513517 7.4309523809523821 11.296796796796798 0.44758573738353152 0.46255277777777781 1.0000000180025095e-35 54.508620689655181 12.085144927536234 0.18040440545530603
decision_type=2 2 2 2 2 2 2 2 2 2 2 2 2 2 2 2 2 2 2 2 2 2 2 2 2 2 2 2 2 2 2 2 2 2 2 2 2 2 2 2 2 2 2 2 2 2 2 2 2 2 2 2 2 2 2 2 2 2 2 2 2 2
left_child=6 9 3 4 -3 34 -1 31 56 22 11 12 14 19 15 -6 -5 -18 -11 20 -12 -22 23 -2 38 26 -24 50 29 -29 -31 32 -7 -16 37 -36 -37 -4 42 -40 -41 -42 43 45 54 46 -25 48 49 -48 51 -27 53 -30 -45 -56 57 -8 -58 -60 61 -61
right_child=1 2 5 16 10 7 8 -9 -10 18 13 -13 -14 -15 33 -17 17 -19 -20 -21 21 -23 25 24 -26 27 -28 28 52 30 -32 -33 -34 -35 35 36 -38 -39 39 40 41 -43 -44 44 -46 -47 47 -49 -50 -51 -52 -53 -54 -55 55 -57 58 -59 59 60 -62 -63
leaf_value=0.071212299518895392 -0.20086242117102329 -0.075455887980649283 0.19404859707820216 0.10796807061903353 -0.13756047924410914 0.1201012461341993 -0.13623580207099623 0.041160952461706132 -0.11233842482145685 0.11196098372392488 0.1603261637489001 -0.0021357226103947326 0.30112486661415477 0.19456079291319237 0.04679631834205545 0.13693677314878147 -0.0051840190518026453 0.18406153235276543 -0.11756007085096282 -0.099198422114259194 -0.016451774882432078 0.21548357568616455 0.0024045298709323222 -0.17000880557074344 0.12890694697850791 0.28606143208247864 -0.11733065006870833 -0.14112785320066745 0.17049739944138601 0.27488907974424648 -0.071255383036029879 -0.23268238438367847 -0.050999341859138576 -0.16725508235584607 0.062233314404675638 0.072855361522237483 0.35559015457730903 -0.019167737151239143 0.019228894109945067 -0.31073817454444042 -0.0022330250234593382 -0.30288522417405078 0.18027822194099427 0.013907197638698247 -0.22582898558319331 -0.27106528453424922 0.041397076914950121 -0.22800213608082306 0.02125828260428771 -0.30827164096633597 -0.1259857418329344 -0.085330202707430219 -0.00064275718602267186 0.45857237758869079 -0.098374150053522874 0.14939415514178395 -0.082781025390201698 0.051995177859610948 -0.060317052484693524 0.26520248222604714 -0.045857998116396924 0.0062101520300826604
leaf_weight=171 45 186 29 107 77 49 48 467 224 28 115 1432 25 97 2035 23 7163 37 225 48 157 34 1777 46 58 20 100 31 65 33 33 32 322 27 1445 52 35 284 854 31 113 25 27 149 83 21 20 23 585 25 54 20 27 20 452 20 473 324 862 23 898 1493
leaf_count=171 45 186 29 107 77 49 48 467 224 28 115 1432 25 97 2035 23 7163 37 225 48 157 34 1777 46 58 20 100 31 65 33 33 32 322 27 1445 52 35 284 854 31 113 25 27 149 83 21 20 23 585 25 54 20 27 20 452 20 473 324 862 23 898 1493
internal_value=1.34076e-05 0.00622035 0.0140433 0.00801233 0.0261421 0.0397213 -0.0264937 0.00134956 -0.0303475 -0.0160727 0.0307947 0.024265 0.0415498 0.0830991 0.0384777 -0.0740241 -0.00254805 -0.00419831 -0.091974 0.0523162 0.0762176 0.0252717 -0.012026 -0.0271069 -0.0239784 0.00580185 -0.00400223 0.0664534 0.109419 0.0242995 0.10253 -0.0447694 -0.0282605 0.0439519 0.0578081 0.0694379 0.188021 0.000853947 -0.0275893 -0.00130697 -0.104851 -0.0576211 -0.0461099 -0.0504666 -0.0826484 -0.0189596 -0.0111923 0.000111534 0.00861925 -0.154039 -0.0291136 0.101518 0.182672 0.240606 -0.0633397 -0.0877211 -0.0258769 0.0275476 -0.0311819 -0.0237193 -0.0106396 0.0102279
internal_weight=23804 19288 14278 11563 4256 2715 4516 870 4345 5010 4070 3619 2187 451 2162 100 7307 7200 253 354 306 191 4757 2577 2532 2180 1877 303 209 97 66 403 371 2062 1845 1532 87 313 2474 1023 169 138 1451 1424 704 720 699 653 630 45 94 40 112 85 621 472 4121 372 3749 3276 2414 1516
internal_count=23804 19288 14278 11563 4256 2715 4516 870 4345 5010 4070 3619 2187 451 2162 100 7307 7200 253 354 306 191 4757 2577 2532 2180 1877 303 209 97 66 403 371 2062 1845 1532 87 313 2474 1023 169 138 1451 1424 704 720 699 653 630 45 94 40 112 85 621 472 4121 372 3749 3276 2414 1516
is_linear=0
shrinkage=0.035


Tree=71
num_leaves=63
num_cat=0
split_feature=58 71 72 0 41 2 36 8 52 75 25 78 42 2 34 50 3 34 3 6 71 49 32 6 30 13 43 36 22 36 3 76 38 20 65 48 32 16 67 14 41 48 18 39 53 7 7 73 45 60 28 56 4 38 78 78 41 32 75 19 2 68
split_gain=3094.31 3213.45 2139.16 1669.24 1753.98 1370.3 1290.92 1223.19 1200.13 1265.61 1114 1087.96 1081.95 1062.14 1152.98 1159.13 1331.45 1257.84 1104.4 1055.12 1091.54 1046.42 1327.16 1212.07 1529.5 1388.64 1359.49 1129.07 1037.6 1003.43 1062.55 1237.34 989.616 989.057 971.471 1280.31 1264.69 966.268 964.745 1214.15 1144.3 1217.24 1100.16 1458.96 1032.74 1329.7 996.755 1137.48 956.71 1049.01 955.265 1025.71 1117.56 949.646 1042.07 1142.12 1379.32 1008.86 1190.76 1325.54 1050.42 954.557
threshold=1.0000000180025095e-35 71.55685606060608 66.728929843249105 19.500000000000004 5.8596059113300498 31.369318181818183 0.65002000000000015 21.912878787878793 -1.8734942528735627 162.57554155551176 58.754310344827594 -3.4854894550244988 1.25462962962963 27.672043010752692 18.603571428571431 73.309028213166158 60.820855614973269 12.492424242424244 60.563858695652179 21.984848484848488 74.264075268817223 0.11214892375641201 0.56106269592476499 21.547727272727276 18.723180076628356 15.770979020979022 14.365151515151517 0.67571714285714302 19.553639846743298 0.70652315789473696 58.671568627450988 0.32424367648032004 25.314144736842106 3.4928571428571433 0.53204206611321714 0.39606391293891291 0.51286038961038971 26.169540229885062 108.2895611662755 0.7199498746867169 4.7537878787878798 0.5073879580458529 15.55777777777778 29.109126984126988 106.34430193648683 0.33294281045751639 0.34961805555555564 79.308361016557242 0.87026647966339421 342.50000000000006 24.968245967741939 122.38206456707742 0.47901388888888891 24.62731481481482 3.8491868688775033 8.9190529955325051 4.338541666666667 0.47703390804597706 143.65416283558304 4.6030303030303044 25.672043010752692 -12.885895437979448
decision_type=2 2 2 2 2 2 2 2 2 2 2 2 2 2 2 2 2 2 2 2 2 2 2 2 2 2 2 2 2 2 2 2 2 2 2 2 2 2 2 2 2 2 2 2 2 2 2 2 2 2 2 2 2 2 2 2 2 2 2 2 2 2
left_child=-1 2 28 4 11 12 -5 -8 13 19 33 -3 -4 14 15 16 18 -17 -6 20 48 22 23 24 -13 -25 27 -27 32 -23 -31 -32 -2 -7 35 -22 -37 -30 39 42 -41 -42 46 -44 -45 -46 -14 -48 49 -10 51 52 -29 54 57 -56 -57 -40 59 -59 61 -61
right_child=1 3 5 6 8 10 7 -9 9 -11 -12 21 38 -15 -16 17 -18 -19 -20 -21 34 29 -24 25 -26 26 -28 50 37 30 31 -33 -34 -35 -36 36 -38 -39 53 40 41 -43 43 44 45 -47 47 -49 -50 -51 -52 -53 -54 -55 55 56 -58 58 -60 60 -62 -63
leaf_value=-0.03258917376539696 -0.015351253389290597 -0.008165263905668723 0.12269248509269229 0.1433533515231333 0.015413991487569223 0.1967329186824652 0.034320451745995427 0.1506041601638945 -0.089826866695732963 0.084266027615085379 0.23322464752865732 -0.067261837575889064 -0.01206292880379004 0.070656236557719507 -0.11117856993464474 -0.07289319405193298 -0.10195932889683747 0.19315638029998577 0.27503301306950251 -4.2948732123148899e-05 -0.19268483384062607 0.19894451281546136 -0.11817768803346265 -0.067914690501923156 0.13677922842446275 -0.048655518278579592 0.19949120838940146 0.043994745721211363 -0.10911096901220552 -0.10697399876083155 0.028089610450506213 0.29504371829491399 -0.082093090004667316 -0.035666683881652769 -0.11322928875408222 0.032047220477258977 0.2601728873780404 0.13386946629368984 0.14674206589925098 -0.059671639138562688 0.055094775138077541 0.0040198330467601994 -0.12005663996473435 0.10497708642130876 -0.16898561483506974 0.030886915598031441 -0.040369875264729224 -0.18973136014889441 0.055327774310392062 0.12750181308231859 0.24627400642080408 -0.16427777695655826 0.32485755153232154 -0.050703517211783948 -0.039113834578188643 0.29224814300042279 0.028820987933301529 0.221198859638638 0.10602428064389276 -0.067220007981943053 -0.098777956335694209 0.083564622506538511
leaf_weight=3101 1614 301 86 172 973 32 1541 119 628 158 53 154 3169 470 90 29 121 84 20 1550 20 126 55 57 63 74 149 77 311 34 62 32 327 72 48 95 43 21 139 272 725 2696 77 207 45 392 1376 65 70 28 48 20 22 188 377 26 303 31 223 80 121 142
leaf_count=3101 1614 301 86 172 973 32 1541 119 628 158 53 154 3169 470 90 29 121 84 20 1550 20 126 55 57 63 74 149 77 311 34 62 32 327 72 48 95 43 21 139 272 725 2696 77 207 45 392 1376 65 70 28 48 20 22 188 377 26 303 31 223 80 121 142
internal_value=1.32409e-05 0.00489743 -0.00553104 0.0231292 0.0137864 0.000911526 0.0521897 0.0427014 0.00336912 -0.0116224 0.1034 0.0499668 -0.000591095 0.0255156 0.0093828 0.0182705 0.00740748 0.124827 0.0207823 -0.0177436 -0.0471618 0.0679487 0.0463108 0.0600196 -0.00782976 0.0929374 0.116512 0.0648888 -0.0364123 0.128974 0.0595636 0.120085 -0.0266153 0.0364066 0.023888 0.0657917 0.103838 -0.093553 -0.00159229 -0.00606911 0.00935433 0.0148515 -0.0167541 0.0234361 0.0406781 0.0101275 -0.0230424 -0.0471731 -0.0673294 -0.0804553 0.115218 0.0615163 0.107763 0.0231844 0.0328341 0.00244342 0.0500614 0.0619599 0.0421078 0.00389717 -0.0160255 0.0291831
internal_weight=23804 20703 13170 7533 5701 10897 1832 1660 4427 2640 157 1274 10740 1787 1317 1227 1114 113 993 2482 932 973 719 664 217 447 390 241 2273 254 128 94 1941 104 206 158 138 332 10654 9024 3693 3421 5331 721 644 437 4610 1441 726 656 167 119 99 1630 1442 706 329 736 597 374 343 222
internal_count=23804 20703 13170 7533 5701 10897 1832 1660 4427 2640 157 1274 10740 1787 1317 1227 1114 113 993 2482 932 973 719 664 217 447 390 241 2273 254 128 94 1941 104 206 158 138 332 10654 9024 3693 3421 5331 721 644 437 4610 1441 726 656 167 119 99 1630 1442 706 329 736 597 374 343 222
is_linear=0
shrinkage=0.035


Tree=72
num_leaves=63
num_cat=0
split_feature=76 71 58 49 51 35 36 6 2 35 49 5 1 61 51 30 77 18 19 79 70 34 7 22 21 19 42 50 22 12 44 49 42 7 0 40 42 10 69 16 6 67 6 74 8 42 41 71 28 48 6 14 17 8 80 34 17 61 21 75 36 14
split_gain=2913.09 2237.07 1689.3 1456.95 1449.04 1366.89 1282.39 1301.76 1238.43 1737.31 1259.16 1480.64 1184.39 1156.81 1145.63 1171.02 1131.8 1481.27 1230.82 1109.11 1067.41 1064.2 1279.47 1072.38 1058.95 1094.94 1422.22 1290.17 1207.62 1361.17 1122.75 1086.5 1035.68 1025.91 999.508 1663.31 1025.65 982.128 974.994 1236.43 1008.01 1078.68 970.647 960.751 1113.3 1020.91 955.192 931.161 930.276 893.635 1184.81 1267.36 1048.02 1101.05 911.473 889.466 1216.69 1378.52 974.418 969.468 888.914 879.891
threshold=0.30866662972826803 68.540072463768141 1.0000000180025095e-35 0.46880723443223454 74.753500000000017 14.145502645502647 0.67410555555555562 13.886752136752138 28.203448275862073 24.396428571428576 0.12231650312863503 8.8393548387096796 64.609126984127002 0.79300231426392709 66.656552795031061 20.447222222222226 0.67550756196991368 14.233031674208146 6.2521186440677976 0.93729029598030389 -2.1797483764292447 9.9838709677419377 0.39436602870813403 18.672619047619051 12.085144927536234 5.7119815668202776 4.3207142857142866 66.15066666666668 15.508064516129034 9.6055555555555561 15.403125000000001 -0.060947031666447639 1.7165178571428574 0.32636939571150098 19.500000000000004 17.510000000000002 4.7817460317460325 0.53083974358974373 9.8457421848462108 25.644009216589865 20.753787878787886 90.531195712044664 26.509259259259263 -5.048811116192474 20.239047619047621 3.3771551724137936 5.7379862700228843 67.395500000000013 17.848076923076928 0.50610592532467547 28.340579710144933 0.71310119047619058 31.224014336917566 19.057189542483666 -4.7118432545165509 10.431677018633541 30.651086956521741 0.25436623010192505 15.078461538461541 132.17874150061741 0.67056349206349219 0.72090161290322585
decision_type=2 2 2 2 2 2 2 2 2 2 2 2 2 2 2 2 2 2 2 2 2 2 2 2 2 2 2 2 2 2 2 2 2 2 2 2 2 2 2 2 2 2 2 2 2 2 2 2 2 2 2 2 2 2 2 2 2 2 2 2 2 2
left_child=1 3 13 24 5 19 7 -7 -2 10 -10 48 -6 14 -3 43 17 -8 33 20 -4 -17 23 -23 25 27 28 -1 31 -30 32 -27 -31 -19 -14 36 -36 -28 -15 -40 -41 -42 -43 44 45 -16 -25 -39 -12 52 61 -52 53 -45 -54 59 58 60 -57 -9 -58 -51
right_child=8 2 4 -5 12 6 16 55 9 -11 11 -13 34 38 15 21 -18 18 -20 -21 -22 22 -24 46 -26 26 37 -29 29 30 -32 -33 -34 -35 35 -37 -38 47 39 40 41 42 -44 49 -46 -47 -48 -49 -50 50 51 -53 54 -55 -56 56 57 -59 -60 -61 -62 -63
leaf_value=-0.032923999195654766 0.014340292071682005 -0.18014995491032978 0.00071428595831294261 0.2459670782000461 -0.04004773435922996 -0.26690824208731928 -0.033362971708261129 -0.1847865403472109 0.04807830317419555 -0.099213115411608127 -0.006604715449469431 0.027698072294781852 0.027215583273458781 0.12947716454837632 0.079691619495886407 0.095581958871998218 0.011475775940248517 0.3609217269217096 -0.004820721710384902 0.063839940231852105 -0.26643983127335286 -0.13207495477604561 -0.3093478975075214 -0.22305192516016409 -0.050717493307104275 -0.071433384708166139 -0.14828062464742681 0.054891710318266847 -0.22364778211273645 0.1113589599003979 0.0011112011777121029 0.070219660104189632 -0.12748071067064418 0.089485279418702976 0.12816840558922687 -0.14983150723976876 -0.036468977592119547 -0.15625258782337298 -0.061309320798873315 0.14461014491187932 -0.17489125414430232 -0.013141911699374518 0.19851224088138097 -0.071632517895124259 0.25889072152930048 -0.077265190766957009 0.030034902160918274 0.10809968551151894 0.22765027898259882 -0.05111087219275097 0.31245523490472277 -0.042957990464071436 -0.26663919858354029 0.16854155763605955 -0.088393299002662004 0.057191444908403749 0.054853642667708577 -0.03875017682810971 -0.10297956785783172 -0.043357952134734999 -0.11159818796955803 0.034329823730602962
leaf_weight=358 2320 69 83 23 245 26 1578 70 857 80 24 102 1391 80 129 36 6396 20 206 638 23 214 33 21 1747 87 190 478 47 25 453 274 178 106 357 33 53 26 228 90 34 97 36 68 26 83 121 42 151 455 27 22 44 35 173 410 337 1554 52 381 44 218
leaf_count=358 2320 69 83 23 245 26 1578 70 857 80 24 102 1391 80 129 36 6396 20 206 638 23 214 33 21 1747 87 190 478 47 25 453 274 178 106 357 33 53 26 228 90 34 97 36 68 26 83 121 42 151 455 27 22 44 35 173 410 337 1554 52 381 44 218
internal_value=1.4482e-05 -0.00509798 0.000602603 -0.0288126 0.00520216 0.000500103 -0.00255741 -0.0227071 0.0293357 0.0579718 0.0691026 0.133932 0.0321623 -0.0269275 -0.0408163 -0.0351244 0.00441521 -0.0192234 0.0479206 0.0464206 -0.058199 -0.0854309 -0.102293 -0.0826829 -0.0304632 -0.0140568 -0.0338783 0.017285 -0.0159762 -0.0426887 -0.0295578 0.0360204 -0.0978484 0.133854 0.0418189 0.0875823 0.106859 -0.10752 0.0166721 -0.00204191 0.0505411 -0.000414256 0.0446506 -0.0183914 0.0449854 0.0181879 -0.00802018 0.00656997 0.195577 -0.0328851 -0.0112809 0.153989 -0.0815251 0.0103662 -0.125081 -0.0204301 -0.0119372 -0.0241231 0.0390641 -0.0654973 0.0355006 -0.0234246
internal_weight=23804 20270 16342 3928 14003 11924 11180 2874 3534 1214 1134 277 2079 2339 1774 1705 8306 1910 332 744 106 425 389 356 3905 2158 1322 836 1064 703 656 361 203 126 1834 443 410 258 565 485 257 167 133 1280 238 212 142 68 175 1042 722 49 320 103 217 2848 2397 1935 462 451 381 673
internal_count=23804 20270 16342 3928 14003 11924 11180 2874 3534 1214 1134 277 2079 2339 1774 1705 8306 1910 332 744 106 425 389 356 3905 2158 1322 836 1064 703 656 361 203 126 1834 443 410 258 565 485 257 167 133 1280 238 212 142 68 175 1042 722 49 320 103 217 2848 2397 1935 462 451 381 673
is_linear=0
shrinkage=0.035


Tree=73
num_leaves=63
num_cat=0
split_feature=58 71 76 0 36 80 46 81 24 13 0 14 67 6 30 22 1 74 1 28 71 24 64 80 48 67 32 13 0 56 16 15 2 41 40 12 9 25 38 72 73 55 23 47 33 1 35 19 22 24 76 30 54 26 26 43 28 1 8 55 72 44
split_gain=2735.45 2855.15 1900.11 1551.9 1366.68 1496.72 1344.36 1338.06 1312.7 1294.04 1259.02 1252.26 1468.98 1194.51 1147.22 1123.14 1721.22 1062.69 1048.12 1027.87 1161.7 941.119 1030.27 941.092 1225.81 1027.68 931.104 929.781 1069.89 1159.93 992.272 1017.34 1100.39 983.894 981.863 918.98 1923.75 991.015 1031.59 996.743 931.512 911.213 1289.96 991.054 979.902 973.306 909.062 961.896 959.184 1239.46 901.896 1127.7 880.264 938.109 930.928 1105.5 852.28 851.647 844.364 843.332 1347.25 904.915
threshold=1.0000000180025095e-35 72.424142857142883 -0.11460366695763452 19.500000000000004 0.69896387096774204 -12.514386596555992 0.71198156682027658 0.90145116535378522 19.585714285714293 29.083333333333339 24.500000000000004 0.71451000000000009 97.537728011337023 28.153125000000003 18.169540229885062 15.835585585585589 81.20714285714287 9.5746026197710155 77.563858695652186 14.574175824175827 69.065241892610331 21.83666666666667 211.50000000000003 9.0719991885668509 0.75650739675464951 98.941907758232318 0.50653708791208796 23.717142857142861 2.5000000000000004 114.0731415811059 30.354166666666668 7.3190909090909102 26.732051282051284 9.6132478632478655 16.672043010752692 10.431677018633541 39.672043010752695 60.808608058608066 23.338095238095239 59.032219886632298 73.055104615788579 116.3924151614458 81.672619047619065 0.57524977302995728 0.58153571428571438 71.697826086956539 14.436141304347828 10.525575447570334 14.11437908496732 24.661904761904768 -0.35340445789275893 20.338541666666668 122.03694225544457 0.45888194444444447 0.46888675213675218 14.412778904665315 27.483803552769071 81.014705882352956 13.434285714285716 114.84648143895005 76.538972410747547 16.754310344827591
decision_type=2 2 2 2 2 2 2 2 2 2 2 2 2 2 2 2 2 2 2 2 2 2 2 2 2 2 2 2 2 2 2 2 2 2 2 2 2 2 2 2 2 2 2 2 2 2 2 2 2 2 2 2 2 2 2 2 2 2 2 2 2 2
left_child=23 2 13 7 5 6 8 14 -4 10 15 19 -13 35 -3 16 -6 -5 -12 -7 -21 22 -17 27 25 -25 -20 33 29 -29 31 -30 -33 -1 -35 36 37 39 -39 -2 -38 42 44 -43 -37 -44 -22 48 49 -48 -41 -52 53 -16 -55 -56 -40 -28 -14 61 -61 -23
right_child=1 3 4 17 9 11 -8 -9 -10 -11 18 12 58 -15 52 21 -18 -19 26 20 46 59 -24 24 -26 -27 57 28 30 -31 -32 32 -34 34 -36 41 40 38 56 50 -42 43 45 -45 -46 -47 47 -49 -50 -51 51 -53 -54 54 55 -57 -58 -59 -60 60 -62 -63
leaf_value=-0.026666036615121447 -0.2325612120334013 0.12250060857332788 0.29088446722711842 0.057514329264915925 0.019843805410799321 0.089704106132869291 0.33551848439436138 0.0092580566827255226 0.025177069177597992 0.24752746574757464 0.031993426562434313 -0.043056624378611505 -0.19388217176834863 0.074945683665804022 0.052057724965128525 -0.24858621989864191 0.15672454242476522 0.25235886245168432 0.20820999291905032 -0.063266376987956438 0.055383428090056287 0.026662051738962359 -0.04151792338980561 -0.099645676404809078 -0.33045327224050253 0.10993967304300908 0.10399619440197945 0.01807148327093858 -0.17916092584488244 -0.31879029446694912 0.29367789947114348 0.14682215316622443 -0.0082750426322221755 -0.17506348312127085 0.040616767691421342 -0.017787981770765106 -0.13186754620523622 0.27237203799805992 -0.060181998976725069 -0.14291133314608342 -0.3913897808476498 -0.017583449209924617 0.154547906466032 -0.20063895220507821 -0.18908392228850401 -0.055531639668074527 0.049847661432682301 -0.22909001337045978 -0.015422586836119832 -0.25594214773636598 0.00056426226742829484 -0.19424232819748216 0.18084205885569257 -0.24079682719852363 0.089539395667534133 -0.18619094477201767 0.1742464934529043 -0.12958331332355738 0.026925949975349184 -0.0050298812045743982 -0.24430077214455337 -0.014377109262772433
leaf_weight=2385 40 253 24 1065 1272 89 20 3604 327 29 1157 529 21 145 165 36 123 35 83 924 197 1152 154 200 24 33 87 32 23 20 20 103 122 105 34 2934 44 20 74 100 28 76 91 69 41 38 25 27 1759 45 296 41 37 31 47 28 25 24 1612 82 44 1534
leaf_count=2385 40 253 24 1065 1272 89 20 3604 327 29 1157 529 21 145 165 36 123 35 83 924 197 1152 154 200 24 33 87 32 23 20 20 103 122 105 34 2934 44 20 74 100 28 76 91 69 41 38 25 27 1759 45 296 41 37 31 47 28 25 24 1612 82 44 1534
internal_value=1.34058e-05 0.00460566 -0.00298479 0.0268612 0.00435242 -0.00796944 0.0599119 0.0170905 0.043743 0.0162949 0.0151062 -0.0127925 0.00760423 -0.0235322 0.0673484 0.00602349 0.0319672 0.0638289 0.0446514 -0.0271754 -0.0306852 -0.00603445 -0.0813198 -0.0306402 -0.0947265 -0.0697751 0.119848 -0.0248322 0.0313296 -0.113226 0.0595494 0.0401011 0.0628776 -0.0319587 -0.122326 -0.0271877 -0.0645646 -0.0438084 0.0463879 -0.0663426 -0.234844 -0.0194931 -0.0154763 -0.105107 -0.0201813 0.0926615 -0.0160078 -0.0236002 -0.020503 -0.147103 -0.0508716 -0.0233785 0.0219083 -7.13341e-05 -0.0811119 -0.0139049 -0.000369581 0.0531065 0.0240258 -0.000932803 -0.0892478 0.00322458
internal_weight=23804 20703 15438 5265 11376 5599 371 4165 351 5777 5748 5228 2162 4062 561 4397 1395 1100 1351 3066 2977 3002 190 3101 257 233 194 2844 320 52 268 248 225 2524 139 3917 668 596 119 477 72 3249 3104 145 2975 129 2053 1856 1829 70 437 337 308 271 106 75 99 111 1633 2812 126 2686
internal_count=23804 20703 15438 5265 11376 5599 371 4165 351 5777 5748 5228 2162 4062 561 4397 1395 1100 1351 3066 2977 3002 190 3101 257 233 194 2844 320 52 268 248 225 2524 139 3917 668 596 119 477 72 3249 3104 145 2975 129 2053 1856 1829 70 437 337 308 271 106 75 99 111 1633 2812 126 2686
is_linear=0
shrinkage=0.035


Tree=74
num_leaves=63
num_cat=0
split_feature=51 81 2 14 51 56 80 72 30 56 40 3 72 67 14 73 55 45 17 39 49 43 41 28 34 16 20 44 2 40 48 33 47 4 46 18 10 36 17 3 11 64 50 43 45 45 47 37 56 71 19 42 72 25 55 26 22 3 57 63 60 9
split_gain=2598.27 2045.34 1681.02 1602.77 1764.28 1416.99 1413.8 1320.27 1801.13 1479.84 1394.88 1259.85 1222.58 1347.79 1204.44 1282.55 1179.29 1216.83 1124.05 1228.11 1114.26 1097.52 1087.44 2135.14 1323.99 1235.41 1597.31 1105.95 1079.91 1070.6 1069.98 1106.11 1058.22 1253.23 1054.04 1167.75 1606.96 1046.17 1202.44 1038.36 1028.06 1217.03 1140.24 987.908 978.734 1082.93 1024.46 968.442 1028.45 1116.62 962.701 958.361 1281.05 955.043 924.949 913.259 913.238 1407.57 1126.8 1552.52 1054.07 1040.24
threshold=73.856235294117667 0.93053339093869736 29.10172413793104 0.7199498746867169 67.270384615384629 86.488344884643752 11.721200373313353 74.034976403522208 19.085144927536234 93.985013951685275 12.94590643274854 56.191391941391949 85.437284430673671 95.202438269719764 0.69342582417582432 66.240890357932415 84.405566155547703 0.51787994891443179 33.507575757575765 37.508064516129039 0.055876907811175207 11.824808184143224 8.3385416666666696 21.557777777777783 17.961038961038962 25.540064102564106 4.8480769230769232 17.254629629629633 25.38675213675214 12.803225806451616 0.71202978298197661 0.49033908045977009 0.52778529341029345 0.48907878787878795 0.82247899159663873 14.209429824561406 0.48673684210526319 0.69843961352657014 31.612007168458785 52.675438596491233 0.47043095238095245 62.500000000000007 73.463111111111132 12.246212121212123 0.69631093544137035 0.82683658170914553 0.38589999367829003 5.3651515151515161 112.14675717717354 71.877145868945874 6.6023255813953492 3.6720430107526885 69.861930613439668 65.343137254901976 84.405566155547703 0.47355050505050511 15.508064516129034 53.983333333333341 1.0000000180025095e-35 97.693622386617363 25.500000000000004 30.377976190476193
decision_type=2 2 2 2 2 2 2 2 2 2 2 2 2 2 2 2 2 2 2 2 2 2 2 2 2 2 2 2 2 2 2 2 2 2 2 2 2 2 2 2 2 2 2 2 2 2 2 2 2 2 2 2 2 2 2 2 2 2 2 2 2 2
left_child=1 2 -1 4 37 14 7 8 16 -9 21 -8 13 -7 -2 -16 -6 30 20 -20 -12 -11 24 25 -15 55 -27 -26 -25 -19 -18 -32 40 -34 35 39 -37 44 51 -31 -10 -42 -43 -33 46 -46 -3 -4 49 -49 -29 52 -39 -30 -48 -24 57 61 -59 60 -60 -5
right_child=5 3 47 56 6 12 11 9 32 10 18 -13 -14 22 15 -17 17 29 19 -21 -22 -23 23 28 27 26 -28 50 53 34 31 43 33 -35 -36 36 -38 38 -40 -41 41 42 -44 -45 45 -47 54 48 -50 -51 -52 -53 -54 -55 -56 -57 -58 58 59 -61 -62 -63
leaf_value=0.0098607552424319466 0.013526336635096269 -0.26727002552517676 0.31199915454554011 0.02738436569008872 -0.10676989911834547 -0.032210112061037584 -0.19109599744473346 0.30099660779050619 -0.1652268439807428 0.1164781699155944 -0.073761336592118476 -0.039804921136584716 0.12342014470410381 0.05675517878646829 0.1655791282627318 -0.1124581636563812 0.008528543981642692 0.0059959308994324461 0.02701981083261663 -0.084752328578694303 0.031746704207405232 0.022808764933519673 -0.078696540359207381 0.11860192611066195 0.084254297162761407 0.11036921557584066 -0.19393206413443817 -0.0084929334091157042 -0.029802447902968238 0.085924903173171571 -0.022465494567553205 0.40427012186315325 -0.019527141277111078 -0.24693756214193394 0.083802274334956642 0.26109185375486105 -0.038479500853289855 -0.094599575323109739 0.0023085398179803042 -0.12031942048900447 -0.23552021844199536 -0.027036818021036527 -0.18359165290783544 0.10781258808364473 -0.2434665364091268 -0.047014385475831887 0.15840024270330161 0.069163775553454224 0.049614744675034461 0.3757135202811574 -0.22864828526702796 -0.19580293726038639 0.10024410162592701 0.074525973531256812 -0.060757351295276339 -0.25062634302775066 -0.0032935421279730957 0.05441503879429907 -0.090753144633770017 -0.13726088571977554 0.16126018448050966 -0.18236478276486237
leaf_weight=2685 397 28 21 53 134 397 94 21 138 211 458 237 174 2051 22 214 2374 600 969 137 167 558 139 162 48 74 29 48 261 32 37 22 1125 30 59 24 209 171 636 392 44 493 64 37 83 59 24 33 378 26 49 70 54 182 651 52 4574 1049 32 95 54 63
leaf_count=2685 397 28 21 53 134 397 94 21 138 211 458 237 174 2051 22 214 2374 600 969 137 167 558 139 162 48 74 29 48 261 32 37 22 1125 30 59 24 209 171 636 392 44 493 64 37 83 59 24 33 378 26 49 70 54 182 651 52 4574 1049 32 95 54 63
internal_value=1.22171e-05 -0.00541647 0.0204408 -0.0103841 -0.018632 0.0246413 -0.012117 -0.00929673 -0.0184692 0.0118551 0.00936516 -0.0830037 0.0329911 0.0284671 -0.0236985 -0.0862294 -0.0049253 -0.00130612 -0.0080602 0.0131394 -0.0455612 0.0485735 0.0362554 0.00382315 0.049527 -0.0734738 0.0241354 -0.0525338 0.0414211 -0.0284848 0.0131759 0.127426 -0.0464903 -0.0255412 -0.0573682 -0.070105 -0.00711437 -0.0504075 -0.0247898 -0.104663 -0.0791878 -0.059305 -0.04518 0.220883 -0.0785968 -0.162318 -0.0615775 0.0823796 0.0709933 0.206334 -0.120344 -0.083129 -0.047703 0.0130871 -0.0528484 -0.126055 0.00416366 0.0294993 0.0405005 -0.0400508 0.0674648 -0.0867949
internal_weight=23804 19505 3143 16362 10442 4299 8666 8335 5814 2521 2500 331 3666 3492 633 236 3920 3786 1731 1106 625 769 3095 899 2196 294 103 145 605 1316 2470 96 1894 1155 716 657 233 1776 931 424 739 601 557 59 845 142 703 458 437 59 97 295 225 443 675 191 5920 1346 1230 181 86 116
internal_count=23804 19505 3143 16362 10442 4299 8666 8335 5814 2521 2500 331 3666 3492 633 236 3920 3786 1731 1106 625 769 3095 899 2196 294 103 145 605 1316 2470 96 1894 1155 716 657 233 1776 931 424 739 601 557 59 845 142 703 458 437 59 97 295 225 443 675 191 5920 1346 1230 181 86 116
is_linear=0
shrinkage=0.035


Tree=75
num_leaves=63
num_cat=0
split_feature=58 51 74 41 27 30 34 72 67 36 0 18 51 30 25 30 2 52 70 51 23 61 76 47 3 7 61 55 77 12 42 28 17 13 3 42 30 20 30 15 73 34 47 8 3 5 44 54 46 26 0 49 9 48 41 18 32 27 20 22 3 61
split_gain=2485.1 2469.17 1963.22 1724.02 1556.96 1379.21 1232.67 1197.84 1176.16 1212.96 1172.88 1132.6 1048.15 1162.97 1311.03 1075.26 1057.05 1041.67 1044.06 1014.1 1004.96 1000.96 1122.59 978.304 1044.07 977.553 1072.4 1230.84 976.874 1318.48 969.953 1155.26 1371.74 1196.6 1072.59 1051.93 1091.1 962.433 1002.91 1407.16 1184.22 1435.16 1121.36 958.402 957.282 948.261 1236.21 1081.22 1169.08 993.867 1171.06 1103.94 947.272 1637.37 955.922 937.898 1018.52 918.362 947.503 1109.98 1745.43 1401.64
threshold=1.0000000180025095e-35 72.99813852813854 -0.59571503659014968 6.5435606060606073 9.8038461538461572 14.766968325791858 22.600000000000005 84.818002874767089 107.65222583130301 0.71708893280632424 8.5000000000000018 21.522727272727277 66.656552795031061 18.753787878787886 56.116515837104082 17.603030303030305 27.763305322128858 6.2554999999999916 -6.7433871297809906 63.33051282051283 75.770979020979027 0.26679379691838451 0.1000179454138715 0.56166994194901954 59.207614942528743 0.31701612903225812 0.23476674436141404 108.36010705352977 9.2596170816094538 14.964901477832514 3.3771551724137936 24.430952380952387 30.508064516129036 18.638181818181824 58.945906432748544 6.2886904761904772 19.414215686274513 5.1835016835016843 20.447222222222226 6.6030303030303044 81.316033677797364 13.328431372549023 0.67393194581154148 13.031250000000002 55.603571428571435 6.1490740740740746 19.169540229885062 104.83241144931611 0.60791925465838526 0.46014550264550264 26.500000000000004 -0.067297816737925828 37.844129554655879 0.53444825963199649 8.6228448275862082 15.55777777777778 0.56815142857142875 9.644009216589863 5.6733333333333347 16.584770114942533 54.127016129032263 0.92818973178466313
decision_type=2 2 2 2 2 2 2 2 2 2 2 2 2 2 2 2 2 2 2 2 2 2 2 2 2 2 2 2 2 2 2 2 2 2 2 2 2 2 2 2 2 2 2 2 2 2 2 2 2 2 2 2 2 2 2 2 2 2 2 2 2 2
left_child=12 2 3 4 5 -2 7 28 19 21 20 30 13 14 15 -1 -15 43 -19 -7 -6 -10 -23 24 -11 -12 -27 -28 57 -30 -4 35 44 -34 -35 -32 -37 38 -14 -40 41 -41 -42 -5 -33 46 -45 -47 49 50 51 -49 53 -39 -54 56 -50 58 59 60 -3 -61
right_child=1 6 11 17 10 8 -8 -9 9 23 25 -13 37 16 -16 -17 -18 18 -20 -21 -22 22 -24 -25 -26 26 27 -29 29 -31 31 32 33 34 -36 36 -38 52 39 40 42 -43 -44 45 -46 47 -48 48 55 -51 -52 -53 54 -55 -56 -57 -58 -59 -60 61 -62 -63
leaf_value=-0.027824379840619487 -0.15248760696079419 -0.067854171913104361 0.015796713643680474 -0.2273118670143065 0.37602362908635822 -0.17352342518848002 -0.20817681202346633 0.10916419753470874 0.040149879825107759 0.00082946600320134712 -0.072706876011894031 0.14951081375293707 -0.016517917874916539 0.13555363352157571 -0.24002580841339155 -0.24023509104509061 -0.12594667450586958 0.037034055364885556 -0.15724685547507991 -0.013457752316818566 0.09570588990730737 -0.17905020888290415 0.028910118552264961 0.17857355940542691 0.18018697389562927 -0.084438568827811269 0.2807619198274009 0.061796861652202079 0.042155885032345269 0.37488820637994347 -0.012975472748065502 0.0038649955370969945 -0.04451420440360191 0.14428915559912281 0.0027407648915456517 -0.26589196212718519 0.03937419352663888 -0.087085699685022874 -0.21673975397941236 -0.0017852059582212415 -0.01598555003575184 -0.1328762434976464 0.23374399866285875 -0.046647480289896334 0.25585243177003819 0.014097892123048641 -0.18483925877024193 0.11018386954920635 -0.016701531573544936 -0.20107376247084605 0.18694507384092313 -0.15814461994877349 0.02759215161329942 0.19608235284354952 -0.17956927884143334 0.080611660073353714 -0.12262516790070338 0.058593219801547906 -0.058672537784913069 0.0083938199923809607 0.06111620681406426 -0.2821363921107316
leaf_weight=147 80 145 5596 30 24 49 27 207 187 164 76 68 1882 47 80 36 31 43 156 2392 45 71 57 96 52 44 39 157 42 22 2997 28 219 118 147 40 22 35 69 181 79 235 30 562 54 785 92 24 668 90 21 81 130 85 34 97 133 697 202 2631 1106 20
leaf_count=147 80 145 5596 30 24 49 27 207 187 164 76 68 1882 47 80 36 31 43 156 2392 45 71 57 96 52 44 39 157 42 22 2997 28 219 118 147 40 22 35 69 181 79 235 30 562 54 785 92 24 668 90 21 81 130 85 34 97 133 697 202 2631 1106 20
internal_value=1.15669e-05 0.00438865 -0.0025209 -0.0175771 -0.0013473 -0.00947701 0.0255322 0.0267974 -0.00572254 0.0370159 0.0650433 0.00771488 -0.0292057 -0.0870579 -0.122208 -0.0701699 0.0314392 -0.0381829 -0.115261 -0.0167072 0.195262 -0.0114252 -0.0866635 0.085874 0.0443407 0.0363349 0.0709588 0.105988 0.0232812 0.158606 0.00666078 -0.00744185 0.0384691 0.015958 0.0659361 -0.0159427 -0.158067 -0.0220423 -0.0290438 -0.0686769 -0.0490229 -0.0759181 0.0534689 -0.0322221 0.170395 -0.0298842 -0.066219 -0.0173549 -0.0395181 -0.112534 -0.0487191 -0.0965477 0.0389302 0.113444 -0.0157499 -0.0218985 -0.0343592 0.0214602 0.0151465 0.0189759 0.0461437 0.00614786
internal_weight=23804 20703 15604 6315 3533 3148 5099 5072 3068 627 385 9289 3101 341 263 183 78 2782 199 2441 69 315 128 312 216 316 240 196 4865 64 9221 3625 566 484 265 3059 62 2760 2476 594 525 416 109 2583 82 2553 654 1899 1114 216 126 105 284 120 164 898 801 4801 4104 3902 1251 2651
internal_count=23804 20703 15604 6315 3533 3148 5099 5072 3068 627 385 9289 3101 341 263 183 78 2782 199 2441 69 315 128 312 216 316 240 196 4865 64 9221 3625 566 484 265 3059 62 2760 2476 594 525 416 109 2583 82 2553 654 1899 1114 216 126 105 284 120 164 898 801 4801 4104 3902 1251 2651
is_linear=0
shrinkage=0.035


Tree=76
num_leaves=63
num_cat=0
split_feature=71 80 58 26 0 1 67 6 36 67 18 32 80 14 29 25 27 55 0 10 53 77 2 17 17 3 46 51 31 8 69 18 48 18 21 69 12 14 80 69 20 2 1 35 19 34 20 9 30 63 19 3 52 9 10 11 35 76 67 42 31 17
split_gain=2369.32 2114.61 1359.32 1332.69 1236.01 1162.87 1243.89 1104.76 1162.38 1108.69 1054.03 1508.92 1223.24 1193.81 1169.57 1228.36 1301.58 1069.43 1058.74 1042.34 1539.22 1244.45 1036.56 1139.37 1138.21 1017.77 1022.86 971.491 1295.37 1322.94 1207.2 1452.61 1485.06 1282.35 1318.5 1165.97 1150.53 1545.62 1124.41 960.117 1002.34 966.119 1027.05 959.827 956.156 955.362 935.25 926.091 1175.32 920.765 920.697 1362.62 1211.55 1084.27 920.493 1006.8 1439.53 955.891 918.255 902.989 928.336 897.999
threshold=68.540072463768141 -2.9605968004352472 1.0000000180025095e-35 0.52705555555555572 1.5000000000000002 79.628289473684234 108.66918744206602 20.306020066889634 0.70320714285714303 88.276161730519974 14.209429824561406 0.57054006410256419 -1.7360505124244481 0.71587750000000006 0.42005000000000003 55.015151515151523 4.0172413793103461 115.95949045834926 25.500000000000004 0.52265151515151531 111.11280157957377 1.1472470549321463 28.61721611721612 33.672043010752695 36.25462962962964 53.755000000000003 0.52277432712215333 73.275277777777788 43.509259259259267 20.10172413793104 -2.502846054933499 14.648529411764708 0.54897569833404303 15.339080459770118 13.98529411764706 -12.690926782042792 10.836666666666668 0.66768993135011445 2.0159816736875915 23.997370535053651 3.7464285714285719 25.456439393939394 72.574175824175839 17.964901477832516 4.6030303030303044 18.839743589743595 3.1132478632478637 38.479130434782611 13.729020979020982 105.38519731405401 5.9344086021505387 54.508620689655181 3.0481932102984648 26.571895424836608 0.5091754926108375 0.51051086956521752 21.569498069498074 0.22663091455911405 108.66918744206602 5.0142857142857151 39.015151515151523 31.763305322128858
decision_type=2 2 2 2 2 2 2 2 2 2 2 2 2 2 2 2 2 2 2 2 2 2 2 2 2 2 2 2 2 2 2 2 2 2 2 2 2 2 2 2 2 2 2 2 2 2 2 2 2 2 2 2 2 2 2 2 2 2 2 2 2 2
left_child=4 3 54 5 -1 47 19 8 43 -9 11 14 -13 -14 15 25 -17 61 27 20 21 -7 24 -24 -8 -4 -27 39 30 -30 31 38 -33 -32 36 -34 -35 -38 -29 40 41 42 -12 -6 -10 -21 -19 48 -2 -45 51 -11 -53 -52 55 -3 -57 -56 -54 60 -42 -18
right_child=1 2 10 -5 7 6 22 9 44 50 18 12 13 -15 -16 16 17 46 -20 45 -22 -23 23 -25 -26 26 -28 28 29 -31 33 32 35 34 -36 -37 37 -39 -40 -41 59 -43 -44 49 -46 -47 -48 -49 -50 -51 53 52 58 -55 57 56 -58 -59 -60 -61 -62 -63
leaf_value=0.10452636404376213 0.14756760058136748 -0.043166099405644587 -0.23268397725727674 -0.12163051505192467 -0.11240028932329953 0.28270817100710993 0.29971965434654901 -0.13382955576905556 0.11388656978958774 -0.046881807126710265 0.017077239643117699 0.11185434876161594 -0.14385201375233966 -0.018722636409263367 0.14900687790068429 0.18540027811834892 0.017892101856444773 -0.01118529388168279 0.065365876984504218 0.054779884084361623 -0.16585592576723224 -0.013422618012631305 -0.054442434853156113 0.11211191261769433 0.0080565402235122444 -0.00047938022042413062 -0.093195917906280207 -0.021139585091850977 -0.19085773251157837 0.05429316699671969 0.17908136473153202 0.053752731547203482 0.085098335657341817 -0.12713727313705855 -0.11132668835526766 -0.18449579099178315 0.34924614147345229 0.070323710843852666 0.27144262716211848 -0.21571551663969082 0.060473754464122641 -0.029917083125573871 0.24175683790776467 -0.062524534968639509 -0.030808340177491119 -0.12126958737305449 -0.24865630505432057 -0.007066400453544874 0.020700934217328902 0.090572600240549778 0.16663392955237544 0.056187114783661694 -0.064598828301772368 -0.031891734941514677 -0.0017913324359275105 -0.22613637917560375 0.04404600532019317 -0.18207848297397297 0.15909211422649086 -0.051353830092286258 -0.02762310163696502 -0.0113273361765473
leaf_weight=91 91 688 35 80 455 20 57 89 60 341 120 40 219 163 61 46 2279 42 468 870 75 114 65 218 23 345 252 27 54 53 157 117 25 24 49 87 31 109 39 25 659 1202 31 235 743 39 39 1716 4054 60 34 730 190 1463 918 88 33 37 25 153 188 2963
leaf_count=91 91 688 35 80 455 20 57 89 60 341 120 40 219 163 61 46 2279 42 468 870 75 114 65 218 23 345 252 27 54 53 157 117 25 24 49 87 31 109 39 25 659 1202 31 235 743 39 39 1716 4054 60 34 730 190 1463 918 88 33 37 25 153 188 2963
internal_value=1.07956e-05 0.0053541 -0.00381103 0.0200067 -0.0228079 0.0215586 0.0492649 -0.0254389 -0.0492173 -0.0125734 0.00113938 -0.00730522 -0.0712581 -0.0905625 -0.00284712 -0.00440358 0.00103051 -0.000579377 0.0162733 0.0309569 -0.0394439 0.0316366 0.105522 0.0738165 0.216481 -0.0505374 -0.0396671 0.00896919 0.0430694 -0.0697076 0.0612595 0.00840344 -0.0333352 0.103324 0.0471788 -0.124177 0.0947528 0.133133 0.152438 -0.00210646 0.000206938 -0.0194275 0.0638723 -0.0805373 -0.0199283 0.0471602 -0.12639 0.0145534 0.0235045 -0.0312737 -0.00867105 0.0130446 0.0346858 -0.0273263 -0.0321551 -0.0596138 -0.152543 -0.00887157 -0.0382632 0.0267723 0.0409109 0.00137587
internal_weight=23804 19288 11866 7422 4516 7342 1481 4425 1553 2872 10102 6484 422 382 6062 6001 5369 5323 3618 1118 209 134 363 283 80 632 597 3150 772 107 665 295 229 370 213 112 164 140 66 2378 2353 1353 151 750 803 909 81 5861 4145 295 2783 1286 945 1497 1764 809 121 955 215 1000 847 5242
internal_count=23804 19288 11866 7422 4516 7342 1481 4425 1553 2872 10102 6484 422 382 6062 6001 5369 5323 3618 1118 209 134 363 283 80 632 597 3150 772 107 665 295 229 370 213 112 164 140 66 2378 2353 1353 151 750 803 909 81 5861 4145 295 2783 1286 945 1497 1764 809 121 955 215 1000 847 5242
is_linear=0
shrinkage=0.035


Tree=77
num_leaves=63
num_cat=0
split_feature=51 1 34 41 78 41 56 20 12 40 2 2 39 27 2 27 34 22 53 39 27 50 11 32 49 56 1 45 45 79 79 47 63 53 1 69 66 27 67 31 69 16 52 29 63 24 63 65 2 39 51 15 51 30 43 22 25 27 53 22 38 43
split_gain=2231.73 1837.54 1672.43 1921.15 1479.83 1347.96 1310.59 1387.04 1282.39 1193.14 1205.56 1104.41 1081.87 1077.65 1076.81 1244.57 1309.9 1416.52 1253.7 1250.28 1188.89 1074.8 1297.61 1449.26 1170.94 1072.54 1070.68 1114.25 1070.23 1035.63 1285.68 1024.95 1021.08 993.756 984.11 984.052 972.355 1072.67 969.808 960.276 1119.19 959.721 943.401 1024.18 992.459 941.503 921.586 1040.12 920.459 910.507 1396.85 1374.81 1741.15 1354.35 1303.73 1196.77 1222.51 1029.44 909.182 891.96 1314.63 1279.07
threshold=70.626060606060619 75.52086956521741 17.961038961038962 6.8544973544973553 7.2225384938756543 6.3015151515151517 100.85756129997792 7.5857142857142863 9.339080459770118 12.254032258064518 22.508620689655178 31.716517857142861 30.358571428571434 8.7290209790209801 25.905505952380956 9.9843750000000018 9.7464285714285719 14.770979020979022 100.52105444184245 39.019230769230781 8.3618181818181831 70.498055555555581 0.49742791762013733 0.49925000000000003 -0.0039318363914953988 97.121133194230467 71.474937343358405 0.73205128205128212 0.9104278074866311 1.0709321802840723 0.99571501160783982 0.67774488889967788 108.31151501729452 101.55348072264246 70.338541666666671 -15.175351351627297 107.82322058798701 9.6720430107526898 88.880383672277318 31.191391941391945 5.8252349687099505 28.447222222222226 -5.2682597402597358 0.37723669467787119 100.01667689836653 26.877500000000001 89.793700366153772 0.15291331912627751 23.609903381642514 31.901612903225807 74.993809523809531 6.4791304347826104 71.415777777777791 19.508064516129036 13.773460410557187 19.25403225806452 57.508064516129039 8.3090185676392583 99.305768502971048 17.672043010752692 23.883484162895929 16.018518518518523
decision_type=2 2 2 2 2 2 2 2 2 2 2 2 2 2 2 2 2 2 2 2 2 2 2 2 2 2 2 2 2 2 2 2 2 2 2 2 2 2 2 2 2 2 2 2 2 2 2 2 2 2 2 2 2 2 2 2 2 2 2 2 2 2
left_child=4 9 3 8 5 -1 -5 -8 -3 13 -11 12 41 49 15 18 -17 -18 19 -12 21 48 24 -24 -23 -10 34 -28 -13 30 35 -15 36 -25 -19 -7 37 -22 -37 40 -40 -6 -4 -44 -45 -42 -27 -48 -20 55 51 52 -51 54 -52 56 -2 -53 -16 60 -49 -62
right_child=1 2 42 6 11 29 7 -9 25 10 14 28 -14 31 58 16 17 26 20 -21 32 22 23 33 -26 46 27 -29 -30 -31 -32 -33 -34 -35 -36 38 -38 -39 39 -41 45 -43 43 44 -46 -47 47 59 -50 50 53 57 -54 -55 -56 -57 -58 -59 -60 -61 61 -63
leaf_value=-0.0045278934963582573 0.01731459424966815 -0.10357328157667567 0.05338437578100147 0.097139687337112007 -0.032643702517983722 -0.18381399355077746 -0.00067556657328536477 0.2699293791017634 0.29603008665357322 -0.052581279261352788 -0.0090108641654905001 0.0039698897859040847 0.025853195400060407 0.16808473131451671 0.028996249275872198 -0.14288722302874585 0.33293541374227459 0.086812561508789896 0.18236532107654374 -0.14097978521104199 0.01095759665322644 0.16282386636734011 0.0084600255986054754 0.49610647751564202 -0.13232405994508578 -0.058830481190057037 -0.1123100271435345 0.17236577794138108 0.19264281283642937 -0.16813788953266645 -0.008727173692952523 -0.061671487303542313 -0.18484463016706779 0.20673953665136405 0.32239775354721972 -0.14363882654013255 -0.088114998373724024 0.2454184597595683 -0.041648748951316379 -0.030141226258055317 -0.13781170041227342 0.16447244686550566 -0.12264399799889295 0.18695392953535006 -0.12585801393209503 -0.40899178611400522 0.14889804085554359 0.0041047654265844368 0.023247634458246534 -0.14060446529729029 0.19427593426796108 -0.03553432183926146 0.21308401342408848 0.18883846232010301 -0.063057836081573684 -0.02795518042736592 0.12406498157436138 -0.22486255102793379 -0.035971043052210966 0.030202119385351202 0.12132871208963988 -0.067688390750555633
leaf_weight=5001 247 56 82 199 769 62 1837 23 24 635 1790 68 1439 110 323 30 28 153 47 92 245 31 31 21 34 73 59 23 80 66 2051 30 41 50 25 111 113 26 121 1949 62 31 183 29 21 21 174 197 721 24 32 579 56 78 93 191 281 37 1432 724 596 47
leaf_count=5001 247 56 82 199 769 62 1837 23 24 635 1790 68 1439 110 323 30 28 153 47 92 245 31 31 21 34 73 59 23 80 66 2051 30 41 50 25 111 113 26 121 1949 62 31 183 29 21 21 174 197 721 24 32 579 56 78 93 191 281 37 1432 724 596 47
internal_value=1.07053e-05 0.0106637 0.0290952 0.035286 -0.0107698 -0.016993 0.011887 0.00274039 0.0607521 0.00046343 -0.00702144 0.0138488 0.00771477 0.025793 -0.00157317 0.00948716 0.0755074 0.0984772 0.00299966 -0.0154996 0.0285983 0.0506536 0.131008 0.208587 0.00855377 0.0657956 0.0726239 -0.0318588 0.106284 -0.0310208 -0.0289334 0.118782 -0.0199176 0.295247 0.12073 -0.0467435 -0.00208159 0.0338754 -0.0429485 -0.0377236 -0.109897 -0.0249031 -0.0484573 -0.0843511 0.0555583 -0.208504 0.0626617 0.0677821 0.0331022 0.0177106 -0.00576784 -0.0293375 0.10672 0.0748987 0.00330327 0.0470552 0.0741971 -0.0470851 -0.0240073 0.0587108 0.0832458 0.107465
internal_weight=23804 11973 4265 3950 11831 9444 2059 1860 1891 7708 5950 2387 2239 1758 5315 3560 318 288 3242 1882 1360 935 167 102 65 1835 260 82 148 4443 4377 140 425 71 178 2326 384 271 2264 2153 204 800 315 233 50 83 1811 1738 768 1618 899 696 80 203 125 719 528 616 1755 1564 840 643
internal_count=23804 11973 4265 3950 11831 9444 2059 1860 1891 7708 5950 2387 2239 1758 5315 3560 318 288 3242 1882 1360 935 167 102 65 1835 260 82 148 4443 4377 140 425 71 178 2326 384 271 2264 2153 204 800 315 233 50 83 1811 1738 768 1618 899 696 80 203 125 719 528 616 1755 1564 840 643
is_linear=0
shrinkage=0.035


Tree=78
num_leaves=63
num_cat=0
split_feature=58 71 1 42 0 67 43 80 81 0 26 23 21 21 36 41 55 12 10 30 68 71 75 63 68 49 5 43 34 39 18 5 13 13 5 33 49 12 22 80 25 48 66 43 45 79 40 27 47 21 79 19 56 77 70 62 20 40 10 28 21 71
split_gain=2196.26 2222.26 1492.66 1551.12 1450.59 1405.11 1322.97 1228.6 1111.79 1018.77 1268.34 1062.29 971.189 939.592 928.887 1277.83 1177.54 1125.2 1172.49 1007.3 1146.78 973.099 1095.64 959.144 1009.96 948.736 1045.6 1285 1049.24 1094.32 1350.96 935.355 974.51 1671.39 1052.1 912.88 1256.65 912.631 896.632 1083.74 963.245 867.115 1113.7 853.785 852.997 824.596 1219.63 934.925 815.359 884.014 813.648 1259.34 1218.85 1033.64 938.412 903.485 862.987 834.468 846.06 811.823 811.397 1044.54
threshold=1.0000000180025095e-35 72.424142857142883 63.020833333333336 1.25462962962963 19.500000000000004 114.45556558251802 14.982758620689657 -1.9339168956360024 0.90145116535378522 4.5000000000000009 0.40827619047619051 86.710084033613455 10.465476190476194 13.557189542483661 0.69608166666666682 4.0166666666666675 116.81704626201611 9.5080645161290338 0.61516250000000017 20.672619047619051 -0.53817478421579767 72.31707015810278 146.77150780162657 93.692445035156766 11.552561522175603 -0.010128837151973298 9.4361413043478279 11.430952380952382 14.288018433179726 33.638181818181828 13.113247863247866 8.5536398467432964 16.224014336917566 16.017241379310349 8.2240143369175644 0.54273205741626807 -0.029500909666419498 13.701851851851854 17.455844155844158 -2.0835469284004513 53.872282608695663 0.59583616692920194 105.19248743736101 14.982758620689657 0.80860805860805873 0.96557857859774199 14.984848484848486 6.4037037037037043 0.80193277310924382 10.314144736842108 0.99047399674058412 5.0571895424836608 93.573547426054986 0.71248475146318502 -8.4378468382825442 109.88389845995951 4.8908730158730167 11.984375000000002 0.46255277777777781 14.190909090909093 13.901612903225809 71.612611111111121
decision_type=2 2 2 2 2 2 2 2 2 2 2 2 2 2 2 2 2 2 2 2 2 2 2 2 2 2 2 2 2 2 2 2 2 2 2 2 2 2 2 2 2 2 2 2 2 2 2 2 2 2 2 2 2 2 2 2 2 2 2 2 2 2
left_child=-1 2 5 6 8 41 -4 38 9 -3 13 -12 -6 -11 21 37 17 19 25 20 -17 23 -23 24 -9 43 27 28 45 -30 -31 32 33 34 -29 44 -37 -16 60 40 -40 42 -2 -19 -14 -27 47 -47 49 -42 52 -52 53 54 -25 -54 -53 -56 -59 -10 61 -5
right_child=1 4 3 7 12 -7 -8 14 59 10 11 -13 35 -15 15 16 -18 18 -20 -21 -22 22 -24 50 -26 26 -28 31 29 30 -32 -33 -34 -35 -36 36 -38 -39 39 -41 48 -43 -44 -45 -46 46 -48 -49 -50 -51 51 56 55 -55 57 -57 -58 58 -60 -61 -62 -63
leaf_value=-0.027455319434440111 -0.052784279873640032 0.0028752272956646405 0.17270275373244448 0.020808527514162026 0.29834031034242819 0.23680950127091521 -0.081784176164407016 -0.30727128607034687 -0.16695902910415944 0.31808377839264118 0.034308693472676906 0.29781054375811322 0.059100114356027286 0.093299043380297167 -0.28535770031855656 -0.022065522330443257 -0.097647692540781553 -0.013864023869716753 0.26200160995854277 0.15370762022151507 -0.19697469743788243 -0.020975417083768703 -0.31498439885213403 0.28168800320777487 -0.065873897156816852 -0.019671137451147555 0.095832165408028733 -0.010057007456515216 0.072085145628282443 0.48379164098029914 0.10588973144090402 -0.073414623831950077 -0.00509771085676232 0.31115469465851781 0.23743664959248378 0.13673141603310904 -0.10464565852600768 0.014626461816997064 -0.073657152259237094 0.17860182378237902 0.13062700903110619 0.00034763921226667858 -0.18030942536695646 0.10856958734585807 0.21299059405554366 0.18487957791427534 0.21749075113830316 0.00057618263209047746 -0.15652156489719582 -0.0019877558426527274 0.058648777133448918 -0.021411198864898558 -0.063047381747310435 -0.09893781825927421 0.23419187877786923 0.14065828430435878 0.075121914149986369 -0.13233556889931364 0.066709138443704297 0.0087597087386273448 -0.027068549002344643 0.086978092696765291
leaf_weight=3101 610 227 110 3038 20 21 32 24 32 47 222 20 908 45 32 104 138 1853 22 21 82 33 29 23 164 209 225 120 96 21 26 198 948 32 25 37 89 20 249 38 63 303 97 72 46 41 56 180 40 2031 336 1711 919 54 23 27 121 37 86 3572 375 323
leaf_count=3101 610 227 110 3038 20 21 32 24 32 47 222 20 908 45 32 104 138 1853 22 21 82 33 29 23 164 209 225 120 96 21 26 198 948 32 25 37 89 20 249 38 63 303 97 72 46 41 56 180 40 2031 336 1711 919 54 23 27 121 37 86 3572 375 323
internal_value=1.15716e-05 0.00412643 -0.00257009 0.000341674 0.023761 -0.0432424 0.115243 -0.000805861 0.0143149 0.0601264 0.0989638 0.0566693 0.0595013 0.209271 -0.0097567 0.000795032 0.00281218 0.00602487 0.0100259 -0.0735014 -0.0995161 -0.0230552 -0.159971 -0.0206237 -0.0974425 0.00864186 0.0244679 0.0162178 0.0573812 0.140563 0.278128 -0.00336433 0.00898855 0.0842552 0.0332596 0.0549391 -0.0334771 -0.170872 0.0109805 -0.00560963 -0.00858544 -0.049183 -0.0704007 -0.00925587 0.0666318 0.0327793 0.0723306 0.0351242 -0.000975608 0.00203065 -0.0162808 -0.00358572 -0.0398103 0.0337308 0.0763093 -0.0571584 -0.0150147 0.0430803 0.0065122 0.00717558 0.0217315 0.0271806
internal_weight=23804 20703 15438 14407 5265 1031 142 14265 4165 561 334 242 1100 92 8108 4521 4469 4331 4124 207 186 3587 62 3525 188 4102 2177 1952 629 143 47 1323 1125 177 145 1080 126 52 6157 2421 2383 1010 707 1925 954 486 277 221 2134 2094 3337 2168 1169 223 169 946 1832 146 123 3604 3736 3361
internal_count=23804 20703 15438 14407 5265 1031 142 14265 4165 561 334 242 1100 92 8108 4521 4469 4331 4124 207 186 3587 62 3525 188 4102 2177 1952 629 143 47 1323 1125 177 145 1080 126 52 6157 2421 2383 1010 707 1925 954 486 277 221 2134 2094 3337 2168 1169 223 169 946 1832 146 123 3604 3736 3361
is_linear=0
shrinkage=0.035


Tree=79
num_leaves=63
num_cat=0
split_feature=58 3 51 22 15 7 41 5 81 31 13 79 49 72 10 37 48 32 39 72 22 2 64 23 4 6 46 36 56 72 15 51 41 38 10 47 20 82 35 4 36 81 36 9 73 55 31 51 30 25 30 2 3 38 19 82 48 30 73 49 17 39
split_gain=2045.56 2129.55 1941.39 1549.58 1487.17 1398.71 1595.42 1262.78 1242.61 1237.34 1141.98 1097.83 1069.46 1217.2 1100.31 1043.35 1033.27 1220.57 1032.07 1194.23 1543.81 1361.64 1288.91 1143.39 1083.92 1029.59 1167.82 1044.57 1004.02 1000.55 996.815 976.545 959.643 956.283 1725.24 1036.95 1046.75 977.405 955.805 951.151 946.568 1559.58 1240.86 1212.31 1085.14 996.565 980.443 946.063 1085.64 1221.02 999.214 988.992 943.293 925.214 923.932 918.029 906.244 1045.1 1339.82 1041.78 905.044 1115.14
threshold=1.0000000180025095e-35 54.508620689655181 74.753500000000017 15.859126984126986 6.2540322580645169 0.34434166666666671 7.4220647773279369 6.2540322580645169 0.86761736026220149 34.813657407407412 14.836021505376346 0.88463237915878945 0.03341644747399241 66.728929843249105 0.55128869047619056 7.9636243386243395 0.70007662390590453 0.56301612903225828 35.724747474747481 75.793221840879184 15.701851851851854 27.059714795008919 211.50000000000003 66.38675213675215 0.47235248447204975 26.848076923076928 0.16397849462365588 0.65208514492753633 104.06016055663633 81.25390074784174 6.8360215053763449 71.725608695652184 11.023809523809526 25.385856079404469 0.53030384615384629 0.54219092197839636 3.0540935672514622 -83.499999999999986 20.603571428571431 0.44433908045977011 0.68734313725490204 1.082436535028475 0.71101785714285726 36.568322981366471 75.893550604061289 107.16786955605853 40.754310344827594 66.656552795031061 18.753787878787886 56.116515837104082 17.603030303030305 27.763305322128858 57.753787878787882 22.603030303030309 11.26293103448276 103.50000000000001 0.67108813257231137 20.491935483870972 81.06180831157495 0.06242332061562101 35.127016129032263 31.868115942028989
decision_type=2 2 2 2 2 2 2 2 2 2 2 2 2 2 2 2 2 2 2 2 2 2 2 2 2 2 2 2 2 2 2 2 2 2 2 2 2 2 2 2 2 2 2 2 2 2 2 2 2 2 2 2 2 2 2 2 2 2 2 2 2 2
left_child=47 10 3 18 5 6 7 -5 15 -7 11 -2 14 -14 54 -6 17 -4 19 22 21 28 -3 -20 -22 27 -27 -24 -21 32 -28 -29 -12 35 -35 36 -23 -36 -33 -30 41 43 -42 -25 45 -44 -46 48 49 50 -1 -50 -9 -11 -10 60 57 -49 -59 -60 61 -16
right_child=1 2 16 4 8 9 -8 52 12 53 29 -13 13 -15 55 -17 -18 -19 23 20 24 33 25 40 -26 26 30 31 39 -31 -32 38 -34 34 37 -37 -38 -39 -40 -41 42 -43 44 -45 46 -47 -48 56 51 -51 -52 -53 -54 -55 -56 -57 -58 58 59 -61 -62 -63
leaf_value=-0.024396294778282365 -0.24784288855240896 -0.007902233581377302 0.056306441438572552 0.23831243811020486 0.13145256704859815 0.020496235648068514 -0.20994047117869061 -0.079460890086084021 -0.018518970520517809 0.038368575143371372 -0.017779140482529557 -0.062050311065627618 -0.049270018989163104 0.01388852559542046 0.050353628735658434 0.0063160562999242005 -0.022766561703789878 -0.022974760817108471 -0.25318488550186163 0.058850667564467316 0.3029163829386235 -0.0035295136919784773 -0.045117018855702823 -0.02832361404794019 0.060996493408709405 0.34234246188869666 -0.11452466982164805 0.068972488684230587 -0.26687018627888071 0.20480661102949779 0.12630117693373136 -0.075788279093415539 -0.25849343080055426 0.43026888923134121 0.27591019442251752 0.019887420997923205 0.18325331805107112 0.0092094264107012973 0.13811105242761285 -0.037205506057213143 0.1320203788836033 0.15933904332584808 -0.051218971518909237 -0.21216930122356262 -0.036041053650220992 0.14041178781287561 -0.27109569659883326 -0.016755706204448523 0.13371368956126667 -0.2291146398601325 -0.22914455789654226 -0.11923468463288414 0.14144178893946222 0.25264464010837917 -0.19277852486610414 0.23945527128463098 0.019605889758243702 -0.10332950309453209 -0.045740861530067366 0.18563561435778939 0.058175368406391488 -0.065180000943276611
leaf_weight=147 45 1176 1833 32 147 82 37 75 6436 34 2020 277 415 3723 174 183 306 273 24 93 53 53 181 102 40 25 25 589 29 24 122 120 20 24 24 330 119 54 32 89 97 31 59 77 105 75 27 1690 47 80 36 31 34 92 37 23 570 398 65 37 359 247
leaf_count=147 45 1176 1833 32 147 82 37 75 6436 34 2020 277 415 3723 174 183 306 273 24 93 53 53 181 102 40 25 25 589 29 24 122 120 20 24 24 330 119 54 32 89 97 31 59 77 105 75 27 1690 47 80 36 31 34 92 37 23 570 398 65 37 359 247
internal_value=1.32457e-05 0.00398443 0.00803614 0.00359808 -0.00249636 0.0650559 -0.00696733 0.046824 -0.00471963 0.126577 -0.0271137 -0.08837 -0.00665688 0.00754832 -0.0147361 0.0621838 0.037293 0.0460246 0.0231797 0.0311113 0.0650263 0.0495316 0.0175325 -0.0190277 0.199785 0.0448679 0.12337 0.0301606 -0.0269505 -0.0175365 0.0850713 0.048571 -0.0202036 0.0762556 0.173759 0.0562841 0.125834 0.0925505 -0.0304287 -0.0945659 -0.00900179 -0.0680623 0.0252024 -0.107798 -0.0139115 0.0561343 -0.0849884 -0.0264945 -0.0814567 -0.115419 -0.0652083 0.0330192 -0.0101923 0.195232 -0.0195304 0.0238947 -0.0196891 -0.0299203 -0.0743486 0.0386518 0.0173846 -0.0174184
internal_weight=23804 20703 18317 15905 12130 386 178 141 11744 208 2386 322 11414 4138 7276 330 2412 2106 3775 3178 908 815 2270 597 93 1094 172 922 211 2064 147 741 2040 604 102 502 172 78 152 118 573 210 363 179 266 134 132 3101 341 263 183 78 109 126 6473 803 2760 2190 500 102 780 421
internal_count=23804 20703 18317 15905 12130 386 178 141 11744 208 2386 322 11414 4138 7276 330 2412 2106 3775 3178 908 815 2270 597 93 1094 172 922 211 2064 147 741 2040 604 102 502 172 78 152 118 573 210 363 179 266 134 132 3101 341 263 183 78 109 126 6473 803 2760 2190 500 102 780 421
is_linear=0
shrinkage=0.035


Tree=80
num_leaves=63
num_cat=0
split_feature=71 80 35 34 18 38 71 17 3 29 29 48 47 29 47 59 19 6 49 70 15 64 39 27 34 7 48 42 22 13 37 72 14 45 23 22 23 27 21 19 43 45 17 5 5 67 37 20 43 7 8 49 52 31 77 44 77 0 76 67 35 51
split_gain=1982.17 1751.17 1225.24 2257.43 1466.07 1421.99 1281.73 1292.94 1285.05 1205.88 1188.8 1156.34 1226.94 1144.28 1110.25 1090.47 1314.34 1075.64 1070.56 1364.29 1106.59 1485.55 1326.36 1314.5 1783.04 1223.03 1239 1199.61 1326.79 1471.19 1068.82 1045.38 1029.11 1184.33 1101.85 1027.62 994.758 985.118 1053.59 1045.92 976.895 969.031 963.988 1096.27 1066.58 1431.17 1087.5 1098.78 1032.53 961.843 951.763 1250.38 1454.74 948.982 932.958 932.135 1255.68 1035.66 1195.06 1024.24 1024.07 929.886
threshold=68.540072463768141 -2.9605968004352472 14.145502645502647 10.508064516129034 13.014705882352944 20.436141304347831 68.577695238095245 31.763305322128858 51.404545454545463 0.41120714285714294 0.3006396103896104 0.39606391293891291 0.51497223760713096 0.31550925925925927 0.26651002506265659 1.0000000180025095e-35 5.4913793103448283 21.612007168458785 0.079698183549607615 19.368848223985356 10.015625000000002 56.500000000000007 29.180194805194809 8.6939799331103682 11.16954022988506 0.2940208333333334 0.70007662390590453 2.9245014245014249 17.131884057971018 16.603571428571431 10.278888888888892 89.849033725622292 0.74919523809523814 0.53708791208791218 68.824808184143237 19.377155172413797 76.193750000000009 8.9428104575163427 13.33854166666667 8.4629120879120894 11.557189542483661 0.76253132832080206 36.462912087912095 7.6939799331103691 8.4696691176470598 103.82347488611151 7.4309523809523821 5.1277173913043486 11.16954022988506 0.28217424242424249 18.361818181818183 -0.050662417381397949 4.1800000000000006 37.25403225806452 1.0518143604338697 17.779513888888893 6.5689786962911993 22.500000000000004 -0.10605495358843249 97.621244520612763 15.574175824175827 70.5944761904762
decision_type=2 2 2 2 2 2 2 2 2 2 2 2 2 2 2 2 2 2 2 2 2 2 2 2 2 2 2 2 2 2 2 2 2 2 2 2 2 2 2 2 2 2 2 2 2 2 2 2 2 2 2 2 2 2 2 2 2 2 2 2 2 2
left_child=11 31 5 14 6 61 -5 8 13 36 15 12 -1 -8 -4 -9 -17 35 20 49 21 27 -22 41 -25 -24 40 -6 -29 -30 -28 55 -19 34 -34 -13 -10 38 50 -39 -27 -23 44 -44 46 48 -12 -48 -46 -20 -16 -52 -53 -15 -40 56 57 -2 -59 -57 -60 -3
right_child=1 2 3 4 18 -7 7 10 9 -11 42 17 -14 53 37 16 -18 32 19 -21 22 23 25 24 -26 26 30 28 29 -31 -32 -33 33 -35 -36 -37 -38 39 54 -41 -42 -43 43 -45 45 -47 47 -49 -50 -51 51 52 -54 -55 -56 59 -58 58 60 -61 -62 -63
leaf_value=-0.044671637970468282 0.015459057908049757 -0.019656561632358124 0.15739905877270791 0.25836748234818624 -0.16557506609431114 0.059629450284273952 -0.29540275810590155 0.089640126974418241 0.019306022264318289 0.21166004226950633 0.018647018925031553 -0.034975570635969344 0.13188947625748845 -0.20023635139871154 -0.080113802219481806 0.21596923910154078 -0.086883016946486064 -0.018219182623267164 -0.11023754352143221 0.24935663761280172 -0.14844271185920382 -0.0004270493972171385 0.14757369895397232 -0.11885988393220612 0.079405438089328179 0.098449990483962815 -0.11060406699732661 0.0079893009359200857 -0.27476461576524824 -0.057138818143065026 0.071840090455025915 0.15745594380659458 0.26266401548078744 0.006406036716124182 0.039459741375025593 -0.12854853554231546 -0.035165935362166674 -0.2104450215502483 -0.053232511088299683 0.049651371149306602 0.020447980147098102 -0.082878923613082037 -0.035107603270661536 0.12888352473958439 0.028942482945654126 -0.01983450876062897 -0.068523387051742962 0.076055639490811511 -0.22979831144631144 0.039091581030146268 -0.11373086278770389 0.17026953988384316 -0.072679401822304479 0.093693077329960142 -0.18945913190609073 -0.070118247448820586 0.15564841516052977 -0.1644285804221505 0.16165839837664417 0.0088012559608507245 0.050775997338300585 -0.30084013590701797
leaf_weight=80 2849 44 26 20 95 599 32 159 1364 34 264 2097 120 23 145 20 122 1682 55 36 50 1981 107 63 446 258 135 420 43 309 55 65 50 274 59 154 587 102 156 23 825 191 147 75 22 98 1092 68 128 1107 48 94 44 31 102 214 93 28 118 3310 745 21
leaf_count=80 2849 44 26 20 95 599 32 159 1364 34 264 2097 120 23 145 20 122 1682 55 36 50 1981 107 63 446 258 135 420 43 309 55 65 50 274 59 154 587 102 156 23 825 191 147 75 22 98 1092 68 128 1107 48 94 44 31 102 214 93 28 118 3310 745 21
internal_value=1.33762e-05 0.00490068 -0.00343971 -0.00617888 -0.00199847 0.042736 -0.0177254 -0.0190507 0.00078544 0.00654009 -0.0377637 -0.0208579 0.0613123 -0.13127 -0.0652349 0.0268053 -0.0435951 -0.0246731 0.00891561 0.0386126 0.00176489 -0.00871093 0.027753 0.0041689 0.0547663 0.0341909 0.0246038 -0.0485224 -0.0340158 -0.0840857 -0.057723 0.0182348 -0.00642577 0.0453138 0.142611 -0.041406 0.00291037 -0.0734514 -0.0544143 -0.162552 0.0390703 -0.00769667 -0.0480315 0.0204442 -0.0571288 -0.124071 -0.0454285 -0.0600159 -0.191856 0.0319761 -0.013031 0.0393206 0.0927996 -0.0321233 -0.107365 0.0169936 0.0289382 0.025766 0.0586919 0.00399849 0.0660261 -0.112157
internal_weight=23804 19288 11866 11202 10462 664 4286 4266 2071 1985 2195 4516 200 86 740 301 142 4316 6176 1198 4978 3548 1430 2681 509 1380 1273 867 772 352 190 7422 2065 383 109 2251 1951 714 589 125 1083 2172 1894 222 1672 248 1424 1160 150 1162 331 186 138 54 258 7357 3833 3740 891 3524 863 65
internal_count=23804 19288 11866 11202 10462 664 4286 4266 2071 1985 2195 4516 200 86 740 301 142 4316 6176 1198 4978 3548 1430 2681 509 1380 1273 867 772 352 190 7422 2065 383 109 2251 1951 714 589 125 1083 2172 1894 222 1672 248 1424 1160 150 1162 331 186 138 54 258 7357 3833 3740 891 3524 863 65
is_linear=0
shrinkage=0.035


Tree=81
num_leaves=63
num_cat=0
split_feature=51 1 41 34 56 77 14 36 19 20 24 43 2 27 67 40 39 43 30 71 15 5 51 12 56 37 63 21 26 9 8 28 71 49 9 1 78 49 41 23 28 32 15 21 60 23 17 31 76 55 33 70 71 29 14 23 28 51 22 76 75 58
split_gain=1900.01 1889.12 1294.56 1981.5 1326.3 1161.68 1795.85 1265.32 1320.22 1144.8 1147.5 1108.63 1100.57 1361.3 1323.7 1083.23 1450.68 1747.1 1478.61 1200.23 1115.09 1095.2 1046.81 1017.41 1028.4 1011.91 1207.42 993.59 1087.56 1413.57 1014.15 1048.15 992.701 987.747 1039.18 977.057 972.609 946.849 943.395 919.757 918.526 911.173 892.952 918.176 1121.5 2090.8 1214.48 1100.26 1044.57 1030.81 1015.72 882.874 865.617 863.757 861.405 1119.13 947.474 859.168 963.436 1397.05 914.356 859.15
threshold=70.009444444444469 75.52086956521741 6.8544973544973553 17.961038961038962 100.85756129997792 0.95949572351825541 0.74224568965517246 0.69896387096774204 4.1558704453441306 7.5857142857142863 24.942810457516341 11.014705882352944 22.508620689655178 11.315340909090912 114.45556558251802 12.254032258064518 31.868115942028989 12.603030303030303 19.508064516129036 70.378214285714293 7.4031250000000011 4.0208333333333348 62.707384615384619 9.339080459770118 97.121133194230467 8.1695402298850599 89.793700366153772 9.8360215053763458 0.39283666666666667 34.016129032258071 21.507575757575761 16.360389610389614 72.082696969696983 -0.097867526671088736 33.20344827586208 68.430952380952405 -6.5134162243067015 -0.0074013970144847499 6.3169856459330154 78.014705882352956 18.754310344827591 0.50502000000000014 6.4791304347826104 10.67204301075269 288.50000000000006 69.43167701863355 28.574175824175828 33.984375000000007 -0.28071444011232743 114.00600241153425 0.51607738095238109 -23.921228098263295 71.413809523809547 0.25973333333333332 0.73657417582417584 64.836666666666687 24.968245967741939 72.240645161290345 20.40588235294118 -0.13574000235586894 142.80057735257733 1.0000000180025095e-35
decision_type=2 2 2 2 2 2 2 2 2 2 2 2 2 2 2 2 2 2 2 2 2 2 2 2 2 2 2 2 2 2 2 2 2 2 2 2 2 2 2 2 2 2 2 2 2 2 2 2 2 2 2 2 2 2 2 2 2 2 2 2 2 2
left_child=5 12 3 23 -4 6 22 -7 -9 10 54 -5 14 15 35 16 27 19 33 41 -21 -17 -1 -3 -25 -26 -27 -14 -29 -30 31 -31 52 -19 -35 39 -28 -37 -24 57 -33 -18 -40 -44 46 -46 -45 49 -47 -48 -50 -23 -8 -36 55 -6 -56 60 -59 -60 61 -2
right_child=1 2 4 11 9 7 32 8 -10 -11 -12 -13 13 -15 -16 21 17 18 -20 20 -22 51 38 24 25 26 36 28 29 30 -32 40 -34 34 53 37 -38 -39 42 -41 -42 -43 43 44 45 48 47 -49 50 -51 -52 -53 -54 -55 56 -57 -58 58 59 -61 -62 -63
leaf_value=-0.15808759937047245 -0.24875260695962001 -0.080581530506081064 0.087943186646091048 0.15648839454253516 0.094617874807433097 -0.018116570343968463 0.023533960243657243 0.19211764037491069 0.011600899778501506 0.20965413659148749 0.0075142579352448589 -0.10795629066156177 0.22534960385403002 0.10453665924854694 0.18821703774399229 -0.16827909736232002 -0.10700168303819683 -0.1003912737259076 0.1218786357976375 0.1420416157819048 -0.067353332109976627 -0.17164129630543973 -0.014785965380564405 0.28311330072794644 0.083258474771613467 -0.13004987551371258 0.17158043817156238 -0.025913293321003766 -0.023524686860053219 0.27483895096491123 -0.14101078259218031 0.00065045969074957032 0.20032468453486763 0.13744468939515853 -0.1928356629046527 0.27786888196468357 0.033701309471139709 -0.051885077050909764 -0.13331668289281703 -0.10419686583136235 0.12270300021297731 -0.34091937773896935 0.0695313807186074 0.18655967790285749 -0.077060431750522615 0.024664598069977742 -0.10698904280989542 -0.049521754209142795 0.0042867759903271992 -0.32459515158200669 0.29637184128542055 -0.0034814296395935833 -0.1734988595916514 0.012095275302149494 -0.2101576158929345 -0.07662225887543625 0.045440571967433105 -0.014460558136347041 0.36478336033155756 0 0.1207328317888212 -0.064956894521808264
leaf_weight=83 35 67 232 22 66 2810 656 50 2903 31 1899 143 41 159 31 50 75 100 153 39 147 38 1775 24 890 52 66 181 147 43 20 99 37 77 27 22 1107 20 148 270 319 28 83 22 200 121 299 732 22 29 43 5840 28 300 75 157 23 304 21 32 28 263
leaf_count=83 35 67 232 22 66 2810 656 50 2903 31 1899 143 41 159 31 50 75 100 153 39 147 38 1775 24 890 52 66 181 147 43 20 99 37 77 27 22 1107 20 148 270 319 28 83 22 200 121 299 732 22 29 43 5840 28 300 75 157 23 304 21 32 28 263
internal_value=1.2718e-05 0.00845877 0.0260249 0.0445196 0.00835767 -0.0115636 -0.0253799 -0.00130554 0.0146906 0.000135898 -0.00283478 -0.0723096 -0.00111254 0.00332585 -0.0352021 0.00123532 0.0250444 -0.00477141 0.0267721 -0.0764156 -0.0231661 -0.00597901 -0.0355893 0.0532739 0.0574862 0.0548579 0.0341956 0.0582151 0.0496065 0.0713814 0.100388 0.111009 0.0249723 -0.00218476 0.0222092 -0.0422575 0.041532 0.121998 -0.0326393 -0.0495603 0.0938395 -0.171965 -0.0512794 -0.0434085 -0.0498179 0.00139265 -0.0680826 -0.0734564 0.08575 -0.126704 0.198353 -0.00458365 0.0153423 -0.00508351 -0.0639859 -0.0258274 -0.150209 -0.0278961 0.00960983 0.146584 -0.068931 -0.0869359
internal_weight=23804 13763 4854 2371 2483 10041 4278 5763 2953 2251 2220 165 8909 7883 1026 7724 1796 946 657 289 186 5928 3557 2206 2139 2115 1225 850 809 628 481 461 721 504 404 995 1173 42 3474 953 418 103 1699 1551 1468 386 1082 1060 186 328 65 5878 684 327 321 223 98 683 357 53 326 298
internal_count=23804 13763 4854 2371 2483 10041 4278 5763 2953 2251 2220 165 8909 7883 1026 7724 1796 946 657 289 186 5928 3557 2206 2139 2115 1225 850 809 628 481 461 721 504 404 995 1173 42 3474 953 418 103 1699 1551 1468 386 1082 1060 186 328 65 5878 684 327 321 223 98 683 357 53 326 298
is_linear=0
shrinkage=0.035


Tree=82
num_leaves=63
num_cat=0
split_feature=58 3 51 22 18 13 48 32 29 33 39 29 72 22 2 65 8 29 6 46 36 80 34 47 10 8 29 9 56 34 71 52 4 67 37 34 14 44 39 69 42 50 72 65 32 11 44 65 34 47 4 38 28 66 26 5 18 22 27 56 32 70
split_gain=1883.71 1865.13 1728.15 1427.3 1355.07 1051.4 962.415 1138.53 1130.53 1184.46 950.466 1104.09 1073.57 1440.87 1239.82 1159.76 1052.78 1043.05 1025.58 1034.89 1002.5 948.812 1113.77 1021.73 978.566 1068.52 1019.62 936.212 932.441 928.666 923.23 1205.72 1186.65 1282.12 1699.83 1214.53 1170.05 1139.18 1093.11 1061.07 1016.59 1046.49 923 920.002 1223.86 916.004 982.976 915.595 915.38 965.981 978.3 1027.31 914.937 1494.72 896.258 894.122 1560.94 892.673 941.467 1051.1 1007 1190.61
threshold=1.0000000180025095e-35 54.508620689655181 74.753500000000017 15.859126984126986 21.031250000000004 14.836021505376346 0.70007662390590453 0.56301612903225828 0.34638675213675224 0.57323611111111117 35.724747474747481 0.27428125000000009 75.793221840879184 15.701851851851854 27.059714795008919 0.39934528896564708 18.338095238095239 0.32089379699248116 26.848076923076928 0.16397849462365588 0.65208514492753633 -1.7992820435451475 10.431677018633541 0.41114967101463934 0.58782105263157913 21.321290322580648 0.38086250000000005 28.156923076923082 104.06016055663633 18.603571428571431 76.579935897435902 0.91428571428571825 0.3997809523809524 106.66511908187852 12.410427807486633 13.711981566820278 0.70168333333333344 17.113247863247867 36.40312500000001 -8.8789943595038476 4.0960061443932423 68.996643356643375 81.25390074784174 0.38287003244189355 0.45552777777777781 0.54734166666666673 20.393398268398268 0.38287003244189355 16.403125000000003 0.46673640379371156 0.45763961038961037 24.824808184143226 24.430952380952387 96.098500943606965 0.47874456521739134 9.319090909090912 13.859605911330052 19.553639846743298 9.492424242424244 99.52913031888356 0.48201785714285722 5.9013716782907517
decision_type=2 2 2 2 2 2 2 2 2 2 2 2 2 2 2 2 2 2 2 2 2 2 2 2 2 2 2 2 2 2 2 2 2 2 2 2 2 2 2 2 2 2 2 2 2 2 2 2 2 2 2 2 2 2 2 2 2 2 2 2 2 2
left_child=-1 5 3 10 21 -2 7 30 -8 -10 12 -12 15 14 28 18 -15 -18 20 -20 -3 -5 43 24 25 26 -24 -21 -14 -25 31 32 35 37 36 -4 -35 39 40 -34 41 -38 57 52 -45 46 -43 -22 49 -16 51 -51 -23 -54 -9 -46 -57 58 59 -7 61 -61
right_child=1 2 6 4 -6 42 8 54 9 -11 11 -13 13 16 48 -17 17 -19 19 27 47 22 23 29 -26 -27 -28 -29 -30 -31 -32 -33 33 34 -36 -37 38 -39 -40 -41 -42 45 -44 44 55 -47 -48 -49 -50 50 -52 -53 53 -55 -56 56 -58 -59 -60 60 -62 -63
leaf_value=-0.025424662545450845 -0.084056065738824917 -0.044617958472315887 0.055244077016949659 0.0080815825704524547 0.14441869335305069 0.00076892187341888246 0.030903352384199702 -0.12376353694758108 -0.16222641182133041 0.11103157949447634 -0.20481225909272285 -0.0061352156781801295 0.056726129295035489 0.40784456000494412 0.1867916431385058 -0.006830412102770256 0.33139760245833288 0.040150777543054045 0.32817404644074394 -0.10751201671186618 0.037616258057142755 -0.11622164641853738 -0.077122211167758165 -0.001547575786681321 0.16462719814444701 -0.28041358221688517 0.17310771222447244 0.12640488834440647 -0.091120391148130739 -0.14671930841513731 0.11343937408198398 -0.16452698331092722 -0.12559586233918263 0.067668660524626112 -0.1581569111012576 -0.16133593871057497 -0.0088108187134851509 0.014427938325983096 0.42584276398216814 0.14237143897341792 -0.061774835815455058 0.25352005501397962 0.1974606809147767 0.23281200554523065 -0.047694280483344995 0.40359497457010707 0.028189395537931625 0.21311787984046071 0.25640939946969354 0.076442960240940258 0.025457813054691421 0.36071453821394178 0.14009543507373598 -0.11026436712808081 0.016792055402244929 0.32865673505995013 -0.044392207613713305 -0.079436723546865373 0.069415795080133014 -0.23007542795929942 -0.030237577114874268 -0.016325762805998872
leaf_weight=3101 322 183 62 5116 76 1121 187 77 95 24 36 561 93 21 67 1192 21 51 25 25 688 314 280 5668 21 29 21 119 118 54 269 33 20 236 28 64 28 756 20 160 23 70 24 23 353 28 36 38 31 52 432 22 51 67 196 22 35 258 166 78 363 54
leaf_count=3101 322 183 62 5116 76 1121 187 77 95 24 36 561 93 21 67 1192 21 51 25 25 688 314 280 5668 21 29 21 119 118 54 269 33 20 236 28 64 28 756 20 160 23 70 24 23 353 28 36 38 31 52 432 22 51 67 196 22 35 258 166 78 363 54
internal_value=1.2856e-05 0.00382371 0.00761555 0.00342829 -0.00242072 -0.0252798 0.0352189 0.0436459 -0.0227438 -0.106852 0.0222213 -0.018283 0.029833 0.0619893 0.0470206 0.0169581 0.192176 0.126846 0.0432566 0.122314 0.0284953 -0.00335278 -0.0117848 -0.0064898 -0.0644102 -0.0792229 -0.0593946 0.0855386 -0.0259592 -0.00293091 0.0535763 0.043245 0.0477779 0.0570084 0.10422 -0.05494 0.121047 0.0333055 0.182165 0.112312 0.154726 0.185581 -0.0160904 -0.0489308 -0.0128408 0.226108 0.177517 0.0469475 0.0725214 0.0623518 0.0456996 0.162857 -0.0850396 -0.00189392 -0.0229928 -0.0268967 0.101137 -0.0186522 -0.00982999 -0.0179915 -0.060442 -0.14305
internal_weight=23804 20703 18317 15905 12130 2386 2412 2106 306 119 3775 597 3178 908 815 2270 93 72 1078 169 909 12054 6938 6073 351 330 301 144 211 5722 1833 1564 1531 1405 469 126 441 936 205 180 185 162 2064 865 433 134 106 726 604 573 506 74 432 118 273 410 57 2040 1782 1616 495 132
internal_count=23804 20703 18317 15905 12130 2386 2412 2106 306 119 3775 597 3178 908 815 2270 93 72 1078 169 909 12054 6938 6073 351 330 301 144 211 5722 1833 1564 1531 1405 469 126 441 936 205 180 185 162 2064 865 433 134 106 726 604 573 506 74 432 118 273 410 57 2040 1782 1616 495 132
is_linear=0
shrinkage=0.035


Tree=83
num_leaves=63
num_cat=0
split_feature=58 3 51 77 65 22 15 24 17 0 15 63 13 0 3 80 40 32 54 0 46 12 67 4 76 24 25 31 22 35 7 52 36 32 20 16 43 35 35 39 72 78 43 53 7 68 36 2 12 24 64 36 36 12 74 39 63 7 47 21 2 29
split_gain=1754.49 1737.32 1609.57 1378.26 1143.28 1161.34 1255.16 1346.11 1098.41 1013.29 995.874 981.734 979.2 916.564 1083.18 1328.8 988.095 915.923 912.916 906.611 1101.89 1004.44 1166.37 1035.58 1785.87 1607.71 1121.21 964.877 902.867 1140.41 1062.09 978.383 891.277 1209.58 1126.08 921.25 1134.79 913.2 1227.74 1002.42 891.045 887.121 871.106 1620.38 1331.48 1041.44 1149.58 993.104 870.896 934.944 988.601 1120.62 861.266 1086.84 949.281 928.542 1593.3 990.002 918.882 1345.38 1053.02 1000.21
threshold=1.0000000180025095e-35 54.508620689655181 74.753500000000017 3.497621457746908 0.96642390384551813 15.859126984126986 6.2540322580645169 24.288018433179726 39.015625000000007 22.500000000000004 5.5086206896551735 111.60496366504701 14.836021505376346 24.500000000000004 62.754310344827594 -0.89607030488949835 18.311740890688259 0.5285092592592594 88.631369775839104 7.5000000000000009 0.10172413793103446 12.134848484848487 91.043915438817166 0.47976388888888893 0.19304101289219253 27.844129554655876 59.492424242424242 32.886752136752143 19.672043010752692 21.661458333333339 0.37502083333333336 4.1800000000000006 0.70414907407407423 0.46258578431372549 3.0151515151515156 22.377155172413797 14.064583333333335 19.91833333333334 18.574175824175828 31.338541666666668 85.437284430673671 -11.830600141626851 11.651086956521741 106.71251837186456 0.35847493734335845 -8.5153502182571454 0.74775595238095249 25.842927631578952 12.803225806451616 29.215838509316772 86.500000000000014 0.71152666666666675 0.68734313725490204 16.016666666666669 5.2754839523985249 35.724747474747481 98.733621406280363 0.33725403225806455 0.44886470136341089 12.456439393939396 31.369318181818183 0.40184523809523814
decision_type=2 2 2 2 2 2 2 2 2 2 2 2 2 2 2 2 2 2 2 2 2 2 2 2 2 2 2 2 2 2 2 2 2 2 2 2 2 2 2 2 2 2 2 2 2 2 2 2 2 2 2 2 2 2 2 2 2 2 2 2 2 2
left_child=-1 12 3 4 5 9 7 -7 13 52 -11 17 41 16 32 -16 -8 -9 -10 42 -21 23 -23 24 26 -26 -22 -24 29 30 -20 -31 37 34 -34 -35 -37 38 -15 -40 48 -2 43 -4 45 -44 -47 -48 -29 -50 51 -51 55 58 -55 57 -57 -3 59 -54 61 -60
right_child=1 2 19 -5 -6 6 8 11 18 10 -12 -13 -14 14 15 -17 -18 -19 28 20 21 22 27 -25 25 -27 -28 40 -30 31 -32 -33 33 35 -36 36 -38 -39 39 -41 -42 -43 44 -45 -46 46 47 -49 49 50 -52 -53 53 54 -56 56 -58 -59 60 -61 -62 -63
leaf_value=-0.024534942691684384 -0.2263470039160064 0.045815073302556235 -0.2175436214380855 0.043996535502112806 -0.18057011572613438 -0.055112908165763932 -0.015656812552524473 0.16815061703402745 -0.046868879224929522 0.27443972218290291 0.043644000296750737 -0.11908652243842471 -0.015527954723496513 -0.027059581763461574 0.2151636195685307 0.016122015539682719 0.069721423278823719 0.030026794292746857 0.18944725391067291 0.22883017076462148 0.20242977118725872 -0.14532430383231909 -0.064476759568226252 -0.16144529047916675 0.059637622231913517 0.40330705713693588 -0.040122901723331106 0.14649051942130778 -0.029880359284531064 0.12176263975765972 -0.021034913130818979 -0.14803553539169009 -0.011795092737343577 -0.049335766925646445 0.30824216105842933 0.042059221998383058 -0.14774650905456074 -0.071334688947923983 0.1794537958535655 0.015758728739289768 0.24726852752208708 -0.057755216326370595 -0.035680751855007548 0.07935517846911469 -0.04593474550427893 0.10104852562938538 0.15505335886013219 -0.13231883807579678 0.082045892749809959 0.29346617261334967 -0.048370344982698744 -0.021683751039817685 0.036273451825724452 0.18008500974178313 -0.021919122835957861 -0.17136975306103322 0.036763680029935485 -0.038333431097876729 0.010248897193464829 -0.18243761654720256 0.17612004010478657 0.17222793327771208
leaf_weight=3101 44 301 54 958 42 94 8159 161 95 23 948 23 2064 503 68 103 169 93 156 41 25 31 60 43 53 24 276 161 76 31 36 34 22 205 34 820 40 296 72 125 37 278 136 38 269 357 20 52 519 25 161 30 69 92 41 114 74 396 1264 68 52 48
leaf_count=3101 44 301 54 958 42 94 8159 161 95 23 948 23 2064 503 68 103 169 93 156 41 25 31 60 43 53 24 276 161 76 31 36 34 22 205 34 820 40 296 72 125 37 278 136 38 269 357 20 52 519 25 161 30 69 92 41 114 74 396 1264 68 52 48
internal_value=1.45341e-05 0.00369235 0.00735198 0.00331093 0.000701639 0.00121871 -0.00418318 0.0590946 -0.00631176 0.0188861 0.0492529 0.097893 -0.0243963 -0.00852922 0.0110887 0.09569 -0.0139197 0.11775 0.0486271 0.0339915 0.0509263 0.0457987 0.0645015 0.000276969 0.0188722 0.168711 -0.0196634 0.0711253 0.0759106 0.107206 0.150012 -0.0193619 0.00423245 0.0256347 0.18346 0.0172505 0.0331463 -0.0198531 0.00194664 0.0759069 0.0798793 -0.0811187 0.00679861 -0.0951076 0.0180945 0.0485991 0.0753357 -0.0519261 0.0728291 0.0566004 -0.00457172 0.122856 0.00717183 0.0222321 0.117938 -0.0206272 -0.0895461 -0.00198202 0.013713 -0.0725271 0.0224009 0.016241
internal_weight=23804 20703 18317 15905 14947 14905 11415 371 11044 3490 971 277 2386 10616 2288 171 8328 254 428 2412 1486 1445 1024 421 378 77 301 993 333 257 192 65 2117 1121 56 1065 860 996 700 197 933 322 926 92 834 565 429 72 896 735 216 55 2519 1634 133 885 188 697 1501 137 1364 1312
internal_count=23804 20703 18317 15905 14947 14905 11415 371 11044 3490 971 277 2386 10616 2288 171 8328 254 428 2412 1486 1445 1024 421 378 77 301 993 333 257 192 65 2117 1121 56 1065 860 996 700 197 933 322 926 92 834 565 429 72 896 735 216 55 2519 1634 133 885 188 697 1501 137 1364 1312
is_linear=0
shrinkage=0.035


Tree=84
num_leaves=63
num_cat=0
split_feature=51 1 41 35 56 20 0 36 26 74 44 33 64 47 72 40 39 17 51 30 43 3 27 20 7 65 27 12 49 14 35 33 44 48 30 55 17 30 2 6 15 3 45 43 11 64 69 1 80 5 15 19 28 2 6 71 53 2 5 13 0 63
split_gain=1673.82 1654.01 1194.46 1556.74 1189.24 1067.87 1064.09 1070.66 1560.24 1222.8 1299 1273.73 1050.64 1028.74 1032.16 1017.11 1031.36 1177.57 1135.59 1070.78 1261.52 1059.86 1010.9 1032.64 1006.95 1392.6 1006.37 1578.96 1005.2 1000.37 984.475 984.233 1817.06 1344.26 976.87 969.809 1148.95 959.583 1459.19 958.55 1023.33 971.293 1122.29 954.23 948.711 941.71 942.809 1173.9 990.699 941.231 920.805 1289.89 912.396 905.849 897.256 891.083 893.221 880.598 879.754 873.476 871.632 871.622
threshold=70.009444444444469 75.52086956521741 6.8544973544973553 23.507142857142863 100.85756129997792 7.5857142857142863 3.5000000000000004 0.69702500000000012 0.50955000000000017 6.5901161779165145 18.921538461538464 0.49883333333333341 64.500000000000014 0.5646101714858166 67.787077804441054 12.254032258064518 31.868115942028989 26.04545454545455 74.993809523809531 19.508064516129036 13.773460410557187 58.984848484848492 11.315340909090912 0.95000000000000007 0.33158578431372548 0.11293905640504052 7.1188235294117659 13.836021505376346 -0.23547449906638307 0.58509375000000008 14.65450928381963 0.48034313725490202 16.014285714285716 0.4857169790810007 16.078461538461543 104.9168195905463 29.816498316498318 17.365151515151521 27.372685185185187 20.306020066889634 10.953463203463206 57.25462962962964 0.83095238095238111 10.55777777777778 0.45801923076923085 62.500000000000007 5.7094082469528979 78.239047619047639 -4.4748386722859967 10.673333333333334 7.1455026455026465 7.1270161290322589 24.160645161290326 22.508620689655178 18.638181818181824 67.20558087027915 95.406761236365853 28.013513513513519 4.0208333333333348 16.859605911330053 2.5000000000000004 91.307733097689905
decision_type=2 2 2 2 2 2 2 2 2 2 2 2 2 2 2 2 2 2 2 2 2 2 2 2 2 2 2 2 2 2 2 2 2 2 2 2 2 2 2 2 2 2 2 2 2 2 2 2 2 2 2 2 2 2 2 2 2 2 2 2 2 2
left_child=6 15 3 24 -4 60 55 39 9 11 49 31 13 54 53 16 17 -2 35 20 -20 -22 23 -17 25 -3 27 44 -14 -26 50 33 -33 -9 -27 -18 -37 38 -5 40 -8 43 -43 -41 -19 -36 47 57 -49 -11 -30 52 -52 -15 -13 56 -1 -47 -25 -53 -6 -16
right_child=1 2 4 37 5 -7 7 8 -10 10 -12 12 28 14 61 22 18 26 19 -21 21 -23 -24 58 29 34 -28 -29 30 -31 -32 32 -34 -35 45 36 -38 -39 -40 41 -42 42 -44 -45 -46 46 -48 48 -50 -51 51 59 -54 -55 -56 -57 -58 -59 -60 -61 -62 -63
leaf_value=-0.021279690623283387 -0.15830235692369407 0.34244549566832461 0.082770374696159998 0.31539038947953124 -0.074829181417402399 0.20197962370763223 -0.061962409444545077 -0.099222517037172983 -0.20322042772597387 0.083472073329036459 -0.12579942562946908 0.094265097461505382 0.2142980698347092 0.040923618249776889 -0.082647121173642604 0.20036006328097564 -0.0075928576835656543 -0.039973640632234235 0.17615121281448801 0.16887387816543961 0.019929386726424206 -0.22548542515436809 0.073864006581400674 -0.1185481240451336 -0.15137929530602237 0.21443667236709399 0.099122956235255452 -0.062932758357983995 -0.1394397521738443 0.044841660178338134 0.025829689412145626 0.025144937541454235 -0.097995035977971656 0.020119296502783799 0.1997651057479885 0.11205570041842579 -0.1821364996847899 -0.06228806344757299 -0.012155158780746219 0.12984623982919299 0.045968095736570257 -0.038778323709995392 0.049975702572297928 0.0032925907833764399 0.08732937190643103 0.055017513868483636 -0.073302613535414007 0.26336495988136072 0.059195119802969223 -0.14459084604395198 -0.031678577269333 0.035170782277882097 0.11329623708846771 -0.24838344530083917 -0.12031894116813563 0.01568125914724687 0.20749423364332811 -0.16470692706114543 -0.0092517140873727335 -0.17192914164737363 0.0034698511902256663 0.018197995669902264
leaf_weight=31 33 27 232 22 190 31 1181 146 47 403 45 27 31 20 123 28 795 90 39 81 68 31 181 91 32 60 361 176 81 1572 1888 204 521 548 51 20 80 250 64 80 118 1702 194 783 347 71 71 51 68 23 103 37 109 38 185 535 63 32 6488 75 2030 700
leaf_count=31 33 27 232 22 190 31 1181 146 47 403 45 27 31 20 123 28 795 90 39 81 68 31 181 91 32 60 361 176 81 1572 1888 204 521 548 51 20 80 250 64 80 118 1702 194 783 347 71 71 51 68 23 103 37 109 38 185 535 63 32 6488 75 2030 700
internal_value=1.53484e-05 0.00794275 0.0243795 0.0421447 0.00740912 -0.000373115 -0.0108501 -0.0137963 -0.00351774 -0.00172949 0.0520726 -0.00697508 0.00460013 -0.0236913 -0.00701027 -0.00101315 0.0201398 0.045801 -0.00306361 0.0682782 0.00881116 -0.0576294 -0.00762419 -0.00986253 0.0536677 0.101152 0.0527975 0.0254519 0.0179096 0.0408789 0.0152069 -0.0348429 -0.0633477 -0.00503551 0.0846134 -0.0205527 -0.122998 -0.0276104 0.0729338 -0.0273545 -0.0521415 -0.0156756 -0.0296843 0.0150965 0.0610876 0.0616813 0.0373349 0.0728199 0.147462 0.0709955 -0.0342759 -0.00779982 0.0429351 -0.149065 -0.0928159 0.0332055 0.132297 -0.0136785 -0.0107729 -0.103629 -0.00324518 0.00308109
internal_weight=23804 13763 4854 2371 2483 2251 10041 9412 5354 5307 471 4836 3417 1093 881 8909 2121 1007 1114 219 138 99 6788 6607 2035 431 974 613 2324 1604 2293 1419 725 694 404 895 100 336 86 4058 1299 2759 1896 863 437 344 293 222 119 426 405 324 212 58 212 629 94 103 6579 112 2220 823
internal_count=23804 13763 4854 2371 2483 2251 10041 9412 5354 5307 471 4836 3417 1093 881 8909 2121 1007 1114 219 138 99 6788 6607 2035 431 974 613 2324 1604 2293 1419 725 694 404 895 100 336 86 4058 1299 2759 1896 863 437 344 293 222 119 426 405 324 212 58 212 629 94 103 6579 112 2220 823
is_linear=0
shrinkage=0.035


Tree=85
num_leaves=63
num_cat=0
split_feature=58 3 51 77 65 22 15 24 49 72 8 48 39 37 45 14 32 63 30 16 27 37 18 70 23 0 14 8 24 8 37 30 50 15 72 66 63 19 41 22 9 48 29 33 32 24 28 31 7 65 42 22 29 70 17 25 7 23 10 40 23 72
split_gain=1632.55 1596.61 1442.95 1239.25 1062.83 1071.25 1164.15 1247.26 1036.79 1134.07 978.093 1161.91 1084.3 1145.15 1316.48 1076.83 1045.96 1169.18 983.203 971.147 1391.93 952.14 1193.37 1048.79 1105.25 943.655 1103.17 1188.21 1139.66 1196.54 1900 1609.73 942.361 930.883 929.861 917.836 914.028 895.141 939.294 890.997 887.55 881.467 1048.5 1099.94 1022.19 878.035 1064.55 873.076 1377.94 871.468 869.651 867.787 1134.41 1033.11 980.699 1610.54 1050.51 922.605 891.476 1253.92 849.587 844.965
threshold=1.0000000180025095e-35 54.508620689655181 74.753500000000017 3.497621457746908 0.96642390384551813 15.859126984126986 6.2540322580645169 24.288018433179726 0.03341644747399241 66.728929843249105 17.701351351351352 0.60240011815669725 31.118823529411767 9.8304597701149437 0.45307917888563048 0.70427429467084657 0.48046640316205536 110.46832962941552 16.959166666666672 21.459935897435901 8.3766891891891913 7.1702898550724647 13.474937343358398 -6.7433871297809906 72.648529411764727 22.500000000000004 0.74001851851851874 14.224747474747476 23.203448275862073 19.540064102564106 8.4821200510855697 18.078461538461543 69.588117647058837 5.5086206896551735 81.25390074784174 111.41236643590101 111.60496366504701 6.8198051948051956 8.2886904761904781 14.61721611721612 37.672043010752695 0.70007662390590453 0.34638675213675224 0.57323611111111117 0.56301612903225828 21.672043010752692 14.190909090909093 35.085144927536241 0.34732795698924729 0.29070755210653704 4.5638586956521747 19.94868421052632 0.27024285714285717 -16.494460411055098 38.508620689655181 58.24568965517242 0.30667816091954031 81.506756756756772 0.53906696428571432 13.078461538461541 72.707107843137265 68.271179918973289
decision_type=2 2 2 2 2 2 2 2 2 2 2 2 2 2 2 2 2 2 2 2 2 2 2 2 2 2 2 2 2 2 2 2 2 2 2 2 2 2 2 2 2 2 2 2 2 2 2 2 2 2 2 2 2 2 2 2 2 2 2 2 2 2
left_child=-1 34 3 4 5 25 7 -7 45 -10 11 19 -13 14 -14 -16 17 -12 -19 -11 35 40 23 24 -23 26 27 -3 32 -30 31 39 -28 -27 -2 -21 47 38 -24 -31 -18 44 -43 -44 -4 -8 -47 -9 61 -46 -22 53 -53 57 -55 58 -57 -48 59 -56 -15 -49
right_child=1 2 41 -5 -6 6 8 36 9 10 16 12 13 60 15 -17 21 18 -20 20 50 22 37 -25 -26 33 28 -29 29 30 -32 -33 -34 -35 -36 -37 -38 -39 -40 -41 -42 42 43 -45 49 46 51 48 -50 -51 -52 52 -54 54 55 56 -58 -59 -60 -61 -62 -63
leaf_value=-0.023665515353737045 -0.02558511105506233 0.20256729357391598 0.049769089388162178 0.041824686539831742 -0.17400662549532514 -0.052911586607495953 -0.076395270157666562 0.029314858635058581 -0.046688807225745331 0.1303118455248389 0.031660105865063952 -0.041390309375265374 0.50312774217419509 0.19304587673559423 -0.018980835699207253 0.2921043979936922 -0.018974573353638287 0.39805092661555225 0.055539163680963739 -0.0052081389977611196 0.10734471793434559 0.25341061006174531 -0.054366266686878099 -0.082814934893783804 -0.015561191546463226 0.2652582505002935 0.066629895435174322 -0.010955258242000328 0.026892575234851401 0.26523505201745545 0.02571663904713422 0.38839726705174699 -0.16067818641420958 0.042119847769230417 0.19116289061307909 -0.2242014703708036 -0.11499150254371321 0.031254744501585045 0.10651310825731497 -0.024258709257437013 0.091326281588588645 0.028490605009588107 -0.157533410618345 0.10580336233547757 -0.17484630782996555 0.13333365725211013 0.10886473986781864 0.19621877211332323 0.26054502659048556 0.0028667930154435673 -0.13161438196606756 -0.26805213584466414 -0.039198262584046538 -0.013843043620968883 0.039493688805002564 0.35412788041432697 0.096491051841946049 -0.10528849788060635 0.087634330243185954 -0.25516717191984956 -0.12191775395842488 -0.04199274193323576
leaf_weight=3101 2362 32 1833 958 42 94 266 95 413 100 474 34 20 20 22 35 159 20 21 546 214 21 372 483 144 23 37 1805 389 23 102 47 55 948 24 24 23 602 50 29 203 187 95 24 39 61 151 30 84 234 20 27 777 5489 35 25 84 29 47 35 21 45
leaf_count=3101 2362 32 1833 958 42 94 266 95 413 100 474 34 20 20 22 35 159 20 21 546 214 21 372 483 144 23 37 1805 389 23 102 47 55 948 24 24 23 602 50 29 203 187 95 24 39 61 151 30 84 234 20 27 777 5489 35 25 84 29 47 35 21 45
internal_value=1.55135e-05 0.00356323 0.00707153 0.00324533 0.000771104 0.00126966 -0.00391849 0.057022 -0.00596846 0.00821107 0.0145071 0.042823 0.132207 0.182219 0.261377 0.172855 0.00276897 0.0473014 0.225485 0.0277253 0.0148883 -0.00851358 -0.0196588 -0.05681 0.0193126 0.018238 0.00693335 -0.00717975 0.0449302 0.0628008 0.132038 0.240867 -0.069357 0.0475427 -0.0233639 -0.0146235 0.0943687 0.0038638 -0.035193 0.105027 0.0429102 0.0322946 -0.0231754 -0.104174 0.0403596 -0.0140779 -0.0116198 0.113529 0.163574 -0.0227812 0.0866689 -0.0129501 -0.0470498 -0.00829513 -0.0108986 0.0604723 0.156961 0.0741468 -0.0296747 -0.108552 0.0321135 0.0539139
internal_weight=23804 20703 18317 15905 14947 14905 11415 371 11044 4018 3605 1056 152 118 77 57 2549 515 41 904 804 2034 1672 648 165 3490 2519 1837 682 590 201 99 92 971 2386 570 277 1024 422 52 362 2412 306 119 2106 7026 6760 254 159 273 234 6699 804 5895 5715 226 109 180 117 70 41 75
internal_count=23804 20703 18317 15905 14947 14905 11415 371 11044 4018 3605 1056 152 118 77 57 2549 515 41 904 804 2034 1672 648 165 3490 2519 1837 682 590 201 99 92 971 2386 570 277 1024 422 52 362 2412 306 119 2106 7026 6760 254 159 273 234 6699 804 5895 5715 226 109 180 117 70 41 75
is_linear=0
shrinkage=0.035


Tree=86
num_leaves=63
num_cat=0
split_feature=71 80 26 35 34 38 18 17 58 81 70 47 29 0 59 19 42 68 7 24 38 55 4 47 72 29 9 28 74 41 12 8 56 29 22 44 77 10 32 0 76 35 41 56 29 71 32 22 37 22 74 29 10 75 55 65 10 76 40 9 10 61
split_gain=1549.08 1312.38 1209.99 1135.03 2000.08 1278.56 1196.42 1253.39 1255.61 1220.37 1125.17 1107.43 1079.86 1079.21 1077.71 995.894 948.179 1066.01 1447.3 1151.22 1144.41 1032.85 979.099 1201.65 946.452 941.175 926.283 1364.93 899.279 955.187 894.984 890.971 910.381 878.215 943.784 876.78 1068.02 1089.68 1034.31 932.628 1371.35 927.754 926.209 2425.77 1241.96 1018.93 1283.14 1068.15 1065.62 1112.64 1263.74 1125.06 989.526 995.348 931.091 1101.02 927.023 960.868 1194.79 910.566 1001.55 898.919
threshold=68.540072463768141 -2.9605968004352472 0.52705555555555572 14.145502645502647 10.431677018633541 20.436141304347831 13.014705882352944 31.763305322128858 1.0000000180025095e-35 1.1149706677570528 -4.6966917464356106 0.26651002506265659 0.3006396103896104 1.5000000000000002 1.0000000180025095e-35 5.8360215053763449 5.1225000000000014 -0.84317229728504361 0.32350925925925927 28.302173913043482 25.803225806451618 109.20588305079453 0.5035086206896553 0.64703296275943278 89.849033725622292 0.40737564102564106 37.877500000000005 21.792385057471268 -4.4997770526581879 8.2546296296296315 13.984375000000002 15.431677018633541 105.97528217427688 0.42005000000000003 19.553639846743298 17.779513888888893 6.5689786962911993 0.55281649831649848 0.61209090909090913 22.500000000000004 -0.10605495358843249 15.574175824175827 9.8908730158730176 102.2148116120692 0.34982843137254904 71.784880952380959 0.5285092592592594 15.236694677871148 7.8480769230769232 17.131884057971018 4.0035448931178772 0.36289736842105264 0.51082142857142865 147.79698486642633 106.49839998876908 0.24530402673069154 0.59301923076923091 0.18393772345887402 9.4104278074866325 40.40312500000001 0.51687867647058838 0.80142923615956418
decision_type=2 2 2 2 2 2 2 2 2 2 2 2 2 2 2 2 2 2 2 2 2 2 2 2 2 2 2 2 2 2 2 2 2 2 2 2 2 2 2 2 2 2 2 2 2 2 2 2 2 2 2 2 2 2 2 2 2 2 2 2 2 2
left_child=13 2 24 5 11 -3 7 8 10 12 -6 -5 14 -1 -9 -16 -8 18 -18 21 -21 22 23 -19 35 -10 -11 -28 -7 -30 -31 -12 -33 34 -15 36 38 -38 39 -2 -41 -42 45 52 -45 46 48 -47 -37 51 59 56 -44 -54 55 -48 57 61 -59 60 -51 -50
right_child=1 3 -4 4 6 28 16 9 25 26 31 -13 -14 33 15 -17 17 19 -20 20 -22 -23 -24 -25 -26 -27 27 -29 29 30 -32 32 -34 -35 -36 42 37 -39 -40 40 41 -43 43 44 -46 47 54 -49 49 50 -52 -53 53 -55 -56 -57 -58 58 -60 -61 -62 -63
leaf_value=0.10054724748766487 0.013296562477485554 -0.10531449657610355 -0.11907684425685718 0.16702327938164988 0.059190994783496188 -0.036365284328155473 0.013073149872830085 0.097638616600795591 0.011096289770245503 -0.23406477738721443 -0.25704692300697168 -0.072847512653588756 -0.037928948852065235 -0.018991720292337561 0.13888281758251739 -0.08823201924647199 -0.11841606896063862 -0.11656851865493524 0.20651483668703022 0.16520758936405186 -0.021811201278219183 -0.21230941763698546 0.12665786161507245 0.019032611553043255 0.15410094587838019 0.204126338687208 -0.22965390384510947 0.089944169759750392 0.097437412956731764 -0.14706949744454351 0.096180819511413593 -0.031267818404459323 -0.22198946499824526 0.12005910018443296 -0.095661825041649717 0.048029025501475177 0.04200486828045015 0.28446123320788524 0.23496368803789744 -0.19359778407947076 0.15311481734866256 0.047557279538180022 -0.074130074722016312 -0.10430946018026302 -0.41280863035331339 0.11057804873394433 0.066270695113755287 0.017504907255233428 -0.017174894269100682 -0.081732049802758486 -0.13235272584853397 0.16622496208548546 -0.065563660228252413 0.22822507264397365 -0.013824018514001394 -0.19989000650734137 -0.20490880258878075 -0.19867748856571754 0.081287994779910611 0.13041551686293232 0.066630219117851025 -0.24795127368207073
leaf_weight=91 2785 65 80 24 70 103 5476 155 1766 63 37 646 1798 4166 30 105 25 239 49 52 169 58 33 120 61 31 28 38 422 41 33 152 38 53 206 410 54 39 28 26 118 743 67 36 29 167 23 1544 110 192 172 56 22 38 114 104 25 20 211 45 78 25
leaf_count=91 2785 65 80 24 70 103 5476 155 1766 63 37 646 1798 4166 30 105 25 239 49 52 169 58 33 120 61 31 28 38 422 41 33 152 38 53 206 410 54 39 28 26 118 743 67 36 29 167 23 1544 110 192 172 56 22 38 114 104 25 20 211 45 78 25
internal_value=1.70021e-05 0.00433754 0.0158808 -0.00288267 -0.00551911 0.0415607 -0.00178722 -0.0159573 0.00345994 -0.0342955 -0.063142 -0.0641318 -0.0278197 -0.0184338 0.0348029 -0.03741 0.00803224 -0.0289994 0.0966359 -0.0429217 0.022451 -0.075024 -0.0544578 -0.0712691 0.0173598 0.014484 -0.138575 -0.0462975 0.0575791 0.0771117 -0.0386285 -0.100928 -0.0699131 -0.0208926 -0.0226156 0.0162032 0.0278492 0.144695 0.0248922 0.0232576 0.0545043 0.0621085 0.00353568 -0.071088 -0.244102 0.00789388 -0.0123217 0.0266209 0.00102232 -0.0196232 -0.0561977 0.0202346 0.0180447 0.120793 -0.0866004 -0.151589 -0.000851176 0.0133382 0.0566567 -0.0144597 -0.038815 -0.0606943
internal_weight=23804 19288 7422 11866 11202 664 10532 4311 2094 2217 297 670 2088 4516 290 135 6221 745 74 671 221 450 392 359 7342 1797 129 66 599 496 74 227 190 4425 4372 7281 3793 93 3700 3672 887 861 3488 192 65 3296 1585 1711 1344 934 487 447 127 60 241 127 391 366 231 315 270 135
internal_count=23804 19288 7422 11866 11202 664 10532 4311 2094 2217 297 670 2088 4516 290 135 6221 745 74 671 221 450 392 359 7342 1797 129 66 599 496 74 227 190 4425 4372 7281 3793 93 3700 3672 887 861 3488 192 65 3296 1585 1711 1344 934 487 447 127 60 241 127 391 366 231 315 270 135
is_linear=0
shrinkage=0.035


Tree=87
num_leaves=63
num_cat=0
split_feature=58 3 51 37 79 27 25 37 23 38 42 44 36 26 5 74 69 17 3 77 2 14 47 32 12 30 0 10 19 59 74 43 52 7 22 51 29 42 14 67 4 63 52 69 16 37 45 10 39 81 41 52 76 6 47 48 44 45 39 29 70 76
split_gain=1493.2 1466.24 1304.56 1166.3 1386.19 1343.67 1250.53 1197.16 1171.18 1133.35 1105.09 1022.55 1796.68 1209.6 1055.02 1495.84 1256.29 1050.88 1003.68 1290.65 1001.53 1161.13 1251 1254.23 1151.58 1104.93 1117.2 1005.53 985.013 983.157 973.425 972.836 969.827 950.711 937.977 936.899 922.31 922.009 909.912 909.083 1060.3 906.957 902.078 910.615 896.629 894.709 894.918 1278.29 874.681 1186.72 1273.06 903.76 902.985 1085.7 1009.33 962.43 866.574 864.751 968.452 906.974 862.707 1020.04
threshold=1.0000000180025095e-35 54.508620689655181 74.753500000000017 8.0923295454545485 0.9508320437789749 4.0172413793103461 55.901612903225818 8.4654761904761919 67.553639846743309 28.233031674208146 4.2034482758620699 15.95916666666667 0.68734313725490204 0.45200000000000001 10.205263157894739 3.1420519828726374 -8.4743585817104528 38.508620689655181 63.017857142857146 2.0605677878078383 26.070197044334979 0.69617424242424264 0.61173563485494886 0.46737980769230775 12.627314814814817 22.985294117647062 14.500000000000002 0.52793095238095245 4.4913793103448283 1.0000000180025095e-35 -4.5994503030355167 12.16954022988506 -7.7536666666666667 0.35314642857142858 20.134848484848487 70.441111111111127 0.3022724867724868 1.8366666666666669 0.74291000000000007 98.780443611624221 0.45335147058823527 89.571404746743909 0.34933333333334105 -16.548216572344689 27.015151515151519 8.2535714285714317 0.45307917888563048 0.47954006410256417 29.901612903225807 1.0879147662971358 6.3169856459330154 -7.0387499999999923 0.42258233351804392 18.584770114942529 0.31449490662139218 0.69485577002692889 18.859605911330053 0.32071428571428579 38.292857142857152 0.34445941558441562 -3.5148777502631883 0.059592627938151961
decision_type=2 2 2 2 2 2 2 2 2 2 2 2 2 2 2 2 2 2 2 2 2 2 2 2 2 2 2 2 2 2 2 2 2 2 2 2 2 2 2 2 2 2 2 2 2 2 2 2 2 2 2 2 2 2 2 2 2 2 2 2 2 2
left_child=-1 -2 3 4 37 -5 7 29 42 10 48 12 36 57 17 -16 -17 18 20 30 25 22 31 24 -24 27 -27 32 -23 39 -20 -22 -13 44 -19 -29 -8 -3 -12 -7 -41 -30 -9 -44 -15 -38 -47 -48 -6 51 -51 -50 54 -54 -53 -56 -21 59 -59 -14 61 -32
right_child=1 2 -4 5 9 6 11 8 -10 -11 38 14 13 33 15 16 -18 34 19 56 21 28 23 -25 -26 26 -28 35 41 -31 60 -33 -34 -35 -36 -37 45 -39 -40 40 -42 -43 43 -45 -46 46 47 -49 49 50 -52 52 53 -55 55 -57 -58 58 -60 -61 -62 -63
leaf_value=-0.022631796759274445 -0.022395330198945063 0.08609478909600507 0.030753961187117724 0.10909979613296128 0.0083990975054400313 0.11191502787287419 0.057279273766922018 0.066688781430554955 0.019303879822908883 0.14729474938791351 -0.049461526546872199 0.18860010393669735 0.081768887552348068 0.057834266973062827 -0.0331928698601755 -0.013625529720171078 0.18887813602622522 0.0777394219522482 0.13428823622099059 0.23311138781370264 -0.029177236224176322 0.17563434486939361 0.28578625747219466 -0.041719988164815966 -0.019220579208409198 0.0091675980959374185 0.27408692098009413 0.13465331898299279 -0.18909548211137456 -0.1350629579654706 -0.31040146303176885 -0.12342937013996352 -0.01666205096486497 -0.056461105484673625 -0.11426167010463462 0.0024450603709541838 0.17245222745315975 -0.030670713972531342 0.057234950775449933 -0.17483010058173348 0.080520843889978211 -0.014595433261908916 0.0846636089925413 -0.089759616158638908 -0.11407580248149764 0.016584758309451018 -0.30198691794607374 -0.067246977162483665 -0.1567880920885166 0.048417090998846918 -0.15767866528706762 -0.1773740338087082 -0.10150142674703226 0.14115407737844834 0.050339099266507516 -0.050101671001757969 0.0085564421255197119 0.10274588607350085 -0.11410911578530412 -0.16538055129824344 0.0075527941566992645 -0.0010178575395492085
leaf_weight=3101 2386 90 2412 126 1805 45 127 64 524 88 433 28 38 357 129 55 117 257 63 58 196 32 30 274 30 45 34 110 37 229 24 428 2658 182 35 162 21 979 126 54 31 1364 40 395 41 137 31 299 26 72 74 25 25 205 1923 124 33 561 26 34 321 28
leaf_count=3101 2386 90 2412 126 1805 45 127 64 524 88 433 28 38 357 129 55 117 257 63 58 196 32 30 274 30 45 34 110 37 229 24 428 2658 182 35 162 21 979 126 54 31 1364 40 395 41 137 31 299 26 72 74 25 25 205 1923 124 33 561 26 34 321 28
internal_value=1.59995e-05 0.00340893 0.00677095 0.00313284 0.0153179 -0.00423851 -0.00570396 -0.0365504 -0.0172294 0.0231582 0.0208846 -0.000627907 0.0223147 0.046584 -0.0071256 0.0568209 0.124252 -0.0102116 -0.0133924 0.0326992 -0.0178707 -0.0348123 -0.064634 -0.00993089 0.134326 -0.00452801 0.124234 -0.00798849 -0.0148576 -0.0914969 0.00760179 -0.0938772 -0.0144863 0.00969932 0.0545576 0.0560734 -0.0265716 -0.0208012 -0.025376 -0.0145034 -0.0817349 -0.0192722 -0.0555808 -0.0736339 0.0399952 -0.0484369 -0.0585511 -0.0897324 0.026931 0.0404458 -0.0562001 0.0465192 0.0488506 0.1146 0.0415245 0.0442423 0.152209 0.0790097 0.0930458 -0.035228 -0.0139374 -0.145473
internal_weight=23804 20703 18317 15905 5995 9910 9784 1382 1023 4926 4838 8402 1854 1239 6548 301 172 6247 5955 527 5428 2391 958 334 60 3037 79 2958 1433 359 436 624 2686 580 292 272 615 1069 559 130 85 1401 499 435 398 488 467 330 4279 2474 146 2328 2302 230 2072 2047 91 659 587 72 373 52
internal_count=23804 20703 18317 15905 5995 9910 9784 1382 1023 4926 4838 8402 1854 1239 6548 301 172 6247 5955 527 5428 2391 958 334 60 3037 79 2958 1433 359 436 624 2686 580 292 272 615 1069 559 130 85 1401 499 435 398 488 467 330 4279 2474 146 2328 2302 230 2072 2047 91 659 587 72 373 52
is_linear=0
shrinkage=0.035


Tree=88
num_leaves=63
num_cat=0
split_feature=51 2 34 42 34 3 49 82 0 4 18 15 52 67 72 18 15 12 15 8 51 72 15 5 76 27 8 26 26 15 36 44 2 13 76 71 6 61 31 15 36 31 58 64 7 34 53 35 26 12 68 25 49 44 19 5 33 65 6 51 22 72
split_gain=1423.57 1208.13 1344.39 1381.96 1981.37 1472.26 1144.83 1132.45 1593.34 1116.54 1069.17 1020.53 1000.92 986.577 1020.54 1036.36 1089.98 965.293 963.471 1101.14 958.15 1075.93 991.144 936 933.288 942.154 917.02 909.039 880.794 866.817 840.362 878.681 1189.17 1075.28 1032.86 944.145 902.535 1163.03 1113.98 1343.02 1306.18 1361.06 1092.08 1052.78 983.256 956.894 880.859 831.349 1002.22 829.036 818.433 868.079 1237.37 1130.66 814.352 808.582 831.576 797.52 794.766 791.147 788.966 806.042
threshold=70.626060606060619 23.224014336917566 18.603571428571431 2.145502645502646 15.19337606837607 63.127016129032263 0.33802071584329646 -26.499999999999996 2.5000000000000004 0.41322474747474752 21.522727272727277 11.016129032258066 -1.2194999999999963 91.043915438817166 60.544321150179478 9.4472222222222246 6.9843750000000009 16.735087719298249 11.986111111111112 21.507575757575761 72.208166666666685 77.857212121070077 9.1690476190476193 9.4677083333333361 0.01940064716715301 8.1639784946236578 17.134848484848487 0.46114642857142868 0.47563245614035093 10.403125000000001 0.69843961352657014 18.574175824175828 31.716517857142861 14.836021505376346 -0.033508246033047466 73.090230769230786 25.62731481481482 0.87687614418688209 32.338095238095242 9.5735930735930754 0.72529285714285729 29.881944444444446 1.0000000180025095e-35 244.50000000000003 0.35067708333333342 11.467708333333336 92.160389666157513 22.671568627450984 0.4636055555555556 15.770979020979022 -13.493418554146997 55.253571428571441 0.20221301483556389 18.890873015873019 4.8032258064516133 6.6715686274509816 0.51502500000000018 0.27490140258303702 20.716517857142861 70.044142857142873 24.513157894736846 85.437284430673671
decision_type=2 2 2 2 2 2 2 2 2 2 2 2 2 2 2 2 2 2 2 2 2 2 2 2 2 2 2 2 2 2 2 2 2 2 2 2 2 2 2 2 2 2 2 2 2 2 2 2 2 2 2 2 2 2 2 2 2 2 2 2 2 2
left_child=10 6 3 4 26 60 20 8 -7 -6 13 -10 23 28 -15 16 -16 -12 19 -14 22 -22 -2 54 47 29 -3 -13 49 -26 -17 32 33 34 46 50 38 -38 39 40 41 -35 -42 45 -39 -43 -32 -9 -49 -1 -33 59 53 -53 -4 -48 -57 -28 -51 -52 61 -5
right_child=1 2 12 5 9 7 -8 24 11 -11 17 27 18 14 15 30 -18 -19 -20 -21 21 -23 -24 -25 25 -27 57 -29 -30 -31 31 35 -34 36 -36 -37 37 44 -40 -41 42 43 -44 -45 -46 -47 55 48 -50 58 51 52 -54 -55 -56 56 -58 -59 -60 -61 -62 -63
leaf_value=-0.0083244846624361702 -0.085597083192158155 0.14496189904798507 0.16546317854014841 0.0039933132838513592 -0.25819039544428019 -0.063501782125776465 -0.14502234282925983 0.010787726513430006 0.15011929362607063 -0.015031428215370518 0.025110518498697144 0.011977105112775848 -0.11776839633239068 -0.10501963534197456 0.2248849934064425 -0.017933413482602637 0.027872565338067846 0.32116787967152072 0.032849759925340047 -0.39608779314586096 0.014834158831288897 -0.18447393049650654 0.033287579614669091 0.14046120187419434 -0.0058564311125699226 0.060937226568443192 0.093939559153414565 0.15639536428891573 -0.13529973308268964 -0.27079919053207746 0.067132334299293578 0.092884505735002759 0.14282252280066812 0.04583958767539701 0.010170973802818013 -0.23513769960728562 0.034609432595443829 0.36864497828909326 0.014804205863397953 -0.08873190371514672 -0.11274513500034811 -0.02420138255748111 0.057790426926864875 0.027093257311058331 0.065894244836548627 -0.24270350139650579 -0.26413467375997091 0.028334149158000949 0.26611272384166718 0.010804379301591661 -0.0063961232402050235 -0.18819999733888187 0.18746482855774638 -0.04916986214291897 -0.067268650571144617 -0.1797175552482973 -0.036765571791471031 0.021576587606943542 -0.19726860359811785 0.21989277895067527 -0.18954153881704108 0.09204982519693472
leaf_weight=389 336 177 20 7665 26 82 86 426 267 183 34 189 63 128 45 4909 142 22 30 24 866 34 115 40 25 34 359 74 125 38 40 64 77 88 259 27 582 24 2941 308 52 35 372 41 29 83 35 52 37 35 246 97 21 273 182 74 152 389 62 20 25 129
leaf_count=389 336 177 20 7665 26 82 86 426 267 183 34 189 63 128 45 4909 142 22 30 24 866 34 115 40 25 34 359 74 125 38 40 64 77 88 259 27 582 24 2941 308 52 35 372 41 29 83 35 52 37 35 246 97 21 273 182 74 152 389 62 20 25 129
internal_value=1.57124e-05 0.00852396 0.0126303 0.0149796 0.0513934 0.0104103 -0.0215747 0.046096 0.0797431 -0.0458416 -0.00859436 0.101951 -0.0538884 -0.00932306 -0.00695136 -0.00580891 0.0757739 0.143294 -0.137707 -0.196411 -0.0136632 0.00720261 -0.0552718 -0.0131499 0.0124057 -0.0869002 0.0733799 0.0528448 -0.0526112 -0.166592 -0.00721887 0.00163614 0.00674705 0.00468415 -0.0410602 -0.0338157 0.0103127 0.049005 0.00403861 -0.0282896 -0.000495016 -0.0644049 0.0367593 -0.125395 0.205218 -0.178299 -0.0850983 0.0311828 0.128159 -0.0312192 -0.026114 -0.0377731 -0.0709246 -0.0858325 -0.043857 -0.108526 -0.0838817 0.0563512 -0.122484 0.0109856 0.00482101 0.00545701
internal_weight=23804 11973 10536 10177 1134 9043 1437 1224 612 209 11831 530 359 11775 11164 11036 187 56 117 87 1351 900 451 242 612 97 925 263 611 63 10849 5940 5192 5115 560 748 4555 635 3920 979 671 247 424 159 53 118 301 515 89 486 721 657 391 370 202 261 226 748 97 266 7819 7794
internal_count=23804 11973 10536 10177 1134 9043 1437 1224 612 209 11831 530 359 11775 11164 11036 187 56 117 87 1351 900 451 242 612 97 925 263 611 63 10849 5940 5192 5115 560 748 4555 635 3920 979 671 247 424 159 53 118 301 515 89 486 721 657 391 370 202 261 226 748 97 266 7819 7794
is_linear=0
shrinkage=0.035


Tree=89
num_leaves=63
num_cat=0
split_feature=58 3 51 22 15 16 30 35 16 43 12 34 49 10 34 41 71 11 14 78 79 35 28 47 55 6 65 46 13 79 20 19 82 77 14 32 6 37 51 55 15 34 71 50 0 42 28 1 37 49 11 24 61 25 10 5 38 18 19 42 23 16
split_gain=1359.93 1333.21 1178.92 1099.11 1170.74 1114.24 1510.89 1010.22 1149.35 1008.87 1016.94 952.168 982.142 1108.67 1028.23 980.531 957.366 920.94 920.895 875.731 1128.32 1298.51 1196.27 1098.24 1020.83 1015.09 1203.03 911.479 873.481 921.635 854.002 903.002 843.366 872.162 833.924 933.835 1093.58 1053.99 1144.2 1018.93 1170.09 1095.41 998.131 997.66 905.007 848.25 823.59 1113.96 822.299 996.071 1340.71 978.952 936.835 841.266 951.691 814.431 947.981 1384.94 998.639 942.627 1050.3 960.142
threshold=1.0000000180025095e-35 54.508620689655181 74.753500000000017 15.859126984126986 6.2540322580645169 24.30901856763926 19.836021505376348 10.607692307692309 23.721111111111114 13.16954022988506 14.574175824175827 10.431677018633541 0.03341644747399241 0.55128869047619056 10.55777777777778 7.7801932367149762 73.907486842105271 0.5437550000000001 0.60008333333333341 0.50015232987399838 1.0403257877530161 14.361818181818183 21.717142857142861 0.5202564036963192 104.42422917677597 26.673333333333336 0.39565530131189858 0.53452380952380962 14.836021505376346 0.88463237915878945 5.7290209790209801 11.816666666666668 -246.49999999999997 0.61699671889029262 0.71939230769230778 0.4523508771929825 26.267948717948723 8.0923295454545485 70.145227272727297 107.01523162506714 6.5577777777777788 11.508064516129034 69.422391353046606 68.882333333333335 19.500000000000004 2.0151515151515156 26.016666666666669 66.93933823529413 10.704793028322442 -0.00087900007961754986 0.49075431034482758 25.701851851851853 0.94543990782025911 52.632456140350882 0.51983974358974372 9.9574275362318865 24.10172413793104 16.204166666666669 5.1132478632478637 4.0597147950089134 83.754310344827601 21.338541666666668
decision_type=2 2 2 2 2 2 2 2 2 2 2 2 2 2 2 2 2 2 2 2 2 2 2 2 2 2 2 2 2 2 2 2 2 2 2 2 2 2 2 2 2 2 2 2 2 2 2 2 2 2 2 2 2 2 2 2 2 2 2 2 2 2
left_child=-1 28 3 34 5 9 -7 8 -6 10 -5 19 13 -13 -14 18 17 -17 -15 25 21 24 -23 -24 -21 -9 -27 -25 29 -2 31 -4 -20 -34 35 36 -3 38 44 40 41 -39 43 -41 -37 -46 47 -40 52 -50 -51 -52 53 54 -36 59 58 -58 -57 -16 61 -61
right_child=1 2 30 4 7 6 -8 11 -10 -11 -12 12 14 15 55 16 -18 -19 32 20 -22 22 23 27 -26 26 -28 -29 -30 -31 -32 -33 33 -35 48 37 -38 39 46 42 -42 -43 -44 -45 45 -47 -48 -49 49 50 51 -53 -54 -55 -56 56 57 -59 -60 60 -62 -63
leaf_value=-0.021598579387962471 -0.22101974920126108 0.034007347243858711 0.037680241691267428 0.11046870550707956 0.28892745510281115 0.071439422967049263 0.32785496965093891 -0.084832559912134176 0.015009814370160151 -0.11173405275219367 -0.11782160096036065 -0.014526702339585616 0.16007268657658413 0.27863350495072303 0.016560243371301461 0.028317275792638836 0.15073330513168787 -0.16072195455451166 0.23728112925673434 0.15808424340580024 -0.033060798677239676 0.1204837574630544 -0.31983871710300449 -0.19317324235381153 -0.062151195591917403 -0.13358093945769706 0.16806440906444292 0.12947713381780521 -0.012977437946893608 -0.050823302584376423 -0.044202603713840168 -0.16063269464906893 0.23403553028667679 0.023868728843490294 -0.26367470759880257 -0.052459445923224622 0.23433333973183351 -0.35791103249571538 -0.052720697483112082 0.03522702016617571 -0.034574149158882253 -0.068193977464226244 -0.024214719166323336 0.23069386184421081 0.24565618675820375 0.022019865156205236 -0.041634526112894407 0.14252669783492211 0.050189022383869512 0.15870383409174479 -0.33451531573061677 -0.081591841512604776 -0.18203408859739473 0.057516467625937887 0.0097154221509704163 0.21655582818752384 0.22239279196944514 -0.016533735008649929 -0.054838059464693077 0.14670171775408541 -0.18839392747000983 -0.026557686500413926
leaf_weight=3101 45 157 2205 99 30 156 34 471 49 66 31 5678 57 21 2657 53 25 77 26 127 746 34 24 20 32 25 44 22 2064 277 179 28 25 477 20 239 42 27 43 122 671 39 248 43 23 181 54 206 109 20 26 66 21 1353 65 20 83 46 87 41 46 701
leaf_count=3101 45 157 2205 99 30 156 34 471 49 66 31 5678 57 21 2657 53 25 77 26 127 746 34 24 20 32 25 44 22 2064 277 179 28 25 477 20 239 42 27 43 122 671 39 248 43 23 181 54 206 109 20 26 66 21 1353 65 20 83 46 87 41 46 701
internal_value=1.49596e-05 0.00325296 0.00645884 0.00300035 -0.00213231 0.0578039 0.118083 -0.00410496 0.120236 -0.000763658 0.0557606 -0.00495246 -0.00104439 -0.00938909 0.0132012 0.0320234 -0.0455966 -0.0838121 0.053966 -0.0305401 -0.0112086 0.0516615 -0.0469918 -0.133577 0.113682 -0.0664681 0.0585475 -0.0245486 -0.0213529 -0.0749252 0.0292578 0.0351566 0.0447685 0.0345646 0.0194918 0.00475639 0.0767861 -0.00282009 0.0295664 -0.0238358 -0.0484878 -0.188567 0.0201527 0.0867311 -0.00628526 0.0477899 0.0819187 0.108757 0.0378583 -0.0250017 -0.0981074 -0.15453 0.0473877 0.0508026 -0.0557365 0.0109045 0.0737359 0.137432 -0.00330638 0.00658915 -0.0270164 -0.016887
internal_weight=23804 20703 18317 15905 12130 386 190 11744 79 196 130 11665 10120 6382 3738 704 155 130 549 1545 1005 259 100 66 159 540 69 42 2386 322 2412 2233 528 502 3775 2095 199 1896 746 1150 737 66 413 165 443 204 303 249 1680 221 112 92 1459 1438 85 3681 236 129 107 3445 788 742
internal_count=23804 20703 18317 15905 12130 386 190 11744 79 196 130 11665 10120 6382 3738 704 155 130 549 1545 1005 259 100 66 159 540 69 42 2386 322 2412 2233 528 502 3775 2095 199 1896 746 1150 737 66 413 165 443 204 303 249 1680 221 112 92 1459 1438 85 3681 236 129 107 3445 788 742
is_linear=0
shrinkage=0.035


Tree=90
num_leaves=63
num_cat=0
split_feature=80 51 53 13 74 3 47 48 48 62 3 19 17 10 44 27 17 45 58 15 20 38 81 50 36 17 40 44 22 39 13 43 80 49 12 9 20 61 10 72 25 8 20 21 21 2 38 43 8 35 35 5 29 48 15 2 3 25 50 21 5 43
split_gain=1302.67 1252.02 1484.45 1274.37 1231.23 1177.41 1104.27 1084.6 1315.49 978.824 1280.97 1050.9 1771.58 1345.04 1552.62 1396.19 1274.03 1810.74 1175.7 1230.37 1167.32 1258.21 1028.61 1275.83 1020.9 1129.96 1208.84 1131.07 1067.35 1090.13 998.458 994.455 975.245 1172.49 998.973 1342.15 969.931 964.242 1019.55 988.744 961.569 952.463 951.897 941.852 1016.87 936.676 927.94 917.729 907.834 902.953 1194.4 894.523 891.786 935.409 879.474 876.43 1157.18 1700.05 1288.18 920.585 890.836 888.836
threshold=-10.912851161900397 66.186018099547525 117.77860223807815 14.462912087912089 5.853319624048706 54.508620689655181 0.37919212374635169 0.60916328207395598 0.62210963456094792 116.17802478423151 58.651086956521745 6.3015151515151517 31.327956989247316 0.50045643939393958 18.365151515151521 5.7165178571428585 32.50714285714286 0.65301003344481623 1.0000000180025095e-35 6.2540322580645169 3.9272486772486777 25.967204301075274 1.0014665618509129 69.180910815939299 0.68734313725490204 34.150757575757581 15.716517857142859 17.701851851851853 14.412778904665315 31.338541666666668 18.338541666666668 11.577935222672066 -4.3888105222930482 0.0019242586369597004 14.288018433179726 36.474937343358398 4.9848484848484853 0.28380761885551303 0.51352661064425786 79.671850705445806 58.591750841750851 17.134848484848487 2.7165178571428577 8.0192307692307718 8.9848484848484862 23.779513888888893 24.803225806451618 11.985714285714288 20.755000000000006 24.015625000000004 21.456439393939394 7.168079096045199 0.37046547619047621 0.5631471068169378 9.5075757575757596 24.504385964912284 59.137147335423201 55.361818181818187 73.015476190476207 12.224014336917564 8.3385416666666696 13.648529411764708
decision_type=2 2 2 2 2 2 2 2 2 2 2 2 2 2 2 2 2 2 2 2 2 2 2 2 2 2 2 2 2 2 2 2 2 2 2 2 2 2 2 2 2 2 2 2 2 2 2 2 2 2 2 2 2 2 2 2 2 2 2 2 2 2
left_child=43 2 3 41 -4 6 -3 -8 -9 11 -11 12 22 15 32 -14 20 37 19 -13 21 -16 23 -7 28 -26 27 40 -17 -30 31 -25 33 34 -15 -36 -24 -18 42 48 -27 -2 -39 -1 -45 -20 -32 -19 52 50 -34 -28 53 -40 -51 56 59 -58 -59 -47 61 -61
right_child=1 5 4 -5 -6 9 7 8 -10 10 -12 18 13 14 16 24 17 47 45 -21 -22 -23 36 30 25 26 51 -29 29 -31 46 -33 49 -35 35 -37 -38 38 39 -41 -42 -43 -44 44 -46 55 -48 -49 -50 54 -52 -53 -54 -55 -56 -57 57 58 -60 60 -62 -63
leaf_value=0.20406581744434607 -0.22198899673280262 0.079304709193331213 0.36880376718102437 -0.025896245320368796 -0.016626801487876149 0.031653908869430633 -0.045718555423247431 0.12783655611121372 -0.012091757870506807 -0.04711994478329181 0.074960098089934812 -0.18628607366228103 0.05798607735697589 0.080440323853248383 -0.11505311507335249 -0.2506501909815369 0.16969598458242333 0.049235477819757643 -0.034128246076706954 -0.027600199009814218 -0.32166576025299004 0.12517038521081655 0.029610284273368041 0.38890503635322837 -0.035869402820858647 -0.0014643516103459843 0.29654236847437349 -0.065457701339336774 0.017512372100126246 -0.078087367598883115 0.010350747249126435 0.15536555805683136 0.013880983502462814 0.02695270282666954 0.34365670348630095 0.050027843220780299 -0.20249748060835734 0.092147341974711028 -0.051572756658722893 0.26708710301372246 0.14032457358967224 -0.05486394518035876 -0.14928474958145618 -0.19952221350158966 0.027487080576832686 -0.052596017123738105 0.26724643973139833 -0.085343774566356487 -0.10893182382208332 -0.23229753597809089 0.1046127927282183 0.06323233434803989 0.26645658765119667 0.12945240151965534 0.021884209093762867 -0.0002278435332365236 -0.13580592072116479 0.2705741124821559 0.028853783108206358 0.10916533805074628 -0.13728373105379577 -0.017531837762429798
leaf_weight=36 73 121 20 1491 20 269 1508 95 595 136 461 62 259 155 132 34 70 79 918 1432 25 33 1120 28 744 149 32 159 203 519 87 112 1361 279 50 31 22 29 68 26 96 98 62 24 1820 157 21 284 40 33 204 54 25 71 33 7263 24 76 42 205 28 101
leaf_count=36 73 121 20 1491 20 269 1508 95 595 136 461 62 259 155 132 34 70 79 918 1432 25 33 1120 28 744 149 32 159 203 519 87 112 1361 279 50 31 22 29 68 26 96 98 62 24 1820 157 21 284 40 33 204 54 25 71 33 7263 24 76 42 205 28 101
internal_value=1.50541e-05 -0.00238265 -0.0312082 -0.0363017 0.178176 4.40069e-05 -0.0234187 -0.029092 0.00724728 0.00308393 0.0471276 0.00156305 0.0120304 0.00221192 0.0171986 -0.0183766 -0.0201985 0.000229103 -0.00554304 -0.034248 -0.10107 -0.0667543 0.043616 0.0845578 -0.0283291 -0.0086963 0.0325498 0.00710729 -0.0603438 -0.0512099 0.141748 0.203316 0.0336516 0.0756213 0.132964 0.23232 0.0250491 0.0524622 0.0266621 0.0658734 0.0542521 -0.126669 -0.0722235 0.0279715 0.0244773 -0.000675392 0.0613363 -0.0560181 0.0396211 0.0203781 0.0257399 0.151298 0.0760958 0.0410008 -0.105945 0.00321536 0.0426969 0.130512 0.185052 0.0171862 0.0500281 0.0673752
internal_weight=23804 21924 1702 1662 40 20222 2319 2198 690 17903 597 17306 6998 5339 3090 2249 944 754 10308 1494 190 165 1659 517 1990 1234 490 404 756 722 248 140 2146 515 236 81 1142 391 321 230 245 171 91 1880 1844 8814 108 363 204 1631 1565 86 164 139 66 7896 633 142 118 491 334 306
internal_count=23804 21924 1702 1662 40 20222 2319 2198 690 17903 597 17306 6998 5339 3090 2249 944 754 10308 1494 190 165 1659 517 1990 1234 490 404 756 722 248 140 2146 515 236 81 1142 391 321 230 245 171 91 1880 1844 8814 108 363 204 1631 1565 86 164 139 66 7896 633 142 118 491 334 306
is_linear=0
shrinkage=0.035


Tree=91
num_leaves=63
num_cat=0
split_feature=81 6 51 6 41 81 42 28 63 71 15 62 2 81 49 19 31 0 51 30 16 30 31 14 37 28 29 17 27 27 71 47 20 19 5 40 44 43 22 8 71 9 63 20 21 15 71 31 50 17 51 27 9 3 14 17 63 25 45 19 49 49
split_gain=1264.44 1339.3 1239.72 1161.85 1129.55 1020.82 1115.93 1016.48 1194.38 1075.24 1038.5 1016.4 980.724 1057.4 974.922 960.01 926.23 1357.82 923.52 1235.85 1090.3 1006.27 974.955 901.567 1259.3 1148.34 1623.87 1534.65 1185.64 1021.14 995.458 1027.39 880.442 997.201 961.54 876.733 1111.15 1205.81 1170.5 1464.5 1136.7 873.892 869.211 987.029 904.668 857.091 856.052 1011.2 888.079 853.517 852.617 983.478 830.049 1250.17 988.258 826.139 1323.37 852.236 931.428 822.488 805.404 802.993
threshold=1.1149706677570528 16.819805194805198 73.856235294117667 27.40454545454546 8.3385416666666696 0.93053339093869736 4.5075757575757587 25.245689655172416 100.17174061161201 73.351555555555578 7.0960061443932423 116.72054711700801 29.10172413793104 0.92857225195229387 0.029635153827851354 7.9534632034632038 40.014285714285727 11.500000000000002 70.972820512820533 16.508064516129036 25.015625000000004 16.113247863247867 35.211323763955349 0.68105530303030315 11.935416666666669 26.10172413793104 0.34960000000000002 31.7343137254902 9.8681159420289877 3.9782608695652177 73.397461722488046 0.71213046213046216 1.8366666666666669 6.2742946708463956 9.2886904761904781 15.60357142857143 17.557189542483666 12.546920821114371 18.430952380952387 17.015625000000004 72.81686480186481 36.766968325791858 101.46663625476002 4.169540229885059 12.327956989247314 11.762352941176472 69.717097744360913 35.734313725490203 76.748333333333349 32.963624338624349 73.429282051282073 7.2880184331797242 35.760952380952382 57.953463203463208 0.72384412955465594 35.016666666666673 89.793700366153772 57.456439393939398 0.35147058823529415 7.5345238095238107 -0.024515168007107398 -0.015649831927551396
decision_type=2 2 2 2 2 2 2 2 2 2 2 2 2 2 2 2 2 2 2 2 2 2 2 2 2 2 2 2 2 2 2 2 2 2 2 2 2 2 2 2 2 2 2 2 2 2 2 2 2 2 2 2 2 2 2 2 2 2 2 2 2 2
left_child=2 -2 3 5 11 6 12 8 -6 -9 -10 35 13 -1 -3 -12 52 -18 45 21 -21 -20 -22 24 25 29 30 -28 -29 -7 31 -27 33 -25 59 61 38 49 -37 -40 -39 -41 43 -11 -45 -5 -47 -48 -49 -38 51 -24 54 -54 -16 -31 -57 -58 -59 -35 -30 -4
right_child=1 14 4 18 7 23 -8 9 10 42 15 -13 -14 -15 16 -17 17 -19 19 20 22 -23 50 32 -26 26 27 28 60 55 -32 -33 -34 34 -36 36 37 40 39 41 -42 -43 -44 44 -46 46 47 48 -50 -51 -52 -53 53 -55 -56 56 57 58 -60 -61 -62 -63
leaf_value=0.006081483208629071 -0.20212698909805882 -0.053454790701230284 0.062136218527854392 -0.0067310687924235025 0.0077920942246319158 0.15363221005293043 -0.067044749233361525 0.11073852067588028 -0.2139777480464066 -0.13340062872920488 -0.019924015264120132 0.16974696774792483 0.073798054831029955 0.10934578794693205 -0.16644453961277009 -0.16009852183821699 -0.053903027606214959 0.27806539004484815 0.11627962324587551 -0.016164801403643594 -0.074349179794175047 0.38618620071023013 0.07999069115019844 0.073585502712376141 -0.10680568286121629 -0.12299598063517767 0.12868517832961304 0.11340445978745171 -0.23269062143371952 -0.022477023563468767 0.10548474840710804 -0.35554240400836157 -0.0052040459758474142 -0.061383345121205767 -0.23436213973735245 -0.0018726392190442952 -0.038921865943866443 -0.18683180725644208 0.39893546395939455 -0.078940261307409262 -0.03540486408118379 0.16585624238160943 0.062451437843864081 -0.11614616359013778 0.11640334505916718 0.29814981566405879 -0.046493215382099155 0.29495718555283129 -0.0047304943661357086 0.19291227814961565 -0.06704737676648384 0.26220618596764012 0.28375262876520768 -0.0057351861652099731 0.065066655606556112 -0.15213587104891421 -0.0079746864714175143 -0.12947542875298002 0.074345563467215783 0.093940915068881276 -0.040808781444564353 0.018808313081090173
leaf_weight=2225 58 608 996 801 463 45 193 150 56 92 264 63 359 128 62 77 25 37 84 220 34 21 83 369 202 207 75 34 46 2876 20 26 9224 98 23 224 39 85 21 29 211 45 140 32 55 20 59 28 21 38 23 65 23 82 35 54 454 29 405 72 64 1107
leaf_count=2225 58 608 996 801 463 45 193 150 56 92 264 63 359 128 62 77 25 37 84 220 34 21 83 369 202 207 75 34 46 2876 20 26 9224 98 23 224 39 85 21 29 211 45 140 32 55 20 59 28 21 38 23 65 23 82 35 54 454 29 405 72 64 1107
internal_value=1.57071e-05 -0.0399786 0.00164277 -0.00221411 0.0188555 -0.00475427 0.0141614 -0.00779917 -0.0303999 0.0336244 -0.0749038 0.0312506 0.0199531 0.0117224 -0.0290799 -0.0517746 0.027038 0.144791 0.0277692 0.0646133 0.0379359 0.171869 0.0959103 -0.00859137 -0.021487 -0.0174986 -0.0690057 0.000785442 -0.0660196 -0.0111962 -0.129314 -0.149666 -0.00261155 0.0398992 -0.0245119 0.0280978 -0.00606731 -0.0470577 0.0418495 0.144449 -0.0791425 0.0699895 -0.00274177 -0.0537823 0.030653 0.00672227 0.0906366 0.0509791 0.167698 0.0759511 0.129902 0.160655 -0.00935498 0.0586875 -0.0829684 -0.0131597 0.0152798 0.0255443 0.0605848 0.00446309 -0.121772 0.0393404
internal_weight=23804 930 22874 18687 4187 17228 2905 1329 860 469 397 2858 2712 2353 872 341 264 62 1459 530 425 105 205 14323 4537 4335 472 219 144 3863 253 233 9786 562 193 2795 692 373 319 95 296 74 319 179 87 929 128 108 49 77 171 148 202 105 97 3818 942 888 434 170 110 2103
internal_count=23804 930 22874 18687 4187 17228 2905 1329 860 469 397 2858 2712 2353 872 341 264 62 1459 530 425 105 205 14323 4537 4335 472 219 144 3863 253 233 9786 562 193 2795 692 373 319 95 296 74 319 179 87 929 128 108 49 77 171 148 202 105 97 3818 942 888 434 170 110 2103
is_linear=0
shrinkage=0.035


Tree=92
num_leaves=63
num_cat=0
split_feature=51 41 32 37 6 72 31 29 18 38 56 22 38 42 29 53 19 62 7 42 68 56 55 22 45 34 51 24 46 31 12 34 80 48 74 9 70 49 76 35 5 54 36 44 74 25 29 19 31 62 36 23 78 19 13 35 47 17 76 45 77 29
split_gain=1202.02 1342.08 1003.2 1240.1 1068.66 1167.96 1313.64 1167.97 1223.34 1149.73 1110.79 1247.6 1253.42 1299.95 1058.92 1026.12 1010.01 986.197 1352.28 1246.28 1231.01 1092.36 957.544 947.564 932.698 914.204 868.081 1527.48 1321.18 1063.63 959.869 991.154 962.852 911.299 1026.83 1020.08 1010.36 883.163 867.563 860.041 848.199 820.399 819.255 1055.91 1498.91 991.228 1032.85 985.708 1091.57 986.32 896.825 865.851 813.5 811.272 980.175 985.296 868.263 837.972 949.302 874.592 952.635 1098.61
threshold=70.009444444444469 7.4220647773279369 0.49337171052631584 10.101724137931036 26.942810457516341 76.877654454415207 33.145502645502653 0.28250862068965515 13.014705882352944 22.403125000000003 113.68773517937372 14.735087719298248 23.054093567251467 2.9016129032258067 0.33762882653061227 110.06570769249693 4.7795138888888902 104.35529285886201 0.34533974358974362 3.8198051948051952 21.501684597262656 98.075222778247237 74.257386196711323 17.62731481481482 0.31698564593301443 12.180194805194807 71.514017857142861 28.016129032258068 0.82683658170914553 29.525062656641612 12.60357142857143 12.20294117647059 5.1971140632609982 0.73426047563485319 1.0443655662671107 28.510869565217394 -2.27068883622406 -0.060947031666447639 0.32424367648032004 24.015625000000004 10.508064516129034 127.59217056564383 0.6966228448275863 18.574175824175828 6.5901161779165145 55.951190476190483 0.30538750000000009 6.014705882352942 34.42020373514432 98.283377512486354 0.70756038647343011 62.479130434782611 8.3809997668845586 8.9591666666666701 17.438750000000002 26.379807692307697 0.78884867009867021 35.506410256410263 -0.0040943617594599848 0.38196555217831812 0.63293960719534748 0.29941522988505748
decision_type=2 2 2 2 2 2 2 2 2 2 2 2 2 2 2 2 2 2 2 2 2 2 2 2 2 2 2 2 2 2 2 2 2 2 2 2 2 2 2 2 2 2 2 2 2 2 2 2 2 2 2 2 2 2 2 2 2 2 2 2 2 2
left_child=22 2 3 4 5 7 52 8 -2 -10 11 -6 14 23 -13 39 -8 26 20 21 41 -20 -1 -14 -4 -17 27 28 30 -28 31 32 37 35 36 -31 -35 -3 -12 -9 -23 -19 -24 44 -44 -45 -47 48 -48 -50 51 -46 -7 54 57 56 -56 59 -59 60 61 -37
right_child=1 17 24 -5 10 6 16 15 9 -11 38 12 13 -15 -16 25 -18 18 19 -21 -22 40 42 -25 -26 -27 29 -29 -30 33 -32 -33 -34 34 -36 53 -38 -39 -40 -41 -42 -43 43 45 50 46 47 -49 49 -51 -52 -53 -54 -55 55 -57 -58 58 -60 -61 -62 -63
leaf_value=0.22413197169193005 -0.14401462356319919 -0.038938206197099479 -0.033151913957458222 -0.0063107315788154131 0.38726410383620163 0.11847840637165423 0.34463486114629488 0.043140997786666954 -0.16200511376207527 0.10483801305790744 -0.16491505757549357 0.091419067317063063 0.16352252835886821 0.080591896451585668 -0.19909386405415008 0.025760441793233491 0.09710056149564103 0.047039833988825032 -0.108897222139438 -0.052764381168261168 -0.12069199548430237 0.024437617143308207 -0.021145131717552366 0.47846818058831353 0.011114502691459882 -0.20152234181796805 -0.22243232043741046 -0.16800629558778957 0.24559553005055684 0.15347834247437497 -0.081411617186784108 -0.050321947576349432 -0.11755301462772283 -0.037516644209087971 0.03542087198793889 -0.27361418744097366 -0.21358695484668977 0.21441025029256092 0.12587228701909384 -0.095976806872713899 0.16889067093497223 0.19866766685631967 -0.0014209851316453683 -0.0010957160072575371 -0.029161853052200155 0.030384253229252225 0.1385810178645322 -0.17939254799861606 0.094198602837185536 -0.18492519658909434 0.039127715969463565 0.21503633679926784 -0.11597613226794032 -0.057108362419113268 0.037227949383841136 -0.12692253975762 -0.12595530567928612 0.21318433266962081 -0.021360016759236655 -0.083834223043197625 0.075399178716114582 -0.018290950885080565
leaf_weight=21 100 23 668 870 23 26 21 1508 27 70 28 48 24 61 22 44 365 753 67 519 51 423 4338 24 4562 42 28 119 20 51 309 137 21 83 73 23 77 61 22 56 56 46 4565 347 23 72 30 144 21 56 348 76 57 304 1071 50 41 35 52 309 122 171
leaf_count=21 100 23 668 870 23 26 21 1508 27 70 28 48 24 61 22 44 365 753 67 519 51 423 4338 24 4562 42 28 119 20 51 309 137 21 83 73 23 77 61 22 56 56 46 4565 347 23 72 30 144 21 56 348 76 57 304 1071 50 41 35 52 309 122 171
internal_value=1.59212e-05 0.00673384 0.0151131 0.0297978 0.042031 0.0345653 0.0838647 0.0220258 -0.0584179 0.0300763 0.110426 0.146917 0.115022 0.18897 -0.000599818 0.0316472 0.111005 -0.00752092 0.0123189 -0.0139526 0.0452286 0.022948 -0.00919173 0.324377 0.00545729 -0.0857209 -0.0194697 -0.0541947 -0.0303432 -0.00983672 -0.0405791 0.0116042 0.0922919 -0.0073728 -0.0731572 -0.000479851 -0.122674 0.14518 -0.0369199 0.0381285 0.0414915 0.0558925 -0.00969224 -0.000946666 0.00457057 -0.0421967 -0.0862709 -0.119742 -0.0389701 -0.108639 0.0657005 0.158407 -0.042221 -0.00412094 0.00448575 0.0242976 0.0311542 -0.0278372 0.0736359 -0.0420154 -0.00104402 -0.0492048
internal_weight=23804 13763 8668 3438 2568 2316 469 1847 197 97 252 202 179 109 70 1650 386 5095 1915 1065 850 546 10041 48 5230 86 3180 690 571 2490 551 242 105 2462 233 2229 160 84 50 1564 479 799 10020 5682 5012 670 323 251 107 77 447 99 83 2178 1874 1162 1112 712 87 625 316 194
internal_count=23804 13763 8668 3438 2568 2316 469 1847 197 97 252 202 179 109 70 1650 386 5095 1915 1065 850 546 10041 48 5230 86 3180 690 571 2490 551 242 105 2462 233 2229 160 84 50 1564 479 799 10020 5682 5012 670 323 251 107 77 447 99 83 2178 1874 1162 1112 712 87 625 316 194
is_linear=0
shrinkage=0.035


Tree=93
num_leaves=63
num_cat=0
split_feature=58 51 0 74 41 36 69 51 41 48 2 55 59 34 56 6 42 3 14 67 21 3 66 19 68 69 15 14 13 79 18 63 19 49 14 6 17 10 48 15 44 76 38 27 29 14 68 45 5 23 53 56 18 23 7 14 21 29 42 72 6 13
split_gain=1174.86 1146.97 1367.49 1360.34 1448.65 1235.36 1195.71 1028.06 1026.72 1010.59 1093.37 1386.51 1007.48 974.237 965.489 952.069 961.654 1087.04 1333.34 1318.5 1246.88 1045.08 949.041 933.847 926.004 1091.06 986.988 981.342 920.311 919.462 1583.35 1219.41 1087.05 917.128 881.466 975.449 1145.48 981.036 865.719 859.268 855.695 832.454 870.806 828.357 807.33 835.306 1025.27 1028.41 902.785 832.658 812.71 984.902 856.137 894.23 805.844 804.58 876.284 811.434 802.415 801.236 796.573 794.865
threshold=1.0000000180025095e-35 72.99813852813854 25.500000000000004 -0.59571503659014968 6.2742946708463956 0.70414907407407423 -14.855639523450995 63.33051282051283 4.8681159420289868 0.47207571977666379 27.763305322128858 106.25849499632425 1.0000000180025095e-35 22.600000000000005 113.50349743375897 21.377155172413797 2.3933982683982689 56.792385057471272 0.71587750000000006 88.276161730519974 12.202040816326532 56.072751322751337 102.90341649444501 6.8523965141612209 10.853606283022261 -5.9417482310063496 7.6510869565217403 0.61080625000000011 23.288018433179726 1.0428540716759609 21.522727272727277 109.25523448465701 6.4037037037037043 0.42015536053130936 0.71451000000000009 20.418859649122812 31.7343137254902 0.54536038961038968 0.73426047563485319 5.5086206896551735 18.054093567251467 0.11957076463557705 23.338095238095239 5.8429276315789478 0.40184523809523814 0.65462202380952395 -19.285103662343335 0.87689393939393956 6.4031250000000011 65.20416666666668 103.02598406809695 103.14840746673949 12.092329545454549 68.113247863247878 0.32636939571150098 0.70901724137931044 11.015151515151517 0.38414642857142861 1.890873015873016 84.818002874767089 17.860389610389614 19.638181818181824
decision_type=2 2 2 2 2 2 2 2 2 2 2 2 2 2 2 2 2 2 2 2 2 2 2 2 2 2 2 2 2 2 2 2 2 2 2 2 2 2 2 2 2 2 2 2 2 2 2 2 2 2 2 2 2 2 2 2 2 2 2 2 2 2
left_child=-1 2 3 4 7 8 -6 -2 22 -7 -11 23 29 59 15 24 21 18 20 -19 -18 -17 40 -12 25 27 -26 -8 34 33 31 39 -33 55 41 -36 37 -37 -14 -31 -4 -10 -43 -40 45 50 48 49 -47 54 51 52 61 -54 -48 -5 -57 -58 -46 -3 -51 -9
right_child=1 13 5 12 6 9 14 44 28 10 11 -13 38 -15 -16 16 17 19 -20 -21 -22 -23 -24 -25 26 -27 -28 -29 -30 30 -32 32 -34 -35 35 36 -38 -39 43 -41 -42 42 -44 -45 58 46 47 -49 -50 60 -52 -53 53 -55 -56 56 57 -59 -60 -61 -62 -63
leaf_value=-0.020073121483327669 -0.15867557555015643 0.015685838626458778 0.070813023154718296 0.022029126935317868 -0.16508890315055849 0.12721809457441172 0.23914256315115026 -0.057713085633983807 -0.059127118907189899 0.019992167295876863 0.33591617113276373 0.0076146488967149158 -0.0064355954650914971 -0.19032672280398283 -0.10565892218422537 0.097629829844958355 -0.23689068065842322 -0.18673013437861827 0.054648322615713979 0.037694405674353934 -0.043547847284814895 -0.11119109297087607 -0.2868522200464157 0.11022337333488903 -0.16119011206998202 -0.082377267173934371 0.056343408000469213 -0.016691512651667635 0.14462199980676724 -0.13246418436883972 0.19616879128834397 0.027632252469535701 0.27020754217325826 -0.11777232773216924 -0.052324487934809143 0.18717633606027395 0.010979338816588836 -0.032129876220914039 0.072988423307571146 -0.0036500701676338838 -0.21056046439880552 -0.028434910764695443 0.12485595778267959 -0.17078117446287952 0.28249756609007376 0.021676271786689759 -0.015338954638459801 -0.20911775277744643 0.27492787292187038 0.081563202173441235 0.066366237410231899 -0.16803301335030307 0.2023213029211218 -0.015433145882664926 -0.26450487377846021 0.16265449172438998 0.037271912861531316 0.2004908050393843 0.048282674484730316 0.085924276729197391 0.0030706189455666877 -0.26893125407313406
leaf_weight=3101 49 4865 34 823 87 157 20 127 411 1080 39 80 4041 27 209 35 60 33 95 752 127 171 28 54 30 781 157 176 54 65 50 60 36 44 124 111 220 32 22 2018 21 121 72 72 21 37 40 27 32 177 70 85 27 144 26 115 376 41 110 207 1472 26
leaf_count=3101 49 4865 34 823 87 157 20 127 411 1080 39 80 4041 27 209 35 60 33 95 752 127 171 28 54 30 781 157 176 54 65 50 60 36 44 124 111 220 32 22 2018 21 121 72 72 21 37 40 27 32 177 70 85 27 144 26 115 376 41 110 207 1472 26
internal_value=1.59082e-05 0.00302553 -0.00168363 -0.00635754 -0.0202044 0.0212845 -0.037759 -0.000775444 -0.0043781 0.0436308 0.033108 0.114673 0.00292328 0.017436 -0.0335407 -0.0273339 -0.00640687 0.00696699 -0.0519126 0.0281427 -0.106068 -0.0755444 -0.122866 0.206196 -0.050205 -0.0638583 0.0210895 0.00993827 0.00425778 0.0163834 0.00242062 -0.00206756 0.119563 0.0386188 -0.00274953 0.0322646 0.0612019 0.138135 -0.00888619 -0.00770222 -0.0374865 -0.0309902 0.0289081 -0.113607 0.00245105 -0.00238975 0.00848227 0.00321986 0.14031 0.0066248 -0.0434679 -0.0623325 -0.0343755 0.0194183 -0.114799 0.0437413 0.0772711 0.0535491 0.0867866 0.0185613 0.0115201 -0.0943883
internal_weight=23804 20703 15604 12966 5203 2638 2733 2470 1228 1410 1253 173 7763 5099 2646 2437 1273 1067 282 785 187 206 83 93 1164 977 187 196 1145 3628 2229 2179 96 1399 1091 487 363 143 4135 2083 55 604 193 94 2421 2290 1811 1742 69 1715 479 409 324 171 66 1355 532 417 131 5072 1649 153
internal_count=23804 20703 15604 12966 5203 2638 2733 2470 1228 1410 1253 173 7763 5099 2646 2437 1273 1067 282 785 187 206 83 93 1164 977 187 196 1145 3628 2229 2179 96 1399 1091 487 363 143 4135 2083 55 604 193 94 2421 2290 1811 1742 69 1715 479 409 324 171 66 1355 532 417 131 5072 1649 153
is_linear=0
shrinkage=0.035


Tree=94
num_leaves=63
num_cat=0
split_feature=81 6 71 49 6 19 3 41 62 4 32 68 44 43 15 74 21 77 34 79 22 49 29 68 18 71 20 22 22 81 26 38 43 60 60 66 71 54 27 55 77 41 30 69 19 36 21 46 15 48 36 23 20 20 55 47 8 11 6 41 37 18
split_gain=1122.96 1236.7 1114.4 1086.03 1032.15 1237.13 1232.86 1020.92 1080.67 1152.01 1036.04 1046.46 985.436 1051.71 965.914 1220.84 940.506 1166.41 935.054 924.288 937.743 924.02 920.962 907.474 1120.86 1011.27 1030.44 1121.98 896.25 1306.25 1124.16 1020.39 959.807 958.153 1100.97 958.097 1026.27 1123.69 913.719 911.536 878.681 871.871 1144.79 870.943 855.213 1223.39 854.598 1241.74 1347.03 1090.8 1080.14 1251.16 963.613 904.134 865.818 1068.57 1059.33 1573.1 949.327 940.324 861.396 898.094
threshold=1.1149706677570528 16.819805194805198 68.540072463768141 0.22842192529692532 22.106203007518801 6.014705882352942 52.115131578947377 7.4220647773279369 104.35529285886201 0.43918350168350173 0.50283771929824572 10.303231823347598 16.278888888888893 13.474937343358398 6.9384469696969706 -10.943624789663899 11.986111111111112 0.9040820058846738 18.603571428571431 1.1354700125733233 19.408249158249163 0.06661232562982046 0.3795 -2.5878382122825054 14.233031674208146 73.962349206349231 2.8702664796633948 16.723180076628356 17.169047619047621 0.86761736026220149 0.48301666666666671 19.605555555555558 20.375000000000004 12.500000000000002 54.500000000000007 116.69116204148251 76.579935897435902 103.96464119976069 10.790570175438598 101.34907919469408 4.6303860977573645 8.468627450980394 21.015151515151519 -11.905510951259755 5.5075757575757587 0.63672556390977453 12.35857142857143 0.16397849462365588 7.3693957115009754 0.5219139258572062 0.66673030303030312 65.672619047619065 2.7679487179487183 6.6870629370629375 95.408591078313776 0.6840762036478486 23.52586206896552 0.57044722222222233 27.907670454545457 4.1715686274509816 7.3169856459330154 12.779513888888891
decision_type=2 2 2 2 2 2 2 2 2 2 2 2 2 2 2 2 2 2 2 2 2 2 2 2 2 2 2 2 2 2 2 2 2 2 2 2 2 2 2 2 2 2 2 2 2 2 2 2 2 2 2 2 2 2 2 2 2 2 2 2 2 2
left_child=2 -2 3 4 19 40 -7 28 14 10 12 16 -10 -14 15 -9 -12 -18 -16 20 -1 -3 43 24 -11 26 27 -25 32 31 35 -30 46 -32 -35 36 38 39 -31 -38 -6 -13 -43 -8 45 -17 53 48 -48 50 52 -52 -49 54 59 56 57 58 -56 -4 -50 -62
right_child=1 21 7 -5 5 6 22 8 9 23 11 41 13 -15 18 44 17 -19 -20 -21 -22 -23 -24 25 -26 -27 -28 -29 29 30 33 -33 -34 34 -36 -37 37 -39 -40 -41 -42 42 -44 -45 -46 -47 47 49 60 -51 51 -53 -54 -55 55 -57 -58 -59 -60 -61 61 -63
leaf_value=-0.022450043078389856 -0.19348769762220547 -0.044672745897812331 -0.10261183463202583 0.069583322185063301 0.026182019142011029 0.17699321183432704 -0.17907061947612879 0.19123064968197848 0.20249039494436843 -0.035507819594705808 0.29256052590067527 -0.050382396329757127 -0.15157472557926177 0.064488988103589634 -0.0085003735383387888 0.23133990749782987 -0.12942365223023952 0.1758834311280672 -0.12146094983852394 -0.1392971026196842 -0.11247063740556784 0.046988761689569863 -0.14595821984151941 -0.0050105938315163695 0.27760916513866851 0.049013731260389298 -0.0006662842935112258 -0.13347581738784167 0.30985383418930906 -0.0010997998951566355 0.13897824883162976 0.060852239590370449 0.26055687271676414 -0.17305235163728602 -0.035956202711026175 0.15046675129795295 0.10643713975371542 0.30524595921588882 0.093221057365521623 -0.10673021863912471 0.23482370226172844 -0.023979993381273393 0.26005657485739825 -0.013707301976254263 -0.1109504225128094 -0.052698046503982084 0.30662585512797036 0.024719133422737665 -0.069632298073460996 0.016892392740786528 -0.16273305865137044 0.0042564924340633111 -0.15460092678155082 -0.15895137974569357 0.031651425328428968 -0.038562355284510699 0.14095002462674819 -0.077249399791191359 0.12420725164585195 0.096305543369008775 -0.046760547096999186 0.20390553788940111
leaf_weight=2221 58 706 31 180 834 34 41 21 21 25 51 69 62 49 3052 22 20 61 92 95 151 166 84 163 31 357 1127 170 22 6020 32 200 20 84 480 54 92 25 128 33 25 33 36 656 305 106 31 50 46 1633 60 600 136 29 1723 265 111 154 147 396 26 52
leaf_count=2221 58 706 31 180 834 34 41 21 21 25 51 69 62 49 3052 22 20 61 92 95 151 166 84 163 31 357 1127 170 22 6020 32 200 20 84 480 54 92 25 128 33 25 33 36 656 305 106 31 50 46 1633 60 600 136 29 1723 265 111 154 147 396 26 52
internal_value=1.54488e-05 -0.0376751 0.0015488 -0.0144578 -0.0181196 0.00309102 -0.0277878 0.00527721 -0.00678591 0.0120925 0.0658137 0.105043 -0.0144956 -0.0563024 -0.0187237 -0.0664193 0.175325 0.100124 -0.0118257 -0.0325114 -0.0282047 -0.0272025 -0.0368148 0.000546066 0.138686 -0.00374646 -0.0166622 -0.0707057 0.0108648 0.00270668 3.29075e-05 0.0861847 0.0214789 -0.0459063 -0.0565162 0.00434715 0.00308189 0.0933804 0.000870791 0.0499321 0.0323914 0.0374019 0.124967 -0.023561 -0.0791293 -0.00314159 0.0205837 0.00620094 0.102143 0.000181362 -0.0320621 -0.0110308 -0.106441 0.0338438 0.0358505 0.0276669 0.0358961 0.0300997 0.0389603 0.0817529 0.0499677 0.12054
internal_weight=23804 930 22874 4321 4141 1674 815 18553 5873 2275 402 270 132 111 3598 454 132 81 3144 2467 2372 872 781 1873 56 1817 1460 333 12680 7170 6948 222 5510 596 564 6352 6298 150 6148 125 859 138 69 697 433 128 5490 2634 155 2479 846 660 186 2856 2827 2400 2135 2024 1870 427 124 78
internal_count=23804 930 22874 4321 4141 1674 815 18553 5873 2275 402 270 132 111 3598 454 132 81 3144 2467 2372 872 781 1873 56 1817 1460 333 12680 7170 6948 222 5510 596 564 6352 6298 150 6148 125 859 138 69 697 433 128 5490 2634 155 2479 846 660 186 2856 2827 2400 2135 2024 1870 427 124 78
is_linear=0
shrinkage=0.035


Tree=95
num_leaves=63
num_cat=0
split_feature=67 1 18 51 0 80 36 25 45 7 11 22 41 10 63 49 17 8 38 51 47 31 63 51 56 47 17 42 82 56 65 8 42 9 67 43 81 7 71 3 79 30 25 36 20 53 53 5 20 16 3 7 6 22 16 63 4 48 72 49 75 8
split_gain=1119.36 1115.4 1336.57 1226.01 1023.35 1001.45 998.191 951.042 950.467 1093.27 1751.37 1230.53 1012.12 1270.24 1149.4 1281.12 1145.68 1135.06 1456.72 963.651 953.491 1088.67 923.617 931.368 912.321 906.844 964.8 1315.42 896.791 882.576 1080.55 1129.22 1002.59 966.717 1101.93 943.172 1549.17 1288.48 1281.4 1324.34 1217.51 1275.08 996.169 963.753 935.059 929.353 916.011 887.844 882.27 874.978 962.79 873.625 997.026 1223.14 870.745 867.32 1005.38 866.941 1385.82 1088.42 1080.37 905.138
threshold=91.043915438817166 63.020833333333336 9.5741758241758266 74.4018181818182 3.5000000000000004 -11.744385340872652 0.60007692307692317 56.945906432748544 0.83095238095238111 0.35426491228070178 0.5622353846153848 20.983870967741939 7.0425724637681171 0.58782105263157913 99.014038964322964 -0.17291765507491305 36.585784313725497 15.67204301075269 22.338541666666668 70.009444444444469 0.57809035780502438 38.561250000000008 107.36066823690751 70.282623655913994 117.31237326468499 0.86692708333333346 35.876893939393945 5.2546296296296306 28.500000000000004 104.67735197864933 0.55265876234611155 20.803846153846155 5.9354166666666677 34.508620689655181 99.52610231492497 12.403703703703707 1.0240422535504583 0.3274045454545455 71.784880952380959 59.137147335423201 1.0515595446056107 20.721111111111114 60.106203007518808 0.72261414392059564 3.7464285714285719 103.6064075442499 108.45552692381872 7.7211111111111119 2.8032258064516133 25.803225806451618 57.550862068965522 0.32245643939393948 19.33908045977012 13.984375000000002 27.264912280701754 93.232549949778317 0.42251315789473692 0.5967902254945866 68.460904408928727 -0.16208370422352061 141.66959672959561 19.492424242424246
decision_type=2 2 2 2 2 2 2 2 2 2 2 2 2 2 2 2 2 2 2 2 2 2 2 2 2 2 2 2 2 2 2 2 2 2 2 2 2 2 2 2 2 2 2 2 2 2 2 2 2 2 2 2 2 2 2 2 2 2 2 2 2 2
left_child=6 2 -2 8 -5 -6 -1 -7 12 11 -11 -10 19 14 15 -14 24 18 22 25 -20 -22 23 -16 55 26 51 -28 -18 30 33 45 35 -21 -35 36 37 42 39 -39 41 49 -31 -41 -44 -32 -42 -43 -47 50 -37 -3 53 -53 -9 56 -17 -36 59 -59 61 -60
right_child=1 3 -4 4 5 7 -8 54 9 10 -12 -13 13 -15 17 16 28 -19 20 29 21 -23 -24 -25 -26 -27 27 -29 -30 32 31 -33 -34 34 57 40 -38 38 -40 43 46 47 44 -45 -46 48 -48 -49 -50 -51 -52 52 -54 -55 -56 -57 -58 58 60 -61 -62 -63
leaf_value=-0.23155794722916651 0.030147399799272147 0.022551206811189124 -0.048389019527409941 -0.01848508621770063 0.1024258478703518 0.17082663318255079 -0.028501538835472271 0.015822578053763831 0.059006574644384073 -0.053861557593484759 0.040931042286108069 -0.11687087227881536 -0.11096573532101273 -0.12503744949771481 0.1311444378637556 0.12268582567798941 0.065676029775789874 -0.03154658846604147 0.1455715503778405 -0.012019651417286146 -0.072872123103392764 0.21362785396603653 -0.23379942394964032 -0.12278713391835491 -0.14399845294301045 0.15901956416013435 -0.033903063152477188 -0.26832046867442916 0.30690514774293437 0.29569277736186983 -0.041856046955572705 -0.20096625591694625 -0.1575059042769556 0.1772339398928654 0.013961455226099002 -0.22850802122814617 0.1602106646564645 -0.0072124875629152874 -0.060402130362245121 0.051062985592577839 0.10376138606663413 0.017737590667813326 0.1837527616832216 0.28715188168273886 -0.11989149923657264 0.12409672543793422 0.01295857004468297 -0.25988599498298243 -0.0073743530814294467 0.069683430275819414 -0.014120451418097943 0.20560260030693484 -0.0018468277227197685 -0.056846065740595003 0.088226183983676987 0.026732410095010071 -0.067045650454495856 0.0020050942558188772 0.03048910137124964 0.30118788250470624 0.1026400998960523 -0.20001873467217632
leaf_weight=30 355 1353 1048 575 232 54 1098 2091 916 445 514 51 99 126 33 39 250 2961 135 870 66 21 30 37 48 40 775 30 20 37 649 43 32 63 1102 28 177 116 171 41 249 21 29 44 21 90 300 42 202 146 259 22 3178 666 225 966 256 21 55 51 127 33
leaf_count=30 355 1353 1048 575 232 54 1098 2091 916 445 514 51 99 126 33 39 250 2961 135 870 66 21 30 37 48 40 775 30 20 37 649 43 32 63 1102 28 177 116 171 41 249 21 29 44 21 90 300 42 202 146 259 22 3178 666 225 966 256 21 55 51 127 33
internal_value=1.62739e-05 0.00170952 -0.0285109 0.0037034 0.0237548 0.0330922 -0.0340053 0.0262835 0.000182357 0.0234212 -0.00305659 0.0496715 -0.00258603 -0.0155103 -0.0127154 0.0108455 0.0185177 -0.0247587 0.0376012 0.0033462 0.0875144 -0.0028514 -0.0730553 -0.0029458 0.00496245 -0.00604242 -0.00715213 -0.0428046 0.0840921 0.0146898 0.00412206 -0.026606 0.0350757 0.0171482 0.0346253 0.0387896 0.0723811 0.0383671 0.00991853 0.0697624 0.0183172 -0.0214137 0.159217 0.174279 0.0562285 -0.0185322 0.0542057 -0.167879 0.0332785 5.7409e-05 -0.0354095 -0.00164871 -0.0101208 -0.0483055 0.0228756 0.0106903 -0.0417855 0.0280931 0.0822241 0.21459 0.0374855 -0.0565535
internal_weight=23804 22676 1403 21273 3177 2602 1128 2370 18096 1926 959 967 16170 5087 4961 1678 1579 3283 322 11083 222 87 100 70 1309 6064 6024 805 270 5019 3306 984 1713 2322 1452 1681 636 459 372 201 1045 496 87 85 50 941 549 63 292 433 287 5219 3866 688 2316 1261 295 1389 287 72 215 88
internal_count=23804 22676 1403 21273 3177 2602 1128 2370 18096 1926 959 967 16170 5087 4961 1678 1579 3283 322 11083 222 87 100 70 1309 6064 6024 805 270 5019 3306 984 1713 2322 1452 1681 636 459 372 201 1045 496 87 85 50 941 549 63 292 433 287 5219 3866 688 2316 1261 295 1389 287 72 215 88
is_linear=0
shrinkage=0.035


Tree=96
num_leaves=63
num_cat=0
split_feature=58 3 65 51 22 15 7 43 5 28 35 16 35 33 31 37 32 35 16 75 7 21 54 21 7 35 81 35 45 71 17 34 11 44 75 20 19 43 42 9 19 17 40 67 1 28 56 26 73 3 72 31 55 28 14 43 40 37 37 71 45 22
split_gain=1066.58 1035.46 886.923 872.648 977.012 1052.4 1122.88 1433.38 1100.28 1060.7 888.851 1061.23 874.799 1817.98 1111.41 1155.65 1136.23 1121.66 1257.79 1069.64 1142.63 1134.42 997.91 1533.11 978.951 1174.22 975.192 924.268 1026.47 1087.63 877.572 863.83 1001.13 851.519 850.32 833.17 832.361 830.737 828.124 817.347 1037.7 1774.29 1329.31 922.279 909.171 1327.06 1182.99 838.294 827.487 955.327 806.941 801.067 1166.19 979.579 1687.54 1088.42 930.149 886.965 797.68 797.586 796.749 792.778
threshold=1.0000000180025095e-35 54.508620689655181 0.96642390384551813 74.753500000000017 15.859126984126986 6.2540322580645169 0.34434166666666671 13.106203007518799 6.2540322580645169 21.717142857142861 10.607692307692309 23.721111111111114 17.203448275862073 0.59775500000000015 46.020833333333336 7.5080645161290329 0.47590660919540234 21.207614942528739 21.014705882352946 154.2115069455634 0.38501562500000003 10.877500000000003 84.284981602451907 12.33854166666667 0.32152086956521736 17.160645161290326 0.86761736026220149 17.483314794215797 0.71198156682027658 69.174724637681166 36.015625000000007 14.288018433179726 0.47967204301075278 18.192928039702238 129.94626909621365 5.7290209790209801 11.816666666666668 16.340579710144933 1.8596059113300494 37.984848484848492 6.8198051948051956 37.121323529411775 10.765686274509806 91.043915438817166 78.140394088669964 23.220486111111114 109.93335693679541 0.45114550264550274 65.420428549667761 63.507575757575772 81.25390074784174 32.114379084967332 106.41871700362616 20.254629629629633 0.73136931818181827 11.626785714285715 14.803846153846157 8.6715686274509824 9.118823529411765 71.053188405797115 0.69098143236074283 17.316985645933016
decision_type=2 2 2 2 2 2 2 2 2 2 2 2 2 2 2 2 2 2 2 2 2 2 2 2 2 2 2 2 2 2 2 2 2 2 2 2 2 2 2 2 2 2 2 2 2 2 2 2 2 2 2 2 2 2 2 2 2 2 2 2 2 2
left_child=-1 50 3 4 -3 6 7 8 -6 -8 11 -7 13 24 15 27 17 18 33 20 39 60 23 -20 26 34 -12 28 29 -14 31 -19 -33 -17 -26 36 -5 -28 59 40 42 48 -18 -44 46 -46 -45 -43 -42 -50 -2 52 57 56 -55 -56 -53 -41 -11 -24 -21 -37
right_child=1 2 -4 35 5 10 9 -9 -10 58 12 -13 14 -15 -16 16 19 30 22 21 -22 -23 38 -25 25 -27 37 -29 -30 -31 -32 32 -34 -35 -36 61 -38 -39 -40 51 41 47 43 44 45 -47 -48 -49 49 -51 -52 53 -54 54 55 -57 -58 -59 -60 -61 -62 -63
leaf_value=-0.019124658220358304 -0.020870838810608344 0.01874329278623196 -0.13399221378027859 0.034103028613607166 0.29810045506787858 0.27516750125904554 0.1897993805091738 -0.12533637998139621 0.016633648810242162 -0.029467967692589921 0.1747959025996573 0.011986343463186663 0.024259594588002691 -0.28688067155587871 0.18103681090859808 0.29064459120397329 -0.1980127866800549 0.1310991272051284 -0.10555444926439332 -0.21217364986901044 -0.10576724791052487 0.030728933039245409 0.0030186585358210976 0.24098301574231215 -0.11400302218576991 -0.21941614032604481 0.009752419366357715 0.037948476564320995 0.11337547472775994 -0.22819844056682173 0.07534695280823886 -0.22667563882151853 -0.047833451419738972 0.044592093553807999 -0.020289284471452063 -0.11574426621097232 -0.15629637177366962 -0.1477854123574846 0.011124020008349765 0.071544458462113755 0.2333786946215281 0.38388173371933876 -0.1731431822883949 -0.011504479603801352 -0.011873993119597434 -0.29716964192705658 0.14168430798240575 0.080691142039828828 0.00056225828064664074 0.19716849008533693 0.18103837152889801 -0.093824395035776498 -0.24827519067724546 0.020619691541237491 -0.30259353396043942 -0.063323260188595062 0.027081992445560886 -0.14710141247470854 0.18264822455996374 0.27494817972991431 -0.020245143416651921 0.031493922358213453
leaf_weight=3101 2362 3759 55 2192 21 30 103 75 82 75 42 49 35 30 42 39 51 23 21 39 188 949 24 58 124 38 1164 1331 29 51 65 51 152 31 2530 95 28 42 862 44 20 23 44 1079 52 32 65 22 780 31 24 376 52 612 29 113 98 46 30 29 81 84
leaf_count=3101 2362 3759 55 2192 21 30 103 75 82 75 42 49 35 30 42 39 51 23 21 39 188 949 24 58 124 38 1164 1331 29 51 65 51 152 31 2530 95 28 42 862 44 20 23 44 1079 52 32 65 22 780 31 24 376 52 612 29 113 98 46 30 29 81 84
internal_value=1.62762e-05 0.00288386 0.00570918 0.00613377 0.00315781 -0.00168268 0.0551416 -0.00938073 0.0752168 0.110265 -0.00355708 0.113075 -0.00435385 -0.0176892 0.00254972 0.00155457 -0.0050351 0.0232787 0.039931 -0.0129871 -0.0217765 0.0178955 0.0297783 0.148737 -0.0156025 -0.02748 0.0100157 0.0297169 -0.0652764 -0.125867 -0.0375603 -0.0701438 -0.093228 0.182817 -0.0246897 0.0258056 0.0316654 0.00420415 0.0194281 -0.017337 -0.0041123 0.0254246 -0.0236745 -0.0166067 -0.0109269 -0.121715 -0.00273942 0.238248 0.0137594 0.00819858 -0.0188009 -0.0385523 -0.117129 -0.0294192 -0.00461781 -0.113103 -0.0688173 -0.0403645 0.0316819 0.153055 -0.0832725 -0.0467345
internal_weight=23804 20703 18317 18262 15863 12104 386 178 103 208 11718 79 11639 3970 7669 7627 6181 1355 1064 4826 3757 1069 994 79 3940 2692 1248 1446 115 86 291 226 203 70 2654 2399 2220 1206 915 3569 2199 876 1323 1272 1228 84 1144 45 831 811 2386 1370 142 1228 754 142 474 90 105 53 120 179
internal_count=23804 20703 18317 18262 15863 12104 386 178 103 208 11718 79 11639 3970 7669 7627 6181 1355 1064 4826 3757 1069 994 79 3940 2692 1248 1446 115 86 291 226 203 70 2654 2399 2220 1206 915 3569 2199 876 1323 1272 1228 84 1144 45 831 811 2386 1370 142 1228 754 142 474 90 105 53 120 179
is_linear=0
shrinkage=0.035


Tree=97
num_leaves=63
num_cat=0
split_feature=51 53 13 72 3 48 20 25 65 7 13 3 48 50 48 10 11 48 17 25 22 17 67 79 74 13 39 31 75 46 66 46 49 45 7 19 70 11 39 73 12 23 16 6 25 32 17 55 75 74 38 74 53 2 47 21 30 48 30 0 38 32
split_gain=1036.56 1492.46 1093 876.041 909.284 987.585 900.833 884.939 876.345 1084.88 1055.71 935.114 946.28 1001.05 917.318 914.681 981.463 939.787 1264.61 902.75 915.694 980.73 959.339 1171.19 997.704 930.843 1264.45 1068.08 1017.02 913.949 879.554 879.12 1391.61 904.056 950.416 1238.05 992.777 1140.14 928.392 1192.59 919.704 1234.7 1242.4 1354.5 862.719 932.479 1119.58 867.68 1244.01 862.215 859.409 846.232 842.491 822.985 845.024 813.223 811.675 1141.55 954.91 979.715 1011.97 930.921
threshold=66.186018099547525 118.60815699224389 14.462912087912089 82.694217398536964 58.295206971677565 0.72974917799697869 0.95000000000000007 69.816666666666677 0.92018966662698509 0.36859166666666671 20.491379310344829 54.508620689655181 0.60916328207395598 74.726190476190496 0.62210963456094792 0.47302173913043483 0.52258712121212125 0.64213151908693267 35.506410256410263 70.54411764705884 15.859126984126986 40.292857142857152 110.35846109932652 1.1489454622265758 -7.7303879168740286 20.491379310344829 34.425824175824182 34.491935483870975 147.41894288220672 0.16397849462365588 118.15866229199051 0.85912698412698429 0.18888518877779722 0.067816091954022953 0.35426491228070178 7.0142857142857151 8.0975674456698901 0.50150862068965529 29.94868421052632 71.922932295832155 11.015625000000002 64.672619047619065 27.467708333333338 20.25403225806452 60.677995391705075 0.53201470588235311 31.792385057471268 98.923080108971632 133.40216628243945 -1.4069808641085968 23.836021505376348 5.853319624048706 111.006106788152 30.507142857142863 0.35307165535613816 15.982758620689657 20.262013729977117 0.58530808951789814 20.063508064516132 8.5000000000000018 23.288018433179726 0.47944097222222226
decision_type=2 2 2 2 2 2 2 2 2 2 2 2 2 2 2 2 2 2 2 2 2 2 2 2 2 2 2 2 2 2 2 2 2 2 2 2 2 2 2 2 2 2 2 2 2 2 2 2 2 2 2 2 2 2 2 2 2 2 2 2 2 2
left_child=1 2 49 6 55 7 -2 -6 11 15 -11 12 13 56 -14 -10 -17 18 -18 20 21 25 30 24 -24 29 -27 28 -28 -13 -22 33 -33 -31 35 40 37 -36 -38 -40 41 -35 43 -43 45 47 -47 -16 -49 -1 -32 -3 -29 54 -4 -5 57 58 59 -8 -61 -62
right_child=3 51 53 4 5 -7 8 -9 9 10 -12 19 14 -15 44 16 17 -19 -20 -21 22 -23 23 -25 -26 26 27 52 -30 31 50 32 -34 34 36 -37 38 -39 39 -41 -42 42 -44 -45 -46 46 -48 48 -50 -51 -52 -53 -54 -55 -56 -57 -58 -59 -60 60 61 -63
leaf_value=-0.2044095790189292 0.11824052033109485 0.34049331203902644 0.17599759515632282 -0.099783246261102188 0.054575983524898009 -0.068283922266191663 0.04662007089067393 0.27317788172021829 0.10076169423233401 -0.2178451606654529 0.068694354132908156 0.096396775818582484 0.1089756225175891 -0.27646332406125423 -0.062753096752936915 -0.077251237992430527 -0.14727580700382109 0.15357309131423633 0.17242261572413978 -0.10491675884957249 -0.0033805887829480067 -0.068503377679432195 0.18867452829214468 0.15564383503903043 0.014312847157774207 0.10357002977198798 -0.02698924509594415 -0.08717009685973251 0.29043355201831406 -0.2002823153359487 -0.039177514848444193 0.1547493636527382 -0.091444718534151717 0.21269915727170616 0.1460015675429209 -0.01282911277553128 0.20834084639341938 -0.044277306634977247 -0.026524607851864664 0.13463474782191071 0.069793637810906958 -0.15351034812266415 -0.2770378252471366 0.031103788698916359 0.062166455074579414 -0.18881390389706357 0.019822527980804448 0.27952533166987059 0.01717445260862158 -0.048925720315443601 0.23685471302270894 0.030324620056659618 0.082279252854260548 -0.15232933557626949 -0.01981075058967012 0.14354399448197064 -0.080075450642604115 -0.10739583529493871 0.21896104899115035 -0.073758689212346545 0.094360055750804334 -0.021001560372157085
leaf_weight=73 79 20 27 94 697 79 275 23 64 70 20 162 106 20 139 279 46 52 22 92 12327 150 41 82 1295 363 23 131 26 25 22 113 37 32 40 684 34 816 212 76 747 57 20 317 184 79 52 25 169 109 36 23 49 56 1482 20 324 156 22 365 106 438
leaf_count=73 79 20 27 94 697 79 275 23 64 70 20 162 106 20 139 279 46 52 22 92 12327 150 41 82 1295 363 23 131 26 25 22 113 37 32 40 684 34 816 212 76 747 57 20 317 184 79 52 25 169 109 36 23 49 56 1482 20 324 156 22 365 106 438
internal_value=1.5843e-05 -0.0255933 -0.0306292 0.00209887 0.0356552 0.0488529 0.000645972 0.0617487 0.000201087 -0.0432551 -0.154103 0.00137632 -0.0188621 -0.033291 0.0137807 -0.0215573 -0.0412877 0.042272 -0.0432893 0.00414149 0.00470459 0.0191968 0.000384388 0.0276489 0.019735 0.0225245 0.0629872 -0.00141308 0.142601 0.0154114 -0.00273792 0.0113088 0.0938962 0.00724459 0.00898789 0.0245856 -0.0155974 -0.0353016 0.0367468 0.0161511 0.046402 0.00534245 -0.0117381 0.00279068 -0.00185798 -0.0272941 -0.106209 0.0038528 0.0516322 -0.111698 0.132653 0.176925 -0.0409227 -0.0211665 -0.0162478 -0.0566233 -0.0303232 -0.0184603 -0.00691354 -0.0112041 -0.0287176 0.00153657
internal_weight=23804 1790 1747 22014 913 799 21101 720 21022 553 90 20469 2460 1706 754 463 399 120 68 18009 17917 4114 13803 1418 1336 3964 592 229 49 3372 12385 3210 150 3060 3035 1857 1178 856 322 288 1173 426 394 374 648 464 131 333 194 182 58 43 180 1565 1509 114 1686 1362 1206 1184 909 544
internal_count=23804 1790 1747 22014 913 799 21101 720 21022 553 90 20469 2460 1706 754 463 399 120 68 18009 17917 4114 13803 1418 1336 3964 592 229 49 3372 12385 3210 150 3060 3035 1857 1178 856 322 288 1173 426 394 374 648 464 131 333 194 182 58 43 180 1565 1509 114 1686 1362 1206 1184 909 544
is_linear=0
shrinkage=0.035


Tree=98
num_leaves=63
num_cat=0
split_feature=67 1 18 51 41 18 10 10 22 40 17 49 16 37 43 43 44 44 26 13 13 20 20 77 64 22 43 75 43 79 4 34 41 27 8 20 72 81 30 52 34 31 3 19 39 42 55 72 30 63 70 18 62 70 29 69 20 66 51 70 72 19
split_gain=998.841 986.62 1226.85 1072.97 989.301 941.315 1084.25 1687.77 883.841 876.89 1282.84 1019.59 954.458 967.522 1094.74 889.552 1134.48 976.236 863.868 858.22 1039.6 979.328 853.671 1123.44 1144.27 968.765 954.046 1039.41 1011.87 958.566 993.921 933.064 865.509 916.356 907.237 1063.37 1666.4 1093.12 1619.01 1144.13 1042.3 1539.57 1029.89 1136.5 1049.04 1178.91 1121.25 1005.95 994.41 947.612 1041.96 968.888 1042.28 890.051 888.62 972.796 881.887 1029.23 861.57 852.851 838.228 1304.9
threshold=91.043915438817166 63.020833333333336 9.5741758241758266 74.4018181818182 8.3385416666666696 12.015151515151517 0.49001851851851858 0.51983974358974372 19.377155172413797 15.60357142857143 33.984848484848492 0.06661232562982046 28.338541666666668 13.21111111111111 14.803846153846157 13.403703703703707 17.072751322751326 17.876893939393941 0.43301562500000007 18.672043010752692 18.131884057971018 2.6381818181818182 4.8681159420289868 1.0799543219630268 44.500000000000007 18.836021505376348 12.716517857142859 141.77608086433546 13.60357142857143 1.0411027535416146 0.45189087301587305 11.442222222222224 6.6485294117647067 12.020833333333334 15.67204301075269 3.0151515151515156 71.271662203576668 0.89597034629662164 18.701851851851853 3.9681904761904723 14.232051282051282 38.339080459770123 65.015625000000014 8.5086206896551744 33.28801843317973 2.4791304347826091 103.27029967950254 64.272348782979179 21.169540229885062 109.14045552448351 6.5886121367567521 14.754310344827589 97.026138472815305 19.368848223985356 0.29631789473684217 2.941215378147398 4.4031250000000011 97.42066309601671 72.99813852813854 1.950052397908401 78.367159635930051 5.2540322580645169
decision_type=2 2 2 2 2 2 2 2 2 2 2 2 2 2 2 2 2 2 2 2 2 2 2 2 2 2 2 2 2 2 2 2 2 2 2 2 2 2 2 2 2 2 2 2 2 2 2 2 2 2 2 2 2 2 2 2 2 2 2 2 2 2
left_child=5 2 -2 8 9 -1 -7 18 22 12 11 -11 13 60 -15 16 -12 -18 -8 20 -9 -21 32 -24 -25 26 27 -26 29 30 -28 -29 33 54 40 37 58 38 -36 47 49 -42 43 56 45 -45 -46 -39 -41 50 51 52 -34 -49 55 -3 -38 -58 -37 -20 -5 -62
right_child=1 3 -4 4 -6 6 7 19 -10 10 15 -13 -14 14 -16 -17 17 -19 59 21 -22 -23 23 24 25 -27 28 31 -30 -31 -32 -33 34 -35 35 36 42 39 -40 48 41 -43 -44 44 46 -47 -48 53 -50 -51 -52 -53 -54 -55 -56 -57 57 -59 -60 -61 61 -63
leaf_value=-0.11092134608073179 0.029392028965632287 0.064912133925653176 -0.045851273809600065 0.046850488390251861 -0.0054850298660123527 0.05359168679593948 -0.22434491413259505 0.026528017894163602 -0.017879663086954725 -0.095155759386080688 -0.019797962191284345 0.047666703311204921 -0.041010887894340341 0.070989215828651614 -0.28285750140873506 -0.0097999555723522098 0.3941397872275777 0.12239966989193507 -0.15755459944685998 -0.21578162247387334 0.27477628314495089 -0.015596500790781448 -0.0096519038124410622 0.25600550674067607 0.15513399387938637 0.15565464195653178 0.16927664509109439 -0.050109555160355687 0.039137686626709009 -0.1176669532952303 -0.092796388922178244 0.072741813813659059 0.095251877371452562 0.15674405740511299 -0.056890894371465502 -0.047689914632066295 0.036259914769901584 0.16735046458748026 -0.40286741871529436 -0.10901942725615862 0.037707597508585669 0.30075706402405544 0.11720269274315133 -0.19022753979143553 -0.28053145472502999 0.051119162882386521 -0.053981951663675518 -0.016690590801421604 0.12843790243027062 -0.10620579444563816 0.1609818687155247 0.17879143548674056 -0.084104121977414528 -0.16282403841217361 0.0034032343397379888 -0.038897738364853648 0.13835081445476782 -0.061949508595150825 0.061413606863033959 -0.010391482571988773 0.2965377383489668 0.084824850866137766
leaf_weight=159 355 566 1048 1051 1053 199 62 173 2800 204 46 87 131 21 21 131 22 61 85 33 23 283 662 31 122 84 36 106 297 132 34 262 56 50 57 891 1272 35 23 277 84 40 122 30 40 132 80 1879 23 73 62 31 133 52 7025 137 36 226 98 111 40 309
leaf_count=159 355 566 1048 1051 1053 199 62 173 2800 204 46 87 131 21 21 131 22 61 85 33 23 283 662 31 122 84 36 106 297 132 34 262 56 50 57 891 1272 35 23 277 84 40 122 30 40 132 80 1879 23 73 62 31 133 52 7025 137 36 226 98 111 40 309
internal_value=1.6502e-05 0.001616 -0.0268063 0.00349127 0.0222495 -0.0321214 -0.0191372 -0.0379605 0.000197293 0.0359989 -0.001992 -0.0524357 0.0493052 0.0575239 -0.107098 0.054445 0.119499 0.196398 -0.110863 -0.00114525 0.0563021 -0.0368208 0.00350706 0.0263899 0.0479997 0.0418705 0.032129 0.066793 -0.00193551 -0.0622901 0.042179 0.0373258 0.000519161 0.00813175 -0.00977397 -0.0139648 0.000106156 -0.0315182 -0.158287 -0.0270072 0.036319 0.123457 0.0189719 0.0123404 -0.0521742 0.00595599 -0.130378 -0.0172781 -0.0906193 0.00574121 0.0348695 -0.000939859 -0.030832 -0.0206688 0.0071597 0.0446635 0.0242157 -0.0342029 -0.0368497 -0.0744685 0.0625015 0.109489
internal_weight=23804 22676 1403 21273 3177 1128 969 770 18096 2124 551 291 1573 1442 42 260 129 83 258 512 196 316 15296 1766 1104 1073 989 490 499 202 70 368 13530 7778 5752 5273 2927 2346 80 2266 479 124 1938 1816 282 162 120 1966 300 355 282 220 189 1931 7728 703 1534 262 989 196 1400 349
internal_count=23804 22676 1403 21273 3177 1128 969 770 18096 2124 551 291 1573 1442 42 260 129 83 258 512 196 316 15296 1766 1104 1073 989 490 499 202 70 368 13530 7778 5752 5273 2927 2346 80 2266 479 124 1938 1816 282 162 120 1966 300 355 282 220 189 1931 7728 703 1534 262 989 196 1400 349
is_linear=0
shrinkage=0.035


Tree=99
num_leaves=63
num_cat=0
split_feature=58 0 51 74 67 72 15 37 43 53 44 75 22 59 82 19 34 63 18 68 43 20 51 48 4 52 68 24 48 67 75 37 27 22 56 20 40 6 8 15 46 60 10 15 47 55 69 32 42 46 66 38 49 3 44 8 19 36 40 67 14 62
split_gain=983.316 957.137 1210.69 1116.95 1076 1300.79 1210.42 971.452 1804.65 932.745 923.619 893.409 1075.3 888.667 910.739 865.541 864.371 855.803 837.805 970.092 1213.06 1044.71 828.375 796.275 791.363 1102 1166.74 790.825 789.452 782.895 928.33 1369.53 818.68 869.282 980.573 1000.74 1516.97 945.657 856.298 1064.07 1075.87 1040.1 1059.58 939.904 1094.05 1151.45 904.882 1085.45 1247.73 919.034 947.021 885.348 1072.22 1047.45 883.221 858.61 1079.08 937.93 854.219 1129.76 836.065 823.844
threshold=1.0000000180025095e-35 25.500000000000004 72.99813852813854 -0.59571503659014968 107.55730062545051 76.809665385437256 5.386752136752138 8.6273148148148167 15.113247863247866 102.28056776012973 17.403125000000003 127.61621151001395 20.016666666666669 1.0000000180025095e-35 -23.499999999999996 5.2742946708463956 22.600000000000005 117.42854873592951 21.522727272727277 2.3079571652282458 17.017857142857146 2.9660919540229891 63.33051282051283 0.26614583333333336 0.46014039408866997 2.0721204013377919 -0.65392363956079425 25.456439393939394 0.73426047563485319 90.766629354396017 167.66591975249088 8.9848484848484862 9.644009216589863 17.131884057971018 88.507348737418837 5.7290209790209801 14.274294670846396 31.021739130434785 16.338541666666668 8.1348484848484865 0.74642857142857155 146.50000000000003 0.50045643939393958 8.2034482758620708 0.65447835709801416 95.155690418235437 -4.5725651479388452 0.4742277777777778 2.2880184331797238 0.35092592592592592 98.35936309341291 27.204166666666669 0.032261161017933707 58.253571428571441 21.297058823529415 21.267948717948723 6.734313725490197 0.70371714285714304 13.901612903225809 103.68716690087702 0.77786666666666682 109.99468568855102
decision_type=2 2 2 2 2 2 2 2 2 2 2 2 2 2 2 2 2 2 2 2 2 2 2 2 2 2 2 2 2 2 2 2 2 2 2 2 2 2 2 2 2 2 2 2 2 2 2 2 2 2 2 2 2 2 2 2 2 2 2 2 2 2
left_child=-1 2 3 17 5 6 -3 11 -9 -7 27 -6 24 14 18 -12 29 22 19 20 -5 -22 -2 -16 -13 26 -26 -11 -15 -4 32 -32 33 34 -31 60 -37 38 43 46 55 42 -42 44 45 -35 47 -40 -49 -50 -51 52 -48 -53 -45 57 -57 -41 -47 -60 -36 -62
right_child=1 4 16 13 7 9 -8 8 -10 10 15 12 -14 28 23 -17 -18 -19 -20 -21 21 -23 -24 -25 25 -27 -28 -29 -30 30 31 -33 -34 37 35 36 -38 -39 39 40 41 -43 -44 54 -46 58 51 48 49 50 -52 53 -54 -55 -56 56 -58 -59 59 -61 61 -63
leaf_value=-0.018362069967923896 -0.13179932134330663 0.23840429386070799 -0.06522097067526969 0.026988702214122726 -0.15642796167877857 0.23866805655039278 -0.0093234340282351176 0.075707834410456698 0.35352611874892159 0.1791152184801901 -0.19406415528621315 0.080141038300812859 -0.14435795313477109 -0.0062194133471803227 -0.16388665128308674 0.018407935088563525 -0.18067848538051953 -0.22918845426275378 0.14124173710064605 -0.021546131498800546 0.028500345715609464 -0.26348943554465454 -0.015750725663000103 0.051898173957141212 -0.030833870003141205 -0.20580557620720788 0.26279155523000763 0.047824957268584774 -0.10856182656547538 -0.032252830764367808 -0.073964048451847522 0.20129761762492704 0.052120873565787706 0.30665980707650836 0.041220498998434371 0.048597348063147597 -0.23324913945982728 -0.1743798452699675 -0.0093755264334818896 -0.028380679898418585 0.18483682281374936 -0.17257259741889328 -0.069371138710303606 0.021040845596481526 -0.070656776291529361 -0.020636976901814343 -0.035425774513238251 0.035668569697274111 -0.37606925937202246 -0.040441627171177136 -0.27009608758455039 -0.21929472989254986 0.13440726617615797 0.084949165044579569 -0.19279474104317756 0.22483043757175106 0.03842980066877049 0.047782962600482648 0.0027257180900897011 0.2921523522870107 0.20428336563687416 0.001945406686769773
leaf_weight=3101 76 24 140 1490 30 32 1746 247 32 83 26 344 36 4041 21 206 27 23 54 1161 27 33 5104 842 72 30 21 174 94 261 31 75 659 38 1093 57 39 39 93 483 27 75 74 169 37 52 122 31 31 45 43 43 72 20 27 49 166 335 29 38 78 36
leaf_count=3101 76 24 140 1490 30 32 1746 247 32 83 26 344 36 4041 21 206 27 23 54 1161 27 33 5104 842 72 30 21 174 94 261 31 75 659 38 1093 57 39 39 93 483 27 75 74 169 37 52 122 31 31 45 43 43 72 20 27 49 166 335 29 38 78 36
internal_value=1.65565e-05 0.00276995 -0.000389962 -0.00587803 0.020691 0.00841429 -0.00589606 0.0552982 0.10816 0.0569968 0.0448695 0.0275454 0.0386693 0.00253161 0.0151732 -0.00575467 0.014964 -0.0184251 0.00537167 0.00263846 0.0207569 -0.132887 -0.0174666 0.0465514 0.0529253 -0.0231782 0.036482 0.0905051 -0.00855963 0.0161308 0.0186882 0.120794 0.016192 0.00978916 0.0296147 0.0420175 -0.0664818 -0.00471564 -0.00152079 -0.0122039 0.00555802 -0.0743024 -0.000804307 0.0452399 0.0997512 0.14003 -0.0551219 -0.103472 -0.161564 -0.212908 -0.153591 -0.00927959 0.0277705 -0.122746 -0.0088139 0.0191972 0.0813511 0.00281689 0.0857308 0.167878 0.050674 0.140705
internal_weight=23804 20703 17600 12966 3103 2291 1770 812 279 521 489 533 503 7763 3628 232 4634 5203 2765 2711 1550 60 5180 863 467 123 93 257 4135 4607 4467 106 4361 3702 1564 1303 96 2138 2099 1709 1209 176 101 390 194 157 500 243 150 119 88 257 194 63 196 1033 215 818 119 67 1207 114
internal_count=23804 20703 17600 12966 3103 2291 1770 812 279 521 489 533 503 7763 3628 232 4634 5203 2765 2711 1550 60 5180 863 467 123 93 257 4135 4607 4467 106 4361 3702 1564 1303 96 2138 2099 1709 1209 176 101 390 194 157 500 243 150 119 88 257 194 63 196 1033 215 818 119 67 1207 114
is_linear=0
shrinkage=0.035


Tree=100
num_leaves=63
num_cat=0
split_feature=81 71 49 41 15 22 32 10 15 19 32 35 39 60 26 7 68 45 2 55 71 13 34 23 8 48 19 44 8 3 82 3 1 35 39 63 34 34 80 17 11 77 36 10 7 34 39 16 33 33 18 48 43 49 9 27 11 49 8 16 67 20
split_gain=929.686 867.274 1007.97 883.993 924.821 1143.08 1236.61 1386.06 1270.16 1251.98 1083.54 1028.91 1060.39 1024.55 1005.46 994.255 1049.44 967.663 965.415 1170.91 974.388 936.791 916.609 1031.06 1254.63 907.934 882.324 1062.57 999.997 844.036 893.44 835.988 842.303 834.294 1040.07 1234.61 966.617 938.43 1328.7 1069.36 1039.9 1083.09 1167.18 997.93 963.624 880.993 947.534 1223.11 867.987 1806.28 853.43 830.47 946.115 829.762 812.883 852.207 834.566 1183.51 809.164 805.932 792.336 780.1
threshold=1.1149706677570528 68.540072463768141 0.22842192529692532 7.4220647773279369 9.4031250000000011 20.016666666666669 0.49778174603174613 0.50250862068965529 9.5075757575757596 6.3771551724137945 0.52902777777777787 24.807071960297769 36.338095238095242 14.500000000000002 0.4413266666666667 0.37067928571428571 4.2646789565103953 0.93440860215053767 24.951190476190479 99.177441451767976 73.799267676767684 21.396428571428576 16.929802955665028 77.819805194805198 19.729020979020984 0.61020011947431319 5.7119815668202776 16.492424242424246 13.434285714285716 57.215838509316775 -84.499999999999986 59.945906432748544 78.617216117216131 14.289915966386557 32.630604288499029 90.984064092884225 9.5080645161290338 11.661458333333334 -3.324433616943494 35.924501424501429 0.46712916666666671 1.048256459238335 0.63672556390977453 0.52069615384615398 0.26090625000000001 9.0156250000000018 31.338541666666668 23.989795918367353 0.5551794871794874 0.550451388888889 12.1225 0.41290223969878276 12.786796536796539 -0.03577072205028204 42.949874686716797 5.0161290322580649 0.46159310344827587 0.06661232562982046 17.229020979020984 17.854166666666668 96.192811622472917 2.2529069767441867
decision_type=2 2 2 2 2 2 2 2 2 2 2 2 2 2 2 2 2 2 2 2 2 2 2 2 2 2 2 2 2 2 2 2 2 2 2 2 2 2 2 2 2 2 2 2 2 2 2 2 2 2 2 2 2 2 2 2 2 2 2 2 2 2
left_child=1 2 -1 33 10 6 14 15 -9 29 13 -12 -13 -5 17 16 18 -6 -8 -20 -21 -16 23 -11 -25 -18 27 61 -29 -10 -31 -30 -33 34 36 -36 45 38 39 40 -35 -42 -43 -41 -40 46 -3 -48 49 -46 -44 -4 -53 -17 55 -2 -57 -58 -47 -39 -37 -15
right_child=54 3 51 4 5 -7 7 8 9 22 11 12 -14 26 21 53 25 -19 19 20 -22 -23 -24 24 -26 -27 -28 28 31 30 -32 32 -34 37 35 60 -38 59 44 43 41 42 50 -45 48 58 47 -49 -50 -51 -52 52 -54 -55 -56 56 57 -59 -60 -61 -62 -63
leaf_value=-0.016237749922878034 0.12150542196798862 0.04942501063665828 0.1359977579860101 0.14266061917105607 0.014218260424097443 -0.048065452792272791 0.031935157411280328 0.28197983709639973 0.00022873924691000106 0.0053473298180431138 -0.056927344340021994 0.15780923437255878 -0.083544869560084944 -0.072114935470790412 -0.040127682930638654 -0.31950158806803619 0.151768589328547 -0.11240328970812916 0.14200855705539386 -0.19318213678399723 0.0092432513152851774 -0.27096656696347221 -0.067459696224573498 0.2206942719128108 0.056279857530792149 0.0018808178199875743 -0.022007580110266718 -0.23386282171854164 -0.0030969501727595439 0.37081449642835879 0.13805138363600908 0.23264490211915367 -0.036713965982860988 -0.078768927400499997 -0.13930066884498973 0.31512960432370507 -0.042430229863221806 0.22626621788047083 0.15696557451619045 -0.1086460119564072 0.25574847116653737 0.14892274841512532 0.15468196798960368 0.026745487048839917 -0.037020416506751516 -0.065672890955355112 0.057721203000578161 -0.22196025150830362 -0.12434987138330711 0.21636200376526574 0.0043742489053428864 -0.10389732215404512 0.14382061668169702 -0.03180045136758837 -0.20103956325049852 -0.12311494882179029 -0.041943286189734939 0.076039984378919193 0.17960212579429152 0.01171481295531916 0.097786033527555966 0.1671433779208418
leaf_weight=4141 44 273 99 56 546 365 147 31 40 312 1024 57 36 20 58 21 91 85 22 94 42 34 92 74 243 108 1560 20 382 25 105 39 22 75 25 22 226 21 31 130 32 111 52 136 1185 20 36 40 131 35 391 52 29 29 34 115 612 125 87 9362 259 93
leaf_count=4141 44 273 99 56 546 365 147 31 40 312 1024 57 36 20 58 21 91 85 22 94 42 34 92 74 243 108 1560 20 382 25 105 39 22 75 25 22 226 21 31 130 32 111 52 136 1185 20 36 40 131 35 391 52 29 29 34 115 612 125 87 9362 259 93
internal_value=1.5737e-05 0.00141092 -0.0127098 0.00470007 -0.00652494 0.00925132 0.0187754 0.0371415 0.0634214 0.0556594 -0.0187499 -0.0467986 0.0643973 -0.00444781 -0.0187139 -0.0066064 0.00821437 -0.00290847 -0.0325589 -0.0924964 -0.130838 -0.126479 0.0354545 0.0505543 0.0949586 0.0706486 -0.0083387 0.0286621 0.0051222 0.140976 0.18409 0.016171 0.135933 0.00989949 0.0407763 0.0943352 0.0166888 0.0072884 -0.0126976 0.0197115 0.0435525 0.0592677 0.047692 -0.0394899 -0.0344383 0.0460111 0.0189848 -0.0899224 -0.0388893 -0.0296627 0.02218 0.0682542 -0.014827 -0.154671 -0.0342782 -0.0278377 -0.0356211 -0.0218898 0.133632 0.0122074 0.115344 0.124635
internal_weight=23804 22874 4321 18553 5873 2564 2199 1476 922 891 3309 1117 93 2192 723 554 504 631 305 158 136 92 721 629 317 199 2136 576 463 170 130 443 61 12680 988 306 682 11692 2309 927 661 586 554 266 1382 456 349 76 1351 1220 443 180 81 50 930 896 852 737 107 9383 281 113
internal_count=23804 22874 4321 18553 5873 2564 2199 1476 922 891 3309 1117 93 2192 723 554 504 631 305 158 136 92 721 629 317 199 2136 576 463 170 130 443 61 12680 988 306 682 11692 2309 927 661 586 554 266 1382 456 349 76 1351 1220 443 180 81 50 930 896 852 737 107 9383 281 113
is_linear=0
shrinkage=0.035


Tree=101
num_leaves=63
num_cat=0
split_feature=58 6 67 38 10 47 80 81 42 12 40 9 29 40 27 49 40 38 48 74 7 70 17 50 42 81 19 22 68 38 12 40 22 30 30 72 43 42 65 41 41 7 53 56 54 29 41 25 38 46 72 78 46 49 7 72 15 19 3 63 71 70
split_gain=910.525 891.384 1420.42 1044.01 991.855 939.482 1117.96 1572.87 1012.56 987.144 1363.6 1301.72 979.189 968.056 1045.65 1107.22 938.372 916.173 907.119 896.493 894.013 928.304 972.457 847.286 846.928 845.933 849.732 836.92 982.582 977.288 1234.53 1193.36 868.007 986.035 884.938 856.07 833.306 882.1 831.199 826.679 821.007 820.224 819.573 1122.08 978.472 1217.32 913.548 1162.08 820.649 807.868 785.963 785.588 770.412 770.257 1066.33 834.068 780.235 792.97 759.596 759.485 772.684 1025.16
threshold=1.0000000180025095e-35 20.716517857142861 114.45556558251802 31.690476190476193 0.64305000000000012 0.4189639041196051 -2.7370477053460927 1.0627134936033134 3.802777777777778 11.067816091954025 12.204166666666667 33.507575757575765 0.35051470588235295 10.270979020979022 7.7413381123058551 -0.26026469404186786 13.295206971677562 21.895644283121602 0.75650739675464951 0.15419196182138958 0.38501562500000003 9.5434500915697971 37.696153846153855 67.22498533724341 1.8366666666666669 0.98165366247043317 13.045454545454549 19.508064516129036 -11.573699076192197 23.859605911330053 14.31339285714286 10.270979020979022 18.565942028985507 13.729020979020982 14.339743589743593 68.129849784769291 13.224014336917564 2.358571428571429 0.23459381244078803 7.2034482758620699 6.7165178571428585 0.31617444219066942 100.279014180787 93.695996428277851 119.03512332811587 0.32379128856624323 4.2554347826086962 57.492424242424242 18.033333333333335 0.4156504065040651 73.63241962520793 2.7440612755948952 0.39339826839826841 -0.23547449906638307 0.42185238095238103 87.383816464154322 5.2366946778711494 5.8032258064516133 53.755000000000003 114.16942425210051 68.23009971509974 -12.932243060955349
decision_type=2 2 2 2 2 2 2 2 2 2 2 2 2 2 2 2 2 2 2 2 2 2 2 2 2 2 2 2 2 2 2 2 2 2 2 2 2 2 2 2 2 2 2 2 2 2 2 2 2 2 2 2 2 2 2 2 2 2 2 2 2 2
left_child=53 2 3 4 5 6 13 36 -9 10 11 -7 23 41 17 -16 19 -15 20 -12 27 22 51 -13 -18 26 42 32 29 31 -31 -29 33 -11 -34 58 -8 -38 52 40 -4 -2 -3 44 45 -44 47 -45 -48 -21 -49 -22 -26 54 -1 56 -55 -58 -30 60 61 -35
right_child=1 25 39 -5 -6 9 7 8 -10 18 16 12 -14 14 15 -17 24 -19 -20 49 21 -23 -24 -25 38 -27 -28 28 35 30 -32 -33 34 59 -36 -37 37 -39 -40 -41 -42 -43 43 46 -46 -47 48 50 -50 -51 -52 -53 -54 55 -56 -57 57 -59 -60 -61 -62 -63
leaf_value=0.064538302597733563 0.00032855395211113823 -0.003704056352695381 0.089821148148525307 0.1719639675129544 0.15979327294876777 0.29149392399827884 -0.077480672356139785 -0.060259801900622884 0.20070529910346921 0.15338827463587126 -0.20488917032963988 -0.13143073133862657 0.17218845284572792 -0.23690192038851021 0.26956417864958448 -0.020195832780133125 0.12236730725048246 -0.02118586020922858 -0.078143733556946107 -0.15545160101687733 -0.043750926532905944 0.065248869804347451 0.099478686117735068 0.018650185666666923 -0.073496902235244452 0.00025992750623313556 -0.17276610479856797 0.19423523470815623 -0.33230925914427134 0.30247102450224073 -0.024102631010261239 -0.070351451114349581 -0.17036834069656004 0.094036420281089494 0.052841596954746238 -0.031359956812347108 -0.028876146514041749 -0.26453022639741558 -0.040627671598192951 -0.080174306443059146 0.32115205631388566 0.30447793515338456 0.060942840922316291 0.1712557300600015 0.0098809535602549861 0.29731385213916545 0.15683634849737088 0.15979098083972931 0.017528458755020859 0.093576627840761289 -0.090492708098028132 -0.17506954882226208 -0.357810409313295 -0.13436637468126514 -0.19359077061054319 0.15085682036538625 0.0096072066385452601 -0.03300927704208665 -0.095493391211934994 -0.13993683575554403 0.011076515413897417 -0.043953334915376452
leaf_weight=223 22 1481 120 38 41 20 107 50 28 52 103 65 35 40 22 57 34 60 187 33 109 61 30 155 28 7662 28 26 20 32 25 98 22 73 673 462 25 90 386 28 22 21 54 109 69 53 52 22 3989 30 48 115 20 77 21 33 727 2020 92 46 2690 643
leaf_count=223 22 1481 120 38 41 20 107 50 28 52 103 65 35 40 22 57 34 60 187 33 109 61 30 155 28 7662 28 26 20 32 25 98 22 73 673 462 25 90 386 28 22 21 54 109 69 53 52 22 3989 30 48 115 20 77 21 33 727 2020 92 46 2690 643
internal_value=1.63989e-05 0.00266592 -0.00734728 -0.00978996 -0.0107997 -0.0118273 -0.0569458 -0.10095 0.0340571 -0.00812239 -0.0418808 0.0231695 0.00158153 0.00259699 -0.0332916 0.0616407 -0.0700981 -0.108256 -0.0024941 -0.141499 0.000197251 -0.0569282 -0.0863543 -0.0258735 -0.0446408 0.00793302 0.0178877 0.00383566 -0.030077 0.0409356 0.160212 -0.0142882 0.009937 0.00284631 0.0456535 -0.0524917 -0.148371 -0.213678 -0.0578582 0.0924598 0.126687 0.150739 0.0188113 0.026397 0.112869 0.178895 0.0227768 0.10005 0.0193411 -0.0370085 -0.0112071 -0.111424 -0.194501 -0.0176689 0.0419575 -0.0227689 -0.0248254 -0.0217298 -0.139102 0.000555687 0.00247441 -0.0298239
internal_weight=23804 20703 7136 6966 6928 6887 522 300 78 6365 909 275 255 222 179 79 634 100 5456 166 5269 315 254 220 468 13567 5905 4954 755 181 57 124 4199 3504 695 574 222 115 434 170 142 43 5877 4396 176 107 4220 179 4041 63 70 224 48 3101 244 2857 2824 2747 112 3452 3406 716
internal_count=23804 20703 7136 6966 6928 6887 522 300 78 6365 909 275 255 222 179 79 634 100 5456 166 5269 315 254 220 468 13567 5905 4954 755 181 57 124 4199 3504 695 574 222 115 434 170 142 43 5877 4396 176 107 4220 179 4041 63 70 224 48 3101 244 2857 2824 2747 112 3452 3406 716
is_linear=0
shrinkage=0.035


Tree=102
num_leaves=63
num_cat=0
split_feature=51 53 13 8 74 11 65 75 43 0 32 16 43 70 32 22 17 70 15 55 47 23 33 37 19 75 17 32 22 11 29 7 22 3 81 63 22 11 72 79 70 41 70 48 8 30 70 22 22 50 13 77 34 33 50 50 43 15 15 56 41 32
split_gain=892.191 1324.46 1021.96 909.479 787.053 770.007 766.871 894.039 946.329 1194.41 996.884 1034.22 932.677 1017.44 899.964 844.127 1405.32 1697.6 969.172 928.351 848.722 841.282 835.849 834.594 1388.86 1130.92 833.578 1546.04 1068.21 953.197 893.596 891.08 886.851 864.426 823.459 833.78 891.162 818.097 781.309 859.973 771.521 834.809 769.978 889.74 813.901 797.116 1060.15 813.903 956.701 769.733 767.942 765.232 760.99 766.506 1107.16 753.528 960.56 935.037 751.204 823.172 790.691 858.793
threshold=66.186018099547525 118.60815699224389 14.462912087912089 17.134848484848487 5.853319624048706 0.57486607142857149 0.92018966662698509 154.2115069455634 16.510869565217394 3.5000000000000004 0.62048571428571442 31.062500000000004 16.804761904761907 2.7391843582625062 0.470077380952381 20.016666666666669 31.7343137254902 1.0518815065391893 7.2029411764705893 96.550980552956148 0.5555581418173331 78.447222222222237 0.46910795454545462 11.717142857142859 4.338541666666667 145.27153254154271 33.339080459770123 0.47245497311827961 14.508620689655173 0.46630384615384618 0.31350862068965518 0.35762731481481486 21.844129554655876 59.302173913043482 0.93342093291714334 100.97842828928601 21.983870967741939 0.54050925925925941 73.860485307299868 0.91154516044507716 8.3655383708828044 5.8360215053763449 5.5957779340438529 0.8597950268817206 19.661458333333339 19.224014336917566 8.8039297310860523 20.267948717948723 18.701851851851853 75.433666666666682 18.93933823529412 1.3581654764651507 18.022727272727277 0.49914835164835164 71.0792 73.733666666666679 11.824808184143224 7.9636243386243395 6.8681159420289868 92.068981298440193 6.8198051948051956 0.49925000000000003
decision_type=2 2 2 2 2 2 2 2 2 2 2 2 2 2 2 2 2 2 2 2 2 2 2 2 2 2 2 2 2 2 2 2 2 2 2 2 2 2 2 2 2 2 2 2 2 2 2 2 2 2 2 2 2 2 2 2 2 2 2 2 2 2
left_child=1 2 3 -1 -3 -4 7 14 9 34 11 26 -10 37 23 -16 17 -17 -19 -20 21 -18 -22 42 -25 -26 27 -11 33 -30 31 -29 38 -28 -9 36 -36 -14 -31 -40 58 -42 43 -2 -45 46 47 48 -44 55 -43 -27 -41 -54 -55 57 -57 -8 -32 -60 61 -61
right_child=6 4 5 -5 -6 -7 49 8 12 10 -12 -13 13 -15 15 16 20 18 19 -21 22 -23 -24 24 25 51 28 30 29 32 40 -33 -34 -35 35 -37 -38 -39 39 52 41 50 45 44 -46 -47 -48 -49 -50 -51 -52 -53 53 54 -56 56 -58 -59 59 60 -62 -63
leaf_value=-0.19889367183580314 0.034965076903358663 0.32477160260153981 -0.015811764497610046 -0.040245006873713976 0.02573374688371699 -0.19065413762463468 -0.11146058500203219 0.043008754071046623 0.30143898428677052 -0.19651706665341218 0.2370498865595404 0.25251780216744607 0.061821383594602784 0.1686153247838435 -0.0010576440794101357 0.056626086676325287 -0.068092580720787624 -0.19089630564915397 -0.18221128311321358 0.02315332647259178 0.11236129604686391 -0.19207598046646149 -0.040141306698705581 0.22960675176908807 -0.11163430256590705 0.15266156103774725 -0.048611764090401792 0.18247043904153312 0.19815593950585889 -0.19120644223967267 0.059220807658301462 -0.049428005983594987 0.20592605270610917 0.18694755453071116 -0.089089596769203153 0.036268526063362762 -0.31474457814179219 -0.2174303346752394 0.18045071805553675 0.023610332754360398 0.2499093544823783 -0.071236228411350799 -0.04651029900365939 0.010098369351888108 -0.27014654038747155 0.1129000853678606 0.015170907015020984 0.094749047882949272 -0.19844529222206372 0.12020158700200999 0.10853409219884873 -0.053489133652952534 0.094015776311065655 0.083491473642322761 -0.20615874129699335 -0.338078130557182 -0.046124395367891889 -0.0058411477743195517 0.16281414017147489 0.14267784813046458 -0.098338796893364194 -0.037513461688055243
leaf_weight=76 2269 20 1534 106 23 31 137 84 25 50 26 23 34 57 12918 382 348 56 34 123 49 83 398 21 185 40 24 61 38 21 103 30 31 89 141 52 25 20 40 1464 24 54 295 29 22 68 720 39 61 36 62 48 25 22 58 23 34 406 22 38 243 204
leaf_count=76 2269 20 1534 106 23 31 137 84 25 50 26 23 34 57 12918 382 348 56 34 123 49 83 398 21 185 40 24 61 38 21 103 30 31 89 141 52 25 20 40 1464 24 54 295 29 22 68 720 39 61 36 62 48 25 22 58 23 34 406 22 38 243 204
internal_value=1.63406e-05 -0.0237426 -0.0284868 -0.106876 0.167036 -0.0193371 0.00194888 0.00307614 0.0201653 0.0161312 0.0233848 0.0213025 0.110338 0.0661067 7.81964e-05 -0.0039208 -0.029019 0.0124996 -0.0665691 -0.0217356 -0.0571503 -0.0921717 -0.0233093 0.0152342 -0.0413567 -0.0625945 0.0192875 -0.00842421 0.0329144 0.0259585 0.00286445 0.10613 0.0219585 0.136893 -0.0498854 -0.085712 -0.123938 -0.0425869 0.0183955 0.0211918 -0.00972278 0.0642262 0.01999 0.0317056 -0.112173 -0.00298631 -0.0101044 -0.0561456 -0.0727957 -0.0359089 0.0248713 0.0405093 0.0170733 -0.0737187 -0.126438 -0.0453737 -0.165907 -0.0325736 -0.0267391 -0.0442504 -0.0538082 -0.00896868
internal_weight=23804 1790 1747 182 43 1565 22014 21378 3190 3054 2752 2726 136 111 18188 14391 1473 595 213 157 878 431 447 3797 294 273 2703 891 1812 1699 841 91 1661 113 302 218 166 54 1630 1609 750 140 3503 2320 51 1183 1115 395 356 636 116 88 1569 105 80 600 57 543 610 507 485 242
internal_count=23804 1790 1747 182 43 1565 22014 21378 3190 3054 2752 2726 136 111 18188 14391 1473 595 213 157 878 431 447 3797 294 273 2703 891 1812 1699 841 91 1661 113 302 218 166 54 1630 1609 750 140 3503 2320 51 1183 1115 395 356 636 116 88 1569 105 80 600 57 543 610 507 485 242
is_linear=0
shrinkage=0.035


Tree=103
num_leaves=63
num_cat=0
split_feature=67 36 12 30 29 74 79 42 70 19 66 37 10 7 15 80 20 79 23 46 72 14 42 67 24 19 41 13 22 22 7 24 19 9 37 75 36 12 13 3 16 12 15 17 70 67 80 48 52 12 48 40 64 17 19 71 72 47 79 48 19 33
split_gain=855.095 907.085 877.033 955.081 1058.14 884.316 1076.69 868.756 919.692 958.929 1069.88 862.922 870.485 979.159 1170.84 1063.13 845.559 1108.28 870.72 842.421 841.43 865.655 831.711 1220.27 1022.8 1076.36 1051.4 862.118 931.645 863.593 1180.47 1407.48 1507.05 1150.89 1340.49 1108.36 1009.76 997.591 1059.37 961.564 945.935 884.673 878.588 1055.6 979.774 868.506 832.651 831.422 822.32 812.854 1162.51 1006.87 1199.45 1035.77 934.473 853.553 807.35 927.1 806.965 804.751 800.716 797.217
threshold=91.043915438817166 0.60007692307692317 10.508620689655173 11.03846153846154 0.33535147058823533 4.9383424103815203 1.0941910490626279 4.6030303030303044 -6.8565297497928404 5.7399355877616758 103.43238772027252 12.017241379310347 0.4583875 0.36271825396825402 5.8038461538461545 2.4784048602735074 4.0960061443932423 0.8958385501393088 78.12701612903227 0.11324786324786322 85.437284430673671 0.64473214285714298 5.2546296296296306 91.271744038380163 23.955533596837949 6.1126984126984132 5.4031250000000011 14.67204301075269 11.550000000000002 15.859126984126986 0.35501851851851857 24.377155172413797 7.4031250000000011 37.721111111111121 10.546920821114371 147.79698486642633 0.68168990384615402 11.113247863247866 18.067816091954025 53.983333333333341 34.071428571428577 15.60357142857143 9.1690476190476193 40.755952380952387 6.4661480291301041 104.20426365137602 -5.2911307576781033 0.63174272486772498 -3.6700794461705253 12.729020979020982 0.63401059725680653 12.671568627450981 228.50000000000003 30.984375000000004 5.6198686371100175 72.31707015810278 78.910056004115958 0.55073492735221807 1.0985580949198648 0.61313451014575593 4.0161290322580649 0.45701923076923084
decision_type=2 2 2 2 2 2 2 2 2 2 2 2 2 2 2 2 2 2 2 2 2 2 2 2 2 2 2 2 2 2 2 2 2 2 2 2 2 2 2 2 2 2 2 2 2 2 2 2 2 2 2 2 2 2 2 2 2 2 2 2 2 2
left_child=1 -1 5 4 -4 7 19 11 -9 -10 -11 12 16 -14 48 -16 17 18 -2 -7 22 -22 23 -5 25 -24 -26 -25 -29 30 31 41 33 39 37 46 -36 -35 -39 -33 -31 -30 44 45 61 -44 -34 -48 -15 50 55 54 53 -53 -51 -41 57 -40 -8 -27 -28 -32
right_child=2 -3 3 20 -6 6 58 8 9 10 -12 -13 13 14 15 -17 -18 -19 -20 -21 21 -23 24 27 26 59 60 28 29 40 42 32 35 34 36 -37 -38 38 56 49 -42 -43 43 -45 -46 -47 47 -49 -50 51 -52 52 -54 -55 -56 -57 -58 -59 -60 -61 -62 -63
leaf_value=-0.21803430078264144 -0.095157670350963855 -0.024474147741995671 0.22983456045901904 0.15532844440195395 -0.059202947756711477 0.31025284527714664 -0.19483857691344228 0.13528987367842948 0.099443048468129402 0.020828561682274892 -0.1707518530163695 -0.13736943634009099 -0.002737781018952468 -0.038424228633533827 -0.046810222529759964 -0.18352156175448422 -0.18758724300955473 -0.0085409728249280087 -0.34936304942572993 0.069735239588077716 0.26377100194768704 0.043231366200528552 0.21959012176740317 -0.059725787529732746 -0.14792288819977439 -0.17243666335686725 -0.24182829581092047 -0.15504553004463068 -0.025858928608715755 0.00099595674875867062 0.11758343316279893 0.020894091956524963 0.02657739482502143 -0.17796175327134689 -0.29436806914435243 0.058703301607090856 -0.005970982793016711 0.16884758902235614 0.096499915623115121 0.084580918081125264 0.22811578234268562 0.09118240755168168 0.02334202792679534 -0.15546670023718126 0.025064116870538739 0.15179271210678336 -0.13624856048799566 0.064493890497419576 0.24737615153259704 0.13556649503683393 -0.060011245132358969 0.3464805820809036 -0.02221414557277647 0.12531664140051077 0.38831303862671057 0.2864764043517542 0.2040417656340498 -0.094605753067002959 0.0064497197417466619 0.11426986689226969 -0.020439740258033613 -0.055215325700828023
leaf_weight=30 89 1098 46 65 23 20 26 77 72 89 59 91 1345 27 211 104 66 237 20 143 23 310 40 256 95 23 20 44 546 14119 34 179 112 21 26 221 34 86 51 272 22 92 204 29 361 94 130 31 22 36 64 30 58 186 37 28 23 78 307 24 860 638
leaf_count=30 89 1098 46 65 23 20 26 77 72 89 59 91 1345 27 211 104 66 237 20 143 23 310 40 256 95 23 20 44 546 14119 34 179 112 21 26 221 34 86 51 272 22 92 204 29 361 94 130 31 22 36 64 30 58 186 37 28 23 78 307 24 860 638
internal_value=1.61245e-05 -0.0297194 0.00149607 0.00418662 0.133706 -0.0161131 0.0265675 -0.0245555 0.0316051 -0.00489323 -0.0558389 -0.0321031 -0.0275538 -0.016531 -0.0674145 -0.0921771 -0.0731929 -0.0511228 -0.143215 0.100127 0.00372713 0.0588469 0.00277289 0.0045295 -0.0273273 0.0873229 -0.0376007 0.00398475 0.00489847 0.00529744 0.0203478 0.0354118 0.0520189 0.0730577 0.0159736 0.00050022 -0.132401 0.0505484 0.0710566 0.0934938 0.0013576 -0.00891783 -0.00558294 0.0443713 -0.0214133 0.0640581 -0.0466249 -0.0974946 0.0910262 0.111739 0.0750128 0.150091 0.118906 0.156779 0.265489 0.103881 0.0153323 -0.0189444 -0.00952454 -0.0262979 -0.0256097 -0.0463864
internal_weight=23804 1128 22676 19671 69 3005 496 2509 297 220 148 2212 2121 1709 364 315 412 346 109 163 19602 333 19269 18207 1062 87 975 18142 17886 17842 3701 2341 1703 1209 319 494 60 259 238 890 14141 638 1360 327 1033 298 273 161 49 711 364 347 274 216 73 300 152 129 333 47 880 672
internal_count=23804 1128 22676 19671 69 3005 496 2509 297 220 148 2212 2121 1709 364 315 412 346 109 163 19602 333 19269 18207 1062 87 975 18142 17886 17842 3701 2341 1703 1209 319 494 60 259 238 890 14141 638 1360 327 1033 298 273 161 49 711 364 347 274 216 73 300 152 129 333 47 880 672
is_linear=0
shrinkage=0.035


Tree=104
num_leaves=63
num_cat=0
split_feature=58 0 51 67 75 41 73 74 41 40 69 64 11 43 37 37 43 56 6 9 60 47 72 6 31 11 50 22 48 32 54 77 28 75 22 47 34 13 7 27 43 69 43 24 26 21 75 30 12 13 22 76 18 40 24 38 69 43 54 32 19 50
split_gain=836.744 899.71 1078.76 980.281 1208.34 1083.17 1130.9 955.651 1229.34 1062.08 1044.59 984.092 949.392 908.558 907.467 899.988 1672.73 872.587 906.624 965.377 869.541 1154.1 1025.24 905.834 1006.42 1063.05 949.236 1341 1202.64 1097.45 857.469 839.037 975.391 808.603 986.028 803.722 1031.57 1083.81 1318.79 1397.03 1176.01 1032.94 1021.27 1188.3 1272.54 1022.34 1340.46 1113.9 983.28 982.293 946.593 931.309 914.412 862.845 974.418 898.004 854.046 926.077 1194.1 1161.95 845.355 821.997
threshold=1.0000000180025095e-35 25.500000000000004 72.99813852813854 107.55730062545051 154.2115069455634 4.6715686274509816 77.365090584618414 -0.59571503659014968 6.2742946708463956 11.15587044534413 -14.855639523450995 271.50000000000006 0.48402631578947369 12.773460410557187 7.5080645161290329 8.6273148148148167 15.113247863247866 113.50349743375897 29.022727272727277 31.717142857142861 83.500000000000014 0.68811327561327573 73.226804146552652 19.015625000000004 32.939338235294123 0.50908893280632417 66.482711111111129 18.661458333333339 0.48161588350733092 0.49692261904761909 115.73175181698599 1.2978955688661171 20.014705882352946 127.61621151001395 20.016666666666669 0.5692767929711664 19.027777777777782 20.169047619047621 0.32851470588235304 8.8268365817091468 12.046536796536797 -5.7048619579136419 12.69397993311037 30.638181818181824 0.49264102564102569 11.67204301075269 140.21276958091889 18.456439393939394 13.67204301075269 23.803846153846155 18.232051282051284 0.31366658740715009 13.224014336917564 15.942810457516343 27.573593073593077 22.56904761904762 -14.518732955207204 13.474937343358398 114.26518462928884 0.4064666666666667 4.8651515151515161 71.995277777777801
decision_type=2 2 2 2 2 2 2 2 2 2 2 2 2 2 2 2 2 2 2 2 2 2 2 2 2 2 2 2 2 2 2 2 2 2 2 2 2 2 2 2 2 2 2 2 2 2 2 2 2 2 2 2 2 2 2 2 2 2 2 2 2 2
left_child=-1 2 7 4 5 -3 14 8 9 11 13 -2 -6 -10 -7 33 -17 18 -12 -20 21 -11 23 24 25 -22 -26 28 -28 -29 -14 32 -13 -5 -35 36 37 40 39 48 41 -4 -37 44 45 50 47 -47 -39 -40 -44 60 -46 54 55 -50 -48 58 -58 -59 -43 -41
right_child=1 3 35 15 12 6 -8 -9 10 20 17 31 30 -15 -16 16 -18 -19 19 -21 22 -23 -24 -25 26 -27 27 29 -30 -31 -32 -33 -34 34 -36 42 -38 38 49 61 -42 51 43 -45 52 46 56 -49 53 -51 -52 -53 -54 -55 -56 -57 57 59 -60 -61 -62 -63
leaf_value=-0.016937297004311812 -0.12683373482707072 -0.15870640848730214 -0.07662455412687609 -0.14877189338011823 0.26608374446967864 0.051217101972109713 -0.097050082677256747 0.0020909096404415381 -0.32862851410286104 -0.072270018472730804 -0.026595478587709886 0.25230202448151329 0.075000038042089989 -0.079327655107021347 -0.0065993078473195197 0.072600256937644395 0.34007111117174993 -0.098081265013193739 0.27425680777956463 -0.045139088837559835 0.022632730732787643 0.089348925866578777 0.09063174142394978 -0.0054170093555487627 -0.07859605425391078 -0.24812186916404302 -0.0028703307873672911 -0.15634603673244113 0.24494016254334866 0.098452031269265244 -0.059115102377636689 -0.13561159249088345 -0.05203598017351968 0.050485746025772181 -0.13842917706500996 -0.011361928240855707 -0.12850581438456907 0.25701644556011477 0.032656656784064715 0.074343577982149509 -0.026390313726329547 -0.077878375472092046 0.021542655318473165 -0.040406986337421909 0.0672179423222002 0.061212523590448577 0.25800433557440461 -0.10881575690364577 -0.11452612028055004 -0.079655290912904034 -0.12770687678420545 -0.11969138645253533 0.35603212635558945 0.21081717887914408 -0.13821784835608353 0.089023388418058555 0.092944455183174429 0.30809365882152739 0.29434374870626551 0.046348853853101397 0.16479516093241642 0.29322621880485378
leaf_weight=3101 143 53 51 30 26 452 133 7763 25 291 2391 27 301 62 1254 247 32 209 25 21 84 66 207 1317 34 22 31 30 105 64 72 25 24 467 36 578 74 24 306 35 1282 20 311 188 26 97 32 91 34 138 62 20 28 26 48 115 154 21 47 642 130 54
leaf_count=3101 143 53 51 30 26 452 133 7763 25 291 2391 27 301 62 1254 247 32 209 25 21 84 66 207 1317 34 22 31 30 105 64 72 25 24 467 36 578 74 24 306 35 1282 20 311 188 26 97 32 91 34 138 62 20 28 26 48 115 154 21 47 642 130 54
internal_value=1.63189e-05 0.00255623 -0.000507405 0.0199314 0.00821332 -0.00346292 0.00105122 -0.00568784 -0.0172937 0.000601251 -0.033465 -0.0728875 0.0635241 -0.152474 0.00872746 0.0529634 0.103844 -0.0295226 -0.0236226 0.129453 0.00776713 -0.0422979 0.0172144 0.00817963 0.0565278 -0.0344298 0.0930579 0.118563 0.188625 0.0166995 0.049058 0.0287363 0.109901 0.0262509 0.036834 0.0139858 -0.000340089 0.0038399 0.0373031 0.0895634 -0.0135305 0.0609432 0.0288134 0.0424825 0.0528079 0.0465756 0.0637668 -0.0211402 0.0465093 -0.00229357 -0.00339396 0.102338 0.21893 0.0233138 -0.00188615 0.0423248 0.0815879 0.0749045 0.140669 0.0548706 0.132264 0.208084
internal_weight=23804 20703 17600 3103 2291 1892 1839 12966 5203 2470 2733 219 399 87 1706 812 279 2646 2437 46 2251 357 1894 1687 370 106 264 230 136 94 373 76 51 533 503 4634 2357 2283 780 336 1503 221 2277 1699 1511 1457 1084 188 247 444 373 170 54 223 197 149 896 864 201 663 150 89
internal_count=23804 20703 17600 3103 2291 1892 1839 12966 5203 2470 2733 219 399 87 1706 812 279 2646 2437 46 2251 357 1894 1687 370 106 264 230 136 94 373 76 51 533 503 4634 2357 2283 780 336 1503 221 2277 1699 1511 1457 1084 188 247 444 373 170 54 223 197 149 896 864 201 663 150 89
is_linear=0
shrinkage=0.035


Tree=105
num_leaves=63
num_cat=0
split_feature=65 75 19 6 71 0 37 46 37 66 19 71 10 16 76 80 48 22 52 60 30 8 15 38 66 79 43 20 38 41 27 20 6 7 10 65 39 43 69 49 70 9 21 71 32 37 63 71 7 12 54 37 16 33 66 17 10 48 82 20 48 18
split_gain=783.767 822.955 947.189 736.467 926.761 1319.78 1431.38 1466.78 1363.95 1148.49 1090.15 962.369 1022.54 955.079 923.411 921.324 894.415 1309.76 1002.67 1083.58 1222.64 1046.28 1046.28 935.845 993.499 913.502 928.515 1424.84 916.229 899.953 891.351 868.585 860.666 850.24 903.707 840.28 1013.43 949.084 854.412 838.408 837.449 942.941 904.959 885.805 850.468 952.235 826.04 891.819 819.715 814.042 859.814 928.825 810 807.696 800.043 1388.5 876.634 799.52 781.453 764.25 763.013 1244.54
threshold=0.96642390384551813 162.57554155551176 5.4749373433583974 21.612007168458785 68.189983277591992 19.500000000000004 6.8702664796633952 0.27888888888888896 8.6030303030303035 112.65567272908451 8.9183333333333348 71.583964285714302 0.53030384615384629 20.540064102564106 -0.30612631442484345 9.2937639878393501 0.60916328207395598 12.703296703296704 0.47165217391304998 99.500000000000014 19.660919540229887 18.565942028985507 8.5370879120879142 23.106203007518801 109.28937164378651 0.90245985065178058 11.059714795008913 3.1967741935483875 31.038461538461544 6.2029411764705893 9.1695402298850599 1.9245014245014247 20.38675213675214 0.29201785714285716 0.47358114035087723 0.23719909011941401 33.377155172413801 11.203448275862071 -6.4141560761799985 0.22842192529692532 -7.7643476868610426 42.016666666666673 12.985714285714288 69.203977411477425 0.53924264705882363 11.717142857142859 93.132006843738566 70.774001814882041 0.37383974358974364 15.446360153256707 102.34884861575132 9.0678160919540254 23.226539589442819 0.49883333333333341 92.303969586690215 30.118823529411767 0.53128174603174616 0.48161588350733092 152.50000000000003 1.8366666666666669 0.4857169790810007 11.381652661064427
decision_type=2 2 2 2 2 2 2 2 2 2 2 2 2 2 2 2 2 2 2 2 2 2 2 2 2 2 2 2 2 2 2 2 2 2 2 2 2 2 2 2 2 2 2 2 2 2 2 2 2 2 2 2 2 2 2 2 2 2 2 2 2 2
left_child=1 3 -3 4 39 16 -7 49 9 10 33 13 -13 -10 -15 31 17 53 19 20 21 32 -23 59 -25 26 -18 -28 58 -21 46 -16 -19 34 -9 54 38 -38 -37 -1 42 44 52 -44 45 48 47 -22 60 50 51 57 -33 -6 56 -56 -31 -8 -27 -20 -42 -62
right_child=-2 2 -4 -5 5 6 7 8 11 -11 -12 12 -14 14 15 -17 25 18 23 29 30 22 -24 24 -26 28 27 -29 -30 35 -32 40 -34 -35 -36 36 37 -39 -40 -41 41 -43 43 -45 -46 -47 -48 -49 -50 -51 -52 -53 -54 -55 55 -57 -58 -59 -60 -61 61 -63
leaf_value=-0.035096338658686027 -0.10111798167921961 -0.066156123156058913 0.049828658963383878 0.0049221662906251511 -0.049374616099566948 0.086981268481759549 -0.050319586082564101 -0.025789035153943443 0.18022286843917742 -0.19130215681911611 0.16726621945526293 0.087186846355357464 -0.050657125514486569 -0.095599138204951264 -0.21879194338030594 0.19976308482986388 -0.074524675485614242 0.093063682949076409 0.1749547658472691 0.016418939366608949 -0.25415299924922319 -0.062930450829959697 0.093086766827613757 -0.057010333937061883 -0.21034275685371578 -0.0010144817466784437 0.015678419155257566 0.24219621900520255 0.20683983810231385 -0.071591062021227517 0.1661543789104982 -0.020269552982082734 0.32482640847163413 -0.025103740662382697 -0.35332497728016321 0.12219861930047725 -0.22511789510091149 -0.040250741096684736 -0.0081880689917424171 0.079718402420450585 -0.11605864211619876 0.13639879586647469 0.18382065904417708 -0.07120007475137699 -0.15864854897658032 -0.20549670131327746 0.021427957038987772 -0.04409026981130907 0.14094210828267614 -0.039641967724893513 -0.074310380616358349 0.26778475489802317 0.18481522915575466 -0.35364227804478182 -0.34308575927390572 -0.08837507593909899 0.16461113362616683 0.14965791889990282 -0.15840037912356705 -0.017700222289572187 0.19656245415051779 -0.014162484613830297
leaf_weight=1778 93 98 695 12516 20 311 34 21 35 54 34 366 80 120 21 29 36 49 26 511 36 77 164 795 55 1791 71 65 25 106 27 32 33 738 20 83 37 373 234 81 76 48 21 74 52 29 115 78 45 48 24 54 88 23 34 112 23 85 39 523 37 406
leaf_count=1778 93 98 695 12516 20 311 34 21 35 54 34 366 80 120 21 29 36 49 26 511 36 77 164 795 55 1791 71 65 25 106 27 32 33 738 20 83 37 373 234 81 76 48 21 74 52 29 115 78 45 48 24 54 88 23 34 112 23 85 39 523 37 406
internal_value=1.67758e-05 0.000415721 0.035458 -0.000797394 -0.00767958 -0.00280507 0.0159788 0.00769557 -0.000552876 -0.0357337 -0.0252853 0.019015 0.0624246 0.00159667 -0.0042805 0.00719841 -0.0128788 -0.0235084 -0.0211257 -0.00578162 0.0349163 0.0801468 0.0431974 -0.0440579 -0.0670538 0.00565295 0.082694 0.124457 -0.00150894 -0.0213647 -0.0221832 0.00107925 0.18778 -0.0337957 -0.187979 -0.0406357 -0.0208874 -0.0571963 0.0260787 -0.0300717 0.00628584 -0.0124404 0.0665505 -0.0141232 -0.0236193 -0.0116491 -0.0447178 -0.111277 -0.00150235 0.089221 0.120658 0.147862 0.13024 -0.214397 -0.0926978 -0.148684 -0.0289775 0.0925207 -0.00441287 -0.00841904 -0.0139835 0.00363144
internal_weight=23804 23711 793 22918 10402 8543 2982 2671 2426 867 813 1559 446 1113 1078 958 5561 3534 3491 2092 579 323 241 1399 850 2027 172 136 1855 1513 256 929 82 779 41 1002 727 410 317 1859 908 693 215 95 645 593 229 114 564 245 197 173 120 43 275 146 129 119 1830 549 519 443
internal_count=23804 23711 793 22918 10402 8543 2982 2671 2426 867 813 1559 446 1113 1078 958 5561 3534 3491 2092 579 323 241 1399 850 2027 172 136 1855 1513 256 929 82 779 41 1002 727 410 317 1859 908 693 215 95 645 593 229 114 564 245 197 173 120 43 275 146 129 119 1830 549 519 443
is_linear=0
shrinkage=0.035


Tree=106
num_leaves=63
num_cat=0
split_feature=81 39 65 29 2 35 52 5 65 24 7 23 51 0 72 49 82 25 30 35 22 30 74 70 2 21 10 19 48 7 19 47 38 36 30 47 42 37 19 41 61 9 8 67 60 25 65 33 77 1 80 13 77 38 7 4 20 53 8 52 10 11
split_gain=794.552 750.368 936.773 1203.2 789.68 813.846 782.414 722.414 711.06 709.871 886.743 724.69 701.768 940.244 986.734 1099.22 935.09 795.453 744.751 994.663 950.633 778.784 882.926 1048.21 722.136 1568.24 947.594 860.304 1014.74 840.89 812.716 779.631 897.679 751.191 704.205 879.825 760.84 705.966 700.661 922.688 698.086 681.253 678.012 698.885 669.743 991.855 662.617 726.734 652.941 649.396 648.763 1161.14 928.499 662.697 644.12 836.336 1097.2 964.514 903.558 1256.48 1130.75 975.076
threshold=1.1149706677570528 35.169540229885065 0.92018966662698509 0.37504554865424433 26.565942028985507 18.137147335423204 2.0276524644945586 7.2540322580645169 0.88644347347305119 28.673333333333336 0.37902083333333336 74.754310344827601 73.856235294117667 2.5000000000000004 87.383816464154322 0.078086911935013714 36.500000000000007 56.945906432748544 18.890873015873019 21.30901856763926 16.480740740740746 18.410427807486634 -4.2602528624259639 -4.29088939262025 31.369318181818183 13.20294117647059 0.64305000000000012 8.5086206896551744 0.72506157635468005 0.3470166666666667 8.1455026455026474 0.72479240069965889 25.83666666666667 0.85275000000000012 19.173163418290859 0.48861539502164503 3.1126984126984132 9.2462121212121229 8.7550000000000008 7.3284313725490202 0.34638998652049408 45.683333333333344 19.563858695652176 105.40585596552151 180.50000000000003 56.339080459770123 0.49845100663665304 0.49073623188405796 1.0563047630657272 64.921538461538475 6.9558660022503043 21.603571428571431 0.76531930144258953 31.690476190476193 0.35426491228070178 0.49501785714285723 4.4772256728778475 105.50479689287353 17.563858695652176 -1.9721904761904836 0.54460769230769246 0.52486405529953928
decision_type=2 2 2 2 2 2 2 2 2 2 2 2 2 2 2 2 2 2 2 2 2 2 2 2 2 2 2 2 2 2 2 2 2 2 2 2 2 2 2 2 2 2 2 2 2 2 2 2 2 2 2 2 2 2 2 2 2 2 2 2 2 2
left_child=12 4 3 8 5 6 -2 -4 -3 10 11 -6 24 16 17 -16 46 44 19 38 -21 22 -22 -24 26 27 33 28 30 -29 31 32 -26 54 35 -20 -37 -38 -19 -40 49 -27 43 -25 45 -15 -14 -48 -39 -18 53 52 -52 -36 55 57 -57 -1 59 -59 61 -61
right_child=1 2 7 -5 9 -7 -8 -9 -10 -11 -12 -13 13 14 15 -17 40 18 34 20 21 -23 23 42 25 41 -28 29 -30 -31 -32 -33 -34 -35 50 36 37 48 39 -41 -42 -43 -44 -45 -46 -47 47 -49 -50 -51 51 -53 -54 -55 -56 56 -58 58 -60 60 -62 -63
leaf_value=-0.0034925048378013721 0.025655442278019688 -0.0046581619655627089 0.031806120638119974 0.25384597002205095 0.028168580594989993 -0.13113319865082251 -0.10673590561942239 -0.19313999064557857 0.20595858519576318 -0.18176991362469958 -0.14800658471210335 0.22978147564095971 -0.033802423088732311 0.068828733980041204 0.031468232463738498 0.30806125123774419 -0.19670002422390917 0.046712875750513284 -0.2268236867954482 0.084188361082915927 0.13733986630018166 0.058241450833695897 -0.24621299511382455 -0.064268733190064861 0.097970278039734279 -0.090807561089837799 0.20631767292334791 0.11434886304121611 -0.079357257687208971 -0.045226736665853577 0.32563341326083783 -0.072063895147531601 0.29469048564672473 0.12102726234758603 0.0001367617210666098 0.079279755885161257 -0.2187289405676035 0.14281148914956465 0.23617261923429295 0.024966333366357361 -0.24414590351792831 0.080352736652713946 -0.16378152249728362 0.15025455134077509 0.001436184128842403 0.3278003577211146 0.21669419020717429 0.0060863481745945195 -0.12024413365013197 0.059875750187342452 0.0027417656637171413 0.31280566829304363 0.2252306130669334 0.15947600779527657 -0.013701151779761379 -0.12388082805828615 0.065670661114590273 -0.0017257005567224619 0.011746057740363611 0.10065627590526295 -0.049813080427998847 0.27062623764169735
leaf_weight=9566 121 226 29 28 85 204 99 43 21 20 25 29 300 48 42 30 20 689 33 94 20 66 47 57 122 130 26 64 28 108 26 23 37 59 1981 51 32 20 58 45 39 36 44 27 48 29 29 63 26 29 140 21 27 32 5365 137 51 175 2511 122 38 63
leaf_count=9566 121 226 29 28 85 204 99 43 21 20 25 29 300 48 42 30 20 689 33 94 20 66 47 57 122 130 26 64 28 108 26 23 37 59 1981 51 32 20 58 45 39 36 44 27 48 29 29 63 26 29 140 21 27 32 5365 137 51 175 2511 122 38 63
internal_value=1.59788e-05 -0.0316878 0.00904845 0.0385033 -0.0559268 -0.0808476 -0.0340117 -0.102894 0.0136143 0.0105518 0.0388014 0.0802661 0.00130579 0.0142562 0.0202256 0.148093 -0.0318105 0.0176719 0.0145728 0.0377068 -0.0109579 -0.0453339 -0.0804674 -0.1057 -0.00159599 0.0370361 -0.00282143 0.0739162 0.117236 0.0142893 0.143844 0.117034 0.14455 -0.00312795 0.00333642 -0.0669736 -0.0253368 -0.0938538 0.0595175 0.144498 -0.134574 -0.0535376 -0.0533209 0.00512483 0.104263 0.167894 -0.00859023 0.0733239 -0.00549105 -0.0457074 0.00852707 0.0706174 0.0392989 0.00271044 -0.00353781 0.000768239 -0.0724036 0.00187409 0.0195204 0.0684843 0.123478 0.15913
internal_weight=23804 930 347 275 583 424 220 72 247 159 139 114 22874 4187 3707 72 480 3635 3510 1147 355 261 195 175 18687 574 18113 408 236 172 208 182 159 18087 2363 162 129 78 792 103 88 166 128 84 125 77 392 92 46 49 2201 188 167 2013 18028 12663 188 12475 2909 398 223 185
internal_count=23804 930 347 275 583 424 220 72 247 159 139 114 22874 4187 3707 72 480 3635 3510 1147 355 261 195 175 18687 574 18113 408 236 172 208 182 159 18087 2363 162 129 78 792 103 88 166 128 84 125 77 392 92 46 49 2201 188 167 2013 18028 12663 188 12475 2909 398 223 185
is_linear=0
shrinkage=0.035


Tree=107
num_leaves=63
num_cat=0
split_feature=58 6 38 10 14 28 22 42 7 54 22 80 71 31 70 5 55 73 73 14 11 20 49 40 2 30 39 63 35 20 64 75 37 48 40 39 56 24 35 50 62 16 48 29 28 36 37 18 49 7 73 65 15 9 2 30 30 3 29 34 11 36
split_gain=781.023 774.772 872.285 848.799 888.397 962.033 826.227 1350.23 847.881 1014.43 922.486 876.958 873.14 939.316 1358.99 1133.35 1075.33 949.886 902.789 865.523 856.219 1026.23 805.46 797.665 797.294 769.152 1026.07 838.157 826.434 783.655 757.757 1085.2 1198.82 756.6 1139.31 948.487 1092.58 946.109 914.904 879.316 898.761 888.405 843.36 797.808 741.913 737.671 737.326 737.037 720.644 963.434 747.393 1211.43 803.945 801.12 847.838 762.489 1153.43 1243.75 1315.08 839.815 719.722 717.569
threshold=1.0000000180025095e-35 20.716517857142861 31.690476190476193 0.64305000000000012 0.65017592592592599 14.574175824175827 13.264912280701756 4.7537878787878798 0.38501562500000003 79.521384574642312 19.553639846743298 -9.0816082896832011 67.987145320197058 33.145502645502653 -8.2855237781652473 6.1490740740740746 96.818395393555377 72.947794473540384 74.287151902357095 0.65892500000000009 0.50492980295566514 4.8681159420289868 -0.06606012766405904 10.96362433862434 31.207142857142859 17.104355716878406 29.338541666666668 105.22573145487551 27.013513513513519 5.7290209790209801 329.50000000000006 139.92531044380755 10.893796992481205 0.5294496801279257 14.603030303030303 30.83666666666667 116.03145626857203 25.456439393939394 24.807071960297769 75.628148148148156 91.296922036534568 21.760952380952386 0.61709027245320158 0.27957983193277308 18.754310344827591 0.68683666666666676 6.1863425925925934 13.779513888888891 -0.23547449906638307 0.42185238095238103 81.857637832010923 0.92560040577345959 5.2366946778711494 45.341666666666676 30.628289473684216 20.447222222222226 18.753787878787886 54.35857142857143 0.3297303030303031 9.8509259259259263 0.47967204301075278 0.67632456140350883
decision_type=2 2 2 2 2 2 2 2 2 2 2 2 2 2 2 2 2 2 2 2 2 2 2 2 2 2 2 2 2 2 2 2 2 2 2 2 2 2 2 2 2 2 2 2 2 2 2 2 2 2 2 2 2 2 2 2 2 2 2 2 2 2
left_child=48 2 3 4 5 -2 7 -6 10 -10 12 -12 19 14 15 -14 23 -18 -19 -8 46 -22 -13 -16 25 26 -15 29 33 -28 31 47 44 34 37 -35 38 43 39 40 -37 45 -40 -27 -33 -42 -21 -24 49 -1 51 52 61 55 -55 56 -54 58 -58 -57 -52 -50
right_child=1 -3 -4 -5 6 -7 8 -9 9 -11 11 22 13 24 16 -17 17 18 -20 20 21 -23 30 -25 -26 28 27 -29 -30 -31 -32 32 -34 35 -36 36 -38 -39 42 -41 41 -43 -44 -45 -46 -47 -48 -49 50 -51 60 -53 53 54 -56 59 57 -59 -60 -61 -62 -63
leaf_value=0.062773258991739495 0.16371001272400221 0.0073816513005182582 0.15928087087652903 0.15005705103134534 -0.028883256237681319 -0.042284974503521845 0.13071612831193349 -0.35180161701801216 0.18623827720996813 -0.067234489439754824 0.060757219742359737 -0.11781565411888753 -0.21570909470745497 -0.043193967631651994 0.024709325648844246 -0.01725334574075511 0.078158778969928372 -0.17814604568297482 0.020049183143061158 0.12499276340332363 -0.092356753846446232 0.12705763587617039 -0.079377387063762253 -0.1641247156682632 0.15232808749720589 -0.1935273175675695 0.031021943174302583 0.14958426637399647 -0.18251090201763615 0.25552034547852309 0.080440538485058791 0.19924143620264734 -0.15972507842317707 0.087167033772867761 0.041964903198774002 0.16589418106065709 -0.14725460119192135 -0.077573624429217253 0.31410910271321024 0.17875102428167683 0.018305359746470597 0.015030366354909981 0.04214505326992541 0.035550577796334339 0.010457352613592841 -0.15879002559281513 -0.017149570846163809 -0.27657639754143631 0.038606367819704286 -0.18258887921377673 0.24113695430755619 -0.15200554147512954 -0.022935781898089227 -0.24185535661348059 0.007124300849639764 0.11651151418731764 0.40156407630178659 0.021378049599349309 0.011035843575873026 -0.068056525936730491 0.021746174882979998 -0.20125520545025483
leaf_weight=223 28 13567 38 41 61 1103 41 21 20 347 104 156 73 100 45 68 220 40 92 50 318 28 156 69 56 20 274 145 26 20 69 29 46 272 305 44 48 350 24 39 49 1191 33 203 189 69 389 27 21 21 20 90 1377 39 29 32 22 546 20 433 174 54
leaf_count=223 28 13567 38 41 61 1103 41 21 20 347 104 156 73 100 45 68 220 40 92 50 318 28 156 69 56 20 274 145 26 20 69 29 46 272 305 44 48 350 24 39 49 1191 33 203 189 69 389 27 21 21 20 90 1377 39 29 32 22 546 20 433 174 54
internal_value=1.72447e-05 0.00247114 -0.00686413 -0.00776525 -0.00869324 -0.037112 -0.00326614 -0.113255 -0.00171268 -0.0531771 0.00173973 -0.0336011 0.00757718 0.0145421 -0.0254242 -0.120424 0.00341104 0.0336841 -0.0404292 -0.0250821 -0.0333019 -0.0744329 -0.0482437 -0.089772 0.0219693 0.0196721 0.0577956 0.0808309 0.011974 0.0467137 -0.0271098 -0.0437907 0.00163355 0.0139197 -0.0126335 0.0271006 0.016159 -0.0417129 0.0216236 0.0159633 0.011204 0.00594035 0.158453 0.0146028 0.0359853 -0.0854539 -0.000828494 -0.109166 -0.0163621 0.0413115 -0.0212953 -0.0261297 -0.0216967 -0.0182902 -0.136345 -0.0149578 -0.00541288 0.0356016 0.217998 -0.055236 0.0449435 -0.134237
internal_weight=23804 20703 7136 7098 7057 1131 5926 82 5844 367 5477 776 4701 3875 607 141 466 352 132 826 785 346 672 114 3268 3212 539 439 2673 294 516 447 264 2647 878 1769 1497 573 1449 1392 1353 1309 57 223 218 118 439 183 3101 244 2857 2663 2573 2498 68 2430 1965 588 42 465 194 75
internal_count=23804 20703 7136 7098 7057 1131 5926 82 5844 367 5477 776 4701 3875 607 141 466 352 132 826 785 346 672 114 3268 3212 539 439 2673 294 516 447 264 2647 878 1769 1497 573 1449 1392 1353 1309 57 223 218 118 439 183 3101 244 2857 2663 2573 2498 68 2430 1965 588 42 465 194 75
is_linear=0
shrinkage=0.035


Tree=108
num_leaves=63
num_cat=0
split_feature=51 53 13 20 2 47 74 74 41 64 3 48 29 79 1 74 41 47 65 73 42 25 45 18 15 73 23 12 73 22 17 81 56 39 38 70 13 12 27 43 63 21 34 45 17 44 39 26 26 38 29 63 46 25 22 39 43 64 64 38 1 41
split_gain=760.26 1216.41 936.615 777.156 764.691 769.729 738.564 726.456 714.515 713.208 703.117 953.308 863.98 824.325 979.52 957.289 1017.75 779.409 723.835 853.111 993.734 842.228 944.008 1156.01 913.718 736.59 739.474 716.24 715.784 785.696 1151.86 927.729 835.254 798.77 1058.44 1055.77 986.699 1118.63 1126.49 988.489 875.455 855.427 891.726 788.914 773.21 1171.19 1255.43 945.481 1038.48 921.776 1658.39 1320.66 1084.06 888.754 867.78 883.295 840.729 857.725 810.882 971.604 814.133 1027.48
threshold=66.186018099547525 118.60815699224389 14.462912087912089 0.95000000000000007 30.507142857142863 0.35307165535613816 -1.4069808641085968 5.853319624048706 9.4220647773279378 262.50000000000006 54.508620689655181 0.60916328207395598 0.27428125000000009 0.91154516044507716 64.017857142857153 -5.048811116192474 6.7165178571428585 0.88975694444444453 0.92018966662698509 81.857637832010923 4.8596059113300498 63.753787878787882 0.43095238095238092 13.096006144393245 11.302173913043481 79.438997273704388 77.129166666666677 17.278888888888893 82.531983037176204 15.859126984126986 40.292857142857152 0.86761736026220149 90.722195521039183 35.309018567639264 28.019230769230774 12.760267390142696 20.506410256410259 16.836021505376348 9.8681159420289877 14.67204301075269 109.14045552448351 12.62284482758621 13.109126984126986 0.18019480519480516 38.654761904761912 16.584770114942533 29.338541666666668 0.48535828877005349 0.48919090909090918 26.672619047619051 0.2810200000000001 96.250749836489121 0.55363984674329514 57.107625482625487 20.224014336917566 39.720779220779228 11.229020979020982 136.50000000000003 292.50000000000006 23.203448275862073 85.017857142857153 8.468627450980394
decision_type=2 2 2 2 2 2 2 2 2 2 2 2 2 2 2 2 2 2 2 2 2 2 2 2 2 2 2 2 2 2 2 2 2 2 2 2 2 2 2 2 2 2 2 2 2 2 2 2 2 2 2 2 2 2 2 2 2 2 2 2 2 2
left_child=1 2 6 9 5 -4 -1 -3 -7 -2 11 17 -13 14 -14 16 -15 -5 28 20 25 22 -21 -24 -25 -20 -27 -17 29 30 33 32 -31 36 35 40 43 38 -38 -39 -35 -36 -43 -12 47 -46 -47 49 -49 -33 -51 52 -52 -54 55 58 57 -53 59 -48 61 -61
right_child=3 7 4 10 -6 8 -8 -9 -10 -11 18 12 13 15 -16 27 -18 -19 19 21 -22 -23 23 24 -26 26 -28 -29 -30 31 -32 44 -34 34 41 -37 37 39 -40 -41 -42 42 -44 -45 45 46 54 48 -50 50 51 56 53 -55 -56 -57 -58 -59 -60 60 -62 -63
leaf_value=-0.187309015596862 0.18439818682960263 0.31245839765595229 0.17051499990224842 -0.027652806698471675 -0.14413141596264545 -0.012284706759152601 -0.04341741791361578 0.025144275939527977 -0.16136503471420321 -0.035582570106332957 -0.14050929833397474 -0.095280306773512596 0.023099961877697046 0.050819622190760784 -0.17018951885648145 0.017167668887549344 0.35957903606840907 -0.22266236061873101 0.02224116097758078 0.24667019441470189 -0.1836574570355208 -0.09801833694758795 -0.13770589820687304 0.018160197720523966 0.22955143722158969 -0.24949140329493419 -0.028911683378681063 0.14706310386611868 0.050115855675662471 0.19950138203745868 -0.070860331351745395 -0.0044751556808408904 0.03432017156521304 -0.049257279057152131 0.10982150572215517 0.10573336258805113 0.092834710574384485 -0.063222821882959371 0.35542181846430138 0.19414391702479789 0.14273857952556651 -0.1997868181152164 0.070280391308708473 0.02331666675875908 0.094252534059124399 -0.13884852535327277 0.18257632711296495 -0.11850280316920228 -0.020552865883913172 -0.12051868481072732 0.11964031735484047 0.21555171643047527 0.087508404886281074 -0.093584437096807763 -0.087762688226310934 0.26436894055265331 0.04676404728168846 -0.011356496338258712 -0.10807593377191446 0.028492724886374044 -0.086089775146484387 0.2943654682258281
leaf_weight=73 53 20 27 1706 56 1442 109 23 40 27 36 77 85 30 51 471 23 25 109 23 80 75 48 141 30 31 46 58 418 41 175 10847 395 637 142 66 311 97 21 22 30 26 34 2687 252 67 57 163 704 86 49 74 40 185 70 21 782 28 43 137 62 20
leaf_count=73 53 20 27 1706 56 1442 109 23 40 27 36 77 85 30 51 471 23 25 109 23 80 75 48 141 30 31 46 58 418 41 175 10847 395 637 142 66 311 97 21 22 30 26 34 2687 252 67 57 163 704 86 49 74 40 185 70 21 782 28 43 137 62 20
internal_value=1.70253e-05 -0.021915 -0.0264619 0.00180098 -0.0177028 -0.0129624 -0.101506 0.160915 -0.0163639 0.110351 0.0014024 -0.0159654 0.0157523 0.0277225 -0.0497158 0.0458513 0.186983 -0.0305347 0.00366339 -0.034728 -0.0808851 0.00405863 0.0358454 0.0131765 0.0558279 -0.0362894 -0.118798 0.0315415 0.00485342 0.00382405 0.0169524 -0.000158465 0.050072 0.0207014 -0.00772457 -0.0272798 0.0290761 0.0770035 0.109964 -0.0149999 -0.0405161 0.0631106 -0.0473748 0.0211241 -0.00176059 0.033299 0.00102482 -0.00373447 -0.0390296 -0.00120179 0.0273277 0.0383579 -0.0287309 -0.061252 0.024032 0.0471539 0.0591609 0.153477 0.0324522 0.0545145 0.0208275 0.0632111
internal_weight=23804 1790 1747 22014 1565 1509 182 43 1482 80 21934 2526 795 718 136 582 53 1731 19408 583 266 317 242 219 171 186 77 529 18825 18407 4284 14123 436 4109 935 733 3174 451 332 119 667 202 60 2723 13687 729 477 12958 867 12091 1244 1158 274 225 410 340 884 102 319 276 219 157
internal_count=23804 1790 1747 22014 1565 1509 182 43 1482 80 21934 2526 795 718 136 582 53 1731 19408 583 266 317 242 219 171 186 77 529 18825 18407 4284 14123 436 4109 935 733 3174 451 332 119 667 202 60 2723 13687 729 477 12958 867 12091 1244 1158 274 225 410 340 884 102 319 276 219 157
is_linear=0
shrinkage=0.035


Tree=109
num_leaves=63
num_cat=0
split_feature=81 6 39 15 6 50 15 54 20 19 3 13 30 22 13 33 58 40 44 24 15 15 71 22 7 27 71 7 17 17 35 6 70 18 12 43 14 54 19 80 66 45 70 44 31 4 17 20 32 50 77 54 64 9 53 43 68 25 45 20 74 35
split_gain=728.934 1036.95 784.964 1324.66 757.386 816.14 1034.01 1011.84 940.192 1152.71 1036.48 804.935 1196.89 1078.88 1002.79 971.924 962.371 939.942 912.725 851.67 945.558 839.081 962.212 819.958 943.26 1075.13 1351.78 1074.71 880.572 1103.92 817.353 810.803 795.041 792.518 835.417 997.888 1124.92 881.438 831.191 788.501 787.039 1089.98 984.844 827.118 775.683 1137.21 1001.26 1375.54 1257.5 1368.53 1057.76 942.325 993.439 829.89 805.111 1050.03 969.149 932.614 1098.82 806.89 773.779 769.908
threshold=1.1149706677570528 16.819805194805198 35.169540229885065 8.5577777777777797 27.40454545454546 77.089333333333357 11.762352941176472 90.312019184006303 3.5968750000000003 8.288018433179726 66.836666666666687 20.506410256410259 11.03846153846154 13.264912280701756 20.672043010752692 0.45701923076923084 1.0000000180025095e-35 16.94590643274854 22.343137254901965 27.634848484848487 7.0960061443932423 9.0465367965367971 68.932871259175613 20.016666666666669 0.30560952380952383 6.4558441558441571 76.352500000000006 0.28526785714285713 30.118823529411767 29.113247863247867 11.783625730994155 21.984848484848488 1.7056071143188449 13.113247863247866 16.453079178885634 14.877500000000003 0.68105530303030315 87.344453788331251 4.1558704453441306 1.7318004894255028 96.884765667384571 0.14550264550264549 13.605715519701791 19.491935483870972 37.890873015873019 0.4761602564102565 29.854497354497358 2.2022727272727276 0.46328888888888892 70.400869565217405 0.7446491847220007 107.7452013371461 92.500000000000014 31.78759398496241 105.27336386883852 13.773460410557187 7.135969175007248 52.781929347826093 0.56594202898550738 2.9459064327485387 -4.0279847192723031 13.184659090909092
decision_type=2 2 2 2 2 2 2 2 2 2 2 2 2 2 2 2 2 2 2 2 2 2 2 2 2 2 2 2 2 2 2 2 2 2 2 2 2 2 2 2 2 2 2 2 2 2 2 2 2 2 2 2 2 2 2 2 2 2 2 2 2 2
left_child=4 -2 -3 -4 11 6 44 -8 9 10 -7 12 -1 15 21 -13 17 18 40 -19 -21 -15 -23 30 27 32 28 -25 29 -27 31 -16 -26 34 35 61 -37 -36 -39 -34 43 60 -43 -14 46 -46 47 -6 49 -48 51 52 -50 -47 55 56 -52 -56 -59 -57 -42 -32
right_child=1 2 3 -5 5 8 7 -9 -10 -11 -12 13 16 14 23 -17 -18 19 -20 20 -22 22 -24 24 25 26 -28 -29 -30 -31 33 -33 39 -35 37 36 -38 38 -40 -41 41 42 -44 -45 45 53 48 -49 50 -51 54 -53 -54 -55 57 59 -58 58 -60 -61 -62 -63
leaf_value=0.18978896191987127 -0.17301838944030878 -0.046157011476653798 0.096607691490980516 -0.045288187194073945 0.10882331034907125 -0.35356642619768774 -0.036617853077373128 0.14370443448149917 0.023305070670268029 0.0029072238469825076 -0.062118004131620219 0.070996074428745337 -0.059047542416897053 0.015968672388460902 0.044187907706144496 -0.18599063688749073 -0.0023088001885455179 0.26474137677270465 0.14622483250086127 -0.14485215931468542 0.076875552776663081 -0.057515443517945034 0.17165467787089322 -0.035265100674853452 -0.18178631036292398 -0.093086220824251012 0.13197803804552252 0.092521906364631312 -0.053484383843794982 0.20416509670425548 0.16898087727191838 0.30885654908816024 0.035969970645830622 0.023710369827295127 -0.11189362159489406 -0.035256594598293306 0.15103178706276379 0.23228876573634599 0.031016059026764773 -0.15088670929252487 0.2132672754589717 -0.042787888216595557 0.13062101623775013 -0.19878159043974911 0.0054817670377517898 -0.0052548135436087289 0.39404438873699732 -0.20024619500675511 0.27570628736324093 0.093088598365901387 -0.15155899799798708 0.24385898673644194 0.013568880594496071 -0.26576168346405027 -0.15480799529552461 0.22613087948225441 0.093733102857002204 0.19543286036407082 0.029236075020796053 -0.025215679635261671 -0.037355443645926086 -0.042965244415783511
leaf_weight=38 58 550 154 168 28 31 49 168 156 59 29 25 200 157 39 62 12966 20 32 31 93 27 126 155 96 25 67 167 421 38 21 22 64 3009 50 80 78 26 498 48 37 1219 41 70 417 26 24 46 21 78 103 47 101 35 27 24 24 58 294 43 25 913
leaf_count=38 58 550 154 168 28 31 49 168 156 59 29 25 200 157 39 62 12966 20 32 31 93 27 126 155 96 25 67 167 421 38 21 22 64 3009 50 80 78 26 498 48 37 1219 41 70 417 26 24 46 21 78 103 47 101 35 27 24 24 58 294 43 25 913
internal_value=1.74743e-05 -0.0303489 -0.0207617 0.0226088 0.00125289 0.0224833 0.0319859 0.10298 -0.0331982 -0.107087 -0.214435 -0.000657425 -0.00510336 0.00991051 0.0116529 -0.11212 -0.00561266 -0.0298327 -0.0374361 0.0557247 0.0210564 0.0729395 0.131134 0.00838017 -0.0191171 -0.0404066 -0.0147688 0.0310394 -0.0352054 0.0863489 0.0146586 0.141434 -0.108107 0.0129887 -0.00637521 -0.0243426 0.0568728 0.027792 0.0412215 -0.044395 -0.0411747 -0.0300269 -0.0370929 -0.0955883 0.0209149 -0.015225 0.0397347 -0.0833085 0.05057 0.165513 0.0346637 0.111476 0.0596606 -0.155728 0.0119251 -0.0459798 -0.104991 0.0415959 0.0568691 0.0657752 0.112663 -0.0381083
internal_weight=23804 930 872 322 22874 1888 1613 217 275 119 60 20986 14772 6214 6127 87 14734 1768 1624 144 124 310 153 5817 1081 759 551 322 484 63 4736 61 208 4675 1666 1092 158 574 524 112 1592 1322 1260 270 1396 478 918 74 844 102 742 169 122 61 573 194 127 379 352 67 62 934
internal_count=23804 930 872 322 22874 1888 1613 217 275 119 60 20986 14772 6214 6127 87 14734 1768 1624 144 124 310 153 5817 1081 759 551 322 484 63 4736 61 208 4675 1666 1092 158 574 524 112 1592 1322 1260 270 1396 478 918 74 844 102 742 169 122 61 573 194 127 379 352 67 62 934
is_linear=0
shrinkage=0.035


Tree=110
num_leaves=63
num_cat=0
split_feature=12 30 13 51 2 13 38 16 4 53 27 82 48 76 13 40 46 66 36 6 41 43 48 54 10 76 81 42 74 28 40 16 28 45 65 18 10 6 1 19 43 22 56 19 72 63 13 20 32 46 37 42 34 37 51 23 17 34 57 80 51 17
split_gain=713.293 861.294 954.965 836.368 816.673 731.534 764.986 841.25 1086.08 839.931 809.713 736.409 856.832 835.286 715.956 774.747 768.894 700.843 927.915 690.745 956.448 1352.99 961.641 1359.15 1408.53 1225.35 999.23 833.122 809.835 1027.72 952.085 791.312 742.004 899.358 705.279 714.565 820.742 892.013 704.847 688.516 686.599 782.33 1108.17 674.988 663.609 862.948 661.934 1034.76 649.119 856.421 636.05 634.259 683.47 613.392 677.513 954.147 897.334 880.249 1112.07 774.302 761.067 771.691
threshold=10.49193548387097 11.03846153846154 20.38675213675214 66.656552795031061 22.442222222222224 13.983870967741938 23.716517857142861 19.916521739130442 0.46564852941176477 108.15820114561031 9.7165178571428594 83.500000000000014 0.51865658231871137 -0.1331715718808045 9.5833333333333339 17.127717391304351 0.78679653679653694 96.454217944119961 0.66981165540540555 27.40454545454546 5.0597147950089134 14.717142857142859 0.51756844054638174 101.64276471582578 0.47411324786324788 0.045852904325132511 0.91667864598909621 1.6440092165898619 5.1155890961832151 21.557777777777783 12.579796264855689 25.015625000000004 21.672619047619051 0.57793522267206487 0.92018966662698509 11.960769230769232 0.47302173913043483 21.984848484848488 87.023809523809533 7.6035714285714286 10.233031674208146 15.316985645933016 104.57383493804876 13.045454545454549 89.849033725622292 94.349594125871462 16.966091954022989 4.7379862700228843 0.52461679644048964 0.61414392059553358 8.8768939393939412 5.7817460317460325 16.310096153846157 7.2540322580645169 68.374000000000009 72.274294670846402 26.605555555555558 13.868115942028988 1.0000000180025095e-35 -2.0835469284004513 69.839393939393958 28.770979020979023
decision_type=2 2 2 2 2 2 2 2 2 2 2 2 2 2 2 2 2 2 2 2 2 2 2 2 2 2 2 2 2 2 2 2 2 2 2 2 2 2 2 2 2 2 2 2 2 2 2 2 2 2 2 2 2 2 2 2 2 2 2 2 2 2
left_child=3 2 -2 4 -1 6 7 -5 9 11 14 13 -13 -9 -8 -16 -17 -6 -19 34 21 32 23 25 -25 -22 -26 -24 30 -30 -27 -28 33 -21 43 -36 37 -37 51 -33 -29 42 -42 44 -3 -46 53 50 -34 -50 -48 52 -38 -7 55 59 -56 -58 60 -55 -59 -62
right_child=1 19 -4 5 17 46 10 8 -10 -11 -12 12 -14 -15 15 16 -18 18 -20 20 22 -23 27 24 26 28 31 40 29 -31 -32 39 48 -35 35 36 38 -39 -40 -41 41 -43 -44 -45 45 -47 47 -49 49 -51 -52 -53 -54 54 56 -57 57 58 -60 -61 61 -63
leaf_value=-0.23018943048084994 0.29061770799924747 0.0012773641966142345 0.023103920860537169 -0.086799333646756807 0.045455868438459363 0.016521797959973827 0.12446091181417587 -0.12992059809387779 -0.029438239498567925 0.27742191365415403 0.077669374416433817 0.0092842996508576154 0.29029081940487644 0.071620081152741377 -0.048831188652172342 0.26073260558160344 -0.036355505212148032 -0.21595662305181482 -0.042160279534167212 -0.02470343680991683 -0.10197842846583512 0.28119890328298641 -0.15601571529110272 -0.12201222240073342 -0.061674464064975121 0.3228402471168369 0.11123326295557721 0.12120569238927933 -0.11659173892207983 0.11632080084018495 0.045527350338345221 0.34225517400959948 -0.095316877986534987 0.26848018362705528 -0.14066731331587259 0.25793062114014348 -0.037026925631142564 -0.038551262810826305 0.15677318570415183 0.10230799777805806 0.23138098192850751 -0.023009759565017461 0.0066039899047756695 -0.14133980594152287 0.20677990618656422 -0.032143526524190717 0.023840228246091163 -0.1491348195048266 0.24509393081831379 -0.07161792311435794 0.23311584568860563 0.077343008106632041 -0.15073149190477789 0.084239587407433592 0.12872233063975971 0.1629294077657249 -0.088059181961632427 -0.12740898081417501 -0.18692921215188074 -0.10276712925549893 -0.15767662664822174 0.048783722927098844
leaf_weight=34 26 18465 43 54 71 253 35 28 124 27 103 21 36 218 537 20 22 48 170 21 88 39 43 24 21 25 72 54 48 44 38 53 50 32 70 25 399 24 22 21 37 652 95 40 43 32 36 21 21 20 35 48 77 44 31 43 569 44 41 69 24 234
leaf_count=34 26 18465 43 54 71 253 35 28 124 27 103 21 36 218 537 20 22 48 170 21 88 39 43 24 21 25 72 54 48 44 38 53 50 32 70 25 399 24 22 21 37 652 95 40 43 32 36 21 21 20 35 48 77 44 31 43 569 44 41 69 24 234
internal_value=1.81416e-05 0.00231561 0.125322 -0.0159594 -0.0691102 -0.00951404 0.0103761 0.0432153 0.0587657 0.091914 -0.0128998 0.0749423 0.187804 0.0484493 -0.0281495 -0.0374801 0.106436 -0.0497828 -0.08085 0.00190326 0.0247917 0.0996523 0.0143373 0.0569496 0.126681 0.00197829 0.1627 -0.00667087 0.0611595 -0.00513431 0.157303 0.195097 0.0496563 0.153102 0.000120882 -0.0352813 -0.0227694 0.113722 -0.0351179 0.275353 0.0010767 -0.00726501 0.0702715 0.00138907 0.001701 0.105255 -0.0263877 0.0642095 -0.0110618 0.0915145 0.127962 -0.0433228 -0.0555665 -0.0325767 -0.0438852 0.0236024 -0.0550599 -0.0613778 -0.0170424 -0.0298692 0.00628101 0.0292967
internal_weight=23804 20812 69 2992 323 2669 1225 508 454 330 717 303 57 246 614 579 42 289 218 20743 1498 183 1315 434 191 243 167 881 155 92 63 146 144 53 19245 665 595 49 546 74 838 784 132 18580 18540 75 1444 92 91 41 71 524 476 1352 1099 156 943 912 343 113 302 258
internal_count=23804 20812 69 2992 323 2669 1225 508 454 330 717 303 57 246 614 579 42 289 218 20743 1498 183 1315 434 191 243 167 881 155 92 63 146 144 53 19245 665 595 49 546 74 838 784 132 18580 18540 75 1444 92 91 41 71 524 476 1352 1099 156 943 912 343 113 302 258
is_linear=0
shrinkage=0.035


end of trees

feature_importances:
team_expected_points=422
opp_adj_d=334
expected_possessions=279
opp_pace_roll=199
torvik_barthag_diff=146
is_home=141
team_PF_roll=134
opp_STL_roll=125
team_3PA_roll=118
torvik_adj_d_diff=112
prior_games=110
opp_BLK_roll=109
opp_SOS_roll=109
team_FGA_roll=108
team_FT%_roll=102
pregame_total_projection=102
opp_ORB_roll=98
opp_FT%_roll=96
opp_barthag=96
torvik_adj_d_ratio=96
opp_FT_roll=94
team_3P%_roll=93
torvik_barthag_ratio=91
opp_winpct_roll=89
opp_TOV_roll=88
team_BLK_roll=86
opp_TRB_roll=86
team_2P%_roll=85
opp_FGA_roll=84
team_STL_roll=83
team_points_roll=81
team_AST_roll=81
team_ORB_roll=80
opp_2P%_roll=80
opp_FTA_roll=79
opp_3PA_roll=78
delta_SOS_roll=78
opp_2P_roll=77
opp_def_eff_roll=77
team_FG_roll=76
team_TRB_roll=76
opp_3P_roll=76
opp_rank=74
team_FTA_roll=71
team_TOV_roll=71
team_SOS_roll=70
opp_3P%_roll=69
opp_DRB_roll=65
opp_PF_roll=65
team_3P_roll=62
team_offensive_matchup=62
team_2P_roll=60
team_DRB_roll=60
team_adj_d=60
opp_AST_roll=58
opp_2PA_roll=57
team_pace_roll=57
team_winpct_roll=56
opp_off_eff_roll=56
opp_FG%_roll=55
team_eFG%_roll=54
team_FT_roll=54
opp_FG_roll=53
team_2PA_roll=51
team_matchup_advantage=49
delta_pace_roll=48
team_off_eff_roll=48
team_adj_o=48
opp_eFG%_roll=47
opp_points_roll=45
team_defensive_matchup=43
torvik_rank_diff=43
pregame_margin_projection=42
torvik_adj_o_ratio=39
team_FG%_roll=36
opp_adj_o=35
opp_expected_points=35
team_def_eff_roll=33
team_rank=30
team_barthag=29
torvik_adj_o_diff=22
is_neutral=11
is_conf_game=5

parameters:
[boosting: gbdt]
[objective: regression]
[metric: l2]
[tree_learner: serial]
[device_type: cpu]
[data_sample_strategy: bagging]
[data: ]
[valid: ]
[num_iterations: 2000]
[learning_rate: 0.035]
[num_leaves: 63]
[num_threads: 8]
[seed: 42]
[deterministic: 0]
[force_col_wise: 0]
[force_row_wise: 0]
[histogram_pool_size: -1]
[max_depth: -1]
[min_data_in_leaf: 20]
[min_sum_hessian_in_leaf: 0.001]
[bagging_fraction: 0.9]
[pos_bagging_fraction: 1]
[neg_bagging_fraction: 1]
[bagging_freq: 0]
[bagging_seed: 400]
[bagging_by_query: 0]
[feature_fraction: 0.9]
[feature_fraction_bynode: 1]
[feature_fraction_seed: 30056]
[extra_trees: 0]
[extra_seed: 12879]
[early_stopping_round: 0]
[early_stopping_min_delta: 0]
[first_metric_only: 0]
[max_delta_step: 0]
[lambda_l1: 0.1]
[lambda_l2: 0.5]
[linear_lambda: 0]
[min_gain_to_split: 0]
[drop_rate: 0.1]
[max_drop: 50]
[skip_drop: 0.5]
[xgboost_dart_mode: 0]
[uniform_drop: 0]
[drop_seed: 17869]
[top_rate: 0.2]
[other_rate: 0.1]
[min_data_per_group: 100]
[max_cat_threshold: 32]
[cat_l2: 10]
[cat_smooth: 10]
[max_cat_to_onehot: 4]
[top_k: 20]
[monotone_constraints: ]
[monotone_constraints_method: basic]
[monotone_penalty: 0]
[feature_contri: ]
[forcedsplits_filename: ]
[refit_decay_rate: 0.9]
[cegb_tradeoff: 1]
[cegb_penalty_split: 0]
[cegb_penalty_feature_lazy: ]
[cegb_penalty_feature_coupled: ]
[path_smooth: 0]
[interaction_constraints: ]
[verbosity: 1]
[saved_feature_importance_type: 0]
[use_quantized_grad: 0]
[num_grad_quant_bins: 4]
[quant_train_renew_leaf: 0]
[stochastic_rounding: 1]
[linear_tree: 0]
[max_bin: 255]
[max_bin_by_feature: ]
[min_data_in_bin: 3]
[bin_construct_sample_cnt: 200000]
[data_random_seed: 175]
[is_enable_sparse: 1]
[enable_bundle: 1]
[use_missing: 1]
[zero_as_missing: 0]
[feature_pre_filter: 1]
[pre_partition: 0]
[two_round: 0]
[header: 0]
[label_column: ]
[weight_column: ]
[group_column: ]
[ignore_column: ]
[categorical_feature: ]
[forcedbins_filename: ]
[precise_float_parser: 0]
[parser_config_file: ]
[objective_seed: 16083]
[num_class: 1]
[is_unbalance: 0]
[scale_pos_weight: 1]
[sigmoid: 1]
[boost_from_average: 1]
[reg_sqrt: 0]
[alpha: 0.9]
[fair_c: 1]
[poisson_max_delta_step: 0.7]
[tweedie_variance_power: 1.5]
[lambdarank_truncation_level: 30]
[lambdarank_norm: 1]
[label_gain: ]
[lambdarank_position_bias_regularization: 0]
[eval_at: ]
[multi_error_top_k: 1]
[auc_mu_weights: ]
[num_machines: 1]
[local_listen_port: 12400]
[time_out: 120]
[machine_list_filename: ]
[machines: ]
[gpu_platform_id: -1]
[gpu_device_id: -1]
[gpu_use_dp: 0]
[num_gpu: 1]

end of parameters

pandas_categorical:[]
