game_id,date,team_A,team_B,season,true_winner,pred_winner,p_win_A,correct,moneyline_a,moneyline_b
abilene-christian_vs_austin peay_20201127,2020-11-27,abilene-christian,Austin Peay,2021,1,1,0.5975274,1,125.0,-145.0
abilene-christian_vs_omaha_20201128,2020-11-28,abilene-christian,Omaha,2021,1,1,0.8532684,1,-323.0,264.0
abilene-christian_vs_tarleton state_20201205,2020-12-05,abilene-christian,Tarleton State,2021,1,1,0.95586115,1,-1257.0,792.0
abilene-christian_vs_lamar_20210102,2021-01-02,abilene-christian,Lamar,2021,1,1,0.9577867,1,-707.0,550.0
abilene-christian_vs_southeastern louisiana_20210116,2021-01-16,abilene-christian,Southeastern Louisiana,2021,1,1,0.9363819,1,-1497.0,794.0
abilene-christian_vs_central arkansas_20210123,2021-01-23,abilene-christian,Central Arkansas,2021,1,1,0.906578,1,-947.0,581.0
abilene-christian_vs_stephen f. austin_20210127,2021-01-27,abilene-christian,Stephen F. Austin,2021,1,1,0.75159055,1,-141.0,120.0
abilene-christian_vs_houston baptist_20210210,2021-02-10,abilene-christian,Houston Baptist,2021,1,1,0.9375729,1,-1688.0,859.0
abilene-christian_vs_texas a&mâcorpus christi_20210213,2021-02-13,abilene-christian,Texas A&MâCorpus Christi,2021,1,1,0.9672893,1,-2349.0,1057.0
abilene-christian_vs_sam houston state_20210224,2021-02-24,abilene-christian,Sam Houston State,2021,1,1,0.8396582,1,-393.0,298.0
abilene-christian_vs_incarnate word_20210306,2021-03-06,abilene-christian,Incarnate Word,2021,1,1,0.9387648,1,-2120.0,992.0
abilene-christian_vs_lamar_20210312,2021-03-12,abilene-christian,Lamar,2021,1,1,0.9220719,1,-828.0,633.0
abilene-christian_vs_texas_20210320,2021-03-20,abilene-christian,Texas,2021,1,0,0.27980673,0,330.0,-412.0
abilene-christian_vs_ucla_20210322,2021-03-22,abilene-christian,UCLA,2021,0,0,0.31839758,1,210.0,-250.0
air-force_vs_seattle_20201129,2020-11-29,air-force,Seattle,2021,0,0,0.45637292,1,-143.0,123.0
air-force_vs_lamar_20201205,2020-12-05,air-force,Lamar,2021,1,1,0.6343584,1,-210.0,177.0
air-force_vs_utah state_20201231,2020-12-31,air-force,Utah State,2021,0,0,0.27442145,1,540.0,-775.0
air-force_vs_utah state_20210102,2021-01-02,air-force,Utah State,2021,0,0,0.24804112,1,885.0,-1350.0
air-force_vs_wyoming_20210116,2021-01-16,air-force,Wyoming,2021,1,0,0.386511,0,128.0,-148.0
air-force_vs_wyoming_20210118,2021-01-18,air-force,Wyoming,2021,0,0,0.41303867,1,145.0,-165.0
air-force_vs_san diego state_20210122,2021-01-22,air-force,San Diego State,2021,0,0,0.24298275,1,711.0,-1100.0
air-force_vs_san diego state_20210124,2021-01-24,air-force,San Diego State,2021,0,0,0.18044586,1,876.0,-1500.0
air-force_vs_fresno state_20210211,2021-02-11,air-force,Fresno State,2021,0,0,0.367236,1,165.0,-190.0
air-force_vs_fresno state_20210213,2021-02-13,air-force,Fresno State,2021,0,0,0.35316944,1,165.0,-190.0
air-force_vs_new mexico_20210222,2021-02-22,air-force,New Mexico,2021,0,1,0.53563505,0,-130.0,
air-force_vs_new mexico_20210224,2021-02-24,air-force,New Mexico,2021,1,1,0.5195184,1,-117.0,-103.0
air-force_vs_unlv_20210310,2021-03-10,air-force,UNLV,2021,0,0,0.25815076,1,520.0,-725.0
akron_vs_ohio_20201222,2020-12-22,akron,Ohio,2021,1,0,0.35449463,0,102.0,-122.0
akron_vs_kent state_20210101,2021-01-01,akron,Kent State,2021,1,1,0.6694123,1,-152.0,130.0
akron_vs_toledo_20210116,2021-01-16,akron,Toledo,2021,1,0,0.25183597,0,151.0,-175.0
akron_vs_central michigan_20210121,2021-01-21,akron,Central Michigan,2021,1,1,0.76483595,1,-550.0,425.0
akron_vs_eastern michigan_20210126,2021-01-26,akron,Eastern Michigan,2021,1,1,0.7338808,1,-615.0,475.0
akron_vs_ball state_20210130,2021-01-30,akron,Ball State,2021,1,1,0.7075787,1,-245.0,205.0
akron_vs_northern illinois_20210216,2021-02-16,akron,Northern Illinois,2021,1,1,0.9552441,1,-1600.0,912.0
akron_vs_bowling green_20210226,2021-02-26,akron,Bowling Green,2021,0,1,0.7398566,0,-170.0,150.0
akron_vs_bowling green_20210311,2021-03-11,akron,Bowling Green,2021,1,1,0.5318724,1,-125.0,105.0
akron_vs_buffalo_20210312,2021-03-12,akron,Buffalo,2021,0,0,0.29874238,1,155.0,-175.0
alabama_vs_stanford_20201130,2020-11-30,alabama,Stanford,2021,0,1,0.58587766,0,-145.0,125.0
alabama_vs_unlv_20201201,2020-12-01,alabama,UNLV,2021,1,1,0.82902354,1,-650.0,500.0
alabama_vs_providence_20201202,2020-12-02,alabama,Providence,2021,1,0,0.4425842,0,-140.0,120.0
alabama_vs_clemson_20201212,2020-12-12,alabama,Clemson,2021,0,1,0.5578692,0,-130.0,
alabama_vs_furman_20201215,2020-12-15,alabama,Furman,2021,1,1,0.7234913,1,-245.0,205.0
alabama_vs_western kentucky_20201219,2020-12-19,alabama,Western Kentucky,2021,0,1,0.7079506,0,-190.0,165.0
alabama_vs_east tennessee state_20201222,2020-12-22,alabama,East Tennessee State,2021,1,1,0.9435563,1,-1325.0,821.0
alabama_vs_florida_20210105,2021-01-05,alabama,Florida,2021,1,1,0.677301,1,-130.0,
alabama_vs_arkansas_20210116,2021-01-16,alabama,Arkansas,2021,1,1,0.7258963,1,-145.0,125.0
alabama_vs_mississippi state_20210123,2021-01-23,alabama,Mississippi State,2021,1,1,0.90086585,1,-600.0,450.0
alabama_vs_kentucky_20210126,2021-01-26,alabama,Kentucky,2021,1,1,0.8420822,1,-300.0,250.0
alabama_vs_louisiana state_20210203,2021-02-03,alabama,Louisiana State,2021,1,1,0.79838794,1,-400.0,320.0
alabama_vs_georgia_20210213,2021-02-13,alabama,Georgia,2021,1,1,0.88515794,1,-1000.0,650.0
alabama_vs_vanderbilt_20210220,2021-02-20,alabama,Vanderbilt,2021,1,1,0.8944491,1,-1100.0,700.0
alabama_vs_auburn_20210302,2021-03-02,alabama,Auburn,2021,1,1,0.8319112,1,-500.0,400.0
alabama_vs_mississippi state_20210312,2021-03-12,alabama,Mississippi State,2021,1,1,0.7620804,1,-336.0,276.0
alabama_vs_tennessee_20210313,2021-03-13,alabama,Tennessee,2021,1,1,0.62235016,1,-178.0,158.0
alabama_vs_louisiana state_20210314,2021-03-14,alabama,Louisiana State,2021,1,1,0.6881087,1,-255.0,215.0
alabama_vs_iona_20210320,2021-03-20,alabama,Iona,2021,1,1,0.93791723,1,-1764.0,1026.0
alabama_vs_maryland_20210322,2021-03-22,alabama,Maryland,2021,1,1,0.6593126,1,-280.0,240.0
alabama_vs_ucla_20210328,2021-03-28,alabama,UCLA,2021,0,1,0.6877296,0,-300.0,250.0
alabama-am_vs_south alabama_20201219,2020-12-19,alabama-am,South Alabama,2021,1,0,0.23171148,0,356.0,-452.0
alabama-am_vs_alabama state_20210116,2021-01-16,alabama-am,Alabama State,2021,1,1,0.8370334,1,-342.0,266.0
alabama-am_vs_southern_20210123,2021-01-23,alabama-am,Southern,2021,1,0,0.44964415,0,164.0,-197.0
alabama-am_vs_mississippi valley state_20210206,2021-02-06,alabama-am,Mississippi Valley State,2021,1,1,0.82735103,1,-2603.0,1125.0
alabama-am_vs_arkansasâpine bluff_20210208,2021-02-08,alabama-am,ArkansasâPine Bluff,2021,1,1,0.82526207,1,-515.0,369.0
alabama-am_vs_texas southern_20210301,2021-03-01,alabama-am,Texas Southern,2021,0,0,0.2894434,1,255.0,-305.0
alabama-birmingham_vs_troy_20201206,2020-12-06,alabama-birmingham,Troy,2021,1,1,0.9410787,1,-1373.0,840.0
alabama-birmingham_vs_southern_20201216,2020-12-16,alabama-birmingham,Southern,2021,1,1,0.92388004,1,-1789.0,994.0
alabama-birmingham_vs_chattanooga_20201219,2020-12-19,alabama-birmingham,Chattanooga,2021,0,1,0.8709491,0,-600.0,475.0
alabama-birmingham_vs_southern mississippi_20210108,2021-01-08,alabama-birmingham,Southern Mississippi,2021,1,1,0.9441477,1,-1072.0,708.0
alabama-birmingham_vs_southern mississippi_20210109,2021-01-09,alabama-birmingham,Southern Mississippi,2021,1,1,0.9527821,1,-1100.0,700.0
alabama-birmingham_vs_rice_20210122,2021-01-22,alabama-birmingham,Rice,2021,1,1,0.8824617,1,-500.0,400.0
alabama-birmingham_vs_rice_20210123,2021-01-23,alabama-birmingham,Rice,2021,1,1,0.86349535,1,-475.0,380.0
alabama-birmingham_vs_middle tennessee_20210131,2021-01-31,alabama-birmingham,Middle Tennessee,2021,1,1,0.93813175,1,-1600.0,912.0
alabama-birmingham_vs_utep_20210205,2021-02-05,alabama-birmingham,UTEP,2021,1,1,0.8223974,1,-350.0,290.0
alabama-birmingham_vs_utep_20210206,2021-02-06,alabama-birmingham,UTEP,2021,1,1,0.8553847,1,-400.0,317.0
alabama-birmingham_vs_old dominion_20210219,2021-02-19,alabama-birmingham,Old Dominion,2021,1,1,0.86297303,1,-250.0,210.0
alabama-birmingham_vs_old dominion_20210220,2021-02-20,alabama-birmingham,Old Dominion,2021,0,1,0.8421231,0,-250.0,210.0
alabama-birmingham_vs_rice_20210311,2021-03-11,alabama-birmingham,Rice,2021,1,1,0.7692252,1,-375.0,299.0
alabama-birmingham_vs_western kentucky_20210312,2021-03-12,alabama-birmingham,Western Kentucky,2021,0,1,0.5192185,0,115.0,-135.0
alabama-state_vs_alcorn state_20210123,2021-01-23,alabama-state,Alcorn State,2021,0,0,0.42698234,1,149.0,-178.0
alabama-state_vs_southern_20210125,2021-01-25,alabama-state,Southern,2021,1,0,0.25985786,0,292.0,-384.0
alabama-state_vs_arkansasâpine bluff_20210206,2021-02-06,alabama-state,ArkansasâPine Bluff,2021,1,1,0.7085957,1,-130.0,112.0
alabama-state_vs_mississippi valley state_20210208,2021-02-08,alabama-state,Mississippi Valley State,2021,0,1,0.7893238,0,-1936.0,938.0
alabama-state_vs_alabama a&m_20210213,2021-02-13,alabama-state,Alabama A&M,2021,1,0,0.38603348,0,159.0,-190.0
alabama-state_vs_texas southern_20210227,2021-02-27,alabama-state,Texas Southern,2021,0,0,0.19721438,1,412.0,-593.0
albany-ny_vs_umbc_20201220,2020-12-20,albany-ny,UMBC,2021,0,0,0.35027426,1,118.0,-138.0
albany-ny_vs_niagara_20201222,2020-12-22,albany-ny,Niagara,2021,0,1,0.56488913,0,-162.0,138.0
albany-ny_vs_njit_20210116,2021-01-16,albany-ny,NJIT,2021,1,1,0.58208454,1,-139.0,119.0
albany-ny_vs_njit_20210117,2021-01-17,albany-ny,NJIT,2021,1,1,0.6142973,1,-131.0,112.0
albany-ny_vs_umass lowell_20210212,2021-02-12,albany-ny,UMass Lowell,2021,0,1,0.7447544,0,-212.0,175.0
albany-ny_vs_umass lowell_20210213,2021-02-13,albany-ny,UMass Lowell,2021,1,1,0.7213995,1,-196.0,164.0
albany-ny_vs_stony brook_20210220,2021-02-20,albany-ny,Stony Brook,2021,0,1,0.6891018,0,-222.0,183.0
albany-ny_vs_stony brook_20210221,2021-02-21,albany-ny,Stony Brook,2021,1,1,0.6235207,1,-275.0,230.0
albany-ny_vs_njit_20210227,2021-02-27,albany-ny,NJIT,2021,1,1,0.6359577,1,-168.0,142.0
alcorn-state_vs_mississippi valley state_20210116,2021-01-16,alcorn-state,Mississippi Valley State,2021,1,1,0.78824544,1,-1312.0,727.0
alcorn-state_vs_arkansasâpine bluff_20210118,2021-01-18,alcorn-state,ArkansasâPine Bluff,2021,1,1,0.6520285,1,-165.0,145.0
alcorn-state_vs_southern_20210130,2021-01-30,alcorn-state,Southern,2021,0,0,0.46687666,1,137.0,-161.0
alcorn-state_vs_jackson state_20210206,2021-02-06,alcorn-state,Jackson State,2021,0,0,0.49858448,1,154.0,-183.0
alcorn-state_vs_alabama a&m_20210222,2021-02-22,alcorn-state,Alabama A&M,2021,1,1,0.5216991,1,,-129.0
alcorn-state_vs_alabama state_20210224,2021-02-24,alcorn-state,Alabama State,2021,1,1,0.7019957,1,-251.0,204.0
alcorn-state_vs_texas southern_20210311,2021-03-11,alcorn-state,Texas Southern,2021,0,0,0.24372774,1,294.0,-359.0
american_vs_loyola (md)_20210123,2021-01-23,american,Loyola (MD),2021,1,1,0.6305728,1,108.0,-127.0
american_vs_navy_20210220,2021-02-20,american,Navy,2021,0,0,0.4819436,1,138.0,-163.0
american_vs_navy_20210221,2021-02-21,american,Navy,2021,0,0,0.4523869,1,203.0,-245.0
american_vs_bucknell_20210228,2021-02-28,american,Bucknell,2021,1,1,0.6944161,1,-180.0,160.0
appalachian-state_vs_bowling green_20201130,2020-11-30,appalachian-state,Bowling Green,2021,0,0,0.46377733,1,155.0,-175.0
appalachian-state_vs_troy_20210101,2021-01-01,appalachian-state,Troy,2021,0,1,0.75413054,0,-350.0,290.0
appalachian-state_vs_troy_20210102,2021-01-02,appalachian-state,Troy,2021,1,1,0.7229302,1,-260.0,220.0
appalachian-state_vs_georgia southern_20210108,2021-01-08,appalachian-state,Georgia Southern,2021,1,1,0.69807035,1,-135.0,115.0
appalachian-state_vs_georgia southern_20210109,2021-01-09,appalachian-state,Georgia Southern,2021,1,1,0.66247165,1,-120.0,100.0
appalachian-state_vs_georgia state_20210122,2021-01-22,appalachian-state,Georgia State,2021,1,0,0.25912672,0,165.0,-190.0
appalachian-state_vs_georgia state_20210123,2021-01-23,appalachian-state,Georgia State,2021,1,0,0.34333184,0,155.0,-175.0
appalachian-state_vs_south alabama_20210219,2021-02-19,appalachian-state,South Alabama,2021,0,1,0.6682018,0,-123.0,103.0
appalachian-state_vs_south alabama_20210220,2021-02-20,appalachian-state,South Alabama,2021,0,1,0.6686304,0,-165.0,145.0
appalachian-state_vs_little rock_20210305,2021-03-05,appalachian-state,Little Rock,2021,1,1,0.5896204,1,-138.0,118.0
appalachian-state_vs_texas state_20210306,2021-03-06,appalachian-state,Texas State,2021,1,0,0.33568323,0,175.0,-210.0
appalachian-state_vs_coastal carolina_20210307,2021-03-07,appalachian-state,Coastal Carolina,2021,1,0,0.36661837,0,170.0,-200.0
appalachian-state_vs_georgia state_20210308,2021-03-08,appalachian-state,Georgia State,2021,1,0,0.2457416,0,255.0,-305.0
appalachian-state_vs_norfolk state_20210318,2021-03-18,appalachian-state,Norfolk State,2021,0,1,0.5532579,0,-165.0,145.0
arizona_vs_northern arizona_20201207,2020-12-07,arizona,Northern Arizona,2021,1,1,0.93758315,1,-5000.0,1578.0
arizona_vs_cal state bakersfield_20201209,2020-12-09,arizona,Cal State Bakersfield,2021,1,1,0.9540395,1,-1900.0,1011.0
arizona_vs_montana_20201222,2020-12-22,arizona,Montana,2021,1,1,0.9524161,1,-1400.0,837.0
arizona_vs_colorado_20201228,2020-12-28,arizona,Colorado,2021,1,1,0.53219056,1,-135.0,115.0
arizona_vs_southern california_20210107,2021-01-07,arizona,Southern California,2021,0,1,0.7424473,0,-175.0,151.0
arizona_vs_ucla_20210109,2021-01-09,arizona,UCLA,2021,0,1,0.72041327,0,-165.0,145.0
arizona_vs_arizona state_20210125,2021-01-25,arizona,Arizona State,2021,1,1,0.87938404,1,-205.0,175.0
arizona_vs_stanford_20210128,2021-01-28,arizona,Stanford,2021,0,1,0.813014,0,-366.0,299.0
arizona_vs_california_20210130,2021-01-30,arizona,California,2021,1,1,0.95745033,1,-525.0,415.0
arizona_vs_oregon state_20210211,2021-02-11,arizona,Oregon State,2021,1,1,0.9107583,1,-750.0,525.0
arizona_vs_oregon_20210213,2021-02-13,arizona,Oregon,2021,0,1,0.82264686,0,-127.0,107.0
arizona_vs_washington state_20210225,2021-02-25,arizona,Washington State,2021,1,1,0.86832625,1,-365.0,295.0
arizona_vs_washington_20210227,2021-02-27,arizona,Washington,2021,1,1,0.96095294,1,-1250.0,800.0
arizona-state_vs_villanova_20201126,2020-11-26,arizona-state,Villanova,2021,0,1,0.51614827,0,205.0,-245.0
arizona-state_vs_houston baptist_20201129,2020-11-29,arizona-state,Houston Baptist,2021,1,1,0.96980894,1,-100000.0,3000.0
arizona-state_vs_san diego state_20201210,2020-12-10,arizona-state,San Diego State,2021,0,1,0.73033965,0,-129.0,111.0
arizona-state_vs_utep_20201216,2020-12-16,arizona-state,UTEP,2021,0,1,0.87366474,0,-1100.0,700.0
arizona-state_vs_ucla_20210107,2021-01-07,arizona-state,UCLA,2021,0,1,0.5106929,0,180.0,-215.0
arizona-state_vs_southern california_20210109,2021-01-09,arizona-state,Southern California,2021,0,0,0.44244185,1,160.0,-185.0
arizona-state_vs_arizona_20210121,2021-01-21,arizona-state,Arizona,2021,0,0,0.39506918,1,125.0,-145.0
arizona-state_vs_california_20210128,2021-01-28,arizona-state,California,2021,1,1,0.7919771,1,-365.0,292.0
arizona-state_vs_stanford_20210130,2021-01-30,arizona-state,Stanford,2021,1,0,0.4979516,0,-150.0,130.0
arizona-state_vs_oregon_20210211,2021-02-11,arizona-state,Oregon,2021,0,0,0.48516783,1,105.0,-125.0
arizona-state_vs_oregon state_20210214,2021-02-14,arizona-state,Oregon State,2021,1,1,0.67298746,1,-205.0,175.0
arizona-state_vs_washington_20210223,2021-02-23,arizona-state,Washington,2021,1,1,0.79141486,1,-370.0,310.0
arizona-state_vs_washington_20210225,2021-02-25,arizona-state,Washington,2021,1,1,0.87150514,1,-460.0,358.0
arizona-state_vs_washington state_20210227,2021-02-27,arizona-state,Washington State,2021,1,1,0.68721974,1,-205.0,175.0
arizona-state_vs_washington state_20210310,2021-03-10,arizona-state,Washington State,2021,1,0,0.45524022,0,-120.0,100.0
arizona-state_vs_oregon_20210311,2021-03-11,arizona-state,Oregon,2021,0,0,0.2850917,1,325.0,-400.0
arkansas_vs_north texas_20201128,2020-11-28,arkansas,North Texas,2021,1,1,0.6461998,1,-369.0,297.0
arkansas_vs_ut arlington_20201202,2020-12-02,arkansas,UT Arlington,2021,1,1,0.9392946,1,-1384.0,845.0
arkansas_vs_lipscomb_20201205,2020-12-05,arkansas,Lipscomb,2021,1,1,0.96026874,1,-2359.0,1164.0
arkansas_vs_southern_20201209,2020-12-09,arkansas,Southern,2021,1,1,0.9666522,1,,
arkansas_vs_central arkansas_20201212,2020-12-12,arkansas,Central Arkansas,2021,1,1,0.97094166,1,-7431.0,1833.0
arkansas_vs_oral roberts_20201220,2020-12-20,arkansas,Oral Roberts,2021,1,1,0.9477834,1,-3098.0,1303.0
arkansas_vs_abilene christian_20201222,2020-12-22,arkansas,Abilene Christian,2021,1,1,0.901605,1,-873.0,608.0
arkansas_vs_missouri_20210102,2021-01-02,arkansas,Missouri,2021,0,1,0.7693187,0,-265.0,225.0
arkansas_vs_georgia_20210109,2021-01-09,arkansas,Georgia,2021,1,1,0.8993773,1,-450.0,360.0
arkansas_vs_auburn_20210120,2021-01-20,arkansas,Auburn,2021,1,1,0.7943009,1,-250.0,210.0
arkansas_vs_mississippi state_20210202,2021-02-02,arkansas,Mississippi State,2021,1,1,0.81424075,1,-304.0,251.0
arkansas_vs_florida_20210216,2021-02-16,arkansas,Florida,2021,1,1,0.74737334,1,-200.0,170.0
arkansas_vs_alabama_20210224,2021-02-24,arkansas,Alabama,2021,1,1,0.5752122,1,-130.0,
arkansas_vs_louisiana state_20210227,2021-02-27,arkansas,Louisiana State,2021,1,1,0.7607111,1,-245.0,205.0
arkansas_vs_texas a&m_20210306,2021-03-06,arkansas,Texas A&M,2021,1,1,0.94724303,1,-1350.0,885.0
arkansas_vs_missouri_20210312,2021-03-12,arkansas,Missouri,2021,1,1,0.64938456,1,-211.0,181.0
arkansas_vs_louisiana state_20210313,2021-03-13,arkansas,Louisiana State,2021,0,1,0.6325883,0,-175.0,155.0
arkansas_vs_colgate_20210319,2021-03-19,arkansas,Colgate,2021,1,1,0.7246768,1,-412.0,335.0
arkansas_vs_texas tech_20210321,2021-03-21,arkansas,Texas Tech,2021,1,1,0.58927995,1,117.0,-132.0
arkansas_vs_oral roberts_20210327,2021-03-27,arkansas,Oral Roberts,2021,1,1,0.89297074,1,-650.0,475.0
arkansas_vs_baylor_20210329,2021-03-29,arkansas,Baylor,2021,0,0,0.28568327,1,310.0,-370.0
arkansas-little-rock_vs_duquesne_20201130,2020-11-30,arkansas-little-rock,Duquesne,2021,1,0,0.38596213,0,200.0,-240.0
arkansas-little-rock_vs_winthrop_20201203,2020-12-03,arkansas-little-rock,Winthrop,2021,0,1,0.59317863,0,-124.0,106.0
arkansas-little-rock_vs_central arkansas_20201206,2020-12-06,arkansas-little-rock,Central Arkansas,2021,1,1,0.912909,1,-649.0,482.0
arkansas-little-rock_vs_ut arlington_20210101,2021-01-01,arkansas-little-rock,UT Arlington,2021,1,1,0.7596476,1,-130.0,111.0
arkansas-little-rock_vs_ut arlington_20210102,2021-01-02,arkansas-little-rock,UT Arlington,2021,1,1,0.7500389,1,-130.0,
arkansas-little-rock_vs_texas state_20210115,2021-01-15,arkansas-little-rock,Texas State,2021,0,1,0.74429977,0,-226.0,196.0
arkansas-little-rock_vs_texas state_20210116,2021-01-16,arkansas-little-rock,Texas State,2021,0,1,0.68764615,0,-155.0,135.0
arkansas-little-rock_vs_louisianaâmonroe_20210129,2021-01-29,arkansas-little-rock,LouisianaâMonroe,2021,1,1,0.79388696,1,-735.0,526.0
arkansas-little-rock_vs_louisianaâmonroe_20210130,2021-01-30,arkansas-little-rock,LouisianaâMonroe,2021,1,1,0.7858338,1,-600.0,450.0
arkansas-little-rock_vs_arkansas state_20210213,2021-02-13,arkansas-little-rock,Arkansas State,2021,0,1,0.6781081,0,-250.0,210.0
arkansas-little-rock_vs_louisiana_20210226,2021-02-26,arkansas-little-rock,Louisiana,2021,0,0,0.39082888,1,-120.0,103.0
arkansas-little-rock_vs_louisiana_20210227,2021-02-27,arkansas-little-rock,Louisiana,2021,1,0,0.417624,0,-115.0,-105.0
arkansas-pine-bluff_vs_iowa state_20201129,2020-11-29,arkansas-pine-bluff,Iowa State,2021,0,0,0.10552669,1,3000.0,-100000.0
arkansas-pine-bluff_vs_northwestern_20201202,2020-12-02,arkansas-pine-bluff,Northwestern,2021,0,0,0.14463173,1,2185.0,-18769.0
arkansas-pine-bluff_vs_mississippi valley state_20210102,2021-01-02,arkansas-pine-bluff,Mississippi Valley State,2021,1,1,0.8157087,1,-522.0,418.0
arkansas-pine-bluff_vs_alabama state_20210109,2021-01-09,arkansas-pine-bluff,Alabama State,2021,1,1,0.8042256,1,-236.0,198.0
arkansas-pine-bluff_vs_texas southern_20210123,2021-01-23,arkansas-pine-bluff,Texas Southern,2021,0,0,0.3113735,1,370.0,-517.0
arkansas-pine-bluff_vs_southern_20210213,2021-02-13,arkansas-pine-bluff,Southern,2021,0,0,0.40557107,1,246.0,-312.0
arkansas-pine-bluff_vs_jackson state_20210310,2021-03-10,arkansas-pine-bluff,Jackson State,2021,0,0,0.34041372,1,400.0,-525.0
arkansas-state_vs_arkansasâpine bluff_20201209,2020-12-09,arkansas-state,ArkansasâPine Bluff,2021,0,1,0.7027269,0,-1023.0,684.0
arkansas-state_vs_louisianaâmonroe_20210115,2021-01-15,arkansas-state,LouisianaâMonroe,2021,1,1,0.59927577,1,-145.0,125.0
arkansas-state_vs_louisianaâmonroe_20210116,2021-01-16,arkansas-state,LouisianaâMonroe,2021,1,1,0.60932827,1,-117.0,-103.0
arkansas-state_vs_ut arlington_20210129,2021-01-29,arkansas-state,UT Arlington,2021,1,0,0.35888192,0,133.0,-157.0
arkansas-state_vs_ut arlington_20210130,2021-01-30,arkansas-state,UT Arlington,2021,0,0,0.43378046,1,145.0,-165.0
arkansas-state_vs_louisiana_20210205,2021-02-05,arkansas-state,Louisiana,2021,1,0,0.3048166,0,135.0,-155.0
arkansas-state_vs_louisiana_20210206,2021-02-06,arkansas-state,Louisiana,2021,1,0,0.2819149,0,140.0,-160.0
arkansas-state_vs_little rock_20210212,2021-02-12,arkansas-state,Little Rock,2021,1,0,0.4709782,0,145.0,-165.0
arkansas-state_vs_texas state_20210222,2021-02-22,arkansas-state,Texas State,2021,0,0,0.40843865,1,140.0,-166.0
arkansas-state_vs_georgia southern_20210305,2021-03-05,arkansas-state,Georgia Southern,2021,1,1,0.5902474,1,-121.0,101.0
arkansas-state_vs_georgia state_20210306,2021-03-06,arkansas-state,Georgia State,2021,0,0,0.24931853,1,271.0,-335.0
army_vs_buffalo_20201128,2020-11-28,army,Buffalo,2021,1,0,0.30969408,0,444.0,-588.0
army_vs_florida_20201202,2020-12-02,army,Florida,2021,0,0,0.15951431,1,1415.0,-2250.0
army_vs_la salle_20201206,2020-12-06,army,La Salle,2021,1,0,0.45993382,0,-130.0,112.0
army_vs_colgate_20210102,2021-01-02,army,Colgate,2021,0,0,0.33362892,1,206.0,-246.0
army_vs_holy cross_20210110,2021-01-10,army,Holy Cross,2021,0,1,0.7880289,0,-742.0,536.0
army_vs_colgate_20210213,2021-02-13,army,Colgate,2021,0,0,0.26132032,1,204.0,-252.0
army_vs_colgate_20210214,2021-02-14,army,Colgate,2021,0,0,0.25203007,1,230.0,-275.0
army_vs_holy cross_20210220,2021-02-20,army,Holy Cross,2021,1,1,0.79257303,1,-529.0,377.0
army_vs_boston university_20210227,2021-02-27,army,Boston University,2021,0,1,0.7253568,0,-190.0,159.0
army_vs_boston university_20210228,2021-02-28,army,Boston University,2021,1,1,0.6937107,1,-165.0,145.0
army_vs_american_20210306,2021-03-06,army,American,2021,1,1,0.63122064,1,-195.0,170.0
army_vs_loyola (md)_20210310,2021-03-10,army,Loyola (MD),2021,0,1,0.6940299,0,-163.0,142.0
army_vs_bellarmine_20210322,2021-03-22,army,Bellarmine,2021,0,0,0.35017344,1,113.0,-133.0
auburn_vs_gonzaga_20201127,2020-11-27,auburn,Gonzaga,2021,0,0,0.2615559,1,1237.0,-2653.0
auburn_vs_ucf_20201130,2020-11-30,auburn,UCF,2021,0,1,0.6274378,0,100.0,-120.0
auburn_vs_south alabama_20201204,2020-12-04,auburn,South Alabama,2021,1,1,0.719213,1,-650.0,475.0
auburn_vs_memphis_20201212,2020-12-12,auburn,Memphis,2021,1,0,0.3727197,0,201.0,-242.0
auburn_vs_texas southern_20201215,2020-12-15,auburn,Texas Southern,2021,1,1,0.8531937,1,-1320.0,818.0
auburn_vs_troy_20201219,2020-12-19,auburn,Troy,2021,1,1,0.9402138,1,-1915.0,1250.0
auburn_vs_appalachian state_20201222,2020-12-22,auburn,Appalachian State,2021,1,1,0.93939966,1,-1300.0,797.0
auburn_vs_arkansas_20201230,2020-12-30,auburn,Arkansas,2021,0,0,0.36527577,1,145.0,-165.0
auburn_vs_alabama_20210109,2021-01-09,auburn,Alabama,2021,0,0,0.4245256,1,160.0,-185.0
auburn_vs_kentucky_20210116,2021-01-16,auburn,Kentucky,2021,1,1,0.59549737,1,-155.0,135.0
auburn_vs_missouri_20210126,2021-01-26,auburn,Missouri,2021,1,0,0.46398625,0,-155.0,135.0
auburn_vs_georgia_20210202,2021-02-02,auburn,Georgia,2021,0,1,0.8147718,0,-400.0,325.0
auburn_vs_florida_20210223,2021-02-23,auburn,Florida,2021,0,1,0.5362444,0,102.0,-122.0
auburn_vs_tennessee_20210227,2021-02-27,auburn,Tennessee,2021,1,0,0.40793058,0,295.0,-355.0
auburn_vs_mississippi state_20210306,2021-03-06,auburn,Mississippi State,2021,1,1,0.6558737,1,-123.0,103.0
austin-peay_vs_florida a&m_20201215,2020-12-15,austin-peay,Florida A&M,2021,0,1,0.8305379,0,-979.0,663.0
austin-peay_vs_murray state_20201221,2020-12-21,austin-peay,Murray State,2021,1,0,0.3552628,0,130.0,-150.0
austin-peay_vs_eastern kentucky_20210102,2021-01-02,austin-peay,Eastern Kentucky,2021,0,0,0.44150448,1,-190.0,165.0
austin-peay_vs_jacksonville state_20210123,2021-01-23,austin-peay,Jacksonville State,2021,0,1,0.5138042,0,-182.0,152.0
austin-peay_vs_belmont_20210128,2021-01-28,austin-peay,Belmont,2021,0,0,0.3522409,1,210.0,-250.0
austin-peay_vs_tennessee state_20210130,2021-01-30,austin-peay,Tennessee State,2021,1,1,0.78749555,1,-434.0,352.0
austin-peay_vs_ut martin_20210211,2021-02-11,austin-peay,UT Martin,2021,1,1,0.85753536,1,-1500.0,876.0
austin-peay_vs_southeast missouri state_20210213,2021-02-13,austin-peay,Southeast Missouri State,2021,1,1,0.81841713,1,-605.0,465.0
austin-peay_vs_siu edwardsville_20210218,2021-02-18,austin-peay,SIU Edwardsville,2021,1,1,0.8175039,1,-850.0,615.0
austin-peay_vs_eastern illinois_20210220,2021-02-20,austin-peay,Eastern Illinois,2021,0,1,0.81061816,0,-325.0,270.0
austin-peay_vs_eastern kentucky_20210304,2021-03-04,austin-peay,Eastern Kentucky,2021,0,0,0.45812938,1,123.0,-143.0
ball-state_vs_illinoisâchicago_20201205,2020-12-05,ball-state,IllinoisâChicago,2021,1,1,0.7362225,1,-245.0,205.0
ball-state_vs_illinois state_20201212,2020-12-12,ball-state,Illinois State,2021,1,1,0.6288852,1,-200.0,170.0
ball-state_vs_ohio_20210102,2021-01-02,ball-state,Ohio,2021,0,0,0.36605638,1,-103.0,-117.0
ball-state_vs_northern illinois_20210116,2021-01-16,ball-state,Northern Illinois,2021,1,1,0.86563396,1,-630.0,465.0
ball-state_vs_buffalo_20210202,2021-02-02,ball-state,Buffalo,2021,0,0,0.4319267,1,175.0,-210.0
ball-state_vs_toledo_20210206,2021-02-06,ball-state,Toledo,2021,1,0,0.1389302,0,315.0,-380.0
ball-state_vs_bowling green_20210216,2021-02-16,ball-state,Bowling Green,2021,0,1,0.5162967,0,,-130.0
ball-state_vs_akron_20210219,2021-02-19,ball-state,Akron,2021,0,0,0.4033125,1,165.0,-190.0
ball-state_vs_kent state_20210224,2021-02-24,ball-state,Kent State,2021,1,0,0.3790589,0,220.0,-260.0
ball-state_vs_central michigan_20210227,2021-02-27,ball-state,Central Michigan,2021,1,1,0.7849693,1,-900.0,600.0
ball-state_vs_eastern michigan_20210302,2021-03-02,ball-state,Eastern Michigan,2021,1,1,0.7025655,1,-338.0,277.0
ball-state_vs_toledo_20210311,2021-03-11,ball-state,Toledo,2021,0,0,0.25797805,1,258.0,-313.0
baylor_vs_washington_20201129,2020-11-29,baylor,Washington,2021,1,1,0.77339,1,-680.0,490.0
baylor_vs_illinois_20201202,2020-12-02,baylor,Illinois,2021,1,1,0.63426024,1,-230.0,192.0
baylor_vs_stephen f. austin_20201209,2020-12-09,baylor,Stephen F. Austin,2021,1,1,0.96670145,1,-7656.0,1847.0
baylor_vs_arkansasâpine bluff_20201221,2020-12-21,baylor,ArkansasâPine Bluff,2021,1,1,0.9766525,1,-100000.0,3000.0
baylor_vs_central arkansas_20201229,2020-12-29,baylor,Central Arkansas,2021,1,1,0.97281206,1,-100000.0,3000.0
baylor_vs_alcorn state_20201230,2020-12-30,baylor,Alcorn State,2021,1,1,0.9796198,1,-100000.0,3000.0
baylor_vs_oklahoma_20210106,2021-01-06,baylor,Oklahoma,2021,1,1,0.8832942,1,-700.0,506.0
baylor_vs_kansas_20210118,2021-01-18,baylor,Kansas,2021,1,1,0.8265821,1,-420.0,335.0
baylor_vs_kansas state_20210127,2021-01-27,baylor,Kansas State,2021,1,1,0.96827805,1,-3100.0,1350.0
baylor_vs_auburn_20210130,2021-01-30,baylor,Auburn,2021,1,1,0.90952116,1,-1120.0,720.0
baylor_vs_iowa state_20210223,2021-02-23,baylor,Iowa State,2021,1,1,0.9675312,1,-2600.0,1200.0
baylor_vs_oklahoma state_20210304,2021-03-04,baylor,Oklahoma State,2021,1,1,0.86205757,1,-700.0,500.0
baylor_vs_texas tech_20210307,2021-03-07,baylor,Texas Tech,2021,1,1,0.83368695,1,-380.0,315.0
baylor_vs_kansas state_20210311,2021-03-11,baylor,Kansas State,2021,1,1,0.9465827,1,-1457.0,1018.0
baylor_vs_oklahoma state_20210312,2021-03-12,baylor,Oklahoma State,2021,0,1,0.8256244,0,-420.0,335.0
baylor_vs_wisconsin_20210321,2021-03-21,baylor,Wisconsin,2021,1,1,0.73244625,1,-315.0,265.0
baylor_vs_villanova_20210327,2021-03-27,baylor,Villanova,2021,1,1,0.69988537,1,-350.0,290.0
baylor_vs_houston_20210403,2021-04-03,baylor,Houston,2021,1,1,0.52553135,1,-225.0,195.0
baylor_vs_gonzaga_20210405,2021-04-05,baylor,Gonzaga,2021,1,1,0.53855246,1,175.0,-205.0
bellarmine_vs_chattanooga_20201209,2020-12-09,bellarmine,Chattanooga,2021,0,0,0.2923672,1,174.0,-206.0
bellarmine_vs_lipscomb_20210108,2021-01-08,bellarmine,Lipscomb,2021,0,1,0.50214213,0,-128.0,109.0
bellarmine_vs_lipscomb_20210109,2021-01-09,bellarmine,Lipscomb,2021,0,1,0.5041937,0,-145.0,124.0
bellarmine_vs_stetson_20210122,2021-01-22,bellarmine,Stetson,2021,1,1,0.5808718,1,-188.0,157.0
bellarmine_vs_stetson_20210123,2021-01-23,bellarmine,Stetson,2021,1,1,0.60461015,1,-194.0,162.0
bellarmine_vs_jacksonville_20210205,2021-02-05,bellarmine,Jacksonville,2021,1,1,0.68676335,1,-363.0,279.0
bellarmine_vs_jacksonville_20210206,2021-02-06,bellarmine,Jacksonville,2021,1,1,0.74694496,1,-402.0,303.0
bellarmine_vs_liberty_20210227,2021-02-27,bellarmine,Liberty,2021,0,0,0.4797328,1,126.0,-148.0
bellarmine_vs_stetson_20210304,2021-03-04,bellarmine,Stetson,2021,0,1,0.6049115,0,-245.0,205.0
bellarmine_vs_pepperdine_20210323,2021-03-23,bellarmine,Pepperdine,2021,0,0,0.3457616,1,165.0,-190.0
belmont_vs_samford_20201205,2020-12-05,belmont,Samford,2021,0,1,0.87802863,0,-2300.0,1050.0
belmont_vs_tennessee state_20201208,2020-12-08,belmont,Tennessee State,2021,1,1,0.7860608,1,-1298.0,809.0
belmont_vs_kennesaw state_20201216,2020-12-16,belmont,Kennesaw State,2021,1,1,0.9522946,1,-8941.0,1919.0
belmont_vs_murray state_20201230,2020-12-30,belmont,Murray State,2021,1,1,0.5188608,1,-130.0,
belmont_vs_southeast missouri state_20210107,2021-01-07,belmont,Southeast Missouri State,2021,1,1,0.9393054,1,-1350.0,885.0
belmont_vs_ut martin_20210109,2021-01-09,belmont,UT Martin,2021,1,1,0.95675206,1,-3000.0,1250.0
belmont_vs_eastern illinois_20210121,2021-01-21,belmont,Eastern Illinois,2021,1,1,0.9210441,1,-750.0,525.0
belmont_vs_siu edwardsville_20210123,2021-01-23,belmont,SIU Edwardsville,2021,1,1,0.91385794,1,-1800.0,980.0
belmont_vs_eastern kentucky_20210211,2021-02-11,belmont,Eastern Kentucky,2021,1,1,0.798328,1,-800.0,550.0
belmont_vs_morehead state_20210213,2021-02-13,belmont,Morehead State,2021,1,1,0.7411673,1,-500.0,400.0
belmont_vs_jacksonville state_20210218,2021-02-18,belmont,Jacksonville State,2021,1,1,0.8102428,1,-750.0,550.0
belmont_vs_siu edwardsville_20210303,2021-03-03,belmont,SIU Edwardsville,2021,1,1,0.91477597,1,-2300.0,1050.0
belmont_vs_jacksonville state_20210305,2021-03-05,belmont,Jacksonville State,2021,1,1,0.70753413,1,-312.0,257.0
belmont_vs_morehead state_20210306,2021-03-06,belmont,Morehead State,2021,0,1,0.6939217,0,-285.0,240.0
binghamton_vs_stony brook_20201219,2020-12-19,binghamton,Stony Brook,2021,0,1,0.5706904,0,177.0,-210.0
binghamton_vs_stony brook_20201220,2020-12-20,binghamton,Stony Brook,2021,0,0,0.48113468,1,183.0,-217.0
binghamton_vs_vermont_20210109,2021-01-09,binghamton,Vermont,2021,0,0,0.21255974,1,578.0,-818.0
binghamton_vs_vermont_20210110,2021-01-10,binghamton,Vermont,2021,0,0,0.20816113,1,744.0,-1150.0
binghamton_vs_umass lowell_20210116,2021-01-16,binghamton,UMass Lowell,2021,0,0,0.44017118,1,192.0,-234.0
binghamton_vs_umass lowell_20210117,2021-01-17,binghamton,UMass Lowell,2021,0,0,0.3430189,1,211.0,-261.0
binghamton_vs_new hampshire_20210130,2021-01-30,binghamton,New Hampshire,2021,1,0,0.3314835,0,218.0,-272.0
binghamton_vs_new hampshire_20210131,2021-01-31,binghamton,New Hampshire,2021,0,0,0.4801306,1,163.0,-195.0
boise-state_vs_sam houston state_20201129,2020-11-29,boise-state,Sam Houston State,2021,1,1,0.8925656,1,-1241.0,785.0
boise-state_vs_new mexico_20201221,2020-12-21,boise-state,New Mexico,2021,1,1,0.92910576,1,-600.0,460.0
boise-state_vs_new mexico_20201223,2020-12-23,boise-state,New Mexico,2021,1,1,0.9511441,1,-750.0,525.0
boise-state_vs_air force_20210106,2021-01-06,boise-state,Air Force,2021,1,1,0.9635992,1,-3156.0,1346.0
boise-state_vs_air force_20210108,2021-01-08,boise-state,Air Force,2021,1,1,0.96103686,1,-2799.0,1271.0
boise-state_vs_fresno state_20210120,2021-01-20,boise-state,Fresno State,2021,1,1,0.9497496,1,-1200.0,755.0
boise-state_vs_unlv_20210211,2021-02-11,boise-state,UNLV,2021,1,1,0.8465777,1,-500.0,395.0
boise-state_vs_unlv_20210213,2021-02-13,boise-state,UNLV,2021,1,1,0.87807393,1,-475.0,380.0
boise-state_vs_utah state_20210217,2021-02-17,boise-state,Utah State,2021,1,0,0.49199626,0,-125.0,105.0
boise-state_vs_utah state_20210219,2021-02-19,boise-state,Utah State,2021,1,1,0.50866085,1,-135.0,115.0
boise-state_vs_fresno state_20210302,2021-03-02,boise-state,Fresno State,2021,0,1,0.94176334,0,-1000.0,650.0
boise-state_vs_nevada_20210311,2021-03-11,boise-state,Nevada,2021,0,1,0.6678356,0,-193.0,161.0
boise-state_vs_smu_20210318,2021-03-18,boise-state,SMU,2021,1,0,0.4530306,0,-103.0,-113.0
boise-state_vs_memphis_20210325,2021-03-25,boise-state,Memphis,2021,0,0,0.32699794,1,175.0,-205.0
boston-college_vs_rhode island_20201126,2020-11-26,boston-college,Rhode Island,2021,1,0,0.4646815,0,105.0,-125.0
boston-college_vs_st. john's (ny)_20201130,2020-11-30,boston-college,St. John's (NY),2021,0,0,0.3430004,1,-145.0,125.0
boston-college_vs_florida_20201203,2020-12-03,boston-college,Florida,2021,0,0,0.35249063,1,215.0,-255.0
boston-college_vs_syracuse_20201212,2020-12-12,boston-college,Syracuse,2021,0,0,0.396115,1,140.0,-160.0
boston-college_vs_louisville_20210102,2021-01-02,boston-college,Louisville,2021,0,0,0.45164153,1,235.0,-275.0
boston-college_vs_virginia_20210109,2021-01-09,boston-college,Virginia,2021,0,0,0.27875862,1,345.0,-425.0
boston-college_vs_miami (fl)_20210112,2021-01-12,boston-college,Miami (FL),2021,1,0,0.48695636,0,115.0,-135.0
boston-college_vs_nc state_20210206,2021-02-06,boston-college,NC State,2021,0,0,0.46383536,1,210.0,-250.0
boston-college_vs_wake forest_20210210,2021-02-10,boston-college,Wake Forest,2021,0,1,0.6119896,0,115.0,-135.0
boston-college_vs_notre dame_20210227,2021-02-27,boston-college,Notre Dame,2021,1,0,0.39944702,0,245.0,-290.0
boston-college_vs_duke_20210309,2021-03-09,boston-college,Duke,2021,0,0,0.19948111,1,605.0,-825.0
boston-university_vs_holy cross_20210105,2021-01-05,boston-university,Holy Cross,2021,0,1,0.8911432,0,-1496.0,889.0
boston-university_vs_colgate_20210109,2021-01-09,boston-university,Colgate,2021,0,0,0.4357293,1,152.0,-179.0
boston-university_vs_colgate_20210110,2021-01-10,boston-university,Colgate,2021,0,0,0.4240505,1,183.0,-217.0
boston-university_vs_army_20210116,2021-01-16,boston-university,Army,2021,0,1,0.66310143,0,,-106.0
boston-university_vs_army_20210117,2021-01-17,boston-university,Army,2021,0,1,0.5259969,0,131.0,-154.0
boston-university_vs_holy cross_20210214,2021-02-14,boston-university,Holy Cross,2021,1,1,0.6090853,1,-360.0,290.0
boston-university_vs_holy cross_20210224,2021-02-24,boston-university,Holy Cross,2021,0,1,0.6969464,0,-383.0,291.0
boston-university_vs_lehigh_20210303,2021-03-03,boston-university,Lehigh,2021,1,1,0.78145444,1,-283.0,234.0
bowling-green-state_vs_south carolina state_20201128,2020-11-28,bowling-green-state,South Carolina State,2021,1,1,0.9398212,1,-13093.0,2072.0
bowling-green-state_vs_buffalo_20201206,2020-12-06,bowling-green-state,Buffalo,2021,1,1,0.6265514,1,-145.0,125.0
bowling-green-state_vs_wright state_20201213,2020-12-13,bowling-green-state,Wright State,2021,0,1,0.6306676,0,-125.0,105.0
bowling-green-state_vs_central michigan_20210105,2021-01-05,bowling-green-state,Central Michigan,2021,1,1,0.79163474,1,-460.0,370.0
bowling-green-state_vs_ball state_20210112,2021-01-12,bowling-green-state,Ball State,2021,0,1,0.809327,0,-350.0,290.0
bowling-green-state_vs_akron_20210119,2021-01-19,bowling-green-state,Akron,2021,0,1,0.75038064,0,-230.0,192.0
bowling-green-state_vs_toledo_20210130,2021-01-30,bowling-green-state,Toledo,2021,0,0,0.39857107,1,150.0,-170.0
bowling-green-state_vs_kent state_20210209,2021-02-09,bowling-green-state,Kent State,2021,0,0,0.47944283,1,-117.0,-103.0
bowling-green-state_vs_miami (oh)_20210302,2021-03-02,bowling-green-state,Miami (OH),2021,0,1,0.6695679,0,-250.0,210.0
bowling-green-state_vs_stetson_20210322,2021-03-22,bowling-green-state,Stetson,2021,0,1,0.6658548,0,-315.0,265.0
bradley_vs_oakland_20201127,2020-11-27,bradley,Oakland,2021,1,1,0.90508133,1,-1600.0,912.0
bradley_vs_south dakota state_20201204,2020-12-04,bradley,South Dakota State,2021,0,1,0.5874099,0,-107.0,-109.0
bradley_vs_jackson state_20201217,2020-12-17,bradley,Jackson State,2021,1,1,0.9536666,1,-3609.0,1429.0
bradley_vs_miami (oh)_20201219,2020-12-19,bradley,Miami (OH),2021,1,1,0.8800237,1,-780.0,540.0
bradley_vs_evansville_20210116,2021-01-16,bradley,Evansville,2021,1,1,0.92070556,1,-423.0,316.0
bradley_vs_evansville_20210117,2021-01-17,bradley,Evansville,2021,1,1,0.89999926,1,-425.0,345.0
bradley_vs_loyola chicago_20210124,2021-01-24,bradley,Loyola Chicago,2021,0,0,0.41700113,1,240.0,-280.0
bradley_vs_loyola chicago_20210125,2021-01-25,bradley,Loyola Chicago,2021,0,0,0.3432416,1,240.0,-280.0
bradley_vs_southern illinois_20210206,2021-02-06,bradley,Southern Illinois,2021,1,1,0.8025972,1,-340.0,280.0
bradley_vs_southern illinois_20210207,2021-02-07,bradley,Southern Illinois,2021,0,1,0.80514276,0,-345.0,285.0
bradley_vs_illinois state_20210218,2021-02-18,bradley,Illinois State,2021,0,1,0.7676912,0,-150.0,130.0
bradley_vs_drake_20210226,2021-02-26,bradley,Drake,2021,0,0,0.31851068,1,320.0,-400.0
bradley_vs_drake_20210227,2021-02-27,bradley,Drake,2021,1,0,0.3141175,0,300.0,-360.0
bradley_vs_southern illinois_20210304,2021-03-04,bradley,Southern Illinois,2021,0,1,0.6773213,0,115.0,-135.0
brigham-young_vs_southern california_20201201,2020-12-01,brigham-young,Southern California,2021,0,1,0.60786194,0,-170.0,148.0
brigham-young_vs_st. john's (ny)_20201202,2020-12-02,brigham-young,St. John's (NY),2021,1,1,0.5195323,1,-130.0,
brigham-young_vs_boise state_20201209,2020-12-09,brigham-young,Boise State,2021,0,1,0.70732623,0,-170.0,150.0
brigham-young_vs_utah_20201212,2020-12-12,brigham-young,Utah,2021,1,1,0.6218676,1,-125.0,105.0
brigham-young_vs_texas southern_20201221,2020-12-21,brigham-young,Texas Southern,2021,1,1,0.9503602,1,-3410.0,1394.0
brigham-young_vs_weber state_20201223,2020-12-23,brigham-young,Weber State,2021,1,1,0.9629743,1,-1100.0,700.0
brigham-young_vs_portland_20210121,2021-01-21,brigham-young,Portland,2021,1,1,0.9607787,1,-3000.0,1250.0
brigham-young_vs_pepperdine_20210123,2021-01-23,brigham-young,Pepperdine,2021,1,1,0.8358917,1,-630.0,465.0
brigham-young_vs_pacific_20210130,2021-01-30,brigham-young,Pacific,2021,1,1,0.8614945,1,-650.0,475.0
brigham-young_vs_gonzaga_20210208,2021-02-08,brigham-young,Gonzaga,2021,0,0,0.25560609,1,468.0,-635.0
brigham-young_vs_san francisco_20210225,2021-02-25,brigham-young,San Francisco,2021,1,1,0.89622396,1,-525.0,415.0
brigham-young_vs_pepperdine_20210308,2021-03-08,brigham-young,Pepperdine,2021,1,1,0.8015707,1,-375.0,305.0
brigham-young_vs_gonzaga_20210309,2021-03-09,brigham-young,Gonzaga,2021,0,0,0.18941826,1,700.0,-1100.0
brigham-young_vs_ucla_20210320,2021-03-20,brigham-young,UCLA,2021,0,1,0.6723471,0,-165.0,145.0
bryant_vs_stony brook_20201212,2020-12-12,bryant,Stony Brook,2021,1,1,0.79130524,1,-279.0,230.0
bryant_vs_wagner_20201216,2020-12-16,bryant,Wagner,2021,1,1,0.80459064,1,-543.0,433.0
bryant_vs_wagner_20201217,2020-12-17,bryant,Wagner,2021,1,1,0.78470457,1,-276.0,229.0
bryant_vs_central connecticut state_20210107,2021-01-07,bryant,Central Connecticut State,2021,1,1,0.83870137,1,-900.0,640.0
bryant_vs_central connecticut state_20210108,2021-01-08,bryant,Central Connecticut State,2021,1,1,0.8997605,1,-1172.0,754.0
bryant_vs_merrimack_20210220,2021-02-20,bryant,Merrimack,2021,1,1,0.731852,1,-214.0,177.0
bryant_vs_liu_20210225,2021-02-25,bryant,LIU,2021,1,1,0.74116343,1,-230.0,189.0
bryant_vs_liu_20210226,2021-02-26,bryant,LIU,2021,1,1,0.75606245,1,-238.0,194.0
bryant_vs_sacred heart_20210306,2021-03-06,bryant,Sacred Heart,2021,1,1,0.80320245,1,-300.0,250.0
bryant_vs_mount st. mary's_20210309,2021-03-09,bryant,Mount St. Mary's,2021,0,1,0.74755704,0,-275.0,230.0
bryant_vs_coastal carolina_20210322,2021-03-22,bryant,Coastal Carolina,2021,0,1,0.5455695,0,145.0,-165.0
bucknell_vs_navy_20210103,2021-01-03,bucknell,Navy,2021,0,0,0.27076083,1,-128.0,
bucknell_vs_lafayette_20210109,2021-01-09,bucknell,Lafayette,2021,0,0,0.2902375,1,-123.0,105.0
bucknell_vs_lehigh_20210116,2021-01-16,bucknell,Lehigh,2021,1,1,0.6436407,1,-178.0,150.0
bucknell_vs_lehigh_20210131,2021-01-31,bucknell,Lehigh,2021,1,1,0.749325,1,-260.0,220.0
bucknell_vs_american_20210227,2021-02-27,bucknell,American,2021,0,1,0.6525575,0,-137.0,117.0
buffalo_vs_ball state_20210109,2021-01-09,buffalo,Ball State,2021,1,1,0.8289707,1,-240.0,200.0
buffalo_vs_bowling green_20210115,2021-01-15,buffalo,Bowling Green,2021,0,1,0.75096536,0,-230.0,190.0
buffalo_vs_eastern michigan_20210121,2021-01-21,buffalo,Eastern Michigan,2021,1,1,0.81388885,1,-675.0,525.0
buffalo_vs_ohio_20210129,2021-01-29,buffalo,Ohio,2021,0,1,0.662301,0,-145.0,125.0
buffalo_vs_miami (oh)_20210206,2021-02-06,buffalo,Miami (OH),2021,1,1,0.7543146,1,-325.0,265.0
buffalo_vs_toledo_20210219,2021-02-19,buffalo,Toledo,2021,0,1,0.67805487,0,-139.0,118.0
buffalo_vs_central michigan_20210225,2021-02-25,buffalo,Central Michigan,2021,1,1,0.95414674,1,-2800.0,1243.0
buffalo_vs_akron_20210302,2021-03-02,buffalo,Akron,2021,1,1,0.8105425,1,-265.0,225.0
buffalo_vs_kent state_20210305,2021-03-05,buffalo,Kent State,2021,1,1,0.7888075,1,-235.0,195.0
buffalo_vs_miami (oh)_20210311,2021-03-11,buffalo,Miami (OH),2021,1,1,0.8075826,1,-390.0,320.0
buffalo_vs_ohio_20210313,2021-03-13,buffalo,Ohio,2021,0,1,0.5958574,0,-145.0,125.0
buffalo_vs_colorado state_20210319,2021-03-19,buffalo,Colorado State,2021,0,1,0.62733114,0,115.0,-135.0
butler_vs_indiana_20201219,2020-12-19,butler,Indiana,2021,0,0,0.30729553,1,285.0,-345.0
butler_vs_southern illinois_20201221,2020-12-21,butler,Southern Illinois,2021,0,1,0.8764727,0,-500.0,400.0
butler_vs_providence_20201223,2020-12-23,butler,Providence,2021,1,0,0.3902821,0,125.0,-145.0
butler_vs_georgetown_20210106,2021-01-06,butler,Georgetown,2021,1,1,0.64369065,1,-220.0,180.0
butler_vs_connecticut_20210109,2021-01-09,butler,Connecticut,2021,0,0,0.28603598,1,-102.0,-118.0
butler_vs_creighton_20210116,2021-01-16,butler,Creighton,2021,1,0,0.1856427,0,270.0,-325.0
butler_vs_xavier_20210130,2021-01-30,butler,Xavier,2021,0,0,0.29688862,1,-131.0,111.0
butler_vs_depaul_20210206,2021-02-06,butler,DePaul,2021,1,0,0.49755582,0,-275.0,235.0
butler_vs_st. john's (ny)_20210209,2021-02-09,butler,St. John's (NY),2021,1,0,0.35375875,0,-115.0,-102.0
butler_vs_marquette_20210217,2021-02-17,butler,Marquette,2021,0,0,0.46155047,1,-131.0,112.0
butler_vs_seton hall_20210224,2021-02-24,butler,Seton Hall,2021,1,0,0.26601958,0,260.0,-320.0
butler_vs_villanova_20210228,2021-02-28,butler,Villanova,2021,1,0,0.20007546,0,500.0,-700.0
butler_vs_xavier_20210310,2021-03-10,butler,Xavier,2021,1,0,0.2496455,0,210.0,-250.0
butler_vs_creighton_20210311,2021-03-11,butler,Creighton,2021,0,0,0.21783458,1,425.0,-550.0
california_vs_arizona state_20201203,2020-12-03,california,Arizona State,2021,0,0,0.34865093,1,240.0,-280.0
california_vs_san francisco_20201213,2020-12-13,california,San Francisco,2021,1,0,0.45351142,0,150.0,-170.0
california_vs_cal state northridge_20201219,2020-12-19,california,Cal State Northridge,2021,1,1,0.9018659,1,-435.0,355.0
california_vs_seattle_20201222,2020-12-22,california,Seattle,2021,1,1,0.9097715,1,-825.0,582.0
california_vs_washington state_20210107,2021-01-07,california,Washington State,2021,0,0,0.46672815,1,140.0,-160.0
california_vs_washington_20210109,2021-01-09,california,Washington,2021,1,1,0.6146539,1,-135.0,115.0
california_vs_ucla_20210121,2021-01-21,california,UCLA,2021,0,0,0.25140858,1,335.0,-420.0
california_vs_southern california_20210123,2021-01-23,california,Southern California,2021,0,0,0.21896078,1,320.0,-385.0
california_vs_stanford_20210204,2021-02-04,california,Stanford,2021,0,0,0.33239752,1,195.0,-235.0
california_vs_utah_20210211,2021-02-11,california,Utah,2021,0,0,0.386134,1,165.0,-190.0
california_vs_colorado_20210213,2021-02-13,california,Colorado,2021,1,0,0.1887456,0,400.0,-525.0
california_vs_oregon state_20210225,2021-02-25,california,Oregon State,2021,0,0,0.4481185,1,-103.0,-117.0
california_vs_oregon_20210227,2021-02-27,california,Oregon,2021,0,0,0.3189515,1,351.0,-450.0
california_vs_stanford_20210310,2021-03-10,california,Stanford,2021,1,0,0.3050503,0,280.0,-340.0
california_vs_colorado_20210311,2021-03-11,california,Colorado,2021,0,0,0.21850327,1,750.0,-1165.0
california-baptist_vs_southeastern louisiana_20201202,2020-12-02,california-baptist,Southeastern Louisiana,2021,0,1,0.6856912,0,-487.0,379.0
california-baptist_vs_southeastern louisiana_20201204,2020-12-04,california-baptist,Southeastern Louisiana,2021,1,1,0.7525999,1,-404.0,322.0
california-baptist_vs_tarleton state_20210115,2021-01-15,california-baptist,Tarleton State,2021,1,1,0.7316001,1,-217.0,179.0
california-baptist_vs_tarleton state_20210116,2021-01-16,california-baptist,Tarleton State,2021,1,1,0.7598712,1,-240.0,200.0
california-baptist_vs_long beach state_20210123,2021-01-23,california-baptist,Long Beach State,2021,1,1,0.6175421,1,-168.0,140.0
california-baptist_vs_dixie state_20210129,2021-01-29,california-baptist,Dixie State,2021,1,1,0.83154637,1,-435.0,348.0
california-baptist_vs_dixie state_20210130,2021-01-30,california-baptist,Dixie State,2021,0,1,0.817291,0,-500.0,395.0
california-baptist_vs_sacramento state_20210213,2021-02-13,california-baptist,Sacramento State,2021,1,1,0.6300658,1,-143.0,123.0
california-baptist_vs_sacramento state_20210214,2021-02-14,california-baptist,Sacramento State,2021,0,1,0.6926203,0,-170.0,148.0
california-baptist_vs_seattle_20210305,2021-03-05,california-baptist,Seattle,2021,0,1,0.62014234,0,-170.0,150.0
california-baptist_vs_seattle_20210306,2021-03-06,california-baptist,Seattle,2021,1,1,0.58693796,1,-165.0,144.0
california-baptist_vs_seattle_20210311,2021-03-11,california-baptist,Seattle,2021,0,0,0.4524107,1,100.0,-120.0
california-davis_vs_idaho state_20201128,2020-11-28,california-davis,Idaho State,2021,1,1,0.69007975,1,-420.0,335.0
california-davis_vs_uc santa barbara_20210129,2021-01-29,california-davis,UC Santa Barbara,2021,0,0,0.20645909,1,296.0,-370.0
california-davis_vs_uc santa barbara_20210130,2021-01-30,california-davis,UC Santa Barbara,2021,0,0,0.16364123,1,335.0,-415.0
california-davis_vs_long beach state_20210212,2021-02-12,california-davis,Long Beach State,2021,1,1,0.72509193,1,-345.0,278.0
california-davis_vs_long beach state_20210213,2021-02-13,california-davis,Long Beach State,2021,1,1,0.7395168,1,-265.0,225.0
california-davis_vs_hawaii_20210305,2021-03-05,california-davis,Hawaii,2021,0,1,0.5183759,0,-162.0,142.0
california-davis_vs_hawaii_20210306,2021-03-06,california-davis,Hawaii,2021,1,1,0.51608443,1,-162.0,142.0
california-davis_vs_cal state bakersfield_20210311,2021-03-11,california-davis,Cal State Bakersfield,2021,1,0,0.3156085,0,150.0,-170.0
california-davis_vs_uc santa barbara_20210312,2021-03-12,california-davis,UC Santa Barbara,2021,0,0,0.16194114,1,415.0,-525.0
california-irvine_vs_san diego_20201219,2020-12-19,california-irvine,San Diego,2021,1,1,0.60792565,1,-185.0,160.0
california-irvine_vs_uc santa barbara_20201227,2020-12-27,california-irvine,UC Santa Barbara,2021,1,1,0.57898414,1,105.0,-125.0
california-irvine_vs_uc santa barbara_20201228,2020-12-28,california-irvine,UC Santa Barbara,2021,1,1,0.7116708,1,107.0,-125.0
california-irvine_vs_cal poly_20210122,2021-01-22,california-irvine,Cal Poly,2021,1,1,0.94774365,1,-1457.0,780.0
california-irvine_vs_cal poly_20210123,2021-01-23,california-irvine,Cal Poly,2021,1,1,0.95188665,1,-1700.0,1100.0
california-irvine_vs_cal state bakersfield_20210205,2021-02-05,california-irvine,Cal State Bakersfield,2021,1,1,0.7723656,1,-255.0,215.0
california-irvine_vs_cal state bakersfield_20210206,2021-02-06,california-irvine,Cal State Bakersfield,2021,0,1,0.82005984,0,-300.0,250.0
california-irvine_vs_cal poly_20210311,2021-03-11,california-irvine,Cal Poly,2021,1,1,0.92050934,1,-1300.0,850.0
california-irvine_vs_uc riverside_20210312,2021-03-12,california-irvine,UC Riverside,2021,1,0,0.49376005,0,-125.0,105.0
california-irvine_vs_uc santa barbara_20210313,2021-03-13,california-irvine,UC Santa Barbara,2021,0,0,0.32148522,1,135.0,-155.0
california-riverside_vs_washington_20201201,2020-12-01,california-riverside,Washington,2021,1,0,0.30554172,0,449.0,-596.0
california-riverside_vs_hawaii_20210109,2021-01-09,california-riverside,Hawaii,2021,1,1,0.7392247,1,-221.0,186.0
california-riverside_vs_cal state bakersfield_20210122,2021-01-22,california-riverside,Cal State Bakersfield,2021,0,1,0.6538299,0,-178.0,153.0
california-riverside_vs_cal state bakersfield_20210123,2021-01-23,california-riverside,Cal State Bakersfield,2021,1,1,0.64700615,1,-155.0,135.0
california-riverside_vs_uc irvine_20210212,2021-02-12,california-riverside,UC Irvine,2021,1,1,0.6293503,1,,-130.0
california-riverside_vs_uc irvine_20210213,2021-02-13,california-riverside,UC Irvine,2021,0,1,0.74947685,0,-103.0,-114.0
california-riverside_vs_uc santa barbara_20210226,2021-02-26,california-riverside,UC Santa Barbara,2021,0,0,0.42737216,1,120.0,-140.0
california-riverside_vs_uc santa barbara_20210227,2021-02-27,california-riverside,UC Santa Barbara,2021,1,0,0.4241676,0,113.0,-133.0
california-riverside_vs_hawaii_20210311,2021-03-11,california-riverside,Hawaii,2021,1,1,0.7917598,1,-185.0,160.0
san-diego_vs_nevada_20201214,2020-12-14,san-diego,Nevada,2021,0,1,0.63619095,0,155.0,-175.0
california-san-diego_vs_uc irvine_20210109,2021-01-09,california-san-diego,UC Irvine,2021,0,1,0.5006724,0,230.0,-270.0
california-san-diego_vs_uc santa barbara_20210115,2021-01-15,california-san-diego,UC Santa Barbara,2021,0,0,0.42800653,1,450.0,-600.0
california-san-diego_vs_uc santa barbara_20210116,2021-01-16,california-san-diego,UC Santa Barbara,2021,0,0,0.39155775,1,600.0,-900.0
san-diego_vs_santa clara_20210117,2021-01-17,san-diego,Santa Clara,2021,0,1,0.56465775,0,155.0,-175.0
california-san-diego_vs_uc davis_20210122,2021-01-22,california-san-diego,UC Davis,2021,1,1,0.70462316,1,125.0,-145.0
california-san-diego_vs_uc davis_20210123,2021-01-23,california-san-diego,UC Davis,2021,0,1,0.75505406,0,-130.0,
san-diego_vs_gonzaga_20210128,2021-01-28,san-diego,Gonzaga,2021,0,0,0.0918923,1,1550.0,-5000.0
california-san-diego_vs_uc riverside_20210131,2021-01-31,california-san-diego,UC Riverside,2021,0,0,0.43671164,1,290.0,-350.0
california-san-diego_vs_cal state bakersfield_20210212,2021-02-12,california-san-diego,Cal State Bakersfield,2021,0,0,0.37709698,1,335.0,-420.0
california-san-diego_vs_cal state bakersfield_20210213,2021-02-13,california-san-diego,Cal State Bakersfield,2021,0,0,0.3720914,1,310.0,-380.0
california-san-diego_vs_uc riverside_20210219,2021-02-19,california-san-diego,UC Riverside,2021,0,0,0.3855801,1,306.0,-385.0
california-san-diego_vs_uc riverside_20210220,2021-02-20,california-san-diego,UC Riverside,2021,1,0,0.38151422,0,256.0,-328.0
san-diego_vs_pacific_20210223,2021-02-23,san-diego,Pacific,2021,0,0,0.41644704,1,120.0,-140.0
california-san-diego_vs_uc irvine_20210226,2021-02-26,california-san-diego,UC Irvine,2021,0,0,0.3499303,1,493.0,-685.0
california-san-diego_vs_uc irvine_20210227,2021-02-27,california-san-diego,UC Irvine,2021,0,0,0.35847685,1,600.0,-900.0
san-diego_vs_pepperdine_20210227,2021-02-27,san-diego,Pepperdine,2021,0,0,0.43933997,1,164.0,-192.0
san-diego_vs_san francisco_20210304,2021-03-04,san-diego,San Francisco,2021,0,0,0.35486564,1,250.0,-300.0
california-san-diego_vs_cal state fullerton_20210305,2021-03-05,california-san-diego,Cal State Fullerton,2021,1,1,0.70736414,1,-150.0,130.0
california-san-diego_vs_cal state fullerton_20210306,2021-03-06,california-san-diego,Cal State Fullerton,2021,1,1,0.7235183,1,-140.0,120.0
california-santa-barbara_vs_cal state fullerton_20210102,2021-01-02,california-santa-barbara,Cal State Fullerton,2021,1,1,0.863479,1,-1500.0,1000.0
california-santa-barbara_vs_cal state bakersfield_20210219,2021-02-19,california-santa-barbara,Cal State Bakersfield,2021,1,1,0.8031304,1,-335.0,275.0
california-santa-barbara_vs_cal state bakersfield_20210220,2021-02-20,california-santa-barbara,Cal State Bakersfield,2021,1,1,0.81769013,1,-345.0,285.0
california-santa-barbara_vs_cal poly_20210305,2021-03-05,california-santa-barbara,Cal Poly,2021,1,1,0.96175146,1,-2600.0,1198.0
california-santa-barbara_vs_cal poly_20210306,2021-03-06,california-santa-barbara,Cal Poly,2021,1,1,0.96330696,1,-2200.0,1098.0
california-santa-barbara_vs_long beach state_20210311,2021-03-11,california-santa-barbara,Long Beach State,2021,1,1,0.93095815,1,-850.0,615.0
california-santa-barbara_vs_creighton_20210320,2021-03-20,california-santa-barbara,Creighton,2021,0,0,0.36113256,1,270.0,-330.0
cal-poly_vs_santa clara_20201209,2020-12-09,cal-poly,Santa Clara,2021,0,0,0.37921783,1,374.0,-480.0
cal-poly_vs_san diego_20201216,2020-12-16,cal-poly,San Diego,2021,0,0,0.4604698,1,255.0,-310.0
cal-poly_vs_uc riverside_20210115,2021-01-15,cal-poly,UC Riverside,2021,0,0,0.20550047,1,345.0,-430.0
cal-poly_vs_uc riverside_20210116,2021-01-16,cal-poly,UC Riverside,2021,0,0,0.15986526,1,415.0,-525.0
cal-poly_vs_cal state northridge_20210129,2021-01-29,cal-poly,Cal State Northridge,2021,1,1,0.50322694,1,185.0,-225.0
cal-poly_vs_cal state northridge_20210130,2021-01-30,cal-poly,Cal State Northridge,2021,0,1,0.5017017,0,145.0,-165.0
cal-poly_vs_uc davis_20210226,2021-02-26,cal-poly,UC Davis,2021,0,0,0.33935952,1,220.0,-260.0
cal-poly_vs_uc davis_20210227,2021-02-27,cal-poly,UC Davis,2021,0,0,0.34053126,1,225.0,-265.0
cal-poly_vs_cal state fullerton_20210309,2021-03-09,cal-poly,Cal State Fullerton,2021,1,0,0.24221529,0,205.0,-245.0
cal-state-bakersfield_vs_idaho_20201212,2020-12-12,cal-state-bakersfield,Idaho,2021,1,1,0.87288344,1,-887.0,615.0
cal-state-bakersfield_vs_cal poly_20210108,2021-01-08,cal-state-bakersfield,Cal Poly,2021,1,1,0.83478993,1,-988.0,667.0
cal-state-bakersfield_vs_cal poly_20210109,2021-01-09,cal-state-bakersfield,Cal Poly,2021,1,1,0.88082504,1,-793.0,609.0
cal-state-bakersfield_vs_cal state fullerton_20210129,2021-01-29,cal-state-bakersfield,Cal State Fullerton,2021,0,1,0.9018041,0,-500.0,384.0
cal-state-bakersfield_vs_cal state fullerton_20210130,2021-01-30,cal-state-bakersfield,Cal State Fullerton,2021,1,1,0.8160861,1,-450.0,360.0
cal-state-bakersfield_vs_cal state northridge_20210226,2021-02-26,cal-state-bakersfield,Cal State Northridge,2021,1,1,0.80389786,1,-365.0,295.0
cal-state-bakersfield_vs_cal state northridge_20210227,2021-02-27,cal-state-bakersfield,Cal State Northridge,2021,0,1,0.89437854,0,-500.0,395.0
cal-state-fullerton_vs_long beach state_20210108,2021-01-08,cal-state-fullerton,Long Beach State,2021,0,1,0.5137956,0,-117.0,-103.0
cal-state-fullerton_vs_long beach state_20210109,2021-01-09,cal-state-fullerton,Long Beach State,2021,1,1,0.5278494,1,-125.0,105.0
cal-state-fullerton_vs_cal state northridge_20210116,2021-01-16,cal-state-fullerton,Cal State Northridge,2021,0,1,0.60640055,0,-105.0,-115.0
cal-state-fullerton_vs_cal state northridge_20210117,2021-01-17,cal-state-fullerton,Cal State Northridge,2021,1,1,0.6180672,1,-150.0,130.0
cal-state-fullerton_vs_hawaii_20210122,2021-01-22,cal-state-fullerton,Hawaii,2021,1,0,0.39965478,0,145.0,-165.0
cal-state-fullerton_vs_hawaii_20210123,2021-01-23,cal-state-fullerton,Hawaii,2021,0,0,0.46591708,1,120.0,-140.0
cal-state-fullerton_vs_uc irvine_20210219,2021-02-19,cal-state-fullerton,UC Irvine,2021,0,0,0.31251037,1,410.0,-515.0
cal-state-fullerton_vs_uc irvine_20210220,2021-02-20,cal-state-fullerton,UC Irvine,2021,1,0,0.27711824,0,350.0,-435.0
cal-state-northridge_vs_seattle_20201130,2020-11-30,cal-state-northridge,Seattle,2021,1,0,0.31787276,0,115.0,-135.0
cal-state-northridge_vs_stanford_20201215,2020-12-15,cal-state-northridge,Stanford,2021,0,0,0.18589815,1,1028.0,-1891.0
cal-state-northridge_vs_uc santa barbara_20210122,2021-01-22,cal-state-northridge,UC Santa Barbara,2021,0,0,0.25968683,1,367.0,-475.0
cal-state-northridge_vs_uc santa barbara_20210123,2021-01-23,cal-state-northridge,UC Santa Barbara,2021,0,0,0.1401327,1,550.0,-750.0
cal-state-northridge_vs_uc davis_20210205,2021-02-05,cal-state-northridge,UC Davis,2021,1,1,0.578642,1,105.0,-125.0
cal-state-northridge_vs_uc davis_20210206,2021-02-06,cal-state-northridge,UC Davis,2021,0,1,0.6171099,0,,-130.0
cal-state-northridge_vs_hawaii_20210219,2021-02-19,cal-state-northridge,Hawaii,2021,0,0,0.3548841,1,150.0,-170.0
cal-state-northridge_vs_hawaii_20210220,2021-02-20,cal-state-northridge,Hawaii,2021,1,0,0.35872176,0,160.0,-180.0
cal-state-northridge_vs_uc riverside_20210305,2021-03-05,cal-state-northridge,UC Riverside,2021,0,0,0.2433566,1,335.0,-420.0
cal-state-northridge_vs_uc riverside_20210306,2021-03-06,cal-state-northridge,UC Riverside,2021,0,0,0.24459367,1,290.0,-350.0
cal-state-northridge_vs_long beach state_20210309,2021-03-09,cal-state-northridge,Long Beach State,2021,0,0,0.48647457,1,-142.0,121.0
campbell_vs_new orleans_20201209,2020-12-09,campbell,New Orleans,2021,1,1,0.6520286,1,-205.0,175.0
campbell_vs_unc wilmington_20201221,2020-12-21,campbell,UNC Wilmington,2021,0,1,0.5426022,0,138.0,-158.0
campbell_vs_presbyterian_20210114,2021-01-14,campbell,Presbyterian,2021,1,1,0.7939527,1,-330.0,257.0
campbell_vs_presbyterian_20210115,2021-01-15,campbell,Presbyterian,2021,1,1,0.7756366,1,-339.0,263.0
campbell_vs_radford_20210119,2021-01-19,campbell,Radford,2021,0,1,0.62769264,0,120.0,-141.0
campbell_vs_radford_20210120,2021-01-20,campbell,Radford,2021,0,1,0.62424344,0,124.0,-145.0
campbell_vs_charleston southern_20210129,2021-01-29,campbell,Charleston Southern,2021,1,1,0.82514644,1,-354.0,273.0
campbell_vs_charleston southern_20210130,2021-01-30,campbell,Charleston Southern,2021,1,1,0.81724757,1,-310.0,244.0
campbell_vs_usc upstate_20210211,2021-02-11,campbell,USC Upstate,2021,1,1,0.66824704,1,-179.0,151.0
campbell_vs_usc upstate_20210212,2021-02-12,campbell,USC Upstate,2021,1,1,0.6609942,1,-184.0,154.0
campbell_vs_high point_20210223,2021-02-23,campbell,High Point,2021,1,1,0.63484865,1,-153.0,130.0
campbell_vs_gardner-webb_20210301,2021-03-01,campbell,Gardner-Webb,2021,1,0,0.44926736,0,-126.0,105.0
canisius_vs_marist_20201212,2020-12-12,canisius,Marist,2021,0,1,0.807227,0,-190.0,165.0
canisius_vs_saint peter's_20210101,2021-01-01,canisius,Saint Peter's,2021,1,0,0.42995685,0,170.0,-200.0
canisius_vs_saint peter's_20210102,2021-01-02,canisius,Saint Peter's,2021,1,1,0.51156217,1,140.0,-160.0
canisius_vs_rider_20210308,2021-03-08,canisius,Rider,2021,0,1,0.5852847,0,-255.0,215.0
central-arkansas_vs_new orleans_20210106,2021-01-06,central-arkansas,New Orleans,2021,1,1,0.8185538,1,-300.0,247.0
central-arkansas_vs_sam houston state_20210109,2021-01-09,central-arkansas,Sam Houston State,2021,0,1,0.6719881,0,-103.0,-113.0
central-arkansas_vs_northwestern state_20210130,2021-01-30,central-arkansas,Northwestern State,2021,0,1,0.6734663,0,-166.0,140.0
central-arkansas_vs_mcneese state_20210206,2021-02-06,central-arkansas,McNeese State,2021,0,1,0.70192623,0,-193.0,161.0
central-arkansas_vs_abilene christian_20210227,2021-02-27,central-arkansas,Abilene Christian,2021,1,0,0.11695697,0,773.0,-1438.0
central-arkansas_vs_stephen f. austin_20210301,2021-03-01,central-arkansas,Stephen F. Austin,2021,0,0,0.24462152,1,520.0,-700.0
central-arkansas_vs_southeastern louisiana_20210303,2021-03-03,central-arkansas,Southeastern Louisiana,2021,1,1,0.7224407,1,-131.0,112.0
central-connecticut-state_vs_mount st. mary's_20210121,2021-01-21,central-connecticut-state,Mount St. Mary's,2021,0,0,0.36160332,1,185.0,-225.0
central-connecticut-state_vs_mount st. mary's_20210122,2021-01-22,central-connecticut-state,Mount St. Mary's,2021,1,0,0.36149803,0,228.0,-286.0
central-connecticut-state_vs_merrimack_20210211,2021-02-11,central-connecticut-state,Merrimack,2021,0,1,0.52803236,0,164.0,-184.0
central-connecticut-state_vs_merrimack_20210212,2021-02-12,central-connecticut-state,Merrimack,2021,0,0,0.47209793,1,183.0,-222.0
central-connecticut-state_vs_sacred heart_20210217,2021-02-17,central-connecticut-state,Sacred Heart,2021,0,0,0.3646131,1,125.0,-147.0
central-connecticut-state_vs_wagner_20210225,2021-02-25,central-connecticut-state,Wagner,2021,0,0,0.27716154,1,296.0,-391.0
central-connecticut-state_vs_wagner_20210226,2021-02-26,central-connecticut-state,Wagner,2021,1,0,0.2678078,0,345.0,-472.0
central-florida_vs_cincinnati_20201222,2020-12-22,central-florida,Cincinnati,2021,1,1,0.5208274,1,125.0,-145.0
central-florida_vs_houston_20201226,2020-12-26,central-florida,Houston,2021,0,0,0.23625237,1,290.0,-350.0
central-florida_vs_smu_20210123,2021-01-23,central-florida,SMU,2021,0,0,0.3247238,1,175.0,-210.0
central-florida_vs_east carolina_20210127,2021-01-27,central-florida,East Carolina,2021,1,1,0.80061007,1,-250.0,210.0
central-florida_vs_wichita state_20210210,2021-02-10,central-florida,Wichita State,2021,0,0,0.49588126,1,115.0,-135.0
central-florida_vs_tulane_20210212,2021-02-12,central-florida,Tulane,2021,1,1,0.69660336,1,-190.0,165.0
central-florida_vs_south florida_20210217,2021-02-17,central-florida,South Florida,2021,1,1,0.72719306,1,-165.0,145.0
central-florida_vs_tulsa_20210302,2021-03-02,central-florida,Tulsa,2021,1,1,0.7092833,1,-160.0,140.0
central-florida_vs_east carolina_20210311,2021-03-11,central-florida,East Carolina,2021,1,1,0.68029356,1,-200.0,170.0
central-florida_vs_memphis_20210312,2021-03-12,central-florida,Memphis,2021,0,0,0.29644027,1,240.0,-285.0
central-michigan_vs_valparaiso_20201212,2020-12-12,central-michigan,Valparaiso,2021,1,0,0.31393743,0,160.0,-189.0
central-michigan_vs_bowling green_20210109,2021-01-09,central-michigan,Bowling Green,2021,0,0,0.3389125,1,220.0,-260.0
central-michigan_vs_kent state_20210112,2021-01-12,central-michigan,Kent State,2021,0,0,0.3524733,1,300.0,-360.0
central-michigan_vs_eastern michigan_20210116,2021-01-16,central-michigan,Eastern Michigan,2021,1,0,0.42262018,0,-122.0,102.0
central-michigan_vs_ohio_20210202,2021-02-02,central-michigan,Ohio,2021,0,0,0.23989435,1,320.0,-400.0
central-michigan_vs_miami (oh)_20210223,2021-02-23,central-michigan,Miami (OH),2021,0,0,0.44530421,1,175.0,-210.0
central-michigan_vs_toledo_20210302,2021-03-02,central-michigan,Toledo,2021,1,0,0.120261274,0,830.0,-1602.0
central-michigan_vs_northern illinois_20210305,2021-03-05,central-michigan,Northern Illinois,2021,0,1,0.7534551,0,-210.0,180.0
charleston-southern_vs_eastern kentucky_20201127,2020-11-27,charleston-southern,Eastern Kentucky,2021,0,0,0.25273067,1,210.0,-255.0
charleston-southern_vs_north carolina a&t_20201201,2020-12-01,charleston-southern,North Carolina A&T,2021,0,1,0.6689963,0,-136.0,117.0
charleston-southern_vs_hampton_20201221,2020-12-21,charleston-southern,Hampton,2021,0,1,0.7332289,0,-205.0,173.0
charleston-southern_vs_hampton_20201222,2020-12-22,charleston-southern,Hampton,2021,0,1,0.6858903,0,-169.0,144.0
charleston-southern_vs_winthrop_20210104,2021-01-04,charleston-southern,Winthrop,2021,0,0,0.16259551,1,896.0,-1516.0
charleston-southern_vs_winthrop_20210105,2021-01-05,charleston-southern,Winthrop,2021,0,0,0.16233188,1,998.0,-1801.0
charleston-southern_vs_radford_20210109,2021-01-09,charleston-southern,Radford,2021,0,1,0.54799783,0,125.0,-146.0
charleston-southern_vs_radford_20210110,2021-01-10,charleston-southern,Radford,2021,0,0,0.41118443,1,183.0,-217.0
charleston-southern_vs_longwood_20210218,2021-02-18,charleston-southern,Longwood,2021,0,0,0.31167418,1,141.0,-167.0
charleston-southern_vs_longwood_20210219,2021-02-19,charleston-southern,Longwood,2021,0,0,0.3145501,1,165.0,-190.0
charlotte_vs_georgia state_20201204,2020-12-04,charlotte,Georgia State,2021,0,0,0.38751218,1,160.0,-185.0
charlotte_vs_south carolina state_20201207,2020-12-07,charlotte,South Carolina State,2021,1,1,0.9307727,1,-3939.0,1482.0
charlotte_vs_appalachian state_20201211,2020-12-11,charlotte,Appalachian State,2021,0,1,0.72317445,0,-155.0,135.0
charlotte_vs_north carolina a&t_20201219,2020-12-19,charlotte,North Carolina A&T,2021,1,1,0.8708174,1,-942.0,644.0
charlotte_vs_western kentucky_20210101,2021-01-01,charlotte,Western Kentucky,2021,0,0,0.2903295,1,235.0,-275.0
charlotte_vs_western kentucky_20210102,2021-01-02,charlotte,Western Kentucky,2021,1,0,0.30167586,0,220.0,-260.0
charlotte_vs_uab_20210115,2021-01-15,charlotte,UAB,2021,0,0,0.37280446,1,-145.0,125.0
charlotte_vs_uab_20210116,2021-01-16,charlotte,UAB,2021,1,0,0.29441607,0,115.0,-135.0
charlotte_vs_florida international_20210129,2021-01-29,charlotte,Florida International,2021,1,1,0.6192701,1,-300.0,250.0
charlotte_vs_florida international_20210130,2021-01-30,charlotte,Florida International,2021,1,1,0.6236007,1,-275.0,235.0
charlotte_vs_old dominion_20210210,2021-02-10,charlotte,Old Dominion,2021,0,1,0.60398805,0,-120.0,100.0
charlotte_vs_utsa_20210310,2021-03-10,charlotte,UTSA,2021,0,0,0.22496422,1,175.0,-205.0
chattanooga_vs_unc asheville_20201216,2020-12-16,chattanooga,UNC Asheville,2021,1,1,0.67508143,1,-265.0,220.0
chattanooga_vs_furman_20201230,2020-12-30,chattanooga,Furman,2021,0,0,0.3308422,1,273.0,-336.0
chattanooga_vs_samford_20210106,2021-01-06,chattanooga,Samford,2021,1,1,0.674446,1,-220.0,180.0
chattanooga_vs_mercer_20210113,2021-01-13,chattanooga,Mercer,2021,1,1,0.5766002,1,101.0,-117.0
chattanooga_vs_wofford_20210116,2021-01-16,chattanooga,Wofford,2021,0,0,0.48920798,1,115.0,-135.0
chattanooga_vs_unc greensboro_20210123,2021-01-23,chattanooga,UNC Greensboro,2021,0,1,0.51182944,0,150.0,-170.0
chattanooga_vs_the citadel_20210213,2021-02-13,chattanooga,The Citadel,2021,1,1,0.6952183,1,-485.0,385.0
chattanooga_vs_east tennessee state_20210215,2021-02-15,chattanooga,East Tennessee State,2021,1,1,0.50039697,1,-122.0,102.0
chattanooga_vs_western carolina_20210217,2021-02-17,chattanooga,Western Carolina,2021,1,1,0.7701568,1,-300.0,250.0
chattanooga_vs_east tennessee state_20210306,2021-03-06,chattanooga,East Tennessee State,2021,0,0,0.4518153,1,142.0,-162.0
chicago-state_vs_north carolina a&t_20201127,2020-11-27,chicago-state,North Carolina A&T,2021,0,0,0.38180748,1,569.0,-800.0
cincinnati_vs_xavier_20201206,2020-12-06,cincinnati,Xavier,2021,0,1,0.6070164,0,-165.0,145.0
cincinnati_vs_furman_20201209,2020-12-09,cincinnati,Furman,2021,1,1,0.5744995,1,-164.0,144.0
cincinnati_vs_south florida_20201216,2020-12-16,cincinnati,South Florida,2021,0,1,0.79296076,0,-420.0,335.0
cincinnati_vs_tulsa_20210102,2021-01-02,cincinnati,Tulsa,2021,0,1,0.68808556,0,-240.0,200.0
cincinnati_vs_temple_20210212,2021-02-12,cincinnati,Temple,2021,1,1,0.6544592,1,-263.0,218.0
cincinnati_vs_ucf_20210214,2021-02-14,cincinnati,UCF,2021,1,1,0.61919093,1,-250.0,210.0
cincinnati_vs_tulane_20210226,2021-02-26,cincinnati,Tulane,2021,1,1,0.6926821,1,-260.0,220.0
cincinnati_vs_memphis_20210228,2021-02-28,cincinnati,Memphis,2021,0,0,0.34243345,1,145.0,-165.0
cincinnati_vs_vanderbilt_20210304,2021-03-04,cincinnati,Vanderbilt,2021,0,1,0.5349261,0,-265.0,225.0
cincinnati_vs_smu_20210312,2021-03-12,cincinnati,SMU,2021,1,0,0.31055918,0,180.0,-220.0
cincinnati_vs_wichita state_20210313,2021-03-13,cincinnati,Wichita State,2021,1,0,0.29067758,0,160.0,-185.0
cincinnati_vs_houston_20210314,2021-03-14,cincinnati,Houston,2021,0,0,0.12956065,1,600.0,-900.0
citadel_vs_presbyterian_20201222,2020-12-22,citadel,Presbyterian,2021,1,1,0.8669158,1,-252.0,210.0
citadel_vs_chattanooga_20210109,2021-01-09,citadel,Chattanooga,2021,1,0,0.49545336,0,230.0,-275.0
citadel_vs_furman_20210113,2021-01-13,citadel,Furman,2021,0,0,0.20943874,1,660.0,-1000.0
citadel_vs_mercer_20210120,2021-01-20,citadel,Mercer,2021,0,0,0.43482053,1,289.0,-360.0
citadel_vs_wofford_20210127,2021-01-27,citadel,Wofford,2021,1,0,0.34144408,0,320.0,-390.0
citadel_vs_unc greensboro_20210203,2021-02-03,citadel,UNC Greensboro,2021,0,0,0.28594065,1,447.0,-600.0
citadel_vs_western carolina_20210206,2021-02-06,citadel,Western Carolina,2021,1,1,0.65138674,1,105.0,-125.0
citadel_vs_east tennessee state_20210210,2021-02-10,citadel,East Tennessee State,2021,1,0,0.2976847,0,270.0,-325.0
citadel_vs_vmi_20210220,2021-02-20,citadel,VMI,2021,1,0,0.46332988,0,137.0,-157.0
citadel_vs_western carolina_20210305,2021-03-05,citadel,Western Carolina,2021,1,1,0.5356327,1,138.0,-158.0
citadel_vs_unc greensboro_20210306,2021-03-06,citadel,UNC Greensboro,2021,0,0,0.20265003,1,462.0,-625.0
clemson_vs_purdue_20201126,2020-11-26,clemson,Purdue,2021,1,1,0.54909277,1,121.0,-141.0
clemson_vs_south carolina state_20201202,2020-12-02,clemson,South Carolina State,2021,1,1,0.95079947,1,-100000.0,3000.0
clemson_vs_maryland_20201209,2020-12-09,clemson,Maryland,2021,1,1,0.5799221,1,-125.0,105.0
clemson_vs_morehead state_20201221,2020-12-21,clemson,Morehead State,2021,1,1,0.96554506,1,-6000.0,1673.0
clemson_vs_florida state_20201229,2020-12-29,clemson,Florida State,2021,1,1,0.6038096,1,-122.0,102.0
clemson_vs_nc state_20210105,2021-01-05,clemson,NC State,2021,1,1,0.65852696,1,-190.0,165.0
clemson_vs_virginia_20210116,2021-01-16,clemson,Virginia,2021,0,1,0.6461884,0,107.0,-127.0
clemson_vs_louisville_20210127,2021-01-27,clemson,Louisville,2021,1,1,0.64760935,1,-125.0,105.0
clemson_vs_north carolina_20210202,2021-02-02,clemson,North Carolina,2021,1,0,0.44708663,0,135.0,-155.0
clemson_vs_syracuse_20210206,2021-02-06,clemson,Syracuse,2021,1,0,0.3828827,0,-155.0,135.0
clemson_vs_georgia tech_20210212,2021-02-12,clemson,Georgia Tech,2021,1,1,0.6037117,1,-175.0,155.0
clemson_vs_miami (fl)_20210227,2021-02-27,clemson,Miami (FL),2021,1,1,0.87998885,1,-900.0,640.0
clemson_vs_pittsburgh_20210306,2021-03-06,clemson,Pittsburgh,2021,1,1,0.7475992,1,-425.0,345.0
clemson_vs_miami (fl)_20210310,2021-03-10,clemson,Miami (FL),2021,0,1,0.82145095,0,-375.0,305.0
clemson_vs_rutgers_20210319,2021-03-19,clemson,Rutgers,2021,0,0,0.42853257,1,130.0,-150.0
cleveland-state_vs_youngstown state_20201226,2020-12-26,cleveland-state,Youngstown State,2021,1,1,0.5563495,1,111.0,-131.0
cleveland-state_vs_youngstown state_20201227,2020-12-27,cleveland-state,Youngstown State,2021,1,1,0.6587177,1,-121.0,102.0
cleveland-state_vs_northern kentucky_20210108,2021-01-08,cleveland-state,Northern Kentucky,2021,1,1,0.6734117,1,-130.0,
cleveland-state_vs_northern kentucky_20210109,2021-01-09,cleveland-state,Northern Kentucky,2021,1,1,0.732197,1,-150.0,130.0
cleveland-state_vs_milwaukee_20210122,2021-01-22,cleveland-state,Milwaukee,2021,1,1,0.7350492,1,-172.0,152.0
cleveland-state_vs_milwaukee_20210123,2021-01-23,cleveland-state,Milwaukee,2021,0,1,0.75212353,0,-155.0,135.0
cleveland-state_vs_green bay_20210129,2021-01-29,cleveland-state,Green Bay,2021,1,1,0.7302318,1,-185.0,160.0
cleveland-state_vs_green bay_20210130,2021-01-30,cleveland-state,Green Bay,2021,1,1,0.7248673,1,-162.0,142.0
cleveland-state_vs_detroit mercy_20210212,2021-02-12,cleveland-state,Detroit Mercy,2021,0,1,0.63153064,0,-155.0,135.0
cleveland-state_vs_detroit mercy_20210213,2021-02-13,cleveland-state,Detroit Mercy,2021,1,1,0.61133426,1,-140.0,120.0
cleveland-state_vs_milwaukee_20210308,2021-03-08,cleveland-state,Milwaukee,2021,1,1,0.6605833,1,-200.0,170.0
cleveland-state_vs_oakland_20210309,2021-03-09,cleveland-state,Oakland,2021,1,1,0.56524295,1,-145.0,125.0
cleveland-state_vs_houston_20210319,2021-03-19,cleveland-state,Houston,2021,0,0,0.10847928,1,1336.0,-2078.0
coastal-carolina_vs_delaware state_20201217,2020-12-17,coastal-carolina,Delaware State,2021,1,1,0.889126,1,-12304.0,2049.0
coastal-carolina_vs_georgia state_20210101,2021-01-01,coastal-carolina,Georgia State,2021,1,0,0.43936455,0,135.0,-155.0
coastal-carolina_vs_georgia state_20210102,2021-01-02,coastal-carolina,Georgia State,2021,0,0,0.4910842,1,125.0,-145.0
coastal-carolina_vs_south alabama_20210108,2021-01-08,coastal-carolina,South Alabama,2021,1,1,0.7215391,1,-200.0,170.0
coastal-carolina_vs_south alabama_20210109,2021-01-09,coastal-carolina,South Alabama,2021,1,1,0.720614,1,-225.0,185.0
coastal-carolina_vs_troy_20210122,2021-01-22,coastal-carolina,Troy,2021,1,1,0.8480435,1,-610.0,470.0
coastal-carolina_vs_troy_20210123,2021-01-23,coastal-carolina,Troy,2021,1,1,0.8076573,1,-525.0,415.0
coastal-carolina_vs_georgia southern_20210221,2021-02-21,coastal-carolina,Georgia Southern,2021,1,1,0.75435483,1,-265.0,225.0
coastal-carolina_vs_troy_20210306,2021-03-06,coastal-carolina,Troy,2021,1,1,0.7671634,1,-425.0,340.0
coastal-carolina_vs_stetson_20210323,2021-03-23,coastal-carolina,Stetson,2021,1,1,0.63369465,1,-315.0,260.0
coastal-carolina_vs_pepperdine_20210324,2021-03-24,coastal-carolina,Pepperdine,2021,0,0,0.3278384,1,165.0,-190.0
colgate_vs_army_20210103,2021-01-03,colgate,Army,2021,0,1,0.8153774,0,-399.0,319.0
colgate_vs_holy cross_20210116,2021-01-16,colgate,Holy Cross,2021,1,1,0.9453529,1,-1898.0,926.0
colgate_vs_holy cross_20210117,2021-01-17,colgate,Holy Cross,2021,1,1,0.9517057,1,-1882.0,921.0
colgate_vs_boston university_20210220,2021-02-20,colgate,Boston University,2021,1,1,0.9548983,1,-787.0,509.0
colgate_vs_boston university_20210221,2021-02-21,colgate,Boston University,2021,1,1,0.9484256,1,-625.0,485.0
colgate_vs_boston university_20210306,2021-03-06,colgate,Boston University,2021,1,1,0.9510241,1,-728.0,565.0
colgate_vs_bucknell_20210310,2021-03-10,colgate,Bucknell,2021,1,1,0.9561428,1,-700.0,506.0
colgate_vs_loyola (md)_20210314,2021-03-14,colgate,Loyola (MD),2021,1,1,0.9214341,1,-502.0,403.0
college-of-charleston_vs_furman_20201205,2020-12-05,college-of-charleston,Furman,2021,0,0,0.39007512,1,263.0,-325.0
college-of-charleston_vs_marshall_20201209,2020-12-09,college-of-charleston,Marshall,2021,0,0,0.41526473,1,248.0,-302.0
college-of-charleston_vs_south carolina state_20201211,2020-12-11,college-of-charleston,South Carolina State,2021,1,1,0.945119,1,-4741.0,1591.0
college-of-charleston_vs_western carolina_20201218,2020-12-18,college-of-charleston,Western Carolina,2021,0,0,0.48926654,1,-160.0,140.0
college-of-charleston_vs_drexel_20210109,2021-01-09,college-of-charleston,Drexel,2021,1,0,0.44864333,0,-122.0,105.0
college-of-charleston_vs_drexel_20210110,2021-01-10,college-of-charleston,Drexel,2021,1,0,0.43859723,0,,-130.0
college-of-charleston_vs_northeastern_20210116,2021-01-16,college-of-charleston,Northeastern,2021,0,0,0.4184936,1,,-130.0
college-of-charleston_vs_northeastern_20210117,2021-01-17,college-of-charleston,Northeastern,2021,0,0,0.3776617,1,105.0,-125.0
college-of-charleston_vs_towson_20210206,2021-02-06,college-of-charleston,Towson,2021,1,1,0.71762884,1,-200.0,170.0
college-of-charleston_vs_towson_20210207,2021-02-07,college-of-charleston,Towson,2021,1,1,0.69896036,1,-168.0,148.0
college-of-charleston_vs_elon_20210213,2021-02-13,college-of-charleston,Elon,2021,1,1,0.734519,1,-350.0,290.0
college-of-charleston_vs_elon_20210214,2021-02-14,college-of-charleston,Elon,2021,0,1,0.78030485,0,-385.0,320.0
college-of-charleston_vs_drexel_20210307,2021-03-07,college-of-charleston,Drexel,2021,0,0,0.39618078,1,170.0,-200.0
colorado_vs_tennessee_20201208,2020-12-08,colorado,Tennessee,2021,0,0,0.45250028,1,220.0,-260.0
colorado_vs_omaha_20201216,2020-12-16,colorado,Omaha,2021,1,1,0.95995915,1,-5000.0,1550.0
colorado_vs_washington_20201220,2020-12-20,colorado,Washington,2021,1,1,0.71181345,1,-476.0,385.0
colorado_vs_grand canyon_20201222,2020-12-22,colorado,Grand Canyon,2021,1,1,0.9168519,1,-650.0,475.0
colorado_vs_oregon_20210107,2021-01-07,colorado,Oregon,2021,1,1,0.63578206,1,-170.0,150.0
colorado_vs_california_20210114,2021-01-14,colorado,California,2021,1,1,0.96674734,1,-1250.0,800.0
colorado_vs_stanford_20210116,2021-01-16,colorado,Stanford,2021,1,1,0.7757265,1,-344.0,277.0
colorado_vs_washington state_20210127,2021-01-27,colorado,Washington State,2021,1,1,0.8697579,1,-1500.0,876.0
colorado_vs_utah_20210130,2021-01-30,colorado,Utah,2021,0,1,0.817368,0,-400.0,317.0
colorado_vs_arizona_20210206,2021-02-06,colorado,Arizona,2021,1,1,0.72298545,1,-290.0,245.0
colorado_vs_oregon state_20210208,2021-02-08,colorado,Oregon State,2021,1,1,0.90435314,1,-800.0,562.0
colorado_vs_southern california_20210225,2021-02-25,colorado,Southern California,2021,1,1,0.6365812,1,-170.0,148.0
colorado_vs_ucla_20210227,2021-02-27,colorado,UCLA,2021,1,1,0.7897149,1,-258.0,214.0
colorado_vs_arizona state_20210304,2021-03-04,colorado,Arizona State,2021,1,1,0.88046384,1,-550.0,425.0
colorado_vs_southern california_20210312,2021-03-12,colorado,Southern California,2021,1,0,0.48306704,0,-123.0,103.0
colorado_vs_oregon state_20210313,2021-03-13,colorado,Oregon State,2021,0,1,0.8076287,0,-400.0,325.0
colorado_vs_georgetown_20210320,2021-03-20,colorado,Georgetown,2021,1,1,0.61969584,1,-245.0,205.0
colorado_vs_florida state_20210322,2021-03-22,colorado,Florida State,2021,0,0,0.42654648,1,-108.0,-112.0
colorado-state_vs_santa clara_20201222,2020-12-22,colorado-state,Santa Clara,2021,1,0,0.46249998,0,,
colorado-state_vs_fresno state_20201230,2020-12-30,colorado-state,Fresno State,2021,1,1,0.78478414,1,-525.0,420.0
colorado-state_vs_unlv_20210107,2021-01-07,colorado-state,UNLV,2021,1,1,0.7153283,1,-513.0,396.0
colorado-state_vs_unlv_20210109,2021-01-09,colorado-state,UNLV,2021,1,1,0.6996041,1,-310.0,260.0
colorado-state_vs_boise state_20210127,2021-01-27,colorado-state,Boise State,2021,1,0,0.39647484,0,140.0,-160.0
colorado-state_vs_boise state_20210129,2021-01-29,colorado-state,Boise State,2021,0,1,0.5739375,0,125.0,-145.0
colorado-state_vs_air force_20210227,2021-02-27,colorado-state,Air Force,2021,1,1,0.93642586,1,-1299.0,928.0
colorado-state_vs_air force_20210301,2021-03-01,colorado-state,Air Force,2021,1,1,0.9365069,1,-1286.0,920.0
colorado-state_vs_new mexico_20210303,2021-03-03,colorado-state,New Mexico,2021,1,1,0.94326705,1,-2000.0,1000.0
colorado-state_vs_fresno state_20210311,2021-03-11,colorado-state,Fresno State,2021,1,1,0.76364964,1,-400.0,325.0
colorado-state_vs_utah state_20210312,2021-03-12,colorado-state,Utah State,2021,0,0,0.2935642,1,170.0,-200.0
colorado-state_vs_nc state_20210325,2021-03-25,colorado-state,NC State,2021,1,0,0.2685687,0,,-130.0
colorado-state_vs_memphis_20210327,2021-03-27,colorado-state,Memphis,2021,0,0,0.30500183,1,160.0,-185.0
colorado-state_vs_louisiana tech_20210328,2021-03-28,colorado-state,Louisiana Tech,2021,0,0,0.4729597,1,-130.0,
connecticut_vs_southern california_20201203,2020-12-03,connecticut,Southern California,2021,1,1,0.6478984,1,-132.0,112.0
connecticut_vs_creighton_20201220,2020-12-20,connecticut,Creighton,2021,0,1,0.62412083,0,165.0,-190.0
connecticut_vs_depaul_20201230,2020-12-30,connecticut,DePaul,2021,1,1,0.7982547,1,-400.0,320.0
connecticut_vs_st. john's (ny)_20210118,2021-01-18,connecticut,St. John's (NY),2021,0,1,0.89764726,0,-325.0,265.0
connecticut_vs_butler_20210126,2021-01-26,connecticut,Butler,2021,1,1,0.9067006,1,-240.0,200.0
connecticut_vs_seton hall_20210206,2021-02-06,connecticut,Seton Hall,2021,0,1,0.7922306,0,101.0,-121.0
connecticut_vs_providence_20210216,2021-02-16,connecticut,Providence,2021,1,1,0.81660277,1,-270.0,230.0
connecticut_vs_marquette_20210227,2021-02-27,connecticut,Marquette,2021,1,1,0.8340408,1,-285.0,243.0
connecticut_vs_georgetown_20210306,2021-03-06,connecticut,Georgetown,2021,1,1,0.85913986,1,-450.0,360.0
connecticut_vs_depaul_20210311,2021-03-11,connecticut,DePaul,2021,1,1,0.8529789,1,-850.0,575.0
connecticut_vs_creighton_20210312,2021-03-12,connecticut,Creighton,2021,0,1,0.66544175,0,113.0,-132.0
connecticut_vs_maryland_20210320,2021-03-20,connecticut,Maryland,2021,0,1,0.7336017,0,-175.0,155.0
coppin-state_vs_unc greensboro_20201210,2020-12-10,coppin-state,UNC Greensboro,2021,1,0,0.20551412,0,1425.0,-3590.0
coppin-state_vs_umbc_20201213,2020-12-13,coppin-state,UMBC,2021,0,0,0.32395834,1,305.0,-373.0
coppin-state_vs_delaware state_20210104,2021-01-04,coppin-state,Delaware State,2021,1,1,0.70460445,1,-526.0,404.0
coppin-state_vs_delaware state_20210105,2021-01-05,coppin-state,Delaware State,2021,1,1,0.6792067,1,-442.0,349.0
coppin-state_vs_norfolk state_20210123,2021-01-23,coppin-state,Norfolk State,2021,1,0,0.44571748,0,123.0,-145.0
coppin-state_vs_norfolk state_20210124,2021-01-24,coppin-state,Norfolk State,2021,1,1,0.5170354,1,140.0,-166.0
coppin-state_vs_morgan state_20210130,2021-01-30,coppin-state,Morgan State,2021,0,0,0.40156955,1,127.0,-149.0
coppin-state_vs_morgan state_20210202,2021-02-02,coppin-state,Morgan State,2021,0,0,0.40245646,1,125.0,-145.0
coppin-state_vs_morgan state_20210312,2021-03-12,coppin-state,Morgan State,2021,0,0,0.36556125,1,157.0,-182.0
creighton_vs_omaha_20201201,2020-12-01,creighton,Omaha,2021,1,1,0.96741384,1,-5162.0,1640.0
creighton_vs_kennesaw state_20201204,2020-12-04,creighton,Kennesaw State,2021,1,1,0.96896553,1,-100000.0,3000.0
creighton_vs_nebraska_20201211,2020-12-11,creighton,Nebraska,2021,1,1,0.8786919,1,-1344.0,828.0
creighton_vs_marquette_20201214,2020-12-14,creighton,Marquette,2021,0,1,0.8132404,0,-400.0,325.0
creighton_vs_xavier_20201223,2020-12-23,creighton,Xavier,2021,1,1,0.6640166,1,-300.0,250.0
creighton_vs_seton hall_20210106,2021-01-06,creighton,Seton Hall,2021,1,1,0.757403,1,-240.0,200.0
creighton_vs_st. john's (ny)_20210109,2021-01-09,creighton,St. John's (NY),2021,1,1,0.88939977,1,-720.0,560.0
creighton_vs_providence_20210120,2021-01-20,creighton,Providence,2021,0,1,0.8337446,0,-500.0,400.0
creighton_vs_connecticut_20210123,2021-01-23,creighton,Connecticut,2021,1,1,0.6759585,1,-400.0,320.0
creighton_vs_georgetown_20210203,2021-02-03,creighton,Georgetown,2021,0,1,0.89963365,0,-1154.0,735.0
creighton_vs_villanova_20210213,2021-02-13,creighton,Villanova,2021,1,1,0.62787396,1,115.0,-135.0
creighton_vs_depaul_20210224,2021-02-24,creighton,DePaul,2021,1,1,0.85353297,1,-1400.0,837.0
creighton_vs_butler_20210306,2021-03-06,creighton,Butler,2021,1,1,0.85678446,1,-800.0,550.0
creighton_vs_georgetown_20210313,2021-03-13,creighton,Georgetown,2021,0,1,0.7282326,0,-375.0,305.0
creighton_vs_ohio_20210322,2021-03-22,creighton,Ohio,2021,1,1,0.6937713,1,-226.0,188.0
creighton_vs_gonzaga_20210328,2021-03-28,creighton,Gonzaga,2021,0,0,0.20771174,1,656.0,-964.0
davidson_vs_providence_20201201,2020-12-01,davidson,Providence,2021,0,0,0.3529866,1,100.0,-120.0
davidson_vs_unlv_20201202,2020-12-02,davidson,UNLV,2021,1,1,0.75306123,1,-275.0,235.0
davidson_vs_georgia southern_20201211,2020-12-11,davidson,Georgia Southern,2021,1,1,0.90690154,1,-1165.0,750.0
davidson_vs_charlotte_20201215,2020-12-15,davidson,Charlotte,2021,0,1,0.8804223,0,-700.0,506.0
davidson_vs_vanderbilt_20201222,2020-12-22,davidson,Vanderbilt,2021,1,1,0.806608,1,-300.0,250.0
davidson_vs_richmond_20201230,2020-12-30,davidson,Richmond,2021,0,1,0.6525702,0,-102.0,-118.0
davidson_vs_dayton_20210108,2021-01-08,davidson,Dayton,2021,0,1,0.740248,0,-310.0,252.0
davidson_vs_saint joseph's_20210112,2021-01-12,davidson,Saint Joseph's,2021,1,1,0.8467623,1,-1250.0,777.0
davidson_vs_fordham_20210120,2021-01-20,davidson,Fordham,2021,1,1,0.89624006,1,-2500.0,1150.0
davidson_vs_st. bonaventure_20210224,2021-02-24,davidson,St. Bonaventure,2021,0,0,0.4951873,1,-148.0,128.0
davidson_vs_vcu_20210227,2021-02-27,davidson,VCU,2021,1,0,0.32654324,0,-165.0,145.0
davidson_vs_george mason_20210305,2021-03-05,davidson,George Mason,2021,1,1,0.610255,1,-230.0,192.0
davidson_vs_nc state_20210318,2021-03-18,davidson,NC State,2021,0,0,0.423962,1,-134.0,114.0
dayton_vs_smu_20201205,2020-12-05,dayton,SMU,2021,0,0,0.34059972,1,-122.0,101.0
dayton_vs_northern kentucky_20201208,2020-12-08,dayton,Northern Kentucky,2021,1,1,0.8431045,1,-850.0,575.0
dayton_vs_mississippi state_20201212,2020-12-12,dayton,Mississippi State,2021,1,1,0.5080225,1,-145.0,125.0
dayton_vs_la salle_20201230,2020-12-30,dayton,La Salle,2021,0,1,0.8116613,0,-850.0,596.0
dayton_vs_george mason_20210102,2021-01-02,dayton,George Mason,2021,1,1,0.6622032,1,-225.0,195.0
dayton_vs_duquesne_20210113,2021-01-13,dayton,Duquesne,2021,1,1,0.6450856,1,-240.0,200.0
dayton_vs_rhode island_20210130,2021-01-30,dayton,Rhode Island,2021,1,1,0.5603938,1,-125.0,105.0
dayton_vs_george mason_20210205,2021-02-05,dayton,George Mason,2021,1,1,0.7073784,1,-265.0,225.0
dayton_vs_vcu_20210209,2021-02-09,dayton,VCU,2021,0,0,0.3503923,1,120.0,-140.0
dayton_vs_saint louis_20210219,2021-02-19,dayton,Saint Louis,2021,1,0,0.3546005,0,200.0,-240.0
dayton_vs_rhode island_20210304,2021-03-04,dayton,Rhode Island,2021,1,0,0.45470732,0,-175.0,155.0
dayton_vs_memphis_20210320,2021-03-20,dayton,Memphis,2021,0,0,0.31112692,1,180.0,-215.0
delaware_vs_george washington_20201211,2020-12-11,delaware,George Washington,2021,1,1,0.63289994,1,-101.0,-119.0
delaware_vs_morgan state_20201221,2020-12-21,delaware,Morgan State,2021,0,1,0.7040278,0,-283.0,234.0
delaware_vs_college of charleston_20210102,2021-01-02,delaware,College of Charleston,2021,1,1,0.57886434,1,-114.0,-102.0
delaware_vs_college of charleston_20210103,2021-01-03,delaware,College of Charleston,2021,0,1,0.6296059,0,140.0,-160.0
delaware_vs_hofstra_20210115,2021-01-15,delaware,Hofstra,2021,1,0,0.31794608,0,205.0,-245.0
delaware_vs_hofstra_20210117,2021-01-17,delaware,Hofstra,2021,0,0,0.49388123,1,139.0,-167.0
delaware_vs_elon_20210130,2021-01-30,delaware,Elon,2021,1,1,0.67324305,1,-245.0,203.0
delaware_vs_elon_20210131,2021-01-31,delaware,Elon,2021,1,1,0.71769506,1,-270.0,230.0
delaware_vs_hofstra_20210307,2021-03-07,delaware,Hofstra,2021,0,0,0.33134824,1,145.0,-165.0
delaware-state_vs_manhattan_20201230,2020-12-30,delaware-state,Manhattan,2021,0,0,0.40388712,1,258.0,-315.0
delaware-state_vs_norfolk state_20210116,2021-01-16,delaware-state,Norfolk State,2021,0,0,0.33673346,1,350.0,-482.0
delaware-state_vs_norfolk state_20210117,2021-01-17,delaware-state,Norfolk State,2021,0,0,0.30948296,1,376.0,-528.0
delaware-state_vs_coppin state_20210227,2021-02-27,delaware-state,Coppin State,2021,0,0,0.4557326,1,220.0,-274.0
delaware-state_vs_coppin state_20210228,2021-02-28,delaware-state,Coppin State,2021,0,0,0.48010194,1,280.0,-350.0
delaware-state_vs_morgan state_20210305,2021-03-05,delaware-state,Morgan State,2021,0,0,0.22158931,1,580.0,-800.0
delaware-state_vs_morgan state_20210306,2021-03-06,delaware-state,Morgan State,2021,1,0,0.21380974,0,595.0,-771.0
denver_vs_dixie state_20201212,2020-12-12,denver,Dixie State,2021,0,1,0.8220917,0,-140.0,120.0
denver_vs_northern colorado_20201216,2020-12-16,denver,Northern Colorado,2021,0,0,0.39297375,1,230.0,-270.0
denver_vs_texas state_20201219,2020-12-19,denver,Texas State,2021,0,0,0.24945515,1,259.0,-315.0
denver_vs_northern arizona_20201222,2020-12-22,denver,Northern Arizona,2021,0,1,0.60503834,0,-175.0,155.0
denver_vs_oral roberts_20210115,2021-01-15,denver,Oral Roberts,2021,0,0,0.15248115,1,475.0,-650.0
denver_vs_oral roberts_20210116,2021-01-16,denver,Oral Roberts,2021,0,0,0.14612924,1,400.0,-500.0
denver_vs_north dakota_20210205,2021-02-05,denver,North Dakota,2021,0,0,0.43949473,1,150.0,-170.0
denver_vs_north dakota_20210206,2021-02-06,denver,North Dakota,2021,1,0,0.44704777,0,119.0,-139.0
denver_vs_omaha_20210226,2021-02-26,denver,Omaha,2021,0,1,0.5657311,0,-120.0,100.0
denver_vs_omaha_20210227,2021-02-27,denver,Omaha,2021,0,1,0.5690553,0,-125.0,105.0
depaul_vs_seton hall_20210109,2021-01-09,depaul,Seton Hall,2021,0,1,0.5557924,0,160.0,-185.0
depaul_vs_connecticut_20210111,2021-01-11,depaul,Connecticut,2021,0,0,0.43923572,1,170.0,-195.0
depaul_vs_valparaiso_20210116,2021-01-16,depaul,Valparaiso,2021,1,1,0.9191739,1,-430.0,345.0
depaul_vs_butler_20210119,2021-01-19,depaul,Butler,2021,0,1,0.78793424,0,-135.0,115.0
depaul_vs_st. john's (ny)_20210127,2021-01-27,depaul,St. John's (NY),2021,0,1,0.6290059,0,100.0,-120.0
depaul_vs_creighton_20210130,2021-01-30,depaul,Creighton,2021,0,0,0.29247382,1,425.0,-550.0
depaul_vs_providence_20210213,2021-02-13,depaul,Providence,2021,0,0,0.4525086,1,120.0,-140.0
depaul_vs_georgetown_20210227,2021-02-27,depaul,Georgetown,2021,0,0,0.46874124,1,135.0,-155.0
depaul_vs_marquette_20210302,2021-03-02,depaul,Marquette,2021,0,0,0.45033103,1,190.0,-230.0
depaul_vs_providence_20210310,2021-03-10,depaul,Providence,2021,1,0,0.32772473,0,245.0,-290.0
detroit-mercy_vs_kent state_20201208,2020-12-08,detroit-mercy,Kent State,2021,0,1,0.7225697,0,125.0,-145.0
detroit-mercy_vs_wright state_20201219,2020-12-19,detroit-mercy,Wright State,2021,0,0,0.3755615,1,175.0,-210.0
detroit-mercy_vs_wright state_20201220,2020-12-20,detroit-mercy,Wright State,2021,0,0,0.31777588,1,220.0,-260.0
detroit-mercy_vs_oakland_20201226,2020-12-26,detroit-mercy,Oakland,2021,0,1,0.7447623,0,-180.0,160.0
detroit-mercy_vs_oakland_20201227,2020-12-27,detroit-mercy,Oakland,2021,0,1,0.7205078,0,-155.0,135.0
detroit-mercy_vs_green bay_20210115,2021-01-15,detroit-mercy,Green Bay,2021,1,1,0.7337419,1,-165.0,145.0
detroit-mercy_vs_green bay_20210116,2021-01-16,detroit-mercy,Green Bay,2021,1,1,0.76658726,1,-265.0,225.0
detroit-mercy_vs_robert morris_20210219,2021-02-19,detroit-mercy,Robert Morris,2021,1,1,0.80917376,1,-475.0,380.0
detroit-mercy_vs_robert morris_20210220,2021-02-20,detroit-mercy,Robert Morris,2021,1,1,0.80187654,1,-440.0,350.0
detroit-mercy_vs_robert morris_20210225,2021-02-25,detroit-mercy,Robert Morris,2021,1,1,0.8070907,1,-500.0,400.0
dixie-state_vs_new mexico_20210113,2021-01-13,dixie-state,New Mexico,2021,0,0,0.46719137,1,120.0,-140.0
dixie-state_vs_grand canyon_20210122,2021-01-22,dixie-state,Grand Canyon,2021,0,0,0.15886699,1,575.0,-825.0
dixie-state_vs_grand canyon_20210123,2021-01-23,dixie-state,Grand Canyon,2021,0,0,0.22002955,1,425.0,-550.0
dixie-state_vs_seattle_20210205,2021-02-05,dixie-state,Seattle,2021,1,0,0.3442768,0,120.0,-140.0
dixie-state_vs_seattle_20210206,2021-02-06,dixie-state,Seattle,2021,0,0,0.38792527,1,111.0,-130.0
dixie-state_vs_tarleton state_20210219,2021-02-19,dixie-state,Tarleton State,2021,0,0,0.33421144,1,-123.0,103.0
dixie-state_vs_tarleton state_20210220,2021-02-20,dixie-state,Tarleton State,2021,1,0,0.30570772,0,125.0,-145.0
dixie-state_vs_new mexico state_20210305,2021-03-05,dixie-state,New Mexico State,2021,0,0,0.22677962,1,500.0,-700.0
dixie-state_vs_new mexico state_20210306,2021-03-06,dixie-state,New Mexico State,2021,0,0,0.19115986,1,492.0,-753.0
drake_vs_south dakota_20201127,2020-11-27,drake,South Dakota,2021,1,1,0.91878116,1,-490.0,390.0
drake_vs_omaha_20201203,2020-12-03,drake,Omaha,2021,1,1,0.90803087,1,-470.0,375.0
drake_vs_air force_20201213,2020-12-13,drake,Air Force,2021,1,1,0.9383041,1,-700.0,500.0
drake_vs_chicago state_20201220,2020-12-20,drake,Chicago State,2021,1,1,0.9709853,1,-25000.0,9000.0
drake_vs_north dakota_20201222,2020-12-22,drake,North Dakota,2021,1,1,0.959324,1,-1728.0,973.0
drake_vs_southern illinois_20210103,2021-01-03,drake,Southern Illinois,2021,1,1,0.8852652,1,-570.0,450.0
drake_vs_southern illinois_20210104,2021-01-04,drake,Southern Illinois,2021,1,1,0.9073996,1,-600.0,450.0
drake_vs_illinois state_20210131,2021-01-31,drake,Illinois State,2021,1,1,0.9653756,1,-2000.0,1041.0
drake_vs_illinois state_20210201,2021-02-01,drake,Illinois State,2021,1,1,0.9626095,1,-1900.0,1011.0
drake_vs_northern iowa_20210210,2021-02-10,drake,Northern Iowa,2021,1,1,0.8826778,1,-500.0,395.0
drake_vs_loyola chicago_20210213,2021-02-13,drake,Loyola Chicago,2021,0,0,0.49073797,1,144.0,-171.0
drake_vs_loyola chicago_20210214,2021-02-14,drake,Loyola Chicago,2021,1,0,0.4112344,0,196.0,-240.0
drake_vs_evansville_20210221,2021-02-21,drake,Evansville,2021,1,1,0.939201,1,-850.0,588.0
drake_vs_evansville_20210222,2021-02-22,drake,Evansville,2021,1,1,0.9346089,1,-650.0,475.0
drake_vs_missouri state_20210306,2021-03-06,drake,Missouri State,2021,1,1,0.6755883,1,-125.0,105.0
drake_vs_loyola chicago_20210307,2021-03-07,drake,Loyola Chicago,2021,0,0,0.38888547,1,315.0,-385.0
drake_vs_wichita state_20210318,2021-03-18,drake,Wichita State,2021,1,0,0.4617352,0,-135.0,115.0
drake_vs_southern california_20210320,2021-03-20,drake,Southern California,2021,0,0,0.26619825,1,270.0,-325.0
drexel_vs_quinnipiac_20201202,2020-12-02,drexel,Quinnipiac,2021,1,1,0.6519809,1,-240.0,200.0
drexel_vs_quinnipiac_20201203,2020-12-03,drexel,Quinnipiac,2021,1,1,0.77899605,1,-300.0,250.0
drexel_vs_coppin state_20201206,2020-12-06,drexel,Coppin State,2021,1,1,0.81677395,1,-1434.0,865.0
drexel_vs_la salle_20201212,2020-12-12,drexel,La Salle,2021,0,1,0.6324083,0,-157.0,134.0
drexel_vs_saint joseph's_20201217,2020-12-17,drexel,Saint Joseph's,2021,1,1,0.51297045,1,-123.0,103.0
drexel_vs_william & mary_20210116,2021-01-16,drexel,William & Mary,2021,1,1,0.80271333,1,-350.0,281.0
drexel_vs_william & mary_20210117,2021-01-17,drexel,William & Mary,2021,0,1,0.85795844,0,-450.0,360.0
drexel_vs_northeastern_20210308,2021-03-08,drexel,Northeastern,2021,1,1,0.5661912,1,-103.0,-117.0
drexel_vs_elon_20210309,2021-03-09,drexel,Elon,2021,1,1,0.65080184,1,-163.0,143.0
drexel_vs_illinois_20210319,2021-03-19,drexel,Illinois,2021,0,0,0.18179622,1,1450.0,-3200.0
duke_vs_michigan state_20201201,2020-12-01,duke,Michigan State,2021,0,1,0.69109714,0,-175.0,155.0
duke_vs_bellarmine_20201204,2020-12-04,duke,Bellarmine,2021,1,1,0.9644269,1,-590.0,430.0
duke_vs_illinois_20201208,2020-12-08,duke,Illinois,2021,0,1,0.64669466,0,-150.0,130.0
duke_vs_boston college_20210106,2021-01-06,duke,Boston College,2021,1,1,0.89319444,1,-750.0,550.0
duke_vs_wake forest_20210109,2021-01-09,duke,Wake Forest,2021,1,1,0.884844,1,-1100.0,700.0
duke_vs_georgia tech_20210126,2021-01-26,duke,Georgia Tech,2021,1,1,0.5935394,1,-260.0,220.0
duke_vs_clemson_20210130,2021-01-30,duke,Clemson,2021,1,1,0.67245,1,-226.0,189.0
duke_vs_north carolina_20210206,2021-02-06,duke,North Carolina,2021,0,1,0.731292,0,-160.0,140.0
duke_vs_notre dame_20210209,2021-02-09,duke,Notre Dame,2021,0,1,0.6944795,0,-340.0,280.0
duke_vs_virginia_20210220,2021-02-20,duke,Virginia,2021,1,1,0.5660477,1,130.0,-150.0
duke_vs_syracuse_20210222,2021-02-22,duke,Syracuse,2021,1,1,0.72626173,1,-250.0,210.0
duke_vs_louisville_20210227,2021-02-27,duke,Louisville,2021,0,1,0.82045394,0,-230.0,190.0
duke_vs_louisville_20210310,2021-03-10,duke,Louisville,2021,1,1,0.6841254,1,-155.0,135.0
duquesne_vs_unc greensboro_20201202,2020-12-02,duquesne,UNC Greensboro,2021,1,0,0.47207582,0,-120.0,100.0
duquesne_vs_davidson_20210105,2021-01-05,duquesne,Davidson,2021,0,0,0.43742827,1,120.0,-140.0
duquesne_vs_fordham_20210109,2021-01-09,duquesne,Fordham,2021,1,1,0.8287913,1,-934.0,703.0
duquesne_vs_rhode island_20210120,2021-01-20,duquesne,Rhode Island,2021,1,1,0.5209607,1,170.0,-200.0
duquesne_vs_st. bonaventure_20210123,2021-01-23,duquesne,St. Bonaventure,2021,0,0,0.3997978,1,184.0,-222.0
duquesne_vs_saint joseph's_20210130,2021-01-30,duquesne,Saint Joseph's,2021,1,1,0.7994031,1,-550.0,425.0
duquesne_vs_dayton_20210202,2021-02-02,duquesne,Dayton,2021,1,1,0.5723603,1,-112.0,-104.0
duquesne_vs_rhode island_20210227,2021-02-27,duquesne,Rhode Island,2021,1,1,0.5731855,1,-126.0,104.0
duquesne_vs_richmond_20210304,2021-03-04,duquesne,Richmond,2021,1,0,0.41323903,0,145.0,-165.0
duquesne_vs_st. bonaventure_20210305,2021-03-05,duquesne,St. Bonaventure,2021,0,0,0.28857985,1,258.0,-315.0
east-carolina_vs_radford_20201205,2020-12-05,east-carolina,Radford,2021,1,1,0.94558775,1,-666.0,492.0
east-carolina_vs_unc wilmington_20201207,2020-12-07,east-carolina,UNC Wilmington,2021,1,1,0.8243283,1,-380.0,315.0
east-carolina_vs_north florida_20201210,2020-12-10,east-carolina,North Florida,2021,1,1,0.91069734,1,-1548.0,909.0
east-carolina_vs_james madison_20201219,2020-12-19,east-carolina,James Madison,2021,1,1,0.7548445,1,-666.0,492.0
east-carolina_vs_tulane_20201222,2020-12-22,east-carolina,Tulane,2021,1,1,0.7051755,1,-220.0,190.0
east-carolina_vs_south florida_20210109,2021-01-09,east-carolina,South Florida,2021,0,1,0.5339627,0,-105.0,-115.0
east-carolina_vs_memphis_20210124,2021-01-24,east-carolina,Memphis,2021,0,0,0.41372392,1,235.0,-275.0
east-carolina_vs_tulsa_20210130,2021-01-30,east-carolina,Tulsa,2021,0,0,0.44185284,1,128.0,-148.0
east-carolina_vs_houston_20210203,2021-02-03,east-carolina,Houston,2021,1,0,0.13044582,0,967.0,-1761.0
east-carolina_vs_smu_20210208,2021-02-08,east-carolina,SMU,2021,0,0,0.34253344,1,210.0,-250.0
east-carolina_vs_ucf_20210304,2021-03-04,east-carolina,UCF,2021,0,0,0.44931784,1,115.0,-135.0
east-carolina_vs_cincinnati_20210307,2021-03-07,east-carolina,Cincinnati,2021,0,1,0.51952684,0,,-130.0
eastern-illinois_vs_dayton_20201201,2020-12-01,eastern-illinois,Dayton,2021,0,0,0.30250695,1,888.0,-1492.0
eastern-illinois_vs_chicago state_20201203,2020-12-03,eastern-illinois,Chicago State,2021,1,1,0.94815856,1,-7817.0,1857.0
eastern-illinois_vs_western illinois_20201212,2020-12-12,eastern-illinois,Western Illinois,2021,1,1,0.909198,1,-880.0,612.0
eastern-illinois_vs_murray state_20210107,2021-01-07,eastern-illinois,Murray State,2021,1,0,0.49745232,0,155.0,-175.0
eastern-illinois_vs_austin peay_20210109,2021-01-09,eastern-illinois,Austin Peay,2021,0,1,0.69233674,0,-117.0,-103.0
eastern-illinois_vs_morehead state_20210114,2021-01-14,eastern-illinois,Morehead State,2021,0,1,0.70687246,0,-290.0,245.0
eastern-illinois_vs_eastern kentucky_20210116,2021-01-16,eastern-illinois,Eastern Kentucky,2021,0,0,0.39815187,1,-106.0,-114.0
eastern-illinois_vs_siu edwardsville_20210126,2021-01-26,eastern-illinois,SIU Edwardsville,2021,0,1,0.70940536,0,-290.0,245.0
eastern-illinois_vs_belmont_20210204,2021-02-04,eastern-illinois,Belmont,2021,0,0,0.15597633,1,775.0,-1200.0
eastern-illinois_vs_tennessee state_20210206,2021-02-06,eastern-illinois,Tennessee State,2021,1,1,0.6282062,1,-135.0,115.0
eastern-illinois_vs_southeast missouri state_20210225,2021-02-25,eastern-illinois,Southeast Missouri State,2021,0,1,0.5959395,0,-225.0,195.0
eastern-illinois_vs_ut martin_20210227,2021-02-27,eastern-illinois,UT Martin,2021,0,1,0.77542454,0,-800.0,550.0
eastern-kentucky_vs_morehead state_20201207,2020-12-07,eastern-kentucky,Morehead State,2021,1,1,0.8622124,1,-579.0,438.0
eastern-kentucky_vs_high point_20201222,2020-12-22,eastern-kentucky,High Point,2021,1,1,0.80340916,1,-301.0,247.0
eastern-kentucky_vs_eastern illinois_20201230,2020-12-30,eastern-kentucky,Eastern Illinois,2021,1,1,0.75410503,1,-178.0,151.0
eastern-kentucky_vs_jacksonville state_20210107,2021-01-07,eastern-kentucky,Jacksonville State,2021,1,1,0.7654036,1,-155.0,135.0
eastern-kentucky_vs_ut martin_20210121,2021-01-21,eastern-kentucky,UT Martin,2021,1,1,0.9346778,1,-1000.0,660.0
eastern-kentucky_vs_austin peay_20210204,2021-02-04,eastern-kentucky,Austin Peay,2021,0,1,0.8107491,0,-148.0,128.0
eastern-kentucky_vs_murray state_20210206,2021-02-06,eastern-kentucky,Murray State,2021,0,1,0.68638283,0,122.0,-143.0
eastern-kentucky_vs_belmont_20210225,2021-02-25,eastern-kentucky,Belmont,2021,1,0,0.36532816,0,299.0,-375.0
eastern-kentucky_vs_tennessee state_20210227,2021-02-27,eastern-kentucky,Tennessee State,2021,1,1,0.87445366,1,-900.0,600.0
eastern-kentucky_vs_morehead state_20210305,2021-03-05,eastern-kentucky,Morehead State,2021,0,0,0.4275636,1,114.0,-134.0
eastern-michigan_vs_toledo_20201204,2020-12-04,eastern-michigan,Toledo,2021,0,1,0.6098359,0,120.0,-140.0
eastern-michigan_vs_central michigan_20201229,2020-12-29,eastern-michigan,Central Michigan,2021,0,1,0.79604053,0,-200.0,170.0
eastern-michigan_vs_akron_20210109,2021-01-09,eastern-michigan,Akron,2021,1,1,0.54998326,1,200.0,-240.0
eastern-michigan_vs_miami (oh)_20210123,2021-01-23,eastern-michigan,Miami (OH),2021,0,0,0.47888005,1,103.0,-123.0
eastern-michigan_vs_bowling green_20210223,2021-02-23,eastern-michigan,Bowling Green,2021,0,0,0.41539606,1,245.0,-290.0
eastern-michigan_vs_northern illinois_20210227,2021-02-27,eastern-michigan,Northern Illinois,2021,1,1,0.7631261,1,-185.0,160.0
eastern-washington_vs_southern utah_20210114,2021-01-14,eastern-washington,Southern Utah,2021,1,1,0.6935177,1,-240.0,200.0
eastern-washington_vs_southern utah_20210116,2021-01-16,eastern-washington,Southern Utah,2021,0,1,0.70679694,0,-240.0,200.0
eastern-washington_vs_sacramento state_20210131,2021-01-31,eastern-washington,Sacramento State,2021,1,1,0.7689777,1,-500.0,395.0
eastern-washington_vs_sacramento state_20210201,2021-02-01,eastern-washington,Sacramento State,2021,1,1,0.7606247,1,-400.0,325.0
eastern-washington_vs_idaho_20210206,2021-02-06,eastern-washington,Idaho,2021,1,1,0.96234584,1,-1457.0,1018.0
eastern-washington_vs_montana_20210218,2021-02-18,eastern-washington,Montana,2021,1,1,0.7735907,1,-340.0,280.0
eastern-washington_vs_idaho state_20210303,2021-03-03,eastern-washington,Idaho State,2021,0,1,0.8746426,0,-1000.0,650.0
eastern-washington_vs_idaho state_20210305,2021-03-05,eastern-washington,Idaho State,2021,1,1,0.8424056,1,-840.0,570.0
eastern-washington_vs_northern arizona_20210311,2021-03-11,eastern-washington,Northern Arizona,2021,1,1,0.933442,1,-1300.0,797.0
eastern-washington_vs_montana_20210312,2021-03-12,eastern-washington,Montana,2021,1,1,0.7548615,1,-290.0,245.0
eastern-washington_vs_montana state_20210313,2021-03-13,eastern-washington,Montana State,2021,1,1,0.8493038,1,-335.0,275.0
eastern-washington_vs_kansas_20210320,2021-03-20,eastern-washington,Kansas,2021,0,0,0.24724144,1,500.0,-635.0
east-tennessee-state_vs_middle tennessee_20201127,2020-11-27,east-tennessee-state,Middle Tennessee,2021,1,1,0.5371625,1,-123.0,106.0
east-tennessee-state_vs_uab_20201212,2020-12-12,east-tennessee-state,UAB,2021,0,0,0.2685686,1,145.0,-165.0
east-tennessee-state_vs_gardner-webb_20201215,2020-12-15,east-tennessee-state,Gardner-Webb,2021,1,1,0.73462,1,-207.0,174.0
east-tennessee-state_vs_western carolina_20201230,2020-12-30,east-tennessee-state,Western Carolina,2021,1,0,0.48711118,0,-165.0,145.0
east-tennessee-state_vs_vmi_20210118,2021-01-18,east-tennessee-state,VMI,2021,1,1,0.6901588,1,-330.0,275.0
east-tennessee-state_vs_furman_20210123,2021-01-23,east-tennessee-state,Furman,2021,1,0,0.3102141,0,170.0,-200.0
east-tennessee-state_vs_the citadel_20210130,2021-01-30,east-tennessee-state,The Citadel,2021,1,1,0.70235986,1,-700.0,500.0
east-tennessee-state_vs_chattanooga_20210206,2021-02-06,east-tennessee-state,Chattanooga,2021,0,1,0.79437065,0,-225.0,195.0
east-tennessee-state_vs_wofford_20210213,2021-02-13,east-tennessee-state,Wofford,2021,1,1,0.6122217,1,-135.0,115.0
east-tennessee-state_vs_mercer_20210217,2021-02-17,east-tennessee-state,Mercer,2021,0,1,0.6771098,0,-195.0,170.0
east-tennessee-state_vs_unc greensboro_20210227,2021-02-27,east-tennessee-state,UNC Greensboro,2021,0,1,0.5625105,0,-105.0,-111.0
east-tennessee-state_vs_unc greensboro_20210307,2021-03-07,east-tennessee-state,UNC Greensboro,2021,0,0,0.40556115,1,155.0,-175.0
elon_vs_campbell_20201216,2020-12-16,elon,Campbell,2021,1,1,0.52161133,1,-165.0,145.0
elon_vs_unc greensboro_20201219,2020-12-19,elon,UNC Greensboro,2021,0,0,0.40899634,1,290.0,-350.0
elon_vs_james madison_20210209,2021-02-09,elon,James Madison,2021,0,0,0.29345822,1,175.0,-210.0
elon_vs_william & mary_20210222,2021-02-22,elon,William & Mary,2021,1,1,0.6390588,1,-165.0,145.0
elon_vs_towson_20210306,2021-03-06,elon,Towson,2021,1,1,0.5945417,1,-175.0,155.0
elon_vs_james madison_20210307,2021-03-07,elon,James Madison,2021,1,0,0.32492647,0,168.0,-193.0
elon_vs_hofstra_20210308,2021-03-08,elon,Hofstra,2021,1,0,0.35999942,0,208.0,-248.0
evansville_vs_ut martin_20201202,2020-12-02,evansville,UT Martin,2021,0,1,0.6101041,0,-165.0,145.0
evansville_vs_eastern illinois_20201209,2020-12-09,evansville,Eastern Illinois,2021,1,0,0.34214202,0,135.0,-155.0
evansville_vs_southeast missouri state_20201215,2020-12-15,evansville,Southeast Missouri State,2021,1,1,0.6537093,1,-215.0,181.0
evansville_vs_belmont_20201221,2020-12-21,evansville,Belmont,2021,0,0,0.26995188,1,420.0,-525.0
evansville_vs_northern iowa_20210102,2021-01-02,evansville,Northern Iowa,2021,1,0,0.2968204,0,225.0,-265.0
evansville_vs_northern iowa_20210103,2021-01-03,evansville,Northern Iowa,2021,1,0,0.32457128,0,205.0,-245.0
evansville_vs_illinois state_20210109,2021-01-09,evansville,Illinois State,2021,1,1,0.5948141,1,-205.0,173.0
evansville_vs_illinois state_20210110,2021-01-10,evansville,Illinois State,2021,0,1,0.6449649,0,-240.0,200.0
evansville_vs_valparaiso_20210131,2021-01-31,evansville,Valparaiso,2021,1,0,0.48951584,0,-118.0,-102.0
evansville_vs_valparaiso_20210201,2021-02-01,evansville,Valparaiso,2021,1,1,0.6294715,1,-140.0,120.0
evansville_vs_indiana state_20210214,2021-02-14,evansville,Indiana State,2021,0,0,0.39544037,1,130.0,-150.0
evansville_vs_missouri state_20210226,2021-02-26,evansville,Missouri State,2021,0,0,0.3031811,1,192.0,-222.0
evansville_vs_missouri state_20210227,2021-02-27,evansville,Missouri State,2021,1,0,0.31710413,0,195.0,-235.0
evansville_vs_indiana state_20210305,2021-03-05,evansville,Indiana State,2021,0,0,0.3188614,1,211.0,-255.0
fairfield_vs_iona_20201211,2020-12-11,fairfield,Iona,2021,0,1,0.5500653,0,168.0,-195.0
fairfield_vs_iona_20201212,2020-12-12,fairfield,Iona,2021,1,0,0.37964317,0,270.0,-325.0
fairfield_vs_fairleigh dickinson_20201222,2020-12-22,fairfield,Fairleigh Dickinson,2021,0,0,0.43856704,1,-132.0,113.0
fairfield_vs_rider_20210101,2021-01-01,fairfield,Rider,2021,0,1,0.638143,0,123.0,-143.0
fairfield_vs_rider_20210102,2021-01-02,fairfield,Rider,2021,1,1,0.5328476,1,135.0,-155.0
fairfield_vs_siena_20210109,2021-01-09,fairfield,Siena,2021,0,0,0.13183844,1,395.0,-500.0
fairfield_vs_siena_20210110,2021-01-10,fairfield,Siena,2021,0,0,0.14989007,1,400.0,-500.0
fairfield_vs_quinnipiac_20210207,2021-02-07,fairfield,Quinnipiac,2021,0,0,0.44237506,1,140.0,-160.0
fairfield_vs_quinnipiac_20210208,2021-02-08,fairfield,Quinnipiac,2021,1,0,0.33964002,0,132.0,-152.0
fairfield_vs_canisius_20210219,2021-02-19,fairfield,Canisius,2021,0,0,0.25032434,1,207.0,-250.0
fairfield_vs_canisius_20210220,2021-02-20,fairfield,Canisius,2021,1,0,0.25467458,0,200.0,-240.0
fairfield_vs_manhattan_20210309,2021-03-09,fairfield,Manhattan,2021,1,0,0.46607846,0,135.0,-155.0
fairfield_vs_monmouth_20210310,2021-03-10,fairfield,Monmouth,2021,1,0,0.26149765,0,280.0,-340.0
fairfield_vs_saint peter's_20210312,2021-03-12,fairfield,Saint Peter's,2021,1,0,0.31087428,0,215.0,-258.0
fairfield_vs_iona_20210313,2021-03-13,fairfield,Iona,2021,0,0,0.2934018,1,310.0,-370.0
fairleigh-dickinson_vs_central connecticut state_20201208,2020-12-08,fairleigh-dickinson,Central Connecticut State,2021,0,1,0.7424953,0,-407.0,325.0
fairleigh-dickinson_vs_central connecticut state_20201209,2020-12-09,fairleigh-dickinson,Central Connecticut State,2021,1,1,0.7408284,1,-340.0,276.0
fairleigh-dickinson_vs_drexel_20201219,2020-12-19,fairleigh-dickinson,Drexel,2021,0,0,0.45579153,1,214.0,-257.0
fairleigh-dickinson_vs_bryant_20210130,2021-01-30,fairleigh-dickinson,Bryant,2021,1,0,0.3292856,0,200.0,-246.0
fairleigh-dickinson_vs_bryant_20210131,2021-01-31,fairleigh-dickinson,Bryant,2021,1,0,0.3482457,0,250.0,-300.0
fairleigh-dickinson_vs_wagner_20210213,2021-02-13,fairleigh-dickinson,Wagner,2021,0,1,0.6116931,0,-139.0,118.0
fairleigh-dickinson_vs_mount st. mary's_20210220,2021-02-20,fairleigh-dickinson,Mount St. Mary's,2021,1,0,0.46317562,0,-148.0,126.0
fairleigh-dickinson_vs_mount st. mary's_20210221,2021-02-21,fairleigh-dickinson,Mount St. Mary's,2021,0,1,0.50396526,0,-118.0,101.0
florida_vs_stetson_20201206,2020-12-06,florida,Stetson,2021,1,1,0.95190614,1,-8801.0,1912.0
florida_vs_louisiana state_20210102,2021-01-02,florida,Louisiana State,2021,1,1,0.7316853,1,-125.0,105.0
florida_vs_kentucky_20210109,2021-01-09,florida,Kentucky,2021,0,1,0.8029369,0,-175.0,155.0
florida_vs_tennessee_20210119,2021-01-19,florida,Tennessee,2021,1,0,0.40718535,0,325.0,-400.0
florida_vs_vanderbilt_20210127,2021-01-27,florida,Vanderbilt,2021,1,1,0.9399106,1,-850.0,615.0
florida_vs_south carolina_20210203,2021-02-03,florida,South Carolina,2021,0,1,0.89584,0,-370.0,310.0
florida_vs_georgia_20210220,2021-02-20,florida,Georgia,2021,1,1,0.8370446,1,-350.0,290.0
florida_vs_missouri_20210303,2021-03-03,florida,Missouri,2021,0,1,0.72527647,0,-181.0,151.0
florida_vs_vanderbilt_20210311,2021-03-11,florida,Vanderbilt,2021,1,1,0.73103803,1,-360.0,290.0
florida_vs_tennessee_20210312,2021-03-12,florida,Tennessee,2021,0,1,0.5077472,0,160.0,-185.0
florida_vs_virginia tech_20210319,2021-03-19,florida,Virginia Tech,2021,1,1,0.60401857,1,105.0,-125.0
florida_vs_oral roberts_20210321,2021-03-21,florida,Oral Roberts,2021,0,1,0.8332722,0,-408.0,332.0
florida-am_vs_georgia_20201129,2020-11-29,florida-am,Georgia,2021,0,0,0.26278517,1,1595.0,-4767.0
florida-am_vs_south carolina state_20210110,2021-01-10,florida-am,South Carolina State,2021,1,1,0.8889423,1,-2042.0,1074.0
florida-am_vs_north carolina central_20210208,2021-02-08,florida-am,North Carolina Central,2021,1,1,0.63931394,1,-100.0,-116.0
florida-am_vs_north carolina central_20210209,2021-02-09,florida-am,North Carolina Central,2021,1,1,0.70857596,1,143.0,-169.0
florida-am_vs_north carolina a&t_20210220,2021-02-20,florida-am,North Carolina A&T,2021,1,1,0.68245935,1,-188.0,158.0
florida-am_vs_north carolina a&t_20210221,2021-02-21,florida-am,North Carolina A&T,2021,0,1,0.68858916,0,-125.0,107.0
florida-am_vs_morgan state_20210311,2021-03-11,florida-am,Morgan State,2021,0,0,0.2894659,1,170.0,-195.0
florida-atlantic_vs_jacksonville state_20201127,2020-11-27,florida-atlantic,Jacksonville State,2021,0,1,0.77538645,0,-153.0,133.0
florida-atlantic_vs_florida international_20210116,2021-01-16,florida-atlantic,Florida International,2021,1,1,0.5272538,1,-152.0,129.0
florida-atlantic_vs_charlotte_20210122,2021-01-22,florida-atlantic,Charlotte,2021,1,1,0.5425443,1,-120.0,100.0
florida-atlantic_vs_charlotte_20210123,2021-01-23,florida-atlantic,Charlotte,2021,0,1,0.5623726,0,-118.0,-102.0
florida-atlantic_vs_middle tennessee_20210304,2021-03-04,florida-atlantic,Middle Tennessee,2021,1,1,0.75979793,1,-347.0,284.0
florida-atlantic_vs_middle tennessee_20210305,2021-03-05,florida-atlantic,Middle Tennessee,2021,1,1,0.7904601,1,-481.0,387.0
florida-atlantic_vs_utep_20210310,2021-03-10,florida-atlantic,UTEP,2021,1,0,0.42826656,0,155.0,-175.0
florida-atlantic_vs_louisiana tech_20210311,2021-03-11,florida-atlantic,Louisiana Tech,2021,0,0,0.3361275,1,270.0,-330.0
florida-gulf-coast_vs_florida international_20201216,2020-12-16,florida-gulf-coast,Florida International,2021,0,1,0.51039696,0,108.0,-126.0
florida-gulf-coast_vs_georgia southern_20201222,2020-12-22,florida-gulf-coast,Georgia Southern,2021,1,1,0.6244437,1,115.0,-134.0
florida-gulf-coast_vs_bellarmine_20210115,2021-01-15,florida-gulf-coast,Bellarmine,2021,0,1,0.77413166,0,-149.0,127.0
florida-gulf-coast_vs_bellarmine_20210116,2021-01-16,florida-gulf-coast,Bellarmine,2021,0,1,0.6578577,0,-122.0,105.0
florida-gulf-coast_vs_stetson_20210129,2021-01-29,florida-gulf-coast,Stetson,2021,1,1,0.5716274,1,-135.0,115.0
florida-gulf-coast_vs_stetson_20210130,2021-01-30,florida-gulf-coast,Stetson,2021,0,1,0.5745084,0,-169.0,143.0
florida-gulf-coast_vs_north alabama_20210205,2021-02-05,florida-gulf-coast,North Alabama,2021,1,1,0.5152157,1,-144.0,123.0
florida-gulf-coast_vs_north alabama_20210206,2021-02-06,florida-gulf-coast,North Alabama,2021,1,1,0.65137047,1,-162.0,137.0
florida-gulf-coast_vs_kennesaw state_20210226,2021-02-26,florida-gulf-coast,Kennesaw State,2021,0,1,0.6595734,0,-175.0,155.0
florida-gulf-coast_vs_lipscomb_20210304,2021-03-04,florida-gulf-coast,Lipscomb,2021,1,0,0.43298545,0,165.0,-190.0
florida-gulf-coast_vs_north alabama_20210305,2021-03-05,florida-gulf-coast,North Alabama,2021,0,1,0.5209519,0,-156.0,136.0
florida-international_vs_jacksonville state_20201204,2020-12-04,florida-international,Jacksonville State,2021,1,1,0.811244,1,-185.0,160.0
florida-international_vs_georgia southern_20201219,2020-12-19,florida-international,Georgia Southern,2021,0,1,0.81152505,0,-190.0,165.0
florida-international_vs_old dominion_20210101,2021-01-01,florida-international,Old Dominion,2021,1,1,0.5572309,1,-103.0,-117.0
florida-international_vs_old dominion_20210102,2021-01-02,florida-international,Old Dominion,2021,0,1,0.5730979,0,-103.0,-117.0
florida-international_vs_florida atlantic_20210114,2021-01-14,florida-international,Florida Atlantic,2021,0,1,0.73328596,0,-190.0,165.0
florida-international_vs_marshall_20210122,2021-01-22,florida-international,Marshall,2021,0,0,0.29906577,1,325.0,-400.0
florida-international_vs_marshall_20210123,2021-01-23,florida-international,Marshall,2021,0,0,0.20594487,1,360.0,-450.0
florida-international_vs_utsa_20210205,2021-02-05,florida-international,UTSA,2021,0,1,0.5749851,0,-145.0,125.0
florida-international_vs_utsa_20210206,2021-02-06,florida-international,UTSA,2021,0,1,0.5511298,0,-125.0,105.0
florida-international_vs_southern mississippi_20210219,2021-02-19,florida-international,Southern Mississippi,2021,0,1,0.6151029,0,-175.0,155.0
florida-state_vs_indiana_20201209,2020-12-09,florida-state,Indiana,2021,1,1,0.7301694,1,-175.0,155.0
florida-state_vs_florida_20201212,2020-12-12,florida-state,Florida,2021,1,1,0.70149887,1,-123.0,103.0
florida-state_vs_georgia tech_20201215,2020-12-15,florida-state,Georgia Tech,2021,1,1,0.8153487,1,-387.0,310.0
florida-state_vs_ucf_20201219,2020-12-19,florida-state,UCF,2021,0,1,0.94595855,0,-1370.0,839.0
florida-state_vs_gardner-webb_20201221,2020-12-21,florida-state,Gardner-Webb,2021,1,1,0.9745685,1,-5370.0,1662.0
florida-state_vs_nc state_20210113,2021-01-13,florida-state,NC State,2021,1,1,0.77790755,1,-185.0,160.0
florida-state_vs_north carolina_20210116,2021-01-16,florida-state,North Carolina,2021,1,1,0.8517188,1,-185.0,160.0
florida-state_vs_clemson_20210123,2021-01-23,florida-state,Clemson,2021,1,1,0.8209386,1,-275.0,235.0
florida-state_vs_miami (fl)_20210127,2021-01-27,florida-state,Miami (FL),2021,1,1,0.9447075,1,-750.0,525.0
florida-state_vs_wake forest_20210213,2021-02-13,florida-state,Wake Forest,2021,1,1,0.9279618,1,-900.0,600.0
florida-state_vs_virginia_20210215,2021-02-15,florida-state,Virginia,2021,1,1,0.67142427,1,-145.0,125.0
florida-state_vs_boston college_20210303,2021-03-03,florida-state,Boston College,2021,1,1,0.95381993,1,-2200.0,1098.0
florida-state_vs_north carolina_20210312,2021-03-12,florida-state,North Carolina,2021,1,1,0.7076275,1,-145.0,125.0
florida-state_vs_georgia tech_20210313,2021-03-13,florida-state,Georgia Tech,2021,0,1,0.7144137,0,-190.0,165.0
florida-state_vs_unc greensboro_20210320,2021-03-20,florida-state,UNC Greensboro,2021,1,1,0.89489776,1,-665.0,486.0
florida-state_vs_michigan_20210328,2021-03-28,florida-state,Michigan,2021,0,1,0.535892,0,105.0,-125.0
fordham_vs_dayton_20210105,2021-01-05,fordham,Dayton,2021,1,0,0.39240015,0,601.0,-875.0
fordham_vs_st. bonaventure_20210113,2021-01-13,fordham,St. Bonaventure,2021,0,0,0.22800145,1,600.0,-900.0
fordham_vs_massachusetts_20210117,2021-01-17,fordham,Massachusetts,2021,0,0,0.27916554,1,325.0,-400.0
fordham_vs_duquesne_20210127,2021-01-27,fordham,Duquesne,2021,0,0,0.2872985,1,230.0,-270.0
fordham_vs_la salle_20210206,2021-02-06,fordham,La Salle,2021,1,0,0.31196272,0,197.0,-237.0
fordham_vs_saint louis_20210213,2021-02-13,fordham,Saint Louis,2021,0,0,0.1414282,1,866.0,-1195.0
fordham_vs_george washington_20210303,2021-03-03,fordham,George Washington,2021,0,0,0.2455628,1,255.0,-310.0
fresno-state_vs_wyoming_20210102,2021-01-02,fresno-state,Wyoming,2021,0,0,0.40647557,1,-135.0,115.0
fresno-state_vs_wyoming_20210104,2021-01-04,fresno-state,Wyoming,2021,1,0,0.44393283,0,-158.0,135.0
fresno-state_vs_san jose state_20210108,2021-01-08,fresno-state,San Jose State,2021,1,1,0.7899495,1,-1300.0,797.0
fresno-state_vs_san jose state_20210110,2021-01-10,fresno-state,San Jose State,2021,1,1,0.8006885,1,-1142.0,740.0
fresno-state_vs_new mexico_20210128,2021-01-28,fresno-state,New Mexico,2021,1,1,0.7968809,1,-290.0,245.0
fresno-state_vs_new mexico_20210130,2021-01-30,fresno-state,New Mexico,2021,1,1,0.78592026,1,-280.0,230.0
fresno-state_vs_utah state_20210204,2021-02-04,fresno-state,Utah State,2021,0,0,0.18463586,1,475.0,-650.0
fresno-state_vs_san diego state_20210218,2021-02-18,fresno-state,San Diego State,2021,0,0,0.1382168,1,640.0,-900.0
fresno-state_vs_san diego state_20210220,2021-02-20,fresno-state,San Diego State,2021,0,0,0.13338467,1,675.0,-1050.0
fresno-state_vs_utah state_20210306,2021-03-06,fresno-state,Utah State,2021,0,0,0.17913099,1,335.0,-420.0
fresno-state_vs_new mexico_20210310,2021-03-10,fresno-state,New Mexico,2021,1,1,0.6802365,1,-385.0,315.0
furman_vs_south carolina state_20201221,2020-12-21,furman,South Carolina State,2021,1,1,0.9647611,1,-100000.0,3000.0
furman_vs_mercer_20210102,2021-01-02,furman,Mercer,2021,1,1,0.8478516,1,-630.0,465.0
furman_vs_east tennessee state_20210116,2021-01-16,furman,East Tennessee State,2021,1,1,0.82625747,1,-500.0,395.0
furman_vs_wofford_20210206,2021-02-06,furman,Wofford,2021,0,1,0.72863847,0,-260.0,220.0
furman_vs_unc greensboro_20210208,2021-02-08,furman,UNC Greensboro,2021,1,1,0.6507376,1,-185.0,160.0
furman_vs_western carolina_20210213,2021-02-13,furman,Western Carolina,2021,1,1,0.9209909,1,-1100.0,700.0
furman_vs_samford_20210217,2021-02-17,furman,Samford,2021,1,1,0.9121621,1,-1700.0,947.0
furman_vs_the citadel_20210224,2021-02-24,furman,The Citadel,2021,1,1,0.9182219,1,-1800.0,980.0
furman_vs_vmi_20210306,2021-03-06,furman,VMI,2021,0,1,0.7053601,0,-350.0,290.0
gardner-webb_vs_vmi_20201218,2020-12-18,gardner-webb,VMI,2021,1,0,0.49461168,0,-195.0,170.0
gardner-webb_vs_campbell_20210104,2021-01-04,gardner-webb,Campbell,2021,0,1,0.70082086,0,-239.0,200.0
gardner-webb_vs_campbell_20210105,2021-01-05,gardner-webb,Campbell,2021,1,1,0.6524604,1,-175.0,155.0
gardner-webb_vs_unc asheville_20210119,2021-01-19,gardner-webb,UNC Asheville,2021,0,1,0.6183492,0,102.0,-119.0
gardner-webb_vs_unc asheville_20210120,2021-01-20,gardner-webb,UNC Asheville,2021,1,1,0.61572266,1,-128.0,109.0
gardner-webb_vs_charleston southern_20210124,2021-01-24,gardner-webb,Charleston Southern,2021,1,1,0.94602704,1,-813.0,521.0
gardner-webb_vs_charleston southern_20210125,2021-01-25,gardner-webb,Charleston Southern,2021,1,1,0.94712305,1,-857.0,541.0
gardner-webb_vs_high point_20210129,2021-01-29,gardner-webb,High Point,2021,0,1,0.74668837,0,-307.0,253.0
gardner-webb_vs_high point_20210130,2021-01-30,gardner-webb,High Point,2021,0,1,0.7325811,0,-278.0,223.0
gardner-webb_vs_presbyterian_20210204,2021-02-04,gardner-webb,Presbyterian,2021,1,1,0.78703386,1,-452.0,333.0
gardner-webb_vs_presbyterian_20210205,2021-02-05,gardner-webb,Presbyterian,2021,1,1,0.77987206,1,-319.0,250.0
george-mason_vs_howard_20201128,2020-11-28,george-mason,Howard,2021,1,1,0.9312612,1,-3927.0,1480.0
george-mason_vs_vmi_20201221,2020-12-21,george-mason,VMI,2021,1,1,0.84956783,1,-385.0,315.0
george-mason_vs_towson_20201223,2020-12-23,george-mason,Towson,2021,1,1,0.8262886,1,-210.0,180.0
george-mason_vs_norfolk state_20201226,2020-12-26,george-mason,Norfolk State,2021,0,1,0.84958595,0,-550.0,430.0
george-mason_vs_vcu_20210106,2021-01-06,george-mason,VCU,2021,0,0,0.2848083,1,195.0,-225.0
george-mason_vs_richmond_20210109,2021-01-09,george-mason,Richmond,2021,0,0,0.40415418,1,188.0,-224.0
george-mason_vs_la salle_20210113,2021-01-13,george-mason,La Salle,2021,1,1,0.6610233,1,-205.0,175.0
george-mason_vs_saint joseph's_20210120,2021-01-20,george-mason,Saint Joseph's,2021,1,1,0.752275,1,-380.0,315.0
george-mason_vs_fordham_20210210,2021-02-10,george-mason,Fordham,2021,1,1,0.7898314,1,-460.0,365.0
george-mason_vs_george washington_20210224,2021-02-24,george-mason,George Washington,2021,1,1,0.7688178,1,-300.0,250.0
george-mason_vs_la salle_20210227,2021-02-27,george-mason,La Salle,2021,1,1,0.75866985,1,-290.0,245.0
george-mason_vs_george washington_20210304,2021-03-04,george-mason,George Washington,2021,1,1,0.75540483,1,-320.0,260.0
georgetown_vs_navy_20201201,2020-12-01,georgetown,Navy,2021,0,1,0.8249589,0,-462.0,362.0
georgetown_vs_west virginia_20201206,2020-12-06,georgetown,West Virginia,2021,0,0,0.3572334,1,503.0,-684.0
georgetown_vs_coppin state_20201208,2020-12-08,georgetown,Coppin State,2021,1,1,0.91942465,1,-4167.0,1516.0
georgetown_vs_villanova_20201211,2020-12-11,georgetown,Villanova,2021,0,0,0.27863613,1,575.0,-850.0
georgetown_vs_st. john's (ny)_20201213,2020-12-13,georgetown,St. John's (NY),2021,1,1,0.64098006,1,-115.0,-105.0
georgetown_vs_marquette_20210102,2021-01-02,georgetown,Marquette,2021,0,0,0.41742483,1,163.0,-192.0
georgetown_vs_providence_20210130,2021-01-30,georgetown,Providence,2021,1,0,0.47213528,0,175.0,-210.0
georgetown_vs_creighton_20210209,2021-02-09,georgetown,Creighton,2021,0,0,0.45078358,1,255.0,-310.0
georgetown_vs_butler_20210213,2021-02-13,georgetown,Butler,2021,1,1,0.7489739,1,-130.0,
georgetown_vs_seton hall_20210220,2021-02-20,georgetown,Seton Hall,2021,1,0,0.43265083,0,165.0,-190.0
georgetown_vs_connecticut_20210223,2021-02-23,georgetown,Connecticut,2021,0,0,0.4240073,1,170.0,-200.0
georgetown_vs_xavier_20210302,2021-03-02,georgetown,Xavier,2021,1,0,0.4796869,0,130.0,-150.0
georgetown_vs_marquette_20210310,2021-03-10,georgetown,Marquette,2021,1,1,0.50635606,1,155.0,-175.0
georgetown_vs_villanova_20210311,2021-03-11,georgetown,Villanova,2021,1,0,0.31141266,0,250.0,-300.0
georgetown_vs_seton hall_20210312,2021-03-12,georgetown,Seton Hall,2021,1,0,0.43734953,0,147.0,-167.0
george-washington_vs_hampton_20201201,2020-12-01,george-washington,Hampton,2021,0,1,0.8206885,0,-732.0,530.0
george-washington_vs_coppin state_20201205,2020-12-05,george-washington,Coppin State,2021,1,1,0.68468976,1,-579.0,438.0
george-washington_vs_william & mary_20201214,2020-12-14,george-washington,William & Mary,2021,0,1,0.6822951,0,-232.0,194.0
george-washington_vs_charlotte_20201222,2020-12-22,george-washington,Charlotte,2021,0,0,0.45437324,1,120.0,-140.0
george-washington_vs_fordham_20201230,2020-12-30,george-washington,Fordham,2021,1,0,0.19046137,0,139.0,-159.0
george-washington_vs_duquesne_20210102,2021-01-02,george-washington,Duquesne,2021,0,0,0.27130193,1,270.0,-325.0
george-washington_vs_duquesne_20210103,2021-01-03,george-washington,Duquesne,2021,1,0,0.25159925,0,275.0,-330.0
george-washington_vs_vcu_20210113,2021-01-13,george-washington,VCU,2021,0,0,0.20099515,1,465.0,-630.0
george-washington_vs_dayton_20210117,2021-01-17,george-washington,Dayton,2021,0,0,0.42901796,1,270.0,-325.0
george-washington_vs_rhode island_20210221,2021-02-21,george-washington,Rhode Island,2021,1,0,0.33890688,0,335.0,-415.0
georgia_vs_jacksonville_20201204,2020-12-04,georgia,Jacksonville,2021,1,1,0.8732679,1,-1383.0,844.0
georgia_vs_montana_20201208,2020-12-08,georgia,Montana,2021,1,1,0.87635076,1,-633.0,472.0
georgia_vs_samford_20201212,2020-12-12,georgia,Samford,2021,1,1,0.90500295,1,-2650.0,1300.0
georgia_vs_cincinnati_20201219,2020-12-19,georgia,Cincinnati,2021,1,1,0.54692894,1,125.0,-145.0
georgia_vs_northeastern_20201222,2020-12-22,georgia,Northeastern,2021,1,1,0.8779776,1,-525.0,415.0
georgia_vs_mississippi state_20201230,2020-12-30,georgia,Mississippi State,2021,0,1,0.7228113,0,-155.0,135.0
georgia_vs_auburn_20210113,2021-01-13,georgia,Auburn,2021,0,1,0.67941916,0,115.0,-135.0
georgia_vs_kentucky_20210120,2021-01-20,georgia,Kentucky,2021,1,1,0.5569491,1,160.0,-185.0
georgia_vs_florida_20210123,2021-01-23,georgia,Florida,2021,0,0,0.48413494,1,160.0,-180.0
georgia_vs_vanderbilt_20210206,2021-02-06,georgia,Vanderbilt,2021,1,1,0.7592806,1,-230.0,190.0
georgia_vs_missouri_20210216,2021-02-16,georgia,Missouri,2021,1,1,0.5027905,1,130.0,-150.0
georgia_vs_louisiana state_20210223,2021-02-23,georgia,Louisiana State,2021,1,0,0.4133543,0,175.0,-210.0
georgia_vs_south carolina_20210227,2021-02-27,georgia,South Carolina,2021,0,1,0.74494886,0,-200.0,170.0
georgia_vs_alabama_20210306,2021-03-06,georgia,Alabama,2021,0,0,0.36169976,1,255.0,-310.0
georgia_vs_missouri_20210311,2021-03-11,georgia,Missouri,2021,0,0,0.32908508,1,235.0,-275.0
georgia-southern_vs_mercer_20201213,2020-12-13,georgia-southern,Mercer,2021,0,0,0.3372019,1,210.0,-250.0
georgia-southern_vs_south alabama_20210101,2021-01-01,georgia-southern,South Alabama,2021,0,1,0.6319387,0,-180.0,155.0
georgia-southern_vs_south alabama_20210102,2021-01-02,georgia-southern,South Alabama,2021,1,0,0.4459879,0,-137.0,117.0
georgia-southern_vs_troy_20210115,2021-01-15,georgia-southern,Troy,2021,1,1,0.75878125,1,-290.0,245.0
georgia-southern_vs_troy_20210116,2021-01-16,georgia-southern,Troy,2021,1,1,0.7536803,1,-249.0,203.0
georgia-southern_vs_coastal carolina_20210129,2021-01-29,georgia-southern,Coastal Carolina,2021,0,0,0.31234095,1,100.0,-120.0
georgia-southern_vs_coastal carolina_20210130,2021-01-30,georgia-southern,Coastal Carolina,2021,1,0,0.24070899,0,125.0,-145.0
georgia-southern_vs_appalachian state_20210226,2021-02-26,georgia-southern,Appalachian State,2021,0,1,0.5022642,0,-129.0,109.0
georgia-southern_vs_appalachian state_20210227,2021-02-27,georgia-southern,Appalachian State,2021,1,1,0.5061978,1,-145.0,125.0
georgia-state_vs_mercer_20201216,2020-12-16,georgia-state,Mercer,2021,1,1,0.7402026,1,-190.0,165.0
georgia-state_vs_college of charleston_20201221,2020-12-21,georgia-state,College of Charleston,2021,1,1,0.8977878,1,-600.0,450.0
georgia-state_vs_coastal carolina_20210116,2021-01-16,georgia-state,Coastal Carolina,2021,1,1,0.7541923,1,-300.0,245.0
georgia-state_vs_south alabama_20210209,2021-02-09,georgia-state,South Alabama,2021,0,1,0.76482654,0,-240.0,200.0
georgia-state_vs_georgia southern_20210211,2021-02-11,georgia-state,Georgia Southern,2021,1,1,0.8129391,1,-285.0,243.0
georgia-state_vs_troy_20210219,2021-02-19,georgia-state,Troy,2021,1,1,0.8182154,1,-475.0,380.0
georgia-state_vs_troy_20210220,2021-02-20,georgia-state,Troy,2021,1,1,0.80781883,1,-500.0,400.0
georgia-state_vs_appalachian state_20210223,2021-02-23,georgia-state,Appalachian State,2021,1,1,0.7468796,1,-265.0,225.0
georgia-state_vs_louisiana_20210307,2021-03-07,georgia-state,Louisiana,2021,1,1,0.67349887,1,-183.0,163.0
georgia-tech_vs_kentucky_20201206,2020-12-06,georgia-tech,Kentucky,2021,1,1,0.62668985,1,240.0,-285.0
georgia-tech_vs_florida a&m_20201218,2020-12-18,georgia-tech,Florida A&M,2021,1,1,0.9613653,1,-5882.0,1712.0
georgia-tech_vs_delaware state_20201220,2020-12-20,georgia-tech,Delaware State,2021,1,1,0.9694093,1,-17752.0,2169.0
georgia-tech_vs_north carolina_20201230,2020-12-30,georgia-tech,North Carolina,2021,1,1,0.52551645,1,160.0,-185.0
georgia-tech_vs_wake forest_20210103,2021-01-03,georgia-tech,Wake Forest,2021,1,1,0.74888605,1,-460.0,365.0
georgia-tech_vs_clemson_20210120,2021-01-20,georgia-tech,Clemson,2021,1,1,0.5430017,1,113.0,-133.0
georgia-tech_vs_florida state_20210130,2021-01-30,georgia-tech,Florida State,2021,1,0,0.38866028,0,155.0,-185.0
georgia-tech_vs_notre dame_20210206,2021-02-06,georgia-tech,Notre Dame,2021,1,1,0.7247641,1,-165.0,145.0
georgia-tech_vs_virginia_20210210,2021-02-10,georgia-tech,Virginia,2021,0,0,0.469323,1,160.0,-185.0
georgia-tech_vs_pittsburgh_20210214,2021-02-14,georgia-tech,Pittsburgh,2021,1,1,0.7654614,1,-220.0,180.0
georgia-tech_vs_syracuse_20210227,2021-02-27,georgia-tech,Syracuse,2021,1,1,0.7347918,1,-215.0,180.0
georgia-tech_vs_duke_20210302,2021-03-02,georgia-tech,Duke,2021,1,1,0.6702,1,-125.0,105.0
georgia-tech_vs_miami (fl)_20210311,2021-03-11,georgia-tech,Miami (FL),2021,1,1,0.85209286,1,-475.0,380.0
georgia-tech_vs_loyola chicago_20210319,2021-03-19,georgia-tech,Loyola Chicago,2021,0,1,0.51131123,0,206.0,-241.0
gonzaga_vs_west virginia_20201202,2020-12-02,gonzaga,West Virginia,2021,1,1,0.5062586,1,-415.0,335.0
gonzaga_vs_iowa_20201219,2020-12-19,gonzaga,Iowa,2021,1,1,0.5004512,1,-210.0,175.0
gonzaga_vs_northwestern state_20201221,2020-12-21,gonzaga,Northwestern State,2021,1,1,0.9709433,1,-100000.0,3000.0
gonzaga_vs_northwestern state_20201222,2020-12-22,gonzaga,Northwestern State,2021,1,1,0.9751438,1,-10000.0,2200.0
gonzaga_vs_virginia_20201226,2020-12-26,gonzaga,Virginia,2021,1,1,0.6414552,1,-360.0,300.0
gonzaga_vs_northern arizona_20201228,2020-12-28,gonzaga,Northern Arizona,2021,1,1,0.9754954,1,-100000.0,3000.0
gonzaga_vs_dixie state_20201229,2020-12-29,gonzaga,Dixie State,2021,1,1,0.97098756,1,-40000.0,13400.0
gonzaga_vs_san francisco_20210102,2021-01-02,gonzaga,San Francisco,2021,1,1,0.9275559,1,-3511.0,1377.0
gonzaga_vs_brigham young_20210107,2021-01-07,gonzaga,Brigham Young,2021,1,1,0.8633371,1,-2240.0,1132.0
gonzaga_vs_pepperdine_20210114,2021-01-14,gonzaga,Pepperdine,2021,1,1,0.96357715,1,-4110.0,1469.0
gonzaga_vs_pacific_20210123,2021-01-23,gonzaga,Pacific,2021,1,1,0.94836175,1,-4000.0,1453.0
gonzaga_vs_san diego_20210220,2021-02-20,gonzaga,San Diego,2021,1,1,0.9676434,1,-4486.0,1539.0
gonzaga_vs_santa clara_20210225,2021-02-25,gonzaga,Santa Clara,2021,1,1,0.9622247,1,-2595.0,1564.0
gonzaga_vs_loyola marymount_20210227,2021-02-27,gonzaga,Loyola Marymount,2021,1,1,0.9425097,1,-3570.0,1387.0
gonzaga_vs_norfolk state_20210320,2021-03-20,gonzaga,Norfolk State,2021,1,1,0.9480754,1,-6569.0,2433.0
gonzaga_vs_oklahoma_20210322,2021-03-22,gonzaga,Oklahoma,2021,1,1,0.781121,1,-1550.0,894.0
gonzaga_vs_southern california_20210330,2021-03-30,gonzaga,Southern California,2021,1,1,0.53923756,1,-450.0,360.0
gonzaga_vs_ucla_20210403,2021-04-03,gonzaga,UCLA,2021,1,1,0.7554997,1,-1086.0,799.0
grambling_vs_arizona_20201127,2020-11-27,grambling,Arizona,2021,0,0,0.12308071,1,2201.0,-19935.0
grambling_vs_texas tech_20201206,2020-12-06,grambling,Texas Tech,2021,0,0,0.099961035,1,3000.0,-100000.0
grambling_vs_louisianaâmonroe_20201216,2020-12-16,grambling,LouisianaâMonroe,2021,1,1,0.53340256,1,226.0,-273.0
grambling_vs_tulane_20201219,2020-12-19,grambling,Tulane,2021,0,0,0.31483534,1,519.0,-712.0
grambling_vs_southeastern louisiana_20201223,2020-12-23,grambling,Southeastern Louisiana,2021,0,1,0.71538967,0,-135.0,115.0
grambling_vs_alabama state_20210102,2021-01-02,grambling,Alabama State,2021,1,1,0.7259884,1,-216.0,182.0
grambling_vs_southern_20210109,2021-01-09,grambling,Southern,2021,0,1,0.56444246,0,-137.0,117.0
grambling_vs_alcorn state_20210112,2021-01-12,grambling,Alcorn State,2021,1,1,0.79575855,1,-317.0,261.0
grambling_vs_texas southern_20210116,2021-01-16,grambling,Texas Southern,2021,1,0,0.34295633,0,223.0,-279.0
grambling_vs_jackson state_20210123,2021-01-23,grambling,Jackson State,2021,0,1,0.654657,0,-136.0,116.0
grambling_vs_arkansasâpine bluff_20210130,2021-01-30,grambling,ArkansasâPine Bluff,2021,1,1,0.7886681,1,-604.0,417.0
grambling_vs_mississippi valley state_20210201,2021-02-01,grambling,Mississippi Valley State,2021,1,1,0.87284863,1,-3165.0,1263.0
grambling_vs_southern_20210206,2021-02-06,grambling,Southern,2021,1,0,0.4033087,0,207.0,-256.0
grambling_vs_alcorn state_20210208,2021-02-08,grambling,Alcorn State,2021,1,1,0.7038716,1,-104.0,-113.0
grambling_vs_texas southern_20210213,2021-02-13,grambling,Texas Southern,2021,0,0,0.41750702,1,146.0,-173.0
grambling_vs_jackson state_20210222,2021-02-22,grambling,Jackson State,2021,0,1,0.51842356,0,201.0,-247.0
grambling_vs_mississippi valley state_20210301,2021-03-01,grambling,Mississippi Valley State,2021,0,1,0.8495971,0,-1700.0,900.0
grambling_vs_alabama state_20210304,2021-03-04,grambling,Alabama State,2021,1,1,0.7928337,1,-300.0,250.0
grambling_vs_alabama a&m_20210306,2021-03-06,grambling,Alabama A&M,2021,1,1,0.7303583,1,-293.0,233.0
grambling_vs_southern_20210311,2021-03-11,grambling,Southern,2021,1,0,0.47980866,0,114.0,-133.0
grand-canyon_vs_nevada_20201211,2020-12-11,grand-canyon,Nevada,2021,1,1,0.5569482,1,-100.0,-117.0
grand-canyon_vs_arizona state_20201213,2020-12-13,grand-canyon,Arizona State,2021,0,0,0.45162076,1,310.0,-380.0
grand-canyon_vs_san francisco_20201220,2020-12-20,grand-canyon,San Francisco,2021,0,0,0.4006451,1,209.0,-251.0
grand-canyon_vs_new mexico state_20210129,2021-01-29,grand-canyon,New Mexico State,2021,1,0,0.4467463,0,-220.0,180.0
grand-canyon_vs_new mexico state_20210130,2021-01-30,grand-canyon,New Mexico State,2021,1,0,0.4761674,0,-140.0,120.0
grand-canyon_vs_california baptist_20210219,2021-02-19,grand-canyon,California Baptist,2021,1,1,0.8222609,1,-475.0,367.0
grand-canyon_vs_california baptist_20210220,2021-02-20,grand-canyon,California Baptist,2021,0,1,0.83081216,0,-500.0,400.0
grand-canyon_vs_utah valley_20210305,2021-03-05,grand-canyon,Utah Valley,2021,0,1,0.7955039,0,-383.0,313.0
grand-canyon_vs_utah valley_20210306,2021-03-06,grand-canyon,Utah Valley,2021,1,1,0.7398041,1,-340.0,280.0
grand-canyon_vs_seattle_20210312,2021-03-12,grand-canyon,Seattle,2021,1,1,0.6735714,1,-280.0,235.0
grand-canyon_vs_new mexico state_20210313,2021-03-13,grand-canyon,New Mexico State,2021,1,1,0.6671813,1,109.0,-129.0
grand-canyon_vs_iowa_20210320,2021-03-20,grand-canyon,Iowa,2021,0,0,0.12585315,1,797.0,-1300.0
green-bay_vs_eastern illinois_20201205,2020-12-05,green-bay,Eastern Illinois,2021,0,0,0.38648233,1,200.0,-240.0
green-bay_vs_milwaukee_20201219,2020-12-19,green-bay,Milwaukee,2021,0,0,0.46921632,1,105.0,-125.0
green-bay_vs_milwaukee_20201220,2020-12-20,green-bay,Milwaukee,2021,0,1,0.51653343,0,-114.0,-102.0
green-bay_vs_oakland_20210108,2021-01-08,green-bay,Oakland,2021,1,1,0.6721933,1,107.0,-127.0
green-bay_vs_oakland_20210109,2021-01-09,green-bay,Oakland,2021,1,1,0.68781996,1,105.0,-125.0
green-bay_vs_iupui_20210205,2021-02-05,green-bay,IUPUI,2021,0,1,0.69424987,0,-240.0,200.0
green-bay_vs_iupui_20210206,2021-02-06,green-bay,IUPUI,2021,1,1,0.71301246,1,-225.0,185.0
green-bay_vs_northern kentucky_20210212,2021-02-12,green-bay,Northern Kentucky,2021,1,1,0.62748957,1,-115.0,-105.0
green-bay_vs_northern kentucky_20210213,2021-02-13,green-bay,Northern Kentucky,2021,0,1,0.6663521,0,,
hampton_vs_william & mary_20201216,2020-12-16,hampton,William & Mary,2021,0,1,0.5299437,0,113.0,-133.0
hampton_vs_gardner-webb_20201230,2020-12-30,hampton,Gardner-Webb,2021,1,0,0.4341534,0,183.0,-218.0
hampton_vs_gardner-webb_20201231,2020-12-31,hampton,Gardner-Webb,2021,0,0,0.47322166,1,160.0,-180.0
hampton_vs_unc asheville_20210109,2021-01-09,hampton,UNC Asheville,2021,1,0,0.36477062,0,146.0,-171.0
hampton_vs_unc asheville_20210110,2021-01-10,hampton,UNC Asheville,2021,0,0,0.4162953,1,164.0,-193.0
hampton_vs_high point_20210207,2021-02-07,hampton,High Point,2021,0,1,0.54552156,0,115.0,-135.0
hampton_vs_high point_20210208,2021-02-08,hampton,High Point,2021,1,0,0.4596182,0,121.0,-142.0
hampton_vs_presbyterian_20210211,2021-02-11,hampton,Presbyterian,2021,0,1,0.6790625,0,-158.0,134.0
hampton_vs_presbyterian_20210212,2021-02-12,hampton,Presbyterian,2021,1,1,0.66043466,1,-125.0,107.0
hampton_vs_campbell_20210218,2021-02-18,hampton,Campbell,2021,0,0,0.44949642,1,145.0,-165.0
hampton_vs_campbell_20210219,2021-02-19,hampton,Campbell,2021,0,0,0.35623607,1,165.0,-190.0
hampton_vs_presbyterian_20210227,2021-02-27,hampton,Presbyterian,2021,1,1,0.6601223,1,-144.0,123.0
hawaii_vs_cal state bakersfield_20210115,2021-01-15,hawaii,Cal State Bakersfield,2021,0,0,0.4602015,1,-155.0,135.0
hawaii_vs_cal state bakersfield_20210116,2021-01-16,hawaii,Cal State Bakersfield,2021,0,0,0.46521252,1,-123.0,103.0
hawaii_vs_uc irvine_20210129,2021-01-29,hawaii,UC Irvine,2021,0,0,0.31659925,1,140.0,-160.0
hawaii_vs_uc irvine_20210130,2021-01-30,hawaii,UC Irvine,2021,1,0,0.3366031,0,135.0,-155.0
hawaii_vs_cal poly_20210205,2021-02-05,hawaii,Cal Poly,2021,1,1,0.8751601,1,-750.0,534.0
hawaii_vs_cal poly_20210206,2021-02-06,hawaii,Cal Poly,2021,1,1,0.8941075,1,-750.0,525.0
hawaii_vs_uc santa barbara_20210212,2021-02-12,hawaii,UC Santa Barbara,2021,0,0,0.33119825,1,180.0,-210.0
hawaii_vs_uc santa barbara_20210213,2021-02-13,hawaii,UC Santa Barbara,2021,0,0,0.31719926,1,207.0,-250.0
hawaii_vs_long beach state_20210226,2021-02-26,hawaii,Long Beach State,2021,1,1,0.8029921,1,-276.0,231.0
hawaii_vs_long beach state_20210227,2021-02-27,hawaii,Long Beach State,2021,1,1,0.78456265,1,-260.0,215.0
high-point_vs_north florida_20201205,2020-12-05,high-point,North Florida,2021,1,1,0.65859133,1,-233.0,195.0
high-point_vs_usc upstate_20201230,2020-12-30,high-point,USC Upstate,2021,1,1,0.7612362,1,-308.0,252.0
high-point_vs_usc upstate_20201231,2020-12-31,high-point,USC Upstate,2021,0,1,0.76361424,0,-245.0,205.0
high-point_vs_presbyterian_20210124,2021-01-24,high-point,Presbyterian,2021,1,1,0.8051848,1,-235.0,192.0
high-point_vs_presbyterian_20210125,2021-01-25,high-point,Presbyterian,2021,0,1,0.8258652,0,-358.0,276.0
high-point_vs_charleston southern_20210211,2021-02-11,high-point,Charleston Southern,2021,1,1,0.8350903,1,-355.0,274.0
high-point_vs_charleston southern_20210212,2021-02-12,high-point,Charleston Southern,2021,0,1,0.78093326,0,-348.0,269.0
high-point_vs_winthrop_20210218,2021-02-18,high-point,Winthrop,2021,0,0,0.26931167,1,378.0,-531.0
high-point_vs_winthrop_20210219,2021-02-19,high-point,Winthrop,2021,0,0,0.2923659,1,334.0,-453.0
high-point_vs_usc upstate_20210227,2021-02-27,high-point,USC Upstate,2021,1,1,0.7540494,1,-204.0,170.0
hofstra_vs_fairleigh dickinson_20201130,2020-11-30,hofstra,Fairleigh Dickinson,2021,1,1,0.6435359,1,-952.0,649.0
hofstra_vs_iona_20201205,2020-12-05,hofstra,Iona,2021,0,1,0.73205525,0,-415.0,335.0
hofstra_vs_stony brook_20201209,2020-12-09,hofstra,Stony Brook,2021,1,1,0.7421806,1,-453.0,356.0
hofstra_vs_monmouth_20201215,2020-12-15,hofstra,Monmouth,2021,1,0,0.4335673,0,-133.0,113.0
hofstra_vs_william & mary_20210102,2021-01-02,hofstra,William & Mary,2021,1,1,0.8370428,1,-550.0,425.0
hofstra_vs_william & mary_20210103,2021-01-03,hofstra,William & Mary,2021,1,1,0.83203894,1,-560.0,440.0
hofstra_vs_northeastern_20210107,2021-01-07,hofstra,Northeastern,2021,0,1,0.6869408,0,-217.0,182.0
hofstra_vs_towson_20210123,2021-01-23,hofstra,Towson,2021,1,1,0.7737722,1,-250.0,210.0
hofstra_vs_towson_20210124,2021-01-24,hofstra,Towson,2021,1,1,0.7642572,1,-221.0,184.0
hofstra_vs_drexel_20210206,2021-02-06,hofstra,Drexel,2021,0,1,0.67733693,0,-174.0,145.0
hofstra_vs_drexel_20210207,2021-02-07,hofstra,Drexel,2021,1,1,0.64537543,1,-190.0,159.0
holy-cross_vs_army_20210109,2021-01-09,holy-cross,Army,2021,0,0,0.4207391,1,195.0,-233.0
holy-cross_vs_lehigh_20210123,2021-01-23,holy-cross,Lehigh,2021,0,1,0.65556663,0,-113.0,-103.0
holy-cross_vs_lehigh_20210124,2021-01-24,holy-cross,Lehigh,2021,0,1,0.6213236,0,-106.0,
holy-cross_vs_colgate_20210130,2021-01-30,holy-cross,Colgate,2021,0,0,0.10783601,1,735.0,-1332.0
holy-cross_vs_colgate_20210131,2021-01-31,holy-cross,Colgate,2021,0,0,0.11742738,1,790.0,-1300.0
holy-cross_vs_boston university_20210213,2021-02-13,holy-cross,Boston University,2021,1,1,0.61100936,1,196.0,-240.0
holy-cross_vs_boston university_20210217,2021-02-17,holy-cross,Boston University,2021,0,1,0.60162926,0,143.0,-169.0
holy-cross_vs_army_20210221,2021-02-21,holy-cross,Army,2021,1,0,0.38683662,0,210.0,-250.0
houston_vs_boise state_20201127,2020-11-27,houston,Boise State,2021,1,1,0.9030522,1,-866.0,604.0
houston_vs_texas tech_20201129,2020-11-29,houston,Texas Tech,2021,1,0,0.4534376,0,140.0,-160.0
houston_vs_south carolina_20201205,2020-12-05,houston,South Carolina,2021,1,1,0.892011,1,-430.0,349.0
houston_vs_alcorn state_20201220,2020-12-20,houston,Alcorn State,2021,1,1,0.9554561,1,-100000.0,3000.0
houston_vs_temple_20201222,2020-12-22,houston,Temple,2021,1,1,0.95289356,1,-2100.0,1100.0
houston_vs_wichita state_20210106,2021-01-06,houston,Wichita State,2021,1,1,0.86924785,1,-700.0,520.0
houston_vs_tulane_20210109,2021-01-09,houston,Tulane,2021,1,1,0.9635921,1,-2282.0,1143.0
houston_vs_ucf_20210117,2021-01-17,houston,UCF,2021,1,1,0.9200814,1,-1100.0,700.0
houston_vs_tulsa_20210120,2021-01-20,houston,Tulsa,2021,1,1,0.90312403,1,-850.0,575.0
houston_vs_smu_20210131,2021-01-31,houston,SMU,2021,1,1,0.8521931,1,-500.0,395.0
houston_vs_cincinnati_20210221,2021-02-21,houston,Cincinnati,2021,1,1,0.92960656,1,-1000.0,660.0
houston_vs_western kentucky_20210225,2021-02-25,houston,Western Kentucky,2021,1,1,0.9229539,1,-660.0,510.0
houston_vs_south florida_20210228,2021-02-28,houston,South Florida,2021,1,1,0.96854633,1,-1379.0,974.0
houston_vs_memphis_20210307,2021-03-07,houston,Memphis,2021,1,1,0.81372225,1,-525.0,415.0
houston_vs_tulane_20210312,2021-03-12,houston,Tulane,2021,1,1,0.953996,1,-2000.0,1041.0
houston_vs_memphis_20210313,2021-03-13,houston,Memphis,2021,1,1,0.7238726,1,-300.0,250.0
houston_vs_rutgers_20210321,2021-03-21,houston,Rutgers,2021,1,1,0.7698613,1,-324.0,267.0
houston_vs_syracuse_20210327,2021-03-27,houston,Syracuse,2021,1,1,0.808351,1,-255.0,215.0
houston_vs_oregon state_20210329,2021-03-29,houston,Oregon State,2021,1,1,0.85693985,1,-363.0,296.0
houston-baptist_vs_rice_20201205,2020-12-05,houston-baptist,Rice,2021,0,0,0.3887606,1,375.0,-480.0
houston-baptist_vs_northwestern state_20210102,2021-01-02,houston-baptist,Northwestern State,2021,1,0,0.49722862,0,177.0,-210.0
houston-baptist_vs_abilene christian_20210106,2021-01-06,houston-baptist,Abilene Christian,2021,0,0,0.15639512,1,990.0,-1776.0
houston-baptist_vs_mcneese state_20210123,2021-01-23,houston-baptist,McNeese State,2021,0,1,0.6251954,0,-105.0,-111.0
houston-baptist_vs_lamar_20210213,2021-02-13,houston-baptist,Lamar,2021,1,1,0.6843377,1,-113.0,-103.0
houston-baptist_vs_sam houston state_20210301,2021-03-01,houston-baptist,Sam Houston State,2021,0,0,0.29506716,1,400.0,-571.0
houston-baptist_vs_incarnate word_20210303,2021-03-03,houston-baptist,Incarnate Word,2021,1,1,0.5940211,1,-183.0,163.0
houston-baptist_vs_texas a&mâcorpus christi_20210306,2021-03-06,houston-baptist,Texas A&MâCorpus Christi,2021,0,1,0.732763,0,-213.0,176.0
houston-baptist_vs_incarnate word_20210309,2021-03-09,houston-baptist,Incarnate Word,2021,1,0,0.44525984,0,-135.0,115.0
houston-baptist_vs_lamar_20210310,2021-03-10,houston-baptist,Lamar,2021,0,0,0.3379337,1,205.0,-245.0
howard_vs_bellarmine_20201206,2020-12-06,howard,Bellarmine,2021,0,1,0.587537,0,190.0,-226.0
howard_vs_hampton_20201218,2020-12-18,howard,Hampton,2021,1,1,0.6456391,1,109.0,-128.0
idaho_vs_northern arizona_20201231,2020-12-31,idaho,Northern Arizona,2021,0,1,0.5736398,0,125.0,-145.0
idaho_vs_northern arizona_20210102,2021-01-02,idaho,Northern Arizona,2021,0,1,0.53311056,0,136.0,-160.0
idaho_vs_northern colorado_20210114,2021-01-14,idaho,Northern Colorado,2021,0,0,0.47999623,1,255.0,-305.0
idaho_vs_northern colorado_20210116,2021-01-16,idaho,Northern Colorado,2021,0,0,0.42707908,1,325.0,-400.0
idaho_vs_weber state_20210128,2021-01-28,idaho,Weber State,2021,0,0,0.27904603,1,500.0,-700.0
idaho_vs_weber state_20210130,2021-01-30,idaho,Weber State,2021,0,0,0.26687697,1,600.0,-900.0
idaho_vs_eastern washington_20210204,2021-02-04,idaho,Eastern Washington,2021,0,0,0.13378145,1,912.0,-1600.0
idaho_vs_portland state_20210220,2021-02-20,idaho,Portland State,2021,0,0,0.21308027,1,284.0,-371.0
idaho_vs_montana state_20210226,2021-02-26,idaho,Montana State,2021,1,0,0.24552526,0,500.0,-700.0
idaho_vs_montana state_20210228,2021-02-28,idaho,Montana State,2021,0,0,0.25178564,1,450.0,-600.0
idaho_vs_montana_20210310,2021-03-10,idaho,Montana,2021,0,0,0.24880975,1,650.0,-1000.0
idaho-state_vs_sacramento state_20210117,2021-01-17,idaho-state,Sacramento State,2021,1,0,0.4399845,0,-135.0,115.0
idaho-state_vs_sacramento state_20210118,2021-01-18,idaho-state,Sacramento State,2021,0,0,0.49424204,1,-125.0,105.0
idaho-state_vs_idaho_20210211,2021-02-11,idaho-state,Idaho,2021,1,1,0.8638019,1,-415.0,335.0
idaho-state_vs_idaho_20210213,2021-02-13,idaho-state,Idaho,2021,1,1,0.8785006,1,-550.0,416.0
idaho-state_vs_montana_20210225,2021-02-25,idaho-state,Montana,2021,0,1,0.5304451,0,140.0,-160.0
idaho-state_vs_montana_20210227,2021-02-27,idaho-state,Montana,2021,0,1,0.50846523,0,104.0,-122.0
idaho-state_vs_montana state_20210311,2021-03-11,idaho-state,Montana State,2021,0,0,0.3972829,1,121.0,-146.0
illinois_vs_chicago state_20201126,2020-11-26,illinois,Chicago State,2021,1,1,0.96662885,1,-21464.0,29000.0
illinois_vs_ohio_20201127,2020-11-27,illinois,Ohio,2021,1,1,0.91849625,1,-1847.0,1013.0
illinois_vs_minnesota_20201215,2020-12-15,illinois,Minnesota,2021,1,1,0.7999617,1,-450.0,360.0
illinois_vs_indiana_20201226,2020-12-26,illinois,Indiana,2021,1,1,0.74282134,1,-275.0,235.0
illinois_vs_purdue_20210102,2021-01-02,illinois,Purdue,2021,1,1,0.8061233,1,-365.0,305.0
illinois_vs_maryland_20210110,2021-01-10,illinois,Maryland,2021,0,1,0.82291156,0,-600.0,450.0
illinois_vs_ohio state_20210116,2021-01-16,illinois,Ohio State,2021,0,1,0.7340024,0,-325.0,270.0
illinois_vs_penn state_20210119,2021-01-19,illinois,Penn State,2021,1,1,0.79092705,1,-470.0,375.0
illinois_vs_iowa_20210129,2021-01-29,illinois,Iowa,2021,1,1,0.5377677,1,-160.0,140.0
illinois_vs_wisconsin_20210206,2021-02-06,illinois,Wisconsin,2021,1,1,0.70757014,1,-190.0,165.0
illinois_vs_northwestern_20210216,2021-02-16,illinois,Northwestern,2021,1,1,0.9027754,1,-1000.0,650.0
illinois_vs_nebraska_20210225,2021-02-25,illinois,Nebraska,2021,1,1,0.9109983,1,-1100.0,700.0
illinois_vs_rutgers_20210312,2021-03-12,illinois,Rutgers,2021,1,1,0.6955845,1,-340.0,280.0
illinois_vs_iowa_20210313,2021-03-13,illinois,Iowa,2021,1,0,0.42562234,0,-150.0,130.0
illinois_vs_ohio state_20210314,2021-03-14,illinois,Ohio State,2021,1,1,0.5727278,1,-270.0,222.0
illinois_vs_loyola chicago_20210321,2021-03-21,illinois,Loyola Chicago,2021,0,1,0.65375125,0,-320.0,260.0
illinois-chicago_vs_central michigan_20201128,2020-11-28,illinois-chicago,Central Michigan,2021,1,1,0.7066193,1,-135.0,115.0
illinois-chicago_vs_valparaiso_20201201,2020-12-01,illinois-chicago,Valparaiso,2021,1,1,0.5792134,1,105.0,-125.0
illinois-chicago_vs_loyola chicago_20201213,2020-12-13,illinois-chicago,Loyola Chicago,2021,0,0,0.22375053,1,415.0,-525.0
illinois-chicago_vs_oakland_20201219,2020-12-19,illinois-chicago,Oakland,2021,1,1,0.713097,1,-240.0,199.0
illinois-chicago_vs_oakland_20201220,2020-12-20,illinois-chicago,Oakland,2021,1,1,0.6623007,1,-160.0,140.0
illinois-chicago_vs_robert morris_20210115,2021-01-15,illinois-chicago,Robert Morris,2021,1,1,0.69279236,1,-145.0,125.0
illinois-chicago_vs_robert morris_20210116,2021-01-16,illinois-chicago,Robert Morris,2021,1,1,0.6990418,1,-170.0,150.0
illinois-chicago_vs_wright state_20210205,2021-02-05,illinois-chicago,Wright State,2021,0,0,0.17298478,1,380.0,-475.0
illinois-chicago_vs_wright state_20210206,2021-02-06,illinois-chicago,Wright State,2021,0,0,0.14881189,1,500.0,-650.0
illinois-chicago_vs_green bay_20210219,2021-02-19,illinois-chicago,Green Bay,2021,1,0,0.43102068,0,102.0,-122.0
illinois-chicago_vs_green bay_20210220,2021-02-20,illinois-chicago,Green Bay,2021,0,0,0.42971873,1,-122.0,102.0
illinois-state_vs_umass lowell_20201128,2020-11-28,illinois-state,UMass Lowell,2021,1,1,0.62938434,1,-109.0,-107.0
illinois-state_vs_chicago state_20201215,2020-12-15,illinois-state,Chicago State,2021,1,1,0.9435269,1,-8000.0,1750.0
illinois-state_vs_indiana state_20210116,2021-01-16,illinois-state,Indiana State,2021,0,0,0.39652157,1,175.0,-205.0
illinois-state_vs_indiana state_20210117,2021-01-17,illinois-state,Indiana State,2021,0,0,0.35387507,1,180.0,-220.0
illinois-state_vs_bradley_20210120,2021-01-20,illinois-state,Bradley,2021,1,0,0.17658423,0,325.0,-400.0
illinois-state_vs_valparaiso_20210123,2021-01-23,illinois-state,Valparaiso,2021,0,1,0.6189085,0,-133.0,114.0
illinois-state_vs_valparaiso_20210124,2021-01-24,illinois-state,Valparaiso,2021,0,1,0.5593363,0,-125.0,105.0
illinois-state_vs_missouri state_20210206,2021-02-06,illinois-state,Missouri State,2021,0,0,0.28658783,1,250.0,-300.0
illinois-state_vs_missouri state_20210207,2021-02-07,illinois-state,Missouri State,2021,0,0,0.30289924,1,200.0,-240.0
illinois-state_vs_northern iowa_20210226,2021-02-26,illinois-state,Northern Iowa,2021,0,1,0.5054993,0,150.0,-170.0
illinois-state_vs_northern iowa_20210227,2021-02-27,illinois-state,Northern Iowa,2021,0,0,0.4578733,1,160.0,-185.0
illinois-state_vs_northern iowa_20210304,2021-03-04,illinois-state,Northern Iowa,2021,0,0,0.36099783,1,210.0,-250.0
incarnate-word_vs_mcneese state_20210113,2021-01-13,incarnate-word,McNeese State,2021,1,1,0.55717653,1,105.0,-123.0
incarnate-word_vs_stephen f. austin_20210116,2021-01-16,incarnate-word,Stephen F. Austin,2021,0,0,0.26357123,1,508.0,-786.0
incarnate-word_vs_texas a&mâcorpus christi_20210123,2021-01-23,incarnate-word,Texas A&MâCorpus Christi,2021,1,1,0.652686,1,-119.0,102.0
incarnate-word_vs_houston baptist_20210127,2021-01-27,incarnate-word,Houston Baptist,2021,0,1,0.6790523,0,-119.0,102.0
incarnate-word_vs_abilene christian_20210130,2021-01-30,incarnate-word,Abilene Christian,2021,0,0,0.17160504,1,787.0,-1477.0
incarnate-word_vs_northwestern state_20210210,2021-02-10,incarnate-word,Northwestern State,2021,0,1,0.65343696,0,-109.0,-107.0
incarnate-word_vs_lamar_20210224,2021-02-24,incarnate-word,Lamar,2021,0,1,0.7126336,0,-129.0,111.0
incarnate-word_vs_new orleans_20210301,2021-03-01,incarnate-word,New Orleans,2021,0,1,0.5647255,0,133.0,-153.0
indiana_vs_texas_20201201,2020-12-01,indiana,Texas,2021,0,1,0.6438974,0,-145.0,125.0
indiana_vs_stanford_20201202,2020-12-02,indiana,Stanford,2021,1,1,0.63355637,1,105.0,-125.0
indiana_vs_north alabama_20201213,2020-12-13,indiana,North Alabama,2021,1,1,0.9481403,1,-2265.0,1422.0
indiana_vs_northwestern_20201223,2020-12-23,indiana,Northwestern,2021,0,1,0.7176061,0,-450.0,360.0
indiana_vs_penn state_20201230,2020-12-30,indiana,Penn State,2021,1,1,0.7506068,1,-260.0,220.0
indiana_vs_maryland_20210104,2021-01-04,indiana,Maryland,2021,1,1,0.78766954,1,-225.0,185.0
indiana_vs_purdue_20210114,2021-01-14,indiana,Purdue,2021,0,1,0.7621206,0,-185.0,160.0
indiana_vs_rutgers_20210124,2021-01-24,indiana,Rutgers,2021,0,1,0.75991875,0,-210.0,175.0
indiana_vs_illinois_20210202,2021-02-02,indiana,Illinois,2021,0,0,0.4653306,1,135.0,-155.0
indiana_vs_iowa_20210207,2021-02-07,indiana,Iowa,2021,1,0,0.34612522,0,148.0,-168.0
indiana_vs_minnesota_20210217,2021-02-17,indiana,Minnesota,2021,1,1,0.6331999,1,-272.0,225.0
indiana_vs_michigan state_20210220,2021-02-20,indiana,Michigan State,2021,0,1,0.7757958,0,-290.0,245.0
indiana_vs_michigan_20210227,2021-02-27,indiana,Michigan,2021,0,0,0.35178393,1,290.0,-350.0
indiana_vs_rutgers_20210311,2021-03-11,indiana,Rutgers,2021,0,0,0.4616157,1,130.0,-150.0
indiana-state_vs_ball state_20201219,2020-12-19,indiana-state,Ball State,2021,1,1,0.7871672,1,-153.0,130.0
indiana-state_vs_southeast missouri state_20201222,2020-12-22,indiana-state,Southeast Missouri State,2021,1,1,0.9484876,1,-900.0,600.0
indiana-state_vs_drake_20201227,2020-12-27,indiana-state,Drake,2021,0,0,0.426294,1,135.0,-155.0
indiana-state_vs_drake_20201228,2020-12-28,indiana-state,Drake,2021,0,0,0.36525893,1,190.0,-230.0
indiana-state_vs_loyola chicago_20210110,2021-01-10,indiana-state,Loyola Chicago,2021,1,0,0.31572765,0,315.0,-385.0
indiana-state_vs_loyola chicago_20210111,2021-01-11,indiana-state,Loyola Chicago,2021,0,0,0.42974722,1,300.0,-370.0
indiana-state_vs_southern illinois_20210125,2021-01-25,indiana-state,Southern Illinois,2021,1,1,0.789354,1,-265.0,225.0
indiana-state_vs_southern illinois_20210126,2021-01-26,indiana-state,Southern Illinois,2021,1,1,0.7676898,1,-230.0,192.0
indiana-state_vs_bradley_20210131,2021-01-31,indiana-state,Bradley,2021,1,0,0.46920162,0,,
indiana-state_vs_bradley_20210201,2021-02-01,indiana-state,Bradley,2021,1,1,0.5690027,1,124.0,-144.0
indiana-state_vs_evansville_20210217,2021-02-17,indiana-state,Evansville,2021,1,1,0.7811865,1,-275.0,226.0
indiana-state_vs_loyola chicago_20210306,2021-03-06,indiana-state,Loyola Chicago,2021,0,0,0.29191056,1,500.0,-700.0
iona_vs_morgan state_20201208,2020-12-08,iona,Morgan State,2021,0,1,0.74900913,0,-425.0,345.0
iona_vs_coppin state_20201223,2020-12-23,iona,Coppin State,2021,1,1,0.7583202,1,-704.0,549.0
iona_vs_manhattan_20210212,2021-02-12,iona,Manhattan,2021,1,1,0.7703527,1,-215.0,180.0
iona_vs_manhattan_20210213,2021-02-13,iona,Manhattan,2021,0,1,0.78738195,0,-345.0,285.0
iona_vs_monmouth_20210219,2021-02-19,iona,Monmouth,2021,1,1,0.561055,1,-140.0,120.0
iona_vs_monmouth_20210220,2021-02-20,iona,Monmouth,2021,1,1,0.67465615,1,-123.0,103.0
iona_vs_quinnipiac_20210309,2021-03-09,iona,Quinnipiac,2021,1,1,0.6550912,1,-275.0,235.0
iona_vs_siena_20210310,2021-03-10,iona,Siena,2021,1,1,0.6545274,1,-115.0,-105.0
iona_vs_niagara_20210312,2021-03-12,iona,Niagara,2021,1,1,0.72094834,1,-240.0,200.0
iowa_vs_southern_20201127,2020-11-27,iowa,Southern,2021,1,1,0.9613386,1,-18531.0,2182.0
iowa_vs_western illinois_20201203,2020-12-03,iowa,Western Illinois,2021,1,1,0.9761103,1,-10254.0,1978.0
iowa_vs_north carolina_20201208,2020-12-08,iowa,North Carolina,2021,1,1,0.6885284,1,-185.0,160.0
iowa_vs_iowa state_20201211,2020-12-11,iowa,Iowa State,2021,1,1,0.8983361,1,-1009.0,750.0
iowa_vs_northern illinois_20201213,2020-12-13,iowa,Northern Illinois,2021,1,1,0.96450424,1,-10000.0,1904.0
iowa_vs_purdue_20201222,2020-12-22,iowa,Purdue,2021,1,1,0.79331493,1,-325.0,270.0
iowa_vs_northwestern_20201229,2020-12-29,iowa,Northwestern,2021,1,1,0.8272241,1,-700.0,500.0
iowa_vs_minnesota_20210110,2021-01-10,iowa,Minnesota,2021,1,1,0.7774194,1,-550.0,416.0
iowa_vs_indiana_20210121,2021-01-21,iowa,Indiana,2021,0,1,0.81184113,0,-566.0,450.0
iowa_vs_michigan state_20210202,2021-02-02,iowa,Michigan State,2021,1,1,0.8902915,1,-500.0,400.0
iowa_vs_ohio state_20210204,2021-02-04,iowa,Ohio State,2021,0,1,0.74809843,0,-240.0,200.0
iowa_vs_rutgers_20210210,2021-02-10,iowa,Rutgers,2021,1,1,0.7659199,1,-280.0,240.0
iowa_vs_penn state_20210221,2021-02-21,iowa,Penn State,2021,1,1,0.86714,1,-600.0,450.0
iowa_vs_nebraska_20210304,2021-03-04,iowa,Nebraska,2021,1,1,0.9026952,1,-1700.0,900.0
iowa_vs_wisconsin_20210307,2021-03-07,iowa,Wisconsin,2021,1,1,0.7905935,1,-320.0,260.0
iowa_vs_wisconsin_20210312,2021-03-12,iowa,Wisconsin,2021,1,1,0.74979323,1,-210.0,175.0
iowa_vs_oregon_20210322,2021-03-22,iowa,Oregon,2021,0,1,0.8326159,0,-213.0,184.0
iowa-state_vs_south dakota state_20201202,2020-12-02,iowa-state,South Dakota State,2021,0,1,0.6911761,0,-125.0,105.0
iowa-state_vs_kansas state_20201215,2020-12-15,iowa-state,Kansas State,2021,0,1,0.6225832,0,-340.0,280.0
iowa-state_vs_jackson state_20201220,2020-12-20,iowa-state,Jackson State,2021,1,1,0.9345707,1,-4578.0,1571.0
iowa-state_vs_baylor_20210102,2021-01-02,iowa-state,Baylor,2021,0,0,0.16227992,1,1021.0,-1870.0
iowa-state_vs_texas tech_20210109,2021-01-09,iowa-state,Texas Tech,2021,0,0,0.28888196,1,310.0,-370.0
iowa-state_vs_oklahoma state_20210125,2021-01-25,iowa-state,Oklahoma State,2021,0,0,0.35788894,1,265.0,-315.0
iowa-state_vs_west virginia_20210202,2021-02-02,iowa-state,West Virginia,2021,0,0,0.25990316,1,465.0,-630.0
iowa-state_vs_kansas_20210213,2021-02-13,iowa-state,Kansas,2021,0,0,0.25316775,1,500.0,-700.0
iowa-state_vs_oklahoma_20210220,2021-02-20,iowa-state,Oklahoma,2021,0,0,0.22285964,1,500.0,-700.0
iowa-state_vs_tcu_20210227,2021-02-27,iowa-state,TCU,2021,0,0,0.46161464,1,-120.0,100.0
iowa-state_vs_texas_20210302,2021-03-02,iowa-state,Texas,2021,0,0,0.29833898,1,518.0,-735.0
iowa-state_vs_oklahoma_20210310,2021-03-10,iowa-state,Oklahoma,2021,0,0,0.20811735,1,534.0,-750.0
ipfw_vs_cleveland state_20201219,2020-12-19,ipfw,Cleveland State,2021,0,0,0.49182063,1,-125.0,105.0
ipfw_vs_cleveland state_20201220,2020-12-20,ipfw,Cleveland State,2021,0,0,0.46321434,1,-120.0,100.0
ipfw_vs_robert morris_20201226,2020-12-26,ipfw,Robert Morris,2021,0,1,0.5210662,0,-140.0,120.0
ipfw_vs_robert morris_20201227,2020-12-27,ipfw,Robert Morris,2021,1,0,0.4364374,0,-105.0,-115.0
ipfw_vs_northern kentucky_20210101,2021-01-01,ipfw,Northern Kentucky,2021,0,0,0.31602034,1,252.0,-307.0
ipfw_vs_northern kentucky_20210102,2021-01-02,ipfw,Northern Kentucky,2021,0,0,0.36317986,1,245.0,-290.0
ipfw_vs_illinoisâchicago_20210108,2021-01-08,ipfw,IllinoisâChicago,2021,1,0,0.44242826,0,125.0,-145.0
ipfw_vs_illinoisâchicago_20210109,2021-01-09,ipfw,IllinoisâChicago,2021,1,0,0.47155473,0,,
ipfw_vs_milwaukee_20210115,2021-01-15,ipfw,Milwaukee,2021,1,0,0.44560763,0,145.0,-165.0
ipfw_vs_milwaukee_20210116,2021-01-16,ipfw,Milwaukee,2021,1,0,0.4459037,0,135.0,-155.0
ipfw_vs_green bay_20210122,2021-01-22,ipfw,Green Bay,2021,0,1,0.57125276,0,116.0,-136.0
ipfw_vs_green bay_20210123,2021-01-23,ipfw,Green Bay,2021,0,0,0.48733634,1,120.0,-140.0
ipfw_vs_oakland_20210129,2021-01-29,ipfw,Oakland,2021,0,1,0.5781173,0,-117.0,-103.0
ipfw_vs_oakland_20210130,2021-01-30,ipfw,Oakland,2021,0,0,0.4931361,1,-101.0,-116.0
ipfw_vs_detroit mercy_20210205,2021-02-05,ipfw,Detroit Mercy,2021,0,0,0.32300195,1,226.0,-275.0
ipfw_vs_detroit mercy_20210206,2021-02-06,ipfw,Detroit Mercy,2021,0,0,0.31038892,1,205.0,-245.0
ipfw_vs_youngstown state_20210212,2021-02-12,ipfw,Youngstown State,2021,0,0,0.3481334,1,199.0,-240.0
ipfw_vs_youngstown state_20210213,2021-02-13,ipfw,Youngstown State,2021,0,0,0.34304935,1,195.0,-225.0
ipfw_vs_cleveland state_20210219,2021-02-19,ipfw,Cleveland State,2021,1,0,0.2577611,0,156.0,-186.0
ipfw_vs_cleveland state_20210220,2021-02-20,ipfw,Cleveland State,2021,0,0,0.27269882,1,145.0,-165.0
ipfw_vs_green bay_20210225,2021-02-25,ipfw,Green Bay,2021,1,0,0.3314344,0,190.0,-230.0
ipfw_vs_cleveland state_20210302,2021-03-02,ipfw,Cleveland State,2021,0,0,0.23992151,1,281.0,-350.0
iupui_vs_cleveland state_20210101,2021-01-01,iupui,Cleveland State,2021,0,0,0.45112112,1,145.0,-165.0
iupui_vs_cleveland state_20210102,2021-01-02,iupui,Cleveland State,2021,0,0,0.46564987,1,132.0,-151.0
iupui_vs_wright state_20210122,2021-01-22,iupui,Wright State,2021,0,0,0.16338666,1,755.0,-1200.0
iupui_vs_wright state_20210123,2021-01-23,iupui,Wright State,2021,0,0,0.15507358,1,797.0,-1300.0
iupui_vs_milwaukee_20210129,2021-01-29,iupui,Milwaukee,2021,1,1,0.5019475,1,170.0,-200.0
iupui_vs_milwaukee_20210130,2021-01-30,iupui,Milwaukee,2021,0,1,0.5455194,0,125.0,-145.0
iupui_vs_illinoisâchicago_20210212,2021-02-12,iupui,IllinoisâChicago,2021,1,1,0.6799606,1,130.0,-150.0
iupui_vs_illinoisâchicago_20210213,2021-02-13,iupui,IllinoisâChicago,2021,1,1,0.70029145,1,,-130.0
jackson-state_vs_mississippi valley state_20210130,2021-01-30,jackson-state,Mississippi Valley State,2021,1,1,0.8594384,1,-2688.0,1147.0
jackson-state_vs_arkansasâpine bluff_20210201,2021-02-01,jackson-state,ArkansasâPine Bluff,2021,1,1,0.8387012,1,-782.0,506.0
jackson-state_vs_arkansasâpine bluff_20210301,2021-03-01,jackson-state,ArkansasâPine Bluff,2021,1,1,0.82635164,1,-607.0,419.0
jackson-state_vs_alabama a&m_20210304,2021-03-04,jackson-state,Alabama A&M,2021,1,1,0.7789689,1,-365.0,295.0
jackson-state_vs_alabama state_20210306,2021-03-06,jackson-state,Alabama State,2021,1,1,0.8335057,1,-970.0,591.0
jackson-state_vs_texas southern_20210312,2021-03-12,jackson-state,Texas Southern,2021,0,1,0.50769144,0,122.0,-142.0
jacksonville_vs_presbyterian_20201202,2020-12-02,jacksonville,Presbyterian,2021,1,1,0.8618812,1,-587.0,443.0
jacksonville_vs_new orleans_20201210,2020-12-10,jacksonville,New Orleans,2021,1,1,0.78771466,1,-315.0,265.0
jacksonville_vs_north florida_20210108,2021-01-08,jacksonville,North Florida,2021,1,1,0.6454989,1,-147.0,126.0
jacksonville_vs_north florida_20210109,2021-01-09,jacksonville,North Florida,2021,0,1,0.6417856,0,-128.0,109.0
jacksonville_vs_liberty_20210129,2021-01-29,jacksonville,Liberty,2021,0,0,0.16090944,1,425.0,-618.0
jacksonville_vs_liberty_20210130,2021-01-30,jacksonville,Liberty,2021,0,0,0.15763725,1,410.0,-590.0
jacksonville_vs_lipscomb_20210212,2021-02-12,jacksonville,Lipscomb,2021,1,0,0.25256887,0,230.0,-289.0
jacksonville_vs_lipscomb_20210213,2021-02-13,jacksonville,Lipscomb,2021,0,0,0.2659745,1,228.0,-286.0
jacksonville-state_vs_ut martin_20201230,2020-12-30,jacksonville-state,UT Martin,2021,1,1,0.9045339,1,-700.0,506.0
jacksonville-state_vs_tennessee state_20210114,2021-01-14,jacksonville-state,Tennessee State,2021,1,1,0.83936125,1,-280.0,240.0
jacksonville-state_vs_belmont_20210116,2021-01-16,jacksonville-state,Belmont,2021,0,0,0.41883957,1,240.0,-285.0
jacksonville-state_vs_morehead state_20210128,2021-01-28,jacksonville-state,Morehead State,2021,0,1,0.733057,0,-175.0,151.0
jacksonville-state_vs_eastern kentucky_20210202,2021-02-02,jacksonville-state,Eastern Kentucky,2021,0,1,0.5469097,0,-135.0,115.0
jacksonville-state_vs_eastern illinois_20210211,2021-02-11,jacksonville-state,Eastern Illinois,2021,1,1,0.8248227,1,-425.0,345.0
jacksonville-state_vs_siu edwardsville_20210213,2021-02-13,jacksonville-state,SIU Edwardsville,2021,1,1,0.8126394,1,-450.0,360.0
jacksonville-state_vs_murray state_20210225,2021-02-25,jacksonville-state,Murray State,2021,1,0,0.4887392,0,144.0,-171.0
jacksonville-state_vs_austin peay_20210227,2021-02-27,jacksonville-state,Austin Peay,2021,1,1,0.7232727,1,-175.0,155.0
jacksonville-state_vs_murray state_20210304,2021-03-04,jacksonville-state,Murray State,2021,1,0,0.4860019,0,120.0,-140.0
james-madison_vs_radford_20201129,2020-11-29,james-madison,Radford,2021,1,1,0.7485319,1,-152.0,130.0
james-madison_vs_morgan state_20210103,2021-01-03,james-madison,Morgan State,2021,0,1,0.7775169,0,-258.0,215.0
james-madison_vs_florida atlantic_20210105,2021-01-05,james-madison,Florida Atlantic,2021,1,1,0.57066286,1,,-130.0
james-madison_vs_towson_20210127,2021-01-27,james-madison,Towson,2021,1,1,0.7400093,1,-150.0,130.0
james-madison_vs_drexel_20210131,2021-01-31,james-madison,Drexel,2021,1,1,0.50551325,1,-136.0,116.0
james-madison_vs_elon_20210203,2021-02-03,james-madison,Elon,2021,1,1,0.81116694,1,-450.0,360.0
james-madison_vs_hofstra_20210213,2021-02-13,james-madison,Hofstra,2021,1,1,0.65108776,1,-135.0,115.0
james-madison_vs_hofstra_20210214,2021-02-14,james-madison,Hofstra,2021,1,1,0.6576413,1,-119.0,-101.0
james-madison_vs_drexel_20210226,2021-02-26,james-madison,Drexel,2021,0,1,0.7079345,0,-125.0,105.0
kansas_vs_saint joseph's_20201127,2020-11-27,kansas,Saint Joseph's,2021,1,1,0.8818389,1,-5000.0,1550.0
kansas_vs_kentucky_20201201,2020-12-01,kansas,Kentucky,2021,1,1,0.5546719,1,-210.0,180.0
kansas_vs_north dakota state_20201205,2020-12-05,kansas,North Dakota State,2021,1,1,0.95889235,1,-7836.0,1858.0
kansas_vs_creighton_20201208,2020-12-08,kansas,Creighton,2021,1,1,0.68330115,1,-175.0,155.0
kansas_vs_omaha_20201211,2020-12-11,kansas,Omaha,2021,1,1,0.9706444,1,-7500.0,1800.0
kansas_vs_west virginia_20201222,2020-12-22,kansas,West Virginia,2021,1,1,0.73255545,1,-135.0,115.0
kansas_vs_texas_20210102,2021-01-02,kansas,Texas,2021,0,1,0.711646,0,-200.0,170.0
kansas_vs_oklahoma_20210109,2021-01-09,kansas,Oklahoma,2021,1,1,0.82059014,1,-300.0,250.0
kansas_vs_tcu_20210128,2021-01-28,kansas,TCU,2021,1,1,0.90306354,1,-890.0,674.0
kansas_vs_kansas state_20210202,2021-02-02,kansas,Kansas State,2021,1,1,0.960464,1,-1378.0,973.0
kansas_vs_oklahoma state_20210208,2021-02-08,kansas,Oklahoma State,2021,1,1,0.7377358,1,-265.0,225.0
kansas_vs_iowa state_20210211,2021-02-11,kansas,Iowa State,2021,1,1,0.9474035,1,-1150.0,740.0
kansas_vs_texas tech_20210220,2021-02-20,kansas,Texas Tech,2021,1,1,0.7011815,1,-131.0,111.0
kansas_vs_baylor_20210227,2021-02-27,kansas,Baylor,2021,1,0,0.34710112,0,170.0,-200.0
kansas_vs_utep_20210304,2021-03-04,kansas,UTEP,2021,1,1,0.95787966,1,-1800.0,980.0
kansas_vs_oklahoma_20210311,2021-03-11,kansas,Oklahoma,2021,1,1,0.7567722,1,-140.0,120.0
kansas_vs_southern california_20210322,2021-03-22,kansas,Southern California,2021,0,1,0.55824393,0,104.0,-117.0
kansas-state_vs_colorado_20201127,2020-11-27,kansas-state,Colorado,2021,0,0,0.45625627,1,175.0,-205.0
kansas-state_vs_kansas city_20201130,2020-11-30,kansas-state,Kansas City,2021,1,1,0.9527217,1,-525.0,415.0
kansas-state_vs_unlv_20201205,2020-12-05,kansas-state,UNLV,2021,0,1,0.7707989,0,-155.0,135.0
kansas-state_vs_milwaukee_20201211,2020-12-11,kansas-state,Milwaukee,2021,1,1,0.90530485,1,-586.0,465.0
kansas-state_vs_baylor_20201219,2020-12-19,kansas-state,Baylor,2021,0,0,0.19506702,1,1200.0,-1900.0
kansas-state_vs_jacksonville_20201221,2020-12-21,kansas-state,Jacksonville,2021,1,1,0.9242691,1,-888.0,616.0
kansas-state_vs_omaha_20201229,2020-12-29,kansas-state,Omaha,2021,1,1,0.94292545,1,-615.0,475.0
kansas-state_vs_tcu_20210102,2021-01-02,kansas-state,TCU,2021,0,0,0.438697,1,160.0,-180.0
kansas-state_vs_oklahoma state_20210109,2021-01-09,kansas-state,Oklahoma State,2021,0,0,0.42022032,1,375.0,-470.0
kansas-state_vs_west virginia_20210123,2021-01-23,kansas-state,West Virginia,2021,0,0,0.25848353,1,480.0,-660.0
kansas-state_vs_texas a&m_20210130,2021-01-30,kansas-state,Texas A&M,2021,0,0,0.47839907,1,115.0,-135.0
kansas-state_vs_texas tech_20210206,2021-02-06,kansas-state,Texas Tech,2021,0,0,0.15909675,1,837.0,-1400.0
kansas-state_vs_texas_20210209,2021-02-09,kansas-state,Texas,2021,0,0,0.12599857,1,700.0,-1100.0
kansas-state_vs_kansas_20210217,2021-02-17,kansas-state,Kansas,2021,0,0,0.17994592,1,600.0,-900.0
kansas-state_vs_oklahoma_20210223,2021-02-23,kansas-state,Oklahoma,2021,1,0,0.15120955,0,431.0,-575.0
kansas-state_vs_iowa state_20210306,2021-03-06,kansas-state,Iowa State,2021,1,1,0.57530135,1,-210.0,175.0
kansas-state_vs_tcu_20210310,2021-03-10,kansas-state,TCU,2021,1,0,0.30024207,0,148.0,-168.0
kennesaw-state_vs_samford_20201219,2020-12-19,kennesaw-state,Samford,2021,0,0,0.33383453,1,252.0,-306.0
kennesaw-state_vs_mercer_20201222,2020-12-22,kennesaw-state,Mercer,2021,0,0,0.09348687,1,816.0,-1314.0
kennesaw-state_vs_jacksonville_20210101,2021-01-01,kennesaw-state,Jacksonville,2021,0,0,0.44374308,1,-102.0,-114.0
kennesaw-state_vs_jacksonville_20210102,2021-01-02,kennesaw-state,Jacksonville,2021,0,0,0.4928897,1,140.0,-164.0
kennesaw-state_vs_north alabama_20210115,2021-01-15,kennesaw-state,North Alabama,2021,0,0,0.35398477,1,179.0,-217.0
kennesaw-state_vs_north alabama_20210116,2021-01-16,kennesaw-state,North Alabama,2021,0,0,0.30665478,1,192.0,-235.0
kennesaw-state_vs_bellarmine_20210129,2021-01-29,kennesaw-state,Bellarmine,2021,0,0,0.19353075,1,283.0,-369.0
kennesaw-state_vs_bellarmine_20210130,2021-01-30,kennesaw-state,Bellarmine,2021,0,0,0.20363985,1,340.0,-465.0
kennesaw-state_vs_stetson_20210212,2021-02-12,kennesaw-state,Stetson,2021,0,0,0.28818086,1,186.0,-226.0
kennesaw-state_vs_stetson_20210213,2021-02-13,kennesaw-state,Stetson,2021,1,0,0.28779253,0,253.0,-323.0
kennesaw-state_vs_liberty_20210304,2021-03-04,kennesaw-state,Liberty,2021,0,0,0.13871326,1,855.0,-1677.0
kent-state_vs_northern kentucky_20201213,2020-12-13,kent-state,Northern Kentucky,2021,1,1,0.6172672,1,-245.0,203.0
kent-state_vs_toledo_20210105,2021-01-05,kent-state,Toledo,2021,0,0,0.4482914,1,-150.0,130.0
kent-state_vs_buffalo_20210119,2021-01-19,kent-state,Buffalo,2021,1,1,0.62542814,1,-175.0,155.0
kent-state_vs_bowling green_20210127,2021-01-27,kent-state,Bowling Green,2021,1,1,0.7660265,1,-175.0,155.0
kent-state_vs_central michigan_20210130,2021-01-30,kent-state,Central Michigan,2021,1,1,0.9445947,1,-1100.0,700.0
kent-state_vs_miami (oh)_20210202,2021-02-02,kent-state,Miami (OH),2021,1,1,0.7792696,1,-420.0,335.0
kent-state_vs_akron_20210205,2021-02-05,kent-state,Akron,2021,0,1,0.7711808,0,-150.0,130.0
kent-state_vs_northern illinois_20210213,2021-02-13,kent-state,Northern Illinois,2021,1,1,0.9534753,1,-1300.0,797.0
kent-state_vs_eastern michigan_20210220,2021-02-20,kent-state,Eastern Michigan,2021,1,1,0.89883137,1,-1200.0,755.0
kent-state_vs_ohio_20210311,2021-03-11,kent-state,Ohio,2021,0,0,0.40768334,1,135.0,-155.0
kentucky_vs_richmond_20201129,2020-11-29,kentucky,Richmond,2021,0,1,0.74884725,0,-310.0,255.0
kentucky_vs_notre dame_20201212,2020-12-12,kentucky,Notre Dame,2021,0,1,0.74355656,0,-330.0,270.0
kentucky_vs_north carolina_20201219,2020-12-19,kentucky,North Carolina,2021,0,1,0.5755784,0,125.0,-145.0
kentucky_vs_vanderbilt_20210105,2021-01-05,kentucky,Vanderbilt,2021,1,1,0.8383147,1,-742.0,536.0
kentucky_vs_alabama_20210112,2021-01-12,kentucky,Alabama,2021,0,0,0.45616013,1,-165.0,145.0
kentucky_vs_louisiana state_20210123,2021-01-23,kentucky,Louisiana State,2021,1,0,0.28232837,0,-125.0,105.0
kentucky_vs_tennessee_20210206,2021-02-06,kentucky,Tennessee,2021,0,0,0.38516974,1,150.0,-170.0
kentucky_vs_arkansas_20210209,2021-02-09,kentucky,Arkansas,2021,0,0,0.47326186,1,-133.0,113.0
kentucky_vs_auburn_20210213,2021-02-13,kentucky,Auburn,2021,1,1,0.650234,1,-165.0,145.0
kentucky_vs_florida_20210227,2021-02-27,kentucky,Florida,2021,0,1,0.656595,0,-131.0,109.0
kentucky_vs_south carolina_20210306,2021-03-06,kentucky,South Carolina,2021,1,1,0.84922695,1,-350.0,280.0
kentucky_vs_mississippi state_20210311,2021-03-11,kentucky,Mississippi State,2021,0,1,0.67373544,0,-170.0,150.0
lafayette_vs_lehigh_20210103,2021-01-03,lafayette,Lehigh,2021,1,1,0.83969957,1,-180.0,152.0
lafayette_vs_bucknell_20210110,2021-01-10,lafayette,Bucknell,2021,1,1,0.7905073,1,-259.0,215.0
lafayette_vs_loyola (md)_20210116,2021-01-16,lafayette,Loyola (MD),2021,1,1,0.76307094,1,-279.0,224.0
lafayette_vs_boston university_20210123,2021-01-23,lafayette,Boston University,2021,0,1,0.8040434,0,-267.0,215.0
lafayette_vs_boston university_20210124,2021-01-24,lafayette,Boston University,2021,0,1,0.7891903,0,-214.0,177.0
lafayette_vs_loyola (md)_20210208,2021-02-08,lafayette,Loyola (MD),2021,1,1,0.7778849,1,-131.0,112.0
lafayette_vs_loyola (md)_20210213,2021-02-13,lafayette,Loyola (MD),2021,1,1,0.7784853,1,-140.0,119.0
lafayette_vs_lehigh_20210227,2021-02-27,lafayette,Lehigh,2021,1,1,0.78313684,1,-377.0,288.0
lafayette_vs_bucknell_20210306,2021-03-06,lafayette,Bucknell,2021,0,1,0.67177874,0,-158.0,131.0
lamar_vs_tulane_20201127,2020-11-27,lamar,Tulane,2021,0,1,0.5002148,0,357.0,-455.0
lamar_vs_lipscomb_20201128,2020-11-28,lamar,Lipscomb,2021,0,0,0.40597203,1,260.0,-318.0
lamar_vs_southern mississippi_20201215,2020-12-15,lamar,Southern Mississippi,2021,0,1,0.5079901,0,-218.0,183.0
lamar_vs_southeastern louisiana_20201229,2020-12-29,lamar,Southeastern Louisiana,2021,1,1,0.6622774,1,-201.0,170.0
lamar_vs_houston baptist_20210109,2021-01-09,lamar,Houston Baptist,2021,1,1,0.7385088,1,-301.0,248.0
lamar_vs_mcneese state_20210130,2021-01-30,lamar,McNeese State,2021,1,1,0.6388068,1,-182.0,153.0
lamar_vs_incarnate word_20210203,2021-02-03,lamar,Incarnate Word,2021,0,1,0.5502179,0,-293.0,233.0
lamar_vs_abilene christian_20210206,2021-02-06,lamar,Abilene Christian,2021,0,0,0.12873258,1,509.0,-788.0
lamar_vs_sam houston state_20210222,2021-02-22,lamar,Sam Houston State,2021,0,0,0.24062729,1,387.0,-548.0
lamar_vs_stephen f. austin_20210227,2021-02-27,lamar,Stephen F. Austin,2021,1,0,0.23725732,0,374.0,-524.0
lamar_vs_texas a&mâcorpus christi_20210301,2021-03-01,lamar,Texas A&MâCorpus Christi,2021,1,1,0.73370636,1,-250.0,210.0
lamar_vs_sam houston state_20210311,2021-03-11,lamar,Sam Houston State,2021,1,0,0.24904537,0,297.0,-363.0
la-salle_vs_saint peter's_20201127,2020-11-27,la-salle,Saint Peter's,2021,0,1,0.531982,0,120.0,-140.0
la-salle_vs_massachusetts_20201216,2020-12-16,la-salle,Massachusetts,2021,0,1,0.54471403,0,170.0,-200.0
la-salle_vs_delaware_20201219,2020-12-19,la-salle,Delaware,2021,1,1,0.70309234,1,-165.0,145.0
la-salle_vs_fordham_20210102,2021-01-02,la-salle,Fordham,2021,1,1,0.6216367,1,-239.0,200.0
la-salle_vs_davidson_20210116,2021-01-16,la-salle,Davidson,2021,0,0,0.23124713,1,305.0,-365.0
la-salle_vs_saint joseph's_20210118,2021-01-18,la-salle,Saint Joseph's,2021,1,1,0.52085227,1,-130.0,111.0
la-salle_vs_rhode island_20210127,2021-01-27,la-salle,Rhode Island,2021,0,0,0.40311188,1,245.0,-290.0
la-salle_vs_saint louis_20210203,2021-02-03,la-salle,Saint Louis,2021,1,0,0.18960556,0,545.0,-725.0
la-salle_vs_duquesne_20210224,2021-02-24,la-salle,Duquesne,2021,1,0,0.34202087,0,160.0,-185.0
la-salle_vs_saint joseph's_20210303,2021-03-03,la-salle,Saint Joseph's,2021,0,0,0.43772736,1,135.0,-155.0
lehigh_vs_navy_20210109,2021-01-09,lehigh,Navy,2021,0,0,0.32537058,1,136.0,-160.0
lehigh_vs_bucknell_20210117,2021-01-17,lehigh,Bucknell,2021,0,1,0.567206,0,101.0,-118.0
lehigh_vs_bucknell_20210130,2021-01-30,lehigh,Bucknell,2021,0,1,0.5517418,0,-108.0,-108.0
lehigh_vs_loyola (md)_20210220,2021-02-20,lehigh,Loyola (MD),2021,0,0,0.44564143,1,185.0,-224.0
lehigh_vs_lafayette_20210228,2021-02-28,lehigh,Lafayette,2021,0,0,0.39533526,1,140.0,-160.0
liberty_vs_mississippi state_20201126,2020-11-26,liberty,Mississippi State,2021,1,0,0.41542727,0,184.0,-220.0
liberty_vs_south carolina_20201128,2020-11-28,liberty,South Carolina,2021,1,0,0.35022423,0,278.0,-338.0
liberty_vs_tcu_20201129,2020-11-29,liberty,TCU,2021,0,0,0.3687546,1,184.0,-220.0
liberty_vs_saint francis (pa)_20201203,2020-12-03,liberty,Saint Francis (PA),2021,1,1,0.8457194,1,-699.0,511.0
liberty_vs_south carolina state_20201215,2020-12-15,liberty,South Carolina State,2021,1,1,0.94406146,1,-16398.0,2146.0
liberty_vs_alcorn state_20201222,2020-12-22,liberty,Alcorn State,2021,1,1,0.95578766,1,-7734.0,1852.0
liberty_vs_kennesaw state_20210108,2021-01-08,liberty,Kennesaw State,2021,1,1,0.9493756,1,-3110.0,1337.0
liberty_vs_kennesaw state_20210109,2021-01-09,liberty,Kennesaw State,2021,1,1,0.9382303,1,-2532.0,1208.0
liberty_vs_north florida_20210212,2021-02-12,liberty,North Florida,2021,1,1,0.8967907,1,-837.0,532.0
liberty_vs_north florida_20210213,2021-02-13,liberty,North Florida,2021,1,1,0.9020562,1,-771.0,501.0
liberty_vs_north alabama_20210222,2021-02-22,liberty,North Alabama,2021,1,1,0.92315084,1,-1301.0,929.0
liberty_vs_north alabama_20210223,2021-02-23,liberty,North Alabama,2021,1,1,0.92865145,1,-1368.0,748.0
liberty_vs_stetson_20210305,2021-03-05,liberty,Stetson,2021,1,1,0.8713134,1,-541.0,410.0
liberty_vs_north alabama_20210307,2021-03-07,liberty,North Alabama,2021,1,1,0.8896949,1,-780.0,601.0
liberty_vs_oklahoma state_20210319,2021-03-19,liberty,Oklahoma State,2021,0,0,0.2595398,1,280.0,-340.0
lipscomb_vs_cincinnati_20201202,2020-12-02,lipscomb,Cincinnati,2021,0,0,0.3495407,1,897.0,-1518.0
lipscomb_vs_southeast missouri state_20201209,2020-12-09,lipscomb,Southeast Missouri State,2021,1,1,0.614611,1,-328.0,268.0
lipscomb_vs_belmont_20201212,2020-12-12,lipscomb,Belmont,2021,0,0,0.43054208,1,315.0,-393.0
lipscomb_vs_liberty_20210101,2021-01-01,lipscomb,Liberty,2021,1,0,0.24658579,0,265.0,-325.0
lipscomb_vs_liberty_20210102,2021-01-02,lipscomb,Liberty,2021,0,0,0.35558623,1,201.0,-241.0
lipscomb_vs_north florida_20210115,2021-01-15,lipscomb,North Florida,2021,1,1,0.6827537,1,-282.0,225.0
lipscomb_vs_north florida_20210116,2021-01-16,lipscomb,North Florida,2021,0,1,0.67933047,0,-321.0,251.0
lipscomb_vs_florida gulf coast_20210122,2021-01-22,lipscomb,Florida Gulf Coast,2021,0,1,0.64929545,0,-265.0,214.0
lipscomb_vs_florida gulf coast_20210123,2021-01-23,lipscomb,Florida Gulf Coast,2021,1,1,0.6544785,1,-238.0,195.0
lipscomb_vs_kennesaw state_20210219,2021-02-19,lipscomb,Kennesaw State,2021,1,1,0.7153466,1,-811.0,520.0
lipscomb_vs_kennesaw state_20210220,2021-02-20,lipscomb,Kennesaw State,2021,1,1,0.7114122,1,-790.0,510.0
long-beach-state_vs_seattle_20201206,2020-12-06,long-beach-state,Seattle,2021,1,1,0.6584714,1,-137.0,117.0
long-beach-state_vs_cal state bakersfield_20210101,2021-01-01,long-beach-state,Cal State Bakersfield,2021,1,0,0.39728484,0,190.0,-230.0
long-beach-state_vs_cal state bakersfield_20210102,2021-01-02,long-beach-state,Cal State Bakersfield,2021,0,0,0.43791145,1,195.0,-225.0
long-beach-state_vs_cal poly_20210219,2021-02-19,long-beach-state,Cal Poly,2021,1,1,0.81121254,1,-325.0,270.0
long-beach-state_vs_cal poly_20210220,2021-02-20,long-beach-state,Cal Poly,2021,1,1,0.740336,1,-315.0,265.0
long-beach-state_vs_uc irvine_20210305,2021-03-05,long-beach-state,UC Irvine,2021,0,0,0.24446952,1,325.0,-400.0
long-beach-state_vs_uc irvine_20210306,2021-03-06,long-beach-state,UC Irvine,2021,0,0,0.26871613,1,300.0,-360.0
long-island-university_vs_saint francis (pa)_20210107,2021-01-07,long-island-university,Saint Francis (PA),2021,1,1,0.6348959,1,-143.0,122.0
long-island-university_vs_saint francis (pa)_20210108,2021-01-08,long-island-university,Saint Francis (PA),2021,1,1,0.69273674,1,-132.0,113.0
long-island-university_vs_merrimack_20210127,2021-01-27,long-island-university,Merrimack,2021,0,1,0.7469235,0,-270.0,220.0
long-island-university_vs_merrimack_20210128,2021-01-28,long-island-university,Merrimack,2021,1,1,0.6775738,1,-270.0,220.0
long-island-university_vs_fairleigh dickinson_20210204,2021-02-04,long-island-university,Fairleigh Dickinson,2021,0,1,0.7364062,0,-208.0,172.0
long-island-university_vs_fairleigh dickinson_20210205,2021-02-05,long-island-university,Fairleigh Dickinson,2021,0,1,0.7181519,0,-183.0,154.0
long-island-university_vs_central connecticut state_20210220,2021-02-20,long-island-university,Central Connecticut State,2021,1,1,0.84340805,1,-510.0,366.0
long-island-university_vs_central connecticut state_20210221,2021-02-21,long-island-university,Central Connecticut State,2021,1,1,0.85662675,1,-562.0,395.0
longwood_vs_north carolina a&t_20201208,2020-12-08,longwood,North Carolina A&T,2021,1,1,0.53424,1,126.0,-148.0
longwood_vs_the citadel_20201219,2020-12-19,longwood,The Citadel,2021,0,0,0.39537385,1,-165.0,145.0
longwood_vs_unc asheville_20201230,2020-12-30,longwood,UNC Asheville,2021,0,0,0.39806536,1,139.0,-163.0
longwood_vs_unc asheville_20201231,2020-12-31,longwood,UNC Asheville,2021,1,0,0.37615374,0,192.0,-229.0
longwood_vs_campbell_20210109,2021-01-09,longwood,Campbell,2021,0,1,0.5707455,0,102.0,-119.0
longwood_vs_campbell_20210110,2021-01-10,longwood,Campbell,2021,1,1,0.56449157,1,105.0,-122.0
longwood_vs_high point_20210119,2021-01-19,longwood,High Point,2021,1,1,0.60709035,1,-102.0,-114.0
longwood_vs_high point_20210120,2021-01-20,longwood,High Point,2021,1,1,0.66911536,1,104.0,-121.0
longwood_vs_gardner-webb_20210211,2021-02-11,longwood,Gardner-Webb,2021,1,0,0.36517066,0,121.0,-141.0
longwood_vs_gardner-webb_20210212,2021-02-12,longwood,Gardner-Webb,2021,1,0,0.37522888,0,188.0,-218.0
longwood_vs_hampton_20210215,2021-02-15,longwood,Hampton,2021,1,1,0.62105954,1,-200.0,167.0
longwood_vs_hampton_20210224,2021-02-24,longwood,Hampton,2021,0,1,0.6586137,0,-292.0,232.0
longwood_vs_pepperdine_20210322,2021-03-22,longwood,Pepperdine,2021,0,0,0.18538554,1,415.0,-525.0
louisiana-lafayette_vs_louisiana tech_20201212,2020-12-12,louisiana-lafayette,Louisiana Tech,2021,1,1,0.5158062,1,165.0,-190.0
louisiana-lafayette_vs_new orleans_20201215,2020-12-15,louisiana-lafayette,New Orleans,2021,1,1,0.8577807,1,-670.0,494.0
louisiana-lafayette_vs_mcneese state_20201219,2020-12-19,louisiana-lafayette,McNeese State,2021,1,1,0.728756,1,-525.0,404.0
louisiana-lafayette_vs_texas state_20210101,2021-01-01,louisiana-lafayette,Texas State,2021,1,1,0.67108715,1,-160.0,140.0
louisiana-lafayette_vs_texas state_20210102,2021-01-02,louisiana-lafayette,Texas State,2021,0,1,0.6973437,0,-140.0,120.0
louisiana-lafayette_vs_little rock_20210108,2021-01-08,louisiana-lafayette,Little Rock,2021,1,0,0.48051187,0,-105.0,-115.0
louisiana-lafayette_vs_little rock_20210109,2021-01-09,louisiana-lafayette,Little Rock,2021,0,1,0.5145401,0,,-130.0
louisiana-lafayette_vs_arkansas state_20210122,2021-01-22,louisiana-lafayette,Arkansas State,2021,1,1,0.80236536,1,-455.0,354.0
louisiana-lafayette_vs_arkansas state_20210123,2021-01-23,louisiana-lafayette,Arkansas State,2021,1,1,0.81315184,1,-515.0,410.0
louisiana-lafayette_vs_louisianaâmonroe_20210211,2021-02-11,louisiana-lafayette,LouisianaâMonroe,2021,0,1,0.8117434,0,-455.0,365.0
louisiana-lafayette_vs_ut arlington_20210222,2021-02-22,louisiana-lafayette,UT Arlington,2021,1,1,0.73867154,1,-175.0,155.0
louisiana-lafayette_vs_south alabama_20210306,2021-03-06,louisiana-lafayette,South Alabama,2021,1,1,0.5693664,1,-145.0,125.0
louisiana-monroe_vs_lamar_20201209,2020-12-09,louisiana-monroe,Lamar,2021,0,1,0.67486835,0,-155.0,132.0
louisiana-monroe_vs_stephen f. austin_20201212,2020-12-12,louisiana-monroe,Stephen F. Austin,2021,1,0,0.3053683,0,222.0,-267.0
louisiana-monroe_vs_louisiana tech_20201222,2020-12-22,louisiana-monroe,Louisiana Tech,2021,0,0,0.23624824,1,450.0,-600.0
louisiana-monroe_vs_arkansas state_20210101,2021-01-01,louisiana-monroe,Arkansas State,2021,1,1,0.6781367,1,-142.0,118.0
louisiana-monroe_vs_arkansas state_20210102,2021-01-02,louisiana-monroe,Arkansas State,2021,1,1,0.7105989,1,-145.0,125.0
louisiana-monroe_vs_ut arlington_20210108,2021-01-08,louisiana-monroe,UT Arlington,2021,0,0,0.30581194,1,197.0,-237.0
louisiana-monroe_vs_ut arlington_20210109,2021-01-09,louisiana-monroe,UT Arlington,2021,0,0,0.2927411,1,210.0,-250.0
louisiana-monroe_vs_texas state_20210122,2021-01-22,louisiana-monroe,Texas State,2021,0,0,0.32250792,1,180.0,-220.0
louisiana-monroe_vs_texas state_20210123,2021-01-23,louisiana-monroe,Texas State,2021,0,0,0.30504027,1,220.0,-260.0
louisiana-monroe_vs_louisiana_20210213,2021-02-13,louisiana-monroe,Louisiana,2021,0,0,0.30267987,1,135.0,-155.0
louisiana-monroe_vs_little rock_20210221,2021-02-21,louisiana-monroe,Little Rock,2021,1,0,0.45710176,0,140.0,-160.0
louisiana-monroe_vs_little rock_20210222,2021-02-22,louisiana-monroe,Little Rock,2021,1,1,0.52258,1,137.0,-161.0
louisiana-monroe_vs_south alabama_20210305,2021-03-05,louisiana-monroe,South Alabama,2021,0,0,0.35939312,1,182.0,-220.0
louisiana-state_vs_southeastern louisiana_20201130,2020-11-30,louisiana-state,Southeastern Louisiana,2021,1,1,0.9422113,1,-6297.0,1749.0
louisiana-state_vs_louisiana tech_20201206,2020-12-06,louisiana-state,Louisiana Tech,2021,1,1,0.7723883,1,-500.0,395.0
louisiana-state_vs_sam houston state_20201214,2020-12-14,louisiana-state,Sam Houston State,2021,1,1,0.945762,1,-13230.0,2076.0
louisiana-state_vs_texas a&m_20201229,2020-12-29,louisiana-state,Texas A&M,2021,1,1,0.7567274,1,-350.0,290.0
louisiana-state_vs_georgia_20210106,2021-01-06,louisiana-state,Georgia,2021,1,1,0.8186289,1,-420.0,335.0
louisiana-state_vs_arkansas_20210113,2021-01-13,louisiana-state,Arkansas,2021,1,1,0.6720407,1,-119.0,102.0
louisiana-state_vs_south carolina_20210116,2021-01-16,louisiana-state,South Carolina,2021,1,1,0.84918296,1,-325.0,265.0
louisiana-state_vs_alabama_20210119,2021-01-19,louisiana-state,Alabama,2021,0,1,0.7032037,0,-103.0,-117.0
louisiana-state_vs_texas tech_20210130,2021-01-30,louisiana-state,Texas Tech,2021,0,1,0.5080249,0,150.0,-170.0
louisiana-state_vs_tennessee_20210213,2021-02-13,louisiana-state,Tennessee,2021,1,0,0.47011974,0,133.0,-153.0
louisiana-state_vs_auburn_20210220,2021-02-20,louisiana-state,Auburn,2021,1,1,0.7546086,1,-190.0,165.0
louisiana-state_vs_vanderbilt_20210302,2021-03-02,louisiana-state,Vanderbilt,2021,1,1,0.859979,1,-1000.0,650.0
louisiana-state_vs_st. bonaventure_20210320,2021-03-20,louisiana-state,St. Bonaventure,2021,1,1,0.54078627,1,-131.0,116.0
louisiana-state_vs_michigan_20210322,2021-03-22,louisiana-state,Michigan,2021,0,0,0.35433614,1,162.0,-182.0
louisiana-tech_vs_northwestern state_20201129,2020-11-29,louisiana-tech,Northwestern State,2021,1,1,0.9029297,1,-2047.0,1076.0
louisiana-tech_vs_louisianaâmonroe_20201203,2020-12-03,louisiana-tech,LouisianaâMonroe,2021,1,1,0.94749147,1,-1100.0,700.0
louisiana-tech_vs_southeastern louisiana_20201209,2020-12-09,louisiana-tech,Southeastern Louisiana,2021,1,1,0.9370664,1,-3078.0,1330.0
louisiana-tech_vs_jackson state_20201215,2020-12-15,louisiana-tech,Jackson State,2021,1,1,0.8917251,1,-1691.0,961.0
louisiana-tech_vs_lamar_20201219,2020-12-19,louisiana-tech,Lamar,2021,1,1,0.9196967,1,-998.0,672.0
louisiana-tech_vs_marshall_20210101,2021-01-01,louisiana-tech,Marshall,2021,1,0,0.46347335,0,105.0,-125.0
louisiana-tech_vs_marshall_20210102,2021-01-02,louisiana-tech,Marshall,2021,0,0,0.4920949,1,115.0,-135.0
louisiana-tech_vs_utsa_20210115,2021-01-15,louisiana-tech,UTSA,2021,1,1,0.7706552,1,-380.0,310.0
louisiana-tech_vs_utsa_20210116,2021-01-16,louisiana-tech,UTSA,2021,1,1,0.7553249,1,-325.0,265.0
louisiana-tech_vs_southern mississippi_20210130,2021-01-30,louisiana-tech,Southern Mississippi,2021,1,1,0.92126065,1,-650.0,475.0
louisiana-tech_vs_uab_20210212,2021-02-12,louisiana-tech,UAB,2021,1,0,0.42722538,0,-119.0,102.0
louisiana-tech_vs_uab_20210213,2021-02-13,louisiana-tech,UAB,2021,1,0,0.49473244,0,-123.0,103.0
louisiana-tech_vs_rice_20210226,2021-02-26,louisiana-tech,Rice,2021,1,1,0.7916845,1,-475.0,380.0
louisiana-tech_vs_rice_20210227,2021-02-27,louisiana-tech,Rice,2021,1,1,0.86118567,1,-750.0,525.0
louisiana-tech_vs_north texas_20210312,2021-03-12,louisiana-tech,North Texas,2021,0,0,0.48243552,1,,-130.0
louisiana-tech_vs_western kentucky_20210325,2021-03-25,louisiana-tech,Western Kentucky,2021,1,1,0.5262258,1,102.0,-122.0
louisiana-tech_vs_mississippi state_20210327,2021-03-27,louisiana-tech,Mississippi State,2021,0,0,0.43882868,1,-120.0,100.0
louisville_vs_seton hall_20201127,2020-11-27,louisville,Seton Hall,2021,1,1,0.7943733,1,-240.0,200.0
louisville_vs_western kentucky_20201201,2020-12-01,louisville,Western Kentucky,2021,1,1,0.6940173,1,-185.0,160.0
louisville_vs_kentucky_20201226,2020-12-26,louisville,Kentucky,2021,1,1,0.7015766,1,-170.0,150.0
louisville_vs_virginia tech_20210106,2021-01-06,louisville,Virginia Tech,2021,1,1,0.7200079,1,-175.0,151.0
louisville_vs_florida state_20210118,2021-01-18,louisville,Florida State,2021,0,0,0.41497087,1,-175.0,155.0
louisville_vs_duke_20210123,2021-01-23,louisville,Duke,2021,1,1,0.551346,1,-140.0,120.0
louisville_vs_georgia tech_20210201,2021-02-01,louisville,Georgia Tech,2021,1,1,0.517295,1,-215.0,185.0
louisville_vs_notre dame_20210223,2021-02-23,louisville,Notre Dame,2021,1,1,0.59229904,1,-175.0,155.0
louisville_vs_virginia_20210306,2021-03-06,louisville,Virginia,2021,0,0,0.42708653,1,108.0,-128.0
loyola-il_vs_richmond_20201218,2020-12-18,loyola-il,Richmond,2021,0,0,0.4949,1,-105.0,-115.0
loyola-il_vs_illinois state_20201227,2020-12-27,loyola-il,Illinois State,2021,1,1,0.93805844,1,-1068.0,789.0
loyola-il_vs_illinois state_20201228,2020-12-28,loyola-il,Illinois State,2021,1,1,0.9509621,1,-2300.0,1124.0
loyola-il_vs_north texas_20210102,2021-01-02,loyola-il,North Texas,2021,1,1,0.71083504,1,-325.0,270.0
loyola-il_vs_northern iowa_20210116,2021-01-16,loyola-il,Northern Iowa,2021,1,1,0.86225975,1,-525.0,415.0
loyola-il_vs_northern iowa_20210117,2021-01-17,loyola-il,Northern Iowa,2021,1,1,0.84729,1,-550.0,425.0
loyola-il_vs_evansville_20210206,2021-02-06,loyola-il,Evansville,2021,1,1,0.9636789,1,-1474.0,1027.0
loyola-il_vs_evansville_20210207,2021-02-07,loyola-il,Evansville,2021,1,1,0.96357083,1,-1850.0,996.0
loyola-il_vs_valparaiso_20210217,2021-02-17,loyola-il,Valparaiso,2021,1,1,0.9616053,1,-2000.0,1041.0
loyola-il_vs_southern illinois_20210226,2021-02-26,loyola-il,Southern Illinois,2021,1,1,0.96689063,1,-2550.0,1200.0
loyola-il_vs_southern illinois_20210227,2021-02-27,loyola-il,Southern Illinois,2021,1,1,0.9663579,1,-2300.0,1124.0
loyola-il_vs_southern illinois_20210305,2021-03-05,loyola-il,Southern Illinois,2021,1,1,0.9416145,1,-1400.0,925.0
loyola-il_vs_oregon state_20210327,2021-03-27,loyola-il,Oregon State,2021,0,1,0.7260371,0,-290.0,245.0
loyola-marymount_vs_long beach state_20201204,2020-12-04,loyola-marymount,Long Beach State,2021,1,1,0.79335403,1,-350.0,290.0
loyola-marymount_vs_uc santa barbara_20201212,2020-12-12,loyola-marymount,UC Santa Barbara,2021,1,1,0.65924585,1,-130.0,
loyola-marymount_vs_uc irvine_20201217,2020-12-17,loyola-marymount,UC Irvine,2021,1,1,0.73161405,1,-190.0,165.0
loyola-marymount_vs_cal poly_20201219,2020-12-19,loyola-marymount,Cal Poly,2021,1,1,0.85487306,1,-1500.0,876.0
loyola-marymount_vs_san francisco_20210110,2021-01-10,loyola-marymount,San Francisco,2021,1,1,0.5594523,1,135.0,-155.0
loyola-marymount_vs_san diego_20210119,2021-01-19,loyola-marymount,San Diego,2021,1,1,0.8210467,1,-475.0,380.0
loyola-marymount_vs_santa clara_20210123,2021-01-23,loyola-marymount,Santa Clara,2021,0,1,0.7945789,0,-190.0,165.0
loyola-marymount_vs_pacific_20210213,2021-02-13,loyola-marymount,Pacific,2021,1,1,0.6486649,1,-130.0,
loyola-marymount_vs_brigham young_20210220,2021-02-20,loyola-marymount,Brigham Young,2021,0,0,0.3529631,1,270.0,-330.0
loyola-marymount_vs_san francisco_20210305,2021-03-05,loyola-marymount,San Francisco,2021,1,1,0.52547795,1,125.0,-145.0
loyola-md_vs_lafayette_20210117,2021-01-17,loyola-md,Lafayette,2021,0,0,0.39902285,1,-134.0,115.0
loyola-md_vs_american_20210124,2021-01-24,loyola-md,American,2021,0,1,0.70369107,0,-205.0,170.0
loyola-md_vs_lafayette_20210207,2021-02-07,loyola-md,Lafayette,2021,1,0,0.37495145,0,-122.0,104.0
loyola-md_vs_lafayette_20210214,2021-02-14,loyola-md,Lafayette,2021,1,0,0.49666888,0,-165.0,145.0
loyola-md_vs_lehigh_20210221,2021-02-21,loyola-md,Lehigh,2021,0,1,0.82738996,0,-650.0,500.0
loyola-md_vs_american_20210224,2021-02-24,loyola-md,American,2021,1,1,0.6967355,1,-374.0,286.0
loyola-md_vs_navy_20210227,2021-02-27,loyola-md,Navy,2021,0,0,0.38221225,1,109.0,-128.0
maine_vs_new hampshire_20210102,2021-01-02,maine,New Hampshire,2021,1,0,0.4114994,0,242.0,-294.0
maine_vs_new hampshire_20210103,2021-01-03,maine,New Hampshire,2021,0,0,0.40747216,1,156.0,-184.0
manhattan_vs_rider_20201212,2020-12-12,manhattan,Rider,2021,1,1,0.71813744,1,105.0,-125.0
manhattan_vs_marist_20201219,2020-12-19,manhattan,Marist,2021,0,1,0.6447933,0,-165.0,145.0
manhattan_vs_marist_20201220,2020-12-20,manhattan,Marist,2021,0,1,0.5253947,0,-155.0,135.0
manhattan_vs_niagara_20210115,2021-01-15,manhattan,Niagara,2021,1,0,0.4663264,0,120.0,-140.0
manhattan_vs_niagara_20210116,2021-01-16,manhattan,Niagara,2021,1,1,0.5139415,1,105.0,-125.0
manhattan_vs_monmouth_20210205,2021-02-05,manhattan,Monmouth,2021,0,0,0.26133296,1,155.0,-175.0
manhattan_vs_monmouth_20210206,2021-02-06,manhattan,Monmouth,2021,0,0,0.23987485,1,165.0,-190.0
manhattan_vs_fairfield_20210304,2021-03-04,manhattan,Fairfield,2021,1,1,0.67200613,1,-178.0,148.0
manhattan_vs_fairfield_20210305,2021-03-05,manhattan,Fairfield,2021,0,1,0.6754922,0,-195.0,170.0
marist_vs_binghamton_20201206,2020-12-06,marist,Binghamton,2021,1,1,0.7704666,1,-302.0,248.0
marist_vs_canisius_20201211,2020-12-11,marist,Canisius,2021,0,0,0.44350603,1,145.0,-165.0
marist_vs_niagara_20210101,2021-01-01,marist,Niagara,2021,1,1,0.68124145,1,131.0,-154.0
marist_vs_niagara_20210102,2021-01-02,marist,Niagara,2021,0,1,0.67320096,0,-102.0,-118.0
marist_vs_fairfield_20210115,2021-01-15,marist,Fairfield,2021,1,1,0.676301,1,-218.0,180.0
marist_vs_fairfield_20210116,2021-01-16,marist,Fairfield,2021,0,1,0.7251277,0,-220.0,181.0
marist_vs_siena_20210130,2021-01-30,marist,Siena,2021,1,0,0.30310902,0,230.0,-280.0
marist_vs_siena_20210131,2021-01-31,marist,Siena,2021,0,0,0.35731462,1,245.0,-300.0
marist_vs_quinnipiac_20210228,2021-02-28,marist,Quinnipiac,2021,1,1,0.571749,1,-144.0,120.0
marist_vs_quinnipiac_20210301,2021-03-01,marist,Quinnipiac,2021,1,1,0.66691226,1,-135.0,115.0
marist_vs_niagara_20210311,2021-03-11,marist,Niagara,2021,0,1,0.5785075,0,-103.0,-117.0
marquette_vs_eastern illinois_20201127,2020-11-27,marquette,Eastern Illinois,2021,1,1,0.89701205,1,-1332.0,823.0
marquette_vs_oklahoma state_20201201,2020-12-01,marquette,Oklahoma State,2021,0,1,0.6874507,0,-145.0,125.0
marquette_vs_wisconsin_20201204,2020-12-04,marquette,Wisconsin,2021,1,0,0.35566664,0,175.0,-205.0
marquette_vs_green bay_20201208,2020-12-08,marquette,Green Bay,2021,1,1,0.9531842,1,-3000.0,1284.0
marquette_vs_seton hall_20201217,2020-12-17,marquette,Seton Hall,2021,0,1,0.74088526,0,-150.0,130.0
marquette_vs_villanova_20201223,2020-12-23,marquette,Villanova,2021,0,0,0.47189885,1,205.0,-245.0
marquette_vs_connecticut_20210105,2021-01-05,marquette,Connecticut,2021,0,0,0.42659152,1,-100.0,-116.0
marquette_vs_providence_20210112,2021-01-12,marquette,Providence,2021,1,1,0.67662585,1,-195.0,170.0
marquette_vs_depaul_20210123,2021-01-23,marquette,DePaul,2021,0,1,0.7963293,0,-425.0,345.0
marquette_vs_st. john's (ny)_20210131,2021-01-31,marquette,St. John's (NY),2021,0,1,0.63177997,0,-175.0,155.0
marquette_vs_butler_20210202,2021-02-02,marquette,Butler,2021,1,1,0.77533585,1,-170.0,150.0
marquette_vs_creighton_20210206,2021-02-06,marquette,Creighton,2021,0,0,0.46525297,1,165.0,-190.0
marquette_vs_xavier_20210306,2021-03-06,marquette,Xavier,2021,1,1,0.5541724,1,-130.0,111.0
marshall_vs_wright state_20201203,2020-12-03,marshall,Wright State,2021,1,1,0.6393305,1,-125.0,105.0
marshall_vs_ohio_20201213,2020-12-13,marshall,Ohio,2021,1,1,0.5372211,1,-155.0,135.0
marshall_vs_toledo_20201216,2020-12-16,marshall,Toledo,2021,0,1,0.7224597,0,-315.0,260.0
marshall_vs_robert morris_20201220,2020-12-20,marshall,Robert Morris,2021,1,1,0.93744296,1,-1688.0,959.0
marshall_vs_unc asheville_20201222,2020-12-22,marshall,UNC Asheville,2021,1,1,0.91363376,1,-1151.0,745.0
marshall_vs_western kentucky_20210117,2021-01-17,marshall,Western Kentucky,2021,0,1,0.69792694,0,-140.0,120.0
marshall_vs_middle tennessee_20210212,2021-02-12,marshall,Middle Tennessee,2021,1,1,0.9223419,1,-1450.0,857.0
marshall_vs_middle tennessee_20210213,2021-02-13,marshall,Middle Tennessee,2021,1,1,0.9129296,1,-2000.0,1041.0
marshall_vs_north texas_20210226,2021-02-26,marshall,North Texas,2021,0,0,0.4938089,1,-155.0,135.0
marshall_vs_north texas_20210227,2021-02-27,marshall,North Texas,2021,1,0,0.42539716,0,-135.0,115.0
marshall_vs_charlotte_20210305,2021-03-05,marshall,Charlotte,2021,1,1,0.92905176,1,-750.0,550.0
marshall_vs_charlotte_20210306,2021-03-06,marshall,Charlotte,2021,1,1,0.9268603,1,-750.0,525.0
marshall_vs_rice_20210310,2021-03-10,marshall,Rice,2021,0,1,0.73362035,0,-500.0,395.0
maryland_vs_navy_20201127,2020-11-27,maryland,Navy,2021,1,1,0.9503027,1,-1683.0,958.0
maryland_vs_mount st. mary's_20201129,2020-11-29,maryland,Mount St. Mary's,2021,1,1,0.96306473,1,-4239.0,1526.0
maryland_vs_saint peter's_20201204,2020-12-04,maryland,Saint Peter's,2021,1,1,0.9037276,1,-1100.0,711.0
maryland_vs_rutgers_20201214,2020-12-14,maryland,Rutgers,2021,0,0,0.42851484,1,-145.0,125.0
maryland_vs_la salle_20201222,2020-12-22,maryland,La Salle,2021,1,1,0.875518,1,-2096.0,1091.0
maryland_vs_michigan_20201231,2020-12-31,maryland,Michigan,2021,0,0,0.4082383,1,125.0,-145.0
maryland_vs_iowa_20210107,2021-01-07,maryland,Iowa,2021,0,0,0.3115594,1,205.0,-245.0
maryland_vs_wisconsin_20210127,2021-01-27,maryland,Wisconsin,2021,0,0,0.4602804,1,155.0,-175.0
maryland_vs_purdue_20210202,2021-02-02,maryland,Purdue,2021,1,1,0.5356199,1,-155.0,135.0
maryland_vs_ohio state_20210208,2021-02-08,maryland,Ohio State,2021,0,0,0.3725735,1,140.0,-160.0
maryland_vs_minnesota_20210214,2021-02-14,maryland,Minnesota,2021,1,0,0.46246433,0,-160.0,140.0
maryland_vs_nebraska_20210216,2021-02-16,maryland,Nebraska,2021,1,1,0.81269675,1,-500.0,400.0
maryland_vs_nebraska_20210217,2021-02-17,maryland,Nebraska,2021,1,1,0.8132999,1,-550.0,430.0
maryland_vs_michigan state_20210228,2021-02-28,maryland,Michigan State,2021,1,1,0.7219806,1,-155.0,135.0
maryland_vs_penn state_20210307,2021-03-07,maryland,Penn State,2021,0,1,0.701358,0,-260.0,220.0
maryland_vs_michigan state_20210311,2021-03-11,maryland,Michigan State,2021,1,1,0.5764087,1,-121.0,104.0
maryland_vs_michigan_20210312,2021-03-12,maryland,Michigan,2021,0,0,0.2860413,1,330.0,-410.0
maryland-baltimore-county_vs_george washington_20201207,2020-12-07,maryland-baltimore-county,George Washington,2021,1,1,0.79247105,1,-105.0,-111.0
maryland-baltimore-county_vs_albany (ny)_20201219,2020-12-19,maryland-baltimore-county,Albany (NY),2021,1,1,0.7353881,1,-206.0,174.0
maryland-baltimore-county_vs_binghamton_20201227,2020-12-27,maryland-baltimore-county,Binghamton,2021,1,1,0.93718666,1,-1351.0,831.0
maryland-baltimore-county_vs_binghamton_20201228,2020-12-28,maryland-baltimore-county,Binghamton,2021,0,1,0.90891534,0,-850.0,615.0
maryland-baltimore-county_vs_vermont_20210218,2021-02-18,maryland-baltimore-county,Vermont,2021,0,0,0.40269768,1,159.0,-190.0
maryland-baltimore-county_vs_vermont_20210219,2021-02-19,maryland-baltimore-county,Vermont,2021,1,0,0.38660473,0,160.0,-180.0
maryland-baltimore-county_vs_umass lowell_20210306,2021-03-06,maryland-baltimore-county,UMass Lowell,2021,0,1,0.7539785,0,-245.0,205.0
massachusetts_vs_bryant_20201221,2020-12-21,massachusetts,Bryant,2021,0,1,0.72567934,0,-456.0,358.0
massachusetts_vs_george mason_20201230,2020-12-30,massachusetts,George Mason,2021,0,1,0.67812634,0,-240.0,200.0
massachusetts_vs_la salle_20210109,2021-01-09,massachusetts,La Salle,2021,1,1,0.6860974,1,-250.0,210.0
massachusetts_vs_rhode island_20210113,2021-01-13,massachusetts,Rhode Island,2021,1,1,0.5202025,1,135.0,-155.0
massachusetts_vs_davidson_20210124,2021-01-24,massachusetts,Davidson,2021,0,1,0.5263686,0,148.0,-170.0
massachusetts_vs_fordham_20210203,2021-02-03,massachusetts,Fordham,2021,1,1,0.90577394,1,-534.0,426.0
massachusetts_vs_saint joseph's_20210304,2021-03-04,massachusetts,Saint Joseph's,2021,1,1,0.7037795,1,-210.0,180.0
massachusetts_vs_saint louis_20210305,2021-03-05,massachusetts,Saint Louis,2021,0,0,0.26932383,1,335.0,-420.0
massachusetts-lowell_vs_nc state_20201203,2020-12-03,massachusetts-lowell,NC State,2021,0,0,0.12938385,1,948.0,-1656.0
massachusetts-lowell_vs_vermont_20201221,2020-12-21,massachusetts-lowell,Vermont,2021,1,0,0.21083787,0,439.0,-579.0
massachusetts-lowell_vs_vermont_20201222,2020-12-22,massachusetts-lowell,Vermont,2021,0,0,0.3626145,1,335.0,-422.0
massachusetts-lowell_vs_njit_20210102,2021-01-02,massachusetts-lowell,NJIT,2021,0,1,0.53492093,0,105.0,-122.0
massachusetts-lowell_vs_njit_20210103,2021-01-03,massachusetts-lowell,NJIT,2021,1,0,0.46559104,0,107.0,-125.0
massachusetts-lowell_vs_new hampshire_20210220,2021-02-20,massachusetts-lowell,New Hampshire,2021,0,1,0.6801129,0,-122.0,105.0
massachusetts-lowell_vs_stony brook_20210227,2021-02-27,massachusetts-lowell,Stony Brook,2021,1,0,0.46978876,0,-109.0,-107.0
mcneese-state_vs_central arkansas_20210102,2021-01-02,mcneese-state,Central Arkansas,2021,0,1,0.5636965,0,107.0,-124.0
mcneese-state_vs_northwestern state_20210109,2021-01-09,mcneese-state,Northwestern State,2021,0,1,0.6381604,0,-129.0,111.0
mcneese-state_vs_southeastern louisiana_20210120,2021-01-20,mcneese-state,Southeastern Louisiana,2021,0,1,0.71147907,0,-152.0,129.0
mcneese-state_vs_houston baptist_20210227,2021-02-27,mcneese-state,Houston Baptist,2021,1,1,0.61810154,1,-191.0,160.0
mcneese-state_vs_lamar_20210306,2021-03-06,mcneese-state,Lamar,2021,0,1,0.6098574,0,-109.0,-107.0
mcneese-state_vs_southeastern louisiana_20210309,2021-03-09,mcneese-state,Southeastern Louisiana,2021,0,1,0.5465111,0,-127.0,107.0
memphis_vs_vcu_20201127,2020-11-27,memphis,VCU,2021,0,1,0.7465403,0,-250.0,210.0
memphis_vs_arkansas state_20201202,2020-12-02,memphis,Arkansas State,2021,1,1,0.9598863,1,-3141.0,1343.0
memphis_vs_central arkansas_20201204,2020-12-04,memphis,Central Arkansas,2021,1,1,0.9434172,1,-7033.0,1805.0
memphis_vs_mississippi valley state_20201208,2020-12-08,memphis,Mississippi Valley State,2021,1,1,0.9637472,1,-100000.0,3000.0
memphis_vs_tulsa_20201221,2020-12-21,memphis,Tulsa,2021,0,1,0.8055655,0,-435.0,355.0
memphis_vs_south florida_20201229,2020-12-29,memphis,South Florida,2021,1,1,0.7752967,1,-475.0,380.0
memphis_vs_wichita state_20210121,2021-01-21,memphis,Wichita State,2021,1,1,0.6526548,1,-165.0,145.0
memphis_vs_smu_20210126,2021-01-26,memphis,SMU,2021,1,1,0.73424566,1,-145.0,125.0
memphis_vs_ucf_20210201,2021-02-01,memphis,UCF,2021,1,1,0.78305966,1,-415.0,335.0
memphis_vs_ucf_20210203,2021-02-03,memphis,UCF,2021,1,1,0.8519835,1,-600.0,475.0
memphis_vs_east carolina_20210206,2021-02-06,memphis,East Carolina,2021,1,1,0.89764977,1,-675.0,528.0
memphis_vs_tulane_20210224,2021-02-24,memphis,Tulane,2021,1,1,0.8823921,1,-600.0,450.0
memphis_vs_mississippi state_20210328,2021-03-28,memphis,Mississippi State,2021,1,1,0.75030017,1,-220.0,180.0
mercer_vs_georgia state_20201130,2020-11-30,mercer,Georgia State,2021,1,0,0.3968347,0,135.0,-155.0
mercer_vs_wofford_20201229,2020-12-29,mercer,Wofford,2021,0,1,0.65375686,0,-140.0,120.0
mercer_vs_western carolina_20210116,2021-01-16,mercer,Western Carolina,2021,1,1,0.7031938,1,-265.0,225.0
mercer_vs_vmi_20210123,2021-01-23,mercer,VMI,2021,1,1,0.7182773,1,-370.0,310.0
mercer_vs_east tennessee state_20210203,2021-02-03,mercer,East Tennessee State,2021,0,0,0.4683216,1,-145.0,125.0
mercer_vs_samford_20210208,2021-02-08,mercer,Samford,2021,1,1,0.746636,1,-475.0,385.0
mercer_vs_unc greensboro_20210213,2021-02-13,mercer,UNC Greensboro,2021,0,0,0.3790147,1,115.0,-135.0
mercer_vs_furman_20210220,2021-02-20,mercer,Furman,2021,0,0,0.40229443,1,144.0,-171.0
mercer_vs_the citadel_20210222,2021-02-22,mercer,The Citadel,2021,1,1,0.704116,1,-390.0,320.0
mercer_vs_chattanooga_20210224,2021-02-24,mercer,Chattanooga,2021,1,1,0.65137213,1,-160.0,140.0
mercer_vs_samford_20210305,2021-03-05,mercer,Samford,2021,1,1,0.6498536,1,-330.0,270.0
mercer_vs_wofford_20210306,2021-03-06,mercer,Wofford,2021,1,0,0.43942323,0,145.0,-165.0
mercer_vs_vmi_20210307,2021-03-07,mercer,VMI,2021,1,0,0.48989,0,-130.0,
mercer_vs_unc greensboro_20210308,2021-03-08,mercer,UNC Greensboro,2021,0,0,0.33087543,1,175.0,-210.0
merrimack_vs_sacred heart_20210108,2021-01-08,merrimack,Sacred Heart,2021,0,1,0.7995625,0,-190.0,160.0
merrimack_vs_fairleigh dickinson_20210121,2021-01-21,merrimack,Fairleigh Dickinson,2021,1,1,0.5396502,1,-136.0,116.0
merrimack_vs_fairleigh dickinson_20210122,2021-01-22,merrimack,Fairleigh Dickinson,2021,1,1,0.6134278,1,-177.0,149.0
merrimack_vs_saint francis (pa)_20210204,2021-02-04,merrimack,Saint Francis (PA),2021,1,1,0.65361506,1,-135.0,115.0
merrimack_vs_saint francis (pa)_20210205,2021-02-05,merrimack,Saint Francis (PA),2021,1,1,0.6862445,1,-136.0,116.0
merrimack_vs_bryant_20210221,2021-02-21,merrimack,Bryant,2021,0,0,0.34777763,1,106.0,-124.0
miami-fl_vs_purdue_20201208,2020-12-08,miami-fl,Purdue,2021,1,1,0.7597053,1,135.0,-155.0
miami-fl_vs_florida gulf coast_20201212,2020-12-12,miami-fl,Florida Gulf Coast,2021,0,1,0.9469821,0,-2654.0,1237.0
miami-fl_vs_pittsburgh_20201216,2020-12-16,miami-fl,Pittsburgh,2021,0,1,0.7265669,0,170.0,-200.0
miami-fl_vs_jacksonville_20201219,2020-12-19,miami-fl,Jacksonville,2021,1,1,0.9477908,1,-1841.0,1011.0
miami-fl_vs_clemson_20210102,2021-01-02,miami-fl,Clemson,2021,0,0,0.3812324,1,165.0,-190.0
miami-fl_vs_north carolina_20210105,2021-01-05,miami-fl,North Carolina,2021,0,1,0.5175679,0,150.0,-170.0
miami-fl_vs_louisville_20210116,2021-01-16,miami-fl,Louisville,2021,1,0,0.38358745,0,170.0,-200.0
miami-fl_vs_notre dame_20210124,2021-01-24,miami-fl,Notre Dame,2021,0,0,0.41509128,1,-155.0,135.0
miami-fl_vs_duke_20210201,2021-02-01,miami-fl,Duke,2021,1,0,0.26882297,0,462.0,-625.0
miami-fl_vs_virginia tech_20210206,2021-02-06,miami-fl,Virginia Tech,2021,0,0,0.3184022,1,183.0,-222.0
miami-fl_vs_georgia tech_20210220,2021-02-20,miami-fl,Georgia Tech,2021,0,0,0.34384242,1,158.0,-180.0
miami-fl_vs_florida state_20210224,2021-02-24,miami-fl,Florida State,2021,0,0,0.15337028,1,550.0,-800.0
miami-fl_vs_boston college_20210305,2021-03-05,miami-fl,Boston College,2021,1,1,0.5675397,1,-185.0,160.0
miami-fl_vs_pittsburgh_20210309,2021-03-09,miami-fl,Pittsburgh,2021,1,0,0.32145718,0,139.0,-159.0
miami-oh_vs_western illinois_20201209,2020-12-09,miami-oh,Western Illinois,2021,1,1,0.9364278,1,-1074.0,792.0
miami-oh_vs_buffalo_20201215,2020-12-15,miami-oh,Buffalo,2021,0,1,0.5208843,0,160.0,-185.0
miami-oh_vs_northern illinois_20210109,2021-01-09,miami-oh,Northern Illinois,2021,1,1,0.8061664,1,-279.0,231.0
miami-oh_vs_ball state_20210119,2021-01-19,miami-oh,Ball State,2021,1,1,0.50586367,1,150.0,-170.0
miami-oh_vs_bowling green_20210121,2021-01-21,miami-oh,Bowling Green,2021,1,0,0.47559536,0,169.0,-194.0
miami-oh_vs_toledo_20210126,2021-01-26,miami-oh,Toledo,2021,0,0,0.36190763,1,170.0,-195.0
miami-oh_vs_akron_20210212,2021-02-12,miami-oh,Akron,2021,0,0,0.47233024,1,151.0,-175.0
miami-oh_vs_kent state_20210227,2021-02-27,miami-oh,Kent State,2021,0,1,0.51344746,0,124.0,-144.0
michigan_vs_oakland_20201129,2020-11-29,michigan,Oakland,2021,1,1,0.96367943,1,-23000.0,8500.0
michigan_vs_ball state_20201202,2020-12-02,michigan,Ball State,2021,1,1,0.9436963,1,-1600.0,912.0
michigan_vs_ucf_20201206,2020-12-06,michigan,UCF,2021,1,1,0.92510194,1,-890.0,617.0
michigan_vs_toledo_20201209,2020-12-09,michigan,Toledo,2021,1,1,0.92368203,1,-1175.0,744.0
michigan_vs_penn state_20201213,2020-12-13,michigan,Penn State,2021,1,1,0.8153446,1,-315.0,260.0
michigan_vs_northwestern_20210103,2021-01-03,michigan,Northwestern,2021,1,1,0.71668243,1,-425.0,340.0
michigan_vs_minnesota_20210106,2021-01-06,michigan,Minnesota,2021,1,1,0.7194084,1,-365.0,295.0
michigan_vs_wisconsin_20210112,2021-01-12,michigan,Wisconsin,2021,1,1,0.6235616,1,-158.0,135.0
michigan_vs_maryland_20210119,2021-01-19,michigan,Maryland,2021,1,1,0.83745086,1,-650.0,475.0
michigan_vs_rutgers_20210218,2021-02-18,michigan,Rutgers,2021,1,1,0.76058203,1,-440.0,360.0
michigan_vs_iowa_20210225,2021-02-25,michigan,Iowa,2021,1,1,0.5640009,1,-210.0,175.0
michigan_vs_illinois_20210302,2021-03-02,michigan,Illinois,2021,0,1,0.684627,0,-380.0,315.0
michigan_vs_michigan state_20210304,2021-03-04,michigan,Michigan State,2021,1,1,0.832954,1,-670.0,520.0
michigan_vs_ohio state_20210313,2021-03-13,michigan,Ohio State,2021,0,1,0.5749722,0,-230.0,192.0
michigan_vs_texas southern_20210320,2021-03-20,michigan,Texas Southern,2021,1,1,0.94103014,1,-3569.0,1660.0
michigan_vs_ucla_20210330,2021-03-30,michigan,UCLA,2021,0,1,0.6386473,0,-310.0,260.0
michigan-state_vs_notre dame_20201128,2020-11-28,michigan-state,Notre Dame,2021,1,1,0.7868483,1,-530.0,425.0
michigan-state_vs_detroit mercy_20201204,2020-12-04,michigan-state,Detroit Mercy,2021,1,1,0.96326756,1,-17589.0,2167.0
michigan-state_vs_oakland_20201213,2020-12-13,michigan-state,Oakland,2021,1,1,0.9680312,1,-4218.0,1523.0
michigan-state_vs_wisconsin_20201225,2020-12-25,michigan-state,Wisconsin,2021,0,1,0.50787467,0,-150.0,130.0
michigan-state_vs_rutgers_20210105,2021-01-05,michigan-state,Rutgers,2021,1,0,0.4757571,0,-165.0,145.0
michigan-state_vs_purdue_20210108,2021-01-08,michigan-state,Purdue,2021,0,1,0.68402004,0,-265.0,225.0
michigan-state_vs_nebraska_20210206,2021-02-06,michigan-state,Nebraska,2021,1,1,0.74463814,1,-800.0,550.0
michigan-state_vs_penn state_20210209,2021-02-09,michigan-state,Penn State,2021,1,0,0.4451316,0,-185.0,160.0
michigan-state_vs_iowa_20210213,2021-02-13,michigan-state,Iowa,2021,0,0,0.24188107,1,166.0,-195.0
michigan-state_vs_illinois_20210223,2021-02-23,michigan-state,Illinois,2021,1,0,0.3327931,0,237.0,-290.0
michigan-state_vs_ohio state_20210225,2021-02-25,michigan-state,Ohio State,2021,1,0,0.2923571,0,155.0,-175.0
michigan-state_vs_indiana_20210302,2021-03-02,michigan-state,Indiana,2021,1,1,0.5928946,1,-170.0,150.0
michigan-state_vs_michigan_20210307,2021-03-07,michigan-state,Michigan,2021,1,0,0.32254297,0,290.0,-360.0
michigan-state_vs_ucla_20210318,2021-03-18,michigan-state,UCLA,2021,0,1,0.548671,0,-150.0,131.0
middle-tennessee_vs_chattanooga_20201207,2020-12-07,middle-tennessee,Chattanooga,2021,0,1,0.52381,0,-125.0,105.0
middle-tennessee_vs_florida international_20210108,2021-01-08,middle-tennessee,Florida International,2021,0,0,0.33748204,1,130.0,-150.0
middle-tennessee_vs_florida international_20210109,2021-01-09,middle-tennessee,Florida International,2021,1,0,0.28484657,0,160.0,-185.0
middle-tennessee_vs_western kentucky_20210123,2021-01-23,middle-tennessee,Western Kentucky,2021,0,0,0.18082556,1,397.0,-494.0
middle-tennessee_vs_western kentucky_20210124,2021-01-24,middle-tennessee,Western Kentucky,2021,0,0,0.16456676,1,447.0,-600.0
middle-tennessee_vs_uab_20210128,2021-01-28,middle-tennessee,UAB,2021,0,0,0.133261,1,404.0,-579.0
middle-tennessee_vs_charlotte_20210205,2021-02-05,middle-tennessee,Charlotte,2021,1,0,0.34278336,0,165.0,-190.0
middle-tennessee_vs_charlotte_20210206,2021-02-06,middle-tennessee,Charlotte,2021,1,0,0.3969842,0,175.0,-205.0
middle-tennessee_vs_north texas_20210310,2021-03-10,middle-tennessee,North Texas,2021,0,0,0.15693675,1,886.0,-1528.0
milwaukee_vs_iupui_20210108,2021-01-08,milwaukee,IUPUI,2021,1,1,0.66371953,1,-250.0,207.0
milwaukee_vs_iupui_20210109,2021-01-09,milwaukee,IUPUI,2021,1,1,0.7102899,1,-310.0,255.0
milwaukee_vs_northern kentucky_20210205,2021-02-05,milwaukee,Northern Kentucky,2021,0,1,0.6191117,0,-118.0,-102.0
milwaukee_vs_northern kentucky_20210206,2021-02-06,milwaukee,Northern Kentucky,2021,0,1,0.5457117,0,-119.0,-101.0
milwaukee_vs_oakland_20210219,2021-02-19,milwaukee,Oakland,2021,0,1,0.5758257,0,-127.0,107.0
milwaukee_vs_oakland_20210220,2021-02-20,milwaukee,Oakland,2021,1,1,0.54100555,1,-120.0,103.0
milwaukee_vs_iupui_20210225,2021-02-25,milwaukee,IUPUI,2021,1,1,0.6585978,1,-175.0,155.0
minnesota_vs_loyola marymount_20201128,2020-11-28,minnesota,Loyola Marymount,2021,1,1,0.90098643,1,-1408.0,855.0
minnesota_vs_loyola marymount_20201130,2020-11-30,minnesota,Loyola Marymount,2021,1,1,0.924189,1,-1236.0,782.0
minnesota_vs_north dakota_20201204,2020-12-04,minnesota,North Dakota,2021,1,1,0.955347,1,-5730.0,1698.0
minnesota_vs_boston college_20201208,2020-12-08,minnesota,Boston College,2021,1,1,0.7565036,1,-300.0,247.0
minnesota_vs_kansas city_20201210,2020-12-10,minnesota,Kansas City,2021,1,1,0.9483841,1,-2500.0,1175.0
minnesota_vs_saint louis_20201220,2020-12-20,minnesota,Saint Louis,2021,1,0,0.3591844,0,120.0,-140.0
minnesota_vs_iowa_20201225,2020-12-25,minnesota,Iowa,2021,1,0,0.30301458,0,250.0,-300.0
minnesota_vs_michigan state_20201228,2020-12-28,minnesota,Michigan State,2021,1,1,0.5316115,1,150.0,-170.0
minnesota_vs_ohio state_20210103,2021-01-03,minnesota,Ohio State,2021,1,1,0.52725047,1,-117.0,-103.0
minnesota_vs_michigan_20210116,2021-01-16,minnesota,Michigan,2021,1,0,0.38989985,0,189.0,-230.0
minnesota_vs_maryland_20210123,2021-01-23,minnesota,Maryland,2021,0,1,0.83824134,0,-250.0,210.0
minnesota_vs_nebraska_20210208,2021-02-08,minnesota,Nebraska,2021,1,1,0.86467534,1,-650.0,475.0
minnesota_vs_purdue_20210211,2021-02-11,minnesota,Purdue,2021,1,1,0.7138773,1,-150.0,130.0
minnesota_vs_illinois_20210220,2021-02-20,minnesota,Illinois,2021,0,1,0.52560693,0,163.0,-190.0
minnesota_vs_northwestern_20210225,2021-02-25,minnesota,Northwestern,2021,0,1,0.8173725,0,-220.0,184.0
minnesota_vs_rutgers_20210306,2021-03-06,minnesota,Rutgers,2021,0,1,0.52467674,0,145.0,-165.0
minnesota_vs_northwestern_20210310,2021-03-10,minnesota,Northwestern,2021,1,1,0.5962278,1,-102.0,-114.0
minnesota_vs_ohio state_20210311,2021-03-11,minnesota,Ohio State,2021,0,0,0.26624924,1,450.0,-600.0
mississippi_vs_unc wilmington_20201212,2020-12-12,mississippi,UNC Wilmington,2021,1,1,0.96856344,1,-2811.0,1273.0
mississippi_vs_central arkansas_20201214,2020-12-14,mississippi,Central Arkansas,2021,1,1,0.96877205,1,-6823.0,1790.0
mississippi_vs_middle tennessee_20201216,2020-12-16,mississippi,Middle Tennessee,2021,1,1,0.9480983,1,-1000.0,664.0
mississippi_vs_dayton_20201219,2020-12-19,mississippi,Dayton,2021,0,1,0.8197615,0,-140.0,120.0
mississippi_vs_ut martin_20201222,2020-12-22,mississippi,UT Martin,2021,1,1,0.9605686,1,-11210.0,2014.0
mississippi_vs_alabama_20201229,2020-12-29,mississippi,Alabama,2021,0,1,0.6771772,0,125.0,-145.0
mississippi_vs_wichita state_20210102,2021-01-02,mississippi,Wichita State,2021,0,1,0.80169225,0,-360.0,300.0
mississippi_vs_auburn_20210106,2021-01-06,mississippi,Auburn,2021,1,1,0.81999683,1,-310.0,255.0
mississippi_vs_louisiana state_20210109,2021-01-09,mississippi,Louisiana State,2021,0,1,0.70952725,0,-145.0,125.0
mississippi_vs_florida_20210112,2021-01-12,mississippi,Florida,2021,0,1,0.57502246,0,120.0,-140.0
mississippi_vs_georgia_20210116,2021-01-16,mississippi,Georgia,2021,0,1,0.84982026,0,-340.0,280.0
mississippi_vs_mississippi state_20210119,2021-01-19,mississippi,Mississippi State,2021,1,1,0.6663106,1,115.0,-135.0
mississippi_vs_texas a&m_20210123,2021-01-23,mississippi,Texas A&M,2021,1,1,0.8652759,1,-340.0,280.0
mississippi_vs_arkansas_20210127,2021-01-27,mississippi,Arkansas,2021,0,1,0.5362145,0,170.0,-200.0
mississippi_vs_georgia_20210130,2021-01-30,mississippi,Georgia,2021,0,1,0.7414732,0,-165.0,145.0
mississippi_vs_tennessee_20210202,2021-02-02,mississippi,Tennessee,2021,1,0,0.44722694,0,148.0,-170.0
mississippi_vs_auburn_20210206,2021-02-06,mississippi,Auburn,2021,1,1,0.54556775,1,155.0,-175.0
mississippi_vs_missouri_20210210,2021-02-10,mississippi,Missouri,2021,1,0,0.47920626,0,-145.0,125.0
mississippi_vs_south carolina_20210213,2021-02-13,mississippi,South Carolina,2021,1,1,0.6996381,1,-114.0,-106.0
mississippi_vs_mississippi state_20210220,2021-02-20,mississippi,Mississippi State,2021,0,1,0.76593107,0,-280.0,231.0
mississippi_vs_missouri_20210223,2021-02-23,mississippi,Missouri,2021,1,0,0.43160748,0,155.0,-175.0
mississippi_vs_vanderbilt_20210227,2021-02-27,mississippi,Vanderbilt,2021,0,1,0.6697715,0,-450.0,360.0
mississippi_vs_kentucky_20210302,2021-03-02,mississippi,Kentucky,2021,1,1,0.6221387,1,-157.0,137.0
mississippi_vs_vanderbilt_20210306,2021-03-06,mississippi,Vanderbilt,2021,1,1,0.75458735,1,-420.0,335.0
mississippi_vs_south carolina_20210311,2021-03-11,mississippi,South Carolina,2021,1,1,0.7498461,1,-300.0,250.0
mississippi_vs_louisiana state_20210312,2021-03-12,mississippi,Louisiana State,2021,0,0,0.49704728,1,-103.0,-117.0
mississippi_vs_louisiana tech_20210319,2021-03-19,mississippi,Louisiana Tech,2021,0,1,0.78982514,0,-170.0,150.0
mississippi-state_vs_texas state_20201130,2020-11-30,mississippi-state,Texas State,2021,1,1,0.7250824,1,-290.0,237.0
mississippi-state_vs_north texas_20201204,2020-12-04,mississippi-state,North Texas,2021,1,0,0.4278487,0,-187.0,159.0
mississippi-state_vs_jackson state_20201208,2020-12-08,mississippi-state,Jackson State,2021,1,1,0.9307356,1,-2949.0,1303.0
mississippi-state_vs_central arkansas_20201216,2020-12-16,mississippi-state,Central Arkansas,2021,1,1,0.94363344,1,-2774.0,1265.0
mississippi-state_vs_mississippi valley state_20201221,2020-12-21,mississippi-state,Mississippi Valley State,2021,1,1,0.9611182,1,-100000.0,3000.0
mississippi-state_vs_kentucky_20210102,2021-01-02,mississippi-state,Kentucky,2021,0,1,0.5627021,0,120.0,-140.0
mississippi-state_vs_missouri_20210105,2021-01-05,mississippi-state,Missouri,2021,1,0,0.46259052,0,105.0,-125.0
mississippi-state_vs_texas a&m_20210113,2021-01-13,mississippi-state,Texas A&M,2021,0,1,0.80751455,0,-305.0,255.0
mississippi-state_vs_florida_20210116,2021-01-16,mississippi-state,Florida,2021,1,0,0.49828357,0,,
mississippi-state_vs_iowa state_20210130,2021-01-30,mississippi-state,Iowa State,2021,1,1,0.83161783,1,-550.0,430.0
mississippi-state_vs_louisiana state_20210210,2021-02-10,mississippi-state,Louisiana State,2021,0,1,0.61060715,0,-120.0,103.0
mississippi-state_vs_vanderbilt_20210213,2021-02-13,mississippi-state,Vanderbilt,2021,0,1,0.79846305,0,-315.0,258.0
mississippi-state_vs_south carolina_20210224,2021-02-24,mississippi-state,South Carolina,2021,1,1,0.7587978,1,-230.0,190.0
mississippi-state_vs_alabama_20210227,2021-02-27,mississippi-state,Alabama,2021,0,0,0.42645332,1,205.0,-245.0
mississippi-state_vs_saint louis_20210320,2021-03-20,mississippi-state,Saint Louis,2021,1,0,0.37728614,0,165.0,-190.0
mississippi-state_vs_richmond_20210325,2021-03-25,mississippi-state,Richmond,2021,1,1,0.60109127,1,-200.0,170.0
mississippi-valley-state_vs_north texas_20201126,2020-11-26,mississippi-valley-state,North Texas,2021,0,0,0.10660248,1,3300.0,100.0
mississippi-valley-state_vs_wyoming_20201128,2020-11-28,mississippi-valley-state,Wyoming,2021,0,0,0.10458643,1,3000.0,-100000.0
mississippi-valley-state_vs_alabama state_20210112,2021-01-12,mississippi-valley-state,Alabama State,2021,0,1,0.58935684,0,299.0,-366.0
mississippi-valley-state_vs_alcorn state_20210213,2021-02-13,mississippi-valley-state,Alcorn State,2021,0,0,0.44979763,1,579.0,-944.0
mississippi-valley-state_vs_jackson state_20210227,2021-02-27,mississippi-valley-state,Jackson State,2021,0,0,0.35916263,1,1140.0,-2662.0
mississippi-valley-state_vs_arkansasâpine bluff_20210305,2021-03-05,mississippi-valley-state,ArkansasâPine Bluff,2021,0,0,0.4791315,1,395.0,-500.0
missouri_vs_oregon_20201202,2020-12-02,missouri,Oregon,2021,1,0,0.37020582,0,155.0,-175.0
missouri_vs_liberty_20201209,2020-12-09,missouri,Liberty,2021,1,1,0.88784206,1,-587.0,444.0
missouri_vs_illinois_20201212,2020-12-12,missouri,Illinois,2021,1,1,0.5645519,1,145.0,-165.0
missouri_vs_bradley_20201222,2020-12-22,missouri,Bradley,2021,1,1,0.8782529,1,-650.0,475.0
missouri_vs_tennessee_20201230,2020-12-30,missouri,Tennessee,2021,0,1,0.52901137,0,158.0,-180.0
missouri_vs_south carolina_20210119,2021-01-19,missouri,South Carolina,2021,1,1,0.775407,1,-225.0,185.0
missouri_vs_tcu_20210130,2021-01-30,missouri,TCU,2021,1,1,0.8856558,1,-550.0,430.0
missouri_vs_kentucky_20210203,2021-02-03,missouri,Kentucky,2021,1,1,0.7513136,1,-200.0,170.0
missouri_vs_alabama_20210206,2021-02-06,missouri,Alabama,2021,1,1,0.5209849,1,145.0,-165.0
missouri_vs_arkansas_20210213,2021-02-13,missouri,Arkansas,2021,0,1,0.64203125,0,-145.0,125.0
missouri_vs_louisiana state_20210306,2021-03-06,missouri,Louisiana State,2021,0,1,0.6467356,0,-170.0,150.0
missouri_vs_oklahoma_20210320,2021-03-20,missouri,Oklahoma,2021,0,1,0.50061804,0,-123.0,103.0
missouri-kansas-city_vs_south dakota_20210108,2021-01-08,missouri-kansas-city,South Dakota,2021,0,1,0.52017474,0,113.0,-136.0
missouri-kansas-city_vs_south dakota_20210109,2021-01-09,missouri-kansas-city,South Dakota,2021,0,0,0.47901377,1,100.0,-120.0
missouri-kansas-city_vs_north dakota state_20210129,2021-01-29,missouri-kansas-city,North Dakota State,2021,0,1,0.523937,0,145.0,-165.0
missouri-kansas-city_vs_north dakota state_20210130,2021-01-30,missouri-kansas-city,North Dakota State,2021,1,1,0.5107839,1,210.0,-250.0
missouri-kansas-city_vs_omaha_20210212,2021-02-12,missouri-kansas-city,Omaha,2021,1,1,0.7736177,1,-270.0,230.0
missouri-kansas-city_vs_omaha_20210213,2021-02-13,missouri-kansas-city,Omaha,2021,1,1,0.76837903,1,-260.0,220.0
missouri-kansas-city_vs_denver_20210219,2021-02-19,missouri-kansas-city,Denver,2021,1,1,0.86738867,1,-550.0,425.0
missouri-kansas-city_vs_denver_20210220,2021-02-20,missouri-kansas-city,Denver,2021,1,1,0.86320275,1,-500.0,400.0
missouri-kansas-city_vs_north dakota state_20210307,2021-03-07,missouri-kansas-city,North Dakota State,2021,0,0,0.4842683,1,172.0,-207.0
missouri-state_vs_little rock_20201221,2020-12-21,missouri-state,Little Rock,2021,1,1,0.72477424,1,105.0,-125.0
missouri-state_vs_indiana state_20210102,2021-01-02,missouri-state,Indiana State,2021,1,1,0.7214671,1,-170.0,144.0
missouri-state_vs_indiana state_20210103,2021-01-03,missouri-state,Indiana State,2021,1,1,0.75427055,1,-170.0,148.0
missouri-state_vs_missouri s&t_20210117,2021-01-17,missouri-state,Missouri S&T,2021,1,1,0.653283,1,,
missouri-state_vs_drake_20210126,2021-01-26,missouri-state,Drake,2021,0,0,0.39147124,1,136.0,-156.0
missouri-state_vs_drake_20210127,2021-01-27,missouri-state,Drake,2021,0,0,0.39742854,1,155.0,-175.0
missouri-state_vs_loyola chicago_20210131,2021-01-31,missouri-state,Loyola Chicago,2021,0,0,0.4264574,1,205.0,-245.0
missouri-state_vs_loyola chicago_20210201,2021-02-01,missouri-state,Loyola Chicago,2021,0,0,0.3441966,1,305.0,-375.0
missouri-state_vs_southern illinois_20210210,2021-02-10,missouri-state,Southern Illinois,2021,1,1,0.7414962,1,-270.0,230.0
missouri-state_vs_bradley_20210213,2021-02-13,missouri-state,Bradley,2021,1,1,0.60730034,1,-320.0,260.0
missouri-state_vs_bradley_20210214,2021-02-14,missouri-state,Bradley,2021,1,1,0.67066777,1,-575.0,440.0
missouri-state_vs_valparaiso_20210305,2021-03-05,missouri-state,Valparaiso,2021,1,1,0.7022853,1,-314.0,247.0
monmouth_vs_saint peter's_20201218,2020-12-18,monmouth,Saint Peter's,2021,1,1,0.62702906,1,-105.0,-115.0
monmouth_vs_saint peter's_20201219,2020-12-19,monmouth,Saint Peter's,2021,0,1,0.6272603,0,115.0,-135.0
monmouth_vs_canisius_20201227,2020-12-27,monmouth,Canisius,2021,1,1,0.71492344,1,-205.0,175.0
monmouth_vs_canisius_20201228,2020-12-28,monmouth,Canisius,2021,1,1,0.72114646,1,-250.0,210.0
monmouth_vs_siena_20210103,2021-01-03,monmouth,Siena,2021,0,0,0.4561915,1,125.0,-145.0
monmouth_vs_marist_20210109,2021-01-09,monmouth,Marist,2021,1,1,0.80231863,1,-384.0,313.0
monmouth_vs_marist_20210110,2021-01-10,monmouth,Marist,2021,1,1,0.8158918,1,-364.0,294.0
monmouth_vs_quinnipiac_20210115,2021-01-15,monmouth,Quinnipiac,2021,1,1,0.88786715,1,-425.0,345.0
monmouth_vs_quinnipiac_20210116,2021-01-16,monmouth,Quinnipiac,2021,1,1,0.8170678,1,-380.0,310.0
montana_vs_northern colorado_20210102,2021-01-02,montana,Northern Colorado,2021,0,1,0.8239623,0,-269.0,223.0
montana_vs_northern colorado_20210104,2021-01-04,montana,Northern Colorado,2021,1,1,0.81226254,1,-208.0,178.0
montana_vs_northern arizona_20210114,2021-01-14,montana,Northern Arizona,2021,1,1,0.83397937,1,-820.0,560.0
montana_vs_northern arizona_20210116,2021-01-16,montana,Northern Arizona,2021,0,1,0.88438433,0,-800.0,580.0
montana_vs_weber state_20210211,2021-02-11,montana,Weber State,2021,1,0,0.44009063,0,103.0,-120.0
montana_vs_weber state_20210213,2021-02-13,montana,Weber State,2021,0,0,0.49496818,1,,-130.0
montana_vs_eastern washington_20210220,2021-02-20,montana,Eastern Washington,2021,0,0,0.45901954,1,160.0,-180.0
montana_vs_weber state_20210311,2021-03-11,montana,Weber State,2021,1,0,0.39430386,0,240.0,-280.0
montana-state_vs_portland state_20210114,2021-01-14,montana-state,Portland State,2021,1,1,0.75158536,1,-285.0,243.0
montana-state_vs_portland state_20210116,2021-01-16,montana-state,Portland State,2021,1,1,0.76485574,1,-290.0,245.0
montana-state_vs_eastern washington_20210211,2021-02-11,montana-state,Eastern Washington,2021,0,1,0.52802855,0,125.0,-145.0
montana-state_vs_eastern washington_20210213,2021-02-13,montana-state,Eastern Washington,2021,0,1,0.5135786,0,160.0,-185.0
montana-state_vs_sacramento state_20210305,2021-03-05,montana-state,Sacramento State,2021,1,1,0.67222327,1,-199.0,166.0
montana-state_vs_sacramento state_20210306,2021-03-06,montana-state,Sacramento State,2021,0,1,0.650581,0,-163.0,143.0
montana-state_vs_southern utah_20210312,2021-03-12,montana-state,Southern Utah,2021,1,0,0.24467605,0,215.0,-260.0
morehead-state_vs_richmond_20201127,2020-11-27,morehead-state,Richmond,2021,0,0,0.1443024,1,1115.0,-1636.0
morehead-state_vs_arkansas state_20201129,2020-11-29,morehead-state,Arkansas State,2021,1,1,0.67661744,1,137.0,-161.0
morehead-state_vs_eastern kentucky_20201214,2020-12-14,morehead-state,Eastern Kentucky,2021,1,0,0.33368874,0,198.0,-237.0
morehead-state_vs_siu edwardsville_20201218,2020-12-18,morehead-state,SIU Edwardsville,2021,0,1,0.70661235,0,-239.0,200.0
morehead-state_vs_jacksonville state_20210109,2021-01-09,morehead-state,Jacksonville State,2021,1,0,0.3911043,0,130.0,-150.0
morehead-state_vs_southeast missouri state_20210121,2021-01-21,morehead-state,Southeast Missouri State,2021,1,1,0.74882305,1,-250.0,210.0
morehead-state_vs_ut martin_20210123,2021-01-23,morehead-state,UT Martin,2021,1,1,0.87799615,1,-750.0,525.0
morehead-state_vs_murray state_20210204,2021-02-04,morehead-state,Murray State,2021,1,1,0.64160687,1,123.0,-143.0
morehead-state_vs_austin peay_20210206,2021-02-06,morehead-state,Austin Peay,2021,1,1,0.7290044,1,-145.0,125.0
morehead-state_vs_tennessee state_20210225,2021-02-25,morehead-state,Tennessee State,2021,1,1,0.9002452,1,-700.0,500.0
morehead-state_vs_belmont_20210227,2021-02-27,morehead-state,Belmont,2021,1,0,0.33534038,0,160.0,-185.0
morehead-state_vs_southeast missouri state_20210303,2021-03-03,morehead-state,Southeast Missouri State,2021,1,1,0.7483382,1,-360.0,290.0
morehead-state_vs_west virginia_20210319,2021-03-19,morehead-state,West Virginia,2021,0,0,0.21410644,1,670.0,-883.0
morgan-state_vs_coppin state_20210116,2021-01-16,morgan-state,Coppin State,2021,1,1,0.770876,1,-292.0,232.0
morgan-state_vs_coppin state_20210117,2021-01-17,morgan-state,Coppin State,2021,0,1,0.790303,0,-371.0,284.0
morgan-state_vs_delaware state_20210124,2021-01-24,morgan-state,Delaware State,2021,1,1,0.8652945,1,-1004.0,605.0
morgan-state_vs_delaware state_20210206,2021-02-06,morgan-state,Delaware State,2021,1,1,0.91106826,1,,
morgan-state_vs_norfolk state_20210213,2021-02-13,morgan-state,Norfolk State,2021,0,1,0.8015061,0,-158.0,134.0
morgan-state_vs_norfolk state_20210214,2021-02-14,morgan-state,Norfolk State,2021,0,1,0.78544694,0,-170.0,150.0
morgan-state_vs_norfolk state_20210313,2021-03-13,morgan-state,Norfolk State,2021,0,1,0.5614081,0,125.0,-145.0
mount-st-marys_vs_navy_20201128,2020-11-28,mount-st-marys,Navy,2021,0,0,0.42373642,1,109.0,-127.0
mount-st-marys_vs_saint francis (pa)_20201208,2020-12-08,mount-st-marys,Saint Francis (PA),2021,1,1,0.607826,1,-140.0,119.0
mount-st-marys_vs_merrimack_20210114,2021-01-14,mount-st-marys,Merrimack,2021,1,1,0.5865642,1,-131.0,112.0
mount-st-marys_vs_merrimack_20210115,2021-01-15,mount-st-marys,Merrimack,2021,1,1,0.68400025,1,-158.0,134.0
mount-st-marys_vs_sacred heart_20210130,2021-01-30,mount-st-marys,Sacred Heart,2021,0,1,0.71935487,0,-224.0,184.0
mount-st-marys_vs_sacred heart_20210131,2021-01-31,mount-st-marys,Sacred Heart,2021,1,1,0.71814847,1,-245.0,200.0
mount-st-marys_vs_liu_20210211,2021-02-11,mount-st-marys,LIU,2021,1,1,0.62430775,1,-141.0,121.0
mount-st-marys_vs_liu_20210212,2021-02-12,mount-st-marys,LIU,2021,1,1,0.63372463,1,,
mount-st-marys_vs_wagner_20210216,2021-02-16,mount-st-marys,Wagner,2021,0,1,0.6691481,0,-138.0,118.0
mount-st-marys_vs_wagner_20210217,2021-02-17,mount-st-marys,Wagner,2021,0,1,0.5652918,0,-123.0,105.0
mount-st-marys_vs_texas southern_20210318,2021-03-18,mount-st-marys,Texas Southern,2021,0,0,0.47945556,1,-125.0,105.0
murray-state_vs_illinois state_20201205,2020-12-05,murray-state,Illinois State,2021,1,1,0.77244264,1,-737.0,533.0
murray-state_vs_austin peay_20201208,2020-12-08,murray-state,Austin Peay,2021,1,1,0.7421983,1,-156.0,136.0
murray-state_vs_morehead state_20210102,2021-01-02,murray-state,Morehead State,2021,0,1,0.8460067,0,-1000.0,660.0
murray-state_vs_jacksonville state_20210121,2021-01-21,murray-state,Jacksonville State,2021,0,1,0.6719957,0,-310.0,260.0
murray-state_vs_tennessee state_20210128,2021-01-28,murray-state,Tennessee State,2021,1,1,0.7816119,1,-750.0,550.0
murray-state_vs_belmont_20210130,2021-01-30,murray-state,Belmont,2021,0,0,0.4093435,1,125.0,-145.0
murray-state_vs_southeast missouri state_20210212,2021-02-12,murray-state,Southeast Missouri State,2021,1,1,0.8635244,1,-1000.0,650.0
murray-state_vs_ut martin_20210213,2021-02-13,murray-state,UT Martin,2021,1,1,0.9534211,1,-1600.0,912.0
murray-state_vs_eastern illinois_20210218,2021-02-18,murray-state,Eastern Illinois,2021,0,1,0.92899096,0,-1400.0,837.0
murray-state_vs_siu edwardsville_20210220,2021-02-20,murray-state,SIU Edwardsville,2021,1,1,0.91190493,1,-1318.0,939.0
navy_vs_bucknell_20210102,2021-01-02,navy,Bucknell,2021,1,1,0.7620288,1,-164.0,139.0
navy_vs_lehigh_20210110,2021-01-10,navy,Lehigh,2021,1,1,0.838825,1,-304.0,250.0
navy_vs_american_20210116,2021-01-16,navy,American,2021,1,1,0.75124097,1,-321.0,251.0
navy_vs_american_20210117,2021-01-17,navy,American,2021,1,1,0.710344,1,-242.0,198.0
navy_vs_army_20210123,2021-01-23,navy,Army,2021,1,1,0.720309,1,-140.0,119.0
navy_vs_army_20210124,2021-01-24,navy,Army,2021,0,1,0.7298025,0,-136.0,116.0
navy_vs_loyola (md)_20210130,2021-01-30,navy,Loyola (MD),2021,1,1,0.7866735,1,-170.0,143.0
navy_vs_loyola (md)_20210228,2021-02-28,navy,Loyola (MD),2021,1,1,0.80898124,1,-165.0,145.0
navy_vs_loyola (md)_20210306,2021-03-06,navy,Loyola (MD),2021,0,1,0.80016786,0,-181.0,156.0
nebraska_vs_nevada_20201126,2020-11-26,nebraska,Nevada,2021,0,1,0.7716241,0,-210.0,180.0
nebraska_vs_north dakota state_20201128,2020-11-28,nebraska,North Dakota State,2021,1,1,0.91712326,1,-486.0,378.0
nebraska_vs_south dakota_20201201,2020-12-01,nebraska,South Dakota,2021,1,1,0.9479908,1,-1300.0,797.0
nebraska_vs_georgia tech_20201209,2020-12-09,nebraska,Georgia Tech,2021,0,1,0.55496067,0,145.0,-165.0
nebraska_vs_michigan_20201225,2020-12-25,nebraska,Michigan,2021,0,0,0.3758596,1,280.0,-345.0
nebraska_vs_michigan state_20210102,2021-01-02,nebraska,Michigan State,2021,0,0,0.45391983,1,304.0,-378.0
nebraska_vs_indiana_20210110,2021-01-10,nebraska,Indiana,2021,0,0,0.45950216,1,220.0,-260.0
nebraska_vs_wisconsin_20210210,2021-02-10,nebraska,Wisconsin,2021,0,0,0.34228435,1,500.0,-700.0
nebraska_vs_illinois_20210212,2021-02-12,nebraska,Illinois,2021,0,0,0.21723749,1,790.0,-1300.0
nebraska_vs_purdue_20210220,2021-02-20,nebraska,Purdue,2021,0,0,0.30600458,1,260.0,-315.0
nebraska_vs_penn state_20210223,2021-02-23,nebraska,Penn State,2021,0,0,0.36272755,1,206.0,-248.0
nebraska_vs_minnesota_20210227,2021-02-27,nebraska,Minnesota,2021,1,0,0.34222305,0,120.0,-140.0
nebraska_vs_rutgers_20210301,2021-03-01,nebraska,Rutgers,2021,1,0,0.35235798,0,295.0,-365.0
nebraska_vs_penn state_20210310,2021-03-10,nebraska,Penn State,2021,0,0,0.2927467,1,230.0,-270.0
nebraska-omaha_vs_middle tennessee_20201126,2020-11-26,nebraska-omaha,Middle Tennessee,2021,1,0,0.46156785,0,106.0,-124.0
nebraska-omaha_vs_oral roberts_20210102,2021-01-02,nebraska-omaha,Oral Roberts,2021,0,0,0.3490758,1,105.0,-125.0
nebraska-omaha_vs_oral roberts_20210103,2021-01-03,nebraska-omaha,Oral Roberts,2021,0,0,0.1779968,1,145.0,-165.0
nebraska-omaha_vs_western illinois_20210205,2021-02-05,nebraska-omaha,Western Illinois,2021,0,1,0.58292466,0,-195.0,170.0
nebraska-omaha_vs_western illinois_20210206,2021-02-06,nebraska-omaha,Western Illinois,2021,0,1,0.5146561,0,-150.0,130.0
nebraska-omaha_vs_north dakota_20210219,2021-02-19,nebraska-omaha,North Dakota,2021,1,1,0.534314,1,-131.0,109.0
nebraska-omaha_vs_north dakota_20210220,2021-02-20,nebraska-omaha,North Dakota,2021,0,1,0.64379984,0,-122.0,102.0
nebraska-omaha_vs_south dakota state_20210306,2021-03-06,nebraska-omaha,South Dakota State,2021,0,0,0.14107884,1,837.0,-1400.0
nevada_vs_pacific_20201130,2020-11-30,nevada,Pacific,2021,1,1,0.63317186,1,-244.0,204.0
nevada_vs_san francisco_20201202,2020-12-02,nevada,San Francisco,2021,0,1,0.65485555,0,-155.0,135.0
nevada_vs_air force_20201218,2020-12-18,nevada,Air Force,2021,1,1,0.9226595,1,-775.0,540.0
nevada_vs_air force_20201220,2020-12-20,nevada,Air Force,2021,0,1,0.934843,0,-700.0,512.0
nevada_vs_new mexico_20201231,2020-12-31,nevada,New Mexico,2021,1,1,0.8152077,1,-215.0,180.0
nevada_vs_new mexico_20210102,2021-01-02,nevada,New Mexico,2021,1,1,0.8226344,1,-250.0,210.0
nevada_vs_fresno state_20210115,2021-01-15,nevada,Fresno State,2021,1,1,0.7044989,1,-230.0,190.0
nevada_vs_fresno state_20210117,2021-01-17,nevada,Fresno State,2021,1,1,0.74549514,1,-265.0,225.0
nevada_vs_unlv_20210131,2021-01-31,nevada,UNLV,2021,1,1,0.5911367,1,-225.0,195.0
nevada_vs_unlv_20210202,2021-02-02,nevada,UNLV,2021,1,1,0.6933482,1,-223.0,183.0
nevada_vs_boise state_20210205,2021-02-05,nevada,Boise State,2021,1,0,0.44192904,0,180.0,-210.0
nevada_vs_boise state_20210207,2021-02-07,nevada,Boise State,2021,1,0,0.45415244,0,186.0,-216.0
nevada_vs_colorado state_20210305,2021-03-05,nevada,Colorado State,2021,1,1,0.5253291,1,-120.0,100.0
nevada_vs_san diego state_20210312,2021-03-12,nevada,San Diego State,2021,0,0,0.2420149,1,280.0,-340.0
nevada-las-vegas_vs_north carolina_20201130,2020-11-30,nevada-las-vegas,North Carolina,2021,0,0,0.23187442,1,630.0,-915.0
nevada-las-vegas_vs_new mexico_20210116,2021-01-16,nevada-las-vegas,New Mexico,2021,1,1,0.8753203,1,-584.0,463.0
nevada-las-vegas_vs_new mexico_20210118,2021-01-18,nevada-las-vegas,New Mexico,2021,1,1,0.9201531,1,-750.0,525.0
nevada-las-vegas_vs_utah state_20210125,2021-01-25,nevada-las-vegas,Utah State,2021,1,0,0.3037099,0,240.0,-280.0
nevada-las-vegas_vs_utah state_20210127,2021-01-27,nevada-las-vegas,Utah State,2021,0,0,0.35267478,1,245.0,-290.0
nevada-las-vegas_vs_air force_20210206,2021-02-06,nevada-las-vegas,Air Force,2021,1,1,0.9312432,1,-1000.0,650.0
nevada-las-vegas_vs_air force_20210208,2021-02-08,nevada-las-vegas,Air Force,2021,1,1,0.91486216,1,-1050.0,675.0
nevada-las-vegas_vs_fresno state_20210224,2021-02-24,nevada-las-vegas,Fresno State,2021,0,1,0.6987178,0,-290.0,245.0
nevada-las-vegas_vs_fresno state_20210226,2021-02-26,nevada-las-vegas,Fresno State,2021,1,1,0.7172071,1,-210.0,180.0
nevada-las-vegas_vs_san diego state_20210303,2021-03-03,nevada-las-vegas,San Diego State,2021,0,0,0.20608762,1,415.0,-525.0
nevada-las-vegas_vs_utah state_20210311,2021-03-11,nevada-las-vegas,Utah State,2021,0,0,0.24383782,1,384.0,-500.0
new-hampshire_vs_umbc_20210109,2021-01-09,new-hampshire,UMBC,2021,0,1,0.537627,0,-109.0,-107.0
new-hampshire_vs_umbc_20210110,2021-01-10,new-hampshire,UMBC,2021,0,0,0.4594255,1,129.0,-151.0
new-hampshire_vs_albany (ny)_20210123,2021-01-23,new-hampshire,Albany (NY),2021,1,1,0.60761976,1,-120.0,103.0
new-hampshire_vs_albany (ny)_20210124,2021-01-24,new-hampshire,Albany (NY),2021,0,1,0.6754493,0,-124.0,106.0
new-hampshire_vs_umass lowell_20210205,2021-02-05,new-hampshire,UMass Lowell,2021,0,1,0.57292604,0,-175.0,147.0
new-hampshire_vs_umass lowell_20210206,2021-02-06,new-hampshire,UMass Lowell,2021,1,1,0.5615704,1,-189.0,158.0
new-hampshire_vs_umass lowell_20210228,2021-02-28,new-hampshire,UMass Lowell,2021,0,1,0.6341586,0,-146.0,121.0
new-mexico_vs_utah state_20210106,2021-01-06,new-mexico,Utah State,2021,0,0,0.18556103,1,660.0,-1000.0
new-mexico_vs_utah state_20210108,2021-01-08,new-mexico,Utah State,2021,0,0,0.15621784,1,887.0,-1491.0
new-mexico_vs_san jose state_20210121,2021-01-21,new-mexico,San Jose State,2021,1,1,0.6969611,1,-350.0,290.0
new-mexico_vs_san jose state_20210123,2021-01-23,new-mexico,San Jose State,2021,0,1,0.70500785,0,-500.0,395.0
new-mexico_vs_wyoming_20210217,2021-02-17,new-mexico,Wyoming,2021,0,0,0.3592156,1,235.0,-275.0
new-mexico_vs_wyoming_20210219,2021-02-19,new-mexico,Wyoming,2021,0,0,0.3113932,1,194.0,-233.0
new-mexico-state_vs_california baptist_20210205,2021-02-05,new-mexico-state,California Baptist,2021,0,1,0.84126294,0,-525.0,420.0
new-mexico-state_vs_california baptist_20210206,2021-02-06,new-mexico-state,California Baptist,2021,1,1,0.75738084,1,-305.0,241.0
new-mexico-state_vs_utah valley_20210219,2021-02-19,new-mexico-state,Utah Valley,2021,0,1,0.70452875,0,-420.0,335.0
new-mexico-state_vs_utah valley_20210220,2021-02-20,new-mexico-state,Utah Valley,2021,1,1,0.69852865,1,-345.0,285.0
new-mexico-state_vs_utah valley_20210312,2021-03-12,new-mexico-state,Utah Valley,2021,1,1,0.66194105,1,-240.0,199.0
new-orleans_vs_texas a&m_20201129,2020-11-29,new-orleans,Texas A&M,2021,0,0,0.13012353,1,1540.0,-4342.0
new-orleans_vs_louisiana_20201202,2020-12-02,new-orleans,Louisiana,2021,0,0,0.3705174,1,199.0,-238.0
new-orleans_vs_incarnate word_20210109,2021-01-09,new-orleans,Incarnate Word,2021,1,1,0.63678735,1,-189.0,160.0
new-orleans_vs_mcneese state_20210116,2021-01-16,new-orleans,McNeese State,2021,1,1,0.6423348,1,-201.0,168.0
new-orleans_vs_texas a&mâcorpus christi_20210120,2021-01-20,new-orleans,Texas A&MâCorpus Christi,2021,1,1,0.6373583,1,-200.0,166.0
new-orleans_vs_stephen f. austin_20210215,2021-02-15,new-orleans,Stephen F. Austin,2021,0,0,0.3170018,1,443.0,-654.0
new-orleans_vs_central arkansas_20210222,2021-02-22,new-orleans,Central Arkansas,2021,1,1,0.7499828,1,-158.0,134.0
new-orleans_vs_northwestern state_20210303,2021-03-03,new-orleans,Northwestern State,2021,1,1,0.69566727,1,-220.0,190.0
new-orleans_vs_southeastern louisiana_20210306,2021-03-06,new-orleans,Southeastern Louisiana,2021,1,1,0.79201466,1,-299.0,237.0
new-orleans_vs_southeastern louisiana_20210310,2021-03-10,new-orleans,Southeastern Louisiana,2021,1,1,0.6533248,1,-206.0,171.0
new-orleans_vs_northwestern state_20210311,2021-03-11,new-orleans,Northwestern State,2021,0,1,0.53588647,0,-155.0,135.0
niagara_vs_fairfield_20201218,2020-12-18,niagara,Fairfield,2021,1,1,0.72643685,1,-200.0,170.0
niagara_vs_fairfield_20201219,2020-12-19,niagara,Fairfield,2021,1,1,0.70805985,1,-230.0,192.0
niagara_vs_rider_20210108,2021-01-08,niagara,Rider,2021,0,1,0.7524794,0,-290.0,245.0
niagara_vs_rider_20210109,2021-01-09,niagara,Rider,2021,1,1,0.704606,1,-260.0,220.0
niagara_vs_monmouth_20210129,2021-01-29,niagara,Monmouth,2021,0,0,0.35899153,1,155.0,-175.0
niagara_vs_monmouth_20210130,2021-01-30,niagara,Monmouth,2021,1,0,0.29676548,0,145.0,-165.0
niagara_vs_siena_20210220,2021-02-20,niagara,Siena,2021,1,0,0.4238489,0,165.0,-190.0
niagara_vs_siena_20210221,2021-02-21,niagara,Siena,2021,0,0,0.4691654,1,180.0,-215.0
njit_vs_maine_20210109,2021-01-09,njit,Maine,2021,1,1,0.7237685,1,-538.0,412.0
njit_vs_maine_20210110,2021-01-10,njit,Maine,2021,0,1,0.72272193,0,-476.0,372.0
njit_vs_stony brook_20210123,2021-01-23,njit,Stony Brook,2021,1,1,0.6867787,1,-154.0,130.0
njit_vs_stony brook_20210124,2021-01-24,njit,Stony Brook,2021,0,1,0.6890229,0,-140.0,120.0
njit_vs_umbc_20210131,2021-01-31,njit,UMBC,2021,1,0,0.43049577,0,158.0,-178.0
njit_vs_umbc_20210202,2021-02-02,njit,UMBC,2021,0,0,0.4744281,1,161.0,-193.0
njit_vs_binghamton_20210220,2021-02-20,njit,Binghamton,2021,0,1,0.6796283,0,-383.0,291.0
njit_vs_binghamton_20210221,2021-02-21,njit,Binghamton,2021,0,1,0.62779415,0,-375.0,305.0
norfolk-state_vs_radford_20201128,2020-11-28,norfolk-state,Radford,2021,1,1,0.7548975,1,-160.0,136.0
norfolk-state_vs_old dominion_20201202,2020-12-02,norfolk-state,Old Dominion,2021,0,0,0.31604752,1,244.0,-297.0
norfolk-state_vs_hampton_20201207,2020-12-07,norfolk-state,Hampton,2021,1,1,0.7897574,1,-236.0,198.0
norfolk-state_vs_unc wilmington_20201218,2020-12-18,norfolk-state,UNC Wilmington,2021,0,1,0.62906533,0,107.0,-125.0
norfolk-state_vs_morgan state_20210109,2021-01-09,norfolk-state,Morgan State,2021,0,1,0.7095352,0,-170.0,145.0
norfolk-state_vs_morgan state_20210110,2021-01-10,norfolk-state,Morgan State,2021,1,1,0.70192325,1,-152.0,129.0
norfolk-state_vs_delaware state_20210130,2021-01-30,norfolk-state,Delaware State,2021,1,1,0.8194792,1,-941.0,578.0
norfolk-state_vs_coppin state_20210207,2021-02-07,norfolk-state,Coppin State,2021,1,1,0.69256437,1,-272.0,219.0
norfolk-state_vs_coppin state_20210208,2021-02-08,norfolk-state,Coppin State,2021,0,1,0.69814324,0,-270.0,217.0
norfolk-state_vs_delaware state_20210224,2021-02-24,norfolk-state,Delaware State,2021,1,1,0.8364919,1,-1055.0,627.0
norfolk-state_vs_north carolina central_20210311,2021-03-11,norfolk-state,North Carolina Central,2021,1,1,0.6871936,1,-240.0,199.0
north-alabama_vs_stetson_20210108,2021-01-08,north-alabama,Stetson,2021,0,1,0.6517807,0,-163.0,139.0
north-alabama_vs_stetson_20210109,2021-01-09,north-alabama,Stetson,2021,1,1,0.5663775,1,-113.0,-104.0
north-alabama_vs_jacksonville_20210122,2021-01-22,north-alabama,Jacksonville,2021,1,1,0.7065723,1,-167.0,141.0
north-alabama_vs_jacksonville_20210123,2021-01-23,north-alabama,Jacksonville,2021,1,1,0.70474577,1,-123.0,105.0
north-alabama_vs_bellarmine_20210212,2021-02-12,north-alabama,Bellarmine,2021,0,0,0.26149398,1,237.0,-298.0
north-alabama_vs_bellarmine_20210213,2021-02-13,north-alabama,Bellarmine,2021,0,0,0.24815087,1,177.0,-215.0
north-alabama_vs_lipscomb_20210227,2021-02-27,north-alabama,Lipscomb,2021,1,0,0.3493884,0,179.0,-217.0
north-alabama_vs_north florida_20210304,2021-03-04,north-alabama,North Florida,2021,1,1,0.5088371,1,130.0,-150.0
north-carolina_vs_stanford_20201201,2020-12-01,north-carolina,Stanford,2021,1,1,0.6297438,1,-185.0,160.0
north-carolina_vs_texas_20201202,2020-12-02,north-carolina,Texas,2021,0,0,0.44757992,1,-101.0,-115.0
north-carolina_vs_north carolina central_20201212,2020-12-12,north-carolina,North Carolina Central,2021,1,1,0.95638406,1,-4799.0,1599.0
north-carolina_vs_notre dame_20210102,2021-01-02,north-carolina,Notre Dame,2021,1,1,0.73851985,1,-570.0,450.0
north-carolina_vs_syracuse_20210112,2021-01-12,north-carolina,Syracuse,2021,1,1,0.51616967,1,-190.0,165.0
north-carolina_vs_wake forest_20210120,2021-01-20,north-carolina,Wake Forest,2021,1,1,0.81517446,1,-650.0,475.0
north-carolina_vs_nc state_20210123,2021-01-23,north-carolina,NC State,2021,1,1,0.64875096,1,-264.0,213.0
north-carolina_vs_northeastern_20210217,2021-02-17,north-carolina,Northeastern,2021,1,1,0.91153127,1,-1600.0,890.0
north-carolina_vs_louisville_20210220,2021-02-20,north-carolina,Louisville,2021,1,1,0.6606223,1,-200.0,170.0
north-carolina_vs_marquette_20210224,2021-02-24,north-carolina,Marquette,2021,0,1,0.795747,0,-420.0,335.0
north-carolina_vs_florida state_20210227,2021-02-27,north-carolina,Florida State,2021,1,0,0.35145006,0,115.0,-135.0
north-carolina_vs_duke_20210306,2021-03-06,north-carolina,Duke,2021,1,1,0.6527503,1,-155.0,135.0
north-carolina_vs_notre dame_20210310,2021-03-10,north-carolina,Notre Dame,2021,1,1,0.69788784,1,-280.0,240.0
north-carolina_vs_virginia tech_20210311,2021-03-11,north-carolina,Virginia Tech,2021,1,1,0.65976006,1,-170.0,150.0
north-carolina_vs_wisconsin_20210319,2021-03-19,north-carolina,Wisconsin,2021,0,1,0.5362953,0,-135.0,115.0
north-carolina-asheville_vs_western carolina_20201128,2020-11-28,north-carolina-asheville,Western Carolina,2021,0,1,0.55152744,0,178.0,-211.0
north-carolina-asheville_vs_south carolina state_20201205,2020-12-05,north-carolina-asheville,South Carolina State,2021,1,1,0.9028759,1,-1493.0,888.0
north-carolina-asheville_vs_high point_20201212,2020-12-12,north-carolina-asheville,High Point,2021,1,1,0.7913093,1,-187.0,158.0
north-carolina-asheville_vs_high point_20201213,2020-12-13,north-carolina-asheville,High Point,2021,1,1,0.7847483,1,,
north-carolina-asheville_vs_charleston southern_20210114,2021-01-14,north-carolina-asheville,Charleston Southern,2021,1,1,0.7723463,1,-552.0,390.0
north-carolina-asheville_vs_charleston southern_20210115,2021-01-15,north-carolina-asheville,Charleston Southern,2021,1,1,0.8827932,1,-1014.0,609.0
north-carolina-asheville_vs_radford_20210124,2021-01-24,north-carolina-asheville,Radford,2021,1,1,0.6388294,1,-161.0,136.0
north-carolina-asheville_vs_radford_20210125,2021-01-25,north-carolina-asheville,Radford,2021,0,1,0.65025014,0,-164.0,139.0
north-carolina-asheville_vs_longwood_20210301,2021-03-01,north-carolina-asheville,Longwood,2021,0,1,0.6396174,0,-152.0,126.0
north-carolina-at_vs_ohio_20201126,2020-11-26,north-carolina-at,Ohio,2021,0,0,0.2189886,1,870.0,-1500.0
north-carolina-at_vs_stanford_20201206,2020-12-06,north-carolina-at,Stanford,2021,0,0,0.18932663,1,2000.0,-7000.0
north-carolina-at_vs_western carolina_20201212,2020-12-12,north-carolina-at,Western Carolina,2021,0,0,0.31102484,1,277.0,-340.0
north-carolina-at_vs_unc greensboro_20201222,2020-12-22,north-carolina-at,UNC Greensboro,2021,0,0,0.25426167,1,660.0,-974.0
north-carolina-at_vs_florida a&m_20210130,2021-01-30,north-carolina-at,Florida A&M,2021,1,1,0.59112597,1,-134.0,114.0
north-carolina-at_vs_florida a&m_20210131,2021-01-31,north-carolina-at,Florida A&M,2021,1,1,0.6401179,1,-160.0,140.0
north-carolina-at_vs_north carolina central_20210227,2021-02-27,north-carolina-at,North Carolina Central,2021,1,1,0.80460805,1,-149.0,127.0
north-carolina-central_vs_southern_20201126,2020-11-26,north-carolina-central,Southern,2021,1,0,0.37144008,0,116.0,-136.0
north-carolina-central_vs_south carolina state_20210201,2021-02-01,north-carolina-central,South Carolina State,2021,1,1,0.8863029,1,-1684.0,858.0
north-carolina-central_vs_south carolina state_20210202,2021-02-02,north-carolina-central,South Carolina State,2021,1,1,0.8714467,1,-1649.0,846.0
north-carolina-central_vs_north carolina a&t_20210224,2021-02-24,north-carolina-central,North Carolina A&T,2021,0,1,0.55627626,0,-170.0,148.0
north-carolina-central_vs_florida a&m_20210303,2021-03-03,north-carolina-central,Florida A&M,2021,0,1,0.5803621,0,-170.0,150.0
north-carolina-central_vs_florida a&m_20210304,2021-03-04,north-carolina-central,Florida A&M,2021,1,1,0.558873,1,-155.0,135.0
north-carolina-greensboro_vs_winthrop_20201201,2020-12-01,north-carolina-greensboro,Winthrop,2021,0,1,0.82479376,0,-260.0,220.0
north-carolina-greensboro_vs_norfolk state_20201213,2020-12-13,north-carolina-greensboro,Norfolk State,2021,1,1,0.8589439,1,-950.0,648.0
north-carolina-greensboro_vs_usc upstate_20201215,2020-12-15,north-carolina-greensboro,USC Upstate,2021,1,1,0.9322021,1,-2972.0,1308.0
north-carolina-greensboro_vs_east tennessee state_20210102,2021-01-02,north-carolina-greensboro,East Tennessee State,2021,0,1,0.8277944,0,-350.0,280.0
north-carolina-greensboro_vs_wofford_20210109,2021-01-09,north-carolina-greensboro,Wofford,2021,0,1,0.64409155,0,-185.0,160.0
north-carolina-greensboro_vs_the citadel_20210118,2021-01-18,north-carolina-greensboro,The Citadel,2021,1,1,0.6636699,1,-1100.0,711.0
north-carolina-greensboro_vs_mercer_20210127,2021-01-27,north-carolina-greensboro,Mercer,2021,1,1,0.6473619,1,-218.0,180.0
north-carolina-greensboro_vs_vmi_20210130,2021-01-30,north-carolina-greensboro,VMI,2021,1,1,0.7245197,1,-500.0,395.0
north-carolina-greensboro_vs_furman_20210210,2021-02-10,north-carolina-greensboro,Furman,2021,1,0,0.43586874,0,-119.0,-101.0
north-carolina-greensboro_vs_chattanooga_20210220,2021-02-20,north-carolina-greensboro,Chattanooga,2021,1,1,0.70699316,1,-275.0,235.0
north-carolina-greensboro_vs_western carolina_20210224,2021-02-24,north-carolina-greensboro,Western Carolina,2021,0,1,0.9177387,0,-1100.0,700.0
north-carolina-state_vs_north florida_20201127,2020-11-27,north-carolina-state,North Florida,2021,1,1,0.9541112,1,-5529.0,1678.0
north-carolina-state_vs_campbell_20201219,2020-12-19,north-carolina-state,Campbell,2021,1,1,0.9578919,1,-3925.0,1480.0
north-carolina-state_vs_north carolina_20201222,2020-12-22,north-carolina-state,North Carolina,2021,1,1,0.69505936,1,130.0,-150.0
north-carolina-state_vs_boston college_20201230,2020-12-30,north-carolina-state,Boston College,2021,1,1,0.87513554,1,-425.0,340.0
north-carolina-state_vs_miami (fl)_20210109,2021-01-09,north-carolina-state,Miami (FL),2021,0,1,0.7670926,0,-280.0,240.0
north-carolina-state_vs_wake forest_20210127,2021-01-27,north-carolina-state,Wake Forest,2021,1,1,0.7980773,1,-350.0,290.0
north-carolina-state_vs_virginia_20210203,2021-02-03,north-carolina-state,Virginia,2021,0,0,0.412145,1,255.0,-305.0
north-carolina-state_vs_syracuse_20210209,2021-02-09,north-carolina-state,Syracuse,2021,0,1,0.63120157,0,-135.0,115.0
north-carolina-state_vs_duke_20210213,2021-02-13,north-carolina-state,Duke,2021,0,1,0.64766395,0,141.0,-161.0
north-carolina-state_vs_pittsburgh_20210228,2021-02-28,north-carolina-state,Pittsburgh,2021,1,1,0.7145749,1,-271.0,224.0
north-carolina-state_vs_syracuse_20210310,2021-03-10,north-carolina-state,Syracuse,2021,0,1,0.5214787,0,145.0,-165.0
north-carolina-wilmington_vs_unc asheville_20201127,2020-11-27,north-carolina-wilmington,UNC Asheville,2021,1,0,0.380568,0,207.0,-248.0
north-carolina-wilmington_vs_troy_20201128,2020-11-28,north-carolina-wilmington,Troy,2021,1,1,0.5664521,1,133.0,-153.0
north-carolina-wilmington_vs_delaware state_20201223,2020-12-23,north-carolina-wilmington,Delaware State,2021,1,1,0.9310046,1,-1796.0,1198.0
north-carolina-wilmington_vs_delaware_20210123,2021-01-23,north-carolina-wilmington,Delaware,2021,1,1,0.7716135,1,-200.0,170.0
north-carolina-wilmington_vs_delaware_20210124,2021-01-24,north-carolina-wilmington,Delaware,2021,0,1,0.7623511,0,-154.0,135.0
north-carolina-wilmington_vs_hofstra_20210130,2021-01-30,north-carolina-wilmington,Hofstra,2021,0,0,0.49505618,1,125.0,-145.0
north-carolina-wilmington_vs_hofstra_20210131,2021-01-31,north-carolina-wilmington,Hofstra,2021,0,0,0.499923,1,125.0,-145.0
north-carolina-wilmington_vs_elon_20210227,2021-02-27,north-carolina-wilmington,Elon,2021,0,1,0.71573156,0,-122.0,104.0
north-carolina-wilmington_vs_william & mary_20210306,2021-03-06,north-carolina-wilmington,William & Mary,2021,0,1,0.6946121,0,-195.0,170.0
north-dakota_vs_dixie state_20201202,2020-12-02,north-dakota,Dixie State,2021,0,1,0.7682466,0,-155.0,135.0
north-dakota_vs_south dakota_20201210,2020-12-10,north-dakota,South Dakota,2021,1,1,0.58193797,1,145.0,-165.0
north-dakota_vs_south dakota state_20201211,2020-12-11,north-dakota,South Dakota State,2021,0,0,0.13280599,1,420.0,-525.0
north-dakota_vs_north dakota state_20201212,2020-12-12,north-dakota,North Dakota State,2021,0,0,0.37446114,1,185.0,-215.0
north-dakota_vs_kansas city_20210102,2021-01-02,north-dakota,Kansas City,2021,1,1,0.6002891,1,-155.0,135.0
north-dakota_vs_kansas city_20210103,2021-01-03,north-dakota,Kansas City,2021,0,1,0.63414556,0,-145.0,125.0
north-dakota_vs_north dakota state_20210115,2021-01-15,north-dakota,North Dakota State,2021,0,0,0.3393611,1,180.0,-220.0
north-dakota_vs_north dakota state_20210116,2021-01-16,north-dakota,North Dakota State,2021,1,0,0.32686698,0,210.0,-250.0
north-dakota_vs_western illinois_20210129,2021-01-29,north-dakota,Western Illinois,2021,1,1,0.63216984,1,-190.0,165.0
north-dakota_vs_western illinois_20210130,2021-01-30,north-dakota,Western Illinois,2021,0,1,0.6075532,0,-190.0,165.0
north-dakota_vs_south dakota_20210213,2021-02-13,north-dakota,South Dakota,2021,1,0,0.24001567,0,230.0,-275.0
north-dakota_vs_south dakota_20210214,2021-02-14,north-dakota,South Dakota,2021,1,0,0.28394637,0,215.0,-255.0
north-dakota_vs_oral roberts_20210307,2021-03-07,north-dakota,Oral Roberts,2021,0,0,0.20085095,1,255.0,-305.0
north-dakota-state_vs_creighton_20201129,2020-11-29,north-dakota-state,Creighton,2021,0,0,0.2143154,1,1756.0,-6392.0
north-dakota-state_vs_south dakota state_20201210,2020-12-10,north-dakota-state,South Dakota State,2021,0,0,0.19494785,1,289.0,-360.0
north-dakota-state_vs_south dakota_20201211,2020-12-11,north-dakota-state,South Dakota,2021,1,1,0.7007769,1,-175.0,155.0
north-dakota-state_vs_omaha_20210108,2021-01-08,north-dakota-state,Omaha,2021,1,1,0.7952254,1,-340.0,280.0
north-dakota-state_vs_omaha_20210109,2021-01-09,north-dakota-state,Omaha,2021,1,1,0.8092462,1,-330.0,275.0
north-dakota-state_vs_denver_20210122,2021-01-22,north-dakota-state,Denver,2021,1,1,0.95242435,1,-1250.0,800.0
north-dakota-state_vs_denver_20210123,2021-01-23,north-dakota-state,Denver,2021,1,1,0.95258033,1,-1200.0,750.0
north-dakota-state_vs_oral roberts_20210205,2021-02-05,north-dakota-state,Oral Roberts,2021,1,1,0.6525543,1,-160.0,140.0
north-dakota-state_vs_oral roberts_20210206,2021-02-06,north-dakota-state,Oral Roberts,2021,0,1,0.6875078,0,-165.0,145.0
north-dakota-state_vs_south dakota state_20210219,2021-02-19,north-dakota-state,South Dakota State,2021,0,0,0.44329408,1,-122.0,102.0
north-dakota-state_vs_south dakota state_20210220,2021-02-20,north-dakota-state,South Dakota State,2021,1,0,0.44650427,0,-130.0,
north-dakota-state_vs_south dakota_20210308,2021-03-08,north-dakota-state,South Dakota,2021,1,1,0.5598752,1,-150.0,130.0
north-dakota-state_vs_oral roberts_20210309,2021-03-09,north-dakota-state,Oral Roberts,2021,0,0,0.4466495,1,-115.0,-105.0
northeastern_vs_massachusetts_20201213,2020-12-13,northeastern,Massachusetts,2021,1,0,0.3945126,0,172.0,-205.0
northeastern_vs_elon_20210102,2021-01-02,northeastern,Elon,2021,1,1,0.65323263,1,-200.0,170.0
northeastern_vs_elon_20210103,2021-01-03,northeastern,Elon,2021,1,1,0.74081624,1,-265.0,225.0
northeastern_vs_hofstra_20210109,2021-01-09,northeastern,Hofstra,2021,1,1,0.6343677,1,115.0,-135.0
northeastern_vs_james madison_20210123,2021-01-23,northeastern,James Madison,2021,1,1,0.6715899,1,-230.0,190.0
northeastern_vs_james madison_20210124,2021-01-24,northeastern,James Madison,2021,0,1,0.70477897,0,-230.0,190.0
northeastern_vs_william & mary_20210307,2021-03-07,northeastern,William & Mary,2021,1,1,0.7042984,1,-310.0,260.0
northern-arizona_vs_uc riverside_20201210,2020-12-10,northern-arizona,UC Riverside,2021,0,0,0.3232459,1,225.0,-265.0
northern-arizona_vs_eastern washington_20201219,2020-12-19,northern-arizona,Eastern Washington,2021,0,0,0.28858963,1,453.0,-610.0
northern-arizona_vs_texas state_20201221,2020-12-21,northern-arizona,Texas State,2021,0,0,0.25310978,1,415.0,-520.0
northern-arizona_vs_idaho state_20210107,2021-01-07,northern-arizona,Idaho State,2021,0,1,0.5725846,0,-148.0,128.0
northern-arizona_vs_idaho state_20210109,2021-01-09,northern-arizona,Idaho State,2021,0,1,0.5303737,0,101.0,-121.0
northern-arizona_vs_montana state_20210121,2021-01-21,northern-arizona,Montana State,2021,0,0,0.28816018,1,205.0,-245.0
northern-arizona_vs_montana state_20210123,2021-01-23,northern-arizona,Montana State,2021,0,0,0.279257,1,180.0,-220.0
northern-arizona_vs_northern colorado_20210129,2021-01-29,northern-arizona,Northern Colorado,2021,1,0,0.38229078,0,180.0,-220.0
northern-arizona_vs_southern utah_20210226,2021-02-26,northern-arizona,Southern Utah,2021,0,0,0.22094345,1,290.0,-350.0
northern-arizona_vs_portland state_20210310,2021-03-10,northern-arizona,Portland State,2021,1,0,0.24192517,0,210.0,-250.0
northern-colorado_vs_idaho state_20201222,2020-12-22,northern-colorado,Idaho State,2021,1,1,0.7514647,1,-550.0,425.0
northern-colorado_vs_idaho state_20201223,2020-12-23,northern-colorado,Idaho State,2021,0,1,0.7229375,0,-442.0,358.0
northern-colorado_vs_montana state_20210107,2021-01-07,northern-colorado,Montana State,2021,0,0,0.44101954,1,-165.0,145.0
northern-colorado_vs_montana state_20210109,2021-01-09,northern-colorado,Montana State,2021,0,0,0.42172167,1,-160.0,140.0
northern-colorado_vs_eastern washington_20210121,2021-01-21,northern-colorado,Eastern Washington,2021,1,0,0.33206606,0,125.0,-145.0
northern-colorado_vs_eastern washington_20210123,2021-01-23,northern-colorado,Eastern Washington,2021,0,0,0.39939678,1,165.0,-190.0
northern-colorado_vs_portland state_20210225,2021-02-25,northern-colorado,Portland State,2021,1,0,0.4063025,0,-109.0,-107.0
northern-colorado_vs_portland state_20210227,2021-02-27,northern-colorado,Portland State,2021,0,0,0.46479908,1,-130.0,
northern-colorado_vs_sacramento state_20210310,2021-03-10,northern-colorado,Sacramento State,2021,1,0,0.47832406,0,-165.0,145.0
northern-colorado_vs_southern utah_20210311,2021-03-11,northern-colorado,Southern Utah,2021,0,0,0.2315186,1,245.0,-290.0
northern-illinois_vs_siu edwardsville_20201202,2020-12-02,northern-illinois,SIU Edwardsville,2021,0,1,0.81204903,0,-480.0,371.0
northern-illinois_vs_ball state_20201208,2020-12-08,northern-illinois,Ball State,2021,0,0,0.30508205,1,255.0,-310.0
northern-illinois_vs_chicago state_20201218,2020-12-18,northern-illinois,Chicago State,2021,1,1,0.8757166,1,-2363.0,1165.0
northern-illinois_vs_bowling green_20210102,2021-01-02,northern-illinois,Bowling Green,2021,0,0,0.22666125,1,325.0,-400.0
northern-illinois_vs_akron_20210112,2021-01-12,northern-illinois,Akron,2021,1,0,0.2631294,0,324.0,-410.0
northern-illinois_vs_miami (oh)_20210220,2021-02-20,northern-illinois,Miami (OH),2021,0,0,0.24657907,1,170.0,-195.0
northern-illinois_vs_buffalo_20210223,2021-02-23,northern-illinois,Buffalo,2021,0,0,0.11812881,1,550.0,-750.0
northern-iowa_vs_utah state_20201127,2020-11-27,northern-iowa,Utah State,2021,0,1,0.6937053,0,-150.0,130.0
northern-iowa_vs_missouri state_20201227,2020-12-27,northern-iowa,Missouri State,2021,0,1,0.69377834,0,-265.0,225.0
northern-iowa_vs_missouri state_20201228,2020-12-28,northern-iowa,Missouri State,2021,1,0,0.45400664,0,-175.0,155.0
northern-iowa_vs_bradley_20210110,2021-01-10,northern-iowa,Bradley,2021,1,0,0.45460352,0,-145.0,125.0
northern-iowa_vs_bradley_20210111,2021-01-11,northern-iowa,Bradley,2021,0,0,0.47074187,1,117.0,-137.0
northern-iowa_vs_indiana state_20210206,2021-02-06,northern-iowa,Indiana State,2021,0,0,0.49357852,1,-128.0,108.0
northern-iowa_vs_indiana state_20210207,2021-02-07,northern-iowa,Indiana State,2021,1,0,0.48800996,0,-145.0,125.0
northern-iowa_vs_valparaiso_20210213,2021-02-13,northern-iowa,Valparaiso,2021,0,1,0.7370607,0,-300.0,250.0
northern-iowa_vs_valparaiso_20210214,2021-02-14,northern-iowa,Valparaiso,2021,1,1,0.6556192,1,-250.0,210.0
northern-iowa_vs_drake_20210217,2021-02-17,northern-iowa,Drake,2021,0,0,0.3194227,1,165.0,-190.0
northern-kentucky_vs_youngstown state_20201219,2020-12-19,northern-kentucky,Youngstown State,2021,1,1,0.5742128,1,-135.0,115.0
northern-kentucky_vs_youngstown state_20201220,2020-12-20,northern-kentucky,Youngstown State,2021,0,1,0.6300461,0,-175.0,155.0
northern-kentucky_vs_iupui_20210115,2021-01-15,northern-kentucky,IUPUI,2021,0,1,0.7657257,0,-347.0,284.0
northern-kentucky_vs_iupui_20210116,2021-01-16,northern-kentucky,IUPUI,2021,0,1,0.6903594,0,-285.0,245.0
northern-kentucky_vs_illinoisâchicago_20210129,2021-01-29,northern-kentucky,IllinoisâChicago,2021,1,1,0.69118595,1,-165.0,145.0
northern-kentucky_vs_illinoisâchicago_20210130,2021-01-30,northern-kentucky,IllinoisâChicago,2021,1,1,0.7287872,1,-140.0,120.0
northern-kentucky_vs_wright state_20210219,2021-02-19,northern-kentucky,Wright State,2021,1,0,0.19439897,0,335.0,-415.0
northern-kentucky_vs_wright state_20210220,2021-02-20,northern-kentucky,Wright State,2021,0,0,0.20916894,1,330.0,-410.0
northern-kentucky_vs_detroit mercy_20210302,2021-03-02,northern-kentucky,Detroit Mercy,2021,1,0,0.44460285,0,102.0,-120.0
northern-kentucky_vs_oakland_20210308,2021-03-08,northern-kentucky,Oakland,2021,0,1,0.5283662,0,-130.0,
north-florida_vs_miami (fl)_20201129,2020-11-29,north-florida,Miami (FL),2021,0,0,0.15256986,1,1849.0,-7678.0
north-florida_vs_florida state_20201202,2020-12-02,north-florida,Florida State,2021,0,0,0.11885102,1,1886.0,-8307.0
north-florida_vs_florida atlantic_20201207,2020-12-07,north-florida,Florida Atlantic,2021,0,0,0.33763707,1,234.0,-284.0
north-florida_vs_florida international_20201212,2020-12-12,north-florida,Florida International,2021,1,0,0.2910967,0,262.0,-321.0
north-florida_vs_kennesaw state_20210122,2021-01-22,north-florida,Kennesaw State,2021,1,1,0.7350046,1,-350.0,271.0
north-florida_vs_kennesaw state_20210123,2021-01-23,north-florida,Kennesaw State,2021,1,1,0.7357787,1,-467.0,342.0
north-florida_vs_north alabama_20210129,2021-01-29,north-florida,North Alabama,2021,0,1,0.51835316,0,-131.0,112.0
north-florida_vs_north alabama_20210130,2021-01-30,north-florida,North Alabama,2021,1,0,0.44976613,0,-140.0,119.0
north-texas_vs_arkansasâpine bluff_20201215,2020-12-15,north-texas,ArkansasâPine Bluff,2021,1,1,0.955722,1,-7892.0,1862.0
north-texas_vs_houston baptist_20201217,2020-12-17,north-texas,Houston Baptist,2021,1,1,0.9687903,1,-7182.0,1816.0
north-texas_vs_utep_20210115,2021-01-15,north-texas,UTEP,2021,1,1,0.7223544,1,-245.0,205.0
north-texas_vs_utep_20210116,2021-01-16,north-texas,UTEP,2021,1,1,0.78159416,1,-305.0,253.0
north-texas_vs_rice_20210131,2021-01-31,north-texas,Rice,2021,1,1,0.8236198,1,-700.0,500.0
north-texas_vs_louisiana tech_20210205,2021-02-05,north-texas,Louisiana Tech,2021,0,1,0.75865614,0,-210.0,175.0
north-texas_vs_louisiana tech_20210206,2021-02-06,north-texas,Louisiana Tech,2021,1,1,0.7380733,1,-190.0,165.0
north-texas_vs_uab_20210305,2021-03-05,north-texas,UAB,2021,0,1,0.7318569,0,-222.0,184.0
north-texas_vs_uab_20210306,2021-03-06,north-texas,UAB,2021,0,1,0.6727506,0,-190.0,165.0
north-texas_vs_old dominion_20210311,2021-03-11,north-texas,Old Dominion,2021,1,1,0.72891986,1,-190.0,165.0
north-texas_vs_western kentucky_20210313,2021-03-13,north-texas,Western Kentucky,2021,1,1,0.5266501,1,116.0,-136.0
north-texas_vs_purdue_20210319,2021-03-19,north-texas,Purdue,2021,1,0,0.32479525,0,275.0,-330.0
north-texas_vs_villanova_20210321,2021-03-21,north-texas,Villanova,2021,0,0,0.3336339,1,230.0,-270.0
northwestern_vs_chicago state_20201205,2020-12-05,northwestern,Chicago State,2021,1,1,0.96605754,1,-34000.0,11400.0
northwestern_vs_pittsburgh_20201209,2020-12-09,northwestern,Pittsburgh,2021,0,1,0.71169174,0,-150.0,130.0
northwestern_vs_michigan state_20201220,2020-12-20,northwestern,Michigan State,2021,1,0,0.4253406,0,261.0,-318.0
northwestern_vs_ohio state_20201226,2020-12-26,northwestern,Ohio State,2021,1,1,0.5918502,1,125.0,-145.0
northwestern_vs_illinois_20210107,2021-01-07,northwestern,Illinois,2021,0,0,0.3970138,1,245.0,-290.0
northwestern_vs_iowa_20210117,2021-01-17,northwestern,Iowa,2021,0,0,0.23700617,1,400.0,-500.0
northwestern_vs_rutgers_20210131,2021-01-31,northwestern,Rutgers,2021,0,0,0.49499974,1,150.0,-170.0
northwestern_vs_indiana_20210210,2021-02-10,northwestern,Indiana,2021,0,0,0.4944279,1,136.0,-156.0
northwestern_vs_wisconsin_20210221,2021-02-21,northwestern,Wisconsin,2021,0,0,0.4914304,1,220.0,-260.0
northwestern_vs_maryland_20210303,2021-03-03,northwestern,Maryland,2021,1,0,0.46741962,0,160.0,-185.0
northwestern_vs_nebraska_20210307,2021-03-07,northwestern,Nebraska,2021,1,1,0.7048435,1,-290.0,245.0
northwestern-state_vs_ut arlington_20201128,2020-11-28,northwestern-state,UT Arlington,2021,0,0,0.41772416,1,292.0,-362.0
northwestern-state_vs_louisianaâmonroe_20201206,2020-12-06,northwestern-state,LouisianaâMonroe,2021,0,1,0.7180398,0,-163.0,139.0
northwestern-state_vs_incarnate word_20210106,2021-01-06,northwestern-state,Incarnate Word,2021,0,1,0.7557336,0,-310.0,254.0
northwestern-state_vs_new orleans_20210127,2021-01-27,northwestern-state,New Orleans,2021,1,1,0.5781467,1,-119.0,102.0
northwestern-state_vs_mcneese state_20210213,2021-02-13,northwestern-state,McNeese State,2021,1,1,0.73333824,1,-173.0,145.0
northwestern-state_vs_houston baptist_20210222,2021-02-22,northwestern-state,Houston Baptist,2021,1,1,0.64673865,1,-178.0,149.0
northwestern-state_vs_stephen f. austin_20210224,2021-02-24,northwestern-state,Stephen F. Austin,2021,0,0,0.3133113,1,382.0,-538.0
northwestern-state_vs_southeastern louisiana_20210227,2021-02-27,northwestern-state,Southeastern Louisiana,2021,1,1,0.7282343,1,-163.0,138.0
northwestern-state_vs_central arkansas_20210306,2021-03-06,northwestern-state,Central Arkansas,2021,1,1,0.70196813,1,-156.0,132.0
notre-dame_vs_detroit mercy_20201206,2020-12-06,notre-dame,Detroit Mercy,2021,1,1,0.92109305,1,-1000.0,660.0
notre-dame_vs_ohio state_20201208,2020-12-08,notre-dame,Ohio State,2021,0,0,0.44854861,1,210.0,-250.0
notre-dame_vs_duke_20201216,2020-12-16,notre-dame,Duke,2021,0,1,0.6109858,0,116.0,-136.0
notre-dame_vs_purdue_20201219,2020-12-19,notre-dame,Purdue,2021,0,0,0.46740347,1,170.0,-200.0
notre-dame_vs_bellarmine_20201223,2020-12-23,notre-dame,Bellarmine,2021,1,1,0.9570203,1,-1369.0,839.0
notre-dame_vs_virginia_20201230,2020-12-30,notre-dame,Virginia,2021,0,0,0.3439647,1,245.0,-290.0
notre-dame_vs_boston college_20210116,2021-01-16,notre-dame,Boston College,2021,1,1,0.64102143,1,-205.0,173.0
notre-dame_vs_virginia tech_20210127,2021-01-27,notre-dame,Virginia Tech,2021,0,0,0.49674898,1,-102.0,-118.0
notre-dame_vs_wake forest_20210202,2021-02-02,notre-dame,Wake Forest,2021,1,1,0.6962682,1,-220.0,184.0
notre-dame_vs_miami (fl)_20210214,2021-02-14,notre-dame,Miami (FL),2021,1,1,0.7192708,1,-305.0,255.0
notre-dame_vs_nc state_20210303,2021-03-03,notre-dame,NC State,2021,0,1,0.57573384,0,-155.0,135.0
notre-dame_vs_florida state_20210306,2021-03-06,notre-dame,Florida State,2021,1,0,0.28605062,0,255.0,-310.0
notre-dame_vs_wake forest_20210309,2021-03-09,notre-dame,Wake Forest,2021,1,1,0.7098972,1,-418.0,338.0
oakland_vs_toledo_20201126,2020-11-26,oakland,Toledo,2021,0,0,0.37311128,1,400.0,-505.0
oakland_vs_wright state_20210101,2021-01-01,oakland,Wright State,2021,0,0,0.22469862,1,255.0,-310.0
oakland_vs_wright state_20210102,2021-01-02,oakland,Wright State,2021,1,0,0.16608547,0,475.0,-615.0
oakland_vs_youngstown state_20210115,2021-01-15,oakland,Youngstown State,2021,1,1,0.50570416,1,-147.0,127.0
oakland_vs_youngstown state_20210116,2021-01-16,oakland,Youngstown State,2021,1,1,0.6093902,1,-165.0,139.0
oakland_vs_detroit mercy_20210122,2021-01-22,oakland,Detroit Mercy,2021,1,1,0.5230791,1,-113.0,-103.0
oakland_vs_detroit mercy_20210123,2021-01-23,oakland,Detroit Mercy,2021,0,1,0.5739399,0,104.0,-121.0
oakland_vs_cleveland state_20210205,2021-02-05,oakland,Cleveland State,2021,0,0,0.47793674,1,-125.0,105.0
oakland_vs_cleveland state_20210206,2021-02-06,oakland,Cleveland State,2021,0,0,0.41156656,1,-106.0,
oakland_vs_youngstown state_20210302,2021-03-02,oakland,Youngstown State,2021,1,1,0.6533836,1,-153.0,130.0
ohio_vs_cleveland state_20201206,2020-12-06,ohio,Cleveland State,2021,1,1,0.78898615,1,-619.0,463.0
ohio_vs_bowling green_20201230,2020-12-30,ohio,Bowling Green,2021,0,1,0.80724823,0,-220.0,180.0
ohio_vs_northern illinois_20210105,2021-01-05,ohio,Northern Illinois,2021,1,1,0.9455822,1,-1500.0,890.0
ohio_vs_miami (oh)_20210112,2021-01-12,ohio,Miami (OH),2021,1,1,0.78766733,1,-471.0,368.0
ohio_vs_kent state_20210116,2021-01-16,ohio,Kent State,2021,0,1,0.71053046,0,-160.0,140.0
ohio_vs_ball state_20210123,2021-01-23,ohio,Ball State,2021,1,1,0.75816256,1,-185.0,160.0
ohio_vs_akron_20210223,2021-02-23,ohio,Akron,2021,1,1,0.6866342,1,160.0,-185.0
ohio_vs_eastern michigan_20210225,2021-02-25,ohio,Eastern Michigan,2021,1,1,0.8861654,1,-1000.0,650.0
ohio_vs_buffalo_20210227,2021-02-27,ohio,Buffalo,2021,0,1,0.58732706,0,-140.0,120.0
ohio_vs_toledo_20210312,2021-03-12,ohio,Toledo,2021,1,0,0.3758632,0,130.0,-150.0
ohio_vs_virginia_20210320,2021-03-20,ohio,Virginia,2021,1,0,0.34642088,0,250.0,-300.0
ohio-state_vs_umass lowell_20201129,2020-11-29,ohio-state,UMass Lowell,2021,1,1,0.95755666,1,-17331.0,2163.0
ohio-state_vs_morehead state_20201202,2020-12-02,ohio-state,Morehead State,2021,1,1,0.95067793,1,-6296.0,1749.0
ohio-state_vs_cleveland state_20201213,2020-12-13,ohio-state,Cleveland State,2021,1,1,0.9628721,1,-4200.0,1550.0
ohio-state_vs_ucla_20201219,2020-12-19,ohio-state,UCLA,2021,1,1,0.6329533,1,,-130.0
ohio-state_vs_rutgers_20201223,2020-12-23,ohio-state,Rutgers,2021,1,1,0.70144945,1,-165.0,145.0
ohio-state_vs_nebraska_20201230,2020-12-30,ohio-state,Nebraska,2021,1,1,0.87393343,1,-1150.0,738.0
ohio-state_vs_northwestern_20210113,2021-01-13,ohio-state,Northwestern,2021,1,1,0.8058986,1,-420.0,335.0
ohio-state_vs_purdue_20210119,2021-01-19,ohio-state,Purdue,2021,0,1,0.7814624,0,-240.0,200.0
ohio-state_vs_penn state_20210127,2021-01-27,ohio-state,Penn State,2021,1,1,0.79330885,1,-300.0,250.0
ohio-state_vs_michigan state_20210131,2021-01-31,ohio-state,Michigan State,2021,1,1,0.805101,1,-255.0,215.0
ohio-state_vs_indiana_20210213,2021-02-13,ohio-state,Indiana,2021,1,1,0.77567667,1,-325.0,270.0
ohio-state_vs_michigan_20210221,2021-02-21,ohio-state,Michigan,2021,0,1,0.5658948,0,105.0,-125.0
ohio-state_vs_iowa_20210228,2021-02-28,ohio-state,Iowa,2021,0,1,0.5402379,0,-135.0,115.0
ohio-state_vs_illinois_20210306,2021-03-06,ohio-state,Illinois,2021,0,1,0.5985034,0,-138.0,118.0
ohio-state_vs_purdue_20210312,2021-03-12,ohio-state,Purdue,2021,1,1,0.6370797,1,-118.0,-102.0
ohio-state_vs_oral roberts_20210319,2021-03-19,ohio-state,Oral Roberts,2021,0,1,0.9251911,0,-1763.0,1026.0
oklahoma_vs_florida a&m_20201212,2020-12-12,oklahoma,Florida A&M,2021,1,1,0.9605246,1,-13768.0,2090.0
oklahoma_vs_oral roberts_20201216,2020-12-16,oklahoma,Oral Roberts,2021,1,1,0.952493,1,-1873.0,1022.0
oklahoma_vs_houston baptist_20201219,2020-12-19,oklahoma,Houston Baptist,2021,1,1,0.97584516,1,-100000.0,3000.0
oklahoma_vs_texas tech_20201222,2020-12-22,oklahoma,Texas Tech,2021,0,0,0.48064616,1,130.0,-150.0
oklahoma_vs_west virginia_20210102,2021-01-02,oklahoma,West Virginia,2021,1,1,0.5337088,1,-125.0,105.0
oklahoma_vs_tcu_20210112,2021-01-12,oklahoma,TCU,2021,1,1,0.81026506,1,-280.0,240.0
oklahoma_vs_kansas state_20210119,2021-01-19,oklahoma,Kansas State,2021,1,1,0.9210274,1,-1300.0,797.0
oklahoma_vs_kansas_20210123,2021-01-23,oklahoma,Kansas,2021,1,1,0.7124185,1,-101.0,-119.0
oklahoma_vs_alabama_20210130,2021-01-30,oklahoma,Alabama,2021,1,1,0.63155043,1,155.0,-175.0
oklahoma_vs_iowa state_20210206,2021-02-06,oklahoma,Iowa State,2021,1,1,0.96285903,1,-1250.0,775.0
oklahoma_vs_oklahoma state_20210227,2021-02-27,oklahoma,Oklahoma State,2021,0,1,0.7577633,0,-250.0,210.0
oklahoma_vs_texas_20210304,2021-03-04,oklahoma,Texas,2021,0,1,0.71330893,0,-145.0,125.0
oklahoma-state_vs_texas southern_20201128,2020-11-28,oklahoma-state,Texas Southern,2021,1,1,0.93549126,1,-4013.0,1493.0
oklahoma-state_vs_oakland_20201205,2020-12-05,oklahoma-state,Oakland,2021,1,1,0.9562919,1,-4764.0,1594.0
oklahoma-state_vs_oral roberts_20201208,2020-12-08,oklahoma-state,Oral Roberts,2021,1,1,0.9240047,1,-1718.0,970.0
oklahoma-state_vs_tcu_20201216,2020-12-16,oklahoma-state,TCU,2021,0,1,0.7051455,0,-221.0,186.0
oklahoma-state_vs_west virginia_20210104,2021-01-04,oklahoma-state,West Virginia,2021,0,1,0.5591993,0,,-130.0
oklahoma-state_vs_kansas_20210112,2021-01-12,oklahoma-state,Kansas,2021,1,1,0.54472995,1,150.0,-170.0
oklahoma-state_vs_baylor_20210123,2021-01-23,oklahoma-state,Baylor,2021,0,0,0.29609403,1,475.0,-650.0
oklahoma-state_vs_arkansas_20210130,2021-01-30,oklahoma-state,Arkansas,2021,1,1,0.702185,1,-130.0,
oklahoma-state_vs_texas_20210206,2021-02-06,oklahoma-state,Texas,2021,1,1,0.5516823,1,112.0,-132.0
oklahoma-state_vs_kansas state_20210213,2021-02-13,oklahoma-state,Kansas State,2021,1,1,0.9417237,1,-900.0,600.0
oklahoma-state_vs_iowa state_20210216,2021-02-16,oklahoma-state,Iowa State,2021,1,1,0.9378169,1,-700.0,520.0
oklahoma-state_vs_texas tech_20210222,2021-02-22,oklahoma-state,Texas Tech,2021,1,1,0.6176667,1,160.0,-180.0
oklahoma-state_vs_oklahoma_20210301,2021-03-01,oklahoma-state,Oklahoma,2021,1,1,0.69072497,1,130.0,-153.0
oklahoma-state_vs_west virginia_20210311,2021-03-11,oklahoma-state,West Virginia,2021,1,0,0.44704223,0,140.0,-160.0
oklahoma-state_vs_texas_20210313,2021-03-13,oklahoma-state,Texas,2021,0,1,0.5255645,0,135.0,-155.0
oklahoma-state_vs_oregon state_20210321,2021-03-21,oklahoma-state,Oregon State,2021,0,1,0.6595269,0,-260.0,220.0
old-dominion_vs_william & mary_20201128,2020-11-28,old-dominion,William & Mary,2021,1,1,0.9515526,1,-999.0,673.0
old-dominion_vs_northeastern_20201220,2020-12-20,old-dominion,Northeastern,2021,1,1,0.8617088,1,-253.0,211.0
old-dominion_vs_florida atlantic_20210108,2021-01-08,old-dominion,Florida Atlantic,2021,1,1,0.7840807,1,-350.0,290.0
old-dominion_vs_florida atlantic_20210109,2021-01-09,old-dominion,Florida Atlantic,2021,1,1,0.761853,1,-280.0,240.0
old-dominion_vs_marshall_20210205,2021-02-05,old-dominion,Marshall,2021,1,0,0.42391792,0,199.0,-240.0
old-dominion_vs_marshall_20210206,2021-02-06,old-dominion,Marshall,2021,0,0,0.43742228,1,250.0,-300.0
old-dominion_vs_charlotte_20210213,2021-02-13,old-dominion,Charlotte,2021,1,1,0.7187353,1,-185.0,160.0
old-dominion_vs_middle tennessee_20210226,2021-02-26,old-dominion,Middle Tennessee,2021,1,1,0.78738177,1,-550.0,425.0
old-dominion_vs_middle tennessee_20210227,2021-02-27,old-dominion,Middle Tennessee,2021,1,1,0.79122674,1,-525.0,420.0
oral-roberts_vs_wichita state_20201202,2020-12-02,oral-roberts,Wichita State,2021,0,0,0.2227959,1,440.0,-575.0
oral-roberts_vs_north dakota_20210108,2021-01-08,oral-roberts,North Dakota,2021,0,1,0.8002682,0,-525.0,420.0
oral-roberts_vs_north dakota_20210109,2021-01-09,oral-roberts,North Dakota,2021,1,1,0.78134316,1,-415.0,335.0
oral-roberts_vs_kansas city_20210123,2021-01-23,oral-roberts,Kansas City,2021,1,1,0.7244862,1,-300.0,250.0
oral-roberts_vs_kansas city_20210124,2021-01-24,oral-roberts,Kansas City,2021,0,1,0.7351068,0,-260.0,220.0
oral-roberts_vs_south dakota state_20210213,2021-02-13,oral-roberts,South Dakota State,2021,1,1,0.5360534,1,155.0,-175.0
oral-roberts_vs_south dakota state_20210214,2021-02-14,oral-roberts,South Dakota State,2021,0,1,0.55153024,0,145.0,-165.0
oral-roberts_vs_western illinois_20210227,2021-02-27,oral-roberts,Western Illinois,2021,1,1,0.7744241,1,-500.0,384.0
oral-roberts_vs_western illinois_20210228,2021-02-28,oral-roberts,Western Illinois,2021,1,1,0.78014326,1,-400.0,325.0
oral-roberts_vs_south dakota state_20210308,2021-03-08,oral-roberts,South Dakota State,2021,1,0,0.40327993,0,165.0,-190.0
oregon_vs_seton hall_20201204,2020-12-04,oregon,Seton Hall,2021,1,1,0.8166963,1,-184.0,164.0
oregon_vs_eastern washington_20201207,2020-12-07,oregon,Eastern Washington,2021,1,1,0.9580886,1,-1195.0,764.0
oregon_vs_florida a&m_20201209,2020-12-09,oregon,Florida A&M,2021,1,1,0.96442485,1,-14473.0,2106.0
oregon_vs_san francisco_20201217,2020-12-17,oregon,San Francisco,2021,1,1,0.8880677,1,-350.0,290.0
oregon_vs_portland_20201219,2020-12-19,oregon,Portland,2021,1,1,0.9649832,1,-10835.0,2001.0
oregon_vs_california_20201231,2020-12-31,oregon,California,2021,1,1,0.95847034,1,-1250.0,800.0
oregon_vs_stanford_20210102,2021-01-02,oregon,Stanford,2021,1,1,0.7791207,1,-260.0,220.0
oregon_vs_oregon state_20210123,2021-01-23,oregon,Oregon State,2021,0,1,0.9527355,0,-505.0,400.0
oregon_vs_washington state_20210204,2021-02-04,oregon,Washington State,2021,0,1,0.85430264,0,-650.0,500.0
oregon_vs_washington_20210206,2021-02-06,oregon,Washington,2021,1,1,0.9398412,1,-850.0,575.0
oregon_vs_colorado_20210218,2021-02-18,oregon,Colorado,2021,1,0,0.48008084,0,-150.0,130.0
oregon_vs_utah_20210220,2021-02-20,oregon,Utah,2021,1,1,0.7494612,1,-425.0,340.0
oregon_vs_arizona_20210301,2021-03-01,oregon,Arizona,2021,1,1,0.50651366,1,-185.0,160.0
oregon_vs_ucla_20210303,2021-03-03,oregon,UCLA,2021,1,1,0.66853225,1,-245.0,205.0
oregon_vs_oregon state_20210312,2021-03-12,oregon,Oregon State,2021,0,1,0.7234138,0,-370.0,310.0
oregon_vs_southern california_20210328,2021-03-28,oregon,Southern California,2021,0,0,0.3448223,1,120.0,-140.0
oregon-state_vs_wyoming_20201206,2020-12-06,oregon-state,Wyoming,2021,0,1,0.6892211,0,-450.0,360.0
oregon-state_vs_portland_20201210,2020-12-10,oregon-state,Portland,2021,0,1,0.9369865,0,-1600.0,1050.0
oregon-state_vs_utsa_20201216,2020-12-16,oregon-state,UTSA,2021,1,1,0.7294132,1,-375.0,315.0
oregon-state_vs_portland state_20201222,2020-12-22,oregon-state,Portland State,2021,1,1,0.93883187,1,-1100.0,700.0
oregon-state_vs_california_20210102,2021-01-02,oregon-state,California,2021,1,1,0.71467483,1,-135.0,115.0
oregon-state_vs_stanford_20210104,2021-01-04,oregon-state,Stanford,2021,0,0,0.42407367,1,210.0,-250.0
oregon-state_vs_arizona_20210114,2021-01-14,oregon-state,Arizona,2021,0,0,0.36119688,1,290.0,-350.0
oregon-state_vs_arizona state_20210116,2021-01-16,oregon-state,Arizona State,2021,1,0,0.47801802,0,210.0,-250.0
oregon-state_vs_southern california_20210119,2021-01-19,oregon-state,Southern California,2021,1,0,0.2051138,0,400.0,-500.0
oregon-state_vs_washington_20210204,2021-02-04,oregon-state,Washington,2021,1,1,0.7752775,1,-216.0,180.0
oregon-state_vs_washington state_20210206,2021-02-06,oregon-state,Washington State,2021,1,1,0.6791925,1,-135.0,112.0
oregon-state_vs_utah_20210218,2021-02-18,oregon-state,Utah,2021,1,1,0.5559121,1,115.0,-135.0
oregon-state_vs_colorado_20210220,2021-02-20,oregon-state,Colorado,2021,0,0,0.34753034,1,230.0,-270.0
oregon-state_vs_oregon_20210307,2021-03-07,oregon-state,Oregon,2021,0,0,0.44673255,1,199.0,-240.0
oregon-state_vs_ucla_20210311,2021-03-11,oregon-state,UCLA,2021,1,0,0.3810487,0,190.0,-230.0
oregon-state_vs_tennessee_20210319,2021-03-19,oregon-state,Tennessee,2021,1,0,0.3190055,0,350.0,-440.0
pacific_vs_montana state_20201202,2020-12-02,pacific,Montana State,2021,1,1,0.8454886,1,-211.0,177.0
pacific_vs_santa clara_20210114,2021-01-14,pacific,Santa Clara,2021,1,1,0.7210175,1,137.0,-157.0
pacific_vs_loyola marymount_20210116,2021-01-16,pacific,Loyola Marymount,2021,1,1,0.77368486,1,-130.0,
pacific_vs_gonzaga_20210204,2021-02-04,pacific,Gonzaga,2021,0,0,0.16793928,1,1226.0,-1851.0
pacific_vs_portland_20210211,2021-02-11,pacific,Portland,2021,1,1,0.9087661,1,-1250.0,800.0
pacific_vs_brigham young_20210218,2021-02-18,pacific,Brigham Young,2021,0,0,0.4339334,1,195.0,-225.0
pacific_vs_san francisco_20210227,2021-02-27,pacific,San Francisco,2021,1,1,0.65878445,1,102.0,-122.0
pacific_vs_santa clara_20210305,2021-03-05,pacific,Santa Clara,2021,0,1,0.7064338,0,-165.0,145.0
penn-state_vs_vcu_20201202,2020-12-02,penn-state,VCU,2021,1,1,0.7305153,1,-181.0,156.0
penn-state_vs_seton hall_20201206,2020-12-06,penn-state,Seton Hall,2021,0,1,0.70900816,0,-140.0,120.0
penn-state_vs_illinois_20201223,2020-12-23,penn-state,Illinois,2021,0,1,0.58507776,0,170.0,-195.0
penn-state_vs_rutgers_20210121,2021-01-21,penn-state,Rutgers,2021,1,1,0.72926635,1,138.0,-158.0
penn-state_vs_northwestern_20210123,2021-01-23,penn-state,Northwestern,2021,1,1,0.8428966,1,-220.0,190.0
penn-state_vs_wisconsin_20210130,2021-01-30,penn-state,Wisconsin,2021,1,1,0.557195,1,155.0,-185.0
penn-state_vs_maryland_20210205,2021-02-05,penn-state,Maryland,2021,1,1,0.8035592,1,-155.0,135.0
penn-state_vs_nebraska_20210214,2021-02-14,penn-state,Nebraska,2021,0,1,0.84366643,0,-630.0,465.0
penn-state_vs_ohio state_20210218,2021-02-18,penn-state,Ohio State,2021,0,0,0.4574347,1,185.0,-225.0
penn-state_vs_purdue_20210226,2021-02-26,penn-state,Purdue,2021,0,1,0.6280344,0,-123.0,106.0
penn-state_vs_minnesota_20210303,2021-03-03,penn-state,Minnesota,2021,1,1,0.6607599,1,-219.0,182.0
penn-state_vs_wisconsin_20210311,2021-03-11,penn-state,Wisconsin,2021,0,0,0.45194894,1,197.0,-227.0
pepperdine_vs_ucla_20201127,2020-11-27,pepperdine,UCLA,2021,0,0,0.47420347,1,245.0,-290.0
pepperdine_vs_california_20201209,2020-12-09,pepperdine,California,2021,1,1,0.7211102,1,-190.0,165.0
pepperdine_vs_cal state northridge_20201212,2020-12-12,pepperdine,Cal State Northridge,2021,0,1,0.9611719,0,-1640.0,943.0
pepperdine_vs_uc santa barbara_20201219,2020-12-19,pepperdine,UC Santa Barbara,2021,0,1,0.70062304,0,-165.0,144.0
pepperdine_vs_cal state bakersfield_20201223,2020-12-23,pepperdine,Cal State Bakersfield,2021,0,1,0.81944865,0,-290.0,245.0
pepperdine_vs_portland_20210116,2021-01-16,pepperdine,Portland,2021,1,1,0.92255896,1,-900.0,600.0
pepperdine_vs_pacific_20210121,2021-01-21,pepperdine,Pacific,2021,1,0,0.47655642,0,-160.0,140.0
pepperdine_vs_brigham young_20210127,2021-01-27,pepperdine,Brigham Young,2021,1,0,0.3731965,0,235.0,-275.0
pepperdine_vs_gonzaga_20210130,2021-01-30,pepperdine,Gonzaga,2021,0,0,0.12960525,1,1150.0,-2400.0
pepperdine_vs_loyola marymount_20210225,2021-02-25,pepperdine,Loyola Marymount,2021,0,1,0.73150307,0,-195.0,170.0
pepperdine_vs_santa clara_20210306,2021-03-06,pepperdine,Santa Clara,2021,1,1,0.6511457,1,-175.0,155.0
pittsburgh_vs_drexel_20201128,2020-11-28,pittsburgh,Drexel,2021,1,1,0.81199,1,-505.0,400.0
pittsburgh_vs_northern illinois_20201205,2020-12-05,pittsburgh,Northern Illinois,2021,1,1,0.9566058,1,-1603.0,929.0
pittsburgh_vs_gardner-webb_20201212,2020-12-12,pittsburgh,Gardner-Webb,2021,1,1,0.95517784,1,-765.0,549.0
pittsburgh_vs_louisville_20201222,2020-12-22,pittsburgh,Louisville,2021,0,0,0.468719,1,230.0,-270.0
pittsburgh_vs_syracuse_20210116,2021-01-16,pittsburgh,Syracuse,2021,1,0,0.42490458,0,145.0,-165.0
pittsburgh_vs_duke_20210119,2021-01-19,pittsburgh,Duke,2021,1,1,0.5000957,1,165.0,-190.0
pittsburgh_vs_north carolina_20210126,2021-01-26,pittsburgh,North Carolina,2021,0,1,0.610981,0,141.0,-167.0
pittsburgh_vs_notre dame_20210130,2021-01-30,pittsburgh,Notre Dame,2021,0,1,0.6632143,0,-171.0,148.0
pittsburgh_vs_virginia tech_20210203,2021-02-03,pittsburgh,Virginia Tech,2021,1,0,0.44909406,0,155.0,-175.0
pittsburgh_vs_nc state_20210217,2021-02-17,pittsburgh,NC State,2021,0,1,0.6817956,0,-195.0,170.0
pittsburgh_vs_florida state_20210220,2021-02-20,pittsburgh,Florida State,2021,0,0,0.30009836,1,250.0,-300.0
pittsburgh_vs_wake forest_20210302,2021-03-02,pittsburgh,Wake Forest,2021,1,1,0.84615415,1,-205.0,175.0
portland_vs_portland state_20201205,2020-12-05,portland,Portland State,2021,1,1,0.71661043,1,135.0,-155.0
portland_vs_montana state_20201222,2020-12-22,portland,Montana State,2021,1,1,0.5148764,1,150.0,-170.0
portland_vs_gonzaga_20210109,2021-01-09,portland,Gonzaga,2021,0,0,0.09237353,1,12000.0,-36000.0
portland_vs_san francisco_20210114,2021-01-14,portland,San Francisco,2021,0,0,0.19843544,1,575.0,-850.0
portland_vs_san diego_20210123,2021-01-23,portland,San Diego,2021,0,0,0.49397346,1,140.0,-160.0
portland_vs_loyola marymount_20210125,2021-01-25,portland,Loyola Marymount,2021,0,0,0.21794146,1,400.0,-505.0
portland_vs_brigham young_20210204,2021-02-04,portland,Brigham Young,2021,0,0,0.09922708,1,1041.0,-2000.0
portland_vs_pepperdine_20210206,2021-02-06,portland,Pepperdine,2021,0,0,0.184471,1,600.0,-900.0
portland_vs_pacific_20210220,2021-02-20,portland,Pacific,2021,0,0,0.18054697,1,562.0,-800.0
portland_vs_santa clara_20210304,2021-03-04,portland,Santa Clara,2021,0,0,0.21470991,1,650.0,-1000.0
portland-state_vs_weber state_20201218,2020-12-18,portland-state,Weber State,2021,0,1,0.70487565,0,-102.0,-114.0
portland-state_vs_weber state_20201220,2020-12-20,portland-state,Weber State,2021,1,1,0.58895415,1,163.0,-190.0
portland-state_vs_idaho state_20210121,2021-01-21,portland-state,Idaho State,2021,0,1,0.58396196,0,-158.0,138.0
portland-state_vs_idaho state_20210123,2021-01-23,portland-state,Idaho State,2021,1,1,0.5465128,1,-140.0,120.0
portland-state_vs_montana_20210204,2021-02-04,portland-state,Montana,2021,0,0,0.4484724,1,109.0,-128.0
portland-state_vs_montana_20210206,2021-02-06,portland-state,Montana,2021,1,1,0.5822751,1,105.0,-125.0
portland-state_vs_idaho_20210218,2021-02-18,portland-state,Idaho,2021,1,1,0.8806774,1,-700.0,500.0
portland-state_vs_southern utah_20210304,2021-03-04,portland-state,Southern Utah,2021,0,1,0.50882167,0,125.0,-145.0
portland-state_vs_southern utah_20210306,2021-03-06,portland-state,Southern Utah,2021,0,0,0.46670437,1,159.0,-184.0
prairie-view_vs_evansville_20201127,2020-11-27,prairie-view,Evansville,2021,1,0,0.48663533,0,-145.0,124.0
prairie-view_vs_louisville_20201129,2020-11-29,prairie-view,Louisville,2021,0,0,0.10606743,1,1831.0,-7401.0
prairie-view_vs_washington state_20201221,2020-12-21,prairie-view,Washington State,2021,0,0,0.35682952,1,592.0,-843.0
prairie-view_vs_tcu_20201230,2020-12-30,prairie-view,TCU,2021,0,0,0.12395969,1,1516.0,-4169.0
prairie-view_vs_texas southern_20210111,2021-01-11,prairie-view,Texas Southern,2021,1,0,0.4582075,0,-139.0,119.0
prairie-view_vs_mississippi valley state_20210123,2021-01-23,prairie-view,Mississippi Valley State,2021,1,1,0.8822145,1,-2202.0,1016.0
prairie-view_vs_arkansasâpine bluff_20210125,2021-01-25,prairie-view,ArkansasâPine Bluff,2021,1,1,0.8068888,1,-459.0,337.0
prairie-view_vs_alabama a&m_20210130,2021-01-30,prairie-view,Alabama A&M,2021,1,1,0.7511218,1,-376.0,287.0
prairie-view_vs_alabama state_20210201,2021-02-01,prairie-view,Alabama State,2021,1,1,0.92100686,1,-1533.0,807.0
prairie-view_vs_texas southern_20210221,2021-02-21,prairie-view,Texas Southern,2021,1,1,0.5942356,1,-120.0,100.0
prairie-view_vs_arkansasâpine bluff_20210223,2021-02-23,prairie-view,ArkansasâPine Bluff,2021,1,1,0.94468284,1,-1354.0,743.0
prairie-view_vs_mississippi valley state_20210225,2021-02-25,prairie-view,Mississippi Valley State,2021,1,1,0.9555868,1,-3885.0,1420.0
prairie-view_vs_alabama a&m_20210227,2021-02-27,prairie-view,Alabama A&M,2021,1,1,0.8991382,1,-456.0,335.0
prairie-view_vs_alabama state_20210301,2021-03-01,prairie-view,Alabama State,2021,1,1,0.9289,1,-781.0,506.0
prairie-view_vs_southern_20210304,2021-03-04,prairie-view,Southern,2021,1,1,0.8064065,1,-254.0,206.0
prairie-view_vs_alcorn state_20210306,2021-03-06,prairie-view,Alcorn State,2021,1,1,0.86196834,1,-725.0,478.0
prairie-view_vs_mississippi valley state_20210310,2021-03-10,prairie-view,Mississippi Valley State,2021,1,1,0.9242261,1,-3400.0,1317.0
prairie-view_vs_texas southern_20210313,2021-03-13,prairie-view,Texas Southern,2021,0,1,0.5585422,0,-148.0,126.0
presbyterian_vs_south carolina state_20201218,2020-12-18,presbyterian,South Carolina State,2021,1,1,0.7491225,1,-500.0,387.0
presbyterian_vs_radford_20201230,2020-12-30,presbyterian,Radford,2021,0,0,0.4501975,1,179.0,-213.0
presbyterian_vs_radford_20201231,2020-12-31,presbyterian,Radford,2021,1,0,0.43424672,0,195.0,-225.0
presbyterian_vs_winthrop_20210119,2021-01-19,presbyterian,Winthrop,2021,0,0,0.11426658,1,837.0,-1621.0
presbyterian_vs_winthrop_20210120,2021-01-20,presbyterian,Winthrop,2021,0,0,0.12556283,1,821.0,-1575.0
presbyterian_vs_longwood_20210129,2021-01-29,presbyterian,Longwood,2021,0,0,0.33016533,1,103.0,-120.0
presbyterian_vs_longwood_20210130,2021-01-30,presbyterian,Longwood,2021,1,0,0.3105067,0,131.0,-154.0
presbyterian_vs_usc upstate_20210215,2021-02-15,presbyterian,USC Upstate,2021,1,1,0.62644255,1,-130.0,111.0
presbyterian_vs_usc upstate_20210218,2021-02-18,presbyterian,USC Upstate,2021,0,1,0.66421217,0,-137.0,117.0
presbyterian_vs_charleston southern_20210222,2021-02-22,presbyterian,Charleston Southern,2021,0,1,0.6152203,0,-157.0,133.0
providence_vs_fairleigh dickinson_20201205,2020-12-05,providence,Fairleigh Dickinson,2021,1,1,0.94957435,1,-3709.0,1445.0
providence_vs_depaul_20201227,2020-12-27,providence,DePaul,2021,1,1,0.65197635,1,-266.0,220.0
providence_vs_butler_20201230,2020-12-30,providence,Butler,2021,1,1,0.803466,1,-260.0,220.0
providence_vs_creighton_20210102,2021-01-02,providence,Creighton,2021,0,1,0.5237394,0,160.0,-185.0
providence_vs_marquette_20210127,2021-01-27,providence,Marquette,2021,1,1,0.6817941,1,-139.0,119.0
providence_vs_seton hall_20210203,2021-02-03,providence,Seton Hall,2021,0,1,0.64436847,0,125.0,-145.0
providence_vs_st. john's (ny)_20210206,2021-02-06,providence,St. John's (NY),2021,0,1,0.6645603,0,-135.0,115.0
providence_vs_connecticut_20210210,2021-02-10,providence,Connecticut,2021,1,0,0.43621355,0,120.0,-140.0
providence_vs_xavier_20210224,2021-02-24,providence,Xavier,2021,1,1,0.51193786,1,103.0,-120.0
providence_vs_villanova_20210306,2021-03-06,providence,Villanova,2021,1,0,0.4236275,0,170.0,-200.0
purdue_vs_oakland_20201201,2020-12-01,purdue,Oakland,2021,1,1,0.9465498,1,-4663.0,1582.0
purdue_vs_valparaiso_20201204,2020-12-04,purdue,Valparaiso,2021,1,1,0.95147026,1,-1500.0,1000.0
purdue_vs_ohio state_20201216,2020-12-16,purdue,Ohio State,2021,1,0,0.46161693,0,-285.0,245.0
purdue_vs_maryland_20201225,2020-12-25,purdue,Maryland,2021,1,1,0.7167083,1,-240.0,200.0
purdue_vs_penn state_20210117,2021-01-17,purdue,Penn State,2021,1,1,0.67853236,1,-183.0,163.0
purdue_vs_michigan_20210122,2021-01-22,purdue,Michigan,2021,0,0,0.39828005,1,175.0,-210.0
purdue_vs_minnesota_20210130,2021-01-30,purdue,Minnesota,2021,1,1,0.65335685,1,-145.0,125.0
purdue_vs_northwestern_20210206,2021-02-06,purdue,Northwestern,2021,1,1,0.85626054,1,-340.0,280.0
purdue_vs_michigan state_20210216,2021-02-16,purdue,Michigan State,2021,1,1,0.81646514,1,-223.0,193.0
purdue_vs_wisconsin_20210302,2021-03-02,purdue,Wisconsin,2021,1,1,0.7354263,1,-135.0,115.0
purdue_vs_indiana_20210306,2021-03-06,purdue,Indiana,2021,1,1,0.7966281,1,-300.0,250.0
quinnipiac_vs_new hampshire_20201206,2020-12-06,quinnipiac,New Hampshire,2021,1,0,0.35847166,0,105.0,-123.0
quinnipiac_vs_manhattan_20210108,2021-01-08,quinnipiac,Manhattan,2021,1,1,0.583392,1,-145.0,125.0
quinnipiac_vs_manhattan_20210109,2021-01-09,quinnipiac,Manhattan,2021,0,1,0.60507077,0,-132.0,113.0
quinnipiac_vs_niagara_20210122,2021-01-22,quinnipiac,Niagara,2021,0,1,0.5078242,0,-114.0,-102.0
quinnipiac_vs_niagara_20210123,2021-01-23,quinnipiac,Niagara,2021,1,0,0.49905646,0,-122.0,102.0
quinnipiac_vs_canisius_20210212,2021-02-12,quinnipiac,Canisius,2021,0,1,0.6157987,0,-212.0,178.0
quinnipiac_vs_canisius_20210213,2021-02-13,quinnipiac,Canisius,2021,0,1,0.5839889,0,104.0,-124.0
quinnipiac_vs_iona_20210217,2021-02-17,quinnipiac,Iona,2021,1,0,0.38632262,0,240.0,-280.0
quinnipiac_vs_rider_20210220,2021-02-20,quinnipiac,Rider,2021,1,1,0.67975235,1,-165.0,144.0
quinnipiac_vs_rider_20210221,2021-02-21,quinnipiac,Rider,2021,1,1,0.69522256,1,-151.0,128.0
quinnipiac_vs_saint peter's_20210304,2021-03-04,quinnipiac,Saint Peter's,2021,1,0,0.48708007,0,170.0,-195.0
quinnipiac_vs_saint peter's_20210305,2021-03-05,quinnipiac,Saint Peter's,2021,0,0,0.4988788,1,145.0,-165.0
radford_vs_longwood_20201214,2020-12-14,radford,Longwood,2021,1,1,0.62610966,1,-198.0,167.0
radford_vs_longwood_20201215,2020-12-15,radford,Longwood,2021,1,1,0.65484357,1,-195.0,165.0
radford_vs_hampton_20210104,2021-01-04,radford,Hampton,2021,1,1,0.61805654,1,-184.0,156.0
radford_vs_hampton_20210105,2021-01-05,radford,Hampton,2021,1,1,0.66810006,1,-216.0,182.0
radford_vs_usc upstate_20210204,2021-02-04,radford,USC Upstate,2021,1,1,0.76345307,1,-510.0,405.0
radford_vs_usc upstate_20210205,2021-02-05,radford,USC Upstate,2021,1,1,0.7673791,1,-419.0,313.0
radford_vs_winthrop_20210211,2021-02-11,radford,Winthrop,2021,0,0,0.40199974,1,175.0,-205.0
radford_vs_winthrop_20210212,2021-02-12,radford,Winthrop,2021,0,0,0.32494137,1,185.0,-226.0
radford_vs_gardner-webb_20210217,2021-02-17,radford,Gardner-Webb,2021,0,1,0.592182,0,-214.0,177.0
radford_vs_gardner-webb_20210218,2021-02-18,radford,Gardner-Webb,2021,0,1,0.5002208,0,-180.0,160.0
radford_vs_hampton_20210301,2021-03-01,radford,Hampton,2021,1,1,0.72085243,1,-298.0,246.0
radford_vs_campbell_20210304,2021-03-04,radford,Campbell,2021,0,1,0.64592737,0,-150.0,130.0
rhode-island_vs_san francisco_20201129,2020-11-29,rhode-island,San Francisco,2021,1,1,0.58425754,1,-130.0,
rhode-island_vs_seton hall_20201202,2020-12-02,rhode-island,Seton Hall,2021,1,1,0.5558929,1,,-130.0
rhode-island_vs_davidson_20201218,2020-12-18,rhode-island,Davidson,2021,0,1,0.6257105,0,-148.0,128.0
rhode-island_vs_st. bonaventure_20201230,2020-12-30,rhode-island,St. Bonaventure,2021,1,1,0.5926244,1,-115.0,-105.0
rhode-island_vs_saint joseph's_20210103,2021-01-03,rhode-island,Saint Joseph's,2021,1,1,0.8332418,1,-800.0,550.0
rhode-island_vs_george mason_20210116,2021-01-16,rhode-island,George Mason,2021,1,1,0.7651632,1,-260.0,220.0
rhode-island_vs_fordham_20210124,2021-01-24,rhode-island,Fordham,2021,1,1,0.93804973,1,-1400.0,837.0
rhode-island_vs_vcu_20210203,2021-02-03,rhode-island,VCU,2021,0,0,0.4367304,1,160.0,-185.0
rhode-island_vs_massachusetts_20210206,2021-02-06,rhode-island,Massachusetts,2021,0,1,0.6457486,0,-475.0,380.0
rhode-island_vs_dayton_20210216,2021-02-16,rhode-island,Dayton,2021,1,1,0.6074982,1,-155.0,135.0
rice_vs_new mexico_20201213,2020-12-13,rice,New Mexico,2021,0,1,0.6365345,0,-155.0,135.0
rice_vs_houston baptist_20201215,2020-12-15,rice,Houston Baptist,2021,1,1,0.8560487,1,-1168.0,752.0
rice_vs_new orleans_20201221,2020-12-21,rice,New Orleans,2021,1,1,0.7808212,1,-354.0,286.0
rice_vs_utsa_20210101,2021-01-01,rice,UTSA,2021,1,0,0.3882399,0,119.0,-139.0
rice_vs_utsa_20210102,2021-01-02,rice,UTSA,2021,1,0,0.4591146,0,115.0,-135.0
rice_vs_old dominion_20210115,2021-01-15,rice,Old Dominion,2021,1,0,0.46606827,0,140.0,-160.0
rice_vs_old dominion_20210116,2021-01-16,rice,Old Dominion,2021,0,1,0.61300784,0,140.0,-160.0
rice_vs_north texas_20210129,2021-01-29,rice,North Texas,2021,0,0,0.3342011,1,250.0,-300.0
rice_vs_southern mississippi_20210205,2021-02-05,rice,Southern Mississippi,2021,1,1,0.77876896,1,-173.0,153.0
rice_vs_southern mississippi_20210206,2021-02-06,rice,Southern Mississippi,2021,1,1,0.7855976,1,-210.0,175.0
rice_vs_southern mississippi_20210309,2021-03-09,rice,Southern Mississippi,2021,1,1,0.6686998,1,-178.0,158.0
richmond_vs_northern iowa_20201209,2020-12-09,richmond,Northern Iowa,2021,1,1,0.73270893,1,-580.0,440.0
richmond_vs_hofstra_20201222,2020-12-22,richmond,Hofstra,2021,0,1,0.95526284,0,-889.0,616.0
richmond_vs_st. bonaventure_20210102,2021-01-02,richmond,St. Bonaventure,2021,0,1,0.71900994,0,-185.0,160.0
richmond_vs_rhode island_20210106,2021-01-06,richmond,Rhode Island,2021,1,1,0.70595866,1,-200.0,170.0
richmond_vs_la salle_20210123,2021-01-23,richmond,La Salle,2021,0,1,0.9440132,0,-1500.0,870.0
richmond_vs_duquesne_20210220,2021-02-20,richmond,Duquesne,2021,1,1,0.71012807,1,-399.0,325.0
richmond_vs_massachusetts_20210223,2021-02-23,richmond,Massachusetts,2021,1,1,0.7146773,1,-415.0,335.0
richmond_vs_saint joseph's_20210301,2021-03-01,richmond,Saint Joseph's,2021,0,1,0.934708,0,-1300.0,797.0
richmond_vs_toledo_20210317,2021-03-17,richmond,Toledo,2021,1,1,0.50780565,1,210.0,-250.0
rider_vs_manhattan_20201211,2020-12-11,rider,Manhattan,2021,1,0,0.3207175,0,-121.0,104.0
rider_vs_iona_20201218,2020-12-18,rider,Iona,2021,0,1,0.5688245,0,105.0,-125.0
rider_vs_iona_20201219,2020-12-19,rider,Iona,2021,0,0,0.47998095,1,155.0,-175.0
rider_vs_njit_20201223,2020-12-23,rider,NJIT,2021,0,0,0.44288412,1,-104.0,-112.0
rider_vs_siena_20210115,2021-01-15,rider,Siena,2021,0,0,0.29150555,1,195.0,-225.0
rider_vs_siena_20210116,2021-01-16,rider,Siena,2021,0,0,0.32112497,1,195.0,-235.0
rider_vs_marist_20210122,2021-01-22,rider,Marist,2021,1,1,0.5555002,1,-117.0,-103.0
rider_vs_marist_20210123,2021-01-23,rider,Marist,2021,0,1,0.6479039,0,-125.0,105.0
rider_vs_monmouth_20210304,2021-03-04,rider,Monmouth,2021,0,0,0.3502734,1,190.0,-230.0
rider_vs_monmouth_20210305,2021-03-05,rider,Monmouth,2021,0,0,0.3523361,1,195.0,-235.0
rider_vs_saint peter's_20210311,2021-03-11,rider,Saint Peter's,2021,0,0,0.32005993,1,218.0,-272.0
robert-morris_vs_milwaukee_20210101,2021-01-01,robert-morris,Milwaukee,2021,1,1,0.5484763,1,-135.0,115.0
robert-morris_vs_northern kentucky_20210122,2021-01-22,robert-morris,Northern Kentucky,2021,0,1,0.66375804,0,-135.0,115.0
robert-morris_vs_northern kentucky_20210123,2021-01-23,robert-morris,Northern Kentucky,2021,0,1,0.6152246,0,-127.0,109.0
robert-morris_vs_youngstown state_20210205,2021-02-05,robert-morris,Youngstown State,2021,0,1,0.51002246,0,-117.0,-103.0
robert-morris_vs_youngstown state_20210206,2021-02-06,robert-morris,Youngstown State,2021,0,1,0.51551324,0,-125.0,105.0
robert-morris_vs_oakland_20210212,2021-02-12,robert-morris,Oakland,2021,1,0,0.46290046,0,123.0,-145.0
robert-morris_vs_oakland_20210213,2021-02-13,robert-morris,Oakland,2021,0,0,0.4651893,1,125.0,-145.0
rutgers_vs_fairleigh dickinson_20201127,2020-11-27,rutgers,Fairleigh Dickinson,2021,1,1,0.94984734,1,-18744.0,2185.0
rutgers_vs_hofstra_20201129,2020-11-29,rutgers,Hofstra,2021,1,1,0.9438272,1,-1200.0,755.0
rutgers_vs_syracuse_20201208,2020-12-08,rutgers,Syracuse,2021,1,1,0.6958786,1,-200.0,170.0
rutgers_vs_illinois_20201220,2020-12-20,rutgers,Illinois,2021,1,1,0.6389866,1,107.0,-127.0
rutgers_vs_purdue_20201229,2020-12-29,rutgers,Purdue,2021,1,1,0.78165567,1,-125.0,105.0
rutgers_vs_iowa_20210102,2021-01-02,rutgers,Iowa,2021,0,1,0.57087654,0,140.0,-160.0
rutgers_vs_ohio state_20210109,2021-01-09,rutgers,Ohio State,2021,0,1,0.6803309,0,-175.0,155.0
rutgers_vs_wisconsin_20210115,2021-01-15,rutgers,Wisconsin,2021,0,1,0.53015774,0,120.0,-140.0
rutgers_vs_michigan state_20210128,2021-01-28,rutgers,Michigan State,2021,1,1,0.7110503,1,-155.0,135.0
rutgers_vs_minnesota_20210204,2021-02-04,rutgers,Minnesota,2021,1,1,0.6976931,1,-238.0,198.0
rutgers_vs_northwestern_20210213,2021-02-13,rutgers,Northwestern,2021,1,1,0.84121233,1,-365.0,305.0
rutgers_vs_maryland_20210221,2021-02-21,rutgers,Maryland,2021,0,1,0.7725857,0,-200.0,170.0
rutgers_vs_indiana_20210224,2021-02-24,rutgers,Indiana,2021,1,1,0.7115685,1,-165.0,144.0
sacramento-state_vs_idaho_20201205,2020-12-05,sacramento-state,Idaho,2021,1,1,0.8355236,1,-950.0,625.0
sacramento-state_vs_montana_20210121,2021-01-21,sacramento-state,Montana,2021,0,1,0.58006155,0,135.0,-155.0
sacramento-state_vs_montana_20210123,2021-01-23,sacramento-state,Montana,2021,1,1,0.52999413,1,127.0,-147.0
sacramento-state_vs_weber state_20210225,2021-02-25,sacramento-state,Weber State,2021,0,0,0.27987757,1,245.0,-290.0
sacramento-state_vs_weber state_20210227,2021-02-27,sacramento-state,Weber State,2021,0,0,0.27898943,1,226.0,-275.0
sacred-heart_vs_liu_20201216,2020-12-16,sacred-heart,LIU,2021,0,0,0.42042935,1,145.0,-165.0
sacred-heart_vs_liu_20201217,2020-12-17,sacred-heart,LIU,2021,1,0,0.43703896,0,248.0,-302.0
sacred-heart_vs_merrimack_20210107,2021-01-07,sacred-heart,Merrimack,2021,0,0,0.23098011,1,144.0,-169.0
sacred-heart_vs_central connecticut state_20210114,2021-01-14,sacred-heart,Central Connecticut State,2021,1,1,0.6431565,1,-147.0,125.0
sacred-heart_vs_saint francis (pa)_20210121,2021-01-21,sacred-heart,Saint Francis (PA),2021,0,1,0.5379762,0,118.0,-139.0
sacred-heart_vs_saint francis (pa)_20210122,2021-01-22,sacred-heart,Saint Francis (PA),2021,1,1,0.5137868,1,-120.0,102.0
sacred-heart_vs_fairleigh dickinson_20210225,2021-02-25,sacred-heart,Fairleigh Dickinson,2021,0,1,0.60903466,0,104.0,-122.0
sacred-heart_vs_fairleigh dickinson_20210226,2021-02-26,sacred-heart,Fairleigh Dickinson,2021,1,1,0.5419608,1,102.0,-119.0
saint-francis-pa_vs_umbc_20201128,2020-11-28,saint-francis-pa,UMBC,2021,0,1,0.56453216,0,-132.0,113.0
saint-francis-pa_vs_bryant_20210114,2021-01-14,saint-francis-pa,Bryant,2021,1,0,0.22494859,0,273.0,-355.0
saint-francis-pa_vs_bryant_20210115,2021-01-15,saint-francis-pa,Bryant,2021,0,0,0.25288558,1,214.0,-266.0
saint-francis-pa_vs_fairleigh dickinson_20210126,2021-01-26,saint-francis-pa,Fairleigh Dickinson,2021,0,1,0.6054171,0,-191.0,159.0
saint-francis-pa_vs_fairleigh dickinson_20210127,2021-01-27,saint-francis-pa,Fairleigh Dickinson,2021,1,1,0.60785896,1,-202.0,168.0
saint-francis-pa_vs_central connecticut state_20210130,2021-01-30,saint-francis-pa,Central Connecticut State,2021,1,1,0.68897825,1,-414.0,311.0
saint-francis-pa_vs_central connecticut state_20210131,2021-01-31,saint-francis-pa,Central Connecticut State,2021,0,1,0.7144372,0,-325.0,270.0
saint-francis-pa_vs_mount st. mary's_20210225,2021-02-25,saint-francis-pa,Mount St. Mary's,2021,0,0,0.44153613,1,115.0,-135.0
saint-josephs_vs_vcu_20201230,2020-12-30,saint-josephs,VCU,2021,0,0,0.33058393,1,422.0,-560.0
saint-josephs_vs_albany (ny)_20210109,2021-01-09,saint-josephs,Albany (NY),2021,1,1,0.80306315,1,-365.0,295.0
saint-josephs_vs_george mason_20210123,2021-01-23,saint-josephs,George Mason,2021,0,1,0.5101275,0,170.0,-200.0
saint-josephs_vs_richmond_20210126,2021-01-26,saint-josephs,Richmond,2021,0,0,0.2989074,1,600.0,-900.0
saint-josephs_vs_la salle_20210220,2021-02-20,saint-josephs,La Salle,2021,1,1,0.5023682,1,112.0,-132.0
saint-josephs_vs_dayton_20210224,2021-02-24,saint-josephs,Dayton,2021,1,0,0.24647923,0,290.0,-350.0
saint-louis_vs_louisiana state_20201128,2020-11-28,saint-louis,Louisiana State,2021,1,1,0.7312754,1,-145.0,125.0
saint-louis_vs_arkansasâpine bluff_20201205,2020-12-05,saint-louis,ArkansasâPine Bluff,2021,1,1,0.97311324,1,-100000.0,3000.0
saint-louis_vs_central arkansas_20201208,2020-12-08,saint-louis,Central Arkansas,2021,1,1,0.969799,1,-5644.0,1690.0
saint-louis_vs_indiana state_20201215,2020-12-15,saint-louis,Indiana State,2021,1,1,0.87808365,1,-1350.0,810.0
saint-louis_vs_nc state_20201217,2020-12-17,saint-louis,NC State,2021,1,1,0.73566324,1,-205.0,175.0
saint-louis_vs_kansas city_20201223,2020-12-23,saint-louis,Kansas City,2021,1,1,0.9742357,1,-5324.0,1658.0
saint-louis_vs_dayton_20210126,2021-01-26,saint-louis,Dayton,2021,0,1,0.91733634,0,-430.0,350.0
saint-louis_vs_st. bonaventure_20210206,2021-02-06,saint-louis,St. Bonaventure,2021,1,1,0.69688624,1,-175.0,155.0
saint-louis_vs_rhode island_20210210,2021-02-10,saint-louis,Rhode Island,2021,1,1,0.79733145,1,-410.0,330.0
saint-louis_vs_la salle_20210216,2021-02-16,saint-louis,La Salle,2021,1,1,0.9595182,1,-1600.0,890.0
saint-louis_vs_richmond_20210226,2021-02-26,saint-louis,Richmond,2021,1,1,0.70378953,1,-190.0,165.0
saint-louis_vs_massachusetts_20210301,2021-03-01,saint-louis,Massachusetts,2021,1,1,0.8093497,1,-600.0,450.0
saint-louis_vs_st. bonaventure_20210306,2021-03-06,saint-louis,St. Bonaventure,2021,0,1,0.6163046,0,-148.0,128.0
saint-marys-ca_vs_northern iowa_20201126,2020-11-26,saint-marys-ca,Northern Iowa,2021,1,0,0.43100253,0,120.0,-140.0
saint-marys-ca_vs_south dakota state_20201127,2020-11-27,saint-marys-ca,South Dakota State,2021,1,1,0.5025864,1,105.0,-126.0
saint-marys-ca_vs_texas southern_20201203,2020-12-03,saint-marys-ca,Texas Southern,2021,1,1,0.9502814,1,-2253.0,1135.0
saint-marys-ca_vs_eastern washington_20201215,2020-12-15,saint-marys-ca,Eastern Washington,2021,1,1,0.89936477,1,-425.0,345.0
saint-marys-ca_vs_colorado state_20201219,2020-12-19,saint-marys-ca,Colorado State,2021,1,1,0.70111084,1,-265.0,218.0
saint-marys-ca_vs_san diego state_20201222,2020-12-22,saint-marys-ca,San Diego State,2021,0,0,0.46613586,1,135.0,-155.0
saint-marys-ca_vs_sacramento state_20201230,2020-12-30,saint-marys-ca,Sacramento State,2021,1,1,0.94927734,1,-1300.0,850.0
saint-marys-ca_vs_santa clara_20210109,2021-01-09,saint-marys-ca,Santa Clara,2021,0,1,0.81839406,0,-430.0,350.0
saint-marys-ca_vs_brigham young_20210114,2021-01-14,saint-marys-ca,Brigham Young,2021,0,1,0.5663264,0,-128.0,108.0
saint-marys-ca_vs_gonzaga_20210116,2021-01-16,saint-marys-ca,Gonzaga,2021,0,0,0.22201289,1,947.0,-1700.0
saint-marys-ca_vs_loyola marymount_20210121,2021-01-21,saint-marys-ca,Loyola Marymount,2021,1,1,0.6992552,1,-140.0,120.0
saint-marys-ca_vs_san francisco_20210123,2021-01-23,saint-marys-ca,San Francisco,2021,1,1,0.52188545,1,125.0,-144.0
saint-marys-ca_vs_pepperdine_20210213,2021-02-13,saint-marys-ca,Pepperdine,2021,0,1,0.5957147,0,105.0,-125.0
saint-marys-ca_vs_gonzaga_20210218,2021-02-18,saint-marys-ca,Gonzaga,2021,0,0,0.14689475,1,1150.0,-2500.0
saint-marys-ca_vs_pepperdine_20210222,2021-02-22,saint-marys-ca,Pepperdine,2021,1,1,0.67661196,1,-235.0,195.0
saint-marys-ca_vs_pacific_20210225,2021-02-25,saint-marys-ca,Pacific,2021,1,1,0.72704303,1,-240.0,200.0
saint-marys-ca_vs_brigham young_20210227,2021-02-27,saint-marys-ca,Brigham Young,2021,0,0,0.2868316,1,270.0,-325.0
saint-marys-ca_vs_loyola marymount_20210306,2021-03-06,saint-marys-ca,Loyola Marymount,2021,1,1,0.6801509,1,-225.0,185.0
saint-marys-ca_vs_gonzaga_20210308,2021-03-08,saint-marys-ca,Gonzaga,2021,0,0,0.13583599,1,1041.0,-2000.0
saint-marys-ca_vs_western kentucky_20210317,2021-03-17,saint-marys-ca,Western Kentucky,2021,0,1,0.56458277,0,-135.0,115.0
saint-peters_vs_stony brook_20201201,2020-12-01,saint-peters,Stony Brook,2021,1,1,0.83623254,1,-400.0,320.0
saint-peters_vs_niagara_20201211,2020-12-11,saint-peters,Niagara,2021,1,1,0.73315185,1,-425.0,345.0
saint-peters_vs_niagara_20201212,2020-12-12,saint-peters,Niagara,2021,1,1,0.73019415,1,-440.0,347.0
saint-peters_vs_manhattan_20210129,2021-01-29,saint-peters,Manhattan,2021,1,1,0.7172207,1,-400.0,325.0
saint-peters_vs_manhattan_20210130,2021-01-30,saint-peters,Manhattan,2021,1,1,0.7167311,1,-275.0,235.0
saint-peters_vs_fairfield_20210213,2021-02-13,saint-peters,Fairfield,2021,0,1,0.7710636,0,-656.0,444.0
saint-peters_vs_fairfield_20210214,2021-02-14,saint-peters,Fairfield,2021,1,1,0.73081505,1,-550.0,430.0
saint-peters_vs_marist_20210219,2021-02-19,saint-peters,Marist,2021,1,1,0.7401543,1,-375.0,299.0
saint-peters_vs_marist_20210220,2021-02-20,saint-peters,Marist,2021,0,1,0.7431696,0,-315.0,265.0
saint-peters_vs_rider_20210226,2021-02-26,saint-peters,Rider,2021,1,1,0.76870185,1,-500.0,395.0
saint-peters_vs_rider_20210227,2021-02-27,saint-peters,Rider,2021,0,1,0.7824902,0,-490.0,390.0
samford_vs_vmi_20201230,2020-12-30,samford,VMI,2021,1,1,0.6684651,1,-155.0,135.0
samford_vs_unc greensboro_20210114,2021-01-14,samford,UNC Greensboro,2021,0,1,0.53552395,0,210.0,-250.0
samford_vs_unc greensboro_20210116,2021-01-16,samford,UNC Greensboro,2021,0,1,0.5373336,0,258.0,-315.0
samford_vs_western carolina_20210118,2021-01-18,samford,Western Carolina,2021,1,1,0.61661154,1,112.0,-132.0
samford_vs_chattanooga_20210120,2021-01-20,samford,Chattanooga,2021,0,1,0.59763426,0,113.0,-133.0
samford_vs_mercer_20210210,2021-02-10,samford,Mercer,2021,0,1,0.5213412,0,165.0,-190.0
sam-houston-state_vs_rice_20201219,2020-12-19,sam-houston-state,Rice,2021,1,1,0.6372236,1,-131.0,112.0
sam-houston-state_vs_lamar_20210113,2021-01-13,sam-houston-state,Lamar,2021,1,1,0.8387465,1,-316.0,248.0
sam-houston-state_vs_houston baptist_20210116,2021-01-16,sam-houston-state,Houston Baptist,2021,1,1,0.8917346,1,,
sam-houston-state_vs_abilene christian_20210120,2021-01-20,sam-houston-state,Abilene Christian,2021,1,0,0.38845214,0,144.0,-171.0
sam-houston-state_vs_southeastern louisiana_20210210,2021-02-10,sam-houston-state,Southeastern Louisiana,2021,1,1,0.9318941,1,-606.0,419.0
sam-houston-state_vs_central arkansas_20210213,2021-02-13,sam-houston-state,Central Arkansas,2021,1,1,0.85317624,1,-786.0,508.0
sam-houston-state_vs_texas a&mâcorpus christi_20210303,2021-03-03,sam-houston-state,Texas A&MâCorpus Christi,2021,1,1,0.95084924,1,-1400.0,825.0
sam-houston-state_vs_stephen f. austin_20210306,2021-03-06,sam-houston-state,Stephen F. Austin,2021,0,1,0.679977,0,-108.0,-108.0
san-diego-state_vs_uc irvine_20201127,2020-11-27,san-diego-state,UC Irvine,2021,1,1,0.9062598,1,-964.0,655.0
san-diego-state_vs_pepperdine_20201206,2020-12-06,san-diego-state,Pepperdine,2021,1,1,0.644583,1,-410.0,330.0
san-diego-state_vs_brigham young_20201218,2020-12-18,san-diego-state,Brigham Young,2021,0,1,0.74617994,0,-275.0,235.0
san-diego-state_vs_colorado state_20210102,2021-01-02,san-diego-state,Colorado State,2021,0,1,0.86028606,0,-450.0,360.0
san-diego-state_vs_colorado state_20210104,2021-01-04,san-diego-state,Colorado State,2021,1,1,0.8321784,1,-420.0,335.0
san-diego-state_vs_nevada_20210107,2021-01-07,san-diego-state,Nevada,2021,1,1,0.941649,1,-1100.0,700.0
san-diego-state_vs_nevada_20210109,2021-01-09,san-diego-state,Nevada,2021,1,1,0.9274902,1,-650.0,500.0
san-diego-state_vs_wyoming_20210128,2021-01-28,san-diego-state,Wyoming,2021,1,1,0.9532637,1,-1299.0,925.0
san-diego-state_vs_wyoming_20210130,2021-01-30,san-diego-state,Wyoming,2021,1,1,0.9608626,1,-1306.0,932.0
san-diego-state_vs_san jose state_20210208,2021-02-08,san-diego-state,San Jose State,2021,1,1,0.97445655,1,-3484.0,1335.0
san-diego-state_vs_san jose state_20210210,2021-02-10,san-diego-state,San Jose State,2021,1,1,0.97445107,1,-3655.0,1372.0
san-diego-state_vs_boise state_20210225,2021-02-25,san-diego-state,Boise State,2021,1,1,0.80878705,1,-270.0,230.0
san-diego-state_vs_boise state_20210227,2021-02-27,san-diego-state,Boise State,2021,1,1,0.8227137,1,-250.0,210.0
san-diego-state_vs_wyoming_20210311,2021-03-11,san-diego-state,Wyoming,2021,1,1,0.92354286,1,-1250.0,800.0
san-diego-state_vs_utah state_20210313,2021-03-13,san-diego-state,Utah State,2021,1,1,0.5936245,1,-130.0,
san-diego-state_vs_syracuse_20210319,2021-03-19,san-diego-state,Syracuse,2021,0,1,0.6790247,0,-155.0,135.0
san-francisco_vs_towson_20201126,2020-11-26,san-francisco,Towson,2021,1,1,0.73067904,1,-352.0,285.0
san-francisco_vs_virginia_20201127,2020-11-27,san-francisco,Virginia,2021,1,0,0.18022871,0,909.0,-1550.0
san-francisco_vs_long beach state_20201210,2020-12-10,san-francisco,Long Beach State,2021,1,1,0.9091203,1,-1700.0,947.0
san-francisco_vs_san diego_20201231,2020-12-31,san-francisco,San Diego,2021,1,1,0.85139626,1,-1050.0,675.0
san-francisco_vs_portland_20210107,2021-01-07,san-francisco,Portland,2021,1,1,0.9480018,1,-2500.0,1150.0
san-francisco_vs_brigham young_20210116,2021-01-16,san-francisco,Brigham Young,2021,0,0,0.43928242,1,105.0,-125.0
san-francisco_vs_pepperdine_20210210,2021-02-10,san-francisco,Pepperdine,2021,0,1,0.61410177,0,-170.0,150.0
san-francisco_vs_gonzaga_20210213,2021-02-13,san-francisco,Gonzaga,2021,0,0,0.1625498,1,900.0,-1700.0
san-francisco_vs_loyola marymount_20210218,2021-02-18,san-francisco,Loyola Marymount,2021,0,1,0.6412014,0,-245.0,205.0
san-jose-state_vs_boise state_20201231,2020-12-31,san-jose-state,Boise State,2021,0,0,0.11586713,1,1812.0,-7128.0
san-jose-state_vs_boise state_20210102,2021-01-02,san-jose-state,Boise State,2021,0,0,0.10674162,1,1937.0,-9306.0
san-jose-state_vs_colorado state_20210114,2021-01-14,san-jose-state,Colorado State,2021,0,0,0.21173292,1,980.0,-1800.0
san-jose-state_vs_colorado state_20210116,2021-01-16,san-jose-state,Colorado State,2021,0,0,0.17161654,1,946.0,-1331.0
san-jose-state_vs_air force_20210128,2021-01-28,san-jose-state,Air Force,2021,1,1,0.5498399,1,181.0,-219.0
san-jose-state_vs_air force_20210130,2021-01-30,san-jose-state,Air Force,2021,1,1,0.543953,1,155.0,-175.0
san-jose-state_vs_unlv_20210219,2021-02-19,san-jose-state,UNLV,2021,0,0,0.23903543,1,700.0,-1100.0
san-jose-state_vs_unlv_20210221,2021-02-21,san-jose-state,UNLV,2021,0,0,0.25778714,1,650.0,-1000.0
san-jose-state_vs_wyoming_20210310,2021-03-10,san-jose-state,Wyoming,2021,0,0,0.22419403,1,562.0,-800.0
santa-clara_vs_uc davis_20201127,2020-11-27,santa-clara,UC Davis,2021,1,1,0.90450954,1,-320.0,260.0
santa-clara_vs_cal state bakersfield_20201202,2020-12-02,santa-clara,Cal State Bakersfield,2021,1,1,0.8511953,1,,
santa-clara_vs_san francisco_20210121,2021-01-21,santa-clara,San Francisco,2021,0,0,0.42429665,1,160.0,-180.0
santa-clara_vs_loyola marymount_20210216,2021-02-16,santa-clara,Loyola Marymount,2021,0,0,0.41127256,1,106.0,-124.0
santa-clara_vs_san diego_20210218,2021-02-18,santa-clara,San Diego,2021,0,1,0.71945167,0,-275.0,230.0
santa-clara_vs_pepperdine_20210220,2021-02-20,santa-clara,Pepperdine,2021,1,0,0.31935456,0,150.0,-170.0
seattle_vs_portland_20201230,2020-12-30,seattle,Portland,2021,1,1,0.66972667,1,-200.0,170.0
seattle_vs_utah valley_20210115,2021-01-15,seattle,Utah Valley,2021,0,1,0.5873859,0,-130.0,
seattle_vs_new mexico state_20210212,2021-02-12,seattle,New Mexico State,2021,1,0,0.47252342,0,250.0,-300.0
seattle_vs_new mexico state_20210213,2021-02-13,seattle,New Mexico State,2021,0,1,0.64213324,0,220.0,-260.0
seattle_vs_grand canyon_20210226,2021-02-26,seattle,Grand Canyon,2021,1,0,0.33584565,0,175.0,-205.0
seattle_vs_grand canyon_20210227,2021-02-27,seattle,Grand Canyon,2021,0,0,0.43332168,1,170.0,-200.0
seton-hall_vs_iona_20201130,2020-11-30,seton-hall,Iona,2021,1,1,0.9437935,1,-3879.0,1472.0
seton-hall_vs_wagner_20201208,2020-12-08,seton-hall,Wagner,2021,1,1,0.95927197,1,-3305.0,1374.0
seton-hall_vs_st. john's (ny)_20201211,2020-12-11,seton-hall,St. John's (NY),2021,1,1,0.6732326,1,-237.0,197.0
seton-hall_vs_providence_20201220,2020-12-20,seton-hall,Providence,2021,0,1,0.60476124,0,-180.0,150.0
seton-hall_vs_georgetown_20201223,2020-12-23,seton-hall,Georgetown,2021,1,1,0.8122829,1,-500.0,400.0
seton-hall_vs_butler_20210102,2021-01-02,seton-hall,Butler,2021,1,1,0.86414087,1,-440.0,350.0
seton-hall_vs_creighton_20210127,2021-01-27,seton-hall,Creighton,2021,0,1,0.57170016,0,,-130.0
seton-hall_vs_villanova_20210130,2021-01-30,seton-hall,Villanova,2021,0,0,0.49734047,1,180.0,-210.0
seton-hall_vs_marquette_20210214,2021-02-14,seton-hall,Marquette,2021,1,1,0.8014865,1,-310.0,260.0
seton-hall_vs_depaul_20210217,2021-02-17,seton-hall,DePaul,2021,1,1,0.83405566,1,-1200.0,755.0
seton-hall_vs_connecticut_20210303,2021-03-03,seton-hall,Connecticut,2021,0,1,0.5415138,0,103.0,-123.0
seton-hall_vs_st. john's (ny)_20210311,2021-03-11,seton-hall,St. John's (NY),2021,1,0,0.47747546,0,-152.0,132.0
siena_vs_monmouth_20210104,2021-01-04,siena,Monmouth,2021,1,1,0.688568,1,-137.0,117.0
siena_vs_saint peter's_20210122,2021-01-22,siena,Saint Peter's,2021,0,1,0.69655603,0,-200.0,170.0
siena_vs_saint peter's_20210123,2021-01-23,siena,Saint Peter's,2021,1,1,0.6502833,1,-175.0,155.0
siena_vs_manhattan_20210226,2021-02-26,siena,Manhattan,2021,1,1,0.7068037,1,-425.0,345.0
siena_vs_manhattan_20210227,2021-02-27,siena,Manhattan,2021,1,1,0.7133898,1,-350.0,280.0
siena_vs_canisius_20210304,2021-03-04,siena,Canisius,2021,1,1,0.68628484,1,-270.0,222.0
siena_vs_canisius_20210305,2021-03-05,siena,Canisius,2021,0,1,0.6896502,0,-250.0,210.0
south-alabama_vs_jacksonville state_20201129,2020-11-29,south-alabama,Jacksonville State,2021,0,1,0.77905077,0,-170.0,150.0
south-alabama_vs_appalachian state_20210115,2021-01-15,south-alabama,Appalachian State,2021,1,1,0.6132045,1,-145.0,125.0
south-alabama_vs_appalachian state_20210116,2021-01-16,south-alabama,Appalachian State,2021,0,1,0.6161833,0,-130.0,
south-alabama_vs_georgia southern_20210122,2021-01-22,south-alabama,Georgia Southern,2021,0,1,0.6731988,0,-137.0,117.0
south-alabama_vs_georgia southern_20210123,2021-01-23,south-alabama,Georgia Southern,2021,1,1,0.6456203,1,-130.0,
south-alabama_vs_coastal carolina_20210205,2021-02-05,south-alabama,Coastal Carolina,2021,1,0,0.34879598,0,-117.0,-103.0
south-alabama_vs_coastal carolina_20210206,2021-02-06,south-alabama,Coastal Carolina,2021,1,0,0.42030647,0,103.0,-124.0
south-alabama_vs_troy_20210211,2021-02-11,south-alabama,Troy,2021,1,1,0.7600511,1,-240.0,200.0
south-alabama_vs_georgia state_20210226,2021-02-26,south-alabama,Georgia State,2021,0,0,0.38809434,1,125.0,-145.0
south-alabama_vs_georgia state_20210227,2021-02-27,south-alabama,Georgia State,2021,0,0,0.37485874,1,129.0,-149.0
south-carolina_vs_tulsa_20201129,2020-11-29,south-carolina,Tulsa,2021,1,1,0.5466665,1,-142.0,122.0
south-carolina_vs_florida a&m_20210102,2021-01-02,south-carolina,Florida A&M,2021,1,1,0.9396772,1,-1917.0,1259.0
south-carolina_vs_texas a&m_20210106,2021-01-06,south-carolina,Texas A&M,2021,1,1,0.6577945,1,-150.0,130.0
south-carolina_vs_auburn_20210123,2021-01-23,south-carolina,Auburn,2021,0,1,0.6518835,0,-135.0,115.0
south-carolina_vs_georgia_20210127,2021-01-27,south-carolina,Georgia,2021,1,1,0.72688884,1,-230.0,190.0
south-carolina_vs_mississippi state_20210206,2021-02-06,south-carolina,Mississippi State,2021,0,1,0.5687335,0,-150.0,130.0
south-carolina_vs_alabama_20210209,2021-02-09,south-carolina,Alabama,2021,0,0,0.2892422,1,255.0,-310.0
south-carolina_vs_missouri_20210220,2021-02-20,south-carolina,Missouri,2021,0,0,0.49404842,1,155.0,-175.0
south-carolina_vs_arkansas_20210302,2021-03-02,south-carolina,Arkansas,2021,0,0,0.39451408,1,210.0,-250.0
south-carolina-state_vs_jacksonville_20201213,2020-12-13,south-carolina-state,Jacksonville,2021,0,0,0.2486213,1,432.0,-542.0
south-carolina-state_vs_north carolina a&t_20210102,2021-01-02,south-carolina-state,North Carolina A&T,2021,0,0,0.30785504,1,352.0,-435.0
south-carolina-state_vs_north carolina a&t_20210103,2021-01-03,south-carolina-state,North Carolina A&T,2021,0,0,0.29536304,1,517.0,-708.0
south-carolina-state_vs_florida a&m_20210225,2021-02-25,south-carolina-state,Florida A&M,2021,0,0,0.31916177,1,363.0,-504.0
south-carolina-state_vs_florida a&m_20210227,2021-02-27,south-carolina-state,Florida A&M,2021,1,0,0.33823276,0,317.0,-425.0
south-carolina-state_vs_florida a&m_20210228,2021-02-28,south-carolina-state,Florida A&M,2021,0,0,0.37248573,1,275.0,-330.0
south-carolina-upstate_vs_eastern kentucky_20201202,2020-12-02,south-carolina-upstate,Eastern Kentucky,2021,0,0,0.3555716,1,271.0,-332.0
south-carolina-upstate_vs_winthrop_20201212,2020-12-12,south-carolina-upstate,Winthrop,2021,0,0,0.23194769,1,509.0,-696.0
south-carolina-upstate_vs_winthrop_20201213,2020-12-13,south-carolina-upstate,Winthrop,2021,0,0,0.1859465,1,679.0,-1013.0
south-carolina-upstate_vs_longwood_20210104,2021-01-04,south-carolina-upstate,Longwood,2021,1,1,0.534645,1,-112.0,-104.0
south-carolina-upstate_vs_longwood_20210105,2021-01-05,south-carolina-upstate,Longwood,2021,1,1,0.5267088,1,116.0,-136.0
south-carolina-upstate_vs_hampton_20210114,2021-01-14,south-carolina-upstate,Hampton,2021,0,1,0.62163717,0,-179.0,151.0
south-carolina-upstate_vs_hampton_20210115,2021-01-15,south-carolina-upstate,Hampton,2021,0,1,0.60769725,0,-179.0,151.0
south-carolina-upstate_vs_gardner-webb_20210208,2021-02-08,south-carolina-upstate,Gardner-Webb,2021,1,0,0.2344161,0,223.0,-278.0
south-carolina-upstate_vs_gardner-webb_20210222,2021-02-22,south-carolina-upstate,Gardner-Webb,2021,0,0,0.23282504,1,161.0,-193.0
south-dakota_vs_south dakota state_20201212,2020-12-12,south-dakota,South Dakota State,2021,1,0,0.17132342,0,525.0,-750.0
south-dakota_vs_drake_20201218,2020-12-18,south-dakota,Drake,2021,0,0,0.18429963,1,230.0,-270.0
south-dakota_vs_denver_20210102,2021-01-02,south-dakota,Denver,2021,1,1,0.79709464,1,-500.0,400.0
south-dakota_vs_denver_20210103,2021-01-03,south-dakota,Denver,2021,1,1,0.88829327,1,-1000.0,650.0
south-dakota_vs_omaha_20210129,2021-01-29,south-dakota,Omaha,2021,1,1,0.8628017,1,-385.0,318.0
south-dakota_vs_omaha_20210130,2021-01-30,south-dakota,Omaha,2021,1,1,0.93636286,1,-550.0,425.0
south-dakota_vs_oral roberts_20210220,2021-02-20,south-dakota,Oral Roberts,2021,1,1,0.7175745,1,-165.0,145.0
south-dakota_vs_north dakota state_20210227,2021-02-27,south-dakota,North Dakota State,2021,1,1,0.68448764,1,-122.0,102.0
south-dakota_vs_north dakota state_20210228,2021-02-28,south-dakota,North Dakota State,2021,0,1,0.72399205,0,135.0,-155.0
south-dakota_vs_western illinois_20210306,2021-03-06,south-dakota,Western Illinois,2021,1,1,0.7872648,1,-300.0,250.0
south-dakota-state_vs_utah state_20201126,2020-11-26,south-dakota-state,Utah State,2021,1,1,0.60098904,1,125.0,-145.0
south-dakota-state_vs_western illinois_20210108,2021-01-08,south-dakota-state,Western Illinois,2021,1,1,0.9527413,1,-2593.0,1223.0
south-dakota-state_vs_western illinois_20210109,2021-01-09,south-dakota-state,Western Illinois,2021,1,1,0.936014,1,-2052.0,1077.0
south-dakota-state_vs_north dakota_20210122,2021-01-22,south-dakota-state,North Dakota,2021,1,1,0.9031283,1,-1300.0,797.0
south-dakota-state_vs_north dakota_20210123,2021-01-23,south-dakota-state,North Dakota,2021,1,1,0.8907548,1,-1250.0,800.0
south-dakota-state_vs_south dakota_20210205,2021-02-05,south-dakota-state,South Dakota,2021,0,1,0.723037,0,-280.0,235.0
south-dakota-state_vs_south dakota_20210206,2021-02-06,south-dakota-state,South Dakota,2021,1,1,0.68882316,1,-290.0,237.0
south-dakota-state_vs_kansas city_20210226,2021-02-26,south-dakota-state,Kansas City,2021,1,1,0.74778587,1,-435.0,341.0
south-dakota-state_vs_kansas city_20210227,2021-02-27,south-dakota-state,Kansas City,2021,1,1,0.76333517,1,-550.0,425.0
southeastern-louisiana_vs_sam houston state_20210106,2021-01-06,southeastern-louisiana,Sam Houston State,2021,0,0,0.48589274,1,153.0,-181.0
southeastern-louisiana_vs_texas a&mâcorpus christi_20210113,2021-01-13,southeastern-louisiana,Texas A&MâCorpus Christi,2021,1,0,0.46543702,0,-141.0,120.0
southeastern-louisiana_vs_northwestern state_20210123,2021-01-23,southeastern-louisiana,Northwestern State,2021,0,1,0.5415558,0,-122.0,105.0
southeastern-louisiana_vs_central arkansas_20210127,2021-01-27,southeastern-louisiana,Central Arkansas,2021,1,0,0.43478835,0,-109.0,-107.0
southeastern-louisiana_vs_new orleans_20210130,2021-01-30,southeastern-louisiana,New Orleans,2021,1,0,0.46564817,0,-123.0,105.0
southeastern-louisiana_vs_mcneese state_20210224,2021-02-24,southeastern-louisiana,McNeese State,2021,0,1,0.6638663,0,-176.0,148.0
southeast-missouri-state_vs_southern illinois_20201202,2020-12-02,southeast-missouri-state,Southern Illinois,2021,0,0,0.3044174,1,187.0,-224.0
southeast-missouri-state_vs_lipscomb_20201207,2020-12-07,southeast-missouri-state,Lipscomb,2021,1,1,0.5521991,1,142.0,-167.0
southeast-missouri-state_vs_ut martin_20201218,2020-12-18,southeast-missouri-state,UT Martin,2021,0,1,0.7359874,0,-260.0,220.0
southeast-missouri-state_vs_tennessee state_20210102,2021-01-02,southeast-missouri-state,Tennessee State,2021,1,1,0.6210202,1,-127.0,107.0
southeast-missouri-state_vs_morehead state_20210116,2021-01-16,southeast-missouri-state,Morehead State,2021,0,0,0.41562766,1,112.0,-131.0
southeast-missouri-state_vs_siu edwardsville_20210128,2021-01-28,southeast-missouri-state,SIU Edwardsville,2021,1,1,0.6296174,1,-150.0,130.0
southeast-missouri-state_vs_eastern illinois_20210130,2021-01-30,southeast-missouri-state,Eastern Illinois,2021,1,1,0.60440105,1,-154.0,128.0
southeast-missouri-state_vs_murray state_20210201,2021-02-01,southeast-missouri-state,Murray State,2021,0,0,0.34357312,1,260.0,-320.0
southeast-missouri-state_vs_jacksonville state_20210206,2021-02-06,southeast-missouri-state,Jacksonville State,2021,0,0,0.292814,1,138.0,-157.0
southeast-missouri-state_vs_austin peay_20210216,2021-02-16,southeast-missouri-state,Austin Peay,2021,1,0,0.21437985,0,218.0,-265.0
southeast-missouri-state_vs_eastern kentucky_20210220,2021-02-20,southeast-missouri-state,Eastern Kentucky,2021,1,0,0.26082936,0,191.0,-230.0
southeast-missouri-state_vs_eastern kentucky_20210222,2021-02-22,southeast-missouri-state,Eastern Kentucky,2021,0,0,0.35066095,1,170.0,-195.0
southern_vs_arkansasâpine bluff_20210116,2021-01-16,southern,ArkansasâPine Bluff,2021,1,1,0.743585,1,-468.0,342.0
southern_vs_mississippi valley state_20210118,2021-01-18,southern,Mississippi Valley State,2021,1,1,0.91510916,1,-3167.0,1264.0
southern_vs_jackson state_20210208,2021-02-08,southern,Jackson State,2021,0,1,0.67813295,0,-137.0,117.0
southern_vs_alabama state_20210222,2021-02-22,southern,Alabama State,2021,1,1,0.81560713,1,-645.0,439.0
southern_vs_alabama a&m_20210224,2021-02-24,southern,Alabama A&M,2021,1,1,0.7282928,1,-311.0,245.0
southern_vs_alcorn state_20210227,2021-02-27,southern,Alcorn State,2021,1,1,0.75259113,1,-352.0,272.0
southern-california_vs_montana_20201128,2020-11-28,southern-california,Montana,2021,1,1,0.879434,1,-665.0,515.0
southern-california_vs_uc irvine_20201208,2020-12-08,southern-california,UC Irvine,2021,1,1,0.91654986,1,-600.0,450.0
southern-california_vs_santa clara_20201229,2020-12-29,southern-california,Santa Clara,2021,1,1,0.8764564,1,-600.0,450.0
southern-california_vs_colorado_20201231,2020-12-31,southern-california,Colorado,2021,0,1,0.7566208,0,-185.0,160.0
southern-california_vs_utah_20210102,2021-01-02,southern-california,Utah,2021,1,1,0.83189124,1,-211.0,176.0
southern-california_vs_uc riverside_20210112,2021-01-12,southern-california,UC Riverside,2021,1,1,0.9698005,1,-1344.0,828.0
southern-california_vs_washington_20210114,2021-01-14,southern-california,Washington,2021,1,1,0.9664981,1,-1150.0,725.0
southern-california_vs_washington state_20210116,2021-01-16,southern-california,Washington State,2021,1,1,0.9334105,1,-850.0,575.0
southern-california_vs_oregon state_20210128,2021-01-28,southern-california,Oregon State,2021,1,1,0.9293559,1,-707.0,550.0
southern-california_vs_ucla_20210206,2021-02-06,southern-california,UCLA,2021,1,1,0.7903179,1,-200.0,170.0
southern-california_vs_arizona state_20210217,2021-02-17,southern-california,Arizona State,2021,1,1,0.91039556,1,-550.0,416.0
southern-california_vs_arizona_20210220,2021-02-20,southern-california,Arizona,2021,0,1,0.80993253,0,-240.0,200.0
southern-california_vs_oregon_20210222,2021-02-22,southern-california,Oregon,2021,1,1,0.82065684,1,-172.0,152.0
southern-california_vs_stanford_20210303,2021-03-03,southern-california,Stanford,2021,1,1,0.8456429,1,-380.0,315.0
southern-california_vs_utah_20210311,2021-03-11,southern-california,Utah,2021,1,1,0.8348857,1,-307.0,251.0
southern-illinois_vs_murray state_20201211,2020-12-11,southern-illinois,Murray State,2021,1,0,0.33320352,0,225.0,-265.0
southern-illinois_vs_north dakota_20201217,2020-12-17,southern-illinois,North Dakota,2021,1,1,0.7816565,1,-400.0,320.0
southern-illinois_vs_north dakota_20201218,2020-12-18,southern-illinois,North Dakota,2021,1,1,0.80296695,1,-340.0,280.0
southern-illinois_vs_evansville_20201227,2020-12-27,southern-illinois,Evansville,2021,1,1,0.8411959,1,-450.0,360.0
southern-illinois_vs_evansville_20201228,2020-12-28,southern-illinois,Evansville,2021,0,1,0.86793005,0,-375.0,305.0
southern-illinois_vs_northern iowa_20210130,2021-01-30,southern-illinois,Northern Iowa,2021,0,1,0.5834308,0,125.0,-145.0
southern-illinois_vs_northern iowa_20210131,2021-01-31,southern-illinois,Northern Iowa,2021,1,1,0.5477821,1,125.0,-145.0
southern-illinois_vs_illinois state_20210213,2021-02-13,southern-illinois,Illinois State,2021,0,1,0.7143954,0,-229.0,191.0
southern-illinois_vs_illinois state_20210214,2021-02-14,southern-illinois,Illinois State,2021,1,1,0.657143,1,-180.0,160.0
southern-illinois_vs_missouri state_20210217,2021-02-17,southern-illinois,Missouri State,2021,0,0,0.38812163,1,170.0,-200.0
southern-illinois_vs_valparaiso_20210221,2021-02-21,southern-illinois,Valparaiso,2021,0,1,0.58829004,0,-124.0,107.0
southern-illinois_vs_valparaiso_20210222,2021-02-22,southern-illinois,Valparaiso,2021,1,1,0.5697393,1,-119.0,102.0
southern-illinois-edwardsville_vs_louisiana state_20201126,2020-11-26,southern-illinois-edwardsville,Louisiana State,2021,0,0,0.14531943,1,8000.0,-21500.0
southern-illinois-edwardsville_vs_omaha_20201205,2020-12-05,southern-illinois-edwardsville,Omaha,2021,0,0,0.42872506,1,155.0,-175.0
southern-illinois-edwardsville_vs_austin peay_20210201,2021-02-01,southern-illinois-edwardsville,Austin Peay,2021,0,0,0.37800288,1,220.0,-260.0
southern-illinois-edwardsville_vs_eastern illinois_20210202,2021-02-02,southern-illinois-edwardsville,Eastern Illinois,2021,0,1,0.64656144,0,-144.0,122.0
southern-illinois-edwardsville_vs_tennessee state_20210204,2021-02-04,southern-illinois-edwardsville,Tennessee State,2021,1,1,0.66019785,1,-103.0,-117.0
southern-illinois-edwardsville_vs_belmont_20210206,2021-02-06,southern-illinois-edwardsville,Belmont,2021,0,0,0.14990799,1,900.0,-1700.0
southern-illinois-edwardsville_vs_eastern kentucky_20210208,2021-02-08,southern-illinois-edwardsville,Eastern Kentucky,2021,0,0,0.3124199,1,350.0,-440.0
southern-illinois-edwardsville_vs_murray state_20210215,2021-02-15,southern-illinois-edwardsville,Murray State,2021,0,0,0.25501573,1,486.0,-741.0
southern-illinois-edwardsville_vs_morehead state_20210222,2021-02-22,southern-illinois-edwardsville,Morehead State,2021,0,0,0.26743674,1,525.0,-750.0
southern-illinois-edwardsville_vs_ut martin_20210225,2021-02-25,southern-illinois-edwardsville,UT Martin,2021,1,1,0.7226931,1,-195.0,170.0
southern-illinois-edwardsville_vs_southeast missouri state_20210227,2021-02-27,southern-illinois-edwardsville,Southeast Missouri State,2021,0,1,0.5364776,0,130.0,-150.0
southern-methodist_vs_texas a&mâcorpus christi_20201130,2020-11-30,southern-methodist,Texas A&MâCorpus Christi,2021,1,1,0.94592965,1,-3633.0,1433.0
southern-methodist_vs_houston baptist_20201202,2020-12-02,southern-methodist,Houston Baptist,2021,1,1,0.9652789,1,-100000.0,3000.0
southern-methodist_vs_east carolina_20201216,2020-12-16,southern-methodist,East Carolina,2021,1,1,0.8560811,1,-824.0,574.0
southern-methodist_vs_houston_20210103,2021-01-03,southern-methodist,Houston,2021,0,0,0.36117503,1,,-130.0
southern-methodist_vs_cincinnati_20210107,2021-01-07,southern-methodist,Cincinnati,2021,0,1,0.7889211,0,-247.0,206.0
southern-methodist_vs_temple_20210111,2021-01-11,southern-methodist,Temple,2021,1,1,0.9385344,1,-825.0,605.0
southern-methodist_vs_memphis_20210128,2021-01-28,southern-methodist,Memphis,2021,1,1,0.58066624,1,-185.0,160.0
southern-mississippi_vs_south alabama_20201212,2020-12-12,southern-mississippi,South Alabama,2021,0,1,0.5017596,0,155.0,-180.0
southern-mississippi_vs_louisianaâmonroe_20201219,2020-12-19,southern-mississippi,LouisianaâMonroe,2021,1,1,0.7167937,1,-142.0,122.0
southern-mississippi_vs_utep_20210101,2021-01-01,southern-mississippi,UTEP,2021,1,0,0.31579182,0,193.0,-232.0
southern-mississippi_vs_utep_20210102,2021-01-02,southern-mississippi,UTEP,2021,0,0,0.34401748,1,195.0,-225.0
southern-mississippi_vs_middle tennessee_20210115,2021-01-15,southern-mississippi,Middle Tennessee,2021,1,1,0.58048755,1,102.0,-119.0
southern-mississippi_vs_middle tennessee_20210116,2021-01-16,southern-mississippi,Middle Tennessee,2021,1,1,0.6929628,1,-145.0,125.0
southern-mississippi_vs_louisiana tech_20210128,2021-01-28,southern-mississippi,Louisiana Tech,2021,0,0,0.31064734,1,263.0,-325.0
southern-mississippi_vs_north texas_20210212,2021-02-12,southern-mississippi,North Texas,2021,0,0,0.19908692,1,320.0,-385.0
southern-mississippi_vs_north texas_20210213,2021-02-13,southern-mississippi,North Texas,2021,0,0,0.15942644,1,360.0,-450.0
southern-mississippi_vs_florida atlantic_20210226,2021-02-26,southern-mississippi,Florida Atlantic,2021,0,0,0.3518955,1,105.0,-125.0
southern-mississippi_vs_florida atlantic_20210227,2021-02-27,southern-mississippi,Florida Atlantic,2021,0,0,0.32993284,1,113.0,-133.0
southern-utah_vs_montana_20201203,2020-12-03,southern-utah,Montana,2021,1,1,0.6965356,1,115.0,-135.0
southern-utah_vs_montana_20201205,2020-12-05,southern-utah,Montana,2021,1,1,0.67518175,1,133.0,-152.0
southern-utah_vs_dixie state_20201217,2020-12-17,southern-utah,Dixie State,2021,1,1,0.93438876,1,-410.0,330.0
southern-utah_vs_idaho_20210107,2021-01-07,southern-utah,Idaho,2021,1,1,0.9459805,1,-1400.0,837.0
southern-utah_vs_idaho_20210109,2021-01-09,southern-utah,Idaho,2021,1,1,0.9184676,1,-1250.0,800.0
southern-utah_vs_weber state_20210123,2021-01-23,southern-utah,Weber State,2021,1,1,0.67694956,1,106.0,-124.0
southern-utah_vs_sacramento state_20210218,2021-02-18,southern-utah,Sacramento State,2021,1,1,0.7361099,1,-265.0,218.0
southern-utah_vs_sacramento state_20210220,2021-02-20,southern-utah,Sacramento State,2021,1,1,0.7740598,1,-330.0,275.0
southern-utah_vs_northern arizona_20210224,2021-02-24,southern-utah,Northern Arizona,2021,1,1,0.9067046,1,-850.0,575.0
south-florida_vs_virginia tech_20201129,2020-11-29,south-florida,Virginia Tech,2021,0,0,0.42008033,1,290.0,-350.0
south-florida_vs_florida gulf coast_20201202,2020-12-02,south-florida,Florida Gulf Coast,2021,1,1,0.8183413,1,-740.0,535.0
south-florida_vs_stetson_20201208,2020-12-08,south-florida,Stetson,2021,1,1,0.9182572,1,-1306.0,813.0
south-florida_vs_wofford_20201212,2020-12-12,south-florida,Wofford,2021,1,1,0.76710427,1,-165.0,145.0
south-florida_vs_wichita state_20201222,2020-12-22,south-florida,Wichita State,2021,0,1,0.5059214,0,-115.0,-105.0
south-florida_vs_ucf_20210102,2021-01-02,south-florida,UCF,2021,1,1,0.68022615,1,-108.0,-108.0
south-florida_vs_tulsa_20210106,2021-01-06,south-florida,Tulsa,2021,0,1,0.6717046,0,-101.0,-116.0
south-florida_vs_houston_20210210,2021-02-10,south-florida,Houston,2021,0,0,0.26997122,1,575.0,-850.0
south-florida_vs_tulane_20210214,2021-02-14,south-florida,Tulane,2021,0,1,0.71812,0,-215.0,180.0
south-florida_vs_temple_20210224,2021-02-24,south-florida,Temple,2021,0,1,0.67995733,0,-230.0,190.0
south-florida_vs_memphis_20210302,2021-03-02,south-florida,Memphis,2021,0,0,0.25884476,1,350.0,-448.0
south-florida_vs_temple_20210311,2021-03-11,south-florida,Temple,2021,1,0,0.4156642,0,130.0,-150.0
south-florida_vs_wichita state_20210312,2021-03-12,south-florida,Wichita State,2021,0,0,0.24276206,1,425.0,-550.0
stanford_vs_arizona_20201219,2020-12-19,stanford,Arizona,2021,1,1,0.68349946,1,-130.0,
stanford_vs_cal state bakersfield_20201221,2020-12-21,stanford,Cal State Bakersfield,2021,1,1,0.96351266,1,-1478.0,882.0
stanford_vs_washington_20210107,2021-01-07,stanford,Washington,2021,1,1,0.8145828,1,-515.0,410.0
stanford_vs_washington state_20210109,2021-01-09,stanford,Washington State,2021,1,1,0.77449644,1,-312.0,256.0
stanford_vs_ucla_20210123,2021-01-23,stanford,UCLA,2021,1,1,0.541572,1,205.0,-245.0
stanford_vs_southern california_20210202,2021-02-02,stanford,Southern California,2021,0,0,0.47210315,1,140.0,-160.0
stanford_vs_california_20210207,2021-02-07,stanford,California,2021,1,1,0.91683245,1,-550.0,416.0
stanford_vs_colorado_20210211,2021-02-11,stanford,Colorado,2021,0,0,0.44745785,1,-107.0,-109.0
stanford_vs_utah_20210213,2021-02-13,stanford,Utah,2021,1,1,0.6586479,1,-185.0,160.0
stanford_vs_oregon_20210225,2021-02-25,stanford,Oregon,2021,0,1,0.6660625,0,160.0,-180.0
stanford_vs_oregon state_20210227,2021-02-27,stanford,Oregon State,2021,0,1,0.79370636,0,-240.0,200.0
st-bonaventure_vs_hofstra_20201219,2020-12-19,st-bonaventure,Hofstra,2021,1,1,0.8996157,1,-682.0,501.0
st-bonaventure_vs_saint joseph's_20210106,2021-01-06,st-bonaventure,Saint Joseph's,2021,1,1,0.85720414,1,-1000.0,664.0
st-bonaventure_vs_duquesne_20210115,2021-01-15,st-bonaventure,Duquesne,2021,1,1,0.8048475,1,-365.0,295.0
st-bonaventure_vs_vcu_20210120,2021-01-20,st-bonaventure,VCU,2021,1,1,0.6412899,1,-135.0,115.0
st-bonaventure_vs_george mason_20210130,2021-01-30,st-bonaventure,George Mason,2021,1,1,0.8578274,1,-550.0,425.0
st-bonaventure_vs_la salle_20210209,2021-02-09,st-bonaventure,La Salle,2021,1,1,0.93769705,1,-1000.0,650.0
st-bonaventure_vs_davidson_20210221,2021-02-21,st-bonaventure,Davidson,2021,1,1,0.66926956,1,-185.0,160.0
st-bonaventure_vs_george washington_20210226,2021-02-26,st-bonaventure,George Washington,2021,1,1,0.9397201,1,-1250.0,800.0
st-bonaventure_vs_dayton_20210301,2021-03-01,st-bonaventure,Dayton,2021,0,1,0.8540975,0,-315.0,260.0
st-bonaventure_vs_vcu_20210314,2021-03-14,st-bonaventure,VCU,2021,1,1,0.60690075,1,-160.0,140.0
stephen-f-austin_vs_new orleans_20210102,2021-01-02,stephen-f-austin,New Orleans,2021,1,1,0.8905047,1,-504.0,404.0
stephen-f-austin_vs_central arkansas_20210113,2021-01-13,stephen-f-austin,Central Arkansas,2021,1,1,0.80710185,1,-467.0,342.0
stephen-f-austin_vs_northwestern state_20210120,2021-01-20,stephen-f-austin,Northwestern State,2021,1,1,0.89747554,1,-1512.0,800.0
stephen-f-austin_vs_lamar_20210123,2021-01-23,stephen-f-austin,Lamar,2021,1,1,0.92698723,1,-1140.0,661.0
stephen-f-austin_vs_sam houston state_20210131,2021-01-31,stephen-f-austin,Sam Houston State,2021,1,1,0.72071147,1,-275.0,230.0
stephen-f-austin_vs_texas a&mâcorpus christi_20210210,2021-02-10,stephen-f-austin,Texas A&MâCorpus Christi,2021,1,1,0.9078573,1,-1872.0,918.0
stephen-f-austin_vs_abilene christian_20210303,2021-03-03,stephen-f-austin,Abilene Christian,2021,0,0,0.41912335,1,-116.0,-100.0
stetson_vs_florida atlantic_20201215,2020-12-15,stetson,Florida Atlantic,2021,1,0,0.4192757,0,161.0,-190.0
stetson_vs_liberty_20210115,2021-01-15,stetson,Liberty,2021,1,0,0.22765686,0,381.0,-536.0
stetson_vs_liberty_20210116,2021-01-16,stetson,Liberty,2021,0,0,0.29078406,1,275.0,-357.0
stetson_vs_lipscomb_20210205,2021-02-05,stetson,Lipscomb,2021,1,1,0.6859164,1,,-129.0
stetson_vs_lipscomb_20210206,2021-02-06,stetson,Lipscomb,2021,0,1,0.68282396,0,115.0,-135.0
stetson_vs_jacksonville_20210219,2021-02-19,stetson,Jacksonville,2021,1,1,0.74660206,1,-220.0,190.0
stetson_vs_jacksonville_20210220,2021-02-20,stetson,Jacksonville,2021,0,1,0.7606569,0,-191.0,160.0
stetson_vs_north florida_20210226,2021-02-26,stetson,North Florida,2021,0,1,0.69387627,0,-220.0,190.0
stetson_vs_north florida_20210227,2021-02-27,stetson,North Florida,2021,1,1,0.682362,1,-238.0,195.0
st-johns-ny_vs_la salle_20201126,2020-11-26,st-johns-ny,La Salle,2021,1,1,0.8203374,1,-415.0,335.0
st-johns-ny_vs_stony brook_20201206,2020-12-06,st-johns-ny,Stony Brook,2021,1,1,0.93571144,1,-2978.0,1309.0
st-johns-ny_vs_rider_20201208,2020-12-08,st-johns-ny,Rider,2021,1,1,0.9510418,1,-3000.0,1250.0
st-johns-ny_vs_creighton_20201217,2020-12-17,st-johns-ny,Creighton,2021,0,0,0.4055741,1,250.0,-300.0
st-johns-ny_vs_georgetown_20201220,2020-12-20,st-johns-ny,Georgetown,2021,1,1,0.6790972,1,-190.0,165.0
st-johns-ny_vs_butler_20210112,2021-01-12,st-johns-ny,Butler,2021,1,1,0.70311135,1,-125.0,105.0
st-johns-ny_vs_marquette_20210116,2021-01-16,st-johns-ny,Marquette,2021,0,0,0.47423884,1,120.0,-140.0
st-johns-ny_vs_utah valley_20210123,2021-01-23,st-johns-ny,Utah Valley,2021,1,1,0.93204767,1,-1200.0,775.0
st-johns-ny_vs_villanova_20210203,2021-02-03,st-johns-ny,Villanova,2021,1,0,0.43342555,0,370.0,-460.0
st-johns-ny_vs_xavier_20210216,2021-02-16,st-johns-ny,Xavier,2021,1,0,0.4807107,0,-145.0,125.0
st-johns-ny_vs_depaul_20210220,2021-02-20,st-johns-ny,DePaul,2021,0,1,0.7592236,0,-600.0,447.0
st-johns-ny_vs_providence_20210303,2021-03-03,st-johns-ny,Providence,2021,1,1,0.6885928,1,-119.0,-101.0
st-johns-ny_vs_seton hall_20210306,2021-03-06,st-johns-ny,Seton Hall,2021,1,1,0.56418085,1,129.0,-149.0
stony-brook_vs_fairfield_20201204,2020-12-04,stony-brook,Fairfield,2021,1,1,0.689595,1,-172.0,146.0
stony-brook_vs_umass lowell_20201227,2020-12-27,stony-brook,UMass Lowell,2021,1,1,0.5158127,1,-130.0,112.0
stony-brook_vs_umass lowell_20201228,2020-12-28,stony-brook,UMass Lowell,2021,1,1,0.6712946,1,-160.0,140.0
stony-brook_vs_new hampshire_20210116,2021-01-16,stony-brook,New Hampshire,2021,0,1,0.62789303,0,-146.0,124.0
stony-brook_vs_new hampshire_20210117,2021-01-17,stony-brook,New Hampshire,2021,0,1,0.58718586,0,-118.0,101.0
stony-brook_vs_umbc_20210207,2021-02-07,stony-brook,UMBC,2021,0,0,0.49853376,1,-103.0,-113.0
stony-brook_vs_umbc_20210208,2021-02-08,stony-brook,UMBC,2021,0,0,0.49276322,1,136.0,-161.0
syracuse_vs_niagara_20201203,2020-12-03,syracuse,Niagara,2021,1,1,0.9573936,1,-1710.0,967.0
syracuse_vs_rider_20201205,2020-12-05,syracuse,Rider,2021,1,1,0.9650494,1,-8000.0,1810.0
syracuse_vs_northeastern_20201216,2020-12-16,syracuse,Northeastern,2021,1,1,0.968393,1,-2350.0,1161.0
syracuse_vs_buffalo_20201219,2020-12-19,syracuse,Buffalo,2021,1,1,0.9290679,1,-650.0,475.0
syracuse_vs_pittsburgh_20210106,2021-01-06,syracuse,Pittsburgh,2021,0,1,0.823877,0,-700.0,500.0
syracuse_vs_georgetown_20210109,2021-01-09,syracuse,Georgetown,2021,1,1,0.88314396,1,-525.0,420.0
syracuse_vs_miami (fl)_20210119,2021-01-19,syracuse,Miami (FL),2021,1,1,0.8198126,1,-220.0,190.0
syracuse_vs_virginia tech_20210123,2021-01-23,syracuse,Virginia Tech,2021,1,1,0.71082926,1,-120.0,100.0
syracuse_vs_nc state_20210131,2021-01-31,syracuse,NC State,2021,1,1,0.70137906,1,-300.0,250.0
syracuse_vs_boston college_20210213,2021-02-13,syracuse,Boston College,2021,1,1,0.8279035,1,-700.0,500.0
syracuse_vs_notre dame_20210220,2021-02-20,syracuse,Notre Dame,2021,1,1,0.6587486,1,-148.0,126.0
syracuse_vs_north carolina_20210301,2021-03-01,syracuse,North Carolina,2021,1,1,0.5368236,1,124.0,-146.0
syracuse_vs_clemson_20210303,2021-03-03,syracuse,Clemson,2021,1,1,0.55686945,1,-125.0,105.0
syracuse_vs_virginia_20210311,2021-03-11,syracuse,Virginia,2021,0,0,0.40103492,1,200.0,-240.0
syracuse_vs_west virginia_20210321,2021-03-21,syracuse,West Virginia,2021,1,0,0.4200746,0,160.0,-185.0
tarleton-state_vs_grand canyon_20210108,2021-01-08,tarleton-state,Grand Canyon,2021,0,0,0.1492622,1,415.0,-525.0
tarleton-state_vs_grand canyon_20210109,2021-01-09,tarleton-state,Grand Canyon,2021,0,0,0.17744556,1,320.0,-402.0
tarleton-state_vs_new mexico state_20210226,2021-02-26,tarleton-state,New Mexico State,2021,0,1,0.502001,0,270.0,-325.0
tarleton-state_vs_new mexico state_20210227,2021-02-27,tarleton-state,New Mexico State,2021,1,0,0.38913295,0,345.0,-425.0
temple_vs_smu_20201230,2020-12-30,temple,SMU,2021,0,0,0.16425113,1,281.0,-346.0
temple_vs_ucf_20210114,2021-01-14,temple,UCF,2021,1,0,0.4389384,0,135.0,-155.0
temple_vs_houston_20210123,2021-01-23,temple,Houston,2021,0,0,0.19744922,1,550.0,-800.0
temple_vs_tulsa_20210126,2021-01-26,temple,Tulsa,2021,1,0,0.4304634,0,105.0,-125.0
temple_vs_tulane_20210131,2021-01-31,temple,Tulane,2021,0,1,0.72160816,0,-330.0,270.0
temple_vs_cincinnati_20210204,2021-02-04,temple,Cincinnati,2021,0,0,0.48289475,1,-165.0,145.0
temple_vs_south florida_20210221,2021-02-21,temple,South Florida,2021,0,1,0.69460785,0,102.0,-122.0
tennessee_vs_cincinnati_20201212,2020-12-12,tennessee,Cincinnati,2021,1,1,0.78247726,1,-310.0,255.0
tennessee_vs_appalachian state_20201215,2020-12-15,tennessee,Appalachian State,2021,1,1,0.9262065,1,-3392.0,1390.0
tennessee_vs_saint joseph's_20201221,2020-12-21,tennessee,Saint Joseph's,2021,1,1,0.9461645,1,-4519.0,1564.0
tennessee_vs_usc upstate_20201223,2020-12-23,tennessee,USC Upstate,2021,1,1,0.97559875,1,-100000.0,3000.0
tennessee_vs_alabama_20210102,2021-01-02,tennessee,Alabama,2021,0,1,0.82254034,0,-525.0,415.0
tennessee_vs_arkansas_20210106,2021-01-06,tennessee,Arkansas,2021,1,1,0.77108276,1,-420.0,335.0
tennessee_vs_vanderbilt_20210116,2021-01-16,tennessee,Vanderbilt,2021,1,1,0.9657151,1,-1460.0,1019.0
tennessee_vs_missouri_20210123,2021-01-23,tennessee,Missouri,2021,0,1,0.79700875,0,-353.0,289.0
tennessee_vs_mississippi state_20210126,2021-01-26,tennessee,Mississippi State,2021,1,1,0.875694,1,-500.0,395.0
tennessee_vs_kansas_20210130,2021-01-30,tennessee,Kansas,2021,1,1,0.7842757,1,-165.0,145.0
tennessee_vs_georgia_20210210,2021-02-10,tennessee,Georgia,2021,1,1,0.8789264,1,-880.0,590.0
tennessee_vs_south carolina_20210217,2021-02-17,tennessee,South Carolina,2021,1,1,0.8678491,1,-700.0,520.0
tennessee_vs_kentucky_20210220,2021-02-20,tennessee,Kentucky,2021,0,1,0.7898269,0,-315.0,260.0
tennessee_vs_florida_20210307,2021-03-07,tennessee,Florida,2021,1,1,0.69075745,1,-255.0,215.0
tennessee-martin_vs_western illinois_20201220,2020-12-20,tennessee-martin,Western Illinois,2021,0,1,0.7376117,0,-190.0,165.0
tennessee-martin_vs_belmont_20210102,2021-01-02,tennessee-martin,Belmont,2021,0,0,0.15399851,1,870.0,-1201.0
tennessee-martin_vs_murray state_20210116,2021-01-16,tennessee-martin,Murray State,2021,0,0,0.15024464,1,550.0,-800.0
tennessee-martin_vs_southeast missouri state_20210126,2021-01-26,tennessee-martin,Southeast Missouri State,2021,1,0,0.46058,0,177.0,-212.0
tennessee-martin_vs_eastern illinois_20210128,2021-01-28,tennessee-martin,Eastern Illinois,2021,1,0,0.40925428,0,320.0,-400.0
tennessee-martin_vs_siu edwardsville_20210130,2021-01-30,tennessee-martin,SIU Edwardsville,2021,0,1,0.51018727,0,150.0,-170.0
tennessee-martin_vs_jacksonville state_20210204,2021-02-04,tennessee-martin,Jacksonville State,2021,0,0,0.24533454,1,360.0,-450.0
tennessee-martin_vs_austin peay_20210208,2021-02-08,tennessee-martin,Austin Peay,2021,1,0,0.18888299,0,550.0,-800.0
tennessee-martin_vs_eastern kentucky_20210218,2021-02-18,tennessee-martin,Eastern Kentucky,2021,0,0,0.17329171,1,500.0,-700.0
tennessee-martin_vs_morehead state_20210220,2021-02-20,tennessee-martin,Morehead State,2021,0,0,0.22378653,1,625.0,-950.0
tennessee-state_vs_iupui_20201212,2020-12-12,tennessee-state,IUPUI,2021,0,0,0.43089652,1,,-130.0
tennessee-state_vs_belmont_20201218,2020-12-18,tennessee-state,Belmont,2021,0,0,0.37942868,1,280.0,-340.0
tennessee-state_vs_chattanooga_20201222,2020-12-22,tennessee-state,Chattanooga,2021,0,0,0.3496026,1,170.0,-200.0
tennessee-state_vs_austin peay_20201230,2020-12-30,tennessee-state,Austin Peay,2021,0,0,0.4613229,1,210.0,-250.0
tennessee-state_vs_ut martin_20210107,2021-01-07,tennessee-state,UT Martin,2021,1,1,0.7317346,1,-260.0,220.0
tennessee-state_vs_southeast missouri state_20210119,2021-01-19,tennessee-state,Southeast Missouri State,2021,0,1,0.6414093,0,-179.0,151.0
tennessee-state_vs_siu edwardsville_20210121,2021-01-21,tennessee-state,SIU Edwardsville,2021,0,1,0.65210414,0,-165.0,145.0
tennessee-state_vs_eastern illinois_20210123,2021-01-23,tennessee-state,Eastern Illinois,2021,1,0,0.48387066,0,120.0,-140.0
tennessee-state_vs_morehead state_20210211,2021-02-11,tennessee-state,Morehead State,2021,0,0,0.20875777,1,263.0,-325.0
tennessee-state_vs_eastern kentucky_20210213,2021-02-13,tennessee-state,Eastern Kentucky,2021,0,0,0.2761759,1,235.0,-275.0
tennessee-state_vs_jacksonville state_20210220,2021-02-20,tennessee-state,Jacksonville State,2021,0,0,0.16860154,1,250.0,-300.0
texas_vs_villanova_20201206,2020-12-06,texas,Villanova,2021,0,1,0.73731434,0,101.0,-121.0
texas_vs_texas state_20201209,2020-12-09,texas,Texas State,2021,1,1,0.9626697,1,-2020.0,1300.0
texas_vs_sam houston state_20201216,2020-12-16,texas,Sam Houston State,2021,1,1,0.971411,1,-17031.0,2157.0
texas_vs_oklahoma state_20201220,2020-12-20,texas,Oklahoma State,2021,1,1,0.8795855,1,-290.0,245.0
texas_vs_iowa state_20210105,2021-01-05,texas,Iowa State,2021,1,1,0.95147943,1,-916.0,630.0
texas_vs_texas tech_20210113,2021-01-13,texas,Texas Tech,2021,0,1,0.75919,0,-125.0,105.0
texas_vs_kansas state_20210116,2021-01-16,texas,Kansas State,2021,1,1,0.95607555,1,-1700.0,947.0
texas_vs_oklahoma_20210126,2021-01-26,texas,Oklahoma,2021,0,1,0.818247,0,-165.0,145.0
texas_vs_baylor_20210202,2021-02-02,texas,Baylor,2021,0,0,0.41692162,1,195.0,-225.0
texas_vs_tcu_20210213,2021-02-13,texas,TCU,2021,1,1,0.91517884,1,-700.0,500.0
texas_vs_west virginia_20210220,2021-02-20,texas,West Virginia,2021,0,1,0.7670702,0,-145.0,125.0
texas_vs_kansas_20210223,2021-02-23,texas,Kansas,2021,1,1,0.8095394,1,-155.0,135.0
texas_vs_texas tech_20210311,2021-03-11,texas,Texas Tech,2021,1,1,0.5634983,1,100.0,-120.0
texas-am_vs_tcu_20201212,2020-12-12,texas-am,TCU,2021,0,1,0.52294046,0,,
texas-am_vs_southeastern louisiana_20201215,2020-12-15,texas-am,Southeastern Louisiana,2021,1,1,0.9383626,1,-4282.0,1532.0
texas-am_vs_wofford_20201221,2020-12-21,texas-am,Wofford,2021,1,1,0.7579029,1,-280.0,235.0
texas-am_vs_auburn_20210102,2021-01-02,texas-am,Auburn,2021,1,0,0.4490788,0,-125.0,105.0
texas-am_vs_tennessee_20210109,2021-01-09,texas-am,Tennessee,2021,0,0,0.22966461,1,447.0,-600.0
texas-am_vs_missouri_20210116,2021-01-16,texas-am,Missouri,2021,0,0,0.33527014,1,160.0,-185.0
texas-am_vs_louisiana state_20210126,2021-01-26,texas-am,Louisiana State,2021,0,0,0.226972,1,180.0,-210.0
texas-am_vs_mississippi state_20210303,2021-03-03,texas-am,Mississippi State,2021,0,0,0.35070622,1,195.0,-225.0
texas-am_vs_vanderbilt_20210310,2021-03-10,texas-am,Vanderbilt,2021,0,0,0.3766,1,100.0,-120.0
texas-am-corpus-christi_vs_texas tech_20201212,2020-12-12,texas-am-corpus-christi,Texas Tech,2021,0,0,0.10235745,1,2188.0,-18944.0
texas-am-corpus-christi_vs_sam houston state_20210127,2021-01-27,texas-am-corpus-christi,Sam Houston State,2021,0,0,0.27951282,1,342.0,-468.0
texas-am-corpus-christi_vs_stephen f. austin_20210203,2021-02-03,texas-am-corpus-christi,Stephen F. Austin,2021,0,0,0.27646232,1,614.0,-1026.0
texas-am-corpus-christi_vs_incarnate word_20210206,2021-02-06,texas-am-corpus-christi,Incarnate Word,2021,0,1,0.55083007,0,-134.0,114.0
texas-am-corpus-christi_vs_abilene christian_20210208,2021-02-08,texas-am-corpus-christi,Abilene Christian,2021,0,0,0.12000484,1,745.0,-1359.0
texas-am-corpus-christi_vs_lamar_20210220,2021-02-20,texas-am-corpus-christi,Lamar,2021,1,1,0.6501543,1,-127.0,109.0
texas-am-corpus-christi_vs_southeastern louisiana_20210222,2021-02-22,texas-am-corpus-christi,Southeastern Louisiana,2021,0,1,0.6959741,0,-109.0,-107.0
texas-am-corpus-christi_vs_new orleans_20210224,2021-02-24,texas-am-corpus-christi,New Orleans,2021,0,0,0.45875478,1,119.0,-140.0
texas-arlington_vs_louisiana tech_20201127,2020-11-27,texas-arlington,Louisiana Tech,2021,0,0,0.26394755,1,235.0,-275.0
texas-arlington_vs_louisiana_20210115,2021-01-15,texas-arlington,Louisiana,2021,1,1,0.70345026,1,-155.0,135.0
texas-arlington_vs_louisiana_20210116,2021-01-16,texas-arlington,Louisiana,2021,0,1,0.7114205,0,-147.0,129.0
texas-arlington_vs_little rock_20210122,2021-01-22,texas-arlington,Little Rock,2021,0,1,0.57945365,0,-115.0,-105.0
texas-arlington_vs_little rock_20210123,2021-01-23,texas-arlington,Little Rock,2021,1,1,0.5448944,1,-101.0,-119.0
texas-arlington_vs_louisianaâmonroe_20210205,2021-02-05,texas-arlington,LouisianaâMonroe,2021,1,1,0.78396195,1,-388.0,316.0
texas-arlington_vs_louisianaâmonroe_20210206,2021-02-06,texas-arlington,LouisianaâMonroe,2021,1,1,0.75287443,1,-400.0,325.0
texas-arlington_vs_texas state_20210211,2021-02-11,texas-arlington,Texas State,2021,0,0,0.46661243,1,105.0,-125.0
texas-arlington_vs_arkansas state_20210226,2021-02-26,texas-arlington,Arkansas State,2021,1,1,0.6378377,1,-205.0,175.0
texas-arlington_vs_arkansas state_20210227,2021-02-27,texas-arlington,Arkansas State,2021,1,1,0.66104996,1,-190.0,165.0
texas-arlington_vs_troy_20210305,2021-03-05,texas-arlington,Troy,2021,0,1,0.68784446,0,-290.0,245.0
texas-christian_vs_tulsa_20201128,2020-11-28,texas-christian,Tulsa,2021,1,1,0.7506507,1,-165.0,144.0
texas-christian_vs_northwestern state_20201203,2020-12-03,texas-christian,Northwestern State,2021,1,1,0.9165026,1,-2436.0,1184.0
texas-christian_vs_oklahoma_20201206,2020-12-06,texas-christian,Oklahoma,2021,0,0,0.35216868,1,160.0,-185.0
texas-christian_vs_providence_20201209,2020-12-09,texas-christian,Providence,2021,0,0,0.43408054,1,-112.0,-105.0
texas-christian_vs_north dakota state_20201222,2020-12-22,texas-christian,North Dakota State,2021,1,1,0.9494141,1,-850.0,615.0
texas-christian_vs_kansas_20210105,2021-01-05,texas-christian,Kansas,2021,0,0,0.3844601,1,235.0,-275.0
texas-christian_vs_baylor_20210109,2021-01-09,texas-christian,Baylor,2021,0,0,0.18178433,1,638.0,-931.0
texas-christian_vs_oklahoma state_20210203,2021-02-03,texas-christian,Oklahoma State,2021,1,0,0.45783162,0,170.0,-200.0
texas-christian_vs_iowa state_20210209,2021-02-09,texas-christian,Iowa State,2021,1,1,0.81359124,1,-200.0,170.0
texas-christian_vs_kansas state_20210220,2021-02-20,texas-christian,Kansas State,2021,0,1,0.8515031,0,-290.0,245.0
texas-christian_vs_west virginia_20210223,2021-02-23,texas-christian,West Virginia,2021,0,0,0.34791726,1,245.0,-290.0
texas-christian_vs_texas_20210307,2021-03-07,texas-christian,Texas,2021,0,0,0.33235076,1,265.0,-325.0
texas-el-paso_vs_rice_20210108,2021-01-08,texas-el-paso,Rice,2021,1,1,0.83606523,1,-384.0,308.0
texas-el-paso_vs_rice_20210109,2021-01-09,texas-el-paso,Rice,2021,0,1,0.8475131,0,-400.0,325.0
texas-el-paso_vs_louisiana tech_20210122,2021-01-22,texas-el-paso,Louisiana Tech,2021,1,1,0.5791742,1,103.0,-123.0
texas-el-paso_vs_louisiana tech_20210123,2021-01-23,texas-el-paso,Louisiana Tech,2021,0,1,0.7011034,0,103.0,-123.0
texas-el-paso_vs_utsa_20210130,2021-01-30,texas-el-paso,UTSA,2021,1,1,0.71081424,1,-180.0,160.0
texas-el-paso_vs_florida international_20210212,2021-02-12,texas-el-paso,Florida International,2021,1,1,0.7079275,1,-335.0,275.0
texas-el-paso_vs_florida international_20210213,2021-02-13,texas-el-paso,Florida International,2021,1,1,0.7382531,1,-380.0,315.0
texas-el-paso_vs_charlotte_20210227,2021-02-27,texas-el-paso,Charlotte,2021,1,1,0.7858097,1,-211.0,175.0
texas-el-paso_vs_charlotte_20210228,2021-02-28,texas-el-paso,Charlotte,2021,1,1,0.7894789,1,-265.0,225.0
texas-pan-american_vs_texas a&mâcorpus christi_20201202,2020-12-02,texas-pan-american,Texas A&MâCorpus Christi,2021,1,1,0.6985095,1,-530.0,407.0
texas-pan-american_vs_texas a&m_20201206,2020-12-06,texas-pan-american,Texas A&M,2021,0,0,0.2561767,1,879.0,-1469.0
texas-pan-american_vs_texas a&mâcorpus christi_20201210,2020-12-10,texas-pan-american,Texas A&MâCorpus Christi,2021,1,1,0.6658397,1,-133.0,114.0
texas-pan-american_vs_sam houston state_20201221,2020-12-21,texas-pan-american,Sam Houston State,2021,0,1,0.75171673,0,-199.0,168.0
texas-pan-american_vs_dixie state_20210115,2021-01-15,texas-pan-american,Dixie State,2021,1,1,0.80982995,1,-275.0,235.0
texas-pan-american_vs_dixie state_20210116,2021-01-16,texas-pan-american,Dixie State,2021,1,1,0.88012004,1,-440.0,350.0
texas-pan-american_vs_texas southern_20210206,2021-02-06,texas-pan-american,Texas Southern,2021,0,1,0.52834946,0,103.0,-121.0
texas-pan-american_vs_utah valley_20210226,2021-02-26,texas-pan-american,Utah Valley,2021,0,1,0.5798172,0,131.0,-151.0
texas-pan-american_vs_utah valley_20210227,2021-02-27,texas-pan-american,Utah Valley,2021,0,1,0.5341228,0,145.0,-165.0
texas-pan-american_vs_new mexico state_20210302,2021-03-02,texas-pan-american,New Mexico State,2021,0,0,0.4243201,1,320.0,-385.0
texas-pan-american_vs_tarleton state_20210305,2021-03-05,texas-pan-american,Tarleton State,2021,0,1,0.62662476,0,-207.0,173.0
texas-pan-american_vs_tarleton state_20210306,2021-03-06,texas-pan-american,Tarleton State,2021,0,1,0.53385633,0,-150.0,130.0
texas-pan-american_vs_new mexico state_20210311,2021-03-11,texas-pan-american,New Mexico State,2021,0,0,0.20135494,1,534.0,-750.0
texas-san-antonio_vs_lamar_20201222,2020-12-22,texas-san-antonio,Lamar,2021,1,1,0.87139267,1,-273.0,226.0
texas-san-antonio_vs_north texas_20210108,2021-01-08,texas-san-antonio,North Texas,2021,0,0,0.29325464,1,220.0,-260.0
texas-san-antonio_vs_north texas_20210109,2021-01-09,texas-san-antonio,North Texas,2021,1,0,0.2870052,0,205.0,-245.0
texas-san-antonio_vs_southern mississippi_20210122,2021-01-22,texas-san-antonio,Southern Mississippi,2021,1,1,0.7511733,1,-225.0,185.0
texas-san-antonio_vs_southern mississippi_20210123,2021-01-23,texas-san-antonio,Southern Mississippi,2021,1,1,0.76738846,1,-220.0,190.0
texas-san-antonio_vs_utep_20210128,2021-01-28,texas-san-antonio,UTEP,2021,1,0,0.4865751,0,-125.0,105.0
texas-san-antonio_vs_florida atlantic_20210212,2021-02-12,texas-san-antonio,Florida Atlantic,2021,1,1,0.7178433,1,-169.0,143.0
texas-san-antonio_vs_florida atlantic_20210213,2021-02-13,texas-san-antonio,Florida Atlantic,2021,1,1,0.7261255,1,-205.0,175.0
texas-san-antonio_vs_uab_20210226,2021-02-26,texas-san-antonio,UAB,2021,0,0,0.41654542,1,155.0,-175.0
texas-san-antonio_vs_uab_20210227,2021-02-27,texas-san-antonio,UAB,2021,1,0,0.41165555,0,160.0,-180.0
texas-san-antonio_vs_western kentucky_20210311,2021-03-11,texas-san-antonio,Western Kentucky,2021,0,0,0.3688848,1,260.0,-320.0
texas-southern_vs_alabama state_20210130,2021-01-30,texas-southern,Alabama State,2021,1,1,0.9018424,1,-1025.0,614.0
texas-southern_vs_alabama a&m_20210201,2021-02-01,texas-southern,Alabama A&M,2021,1,1,0.75431126,1,-429.0,319.0
texas-southern_vs_mississippi valley state_20210223,2021-02-23,texas-southern,Mississippi Valley State,2021,1,1,0.9145681,1,-3301.0,1294.0
texas-southern_vs_arkansasâpine bluff_20210225,2021-02-25,texas-southern,ArkansasâPine Bluff,2021,1,1,0.8841425,1,-1042.0,621.0
texas-southern_vs_alcorn state_20210304,2021-03-04,texas-southern,Alcorn State,2021,1,1,0.86441123,1,-705.0,469.0
texas-southern_vs_southern_20210306,2021-03-06,texas-southern,Southern,2021,1,1,0.75875497,1,-227.0,186.0
texas-state_vs_incarnate word_20201205,2020-12-05,texas-state,Incarnate Word,2021,1,1,0.9166476,1,-2136.0,1102.0
texas-state_vs_texas a&mâcorpus christi_20201215,2020-12-15,texas-state,Texas A&MâCorpus Christi,2021,1,1,0.87126344,1,-660.0,488.0
texas-state_vs_louisiana_20210129,2021-01-29,texas-state,Louisiana,2021,0,1,0.65818083,0,-170.0,148.0
texas-state_vs_louisiana_20210130,2021-01-30,texas-state,Louisiana,2021,0,1,0.60011387,0,-185.0,160.0
texas-state_vs_little rock_20210205,2021-02-05,texas-state,Little Rock,2021,1,1,0.7351006,1,-135.0,115.0
texas-state_vs_little rock_20210206,2021-02-06,texas-state,Little Rock,2021,1,1,0.7405845,1,-170.0,148.0
texas-state_vs_ut arlington_20210213,2021-02-13,texas-state,UT Arlington,2021,1,1,0.72379243,1,-240.0,200.0
texas-state_vs_louisianaâmonroe_20210226,2021-02-26,texas-state,LouisianaâMonroe,2021,1,1,0.82945985,1,-500.0,400.0
texas-state_vs_louisianaâmonroe_20210227,2021-02-27,texas-state,LouisianaâMonroe,2021,1,1,0.8798972,1,-506.0,364.0
texas-tech_vs_sam houston state_20201127,2020-11-27,texas-tech,Sam Houston State,2021,1,1,0.9563811,1,-9846.0,1961.0
texas-tech_vs_troy_20201204,2020-12-04,texas-tech,Troy,2021,1,1,0.966465,1,-15000.0,6000.0
texas-tech_vs_abilene christian_20201209,2020-12-09,texas-tech,Abilene Christian,2021,1,1,0.914201,1,-1513.0,895.0
texas-tech_vs_kansas_20201217,2020-12-17,texas-tech,Kansas,2021,0,1,0.7558482,0,-155.0,135.0
texas-tech_vs_incarnate word_20201229,2020-12-29,texas-tech,Incarnate Word,2021,1,1,0.9766514,1,-100000.0,3000.0
texas-tech_vs_oklahoma state_20210102,2021-01-02,texas-tech,Oklahoma State,2021,0,1,0.84713066,0,-400.0,320.0
texas-tech_vs_kansas state_20210105,2021-01-05,texas-tech,Kansas State,2021,1,1,0.91558427,1,-2200.0,1098.0
texas-tech_vs_baylor_20210116,2021-01-16,texas-tech,Baylor,2021,0,0,0.46783954,1,160.0,-180.0
texas-tech_vs_oklahoma_20210201,2021-02-01,texas-tech,Oklahoma,2021,1,1,0.7628419,1,-315.0,265.0
texas-tech_vs_west virginia_20210209,2021-02-09,texas-tech,West Virginia,2021,0,1,0.7622431,0,-250.0,210.0
texas-tech_vs_texas_20210227,2021-02-27,texas-tech,Texas,2021,1,1,0.7476939,1,-185.0,160.0
texas-tech_vs_tcu_20210302,2021-03-02,texas-tech,TCU,2021,1,1,0.9083289,1,-850.0,575.0
texas-tech_vs_iowa state_20210304,2021-03-04,texas-tech,Iowa State,2021,1,1,0.96321005,1,-1600.0,912.0
texas-tech_vs_utah state_20210319,2021-03-19,texas-tech,Utah State,2021,1,1,0.73979026,1,-195.0,166.0
toledo_vs_cleveland state_20201201,2020-12-01,toledo,Cleveland State,2021,1,1,0.7451724,1,-400.0,325.0
toledo_vs_kansas city_20201212,2020-12-12,toledo,Kansas City,2021,1,1,0.9338113,1,-700.0,506.0
toledo_vs_valparaiso_20201219,2020-12-19,toledo,Valparaiso,2021,1,1,0.80073035,1,-275.0,230.0
toledo_vs_northern illinois_20201222,2020-12-22,toledo,Northern Illinois,2021,1,1,0.9402905,1,-1062.0,703.0
toledo_vs_ohio_20210108,2021-01-08,toledo,Ohio,2021,1,1,0.634062,1,-195.0,166.0
toledo_vs_eastern michigan_20210112,2021-01-12,toledo,Eastern Michigan,2021,1,1,0.85354465,1,-500.0,400.0
toledo_vs_central michigan_20210119,2021-01-19,toledo,Central Michigan,2021,1,1,0.956172,1,-1250.0,777.0
toledo_vs_kent state_20210123,2021-01-23,toledo,Kent State,2021,1,1,0.7693547,1,-162.0,142.0
toledo_vs_akron_20210202,2021-02-02,toledo,Akron,2021,1,1,0.8174738,1,-240.0,200.0
toledo_vs_bowling green_20210213,2021-02-13,toledo,Bowling Green,2021,0,1,0.88380194,0,-365.0,295.0
toledo_vs_miami (oh)_20210216,2021-02-16,toledo,Miami (OH),2021,1,1,0.8552688,1,-600.0,460.0
toledo_vs_ball state_20210305,2021-03-05,toledo,Ball State,2021,1,1,0.8372902,1,-500.0,395.0
towson_vs_buffalo_20201127,2020-11-27,towson,Buffalo,2021,0,0,0.41337797,1,300.0,-360.0
towson_vs_coppin state_20201226,2020-12-26,towson,Coppin State,2021,1,1,0.7549274,1,-700.0,520.0
towson_vs_james madison_20210116,2021-01-16,towson,James Madison,2021,0,1,0.59180796,0,-135.0,115.0
towson_vs_unc wilmington_20210118,2021-01-18,towson,UNC Wilmington,2021,1,0,0.4401077,0,130.0,-150.0
towson_vs_unc wilmington_20210119,2021-01-19,towson,UNC Wilmington,2021,1,0,0.46232298,0,145.0,-165.0
towson_vs_william & mary_20210130,2021-01-30,towson,William & Mary,2021,0,1,0.7249348,0,-200.0,170.0
towson_vs_william & mary_20210131,2021-01-31,towson,William & Mary,2021,0,1,0.6444588,0,-184.0,164.0
towson_vs_northeastern_20210213,2021-02-13,towson,Northeastern,2021,0,0,0.3779515,1,120.0,-140.0
towson_vs_northeastern_20210214,2021-02-14,towson,Northeastern,2021,1,0,0.3677716,0,150.0,-170.0
troy_vs_samford_20201216,2020-12-16,troy,Samford,2021,1,0,0.43410677,0,123.0,-144.0
troy_vs_appalachian state_20210129,2021-01-29,troy,Appalachian State,2021,1,0,0.34707567,0,160.0,-180.0
troy_vs_appalachian state_20210130,2021-01-30,troy,Appalachian State,2021,1,0,0.34591383,0,163.0,-183.0
troy_vs_georgia southern_20210205,2021-02-05,troy,Georgia Southern,2021,1,1,0.5912247,1,-103.0,-117.0
troy_vs_georgia southern_20210206,2021-02-06,troy,Georgia Southern,2021,0,1,0.6303659,0,-117.0,-103.0
troy_vs_south alabama_20210213,2021-02-13,troy,South Alabama,2021,0,0,0.39560255,1,100.0,-120.0
troy_vs_coastal carolina_20210226,2021-02-26,troy,Coastal Carolina,2021,0,0,0.25910136,1,165.0,-190.0
troy_vs_coastal carolina_20210227,2021-02-27,troy,Coastal Carolina,2021,0,0,0.262961,1,215.0,-255.0
tulane_vs_lipscomb_20201129,2020-11-29,tulane,Lipscomb,2021,1,1,0.57306635,1,-104.0,-112.0
tulane_vs_southern mississippi_20201209,2020-12-09,tulane,Southern Mississippi,2021,1,0,0.48178715,0,-260.0,220.0
tulane_vs_arkansasâpine bluff_20201212,2020-12-12,tulane,ArkansasâPine Bluff,2021,1,1,0.76341534,1,-3830.0,1465.0
tulane_vs_memphis_20201216,2020-12-16,tulane,Memphis,2021,0,0,0.22868438,1,435.0,-570.0
tulane_vs_east carolina_20210102,2021-01-02,tulane,East Carolina,2021,1,0,0.49019906,0,104.0,-126.0
tulane_vs_temple_20210116,2021-01-16,tulane,Temple,2021,0,1,0.6584502,0,102.0,-122.0
tulane_vs_houston_20210128,2021-01-28,tulane,Houston,2021,0,0,0.14113362,1,850.0,-1300.0
tulane_vs_cincinnati_20210207,2021-02-07,tulane,Cincinnati,2021,0,0,0.36505976,1,200.0,-240.0
tulane_vs_ucf_20210220,2021-02-20,tulane,UCF,2021,0,0,0.48253652,1,100.0,-121.0
tulane_vs_wichita state_20210303,2021-03-03,tulane,Wichita State,2021,0,0,0.27454364,1,195.0,-225.0
tulane_vs_tulsa_20210311,2021-03-11,tulane,Tulsa,2021,1,0,0.41981226,0,160.0,-185.0
tulsa_vs_ut arlington_20201204,2020-12-04,tulsa,UT Arlington,2021,1,1,0.75605947,1,-240.0,200.0
tulsa_vs_wichita state_20201215,2020-12-15,tulsa,Wichita State,2021,0,0,0.45569447,1,-125.0,105.0
tulsa_vs_northwestern state_20201218,2020-12-18,tulsa,Northwestern State,2021,1,1,0.8493491,1,-2450.0,1187.0
tulsa_vs_houston_20201229,2020-12-29,tulsa,Houston,2021,1,0,0.276876,0,360.0,-450.0
tulsa_vs_memphis_20210117,2021-01-17,tulsa,Memphis,2021,1,0,0.49525958,0,120.0,-140.0
tulsa_vs_smu_20210203,2021-02-03,tulsa,SMU,2021,0,0,0.40228662,1,142.0,-162.0
tulsa_vs_ucf_20210206,2021-02-06,tulsa,UCF,2021,0,1,0.6529264,0,-205.0,175.0
tulsa_vs_tulane_20210210,2021-02-10,tulsa,Tulane,2021,0,1,0.7184963,0,-320.0,260.0
tulsa_vs_temple_20210216,2021-02-16,tulsa,Temple,2021,1,1,0.588624,1,-185.0,160.0
tulsa_vs_cincinnati_20210224,2021-02-24,tulsa,Cincinnati,2021,0,1,0.6029343,0,-125.0,105.0
ucla_vs_seattle_20201203,2020-12-03,ucla,Seattle,2021,1,1,0.94382703,1,-2851.0,1282.0
ucla_vs_california_20201206,2020-12-06,ucla,California,2021,1,1,0.8401112,1,-525.0,415.0
ucla_vs_san diego_20201209,2020-12-09,ucla,San Diego,2021,1,1,0.9148812,1,-3837.0,1466.0
ucla_vs_marquette_20201211,2020-12-11,ucla,Marquette,2021,1,1,0.77365804,1,-205.0,175.0
ucla_vs_utah_20201231,2020-12-31,ucla,Utah,2021,1,1,0.7995447,1,-310.0,255.0
ucla_vs_colorado_20210102,2021-01-02,ucla,Colorado,2021,1,1,0.68758464,1,-120.0,100.0
ucla_vs_washington state_20210114,2021-01-14,ucla,Washington State,2021,1,1,0.8652723,1,-465.0,375.0
ucla_vs_washington_20210116,2021-01-16,ucla,Washington,2021,1,1,0.95929503,1,-1300.0,790.0
ucla_vs_oregon state_20210130,2021-01-30,ucla,Oregon State,2021,1,1,0.90254277,1,-700.0,520.0
ucla_vs_arizona_20210218,2021-02-18,ucla,Arizona,2021,1,1,0.5205355,1,-130.0,108.0
ucla_vs_arizona state_20210220,2021-02-20,ucla,Arizona State,2021,1,1,0.81759346,1,-330.0,267.0
ucla_vs_southern california_20210306,2021-03-06,ucla,Southern California,2021,0,0,0.47539172,1,122.0,-142.0
utah_vs_idaho state_20201208,2020-12-08,utah,Idaho State,2021,1,1,0.9601119,1,-2665.0,1240.0
utah_vs_utah valley_20201215,2020-12-15,utah,Utah Valley,2021,1,1,0.9594771,1,-3000.0,1284.0
utah_vs_idaho_20201218,2020-12-18,utah,Idaho,2021,1,1,0.9674685,1,-6000.0,1673.0
utah_vs_oregon_20210109,2021-01-09,utah,Oregon,2021,0,0,0.42283627,1,130.0,-150.0
utah_vs_colorado_20210111,2021-01-11,utah,Colorado,2021,0,0,0.48048577,1,130.0,-150.0
utah_vs_stanford_20210114,2021-01-14,utah,Stanford,2021,1,0,0.49443138,0,-102.0,-118.0
utah_vs_california_20210116,2021-01-16,utah,California,2021,0,1,0.9087735,0,-662.0,519.0
utah_vs_arizona_20210204,2021-02-04,utah,Arizona,2021,1,0,0.39606324,0,,-130.0
utah_vs_ucla_20210225,2021-02-25,utah,UCLA,2021,0,1,0.53095835,0,-103.0,-117.0
utah_vs_southern california_20210227,2021-02-27,utah,Southern California,2021,1,0,0.4270033,0,170.0,-200.0
utah_vs_oregon state_20210303,2021-03-03,utah,Oregon State,2021,0,1,0.70470613,0,-235.0,195.0
utah_vs_arizona state_20210306,2021-03-06,utah,Arizona State,2021,1,1,0.7042404,1,-180.0,160.0
utah_vs_washington_20210310,2021-03-10,utah,Washington,2021,1,1,0.85223657,1,-359.0,289.0
utah-state_vs_brigham young_20201205,2020-12-05,utah-state,Brigham Young,2021,0,0,0.4121781,1,-107.0,-109.0
utah-state_vs_northern colorado_20201218,2020-12-18,utah-state,Northern Colorado,2021,1,1,0.89670765,1,,
utah-state_vs_san jose state_20201221,2020-12-21,utah-state,San Jose State,2021,1,1,0.85960495,1,-3260.0,1366.0
utah-state_vs_san jose state_20201223,2020-12-23,utah-state,San Jose State,2021,1,1,0.9138388,1,-6253.0,1694.0
utah-state_vs_san diego state_20210114,2021-01-14,utah-state,San Diego State,2021,1,0,0.4682176,0,-122.0,102.0
utah-state_vs_san diego state_20210116,2021-01-16,utah-state,San Diego State,2021,1,1,0.6418267,1,-166.0,140.0
utah-state_vs_colorado state_20210119,2021-01-19,utah-state,Colorado State,2021,1,1,0.8229925,1,-325.0,270.0
utah-state_vs_colorado state_20210121,2021-01-21,utah-state,Colorado State,2021,0,1,0.88236773,0,-350.0,280.0
utah-state_vs_nevada_20210226,2021-02-26,utah-state,Nevada,2021,1,1,0.88146305,1,-390.0,320.0
utah-state_vs_nevada_20210228,2021-02-28,utah-state,Nevada,2021,1,1,0.8858835,1,-330.0,270.0
utah-state_vs_wyoming_20210304,2021-03-04,utah-state,Wyoming,2021,1,1,0.9296722,1,-1400.0,825.0
utah-valley_vs_southern utah_20201209,2020-12-09,utah-valley,Southern Utah,2021,0,0,0.37591782,1,176.0,-208.0
utah-valley_vs_wyoming_20201212,2020-12-12,utah-valley,Wyoming,2021,0,0,0.19079484,1,280.0,-350.0
utah-valley_vs_california baptist_20210108,2021-01-08,utah-valley,California Baptist,2021,1,1,0.51333547,1,-170.0,150.0
utah-valley_vs_california baptist_20210109,2021-01-09,utah-valley,California Baptist,2021,1,1,0.7197337,1,-214.0,180.0
utah-valley_vs_tarleton state_20210129,2021-01-29,utah-valley,Tarleton State,2021,1,1,0.76822627,1,-265.0,225.0
utah-valley_vs_tarleton state_20210130,2021-01-30,utah-valley,Tarleton State,2021,0,1,0.7587973,0,-300.0,250.0
utah-valley_vs_dixie state_20210212,2021-02-12,utah-valley,Dixie State,2021,1,1,0.82942635,1,-440.0,350.0
utah-valley_vs_dixie state_20210213,2021-02-13,utah-valley,Dixie State,2021,0,1,0.8575287,0,-550.0,425.0
valparaiso_vs_siu edwardsville_20201209,2020-12-09,valparaiso,SIU Edwardsville,2021,1,1,0.84375197,1,-650.0,500.0
valparaiso_vs_missouri state_20210109,2021-01-09,valparaiso,Missouri State,2021,0,0,0.42152312,1,150.0,-170.0
valparaiso_vs_missouri state_20210110,2021-01-10,valparaiso,Missouri State,2021,0,0,0.41159475,1,145.0,-165.0
valparaiso_vs_loyola chicago_20210120,2021-01-20,valparaiso,Loyola Chicago,2021,0,0,0.16462943,1,520.0,-725.0
valparaiso_vs_bradley_20210128,2021-01-28,valparaiso,Bradley,2021,1,0,0.26385564,0,195.0,-225.0
valparaiso_vs_drake_20210206,2021-02-06,valparaiso,Drake,2021,0,0,0.12260494,1,600.0,-900.0
valparaiso_vs_drake_20210207,2021-02-07,valparaiso,Drake,2021,1,0,0.12167269,0,588.0,-850.0
valparaiso_vs_bradley_20210210,2021-02-10,valparaiso,Bradley,2021,0,0,0.34073287,1,145.0,-165.0
valparaiso_vs_indiana state_20210226,2021-02-26,valparaiso,Indiana State,2021,0,0,0.4156443,1,100.0,-120.0
valparaiso_vs_indiana state_20210227,2021-02-27,valparaiso,Indiana State,2021,1,0,0.37108248,0,101.0,-121.0
vanderbilt_vs_mississippi valley state_20201213,2020-12-13,vanderbilt,Mississippi Valley State,2021,1,1,0.9491019,1,-100000.0,3000.0
vanderbilt_vs_richmond_20201216,2020-12-16,vanderbilt,Richmond,2021,0,0,0.4394413,1,270.0,-325.0
vanderbilt_vs_radford_20201219,2020-12-19,vanderbilt,Radford,2021,1,1,0.92762077,1,-931.0,638.0
vanderbilt_vs_alcorn state_20201227,2020-12-27,vanderbilt,Alcorn State,2021,1,1,0.942407,1,-7255.0,1821.0
vanderbilt_vs_florida_20201230,2020-12-30,vanderbilt,Florida,2021,0,0,0.34919783,1,260.0,-310.0
vanderbilt_vs_mississippi state_20210109,2021-01-09,vanderbilt,Mississippi State,2021,0,0,0.44794214,1,150.0,-170.0
vanderbilt_vs_arkansas_20210123,2021-01-23,vanderbilt,Arkansas,2021,0,0,0.29236948,1,315.0,-380.0
vanderbilt_vs_south carolina_20210130,2021-01-30,vanderbilt,South Carolina,2021,1,0,0.47284985,0,162.0,-182.0
vanderbilt_vs_auburn_20210209,2021-02-09,vanderbilt,Auburn,2021,0,0,0.4497367,1,215.0,-260.0
vanderbilt_vs_kentucky_20210217,2021-02-17,vanderbilt,Kentucky,2021,0,0,0.4297928,1,160.0,-185.0
vanderbilt_vs_tennessee_20210224,2021-02-24,vanderbilt,Tennessee,2021,0,0,0.35757214,1,500.0,-650.0
vermont_vs_njit_20201227,2020-12-27,vermont,NJIT,2021,1,1,0.8484832,1,-575.0,455.0
vermont_vs_njit_20201228,2020-12-28,vermont,NJIT,2021,0,1,0.88323504,0,-600.0,460.0
vermont_vs_albany (ny)_20210102,2021-01-02,vermont,Albany (NY),2021,0,1,0.9521289,0,-722.0,561.0
vermont_vs_albany (ny)_20210103,2021-01-03,vermont,Albany (NY),2021,1,1,0.9380478,1,-868.0,605.0
vermont_vs_maine_20210116,2021-01-16,vermont,Maine,2021,1,1,0.92096704,1,-1927.0,935.0
vermont_vs_maine_20210117,2021-01-17,vermont,Maine,2021,1,1,0.9306542,1,-1877.0,919.0
vermont_vs_stony brook_20210213,2021-02-13,vermont,Stony Brook,2021,1,1,0.9088932,1,-582.0,406.0
vermont_vs_stony brook_20210214,2021-02-14,vermont,Stony Brook,2021,1,1,0.8640304,1,-650.0,500.0
villanova_vs_virginia tech_20201128,2020-11-28,villanova,Virginia Tech,2021,0,1,0.7317602,0,-450.0,360.0
villanova_vs_saint joseph's_20201219,2020-12-19,villanova,Saint Joseph's,2021,1,1,0.9442509,1,-4000.0,1500.0
villanova_vs_seton hall_20210119,2021-01-19,villanova,Seton Hall,2021,1,1,0.7999048,1,-425.0,340.0
villanova_vs_providence_20210123,2021-01-23,villanova,Providence,2021,1,1,0.8409459,1,-700.0,520.0
villanova_vs_georgetown_20210207,2021-02-07,villanova,Georgetown,2021,1,1,0.87828654,1,-1000.0,650.0
villanova_vs_marquette_20210210,2021-02-10,villanova,Marquette,2021,1,1,0.81162536,1,-635.0,468.0
villanova_vs_connecticut_20210220,2021-02-20,villanova,Connecticut,2021,1,1,0.6518623,1,-330.0,270.0
villanova_vs_st. john's (ny)_20210223,2021-02-23,villanova,St. John's (NY),2021,1,1,0.74218774,1,-655.0,505.0
villanova_vs_creighton_20210303,2021-03-03,villanova,Creighton,2021,1,1,0.68710476,1,-220.0,180.0
villanova_vs_winthrop_20210319,2021-03-19,villanova,Winthrop,2021,1,1,0.7562137,1,-240.0,205.0
virginia_vs_saint francis (pa)_20201201,2020-12-01,virginia,Saint Francis (PA),2021,1,1,0.95743006,1,-4603.0,1574.0
virginia_vs_william & mary_20201222,2020-12-22,virginia,William & Mary,2021,1,1,0.963702,1,-6000.0,1673.0
virginia_vs_wake forest_20210106,2021-01-06,virginia,Wake Forest,2021,1,1,0.9216719,1,-1348.0,830.0
virginia_vs_notre dame_20210113,2021-01-13,virginia,Notre Dame,2021,1,1,0.856529,1,-500.0,395.0
virginia_vs_georgia tech_20210123,2021-01-23,virginia,Georgia Tech,2021,1,1,0.7492927,1,-370.0,310.0
virginia_vs_syracuse_20210125,2021-01-25,virginia,Syracuse,2021,1,1,0.65699416,1,-325.0,270.0
virginia_vs_pittsburgh_20210206,2021-02-06,virginia,Pittsburgh,2021,1,1,0.87339264,1,-630.0,465.0
virginia_vs_north carolina_20210213,2021-02-13,virginia,North Carolina,2021,1,1,0.7964177,1,-265.0,219.0
virginia_vs_nc state_20210224,2021-02-24,virginia,NC State,2021,0,1,0.7866722,0,-675.0,492.0
virginia_vs_miami (fl)_20210301,2021-03-01,virginia,Miami (FL),2021,1,1,0.9449659,1,-1300.0,850.0
virginia-commonwealth_vs_west virginia_20201126,2020-11-26,virginia-commonwealth,West Virginia,2021,0,0,0.21440874,1,412.0,-537.0
virginia-commonwealth_vs_mount st. mary's_20201205,2020-12-05,virginia-commonwealth,Mount St. Mary's,2021,1,1,0.91229004,1,-1416.0,858.0
virginia-commonwealth_vs_north carolina a&t_20201209,2020-12-09,virginia-commonwealth,North Carolina A&T,2021,1,1,0.936632,1,-8430.0,1893.0
virginia-commonwealth_vs_old dominion_20201212,2020-12-12,virginia-commonwealth,Old Dominion,2021,1,1,0.66881716,1,-315.0,260.0
virginia-commonwealth_vs_western carolina_20201215,2020-12-15,virginia-commonwealth,Western Carolina,2021,1,1,0.8414553,1,-1274.0,799.0
virginia-commonwealth_vs_james madison_20201222,2020-12-22,virginia-commonwealth,James Madison,2021,1,1,0.9238831,1,-3500.0,1410.0
virginia-commonwealth_vs_rhode island_20210109,2021-01-09,virginia-commonwealth,Rhode Island,2021,0,1,0.76198566,0,-259.0,216.0
virginia-commonwealth_vs_dayton_20210123,2021-01-23,virginia-commonwealth,Dayton,2021,1,1,0.78826797,1,-255.0,215.0
virginia-commonwealth_vs_la salle_20210130,2021-01-30,virginia-commonwealth,La Salle,2021,1,1,0.9407369,1,-1250.0,800.0
virginia-commonwealth_vs_st. bonaventure_20210212,2021-02-12,virginia-commonwealth,St. Bonaventure,2021,1,1,0.7137509,1,-160.0,140.0
virginia-commonwealth_vs_richmond_20210217,2021-02-17,virginia-commonwealth,Richmond,2021,1,1,0.72551125,1,-145.0,125.0
virginia-commonwealth_vs_george mason_20210220,2021-02-20,virginia-commonwealth,George Mason,2021,0,1,0.88040924,0,-500.0,400.0
virginia-commonwealth_vs_saint louis_20210223,2021-02-23,virginia-commonwealth,Saint Louis,2021,1,1,0.6256585,1,150.0,-170.0
virginia-commonwealth_vs_dayton_20210305,2021-03-05,virginia-commonwealth,Dayton,2021,1,1,0.80768013,1,-165.0,145.0
virginia-commonwealth_vs_davidson_20210306,2021-03-06,virginia-commonwealth,Davidson,2021,1,1,0.6897081,1,-125.0,105.0
virginia-military-institute_vs_longwood_20201201,2020-12-01,virginia-military-institute,Longwood,2021,1,1,0.7788167,1,-233.0,195.0
virginia-military-institute_vs_hampton_20201213,2020-12-13,virginia-military-institute,Hampton,2021,1,1,0.77292836,1,-303.0,249.0
virginia-military-institute_vs_chattanooga_20210102,2021-01-02,virginia-military-institute,Chattanooga,2021,1,0,0.47343773,0,150.0,-170.0
virginia-military-institute_vs_wofford_20210113,2021-01-13,virginia-military-institute,Wofford,2021,0,0,0.4296608,1,220.0,-260.0
virginia-military-institute_vs_the citadel_20210116,2021-01-16,virginia-military-institute,The Citadel,2021,1,1,0.5533465,1,-175.0,155.0
virginia-military-institute_vs_furman_20210120,2021-01-20,virginia-military-institute,Furman,2021,1,0,0.21925835,0,460.0,-600.0
virginia-military-institute_vs_western carolina_20210127,2021-01-27,virginia-military-institute,Western Carolina,2021,1,1,0.71131575,1,,
virginia-military-institute_vs_samford_20210213,2021-02-13,virginia-military-institute,Samford,2021,1,1,0.70733976,1,-265.0,225.0
virginia-military-institute_vs_unc greensboro_20210217,2021-02-17,virginia-military-institute,UNC Greensboro,2021,1,0,0.3955847,0,166.0,-195.0
virginia-tech_vs_vmi_20201203,2020-12-03,virginia-tech,VMI,2021,1,1,0.95096064,1,-3220.0,1358.0
virginia-tech_vs_penn state_20201208,2020-12-08,virginia-tech,Penn State,2021,0,1,0.66127044,0,-235.0,195.0
virginia-tech_vs_clemson_20201215,2020-12-15,virginia-tech,Clemson,2021,1,0,0.4185345,0,-135.0,115.0
virginia-tech_vs_coppin state_20201219,2020-12-19,virginia-tech,Coppin State,2021,1,1,0.94957024,1,-12374.0,2052.0
virginia-tech_vs_longwood_20201221,2020-12-21,virginia-tech,Longwood,2021,1,1,0.9650209,1,-6089.0,1731.0
virginia-tech_vs_miami (fl)_20201229,2020-12-29,virginia-tech,Miami (FL),2021,1,1,0.66976976,1,-355.0,295.0
virginia-tech_vs_notre dame_20210110,2021-01-10,virginia-tech,Notre Dame,2021,1,1,0.7335758,1,-290.0,245.0
virginia-tech_vs_duke_20210112,2021-01-12,virginia-tech,Duke,2021,1,1,0.6075065,1,115.0,-135.0
virginia-tech_vs_virginia_20210130,2021-01-30,virginia-tech,Virginia,2021,1,0,0.40494472,0,185.0,-215.0
virginia-tech_vs_georgia tech_20210223,2021-02-23,virginia-tech,Georgia Tech,2021,0,1,0.64416856,0,-170.0,150.0
virginia-tech_vs_wake forest_20210227,2021-02-27,virginia-tech,Wake Forest,2021,1,1,0.82395154,1,-570.0,435.0
wagner_vs_sacred heart_20201221,2020-12-21,wagner,Sacred Heart,2021,1,1,0.71630806,1,-312.0,256.0
wagner_vs_sacred heart_20201222,2020-12-22,wagner,Sacred Heart,2021,0,1,0.80851007,0,-318.0,260.0
wagner_vs_liu_20210114,2021-01-14,wagner,LIU,2021,0,1,0.5740606,0,-121.0,104.0
wagner_vs_liu_20210115,2021-01-15,wagner,LIU,2021,1,1,0.56563085,1,112.0,-131.0
wagner_vs_fairleigh dickinson_20210211,2021-02-11,wagner,Fairleigh Dickinson,2021,1,1,0.6578332,1,,-106.0
wagner_vs_saint francis (pa)_20210220,2021-02-20,wagner,Saint Francis (PA),2021,1,1,0.82466143,1,-225.0,185.0
wagner_vs_saint francis (pa)_20210221,2021-02-21,wagner,Saint Francis (PA),2021,1,1,0.82837766,1,-245.0,205.0
wagner_vs_merrimack_20210302,2021-03-02,wagner,Merrimack,2021,1,1,0.76978827,1,-222.0,183.0
wagner_vs_merrimack_20210303,2021-03-03,wagner,Merrimack,2021,1,1,0.76857424,1,-190.0,165.0
wagner_vs_mount st. mary's_20210306,2021-03-06,wagner,Mount St. Mary's,2021,0,1,0.7450281,0,-195.0,170.0
wake-forest_vs_longwood_20201127,2020-11-27,wake-forest,Longwood,2021,1,1,0.9236833,1,-5124.0,1636.0
wake-forest_vs_louisville_20210113,2021-01-13,wake-forest,Louisville,2021,0,0,0.3979427,1,270.0,-330.0
wake-forest_vs_virginia tech_20210117,2021-01-17,wake-forest,Virginia Tech,2021,0,0,0.44601893,1,250.0,-300.0
wake-forest_vs_pittsburgh_20210123,2021-01-23,wake-forest,Pittsburgh,2021,1,0,0.42575493,0,115.0,-135.0
wake-forest_vs_miami (fl)_20210130,2021-01-30,wake-forest,Miami (FL),2021,1,1,0.62923306,1,-163.0,138.0
wake-forest_vs_duke_20210217,2021-02-17,wake-forest,Duke,2021,0,0,0.36548197,1,240.0,-280.0
wake-forest_vs_nc state_20210220,2021-02-20,wake-forest,NC State,2021,0,0,0.45497262,1,-117.0,-103.0
wake-forest_vs_clemson_20210224,2021-02-24,wake-forest,Clemson,2021,0,0,0.38205197,1,135.0,-155.0
wake-forest_vs_georgia tech_20210305,2021-03-05,wake-forest,Georgia Tech,2021,0,0,0.26844653,1,325.0,-400.0
washington_vs_utah_20201203,2020-12-03,washington,Utah,2021,0,1,0.5302845,0,265.0,-325.0
washington_vs_seattle_20201209,2020-12-09,washington,Seattle,2021,1,1,0.93088835,1,-850.0,575.0
washington_vs_oregon_20201212,2020-12-12,washington,Oregon,2021,0,0,0.3249211,1,320.0,-390.0
washington_vs_montana_20201216,2020-12-16,washington,Montana,2021,0,1,0.9024242,0,-330.0,270.0
washington_vs_arizona_20201231,2020-12-31,washington,Arizona,2021,0,0,0.35525718,1,349.0,-431.0
washington_vs_colorado_20210120,2021-01-20,washington,Colorado,2021,1,0,0.14178653,0,593.0,-859.0
washington_vs_utah_20210124,2021-01-24,washington,Utah,2021,1,0,0.3446445,0,178.0,-212.0
washington_vs_washington state_20210131,2021-01-31,washington,Washington State,2021,0,1,0.5054573,0,-117.0,100.0
washington_vs_southern california_20210211,2021-02-11,washington,Southern California,2021,0,0,0.14338341,1,550.0,-750.0
washington_vs_ucla_20210213,2021-02-13,washington,UCLA,2021,0,0,0.29092032,1,400.0,-500.0
washington_vs_stanford_20210218,2021-02-18,washington,Stanford,2021,0,0,0.35630032,1,364.0,-507.0
washington_vs_california_20210220,2021-02-20,washington,California,2021,1,1,0.57298166,1,-119.0,-101.0
washington-state_vs_eastern washington_20201128,2020-11-28,washington-state,Eastern Washington,2021,1,1,0.6697738,1,-240.0,200.0
washington-state_vs_oregon state_20201202,2020-12-02,washington-state,Oregon State,2021,1,0,0.37505308,0,125.0,-145.0
washington-state_vs_idaho_20201209,2020-12-09,washington-state,Idaho,2021,1,1,0.9325712,1,-3009.0,1316.0
washington-state_vs_portland state_20201213,2020-12-13,washington-state,Portland State,2021,1,1,0.8064848,1,-500.0,395.0
washington-state_vs_montana state_20201218,2020-12-18,washington-state,Montana State,2021,1,1,0.6443889,1,-190.0,165.0
washington-state_vs_northwestern state_20201223,2020-12-23,washington-state,Northwestern State,2021,1,1,0.8656069,1,-1669.0,1133.0
washington-state_vs_arizona_20210102,2021-01-02,washington-state,Arizona,2021,0,0,0.31261778,1,310.0,-380.0
washington-state_vs_utah_20210121,2021-01-21,washington-state,Utah,2021,0,0,0.39698863,1,125.0,-145.0
washington-state_vs_colorado_20210123,2021-01-23,washington-state,Colorado,2021,0,0,0.25423327,1,400.0,-500.0
washington-state_vs_ucla_20210211,2021-02-11,washington-state,UCLA,2021,1,0,0.31090435,0,175.0,-210.0
washington-state_vs_southern california_20210213,2021-02-13,washington-state,Southern California,2021,0,0,0.3186905,1,290.0,-360.0
washington-state_vs_washington_20210215,2021-02-15,washington-state,Washington,2021,0,1,0.7758707,0,-260.0,220.0
washington-state_vs_california_20210218,2021-02-18,washington-state,California,2021,1,1,0.7335105,1,-121.0,104.0
washington-state_vs_stanford_20210220,2021-02-20,washington-state,Stanford,2021,1,1,0.51887447,1,255.0,-305.0
weber-state_vs_utah valley_20210102,2021-01-02,weber-state,Utah Valley,2021,1,1,0.67178106,1,-260.0,220.0
weber-state_vs_tarleton state_20210117,2021-01-17,weber-state,Tarleton State,2021,1,1,0.7193744,1,-700.0,520.0
weber-state_vs_southern utah_20210121,2021-01-21,weber-state,Southern Utah,2021,1,0,0.39607438,0,-145.0,125.0
weber-state_vs_montana state_20210204,2021-02-04,weber-state,Montana State,2021,1,1,0.71044606,1,-240.0,200.0
weber-state_vs_montana state_20210206,2021-02-06,weber-state,Montana State,2021,1,1,0.73085916,1,-290.0,237.0
weber-state_vs_northern arizona_20210218,2021-02-18,weber-state,Northern Arizona,2021,1,1,0.9218472,1,-1000.0,650.0
weber-state_vs_northern arizona_20210220,2021-02-20,weber-state,Northern Arizona,2021,1,1,0.9370831,1,-1000.0,660.0
weber-state_vs_northern colorado_20210304,2021-03-04,weber-state,Northern Colorado,2021,1,1,0.78293204,1,-500.0,400.0
western-carolina_vs_troy_20201127,2020-11-27,western-carolina,Troy,2021,0,1,0.7720803,0,-420.0,335.0
western-carolina_vs_east tennessee state_20210120,2021-01-20,western-carolina,East Tennessee State,2021,0,0,0.49878275,1,-101.0,-119.0
western-carolina_vs_furman_20210130,2021-01-30,western-carolina,Furman,2021,0,0,0.23482315,1,345.0,-425.0
western-carolina_vs_the citadel_20210201,2021-02-01,western-carolina,The Citadel,2021,1,1,0.6169014,1,-290.0,245.0
western-carolina_vs_chattanooga_20210203,2021-02-03,western-carolina,Chattanooga,2021,0,1,0.5356201,0,-120.0,100.0
western-carolina_vs_vmi_20210210,2021-02-10,western-carolina,VMI,2021,1,0,0.4442088,0,-132.0,113.0
western-carolina_vs_wofford_20210220,2021-02-20,western-carolina,Wofford,2021,0,0,0.3719493,1,175.0,-210.0
western-carolina_vs_unc greensboro_20210222,2021-02-22,western-carolina,UNC Greensboro,2021,0,0,0.2410695,1,335.0,-420.0
western-carolina_vs_mercer_20210227,2021-02-27,western-carolina,Mercer,2021,1,0,0.27691874,0,181.0,-219.0
western-illinois_vs_central michigan_20201206,2020-12-06,western-illinois,Central Michigan,2021,0,0,0.45476618,1,215.0,-255.0
western-illinois_vs_depaul_20201223,2020-12-23,western-illinois,DePaul,2021,0,0,0.20972885,1,1061.0,-1998.0
western-illinois_vs_north dakota state_20210102,2021-01-02,western-illinois,North Dakota State,2021,0,0,0.41884288,1,240.0,-280.0
western-illinois_vs_north dakota state_20210103,2021-01-03,western-illinois,North Dakota State,2021,0,0,0.3769314,1,285.0,-345.0
western-illinois_vs_south dakota_20210122,2021-01-22,western-illinois,South Dakota,2021,0,0,0.3242011,1,255.0,-310.0
western-illinois_vs_south dakota_20210123,2021-01-23,western-illinois,South Dakota,2021,0,0,0.32174313,1,250.0,-300.0
western-illinois_vs_denver_20210212,2021-02-12,western-illinois,Denver,2021,1,1,0.84195626,1,-225.0,195.0
western-illinois_vs_denver_20210213,2021-02-13,western-illinois,Denver,2021,1,1,0.83634114,1,-272.0,218.0
western-kentucky_vs_west virginia_20201127,2020-11-27,western-kentucky,West Virginia,2021,0,0,0.31534868,1,210.0,-250.0
western-kentucky_vs_mississippi valley state_20201206,2020-12-06,western-kentucky,Mississippi Valley State,2021,1,1,0.95596945,1,-100000.0,3000.0
western-kentucky_vs_gardner-webb_20201210,2020-12-10,western-kentucky,Gardner-Webb,2021,1,1,0.9588004,1,-4984.0,1620.0
western-kentucky_vs_rhode island_20201213,2020-12-13,western-kentucky,Rhode Island,2021,1,1,0.75643086,1,-221.0,186.0
western-kentucky_vs_louisiana tech_20210108,2021-01-08,western-kentucky,Louisiana Tech,2021,1,1,0.7758389,1,-315.0,265.0
western-kentucky_vs_louisiana tech_20210109,2021-01-09,western-kentucky,Louisiana Tech,2021,0,1,0.7812797,0,-260.0,220.0
western-kentucky_vs_marshall_20210115,2021-01-15,western-kentucky,Marshall,2021,1,1,0.51042396,1,-185.0,160.0
western-kentucky_vs_rice_20210212,2021-02-12,western-kentucky,Rice,2021,1,1,0.79348975,1,-540.0,422.0
western-kentucky_vs_rice_20210213,2021-02-13,western-kentucky,Rice,2021,1,1,0.8097213,1,-500.0,395.0
western-kentucky_vs_florida international_20210228,2021-02-28,western-kentucky,Florida International,2021,1,1,0.9225292,1,-1400.0,837.0
western-kentucky_vs_florida international_20210301,2021-03-01,western-kentucky,Florida International,2021,1,1,0.9319143,1,-1700.0,900.0
western-kentucky_vs_old dominion_20210305,2021-03-05,western-kentucky,Old Dominion,2021,0,1,0.81852937,0,-293.0,242.0
western-kentucky_vs_old dominion_20210306,2021-03-06,western-kentucky,Old Dominion,2021,1,1,0.80445474,1,-300.0,250.0
west-virginia_vs_north texas_20201211,2020-12-11,west-virginia,North Texas,2021,1,1,0.9023003,1,-1250.0,800.0
west-virginia_vs_richmond_20201213,2020-12-13,west-virginia,Richmond,2021,1,1,0.8400433,1,-325.0,263.0
west-virginia_vs_iowa state_20201218,2020-12-18,west-virginia,Iowa State,2021,1,1,0.9394771,1,-1432.0,1000.0
west-virginia_vs_northeastern_20201229,2020-12-29,west-virginia,Northeastern,2021,1,1,0.9682501,1,-3000.0,1250.0
west-virginia_vs_texas_20210109,2021-01-09,west-virginia,Texas,2021,0,1,0.5886587,0,-130.0,
west-virginia_vs_texas tech_20210125,2021-01-25,west-virginia,Texas Tech,2021,1,1,0.7445497,1,,-130.0
west-virginia_vs_florida_20210130,2021-01-30,west-virginia,Florida,2021,0,1,0.80798846,0,-170.0,150.0
west-virginia_vs_kansas_20210206,2021-02-06,west-virginia,Kansas,2021,1,1,0.80324405,1,-140.0,120.0
west-virginia_vs_oklahoma_20210213,2021-02-13,west-virginia,Oklahoma,2021,0,1,0.8064336,0,-177.0,157.0
west-virginia_vs_kansas state_20210227,2021-02-27,west-virginia,Kansas State,2021,1,1,0.9547725,1,-1333.0,735.0
west-virginia_vs_baylor_20210302,2021-03-02,west-virginia,Baylor,2021,0,1,0.5124003,0,155.0,-175.0
west-virginia_vs_tcu_20210304,2021-03-04,west-virginia,TCU,2021,1,1,0.92645496,1,-1000.0,650.0
west-virginia_vs_oklahoma state_20210306,2021-03-06,west-virginia,Oklahoma State,2021,0,1,0.84865725,0,-500.0,400.0
wichita-state_vs_missouri_20201206,2020-12-06,wichita-state,Missouri,2021,0,0,0.44270363,1,170.0,-200.0
wichita-state_vs_oklahoma state_20201212,2020-12-12,wichita-state,Oklahoma State,2021,0,1,0.55219775,0,140.0,-160.0
wichita-state_vs_cincinnati_20210110,2021-01-10,wichita-state,Cincinnati,2021,1,1,0.794754,1,-136.0,116.0
wichita-state_vs_tulsa_20210113,2021-01-13,wichita-state,Tulsa,2021,1,1,0.7488896,1,-170.0,150.0
wichita-state_vs_ucf_20210130,2021-01-30,wichita-state,UCF,2021,1,1,0.75685817,1,-250.0,210.0
wichita-state_vs_tulane_20210203,2021-02-03,wichita-state,Tulane,2021,1,1,0.8911414,1,-650.0,477.0
wichita-state_vs_temple_20210207,2021-02-07,wichita-state,Temple,2021,1,1,0.8488943,1,-400.0,320.0
wichita-state_vs_houston_20210218,2021-02-18,wichita-state,Houston,2021,1,0,0.30414587,0,260.0,-320.0
wichita-state_vs_south florida_20210306,2021-03-06,wichita-state,South Florida,2021,1,1,0.94325763,1,-700.0,500.0
william-mary_vs_high point_20201219,2020-12-19,william-mary,High Point,2021,0,1,0.71043164,0,-290.0,239.0
william-mary_vs_delaware_20210109,2021-01-09,william-mary,Delaware,2021,1,1,0.53448457,1,-120.0,100.0
william-mary_vs_drexel_20210123,2021-01-23,william-mary,Drexel,2021,0,0,0.32344648,1,160.0,-185.0
william-mary_vs_elon_20210220,2021-02-20,william-mary,Elon,2021,0,1,0.73062354,0,-142.0,123.0
winthrop_vs_furman_20201219,2020-12-19,winthrop,Furman,2021,1,1,0.5152133,1,137.0,-161.0
winthrop_vs_campbell_20201230,2020-12-30,winthrop,Campbell,2021,1,1,0.9385512,1,-2780.0,1266.0
winthrop_vs_campbell_20201231,2020-12-31,winthrop,Campbell,2021,1,1,0.9047101,1,-1485.0,885.0
winthrop_vs_gardner-webb_20210109,2021-01-09,winthrop,Gardner-Webb,2021,1,1,0.84864634,1,-648.0,509.0
winthrop_vs_gardner-webb_20210110,2021-01-10,winthrop,Gardner-Webb,2021,1,1,0.85346085,1,-829.0,584.0
winthrop_vs_longwood_20210114,2021-01-14,winthrop,Longwood,2021,1,1,0.9426938,1,-1670.0,853.0
winthrop_vs_longwood_20210115,2021-01-15,winthrop,Longwood,2021,1,1,0.9283425,1,-1593.0,827.0
winthrop_vs_unc asheville_20210128,2021-01-28,winthrop,UNC Asheville,2021,1,1,0.8781223,1,-900.0,640.0
winthrop_vs_unc asheville_20210129,2021-01-29,winthrop,UNC Asheville,2021,0,1,0.8655777,0,-836.0,531.0
winthrop_vs_high point_20210301,2021-03-01,winthrop,High Point,2021,1,1,0.9165153,1,-949.0,582.0
winthrop_vs_longwood_20210304,2021-03-04,winthrop,Longwood,2021,1,1,0.8849184,1,-937.0,632.0
winthrop_vs_campbell_20210307,2021-03-07,winthrop,Campbell,2021,1,1,0.85612804,1,-577.0,458.0
wisconsin_vs_arkansasâpine bluff_20201127,2020-11-27,wisconsin,ArkansasâPine Bluff,2021,1,1,0.9491046,1,100.0,3000.0
wisconsin_vs_green bay_20201201,2020-12-01,wisconsin,Green Bay,2021,1,1,0.9573052,1,-6678.0,1779.0
wisconsin_vs_rhode island_20201209,2020-12-09,wisconsin,Rhode Island,2021,1,1,0.80440724,1,-600.0,450.0
wisconsin_vs_loyola chicago_20201215,2020-12-15,wisconsin,Loyola Chicago,2021,1,1,0.79309684,1,-500.0,400.0
wisconsin_vs_louisville_20201219,2020-12-19,wisconsin,Louisville,2021,1,1,0.76561964,1,-380.0,315.0
wisconsin_vs_nebraska_20201222,2020-12-22,wisconsin,Nebraska,2021,1,1,0.90549374,1,-1772.0,988.0
wisconsin_vs_maryland_20201228,2020-12-28,wisconsin,Maryland,2021,0,1,0.8463343,0,-550.0,430.0
wisconsin_vs_minnesota_20201231,2020-12-31,wisconsin,Minnesota,2021,1,1,0.70617753,1,-400.0,320.0
wisconsin_vs_indiana_20210107,2021-01-07,wisconsin,Indiana,2021,1,1,0.7399439,1,-440.0,350.0
wisconsin_vs_northwestern_20210120,2021-01-20,wisconsin,Northwestern,2021,1,1,0.8325889,1,-700.0,500.0
wisconsin_vs_ohio state_20210123,2021-01-23,wisconsin,Ohio State,2021,0,1,0.7714168,0,-235.0,195.0
wisconsin_vs_penn state_20210202,2021-02-02,wisconsin,Penn State,2021,1,1,0.78198534,1,-380.0,310.0
wisconsin_vs_michigan_20210214,2021-02-14,wisconsin,Michigan,2021,0,0,0.46627915,1,102.0,-122.0
wisconsin_vs_iowa_20210218,2021-02-18,wisconsin,Iowa,2021,0,0,0.44786218,1,-132.0,112.0
wisconsin_vs_illinois_20210227,2021-02-27,wisconsin,Illinois,2021,0,1,0.60473514,0,-210.0,175.0
wofford_vs_coastal carolina_20201215,2020-12-15,wofford,Coastal Carolina,2021,1,1,0.5607247,1,-270.0,230.0
wofford_vs_samford_20210102,2021-01-02,wofford,Samford,2021,1,1,0.7746361,1,-598.0,450.0
wofford_vs_unc greensboro_20210106,2021-01-06,wofford,UNC Greensboro,2021,0,1,0.63344115,0,-119.0,-101.0
wofford_vs_western carolina_20210123,2021-01-23,wofford,Western Carolina,2021,1,1,0.7931162,1,-330.0,275.0
wofford_vs_mercer_20210130,2021-01-30,wofford,Mercer,2021,1,1,0.6612137,1,-175.0,155.0
wofford_vs_east tennessee state_20210201,2021-02-01,wofford,East Tennessee State,2021,1,1,0.6496305,1,-145.0,125.0
wofford_vs_vmi_20210203,2021-02-03,wofford,VMI,2021,0,1,0.72236,0,-325.0,270.0
wofford_vs_chattanooga_20210210,2021-02-10,wofford,Chattanooga,2021,0,1,0.727834,0,-200.0,170.0
wofford_vs_the citadel_20210217,2021-02-17,wofford,The Citadel,2021,1,1,0.67684954,1,-450.0,360.0
wofford_vs_furman_20210227,2021-02-27,wofford,Furman,2021,1,0,0.46767187,0,116.0,-136.0
wright-state_vs_miami (oh)_20201205,2020-12-05,wright-state,Miami (OH),2021,1,1,0.61150545,1,-200.0,170.0
wright-state_vs_green bay_20201226,2020-12-26,wright-state,Green Bay,2021,1,1,0.9347456,1,-1649.0,946.0
wright-state_vs_green bay_20201227,2020-12-27,wright-state,Green Bay,2021,1,1,0.93443364,1,-1800.0,980.0
wright-state_vs_youngstown state_20210108,2021-01-08,wright-state,Youngstown State,2021,0,1,0.88598096,0,-750.0,534.0
wright-state_vs_youngstown state_20210109,2021-01-09,wright-state,Youngstown State,2021,1,1,0.865569,1,-650.0,477.0
wright-state_vs_cleveland state_20210115,2021-01-15,wright-state,Cleveland State,2021,0,1,0.8542188,0,-450.0,360.0
wright-state_vs_cleveland state_20210116,2021-01-16,wright-state,Cleveland State,2021,1,1,0.8245794,1,-370.0,310.0
wright-state_vs_robert morris_20210129,2021-01-29,wright-state,Robert Morris,2021,1,1,0.9581281,1,-1200.0,755.0
wright-state_vs_robert morris_20210130,2021-01-30,wright-state,Robert Morris,2021,1,1,0.946688,1,-1250.0,800.0
wright-state_vs_milwaukee_20210212,2021-02-12,wright-state,Milwaukee,2021,1,1,0.95766747,1,-1500.0,876.0
wright-state_vs_milwaukee_20210213,2021-02-13,wright-state,Milwaukee,2021,1,1,0.9600787,1,-1350.0,810.0
wright-state_vs_milwaukee_20210302,2021-03-02,wright-state,Milwaukee,2021,0,1,0.942909,0,-1000.0,650.0
wyoming_vs_texas southern_20201130,2020-11-30,wyoming,Texas Southern,2021,0,1,0.8608821,0,-431.0,341.0
wyoming_vs_incarnate word_20201202,2020-12-02,wyoming,Incarnate Word,2021,1,1,0.95637476,1,-2565.0,1216.0
wyoming_vs_denver_20201209,2020-12-09,wyoming,Denver,2021,1,1,0.9506523,1,-746.0,576.0
wyoming_vs_omaha_20201217,2020-12-17,wyoming,Omaha,2021,1,1,0.9169445,1,-750.0,534.0
wyoming_vs_boise state_20210111,2021-01-11,wyoming,Boise State,2021,0,0,0.2865039,1,275.0,-330.0
wyoming_vs_boise state_20210113,2021-01-13,wyoming,Boise State,2021,0,0,0.24055122,1,345.0,-425.0
wyoming_vs_nevada_20210122,2021-01-22,wyoming,Nevada,2021,1,0,0.35997698,0,145.0,-165.0
wyoming_vs_nevada_20210124,2021-01-24,wyoming,Nevada,2021,1,0,0.44343403,0,175.0,-210.0
wyoming_vs_colorado state_20210204,2021-02-04,wyoming,Colorado State,2021,0,0,0.3378598,1,281.0,-350.0
wyoming_vs_colorado state_20210206,2021-02-06,wyoming,Colorado State,2021,0,0,0.38451907,1,258.0,-315.0
wyoming_vs_unlv_20210306,2021-03-06,wyoming,UNLV,2021,1,1,0.5083858,1,103.0,-123.0
xavier_vs_bradley_20201126,2020-11-26,xavier,Bradley,2021,1,1,0.8344825,1,-550.0,425.0
xavier_vs_toledo_20201127,2020-11-27,xavier,Toledo,2021,1,1,0.90563256,1,-475.0,367.0
xavier_vs_eastern kentucky_20201130,2020-11-30,xavier,Eastern Kentucky,2021,1,1,0.93613684,1,-1800.0,980.0
xavier_vs_oklahoma_20201209,2020-12-09,xavier,Oklahoma,2021,1,0,0.48784977,0,155.0,-175.0
xavier_vs_marquette_20201220,2020-12-20,xavier,Marquette,2021,1,1,0.7229052,1,-137.0,117.0
xavier_vs_seton hall_20201230,2020-12-30,xavier,Seton Hall,2021,0,1,0.76554906,0,-155.0,135.0
xavier_vs_st. john's (ny)_20210106,2021-01-06,xavier,St. John's (NY),2021,1,1,0.7341371,1,-290.0,245.0
xavier_vs_providence_20210110,2021-01-10,xavier,Providence,2021,1,1,0.7118635,1,-175.0,155.0
xavier_vs_connecticut_20210213,2021-02-13,xavier,Connecticut,2021,0,1,0.67758,0,-190.0,165.0
xavier_vs_butler_20210221,2021-02-21,xavier,Butler,2021,1,1,0.8840141,1,-526.0,421.0
xavier_vs_creighton_20210227,2021-02-27,xavier,Creighton,2021,1,0,0.4547506,0,160.0,-180.0
youngstown-state_vs_green bay_20210101,2021-01-01,youngstown-state,Green Bay,2021,1,1,0.7799068,1,-300.0,250.0
youngstown-state_vs_green bay_20210102,2021-01-02,youngstown-state,Green Bay,2021,0,1,0.75858945,0,-310.0,255.0
youngstown-state_vs_illinoisâchicago_20210122,2021-01-22,youngstown-state,IllinoisâChicago,2021,0,1,0.598237,0,104.0,-125.0
youngstown-state_vs_illinoisâchicago_20210123,2021-01-23,youngstown-state,IllinoisâChicago,2021,1,1,0.62556887,1,-125.0,105.0
youngstown-state_vs_detroit mercy_20210129,2021-01-29,youngstown-state,Detroit Mercy,2021,0,1,0.5162295,0,-117.0,-103.0
youngstown-state_vs_detroit mercy_20210130,2021-01-30,youngstown-state,Detroit Mercy,2021,0,1,0.5170457,0,-119.0,102.0
youngstown-state_vs_iupui_20210219,2021-02-19,youngstown-state,IUPUI,2021,0,1,0.72956157,0,-250.0,210.0
youngstown-state_vs_iupui_20210220,2021-02-20,youngstown-state,IUPUI,2021,1,1,0.73081464,1,-285.0,243.0
youngstown-state_vs_illinoisâchicago_20210225,2021-02-25,youngstown-state,IllinoisâChicago,2021,1,1,0.77979594,1,-215.0,185.0
