game_id,date,team_A,team_B,season,pred_pts_A,pred_pts_B
abilene-christian_vs_texas state_20241116,2024-11-16,abilene-christian,Texas State,2025,75.41096814977452,74.24098452824441
abilene-christian_vs_southern mississippi_20241125,2024-11-25,abilene-christian,Southern Mississippi,2025,81.28588432790013,74.57515359881899
abilene-christian_vs_texas southern_20241221,2024-12-21,abilene-christian,Texas Southern,2025,79.08596115164053,70.60885382242141
abilene-christian_vs_stephen f. austin_20241231,2024-12-31,abilene-christian,Stephen F. Austin,2025,69.1524677782248,68.36163334804964
abilene-christian_vs_california baptist_20250118,2025-01-18,abilene-christian,California Baptist,2025,71.44692151772487,74.32145473651329
abilene-christian_vs_tarleton state_20250123,2025-01-23,abilene-christian,Tarleton State,2025,69.10619672878795,63.371444152991664
abilene-christian_vs_ut arlington_20250125,2025-01-25,abilene-christian,UT Arlington,2025,71.20273458848281,71.73912681199546
abilene-christian_vs_seattle_20250213,2025-02-13,abilene-christian,Seattle,2025,68.309069200925,71.70257357442804
abilene-christian_vs_southern utah_20250220,2025-02-20,abilene-christian,Southern Utah,2025,75.07785830170054,65.92538658761666
abilene-christian_vs_utah tech_20250222,2025-02-22,abilene-christian,Utah Tech,2025,76.36979927165393,68.25666070800916
abilene-christian_vs_utah valley_20250306,2025-03-06,abilene-christian,Utah Valley,2025,69.35624654627357,71.40468484483407
abilene-christian_vs_grand canyon_20250308,2025-03-08,abilene-christian,Grand Canyon,2025,68.86684570854187,74.89851098439514
abilene-christian_vs_seattle_20250313,2025-03-13,abilene-christian,Seattle,2025,67.63663387780676,70.86650701102047
air-force_vs_belmont_20241115,2024-11-15,air-force,Belmont,2025,64.20578403318761,70.45951262622692
air-force_vs_mercyhurst_20241124,2024-11-24,air-force,Mercyhurst,2025,68.8746328895627,61.51302023402425
air-force_vs_sacramento state_20241127,2024-11-27,air-force,Sacramento State,2025,69.83745046406202,65.63726206437626
air-force_vs_stony brook_20241207,2024-12-07,air-force,Stony Brook,2025,67.23307307968095,62.89009349656205
air-force_vs_unlv_20241231,2024-12-31,air-force,UNLV,2025,61.82679826075423,70.43394711112273
air-force_vs_wyoming_20250104,2025-01-04,air-force,Wyoming,2025,63.76523352683979,71.58924602138482
air-force_vs_san jose state_20250111,2025-01-11,air-force,San Jose State,2025,65.65757260964712,73.34116306481143
air-force_vs_san diego state_20250122,2025-01-22,air-force,San Diego State,2025,58.4802738007711,73.9743333164299
air-force_vs_utah state_20250125,2025-01-25,air-force,Utah State,2025,61.35027215554739,77.55972811462034
air-force_vs_nevada_20250204,2025-02-04,air-force,Nevada,2025,61.927001026724454,70.79780900233521
air-force_vs_new mexico_20250208,2025-02-08,air-force,New Mexico,2025,64.5880864429255,81.67827674721248
air-force_vs_fresno state_20250222,2025-02-22,air-force,Fresno State,2025,71.62721322761745,71.7920765520767
air-force_vs_colorado state_20250225,2025-02-25,air-force,Colorado State,2025,62.376639752845136,75.72257145412857
air-force_vs_boise state_20250304,2025-03-04,air-force,Boise State,2025,59.917983856214825,74.80528247127359
air-force_vs_unlv_20250312,2025-03-12,air-force,UNLV,2025,60.60773112533318,72.7301168369714
akron_vs_lamar_20241122,2024-11-22,akron,Lamar,2025,81.44398638502629,74.6365914128377
akron_vs_omaha_20241123,2024-11-23,akron,Omaha,2025,81.53789243535084,69.91477474939806
akron_vs_alabama state_20241124,2024-11-24,akron,Alabama State,2025,80.47227301564453,73.77164834248622
akron_vs_northern kentucky_20241203,2024-12-03,akron,Northern Kentucky,2025,79.80037058478548,72.23117870566028
akron_vs_milwaukee_20241215,2024-12-15,akron,Milwaukee,2025,78.4597038132032,75.95926846296088
akron_vs_yale_20241220,2024-12-20,akron,Yale,2025,77.21004590200766,79.6932372919483
akron_vs_jackson state_20241221,2024-12-21,akron,Jackson State,2025,83.30651006235622,72.98773460686503
akron_vs_central michigan_20250107,2025-01-07,akron,Central Michigan,2025,80.74831662423027,72.60594258201313
akron_vs_toledo_20250114,2025-01-14,akron,Toledo,2025,83.17733087057265,76.22134406055486
akron_vs_ohio_20250117,2025-01-17,akron,Ohio,2025,80.70632315684554,78.14275257471884
akron_vs_miami (oh)_20250125,2025-01-25,akron,Miami (OH),2025,80.74886702023556,74.97011035400112
akron_vs_ball state_20250204,2025-02-04,akron,Ball State,2025,83.50780116080858,70.54932326902411
akron_vs_south alabama_20250208,2025-02-08,akron,South Alabama,2025,74.63410163809074,69.69561464996444
akron_vs_northern illinois_20250218,2025-02-18,akron,Northern Illinois,2025,89.77805772189781,69.59574837666707
akron_vs_kent state_20250228,2025-02-28,akron,Kent State,2025,78.17425715147486,75.14974068192394
akron_vs_buffalo_20250307,2025-03-07,akron,Buffalo,2025,90.08594971382617,72.71576801432727
akron_vs_bowling green_20250313,2025-03-13,akron,Bowling Green,2025,81.11188155709333,70.7435673116647
akron_vs_toledo_20250314,2025-03-14,akron,Toledo,2025,83.68018325704635,74.32306269391623
akron_vs_miami (oh)_20250315,2025-03-15,akron,Miami (OH),2025,80.7992534884701,74.92589625576537
akron_vs_arizona_20250321,2025-03-21,akron,Arizona,2025,74.27798627407928,85.66448562017155
alabama_vs_illinois_20241120,2024-11-20,alabama,Illinois,2025,79.44789135721985,73.48311958016018
alabama_vs_houston_20241126,2024-11-26,alabama,Houston,2025,76.48087161879825,73.85742329488893
alabama_vs_rutgers_20241127,2024-11-27,alabama,Rutgers,2025,82.04926388206721,72.9145233192587
alabama_vs_oregon_20241130,2024-11-30,alabama,Oregon,2025,81.24029698256855,74.73749197935223
alabama_vs_creighton_20241214,2024-12-14,alabama,Creighton,2025,84.02197351314112,73.10310576258054
alabama_vs_kent state_20241222,2024-12-22,alabama,Kent State,2025,83.15942052904227,64.72566987574223
alabama_vs_south dakota state_20241229,2024-12-29,alabama,South Dakota State,2025,86.09969376599535,68.80990422357392
alabama_vs_oklahoma_20250104,2025-01-04,alabama,Oklahoma,2025,84.09052405342425,72.15243971736437
alabama_vs_vanderbilt_20250121,2025-01-21,alabama,Vanderbilt,2025,83.9970349863741,73.76082362774282
alabama_vs_louisiana state_20250125,2025-01-25,alabama,Louisiana State,2025,84.18010614464774,70.67343282877768
alabama_vs_georgia_20250201,2025-02-01,alabama,Georgia,2025,83.17075726804485,71.02542835058688
alabama_vs_auburn_20250215,2025-02-15,alabama,Auburn,2025,79.88766025387939,74.45396839802241
alabama_vs_kentucky_20250222,2025-02-22,alabama,Kentucky,2025,84.47460119126639,77.09932161884271
alabama_vs_mississippi state_20250225,2025-02-25,alabama,Mississippi State,2025,83.50328762510473,74.18136446329625
alabama_vs_florida_20250305,2025-03-05,alabama,Florida,2025,82.52554525886512,76.96913148409935
alabama_vs_kentucky_20250314,2025-03-14,alabama,Kentucky,2025,82.22838345051942,78.29366429550534
alabama_vs_florida_20250315,2025-03-15,alabama,Florida,2025,80.45618576856637,78.58210208006498
alabama_vs_robert morris_20250321,2025-03-21,alabama,Robert Morris,2025,87.58862365274746,70.39820662822419
alabama_vs_brigham young_20250327,2025-03-27,alabama,Brigham Young,2025,81.88162838872869,75.64978537809357
alabama_vs_duke_20250329,2025-03-29,alabama,Duke,2025,80.24122193651523,75.01034399725084
alabama-am_vs_south carolina state_20241122,2024-11-22,alabama-am,South Carolina State,2025,75.91173919123166,78.92760472474313
alabama-am_vs_coastal carolina_20241123,2024-11-23,alabama-am,Coastal Carolina,2025,66.2822677383172,71.07852327537836
alabama-am_vs_iu indy_20241125,2024-11-25,alabama-am,IU Indy,2025,77.22763035470969,75.17014620275931
alabama-am_vs_lipscomb_20241130,2024-11-30,alabama-am,Lipscomb,2025,72.47173653721684,82.45116088393638
alabama-am_vs_samford_20241221,2024-12-21,alabama-am,Samford,2025,76.70217730030937,86.47717371068899
alabama-am_vs_arkansasâpine bluff_20250104,2025-01-04,alabama-am,ArkansasâPine Bluff,2025,79.21954944017024,76.52159249499314
alabama-am_vs_mississippi valley state_20250106,2025-01-06,alabama-am,Mississippi Valley State,2025,74.63374654008321,61.97035428726203
alabama-am_vs_alabama state_20250118,2025-01-18,alabama-am,Alabama State,2025,75.241092042643,79.97728836009898
alabama-am_vs_texas southern_20250125,2025-01-25,alabama-am,Texas Southern,2025,74.00900460815005,78.71223569638967
alabama-am_vs_southern_20250208,2025-02-08,alabama-am,Southern,2025,73.2735614611599,80.47906510090573
alabama-am_vs_bethune-cookman_20250222,2025-02-22,alabama-am,Bethune-Cookman,2025,72.94514342776087,76.56826303429918
alabama-am_vs_florida a&m_20250224,2025-02-24,alabama-am,Florida A&M,2025,75.35156967391015,76.60722073647673
alabama-birmingham_vs_longwood_20241122,2024-11-22,alabama-birmingham,Longwood,2025,77.86453819817865,70.9174920479775
alabama-birmingham_vs_illinois state_20241123,2024-11-23,alabama-birmingham,Illinois State,2025,73.77281209542271,71.15134581668171
alabama-birmingham_vs_louisiana_20241125,2024-11-25,alabama-birmingham,Louisiana,2025,79.54960695441822,71.81875815068801
alabama-birmingham_vs_middle tennessee_20241201,2024-12-01,alabama-birmingham,Middle Tennessee,2025,83.03343540764271,75.85322930442484
alabama-birmingham_vs_arkansas state_20241215,2024-12-15,alabama-birmingham,Arkansas State,2025,80.22446406045758,80.92587015336305
alabama-birmingham_vs_alabama a&m_20241218,2024-12-18,alabama-birmingham,Alabama A&M,2025,89.77059188388661,73.91052932107264
alabama-birmingham_vs_alcorn state_20241222,2024-12-22,alabama-birmingham,Alcorn State,2025,86.2060532386167,70.28990348702303
alabama-birmingham_vs_tulsa_20250104,2025-01-04,alabama-birmingham,Tulsa,2025,87.25313801366947,76.91527202877214
alabama-birmingham_vs_tulane_20250107,2025-01-07,alabama-birmingham,Tulane,2025,81.98288692526617,75.05412510127678
alabama-birmingham_vs_utsa_20250121,2025-01-21,alabama-birmingham,UTSA,2025,86.499287443578,74.60535993879365
alabama-birmingham_vs_charlotte_20250201,2025-02-01,alabama-birmingham,Charlotte,2025,83.95262852048153,70.79442304806335
alabama-birmingham_vs_north texas_20250203,2025-02-03,alabama-birmingham,North Texas,2025,70.98819451834188,70.18005570091697
alabama-birmingham_vs_south florida_20250216,2025-02-16,alabama-birmingham,South Florida,2025,85.91754600506367,75.55582362542201
alabama-birmingham_vs_temple_20250223,2025-02-23,alabama-birmingham,Temple,2025,85.00783882938973,76.76796787093198
alabama-birmingham_vs_memphis_20250302,2025-03-02,alabama-birmingham,Memphis,2025,80.41356531111363,79.36447450829515
alabama-birmingham_vs_florida atlantic_20250306,2025-03-06,alabama-birmingham,Florida Atlantic,2025,85.19702830892604,77.79428410416301
alabama-birmingham_vs_east carolina_20250314,2025-03-14,alabama-birmingham,East Carolina,2025,80.24579708987906,75.95462952478275
alabama-birmingham_vs_north texas_20250315,2025-03-15,alabama-birmingham,North Texas,2025,66.92318476539779,70.67027301994379
alabama-birmingham_vs_memphis_20250316,2025-03-16,alabama-birmingham,Memphis,2025,77.65643170267995,78.51672160539408
alabama-state_vs_omaha_20241122,2024-11-22,alabama-state,Omaha,2025,74.94353575033513,73.65131611122955
alabama-state_vs_lamar_20241123,2024-11-23,alabama-state,Lamar,2025,74.644428926152,76.15761421336556
alabama-state_vs_ut martin_20241211,2024-12-11,alabama-state,UT Martin,2025,76.90716055081593,72.18264560675124
alabama-state_vs_norfolk state_20241219,2024-12-19,alabama-state,Norfolk State,2025,74.23577712997432,76.41454789125805
alabama-state_vs_delaware state_20241220,2024-12-20,alabama-state,Delaware State,2025,76.35395355730473,73.74989569715937
alabama-state_vs_mississippi valley state_20250104,2025-01-04,alabama-state,Mississippi Valley State,2025,80.71843084460181,62.12346454037301
alabama-state_vs_arkansasâpine bluff_20250106,2025-01-06,alabama-state,ArkansasâPine Bluff,2025,82.44463625202037,74.43778341558577
alabama-state_vs_texas southern_20250127,2025-01-27,alabama-state,Texas Southern,2025,77.85078000130265,75.93896920562308
alabama-state_vs_southern_20250210,2025-02-10,alabama-state,Southern,2025,73.24984398705797,74.63794702316622
alabama-state_vs_florida a&m_20250222,2025-02-22,alabama-state,Florida A&M,2025,76.97834112222576,74.51665279314737
alabama-state_vs_bethune-cookman_20250224,2025-02-24,alabama-state,Bethune-Cookman,2025,74.01904574438876,73.74077796512589
alabama-state_vs_alabama a&m_20250301,2025-03-01,alabama-state,Alabama A&M,2025,83.44126866324261,76.85586369451322
alabama-state_vs_texas southern_20250313,2025-03-13,alabama-state,Texas Southern,2025,72.18735527487631,74.03958998331397
alabama-state_vs_jackson state_20250315,2025-03-15,alabama-state,Jackson State,2025,72.6875784605104,76.16517688234478
alabama-state_vs_saint francis (pa)_20250318,2025-03-18,alabama-state,Saint Francis (PA),2025,72.04372689284656,70.61197974950628
alabama-state_vs_auburn_20250320,2025-03-20,alabama-state,Auburn,2025,61.48172948263372,83.99777804589309
albany-ny_vs_siena_20241116,2024-11-16,albany-ny,Siena,2025,74.79275458713397,71.6874155065415
albany-ny_vs_kansas city_20241123,2024-11-23,albany-ny,Kansas City,2025,68.78600431352413,74.08762379185002
albany-ny_vs_american_20241124,2024-11-24,albany-ny,American,2025,67.8692442345211,67.41934724857302
albany-ny_vs_columbia_20241204,2024-12-04,albany-ny,Columbia,2025,71.15426337077962,75.44329170712862
albany-ny_vs_drexel_20241214,2024-12-14,albany-ny,Drexel,2025,71.6273005340186,72.62410719720162
albany-ny_vs_stony brook_20241229,2024-12-29,albany-ny,Stony Brook,2025,78.40544872976663,70.62318484878416
albany-ny_vs_umass lowell_20250104,2025-01-04,albany-ny,UMass Lowell,2025,75.68316552252328,79.21111978824267
albany-ny_vs_bryant_20250116,2025-01-16,albany-ny,Bryant,2025,78.87567014221717,80.54082983624389
albany-ny_vs_umbc_20250123,2025-01-23,albany-ny,UMBC,2025,77.96882555656352,75.3979342604769
albany-ny_vs_njit_20250125,2025-01-25,albany-ny,NJIT,2025,74.43435133330767,65.48105694694493
albany-ny_vs_binghamton_20250201,2025-02-01,albany-ny,Binghamton,2025,75.91428122751515,70.74599385454785
albany-ny_vs_vermont_20250208,2025-02-08,albany-ny,Vermont,2025,67.90461013105461,65.66791777460453
albany-ny_vs_maine_20250220,2025-02-20,albany-ny,Maine,2025,70.11808361011906,72.16329376183008
albany-ny_vs_new hampshire_20250222,2025-02-22,albany-ny,New Hampshire,2025,78.87477990444263,68.06918471133018
albany-ny_vs_binghamton_20250308,2025-03-08,albany-ny,Binghamton,2025,74.85016691735228,71.52319109280766
alcorn-state_vs_utah state_20241106,2024-11-06,alcorn-state,Utah State,2025,61.62252903150929,78.4499396434434
alcorn-state_vs_jackson state_20250104,2025-01-04,alcorn-state,Jackson State,2025,70.0780099337253,69.45790666803713
alcorn-state_vs_alabama a&m_20250111,2025-01-11,alcorn-state,Alabama A&M,2025,73.02368562413776,73.7142741746288
alcorn-state_vs_alabama state_20250113,2025-01-13,alcorn-state,Alabama State,2025,72.44689636178411,77.99631605673342
alcorn-state_vs_florida a&m_20250125,2025-01-25,alcorn-state,Florida A&M,2025,73.77391384778502,67.24553903313013
alcorn-state_vs_bethune-cookman_20250127,2025-01-27,alcorn-state,Bethune-Cookman,2025,66.23962326842175,67.64878888461763
alcorn-state_vs_arkansasâpine bluff_20250208,2025-02-08,alcorn-state,ArkansasâPine Bluff,2025,77.67096395789396,69.46013458861711
alcorn-state_vs_mississippi valley state_20250210,2025-02-10,alcorn-state,Mississippi Valley State,2025,71.04679592253481,57.03741668238649
alcorn-state_vs_texas southern_20250303,2025-03-03,alcorn-state,Texas Southern,2025,71.83562515026485,68.72788675446806
alcorn-state_vs_bethune-cookman_20250313,2025-03-13,alcorn-state,Bethune-Cookman,2025,66.90337665976546,66.90010543715583
american_vs_kansas city_20241122,2024-11-22,american,Kansas City,2025,67.73512373989087,71.11550572082267
american_vs_george washington_20241204,2024-12-04,american,George Washington,2025,68.03773513579286,71.44666150128712
american_vs_umbc_20241229,2024-12-29,american,UMBC,2025,74.00104432420412,72.8786399431385
american_vs_holy cross_20250105,2025-01-05,american,Holy Cross,2025,70.9105410449144,68.89533864555786
american_vs_bucknell_20250111,2025-01-11,american,Bucknell,2025,70.39342867836436,65.70448426572322
american_vs_lehigh_20250122,2025-01-22,american,Lehigh,2025,71.40512274395711,64.72563545038444
american_vs_colgate_20250125,2025-01-25,american,Colgate,2025,67.55390137864487,68.3556693727209
american_vs_army_20250201,2025-02-01,american,Army,2025,71.65337870926633,70.45096306316694
american_vs_lafayette_20250210,2025-02-10,american,Lafayette,2025,69.1882342054454,63.89183117885036
american_vs_loyola (md)_20250215,2025-02-15,american,Loyola (MD),2025,71.43105185129022,65.00400025226496
american_vs_boston university_20250222,2025-02-22,american,Boston University,2025,71.17263272988679,63.11083094930663
american_vs_navy_20250226,2025-02-26,american,Navy,2025,70.14221098927159,65.09366925821222
american_vs_lafayette_20250306,2025-03-06,american,Lafayette,2025,69.07863808578323,63.72676953751131
american_vs_colgate_20250309,2025-03-09,american,Colgate,2025,68.9085608649525,67.90040905625943
american_vs_navy_20250312,2025-03-12,american,Navy,2025,68.45099137770816,65.63738535078895
american_vs_mount st. mary's_20250319,2025-03-19,american,Mount St. Mary's,2025,67.64305706943419,65.50235976188661
appalachian-state_vs_queens (nc)_20241119,2024-11-19,appalachian-state,Queens (NC),2025,81.26942824025778,73.6572495153298
appalachian-state_vs_william & mary_20241124,2024-11-24,appalachian-state,William & Mary,2025,77.58519995227756,70.84936608903264
appalachian-state_vs_sam houston state_20241127,2024-11-27,appalachian-state,Sam Houston State,2025,72.22411762001828,73.38208985841315
appalachian-state_vs_colgate_20241129,2024-11-29,appalachian-state,Colgate,2025,73.2479976126007,68.18632213545692
appalachian-state_vs_high point_20241214,2024-12-14,appalachian-state,High Point,2025,67.41272795383342,68.89897673163944
appalachian-state_vs_troy_20250102,2025-01-02,appalachian-state,Troy,2025,66.45879933333131,69.13745042284934
appalachian-state_vs_texas state_20250104,2025-01-04,appalachian-state,Texas State,2025,68.22537038914778,67.65504148843077
appalachian-state_vs_coastal carolina_20250108,2025-01-08,appalachian-state,Coastal Carolina,2025,69.62801138784734,61.51278766558949
appalachian-state_vs_james madison_20250111,2025-01-11,appalachian-state,James Madison,2025,69.74489537847138,67.68034314303635
appalachian-state_vs_old dominion_20250129,2025-01-29,appalachian-state,Old Dominion,2025,72.19691179195159,59.19574570006251
appalachian-state_vs_georgia state_20250201,2025-02-01,appalachian-state,Georgia State,2025,75.37766112381976,62.300245531071376
appalachian-state_vs_southern mississippi_20250205,2025-02-05,appalachian-state,Southern Mississippi,2025,74.22654338648418,65.40164845089218
appalachian-state_vs_georgia southern_20250220,2025-02-20,appalachian-state,Georgia Southern,2025,74.8944919456324,66.60352722178266
appalachian-state_vs_marshall_20250222,2025-02-22,appalachian-state,Marshall,2025,74.04014645472195,66.24775346289408
appalachian-state_vs_old dominion_20250307,2025-03-07,appalachian-state,Old Dominion,2025,71.05147562610416,61.93526006392487
arizona_vs_duke_20241122,2024-11-22,arizona,Duke,2025,77.08507656902373,75.42497813055587
arizona_vs_davidson_20241127,2024-11-27,arizona,Davidson,2025,84.75180807219571,68.67480353439326
arizona_vs_oklahoma_20241128,2024-11-28,arizona,Oklahoma,2025,78.93972489625168,73.40735177921987
arizona_vs_west virginia_20241129,2024-11-29,arizona,West Virginia,2025,77.70607455223684,71.94118202363624
arizona_vs_southern utah_20241207,2024-12-07,arizona,Southern Utah,2025,86.1549806092349,67.60018428985971
arizona_vs_ucla_20241214,2024-12-14,arizona,UCLA,2025,78.66647900477113,73.9266659174101
arizona_vs_samford_20241218,2024-12-18,arizona,Samford,2025,87.32541919335512,74.54149709794491
arizona_vs_central michigan_20241221,2024-12-21,arizona,Central Michigan,2025,91.00784081393896,67.59938754740817
arizona_vs_tcu_20241230,2024-12-30,arizona,TCU,2025,77.01623141714813,68.62937072433544
arizona_vs_ucf_20250111,2025-01-11,arizona,UCF,2025,85.4672667267745,69.31912140390278
arizona_vs_baylor_20250114,2025-01-14,arizona,Baylor,2025,79.6842566299865,71.77073935878593
arizona_vs_colorado_20250125,2025-01-25,arizona,Colorado,2025,82.89467261324646,67.30837484445192
arizona_vs_iowa state_20250127,2025-01-27,arizona,Iowa State,2025,77.93118492873728,74.03576331496924
arizona_vs_texas tech_20250208,2025-02-08,arizona,Texas Tech,2025,77.44403558564329,70.2927846638534
arizona_vs_houston_20250215,2025-02-15,arizona,Houston,2025,68.99768990149072,67.85760633617801
arizona_vs_brigham young_20250222,2025-02-22,arizona,Brigham Young,2025,79.36093528891739,71.66590138289831
arizona_vs_utah_20250226,2025-02-26,arizona,Utah,2025,79.92723964519264,68.69291228031332
arizona_vs_arizona state_20250304,2025-03-04,arizona,Arizona State,2025,82.33821951445107,70.65745599988428
arizona_vs_kansas_20250313,2025-03-13,arizona,Kansas,2025,79.8247911812665,74.49969401881853
arizona_vs_texas tech_20250314,2025-03-14,arizona,Texas Tech,2025,75.87378131786593,73.3953268063303
arizona_vs_houston_20250315,2025-03-15,arizona,Houston,2025,68.96726687012715,69.59072267332154
arizona_vs_oregon_20250323,2025-03-23,arizona,Oregon,2025,78.65377936786875,72.19109012186833
arizona_vs_duke_20250327,2025-03-27,arizona,Duke,2025,70.32445958529544,71.31611058327587
arizona-state_vs_grand canyon_20241114,2024-11-14,arizona-state,Grand Canyon,2025,75.21417001563114,74.05678366857538
arizona-state_vs_st. thomas_20241117,2024-11-17,arizona-state,St. Thomas,2025,83.82561916497983,71.06137450785442
arizona-state_vs_cal poly_20241120,2024-11-20,arizona-state,Cal Poly,2025,86.5185468730261,68.23442358467818
arizona-state_vs_new mexico_20241128,2024-11-28,arizona-state,New Mexico,2025,77.10419538583044,77.89435665825823
arizona-state_vs_san diego_20241203,2024-12-03,arizona-state,San Diego,2025,80.4728801194561,63.412511615917154
arizona-state_vs_florida_20241214,2024-12-14,arizona-state,Florida,2025,74.11345942000683,78.24473773927011
arizona-state_vs_massachusetts_20241221,2024-12-21,arizona-state,Massachusetts,2025,84.86441992736107,71.95337274777953
arizona-state_vs_colorado_20250104,2025-01-04,arizona-state,Colorado,2025,74.66652804478588,70.68456188459423
arizona-state_vs_baylor_20250111,2025-01-11,arizona-state,Baylor,2025,70.64534204730147,74.98994401545072
arizona-state_vs_ucf_20250114,2025-01-14,arizona-state,UCF,2025,78.07641318123598,71.73980659483817
arizona-state_vs_iowa state_20250125,2025-01-25,arizona-state,Iowa State,2025,71.78026865909732,76.20729896751862
arizona-state_vs_arizona_20250201,2025-02-01,arizona-state,Arizona,2025,73.01036803521569,75.42394349068236
arizona-state_vs_kansas state_20250204,2025-02-04,arizona-state,Kansas State,2025,73.36803163676763,71.75869464610373
arizona-state_vs_tcu_20250215,2025-02-15,arizona-state,TCU,2025,73.81456896750832,71.16678377355268
arizona-state_vs_houston_20250218,2025-02-18,arizona-state,Houston,2025,62.05350888378993,70.0930404877184
arizona-state_vs_brigham young_20250226,2025-02-26,arizona-state,Brigham Young,2025,72.65535718455702,75.26919630405501
arizona-state_vs_texas tech_20250308,2025-03-08,arizona-state,Texas Tech,2025,71.42205460835227,75.10880888714892
arizona-state_vs_kansas state_20250311,2025-03-11,arizona-state,Kansas State,2025,70.26719890422429,72.69607579716394
arizona-state_vs_nebraska_20250331,2025-03-31,arizona-state,Nebraska,2025,72.42742150095337,74.59994604319894
arkansas_vs_pacific_20241118,2024-11-18,arkansas,Pacific,2025,79.92615901315804,61.38064377891905
arkansas_vs_little rock_20241122,2024-11-22,arkansas,Little Rock,2025,78.24982228118358,64.78075930885323
arkansas_vs_maryland eastern shore_20241125,2024-11-25,arkansas,Maryland Eastern Shore,2025,86.3198938490406,62.749838683418766
arkansas_vs_illinois_20241128,2024-11-28,arkansas,Illinois,2025,73.46287555726266,75.8555014021354
arkansas_vs_utsa_20241207,2024-12-07,arkansas,UTSA,2025,86.89023925556951,69.83252875871197
arkansas_vs_michigan_20241210,2024-12-10,arkansas,Michigan,2025,72.72248373409745,74.50449881592887
arkansas_vs_central arkansas_20241214,2024-12-14,arkansas,Central Arkansas,2025,88.09885623611356,63.8467624541218
arkansas_vs_north carolina a&t_20241221,2024-12-21,arkansas,North Carolina A&T,2025,89.43301968566584,66.89848086636545
arkansas_vs_oakland_20241230,2024-12-30,arkansas,Oakland,2025,82.22688182710792,63.740513025766305
arkansas_vs_florida_20250111,2025-01-11,arkansas,Florida,2025,72.73317619954192,76.4559035318363
arkansas_vs_georgia_20250122,2025-01-22,arkansas,Georgia,2025,71.6372086045304,71.28495566237011
arkansas_vs_oklahoma_20250125,2025-01-25,arkansas,Oklahoma,2025,75.56150957541239,73.37140432645614
arkansas_vs_alabama_20250208,2025-02-08,arkansas,Alabama,2025,76.36580756966971,79.16488738562943
arkansas_vs_louisiana state_20250212,2025-02-12,arkansas,Louisiana State,2025,77.85173599443071,70.44189259971961
arkansas_vs_missouri_20250222,2025-02-22,arkansas,Missouri,2025,71.54802156026548,71.87202627545456
arkansas_vs_texas_20250226,2025-02-26,arkansas,Texas,2025,73.7827601930242,70.03727424439364
arkansas_vs_mississippi state_20250308,2025-03-08,arkansas,Mississippi State,2025,75.07311661632303,73.86733587993822
arkansas_vs_south carolina_20250312,2025-03-12,arkansas,South Carolina,2025,72.59842309584312,68.2456908088256
arkansas_vs_kansas_20250320,2025-03-20,arkansas,Kansas,2025,71.64759269337601,74.51608736419652
arkansas_vs_st. john's (ny)_20250322,2025-03-22,arkansas,St. John's (NY),2025,70.93715286391813,74.23599728320649
arkansas_vs_texas tech_20250327,2025-03-27,arkansas,Texas Tech,2025,70.91711407775249,73.16108804540208
arkansas-little-rock_vs_maryland eastern shore_20241127,2024-11-27,arkansas-little-rock,Maryland Eastern Shore,2025,77.04082084199142,67.43350784968605
arkansas-little-rock_vs_central arkansas_20241204,2024-12-04,arkansas-little-rock,Central Arkansas,2025,76.89522064655193,68.51095189273296
arkansas-little-rock_vs_illinoisâchicago_20241215,2024-12-15,arkansas-little-rock,IllinoisâChicago,2025,74.57904954654128,73.5680743218495
arkansas-little-rock_vs_siu edwardsville_20241219,2024-12-19,arkansas-little-rock,SIU Edwardsville,2025,72.59254160943935,68.93055629247762
arkansas-little-rock_vs_morehead state_20250109,2025-01-09,arkansas-little-rock,Morehead State,2025,70.18412921185464,65.94359319943545
arkansas-little-rock_vs_southern indiana_20250112,2025-01-12,arkansas-little-rock,Southern Indiana,2025,72.00140751089255,65.78663169265783
arkansas-little-rock_vs_eastern illinois_20250127,2025-01-27,arkansas-little-rock,Eastern Illinois,2025,70.94003001028989,63.69624231824697
arkansas-little-rock_vs_tennessee state_20250130,2025-01-30,arkansas-little-rock,Tennessee State,2025,73.32774231552617,69.35034100459086
arkansas-little-rock_vs_ut martin_20250201,2025-02-01,arkansas-little-rock,UT Martin,2025,72.85974030059278,69.19169484218244
arkansas-little-rock_vs_southeast missouri state_20250211,2025-02-11,arkansas-little-rock,Southeast Missouri State,2025,71.14842080847585,67.08962824362017
arkansas-little-rock_vs_lindenwood_20250220,2025-02-20,arkansas-little-rock,Lindenwood,2025,73.0118501312944,63.741923146256205
arkansas-little-rock_vs_western illinois_20250222,2025-02-22,arkansas-little-rock,Western Illinois,2025,71.26955335779674,62.218054946880436
arkansas-little-rock_vs_ut martin_20250306,2025-03-06,arkansas-little-rock,UT Martin,2025,71.29812678147746,68.24095488960752
arkansas-little-rock_vs_southeast missouri state_20250307,2025-03-07,arkansas-little-rock,Southeast Missouri State,2025,67.29373305367706,68.64482168195433
arkansas-pine-bluff_vs_central arkansas_20241207,2024-12-07,arkansas-pine-bluff,Central Arkansas,2025,76.5858293054289,78.96955981001845
arkansas-pine-bluff_vs_southern_20250125,2025-01-25,arkansas-pine-bluff,Southern,2025,73.04405298603663,79.58164832027835
arkansas-pine-bluff_vs_mississippi valley state_20250201,2025-02-01,arkansas-pine-bluff,Mississippi Valley State,2025,75.38993505056852,62.042845840247764
arkansas-pine-bluff_vs_texas southern_20250204,2025-02-04,arkansas-pine-bluff,Texas Southern,2025,76.24629189633056,78.84646072556544
arkansas-pine-bluff_vs_alabama state_20250215,2025-02-15,arkansas-pine-bluff,Alabama State,2025,76.45644723849003,79.2094735261209
arkansas-pine-bluff_vs_alabama a&m_20250217,2025-02-17,arkansas-pine-bluff,Alabama A&M,2025,79.40112793799008,77.61177093169026
arkansas-pine-bluff_vs_jackson state_20250306,2025-03-06,arkansas-pine-bluff,Jackson State,2025,72.891625371814,79.25163427522988
arkansas-pine-bluff_vs_alcorn state_20250308,2025-03-08,arkansas-pine-bluff,Alcorn State,2025,68.35391522269508,74.0420019225464
arkansas-state_vs_stephen f. austin_20241116,2024-11-16,arkansas-state,Stephen F. Austin,2025,80.46536852788137,72.4570904893882
arkansas-state_vs_indiana state_20241129,2024-11-29,arkansas-state,Indiana State,2025,85.9223359605553,72.93819398321956
arkansas-state_vs_rice_20241130,2024-11-30,arkansas-state,Rice,2025,75.5508765584955,68.94155642503539
arkansas-state_vs_hofstra_20241201,2024-12-01,arkansas-state,Hofstra,2025,76.74911755149519,70.02170569105485
arkansas-state_vs_jackson state_20241205,2024-12-05,arkansas-state,Jackson State,2025,85.89104859848338,65.66745930244727
arkansas-state_vs_ut arlington_20241212,2024-12-12,arkansas-state,UT Arlington,2025,82.51847160198626,72.61562858098635
arkansas-state_vs_coastal carolina_20241221,2024-12-21,arkansas-state,Coastal Carolina,2025,77.84913193364311,64.40841918044545
arkansas-state_vs_louisiana_20250116,2025-01-16,arkansas-state,Louisiana,2025,81.08108302187298,65.26810074230012
arkansas-state_vs_georgia state_20250118,2025-01-18,arkansas-state,Georgia State,2025,82.93516724233406,68.08471058516633
arkansas-state_vs_appalachian state_20250123,2025-01-23,arkansas-state,Appalachian State,2025,70.86207319627098,66.86369269267358
arkansas-state_vs_texas state_20250125,2025-01-25,arkansas-state,Texas State,2025,80.58650732353829,70.55609953493695
arkansas-state_vs_southern mississippi_20250212,2025-02-12,arkansas-state,Southern Mississippi,2025,83.65499417088193,67.11593692152393
arkansas-state_vs_troy_20250215,2025-02-15,arkansas-state,Troy,2025,74.58553794947285,70.03849642488986
arkansas-state_vs_south alabama_20250219,2025-02-19,arkansas-state,South Alabama,2025,75.8231083324807,67.8054643615967
arkansas-state_vs_louisianaâmonroe_20250222,2025-02-22,arkansas-state,LouisianaâMonroe,2025,85.14428524528194,65.17404697079475
arkansas-state_vs_marshall_20250308,2025-03-08,arkansas-state,Marshall,2025,76.26226383829542,71.75823445252455
arkansas-state_vs_south alabama_20250309,2025-03-09,arkansas-state,South Alabama,2025,72.37523912734163,67.98538362370695
arkansas-state_vs_troy_20250310,2025-03-10,arkansas-state,Troy,2025,71.84737991752328,70.49964243635719
arkansas-state_vs_saint louis_20250318,2025-03-18,arkansas-state,Saint Louis,2025,74.60125965683439,71.84985700936414
army_vs_cornell_20241208,2024-12-08,army,Cornell,2025,77.10950450435334,80.93029842104201
army_vs_binghamton_20241222,2024-12-22,army,Binghamton,2025,77.14567002651766,72.08947928330231
army_vs_utsa_20241229,2024-12-29,army,UTSA,2025,79.5715983195571,79.19310139959501
army_vs_loyola (md)_20250108,2025-01-08,army,Loyola (MD),2025,75.34558718295872,73.85236531614453
army_vs_lafayette_20250115,2025-01-15,army,Lafayette,2025,72.7779341201429,69.60989708333003
army_vs_boston university_20250118,2025-01-18,army,Boston University,2025,71.80607709224003,68.0597103401582
army_vs_navy_20250126,2025-01-26,army,Navy,2025,74.18630319902714,71.49349435939793
army_vs_colgate_20250129,2025-01-29,army,Colgate,2025,71.05971102098924,73.69300835228567
army_vs_holy cross_20250205,2025-02-05,army,Holy Cross,2025,72.7077554289511,70.9494083963665
army_vs_bucknell_20250208,2025-02-08,army,Bucknell,2025,72.83445852987111,72.31286132123425
army_vs_american_20250219,2025-02-19,army,American,2025,71.06678481765988,69.62512240943079
army_vs_lehigh_20250301,2025-03-01,army,Lehigh,2025,73.40451750191014,71.78396495259366
army_vs_elon_20250323,2025-03-23,army,Elon,2025,67.96853276488149,72.50268316439869
army_vs_florida gulf coast_20250324,2025-03-24,army,Florida Gulf Coast,2025,67.33916491513504,74.90373657688608
auburn_vs_north alabama_20241118,2024-11-18,auburn,North Alabama,2025,82.50586170072071,61.77797898138498
auburn_vs_iowa state_20241125,2024-11-25,auburn,Iowa State,2025,72.77165621348917,70.39755240252599
auburn_vs_north carolina_20241126,2024-11-26,auburn,North Carolina,2025,82.47613717451426,74.62385767334493
auburn_vs_memphis_20241127,2024-11-27,auburn,Memphis,2025,80.87265884309448,70.73826874676652
auburn_vs_richmond_20241208,2024-12-08,auburn,Richmond,2025,82.22147576607168,61.01888709565535
auburn_vs_ohio state_20241214,2024-12-14,auburn,Ohio State,2025,79.1802225746221,71.62234119433667
auburn_vs_georgia state_20241217,2024-12-17,auburn,Georgia State,2025,91.1007042907101,60.595440516893945
auburn_vs_purdue_20241221,2024-12-21,auburn,Purdue,2025,78.03203535703874,69.8770693181766
auburn_vs_monmouth_20241230,2024-12-30,auburn,Monmouth,2025,90.24474119761325,59.84299410176508
auburn_vs_missouri_20250104,2025-01-04,auburn,Missouri,2025,81.60733144421624,69.65635155454414
auburn_vs_mississippi state_20250114,2025-01-14,auburn,Mississippi State,2025,75.92824161804991,71.66280271886872
auburn_vs_tennessee_20250125,2025-01-25,auburn,Tennessee,2025,73.08694738842314,67.61612418734757
auburn_vs_oklahoma_20250204,2025-02-04,auburn,Oklahoma,2025,79.93762184791848,67.53875571798861
auburn_vs_florida_20250208,2025-02-08,auburn,Florida,2025,77.64670667911292,72.21209716034194
auburn_vs_arkansas_20250219,2025-02-19,auburn,Arkansas,2025,79.86136961546983,68.07878788223483
auburn_vs_georgia_20250222,2025-02-22,auburn,Georgia,2025,77.77186545973119,67.37087977539431
auburn_vs_alabama_20250308,2025-03-08,auburn,Alabama,2025,82.29804347014434,75.37383251466915
auburn_vs_tennessee_20250315,2025-03-15,auburn,Tennessee,2025,70.15210556340405,68.64630682020056
auburn_vs_creighton_20250322,2025-03-22,auburn,Creighton,2025,75.26824168606075,70.22025752594355
auburn_vs_michigan_20250328,2025-03-28,auburn,Michigan,2025,78.95401030718895,71.0845280382077
auburn_vs_michigan state_20250330,2025-03-30,auburn,Michigan State,2025,73.73793285831312,71.26849851909309
auburn_vs_florida_20250405,2025-04-05,auburn,Florida,2025,78.4701637907533,74.52214399147569
austin-peay_vs_georgia state_20241126,2024-11-26,austin-peay,Georgia State,2025,70.48197247815145,75.07097436164891
austin-peay_vs_ut arlington_20241127,2024-11-27,austin-peay,UT Arlington,2025,71.60941208159312,73.54360856935156
austin-peay_vs_southern illinois_20241214,2024-12-14,austin-peay,Southern Illinois,2025,69.80022521360837,70.66886350796808
austin-peay_vs_west georgia_20250109,2025-01-09,austin-peay,West Georgia,2025,69.92332057168062,63.39117523791672
austin-peay_vs_queens (nc)_20250111,2025-01-11,austin-peay,Queens (NC),2025,71.25408379389117,72.56031018090802
austin-peay_vs_eastern kentucky_20250116,2025-01-16,austin-peay,Eastern Kentucky,2025,68.43701536980262,75.155982274791
austin-peay_vs_bellarmine_20250130,2025-01-30,austin-peay,Bellarmine,2025,73.07913715933651,68.53688830929542
austin-peay_vs_north alabama_20250205,2025-02-05,austin-peay,North Alabama,2025,67.78945697546777,77.13691840411066
austin-peay_vs_central arkansas_20250208,2025-02-08,austin-peay,Central Arkansas,2025,75.10534632032646,69.95741884785268
austin-peay_vs_florida gulf coast_20250213,2025-02-13,austin-peay,Florida Gulf Coast,2025,66.25003014985708,73.41844302654795
austin-peay_vs_stetson_20250215,2025-02-15,austin-peay,Stetson,2025,77.75328622132629,69.49637618917868
austin-peay_vs_lipscomb_20250224,2025-02-24,austin-peay,Lipscomb,2025,66.74871087525896,75.47316694050927
austin-peay_vs_north florida_20250302,2025-03-02,austin-peay,North Florida,2025,76.45929003261804,77.18718773059926
ball-state_vs_indiana state_20241116,2024-11-16,ball-state,Indiana State,2025,79.94288974560774,76.33645534466287
ball-state_vs_detroit mercy_20241120,2024-11-20,ball-state,Detroit Mercy,2025,79.46356893397011,72.3550141857852
ball-state_vs_eastern kentucky_20241125,2024-11-25,ball-state,Eastern Kentucky,2025,71.81466320168481,77.70662422664277
ball-state_vs_richmond_20241127,2024-11-27,ball-state,Richmond,2025,69.55319329657246,75.6559257229493
ball-state_vs_evansville_20241221,2024-12-21,ball-state,Evansville,2025,73.86688331866395,72.5056629283087
ball-state_vs_miami (oh)_20250107,2025-01-07,ball-state,Miami (OH),2025,74.7118557127596,74.7408481119147
ball-state_vs_bowling green_20250111,2025-01-11,ball-state,Bowling Green,2025,78.13467112933189,72.47791635305103
ball-state_vs_toledo_20250118,2025-01-18,ball-state,Toledo,2025,77.59133962346574,75.6490674988455
ball-state_vs_southern mississippi_20250208,2025-02-08,ball-state,Southern Mississippi,2025,78.13439900033777,76.07026602741283
ball-state_vs_eastern michigan_20250211,2025-02-11,ball-state,Eastern Michigan,2025,77.40482833400647,73.26578616644996
ball-state_vs_northern illinois_20250215,2025-02-15,ball-state,Northern Illinois,2025,81.17765536522258,72.11593683990318
ball-state_vs_buffalo_20250222,2025-02-22,ball-state,Buffalo,2025,82.47583969606043,74.87386120270261
ball-state_vs_akron_20250225,2025-02-25,ball-state,Akron,2025,78.41105343168886,81.89686531559289
ball-state_vs_central michigan_20250304,2025-03-04,ball-state,Central Michigan,2025,75.0814587663081,75.69366587987484
baylor_vs_tarleton state_20241117,2024-11-17,baylor,Tarleton State,2025,89.6797823498042,61.5544970344966
baylor_vs_st. john's (ny)_20241121,2024-11-21,baylor,St. John's (NY),2025,78.63023000978338,75.05537267318928
baylor_vs_tennessee_20241122,2024-11-22,baylor,Tennessee,2025,74.44317110444827,74.28137293286436
baylor_vs_new orleans_20241127,2024-11-27,baylor,New Orleans,2025,91.42465084051497,64.81749724921738
baylor_vs_abilene christian_20241209,2024-12-09,baylor,Abilene Christian,2025,81.92091276209396,65.27988675429523
baylor_vs_norfolk state_20241211,2024-12-11,baylor,Norfolk State,2025,84.99452864524424,63.36854055476854
baylor_vs_utah_20241231,2024-12-31,baylor,Utah,2025,80.59758211988807,73.43919085672289
baylor_vs_cincinnati_20250107,2025-01-07,baylor,Cincinnati,2025,72.2020826730277,69.27174204895942
baylor_vs_tcu_20250119,2025-01-19,baylor,TCU,2025,75.9709548623672,65.76751025561352
baylor_vs_kansas state_20250122,2025-01-22,baylor,Kansas State,2025,78.99816433422778,68.5307924929374
baylor_vs_kansas_20250201,2025-02-01,baylor,Kansas,2025,72.21431049961514,73.44390623502078
baylor_vs_ucf_20250208,2025-02-08,baylor,UCF,2025,85.44363981155804,72.33677287358012
baylor_vs_west virginia_20250215,2025-02-15,baylor,West Virginia,2025,74.342260051228,67.79810563435684
baylor_vs_arizona_20250217,2025-02-17,baylor,Arizona,2025,76.42705429221685,75.20418248846282
baylor_vs_oklahoma state_20250301,2025-03-01,baylor,Oklahoma State,2025,79.29609243200535,70.09107201537816
baylor_vs_houston_20250308,2025-03-08,baylor,Houston,2025,66.53928444376704,69.1069077205727
baylor_vs_kansas state_20250312,2025-03-12,baylor,Kansas State,2025,72.37414206554307,68.69690152297444
baylor_vs_texas tech_20250313,2025-03-13,baylor,Texas Tech,2025,70.21088127186526,71.01950974696032
baylor_vs_mississippi state_20250321,2025-03-21,baylor,Mississippi State,2025,75.38502355219298,72.58721050769407
baylor_vs_duke_20250323,2025-03-23,baylor,Duke,2025,67.98194571215828,70.55361657276781
bellarmine_vs_bowling green_20241123,2024-11-23,bellarmine,Bowling Green,2025,71.56077717168894,74.31993216351276
bellarmine_vs_ball state_20241214,2024-12-14,bellarmine,Ball State,2025,73.64078998501658,72.34112102866767
bellarmine_vs_jacksonville_20250109,2025-01-09,bellarmine,Jacksonville,2025,67.68583251729247,74.0339740925445
bellarmine_vs_north florida_20250111,2025-01-11,bellarmine,North Florida,2025,78.21143902429458,82.20062762362447
bellarmine_vs_lipscomb_20250116,2025-01-16,bellarmine,Lipscomb,2025,67.4499959617357,78.17539471909738
bellarmine_vs_florida gulf coast_20250123,2025-01-23,bellarmine,Florida Gulf Coast,2025,64.70441675446584,74.0119425696299
bellarmine_vs_stetson_20250125,2025-01-25,bellarmine,Stetson,2025,74.97149588665569,72.4545678105882
bellarmine_vs_queens (nc)_20250213,2025-02-13,bellarmine,Queens (NC),2025,70.49490226479439,78.82741012393811
bellarmine_vs_west georgia_20250215,2025-02-15,bellarmine,West Georgia,2025,74.64191204701223,74.12170625574194
bellarmine_vs_austin peay_20250218,2025-02-18,bellarmine,Austin Peay,2025,71.24998473780578,73.31057722621722
bellarmine_vs_eastern kentucky_20250220,2025-02-20,bellarmine,Eastern Kentucky,2025,73.33550205388514,78.83115716491037
belmont_vs_oral roberts_20241119,2024-11-19,belmont,Oral Roberts,2025,78.41255418300813,70.21968887412864
belmont_vs_loyola marymount_20241126,2024-11-26,belmont,Loyola Marymount,2025,73.90951550675994,74.16298164161078
belmont_vs_tulane_20241127,2024-11-27,belmont,Tulane,2025,71.41596603111756,73.58342787092057
belmont_vs_gardner-webb_20241129,2024-11-29,belmont,Gardner-Webb,2025,75.34389520076024,70.97141649973659
belmont_vs_illinois state_20241204,2024-12-04,belmont,Illinois State,2025,73.71077072542782,73.15813800903803
belmont_vs_middle tennessee_20241207,2024-12-07,belmont,Middle Tennessee,2025,78.14049494461422,78.69646225675368
belmont_vs_uc irvine_20241219,2024-12-19,belmont,UC Irvine,2025,71.78454497301348,75.94867860539331
belmont_vs_illinoisâchicago_20250104,2025-01-04,belmont,IllinoisâChicago,2025,79.08182760322983,77.45433469585365
belmont_vs_southern illinois_20250108,2025-01-08,belmont,Southern Illinois,2025,79.61769627192983,71.76736799979491
belmont_vs_valparaiso_20250114,2025-01-14,belmont,Valparaiso,2025,83.11519594339181,75.65956156868772
belmont_vs_bradley_20250121,2025-01-21,belmont,Bradley,2025,74.94066652416612,80.52823682114001
belmont_vs_evansville_20250202,2025-02-02,belmont,Evansville,2025,77.3632674173815,66.47445475846975
belmont_vs_missouri state_20250208,2025-02-08,belmont,Missouri State,2025,78.5575388112009,73.3702317566416
belmont_vs_northern iowa_20250219,2025-02-19,belmont,Northern Iowa,2025,73.28492168149104,75.42325303926371
belmont_vs_indiana state_20250222,2025-02-22,belmont,Indiana State,2025,87.0271686878298,77.76862826432723
belmont_vs_murray state_20250302,2025-03-02,belmont,Murray State,2025,77.43110024042691,75.07121855545414
belmont_vs_illinois state_20250307,2025-03-07,belmont,Illinois State,2025,70.52875742955246,74.40947627261026
belmont_vs_drake_20250308,2025-03-08,belmont,Drake,2025,65.48636816795614,74.05394407566169
bethune-cookman_vs_south carolina state_20241116,2024-11-16,bethune-cookman,South Carolina State,2025,75.72848179358873,74.79906737915853
bethune-cookman_vs_north dakota_20241126,2024-11-26,bethune-cookman,North Dakota,2025,72.18086439115397,73.9777549690334
bethune-cookman_vs_gardner-webb_20241127,2024-11-27,bethune-cookman,Gardner-Webb,2025,69.3529609310161,72.32285493989812
bethune-cookman_vs_mississippi valley state_20250118,2025-01-18,bethune-cookman,Mississippi Valley State,2025,71.66216583953413,57.00861976591562
bethune-cookman_vs_arkansasâpine bluff_20250120,2025-01-20,bethune-cookman,ArkansasâPine Bluff,2025,79.42226692550987,68.43000083367582
bethune-cookman_vs_alabama state_20250201,2025-02-01,bethune-cookman,Alabama State,2025,74.57329724526227,70.24689502448848
bethune-cookman_vs_alabama a&m_20250203,2025-02-03,bethune-cookman,Alabama A&M,2025,77.75474545250785,67.70098935582114
bethune-cookman_vs_alcorn state_20250215,2025-02-15,bethune-cookman,Alcorn State,2025,69.76747008129246,64.92848864829118
bethune-cookman_vs_jackson state_20250217,2025-02-17,bethune-cookman,Jackson State,2025,74.01078617232197,73.30659388022458
bethune-cookman_vs_southern_20250301,2025-03-01,bethune-cookman,Southern,2025,68.37312962062585,71.65633806518338
bethune-cookman_vs_florida a&m_20250308,2025-03-08,bethune-cookman,Florida A&M,2025,74.78345511400366,70.01866850310118
bethune-cookman_vs_jackson state_20250314,2025-03-14,bethune-cookman,Jackson State,2025,70.60583874538119,74.21290006833192
binghamton_vs_longwood_20241119,2024-11-19,binghamton,Longwood,2025,71.61014282685257,78.84645546103744
binghamton_vs_niagara_20241129,2024-11-29,binghamton,Niagara,2025,70.13576361392117,72.67076288095062
binghamton_vs_liu_20241130,2024-11-30,binghamton,LIU,2025,67.2368403521682,68.79263301203298
binghamton_vs_mercyhurst_20241218,2024-12-18,binghamton,Mercyhurst,2025,68.45650328199999,63.46249489317759
binghamton_vs_umbc_20250104,2025-01-04,binghamton,UMBC,2025,72.46528222284795,75.57347471111318
binghamton_vs_albany (ny)_20250118,2025-01-18,binghamton,Albany (NY),2025,74.00620128704287,73.32208823904047
binghamton_vs_vermont_20250130,2025-01-30,binghamton,Vermont,2025,64.39423415825259,65.07755445848754
binghamton_vs_umass lowell_20250206,2025-02-06,binghamton,UMass Lowell,2025,73.41524414401333,73.22935214129198
binghamton_vs_bryant_20250208,2025-02-08,binghamton,Bryant,2025,72.02095886150603,77.87400164102156
binghamton_vs_new hampshire_20250220,2025-02-20,binghamton,New Hampshire,2025,74.8820647243037,67.41686073127526
binghamton_vs_maine_20250222,2025-02-22,binghamton,Maine,2025,68.89595676341702,70.089555950044
binghamton_vs_njit_20250304,2025-03-04,binghamton,NJIT,2025,68.58924994622532,63.72417959020086
boise-state_vs_clemson_20241117,2024-11-17,boise-state,Clemson,2025,71.87535305733486,71.82534165984025
boise-state_vs_hampton_20241124,2024-11-24,boise-state,Hampton,2025,77.24131494570561,62.603044338226724
boise-state_vs_south dakota state_20241125,2024-11-25,boise-state,South Dakota State,2025,75.66717564099396,68.97859013006695
boise-state_vs_boston college_20241126,2024-11-26,boise-state,Boston College,2025,72.0847568753205,68.43396508961996
boise-state_vs_utah tech_20241203,2024-12-03,boise-state,Utah Tech,2025,82.703156065315,63.581783079719514
boise-state_vs_washington state_20241207,2024-12-07,boise-state,Washington State,2025,74.95445534079198,70.23762570038494
boise-state_vs_texas southern_20241217,2024-12-17,boise-state,Texas Southern,2025,84.06561931535863,65.26363420103117
boise-state_vs_air force_20241221,2024-12-21,boise-state,Air Force,2025,78.31224503595293,58.196163625002534
boise-state_vs_san diego state_20250104,2025-01-04,boise-state,San Diego State,2025,70.19097928786483,67.61057140035517
boise-state_vs_unlv_20250107,2025-01-07,boise-state,UNLV,2025,73.5882567133609,66.56367136548415
boise-state_vs_wyoming_20250114,2025-01-14,boise-state,Wyoming,2025,74.74161781543546,63.628696862320446
boise-state_vs_nevada_20250129,2025-01-29,boise-state,Nevada,2025,74.44303731932307,67.4382986346253
boise-state_vs_fresno state_20250201,2025-02-01,boise-state,Fresno State,2025,85.70490725940758,67.09170279216299
boise-state_vs_san jose state_20250207,2025-02-07,boise-state,San Jose State,2025,77.38454956388458,66.82729628950987
boise-state_vs_new mexico_20250219,2025-02-19,boise-state,New Mexico,2025,78.10672940396859,73.05854512035746
boise-state_vs_utah state_20250226,2025-02-26,boise-state,Utah State,2025,75.07690837085056,70.82263175766799
boise-state_vs_colorado state_20250307,2025-03-07,boise-state,Colorado State,2025,72.95250592772831,67.45540663627854
boise-state_vs_san diego state_20250313,2025-03-13,boise-state,San Diego State,2025,69.68007740719474,66.09196324555822
boise-state_vs_new mexico_20250314,2025-03-14,boise-state,New Mexico,2025,74.79013655599749,72.23765969515001
boise-state_vs_colorado state_20250315,2025-03-15,boise-state,Colorado State,2025,70.36758487164913,68.58887805785602
boise-state_vs_george washington_20250331,2025-03-31,boise-state,George Washington,2025,72.58392859776042,66.28254317220056
boise-state_vs_butler_20250402,2025-04-02,boise-state,Butler,2025,71.50616736843578,67.0339806072031
boise-state_vs_nebraska_20250405,2025-04-05,boise-state,Nebraska,2025,71.38706599105497,68.42118972199484
boston-college_vs_temple_20241115,2024-11-15,boston-college,Temple,2025,71.73309537238227,71.92463741656235
boston-college_vs_loyola (md)_20241119,2024-11-19,boston-college,Loyola (MD),2025,76.86521063355318,64.80051831814822
boston-college_vs_old dominion_20241124,2024-11-24,boston-college,Old Dominion,2025,75.56653046820286,70.62581161755668
boston-college_vs_missouri state_20241125,2024-11-25,boston-college,Missouri State,2025,71.14178282435819,72.49710993443229
boston-college_vs_dartmouth_20241129,2024-11-29,boston-college,Dartmouth,2025,78.50691401317204,65.10253790336866
boston-college_vs_south carolina_20241203,2024-12-03,boston-college,South Carolina,2025,70.04416891305722,74.37014406713077
boston-college_vs_stonehill_20241215,2024-12-15,boston-college,Stonehill,2025,76.17417791045163,66.26222566527025
boston-college_vs_smu_20241221,2024-12-21,boston-college,SMU,2025,72.00078715311068,77.87926094291497
boston-college_vs_miami (fl)_20250101,2025-01-01,boston-college,Miami (FL),2025,72.75965613756715,72.55073656925933
boston-college_vs_syracuse_20250111,2025-01-11,boston-college,Syracuse,2025,75.89798731537546,75.5290506158513
boston-college_vs_duke_20250118,2025-01-18,boston-college,Duke,2025,62.70389814154524,78.82986358174428
boston-college_vs_florida state_20250201,2025-02-01,boston-college,Florida State,2025,71.81441409587889,76.89647046372936
boston-college_vs_louisville_20250205,2025-02-05,boston-college,Louisville,2025,69.42301208848039,78.40958321545142
boston-college_vs_notre dame_20250212,2025-02-12,boston-college,Notre Dame,2025,69.71929926498042,75.4429370428941
boston-college_vs_virginia tech_20250218,2025-02-18,boston-college,Virginia Tech,2025,71.83256262533314,70.80019501379563
boston-college_vs_georgia tech_20250222,2025-02-22,boston-college,Georgia Tech,2025,72.69602867099984,73.77590165279607
boston-college_vs_clemson_20250305,2025-03-05,boston-college,Clemson,2025,65.82603277913675,75.1695265343471
boston-university_vs_dartmouth_20241116,2024-11-16,boston-university,Dartmouth,2025,73.3173190209271,71.83753456007206
boston-university_vs_wagner_20241119,2024-11-19,boston-university,Wagner,2025,63.27861994817483,62.32241472137182
boston-university_vs_howard_20241124,2024-11-24,boston-university,Howard,2025,71.09617034299792,71.44254343163551
boston-university_vs_sacred heart_20241201,2024-12-01,boston-university,Sacred Heart,2025,72.73172028004288,67.60802551623713
boston-university_vs_albany (ny)_20241207,2024-12-07,boston-university,Albany (NY),2025,70.44670492266572,70.68009808432959
boston-university_vs_army_20250105,2025-01-05,boston-university,Army,2025,72.76012400114719,69.97848497565157
boston-university_vs_american_20250108,2025-01-08,boston-university,American,2025,67.51424653601302,67.0268701411055
boston-university_vs_lehigh_20250115,2025-01-15,boston-university,Lehigh,2025,69.46009227557431,67.15138320821299
boston-university_vs_bucknell_20250125,2025-01-25,boston-university,Bucknell,2025,67.08401260103527,66.81665306767881
boston-university_vs_holy cross_20250127,2025-01-27,boston-university,Holy Cross,2025,67.52582533553813,66.70078042795139
boston-university_vs_navy_20250205,2025-02-05,boston-university,Navy,2025,65.63399478459475,66.98248009539746
boston-university_vs_colgate_20250215,2025-02-15,boston-university,Colgate,2025,65.59403220781896,70.45847337406191
boston-university_vs_loyola (md)_20250219,2025-02-19,boston-university,Loyola (MD),2025,68.23787004228295,64.91353379736273
boston-university_vs_lafayette_20250301,2025-03-01,boston-university,Lafayette,2025,67.16217283235054,65.50522660618623
boston-university_vs_navy_20250306,2025-03-06,boston-university,Navy,2025,67.61709955541355,65.48738464828715
bowling-green-state_vs_niagara_20241119,2024-11-19,bowling-green-state,Niagara,2025,80.56174505230793,72.31171115206196
bowling-green-state_vs_weber state_20241129,2024-11-29,bowling-green-state,Weber State,2025,72.01130062637814,74.62304900847185
bowling-green-state_vs_new mexico state_20241130,2024-11-30,bowling-green-state,New Mexico State,2025,72.98303306147486,76.3182977901402
bowling-green-state_vs_morgan state_20241207,2024-12-07,bowling-green-state,Morgan State,2025,78.7119146924517,72.09095738280813
bowling-green-state_vs_st. thomas_20241221,2024-12-21,bowling-green-state,St. Thomas,2025,74.74359859131425,80.21742176681319
bowling-green-state_vs_akron_20250103,2025-01-03,bowling-green-state,Akron,2025,76.61886335172012,81.9721732406903
bowling-green-state_vs_buffalo_20250114,2025-01-14,bowling-green-state,Buffalo,2025,82.06767194170416,73.21842062687611
bowling-green-state_vs_eastern michigan_20250118,2025-01-18,bowling-green-state,Eastern Michigan,2025,76.27983467008177,74.62623644228252
bowling-green-state_vs_toledo_20250124,2025-01-24,bowling-green-state,Toledo,2025,75.91977429415716,76.16129927466436
bowling-green-state_vs_northern illinois_20250204,2025-02-04,bowling-green-state,Northern Illinois,2025,78.93031988566334,71.5989228894702
bowling-green-state_vs_coastal carolina_20250208,2025-02-08,bowling-green-state,Coastal Carolina,2025,72.10888509272574,69.88984958401917
bowling-green-state_vs_ohio_20250211,2025-02-11,bowling-green-state,Ohio,2025,75.37332490728255,79.16075184670187
bowling-green-state_vs_kent state_20250218,2025-02-18,bowling-green-state,Kent State,2025,68.62726309254667,74.15606459376308
bowling-green-state_vs_ball state_20250301,2025-03-01,bowling-green-state,Ball State,2025,77.31270366268878,75.49462078715614
bradley_vs_northern illinois_20241116,2024-11-16,bradley,Northern Illinois,2025,83.54876875115673,65.93576760058922
bradley_vs_texas state_20241121,2024-11-21,bradley,Texas State,2025,72.5854569756664,66.12430733219797
bradley_vs_wright state_20241122,2024-11-22,bradley,Wright State,2025,73.33206222061887,69.59214497019981
bradley_vs_middle tennessee_20241124,2024-11-24,bradley,Middle Tennessee,2025,72.40035777833637,72.91112364475337
bradley_vs_santa clara_20241214,2024-12-14,bradley,Santa Clara,2025,73.03364276148915,70.16993403318843
bradley_vs_san francisco_20241218,2024-12-18,bradley,San Francisco,2025,72.13526063370897,70.09364616857194
bradley_vs_canisius_20241221,2024-12-21,bradley,Canisius,2025,81.06524009301864,59.541313564279704
bradley_vs_valparaiso_20241229,2024-12-29,bradley,Valparaiso,2025,82.70514185296554,66.99644022993937
bradley_vs_missouri state_20250104,2025-01-04,bradley,Missouri State,2025,78.34250602895698,66.17576820315655
bradley_vs_drake_20250108,2025-01-08,bradley,Drake,2025,70.2254664466171,65.62747775840137
bradley_vs_indiana state_20250115,2025-01-15,bradley,Indiana State,2025,82.81779872122303,72.06420828239168
bradley_vs_illinois state_20250125,2025-01-25,bradley,Illinois State,2025,76.0452658505799,66.96535541497549
bradley_vs_illinoisâchicago_20250129,2025-01-29,bradley,IllinoisâChicago,2025,77.90662161929853,70.0966747441531
bradley_vs_belmont_20250205,2025-02-05,bradley,Belmont,2025,79.00785274136663,70.62671240634168
bradley_vs_southern illinois_20250212,2025-02-12,bradley,Southern Illinois,2025,76.04942383619066,68.98676434348573
bradley_vs_murray state_20250222,2025-02-22,bradley,Murray State,2025,76.39851575682879,65.60721592089348
bradley_vs_northern iowa_20250302,2025-03-02,bradley,Northern Iowa,2025,73.23631938713949,67.1912883294853
bradley_vs_murray state_20250307,2025-03-07,bradley,Murray State,2025,73.08883927740781,65.8740218495306
bradley_vs_valparaiso_20250308,2025-03-08,bradley,Valparaiso,2025,79.26874060812055,67.87621311834764
bradley_vs_drake_20250309,2025-03-09,bradley,Drake,2025,64.42313699891335,67.65767157200115
bradley_vs_north alabama_20250319,2025-03-19,bradley,North Alabama,2025,73.0131295979739,68.37174135835784
bradley_vs_chattanooga_20250325,2025-03-25,bradley,Chattanooga,2025,76.1540459668776,68.03588597896331
brigham-young_vs_idaho_20241116,2024-11-16,brigham-young,Idaho,2025,88.23089143689305,64.60742358568157
brigham-young_vs_mississippi valley state_20241123,2024-11-23,brigham-young,Mississippi Valley State,2025,90.34673585995108,55.14240403942598
brigham-young_vs_nc state_20241129,2024-11-29,brigham-young,NC State,2025,79.88239533683905,71.96118507384347
brigham-young_vs_fresno state_20241211,2024-12-11,brigham-young,Fresno State,2025,91.22313938059003,67.16712742449099
brigham-young_vs_wyoming_20241214,2024-12-14,brigham-young,Wyoming,2025,82.83378582204597,68.12670193485502
brigham-young_vs_florida a&m_20241220,2024-12-20,brigham-young,Florida A&M,2025,89.51659797002456,62.3744710056885
brigham-young_vs_arizona state_20241231,2024-12-31,brigham-young,Arizona State,2025,80.06419568512003,71.95621621504483
brigham-young_vs_texas tech_20250107,2025-01-07,brigham-young,Texas Tech,2025,74.54580968556824,72.01842647023958
brigham-young_vs_oklahoma state_20250114,2025-01-14,brigham-young,Oklahoma State,2025,81.54148239782347,66.456833037447
brigham-young_vs_cincinnati_20250125,2025-01-25,brigham-young,Cincinnati,2025,70.94037349459708,65.32147097982195
brigham-young_vs_baylor_20250128,2025-01-28,brigham-young,Baylor,2025,76.06942927129522,71.42619614240814
brigham-young_vs_arizona_20250204,2025-02-04,brigham-young,Arizona,2025,76.6464396438801,76.18722083313618
brigham-young_vs_kansas state_20250215,2025-02-15,brigham-young,Kansas State,2025,75.14192916595694,71.0510484670855
brigham-young_vs_kansas_20250218,2025-02-18,brigham-young,Kansas,2025,73.94532242196102,73.63037944334415
brigham-young_vs_west virginia_20250301,2025-03-01,brigham-young,West Virginia,2025,75.2427530476939,67.77937102597159
brigham-young_vs_utah_20250308,2025-03-08,brigham-young,Utah,2025,78.64873038248207,70.4991153356941
brigham-young_vs_iowa state_20250313,2025-03-13,brigham-young,Iowa State,2025,78.68544561262536,74.82593516615303
brigham-young_vs_houston_20250314,2025-03-14,brigham-young,Houston,2025,69.48120874850831,70.9182112895082
brigham-young_vs_vcu_20250320,2025-03-20,brigham-young,VCU,2025,73.96028529070297,69.96543183730343
brigham-young_vs_wisconsin_20250322,2025-03-22,brigham-young,Wisconsin,2025,74.87241654496397,74.01230004049927
brown_vs_new hampshire_20241115,2024-11-15,brown,New Hampshire,2025,78.54523916049185,66.41539092630396
brown_vs_holy cross_20241116,2024-11-16,brown,Holy Cross,2025,74.87298484015774,64.31660852582573
brown_vs_sacred heart_20241117,2024-11-17,brown,Sacred Heart,2025,75.72966833982657,67.32336102345454
brown_vs_stony brook_20241127,2024-11-27,brown,Stony Brook,2025,76.43404137501885,66.40718493197207
brown_vs_rhode island_20241210,2024-12-10,brown,Rhode Island,2025,71.73873807623394,75.20189112255645
brown_vs_harvard_20250118,2025-01-18,brown,Harvard,2025,72.95409291485385,65.97558861305818
brown_vs_dartmouth_20250125,2025-01-25,brown,Dartmouth,2025,75.92100831574265,71.50680936429819
brown_vs_princeton_20250214,2025-02-14,brown,Princeton,2025,68.94985440848494,73.0880231353908
brown_vs_pennsylvania_20250215,2025-02-15,brown,Pennsylvania,2025,75.86295140114962,70.24127246085476
brown_vs_columbia_20250221,2025-02-21,brown,Columbia,2025,77.43663117577616,72.8330226088129
brown_vs_cornell_20250222,2025-02-22,brown,Cornell,2025,75.9195075290411,76.58698373866325
brown_vs_yale_20250308,2025-03-08,brown,Yale,2025,69.91926381944995,77.34118544752094
bryant_vs_tennessee state_20241126,2024-11-26,bryant,Tennessee State,2025,81.46111548926008,73.61253156585127
bryant_vs_brown_20241206,2024-12-06,bryant,Brown,2025,74.03287017303471,72.04121661726344
bryant_vs_fordham_20241214,2024-12-14,bryant,Fordham,2025,77.28004583717953,75.55357257516906
bryant_vs_maine_20250104,2025-01-04,bryant,Maine,2025,76.83955184643935,72.98205088351428
bryant_vs_vermont_20250111,2025-01-11,bryant,Vermont,2025,74.7969695598144,67.34538085210822
bryant_vs_umass lowell_20250118,2025-01-18,bryant,UMass Lowell,2025,78.83998989324057,77.19792034993807
bryant_vs_binghamton_20250125,2025-01-25,bryant,Binghamton,2025,80.63313088215465,70.20751551515724
bryant_vs_albany (ny)_20250206,2025-02-06,bryant,Albany (NY),2025,85.7333097938984,73.83444569554516
bryant_vs_njit_20250213,2025-02-13,bryant,NJIT,2025,81.74383986772865,67.33569288681569
bryant_vs_umbc_20250215,2025-02-15,bryant,UMBC,2025,86.03141793950962,75.55436411783775
bryant_vs_new hampshire_20250304,2025-03-04,bryant,New Hampshire,2025,83.1714819110603,69.11420458739411
bryant_vs_umbc_20250308,2025-03-08,bryant,UMBC,2025,85.66839773749481,75.53427973525467
bryant_vs_albany (ny)_20250311,2025-03-11,bryant,Albany (NY),2025,82.54678779285395,73.33239743226613
bryant_vs_maine_20250315,2025-03-15,bryant,Maine,2025,76.69613824451407,70.5409052295043
bryant_vs_michigan state_20250321,2025-03-21,bryant,Michigan State,2025,65.31934884122845,83.3179438814205
bucknell_vs_richmond_20241116,2024-11-16,bucknell,Richmond,2025,76.37117913503678,76.32814848542033
bucknell_vs_njit_20241121,2024-11-21,bucknell,NJIT,2025,81.28197837580845,68.7028154098808
bucknell_vs_rider_20241123,2024-11-23,bucknell,Rider,2025,77.19378052330363,72.93481878422186
bucknell_vs_siena_20241130,2024-11-30,bucknell,Siena,2025,75.70650576517721,69.79274008448259
bucknell_vs_st. bonaventure_20241204,2024-12-04,bucknell,St. Bonaventure,2025,67.80548391196086,75.62895186587808
bucknell_vs_colgate_20250105,2025-01-05,bucknell,Colgate,2025,72.20178240232053,68.62713883933041
bucknell_vs_lafayette_20250108,2025-01-08,bucknell,Lafayette,2025,68.65685735852668,67.65227692573232
bucknell_vs_holy cross_20250115,2025-01-15,bucknell,Holy Cross,2025,69.57340180794449,66.89150504805038
bucknell_vs_navy_20250118,2025-01-18,bucknell,Navy,2025,72.988751041571,69.12698007749793
bucknell_vs_loyola (md)_20250129,2025-01-29,bucknell,Loyola (MD),2025,72.94167200891489,69.44673825019429
bucknell_vs_american_20250205,2025-02-05,bucknell,American,2025,69.1894544554152,68.18752845611557
bucknell_vs_boston university_20250212,2025-02-12,bucknell,Boston University,2025,72.49795152512303,64.83156453590561
bucknell_vs_lehigh_20250217,2025-02-17,bucknell,Lehigh,2025,74.70211701858481,70.73636326942734
bucknell_vs_army_20250223,2025-02-23,bucknell,Army,2025,75.49610474981537,72.30770775452329
bucknell_vs_loyola (md)_20250306,2025-03-06,bucknell,Loyola (MD),2025,75.03320619574555,68.93504716498042
bucknell_vs_navy_20250309,2025-03-09,bucknell,Navy,2025,74.93418326562926,69.35975772841284
buffalo_vs_bryant_20241114,2024-11-14,buffalo,Bryant,2025,71.89818101841087,85.69272403296816
buffalo_vs_morgan state_20241122,2024-11-22,buffalo,Morgan State,2025,77.54170617713841,77.1549888655634
buffalo_vs_north carolina a&t_20241125,2024-11-25,buffalo,North Carolina A&T,2025,77.56681071125836,79.2309690947968
buffalo_vs_ohio_20250107,2025-01-07,buffalo,Ohio,2025,72.6525148871538,81.16276388260535
buffalo_vs_kent state_20250110,2025-01-10,buffalo,Kent State,2025,66.94190971795719,78.88856113647358
buffalo_vs_akron_20250121,2025-01-21,buffalo,Akron,2025,76.41785478626119,82.60059814701687
buffalo_vs_central michigan_20250128,2025-01-28,buffalo,Central Michigan,2025,71.56051789741971,77.9322624363082
buffalo_vs_ball state_20250201,2025-02-01,buffalo,Ball State,2025,74.88698791687622,76.02634724055093
buffalo_vs_georgia state_20250208,2025-02-08,buffalo,Georgia State,2025,75.65704776264319,77.25537165350742
buffalo_vs_bowling green_20250215,2025-02-15,buffalo,Bowling Green,2025,75.03799588136695,77.22456626254784
buffalo_vs_toledo_20250301,2025-03-01,buffalo,Toledo,2025,73.65288954906636,80.63109439437422
buffalo_vs_miami (oh)_20250304,2025-03-04,buffalo,Miami (OH),2025,71.64238214610901,81.98517118678107
butler_vs_smu_20241115,2024-11-15,butler,SMU,2025,72.97627198667733,75.35198248213652
butler_vs_merrimack_20241122,2024-11-22,butler,Merrimack,2025,73.75689627819143,60.438206484374135
butler_vs_northwestern_20241128,2024-11-28,butler,Northwestern,2025,68.69253038296134,68.44363310012794
butler_vs_mississippi state_20241129,2024-11-29,butler,Mississippi State,2025,70.88626299751708,76.36186686405017
butler_vs_eastern illinois_20241203,2024-12-03,butler,Eastern Illinois,2025,82.67600239791929,64.07396413228919
butler_vs_north dakota state_20241210,2024-12-10,butler,North Dakota State,2025,77.24574589673395,66.40680575704742
butler_vs_wisconsin_20241214,2024-12-14,butler,Wisconsin,2025,69.736104630844,73.7818045797473
butler_vs_connecticut_20241221,2024-12-21,butler,Connecticut,2025,69.89878550399673,73.29506286525532
butler_vs_villanova_20250101,2025-01-01,butler,Villanova,2025,73.24857659868114,71.93534484058416
butler_vs_creighton_20250111,2025-01-11,butler,Creighton,2025,69.64086632953413,69.79978852195084
butler_vs_seton hall_20250115,2025-01-15,butler,Seton Hall,2025,73.73262005296267,61.793607631398956
butler_vs_depaul_20250125,2025-01-25,butler,DePaul,2025,75.22210891292322,70.07293782021897
butler_vs_marquette_20250128,2025-01-28,butler,Marquette,2025,69.13930009174638,73.339116239129
butler_vs_providence_20250208,2025-02-08,butler,Providence,2025,73.69127269064172,68.02333641546723
butler_vs_georgetown_20250215,2025-02-15,butler,Georgetown,2025,72.00131074462351,67.20194644251306
butler_vs_st. john's (ny)_20250226,2025-02-26,butler,St. John's (NY),2025,72.98526057226994,78.04773703685751
butler_vs_xavier_20250305,2025-03-05,butler,Xavier,2025,73.58499021343448,74.15935243767078
butler_vs_providence_20250312,2025-03-12,butler,Providence,2025,72.32736664208268,70.73814403258311
butler_vs_st. john's (ny)_20250313,2025-03-13,butler,St. John's (NY),2025,71.0780099151037,77.60320599944956
butler_vs_utah_20250331,2025-03-31,butler,Utah,2025,71.84497454341269,72.53200878075873
california_vs_air force_20241121,2024-11-21,california,Air Force,2025,76.70684007708566,61.00966722414477
california_vs_sacramento state_20241124,2024-11-24,california,Sacramento State,2025,80.80251467603745,65.90791524203956
california_vs_mercyhurst_20241127,2024-11-27,california,Mercyhurst,2025,80.02313197391369,60.75491585271573
california_vs_stanford_20241207,2024-12-07,california,Stanford,2025,74.369655090292,75.09027718425165
california_vs_cornell_20241210,2024-12-10,california,Cornell,2025,79.29660226156837,75.09126108521306
california_vs_northwestern state_20241214,2024-12-14,california,Northwestern State,2025,78.96002794086365,65.52319728244048
california_vs_san diego state_20241221,2024-12-21,california,San Diego State,2025,69.92876449228899,75.59034681430123
california_vs_virginia_20250108,2025-01-08,california,Virginia,2025,67.63483349854243,65.52393128857285
california_vs_virginia tech_20250111,2025-01-11,california,Virginia Tech,2025,75.23557014479124,72.10358303547265
california_vs_florida state_20250122,2025-01-22,california,Florida State,2025,75.11530673122779,78.59082185967408
california_vs_miami (fl)_20250125,2025-01-25,california,Miami (FL),2025,79.55978693371445,72.56794019965423
california_vs_syracuse_20250201,2025-02-01,california,Syracuse,2025,78.73543792508718,74.08246267127296
california_vs_nc state_20250205,2025-02-05,california,NC State,2025,70.77693830455783,68.71175401744557
california_vs_wake forest_20250208,2025-02-08,california,Wake Forest,2025,67.95544054612193,71.19275119914388
california_vs_smu_20250226,2025-02-26,california,SMU,2025,72.40896870378587,78.45223866935078
california_vs_boston college_20250301,2025-03-01,california,Boston College,2025,74.91864027372151,70.79894845995592
california_vs_virginia tech_20250311,2025-03-11,california,Virginia Tech,2025,71.04978422667885,71.35425975124055
california_vs_stanford_20250312,2025-03-12,california,Stanford,2025,70.59601752236401,71.94625864101164
california-baptist_vs_liu_20241115,2024-11-15,california-baptist,LIU,2025,77.68510043837587,65.82014484472788
california-baptist_vs_northern colorado_20241120,2024-11-20,california-baptist,Northern Colorado,2025,80.1377118629653,73.06317092371253
california-baptist_vs_eastern washington_20241123,2024-11-23,california-baptist,Eastern Washington,2025,81.88548854156907,72.52175519461598
california-baptist_vs_smu_20241126,2024-11-26,california-baptist,SMU,2025,72.0967046522149,85.14429926325445
california-baptist_vs_fresno state_20241128,2024-11-28,california-baptist,Fresno State,2025,79.12771456344473,73.47133559599817
california-baptist_vs_jackson state_20241228,2024-12-28,california-baptist,Jackson State,2025,82.34914179268205,68.32689434160365
california-baptist_vs_uc irvine_20241230,2024-12-30,california-baptist,UC Irvine,2025,72.76170203809265,75.72269548956571
california-baptist_vs_seattle_20250104,2025-01-04,california-baptist,Seattle,2025,75.79344462024012,74.91528834229173
california-baptist_vs_utah valley_20250123,2025-01-23,california-baptist,Utah Valley,2025,72.04006073975239,73.58664701539746
california-baptist_vs_abilene christian_20250130,2025-01-30,california-baptist,Abilene Christian,2025,75.28768684163587,69.00588015247973
california-baptist_vs_southern utah_20250206,2025-02-06,california-baptist,Southern Utah,2025,79.55858845495985,69.8960496642151
california-baptist_vs_grand canyon_20250208,2025-02-08,california-baptist,Grand Canyon,2025,71.6475350773597,75.31913476993792
california-baptist_vs_utah tech_20250215,2025-02-15,california-baptist,Utah Tech,2025,78.02696278827081,70.01465802117052
california-baptist_vs_tarleton state_20250306,2025-03-06,california-baptist,Tarleton State,2025,72.98835364007644,63.68583316719817
california-baptist_vs_ut arlington_20250308,2025-03-08,california-baptist,UT Arlington,2025,77.425882211958,71.61565486015468
california-baptist_vs_tarleton state_20250313,2025-03-13,california-baptist,Tarleton State,2025,70.8897504186813,62.12043727121999
california-baptist_vs_grand canyon_20250314,2025-03-14,california-baptist,Grand Canyon,2025,68.85543668687578,73.68862540050651
california-davis_vs_norfolk state_20241125,2024-11-25,california-davis,Norfolk State,2025,77.66691448401986,71.15299640384865
california-davis_vs_cal poly_20241205,2024-12-05,california-davis,Cal Poly,2025,77.58417634234505,74.35545886121693
california-davis_vs_uc santa barbara_20241207,2024-12-07,california-davis,UC Santa Barbara,2025,69.85669115299096,72.68109158375891
california-davis_vs_idaho_20241218,2024-12-18,california-davis,Idaho,2025,73.89711216734325,70.33483342120431
california-davis_vs_cal state fullerton_20250109,2025-01-09,california-davis,Cal State Fullerton,2025,70.1672666158328,62.356219789905666
california-davis_vs_long beach state_20250111,2025-01-11,california-davis,Long Beach State,2025,71.01766434563598,63.848769080353435
california-davis_vs_hawaii_20250123,2025-01-23,california-davis,Hawaii,2025,67.59413836522947,67.96242054545736
california-davis_vs_uc riverside_20250213,2025-02-13,california-davis,UC Riverside,2025,70.49160711105286,71.88758500365617
california-davis_vs_cal state bakersfield_20250220,2025-02-20,california-davis,Cal State Bakersfield,2025,73.83154009669754,68.25087560592452
california-davis_vs_cal state northridge_20250222,2025-02-22,california-davis,Cal State Northridge,2025,69.78320131304368,75.11273969193165
california-davis_vs_uc irvine_20250306,2025-03-06,california-davis,UC Irvine,2025,67.53893086939078,69.3523936734106
california-davis_vs_cal poly_20250312,2025-03-12,california-davis,Cal Poly,2025,74.8958837948056,76.56148837015593
california-irvine_vs_pepperdine_20241116,2024-11-16,california-irvine,Pepperdine,2025,77.54141497617732,64.02545537155846
california-irvine_vs_kennesaw state_20241128,2024-11-28,california-irvine,Kennesaw State,2025,79.64743985615637,71.7386941732432
california-irvine_vs_kent state_20241129,2024-11-29,california-irvine,Kent State,2025,70.39250974853964,66.12927028333439
california-irvine_vs_towson_20241130,2024-11-30,california-irvine,Towson,2025,71.85116234895527,65.57287058360257
california-irvine_vs_cal state bakersfield_20241205,2024-12-05,california-irvine,Cal State Bakersfield,2025,78.31420175401801,61.88014991629614
california-irvine_vs_uc riverside_20250104,2025-01-04,california-irvine,UC Riverside,2025,73.9997676840887,66.5735834998615
california-irvine_vs_cal state fullerton_20250116,2025-01-16,california-irvine,Cal State Fullerton,2025,76.74098315393043,56.48519835839036
california-irvine_vs_cal poly_20250118,2025-01-18,california-irvine,Cal Poly,2025,86.30139323570907,69.60667131201623
california-irvine_vs_hawaii_20250125,2025-01-25,california-irvine,Hawaii,2025,74.95465351552787,64.01658801437776
california-irvine_vs_uc davis_20250201,2025-02-01,california-irvine,UC Davis,2025,75.69572362198716,63.919947549985196
california-irvine_vs_uc santa barbara_20250213,2025-02-13,california-irvine,UC Santa Barbara,2025,77.10840432353204,66.92191604078596
california-irvine_vs_cal state northridge_20250220,2025-02-20,california-irvine,Cal State Northridge,2025,78.43926107030255,69.7437507091952
california-irvine_vs_long beach state_20250301,2025-03-01,california-irvine,Long Beach State,2025,78.95864605857523,61.25224395605699
california-irvine_vs_cal poly_20250314,2025-03-14,california-irvine,Cal Poly,2025,82.06460833280902,72.50738164629738
california-irvine_vs_northern colorado_20250319,2025-03-19,california-irvine,Northern Colorado,2025,75.15979634721943,69.8785847176813
california-irvine_vs_jacksonville state_20250323,2025-03-23,california-irvine,Jacksonville State,2025,73.81850533015198,67.02398556254103
california-irvine_vs_uab_20250326,2025-03-26,california-irvine,UAB,2025,78.075784216756,72.60674346710249
california-irvine_vs_north texas_20250401,2025-04-01,california-irvine,North Texas,2025,64.5705091891878,65.90030800986604
california-irvine_vs_chattanooga_20250403,2025-04-03,california-irvine,Chattanooga,2025,73.90098371917789,71.71499154456059
california-riverside_vs_alcorn state_20241124,2024-11-24,california-riverside,Alcorn State,2025,80.51468243792701,62.59802799124684
california-riverside_vs_cal state fullerton_20241207,2024-12-07,california-riverside,Cal State Fullerton,2025,72.30271606015066,62.61484168504173
california-riverside_vs_montana state_20241218,2024-12-18,california-riverside,Montana State,2025,71.78023598102065,71.18654003924028
california-riverside_vs_st. thomas_20241229,2024-12-29,california-riverside,St. Thomas,2025,73.1301033376058,77.63061921949455
california-riverside_vs_hawaii_20250109,2025-01-09,california-riverside,Hawaii,2025,68.72071593039422,66.48147270188015
california-riverside_vs_uc irvine_20250123,2025-01-23,california-riverside,UC Irvine,2025,68.09935433921967,72.43876491263174
california-riverside_vs_uc davis_20250130,2025-01-30,california-riverside,UC Davis,2025,73.04126939133187,66.58625892929354
california-riverside_vs_cal poly_20250201,2025-02-01,california-riverside,Cal Poly,2025,83.82793844604984,76.0559933740456
california-riverside_vs_cal state bakersfield_20250208,2025-02-08,california-riverside,Cal State Bakersfield,2025,77.40769177044228,71.83035572007792
california-riverside_vs_uc santa barbara_20250215,2025-02-15,california-riverside,UC Santa Barbara,2025,72.36070625118225,70.55213377418221
california-riverside_vs_long beach state_20250220,2025-02-20,california-riverside,Long Beach State,2025,78.37594013984437,68.46625513532679
california-riverside_vs_cal state northridge_20250306,2025-03-06,california-riverside,Cal State Northridge,2025,77.7172431831993,79.77230459391721
california-riverside_vs_cal poly_20250313,2025-03-13,california-riverside,Cal Poly,2025,78.65099076205387,77.90481666968648
california-san-diego_vs_san diego state_20241106,2024-11-06,california-san-diego,San Diego State,2025,61.84962046033982,81.66780924317857
san-diego_vs_idaho state_20241116,2024-11-16,san-diego,Idaho State,2025,66.43518836308166,63.604830655024834
california-san-diego_vs_seattle_20241116,2024-11-16,california-san-diego,Seattle,2025,69.97957179910767,72.79736805243412
california-san-diego_vs_la salle_20241121,2024-11-21,california-san-diego,La Salle,2025,68.22604125113219,75.070871617008
california-san-diego_vs_james madison_20241122,2024-11-22,california-san-diego,James Madison,2025,68.23624870349138,77.68265408761722
san-diego_vs_southern utah_20241122,2024-11-22,san-diego,Southern Utah,2025,75.63666737281582,74.23504677760639
california-san-diego_vs_toledo_20241123,2024-11-23,california-san-diego,Toledo,2025,70.44037779293592,79.96230190084131
san-diego_vs_idaho_20241124,2024-11-24,san-diego,Idaho,2025,70.82256079483804,72.79353949556143
california-san-diego_vs_uc santa barbara_20241205,2024-12-05,california-san-diego,UC Santa Barbara,2025,65.15335397539634,74.83877957268412
california-san-diego_vs_cal state bakersfield_20241207,2024-12-07,california-san-diego,Cal State Bakersfield,2025,69.85882674196996,71.78569464992547
san-diego_vs_long beach state_20241210,2024-12-10,san-diego,Long Beach State,2025,68.3918234514605,64.19733773122364
california-san-diego_vs_idaho_20241215,2024-12-15,california-san-diego,Idaho,2025,70.45886663660755,73.08119488925473
california-san-diego_vs_utah state_20241217,2024-12-17,california-san-diego,Utah State,2025,65.07679847993846,81.68324964872936
california-san-diego_vs_san diego_20241221,2024-12-21,california-san-diego,San Diego,2025,68.3557405174458,69.37213368258874
san-diego_vs_grand canyon_20241228,2024-12-28,san-diego,Grand Canyon,2025,67.20485236388797,79.087987546816
san-diego_vs_pacific_20241230,2024-12-30,san-diego,Pacific,2025,70.59885591740212,68.43047252038468
san-diego_vs_santa clara_20250102,2025-01-02,san-diego,Santa Clara,2025,66.77888419219332,80.63509732654946
california-san-diego_vs_cal state fullerton_20250104,2025-01-04,california-san-diego,Cal State Fullerton,2025,67.93097624637021,63.68529005598632
california-san-diego_vs_cal poly_20250109,2025-01-09,california-san-diego,Cal Poly,2025,77.55000463263464,77.37394287575813
california-san-diego_vs_uc irvine_20250111,2025-01-11,california-san-diego,UC Irvine,2025,65.98682682361088,72.43191635322762
california-san-diego_vs_long beach state_20250116,2025-01-16,california-san-diego,Long Beach State,2025,67.58291651026353,69.127914703209
san-diego_vs_washington state_20250116,2025-01-16,san-diego,Washington State,2025,70.387501459387,80.31763473627383
california-san-diego_vs_uc riverside_20250118,2025-01-18,california-san-diego,UC Riverside,2025,67.76880038379744,73.82453295905626
california-san-diego_vs_uc santa barbara_20250123,2025-01-23,california-san-diego,UC Santa Barbara,2025,67.06458285928625,70.93200319138052
california-san-diego_vs_cal state northridge_20250125,2025-01-25,california-san-diego,Cal State Northridge,2025,70.4535691527358,80.13026530782632
san-diego_vs_pepperdine_20250130,2025-01-30,san-diego,Pepperdine,2025,70.0995466795347,71.66217819311954
california-san-diego_vs_hawaii_20250131,2025-01-31,california-san-diego,Hawaii,2025,68.81958476805954,74.1947818883507
san-diego_vs_loyola marymount_20250201,2025-02-01,san-diego,Loyola Marymount,2025,68.20275988642302,73.74833245720195
california-san-diego_vs_uc riverside_20250206,2025-02-06,california-san-diego,UC Riverside,2025,70.60888227071699,76.60128466356879
california-san-diego_vs_uc irvine_20250208,2025-02-08,california-san-diego,UC Irvine,2025,63.88841663734624,77.46491181583568
california-san-diego_vs_cal state bakersfield_20250213,2025-02-13,california-san-diego,Cal State Bakersfield,2025,73.44742806563197,73.7704098516629
california-san-diego_vs_uc davis_20250215,2025-02-15,california-san-diego,UC Davis,2025,69.58324213540301,70.96286628943614
san-diego_vs_san francisco_20250215,2025-02-15,san-diego,San Francisco,2025,67.04192739795235,78.03389415676968
california-san-diego_vs_cal poly_20250220,2025-02-20,california-san-diego,Cal Poly,2025,76.15322524763383,80.1630899410033
california-san-diego_vs_hawaii_20250222,2025-02-22,california-san-diego,Hawaii,2025,70.18201346190452,73.14980058551008
san-diego_vs_oregon state_20250222,2025-02-22,san-diego,Oregon State,2025,68.51064649997153,77.23293720747141
california-san-diego_vs_cal state northridge_20250227,2025-02-27,california-san-diego,Cal State Northridge,2025,70.94990701569961,81.4386338958827
california-san-diego_vs_cal state fullerton_20250301,2025-03-01,california-san-diego,Cal State Fullerton,2025,73.3482729631449,65.30098211022458
san-diego_vs_portland_20250301,2025-03-01,san-diego,Portland,2025,76.32755601341502,75.86938720077197
california-san-diego_vs_long beach state_20250306,2025-03-06,california-san-diego,Long Beach State,2025,74.40303108276731,69.75263501879682
san-diego_vs_pacific_20250306,2025-03-06,san-diego,Pacific,2025,72.20582616893164,72.66617206867578
san-diego_vs_loyola marymount_20250307,2025-03-07,san-diego,Loyola Marymount,2025,68.03895375200717,74.66135947751552
california-san-diego_vs_uc davis_20250308,2025-03-08,california-san-diego,UC Davis,2025,68.5056424859372,71.93288850876569
california-san-diego_vs_uc santa barbara_20250314,2025-03-14,california-san-diego,UC Santa Barbara,2025,69.57616918890606,76.19674534726174
california-san-diego_vs_uc irvine_20250315,2025-03-15,california-san-diego,UC Irvine,2025,65.94685295289464,79.08333033138936
california-san-diego_vs_michigan_20250320,2025-03-20,california-san-diego,Michigan,2025,63.206328615769436,82.8250928182794
california-santa-barbara_vs_utep_20241120,2024-11-20,california-santa-barbara,UTEP,2025,77.05475797478975,74.85313266388219
california-santa-barbara_vs_eastern washington_20241126,2024-11-26,california-santa-barbara,Eastern Washington,2025,82.14284512250619,72.94633791609657
california-santa-barbara_vs_mississippi valley state_20241129,2024-11-29,california-santa-barbara,Mississippi Valley State,2025,84.10899936558778,57.12967738432613
california-santa-barbara_vs_green bay_20241214,2024-12-14,california-santa-barbara,Green Bay,2025,79.71365069421763,69.9666987675074
california-santa-barbara_vs_cal state bakersfield_20250109,2025-01-09,california-santa-barbara,Cal State Bakersfield,2025,73.59986928225865,67.5031240945236
california-santa-barbara_vs_uc riverside_20250116,2025-01-16,california-santa-barbara,UC Riverside,2025,73.0335041270898,69.32974784361951
california-santa-barbara_vs_uc davis_20250118,2025-01-18,california-santa-barbara,UC Davis,2025,73.20002030626317,63.582545515128814
california-santa-barbara_vs_cal state northridge_20250130,2025-01-30,california-santa-barbara,Cal State Northridge,2025,73.58953809826194,74.41912948151402
california-santa-barbara_vs_long beach state_20250201,2025-02-01,california-santa-barbara,Long Beach State,2025,74.79634961148004,67.60807279831425
california-santa-barbara_vs_hawaii_20250208,2025-02-08,california-santa-barbara,Hawaii,2025,72.19906987040645,67.83905101394686
california-santa-barbara_vs_cal state fullerton_20250220,2025-02-20,california-santa-barbara,Cal State Fullerton,2025,77.7083888802024,61.008641993898244
california-santa-barbara_vs_cal poly_20250227,2025-02-27,california-santa-barbara,Cal Poly,2025,81.71214588947716,75.27478827969102
california-santa-barbara_vs_uc irvine_20250308,2025-03-08,california-santa-barbara,UC Irvine,2025,69.26974211849037,72.1660923161333
california-santa-barbara_vs_cal state bakersfield_20250312,2025-03-12,california-santa-barbara,Cal State Bakersfield,2025,73.85360000631329,69.64730139903133
california-santa-barbara_vs_cal state northridge_20250313,2025-03-13,california-santa-barbara,Cal State Northridge,2025,71.3623247473393,76.12842396184622
cal-poly_vs_seattle_20241114,2024-11-14,cal-poly,Seattle,2025,71.15302753491486,78.95075443921601
cal-poly_vs_cal state northridge_20241207,2024-12-07,cal-poly,Cal State Northridge,2025,77.6935687142095,77.3045884624241
cal-poly_vs_denver_20241217,2024-12-17,cal-poly,Denver,2025,80.69240387221421,75.29344667490838
cal-poly_vs_uc irvine_20250102,2025-01-02,cal-poly,UC Irvine,2025,74.25711374961458,81.28213142385077
cal-poly_vs_uc santa barbara_20250111,2025-01-11,cal-poly,UC Santa Barbara,2025,77.52826714322505,78.70899076931153
cal-poly_vs_uc davis_20250116,2025-01-16,cal-poly,UC Davis,2025,77.74040988795389,77.04086573684877
cal-poly_vs_long beach state_20250125,2025-01-25,cal-poly,Long Beach State,2025,80.28723624930548,73.57014076849656
cal-poly_vs_hawaii_20250206,2025-02-06,cal-poly,Hawaii,2025,76.12739581847076,76.96579531242315
cal-poly_vs_uc riverside_20250222,2025-02-22,cal-poly,UC Riverside,2025,79.895045287319,80.48277740912411
cal-poly_vs_cal state bakersfield_20250301,2025-03-01,cal-poly,Cal State Bakersfield,2025,80.8710590742866,77.36156920476195
cal-poly_vs_cal state fullerton_20250306,2025-03-06,cal-poly,Cal State Fullerton,2025,82.80685844377196,75.18076187368105
cal-state-bakersfield_vs_fresno state_20241116,2024-11-16,cal-state-bakersfield,Fresno State,2025,76.05770980450745,73.0422514085944
cal-state-bakersfield_vs_florida international_20241123,2024-11-23,cal-state-bakersfield,Florida International,2025,73.12118651082821,75.38399487954904
cal-state-bakersfield_vs_northeastern_20241124,2024-11-24,cal-state-bakersfield,Northeastern,2025,67.50753503338751,70.5478348920717
cal-state-bakersfield_vs_portland state_20241221,2024-12-21,cal-state-bakersfield,Portland State,2025,76.15986700844097,73.60551670762857
cal-state-bakersfield_vs_uc davis_20250102,2025-01-02,cal-state-bakersfield,UC Davis,2025,70.11623116795661,69.38073416653519
cal-state-bakersfield_vs_long beach state_20250104,2025-01-04,cal-state-bakersfield,Long Beach State,2025,68.12718317667834,67.69378662675412
cal-state-bakersfield_vs_cal state northridge_20250111,2025-01-11,cal-state-bakersfield,Cal State Northridge,2025,73.19935187859615,73.87276079593566
cal-state-bakersfield_vs_uc riverside_20250125,2025-01-25,cal-state-bakersfield,UC Riverside,2025,72.00408431117157,73.60632147873656
cal-state-bakersfield_vs_cal poly_20250130,2025-01-30,cal-state-bakersfield,Cal Poly,2025,81.51529831562308,78.73965850111749
cal-state-bakersfield_vs_uc santa barbara_20250206,2025-02-06,cal-state-bakersfield,UC Santa Barbara,2025,69.88135129193145,73.73617657302061
cal-state-bakersfield_vs_cal state fullerton_20250215,2025-02-15,cal-state-bakersfield,Cal State Fullerton,2025,73.7002693087811,64.97832374537983
cal-state-bakersfield_vs_uc irvine_20250222,2025-02-22,cal-state-bakersfield,UC Irvine,2025,68.20422950898241,74.8165658232079
cal-state-bakersfield_vs_hawaii_20250306,2025-03-06,cal-state-bakersfield,Hawaii,2025,70.38026482276562,70.9209467975399
cal-state-fullerton_vs_idaho state_20241118,2024-11-18,cal-state-fullerton,Idaho State,2025,66.68692878506229,62.157205606814394
cal-state-fullerton_vs_long beach state_20241205,2024-12-05,cal-state-fullerton,Long Beach State,2025,67.46443681482657,62.08759559189402
cal-state-fullerton_vs_denver_20241215,2024-12-15,cal-state-fullerton,Denver,2025,70.00003313110747,68.37274065275655
cal-state-fullerton_vs_wyoming_20241222,2024-12-22,cal-state-fullerton,Wyoming,2025,66.13612022227709,70.38315649139817
cal-state-fullerton_vs_cal state northridge_20250102,2025-01-02,cal-state-fullerton,Cal State Northridge,2025,68.94785325615806,73.41304074268625
cal-state-fullerton_vs_hawaii_20250111,2025-01-11,cal-state-fullerton,Hawaii,2025,63.47991549283044,70.73594164545744
cal-state-fullerton_vs_cal state bakersfield_20250123,2025-01-23,cal-state-fullerton,Cal State Bakersfield,2025,66.6574654692675,69.9199281317397
cal-state-fullerton_vs_uc santa barbara_20250125,2025-01-25,cal-state-fullerton,UC Santa Barbara,2025,64.27979576779394,72.4716991425706
cal-state-fullerton_vs_uc davis_20250208,2025-02-08,cal-state-fullerton,UC Davis,2025,66.15698542360673,68.9441741377047
cal-state-fullerton_vs_cal poly_20250213,2025-02-13,cal-state-fullerton,Cal Poly,2025,73.28891448017404,79.76533883042143
cal-state-fullerton_vs_uc irvine_20250227,2025-02-27,cal-state-fullerton,UC Irvine,2025,63.67381582594327,76.97656345727364
cal-state-fullerton_vs_uc riverside_20250308,2025-03-08,cal-state-fullerton,UC Riverside,2025,67.13258865537613,79.33793085405078
cal-state-northridge_vs_utah tech_20241124,2024-11-24,cal-state-northridge,Utah Tech,2025,77.28670564723004,70.59087352457944
cal-state-northridge_vs_denver_20241125,2024-11-25,cal-state-northridge,Denver,2025,76.83105212631382,72.71865053524304
cal-state-northridge_vs_uc riverside_20241205,2024-12-05,cal-state-northridge,UC Riverside,2025,77.10885670403592,72.78350368081387
cal-state-northridge_vs_chicago state_20241221,2024-12-21,cal-state-northridge,Chicago State,2025,82.75149944705923,64.81467621227573
cal-state-northridge_vs_uc davis_20250104,2025-01-04,cal-state-northridge,UC Davis,2025,76.26299196418526,68.26360608246294
cal-state-northridge_vs_uc irvine_20250109,2025-01-09,cal-state-northridge,UC Irvine,2025,71.66707942507335,71.26250875304999
cal-state-northridge_vs_long beach state_20250123,2025-01-23,cal-state-northridge,Long Beach State,2025,78.71641373999171,66.57260147027303
cal-state-northridge_vs_cal state bakersfield_20250201,2025-02-01,cal-state-northridge,Cal State Bakersfield,2025,79.4795712821899,71.0321537551527
cal-state-northridge_vs_cal state fullerton_20250206,2025-02-06,cal-state-northridge,Cal State Fullerton,2025,78.24546409630562,64.55316993022255
cal-state-northridge_vs_cal poly_20250215,2025-02-15,cal-state-northridge,Cal Poly,2025,85.5933427212504,74.26990098220514
cal-state-northridge_vs_uc santa barbara_20250301,2025-03-01,cal-state-northridge,UC Santa Barbara,2025,75.24493912634298,71.08680345935221
cal-state-northridge_vs_hawaii_20250308,2025-03-08,cal-state-northridge,Hawaii,2025,78.27290302206082,69.3923057678948
campbell_vs_coastal carolina_20241204,2024-12-04,campbell,Coastal Carolina,2025,66.13609450584822,63.77692643349745
campbell_vs_longwood_20241218,2024-12-18,campbell,Longwood,2025,69.95914909339629,72.52844548127048
campbell_vs_drexel_20250102,2025-01-02,campbell,Drexel,2025,67.82798800842312,71.28960277834916
campbell_vs_college of charleston_20250116,2025-01-16,campbell,College of Charleston,2025,71.35925389604749,76.97496344016996
campbell_vs_monmouth_20250118,2025-01-18,campbell,Monmouth,2025,69.75266002412131,69.15699393752341
campbell_vs_william & mary_20250130,2025-01-30,campbell,William & Mary,2025,74.0624369682561,76.43951374936137
campbell_vs_hofstra_20250201,2025-02-01,campbell,Hofstra,2025,68.45739443274013,67.47785778322582
campbell_vs_elon_20250206,2025-02-06,campbell,Elon,2025,70.28514025950246,68.0465938788083
campbell_vs_north carolina a&t_20250210,2025-02-10,campbell,North Carolina A&T,2025,78.69312628448225,67.2348724395682
campbell_vs_towson_20250222,2025-02-22,campbell,Towson,2025,67.77625391845422,66.99274849267448
campbell_vs_unc wilmington_20250227,2025-02-27,campbell,UNC Wilmington,2025,72.23452542868657,71.21248787315305
campbell_vs_delaware_20250308,2025-03-08,campbell,Delaware,2025,73.46315996591528,71.92074752893865
canisius_vs_siu edwardsville_20241116,2024-11-16,canisius,SIU Edwardsville,2025,66.63310015812395,69.83885424645693
canisius_vs_brown_20241123,2024-11-23,canisius,Brown,2025,64.7241715307681,72.71971801693358
canisius_vs_merrimack_20241206,2024-12-06,canisius,Merrimack,2025,65.5874373794708,67.9943963227678
canisius_vs_siena_20241208,2024-12-08,canisius,Siena,2025,66.7869228905104,67.29069723779429
canisius_vs_maine_20241214,2024-12-14,canisius,Maine,2025,65.52401824655445,69.6486892009916
canisius_vs_rider_20250110,2025-01-10,canisius,Rider,2025,66.94451070845126,65.70809726670277
canisius_vs_saint peter's_20250112,2025-01-12,canisius,Saint Peter's,2025,65.14232915220607,66.65464583661178
canisius_vs_sacred heart_20250123,2025-01-23,canisius,Sacred Heart,2025,69.25097492666652,73.16721245626476
canisius_vs_marist_20250125,2025-01-25,canisius,Marist,2025,66.81639764356255,67.26380698231924
canisius_vs_niagara_20250131,2025-01-31,canisius,Niagara,2025,69.12564010280478,68.45599671790704
canisius_vs_mount st. mary's_20250216,2025-02-16,canisius,Mount St. Mary's,2025,70.27177895514671,72.79886484537259
canisius_vs_manhattan_20250228,2025-02-28,canisius,Manhattan,2025,71.32799746322948,76.12418381201617
canisius_vs_iona_20250302,2025-03-02,canisius,Iona,2025,67.13211713542091,69.09721036862294
central-arkansas_vs_southeast missouri state_20241121,2024-11-21,central-arkansas,Southeast Missouri State,2025,73.79712421791122,77.59234548398632
central-arkansas_vs_unc asheville_20241124,2024-11-24,central-arkansas,UNC Asheville,2025,70.54066945553342,79.39362311126887
central-arkansas_vs_the citadel_20241216,2024-12-16,central-arkansas,The Citadel,2025,73.15109479449683,73.40407267217631
central-arkansas_vs_eastern kentucky_20250102,2025-01-02,central-arkansas,Eastern Kentucky,2025,72.80904177937161,80.37669160821325
central-arkansas_vs_bellarmine_20250104,2025-01-04,central-arkansas,Bellarmine,2025,76.77891898215287,74.16767873927719
central-arkansas_vs_austin peay_20250123,2025-01-23,central-arkansas,Austin Peay,2025,70.61579065018377,72.93381751199689
central-arkansas_vs_lipscomb_20250125,2025-01-25,central-arkansas,Lipscomb,2025,68.69320483590161,81.36704862317313
central-arkansas_vs_west georgia_20250129,2025-01-29,central-arkansas,West Georgia,2025,75.04656238095153,74.8097346381343
central-arkansas_vs_queens (nc)_20250205,2025-02-05,central-arkansas,Queens (NC),2025,72.96603526905112,79.6847318081938
central-arkansas_vs_jacksonville_20250213,2025-02-13,central-arkansas,Jacksonville,2025,68.53365359984586,75.56175330992
central-arkansas_vs_north florida_20250215,2025-02-15,central-arkansas,North Florida,2025,79.05703875384374,80.51158598496961
central-arkansas_vs_north alabama_20250224,2025-02-24,central-arkansas,North Alabama,2025,69.68737567449145,79.95159247171365
central-arkansas_vs_stetson_20250302,2025-03-02,central-arkansas,Stetson,2025,74.55732964569138,75.2938240494615
central-connecticut-state_vs_northeastern_20241116,2024-11-16,central-connecticut-state,Northeastern,2025,69.23516643311127,69.05544672414737
central-connecticut-state_vs_binghamton_20241124,2024-11-24,central-connecticut-state,Binghamton,2025,72.58720414359223,66.41386989127105
central-connecticut-state_vs_umass lowell_20241201,2024-12-01,central-connecticut-state,UMass Lowell,2025,72.60189667559541,75.08481103914873
central-connecticut-state_vs_quinnipiac_20241221,2024-12-21,central-connecticut-state,Quinnipiac,2025,70.2705422261769,67.53101896235884
central-connecticut-state_vs_wagner_20250110,2025-01-10,central-connecticut-state,Wagner,2025,68.91068065999796,59.366435776491954
central-connecticut-state_vs_liu_20250112,2025-01-12,central-connecticut-state,LIU,2025,68.71525906102991,62.24910092803176
central-connecticut-state_vs_chicago state_20250126,2025-01-26,central-connecticut-state,Chicago State,2025,75.02985939191551,61.00443011408077
central-connecticut-state_vs_mercyhurst_20250213,2025-02-13,central-connecticut-state,Mercyhurst,2025,72.38656287958764,61.57287698177273
central-connecticut-state_vs_saint francis (pa)_20250215,2025-02-15,central-connecticut-state,Saint Francis (PA),2025,73.90643528345022,65.14798281882092
central-connecticut-state_vs_stonehill_20250222,2025-02-22,central-connecticut-state,Stonehill,2025,73.40256057850104,66.05663167189086
central-connecticut-state_vs_le moyne_20250227,2025-02-27,central-connecticut-state,Le Moyne,2025,77.40258808234549,66.98250729882973
central-connecticut-state_vs_le moyne_20250305,2025-03-05,central-connecticut-state,Le Moyne,2025,77.61632555392788,67.5007951374527
central-connecticut-state_vs_saint francis (pa)_20250311,2025-03-11,central-connecticut-state,Saint Francis (PA),2025,72.68022325404726,65.31045215503576
central-florida_vs_wisconsin_20241122,2024-11-22,central-florida,Wisconsin,2025,74.63088988967971,74.26361914130368
central-florida_vs_louisiana state_20241124,2024-11-24,central-florida,Louisiana State,2025,72.27309637178855,72.78580664042516
central-florida_vs_milwaukee_20241127,2024-11-27,central-florida,Milwaukee,2025,86.20052352016678,73.91023835615788
central-florida_vs_california baptist_20241201,2024-12-01,central-florida,California Baptist,2025,84.6692282957956,71.83583592359548
central-florida_vs_tarleton state_20241208,2024-12-08,central-florida,Tarleton State,2025,82.81733445056452,64.26687425083007
central-florida_vs_tulsa_20241214,2024-12-14,central-florida,Tulsa,2025,80.7689783704931,72.9977000494468
central-florida_vs_jacksonville_20241221,2024-12-21,central-florida,Jacksonville,2025,79.79925266399559,68.99953215256106
central-florida_vs_kansas_20250105,2025-01-05,central-florida,Kansas,2025,74.5919705340312,75.54862892274103
central-florida_vs_colorado_20250108,2025-01-08,central-florida,Colorado,2025,75.94482773008282,73.41758765811909
central-florida_vs_houston_20250118,2025-01-18,central-florida,Houston,2025,63.964483653670946,76.1814408364712
central-florida_vs_tcu_20250125,2025-01-25,central-florida,TCU,2025,76.14209476858812,72.6553581416255
central-florida_vs_brigham young_20250201,2025-02-01,central-florida,Brigham Young,2025,77.91427273780926,75.57018076047065
central-florida_vs_cincinnati_20250205,2025-02-05,central-florida,Cincinnati,2025,73.73310490549882,69.57064207146374
central-florida_vs_iowa state_20250211,2025-02-11,central-florida,Iowa State,2025,79.11602329250606,75.51910272467289
central-florida_vs_utah_20250223,2025-02-23,central-florida,Utah,2025,80.25148715280075,75.69656242204368
central-florida_vs_kansas state_20250226,2025-02-26,central-florida,Kansas State,2025,77.88120761627528,75.04137949990326
central-florida_vs_oklahoma state_20250305,2025-03-05,central-florida,Oklahoma State,2025,82.50948622812975,75.42875643640149
central-florida_vs_utah_20250311,2025-03-11,central-florida,Utah,2025,78.28079173232801,76.07640737569183
central-florida_vs_kansas_20250312,2025-03-12,central-florida,Kansas,2025,74.35840693982189,78.29827908242501
central-florida_vs_oregon state_20250401,2025-04-01,central-florida,Oregon State,2025,76.80148994547366,73.47611547981481
central-florida_vs_cincinnati_20250403,2025-04-03,central-florida,Cincinnati,2025,72.17306284174678,73.53090728334732
central-florida_vs_villanova_20250405,2025-04-05,central-florida,Villanova,2025,70.4879926471793,72.4492091422576
central-florida_vs_nebraska_20250406,2025-04-06,central-florida,Nebraska,2025,78.43936866305437,76.28251938595872
central-michigan_vs_mississippi state_20241217,2024-12-17,central-michigan,Mississippi State,2025,69.96533893530045,83.36830429090621
central-michigan_vs_ohio_20250104,2025-01-04,central-michigan,Ohio,2025,75.23924991706488,78.07449342231273
central-michigan_vs_eastern michigan_20250114,2025-01-14,central-michigan,Eastern Michigan,2025,75.27052360960174,71.25641506665936
central-michigan_vs_ball state_20250121,2025-01-21,central-michigan,Ball State,2025,75.92907261953681,74.18408005989502
central-michigan_vs_bowling green_20250201,2025-02-01,central-michigan,Bowling Green,2025,77.66565747613646,71.45023324878085
central-michigan_vs_miami (oh)_20250204,2025-02-04,central-michigan,Miami (OH),2025,74.63986301770535,74.36945415500007
central-michigan_vs_texas state_20250208,2025-02-08,central-michigan,Texas State,2025,75.86486469817743,72.58914082439823
central-michigan_vs_akron_20250215,2025-02-15,central-michigan,Akron,2025,77.61724552374609,80.84016467135699
central-michigan_vs_buffalo_20250225,2025-02-25,central-michigan,Buffalo,2025,83.44327303032189,71.48472634646382
central-michigan_vs_northern illinois_20250307,2025-03-07,central-michigan,Northern Illinois,2025,79.31785822794156,68.80052139936721
charleston-southern_vs_vmi_20241116,2024-11-16,charleston-southern,VMI,2025,75.88263159403971,72.72926890733214
charleston-southern_vs_furman_20241123,2024-11-23,charleston-southern,Furman,2025,75.88110700660881,80.98104504152928
charleston-southern_vs_ut martin_20241203,2024-12-03,charleston-southern,UT Martin,2025,74.24655749078389,69.85211243372191
charleston-southern_vs_gardner-webb_20250102,2025-01-02,charleston-southern,Gardner-Webb,2025,75.19010132419902,74.95960055514789
charleston-southern_vs_high point_20250108,2025-01-08,charleston-southern,High Point,2025,69.48042811211558,75.80048012469388
charleston-southern_vs_radford_20250118,2025-01-18,charleston-southern,Radford,2025,72.89165394320449,76.17418847593558
charleston-southern_vs_unc asheville_20250125,2025-01-25,charleston-southern,UNC Asheville,2025,76.01172161982814,77.68018531302882
charleston-southern_vs_longwood_20250201,2025-02-01,charleston-southern,Longwood,2025,71.74950394514211,76.34595667521026
charleston-southern_vs_winthrop_20250205,2025-02-05,charleston-southern,Winthrop,2025,78.55156860365655,78.4212737262618
charleston-southern_vs_presbyterian_20250212,2025-02-12,charleston-southern,Presbyterian,2025,76.26513666941582,73.16956705688287
charleston-southern_vs_usc upstate_20250222,2025-02-22,charleston-southern,USC Upstate,2025,82.9251577085106,75.8110875224697
charleston-southern_vs_unc asheville_20250307,2025-03-07,charleston-southern,UNC Asheville,2025,70.36514750225948,77.11535258602773
charlotte_vs_gardner-webb_20241119,2024-11-19,charlotte,Gardner-Webb,2025,74.3153005824806,64.88998480567821
charlotte_vs_liu_20241123,2024-11-23,charlotte,LIU,2025,76.17447684581346,61.19862511894421
charlotte_vs_east tennessee state_20241127,2024-11-27,charlotte,East Tennessee State,2025,73.7523056945684,68.94887746141258
charlotte_vs_west georgia_20241217,2024-12-17,charlotte,West Georgia,2025,77.36180115337943,63.34232905063128
charlotte_vs_murray state_20241224,2024-12-24,charlotte,Murray State,2025,70.42623817041225,71.36932060539806
charlotte_vs_college of charleston_20241225,2024-12-25,charlotte,College of Charleston,2025,72.02568827329726,76.50514774247813
charlotte_vs_tulane_20241231,2024-12-31,charlotte,Tulane,2025,73.00374621778803,73.90478930873135
charlotte_vs_florida atlantic_20250108,2025-01-08,charlotte,Florida Atlantic,2025,75.08362344280326,80.67687661904061
charlotte_vs_memphis_20250119,2025-01-19,charlotte,Memphis,2025,67.73317725957797,78.59738327417608
charlotte_vs_south florida_20250122,2025-01-22,charlotte,South Florida,2025,71.3273671610967,75.60665672076297
charlotte_vs_wichita state_20250204,2025-02-04,charlotte,Wichita State,2025,71.81770145713,74.87817495216599
charlotte_vs_rice_20250208,2025-02-08,charlotte,Rice,2025,69.45864687825228,72.78595703748032
charlotte_vs_east carolina_20250215,2025-02-15,charlotte,East Carolina,2025,72.72218573282994,73.76432234221241
charlotte_vs_temple_20250219,2025-02-19,charlotte,Temple,2025,75.8645104702002,78.6923903607728
charlotte_vs_utsa_20250309,2025-03-09,charlotte,UTSA,2025,74.20692574496834,75.96995356371175
charlotte_vs_rice_20250312,2025-03-12,charlotte,Rice,2025,71.04719712621053,71.95822779974056
charlotte_vs_florida atlantic_20250313,2025-03-13,charlotte,Florida Atlantic,2025,71.45131944206013,78.18505237447512
chattanooga_vs_morehead state_20241114,2024-11-14,chattanooga,Morehead State,2025,73.15501395195584,66.31426433871273
chattanooga_vs_tennessee state_20241125,2024-11-25,chattanooga,Tennessee State,2025,81.07168292123625,73.34106004865492
chattanooga_vs_bryant_20241127,2024-11-27,chattanooga,Bryant,2025,79.02378108676913,78.20723414970485
chattanooga_vs_lipscomb_20241203,2024-12-03,chattanooga,Lipscomb,2025,76.31093519223614,78.07917139565066
chattanooga_vs_alabama a&m_20241215,2024-12-15,chattanooga,Alabama A&M,2025,82.20754813189602,72.620917950605
chattanooga_vs_unc greensboro_20250109,2025-01-09,chattanooga,UNC Greensboro,2025,72.57679160323399,72.91055129231758
chattanooga_vs_vmi_20250112,2025-01-12,chattanooga,VMI,2025,81.09466704513206,69.55821215239963
chattanooga_vs_wofford_20250115,2025-01-15,chattanooga,Wofford,2025,74.96497173923697,75.75879302516239
chattanooga_vs_samford_20250123,2025-01-23,chattanooga,Samford,2025,79.44582517186198,78.77926806116129
chattanooga_vs_mercer_20250201,2025-02-01,chattanooga,Mercer,2025,82.04066682438517,74.22214033117156
chattanooga_vs_furman_20250208,2025-02-08,chattanooga,Furman,2025,76.43591888686237,74.58466693702421
chattanooga_vs_east tennessee state_20250215,2025-02-15,chattanooga,East Tennessee State,2025,74.2685007619346,70.91910735129507
chattanooga_vs_western carolina_20250219,2025-02-19,chattanooga,Western Carolina,2025,83.74245849909262,67.13237663747962
chattanooga_vs_the citadel_20250222,2025-02-22,chattanooga,The Citadel,2025,82.05814300389136,66.08677536710594
chattanooga_vs_mercer_20250308,2025-03-08,chattanooga,Mercer,2025,83.18717250787647,73.54744378240521
chattanooga_vs_furman_20250309,2025-03-09,chattanooga,Furman,2025,71.32767665215236,75.07510935612729
chattanooga_vs_dayton_20250322,2025-03-22,chattanooga,Dayton,2025,73.30488395520861,74.19807724230269
chattanooga_vs_loyola chicago_20250401,2025-04-01,chattanooga,Loyola Chicago,2025,70.52364777267908,75.5176026025089
chicago-state_vs_eastern kentucky_20241119,2024-11-19,chicago-state,Eastern Kentucky,2025,71.73633450785515,77.41234986476545
chicago-state_vs_radford_20241125,2024-11-25,chicago-state,Radford,2025,69.49203529643992,77.96888554944452
chicago-state_vs_drexel_20241126,2024-11-26,chicago-state,Drexel,2025,66.62425783725972,79.18530701208297
chicago-state_vs_stonehill_20250112,2025-01-12,chicago-state,Stonehill,2025,66.02886972510495,70.24796029105451
chicago-state_vs_le moyne_20250118,2025-01-18,chicago-state,Le Moyne,2025,68.00129066798108,71.9598819408587
chicago-state_vs_liu_20250201,2025-02-01,chicago-state,LIU,2025,62.6266597985156,66.88214118402624
chicago-state_vs_mercyhurst_20250206,2025-02-06,chicago-state,Mercyhurst,2025,65.84678854397175,65.14993571496342
chicago-state_vs_saint francis (pa)_20250208,2025-02-08,chicago-state,Saint Francis (PA),2025,68.8983120500089,70.53413132751749
chicago-state_vs_central connecticut state_20250220,2025-02-20,chicago-state,Central Connecticut State,2025,62.406810520175796,71.28642943218372
chicago-state_vs_wagner_20250222,2025-02-22,chicago-state,Wagner,2025,64.12250953181763,63.16228425424443
cincinnati_vs_alabama state_20241127,2024-11-27,cincinnati,Alabama State,2025,85.07874903228092,60.571698297615036
cincinnati_vs_howard_20241208,2024-12-08,cincinnati,Howard,2025,84.93814204922728,61.4211268820368
cincinnati_vs_xavier_20241214,2024-12-14,cincinnati,Xavier,2025,75.10073999618695,67.1722763771504
cincinnati_vs_dayton_20241220,2024-12-20,cincinnati,Dayton,2025,70.78698172658271,68.32027476094993
cincinnati_vs_arizona_20250104,2025-01-04,cincinnati,Arizona,2025,72.75795131613454,70.14716915895616
cincinnati_vs_kansas_20250111,2025-01-11,cincinnati,Kansas,2025,64.57198908372007,68.06241356342264
cincinnati_vs_arizona state_20250118,2025-01-18,cincinnati,Arizona State,2025,72.43339014963725,64.5304401541393
cincinnati_vs_texas tech_20250121,2025-01-21,cincinnati,Texas Tech,2025,65.92200952271058,68.0640614394541
cincinnati_vs_west virginia_20250202,2025-02-02,cincinnati,West Virginia,2025,64.18987882509718,64.63832805431788
cincinnati_vs_brigham young_20250208,2025-02-08,cincinnati,Brigham Young,2025,67.4680007012044,69.17195704941575
cincinnati_vs_utah_20250211,2025-02-11,cincinnati,Utah,2025,71.48393005283614,65.06110284609996
cincinnati_vs_tcu_20250222,2025-02-22,cincinnati,TCU,2025,70.67422222890808,65.09096217183964
cincinnati_vs_baylor_20250225,2025-02-25,cincinnati,Baylor,2025,70.36044254896703,69.59769446093856
cincinnati_vs_kansas state_20250305,2025-03-05,cincinnati,Kansas State,2025,70.75029897526849,66.96151265938211
cincinnati_vs_oklahoma state_20250311,2025-03-11,cincinnati,Oklahoma State,2025,71.90458928598657,66.86204037251454
cincinnati_vs_iowa state_20250312,2025-03-12,cincinnati,Iowa State,2025,65.92816295132714,70.22107554844027
cincinnati_vs_depaul_20250401,2025-04-01,cincinnati,DePaul,2025,73.35272616382035,64.1192539193999
citadel_vs_north carolina a&t_20241117,2024-11-17,citadel,North Carolina A&T,2025,75.91611605604821,74.11480887822358
citadel_vs_college of charleston_20241120,2024-11-20,citadel,College of Charleston,2025,74.29192682364946,80.22787659214053
citadel_vs_campbell_20241212,2024-12-12,citadel,Campbell,2025,69.19157877137636,69.67997711323707
citadel_vs_chattanooga_20250104,2025-01-04,citadel,Chattanooga,2025,71.13644953847539,75.6660279419402
citadel_vs_furman_20250108,2025-01-08,citadel,Furman,2025,66.09952939609919,75.75368513268842
citadel_vs_vmi_20250118,2025-01-18,citadel,VMI,2025,68.41875395355012,70.54364451881678
citadel_vs_western carolina_20250125,2025-01-25,citadel,Western Carolina,2025,73.22183840465422,69.9017752187367
citadel_vs_samford_20250201,2025-02-01,citadel,Samford,2025,69.05915374974063,81.98155493724641
citadel_vs_unc greensboro_20250205,2025-02-05,citadel,UNC Greensboro,2025,64.47382070832445,73.08444056900325
citadel_vs_wofford_20250212,2025-02-12,citadel,Wofford,2025,65.69445045401793,75.6687961869091
citadel_vs_mercer_20250219,2025-02-19,citadel,Mercer,2025,72.35381449919481,76.62000814869515
citadel_vs_east tennessee state_20250301,2025-03-01,citadel,East Tennessee State,2025,64.24967602628762,73.06755470992891
citadel_vs_vmi_20250307,2025-03-07,citadel,VMI,2025,66.0258616986047,72.07483922843389
clemson_vs_radford_20241121,2024-11-21,clemson,Radford,2025,82.65001936382457,65.24675489127542
clemson_vs_san francisco_20241125,2024-11-25,clemson,San Francisco,2025,71.65662039278395,69.63959536318724
clemson_vs_penn state_20241126,2024-11-26,clemson,Penn State,2025,74.72175412599604,73.5965691501022
clemson_vs_florida a&m_20241129,2024-11-29,clemson,Florida A&M,2025,85.55033389432525,60.63545413814972
clemson_vs_kentucky_20241203,2024-12-03,clemson,Kentucky,2025,78.31624274909943,78.75524966280742
clemson_vs_memphis_20241214,2024-12-14,clemson,Memphis,2025,74.6499987777662,68.80377663590421
clemson_vs_wake forest_20241221,2024-12-21,clemson,Wake Forest,2025,72.81868251924492,63.84132772188539
clemson_vs_stanford_20250101,2025-01-01,clemson,Stanford,2025,74.29961819473256,69.0207587743271
clemson_vs_california_20250104,2025-01-04,clemson,California,2025,80.54739917297965,66.89947059376514
clemson_vs_florida state_20250111,2025-01-11,clemson,Florida State,2025,75.38154308557434,69.45813052426578
clemson_vs_syracuse_20250122,2025-01-22,clemson,Syracuse,2025,83.64600147468569,68.66163932219453
clemson_vs_georgia tech_20250204,2025-02-04,clemson,Georgia Tech,2025,77.54755965279374,65.43103725444269
clemson_vs_duke_20250208,2025-02-08,clemson,Duke,2025,66.5738213051843,71.44268595375678
clemson_vs_north carolina_20250210,2025-02-10,clemson,North Carolina,2025,81.30753145947206,72.30974281040577
clemson_vs_notre dame_20250226,2025-02-26,clemson,Notre Dame,2025,76.81131211879246,65.83181293638353
clemson_vs_virginia tech_20250308,2025-03-08,clemson,Virginia Tech,2025,79.7423217683831,62.61508823992053
clemson_vs_smu_20250313,2025-03-13,clemson,SMU,2025,73.11380384682404,68.85356207641613
clemson_vs_louisville_20250314,2025-03-14,clemson,Louisville,2025,69.34809641903473,69.15729962375195
clemson_vs_mcneese state_20250320,2025-03-20,clemson,McNeese State,2025,71.16312214446856,65.27923682473879
cleveland-state_vs_eastern michigan_20241116,2024-11-16,cleveland-state,Eastern Michigan,2025,71.90788995734749,69.86049718988423
cleveland-state_vs_kent state_20241123,2024-11-23,cleveland-state,Kent State,2025,64.64287869463806,65.22962307344336
cleveland-state_vs_njit_20241126,2024-11-26,cleveland-state,NJIT,2025,69.76350017310908,61.3288185979022
cleveland-state_vs_morehead state_20241129,2024-11-29,cleveland-state,Morehead State,2025,68.93502906887736,64.38154025304785
cleveland-state_vs_oakland_20241219,2024-12-19,cleveland-state,Oakland,2025,64.32477049290725,65.94577928675642
cleveland-state_vs_wright state_20241229,2024-12-29,cleveland-state,Wright State,2025,71.18706431104951,70.89061392710957
cleveland-state_vs_iu indy_20250104,2025-01-04,cleveland-state,IU Indy,2025,75.80616580663256,69.18701373254915
cleveland-state_vs_northern kentucky_20250115,2025-01-15,cleveland-state,Northern Kentucky,2025,71.5780219495701,66.85266323818793
cleveland-state_vs_detroit mercy_20250122,2025-01-22,cleveland-state,Detroit Mercy,2025,77.11640585261415,63.20472597234571
cleveland-state_vs_green bay_20250125,2025-01-25,cleveland-state,Green Bay,2025,75.82098964628136,65.11847474106852
cleveland-state_vs_milwaukee_20250208,2025-02-08,cleveland-state,Milwaukee,2025,71.18335976661108,71.01306740428124
cleveland-state_vs_robert morris_20250212,2025-02-12,cleveland-state,Robert Morris,2025,73.33570793610731,67.812677362313
cleveland-state_vs_youngstown state_20250216,2025-02-16,cleveland-state,Youngstown State,2025,73.41198786847367,69.46391950044276
cleveland-state_vs_northern kentucky_20250306,2025-03-06,cleveland-state,Northern Kentucky,2025,73.87960322909193,65.97032475359592
cleveland-state_vs_youngstown state_20250310,2025-03-10,cleveland-state,Youngstown State,2025,72.30402271481596,69.41674963453553
cleveland-state_vs_queens (nc)_20250324,2025-03-24,cleveland-state,Queens (NC),2025,73.01210120118269,69.47576250635487
cleveland-state_vs_florida gulf coast_20250325,2025-03-25,cleveland-state,Florida Gulf Coast,2025,69.61239074563619,66.09241180747739
cleveland-state_vs_illinois state_20250326,2025-03-26,cleveland-state,Illinois State,2025,67.52850610987547,69.54636472139899
coastal-carolina_vs_jacksonville state_20241117,2024-11-17,coastal-carolina,Jacksonville State,2025,65.84831430725171,70.00522559176433
coastal-carolina_vs_iu indy_20241122,2024-11-22,coastal-carolina,IU Indy,2025,65.49655954935237,64.38659282919187
coastal-carolina_vs_usc upstate_20241130,2024-11-30,coastal-carolina,USC Upstate,2025,71.31434871444175,68.3250492514921
coastal-carolina_vs_louisiana_20250102,2025-01-02,coastal-carolina,Louisiana,2025,67.76302808973257,67.34498402313893
coastal-carolina_vs_louisianaâmonroe_20250104,2025-01-04,coastal-carolina,LouisianaâMonroe,2025,73.37210597124152,65.48426813263808
coastal-carolina_vs_georgia southern_20250116,2025-01-16,coastal-carolina,Georgia Southern,2025,73.49828806569364,68.29822491245815
coastal-carolina_vs_marshall_20250118,2025-01-18,coastal-carolina,Marshall,2025,67.26776539326251,70.53609192353471
coastal-carolina_vs_south alabama_20250205,2025-02-05,coastal-carolina,South Alabama,2025,64.00453505265648,69.17698714348442
coastal-carolina_vs_appalachian state_20250213,2025-02-13,coastal-carolina,Appalachian State,2025,61.7968161612797,70.58546181476221
coastal-carolina_vs_james madison_20250215,2025-02-15,coastal-carolina,James Madison,2025,64.35535239542398,74.07467670460503
coastal-carolina_vs_georgia state_20250226,2025-02-26,coastal-carolina,Georgia State,2025,69.89397044571858,72.07867439691779
coastal-carolina_vs_old dominion_20250228,2025-02-28,coastal-carolina,Old Dominion,2025,70.0261818788165,67.4179117521295
coastal-carolina_vs_southern mississippi_20250304,2025-03-04,coastal-carolina,Southern Mississippi,2025,70.40570264988071,69.27325246634032
colgate_vs_sam houston state_20241130,2024-11-30,colgate,Sam Houston State,2025,67.7275094567468,73.75700952767279
colgate_vs_cornell_20241204,2024-12-04,colgate,Cornell,2025,73.72129165228638,75.202739594711
colgate_vs_vermont_20241215,2024-12-15,colgate,Vermont,2025,64.5520581727495,65.55400472400774
colgate_vs_iona_20241222,2024-12-22,colgate,Iona,2025,72.33054548455874,68.12814866957801
colgate_vs_army_20250102,2025-01-02,colgate,Army,2025,74.45494311570214,73.41217462918793
colgate_vs_lehigh_20250108,2025-01-08,colgate,Lehigh,2025,70.61650706577883,69.5279535535443
colgate_vs_boston university_20250111,2025-01-11,colgate,Boston University,2025,64.9467099066781,64.53072069393839
colgate_vs_bucknell_20250120,2025-01-20,colgate,Bucknell,2025,71.17778163203464,66.31111213504177
colgate_vs_lafayette_20250201,2025-02-01,colgate,Lafayette,2025,72.52791555625701,63.96973112607501
colgate_vs_loyola (md)_20250208,2025-02-08,colgate,Loyola (MD),2025,73.96323542727826,67.06916830583955
colgate_vs_navy_20250219,2025-02-19,colgate,Navy,2025,72.66793707403413,68.70541963134359
colgate_vs_holy cross_20250226,2025-02-26,colgate,Holy Cross,2025,74.25291757739548,67.36973064945934
colgate_vs_american_20250301,2025-03-01,colgate,American,2025,71.38525973630917,66.38793084783615
colgate_vs_army_20250306,2025-03-06,colgate,Army,2025,73.62557797751123,72.73620639872222
college-of-charleston_vs_florida atlantic_20241115,2024-11-15,college-of-charleston,Florida Atlantic,2025,80.09907104607734,76.65066307667342
college-of-charleston_vs_liberty_20241117,2024-11-17,college-of-charleston,Liberty,2025,79.61606496513112,75.3538807518612
college-of-charleston_vs_northern kentucky_20241127,2024-11-27,college-of-charleston,Northern Kentucky,2025,76.54438267680844,72.21011952833041
college-of-charleston_vs_wofford_20241216,2024-12-16,college-of-charleston,Wofford,2025,77.35274794417728,71.93926412618232
college-of-charleston_vs_oregon state_20241222,2024-12-22,college-of-charleston,Oregon State,2025,67.02506170149958,75.31388026986717
college-of-charleston_vs_loyola chicago_20241223,2024-12-23,college-of-charleston,Loyola Chicago,2025,72.2188259781415,74.48854239639995
college-of-charleston_vs_hampton_20250102,2025-01-02,college-of-charleston,Hampton,2025,77.61249033759606,71.8294978289629
college-of-charleston_vs_towson_20250104,2025-01-04,college-of-charleston,Towson,2025,76.01825745672195,67.98328952305133
college-of-charleston_vs_northeastern_20250118,2025-01-18,college-of-charleston,Northeastern,2025,74.58608080980062,71.4325238528506
college-of-charleston_vs_unc wilmington_20250123,2025-01-23,college-of-charleston,UNC Wilmington,2025,76.3796746584926,75.60151272844357
college-of-charleston_vs_stony brook_20250130,2025-01-30,college-of-charleston,Stony Brook,2025,80.62135913541131,66.19758746434897
college-of-charleston_vs_north carolina a&t_20250206,2025-02-06,college-of-charleston,North Carolina A&T,2025,84.13807051451282,70.85460905939354
college-of-charleston_vs_elon_20250208,2025-02-08,college-of-charleston,Elon,2025,74.91303392650025,72.67122132078823
college-of-charleston_vs_delaware_20250227,2025-02-27,college-of-charleston,Delaware,2025,81.62692231081678,74.44218052369995
college-of-charleston_vs_campbell_20250301,2025-03-01,college-of-charleston,Campbell,2025,75.19746158760874,70.55886706964617
college-of-charleston_vs_monmouth_20250309,2025-03-09,college-of-charleston,Monmouth,2025,76.57148455390625,71.44586799095613
college-of-charleston_vs_unc wilmington_20250310,2025-03-10,college-of-charleston,UNC Wilmington,2025,69.42513002651376,77.49245680509718
colorado_vs_harvard_20241117,2024-11-17,colorado,Harvard,2025,76.91404603848476,66.41467492179974
colorado_vs_michigan state_20241125,2024-11-25,colorado,Michigan State,2025,71.97460050068815,78.69640824639828
colorado_vs_connecticut_20241126,2024-11-26,colorado,Connecticut,2025,69.21093893080845,80.23659642058037
colorado_vs_iowa state_20241127,2024-11-27,colorado,Iowa State,2025,65.86785438670313,77.50630504255884
colorado_vs_pacific_20241202,2024-12-02,colorado,Pacific,2025,76.71190749446339,64.3416051963871
colorado_vs_colorado state_20241207,2024-12-07,colorado,Colorado State,2025,76.61012283695743,73.00766118119984
colorado_vs_south dakota state_20241213,2024-12-13,colorado,South Dakota State,2025,74.06193789707874,71.76407099784123
colorado_vs_bellarmine_20241221,2024-12-21,colorado,Bellarmine,2025,80.9391934850338,64.17029556238738
colorado_vs_iowa state_20241230,2024-12-30,colorado,Iowa State,2025,70.60984794064238,78.67479063354713
colorado_vs_west virginia_20250112,2025-01-12,colorado,West Virginia,2025,69.00239921766513,72.45064616777667
colorado_vs_cincinnati_20250115,2025-01-15,colorado,Cincinnati,2025,67.79743482947795,67.23179879929518
colorado_vs_brigham young_20250121,2025-01-21,colorado,Brigham Young,2025,70.61692332382887,75.43747079114488
colorado_vs_arizona state_20250128,2025-01-28,colorado,Arizona State,2025,72.08711987380269,72.57465597963402
colorado_vs_houston_20250208,2025-02-08,colorado,Houston,2025,62.5282406797393,74.8293450985659
colorado_vs_ucf_20250215,2025-02-15,colorado,UCF,2025,79.02753237181844,76.76349681364927
colorado_vs_baylor_20250222,2025-02-22,colorado,Baylor,2025,70.35683359124637,74.71490790564918
colorado_vs_kansas_20250224,2025-02-24,colorado,Kansas,2025,66.69624289857647,76.61313131438514
colorado_vs_tcu_20250308,2025-03-08,colorado,TCU,2025,69.10258799153534,69.05819975895255
colorado_vs_tcu_20250311,2025-03-11,colorado,TCU,2025,67.73849291197894,69.42001779952872
colorado_vs_west virginia_20250312,2025-03-12,colorado,West Virginia,2025,65.00338108545928,68.47704072358596
colorado_vs_houston_20250313,2025-03-13,colorado,Houston,2025,60.495641986263124,72.3642375413442
colorado_vs_villanova_20250401,2025-04-01,colorado,Villanova,2025,67.21690222521812,70.1015514275517
colorado-state_vs_uc riverside_20241122,2024-11-22,colorado-state,UC Riverside,2025,78.21624787175692,68.11210621305187
colorado-state_vs_washington_20241128,2024-11-28,colorado-state,Washington,2025,70.81325842423104,72.26862331533316
colorado-state_vs_tcu_20241129,2024-11-29,colorado-state,TCU,2025,69.05754261281574,72.96784015435874
colorado-state_vs_loyola marymount_20241204,2024-12-04,colorado-state,Loyola Marymount,2025,78.29550281229085,72.99425387059736
colorado-state_vs_vcu_20241214,2024-12-14,colorado-state,VCU,2025,68.43564400368571,75.72068956620173
colorado-state_vs_radford_20241217,2024-12-17,colorado-state,Radford,2025,77.2630563418549,69.45272370907489
colorado-state_vs_new mexico_20241228,2024-12-28,colorado-state,New Mexico,2025,77.22215707654827,78.42905494105108
colorado-state_vs_fresno state_20250107,2025-01-07,colorado-state,Fresno State,2025,81.8073557635593,68.04614580692362
colorado-state_vs_unlv_20250111,2025-01-11,colorado-state,UNLV,2025,72.3580825678336,66.86712823124033
colorado-state_vs_boise state_20250122,2025-01-22,colorado-state,Boise State,2025,70.88755222084099,70.74302796416553
colorado-state_vs_air force_20250128,2025-01-28,colorado-state,Air Force,2025,78.89371967883424,59.73465875510759
colorado-state_vs_san diego state_20250208,2025-02-08,colorado-state,San Diego State,2025,69.78865916937633,67.82814510980657
colorado-state_vs_wyoming_20250215,2025-02-15,colorado-state,Wyoming,2025,75.1073035476769,64.28603965948992
colorado-state_vs_nevada_20250218,2025-02-18,colorado-state,Nevada,2025,73.78126248761559,68.42927731077279
colorado-state_vs_utah state_20250301,2025-03-01,colorado-state,Utah State,2025,72.85908811301968,73.43583693770815
colorado-state_vs_san jose state_20250304,2025-03-04,colorado-state,San Jose State,2025,79.33296134629826,66.252864375844
colorado-state_vs_nevada_20250313,2025-03-13,colorado-state,Nevada,2025,71.4607517540699,67.57937639597581
colorado-state_vs_utah state_20250315,2025-03-15,colorado-state,Utah State,2025,69.953570973736,69.83989163009024
colorado-state_vs_memphis_20250321,2025-03-21,colorado-state,Memphis,2025,71.16242727332445,71.23243369281472
colorado-state_vs_maryland_20250323,2025-03-23,colorado-state,Maryland,2025,68.03388352771744,73.19636622926217
columbia_vs_mercyhurst_20241116,2024-11-16,columbia,Mercyhurst,2025,79.65530591621832,64.12850710193075
columbia_vs_stony brook_20241123,2024-11-23,columbia,Stony Brook,2025,79.56883320653297,69.90322142063742
columbia_vs_new hampshire_20241125,2024-11-25,columbia,New Hampshire,2025,80.33094879853289,64.7086299612289
columbia_vs_fairfield_20241228,2024-12-28,columbia,Fairfield,2025,77.80580852563165,69.79082347574118
columbia_vs_cornell_20250111,2025-01-11,columbia,Cornell,2025,78.62688800210209,77.63774560537324
columbia_vs_yale_20250118,2025-01-18,columbia,Yale,2025,71.53664215773874,78.71734090778327
columbia_vs_harvard_20250131,2025-01-31,columbia,Harvard,2025,77.03947167759607,71.12689512885551
columbia_vs_dartmouth_20250201,2025-02-01,columbia,Dartmouth,2025,81.7612095373866,75.81131838460664
columbia_vs_brown_20250208,2025-02-08,columbia,Brown,2025,74.2862059878348,73.44503500553321
columbia_vs_princeton_20250228,2025-02-28,columbia,Princeton,2025,73.2111840082331,74.33784931734732
columbia_vs_pennsylvania_20250301,2025-03-01,columbia,Pennsylvania,2025,76.22717556760243,74.72170578190536
connecticut_vs_texas a&mâcommerce_20241119,2024-11-19,connecticut,Texas A&MâCommerce,2025,89.25944349779675,58.99421223055184
connecticut_vs_memphis_20241125,2024-11-25,connecticut,Memphis,2025,77.84669462761174,70.3949912936769
connecticut_vs_dayton_20241128,2024-11-28,connecticut,Dayton,2025,71.26526873927246,70.57233271792794
connecticut_vs_maryland eastern shore_20241130,2024-11-30,connecticut,Maryland Eastern Shore,2025,85.24983519081246,61.01434227452301
connecticut_vs_baylor_20241204,2024-12-04,connecticut,Baylor,2025,75.17601219051696,72.385466271308
connecticut_vs_gonzaga_20241214,2024-12-14,connecticut,Gonzaga,2025,76.07851047009326,77.5142076138852
connecticut_vs_xavier_20241218,2024-12-18,connecticut,Xavier,2025,78.16066031687315,67.90969197507161
connecticut_vs_providence_20250105,2025-01-05,connecticut,Providence,2025,75.2667526851822,62.49784638533369
connecticut_vs_creighton_20250118,2025-01-18,connecticut,Creighton,2025,75.26625677076676,70.08924659894761
connecticut_vs_butler_20250121,2025-01-21,connecticut,Butler,2025,76.94205372787002,67.59953978192547
connecticut_vs_depaul_20250129,2025-01-29,connecticut,DePaul,2025,82.28950427017737,67.29741238113084
connecticut_vs_st. john's (ny)_20250207,2025-02-07,connecticut,St. John's (NY),2025,71.76365177448213,72.67685139233484
connecticut_vs_villanova_20250218,2025-02-18,connecticut,Villanova,2025,75.21136147207736,67.63801626075404
connecticut_vs_georgetown_20250226,2025-02-26,connecticut,Georgetown,2025,73.77559145828397,65.59216831888624
connecticut_vs_marquette_20250305,2025-03-05,connecticut,Marquette,2025,72.09126033419118,69.18443964403467
connecticut_vs_seton hall_20250308,2025-03-08,connecticut,Seton Hall,2025,79.42100245147806,61.203040629996885
connecticut_vs_villanova_20250313,2025-03-13,connecticut,Villanova,2025,70.54126769332865,67.33932380717953
connecticut_vs_creighton_20250314,2025-03-14,connecticut,Creighton,2025,72.50556069171897,68.67640260254382
connecticut_vs_oklahoma_20250321,2025-03-21,connecticut,Oklahoma,2025,73.35670974496703,68.84466032776034
connecticut_vs_florida_20250323,2025-03-23,connecticut,Florida,2025,69.25609991000725,73.11546758281106
coppin-state_vs_high point_20241106,2024-11-06,coppin-state,High Point,2025,65.69560443434041,84.59900469071957
coppin-state_vs_loyola (md)_20241202,2024-12-02,coppin-state,Loyola (MD),2025,65.42004899903141,70.7594213592482
coppin-state_vs_navy_20241221,2024-12-21,coppin-state,Navy,2025,66.54603693609094,71.14545929164856
coppin-state_vs_north carolina central_20250104,2025-01-04,coppin-state,North Carolina Central,2025,65.94249279236926,73.95544495632664
coppin-state_vs_south carolina state_20250106,2025-01-06,coppin-state,South Carolina State,2025,62.9701573400151,71.29134788776241
coppin-state_vs_delaware state_20250201,2025-02-01,coppin-state,Delaware State,2025,66.21369827532696,72.03500080148461
coppin-state_vs_norfolk state_20250222,2025-02-22,coppin-state,Norfolk State,2025,65.19191130458108,75.80359791571318
coppin-state_vs_howard_20250224,2025-02-24,coppin-state,Howard,2025,68.66134169856967,75.41975638092892
coppin-state_vs_maryland eastern shore_20250303,2025-03-03,coppin-state,Maryland Eastern Shore,2025,70.79940583625198,67.7865491052273
coppin-state_vs_morgan state_20250306,2025-03-06,coppin-state,Morgan State,2025,71.62158777295292,73.5308613100215
coppin-state_vs_south carolina state_20250312,2025-03-12,coppin-state,South Carolina State,2025,63.48575463435868,77.88592779857876
cornell_vs_lafayette_20241116,2024-11-16,cornell,Lafayette,2025,75.4119681169737,67.24408940745143
cornell_vs_robert morris_20241121,2024-11-21,cornell,Robert Morris,2025,78.15390555896113,70.83877838041523
cornell_vs_illinois state_20241222,2024-12-22,cornell,Illinois State,2025,77.71340951879283,76.36254962045939
cornell_vs_siena_20241230,2024-12-30,cornell,Siena,2025,80.3285121445541,68.08572514121305
cornell_vs_brown_20250120,2025-01-20,cornell,Brown,2025,78.68832953507417,73.42622545076999
cornell_vs_dartmouth_20250131,2025-01-31,cornell,Dartmouth,2025,86.72859757447526,73.20657737460924
cornell_vs_harvard_20250201,2025-02-01,cornell,Harvard,2025,81.02944052786931,71.24512672009787
cornell_vs_yale_20250208,2025-02-08,cornell,Yale,2025,79.15286079481803,81.14777642264012
cornell_vs_pennsylvania_20250228,2025-02-28,cornell,Pennsylvania,2025,80.25110649958545,73.81727830097087
cornell_vs_princeton_20250302,2025-03-02,cornell,Princeton,2025,78.56170978231788,74.77764760402582
cornell_vs_columbia_20250308,2025-03-08,cornell,Columbia,2025,84.1312220291055,75.2124205743794
cornell_vs_dartmouth_20250315,2025-03-15,cornell,Dartmouth,2025,79.61063403741437,75.49569172478922
cornell_vs_yale_20250316,2025-03-16,cornell,Yale,2025,75.15918957469887,80.09853221739554
creighton_vs_nebraska_20241122,2024-11-22,creighton,Nebraska,2025,80.26978790179356,70.03659280573765
creighton_vs_san diego state_20241126,2024-11-26,creighton,San Diego State,2025,75.30208688627067,71.06954954335966
creighton_vs_texas a&m_20241127,2024-11-27,creighton,Texas A&M,2025,71.29776813580716,74.24148041974063
creighton_vs_notre dame_20241130,2024-11-30,creighton,Notre Dame,2025,72.60228550757343,71.84613925958
creighton_vs_kansas_20241204,2024-12-04,creighton,Kansas,2025,74.64275608099084,74.96518049109392
creighton_vs_unlv_20241207,2024-12-07,creighton,UNLV,2025,75.13669870664773,67.67209425998544
creighton_vs_villanova_20241221,2024-12-21,creighton,Villanova,2025,73.90268407915852,67.9284852471689
creighton_vs_st. john's (ny)_20241231,2024-12-31,creighton,St. John's (NY),2025,76.07899926353628,78.12377427292544
creighton_vs_providence_20250114,2025-01-14,creighton,Providence,2025,74.58747361710361,66.37233287903265
creighton_vs_seton hall_20250125,2025-01-25,creighton,Seton Hall,2025,76.28171211361402,61.2458722479218
creighton_vs_xavier_20250129,2025-01-29,creighton,Xavier,2025,75.20405796122972,70.78397792743131
creighton_vs_marquette_20250208,2025-02-08,creighton,Marquette,2025,73.94489098642835,71.5305414349492
creighton_vs_connecticut_20250211,2025-02-11,creighton,Connecticut,2025,73.12988119702484,69.79505154989624
creighton_vs_georgetown_20250223,2025-02-23,creighton,Georgetown,2025,75.1640361482201,66.24194977246707
creighton_vs_depaul_20250226,2025-02-26,creighton,DePaul,2025,79.9996142872371,66.6016153013215
creighton_vs_butler_20250308,2025-03-08,creighton,Butler,2025,75.65184280779437,68.94394159347425
creighton_vs_depaul_20250313,2025-03-13,creighton,DePaul,2025,76.95946758649178,66.96003264032169
creighton_vs_st. john's (ny)_20250315,2025-03-15,creighton,St. John's (NY),2025,72.9855752686395,74.57446461253402
creighton_vs_louisville_20250320,2025-03-20,creighton,Louisville,2025,69.36171031067403,73.30258167806626
dartmouth_vs_le moyne_20241218,2024-12-18,dartmouth,Le Moyne,2025,79.36871186236158,72.75167183256346
dartmouth_vs_vermont_20241221,2024-12-21,dartmouth,Vermont,2025,67.846079101267,69.23589316590267
dartmouth_vs_pennsylvania_20250111,2025-01-11,dartmouth,Pennsylvania,2025,74.83026553043653,70.20245129885899
dartmouth_vs_princeton_20250118,2025-01-18,dartmouth,Princeton,2025,72.17009310333651,77.42847418758652
dartmouth_vs_harvard_20250208,2025-02-08,dartmouth,Harvard,2025,75.96559573048908,70.7140623939388
dartmouth_vs_columbia_20250214,2025-02-14,dartmouth,Columbia,2025,79.02295070904995,75.50610690668864
dartmouth_vs_cornell_20250215,2025-02-15,dartmouth,Cornell,2025,78.69028673767416,77.97306956239005
dartmouth_vs_yale_20250228,2025-02-28,dartmouth,Yale,2025,76.28658152765865,79.6420664459746
dartmouth_vs_brown_20250301,2025-03-01,dartmouth,Brown,2025,75.35457337166426,70.3521663306136
davidson_vs_east tennessee state_20241116,2024-11-16,davidson,East Tennessee State,2025,78.01608949338262,73.13094897199375
davidson_vs_vmi_20241122,2024-11-22,davidson,VMI,2025,83.01639498450687,62.571523513079995
davidson_vs_providence_20241128,2024-11-28,davidson,Providence,2025,68.11270429622068,74.12598648713397
davidson_vs_gonzaga_20241129,2024-11-29,davidson,Gonzaga,2025,71.9126426336053,87.07823464060961
davidson_vs_charleston southern_20241206,2024-12-06,davidson,Charleston Southern,2025,82.06716240238889,70.00114456750757
davidson_vs_charlotte_20241210,2024-12-10,davidson,Charlotte,2025,74.87312652983181,70.79699081967537
davidson_vs_detroit mercy_20241214,2024-12-14,davidson,Detroit Mercy,2025,81.45174918518683,70.42802617327504
davidson_vs_bethune-cookman_20241221,2024-12-21,davidson,Bethune-Cookman,2025,78.5147151250938,67.53254067892681
davidson_vs_eastern michigan_20241228,2024-12-28,davidson,Eastern Michigan,2025,81.05904385131203,68.80898732248292
davidson_vs_duquesne_20250104,2025-01-04,davidson,Duquesne,2025,71.00069506161444,67.10969901332824
davidson_vs_fordham_20250111,2025-01-11,davidson,Fordham,2025,79.31088391493519,69.71573774196287
davidson_vs_saint joseph's_20250121,2025-01-21,davidson,Saint Joseph's,2025,73.15663433169821,74.99641961648688
davidson_vs_george mason_20250201,2025-02-01,davidson,George Mason,2025,68.37550600529771,71.3227148817011
davidson_vs_richmond_20250208,2025-02-08,davidson,Richmond,2025,76.98023331444932,67.3891581861779
davidson_vs_george washington_20250215,2025-02-15,davidson,George Washington,2025,73.71643950540633,71.1790218770913
davidson_vs_loyola chicago_20250218,2025-02-18,davidson,Loyola Chicago,2025,74.10778801973812,70.63910683131463
davidson_vs_saint louis_20250225,2025-02-25,davidson,Saint Louis,2025,75.14627473335821,72.2980067836825
davidson_vs_st. bonaventure_20250308,2025-03-08,davidson,St. Bonaventure,2025,71.48176626767575,70.056894593674
davidson_vs_richmond_20250312,2025-03-12,davidson,Richmond,2025,72.85803404493703,68.66205164740639
davidson_vs_saint louis_20250313,2025-03-13,davidson,Saint Louis,2025,70.49604299243572,71.69194971769633
dayton_vs_new mexico state_20241120,2024-11-20,dayton,New Mexico State,2025,78.72042411578254,67.44742733042622
dayton_vs_north carolina_20241125,2024-11-25,dayton,North Carolina,2025,72.14655154852721,76.45311781932853
dayton_vs_iowa state_20241126,2024-11-26,dayton,Iowa State,2025,66.86982246944665,72.80251161202074
dayton_vs_lehigh_20241207,2024-12-07,dayton,Lehigh,2025,80.42279854859991,61.91337827346131
dayton_vs_marquette_20241214,2024-12-14,dayton,Marquette,2025,73.51469388348696,72.94012615874774
dayton_vs_unlv_20241217,2024-12-17,dayton,UNLV,2025,74.88237959604741,66.44365896294556
dayton_vs_la salle_20241231,2024-12-31,dayton,La Salle,2025,80.32780592505253,67.43173990219903
dayton_vs_george mason_20250115,2025-01-15,dayton,George Mason,2025,72.1222800277002,65.0132442578917
dayton_vs_loyola chicago_20250118,2025-01-18,dayton,Loyola Chicago,2025,75.09328387988457,67.99107017781326
dayton_vs_saint joseph's_20250124,2025-01-24,dayton,Saint Joseph's,2025,74.24356147918064,71.54170595234696
dayton_vs_davidson_20250204,2025-02-04,dayton,Davidson,2025,74.12954612278851,70.70489689607594
dayton_vs_vcu_20250207,2025-02-07,dayton,VCU,2025,71.64890683981974,71.54069519831471
dayton_vs_duquesne_20250215,2025-02-15,dayton,Duquesne,2025,74.14243537045756,67.1209014022025
dayton_vs_richmond_20250301,2025-03-01,dayton,Richmond,2025,79.01690998311368,67.60833379245511
dayton_vs_saint louis_20250304,2025-03-04,dayton,Saint Louis,2025,74.10893382629067,69.73469692036069
dayton_vs_saint joseph's_20250314,2025-03-14,dayton,Saint Joseph's,2025,70.50202518615113,70.57173245599937
delaware_vs_bryant_20241118,2024-11-18,delaware,Bryant,2025,71.71611294005686,80.22288403330309
delaware_vs_vermont_20241123,2024-11-23,delaware,Vermont,2025,67.06114410420452,71.23211307051571
delaware_vs_yale_20241124,2024-11-24,delaware,Yale,2025,69.91800617913084,81.06600586662545
delaware_vs_delaware state_20241203,2024-12-03,delaware,Delaware State,2025,77.36627469027697,69.64635371763896
delaware_vs_monmouth_20250104,2025-01-04,delaware,Monmouth,2025,79.84401101998792,73.82890134002042
delaware_vs_stony brook_20250116,2025-01-16,delaware,Stony Brook,2025,81.17471174212218,71.14082206315099
delaware_vs_elon_20250118,2025-01-18,delaware,Elon,2025,72.57421442797897,76.19468024827138
delaware_vs_towson_20250130,2025-01-30,delaware,Towson,2025,73.97974547754842,73.05894013620794
delaware_vs_unc wilmington_20250206,2025-02-06,delaware,UNC Wilmington,2025,74.98704166605503,79.76472149914996
delaware_vs_william & mary_20250208,2025-02-08,delaware,William & Mary,2025,80.5168140082225,77.82610747828954
delaware_vs_campbell_20250215,2025-02-15,delaware,Campbell,2025,73.47106494259704,74.57605255730742
delaware_vs_drexel_20250220,2025-02-20,delaware,Drexel,2025,74.86627308000827,72.48630975301143
delaware_vs_hofstra_20250222,2025-02-22,delaware,Hofstra,2025,75.3651817710022,68.75292050814053
delaware_vs_stony brook_20250307,2025-03-07,delaware,Stony Brook,2025,74.44491133609871,72.60225733137368
delaware_vs_william & mary_20250309,2025-03-09,delaware,William & Mary,2025,73.35214892736704,77.25172421316212
delaware_vs_towson_20250310,2025-03-10,delaware,Towson,2025,69.58784335917197,72.94666546237428
delaware_vs_unc wilmington_20250311,2025-03-11,delaware,UNC Wilmington,2025,68.27591106157925,78.288243140756
delaware-state_vs_loyola (md)_20241207,2024-12-07,delaware-state,Loyola (MD),2025,70.0739026253739,70.50942492696618
delaware-state_vs_njit_20241211,2024-12-11,delaware-state,NJIT,2025,67.7461415994192,65.08855891017261
delaware-state_vs_norfolk state_20250106,2025-01-06,delaware-state,Norfolk State,2025,68.27214686089279,75.72122593991422
delaware-state_vs_morgan state_20250203,2025-02-03,delaware-state,Morgan State,2025,80.55894748074992,75.14135329702532
delaware-state_vs_howard_20250215,2025-02-15,delaware-state,Howard,2025,79.2014153097667,76.73174184451962
delaware-state_vs_south carolina state_20250222,2025-02-22,delaware-state,South Carolina State,2025,75.69721506564655,74.9773883919266
delaware-state_vs_north carolina central_20250224,2025-02-24,delaware-state,North Carolina Central,2025,77.25126440394435,75.5187699878862
delaware-state_vs_coppin state_20250301,2025-03-01,delaware-state,Coppin State,2025,78.27790204377133,65.51272181578551
delaware-state_vs_maryland eastern shore_20250306,2025-03-06,delaware-state,Maryland Eastern Shore,2025,78.00257746818318,72.08642030320709
delaware-state_vs_north carolina central_20250313,2025-03-13,delaware-state,North Carolina Central,2025,72.99540766881235,75.9054191571035
denver_vs_montana state_20241117,2024-11-17,denver,Montana State,2025,73.62394777413179,75.62124165545329
denver_vs_utah tech_20241126,2024-11-26,denver,Utah Tech,2025,72.43693910111836,75.88843160262952
denver_vs_sacramento state_20241204,2024-12-04,denver,Sacramento State,2025,71.71102499181214,72.40447552733441
denver_vs_northern colorado_20241221,2024-12-21,denver,Northern Colorado,2025,75.25699187428188,80.35725056163366
denver_vs_north dakota_20250109,2025-01-09,denver,North Dakota,2025,79.00623235628744,75.64664385440626
denver_vs_north dakota state_20250111,2025-01-11,denver,North Dakota State,2025,70.70302096915596,79.16605743041528
denver_vs_omaha_20250115,2025-01-15,denver,Omaha,2025,72.68092702283863,75.47101912621412
denver_vs_kansas city_20250130,2025-01-30,denver,Kansas City,2025,65.7268043862635,72.14167028870004
denver_vs_south dakota_20250206,2025-02-06,denver,South Dakota,2025,75.32714099982176,78.29863967853419
denver_vs_st. thomas_20250208,2025-02-08,denver,St. Thomas,2025,71.78115250484461,79.77537638418772
denver_vs_oral roberts_20250219,2025-02-19,denver,Oral Roberts,2025,77.97321524044887,74.23225790567254
denver_vs_south dakota state_20250301,2025-03-01,denver,South Dakota State,2025,70.82222680845398,78.95094886155069
denver_vs_st. thomas_20250306,2025-03-06,denver,St. Thomas,2025,70.90641848357926,78.79394820151462
depaul_vs_duquesne_20241115,2024-11-15,depaul,Duquesne,2025,79.17073652562671,72.74401369307448
depaul_vs_eastern illinois_20241119,2024-11-19,depaul,Eastern Illinois,2025,85.996611472484,65.35697840222932
depaul_vs_northern illinois_20241123,2024-11-23,depaul,Northern Illinois,2025,84.34040435813222,66.96500133403916
depaul_vs_valparaiso_20241129,2024-11-29,depaul,Valparaiso,2025,84.21601833396053,68.09794898134967
depaul_vs_providence_20241210,2024-12-10,depaul,Providence,2025,72.92520521621071,67.70240382563027
depaul_vs_wichita state_20241214,2024-12-14,depaul,Wichita State,2025,79.61938489793941,74.82450592934279
depaul_vs_loyola (md)_20241228,2024-12-28,depaul,Loyola (MD),2025,82.17512172650682,65.90276404218098
depaul_vs_connecticut_20250101,2025-01-01,depaul,Connecticut,2025,72.0695717672788,73.78272299944462
depaul_vs_xavier_20250111,2025-01-11,depaul,Xavier,2025,76.17643087086115,74.74325699452268
depaul_vs_marquette_20250114,2025-01-14,depaul,Marquette,2025,70.00134147381291,77.70176558696583
depaul_vs_creighton_20250121,2025-01-21,depaul,Creighton,2025,70.27056441338917,76.39680775591741
depaul_vs_seton hall_20250202,2025-02-02,depaul,Seton Hall,2025,72.41832178886654,67.41303743983461
depaul_vs_villanova_20250205,2025-02-05,depaul,Villanova,2025,70.87732778160385,72.07807364796354
depaul_vs_st. john's (ny)_20250219,2025-02-19,depaul,St. John's (NY),2025,68.71615188801391,81.46408687858633
depaul_vs_butler_20250222,2025-02-22,depaul,Butler,2025,70.81452775289583,73.70696739398049
depaul_vs_georgetown_20250308,2025-03-08,depaul,Georgetown,2025,70.56961535728438,70.98808844937189
depaul_vs_georgetown_20250312,2025-03-12,depaul,Georgetown,2025,68.94171908271102,71.43891740287798
detroit-mercy_vs_toledo_20241116,2024-11-16,detroit-mercy,Toledo,2025,76.29725933937618,80.99732567268612
detroit-mercy_vs_tulsa_20241126,2024-11-26,detroit-mercy,Tulsa,2025,71.69887680520809,83.18984180340773
detroit-mercy_vs_rhode island_20241127,2024-11-27,detroit-mercy,Rhode Island,2025,67.33987427314946,81.55344463609153
detroit-mercy_vs_wright state_20241207,2024-12-07,detroit-mercy,Wright State,2025,67.81843900495062,74.59311286353139
detroit-mercy_vs_robert morris_20250102,2025-01-02,detroit-mercy,Robert Morris,2025,69.03809568729967,73.99818827621864
detroit-mercy_vs_milwaukee_20250104,2025-01-04,detroit-mercy,Milwaukee,2025,67.20346138209423,80.92209845542861
detroit-mercy_vs_oakland_20250118,2025-01-18,detroit-mercy,Oakland,2025,63.817836588656505,73.67454738338996
detroit-mercy_vs_northern kentucky_20250130,2025-01-30,detroit-mercy,Northern Kentucky,2025,67.92119142285898,70.17858902966667
detroit-mercy_vs_green bay_20250201,2025-02-01,detroit-mercy,Green Bay,2025,70.94152607485442,71.37756293432348
detroit-mercy_vs_youngstown state_20250208,2025-02-08,detroit-mercy,Youngstown State,2025,66.51529347421388,74.46561095223562
detroit-mercy_vs_iu indy_20250219,2025-02-19,detroit-mercy,IU Indy,2025,71.82209978590765,73.10143300160806
detroit-mercy_vs_cleveland state_20250221,2025-02-21,detroit-mercy,Cleveland State,2025,64.61844919027182,73.0903863452192
dixie-state_vs_weber state_20241213,2024-12-13,dixie-state,Weber State,2025,70.02423031926288,73.37764315707287
dixie-state_vs_south dakota_20241219,2024-12-19,dixie-state,South Dakota,2025,74.64239560380662,77.63888219763884
dixie-state_vs_ut arlington_20250109,2025-01-09,dixie-state,UT Arlington,2025,72.22596281765229,77.0187349740088
dixie-state_vs_tarleton state_20250111,2025-01-11,dixie-state,Tarleton State,2025,71.16118486294886,69.25715303858613
dixie-state_vs_grand canyon_20250125,2025-01-25,dixie-state,Grand Canyon,2025,69.45867746745715,80.35388852058549
dixie-state_vs_abilene christian_20250206,2025-02-06,dixie-state,Abilene Christian,2025,71.2727976874519,71.08706567163684
dixie-state_vs_utah valley_20250220,2025-02-20,dixie-state,Utah Valley,2025,70.26021744850877,75.58518451647996
dixie-state_vs_southern utah_20250227,2025-02-27,dixie-state,Southern Utah,2025,75.84459389228539,73.66241385162216
dixie-state_vs_california baptist_20250301,2025-03-01,dixie-state,California Baptist,2025,70.01544486089492,75.88109671024577
dixie-state_vs_seattle_20250308,2025-03-08,dixie-state,Seattle,2025,67.51105017943802,75.37555996273731
dixie-state_vs_southern utah_20250311,2025-03-11,dixie-state,Southern Utah,2025,72.85395454963286,71.97793124760682
dixie-state_vs_utah valley_20250312,2025-03-12,dixie-state,Utah Valley,2025,67.69645747206056,77.24000322777445
drake_vs_florida gulf coast_20241116,2024-11-16,drake,Florida Gulf Coast,2025,71.88145715239887,60.59196209102982
drake_vs_miami (fl)_20241121,2024-11-21,drake,Miami (FL),2025,65.95666789236253,73.97779759169126
drake_vs_florida atlantic_20241122,2024-11-22,drake,Florida Atlantic,2025,73.55359155732376,74.77111658320759
drake_vs_vanderbilt_20241124,2024-11-24,drake,Vanderbilt,2025,67.11104862819074,70.29752148419803
drake_vs_georgia southern_20241130,2024-11-30,drake,Georgia Southern,2025,78.88322862783376,68.97710337359155
drake_vs_green bay_20241221,2024-12-21,drake,Green Bay,2025,78.10281761054222,58.962720325635146
drake_vs_belmont_20241229,2024-12-29,drake,Belmont,2025,76.59954377346145,66.42194415810711
drake_vs_murray state_20250105,2025-01-05,drake,Murray State,2025,72.25881796137269,60.834392049669404
drake_vs_evansville_20250111,2025-01-11,drake,Evansville,2025,68.67164143343011,56.37328171341004
drake_vs_illinois state_20250115,2025-01-15,drake,Illinois State,2025,71.98164120696913,63.513297601650876
drake_vs_valparaiso_20250122,2025-01-22,drake,Valparaiso,2025,74.54351848682532,60.542756768624976
drake_vs_northern iowa_20250129,2025-01-29,drake,Northern Iowa,2025,69.5503557975416,63.01729194362981
drake_vs_indiana state_20250208,2025-02-08,drake,Indiana State,2025,76.45509157122028,64.35323092239099
drake_vs_bradley_20250216,2025-02-16,drake,Bradley,2025,71.9274418807213,64.73151546429197
drake_vs_illinoisâchicago_20250219,2025-02-19,drake,IllinoisâChicago,2025,73.15878040315246,64.76688623723291
drake_vs_missouri state_20250302,2025-03-02,drake,Missouri State,2025,72.4714037857649,59.43324736656083
drake_vs_southern illinois_20250307,2025-03-07,drake,Southern Illinois,2025,73.31798009052414,63.13130221675517
drake_vs_missouri_20250320,2025-03-20,drake,Missouri,2025,67.07560109429407,70.31097894277374
drake_vs_texas tech_20250322,2025-03-22,drake,Texas Tech,2025,64.09441870728328,69.35052492466725
drexel_vs_la salle_20241116,2024-11-16,drexel,La Salle,2025,70.06279701570936,68.94012212268893
drexel_vs_bryant_20241202,2024-12-02,drexel,Bryant,2025,77.63114887420343,75.15809097290797
drexel_vs_pennsylvania_20241207,2024-12-07,drexel,Pennsylvania,2025,74.46617495591336,68.84708986508598
drexel_vs_penn state_20241221,2024-12-21,drexel,Penn State,2025,72.51419339243255,80.25511551453242
drexel_vs_towson_20250111,2025-01-11,drexel,Towson,2025,68.24647310777672,62.42433372322331
drexel_vs_elon_20250116,2025-01-16,drexel,Elon,2025,66.23949839566065,68.2058772826212
drexel_vs_hofstra_20250120,2025-01-20,drexel,Hofstra,2025,66.66514292911042,63.90514201347466
drexel_vs_delaware_20250125,2025-01-25,drexel,Delaware,2025,75.59177976690808,72.32226888862135
drexel_vs_william & mary_20250206,2025-02-06,drexel,William & Mary,2025,74.92510802435766,71.12665946392809
drexel_vs_unc wilmington_20250208,2025-02-08,drexel,UNC Wilmington,2025,68.35348824320376,69.84812869991822
drexel_vs_college of charleston_20250222,2025-02-22,drexel,College of Charleston,2025,70.03892306712793,72.05022157856489
drexel_vs_hampton_20250227,2025-02-27,drexel,Hampton,2025,70.17761938881975,65.54913116876206
drexel_vs_monmouth_20250301,2025-03-01,drexel,Monmouth,2025,72.25436166042219,65.73448972147793
drexel_vs_elon_20250308,2025-03-08,drexel,Elon,2025,67.65821532848254,65.22928417238734
drexel_vs_towson_20250309,2025-03-09,drexel,Towson,2025,64.47327127396814,65.92194685026178
duke_vs_wofford_20241116,2024-11-16,duke,Wofford,2025,86.52777207638717,67.30821465578728
duke_vs_kansas_20241126,2024-11-26,duke,Kansas,2025,80.13052397033849,73.00103479120072
duke_vs_seattle_20241129,2024-11-29,duke,Seattle,2025,82.86201179621195,60.198644009375016
duke_vs_auburn_20241204,2024-12-04,duke,Auburn,2025,74.28858405255272,67.90706595869437
duke_vs_incarnate word_20241210,2024-12-10,duke,Incarnate Word,2025,82.73508095699779,56.053467964902815
duke_vs_george mason_20241217,2024-12-17,duke,George Mason,2025,76.35419016403122,62.38734167807624
duke_vs_virginia tech_20241231,2024-12-31,duke,Virginia Tech,2025,80.7475261980495,57.04591378526799
duke_vs_pittsburgh_20250107,2025-01-07,duke,Pittsburgh,2025,74.77201111529908,64.87449835344867
duke_vs_notre dame_20250111,2025-01-11,duke,Notre Dame,2025,78.04592706925037,60.95420117449746
duke_vs_miami (fl)_20250114,2025-01-14,duke,Miami (FL),2025,83.51074835480242,61.41235582844698
duke_vs_nc state_20250127,2025-01-27,duke,NC State,2025,79.86344094802921,60.159269694509526
duke_vs_north carolina_20250201,2025-02-01,duke,North Carolina,2025,80.17562799864568,69.16071687154081
duke_vs_california_20250212,2025-02-12,duke,California,2025,82.45930342748116,62.438056484041255
duke_vs_stanford_20250215,2025-02-15,duke,Stanford,2025,78.92730559012847,63.01206726617439
duke_vs_illinois_20250222,2025-02-22,duke,Illinois,2025,75.30257698750181,73.05153056581382
duke_vs_florida state_20250301,2025-03-01,duke,Florida State,2025,79.77739172053748,62.499400709676536
duke_vs_wake forest_20250303,2025-03-03,duke,Wake Forest,2025,77.29291386510143,61.12377078071158
duke_vs_georgia tech_20250313,2025-03-13,duke,Georgia Tech,2025,80.98733148087359,61.82438294547912
duke_vs_north carolina_20250314,2025-03-14,duke,North Carolina,2025,77.29380386477251,70.58613015905208
duke_vs_louisville_20250315,2025-03-15,duke,Louisville,2025,74.04663227852944,68.49248131171582
duke_vs_mount st. mary's_20250321,2025-03-21,duke,Mount St. Mary's,2025,86.70946563185716,57.115747842262245
duke_vs_houston_20250405,2025-04-05,duke,Houston,2025,70.93450727991652,68.79785072887043
duquesne_vs_milwaukee_20241119,2024-11-19,duquesne,Milwaukee,2025,79.68385055765042,74.1056675078492
duquesne_vs_south dakota state_20241124,2024-11-24,duquesne,South Dakota State,2025,70.51385822595252,72.37317554192747
duquesne_vs_hampton_20241125,2024-11-25,duquesne,Hampton,2025,73.15812111444832,66.81643361643052
duquesne_vs_old dominion_20241126,2024-11-26,duquesne,Old Dominion,2025,74.34861708376154,69.01231049664781
duquesne_vs_saint peter's_20241203,2024-12-03,duquesne,Saint Peter's,2025,68.34962775072214,66.107360238347
duquesne_vs_delaware_20241206,2024-12-06,duquesne,Delaware,2025,74.78044692783303,70.50151268385136
duquesne_vs_maine_20241211,2024-12-11,duquesne,Maine,2025,70.46286919482553,66.01589622632385
duquesne_vs_towson_20241214,2024-12-14,duquesne,Towson,2025,64.87079942003292,66.95834983667194
duquesne_vs_uc irvine_20241221,2024-12-21,duquesne,UC Irvine,2025,64.65699841283723,67.512361029717
duquesne_vs_rhode island_20241231,2024-12-31,duquesne,Rhode Island,2025,72.10039889399089,73.75663423533769
duquesne_vs_saint joseph's_20250108,2025-01-08,duquesne,Saint Joseph's,2025,65.27471259732198,66.09123319516509
duquesne_vs_st. bonaventure_20250118,2025-01-18,duquesne,St. Bonaventure,2025,64.01089755775955,65.90045222784325
duquesne_vs_dayton_20250121,2025-01-21,duquesne,Dayton,2025,69.5822447295883,67.44411998972039
duquesne_vs_massachusetts_20250201,2025-02-01,duquesne,Massachusetts,2025,76.5987184496101,70.03947950398023
duquesne_vs_loyola chicago_20250208,2025-02-08,duquesne,Loyola Chicago,2025,68.15737809914124,66.64882143856379
duquesne_vs_fordham_20250219,2025-02-19,duquesne,Fordham,2025,75.90341543797058,69.50770841182576
duquesne_vs_george mason_20250301,2025-03-01,duquesne,George Mason,2025,63.465673548112285,65.63839131867971
duquesne_vs_vcu_20250304,2025-03-04,duquesne,VCU,2025,63.31744179142636,71.88246690107665
duquesne_vs_st. bonaventure_20250313,2025-03-13,duquesne,St. Bonaventure,2025,63.74446385458224,65.36535356414609
east-carolina_vs_george mason_20241116,2024-11-16,east-carolina,George Mason,2025,72.00707851352033,72.69570403712015
east-carolina_vs_jacksonville state_20241121,2024-11-21,east-carolina,Jacksonville State,2025,73.36721080670297,69.63866813596178
east-carolina_vs_stetson_20241122,2024-11-22,east-carolina,Stetson,2025,81.00564189342478,66.45511612973151
east-carolina_vs_illinoisâchicago_20241123,2024-11-23,east-carolina,IllinoisâChicago,2025,75.54357259838461,76.06885387381934
east-carolina_vs_north carolina a&t_20241129,2024-11-29,east-carolina,North Carolina A&T,2025,82.17668121084175,72.75661029932851
east-carolina_vs_unc wilmington_20241203,2024-12-03,east-carolina,UNC Wilmington,2025,77.50781544807833,70.3152721242699
east-carolina_vs_north alabama_20241211,2024-12-11,east-carolina,North Alabama,2025,77.26165856662456,70.89574412236105
east-carolina_vs_florida international_20241217,2024-12-17,east-carolina,Florida International,2025,78.07210290149054,71.6971362090773
east-carolina_vs_gardner-webb_20241221,2024-12-21,east-carolina,Gardner-Webb,2025,76.58071524242929,71.37596703186813
east-carolina_vs_florida atlantic_20250105,2025-01-05,east-carolina,Florida Atlantic,2025,78.24300460076175,77.94627357376406
east-carolina_vs_temple_20250108,2025-01-08,east-carolina,Temple,2025,72.12086801903283,72.39898468211436
east-carolina_vs_north texas_20250114,2025-01-14,east-carolina,North Texas,2025,61.77156432460162,69.12617215209063
east-carolina_vs_south florida_20250125,2025-01-25,east-carolina,South Florida,2025,74.56583040617625,73.91252625143086
east-carolina_vs_rice_20250205,2025-02-05,east-carolina,Rice,2025,73.38662202775112,69.25118060380481
east-carolina_vs_uab_20250211,2025-02-11,east-carolina,UAB,2025,76.38608561198545,82.90778607767932
east-carolina_vs_utsa_20250223,2025-02-23,east-carolina,UTSA,2025,79.8880797038201,74.75786621018746
east-carolina_vs_charlotte_20250302,2025-03-02,east-carolina,Charlotte,2025,78.48673974441178,71.63183831150916
east-carolina_vs_tulane_20250306,2025-03-06,east-carolina,Tulane,2025,72.85667640930743,73.39954225296772
east-carolina_vs_utsa_20250313,2025-03-13,east-carolina,UTSA,2025,73.42595845235947,75.44221972338568
eastern-illinois_vs_northern illinois_20241129,2024-11-29,eastern-illinois,Northern Illinois,2025,74.49861689065065,71.96906515274594
eastern-illinois_vs_lindenwood_20250102,2025-01-02,eastern-illinois,Lindenwood,2025,73.82954880206336,70.18048253375294
eastern-illinois_vs_western illinois_20250104,2025-01-04,eastern-illinois,Western Illinois,2025,72.92948627948135,68.92954395776127
eastern-illinois_vs_siu edwardsville_20250107,2025-01-07,eastern-illinois,SIU Edwardsville,2025,68.59574656560832,72.60566833521034
eastern-illinois_vs_morehead state_20250123,2025-01-23,eastern-illinois,Morehead State,2025,66.16439008712747,68.56847281494353
eastern-illinois_vs_southern indiana_20250125,2025-01-25,eastern-illinois,Southern Indiana,2025,72.34705370722999,72.91487552886333
eastern-illinois_vs_tennessee state_20250213,2025-02-13,eastern-illinois,Tennessee State,2025,70.2130208784471,75.32937984270194
eastern-illinois_vs_ut martin_20250215,2025-02-15,eastern-illinois,UT Martin,2025,68.7600027328157,73.76698461748033
eastern-illinois_vs_little rock_20250227,2025-02-27,eastern-illinois,Little Rock,2025,64.99897631532997,68.304818911825
eastern-illinois_vs_southeast missouri state_20250301,2025-03-01,eastern-illinois,Southeast Missouri State,2025,67.86981493638514,72.88942291514472
eastern-kentucky_vs_southern illinois_20241126,2024-11-26,eastern-kentucky,Southern Illinois,2025,71.84231966389122,77.4033250378544
eastern-kentucky_vs_louisiana tech_20241127,2024-11-27,eastern-kentucky,Louisiana Tech,2025,69.62214764559366,76.67942207265679
eastern-kentucky_vs_eastern illinois_20241214,2024-12-14,eastern-kentucky,Eastern Illinois,2025,81.29050063085502,69.87296082414335
eastern-kentucky_vs_jacksonville state_20241221,2024-12-21,eastern-kentucky,Jacksonville State,2025,75.99077509826627,71.22642863408838
eastern-kentucky_vs_north florida_20250109,2025-01-09,eastern-kentucky,North Florida,2025,84.66362647566542,77.31697981298105
eastern-kentucky_vs_jacksonville_20250111,2025-01-11,eastern-kentucky,Jacksonville,2025,74.90643418121942,71.14617274813385
eastern-kentucky_vs_bellarmine_20250118,2025-01-18,eastern-kentucky,Bellarmine,2025,81.03696401673564,73.14767839839747
eastern-kentucky_vs_stetson_20250123,2025-01-23,eastern-kentucky,Stetson,2025,82.26489358736244,73.26096461639828
eastern-kentucky_vs_florida gulf coast_20250125,2025-01-25,eastern-kentucky,Florida Gulf Coast,2025,71.8357448779015,72.85270034946294
eastern-kentucky_vs_austin peay_20250201,2025-02-01,eastern-kentucky,Austin Peay,2025,78.19026431898718,72.04549178284503
eastern-kentucky_vs_west georgia_20250213,2025-02-13,eastern-kentucky,West Georgia,2025,82.2938673029836,72.21676660893534
eastern-kentucky_vs_queens (nc)_20250215,2025-02-15,eastern-kentucky,Queens (NC),2025,79.24878087374735,76.17803104033302
eastern-kentucky_vs_lipscomb_20250218,2025-02-18,eastern-kentucky,Lipscomb,2025,76.27754663847976,75.58694263709313
eastern-michigan_vs_northern arizona_20241126,2024-11-26,eastern-michigan,Northern Arizona,2025,70.2859918901301,72.18727926280745
eastern-michigan_vs_detroit mercy_20241130,2024-11-30,eastern-michigan,Detroit Mercy,2025,72.59195098021839,65.52643675171562
eastern-michigan_vs_wright state_20241221,2024-12-21,eastern-michigan,Wright State,2025,70.76434557736384,74.12640009868996
eastern-michigan_vs_northern illinois_20250104,2025-01-04,eastern-michigan,Northern Illinois,2025,78.01043409322486,69.12910284177296
eastern-michigan_vs_akron_20250111,2025-01-11,eastern-michigan,Akron,2025,75.52638428142957,79.9213299658008
eastern-michigan_vs_ohio_20250121,2025-01-21,eastern-michigan,Ohio,2025,73.8574003605254,79.42327096753303
eastern-michigan_vs_buffalo_20250125,2025-01-25,eastern-michigan,Buffalo,2025,80.06404932511718,74.65156872455059
eastern-michigan_vs_kent state_20250204,2025-02-04,eastern-michigan,Kent State,2025,66.46005686941412,71.45417697105611
eastern-michigan_vs_old dominion_20250208,2025-02-08,eastern-michigan,Old Dominion,2025,72.22560426954784,71.57123327515954
eastern-michigan_vs_toledo_20250215,2025-02-15,eastern-michigan,Toledo,2025,73.9610864025801,76.98882240107461
eastern-michigan_vs_miami (oh)_20250218,2025-02-18,eastern-michigan,Miami (OH),2025,72.80408274712609,78.54271452633881
eastern-michigan_vs_bowling green_20250225,2025-02-25,eastern-michigan,Bowling Green,2025,76.39866597409743,74.63650583611111
eastern-michigan_vs_central michigan_20250228,2025-02-28,eastern-michigan,Central Michigan,2025,72.11972201231217,74.43419246351345
eastern-michigan_vs_miami (oh)_20250313,2025-03-13,eastern-michigan,Miami (OH),2025,71.07621046070028,76.91106194573965
eastern-washington_vs_seattle_20241106,2024-11-06,eastern-washington,Seattle,2025,70.0019813104855,80.87448995794298
eastern-washington_vs_cal poly_20241117,2024-11-17,eastern-washington,Cal Poly,2025,80.48261808052257,73.24390354590685
eastern-washington_vs_washington state_20241121,2024-11-21,eastern-washington,Washington State,2025,69.72157135096843,82.09569068120888
eastern-washington_vs_north dakota_20241204,2024-12-04,eastern-washington,North Dakota,2025,78.74971571765671,74.03455732971177
eastern-washington_vs_montana_20250102,2025-01-02,eastern-washington,Montana,2025,75.91788944588446,76.58194833817828
eastern-washington_vs_montana state_20250104,2025-01-04,eastern-washington,Montana State,2025,74.75416237252045,74.95382951212966
eastern-washington_vs_northern arizona_20250123,2025-01-23,eastern-washington,Northern Arizona,2025,75.59267349257122,74.63352380748141
eastern-washington_vs_northern colorado_20250125,2025-01-25,eastern-washington,Northern Colorado,2025,73.35569920644758,78.93807633884725
eastern-washington_vs_sacramento state_20250206,2025-02-06,eastern-washington,Sacramento State,2025,73.1968303685421,62.373351352331625
eastern-washington_vs_portland state_20250208,2025-02-08,eastern-washington,Portland State,2025,71.81209627466099,72.83250597057705
eastern-washington_vs_idaho_20250215,2025-02-15,eastern-washington,Idaho,2025,75.78853067098122,73.50563888674874
eastern-washington_vs_weber state_20250227,2025-02-27,eastern-washington,Weber State,2025,73.25712549810609,71.63584508524866
eastern-washington_vs_idaho state_20250301,2025-03-01,eastern-washington,Idaho State,2025,72.22644833766428,71.37333393806088
eastern-washington_vs_northern arizona_20250308,2025-03-08,eastern-washington,Northern Arizona,2025,73.18928414729254,73.4757401830114
east-tennessee-state_vs_usc upstate_20241122,2024-11-22,east-tennessee-state,USC Upstate,2025,80.86848023970269,70.27276586349839
east-tennessee-state_vs_queens (nc)_20241124,2024-11-24,east-tennessee-state,Queens (NC),2025,80.30182690014108,72.75889591180454
east-tennessee-state_vs_austin peay_20241130,2024-11-30,east-tennessee-state,Austin Peay,2025,73.59682900263363,68.391287098542
east-tennessee-state_vs_elon_20241218,2024-12-18,east-tennessee-state,Elon,2025,70.64063001825387,71.99201285630606
east-tennessee-state_vs_vmi_20250101,2025-01-01,east-tennessee-state,VMI,2025,79.95866460273307,66.56250084092807
east-tennessee-state_vs_wofford_20250104,2025-01-04,east-tennessee-state,Wofford,2025,72.91788657863931,71.18040986251421
east-tennessee-state_vs_the citadel_20250111,2025-01-11,east-tennessee-state,The Citadel,2025,77.68655237485771,66.20818108819307
east-tennessee-state_vs_western carolina_20250122,2025-01-22,east-tennessee-state,Western Carolina,2025,79.22455695672875,67.23506203543869
east-tennessee-state_vs_chattanooga_20250125,2025-01-25,east-tennessee-state,Chattanooga,2025,73.93734649166038,71.50127618012034
east-tennessee-state_vs_furman_20250202,2025-02-02,east-tennessee-state,Furman,2025,72.44100713777456,69.61084879202474
east-tennessee-state_vs_samford_20250208,2025-02-08,east-tennessee-state,Samford,2025,73.21629984337343,75.79921265810368
east-tennessee-state_vs_unc greensboro_20250219,2025-02-19,east-tennessee-state,UNC Greensboro,2025,69.49733495232947,68.40021272271272
east-tennessee-state_vs_mercer_20250226,2025-02-26,east-tennessee-state,Mercer,2025,78.00040953463846,69.92479845135904
east-tennessee-state_vs_wofford_20250308,2025-03-08,east-tennessee-state,Wofford,2025,69.74998709864752,69.02867672310997
elon_vs_maine_20241129,2024-11-29,elon,Maine,2025,72.64765281138259,73.60491235469577
elon_vs_navy_20241130,2024-11-30,elon,Navy,2025,74.3286039410328,72.00797230902396
elon_vs_wofford_20241207,2024-12-07,elon,Wofford,2025,71.4908359128805,70.98927874660843
elon_vs_unc greensboro_20241221,2024-12-21,elon,UNC Greensboro,2025,71.05651767021061,68.58133156672969
elon_vs_marshall_20241228,2024-12-28,elon,Marshall,2025,74.36277466655399,71.07618143408232
elon_vs_hampton_20250104,2025-01-04,elon,Hampton,2025,75.90124650044478,67.37570299371293
elon_vs_campbell_20250113,2025-01-13,elon,Campbell,2025,73.01480100120018,62.6645499209039
elon_vs_monmouth_20250123,2025-01-23,elon,Monmouth,2025,79.11321856718943,66.62498751400234
elon_vs_college of charleston_20250125,2025-01-25,elon,College of Charleston,2025,77.22960826571891,73.17615982156457
elon_vs_hofstra_20250130,2025-01-30,elon,Hofstra,2025,70.298859668673,64.10521175099953
elon_vs_northeastern_20250201,2025-02-01,elon,Northeastern,2025,73.73189171998509,68.46898542621652
elon_vs_north carolina a&t_20250213,2025-02-13,elon,North Carolina A&T,2025,79.81893625766192,69.39425244100113
elon_vs_towson_20250220,2025-02-20,elon,Towson,2025,70.03279678558367,67.83836381261074
elon_vs_william & mary_20250222,2025-02-22,elon,William & Mary,2025,77.20078532076433,72.31431337138287
evansville_vs_radford_20241116,2024-11-16,evansville,Radford,2025,74.36197054268266,71.49016487248356
evansville_vs_green bay_20241122,2024-11-22,evansville,Green Bay,2025,75.4795791402726,75.54719293927893
evansville_vs_campbell_20241124,2024-11-24,evansville,Campbell,2025,74.21862236767646,71.44475770106644
evansville_vs_western kentucky_20241207,2024-12-07,evansville,Western Kentucky,2025,74.88165991478895,80.97287459616847
evansville_vs_chattanooga_20241212,2024-12-12,evansville,Chattanooga,2025,72.57420086478183,74.55541168949873
evansville_vs_missouri state_20241229,2024-12-29,evansville,Missouri State,2025,67.81911866307811,73.52080687381557
evansville_vs_indiana state_20250104,2025-01-04,evansville,Indiana State,2025,73.8788184993512,77.02700969562484
evansville_vs_illinois state_20250108,2025-01-08,evansville,Illinois State,2025,65.80802493506778,74.08174440726788
evansville_vs_belmont_20250118,2025-01-18,evansville,Belmont,2025,69.70537326525017,74.6737270600401
evansville_vs_illinoisâchicago_20250122,2025-01-22,evansville,IllinoisâChicago,2025,68.65641751864702,74.38678004044637
evansville_vs_murray state_20250129,2025-01-29,evansville,Murray State,2025,65.3873880461752,69.203857743025
evansville_vs_southern illinois_20250205,2025-02-05,evansville,Southern Illinois,2025,67.45857191968524,69.7403566962445
evansville_vs_bradley_20250208,2025-02-08,evansville,Bradley,2025,64.11347924947549,71.14206252628261
evansville_vs_valparaiso_20250216,2025-02-16,evansville,Valparaiso,2025,73.20256428964176,71.51711235760627
evansville_vs_drake_20250226,2025-02-26,evansville,Drake,2025,59.678762669417424,70.74408963394502
evansville_vs_murray state_20250306,2025-03-06,evansville,Murray State,2025,66.09367696570568,68.62472695422099
fairfield_vs_drexel_20241119,2024-11-19,fairfield,Drexel,2025,68.6421526611221,69.5663739716671
fairfield_vs_yale_20241123,2024-11-23,fairfield,Yale,2025,66.66868971836749,75.04377936311452
fairfield_vs_vermont_20241124,2024-11-24,fairfield,Vermont,2025,63.12523024673594,69.42107946857428
fairfield_vs_rider_20241204,2024-12-04,fairfield,Rider,2025,65.2276045087598,66.14274329961391
fairfield_vs_central connecticut state_20241218,2024-12-18,fairfield,Central Connecticut State,2025,66.95831321299195,68.68973753042918
fairfield_vs_iona_20250110,2025-01-10,fairfield,Iona,2025,71.5774876824269,70.25755441457102
fairfield_vs_niagara_20250116,2025-01-16,fairfield,Niagara,2025,68.6776120625223,68.9959274568833
fairfield_vs_canisius_20250118,2025-01-18,fairfield,Canisius,2025,71.82040385266555,66.86202596084445
fairfield_vs_merrimack_20250125,2025-01-25,fairfield,Merrimack,2025,63.80201115731329,67.27965210408975
fairfield_vs_marist_20250206,2025-02-06,fairfield,Marist,2025,64.11156594467894,67.87612046061409
fairfield_vs_sacred heart_20250208,2025-02-08,fairfield,Sacred Heart,2025,71.87311842523792,74.29216480709233
fairfield_vs_manhattan_20250216,2025-02-16,fairfield,Manhattan,2025,73.88787085653533,75.29335123696153
fairfield_vs_mount st. mary's_20250228,2025-02-28,fairfield,Mount St. Mary's,2025,71.11731872823496,70.95468191578335
fairfield_vs_quinnipiac_20250308,2025-03-08,fairfield,Quinnipiac,2025,67.38543048387929,71.7939639726605
fairfield_vs_sacred heart_20250311,2025-03-11,fairfield,Sacred Heart,2025,70.10368488543828,74.63835654809756
fairleigh-dickinson_vs_manhattan_20241117,2024-11-17,fairleigh-dickinson,Manhattan,2025,78.04736221913407,76.59520050926467
fairleigh-dickinson_vs_army_20241120,2024-11-20,fairleigh-dickinson,Army,2025,73.36544774605,76.31848443497307
fairleigh-dickinson_vs_saint peter's_20241126,2024-11-26,fairleigh-dickinson,Saint Peter's,2025,69.0054007121372,76.92333808929747
fairleigh-dickinson_vs_fairfield_20241201,2024-12-01,fairleigh-dickinson,Fairfield,2025,70.39331727749457,73.67065525081222
fairleigh-dickinson_vs_fordham_20241204,2024-12-04,fairleigh-dickinson,Fordham,2025,71.71189088711668,77.2870646896956
fairleigh-dickinson_vs_villanova_20241211,2024-12-11,fairleigh-dickinson,Villanova,2025,63.24165719169579,78.86826164309778
fairleigh-dickinson_vs_la salle_20241218,2024-12-18,fairleigh-dickinson,La Salle,2025,72.78024376930433,81.36144334052011
fairleigh-dickinson_vs_minnesota_20241221,2024-12-21,fairleigh-dickinson,Minnesota,2025,65.38414900240198,75.43540576483946
fairleigh-dickinson_vs_boston college_20241228,2024-12-28,fairleigh-dickinson,Boston College,2025,71.63569944687595,77.14621303390236
fairleigh-dickinson_vs_wagner_20250105,2025-01-05,fairleigh-dickinson,Wagner,2025,66.05871678576058,65.7275615398916
fairleigh-dickinson_vs_le moyne_20250110,2025-01-10,fairleigh-dickinson,Le Moyne,2025,76.20121438712864,76.49677309266646
fairleigh-dickinson_vs_saint francis (pa)_20250112,2025-01-12,fairleigh-dickinson,Saint Francis (PA),2025,77.47572423669794,73.56087171746896
fairleigh-dickinson_vs_central connecticut state_20250118,2025-01-18,fairleigh-dickinson,Central Connecticut State,2025,67.35061747991693,70.32605939537967
fairleigh-dickinson_vs_chicago state_20250120,2025-01-20,fairleigh-dickinson,Chicago State,2025,76.93053746877456,67.33586012421948
fairleigh-dickinson_vs_stonehill_20250126,2025-01-26,fairleigh-dickinson,Stonehill,2025,71.40136121749431,72.62508128997402
fairleigh-dickinson_vs_le moyne_20250130,2025-01-30,fairleigh-dickinson,Le Moyne,2025,78.22191394095432,73.4112827870884
fairleigh-dickinson_vs_mercyhurst_20250201,2025-02-01,fairleigh-dickinson,Mercyhurst,2025,71.95639484251147,65.52313778996303
fairleigh-dickinson_vs_central connecticut state_20250206,2025-02-06,fairleigh-dickinson,Central Connecticut State,2025,65.77308446591265,73.45306886601435
fairleigh-dickinson_vs_wagner_20250208,2025-02-08,fairleigh-dickinson,Wagner,2025,67.24593582495287,63.939251964905495
fairleigh-dickinson_vs_chicago state_20250213,2025-02-13,fairleigh-dickinson,Chicago State,2025,73.91125136278171,67.96742315242797
fairleigh-dickinson_vs_liu_20250215,2025-02-15,fairleigh-dickinson,LIU,2025,67.11058093901565,68.10730489583406
fairleigh-dickinson_vs_mercyhurst_20250220,2025-02-20,fairleigh-dickinson,Mercyhurst,2025,69.73793389430631,67.49087438965621
fairleigh-dickinson_vs_saint francis (pa)_20250222,2025-02-22,fairleigh-dickinson,Saint Francis (PA),2025,73.35728714820182,73.13121911183084
fairleigh-dickinson_vs_stonehill_20250227,2025-02-27,fairleigh-dickinson,Stonehill,2025,71.27712310668679,68.87894850044826
fairleigh-dickinson_vs_liu_20250301,2025-03-01,fairleigh-dickinson,LIU,2025,67.73679060722749,66.43022243685215
fairleigh-dickinson_vs_stonehill_20250305,2025-03-05,fairleigh-dickinson,Stonehill,2025,72.50049511126458,68.84952365443031
fairleigh-dickinson_vs_central connecticut state_20250308,2025-03-08,fairleigh-dickinson,Central Connecticut State,2025,65.2762759681842,72.54913122594598
florida_vs_florida a&m_20241119,2024-11-19,florida,Florida A&M,2025,91.5452405551151,60.5585913858851
florida_vs_southern illinois_20241122,2024-11-22,florida,Southern Illinois,2025,82.5302220503341,67.66240789555599
florida_vs_wake forest_20241128,2024-11-28,florida,Wake Forest,2025,79.13636133009214,69.64397400841696
florida_vs_wichita state_20241129,2024-11-29,florida,Wichita State,2025,79.97123570373347,72.44678384652573
florida_vs_virginia_20241204,2024-12-04,florida,Virginia,2025,74.338758228264,62.144186163922335
florida_vs_north carolina_20241217,2024-12-17,florida,North Carolina,2025,83.46579817221092,75.95254000864838
florida_vs_north florida_20241221,2024-12-21,florida,North Florida,2025,90.56755723130871,69.66959575964749
florida_vs_stetson_20241229,2024-12-29,florida,Stetson,2025,92.33405386785371,61.9086659816281
florida_vs_tennessee_20250107,2025-01-07,florida,Tennessee,2025,72.5348211083009,70.57315637384328
florida_vs_missouri_20250114,2025-01-14,florida,Missouri,2025,80.54678623619485,71.3879385746847
florida_vs_texas_20250118,2025-01-18,florida,Texas,2025,78.75389846326865,69.73864801627205
florida_vs_georgia_20250125,2025-01-25,florida,Georgia,2025,78.83174947925485,68.00415495964218
florida_vs_vanderbilt_20250204,2025-02-04,florida,Vanderbilt,2025,82.02616432194685,70.40563724189673
florida_vs_south carolina_20250215,2025-02-15,florida,South Carolina,2025,79.60093067960578,64.6538636386637
florida_vs_oklahoma_20250218,2025-02-18,florida,Oklahoma,2025,81.80491519153604,69.18441283477023
florida_vs_texas a&m_20250301,2025-03-01,florida,Texas A&M,2025,77.72601880559377,69.59302940136503
florida_vs_missouri_20250314,2025-03-14,florida,Missouri,2025,81.2894781343562,73.03507537418825
florida_vs_tennessee_20250316,2025-03-16,florida,Tennessee,2025,72.84684430425119,68.88632256829409
florida_vs_norfolk state_20250321,2025-03-21,florida,Norfolk State,2025,88.52723450765522,65.54783368511794
florida_vs_maryland_20250327,2025-03-27,florida,Maryland,2025,82.05162388119993,74.53720691052175
florida_vs_texas tech_20250329,2025-03-29,florida,Texas Tech,2025,76.54953806999957,71.9728519599958
florida_vs_houston_20250407,2025-04-07,florida,Houston,2025,72.29241665676948,69.19235447399333
florida-am_vs_presbyterian_20241203,2024-12-03,florida-am,Presbyterian,2025,68.89110837240338,73.62406453547763
florida-am_vs_bethune-cookman_20250104,2025-01-04,florida-am,Bethune-Cookman,2025,69.29998227272037,75.14429385888586
florida-am_vs_arkansasâpine bluff_20250118,2025-01-18,florida-am,ArkansasâPine Bluff,2025,77.17513440336012,77.25020704258274
florida-am_vs_mississippi valley state_20250120,2025-01-20,florida-am,Mississippi Valley State,2025,71.67100986164819,59.84617112143585
florida-am_vs_alabama a&m_20250201,2025-02-01,florida-am,Alabama A&M,2025,76.6960180511877,78.55869089049301
florida-am_vs_alabama state_20250203,2025-02-03,florida-am,Alabama State,2025,74.1208632094613,76.60505798131294
florida-am_vs_jackson state_20250215,2025-02-15,florida-am,Jackson State,2025,74.11135368243602,76.03046639906792
florida-am_vs_alcorn state_20250217,2025-02-17,florida-am,Alcorn State,2025,70.12908764850552,68.81039565429954
florida-am_vs_southern_20250303,2025-03-03,florida-am,Southern,2025,71.08997966770677,73.69768523851208
florida-am_vs_jackson state_20250312,2025-03-12,florida-am,Jackson State,2025,72.24115409645533,74.68501374988868
florida-atlantic_vs_liberty_20241116,2024-11-16,florida-atlantic,Liberty,2025,78.03655519051847,74.10292925603311
florida-atlantic_vs_oklahoma state_20241121,2024-11-21,florida-atlantic,Oklahoma State,2025,76.10543902900709,76.68441585110247
florida-atlantic_vs_seton hall_20241124,2024-11-24,florida-atlantic,Seton Hall,2025,71.16967223934157,67.85270341437938
florida-atlantic_vs_florida gulf coast_20241130,2024-11-30,florida-atlantic,Florida Gulf Coast,2025,77.65253922457737,66.34168634068381
florida-atlantic_vs_jacksonville_20241210,2024-12-10,florida-atlantic,Jacksonville,2025,84.60607314373279,74.31001383793306
florida-atlantic_vs_texas state_20241214,2024-12-14,florida-atlantic,Texas State,2025,80.94714068566489,74.24783131311507
florida-atlantic_vs_memphis_20250102,2025-01-02,florida-atlantic,Memphis,2025,76.79439474125363,77.61402319168728
florida-atlantic_vs_uab_20250112,2025-01-12,florida-atlantic,UAB,2025,82.16383657457521,78.90407906122192
florida-atlantic_vs_rice_20250119,2025-01-19,florida-atlantic,Rice,2025,77.81949982879124,72.59775221623455
florida-atlantic_vs_utsa_20250129,2025-01-29,florida-atlantic,UTSA,2025,82.8844405761307,77.02959621525358
florida-atlantic_vs_south florida_20250202,2025-02-02,florida-atlantic,South Florida,2025,80.61282665979418,75.08579357176664
florida-atlantic_vs_charlotte_20250210,2025-02-10,florida-atlantic,Charlotte,2025,80.71063208180911,71.18185468454124
florida-atlantic_vs_wichita state_20250220,2025-02-20,florida-atlantic,Wichita State,2025,81.30457501182535,75.4747454861872
florida-atlantic_vs_north texas_20250227,2025-02-27,florida-atlantic,North Texas,2025,66.96793897407737,68.92462496881633
florida-atlantic_vs_east carolina_20250309,2025-03-09,florida-atlantic,East Carolina,2025,78.90050002654561,76.11752846865181
florida-atlantic_vs_tulane_20250314,2025-03-14,florida-atlantic,Tulane,2025,74.09123321978463,74.39649360636115
florida-atlantic_vs_dayton_20250319,2025-03-19,florida-atlantic,Dayton,2025,73.01474232188798,74.5114188309517
florida-gulf-coast_vs_cal state bakersfield_20241122,2024-11-22,florida-gulf-coast,Cal State Bakersfield,2025,68.80146973722903,68.11162855098648
florida-gulf-coast_vs_northeastern_20241123,2024-11-23,florida-gulf-coast,Northeastern,2025,67.3724950637391,64.5016968386951
florida-gulf-coast_vs_florida international_20241124,2024-11-24,florida-gulf-coast,Florida International,2025,72.01813490049067,67.71609533305065
florida-gulf-coast_vs_furman_20241204,2024-12-04,florida-gulf-coast,Furman,2025,67.33352271609819,69.31523525810461
florida-gulf-coast_vs_north alabama_20250109,2025-01-09,florida-gulf-coast,North Alabama,2025,71.19183624633574,70.39443310879274
florida-gulf-coast_vs_central arkansas_20250111,2025-01-11,florida-gulf-coast,Central Arkansas,2025,79.22575646024416,65.19750219015982
florida-gulf-coast_vs_west georgia_20250116,2025-01-16,florida-gulf-coast,West Georgia,2025,77.11065778690072,64.95339136123305
florida-gulf-coast_vs_queens (nc)_20250118,2025-01-18,florida-gulf-coast,Queens (NC),2025,73.8898025330153,72.81665512818206
florida-gulf-coast_vs_stetson_20250201,2025-02-01,florida-gulf-coast,Stetson,2025,80.3276647260033,67.73270371983332
florida-gulf-coast_vs_eastern kentucky_20250206,2025-02-06,florida-gulf-coast,Eastern Kentucky,2025,77.14367504769253,71.28250328842553
florida-gulf-coast_vs_jacksonville_20250218,2025-02-18,florida-gulf-coast,Jacksonville,2025,71.7091728695314,68.57861980046737
florida-gulf-coast_vs_north florida_20250224,2025-02-24,florida-gulf-coast,North Florida,2025,81.53192962092756,74.41668830457913
florida-gulf-coast_vs_bellarmine_20250226,2025-02-26,florida-gulf-coast,Bellarmine,2025,79.02800364768811,67.89327840645844
florida-gulf-coast_vs_queens (nc)_20250303,2025-03-03,florida-gulf-coast,Queens (NC),2025,73.94479476991722,71.13718772897519
florida-international_vs_howard_20241118,2024-11-18,florida-international,Howard,2025,79.41857440607134,75.57182319455772
florida-international_vs_northeastern_20241122,2024-11-22,florida-international,Northeastern,2025,71.15022105290892,73.81294549372167
florida-international_vs_florida atlantic_20241204,2024-12-04,florida-international,Florida Atlantic,2025,76.66042699036227,80.03839606977493
florida-international_vs_iu indy_20241221,2024-12-21,florida-international,IU Indy,2025,77.33860982407062,71.45091761726137
florida-international_vs_utah tech_20241230,2024-12-30,florida-international,Utah Tech,2025,75.11473273827843,70.6714192771654
florida-international_vs_middle tennessee_20250102,2025-01-02,florida-international,Middle Tennessee,2025,71.48339647531343,77.62777281920937
florida-international_vs_western kentucky_20250104,2025-01-04,florida-international,Western Kentucky,2025,75.20661251022122,77.89226687723607
florida-international_vs_new mexico state_20250116,2025-01-16,florida-international,New Mexico State,2025,69.04093179706717,74.00044273059174
florida-international_vs_utep_20250118,2025-01-18,florida-international,UTEP,2025,67.89654480242477,72.98630359765593
florida-international_vs_liberty_20250125,2025-01-25,florida-international,Liberty,2025,65.56595513987494,72.65462004853283
florida-international_vs_sam houston state_20250206,2025-02-06,florida-international,Sam Houston State,2025,73.46464539090763,74.40425134241259
florida-international_vs_louisiana tech_20250208,2025-02-08,florida-international,Louisiana Tech,2025,69.65544328357514,72.4834301909549
florida-international_vs_kennesaw state_20250227,2025-02-27,florida-international,Kennesaw State,2025,72.22527475935551,77.01329062110923
florida-international_vs_jacksonville state_20250301,2025-03-01,florida-international,Jacksonville State,2025,67.45672001995769,71.74052633765572
florida-international_vs_western kentucky_20250311,2025-03-11,florida-international,Western Kentucky,2025,70.60565167112182,75.3046767314983
florida-international_vs_jacksonville state_20250312,2025-03-12,florida-international,Jacksonville State,2025,66.34926925622828,72.6134629077337
florida-state_vs_florida_20241115,2024-11-15,florida-state,Florida,2025,69.684799587545,74.98278724701049
florida-state_vs_hofstra_20241119,2024-11-19,florida-state,Hofstra,2025,75.43415491717958,69.39874768111565
florida-state_vs_temple_20241122,2024-11-22,florida-state,Temple,2025,71.90764660219205,70.83967137391805
florida-state_vs_massachusetts_20241124,2024-11-24,florida-state,Massachusetts,2025,78.05596332892624,69.87467958793987
florida-state_vs_western carolina_20241126,2024-11-26,florida-state,Western Carolina,2025,82.30873840198127,69.52629612767477
florida-state_vs_tulane_20241214,2024-12-14,florida-state,Tulane,2025,76.3013740351432,70.2624978415272
florida-state_vs_winthrop_20241217,2024-12-17,florida-state,Winthrop,2025,83.60308727584716,72.34257044922497
florida-state_vs_louisville_20241221,2024-12-21,florida-state,Louisville,2025,75.14628401830072,72.15888191728463
florida-state_vs_syracuse_20250104,2025-01-04,florida-state,Syracuse,2025,83.51673957051626,71.4200435442912
florida-state_vs_pittsburgh_20250115,2025-01-15,florida-state,Pittsburgh,2025,73.5382874969136,74.26389737921396
florida-state_vs_georgia tech_20250118,2025-01-18,florida-state,Georgia Tech,2025,79.70383516635863,67.41948165613223
florida-state_vs_virginia tech_20250129,2025-01-29,florida-state,Virginia Tech,2025,77.17830289403324,66.97290417109086
florida-state_vs_notre dame_20250204,2025-02-04,florida-state,Notre Dame,2025,73.38361800777406,70.4840593329575
florida-state_vs_clemson_20250215,2025-02-15,florida-state,Clemson,2025,69.73614526403311,72.71142624584998
florida-state_vs_miami (fl)_20250219,2025-02-19,florida-state,Miami (FL),2025,80.20408479706889,70.84156281266556
florida-state_vs_north carolina_20250224,2025-02-24,florida-state,North Carolina,2025,76.05811805355826,76.51725600971254
florida-state_vs_smu_20250308,2025-03-08,florida-state,SMU,2025,72.94317174805686,76.25942857412912
florida-state_vs_syracuse_20250311,2025-03-11,florida-state,Syracuse,2025,74.46633308538104,72.78955757762076
fordham_vs_drexel_20241122,2024-11-22,fordham,Drexel,2025,70.02950786733722,68.2536987296391
fordham_vs_penn state_20241125,2024-11-25,fordham,Penn State,2025,71.18407045912022,84.58452580603583
fordham_vs_san francisco_20241126,2024-11-26,fordham,San Francisco,2025,68.11886345687479,75.93977732884545
fordham_vs_new hampshire_20241201,2024-12-01,fordham,New Hampshire,2025,76.73023024010246,64.82966830715328
fordham_vs_maine_20241208,2024-12-08,fordham,Maine,2025,74.74749400418108,69.57732227191475
fordham_vs_albany (ny)_20241221,2024-12-21,fordham,Albany (NY),2025,80.11552970544537,73.11534992620565
fordham_vs_saint louis_20241231,2024-12-31,fordham,Saint Louis,2025,77.96800301490057,75.14158136404167
fordham_vs_st. bonaventure_20250104,2025-01-04,fordham,St. Bonaventure,2025,67.01279635427267,74.6384321349443
fordham_vs_massachusetts_20250115,2025-01-15,fordham,Massachusetts,2025,76.3998169938582,74.70593266742301
fordham_vs_duquesne_20250126,2025-01-26,fordham,Duquesne,2025,68.51916841784056,73.67073704084578
fordham_vs_rhode island_20250205,2025-02-05,fordham,Rhode Island,2025,76.68854844719307,76.54812069007244
fordham_vs_dayton_20250212,2025-02-12,fordham,Dayton,2025,70.13214898871269,76.02319735036612
fordham_vs_davidson_20250222,2025-02-22,fordham,Davidson,2025,73.85710659020408,74.40805741175822
fordham_vs_saint joseph's_20250301,2025-03-01,fordham,Saint Joseph's,2025,70.80171217628403,77.45608381269854
fordham_vs_george washington_20250305,2025-03-05,fordham,George Washington,2025,72.58780503203928,75.45271663594194
fordham_vs_rhode island_20250312,2025-03-12,fordham,Rhode Island,2025,72.1860995796453,77.28927671436922
fordham_vs_george washington_20250313,2025-03-13,fordham,George Washington,2025,69.87501429599672,75.43423303917011
fresno-state_vs_washington state_20241127,2024-11-27,fresno-state,Washington State,2025,71.58281617922444,80.63516655455462
fresno-state_vs_san diego state_20241204,2024-12-04,fresno-state,San Diego State,2025,66.67506063747062,76.67670539554867
fresno-state_vs_san diego_20241214,2024-12-14,fresno-state,San Diego,2025,73.21831222188902,69.99546908283341
fresno-state_vs_california baptist_20241221,2024-12-21,fresno-state,California Baptist,2025,73.93139474996697,76.47315027699398
fresno-state_vs_new mexico_20241231,2024-12-31,fresno-state,New Mexico,2025,74.33592215916987,86.13842744817877
fresno-state_vs_nevada_20250111,2025-01-11,fresno-state,Nevada,2025,66.60935702461823,78.08436702663954
fresno-state_vs_air force_20250117,2025-01-17,fresno-state,Air Force,2025,71.43445995827392,67.93114087315938
fresno-state_vs_colorado state_20250125,2025-01-25,fresno-state,Colorado State,2025,70.63631617239052,80.20248981566874
fresno-state_vs_san jose state_20250204,2025-02-04,fresno-state,San Jose State,2025,70.49138441195659,78.78702323078579
fresno-state_vs_utah state_20250207,2025-02-07,fresno-state,Utah State,2025,71.44142332570932,81.11902617778632
fresno-state_vs_unlv_20250215,2025-02-15,fresno-state,UNLV,2025,69.82258818301597,78.02171505048307
fresno-state_vs_boise state_20250301,2025-03-01,fresno-state,Boise State,2025,68.66901129497748,81.61433475270854
fresno-state_vs_wyoming_20250304,2025-03-04,fresno-state,Wyoming,2025,69.90786546055752,74.17714951709245
fresno-state_vs_nevada_20250312,2025-03-12,fresno-state,Nevada,2025,65.60029497300376,74.4269149348726
furman_vs_tulane_20241115,2024-11-15,furman,Tulane,2025,74.62302714792825,74.18130918063352
furman_vs_seattle_20241126,2024-11-26,furman,Seattle,2025,71.16430500747322,71.10532484471744
furman_vs_princeton_20241207,2024-12-07,furman,Princeton,2025,71.08528961204217,71.66156978252695
furman_vs_south carolina state_20241214,2024-12-14,furman,South Carolina State,2025,78.98633605647177,67.75004394041974
furman_vs_wofford_20250113,2025-01-13,furman,Wofford,2025,74.21574361938713,69.57737495626516
furman_vs_east tennessee state_20250115,2025-01-15,furman,East Tennessee State,2025,74.09978413027365,69.28027100603035
furman_vs_chattanooga_20250118,2025-01-18,furman,Chattanooga,2025,75.77796437287161,73.30091955916865
furman_vs_samford_20250129,2025-01-29,furman,Samford,2025,76.49642158914574,77.35794631548617
furman_vs_western carolina_20250205,2025-02-05,furman,Western Carolina,2025,80.43751652862456,67.03989106294695
furman_vs_mercer_20250212,2025-02-12,furman,Mercer,2025,82.06685761270604,75.16378152103738
furman_vs_unc greensboro_20250215,2025-02-15,furman,UNC Greensboro,2025,73.03671740628008,71.96199669227612
furman_vs_vmi_20250222,2025-02-22,furman,VMI,2025,78.9206422846396,68.48366977178333
furman_vs_the citadel_20250226,2025-02-26,furman,The Citadel,2025,80.11797574277355,65.37346466719764
furman_vs_samford_20250308,2025-03-08,furman,Samford,2025,73.5206457072033,76.77445692212913
furman_vs_wofford_20250310,2025-03-10,furman,Wofford,2025,70.79591613490493,71.24902212933688
gardner-webb_vs_elon_20241115,2024-11-15,gardner-webb,Elon,2025,77.16755206758593,75.42139266576035
gardner-webb_vs_southeastern louisiana_20241126,2024-11-26,gardner-webb,Southeastern Louisiana,2025,71.62258911047063,68.57788196529748
gardner-webb_vs_north carolina central_20241207,2024-12-07,gardner-webb,North Carolina Central,2025,76.95326059790514,72.60144415678535
gardner-webb_vs_queens (nc)_20241214,2024-12-14,gardner-webb,Queens (NC),2025,77.40620330321266,70.94793761839344
gardner-webb_vs_presbyterian_20250104,2025-01-04,gardner-webb,Presbyterian,2025,74.48004405699838,70.51567206939836
gardner-webb_vs_winthrop_20250108,2025-01-08,gardner-webb,Winthrop,2025,77.70387069591283,76.94227684738549
gardner-webb_vs_usc upstate_20250118,2025-01-18,gardner-webb,USC Upstate,2025,80.6103558002935,72.091724650483
gardner-webb_vs_unc asheville_20250122,2025-01-22,gardner-webb,UNC Asheville,2025,76.49185494934197,77.02225880979752
gardner-webb_vs_longwood_20250129,2025-01-29,gardner-webb,Longwood,2025,71.68856781879438,73.81823424951881
gardner-webb_vs_charleston southern_20250208,2025-02-08,gardner-webb,Charleston Southern,2025,77.80036702774633,71.03247480237908
gardner-webb_vs_high point_20250222,2025-02-22,gardner-webb,High Point,2025,72.34758003145231,77.5758143126715
gardner-webb_vs_radford_20250226,2025-02-26,gardner-webb,Radford,2025,70.60149319279232,70.90921550927747
gardner-webb_vs_usc upstate_20250305,2025-03-05,gardner-webb,USC Upstate,2025,76.88289758284091,73.46177559801005
gardner-webb_vs_high point_20250307,2025-03-07,gardner-webb,High Point,2025,69.69193745066242,77.8305778656508
george-mason_vs_coppin state_20241120,2024-11-20,george-mason,Coppin State,2025,85.47008820216925,58.07119121951932
george-mason_vs_unc asheville_20241203,2024-12-03,george-mason,UNC Asheville,2025,79.36340513031257,68.77779090841554
george-mason_vs_tulane_20241207,2024-12-07,george-mason,Tulane,2025,76.86980087913533,65.44656355470583
george-mason_vs_pennsylvania_20241222,2024-12-22,george-mason,Pennsylvania,2025,79.44757057270607,60.59222406953785
george-mason_vs_mount st. mary's_20241228,2024-12-28,george-mason,Mount St. Mary's,2025,79.61140798122202,64.51623623109067
george-mason_vs_davidson_20241231,2024-12-31,george-mason,Davidson,2025,73.69204797211175,67.4930926848881
george-mason_vs_richmond_20250108,2025-01-08,george-mason,Richmond,2025,73.75737357958852,61.59261938212176
george-mason_vs_massachusetts_20250111,2025-01-11,george-mason,Massachusetts,2025,75.50700163453976,64.83688237175618
george-mason_vs_george washington_20250118,2025-01-18,george-mason,George Washington,2025,74.39635975170502,63.774513734358294
george-mason_vs_loyola chicago_20250129,2025-01-29,george-mason,Loyola Chicago,2025,74.20062697191986,63.92282075038563
george-mason_vs_rhode island_20250208,2025-02-08,george-mason,Rhode Island,2025,75.36642635268147,63.86169548931025
george-mason_vs_saint joseph's_20250215,2025-02-15,george-mason,Saint Joseph's,2025,71.26685524504502,66.26474695062517
george-mason_vs_fordham_20250226,2025-02-26,george-mason,Fordham,2025,78.65246831855391,64.05034193511729
george-mason_vs_la salle_20250305,2025-03-05,george-mason,La Salle,2025,77.41379055091983,63.00782191988214
george-mason_vs_george washington_20250314,2025-03-14,george-mason,George Washington,2025,67.61485081556684,64.50084982924358
george-mason_vs_saint joseph's_20250315,2025-03-15,george-mason,Saint Joseph's,2025,68.57652207462166,67.8738661637016
george-mason_vs_vcu_20250316,2025-03-16,george-mason,VCU,2025,62.90993833836312,68.7142289257457
george-mason_vs_samford_20250319,2025-03-19,george-mason,Samford,2025,76.61811762050645,67.66600833110678
george-mason_vs_bradley_20250322,2025-03-22,george-mason,Bradley,2025,70.08857909042935,63.632246376945105
georgetown_vs_notre dame_20241116,2024-11-16,georgetown,Notre Dame,2025,73.09286623798823,71.17635314317825
georgetown_vs_mount st. mary's_20241120,2024-11-20,georgetown,Mount St. Mary's,2025,80.9780675583154,68.64993960019716
georgetown_vs_saint francis (pa)_20241123,2024-11-23,georgetown,Saint Francis (PA),2025,82.7527979085052,62.32553048320588
georgetown_vs_wagner_20241126,2024-11-26,georgetown,Wagner,2025,74.00502252554004,60.09388874132832
georgetown_vs_albany (ny)_20241130,2024-11-30,georgetown,Albany (NY),2025,79.06687384355209,64.6302837082879
georgetown_vs_umbc_20241202,2024-12-02,georgetown,UMBC,2025,83.30188485772777,69.50060124388126
georgetown_vs_creighton_20241218,2024-12-18,georgetown,Creighton,2025,72.79341285404323,75.91051811829821
georgetown_vs_coppin state_20241228,2024-12-28,georgetown,Coppin State,2025,84.28953035498058,55.384363746293715
georgetown_vs_xavier_20250103,2025-01-03,georgetown,Xavier,2025,74.86597860855309,71.01997677416428
georgetown_vs_connecticut_20250111,2025-01-11,georgetown,Connecticut,2025,69.48412301200526,68.31099146767214
georgetown_vs_depaul_20250117,2025-01-17,georgetown,DePaul,2025,74.50944348703901,65.99889874633682
georgetown_vs_st. john's (ny)_20250128,2025-01-28,georgetown,St. John's (NY),2025,69.24729946113935,72.99650700388365
georgetown_vs_butler_20250131,2025-01-31,georgetown,Butler,2025,69.39459661570451,67.56578274177109
georgetown_vs_seton hall_20250208,2025-02-08,georgetown,Seton Hall,2025,71.38037170047002,60.646441283869336
georgetown_vs_providence_20250219,2025-02-19,georgetown,Providence,2025,70.5485078595533,67.74978915752916
georgetown_vs_marquette_20250301,2025-03-01,georgetown,Marquette,2025,69.23710937837909,72.02690536806017
georgetown_vs_villanova_20250304,2025-03-04,georgetown,Villanova,2025,67.05993638724992,70.35187004100045
georgetown_vs_washington state_20250331,2025-03-31,georgetown,Washington State,2025,72.079264305296,72.24866279473603
georgetown_vs_nebraska_20250402,2025-04-02,georgetown,Nebraska,2025,68.6683603930783,73.48959384245478
george-washington_vs_njit_20241118,2024-11-18,george-washington,NJIT,2025,82.0530068174839,63.71705212238675
george-washington_vs_kansas state_20241122,2024-11-22,george-washington,Kansas State,2025,70.41032381130921,78.13604664439995
george-washington_vs_louisiana_20241123,2024-11-23,george-washington,Louisiana,2025,74.54993759368861,69.44615989023644
george-washington_vs_illinois state_20241125,2024-11-25,george-washington,Illinois State,2025,71.46696811569392,72.43263146663011
george-washington_vs_vmi_20241129,2024-11-29,george-washington,VMI,2025,84.63540316429417,65.31138595469882
george-washington_vs_army_20241213,2024-12-13,george-washington,Army,2025,81.43325456816439,71.61785186078775
george-washington_vs_lafayette_20241218,2024-12-18,george-washington,Lafayette,2025,76.02945397300132,68.17819654770844
george-washington_vs_dayton_20250104,2025-01-04,george-washington,Dayton,2025,66.4188747822315,74.90017874655238
george-washington_vs_duquesne_20250115,2025-01-15,george-washington,Duquesne,2025,71.99306279582552,68.11599024610138
george-washington_vs_saint louis_20250125,2025-01-25,george-washington,Saint Louis,2025,72.7944794349034,71.62976704125931
george-washington_vs_richmond_20250129,2025-01-29,george-washington,Richmond,2025,76.71738305384937,65.79148710787071
george-washington_vs_george mason_20250205,2025-02-05,george-washington,George Mason,2025,67.1296293594193,68.68798910628536
george-washington_vs_vcu_20250212,2025-02-12,george-washington,VCU,2025,69.97550622963675,72.01782889000555
george-washington_vs_saint joseph's_20250219,2025-02-19,george-washington,Saint Joseph's,2025,70.80950008694315,70.49598090179207
george-washington_vs_massachusetts_20250222,2025-02-22,george-washington,Massachusetts,2025,78.19504919963667,70.90906073202645
george-washington_vs_la salle_20250301,2025-03-01,george-washington,La Salle,2025,78.73453591885956,69.33760889719603
georgia_vs_alabama a&m_20241119,2024-11-19,georgia,Alabama A&M,2025,94.90661462825378,68.6547711167922
georgia_vs_marquette_20241123,2024-11-23,georgia,Marquette,2025,73.24509884825567,74.17614854220128
georgia_vs_st. john's (ny)_20241124,2024-11-24,georgia,St. John's (NY),2025,74.03693292415795,78.83288118366998
georgia_vs_jacksonville_20241130,2024-11-30,georgia,Jacksonville,2025,79.82474257625975,64.59406376824862
georgia_vs_notre dame_20241203,2024-12-03,georgia,Notre Dame,2025,74.8009568971194,66.92775262825127
georgia_vs_grand canyon_20241214,2024-12-14,georgia,Grand Canyon,2025,76.7987910947318,70.97183843538659
georgia_vs_buffalo_20241219,2024-12-19,georgia,Buffalo,2025,89.51745744841958,64.20683249985828
georgia_vs_charleston southern_20241222,2024-12-22,georgia,Charleston Southern,2025,85.97001326788053,63.00240520684886
georgia_vs_south carolina state_20241229,2024-12-29,georgia,South Carolina State,2025,83.98383832065039,61.633711549627236
georgia_vs_kentucky_20250107,2025-01-07,georgia,Kentucky,2025,76.68611025895912,75.55172549484557
georgia_vs_oklahoma_20250111,2025-01-11,georgia,Oklahoma,2025,74.4513425083108,68.53874121177788
georgia_vs_auburn_20250118,2025-01-18,georgia,Auburn,2025,67.43417641099222,71.73323493622141
georgia_vs_south carolina_20250128,2025-01-28,georgia,South Carolina,2025,72.73582969045334,64.05866348506423
georgia_vs_louisiana state_20250205,2025-02-05,georgia,Louisiana State,2025,75.53013156784144,67.06330671273716
georgia_vs_mississippi state_20250208,2025-02-08,georgia,Mississippi State,2025,73.6691019563657,72.08889699791067
georgia_vs_missouri_20250215,2025-02-15,georgia,Missouri,2025,70.18828175721536,70.35264329792359
georgia_vs_florida_20250225,2025-02-25,georgia,Florida,2025,70.93966060959755,73.4171773410137
georgia_vs_vanderbilt_20250308,2025-03-08,georgia,Vanderbilt,2025,78.37524892916417,72.96585325497138
georgia_vs_oklahoma_20250312,2025-03-12,georgia,Oklahoma,2025,74.0074796438296,70.08434136136876
georgia_vs_gonzaga_20250320,2025-03-20,georgia,Gonzaga,2025,75.25449547667549,76.5167144109343
georgia-southern_vs_north carolina central_20241115,2024-11-15,georgia-southern,North Carolina Central,2025,74.59399361977337,71.78104311509418
georgia-southern_vs_william & mary_20241117,2024-11-17,georgia-southern,William & Mary,2025,74.635290686633,77.0617330060581
georgia-southern_vs_west georgia_20241123,2024-11-23,georgia-southern,West Georgia,2025,82.63578474932784,70.41044596198392
georgia-southern_vs_north florida_20241207,2024-12-07,georgia-southern,North Florida,2025,80.33254893023992,78.4747569797378
georgia-southern_vs_gardner-webb_20241217,2024-12-17,georgia-southern,Gardner-Webb,2025,76.84677912789884,73.74548705629944
georgia-southern_vs_louisianaâmonroe_20250102,2025-01-02,georgia-southern,LouisianaâMonroe,2025,80.09679171930355,68.25374967354394
georgia-southern_vs_south alabama_20250104,2025-01-04,georgia-southern,South Alabama,2025,68.19069711981022,72.5675164416103
georgia-southern_vs_coastal carolina_20250123,2025-01-23,georgia-southern,Coastal Carolina,2025,71.63746060792604,71.25298506581676
georgia-southern_vs_marshall_20250125,2025-01-25,georgia-southern,Marshall,2025,72.45294123051781,74.04392904335255
georgia-southern_vs_louisiana_20250205,2025-02-05,georgia-southern,Louisiana,2025,74.66390729322309,71.47522963568807
georgia-southern_vs_james madison_20250213,2025-02-13,georgia-southern,James Madison,2025,71.37756875301557,75.90735644534854
georgia-southern_vs_old dominion_20250215,2025-02-15,georgia-southern,Old Dominion,2025,75.7817878762781,71.7603467956288
georgia-southern_vs_appalachian state_20250225,2025-02-25,georgia-southern,Appalachian State,2025,66.3499894931954,72.23260789604304
georgia-southern_vs_georgia state_20250228,2025-02-28,georgia-southern,Georgia State,2025,77.86561283047426,75.033474183935
georgia-southern_vs_southern mississippi_20250305,2025-03-05,georgia-southern,Southern Mississippi,2025,75.66007195804522,73.75836309501386
georgia-southern_vs_georgia state_20250306,2025-03-06,georgia-southern,Georgia State,2025,74.45362736352932,74.70031884927867
georgia-state_vs_north carolina central_20241122,2024-11-22,georgia-state,North Carolina Central,2025,77.3789753031371,72.69045714707595
georgia-state_vs_tulsa_20241127,2024-11-27,georgia-state,Tulsa,2025,73.84734356654586,78.87141134651237
georgia-state_vs_kennesaw state_20241206,2024-12-06,georgia-state,Kennesaw State,2025,78.1947579082262,75.13318667118229
georgia-state_vs_charlotte_20241214,2024-12-14,georgia-state,Charlotte,2025,70.35342522207725,69.7669186165821
georgia-state_vs_mercer_20241228,2024-12-28,georgia-state,Mercer,2025,76.52125932799606,77.11779219430976
georgia-state_vs_south alabama_20250102,2025-01-02,georgia-state,South Alabama,2025,64.0076950540658,70.88524335645879
georgia-state_vs_louisiana_20250104,2025-01-04,georgia-state,Louisiana,2025,71.1619485361974,71.17383796384503
georgia-state_vs_georgia southern_20250108,2025-01-08,georgia-state,Georgia Southern,2025,76.05272491392839,71.01285278141383
georgia-state_vs_coastal carolina_20250111,2025-01-11,georgia-state,Coastal Carolina,2025,67.6805793913012,66.70578125094349
georgia-state_vs_marshall_20250123,2025-01-23,georgia-state,Marshall,2025,69.21935756730106,74.96173295476706
georgia-state_vs_james madison_20250125,2025-01-25,georgia-state,James Madison,2025,68.35653117994777,74.9365724451565
georgia-state_vs_louisianaâmonroe_20250205,2025-02-05,georgia-state,LouisianaâMonroe,2025,77.21293079091899,71.71417353682678
georgia-state_vs_old dominion_20250213,2025-02-13,georgia-state,Old Dominion,2025,74.1317351994071,72.97834523545524
georgia-state_vs_appalachian state_20250215,2025-02-15,georgia-state,Appalachian State,2025,66.94694988996774,71.42097679351771
georgia-state_vs_marshall_20250307,2025-03-07,georgia-state,Marshall,2025,70.24874507146188,76.09362540388686
georgia-tech_vs_georgia_20241115,2024-11-15,georgia-tech,Georgia,2025,74.69380755630641,79.10663163835669
georgia-tech_vs_cincinnati_20241123,2024-11-23,georgia-tech,Cincinnati,2025,69.80284233688211,79.8845058860496
georgia-tech_vs_charleston southern_20241127,2024-11-27,georgia-tech,Charleston Southern,2025,82.06354962048479,70.83992193523541
georgia-tech_vs_central arkansas_20241130,2024-11-30,georgia-tech,Central Arkansas,2025,85.90893977027447,67.5701766008297
georgia-tech_vs_northwestern_20241215,2024-12-15,georgia-tech,Northwestern,2025,68.75438092434297,73.51079601736441
georgia-tech_vs_umbc_20241218,2024-12-18,georgia-tech,UMBC,2025,80.79649757514916,71.36268076070267
georgia-tech_vs_duke_20241221,2024-12-21,georgia-tech,Duke,2025,64.02630509222962,78.62962901067272
georgia-tech_vs_alabama a&m_20241228,2024-12-28,georgia-tech,Alabama A&M,2025,83.0169781721008,67.51948090892087
georgia-tech_vs_notre dame_20241231,2024-12-31,georgia-tech,Notre Dame,2025,72.57836210564702,72.13744551518683
georgia-tech_vs_boston college_20250104,2025-01-04,georgia-tech,Boston College,2025,75.86331371028972,69.236322081289
georgia-tech_vs_clemson_20250114,2025-01-14,georgia-tech,Clemson,2025,69.99917092372448,74.95965847146043
georgia-tech_vs_virginia tech_20250122,2025-01-22,georgia-tech,Virginia Tech,2025,74.82535240198277,70.2570703839974
georgia-tech_vs_louisville_20250201,2025-02-01,georgia-tech,Louisville,2025,70.34460392473525,78.8449714423386
georgia-tech_vs_stanford_20250212,2025-02-12,georgia-tech,Stanford,2025,72.32017182455417,74.64137792206078
georgia-tech_vs_california_20250215,2025-02-15,georgia-tech,California,2025,76.50747770299067,71.93080518332117
georgia-tech_vs_nc state_20250301,2025-03-01,georgia-tech,NC State,2025,71.90785261580555,68.89730870537143
georgia-tech_vs_miami (fl)_20250304,2025-03-04,georgia-tech,Miami (FL),2025,79.95382071914015,71.44861020073962
georgia-tech_vs_virginia_20250312,2025-03-12,georgia-tech,Virginia,2025,68.40885539375851,66.94520588911637
georgia-tech_vs_jacksonville state_20250318,2025-03-18,georgia-tech,Jacksonville State,2025,73.25258092107957,68.68295729496485
gonzaga_vs_umass lowell_20241115,2024-11-15,gonzaga,UMass Lowell,2025,85.97150371126594,69.29819418301365
gonzaga_vs_long beach state_20241120,2024-11-20,gonzaga,Long Beach State,2025,91.56254946012142,62.21344532817666
gonzaga_vs_west virginia_20241127,2024-11-27,gonzaga,West Virginia,2025,80.3225345089582,70.89551255381497
gonzaga_vs_indiana_20241128,2024-11-28,gonzaga,Indiana,2025,80.60379618893872,73.93895074777033
gonzaga_vs_kentucky_20241207,2024-12-07,gonzaga,Kentucky,2025,83.0771373939118,78.37643577798784
gonzaga_vs_bucknell_20241221,2024-12-21,gonzaga,Bucknell,2025,92.86552420185555,63.467728287846796
gonzaga_vs_ucla_20241228,2024-12-28,gonzaga,UCLA,2025,79.71005986828726,73.55720752598482
gonzaga_vs_portland_20250102,2025-01-02,gonzaga,Portland,2025,93.22427938558353,63.56936540111799
gonzaga_vs_san diego_20250108,2025-01-08,gonzaga,San Diego,2025,89.14743526796,62.24940138054727
gonzaga_vs_washington state_20250111,2025-01-11,gonzaga,Washington State,2025,85.15680828192244,71.4696779681335
gonzaga_vs_santa clara_20250118,2025-01-18,gonzaga,Santa Clara,2025,83.76412594746307,71.67300303101672
gonzaga_vs_oregon state_20250128,2025-01-28,gonzaga,Oregon State,2025,81.33094864385224,72.5738057202175
gonzaga_vs_loyola marymount_20250206,2025-02-06,gonzaga,Loyola Marymount,2025,84.20195734050901,67.87253590666185
gonzaga_vs_san francisco_20250213,2025-02-13,gonzaga,San Francisco,2025,80.07490376320591,71.13868617959159
gonzaga_vs_pepperdine_20250215,2025-02-15,gonzaga,Pepperdine,2025,91.32027133255251,69.04849522774774
gonzaga_vs_san francisco_20250310,2025-03-10,gonzaga,San Francisco,2025,78.93037030519821,71.40726255528534
gonzaga_vs_houston_20250322,2025-03-22,gonzaga,Houston,2025,71.53045317963597,70.96114632216953
grambling_vs_new mexico_20241121,2024-11-21,grambling,New Mexico,2025,70.1217239544557,83.35620896360766
grambling_vs_southern california_20241124,2024-11-24,grambling,Southern California,2025,68.2238826995104,81.87654954375991
grambling_vs_cal poly_20241126,2024-11-26,grambling,Cal Poly,2025,74.08018461780794,75.60074697503269
grambling_vs_pepperdine_20241207,2024-12-07,grambling,Pepperdine,2025,71.24585671999019,71.07301582991686
grambling_vs_southeastern louisiana_20241216,2024-12-16,grambling,Southeastern Louisiana,2025,73.32838910072348,72.14970987254236
grambling_vs_delaware state_20241219,2024-12-19,grambling,Delaware State,2025,72.45304336107199,71.49806728819125
grambling_vs_norfolk state_20241220,2024-12-20,grambling,Norfolk State,2025,69.35949730607956,75.9229379395959
grambling_vs_cincinnati_20241222,2024-12-22,grambling,Cincinnati,2025,62.047029967699274,78.62597782385701
grambling_vs_texas southern_20250106,2025-01-06,grambling,Texas Southern,2025,72.02086969712875,74.3839864767577
grambling_vs_bethune-cookman_20250111,2025-01-11,grambling,Bethune-Cookman,2025,68.25237633208937,70.62657541711481
grambling_vs_florida a&m_20250113,2025-01-13,grambling,Florida A&M,2025,73.5886794986555,69.02264037490461
grambling_vs_southern_20250118,2025-01-18,grambling,Southern,2025,67.79507589343993,78.02908276695787
grambling_vs_mississippi valley state_20250125,2025-01-25,grambling,Mississippi Valley State,2025,69.63657304426452,58.854618513368145
grambling_vs_arkansasâpine bluff_20250127,2025-01-27,grambling,ArkansasâPine Bluff,2025,76.38376918702978,75.00754634190243
grambling_vs_jackson state_20250201,2025-02-01,grambling,Jackson State,2025,72.91365053088526,75.15244007107644
grambling_vs_alcorn state_20250203,2025-02-03,grambling,Alcorn State,2025,68.8489327429648,67.53827726454529
grambling_vs_alabama state_20250208,2025-02-08,grambling,Alabama State,2025,70.3067828731312,77.01054036823294
grambling_vs_alabama a&m_20250210,2025-02-10,grambling,Alabama A&M,2025,76.84209915393708,75.44927446347056
grambling_vs_texas southern_20250215,2025-02-15,grambling,Texas Southern,2025,71.8550295565358,74.26622777280456
grambling_vs_southern_20250222,2025-02-22,grambling,Southern,2025,68.07155917145785,73.37387108274375
grambling_vs_florida a&m_20250301,2025-03-01,grambling,Florida A&M,2025,69.72374953483892,73.81525448664848
grambling_vs_bethune-cookman_20250303,2025-03-03,grambling,Bethune-Cookman,2025,67.333826393178,70.71645330984884
grambling_vs_alabama a&m_20250306,2025-03-06,grambling,Alabama A&M,2025,78.25547395955351,70.85837311055758
grambling_vs_alabama state_20250308,2025-03-08,grambling,Alabama State,2025,71.73993226766981,72.07654854578409
grambling_vs_alabama a&m_20250311,2025-03-11,grambling,Alabama A&M,2025,74.24545333339584,67.76362801408641
grambling_vs_southern_20250312,2025-03-12,grambling,Southern,2025,65.2052258837409,71.54021122654524
grambling_vs_alabama state_20250314,2025-03-14,grambling,Alabama State,2025,68.18110490952644,71.83712950899645
grand-canyon_vs_uc davis_20241120,2024-11-20,grand-canyon,UC Davis,2025,81.74187904015457,67.88285003648228
grand-canyon_vs_norfolk state_20241122,2024-11-22,grand-canyon,Norfolk State,2025,78.74802473416068,66.73186061548141
grand-canyon_vs_stanford_20241126,2024-11-26,grand-canyon,Stanford,2025,69.69702722617286,70.66169646381321
grand-canyon_vs_hawaii_20241203,2024-12-03,grand-canyon,Hawaii,2025,75.70725696682605,65.53006655730286
grand-canyon_vs_chicago state_20241219,2024-12-19,grand-canyon,Chicago State,2025,85.65713578148436,61.4765359192312
grand-canyon_vs_saint louis_20241222,2024-12-22,grand-canyon,Saint Louis,2025,80.93341662082038,69.90437728512606
grand-canyon_vs_bryant_20241230,2024-12-30,grand-canyon,Bryant,2025,82.04069487876772,72.80913683764676
grand-canyon_vs_southern utah_20250104,2025-01-04,grand-canyon,Southern Utah,2025,79.80025153520086,69.72316428773307
grand-canyon_vs_abilene christian_20250116,2025-01-16,grand-canyon,Abilene Christian,2025,78.43705295278266,65.87466236672844
grand-canyon_vs_tarleton state_20250118,2025-01-18,grand-canyon,Tarleton State,2025,78.17894177874535,61.91176176785023
grand-canyon_vs_seattle_20250130,2025-01-30,grand-canyon,Seattle,2025,78.39742398352655,68.4827271425392
grand-canyon_vs_utah valley_20250201,2025-02-01,grand-canyon,Utah Valley,2025,75.49623420759124,69.3544867533606
grand-canyon_vs_california baptist_20250222,2025-02-22,grand-canyon,California Baptist,2025,78.96864674882472,70.8063872518336
grand-canyon_vs_ut arlington_20250227,2025-02-27,grand-canyon,UT Arlington,2025,82.41209721502894,68.07020432324299
grand-canyon_vs_utah tech_20250306,2025-03-06,grand-canyon,Utah Tech,2025,84.00003497705426,66.11231301908563
grand-canyon_vs_ut arlington_20250312,2025-03-12,grand-canyon,UT Arlington,2025,79.67677030835068,70.62058108289234
grand-canyon_vs_utah valley_20250315,2025-03-15,grand-canyon,Utah Valley,2025,70.11840290883903,71.70499179700384
grand-canyon_vs_maryland_20250321,2025-03-21,grand-canyon,Maryland,2025,69.62742325499664,82.01476727858659
green-bay_vs_siu edwardsville_20241119,2024-11-19,green-bay,SIU Edwardsville,2025,78.52657033264424,75.97071409117959
green-bay_vs_campbell_20241130,2024-11-30,green-bay,Campbell,2025,76.68524053426063,73.37060964639056
green-bay_vs_cleveland state_20241207,2024-12-07,green-bay,Cleveland State,2025,70.67010109361607,70.36113079694432
green-bay_vs_milwaukee_20241211,2024-12-11,green-bay,Milwaukee,2025,74.99873337408492,82.26611272066337
green-bay_vs_robert morris_20250117,2025-01-17,green-bay,Robert Morris,2025,70.51820866009433,74.67207387147445
green-bay_vs_youngstown state_20250119,2025-01-19,green-bay,Youngstown State,2025,67.82804542432834,75.68178384161268
green-bay_vs_iu indy_20250122,2025-01-22,green-bay,IU Indy,2025,72.24283011938897,75.58055316816447
green-bay_vs_northern kentucky_20250214,2025-02-14,green-bay,Northern Kentucky,2025,68.55157149153732,73.0365820495419
green-bay_vs_wright state_20250216,2025-02-16,green-bay,Wright State,2025,69.55829261579184,79.47119118487022
green-bay_vs_detroit mercy_20250227,2025-02-27,green-bay,Detroit Mercy,2025,71.90380949978417,69.82907297359557
green-bay_vs_oakland_20250301,2025-03-01,green-bay,Oakland,2025,68.61941079432981,74.52089926476997
hampton_vs_norfolk state_20241116,2024-11-16,hampton,Norfolk State,2025,73.15876648294652,74.70714559828743
hampton_vs_high point_20241126,2024-11-26,hampton,High Point,2025,64.38765134716043,73.82029405967646
hampton_vs_north carolina a&t_20241203,2024-12-03,hampton,North Carolina A&T,2025,74.69384790013743,72.69753896294772
hampton_vs_howard_20241228,2024-12-28,hampton,Howard,2025,76.60510722768532,74.11220522668901
hampton_vs_campbell_20250109,2025-01-09,hampton,Campbell,2025,71.65592468369974,67.96957413507766
hampton_vs_delaware_20250111,2025-01-11,hampton,Delaware,2025,75.34781650271856,75.07940544265198
hampton_vs_william & mary_20250116,2025-01-16,hampton,William & Mary,2025,77.0279608016759,75.28981496424832
hampton_vs_northeastern_20250130,2025-01-30,hampton,Northeastern,2025,68.2017657735044,70.84786398660641
hampton_vs_howard_20250201,2025-02-01,hampton,Howard,2025,75.38734163226759,74.33958033186991
hampton_vs_drexel_20250213,2025-02-13,hampton,Drexel,2025,67.01437024973366,69.07540903522867
hampton_vs_hofstra_20250215,2025-02-15,hampton,Hofstra,2025,68.08748350088419,66.8322338059651
hampton_vs_unc wilmington_20250222,2025-02-22,hampton,UNC Wilmington,2025,72.61885952665334,75.45731982526506
hampton_vs_stony brook_20250224,2025-02-24,hampton,Stony Brook,2025,74.92833287863319,68.88956917932832
hampton_vs_northeastern_20250308,2025-03-08,hampton,Northeastern,2025,68.38277113373526,69.55644847519848
hampton_vs_unc wilmington_20250309,2025-03-09,hampton,UNC Wilmington,2025,69.35537829331315,73.75264992848237
harvard_vs_colgate_20241122,2024-11-22,harvard,Colgate,2025,72.40178670624044,72.32846417928853
harvard_vs_massachusetts_20241127,2024-11-27,harvard,Massachusetts,2025,74.79559519137962,75.17539492929255
harvard_vs_furman_20241221,2024-12-21,harvard,Furman,2025,68.60885520617308,72.48901389958914
harvard_vs_princeton_20250111,2025-01-11,harvard,Princeton,2025,68.86034026327756,74.59113318967171
harvard_vs_pennsylvania_20250120,2025-01-20,harvard,Pennsylvania,2025,73.09417313357422,65.94000749018723
harvard_vs_cornell_20250214,2025-02-14,harvard,Cornell,2025,72.69292235873593,79.36990628641965
harvard_vs_columbia_20250215,2025-02-15,harvard,Columbia,2025,74.75391055539914,73.30970631837934
harvard_vs_brown_20250228,2025-02-28,harvard,Brown,2025,71.673405747571,72.27044162461158
harvard_vs_yale_20250301,2025-03-01,harvard,Yale,2025,67.42720091111454,78.13236635291105
harvard_vs_dartmouth_20250308,2025-03-08,harvard,Dartmouth,2025,72.77247168671798,73.89793070681452
hawaii_vs_weber state_20241117,2024-11-17,hawaii,Weber State,2025,69.035466494269,67.28644247195498
hawaii_vs_north carolina_20241123,2024-11-23,hawaii,North Carolina,2025,71.51324876592142,84.04590952384338
hawaii_vs_texas a&mâcorpus christi_20241215,2024-12-15,hawaii,Texas A&MâCorpus Christi,2025,72.0491767751703,73.16284980574923
hawaii_vs_charlotte_20241222,2024-12-22,hawaii,Charlotte,2025,71.33185539482577,68.06854281120263
hawaii_vs_nebraska_20241223,2024-12-23,hawaii,Nebraska,2025,68.73961976568377,76.80397328250146
hawaii_vs_oakland_20241225,2024-12-25,hawaii,Oakland,2025,70.72801573493082,67.16026519828687
hawaii_vs_uc santa barbara_20250103,2025-01-03,hawaii,UC Santa Barbara,2025,68.61400376430738,68.81031644215302
hawaii_vs_cal poly_20250105,2025-01-05,hawaii,Cal Poly,2025,78.41215329640008,73.00928314925136
hawaii_vs_cal state northridge_20250117,2025-01-17,hawaii,Cal State Northridge,2025,73.54392851361503,74.3615358300951
hawaii_vs_cal state bakersfield_20250119,2025-01-19,hawaii,Cal State Bakersfield,2025,72.77701991875267,68.34983078363979
hawaii_vs_cal state fullerton_20250202,2025-02-02,hawaii,Cal State Fullerton,2025,72.15080284508353,61.61886288769381
hawaii_vs_long beach state_20250214,2025-02-14,hawaii,Long Beach State,2025,74.06331963592135,67.08913179176702
hawaii_vs_uc irvine_20250216,2025-02-16,hawaii,UC Irvine,2025,66.47529172511096,72.61584424006233
hawaii_vs_uc riverside_20250228,2025-02-28,hawaii,UC Riverside,2025,71.45210365567407,74.21556775145817
hawaii_vs_uc davis_20250302,2025-03-02,hawaii,UC Davis,2025,68.00329337492512,66.51580432847943
high-point_vs_uab_20241115,2024-11-15,high-point,UAB,2025,74.7694740421959,73.8403930855314
high-point_vs_american_20241118,2024-11-18,high-point,American,2025,76.93900428930708,62.928202334510274
high-point_vs_missouri state_20241124,2024-11-24,high-point,Missouri State,2025,80.47130765937204,70.05070865354234
high-point_vs_old dominion_20241125,2024-11-25,high-point,Old Dominion,2025,79.21721231603372,68.14319156526719
high-point_vs_north texas_20241206,2024-12-06,high-point,North Texas,2025,65.75245661496848,65.0010175249085
high-point_vs_norfolk state_20241229,2024-12-29,high-point,Norfolk State,2025,74.43508591191589,70.57817316599451
high-point_vs_radford_20250102,2025-01-02,high-point,Radford,2025,74.52979805582676,70.10074519457314
high-point_vs_gardner-webb_20250111,2025-01-11,high-point,Gardner-Webb,2025,78.77993117669412,69.32254286057467
high-point_vs_presbyterian_20250118,2025-01-18,high-point,Presbyterian,2025,79.22379533789348,69.3654544386303
high-point_vs_winthrop_20250125,2025-01-25,high-point,Winthrop,2025,84.31421465615715,74.41595126421896
high-point_vs_unc asheville_20250208,2025-02-08,high-point,UNC Asheville,2025,80.11543492647729,73.33466273522525
high-point_vs_longwood_20250213,2025-02-13,high-point,Longwood,2025,80.94052043767691,72.43060392553215
high-point_vs_charleston southern_20250219,2025-02-19,high-point,Charleston Southern,2025,83.13248242710168,68.33474063372326
high-point_vs_usc upstate_20250226,2025-02-26,high-point,USC Upstate,2025,89.40765624633522,70.03762296785428
high-point_vs_radford_20250308,2025-03-08,high-point,Radford,2025,75.39333295236035,69.83024775385363
high-point_vs_winthrop_20250309,2025-03-09,high-point,Winthrop,2025,81.69951603262267,74.00265422782043
high-point_vs_purdue_20250320,2025-03-20,high-point,Purdue,2025,69.0325244069881,72.95320350618529
hofstra_vs_rice_20241129,2024-11-29,hofstra,Rice,2025,69.22317672568218,68.30212480165443
hofstra_vs_tarleton state_20241130,2024-11-30,hofstra,Tarleton State,2025,74.39963324291315,61.02479353674704
hofstra_vs_temple_20241215,2024-12-15,hofstra,Temple,2025,73.51743449895403,73.14652587937952
hofstra_vs_william & mary_20250102,2025-01-02,hofstra,William & Mary,2025,78.3876109259073,71.66301680207528
hofstra_vs_college of charleston_20250109,2025-01-09,hofstra,College of Charleston,2025,71.1783570591888,73.04749371229317
hofstra_vs_unc wilmington_20250111,2025-01-11,hofstra,UNC Wilmington,2025,69.88223869789502,71.37275791946644
hofstra_vs_delaware_20250123,2025-01-23,hofstra,Delaware,2025,74.48621624247413,71.42927062700545
hofstra_vs_campbell_20250125,2025-01-25,hofstra,Campbell,2025,69.76924172557645,62.21734763298218
hofstra_vs_northeastern_20250206,2025-02-06,hofstra,Northeastern,2025,68.25767325843876,66.5318655428208
hofstra_vs_stony brook_20250208,2025-02-08,hofstra,Stony Brook,2025,71.90732547657414,62.47477414710932
hofstra_vs_monmouth_20250220,2025-02-20,hofstra,Monmouth,2025,70.68552654050687,66.12472593457645
hofstra_vs_north carolina a&t_20250301,2025-03-01,hofstra,North Carolina A&T,2025,72.02748892037953,64.31999124726559
hofstra_vs_north carolina a&t_20250307,2025-03-07,hofstra,North Carolina A&T,2025,70.22581405661182,63.758300315415894
hofstra_vs_monmouth_20250308,2025-03-08,hofstra,Monmouth,2025,69.1046959627648,65.89670070639099
holy-cross_vs_sacred heart_20241115,2024-11-15,holy-cross,Sacred Heart,2025,74.5488913413949,74.25780668193778
holy-cross_vs_new hampshire_20241117,2024-11-17,holy-cross,New Hampshire,2025,71.18639436647358,66.86176889533279
holy-cross_vs_harvard_20241204,2024-12-04,holy-cross,Harvard,2025,70.00159881648968,67.28439399690127
holy-cross_vs_central connecticut state_20241207,2024-12-07,holy-cross,Central Connecticut State,2025,67.13911334416905,67.0088867489573
holy-cross_vs_loyola (md)_20250102,2025-01-02,holy-cross,Loyola (MD),2025,71.49006679518595,66.28317626560239
holy-cross_vs_navy_20250108,2025-01-08,holy-cross,Navy,2025,72.4796441246638,69.27144729701111
holy-cross_vs_american_20250118,2025-01-18,holy-cross,American,2025,69.24434414039959,66.96826880612936
holy-cross_vs_army_20250122,2025-01-22,holy-cross,Army,2025,72.00263910226768,72.75916165767605
holy-cross_vs_lehigh_20250201,2025-02-01,holy-cross,Lehigh,2025,71.8402934066993,66.77457464165049
holy-cross_vs_boston university_20250208,2025-02-08,holy-cross,Boston University,2025,67.52860519089798,65.15134568954018
holy-cross_vs_colgate_20250212,2025-02-12,holy-cross,Colgate,2025,69.38168020461642,71.24630399898498
holy-cross_vs_lafayette_20250219,2025-02-19,holy-cross,Lafayette,2025,69.2728284642314,65.74220505759631
holy-cross_vs_bucknell_20250301,2025-03-01,holy-cross,Bucknell,2025,69.11349558894617,72.77728595720525
houston_vs_hofstra_20241122,2024-11-22,houston,Hofstra,2025,82.66065080155091,57.575405155503695
houston_vs_notre dame_20241128,2024-11-28,houston,Notre Dame,2025,76.38306710741958,65.65697361671657
houston_vs_san diego state_20241130,2024-11-30,houston,San Diego State,2025,72.70583001388474,62.849628289417694
houston_vs_butler_20241207,2024-12-07,houston,Butler,2025,73.60019557987815,62.95411480772267
houston_vs_troy_20241210,2024-12-10,houston,Troy,2025,80.19556203215323,61.071950158927685
houston_vs_toledo_20241218,2024-12-18,houston,Toledo,2025,83.88814921935517,61.7604148879083
houston_vs_texas a&mâcorpus christi_20241221,2024-12-21,houston,Texas A&MâCorpus Christi,2025,81.94706228331846,61.844012991604174
houston_vs_brigham young_20250104,2025-01-04,houston,Brigham Young,2025,72.2126120846558,64.48796966920473
houston_vs_tcu_20250106,2025-01-06,houston,TCU,2025,71.79015103964905,58.98095358258695
houston_vs_west virginia_20250115,2025-01-15,houston,West Virginia,2025,72.36526289542097,60.09770396824245
houston_vs_utah_20250122,2025-01-22,houston,Utah,2025,73.55687090470342,60.544024661664395
houston_vs_texas tech_20250201,2025-02-01,houston,Texas Tech,2025,71.76150020007442,63.11260276570216
houston_vs_oklahoma state_20250204,2025-02-04,houston,Oklahoma State,2025,80.2724041799904,58.45465450443332
houston_vs_baylor_20250210,2025-02-10,houston,Baylor,2025,74.56990371828763,64.0295793112108
houston_vs_iowa state_20250222,2025-02-22,houston,Iowa State,2025,73.851993433452,65.98362334620694
houston_vs_cincinnati_20250301,2025-03-01,houston,Cincinnati,2025,71.64938290118558,59.81823927967207
houston_vs_kansas_20250303,2025-03-03,houston,Kansas,2025,72.11714812820075,62.20936158707219
houston_vs_siu edwardsville_20250320,2025-03-20,houston,SIU Edwardsville,2025,82.09585384147897,54.26192810349016
houston_vs_purdue_20250328,2025-03-28,houston,Purdue,2025,70.46355118696204,64.82037254298812
houston_vs_tennessee_20250330,2025-03-30,houston,Tennessee,2025,66.47778297106873,64.27117171911586
howard_vs_mount st. mary's_20241130,2024-11-30,howard,Mount St. Mary's,2025,77.24251093025751,75.87012001948139
howard_vs_unc wilmington_20241214,2024-12-14,howard,UNC Wilmington,2025,75.75476595213439,78.90253927904368
howard_vs_drexel_20241217,2024-12-17,howard,Drexel,2025,72.07737977275208,74.08702399208056
howard_vs_delaware state_20250104,2025-01-04,howard,Delaware State,2025,79.45179990611645,74.64114286293736
howard_vs_morgan state_20250111,2025-01-11,howard,Morgan State,2025,82.92567235332139,75.6695908258841
howard_vs_coppin state_20250113,2025-01-13,howard,Coppin State,2025,80.87277456358466,63.182752331837484
howard_vs_south carolina state_20250203,2025-02-03,howard,South Carolina State,2025,77.56053185613983,76.81330388305672
howard_vs_north carolina central_20250208,2025-02-08,howard,North Carolina Central,2025,79.75540940552342,78.40782845276999
howard_vs_maryland eastern shore_20250217,2025-02-17,howard,Maryland Eastern Shore,2025,79.46662442332344,71.59891158134462
howard_vs_norfolk state_20250306,2025-03-06,howard,Norfolk State,2025,74.83932389865242,78.90559530357866
howard_vs_morgan state_20250313,2025-03-13,howard,Morgan State,2025,77.34987691883786,74.08073585132085
idaho_vs_southern utah_20241123,2024-11-23,idaho,Southern Utah,2025,71.67193439470289,77.36238049906956
idaho_vs_uc riverside_20241130,2024-11-30,idaho,UC Riverside,2025,76.40427509094242,75.49677403117465
idaho_vs_montana state_20250102,2025-01-02,idaho,Montana State,2025,73.25121474021624,72.98598332510402
idaho_vs_montana_20250104,2025-01-04,idaho,Montana,2025,75.29061517657479,76.2327825181529
idaho_vs_eastern washington_20250118,2025-01-18,idaho,Eastern Washington,2025,76.67093423500795,73.71301239582777
idaho_vs_northern colorado_20250123,2025-01-23,idaho,Northern Colorado,2025,74.98889274724853,75.49003587231087
idaho_vs_northern arizona_20250125,2025-01-25,idaho,Northern Arizona,2025,74.94827425622879,73.70363183417145
idaho_vs_portland state_20250206,2025-02-06,idaho,Portland State,2025,73.69445808840463,72.96248430644548
idaho_vs_sacramento state_20250208,2025-02-08,idaho,Sacramento State,2025,76.14088140892123,63.481117154701124
idaho_vs_idaho state_20250227,2025-02-27,idaho,Idaho State,2025,74.7583505423273,71.3378629447605
idaho_vs_weber state_20250301,2025-03-01,idaho,Weber State,2025,77.24093224041323,73.0489415462741
idaho_vs_portland state_20250310,2025-03-10,idaho,Portland State,2025,68.16030635896338,72.20138893328608
idaho_vs_montana_20250311,2025-03-11,idaho,Montana,2025,71.03702331125746,74.02257719783351
idaho-state_vs_oral roberts_20241207,2024-12-07,idaho-state,Oral Roberts,2025,72.0679379468173,70.82455871939548
idaho-state_vs_utah valley_20241218,2024-12-18,idaho-state,Utah Valley,2025,69.73107746538342,70.4872556678577
idaho-state_vs_weber state_20250111,2025-01-11,idaho-state,Weber State,2025,71.8393300665554,71.43964882129053
idaho-state_vs_montana state_20250116,2025-01-16,idaho-state,Montana State,2025,69.06161372609225,70.53419334257768
idaho-state_vs_montana_20250118,2025-01-18,idaho-state,Montana,2025,71.90906630915643,71.84020911335892
idaho-state_vs_eastern washington_20250130,2025-01-30,idaho-state,Eastern Washington,2025,72.49018168220213,69.98038396932975
idaho-state_vs_idaho_20250201,2025-02-01,idaho-state,Idaho,2025,73.39557650859861,71.10199621422399
idaho-state_vs_northern colorado_20250203,2025-02-03,idaho-state,Northern Colorado,2025,72.09465317928395,73.85335611102386
idaho-state_vs_portland state_20250220,2025-02-20,idaho-state,Portland State,2025,71.62257979698013,71.79647634020502
idaho-state_vs_sacramento state_20250222,2025-02-22,idaho-state,Sacramento State,2025,73.33422646286445,63.401186648490956
idaho-state_vs_northern arizona_20250303,2025-03-03,idaho-state,Northern Arizona,2025,74.78872832072433,69.87182147669714
idaho-state_vs_montana state_20250310,2025-03-10,idaho-state,Montana State,2025,71.40975045689567,69.98276829576099
illinois_vs_maryland eastern shore_20241123,2024-11-23,illinois,Maryland Eastern Shore,2025,89.64505280139628,61.31307724103192
illinois_vs_little rock_20241125,2024-11-25,illinois,Little Rock,2025,87.32946121838367,63.391295783418684
illinois_vs_wisconsin_20241210,2024-12-10,illinois,Wisconsin,2025,82.95950588068038,73.22968896168655
illinois_vs_tennessee_20241214,2024-12-14,illinois,Tennessee,2025,71.45393213535282,69.92696259951951
illinois_vs_missouri_20241222,2024-12-22,illinois,Missouri,2025,81.938326904858,74.3299823481503
illinois_vs_chicago state_20241229,2024-12-29,illinois,Chicago State,2025,90.31085162840354,58.73359823357427
illinois_vs_penn state_20250108,2025-01-08,illinois,Penn State,2025,83.15543322559996,76.19727344557587
illinois_vs_southern california_20250111,2025-01-11,illinois,Southern California,2025,82.69343684117008,70.60724354015164
illinois_vs_maryland_20250123,2025-01-23,illinois,Maryland,2025,82.56466073656327,73.81328449140665
illinois_vs_northwestern_20250126,2025-01-26,illinois,Northwestern,2025,83.08347623868885,71.1662988862828
illinois_vs_ohio state_20250202,2025-02-02,illinois,Ohio State,2025,83.99646028740723,72.64605720179209
illinois_vs_ucla_20250211,2025-02-11,illinois,UCLA,2025,80.2726183388842,71.6923401511048
illinois_vs_michigan state_20250215,2025-02-15,illinois,Michigan State,2025,81.17326444535144,74.3482768415908
illinois_vs_iowa_20250225,2025-02-25,illinois,Iowa,2025,85.06024264360065,74.26962293055674
illinois_vs_purdue_20250307,2025-03-07,illinois,Purdue,2025,79.54421397573977,73.5319115547897
illinois_vs_iowa_20250313,2025-03-13,illinois,Iowa,2025,83.50519025676135,74.67588231844259
illinois_vs_maryland_20250314,2025-03-14,illinois,Maryland,2025,80.92508316081458,76.98668866977181
illinois_vs_xavier_20250321,2025-03-21,illinois,Xavier,2025,81.43178975639896,74.75506923267196
illinois_vs_kentucky_20250323,2025-03-23,illinois,Kentucky,2025,82.028164851535,78.67908502625819
illinois-chicago_vs_james madison_20241121,2024-11-21,illinois-chicago,James Madison,2025,73.76190644761574,75.29529015456363
illinois-chicago_vs_la salle_20241122,2024-11-22,illinois-chicago,La Salle,2025,72.24179576801333,75.79647241957707
illinois-chicago_vs_northern iowa_20241204,2024-12-04,illinois-chicago,Northern Iowa,2025,72.43295314483296,73.22683801820769
illinois-chicago_vs_dartmouth_20241208,2024-12-08,illinois-chicago,Dartmouth,2025,82.4719527033628,71.31854998187545
illinois-chicago_vs_drake_20250101,2025-01-01,illinois-chicago,Drake,2025,65.3487117354175,71.42204573145789
illinois-chicago_vs_bradley_20250111,2025-01-11,illinois-chicago,Bradley,2025,72.35465859143191,75.88797266840726
illinois-chicago_vs_murray state_20250115,2025-01-15,illinois-chicago,Murray State,2025,73.97227208786116,71.62723563499235
illinois-chicago_vs_southern illinois_20250125,2025-01-25,illinois-chicago,Southern Illinois,2025,78.67166524244783,71.78687801027047
illinois-chicago_vs_indiana state_20250201,2025-02-01,illinois-chicago,Indiana State,2025,85.83405759199042,75.40258815752439
illinois-chicago_vs_illinois state_20250205,2025-02-05,illinois-chicago,Illinois State,2025,75.22457269485902,73.49272123300803
illinois-chicago_vs_missouri state_20250216,2025-02-16,illinois-chicago,Missouri State,2025,76.83537953492377,71.05476014239284
illinois-chicago_vs_evansville_20250222,2025-02-22,illinois-chicago,Evansville,2025,75.72063061222305,69.91793705519065
illinois-chicago_vs_valparaiso_20250302,2025-03-02,illinois-chicago,Valparaiso,2025,79.9593214164816,73.04458127670021
illinois-chicago_vs_valparaiso_20250306,2025-03-06,illinois-chicago,Valparaiso,2025,76.03397026438194,73.05711095373167
illinois-state_vs_mcneese state_20241122,2024-11-22,illinois-state,McNeese State,2025,69.08352335669058,76.06779096551249
illinois-state_vs_pacific_20241207,2024-12-07,illinois-state,Pacific,2025,77.55679938440908,69.61957898914581
illinois-state_vs_saint louis_20241215,2024-12-15,illinois-state,Saint Louis,2025,75.07876355976111,76.27562465545171
illinois-state_vs_northern illinois_20241218,2024-12-18,illinois-state,Northern Illinois,2025,79.65072515381523,63.17647931576747
illinois-state_vs_illinoisâchicago_20241229,2024-12-29,illinois-state,IllinoisâChicago,2025,78.07618641424406,75.37500095714655
illinois-state_vs_southern illinois_20250105,2025-01-05,illinois-state,Southern Illinois,2025,77.4908562498907,67.52642139359264
illinois-state_vs_northern iowa_20250111,2025-01-11,illinois-state,Northern Iowa,2025,72.17635016537406,69.55246342284111
illinois-state_vs_missouri state_20250118,2025-01-18,illinois-state,Missouri State,2025,78.83035990959475,65.6935447406422
illinois-state_vs_indiana state_20250121,2025-01-21,illinois-state,Indiana State,2025,80.38517568270738,74.80818260628108
illinois-state_vs_belmont_20250129,2025-01-29,illinois-state,Belmont,2025,75.91538680749301,73.26594174909968
illinois-state_vs_valparaiso_20250201,2025-02-01,illinois-state,Valparaiso,2025,80.02841207689764,69.57362774515636
illinois-state_vs_drake_20250212,2025-02-12,illinois-state,Drake,2025,66.33092053575717,69.24150262066478
illinois-state_vs_bradley_20250219,2025-02-19,illinois-state,Bradley,2025,72.75902687132516,73.49966692518714
illinois-state_vs_evansville_20250302,2025-03-02,illinois-state,Evansville,2025,76.22042597168732,62.132526898198975
illinois-state_vs_missouri state_20250306,2025-03-06,illinois-state,Missouri State,2025,73.20740008792963,67.56766705569942
illinois-state_vs_presbyterian_20250323,2025-03-23,illinois-state,Presbyterian,2025,74.41889259841935,68.83757919531696
illinois-state_vs_incarnate word_20250325,2025-03-25,illinois-state,Incarnate Word,2025,74.43882281071122,68.33084473235029
incarnate-word_vs_arkansasâpine bluff_20241116,2024-11-16,incarnate-word,ArkansasâPine Bluff,2025,78.38895768865713,69.59498815712558
incarnate-word_vs_western illinois_20241127,2024-11-27,incarnate-word,Western Illinois,2025,67.92582585480753,64.1547120061568
incarnate-word_vs_northwestern state_20241205,2024-12-05,incarnate-word,Northwestern State,2025,71.26150920796476,65.47851429981824
incarnate-word_vs_texas a&mâcommerce_20241207,2024-12-07,incarnate-word,Texas A&MâCommerce,2025,77.4213651343876,67.38467598041301
incarnate-word_vs_texas a&mâcorpus christi_20250118,2025-01-18,incarnate-word,Texas A&MâCorpus Christi,2025,71.24207262989643,75.89513346091536
incarnate-word_vs_southeastern louisiana_20250208,2025-02-08,incarnate-word,Southeastern Louisiana,2025,70.02896338927161,69.69086018934946
incarnate-word_vs_new orleans_20250210,2025-02-10,incarnate-word,New Orleans,2025,77.51455422464016,71.05736570698063
incarnate-word_vs_stephen f. austin_20250222,2025-02-22,incarnate-word,Stephen F. Austin,2025,68.35972294658787,65.60611364314528
incarnate-word_vs_lamar_20250224,2025-02-24,incarnate-word,Lamar,2025,67.17864104195723,68.1453197634165
incarnate-word_vs_southeastern louisiana_20250309,2025-03-09,incarnate-word,Southeastern Louisiana,2025,68.48926886830746,69.9515853116373
incarnate-word_vs_manhattan_20250323,2025-03-23,incarnate-word,Manhattan,2025,71.28943617619642,71.52717763059809
incarnate-word_vs_jacksonville_20250324,2025-03-24,incarnate-word,Jacksonville,2025,66.5566691859909,67.7418401385252
indiana_vs_south carolina_20241116,2024-11-16,indiana,South Carolina,2025,79.46037119881602,70.39824578445877
indiana_vs_unc greensboro_20241121,2024-11-21,indiana,UNC Greensboro,2025,82.27202456692983,64.24307306760743
indiana_vs_louisville_20241127,2024-11-27,indiana,Louisville,2025,77.18422310816788,72.6657665903386
indiana_vs_providence_20241129,2024-11-29,indiana,Providence,2025,71.07673849205617,67.23346064796029
indiana_vs_sam houston state_20241203,2024-12-03,indiana,Sam Houston State,2025,83.00211887330119,70.1396299319182
indiana_vs_miami (oh)_20241206,2024-12-06,indiana,Miami (OH),2025,82.42833722311534,70.49329436210638
indiana_vs_minnesota_20241209,2024-12-09,indiana,Minnesota,2025,72.38511737450747,66.82196105145707
indiana_vs_chattanooga_20241221,2024-12-21,indiana,Chattanooga,2025,84.60271208721686,70.31914837182963
indiana_vs_winthrop_20241229,2024-12-29,indiana,Winthrop,2025,85.67762307554565,71.9487542131309
indiana_vs_rutgers_20250102,2025-01-02,indiana,Rutgers,2025,81.06419172749034,71.86467793679
indiana_vs_southern california_20250108,2025-01-08,indiana,Southern California,2025,77.34537389753278,70.37771261587159
indiana_vs_illinois_20250114,2025-01-14,indiana,Illinois,2025,77.93390709485664,78.74079296625197
indiana_vs_maryland_20250126,2025-01-26,indiana,Maryland,2025,73.88880633484557,76.82387042903748
indiana_vs_michigan_20250208,2025-02-08,indiana,Michigan,2025,75.78626698928298,75.39117832734728
indiana_vs_ucla_20250214,2025-02-14,indiana,UCLA,2025,71.65949992981518,71.28988514212296
indiana_vs_purdue_20250223,2025-02-23,indiana,Purdue,2025,69.81422577111036,72.76988520958649
indiana_vs_penn state_20250226,2025-02-26,indiana,Penn State,2025,79.5709183616677,72.28348837632309
indiana_vs_ohio state_20250308,2025-03-08,indiana,Ohio State,2025,76.57229182826276,73.70775187349423
indiana_vs_oregon_20250313,2025-03-13,indiana,Oregon,2025,71.3640907627914,73.46021999781117
indiana-state_vs_chicago state_20241122,2024-11-22,indiana-state,Chicago State,2025,82.12933979929483,73.17660550942803
indiana-state_vs_iona_20241130,2024-11-30,indiana-state,Iona,2025,74.92432280448239,74.20365818797384
indiana-state_vs_tarleton state_20241201,2024-12-01,indiana-state,Tarleton State,2025,74.58661723066926,72.53541902048686
indiana-state_vs_murray state_20241218,2024-12-18,indiana-state,Murray State,2025,78.97440981089574,79.11362336926008
indiana-state_vs_bradley_20250101,2025-01-01,indiana-state,Bradley,2025,73.91306731176903,83.08387110860745
indiana-state_vs_belmont_20250111,2025-01-11,indiana-state,Belmont,2025,80.80007001256021,78.93783339523473
indiana-state_vs_drake_20250118,2025-01-18,indiana-state,Drake,2025,66.18708344391307,74.35373318927233
indiana-state_vs_northern iowa_20250125,2025-01-25,indiana-state,Northern Iowa,2025,75.3853190819401,78.78925440321136
indiana-state_vs_missouri state_20250129,2025-01-29,indiana-state,Missouri State,2025,76.87927871335884,76.08070883964146
indiana-state_vs_valparaiso_20250205,2025-02-05,indiana-state,Valparaiso,2025,80.23500417532486,77.87762715221858
indiana-state_vs_illinois state_20250215,2025-02-15,indiana-state,Illinois State,2025,72.98206770647857,78.33265576979004
indiana-state_vs_evansville_20250219,2025-02-19,indiana-state,Evansville,2025,76.45984987067652,72.66120923763272
indiana-state_vs_southern illinois_20250302,2025-03-02,indiana-state,Southern Illinois,2025,75.83729207970329,76.17031277573074
indiana-state_vs_southern illinois_20250306,2025-03-06,indiana-state,Southern Illinois,2025,74.90114762245535,76.48395302343361
iona_vs_vermont_20241115,2024-11-15,iona,Vermont,2025,68.29943604002531,72.1520652273175
iona_vs_cornell_20241125,2024-11-25,iona,Cornell,2025,72.92825032042506,75.11087650142612
iona_vs_tarleton state_20241129,2024-11-29,iona,Tarleton State,2025,71.94478509284191,68.30489885529924
iona_vs_rice_20241201,2024-12-01,iona,Rice,2025,67.78461711545394,73.13544445322586
iona_vs_saint peter's_20241208,2024-12-08,iona,Saint Peter's,2025,65.72055300924747,69.03615178610625
iona_vs_harvard_20241229,2024-12-29,iona,Harvard,2025,71.77726058695353,68.12820100663292
iona_vs_marist_20250103,2025-01-03,iona,Marist,2025,66.5986287995781,67.39428810694363
iona_vs_quinnipiac_20250112,2025-01-12,iona,Quinnipiac,2025,67.27147617139397,71.81439524303077
iona_vs_canisius_20250116,2025-01-16,iona,Canisius,2025,72.07304993208177,66.73675253387086
iona_vs_siena_20250125,2025-01-25,iona,Siena,2025,70.9725534263137,67.41025258482208
iona_vs_fairfield_20250202,2025-02-02,iona,Fairfield,2025,72.14258989032946,68.85852959730975
iona_vs_rider_20250214,2025-02-14,iona,Rider,2025,68.89172454969426,65.27351523093606
iona_vs_manhattan_20250221,2025-02-21,iona,Manhattan,2025,76.19681911098218,73.21313499405109
iona_vs_merrimack_20250223,2025-02-23,iona,Merrimack,2025,64.22602013436402,64.8582124954937
iona_vs_sacred heart_20250308,2025-03-08,iona,Sacred Heart,2025,74.57742361805435,72.86353412997777
iona_vs_manhattan_20250313,2025-03-13,iona,Manhattan,2025,73.71485350752064,71.82285627407728
iona_vs_quinnipiac_20250314,2025-03-14,iona,Quinnipiac,2025,68.42279106515666,72.80546710312238
iona_vs_mount st. mary's_20250315,2025-03-15,iona,Mount St. Mary's,2025,70.22835051880905,69.50866688642378
iowa_vs_washington state_20241115,2024-11-15,iowa,Washington State,2025,79.99480248855465,75.58213940251866
iowa_vs_rider_20241119,2024-11-19,iowa,Rider,2025,85.21236573171473,67.42608771845593
iowa_vs_utah state_20241122,2024-11-22,iowa,Utah State,2025,79.19644460319728,77.1785073208208
iowa_vs_usc upstate_20241126,2024-11-26,iowa,USC Upstate,2025,89.49726804486951,71.31407133256486
iowa_vs_northwestern_20241203,2024-12-03,iowa,Northwestern,2025,77.13602243789128,71.52304325165635
iowa_vs_iowa state_20241212,2024-12-12,iowa,Iowa State,2025,78.49449591215956,77.76254606519802
iowa_vs_new orleans_20241215,2024-12-15,iowa,New Orleans,2025,91.43731185616096,67.84870828409707
iowa_vs_utah_20241221,2024-12-21,iowa,Utah,2025,81.81973506970925,74.87710003986648
iowa_vs_new hampshire_20241230,2024-12-30,iowa,New Hampshire,2025,92.6095050346754,62.84065855792537
iowa_vs_nebraska_20250107,2025-01-07,iowa,Nebraska,2025,80.1358202573306,76.00769966942822
iowa_vs_indiana_20250111,2025-01-11,iowa,Indiana,2025,81.75290143167274,76.35390101902286
iowa_vs_minnesota_20250121,2025-01-21,iowa,Minnesota,2025,81.65699083241944,74.9407585652543
iowa_vs_penn state_20250124,2025-01-24,iowa,Penn State,2025,83.04164060913838,79.48956391358242
iowa_vs_purdue_20250204,2025-02-04,iowa,Purdue,2025,75.20574591713539,77.05885527752547
iowa_vs_wisconsin_20250208,2025-02-08,iowa,Wisconsin,2025,78.7743789943897,77.31161672678391
iowa_vs_oregon_20250219,2025-02-19,iowa,Oregon,2025,79.33511126765184,76.5771319409908
iowa_vs_washington_20250222,2025-02-22,iowa,Washington,2025,82.77179664115151,75.28505162815577
iowa_vs_michigan state_20250306,2025-03-06,iowa,Michigan State,2025,74.39537441876722,79.3022802146733
iowa_vs_ohio state_20250312,2025-03-12,iowa,Ohio State,2025,78.43010140913646,77.52065664538866
iowa-state_vs_iu indy_20241118,2024-11-18,iowa-state,IU Indy,2025,84.71240903213248,57.9204437545464
iowa-state_vs_marquette_20241204,2024-12-04,iowa-state,Marquette,2025,79.01046257130778,69.78892357720538
iowa-state_vs_jackson state_20241208,2024-12-08,iowa-state,Jackson State,2025,89.74496469809073,60.45165326181237
iowa-state_vs_omaha_20241215,2024-12-15,iowa-state,Omaha,2025,86.56266032482922,59.38944835815539
iowa-state_vs_morgan state_20241222,2024-12-22,iowa-state,Morgan State,2025,93.23381482587106,64.13128484015776
iowa-state_vs_baylor_20250104,2025-01-04,iowa-state,Baylor,2025,80.98098425569354,71.1647300887734
iowa-state_vs_utah_20250107,2025-01-07,iowa-state,Utah,2025,80.91621397271307,67.71576463036078
iowa-state_vs_kansas_20250115,2025-01-15,iowa-state,Kansas,2025,75.60772707572401,69.59752751620327
iowa-state_vs_ucf_20250121,2025-01-21,iowa-state,UCF,2025,85.4402386788809,70.89554244973263
iowa-state_vs_kansas state_20250201,2025-02-01,iowa-state,Kansas State,2025,80.04620466360518,67.34060075316326
iowa-state_vs_tcu_20250208,2025-02-08,iowa-state,TCU,2025,74.75325343362823,65.827336923654
iowa-state_vs_cincinnati_20250215,2025-02-15,iowa-state,Cincinnati,2025,72.56370919996593,66.25749719401264
iowa-state_vs_colorado_20250218,2025-02-18,iowa-state,Colorado,2025,80.38874261778659,65.36990817502287
iowa-state_vs_arizona_20250301,2025-03-01,iowa-state,Arizona,2025,77.52875778449287,74.58311480788406
iowa-state_vs_brigham young_20250304,2025-03-04,iowa-state,Brigham Young,2025,76.19420736832637,67.80599111248173
iowa-state_vs_lipscomb_20250321,2025-03-21,iowa-state,Lipscomb,2025,78.38308410937375,66.45379833940937
iupui_vs_eastern michigan_20241114,2024-11-14,iupui,Eastern Michigan,2025,70.88894746923317,73.70679962896766
iupui_vs_south carolina state_20241123,2024-11-23,iupui,South Carolina State,2025,69.62756272383776,76.07661847635065
iupui_vs_green bay_20241204,2024-12-04,iupui,Green Bay,2025,74.14010630193907,74.87047538593842
iupui_vs_northern kentucky_20241207,2024-12-07,iupui,Northern Kentucky,2025,68.51936108143799,71.7535781040852
iupui_vs_youngstown state_20250101,2025-01-01,iupui,Youngstown State,2025,71.67243172103021,74.24664061567861
iupui_vs_detroit mercy_20250109,2025-01-09,iupui,Detroit Mercy,2025,74.12118307103108,69.8638041099681
iupui_vs_cleveland state_20250119,2025-01-19,iupui,Cleveland State,2025,70.56290445257945,74.12801274252283
iupui_vs_milwaukee_20250205,2025-02-05,iupui,Milwaukee,2025,71.48697210649053,77.15800462128514
iupui_vs_oakland_20250212,2025-02-12,iupui,Oakland,2025,71.705367396725,73.17376298310118
iupui_vs_robert morris_20250227,2025-02-27,iupui,Robert Morris,2025,72.01030385966966,74.46373139706773
iupui_vs_wright state_20250301,2025-03-01,iupui,Wright State,2025,72.99379370060898,74.92905931540645
jackson-state_vs_alabama state_20250111,2025-01-11,jackson-state,Alabama State,2025,75.14133352207782,73.35078483071602
jackson-state_vs_alabama a&m_20250113,2025-01-13,jackson-state,Alabama A&M,2025,74.38317215043418,66.85061312711811
jackson-state_vs_bethune-cookman_20250125,2025-01-25,jackson-state,Bethune-Cookman,2025,69.12351240848758,68.79610534335401
jackson-state_vs_florida a&m_20250127,2025-01-27,jackson-state,Florida A&M,2025,76.97943385344621,69.13109504395686
jackson-state_vs_mississippi valley state_20250208,2025-02-08,jackson-state,Mississippi Valley State,2025,77.05887772170878,58.736941710531895
jackson-state_vs_arkansasâpine bluff_20250210,2025-02-10,jackson-state,ArkansasâPine Bluff,2025,83.30811910992766,70.23131531720647
jackson-state_vs_alcorn state_20250222,2025-02-22,jackson-state,Alcorn State,2025,75.2893701824889,69.68676992211805
jackson-state_vs_texas southern_20250301,2025-03-01,jackson-state,Texas Southern,2025,76.11217777771206,72.77590169635663
jacksonville_vs_south carolina state_20241114,2024-11-14,jacksonville,South Carolina State,2025,75.74332102613121,72.92758247237343
jacksonville_vs_mercer_20241125,2024-11-25,jacksonville,Mercer,2025,73.68084706535309,76.38651049798965
jacksonville_vs_siena_20241126,2024-11-26,jacksonville,Siena,2025,75.35297431988832,69.61463631667272
jacksonville_vs_east tennessee state_20241214,2024-12-14,jacksonville,East Tennessee State,2025,74.37359083465734,72.74037836106764
jacksonville_vs_lipscomb_20250102,2025-01-02,jacksonville,Lipscomb,2025,71.66418620393256,77.95872846918274
jacksonville_vs_austin peay_20250104,2025-01-04,jacksonville,Austin Peay,2025,69.54484239949872,65.42349433295576
jacksonville_vs_north alabama_20250116,2025-01-16,jacksonville,North Alabama,2025,70.65138216769826,72.27900069983453
jacksonville_vs_central arkansas_20250118,2025-01-18,jacksonville,Central Arkansas,2025,78.68523078912732,67.54175254003317
jacksonville_vs_florida gulf coast_20250129,2025-01-29,jacksonville,Florida Gulf Coast,2025,69.27556914271888,66.67646548571939
jacksonville_vs_north florida_20250201,2025-02-01,jacksonville,North Florida,2025,83.92443985582632,72.07382743420995
jacksonville_vs_bellarmine_20250208,2025-02-08,jacksonville,Bellarmine,2025,78.64221090954666,65.55056586648695
jacksonville_vs_eastern kentucky_20250224,2025-02-24,jacksonville,Eastern Kentucky,2025,75.58268722992871,74.89191213447877
jacksonville_vs_stetson_20250226,2025-02-26,jacksonville,Stetson,2025,78.96427250967616,68.30008603580784
jacksonville_vs_eastern kentucky_20250303,2025-03-03,jacksonville,Eastern Kentucky,2025,75.1982348817257,74.14939633489838
jacksonville-state_vs_toledo_20241122,2024-11-22,jacksonville-state,Toledo,2025,72.7726714388794,74.5665079081416
jacksonville-state_vs_james madison_20241123,2024-11-23,jacksonville-state,James Madison,2025,71.84316286608953,72.71703623104939
jacksonville-state_vs_utah valley_20241214,2024-12-14,jacksonville-state,Utah Valley,2025,71.15822609359603,71.2441662064459
jacksonville-state_vs_louisiana tech_20250116,2025-01-16,jacksonville-state,Louisiana Tech,2025,73.61731259106675,72.7685197021331
jacksonville-state_vs_sam houston state_20250118,2025-01-18,jacksonville-state,Sam Houston State,2025,79.10328999912353,74.2649968780301
jacksonville-state_vs_florida international_20250130,2025-01-30,jacksonville-state,Florida International,2025,77.5517678865491,70.89625670940282
jacksonville-state_vs_liberty_20250201,2025-02-01,jacksonville-state,Liberty,2025,68.73585475366545,74.2201028873983
jacksonville-state_vs_middle tennessee_20250206,2025-02-06,jacksonville-state,Middle Tennessee,2025,71.99403635135857,72.86446435910092
jacksonville-state_vs_western kentucky_20250208,2025-02-08,jacksonville-state,Western Kentucky,2025,78.77186207695986,74.54022642408451
jacksonville-state_vs_new mexico state_20250220,2025-02-20,jacksonville-state,New Mexico State,2025,72.59583561700394,68.64324603958143
jacksonville-state_vs_utep_20250222,2025-02-22,jacksonville-state,UTEP,2025,72.37324406764355,69.90960148174928
jacksonville-state_vs_kennesaw state_20250308,2025-03-08,jacksonville-state,Kennesaw State,2025,75.97554572184188,72.1357238288045
jacksonville-state_vs_middle tennessee_20250314,2025-03-14,jacksonville-state,Middle Tennessee,2025,70.76323123464888,71.83149888359489
jacksonville-state_vs_liberty_20250315,2025-03-15,jacksonville-state,Liberty,2025,67.6022571165595,70.95544398406777
james-madison_vs_george mason_20241129,2024-11-29,james-madison,George Mason,2025,72.26318834484398,72.73497254740481
james-madison_vs_east tennessee state_20241203,2024-12-03,james-madison,East Tennessee State,2025,73.71407637027545,68.61444704550554
james-madison_vs_utah valley_20241207,2024-12-07,james-madison,Utah Valley,2025,72.63264238585076,66.57149533883465
james-madison_vs_southern mississippi_20250102,2025-01-02,james-madison,Southern Mississippi,2025,79.79133163826162,70.26349395405985
james-madison_vs_arkansas state_20250104,2025-01-04,james-madison,Arkansas State,2025,73.99840135024525,76.3087951646239
james-madison_vs_marshall_20250116,2025-01-16,james-madison,Marshall,2025,74.30218060151158,72.25598031127997
james-madison_vs_appalachian state_20250118,2025-01-18,james-madison,Appalachian State,2025,68.13460960490306,67.25089247080733
james-madison_vs_coastal carolina_20250130,2025-01-30,james-madison,Coastal Carolina,2025,77.4934957307956,64.43083399804765
james-madison_vs_old dominion_20250201,2025-02-01,james-madison,Old Dominion,2025,76.12739605226514,68.17976461588444
james-madison_vs_troy_20250205,2025-02-05,james-madison,Troy,2025,70.89995877941541,70.25746380224416
james-madison_vs_georgia state_20250220,2025-02-20,james-madison,Georgia State,2025,78.25250701232105,71.78035489859234
james-madison_vs_georgia southern_20250222,2025-02-22,james-madison,Georgia Southern,2025,78.41183071523892,70.42131652722819
james-madison_vs_troy_20250309,2025-03-09,james-madison,Troy,2025,69.10739486829758,69.79013618302268
kansas_vs_oakland_20241116,2024-11-16,kansas,Oakland,2025,87.54774948591408,62.75607421859773
kansas_vs_unc wilmington_20241119,2024-11-19,kansas,UNC Wilmington,2025,87.42635210050064,71.03475461059456
kansas_vs_furman_20241130,2024-11-30,kansas,Furman,2025,84.48756930429033,63.60748915007576
kansas_vs_nc state_20241214,2024-12-14,kansas,NC State,2025,75.21392870116796,67.14454392413856
kansas_vs_brown_20241222,2024-12-22,kansas,Brown,2025,81.1157462362254,61.97603328285253
kansas_vs_west virginia_20241231,2024-12-31,kansas,West Virginia,2025,78.24304864272399,69.697579825776
kansas_vs_arizona state_20250108,2025-01-08,kansas,Arizona State,2025,78.33127832385533,68.10282140712324
kansas_vs_kansas state_20250118,2025-01-18,kansas,Kansas State,2025,76.94786493298155,64.24680093835067
kansas_vs_houston_20250125,2025-01-25,kansas,Houston,2025,63.67611612321527,66.64214801027639
kansas_vs_ucf_20250128,2025-01-28,kansas,UCF,2025,81.60419881947512,71.42071850236111
kansas_vs_iowa state_20250203,2025-02-03,kansas,Iowa State,2025,75.6688848363001,72.73487290691419
kansas_vs_colorado_20250211,2025-02-11,kansas,Colorado,2025,79.49629794181601,64.75000330438709
kansas_vs_oklahoma state_20250222,2025-02-22,kansas,Oklahoma State,2025,80.05953843224295,67.38662329627255
kansas_vs_texas tech_20250301,2025-03-01,kansas,Texas Tech,2025,73.98459526888604,69.29017334053042
kansas_vs_arizona_20250308,2025-03-08,kansas,Arizona,2025,76.27093242417895,74.25857189841915
kansas-state_vs_louisiana state_20241114,2024-11-14,kansas-state,Louisiana State,2025,75.29169436076793,69.47813592690514
kansas-state_vs_mississippi valley state_20241119,2024-11-19,kansas-state,Mississippi Valley State,2025,84.67802790505345,53.9845775814006
kansas-state_vs_liberty_20241124,2024-11-24,kansas-state,Liberty,2025,70.81255228453945,66.40213722946584
kansas-state_vs_longwood_20241125,2024-11-25,kansas-state,Longwood,2025,74.77703898816122,68.35587200937388
kansas-state_vs_arkansasâpine bluff_20241201,2024-12-01,kansas-state,ArkansasâPine Bluff,2025,86.190157337787,62.25459997726522
kansas-state_vs_drake_20241217,2024-12-17,kansas-state,Drake,2025,72.26782381514325,65.56632202601902
kansas-state_vs_cincinnati_20241230,2024-12-30,kansas-state,Cincinnati,2025,66.81347130659834,71.87122884402403
kansas-state_vs_houston_20250111,2025-01-11,kansas-state,Houston,2025,61.464334541554166,74.77103607609656
kansas-state_vs_texas tech_20250114,2025-01-14,kansas-state,Texas Tech,2025,69.8316759049297,77.19753496675162
kansas-state_vs_west virginia_20250125,2025-01-25,kansas-state,West Virginia,2025,66.73053185962462,72.17710452700254
kansas-state_vs_oklahoma state_20250129,2025-01-29,kansas-state,Oklahoma State,2025,74.65869028550267,66.6902029181529
kansas-state_vs_kansas_20250208,2025-02-08,kansas-state,Kansas,2025,69.72622874575049,73.06868604910828
kansas-state_vs_arizona_20250211,2025-02-11,kansas-state,Arizona,2025,74.02901453954726,76.99093851922522
kansas-state_vs_arizona state_20250223,2025-02-23,kansas-state,Arizona State,2025,77.13429116228703,71.18493611769856
kansas-state_vs_colorado_20250302,2025-03-02,kansas-state,Colorado,2025,75.20000513912953,68.70279634829046
kansas-state_vs_iowa state_20250308,2025-03-08,kansas-state,Iowa State,2025,70.57149079484506,72.27102238466215
kennesaw-state_vs_presbyterian_20241116,2024-11-16,kennesaw-state,Presbyterian,2025,77.45235858889109,75.71021679682596
kennesaw-state_vs_abilene christian_20241120,2024-11-20,kennesaw-state,Abilene Christian,2025,79.40263821462028,82.39722628412959
kennesaw-state_vs_rutgers_20241124,2024-11-24,kennesaw-state,Rutgers,2025,69.95105980944251,82.82074610513767
kennesaw-state_vs_towson_20241129,2024-11-29,kennesaw-state,Towson,2025,69.96585544443994,73.28209753558986
kennesaw-state_vs_kent state_20241130,2024-11-30,kennesaw-state,Kent State,2025,69.02978185123641,70.19785372456585
kennesaw-state_vs_jacksonville state_20250104,2025-01-04,kennesaw-state,Jacksonville State,2025,79.39467026866083,77.62928263346649
kennesaw-state_vs_sam houston state_20250116,2025-01-16,kennesaw-state,Sam Houston State,2025,79.56045494535753,77.54669967483856
kennesaw-state_vs_louisiana tech_20250118,2025-01-18,kennesaw-state,Louisiana Tech,2025,75.70580431863513,75.25057536251961
kennesaw-state_vs_liberty_20250130,2025-01-30,kennesaw-state,Liberty,2025,69.84965860638162,75.51904207899807
kennesaw-state_vs_florida international_20250201,2025-02-01,kennesaw-state,Florida International,2025,80.60832894121006,70.84384982378668
kennesaw-state_vs_western kentucky_20250206,2025-02-06,kennesaw-state,Western Kentucky,2025,79.40073512733665,77.30084225955191
kennesaw-state_vs_middle tennessee_20250208,2025-02-08,kennesaw-state,Middle Tennessee,2025,78.2586951947869,74.57109026863684
kennesaw-state_vs_utep_20250220,2025-02-20,kennesaw-state,UTEP,2025,74.0254647054811,73.39282939601149
kennesaw-state_vs_new mexico state_20250222,2025-02-22,kennesaw-state,New Mexico State,2025,73.20423553739887,71.16050843070146
kennesaw-state_vs_new mexico state_20250313,2025-03-13,kennesaw-state,New Mexico State,2025,69.18593486413202,69.98823637520206
kennesaw-state_vs_liberty_20250314,2025-03-14,kennesaw-state,Liberty,2025,69.14379044042356,73.66906224797697
kent-state_vs_niagara_20241121,2024-11-21,kent-state,Niagara,2025,75.46031682005427,64.84935493097166
kent-state_vs_towson_20241128,2024-11-28,kent-state,Towson,2025,66.5569172242742,65.79187435796841
kent-state_vs_portland_20241206,2024-12-06,kent-state,Portland,2025,77.35392390046509,66.71070599406046
kent-state_vs_mercyhurst_20241215,2024-12-15,kent-state,Mercyhurst,2025,72.78181134287605,58.72657892905508
kent-state_vs_ball state_20250104,2025-01-04,kent-state,Ball State,2025,73.70244606563553,65.04617503091443
kent-state_vs_miami (oh)_20250118,2025-01-18,kent-state,Miami (OH),2025,72.46444186098785,69.76000509969553
kent-state_vs_bowling green_20250128,2025-01-28,kent-state,Bowling Green,2025,74.22778855012997,66.01309756816872
kent-state_vs_akron_20250131,2025-01-31,kent-state,Akron,2025,75.06091784362498,72.36839153400292
kent-state_vs_arkansas state_20250208,2025-02-08,kent-state,Arkansas State,2025,70.15024527907556,71.72230144283951
kent-state_vs_central michigan_20250211,2025-02-11,kent-state,Central Michigan,2025,72.49789597816249,67.18691211996747
kent-state_vs_ohio_20250214,2025-02-14,kent-state,Ohio,2025,75.86418886754291,71.72697715761159
kent-state_vs_toledo_20250225,2025-02-25,kent-state,Toledo,2025,79.33164415929572,70.79666737323812
kent-state_vs_eastern michigan_20250307,2025-03-07,kent-state,Eastern Michigan,2025,78.31048799183279,65.70500419680828
kent-state_vs_miami (oh)_20250314,2025-03-14,kent-state,Miami (OH),2025,72.11949394705356,71.90146462685021
kentucky_vs_lipscomb_20241119,2024-11-19,kentucky,Lipscomb,2025,86.18595533923,68.87972298842772
kentucky_vs_jackson state_20241122,2024-11-22,kentucky,Jackson State,2025,90.19969781473988,61.84026388137426
kentucky_vs_western kentucky_20241126,2024-11-26,kentucky,Western Kentucky,2025,85.15139145281537,72.53885546982805
kentucky_vs_georgia state_20241129,2024-11-29,kentucky,Georgia State,2025,88.35327416169608,62.5650746093404
kentucky_vs_colgate_20241211,2024-12-11,kentucky,Colgate,2025,90.20218430472354,62.627796587062825
kentucky_vs_louisville_20241214,2024-12-14,kentucky,Louisville,2025,82.54082628840595,71.17086310166962
kentucky_vs_ohio state_20241221,2024-12-21,kentucky,Ohio State,2025,81.67973503791696,74.54799564753154
kentucky_vs_brown_20241231,2024-12-31,kentucky,Brown,2025,85.50402339561072,67.62016884971364
kentucky_vs_florida_20250104,2025-01-04,kentucky,Florida,2025,80.06482887566762,77.97652627150761
kentucky_vs_texas a&m_20250114,2025-01-14,kentucky,Texas A&M,2025,78.86685212396257,74.23731428987386
kentucky_vs_alabama_20250118,2025-01-18,kentucky,Alabama,2025,82.86103038459599,79.76641254880414
kentucky_vs_arkansas_20250201,2025-02-01,kentucky,Arkansas,2025,81.1003539975284,72.18332441010942
kentucky_vs_south carolina_20250208,2025-02-08,kentucky,South Carolina,2025,78.95779466588205,71.05742129152938
kentucky_vs_tennessee_20250211,2025-02-11,kentucky,Tennessee,2025,70.85601456926065,72.89687310057731
kentucky_vs_vanderbilt_20250219,2025-02-19,kentucky,Vanderbilt,2025,81.30902236426007,72.79509818687974
kentucky_vs_auburn_20250301,2025-03-01,kentucky,Auburn,2025,74.74446977501577,77.54490449892867
kentucky_vs_louisiana state_20250304,2025-03-04,kentucky,Louisiana State,2025,82.32811256146032,71.73862263250386
kentucky_vs_oklahoma_20250313,2025-03-13,kentucky,Oklahoma,2025,80.6349559738283,73.1242048225305
kentucky_vs_troy_20250321,2025-03-21,kentucky,Troy,2025,77.88061508041702,70.98025793431792
kentucky_vs_tennessee_20250328,2025-03-28,kentucky,Tennessee,2025,70.99769332205943,71.73819548138816
lafayette_vs_liu_20241129,2024-11-29,lafayette,LIU,2025,69.64200031235868,67.00164626998288
lafayette_vs_niagara_20241130,2024-11-30,lafayette,Niagara,2025,70.49594614174353,69.17599641399552
lafayette_vs_binghamton_20241201,2024-12-01,lafayette,Binghamton,2025,69.42931399957084,61.41646904736663
lafayette_vs_stonehill_20241229,2024-12-29,lafayette,Stonehill,2025,69.13605329944501,68.70583228028663
lafayette_vs_boston university_20250102,2025-01-02,lafayette,Boston University,2025,66.05213783914955,67.63775293321535
lafayette_vs_holy cross_20250111,2025-01-11,lafayette,Holy Cross,2025,67.47938846832932,67.16185194408993
lafayette_vs_colgate_20250118,2025-01-18,lafayette,Colgate,2025,66.61377550826806,66.84007956620451
lafayette_vs_american_20250129,2025-01-29,lafayette,American,2025,65.00057954113885,67.54026059801112
lafayette_vs_loyola (md)_20250205,2025-02-05,lafayette,Loyola (MD),2025,69.47896372674613,65.28875232026348
lafayette_vs_navy_20250208,2025-02-08,lafayette,Navy,2025,66.89567860196311,68.51992907764495
lafayette_vs_bucknell_20250215,2025-02-15,lafayette,Bucknell,2025,68.95191288229917,70.6989974368619
lafayette_vs_lehigh_20250222,2025-02-22,lafayette,Lehigh,2025,67.70328956091531,66.9513491018659
lafayette_vs_army_20250225,2025-02-25,lafayette,Army,2025,69.91361545562913,70.86042034851015
lafayette_vs_holy cross_20250304,2025-03-04,lafayette,Holy Cross,2025,71.07642301469151,66.14728477983563
lamar_vs_sam houston state_20241117,2024-11-17,lamar,Sam Houston State,2025,78.39170486376725,81.5972351722339
lamar_vs_omaha_20241124,2024-11-24,lamar,Omaha,2025,73.29782620477046,74.75540225999143
lamar_vs_incarnate word_20250106,2025-01-06,lamar,Incarnate Word,2025,72.35748743013325,67.45419515170582
lamar_vs_stephen f. austin_20250111,2025-01-11,lamar,Stephen F. Austin,2025,69.95513869254705,62.93518766007493
lamar_vs_new orleans_20250113,2025-01-13,lamar,New Orleans,2025,78.55142620307035,67.70075274570078
lamar_vs_texas a&mâcommerce_20250125,2025-01-25,lamar,Texas A&MâCommerce,2025,75.19580295999671,64.66172984231221
lamar_vs_northwestern state_20250127,2025-01-27,lamar,Northwestern State,2025,71.58067939288493,65.39840687448377
lamar_vs_texas a&mâcorpus christi_20250210,2025-02-10,lamar,Texas A&MâCorpus Christi,2025,72.67922222944829,73.11534665217874
lamar_vs_mcneese state_20250301,2025-03-01,lamar,McNeese State,2025,65.31110049267308,70.81777023947498
lamar_vs_mcneese state_20250312,2025-03-12,lamar,McNeese State,2025,64.56677902232356,71.35165689915755
la-salle_vs_stetson_20241123,2024-11-23,la-salle,Stetson,2025,77.81573783239807,67.03809668310812
la-salle_vs_temple_20241130,2024-11-30,la-salle,Temple,2025,74.8146244330194,73.82698267419147
la-salle_vs_saint joseph's_20241207,2024-12-07,la-salle,Saint Joseph's,2025,69.95358474352648,74.79318791032948
la-salle_vs_loyola chicago_20250108,2025-01-08,la-salle,Loyola Chicago,2025,73.83598053393187,71.67717445221268
la-salle_vs_davidson_20250115,2025-01-15,la-salle,Davidson,2025,72.89160918796998,75.93063423168262
la-salle_vs_rhode island_20250125,2025-01-25,la-salle,Rhode Island,2025,75.0625009148506,72.50065944417524
la-salle_vs_fordham_20250129,2025-01-29,la-salle,Fordham,2025,79.81125882521074,73.293099677119
la-salle_vs_george washington_20250201,2025-02-01,la-salle,George Washington,2025,73.01165740570259,73.57954794317774
la-salle_vs_massachusetts_20250209,2025-02-09,la-salle,Massachusetts,2025,79.44063974184022,78.00551520334778
la-salle_vs_richmond_20250219,2025-02-19,la-salle,Richmond,2025,76.25950672935681,72.66740798697673
la-salle_vs_duquesne_20250226,2025-02-26,la-salle,Duquesne,2025,67.76364849954851,72.20191530183307
la-salle_vs_saint joseph's_20250308,2025-03-08,la-salle,Saint Joseph's,2025,70.22055839480892,77.26079220042928
la-salle_vs_massachusetts_20250312,2025-03-12,la-salle,Massachusetts,2025,71.48171242578414,76.13992332631558
la-salle_vs_saint joseph's_20250313,2025-03-13,la-salle,Saint Joseph's,2025,69.41699412852866,77.52885550235284
lehigh_vs_georgetown_20241106,2024-11-06,lehigh,Georgetown,2025,64.68966298500706,75.74146605390125
lehigh_vs_marist_20241130,2024-11-30,lehigh,Marist,2025,68.48286782901226,71.37060600766986
lehigh_vs_monmouth_20241204,2024-12-04,lehigh,Monmouth,2025,74.82452829510977,71.38356377528524
lehigh_vs_bucknell_20250102,2025-01-02,lehigh,Bucknell,2025,76.11743141482752,72.62506244092954
lehigh_vs_army_20250111,2025-01-11,lehigh,Army,2025,73.8763370854029,74.31287012590596
lehigh_vs_loyola (md)_20250118,2025-01-18,lehigh,Loyola (MD),2025,73.53094878355532,71.04921409022887
lehigh_vs_lafayette_20250125,2025-01-25,lehigh,Lafayette,2025,67.1334542497179,67.92217183361717
lehigh_vs_navy_20250129,2025-01-29,lehigh,Navy,2025,71.02858414899386,69.70889927530789
lehigh_vs_colgate_20250203,2025-02-03,lehigh,Colgate,2025,67.28829414652884,69.52930311095842
lehigh_vs_american_20250208,2025-02-08,lehigh,American,2025,67.68386913352829,67.88352764613174
lehigh_vs_holy cross_20250215,2025-02-15,lehigh,Holy Cross,2025,69.70178960476699,68.23198873451686
lehigh_vs_boston university_20250226,2025-02-26,lehigh,Boston University,2025,67.02868520227015,63.887375751130534
le-moyne_vs_cal state northridge_20241106,2024-11-06,le-moyne,Cal State Northridge,2025,79.25006605100171,78.13456682250856
le-moyne_vs_ut martin_20241122,2024-11-22,le-moyne,UT Martin,2025,73.90518890864115,77.62102954871948
le-moyne_vs_army_20241203,2024-12-03,le-moyne,Army,2025,75.01031134855732,73.87588852436836
le-moyne_vs_binghamton_20241207,2024-12-07,le-moyne,Binghamton,2025,75.22811412358818,71.65330594166318
le-moyne_vs_mercyhurst_20250112,2025-01-12,le-moyne,Mercyhurst,2025,70.29050473330824,67.03714519401204
le-moyne_vs_stonehill_20250120,2025-01-20,le-moyne,Stonehill,2025,71.54250470455817,73.71453742750002
le-moyne_vs_central connecticut state_20250124,2025-01-24,le-moyne,Central Connecticut State,2025,66.5125303205067,70.54975965599664
le-moyne_vs_wagner_20250213,2025-02-13,le-moyne,Wagner,2025,68.48879307771287,64.3343249775807
le-moyne_vs_chicago state_20250215,2025-02-15,le-moyne,Chicago State,2025,78.36020538630217,66.80649712583677
le-moyne_vs_saint francis (pa)_20250220,2025-02-20,le-moyne,Saint Francis (PA),2025,74.85514953142413,73.63290215148466
le-moyne_vs_liu_20250222,2025-02-22,le-moyne,LIU,2025,66.8857008365974,67.97747680233628
liberty_vs_louisiana_20241122,2024-11-22,liberty,Louisiana,2025,74.33072003360152,66.38951849402929
liberty_vs_mcneese state_20241125,2024-11-25,liberty,McNeese State,2025,68.1749791012117,69.2559293449733
liberty_vs_mississippi valley state_20241207,2024-12-07,liberty,Mississippi Valley State,2025,78.74350207398857,52.21957082024621
liberty_vs_north carolina a&t_20241214,2024-12-14,liberty,North Carolina A&T,2025,83.50972580692115,64.27806677054336
liberty_vs_ut arlington_20241221,2024-12-21,liberty,UT Arlington,2025,78.29497922349007,66.79527031790076
liberty_vs_western kentucky_20250102,2025-01-02,liberty,Western Kentucky,2025,78.42627634496709,70.12363803878198
liberty_vs_middle tennessee_20250104,2025-01-04,liberty,Middle Tennessee,2025,74.17062987178716,68.04479783772041
liberty_vs_utep_20250116,2025-01-16,liberty,UTEP,2025,72.09008814772915,66.30551816365642
liberty_vs_new mexico state_20250118,2025-01-18,liberty,New Mexico State,2025,71.61686448607577,66.36730994502749
liberty_vs_louisiana tech_20250206,2025-02-06,liberty,Louisiana Tech,2025,73.73655406039543,66.50388470933149
liberty_vs_sam houston state_20250208,2025-02-08,liberty,Sam Houston State,2025,81.32006169098321,66.63727953248396
liberty_vs_florida international_20250222,2025-02-22,liberty,Florida International,2025,79.15591296147704,63.101722920121134
liberty_vs_jacksonville state_20250227,2025-02-27,liberty,Jacksonville State,2025,73.96378530961888,64.42710753601722
liberty_vs_kennesaw state_20250302,2025-03-02,liberty,Kennesaw State,2025,76.36726501422284,67.36351283722384
liberty_vs_utep_20250312,2025-03-12,liberty,UTEP,2025,73.25354512813242,65.8330680487326
liberty_vs_oregon_20250321,2025-03-21,liberty,Oregon,2025,67.7210661412439,70.51030684400217
lindenwood_vs_new orleans_20241114,2024-11-14,lindenwood,New Orleans,2025,72.53323050919292,71.67442756293829
lindenwood_vs_stonehill_20241117,2024-11-17,lindenwood,Stonehill,2025,69.98433896139854,69.27096032616599
lindenwood_vs_iu indy_20241214,2024-12-14,lindenwood,IU Indy,2025,74.12070124929986,71.63460512342097
lindenwood_vs_western illinois_20241221,2024-12-21,lindenwood,Western Illinois,2025,69.62978235320539,67.50509034322795
lindenwood_vs_tennessee state_20250109,2025-01-09,lindenwood,Tennessee State,2025,73.16608093084943,75.4758866169287
lindenwood_vs_ut martin_20250111,2025-01-11,lindenwood,UT Martin,2025,69.10738307148443,69.74122486780128
lindenwood_vs_southeast missouri state_20250123,2025-01-23,lindenwood,Southeast Missouri State,2025,68.21821236354073,72.46739588195554
lindenwood_vs_little rock_20250125,2025-01-25,lindenwood,Little Rock,2025,65.77579916232285,68.12999731595492
lindenwood_vs_siu edwardsville_20250130,2025-01-30,lindenwood,SIU Edwardsville,2025,68.11496787611154,71.60452743253853
lindenwood_vs_eastern illinois_20250201,2025-02-01,lindenwood,Eastern Illinois,2025,71.40002149881099,69.33500575171776
lindenwood_vs_morehead state_20250213,2025-02-13,lindenwood,Morehead State,2025,67.52459067436826,68.7249027201752
lindenwood_vs_southern indiana_20250215,2025-02-15,lindenwood,Southern Indiana,2025,74.07796853283405,69.42997307001382
lindenwood_vs_morehead state_20250305,2025-03-05,lindenwood,Morehead State,2025,67.44990470299071,67.80357350192537
lindenwood_vs_tennessee state_20250306,2025-03-06,lindenwood,Tennessee State,2025,70.48393338442082,74.98631463249916
lipscomb_vs_arkansas_20241106,2024-11-06,lipscomb,Arkansas,2025,71.82666365725437,83.50709235775294
lipscomb_vs_jackson state_20241124,2024-11-24,lipscomb,Jackson State,2025,84.6088801967299,68.0584562436984
lipscomb_vs_southeast missouri state_20241205,2024-12-05,lipscomb,Southeast Missouri State,2025,83.0950219117744,68.00914927558176
lipscomb_vs_queens (nc)_20250109,2025-01-09,lipscomb,Queens (NC),2025,82.91217870120944,67.96473487209683
lipscomb_vs_west georgia_20250111,2025-01-11,lipscomb,West Georgia,2025,83.00345834280692,64.9521560497649
lipscomb_vs_austin peay_20250118,2025-01-18,lipscomb,Austin Peay,2025,80.01848242174822,64.43603795393695
lipscomb_vs_eastern kentucky_20250130,2025-01-30,lipscomb,Eastern Kentucky,2025,82.53123445924861,71.49236131066952
lipscomb_vs_bellarmine_20250201,2025-02-01,lipscomb,Bellarmine,2025,85.67281978605158,63.71346396282344
lipscomb_vs_stetson_20250213,2025-02-13,lipscomb,Stetson,2025,83.22580866190192,66.53226782218168
lipscomb_vs_florida gulf coast_20250215,2025-02-15,lipscomb,Florida Gulf Coast,2025,74.74950807936025,66.92837734437656
lipscomb_vs_north alabama_20250220,2025-02-20,lipscomb,North Alabama,2025,74.8754604264428,74.07254928788836
lipscomb_vs_central arkansas_20250226,2025-02-26,lipscomb,Central Arkansas,2025,82.41334243500646,66.83498206542859
lipscomb_vs_central arkansas_20250303,2025-03-03,lipscomb,Central Arkansas,2025,81.96831256533409,66.51962992031578
lipscomb_vs_queens (nc)_20250306,2025-03-06,lipscomb,Queens (NC),2025,79.35568373214026,70.30183627545824
lipscomb_vs_north alabama_20250309,2025-03-09,lipscomb,North Alabama,2025,75.25484153304754,72.12303808531409
long-beach-state_vs_portland_20241116,2024-11-16,long-beach-state,Portland,2025,76.21612308860968,73.23876604443032
long-beach-state_vs_fresno state_20241123,2024-11-23,long-beach-state,Fresno State,2025,73.75238630485248,72.47947509696068
long-beach-state_vs_unc greensboro_20241125,2024-11-25,long-beach-state,UNC Greensboro,2025,66.86620305512211,73.38477067581499
long-beach-state_vs_utep_20241126,2024-11-26,long-beach-state,UTEP,2025,68.04886687922873,73.33774316122117
long-beach-state_vs_san jose state_20241127,2024-11-27,long-beach-state,San Jose State,2025,63.45120783401002,68.47716083417023
long-beach-state_vs_hawaii_20241207,2024-12-07,long-beach-state,Hawaii,2025,65.98137877310977,70.89039027265578
long-beach-state_vs_uc riverside_20250102,2025-01-02,long-beach-state,UC Riverside,2025,67.52562056787794,70.30536170733828
long-beach-state_vs_cal state fullerton_20250118,2025-01-18,long-beach-state,Cal State Fullerton,2025,68.89653326282783,63.54895600190582
long-beach-state_vs_uc irvine_20250130,2025-01-30,long-beach-state,UC Irvine,2025,64.85669494431842,75.5657477225992
long-beach-state_vs_uc davis_20250206,2025-02-06,long-beach-state,UC Davis,2025,65.34828692862676,66.8599024444613
long-beach-state_vs_cal state northridge_20250208,2025-02-08,long-beach-state,Cal State Northridge,2025,70.12663878921597,78.6874775118935
long-beach-state_vs_uc santa barbara_20250222,2025-02-22,long-beach-state,UC Santa Barbara,2025,66.25739477517202,74.11948680027146
long-beach-state_vs_cal state bakersfield_20250227,2025-02-27,long-beach-state,Cal State Bakersfield,2025,69.15400676882399,71.24891978363449
long-beach-state_vs_cal poly_20250308,2025-03-08,long-beach-state,Cal Poly,2025,78.27387748995652,80.82469064140199
long-island-university_vs_columbia_20241120,2024-11-20,long-island-university,Columbia,2025,67.97750614269435,73.27964839304136
long-island-university_vs_niagara_20241201,2024-12-01,long-island-university,Niagara,2025,71.5309064793401,71.1413775231394
long-island-university_vs_mount st. mary's_20241218,2024-12-18,long-island-university,Mount St. Mary's,2025,72.10140425303948,72.46200204312424
long-island-university_vs_lehigh_20241221,2024-12-21,long-island-university,Lehigh,2025,69.68943530738682,71.51204216552627
long-island-university_vs_le moyne_20250103,2025-01-03,long-island-university,Le Moyne,2025,72.40034922594627,72.75400446332878
long-island-university_vs_chicago state_20250105,2025-01-05,long-island-university,Chicago State,2025,71.4632372265254,64.98185650071014
long-island-university_vs_saint francis (pa)_20250118,2025-01-18,long-island-university,Saint Francis (PA),2025,70.48610173365309,68.22624003808693
long-island-university_vs_mercyhurst_20250120,2025-01-20,long-island-university,Mercyhurst,2025,66.90676419016326,61.423619022806044
long-island-university_vs_central connecticut state_20250130,2025-01-30,long-island-university,Central Connecticut State,2025,62.96004960223285,66.95233181662688
long-island-university_vs_stonehill_20250208,2025-02-08,long-island-university,Stonehill,2025,67.6876259122661,66.45821946591509
long-island-university_vs_wagner_20250227,2025-02-27,long-island-university,Wagner,2025,66.71077012238275,59.18505175898668
long-island-university_vs_chicago state_20250305,2025-03-05,long-island-university,Chicago State,2025,72.6306864550935,61.39085372843453
long-island-university_vs_saint francis (pa)_20250308,2025-03-08,long-island-university,Saint Francis (PA),2025,69.98694463994349,64.38389685877614
longwood_vs_ut martin_20241116,2024-11-16,longwood,UT Martin,2025,80.44878484028517,69.5842692460444
longwood_vs_mcneese state_20241124,2024-11-24,longwood,McNeese State,2025,70.82960508436331,77.18324225435761
longwood_vs_maryland eastern shore_20241205,2024-12-05,longwood,Maryland Eastern Shore,2025,82.32324257406728,65.38603646732302
longwood_vs_north carolina central_20241214,2024-12-14,longwood,North Carolina Central,2025,78.91539377474864,71.35801368738609
longwood_vs_charleston southern_20250104,2025-01-04,longwood,Charleston Southern,2025,78.20354019216569,68.6399546395645
longwood_vs_unc asheville_20250108,2025-01-08,longwood,UNC Asheville,2025,75.8555237616965,75.06876351503143
longwood_vs_high point_20250116,2025-01-16,longwood,High Point,2025,71.24039590550245,77.0052037328139
longwood_vs_usc upstate_20250125,2025-01-25,longwood,USC Upstate,2025,85.27326102304767,71.42264182363336
longwood_vs_radford_20250208,2025-02-08,longwood,Radford,2025,74.48118269368395,71.52155188372218
longwood_vs_presbyterian_20250215,2025-02-15,longwood,Presbyterian,2025,77.34264013329008,71.24701772110949
longwood_vs_gardner-webb_20250219,2025-02-19,longwood,Gardner-Webb,2025,75.6017332092513,72.62827766027912
longwood_vs_winthrop_20250227,2025-02-27,longwood,Winthrop,2025,81.84540690599634,78.06789460687409
longwood_vs_winthrop_20250307,2025-03-07,longwood,Winthrop,2025,75.8278456591298,78.27556351635802
louisiana-lafayette_vs_rice_20241119,2024-11-19,louisiana-lafayette,Rice,2025,71.52824771002251,68.6315050733616
louisiana-lafayette_vs_louisiana tech_20241208,2024-12-08,louisiana-lafayette,Louisiana Tech,2025,71.07006654287,78.31848973084783
louisiana-lafayette_vs_southeastern louisiana_20241211,2024-12-11,louisiana-lafayette,Southeastern Louisiana,2025,74.07111183281884,72.71849146358483
louisiana-lafayette_vs_lamar_20241214,2024-12-14,louisiana-lafayette,Lamar,2025,75.21761006196293,74.20213868178699
louisiana-lafayette_vs_appalachian state_20241218,2024-12-18,louisiana-lafayette,Appalachian State,2025,68.78079207764259,72.80310636707853
louisiana-lafayette_vs_mcneese state_20241222,2024-12-22,louisiana-lafayette,McNeese State,2025,65.90206608880622,76.46461794536503
louisiana-lafayette_vs_old dominion_20250109,2025-01-09,louisiana-lafayette,Old Dominion,2025,74.31514404369625,71.56502521001659
louisiana-lafayette_vs_louisianaâmonroe_20250111,2025-01-11,louisiana-lafayette,LouisianaâMonroe,2025,75.0338329992492,68.17191652861972
louisiana-lafayette_vs_texas state_20250123,2025-01-23,louisiana-lafayette,Texas State,2025,70.15246073917737,74.55734691135544
louisiana-lafayette_vs_southern mississippi_20250125,2025-01-25,louisiana-lafayette,Southern Mississippi,2025,74.19516305550886,74.27270174553183
louisiana-lafayette_vs_south alabama_20250201,2025-02-01,louisiana-lafayette,South Alabama,2025,64.79071804483267,72.559542687179
louisiana-lafayette_vs_troy_20250212,2025-02-12,louisiana-lafayette,Troy,2025,65.60189209218589,75.04928020940054
louisiana-lafayette_vs_marshall_20250215,2025-02-15,louisiana-lafayette,Marshall,2025,70.99618666019262,75.31784332448903
louisiana-lafayette_vs_arkansas state_20250226,2025-02-26,louisiana-lafayette,Arkansas State,2025,68.38401900580071,81.20091848003571
louisiana-lafayette_vs_louisianaâmonroe_20250304,2025-03-04,louisiana-lafayette,LouisianaâMonroe,2025,70.71279430811417,67.87166600973494
louisiana-lafayette_vs_old dominion_20250305,2025-03-05,louisiana-lafayette,Old Dominion,2025,67.81868888255539,69.65924189638882
louisiana-monroe_vs_southeastern louisiana_20241118,2024-11-18,louisiana-monroe,Southeastern Louisiana,2025,77.68132287845135,72.40274582412378
louisiana-monroe_vs_north alabama_20241123,2024-11-23,louisiana-monroe,North Alabama,2025,71.6105987874959,79.28810763784017
louisiana-monroe_vs_stephen f. austin_20241129,2024-11-29,louisiana-monroe,Stephen F. Austin,2025,66.91770476113159,72.57264304944268
louisiana-monroe_vs_ut arlington_20241202,2024-12-02,louisiana-monroe,UT Arlington,2025,72.88925605909769,77.39513085480654
louisiana-monroe_vs_arkansasâpine bluff_20241211,2024-12-11,louisiana-monroe,ArkansasâPine Bluff,2025,78.98899364959114,71.68171286877305
louisiana-monroe_vs_old dominion_20241221,2024-12-21,louisiana-monroe,Old Dominion,2025,73.57459971694047,75.49648238444571
louisiana-monroe_vs_troy_20250115,2025-01-15,louisiana-monroe,Troy,2025,65.62357406592875,76.46262131966738
louisiana-monroe_vs_louisiana_20250118,2025-01-18,louisiana-monroe,Louisiana,2025,68.89465236557778,71.47828900382004
louisiana-monroe_vs_appalachian state_20250125,2025-01-25,louisiana-monroe,Appalachian State,2025,61.91699152618158,72.32727963580683
louisiana-monroe_vs_south alabama_20250127,2025-01-27,louisiana-monroe,South Alabama,2025,63.52927242756977,74.69745647500102
louisiana-monroe_vs_texas state_20250213,2025-02-13,louisiana-monroe,Texas State,2025,71.53236465570582,74.31511019712886
louisiana-monroe_vs_southern mississippi_20250215,2025-02-15,louisiana-monroe,Southern Mississippi,2025,72.05222688331405,75.36322017377117
louisiana-monroe_vs_james madison_20250225,2025-02-25,louisiana-monroe,James Madison,2025,67.45853734355836,76.02181772478545
louisiana-monroe_vs_arkansas state_20250228,2025-02-28,louisiana-monroe,Arkansas State,2025,67.01439592398653,82.35634219254631
louisiana-state_vs_charleston southern_20241119,2024-11-19,louisiana-state,Charleston Southern,2025,85.15509011683217,68.12133498439692
louisiana-state_vs_pittsburgh_20241122,2024-11-22,louisiana-state,Pittsburgh,2025,71.06602270054594,74.23926802914399
louisiana-state_vs_northwestern state_20241129,2024-11-29,louisiana-state,Northwestern State,2025,83.80394811409077,63.51423112247926
louisiana-state_vs_florida state_20241203,2024-12-03,louisiana-state,Florida State,2025,76.32434231108401,73.43626899277625
louisiana-state_vs_florida gulf coast_20241208,2024-12-08,louisiana-state,Florida Gulf Coast,2025,77.64379776104994,64.85068910324365
louisiana-state_vs_smu_20241214,2024-12-14,louisiana-state,SMU,2025,74.96457594615028,76.5495149506695
louisiana-state_vs_stetson_20241217,2024-12-17,louisiana-state,Stetson,2025,89.01344651272309,66.05595991991032
louisiana-state_vs_new orleans_20241222,2024-12-22,louisiana-state,New Orleans,2025,88.85436886790087,66.20571433642642
louisiana-state_vs_mississippi valley state_20241229,2024-12-29,louisiana-state,Mississippi Valley State,2025,86.67567195912264,55.211283135270286
louisiana-state_vs_vanderbilt_20250104,2025-01-04,louisiana-state,Vanderbilt,2025,77.11718530208292,75.69746444168999
louisiana-state_vs_arkansas_20250114,2025-01-14,louisiana-state,Arkansas,2025,72.7941906740291,74.69305786493395
louisiana-state_vs_auburn_20250129,2025-01-29,louisiana-state,Auburn,2025,68.56820240084802,76.42856722407996
louisiana-state_vs_texas_20250201,2025-02-01,louisiana-state,Texas,2025,70.69092415550973,71.82265978949209
louisiana-state_vs_south carolina_20250218,2025-02-18,louisiana-state,South Carolina,2025,73.83952935291109,69.6031195369352
louisiana-state_vs_florida_20250222,2025-02-22,louisiana-state,Florida,2025,71.09860944202983,80.04685686535747
louisiana-state_vs_tennessee_20250225,2025-02-25,louisiana-state,Tennessee,2025,64.503415670007,70.41208302490696
louisiana-state_vs_texas a&m_20250308,2025-03-08,louisiana-state,Texas A&M,2025,69.89219657080729,72.94624277207575
louisiana-state_vs_mississippi state_20250312,2025-03-12,louisiana-state,Mississippi State,2025,71.1963862210646,76.16942903586562
louisiana-tech_vs_southern illinois_20241125,2024-11-25,louisiana-tech,Southern Illinois,2025,74.4630798168991,71.72761678608691
louisiana-tech_vs_richmond_20241126,2024-11-26,louisiana-tech,Richmond,2025,77.72072982752857,69.47508113936196
louisiana-tech_vs_southern_20241130,2024-11-30,louisiana-tech,Southern,2025,82.81434638012269,68.11747603200443
louisiana-tech_vs_georgia southern_20241213,2024-12-13,louisiana-tech,Georgia Southern,2025,80.7352320223845,70.5101479780164
louisiana-tech_vs_grand canyon_20241216,2024-12-16,louisiana-tech,Grand Canyon,2025,74.65652548314839,73.02770417155003
louisiana-tech_vs_florida international_20250109,2025-01-09,louisiana-tech,Florida International,2025,74.45015643455277,70.94193675842656
louisiana-tech_vs_liberty_20250111,2025-01-11,louisiana-tech,Liberty,2025,66.9597498349514,72.44843600542876
louisiana-tech_vs_western kentucky_20250123,2025-01-23,louisiana-tech,Western Kentucky,2025,79.71801796684647,75.64987903298893
louisiana-tech_vs_middle tennessee_20250125,2025-01-25,louisiana-tech,Middle Tennessee,2025,73.49373131870196,75.3281849802189
louisiana-tech_vs_sam houston state_20250201,2025-02-01,louisiana-tech,Sam Houston State,2025,77.81677325002087,74.99906330658916
louisiana-tech_vs_kennesaw state_20250213,2025-02-13,louisiana-tech,Kennesaw State,2025,79.34764460541389,76.34166408582539
louisiana-tech_vs_jacksonville state_20250215,2025-02-15,louisiana-tech,Jacksonville State,2025,72.5366109055688,70.35013961479339
louisiana-tech_vs_new mexico state_20250306,2025-03-06,louisiana-tech,New Mexico State,2025,70.81077974177472,68.38046610911597
louisiana-tech_vs_utep_20250308,2025-03-08,louisiana-tech,UTEP,2025,73.251798324095,70.61012743079131
louisiana-tech_vs_middle tennessee_20250313,2025-03-13,louisiana-tech,Middle Tennessee,2025,70.40073921743829,71.33754659251535
louisville_vs_bellarmine_20241119,2024-11-19,louisville,Bellarmine,2025,84.0284241813829,62.06072827998747
louisville_vs_winthrop_20241122,2024-11-22,louisville,Winthrop,2025,84.15944848393728,72.09946832469959
louisville_vs_west virginia_20241128,2024-11-28,louisville,West Virginia,2025,75.9017349373561,72.89530249548983
louisville_vs_oklahoma_20241129,2024-11-29,louisville,Oklahoma,2025,75.3942056395287,73.99007164125516
louisville_vs_duke_20241208,2024-12-08,louisville,Duke,2025,71.35931968635363,74.77052695496843
louisville_vs_utep_20241211,2024-12-11,louisville,UTEP,2025,76.36469612747109,66.91201009017009
louisville_vs_eastern kentucky_20241228,2024-12-28,louisville,Eastern Kentucky,2025,83.1177217002905,69.75492679984981
louisville_vs_north carolina_20250101,2025-01-01,louisville,North Carolina,2025,81.18200922805882,78.36938876943049
louisville_vs_clemson_20250107,2025-01-07,louisville,Clemson,2025,74.16050644953636,70.47880627524101
louisville_vs_virginia_20250118,2025-01-18,louisville,Virginia,2025,73.71894864841286,60.544740184150974
louisville_vs_wake forest_20250128,2025-01-28,louisville,Wake Forest,2025,76.6334967211327,65.22625739916167
louisville_vs_miami (fl)_20250208,2025-02-08,louisville,Miami (FL),2025,84.92063513423638,67.94350234319404
louisville_vs_florida state_20250222,2025-02-22,louisville,Florida State,2025,80.52051780297394,68.56132884726273
louisville_vs_pittsburgh_20250301,2025-03-01,louisville,Pittsburgh,2025,79.52757176749053,68.88207616886737
louisville_vs_california_20250305,2025-03-05,louisville,California,2025,84.70355242719218,67.67560305339889
louisville_vs_stanford_20250308,2025-03-08,louisville,Stanford,2025,78.26525882581501,68.39868629019101
louisville_vs_stanford_20250313,2025-03-13,louisville,Stanford,2025,76.34287738285087,67.93127744342625
loyola-il_vs_southern utah_20241119,2024-11-19,loyola-il,Southern Utah,2025,83.78566763962888,73.56034112685259
loyola-il_vs_tulsa_20241123,2024-11-23,loyola-il,Tulsa,2025,80.37105577694545,74.30634232784291
loyola-il_vs_eastern michigan_20241203,2024-12-03,loyola-il,Eastern Michigan,2025,79.76804875932339,65.11015621882288
loyola-il_vs_south florida_20241207,2024-12-07,loyola-il,South Florida,2025,79.47730876538549,70.49301738116351
loyola-il_vs_san francisco_20241215,2024-12-15,loyola-il,San Francisco,2025,68.02996721298415,72.14964920545447
loyola-il_vs_canisius_20241218,2024-12-18,loyola-il,Canisius,2025,84.12580597123109,62.18628040429795
loyola-il_vs_oakland_20241222,2024-12-22,loyola-il,Oakland,2025,74.44585371608646,64.37467642893981
loyola-il_vs_murray state_20241225,2024-12-25,loyola-il,Murray State,2025,72.51446767188672,71.47787939360107
loyola-il_vs_vcu_20250104,2025-01-04,loyola-il,VCU,2025,67.47863589567979,71.96654184080867
loyola-il_vs_rhode island_20250115,2025-01-15,loyola-il,Rhode Island,2025,72.91792099586557,71.47440074651479
loyola-il_vs_fordham_20250122,2025-01-22,loyola-il,Fordham,2025,81.32199158566284,72.59484786722238
loyola-il_vs_saint joseph's_20250201,2025-02-01,loyola-il,Saint Joseph's,2025,70.90069389674036,74.54898194819178
loyola-il_vs_st. bonaventure_20250204,2025-02-04,loyola-il,St. Bonaventure,2025,66.99772068238907,70.00371054471731
loyola-il_vs_saint louis_20250214,2025-02-14,loyola-il,Saint Louis,2025,72.20743158045588,70.05480094558443
loyola-il_vs_dayton_20250221,2025-02-21,loyola-il,Dayton,2025,69.95946799776327,69.98463516543399
loyola-il_vs_george washington_20250226,2025-02-26,loyola-il,George Washington,2025,71.36236465898669,70.26924321695718
loyola-il_vs_davidson_20250305,2025-03-05,loyola-il,Davidson,2025,73.9029973173471,69.08310301029113
loyola-il_vs_saint louis_20250314,2025-03-14,loyola-il,Saint Louis,2025,69.93391663822516,69.97153107073922
loyola-il_vs_vcu_20250315,2025-03-15,loyola-il,VCU,2025,65.34387950032806,72.33238761468469
loyola-il_vs_kent state_20250326,2025-03-26,loyola-il,Kent State,2025,72.59359151340279,68.98948971581068
loyola-marymount_vs_north dakota_20241122,2024-11-22,loyola-marymount,North Dakota,2025,81.64586217449859,70.62409401665349
loyola-marymount_vs_wyoming_20241127,2024-11-27,loyola-marymount,Wyoming,2025,71.09960927346222,74.30260138154947
loyola-marymount_vs_nevada_20241207,2024-12-07,loyola-marymount,Nevada,2025,63.838159232349355,73.15652855657557
loyola-marymount_vs_uc santa barbara_20241218,2024-12-18,loyola-marymount,UC Santa Barbara,2025,71.66149799623419,72.69734377595651
loyola-marymount_vs_southern_20241220,2024-12-20,loyola-marymount,Southern,2025,73.84526537651108,71.58263212671952
loyola-marymount_vs_north alabama_20241222,2024-12-22,loyola-marymount,North Alabama,2025,74.20437558863402,72.16339918534779
loyola-marymount_vs_oregon state_20250102,2025-01-02,loyola-marymount,Oregon State,2025,66.71976854713186,70.18544903250658
loyola-marymount_vs_gonzaga_20250104,2025-01-04,loyola-marymount,Gonzaga,2025,67.619489393355,84.69113989610386
loyola-marymount_vs_santa clara_20250116,2025-01-16,loyola-marymount,Santa Clara,2025,72.58810959967087,76.0064561139102
loyola-marymount_vs_san diego_20250118,2025-01-18,loyola-marymount,San Diego,2025,73.37346490394054,64.5009267761224
loyola-marymount_vs_portland_20250130,2025-01-30,loyola-marymount,Portland,2025,80.60758185524143,68.0070615132268
loyola-marymount_vs_san francisco_20250208,2025-02-08,loyola-marymount,San Francisco,2025,67.47783044085035,69.3862693819038
loyola-marymount_vs_pacific_20250213,2025-02-13,loyola-marymount,Pacific,2025,75.6831833174277,65.71701537564454
loyola-marymount_vs_pepperdine_20250222,2025-02-22,loyola-marymount,Pepperdine,2025,75.99442173394027,69.62150653653136
loyola-marymount_vs_washington state_20250308,2025-03-08,loyola-marymount,Washington State,2025,72.07564939119648,74.79438620089648
loyola-md_vs_vmi_20241126,2024-11-26,loyola-md,VMI,2025,73.58646735672662,67.31899810518574
loyola-md_vs_hampton_20241221,2024-12-21,loyola-md,Hampton,2025,72.51808780093975,71.60533797783185
loyola-md_vs_lehigh_20250105,2025-01-05,loyola-md,Lehigh,2025,71.72260565027071,70.85764753113449
loyola-md_vs_navy_20250111,2025-01-11,loyola-md,Navy,2025,71.09635142901033,71.016044024526
loyola-md_vs_american_20250113,2025-01-13,loyola-md,American,2025,69.08056056392002,68.26088737425243
loyola-md_vs_lafayette_20250122,2025-01-22,loyola-md,Lafayette,2025,69.13424824553275,66.37740060950021
loyola-md_vs_holy cross_20250125,2025-01-25,loyola-md,Holy Cross,2025,68.61087770725601,68.24325956789822
loyola-md_vs_boston university_20250201,2025-02-01,loyola-md,Boston University,2025,67.28476629563023,64.9576718759491
loyola-md_vs_army_20250212,2025-02-12,loyola-md,Army,2025,70.9647548276753,74.46900208739197
loyola-md_vs_colgate_20250223,2025-02-23,loyola-md,Colgate,2025,69.8140530372244,71.16765336215092
loyola-md_vs_bucknell_20250226,2025-02-26,loyola-md,Bucknell,2025,69.5081582047796,73.24935255252805
loyola-md_vs_lehigh_20250304,2025-03-04,loyola-md,Lehigh,2025,69.74396734855233,68.03415546472208
maine_vs_holy cross_20241124,2024-11-24,maine,Holy Cross,2025,71.99507866455055,64.77608761674708
maine_vs_navy_20241201,2024-12-01,maine,Navy,2025,71.8915866066882,69.09266268654852
maine_vs_boston university_20241229,2024-12-29,maine,Boston University,2025,71.06277368260895,68.11281114143644
maine_vs_binghamton_20250109,2025-01-09,maine,Binghamton,2025,70.39322681817708,65.19873177606618
maine_vs_albany (ny)_20250111,2025-01-11,maine,Albany (NY),2025,72.83271199218686,70.13273736879786
maine_vs_new hampshire_20250130,2025-01-30,maine,New Hampshire,2025,77.24119150607514,64.65632112390949
maine_vs_njit_20250206,2025-02-06,maine,NJIT,2025,69.988950591362,60.76669372137692
maine_vs_umbc_20250208,2025-02-08,maine,UMBC,2025,78.33711312898329,73.88240846863211
maine_vs_vermont_20250215,2025-02-15,maine,Vermont,2025,67.00950045426147,63.749833734575326
maine_vs_bryant_20250301,2025-03-01,maine,Bryant,2025,73.10276810107322,74.17862998377676
maine_vs_umass lowell_20250304,2025-03-04,maine,UMass Lowell,2025,76.25206802066381,73.27948904740519
maine_vs_umass lowell_20250308,2025-03-08,maine,UMass Lowell,2025,76.93844726056281,73.03588859013999
manhattan_vs_fordham_20241115,2024-11-15,manhattan,Fordham,2025,68.02866510007006,76.21195160355173
manhattan_vs_army_20241122,2024-11-22,manhattan,Army,2025,74.11730761908093,73.99584979518352
manhattan_vs_le moyne_20241129,2024-11-29,manhattan,Le Moyne,2025,75.45630808226618,73.46533369613624
manhattan_vs_marist_20241208,2024-12-08,manhattan,Marist,2025,69.0265935945808,70.9511071832881
manhattan_vs_mount st. mary's_20250110,2025-01-10,manhattan,Mount St. Mary's,2025,76.20307691554068,75.28986830471626
manhattan_vs_niagara_20250118,2025-01-18,manhattan,Niagara,2025,74.89543363554668,71.24273648646555
manhattan_vs_fairfield_20250123,2025-01-23,manhattan,Fairfield,2025,76.46346482697275,74.14684410320777
manhattan_vs_iona_20250131,2025-01-31,manhattan,Iona,2025,73.91424176154116,72.34096960468213
manhattan_vs_saint peter's_20250208,2025-02-08,manhattan,Saint Peter's,2025,73.01562759658447,64.28717310642067
manhattan_vs_merrimack_20250214,2025-02-14,manhattan,Merrimack,2025,70.39446264566844,66.01881727467298
manhattan_vs_quinnipiac_20250223,2025-02-23,manhattan,Quinnipiac,2025,75.2700714846341,76.4607717704048
manhattan_vs_sacred heart_20250306,2025-03-06,manhattan,Sacred Heart,2025,76.73635834862264,76.58679822283747
manhattan_vs_siena_20250308,2025-03-08,manhattan,Siena,2025,76.39337380173203,74.59089814054553
marist_vs_army_20241115,2024-11-15,marist,Army,2025,72.69257048078175,63.97717501345602
marist_vs_dartmouth_20241119,2024-11-19,marist,Dartmouth,2025,78.07436634444898,69.8205272093194
marist_vs_new hampshire_20241123,2024-11-23,marist,New Hampshire,2025,78.3341018718387,65.75795096904918
marist_vs_mount st. mary's_20241206,2024-12-06,marist,Mount St. Mary's,2025,74.1296052177394,70.73048327836024
marist_vs_umbc_20241221,2024-12-21,marist,UMBC,2025,75.92521863847912,74.05823083716365
marist_vs_binghamton_20241229,2024-12-29,marist,Binghamton,2025,71.08088205119373,65.7224823408104
marist_vs_quinnipiac_20250105,2025-01-05,marist,Quinnipiac,2025,68.1027091460354,69.74169461292333
marist_vs_fairfield_20250112,2025-01-12,marist,Fairfield,2025,71.86961454581873,65.90155024546301
marist_vs_rider_20250118,2025-01-18,marist,Rider,2025,69.83015937774348,61.351137522423144
marist_vs_siena_20250131,2025-01-31,marist,Siena,2025,69.07844291815503,63.21672451951661
marist_vs_iona_20250208,2025-02-08,marist,Iona,2025,67.51160657863318,63.2226805506928
marist_vs_canisius_20250221,2025-02-21,marist,Canisius,2025,71.51461983141087,60.81044299214404
marist_vs_niagara_20250223,2025-02-23,marist,Niagara,2025,70.00681614387422,63.49107779257832
marist_vs_saint peter's_20250302,2025-03-02,marist,Saint Peter's,2025,67.47342887556637,60.993662411458686
marist_vs_merrimack_20250306,2025-03-06,marist,Merrimack,2025,64.07299840972338,64.36383480066979
marist_vs_mount st. mary's_20250313,2025-03-13,marist,Mount St. Mary's,2025,66.90018833807704,66.07931748133367
marquette_vs_purdue_20241119,2024-11-19,marquette,Purdue,2025,75.73128948399261,69.53650913340233
marquette_vs_stonehill_20241127,2024-11-27,marquette,Stonehill,2025,84.77113584061532,60.35434530333328
marquette_vs_western carolina_20241130,2024-11-30,marquette,Western Carolina,2025,88.53544178250502,65.56570769048132
marquette_vs_wisconsin_20241207,2024-12-07,marquette,Wisconsin,2025,77.96277349629221,68.98973688273549
marquette_vs_butler_20241218,2024-12-18,marquette,Butler,2025,76.4031097363126,67.1531030716838
marquette_vs_creighton_20250103,2025-01-03,marquette,Creighton,2025,77.0162994960625,67.8643033419019
marquette_vs_georgetown_20250107,2025-01-07,marquette,Georgetown,2025,77.47855453382472,64.84715569270391
marquette_vs_xavier_20250118,2025-01-18,marquette,Xavier,2025,80.8956170673604,71.94268477889554
marquette_vs_villanova_20250124,2025-01-24,marquette,Villanova,2025,76.2588485314412,66.4048647667736
marquette_vs_connecticut_20250201,2025-02-01,marquette,Connecticut,2025,75.44598345105872,67.44490960363214
marquette_vs_depaul_20250211,2025-02-11,marquette,DePaul,2025,80.13911051985363,67.4872437923448
marquette_vs_seton hall_20250218,2025-02-18,marquette,Seton Hall,2025,77.57344652954231,61.40959801827299
marquette_vs_providence_20250225,2025-02-25,marquette,Providence,2025,75.2725103536752,66.58831533835205
marquette_vs_st. john's (ny)_20250308,2025-03-08,marquette,St. John's (NY),2025,75.50398944305132,72.68617166010019
marquette_vs_xavier_20250313,2025-03-13,marquette,Xavier,2025,73.73307383579196,72.23763467861438
marquette_vs_st. john's (ny)_20250314,2025-03-14,marquette,St. John's (NY),2025,75.20257460480963,73.63651414238808
marquette_vs_new mexico_20250321,2025-03-21,marquette,New Mexico,2025,78.62948395480939,73.53661278699093
marshall_vs_bellarmine_20241116,2024-11-16,marshall,Bellarmine,2025,79.00096193701283,68.84483488212051
marshall_vs_south carolina state_20241127,2024-11-27,marshall,South Carolina State,2025,77.31863889231771,68.94119328935362
marshall_vs_morehead state_20241204,2024-12-04,marshall,Morehead State,2025,74.3958421759276,66.29548459377061
marshall_vs_ohio_20241214,2024-12-14,marshall,Ohio,2025,78.11307397796342,76.44908617804879
marshall_vs_texas state_20250102,2025-01-02,marshall,Texas State,2025,71.65012511469943,72.68144379332884
marshall_vs_troy_20250104,2025-01-04,marshall,Troy,2025,71.97803141898913,71.98961000167506
marshall_vs_james madison_20250109,2025-01-09,marshall,James Madison,2025,70.85905977654339,71.30726177566643
marshall_vs_georgia southern_20250111,2025-01-11,marshall,Georgia Southern,2025,79.17350691850385,66.99040585515333
marshall_vs_georgia state_20250130,2025-01-30,marshall,Georgia State,2025,78.79201223611994,70.95163304114628
marshall_vs_coastal carolina_20250201,2025-02-01,marshall,Coastal Carolina,2025,73.76815260938614,66.70584781111745
marshall_vs_arkansas state_20250205,2025-02-05,marshall,Arkansas State,2025,73.18379367721927,77.86423337891036
marshall_vs_old dominion_20250225,2025-02-25,marshall,Old Dominion,2025,76.34701880157216,69.16383168727214
marshall_vs_appalachian state_20250228,2025-02-28,marshall,Appalachian State,2025,66.53577257374985,66.00069217697167
maryland_vs_marquette_20241115,2024-11-15,maryland,Marquette,2025,76.97573021404963,71.75688574760163
maryland_vs_canisius_20241119,2024-11-19,maryland,Canisius,2025,81.92641665559712,57.79792646916216
maryland_vs_villanova_20241124,2024-11-24,maryland,Villanova,2025,74.23110579974404,68.91232693326121
maryland_vs_bucknell_20241127,2024-11-27,maryland,Bucknell,2025,88.0176995957834,66.19959886417337
maryland_vs_alcorn state_20241201,2024-12-01,maryland,Alcorn State,2025,84.84073142843563,56.63310451002874
maryland_vs_ohio state_20241204,2024-12-04,maryland,Ohio State,2025,76.74899566050335,72.77580387219956
maryland_vs_saint francis (pa)_20241217,2024-12-17,maryland,Saint Francis (PA),2025,86.40442774754708,62.32424814855914
maryland_vs_syracuse_20241221,2024-12-21,maryland,Syracuse,2025,85.85363564693614,71.5570640131784
maryland_vs_maryland eastern shore_20241228,2024-12-28,maryland,Maryland Eastern Shore,2025,89.59599407951985,62.455526971884495
maryland_vs_ucla_20250110,2025-01-10,maryland,UCLA,2025,76.10974974946647,71.42943156073757
maryland_vs_minnesota_20250113,2025-01-13,maryland,Minnesota,2025,81.15154393068454,62.652634276506234
maryland_vs_nebraska_20250119,2025-01-19,maryland,Nebraska,2025,80.14448037363773,70.22768854269412
maryland_vs_wisconsin_20250129,2025-01-29,maryland,Wisconsin,2025,79.16244344403265,73.29993496109502
maryland_vs_rutgers_20250209,2025-02-09,maryland,Rutgers,2025,82.02609979343983,69.58210234190042
maryland_vs_iowa_20250216,2025-02-16,maryland,Iowa,2025,82.66883084222603,72.04548434398615
maryland_vs_southern california_20250220,2025-02-20,maryland,Southern California,2025,81.14793751873339,70.960469511952
maryland_vs_michigan state_20250226,2025-02-26,maryland,Michigan State,2025,78.49614942505316,74.20474480331303
maryland_vs_northwestern_20250308,2025-03-08,maryland,Northwestern,2025,76.13854473755418,68.82469529585875
maryland_vs_michigan_20250315,2025-03-15,maryland,Michigan,2025,78.49536513096932,72.27598063537599
maryland-baltimore-county_vs_coppin state_20241114,2024-11-14,maryland-baltimore-county,Coppin State,2025,83.1691200651575,70.79972174177912
maryland-baltimore-county_vs_saint peter's_20241116,2024-11-16,maryland-baltimore-county,Saint Peter's,2025,74.06660437941579,72.98853552674295
maryland-baltimore-county_vs_hampton_20241119,2024-11-19,maryland-baltimore-county,Hampton,2025,79.15074110808565,71.67784548618526
maryland-baltimore-county_vs_boston university_20241123,2024-11-23,maryland-baltimore-county,Boston University,2025,72.97828467569661,70.90306368158325
maryland-baltimore-county_vs_howard_20241125,2024-11-25,maryland-baltimore-county,Howard,2025,78.27119195856014,74.32440694996724
maryland-baltimore-county_vs_morgan state_20241127,2024-11-27,maryland-baltimore-county,Morgan State,2025,82.05480035592278,72.81578998678086
maryland-baltimore-county_vs_new hampshire_20250116,2025-01-16,maryland-baltimore-county,New Hampshire,2025,82.59956939051634,69.61168220667392
maryland-baltimore-county_vs_maine_20250118,2025-01-18,maryland-baltimore-county,Maine,2025,74.46340984666594,73.11862318189382
maryland-baltimore-county_vs_bryant_20250130,2025-01-30,maryland-baltimore-county,Bryant,2025,78.87000813886362,82.82180415876756
maryland-baltimore-county_vs_umass lowell_20250201,2025-02-01,maryland-baltimore-county,UMass Lowell,2025,80.32903269115184,79.24940353928241
maryland-baltimore-county_vs_binghamton_20250213,2025-02-13,maryland-baltimore-county,Binghamton,2025,75.8974595438998,72.7260672327006
maryland-baltimore-county_vs_njit_20250222,2025-02-22,maryland-baltimore-county,NJIT,2025,79.70663443804096,69.37491182000502
maryland-baltimore-county_vs_albany (ny)_20250227,2025-02-27,maryland-baltimore-county,Albany (NY),2025,80.1813878321662,77.58047406480331
maryland-baltimore-county_vs_vermont_20250301,2025-03-01,maryland-baltimore-county,Vermont,2025,68.20214965147156,70.1088964470602
maryland-eastern-shore_vs_wagner_20241208,2024-12-08,maryland-eastern-shore,Wagner,2025,62.03210393369927,64.8602557124198
maryland-eastern-shore_vs_delaware state_20250125,2025-01-25,maryland-eastern-shore,Delaware State,2025,70.43983257041087,76.21010525966672
maryland-eastern-shore_vs_coppin state_20250203,2025-02-03,maryland-eastern-shore,Coppin State,2025,70.75606372227548,67.07037187828814
maryland-eastern-shore_vs_howard_20250210,2025-02-10,maryland-eastern-shore,Howard,2025,71.20376265876897,77.72388544882544
maryland-eastern-shore_vs_norfolk state_20250215,2025-02-15,maryland-eastern-shore,Norfolk State,2025,66.5565402558747,77.29302214846365
maryland-eastern-shore_vs_south carolina state_20250224,2025-02-24,maryland-eastern-shore,South Carolina State,2025,66.52787618064596,77.63235565355356
maryland-eastern-shore_vs_north carolina central_20250226,2025-02-26,maryland-eastern-shore,North Carolina Central,2025,68.46036379378131,78.0354913564601
maryland-eastern-shore_vs_morgan state_20250301,2025-03-01,maryland-eastern-shore,Morgan State,2025,73.82494337500763,76.9177064707682
maryland-eastern-shore_vs_norfolk state_20250312,2025-03-12,maryland-eastern-shore,Norfolk State,2025,66.55549447583054,76.68862947198878
massachusetts_vs_hofstra_20241116,2024-11-16,massachusetts,Hofstra,2025,75.51481155694961,70.61503965932143
massachusetts_vs_temple_20241123,2024-11-23,massachusetts,Temple,2025,72.3991034309593,75.44673053698348
massachusetts_vs_njit_20241201,2024-12-01,massachusetts,NJIT,2025,76.9800306554417,61.295123590610565
massachusetts_vs_central connecticut state_20241204,2024-12-04,massachusetts,Central Connecticut State,2025,74.235154476465,66.64244369280821
massachusetts_vs_umass lowell_20241207,2024-12-07,massachusetts,UMass Lowell,2025,75.74023774230898,75.44975249573118
massachusetts_vs_northeastern_20241218,2024-12-18,massachusetts,Northeastern,2025,74.12742823801405,72.93537073548057
massachusetts_vs_richmond_20250104,2025-01-04,massachusetts,Richmond,2025,77.31851307963115,72.60512591121899
massachusetts_vs_dayton_20250108,2025-01-08,massachusetts,Dayton,2025,68.09962545438965,76.10479229225326
massachusetts_vs_la salle_20250119,2025-01-19,massachusetts,La Salle,2025,79.05570353616525,79.08301481789915
massachusetts_vs_george washington_20250122,2025-01-22,massachusetts,George Washington,2025,74.92056354633985,76.051358573179
massachusetts_vs_saint louis_20250204,2025-02-04,massachusetts,Saint Louis,2025,72.81647303251142,71.52907200939588
massachusetts_vs_davidson_20250212,2025-02-12,massachusetts,Davidson,2025,73.1646366065575,73.67271223797049
massachusetts_vs_st. bonaventure_20250215,2025-02-15,massachusetts,St. Bonaventure,2025,69.31930647620523,71.51989539101491
massachusetts_vs_rhode island_20250301,2025-03-01,massachusetts,Rhode Island,2025,76.21624080565628,73.89716437323
massachusetts_vs_loyola chicago_20250308,2025-03-08,massachusetts,Loyola Chicago,2025,71.44003576174585,73.27218689964573
massachusetts-lowell_vs_quinnipiac_20241123,2024-11-23,massachusetts-lowell,Quinnipiac,2025,80.05468594549141,71.94469362447478
massachusetts-lowell_vs_merrimack_20241125,2024-11-25,massachusetts-lowell,Merrimack,2025,77.7919805708104,65.19680075785159
massachusetts-lowell_vs_liu_20241211,2024-12-11,massachusetts-lowell,LIU,2025,82.42107052112827,69.67231927046195
massachusetts-lowell_vs_dartmouth_20241214,2024-12-14,massachusetts-lowell,Dartmouth,2025,83.44915379826199,71.5794551914076
massachusetts-lowell_vs_stonehill_20241218,2024-12-18,massachusetts-lowell,Stonehill,2025,82.67127334786562,70.43635935666012
massachusetts-lowell_vs_boston university_20241221,2024-12-21,massachusetts-lowell,Boston University,2025,78.21239577397685,70.72596135521742
massachusetts-lowell_vs_vermont_20250109,2025-01-09,massachusetts-lowell,Vermont,2025,74.44192571409941,67.16541579346692
massachusetts-lowell_vs_njit_20250111,2025-01-11,massachusetts-lowell,NJIT,2025,79.34600959113068,63.972404820290485
massachusetts-lowell_vs_maine_20250123,2025-01-23,massachusetts-lowell,Maine,2025,77.78572733744241,73.37405366336714
massachusetts-lowell_vs_new hampshire_20250125,2025-01-25,massachusetts-lowell,New Hampshire,2025,82.07928676221952,69.65939449613595
massachusetts-lowell_vs_albany (ny)_20250213,2025-02-13,massachusetts-lowell,Albany (NY),2025,80.01384393147573,75.45837924556191
massachusetts-lowell_vs_umbc_20250220,2025-02-20,massachusetts-lowell,UMBC,2025,81.87925065822718,75.62264414978976
massachusetts-lowell_vs_bryant_20250227,2025-02-27,massachusetts-lowell,Bryant,2025,79.73417154602888,81.98203869570006
massachusetts-lowell_vs_binghamton_20250301,2025-03-01,massachusetts-lowell,Binghamton,2025,76.61979878471253,72.89317366750116
mcneese-state_vs_north texas_20241118,2024-11-18,mcneese-state,North Texas,2025,70.62974178623784,67.2875932746433
mcneese-state_vs_santa clara_20241203,2024-12-03,mcneese-state,Santa Clara,2025,73.73580668425349,68.84914414841248
mcneese-state_vs_mississippi state_20241214,2024-12-14,mcneese-state,Mississippi State,2025,71.83215109819221,72.29185327764965
mcneese-state_vs_new orleans_20241228,2024-12-28,mcneese-state,New Orleans,2025,80.88221657788034,64.49439813561705
mcneese-state_vs_southeastern louisiana_20241230,2024-12-30,mcneese-state,Southeastern Louisiana,2025,76.26225128436096,62.39226310794411
mcneese-state_vs_lamar_20250118,2025-01-18,mcneese-state,Lamar,2025,77.26427881384753,62.308515094702294
mcneese-state_vs_stephen f. austin_20250120,2025-01-20,mcneese-state,Stephen F. Austin,2025,76.15627937386976,56.71746146079151
mcneese-state_vs_incarnate word_20250203,2025-02-03,mcneese-state,Incarnate Word,2025,77.72309908242991,62.12971767225021
mcneese-state_vs_northwestern state_20250208,2025-02-08,mcneese-state,Northwestern State,2025,75.53037055209381,61.02710734906394
mcneese-state_vs_texas a&mâcommerce_20250210,2025-02-10,mcneese-state,Texas A&MâCommerce,2025,79.99832828037863,57.81758614126315
mcneese-state_vs_texas a&mâcorpus christi_20250222,2025-02-22,mcneese-state,Texas A&MâCorpus Christi,2025,74.7694680794313,64.9770196031425
mcneese-state_vs_northwestern state_20250311,2025-03-11,mcneese-state,Northwestern State,2025,73.867289798867,61.37231318195049
mcneese-state_vs_purdue_20250322,2025-03-22,mcneese-state,Purdue,2025,66.8182669205732,69.90822123419437
memphis_vs_ohio_20241115,2024-11-15,memphis,Ohio,2025,81.79029647581405,68.89185586220292
memphis_vs_michigan state_20241126,2024-11-26,memphis,Michigan State,2025,76.97474478499319,76.34307631877252
memphis_vs_louisiana tech_20241204,2024-12-04,memphis,Louisiana Tech,2025,78.77012945245393,68.99404481694779
memphis_vs_arkansas state_20241208,2024-12-08,memphis,Arkansas State,2025,79.38031217753154,69.1353181493052
memphis_vs_mississippi state_20241221,2024-12-21,memphis,Mississippi State,2025,74.85578010464523,75.30061866360623
memphis_vs_north texas_20250105,2025-01-05,memphis,North Texas,2025,70.26933222470974,63.88874498535801
memphis_vs_east carolina_20250111,2025-01-11,memphis,East Carolina,2025,80.08218812381332,65.83972459766753
memphis_vs_wichita state_20250123,2025-01-23,memphis,Wichita State,2025,81.26615849055302,69.1612173298195
memphis_vs_uab_20250126,2025-01-26,memphis,UAB,2025,79.82597681503998,73.76186446722494
memphis_vs_tulsa_20250205,2025-02-05,memphis,Tulsa,2025,81.42109751722992,66.10193023579566
memphis_vs_temple_20250209,2025-02-09,memphis,Temple,2025,82.75675178027811,70.27454170858317
memphis_vs_florida atlantic_20250223,2025-02-23,memphis,Florida Atlantic,2025,82.57405061565498,70.97958306968759
memphis_vs_rice_20250226,2025-02-26,memphis,Rice,2025,79.275091000883,67.83221164683533
memphis_vs_south florida_20250307,2025-03-07,memphis,South Florida,2025,80.88370855181986,68.18178331791445
memphis_vs_wichita state_20250314,2025-03-14,memphis,Wichita State,2025,76.74611673904101,71.68216782605641
memphis_vs_tulane_20250315,2025-03-15,memphis,Tulane,2025,75.74922129094732,70.80313099407525
mercer_vs_miami (oh)_20241126,2024-11-26,mercer,Miami (OH),2025,74.2181424106178,76.81836151264802
mercer_vs_west georgia_20241204,2024-12-04,mercer,West Georgia,2025,80.52487654328144,70.65618640995457
mercer_vs_chicago state_20241215,2024-12-15,mercer,Chicago State,2025,83.07251739441581,71.09438450203737
mercer_vs_chattanooga_20250101,2025-01-01,mercer,Chattanooga,2025,79.05871483848499,77.3991022481944
mercer_vs_east tennessee state_20250108,2025-01-08,mercer,East Tennessee State,2025,75.78553827079928,77.31631222680419
mercer_vs_samford_20250115,2025-01-15,mercer,Samford,2025,80.22447007764345,85.96266674838066
mercer_vs_furman_20250125,2025-01-25,mercer,Furman,2025,75.5244697399936,75.05694423887732
mercer_vs_the citadel_20250129,2025-01-29,mercer,The Citadel,2025,79.4948128767424,70.47568001778747
mercer_vs_wofford_20250208,2025-02-08,mercer,Wofford,2025,73.54652071130663,74.80467985284464
mercer_vs_vmi_20250215,2025-02-15,mercer,VMI,2025,78.79411185271951,73.10950008790607
mercer_vs_unc greensboro_20250222,2025-02-22,mercer,UNC Greensboro,2025,70.70836939384911,73.69587482809503
mercer_vs_western carolina_20250301,2025-03-01,mercer,Western Carolina,2025,81.77338431282628,72.27567632460037
mercer_vs_western carolina_20250307,2025-03-07,mercer,Western Carolina,2025,78.68300143131297,72.40670213249234
mercyhurst_vs_lafayette_20241207,2024-12-07,mercyhurst,Lafayette,2025,64.12788949287717,68.46302748153369
mercyhurst_vs_stonehill_20250103,2025-01-03,mercyhurst,Stonehill,2025,66.9588130162128,70.12250839438634
mercyhurst_vs_central connecticut state_20250105,2025-01-05,mercyhurst,Central Connecticut State,2025,63.8860138640328,69.09396153094396
mercyhurst_vs_wagner_20250124,2025-01-24,mercyhurst,Wagner,2025,65.87444943868586,63.49919826954984
mercyhurst_vs_liu_20250126,2025-01-26,mercyhurst,LIU,2025,64.05609332451543,64.37834278299036
mercyhurst_vs_saint francis (pa)_20250130,2025-01-30,mercyhurst,Saint Francis (PA),2025,68.4373796942894,69.13935016023763
mercyhurst_vs_le moyne_20250208,2025-02-08,mercyhurst,Le Moyne,2025,73.57918492564407,71.27050729931446
mercyhurst_vs_chicago state_20250227,2025-02-27,mercyhurst,Chicago State,2025,69.83051277430802,64.88834228696477
merrimack_vs_princeton_20241117,2024-11-17,merrimack,Princeton,2025,65.90464573014467,70.05790402899568
merrimack_vs_utsa_20241127,2024-11-27,merrimack,UTSA,2025,69.68766636968142,70.18047278491382
merrimack_vs_boston university_20241213,2024-12-13,merrimack,Boston University,2025,68.805854848134,63.5827755383289
merrimack_vs_fairfield_20250103,2025-01-03,merrimack,Fairfield,2025,71.6876901230419,65.66164833798967
merrimack_vs_manhattan_20250112,2025-01-12,merrimack,Manhattan,2025,75.81764796716402,67.07266357602148
merrimack_vs_siena_20250118,2025-01-18,merrimack,Siena,2025,71.50033685374187,61.63039557611492
merrimack_vs_mount st. mary's_20250131,2025-01-31,merrimack,Mount St. Mary's,2025,72.69068400092209,60.98184794197443
merrimack_vs_niagara_20250206,2025-02-06,merrimack,Niagara,2025,69.173286817587,59.46285423820801
merrimack_vs_canisius_20250208,2025-02-08,merrimack,Canisius,2025,71.11711895286186,59.548502709351204
merrimack_vs_marist_20250216,2025-02-16,merrimack,Marist,2025,66.78060380292455,61.399696669329096
merrimack_vs_sacred heart_20250221,2025-02-21,merrimack,Sacred Heart,2025,73.80813008217476,66.19620958325056
merrimack_vs_rider_20250228,2025-02-28,merrimack,Rider,2025,69.65533376871375,60.00930939903123
merrimack_vs_quinnipiac_20250302,2025-03-02,merrimack,Quinnipiac,2025,66.84937663538227,67.01040440982939
merrimack_vs_sacred heart_20250312,2025-03-12,merrimack,Sacred Heart,2025,70.46688697775565,66.79103976671348
merrimack_vs_mount st. mary's_20250314,2025-03-14,merrimack,Mount St. Mary's,2025,68.33010758257002,64.68720235626381
miami-fl_vs_coppin state_20241117,2024-11-17,miami-fl,Coppin State,2025,91.34052513006543,59.985973239358856
miami-fl_vs_oklahoma state_20241122,2024-11-22,miami-fl,Oklahoma State,2025,78.58978916910463,72.913217621735
miami-fl_vs_vcu_20241124,2024-11-24,miami-fl,VCU,2025,69.93260293886323,70.47256558332526
miami-fl_vs_charleston southern_20241130,2024-11-30,miami-fl,Charleston Southern,2025,86.95102928783604,65.18198485693664
miami-fl_vs_arkansas_20241203,2024-12-03,miami-fl,Arkansas,2025,75.64906829664801,76.37035320971906
miami-fl_vs_clemson_20241207,2024-12-07,miami-fl,Clemson,2025,71.43703353768474,72.50802413261435
miami-fl_vs_tennessee_20241210,2024-12-10,miami-fl,Tennessee,2025,64.77923615912411,75.83610952297855
miami-fl_vs_presbyterian_20241215,2024-12-15,miami-fl,Presbyterian,2025,80.74485520550319,67.52262809087584
miami-fl_vs_mount st. mary's_20241221,2024-12-21,miami-fl,Mount St. Mary's,2025,83.49118183043053,68.92808245759636
miami-fl_vs_florida state_20250108,2025-01-08,miami-fl,Florida State,2025,74.62343401855267,80.83405250377825
miami-fl_vs_wake forest_20250111,2025-01-11,miami-fl,Wake Forest,2025,70.60865351355604,70.99832061810321
miami-fl_vs_smu_20250118,2025-01-18,miami-fl,SMU,2025,75.02594534082048,82.15904910907808
miami-fl_vs_virginia_20250129,2025-01-29,miami-fl,Virginia,2025,70.37773466221559,67.31241162217931
miami-fl_vs_notre dame_20250201,2025-02-01,miami-fl,Notre Dame,2025,72.51294232973738,77.38089413129384
miami-fl_vs_syracuse_20250211,2025-02-11,miami-fl,Syracuse,2025,78.72235231083901,79.3600898895761
miami-fl_vs_virginia tech_20250222,2025-02-22,miami-fl,Virginia Tech,2025,73.41491631193126,72.62911714529109
miami-fl_vs_duke_20250225,2025-02-25,miami-fl,Duke,2025,65.38791136150509,80.67644624245689
miami-fl_vs_nc state_20250308,2025-03-08,miami-fl,NC State,2025,72.38762553719886,73.76785139633428
miami-oh_vs_siena_20241125,2024-11-25,miami-oh,Siena,2025,75.21735455510085,71.35600920378037
miami-oh_vs_air force_20241202,2024-12-02,miami-oh,Air Force,2025,71.49007903081966,64.98104974473114
miami-oh_vs_sacred heart_20241222,2024-12-22,miami-oh,Sacred Heart,2025,76.75595684096513,71.71743529172586
miami-oh_vs_buffalo_20250104,2025-01-04,miami-oh,Buffalo,2025,83.6072768020188,71.62908255835464
miami-oh_vs_bowling green_20250121,2025-01-21,miami-oh,Bowling Green,2025,81.67515843302331,73.61697107908563
miami-oh_vs_eastern michigan_20250128,2025-01-28,miami-oh,Eastern Michigan,2025,80.0012610438437,73.01221625707328
miami-oh_vs_ohio_20250201,2025-02-01,miami-oh,Ohio,2025,80.1557276677513,78.12217325451508
miami-oh_vs_troy_20250208,2025-02-08,miami-oh,Troy,2025,70.96575773080575,72.86978663102994
miami-oh_vs_toledo_20250211,2025-02-11,miami-oh,Toledo,2025,78.54117830950283,75.3197576677511
miami-oh_vs_kent state_20250221,2025-02-21,miami-oh,Kent State,2025,72.03301567351014,72.40425339018023
miami-oh_vs_northern illinois_20250225,2025-02-25,miami-oh,Northern Illinois,2025,83.50449054941987,71.6265283663226
miami-oh_vs_ball state_20250307,2025-03-07,miami-oh,Ball State,2025,79.86586050036611,74.69146777428023
michigan_vs_tcu_20241115,2024-11-15,michigan,TCU,2025,74.81470047734496,71.78966300475525
michigan_vs_miami (oh)_20241118,2024-11-18,michigan,Miami (OH),2025,83.55728392134455,64.21377689393161
michigan_vs_tarleton state_20241121,2024-11-21,michigan,Tarleton State,2025,89.30118386514494,62.6622037727012
michigan_vs_virginia tech_20241125,2024-11-25,michigan,Virginia Tech,2025,77.10898114688561,69.23094942650451
michigan_vs_xavier_20241127,2024-11-27,michigan,Xavier,2025,77.85262608199315,73.50705656690195
michigan_vs_iowa_20241207,2024-12-07,michigan,Iowa,2025,80.04060021227916,74.98808769930126
michigan_vs_oklahoma_20241218,2024-12-18,michigan,Oklahoma,2025,78.39512759286913,72.3340668232026
michigan_vs_western kentucky_20241229,2024-12-29,michigan,Western Kentucky,2025,85.89498144340824,72.46781117389557
michigan_vs_washington_20250112,2025-01-12,michigan,Washington,2025,83.89286299928588,66.53800405297805
michigan_vs_northwestern_20250119,2025-01-19,michigan,Northwestern,2025,79.85496311106205,69.02712201302536
michigan_vs_penn state_20250127,2025-01-27,michigan,Penn State,2025,82.71214678732287,74.30929018574997
michigan_vs_oregon_20250205,2025-02-05,michigan,Oregon,2025,79.61945853908549,71.7406173106955
michigan_vs_purdue_20250211,2025-02-11,michigan,Purdue,2025,74.4661895314772,71.87503418177403
michigan_vs_michigan state_20250221,2025-02-21,michigan,Michigan State,2025,77.77651618539556,73.83933936549124
michigan_vs_rutgers_20250227,2025-02-27,michigan,Rutgers,2025,81.95906575915261,70.74972067892554
michigan_vs_illinois_20250302,2025-03-02,michigan,Illinois,2025,80.29705154465508,76.724333340533
michigan_vs_maryland_20250305,2025-03-05,michigan,Maryland,2025,78.34747473834904,76.31223164055092
michigan_vs_purdue_20250314,2025-03-14,michigan,Purdue,2025,70.80650464057351,72.99418578946413
michigan_vs_wisconsin_20250316,2025-03-16,michigan,Wisconsin,2025,74.4171235660817,74.81024009870181
michigan_vs_texas a&m_20250322,2025-03-22,michigan,Texas A&M,2025,71.86214538542316,73.27329671200327
michigan-state_vs_bowling green_20241116,2024-11-16,michigan-state,Bowling Green,2025,89.31713556432611,63.25463742964596
michigan-state_vs_samford_20241119,2024-11-19,michigan-state,Samford,2025,89.02985832300914,74.1824217531323
michigan-state_vs_north carolina_20241127,2024-11-27,michigan-state,North Carolina,2025,75.40994232157333,77.02690725823926
michigan-state_vs_nebraska_20241207,2024-12-07,michigan-state,Nebraska,2025,79.75839732539562,72.68474041465102
michigan-state_vs_oakland_20241217,2024-12-17,michigan-state,Oakland,2025,74.840806118677,63.19361659680491
michigan-state_vs_florida atlantic_20241221,2024-12-21,michigan-state,Florida Atlantic,2025,87.48612896734699,73.07768412993534
michigan-state_vs_washington_20250109,2025-01-09,michigan-state,Washington,2025,78.97458339470936,66.54240861359239
michigan-state_vs_penn state_20250115,2025-01-15,michigan-state,Penn State,2025,81.45903864803316,72.36833864682795
michigan-state_vs_illinois_20250119,2025-01-19,michigan-state,Illinois,2025,78.61106169619498,76.12555329573806
michigan-state_vs_minnesota_20250128,2025-01-28,michigan-state,Minnesota,2025,76.22767084911405,65.28181712381482
michigan-state_vs_oregon_20250208,2025-02-08,michigan-state,Oregon,2025,79.64998928802511,69.6932970699324
michigan-state_vs_indiana_20250211,2025-02-11,michigan-state,Indiana,2025,80.01995106307284,68.67531249617898
michigan-state_vs_purdue_20250218,2025-02-18,michigan-state,Purdue,2025,74.4028838899667,70.64296002578881
michigan-state_vs_wisconsin_20250302,2025-03-02,michigan-state,Wisconsin,2025,75.38091324115922,69.9436874302525
michigan-state_vs_michigan_20250309,2025-03-09,michigan-state,Michigan,2025,78.32211235097938,69.46341723922433
michigan-state_vs_oregon_20250314,2025-03-14,michigan-state,Oregon,2025,73.49113309900389,70.50773188731704
michigan-state_vs_wisconsin_20250315,2025-03-15,michigan-state,Wisconsin,2025,72.52627914797624,71.34902979608971
michigan-state_vs_new mexico_20250323,2025-03-23,michigan-state,New Mexico,2025,77.58357686395573,71.02451614302929
middle-tennessee_vs_murray state_20241116,2024-11-16,middle-tennessee,Murray State,2025,76.79276160402671,75.4629871278591
middle-tennessee_vs_ohio_20241121,2024-11-21,middle-tennessee,Ohio,2025,73.77413168601844,73.81475938162616
middle-tennessee_vs_south florida_20241122,2024-11-22,middle-tennessee,South Florida,2025,71.87244267989472,74.75676650324017
middle-tennessee_vs_california baptist_20241216,2024-12-16,middle-tennessee,California Baptist,2025,83.00832165698793,73.65201308350386
middle-tennessee_vs_lipscomb_20241219,2024-12-19,middle-tennessee,Lipscomb,2025,76.07566351765935,76.73288925518085
middle-tennessee_vs_kennesaw state_20250109,2025-01-09,middle-tennessee,Kennesaw State,2025,80.50378383547795,72.6323829660042
middle-tennessee_vs_jacksonville state_20250111,2025-01-11,middle-tennessee,Jacksonville State,2025,75.77648281682376,70.09301780159817
middle-tennessee_vs_western kentucky_20250118,2025-01-18,middle-tennessee,Western Kentucky,2025,80.88234617400886,75.3966715219247
middle-tennessee_vs_new mexico state_20250130,2025-01-30,middle-tennessee,New Mexico State,2025,74.76318238506353,69.69679198971558
middle-tennessee_vs_utep_20250201,2025-02-01,middle-tennessee,UTEP,2025,74.54235797407449,72.49664476567767
middle-tennessee_vs_louisiana tech_20250220,2025-02-20,middle-tennessee,Louisiana Tech,2025,74.56671787561348,69.01569292194279
middle-tennessee_vs_sam houston state_20250222,2025-02-22,middle-tennessee,Sam Houston State,2025,79.07147569193666,73.55656153927337
middle-tennessee_vs_liberty_20250306,2025-03-06,middle-tennessee,Liberty,2025,68.06573058747976,70.34241204542049
middle-tennessee_vs_florida international_20250308,2025-03-08,middle-tennessee,Florida International,2025,79.11109068664383,71.23927032800894
middle-tennessee_vs_chattanooga_20250318,2025-03-18,middle-tennessee,Chattanooga,2025,75.89147503642788,71.603333285998
milwaukee_vs_portland state_20241122,2024-11-22,milwaukee,Portland State,2025,89.06110114849679,77.5870505771717
milwaukee_vs_wofford_20241123,2024-11-23,milwaukee,Wofford,2025,78.18550419804251,76.47280947947787
milwaukee_vs_st. thomas_20241124,2024-11-24,milwaukee,St. Thomas,2025,78.1334046001105,77.00187056101655
milwaukee_vs_cleveland state_20241205,2024-12-05,milwaukee,Cleveland State,2025,76.89496341998108,68.78547347725171
milwaukee_vs_iu indy_20241229,2024-12-29,milwaukee,IU Indy,2025,81.53985659716177,70.82396371584312
milwaukee_vs_green bay_20250111,2025-01-11,milwaukee,Green Bay,2025,81.76771968054942,64.99671616362322
milwaukee_vs_youngstown state_20250117,2025-01-17,milwaukee,Youngstown State,2025,73.82832702911686,66.70582317677531
milwaukee_vs_robert morris_20250119,2025-01-19,milwaukee,Robert Morris,2025,76.10215713957555,68.97614771525572
milwaukee_vs_wright state_20250214,2025-02-14,milwaukee,Wright State,2025,76.71283293371665,72.18791195685552
milwaukee_vs_northern kentucky_20250216,2025-02-16,milwaukee,Northern Kentucky,2025,78.02671754147941,69.05231167950303
milwaukee_vs_oakland_20250227,2025-02-27,milwaukee,Oakland,2025,74.74145394324707,70.17257706169289
milwaukee_vs_detroit mercy_20250301,2025-03-01,milwaukee,Detroit Mercy,2025,78.43015472052363,63.76076218968321
milwaukee_vs_oakland_20250306,2025-03-06,milwaukee,Oakland,2025,75.22480174642517,71.50263363797772
minnesota_vs_yale_20241116,2024-11-16,minnesota,Yale,2025,73.39715720329613,69.33616278017114
minnesota_vs_cleveland state_20241119,2024-11-19,minnesota,Cleveland State,2025,72.85072018903583,59.34330683334335
minnesota_vs_central michigan_20241125,2024-11-25,minnesota,Central Michigan,2025,73.23941333195594,60.06901684093672
minnesota_vs_wichita state_20241128,2024-11-28,minnesota,Wichita State,2025,69.3642512491422,70.8918222965989
minnesota_vs_wake forest_20241129,2024-11-29,minnesota,Wake Forest,2025,64.29538186976446,66.34356639356515
minnesota_vs_bethune-cookman_20241201,2024-12-01,minnesota,Bethune-Cookman,2025,72.93370637830634,59.48368284225788
minnesota_vs_michigan state_20241204,2024-12-04,minnesota,Michigan State,2025,65.64217629624902,68.3760093452917
minnesota_vs_morgan state_20241229,2024-12-29,minnesota,Morgan State,2025,81.19957723028097,62.93527555701379
minnesota_vs_purdue_20250102,2025-01-02,minnesota,Purdue,2025,64.77905370938107,71.1904702465029
minnesota_vs_ohio state_20250106,2025-01-06,minnesota,Ohio State,2025,65.66440057923592,71.29605409174032
minnesota_vs_michigan_20250116,2025-01-16,minnesota,Michigan,2025,67.7141360375965,77.5774237107259
minnesota_vs_oregon_20250125,2025-01-25,minnesota,Oregon,2025,68.95767618888524,72.8705903897165
minnesota_vs_washington_20250201,2025-02-01,minnesota,Washington,2025,71.3757281375932,65.14991046502566
minnesota_vs_illinois_20250208,2025-02-08,minnesota,Illinois,2025,70.29460342322554,80.81579674017058
minnesota_vs_penn state_20250222,2025-02-22,minnesota,Penn State,2025,73.36333814529912,71.52919694438168
minnesota_vs_northwestern_20250225,2025-02-25,minnesota,Northwestern,2025,69.52072842259537,68.50136601384153
minnesota_vs_wisconsin_20250305,2025-03-05,minnesota,Wisconsin,2025,67.7124369117999,73.50795258094885
minnesota_vs_northwestern_20250312,2025-03-12,minnesota,Northwestern,2025,67.04135502254636,67.6276533626912
mississippi_vs_colorado state_20241116,2024-11-16,mississippi,Colorado State,2025,77.97875971463462,71.8632284837529
mississippi_vs_oral roberts_20241121,2024-11-21,mississippi,Oral Roberts,2025,86.92611683640823,65.88446487424073
mississippi_vs_brigham young_20241128,2024-11-28,mississippi,Brigham Young,2025,76.13133462851586,74.57097235050969
mississippi_vs_purdue_20241129,2024-11-29,mississippi,Purdue,2025,70.49797475547392,72.4450289916421
mississippi_vs_louisville_20241203,2024-12-03,mississippi,Louisville,2025,77.60967676155347,72.84096368418768
mississippi_vs_lindenwood_20241207,2024-12-07,mississippi,Lindenwood,2025,88.22503954199865,65.71708588850407
mississippi_vs_southern mississippi_20241214,2024-12-14,mississippi,Southern Mississippi,2025,89.64582307627984,68.38056118671085
mississippi_vs_southern_20241217,2024-12-17,mississippi,Southern,2025,85.51569506661897,66.76771432688574
mississippi_vs_queens (nc)_20241221,2024-12-21,mississippi,Queens (NC),2025,87.22417464711533,67.32058356625096
mississippi_vs_memphis_20241228,2024-12-28,mississippi,Memphis,2025,77.72030374141028,72.06370250113746
mississippi_vs_georgia_20250104,2025-01-04,mississippi,Georgia,2025,74.70649564204359,72.81582663142316
mississippi_vs_arkansas_20250108,2025-01-08,mississippi,Arkansas,2025,73.6561817445142,71.42716143054977
mississippi_vs_louisiana state_20250111,2025-01-11,mississippi,Louisiana State,2025,77.4777247526399,68.95063056963151
mississippi_vs_alabama_20250114,2025-01-14,mississippi,Alabama,2025,76.03806540604933,77.6958283425909
mississippi_vs_mississippi state_20250118,2025-01-18,mississippi,Mississippi State,2025,74.59298126802123,72.17917330692646
mississippi_vs_texas a&m_20250122,2025-01-22,mississippi,Texas A&M,2025,71.14488891793606,69.4022448106937
mississippi_vs_missouri_20250125,2025-01-25,mississippi,Missouri,2025,73.61478260161803,71.99981958918809
mississippi_vs_texas_20250129,2025-01-29,mississippi,Texas,2025,73.92989187483767,67.5894511238549
mississippi_vs_auburn_20250201,2025-02-01,mississippi,Auburn,2025,68.4305098695643,70.27946159095032
mississippi_vs_kentucky_20250204,2025-02-04,mississippi,Kentucky,2025,78.80440302569025,74.16790807483366
mississippi_vs_louisiana state_20250208,2025-02-08,mississippi,Louisiana State,2025,79.97429482517612,70.36110943386994
mississippi_vs_south carolina_20250212,2025-02-12,mississippi,South Carolina,2025,73.96031232554088,65.71451468880001
mississippi_vs_mississippi state_20250215,2025-02-15,mississippi,Mississippi State,2025,76.69754097959876,73.62222779396267
mississippi_vs_vanderbilt_20250222,2025-02-22,mississippi,Vanderbilt,2025,77.95464536488966,74.408551921222
mississippi_vs_auburn_20250226,2025-02-26,mississippi,Auburn,2025,71.46840405287448,74.66957006921419
mississippi_vs_oklahoma_20250301,2025-03-01,mississippi,Oklahoma,2025,78.8712363783855,70.91647800821404
mississippi_vs_tennessee_20250305,2025-03-05,mississippi,Tennessee,2025,69.38168501908916,70.49105459274368
mississippi_vs_florida_20250308,2025-03-08,mississippi,Florida,2025,75.37762020267603,76.03903457187691
mississippi_vs_arkansas_20250313,2025-03-13,mississippi,Arkansas,2025,77.33601025178685,72.49614478680381
mississippi_vs_auburn_20250314,2025-03-14,mississippi,Auburn,2025,73.32865047924875,75.35603660567318
mississippi_vs_north carolina_20250321,2025-03-21,mississippi,North Carolina,2025,79.82393538487497,74.91268417201934
mississippi_vs_iowa state_20250323,2025-03-23,mississippi,Iowa State,2025,72.68749932419182,76.0094595949113
mississippi_vs_michigan state_20250328,2025-03-28,mississippi,Michigan State,2025,73.80338057817788,72.98356603964555
mississippi-state_vs_utah_20241117,2024-11-17,mississippi-state,Utah,2025,81.04198035805867,74.06797042819491
mississippi-state_vs_unlv_20241128,2024-11-28,mississippi-state,UNLV,2025,77.17186383196098,71.54990932121552
mississippi-state_vs_pittsburgh_20241204,2024-12-04,mississippi-state,Pittsburgh,2025,79.0649835306285,74.37458959443181
mississippi-state_vs_bethune-cookman_20241230,2024-12-30,mississippi-state,Bethune-Cookman,2025,86.43125520166447,60.951654121091096
mississippi-state_vs_south carolina_20250104,2025-01-04,mississippi-state,South Carolina,2025,77.53136776747925,68.36612847333723
mississippi-state_vs_kentucky_20250111,2025-01-11,mississippi-state,Kentucky,2025,80.85376488699957,74.09254418734183
mississippi-state_vs_alabama_20250129,2025-01-29,mississippi-state,Alabama,2025,82.8874828376791,79.24937207717552
mississippi-state_vs_missouri_20250201,2025-02-01,mississippi-state,Missouri,2025,78.88603004031523,71.82973168469
mississippi-state_vs_florida_20250211,2025-02-11,mississippi-state,Florida,2025,74.83577691704897,76.34060940621487
mississippi-state_vs_texas a&m_20250218,2025-02-18,mississippi-state,Texas A&M,2025,72.70582167698628,71.47305845127063
mississippi-state_vs_louisiana state_20250301,2025-03-01,mississippi-state,Louisiana State,2025,79.91626537481761,70.07554020694313
mississippi-state_vs_texas_20250304,2025-03-04,mississippi-state,Texas,2025,77.86019107979463,69.71783603384311
mississippi-state_vs_missouri_20250313,2025-03-13,mississippi-state,Missouri,2025,77.4582196970724,75.3247036954447
mississippi-valley-state_vs_texas southern_20250113,2025-01-13,mississippi-valley-state,Texas Southern,2025,65.37276831420907,71.45312538785909
mississippi-valley-state_vs_southern_20250127,2025-01-27,mississippi-valley-state,Southern,2025,59.59805385481039,74.25490835449754
mississippi-valley-state_vs_alabama a&m_20250215,2025-02-15,mississippi-valley-state,Alabama A&M,2025,65.73959103006993,73.53303023144395
mississippi-valley-state_vs_alabama state_20250217,2025-02-17,mississippi-valley-state,Alabama State,2025,60.109445915831664,73.21049321327997
mississippi-valley-state_vs_arkansasâpine bluff_20250301,2025-03-01,mississippi-valley-state,ArkansasâPine Bluff,2025,68.22005188022746,69.3613265864101
mississippi-valley-state_vs_alcorn state_20250306,2025-03-06,mississippi-valley-state,Alcorn State,2025,57.093865086674185,65.92715928526027
mississippi-valley-state_vs_jackson state_20250308,2025-03-08,mississippi-valley-state,Jackson State,2025,58.857730529128105,73.79581813123514
missouri_vs_mississippi valley state_20241114,2024-11-14,missouri,Mississippi Valley State,2025,82.4286662184015,56.461935421456865
missouri_vs_pacific_20241122,2024-11-22,missouri,Pacific,2025,83.67575423180696,63.063262640910914
missouri_vs_arkansasâpine bluff_20241124,2024-11-24,missouri,ArkansasâPine Bluff,2025,90.5999394849996,63.1578134980676
missouri_vs_lindenwood_20241127,2024-11-27,missouri,Lindenwood,2025,86.7640986496657,63.420597721061036
missouri_vs_california_20241203,2024-12-03,missouri,California,2025,78.5262029419543,70.08152008945301
missouri_vs_kansas_20241208,2024-12-08,missouri,Kansas,2025,76.60188458148781,76.82151102965328
missouri_vs_liu_20241214,2024-12-14,missouri,LIU,2025,86.0260087051046,62.387403792793314
missouri_vs_jacksonville state_20241217,2024-12-17,missouri,Jacksonville State,2025,81.09050479106422,66.38982493302098
missouri_vs_alabama state_20241230,2024-12-30,missouri,Alabama State,2025,88.294713954968,69.48587641323124
missouri_vs_louisiana state_20250107,2025-01-07,missouri,Louisiana State,2025,78.22068751311706,72.35869288054228
missouri_vs_vanderbilt_20250111,2025-01-11,missouri,Vanderbilt,2025,79.48407243976509,74.44348990666994
missouri_vs_arkansas_20250118,2025-01-18,missouri,Arkansas,2025,79.19800972752701,71.61094953531551
missouri_vs_texas a&m_20250208,2025-02-08,missouri,Texas A&M,2025,74.20445525197417,69.93488627677853
missouri_vs_oklahoma_20250212,2025-02-12,missouri,Oklahoma,2025,77.88682809486363,70.07246510793377
missouri_vs_alabama_20250219,2025-02-19,missouri,Alabama,2025,82.20113480273329,76.86808942384913
missouri_vs_south carolina_20250225,2025-02-25,missouri,South Carolina,2025,77.12365387290868,66.92406399762773
missouri_vs_kentucky_20250308,2025-03-08,missouri,Kentucky,2025,80.35681214929211,75.28952330658771
missouri-kansas-city_vs_idaho_20241204,2024-12-04,missouri-kansas-city,Idaho,2025,74.75901918392455,69.9430868017786
missouri-kansas-city_vs_bowling green_20241214,2024-12-14,missouri-kansas-city,Bowling Green,2025,72.84519839571655,70.97963481361543
missouri-kansas-city_vs_east tennessee state_20241221,2024-12-21,missouri-kansas-city,East Tennessee State,2025,69.08223546203217,70.68453573079353
missouri-kansas-city_vs_south dakota_20250102,2025-01-02,missouri-kansas-city,South Dakota,2025,77.23210919962376,77.0172277302077
missouri-kansas-city_vs_oral roberts_20250104,2025-01-04,missouri-kansas-city,Oral Roberts,2025,74.15509746832785,67.36244281186146
missouri-kansas-city_vs_south dakota state_20250123,2025-01-23,missouri-kansas-city,South Dakota State,2025,69.0188364717011,73.31379143620586
missouri-kansas-city_vs_st. thomas_20250125,2025-01-25,missouri-kansas-city,St. Thomas,2025,72.13248148738666,76.88891672201152
missouri-kansas-city_vs_north dakota state_20250206,2025-02-06,missouri-kansas-city,North Dakota State,2025,67.87370748472985,74.20378831483679
missouri-kansas-city_vs_north dakota_20250208,2025-02-08,missouri-kansas-city,North Dakota,2025,74.40044626828814,73.39388253755739
missouri-kansas-city_vs_omaha_20250219,2025-02-19,missouri-kansas-city,Omaha,2025,72.87259371223682,70.99107379292202
missouri-kansas-city_vs_denver_20250227,2025-02-27,missouri-kansas-city,Denver,2025,71.96453952303324,68.28497996902081
missouri-kansas-city_vs_oral roberts_20250305,2025-03-05,missouri-kansas-city,Oral Roberts,2025,74.04393308103802,67.84254778872499
missouri-kansas-city_vs_omaha_20250306,2025-03-06,missouri-kansas-city,Omaha,2025,70.27171301632704,70.47683978267207
missouri-state_vs_tulsa_20241116,2024-11-16,missouri-state,Tulsa,2025,71.70103770165132,77.93405293999894
missouri-state_vs_ut arlington_20241119,2024-11-19,missouri-state,UT Arlington,2025,78.11380252777099,84.86213400565245
missouri-state_vs_south dakota state_20241126,2024-11-26,missouri-state,South Dakota State,2025,71.52119731143947,75.39836956236371
missouri-state_vs_indiana state_20241207,2024-12-07,missouri-state,Indiana State,2025,77.08467400417467,74.4208370052187
missouri-state_vs_uc santa barbara_20241222,2024-12-22,missouri-state,UC Santa Barbara,2025,69.56065050450182,70.73041098604497
missouri-state_vs_valparaiso_20250101,2025-01-01,missouri-state,Valparaiso,2025,75.22366630579435,71.59205351146795
missouri-state_vs_illinoisâchicago_20250107,2025-01-07,missouri-state,IllinoisâChicago,2025,71.18190002880519,71.45303325491747
missouri-state_vs_southern illinois_20250115,2025-01-15,missouri-state,Southern Illinois,2025,74.0796312627156,69.22559349791723
missouri-state_vs_drake_20250125,2025-01-25,missouri-state,Drake,2025,59.95279174012804,72.94119362488843
missouri-state_vs_murray state_20250201,2025-02-01,missouri-state,Murray State,2025,69.29861111383691,69.78735461273547
missouri-state_vs_northern iowa_20250205,2025-02-05,missouri-state,Northern Iowa,2025,65.84147761142033,71.68004635545897
missouri-state_vs_evansville_20250212,2025-02-12,missouri-state,Evansville,2025,67.17586714748468,64.95441757067616
missouri-state_vs_illinois state_20250222,2025-02-22,missouri-state,Illinois State,2025,67.39173282933729,72.41796651607497
missouri-state_vs_belmont_20250226,2025-02-26,missouri-state,Belmont,2025,71.2726499480579,74.84848778091552
monmouth_vs_youngstown state_20241121,2024-11-21,monmouth,Youngstown State,2025,70.70199064723643,80.2127232824534
monmouth_vs_presbyterian_20241123,2024-11-23,monmouth,Presbyterian,2025,72.90372668997404,73.67637803855584
monmouth_vs_fairfield_20241221,2024-12-21,monmouth,Fairfield,2025,74.29519904618819,73.15758629655109
monmouth_vs_stony brook_20250102,2025-01-02,monmouth,Stony Brook,2025,74.63143070462472,70.19461190601162
monmouth_vs_unc wilmington_20250109,2025-01-09,monmouth,UNC Wilmington,2025,69.95816619627077,75.49346454040948
monmouth_vs_college of charleston_20250111,2025-01-11,monmouth,College of Charleston,2025,70.12726235192387,77.8825825309678
monmouth_vs_drexel_20250130,2025-01-30,monmouth,Drexel,2025,64.98213125028802,65.97265005280165
monmouth_vs_delaware_20250201,2025-02-01,monmouth,Delaware,2025,76.56077336856124,75.26971148658609
monmouth_vs_hampton_20250206,2025-02-06,monmouth,Hampton,2025,73.01854835392975,71.47787848612754
monmouth_vs_towson_20250208,2025-02-08,monmouth,Towson,2025,67.30181926341918,68.06238774381256
monmouth_vs_northeastern_20250224,2025-02-24,monmouth,Northeastern,2025,70.55819689531798,73.47157116539628
monmouth_vs_elon_20250227,2025-02-27,monmouth,Elon,2025,72.63111809929492,72.63841023784373
montana_vs_denver_20241124,2024-11-24,montana,Denver,2025,80.38096924467506,71.09917011224702
montana_vs_utah tech_20241125,2024-11-25,montana,Utah Tech,2025,81.4461336571016,71.0109225656538
montana_vs_cal state northridge_20241127,2024-11-27,montana,Cal State Northridge,2025,74.80092087695057,71.87047034290768
montana_vs_south dakota state_20241204,2024-12-04,montana,South Dakota State,2025,73.77724961321132,73.64829099820344
montana_vs_northern arizona_20250109,2025-01-09,montana,Northern Arizona,2025,78.18617185491279,72.91213917102421
montana_vs_northern colorado_20250111,2025-01-11,montana,Northern Colorado,2025,78.8386104964459,77.41029322724448
montana_vs_idaho_20250120,2025-01-20,montana,Idaho,2025,73.55848480572065,74.30988416681379
montana_vs_montana state_20250125,2025-01-25,montana,Montana State,2025,72.75175872708863,73.1030658183888
montana_vs_portland state_20250130,2025-01-30,montana,Portland State,2025,74.03454693061636,73.00216823324129
montana_vs_sacramento state_20250201,2025-02-01,montana,Sacramento State,2025,76.34100095144696,63.58795945948898
montana_vs_idaho state_20250213,2025-02-13,montana,Idaho State,2025,75.63692398472087,72.78143784900875
montana_vs_weber state_20250215,2025-02-15,montana,Weber State,2025,79.78790218009797,72.28921574426067
montana_vs_eastern washington_20250303,2025-03-03,montana,Eastern Washington,2025,79.18187003739968,70.8886288702248
montana_vs_northern arizona_20250309,2025-03-09,montana,Northern Arizona,2025,76.40390252114685,72.50813787413155
montana_vs_northern colorado_20250312,2025-03-12,montana,Northern Colorado,2025,67.01951803614396,75.10530709540518
montana_vs_wisconsin_20250320,2025-03-20,montana,Wisconsin,2025,67.44852272990492,78.22107909799416
montana-state_vs_southern mississippi_20241124,2024-11-24,montana-state,Southern Mississippi,2025,79.31156821839868,76.5923198834757
montana-state_vs_abilene christian_20241126,2024-11-26,montana-state,Abilene Christian,2025,75.90947091289499,73.06388318597632
montana-state_vs_cal state northridge_20241130,2024-11-30,montana-state,Cal State Northridge,2025,76.09414967629166,73.16169686856642
montana-state_vs_kansas city_20241207,2024-12-07,montana-state,Kansas City,2025,75.41304423390609,70.12245847099175
montana-state_vs_northern colorado_20250109,2025-01-09,montana-state,Northern Colorado,2025,74.03471974368978,75.92052594372814
montana-state_vs_northern arizona_20250111,2025-01-11,montana-state,Northern Arizona,2025,76.46199637231996,72.59261671752753
montana-state_vs_eastern washington_20250120,2025-01-20,montana-state,Eastern Washington,2025,75.94007682743589,71.70619209326098
montana-state_vs_sacramento state_20250130,2025-01-30,montana-state,Sacramento State,2025,74.49797922421678,62.64105963149811
montana-state_vs_portland state_20250201,2025-02-01,montana-state,Portland State,2025,72.05963516217513,71.3754169178702
montana-state_vs_weber state_20250213,2025-02-13,montana-state,Weber State,2025,75.4607572754086,68.83617970433056
montana-state_vs_idaho state_20250215,2025-02-15,montana-state,Idaho State,2025,72.4971479759835,70.18080173776144
montana-state_vs_montana_20250222,2025-02-22,montana-state,Montana,2025,72.49254099843938,71.61710897854691
montana-state_vs_idaho_20250303,2025-03-03,montana-state,Idaho,2025,75.44590115013466,71.36390478456921
montana-state_vs_northern colorado_20250311,2025-03-11,montana-state,Northern Colorado,2025,68.20314349025662,74.43861562233924
morehead-state_vs_austin peay_20241120,2024-11-20,morehead-state,Austin Peay,2025,71.03746841478605,70.99010040907277
morehead-state_vs_njit_20241127,2024-11-27,morehead-state,NJIT,2025,68.08811625363164,61.67650677649759
morehead-state_vs_ut martin_20241219,2024-12-19,morehead-state,UT Martin,2025,75.07142350554498,72.39252618303577
morehead-state_vs_tennessee state_20241221,2024-12-21,morehead-state,Tennessee State,2025,77.05939320573816,75.53464932375825
morehead-state_vs_western illinois_20250116,2025-01-16,morehead-state,Western Illinois,2025,71.93014265749203,64.50429614543701
morehead-state_vs_lindenwood_20250118,2025-01-18,morehead-state,Lindenwood,2025,71.62349586390025,66.92280808969304
morehead-state_vs_southern indiana_20250128,2025-01-28,morehead-state,Southern Indiana,2025,72.90724682646714,68.41150710439871
morehead-state_vs_southeast missouri state_20250206,2025-02-06,morehead-state,Southeast Missouri State,2025,69.31304136387925,69.31565324433907
morehead-state_vs_little rock_20250208,2025-02-08,morehead-state,Little Rock,2025,64.11724867789832,65.28141050431299
morehead-state_vs_siu edwardsville_20250220,2025-02-20,morehead-state,SIU Edwardsville,2025,65.76009767548234,69.2806848283885
morehead-state_vs_eastern illinois_20250222,2025-02-22,morehead-state,Eastern Illinois,2025,68.72309987013546,63.804030931004085
morgan-state_vs_njit_20241116,2024-11-16,morgan-state,NJIT,2025,70.80200975677377,63.639262988152865
morgan-state_vs_towson_20241124,2024-11-24,morgan-state,Towson,2025,65.12993062214225,75.173872848697
morgan-state_vs_campbell_20241215,2024-12-15,morgan-state,Campbell,2025,74.29043761255264,74.11644634119034
morgan-state_vs_south carolina state_20250104,2025-01-04,morgan-state,South Carolina State,2025,73.92411398101035,78.03373911332558
morgan-state_vs_north carolina central_20250107,2025-01-07,morgan-state,North Carolina Central,2025,77.10615800916705,77.2478293536965
morgan-state_vs_norfolk state_20250113,2025-01-13,morgan-state,Norfolk State,2025,73.25665951957389,80.29880224872453
morgan-state_vs_coppin state_20250125,2025-01-25,morgan-state,Coppin State,2025,83.19105923184304,69.18449332637483
morgan-state_vs_maryland eastern shore_20250201,2025-02-01,morgan-state,Maryland Eastern Shore,2025,82.38865913046617,74.87647118304888
morgan-state_vs_howard_20250222,2025-02-22,morgan-state,Howard,2025,79.54884931991322,77.4931309083117
morgan-state_vs_delaware state_20250303,2025-03-03,morgan-state,Delaware State,2025,79.13240466469337,78.50296236457686
morgan-state_vs_norfolk state_20250314,2025-03-14,morgan-state,Norfolk State,2025,72.9257209280361,79.13082749641524
mount-st-marys_vs_saint francis (pa)_20241116,2024-11-16,mount-st-marys,Saint Francis (PA),2025,79.74583896463794,70.60060764323704
mount-st-marys_vs_delaware state_20241123,2024-11-23,mount-st-marys,Delaware State,2025,74.83185301621928,67.56284716832076
mount-st-marys_vs_fairfield_20241208,2024-12-08,mount-st-marys,Fairfield,2025,73.07889850762083,70.43410490978339
mount-st-marys_vs_loyola (md)_20241214,2024-12-14,mount-st-marys,Loyola (MD),2025,75.59378483269938,69.76480174463626
mount-st-marys_vs_niagara_20250105,2025-01-05,mount-st-marys,Niagara,2025,74.30432430421811,68.11013393136822
mount-st-marys_vs_sacred heart_20250112,2025-01-12,mount-st-marys,Sacred Heart,2025,73.97385611409538,73.25980656714208
mount-st-marys_vs_quinnipiac_20250118,2025-01-18,mount-st-marys,Quinnipiac,2025,70.05893905431975,71.83166716572799
mount-st-marys_vs_manhattan_20250125,2025-01-25,mount-st-marys,Manhattan,2025,76.3472265904508,74.66172884475168
mount-st-marys_vs_iona_20250206,2025-02-06,mount-st-marys,Iona,2025,70.7879857471278,68.60821280909033
mount-st-marys_vs_saint peter's_20250221,2025-02-21,mount-st-marys,Saint Peter's,2025,66.18191415063325,62.76287087707581
mount-st-marys_vs_rider_20250223,2025-02-23,mount-st-marys,Rider,2025,72.51260620416693,64.84150788700549
mount-st-marys_vs_siena_20250302,2025-03-02,mount-st-marys,Siena,2025,72.35808635869178,71.76989284962997
mount-st-marys_vs_marist_20250308,2025-03-08,mount-st-marys,Marist,2025,68.26987770536827,65.17043740235438
murray-state_vs_maryland eastern shore_20241120,2024-11-20,murray-state,Maryland Eastern Shore,2025,84.273255146521,65.71411983964053
murray-state_vs_utah valley_20241122,2024-11-22,murray-state,Utah Valley,2025,73.65681067513691,69.72705420350582
murray-state_vs_ut arlington_20241126,2024-11-26,murray-state,UT Arlington,2025,76.73245281511096,74.23169921846637
murray-state_vs_evansville_20241203,2024-12-03,murray-state,Evansville,2025,78.89766891414892,68.57095327875795
murray-state_vs_southeast missouri state_20241208,2024-12-08,murray-state,Southeast Missouri State,2025,80.23795905938108,66.56753220521509
murray-state_vs_nebraska_20241222,2024-12-22,murray-state,Nebraska,2025,69.38794379207178,77.02862456796849
murray-state_vs_illinois state_20250102,2025-01-02,murray-state,Illinois State,2025,73.7506469155389,72.60036456224005
murray-state_vs_valparaiso_20250111,2025-01-11,murray-state,Valparaiso,2025,76.34718464822303,72.69708849125618
murray-state_vs_bradley_20250118,2025-01-18,murray-state,Bradley,2025,70.22923441068757,71.32735602772418
murray-state_vs_belmont_20250125,2025-01-25,murray-state,Belmont,2025,75.69956729798557,73.23622014908219
murray-state_vs_drake_20250204,2025-02-04,murray-state,Drake,2025,61.893471535090036,69.1568340576109
murray-state_vs_illinoisâchicago_20250211,2025-02-11,murray-state,IllinoisâChicago,2025,72.68285518629699,75.18165425908298
murray-state_vs_northern iowa_20250217,2025-02-17,murray-state,Northern Iowa,2025,67.34456648444178,69.60404680788548
murray-state_vs_indiana state_20250225,2025-02-25,murray-state,Indiana State,2025,77.44081489363995,73.59168558378721
navy_vs_campbell_20241117,2024-11-17,navy,Campbell,2025,75.15773688490236,70.48046372981118
navy_vs_quinnipiac_20241119,2024-11-19,navy,Quinnipiac,2025,74.00718587037387,74.29343556972456
navy_vs_american_20250102,2025-01-02,navy,American,2025,70.90632100492064,72.63383386161654
navy_vs_lafayette_20250105,2025-01-05,navy,Lafayette,2025,68.11329064843387,67.76950907185076
navy_vs_colgate_20250115,2025-01-15,navy,Colgate,2025,69.9828962034356,70.15050748307999
navy_vs_boston university_20250122,2025-01-22,navy,Boston University,2025,68.58763560328208,65.26871155494615
navy_vs_bucknell_20250201,2025-02-01,navy,Bucknell,2025,73.0258905664142,69.40443220997335
navy_vs_lehigh_20250212,2025-02-12,navy,Lehigh,2025,71.39722544805447,68.50813327110446
navy_vs_army_20250215,2025-02-15,navy,Army,2025,71.44605914417258,73.35833980951301
navy_vs_holy cross_20250223,2025-02-23,navy,Holy Cross,2025,70.69092689425636,66.89249486787315
navy_vs_loyola (md)_20250301,2025-03-01,navy,Loyola (MD),2025,68.8845336536323,66.3981147313366
nebraska_vs_south dakota_20241127,2024-11-27,nebraska,South Dakota,2025,86.25743639790788,70.16487531830835
nebraska_vs_north florida_20241201,2024-12-01,nebraska,North Florida,2025,85.24432977049516,69.0081764436804
nebraska_vs_indiana_20241213,2024-12-13,nebraska,Indiana,2025,77.58713848622592,72.96364070994944
nebraska_vs_oregon state_20241225,2024-12-25,nebraska,Oregon State,2025,70.11589661933026,68.40848498357305
nebraska_vs_southern_20241230,2024-12-30,nebraska,Southern,2025,83.85950304503427,65.3833825442036
nebraska_vs_ucla_20250104,2025-01-04,nebraska,UCLA,2025,68.76639496081059,67.36035306950917
nebraska_vs_rutgers_20250116,2025-01-16,nebraska,Rutgers,2025,79.6854653050368,69.39940908509608
nebraska_vs_southern california_20250122,2025-01-22,nebraska,Southern California,2025,76.87373466708335,71.67785934529769
nebraska_vs_illinois_20250130,2025-01-30,nebraska,Illinois,2025,76.34616600495102,77.5157841277879
nebraska_vs_ohio state_20250209,2025-02-09,nebraska,Ohio State,2025,75.60861790519685,72.80512537627996
nebraska_vs_maryland_20250213,2025-02-13,nebraska,Maryland,2025,74.40289276120694,74.96275037065068
nebraska_vs_michigan_20250224,2025-02-24,nebraska,Michigan,2025,75.47349124907458,74.93517630791739
nebraska_vs_minnesota_20250301,2025-03-01,nebraska,Minnesota,2025,73.362414597456,66.93394921960616
nebraska_vs_iowa_20250309,2025-03-09,nebraska,Iowa,2025,79.34244978460013,73.63068930897477
nebraska-omaha_vs_abilene christian_20241130,2024-11-30,nebraska-omaha,Abilene Christian,2025,74.78091172842298,74.19155679634653
nebraska-omaha_vs_montana state_20241204,2024-12-04,nebraska-omaha,Montana State,2025,70.55065311783774,75.39443912022224
nebraska-omaha_vs_cal poly_20241221,2024-12-21,nebraska-omaha,Cal Poly,2025,76.63895199581289,78.71354520959714
nebraska-omaha_vs_kansas city_20250108,2025-01-08,nebraska-omaha,Kansas City,2025,69.0041748768682,70.32211401612797
nebraska-omaha_vs_south dakota state_20250111,2025-01-11,nebraska-omaha,South Dakota State,2025,71.02466497470904,76.66984909518504
nebraska-omaha_vs_st. thomas_20250123,2025-01-23,nebraska-omaha,St. Thomas,2025,73.92330264535407,78.72086173718914
nebraska-omaha_vs_denver_20250201,2025-02-01,nebraska-omaha,Denver,2025,78.97125528379306,70.12494090841017
nebraska-omaha_vs_north dakota_20250206,2025-02-06,nebraska-omaha,North Dakota,2025,78.08502617715615,74.62465079366245
nebraska-omaha_vs_north dakota state_20250208,2025-02-08,nebraska-omaha,North Dakota State,2025,72.86158756958181,74.70307611019528
nebraska-omaha_vs_south dakota_20250222,2025-02-22,nebraska-omaha,South Dakota,2025,82.17529372387283,77.35987126259307
nebraska-omaha_vs_oral roberts_20250301,2025-03-01,nebraska-omaha,Oral Roberts,2025,80.7214330486294,72.69025607703408
nebraska-omaha_vs_south dakota_20250308,2025-03-08,nebraska-omaha,South Dakota,2025,80.48118932431056,77.18437708242384
nebraska-omaha_vs_st. thomas_20250309,2025-03-09,nebraska-omaha,St. Thomas,2025,71.12070410911699,75.48143975450375
nebraska-omaha_vs_st. john's (ny)_20250320,2025-03-20,nebraska-omaha,St. John's (NY),2025,65.54259763865528,83.6904201135713
nevada_vs_santa clara_20241116,2024-11-16,nevada,Santa Clara,2025,73.4367979732198,67.30467859448217
nevada_vs_vanderbilt_20241121,2024-11-21,nevada,Vanderbilt,2025,69.90262873870861,70.60591404493378
nevada_vs_vcu_20241122,2024-11-22,nevada,VCU,2025,68.08514697186929,67.42985128890635
nevada_vs_oklahoma state_20241124,2024-11-24,nevada,Oklahoma State,2025,70.58553370633938,68.97815690361382
nevada_vs_washington state_20241202,2024-12-02,nevada,Washington State,2025,74.68592273117278,68.45640026336991
nevada_vs_south dakota state_20241211,2024-12-11,nevada,South Dakota State,2025,72.4936710059563,64.46852849626772
nevada_vs_texas southern_20241214,2024-12-14,nevada,Texas Southern,2025,79.8370869348398,62.98574281166381
nevada_vs_colorado state_20241221,2024-12-21,nevada,Colorado State,2025,73.07588979966803,64.84479684674204
nevada_vs_utah state_20241231,2024-12-31,nevada,Utah State,2025,71.50454304327967,71.5834692264645
nevada_vs_air force_20250114,2025-01-14,nevada,Air Force,2025,74.8490128480439,57.25629362202429
nevada_vs_san jose state_20250118,2025-01-18,nevada,San Jose State,2025,74.29216719083617,66.67252968601609
nevada_vs_san diego state_20250125,2025-01-25,nevada,San Diego State,2025,67.1492989831303,66.72656235668741
nevada_vs_unlv_20250201,2025-02-01,nevada,UNLV,2025,71.21755562941834,66.6409243791587
nevada_vs_fresno state_20250210,2025-02-10,nevada,Fresno State,2025,80.63591479438757,68.98111353106323
nevada_vs_boise state_20250222,2025-02-22,nevada,Boise State,2025,67.71060485361,68.74762500772093
nevada_vs_wyoming_20250225,2025-02-25,nevada,Wyoming,2025,72.24836894646641,63.42369194483068
nevada_vs_new mexico_20250304,2025-03-04,nevada,New Mexico,2025,72.99704488757757,74.19476973860861
nevada-las-vegas_vs_omaha_20241114,2024-11-14,nevada-las-vegas,Omaha,2025,79.83491969108992,63.433926175328686
nevada-las-vegas_vs_pepperdine_20241120,2024-11-20,nevada-las-vegas,Pepperdine,2025,77.16345481320114,63.12842481819526
nevada-las-vegas_vs_new mexico state_20241123,2024-11-23,nevada-las-vegas,New Mexico State,2025,76.78702333287863,68.21055645711539
nevada-las-vegas_vs_northwestern_20241129,2024-11-29,nevada-las-vegas,Northwestern,2025,67.0725316847638,67.61410046868635
nevada-las-vegas_vs_pacific_20241214,2024-12-14,nevada-las-vegas,Pacific,2025,76.51773188323646,63.05443305423979
nevada-las-vegas_vs_uc riverside_20241221,2024-12-21,nevada-las-vegas,UC Riverside,2025,75.68531065015213,65.52485485838437
nevada-las-vegas_vs_fresno state_20241228,2024-12-28,nevada-las-vegas,Fresno State,2025,81.61121906074247,65.34648998912905
nevada-las-vegas_vs_san jose state_20250104,2025-01-04,nevada-las-vegas,San Jose State,2025,73.94873059861891,65.7270330501024
nevada-las-vegas_vs_utah state_20250115,2025-01-15,nevada-las-vegas,Utah State,2025,69.1464870480906,73.0105050128914
nevada-las-vegas_vs_wyoming_20250121,2025-01-21,nevada-las-vegas,Wyoming,2025,72.08587766366442,63.965189439036486
nevada-las-vegas_vs_new mexico_20250125,2025-01-25,nevada-las-vegas,New Mexico,2025,73.80867480150704,76.36940089258555
nevada-las-vegas_vs_boise state_20250204,2025-02-04,nevada-las-vegas,Boise State,2025,69.17613801454964,69.62174902735057
nevada-las-vegas_vs_air force_20250211,2025-02-11,nevada-las-vegas,Air Force,2025,73.25156405867116,59.55718002940041
nevada-las-vegas_vs_colorado state_20250222,2025-02-22,nevada-las-vegas,Colorado State,2025,70.21220530385108,69.14511496140251
nevada-las-vegas_vs_nevada_20250228,2025-02-28,nevada-las-vegas,Nevada,2025,68.57195714302941,67.37807429092214
nevada-las-vegas_vs_san diego state_20250304,2025-03-04,nevada-las-vegas,San Diego State,2025,63.809399770291044,66.46524134683575
nevada-las-vegas_vs_utah state_20250313,2025-03-13,nevada-las-vegas,Utah State,2025,67.85704115714589,71.1968271480261
new-hampshire_vs_sacred heart_20241116,2024-11-16,new-hampshire,Sacred Heart,2025,73.38946768681312,72.69069397525374
new-hampshire_vs_dartmouth_20241203,2024-12-03,new-hampshire,Dartmouth,2025,69.88323316763103,73.99820121765146
new-hampshire_vs_harvard_20241208,2024-12-08,new-hampshire,Harvard,2025,65.86040734286287,71.69331890382738
new-hampshire_vs_vermont_20250104,2025-01-04,new-hampshire,Vermont,2025,63.19184838443861,68.52341527422595
new-hampshire_vs_albany (ny)_20250109,2025-01-09,new-hampshire,Albany (NY),2025,68.10517245657607,78.38742666643748
new-hampshire_vs_binghamton_20250111,2025-01-11,new-hampshire,Binghamton,2025,68.01136383470103,70.27964231671672
new-hampshire_vs_bryant_20250123,2025-01-23,new-hampshire,Bryant,2025,70.81931212873607,82.11573867867057
new-hampshire_vs_umbc_20250206,2025-02-06,new-hampshire,UMBC,2025,71.55062998354695,76.46699001037834
new-hampshire_vs_njit_20250208,2025-02-08,new-hampshire,NJIT,2025,67.73261995480613,66.07277909283452
new-hampshire_vs_umass lowell_20250215,2025-02-15,new-hampshire,UMass Lowell,2025,71.67766374351108,77.66581452071162
new-hampshire_vs_maine_20250227,2025-02-27,new-hampshire,Maine,2025,66.49583056411066,73.77357505713552
new-mexico_vs_texas southern_20241124,2024-11-24,new-mexico,Texas Southern,2025,87.07891416202034,69.09299269313682
new-mexico_vs_southern california_20241130,2024-11-30,new-mexico,Southern California,2025,77.6147554114897,72.67781870710613
new-mexico_vs_san jose state_20241204,2024-12-04,new-mexico,San Jose State,2025,82.89912189275869,65.41644122668929
new-mexico_vs_new mexico state_20241207,2024-12-07,new-mexico,New Mexico State,2025,85.63539735789408,67.92400687687311
new-mexico_vs_vcu_20241218,2024-12-18,new-mexico,VCU,2025,77.73893097774268,74.51161463813672
new-mexico_vs_nevada_20250103,2025-01-03,new-mexico,Nevada,2025,77.86163236098047,71.67497517368757
new-mexico_vs_san diego state_20250111,2025-01-11,new-mexico,San Diego State,2025,75.52044034825343,72.99331758220185
new-mexico_vs_boise state_20250117,2025-01-17,new-mexico,Boise State,2025,76.26151430467084,73.77577282288492
new-mexico_vs_fresno state_20250120,2025-01-20,new-mexico,Fresno State,2025,91.36057988173187,70.69502067025323
new-mexico_vs_colorado state_20250205,2025-02-05,new-mexico,Colorado State,2025,79.23948515940697,69.8711176006576
new-mexico_vs_wyoming_20250212,2025-02-12,new-mexico,Wyoming,2025,81.0962827605323,63.4879669638854
new-mexico_vs_utah state_20250216,2025-02-16,new-mexico,Utah State,2025,80.35041809507796,73.04455782677303
new-mexico_vs_air force_20250301,2025-03-01,new-mexico,Air Force,2025,82.30370326938935,63.966348786742365
new-mexico_vs_unlv_20250307,2025-03-07,new-mexico,UNLV,2025,77.35356303933212,68.26869158170653
new-mexico_vs_san jose state_20250313,2025-03-13,new-mexico,San Jose State,2025,82.04273872456258,69.43849224088795
new-mexico-state_vs_texas a&mâcorpus christi_20241114,2024-11-14,new-mexico-state,Texas A&MâCorpus Christi,2025,80.95021021510455,77.23918978011007
new-mexico-state_vs_pepperdine_20241129,2024-11-29,new-mexico-state,Pepperdine,2025,74.56865546496178,67.84980471155893
new-mexico-state_vs_abilene christian_20241204,2024-12-04,new-mexico-state,Abilene Christian,2025,75.90624878809453,69.98678107369525
new-mexico-state_vs_southern utah_20241216,2024-12-16,new-mexico-state,Southern Utah,2025,77.01695555948821,73.44897669085756
new-mexico-state_vs_sam houston state_20250102,2025-01-02,new-mexico-state,Sam Houston State,2025,75.163742565443,75.44660666752286
new-mexico-state_vs_louisiana tech_20250104,2025-01-04,new-mexico-state,Louisiana Tech,2025,70.38152608664657,72.26698070340436
new-mexico-state_vs_kennesaw state_20250123,2025-01-23,new-mexico-state,Kennesaw State,2025,79.2377104779668,71.94639306412427
new-mexico-state_vs_jacksonville state_20250125,2025-01-25,new-mexico-state,Jacksonville State,2025,74.43928423621814,68.98850598750407
new-mexico-state_vs_utep_20250208,2025-02-08,new-mexico-state,UTEP,2025,70.00146940176343,69.74080337713916
new-mexico-state_vs_liberty_20250213,2025-02-13,new-mexico-state,Liberty,2025,66.8086565941465,70.54066834760211
new-mexico-state_vs_florida international_20250215,2025-02-15,new-mexico-state,Florida International,2025,76.08938049702661,67.15577666138678
new-mexico-state_vs_middle tennessee_20250227,2025-02-27,new-mexico-state,Middle Tennessee,2025,72.38024165332837,68.61584535811069
new-mexico-state_vs_western kentucky_20250301,2025-03-01,new-mexico-state,Western Kentucky,2025,76.68996028357802,71.85833318078363
new-orleans_vs_stonehill_20241115,2024-11-15,new-orleans,Stonehill,2025,71.7305244016909,66.90035153935511
new-orleans_vs_texas a&mâcorpus christi_20250106,2025-01-06,new-orleans,Texas A&MâCorpus Christi,2025,68.93439596855265,79.14025698035027
new-orleans_vs_southeastern louisiana_20250111,2025-01-11,new-orleans,Southeastern Louisiana,2025,69.03449870210564,75.17470801665714
new-orleans_vs_incarnate word_20250127,2025-01-27,new-orleans,Incarnate Word,2025,72.68531570470056,72.9065014899899
new-orleans_vs_stephen f. austin_20250203,2025-02-03,new-orleans,Stephen F. Austin,2025,66.4129431459829,69.10928565197453
new-orleans_vs_mcneese state_20250215,2025-02-15,new-orleans,McNeese State,2025,63.57556323030299,77.6707437869133
new-orleans_vs_northwestern state_20250222,2025-02-22,new-orleans,Northwestern State,2025,67.58024468222905,69.73585078429198
new-orleans_vs_texas a&mâcommerce_20250224,2025-02-24,new-orleans,Texas A&MâCommerce,2025,72.42308084027698,71.1434453353214
niagara_vs_siena_20241206,2024-12-06,niagara,Siena,2025,68.1848033534752,67.07193775504588
niagara_vs_merrimack_20241208,2024-12-08,niagara,Merrimack,2025,64.94121964554179,65.25891528170875
niagara_vs_saint francis (pa)_20241214,2024-12-14,niagara,Saint Francis (PA),2025,72.69674349973695,68.77282802695724
niagara_vs_le moyne_20241229,2024-12-29,niagara,Le Moyne,2025,74.3878421809871,71.9804934777201
niagara_vs_saint peter's_20250110,2025-01-10,niagara,Saint Peter's,2025,65.98729932711456,66.27202721779146
niagara_vs_rider_20250112,2025-01-12,niagara,Rider,2025,70.75555365881476,63.67720588897475
niagara_vs_marist_20250123,2025-01-23,niagara,Marist,2025,65.76788488980641,65.54990242300094
niagara_vs_sacred heart_20250125,2025-01-25,niagara,Sacred Heart,2025,69.5906817678081,72.18377713333133
niagara_vs_canisius_20250212,2025-02-12,niagara,Canisius,2025,70.02333883322382,64.59074634824215
niagara_vs_mount st. mary's_20250214,2025-02-14,niagara,Mount St. Mary's,2025,69.22140619838031,68.62979032053583
niagara_vs_iona_20250228,2025-02-28,niagara,Iona,2025,66.78031354794715,67.34337524085868
niagara_vs_manhattan_20250302,2025-03-02,niagara,Manhattan,2025,72.23436536390423,71.7761190517219
njit_vs_navy_20241207,2024-12-07,njit,Navy,2025,65.5869100119133,71.1850183980387
njit_vs_wagner_20241214,2024-12-14,njit,Wagner,2025,60.57100148248367,62.89975443524967
njit_vs_umbc_20250109,2025-01-09,njit,UMBC,2025,68.20414193734084,75.32815694079042
njit_vs_maine_20250116,2025-01-16,njit,Maine,2025,66.95295240627962,71.28114073780462
njit_vs_new hampshire_20250118,2025-01-18,njit,New Hampshire,2025,65.3765382299258,63.80543378779161
njit_vs_umass lowell_20250130,2025-01-30,njit,UMass Lowell,2025,68.11731701890758,75.5926222872678
njit_vs_bryant_20250201,2025-02-01,njit,Bryant,2025,67.52130625633136,76.80217246475895
njit_vs_binghamton_20250215,2025-02-15,njit,Binghamton,2025,69.14953519396687,69.46681226702232
njit_vs_vermont_20250227,2025-02-27,njit,Vermont,2025,63.17340106410577,68.79079238389848
njit_vs_albany (ny)_20250301,2025-03-01,njit,Albany (NY),2025,69.10729149386182,72.75348394411822
norfolk-state_vs_hofstra_20241209,2024-12-09,norfolk-state,Hofstra,2025,72.87938842416479,70.65437858032193
norfolk-state_vs_maryland eastern shore_20250104,2025-01-04,norfolk-state,Maryland Eastern Shore,2025,78.30353768707421,66.92003716167329
norfolk-state_vs_coppin state_20250111,2025-01-11,norfolk-state,Coppin State,2025,79.0403777080645,58.17827935077745
norfolk-state_vs_howard_20250125,2025-01-25,norfolk-state,Howard,2025,80.5627913571847,74.639739350648
norfolk-state_vs_south carolina state_20250201,2025-02-01,norfolk-state,South Carolina State,2025,76.82456697124589,72.59429078838653
norfolk-state_vs_north carolina central_20250203,2025-02-03,norfolk-state,North Carolina Central,2025,77.44795815226729,72.93112915142846
norfolk-state_vs_delaware state_20250217,2025-02-17,norfolk-state,Delaware State,2025,78.92281113525904,71.74118924381246
norfolk-state_vs_morgan state_20250224,2025-02-24,norfolk-state,Morgan State,2025,84.09065298235865,74.75230172435356
norfolk-state_vs_south carolina state_20250315,2025-03-15,norfolk-state,South Carolina State,2025,70.96341061200593,73.58022345544404
north-alabama_vs_samford_20241115,2024-11-15,north-alabama,Samford,2025,79.10799749248439,80.64246954817162
north-alabama_vs_charleston southern_20241219,2024-12-19,north-alabama,Charleston Southern,2025,78.60050472057871,72.07753078408456
north-alabama_vs_bellarmine_20250102,2025-01-02,north-alabama,Bellarmine,2025,81.0264986602767,70.00936186742122
north-alabama_vs_eastern kentucky_20250104,2025-01-04,north-alabama,Eastern Kentucky,2025,78.00227740512283,76.7099135706032
north-alabama_vs_lipscomb_20250123,2025-01-23,north-alabama,Lipscomb,2025,74.09599132142945,75.35871961473123
north-alabama_vs_austin peay_20250125,2025-01-25,north-alabama,Austin Peay,2025,78.3886930306182,65.22101278808219
north-alabama_vs_central arkansas_20250201,2025-02-01,north-alabama,Central Arkansas,2025,81.60450919510288,70.27161178822202
north-alabama_vs_north florida_20250213,2025-02-13,north-alabama,North Florida,2025,85.41309196187461,73.83061410925174
north-alabama_vs_jacksonville_20250215,2025-02-15,north-alabama,Jacksonville,2025,74.61704961314507,69.63563552122731
north-alabama_vs_west georgia_20250218,2025-02-18,north-alabama,West Georgia,2025,82.36924973774272,69.12958662501934
north-alabama_vs_queens (nc)_20250226,2025-02-26,north-alabama,Queens (NC),2025,79.36214523893838,73.27245199359841
north-alabama_vs_austin peay_20250303,2025-03-03,north-alabama,Austin Peay,2025,82.09869947549588,70.119362382489
north-alabama_vs_jacksonville_20250306,2025-03-06,north-alabama,Jacksonville,2025,74.85564650266639,70.0176070813205
north-carolina_vs_american_20241115,2024-11-15,north-carolina,American,2025,85.31744296605117,59.76889072853127
north-carolina_vs_alabama_20241204,2024-12-04,north-carolina,Alabama,2025,82.28448966517723,78.3186593042405
north-carolina_vs_georgia tech_20241207,2024-12-07,north-carolina,Georgia Tech,2025,86.39255058006803,72.3892228224045
north-carolina_vs_la salle_20241214,2024-12-14,north-carolina,La Salle,2025,87.05593059054216,72.0129056062552
north-carolina_vs_ucla_20241221,2024-12-21,north-carolina,UCLA,2025,78.51169124737264,76.3784869482377
north-carolina_vs_campbell_20241229,2024-12-29,north-carolina,Campbell,2025,88.68903406009731,65.75557273664512
north-carolina_vs_smu_20250107,2025-01-07,north-carolina,SMU,2025,80.03336055143801,75.99964966994519
north-carolina_vs_california_20250115,2025-01-15,north-carolina,California,2025,84.5476006755423,70.67278135767774
north-carolina_vs_stanford_20250118,2025-01-18,north-carolina,Stanford,2025,80.28281600067959,71.42494923312945
north-carolina_vs_boston college_20250125,2025-01-25,north-carolina,Boston College,2025,84.80511941186704,68.07204913241459
north-carolina_vs_pittsburgh_20250208,2025-02-08,north-carolina,Pittsburgh,2025,80.37102692160197,73.21152400937613
north-carolina_vs_nc state_20250219,2025-02-19,north-carolina,NC State,2025,77.23196310980202,70.11704370240827
north-carolina_vs_virginia_20250222,2025-02-22,north-carolina,Virginia,2025,74.76997998697799,68.48146874279198
north-carolina_vs_miami (fl)_20250301,2025-03-01,north-carolina,Miami (FL),2025,84.93943512755332,72.00070776123685
north-carolina_vs_duke_20250308,2025-03-08,north-carolina,Duke,2025,70.1852336594083,74.70169500626835
north-carolina_vs_notre dame_20250312,2025-03-12,north-carolina,Notre Dame,2025,78.55488610065754,71.09159599455704
north-carolina_vs_wake forest_20250313,2025-03-13,north-carolina,Wake Forest,2025,77.3059732414514,71.66182078541482
north-carolina_vs_san diego state_20250318,2025-03-18,north-carolina,San Diego State,2025,73.88342930670856,71.28555462933
north-carolina-asheville_vs_southeast missouri state_20241122,2024-11-22,north-carolina-asheville,Southeast Missouri State,2025,78.39696607497251,72.36216161234286
north-carolina-asheville_vs_western carolina_20241214,2024-12-14,north-carolina-asheville,Western Carolina,2025,81.38006569299732,74.7517251287441
north-carolina-asheville_vs_north florida_20241217,2024-12-17,north-carolina-asheville,North Florida,2025,82.97803911651718,78.16441606760522
north-carolina-asheville_vs_high point_20250104,2025-01-04,north-carolina-asheville,High Point,2025,71.18472012552824,72.9330619972046
north-carolina-asheville_vs_usc upstate_20250115,2025-01-15,north-carolina-asheville,USC Upstate,2025,86.04958383448421,74.43053708206004
north-carolina-asheville_vs_winthrop_20250118,2025-01-18,north-carolina-asheville,Winthrop,2025,81.96569472929974,80.08619698408616
north-carolina-asheville_vs_radford_20250129,2025-01-29,north-carolina-asheville,Radford,2025,74.64512576912189,73.55160376927488
north-carolina-asheville_vs_gardner-webb_20250206,2025-02-06,north-carolina-asheville,Gardner-Webb,2025,80.23375104548677,73.59432499526794
north-carolina-asheville_vs_charleston southern_20250215,2025-02-15,north-carolina-asheville,Charleston Southern,2025,81.31351346446213,73.17715558116348
north-carolina-asheville_vs_longwood_20250222,2025-02-22,north-carolina-asheville,Longwood,2025,79.58119325677208,76.57358802923238
north-carolina-asheville_vs_presbyterian_20250226,2025-02-26,north-carolina-asheville,Presbyterian,2025,78.65275413392293,72.51557624455869
north-carolina-asheville_vs_winthrop_20250308,2025-03-08,north-carolina-asheville,Winthrop,2025,75.6494994567486,79.21964114584013
north-carolina-at_vs_morgan state_20241120,2024-11-20,north-carolina-at,Morgan State,2025,77.50101916526286,75.41906958531749
north-carolina-at_vs_unc greensboro_20241207,2024-12-07,north-carolina-at,UNC Greensboro,2025,74.43983999357064,75.9395617445255
north-carolina-at_vs_coastal carolina_20241217,2024-12-17,north-carolina-at,Coastal Carolina,2025,72.60230306982729,72.15273238408987
north-carolina-at_vs_north carolina central_20241228,2024-12-28,north-carolina-at,North Carolina Central,2025,76.78247070470049,75.28937152614525
north-carolina-at_vs_elon_20250102,2025-01-02,north-carolina-at,Elon,2025,70.96596143663838,78.14839333297276
north-carolina-at_vs_drexel_20250104,2025-01-04,north-carolina-at,Drexel,2025,70.13358412086048,74.88187195783624
north-carolina-at_vs_delaware_20250109,2025-01-09,north-carolina-at,Delaware,2025,76.70819885591307,79.41249954376326
north-carolina-at_vs_monmouth_20250116,2025-01-16,north-carolina-at,Monmouth,2025,75.3647106030488,75.4222966176127
north-carolina-at_vs_hampton_20250120,2025-01-20,north-carolina-at,Hampton,2025,70.84340398552227,76.23382227650768
north-carolina-at_vs_unc wilmington_20250130,2025-01-30,north-carolina-at,UNC Wilmington,2025,71.39765840103522,79.99933729316588
north-carolina-at_vs_college of charleston_20250215,2025-02-15,north-carolina-at,College of Charleston,2025,72.62885640333602,80.8902977215502
north-carolina-at_vs_campbell_20250220,2025-02-20,north-carolina-at,Campbell,2025,67.83615237658229,74.60792645995407
north-carolina-at_vs_stony brook_20250222,2025-02-22,north-carolina-at,Stony Brook,2025,73.31751723073221,71.6900630062047
north-carolina-central_vs_william & mary_20241116,2024-11-16,north-carolina-central,William & Mary,2025,72.74992737284775,75.88614419966304
north-carolina-central_vs_radford_20241205,2024-12-05,north-carolina-central,Radford,2025,73.72151006860337,72.77541934281315
north-carolina-central_vs_longwood_20241220,2024-12-20,north-carolina-central,Longwood,2025,74.29356847400553,73.72166551289742
north-carolina-central_vs_maryland eastern shore_20250111,2025-01-11,north-carolina-central,Maryland Eastern Shore,2025,77.9996860470448,72.96043047916095
north-carolina-central_vs_delaware state_20250113,2025-01-13,north-carolina-central,Delaware State,2025,77.24439533095533,74.08416321196972
north-carolina-central_vs_south carolina state_20250125,2025-01-25,north-carolina-central,South Carolina State,2025,74.64139201920847,74.75918676840183
north-carolina-central_vs_coppin state_20250215,2025-02-15,north-carolina-central,Coppin State,2025,78.61452825634674,64.64411708441445
north-carolina-central_vs_morgan state_20250217,2025-02-17,north-carolina-central,Morgan State,2025,81.71768335988986,76.91907307333805
north-carolina-central_vs_howard_20250301,2025-03-01,north-carolina-central,Howard,2025,79.02252236752327,76.25795263859597
north-carolina-central_vs_norfolk state_20250303,2025-03-03,north-carolina-central,Norfolk State,2025,73.76086128003773,77.31710379543642
north-carolina-central_vs_south carolina state_20250314,2025-03-14,north-carolina-central,South Carolina State,2025,70.89993751873953,76.40725696750077
north-carolina-greensboro_vs_san jose state_20241126,2024-11-26,north-carolina-greensboro,San Jose State,2025,72.05472059487016,64.87694059577402
north-carolina-greensboro_vs_utep_20241127,2024-11-27,north-carolina-greensboro,UTEP,2025,70.23057409326343,69.54411423984119
north-carolina-greensboro_vs_high point_20241203,2024-12-03,north-carolina-greensboro,High Point,2025,68.32507641036646,69.15191694200078
north-carolina-greensboro_vs_furman_20250104,2025-01-04,north-carolina-greensboro,Furman,2025,67.05764403843159,69.11126965654093
north-carolina-greensboro_vs_the citadel_20250115,2025-01-15,north-carolina-greensboro,The Citadel,2025,75.4905025698542,60.07934687099609
north-carolina-greensboro_vs_mercer_20250122,2025-01-22,north-carolina-greensboro,Mercer,2025,79.82057592221798,69.19386039436283
north-carolina-greensboro_vs_east tennessee state_20250129,2025-01-29,north-carolina-greensboro,East Tennessee State,2025,68.3442405361086,66.51661035027288
north-carolina-greensboro_vs_wofford_20250201,2025-02-01,north-carolina-greensboro,Wofford,2025,71.52483382710689,69.3012080253837
north-carolina-greensboro_vs_western carolina_20250208,2025-02-08,north-carolina-greensboro,Western Carolina,2025,79.15324731713379,65.06178511113366
north-carolina-greensboro_vs_vmi_20250212,2025-02-12,north-carolina-greensboro,VMI,2025,76.5567556425658,67.140977303353
north-carolina-greensboro_vs_chattanooga_20250227,2025-02-27,north-carolina-greensboro,Chattanooga,2025,72.76106923550556,71.32686121526618
north-carolina-greensboro_vs_samford_20250301,2025-03-01,north-carolina-greensboro,Samford,2025,72.1685869570974,73.3552981890426
north-carolina-greensboro_vs_vmi_20250308,2025-03-08,north-carolina-greensboro,VMI,2025,74.73327135523617,63.88502811874277
north-carolina-state_vs_colgate_20241118,2024-11-18,north-carolina-state,Colgate,2025,81.89156860262902,63.799107296645595
north-carolina-state_vs_william & mary_20241122,2024-11-22,north-carolina-state,William & Mary,2025,80.17183245279372,68.71267757131402
north-carolina-state_vs_purdue_20241128,2024-11-28,north-carolina-state,Purdue,2025,69.83285827905219,70.99363544699784
north-carolina-state_vs_texas_20241204,2024-12-04,north-carolina-state,Texas,2025,69.608378999441,70.45557336903083
north-carolina-state_vs_florida state_20241207,2024-12-07,north-carolina-state,Florida State,2025,75.23385228267057,70.0061903877133
north-carolina-state_vs_coppin state_20241210,2024-12-10,north-carolina-state,Coppin State,2025,82.48279119746036,52.669148034714866
north-carolina-state_vs_rider_20241222,2024-12-22,north-carolina-state,Rider,2025,76.06120856972814,59.61350337508155
north-carolina-state_vs_notre dame_20250108,2025-01-08,north-carolina-state,Notre Dame,2025,70.23993683956382,67.81354643910579
north-carolina-state_vs_north carolina_20250111,2025-01-11,north-carolina-state,North Carolina,2025,74.88438519713205,75.9647447639427
north-carolina-state_vs_california_20250118,2025-01-18,north-carolina-state,California,2025,73.88375273342622,69.82128146273674
north-carolina-state_vs_smu_20250125,2025-01-25,north-carolina-state,SMU,2025,72.01986015966617,74.29505661777452
north-carolina-state_vs_clemson_20250201,2025-02-01,north-carolina-state,Clemson,2025,67.9067292183263,70.82325882397762
north-carolina-state_vs_louisville_20250212,2025-02-12,north-carolina-state,Louisville,2025,68.65245745629105,74.50080314154552
north-carolina-state_vs_boston college_20250215,2025-02-15,north-carolina-state,Boston College,2025,75.34544980668956,66.46779314979194
north-carolina-state_vs_wake forest_20250222,2025-02-22,north-carolina-state,Wake Forest,2025,67.78688327715818,67.09215324848559
north-carolina-state_vs_pittsburgh_20250305,2025-03-05,north-carolina-state,Pittsburgh,2025,70.72671893729647,69.26140326357024
north-carolina-wilmington_vs_colgate_20241127,2024-11-27,north-carolina-wilmington,Colgate,2025,82.16552608369737,74.27670006127916
north-carolina-wilmington_vs_sam houston state_20241129,2024-11-29,north-carolina-wilmington,Sam Houston State,2025,77.92836802052197,78.6394676249739
north-carolina-wilmington_vs_appalachian state_20241130,2024-11-30,north-carolina-wilmington,Appalachian State,2025,72.28839149512615,71.64397312215239
north-carolina-wilmington_vs_marshall_20241207,2024-12-07,north-carolina-wilmington,Marshall,2025,76.71211475028205,72.526303364348
north-carolina-wilmington_vs_florida gulf coast_20241218,2024-12-18,north-carolina-wilmington,Florida Gulf Coast,2025,75.66455566546838,69.70135178824836
north-carolina-wilmington_vs_unc asheville_20241221,2024-12-21,north-carolina-wilmington,UNC Asheville,2025,79.41940494878666,75.04053029438477
north-carolina-wilmington_vs_towson_20250102,2025-01-02,north-carolina-wilmington,Towson,2025,76.73554802245758,68.19834296245078
north-carolina-wilmington_vs_campbell_20250104,2025-01-04,north-carolina-wilmington,Campbell,2025,78.34460642458724,65.92776720307656
north-carolina-wilmington_vs_northeastern_20250116,2025-01-16,north-carolina-wilmington,Northeastern,2025,74.38285177308893,69.81368540366626
north-carolina-wilmington_vs_william & mary_20250120,2025-01-20,north-carolina-wilmington,William & Mary,2025,78.76330148494813,74.07769430124316
north-carolina-wilmington_vs_hampton_20250125,2025-01-25,north-carolina-wilmington,Hampton,2025,77.21246380204266,68.97046237378748
north-carolina-wilmington_vs_stony brook_20250201,2025-02-01,north-carolina-wilmington,Stony Brook,2025,78.84016552799372,66.52163704650809
north-carolina-wilmington_vs_college of charleston_20250213,2025-02-13,north-carolina-wilmington,College of Charleston,2025,79.79793873240325,73.48803116014429
north-carolina-wilmington_vs_elon_20250215,2025-02-15,north-carolina-wilmington,Elon,2025,77.6521238528639,68.86230269812052
north-carolina-wilmington_vs_delaware_20250301,2025-03-01,north-carolina-wilmington,Delaware,2025,81.79374529025098,71.52098012625905
north-carolina-wilmington_vs_texas tech_20250320,2025-03-20,north-carolina-wilmington,Texas Tech,2025,67.95869281561677,76.38350231880494
north-dakota_vs_utah valley_20241114,2024-11-14,north-dakota,Utah Valley,2025,72.4699616232431,77.13558513941435
north-dakota_vs_southeastern louisiana_20241127,2024-11-27,north-dakota,Southeastern Louisiana,2025,72.91044471080517,73.73905840108085
north-dakota_vs_weber state_20241207,2024-12-07,north-dakota,Weber State,2025,73.04956501009673,74.61546323807714
north-dakota_vs_utsa_20241215,2024-12-15,north-dakota,UTSA,2025,75.40486503491516,76.51767020142753
north-dakota_vs_alabama_20241218,2024-12-18,north-dakota,Alabama,2025,70.1326071219226,88.06890747552781
north-dakota_vs_omaha_20250102,2025-01-02,north-dakota,Omaha,2025,76.85419620335006,74.59231655197793
north-dakota_vs_st. thomas_20250104,2025-01-04,north-dakota,St. Thomas,2025,76.03033274304973,81.8920905404552
north-dakota_vs_kansas city_20250118,2025-01-18,north-dakota,Kansas City,2025,72.58295681098431,72.35632932700142
north-dakota_vs_south dakota_20250123,2025-01-23,north-dakota,South Dakota,2025,78.59268028098674,79.6572286268634
north-dakota_vs_south dakota state_20250201,2025-02-01,north-dakota,South Dakota State,2025,74.699379157858,80.65515314170857
north-dakota_vs_denver_20250213,2025-02-13,north-dakota,Denver,2025,81.4582931773446,75.01727000593036
north-dakota_vs_oral roberts_20250215,2025-02-15,north-dakota,Oral Roberts,2025,80.9389038184685,75.61255971027612
north-dakota_vs_north dakota state_20250222,2025-02-22,north-dakota,North Dakota State,2025,73.07911482344734,78.36904016435656
north-dakota_vs_south dakota state_20250307,2025-03-07,north-dakota,South Dakota State,2025,72.66551407065522,81.39916823614934
north-dakota_vs_st. thomas_20250308,2025-03-08,north-dakota,St. Thomas,2025,72.25758206978695,79.05257422413149
north-dakota-state_vs_west georgia_20241127,2024-11-27,north-dakota-state,West Georgia,2025,78.0237358429392,68.4050443458345
north-dakota-state_vs_utah valley_20241128,2024-11-28,north-dakota-state,Utah Valley,2025,70.48865253511674,73.57909691598641
north-dakota-state_vs_northern colorado_20241207,2024-12-07,north-dakota-state,Northern Colorado,2025,76.37999705125725,73.47971906375973
north-dakota-state_vs_cal state bakersfield_20241223,2024-12-23,north-dakota-state,Cal State Bakersfield,2025,79.32810474257889,67.72152057111629
north-dakota-state_vs_st. thomas_20250102,2025-01-02,north-dakota-state,St. Thomas,2025,79.56166860102228,74.14132939814631
north-dakota-state_vs_omaha_20250104,2025-01-04,north-dakota-state,Omaha,2025,81.9574672699217,68.6352374325669
north-dakota-state_vs_kansas city_20250116,2025-01-16,north-dakota-state,Kansas City,2025,80.0302572192182,65.01056357749775
north-dakota-state_vs_north dakota_20250125,2025-01-25,north-dakota-state,North Dakota,2025,85.53136713124483,71.75802801485936
north-dakota-state_vs_south dakota state_20250130,2025-01-30,north-dakota-state,South Dakota State,2025,77.94403062773212,74.38034553043447
north-dakota-state_vs_oral roberts_20250213,2025-02-13,north-dakota-state,Oral Roberts,2025,82.07841559326461,70.18241883938076
north-dakota-state_vs_denver_20250215,2025-02-15,north-dakota-state,Denver,2025,81.58203415523073,67.99797711538332
north-dakota-state_vs_south dakota_20250226,2025-02-26,north-dakota-state,South Dakota,2025,86.59806076522815,76.17522164734994
north-dakota-state_vs_south dakota_20250307,2025-03-07,north-dakota-state,South Dakota,2025,84.39393255181353,75.79478821559222
northeastern_vs_la salle_20241203,2024-12-03,northeastern,La Salle,2025,72.02989964041103,73.029351941116
northeastern_vs_colgate_20241208,2024-12-08,northeastern,Colgate,2025,72.13529997429477,64.99006974719072
northeastern_vs_delaware_20250102,2025-01-02,northeastern,Delaware,2025,76.98370250779894,71.1994773507119
northeastern_vs_hofstra_20250104,2025-01-04,northeastern,Hofstra,2025,70.87917682332468,66.21259836907879
northeastern_vs_drexel_20250123,2025-01-23,northeastern,Drexel,2025,68.10957017412579,67.28258215263773
northeastern_vs_towson_20250127,2025-01-27,northeastern,Towson,2025,68.98929720170636,67.27444070350089
northeastern_vs_hampton_20250208,2025-02-08,northeastern,Hampton,2025,74.68635053103617,69.20082359797372
northeastern_vs_campbell_20250213,2025-02-13,northeastern,Campbell,2025,70.73572441146443,69.42994323757094
northeastern_vs_stony brook_20250215,2025-02-15,northeastern,Stony Brook,2025,74.84554658829819,67.9709173034303
northeastern_vs_college of charleston_20250220,2025-02-20,northeastern,College of Charleston,2025,74.7534507948681,74.54437655747608
northeastern_vs_north carolina a&t_20250227,2025-02-27,northeastern,North Carolina A&T,2025,77.70747080153086,69.58846716713707
northern-arizona_vs_incarnate word_20241122,2024-11-22,northern-arizona,Incarnate Word,2025,74.08284720444969,70.43604969607009
northern-arizona_vs_south dakota_20241207,2024-12-07,northern-arizona,South Dakota,2025,78.2719955975126,77.24305737093908
northern-arizona_vs_idaho state_20250102,2025-01-02,northern-arizona,Idaho State,2025,75.34085051926112,71.58088331157607
northern-arizona_vs_weber state_20250104,2025-01-04,northern-arizona,Weber State,2025,75.91566815944336,74.67616544325891
northern-arizona_vs_sacramento state_20250116,2025-01-16,northern-arizona,Sacramento State,2025,73.03605776622607,65.13495245136848
northern-arizona_vs_portland state_20250118,2025-01-18,northern-arizona,Portland State,2025,75.8729833266152,72.05151031775311
northern-arizona_vs_montana state_20250206,2025-02-06,northern-arizona,Montana State,2025,70.35945696869483,73.13079311002026
northern-arizona_vs_montana_20250208,2025-02-08,northern-arizona,Montana,2025,72.77334109344314,74.16960622455292
northern-arizona_vs_idaho_20250220,2025-02-20,northern-arizona,Idaho,2025,77.03725054404175,73.90156517096115
northern-arizona_vs_eastern washington_20250222,2025-02-22,northern-arizona,Eastern Washington,2025,75.97958561278323,73.44825442514755
northern-arizona_vs_northern colorado_20250301,2025-03-01,northern-arizona,Northern Colorado,2025,73.83485958061793,78.21423912034436
northern-arizona_vs_queens (nc)_20250323,2025-03-23,northern-arizona,Queens (NC),2025,70.96691818666784,73.84382342857592
northern-colorado_vs_south dakota state_20241114,2024-11-14,northern-colorado,South Dakota State,2025,71.09431884313204,75.25889520491226
northern-colorado_vs_st. thomas_20241204,2024-12-04,northern-colorado,St. Thomas,2025,78.56016434361453,76.29352308405792
northern-colorado_vs_air force_20241216,2024-12-16,northern-colorado,Air Force,2025,73.33480501417142,67.84530322095709
northern-colorado_vs_weber state_20250102,2025-01-02,northern-colorado,Weber State,2025,79.39841569399627,72.324288988308
northern-colorado_vs_idaho state_20250104,2025-01-04,northern-colorado,Idaho State,2025,76.54145669566589,67.99575199634106
northern-colorado_vs_portland state_20250116,2025-01-16,northern-colorado,Portland State,2025,79.91196552760155,71.70665981643407
northern-colorado_vs_sacramento state_20250118,2025-01-18,northern-colorado,Sacramento State,2025,78.66187422773656,64.32652140873822
northern-colorado_vs_northern arizona_20250201,2025-02-01,northern-colorado,Northern Arizona,2025,77.74994702680128,72.61632298823189
northern-colorado_vs_montana_20250206,2025-02-06,northern-colorado,Montana,2025,77.06189784297227,73.51344419607344
northern-colorado_vs_montana state_20250208,2025-02-08,northern-colorado,Montana State,2025,75.99543701464673,72.67958968330106
northern-colorado_vs_eastern washington_20250220,2025-02-20,northern-colorado,Eastern Washington,2025,79.34166927349386,72.47654459409198
northern-colorado_vs_idaho_20250222,2025-02-22,northern-colorado,Idaho,2025,79.45994906926487,73.68026297446131
northern-colorado_vs_weber state_20250309,2025-03-09,northern-colorado,Weber State,2025,79.4192026278567,70.11058172021937
northern-illinois_vs_elon_20241120,2024-11-20,northern-illinois,Elon,2025,76.20695527235837,75.00430760099078
northern-illinois_vs_kent state_20250107,2025-01-07,northern-illinois,Kent State,2025,64.17064972180022,76.3639507868964
northern-illinois_vs_miami (oh)_20250114,2025-01-14,northern-illinois,Miami (OH),2025,67.77247098019825,82.30586384708813
northern-illinois_vs_central michigan_20250118,2025-01-18,northern-illinois,Central Michigan,2025,68.78742321044876,78.6630701975783
northern-illinois_vs_ball state_20250125,2025-01-25,northern-illinois,Ball State,2025,70.47983652966121,78.1399506650148
northern-illinois_vs_akron_20250128,2025-01-28,northern-illinois,Akron,2025,73.75698519709884,83.01416827307966
northern-illinois_vs_louisiana_20250208,2025-02-08,northern-illinois,Louisiana,2025,70.39763901665131,73.43126771283801
northern-illinois_vs_buffalo_20250211,2025-02-11,northern-illinois,Buffalo,2025,77.54039073901896,77.04574256170093
northern-illinois_vs_eastern michigan_20250222,2025-02-22,northern-illinois,Eastern Michigan,2025,71.01450562369747,76.12000476898227
northern-illinois_vs_bowling green_20250304,2025-03-04,northern-illinois,Bowling Green,2025,70.32968613938151,77.39322946073561
northern-iowa_vs_western illinois_20241119,2024-11-19,northern-iowa,Western Illinois,2025,77.11127022496025,61.70703613895813
northern-iowa_vs_north texas_20241128,2024-11-28,northern-iowa,North Texas,2025,62.34408295826936,64.60492997310718
northern-iowa_vs_st. bonaventure_20241129,2024-11-29,northern-iowa,St. Bonaventure,2025,68.14127195544573,68.34616259699577
northern-iowa_vs_northern illinois_20241207,2024-12-07,northern-iowa,Northern Illinois,2025,77.63010174802429,61.29719370098744
northern-iowa_vs_omaha_20241213,2024-12-13,northern-iowa,Omaha,2025,76.87682289020002,63.447872412478446
northern-iowa_vs_montana_20241216,2024-12-16,northern-iowa,Montana,2025,75.22792744984618,67.61947454252478
northern-iowa_vs_washington state_20241221,2024-12-21,northern-iowa,Washington State,2025,73.48379476146238,74.83882601466694
northern-iowa_vs_southern illinois_20241229,2024-12-29,northern-iowa,Southern Illinois,2025,77.24900821296652,68.77167158297402
northern-iowa_vs_belmont_20250101,2025-01-01,northern-iowa,Belmont,2025,76.42412386491127,73.32182820282797
northern-iowa_vs_murray state_20250108,2025-01-08,northern-iowa,Murray State,2025,74.45388476393869,66.09977154347314
northern-iowa_vs_evansville_20250114,2025-01-14,northern-iowa,Evansville,2025,74.25908624236735,60.38609863773232
northern-iowa_vs_missouri state_20250121,2025-01-21,northern-iowa,Missouri State,2025,74.91118856833529,67.97080393577431
northern-iowa_vs_bradley_20250202,2025-02-02,northern-iowa,Bradley,2025,69.52303344848053,70.10882811693156
northern-iowa_vs_illinois state_20250208,2025-02-08,northern-iowa,Illinois State,2025,72.6755567730133,70.23009776855208
northern-iowa_vs_indiana state_20250211,2025-02-11,northern-iowa,Indiana State,2025,78.9690692153711,74.06089924801915
northern-iowa_vs_drake_20250223,2025-02-23,northern-iowa,Drake,2025,63.67649379453549,67.54357736136303
northern-iowa_vs_illinoisâchicago_20250226,2025-02-26,northern-iowa,IllinoisâChicago,2025,73.95948055629799,71.21341954465247
northern-iowa_vs_valparaiso_20250307,2025-03-07,northern-iowa,Valparaiso,2025,74.37774728719515,65.93524669179908
northern-kentucky_vs_cincinnati_20241119,2024-11-19,northern-kentucky,Cincinnati,2025,60.9751206924688,73.21650133764702
northern-kentucky_vs_bellarmine_20241130,2024-11-30,northern-kentucky,Bellarmine,2025,73.7976521092734,66.00359647703743
northern-kentucky_vs_norfolk state_20241215,2024-12-15,northern-kentucky,Norfolk State,2025,72.76235946173786,71.42181122803352
northern-kentucky_vs_detroit mercy_20241218,2024-12-18,northern-kentucky,Detroit Mercy,2025,74.55970692818856,66.1837429234668
northern-kentucky_vs_south carolina state_20241221,2024-12-21,northern-kentucky,South Carolina State,2025,72.80358168797048,68.9804771177434
northern-kentucky_vs_green bay_20250104,2025-01-04,northern-kentucky,Green Bay,2025,75.77983250019433,65.90069628514405
northern-kentucky_vs_oakland_20250111,2025-01-11,northern-kentucky,Oakland,2025,65.69725499620802,67.25737026043785
northern-kentucky_vs_wright state_20250118,2025-01-18,northern-kentucky,Wright State,2025,69.31063295867368,73.08357458537076
northern-kentucky_vs_milwaukee_20250124,2025-01-24,northern-kentucky,Milwaukee,2025,66.55454641851273,73.92249115409442
northern-kentucky_vs_cleveland state_20250205,2025-02-05,northern-kentucky,Cleveland State,2025,65.76504318081615,70.64072459651182
northern-kentucky_vs_robert morris_20250208,2025-02-08,northern-kentucky,Robert Morris,2025,69.95617050421353,71.71487854297102
northern-kentucky_vs_iu indy_20250223,2025-02-23,northern-kentucky,IU Indy,2025,75.38361937165773,72.17549222829415
northern-kentucky_vs_youngstown state_20250301,2025-03-01,northern-kentucky,Youngstown State,2025,70.47776302214372,71.80632576410842
northern-kentucky_vs_detroit mercy_20250304,2025-03-04,northern-kentucky,Detroit Mercy,2025,74.60960336613525,66.30447589708466
north-florida_vs_unc asheville_20241118,2024-11-18,north-florida,UNC Asheville,2025,79.2419690091911,75.60340945026797
north-florida_vs_unc greensboro_20241214,2024-12-14,north-florida,UNC Greensboro,2025,76.43132999290262,74.49875263938299
north-florida_vs_austin peay_20250102,2025-01-02,north-florida,Austin Peay,2025,79.34603957826468,74.578819649227
north-florida_vs_lipscomb_20250104,2025-01-04,north-florida,Lipscomb,2025,77.82089119842985,86.30044138159292
north-florida_vs_central arkansas_20250116,2025-01-16,north-florida,Central Arkansas,2025,87.83755219052864,79.64181682870122
north-florida_vs_north alabama_20250118,2025-01-18,north-florida,North Alabama,2025,78.81930500859387,82.64566279435648
north-florida_vs_stetson_20250129,2025-01-29,north-florida,Stetson,2025,82.79908652008493,76.77438827951813
north-florida_vs_bellarmine_20250206,2025-02-06,north-florida,Bellarmine,2025,81.27897622228716,74.411040323914
north-florida_vs_florida gulf coast_20250208,2025-02-08,north-florida,Florida Gulf Coast,2025,73.98953037877169,77.47722256376022
north-florida_vs_jacksonville_20250220,2025-02-20,north-florida,Jacksonville,2025,78.67176456417883,78.36048139897883
north-florida_vs_eastern kentucky_20250226,2025-02-26,north-florida,Eastern Kentucky,2025,80.6946289256955,80.40648702994585
north-texas_vs_oregon state_20241125,2024-11-25,north-texas,Oregon State,2025,69.94027453137362,62.73966202133746
north-texas_vs_utah state_20241129,2024-11-29,north-texas,Utah State,2025,70.22224783494306,68.91156546768494
north-texas_vs_mississippi valley state_20241218,2024-12-18,north-texas,Mississippi Valley State,2025,74.6025126849665,50.78282042193641
north-texas_vs_appalachian state_20241220,2024-12-20,north-texas,Appalachian State,2025,70.32444835490452,59.4494212489868
north-texas_vs_uab_20241231,2024-12-31,north-texas,UAB,2025,75.19850176933872,67.22940020553963
north-texas_vs_rice_20250108,2025-01-08,north-texas,Rice,2025,68.66596510501022,60.32298234665843
north-texas_vs_temple_20250122,2025-01-22,north-texas,Temple,2025,72.13524646364918,64.13003427451231
north-texas_vs_florida atlantic_20250126,2025-01-26,north-texas,Florida Atlantic,2025,74.64595482580438,65.41611278543047
north-texas_vs_utsa_20250201,2025-02-01,north-texas,UTSA,2025,75.59417786553253,63.98559332294912
north-texas_vs_tulane_20250208,2025-02-08,north-texas,Tulane,2025,69.78379493568714,62.240864132654124
north-texas_vs_tulsa_20250219,2025-02-19,north-texas,Tulsa,2025,74.9593781425148,59.909668093360125
north-texas_vs_wichita state_20250303,2025-03-03,north-texas,Wichita State,2025,72.75782530401924,61.73570804706463
north-texas_vs_charlotte_20250306,2025-03-06,north-texas,Charlotte,2025,70.8705783524363,57.92740206214261
north-texas_vs_tulsa_20250314,2025-03-14,north-texas,Tulsa,2025,70.81800682527279,59.326472036397874
north-texas_vs_furman_20250319,2025-03-19,north-texas,Furman,2025,70.57485742348612,62.371000881726644
north-texas_vs_arkansas state_20250323,2025-03-23,north-texas,Arkansas State,2025,70.07094911388135,66.10840839345417
northwestern_vs_eastern illinois_20241115,2024-11-15,northwestern,Eastern Illinois,2025,87.48313721161448,64.55646999652714
northwestern_vs_montana state_20241119,2024-11-19,northwestern,Montana State,2025,79.56770017087764,64.16233144526826
northwestern_vs_pepperdine_20241122,2024-11-22,northwestern,Pepperdine,2025,77.18644529284371,60.05772359100419
northwestern_vs_illinois_20241206,2024-12-06,northwestern,Illinois,2025,71.54100548277086,74.53574431571388
northwestern_vs_depaul_20241221,2024-12-21,northwestern,DePaul,2025,73.70247124831457,68.12501891972443
northwestern_vs_northeastern_20241229,2024-12-29,northwestern,Northeastern,2025,75.73687824701132,63.32012991974924
northwestern_vs_michigan state_20250112,2025-01-12,northwestern,Michigan State,2025,68.82344927964604,71.22437973830174
northwestern_vs_maryland_20250116,2025-01-16,northwestern,Maryland,2025,69.80168645354121,71.86603756504792
northwestern_vs_indiana_20250122,2025-01-22,northwestern,Indiana,2025,74.33834464882761,69.93852145900932
northwestern_vs_rutgers_20250129,2025-01-29,northwestern,Rutgers,2025,74.55736676349272,69.87424853914983
northwestern_vs_wisconsin_20250201,2025-02-01,northwestern,Wisconsin,2025,70.82070494582396,71.91747859297278
northwestern_vs_southern california_20250204,2025-02-04,northwestern,Southern California,2025,71.46235902388153,71.17908991013275
northwestern_vs_nebraska_20250216,2025-02-16,northwestern,Nebraska,2025,72.57838454898013,71.62836891421033
northwestern_vs_iowa_20250228,2025-02-28,northwestern,Iowa,2025,77.33122003837859,73.56076761192581
northwestern_vs_ucla_20250303,2025-03-03,northwestern,UCLA,2025,68.9516522745494,68.59501488146368
northwestern_vs_wisconsin_20250313,2025-03-13,northwestern,Wisconsin,2025,69.06306927296184,72.28323497803598
northwestern-state_vs_louisianaâmonroe_20241122,2024-11-22,northwestern-state,LouisianaâMonroe,2025,72.496883474381,72.93750980779984
northwestern-state_vs_north alabama_20241124,2024-11-24,northwestern-state,North Alabama,2025,69.84736485227776,76.37710102969872
northwestern-state_vs_mcneese state_20250106,2025-01-06,northwestern-state,McNeese State,2025,60.933110657678895,72.41621723286876
northwestern-state_vs_texas a&mâcommerce_20250111,2025-01-11,northwestern-state,Texas A&MâCommerce,2025,71.36639773577568,63.49042867671325
northwestern-state_vs_southeastern louisiana_20250118,2025-01-18,northwestern-state,Southeastern Louisiana,2025,68.32152982460121,68.32663775250907
northwestern-state_vs_new orleans_20250120,2025-01-20,northwestern-state,New Orleans,2025,77.06709235505262,68.8872620074147
northwestern-state_vs_stephen f. austin_20250215,2025-02-15,northwestern-state,Stephen F. Austin,2025,67.26173871113772,63.7235013192579
northwestern-state_vs_lamar_20250217,2025-02-17,northwestern-state,Lamar,2025,66.14622799763744,67.60921965197974
northwestern-state_vs_incarnate word_20250303,2025-03-03,northwestern-state,Incarnate Word,2025,68.06143443623039,67.94409820039444
northwestern-state_vs_texas a&mâcorpus christi_20250310,2025-03-10,northwestern-state,Texas A&MâCorpus Christi,2025,65.62194518569929,69.75074461438054
notre-dame_vs_north dakota_20241119,2024-11-19,notre-dame,North Dakota,2025,82.97135551764725,65.75432704810336
notre-dame_vs_elon_20241122,2024-11-22,notre-dame,Elon,2025,79.80114178048385,66.79862159044185
notre-dame_vs_rutgers_20241126,2024-11-26,notre-dame,Rutgers,2025,69.07187929728703,70.93094933270203
notre-dame_vs_syracuse_20241207,2024-12-07,notre-dame,Syracuse,2025,78.40194071287054,72.70960673422088
notre-dame_vs_dartmouth_20241211,2024-12-11,notre-dame,Dartmouth,2025,81.88800040503862,64.86884277466473
notre-dame_vs_le moyne_20241222,2024-12-22,notre-dame,Le Moyne,2025,82.08122931767099,65.36906261949989
notre-dame_vs_north carolina_20250104,2025-01-04,notre-dame,North Carolina,2025,78.63023216362977,77.93080888494796
notre-dame_vs_boston college_20250113,2025-01-13,notre-dame,Boston College,2025,78.38087530538374,68.05376644189882
notre-dame_vs_georgia tech_20250128,2025-01-28,notre-dame,Georgia Tech,2025,75.61810901028073,69.35408312157821
notre-dame_vs_virginia tech_20250208,2025-02-08,notre-dame,Virginia Tech,2025,73.57495965517789,69.2044996681259
notre-dame_vs_louisville_20250216,2025-02-16,notre-dame,Louisville,2025,70.39840143084194,74.00017993016853
notre-dame_vs_smu_20250219,2025-02-19,notre-dame,SMU,2025,72.31936329299131,75.10837685149707
notre-dame_vs_pittsburgh_20250222,2025-02-22,notre-dame,Pittsburgh,2025,72.31352948608632,71.12454698825185
notre-dame_vs_stanford_20250305,2025-03-05,notre-dame,Stanford,2025,73.01302371856094,70.38764023129393
notre-dame_vs_california_20250308,2025-03-08,notre-dame,California,2025,75.21330157522203,70.19674052364203
notre-dame_vs_pittsburgh_20250311,2025-03-11,notre-dame,Pittsburgh,2025,69.7379325517329,70.6457480819934
oakland_vs_eastern michigan_20241121,2024-11-21,oakland,Eastern Michigan,2025,70.13467581023707,64.78044190003293
oakland_vs_wright state_20241205,2024-12-05,oakland,Wright State,2025,66.89079184277817,68.42583006523887
oakland_vs_oregon state_20241223,2024-12-23,oakland,Oregon State,2025,61.90773807768992,71.14204070936005
oakland_vs_milwaukee_20250102,2025-01-02,oakland,Milwaukee,2025,72.57771933504895,74.46632527516145
oakland_vs_robert morris_20250104,2025-01-04,oakland,Robert Morris,2025,73.25327834467257,67.2910612559967
oakland_vs_iu indy_20250115,2025-01-15,oakland,IU Indy,2025,76.03951153681717,69.90733855321581
oakland_vs_green bay_20250130,2025-01-30,oakland,Green Bay,2025,76.4458262820484,63.68040656623539
oakland_vs_northern kentucky_20250201,2025-02-01,oakland,Northern Kentucky,2025,73.07222826088945,61.88460819010331
oakland_vs_youngstown state_20250206,2025-02-06,oakland,Youngstown State,2025,73.09171479805461,65.78925628201415
oakland_vs_detroit mercy_20250216,2025-02-16,oakland,Detroit Mercy,2025,74.48648650528672,61.850447234460326
oakland_vs_cleveland state_20250223,2025-02-23,oakland,Cleveland State,2025,68.99265775870677,67.34467430362811
oakland_vs_green bay_20250304,2025-03-04,oakland,Green Bay,2025,76.00899662818816,67.09711647609414
oakland_vs_robert morris_20250310,2025-03-10,oakland,Robert Morris,2025,69.84060021927768,70.34540296136294
ohio_vs_portland_20241122,2024-11-22,ohio,Portland,2025,80.40499344503337,72.61908021064858
ohio_vs_texas state_20241124,2024-11-24,ohio,Texas State,2025,74.01606633989489,75.74465305060941
ohio_vs_robert morris_20241130,2024-11-30,ohio,Robert Morris,2025,77.40280198625909,73.05207797623956
ohio_vs_morehead state_20241207,2024-12-07,ohio,Morehead State,2025,79.70559674868292,71.59954257990425
ohio_vs_austin peay_20241218,2024-12-18,ohio,Austin Peay,2025,77.01605233959638,70.18716289065408
ohio_vs_northern illinois_20250111,2025-01-11,ohio,Northern Illinois,2025,83.74455797566038,67.44365653412258
ohio_vs_ball state_20250114,2025-01-14,ohio,Ball State,2025,79.28776111424743,73.81969894206817
ohio_vs_kent state_20250124,2025-01-24,ohio,Kent State,2025,72.33506588671669,73.45605633695853
ohio_vs_toledo_20250128,2025-01-28,ohio,Toledo,2025,81.12551698335388,74.79794937073217
ohio_vs_appalachian state_20250208,2025-02-08,ohio,Appalachian State,2025,69.6469705921765,72.11601523979527
ohio_vs_central michigan_20250218,2025-02-18,ohio,Central Michigan,2025,80.42886365147392,75.22935860946808
ohio_vs_akron_20250222,2025-02-22,ohio,Akron,2025,79.52130145229113,83.27410020548824
ohio_vs_miami (oh)_20250301,2025-03-01,ohio,Miami (OH),2025,78.71411022088023,76.74431670237249
ohio_vs_eastern michigan_20250304,2025-03-04,ohio,Eastern Michigan,2025,79.33901836243142,72.38264733640705
ohio_vs_toledo_20250313,2025-03-13,ohio,Toledo,2025,76.74515975608011,75.64438545777173
ohio-state_vs_evansville_20241119,2024-11-19,ohio-state,Evansville,2025,81.48002065715224,62.41441924450279
ohio-state_vs_campbell_20241122,2024-11-22,ohio-state,Campbell,2025,79.81219388671771,61.09844453729558
ohio-state_vs_green bay_20241125,2024-11-25,ohio-state,Green Bay,2025,84.22120896682459,64.49669243304496
ohio-state_vs_pittsburgh_20241129,2024-11-29,ohio-state,Pittsburgh,2025,74.97822463781323,73.72787670033787
ohio-state_vs_rutgers_20241207,2024-12-07,ohio-state,Rutgers,2025,79.67079183044882,71.87095176287403
ohio-state_vs_valparaiso_20241217,2024-12-17,ohio-state,Valparaiso,2025,82.67969602450258,67.15284191077181
ohio-state_vs_indiana state_20241229,2024-12-29,ohio-state,Indiana State,2025,85.85540925230539,73.15291297630337
ohio-state_vs_michigan state_20250103,2025-01-03,ohio-state,Michigan State,2025,74.05084451946526,75.4335321180447
ohio-state_vs_oregon_20250109,2025-01-09,ohio-state,Oregon,2025,74.2867949819301,74.95349415858857
ohio-state_vs_indiana_20250117,2025-01-17,ohio-state,Indiana,2025,75.68685866375796,70.99295937936131
ohio-state_vs_iowa_20250127,2025-01-27,ohio-state,Iowa,2025,79.88177677893083,73.69379922782323
ohio-state_vs_maryland_20250206,2025-02-06,ohio-state,Maryland,2025,73.21186345777316,74.93292382538999
ohio-state_vs_washington_20250212,2025-02-12,ohio-state,Washington,2025,76.31255488051646,68.37219990745227
ohio-state_vs_michigan_20250216,2025-02-16,ohio-state,Michigan,2025,76.1422813488754,74.33289063751975
ohio-state_vs_northwestern_20250220,2025-02-20,ohio-state,Northwestern,2025,76.43102747783064,70.40667448049815
ohio-state_vs_nebraska_20250304,2025-03-04,ohio-state,Nebraska,2025,77.2916905670693,71.66857626299759
oklahoma_vs_stetson_20241116,2024-11-16,oklahoma,Stetson,2025,84.04405671793134,62.0125253479576
oklahoma_vs_texas a&mâcommerce_20241121,2024-11-21,oklahoma,Texas A&MâCommerce,2025,86.56117400994293,61.24294701005847
oklahoma_vs_providence_20241127,2024-11-27,oklahoma,Providence,2025,70.98354206595467,68.46108790961364
oklahoma_vs_georgia tech_20241203,2024-12-03,oklahoma,Georgia Tech,2025,81.16994447732702,71.89292602156016
oklahoma_vs_alcorn state_20241207,2024-12-07,oklahoma,Alcorn State,2025,82.31790741753254,57.454430053894136
oklahoma_vs_oklahoma state_20241214,2024-12-14,oklahoma,Oklahoma State,2025,74.8552759509321,72.59248601782079
oklahoma_vs_central arkansas_20241222,2024-12-22,oklahoma,Central Arkansas,2025,88.46213446632727,66.28853207700928
oklahoma_vs_texas a&m_20250108,2025-01-08,oklahoma,Texas A&M,2025,71.0314069014332,73.42383012911124
oklahoma_vs_texas_20250115,2025-01-15,oklahoma,Texas,2025,72.98377233524083,72.58506669662242
oklahoma_vs_south carolina_20250118,2025-01-18,oklahoma,South Carolina,2025,75.48133869102514,68.87301418023335
oklahoma_vs_vanderbilt_20250201,2025-02-01,oklahoma,Vanderbilt,2025,77.1202635403511,74.08358883618612
oklahoma_vs_tennessee_20250208,2025-02-08,oklahoma,Tennessee,2025,69.7602053977933,69.98139447676428
oklahoma_vs_louisiana state_20250215,2025-02-15,oklahoma,Louisiana State,2025,77.16366389826479,71.08077789768967
oklahoma_vs_mississippi state_20250222,2025-02-22,oklahoma,Mississippi State,2025,72.46912851544877,73.12439350408094
oklahoma_vs_kentucky_20250226,2025-02-26,oklahoma,Kentucky,2025,78.05392005252091,76.71710445774693
oklahoma_vs_missouri_20250305,2025-03-05,oklahoma,Missouri,2025,72.52336598969099,74.36302218380538
oklahoma-state_vs_southern illinois_20241114,2024-11-14,oklahoma-state,Southern Illinois,2025,79.02661067899936,71.89070155047996
oklahoma-state_vs_tarleton state_20241218,2024-12-18,oklahoma-state,Tarleton State,2025,80.97846868592315,61.845813261601904
oklahoma-state_vs_oral roberts_20241222,2024-12-22,oklahoma-state,Oral Roberts,2025,83.05871621292219,67.735772499629
oklahoma-state_vs_houston_20241230,2024-12-30,oklahoma-state,Houston,2025,63.599682842165834,75.30569256908869
oklahoma-state_vs_kansas state_20250107,2025-01-07,oklahoma-state,Kansas State,2025,71.357456600271,72.99808283638133
oklahoma-state_vs_colorado_20250118,2025-01-18,oklahoma-state,Colorado,2025,70.53123376780646,70.6003818162441
oklahoma-state_vs_arizona_20250121,2025-01-21,oklahoma-state,Arizona,2025,68.96746790936025,83.9877155511067
oklahoma-state_vs_utah_20250201,2025-02-01,oklahoma-state,Utah,2025,70.36621361481853,73.09790817042442
oklahoma-state_vs_arizona state_20250209,2025-02-09,oklahoma-state,Arizona State,2025,72.09500707190765,71.38921180540046
oklahoma-state_vs_texas tech_20250215,2025-02-15,oklahoma-state,Texas Tech,2025,69.13267869264651,77.02069100062135
oklahoma-state_vs_ucf_20250219,2025-02-19,oklahoma-state,UCF,2025,79.58279542218938,76.21804567174507
oklahoma-state_vs_iowa state_20250225,2025-02-25,oklahoma-state,Iowa State,2025,70.43515766830905,78.31657744624631
oklahoma-state_vs_cincinnati_20250308,2025-03-08,oklahoma-state,Cincinnati,2025,68.55771672157125,69.1781468496946
oklahoma-state_vs_wichita state_20250318,2025-03-18,oklahoma-state,Wichita State,2025,78.19179290345782,73.25531351403855
oklahoma-state_vs_north texas_20250325,2025-03-25,oklahoma-state,North Texas,2025,65.44546667745684,65.25041225792653
old-dominion_vs_maryland eastern shore_20241115,2024-11-15,old-dominion,Maryland Eastern Shore,2025,78.35520614065237,72.84328155026168
old-dominion_vs_william & mary_20241202,2024-12-02,old-dominion,William & Mary,2025,75.98146894654982,78.01597413179641
old-dominion_vs_george washington_20241207,2024-12-07,old-dominion,George Washington,2025,68.2388794328574,78.49243746440533
old-dominion_vs_northeastern_20241215,2024-12-15,old-dominion,Northeastern,2025,67.97985489412656,74.58022106937925
old-dominion_vs_arkansas state_20250102,2025-01-02,old-dominion,Arkansas State,2025,74.3156703890853,81.65747925422143
old-dominion_vs_southern mississippi_20250104,2025-01-04,old-dominion,Southern Mississippi,2025,74.26886024337072,75.94774128023955
old-dominion_vs_appalachian state_20250116,2025-01-16,old-dominion,Appalachian State,2025,63.55664021278179,69.7624844931428
old-dominion_vs_georgia southern_20250118,2025-01-18,old-dominion,Georgia Southern,2025,74.28301444815361,74.15302058809272
old-dominion_vs_james madison_20250122,2025-01-22,old-dominion,James Madison,2025,66.6112500568689,74.37305088754893
old-dominion_vs_coastal carolina_20250125,2025-01-25,old-dominion,Coastal Carolina,2025,67.25114041683551,67.09537937056362
old-dominion_vs_texas state_20250205,2025-02-05,old-dominion,Texas State,2025,70.45696628931317,71.4052078973355
old-dominion_vs_marshall_20250220,2025-02-20,old-dominion,Marshall,2025,71.09791963560832,73.87777110155237
old-dominion_vs_georgia state_20250222,2025-02-22,old-dominion,Georgia State,2025,74.28239490577283,73.11942144849996
old-dominion_vs_texas state_20250306,2025-03-06,old-dominion,Texas State,2025,69.43892848285756,73.86878989497582
old-dominion_vs_troy_20250308,2025-03-08,old-dominion,Troy,2025,64.56835393804145,73.47087256338054
oral-roberts_vs_missouri state_20241201,2024-12-01,oral-roberts,Missouri State,2025,77.85748922650558,76.61336904019629
oral-roberts_vs_northern arizona_20241204,2024-12-04,oral-roberts,Northern Arizona,2025,75.90530062143111,75.84436024642709
oral-roberts_vs_north dakota state_20250109,2025-01-09,oral-roberts,North Dakota State,2025,70.32623608966001,77.46500588408752
oral-roberts_vs_north dakota_20250111,2025-01-11,oral-roberts,North Dakota,2025,77.17829633645951,76.107121495513
oral-roberts_vs_denver_20250123,2025-01-23,oral-roberts,Denver,2025,77.51219068607128,74.09235421077538
oral-roberts_vs_omaha_20250125,2025-01-25,oral-roberts,Omaha,2025,71.9491001954842,76.71592172988868
oral-roberts_vs_kansas city_20250201,2025-02-01,oral-roberts,Kansas City,2025,71.83496402279394,72.3347897402646
oral-roberts_vs_south dakota_20250208,2025-02-08,oral-roberts,South Dakota,2025,79.40191964421523,78.80146720438724
oral-roberts_vs_st. thomas_20250222,2025-02-22,oral-roberts,St. Thomas,2025,73.45572301629068,79.93720669335599
oral-roberts_vs_south dakota state_20250227,2025-02-27,oral-roberts,South Dakota State,2025,72.77900758726084,81.64463585418434
oregon_vs_troy_20241117,2024-11-17,oregon,Troy,2025,81.10131904409926,69.75724712525147
oregon_vs_texas a&m_20241126,2024-11-26,oregon,Texas A&M,2025,69.07957879398532,72.07136412991821
oregon_vs_san diego state_20241127,2024-11-27,oregon,San Diego State,2025,72.88034547189172,69.14546080378437
oregon_vs_ucla_20241208,2024-12-08,oregon,UCLA,2025,73.62458518295391,72.62048442424226
oregon_vs_stephen f. austin_20241215,2024-12-15,oregon,Stephen F. Austin,2025,79.28722698758246,62.15940416986775
oregon_vs_stanford_20241221,2024-12-21,oregon,Stanford,2025,74.91850370604857,71.1450312388134
oregon_vs_weber state_20241229,2024-12-29,oregon,Weber State,2025,85.14271451844499,62.5956118103049
oregon_vs_illinois_20250102,2025-01-02,oregon,Illinois,2025,78.53210512400874,74.16821204537091
oregon_vs_maryland_20250105,2025-01-05,oregon,Maryland,2025,77.94846442422202,73.29888631546216
oregon_vs_purdue_20250118,2025-01-18,oregon,Purdue,2025,71.67498221235124,71.15350276699738
oregon_vs_washington_20250121,2025-01-21,oregon,Washington,2025,79.10933469303546,68.47847049020844
oregon_vs_nebraska_20250202,2025-02-02,oregon,Nebraska,2025,76.47041312563125,72.90722819570898
oregon_vs_northwestern_20250211,2025-02-11,oregon,Northwestern,2025,74.49836420079433,71.01317630797871
oregon_vs_rutgers_20250216,2025-02-16,oregon,Rutgers,2025,80.36286481980143,72.53942497202759
oregon_vs_southern california_20250301,2025-03-01,oregon,Southern California,2025,76.87102503775057,72.33378267713677
oregon_vs_indiana_20250304,2025-03-04,oregon,Indiana,2025,76.23191876935402,72.85603248469765
oregon-state_vs_cal state fullerton_20241115,2024-11-15,oregon-state,Cal State Fullerton,2025,78.94383827145458,63.0014698593229
oregon-state_vs_oregon_20241121,2024-11-21,oregon-state,Oregon,2025,72.20512111181037,76.2091923655383
oregon-state_vs_uc davis_20241130,2024-11-30,oregon-state,UC Davis,2025,74.51304677722862,64.35328428867024
oregon-state_vs_idaho_20241207,2024-12-07,oregon-state,Idaho,2025,78.09889115275914,66.39569377587723
oregon-state_vs_uc irvine_20241214,2024-12-14,oregon-state,UC Irvine,2025,69.53605958631351,67.19107903822103
oregon-state_vs_sacramento state_20241217,2024-12-17,oregon-state,Sacramento State,2025,77.48416980713985,56.64625367065851
oregon-state_vs_portland_20241230,2024-12-30,oregon-state,Portland,2025,81.55171460750273,63.50168040292712
oregon-state_vs_san diego_20250104,2025-01-04,oregon-state,San Diego,2025,77.62999815031914,62.97307266892515
oregon-state_vs_gonzaga_20250116,2025-01-16,oregon-state,Gonzaga,2025,74.33625432036696,77.1535003865363
oregon-state_vs_pepperdine_20250123,2025-01-23,oregon-state,Pepperdine,2025,78.3544832159458,65.92659459868553
oregon-state_vs_santa clara_20250125,2025-01-25,oregon-state,Santa Clara,2025,73.80472284291223,73.62126066955116
oregon-state_vs_washington state_20250206,2025-02-06,oregon-state,Washington State,2025,75.08103907569053,69.46905700195563
oregon-state_vs_pacific_20250215,2025-02-15,oregon-state,Pacific,2025,78.83975694615883,68.05185148924677
oregon-state_vs_san francisco_20250226,2025-02-26,oregon-state,San Francisco,2025,72.38394813304242,72.76003958757073
oregon-state_vs_pepperdine_20250308,2025-03-08,oregon-state,Pepperdine,2025,78.27029645701411,69.28859777925933
pacific_vs_northern arizona_20241114,2024-11-14,pacific,Northern Arizona,2025,76.32071214639103,74.69178483240552
pacific_vs_arkansasâpine bluff_20241127,2024-11-27,pacific,ArkansasâPine Bluff,2025,82.4707661975117,70.7003562891335
pacific_vs_cal state fullerton_20241130,2024-11-30,pacific,Cal State Fullerton,2025,66.84145899140013,65.94125252699104
pacific_vs_portland state_20241218,2024-12-18,pacific,Portland State,2025,77.54316490060107,72.5778680182995
pacific_vs_idaho_20241221,2024-12-21,pacific,Idaho,2025,74.05179280705121,72.41537444717036
pacific_vs_san francisco_20250102,2025-01-02,pacific,San Francisco,2025,65.63819617606603,76.96543020164115
pacific_vs_pepperdine_20250104,2025-01-04,pacific,Pepperdine,2025,69.65897126896289,71.49351539560338
pacific_vs_oregon state_20250111,2025-01-11,pacific,Oregon State,2025,66.07371170786497,75.72392534551184
pacific_vs_loyola marymount_20250123,2025-01-23,pacific,Loyola Marymount,2025,67.92427296765327,74.55346826125029
pacific_vs_washington state_20250130,2025-01-30,pacific,Washington State,2025,69.11903822240942,78.50287529786506
pacific_vs_san diego_20250206,2025-02-06,pacific,San Diego,2025,73.6453740261801,72.60893597843597
pacific_vs_gonzaga_20250208,2025-02-08,pacific,Gonzaga,2025,68.04411486895077,84.83567632286514
pacific_vs_portland_20250222,2025-02-22,pacific,Portland,2025,77.39398277938575,73.56181210717206
pacific_vs_santa clara_20250301,2025-03-01,pacific,Santa Clara,2025,69.05494904323355,79.68580237305079
penn-state_vs_virginia tech_20241115,2024-11-15,penn-state,Virginia Tech,2025,76.1412543507558,71.18079056499373
penn-state_vs_buffalo_20241201,2024-12-01,penn-state,Buffalo,2025,92.2037417857403,66.51194572383419
penn-state_vs_purdue_20241205,2024-12-05,penn-state,Purdue,2025,71.64145918120255,72.14926449097527
penn-state_vs_coppin state_20241214,2024-12-14,penn-state,Coppin State,2025,89.71172544647537,58.52104606425936
penn-state_vs_pennsylvania_20241229,2024-12-29,penn-state,Pennsylvania,2025,85.5724117256573,63.81559975242131
penn-state_vs_northwestern_20250102,2025-01-02,penn-state,Northwestern,2025,76.89806574015624,71.29820310280834
penn-state_vs_indiana_20250105,2025-01-05,penn-state,Indiana,2025,79.18314769688817,73.00860324299967
penn-state_vs_oregon_20250112,2025-01-12,penn-state,Oregon,2025,77.33196366886654,74.7472371869303
penn-state_vs_rutgers_20250120,2025-01-20,penn-state,Rutgers,2025,82.42555002012054,73.04841563112132
penn-state_vs_ohio state_20250130,2025-01-30,penn-state,Ohio State,2025,79.92970667571879,73.91827800028085
penn-state_vs_minnesota_20250204,2025-02-04,penn-state,Minnesota,2025,74.41282761314785,68.97646079416525
penn-state_vs_washington_20250215,2025-02-15,penn-state,Washington,2025,78.83522151718897,72.2560462406456
penn-state_vs_nebraska_20250219,2025-02-19,penn-state,Nebraska,2025,76.14313180611917,74.99411053556791
penn-state_vs_maryland_20250301,2025-03-01,penn-state,Maryland,2025,76.6437437496372,77.94732262644281
pennsylvania_vs_saint joseph's_20241115,2024-11-15,pennsylvania,Saint Joseph's,2025,66.00883821758778,73.53158981638475
pennsylvania_vs_navy_20241129,2024-11-29,pennsylvania,Navy,2025,71.36749887069853,70.65874109510177
pennsylvania_vs_maine_20241130,2024-11-30,pennsylvania,Maine,2025,67.90190720698051,69.13551724548711
pennsylvania_vs_elon_20241201,2024-12-01,pennsylvania,Elon,2025,72.52720886815493,72.70493614035438
pennsylvania_vs_rider_20241220,2024-12-20,pennsylvania,Rider,2025,67.04309423714113,65.36983378127964
pennsylvania_vs_cornell_20250118,2025-01-18,pennsylvania,Cornell,2025,71.87319024083041,79.31437689632895
pennsylvania_vs_columbia_20250125,2025-01-25,pennsylvania,Columbia,2025,71.91611733259772,74.13374945526785
pennsylvania_vs_brown_20250131,2025-01-31,pennsylvania,Brown,2025,71.21201963114014,72.00722396243236
pennsylvania_vs_yale_20250201,2025-02-01,pennsylvania,Yale,2025,68.63724830853818,79.22028355579985
pennsylvania_vs_princeton_20250207,2025-02-07,pennsylvania,Princeton,2025,69.08655587327948,76.35743166792183
pennsylvania_vs_dartmouth_20250221,2025-02-21,pennsylvania,Dartmouth,2025,75.17409768795572,77.02165703015173
pennsylvania_vs_harvard_20250222,2025-02-22,pennsylvania,Harvard,2025,72.00478258902,70.80261576391977
pepperdine_vs_cal state fullerton_20241126,2024-11-26,pepperdine,Cal State Fullerton,2025,68.1306554632444,63.236436245032756
pepperdine_vs_weber state_20241130,2024-11-30,pepperdine,Weber State,2025,69.54678512826331,72.85783569426916
pepperdine_vs_northern arizona_20241214,2024-12-14,pepperdine,Northern Arizona,2025,74.10624813890905,71.56608820049229
pepperdine_vs_long beach state_20241219,2024-12-19,pepperdine,Long Beach State,2025,73.20569801807864,67.75121147119779
pepperdine_vs_uc davis_20241221,2024-12-21,pepperdine,UC Davis,2025,73.42370362696143,72.38906300631362
pepperdine_vs_gonzaga_20241230,2024-12-30,pepperdine,Gonzaga,2025,69.7510172281401,85.77499487710472
pepperdine_vs_san francisco_20250116,2025-01-16,pepperdine,San Francisco,2025,71.45810824675222,75.80549687708566
pepperdine_vs_pacific_20250125,2025-01-25,pepperdine,Pacific,2025,77.18207511076888,70.86926595366411
pepperdine_vs_portland_20250201,2025-02-01,pepperdine,Portland,2025,79.84817666257334,69.47663749769472
pepperdine_vs_loyola marymount_20250211,2025-02-11,pepperdine,Loyola Marymount,2025,70.51091153015527,71.3575086803884
pepperdine_vs_san diego_20250213,2025-02-13,pepperdine,San Diego,2025,77.79791429261444,71.14190598530736
pepperdine_vs_oregon state_20250220,2025-02-20,pepperdine,Oregon State,2025,68.93939241115244,76.7999407933432
pepperdine_vs_washington state_20250301,2025-03-01,pepperdine,Washington State,2025,73.35809601465671,79.16262910843423
pepperdine_vs_portland_20250307,2025-03-07,pepperdine,Portland,2025,74.20223431542458,74.22671674263921
pepperdine_vs_santa clara_20250309,2025-03-09,pepperdine,Santa Clara,2025,69.8991118158875,80.43269806277559
pittsburgh_vs_west virginia_20241115,2024-11-15,pittsburgh,West Virginia,2025,75.6355005660595,69.40297455472239
pittsburgh_vs_vmi_20241118,2024-11-18,pittsburgh,VMI,2025,91.0463223149063,62.64758085898995
pittsburgh_vs_wisconsin_20241124,2024-11-24,pittsburgh,Wisconsin,2025,77.01241991515343,72.39274950610803
pittsburgh_vs_eastern kentucky_20241211,2024-12-11,pittsburgh,Eastern Kentucky,2025,81.16312783491622,66.65730344308353
pittsburgh_vs_sam houston state_20241221,2024-12-21,pittsburgh,Sam Houston State,2025,85.18579561811093,68.76121989933084
pittsburgh_vs_california_20250101,2025-01-01,pittsburgh,California,2025,83.7564516419265,67.90119446470739
pittsburgh_vs_stanford_20250104,2025-01-04,pittsburgh,Stanford,2025,76.82559809624043,70.48780640438162
pittsburgh_vs_louisville_20250111,2025-01-11,pittsburgh,Louisville,2025,74.18674734776974,71.30675406505674
pittsburgh_vs_clemson_20250118,2025-01-18,pittsburgh,Clemson,2025,73.15105226378479,71.85946811467073
pittsburgh_vs_north carolina_20250128,2025-01-28,pittsburgh,North Carolina,2025,80.92830278511275,75.04403057038068
pittsburgh_vs_virginia_20250203,2025-02-03,pittsburgh,Virginia,2025,73.31850227018133,62.2950765649257
pittsburgh_vs_miami (fl)_20250215,2025-02-15,pittsburgh,Miami (FL),2025,80.61007857008265,67.75206530621716
pittsburgh_vs_syracuse_20250218,2025-02-18,pittsburgh,Syracuse,2025,80.48265646745115,71.3277385328947
pittsburgh_vs_georgia tech_20250225,2025-02-25,pittsburgh,Georgia Tech,2025,75.63587759988195,69.35103504695995
pittsburgh_vs_boston college_20250308,2025-03-08,pittsburgh,Boston College,2025,77.12497809075857,66.86712427895463
portland_vs_south florida_20241121,2024-11-21,portland,South Florida,2025,71.02476956586284,80.80776001273232
portland_vs_princeton_20241124,2024-11-24,portland,Princeton,2025,68.84829729222768,76.36055207535351
portland_vs_denver_20241201,2024-12-01,portland,Denver,2025,78.70102570959905,71.77454965298635
portland_vs_kansas city_20241210,2024-12-10,portland,Kansas City,2025,73.54314515102796,74.40497557399966
portland_vs_cal state bakersfield_20241218,2024-12-18,portland,Cal State Bakersfield,2025,74.15850126590644,74.05975482241591
portland_vs_lafayette_20241221,2024-12-21,portland,Lafayette,2025,72.20397078803286,73.37994012693417
portland_vs_washington state_20241228,2024-12-28,portland,Washington State,2025,71.33457122168174,81.4235457204442
portland_vs_pacific_20250116,2025-01-16,portland,Pacific,2025,75.4297771546645,76.07728221260236
portland_vs_san diego_20250123,2025-01-23,portland,San Diego,2025,73.9002021279166,75.24182620962672
portland_vs_gonzaga_20250125,2025-01-25,portland,Gonzaga,2025,72.7104286832122,88.32933423298032
portland_vs_santa clara_20250206,2025-02-06,portland,Santa Clara,2025,72.74759792462584,82.72695692952516
portland_vs_oregon state_20250213,2025-02-13,portland,Oregon State,2025,69.45919857076024,78.61919576471948
portland_vs_loyola marymount_20250215,2025-02-15,portland,Loyola Marymount,2025,72.54659662260728,74.9932797777359
portland_vs_pepperdine_20250227,2025-02-27,portland,Pepperdine,2025,78.36209544464809,76.23847021682832
portland-state_vs_st. thomas_20241123,2024-11-23,portland-state,St. Thomas,2025,72.90886330834529,79.43390080383416
portland-state_vs_wofford_20241124,2024-11-24,portland-state,Wofford,2025,73.68856649892842,78.087140130142
portland-state_vs_utah tech_20241130,2024-11-30,portland-state,Utah Tech,2025,78.01826705286895,72.69262201357475
portland-state_vs_denver_20241207,2024-12-07,portland-state,Denver,2025,79.77879971945846,74.79797511465051
portland-state_vs_eastern washington_20250109,2025-01-09,portland-state,Eastern Washington,2025,77.21568018442726,74.02780032344107
portland-state_vs_idaho_20250111,2025-01-11,portland-state,Idaho,2025,72.69924201133203,74.95945991422829
portland-state_vs_weber state_20250123,2025-01-23,portland-state,Weber State,2025,75.73399975147504,72.12807552308452
portland-state_vs_idaho state_20250125,2025-01-25,portland-state,Idaho State,2025,74.4531930712457,69.71489650776569
portland-state_vs_northern arizona_20250213,2025-02-13,portland-state,Northern Arizona,2025,76.380502700611,71.54201215671225
portland-state_vs_northern colorado_20250215,2025-02-15,portland-state,Northern Colorado,2025,73.85301390598856,73.51454804176163
portland-state_vs_montana state_20250227,2025-02-27,portland-state,Montana State,2025,75.10130560129645,67.58207686245625
portland-state_vs_montana_20250301,2025-03-01,portland-state,Montana,2025,74.07842463682545,71.83873209555462
portland-state_vs_sacramento state_20250303,2025-03-03,portland-state,Sacramento State,2025,75.80508232122394,61.81229031391272
prairie-view_vs_smu_20241118,2024-11-18,prairie-view,SMU,2025,70.1018016352659,81.79558194840584
prairie-view_vs_fresno state_20241120,2024-11-20,prairie-view,Fresno State,2025,71.95016930402761,78.30799722985853
prairie-view_vs_northern colorado_20241123,2024-11-23,prairie-view,Northern Colorado,2025,72.2795592639536,81.93594812196788
prairie-view_vs_texas a&mâcorpus christi_20241130,2024-11-30,prairie-view,Texas A&MâCorpus Christi,2025,72.41271764152795,83.90525900669522
prairie-view_vs_uab_20241206,2024-12-06,prairie-view,UAB,2025,73.909711837028,85.5957392485392
prairie-view_vs_mississippi state_20241208,2024-12-08,prairie-view,Mississippi State,2025,66.84862822549759,89.15656681228089
prairie-view_vs_loyola marymount_20241214,2024-12-14,prairie-view,Loyola Marymount,2025,72.1380300944919,84.75552445214855
prairie-view_vs_ucla_20241217,2024-12-17,prairie-view,UCLA,2025,64.19438808925011,85.20221643909392
prairie-view_vs_rice_20241222,2024-12-22,prairie-view,Rice,2025,69.84401223984105,79.43501507432954
prairie-view_vs_oklahoma_20241229,2024-12-29,prairie-view,Oklahoma,2025,67.97158381784288,84.07815431095318
prairie-view_vs_southern_20250106,2025-01-06,prairie-view,Southern,2025,76.44282219442505,77.62216959117328
prairie-view_vs_mississippi valley state_20250111,2025-01-11,prairie-view,Mississippi Valley State,2025,78.86077333545242,60.12813471209647
prairie-view_vs_arkansasâpine bluff_20250113,2025-01-13,prairie-view,ArkansasâPine Bluff,2025,79.85900521867684,76.12698546916413
prairie-view_vs_jackson state_20250118,2025-01-18,prairie-view,Jackson State,2025,78.23836068508037,76.57015380572433
prairie-view_vs_alcorn state_20250120,2025-01-20,prairie-view,Alcorn State,2025,78.41153664144475,68.02031505421348
prairie-view_vs_alabama state_20250125,2025-01-25,prairie-view,Alabama State,2025,73.12932998807791,76.64526976834368
prairie-view_vs_alabama a&m_20250127,2025-01-27,prairie-view,Alabama A&M,2025,76.01817461323022,77.74876823526755
prairie-view_vs_texas southern_20250201,2025-02-01,prairie-view,Texas Southern,2025,73.09626078998842,77.5770718667925
prairie-view_vs_bethune-cookman_20250208,2025-02-08,prairie-view,Bethune-Cookman,2025,70.19980793580177,73.69389605195562
prairie-view_vs_florida a&m_20250210,2025-02-10,prairie-view,Florida A&M,2025,77.9851146264389,73.48432701464743
prairie-view_vs_southern_20250215,2025-02-15,prairie-view,Southern,2025,71.01885422678775,78.46833470638731
prairie-view_vs_arkansasâpine bluff_20250222,2025-02-22,prairie-view,ArkansasâPine Bluff,2025,82.85727057472555,75.451374940268
prairie-view_vs_mississippi valley state_20250224,2025-02-24,prairie-view,Mississippi Valley State,2025,73.94027580686043,58.6164142065931
prairie-view_vs_alcorn state_20250301,2025-03-01,prairie-view,Alcorn State,2025,67.5588019169095,71.08481387426407
prairie-view_vs_jackson state_20250303,2025-03-03,prairie-view,Jackson State,2025,69.8451090973863,77.10286180588453
prairie-view_vs_texas southern_20250308,2025-03-08,prairie-view,Texas Southern,2025,71.01358314240679,75.56065233467929
prairie-view_vs_florida a&m_20250311,2025-03-11,prairie-view,Florida A&M,2025,70.65354733030541,75.1263400571913
presbyterian_vs_youngstown state_20241122,2024-11-22,presbyterian,Youngstown State,2025,71.31542419789085,75.37289795283199
presbyterian_vs_manhattan_20241221,2024-12-21,presbyterian,Manhattan,2025,75.84565779802114,71.664591926559
presbyterian_vs_longwood_20250102,2025-01-02,presbyterian,Longwood,2025,71.40169424690868,73.56403408629217
presbyterian_vs_unc asheville_20250111,2025-01-11,presbyterian,UNC Asheville,2025,71.93942547795528,75.39804515894141
presbyterian_vs_charleston southern_20250122,2025-01-22,presbyterian,Charleston Southern,2025,75.32244098683047,74.3453694997208
presbyterian_vs_radford_20250125,2025-01-25,presbyterian,Radford,2025,69.79512026668459,70.5551892243454
presbyterian_vs_high point_20250201,2025-02-01,presbyterian,High Point,2025,69.71711110368906,75.95432237876226
presbyterian_vs_usc upstate_20250205,2025-02-05,presbyterian,USC Upstate,2025,77.62403279236389,72.76209412295292
presbyterian_vs_winthrop_20250219,2025-02-19,presbyterian,Winthrop,2025,78.30740063544798,77.6088088348582
presbyterian_vs_gardner-webb_20250301,2025-03-01,presbyterian,Gardner-Webb,2025,74.21889926698434,73.55597880060277
presbyterian_vs_radford_20250307,2025-03-07,presbyterian,Radford,2025,67.91480601956604,71.21906714584614
princeton_vs_loyola chicago_20241115,2024-11-15,princeton,Loyola Chicago,2025,76.44120792729541,73.91995192663788
princeton_vs_wright state_20241121,2024-11-21,princeton,Wright State,2025,73.57248737183365,68.35964489436077
princeton_vs_texas state_20241122,2024-11-22,princeton,Texas State,2025,71.8725654858062,67.42433672561654
princeton_vs_monmouth_20241210,2024-12-10,princeton,Monmouth,2025,82.74580978546884,68.94816381682035
princeton_vs_rutgers_20241221,2024-12-21,princeton,Rutgers,2025,72.88138232206292,80.07520172458678
princeton_vs_akron_20241230,2024-12-30,princeton,Akron,2025,80.45318802126205,78.30521769362328
princeton_vs_columbia_20250120,2025-01-20,princeton,Columbia,2025,77.58388005864211,76.01133038784751
princeton_vs_cornell_20250125,2025-01-25,princeton,Cornell,2025,79.28736221864104,77.69657444611512
princeton_vs_yale_20250131,2025-01-31,princeton,Yale,2025,73.89010430008405,80.36942958593228
princeton_vs_brown_20250201,2025-02-01,princeton,Brown,2025,74.97985641378891,72.92304024246523
princeton_vs_harvard_20250221,2025-02-21,princeton,Harvard,2025,75.08644501849483,69.65772831752437
princeton_vs_dartmouth_20250222,2025-02-22,princeton,Dartmouth,2025,77.12929346903235,74.33326085881274
princeton_vs_pennsylvania_20250308,2025-03-08,princeton,Pennsylvania,2025,77.99771128511176,70.57893402739582
princeton_vs_yale_20250315,2025-03-15,princeton,Yale,2025,69.5399138726334,80.16622051136544
providence_vs_green bay_20241116,2024-11-16,providence,Green Bay,2025,76.66042558508794,62.2986065310858
providence_vs_delaware state_20241119,2024-11-19,providence,Delaware State,2025,75.75483164348066,58.73351523169579
providence_vs_brigham young_20241203,2024-12-03,providence,Brigham Young,2025,69.12649866252185,74.24465229854597
providence_vs_st. bonaventure_20241214,2024-12-14,providence,St. Bonaventure,2025,65.9593081108065,64.28455076232089
providence_vs_st. john's (ny)_20241220,2024-12-20,providence,St. John's (NY),2025,68.80638418701088,75.24756425384847
providence_vs_marquette_20241231,2024-12-31,providence,Marquette,2025,67.64687161616689,70.66979793973373
providence_vs_butler_20250108,2025-01-08,providence,Butler,2025,66.42708248895241,65.86358339956571
providence_vs_seton hall_20250111,2025-01-11,providence,Seton Hall,2025,68.76048597850013,59.31075034765948
providence_vs_georgetown_20250125,2025-01-25,providence,Georgetown,2025,69.18799285215259,64.83936293233585
providence_vs_creighton_20250205,2025-02-05,providence,Creighton,2025,67.55066990666268,69.38197845046008
providence_vs_xavier_20250212,2025-02-12,providence,Xavier,2025,71.488511763364,71.68976084069926
providence_vs_villanova_20250215,2025-02-15,providence,Villanova,2025,69.88998657807338,71.13494863068514
providence_vs_connecticut_20250301,2025-03-01,providence,Connecticut,2025,70.31200157408904,71.75675536458344
providence_vs_depaul_20250305,2025-03-05,providence,DePaul,2025,74.50120365667603,68.78906150505365
purdue_vs_alabama_20241115,2024-11-15,purdue,Alabama,2025,77.11304808552977,74.10373233250296
purdue_vs_marshall_20241123,2024-11-23,purdue,Marshall,2025,83.21576435752112,65.11182350788872
purdue_vs_maryland_20241208,2024-12-08,purdue,Maryland,2025,74.59766425863145,71.92112309968692
purdue_vs_texas a&m_20241214,2024-12-14,purdue,Texas A&M,2025,71.30790875001955,70.78854676495233
purdue_vs_toledo_20241229,2024-12-29,purdue,Toledo,2025,84.74612540114066,68.25865425436956
purdue_vs_northwestern_20250105,2025-01-05,purdue,Northwestern,2025,73.82476120295881,67.32754732496818
purdue_vs_nebraska_20250112,2025-01-12,purdue,Nebraska,2025,73.9577604938594,68.55662409035526
purdue_vs_ohio state_20250121,2025-01-21,purdue,Ohio State,2025,76.28085450832643,67.84288250899155
purdue_vs_michigan_20250124,2025-01-24,purdue,Michigan,2025,77.63791932095485,71.94947315271705
purdue_vs_indiana_20250131,2025-01-31,purdue,Indiana,2025,76.41163475041044,67.65413776276215
purdue_vs_southern california_20250207,2025-02-07,purdue,Southern California,2025,76.97221653314831,67.94639999859342
purdue_vs_wisconsin_20250215,2025-02-15,purdue,Wisconsin,2025,75.79850770122255,70.46662208829532
purdue_vs_ucla_20250228,2025-02-28,purdue,UCLA,2025,73.93764129655786,67.99055704018294
purdue_vs_rutgers_20250304,2025-03-04,purdue,Rutgers,2025,77.99922616682986,69.39501403581433
purdue_vs_southern california_20250313,2025-03-13,purdue,Southern California,2025,75.8774641786879,68.93962779319475
queens-nc_vs_usc upstate_20241123,2024-11-23,queens-nc,USC Upstate,2025,73.87221448804861,75.35440342460845
queens-nc_vs_winthrop_20241203,2024-12-03,queens-nc,Winthrop,2025,76.8443725248886,79.86218146782127
queens-nc_vs_mercer_20241218,2024-12-18,queens-nc,Mercer,2025,79.13466471583666,80.0654115998529
queens-nc_vs_stetson_20250102,2025-01-02,queens-nc,Stetson,2025,82.04271187785558,72.100247333615
queens-nc_vs_florida gulf coast_20250104,2025-01-04,queens-nc,Florida Gulf Coast,2025,70.17320223641411,73.14013797925057
queens-nc_vs_north florida_20250123,2025-01-23,queens-nc,North Florida,2025,84.38642871340922,76.86368886628134
queens-nc_vs_jacksonville_20250125,2025-01-25,queens-nc,Jacksonville,2025,73.15827509659354,71.6572615500903
queens-nc_vs_north alabama_20250129,2025-01-29,queens-nc,North Alabama,2025,74.33351635189672,76.3986182750001
queens-nc_vs_west georgia_20250201,2025-02-01,queens-nc,West Georgia,2025,79.7494611735166,70.12654132095462
queens-nc_vs_lipscomb_20250208,2025-02-08,queens-nc,Lipscomb,2025,73.94794736494757,74.02083168125661
queens-nc_vs_central arkansas_20250218,2025-02-18,queens-nc,Central Arkansas,2025,81.75777213353842,70.83534247190151
queens-nc_vs_austin peay_20250220,2025-02-20,queens-nc,Austin Peay,2025,78.07504208744355,72.00922979277085
quinnipiac_vs_maine_20241115,2024-11-15,quinnipiac,Maine,2025,76.93100554306643,72.34752708551211
quinnipiac_vs_sacred heart_20241208,2024-12-08,quinnipiac,Sacred Heart,2025,75.52155546407242,69.7351994668858
quinnipiac_vs_holy cross_20241217,2024-12-17,quinnipiac,Holy Cross,2025,74.64001329111821,68.32500261637408
quinnipiac_vs_hofstra_20241229,2024-12-29,quinnipiac,Hofstra,2025,70.33420646599527,69.08587296318663
quinnipiac_vs_siena_20250110,2025-01-10,quinnipiac,Siena,2025,73.58397286993424,65.93456440635855
quinnipiac_vs_merrimack_20250116,2025-01-16,quinnipiac,Merrimack,2025,64.87429052589826,63.91662879109417
quinnipiac_vs_rider_20250125,2025-01-25,quinnipiac,Rider,2025,74.12477635489695,62.60245968599327
quinnipiac_vs_fairfield_20250131,2025-01-31,quinnipiac,Fairfield,2025,77.66554398628857,67.94131518810302
quinnipiac_vs_canisius_20250206,2025-02-06,quinnipiac,Canisius,2025,76.76464454765465,64.54742225243125
quinnipiac_vs_niagara_20250208,2025-02-08,quinnipiac,Niagara,2025,74.45526627236954,64.52866534103654
quinnipiac_vs_iona_20250216,2025-02-16,quinnipiac,Iona,2025,75.47942966871511,67.48027319712486
quinnipiac_vs_saint peter's_20250228,2025-02-28,quinnipiac,Saint Peter's,2025,71.96906333647043,63.28118924958145
quinnipiac_vs_mount st. mary's_20250306,2025-03-06,quinnipiac,Mount St. Mary's,2025,76.18512473128973,69.3623150839554
quinnipiac_vs_rider_20250312,2025-03-12,quinnipiac,Rider,2025,73.35796853414475,66.48219752322461
radford_vs_bucknell_20241208,2024-12-08,radford,Bucknell,2025,75.96482919921644,70.47673008424255
radford_vs_winthrop_20250104,2025-01-04,radford,Winthrop,2025,77.30384226427513,75.41913609752821
radford_vs_gardner-webb_20250115,2025-01-15,radford,Gardner-Webb,2025,76.51290953045742,69.58132196505143
radford_vs_longwood_20250122,2025-01-22,radford,Longwood,2025,73.59338984232652,71.14823368489759
radford_vs_usc upstate_20250201,2025-02-01,radford,USC Upstate,2025,81.07054864888576,71.83272466363705
radford_vs_high point_20250205,2025-02-05,radford,High Point,2025,72.24239401884701,74.89971848483795
radford_vs_unc asheville_20250220,2025-02-20,radford,UNC Asheville,2025,73.90641944632148,73.86758118871026
radford_vs_presbyterian_20250222,2025-02-22,radford,Presbyterian,2025,75.85341514335282,68.23764659945428
radford_vs_charleston southern_20250301,2025-03-01,radford,Charleston Southern,2025,76.95921218713508,69.02105877638023
rhode-island_vs_lafayette_20241120,2024-11-20,rhode-island,Lafayette,2025,79.18620720455884,69.46362487721126
rhode-island_vs_college of charleston_20241124,2024-11-24,rhode-island,College of Charleston,2025,82.12427386440838,76.40691457831043
rhode-island_vs_ut arlington_20241128,2024-11-28,rhode-island,UT Arlington,2025,81.5658738587703,73.26885750703646
rhode-island_vs_yale_20241202,2024-12-02,rhode-island,Yale,2025,80.4122769051772,75.94791011588612
rhode-island_vs_providence_20241207,2024-12-07,rhode-island,Providence,2025,72.13757720610423,70.8991953528925
rhode-island_vs_central connecticut state_20241215,2024-12-15,rhode-island,Central Connecticut State,2025,78.51834616969664,65.36483517016667
rhode-island_vs_temple_20241221,2024-12-21,rhode-island,Temple,2025,77.19003556377325,72.47368799141336
rhode-island_vs_george mason_20250104,2025-01-04,rhode-island,George Mason,2025,71.79696566753846,71.90668015209178
rhode-island_vs_george washington_20250108,2025-01-08,rhode-island,George Washington,2025,76.28697791041716,71.25895577095682
rhode-island_vs_davidson_20250118,2025-01-18,rhode-island,Davidson,2025,73.65772712950796,74.5865661267846
rhode-island_vs_vcu_20250121,2025-01-21,rhode-island,VCU,2025,70.31797446810566,75.15751902610201
rhode-island_vs_massachusetts_20250129,2025-01-29,rhode-island,Massachusetts,2025,80.43028279236177,74.16415752704125
rhode-island_vs_st. bonaventure_20250212,2025-02-12,rhode-island,St. Bonaventure,2025,70.21123614926405,71.79294534503188
rhode-island_vs_la salle_20250215,2025-02-15,rhode-island,La Salle,2025,82.16241953741417,73.87026097253504
rhode-island_vs_dayton_20250226,2025-02-26,rhode-island,Dayton,2025,71.46590518632304,75.86527050422474
rhode-island_vs_fordham_20250308,2025-03-08,rhode-island,Fordham,2025,82.20983541621727,76.6972928174706
rice_vs_northwestern state_20241116,2024-11-16,rice,Northwestern State,2025,75.24435416929147,64.20838538133914
rice_vs_alcorn state_20241216,2024-12-16,rice,Alcorn State,2025,75.10967125967343,58.957382455690805
rice_vs_charlotte_20250104,2025-01-04,rice,Charlotte,2025,72.78679860867612,66.15850790710711
rice_vs_temple_20250111,2025-01-11,rice,Temple,2025,68.33437864705246,70.06020415724726
rice_vs_utsa_20250114,2025-01-14,rice,UTSA,2025,75.94718653442993,72.10189901934785
rice_vs_tulane_20250125,2025-01-25,rice,Tulane,2025,68.4599567098443,70.84644997979682
rice_vs_memphis_20250202,2025-02-02,rice,Memphis,2025,68.72701025518762,74.59901256406285
rice_vs_north texas_20250211,2025-02-11,rice,North Texas,2025,63.27798461353225,68.73915826414346
rice_vs_uab_20250219,2025-02-19,rice,UAB,2025,74.40543545066134,75.34513194099776
rice_vs_tulsa_20250222,2025-02-22,rice,Tulsa,2025,75.02200711862918,70.77522485150897
rice_vs_wichita state_20250306,2025-03-06,rice,Wichita State,2025,71.92450975257908,71.34245890635586
richmond_vs_maine_20241120,2024-11-20,richmond,Maine,2025,74.46557578491505,66.51247384864261
richmond_vs_belmont_20241214,2024-12-14,richmond,Belmont,2025,74.64135114493192,73.7081056045644
richmond_vs_vmi_20241221,2024-12-21,richmond,VMI,2025,78.60629248469246,66.81512654698986
richmond_vs_florida gulf coast_20241228,2024-12-28,richmond,Florida Gulf Coast,2025,68.67259727358565,70.04025263809966
richmond_vs_george washington_20241231,2024-12-31,richmond,George Washington,2025,70.86885372488399,74.32302124550364
richmond_vs_rhode island_20250111,2025-01-11,richmond,Rhode Island,2025,71.77871003301105,74.5644754143622
richmond_vs_saint louis_20250118,2025-01-18,richmond,Saint Louis,2025,69.76843659634157,75.67800571255343
richmond_vs_davidson_20250125,2025-01-25,richmond,Davidson,2025,70.447932636002,73.47404295210423
richmond_vs_duquesne_20250205,2025-02-05,richmond,Duquesne,2025,64.66334794563198,68.17678070577178
richmond_vs_loyola chicago_20250211,2025-02-11,richmond,Loyola Chicago,2025,67.80215399415451,70.0006048659017
richmond_vs_fordham_20250215,2025-02-15,richmond,Fordham,2025,73.04064800763628,72.70358116580441
richmond_vs_vcu_20250225,2025-02-25,richmond,VCU,2025,64.04788882323611,76.79248832714885
richmond_vs_george mason_20250308,2025-03-08,richmond,George Mason,2025,63.26037078018755,69.8482981715448
rider_vs_san diego_20241106,2024-11-06,rider,San Diego,2025,66.05140251086299,66.863672916142
rider_vs_delaware_20241130,2024-11-30,rider,Delaware,2025,70.7257374904525,71.05226267190685
rider_vs_quinnipiac_20241206,2024-12-06,rider,Quinnipiac,2025,69.62516963736097,70.97334564806813
rider_vs_stony brook_20241214,2024-12-14,rider,Stony Brook,2025,72.03834748337722,64.08891700184338
rider_vs_manhattan_20250105,2025-01-05,rider,Manhattan,2025,72.35815221803328,72.71009092084941
rider_vs_mount st. mary's_20250116,2025-01-16,rider,Mount St. Mary's,2025,67.47556177779364,69.21704880085778
rider_vs_iona_20250123,2025-01-23,rider,Iona,2025,66.73233850706859,66.74237556612992
rider_vs_saint peter's_20250131,2025-01-31,rider,Saint Peter's,2025,63.95861273075946,62.670936643766986
rider_vs_merrimack_20250202,2025-02-02,rider,Merrimack,2025,63.547874275292365,66.4385319538446
rider_vs_siena_20250208,2025-02-08,rider,Siena,2025,68.33428643210237,70.16035835645104
rider_vs_fairfield_20250221,2025-02-21,rider,Fairfield,2025,69.91686658412719,65.02845818307276
rider_vs_canisius_20250306,2025-03-06,rider,Canisius,2025,69.47065836177279,65.23177235764065
rider_vs_niagara_20250308,2025-03-08,rider,Niagara,2025,68.13471411464286,65.1326704386943
rider_vs_siena_20250311,2025-03-11,rider,Siena,2025,68.19770024157513,69.50144956386049
robert-morris_vs_stonehill_20241114,2024-11-14,robert-morris,Stonehill,2025,75.46545305504031,68.31642638093506
robert-morris_vs_lindenwood_20241115,2024-11-15,robert-morris,Lindenwood,2025,74.54414261256716,71.21529993353506
robert-morris_vs_new orleans_20241117,2024-11-17,robert-morris,New Orleans,2025,75.15308844914459,71.41268673766022
robert-morris_vs_canisius_20241127,2024-11-27,robert-morris,Canisius,2025,73.8761277398353,64.25855387320067
robert-morris_vs_youngstown state_20241204,2024-12-04,robert-morris,Youngstown State,2025,71.16151725382115,73.26962617452055
robert-morris_vs_towson_20241217,2024-12-17,robert-morris,Towson,2025,66.93288070365566,66.5260626986092
robert-morris_vs_saint francis (pa)_20241221,2024-12-21,robert-morris,Saint Francis (PA),2025,73.46234428499157,66.08880112962478
robert-morris_vs_northern kentucky_20241229,2024-12-29,robert-morris,Northern Kentucky,2025,69.35207550539336,67.54267319826064
robert-morris_vs_cleveland state_20250108,2025-01-08,robert-morris,Cleveland State,2025,69.53255208912658,69.88319188879957
robert-morris_vs_wright state_20250112,2025-01-12,robert-morris,Wright State,2025,71.29854806631315,73.62620284851036
robert-morris_vs_oakland_20250125,2025-01-25,robert-morris,Oakland,2025,66.97022385481638,68.63847337501736
robert-morris_vs_iu indy_20250130,2025-01-30,robert-morris,IU Indy,2025,77.44080859161629,72.70462685133802
robert-morris_vs_detroit mercy_20250205,2025-02-05,robert-morris,Detroit Mercy,2025,76.14769103801949,64.04260494289248
robert-morris_vs_green bay_20250221,2025-02-21,robert-morris,Green Bay,2025,81.12428125730298,67.148770976755
robert-morris_vs_milwaukee_20250223,2025-02-23,robert-morris,Milwaukee,2025,74.88177017443842,75.54030870045315
robert-morris_vs_wright state_20250306,2025-03-06,robert-morris,Wright State,2025,76.9035633390702,71.07826312200154
robert-morris_vs_youngstown state_20250311,2025-03-11,robert-morris,Youngstown State,2025,73.212847994,70.49946377766427
rutgers_vs_monmouth_20241115,2024-11-15,rutgers,Monmouth,2025,84.65573098644111,63.18372341742507
rutgers_vs_merrimack_20241120,2024-11-20,rutgers,Merrimack,2025,75.49055639138125,59.10734457818647
rutgers_vs_texas a&m_20241130,2024-11-30,rutgers,Texas A&M,2025,70.80281808960518,74.04399805885652
rutgers_vs_penn state_20241210,2024-12-10,rutgers,Penn State,2025,78.91739399800333,78.2488026193305
rutgers_vs_seton hall_20241214,2024-12-14,rutgers,Seton Hall,2025,70.4177311975268,61.29013087908767
rutgers_vs_columbia_20241230,2024-12-30,rutgers,Columbia,2025,79.77686519595888,70.50419076871087
rutgers_vs_wisconsin_20250106,2025-01-06,rutgers,Wisconsin,2025,75.51988855755766,77.7922095444534
rutgers_vs_purdue_20250109,2025-01-09,rutgers,Purdue,2025,70.62223235635308,74.15053530109823
rutgers_vs_ucla_20250113,2025-01-13,rutgers,UCLA,2025,70.53968859271417,74.19954762278545
rutgers_vs_michigan state_20250125,2025-01-25,rutgers,Michigan State,2025,73.62016172873828,79.93660327855794
rutgers_vs_michigan_20250201,2025-02-01,rutgers,Michigan,2025,75.65354124992868,74.9516184847697
rutgers_vs_illinois_20250205,2025-02-05,rutgers,Illinois,2025,80.37286339912748,80.10693503925972
rutgers_vs_iowa_20250212,2025-02-12,rutgers,Iowa,2025,81.10026125804445,76.79823987627805
rutgers_vs_southern california_20250223,2025-02-23,rutgers,Southern California,2025,74.44131480717341,74.26785636463981
rutgers_vs_minnesota_20250309,2025-03-09,rutgers,Minnesota,2025,72.86015977057504,70.62419219106162
rutgers_vs_southern california_20250312,2025-03-12,rutgers,Southern California,2025,75.96736336294042,75.40083121454458
sacramento-state_vs_cal state northridge_20241116,2024-11-16,sacramento-state,Cal State Northridge,2025,73.23834950046344,74.50861626399262
sacramento-state_vs_mercyhurst_20241130,2024-11-30,sacramento-state,Mercyhurst,2025,69.8516561865059,62.13838792996575
sacramento-state_vs_omaha_20241207,2024-12-07,sacramento-state,Omaha,2025,67.81756133574868,69.35876276010336
sacramento-state_vs_uc davis_20241214,2024-12-14,sacramento-state,UC Davis,2025,67.08570113616443,71.24216283577248
sacramento-state_vs_portland state_20250104,2025-01-04,sacramento-state,Portland State,2025,69.9063229726585,74.01282343301997
sacramento-state_vs_idaho_20250109,2025-01-09,sacramento-state,Idaho,2025,65.55252779096753,71.78190939568795
sacramento-state_vs_eastern washington_20250111,2025-01-11,sacramento-state,Eastern Washington,2025,66.89663343171705,72.31375878294253
sacramento-state_vs_idaho state_20250123,2025-01-23,sacramento-state,Idaho State,2025,63.94811604770877,72.09355564607118
sacramento-state_vs_weber state_20250125,2025-01-25,sacramento-state,Weber State,2025,65.99545212196064,69.07398428730103
sacramento-state_vs_northern colorado_20250213,2025-02-13,sacramento-state,Northern Colorado,2025,66.34803889441818,75.89603377489159
sacramento-state_vs_northern arizona_20250215,2025-02-15,sacramento-state,Northern Arizona,2025,67.49999842709381,73.22458423888642
sacramento-state_vs_montana_20250227,2025-02-27,sacramento-state,Montana,2025,66.49042790978123,74.79598113296542
sacramento-state_vs_montana state_20250301,2025-03-01,sacramento-state,Montana State,2025,65.84371249242501,72.63792921559323
sacramento-state_vs_weber state_20250308,2025-03-08,sacramento-state,Weber State,2025,67.27978168673937,69.2118289093927
sacred-heart_vs_connecticut_20241106,2024-11-06,sacred-heart,Connecticut,2025,63.31049299824387,84.81353324670086
sacred-heart_vs_central connecticut state_20241121,2024-11-21,sacred-heart,Central Connecticut State,2025,68.8751482553633,72.5909198928332
sacred-heart_vs_iona_20241206,2024-12-06,sacred-heart,Iona,2025,73.13827874597759,73.42881024171083
sacred-heart_vs_albany (ny)_20241218,2024-12-18,sacred-heart,Albany (NY),2025,76.89875644133592,74.10333147435499
sacred-heart_vs_canisius_20250105,2025-01-05,sacred-heart,Canisius,2025,76.03118653919017,65.04131561343563
sacred-heart_vs_merrimack_20250110,2025-01-10,sacred-heart,Merrimack,2025,68.2978264203397,66.81705493152931
sacred-heart_vs_saint peter's_20250118,2025-01-18,sacred-heart,Saint Peter's,2025,69.88837410744827,64.77530626343234
sacred-heart_vs_manhattan_20250202,2025-02-02,sacred-heart,Manhattan,2025,77.43231766318316,75.58862146748538
sacred-heart_vs_rider_20250206,2025-02-06,sacred-heart,Rider,2025,73.14352218159516,68.32047976664069
sacred-heart_vs_quinnipiac_20250214,2025-02-14,sacred-heart,Quinnipiac,2025,75.6647756053593,76.0445640724515
sacred-heart_vs_siena_20250216,2025-02-16,sacred-heart,Siena,2025,74.9098492874346,73.03641302134838
sacred-heart_vs_marist_20250228,2025-02-28,sacred-heart,Marist,2025,71.70116299642363,67.67177745979187
sacred-heart_vs_fairfield_20250302,2025-03-02,sacred-heart,Fairfield,2025,77.90405083284664,71.70443511485998
saint-francis-pa_vs_lehigh_20241126,2024-11-26,saint-francis-pa,Lehigh,2025,70.402472385253,72.29511882296525
saint-francis-pa_vs_radford_20241201,2024-12-01,saint-francis-pa,Radford,2025,68.79508303249779,74.39120525316964
saint-francis-pa_vs_central connecticut state_20250103,2025-01-03,saint-francis-pa,Central Connecticut State,2025,67.35611926426274,71.78085873157903
saint-francis-pa_vs_stonehill_20250105,2025-01-05,saint-francis-pa,Stonehill,2025,72.85715282887601,70.57363102342403
saint-francis-pa_vs_mercyhurst_20250110,2025-01-10,saint-francis-pa,Mercyhurst,2025,68.35242831801096,64.50164631464447
saint-francis-pa_vs_liu_20250124,2025-01-24,saint-francis-pa,LIU,2025,66.41528748633665,67.28022637806541
saint-francis-pa_vs_wagner_20250126,2025-01-26,saint-francis-pa,Wagner,2025,67.70539893541041,62.389768379656324
saint-francis-pa_vs_le moyne_20250206,2025-02-06,saint-francis-pa,Le Moyne,2025,76.95177785718997,72.2191047138103
saint-francis-pa_vs_chicago state_20250301,2025-03-01,saint-francis-pa,Chicago State,2025,76.28139376666424,66.85593314710061
saint-francis-pa_vs_wagner_20250305,2025-03-05,saint-francis-pa,Wagner,2025,69.08630765115124,62.561222171683426
saint-josephs_vs_texas tech_20241121,2024-11-21,saint-josephs,Texas Tech,2025,69.08791365778677,77.5562706215813
saint-josephs_vs_texas_20241122,2024-11-22,saint-josephs,Texas,2025,68.05383422898291,76.04910773674561
saint-josephs_vs_coppin state_20241126,2024-11-26,saint-josephs,Coppin State,2025,84.24917287742801,56.384142300915016
saint-josephs_vs_princeton_20241203,2024-12-03,saint-josephs,Princeton,2025,75.85459501659626,69.58080763016677
saint-josephs_vs_college of charleston_20241210,2024-12-10,saint-josephs,College of Charleston,2025,80.22699915418637,71.65333634331402
saint-josephs_vs_american_20241218,2024-12-18,saint-josephs,American,2025,78.65750796884113,65.17414856026747
saint-josephs_vs_virginia tech_20241221,2024-12-21,saint-josephs,Virginia Tech,2025,73.29308197613261,70.38890359724307
saint-josephs_vs_delaware state_20241228,2024-12-28,saint-josephs,Delaware State,2025,82.58803137608157,65.28692738080866
saint-josephs_vs_massachusetts_20241231,2024-12-31,saint-josephs,Massachusetts,2025,80.27738255076275,69.34145644901274
saint-josephs_vs_loyola chicago_20250111,2025-01-11,saint-josephs,Loyola Chicago,2025,74.53216845152221,70.85035821796922
saint-josephs_vs_vcu_20250117,2025-01-17,saint-josephs,VCU,2025,68.91173857178406,72.15539508196288
saint-josephs_vs_duquesne_20250129,2025-01-29,saint-josephs,Duquesne,2025,72.40744810995132,65.65867033481142
saint-josephs_vs_saint louis_20250207,2025-02-07,saint-josephs,Saint Louis,2025,74.61288643452275,70.55626738210381
saint-josephs_vs_la salle_20250212,2025-02-12,saint-josephs,La Salle,2025,82.82080536751526,68.01562553869636
saint-josephs_vs_richmond_20250222,2025-02-22,saint-josephs,Richmond,2025,78.18914365019992,63.57953625255832
saint-josephs_vs_st. bonaventure_20250226,2025-02-26,saint-josephs,St. Bonaventure,2025,72.65005672567062,67.52130542857273
saint-josephs_vs_rhode island_20250305,2025-03-05,saint-josephs,Rhode Island,2025,79.34176415415772,70.33820014836341
saint-josephs_vs_uab_20250319,2025-03-19,saint-josephs,UAB,2025,77.69258721103637,74.31477812414711
saint-louis_vs_loyola marymount_20241116,2024-11-16,saint-louis,Loyola Marymount,2025,82.56457494499647,74.08471079846677
saint-louis_vs_wichita state_20241122,2024-11-22,saint-louis,Wichita State,2025,74.64263689418529,76.04718700592856
saint-louis_vs_quinnipiac_20241125,2024-11-25,saint-louis,Quinnipiac,2025,80.81509032312738,72.73898756696526
saint-louis_vs_umass lowell_20241127,2024-11-27,saint-louis,UMass Lowell,2025,82.71471798927493,77.59941017672995
saint-louis_vs_jackson state_20241202,2024-12-02,saint-louis,Jackson State,2025,87.91177045232658,68.65222740403927
saint-louis_vs_chicago state_20241208,2024-12-08,saint-louis,Chicago State,2025,84.64759594598951,65.67887564547121
saint-louis_vs_wofford_20241218,2024-12-18,saint-louis,Wofford,2025,76.78218120098072,75.16578619356355
saint-louis_vs_saint joseph's_20250103,2025-01-03,saint-louis,Saint Joseph's,2025,73.48370506943162,77.32739721149039
saint-louis_vs_st. bonaventure_20250108,2025-01-08,saint-louis,St. Bonaventure,2025,67.71555182687261,73.58731200780807
saint-louis_vs_la salle_20250122,2025-01-22,saint-louis,La Salle,2025,81.26805051939017,73.5269353004431
saint-louis_vs_vcu_20250128,2025-01-28,saint-louis,VCU,2025,68.4340486021244,73.85118621791734
saint-louis_vs_dayton_20250131,2025-01-31,saint-louis,Dayton,2025,69.49367513728411,70.93708027062601
saint-louis_vs_george mason_20250211,2025-02-11,saint-louis,George Mason,2025,65.99382048618398,68.32219876503531
saint-louis_vs_rhode island_20250222,2025-02-22,saint-louis,Rhode Island,2025,74.54287251703536,71.91036032705088
saint-louis_vs_loyola chicago_20250301,2025-03-01,saint-louis,Loyola Chicago,2025,70.73156884293242,70.58230739995007
saint-louis_vs_duquesne_20250308,2025-03-08,saint-louis,Duquesne,2025,71.66257746377639,66.68419862703314
saint-marys-ca_vs_nebraska_20241117,2024-11-17,saint-marys-ca,Nebraska,2025,73.4396109334305,70.51192557836274
saint-marys-ca_vs_cal poly_20241123,2024-11-23,saint-marys-ca,Cal Poly,2025,89.4589550923046,67.04440914264798
saint-marys-ca_vs_southern california_20241128,2024-11-28,saint-marys-ca,Southern California,2025,71.6917286993083,72.23585613020795
saint-marys-ca_vs_arizona state_20241129,2024-11-29,saint-marys-ca,Arizona State,2025,73.73740595667978,68.38583780638457
saint-marys-ca_vs_utsa_20241203,2024-12-03,saint-marys-ca,UTSA,2025,85.16102066310872,64.42928455185633
saint-marys-ca_vs_utah_20241207,2024-12-07,saint-marys-ca,Utah,2025,75.26204551992626,73.58682205881927
saint-marys-ca_vs_boise state_20241214,2024-12-14,saint-marys-ca,Boise State,2025,71.15281981754516,68.56474404154572
saint-marys-ca_vs_merrimack_20241219,2024-12-19,saint-marys-ca,Merrimack,2025,75.42664384642848,59.460007138906235
saint-marys-ca_vs_utah state_20241222,2024-12-22,saint-marys-ca,Utah State,2025,77.17130237365127,72.18585121615877
saint-marys-ca_vs_pacific_20241228,2024-12-28,saint-marys-ca,Pacific,2025,81.93280264401739,63.12295494609364
saint-marys-ca_vs_pepperdine_20250102,2025-01-02,saint-marys-ca,Pepperdine,2025,79.81497641102578,65.76863342198084
saint-marys-ca_vs_portland_20250104,2025-01-04,saint-marys-ca,Portland,2025,81.55987779235872,62.15159225896711
saint-marys-ca_vs_loyola marymount_20250107,2025-01-07,saint-marys-ca,Loyola Marymount,2025,75.95221001936055,62.595197067882054
saint-marys-ca_vs_san diego_20250111,2025-01-11,saint-marys-ca,San Diego,2025,76.45174579541492,60.5068371272446
saint-marys-ca_vs_pepperdine_20250118,2025-01-18,saint-marys-ca,Pepperdine,2025,78.76594666960541,63.78568755768893
saint-marys-ca_vs_san francisco_20250123,2025-01-23,saint-marys-ca,San Francisco,2025,73.98390753034813,66.28985972077238
saint-marys-ca_vs_washington state_20250125,2025-01-25,saint-marys-ca,Washington State,2025,74.76355747114944,68.00329330263743
saint-marys-ca_vs_santa clara_20250129,2025-01-29,saint-marys-ca,Santa Clara,2025,73.76475244879836,69.7997336467971
saint-marys-ca_vs_gonzaga_20250201,2025-02-01,saint-marys-ca,Gonzaga,2025,76.16487125157511,72.92995070594701
saint-marys-ca_vs_san francisco_20250206,2025-02-06,saint-marys-ca,San Francisco,2025,71.80960347432975,66.59916793064602
saint-marys-ca_vs_oregon state_20250208,2025-02-08,saint-marys-ca,Oregon State,2025,72.05409879257297,65.59071392698745
saint-marys-ca_vs_santa clara_20250211,2025-02-11,saint-marys-ca,Santa Clara,2025,73.6501769698352,67.05127627333599
saint-marys-ca_vs_washington state_20250215,2025-02-15,saint-marys-ca,Washington State,2025,76.98638104591522,63.30808793845679
saint-marys-ca_vs_portland_20250219,2025-02-19,saint-marys-ca,Portland,2025,84.06368184062696,58.00246529084551
saint-marys-ca_vs_gonzaga_20250222,2025-02-22,saint-marys-ca,Gonzaga,2025,72.93048966333426,72.72439164104037
saint-marys-ca_vs_loyola marymount_20250227,2025-02-27,saint-marys-ca,Loyola Marymount,2025,75.19283185641262,59.74856331631736
saint-marys-ca_vs_oregon state_20250301,2025-03-01,saint-marys-ca,Oregon State,2025,75.54260849086226,63.709637377601474
saint-marys-ca_vs_pepperdine_20250310,2025-03-10,saint-marys-ca,Pepperdine,2025,78.18003456644846,61.159977602636
saint-marys-ca_vs_gonzaga_20250311,2025-03-11,saint-marys-ca,Gonzaga,2025,72.52906564667872,69.99983756986423
saint-marys-ca_vs_vanderbilt_20250321,2025-03-21,saint-marys-ca,Vanderbilt,2025,71.28317588846895,66.10983644915788
saint-marys-ca_vs_alabama_20250323,2025-03-23,saint-marys-ca,Alabama,2025,72.85906094220695,73.93594027829995
saint-peters_vs_manhattan_20241206,2024-12-06,saint-peters,Manhattan,2025,74.74771153619483,65.30991018275286
saint-peters_vs_delaware_20241220,2024-12-20,saint-peters,Delaware,2025,76.69641120189328,72.17556801694228
saint-peters_vs_quinnipiac_20250103,2025-01-03,saint-peters,Quinnipiac,2025,69.965773100271,68.82648585730496
saint-peters_vs_marist_20250116,2025-01-16,saint-peters,Marist,2025,63.942636078462385,63.488841500636994
saint-peters_vs_merrimack_20250123,2025-01-23,saint-peters,Merrimack,2025,61.58773586355557,62.728410679192436
saint-peters_vs_mount st. mary's_20250202,2025-02-02,saint-peters,Mount St. Mary's,2025,66.54827530208098,64.06431335952784
saint-peters_vs_fairfield_20250214,2025-02-14,saint-peters,Fairfield,2025,67.32272896947663,64.08996404402224
saint-peters_vs_rider_20250216,2025-02-16,saint-peters,Rider,2025,66.65488571024738,62.57736066089959
saint-peters_vs_sacred heart_20250223,2025-02-23,saint-peters,Sacred Heart,2025,68.2046554697643,69.96268069383095
saint-peters_vs_niagara_20250306,2025-03-06,saint-peters,Niagara,2025,67.40649449588206,62.83920080628158
saint-peters_vs_canisius_20250308,2025-03-08,saint-peters,Canisius,2025,68.54925811545658,62.72198197446571
samford_vs_texas southern_20241117,2024-11-17,samford,Texas Southern,2025,87.36976902242515,74.262126405296
samford_vs_north dakota state_20241126,2024-11-26,samford,North Dakota State,2025,81.52671598924844,74.18141183647647
samford_vs_utah valley_20241127,2024-11-27,samford,Utah Valley,2025,78.80068144290591,78.96603969897039
samford_vs_west georgia_20241129,2024-11-29,samford,West Georgia,2025,88.55048618609291,70.3063580117092
samford_vs_austin peay_20241208,2024-12-08,samford,Austin Peay,2025,82.32052468657226,72.09371726288799
samford_vs_the citadel_20250101,2025-01-01,samford,The Citadel,2025,87.42830873732207,71.22364692347747
samford_vs_vmi_20250109,2025-01-09,samford,VMI,2025,88.73631150558538,69.43267446341821
samford_vs_unc greensboro_20250111,2025-01-11,samford,UNC Greensboro,2025,79.87636640695008,73.63414731143193
samford_vs_east tennessee state_20250118,2025-01-18,samford,East Tennessee State,2025,81.60388669209189,74.33836188789728
samford_vs_wofford_20250125,2025-01-25,samford,Wofford,2025,77.0862610867799,75.22479029681293
samford_vs_mercer_20250205,2025-02-05,samford,Mercer,2025,87.9287754497821,75.93734320183995
samford_vs_chattanooga_20250212,2025-02-12,samford,Chattanooga,2025,80.68660356185976,73.18716410362923
samford_vs_furman_20250219,2025-02-19,samford,Furman,2025,78.61204832348378,72.53951162847923
samford_vs_western carolina_20250222,2025-02-22,samford,Western Carolina,2025,84.43867427661579,71.38299877915117
sam-houston-state_vs_texas southern_20241207,2024-12-07,sam-houston-state,Texas Southern,2025,80.53567687088503,71.1155505462348
sam-houston-state_vs_liberty_20250109,2025-01-09,sam-houston-state,Liberty,2025,66.60298739492167,76.15757104162286
sam-houston-state_vs_florida international_20250111,2025-01-11,sam-houston-state,Florida International,2025,78.72821071541779,74.21585915829313
sam-houston-state_vs_middle tennessee_20250123,2025-01-23,sam-houston-state,Middle Tennessee,2025,75.17549075020253,77.13632427124294
sam-houston-state_vs_western kentucky_20250125,2025-01-25,sam-houston-state,Western Kentucky,2025,80.65633028605416,78.77950085216072
sam-houston-state_vs_jacksonville state_20250213,2025-02-13,sam-houston-state,Jacksonville State,2025,72.91890067157703,74.56287141514247
sam-houston-state_vs_kennesaw state_20250215,2025-02-15,sam-houston-state,Kennesaw State,2025,79.12561249144215,79.04499914706719
sam-houston-state_vs_louisiana tech_20250301,2025-03-01,sam-houston-state,Louisiana Tech,2025,73.37948084870806,73.51939720452496
sam-houston-state_vs_utep_20250306,2025-03-06,sam-houston-state,UTEP,2025,73.88050796497055,74.590329205099
sam-houston-state_vs_new mexico state_20250308,2025-03-08,sam-houston-state,New Mexico State,2025,69.50218045448925,72.86936072958936
sam-houston-state_vs_utep_20250311,2025-03-11,sam-houston-state,UTEP,2025,71.98882999381307,74.8480142906958
san-diego-state_vs_san diego_20241207,2024-12-07,san-diego-state,San Diego,2025,77.734624447706,60.94765513542521
san-diego-state_vs_california baptist_20241211,2024-12-11,san-diego-state,California Baptist,2025,81.84482052072512,65.82341606393074
san-diego-state_vs_utah state_20241228,2024-12-28,san-diego-state,Utah State,2025,72.9504979942113,73.2660727643279
san-diego-state_vs_air force_20250108,2025-01-08,san-diego-state,Air Force,2025,77.30411506844845,55.49392191643557
san-diego-state_vs_colorado state_20250114,2025-01-14,san-diego-state,Colorado State,2025,72.39180039709518,65.22135849997692
san-diego-state_vs_unlv_20250118,2025-01-18,san-diego-state,UNLV,2025,73.00008271374206,62.19411462636959
san-diego-state_vs_san jose state_20250128,2025-01-28,san-diego-state,San Jose State,2025,77.55418379319191,64.04217253964767
san-diego-state_vs_wyoming_20250201,2025-02-01,san-diego-state,Wyoming,2025,75.3442866493089,61.7662306067062
san-diego-state_vs_boise state_20250215,2025-02-15,san-diego-state,Boise State,2025,66.55379051506195,67.5839238819226
san-diego-state_vs_fresno state_20250218,2025-02-18,san-diego-state,Fresno State,2025,82.52345181592906,65.73784092070693
san-diego-state_vs_new mexico_20250225,2025-02-25,san-diego-state,New Mexico,2025,73.27774643173282,73.33074624919271
san-diego-state_vs_nevada_20250308,2025-03-08,san-diego-state,Nevada,2025,71.01987887748585,65.13381770242448
san-francisco_vs_chicago state_20241116,2024-11-16,san-francisco,Chicago State,2025,87.6970574225909,64.61523866776487
san-francisco_vs_memphis_20241121,2024-11-21,san-francisco,Memphis,2025,76.53823091208697,72.32439422104582
san-francisco_vs_mercyhurst_20241201,2024-12-01,san-francisco,Mercyhurst,2025,78.7607996879463,57.187975813032786
san-francisco_vs_saint louis_20241205,2024-12-05,san-francisco,Saint Louis,2025,77.63079769006067,67.96658904311825
san-francisco_vs_montana_20241221,2024-12-21,san-francisco,Montana,2025,81.19673751248033,66.76420506206864
san-francisco_vs_loyola marymount_20241228,2024-12-28,san-francisco,Loyola Marymount,2025,76.47285635728299,64.33632138556796
san-francisco_vs_santa clara_20241230,2024-12-30,san-francisco,Santa Clara,2025,73.99357395918844,69.23014274196696
san-francisco_vs_portland_20250109,2025-01-09,san-francisco,Portland,2025,84.7460817569834,64.54747841040785
san-francisco_vs_oregon state_20250118,2025-01-18,san-francisco,Oregon State,2025,70.80615125039569,69.39217303440574
san-francisco_vs_san diego_20250125,2025-01-25,san-francisco,San Diego,2025,78.39860418910013,63.83158972149124
san-francisco_vs_washington state_20250201,2025-02-01,san-francisco,Washington State,2025,75.46042710911986,71.07290895797482
san-francisco_vs_pacific_20250220,2025-02-20,san-francisco,Pacific,2025,80.96941879187281,64.867504544386
san-francisco_vs_gonzaga_20250301,2025-03-01,san-francisco,Gonzaga,2025,73.87693225669476,77.85183183535136
san-francisco_vs_washington state_20250309,2025-03-09,san-francisco,Washington State,2025,73.84738373432116,71.85059251261906
san-francisco_vs_utah valley_20250319,2025-03-19,san-francisco,Utah Valley,2025,73.51322702220274,69.47265770096126
san-francisco_vs_loyola chicago_20250323,2025-03-23,san-francisco,Loyola Chicago,2025,73.52915904844431,67.3505142050245
san-jose-state_vs_uc santa barbara_20241117,2024-11-17,san-jose-state,UC Santa Barbara,2025,75.97659897092204,79.07458798618057
san-jose-state_vs_utep_20241125,2024-11-25,san-jose-state,UTEP,2025,68.82794686952302,71.61298440053882
san-jose-state_vs_cal poly_20241214,2024-12-14,san-jose-state,Cal Poly,2025,81.18309147050766,74.56183852067981
san-jose-state_vs_kennesaw state_20241221,2024-12-21,san-jose-state,Kennesaw State,2025,80.87578655551484,75.90167809500986
san-jose-state_vs_boise state_20241228,2024-12-28,san-jose-state,Boise State,2025,69.72211522826628,77.8685999537179
san-jose-state_vs_colorado state_20241231,2024-12-31,san-jose-state,Colorado State,2025,74.22617993586728,73.11047280525558
san-jose-state_vs_utah state_20250107,2025-01-07,san-jose-state,Utah State,2025,71.64208571261179,78.4617917323687
san-jose-state_vs_new mexico_20250114,2025-01-14,san-jose-state,New Mexico,2025,77.5167918764031,83.93904840849203
san-jose-state_vs_wyoming_20250125,2025-01-25,san-jose-state,Wyoming,2025,72.9249308605029,69.85653778561205
san-jose-state_vs_air force_20250201,2025-02-01,san-jose-state,Air Force,2025,77.57500932504388,63.59770740808828
san-jose-state_vs_san diego state_20250211,2025-02-11,san-jose-state,San Diego State,2025,67.33158376330009,72.33453215352623
san-jose-state_vs_nevada_20250214,2025-02-14,san-jose-state,Nevada,2025,70.77627637466357,71.24018921876205
san-jose-state_vs_unlv_20250225,2025-02-25,san-jose-state,UNLV,2025,71.04463094730734,70.35505218731191
san-jose-state_vs_fresno state_20250308,2025-03-08,san-jose-state,Fresno State,2025,81.14811294424419,73.00714494772927
san-jose-state_vs_wyoming_20250312,2025-03-12,san-jose-state,Wyoming,2025,71.3148245002235,69.38297559555075
san-jose-state_vs_loyola chicago_20250319,2025-03-19,san-jose-state,Loyola Chicago,2025,71.1510667164009,71.66479866437392
santa-clara_vs_uc riverside_20241119,2024-11-19,santa-clara,UC Riverside,2025,78.71675617655121,72.28093108297821
santa-clara_vs_stanford_20241123,2024-11-23,santa-clara,Stanford,2025,71.32769765792719,70.2762960563561
santa-clara_vs_tcu_20241128,2024-11-28,santa-clara,TCU,2025,68.29963141285394,71.38182636483974
santa-clara_vs_washington_20241129,2024-11-29,santa-clara,Washington,2025,72.476951241353,71.92490279375102
santa-clara_vs_fresno state_20241207,2024-12-07,santa-clara,Fresno State,2025,84.41742380915188,65.53514471619978
santa-clara_vs_kennesaw state_20241218,2024-12-18,santa-clara,Kennesaw State,2025,81.75472961184845,71.28405158833442
santa-clara_vs_south dakota_20241221,2024-12-21,santa-clara,South Dakota,2025,84.553166817888,71.63910189349916
santa-clara_vs_pepperdine_20241228,2024-12-28,santa-clara,Pepperdine,2025,80.30173651212867,67.36171365423326
santa-clara_vs_oregon state_20250109,2025-01-09,santa-clara,Oregon State,2025,74.11998782287704,68.84912268586667
santa-clara_vs_san francisco_20250111,2025-01-11,santa-clara,San Francisco,2025,77.15246559290574,73.3391155046046
santa-clara_vs_washington state_20250123,2025-01-23,santa-clara,Washington State,2025,81.8845976628815,70.76486317358038
santa-clara_vs_pacific_20250201,2025-02-01,santa-clara,Pacific,2025,82.92971575245792,67.1746183536333
santa-clara_vs_san diego_20250208,2025-02-08,santa-clara,San Diego,2025,84.18101822970401,64.74858286870695
santa-clara_vs_loyola marymount_20250220,2025-02-20,santa-clara,Loyola Marymount,2025,79.69681306876069,66.53252130199861
santa-clara_vs_gonzaga_20250225,2025-02-25,santa-clara,Gonzaga,2025,79.10236043044625,79.03582137811148
santa-clara_vs_uc riverside_20250318,2025-03-18,santa-clara,UC Riverside,2025,83.43254972589031,70.07721938455659
santa-clara_vs_uab_20250323,2025-03-23,santa-clara,UAB,2025,84.19601740204268,74.67496760746225
seattle_vs_portland state_20241204,2024-12-04,seattle,Portland State,2025,78.38024235564323,69.74824596438894
seattle_vs_illinoisâchicago_20241220,2024-12-20,seattle,IllinoisâChicago,2025,78.7536602346723,74.97076411632098
seattle_vs_abilene christian_20250111,2025-01-11,seattle,Abilene Christian,2025,75.10456103824284,68.1827834921959
seattle_vs_utah tech_20250116,2025-01-16,seattle,Utah Tech,2025,76.69189432092091,69.46136101636083
seattle_vs_southern utah_20250118,2025-01-18,seattle,Southern Utah,2025,76.5632840419709,71.51813513826056
seattle_vs_utah valley_20250125,2025-01-25,seattle,Utah Valley,2025,70.76935563146472,69.50755028223472
seattle_vs_tarleton state_20250206,2025-02-06,seattle,Tarleton State,2025,71.8910235294516,62.57011693309881
seattle_vs_ut arlington_20250208,2025-02-08,seattle,UT Arlington,2025,77.04320617180231,71.13543131658328
seattle_vs_california baptist_20250227,2025-02-27,seattle,California Baptist,2025,73.55504560864566,72.07391439359165
seattle_vs_grand canyon_20250301,2025-03-01,seattle,Grand Canyon,2025,72.30910570415453,71.79030323508482
seattle_vs_utah valley_20250314,2025-03-14,seattle,Utah Valley,2025,68.17033030309645,71.4664630749519
seton-hall_vs_wagner_20241116,2024-11-16,seton-hall,Wagner,2025,67.09564667142233,55.187061051050335
seton-hall_vs_vcu_20241121,2024-11-21,seton-hall,VCU,2025,60.78377451781709,63.97716007446136
seton-hall_vs_vanderbilt_20241122,2024-11-22,seton-hall,Vanderbilt,2025,64.02100130451316,64.43463008260639
seton-hall_vs_monmouth_20241130,2024-11-30,seton-hall,Monmouth,2025,69.55375951454296,57.79912815264552
seton-hall_vs_njit_20241204,2024-12-04,seton-hall,NJIT,2025,67.17039209367289,52.479627743527665
seton-hall_vs_oklahoma state_20241208,2024-12-08,seton-hall,Oklahoma State,2025,63.775965889903844,64.37790174629446
seton-hall_vs_georgetown_20241222,2024-12-22,seton-hall,Georgetown,2025,62.22842811441152,66.30770240687633
seton-hall_vs_depaul_20250108,2025-01-08,seton-hall,DePaul,2025,66.0336378805659,67.52000524558349
seton-hall_vs_st. john's (ny)_20250118,2025-01-18,seton-hall,St. John's (NY),2025,64.91461347365491,76.12488869892672
seton-hall_vs_marquette_20250121,2025-01-21,seton-hall,Marquette,2025,62.74168676034416,74.2798504719274
seton-hall_vs_providence_20250128,2025-01-28,seton-hall,Providence,2025,63.390421753354715,69.60288500392532
seton-hall_vs_butler_20250205,2025-02-05,seton-hall,Butler,2025,63.415256234245255,70.5052252469885
seton-hall_vs_connecticut_20250215,2025-02-15,seton-hall,Connecticut,2025,61.273659680263115,75.69195819139217
seton-hall_vs_xavier_20250223,2025-02-23,seton-hall,Xavier,2025,63.27130445546436,73.1577872065798
seton-hall_vs_villanova_20250226,2025-02-26,seton-hall,Villanova,2025,62.53666451655809,73.07131593565991
seton-hall_vs_creighton_20250304,2025-03-04,seton-hall,Creighton,2025,60.58781199999593,72.38155668928043
seton-hall_vs_villanova_20250312,2025-03-12,seton-hall,Villanova,2025,61.17071223784717,71.51359596318356
siena_vs_st. bonaventure_20241217,2024-12-17,siena,St. Bonaventure,2025,62.436894456576766,72.54073441907867
siena_vs_holy cross_20241220,2024-12-20,siena,Holy Cross,2025,68.66914292600973,65.15892472067847
siena_vs_manhattan_20250103,2025-01-03,siena,Manhattan,2025,72.40045096416664,70.5006230790982
siena_vs_iona_20250105,2025-01-05,siena,Iona,2025,71.14417150930308,67.47257414812115
siena_vs_sacred heart_20250116,2025-01-16,siena,Sacred Heart,2025,70.6796875682939,73.18976710024235
siena_vs_mount st. mary's_20250123,2025-01-23,siena,Mount St. Mary's,2025,71.91156691409714,69.15028712019713
siena_vs_quinnipiac_20250202,2025-02-02,siena,Quinnipiac,2025,68.85541346264608,73.17832535138434
siena_vs_saint peter's_20250206,2025-02-06,siena,Saint Peter's,2025,66.02017287191939,61.93271317676063
siena_vs_marist_20250214,2025-02-14,siena,Marist,2025,66.60619915686156,65.1950043721144
siena_vs_niagara_20250221,2025-02-21,siena,Niagara,2025,71.89864232283185,67.61192645031412
siena_vs_canisius_20250223,2025-02-23,siena,Canisius,2025,74.70528871749863,65.33236135361699
siena_vs_fairfield_20250306,2025-03-06,siena,Fairfield,2025,74.44310444331106,66.22314746027769
south-alabama_vs_mercer_20241116,2024-11-16,south-alabama,Mercer,2025,75.37622143426826,74.91139033975145
south-alabama_vs_incarnate word_20241125,2024-11-25,south-alabama,Incarnate Word,2025,74.82468074049743,68.19692435935478
south-alabama_vs_western illinois_20241126,2024-11-26,south-alabama,Western Illinois,2025,71.18460205421202,61.82393652788371
south-alabama_vs_alcorn state_20241129,2024-11-29,south-alabama,Alcorn State,2025,74.67522751350883,59.75378220376702
south-alabama_vs_jacksonville state_20241208,2024-12-08,south-alabama,Jacksonville State,2025,68.32535633242124,69.71644198934727
south-alabama_vs_james madison_20241221,2024-12-21,south-alabama,James Madison,2025,66.8941159355881,72.3764145917707
south-alabama_vs_arkansas state_20250109,2025-01-09,south-alabama,Arkansas State,2025,71.46266838203023,71.2350888994136
south-alabama_vs_old dominion_20250111,2025-01-11,south-alabama,Old Dominion,2025,76.51263779042496,59.728927222427195
south-alabama_vs_southern mississippi_20250115,2025-01-15,south-alabama,Southern Mississippi,2025,78.45071130194655,65.12244532296735
south-alabama_vs_troy_20250118,2025-01-18,south-alabama,Troy,2025,69.0114594854576,65.98864151749031
south-alabama_vs_louisianaâmonroe_20250130,2025-01-30,south-alabama,LouisianaâMonroe,2025,76.67047676329028,61.97067870539273
south-alabama_vs_marshall_20250213,2025-02-13,south-alabama,Marshall,2025,74.15685533447757,67.31711065847611
south-alabama_vs_texas state_20250215,2025-02-15,south-alabama,Texas State,2025,74.06968830062948,66.7081504660967
south-alabama_vs_louisiana_20250228,2025-02-28,south-alabama,Louisiana,2025,74.49120626366673,62.616596737400755
south-carolina_vs_mercer_20241121,2024-11-21,south-carolina,Mercer,2025,91.36371660294077,71.6911685087232
south-carolina_vs_xavier_20241125,2024-11-25,south-carolina,Xavier,2025,74.56261078709387,74.15178901652186
south-carolina_vs_virginia tech_20241127,2024-11-27,south-carolina,Virginia Tech,2025,74.78538484251101,71.23707525477852
south-carolina_vs_east carolina_20241207,2024-12-07,south-carolina,East Carolina,2025,77.07662518230562,67.50980594450878
south-carolina_vs_usc upstate_20241214,2024-12-14,south-carolina,USC Upstate,2025,85.4593249932299,67.2273077012689
south-carolina_vs_clemson_20241217,2024-12-17,south-carolina,Clemson,2025,69.64490598558744,70.60448515194417
south-carolina_vs_radford_20241222,2024-12-22,south-carolina,Radford,2025,79.46611173593261,66.70891409434324
south-carolina_vs_presbyterian_20241230,2024-12-30,south-carolina,Presbyterian,2025,82.4656609427625,64.11914214477648
south-carolina_vs_alabama_20250108,2025-01-08,south-carolina,Alabama,2025,72.6474531261567,85.1361781181117
south-carolina_vs_auburn_20250111,2025-01-11,south-carolina,Auburn,2025,64.70042243134927,77.505398511614
south-carolina_vs_florida_20250122,2025-01-22,south-carolina,Florida,2025,65.66318406522598,80.0749329189395
south-carolina_vs_mississippi state_20250125,2025-01-25,south-carolina,Mississippi State,2025,68.39675417625647,73.5084244853064
south-carolina_vs_texas a&m_20250201,2025-02-01,south-carolina,Texas A&M,2025,65.34455941322618,70.23442520893443
south-carolina_vs_texas_20250222,2025-02-22,south-carolina,Texas,2025,69.93344245554604,70.94057774671478
south-carolina_vs_arkansas_20250301,2025-03-01,south-carolina,Arkansas,2025,68.63605272425916,72.0415936556167
south-carolina_vs_georgia_20250304,2025-03-04,south-carolina,Georgia,2025,68.19063177996725,70.61551701333453
south-carolina-state_vs_samford_20241205,2024-12-05,south-carolina-state,Samford,2025,77.1964942780714,81.5876019688379
south-carolina-state_vs_charleston southern_20241209,2024-12-09,south-carolina-state,Charleston Southern,2025,75.12116067293434,72.27739521259404
south-carolina-state_vs_delaware state_20250111,2025-01-11,south-carolina-state,Delaware State,2025,75.93030128137227,66.02538368149177
south-carolina-state_vs_maryland eastern shore_20250113,2025-01-13,south-carolina-state,Maryland Eastern Shore,2025,79.97606635942711,67.83203922295793
south-carolina-state_vs_morgan state_20250215,2025-02-15,south-carolina-state,Morgan State,2025,81.87063705348132,74.2118289926683
south-carolina-state_vs_coppin state_20250217,2025-02-17,south-carolina-state,Coppin State,2025,79.76070991598898,63.06336431916154
south-carolina-state_vs_norfolk state_20250301,2025-03-01,south-carolina-state,Norfolk State,2025,74.98018709648835,73.77147065840727
south-carolina-state_vs_howard_20250303,2025-03-03,south-carolina-state,Howard,2025,81.09653178729505,73.83516452055821
south-carolina-state_vs_north carolina central_20250306,2025-03-06,south-carolina-state,North Carolina Central,2025,79.25440840347372,72.83128711815634
south-carolina-upstate_vs_unc wilmington_20241115,2024-11-15,south-carolina-upstate,UNC Wilmington,2025,75.11907427297267,83.06677018725317
south-carolina-upstate_vs_south carolina state_20241218,2024-12-18,south-carolina-upstate,South Carolina State,2025,76.0933552865999,75.31429673492768
south-carolina-upstate_vs_youngstown state_20241221,2024-12-21,south-carolina-upstate,Youngstown State,2025,73.93852621525441,77.77258843306177
south-carolina-upstate_vs_presbyterian_20250108,2025-01-08,south-carolina-upstate,Presbyterian,2025,73.29124459228761,74.76146965361939
south-carolina-upstate_vs_radford_20250111,2025-01-11,south-carolina-upstate,Radford,2025,71.72380810004597,75.76145906494224
south-carolina-upstate_vs_high point_20250122,2025-01-22,south-carolina-upstate,High Point,2025,72.11713130412622,78.87658673842238
south-carolina-upstate_vs_charleston southern_20250129,2025-01-29,south-carolina-upstate,Charleston Southern,2025,78.36748485688562,76.69533166312445
south-carolina-upstate_vs_winthrop_20250208,2025-02-08,south-carolina-upstate,Winthrop,2025,77.97509758938651,81.23339291399839
south-carolina-upstate_vs_unc asheville_20250212,2025-02-12,south-carolina-upstate,UNC Asheville,2025,76.77158683993198,81.63063174279823
south-carolina-upstate_vs_gardner-webb_20250215,2025-02-15,south-carolina-upstate,Gardner-Webb,2025,77.09124660602505,77.32327631394062
south-carolina-upstate_vs_longwood_20250301,2025-03-01,south-carolina-upstate,Longwood,2025,76.90303378349306,78.70249435341962
south-dakota_vs_texas a&mâcommerce_20241106,2024-11-06,south-dakota,Texas A&MâCommerce,2025,87.27916240596004,74.60709140650476
south-dakota_vs_idaho state_20241204,2024-12-04,south-dakota,Idaho State,2025,78.29125518312752,73.22858017951816
south-dakota_vs_wyoming_20241210,2024-12-10,south-dakota,Wyoming,2025,79.59646081084075,76.99655302575405
south-dakota_vs_western illinois_20241214,2024-12-14,south-dakota,Western Illinois,2025,78.73027019995511,73.95132765554212
south-dakota_vs_denver_20250104,2025-01-04,south-dakota,Denver,2025,82.03506488406104,75.48041984371368
south-dakota_vs_oral roberts_20250116,2025-01-16,south-dakota,Oral Roberts,2025,82.54229860054106,75.3296985602324
south-dakota_vs_north dakota state_20250118,2025-01-18,south-dakota,North Dakota State,2025,74.64582429959485,80.4194539455216
south-dakota_vs_omaha_20250129,2025-01-29,south-dakota,Omaha,2025,78.0098130321935,77.5005252988057
south-dakota_vs_kansas city_20250213,2025-02-13,south-dakota,Kansas City,2025,76.73322534439215,75.66364747933694
south-dakota_vs_south dakota state_20250216,2025-02-16,south-dakota,South Dakota State,2025,80.63816387304462,85.68656007769174
south-dakota_vs_st. thomas_20250219,2025-02-19,south-dakota,St. Thomas,2025,81.13051248146874,83.62069818036828
south-dakota_vs_north dakota_20250301,2025-03-01,south-dakota,North Dakota,2025,83.59262012082279,77.8734676022473
south-dakota-state_vs_southern mississippi_20241120,2024-11-20,south-dakota-state,Southern Mississippi,2025,79.86387520051426,75.72008164680615
south-dakota-state_vs_eastern washington_20241207,2024-12-07,south-dakota-state,Eastern Washington,2025,79.88109482049296,69.91908150195049
south-dakota-state_vs_denver_20250102,2025-01-02,south-dakota-state,Denver,2025,81.96796250039668,69.14301452844782
south-dakota-state_vs_north dakota_20250116,2025-01-16,south-dakota-state,North Dakota,2025,83.27054372708656,71.43209536722692
south-dakota-state_vs_oral roberts_20250118,2025-01-18,south-dakota-state,Oral Roberts,2025,83.69556664756058,70.94287107152334
south-dakota-state_vs_south dakota_20250125,2025-01-25,south-dakota-state,South Dakota,2025,82.00963401861685,72.75746632352022
south-dakota-state_vs_st. thomas_20250206,2025-02-06,south-dakota-state,St. Thomas,2025,78.49355938533473,76.62534359630972
south-dakota-state_vs_omaha_20250213,2025-02-13,south-dakota-state,Omaha,2025,78.27651259259389,73.0608600728718
south-dakota-state_vs_north dakota state_20250219,2025-02-19,south-dakota-state,North Dakota State,2025,77.00004126866922,73.55444853646027
south-dakota-state_vs_kansas city_20250223,2025-02-23,south-dakota-state,Kansas City,2025,79.25665286942576,69.61037669419925
southeastern-louisiana_vs_texas a&mâcorpus christi_20250104,2025-01-04,southeastern-louisiana,Texas A&MâCorpus Christi,2025,69.91734205532752,73.05288022014618
southeastern-louisiana_vs_incarnate word_20250125,2025-01-25,southeastern-louisiana,Incarnate Word,2025,73.19598693121671,66.76263391557228
southeastern-louisiana_vs_new orleans_20250201,2025-02-01,southeastern-louisiana,New Orleans,2025,78.67903179316647,68.41847020721855
southeastern-louisiana_vs_lamar_20250203,2025-02-03,southeastern-louisiana,Lamar,2025,69.39507205041976,68.60768620254801
southeastern-louisiana_vs_mcneese state_20250217,2025-02-17,southeastern-louisiana,McNeese State,2025,65.06171117839435,72.46109756362502
southeastern-louisiana_vs_texas a&mâcommerce_20250222,2025-02-22,southeastern-louisiana,Texas A&MâCommerce,2025,78.8170450926477,65.40080915391192
southeastern-louisiana_vs_northwestern state_20250224,2025-02-24,southeastern-louisiana,Northwestern State,2025,72.03224229876594,67.54750422456075
southeast-missouri-state_vs_chattanooga_20241117,2024-11-17,southeast-missouri-state,Chattanooga,2025,71.00216316244298,76.62427400564002
southeast-missouri-state_vs_kansas city_20241130,2024-11-30,southeast-missouri-state,Kansas City,2025,69.33652741010738,74.84733485514525
southeast-missouri-state_vs_eastern illinois_20241219,2024-12-19,southeast-missouri-state,Eastern Illinois,2025,76.48062691927555,72.15190294012743
southeast-missouri-state_vs_siu edwardsville_20241221,2024-12-21,southeast-missouri-state,SIU Edwardsville,2025,73.3615140538525,72.8933980999244
southeast-missouri-state_vs_southern indiana_20250109,2025-01-09,southeast-missouri-state,Southern Indiana,2025,76.70271040111697,69.67063681895769
southeast-missouri-state_vs_morehead state_20250111,2025-01-11,southeast-missouri-state,Morehead State,2025,71.92734313130488,68.767504651571
southeast-missouri-state_vs_little rock_20250114,2025-01-14,southeast-missouri-state,Little Rock,2025,68.90919144152636,67.06235808416803
southeast-missouri-state_vs_ut martin_20250130,2025-01-30,southeast-missouri-state,UT Martin,2025,74.78677284139924,74.2974228600357
southeast-missouri-state_vs_tennessee state_20250201,2025-02-01,southeast-missouri-state,Tennessee State,2025,79.37843901497273,75.7464985229519
southeast-missouri-state_vs_western illinois_20250220,2025-02-20,southeast-missouri-state,Western Illinois,2025,74.4415644787105,64.00121017626869
southeast-missouri-state_vs_lindenwood_20250222,2025-02-22,southeast-missouri-state,Lindenwood,2025,77.11126767426393,69.91257434098068
southeast-missouri-state_vs_siu edwardsville_20250308,2025-03-08,southeast-missouri-state,SIU Edwardsville,2025,71.52228947808115,70.75167221856088
southern_vs_florida a&m_20250111,2025-01-11,southern,Florida A&M,2025,78.12503900680275,65.8579252088695
southern_vs_bethune-cookman_20250113,2025-01-13,southern,Bethune-Cookman,2025,70.69571329378186,67.83519079382611
southern_vs_alcorn state_20250201,2025-02-01,southern,Alcorn State,2025,74.1607968081473,65.4103808647814
southern_vs_jackson state_20250203,2025-02-03,southern,Jackson State,2025,75.51342629730755,66.95245646533196
southern_vs_texas southern_20250217,2025-02-17,southern,Texas Southern,2025,79.71891421766222,68.03455035433296
southern_vs_alabama state_20250306,2025-03-06,southern,Alabama State,2025,76.90794322636808,69.8451279546894
southern_vs_alabama a&m_20250308,2025-03-08,southern,Alabama A&M,2025,82.79599291126489,70.37604926992758
southern-california_vs_california_20241117,2024-11-17,southern-california,California,2025,81.5205519497599,72.09290108988567
southern-california_vs_san jose state_20241120,2024-11-20,southern-california,San Jose State,2025,79.25415840327035,63.684977006030266
southern-california_vs_oregon_20241204,2024-12-04,southern-california,Oregon,2025,72.62920145438002,75.8570335711
southern-california_vs_montana state_20241215,2024-12-15,southern-california,Montana State,2025,75.05505920347055,67.80188747167237
southern-california_vs_cal state northridge_20241218,2024-12-18,southern-california,Cal State Northridge,2025,81.04628828298075,71.33129789865878
southern-california_vs_southern_20241222,2024-12-22,southern-california,Southern,2025,80.79849469395316,68.01332420267495
southern-california_vs_michigan_20250104,2025-01-04,southern-california,Michigan,2025,73.12425625625191,76.32131076566374
southern-california_vs_iowa_20250114,2025-01-14,southern-california,Iowa,2025,80.48955867813001,77.53827652610478
southern-california_vs_wisconsin_20250118,2025-01-18,southern-california,Wisconsin,2025,75.09472122036753,73.92009143733692
southern-california_vs_ucla_20250127,2025-01-27,southern-california,UCLA,2025,71.27297374196122,71.399782070377
southern-california_vs_michigan state_20250201,2025-02-01,southern-california,Michigan State,2025,73.51954182942626,76.97639242554807
southern-california_vs_penn state_20250211,2025-02-11,southern-california,Penn State,2025,78.2726287949085,71.7883269703563
southern-california_vs_minnesota_20250215,2025-02-15,southern-california,Minnesota,2025,73.32212441632808,67.78671838760464
southern-california_vs_ohio state_20250226,2025-02-26,southern-california,Ohio State,2025,76.85067666533017,72.79869642190741
southern-california_vs_washington_20250305,2025-03-05,southern-california,Washington,2025,76.6342132712021,70.19501419111039
southern-california_vs_tulane_20250401,2025-04-01,southern-california,Tulane,2025,76.18363269789336,69.8802814151454
southern-california_vs_villanova_20250403,2025-04-03,southern-california,Villanova,2025,68.83397605665694,70.08811471862222
southern-illinois_vs_north dakota state_20241118,2024-11-18,southern-illinois,North Dakota State,2025,78.56040710130611,71.0559939899669
southern-illinois_vs_bradley_20241203,2024-12-03,southern-illinois,Bradley,2025,70.13519232623914,75.25585759331385
southern-illinois_vs_southern indiana_20241207,2024-12-07,southern-illinois,Southern Indiana,2025,79.1522666078329,70.26022479248302
southern-illinois_vs_high point_20241221,2024-12-21,southern-illinois,High Point,2025,70.27783899503974,70.61497996220176
southern-illinois_vs_evansville_20250101,2025-01-01,southern-illinois,Evansville,2025,73.54579621241474,66.34693716551631
southern-illinois_vs_missouri state_20250111,2025-01-11,southern-illinois,Missouri State,2025,68.05105261916228,69.97175148714139
southern-illinois_vs_northern iowa_20250118,2025-01-18,southern-illinois,Northern Iowa,2025,67.5094897159979,74.74979743422651
southern-illinois_vs_murray state_20250122,2025-01-22,southern-illinois,Murray State,2025,67.99211134608873,70.31048069793987
southern-illinois_vs_drake_20250201,2025-02-01,southern-illinois,Drake,2025,61.13857310104294,69.83990927104243
southern-illinois_vs_illinoisâchicago_20250208,2025-02-08,southern-illinois,IllinoisâChicago,2025,73.82768832905248,76.61702699173584
southern-illinois_vs_belmont_20250215,2025-02-15,southern-illinois,Belmont,2025,75.75530383225563,75.92359241109988
southern-illinois_vs_murray state_20250219,2025-02-19,southern-illinois,Murray State,2025,72.22445974527683,69.50209801915565
southern-illinois_vs_valparaiso_20250222,2025-02-22,southern-illinois,Valparaiso,2025,77.94914940465978,72.2484425780094
southern-illinois_vs_illinois state_20250225,2025-02-25,southern-illinois,Illinois State,2025,70.07474226187988,71.78860410182708
southern-illinois-edwardsville_vs_north florida_20241129,2024-11-29,southern-illinois-edwardsville,North Florida,2025,76.95987666215957,75.1212647545087
southern-illinois-edwardsville_vs_ball state_20241208,2024-12-08,southern-illinois-edwardsville,Ball State,2025,73.76719273493264,70.32306048041279
southern-illinois-edwardsville_vs_western illinois_20250102,2025-01-02,southern-illinois-edwardsville,Western Illinois,2025,70.5659981599635,67.67373683683483
southern-illinois-edwardsville_vs_lindenwood_20250104,2025-01-04,southern-illinois-edwardsville,Lindenwood,2025,74.41545788815729,68.93870315944011
southern-illinois-edwardsville_vs_southern indiana_20250123,2025-01-23,southern-illinois-edwardsville,Southern Indiana,2025,77.00000867744161,68.17850467552354
southern-illinois-edwardsville_vs_morehead state_20250125,2025-01-25,southern-illinois-edwardsville,Morehead State,2025,70.54299157032463,68.31848504492606
southern-illinois-edwardsville_vs_eastern illinois_20250204,2025-02-04,southern-illinois-edwardsville,Eastern Illinois,2025,72.8643242799761,66.91368282685546
southern-illinois-edwardsville_vs_ut martin_20250213,2025-02-13,southern-illinois-edwardsville,UT Martin,2025,74.80503008550367,69.66804082803726
southern-illinois-edwardsville_vs_tennessee state_20250215,2025-02-15,southern-illinois-edwardsville,Tennessee State,2025,75.81509141850752,73.53395743896385
southern-illinois-edwardsville_vs_southeast missouri state_20250227,2025-02-27,southern-illinois-edwardsville,Southeast Missouri State,2025,71.02807239685488,71.69679262061118
southern-illinois-edwardsville_vs_little rock_20250301,2025-03-01,southern-illinois-edwardsville,Little Rock,2025,69.01249208185327,66.2348717634248
southern-illinois-edwardsville_vs_tennessee state_20250307,2025-03-07,southern-illinois-edwardsville,Tennessee State,2025,72.89976128406029,73.61055082219255
southern-indiana_vs_south dakota_20241122,2024-11-22,southern-indiana,South Dakota,2025,73.13019098257475,77.9717533093046
southern-indiana_vs_indiana state_20241125,2024-11-25,southern-indiana,Indiana State,2025,75.82069995019727,78.07347047612525
southern-indiana_vs_tennessee state_20241219,2024-12-19,southern-indiana,Tennessee State,2025,79.0276697942045,76.30845558024537
southern-indiana_vs_ut martin_20241221,2024-12-21,southern-indiana,UT Martin,2025,77.08269590539071,72.88261079368914
southern-indiana_vs_morehead state_20241231,2024-12-31,southern-indiana,Morehead State,2025,72.513499430367,73.2721063505466
southern-indiana_vs_lindenwood_20250116,2025-01-16,southern-indiana,Lindenwood,2025,71.38730600693445,71.78061979414929
southern-indiana_vs_western illinois_20250118,2025-01-18,southern-indiana,Western Illinois,2025,70.37308038552314,68.68039487451829
southern-indiana_vs_little rock_20250206,2025-02-06,southern-indiana,Little Rock,2025,66.14785839777849,69.5209333774975
southern-indiana_vs_southeast missouri state_20250208,2025-02-08,southern-indiana,Southeast Missouri State,2025,71.15313329511744,75.25331883762887
southern-indiana_vs_eastern illinois_20250220,2025-02-20,southern-indiana,Eastern Illinois,2025,72.82258679101473,69.67552009469794
southern-indiana_vs_siu edwardsville_20250222,2025-02-22,southern-indiana,SIU Edwardsville,2025,69.07682003369587,73.96571062811823
southern-methodist_vs_mississippi state_20241122,2024-11-22,southern-methodist,Mississippi State,2025,78.46783478311696,79.71734986968326
southern-methodist_vs_washington state_20241127,2024-11-27,southern-methodist,Washington State,2025,80.61216131262708,75.29189217946063
southern-methodist_vs_alabama state_20241203,2024-12-03,southern-methodist,Alabama State,2025,86.63095928743292,68.96637168709819
southern-methodist_vs_virginia_20241207,2024-12-07,southern-methodist,Virginia,2025,72.54288909132232,65.06370318182593
southern-methodist_vs_longwood_20241229,2024-12-29,southern-methodist,Longwood,2025,81.19114444482808,68.48880428706039
southern-methodist_vs_duke_20250104,2025-01-04,southern-methodist,Duke,2025,67.63428858168099,73.91966789610485
southern-methodist_vs_georgia tech_20250111,2025-01-11,southern-methodist,Georgia Tech,2025,80.07248771401127,70.99435081277073
southern-methodist_vs_louisville_20250121,2025-01-21,southern-methodist,Louisville,2025,77.67807710777572,74.77766778028905
southern-methodist_vs_california_20250129,2025-01-29,southern-methodist,California,2025,82.24680285183027,71.26963500270008
southern-methodist_vs_stanford_20250201,2025-02-01,southern-methodist,Stanford,2025,77.27817315023489,71.89365945615172
southern-methodist_vs_pittsburgh_20250211,2025-02-11,southern-methodist,Pittsburgh,2025,77.8290263931116,70.69569117865201
southern-methodist_vs_wake forest_20250215,2025-02-15,southern-methodist,Wake Forest,2025,75.50903726560318,68.19127864660697
southern-methodist_vs_clemson_20250222,2025-02-22,southern-methodist,Clemson,2025,74.14597942707705,71.97619627722145
southern-methodist_vs_syracuse_20250304,2025-03-04,southern-methodist,Syracuse,2025,85.45476164526679,72.38766913675168
southern-methodist_vs_syracuse_20250312,2025-03-12,southern-methodist,Syracuse,2025,80.09487059154951,72.62600766596054
southern-methodist_vs_northern iowa_20250319,2025-03-19,southern-methodist,Northern Iowa,2025,74.98497393490146,66.97001497736407
southern-methodist_vs_oklahoma state_20250323,2025-03-23,southern-methodist,Oklahoma State,2025,78.040169392267,73.00289295287871
southern-mississippi_vs_milwaukee_20241130,2024-11-30,southern-mississippi,Milwaukee,2025,76.89088160906515,78.46289928141798
southern-mississippi_vs_alabama state_20241205,2024-12-05,southern-mississippi,Alabama State,2025,78.8101408436295,77.71868200899975
southern-mississippi_vs_lamar_20241217,2024-12-17,southern-mississippi,Lamar,2025,72.41119709346502,75.22284997460736
southern-mississippi_vs_marshall_20241221,2024-12-21,southern-mississippi,Marshall,2025,73.08130647580477,76.75595610777086
southern-mississippi_vs_louisianaâmonroe_20250109,2025-01-09,southern-mississippi,LouisianaâMonroe,2025,76.78707371274172,69.56182540657906
southern-mississippi_vs_texas state_20250111,2025-01-11,southern-mississippi,Texas State,2025,70.28654245644132,75.2842559105107
southern-mississippi_vs_arkansas state_20250129,2025-01-29,southern-mississippi,Arkansas State,2025,72.69839360066628,81.30783010649863
southern-mississippi_vs_georgia southern_20250201,2025-02-01,southern-mississippi,Georgia Southern,2025,77.3332791186153,75.91240018009378
southern-mississippi_vs_coastal carolina_20250220,2025-02-20,southern-mississippi,Coastal Carolina,2025,72.48698255129091,69.01252862275112
southern-mississippi_vs_louisiana_20250222,2025-02-22,southern-mississippi,Louisiana,2025,74.60953928321352,74.21941129881253
southern-mississippi_vs_south alabama_20250226,2025-02-26,southern-mississippi,South Alabama,2025,65.49848527970003,72.8695023599938
southern-mississippi_vs_troy_20250228,2025-02-28,southern-mississippi,Troy,2025,66.0188766786538,76.21341880711967
southern-utah_vs_omaha_20241116,2024-11-16,southern-utah,Omaha,2025,81.74331365271556,74.3084095956807
southern-utah_vs_cal state bakersfield_20241130,2024-11-30,southern-utah,Cal State Bakersfield,2025,77.50177931494939,71.36824546064764
southern-utah_vs_northern arizona_20241221,2024-12-21,southern-utah,Northern Arizona,2025,78.17156014038046,72.99817313270208
southern-utah_vs_tarleton state_20250109,2025-01-09,southern-utah,Tarleton State,2025,76.17784019620001,69.8961982630511
southern-utah_vs_ut arlington_20250111,2025-01-11,southern-utah,UT Arlington,2025,77.84361380442203,75.37736313899727
southern-utah_vs_grand canyon_20250123,2025-01-23,southern-utah,Grand Canyon,2025,72.1535612017488,79.37185724010945
southern-utah_vs_california baptist_20250125,2025-01-25,southern-utah,California Baptist,2025,72.7704921915392,76.08670374783071
southern-utah_vs_abilene christian_20250208,2025-02-08,southern-utah,Abilene Christian,2025,70.26419200684873,71.24371876158186
southern-utah_vs_utah tech_20250213,2025-02-13,southern-utah,Utah Tech,2025,75.98994345693896,73.86949639580116
southern-utah_vs_utah valley_20250215,2025-02-15,southern-utah,Utah Valley,2025,67.66558936106027,76.30239280385855
southern-utah_vs_seattle_20250306,2025-03-06,southern-utah,Seattle,2025,66.53049535113865,74.9243704111173
south-florida_vs_west georgia_20241115,2024-11-15,south-florida,West Georgia,2025,84.98784910878203,63.11595198217158
south-florida_vs_wright state_20241124,2024-11-24,south-florida,Wright State,2025,73.54382522672802,71.35059506970416
south-florida_vs_stetson_20241203,2024-12-03,south-florida,Stetson,2025,81.88234247953925,67.1281439167004
south-florida_vs_bethune-cookman_20241218,2024-12-18,south-florida,Bethune-Cookman,2025,76.85960069302385,69.51373168333645
south-florida_vs_texas a&mâcommerce_20241221,2024-12-21,south-florida,Texas A&MâCommerce,2025,78.05064164894999,67.05734907268823
south-florida_vs_east carolina_20241231,2024-12-31,south-florida,East Carolina,2025,74.61255537357663,73.08088548482091
south-florida_vs_uab_20250115,2025-01-15,south-florida,UAB,2025,77.55235814776877,77.78784531818644
south-florida_vs_tulsa_20250118,2025-01-18,south-florida,Tulsa,2025,80.21383002313569,71.51201443047385
south-florida_vs_rice_20250128,2025-01-28,south-florida,Rice,2025,71.6598457458307,69.58006140296351
south-florida_vs_temple_20250206,2025-02-06,south-florida,Temple,2025,75.71605137006722,75.68592133441528
south-florida_vs_wichita state_20250209,2025-02-09,south-florida,Wichita State,2025,75.89587156251753,73.26777662839852
south-florida_vs_memphis_20250213,2025-02-13,south-florida,Memphis,2025,71.515852771135,79.15776938746644
south-florida_vs_north texas_20250223,2025-02-23,south-florida,North Texas,2025,62.69990813405401,69.3609353045261
south-florida_vs_florida atlantic_20250302,2025-03-02,south-florida,Florida Atlantic,2025,75.925210214412,77.12639238672494
south-florida_vs_wichita state_20250313,2025-03-13,south-florida,Wichita State,2025,70.08364976281524,73.75559512620535
stanford_vs_uc davis_20241117,2024-11-17,stanford,UC Davis,2025,75.73908678069381,65.2038686952884
stanford_vs_norfolk state_20241120,2024-11-20,stanford,Norfolk State,2025,79.14553116340649,61.875883402048665
stanford_vs_cal poly_20241130,2024-11-30,stanford,Cal Poly,2025,83.44188057117543,65.771389445121
stanford_vs_utah valley_20241203,2024-12-03,stanford,Utah Valley,2025,74.83882613438175,67.5279483727624
stanford_vs_merrimack_20241217,2024-12-17,stanford,Merrimack,2025,75.37336403452716,61.478909596897125
stanford_vs_virginia tech_20250108,2025-01-08,stanford,Virginia Tech,2025,75.77395453288946,68.16179768678577
stanford_vs_virginia_20250111,2025-01-11,stanford,Virginia,2025,68.13451830813926,61.678507024702284
stanford_vs_miami (fl)_20250122,2025-01-22,stanford,Miami (FL),2025,79.67480621397877,70.9415645540974
stanford_vs_florida state_20250125,2025-01-25,stanford,Florida State,2025,75.73776616745191,71.96933913257159
stanford_vs_syracuse_20250129,2025-01-29,stanford,Syracuse,2025,81.4418805104007,71.32399591702296
stanford_vs_wake forest_20250205,2025-02-05,stanford,Wake Forest,2025,70.94567650448903,66.91014761198032
stanford_vs_nc state_20250208,2025-02-08,stanford,NC State,2025,72.81428129813335,66.00249435422755
stanford_vs_california_20250222,2025-02-22,stanford,California,2025,77.2306545527988,71.94947532932999
stanford_vs_boston college_20250226,2025-02-26,stanford,Boston College,2025,76.5775515942362,67.09147874841466
stanford_vs_smu_20250301,2025-03-01,stanford,SMU,2025,72.59661010814581,74.3658702792268
stanford_vs_cal state northridge_20250318,2025-03-18,stanford,Cal State Northridge,2025,76.95096497465329,73.2070939203506
stanford_vs_kent state_20250323,2025-03-23,stanford,Kent State,2025,73.3696219453404,66.28167882344397
st-bonaventure_vs_le moyne_20241116,2024-11-16,st-bonaventure,Le Moyne,2025,81.33945191917206,69.10474450591441
st-bonaventure_vs_bryant_20241124,2024-11-24,st-bonaventure,Bryant,2025,78.1463737894994,70.25684655225763
st-bonaventure_vs_utah state_20241128,2024-11-28,st-bonaventure,Utah State,2025,70.384039767806,75.89344926195923
st-bonaventure_vs_buffalo_20241207,2024-12-07,st-bonaventure,Buffalo,2025,84.66154041321693,63.0733352749995
st-bonaventure_vs_niagara_20241221,2024-12-21,st-bonaventure,Niagara,2025,76.15319441914026,57.56827730672967
st-bonaventure_vs_vcu_20241231,2024-12-31,st-bonaventure,VCU,2025,69.74048851884537,67.77492236394207
st-bonaventure_vs_la salle_20250111,2025-01-11,st-bonaventure,La Salle,2025,79.12501911428667,65.22718559502788
st-bonaventure_vs_richmond_20250115,2025-01-15,st-bonaventure,Richmond,2025,77.24539991855117,61.11541257315841
st-bonaventure_vs_george mason_20250121,2025-01-21,st-bonaventure,George Mason,2025,69.44624403581382,64.36310574634311
st-bonaventure_vs_dayton_20250128,2025-01-28,st-bonaventure,Dayton,2025,70.16107091207105,69.54536716618252
st-bonaventure_vs_fordham_20250201,2025-02-01,st-bonaventure,Fordham,2025,80.10787421387698,67.99064851956832
st-bonaventure_vs_george washington_20250209,2025-02-09,st-bonaventure,George Washington,2025,72.88992325044003,65.46287262981483
st-bonaventure_vs_duquesne_20250222,2025-02-22,st-bonaventure,Duquesne,2025,68.87683897646542,63.83090135650685
st-bonaventure_vs_massachusetts_20250305,2025-03-05,st-bonaventure,Massachusetts,2025,74.52307515402151,66.75157796558278
st-bonaventure_vs_vcu_20250314,2025-03-14,st-bonaventure,VCU,2025,63.80906133206671,69.30225298751265
st-bonaventure_vs_kent state_20250318,2025-03-18,st-bonaventure,Kent State,2025,69.80930688004787,64.63629575352697
stephen-f-austin_vs_presbyterian_20241121,2024-11-21,stephen-f-austin,Presbyterian,2025,73.75733176029381,64.37231728882979
stephen-f-austin_vs_monmouth_20241122,2024-11-22,stephen-f-austin,Monmouth,2025,77.22106679169984,67.75421167102272
stephen-f-austin_vs_youngstown state_20241123,2024-11-23,stephen-f-austin,Youngstown State,2025,73.58644360545526,66.58974447408886
stephen-f-austin_vs_incarnate word_20250104,2025-01-04,stephen-f-austin,Incarnate Word,2025,69.97868464252358,64.05906465844362
stephen-f-austin_vs_southeastern louisiana_20250113,2025-01-13,stephen-f-austin,Southeastern Louisiana,2025,67.13105601662839,65.16542923164997
stephen-f-austin_vs_northwestern state_20250125,2025-01-25,stephen-f-austin,Northwestern State,2025,64.41078526614278,63.577281973743894
stephen-f-austin_vs_texas a&mâcommerce_20250127,2025-01-27,stephen-f-austin,Texas A&MâCommerce,2025,68.31570894171112,61.791561329746905
stephen-f-austin_vs_lamar_20250201,2025-02-01,stephen-f-austin,Lamar,2025,64.27867582643024,65.26910007650855
stephen-f-austin_vs_texas a&mâcorpus christi_20250208,2025-02-08,stephen-f-austin,Texas A&MâCorpus Christi,2025,67.29564626134538,72.81856123172663
stephen-f-austin_vs_mcneese state_20250303,2025-03-03,stephen-f-austin,McNeese State,2025,62.540985130134075,72.31897075465972
stetson_vs_toledo_20241121,2024-11-21,stetson,Toledo,2025,71.71875421514028,79.46672730910645
stetson_vs_mercer_20241208,2024-12-08,stetson,Mercer,2025,75.27862448245128,79.62010481130781
stetson_vs_florida international_20241214,2024-12-14,stetson,Florida International,2025,74.22500353953666,77.44631560539084
stetson_vs_central arkansas_20250109,2025-01-09,stetson,Central Arkansas,2025,77.5293145878327,79.15127689888654
stetson_vs_north alabama_20250111,2025-01-11,stetson,North Alabama,2025,70.91121757950971,78.16428247590078
stetson_vs_queens (nc)_20250116,2025-01-16,stetson,Queens (NC),2025,75.94770904789397,80.30430918229649
stetson_vs_west georgia_20250118,2025-01-18,stetson,West Georgia,2025,75.5987817427506,76.74840455256201
stetson_vs_jacksonville_20250206,2025-02-06,stetson,Jacksonville,2025,70.3999538608482,76.71907920703978
stetson_vs_eastern kentucky_20250208,2025-02-08,stetson,Eastern Kentucky,2025,73.53173082786502,81.34105532379503
stetson_vs_north florida_20250218,2025-02-18,stetson,North Florida,2025,79.45860480984815,80.55876057333818
stetson_vs_florida gulf coast_20250220,2025-02-20,stetson,Florida Gulf Coast,2025,69.58221769273776,76.04657364026319
stetson_vs_bellarmine_20250224,2025-02-24,stetson,Bellarmine,2025,76.74218018338027,74.57670376411505
st-johns-ny_vs_new mexico_20241117,2024-11-17,st-johns-ny,New Mexico,2025,81.1544296532398,71.7833600388674
st-johns-ny_vs_virginia_20241122,2024-11-22,st-johns-ny,Virginia,2025,70.98734421388227,64.33103245803045
st-johns-ny_vs_harvard_20241130,2024-11-30,st-johns-ny,Harvard,2025,84.87769938528389,62.03586797966421
st-johns-ny_vs_kansas state_20241207,2024-12-07,st-johns-ny,Kansas State,2025,78.44297951754926,69.98491772546959
st-johns-ny_vs_bryant_20241211,2024-12-11,st-johns-ny,Bryant,2025,86.8402641987571,70.01908203138157
st-johns-ny_vs_depaul_20241217,2024-12-17,st-johns-ny,DePaul,2025,82.5249362888136,70.88887122922786
st-johns-ny_vs_delaware_20241228,2024-12-28,st-johns-ny,Delaware,2025,91.51762083986968,68.55197173181077
st-johns-ny_vs_butler_20250104,2025-01-04,st-johns-ny,Butler,2025,76.71228651834953,67.85024330641893
st-johns-ny_vs_villanova_20250111,2025-01-11,st-johns-ny,Villanova,2025,75.04160546446754,68.98054028949878
st-johns-ny_vs_georgetown_20250114,2025-01-14,st-johns-ny,Georgetown,2025,75.84588470065165,67.51867965627243
st-johns-ny_vs_xavier_20250122,2025-01-22,st-johns-ny,Xavier,2025,79.22807775676024,69.69496939920131
st-johns-ny_vs_providence_20250201,2025-02-01,st-johns-ny,Providence,2025,76.85333501105198,65.60755865973486
st-johns-ny_vs_marquette_20250204,2025-02-04,st-johns-ny,Marquette,2025,75.36291777659908,72.17251851694805
st-johns-ny_vs_creighton_20250216,2025-02-16,st-johns-ny,Creighton,2025,75.52334150379876,70.63424264398755
st-johns-ny_vs_connecticut_20250223,2025-02-23,st-johns-ny,Connecticut,2025,74.6628874461002,69.4622476187921
st-johns-ny_vs_seton hall_20250301,2025-03-01,st-johns-ny,Seton Hall,2025,79.08524094634257,56.70923697436866
stonehill_vs_bryant_20241121,2024-11-21,stonehill,Bryant,2025,72.64796413708561,85.08472937395399
stonehill_vs_texas a&mâcommerce_20241125,2024-11-25,stonehill,Texas A&MâCommerce,2025,72.60449311232581,67.15673590802368
stonehill_vs_quinnipiac_20241201,2024-12-01,stonehill,Quinnipiac,2025,70.38305177900344,75.56261102074677
stonehill_vs_new hampshire_20241222,2024-12-22,stonehill,New Hampshire,2025,73.59766044758862,64.54578931434831
stonehill_vs_liu_20250110,2025-01-10,stonehill,LIU,2025,68.17676868261097,66.57323675898441
stonehill_vs_chicago state_20250124,2025-01-24,stonehill,Chicago State,2025,71.5262081281169,61.89778222661823
stonehill_vs_wagner_20250130,2025-01-30,stonehill,Wagner,2025,67.04644039851142,61.47080949545702
stonehill_vs_central connecticut state_20250201,2025-02-01,stonehill,Central Connecticut State,2025,66.57888887829733,68.79436187591108
stonehill_vs_saint francis (pa)_20250213,2025-02-13,stonehill,Saint Francis (PA),2025,70.42148214130086,69.892189497351
stonehill_vs_mercyhurst_20250215,2025-02-15,stonehill,Mercyhurst,2025,68.80709794942365,63.86200820799429
stonehill_vs_le moyne_20250301,2025-03-01,stonehill,Le Moyne,2025,74.80665674368655,71.07208021946401
stony-brook_vs_yale_20241120,2024-11-20,stony-brook,Yale,2025,68.65695479579601,74.87716022387897
stony-brook_vs_norfolk state_20241201,2024-12-01,stony-brook,Norfolk State,2025,69.18834983630933,74.03958362573486
stony-brook_vs_marist_20241217,2024-12-17,stony-brook,Marist,2025,69.13417496047073,70.79107017308095
stony-brook_vs_maine_20241221,2024-12-21,stony-brook,Maine,2025,70.28245174891265,72.1316677991651
stony-brook_vs_william & mary_20250104,2025-01-04,stony-brook,William & Mary,2025,74.40231729354207,78.75624751332816
stony-brook_vs_drexel_20250109,2025-01-09,stony-brook,Drexel,2025,66.05922499618279,69.0784060788594
stony-brook_vs_northeastern_20250111,2025-01-11,stony-brook,Northeastern,2025,66.97949104708961,71.99556638974198
stony-brook_vs_campbell_20250123,2025-01-23,stony-brook,Campbell,2025,67.78421780968361,67.86352179803394
stony-brook_vs_north carolina a&t_20250125,2025-01-25,stony-brook,North Carolina A&T,2025,75.40715290404643,72.65133746252646
stony-brook_vs_towson_20250206,2025-02-06,stony-brook,Towson,2025,66.49745352491728,69.4489887013461
stony-brook_vs_monmouth_20250213,2025-02-13,stony-brook,Monmouth,2025,72.67037759480782,71.15437513827048
stony-brook_vs_hofstra_20250227,2025-02-27,stony-brook,Hofstra,2025,67.39456161066792,67.87039652188497
stony-brook_vs_elon_20250301,2025-03-01,stony-brook,Elon,2025,69.66854128443583,73.42309697631515
st-thomas-mn_vs_wofford_20241122,2024-11-22,st-thomas-mn,Wofford,2025,73.74380461253759,74.83553757796284
st-thomas-mn_vs_chicago state_20241202,2024-12-02,st-thomas-mn,Chicago State,2025,82.97576453295424,63.1422503567991
st-thomas-mn_vs_montana_20241207,2024-12-07,st-thomas-mn,Montana,2025,79.3444102708711,73.58757526234332
st-thomas-mn_vs_south dakota state_20250108,2025-01-08,st-thomas-mn,South Dakota State,2025,79.80763410773757,77.74148524387394
st-thomas-mn_vs_south dakota_20250111,2025-01-11,st-thomas-mn,South Dakota,2025,87.02737628042331,74.73232224976732
st-thomas-mn_vs_denver_20250118,2025-01-18,st-thomas-mn,Denver,2025,86.8402911635936,69.06955906309982
st-thomas-mn_vs_oral roberts_20250129,2025-01-29,st-thomas-mn,Oral Roberts,2025,82.73580007373316,71.28154867881508
st-thomas-mn_vs_north dakota state_20250202,2025-02-02,st-thomas-mn,North Dakota State,2025,74.95864756020926,76.86319988597032
st-thomas-mn_vs_omaha_20250215,2025-02-15,st-thomas-mn,Omaha,2025,80.1873341180074,75.81453027820164
st-thomas-mn_vs_north dakota_20250227,2025-02-27,st-thomas-mn,North Dakota,2025,85.6537956082408,76.9883705068738
st-thomas-mn_vs_kansas city_20250301,2025-03-01,st-thomas-mn,Kansas City,2025,79.24137073627278,70.55451591123595
syracuse_vs_youngstown state_20241116,2024-11-16,syracuse,Youngstown State,2025,79.16196615495696,65.92123415569196
syracuse_vs_texas_20241121,2024-11-21,syracuse,Texas,2025,77.25817966646574,82.02340749702851
syracuse_vs_texas tech_20241122,2024-11-22,syracuse,Texas Tech,2025,73.04268407116999,82.35473370293306
syracuse_vs_cornell_20241127,2024-11-27,syracuse,Cornell,2025,86.52027585698919,74.21443755515428
syracuse_vs_albany (ny)_20241210,2024-12-10,syracuse,Albany (NY),2025,83.06301801984326,72.80884616345622
syracuse_vs_georgetown_20241214,2024-12-14,syracuse,Georgetown,2025,77.39967766885034,75.85222687693341
syracuse_vs_bucknell_20241228,2024-12-28,syracuse,Bucknell,2025,85.00510978053414,72.41622799433655
syracuse_vs_wake forest_20241231,2024-12-31,syracuse,Wake Forest,2025,71.31154537577233,72.92895919002997
syracuse_vs_georgia tech_20250107,2025-01-07,syracuse,Georgia Tech,2025,78.48148138729746,78.15730194125003
syracuse_vs_louisville_20250114,2025-01-14,syracuse,Louisville,2025,73.00300866097824,82.15777332724463
syracuse_vs_notre dame_20250118,2025-01-18,syracuse,Notre Dame,2025,71.89802118498412,75.15367565000066
syracuse_vs_pittsburgh_20250125,2025-01-25,syracuse,Pittsburgh,2025,73.10571292825311,79.90194340243147
syracuse_vs_duke_20250205,2025-02-05,syracuse,Duke,2025,62.138620934955036,78.04686159427736
syracuse_vs_boston college_20250208,2025-02-08,syracuse,Boston College,2025,76.07339253598089,73.01512517755785
syracuse_vs_north carolina_20250215,2025-02-15,syracuse,North Carolina,2025,77.30670868536899,85.18865136358401
syracuse_vs_nc state_20250226,2025-02-26,syracuse,NC State,2025,72.03501235460607,71.3621267725273
syracuse_vs_virginia_20250308,2025-03-08,syracuse,Virginia,2025,69.17203013106948,68.29187810461605
tarleton-state_vs_florida a&m_20241229,2024-12-29,tarleton-state,Florida A&M,2025,72.76939479286746,68.39975256068514
tarleton-state_vs_ut arlington_20250104,2025-01-04,tarleton-state,UT Arlington,2025,68.27301799196194,76.84654839402366
tarleton-state_vs_california baptist_20250116,2025-01-16,tarleton-state,California Baptist,2025,68.64320699599789,75.77746660131386
tarleton-state_vs_utah tech_20250130,2025-01-30,tarleton-state,Utah Tech,2025,71.78931988109025,68.18854610143245
tarleton-state_vs_southern utah_20250201,2025-02-01,tarleton-state,Southern Utah,2025,70.48095820538582,67.50968850677982
tarleton-state_vs_grand canyon_20250213,2025-02-13,tarleton-state,Grand Canyon,2025,67.2740832131122,76.64223155489067
tarleton-state_vs_seattle_20250215,2025-02-15,tarleton-state,Seattle,2025,63.72406342573321,71.24685158634543
tarleton-state_vs_abilene christian_20250227,2025-02-27,tarleton-state,Abilene Christian,2025,66.04387684948418,67.4590440452075
tarleton-state_vs_utah valley_20250308,2025-03-08,tarleton-state,Utah Valley,2025,64.28302555333794,69.86835178577876
temple_vs_villanova_20241207,2024-12-07,temple,Villanova,2025,68.02321018188263,75.76317545614275
temple_vs_davidson_20241218,2024-12-18,temple,Davidson,2025,75.09768063419328,75.19685903786741
temple_vs_buffalo_20241229,2024-12-29,temple,Buffalo,2025,85.02001941651369,67.4217414479645
temple_vs_wichita state_20250103,2025-01-03,temple,Wichita State,2025,75.42129782435312,74.73438919644437
temple_vs_memphis_20250116,2025-01-16,temple,Memphis,2025,72.33190580196354,79.14685212006522
temple_vs_tulane_20250119,2025-01-19,temple,Tulane,2025,77.72812010921594,72.09368096107849
temple_vs_charlotte_20250129,2025-01-29,temple,Charlotte,2025,78.9255421464155,69.74221859483967
temple_vs_east carolina_20250201,2025-02-01,temple,East Carolina,2025,77.50580907232136,74.58953544393366
temple_vs_tulsa_20250212,2025-02-12,temple,Tulsa,2025,79.70706952520852,73.46735032619537
temple_vs_florida atlantic_20250216,2025-02-16,temple,Florida Atlantic,2025,80.30671052344874,78.65193449374499
temple_vs_south florida_20250226,2025-02-26,temple,South Florida,2025,79.60154474005644,75.38556301762459
temple_vs_north texas_20250309,2025-03-09,temple,North Texas,2025,67.0952778439439,73.67714654777268
temple_vs_tulsa_20250313,2025-03-13,temple,Tulsa,2025,76.75403827263987,74.10587223576279
tennessee_vs_austin peay_20241117,2024-11-17,tennessee,Austin Peay,2025,79.04758039245799,56.267447177935395
tennessee_vs_virginia_20241121,2024-11-21,tennessee,Virginia,2025,72.81247559653208,61.794903023855774
tennessee_vs_ut martin_20241127,2024-11-27,tennessee,UT Martin,2025,82.3936826258365,53.50069344821596
tennessee_vs_syracuse_20241203,2024-12-03,tennessee,Syracuse,2025,82.28727827019226,65.17714678598507
tennessee_vs_western carolina_20241217,2024-12-17,tennessee,Western Carolina,2025,89.28191180614812,56.00525568827467
tennessee_vs_middle tennessee_20241223,2024-12-23,tennessee,Middle Tennessee,2025,82.04952834129547,61.33716232912507
tennessee_vs_norfolk state_20241231,2024-12-31,tennessee,Norfolk State,2025,80.18225590806941,56.50937906319774
tennessee_vs_arkansas_20250104,2025-01-04,tennessee,Arkansas,2025,75.0620241580646,64.82936733131362
tennessee_vs_georgia_20250115,2025-01-15,tennessee,Georgia,2025,71.73798891489639,61.9067935372074
tennessee_vs_mississippi state_20250121,2025-01-21,tennessee,Mississippi State,2025,72.14435020576937,68.2541516554544
tennessee_vs_kentucky_20250128,2025-01-28,tennessee,Kentucky,2025,73.57353073670946,70.14078896537724
tennessee_vs_florida_20250201,2025-02-01,tennessee,Florida,2025,71.58944586236704,69.92583238518729
tennessee_vs_missouri_20250205,2025-02-05,tennessee,Missouri,2025,71.89499090340998,64.17152794839556
tennessee_vs_vanderbilt_20250215,2025-02-15,tennessee,Vanderbilt,2025,74.0720593382681,64.25322868149178
tennessee_vs_alabama_20250301,2025-03-01,tennessee,Alabama,2025,77.70671204872973,71.76709277895604
tennessee_vs_south carolina_20250308,2025-03-08,tennessee,South Carolina,2025,73.9333248223798,59.64620296643107
tennessee_vs_texas_20250314,2025-03-14,tennessee,Texas,2025,70.97857123116243,62.36577322372415
tennessee_vs_wofford_20250320,2025-03-20,tennessee,Wofford,2025,76.74343187881563,60.17786073028522
tennessee_vs_ucla_20250322,2025-03-22,tennessee,UCLA,2025,68.19182339170403,66.93013739412541
tennessee-martin_vs_little rock_20250102,2025-01-02,tennessee-martin,Little Rock,2025,71.43649942178328,70.12650187534759
tennessee-martin_vs_southeast missouri state_20250104,2025-01-04,tennessee-martin,Southeast Missouri State,2025,73.47863072425255,71.7150406774649
tennessee-martin_vs_eastern illinois_20250116,2025-01-16,tennessee-martin,Eastern Illinois,2025,75.76192271824327,69.5072077629575
tennessee-martin_vs_siu edwardsville_20250118,2025-01-18,tennessee-martin,SIU Edwardsville,2025,74.261565109112,72.07382346032202
tennessee-martin_vs_lindenwood_20250206,2025-02-06,tennessee-martin,Lindenwood,2025,77.36225179050278,70.804760392201
tennessee-martin_vs_western illinois_20250208,2025-02-08,tennessee-martin,Western Illinois,2025,75.5110626903188,67.19663639181962
tennessee-martin_vs_tennessee state_20250218,2025-02-18,tennessee-martin,Tennessee State,2025,78.59121777774868,76.10311093780439
tennessee-martin_vs_southern indiana_20250227,2025-02-27,tennessee-martin,Southern Indiana,2025,80.03815921407148,71.93754706664217
tennessee-martin_vs_morehead state_20250301,2025-03-01,tennessee-martin,Morehead State,2025,73.47691384552809,67.88550966990837
tennessee-state_vs_alabama a&m_20241116,2024-11-16,tennessee-state,Alabama A&M,2025,83.12631391541855,76.3489513014876
tennessee-state_vs_unc asheville_20241201,2024-12-01,tennessee-state,UNC Asheville,2025,78.65226896477014,79.67815876944853
tennessee-state_vs_southeast missouri state_20250102,2025-01-02,tennessee-state,Southeast Missouri State,2025,78.29064724620402,78.86434815962232
tennessee-state_vs_little rock_20250104,2025-01-04,tennessee-state,Little Rock,2025,71.12095851902006,73.403939336868
tennessee-state_vs_siu edwardsville_20250116,2025-01-16,tennessee-state,SIU Edwardsville,2025,73.24065281215482,73.30869751268402
tennessee-state_vs_eastern illinois_20250118,2025-01-18,tennessee-state,Eastern Illinois,2025,79.65572949055687,71.49030858623155
tennessee-state_vs_ut martin_20250121,2025-01-21,tennessee-state,UT Martin,2025,77.83589895402105,75.27248525854006
tennessee-state_vs_western illinois_20250206,2025-02-06,tennessee-state,Western Illinois,2025,77.47050016438925,68.3594212976411
tennessee-state_vs_lindenwood_20250208,2025-02-08,tennessee-state,Lindenwood,2025,79.81959321712058,70.49278573145527
tennessee-state_vs_morehead state_20250227,2025-02-27,tennessee-state,Morehead State,2025,76.57459912986899,68.97604552018666
tennessee-state_vs_southern indiana_20250301,2025-03-01,tennessee-state,Southern Indiana,2025,82.13281774053613,72.33750391039212
texas_vs_mississippi valley state_20241116,2024-11-16,texas,Mississippi Valley State,2025,90.72893692700279,57.047460505883514
texas_vs_delaware state_20241129,2024-11-29,texas,Delaware State,2025,82.74525485796687,60.742793723489
texas_vs_connecticut_20241208,2024-12-08,texas,Connecticut,2025,72.78698018740162,69.60110956779042
texas_vs_new mexico state_20241212,2024-12-12,texas,New Mexico State,2025,78.2229429360824,64.0919685078499
texas_vs_arkansasâpine bluff_20241215,2024-12-15,texas,ArkansasâPine Bluff,2025,89.88118243005827,62.91821520948116
texas_vs_new orleans_20241219,2024-12-19,texas,New Orleans,2025,88.05540989256626,63.90895448772173
texas_vs_northwestern state_20241229,2024-12-29,texas,Northwestern State,2025,80.43270399346046,61.35307880577609
texas_vs_auburn_20250107,2025-01-07,texas,Auburn,2025,66.8630785489281,73.74464494472616
texas_vs_tennessee_20250111,2025-01-11,texas,Tennessee,2025,65.24618472251052,67.69289892925664
texas_vs_missouri_20250121,2025-01-21,texas,Missouri,2025,71.29646186178009,71.99741352852018
texas_vs_texas a&m_20250125,2025-01-25,texas,Texas A&M,2025,69.4440441881206,70.1973093742961
texas_vs_arkansas_20250205,2025-02-05,texas,Arkansas,2025,74.2433441447716,67.91513372630682
texas_vs_alabama_20250211,2025-02-11,texas,Alabama,2025,77.25770668696067,77.13172622248125
texas_vs_kentucky_20250215,2025-02-15,texas,Kentucky,2025,77.45154787238104,76.52857856436403
texas_vs_georgia_20250301,2025-03-01,texas,Georgia,2025,71.80125463834885,70.28105296628027
texas_vs_oklahoma_20250308,2025-03-08,texas,Oklahoma,2025,73.69056786708498,72.13153561091778
texas_vs_vanderbilt_20250312,2025-03-12,texas,Vanderbilt,2025,73.35875837974056,74.91859043365372
texas_vs_texas a&m_20250313,2025-03-13,texas,Texas A&M,2025,67.77632796997663,71.82663057101793
texas_vs_xavier_20250319,2025-03-19,texas,Xavier,2025,72.21238976117019,73.71735826632172
texas-am_vs_ohio state_20241115,2024-11-15,texas-am,Ohio State,2025,74.73884926934781,66.72431166588908
texas-am_vs_southern_20241120,2024-11-20,texas-am,Southern,2025,87.17994047277557,61.60952335562673
texas-am_vs_wake forest_20241203,2024-12-03,texas-am,Wake Forest,2025,74.30781961495407,64.90915366652474
texas-am_vs_texas tech_20241208,2024-12-08,texas-am,Texas Tech,2025,72.65600385538612,71.47629328377216
texas-am_vs_abilene christian_20241228,2024-12-28,texas-am,Abilene Christian,2025,81.16338795784301,60.50762235084707
texas-am_vs_texas_20250104,2025-01-04,texas-am,Texas,2025,70.69876093501699,66.9688505732884
texas-am_vs_alabama_20250111,2025-01-11,texas-am,Alabama,2025,79.16171903413208,75.18612559864181
texas-am_vs_louisiana state_20250118,2025-01-18,texas-am,Louisiana State,2025,77.09210294869898,67.74352142513818
texas-am_vs_oklahoma_20250128,2025-01-28,texas-am,Oklahoma,2025,74.82228629686243,67.18106719679234
texas-am_vs_georgia_20250211,2025-02-11,texas-am,Georgia,2025,73.26221657389118,66.29308390285112
texas-am_vs_arkansas_20250215,2025-02-15,texas-am,Arkansas,2025,74.5558243183574,67.67895351459534
texas-am_vs_tennessee_20250222,2025-02-22,texas-am,Tennessee,2025,67.49129081808785,66.94068087583788
texas-am_vs_vanderbilt_20250226,2025-02-26,texas-am,Vanderbilt,2025,75.84171549376914,68.66635789056022
texas-am_vs_auburn_20250304,2025-03-04,texas-am,Auburn,2025,68.34432578656326,71.50243877700588
texas-am_vs_yale_20250320,2025-03-20,texas-am,Yale,2025,74.43360636812109,69.04118101156402
texas-am-commerce_vs_south alabama_20241215,2024-12-15,texas-am-commerce,South Alabama,2025,65.19234506381129,73.22302427215955
texas-am-commerce_vs_abilene christian_20241218,2024-12-18,texas-am-commerce,Abilene Christian,2025,68.77416995756722,77.52021301258063
texas-am-commerce_vs_mcneese state_20250104,2025-01-04,texas-am-commerce,McNeese State,2025,58.292681433440364,79.31148026792594
texas-am-commerce_vs_new orleans_20250118,2025-01-18,texas-am-commerce,New Orleans,2025,71.53501815608696,71.42868807953477
texas-am-commerce_vs_southeastern louisiana_20250120,2025-01-20,texas-am-commerce,Southeastern Louisiana,2025,66.95196480884172,73.25807341846394
texas-am-commerce_vs_northwestern state_20250201,2025-02-01,texas-am-commerce,Northwestern State,2025,64.7444772105438,71.16474695392117
texas-am-commerce_vs_texas a&mâcorpus christi_20250203,2025-02-03,texas-am-commerce,Texas A&MâCorpus Christi,2025,67.79721445064413,78.42654220634789
texas-am-commerce_vs_lamar_20250215,2025-02-15,texas-am-commerce,Lamar,2025,66.13572494338015,72.27143308702678
texas-am-commerce_vs_stephen f. austin_20250217,2025-02-17,texas-am-commerce,Stephen F. Austin,2025,64.77943612161576,67.86538560324466
texas-am-commerce_vs_incarnate word_20250301,2025-03-01,texas-am-commerce,Incarnate Word,2025,64.89604319360974,71.21648205193024
texas-am-corpus-christi_vs_ut martin_20241121,2024-11-21,texas-am-corpus-christi,UT Martin,2025,80.73259946192161,69.33751379968287
texas-am-corpus-christi_vs_le moyne_20241123,2024-11-23,texas-am-corpus-christi,Le Moyne,2025,82.35833093626059,70.6068751724078
texas-am-corpus-christi_vs_lamar_20241205,2024-12-05,texas-am-corpus-christi,Lamar,2025,81.99721607269868,74.96652613474461
texas-am-corpus-christi_vs_stephen f. austin_20241207,2024-12-07,texas-am-corpus-christi,Stephen F. Austin,2025,73.29093894359086,70.46935844738688
texas-am-corpus-christi_vs_northwestern state_20250113,2025-01-13,texas-am-corpus-christi,Northwestern State,2025,79.15211114478224,67.73682227201257
texas-am-corpus-christi_vs_mcneese state_20250127,2025-01-27,texas-am-corpus-christi,McNeese State,2025,68.43630953062934,75.2512162084475
texas-am-corpus-christi_vs_incarnate word_20250215,2025-02-15,texas-am-corpus-christi,Incarnate Word,2025,76.05501183940225,69.40754324214421
texas-am-corpus-christi_vs_southeastern louisiana_20250301,2025-03-01,texas-am-corpus-christi,Southeastern Louisiana,2025,74.5056391626107,71.2030812933715
texas-am-corpus-christi_vs_new orleans_20250303,2025-03-03,texas-am-corpus-christi,New Orleans,2025,81.43212354687677,69.01201198424079
texas-arlington_vs_louisianaâmonroe_20241214,2024-12-14,texas-arlington,LouisianaâMonroe,2025,81.60891444980483,69.63659825926298
texas-arlington_vs_evansville_20241218,2024-12-18,texas-arlington,Evansville,2025,79.16150990933386,72.80572565279739
texas-arlington_vs_utah valley_20250116,2025-01-16,texas-arlington,Utah Valley,2025,70.93749042489502,74.90819115271147
texas-arlington_vs_seattle_20250123,2025-01-23,texas-arlington,Seattle,2025,73.07051047909312,75.15914055772953
texas-arlington_vs_southern utah_20250130,2025-01-30,texas-arlington,Southern Utah,2025,80.94050263540325,72.44903155820275
texas-arlington_vs_utah tech_20250201,2025-02-01,texas-arlington,Utah Tech,2025,77.83670505891277,72.47667678710407
texas-arlington_vs_california baptist_20250213,2025-02-13,texas-arlington,California Baptist,2025,71.98214089912231,74.05028658827098
texas-arlington_vs_grand canyon_20250215,2025-02-15,texas-arlington,Grand Canyon,2025,71.10404604473533,77.95264366720947
texas-arlington_vs_tarleton state_20250222,2025-02-22,texas-arlington,Tarleton State,2025,73.72591840612102,66.96753225240793
texas-arlington_vs_abilene christian_20250301,2025-03-01,texas-arlington,Abilene Christian,2025,76.32376130955808,72.49065829709403
texas-christian_vs_alcorn state_20241119,2024-11-19,texas-christian,Alcorn State,2025,84.32562115506916,57.78539111376368
texas-christian_vs_xavier_20241205,2024-12-05,texas-christian,Xavier,2025,74.61733532377801,69.27250991913152
texas-christian_vs_vanderbilt_20241208,2024-12-08,texas-christian,Vanderbilt,2025,71.14414452761787,74.32792077163873
texas-christian_vs_south alabama_20241216,2024-12-16,texas-christian,South Alabama,2025,78.67520802862465,62.577125759985975
texas-christian_vs_montana state_20241222,2024-12-22,texas-christian,Montana State,2025,77.24310741303509,66.16626419683926
texas-christian_vs_kansas state_20250104,2025-01-04,texas-christian,Kansas State,2025,73.11954133799179,67.04397690073877
texas-christian_vs_brigham young_20250111,2025-01-11,texas-christian,Brigham Young,2025,69.06809988039987,68.14160443268432
texas-christian_vs_utah_20250115,2025-01-15,texas-christian,Utah,2025,71.88521423178614,69.14487412140772
texas-christian_vs_kansas_20250122,2025-01-22,texas-christian,Kansas,2025,64.42134373737274,69.78145529583045
texas-christian_vs_colorado_20250202,2025-02-02,texas-christian,Colorado,2025,72.84645333226418,65.85751667214379
texas-christian_vs_west virginia_20250205,2025-02-05,texas-christian,West Virginia,2025,64.16725137988709,67.58658009150085
texas-christian_vs_oklahoma state_20250212,2025-02-12,texas-christian,Oklahoma State,2025,72.823927391606,66.67455178180752
texas-christian_vs_texas tech_20250218,2025-02-18,texas-christian,Texas Tech,2025,67.41559153112603,70.16339150451138
texas-christian_vs_ucf_20250301,2025-03-01,texas-christian,UCF,2025,77.3986736597467,75.21767963742784
texas-christian_vs_baylor_20250304,2025-03-04,texas-christian,Baylor,2025,70.05370646659286,71.18182633101584
texas-el-paso_vs_seattle_20241207,2024-12-07,texas-el-paso,Seattle,2025,70.98189406309972,68.59286117576305
texas-el-paso_vs_tarleton state_20241216,2024-12-16,texas-el-paso,Tarleton State,2025,76.30112000030759,61.21628824588486
texas-el-paso_vs_jackson state_20241220,2024-12-20,texas-el-paso,Jackson State,2025,80.0738324478705,65.10884611581554
texas-el-paso_vs_yale_20241221,2024-12-21,texas-el-paso,Yale,2025,71.72762664385318,72.04685454270654
texas-el-paso_vs_louisiana tech_20250102,2025-01-02,texas-el-paso,Louisiana Tech,2025,71.79079331325453,69.91173351979273
texas-el-paso_vs_sam houston state_20250104,2025-01-04,texas-el-paso,Sam Houston State,2025,77.66102993967449,70.495312739353
texas-el-paso_vs_new mexico state_20250111,2025-01-11,texas-el-paso,New Mexico State,2025,72.51931148559432,66.1891803380624
texas-el-paso_vs_jacksonville state_20250123,2025-01-23,texas-el-paso,Jacksonville State,2025,73.96380182669203,68.36341696112031
texas-el-paso_vs_kennesaw state_20250125,2025-01-25,texas-el-paso,Kennesaw State,2025,78.1130278045161,70.88875394280169
texas-el-paso_vs_florida international_20250213,2025-02-13,texas-el-paso,Florida International,2025,78.44886216017885,66.82240997933467
texas-el-paso_vs_liberty_20250215,2025-02-15,texas-el-paso,Liberty,2025,67.61430037906388,67.84873243456728
texas-el-paso_vs_western kentucky_20250227,2025-02-27,texas-el-paso,Western Kentucky,2025,81.12236179838061,71.80702692445719
texas-el-paso_vs_middle tennessee_20250301,2025-03-01,texas-el-paso,Middle Tennessee,2025,72.15294799383881,70.95889204150157
texas-pan-american_vs_creighton_20241106,2024-11-06,texas-pan-american,Creighton,2025,68.09360230117015,89.88673445875337
texas-pan-american_vs_charleston southern_20241115,2024-11-15,texas-pan-american,Charleston Southern,2025,80.93703960916855,79.0997217980914
texas-pan-american_vs_wisconsin_20241118,2024-11-18,texas-pan-american,Wisconsin,2025,72.45333097490187,86.62628018385345
texas-pan-american_vs_le moyne_20241125,2024-11-25,texas-pan-american,Le Moyne,2025,83.15450498874678,72.96924313565594
texas-pan-american_vs_stephen f. austin_20241205,2024-12-05,texas-pan-american,Stephen F. Austin,2025,76.16088058339307,75.59874111577506
texas-pan-american_vs_lamar_20241207,2024-12-07,texas-pan-american,Lamar,2025,82.2049584286463,76.7761551430385
texas-pan-american_vs_southern utah_20241218,2024-12-18,texas-pan-american,Southern Utah,2025,80.79063126571077,78.0024815362012
texas-pan-american_vs_new orleans_20250104,2025-01-04,texas-pan-american,New Orleans,2025,80.59227695660927,74.51631005055006
texas-pan-american_vs_southeastern louisiana_20250106,2025-01-06,texas-pan-american,Southeastern Louisiana,2025,74.87982058501392,74.13569759889346
texas-pan-american_vs_texas a&mâcorpus christi_20250111,2025-01-11,texas-pan-american,Texas A&MâCorpus Christi,2025,76.46791501363927,79.22418164470878
texas-pan-american_vs_texas a&mâcommerce_20250113,2025-01-13,texas-pan-american,Texas A&MâCommerce,2025,80.45036841667252,70.43067079411983
texas-pan-american_vs_incarnate word_20250120,2025-01-20,texas-pan-american,Incarnate Word,2025,74.72438650815346,73.49119007673767
texas-pan-american_vs_mcneese state_20250125,2025-01-25,texas-pan-american,McNeese State,2025,68.2140786656959,77.4071348068731
texas-pan-american_vs_texas a&mâcorpus christi_20250201,2025-02-01,texas-pan-american,Texas A&MâCorpus Christi,2025,76.70292812744951,80.00216514089712
texas-pan-american_vs_northwestern state_20250203,2025-02-03,texas-pan-american,Northwestern State,2025,71.60382444051959,71.90039355646742
texas-pan-american_vs_lamar_20250208,2025-02-08,texas-pan-american,Lamar,2025,70.24986830196028,76.82812154349459
texas-pan-american_vs_stephen f. austin_20250210,2025-02-10,texas-pan-american,Stephen F. Austin,2025,71.89885414108622,70.97962818305363
texas-pan-american_vs_incarnate word_20250217,2025-02-17,texas-pan-american,Incarnate Word,2025,76.20497530641578,73.04119516618455
texas-pan-american_vs_mcneese state_20250224,2025-02-24,texas-pan-american,McNeese State,2025,67.34910812061743,79.02434686225627
texas-pan-american_vs_new orleans_20250301,2025-03-01,texas-pan-american,New Orleans,2025,81.65302738163368,72.47832117852148
texas-pan-american_vs_southeastern louisiana_20250303,2025-03-03,texas-pan-american,Southeastern Louisiana,2025,74.98554840339568,75.62193701561938
texas-san-antonio_vs_little rock_20241116,2024-11-16,texas-san-antonio,Little Rock,2025,79.43641835117407,76.30130576712708
texas-san-antonio_vs_north dakota_20241213,2024-12-13,texas-san-antonio,North Dakota,2025,78.29133955812203,73.09456605232782
texas-san-antonio_vs_tulsa_20250107,2025-01-07,texas-san-antonio,Tulsa,2025,78.4487659522129,75.38638463368633
texas-san-antonio_vs_wichita state_20250111,2025-01-11,texas-san-antonio,Wichita State,2025,75.60542394613606,81.1582171177847
texas-san-antonio_vs_north texas_20250118,2025-01-18,texas-san-antonio,North Texas,2025,65.51326784816075,72.49971804331499
texas-san-antonio_vs_temple_20250125,2025-01-25,texas-san-antonio,Temple,2025,76.81502603812596,79.81128649989067
texas-san-antonio_vs_tulane_20250205,2025-02-05,texas-san-antonio,Tulane,2025,75.28273577347896,74.58026647878745
texas-san-antonio_vs_east carolina_20250208,2025-02-08,texas-san-antonio,East Carolina,2025,77.49724852257607,77.00511104121877
texas-san-antonio_vs_south florida_20250219,2025-02-19,texas-san-antonio,South Florida,2025,77.63010870840503,75.10023764742833
texas-san-antonio_vs_rice_20250302,2025-03-02,texas-san-antonio,Rice,2025,72.56958902310649,72.93389502363513
texas-san-antonio_vs_memphis_20250304,2025-03-04,texas-san-antonio,Memphis,2025,72.76858180713164,80.46270597810482
texas-southern_vs_texas state_20241201,2024-12-01,texas-southern,Texas State,2025,72.56372295452616,73.21869464959731
texas-southern_vs_southern_20250104,2025-01-04,texas-southern,Southern,2025,75.33623171676345,76.5130353629093
texas-southern_vs_alcorn state_20250118,2025-01-18,texas-southern,Alcorn State,2025,73.49565557703548,69.0600523173273
texas-southern_vs_jackson state_20250120,2025-01-20,texas-southern,Jackson State,2025,75.19076972011389,73.62612572690261
texas-southern_vs_florida a&m_20250208,2025-02-08,texas-southern,Florida A&M,2025,77.0731765387228,70.55225546610535
texas-southern_vs_bethune-cookman_20250210,2025-02-10,texas-southern,Bethune-Cookman,2025,69.99396733784708,70.40477284169644
texas-southern_vs_mississippi valley state_20250222,2025-02-22,texas-southern,Mississippi Valley State,2025,75.22774128843291,59.3467060196109
texas-southern_vs_arkansasâpine bluff_20250224,2025-02-24,texas-southern,ArkansasâPine Bluff,2025,80.64123343458584,71.36903876171353
texas-state_vs_rice_20241208,2024-12-08,texas-state,Rice,2025,70.51580181620376,65.44258083451686
texas-state_vs_georgia southern_20241221,2024-12-21,texas-state,Georgia Southern,2025,79.5055435018728,72.57907771318168
texas-state_vs_ut arlington_20241229,2024-12-29,texas-state,UT Arlington,2025,76.26570751765415,71.13190878020137
texas-state_vs_georgia state_20250115,2025-01-15,texas-state,Georgia State,2025,77.37098140269809,71.00325631093261
texas-state_vs_southern mississippi_20250118,2025-01-18,texas-state,Southern Mississippi,2025,80.06629153309005,72.45772121573543
texas-state_vs_louisiana_20250130,2025-01-30,texas-state,Louisiana,2025,77.72604963600084,70.8888254650624
texas-state_vs_arkansas state_20250201,2025-02-01,texas-state,Arkansas State,2025,74.98674599322499,78.40810164408617
texas-state_vs_louisianaâmonroe_20250219,2025-02-19,texas-state,LouisianaâMonroe,2025,77.20458575243667,67.1668452841924
texas-state_vs_south alabama_20250222,2025-02-22,texas-state,South Alabama,2025,70.7424201779308,71.65675172131664
texas-state_vs_troy_20250225,2025-02-25,texas-state,Troy,2025,70.97581712888281,75.27180229388046
texas-state_vs_james madison_20250228,2025-02-28,texas-state,James Madison,2025,72.11394140133399,73.79952063171366
texas-tech_vs_arkansasâpine bluff_20241118,2024-11-18,texas-tech,ArkansasâPine Bluff,2025,92.68556404752754,60.18380265919499
texas-tech_vs_northern colorado_20241129,2024-11-29,texas-tech,Northern Colorado,2025,85.52567672503909,69.00067411333596
texas-tech_vs_depaul_20241204,2024-12-04,texas-tech,DePaul,2025,82.31077910708771,70.75470300288077
texas-tech_vs_oral roberts_20241216,2024-12-16,texas-tech,Oral Roberts,2025,86.87818133299095,63.39810447873022
texas-tech_vs_lamar_20241221,2024-12-21,texas-tech,Lamar,2025,84.9516018259378,63.276905598210504
texas-tech_vs_ucf_20241231,2024-12-31,texas-tech,UCF,2025,83.0472000802455,70.22422068669891
texas-tech_vs_iowa state_20250111,2025-01-11,texas-tech,Iowa State,2025,74.2425477292328,75.51702567226414
texas-tech_vs_arizona_20250118,2025-01-18,texas-tech,Arizona,2025,76.22206065243864,76.70620521171301
texas-tech_vs_oklahoma state_20250126,2025-01-26,texas-tech,Oklahoma State,2025,83.28553216128972,66.92718950173403
texas-tech_vs_tcu_20250129,2025-01-29,texas-tech,TCU,2025,75.2354800796133,65.03118390975223
texas-tech_vs_baylor_20250204,2025-02-04,texas-tech,Baylor,2025,76.28030659524786,70.3863879447261
texas-tech_vs_arizona state_20250212,2025-02-12,texas-tech,Arizona State,2025,77.37847651726456,68.13948737142712
texas-tech_vs_west virginia_20250222,2025-02-22,texas-tech,West Virginia,2025,75.31305278505927,67.27286094307014
texas-tech_vs_houston_20250224,2025-02-24,texas-tech,Houston,2025,71.84246594005305,68.72247511351287
texas-tech_vs_colorado_20250305,2025-03-05,texas-tech,Colorado,2025,82.24053627319557,64.45147378063103
toledo_vs_oakland_20241130,2024-11-30,toledo,Oakland,2025,76.1789463095527,71.63011990358592
toledo_vs_eastern michigan_20250107,2025-01-07,toledo,Eastern Michigan,2025,76.03238520802016,72.89859338597776
toledo_vs_central michigan_20250110,2025-01-10,toledo,Central Michigan,2025,80.69611409266233,74.4418774656195
toledo_vs_kent state_20250121,2025-01-21,toledo,Kent State,2025,70.8444115518928,70.79788706860212
toledo_vs_northern illinois_20250201,2025-02-01,toledo,Northern Illinois,2025,83.51423227324565,69.64546831167179
toledo_vs_buffalo_20250204,2025-02-04,toledo,Buffalo,2025,85.73538733951634,74.59193172523145
toledo_vs_james madison_20250208,2025-02-08,toledo,James Madison,2025,74.78381897113499,75.00305605201831
toledo_vs_ball state_20250218,2025-02-18,toledo,Ball State,2025,77.68583805603605,76.19519818302862
toledo_vs_bowling green_20250221,2025-02-21,toledo,Bowling Green,2025,81.81398939910636,75.65599131026556
toledo_vs_akron_20250304,2025-03-04,toledo,Akron,2025,79.95069052271973,84.995031221495
toledo_vs_ohio_20250307,2025-03-07,toledo,Ohio,2025,80.50175145993641,80.17451417987284
towson_vs_james madison_20241116,2024-11-16,towson,James Madison,2025,73.46597360511183,68.35723107152378
towson_vs_umbc_20241207,2024-12-07,towson,UMBC,2025,75.0300731214661,67.99758223154467
towson_vs_bryant_20241222,2024-12-22,towson,Bryant,2025,71.15452276437027,75.31434300833982
towson_vs_northeastern_20250109,2025-01-09,towson,Northeastern,2025,65.99034588033047,65.65274369660878
towson_vs_hofstra_20250116,2025-01-16,towson,Hofstra,2025,65.58725692132039,66.01933954846109
towson_vs_stony brook_20250118,2025-01-18,towson,Stony Brook,2025,74.02426345189393,64.33495703169068
towson_vs_north carolina a&t_20250123,2025-01-23,towson,North Carolina A&T,2025,75.88467185041983,70.25189438607617
towson_vs_drexel_20250201,2025-02-01,towson,Drexel,2025,66.80128570340537,64.7046962827285
towson_vs_delaware_20250213,2025-02-13,towson,Delaware,2025,75.3492716427135,70.39256626613863
towson_vs_monmouth_20250215,2025-02-15,towson,Monmouth,2025,73.6607927918832,68.10696034770575
towson_vs_william & mary_20250227,2025-02-27,towson,William & Mary,2025,75.00817205924137,70.5933432729174
towson_vs_hampton_20250301,2025-03-01,towson,Hampton,2025,68.04987425225512,67.80710621665514
troy_vs_utsa_20241125,2024-11-25,troy,UTSA,2025,81.97839704673575,72.86256526365374
troy_vs_merrimack_20241129,2024-11-29,troy,Merrimack,2025,73.18374258453174,60.5994216062733
troy_vs_eastern kentucky_20241201,2024-12-01,troy,Eastern Kentucky,2025,74.46330704530867,69.68963058518767
troy_vs_georgia state_20241221,2024-12-21,troy,Georgia State,2025,77.35125811195378,67.73904001507772
troy_vs_texas state_20250109,2025-01-09,troy,Texas State,2025,73.8703948042421,66.91037405856537
troy_vs_arkansas state_20250111,2025-01-11,troy,Arkansas State,2025,74.09916605045282,71.29945828541854
troy_vs_south alabama_20250125,2025-01-25,troy,South Alabama,2025,68.08373820715786,65.54268182598678
troy_vs_southern mississippi_20250127,2025-01-27,troy,Southern Mississippi,2025,78.68525486327378,65.21693173622212
troy_vs_georgia southern_20250130,2025-01-30,troy,Georgia Southern,2025,78.14655548499076,65.11006029252228
troy_vs_louisianaâmonroe_20250201,2025-02-01,troy,LouisianaâMonroe,2025,78.49126935269896,62.67225126615599
troy_vs_louisiana_20250220,2025-02-20,troy,Louisiana,2025,77.57102928715295,61.81995128657772
troy_vs_coastal carolina_20250222,2025-02-22,troy,Coastal Carolina,2025,75.17870564294971,58.880552829466716
tulane_vs_bethune-cookman_20241119,2024-11-19,tulane,Bethune-Cookman,2025,77.56338990469249,68.23195240187223
tulane_vs_new orleans_20241122,2024-11-22,tulane,New Orleans,2025,80.11201893628336,66.60164741023041
tulane_vs_wyoming_20241126,2024-11-26,tulane,Wyoming,2025,70.76950732678678,73.17598016513485
tulane_vs_southeastern louisiana_20241202,2024-12-02,tulane,Southeastern Louisiana,2025,75.23486275600857,67.28281821985331
tulane_vs_southern mississippi_20241210,2024-12-10,tulane,Southern Mississippi,2025,79.3890389869544,71.36463628778955
tulane_vs_utsa_20250104,2025-01-04,tulane,UTSA,2025,79.064816754257,73.26188914674809
tulane_vs_south florida_20250111,2025-01-11,tulane,South Florida,2025,73.02650211087106,73.54509486714663
tulane_vs_florida atlantic_20250115,2025-01-15,tulane,Florida Atlantic,2025,79.0606861010684,76.86683664877356
tulane_vs_memphis_20250130,2025-01-30,tulane,Memphis,2025,72.07307215850241,77.20470922925666
tulane_vs_tulsa_20250202,2025-02-02,tulane,Tulsa,2025,77.75535419881135,69.02885551138745
tulane_vs_rice_20250215,2025-02-15,tulane,Rice,2025,74.90505812725934,67.72847503399446
tulane_vs_east carolina_20250219,2025-02-19,tulane,East Carolina,2025,74.98998146657485,72.88804171135214
tulane_vs_charlotte_20250226,2025-02-26,tulane,Charlotte,2025,78.04737918275129,69.32029949673174
tulane_vs_uab_20250309,2025-03-09,tulane,UAB,2025,75.43252006785221,77.41736461260112
tulsa_vs_little rock_20241120,2024-11-20,tulsa,Little Rock,2025,84.76403878117951,75.17862675478746
tulsa_vs_oklahoma state_20241204,2024-12-04,tulsa,Oklahoma State,2025,74.66025667762983,80.20566444213263
tulsa_vs_southern_20241207,2024-12-07,tulsa,Southern,2025,78.0943786506256,76.29893155800455
tulsa_vs_mississippi valley state_20241221,2024-12-21,tulsa,Mississippi Valley State,2025,79.42265962435363,59.98938656542571
tulsa_vs_rice_20250101,2025-01-01,tulsa,Rice,2025,71.96660251359965,71.75620764493641
tulsa_vs_charlotte_20250112,2025-01-12,tulsa,Charlotte,2025,74.19067953735093,73.83038549903948
tulsa_vs_east carolina_20250121,2025-01-21,tulsa,East Carolina,2025,69.52656482382665,74.91508056825643
tulsa_vs_wichita state_20250126,2025-01-26,tulsa,Wichita State,2025,72.69734212405267,74.05374183613206
tulsa_vs_uab_20250129,2025-01-29,tulsa,UAB,2025,76.88856850541073,81.41840364164815
tulsa_vs_florida atlantic_20250208,2025-02-08,tulsa,Florida Atlantic,2025,75.90152688662637,79.46401536283788
tulsa_vs_utsa_20250215,2025-02-15,tulsa,UTSA,2025,74.28231759155452,77.16373686976792
tulsa_vs_tulane_20250301,2025-03-01,tulsa,Tulane,2025,68.39853910777379,74.8993250307544
tulsa_vs_temple_20250304,2025-03-04,tulsa,Temple,2025,73.29330573595844,76.13273707125484
ucla_vs_lehigh_20241115,2024-11-15,ucla,Lehigh,2025,81.12436424249509,59.4540203325528
ucla_vs_idaho state_20241120,2024-11-20,ucla,Idaho State,2025,79.89350188383325,59.046897397878105
ucla_vs_cal state fullerton_20241122,2024-11-22,ucla,Cal State Fullerton,2025,77.23992391967045,56.28578246724013
ucla_vs_southern utah_20241126,2024-11-26,ucla,Southern Utah,2025,81.19043586690461,63.55679056686552
ucla_vs_washington_20241203,2024-12-03,ucla,Washington,2025,74.79594627909329,65.83938733141548
ucla_vs_michigan_20250107,2025-01-07,ucla,Michigan,2025,72.05031562938831,70.79897849570814
ucla_vs_iowa_20250117,2025-01-17,ucla,Iowa,2025,79.78033164661711,74.16960304596387
ucla_vs_wisconsin_20250121,2025-01-21,ucla,Wisconsin,2025,72.11441245451165,67.84378117750447
ucla_vs_oregon_20250130,2025-01-30,ucla,Oregon,2025,73.74663593849998,67.44022063294453
ucla_vs_michigan state_20250204,2025-02-04,ucla,Michigan State,2025,70.33207775530816,68.46561759058734
ucla_vs_penn state_20250208,2025-02-08,ucla,Penn State,2025,76.54664223178882,68.4277047798846
ucla_vs_minnesota_20250218,2025-02-18,ucla,Minnesota,2025,73.29627256448377,63.1946910639968
ucla_vs_ohio state_20250223,2025-02-23,ucla,Ohio State,2025,73.34888674849674,67.82406482244211
ucla_vs_southern california_20250308,2025-03-08,ucla,Southern California,2025,74.32993942047231,66.49553454664083
ucla_vs_wisconsin_20250314,2025-03-14,ucla,Wisconsin,2025,70.2250055163969,70.0113629742427
ucla_vs_utah state_20250320,2025-03-20,ucla,Utah State,2025,71.30313084692544,66.2315578239595
utah_vs_utah tech_20241122,2024-11-22,utah,Utah Tech,2025,87.36446356510238,65.58295546941102
utah_vs_mississippi valley state_20241126,2024-11-26,utah,Mississippi Valley State,2025,86.02780313948779,57.136936166879224
utah_vs_eastern washington_20241130,2024-11-30,utah,Eastern Washington,2025,85.7484210448903,64.70837841944325
utah_vs_radford_20241214,2024-12-14,utah,Radford,2025,79.73510408893912,66.40768029753885
utah_vs_florida a&m_20241217,2024-12-17,utah,Florida A&M,2025,88.94237477700348,64.7227112935317
utah_vs_texas tech_20250104,2025-01-04,utah,Texas Tech,2025,73.02061757021826,75.00287321298822
utah_vs_oklahoma state_20250111,2025-01-11,utah,Oklahoma State,2025,75.99144610443714,69.62996203920115
utah_vs_brigham young_20250118,2025-01-18,utah,Brigham Young,2025,74.53774852837722,74.13613626620591
utah_vs_baylor_20250125,2025-01-25,utah,Baylor,2025,71.124237396937,75.12426639053133
utah_vs_cincinnati_20250128,2025-01-28,utah,Cincinnati,2025,66.50785282468065,66.66422903389224
utah_vs_colorado_20250205,2025-02-05,utah,Colorado,2025,75.21647827827242,69.70045067215122
utah_vs_kansas_20250215,2025-02-15,utah,Kansas,2025,69.12721823651205,75.59916034611965
utah_vs_kansas state_20250217,2025-02-17,utah,Kansas State,2025,71.93542428387364,71.0574152612825
utah_vs_arizona state_20250301,2025-03-01,utah,Arizona State,2025,75.50648860210121,71.78533356615068
utah_vs_west virginia_20250304,2025-03-04,utah,West Virginia,2025,68.05992373685103,68.60803470415647
utah-state_vs_montana_20241118,2024-11-18,utah-state,Montana,2025,83.3381264088899,63.29992377538668
utah-state_vs_wyoming_20241204,2024-12-04,utah-state,Wyoming,2025,82.1532276059799,67.27175592346593
utah-state_vs_utah tech_20241207,2024-12-07,utah-state,Utah Tech,2025,86.1226781386934,63.477559012887376
utah-state_vs_south florida_20241214,2024-12-14,utah-state,South Florida,2025,84.10339686589192,70.34136610361753
utah-state_vs_fresno state_20250104,2025-01-04,utah-state,Fresno State,2025,89.90896741871276,67.70782156775978
utah-state_vs_boise state_20250111,2025-01-11,utah-state,Boise State,2025,74.10070549017678,70.51720056615297
utah-state_vs_nevada_20250122,2025-01-22,utah-state,Nevada,2025,74.48449922449929,68.12877718987357
utah-state_vs_unlv_20250129,2025-01-29,utah-state,UNLV,2025,77.15392688483634,66.61700862659816
utah-state_vs_new mexico_20250201,2025-02-01,utah-state,New Mexico,2025,81.97281476615048,77.65585813590498
utah-state_vs_colorado state_20250211,2025-02-11,utah-state,Colorado State,2025,75.98817548630245,69.57087627470236
utah-state_vs_san jose state_20250219,2025-02-19,utah-state,San Jose State,2025,83.21649889745217,70.16338424051433
utah-state_vs_san diego state_20250222,2025-02-22,utah-state,San Diego State,2025,73.74784648164668,68.07467369096037
utah-state_vs_air force_20250308,2025-03-08,utah-state,Air Force,2025,80.86181229891358,63.7273491338941
utah-valley_vs_west georgia_20241126,2024-11-26,utah-valley,West Georgia,2025,79.27455188394721,64.09720139072424
utah-valley_vs_north dakota_20241211,2024-12-11,utah-valley,North Dakota,2025,78.24043905833489,68.09472976003765
utah-valley_vs_abilene christian_20250104,2025-01-04,utah-valley,Abilene Christian,2025,72.54241268397939,66.64172229105792
utah-valley_vs_grand canyon_20250109,2025-01-09,utah-valley,Grand Canyon,2025,70.59813674740117,73.63952089778577
utah-valley_vs_california baptist_20250111,2025-01-11,utah-valley,California Baptist,2025,74.82333801233408,69.90680832607924
utah-valley_vs_utah tech_20250118,2025-01-18,utah-valley,Utah Tech,2025,77.40338010753476,66.40534583112272
utah-valley_vs_ut arlington_20250206,2025-02-06,utah-valley,UT Arlington,2025,78.80223945678286,70.21161962112323
utah-valley_vs_tarleton state_20250208,2025-02-08,utah-valley,Tarleton State,2025,75.21594596119465,61.53113896799581
utah-valley_vs_seattle_20250222,2025-02-22,utah-valley,Seattle,2025,74.62825579018117,69.89179467425089
utah-valley_vs_southern utah_20250301,2025-03-01,utah-valley,Southern Utah,2025,79.10518979355496,66.08279799232594
valparaiso_vs_lindenwood_20241121,2024-11-21,valparaiso,Lindenwood,2025,77.70133756548809,72.55448046124253
valparaiso_vs_eastern illinois_20241124,2024-11-24,valparaiso,Eastern Illinois,2025,79.66991571454892,73.02296368280135
valparaiso_vs_northern illinois_20241127,2024-11-27,valparaiso,Northern Illinois,2025,78.25723761704862,71.33320397615762
valparaiso_vs_drake_20241205,2024-12-05,valparaiso,Drake,2025,64.68654708385866,73.50105042611563
valparaiso_vs_central michigan_20241214,2024-12-14,valparaiso,Central Michigan,2025,76.14612378182738,74.50918842383736
valparaiso_vs_northern iowa_20250104,2025-01-04,valparaiso,Northern Iowa,2025,70.1018580492043,77.21630578401626
valparaiso_vs_indiana state_20250108,2025-01-08,valparaiso,Indiana State,2025,81.59570886496145,78.9945649848336
valparaiso_vs_illinoisâchicago_20250118,2025-01-18,valparaiso,IllinoisâChicago,2025,74.92286254104914,77.83964433743817
valparaiso_vs_evansville_20250125,2025-01-25,valparaiso,Evansville,2025,73.22436779889705,66.45168896997706
valparaiso_vs_southern illinois_20250128,2025-01-28,valparaiso,Southern Illinois,2025,74.07304308881304,74.59255225675264
valparaiso_vs_murray state_20250208,2025-02-08,valparaiso,Murray State,2025,73.17019420160904,74.12771865087537
valparaiso_vs_belmont_20250212,2025-02-12,valparaiso,Belmont,2025,75.67767554439658,79.36659822498846
valparaiso_vs_missouri state_20250219,2025-02-19,valparaiso,Missouri State,2025,72.8289813301413,72.35912596193305
valparaiso_vs_bradley_20250226,2025-02-26,valparaiso,Bradley,2025,71.615984502199,77.28995517585503
vanderbilt_vs_jackson state_20241116,2024-11-16,vanderbilt,Jackson State,2025,90.46645842871281,64.11136125571682
vanderbilt_vs_the citadel_20241218,2024-12-18,vanderbilt,The Citadel,2025,88.2756463021732,66.62699213524873
vanderbilt_vs_austin peay_20241221,2024-12-21,vanderbilt,Austin Peay,2025,84.37632412866388,62.61869935486479
vanderbilt_vs_new orleans_20241230,2024-12-30,vanderbilt,New Orleans,2025,89.58894408375643,66.8794643798687
vanderbilt_vs_mississippi state_20250107,2025-01-07,vanderbilt,Mississippi State,2025,76.77121245312627,77.04766108978738
vanderbilt_vs_south carolina_20250115,2025-01-15,vanderbilt,South Carolina,2025,75.07421535171594,69.55408491820346
vanderbilt_vs_tennessee_20250118,2025-01-18,vanderbilt,Tennessee,2025,65.0199731820966,71.50761408185298
vanderbilt_vs_kentucky_20250125,2025-01-25,vanderbilt,Kentucky,2025,81.00446645501133,78.12131504961471
vanderbilt_vs_texas_20250208,2025-02-08,vanderbilt,Texas,2025,72.78949487998953,71.58917562529533
vanderbilt_vs_auburn_20250211,2025-02-11,vanderbilt,Auburn,2025,72.69005016927028,75.63425400682178
vanderbilt_vs_missouri_20250301,2025-03-01,vanderbilt,Missouri,2025,75.2419696788458,73.93620848006049
vanderbilt_vs_arkansas_20250304,2025-03-04,vanderbilt,Arkansas,2025,80.1419096645858,71.48521590520153
vermont_vs_auburn_20241106,2024-11-06,vermont,Auburn,2025,65.09108735447003,74.05781055862407
vermont_vs_buffalo_20241119,2024-11-19,vermont,Buffalo,2025,79.61696511084489,63.63838385278937
vermont_vs_northeastern_20241130,2024-11-30,vermont,Northeastern,2025,68.12639466083809,62.85726554429094
vermont_vs_brown_20241203,2024-12-03,vermont,Brown,2025,69.30145816210548,65.71156812958816
vermont_vs_miami (oh)_20241218,2024-12-18,vermont,Miami (OH),2025,68.30333155946879,68.59758772552497
vermont_vs_binghamton_20250116,2025-01-16,vermont,Binghamton,2025,69.71851821986112,62.756329469905886
vermont_vs_njit_20250123,2025-01-23,vermont,NJIT,2025,67.73277089401277,60.14807527988864
vermont_vs_umbc_20250125,2025-01-25,vermont,UMBC,2025,73.3756138112539,68.3235833541129
vermont_vs_maine_20250201,2025-02-01,vermont,Maine,2025,65.31074237869379,64.78244875853613
vermont_vs_new hampshire_20250213,2025-02-13,vermont,New Hampshire,2025,70.80191887764269,61.349790770889406
vermont_vs_bryant_20250220,2025-02-20,vermont,Bryant,2025,70.7485805245306,73.66012047257941
vermont_vs_umass lowell_20250222,2025-02-22,vermont,UMass Lowell,2025,73.50989843609972,67.97498502835572
vermont_vs_albany (ny)_20250304,2025-03-04,vermont,Albany (NY),2025,72.39833360607291,65.54016830895716
vermont_vs_new hampshire_20250308,2025-03-08,vermont,New Hampshire,2025,74.23496143921226,61.35142621827242
vermont_vs_maine_20250311,2025-03-11,vermont,Maine,2025,67.2584227802138,64.72453815166124
villanova_vs_columbia_20241106,2024-11-06,villanova,Columbia,2025,81.83158496754511,68.07229679445591
villanova_vs_virginia_20241115,2024-11-15,villanova,Virginia,2025,66.63083382401153,64.33210399765395
villanova_vs_pennsylvania_20241119,2024-11-19,villanova,Pennsylvania,2025,78.73078931989842,62.009509358019784
villanova_vs_rider_20241127,2024-11-27,villanova,Rider,2025,76.84671997048866,60.689944847044984
villanova_vs_cincinnati_20241203,2024-12-03,villanova,Cincinnati,2025,65.93522194955501,68.2735336749861
villanova_vs_seton hall_20241217,2024-12-17,villanova,Seton Hall,2025,70.26042244409676,60.0721915392069
villanova_vs_depaul_20250104,2025-01-04,villanova,DePaul,2025,75.5629203443889,71.07969589239107
villanova_vs_connecticut_20250108,2025-01-08,villanova,Connecticut,2025,73.42543560755668,73.29237745210015
villanova_vs_providence_20250117,2025-01-17,villanova,Providence,2025,76.10756157529815,68.68745055192682
villanova_vs_georgetown_20250120,2025-01-20,villanova,Georgetown,2025,73.31348148636974,66.89280005452406
villanova_vs_creighton_20250201,2025-02-01,villanova,Creighton,2025,71.37976584384214,73.03490043325583
villanova_vs_xavier_20250209,2025-02-09,villanova,Xavier,2025,73.47483603381313,70.03764255727228
villanova_vs_st. john's (ny)_20250212,2025-02-12,villanova,St. John's (NY),2025,70.44812376883931,71.70850321834091
villanova_vs_marquette_20250221,2025-02-21,villanova,Marquette,2025,71.80699107420604,70.45491823493835
villanova_vs_butler_20250301,2025-03-01,villanova,Butler,2025,74.51599890821127,68.60097553819872
virginia_vs_manhattan_20241126,2024-11-26,virginia,Manhattan,2025,72.04536057082868,57.9314348095631
virginia_vs_holy cross_20241129,2024-11-29,virginia,Holy Cross,2025,72.07994988556979,59.187711947141665
virginia_vs_bethune-cookman_20241212,2024-12-12,virginia,Bethune-Cookman,2025,70.7709413016031,58.44449411725219
virginia_vs_memphis_20241218,2024-12-18,virginia,Memphis,2025,65.58878236400365,67.94052085743608
virginia_vs_american_20241222,2024-12-22,virginia,American,2025,69.42948584496587,58.726397899971275
virginia_vs_nc state_20241231,2024-12-31,virginia,NC State,2025,63.28034895826774,63.7169223565382
virginia_vs_louisville_20250104,2025-01-04,virginia,Louisville,2025,62.855669294608376,68.50710824377471
virginia_vs_smu_20250115,2025-01-15,virginia,SMU,2025,64.16336491435158,70.45675593224985
virginia_vs_boston college_20250121,2025-01-21,virginia,Boston College,2025,68.4640294959707,63.25740204807297
virginia_vs_notre dame_20250125,2025-01-25,virginia,Notre Dame,2025,64.0182356427312,65.70488639084337
virginia_vs_virginia tech_20250201,2025-02-01,virginia,Virginia Tech,2025,67.98850985356768,63.118540894726706
virginia_vs_georgia tech_20250208,2025-02-08,virginia,Georgia Tech,2025,68.55892104818436,64.92997289607291
virginia_vs_duke_20250217,2025-02-17,virginia,Duke,2025,59.69198891491422,74.22585579008802
virginia_vs_clemson_20250301,2025-03-01,virginia,Clemson,2025,66.00607401000664,71.86567785955927
virginia_vs_florida state_20250304,2025-03-04,virginia,Florida State,2025,70.44918565312608,66.4613153512199
virginia-commonwealth_vs_loyola (md)_20241116,2024-11-16,virginia-commonwealth,Loyola (MD),2025,84.58849949255531,61.876245753382186
virginia-commonwealth_vs_georgia southern_20241204,2024-12-04,virginia-commonwealth,Georgia Southern,2025,81.70405015495469,64.42411742200298
virginia-commonwealth_vs_pennsylvania_20241209,2024-12-09,virginia-commonwealth,Pennsylvania,2025,80.44200736183764,59.715312363907266
virginia-commonwealth_vs_william & mary_20241222,2024-12-22,virginia-commonwealth,William & Mary,2025,83.18559866184144,69.26944798347547
virginia-commonwealth_vs_fordham_20250108,2025-01-08,virginia-commonwealth,Fordham,2025,80.74842558992081,65.30785672290116
virginia-commonwealth_vs_saint louis_20250114,2025-01-14,virginia-commonwealth,Saint Louis,2025,75.47906770936665,66.66726792781436
virginia-commonwealth_vs_st. bonaventure_20250124,2025-01-24,virginia-commonwealth,St. Bonaventure,2025,72.66906663818537,66.48135703349465
virginia-commonwealth_vs_richmond_20250201,2025-02-01,virginia-commonwealth,Richmond,2025,78.10868960971746,60.88657607852862
virginia-commonwealth_vs_la salle_20250204,2025-02-04,virginia-commonwealth,La Salle,2025,80.42296172140829,66.02625672611597
virginia-commonwealth_vs_massachusetts_20250219,2025-02-19,virginia-commonwealth,Massachusetts,2025,81.38205469947367,68.08236442397349
virginia-commonwealth_vs_george mason_20250222,2025-02-22,virginia-commonwealth,George Mason,2025,74.08749931775078,63.93917299110981
virginia-commonwealth_vs_davidson_20250228,2025-02-28,virginia-commonwealth,Davidson,2025,78.60268553547819,65.56674405129806
virginia-commonwealth_vs_dayton_20250307,2025-03-07,virginia-commonwealth,Dayton,2025,76.12582823862748,65.38852300126513
virginia-military-institute_vs_queens (nc)_20241207,2024-12-07,virginia-military-institute,Queens (NC),2025,75.92958637916527,78.97489291663136
virginia-military-institute_vs_mercer_20250104,2025-01-04,virginia-military-institute,Mercer,2025,76.9529965022945,80.78168971225637
virginia-military-institute_vs_western carolina_20250115,2025-01-15,virginia-military-institute,Western Carolina,2025,77.17844122331657,76.8696590636045
virginia-military-institute_vs_furman_20250122,2025-01-22,virginia-military-institute,Furman,2025,67.64541500777403,74.71530649615889
virginia-military-institute_vs_unc greensboro_20250125,2025-01-25,virginia-military-institute,UNC Greensboro,2025,67.85207623053152,73.96781119910897
virginia-military-institute_vs_east tennessee state_20250205,2025-02-05,virginia-military-institute,East Tennessee State,2025,69.98735803529785,74.44726881308968
virginia-military-institute_vs_the citadel_20250208,2025-02-08,virginia-military-institute,The Citadel,2025,76.9579315714802,66.95464106213053
virginia-military-institute_vs_wofford_20250219,2025-02-19,virginia-military-institute,Wofford,2025,70.61835654155416,74.81861817550688
virginia-military-institute_vs_samford_20250227,2025-02-27,virginia-military-institute,Samford,2025,73.41998874239704,80.85110145013364
virginia-military-institute_vs_chattanooga_20250301,2025-03-01,virginia-military-institute,Chattanooga,2025,70.19487472201189,76.93113801650182
virginia-military-institute_vs_wofford_20250309,2025-03-09,virginia-military-institute,Wofford,2025,66.28830765085206,75.14748740173262
virginia-tech_vs_jacksonville_20241120,2024-11-20,virginia-tech,Jacksonville,2025,76.97192010845721,64.36255301134942
virginia-tech_vs_vanderbilt_20241204,2024-12-04,virginia-tech,Vanderbilt,2025,71.64796858308482,75.37102190009921
virginia-tech_vs_pittsburgh_20241207,2024-12-07,virginia-tech,Pittsburgh,2025,69.83265411703208,76.27984453577947
virginia-tech_vs_north carolina a&t_20241212,2024-12-12,virginia-tech,North Carolina A&T,2025,81.17829984426723,67.86269263276644
virginia-tech_vs_navy_20241215,2024-12-15,virginia-tech,Navy,2025,77.2252976232517,66.78542634132332
virginia-tech_vs_miami (fl)_20250104,2025-01-04,virginia-tech,Miami (FL),2025,73.65659967469968,72.62599821237148
virginia-tech_vs_nc state_20250115,2025-01-15,virginia-tech,NC State,2025,67.9375141434877,67.60733519391633
virginia-tech_vs_wake forest_20250118,2025-01-18,virginia-tech,Wake Forest,2025,68.36868676051685,69.32656948708394
virginia-tech_vs_clemson_20250125,2025-01-25,virginia-tech,Clemson,2025,68.18428125551218,75.03555672716584
virginia-tech_vs_smu_20250205,2025-02-05,virginia-tech,SMU,2025,69.31187007237936,75.48864529542726
virginia-tech_vs_virginia_20250215,2025-02-15,virginia-tech,Virginia,2025,67.06707118876403,65.46592347832507
virginia-tech_vs_louisville_20250225,2025-02-25,virginia-tech,Louisville,2025,67.50695775605135,75.57944118248471
virginia-tech_vs_syracuse_20250301,2025-03-01,virginia-tech,Syracuse,2025,73.62249083023593,70.95383956138659
virginia-tech_vs_north carolina_20250304,2025-03-04,virginia-tech,North Carolina,2025,72.98209599642317,78.94011020802093
wagner_vs_coppin state_20241204,2024-12-04,wagner,Coppin State,2025,66.68526853037906,56.316343124215024
wagner_vs_manhattan_20241218,2024-12-18,wagner,Manhattan,2025,67.6414984787376,62.31542597271654
wagner_vs_chicago state_20250103,2025-01-03,wagner,Chicago State,2025,68.7164104458131,60.22433277965592
wagner_vs_mercyhurst_20250118,2025-01-18,wagner,Mercyhurst,2025,66.38279436941947,59.41834578317882
wagner_vs_saint francis (pa)_20250120,2025-01-20,wagner,Saint Francis (PA),2025,67.34262019497321,65.61157764561617
wagner_vs_le moyne_20250201,2025-02-01,wagner,Le Moyne,2025,69.47501604469494,68.91168569388222
wagner_vs_liu_20250206,2025-02-06,wagner,LIU,2025,64.38961476745483,63.011830828985424
wagner_vs_stonehill_20250220,2025-02-20,wagner,Stonehill,2025,65.17279622157756,66.84710250392165
wagner_vs_central connecticut state_20250301,2025-03-01,wagner,Central Connecticut State,2025,62.96645446828178,68.04926766699757
wake-forest_vs_western carolina_20241119,2024-11-19,wake-forest,Western Carolina,2025,84.85035375932509,68.2604543977586
wake-forest_vs_detroit mercy_20241123,2024-11-23,wake-forest,Detroit Mercy,2025,82.47542673811985,62.51048638939834
wake-forest_vs_boston college_20241207,2024-12-07,wake-forest,Boston College,2025,73.09463403260692,63.29681519841855
wake-forest_vs_james madison_20241217,2024-12-17,wake-forest,James Madison,2025,71.54623456692049,65.27470332764895
wake-forest_vs_nc state_20250104,2025-01-04,wake-forest,NC State,2025,68.49001921808771,66.21042971636557
wake-forest_vs_stanford_20250115,2025-01-15,wake-forest,Stanford,2025,71.72016587708347,66.57178891238709
wake-forest_vs_north carolina_20250121,2025-01-21,wake-forest,North Carolina,2025,72.5448001876318,73.07162170732677
wake-forest_vs_duke_20250125,2025-01-25,wake-forest,Duke,2025,63.561475087032704,72.5302869306164
wake-forest_vs_pittsburgh_20250201,2025-02-01,wake-forest,Pittsburgh,2025,69.51658027146259,69.46488065954311
wake-forest_vs_florida state_20250212,2025-02-12,wake-forest,Florida State,2025,72.07049981631955,68.04135635629778
wake-forest_vs_virginia_20250226,2025-02-26,wake-forest,Virginia,2025,69.95897379736543,63.31851569861012
wake-forest_vs_notre dame_20250301,2025-03-01,wake-forest,Notre Dame,2025,73.148191438439,66.82562770860622
wake-forest_vs_georgia tech_20250308,2025-03-08,wake-forest,Georgia Tech,2025,73.20264136481008,68.50910816308664
washington_vs_umass lowell_20241117,2024-11-17,washington,UMass Lowell,2025,80.09123876535797,70.12413903238254
washington_vs_alcorn state_20241122,2024-11-22,washington,Alcorn State,2025,82.94223457099245,59.124500948848755
washington_vs_southern california_20241207,2024-12-07,washington,Southern California,2025,73.50291855549742,67.76527445899275
washington_vs_eastern washington_20241210,2024-12-10,washington,Eastern Washington,2025,79.1583574932188,65.07263539439161
washington_vs_washington state_20241218,2024-12-18,washington,Washington State,2025,72.04805767427325,73.20739913032246
washington_vs_seattle_20241223,2024-12-23,washington,Seattle,2025,75.55940764981746,69.14406241026555
washington_vs_njit_20241229,2024-12-29,washington,NJIT,2025,74.15375981528588,56.83848688197119
washington_vs_maryland_20250102,2025-01-02,washington,Maryland,2025,66.27927464281692,76.07549354564091
washington_vs_illinois_20250105,2025-01-05,washington,Illinois,2025,70.40942809518596,84.4806770197122
washington_vs_purdue_20250115,2025-01-15,washington,Purdue,2025,66.59654852131459,73.30518581421809
washington_vs_ucla_20250124,2025-01-24,washington,UCLA,2025,66.79900065628057,72.4939415031956
washington_vs_nebraska_20250205,2025-02-05,washington,Nebraska,2025,70.56243048572597,73.17015275979364
washington_vs_northwestern_20250208,2025-02-08,washington,Northwestern,2025,70.08596186741447,71.4244456650251
washington_vs_rutgers_20250219,2025-02-19,washington,Rutgers,2025,72.55229237184774,73.50773962324732
washington_vs_indiana_20250301,2025-03-01,washington,Indiana,2025,71.4775464656778,73.66501082053934
washington_vs_oregon_20250309,2025-03-09,washington,Oregon,2025,69.79843912131622,76.03874571674665
washington-state_vs_northern colorado_20241118,2024-11-18,washington-state,Northern Colorado,2025,83.71360230127667,70.85071975152393
washington-state_vs_missouri state_20241214,2024-12-14,washington-state,Missouri State,2025,82.52073110580734,68.67061788847673
washington-state_vs_loyola marymount_20241230,2024-12-30,washington-state,Loyola Marymount,2025,79.22517388181952,69.03024994178634
washington-state_vs_san francisco_20250104,2025-01-04,washington-state,San Francisco,2025,74.96063548467441,72.19325616125072
washington-state_vs_pacific_20250109,2025-01-09,washington-state,Pacific,2025,84.77165471875317,66.40669817312413
washington-state_vs_portland_20250118,2025-01-18,washington-state,Portland,2025,87.22648347134512,67.41799951993146
washington-state_vs_pepperdine_20250208,2025-02-08,washington-state,Pepperdine,2025,80.05415369097304,68.40054008797958
washington-state_vs_gonzaga_20250219,2025-02-19,washington-state,Gonzaga,2025,76.18789074758416,87.02859297718405
washington-state_vs_santa clara_20250222,2025-02-22,washington-state,Santa Clara,2025,75.54972638169953,77.0795816598172
washington-state_vs_san diego_20250227,2025-02-27,washington-state,San Diego,2025,79.90844102344784,69.7007625899001
weber-state_vs_uc irvine_20241122,2024-11-22,weber-state,UC Irvine,2025,69.56884949987068,72.66619706656734
weber-state_vs_north dakota state_20241204,2024-12-04,weber-state,North Dakota State,2025,75.91488934909364,73.32673364562233
weber-state_vs_utah valley_20241221,2024-12-21,weber-state,Utah Valley,2025,73.12103688527759,73.78512716812804
weber-state_vs_montana_20250116,2025-01-16,weber-state,Montana,2025,74.29740802420633,73.06113500764818
weber-state_vs_montana state_20250118,2025-01-18,weber-state,Montana State,2025,71.56211698032847,72.5527882898668
weber-state_vs_idaho_20250130,2025-01-30,weber-state,Idaho,2025,72.47109524164948,71.71950144510939
weber-state_vs_eastern washington_20250201,2025-02-01,weber-state,Eastern Washington,2025,72.87566188949123,71.8031584994799
weber-state_vs_northern arizona_20250203,2025-02-03,weber-state,Northern Arizona,2025,72.889906786668,72.97029896105265
weber-state_vs_idaho state_20250208,2025-02-08,weber-state,Idaho State,2025,71.39134816370574,70.60835989476954
weber-state_vs_sacramento state_20250220,2025-02-20,weber-state,Sacramento State,2025,72.31392860755408,64.37072955805563
weber-state_vs_portland state_20250222,2025-02-22,weber-state,Portland State,2025,69.81156900401659,74.5427852911946
weber-state_vs_northern colorado_20250303,2025-03-03,weber-state,Northern Colorado,2025,70.63554307835143,76.87744354407393
western-carolina_vs_bellarmine_20241204,2024-12-04,western-carolina,Bellarmine,2025,77.09207022382638,73.60657222243374
western-carolina_vs_usc upstate_20241207,2024-12-07,western-carolina,USC Upstate,2025,81.39690518240174,74.78732345026741
western-carolina_vs_furman_20250101,2025-01-01,western-carolina,Furman,2025,71.50384900814429,77.71849848992206
western-carolina_vs_samford_20250104,2025-01-04,western-carolina,Samford,2025,75.15939945893551,83.44328188521042
western-carolina_vs_mercer_20250112,2025-01-12,western-carolina,Mercer,2025,75.34178560727027,77.63462179587249
western-carolina_vs_unc greensboro_20250118,2025-01-18,western-carolina,UNC Greensboro,2025,67.85842117552417,76.808308648018
western-carolina_vs_chattanooga_20250129,2025-01-29,western-carolina,Chattanooga,2025,70.4388318065317,78.5310268292697
western-carolina_vs_vmi_20250201,2025-02-01,western-carolina,VMI,2025,71.28510586732304,75.01182414083188
western-carolina_vs_east tennessee state_20250212,2025-02-12,western-carolina,East Tennessee State,2025,68.5758599689252,77.0823503771269
western-carolina_vs_the citadel_20250215,2025-02-15,western-carolina,The Citadel,2025,73.6110165874172,70.1621758351103
western-carolina_vs_wofford_20250226,2025-02-26,western-carolina,Wofford,2025,69.61785975374714,78.68213255439812
western-illinois_vs_pepperdine_20241106,2024-11-06,western-illinois,Pepperdine,2025,65.7216299111873,68.89394355656319
western-illinois_vs_central arkansas_20241116,2024-11-16,western-illinois,Central Arkansas,2025,74.01097117628728,69.1400486226573
western-illinois_vs_ut martin_20250109,2025-01-09,western-illinois,UT Martin,2025,67.35288785862917,69.22133502618122
western-illinois_vs_tennessee state_20250111,2025-01-11,western-illinois,Tennessee State,2025,75.04828805381781,73.51580683857362
western-illinois_vs_little rock_20250123,2025-01-23,western-illinois,Little Rock,2025,65.46350741466124,67.47418126674042
western-illinois_vs_southeast missouri state_20250125,2025-01-25,western-illinois,Southeast Missouri State,2025,65.81049838762172,68.53701869318772
western-illinois_vs_eastern illinois_20250130,2025-01-30,western-illinois,Eastern Illinois,2025,68.04280870429325,66.22558758381228
western-illinois_vs_siu edwardsville_20250201,2025-02-01,western-illinois,SIU Edwardsville,2025,64.90406528203118,70.07926897649234
western-illinois_vs_southern indiana_20250213,2025-02-13,western-illinois,Southern Indiana,2025,68.0801245797231,69.3714446355431
western-illinois_vs_morehead state_20250215,2025-02-15,western-illinois,Morehead State,2025,66.82744600633937,66.36408595250235
western-illinois_vs_lindenwood_20250225,2025-02-25,western-illinois,Lindenwood,2025,70.57721868707583,69.07353221869327
western-kentucky_vs_lipscomb_20241117,2024-11-17,western-kentucky,Lipscomb,2025,81.42462506159697,73.5602951168819
western-kentucky_vs_jackson state_20241120,2024-11-20,western-kentucky,Jackson State,2025,86.0339700192954,68.00551940926663
western-kentucky_vs_marshall_20241130,2024-11-30,western-kentucky,Marshall,2025,79.99536742105649,73.46531391302324
western-kentucky_vs_tennessee state_20241210,2024-12-10,western-kentucky,Tennessee State,2025,87.84184970578477,72.76211212393002
western-kentucky_vs_murray state_20241214,2024-12-14,western-kentucky,Murray State,2025,76.83791311509151,71.76263413302873
western-kentucky_vs_seattle_20241217,2024-12-17,western-kentucky,Seattle,2025,76.71792250599556,70.0079998022843
western-kentucky_vs_jacksonville state_20250109,2025-01-09,western-kentucky,Jacksonville State,2025,77.63025912014297,74.23282118681801
western-kentucky_vs_kennesaw state_20250111,2025-01-11,western-kentucky,Kennesaw State,2025,79.90118922027314,75.40119123044747
western-kentucky_vs_utep_20250130,2025-01-30,western-kentucky,UTEP,2025,73.862925820155,73.26691348744903
western-kentucky_vs_new mexico state_20250201,2025-02-01,western-kentucky,New Mexico State,2025,72.52407261943704,72.43827777902082
western-kentucky_vs_middle tennessee_20250215,2025-02-15,western-kentucky,Middle Tennessee,2025,77.0025944183466,76.15662132967354
western-kentucky_vs_sam houston state_20250220,2025-02-20,western-kentucky,Sam Houston State,2025,80.74621950262375,74.09067998989369
western-kentucky_vs_louisiana tech_20250222,2025-02-22,western-kentucky,Louisiana Tech,2025,75.26572403659111,73.70203448091672
western-kentucky_vs_florida international_20250306,2025-03-06,western-kentucky,Florida International,2025,79.19929750733472,71.76349365319919
western-kentucky_vs_liberty_20250308,2025-03-08,western-kentucky,Liberty,2025,68.61610668242982,76.15709359861114
west-georgia_vs_georgia tech_20241106,2024-11-06,west-georgia,Georgia Tech,2025,67.03113962677091,82.24034109416267
west-georgia_vs_troy_20241119,2024-11-19,west-georgia,Troy,2025,70.11524186327325,82.77370612644827
west-georgia_vs_florida gulf coast_20250102,2025-01-02,west-georgia,Florida Gulf Coast,2025,63.32606404889609,73.98705172201977
west-georgia_vs_stetson_20250104,2025-01-04,west-georgia,Stetson,2025,75.92892490815699,72.25889630058295
west-georgia_vs_jacksonville_20250123,2025-01-23,west-georgia,Jacksonville,2025,66.33055384046926,73.98937264584266
west-georgia_vs_north florida_20250125,2025-01-25,west-georgia,North Florida,2025,79.39464598800487,78.79179149889163
west-georgia_vs_lipscomb_20250205,2025-02-05,west-georgia,Lipscomb,2025,65.53848997103712,78.54175583811428
west-georgia_vs_north alabama_20250208,2025-02-08,west-georgia,North Alabama,2025,67.94875301752164,77.21429141154388
west-georgia_vs_central arkansas_20250220,2025-02-20,west-georgia,Central Arkansas,2025,77.51635937284566,73.90208182763028
west-georgia_vs_queens (nc)_20250224,2025-02-24,west-georgia,Queens (NC),2025,70.69798617229847,78.7631844069682
west-georgia_vs_austin peay_20250226,2025-02-26,west-georgia,Austin Peay,2025,70.52210867916274,73.99532957958372
west-virginia_vs_iona_20241120,2024-11-20,west-virginia,Iona,2025,81.76740411727903,66.53748881518365
west-virginia_vs_georgetown_20241206,2024-12-06,west-virginia,Georgetown,2025,78.95727850997189,70.19636258291746
west-virginia_vs_north carolina central_20241210,2024-12-10,west-virginia,North Carolina Central,2025,83.16343940851742,66.86580683546265
west-virginia_vs_bethune-cookman_20241214,2024-12-14,west-virginia,Bethune-Cookman,2025,82.37014148912958,64.44231026574525
west-virginia_vs_mercyhurst_20241222,2024-12-22,west-virginia,Mercyhurst,2025,81.91413402642331,58.3266043167534
west-virginia_vs_oklahoma state_20250104,2025-01-04,west-virginia,Oklahoma State,2025,78.12914492503236,66.85360134586209
west-virginia_vs_arizona_20250107,2025-01-07,west-virginia,Arizona,2025,74.86755021186787,75.847565589286
west-virginia_vs_iowa state_20250118,2025-01-18,west-virginia,Iowa State,2025,71.48044617150458,74.1340634742361
west-virginia_vs_arizona state_20250121,2025-01-21,west-virginia,Arizona State,2025,74.87857324719971,66.01359809765499
west-virginia_vs_houston_20250129,2025-01-29,west-virginia,Houston,2025,62.30752222546099,68.58542524489008
west-virginia_vs_utah_20250208,2025-02-08,west-virginia,Utah,2025,72.932882138998,64.75028807179743
west-virginia_vs_brigham young_20250211,2025-02-11,west-virginia,Brigham Young,2025,70.900812424238,69.0200782990953
west-virginia_vs_cincinnati_20250219,2025-02-19,west-virginia,Cincinnati,2025,69.33777042856654,64.16896904402424
west-virginia_vs_tcu_20250225,2025-02-25,west-virginia,TCU,2025,70.83937996846826,63.59900521770167
west-virginia_vs_ucf_20250308,2025-03-08,west-virginia,UCF,2025,78.6881081382093,70.21342862656971
wichita-state_vs_northern iowa_20241114,2024-11-14,wichita-state,Northern Iowa,2025,76.67785671421807,69.35002171683865
wichita-state_vs_monmouth_20241118,2024-11-18,wichita-state,Monmouth,2025,85.76123139501102,68.85204775585973
wichita-state_vs_alcorn state_20241204,2024-12-04,wichita-state,Alcorn State,2025,82.96798308762311,62.824162092014916
wichita-state_vs_east tennessee state_20241207,2024-12-07,wichita-state,East Tennessee State,2025,76.3835651704339,70.19211526410467
wichita-state_vs_kansas city_20241217,2024-12-17,wichita-state,Kansas City,2025,81.26524994478287,67.65025243321604
wichita-state_vs_kansas state_20241221,2024-12-21,wichita-state,Kansas State,2025,73.80589424158892,75.10025143524186
wichita-state_vs_south florida_20250106,2025-01-06,wichita-state,South Florida,2025,79.36626841604942,71.1854635011428
wichita-state_vs_charlotte_20250114,2025-01-14,wichita-state,Charlotte,2025,79.55545506258959,71.3962893578999
wichita-state_vs_east carolina_20250118,2025-01-18,wichita-state,East Carolina,2025,77.09151763838953,72.6347391225378
wichita-state_vs_north texas_20250129,2025-01-29,wichita-state,North Texas,2025,63.464196634419956,72.25908953612846
wichita-state_vs_utsa_20250212,2025-02-12,wichita-state,UTSA,2025,78.33898056221295,75.26494063308014
wichita-state_vs_memphis_20250216,2025-02-16,wichita-state,Memphis,2025,71.82425240423836,78.31250830706942
wichita-state_vs_tulane_20250223,2025-02-23,wichita-state,Tulane,2025,74.83875782385563,73.50063043766741
wichita-state_vs_uab_20250227,2025-02-27,wichita-state,UAB,2025,76.46565210691836,78.90783532679657
wichita-state_vs_tulsa_20250309,2025-03-09,wichita-state,Tulsa,2025,77.97028223616603,68.12218125470733
william-mary_vs_richmond_20241218,2024-12-18,william-mary,Richmond,2025,82.4889169071836,77.74320808070533
william-mary_vs_navy_20241229,2024-12-29,william-mary,Navy,2025,81.57418040379571,74.73731901467002
william-mary_vs_elon_20250109,2025-01-09,william-mary,Elon,2025,73.45045516036284,76.82642057402626
william-mary_vs_north carolina a&t_20250111,2025-01-11,william-mary,North Carolina A&T,2025,85.00989730351772,75.31701740655912
william-mary_vs_hampton_20250123,2025-01-23,william-mary,Hampton,2025,76.9906127745033,74.78196508075779
william-mary_vs_monmouth_20250125,2025-01-25,william-mary,Monmouth,2025,79.80302672050605,74.57385298103151
william-mary_vs_college of charleston_20250203,2025-02-03,william-mary,College of Charleston,2025,80.0781599418129,79.71924577042616
william-mary_vs_hofstra_20250213,2025-02-13,william-mary,Hofstra,2025,73.99749764996172,71.38965315240999
william-mary_vs_drexel_20250215,2025-02-15,william-mary,Drexel,2025,72.44892704337843,71.45070561234338
william-mary_vs_unc wilmington_20250224,2025-02-24,william-mary,UNC Wilmington,2025,74.97630452398865,77.67421646090247
william-mary_vs_northeastern_20250301,2025-03-01,william-mary,Northeastern,2025,73.33163346750477,74.25109182254596
winthrop_vs_william & mary_20241115,2024-11-15,winthrop,William & Mary,2025,80.73658218747912,74.16647388631286
winthrop_vs_georgia southern_20241116,2024-11-16,winthrop,Georgia Southern,2025,78.76500627794654,73.5687155031327
winthrop_vs_north carolina central_20241117,2024-11-17,winthrop,North Carolina Central,2025,80.66905902083522,72.71094662089642
winthrop_vs_liu_20241125,2024-11-25,winthrop,LIU,2025,79.69284796895558,68.57403631593145
winthrop_vs_coastal carolina_20241207,2024-12-07,winthrop,Coastal Carolina,2025,73.6656837860014,65.34954352012288
winthrop_vs_mercer_20241221,2024-12-21,winthrop,Mercer,2025,82.36151908334034,76.87636843366624
winthrop_vs_usc upstate_20250102,2025-01-02,winthrop,USC Upstate,2025,83.68261911482469,75.93745609972724
winthrop_vs_longwood_20250111,2025-01-11,winthrop,Longwood,2025,77.16832290847894,76.07450455294135
winthrop_vs_charleston southern_20250115,2025-01-15,winthrop,Charleston Southern,2025,82.470938503639,76.12512986353263
winthrop_vs_presbyterian_20250129,2025-01-29,winthrop,Presbyterian,2025,80.28214780943655,72.72995768270142
winthrop_vs_gardner-webb_20250201,2025-02-01,winthrop,Gardner-Webb,2025,81.11859513706958,76.48704832341208
winthrop_vs_radford_20250212,2025-02-12,winthrop,Radford,2025,77.85178484794751,76.10781178720097
winthrop_vs_high point_20250215,2025-02-15,winthrop,High Point,2025,77.30904934831175,82.26222501954017
winthrop_vs_unc asheville_20250301,2025-03-01,winthrop,UNC Asheville,2025,81.29770877786436,77.99830603679787
wisconsin_vs_arizona_20241115,2024-11-15,wisconsin,Arizona,2025,73.38730149680201,74.50219947900197
wisconsin_vs_chicago state_20241130,2024-11-30,wisconsin,Chicago State,2025,89.26300645914013,62.18646049996361
wisconsin_vs_michigan_20241203,2024-12-03,wisconsin,Michigan,2025,75.89249911621354,73.45167081300264
wisconsin_vs_detroit mercy_20241222,2024-12-22,wisconsin,Detroit Mercy,2025,88.20367550165015,63.9477259080363
wisconsin_vs_iowa_20250103,2025-01-03,wisconsin,Iowa,2025,82.67886117299523,77.83404900505859
wisconsin_vs_minnesota_20250110,2025-01-10,wisconsin,Minnesota,2025,80.5956657216047,65.03918900624647
wisconsin_vs_ohio state_20250114,2025-01-14,wisconsin,Ohio State,2025,78.70135003845624,71.27359139460513
wisconsin_vs_nebraska_20250126,2025-01-26,wisconsin,Nebraska,2025,78.54001663305375,71.73910323329923
wisconsin_vs_indiana_20250204,2025-02-04,wisconsin,Indiana,2025,78.69932323296128,70.76715976667855
wisconsin_vs_illinois_20250218,2025-02-18,wisconsin,Illinois,2025,81.43671327154057,78.94333193256037
wisconsin_vs_oregon_20250222,2025-02-22,wisconsin,Oregon,2025,78.53709181271991,70.8503764846121
wisconsin_vs_washington_20250225,2025-02-25,wisconsin,Washington,2025,80.72078447071448,68.96160584764283
wisconsin_vs_penn state_20250308,2025-03-08,wisconsin,Penn State,2025,81.41209777457308,71.78789813289924
wofford_vs_north alabama_20241201,2024-12-01,wofford,North Alabama,2025,75.79059829031755,72.59921861554199
wofford_vs_gardner-webb_20241204,2024-12-04,wofford,Gardner-Webb,2025,73.30039248667174,69.54982949737074
wofford_vs_unc greensboro_20250101,2025-01-01,wofford,UNC Greensboro,2025,72.44436758669205,69.09803958510604
wofford_vs_western carolina_20250108,2025-01-08,wofford,Western Carolina,2025,79.96654217775728,68.40423022101257
wofford_vs_mercer_20250118,2025-01-18,wofford,Mercer,2025,82.70290638355216,72.80492454295924
wofford_vs_the citadel_20250122,2025-01-22,wofford,The Citadel,2025,78.77703382966307,60.8669517159008
wofford_vs_vmi_20250129,2025-01-29,wofford,VMI,2025,78.98266527661626,67.50967516978432
wofford_vs_chattanooga_20250205,2025-02-05,wofford,Chattanooga,2025,74.66125863386594,70.50731709565024
wofford_vs_samford_20250215,2025-02-15,wofford,Samford,2025,74.62027049216417,74.7339661527377
wofford_vs_east tennessee state_20250222,2025-02-22,wofford,East Tennessee State,2025,72.81039521892951,68.88880868810024
wofford_vs_furman_20250301,2025-03-01,wofford,Furman,2025,73.04050275416841,70.53292406021681
wright-state_vs_air force_20241130,2024-11-30,wright-state,Air Force,2025,73.28749099467517,64.8149716399127
wright-state_vs_marshall_20241211,2024-12-11,wright-state,Marshall,2025,75.90755689716539,71.79595047980523
wright-state_vs_youngstown state_20241218,2024-12-18,wright-state,Youngstown State,2025,75.0338096645205,68.8318032523687
wright-state_vs_green bay_20250102,2025-01-02,wright-state,Green Bay,2025,79.48194609247642,70.5262277708374
wright-state_vs_oakland_20250109,2025-01-09,wright-state,Oakland,2025,72.65748576210254,69.32185915153279
wright-state_vs_milwaukee_20250122,2025-01-22,wright-state,Milwaukee,2025,74.31411154594763,75.27947478586775
wright-state_vs_detroit mercy_20250125,2025-01-25,wright-state,Detroit Mercy,2025,77.95956107146075,64.95836686283455
wright-state_vs_robert morris_20250202,2025-02-02,wright-state,Robert Morris,2025,75.9040096521307,73.53943626979895
wright-state_vs_iu indy_20250208,2025-02-08,wright-state,IU Indy,2025,78.67719051577333,72.06809812338862
wright-state_vs_northern kentucky_20250221,2025-02-21,wright-state,Northern Kentucky,2025,77.01831089195773,72.40775442007782
wright-state_vs_cleveland state_20250227,2025-02-27,wright-state,Cleveland State,2025,72.14239050382734,73.22883810687577
wright-state_vs_iu indy_20250304,2025-03-04,wright-state,IU Indy,2025,78.88345911293119,72.65996257645314
wyoming_vs_utah tech_20241116,2024-11-16,wyoming,Utah Tech,2025,80.09839063309624,72.11513805781019
wyoming_vs_southeastern louisiana_20241122,2024-11-22,wyoming,Southeastern Louisiana,2025,79.01341513065972,69.11772732844368
wyoming_vs_bellarmine_20241219,2024-12-19,wyoming,Bellarmine,2025,77.4331006102153,69.7824724986902
wyoming_vs_nevada_20241228,2024-12-28,wyoming,Nevada,2025,66.1138921473569,71.82831563171474
wyoming_vs_boise state_20241231,2024-12-31,wyoming,Boise State,2025,66.66618086204959,71.26102837427764
wyoming_vs_new mexico_20250107,2025-01-07,wyoming,New Mexico,2025,73.99705770122124,80.17428121256629
wyoming_vs_colorado state_20250118,2025-01-18,wyoming,Colorado State,2025,67.10362499332746,70.171400594765
wyoming_vs_fresno state_20250128,2025-01-28,wyoming,Fresno State,2025,76.70776932084154,69.31744584968645
wyoming_vs_utah state_20250204,2025-02-04,wyoming,Utah State,2025,65.33039950453659,74.0759643979111
wyoming_vs_unlv_20250208,2025-02-08,wyoming,UNLV,2025,65.27147538511821,66.31290751327955
wyoming_vs_air force_20250218,2025-02-18,wyoming,Air Force,2025,72.02797788355522,59.9790764324247
wyoming_vs_san jose state_20250222,2025-02-22,wyoming,San Jose State,2025,72.38322045889059,67.91904271724115
wyoming_vs_san diego state_20250301,2025-03-01,wyoming,San Diego State,2025,61.97400258660441,69.12156435283032
xavier_vs_wake forest_20241116,2024-11-16,xavier,Wake Forest,2025,77.17099727139214,75.25505130404571
xavier_vs_siena_20241120,2024-11-20,xavier,Siena,2025,84.58490703150751,66.06778569090325
xavier_vs_south carolina state_20241201,2024-12-01,xavier,South Carolina State,2025,81.97623014708091,66.01512805711077
xavier_vs_morgan state_20241210,2024-12-10,xavier,Morgan State,2025,87.93795479160406,66.16963318115913
xavier_vs_marquette_20241221,2024-12-21,xavier,Marquette,2025,73.48064208433877,75.27215761199723
xavier_vs_seton hall_20241231,2024-12-31,xavier,Seton Hall,2025,71.67745586807789,61.57360651144909
xavier_vs_st. john's (ny)_20250107,2025-01-07,xavier,St. John's (NY),2025,76.59363832320844,76.29718182316
xavier_vs_villanova_20250114,2025-01-14,xavier,Villanova,2025,70.87019110142029,70.56341860682237
xavier_vs_connecticut_20250125,2025-01-25,xavier,Connecticut,2025,71.06507932247219,71.46343875172973
xavier_vs_georgetown_20250204,2025-02-04,xavier,Georgetown,2025,74.23237739311755,68.4968391598431
xavier_vs_depaul_20250215,2025-02-15,xavier,DePaul,2025,79.37744683903445,70.62442474026236
xavier_vs_butler_20250218,2025-02-18,xavier,Butler,2025,76.64506608256417,70.88630658569811
xavier_vs_creighton_20250301,2025-03-01,xavier,Creighton,2025,73.15061736431308,72.71408408247424
xavier_vs_providence_20250308,2025-03-08,xavier,Providence,2025,76.96255516734676,67.76053863899537
yale_vs_vermont_20241207,2024-12-07,yale,Vermont,2025,73.14574847160914,64.87442857914617
yale_vs_howard_20250101,2025-01-01,yale,Howard,2025,86.1712275877988,71.00383023253052
yale_vs_brown_20250111,2025-01-11,yale,Brown,2025,74.99088108430297,66.25680778749343
yale_vs_dartmouth_20250120,2025-01-20,yale,Dartmouth,2025,84.35530340064216,68.00215756159832
yale_vs_harvard_20250125,2025-01-25,yale,Harvard,2025,80.65485223652371,65.46390839813684
yale_vs_pennsylvania_20250214,2025-02-14,yale,Pennsylvania,2025,84.19039361797952,65.99458426567672
yale_vs_princeton_20250215,2025-02-15,yale,Princeton,2025,80.5518938705018,66.98000130236069
yale_vs_cornell_20250221,2025-02-21,yale,Cornell,2025,85.82041425049472,71.5593005376173
yale_vs_columbia_20250222,2025-02-22,yale,Columbia,2025,86.46178112122979,69.55453070813456
youngstown-state_vs_oakland_20241207,2024-12-07,youngstown-state,Oakland,2025,65.75819062315162,65.97003680150884
youngstown-state_vs_toledo_20241214,2024-12-14,youngstown-state,Toledo,2025,73.49394197322326,72.88043171429597
youngstown-state_vs_detroit mercy_20241229,2024-12-29,youngstown-state,Detroit Mercy,2025,74.59491562981816,65.49111162605902
youngstown-state_vs_northern kentucky_20250108,2025-01-08,youngstown-state,Northern Kentucky,2025,71.58307007113183,65.70071642463374
youngstown-state_vs_cleveland state_20250111,2025-01-11,youngstown-state,Cleveland State,2025,71.29524199196108,67.4267139516091
youngstown-state_vs_robert morris_20250122,2025-01-22,youngstown-state,Robert Morris,2025,73.9734214166251,69.99939597972826
youngstown-state_vs_wright state_20250130,2025-01-30,youngstown-state,Wright State,2025,73.88937420085205,73.73034051801436
youngstown-state_vs_iu indy_20250201,2025-02-01,youngstown-state,IU Indy,2025,78.43576131353652,70.63349593796056
youngstown-state_vs_milwaukee_20250221,2025-02-21,youngstown-state,Milwaukee,2025,75.19392447971435,74.47434437206861
youngstown-state_vs_green bay_20250223,2025-02-23,youngstown-state,Green Bay,2025,79.60888441342107,67.55708050549097
