Date,Team,Opponent,Location,Spread,Total (O/U),Moneyline,Score,MOV,ATS Margin,Combined,O/U Margin
11/4/24,Florida A&M,TCU,Away,27.5,146.5,1558,59-105,-46,-18.5,164,17.5
11/4/24,Incarnate Word,Cal Baptist,Away,11.5,144,510,78-83,-5,6.5,161,17
11/4/24,F Dickinson,Miami,Away,27.5,158,1701,72-113,-41,-13.5,185,27
11/4/24,Charleston,S Illinois,Neutral,-4,146,-179,90-80,10,6,170,24
11/4/24,Missouri,Memphis,Away,3.5,154.5,150,75-83,-8,-4.5,158,3.5
11/4/24,W Georgia,Mississippi St,Away,26,145.5,4000,60-95,-35,-9,155,9.5
11/4/24,Alcorn St,Utah,Away,23.5,146.5,2200,59-100,-41,-17.5,159,12.5
11/4/24,N Illinois,Georgia So,Away,9,146.5,322,65-80,-15,-6,145,-1.5
11/4/24,Kent St,Louisiana,Away,-2,144.5,-128,70-66,4,2,136,-8.5
11/4/24,E Michigan,Texas St,Away,8.5,135.5,288,44-64,-20,-11.5,108,-27.5
11/4/24,Buffalo,Old Dominion,Away,10.5,146.5,460,83-82,1,11.5,165,18.5
11/4/24,Bowling Green,Southern Miss,Away,4.5,146.5,157,68-77,-9,-4.5,145,-1.5
11/4/24,Ball St,Georgia St,Away,2.5,147.5,128,66-71,-5,-2.5,137,-10.5
11/4/24,Toledo,Troy,Away,6,154.5,210,74-84,-10,-4,158,3.5
11/4/24,Bucknell,Delaware,Away,3,141.5,131,85-73,12,15,158,16.5
11/4/24,Northeastern,Boston U,Away,2.5,137.5,124,80-72,8,10.5,152,14.5
11/4/24,Columbia,Loyola MD,Away,-6.5,144.5,-258,81-78,3,-3.5,159,14.5
11/4/24,W Illinois,San Jose St,Away,10.5,135,387,59-55,4,14.5,114,-21
11/4/24,Nicholls,New Mexico,Away,17.5,151.5,1000,84-91,-7,10.5,175,23.5
11/4/24,Sam Houston,Nevada,Away,10.5,144,395,75-91,-16,-5.5,166,22
11/4/24,Southern,South Dakota,Away,2.5,143.5,124,79-93,-14,-11.5,172,28.5
11/4/24,Saint Louis,Santa Clara,Neutral,2,157.5,114,78-85,-7,-5,163,5.5
11/4/24,Denver,Stanford,Away,17,148,950,62-85,-23,-6,147,-1
11/4/24,Marist,Harvard,Away,3,132.5,136,66-79,-13,-10,145,12.5
11/4/24,Valparaiso,Liberty,Neutral,10.5,138.5,425,63-83,-20,-9.5,146,7.5
11/4/24,Sacred Heart,Temple,Away,14,145,700,70-81,-11,3,151,6
11/4/24,McNeese,S Dakota St,Neutral,-10.5,144.5,-575,73-80,-7,-17.5,153,8.5
11/4/24,Texas A&M-CC,Purdue,Away,25,145.5,1584,73-90,-17,8,163,17.5
11/4/24,Fordham,St John's,Away,19,147,1163,60-92,-32,-13,152,5
11/4/24,Miami OH,App State,Away,7,138.5,244,77-63,14,21,140,1.5
11/4/24,Missouri St,Butler,Away,17,140.5,904,65-72,-7,10,137,-3.5
11/4/24,N Florida,South Carolina,Away,19,140,1250,74-71,3,22,145,5
11/4/24,Le Moyne,Syracuse,Away,22,151.5,1600,82-86,-4,18,168,16.5
11/4/24,Maine,Duke,Away,32.5,139.5,4000,62-96,-34,-1.5,158,18.5
11/4/24,Manhattan,Maryland,Away,26,131.5,1600,49-79,-30,-4,128,-3.5
11/4/24,Morehead St,Louisville,Away,22,149,1400,45-93,-48,-26,138,-11
11/4/24,Navy,Saint Joseph's,Away,16,141,900,63-70,-7,9,133,-8
11/4/24,American,La Salle,Away,4.5,137,174,52-65,-13,-8.5,117,-20
11/4/24,Iona,Princeton,Away,12.5,144.5,580,80-81,-1,11.5,161,16.5
11/4/24,Charleston So,Clemson,Away,22,143,1600,64-91,-27,-5,155,12
11/4/24,Robert Morris,West Virginia,Away,18.5,144,1062,59-87,-28,-9.5,146,2
11/4/24,Gardner-Webb,Tennessee,Away,27.5,141.5,1507,64-80,-16,11.5,144,2.5
11/4/24,CS Northridge,St Bonaventure,Away,8,143.5,320,56-70,-14,-6,126,-17.5
11/4/24,C Connecticut,Providence,Away,19,136.5,1200,55-59,-4,15,114,-22.5
11/4/24,Radford,Pittsburgh,Away,21,139.5,1500,56-96,-40,-19,152,12.5
11/4/24,N Kentucky,Florida St,Away,7.5,145.5,274,62-74,-12,-4.5,136,-9.5
11/4/24,AR-Pine Bluff,Cincinnati,Away,36.5,151,2039,54-109,-55,-18.5,163,12
11/4/24,NC Central,George Mason,Away,15.5,138.5,875,58-75,-17,-1.5,133,-5.5
11/4/24,Wright St,Kentucky,Away,21.5,161.5,1271,62-103,-41,-19.5,165,3.5
11/4/24,Texas A&M,UCF,Away,-6.5,144,-258,61-64,-3,-9.5,125,-19
11/4/24,Bellarmine,VCU,Away,21.5,141.5,1500,65-84,-19,2.5,149,7.5
11/4/24,St Francis PA,Dayton,Away,22.5,136.5,1105,57-87,-30,-7.5,144,7.5
11/4/24,SC Upstate,NC State,Away,23.5,147.5,1600,66-97,-31,-7.5,163,15.5
11/4/24,W Michigan,Coastal Car,Away,4,141,155,56-60,-4,0,116,-25
11/4/24,Ohio,J Madison,Away,3,149,138,78-88,-10,-7,166,17
11/4/24,FGCU,NC Greensboro,Away,5.5,134.5,205,64-73,-9,-3.5,137,2.5
11/4/24,Monmouth,Michigan St,Away,20,143,1143,57-81,-24,-4,138,-5
11/4/24,Penn,NJIT,Away,-8,144,-451,58-57,1,-7,115,-29
11/4/24,Brown,Siena,Away,-2.5,140.5,-142,71-72,-1,-3.5,143,2.5
11/4/24,New Hampshire,UMass,Away,16.5,148,950,74-103,-29,-12.5,177,29
11/4/24,Indiana St,Florida Atlantic,Neutral,7,151.5,244,64-97,-33,-26,161,9.5
11/4/24,Vermont,UAB,Away,5,143,200,67-62,5,10,129,-14
11/4/24,LIU,Mississippi,Away,30,149.5,1607,60-90,-30,0,150,0.5
11/4/24,Tenn Tech,Georgia,Away,25.5,141,1500,78-83,-5,20.5,161,20
11/4/24,Texas So,Xavier,Away,26,151.5,2000,69-78,-9,17,147,-4.5
11/4/24,Saint Peter's,Seton Hall,Away,13.5,127.5,660,53-57,-4,9.5,110,-17.5
11/4/24,Binghamton,Penn St,Away,20.5,146,1500,66-108,-42,-21.5,174,28
11/4/24,Lehigh,Northwestern,Away,15.5,138.5,900,46-90,-44,-28.5,136,-2.5
11/4/24,E Texas A&M,Iowa,Away,30,154.5,1558,67-89,-22,8,156,1.5
11/4/24,S Indiana,DePaul,Away,15,147,750,78-80,-2,13,158,11
11/4/24,Holy Cross,Wisconsin,Away,23.5,140.5,1600,61-85,-24,-0.5,146,5.5
11/4/24,Lafayette,Villanova,Away,18.5,127.5,1056,63-75,-12,6.5,138,10.5
11/4/24,Mercyhurst,G Washington,Away,19,145.5,1200,59-76,-17,2,135,-10.5
11/4/24,Fairfield,Rhode Island,Away,11.5,148.5,500,58-96,-38,-26.5,154,5.5
11/4/24,Delaware St,Virginia Tech,Away,18,142,1100,60-83,-23,-5,143,1
11/4/24,E Illinois,Illinois,Away,24.5,145,1392,67-112,-45,-20.5,179,34
11/4/24,Cleveland St,Michigan,Away,21.5,147,1250,53-101,-48,-26.5,154,7
11/4/24,Howard,Kansas,Away,27.5,155,2000,57-87,-30,-2.5,144,-11
11/4/24,Miss Valley St,Iowa St,Away,44.5,133.5,2658,44-83,-39,5.5,127,-6.5
11/4/24,Jackson St,Houston,Away,36.5,136.5,1882,40-97,-57,-20.5,137,0.5
11/4/24,The Citadel,Boston College,Away,16.5,135.5,925,60-69,-9,7.5,129,-6.5
11/4/24,Coppin St,Wake Forest,Away,34.5,144,2211,49-64,-15,19.5,113,-31
11/4/24,Lipscomb,Duquesne,Away,4,148.5,140,77-72,5,9,149,0.5
11/4/24,UT Rio Grande,Nebraska,Away,23,148.5,1700,67-87,-20,3,154,5.5
11/4/24,Albany,Army,Away,1.5,143.5,105,59-67,-8,-6.5,126,-17.5
11/4/24,Quinnipiac,Yale,Away,8,143.5,310,62-88,-26,-18,150,6.5
11/4/24,Wichita St,W Kentucky,Away,-1,152.5,-106,91-84,7,6,175,22.5
11/4/24,Akron,Arkansas St,Away,5.5,148.5,200,75-80,-5,0.5,155,6.5
11/4/24,C Michigan,S Alabama,Away,5.5,138.5,190,74-70,4,9.5,144,5.5
11/4/24,UT Martin,Illinois St,Away,13,140.5,625,67-65,2,15,132,-8.5
11/4/24,SE Missouri St,Bradley,Away,20,141,1229,60-88,-28,-8,148,7
11/4/24,Maryland ES,Vanderbilt,Away,31,147,1950,63-102,-39,-8,165,18
11/4/24,Presbyterian,Charlotte,Away,12,135.5,547,79-88,-9,3,167,31.5
11/4/24,Tarleton St,SMU,Away,15.5,142,775,62-96,-34,-18.5,158,16
11/4/24,Chicago St,Loyola Chi,Away,21.5,137.5,1800,72-79,-7,14.5,151,13.5
11/4/24,Stony Brook,Marquette,Away,23,148,1600,62-102,-40,-17,164,16
11/4/24,S Florida,Florida,Neutral,11,152.5,440,83-98,-15,-4,181,28.5
11/4/24,Lindenwood,Oklahoma,Away,27,139.5,2000,60-93,-33,-6,153,13.5
11/4/24,NC Asheville,Alabama,Away,27.5,164,2000,54-110,-56,-28.5,164,0
11/4/24,Green Bay,Oklahoma St,Away,17.5,155,940,76-89,-13,4.5,165,10
11/4/24,Elon,North Carolina,Away,28,153.5,1524,76-90,-14,14,166,12.5
11/4/24,E Washington,Colorado,Away,17,153,950,56-76,-20,-3,132,-21
11/4/24,North Dakota,Colorado St,Away,17,143,925,56-82,-26,-9,138,-5
11/4/24,N Alabama,Air Force,Away,5,140.5,185,73-57,16,21,130,-10.5
11/4/24,Texas,Ohio St,Neutral,-1.5,147.5,-130,72-80,-8,-9.5,152,4.5
11/4/24,Towson,Saint Mary's,Away,11,126.5,525,69-76,-7,4,145,18.5
11/4/24,Utah Tech,Oregon St,Away,9.5,143,340,57-80,-23,-13.5,137,-6
11/4/24,Canisius,Arizona,Away,34.5,156,2081,64-93,-29,5.5,157,1
11/4/24,CS Fullerton,Grand Canyon,Away,18.5,140,978,79-89,-10,8.5,168,28
11/4/24,Chattanooga,USC,Away,15,155.5,800,51-77,-26,-11,128,-27.5
11/4/24,UC Riverside,Oregon,Away,16.5,145.5,938,76-91,-15,1.5,167,21.5
11/4/24,Rider,UCLA,Away,23,140,1450,50-85,-35,-12,135,-5
11/4/24,Portland St,Washington St,Away,14.5,153.5,684,92-100,-8,6.5,192,38.5
11/4/24,Baylor,Gonzaga,Away,6.5,157.5,225,63-101,-38,-31.5,164,6.5
11/4/24,Alabama St,UNLV,Away,14,137.5,700,79-93,-14,0,172,34.5
11/4/24,CS Bakersfield,California,Away,13,137.5,625,73-86,-13,0,159,21.5
11/5/24,Cal Poly,San Francisco,Away,20.5,153.5,1188,78-86,-8,12.5,164,10.5
11/5/24,Idaho St,Arizona St,Away,18,144.5,1100,48-55,-7,11,103,-41.5
11/5/24,Evansville,N Texas,Away,13.5,133,660,63-80,-17,-3.5,143,10
11/5/24,Florida Intl,Rice,Away,6.5,151,225,70-77,-7,-0.5,147,-4
11/5/24,New Orleans,Kansas St,Away,30.5,149,2000,65-89,-24,6.5,154,5
11/5/24,Bethune,Texas Tech,Away,32.5,147.5,2200,61-94,-33,-0.5,155,7.5
11/5/24,C Arkansas,BYU,Away,34,155.5,2325,50-88,-38,-4,138,-17.5
11/5/24,UC Davis,Washington,Away,15.5,148,850,73-79,-6,9.5,152,4
11/6/24,Alcorn St,Utah St,Away,28,153.5,1945,46-101,-55,-27,147,-6.5
11/6/24,CS Northridge,Le Moyne,Away,-2.5,153.5,-148,97-75,22,19.5,172,18.5
11/6/24,UCSD,San Diego St,Away,10.5,141,447,58-63,-5,5.5,121,-20
11/6/24,Oakland,Boise St,Away,17,141.5,997,43-87,-44,-27,130,-11.5
11/6/24,Stonehill,Notre Dame,Away,26.5,142,1568,60-89,-29,-2.5,149,7
11/6/24,W Georgia,Georgia Tech,Away,23.5,147.5,1600,62-85,-23,0.5,147,-0.5
11/6/24,UL Monroe,LSU,Away,22.5,147,1300,60-95,-35,-12.5,155,8
11/6/24,Seattle,E Washington,Away,-8,146,-357,86-93,-7,-15,179,33
11/6/24,Wagner,Rutgers,Away,17,131,887,52-75,-23,-6,127,-4
11/6/24,Mercyhurst,Morgan St,Away,7.5,146.5,333,78-73,5,12.5,151,4.5
11/6/24,Coppin St,High Point,Away,25.5,143,1800,51-93,-42,-16.5,144,1
11/6/24,Columbia,Villanova,Away,17,147,952,90-80,10,27,170,23
11/6/24,Sacred Heart,UConn,Away,35.5,149.5,3300,56-92,-36,-0.5,148,-1.5
11/6/24,Lehigh,Georgetown,Away,14.5,148.5,725,77-85,-8,6.5,162,13.5
11/6/24,Campbell,Virginia,Away,16,130.5,917,56-65,-9,7,121,-9.5
11/6/24,E Texas A&M,South Dakota,Away,10.5,149.5,474,83-91,-8,2.5,174,24.5
11/6/24,SIU Edward,Indiana,Away,27,150.5,1656,61-80,-19,8,141,-9.5
11/6/24,Lipscomb,Arkansas,Away,16.5,160,823,60-76,-16,0.5,136,-24
11/6/24,Oral Roberts,Minnesota,Away,15.5,146.5,870,57-80,-23,-7.5,137,-9.5
11/6/24,Vermont,Auburn,Away,17.5,143,1000,43-94,-51,-33.5,137,-6
11/6/24,W Illinois,Pepperdine,Away,5.5,136,200,64-77,-13,-7.5,141,5
11/6/24,UT Rio Grande,Creighton,Away,29,156,1800,86-99,-13,16,185,29
11/6/24,Rider,San Diego,Away,3,148.5,145,68-67,1,4,135,-13.5
11/7/24,Robert Morris,Delaware,Away,7,147.5,250,77-81,-4,3,158,10.5
11/7/24,UC Davis,Idaho,Away,-2,143.5,-132,79-75,4,2,154,10.5
11/7/24,Charleston So,N Florida,Away,7.5,148.5,260,66-90,-24,-16.5,156,7.5
11/7/24,NC A&T,Wake Forest,Away,26.5,154,1843,64-80,-16,10.5,144,-10
11/7/24,Stony Brook,C Michigan,Away,5.5,137.5,198,73-72,1,6.5,145,7.5
11/7/24,Maryland ES,Penn,Away,19.5,140.5,1300,84-85,-1,18.5,169,28.5
11/7/24,Southern Miss,UAB,Away,13.5,153.5,700,84-98,-14,-0.5,182,28.5
11/7/24,Bucknell,S Indiana,Away,-3,146,-155,75-69,6,3,144,-2
11/7/24,Niagara,Michigan St,Away,30,144,2106,60-96,-36,-6,156,12
11/7/24,Florida A&M,SMU,Away,31.5,149.5,2000,73-102,-29,2.5,175,25.5
11/7/24,Omaha,Stetson,Away,4.5,149.5,170,79-76,3,7.5,155,5.5
11/7/24,Detroit Mercy,Loyola Chi,Away,24,140.5,1700,65-87,-22,2,152,11.5
11/7/24,Milwaukee,N Iowa,Away,6.5,156.5,235,68-87,-19,-12.5,155,-1.5
11/7/24,Prairie View,DePaul,Away,17,152.5,950,59-92,-33,-16,151,-1.5
11/7/24,Montana St,Wisconsin,Away,17,144.5,950,67-79,-12,5,146,1.5
11/7/24,Southern,Iowa,Away,26.5,160.5,1800,74-89,-15,11.5,163,2.5
11/7/24,Jacksonville,Florida,Away,24.5,153.5,1647,60-81,-21,3.5,141,-12.5
11/7/24,Illinois St,N Dakota St,Away,3.5,139,150,77-68,9,12.5,145,6
11/7/24,Jacksonville St,Air Force,Away,1.5,133,105,67-73,-6,-4.5,140,7
11/7/24,Chattanooga,Saint Mary's,Away,16.5,138,900,74-86,-12,4.5,160,22
11/7/24,Idaho St,USC,Away,23.5,136.5,1500,69-75,-6,17.5,144,7.5
11/7/24,Cal Poly,California,Away,14.5,159.5,750,73-91,-18,-3.5,164,4.5
11/7/24,C Arkansas,Utah,Away,29.5,149.5,1850,63-98,-35,-5.5,161,11.5
11/8/24,S Alabama,Nicholls,Away,5.5,151.5,180,70-64,6,11.5,134,-17.5
11/8/24,Arkansas St,Alabama,Away,25.5,171.5,1598,79-88,-9,16.5,167,-4.5
11/8/24,Georgia St,Mississippi St,Away,23.5,149,1800,66-101,-35,-11.5,167,18
11/8/24,Boston U,San Diego,Away,2.5,144.5,120,60-74,-14,-11.5,134,-10.5
11/8/24,Davidson,Bowling Green,Away,-5.5,146.5,-225,91-85,6,0.5,176,29.5
11/8/24,Sacramento St,Fresno St,Away,7,159.5,235,57-64,-7,0,121,-38.5
11/8/24,Howard,Missouri,Away,19,153.5,1200,62-77,-15,4,139,-14.5
11/8/24,Purdue FW,UCF,Away,11.5,150.5,470,68-75,-7,4.5,143,-7.5
11/8/24,S Carolina St,South Carolina,Away,19.5,148.5,1200,64-86,-22,-2.5,150,1.5
11/8/24,Long Beach St,S Dakota St,Away,9.5,146,380,79-80,-1,8.5,159,13
11/8/24,N Colorado,Colorado,Away,13,152,636,88-90,-2,11,178,26
11/8/24,UC Riverside,BYU,Away,22,153.5,1750,80-86,-6,16,166,12.5
11/8/24,Gardner-Webb,NC Central,Away,1.5,142.5,100,88-82,6,7.5,170,27.5
11/8/24,CS Fullerton,Stanford,Away,16.5,143.5,870,53-80,-27,-10.5,133,-10.5
11/8/24,UMBC,Penn St,Away,22.5,166.5,1464,54-103,-49,-26.5,157,-9.5
11/8/24,Army,Duke,Away,34,144,3300,58-100,-42,-8,158,14
11/8/24,Boston College,VCU,Neutral,11,140.5,470,55-80,-25,-14,135,-5.5
11/8/24,Saint Peter's,UMass Lowell,Away,10.5,135.5,409,74-81,-7,3.5,155,19.5
11/8/24,Monmouth,Temple,Neutral,6.5,147.5,220,74-103,-29,-22.5,177,29.5
11/8/24,Samford,Cornell,Away,-2.5,167.5,-151,86-88,-2,-4.5,174,6.5
11/8/24,IU Indy,Xavier,Away,30.5,158.5,1791,80-94,-14,16.5,174,15.5
11/8/24,Austin Peay,Butler,Away,17.5,147.5,1000,68-66,2,19.5,134,-13.5
11/8/24,St Thomas,Green Bay,Away,-3.5,146,-167,90-76,14,10.5,166,20
11/8/24,Georgia So,NC Wilmington,Away,5.5,152.5,195,84-92,-8,-2.5,176,23.5
11/8/24,W Carolina,Queens,Away,4.5,159.5,155,54-67,-13,-8.5,121,-38.5
11/8/24,C Connecticut,Saint Joseph's,Away,17,144.5,951,73-67,6,23,140,-4.5
11/8/24,Iona,Hofstra,Away,4.5,148.5,165,76-90,-14,-9.5,166,17.5
11/8/24,North Carolina,Kansas,Away,8,160.5,287,89-92,-3,5,181,20.5
11/8/24,SC Upstate,Virginia Tech,Away,24,150,2000,74-93,-19,5,167,17
11/8/24,UMass,West Virginia,Away,9,152.5,336,69-75,-6,3,144,-8.5
11/8/24,N Kentucky,Purdue,Away,20.5,147.5,1164,50-72,-22,-1.5,122,-25.5
11/8/24,St Francis PA,Clemson,Away,29.5,147,1642,62-88,-26,3.5,150,3
11/8/24,Morehead St,Cincinnati,Away,28,143.5,1615,56-83,-27,1,139,-4.5
11/8/24,Grambling,Mississippi,Away,24,143,1500,64-66,-2,22,130,-13
11/8/24,Murray St,Pittsburgh,Away,13,151,575,68-83,-15,-2,151,0
11/8/24,Holy Cross,Rhode Island,Away,20.5,150.5,1400,77-91,-14,6.5,168,17.5
11/8/24,Hampton,G Washington,Away,13,146.5,650,54-82,-28,-15,136,-10.5
11/8/24,E Kentucky,E Tennessee St,Away,12,150.5,475,82-78,4,16,160,9.5
11/8/24,Siena,Bryant,Away,11,148.5,500,90-88,2,13,178,29.5
11/8/24,S Florida,Charleston,Away,5,155.5,176,71-86,-15,-10,157,1.5
11/8/24,William & Mary,Radford,Away,-3.5,148,-155,77-89,-12,-15.5,166,18
11/8/24,Presbyterian,NC State,Away,22,155,1400,72-81,-9,13,153,-2
11/8/24,UL Monroe,Tulane,Away,11,153.5,485,64-80,-16,-5,144,-9.5
11/8/24,Furman,Belmont,Away,2.5,160,128,76-74,2,4.5,150,-10
11/8/24,Yale,Illinois Chicago,Away,-6,138.5,-274,79-91,-12,-18,170,31.5
11/8/24,Santa Clara,Arizona St,Neutral,-5.5,150.5,-246,74-81,-7,-12.5,155,4.5
11/8/24,E Texas A&M,Texas A&M,Away,31,144.5,3300,55-87,-32,-1,142,-2.5
11/8/24,Hou Christian,Texas,Away,33.5,149,1987,59-90,-31,2.5,149,0
11/8/24,NW State,Texas Tech,Away,34,148.5,2276,65-86,-21,13,151,2.5
11/8/24,Mt St Mary's,Maryland,Away,24,137.5,1500,52-86,-34,-10,138,0.5
11/8/24,SIU Edward,Illinois,Away,27,159,1700,58-90,-32,-5,148,-11
11/8/24,FGCU,TCU,Away,17.5,149,1100,51-67,-16,1.5,118,-31
11/8/24,Harvard,Navy,Away,2,136.5,114,80-85,-5,-3,165,28.5
11/8/24,NJIT,Villanova,Away,22.5,139,1266,54-91,-37,-14.5,145,6
11/8/24,George Mason,Marquette,Away,13.5,149.5,651,63-82,-19,-5.5,145,-4.5
11/8/24,Princeton,Duquesne,Neutral,-5.5,146.5,-226,75-68,7,1.5,143,-3.5
11/8/24,Tennessee St,Colorado St,Away,23.5,146.5,1500,79-87,-8,15.5,166,19.5
11/8/24,Montana,Oregon,Away,18,152.5,1017,48-79,-31,-13,127,-25.5
11/8/24,UC Irvine,Loyola Mymt,Away,-1,150.5,-118,66-51,15,14,117,-33.5
11/8/24,Weber St,Oregon St,Away,5,140.5,180,48-76,-28,-23,124,-16.5
11/8/24,Pacific,San Jose St,Neutral,1.5,143.5,112,80-67,13,14.5,147,3.5
11/8/24,Bradley,Washington St,Away,1.5,155,110,74-91,-17,-15.5,165,10
11/8/24,New Mexico,UCLA,Neutral,4.5,152.5,165,72-64,8,12.5,136,-16.5
11/9/24,Boise St,San Francisco,Away,-2,145,-125,73-84,-11,-13,157,12
11/9/24,Montana St,Wichita St,Away,10,151.5,425,69-89,-20,-10,158,6.5
11/9/24,Troy,New Orleans,Away,-12.5,151,-900,78-61,17,4.5,139,-12
11/9/24,Tennessee,Louisville,Away,2.5,156.5,127,77-55,22,24.5,132,-24.5
11/9/24,Kennesaw St,Cal Baptist,Away,10.5,157.5,410,84-88,-4,6.5,172,14.5
11/9/24,Little Rock,Winthrop,Away,11,158,411,67-82,-15,-4,149,-9
11/9/24,NC Asheville,Ohio,Away,9.5,158,400,76-82,-6,3.5,158,0
11/9/24,Liberty,Seattle,Away,1,139.5,-105,66-64,2,3,130,-9.5
11/9/24,Fordham,Seton Hall,Away,10.5,135.5,460,57-56,1,11.5,113,-22.5
11/9/24,Washington,Nevada,Away,6.5,154.5,220,53-63,-10,-3.5,116,-38.5
11/9/24,Wright St,Miami OH,Away,4,154.5,150,81-68,13,17,149,-5.5
11/9/24,Sacred Heart,Dartmouth,Away,2.5,141.5,127,76-81,-5,-2.5,157,15.5
11/9/24,Colgate,Drexel,Away,-3.5,143.5,-175,56-73,-17,-20.5,129,-14.5
11/9/24,Delaware St,Columbia,Away,12.5,153.5,521,62-83,-21,-8.5,145,-8.5
11/9/24,Jackson St,High Point,Away,23,154.5,1600,71-80,-9,14,151,-3.5
11/9/24,Quinnipiac,St John's,Away,20,157,1029,73-96,-23,-3,169,12
11/9/24,Rider,Coppin St,Away,-9,136.5,-576,64-53,11,2,117,-19.5
11/9/24,AR-Pine Bluff,Tulsa,Away,21.5,162,1345,80-103,-23,-1.5,183,21
11/9/24,VMI,Bellarmine,Away,10.5,149,450,76-71,5,15.5,147,-2
11/9/24,Morgan St,Longwood,Away,9.5,151.5,410,66-84,-18,-8.5,150,-1.5
11/9/24,Lafayette,La Salle,Away,7.5,132,310,60-81,-21,-13.5,141,9
11/9/24,Omaha,Minnesota,Away,20.5,144,1300,64-68,-4,16.5,132,-12
11/9/24,Bucknell,Kentucky,Away,28.5,154.5,2060,72-100,-28,0.5,172,17.5
11/9/24,Fairfield,Georgetown,Away,15.5,156.5,870,57-69,-12,3.5,126,-30.5
11/9/24,St Bonaventure,Canisius,Away,-7.5,140,-360,87-78,9,1.5,165,25
11/9/24,Cleveland St,Kansas St,Away,23,148.5,1500,64-77,-13,10,141,-7.5
11/9/24,Toledo,Marshall,Away,-1,160.5,-115,90-80,10,9,170,9.5
11/9/24,Coastal Car,E Carolina,Away,12.5,135,600,59-63,-4,8.5,122,-13
11/9/24,Old Dominion,Arizona,Away,33,163,1900,44-102,-58,-25,146,-17
11/9/24,Wofford,Lipscomb,Away,5.5,154.5,180,69-78,-9,-3.5,147,-7.5
11/9/24,Louisiana Tech,UT Arlington,Away,1.5,149,-105,92-77,15,16.5,169,20
11/9/24,Stonehill,Providence,Away,24.5,138,2000,49-76,-27,-2.5,125,-13
11/9/24,Marist,Richmond,Away,9,141.5,370,79-72,7,16,151,9.5
11/9/24,Memphis,UNLV,Away,1.5,157.5,105,80-74,6,7.5,154,-3.5
11/9/24,J Madison,Norfolk St,Away,-4.5,145,-205,69-83,-14,-18.5,152,7
11/9/24,UCSB,Portland,Away,-7,149.5,-310,94-53,41,34,147,-2.5
11/9/24,Middle Tenn,Abl Christian,Away,4,146.5,150,79-56,23,27,135,-11.5
11/9/24,Charlotte,Utah St,Away,14,146,700,74-103,-29,-15,177,31
11/9/24,Vermont,Merrimack,Away,-7.5,126,-350,51-65,-14,-21.5,116,-10
12/13/24,North Dakota,UTSA,Away,7.5,154.5,263,76-80,-4,3.5,156,1.5
11/9/24,Florida St,Rice,Neutral,-10,152.5,-500,73-65,8,-2,138,-14.5
11/9/24,Baylor,Arkansas,Neutral,-4.5,155.5,-197,72-67,5,0.5,139,-16.5
11/9/24,Northwestern,Dayton,Away,4.5,136.5,165,66-71,-5,-0.5,137,0.5
11/9/24,Sam Houston,Tarleton St,Away,-5.5,144.5,-230,91-62,29,23.5,153,8.5
11/9/24,UTEP,Utah Valley,Away,1,143.5,100,60-89,-29,-28,149,5.5
11/9/24,W Kentucky,Grand Canyon,Away,12.5,160.5,550,72-74,-2,10.5,146,-14.5
11/9/24,New Hampshire,UConn,Away,36.5,153.5,2500,53-92,-39,-2.5,145,-8.5
11/9/24,Bethune,Nebraska,Away,23,154,1500,58-63,-5,18,121,-33
11/9/24,Youngstown St,Chicago St,Away,-5.5,151,-225,80-60,20,14.5,140,-11
11/9/24,Florida Intl,S Utah,Away,7,159.5,240,75-80,-5,2,155,-4.5
11/9/24,New Mexico St,Utah Tech,Away,-3.5,149.5,-168,75-63,12,8.5,138,-11.5
11/9/24,Auburn,Houston,Neutral,5.5,141.5,191,74-69,5,10.5,143,1.5
11/9/24,Pepperdine,UCSD,Away,8.5,144.5,306,76-94,-18,-9.5,170,25.5
11/10/24,SF Austin,Drake,Away,4,139.5,150,51-66,-15,-11,117,-22.5
11/10/24,Princeton,Northeastern,Away,-7.5,147,-325,79-76,3,-4.5,155,8
11/10/24,App State,Wisconsin,Away,15.5,137.5,850,56-87,-31,-15.5,143,5.5
11/10/24,Binghamton,Miami,Away,28,156.5,1700,64-88,-24,4,152,-4.5
11/10/24,Alabama St,LSU,Away,19,151.5,1200,61-74,-13,6,135,-16.5
11/10/24,SE Missouri St,Vanderbilt,Away,26.5,155.5,1700,76-85,-9,17.5,161,5.5
11/10/24,Niagara,Detroit Mercy,Away,1.5,146.5,105,78-84,-6,-4.5,162,15.5
11/10/24,N Florida,Georgia Tech,Away,14,154.5,596,105-93,12,26,198,43.5
11/10/24,Wake Forest,Michigan,Neutral,2,156,110,72-70,2,4,142,-14
11/10/24,UC Irvine,N Iowa,Away,3.5,140.5,145,80-60,20,23.5,140,-0.5
11/10/24,St Thomas,Oklahoma St,Away,12.5,156.5,640,71-80,-9,3.5,151,-5.5
11/10/24,Harvard,American,Away,-1.5,141.5,-130,55-67,-12,-13.5,122,-19.5
11/10/24,Maine,Brown,Away,3.5,140.5,142,69-67,2,5.5,136,-4.5
11/10/24,St Francis PA,Campbell,Away,8,144.5,308,65-64,1,9,129,-15.5
11/10/24,SE Louisiana,UAB,Away,21.5,154,1318,72-82,-10,11.5,154,0
11/10/24,Texas So,Georgia,Away,17.5,148,1000,64-92,-28,-10.5,156,8
11/10/24,Tennessee St,Wyoming,Away,11,145,454,66-81,-15,-4,147,2
11/10/24,Arizona St,Gonzaga,Away,21.5,156.5,1400,80-88,-8,13.5,168,11.5
11/10/24,F Dickinson,Creighton,Away,36,168,2384,70-96,-26,10,166,-2
11/10/24,E Illinois,Indiana,Away,27,149.5,1700,55-90,-35,-8,145,-4.5
11/10/24,San Jose St,Hawai'i,Away,4.5,133,168,69-80,-11,-6.5,149,16
11/11/24,Chattanooga,Austin Peay,Away,-2.5,146.5,-148,61-67,-6,-8.5,128,-18.5
11/11/24,E Washington,Missouri,Away,18.5,151.5,975,77-84,-7,11.5,161,9.5
11/11/24,Buffalo,Notre Dame,Away,23.5,147.5,1450,77-86,-9,14.5,163,15.5
11/11/24,LIU,Air Force,Away,11.5,143,525,63-54,9,20.5,117,-26
11/11/24,Youngstown St,Ohio St,Away,19,149.5,1110,47-81,-34,-15,128,-21.5
11/11/24,Stetson,The Citadel,Away,3,145.5,130,52-74,-22,-19,126,-19.5
11/11/24,S Indiana,Marshall,Away,9.5,153.5,367,63-77,-14,-4.5,140,-13.5
11/11/24,W Michigan,Butler,Away,17.5,149,1005,65-85,-20,-2.5,150,1
11/11/24,Jacksonville,Furman,Away,8,142.5,280,69-78,-9,-1,147,4.5
11/11/24,Florida A&M,Maryland,Away,31.5,140.5,1769,53-84,-31,0.5,137,-3.5
11/11/24,Coppin St,Virginia,Away,24.5,122.5,1800,45-62,-17,7.5,107,-15.5
11/11/24,UT Martin,N Alabama,Away,9,151,350,69-87,-18,-9,156,5
11/11/24,Winthrop,Virginia Tech,Away,9,153.5,340,52-58,-6,3,110,-43.5
11/11/24,Saint Peter's,Rutgers,Away,16.5,133.5,932,65-75,-10,6.5,140,6.5
11/11/24,Stony Brook,George Mason,Away,15.5,142,870,56-94,-38,-22.5,150,8
11/11/24,Gardner-Webb,Pittsburgh,Away,20,149,1200,64-83,-19,1,147,-2
11/11/24,Grambling,Florida,Away,25.5,151,1800,62-86,-24,1.5,148,-3
11/11/24,McNeese,Alabama,Away,17.5,168,921,64-72,-8,9.5,136,-32
11/11/24,Alcorn St,Tulane,Away,21.5,153.5,1300,51-84,-33,-11.5,135,-18.5
11/11/24,NW State,Oklahoma,Away,25.5,147,1800,57-73,-16,9.5,130,-17
11/11/24,Lamar,Texas A&M,Away,25,145,1800,71-97,-26,-1,168,23
11/11/24,NC Greensboro,SMU,Away,14,148,700,68-81,-13,1,149,1
11/11/24,Kansas City,Iowa St,Away,28.5,142.5,1800,56-82,-26,2.5,138,-4.5
11/11/24,Yale,Purdue,Away,14.5,144.5,775,84-92,-8,6.5,176,31.5
11/11/24,C Michigan,Marquette,Away,26.5,149.5,1800,62-70,-8,18.5,132,-17.5
11/11/24,Mercer,DePaul,Away,9,157.5,320,64-95,-31,-22,159,1.5
11/11/24,N Dakota St,CS Bakersfield,Away,2.5,139.5,120,81-86,-5,-2.5,167,27.5
11/11/24,Idaho,Washington St,Away,15.5,156.5,807,67-90,-23,-7.5,157,0.5
11/11/24,Boston U,UCLA,Away,25.5,134,1700,40-71,-31,-5.5,111,-23
11/11/24,Pacific,Hawai'i,Away,3.5,142.5,136,66-76,-10,-6.5,142,-0.5
11/12/24,SIU Edward,Indiana St,Away,6.5,150.5,220,77-72,5,11.5,149,-1.5
11/12/24,UL Monroe,Rice,Away,10.5,145,394,50-66,-16,-5.5,116,-29
11/12/24,Denver,Colorado St,Away,21.5,152.5,1400,65-74,-9,12.5,139,-13.5
11/12/24,Monmouth,N Illinois,Away,-2.5,148,-142,66-79,-13,-15.5,145,-3
11/12/24,Texas A&M-CC,New Mexico,Neutral,16,160,800,81-100,-19,-3,181,21
11/12/24,American,Siena,Away,-2,132.5,-137,66-74,-8,-10,140,7.5
11/12/24,Texas St,TCU,Away,15,140,823,71-76,-5,10,147,7
11/12/24,Florida Atlantic,UCF,Away,4.5,155,164,94-100,-6,-1.5,194,39
11/12/24,Towson,South Carolina,Away,7,136,270,54-80,-26,-19,134,-2
11/12/24,SE Louisiana,Mississippi St,Away,25.5,150,1505,59-80,-21,4.5,139,-11
11/12/24,Prairie View,Incarnate Word,Away,11.5,154,500,81-84,-3,8.5,165,11
11/12/24,Texas So,Georgia Tech,Away,16.5,154.5,900,62-81,-19,-2.5,143,-11.5
11/12/24,Portland St,San Diego,Away,-2,157,-129,85-76,9,7,161,4
11/12/24,S Alabama,Mississippi,Away,17.5,146,1009,54-64,-10,7.5,118,-28
11/12/24,Villanova,Saint Joseph's,Away,-3.5,141,-168,76-83,-7,-10.5,159,18
11/12/24,Cornell,La Salle,Away,2,157,108,77-93,-16,-14,170,13
11/12/24,Hampton,Providence,Away,23,138.5,1371,51-60,-9,14,111,-27.5
11/12/24,Kansas,Michigan St,Neutral,-6,150.5,-265,77-69,8,2,146,-4.5
11/12/24,St Francis PA,Penn St,Away,31,152,2063,62-92,-30,1,154,2
11/12/24,Illinois Chicago,Northwestern,Away,15,142,800,74-83,-9,6,157,15
11/12/24,Tarleton St,Florida St,Away,17,146,960,52-72,-20,-3,124,-22
11/12/24,NC A&T,G Washington,Away,15.5,156.5,800,80-85,-5,10.5,165,8.5
11/12/24,Binghamton,Fordham,Away,14,142.5,650,63-78,-15,-1,141,-1.5
11/12/24,E Kentucky,Clemson,Away,22,152.5,1300,62-75,-13,9,137,-15.5
11/12/24,Delaware,Iona,Away,6.5,154.5,227,64-58,6,12.5,122,-32.5
11/12/24,Colgate,Syracuse,Away,12,153,525,72-74,-2,10,146,-7
11/12/24,Rider,Navy,Away,5.5,138.5,187,90-79,11,16.5,169,30.5
11/12/24,N Florida,Georgia,Away,15,158.5,625,77-90,-13,2,167,8.5
11/12/24,Norfolk St,William & Mary,Away,2,156,100,73-84,-11,-9,157,1
11/12/24,Bethune,Purdue FW,Away,13,153.5,594,69-91,-22,-9,160,6.5
11/12/24,Lehigh,Columbia,Away,8.5,158,295,75-76,-1,7.5,151,-7
11/12/24,Maryland ES,Miami OH,Away,18.5,141,1100,70-88,-18,0.5,158,17
11/12/24,NC Central,High Point,Away,16.5,157.5,841,60-76,-16,0.5,136,-21.5
11/12/24,Loyola MD,NJIT,Away,-2.5,138,-171,68-50,18,15.5,118,-20
11/12/24,Penn,Lafayette,Away,-2,141.5,-133,63-65,-2,-4,128,-13.5
11/12/24,Fairfield,New Hampshire,Away,-1.5,152.5,-120,62-56,6,4.5,118,-34.5
11/12/24,W Georgia,Tenn Tech,Away,6.5,143,240,73-76,-3,3.5,149,6
11/12/24,Old Dominion,Radford,Away,3,143,136,75-87,-12,-9,162,19
11/12/24,Drexel,Temple,Away,11,143.5,460,61-69,-8,3,130,-13.5
11/12/24,AR-Pine Bluff,S Florida,Away,24.5,167,1600,69-85,-16,8.5,154,-13
11/12/24,Little Rock,Arkansas St,Away,15,158,736,63-80,-17,-2,143,-15
11/12/24,Cleveland St,Valparaiso,Away,3.5,148,136,75-67,8,11.5,142,-6
11/12/24,Sam Houston,Baylor,Away,16,150,862,67-104,-37,-21,171,21
11/12/24,Ohio,Illinois St,Away,-2.5,147,-135,75-85,-10,-12.5,160,13
11/12/24,Belmont,Lipscomb,Away,6.5,155,235,80-79,1,7.5,159,4
11/12/24,UTSA,Bradley,Away,12,155.5,524,72-85,-13,-1,157,1.5
11/12/24,Chicago St,Texas,Away,30.5,147.5,2000,58-105,-47,-16.5,163,15.5
11/12/24,Jackson St,Xavier,Away,26,156.5,1369,57-94,-37,-11,151,-5.5
11/12/24,South Dakota,Iowa,Away,19.5,174.5,1000,77-96,-19,0.5,173,-1.5
11/12/24,Kentucky,Duke,Neutral,5.5,159.5,202,77-72,5,10.5,149,-10.5
11/12/24,Queens,Utah,Away,23.5,160,1700,65-96,-31,-7.5,161,1
11/12/24,UC Riverside,Cal Baptist,Away,3.5,146.5,137,70-69,1,4.5,139,-7.5
11/12/24,N Arizona,Stanford,Away,18,145.5,1006,64-90,-26,-8,154,8.5
11/12/24,Sacramento St,UCSD,Away,12.5,139.5,650,54-64,-10,2.5,118,-21.5
11/12/24,Akron,Saint Mary's,Away,14.5,136.5,800,68-87,-19,-4.5,155,18.5
11/12/24,Portland,Oregon,Away,27,152.5,1550,70-80,-10,17,150,-2.5
11/13/24,Weber St,Nevada,Away,17,138,928,58-88,-30,-13,146,8
11/13/24,Harvard,Northeastern,Away,2,142.5,110,56-78,-22,-20,134,-8.5
11/13/24,Long Beach St,San Francisco,Away,15.5,144.5,850,54-84,-30,-14.5,138,-6.5
11/13/24,CS Fullerton,Colorado,Away,15,136,850,53-83,-30,-15,136,0
11/13/24,Albany,Dartmouth,Away,4,150,179,87-73,14,18,160,10
11/13/24,UMass,Louisiana Tech,Neutral,1.5,143.5,100,66-76,-10,-8.5,142,-1.5
11/13/24,S Indiana,Bellarmine,Away,4.5,139.5,163,71-69,2,6.5,140,0.5
11/13/24,Wagner,St John's,Away,26,143,1506,45-66,-21,5,111,-32
11/13/24,Howard,Tennessee St,Neutral,-2.5,148,-156,88-84,4,1.5,172,24
11/13/24,Georgia St,Jacksonville St,Away,5.5,141,200,67-72,-5,0.5,139,-2
11/13/24,Coastal Car,NC State,Away,17,139,950,70-82,-12,5,152,13
11/13/24,Richmond,Charlotte,Away,1.5,141.5,105,48-65,-17,-15.5,113,-28.5
11/13/24,Ball St,Dayton,Away,16,144,850,69-77,-8,8,146,2
11/13/24,C Michigan,George Mason,Away,14.5,138,675,70-69,1,15.5,139,1
11/13/24,Le Moyne,UConn,Away,37.5,150.5,2341,49-90,-41,-3.5,139,-11.5
11/13/24,Canisius,Mercyhurst,Away,-2,140.5,-129,52-62,-10,-12,114,-26.5
11/13/24,Merrimack,VCU,Away,15,134,764,42-63,-21,-6,105,-29
11/13/24,Milwaukee,Longwood,Away,3.5,154.5,150,62-76,-14,-10.5,138,-16.5
11/13/24,St Bonaventure,FGCU,Away,-3,136,-149,74-65,9,6,139,3
11/13/24,Montana,Tennessee,Away,26.5,141,1780,57-92,-35,-8.5,149,8
11/13/24,SC Upstate,Wake Forest,Away,29.5,153,1888,80-85,-5,24.5,165,12
11/13/24,Wright St,Toledo,Away,7,162.5,245,77-86,-9,-2,163,0.5
11/13/24,Mt St Mary's,Bucknell,Away,7,145,247,93-89,4,11,182,37
11/13/24,Wofford,Presbyterian,Away,-5,145.5,-225,68-71,-3,-8,139,-6.5
11/13/24,Southern,E Texas A&M,Away,-3,146.5,-160,68-70,-2,-5,138,-8.5
11/13/24,Evansville,Middle Tenn,Away,11,146,414,63-80,-17,-6,143,-3
11/13/24,Hofstra,Seton Hall,Neutral,5,137.5,153,49-48,1,6,97,-40.5
11/13/24,Green Bay,W Illinois,Away,2,143,105,87-73,14,16,160,17
11/13/24,Troy,Arkansas,Away,13,153,610,49-65,-16,-3,114,-39
11/13/24,Oral Roberts,Tulsa,Away,10.5,151.5,401,76-85,-9,1.5,161,9.5
11/13/24,Louisiana,Houston,Away,31.5,139.5,2305,45-91,-46,-14.5,136,-3.5
11/13/24,F Dickinson,Nebraska,Away,28,158.5,1692,60-86,-26,2,146,-12.5
11/13/24,California,Vanderbilt,Away,7,157,275,69-85,-16,-9,154,-3
11/13/24,N Texas,Minnesota,Away,2.5,130,129,54-51,3,5.5,105,-25
11/13/24,Wyoming,Texas Tech,Away,18.5,145,950,49-96,-47,-28.5,145,0
11/13/24,Kent St,Auburn,Away,23,148,1450,56-79,-23,0,135,-13
11/13/24,Hou Christian,Creighton,Away,35.5,153,1919,43-78,-35,0.5,121,-32
11/13/24,Oakland,Illinois,Away,24,150.5,1557,54-66,-12,12,120,-30.5
11/13/24,Queens,BYU,Away,31,158.5,1785,55-99,-44,-13,154,-4.5
11/13/24,N Dakota St,Santa Clara,Away,15.5,153,800,88-80,8,23.5,168,15
11/13/24,Fresno St,UCSB,Away,12.5,150.5,585,86-91,-5,7.5,177,26.5
11/13/24,UT Arlington,USC,Away,16,154,900,95-98,-3,13,193,39
11/14/24,N Colorado,S Dakota St,Neutral,3.5,153,140,78-69,9,12.5,147,-6
11/14/24,N Iowa,Wichita St,Away,7.5,152.5,285,73-79,-6,1.5,152,-0.5
11/14/24,Miss Valley St,Missouri,Away,34,139,3500,39-111,-72,-38,150,11
11/14/24,Utah Valley,North Dakota,Away,-5.5,145,-225,71-77,-6,-11.5,148,3
11/14/24,Lindenwood,New Orleans,Neutral,2,148,114,74-82,-8,-6,156,8
11/14/24,E Michigan,IU Indy,Away,3.5,137.5,142,74-71,3,6.5,145,7.5
11/14/24,Nicholls,N Kentucky,Away,6.5,142,233,61-59,2,8.5,120,-22
11/14/24,Stonehill,Robert Morris,Away,8.5,143.5,354,51-63,-12,-3.5,114,-29.5
11/14/24,S Carolina St,Jacksonville,Away,6.5,145.5,227,62-71,-9,-2.5,133,-12.5
11/14/24,Coppin St,UMBC,Away,13,147.5,635,67-92,-25,-12,159,11.5
11/14/24,Bryant,Buffalo,Away,-6.5,163.5,-291,87-64,23,16.5,151,-12.5
11/14/24,LSU,Kansas St,Away,9,148.5,320,76-65,11,20,141,-7.5
11/14/24,Morehead St,Chattanooga,Away,11.5,143,550,62-76,-14,-2.5,138,-5
11/14/24,S Illinois,Oklahoma St,Away,12,161.5,511,78-85,-7,5,163,1.5
11/14/24,Grand Canyon,Arizona St,Neutral,-6,148,-230,76-87,-11,-17,163,15
11/14/24,Texas A&M-CC,New Mexico St,Away,4.5,147,164,82-83,-1,3.5,165,18
11/14/24,Seattle,Cal Poly,Away,-4.5,152.5,-205,71-75,-4,-8.5,146,-6.5
11/14/24,N Arizona,Pacific,Away,5.5,152.5,195,60-57,3,8.5,117,-35.5
11/14/24,Omaha,UNLV,Away,16.5,146.5,1014,69-80,-11,5.5,149,2.5
11/15/24,LIU,Cal Baptist,Away,16,148,850,77-90,-13,3,167,19
11/15/24,Maryland ES,Old Dominion,Away,11.5,147.5,550,71-73,-2,9.5,144,-3.5
11/15/24,Florida Atlantic,Charleston,Away,2,164,116,116-119,-3,-1,235,71
11/15/24,UMass Lowell,Gonzaga,Away,27.5,165,3500,54-113,-59,-31.5,167,2
11/15/24,SIU Edward,W Michigan,Away,2.5,142.5,120,79-60,19,21.5,139,-3.5
11/15/24,Ohio,Memphis,Away,12.5,161.5,640,70-94,-24,-11.5,164,2.5
11/15/24,NC Wilmington,SC Upstate,Away,-9,157.5,-418,89-85,4,-5,174,16.5
11/15/24,Georgia,Georgia Tech,Away,-2,157,-135,77-69,8,6,146,-11
11/15/24,Stonehill,New Orleans,Neutral,4,141.5,154,80-54,26,30,134,-7.5
11/15/24,Holy Cross,Sacred Heart,Neutral,2.5,151.5,120,82-75,7,9.5,157,5.5
11/15/24,William & Mary,Winthrop,Neutral,7,159.5,258,85-86,-1,6,171,11.5
11/15/24,Virginia,Villanova,Neutral,4,128,150,70-60,10,14,130,2
11/15/24,TCU,Michigan,Away,7,153,240,64-76,-12,-5,140,-13
11/15/24,Florida,Florida St,Away,-5.5,158,-220,87-74,13,7.5,161,3
11/15/24,Monmouth,Rutgers,Away,22,148,1250,81-98,-17,5,179,31
11/15/24,Loyola Chi,Princeton,Away,2,147,109,73-68,5,7,141,-6
11/15/24,Fordham,Manhattan,Away,-8,141,-360,76-78,-2,-10,154,13
11/15/24,Nicholls,Cincinnati,Away,27.5,146.5,2500,49-86,-37,-9.5,135,-11.5
11/15/24,Vermont,Iona,Away,-4,135.5,-183,59-62,-3,-7,121,-14.5
11/15/24,Alabama,Purdue,Away,-4,164.5,-185,78-87,-9,-13,165,0.5
11/15/24,SMU,Butler,Away,-1.5,157.5,-125,70-81,-11,-12.5,151,-6.5
11/15/24,Temple,Boston College,Away,-1.5,143.5,-122,69-72,-3,-4.5,141,-2.5
11/15/24,Belmont,Air Force,Away,-3,140.5,-161,79-71,8,5,150,9.5
11/15/24,Lindenwood,Robert Morris,Away,7,141.5,238,53-67,-14,-7,120,-21.5
11/15/24,Maine,Quinnipiac,Away,5.5,145,215,55-58,-3,2.5,113,-32
11/15/24,New Hampshire,Brown,Away,8.5,147,285,58-76,-18,-9.5,134,-13
11/15/24,UAB,High Point,Away,2.5,158.5,116,65-68,-3,-0.5,133,-25.5
11/15/24,W Georgia,S Florida,Away,18.5,154,1200,55-74,-19,-0.5,129,-25
11/15/24,Army,Marist,Away,7,131,250,88-91,-3,4,179,48
11/15/24,Tulane,Furman,Away,5,153,180,67-75,-8,-3,142,-11
11/15/24,NC Central,Georgia So,Neutral,5,151.5,171,75-80,-5,0,155,3.5
11/15/24,Virginia Tech,Penn St,Neutral,7.5,150.5,275,64-86,-22,-14.5,150,-0.5
11/15/24,E Illinois,Northwestern,Away,23.5,138.5,1600,58-67,-9,14.5,125,-13.5
11/15/24,American,North Carolina,Away,24.5,149.5,2000,55-107,-52,-27.5,162,12.5
11/15/24,Saint Joseph's,Penn,Away,-7,148.5,-301,86-69,17,10,155,6.5
11/15/24,Marquette,Maryland,Away,2.5,147,124,78-74,4,6.5,152,5
11/15/24,West Virginia,Pittsburgh,Away,7.5,148,270,62-86,-24,-16.5,148,0
11/15/24,Washington St,Iowa,Neutral,5.5,170.5,190,66-76,-10,-4.5,142,-28.5
11/15/24,Samford,N Alabama,Away,-1.5,162,-120,97-96,1,-0.5,193,31
11/15/24,Duquesne,DePaul,Away,5.5,144,202,58-84,-26,-20.5,142,-2
11/15/24,Arizona,Wisconsin,Away,-4.5,151,-198,88-103,-15,-19.5,191,40
11/15/24,Ohio St,Texas A&M,Away,5.5,147,190,64-78,-14,-8.5,142,-5
11/15/24,Lehigh,UCLA,Away,23,137,1800,45-85,-40,-17,130,-7
11/15/24,CS Fullerton,Oregon St,Away,13,134.5,640,51-70,-19,-6,121,-13.5
11/16/24,Presbyterian,Kennesaw St,Away,4.5,159,153,67-85,-18,-13.5,152,-7
11/16/24,Bellarmine,Marshall,Away,10,146,380,62-83,-21,-11,145,-1
11/16/24,Tulsa,Missouri St,Away,-3.5,143,-170,106-111,-5,-8.5,217,74
11/16/24,Oakland,Kansas,Away,27.5,146,2000,57-78,-21,6.5,135,-11
11/16/24,Idaho,BYU,Away,28.5,152,1750,71-95,-24,4.5,166,14
11/16/24,Wofford,Duke,Away,25.5,148.5,2200,35-86,-51,-25.5,121,-27.5
11/16/24,Wake Forest,Xavier,Away,7.5,155.5,261,60-75,-15,-7.5,135,-20.5
11/16/24,Richmond,Bucknell,Away,-4,140,-177,76-80,-4,-8,156,16
11/16/24,Little Rock,UTSA,Away,10.5,154,410,81-64,17,27.5,145,-9
11/16/24,Yale,Minnesota,Away,4.5,138.5,170,56-59,-3,1.5,115,-23.5
11/16/24,Wagner,Seton Hall,Away,15,122,,28-54,-26,-11,82,-40
11/16/24,AR-Pine Bluff,Incarnate Word,Away,14.5,160,750,64-92,-28,-13.5,156,-4
11/16/24,Miss Valley St,Texas,Away,43.5,141,,43-89,-46,-2.5,132,-9
11/16/24,Florida Atlantic,Liberty,Neutral,2.5,147.5,123,77-74,3,5.5,151,3.5
11/16/24,NJIT,Morgan St,Away,6.5,143,236,69-81,-12,-5.5,150,7
11/16/24,Santa Clara,Nevada,Away,7.5,147.5,268,59-85,-26,-18.5,144,-3.5
11/16/24,Chicago St,San Francisco,Away,28.5,148.5,2500,37-82,-45,-16.5,119,-29.5
11/16/24,Bowling Green,Michigan St,Away,24.5,152,3500,72-86,-14,10.5,158,6
11/16/24,Indiana St,Ball St,Away,6,149.5,223,94-84,10,16,178,28.5
11/16/24,Pepperdine,UC Irvine,Away,16.5,144,950,62-80,-18,-1.5,142,-2
11/16/24,Idaho St,San Diego,Away,3.5,138,149,78-66,12,15.5,144,6
11/16/24,Dartmouth,Boston U,Away,5,135.5,180,50-78,-28,-23,128,-7.5
11/16/24,Lafayette,Cornell,Away,10.5,152,390,71-81,-10,0.5,152,0
11/16/24,Mercyhurst,Columbia,Away,14,145,607,63-77,-14,0,140,-5
11/16/24,UT Martin,Longwood,Away,12.5,148,575,62-64,-2,10.5,126,-22
11/16/24,Notre Dame,Georgetown,Away,-3,143.5,-155,84-63,21,18,147,3.5
11/16/24,Youngstown St,Syracuse,Away,12,151.5,556,95-104,-9,3,199,47.5
11/16/24,La Salle,Drexel,Away,-4.5,138.5,-192,71-68,3,-1.5,139,0.5
11/16/24,Stetson,Oklahoma,Away,27,147,,64-85,-21,6,149,2
11/16/24,Radford,Evansville,Away,3.5,144,145,92-81,11,14.5,173,29
11/16/24,S Carolina St,Bethune,Away,4,149.5,152,62-75,-13,-9,137,-12.5
11/16/24,Saint Peter's,UMBC,Away,-2,145,-132,69-61,8,6,130,-15
11/16/24,C Arkansas,W Illinois,Away,7.5,135,262,61-63,-2,5.5,124,-11
11/16/24,SF Austin,Arkansas St,Away,9.5,150.5,369,49-59,-10,-0.5,108,-42.5
11/16/24,Jackson St,Vanderbilt,Away,27,152.5,1600,81-94,-13,14,175,22.5
11/16/24,E Michigan,Cleveland St,Away,7,138.5,260,63-71,-8,-1,134,-4.5
11/16/24,NW State,Rice,Away,8.5,139.5,334,75-77,-2,6.5,152,12.5
11/16/24,South Carolina,Indiana,Away,8,143,305,71-87,-16,-8,158,15
11/16/24,Canisius,SIU Edward,Neutral,5.5,142,190,58-76,-18,-12.5,134,-8
11/16/24,Texas St,Abl Christian,Away,2,138.5,114,60-72,-12,-10,132,-6.5
11/16/24,Murray St,Middle Tenn,Away,2.5,146,114,88-67,21,23.5,155,9
11/16/24,Mercer,S Alabama,Away,5.5,151,180,66-75,-9,-3.5,141,-10
11/16/24,Colorado St,Mississippi,Neutral,5.5,141,185,69-84,-15,-9.5,153,12
11/16/24,George Mason,E Carolina,Away,-3.5,136.5,-171,77-78,-1,-4.5,155,18.5
11/16/24,Le Moyne,St Bonaventure,Away,17.5,146,1100,52-71,-19,-1.5,123,-23
11/16/24,Toledo,Detroit Mercy,Away,-11,153,-638,82-67,15,4,149,-4
11/16/24,New Hampshire,Sacred Heart,Neutral,0,145.5,-112,63-80,-17,-17,143,-2.5
11/16/24,Holy Cross,Brown,Away,7.5,146.5,275,73-65,8,15.5,138,-8.5
11/16/24,Georgia So,Winthrop,Neutral,4.5,150.5,185,89-87,2,6.5,176,25.5
11/16/24,E Tennessee St,Davidson,Away,5.5,143,200,70-76,-6,-0.5,146,3
11/16/24,Green Bay,Providence,Away,15.5,144,850,65-79,-14,1.5,144,0
11/16/24,Portland,Long Beach St,Away,4.5,141,164,63-61,2,6.5,124,-17
11/16/24,Siena,Albany,Away,4,147,161,60-70,-10,-6,130,-17
11/16/24,S Indiana,Purdue FW,Away,15,149.5,870,74-93,-19,-4,167,17.5
11/15/24,Elon,Gardner-Webb,Away,3.5,150,150,79-80,-1,2.5,159,9
11/16/24,Hofstra,UMass,Away,6,145,207,75-71,4,10,146,1
11/16/24,Norfolk St,Hampton,Away,-4.5,138,-192,67-58,9,4.5,125,-13
11/16/24,St Francis PA,Mt St Mary's,Away,7.5,141,267,58-66,-8,-0.5,124,-17
11/16/24,Kansas City,Creighton,Away,21,147,1350,56-79,-23,-2,135,-12
11/16/24,Loyola MD,VCU,Away,24,139,2500,57-83,-26,-2,140,1
11/16/24,NC Central,William & Mary,Neutral,5,151,166,78-76,2,7,154,3
11/16/24,J Madison,Towson,Away,2,137,107,63-67,-4,-2,130,-7
11/16/24,Loyola Mymt,Saint Louis,Away,6.5,155,220,71-77,-6,0.5,148,-7
11/16/24,Alabama A&M,Tennessee St,Away,8.5,148,303,71-81,-10,-1.5,152,4
11/16/24,N Illinois,Bradley,Away,19,144.5,950,60-76,-16,3,136,-8.5
11/16/24,CS Northridge,Sacramento St,Away,-4,144,-180,79-69,10,6,148,4
11/16/24,Omaha,S Utah,Away,8,155.5,275,73-79,-6,2,152,-3.5
11/16/24,Utah Tech,Wyoming,Away,10.5,145.5,429,69-86,-17,-6.5,155,9.5
11/16/24,Fresno St,CS Bakersfield,Away,1,150.5,-105,56-74,-18,-17,130,-20.5
11/16/24,Seattle,UCSD,Away,7,140,240,84-71,13,20,155,15
11/17/24,Georgia So,William & Mary,Neutral,-2.5,161.5,-145,87-102,-15,-17.5,189,27.5
11/17/24,UCSB,San Jose St,Away,-6.5,145,-265,64-59,5,-1.5,123,-22
11/17/24,St Thomas,Arizona St,Away,12.5,145.5,615,66-81,-15,-2.5,147,1.5
11/17/24,New Hampshire,Holy Cross,Neutral,5,140.5,182,72-74,-2,3,146,5.5
11/17/24,Manhattan,F Dickinson,Away,-1,154,-115,82-85,-3,-4,167,13
11/17/24,Liberty,Charleston,Away,5.5,142,190,68-47,21,26.5,115,-27
11/17/24,Coppin St,Miami,Away,37,141.5,,63-93,-30,7,156,14.5
11/17/24,New Mexico,St John's,Away,7,163,275,71-85,-14,-7,156,-7
11/17/24,Cal Poly,E Washington,Away,5,158.5,172,82-78,4,9,160,1.5
11/17/24,Canisius,W Michigan,Away,6,142.5,195,69-92,-23,-17,161,18.5
11/17/24,Harvard,Colorado,Away,14.5,143,870,66-88,-22,-7.5,154,11
11/17/24,Jacksonville St,Coastal Car,Away,-2,133.5,-137,71-53,18,16,124,-9.5
11/17/24,Saint Mary's,Nebraska,Neutral,-4,140,-185,77-74,3,-1,151,11
11/17/24,Stonehill,Lindenwood,Neutral,-2.5,136,-144,74-75,-1,-3.5,149,13
11/17/24,Campbell,Navy,Away,6,141,194,86-66,20,26,152,11
11/17/24,Clemson,Boise St,Away,3.5,145,144,71-84,-13,-9.5,155,10
11/17/24,NC A&T,The Citadel,Away,2.5,148,124,82-73,9,11.5,155,7
11/17/24,Princeton,Merrimack,Away,-5.5,137,-245,68-57,11,5.5,125,-12
11/17/24,NC Central,Winthrop,Neutral,9.5,147.5,383,75-77,-2,7.5,152,4.5
11/17/24,Chattanooga,SE Missouri St,Away,-8.5,145.5,-360,87-82,5,-3.5,169,23.5
11/17/24,Texas So,Samford,Away,12,160.5,510,82-97,-15,-3,179,18.5
11/17/24,Austin Peay,Tennessee,Away,28.5,141,,68-103,-35,-6.5,171,30
11/17/24,Lipscomb,W Kentucky,Away,5,160,174,61-66,-5,0,127,-33
11/17/24,Sacred Heart,Brown,Away,9,145.5,321,70-89,-19,-10,159,13.5
11/17/24,Utah,Mississippi St,Neutral,7.5,148,260,73-78,-5,2.5,151,3
11/17/24,Montana St,Denver,Away,-4.5,148.5,-213,78-79,-1,-5.5,157,8.5
11/17/24,New Orleans,Robert Morris,Away,9.5,141.5,364,62-73,-11,-1.5,135,-6.5
11/17/24,UC Davis,Stanford,Away,13,148,675,65-79,-14,-1,144,-4
11/17/24,Sam Houston,Lamar,Away,-6.5,149.5,-289,85-72,13,6.5,157,7.5
11/17/24,Troy,Oregon,Away,13,146.5,650,61-82,-21,-8,143,-3.5
11/17/24,Tarleton St,Baylor,Away,31.5,143,,41-104,-63,-31.5,145,2
11/17/24,California,USC,Away,7,153.5,280,71-66,5,12,137,-16.5
11/17/24,Weber St,Hawai'i,Away,5.5,134.5,220,68-73,-5,0.5,141,6.5
11/17/24,UMass Lowell,Washington,Away,11.5,153.5,423,69-74,-5,6.5,143,-10.5
11/18/24,Montana,Utah St,Away,16,151.5,1000,83-95,-12,4,178,26.5
11/18/24,Monmouth,Wichita St,Away,17,154.5,1150,66-70,-4,13,136,-18.5
11/18/24,Gonzaga,San Diego St,Away,-11,149.5,-617,80-67,13,2,147,-2.5
11/18/24,Bryant,Delaware,Away,-3.5,160.5,-155,85-84,1,-2.5,169,8.5
11/18/24,Miami OH,Michigan,Away,23,150.5,1800,67-94,-27,-4,161,10.5
11/18/24,Howard,Florida Intl,Away,4,154.5,154,75-70,5,9,145,-9.5
11/18/24,NC Asheville,N Florida,Away,6.5,154.5,230,89-75,14,20.5,164,9.5
11/18/24,NJIT,G Washington,Away,21,142.5,,64-84,-20,1,148,5.5
11/18/24,VMI,Pittsburgh,Away,35.5,156,2500,48-93,-45,-9.5,141,-15
11/18/24,American,High Point,Away,14,137.5,950,73-80,-7,7,153,15.5
11/18/24,Colgate,NC State,Away,12.5,149.5,625,49-72,-23,-10.5,121,-28.5
11/18/24,SE Louisiana,UL Monroe,Away,-2,138,-130,70-67,3,1,137,-1
11/18/24,N Dakota St,S Illinois,Away,7,151.5,262,44-69,-25,-18,113,-38.5
11/18/24,Pacific,Arkansas,Away,21.5,148.5,1500,72-91,-19,2.5,163,14.5
11/18/24,UT Rio Grande,Wisconsin,Away,21,153.5,1800,84-87,-3,18,171,17.5
11/18/24,AR-Pine Bluff,Texas Tech,Away,41,157,,64-98,-34,7,162,5
11/18/24,IU Indy,Iowa St,Away,34,145.5,2200,52-87,-35,-1,139,-6.5
11/18/24,Prairie View,SMU,Away,31.5,162,5000,69-110,-41,-9.5,179,17
11/18/24,N Alabama,Auburn,Away,28.5,151,4000,69-102,-33,-4.5,171,20
11/18/24,N Colorado,Washington St,Away,11.5,158.5,500,69-83,-14,-2.5,152,-6.5
11/18/24,Idaho St,CS Fullerton,Away,2.5,134,125,61-62,-1,1.5,123,-11
11/19/24,UT Arlington,Missouri St,Away,1,152,-108,68-78,-10,-9,146,-6
11/19/24,Troy,W Georgia,Away,-14.5,144.5,-1200,84-65,19,4.5,149,4.5
11/19/24,Rice,Louisiana,Away,3,142,141,83-61,22,25,144,2
11/19/24,Wagner,Boston U,Away,4.5,119,177,60-58,2,6.5,118,-1
11/19/24,Niagara,Bowling Green,Away,8.5,149,310,68-76,-8,0.5,144,-5
11/19/24,Alabama A&M,Georgia,Away,26.5,152,3000,45-93,-48,-21.5,138,-14
11/19/24,Alcorn St,TCU,Away,32,145.5,,48-71,-23,9,119,-26.5
11/19/24,Quinnipiac,Navy,Away,-2.5,148.5,-142,74-63,11,8.5,137,-11.5
11/19/24,Loyola MD,Boston College,Away,12.5,135,625,61-82,-21,-8.5,143,8
11/19/24,Longwood,Binghamton,Away,-7.5,142.5,-325,66-60,6,-1.5,126,-16.5
11/19/24,Queens,App State,Away,8.5,149.5,303,53-65,-12,-3.5,118,-31.5
11/19/24,SIU Edward,Green Bay,Away,3.5,150.5,147,57-82,-25,-21.5,139,-11.5
11/19/24,Drexel,Fairfield,Away,1,137,-106,67-61,6,7,128,-9
11/19/24,Buffalo,Vermont,Away,17,140,900,67-78,-11,6,145,5
11/19/24,E Kentucky,Chicago St,Away,-7,149,-313,86-66,20,13,152,3
11/19/24,Dartmouth,Marist,Away,9,137.5,350,62-75,-13,-4,137,-0.5
11/19/24,Gardner-Webb,Charlotte,Away,7.5,141,260,54-60,-6,1.5,114,-27
11/19/24,Hampton,UMBC,Away,6.5,146.5,225,78-68,10,16.5,146,-0.5
11/19/24,Lipscomb,Kentucky,Away,21,158.5,1600,68-97,-29,-8,165,6.5
11/19/24,Canisius,Maryland,Away,31,139,3500,37-108,-71,-40,145,6
11/19/24,W Carolina,Wake Forest,Away,23,144.5,1900,69-82,-13,10,151,6.5
11/19/24,Bellarmine,Louisville,Away,30,147,2500,68-100,-32,-2,168,21
11/19/24,Florida A&M,Florida,Away,36,156,3300,60-84,-24,12,144,-12
11/19/24,Evansville,Ohio St,Away,24.5,149.5,2500,30-80,-50,-25.5,110,-39.5
11/19/24,Cleveland St,Minnesota,Away,13.5,128.5,700,47-58,-11,2.5,105,-23.5
11/19/24,Milwaukee,Duquesne,Away,6.5,151,234,80-74,6,12.5,154,3
11/19/24,North Dakota,Notre Dame,Away,18.5,145.5,1050,58-75,-17,1.5,133,-12.5
11/19/24,Hofstra,Florida St,Away,8.5,143.5,320,61-79,-18,-9.5,140,-3.5
11/19/24,Tenn Tech,UCF,Away,24,143.5,1600,69-80,-11,13,149,5.5
11/19/24,Cincinnati,N Kentucky,Away,-13.5,138,-1200,76-60,16,2.5,136,-2
11/19/24,Penn,Villanova,Away,16,142,900,49-93,-44,-28,142,0
11/19/24,E Texas A&M,UConn,Away,37.5,147,3300,46-81,-35,2.5,127,-20
11/19/24,Delaware St,Providence,Away,24,136.5,1700,48-78,-30,-6,126,-10.5
11/19/24,Oral Roberts,Belmont,Away,9.5,154,365,80-90,-10,-0.5,170,16
11/19/24,Bethune,Tulane,Away,13.5,146.5,725,57-72,-15,-1.5,129,-17.5
11/19/24,Samford,Michigan St,Away,17,164,1000,75-83,-8,9,158,-6
11/19/24,W Illinois,N Iowa,Away,15,135.5,850,56-82,-26,-11,138,2.5
11/19/24,Charleston So,LSU,Away,26,151.5,3000,68-77,-9,17,145,-6.5
11/19/24,Rider,Iowa,Away,21,156.5,1500,58-83,-25,-4,141,-15.5
11/19/24,NC Wilmington,Kansas,Away,24.5,160.5,1800,66-84,-18,6.5,150,-10.5
11/19/24,Miss Valley St,Kansas St,Away,40.5,136.5,,56-74,-18,22.5,130,-6.5
11/19/24,S Utah,Loyola Chi,Away,15,148,790,72-76,-4,11,148,0
11/19/24,Montana St,Northwestern,Away,14.5,135.5,775,69-72,-3,11.5,141,5.5
11/19/24,E Illinois,DePaul,Away,18.5,145.5,1000,69-78,-9,9.5,147,1.5
11/19/24,Purdue,Marquette,Away,5.5,153,187,58-76,-18,-12.5,134,-19
11/19/24,UC Riverside,Santa Clara,Away,9,152,306,54-96,-42,-33,150,-2
11/20/24,Towson,Nicholls,Away,-2.5,136.5,-142,70-64,6,3.5,134,-2.5
11/20/24,Iona,West Virginia,Away,12.5,147.5,606,43-86,-43,-30.5,129,-18.5
11/20/24,Long Beach St,Gonzaga,Away,34,151.5,1800,41-84,-43,-9,125,-26.5
11/20/24,N Colorado,Cal Baptist,Away,4.5,150.5,161,79-68,11,15.5,147,-3.5
11/20/24,Prairie View,Fresno St,Away,14,156,675,83-94,-11,3,177,21
11/20/24,F Dickinson,Army,Away,6.5,148,224,70-84,-14,-7.5,154,6
11/20/24,South Dakota,W Michigan,Away,-2.5,155.5,-148,80-76,4,1.5,156,0.5
11/20/24,Elon,N Illinois,Away,-1.5,144,-129,75-48,27,25.5,123,-21
11/20/24,Detroit Mercy,Ball St,Away,11.5,143,525,70-59,11,22.5,129,-14
11/20/24,UC Davis,Grand Canyon,Away,17,152,950,75-68,7,24,143,-9
11/20/24,Cal Poly,Arizona St,Away,16.5,154.5,870,89-93,-4,12.5,182,27.5
11/20/24,Austin Peay,Morehead St,Away,0,137.5,-111,58-63,-5,-5,121,-16.5
11/20/24,Columbia,LIU,Away,-9.5,153.5,-455,80-72,8,-1.5,152,-1.5
11/20/24,Morgan St,NC A&T,Away,6.5,159.5,219,83-86,-3,3.5,169,9.5
11/20/24,Charleston,The Citadel,Away,-12,145,-755,76-61,15,3,137,-8
11/20/24,Yale,Stony Brook,Away,-9,141,-470,86-64,22,13,150,9
11/20/24,Siena,Xavier,Away,27,144,2200,55-80,-25,2,135,-9
11/20/24,Jacksonville,Virginia Tech,Away,14,135.5,571,74-64,10,24,138,2.5
11/20/24,Abl Christian,Kennesaw St,Away,4.5,157,162,78-84,-6,-1.5,162,5
11/20/24,Maine,Richmond,Away,8.5,129.5,278,66-70,-4,4.5,136,6.5
11/20/24,Lafayette,Rhode Island,Away,15,147,900,72-86,-14,1,158,11
11/20/24,Purdue FW,Penn St,Away,17,159,1000,89-102,-13,4,191,32
11/20/24,New Mexico St,Dayton,Away,15.5,142,950,53-74,-21,-5.5,127,-15
11/20/24,Coppin St,George Mason,Away,28,134,2500,55-93,-38,-10,148,14
11/20/24,Little Rock,Tulsa,Away,12,150.5,500,71-57,14,26,128,-22.5
11/20/24,Southern Miss,S Dakota St,Away,6.5,153,230,76-101,-25,-18.5,177,24
11/20/24,Jackson St,W Kentucky,Away,14.5,152,850,62-79,-17,-2.5,141,-11
11/20/24,Maryland ES,Murray St,Away,25,149,2500,61-79,-18,7,140,-9
11/20/24,Merrimack,Rutgers,Away,20,135,1200,63-74,-11,9,137,2
11/20/24,Southern,Texas A&M,Away,25.5,143.5,2000,54-71,-17,8.5,125,-18.5
11/20/24,Mt St Mary's,Georgetown,Away,14.5,142.5,825,51-79,-28,-13.5,130,-12.5
11/20/24,Alabama,Illinois,Neutral,-8.5,168.5,-400,100-87,13,4.5,187,18.5
11/20/24,Norfolk St,Stanford,Away,21,142.5,1700,63-70,-7,14,133,-9.5
11/20/24,Pepperdine,UNLV,Away,14,147,800,59-80,-21,-7,139,-8
11/20/24,San Jose St,USC,Away,17,140.5,1100,68-82,-14,3,150,9.5
11/20/24,UTEP,UCSB,Away,5.5,145.5,208,79-76,3,8.5,155,9.5
11/20/24,Idaho St,UCLA,Away,24.5,131,2200,70-84,-14,10.5,154,23
11/21/24,J Madison,Illinois Chicago,Neutral,-3,146,-166,99-81,18,15,180,34
11/21/24,Miami,Drake,Neutral,-9,143.5,-480,69-80,-11,-20,149,5.5
11/21/24,Mercer,South Carolina,Away,18.5,150,1300,72-84,-12,6.5,156,6
11/21/24,Oral Roberts,Mississippi,Away,21.5,150,1200,68-100,-32,-10.5,168,18
11/21/24,Ohio,Middle Tenn,Neutral,-2,147.5,-125,81-83,-2,-4,164,16.5
11/21/24,Grambling,New Mexico,Away,23.5,152,1600,58-80,-22,1.5,138,-14
11/21/24,Niagara,Kent St,Away,13.5,137,775,73-76,-3,10.5,149,12
11/21/24,Bryant,Stonehill,Away,-12.5,152.5,-876,66-67,-1,-13.5,133,-19.5
11/21/24,NJIT,Bucknell,Away,12.5,135,591,64-81,-17,-4.5,145,10
11/21/24,Memphis,San Francisco,Neutral,2,154.5,110,68-64,4,6,132,-22.5
11/21/24,La Salle,UCSD,Neutral,-1.5,144.5,-125,67-72,-5,-6.5,139,-5.5
11/21/24,S Florida,Portland,Neutral,-6.5,146.5,-295,74-68,6,-0.5,142,-4.5
11/21/24,Oklahoma St,Florida Atlantic,Neutral,2,163,120,78-86,-8,-6,164,1
11/21/24,Jacksonville St,E Carolina,Neutral,4,134.5,160,86-78,8,12,164,29.5
11/21/24,Monmouth,Youngstown St,Neutral,4.5,145.5,173,62-72,-10,-5.5,134,-11.5
11/21/24,VCU,Seton Hall,Neutral,-7,126,-307,66-69,-3,-10,135,9
11/21/24,Bradley,Texas St,Neutral,-7,135.5,-300,82-68,14,7,150,14.5
11/21/24,Stetson,Toledo,Neutral,13,154,675,78-103,-25,-12,181,27
11/21/24,Robert Morris,Cornell,Away,9.5,151.5,351,86-76,10,19.5,162,10.5
11/21/24,NC Greensboro,Indiana,Away,17.5,147,1250,58-69,-11,6.5,127,-20
11/21/24,Texas,Syracuse,Neutral,-10.5,155,-570,70-66,4,-6.5,136,-19
11/21/24,Radford,Clemson,Away,22,144.5,1200,51-79,-28,-6,130,-14.5
11/21/24,Baylor,St John's,Neutral,-2.5,150.5,-148,99-98,1,-1.5,197,46.5
11/21/24,E Michigan,Oakland,Away,7,134.5,254,68-64,4,11,132,-2.5
11/21/24,Presbyterian,SF Austin,Away,8,134.5,303,58-55,3,11,113,-21.5
11/21/24,SE Missouri St,C Arkansas,Away,1.5,149,-103,77-73,4,5.5,150,1
11/21/24,Vanderbilt,Nevada,Neutral,2.5,149.5,124,73-71,2,4.5,144,-5.5
11/21/24,Lindenwood,Valparaiso,Away,9.5,145.5,415,64-77,-13,-3.5,141,-4.5
11/21/24,E Texas A&M,Oklahoma,Away,25,144,,56-84,-28,-3,140,-4
11/21/24,C Connecticut,Sacred Heart,Away,-1.5,142,-129,54-67,-13,-14.5,121,-21
11/21/24,UT Martin,Texas A&M-CC,Away,11.5,155,444,77-81,-4,7.5,158,3
11/21/24,Princeton,Wright St,Neutral,-7.5,152,-321,62-80,-18,-25.5,142,-10
11/21/24,Tarleton St,Michigan,Away,31,147.5,5000,49-72,-23,8,121,-26.5
11/21/24,Saint Joseph's,Texas Tech,Neutral,10.5,149.5,430,78-77,1,11.5,155,5.5
11/21/24,E Washington,Washington St,Neutral,14,159,650,81-96,-15,-1,177,18
11/21/24,Virginia,Tennessee,Neutral,12.5,126.5,626,42-64,-22,-9.5,106,-20.5
11/21/24,Air Force,California,Away,15.5,136,900,69-78,-9,6.5,147,11
11/21/24,Oregon,Oregon St,Away,-6.5,140,-284,78-75,3,-3.5,153,13
11/22/24,CS Bakersfield,FGCU,Away,6.5,133.5,238,54-74,-20,-13.5,128,-5.5
11/22/24,Florida Intl,Northeastern,Neutral,4,150.5,165,58-60,-2,2,118,-32.5
11/22/24,Norfolk St,Grand Canyon,Away,18.5,145,1500,73-91,-18,0.5,164,19
11/22/24,Green Bay,Evansville,Away,-1,151.5,-120,81-98,-17,-18,179,27.5
11/22/24,UC Riverside,Colorado St,Away,11,143.5,470,77-75,2,13,152,8.5
11/22/24,Chicago St,Indiana St,Away,17.5,155.5,1100,61-97,-36,-18.5,158,2.5
11/22/24,Omaha,Alabama St,Neutral,1,143.5,-113,67-85,-18,-17,152,8.5
11/22/24,Lamar,Akron,Away,10,148.5,429,72-79,-7,3,151,2.5
11/22/24,UC Irvine,Weber St,Away,-7,137.5,-299,93-87,6,-1,180,42.5
11/22/24,SE Missouri St,NC Asheville,Neutral,8.5,147,368,64-72,-8,0.5,136,-11
11/22/24,Incarnate Word,N Arizona,Away,4.5,142.5,160,74-75,-1,3.5,149,6.5
11/22/24,Portland St,Milwaukee,Away,5,162.5,180,74-91,-17,-12,165,2.5
11/22/24,Elon,Notre Dame,Away,15.5,142.5,900,84-77,7,22.5,161,18.5
11/22/24,Rice,Hou Christian,Away,-11.5,136,-835,61-58,3,-8.5,119,-17
11/22/24,Pacific,Missouri,Away,20.5,151,1400,56-91,-35,-14.5,147,-4
11/22/24,Longwood,UAB,Neutral,7.5,147.5,266,89-81,8,15.5,170,22.5
11/22/24,Presbyterian,Youngstown St,Neutral,6,135,201,67-42,25,31,109,-26
11/22/24,Illinois St,McNeese,Neutral,10.5,136.5,457,68-76,-8,2.5,144,7.5
11/22/24,Wofford,St Thomas,Neutral,-2,141.5,-141,81-73,8,6,154,12.5
11/22/24,IU Indy,Coastal Car,Neutral,2.5,133.5,124,57-71,-14,-11.5,128,-5.5
11/22/24,Florida St,Temple,Neutral,-4.5,148.5,-205,78-69,9,4.5,147,-1.5
11/22/24,Utah Tech,Utah,Away,24.5,155,2000,53-84,-31,-6.5,137,-18
11/22/24,Kansas City,American,Neutral,-4,132.5,-180,60-64,-4,-8,124,-8.5
11/22/24,Monmouth,SF Austin,Away,5,133.5,208,67-72,-5,0,139,5.5
11/22/24,S Carolina St,Alabama A&M,Away,-1.5,148,-125,82-70,12,10.5,152,4
11/22/24,Le Moyne,UT Martin,Neutral,3,144.5,136,65-53,12,15,118,-26.5
11/22/24,Louisiana,Liberty,Neutral,10.5,133,500,69-89,-20,-9.5,158,25
11/22/24,Campbell,Ohio St,Away,25,142.5,2000,60-104,-44,-19,164,21.5
11/22/24,William & Mary,NC State,Away,16,164.5,900,61-84,-23,-7,145,-19.5
11/22/24,NC Central,Georgia St,Away,4,143.5,164,79-93,-14,-10,172,28.5
11/22/24,Drexel,Fordham,Away,7,136.5,230,73-71,2,9,144,7.5
11/22/24,Jackson St,Kentucky,Away,34.5,156.5,,59-108,-49,-14.5,167,10.5
11/22/24,S Illinois,Florida,Away,19,159,1200,68-93,-25,-6,161,2
11/22/24,SC Upstate,E Tennessee St,Away,11.5,154,517,76-87,-11,0.5,163,9
11/22/24,Winthrop,Louisville,Away,21,160.5,1800,61-76,-15,6,137,-23.5
11/22/24,Merrimack,Butler,Away,12,136,550,39-78,-39,-27,117,-19
11/22/24,Army,Manhattan,Away,-1,139,-119,79-80,-1,-2,159,20
11/22/24,VMI,Davidson,Away,19.5,146.5,1200,66-93,-27,-7.5,159,12.5
11/22/24,Colgate,Harvard,Away,-1.5,142,108,67-78,-11,-12.5,145,3
11/22/24,Morgan St,Buffalo,Away,3,157.5,134,73-82,-9,-6,155,-2.5
11/22/24,UL Monroe,NW State,Away,4,137.5,150,65-63,2,6,128,-9.5
11/22/24,New Orleans,Tulane,Away,18,148,1300,93-87,6,24,180,32
11/22/24,South Dakota,S Indiana,Away,-2.5,154,-142,83-92,-9,-11.5,175,21
11/22/24,Utah Valley,Murray St,Away,7,143,260,77-75,2,9,152,9
11/22/24,G Washington,Kansas St,Neutral,8.5,149.5,320,71-83,-12,-3.5,154,4.5
11/22/24,Hofstra,Houston,Away,29,132.5,2000,44-80,-36,-7,124,-8.5
11/22/24,Pepperdine,Northwestern,Away,18,137.5,950,50-68,-18,0,118,-19.5
11/22/24,Utah St,Iowa,Neutral,2.5,168.5,130,77-69,8,10.5,146,-22.5
11/22/24,Nebraska,Creighton,Away,10,151.5,436,74-63,11,21,137,-14.5
11/22/24,SE Louisiana,Wyoming,Away,11,140.5,455,61-64,-3,8,125,-15.5
11/22/24,Mississippi St,SMU,Away,-1.5,157.5,-125,84-79,5,3.5,163,5.5
11/22/24,Little Rock,Arkansas,Away,21,145,1150,67-79,-12,9,146,1
11/22/24,S Utah,San Diego,Away,-1.5,151,-120,72-67,5,3.5,139,-12
11/22/24,North Dakota,Loyola Mymt,Away,10.5,147,446,77-73,4,14.5,150,3
11/22/24,CS Fullerton,UCLA,Away,26.5,134,1800,47-80,-33,-6.5,127,-7
11/22/24,Alcorn St,Washington,Away,27,142.5,2500,60-77,-17,10,137,-5.5
11/22/24,Saint Louis,Wichita St,Neutral,3,154.5,136,63-88,-25,-22,151,-3.5
11/22/24,Duke,Arizona,Away,1.5,162,107,69-55,14,15.5,124,-38
11/23/24,North Carolina,Hawai'i,Away,-16,152,-1800,87-69,18,2,156,4
11/23/24,Marquette,Georgia,Neutral,-6,151,-270,80-69,11,5,149,-2
11/23/24,Florida Intl,CS Bakersfield,Neutral,-1,142,-118,76-73,3,2,149,7
11/23/24,Monmouth,Presbyterian,Neutral,2,136,102,61-71,-10,-8,132,-4
11/23/24,Delaware,Vermont,Neutral,7,139.5,245,71-75,-4,3,146,6.5
11/23/24,LIU,Charlotte,Away,14,138,800,79-76,3,17,155,17
11/23/24,W Georgia,Georgia So,Away,14,153.5,750,54-64,-10,4,118,-35.5
11/23/24,Boston U,UMBC,Away,2,144.5,108,75-71,4,6,146,1.5
11/23/24,Omaha,Akron,Away,12,148,540,84-92,-8,4,176,28
11/23/24,Maryland ES,Illinois,Away,36,154.5,,40-87,-47,-11,127,-27.5
11/23/24,Alabama St,Lamar,Neutral,-1.5,148,-133,77-75,2,0.5,152,4
11/23/24,S Utah,Idaho,Neutral,-3,145,-155,82-67,15,12,149,4
11/23/24,St Francis PA,Georgetown,Away,20.5,144.5,1400,65-82,-17,3.5,147,2.5
11/23/24,E Washington,Cal Baptist,Away,7,152,235,68-79,-11,-4,147,-5
11/23/24,St Thomas,Portland St,Neutral,-2.5,151.5,-141,91-65,26,23.5,156,4.5
11/23/24,Miss Valley St,BYU,Away,45.5,143.5,,43-87,-44,1.5,130,-13.5
11/23/24,Rider,Bucknell,Away,4.5,141.5,168,57-53,4,8.5,110,-31.5
11/23/24,Marshall,Purdue,Away,20.5,149.5,1500,45-80,-35,-14.5,125,-24.5
11/23/24,N Alabama,UL Monroe,Neutral,-10,145,-539,74-62,12,2,136,-9
11/23/24,Detroit Mercy,Wake Forest,Away,24,140.5,1750,57-67,-10,14,124,-16.5
11/23/24,Northeastern,FGCU,Away,2,135,114,59-55,4,6,114,-21
11/23/24,Brown,Canisius,Away,-8,145,-360,83-76,7,-1,159,14
11/23/24,Quinnipiac,UMass Lowell,Away,5,153,187,70-80,-10,-5,150,-3
11/23/24,S Carolina St,IU Indy,Neutral,-5,143,-238,72-62,10,5,134,-9
11/23/24,New Hampshire,Marist,Away,13,138,620,49-54,-5,8,103,-35
11/23/24,Kansas City,Albany,Neutral,-2,142.5,-131,65-67,-2,-4,132,-10.5
11/23/24,Furman,Charleston So,Away,-9,148,-509,67-46,21,12,113,-35
11/23/24,Cincinnati,Georgia Tech,Away,-7,150.5,-325,81-58,23,16,139,-11.5
11/23/24,Yale,Fairfield,Neutral,-11.5,139,-700,91-66,25,13.5,157,18
11/23/24,Bowling Green,Bellarmine,Away,-4,146.5,-185,68-80,-12,-16,148,1.5
11/23/24,Delaware St,Mt St Mary's,Away,7.5,139,299,66-76,-10,-2.5,142,3
11/23/24,Wofford,Milwaukee,Away,4,149,150,74-76,-2,2,150,1
11/23/24,Le Moyne,Texas A&M-CC,Away,11.5,151.5,521,61-82,-21,-9.5,143,-8.5
11/23/24,Temple,UMass,Neutral,2,148.5,108,87-80,7,9,167,18.5
11/23/24,N Illinois,DePaul,Away,17,143,1100,52-98,-46,-29,150,7
11/23/24,Fresno St,Long Beach St,Away,3.5,140.5,142,72-69,3,6.5,141,0.5
11/23/24,Coastal Car,Alabama A&M,Away,-3,134,-155,70-77,-7,-10,147,13
11/23/24,Queens,SC Upstate,Neutral,-3.5,156.5,-166,98-74,24,20.5,172,15.5
11/23/24,Tulsa,Loyola Chi,Away,9.5,147,415,53-89,-36,-26.5,142,-5
11/23/24,Youngstown St,SF Austin,Away,3,129,136,57-64,-7,-4,121,-8
11/23/24,Stony Brook,Columbia,Away,10.5,152.5,500,63-82,-19,-8.5,145,-7.5
11/23/24,Kent St,Cleveland St,Away,-2.5,135,-135,68-52,16,13.5,120,-15
11/23/24,New Mexico St,UNLV,Away,12,140.5,580,65-72,-7,5,137,-3.5
11/23/24,Prairie View,N Colorado,Away,19.5,160.5,1400,98-114,-16,3.5,212,51.5
11/23/24,Cal Poly,Saint Mary's,Away,20.5,149,2200,66-80,-14,6.5,146,-3
11/23/24,Stanford,Santa Clara,Away,1.5,147.5,108,71-69,2,3.5,140,-7.5
11/24/24,Hampton,Boise St,Neutral,23,139.5,2000,69-83,-14,9,152,12.5
11/24/24,St Thomas,Milwaukee,Away,2.5,152.5,120,65-69,-4,-1.5,134,-18.5
11/24/24,AR-Pine Bluff,Missouri,Away,35,158,,63-112,-49,-14,175,17
11/24/24,St John's,Georgia,Neutral,-6,150.5,-255,63-66,-3,-9,129,-21.5
11/24/24,Wofford,Portland St,Neutral,-5,148,-225,74-79,-5,-10,153,5
11/24/24,Campbell,Evansville,Away,4,145,151,53-66,-13,-9,119,-26
11/24/24,Texas So,New Mexico,Away,25,158,2000,68-99,-31,-6,167,9
11/24/24,Boston U,Howard,Neutral,3,135,143,69-62,7,10,131,-4
11/24/24,Binghamton,C Connecticut,Away,5,135,194,56-64,-8,-3,120,-15
11/24/24,Alabama St,Akron,Away,8,149.5,279,78-97,-19,-11,175,25.5
11/24/24,Denver,Montana,Away,10.5,148,443,73-83,-10,0.5,156,8
11/24/24,Southern Miss,Montana St,Away,7.5,151.5,257,59-79,-20,-12.5,138,-13.5
11/24/24,Northeastern,CS Bakersfield,Neutral,-6,130.5,-260,60-68,-8,-14,128,-2.5
11/24/24,Idaho,San Diego,Away,4,146.5,160,61-68,-7,-3,129,-17.5
11/24/24,Omaha,Lamar,Neutral,-2,150,-133,65-59,6,4,124,-26
11/24/24,William & Mary,App State,Away,4,151,145,76-79,-3,1,155,4
11/24/24,Fairfield,Vermont,Neutral,8.5,135,314,67-66,1,9.5,133,-2
11/24/24,Charleston,Rhode Island,Away,3.5,156.5,145,53-91,-38,-34.5,144,-12.5
11/24/24,Rutgers,Kennesaw St,Away,-11.5,157.5,-631,77-79,-2,-13.5,156,-1.5
11/24/24,Villanova,Maryland,Neutral,6,139.5,233,75-76,-1,5,151,11.5
11/24/24,S Dakota St,Duquesne,Neutral,-2.5,147.5,-152,71-60,11,8.5,131,-16.5
11/24/24,Albany,American,Neutral,-1,135,-112,77-81,-4,-5,158,23
11/24/24,E Illinois,Valparaiso,Away,6.5,141.5,233,53-81,-28,-21.5,134,-7.5
11/24/24,NC Asheville,C Arkansas,Away,-7.5,144,-338,83-92,-9,-16.5,175,31
11/24/24,Bryant,St Bonaventure,Away,7.5,149.5,269,70-85,-15,-7.5,155,5.5
11/24/24,Florida Intl,FGCU,Away,4.5,135.5,165,59-60,-1,3.5,119,-16.5
11/24/24,N Alabama,NW State,Away,-7,144,-295,58-71,-13,-20,129,-15
11/24/24,Holy Cross,Maine,Away,5.5,135,212,55-80,-25,-19.5,135,0
11/24/24,UMass,Florida St,Neutral,5.5,151.5,210,59-92,-33,-27.5,151,-0.5
11/24/24,CS Northridge,Utah Tech,Neutral,-8.5,155,-400,89-79,10,1.5,168,13
11/24/24,Towson,Morgan St,Away,-10,143.5,-573,64-60,4,-6,124,-19.5
11/24/24,Mercyhurst,Air Force,Away,9,126.5,365,48-82,-34,-25,130,3.5
11/24/24,Sacramento St,California,Away,14.5,139,900,77-83,-6,8.5,160,21
11/24/24,Missouri St,High Point,Neutral,7.5,141.5,275,71-61,10,17.5,132,-9.5
11/24/24,Jackson St,Lipscomb,Away,16,146,950,53-77,-24,-8,130,-16
11/24/24,Queens,E Tennessee St,Away,8.5,153.5,335,67-82,-15,-6.5,149,-4.5
11/24/24,Alcorn St,UC Riverside,Away,17,137,1200,52-69,-17,0,121,-16
11/24/24,Yale,Delaware,Neutral,-9,148,-430,94-100,-6,-15,194,46
11/24/24,Grambling,USC,Away,22,139.5,1600,69-80,-11,11,149,9.5
11/24/24,Old Dominion,Boston College,Neutral,11,143.5,504,52-82,-30,-19,134,-9.5
11/25/24,Radford,Chicago St,Neutral,-14,142.5,-1600,63-48,15,1,111,-31.5
11/25/24,Miami OH,Siena,Neutral,-4.5,136,-195,70-58,12,7.5,128,-8
11/25/24,UTSA,Troy,Away,10.5,150,455,72-86,-14,-3.5,158,8
11/25/24,Incarnate Word,S Alabama,Away,6.5,141.5,250,63-84,-21,-14.5,147,5.5
11/25/24,E Michigan,Hou Christian,Away,-2.5,130.5,-148,74-73,1,-1.5,147,16.5
11/25/24,Norfolk St,UC Davis,Away,6.5,145.5,218,76-55,21,27.5,131,-14.5
11/25/24,Oregon St,N Texas,Away,5,127,185,55-58,-3,2,113,-14
11/25/24,Howard,UMBC,Away,-2,154.5,-129,77-95,-18,-20,172,17.5
11/25/24,E Texas A&M,Stonehill,Away,2.5,137.5,115,65-67,-2,0.5,132,-5.5
11/25/24,Drexel,Purdue FW,Neutral,5.5,144.5,190,81-87,-6,-0.5,168,23.5
11/25/24,Jacksonville,Mercer,Neutral,-4,147,-170,89-90,-1,-5,179,32
11/25/24,Memphis,UConn,Neutral,8.5,148.5,349,99-97,2,10.5,196,47.5
11/25/24,Denver,CS Northridge,Neutral,8,155,275,60-89,-29,-21,149,-6
11/25/24,Fordham,Penn St,Neutral,16,151.5,900,66-85,-19,-3,151,-0.5
11/25/24,Colorado,Michigan St,Neutral,7.5,146.5,270,56-72,-16,-8.5,128,-18.5
11/25/24,Merrimack,UMass Lowell,Away,7,137.5,250,74-81,-7,0,155,17.5
11/25/24,Michigan,Virginia Tech,Neutral,-10,146.5,-600,75-63,12,2,138,-8.5
11/25/24,Clemson,San Francisco,Neutral,-2.5,145,-145,70-55,15,12.5,125,-20
11/25/24,LIU,Winthrop,Away,13,153,525,65-87,-22,-9,152,-1
11/25/24,Tennessee St,Chattanooga,Away,10.5,152,425,78-85,-7,3.5,163,11
11/25/24,Green Bay,Ohio St,Away,25.5,156.5,2800,69-102,-33,-7.5,171,14.5
11/25/24,Cornell,Iona,Away,-1.5,157.5,-118,84-68,16,14.5,152,-5.5
11/25/24,New Hampshire,Columbia,Away,17,146.5,1000,57-83,-26,-9,140,-6.5
11/25/24,NC A&T,Buffalo,Away,3,159.5,138,81-82,-1,2,163,3.5
11/25/24,Le Moyne,UT Rio Grande,Away,13.5,152,600,77-97,-20,-6.5,174,22
11/25/24,Utah Tech,Montana,Away,11,146.5,476,66-69,-3,8,135,-11.5
11/25/24,IU Indy,Alabama A&M,Away,5.5,142.5,190,88-83,5,10.5,171,28.5
11/25/24,Maryland ES,Arkansas,Away,34.5,145.5,3300,35-109,-74,-39.5,144,-1.5
11/25/24,Indiana St,S Indiana,Away,-3,152,-155,77-87,-10,-13,164,12
11/25/24,C Michigan,Minnesota,Away,13.5,128.5,725,65-68,-3,10.5,133,4.5
11/25/24,Quinnipiac,Saint Louis,Away,10.5,158,390,67-81,-14,-3.5,148,-10
11/25/24,Xavier,South Carolina,Neutral,-5,147.5,-225,75-66,9,4,141,-6.5
11/25/24,UTEP,San Jose St,Neutral,-4.5,136,-192,65-71,-6,-10.5,136,0
11/25/24,Southern Miss,Abl Christian,Neutral,3,149,135,74-82,-8,-5,156,7
11/25/24,Auburn,Iowa St,Neutral,-3.5,145.5,-175,83-81,2,-1.5,164,18.5
11/25/24,Little Rock,Illinois,Away,23.5,152.5,2000,34-92,-58,-34.5,126,-26.5
11/25/24,NC Greensboro,Long Beach St,Neutral,-7.5,132,-355,71-48,23,15.5,119,-13
11/25/24,Dayton,North Carolina,Neutral,9,157.5,329,90-92,-2,7,182,24.5
11/26/24,Tennessee St,Bryant,Neutral,8.5,160,320,85-97,-12,-3.5,182,22
11/26/24,Miss Valley St,Utah,Away,42.5,141.5,3500,48-94,-46,-3.5,142,0.5
11/26/24,Utah Valley,W Georgia,Neutral,-15,139.5,-1350,77-74,3,-12,151,11.5
11/26/24,Lehigh,St Francis PA,Away,-4.5,142.5,-190,78-88,-10,-14.5,166,23.5
11/26/24,Saint Peter's,F Dickinson,Away,-7.5,142,-355,78-76,2,-5.5,154,12
11/26/24,N Arizona,E Michigan,Neutral,-3.5,136,-165,68-72,-4,-7.5,140,4
11/26/24,Gardner-Webb,SE Louisiana,Neutral,-3,139,-162,73-69,4,1,142,3
11/26/24,San Diego St,Creighton,Neutral,4.5,139.5,168,71-53,18,22.5,124,-15.5
11/26/24,Bethune,North Dakota,Neutral,3.5,145,142,79-67,12,15.5,146,1
11/26/24,Utah Tech,Denver,Neutral,-2.5,150.5,-145,68-54,14,11.5,122,-28.5
11/26/24,Oregon,Texas A&M,Neutral,4,146.5,155,80-70,10,14,150,3.5
11/26/24,Wyoming,Tulane,Neutral,2.5,142.5,120,64-63,1,3.5,127,-15.5
11/26/24,W Kentucky,Kentucky,Away,24,165,2000,68-87,-19,5,155,-10
11/26/24,NJIT,Cleveland St,Away,12,132.5,617,53-56,-3,9,109,-23.5
11/26/24,Wagner,Georgetown,Away,15,128,850,41-66,-25,-10,107,-21
11/26/24,Grand Canyon,Stanford,Neutral,1,144.5,-104,78-71,7,8,149,4.5
11/26/24,Coppin St,Saint Joseph's,Away,29.5,142,2000,54-83,-29,0.5,137,-5
11/26/24,Manhattan,Virginia,Away,17,127.5,950,65-74,-9,8,139,11.5
11/26/24,VMI,Loyola MD,Away,4,144.5,170,67-70,-3,1,137,-7.5
11/26/24,N Dakota St,Samford,Away,11.5,154,477,98-103,-5,6.5,201,47
11/26/24,W Illinois,S Alabama,Away,11.5,133,475,64-63,1,12.5,127,-6
11/26/24,Houston,Alabama,Neutral,-4,150,-184,80-85,-5,-9,165,15
11/26/24,SC Upstate,Iowa,Away,28.5,169,2000,77-110,-33,-4.5,187,18
11/26/24,UTEP,Long Beach St,Neutral,-7.5,131,-350,70-44,26,18.5,114,-17
11/26/24,Loyola Mymt,Belmont,Neutral,2.5,154,120,77-63,14,16.5,140,-14
11/26/24,CS Fullerton,Pepperdine,Away,6.5,136.5,215,72-63,9,15.5,135,-1.5
11/26/24,Abl Christian,Montana St,Away,6,141.5,205,59-85,-26,-20,144,2.5
11/26/24,Kansas,Duke,Neutral,4.5,148.5,171,75-72,3,7.5,147,-1.5
11/26/24,Cal Baptist,SMU,Neutral,10.5,153,400,77-79,-2,8.5,156,3
11/26/24,Grambling,Cal Poly,Away,6,151.5,190,79-82,-3,3,161,9.5
11/26/24,E Washington,UCSB,Away,11,151.5,500,51-67,-16,-5,118,-33.5
11/26/24,S Utah,UCLA,Away,23.5,142,2000,43-88,-45,-21.5,131,-11
11/26/24,Rutgers,Notre Dame,Neutral,-1,146,-125,85-84,1,0,169,23
11/26/24,NC Greensboro,San Jose St,Neutral,-4,136,-190,64-69,-5,-9,133,-3
11/26/24,Seattle,Furman,Neutral,1.5,141.5,-101,56-61,-5,-3.5,117,-24.5
11/27/24,Fresno St,Washington St,Neutral,11.5,161,573,73-84,-11,0.5,157,-4
11/27/24,NJIT,Morehead St,Neutral,7,130.5,284,78-69,9,16,147,16.5
11/27/24,N Kentucky,Charleston,Away,6.5,140,230,64-79,-15,-8.5,143,3
11/27/24,Morgan St,UMBC,Away,7.5,159.5,255,69-92,-23,-15.5,161,1.5
11/27/24,N Dakota St,W Georgia,Neutral,-8.5,138.5,-418,73-61,12,3.5,134,-4.5
11/27/24,N Illinois,Valparaiso,Away,9.5,142.5,360,82-87,-5,4.5,169,26.5
11/27/24,CS Northridge,Montana,Away,-1,154,-109,75-83,-8,-9,158,4
11/27/24,N Arizona,Hou Christian,Away,-3.5,137.5,-183,74-71,3,-0.5,145,7.5
11/27/24,Lindenwood,Missouri,Away,30,148.5,3500,61-81,-20,10,142,-6.5
11/27/24,Milwaukee,UCF,Away,13,154.5,600,76-84,-8,5,160,5.5
11/27/24,Merrimack,UTSA,Neutral,1,140.5,100,74-76,-2,-1,150,9.5
11/27/24,Louisville,Indiana,Neutral,4.5,154,154,89-61,28,32.5,150,-4
11/27/24,Stony Brook,Brown,Away,9,143.5,350,54-77,-23,-14,131,-12.5
11/27/24,W Michigan,Youngstown St,Away,9.5,141.5,412,73-62,11,20.5,135,-6.5
11/27/24,Bryant,Chattanooga,Away,5.5,160.5,200,76-84,-8,-2.5,160,-0.5
11/27/24,Presbyterian,Tenn Tech,Away,-2,135.5,-140,75-90,-15,-17,165,29.5
11/27/24,New Orleans,Baylor,Away,38,150,3500,60-91,-31,7,151,1
11/27/24,E Tennessee St,Charlotte,Away,3,140.5,133,75-55,20,23,130,-10.5
11/27/24,West Virginia,Gonzaga,Neutral,15,156,825,86-78,8,23,164,8
11/27/24,UMass,Harvard,Away,-3,148.5,-155,62-54,8,5,116,-32.5
11/27/24,UT Martin,Tennessee,Away,37.5,144.5,3500,35-78,-43,-5.5,113,-31.5
11/27/24,Canisius,Robert Morris,Away,13,142,660,64-72,-8,5,136,-6
11/27/24,Oregon,San Diego St,Neutral,-3.5,138.5,-170,78-68,10,6.5,146,7.5
11/27/24,Sam Houston,App State,Neutral,-7,142.5,-300,63-66,-3,-10,129,-13.5
11/27/24,Sacramento St,Air Force,Away,6.5,129,230,63-61,2,8.5,124,-5
11/27/24,Bucknell,Maryland,Away,24.5,140.5,1800,67-91,-24,0.5,158,17.5
11/27/24,Oklahoma,Providence,Neutral,-3,136.5,-160,79-77,2,-1,156,19.5
11/27/24,Incarnate Word,W Illinois,Neutral,-1.5,137,-120,86-75,11,9.5,161,24
11/27/24,South Dakota,Nebraska,Away,22.5,157.5,1600,79-96,-17,5.5,175,17.5
11/27/24,Texas A&M,Creighton,Neutral,-4,145.5,-178,77-73,4,0,150,4.5
11/27/24,S Carolina St,Marshall,Away,10,147.5,400,53-82,-29,-19,135,-12.5
11/27/24,Colgate,NC Wilmington,Away,8,146,300,72-59,13,21,131,-15
11/27/24,Cornell,Syracuse,Away,9.5,164.5,370,72-82,-10,-0.5,154,-10.5
11/27/24,Rider,Villanova,Away,19,137.5,1100,48-72,-24,-5,120,-17.5
11/27/24,Alabama St,Cincinnati,Away,29,145,3500,59-77,-18,11,136,-9
11/27/24,Utah Valley,Samford,Away,5,157,175,76-84,-8,-3,160,3
11/27/24,NC Greensboro,UTEP,Neutral,-1.5,137,-125,58-64,-6,-7.5,122,-15
11/27/24,Charleston So,Georgia Tech,Away,19.5,150.5,1300,67-91,-24,-4.5,158,7.5
11/27/24,Davidson,Arizona,Neutral,15.5,152.5,875,71-104,-33,-17.5,175,22.5
11/27/24,UMass Lowell,Saint Louis,Away,10,162,380,90-93,-3,7,183,21
11/27/24,Maryland ES,Little Rock,Away,18,143,1150,59-78,-19,-1,137,-6
11/27/24,Stonehill,Marquette,Away,34.5,142.5,3500,59-94,-35,-0.5,153,10.5
11/27/24,AR-Pine Bluff,Pacific,Away,16.5,158,1000,71-83,-12,4.5,154,-4
11/27/24,Mercyhurst,California,Away,22,140.5,1850,55-81,-26,-4,136,-4.5
11/27/24,Rutgers,Alabama,Neutral,11.5,162.5,511,90-95,-5,6.5,185,22.5
11/27/24,San Jose St,Long Beach St,Neutral,-7,125.5,-297,82-66,16,9,148,22.5
11/28/24,Notre Dame,Houston,Neutral,16.5,133.5,950,54-65,-11,5.5,119,-14.5
11/28/24,N Dakota St,Utah Valley,Neutral,6,141.5,210,83-63,20,26,146,4.5
11/28/24,Wichita St,Minnesota,Neutral,-2,137,-135,68-66,2,0,134,-3
11/28/24,Kent St,Towson,Neutral,-2,131.5,-130,65-54,11,9,119,-12.5
11/28/24,Kennesaw St,UC Irvine,Neutral,9.5,154,385,59-76,-17,-7.5,135,-19
11/28/24,Wake Forest,Florida,Neutral,8,152.5,270,58-75,-17,-9,133,-19.5
11/28/24,Purdue,NC State,Neutral,-5.5,147.5,-243,71-61,10,4.5,132,-15.5
11/28/24,Santa Clara,TCU,Neutral,5,148.5,174,69-52,17,22,121,-27.5
11/28/24,Arkansas,Illinois,Neutral,4,155.5,160,77-90,-13,-9,167,11.5
11/28/24,Utah St,St Bonaventure,Neutral,-6.5,148.5,-285,72-67,5,-1.5,139,-9.5
11/28/24,BYU,Mississippi,Neutral,-2.5,153,-142,85-96,-11,-13.5,181,28
11/28/24,Colorado St,Washington,Neutral,1.5,142.5,105,67-73,-6,-4.5,140,-2.5
11/28/24,Northwestern,Butler,Neutral,-2.5,135.5,-150,69-71,-2,-4.5,140,4.5
11/28/24,N Texas,N Iowa,Neutral,-3,126,-158,68-48,20,17,116,-10
11/28/24,Saint Mary's,USC,Neutral,-4.5,141,-199,71-36,35,30.5,107,-34
11/28/24,Mississippi St,UNLV,Neutral,-9,146.5,-400,80-58,22,13,138,-8.5
11/28/24,New Mexico,Arizona St,Neutral,-4,159,-170,82-85,-3,-7,167,8
11/29/24,Morehead St,Cleveland St,Away,6.5,128,216,71-69,2,8.5,140,12
11/29/24,Merrimack,Troy,Away,11,134,500,72-68,4,15,140,6
11/29/24,NC A&T,E Carolina,Away,13,151,650,69-93,-24,-11,162,11
11/29/24,Colgate,App State,Neutral,1,134.5,-108,50-72,-22,-21,122,-12.5
11/29/24,Alcorn St,S Alabama,Away,17.5,131.5,1050,65-74,-9,8.5,139,7.5
11/29/24,Kent St,UC Irvine,Neutral,6,136.5,220,39-51,-12,-6,90,-46.5
11/29/24,Kennesaw St,Towson,Neutral,3,144.5,130,67-63,4,7,130,-14.5
11/29/24,NW State,LSU,Away,19,142.5,1100,53-77,-24,-5,130,-12.5
11/29/24,Dartmouth,Boston College,Away,17,140.5,1000,88-83,5,22,171,30.5
11/29/24,Weber St,Bowling Green,Neutral,-3,143.5,-162,73-70,3,0,143,-0.5
11/29/24,Valparaiso,DePaul,Away,15,150.5,825,70-89,-19,-4,159,8.5
11/29/24,VMI,G Washington,Away,20.5,152.5,1200,64-77,-13,7.5,141,-11.5
11/29/24,Iona,Tarleton St,Neutral,-6,132,-267,62-51,11,5,113,-19
11/29/24,Elon,Maine,Neutral,-4,137.5,-186,56-69,-13,-17,125,-12.5
11/29/24,Niagara,Binghamton,Neutral,-1.5,135.5,-125,65-62,3,1.5,127,-8.5
11/29/24,Pittsburgh,Ohio St,Away,5.5,146.5,192,91-90,1,6.5,181,34.5
11/29/24,N Illinois,E Illinois,Away,3,137,136,59-72,-13,-10,131,-6
11/29/24,New Mexico St,Pepperdine,Neutral,-5,138.5,-218,70-82,-12,-17,152,13.5
11/29/24,W Georgia,Samford,Away,19.5,157.5,1200,65-86,-21,-1.5,151,-6.5
11/29/24,Sam Houston,NC Wilmington,Away,-1.5,151,-125,60-69,-9,-10.5,129,-22
11/29/24,George Mason,J Madison,Away,-1.5,140.5,-125,66-61,5,3.5,127,-13.5
11/29/24,Holy Cross,Virginia,Away,15.5,126.5,950,41-67,-26,-10.5,108,-18.5
11/29/24,LIU,Lafayette,Away,3.5,141.5,135,56-75,-19,-15.5,131,-10.5
11/29/24,Arkansas St,Indiana St,Neutral,-9,157.5,-404,86-81,5,-4,167,9.5
11/29/24,Navy,Penn,Away,3.5,141,145,86-78,8,11.5,164,23
11/29/24,Gardner-Webb,Belmont,Away,7.5,153,274,74-83,-9,-1.5,157,4
11/29/24,N Florida,SIU Edward,Away,-2.5,149.5,-145,78-73,5,2.5,151,1.5
11/29/24,Le Moyne,Manhattan,Away,5.5,147,199,81-77,4,9.5,158,11
11/29/24,Hofstra,Rice,Neutral,-2,134.5,-135,68-63,5,3,131,-3.5
11/29/24,Georgia St,Kentucky,Away,30.5,162,3500,76-105,-29,1.5,181,19
11/29/24,Florida A&M,Clemson,Away,32.5,142,3300,58-86,-28,4.5,144,2
11/29/24,Seattle,Duke,Away,27,141,2200,48-70,-22,5,118,-23
11/29/24,SF Austin,UL Monroe,Away,-4,130,-185,68-60,8,4,128,-2
11/29/24,N Colorado,Texas Tech,Away,22,151.5,1850,64-89,-25,-3,153,1.5
11/29/24,Tenn Tech,Vanderbilt,Away,23.5,156,1800,56-87,-31,-7.5,143,-13
11/29/24,Delaware St,Texas,Away,34.5,141,1900,68-90,-22,12.5,158,17
11/29/24,Miss Valley St,UCSB,Away,31,134.5,3300,48-81,-33,-2,129,-5.5
11/30/24,Southern,Louisiana Tech,Away,15.5,139.5,875,73-70,3,18.5,143,3.5
11/30/24,Nicholls,Louisiana,Away,1,147,105,76-75,1,2,151,4
11/30/24,Colgate,Sam Houston,Neutral,6.5,137,230,78-82,-4,2.5,160,23
11/30/24,Towson,UC Irvine,Neutral,10,128.5,397,60-67,-7,3,127,-1.5
11/30/24,CS Northridge,Montana St,Away,4.5,151.5,170,72-69,3,7.5,141,-10.5
11/30/24,Austin Peay,E Tennessee St,Away,9,137.5,331,57-79,-22,-13,136,-1.5
11/30/24,UC Riverside,Idaho,Away,-3.5,142.5,-175,68-80,-12,-15.5,148,5.5
11/30/24,E Washington,Utah,Away,22.5,152.5,2000,80-88,-8,14.5,168,15.5
11/30/24,Hou Christian,UTSA,Away,12.5,148,575,71-78,-7,5.5,149,1
11/30/24,Milwaukee,Southern Miss,Away,-2.5,156.5,-143,65-66,-1,-3.5,131,-25.5
11/30/24,Kennesaw St,Kent St,Neutral,5.5,140.5,190,60-67,-7,-1.5,127,-13.5
11/30/24,Monmouth,Seton Hall,Away,13,130,750,63-51,12,25,114,-16
11/30/24,Temple,La Salle,Away,0,150.5,-106,75-83,-8,-8,158,7.5
11/30/24,Furman,Kansas,Away,21,147.5,1700,51-86,-35,-14,137,-10.5
11/30/24,Campbell,Green Bay,Away,5,153.5,180,72-66,6,11,138,-15.5
11/30/24,C Arkansas,Georgia Tech,Away,21.5,150.5,1700,68-87,-19,2.5,155,4.5
11/30/24,Chicago St,Wisconsin,Away,33.5,148.5,2500,53-74,-21,12.5,127,-21.5
11/30/24,Northeastern,Vermont,Away,4.5,129.5,160,64-68,-4,0.5,132,2.5
11/30/24,Purdue FW,E Texas A&M,Away,-8,148.5,-388,77-57,20,12,134,-14.5
11/30/24,Mt St Mary's,Howard,Away,7.5,140,248,79-75,4,11.5,154,14
11/30/24,LIU,Binghamton,Neutral,-1,134.5,-110,70-75,-5,-6,145,10.5
11/30/24,Navy,Elon,Neutral,4.5,143.5,180,63-69,-6,-1.5,132,-11.5
11/30/24,Robert Morris,Ohio,Away,9.5,146,386,68-84,-16,-6.5,152,6
11/30/24,Indiana St,Iona,Neutral,-3.5,147.5,-176,83-80,3,-0.5,163,15.5
11/30/24,SC Upstate,Coastal Car,Away,7,148,230,51-73,-22,-15,124,-24
11/30/24,W Carolina,Marquette,Away,32,151,3500,62-94,-32,0,156,5
11/30/24,Charleston So,Miami,Away,24.5,150.5,2000,83-79,4,28.5,162,11.5
11/30/24,Delaware,Rider,Away,1.5,145.5,104,72-66,6,7.5,138,-7.5
11/30/24,App State,NC Wilmington,Away,3.5,134,145,61-76,-15,-11.5,137,3
11/30/24,Albany,Georgetown,Away,14,147.5,775,68-100,-32,-18,168,20.5
11/30/24,Niagara,Lafayette,Away,4.5,135,160,47-59,-12,-7.5,106,-29
11/30/24,Tarleton St,Hofstra,Neutral,10.5,125.5,440,61-59,2,12.5,120,-5.5
11/30/24,Maine,Penn,Away,-1,136.5,-115,64-77,-13,-14,141,4.5
11/30/24,Prairie View,Texas A&M-CC,Away,14.5,165.5,700,74-109,-35,-20.5,183,17.5
11/30/24,Georgia So,Drake,Away,14.5,143.5,810,47-61,-14,0.5,108,-35.5
11/30/24,Harvard,St John's,Away,26,145,2000,64-77,-13,13,141,-4
11/30/24,Bucknell,Siena,Neutral,-3.5,134.5,-170,58-71,-13,-16.5,129,-5.5
11/30/24,Bellarmine,N Kentucky,Away,10.5,136,455,70-86,-16,-5.5,156,20
11/30/24,FGCU,Florida Atlantic,Away,14,144.5,575,80-78,2,16,158,13.5
11/30/24,Air Force,Wright St,Away,8.5,136.5,320,57-70,-13,-4.5,127,-9.5
11/30/24,Oakland,Toledo,Away,8.5,146.5,309,85-52,33,41.5,137,-9.5
11/30/24,Detroit Mercy,E Michigan,Away,8,135,270,98-89,9,17,187,52
11/30/24,Marist,Lehigh,Away,1,139.5,-105,69-74,-5,-4,143,3.5
11/30/24,Maryland ES,UConn,Away,40.5,142.5,3300,45-99,-54,-13.5,144,1.5
11/30/24,Jacksonville,Georgia,Away,17,142.5,1000,56-102,-46,-29,158,15.5
11/30/24,Rice,Arkansas St,Neutral,8.5,141.5,310,75-67,8,16.5,142,0.5
11/30/24,CS Fullerton,Pacific,Away,4.5,138.5,170,55-64,-9,-4.5,119,-19.5
11/30/24,Abl Christian,Omaha,Away,-1.5,143,-124,71-55,16,14.5,126,-17
11/30/24,Marshall,W Kentucky,Away,8,150,280,82-90,-8,0,172,22
11/30/24,Utah Tech,Portland St,Away,6.5,152.5,211,68-71,-3,3.5,139,-13.5
11/30/24,Lipscomb,Alabama A&M,Away,-11.5,151.5,-700,82-44,38,26.5,126,-25.5
11/30/24,Kansas City,SE Missouri St,Away,-3,138,-155,59-80,-21,-24,139,1
11/30/24,CS Bakersfield,S Utah,Away,3.5,139,150,64-74,-10,-6.5,138,-1
11/30/24,Cal Poly,Stanford,Away,15.5,155,870,97-90,7,22.5,187,32
11/30/24,UC Davis,Oregon St,Away,11,140,470,57-90,-33,-22,147,7
11/30/24,Mercyhurst,Sacramento St,Away,7.5,129.5,280,66-60,6,13.5,126,-3.5
12/1/24,E Kentucky,Troy,Away,9.5,146.5,300,74-84,-10,-0.5,158,11.5
12/1/24,Texas St,Texas So,Away,-4.5,138.5,-198,72-59,13,8.5,131,-7.5
12/1/24,Quinnipiac,Stonehill,Away,-6.5,140,-303,74-88,-14,-20.5,162,22
12/1/24,UMass Lowell,C Connecticut,Away,-4,143.5,-170,67-69,-2,-6,136,-7.5
12/1/24,Navy,Maine,Neutral,3,133,131,66-71,-5,-2,137,4
12/1/24,NJIT,UMass,Away,19,141,,68-80,-12,7,148,7
12/1/24,Cal Baptist,UCF,Away,10,149.5,420,59-74,-15,-5,133,-16.5
12/1/24,Alcorn St,Maryland,Away,34.5,138.5,,58-96,-38,-3.5,154,15.5
12/1/24,LIU,Niagara,Neutral,3.5,136.5,135,52-60,-8,-4.5,112,-24.5
12/1/24,AR-Pine Bluff,Kansas St,Away,34,158,4000,73-120,-47,-13,193,35
12/1/24,New Hampshire,Fordham,Away,15,139.5,950,61-83,-22,-7,144,4.5
12/1/24,Buffalo,Penn St,Away,28.5,159.5,2000,64-87,-23,5.5,151,-8.5
12/1/24,Iona,Rice,Neutral,4.5,133.5,170,66-70,-4,0.5,136,2.5
12/1/24,NC Asheville,Tennessee St,Away,-1.5,152.5,-120,92-74,18,16.5,166,13.5
12/1/24,F Dickinson,Fairfield,Away,8,152.5,295,74-78,-4,4,152,-0.5
12/1/24,Radford,St Francis PA,Away,-6.5,136.5,-300,79-70,9,2.5,149,12.5
12/1/24,Binghamton,Lafayette,Away,6.5,126.5,240,82-81,1,7.5,163,36.5
12/1/24,Elon,Penn,Away,-2.5,140.5,-148,68-53,15,12.5,121,-19.5
12/1/24,Bethune,Minnesota,Away,17,130.5,1050,62-79,-17,0,141,10.5
12/1/24,Missouri St,Oral Roberts,Away,-2,140.5,-135,72-67,5,3,139,-1.5
12/1/24,N Alabama,Wofford,Away,4.5,145,158,54-74,-20,-15.5,128,-17
12/1/24,N Florida,Nebraska,Away,17,158.5,1000,72-103,-31,-14,175,16.5
12/1/24,Mercyhurst,San Francisco,Away,30,133.5,1700,59-87,-28,2,146,12.5
12/1/24,Sacred Heart,Boston U,Away,5.5,139.5,185,73-65,8,13.5,138,-1.5
12/1/24,Middle Tenn,UAB,Away,8,155.5,285,76-69,7,15,145,-10.5
12/1/24,Hofstra,Arkansas St,Neutral,6,140,210,68-66,2,8,134,-6
12/1/24,S Carolina St,Xavier,Away,27,148,1800,68-71,-3,24,139,-9
12/1/24,Denver,Portland,Away,7,148,240,90-101,-11,-4,191,43
12/1/24,Indiana St,Tarleton St,Neutral,-9,143.5,-391,87-71,16,7,158,14.5
12/1/24,Norfolk St,Stony Brook,Away,-6,140.5,-245,77-66,11,5,143,2.5
12/2/24,William & Mary,Old Dominion,Away,-7.5,157.5,-315,83-88,-5,-12.5,171,13.5
12/2/24,Washington St,Nevada,Away,11.5,146,490,68-57,11,22.5,125,-21
12/2/24,Chicago St,St Thomas,Away,20,140.5,1600,76-98,-22,-2,174,33.5
12/2/24,UMBC,Georgetown,Away,17,158.5,1000,62-86,-24,-7,148,-10.5
12/2/24,Yale,Rhode Island,Away,2.5,156,123,78-84,-6,-3.5,162,6
12/2/24,Air Force,Miami OH,Away,6.5,131.5,230,60-73,-13,-6.5,133,1.5
12/2/24,Bryant,Drexel,Away,2,148.5,105,78-73,5,7,151,2.5
12/2/24,Loyola MD,Coppin St,Away,-7.5,132.5,-345,68-57,11,3.5,125,-7.5
12/2/24,UT Arlington,UL Monroe,Away,-6.5,149.5,-290,84-70,14,7.5,154,4.5
12/2/24,SE Louisiana,Tulane,Away,7.5,139,260,71-67,4,11.5,138,-1
12/2/24,Jackson St,Saint Louis,Away,20,155,1350,66-74,-8,12,140,-15
12/2/24,Pacific,Colorado,Away,15,144,875,66-75,-9,6,141,-3
12/3/24,UTSA,Saint Mary's,Away,23,141.5,2000,74-82,-8,15,156,14.5
12/3/24,Arkansas,Miami,Away,-4,156.5,-192,76-73,3,-1,149,-7.5
12/3/24,Syracuse,Tennessee,Away,22.5,143.5,1500,70-96,-26,-3.5,166,22.5
12/3/24,Presbyterian,Florida A&M,Away,-4.5,138.5,-198,63-66,-3,-7.5,129,-9.5
12/3/24,Delaware St,Delaware,Away,12.5,150.5,617,80-93,-13,-0.5,173,22.5
12/3/24,San Diego,Arizona St,Away,20.5,149.5,1400,53-90,-37,-16.5,143,-6.5
12/3/24,Army,Le Moyne,Away,1.5,142.5,-102,103-100,3,4.5,203,60.5
12/3/24,N Kentucky,Akron,Away,7,145.5,243,73-86,-13,-6,159,13.5
12/3/24,Cincinnati,Villanova,Away,-4,139.5,-180,60-68,-8,-12,128,-11.5
12/3/24,E Illinois,Butler,Away,20.5,141,1500,58-73,-15,5.5,131,-10
12/3/24,Saint Peter's,Duquesne,Away,5.5,128,185,62-59,3,8.5,121,-7
12/3/24,Stetson,S Florida,Away,14.5,153.5,750,72-74,-2,12.5,146,-7.5
12/3/24,Lipscomb,Chattanooga,Away,1,151.5,-105,80-62,18,19,142,-9.5
12/3/24,NC A&T,Hampton,Away,4.5,148.5,179,71-82,-11,-6.5,153,4.5
12/3/24,California,Missouri,Away,10.5,151,425,93-98,-5,5.5,191,40
12/3/24,South Carolina,Boston College,Away,-4.5,137,-197,73-51,22,17.5,124,-13
12/3/24,Princeton,Saint Joseph's,Away,6,152,212,77-69,8,14,146,-6
12/3/24,La Salle,Northeastern,Away,1,147.5,-103,68-82,-14,-13,150,2.5
12/3/24,Winthrop,Queens,Away,-5,158,-198,86-78,8,3,164,6
12/3/24,Notre Dame,Georgia,Away,9,140,354,48-69,-21,-12,117,-23
12/3/24,W Michigan,Dayton,Away,24,144.5,2000,69-77,-8,16,146,1.5
12/3/24,NC Asheville,George Mason,Away,11,139.5,559,52-74,-22,-11,126,-13.5
12/3/24,Dartmouth,New Hampshire,Away,-3,142.5,-155,69-65,4,1,134,-8.5
12/3/24,Northwestern,Iowa,Away,5,147.5,182,79-80,-1,4,159,11.5
12/3/24,NC Wilmington,E Carolina,Away,6.5,139,230,67-53,14,20.5,120,-19
12/3/24,Brown,Vermont,Away,5,134.5,195,60-53,7,12,113,-21.5
12/3/24,High Point,NC Greensboro,Away,-1,138.5,-115,68-72,-4,-5,140,1.5
12/3/24,UT Martin,Charleston So,Away,4.5,142.5,165,68-83,-15,-10.5,151,8.5
12/3/24,Santa Clara,McNeese,Away,5,146.5,183,74-67,7,12,141,-5.5
12/3/24,E Tennessee St,J Madison,Away,4,142,157,61-71,-10,-6,132,-10
12/3/24,Sam Houston,Indiana,Away,13.5,154.5,700,71-97,-26,-12.5,168,13.5
12/3/24,Alabama St,SMU,Away,21.5,156,1700,72-101,-29,-7.5,173,17
12/3/24,Evansville,Murray St,Away,13.5,145.5,700,61-63,-2,11.5,124,-21.5
12/3/24,Bradley,S Illinois,Away,-4,147.5,-185,83-60,23,19,143,-4.5
12/3/24,BYU,Providence,Away,-4.5,143.5,-200,64-83,-19,-23.5,147,3.5
12/3/24,E Michigan,Loyola Chi,Away,18,144.5,1100,54-76,-22,-4,130,-14.5
12/3/24,Florida St,LSU,Away,4.5,150.5,164,75-85,-10,-5.5,160,9.5
12/3/24,Georgia Tech,Oklahoma,Away,12,149,615,61-76,-15,-3,137,-12
12/3/24,Wake Forest,Texas A&M,Away,9,142.5,340,44-57,-13,-4,101,-41.5
12/3/24,Mississippi,Louisville,Away,3.5,153.5,135,86-63,23,26.5,149,-4.5
12/3/24,Michigan,Wisconsin,Away,3,150.5,134,67-64,3,6,131,-19.5
12/3/24,Utah Tech,Boise St,Away,24,148.5,2000,64-87,-23,1,151,2.5
12/3/24,Hawai'i,Grand Canyon,Away,14,143.5,800,72-78,-6,8,150,6.5
12/3/24,Kentucky,Clemson,Away,-1,159,-127,66-70,-4,-5,136,-23
12/3/24,Utah Valley,Stanford,Away,11.5,141,522,63-77,-14,-2.5,140,-1
12/3/24,Washington,UCLA,Away,12,136.5,604,58-69,-11,1,127,-9.5
12/4/24,Wyoming,Utah St,Away,18.5,148.5,1100,67-70,-3,15.5,137,-11.5
12/4/24,W Georgia,Mercer,Away,11.5,144.5,525,72-86,-14,-2.5,158,13.5
12/4/24,Alcorn St,Wichita St,Away,24,141.5,2200,54-78,-24,0,132,-9.5
12/4/24,N Arizona,Oral Roberts,Away,4.5,144.5,170,76-83,-7,-2.5,159,14.5
12/4/24,S Dakota St,Montana,Away,-1,151.5,-115,67-71,-4,-5,138,-13.5
12/4/24,Coppin St,Wagner,Away,11.5,117,550,52-65,-13,-1.5,117,0
12/4/24,San Jose St,New Mexico,Away,19,150.5,1200,77-83,-6,13,160,9.5
12/4/24,Louisiana Tech,Memphis,Away,11,148.5,475,71-81,-10,1,152,3.5
12/4/24,San Diego St,Fresno St,Away,-13,142.5,-1050,84-62,22,9,146,3.5
12/4/24,Monmouth,Lehigh,Away,1,144.5,-108,63-90,-27,-26,153,8.5
12/4/24,Harvard,Holy Cross,Away,-3,139,-155,67-68,-1,-4,135,-4
12/4/24,Idaho,Kansas City,Away,3.5,138.5,155,82-77,5,8.5,159,20.5
12/4/24,N Dakota St,Weber St,Away,4.5,140,170,77-73,4,8.5,150,10
12/4/24,Portland St,Seattle,Away,8,145,310,74-91,-17,-9,165,20
12/4/24,NJIT,Seton Hall,Away,18,120.5,,56-67,-11,7,123,2.5
12/4/24,Loyola Mymt,Colorado St,Away,8.5,141.5,310,54-83,-29,-20.5,137,-4.5
12/4/24,Columbia,Albany,Away,-4.5,155,-225,73-88,-15,-19.5,161,6
12/4/24,Florida Atlantic,Florida Intl,Away,-9,158,-408,88-77,11,2,165,7
12/4/24,Ohio St,Maryland,Away,5.5,146.5,205,59-83,-24,-18.5,142,-4.5
12/4/24,Green Bay,IU Indy,Away,-3.5,153,-170,75-84,-9,-12.5,159,6
12/4/24,Baylor,UConn,Away,4,144.5,150,72-76,-4,0,148,3.5
12/4/24,Morehead St,Marshall,Away,11,140.5,485,77-80,-3,8,157,16.5
12/4/24,Gardner-Webb,Wofford,Away,5.5,141.5,190,64-88,-24,-18.5,152,10.5
12/4/24,Coastal Car,Campbell,Away,5,131.5,193,58-57,1,6,115,-16.5
12/4/24,G Washington,American,Away,-4.5,143,-190,71-81,-10,-14.5,152,9
12/4/24,F Dickinson,Fordham,Away,12,154,571,75-84,-9,3,159,5
12/4/24,Georgia So,VCU,Away,19.5,149.5,1250,54-89,-35,-15.5,143,-6.5
12/4/24,Youngstown St,Robert Morris,Away,1.5,138,102,72-58,14,15.5,130,-8
12/4/24,Rider,Fairfield,Away,2,134,111,75-78,-3,-1,153,19
12/4/24,Tenn Tech,N Alabama,Away,7.5,145.5,295,59-82,-23,-15.5,141,-4.5
12/4/24,C Connecticut,UMass,Away,9.5,138.5,373,73-69,4,13.5,142,3.5
12/4/24,St Bonaventure,Bucknell,Away,-7.5,135,-350,64-47,17,9.5,111,-24
12/4/24,Bellarmine,W Carolina,Away,5.5,147,188,74-86,-12,-6.5,160,13
12/4/24,Furman,FGCU,Away,-2.5,132.5,-142,76-73,3,0.5,149,16.5
12/4/24,Cornell,Colgate,Away,-2,152.5,-135,84-57,27,25,141,-11.5
12/4/24,Alabama,North Carolina,Away,1.5,176.5,105,94-79,15,16.5,173,-3.5
12/4/24,Virginia,Florida,Away,17.5,134,1000,69-87,-18,-0.5,156,22
12/4/24,Illinois St,Belmont,Away,5,151.5,190,97-99,-2,3,196,44.5
12/4/24,Oklahoma St,Tulsa,Away,-5.5,155,-250,76-55,21,15.5,131,-24
12/4/24,Montana St,Omaha,Away,-4,142.5,-185,76-65,11,7,141,-1.5
12/4/24,Idaho St,South Dakota,Away,4,152.5,145,80-94,-14,-10,174,21.5
12/4/24,N Iowa,Illinois Chicago,Away,-2,149.5,-133,83-56,27,25,139,-10.5
12/4/24,C Arkansas,Little Rock,Away,9.5,140,400,57-63,-6,3.5,120,-20
12/4/24,St Thomas,N Colorado,Away,4.5,155,168,87-75,12,16.5,162,7
12/4/24,Marquette,Iowa St,Away,5.5,152.5,205,70-81,-11,-5.5,151,-1.5
12/4/24,Kansas,Creighton,Away,-3.5,153,-177,63-76,-13,-16.5,139,-14
12/4/24,Michigan St,Minnesota,Away,-4.5,131.5,-210,90-72,18,13.5,162,30.5
12/4/24,Sacramento St,Denver,Away,3.5,141,140,59-80,-21,-17.5,139,-2
12/4/24,DePaul,Texas Tech,Away,13.5,147,750,62-76,-14,-0.5,138,-9
12/4/24,North Dakota,E Washington,Away,7,150.5,250,81-87,-6,1,168,17.5
12/4/24,Texas,NC State,Away,-2.5,147.5,-140,63-59,4,1.5,122,-25.5
12/4/24,Pittsburgh,Mississippi St,Away,6,149.5,195,57-90,-33,-27,147,-2.5
12/4/24,Vanderbilt,Virginia Tech,Away,-5.5,149.5,-250,80-64,16,10.5,144,-5.5
12/4/24,Auburn,Duke,Away,3.5,146.5,148,78-84,-6,-2.5,162,15.5
12/4/24,Abl Christian,New Mexico St,Away,2.5,139,128,78-70,8,10.5,148,9
12/4/24,Oregon,USC,Away,-6,148.5,-265,68-60,8,2,128,-20.5
12/5/24,NW State,Incarnate Word,Away,5.5,142,195,72-70,2,7.5,142,0
12/5/24,Samford,S Carolina St,Away,-10,157,-500,88-81,7,-3,169,12
12/5/24,SE Missouri St,Lipscomb,Away,16.5,147,1000,60-78,-18,-1.5,138,-9
12/5/24,UCSD,UCSB,Away,2.5,141,115,84-76,8,10.5,160,19
12/5/24,Purdue FW,Detroit Mercy,Away,-7.5,146,-337,78-79,-1,-8.5,157,11
12/5/24,Cleveland St,Milwaukee,Away,7.5,140.5,280,67-79,-12,-4.5,146,5.5
12/5/24,Cal Poly,UC Davis,Away,2.5,158.5,115,66-77,-11,-8.5,143,-15.5
12/5/24,SE Louisiana,Nicholls,Away,3,139.5,123,64-67,-3,0,131,-8.5
12/5/24,Alabama St,Southern Miss,Away,5,148.5,170,64-81,-17,-12,145,-3.5
12/5/24,E Texas A&M,Hou Christian,Away,3,135.5,135,79-83,-4,-1,162,26.5
12/5/24,Purdue,Penn St,Away,2,149.5,115,70-81,-11,-9,151,1.5
12/5/24,Maryland ES,Longwood,Away,20.5,145,1250,76-80,-4,16.5,156,11
12/5/24,Radford,NC Central,Away,-3,140.5,-155,70-67,3,0,137,-3.5
12/5/24,Drake,Valparaiso,Away,-10,136,-480,66-60,6,-4,126,-10
12/5/24,Wright St,Oakland,Away,1,139,-107,64-66,-2,-1,130,-9
12/5/24,SF Austin,UT Rio Grande,Away,5.5,143.5,200,65-68,-3,2.5,133,-10.5
12/5/24,Jackson St,Arkansas St,Away,16.5,148,775,64-66,-2,14.5,130,-18
12/5/24,Lamar,Texas A&M-CC,Away,8.5,151,320,65-61,4,12.5,126,-25
12/5/24,Xavier,TCU,Away,1,148.5,-105,72-76,-4,-3,148,-0.5
12/5/24,Long Beach St,CS Fullerton,Away,5,127,179,73-56,17,22,129,2
12/5/24,UC Riverside,CS Northridge,Away,4,151,164,68-64,4,8,132,-19
12/5/24,CS Bakersfield,UC Irvine,Away,15,135,875,66-82,-16,-1,148,13
12/5/24,Saint Louis,San Francisco,Away,8.5,152,333,61-78,-17,-8.5,139,-13
12/6/24,Saint Peter's,Manhattan,Home,-9,134.5,-429,67-70,-3,-12,137,2.5
12/6/24,Portland,Kent St,Away,13,140.5,668,57-76,-19,-6,133,-7.5
12/6/24,Kennesaw St,Georgia St,Away,2,156.5,118,81-77,4,6,158,1.5
12/6/24,Delaware,Duquesne,Away,3.5,145.5,146,66-80,-14,-10.5,146,0.5
12/6/24,Brown,Bryant,Away,6,154.5,200,76-75,1,7,151,-3.5
12/6/24,Siena,Niagara,Away,2,127.5,120,68-69,-1,1,137,9.5
12/6/24,Georgetown,West Virginia,Away,8.5,144,314,60-73,-13,-4.5,133,-11
12/6/24,Iona,Sacred Heart,Away,-1,142.5,-120,59-83,-24,-25,142,-0.5
12/6/24,Mt St Mary's,Marist,Away,5.5,135.5,200,50-53,-3,2.5,103,-32.5
12/6/24,Merrimack,Canisius,Away,-6.5,133.5,-300,60-52,8,1.5,112,-21.5
12/6/24,Quinnipiac,Rider,Away,-1,143,-108,72-67,5,4,139,-4
12/6/24,Miami OH,Indiana,Away,18.5,150.5,1600,57-76,-19,-0.5,133,-17.5
12/6/24,Charleston So,Davidson,Away,14.5,146.5,800,72-73,-1,13.5,145,-1.5
12/6/24,Prairie View,UAB,Away,26,171.5,3000,66-95,-29,-3,161,-10.5
12/6/24,N Texas,High Point,Away,1,128.5,-110,71-76,-5,-4,147,18.5
12/6/24,Illinois,Northwestern,Away,-3,143,-161,66-70,-4,-7,136,-7
12/7/24,Kansas St,St John's,Away,10,149,427,71-88,-17,-7,159,10
12/7/24,Tenn Tech,W Georgia,Away,-3,140,-160,73-78,-5,-8,151,11
12/7/24,E Texas A&M,Incarnate Word,Away,7.5,145.5,278,53-65,-12,-4.5,118,-27.5
12/7/24,UMBC,Towson,Away,9.5,142.5,380,84-71,13,22.5,155,12.5
12/7/24,Syracuse,Notre Dame,Away,5.5,145,195,64-69,-5,0.5,133,-12
12/7/24,Clemson,Miami,Away,-4.5,147.5,-195,65-55,10,5.5,120,-27.5
12/7/24,Boston College,Wake Forest,Away,10.5,135,464,66-72,-6,4.5,138,3
12/7/24,Grambling,Pepperdine,Away,3.5,139.5,131,57-85,-28,-24.5,142,2.5
12/7/24,N Florida,Georgia So,Away,-1,163.5,-110,91-93,-2,-3,184,20.5
12/7/24,UCSB,UC Davis,Away,-2.5,145,-140,60-71,-11,-13.5,131,-14
12/7/24,E Washington,S Dakota St,Away,10,154.5,409,53-74,-21,-11,127,-27.5
12/7/24,G Washington,Old Dominion,Away,-8.5,148,-399,78-70,8,-0.5,148,0
12/7/24,UTSA,Arkansas,Away,19.5,155.5,1250,60-75,-15,4.5,135,-20.5
12/7/24,E Carolina,South Carolina,Away,10.5,134.5,448,68-75,-7,3.5,143,8.5
12/7/24,Lindenwood,Mississippi,Away,31,149,3500,53-86,-33,-2,139,-10
12/7/24,Providence,Rhode Island,Away,-2.5,147,-140,63-69,-6,-8.5,132,-15
12/7/24,W Kentucky,Evansville,Away,-5.5,152.5,-233,79-65,14,8.5,144,-8.5
12/7/24,Indiana St,Missouri St,Away,4,148.5,165,80-77,3,7,157,8.5
12/7/24,San Diego,San Diego St,Away,24.5,139.5,2000,57-74,-17,7.5,131,-8.5
12/7/24,New Mexico St,New Mexico,Away,20,152.5,1200,89-83,6,26,172,19.5
12/7/24,C Arkansas,AR-Pine Bluff,Away,-5.5,153.5,-270,78-84,-6,-11.5,162,8.5
12/7/24,Navy,NJIT,Away,-3,138,-165,64-69,-5,-8,133,-5
12/7/24,Loyola MD,Delaware St,Away,-2.5,140,-135,77-80,-3,-5.5,157,17
12/7/24,Albany,Boston U,Away,1,138.5,101,74-80,-6,-5,154,15.5
12/7/24,Binghamton,Le Moyne,Away,2.5,140,114,72-62,10,12.5,134,-6
12/7/24,C Connecticut,Holy Cross,Away,-4,133,-200,69-56,13,9,125,-8
12/7/24,Morgan St,Bowling Green,Away,9.5,151.5,380,81-102,-21,-11.5,183,31.5
12/7/24,Montana,St Thomas,Away,5.5,145.5,195,81-88,-7,-1.5,169,23.5
12/7/24,Kansas City,Montana St,Away,8.5,140,310,62-74,-12,-3.5,136,-4
12/7/24,South Dakota,N Arizona,Away,1,157.5,-104,82-95,-13,-12,177,19.5
12/7/24,Princeton,Furman,Away,-1.5,146.5,-123,63-69,-6,-7.5,132,-14.5
12/7/24,Rutgers,Ohio St,Away,5,154,205,66-80,-14,-9,146,-8
12/7/24,Nebraska,Michigan St,Away,7,146.5,245,52-89,-37,-30,141,-5.5
12/7/24,New Orleans,Nicholls,Away,11.5,147,535,70-73,-3,8.5,143,-4
12/7/24,E Tennessee St,Wichita St,Away,7.5,148.5,270,87-96,-9,-1.5,183,34.5
12/7/24,Saint Mary's,Utah,Away,3.5,141.5,140,72-63,9,12.5,135,-6.5
12/7/24,Coastal Car,Winthrop,Away,11,141.5,510,89-96,-7,4,185,43.5
12/7/24,N Colorado,N Dakota St,Away,1.5,151.5,105,70-82,-12,-10.5,152,0.5
12/7/24,S Florida,Loyola Chi,Away,10.5,146.5,460,72-74,-2,8.5,146,-0.5
12/7/24,Wright St,Detroit Mercy,Away,-6.5,144,-300,80-72,8,1.5,152,8
12/7/24,Queens,VMI,Away,-2,154,-128,81-78,3,1,159,5
12/7/24,Wisconsin,Marquette,Away,6.5,150,235,74-88,-14,-7.5,162,12
12/7/24,Marshall,NC Wilmington,Away,6.5,147.5,225,69-78,-9,-2.5,147,-0.5
12/7/24,Pittsburgh,Virginia Tech,Away,-8.5,142.5,-397,64-59,5,-3.5,123,-19.5
12/7/24,Georgia Tech,North Carolina,Away,18,162,1300,65-68,-3,15,133,-29
12/7/24,NC Central,Gardner-Webb,Away,6.5,149,221,78-77,1,7.5,155,6
12/7/24,NC Greensboro,NC A&T,Away,-7,149,-298,67-55,12,5,122,-27
12/7/24,Lehigh,Dayton,Away,22.5,145.5,2000,62-86,-24,-1.5,148,2.5
12/7/24,Tulane,George Mason,Away,13,138.5,675,64-76,-12,1,140,1.5
12/7/24,Oakland,Youngstown St,Away,2,132.5,114,50-66,-16,-14,116,-16.5
12/7/24,N Kentucky,IU Indy,Away,-7,140,-310,66-64,2,-5,130,-10
12/7/24,Iowa,Michigan,Away,9.5,159,370,83-85,-2,7.5,168,9
12/7/24,Vermont,Yale,Away,6,133.5,220,50-65,-15,-9,115,-18.5
12/7/24,Morehead St,Ohio,Away,13.5,146.5,750,76-88,-12,1.5,164,17.5
12/7/24,S Utah,Arizona,Away,27.5,158.5,1600,66-102,-36,-8.5,168,9.5
12/7/24,Virginia,SMU,Away,10,135.5,430,51-63,-12,-2,114,-21.5
12/7/24,Stony Brook,Air Force,Neutral,5.5,130.5,195,61-69,-8,-2.5,130,-0.5
12/7/24,S Indiana,S Illinois,Away,9.5,146.5,350,70-73,-3,6.5,143,-3.5
12/7/24,Southern,Tulsa,Away,6.5,142,240,70-66,4,10.5,136,-6
12/7/24,Lafayette,Mercyhurst,Away,-3,130.5,-155,77-73,4,1,150,19.5
12/7/24,SC Upstate,W Carolina,Away,8.5,161,310,74-68,6,14.5,142,-19
12/7/24,Cleveland St,Green Bay,Away,1.5,147,109,83-61,22,23.5,144,-3
12/7/24,Middle Tenn,Belmont,Away,3,155.5,135,79-82,-3,0,161,5.5
12/7/24,Stanford,California,Away,1.5,148,105,89-81,8,9.5,170,22
12/7/24,Florida St,NC State,Away,5,147.5,177,74-84,-10,-5,158,10.5
12/7/24,Utah Valley,J Madison,Away,6.5,141,220,61-78,-17,-10.5,139,-2
12/7/24,Seattle,UTEP,Away,3.5,134,135,72-88,-16,-12.5,160,26
12/7/24,Omaha,Sacramento St,Away,1,137.5,-105,70-60,10,11,130,-7.5
12/7/24,Buffalo,St Bonaventure,Away,17.5,142.5,1050,55-65,-10,7.5,120,-22.5
12/7/24,UNLV,Creighton,Away,10,145,440,65-83,-18,-8,148,3
12/7/24,NW State,Hou Christian,Away,-3.5,134.5,-185,64-57,7,3.5,121,-13.5
12/7/24,SF Austin,Texas A&M-CC,Away,2,140.5,102,48-67,-19,-17,115,-25.5
12/7/24,Boise St,Washington St,Neutral,-8.5,149,-400,69-74,-5,-13.5,143,-6
12/7/24,Denver,Portland St,Away,8.5,152,306,68-67,1,9.5,135,-17
12/7/24,Idaho,Oregon St,Away,14,138,750,62-78,-16,-2,140,2
12/7/24,Pacific,Illinois St,Away,7.5,141.5,268,61-72,-11,-3.5,133,-8.5
12/7/24,Texas So,Sam Houston,Away,11,146.5,550,71-87,-16,-5,158,11.5
12/7/24,Lamar,UT Rio Grande,Away,6.5,154,244,84-52,32,38.5,136,-18
12/7/24,Butler,Houston,Away,17.5,134.5,1000,51-79,-28,-10.5,130,-4.5
12/7/24,N Illinois,N Iowa,Away,18.5,140.5,1000,57-101,-44,-25.5,158,17.5
12/7/24,USC,Washington,Away,4,141.5,158,85-61,24,28,146,4.5
12/7/24,Wofford,Elon,Away,2,139.5,120,56-79,-23,-21,135,-4.5
12/7/24,Fresno St,Santa Clara,Away,16,156,900,66-81,-15,1,147,-9
12/7/24,Miss Valley St,Liberty,Away,34.5,124.5,3500,52-89,-37,-2.5,141,16.5
12/7/24,UMass Lowell,UMass,Away,3,154.5,128,96-83,13,16,179,24.5
12/7/24,Hawai'i,Long Beach St,Away,-5.5,130.5,-245,68-76,-8,-13.5,144,13.5
12/7/24,Oral Roberts,Idaho St,Away,5.5,143.5,195,55-71,-16,-10.5,126,-17.5
12/8/24,Louisiana Tech,Louisiana,Away,-6.5,146.5,-285,69-58,11,4.5,127,-19.5
12/7/24,Colorado St,Colorado,Away,2.5,140.5,129,55-72,-17,-14.5,127,-13.5
12/7/24,CS Northridge,Cal Poly,Away,-2.5,159.5,-157,102-91,11,8.5,193,33.5
12/7/24,CS Fullerton,UC Riverside,Away,10,135,400,68-75,-7,3,143,8
12/7/24,Weber St,North Dakota,Away,-2.5,145.5,-140,75-80,-5,-7.5,155,9.5
12/7/24,Alcorn St,Oklahoma,Away,31,137.5,,78-94,-16,15,172,34.5
12/7/24,Nevada,Loyola Mymt,Away,-7.5,137.5,-345,64-68,-4,-11.5,132,-5.5
12/7/24,Utah Tech,Utah St,Away,25,150.5,1800,62-92,-30,-5,154,3.5
12/7/24,CS Bakersfield,UCSD,Away,11.5,136,519,60-81,-21,-9.5,141,5
12/7/24,Gonzaga,Kentucky,Neutral,-6.5,167,-265,89-90,-1,-7.5,179,12
12/8/24,Maine,Fordham,Away,5,138.5,195,72-87,-15,-10,159,20.5
12/8/24,Tarleton St,UCF,Away,24,136,1600,51-66,-15,9,117,-19
12/8/24,Oklahoma St,Seton Hall,Away,-1.5,132,-120,85-76,9,7.5,161,29
12/8/24,Prairie View,Mississippi St,Away,38.5,164,,84-91,-7,31.5,175,11
12/8/24,Richmond,Auburn,Away,29,144.5,1700,54-98,-44,-15,152,7.5
12/8/24,Maryland,Purdue,Away,4.5,144.5,170,78-83,-5,-0.5,161,16.5
12/8/24,Vanderbilt,TCU,Neutral,-2.5,149.5,-140,83-74,9,6.5,157,7.5
12/8/24,Saint Peter's,Iona,Away,0,131,-107,63-72,-9,-9,135,4
12/8/24,Harvard,New Hampshire,Away,-7,136.5,-350,72-62,10,3,134,-2.5
12/8/24,Cornell,Army,Away,-3.5,158,-185,103-84,19,15.5,187,29
12/8/24,Wagner,Maryland ES,Away,-4.5,127,-198,63-61,2,-2.5,124,-3
12/8/24,Kansas,Missouri,Away,-6.5,153.5,-285,67-76,-9,-15.5,143,-10.5
12/8/24,Merrimack,Niagara,Away,-2,127,-135,80-62,18,16,142,15
12/8/24,Siena,Canisius,Away,-4.5,134.5,-198,66-53,13,8.5,119,-15.5
12/8/24,Fairfield,Mt St Mary's,Away,2.5,138.5,121,94-101,-7,-4.5,195,56.5
12/8/24,Sacred Heart,Quinnipiac,Away,6,151,200,73-83,-10,-4,156,5
12/8/24,Marist,Manhattan,Away,-2,137.5,-130,82-75,7,5,157,19.5
12/8/24,Robert Morris,Purdue FW,Away,9.5,147.5,378,77-82,-5,4.5,159,11.5
12/8/24,Howard,Cincinnati,Away,28,141.5,2500,67-84,-17,11,151,9.5
12/8/24,Colgate,Northeastern,Away,8.5,134.5,297,75-78,-3,5.5,153,18.5
12/8/24,Bucknell,Radford,Away,6.5,133.5,225,70-74,-4,2.5,144,10.5
12/8/24,Ball St,SIU Edward,Away,3,137.5,134,69-82,-13,-10,151,13.5
12/8/24,Texas Tech,Texas A&M,Neutral,-1,143,-110,67-72,-5,-6,139,-4
12/8/24,Jacksonville St,S Alabama,Away,4.5,137,161,74-76,-2,2.5,150,13
12/8/24,Rice,Texas St,Away,6,134.5,220,66-75,-9,-3,141,6.5
12/8/24,Austin Peay,Samford,Away,13,151,650,47-72,-25,-12,119,-32
12/8/24,Chicago St,Saint Louis,Away,25,154.5,3500,62-85,-23,2,147,-7.5
12/8/24,FGCU,LSU,Away,14,140.5,850,71-80,-9,5,151,10.5
12/8/24,Mercer,Stetson,Away,-3.5,153.5,-175,89-83,6,2.5,172,18.5
12/8/24,SE Missouri St,Murray St,Away,16,146.5,1000,53-73,-20,-4,126,-20.5
12/8/24,Arkansas St,Memphis,Away,12.5,152,625,85-72,13,25.5,157,5
12/8/24,Dartmouth,Illinois Chicago,Away,11,152.5,470,68-69,-1,10,137,-15.5
12/8/24,UConn,Texas,Away,1.5,141,105,76-65,11,12.5,141,0
12/8/24,Duke,Louisville,Away,-8,146.5,-401,76-65,11,3,141,-5.5
12/8/24,Jackson St,Iowa St,Away,36,145.5,3300,58-100,-42,-6,158,12.5
12/8/24,UCLA,Oregon,Away,3.5,137.5,145,73-71,2,5.5,144,6.5
12/9/24,Minnesota,Indiana,Away,9.5,141,406,67-82,-15,-5.5,149,8
12/9/24,Hofstra,Norfolk St,Away,4.5,133,170,80-67,13,17.5,147,14
12/9/24,Charleston So,S Carolina St,Away,2.5,144.5,115,63-82,-19,-16.5,145,0.5
12/9/24,Penn,VCU,Away,23.5,138.5,2000,47-66,-19,4.5,113,-25.5
12/9/24,Abl Christian,Baylor,Away,25,141.5,1800,57-88,-31,-6,145,3.5
12/10/24,Long Beach St,San Diego,Away,4,140,161,76-70,6,10,146,6
12/10/24,NC Central,West Virginia,Away,23.5,141.5,3000,45-79,-34,-10.5,124,-17.5
12/10/24,Southern Miss,Tulane,Away,6,144,220,58-86,-28,-22,144,0
12/10/24,N Dakota St,Butler,Away,13.5,142.5,790,71-68,3,16.5,139,-3.5
12/10/24,Miami,Tennessee,Neutral,15,145,950,62-75,-13,2,137,-8
12/10/24,Rhode Island,Brown,Away,-4,150.5,-178,80-84,-4,-8,164,13.5
12/10/24,Morgan St,Xavier,Away,29,155.5,3300,58-119,-61,-32,177,21.5
12/10/24,Albany,Syracuse,Away,12.5,156.5,625,85-102,-17,-4.5,187,30.5
12/10/24,Incarnate Word,Duke,Away,33.5,143,3500,46-72,-26,7.5,118,-25
12/10/24,Charleston,Saint Joseph's,Away,8,150.5,278,78-75,3,11,153,2.5
12/10/24,Jacksonville,Florida Atlantic,Away,12.5,154.5,615,63-85,-22,-9.5,148,-6.5
12/10/24,Charlotte,Davidson,Away,8,140,300,71-75,-4,4,146,6
12/10/24,Penn St,Rutgers,Away,3,157.5,127,76-80,-4,-1,156,-1.5
12/10/24,Monmouth,Princeton,Away,14,146,825,67-71,-4,10,138,-8
12/10/24,Coppin St,NC State,Away,31.5,136.5,3300,56-66,-10,21.5,122,-14.5
12/10/24,Tennessee St,W Kentucky,Away,14,161.5,825,60-84,-24,-10,144,-17.5
12/10/24,Wyoming,South Dakota,Away,1,156,-107,81-82,-1,0,163,7
12/10/24,Troy,Houston,Away,27.5,132.5,2000,42-62,-20,7.5,104,-28.5
12/10/24,Providence,DePaul,Away,2,139,110,70-63,7,9,133,-6
12/10/24,Arkansas,Michigan,Neutral,4,148,145,89-87,2,6,176,28
12/10/24,Wisconsin,Illinois,Away,7,152.5,240,80-86,-6,1,166,13.5
12/10/24,Kansas City,Portland,Away,2.5,142.5,130,69-64,5,7.5,133,-9.5
12/10/24,Cornell,California,Away,9,166.5,330,88-80,8,17,168,1.5
12/10/24,E Washington,Washington,Away,12.5,147,671,69-87,-18,-5.5,156,9
12/11/24,UT Martin,Alabama St,Away,4.5,145.5,170,93-103,-10,-5.5,196,50.5
12/11/24,SE Louisiana,Louisiana,Away,4.5,144,170,61-68,-7,-2.5,129,-15
12/11/24,Dartmouth,Notre Dame,Away,17.5,142,1000,65-77,-12,5.5,142,0
12/11/24,Fresno St,BYU,Away,25,157.5,1800,67-95,-28,-3,162,4.5
12/11/24,NJIT,Delaware St,Away,5,141,170,59-71,-12,-7,130,-11
12/11/24,Norfolk St,Baylor,Away,25.5,145,3500,69-94,-25,0.5,163,18
12/11/24,S Dakota St,Nevada,Away,11.5,142.5,550,63-77,-14,-2.5,140,-2.5
12/11/24,Cal Baptist,San Diego St,Away,13.5,136,825,75-81,-6,7.5,156,20
12/11/24,LIU,UMass Lowell,Away,15.5,151.5,775,62-69,-7,8.5,131,-20.5
12/11/24,Marshall,Wright St,Away,5.5,151,211,79-88,-9,-3.5,167,16
12/11/24,Maine,Duquesne,Away,4,132.5,164,61-56,5,9,117,-15.5
12/11/24,IU Indy,Purdue FW,Away,14.5,151,825,76-78,-2,12.5,154,3
12/11/24,UTEP,Louisville,Away,14.5,145.5,800,74-77,-3,11.5,151,5.5
12/11/24,Milwaukee,Green Bay,Away,-5.5,159,-255,88-67,21,15.5,155,-4
12/11/24,E Kentucky,Pittsburgh,Away,18.5,148.5,1000,56-96,-40,-21.5,152,3.5
12/11/24,N Alabama,E Carolina,Away,8,139,280,74-67,7,15,141,2
12/11/24,F Dickinson,Villanova,Away,28.5,151,,72-86,-14,14.5,158,7
12/11/24,Bryant,St John's,Away,21,159.5,1450,77-99,-22,-1,176,16.5
12/11/24,AR-Pine Bluff,UL Monroe,Away,12,156.5,505,73-89,-16,-4,162,5.5
12/11/24,North Dakota,Utah Valley,Away,10.5,147,400,57-80,-23,-12.5,137,-10
12/11/24,Colgate,Kentucky,Away,31.5,156.5,3500,67-78,-11,20.5,145,-11.5
12/12/24,Campbell,The Citadel,Away,-1,136,-110,86-58,28,27,144,8
12/12/24,Bethune,Virginia,Away,16,126,1000,41-59,-18,-2,100,-26
12/12/24,NC A&T,Virginia Tech,Away,14,146.5,790,67-95,-28,-14,162,15.5
12/12/24,Iowa St,Iowa,Away,-5.5,161,-237,89-80,9,3.5,169,8
12/12/24,UT Arlington,Arkansas St,Away,8,156.5,285,79-83,-4,4,162,5.5
12/12/24,New Mexico St,Texas,Away,19.5,142.5,1600,67-91,-24,-4.5,158,15.5
12/12/24,Chattanooga,Evansville,Away,-2.5,148.5,-142,75-67,8,5.5,142,-6.5
12/13/24,Boston U,Merrimack,Away,4.5,126.5,153,61-64,-3,1.5,125,-1.5
12/13/24,S Dakota St,Colorado,Away,8,145.5,280,70-81,-11,-3,151,5.5
12/13/24,Army,G Washington,Away,10,150.5,439,60-75,-15,-5,135,-15.5
12/13/24,Georgia So,Louisiana Tech,Away,11.5,144.5,515,63-77,-14,-2.5,140,-4.5
12/13/24,Omaha,N Iowa,Away,14,141.5,790,58-78,-20,-6,136,-5.5
12/13/24,Indiana,Nebraska,Away,4,156,157,68-85,-17,-13,153,-3
12/13/24,W Michigan,St Thomas,Away,11.5,148,525,71-77,-6,5.5,148,0
12/13/24,Weber St,Utah Tech,Away,-4.5,143.5,-190,73-71,2,-2.5,144,0.5
12/14/24,Memphis,Clemson,Away,5.5,144.5,200,87-82,5,10.5,169,24.5
12/14/24,E Illinois,E Kentucky,Away,10,141.5,410,66-81,-15,-5,147,5.5
12/14/24,NC Wilmington,Howard,Away,-5,146,-199,83-88,-5,-10,171,25
12/14/24,Towson,Duquesne,Neutral,-2.5,128.5,-150,47-65,-18,-20.5,112,-16.5
12/14/24,Saint Mary's,Boise St,Neutral,-2.5,139.5,-142,65-67,-2,-4.5,132,-7.5
12/14/24,Mississippi,Southern Miss,Neutral,-23,146.5,-7000,77-46,31,8,123,-23.5
12/14/24,Bowling Green,Kansas City,Away,3.5,144,150,77-85,-8,-4.5,162,18
12/14/24,S Carolina St,Furman,Away,12,141.5,565,64-68,-4,8,132,-9.5
12/14/24,Texas A&M,Purdue,Neutral,2,143,111,70-66,4,6,136,-7
12/14/24,Wyoming,BYU,Neutral,15.5,145,950,49-68,-19,-3.5,117,-28
12/14/24,Bethune,West Virginia,Away,23.5,137.5,2500,61-84,-23,0.5,145,7.5
12/14/24,SC Upstate,South Carolina,Away,23.5,150,2000,53-73,-20,3.5,126,-24
12/14/24,LIU,Missouri,Away,27.5,147.5,3300,61-88,-27,0.5,149,1.5
12/14/24,N Arizona,Pepperdine,Away,4,145.5,145,76-86,-10,-6,162,16.5
12/14/24,Cal Poly,San Jose St,Away,6,154.5,200,100-107,-7,-1,207,52.5
12/14/24,S Florida,Utah St,Away,16.5,156,900,67-88,-21,-4.5,155,-1
12/14/24,Texas So,Nevada,Away,21.5,140.5,2000,73-105,-32,-10.5,178,37.5
12/14/24,San Diego,Fresno St,Away,5,154,185,65-73,-8,-3,138,-16
12/14/24,Texas St,Florida Atlantic,Away,9,149,350,80-89,-9,0,169,20
12/14/24,Wagner,NJIT,Away,-2,120.5,-139,50-43,7,5,93,-27.5
12/14/24,S Illinois,Austin Peay,Away,-1.5,134.5,-125,65-60,5,3.5,125,-9.5
12/14/24,Bradley,Santa Clara,Neutral,3,144.5,132,74-84,-10,-7,158,13.5
12/14/24,Coppin St,Penn St,Away,37,144.5,3500,51-99,-48,-11,150,5.5
12/14/24,Auburn,Ohio St,Neutral,-12.5,151.5,-968,91-53,38,25.5,144,-7.5
12/14/24,Wichita St,DePaul,Away,4.5,151.5,175,72-91,-19,-14.5,163,11.5
12/14/24,Stony Brook,Rider,Away,5.5,135,240,72-55,17,22.5,127,-8
12/14/24,Maine,Canisius,Away,-8,134.5,-355,84-79,5,-3,163,28.5
12/14/24,Toledo,Youngstown St,Away,1.5,148.5,100,87-93,-6,-4.5,180,31.5
12/14/24,Lamar,Louisiana,Away,3.5,144.5,130,74-45,29,32.5,119,-25.5
12/14/24,UCF,Tulsa,Neutral,-10.5,143.5,-648,88-75,13,2.5,163,19.5
12/14/24,Murray St,W Kentucky,Away,5,148,190,76-81,-5,0,157,9
12/14/24,NC Central,Longwood,Away,8.5,145,295,77-70,7,15.5,147,2
12/14/24,W Carolina,NC Asheville,Away,7,147.5,274,61-78,-17,-10,139,-8.5
12/14/24,App State,High Point,Neutral,5.5,136.5,185,59-65,-6,-0.5,124,-12.5
12/14/24,Dartmouth,UMass Lowell,Away,11,154.5,500,83-92,-9,2,175,20.5
12/14/24,Charlotte,Georgia St,Away,1.5,144,106,77-63,14,15.5,140,-4
12/14/24,Queens,Gardner-Webb,Away,6,154.5,210,85-83,2,8,168,13.5
12/14/24,Xavier,Cincinnati,Away,8,146.5,290,65-68,-3,5,133,-13.5
12/14/24,Wisconsin,Butler,Neutral,-5,147,-225,83-74,9,4,157,10
12/14/24,Georgetown,Syracuse,Away,-1,151.5,-116,75-71,4,3,146,-5.5
12/14/24,Fordham,Bryant,Neutral,1,159.5,-105,86-84,2,3,170,10.5
12/14/24,W Illinois,South Dakota,Away,9.5,153.5,373,66-89,-23,-13.5,155,1.5
12/14/24,UL Monroe,UT Arlington,Away,13.5,150,650,68-77,-9,4.5,145,-5
12/14/24,Arizona,UCLA,Neutral,-4,145,-192,54-57,-3,-7,111,-34
12/14/24,NW State,California,Away,16.5,143.5,950,66-84,-18,-1.5,150,6.5
12/14/24,Ball St,Bellarmine,Away,-3.5,143,-165,86-82,4,0.5,168,25
12/14/24,Seton Hall,Rutgers,Away,10,134.5,528,63-66,-3,7,129,-5.5
12/14/24,E Tennessee St,Jacksonville,Away,-2.5,148,-150,52-60,-8,-10.5,112,-36
12/14/24,NC State,Kansas,Away,14.5,142.5,870,60-75,-15,-0.5,135,-7.5
12/14/24,Arizona St,Florida,Neutral,7,156.5,260,66-83,-17,-10,149,-7.5
12/14/24,Arkansas,C Arkansas,Neutral,-27.5,147.5,-20000,82-57,25,-2.5,139,-8.5
12/14/24,LSU,SMU,Neutral,4,155,165,64-74,-10,-6,138,-17
12/14/24,C Michigan,Valparaiso,Away,0,144.5,-109,77-93,-16,-16,170,25.5
12/14/24,Florida Intl,Stetson,Away,-3.5,147.5,-175,81-72,9,5.5,153,5.5
12/14/24,La Salle,North Carolina,Away,20.5,163,1600,67-93,-26,-5.5,160,-3
12/14/24,Ohio,Marshall,Away,-1,155.5,-105,70-79,-9,-10,149,-6.5
12/14/24,Drexel,Albany,Away,2.5,144.5,119,77-70,7,9.5,147,2.5
12/14/24,Tulane,Florida St,Neutral,10.5,147.5,476,64-77,-13,-2.5,141,-6.5
12/14/24,IU Indy,Lindenwood,Away,1,142,-105,63-81,-18,-17,144,2
12/14/24,Utah Valley,Jacksonville St,Away,3,140.5,130,66-70,-4,-1,136,-4.5
12/14/24,Missouri St,Washington St,Away,11,141.5,500,78-91,-13,-2,169,27.5
12/14/24,UC Irvine,Oregon St,Away,2.5,136.5,121,55-67,-12,-9.5,122,-14.5
12/14/24,St Bonaventure,Providence,Neutral,3,127.5,130,74-70,4,7,144,16.5
12/14/24,NC Greensboro,N Florida,Away,2,149.5,112,77-89,-12,-10,166,16.5
12/14/24,Louisville,Kentucky,Away,10,160.5,446,85-93,-8,2,178,17.5
12/14/24,Tennessee,Illinois,Away,-1.5,148.5,-128,66-64,2,0.5,130,-18.5
12/14/24,Mississippi St,McNeese,Neutral,-9.5,144,-470,66-63,3,-6.5,129,-15
12/14/24,St Francis PA,Niagara,Away,3.5,136.5,150,66-69,-3,0.5,135,-1.5
12/14/24,Grand Canyon,Georgia,Neutral,6.5,148,235,68-73,-5,1.5,141,-7
12/14/24,Belmont,Richmond,Away,-2,150,-130,93-86,7,5,179,29
12/14/24,Marquette,Dayton,Away,0,149,-101,63-71,-8,-8,134,-15
12/14/24,Loyola MD,Mt St Mary's,Away,3,140.5,135,77-69,8,11,146,5.5
12/14/24,Detroit Mercy,Davidson,Away,16,144.5,900,51-86,-35,-19,137,-7.5
12/14/24,NC A&T,Liberty,Away,20,142.5,1400,74-83,-9,11,157,14.5
12/14/24,Radford,Utah,Away,19.5,146.5,1300,63-81,-18,1.5,144,-2.5
12/14/24,Colorado St,VCU,Neutral,6,137,210,68-76,-8,-2,144,7
12/14/24,Oklahoma,Oklahoma St,Neutral,-4,153.5,-183,80-65,15,11,145,-8.5
12/14/24,Gonzaga,UConn,Neutral,-3.5,153,-180,71-77,-6,-9.5,148,-5
12/14/24,Creighton,Alabama,Away,11.5,164.5,540,75-83,-8,3.5,158,-6.5
12/14/24,Prairie View,Loyola Mymt,Away,17.5,158,1100,75-76,-1,16.5,151,-7
12/14/24,UC Davis,Sacramento St,Away,-5.5,138,-260,69-62,7,1.5,131,-7
12/14/24,Green Bay,UCSB,Away,13.5,152.5,700,66-83,-17,-3.5,149,-3.5
12/14/24,Pacific,UNLV,Away,12.5,138.5,632,65-72,-7,5.5,137,-1.5
12/14/24,Texas A&M-CC,Hawai'i,Away,5,145,170,62-71,-9,-4,133,-12
12/15/24,S Alabama,E Texas A&M,Away,-7.5,135.5,-345,81-72,9,1.5,153,17.5
12/15/24,Northeastern,Old Dominion,Away,-6.5,142.5,-285,75-71,4,-2.5,146,3.5
12/15/24,UCSD,Idaho,Away,-7.5,141,-334,80-56,24,16.5,136,-5
12/15/24,Temple,Hofstra,Away,3.5,141.5,133,60-42,18,21.5,102,-39.5
12/15/24,Chicago St,Mercer,Away,15.5,150.5,875,63-75,-12,3.5,138,-12.5
12/15/24,W Michigan,N Dakota St,Away,8.5,144.5,300,62-98,-36,-27.5,160,15.5
12/15/24,Mercyhurst,Kent St,Away,18,127.5,1250,57-82,-25,-7,139,11.5
12/15/24,AR-Pine Bluff,Texas,Away,38.5,160,3500,57-121,-64,-25.5,178,18
12/15/24,Akron,Milwaukee,Neutral,1,155.5,100,81-100,-19,-18,181,25.5
12/15/24,Navy,Virginia Tech,Away,13.5,140.5,650,72-80,-8,5.5,152,11.5
12/15/24,Omaha,Iowa St,Away,34.5,148.5,3300,51-83,-32,2.5,134,-14.5
12/15/24,Norfolk St,N Kentucky,Away,4,137.5,150,62-71,-9,-5,133,-4.5
12/15/24,Illinois Chicago,Little Rock,Away,2,145.5,113,77-69,8,10,146,0.5
12/15/24,Vermont,Colgate,Away,-1.5,128.5,-120,60-65,-5,-6.5,125,-3.5
12/15/24,Purdue FW,E Michigan,Away,-5.5,147,-250,99-76,23,17.5,175,28
12/15/24,Alabama A&M,Chattanooga,Away,16.5,151,950,63-85,-22,-5.5,148,-3
12/15/24,Campbell,Morgan St,Away,-5.5,151.5,-250,76-86,-10,-15.5,162,10.5
12/15/24,Presbyterian,Miami,Away,18.5,143.5,1050,75-94,-19,-0.5,169,25.5
12/15/24,New Orleans,Iowa,Away,30.5,162.5,3300,57-104,-47,-16.5,161,-1.5
12/15/24,UTSA,North Dakota,Away,-1.5,154.5,-124,95-85,10,8.5,180,25.5
12/15/24,Georgia Tech,Northwestern,Neutral,6.5,138.5,230,60-71,-11,-4.5,131,-7.5
12/15/24,Stonehill,Boston College,Away,13.5,134.5,800,69-73,-4,9.5,142,7.5
12/15/24,Saint Louis,Illinois St,Away,-2,148.5,-139,77-81,-4,-6,158,9.5
12/15/24,C Connecticut,Rhode Island,Away,9,142.5,359,69-77,-8,1,146,3.5
12/15/24,Denver,CS Fullerton,Away,3.5,137,135,59-74,-15,-11.5,133,-4
12/15/24,SF Austin,Oregon,Away,21.5,135.5,1800,61-79,-18,3.5,140,4.5
12/15/24,Arkansas St,UAB,Away,3.5,159.5,144,98-89,9,12.5,187,27.5
12/15/24,San Francisco,Loyola Chi,Neutral,-3.5,137,-180,76-66,10,6.5,142,5
12/15/24,Montana St,USC,Away,9,142.5,350,63-89,-26,-17,152,9.5
12/16/24,Alcorn St,Rice,Away,15.5,136.5,850,75-77,-2,13.5,152,15.5
12/16/24,SE Louisiana,Grambling,Away,2.5,134.5,125,75-65,10,12.5,140,5.5
12/16/24,S Alabama,TCU,Away,12.5,136.5,625,49-58,-9,3.5,107,-29.5
12/16/24,Wofford,Charleston,Away,6,149,200,67-77,-10,-4,144,-5
12/16/24,Grand Canyon,Louisiana Tech,Away,-2.5,144.5,-153,66-74,-8,-10.5,140,-4.5
12/16/24,Cal Baptist,Middle Tenn,Away,4.5,148.5,175,64-75,-11,-6.5,139,-9.5
12/16/24,The Citadel,C Arkansas,Away,4.5,137.5,164,71-73,-2,2.5,144,6.5
12/16/24,Air Force,N Colorado,Away,9.5,140.5,360,76-81,-5,4.5,157,16.5
12/16/24,Montana,N Iowa,Away,10.5,146.5,425,76-104,-28,-17.5,180,33.5
12/16/24,Oral Roberts,Texas Tech,Away,27.5,148.5,1700,50-86,-36,-8.5,136,-12.5
12/16/24,Tarleton St,UTEP,Away,15,130.5,850,62-67,-5,10,129,-1.5
12/16/24,S Utah,New Mexico St,Away,5,146,185,69-72,-3,2,141,-5
12/17/24,Marist,Stony Brook,Away,-2.5,134.5,-142,68-66,2,-0.5,134,-0.5
12/17/24,Drexel,Howard,Away,-2,144.5,-130,68-65,3,1,133,-11.5
12/17/24,Coastal Car,NC A&T,Away,4,146.5,172,73-68,5,9,141,-5.5
12/17/24,Southern,Mississippi,Away,23.5,143.5,1900,61-74,-13,10.5,135,-8.5
12/17/24,Jacksonville St,Missouri,Away,16.5,146,950,72-83,-11,5.5,155,9
12/17/24,Florida A&M,Utah,Away,31.5,152.5,3300,59-89,-30,1.5,148,-4.5
12/17/24,Texas So,Boise St,Away,23,149,2200,51-82,-31,-8,133,-16
12/17/24,UCSD,Utah St,Away,10,150,391,75-73,2,12,148,-2
12/17/24,Kansas City,Wichita St,Away,13.5,146.5,700,74-64,10,23.5,138,-8.5
12/17/24,DePaul,St John's,Away,11.5,151.5,561,61-89,-28,-16.5,150,-1.5
12/17/24,N Florida,NC Asheville,Away,3,162.5,131,81-95,-14,-11,176,13.5
12/17/24,Gardner-Webb,Georgia So,Away,3.5,152,140,81-86,-5,-1.5,167,15
12/17/24,Florida,North Carolina,Neutral,-3.5,167.5,-185,90-84,6,2.5,174,6.5
12/17/24,Towson,Robert Morris,Away,-1.5,132.5,-130,67-68,-1,-2.5,135,2.5
12/17/24,J Madison,Wake Forest,Away,8,135.5,295,58-75,-17,-9,133,-2.5
12/17/24,George Mason,Duke,Away,19.5,136.5,1700,47-68,-21,-1.5,115,-21.5
12/17/24,Clemson,South Carolina,Away,-1.5,134.5,-122,88-91,-3,-4.5,179,44.5
12/17/24,UNLV,Dayton,Away,10.5,140,490,65-66,-1,9.5,131,-9
12/17/24,Winthrop,Florida St,Away,11.5,159,490,64-82,-18,-6.5,146,-13
12/17/24,W Carolina,Tennessee,Away,36,142.5,3500,36-84,-48,-12,120,-22.5
12/17/24,St Bonaventure,Siena,Away,-6.5,127.5,-285,65-48,17,10.5,113,-14.5
12/17/24,Florida Intl,E Carolina,Away,7.5,142.5,274,64-75,-11,-3.5,139,-3.5
12/17/24,W Georgia,Charlotte,Away,12.5,138,625,70-75,-5,7.5,145,7
12/17/24,Holy Cross,Quinnipiac,Away,10.5,143.5,425,70-69,1,11.5,139,-4.5
12/17/24,Oakland,Michigan St,Neutral,16.5,133.5,1000,58-77,-19,-2.5,135,1.5
12/17/24,C Michigan,Mississippi St,Neutral,20,148,1500,59-83,-24,-4,142,-6
12/17/24,Seton Hall,Villanova,Away,7.5,126,320,67-79,-12,-4.5,146,20
12/17/24,St Francis PA,Maryland,Away,33.5,146.5,3500,57-111,-54,-20.5,168,21.5
12/17/24,Seattle,W Kentucky,Away,6.5,149,235,73-86,-13,-6.5,159,10
12/17/24,Valparaiso,Ohio St,Away,21.5,150.5,1700,73-95,-22,-0.5,168,17.5
12/17/24,Georgia St,Auburn,Away,39.5,155.5,3500,59-100,-41,-1.5,159,3.5
12/17/24,Drake,Kansas St,Neutral,1.5,133.5,105,73-70,3,4.5,143,9.5
12/17/24,Lamar,Southern Miss,Away,-2,138,-142,69-65,4,2,134,-4
12/17/24,Hou Christian,UL Monroe,Away,3.5,137.5,150,74-68,6,9.5,142,4.5
12/17/24,Tenn Tech,W Illinois,Away,2,139.5,120,68-71,-3,-1,139,-0.5
12/17/24,Stetson,LSU,Away,23.5,151,1700,53-99,-46,-22.5,152,1
12/17/24,Radford,Colorado St,Away,12,137,575,68-78,-10,2,146,9
12/17/24,Prairie View,UCLA,Away,33.5,146.5,3500,75-111,-36,-2.5,186,39.5
12/17/24,Denver,Cal Poly,Away,10.5,161.5,425,94-95,-1,9.5,189,27.5
12/17/24,Merrimack,Stanford,Away,15.5,135.5,900,68-74,-6,9.5,142,6.5
12/17/24,Sacramento St,Oregon St,Away,20.5,132,1500,45-82,-37,-16.5,127,-5
12/18/24,Albany,Sacred Heart,Away,3.5,154.5,136,74-66,8,11.5,140,-14.5
12/18/24,Le Moyne,Dartmouth,Away,5.5,148.5,225,80-76,4,9.5,156,7.5
12/18/24,Abl Christian,E Texas A&M,Away,-8.5,141,-486,67-68,-1,-9.5,135,-6
12/18/24,Nicholls,Gonzaga,Away,34.5,155,3500,72-102,-30,4.5,174,19
12/18/24,Mt St Mary's,LIU,Away,2.5,140.5,110,80-72,8,10.5,152,11.5
12/18/24,Evansville,UT Arlington,Away,9,150.5,333,54-80,-26,-17,134,-16.5
12/18/24,CS Bakersfield,Portland,Away,1,140.5,-105,81-64,17,18,145,4.5
12/18/24,Miss Valley St,N Texas,Away,36.5,123,3500,42-83,-41,-4.5,125,2
12/18/24,Idaho,UC Davis,Away,6.5,141.5,229,66-74,-8,-1.5,140,-1.5
12/18/24,Elon,E Tennessee St,Away,3.5,144.5,130,58-84,-26,-22.5,142,-2.5
12/18/24,S Carolina St,SC Upstate,Away,-1.5,154,-130,85-70,15,13.5,155,1
12/18/24,UMBC,Georgia Tech,Away,15.5,160.5,850,82-91,-9,6.5,173,12.5
12/18/24,Mercyhurst,Binghamton,Away,6,132.5,230,60-62,-2,4,122,-10.5
12/18/24,Stonehill,UMass Lowell,Away,13.5,148,700,67-78,-11,2.5,145,-3
12/18/24,Creighton,Georgetown,Away,-4.5,145,-205,57-81,-24,-28.5,138,-7
12/18/24,F Dickinson,La Salle,Away,13,160.5,,72-77,-5,8,149,-11.5
12/18/24,FGCU,NC Wilmington,Away,6.5,138.5,230,66-79,-13,-6.5,145,6.5
12/18/24,American,Saint Joseph's,Away,12,141.5,565,57-84,-27,-15,141,-0.5
12/18/24,Mercer,Queens,Away,1,161,-107,66-73,-7,-6,139,-22
12/18/24,Youngstown St,Wright St,Away,7,143.5,234,80-70,10,17,150,6.5
12/18/24,Memphis,Virginia,Away,-4,130.5,-170,64-62,2,-2,126,-4.5
12/18/24,Detroit Mercy,N Kentucky,Away,13.5,135,650,60-73,-13,0.5,133,-2
12/18/24,Richmond,William & Mary,Away,2.5,155,117,87-93,-6,-3.5,180,25
12/18/24,Lafayette,G Washington,Away,13,142,615,62-82,-20,-7,144,2
12/18/24,Xavier,UConn,Away,13.5,146.5,725,89-94,-5,8.5,183,36.5
12/18/24,Northeastern,UMass,Away,3.5,147,153,72-77,-5,-1.5,149,2
12/18/24,Longwood,Campbell,Away,-3,142.5,-155,77-55,22,19,132,-10.5
12/18/24,Davidson,Temple,Away,1.5,148,105,61-62,-1,0.5,123,-25
12/18/24,Bethune,S Florida,Away,11.5,148,550,77-69,8,19.5,146,-2
12/18/24,Manhattan,Wagner,Away,1.5,127.5,110,80-66,14,15.5,146,18.5
12/18/24,Austin Peay,Ohio,Away,14,142,650,58-78,-20,-6,136,-6
12/18/24,Murray St,Indiana St,Away,-3.5,153,-165,74-84,-10,-13.5,158,5
12/18/24,Miami OH,Vermont,Away,4.5,130.5,170,67-75,-8,-3.5,142,11.5
12/18/24,C Connecticut,Fairfield,Away,-2,138.5,-130,64-63,1,-1,127,-11.5
12/18/24,S Utah,UT Rio Grande,Away,1.5,155.5,104,73-78,-5,-3.5,151,-4.5
12/18/24,Alabama A&M,UAB,Away,22.5,159,1600,67-96,-29,-6.5,163,4
12/18/24,The Citadel,Vanderbilt,Away,28.5,149,2000,53-105,-52,-23.5,158,9
12/18/24,N Illinois,Illinois St,Away,13.5,141,775,60-81,-21,-7.5,141,0
12/18/24,App State,Louisiana,Away,-2,136,-141,62-68,-6,-8,130,-6
12/18/24,San Francisco,Bradley,Away,2,140.5,110,64-66,-2,0,130,-10.5
12/18/24,Wofford,Saint Louis,Away,7.5,150.5,278,74-71,3,10.5,145,-5.5
12/18/24,Tarleton St,Oklahoma St,Away,21,138.5,1500,61-66,-5,16,127,-11.5
12/18/24,Toledo,Houston,Away,29.5,140.5,1700,49-78,-29,0.5,127,-13.5
12/18/24,Canisius,Loyola Chi,Away,24,140,1700,60-72,-12,12,132,-8
12/18/24,Alabama,North Dakota,Away,-25,167,-6500,97-90,7,-18,187,20
12/18/24,Oklahoma,Michigan,Neutral,4,149.5,154,87-86,1,5,173,23.5
12/18/24,Utah Valley,Idaho St,Away,-1,136.5,-115,70-56,14,13,126,-10.5
12/18/24,VCU,New Mexico,Away,4,151.5,150,71-78,-7,-3,149,-2.5
12/18/24,Butler,Marquette,Away,14,148.5,790,70-80,-10,4,150,1.5
12/18/24,Samford,Arizona,Away,19.5,168.5,1000,64-96,-32,-12.5,160,-8.5
12/18/24,Montana St,UC Riverside,Away,2.5,143,130,80-83,-3,-0.5,163,20
12/18/24,UCSB,Loyola Mymt,Away,2.5,142.5,115,58-60,-2,0.5,118,-24.5
12/18/24,CS Northridge,USC,Away,12,152,575,69-90,-21,-9,159,7
12/18/24,Portland St,Pacific,Away,4.5,148,155,81-75,6,10.5,156,8
12/18/24,Kennesaw St,Santa Clara,Away,15,157.5,950,74-94,-20,-5,168,10.5
12/18/24,Washington St,Washington,Away,2.5,150,110,73-89,-16,-13.5,162,12
12/19/24,Buffalo,Georgia,Away,26.5,147.5,2200,49-100,-51,-24.5,149,1.5
12/19/24,Long Beach St,Pepperdine,Away,6,138.5,206,79-76,3,9,155,16.5
12/19/24,Chicago St,Grand Canyon,Away,31,150.5,3300,51-74,-23,8,125,-25.5
12/19/24,Norfolk St,Alabama St,Neutral,-5.5,146.5,-225,71-54,17,11.5,125,-21.5
12/19/24,Charleston So,N Alabama,Away,9.5,148.5,399,69-86,-17,-7.5,155,6.5
12/19/24,Oakland,Cleveland St,Away,-1.5,128.5,-111,75-92,-17,-18.5,167,38.5
12/19/24,Lipscomb,Middle Tenn,Away,1.5,148.5,105,65-67,-2,-0.5,132,-16.5
12/19/24,UT Martin,Morehead St,Away,5,144,185,69-70,-1,4,139,-5
12/19/24,Delaware St,Grambling,Neutral,4.5,141.5,165,73-60,13,17.5,133,-8.5
12/19/24,UC Irvine,Belmont,Away,-2,155,-130,92-84,8,6,176,21
12/19/24,SIU Edward,Little Rock,Away,3.5,137.5,135,56-60,-4,-0.5,116,-21.5
12/19/24,New Orleans,Texas,Away,32.5,148,3500,62-98,-36,-3.5,160,12
12/19/24,Tennessee St,S Indiana,Away,4.5,151.5,155,75-77,-2,2.5,152,0.5
12/19/24,E Illinois,SE Missouri St,Away,4.5,140.5,165,72-79,-7,-2.5,151,10.5
12/19/24,Tenn Tech,Lindenwood,Away,3,145.5,136,79-73,6,9,152,6.5
12/19/24,Bellarmine,Wyoming,Away,13.5,140,750,55-92,-37,-23.5,147,7
12/19/24,South Dakota,Utah Tech,Away,-2.5,163.5,-148,87-92,-5,-7.5,179,15.5
12/19/24,Merrimack,Saint Mary's,Away,20.5,128.5,1450,68-73,-5,15.5,141,12.5
12/20/24,Delaware,Saint Peter's,Away,2.5,142,126,64-72,-8,-5.5,136,-6
12/20/24,Illinois Chicago,Seattle,Away,5.5,149,195,79-68,11,16.5,147,-2
12/20/24,Valparaiso,W Michigan,Away,1.5,153.5,107,76-73,3,4.5,149,-4.5
12/20/24,Holy Cross,Siena,Away,5,131.5,180,78-70,8,13,148,16.5
12/20/24,Florida A&M,BYU,Away,33,147.5,3500,57-103,-46,-13,160,12.5
12/20/24,Hou Christian,Texas A&M,Away,30.5,141,3500,45-77,-32,-1.5,122,-19
12/20/24,Grambling,Norfolk St,Neutral,7,137,240,70-76,-6,1,146,9
12/20/24,Rider,Penn,Away,4.5,136,158,66-79,-13,-8.5,145,9
12/20/24,Delaware St,Alabama St,Neutral,5.5,148.5,190,83-80,3,8.5,163,14.5
12/20/24,Jackson St,UTEP,Away,15,139.5,890,61-67,-6,9,128,-11.5
12/20/24,Longwood,NC Central,Away,-3.5,143.5,-178,82-67,15,11.5,149,5.5
12/20/24,St John's,Providence,Away,-5.5,142.5,-250,72-70,2,-3.5,142,-0.5
12/20/24,Dayton,Cincinnati,Neutral,3.5,136.5,150,59-66,-7,-3.5,125,-11.5
12/20/24,Akron,Yale,Neutral,4,154,160,58-74,-16,-12,132,-22
12/20/24,Southern,Loyola Mymt,Away,7,137,240,73-89,-16,-9,162,25
12/21/24,Duke,Georgia Tech,Away,-15.5,143.5,-1600,82-56,26,10.5,138,-5.5
12/21/24,SMU,Boston College,Away,-8,145,-380,103-77,26,18,180,35
12/21/24,Jacksonville St,E Kentucky,Away,-1,146,-113,91-80,11,10,171,25
12/21/24,Green Bay,Drake,Away,23.5,137.5,,62-72,-10,13.5,134,-3.5
12/21/24,UCSD,San Diego,Away,-13.5,144.5,-1400,77-71,6,-7.5,148,3.5
12/21/24,UC Davis,Pepperdine,Away,1,148.5,-108,46-85,-39,-38,131,-17.5
12/21/24,Colorado St,Nevada,Away,8,139,290,66-64,2,10,130,-9
12/21/24,Cal Baptist,Fresno St,Away,-2.5,152,-150,86-69,17,14.5,155,3
12/21/24,Air Force,Boise St,Away,21,135,1500,59-77,-18,3,136,1
12/21/24,Quinnipiac,C Connecticut,Away,2.5,138.5,115,80-84,-4,-1.5,164,25.5
12/21/24,St Thomas,Bowling Green,Away,-3,153,-150,93-68,25,22,161,8
12/21/24,Evansville,Ball St,Away,4.5,139.5,180,43-80,-37,-32.5,123,-16.5
12/21/24,UC Irvine,Duquesne,Away,-6.5,132.5,-285,54-70,-16,-22.5,124,-8.5
12/21/24,Vermont,Dartmouth,Away,-4.5,135,-210,54-84,-30,-34.5,138,3
12/21/24,N Arizona,S Utah,Away,5,152,190,83-75,8,13,158,6
12/21/24,Montana,San Francisco,Away,17,147.5,1100,67-71,-4,13,138,-9.5
12/21/24,Lehigh,LIU,Away,-5.5,144.5,-225,60-59,1,-4.5,119,-25.5
12/21/24,Bucknell,Gonzaga,Away,33.5,154.5,3300,65-86,-21,12.5,151,-3.5
12/21/24,Idaho,Pacific,Away,4,144.5,150,95-72,23,27,167,22.5
12/21/24,E Tennessee St,Kansas City,Away,-2.5,141.5,-142,66-73,-7,-9.5,139,-2.5
12/21/24,Utah Valley,Weber St,Away,2,139.5,118,64-62,2,4,126,-13.5
12/21/24,Youngstown St,SC Upstate,Away,-7.5,150,-365,72-64,8,0.5,136,-14
12/21/24,UConn,Butler,Away,-8.5,142.5,-405,78-74,4,-4.5,152,9.5
12/21/24,Marquette,Xavier,Away,-4.5,152.5,-193,72-70,2,-2.5,142,-10.5
12/21/24,Marshall,Southern Miss,Away,-3.5,144.5,-170,66-68,-2,-5.5,134,-10.5
12/21/24,Saint Joseph's,Virginia Tech,Neutral,-2.5,140.5,-150,82-62,20,17.5,144,3.5
12/21/24,Kennesaw St,San Jose St,Away,3.5,152.5,145,65-89,-24,-20.5,154,1.5
12/21/24,Syracuse,Maryland,Neutral,14,153,750,60-87,-27,-13,147,-6
12/21/24,N Florida,Florida,Away,26.5,173.5,,45-99,-54,-27.5,144,-29.5
12/21/24,Chattanooga,Indiana,Away,14.5,153,800,65-74,-9,5.5,139,-14
12/21/24,Georgia St,Troy,Away,12,147.5,579,57-77,-20,-8,134,-13.5
12/21/24,Georgia So,Texas St,Away,7,148,245,61-83,-22,-15,144,-4
12/21/24,J Madison,S Alabama,Away,1,137,-105,49-77,-28,-27,126,-11
12/21/24,Princeton,Rutgers,Neutral,6.5,150.5,212,83-82,1,7.5,165,14.5
12/21/24,Penn St,Drexel,Away,-13.5,144.5,-1300,75-64,11,-2.5,139,-5.5
12/21/24,Mississippi St,Memphis,Away,-2,151.5,-127,79-66,13,11,145,-6.5
12/21/24,S Carolina St,N Kentucky,Away,8,137.5,268,47-58,-11,-3,105,-32.5
12/21/24,Fairfield,Monmouth,Away,4,145.5,153,74-88,-14,-10,162,16.5
12/21/24,Lamar,Texas Tech,Away,24.5,140.5,2500,57-101,-44,-19.5,158,17.5
12/21/24,Sam Houston,Pittsburgh,Away,16.5,151.5,1400,78-110,-32,-15.5,188,36.5
12/21/24,Niagara,St Bonaventure,Away,17,129.5,1600,52-71,-19,-2,123,-6.5
12/21/24,Manhattan,Presbyterian,Away,4.5,146.5,161,86-81,5,9.5,167,20.5
12/21/24,Navy,Coppin St,Away,-9,137.5,-400,60-68,-8,-17,128,-9.5
12/21/24,Hampton,Loyola MD,Away,2,138,114,76-68,8,10,144,6
12/21/24,St Francis PA,Robert Morris,Away,8,142.5,285,77-90,-13,-5,167,24.5
12/21/24,UMBC,Marist,Away,4.5,147.5,160,73-76,-3,1.5,149,1.5
12/21/24,Louisville,Florida St,Away,1,152.5,-105,90-76,14,15,166,13.5
12/21/24,Maine,Stony Brook,Away,-3.5,137.5,-175,72-74,-2,-5.5,146,8.5
12/21/24,Wright St,E Michigan,Away,-5,148,-222,82-86,-4,-9,168,20
12/21/24,Boston U,UMass Lowell,Away,7,144,250,71-83,-12,-5,154,10
12/21/24,Florida Atlantic,Michigan St,Away,12.5,156,658,69-86,-17,-4.5,155,-1
12/21/24,Chicago St,CS Northridge,Away,20.5,150.5,1250,57-81,-24,-3.5,138,-12.5
12/21/24,UT Arlington,Liberty,Away,9.5,143,360,56-79,-23,-13.5,135,-8
12/21/24,Mercer,Winthrop,Away,8,160.5,315,97-102,-5,3,199,38.5
12/21/24,NC Asheville,NC Wilmington,Away,7.5,150.5,264,74-85,-11,-3.5,159,8.5
12/21/24,High Point,S Illinois,Away,-2.5,146.5,-160,94-81,13,10.5,175,28.5
12/21/24,Mt St Mary's,Miami,Away,16.5,151,950,78-74,4,20.5,152,1
12/21/24,Albany,Fordham,Away,6.5,154.5,230,83-87,-4,2.5,170,15.5
12/21/24,F Dickinson,Minnesota,Away,19.5,145,,60-74,-14,5.5,134,-11
12/21/24,Texas A&M-CC,Houston,Away,30,133.5,,51-87,-36,-6,138,4.5
12/21/24,Canisius,Bradley,Away,24.5,142,3300,59-92,-33,-8.5,151,9
12/21/24,Wake Forest,Clemson,Away,8.5,134.5,330,62-73,-11,-2.5,135,0.5
12/21/24,NC A&T,Arkansas,Away,29.5,159.5,,67-95,-28,1.5,162,2.5
12/21/24,UCLA,North Carolina,Neutral,-1,149.5,-114,74-76,-2,-3,150,0.5
12/21/24,Bellarmine,Colorado,Away,24.5,146,3000,55-79,-24,0.5,134,-12
12/21/24,Coastal Car,Arkansas St,Away,14.5,141.5,900,67-97,-30,-15.5,164,22.5
12/21/24,Old Dominion,UL Monroe,Away,1.5,143.5,110,80-75,5,6.5,155,11.5
12/21/24,N Colorado,Denver,Away,-6,154.5,-251,82-75,7,1,157,2.5
12/21/24,Furman,Harvard,Away,-2.5,138,-151,77-63,14,11.5,140,2
12/21/24,Austin Peay,Vanderbilt,Away,24.5,143,2800,55-85,-30,-5.5,140,-3
12/21/24,Miss Valley St,Tulsa,Away,26.5,136.5,3000,48-93,-45,-18.5,141,4.5
12/21/24,Gardner-Webb,E Carolina,Away,10.5,144.5,410,84-79,5,15.5,163,18.5
12/21/24,UC Riverside,UNLV,Away,8.5,141,350,53-66,-13,-4.5,119,-22
12/21/24,Tennessee St,Morehead St,Away,3.5,145.5,141,68-74,-6,-2.5,142,-3.5
12/21/24,Lafayette,Portland,Away,2.5,141,124,64-74,-10,-7.5,138,-3
12/21/24,Washington St,N Iowa,Neutral,-3,149,-155,76-68,8,5,144,-5
12/21/24,Arizona St,UMass,Neutral,-9.5,150.5,-470,78-62,16,6.5,140,-10.5
12/21/24,Texas So,Abl Christian,Away,9,144.5,360,65-69,-4,5,134,-10.5
12/21/24,DePaul,Northwestern,Away,6.5,136,230,64-84,-20,-13.5,148,12
12/21/24,C Michigan,Arizona,Away,27.5,151.5,3300,41-94,-53,-25.5,135,-16.5
12/21/24,E Texas A&M,S Florida,Away,11.5,144.5,575,62-88,-26,-14.5,150,5.5
12/21/24,Villanova,Creighton,Away,5,143,183,79-86,-7,-2,165,22
12/21/24,Auburn,Purdue,Neutral,-10,148.5,-550,87-69,18,8,156,7.5
12/21/24,W Illinois,Lindenwood,Away,2,135.5,120,65-71,-6,-4,136,0.5
12/21/24,UT Martin,S Indiana,Away,5,143.5,185,77-46,31,36,123,-20.5
12/21/24,SIU Edward,SE Missouri St,Away,-1.5,140.5,-120,64-80,-16,-17.5,144,3.5
12/21/24,South Dakota,Santa Clara,Away,18.5,168.5,1150,81-98,-17,1.5,179,10.5
12/21/24,Bethune,Davidson,Away,14,143,850,63-76,-13,1,139,-4
12/21/24,Ohio St,Kentucky,Neutral,8.5,159,290,85-65,20,28.5,150,-9
12/21/24,IU Indy,Florida Intl,Away,8.5,143.5,310,69-75,-6,2.5,144,0.5
12/21/24,Jacksonville,UCF,Away,13.5,142.5,750,66-86,-20,-6.5,152,9.5
12/21/24,VMI,Richmond,Away,12.5,142.5,575,71-78,-7,5.5,149,6.5
12/21/24,Utah,Iowa,Neutral,1.5,163.5,110,88-95,-7,-5.5,183,19.5
12/21/24,Temple,Rhode Island,Neutral,3.5,153.5,135,79-85,-6,-2.5,164,10.5
12/21/24,NC Greensboro,Elon,Away,-1.5,134.5,-129,69-73,-4,-5.5,142,7.5
12/21/24,Queens,Mississippi,Away,27,152.5,3300,62-80,-18,9,142,-10.5
12/21/24,Kansas St,Wichita St,Away,-1.5,151.5,-128,65-84,-19,-20.5,149,-2.5
12/21/24,Oregon,Stanford,Neutral,-5.5,147.5,-225,76-61,15,9.5,137,-10.5
12/21/24,Cal Poly,Omaha,Away,-2,160,-128,82-86,-4,-6,168,8
12/21/24,Samford,Alabama A&M,Away,-17,162.5,-1650,97-90,7,-10,187,24.5
12/21/24,Portland St,CS Bakersfield,Away,4.5,143.5,160,59-58,1,5.5,117,-26.5
12/21/24,California,San Diego St,Neutral,5,144,180,50-71,-21,-16,121,-23
12/22/24,Bryant,Towson,Away,4,146.5,156,65-70,-5,-1,135,-11.5
12/22/24,Mercyhurst,West Virginia,Away,32,136,3500,46-67,-21,11,113,-23
12/22/24,Montana St,TCU,Away,10.5,139.5,459,48-82,-34,-23.5,130,-9.5
12/22/24,Radford,South Carolina,Away,14,137.5,675,48-74,-26,-12,122,-15.5
12/22/24,New Orleans,LSU,Away,26.5,152,3500,70-86,-16,10.5,156,4
12/22/24,Hou Christian,N Texas,Away,23,128,2200,46-62,-16,7,108,-20
12/22/24,McNeese,Louisiana,Away,-11.5,140,-750,64-56,8,-3.5,120,-20
12/22/24,Utah St,Saint Mary's,Away,5.5,143,205,75-68,7,12.5,143,0
12/22/24,Illinois St,Cornell,Away,6,157,212,80-77,3,9,157,0
12/22/24,Illinois,Missouri,Neutral,-3.5,156,-177,80-77,3,-0.5,157,1
12/22/24,New Hampshire,Stonehill,Away,9,135,333,83-90,-7,2,173,38
12/22/24,Binghamton,Army,Away,4,139,154,78-68,10,14,146,7
12/22/24,Sacred Heart,Miami OH,Away,7.5,147.5,280,76-94,-18,-10.5,170,22.5
12/22/24,Kent St,Alabama,Away,20,153,1400,54-81,-27,-7,135,-18
12/22/24,Purdue FW,Michigan,Away,20.5,161.5,1600,58-89,-31,-10.5,147,-14.5
12/22/24,Morgan St,Iowa St,Away,42.5,159.5,3300,72-99,-27,15.5,171,11.5
12/22/24,Iona,Colgate,Away,3.5,137.5,145,79-73,6,9.5,152,14.5
12/22/24,American,Virginia,Away,13,119.5,675,58-63,-5,8,121,1.5
12/22/24,Grambling,Cincinnati,Away,29.5,136,3500,49-84,-35,-5.5,133,-3
12/22/24,Detroit Mercy,Wisconsin,Away,29,147.5,,53-76,-23,6,129,-18.5
12/22/24,Penn,George Mason,Away,15.5,137.5,1200,53-85,-32,-16.5,138,0.5
12/22/24,William & Mary,VCU,Away,17,155.5,1100,70-90,-20,-3,160,4.5
12/22/24,UCSB,Missouri St,Away,-1,137.5,-120,56-68,-12,-13,124,-13.5
12/22/24,Alcorn St,UAB,Away,21.5,153.5,1100,74-91,-17,4.5,165,11.5
12/22/24,Oral Roberts,Oklahoma St,Away,20,153.5,1450,74-86,-12,8,160,6.5
12/22/24,Oregon St,Charleston,Neutral,-7,141,-290,74-65,9,2,139,-2
12/22/24,Brown,Kansas,Away,24.5,146.5,2200,53-87,-34,-9.5,140,-6.5
12/22/24,Charleston So,Georgia,Away,28,146.5,3500,65-81,-16,12,146,-0.5
12/22/24,C Arkansas,Oklahoma,Away,26,148,3300,66-89,-23,3,155,7
12/22/24,Rider,NC State,Away,18,133.5,1250,63-89,-26,-8,152,18.5
12/22/24,Southern,USC,Away,15.5,144,1300,51-82,-31,-15.5,133,-11
12/22/24,Saint Louis,Grand Canyon,Away,9.5,156,375,72-73,-1,8.5,145,-11
12/22/24,Wyoming,CS Fullerton,Away,-3.5,130.5,-172,73-69,4,0.5,142,11.5
12/22/24,Loyola Chi,Oakland,Neutral,-7,133.5,-300,71-72,-1,-8,143,9.5
12/22/24,Le Moyne,Notre Dame,Away,20.5,143.5,1500,62-91,-29,-8.5,153,9.5
12/22/24,N Alabama,Loyola Mymt,Away,6.5,145,225,69-85,-16,-9.5,154,9
12/22/24,Georgetown,Seton Hall,Away,-2,130,-126,61-60,1,-1,121,-9
12/22/24,Prairie View,Rice,Away,13.5,156,700,46-64,-18,-4.5,110,-46
12/22/24,Murray St,Nebraska,Neutral,8,145,310,49-66,-17,-9,115,-30
12/22/24,Charlotte,Hawai'i,Away,7,137.5,258,61-78,-17,-10,139,1.5
12/23/24,CS Bakersfield,N Dakota St,Away,9.5,139.5,395,60-94,-34,-24.5,154,14.5
12/23/24,Middle Tenn,Tennessee,Away,27,145,3000,64-82,-18,9,146,1
12/23/24,Seattle,Washington,Away,11.5,144,550,79-70,9,20.5,149,5
12/28/24,Grand Canyon,San Diego,Neutral,-16,146.5,-1800,68-55,13,-3,123,-23.5
12/28/24,UCLA,Gonzaga,Neutral,4.5,148.5,164,65-62,3,7.5,127,-21.5
12/28/24,New Mexico,Colorado St,Away,1.5,152.5,-103,76-68,8,9.5,144,-8.5
12/28/24,Alabama A&M,Georgia Tech,Away,21.5,153.5,1500,49-92,-43,-21.5,141,-12.5
12/28/24,Coppin St,Georgetown,Away,28,138,1800,53-83,-30,-2,136,-2
12/28/24,Loyola Mymt,San Francisco,Away,11,138,500,55-70,-15,-4,125,-13
12/28/24,Pacific,Saint Mary's,Away,20.5,136.5,1600,60-70,-10,10.5,130,-6.5
12/28/24,Washington St,Portland,Away,-13,152,-1100,89-73,16,3,162,10
12/28/24,E Kentucky,Louisville,Away,21.5,157.5,1500,76-78,-2,19.5,154,-3.5
12/28/24,New Orleans,McNeese,Away,23.5,144.5,2000,61-86,-25,-1.5,147,2.5
12/28/24,Boise St,San Jose St,Away,-8.5,141.5,-410,73-71,2,-6.5,144,2.5
12/28/24,Utah St,San Diego St,Away,4,142,150,67-66,1,5,133,-9
12/28/24,Maryland ES,Maryland,Away,42.5,151.5,,66-81,-15,27.5,147,-4.5
12/28/24,Jackson St,Cal Baptist,Away,13.5,142.5,725,73-79,-6,7.5,152,9.5
12/28/24,Delaware St,Saint Joseph's,Away,19,148.5,1250,58-76,-18,1,134,-14.5
12/28/24,NC Central,NC A&T,Away,-1.5,156.5,-125,72-85,-13,-14.5,157,0.5
12/28/24,Mercer,Georgia St,Away,-1,157,-110,71-68,3,2,139,-18
12/28/24,Bucknell,Syracuse,Away,12,147,598,63-75,-12,0,138,-9
12/28/24,F Dickinson,Boston College,Away,14.5,149,,70-78,-8,6.5,148,-1
12/28/24,Loyola MD,DePaul,Away,18.5,145,1200,65-84,-19,-0.5,149,4
12/28/24,Mississippi,Memphis,Away,1.5,151.5,112,70-87,-17,-15.5,157,5.5
12/28/24,Mt St Mary's,George Mason,Away,16.5,140,1000,56-64,-8,8.5,120,-20
12/28/24,E Michigan,Davidson,Away,14.5,143.5,800,64-86,-22,-7.5,150,6.5
12/28/24,Howard,Hampton,Away,4.5,145.5,150,67-83,-16,-11.5,150,4.5
12/28/24,Nevada,Wyoming,Away,-5.5,133.5,-245,63-66,-3,-8.5,129,-4.5
12/28/24,Fairfield,Columbia,Away,9.5,153,369,72-85,-13,-3.5,157,4
12/28/24,Abl Christian,Texas A&M,Away,20.5,139.5,1550,54-92,-38,-17.5,146,6.5
12/28/24,Delaware,St John's,Away,25,157.5,2200,76-97,-21,4,173,15.5
12/28/24,FGCU,Richmond,Away,3,137.5,124,75-57,18,21,132,-5.5
12/28/24,Marshall,Elon,Away,4.5,145,170,59-73,-14,-9.5,132,-13
12/28/24,Pepperdine,Santa Clara,Away,14.5,153.5,900,80-91,-11,3.5,171,17.5
12/28/24,Fresno St,UNLV,Away,15.5,146,900,77-87,-10,5.5,164,18
12/29/24,UT Arlington,Texas St,Away,6,147,220,80-72,8,14,152,5
12/29/24,S Dakota St,Alabama,Away,22.5,166.5,2000,82-105,-23,-0.5,187,20.5
12/29/24,S Illinois,N Iowa,Away,10.5,145.5,453,67-78,-11,-0.5,145,-0.5
12/29/24,Missouri St,Evansville,Away,-4.5,132.5,-205,40-57,-17,-21.5,97,-35.5
12/29/24,UMBC,American,Away,5,149,170,96-93,3,8,189,40
12/29/24,Navy,William & Mary,Away,7.5,158.5,300,76-82,-6,1.5,158,-0.5
12/29/24,Florida A&M,Tarleton St,Away,9.5,134,360,60-70,-10,-0.5,130,-4
12/29/24,NW State,Texas,Away,28.5,140.5,3000,53-77,-24,4.5,130,-10.5
12/29/24,Miss Valley St,LSU,Away,40.5,141.5,3300,45-110,-65,-24.5,155,13.5
12/29/24,S Carolina St,Georgia,Away,24.5,142.5,3000,72-79,-7,17.5,151,8.5
12/29/24,UTSA,Army,Away,-2.5,155,-148,75-78,-3,-5.5,153,-2
12/29/24,Indiana St,Ohio St,Away,17.5,159,1150,83-103,-20,-2.5,186,27
12/29/24,Hofstra,Quinnipiac,Away,-2,138,-131,69-75,-6,-8,144,6
12/29/24,Penn,Penn St,Away,26,152,2000,66-86,-20,6,152,0
12/29/24,Stetson,Florida,Away,38.5,160.5,3500,45-85,-40,-1.5,130,-30.5
12/29/24,Harvard,Iona,Away,5,139.5,187,67-61,6,11,128,-11.5
12/29/24,Stonehill,Lafayette,Away,4.5,134.5,164,70-65,5,9.5,135,0.5
12/29/24,Northeastern,Northwestern,Away,14.5,137.5,825,60-85,-25,-10.5,145,7.5
12/29/24,Belmont,Drake,Away,8.5,140.5,321,46-65,-19,-10.5,111,-29.5
12/29/24,Morgan St,Minnesota,Away,23,144.5,2200,68-90,-22,1,158,13.5
12/29/24,Chicago St,Illinois,Away,38.5,150.5,,64-117,-53,-14.5,181,30.5
12/29/24,N Kentucky,Robert Morris,Away,-1,134.5,-110,93-97,-4,-5,190,55.5
12/29/24,Detroit Mercy,Youngstown St,Away,14.5,137,825,64-73,-9,5.5,137,0
12/29/24,Boston U,Maine,Away,4.5,130.5,155,59-56,3,7.5,115,-15.5
12/29/24,Norfolk St,High Point,Away,9.5,146,340,77-74,3,12.5,151,5
12/29/24,Binghamton,Marist,Away,6.5,131.5,236,51-69,-18,-11.5,120,-11.5
12/29/24,Le Moyne,Niagara,Away,4.5,142.5,170,69-88,-19,-14.5,157,14.5
12/29/24,Prairie View,Oklahoma,Away,29.5,161,3500,67-89,-22,7.5,156,-5
12/29/24,Buffalo,Temple,Away,14.5,151,825,71-91,-20,-5.5,162,11
12/29/24,IU Indy,Milwaukee,Away,16.5,148.5,1000,81-88,-7,9.5,169,20.5
12/29/24,Wright St,Cleveland St,Away,1.5,144.5,105,64-78,-14,-12.5,142,-2.5
12/29/24,NJIT,Washington,Away,25.5,139,,53-90,-37,-11.5,143,4
12/29/24,Winthrop,Indiana,Away,16,163,1000,68-77,-9,7,145,-18
12/29/24,Illinois Chicago,Illinois St,Away,4,143.5,168,73-67,6,10,140,-3.5
12/29/24,Stony Brook,Albany,Away,9,149.5,320,70-77,-7,2,147,-2.5
12/29/24,Valparaiso,Bradley,Away,14,149.5,800,75-81,-6,8,156,6.5
12/29/24,St Thomas,UC Riverside,Away,1.5,149.5,105,79-81,-2,-0.5,160,10.5
12/29/24,Weber St,Oregon,Away,20.5,143.5,1450,49-89,-40,-19.5,138,-5.5
12/29/24,Purdue FW,Green Bay,Away,-8.5,158.5,-404,83-67,16,7.5,150,-8.5
12/29/24,Toledo,Purdue,Away,21,155.5,1600,64-83,-19,2,147,-8.5
12/29/24,W Kentucky,Michigan,Away,21,159.5,1400,64-112,-48,-27,176,16.5
12/29/24,Campbell,North Carolina,Away,28,155.5,2000,81-97,-16,12,178,22.5
12/30/24,Utah Tech,Florida Intl,Away,5.5,147,200,66-80,-14,-8.5,146,-1
12/30/24,Nicholls,Seattle,Away,10.5,144.5,400,71-69,2,12.5,140,-4.5
12/30/24,Pacific,San Diego,Away,1,144.5,-102,65-75,-10,-9,140,-4.5
12/30/24,Portland,Oregon St,Away,17.5,140.5,1200,79-89,-10,7.5,168,27.5
12/30/24,Gonzaga,Pepperdine,Away,-20.5,160,-5000,89-82,7,-13.5,171,11
12/30/24,Alabama St,Missouri,Away,25.5,155.5,2800,65-82,-17,8.5,147,-8.5
12/30/24,Siena,Cornell,Away,12,148,575,83-77,6,18,160,12
12/30/24,Akron,Princeton,Away,5.5,155,221,75-76,-1,4.5,151,-4
12/30/24,UC Irvine,Cal Baptist,Away,-3,143,-158,71-63,8,5,134,-9
12/30/24,Bryant,Grand Canyon,Away,13.5,160.5,650,66-112,-46,-32.5,178,17.5
12/30/24,W Michigan,Michigan St,Away,27.5,148.5,2000,62-80,-18,9.5,142,-6.5
12/30/24,Columbia,Rutgers,Away,12,155,561,64-91,-27,-15,155,0
12/30/24,Monmouth,Auburn,Away,37,153,,58-87,-29,8,145,-8
12/30/24,Cincinnati,Kansas St,Away,-4,139,-180,67-70,-3,-7,137,-2
12/30/24,New Hampshire,Iowa,Away,32.5,159,3500,70-112,-42,-9.5,182,23
12/30/24,Presbyterian,South Carolina,Away,18,138,1200,59-69,-10,8,128,-10
12/30/24,SE Louisiana,McNeese,Away,14,134,700,51-79,-28,-14,130,-4
12/30/24,Houston,Oklahoma St,Away,-11.5,137.5,-773,60-47,13,1.5,107,-30.5
12/30/24,TCU,Arizona,Away,14.5,146,825,81-90,-9,5.5,171,25
12/30/24,Oakland,Arkansas,Away,16.5,139.5,1000,62-92,-30,-13.5,154,14.5
12/30/24,New Orleans,Vanderbilt,Away,32,160,3500,56-100,-44,-12,156,-4
12/30/24,Iowa St,Colorado,Away,-9,147,-450,79-69,10,1,148,1
12/30/24,Bethune,Mississippi St,Away,28,146,3500,73-87,-14,14,160,14
12/30/24,Southern,Nebraska,Away,21.5,141.5,2200,43-77,-34,-12.5,120,-21.5
12/30/24,Loyola Mymt,Washington St,Away,9,149.5,343,59-73,-14,-5,132,-17.5
12/30/24,Santa Clara,San Francisco,Away,4,145,155,94-97,-3,1,191,46
12/31/24,West Virginia,Kansas,Away,13.5,141.5,700,62-61,1,14.5,123,-18.5
12/31/24,NC State,Virginia,Away,1,122.5,-108,67-70,-3,-2,137,14.5
12/31/24,New Mexico,Fresno St,Away,-14.5,161,-1500,103-89,14,-0.5,192,31
12/31/24,Colorado St,San Jose St,Away,-3.5,140.5,-165,72-50,22,18.5,122,-18.5
12/31/24,Utah St,Nevada,Away,3.5,145.5,142,69-64,5,8.5,133,-12.5
12/31/24,UNLV,Air Force,Away,-7.5,132.5,-335,77-58,19,11.5,135,2.5
12/31/24,Wake Forest,Syracuse,Away,-2,143.5,-126,81-71,10,8,152,8.5
12/31/24,Davidson,George Mason,Away,6,138,220,57-69,-12,-6,126,-12
12/31/24,VCU,St Bonaventure,Away,-2.5,134,-133,75-77,-2,-4.5,152,18
12/31/24,La Salle,Dayton,Away,16.5,146.5,1000,70-84,-14,2.5,154,7.5
12/31/24,Saint Louis,Fordham,Away,-1,154.5,-115,88-63,25,24,151,-3.5
12/31/24,Rhode Island,Duquesne,Away,-1.5,143.5,-125,55-67,-12,-13.5,122,-21.5
12/31/24,UMass,Saint Joseph's,Away,10,150.5,391,72-81,-9,1,153,2.5
12/31/24,UCF,Texas Tech,Away,14,148,625,87-83,4,18,170,22
12/31/24,Utah,Baylor,Away,11,154.5,520,56-81,-25,-14,137,-17.5
12/31/24,Tulane,Charlotte,Away,2.5,145.5,125,83-68,15,17.5,151,5.5
12/31/24,Seton Hall,Xavier,Away,9.5,134.5,379,72-94,-22,-12.5,166,31.5
12/31/24,Brown,Kentucky,Away,25,154.5,2200,54-88,-34,-9,142,-12.5
12/31/24,Notre Dame,Georgia Tech,Away,1.5,142.5,104,75-86,-11,-9.5,161,18.5
12/31/24,E Carolina,S Florida,Away,1.5,143.5,105,69-75,-6,-4.5,144,0.5
12/31/24,Norfolk St,Tennessee,Away,29.5,140.5,,52-67,-15,14.5,119,-21.5
12/31/24,SF Austin,Abl Christian,Away,3.5,134,145,62-57,5,8.5,119,-15
12/31/24,Arizona St,BYU,Away,9.5,148.5,375,56-76,-20,-10.5,132,-16.5
12/31/24,UAB,N Texas,Away,6,138.5,213,75-78,-3,3,153,14.5
12/31/24,G Washington,Richmond,Away,-2.5,145.5,-140,61-66,-5,-7.5,127,-18.5
12/31/24,St John's,Creighton,Away,1,152,-108,56-57,-1,0,113,-39
12/31/24,Virginia Tech,Duke,Away,25,136.5,2000,65-88,-23,2,153,16.5
12/31/24,Marquette,Providence,Away,-6.5,142.5,-290,78-50,28,21.5,128,-14.5
12/31/24,Boise St,Wyoming,Away,-7.5,136,-330,67-58,9,1.5,125,-11
12/31/24,Morehead St,S Indiana,Away,1,138.5,-102,70-68,2,3,138,-0.5
1/1/25,California,Pittsburgh,Away,13,153.5,675,74-86,-12,1,160,6.5
1/1/25,North Carolina,Louisville,Away,1.5,164.5,103,70-83,-13,-11.5,153,-11.5
1/1/25,Miami,Boston College,Away,-2,142.5,-127,68-78,-10,-12,146,3.5
1/1/25,Rice,Tulsa,Away,2.5,141,120,70-64,6,8.5,134,-7
1/1/25,Purdue FW,N Kentucky,Away,2.5,143.5,120,68-69,-1,1.5,137,-6.5
1/1/25,Chattanooga,Mercer,Away,-1.5,154.5,-125,94-99,-5,-6.5,193,38.5
1/1/25,VMI,E Tennessee St,Away,15.5,147,900,69-84,-15,0.5,153,6
1/1/25,Youngstown St,IU Indy,Away,-5.5,141.5,-240,77-61,16,10.5,138,-3.5
1/1/25,Valparaiso,Missouri St,Away,5,139.5,185,73-72,1,6,145,5.5
1/1/25,Evansville,S Illinois,Away,7,138.5,271,68-53,15,22,121,-17.5
1/1/25,Belmont,N Iowa,Away,5.5,153.5,197,70-76,-6,-0.5,146,-7.5
1/1/25,Howard,Yale,Away,15.5,149.5,850,65-93,-28,-12.5,158,8.5
1/1/25,Furman,W Carolina,Away,-9.5,145,-475,90-61,29,19.5,151,6
1/1/25,NC Greensboro,Wofford,Away,3,137.5,133,68-66,2,5,134,-3.5
1/1/25,UConn,DePaul,Away,-11.5,144.5,-750,81-68,13,1.5,149,4.5
1/1/25,Drake,Illinois Chicago,Away,-6,129,-270,70-74,-4,-10,144,15
1/1/25,Stanford,Clemson,Away,10.5,144,460,71-85,-14,-3.5,156,12
1/1/25,Villanova,Butler,Away,1,144,103,73-65,8,9,138,-6
1/1/25,The Citadel,Samford,Away,20.5,154.5,1450,56-86,-30,-9.5,142,-12.5
1/1/25,Bradley,Indiana St,Away,-3.5,156.5,-160,90-89,1,-2.5,179,22.5
1/2/25,American,Navy,Away,-2,137.5,-130,58-81,-23,-25,139,1.5
1/2/25,Idaho St,N Arizona,Away,3.5,142.5,148,72-67,5,8.5,139,-3.5
1/2/25,Montana St,Idaho,Away,-1.5,145.5,-125,64-69,-5,-6.5,133,-12.5
1/2/25,Loyola MD,Holy Cross,Away,2.5,139.5,115,72-74,-2,0.5,146,6.5
1/2/25,Bucknell,Lehigh,Away,3,140.5,125,64-66,-2,1,130,-10.5
1/2/25,Denver,S Dakota St,Away,15,149.5,875,70-91,-21,-6,161,11.5
1/2/25,South Dakota,Kansas City,Away,4.5,154.5,155,54-68,-14,-9.5,122,-32.5
1/2/25,St Thomas,N Dakota St,Away,3,152,125,89-85,4,7,174,22
1/2/25,Oregon St,Loyola Mymt,Away,-2.5,137,-145,61-82,-21,-23.5,143,6
1/2/25,Portland,Gonzaga,Away,33.5,159.5,,50-81,-31,2.5,131,-28.5
1/2/25,SE Missouri St,Tennessee St,Away,2.5,152.5,122,67-65,2,4.5,132,-20.5
1/2/25,Southern Miss,J Madison,Away,11.5,140.5,525,72-83,-11,0.5,155,14.5
1/2/25,Pepperdine,Saint Mary's,Away,17,141.5,1100,41-71,-30,-13,112,-29.5
1/2/25,San Francisco,Pacific,Away,-13,141,-1200,89-81,8,-5,170,29
1/2/25,S Alabama,Georgia St,Away,-4.5,139.5,-210,77-51,26,21.5,128,-11.5
1/2/25,UL Monroe,Georgia So,Away,9.5,149.5,395,82-90,-8,1.5,172,22.5
1/2/25,Arkansas St,Old Dominion,Away,-10.5,153,-715,78-59,19,8.5,137,-16
1/2/25,Elon,NC A&T,Away,-6.5,152.5,-278,75-67,8,1.5,142,-10.5
1/2/25,Hampton,Charleston,Away,10.5,147,390,67-94,-27,-16.5,161,14
1/2/25,William & Mary,Hofstra,Away,5.5,150,195,74-56,18,23.5,130,-20
1/2/25,Delaware,Northeastern,Away,5.5,151,205,77-80,-3,2.5,157,6
1/2/25,Stony Brook,Monmouth,Away,6.5,143.5,224,56-78,-22,-15.5,134,-9.5
1/2/25,Montana,E Washington,Away,-1.5,154,-125,92-81,11,9.5,173,19
1/2/25,Gardner-Webb,Charleston So,Away,-2,153,-130,63-72,-9,-11,135,-18
1/2/25,Longwood,Presbyterian,Away,-3.5,143.5,-172,60-68,-8,-11.5,128,-15.5
1/2/25,Austin Peay,N Florida,Away,6.5,148.5,235,97-89,8,14.5,186,37.5
1/2/25,SC Upstate,Winthrop,Away,15,165,900,76-95,-19,-4,171,6
1/2/25,Sam Houston,New Mexico St,Away,1,150,-110,71-75,-4,-3,146,-4
1/2/25,Troy,App State,Away,-2.5,132,-142,69-61,8,5.5,130,-2
1/2/25,Radford,High Point,Away,9,144.5,321,58-76,-18,-9,134,-10.5
1/2/25,FGCU,W Georgia,Away,-8,138,-375,79-68,11,3,147,9
1/2/25,Memphis,Florida Atlantic,Away,-3,163.5,-162,90-62,28,25,152,-11.5
1/2/25,Army,Colgate,Away,5.5,144.5,207,59-71,-12,-6.5,130,-14.5
1/2/25,Northwestern,Penn St,Away,4.5,145,170,80-84,-4,0.5,164,19
1/2/25,Boston U,Lafayette,Away,-1.5,128.5,-122,46-60,-14,-15.5,106,-22.5
1/2/25,Middle Tenn,Florida Intl,Away,-3.5,150,-180,73-69,4,0.5,142,-8
1/2/25,W Kentucky,Liberty,Away,9.5,147,395,71-70,1,10.5,141,-6
1/2/25,Texas St,Marshall,Away,1,141.5,-102,71-77,-6,-5,148,6.5
1/2/25,Bellarmine,N Alabama,Away,13.5,149,750,66-82,-16,-2.5,148,-1
1/2/25,Louisiana,Coastal Car,Away,1.5,137.5,105,71-68,3,4.5,139,1.5
1/2/25,Stetson,Queens,Away,9.5,154.5,370,87-96,-9,0.5,183,28.5
1/2/25,Robert Morris,Detroit Mercy,Away,-5.5,142.5,-245,76-78,-2,-7.5,154,11.5
1/2/25,Milwaukee,Oakland,Away,-1,146.5,-110,49-65,-16,-17,114,-32.5
1/2/25,Green Bay,Wright St,Away,13,153,670,51-74,-23,-10,125,-28
1/2/25,Lipscomb,Jacksonville,Away,-5.5,141.5,-225,70-65,5,-0.5,135,-6.5
1/2/25,Drexel,Campbell,Away,-3.5,137,-163,54-57,-3,-6.5,111,-26
1/2/25,Towson,NC Wilmington,Away,5,139.5,190,65-61,4,9,126,-13.5
1/2/25,UC Irvine,Cal Poly,Away,-8,158.5,-375,98-89,9,1,187,28.5
1/2/25,Omaha,North Dakota,Away,4.5,151,170,95-85,10,14.5,180,29
1/2/25,Illinois St,Murray St,Away,7,135.5,265,74-68,6,13,142,6.5
1/2/25,Purdue,Minnesota,Away,-5.5,136,-225,81-61,20,14.5,142,6
1/2/25,Weber St,N Colorado,Away,6.5,150,230,72-89,-17,-10.5,161,11
1/2/25,Rutgers,Indiana,Away,8,154,280,74-84,-10,-2,158,4
1/2/25,S Indiana,Tenn Tech,Away,4,146.5,155,64-68,-4,0,132,-14.5
1/2/25,Little Rock,UT Martin,Away,2,137,110,57-56,1,3,113,-24
1/2/25,Lindenwood,E Illinois,Away,2.5,138.5,125,74-78,-4,-1.5,152,13.5
1/2/25,E Kentucky,C Arkansas,Away,-6.5,152,-298,89-83,6,-0.5,172,20
1/2/25,W Illinois,SIU Edward,Away,7,134,280,66-77,-11,-4,143,9
1/2/25,Louisiana Tech,UTEP,Away,2.5,136.5,120,60-70,-10,-7.5,130,-6.5
1/2/25,UC Davis,CS Bakersfield,Away,1.5,136.5,105,64-75,-11,-9.5,139,2.5
1/2/25,Maryland,Washington,Away,-6,147.5,-254,69-75,-6,-12,144,-3.5
1/2/25,Illinois,Oregon,Away,4.5,155,164,109-77,32,36.5,186,31
1/2/25,UC Riverside,Long Beach St,Away,-3.5,137.5,-175,76-60,16,12.5,136,-1.5
1/2/25,CS Northridge,CS Fullerton,Away,-5,142,-210,95-65,30,25,160,18
1/2/25,Santa Clara,San Diego,Away,-13,152.5,-1200,81-80,1,-12,161,8.5
1/2/25,UCSB,Hawai'i,Away,3.5,133,133,64-61,3,6.5,125,-8
1/3/25,Manhattan,Siena,Away,3.5,139,142,95-103,-8,-4.5,198,59
1/3/25,Quinnipiac,Saint Peter's,Away,3.5,139,154,59-46,13,16.5,105,-34
1/3/25,Fairfield,Merrimack,Away,7.5,139.5,280,54-67,-13,-5.5,121,-18.5
1/3/25,Le Moyne,LIU,Away,2.5,146.5,125,62-78,-16,-13.5,140,-6.5
1/3/25,Chicago St,Wagner,Away,9.5,126.5,380,64-52,12,21.5,116,-10.5
1/3/25,C Connecticut,St Francis PA,Away,-5.5,136.5,-245,74-59,15,9.5,133,-3.5
1/3/25,Wichita St,Temple,Away,1.5,154.5,-102,85-91,-6,-4.5,176,21.5
1/3/25,Stonehill,Mercyhurst,Away,-2,133.5,-130,69-76,-7,-9,145,11.5
1/3/25,Iowa,Wisconsin,Away,6.5,163.5,230,85-116,-31,-24.5,201,37.5
1/3/25,Marist,Iona,Away,3.5,132.5,150,70-65,5,8.5,135,2.5
1/3/25,Michigan St,Ohio St,Away,2.5,149,122,69-62,7,9.5,131,-18
1/3/25,Xavier,Georgetown,Away,1.5,146.5,108,63-69,-6,-4.5,132,-14.5
1/3/25,Saint Joseph's,Saint Louis,Away,2,152,120,57-73,-16,-14,130,-22
1/3/25,Creighton,Marquette,Away,10,147,406,71-79,-8,2,150,3
1/3/25,Nevada,New Mexico,Away,5.5,151,205,81-82,-1,4.5,163,12
1/4/25,Florida,Kentucky,Away,3.5,166,147,100-106,-6,-2.5,206,40
1/4/25,Boston College,Georgia Tech,Away,7,145.5,262,64-85,-21,-14,149,3.5
1/4/25,Richmond,UMass,Away,5,147,185,72-64,8,13,136,-11
1/4/25,NC State,Wake Forest,Away,5.5,137.5,200,59-77,-18,-12.5,136,-1.5
1/4/25,North Carolina,Notre Dame,Away,-3.5,155.5,-181,74-73,1,-2.5,147,-8.5
1/4/25,Dayton,G Washington,Away,-9,143,-439,62-82,-20,-29,144,1
1/4/25,Oklahoma St,West Virginia,Away,8,141,300,50-69,-19,-11,119,-22
1/4/25,Stetson,W Georgia,Away,4.5,148.5,144,78-62,16,20.5,140,-8.5
1/4/25,Georgia,Mississippi,Away,5,146.5,175,51-63,-12,-7,114,-32.5
1/4/25,Hofstra,Northeastern,Away,2.5,131.5,116,55-37,18,20.5,92,-39.5
1/4/25,Saint Mary's,Portland,Away,-18,135,-2400,81-58,23,5,139,4
1/4/25,Gonzaga,Loyola Mymt,Away,-15,152.5,-1400,96-68,28,13,164,11.5
1/4/25,Pepperdine,Pacific,Away,1,149,-105,87-70,17,18,157,8
1/4/25,San Diego,Oregon St,Away,15.5,140,950,54-81,-27,-11.5,135,-5
1/4/25,Monmouth,Delaware,Away,5,153,191,64-84,-20,-15,148,-5
1/4/25,Hampton,Elon,Away,8.5,137.5,321,62-70,-8,0.5,132,-5.5
1/4/25,Towson,Charleston,Away,6.5,139.5,228,69-77,-8,-1.5,146,6.5
1/4/25,Drexel,NC A&T,Away,-4.5,145.5,-210,68-59,9,4.5,127,-18.5
1/4/25,William & Mary,Stony Brook,Away,-6,155.5,-255,83-76,7,1,159,3.5
1/4/25,UC Riverside,UC Irvine,Away,8.5,141.5,326,57-81,-24,-15.5,138,-3.5
1/4/25,N Illinois,E Michigan,Away,7,146.5,265,71-75,-4,3,146,-0.5
1/4/25,Ball St,Kent St,Away,10,139,430,75-67,8,18,142,3
1/4/25,Southern Miss,Old Dominion,Away,2,146,115,71-74,-3,-1,145,-1
1/4/25,Buffalo,Miami OH,Away,11.5,150,550,79-93,-14,-2.5,172,22
1/4/25,S Alabama,Georgia So,Away,-5,144.5,-215,76-47,29,24,123,-21.5
1/3/25,Akron,Bowling Green,Away,-5.5,157.5,-231,71-68,3,-2.5,139,-18.5
1/4/25,Louisiana,Georgia St,Away,1,144.5,-105,70-94,-24,-23,164,19.5
1/4/25,Little Rock,Tennessee St,Away,1.5,139.5,-101,86-95,-9,-7.5,181,41.5
1/4/25,Toledo,W Michigan,Away,-2,154.5,-133,76-70,6,4,146,-8.5
1/4/25,Ohio,C Michigan,Away,-4.5,149,-185,57-55,2,-2.5,112,-37
1/4/25,Seattle,Cal Baptist,Away,4,141.5,158,59-61,-2,2,120,-21.5
1/4/25,S Utah,Grand Canyon,Away,16,155,850,71-82,-11,5,153,-2
1/4/25,UT Arlington,Tarleton St,Away,-5,139.5,-224,74-77,-3,-8,151,11.5
1/4/25,Denver,South Dakota,Away,9.5,163.5,391,84-91,-7,2.5,175,11.5
1/4/25,Omaha,N Dakota St,Away,12,149.5,580,85-80,5,17,165,15.5
1/4/25,Oral Roberts,Kansas City,Away,7.5,140,299,67-90,-23,-15.5,157,17
1/4/25,Hou Christian,Lamar,Away,9.5,136.5,410,61-63,-2,7.5,124,-12.5
1/4/25,Miss Valley St,Alabama St,Away,22.5,139.5,1850,55-84,-29,-6.5,139,-0.5
1/4/25,Bethune,Florida A&M,Away,-4,144,-185,62-55,7,3,117,-27
1/4/25,Missouri St,Bradley,Away,11.5,134.5,525,60-69,-9,2.5,129,-5.5
1/4/25,Indiana St,Evansville,Away,-3.5,151,-175,66-62,4,0.5,128,-23
1/4/25,Fresno St,Utah St,Away,24,158,1900,83-89,-6,18,172,14
1/4/25,UMass Lowell,Albany,Away,-1,160.5,-125,73-69,4,3,142,-18.5
1/4/25,Jackson St,Alcorn St,Away,-2.5,139.5,-152,72-69,3,0.5,141,1.5
1/4/25,Wyoming,Air Force,Away,-3,129,-160,70-65,5,2,135,6
1/4/25,UT Rio Grande,New Orleans,Away,-8,157,-400,76-64,12,4,140,-17
1/4/25,Montana,Idaho,Away,-2,151,-140,73-71,2,0,144,-7
1/4/25,Texas St,App State,Away,2.5,133,115,61-72,-11,-8.5,133,0
1/4/25,N Iowa,Valparaiso,Away,-4.5,148.5,-210,73-80,-7,-11.5,153,4.5
1/4/25,Weber St,N Arizona,Away,2.5,143.5,131,77-80,-3,-0.5,157,13.5
1/4/25,DePaul,Villanova,Away,9.5,146.5,349,56-100,-44,-34.5,156,9.5
1/4/25,Montana St,E Washington,Away,-1.5,149.5,-125,63-68,-5,-6.5,131,-18.5
1/4/25,Arkansas,Tennessee,Away,11.5,143.5,550,52-76,-24,-12.5,128,-15.5
1/4/25,Vermont,New Hampshire,Away,-11.5,133.5,-748,60-40,20,8.5,100,-33.5
1/4/25,Mercer,VMI,Away,-5.5,156.5,-241,70-67,3,-2.5,137,-19.5
1/4/25,Chattanooga,The Citadel,Away,-12,142.5,-800,81-68,13,1,149,6.5
1/4/25,Green Bay,N Kentucky,Away,12.5,137.5,629,60-78,-18,-5.5,138,0.5
1/4/25,Milwaukee,Detroit Mercy,Away,-9,150,-450,64-56,8,-1,120,-30
1/4/25,FGCU,Queens,Away,-4,148.5,-165,83-92,-9,-13,175,26.5
1/4/25,High Point,NC Asheville,Away,-3.5,152.5,-186,99-103,-4,-7.5,202,49.5
1/4/25,Presbyterian,Gardner-Webb,Away,2.5,146,122,61-63,-2,0.5,124,-22
1/4/25,Baylor,Iowa St,Away,8.5,152.5,312,55-74,-19,-10.5,129,-23.5
1/4/25,BYU,Houston,Away,10,133.5,430,55-86,-31,-21,141,7.5
1/4/25,Tulsa,UAB,Away,13,157.5,659,51-83,-32,-19,134,-23.5
1/4/25,Miami,Virginia Tech,Away,-1.5,143,-125,85-86,-1,-2.5,171,28
1/4/25,George Mason,Rhode Island,Away,-1,143.5,-120,59-62,-3,-4,121,-22.5
1/4/25,VCU,Loyola Chi,Away,-5.5,139.5,-250,84-65,19,13.5,149,9.5
1/4/25,St Bonaventure,Fordham,Away,-6,140.5,-265,86-66,20,14,152,11.5
1/4/25,Duquesne,Davidson,Away,4.5,132,175,71-77,-6,-1.5,148,16
1/4/25,W Kentucky,Florida Intl,Away,-4.5,154.5,-200,66-85,-19,-23.5,151,-3.5
1/4/25,Lipscomb,N Florida,Away,-5.5,161.5,-241,96-64,32,26.5,160,-1.5
1/4/25,South Carolina,Mississippi St,Away,10.5,143.5,453,50-85,-35,-24.5,135,-8.5
1/4/25,UL Monroe,Coastal Car,Away,7,134.5,240,51-70,-19,-12,121,-13.5
1/4/25,St Thomas,North Dakota,Away,-6,156,-248,88-80,8,2,168,12
1/4/25,UMBC,Binghamton,Away,-2.5,148.5,-150,82-87,-5,-7.5,169,20.5
1/4/25,Bellarmine,C Arkansas,Away,5,145.5,166,65-71,-6,-1,136,-9.5
1/4/25,UCLA,Nebraska,Away,2.5,134.5,120,58-66,-8,-5.5,124,-10.5
1/4/25,Maine,Bryant,Away,3,151.5,135,55-81,-26,-23,136,-15.5
1/4/25,Butler,St John's,Away,11.5,148,516,62-70,-8,3.5,132,-16
1/4/25,Duke,SMU,Away,-8,148.5,-368,89-62,27,19,151,2.5
1/4/25,Arizona,Cincinnati,Away,2.5,147,125,72-67,5,7.5,139,-8
1/4/25,Charlotte,Rice,Away,3.5,140.5,149,55-68,-13,-9.5,123,-17.5
1/4/25,IU Indy,Cleveland St,Away,9.5,140.5,425,61-67,-6,3.5,128,-12.5
1/4/25,Samford,W Carolina,Away,-11.5,159.5,-750,88-69,19,7.5,157,-2.5
1/4/25,Robert Morris,Oakland,Away,5.5,135,195,79-71,8,13.5,150,15
1/4/25,Austin Peay,Jacksonville,Away,6,130.5,211,44-68,-24,-18,112,-18.5
1/4/25,McNeese,E Texas A&M,Away,-16.5,136.5,-2000,75-56,19,2.5,131,-5.5
1/4/25,Texas A&M-CC,SE Louisiana,Away,-2.5,139.5,-140,80-71,9,6.5,151,11.5
1/4/25,Kansas St,TCU,Away,3.5,140.5,142,62-63,-1,2.5,125,-15.5
1/4/25,Louisville,Virginia,Away,-5.5,130.5,-215,70-50,20,14.5,120,-10.5
1/4/25,S Carolina St,Morgan St,Away,-5.5,154.5,-241,86-72,14,8.5,158,3.5
1/4/25,Maryland ES,Norfolk St,Away,17,141.5,1100,59-81,-22,-5,140,-1.5
1/4/25,Delaware St,Howard,Away,7,149,236,94-100,-6,1,194,45
1/4/25,San Diego St,Boise St,Away,3.5,137,155,76-68,8,11.5,144,7
1/4/25,Portland St,Sacramento St,Away,-4.5,141.5,-195,53-56,-3,-7.5,109,-32.5
1/4/25,Idaho St,N Colorado,Away,8,146.5,290,92-93,-1,7,185,38.5
1/4/25,Missouri,Auburn,Away,18,154.5,1100,68-84,-16,2,152,-2.5
1/4/25,Morehead St,Tenn Tech,Away,2.5,141.5,125,55-74,-19,-16.5,129,-12.5
1/4/25,Troy,Marshall,Away,-1.5,144,-115,58-57,1,-0.5,115,-29
1/4/25,Abl Christian,Utah Valley,Away,9,139,350,53-64,-11,-2,117,-22
1/4/25,Furman,NC Greensboro,Away,1,138.5,-103,67-84,-17,-16,151,12.5
1/4/25,Wofford,E Tennessee St,Away,5,140.5,174,81-78,3,8,159,18.5
1/4/25,Nicholls,NW State,Away,2,137.5,107,66-68,-2,0,134,-3.5
1/4/25,Winthrop,Radford,Away,-1.5,151.5,-125,67-87,-20,-21.5,154,2.5
1/4/25,Lindenwood,SIU Edward,Away,7.5,138.5,280,47-58,-11,-3.5,105,-33.5
1/4/25,SE Missouri St,UT Martin,Away,2.5,142,121,63-66,-3,-0.5,129,-13
1/4/25,Arkansas St,J Madison,Away,-1.5,148,-112,62-67,-5,-6.5,129,-19
1/4/25,W Illinois,E Illinois,Away,2,132.5,110,75-67,8,10,142,9.5
1/4/25,Vanderbilt,LSU,Away,-2,159,-130,80-72,8,6,152,-7
1/4/25,NC Central,Coppin St,Away,-8.5,139.5,-418,61-63,-2,-10.5,124,-15.5
1/4/25,Illinois Chicago,Belmont,Away,6,158.5,215,87-92,-5,1,179,20.5
1/4/25,AR-Pine Bluff,Alabama A&M,Away,9,163.5,303,79-89,-10,-1,168,4.5
1/4/25,Jacksonville St,Kennesaw St,Away,1,154.5,-103,71-83,-12,-11,154,-0.5
1/4/25,E Kentucky,N Alabama,Away,6,153.5,210,67-88,-21,-15,155,1.5
1/4/25,Grambling,Prairie View,Away,-2.5,145.5,-142,55-73,-18,-20.5,128,-17.5
1/4/25,Colorado,Arizona St,Away,5.5,142.5,215,61-81,-20,-14.5,142,-0.5
1/4/25,UTSA,Tulane,Away,6,154.5,200,63-92,-29,-23,155,0.5
1/4/25,Syracuse,Florida St,Away,9,156.5,330,74-90,-16,-7,164,7.5
1/4/25,San Jose St,UNLV,Away,10.5,140.5,425,73-79,-6,4.5,152,11.5
1/4/25,Middle Tenn,Liberty,Away,7.5,139,285,63-73,-10,-2.5,136,-3
1/4/25,UC Davis,CS Northridge,Away,8.5,150.5,335,61-73,-12,-3.5,134,-16.5
1/4/25,Oklahoma,Alabama,Away,13,167,663,79-107,-28,-15,186,19
1/4/25,Incarnate Word,SF Austin,Away,5.5,131.5,190,55-49,6,11.5,104,-27.5
1/4/25,Stanford,Pittsburgh,Away,10,149.5,420,68-83,-15,-5,151,1.5
1/4/25,Southern,Texas So,Away,-1,146,-114,67-58,9,8,125,-21
1/4/25,Texas Tech,Utah,Away,-3,152,-153,93-65,28,25,158,6
1/4/25,Charleston So,Longwood,Away,9,146.5,320,78-83,-5,4,161,14.5
1/4/25,San Francisco,Washington St,Away,2,147.5,119,82-91,-9,-7,173,25.5
1/4/25,Campbell,NC Wilmington,Away,11,144.5,491,69-77,-8,3,146,1.5
1/4/25,Youngstown St,Purdue FW,Away,6,147,213,81-90,-9,-3,171,24
1/4/25,Texas,Texas A&M,Away,6.5,142.5,225,60-80,-20,-13.5,140,-2.5
1/4/25,Michigan,USC,Away,-5.5,151.5,-232,85-74,11,5.5,159,7.5
1/4/25,California,Clemson,Away,14.5,149,900,68-80,-12,2.5,148,-1
1/4/25,Louisiana Tech,New Mexico St,Away,-2.5,138.5,-145,48-78,-30,-32.5,126,-12.5
1/4/25,UCSD,CS Fullerton,Away,-12.5,136.5,-1000,90-51,39,26.5,141,4.5
1/4/25,Sam Houston,UTEP,Away,6,146,200,72-81,-9,-3,153,7
1/4/25,Long Beach St,CS Bakersfield,Away,5.5,134,199,65-80,-15,-9.5,145,11
1/4/25,Cal Poly,Hawai'i,Away,5.5,153.5,215,55-68,-13,-7.5,123,-30.5
1/5/25,N Texas,Memphis,Away,7.5,136.5,312,64-68,-4,3.5,132,-4.5
1/5/25,Murray St,Drake,Away,10,125.5,395,66-59,7,17,125,-0.5
1/5/25,S Illinois,Illinois St,Away,7.5,140,279,54-85,-31,-23.5,139,-1
1/5/25,Holy Cross,American,Away,6.5,137.5,233,64-75,-11,-4.5,139,1.5
1/5/25,Army,Boston U,Away,4,133,154,63-71,-8,-4,134,1
1/5/25,Stonehill,St Francis PA,Away,-1,140.5,-115,64-60,4,3,124,-16.5
1/5/25,Colgate,Bucknell,Away,2.5,134.5,125,60-66,-6,-3.5,126,-8.5
1/5/25,Lehigh,Loyola MD,Away,2.5,143,120,74-80,-6,-3.5,154,11
1/5/25,Indiana,Penn St,Away,7.5,157.5,275,77-71,6,13.5,148,-9.5
1/5/25,F Dickinson,Wagner,Away,2.5,131,125,71-59,12,14.5,130,-1
1/5/25,Chicago St,LIU,Away,7.5,137.5,,39-53,-14,-6.5,92,-45.5
1/5/25,C Connecticut,Mercyhurst,Away,-8.5,129,-450,62-50,12,3.5,112,-17
1/5/25,Florida Atlantic,E Carolina,Away,-1.5,152,-133,78-76,2,0.5,154,2
1/5/25,Lafayette,Navy,Away,3,138,125,70-71,-1,2,141,3
1/5/25,Northwestern,Purdue,Away,6,138.5,235,61-79,-18,-12,140,1.5
1/5/25,Providence,UConn,Away,14.5,136.5,870,84-87,-3,11.5,171,34.5
1/5/25,Niagara,Mt St Mary's,Away,5,137,185,62-68,-6,-1,130,-7
1/5/25,Canisius,Sacred Heart,Away,10.5,145.5,460,82-99,-17,-6.5,181,35.5
1/5/25,Quinnipiac,Marist,Away,1,137.5,100,62-69,-7,-6,131,-6.5
1/5/25,Manhattan,Rider,Away,2,144.5,113,80-79,1,3,159,14.5
1/5/25,Iona,Siena,Away,2.5,136.5,130,74-73,1,3.5,147,10.5
1/5/25,Kansas,UCF,Away,-5.5,149.5,-225,99-48,51,45.5,147,-2.5
1/5/25,Illinois,Washington,Away,-6.5,154.5,-310,81-77,4,-2.5,158,3.5
1/5/25,Maryland,Oregon,Away,4.5,150.5,172,79-83,-4,0.5,162,11.5
1/6/25,AR-Pine Bluff,Alabama St,Away,14,161.5,675,91-93,-2,12,184,22.5
1/6/25,Texas A&M-CC,New Orleans,Away,-10.5,152.5,-650,97-83,14,3.5,180,27.5
1/6/25,Incarnate Word,Lamar,Away,3.5,136.5,129,58-72,-14,-10.5,130,-6.5
1/6/25,Norfolk St,Delaware St,Away,-6.5,144.5,-298,73-64,9,2.5,137,-7.5
1/6/25,UT Rio Grande,SE Louisiana,Away,-3.5,146.5,-162,75-79,-4,-7.5,154,7.5
1/6/25,S Florida,Wichita St,Away,8.5,155.5,310,91-72,19,27.5,163,7.5
1/6/25,Wisconsin,Rutgers,Away,-1.5,157,-113,75-63,12,10.5,138,-19
1/6/25,Nicholls,E Texas A&M,Away,-5,142.5,-230,83-61,22,17,144,1.5
1/7/25,NC Central,Morgan St,Away,-4,155.5,-175,98-102,-4,-8,200,44.5
1/6/25,McNeese,NW State,Away,-11,131.5,-650,92-69,23,12,161,29.5
1/6/25,S Carolina St,Coppin St,Away,-11,133.5,-700,85-77,8,-3,162,28.5
1/6/25,Hou Christian,SF Austin,Away,8.5,129.5,344,83-73,10,18.5,156,26.5
2/10/25,Howard,Maryland ES,Away,-7,150.5,-290,77-57,20,13,134,-16.5
1/6/25,Miss Valley St,Alabama A&M,Away,17.5,138.5,1000,67-79,-12,5.5,146,7.5
1/6/25,Southern,Prairie View,Away,-4.5,146.5,-205,84-80,4,-0.5,164,17.5
1/6/25,TCU,Houston,Away,18.5,128.5,1500,46-65,-19,-0.5,111,-17.5
1/6/25,Grambling,Texas So,Away,4.5,137,150,66-71,-5,-0.5,137,0
1/6/25,Ohio St,Minnesota,Away,-5,138,-218,89-88,1,-4,177,39
1/7/25,Tulsa,UTSA,Away,5,155.5,185,82-77,5,10,159,3.5
1/7/25,Fresno St,Colorado St,Away,15,149.5,900,64-91,-27,-12,155,5.5
1/7/25,Utah St,San Jose St,Away,-9.5,148.5,-470,85-78,7,-2.5,163,14.5
1/8/25,Air Force,San Diego St,Away,18.5,130,1250,38-67,-29,-10.5,105,-25
1/7/25,Miami OH,Ball St,Away,-1.5,145.5,-124,80-72,8,6.5,152,6.5
1/7/25,Ohio,Buffalo,Away,-12,153,-800,88-79,9,-3,167,14
1/7/25,Kent St,N Illinois,Away,-12.5,139.5,-950,68-50,18,5.5,118,-21.5
1/7/25,E Michigan,Toledo,Away,9.5,154.5,390,87-90,-3,6.5,177,22.5
1/7/25,C Michigan,Akron,Away,8.5,145.5,321,71-87,-16,-7.5,158,12.5
1/7/25,Bowling Green,W Michigan,Away,4,151,154,83-79,4,8,162,11
1/7/25,Arizona,West Virginia,Away,-4,143.5,-188,75-56,19,15,131,-12.5
1/7/25,Georgia Tech,Syracuse,Away,1,153.5,-108,55-62,-7,-6,117,-36.5
1/7/25,Clemson,Louisville,Away,3.5,147,135,64-74,-10,-6.5,138,-9
1/7/25,Pittsburgh,Duke,Away,13.5,144.5,750,47-76,-29,-15.5,123,-21.5
1/7/25,Tennessee,Florida,Away,3,152.5,145,43-73,-30,-27,116,-36.5
1/7/25,Kentucky,Georgia,Away,-1.5,153.5,-130,69-82,-13,-14.5,151,-2.5
1/7/25,Tulane,UAB,Away,8.5,157,305,69-81,-12,-3.5,150,-7
1/7/25,Kansas St,Oklahoma St,Away,2,146.5,112,66-79,-13,-11,145,-1.5
1/7/25,Utah,Iowa St,Away,16.5,151.5,1000,59-82,-23,-6.5,141,-10.5
1/7/25,Cincinnati,Baylor,Away,5.5,139.5,190,48-68,-20,-14.5,116,-23.5
1/7/25,Illinois Chicago,Missouri St,Away,2.5,138.5,124,80-63,17,19.5,143,4.5
1/7/25,Nebraska,Iowa,Away,4.5,159,160,87-97,-10,-5.5,184,25
1/7/25,Georgetown,Marquette,Away,13.5,144.5,675,66-74,-8,5.5,140,-4.5
1/7/25,SIU Edward,E Illinois,Away,-2,135.5,-140,60-57,3,1,117,-18.5
1/7/25,Texas Tech,BYU,Away,1,148.5,106,72-67,5,6,139,-9.5
1/7/25,SMU,North Carolina,Away,6.5,166,240,67-82,-15,-8.5,149,-17
1/7/25,Auburn,Texas,Away,-10.5,149.5,-600,87-82,5,-5.5,169,19.5
1/7/25,LSU,Missouri,Away,7.5,153.5,250,67-83,-16,-8.5,150,-3.5
1/7/25,Mississippi St,Vanderbilt,Away,-2.5,153.5,-144,76-64,12,9.5,140,-13.5
1/7/25,Michigan,UCLA,Away,2.5,144.5,120,94-75,19,21.5,169,24.5
1/7/25,New Mexico,Wyoming,Away,-7,144.5,-310,61-53,8,1,114,-30.5
1/7/25,UNLV,Boise St,Away,8.5,139.5,290,59-81,-22,-13.5,140,0.5
1/7/25,Loyola Mymt,Saint Mary's,Away,13.5,134.5,850,56-81,-25,-11.5,137,2.5
1/8/25,Presbyterian,SC Upstate,Away,-3.5,148,-175,67-77,-10,-13.5,144,-4
1/8/25,Georgia So,Georgia St,Away,2.5,155.5,125,78-82,-4,-1.5,160,4.5
1/8/25,Furman,The Citadel,Away,-14,138,-1450,67-63,4,-10,130,-8
1/8/25,E Tennessee St,Mercer,Away,-2,151.5,-140,70-68,2,0,138,-13.5
1/8/25,San Diego,Gonzaga,Away,31.5,156.5,3300,80-93,-13,18.5,173,16.5
1/8/25,S Dakota St,St Thomas,Away,2.5,155.5,120,72-73,-1,1.5,145,-10.5
1/8/25,Kansas City,Omaha,Away,1.5,137.5,102,58-77,-19,-17.5,135,-2.5
1/8/25,Indiana St,Valparaiso,Away,1.5,161.5,105,95-98,-3,-1.5,193,31.5
1/8/25,Loyola MD,Army,Away,3,140.5,136,72-74,-2,1,146,5.5
1/8/25,American,Boston U,Away,3,125.5,135,54-60,-6,-3,114,-11.5
1/8/25,Navy,Holy Cross,Away,2,140,120,59-70,-11,-9,129,-11
1/8/25,Lafayette,Bucknell,Away,3.5,131.5,145,62-65,-3,0.5,127,-4.5
1/8/25,Loyola Chi,La Salle,Away,-2,148,-135,79-68,11,9,147,-1
1/8/25,Coastal Car,App State,Away,7.5,126.5,290,51-74,-23,-15.5,125,-1.5
1/7/25,St John's,Xavier,Away,-1,153,-110,82-72,10,9,154,1
1/8/25,DePaul,Seton Hall,Away,2.5,133,120,80-85,-5,-2.5,165,32
1/8/25,UConn,Villanova,Away,1,143.5,102,66-68,-2,-1,134,-9.5
1/8/25,N Kentucky,Youngstown St,Away,2.5,136.5,130,61-72,-11,-8.5,133,-3.5
1/8/25,NC Asheville,Longwood,Away,4.5,153.5,154,76-85,-9,-4.5,161,7.5
1/8/25,Winthrop,Gardner-Webb,Away,-3.5,159,-166,83-89,-6,-9.5,172,13
1/8/25,High Point,Charleston So,Away,-8.5,152,-450,93-79,14,5.5,172,20
1/8/25,G Washington,Rhode Island,Away,6,151.5,216,75-67,8,14,142,-9.5
1/8/25,Richmond,George Mason,Away,11.5,130.5,625,58-64,-6,5.5,122,-8.5
1/8/25,Fordham,VCU,Away,17,145,1100,61-73,-12,5,134,-11
1/8/25,Saint Joseph's,Duquesne,Away,-2.5,134,-155,81-85,-4,-6.5,166,32
1/8/25,Florida St,Miami,Away,2.5,152.5,126,80-65,15,17.5,145,-7.5
1/8/25,Notre Dame,NC State,Away,2.5,138.5,124,65-66,-1,1.5,131,-7.5
1/8/25,Dayton,UMass,Away,-10.5,147.5,-600,72-76,-4,-14.5,148,0.5
1/8/25,Colorado,UCF,Away,6,148.5,220,74-75,-1,5,149,0.5
1/8/25,Florida Atlantic,Charlotte,Away,-5.5,154,-250,75-64,11,5.5,139,-15
1/8/25,Temple,E Carolina,Away,3.5,145.5,140,79-80,-1,2.5,159,13.5
1/8/25,Milwaukee,Purdue FW,Away,3,154.5,129,73-78,-5,-2,151,-3.5
1/8/25,Cleveland St,Robert Morris,Away,2,139.5,114,80-69,11,13,149,9.5
1/8/25,W Carolina,Wofford,Away,12,144.5,750,69-77,-8,4,146,1.5
1/8/25,Mississippi,Arkansas,Away,3.5,148.5,148,73-66,7,10.5,139,-9.5
1/8/25,Alabama,South Carolina,Away,-11,157,-742,88-68,20,9,156,-1
1/8/25,Lehigh,Colgate,Away,6.5,138.5,210,62-67,-5,1.5,129,-9.5
1/8/25,USC,Indiana,Away,6.5,149.5,230,69-82,-13,-6.5,151,1.5
1/8/25,Drake,Bradley,Away,1.5,126.5,105,64-57,7,8.5,121,-5.5
1/8/25,Murray St,N Iowa,Away,5,137.5,185,71-68,3,8,139,1.5
1/8/25,S Illinois,Belmont,Away,9.5,156,380,86-90,-4,5.5,176,20
1/8/25,St Bonaventure,Saint Louis,Away,3.5,142,150,68-73,-5,-1.5,141,-1
1/8/25,Illinois St,Evansville,Away,-5.5,131,-248,51-69,-18,-23.5,120,-11
1/8/25,Butler,Providence,Away,2.5,137,125,65-84,-19,-16.5,149,12
1/8/25,Virginia Tech,Stanford,Away,9,142.5,349,59-70,-11,-2,129,-13.5
1/8/25,Rice,N Texas,Away,11,122.5,508,59-81,-22,-11,140,17.5
1/8/25,Arizona St,Kansas,Away,14.5,145,800,55-74,-19,-4.5,129,-16
1/8/25,Penn St,Illinois,Away,7.5,163,275,52-91,-39,-31.5,143,-20
1/8/25,Texas A&M,Oklahoma,Away,2.5,147,128,80-78,2,4.5,158,11
1/8/25,Virginia,California,Away,4,129.5,161,61-75,-14,-10,136,6.5
1/9/25,Northeastern,Towson,Away,5,128.5,185,73-80,-7,-2,153,24.5
1/9/25,Old Dominion,Louisiana,Away,3.5,145,155,71-60,11,14.5,131,-14
1/9/25,UL Monroe,Southern Miss,Away,9,142,345,67-84,-17,-8,151,9
1/9/25,Tarleton St,S Utah,Away,7,136.5,252,74-66,8,15,140,3.5
1/9/25,Grand Canyon,Utah Valley,Away,-3.5,145,-163,64-72,-8,-11.5,136,-9
1/9/25,N Dakota St,Oral Roberts,Away,-6.5,152.5,-298,110-96,14,7.5,206,53.5
1/9/25,Texas St,Troy,Away,7,136.5,265,74-73,1,8,147,10.5
1/9/25,Arkansas St,S Alabama,Away,1.5,140,-103,62-76,-14,-12.5,138,-2
1/9/25,Portland,San Francisco,Away,19,147,1250,72-81,-9,10,153,6
1/9/25,W Georgia,Austin Peay,Away,8,131.5,285,72-68,4,12,140,8.5
1/9/25,Drexel,Stony Brook,Away,-4.5,132.5,-214,67-51,16,11.5,118,-14.5
1/9/25,Charleston,Hofstra,Away,-1.5,140,-122,67-61,6,4.5,128,-12
1/9/25,NC Wilmington,Monmouth,Away,-4.5,144.5,-199,64-55,9,4.5,119,-25.5
1/9/25,CS Bakersfield,UCSB,Away,7.5,136.5,280,66-78,-12,-4.5,144,7.5
1/9/25,Elon,William & Mary,Away,2.5,152,123,65-78,-13,-10.5,143,-9
1/9/25,Delaware,NC A&T,Away,-4.5,160.5,-195,98-88,10,5.5,186,25.5
1/9/25,N Arizona,Montana,Away,8,152,291,76-81,-5,3,157,5
1/9/25,UMBC,NJIT,Away,-9,145.5,-435,87-64,23,14,151,5.5
1/9/25,Idaho,Sacramento St,Away,-3,135.5,-166,80-67,13,10,147,11.5
1/9/25,N Colorado,Montana St,Away,1,153,-101,83-82,1,2,165,12
1/9/25,Vermont,UMass Lowell,Away,5.5,135.5,200,67-63,4,9.5,130,-5.5
1/9/25,Binghamton,Maine,Away,6.5,133,230,71-82,-11,-4.5,153,20
1/9/25,Purdue,Rutgers,Away,-3,149,-165,68-50,18,15,118,-31
1/9/25,Oregon,Ohio St,Away,2.5,149.5,130,73-71,2,4.5,144,-5.5
1/9/25,Jacksonville,Bellarmine,Away,-7.5,141,-325,74-59,15,7.5,133,-8
1/9/25,Detroit Mercy,IU Indy,Away,6,138.5,220,61-95,-34,-28,156,17.5
1/9/25,Albany,New Hampshire,Away,-11.5,145.5,-650,61-57,4,-7.5,118,-27.5
1/9/25,C Arkansas,Stetson,Away,2,146,110,65-75,-10,-8,140,-6
1/9/25,Campbell,Hampton,Away,4,138.5,156,66-55,11,15,121,-17.5
1/9/25,N Florida,E Kentucky,Away,3.5,169.5,145,74-79,-5,-1.5,153,-16.5
1/9/25,N Alabama,FGCU,Away,1.5,145,105,70-75,-5,-3.5,145,0
1/9/25,Oakland,Wright St,Away,3,138.5,140,62-66,-4,-1,128,-10.5
1/9/25,NC Greensboro,Chattanooga,Away,3.5,142.5,147,78-75,3,6.5,153,10.5
1/9/25,J Madison,Marshall,Away,1.5,142.5,-105,78-80,-2,-0.5,158,15.5
1/9/25,Kennesaw St,Middle Tenn,Away,9,158.5,333,79-84,-5,4,163,4.5
1/9/25,Florida Intl,Louisiana Tech,Away,7.5,139,280,64-81,-17,-9.5,145,6
1/9/25,Queens,Lipscomb,Away,13.5,154,800,75-73,2,15.5,148,-6
1/9/25,VMI,Samford,Away,18,158,1200,68-81,-13,5,149,-9
1/9/25,Morehead St,Little Rock,Away,4,135,157,59-53,6,10,112,-23
1/9/25,Washington,Michigan St,Away,14,144.5,850,54-88,-34,-20,142,-2.5
1/9/25,Jacksonville St,W Kentucky,Away,6.5,150.5,220,73-67,6,12.5,140,-10.5
1/9/25,S Indiana,SE Missouri St,Away,7.5,141.5,260,66-77,-11,-3.5,143,1.5
1/9/25,UT Martin,W Illinois,Away,1.5,134,102,85-83,2,3.5,168,34
1/9/25,Tennessee St,Lindenwood,Away,2,149.5,114,62-72,-10,-8,134,-15.5
1/9/25,Tenn Tech,E Illinois,Away,1.5,141,105,69-64,5,6.5,133,-8
1/9/25,Liberty,Sam Houston,Away,-4,141.5,-185,76-68,8,4,144,2.5
1/9/25,North Dakota,Denver,Away,1.5,153,105,95-70,25,26.5,165,12
1/9/25,UT Arlington,Utah Tech,Away,-3.5,154,-180,62-74,-12,-15.5,136,-18
1/9/25,CS Fullerton,UC Davis,Away,8.5,135.5,310,53-63,-10,-1.5,116,-19.5
1/9/25,Pacific,Washington St,Away,16,152.5,1100,95-94,1,17,189,36.5
1/9/25,Oregon St,Santa Clara,Away,6.5,146,230,81-82,-1,5.5,163,17
1/9/25,UC Irvine,CS Northridge,Away,-4,148.5,-170,77-67,10,6,144,-4.5
1/9/25,Hawai'i,UC Riverside,Away,2.5,135.5,133,83-76,7,9.5,159,23.5
1/9/25,Cal Poly,UCSD,Away,15.5,158.5,900,68-95,-27,-11.5,163,4.5
1/9/25,E Washington,Portland St,Away,3.5,151,145,59-64,-5,-1.5,123,-28
1/10/25,Merrimack,Sacred Heart,Away,-2.5,139,-153,66-65,1,-1.5,131,-8
1/10/25,LIU,Stonehill,Away,2.5,131.5,124,70-60,10,12.5,130,-1.5
1/10/25,F Dickinson,Le Moyne,Away,3,156,123,91-86,5,8,177,21
1/10/25,Wagner,C Connecticut,Away,10.5,119.5,455,62-57,5,15.5,119,-0.5
1/10/25,Saint Peter's,Niagara,Away,2,128,103,60-70,-10,-8,130,2
1/10/25,Minnesota,Wisconsin,Away,13.5,140,700,59-80,-21,-7.5,139,-1
1/10/25,Mercyhurst,St Francis PA,Away,3.5,134.5,135,59-73,-14,-10.5,132,-2.5
1/10/25,Iona,Fairfield,Away,-1,145.5,-120,64-68,-4,-5,132,-13.5
1/10/25,Mt St Mary's,Manhattan,Away,2,150.5,108,75-66,9,11,141,-9.5
1/10/25,Rider,Canisius,Away,-3,139,-148,67-85,-18,-21,152,13
1/10/25,Siena,Quinnipiac,Away,6.5,140.5,235,53-72,-19,-12.5,125,-15.5
1/10/25,UCLA,Maryland,Away,5,137,190,61-79,-18,-13,140,3
1/11/25,UNLV,Colorado St,Away,5.5,138.5,205,62-84,-22,-16.5,146,7.5
1/11/25,Radford,SC Upstate,Away,-5.5,147.5,-222,80-67,13,7.5,147,-0.5
1/11/25,Weber St,Idaho St,Away,4,137.5,160,77-69,8,12,146,8.5
1/11/25,Notre Dame,Duke,Away,19.5,136,1700,78-86,-8,11.5,164,28
1/11/25,La Salle,St Bonaventure,Away,12,142.5,595,83-82,1,13,165,22.5
1/11/25,Louisville,Pittsburgh,Away,3.5,149.5,145,82-78,4,7.5,160,10.5
2/4/25,AR-Pine Bluff,Texas So,Home,10,157.5,400,69-68,1,11,137,-20.5
1/11/25,Wichita St,UTSA,Away,-6,161,-250,75-88,-13,-19,163,2
1/11/25,E Texas A&M,NW State,Away,9.5,134.5,367,67-75,-8,1.5,142,7.5
1/11/25,N Colorado,Montana,Away,3,160.5,130,81-57,24,27,138,-22.5
1/11/25,Creighton,Butler,Away,-3,145,-162,80-76,4,1,156,11
1/11/25,San Jose St,Air Force,Away,-2.5,135.5,-138,69-62,7,4.5,131,-4.5
1/11/25,Alabama St,Jackson St,Away,2.5,146.5,128,70-77,-7,-4.5,147,0.5
1/11/25,San Diego St,New Mexico,Away,3.5,148,140,48-62,-14,-10.5,110,-38
1/11/25,Belmont,Indiana St,Away,3,171.5,130,84-79,5,8,163,-8.5
1/11/25,Morgan St,Howard,Away,9,161.5,344,95-100,-5,4,195,33.5
1/11/25,Missouri St,S Illinois,Away,2,135.5,110,78-88,-10,-8,166,30.5
1/11/25,Florida A&M,Southern,Away,11.5,137.5,600,57-91,-34,-22.5,148,10.5
1/11/25,Bethune,Grambling,Away,1,131.5,-110,65-59,6,7,124,-7.5
1/11/25,Bucknell,American,Away,3.5,130,136,58-68,-10,-6.5,126,-4
1/11/25,Army,Lehigh,Away,3,144.5,130,74-69,5,8,143,-1.5
1/11/25,USC,Illinois,Away,12.5,153.5,675,82-72,10,22.5,154,0.5
1/11/25,Alabama A&M,Alcorn St,Away,3.5,148.5,147,52-62,-10,-6.5,114,-34.5
1/11/25,N Arizona,Montana St,Away,6.5,148.5,240,53-58,-5,1.5,111,-37.5
1/11/25,Nevada,Fresno St,Away,-12.5,148,-915,77-66,11,-1.5,143,-5
1/11/25,SF Austin,Lamar,Away,4,131.5,160,72-63,9,13,135,3.5
1/11/25,J Madison,App State,Away,1,133.5,100,66-86,-20,-19,152,18.5
1/13/25,Campbell,Elon,Away,7.5,138,270,68-81,-13,-5.5,149,11
1/11/25,NC A&T,William & Mary,Away,12.5,168.5,575,78-81,-3,9.5,159,-9.5
1/11/25,Towson,Drexel,Away,1.5,126.5,105,93-82,11,12.5,175,48.5
1/11/25,Northeastern,Stony Brook,Away,-5.5,138.5,-225,70-66,4,-1.5,136,-2.5
1/11/25,Queens,Austin Peay,Away,-1,145.5,-119,67-60,7,6,127,-18.5
1/11/25,Long Beach St,UC Davis,Away,5.5,135.5,205,84-73,11,16.5,157,21.5
1/11/25,Saint Mary's,San Diego,Away,-16.5,137.5,-1650,103-56,47,30.5,159,21.5
1/11/25,Oregon St,Pacific,Away,-9.5,142.5,-500,91-55,36,26.5,146,3.5
1/11/25,UT Arlington,S Utah,Away,2.5,155.5,124,68-73,-5,-2.5,141,-14.5
1/11/25,Cal Baptist,Utah Valley,Away,5,138.5,196,69-75,-6,-1,144,5.5
1/11/25,S Dakota St,Omaha,Away,-4.5,150.5,-195,80-87,-7,-11.5,167,16.5
1/11/25,South Dakota,St Thomas,Away,9.5,167,377,104-119,-15,-5.5,223,56
1/11/25,N Dakota St,Denver,Away,-9.5,154,-500,69-50,19,9.5,119,-35
1/13/25,Wofford,Furman,Away,7.5,139.5,260,81-62,19,26.5,143,3.5
1/11/25,Old Dominion,S Alabama,Away,14.5,134,825,71-63,8,22.5,134,0
1/11/25,W Michigan,Miami OH,Away,9,149.5,360,71-91,-20,-11,162,12.5
1/11/25,N Illinois,Ohio,Away,20,149.5,1350,70-108,-38,-18,178,28.5
1/11/25,Coastal Car,Georgia St,Away,3.5,136.5,140,74-79,-5,-1.5,153,16.5
1/10/25,Kent St,Buffalo,Away,-11,147,-625,68-49,19,8,117,-30
1/10/25,C Michigan,Toledo,Away,5,151.5,180,67-69,-2,3,136,-15.5
1/11/25,UL Monroe,Louisiana,Away,6.5,142.5,230,68-71,-3,3.5,139,-3.5
1/11/25,Bowling Green,Ball St,Away,5,149.5,193,69-91,-22,-17,160,10.5
1/11/25,Texas St,Southern Miss,Away,-3,144.5,-155,88-92,-4,-7,180,35.5
1/11/25,Akron,E Michigan,Away,-8,152.5,-360,105-81,24,16,186,33.5
1/11/25,Arkansas St,Troy,Away,2,144.5,115,84-78,6,8,162,17.5
1/11/25,Charleston,Monmouth,Away,-6.5,149,-293,73-84,-11,-17.5,157,8
1/11/25,E Washington,Sacramento St,Away,-3.5,137.5,-175,65-54,11,7.5,119,-18.5
1/11/25,Incarnate Word,Hou Christian,Away,-1.5,138.5,-122,76-81,-5,-6.5,157,18.5
1/11/25,SE Louisiana,New Orleans,Away,-6.5,144.5,-290,91-71,20,13.5,162,17.5
1/11/25,The Citadel,E Tennessee St,Away,17,137.5,1000,52-70,-18,-1,122,-15.5
1/11/25,NC Wilmington,Hofstra,Away,2,133.5,120,63-66,-3,-1,129,-4.5
1/11/25,Auburn,South Carolina,Away,-16.5,146,-2000,66-63,3,-13.5,129,-17
1/11/25,NJIT,UMass Lowell,Away,20.5,143,,62-70,-8,12.5,132,-11
1/11/25,Binghamton,New Hampshire,Away,-6.5,134.5,-241,72-79,-7,-13.5,151,16.5
1/11/25,Holy Cross,Lafayette,Away,6,131.5,200,65-82,-17,-11,147,15.5
1/11/25,Kansas,Cincinnati,Away,-1,136.5,-111,54-40,14,13,94,-42.5
1/11/25,Iowa St,Texas Tech,Away,2.5,146.5,133,85-84,1,3.5,169,22.5
1/11/25,BYU,TCU,Away,-2.5,139,-145,67-71,-4,-6.5,138,-1
1/11/25,Temple,Rice,Away,1,141.5,-102,73-70,3,4,143,1.5
1/11/25,S Florida,Tulane,Away,3.5,149.5,145,70-73,-3,0.5,143,-6.5
1/11/25,E Carolina,Memphis,Away,12.5,148.5,660,70-74,-4,8.5,144,-4.5
1/11/25,UMass,George Mason,Away,11.5,141.5,545,70-77,-7,4.5,147,5.5
1/11/25,Fordham,Davidson,Away,9,145.5,340,64-74,-10,-1,138,-7.5
1/11/25,Florida St,Clemson,Away,8,145,295,57-77,-20,-12,134,-11
1/11/25,NC Asheville,Presbyterian,Away,1,148,-105,96-87,9,10,183,35
1/11/25,Longwood,Winthrop,Away,3.5,158.5,130,76-95,-19,-15.5,171,12.5
1/11/25,Albany,Maine,Away,4.5,143,165,66-87,-21,-16.5,153,10
1/11/25,Vermont,Bryant,Away,3.5,138.5,142,53-73,-20,-16.5,126,-12.5
1/11/25,Boston U,Colgate,Away,3.5,127,140,50-87,-37,-33.5,137,10
1/11/25,Cornell,Columbia,Away,1,164.5,-110,94-83,11,12,177,12.5
1/11/25,Brown,Yale,Away,9.5,142,415,58-79,-21,-11.5,137,-5
1/11/25,Princeton,Harvard,Away,-4.5,143.5,-211,68-64,4,-0.5,132,-11.5
1/11/25,Penn,Dartmouth,Away,4.5,145,159,70-73,-3,1.5,143,-2
1/11/25,UConn,Georgetown,Away,-5.5,141.5,-230,68-60,8,2.5,128,-13.5
1/11/25,Delaware,Hampton,Away,-2.5,147.5,-148,77-83,-6,-8.5,160,12.5
1/11/25,C Arkansas,FGCU,Away,12,141,525,71-77,-6,6,148,7
1/11/25,Cleveland St,Youngstown St,Away,4.5,136.5,170,80-72,8,12.5,152,15.5
1/12/25,VMI,Chattanooga,Away,13.5,149.5,725,66-91,-25,-11.5,157,7.5
1/11/25,Syracuse,Boston College,Away,1.5,146,104,79-71,8,9.5,150,4
1/11/25,Loyola Chi,Saint Joseph's,Away,5,142.5,186,57-93,-36,-31,150,7.5
1/11/25,Kennesaw St,W Kentucky,Away,7.5,163.5,275,69-85,-16,-8.5,154,-9.5
1/11/25,Bradley,Illinois Chicago,Away,-3,145,-160,61-60,1,-2,121,-24
1/12/25,Mercer,W Carolina,Away,-4.5,154.5,-198,82-85,-3,-7.5,167,12.5
1/11/25,Florida Intl,Sam Houston,Away,8.5,152.5,310,74-81,-7,1.5,155,2.5
1/11/25,Vanderbilt,Missouri,Away,5.5,156,187,66-75,-9,-3.5,141,-15
1/11/25,North Carolina,NC State,Away,-4.5,151.5,-197,63-61,2,-2.5,124,-27.5
1/11/25,Virginia,Stanford,Away,8.5,125.5,290,65-88,-23,-14.5,153,27.5
1/11/25,Georgia Tech,SMU,Away,10.5,154.5,450,71-93,-22,-11.5,164,9.5
1/11/25,Florida,Arkansas,Away,-4,158,-185,71-63,8,4,134,-24
1/11/25,N Alabama,Stetson,Away,-8,151.5,-355,92-64,28,20,156,4.5
1/11/25,Jacksonville,E Kentucky,Away,2.5,145,115,82-75,7,9.5,157,12
1/11/25,Georgia So,Marshall,Away,7.5,152.5,290,69-81,-12,-4.5,150,-2.5
1/12/25,S Indiana,Little Rock,Away,5.5,137,205,58-78,-20,-14.5,136,-1
1/11/25,Green Bay,Milwaukee,Away,15.5,150,875,59-70,-11,4.5,129,-21
1/11/25,Valparaiso,Murray St,Away,7.5,145,275,47-58,-11,-3.5,105,-40
1/11/25,Maryland ES,NC Central,Away,10.5,143.5,440,69-88,-19,-8.5,157,13.5
1/11/25,Delaware St,S Carolina St,Away,9.5,149.5,370,76-75,1,10.5,151,1.5
1/11/25,Coppin St,Norfolk St,Away,19,136,1300,69-92,-23,-4,161,25
1/11/25,Xavier,DePaul,Away,-4.5,151.5,-190,77-63,14,9.5,140,-11.5
1/11/25,UT Rio Grande,Texas A&M-CC,Away,5,157.5,185,74-79,-5,0,153,-4.5
1/11/25,Tennessee St,W Illinois,Away,2.5,147,120,72-52,20,22.5,124,-23
1/11/25,UT Martin,Lindenwood,Away,1,138,-110,81-82,-1,0,163,25
1/11/25,Tenn Tech,SIU Edward,Away,6,137.5,212,59-67,-8,-2,126,-11.5
1/11/25,Morehead St,SE Missouri St,Away,3.5,137,136,67-56,11,14.5,123,-14
1/11/25,W Georgia,Lipscomb,Away,20,142.5,1700,67-86,-19,1,153,10.5
1/11/25,Navy,Loyola MD,Away,3,143.5,125,74-75,-1,2,149,5.5
1/11/25,Nicholls,McNeese,Away,16.5,143,950,71-80,-9,7.5,151,8
1/11/25,Seton Hall,Providence,Away,7,130,258,85-91,-6,1,176,46
1/11/25,Idaho,Portland St,Away,2.5,146.5,125,63-75,-12,-9.5,138,-8.5
1/11/25,Wake Forest,Miami,Away,-3.5,143.5,-178,88-78,10,6.5,166,22.5
1/11/25,Prairie View,Miss Valley St,Away,-13.5,143.5,-1100,74-65,9,-4.5,139,-4.5
1/11/25,Virginia Tech,California,Away,7,145,250,71-68,3,10,139,-6
1/11/25,Rhode Island,Richmond,Away,-2.5,141.5,-135,67-64,3,0.5,131,-10.5
1/12/25,Charlotte,Tulsa,Away,1.5,144,103,63-69,-6,-4.5,132,-12
1/11/25,Houston,Kansas St,Away,-10.5,129.5,-652,87-57,30,19.5,144,14.5
1/11/25,Evansville,Drake,Away,15.5,120.5,1100,40-63,-23,-7.5,103,-17.5
1/11/25,Oakland,N Kentucky,Away,3.5,129,150,68-53,15,18.5,121,-8
1/11/25,Jacksonville St,Middle Tenn,Away,6,145,205,64-81,-17,-11,145,0
1/11/25,NC Greensboro,Samford,Away,6.5,150.5,223,69-76,-7,-0.5,145,-5.5
1/11/25,Tennessee,Texas,Away,-5,138.5,-225,74-70,4,-1,144,5.5
1/11/25,LSU,Mississippi,Away,9.5,146.5,410,65-77,-12,-2.5,142,-4.5
1/11/25,Oklahoma,Georgia,Away,7,146.5,245,62-72,-10,-3,134,-12.5
1/11/25,N Florida,Bellarmine,Away,-4.5,161.5,-232,98-83,15,10.5,181,19.5
1/11/25,Gardner-Webb,High Point,Away,13,155.5,650,55-96,-41,-28,151,-4.5
1/11/25,Oklahoma St,Utah,Away,7.5,153.5,263,62-83,-21,-13.5,145,-8.5
1/11/25,N Iowa,Illinois St,Away,1.5,137,100,85-84,1,2.5,169,32
1/11/25,Villanova,St John's,Away,6.5,145.5,224,68-80,-12,-5.5,148,2.5
1/11/25,San Francisco,Santa Clara,Away,2.5,151.5,125,54-77,-23,-20.5,131,-20.5
1/11/25,Detroit Mercy,Purdue FW,Away,18.5,146,1100,67-90,-23,-4.5,157,11
1/11/25,North Dakota,Oral Roberts,Away,-2.5,160.5,-145,79-83,-4,-6.5,162,1.5
1/11/25,Liberty,Louisiana Tech,Away,-1,133.5,-121,74-79,-5,-6,153,19.5
1/11/25,UCSB,Cal Poly,Away,-4.5,157,-205,75-72,3,-1.5,147,-10
1/11/25,Alabama,Texas A&M,Away,-3.5,160.5,-175,94-88,6,2.5,182,21.5
1/11/25,Indiana,Iowa,Away,5,166,180,60-85,-25,-20,145,-21
1/11/25,Kentucky,Mississippi St,Away,5,161.5,180,95-90,5,10,185,23.5
1/11/25,Washington St,Gonzaga,Away,17,165,1100,75-88,-13,4,163,-2
1/11/25,Tarleton St,Utah Tech,Away,1.5,136,105,54-58,-4,-2.5,112,-24
1/11/25,Hawai'i,CS Fullerton,Away,-9.5,129.5,-470,95-86,9,-0.5,181,51.5
1/11/25,New Mexico St,UTEP,Away,7,138.5,240,85-57,28,35,142,3.5
1/11/25,Boise St,Utah St,Away,5.5,148.5,190,79-81,-2,3.5,160,11.5
1/11/25,Baylor,Arizona St,Away,-6.5,142,-275,72-66,6,-0.5,138,-4
1/11/25,CS Northridge,CS Bakersfield,Away,-4.5,143.5,-195,90-94,-4,-8.5,184,40.5
1/11/25,UCF,Arizona,Away,17,155.5,1100,80-88,-8,9,168,12.5
1/11/25,UC Irvine,UCSD,Away,5.5,139.5,200,60-52,8,13.5,112,-27.5
1/11/25,Abl Christian,Seattle,Away,8.5,138,334,64-66,-2,6.5,130,-8
1/12/25,Manhattan,Merrimack,Away,7.5,141,291,62-69,-7,0.5,131,-10
1/12/25,LIU,C Connecticut,Away,7.5,127.5,280,54-52,2,9.5,106,-21.5
1/12/25,Michigan St,Northwestern,Away,-2.5,138.5,-137,78-68,10,7.5,146,7.5
1/12/25,Stonehill,Chicago St,Away,-3.5,134.5,-172,68-52,16,12.5,120,-14.5
1/12/25,Nebraska,Purdue,Away,8.5,140.5,300,68-104,-36,-27.5,172,31.5
1/12/25,St Francis PA,F Dickinson,Away,4.5,149.5,164,75-71,4,8.5,146,-3.5
1/12/25,Quinnipiac,Iona,Away,-1.5,145.5,-124,63-62,1,-0.5,125,-20.5
1/12/25,Saint Peter's,Canisius,Away,-6,132,-242,62-49,13,7,111,-21
1/12/25,Rider,Niagara,Away,5.5,136,195,68-65,3,8.5,133,-3
1/12/25,Fairfield,Marist,Away,6.5,135.5,240,51-61,-10,-3.5,112,-23.5
1/12/25,Sacred Heart,Mt St Mary's,Away,3.5,152,145,71-73,-2,1.5,144,-8
1/12/25,Wright St,Robert Morris,Away,0,148.5,-112,72-75,-3,-3,147,-1.5
1/12/25,Washington,Michigan,Away,14.5,154.5,750,75-91,-16,-1.5,166,11.5
1/12/25,Mercyhurst,Le Moyne,Away,4.5,136.5,160,63-79,-16,-11.5,142,5.5
1/12/25,West Virginia,Colorado,Away,2.5,134.5,125,78-70,8,10.5,148,13.5
1/12/25,Oregon,Penn St,Away,-2.5,155.5,-150,82-81,1,-1.5,163,7.5
1/12/25,UAB,Florida Atlantic,Away,3,163,130,81-76,5,8,157,-6
1/13/25,Texas So,Miss Valley St,Away,-17,137,-2000,82-53,29,12,135,-2
1/13/25,Florida A&M,Grambling,Away,7.5,134.5,280,72-79,-7,0.5,151,16.5
1/13/25,American,Loyola MD,Away,1.5,135,105,73-54,19,20.5,127,-8
1/13/25,Alabama St,Alcorn St,Away,-4,143,-188,65-67,-2,-6,132,-11
1/13/25,New Orleans,Lamar,Away,12.5,147.5,650,68-62,6,18.5,130,-17.5
1/13/25,Alabama A&M,Jackson St,Away,7.5,143.5,310,93-103,-10,-2.5,196,52.5
1/13/25,Nicholls,Incarnate Word,Away,1.5,143,105,88-82,6,7.5,170,27
1/13/25,McNeese,Hou Christian,Away,-14.5,139,-1400,75-59,16,1.5,134,-5
1/13/25,Minnesota,Maryland,Away,15.5,138,900,71-77,-6,9.5,148,10
1/13/25,UCLA,Rutgers,Away,-4,138,-197,68-75,-7,-11,143,5
1/13/25,Boston College,Notre Dame,Away,11.5,139.5,500,60-78,-18,-6.5,138,-1.5
1/13/25,Maryland ES,S Carolina St,Away,13.5,145.5,725,64-78,-14,-0.5,142,-3.5
1/13/25,Norfolk St,Morgan St,Away,-9.5,154.5,-485,74-78,-4,-13.5,152,-2.5
1/13/25,Delaware St,NC Central,Away,6,147.5,220,72-75,-3,3,147,-0.5
1/13/25,E Texas A&M,UT Rio Grande,Away,12.5,149.5,600,55-57,-2,10.5,112,-37.5
1/13/25,SE Louisiana,SF Austin,Away,5.5,132.5,200,66-59,7,12.5,125,-7.5
1/13/25,Coppin St,Howard,Away,13,147.5,625,75-90,-15,-2,165,17.5
1/13/25,Bethune,Southern,Away,6.5,137.5,215,53-69,-16,-9.5,122,-15.5
1/13/25,NW State,Texas A&M-CC,Away,8.5,144.5,334,64-73,-9,-0.5,137,-7.5
1/13/25,Prairie View,AR-Pine Bluff,Away,-2.5,167,-148,75-64,11,8.5,139,-28
1/14/25,UTSA,Rice,Away,4,145.5,155,90-84,6,10,174,28.5
1/14/25,Wyoming,Boise St,Away,12.5,132.5,660,55-96,-41,-28.5,151,18.5
1/14/25,Evansville,N Iowa,Away,13.5,133,725,56-73,-17,-3.5,129,-4
1/14/25,Air Force,Nevada,Away,19.5,128,1450,62-68,-6,13.5,130,2
1/14/25,New Mexico,San Jose St,Away,-9.5,153.5,-520,70-71,-1,-10.5,141,-12.5
1/14/25,W Michigan,Kent St,Away,13,140,650,94-83,11,24,177,37
1/14/25,Toledo,Akron,Away,7.5,161.5,274,78-85,-7,0.5,163,1.5
1/14/25,Buffalo,Bowling Green,Away,8,157.5,295,61-79,-18,-10,140,-17.5
1/14/25,Ball St,Ohio,Away,9,150.5,381,71-86,-15,-6,157,6.5
1/14/25,Miami OH,N Illinois,Away,-10.5,148,-627,84-69,15,4.5,153,5
1/14/25,E Michigan,C Michigan,Away,8,142,320,63-82,-19,-11,145,3
1/14/25,Villanova,Xavier,Away,3,146,130,63-69,-6,-3,132,-14
1/14/25,N Texas,E Carolina,Away,-3,128,-155,69-60,9,6,129,1
1/14/25,Saint Louis,VCU,Away,10,147,400,62-78,-16,-6,140,-7
1/14/25,Louisville,Syracuse,Away,-8.5,153,-412,85-61,24,15.5,146,-7
1/14/25,Marquette,DePaul,Away,-13,147.5,-1100,85-83,2,-11,168,20.5
1/14/25,Illinois,Indiana,Away,-6,160,-249,94-69,25,19,163,3
1/14/25,Mississippi,Alabama,Away,12,163.5,550,74-64,10,22,138,-25.5
1/14/25,Mississippi St,Auburn,Away,7.5,150,270,66-88,-22,-14.5,154,4
1/14/25,Texas A&M,Kentucky,Away,7.5,157,246,69-81,-12,-4.5,150,-7
1/14/25,Charlotte,Wichita St,Away,10.5,149,474,59-68,-9,1.5,127,-22
1/14/25,Valparaiso,Belmont,Away,7,159,241,64-71,-7,0,135,-24
1/14/25,Georgetown,St John's,Away,9.5,143.5,406,58-63,-5,4.5,121,-22.5
1/14/25,Providence,Creighton,Away,9,146.5,357,64-84,-20,-11,148,1.5
1/14/25,Little Rock,SE Missouri St,Away,1.5,136,110,73-71,2,3.5,144,8
1/14/25,Texas Tech,Kansas St,Away,-7,144.5,-292,61-57,4,-3,118,-26.5
1/14/25,Oklahoma St,BYU,Away,14,146.5,750,69-85,-16,-2,154,7.5
1/14/25,Miami,Duke,Away,23.5,145.5,2200,54-89,-35,-11.5,143,-2.5
1/14/25,Clemson,Georgia Tech,Away,-6,144,-265,70-59,11,5,129,-15
1/14/25,Arkansas,LSU,Away,0,150,-110,74-78,-4,-4,152,2
1/14/25,Missouri,Florida,Away,10.5,154,461,83-82,1,11.5,165,11
1/14/25,Ohio St,Wisconsin,Away,6.5,149.5,243,68-70,-2,4.5,138,-11.5
1/14/25,Iowa,USC,Away,3,161.5,135,89-99,-10,-7,188,26.5
1/14/25,UCF,Arizona St,Away,4,149,148,95-89,6,10,184,35
1/14/25,Baylor,Arizona,Away,5.5,148.5,205,70-81,-11,-5.5,151,2.5
1/15/25,Utah St,UNLV,Away,-5.5,148.5,-245,62-65,-3,-8.5,127,-21.5
1/14/25,Colorado St,San Diego St,Away,7,133.5,260,60-75,-15,-8,135,1.5
1/15/25,Florida Atlantic,Tulane,Away,-1.5,153.5,-135,65-80,-15,-16.5,145,-8.5
1/15/25,Lafayette,Army,Away,1.5,137.5,-101,68-70,-2,-0.5,138,0.5
1/15/25,Lehigh,Boston U,Away,4,133,150,58-63,-5,-1,121,-12
1/15/25,Holy Cross,Bucknell,Away,5.5,134.5,205,82-86,-4,1.5,168,33.5
1/15/25,S Illinois,Missouri St,Away,1.5,135,105,73-51,22,23.5,124,-11
1/15/25,Georgia St,Texas St,Away,9.5,148,386,80-94,-14,-4.5,174,26
1/15/25,Southern Miss,S Alabama,Away,12.5,139,640,62-75,-13,-0.5,137,-2
1/15/25,Omaha,Denver,Away,-4.5,148.5,-210,80-62,18,13.5,142,-6.5
1/15/25,Samford,Mercer,Away,-5.5,165,-250,75-74,1,-4.5,149,-16
1/15/25,W Carolina,VMI,Away,1.5,147.5,107,50-66,-16,-14.5,116,-31.5
1/15/25,South Carolina,Vanderbilt,Away,9,142.5,340,63-66,-3,6,129,-13.5
1/15/25,SC Upstate,NC Asheville,Away,11.5,162,575,92-93,-1,10.5,185,23
1/15/25,Charleston So,Winthrop,Away,10.5,159.5,442,97-102,-5,5.5,199,39.5
1/15/25,Davidson,La Salle,Away,-2,149,-135,76-79,-3,-5,155,6
1/15/25,Stanford,Wake Forest,Away,6,141.5,216,67-80,-13,-7,147,5.5
1/15/25,California,North Carolina,Away,15.5,159.5,890,53-79,-26,-10.5,132,-27.5
1/15/25,NC State,Virginia Tech,Away,-1,134.5,-116,76-79,-3,-4,155,20.5
1/15/25,Richmond,St Bonaventure,Away,12.5,128.5,650,49-63,-14,-1.5,112,-16.5
1/15/25,UMass,Fordham,Away,1,154.5,-110,120-118,2,3,238,83.5
1/15/25,Duquesne,G Washington,Away,4,137.5,154,73-65,8,12,138,0.5
1/15/25,George Mason,Dayton,Away,8,134,260,67-59,8,16,126,-8
1/15/25,UAB,S Florida,Away,-2.5,157.5,-155,92-83,9,6.5,175,17.5
1/15/25,Kansas,Iowa St,Away,5.5,143.5,195,57-74,-17,-11.5,131,-12.5
1/16/25,High Point,Longwood,Away,-4,153,-183,80-82,-2,-6,162,9
1/15/25,Gardner-Webb,Radford,Away,5.5,145.5,205,75-79,-4,1.5,154,8.5
1/15/25,Wofford,Chattanooga,Away,2.5,145.5,120,81-83,-2,0.5,164,18.5
1/15/25,E Tennessee St,Furman,Away,4,141,150,70-73,-3,1,143,2
1/15/25,The Citadel,NC Greensboro,Away,16.5,131,900,57-70,-13,3.5,127,-4
1/15/25,N Kentucky,Cleveland St,Away,4.5,132.5,165,58-76,-18,-13.5,134,1.5
1/15/25,Purdue FW,Wright St,Away,-1.5,153.5,-125,120-113,7,5.5,233,79.5
1/15/25,Colgate,Navy,Away,-2.5,137,-150,73-66,7,4.5,139,2
1/15/25,IU Indy,Oakland,Away,9,134,370,59-72,-13,-4,131,-3
1/15/25,Seton Hall,Butler,Away,6,137,227,77-82,-5,1,159,22
1/15/25,Penn St,Michigan St,Away,11,152,508,85-90,-5,6,175,23
1/15/25,Troy,UL Monroe,Away,-13,136,-1050,77-58,19,6,135,-1
1/15/25,Utah,TCU,Away,4.5,143.5,158,73-65,8,12.5,138,-5.5
1/15/25,West Virginia,Houston,Away,16.5,125,1000,54-70,-16,0.5,124,-1
1/15/25,Murray St,Illinois Chicago,Away,2.5,139.5,135,93-97,-4,-1.5,190,50.5
1/15/25,Indiana St,Bradley,Away,8,155,302,65-118,-53,-45,183,28
1/15/25,Georgia,Tennessee,Away,12.5,134.5,582,56-74,-18,-5.5,130,-4.5
1/15/25,Cincinnati,Colorado,Away,-3.5,136.5,-170,68-62,6,2.5,130,-6.5
1/15/25,SMU,Virginia,Away,-5.5,134.5,-232,54-52,2,-3.5,106,-28.5
1/15/25,Pittsburgh,Florida St,Away,-3,147.5,-150,70-82,-12,-15,152,4.5
1/15/25,Rhode Island,Loyola Chi,Away,5,146.5,165,77-81,-4,1,158,11.5
1/15/25,Illinois St,Drake,Away,10.5,123.5,475,62-66,-4,6.5,128,4.5
1/15/25,Purdue,Washington,Away,-8,144,-356,69-58,11,3,127,-17
1/15/25,Texas,Oklahoma,Away,2.5,149.5,125,77-73,4,6.5,150,0.5
1/16/25,Montana St,Idaho St,Away,1.5,138,105,67-70,-3,-1.5,137,-1
1/16/25,Hofstra,Towson,Away,5,124.5,174,60-65,-5,0,125,0.5
1/16/25,Maine,NJIT,Away,-9.5,132,-538,57-44,13,3.5,101,-31
1/16/25,Bryant,Albany,Away,-3,160.5,-162,89-79,10,7,168,7.5
1/16/25,App State,Old Dominion,Away,-3,135,-162,62-43,19,16,105,-30
1/16/25,Sacramento St,N Arizona,Away,8,138,320,53-77,-24,-16,130,-8
1/16/25,Montana,Weber St,Away,-1,145.5,-115,63-59,4,3,122,-23.5
1/16/25,Georgia So,Coastal Car,Away,1.5,140,101,88-87,1,2.5,175,35
1/16/25,Stony Brook,Delaware,Away,10.5,148.5,440,74-84,-10,0.5,158,9.5
1/16/25,E Kentucky,Austin Peay,Away,-2.5,142.5,-155,90-97,-7,-9.5,187,44.5
1/16/25,Monmouth,NC A&T,Away,-2,152.5,-133,72-63,9,7,135,-17.5
1/16/25,UC Riverside,UCSB,Away,6,140.5,210,63-66,-3,3,129,-11.5
1/16/25,Elon,Drexel,Away,1.5,133.5,105,65-54,11,12.5,119,-14.5
1/16/25,North Dakota,S Dakota St,Away,12.5,157.5,575,73-109,-36,-23.5,182,24.5
1/16/25,Oral Roberts,South Dakota,Away,7.5,172,269,82-92,-10,-2.5,174,2
1/16/25,Pacific,Portland,Away,3.5,146.5,145,81-84,-3,0.5,165,18.5
1/16/25,San Francisco,Pepperdine,Away,-6.5,148,-285,80-63,17,10.5,143,-5
1/16/25,Washington St,San Diego,Away,-13,153.5,-1000,65-61,4,-9,126,-27.5
1/16/25,Utah Valley,UT Arlington,Away,1,145.5,-105,85-83,2,3,168,22.5
1/16/25,Cal Baptist,Tarleton St,Away,-3.5,131.5,-165,57-67,-10,-13.5,124,-7.5
1/16/25,SIU Edward,Tennessee St,Away,-1,141.5,-112,87-80,7,6,167,25.5
1/16/25,Kansas City,N Dakota St,Away,9,140,350,64-71,-7,2,135,-5
1/16/25,Marist,Saint Peter's,Away,1,121.5,103,56-51,5,6,107,-14.5
1/16/25,New Hampshire,UMBC,Away,13.5,152.5,700,79-76,3,16.5,155,2.5
1/16/25,Lipscomb,Bellarmine,Away,-14.5,144.5,-1400,87-53,34,19.5,140,-4.5
1/16/25,W Georgia,FGCU,Away,12.5,142.5,650,60-82,-22,-9.5,142,-0.5
1/16/25,Memphis,Temple,Away,-7,155.5,-303,81-88,-7,-14,169,13.5
1/16/25,N Alabama,Jacksonville,Away,-1,142.5,-115,60-64,-4,-5,124,-18.5
1/16/25,Queens,Stetson,Away,-4.5,156.5,-225,95-60,35,30.5,155,-1.5
1/16/25,Northeastern,NC Wilmington,Away,6.5,141,225,72-80,-8,-1.5,152,11
1/16/25,William & Mary,Hampton,Away,-3.5,151.5,-190,67-64,3,-0.5,131,-20.5
1/16/25,Charleston,Campbell,Away,-4.5,152.5,-192,67-61,6,1.5,128,-24.5
1/16/25,Marshall,J Madison,Away,6.5,145.5,240,64-67,-3,3.5,131,-14.5
1/16/25,Canisius,Iona,Away,11.5,140.5,518,61-82,-21,-9.5,143,2.5
1/16/25,Niagara,Fairfield,Away,2,134,113,66-70,-4,-2,136,2
1/16/25,Mt St Mary's,Rider,Away,-1,137.5,-123,60-66,-6,-7,126,-11.5
1/16/25,Sacred Heart,Siena,Away,1,143,-106,75-93,-18,-17,168,25
1/16/25,C Arkansas,N Florida,Away,12,158.5,475,80-92,-12,0,172,13.5
1/16/25,New Mexico St,Florida Intl,Away,-3,142.5,-160,59-52,7,4,111,-31.5
1/16/25,Merrimack,Quinnipiac,Away,4,135,165,76-81,-5,-1,157,22
1/16/25,Louisiana Tech,Jacksonville St,Away,-3.5,138.5,-160,61-63,-2,-5.5,124,-14.5
1/16/25,Sam Houston,Kennesaw St,Away,1.5,161.5,105,69-75,-6,-4.5,144,-17.5
1/16/25,Binghamton,Vermont,Away,10.5,126.5,475,64-72,-8,2.5,136,9.5
1/16/25,Michigan,Minnesota,Away,-10.5,145.5,-613,81-84,-3,-13.5,165,19.5
1/16/25,W Illinois,Morehead St,Away,8.5,130.5,310,47-51,-4,4.5,98,-32.5
1/16/25,Louisiana,Arkansas St,Away,16.5,148,1100,63-83,-20,-3.5,146,-2
1/16/25,Portland St,N Colorado,Away,9.5,153.5,370,69-72,-3,6.5,141,-12.5
1/16/25,Lindenwood,S Indiana,Away,1,142.5,-105,73-80,-7,-6,153,10.5
1/16/25,E Illinois,UT Martin,Away,5.5,136,215,63-68,-5,0.5,131,-5
1/16/25,SE Missouri St,Tenn Tech,Away,1.5,142.5,105,77-70,7,8.5,147,4.5
1/16/25,UTEP,Liberty,Away,8.5,134.5,330,72-70,2,10.5,142,7.5
1/16/25,Abl Christian,Grand Canyon,Away,13.5,144.5,750,58-88,-30,-16.5,146,1.5
1/16/25,Maryland,Northwestern,Away,-2,140.5,-142,74-76,-2,-4,150,9.5
1/16/25,Rutgers,Nebraska,Away,8.5,146.5,345,85-82,3,11.5,167,20.5
1/16/25,Utah Tech,Seattle,Away,11.5,140.5,525,62-82,-20,-8.5,144,3.5
1/16/25,Santa Clara,Loyola Mymt,Away,-4.5,149.5,-195,54-57,-3,-7.5,111,-38.5
1/16/25,UC Davis,Cal Poly,Away,5.5,157,198,65-54,11,16.5,119,-38
1/16/25,CS Fullerton,UC Irvine,Away,19,136,1300,62-82,-20,-1,144,8
1/16/25,UCSD,Long Beach St,Away,-14.5,136,-1350,80-54,26,11.5,134,-2
1/16/25,Gonzaga,Oregon St,Away,-9,151.5,-425,89-97,-8,-17,186,34.5
1/16/25,CS Northridge,Hawai'i,Away,3.5,146.5,155,83-60,23,26.5,143,-3.5
1/17/25,VCU,Saint Joseph's,Away,-3.5,143,-175,78-69,9,5.5,147,4
1/17/25,Robert Morris,Green Bay,Away,-6.5,144.5,-276,89-67,22,15.5,156,11.5
1/17/25,Providence,Villanova,Away,9.5,140.5,360,73-75,-2,7.5,148,7.5
1/17/25,DePaul,Georgetown,Away,6,137.5,245,73-68,5,11,141,3.5
1/17/25,Indiana,Ohio St,Away,8,149.5,290,77-76,1,9,153,3.5
1/17/25,Youngstown St,Milwaukee,Away,6,146.5,210,64-79,-15,-9,143,-3.5
1/17/25,Iowa,UCLA,Away,6,151.5,220,70-94,-24,-18,164,12.5
1/17/25,Boise St,New Mexico,Away,4,152.5,145,65-84,-19,-15,149,-3.5
1/18/25,Stony Brook,Towson,Away,13,131.5,660,49-53,-4,9,102,-29.5
1/18/25,Clemson,Pittsburgh,Away,3.5,142.5,145,78-75,3,6.5,153,10.5
1/18/25,Georgia Tech,Florida St,Away,9.5,146.5,395,78-91,-13,-3.5,169,22.5
1/18/25,SMU,Miami,Away,-6.5,155.5,-250,117-74,43,36.5,191,35.5
1/18/25,Duke,Boston College,Away,-23,138.5,-10000,88-63,25,2,151,12.5
1/18/25,Virginia,Louisville,Away,15,129.5,890,67-81,-14,1,148,18.5
1/18/25,SF Austin,Nicholls,Away,4,137.5,155,61-73,-12,-8,134,-3.5
1/18/25,Houston,UCF,Away,-13.5,138.5,-1200,69-68,1,-12.5,137,-1.5
1/18/25,Arizona,Texas Tech,Away,4.5,149.5,172,54-70,-16,-11.5,124,-25.5
1/18/25,N Texas,UTSA,Away,-8,136.5,-382,72-57,15,7,129,-7.5
1/18/25,Creighton,UConn,Away,7.5,146,280,68-63,5,12.5,131,-15
1/18/25,Portland St,N Arizona,Away,4,145,152,80-69,11,15,149,4
1/18/25,Sacramento St,N Colorado,Away,15.5,142.5,1100,64-68,-4,11.5,132,-10.5
1/18/25,Montana St,Weber St,Away,-1.5,136,-124,80-71,9,7.5,151,15
1/18/25,UMass Lowell,Bryant,Away,5.5,162.5,170,62-85,-23,-17.5,147,-15.5
1/18/25,App State,J Madison,Away,3,133.5,140,58-50,8,11,108,-25.5
1/18/25,New Hampshire,NJIT,Away,3.5,132,142,59-64,-5,-1.5,123,-9
1/18/25,C Connecticut,F Dickinson,Away,-5.5,139.5,-248,71-60,11,5.5,131,-8.5
1/18/25,Le Moyne,Chicago St,Away,-2.5,140.5,-148,72-88,-16,-18.5,160,19.5
1/18/25,Alcorn St,Texas So,Away,9.5,139.5,340,57-66,-9,0.5,123,-16.5
1/18/25,N Iowa,S Illinois,Away,-5,143,-204,49-73,-24,-29,122,-21
1/18/25,Illinois Chicago,Valparaiso,Away,-2,151,-126,81-74,7,5,155,4
1/18/25,Missouri St,Illinois St,Away,8.5,132,352,68-74,-6,2.5,142,10
1/18/25,Drake,Indiana St,Away,-7.5,138.5,-340,71-53,18,10.5,124,-14.5
1/18/25,Belmont,Evansville,Away,-5.5,147.5,-238,85-82,3,-2.5,167,19.5
1/18/25,UNLV,San Diego St,Away,10.5,133,453,76-68,8,18.5,144,11
1/18/25,San Jose St,Nevada,Away,13.5,138,675,64-75,-11,2.5,139,1
1/17/25,Air Force,Fresno St,Away,4,142,160,65-74,-9,-5,139,-3
1/18/25,Grambling,Southern,Away,10,133.5,370,60-67,-7,3,127,-6.5
1/18/25,American,Holy Cross,Away,-1.5,136,-130,74-65,9,7.5,139,3
1/18/25,Navy,Bucknell,Away,4.5,137.5,160,69-73,-4,0.5,142,4.5
1/18/25,Loyola MD,Lehigh,Away,2.5,142.5,115,76-60,16,18.5,136,-6.5
1/18/25,AR-Pine Bluff,Florida A&M,Away,6.5,157.5,227,76-86,-10,-3.5,162,4.5
1/18/25,St Francis PA,LIU,Away,5.5,132.5,180,51-64,-13,-7.5,115,-17.5
1/18/25,Boston U,Army,Away,2.5,131.5,120,62-68,-6,-3.5,130,-1.5
1/18/25,Oral Roberts,S Dakota St,Away,16.5,158.5,1000,70-84,-14,2.5,154,-4.5
1/17/25,Ohio,Akron,Away,3.5,163,140,80-92,-12,-8.5,172,9
1/18/25,Miami OH,Kent St,Away,5,142,190,70-61,9,14,131,-11
1/18/25,Toledo,Ball St,Away,1,155.5,-105,93-75,18,19,168,12.5
1/18/25,Chattanooga,Furman,Away,4.5,144.5,170,75-71,4,8.5,146,1.5
1/18/25,N Dakota St,South Dakota,Away,-3.5,169.5,-170,103-77,26,22.5,180,10.5
1/18/25,Denver,St Thomas,Away,15.5,152.5,950,62-74,-12,3.5,136,-16.5
1/18/25,Elon,Delaware,Away,-1,150.5,-115,77-79,-2,-3,156,5.5
1/18/25,UC Davis,UCSB,Away,8,136,300,64-60,4,12,124,-12
1/18/25,UCSD,UC Riverside,Away,-9,141,-460,81-85,-4,-13,166,25
1/18/25,E Illinois,Tennessee St,Away,5.5,142.5,200,65-84,-19,-13.5,149,6.5
1/20/25,William & Mary,NC Wilmington,Away,7,154.5,246,74-85,-11,-4,159,4.5
1/18/25,Cal Poly,UC Irvine,Away,14.5,152.5,890,71-101,-30,-15.5,172,19.5
1/18/25,Siena,Merrimack,Away,6.5,132,227,58-64,-6,0.5,122,-10
1/18/25,Buffalo,W Michigan,Away,8.5,153.5,319,85-76,9,17.5,161,7.5
1/18/25,E Michigan,Bowling Green,Away,6.5,153,236,68-62,6,12.5,130,-23
1/18/25,C Michigan,N Illinois,Away,-9,142.5,-470,71-66,5,-4,137,-5.5
1/18/25,Southern Miss,Texas St,Away,9,150,349,82-85,-3,6,167,17
1/18/25,Georgia So,Old Dominion,Away,2.5,147,120,67-63,4,6.5,130,-17
1/18/25,Troy,S Alabama,Away,3.5,131,143,63-64,-1,2.5,127,-4
1/18/25,Tarleton St,Grand Canyon,Away,15.5,136.5,950,64-88,-24,-8.5,152,15.5
1/18/25,S Utah,Seattle,Away,9.5,144,350,52-75,-23,-13.5,127,-17
1/18/25,Oregon St,San Francisco,Away,4,139.5,170,70-81,-11,-7,151,11.5
1/18/25,Saint Mary's,Pepperdine,Away,-13.5,140,-1200,74-50,24,10.5,124,-16
1/18/25,San Diego,Loyola Mymt,Away,11,140.5,525,70-77,-7,4,147,6.5
1/18/25,Texas,Florida,Away,10.5,154,472,60-84,-24,-13.5,144,-10
1/18/25,Alabama,Kentucky,Away,2,178,115,102-97,5,7,199,21
1/18/25,Mississippi,Mississippi St,Away,5.5,147.5,195,81-84,-3,2.5,165,17.5
1/18/25,Northeastern,Charleston,Away,6.5,151.5,226,85-87,-2,4.5,172,20.5
1/20/25,Hofstra,Drexel,Away,3,124.5,131,55-60,-5,-2,115,-9.5
1/18/25,South Carolina,Oklahoma,Away,7.5,141.5,266,62-82,-20,-12.5,144,2.5
1/18/25,E Washington,Idaho,Away,3,148,130,76-83,-7,-4,159,11
1/18/25,Texas A&M-CC,Incarnate Word,Away,-2,146.5,-142,69-63,6,4,132,-14.5
1/18/25,UT Rio Grande,Hou Christian,Away,-3.5,147.5,-173,57-66,-9,-12.5,123,-24.5
1/18/25,G Washington,George Mason,Away,8.5,136.5,320,77-80,-3,5.5,157,20.5
1/18/25,Kansas St,Kansas,Away,15,139.5,850,74-84,-10,5,158,18.5
1/18/25,Auburn,Georgia,Away,-5.5,146,-250,70-68,2,-3.5,138,-8
1/18/25,Oakland,Detroit Mercy,Away,-9,133.5,-450,65-59,6,-3,124,-9.5
1/18/25,The Citadel,VMI,Home,1,135.5,-110,70-75,-5,-4,145,9.5
1/18/25,Colgate,Lafayette,Away,-1,132,-122,90-67,23,22,157,25
1/18/25,Maine,UMBC,Away,2.5,151,130,87-62,25,27.5,149,-2
1/18/25,Mercyhurst,Wagner,Away,5.5,118.5,180,69-65,4,9.5,134,15.5
1/18/25,Arizona St,Cincinnati,Away,10.5,136.5,425,60-67,-7,3.5,127,-9.5
1/18/25,Wake Forest,Virginia Tech,Away,-4,137.5,-175,72-63,9,5,135,-2.5
1/18/25,St Bonaventure,Duquesne,Away,-1.5,129.5,-130,57-75,-18,-19.5,132,2.5
1/18/25,Davidson,Rhode Island,Away,2.5,148,124,90-92,-2,0.5,182,34
1/18/25,Niagara,Manhattan,Away,2,143,114,65-72,-7,-5,137,-6
1/18/25,Winthrop,NC Asheville,Away,-1,165.5,-108,84-93,-9,-10,177,11.5
1/18/25,Radford,Charleston So,Away,-2.5,142.5,-160,54-58,-4,-6.5,112,-30.5
1/18/25,Yale,Columbia,Away,-7.5,152.5,-350,92-88,4,-3.5,180,27.5
1/18/25,Cornell,Penn,Away,-7.5,158.5,-354,86-76,10,2.5,162,3.5
1/18/25,Harvard,Brown,Away,4,136.5,165,80-67,13,17,147,10.5
1/18/25,Princeton,Dartmouth,Away,-8,149,-365,81-80,1,-7,161,12
1/18/25,Albany,Binghamton,Away,-2,146.5,-138,70-65,5,3,135,-11.5
1/18/25,Xavier,Marquette,Away,10,149,430,59-57,2,12,116,-33
1/18/25,Kansas City,North Dakota,Away,2.5,145,126,72-76,-4,-1.5,148,3
1/18/25,Canisius,Fairfield,Away,9.5,141.5,375,78-67,11,20.5,145,3.5
1/18/25,Wright St,N Kentucky,Away,1.5,142.5,105,78-70,8,9.5,148,5.5
1/18/25,Saint Peter's,Sacred Heart,Away,3,135,119,66-61,5,8,127,-8
1/18/25,Monmouth,Campbell,Away,3,139.5,131,58-81,-23,-20,139,-0.5
1/18/25,UTEP,Florida Intl,Away,-2.5,138.5,-148,81-73,8,5.5,154,15.5
1/18/25,N Alabama,N Florida,Away,-2.5,163.5,-148,90-84,6,3.5,174,10.5
1/18/25,Queens,FGCU,Away,5,151,180,47-60,-13,-8,107,-44
1/18/25,Stanford,North Carolina,Away,12,154,583,72-71,1,13,143,-11
1/18/25,Saint Louis,Richmond,Away,-6.5,136.5,-275,63-59,4,-2.5,122,-14.5
1/18/25,Tulsa,S Florida,Away,9.5,148,360,56-63,-7,2.5,119,-29
1/18/25,Colorado,Oklahoma St,Away,3.5,145.5,145,73-83,-10,-6.5,156,10.5
1/18/25,C Arkansas,Jacksonville,Away,13.5,137,675,62-72,-10,3.5,134,-3
1/18/25,Louisiana,UL Monroe,Away,-1.5,140.5,-120,65-60,5,3.5,125,-15.5
1/18/25,NC Greensboro,W Carolina,Away,-6.5,138,-275,83-55,28,21.5,138,0
1/18/25,Wisconsin,USC,Away,1,151,-103,84-69,15,16,153,2
1/18/25,Purdue,Oregon,Away,2.5,147.5,114,65-58,7,9.5,123,-24.5
1/18/25,New Orleans,E Texas A&M,Away,5.5,144.5,205,82-73,9,14.5,155,10.5
1/18/25,Marshall,Coastal Car,Away,-3.5,137.5,-167,77-64,13,9.5,141,3.5
1/18/25,Georgia St,Arkansas St,Away,16.5,154.5,1000,59-85,-26,-9.5,144,-10.5
1/18/25,Lindenwood,Morehead St,Away,6,133.5,210,65-82,-17,-11,147,13.5
1/18/25,Tennessee,Vanderbilt,Away,-5.5,141.5,-250,75-76,-1,-6.5,151,9.5
1/18/25,Loyola Chi,Dayton,Away,10.5,141.5,429,81-83,-2,8.5,164,22.5
1/18/25,Notre Dame,Syracuse,Away,-4,146.5,-192,69-77,-8,-12,146,-0.5
1/18/25,SC Upstate,Gardner-Webb,Away,7,159.5,250,68-97,-29,-22,165,5.5
1/18/25,Utah Tech,Utah Valley,Away,13.5,140.5,725,80-96,-16,-2.5,176,35.5
1/18/25,Little Rock,Tenn Tech,Away,-1,139,-120,77-71,6,5,148,9
1/18/25,Quinnipiac,Mt St Mary's,Away,-3.5,146,-170,91-57,34,30.5,148,2
1/18/25,Colorado St,Wyoming,Away,-5,133.5,-210,79-63,16,11,142,8.5
1/18/25,Bradley,Murray St,Away,1,135.5,-107,74-61,13,14,135,-0.5
1/18/25,W Georgia,Stetson,Away,1.5,147,100,78-82,-4,-2.5,160,13
1/18/25,SIU Edward,UT Martin,Away,2,136.5,110,82-85,-3,-1,167,30.5
1/18/25,W Illinois,S Indiana,Away,4,135,145,66-78,-12,-8,144,9
1/18/25,SE Louisiana,NW State,Away,1,134.5,-105,65-64,1,2,129,-5.5
1/18/25,Iowa St,West Virginia,Away,-6.5,135.5,-300,57-64,-7,-13.5,121,-14.5
1/18/25,Sam Houston,Jacksonville St,Away,2,146.5,110,62-70,-8,-6,132,-14.5
1/18/25,Portland,Washington St,Away,17,155.5,1000,70-92,-22,-5,162,6.5
1/18/25,Louisiana Tech,Kennesaw St,Away,-2,146.5,-130,76-78,-2,-4,154,7.5
1/18/25,Alabama St,Alabama A&M,Away,-4.5,150,-192,69-65,4,-0.5,134,-16
1/18/25,Lamar,McNeese,Away,14.5,136,850,64-75,-11,3.5,139,3
1/18/25,Miss Valley St,Bethune,Away,24,132,2500,58-83,-25,-1,141,9
1/18/25,Jackson St,Prairie View,Away,-1,148.5,-120,79-70,9,8,149,0.5
1/18/25,California,NC State,Away,6,143.5,205,65-62,3,9,127,-16.5
1/18/25,Arkansas,Missouri,Away,5.5,149.5,201,65-83,-18,-12.5,148,-1.5
1/18/25,Mercer,Wofford,Away,7.5,149.5,275,49-69,-20,-12.5,118,-31.5
1/18/25,E Tennessee St,Samford,Away,6.5,153,218,65-60,5,11.5,125,-28
1/18/25,E Carolina,Wichita St,Away,4,148.5,150,75-72,3,7,147,-1.5
1/18/25,Presbyterian,High Point,Away,14.5,146.5,750,66-77,-11,3.5,143,-3.5
1/18/25,Cal Baptist,Abl Christian,Away,-1.5,140,-130,60-54,6,4.5,114,-26
1/18/25,W Kentucky,Middle Tenn,Away,6,157.5,190,57-71,-14,-8,128,-29.5
1/18/25,Rider,Marist,Away,8.5,128,316,64-57,7,15.5,121,-7
1/18/25,New Mexico St,Liberty,Away,6.5,134.5,240,60-68,-8,-1.5,128,-6.5
1/18/25,Austin Peay,Lipscomb,Away,15,136.5,850,60-88,-28,-13,148,11.5
1/18/25,CS Fullerton,Long Beach St,Away,5.5,138.5,190,83-67,16,21.5,150,11.5
1/18/25,Bellarmine,E Kentucky,Away,14.5,151.5,800,69-72,-3,11.5,141,-10.5
1/18/25,Montana,Idaho St,Away,2,141.5,114,61-86,-25,-23,147,5.5
1/18/25,St John's,Seton Hall,Away,-9.5,139.5,-468,79-51,28,18.5,130,-9.5
1/18/25,LSU,Texas A&M,Away,11,145.5,487,57-68,-11,0,125,-20.5
1/18/25,BYU,Utah,Away,-1,150.5,-122,72-73,-1,-2,145,-5.5
1/18/25,Santa Clara,Gonzaga,Away,15.5,162,950,103-99,4,19.5,202,40
1/19/25,TCU,Baylor,Away,12.5,137.5,670,74-71,3,15.5,145,7.5
1/19/25,Tulane,Temple,Away,4,148.5,155,77-80,-3,1,157,8.5
1/19/25,Rice,Florida Atlantic,Away,10,149.5,395,73-75,-2,8,148,-1.5
1/19/25,Memphis,Charlotte,Away,-11.5,147,-750,77-68,9,-2.5,145,-2
1/19/25,Nebraska,Maryland,Away,9.5,146.5,395,66-69,-3,6.5,135,-11.5
1/19/25,Illinois,Michigan St,Away,1,160,-103,78-80,-2,-1,158,-2
1/19/25,Youngstown St,Green Bay,Away,-7.5,143.5,-355,73-69,4,-3.5,142,-1.5
1/19/25,La Salle,UMass,Away,2.5,158,126,60-82,-22,-19.5,142,-16
1/19/25,Northwestern,Michigan,Away,9.5,147.5,390,76-80,-4,5.5,156,8.5
1/19/25,Cleveland St,IU Indy,Away,-6,140,-258,73-62,11,5,135,-5
1/19/25,Robert Morris,Milwaukee,Away,8.5,149.5,360,81-79,2,10.5,160,10.5
1/18/25,CS Bakersfield,Hawai'i,Away,6,136,235,70-81,-11,-5,151,15
1/20/25,Fresno St,New Mexico,Away,21.5,161,1600,67-95,-28,-6.5,162,1
1/20/25,E Washington,Montana St,Away,6,145.5,200,64-74,-10,-4,138,-7.5
1/20/25,UT Rio Grande,Incarnate Word,Away,3,146.5,160,85-78,7,10,163,16.5
1/20/25,Texas A&M-CC,Hou Christian,Away,-6,145.5,-250,72-76,-4,-10,148,2.5
1/20/25,St Francis PA,Wagner,Away,3,123.5,127,68-70,-2,1,138,14.5
1/20/25,Miss Valley St,Florida A&M,Away,14.5,137,825,53-83,-30,-15.5,136,-1
1/20/25,Jackson St,Texas So,Away,4.5,141.5,165,73-81,-8,-3.5,154,12.5
1/20/25,F Dickinson,Chicago St,Away,-3,145,-152,58-48,10,7,106,-39
1/20/25,Lamar,Nicholls,Away,4.5,141.5,152,78-74,4,8.5,152,10.5
1/20/25,Idaho,Montana,Away,5,149.5,179,67-72,-5,0,139,-10.5
1/20/25,Brown,Cornell,Away,8,154.5,290,83-82,1,9,165,10.5
1/20/25,Penn,Harvard,Away,7,142.5,265,82-67,15,22,149,6.5
1/20/25,Columbia,Princeton,Away,7.5,153.5,257,67-71,-4,3.5,138,-15.5
1/20/25,Mercyhurst,LIU,Away,7.5,125.5,260,63-72,-9,-1.5,135,9.5
1/20/25,Dartmouth,Yale,Away,16.5,152.5,1000,67-83,-16,0.5,150,-2.5
1/20/25,SE Louisiana,E Texas A&M,Away,-6.5,137.5,-270,76-68,8,1.5,144,6.5
1/20/25,Georgetown,Villanova,Away,7.5,135.5,275,64-63,1,8.5,127,-8.5
1/20/25,Rutgers,Penn St,Away,7,155,242,72-80,-8,-1,152,-3
1/20/25,AR-Pine Bluff,Bethune,Away,12.5,154.5,575,64-73,-9,3.5,137,-17.5
1/20/25,Stonehill,Le Moyne,Away,-1.5,142.5,-125,72-73,-1,-2.5,145,2.5
1/20/25,Bucknell,Colgate,Away,7.5,136.5,273,80-87,-7,0.5,167,30.5
1/20/25,SF Austin,McNeese,Away,14.5,133,875,59-79,-20,-5.5,138,5
1/20/25,Hampton,NC A&T,Away,-2.5,146,-140,74-73,1,-1.5,147,1
1/20/25,New Orleans,NW State,Away,9.5,143.5,350,61-73,-12,-2.5,134,-9.5
1/20/25,Alcorn St,Prairie View,Away,3.5,143,154,78-70,8,11.5,148,5
1/22/25,San Diego St,Air Force,Away,-14,130,-1400,77-76,1,-13,153,23
1/21/25,Missouri St,N Iowa,Away,9.5,134.5,410,68-79,-11,-1.5,147,12.5
1/22/25,Nevada,Utah St,Away,6,141.5,220,69-90,-21,-15,159,17.5
1/21/25,Ohio,E Michigan,Away,-8.5,154,-400,87-94,-7,-15.5,181,27
1/21/25,Akron,Buffalo,Away,-12.5,160.5,-946,90-58,32,19.5,148,-12.5
1/21/25,UT Martin,Tennessee St,Away,1.5,147,102,80-81,-1,0.5,161,14
1/21/25,Ball St,C Michigan,Away,4.5,139.5,155,82-80,2,6.5,162,22.5
1/21/25,Bowling Green,Miami OH,Away,9.5,149.5,397,76-84,-8,1.5,160,10.5
1/21/25,Kent St,Toledo,Away,1,149,100,83-64,19,20,147,-2
1/21/25,N Illinois,W Michigan,Away,10.5,150.5,480,70-72,-2,8.5,142,-8.5
1/21/25,VCU,Rhode Island,Away,-7,149.5,-307,81-57,24,17,138,-11.5
1/21/25,Dayton,Duquesne,Away,-3.5,131,-161,82-62,20,16.5,144,13
1/21/25,Saint Joseph's,Davidson,Away,-1.5,146.5,-120,78-61,17,15.5,139,-7.5
1/21/25,Boston College,Virginia,Away,8.5,124.5,305,56-74,-18,-9.5,130,5.5
1/21/25,George Mason,St Bonaventure,Away,1.5,125,100,75-62,13,14.5,137,12
1/21/25,Texas Tech,Cincinnati,Away,-1.5,133.5,-125,81-71,10,8.5,152,18.5
1/21/25,Vanderbilt,Alabama,Away,11.5,168.5,564,87-103,-16,-4.5,190,21.5
1/21/25,Butler,UConn,Away,13.5,142,725,78-80,-2,11.5,158,16
1/21/25,Mississippi St,Tennessee,Away,8.5,142,333,56-68,-12,-3.5,124,-18
1/21/25,UTSA,UAB,Away,12.5,161.5,654,78-81,-3,9.5,159,-2.5
1/21/25,Ohio St,Purdue,Away,10,140.5,417,73-70,3,13,143,2.5
1/21/25,Bradley,Belmont,Away,-2.5,156,-145,89-77,12,9.5,166,10
1/21/25,E Carolina,Tulsa,Away,-4.5,141.5,-205,85-76,9,4.5,161,19.5
1/22/25,Utah,Houston,Away,17,133,1000,36-70,-34,-17,106,-27
1/21/25,UCF,Iowa St,Away,16,154.5,900,83-108,-25,-9,191,36.5
1/21/25,Indiana St,Illinois St,Away,7.5,153,254,81-85,-4,3.5,166,13
1/21/25,Marquette,Seton Hall,Away,-13,138.5,-950,76-59,17,4,135,-3.5
1/21/25,Arizona St,West Virginia,Away,9,134,335,65-57,8,17,122,-12
1/21/25,Arizona,Oklahoma St,Away,-8.5,153.5,-400,92-78,14,5.5,170,16.5
1/21/25,Louisville,SMU,Away,2,158.5,117,98-73,25,27,171,12.5
1/21/25,North Carolina,Wake Forest,Away,1,148,-110,66-67,-1,0,133,-15
1/21/25,Creighton,DePaul,Away,-7,144,-325,73-49,24,17,122,-22
1/21/25,Minnesota,Iowa,Away,8.5,150.5,326,72-67,5,13.5,139,-11.5
1/21/25,Missouri,Texas,Away,3,148.5,135,53-61,-8,-5,114,-34.5
1/21/25,Wisconsin,UCLA,Away,3.5,142.5,147,83-85,-2,1.5,168,25.5
1/21/25,BYU,Colorado,Away,-5,147,-218,83-67,16,11,150,3
1/21/25,Washington,Oregon,Away,12.5,145.5,672,71-82,-11,1.5,153,7.5
1/21/25,Wyoming,UNLV,Away,8.5,133,322,63-61,2,10.5,124,-9
1/22/25,High Point,SC Upstate,Away,-15,161.5,-1400,86-77,9,-6,163,1.5
1/22/25,Murray St,S Illinois,Away,-1.5,137.5,-125,74-64,10,8.5,138,0.5
1/22/25,Lehigh,American,Away,6,135.5,220,67-68,-1,5,135,-0.5
1/22/25,Army,Holy Cross,Away,-1.5,142.5,-120,76-71,5,3.5,147,4.5
1/22/25,J Madison,Old Dominion,Away,-6.5,137,-278,74-60,14,7.5,134,-3
1/23/25,Coastal Car,Georgia So,Away,6,139.5,217,58-85,-27,-21,143,3.5
1/23/25,Texas St,Louisiana,Away,-5,141.5,-230,89-74,15,10,163,21.5
1/23/25,Denver,Oral Roberts,Away,5.5,147,200,70-68,2,7.5,138,-9
1/22/25,Furman,VMI,Away,-9.5,143.5,-468,82-91,-9,-18.5,173,29.5
1/22/25,Robert Morris,Youngstown St,Away,3,146,130,72-70,2,5,142,-4
1/22/25,NC Asheville,Gardner-Webb,Away,1.5,160.5,105,61-53,8,9.5,114,-46.5
1/22/25,Charleston So,Presbyterian,Away,2.5,139.5,130,61-71,-10,-7.5,132,-7.5
1/22/25,Longwood,Radford,Away,3.5,143.5,150,77-74,3,6.5,151,7.5
1/22/25,Kansas,TCU,Away,-7,136,-325,74-61,13,6,135,-1
1/22/25,S Florida,Charlotte,Away,-2,144,-140,61-69,-8,-10,130,-14
1/22/25,Syracuse,Clemson,Away,16,140,950,72-86,-14,2,158,18
1/22/25,Virginia Tech,Georgia Tech,Away,3.5,141,145,64-71,-7,-3.5,135,-6
1/22/25,La Salle,Saint Louis,Away,9.5,153,410,52-64,-12,-2.5,116,-37
1/22/25,G Washington,UMass,Away,1.5,154.5,110,61-74,-13,-11.5,135,-19.5
1/22/25,Detroit Mercy,Cleveland St,Away,14.5,138,825,50-65,-15,-0.5,115,-23
1/22/25,Purdue FW,Oakland,Away,1,144.5,-108,72-76,-4,-3,148,3.5
1/22/25,Milwaukee,Wright St,Away,2.5,154.5,120,95-79,16,18.5,174,19.5
1/22/25,Florida,South Carolina,Away,-11.5,146.5,-700,70-69,1,-10.5,139,-7.5
1/23/25,Samford,Chattanooga,Away,-2,154,-140,73-69,4,2,142,-12
1/22/25,The Citadel,Wofford,Away,15.5,134.5,950,68-79,-11,4.5,147,12.5
1/22/25,Mercer,NC Greensboro,Away,8.5,145.5,323,79-78,1,9.5,157,11.5
1/22/25,W Carolina,E Tennessee St,Away,14,142,825,58-85,-27,-13,143,1
1/22/25,Indiana,Northwestern,Away,5,140,180,70-79,-9,-4,149,9
1/22/25,Boston U,Navy,Away,1.5,131,106,47-62,-15,-13.5,109,-22
1/22/25,Lafayette,Loyola MD,Away,1.5,136.5,105,80-59,21,22.5,139,2.5
1/22/25,IU Indy,Green Bay,Away,-2.5,142.5,-140,86-77,9,6.5,163,20.5
1/22/25,Xavier,St John's,Away,7,148,260,71-79,-8,-1,150,2
1/22/25,Valparaiso,Drake,Away,13.5,128,850,71-81,-10,3.5,152,24
1/22/25,Boise St,Colorado St,Away,-1,140,-118,72-75,-3,-4,147,7
1/22/25,Fordham,Loyola Chi,Away,10,147,410,66-70,-4,6,136,-11
1/22/25,Temple,N Texas,Away,9.5,130.5,380,67-76,-9,0.5,143,12.5
1/22/25,Illinois Chicago,Evansville,Away,-5.5,142.5,-225,78-67,11,5.5,145,2.5
1/22/25,Kansas St,Baylor,Away,11.5,140.5,573,62-70,-8,3.5,132,-8.5
1/22/25,Florida St,California,Away,-3.5,148.5,-165,68-77,-9,-12.5,145,-3.5
1/22/25,USC,Nebraska,Away,6.5,144,245,78-73,5,11.5,151,7
1/22/25,Georgia,Arkansas,Away,1,140.5,-109,65-68,-3,-2,133,-7.5
1/22/25,Texas A&M,Mississippi,Away,3,141.5,137,63-62,1,4,125,-16.5
1/22/25,Miami,Stanford,Away,10.5,150,500,51-88,-37,-26.5,139,-11
1/23/25,NC A&T,Towson,Away,13.5,143.5,725,67-83,-16,-2.5,150,6.5
1/23/25,Pepperdine,Oregon St,Away,12.5,141.5,650,63-83,-20,-7.5,146,4.5
1/23/25,Loyola Mymt,Pacific,Away,-6,140.5,-258,73-68,5,-1,141,0.5
1/23/25,San Diego,Portland,Away,2.5,146.5,124,82-92,-10,-7.5,174,27.5
1/23/25,San Francisco,Saint Mary's,Away,10.5,134,400,51-71,-20,-9.5,122,-12
1/23/25,Monmouth,Elon,Away,10.5,138,443,71-83,-12,-1.5,154,16
1/23/25,Merrimack,Saint Peter's,Away,-1,120.5,-109,48-37,11,10,85,-35.5
1/23/25,Mt St Mary's,Siena,Away,3,137.5,137,68-82,-14,-11,150,12.5
1/23/25,St Thomas,Omaha,Away,-4,154.5,-175,78-89,-11,-15,167,12.5
1/23/25,Seattle,UT Arlington,Away,-1,145.5,-120,56-65,-9,-10,121,-24.5
1/23/25,S Dakota St,Kansas City,Away,-4,142.5,-190,65-64,1,-3,129,-13.5
1/23/25,Grand Canyon,S Utah,Away,-11,152.5,-625,74-59,15,4,133,-19.5
1/23/25,Utah Valley,Cal Baptist,Away,2.5,141,118,74-69,5,7.5,143,2
1/23/25,Tenn Tech,Tennessee St,Away,4.5,148.5,160,77-89,-12,-7.5,166,17.5
1/23/25,Marshall,Georgia St,Away,-6,152,-260,92-79,13,7,171,19
1/27/25,Southern Miss,Troy,Away,12,145,550,61-70,-9,3,131,-14
1/23/25,Hawai'i,UC Davis,Away,2,134,122,66-68,-2,0,134,0
1/23/25,UC Irvine,UC Riverside,Away,-6.5,143,-299,80-84,-4,-10.5,164,21
1/23/25,Drexel,Northeastern,Away,4,135,160,61-70,-9,-5,131,-4
1/23/25,Delaware,Hofstra,Away,4.5,140.5,173,68-93,-25,-20.5,161,20.5
1/23/25,Campbell,Stony Brook,Away,-2.5,137.5,-157,79-54,25,22.5,133,-4.5
1/23/25,NC Wilmington,Charleston,Away,2,155.5,117,85-83,2,4,168,12.5
1/23/25,N Arizona,E Washington,Away,2.5,149,118,70-61,9,11.5,131,-18
1/23/25,UMBC,Albany,Away,4,161.5,155,92-87,5,9,179,17.5
1/23/25,N Colorado,Idaho,Away,-4,152.5,-165,76-77,-1,-5,153,0.5
1/23/25,Kennesaw St,New Mexico St,Away,6.5,151.5,240,69-56,13,19.5,125,-26.5
1/23/25,Maine,UMass Lowell,Away,4.5,145.5,170,86-85,1,5.5,171,25.5
1/23/25,FGCU,Bellarmine,Away,-11.5,141,-800,77-61,16,4.5,138,-3
1/23/25,Marist,Niagara,Away,-4,125.5,-192,67-65,2,-2,132,6.5
1/23/25,Jacksonville,W Georgia,Away,-10.5,138.5,-575,79-62,17,6.5,141,2.5
1/23/25,Wichita St,Memphis,Away,11.5,156.5,592,53-61,-8,3.5,114,-42.5
1/23/25,Stetson,E Kentucky,Away,11.5,154.5,525,67-66,1,12.5,133,-21.5
1/23/25,Lipscomb,N Alabama,Away,-1,147,-112,64-74,-10,-11,138,-9
1/23/25,W Kentucky,Louisiana Tech,Away,5.5,145.5,200,67-77,-10,-4.5,144,-1.5
1/23/25,N Florida,Queens,Away,4.5,167,180,90-81,9,13.5,171,4
1/23/25,Fairfield,Manhattan,Away,2.5,144.5,127,87-84,3,5.5,171,26.5
1/23/25,Sacred Heart,Canisius,Away,-6,150.5,-275,93-84,9,3,177,26.5
1/23/25,Iona,Rider,Away,-2.5,138,-145,73-67,6,3.5,140,2
1/23/25,Hampton,William & Mary,Away,7,148,250,83-94,-11,-4,177,29
1/23/25,NJIT,Vermont,Away,15.5,121.5,,64-68,-4,11.5,132,10.5
1/23/25,Bryant,New Hampshire,Away,-15,149.5,-1400,95-76,19,4,171,21.5
1/27/25,S Alabama,UL Monroe,Away,-12,134,-850,66-77,-11,-23,143,9
1/23/25,Middle Tenn,Sam Houston,Away,-1.5,149.5,-127,77-75,2,0.5,152,2.5
1/23/25,Austin Peay,C Arkansas,Away,-1.5,135.5,-115,73-71,2,0.5,144,8.5
1/23/25,South Dakota,North Dakota,Away,4,175.5,157,102-93,9,13,195,19.5
1/23/25,Tarleton St,Abl Christian,Away,4,129,160,56-67,-11,-7,123,-6
1/23/25,App State,Arkansas St,Away,7.5,138.5,283,55-65,-10,-2.5,120,-18.5
1/23/25,Morehead St,E Illinois,Away,-4.5,129.5,-192,73-66,7,2.5,139,9.5
1/23/25,SE Missouri St,Lindenwood,Away,-1.5,141.5,-125,68-72,-4,-5.5,140,-1.5
1/23/25,Little Rock,W Illinois,Away,-4,130,-192,62-51,11,7,113,-17
1/23/25,S Indiana,SIU Edward,Away,7,137,260,76-82,-6,1,158,21
1/23/25,Jacksonville St,UTEP,Away,7,137,230,73-66,7,14,139,2
1/23/25,Maryland,Illinois,Away,6.5,157.5,230,91-70,21,27.5,161,3.5
1/23/25,Idaho St,Sacramento St,Away,-5.5,129,-235,71-75,-4,-9.5,146,17
1/23/25,Weber St,Portland St,Away,3.5,139.5,145,56-74,-18,-14.5,130,-9.5
1/23/25,Long Beach St,CS Northridge,Away,13.5,146.5,725,76-86,-10,3.5,162,15.5
1/23/25,UCSB,UCSD,Away,10,137.5,430,63-77,-14,-4,140,2.5
1/23/25,CS Bakersfield,CS Fullerton,Away,-4.5,142.5,-195,71-68,3,-1.5,139,-3.5
1/23/25,Washington St,Santa Clara,Away,5,159,187,65-93,-28,-23,158,-1
1/24/25,LIU,St Francis PA,Away,1.5,128,101,64-74,-10,-8.5,138,10
1/24/25,Chicago St,Stonehill,Away,10,132.5,425,73-75,-2,8,148,15.5
1/24/25,C Connecticut,Le Moyne,Away,-5.5,136.5,-278,93-70,23,17.5,163,26.5
1/24/25,Wagner,Mercyhurst,Away,-1.5,118.5,-125,66-71,-5,-6.5,137,18.5
1/24/25,Villanova,Marquette,Away,9.5,142,387,74-87,-13,-3.5,161,19
1/24/25,Milwaukee,N Kentucky,Away,1,142,-113,79-59,20,21,138,-4
1/24/25,Kent St,Ohio,Away,-1.5,144,-130,59-61,-2,-3.5,120,-24
1/24/25,Saint Joseph's,Dayton,Away,4.5,142.5,170,72-77,-5,-0.5,149,6.5
1/24/25,Michigan,Purdue,Away,4,151,155,64-91,-27,-23,155,4
1/24/25,St Bonaventure,VCU,Away,12.5,134,627,61-75,-14,-1.5,136,2
1/24/25,Penn St,Iowa,Away,4,169,160,75-76,-1,3,151,-18
1/24/25,UCLA,Washington,Away,-5.5,138.5,-235,65-60,5,-0.5,125,-13.5
1/25/25,Miami,California,Away,9,150.5,360,94-98,-4,5,192,41.5
1/25/25,SMU,NC State,Away,-3,147,-150,63-57,6,3,120,-27
1/25/25,Pittsburgh,Syracuse,Away,-8,150,-375,77-73,4,-4,150,0
1/25/25,Colorado St,Fresno St,Away,-11,147.5,-740,69-64,5,-6,133,-14.5
1/25/25,N Iowa,Indiana St,Away,-3.5,155,-175,74-56,18,14.5,130,-25
1/25/25,Wyoming,San Jose St,Away,3,133,134,58-67,-9,-6,125,-8
1/25/25,Drake,Missouri St,Away,-8.5,118.5,-410,69-62,7,-1.5,131,12.5
1/25/25,Evansville,Valparaiso,Away,7.5,141.5,260,78-68,10,17.5,146,4.5
1/25/25,Bucknell,Boston U,Away,1,125.5,-105,82-85,-3,-2,167,41.5
1/25/25,Lafayette,Lehigh,Away,-1,136,-122,47-86,-39,-40,133,-3
1/25/25,Grambling,Miss Valley St,Away,-17,129.5,-1800,65-54,11,-6,119,-10.5
1/25/25,Bethune,Jackson St,Away,2.5,139.5,120,81-86,-5,-2.5,167,27.5
1/25/25,Southern,AR-Pine Bluff,Away,-12,154.5,-954,83-67,16,4,150,-4.5
1/25/25,Utah St,Air Force,Away,-14.5,140.5,-1200,87-58,29,14.5,145,4.5
1/25/25,San Diego St,Nevada,Away,2.5,130.5,124,69-50,19,21.5,119,-11.5
1/25/25,Montana St,Montana,Away,3.5,143.5,155,70-77,-7,-3.5,147,3.5
1/25/25,Colgate,American,Away,-2,134,-138,77-81,-4,-6,158,24
1/25/25,Florida A&M,Alcorn St,Away,4,138.5,154,65-64,1,5,129,-9.5
1/25/25,Binghamton,Bryant,Away,15,152,650,69-83,-14,1,152,0
1/25/25,NJIT,Albany,Away,12,139,577,62-68,-6,6,130,-9
1/25/25,N Arizona,Idaho,Away,3,147.5,140,80-72,8,11,152,4.5
1/25/25,E Texas A&M,Lamar,Away,9.5,136,415,58-61,-3,6.5,119,-17
1/25/25,Weber St,Sacramento St,Away,-3,130,-147,87-81,6,3,168,38
1/25/25,J Madison,Georgia St,Away,-8,146.5,-357,86-79,7,-1,165,18.5
1/25/25,Buffalo,E Michigan,Away,6,152,207,77-90,-13,-7,167,15
1/25/25,Coastal Car,Old Dominion,Away,4.5,133,158,52-74,-22,-17.5,126,-7
1/25/25,Ball St,N Illinois,Away,-6.5,148,-264,66-76,-10,-16.5,142,-6
1/25/25,Southern Miss,Louisiana,Away,-2,148,-130,67-59,8,6,126,-22
1/25/25,S Alabama,Troy,Away,4,132,159,55-65,-10,-6,120,-12
1/24/25,Toledo,Bowling Green,Away,-2.5,158,-147,84-71,13,10.5,155,-3
1/25/25,Miami OH,Akron,Away,8,156.5,280,75-102,-27,-19,177,20.5
1/25/25,Campbell,Hofstra,Away,6.5,130.5,238,69-67,2,8.5,136,5.5
1/25/25,NC A&T,Stony Brook,Away,2,146,114,74-89,-15,-13,163,17
1/25/25,Charleston,Elon,Away,3,150,136,76-62,14,17,138,-12
1/27/25,Towson,Northeastern,Away,1,134,-102,75-65,10,11,140,6
1/25/25,Delaware,Drexel,Away,4.5,145,168,54-67,-13,-8.5,121,-24
1/25/25,Monmouth,William & Mary,Away,8,156,310,73-78,-5,3,151,-5
1/25/25,San Diego,San Francisco,Away,17.5,145,1100,69-81,-12,5.5,150,5
1/25/25,Santa Clara,Oregon St,Away,2,147,113,69-83,-14,-12,152,5
1/25/25,Pacific,Pepperdine,Away,7.5,147.5,279,44-60,-16,-8.5,104,-43.5
1/25/25,Gonzaga,Portland,Away,-24.5,162,-9000,105-62,43,18.5,167,5
1/25/25,Utah Valley,Seattle,Away,5,137,180,70-66,4,9,136,-1
1/25/25,Cal Baptist,S Utah,Away,-4,143,-190,76-60,16,12,136,-7
1/25/25,South Dakota,S Dakota St,Away,12.5,172.5,640,71-90,-19,-6.5,161,-11.5
1/25/25,St Thomas,Kansas City,Away,-2,143.5,-133,68-65,3,1,133,-10.5
1/25/25,Omaha,Oral Roberts,Away,-4.5,154,-184,84-76,8,3.5,160,6
1/25/25,W Michigan,C Michigan,Away,5,145,180,52-73,-21,-16,125,-20
1/25/25,Furman,Mercer,Away,-2,153.5,-135,79-74,5,3,153,-0.5
1/25/25,N Colorado,E Washington,Away,-5,152.5,-218,67-62,5,0,129,-23.5
1/25/25,Hou Christian,New Orleans,Away,-2,147.5,-130,86-76,10,8,162,14.5
1/25/25,Chattanooga,E Tennessee St,Away,4,142.5,154,71-63,8,12,134,-8.5
1/25/25,Georgetown,Providence,Away,-1,138.5,-122,68-78,-10,-11,146,7.5
1/25/25,S Florida,E Carolina,Away,5,142,188,55-64,-9,-4,119,-23
1/25/25,UMBC,Vermont,Away,5,139.5,184,80-63,17,22,143,3.5
1/25/25,W Carolina,The Citadel,Away,1,138.5,-102,80-78,2,3,158,19.5
1/25/25,NC Greensboro,VMI,Away,-7.5,141.5,-340,60-57,3,-4.5,117,-24.5
1/25/25,Mississippi St,South Carolina,Away,-7,139,-305,65-60,5,-2,125,-14
1/25/25,Jacksonville,Queens,Away,-1,146,-115,87-77,10,9,164,18
1/25/25,Marist,Canisius,Away,-8.5,132,-405,70-47,23,14.5,117,-15
1/25/25,Detroit Mercy,Wright St,Away,13.5,147,750,50-67,-17,-3.5,117,-30
1/25/25,Siena,Iona,Away,5,137.5,180,68-72,-4,1,140,2.5
1/25/25,Michigan St,Rutgers,Away,-8,152,-360,81-74,7,-1,155,3
1/25/25,Seton Hall,Creighton,Away,15,134.5,900,54-79,-25,-10,133,-1.5
1/25/25,Iowa St,Arizona St,Away,-10,146,-550,76-61,15,5,137,-9
1/25/25,Tulane,Rice,Away,1,141,-109,82-71,11,12,153,12
1/25/25,Saint Louis,G Washington,Away,-1,147.5,-110,61-67,-6,-7,128,-19.5
1/25/25,Winthrop,High Point,Away,9.5,161.5,403,62-84,-22,-12.5,146,-15.5
1/25/25,Rhode Island,La Salle,Away,-1.5,156.5,-118,64-70,-6,-7.5,134,-22.5
1/25/25,N Florida,W Georgia,Away,-7.5,159.5,-345,72-92,-20,-27.5,164,4.5
1/25/25,Purdue FW,IU Indy,Away,-8,151,-377,91-80,11,3,171,20
1/25/25,Illinois St,Bradley,Away,8.5,141.5,360,57-61,-4,4.5,118,-23.5
1/25/25,New Hampshire,UMass Lowell,Away,15.5,148.5,950,80-97,-17,-1.5,177,28.5
1/25/25,Dartmouth,Brown,Away,5.5,145.5,200,84-83,1,6.5,167,21.5
1/25/25,Cornell,Princeton,Away,4,158.5,153,85-76,9,13,161,2.5
1/25/25,Holy Cross,Loyola MD,Away,3.5,142,140,70-65,5,8.5,135,-7
1/25/25,Columbia,Penn,Away,-3,152.5,-155,78-93,-15,-18,171,18.5
1/25/25,Harvard,Yale,Away,13.5,142.5,790,55-84,-29,-15.5,139,-3.5
1/25/25,Oakland,Robert Morris,Away,1.5,136,105,71-73,-2,-0.5,144,8
1/25/25,Sacred Heart,Niagara,Away,1.5,142.5,107,86-77,9,10.5,163,20.5
1/25/25,Rider,Quinnipiac,Away,11.5,143.5,512,64-75,-11,0.5,139,-4.5
1/25/25,Lipscomb,C Arkansas,Away,-13.5,143,-900,68-55,13,-0.5,123,-20
1/25/25,Boston College,North Carolina,Away,19.5,149,1200,96-102,-6,13.5,198,49
1/25/25,Texas A&M,Texas,Away,1,140,-108,69-70,-1,0,139,-1
1/25/25,Kentucky,Vanderbilt,Away,-2.5,164.5,-150,69-74,-5,-7.5,143,-21.5
1/25/25,Colorado,Arizona,Away,14.5,149.5,900,63-78,-15,-0.5,141,-8.5
1/25/25,New Mexico,UNLV,Away,-4,149,-170,75-73,2,-2,148,-1
1/25/25,SC Upstate,Longwood,Away,11,157.5,519,54-80,-26,-15,134,-23.5
1/25/25,Texas St,Arkansas St,Away,10,150,390,65-80,-15,-5,145,-5
1/25/25,Marshall,Georgia So,Away,-2,151.5,-134,71-67,4,2,138,-13.5
1/25/25,Green Bay,Cleveland St,Away,15,139.5,890,66-81,-15,0,147,7.5
1/25/25,App State,UL Monroe,Away,-10.5,131,-632,66-58,8,-2.5,124,-7
1/25/25,S Illinois,Illinois Chicago,Away,6.5,147,245,89-85,4,10.5,174,27
1/25/25,Stetson,Bellarmine,Away,1,146.5,-103,81-76,5,6,157,10.5
1/25/25,NC Asheville,Charleston So,Away,-3.5,151,-167,69-61,8,4.5,130,-21
1/25/25,Incarnate Word,SE Louisiana,Away,3.5,140.5,145,63-86,-23,-19.5,149,8.5
1/25/25,W Kentucky,Sam Houston,Away,3,153,137,75-66,9,12,141,-12
1/25/25,Georgia,Florida,Away,11.5,148.5,500,59-89,-30,-18.5,148,-0.5
1/25/25,S Carolina St,NC Central,Away,1.5,146.5,108,77-82,-5,-3.5,159,12.5
1/25/25,TCU,UCF,Away,3.5,148.5,146,58-85,-27,-23.5,143,-5.5
1/25/25,Temple,UTSA,Away,-2.5,157,-141,79-88,-9,-11.5,167,10
1/25/25,UT Arlington,Abl Christian,Away,1,144,-110,79-76,3,4,155,11
1/25/25,FGCU,E Kentucky,Away,-2,145.5,-135,77-81,-4,-6,158,12.5
1/25/25,Manhattan,Mt St Mary's,Away,3,148.5,130,74-64,10,13,138,-10.5
1/25/25,Howard,Norfolk St,Away,11.5,151.5,525,75-92,-17,-5.5,167,15.5
1/25/25,Delaware St,Maryland ES,Away,-4,146,-186,73-66,7,3,139,-7
1/25/25,Coppin St,Morgan St,Away,9.5,152,371,64-80,-16,-6.5,144,-8
1/25/25,Oregon,Minnesota,Away,-4,138.5,-188,69-77,-8,-12,146,7.5
1/25/25,Belmont,Murray St,Away,4,150.5,160,95-77,18,22,172,21.5
1/25/25,DePaul,Butler,Away,6,144,210,69-86,-17,-11,155,11
1/25/25,Baylor,Utah,Away,-2.5,143.5,-149,76-61,15,12.5,137,-6.5
1/25/25,Duke,Wake Forest,Away,-11.5,136,-715,63-56,7,-4.5,119,-17
1/25/25,Radford,Presbyterian,Away,-2.5,135.5,-155,82-69,13,10.5,151,15.5
1/25/25,Nicholls,Texas A&M-CC,Away,4,151,170,57-61,-4,0,118,-33
1/25/25,Tenn Tech,UT Martin,Away,6,144.5,215,89-85,4,10,174,29.5
1/25/25,SE Missouri St,W Illinois,Away,-3,133,-156,72-51,21,18,123,-10
1/25/25,Little Rock,Lindenwood,Away,-2.5,135,-140,78-46,32,29.5,124,-11
1/25/25,S Indiana,E Illinois,Away,0,139,-105,64-60,4,4,124,-15
1/25/25,Middle Tenn,Louisiana Tech,Away,2.5,141,124,69-75,-6,-3.5,144,3
1/25/25,Morehead St,SIU Edward,Away,2,130,115,54-65,-11,-9,119,-11
1/25/25,Clemson,Virginia Tech,Away,-8.5,135,-410,72-57,15,6.5,129,-6
1/25/25,Long Beach St,Cal Poly,Away,6.5,152.5,230,69-78,-9,-2.5,147,-5.5
1/25/25,North Dakota,N Dakota St,Away,9.5,160,410,82-87,-5,4.5,169,9
1/25/25,Texas So,Alabama A&M,Away,-5,149,-216,82-78,4,-1,160,11
1/25/25,Idaho St,Portland St,Away,2,140.5,112,59-76,-17,-15,135,-5.5
1/25/25,Prairie View,Alabama St,Away,7.5,151.5,262,63-66,-3,4.5,129,-22.5
1/25/25,McNeese,UT Rio Grande,Away,-9.5,144.5,-549,93-63,30,20.5,156,11.5
1/25/25,West Virginia,Kansas St,Away,2.5,131,135,60-73,-13,-10.5,133,2
1/25/25,NW State,SF Austin,Away,3.5,131,136,57-54,3,6.5,111,-20
1/25/25,Davidson,Richmond,Away,-4.5,133.5,-210,72-66,6,1.5,138,4.5
1/25/25,Mississippi,Missouri,Away,3.5,144.5,142,75-83,-8,-4.5,158,13.5
1/25/25,Liberty,Florida Intl,Away,-7,138.5,-305,82-59,23,16,141,2.5
1/25/25,Wofford,Samford,Away,5.5,149,200,61-77,-16,-10.5,138,-11
1/25/25,Notre Dame,Virginia,Away,-2,126.5,-135,74-59,15,13,133,6.5
1/25/25,Houston,Kansas,Away,1,127.5,-106,92-86,6,7,178,50.5
1/25/25,Florida St,Stanford,Away,4.5,147.5,160,71-78,-7,-2.5,149,1.5
1/25/25,Hampton,NC Wilmington,Away,11,140,500,62-83,-21,-10,145,5
1/25/25,Merrimack,Fairfield,Away,-4,131,-180,75-54,21,17,129,-2
1/25/25,Austin Peay,N Alabama,Away,12.5,141.5,600,84-88,-4,8.5,172,30.5
1/25/25,Saint Mary's,Washington St,Away,-6,142,-237,80-75,5,-1,155,13
1/25/25,UConn,Xavier,Away,1.5,141,108,72-76,-4,-2.5,148,7
1/25/25,Tennessee,Auburn,Away,7,142,250,51-53,-2,5,104,-38
1/25/25,Oklahoma,Arkansas,Away,3.5,147.5,142,65-62,3,6.5,127,-20.5
1/25/25,LSU,Alabama,Away,17.5,167,1250,73-80,-7,10.5,153,-14
1/25/25,Grand Canyon,Utah Tech,Away,-13.5,148.5,-1200,79-66,13,-0.5,145,-3.5
1/25/25,Kennesaw St,UTEP,Away,5,149,182,71-73,-2,3,144,-5
1/25/25,Jacksonville St,New Mexico St,Away,4.5,136.5,164,65-59,6,10.5,124,-12.5
1/25/25,UCSB,CS Fullerton,Away,-8,141.5,-367,83-75,8,0,158,16.5
1/25/25,UC Riverside,CS Bakersfield,Away,1,145.5,103,83-79,4,5,162,16.5
1/25/25,Cincinnati,BYU,Away,6.5,137,250,52-80,-28,-21.5,132,-5
1/25/25,Hawai'i,UC Irvine,Away,11,138.5,500,55-71,-16,-5,126,-12.5
1/25/25,CS Northridge,UCSD,Away,10,150,425,54-79,-25,-15,133,-17
1/26/25,Wichita St,Tulsa,Away,-5,146.5,-202,77-84,-7,-12,161,14.5
1/26/25,Duquesne,Fordham,Away,-3,138.5,-160,63-65,-2,-5,128,-10.5
1/26/25,Chicago St,C Connecticut,Away,14.5,129.5,900,64-81,-17,-2.5,145,15.5
1/26/25,F Dickinson,Stonehill,Away,1,144,-102,65-54,11,12,119,-25
1/26/25,Navy,Army,Away,2.5,142,136,66-53,13,15.5,119,-23
1/26/25,Maryland,Indiana,Away,-2.5,149.5,-142,79-78,1,-1.5,157,7.5
1/26/25,Wagner,St Francis PA,Away,2.5,124.5,123,68-66,2,4.5,134,9.5
1/26/25,UAB,Memphis,Away,7,158.5,255,77-100,-23,-16,177,18.5
1/26/25,Nebraska,Wisconsin,Away,7.5,150,280,55-83,-28,-20.5,138,-12
1/26/25,LIU,Mercyhurst,Away,-2.5,126,-142,80-85,-5,-7.5,165,39
1/26/25,Florida Atlantic,N Texas,Away,8,136.5,300,64-77,-13,-5,141,4.5
1/26/25,Oklahoma St,Texas Tech,Away,18,146.5,1200,54-64,-10,8,118,-28.5
1/26/25,Northwestern,Illinois,Away,8,152,285,74-83,-9,-1,157,5
1/27/25,Texas So,Alabama St,Away,3.5,146.5,154,80-69,11,14.5,149,2.5
1/27/25,Grambling,AR-Pine Bluff,Away,-5,148.5,-228,81-77,4,-1,158,9.5
1/27/25,NW State,Lamar,Away,5,130.5,178,59-69,-10,-5,128,-2.5
1/27/25,Bethune,Alcorn St,Away,-2.5,134,-144,61-70,-9,-11.5,131,-3
1/27/25,Southern,Miss Valley St,Away,-23,133,-9000,63-42,21,-2,105,-28
1/27/25,Florida A&M,Jackson St,Away,8.5,142,320,72-62,10,18.5,134,-8
1/27/25,Holy Cross,Boston U,Away,3.5,130.5,140,59-69,-10,-6.5,128,-2.5
1/27/25,Incarnate Word,New Orleans,Away,-6.5,150,-280,74-58,16,9.5,132,-18
1/27/25,Hou Christian,SE Louisiana,Away,6.5,140,230,70-62,8,14.5,132,-8
1/27/25,Penn St,Michigan,Away,8.5,159.5,330,72-76,-4,4.5,148,-11.5
1/27/25,E Texas A&M,SF Austin,Away,9.5,128.5,371,72-79,-7,2.5,151,22.5
1/27/25,Nicholls,UT Rio Grande,Away,2.5,149.5,120,82-75,7,9.5,157,7.5
1/27/25,Prairie View,Alabama A&M,Away,2.5,151.5,120,82-98,-16,-13.5,180,28.5
1/27/25,McNeese,Texas A&M-CC,Away,-8,144.5,-355,74-73,1,-7,147,2.5
1/27/25,Iowa,Ohio St,Away,7,156.5,260,65-82,-17,-10,147,-9.5
1/27/25,NC State,Duke,Away,22,134.5,1600,64-74,-10,12,138,3.5
1/27/25,UCLA,USC,Away,-1.5,138.5,-125,82-76,6,4.5,158,19.5
1/27/25,Iowa St,Arizona,Away,2.5,153,127,75-86,-11,-8.5,161,8
1/28/25,San Jose St,San Diego St,Away,14,135.5,800,68-71,-3,11,139,3.5
1/28/25,S Illinois,Valparaiso,Away,-1,149,-120,79-75,4,3,154,5
1/28/25,Fresno St,Wyoming,Away,8.5,139,320,72-83,-11,-2.5,155,16
1/28/25,Air Force,Colorado St,Away,16,134,1100,58-79,-21,-5,137,3
1/28/25,E Michigan,Miami OH,Away,9,152.5,360,80-89,-9,0,169,16.5
1/28/25,W Michigan,Ball St,Away,4.5,151,175,74-71,3,7.5,145,-6
1/28/25,C Michigan,Buffalo,Away,-6.5,144.5,-272,69-75,-6,-12.5,144,-0.5
1/28/25,Bowling Green,Kent St,Away,12,141,595,57-75,-18,-6,132,-9
1/28/25,Akron,N Illinois,Away,-15.5,154.5,-1600,80-70,10,-5.5,150,-4.5
1/28/25,St John's,Georgetown,Away,-5,139.5,-210,66-41,25,20,107,-32.5
1/28/25,Rice,S Florida,Away,6,143,212,64-69,-5,1,133,-10
1/28/25,Wake Forest,Louisville,Away,9.5,144,370,59-72,-13,-3.5,131,-13
1/28/25,Providence,Seton Hall,Away,-3.5,133.5,-168,69-67,2,-1.5,136,2.5
1/28/25,Kentucky,Tennessee,Away,10.5,146,428,78-73,5,15.5,151,5
1/28/25,Toledo,Ohio,Away,3.5,162,143,86-83,3,6.5,169,7
1/28/25,South Carolina,Georgia,Away,7.5,133.5,274,60-71,-11,-3.5,131,-2.5
1/28/25,S Indiana,Morehead St,Away,7,133.5,275,65-66,-1,6,131,-2.5
1/28/25,Dayton,St Bonaventure,Away,-2.5,135,-145,53-75,-22,-24.5,128,-7
1/28/25,VCU,Saint Louis,Away,-5.5,144.5,-250,69-78,-9,-14.5,147,2.5
1/28/25,UCF,Kansas,Away,12,152,650,87-91,-4,8,178,26
1/28/25,Minnesota,Michigan St,Away,14,140,800,51-73,-22,-8,124,-16
1/28/25,Marquette,Butler,Away,-8.5,147,-410,78-69,9,0.5,147,0
1/28/25,Baylor,BYU,Away,3.5,143,152,89-93,-4,-0.5,182,39
1/28/25,Arizona St,Colorado,Away,3.5,141.5,145,70-68,2,5.5,138,-3.5
1/28/25,North Carolina,Pittsburgh,Away,2.5,153,125,65-73,-8,-5.5,138,-15
1/28/25,Georgia Tech,Notre Dame,Away,7.5,143.5,289,68-71,-3,4.5,139,-4.5
1/28/25,Oklahoma,Texas A&M,Away,8.5,143.5,330,68-75,-7,1.5,143,-0.5
1/28/25,Cincinnati,Utah,Away,1,136.5,-103,66-69,-3,-2,135,-1.5
1/28/25,Oregon St,Gonzaga,Away,15,152,850,60-98,-38,-23,158,6
1/29/25,N Texas,Wichita St,Away,-4,134,-190,58-54,4,0,112,-22
1/29/25,UTSA,Florida Atlantic,Away,9,159,340,74-94,-20,-11,168,9
1/29/25,Loyola Chi,George Mason,Away,6.5,131.5,235,53-58,-5,1.5,111,-20.5
1/29/25,Duquesne,Saint Joseph's,Away,9,138,370,72-76,-4,5,148,10
1/29/25,The Citadel,Mercer,Away,13.5,145.5,700,46-80,-34,-20.5,126,-19.5
1/29/25,Omaha,South Dakota,Away,-1.5,169.5,-129,87-91,-4,-5.5,178,8.5
1/29/25,Arkansas St,Southern Miss,Away,-9,152.5,-451,81-68,13,4,149,-3.5
1/29/25,Oral Roberts,St Thomas,Away,13.5,156,750,71-86,-15,-1.5,157,1
1/29/25,Colgate,Army,Away,-5.5,143,-221,72-84,-12,-17.5,156,13
1/29/25,Missouri St,Indiana St,Away,5,146.5,185,67-72,-5,0,139,-7.5
1/29/25,Loyola MD,Bucknell,Away,5,138,184,67-79,-12,-7,146,8
1/29/25,Navy,Lehigh,Away,1.5,138,105,79-54,25,26.5,133,-5
1/29/25,Charleston So,SC Upstate,Away,-2.5,152,-155,82-75,7,4.5,157,5
1/29/25,Radford,NC Asheville,Away,1.5,142.5,-106,65-72,-7,-5.5,137,-5.5
1/29/25,Presbyterian,Winthrop,Away,8,150,270,67-76,-9,-1,143,-7
1/29/25,Old Dominion,App State,Away,10.5,128,486,78-77,1,11.5,155,27
1/29/25,Longwood,Gardner-Webb,Away,-1,149,-119,87-92,-5,-6,179,30
1/29/25,N Iowa,Drake,Away,7.5,122.5,270,52-66,-14,-6.5,118,-4.5
1/29/25,Fordham,La Salle,Away,3,148.5,135,88-72,16,19,160,11.5
1/29/25,Virginia,Miami,Away,2,134.5,122,82-71,11,13,153,18.5
1/29/25,Virginia Tech,Florida St,Away,11,143,490,76-66,10,21,142,-1
1/29/25,Richmond,G Washington,Away,8,135,310,66-75,-9,-1,141,6
1/29/25,UMass,Rhode Island,Away,4,156.5,155,82-88,-6,-2,170,13.5
1/29/25,Charlotte,Temple,Away,9,146,350,89-90,-1,8,179,33
1/29/25,Houston,West Virginia,Away,-9,124,-465,63-49,14,5,112,-12
1/29/25,TCU,Texas Tech,Away,11.5,136.5,640,57-71,-14,-2.5,128,-8.5
1/29/25,Wisconsin,Maryland,Away,5.5,152,200,68-76,-8,-2.5,144,-8
1/29/25,American,Lafayette,Away,-1,132,-115,75-68,7,6,143,11
1/29/25,FGCU,Jacksonville,Away,2.5,136.5,124,83-79,4,6.5,162,25.5
1/29/25,Chattanooga,W Carolina,Away,-10.5,147.5,-650,84-60,24,13.5,144,-3.5
1/29/25,VMI,Wofford,Away,11,141,556,74-67,7,18,141,0
1/29/25,Samford,Furman,Away,-2,150.5,-142,70-72,-2,-4,142,-8.5
1/29/25,E Tennessee St,NC Greensboro,Away,1.5,137.5,111,65-70,-5,-3.5,135,-2.5
1/29/25,Stetson,N Florida,Away,9.5,162.5,403,100-101,-1,8.5,201,38.5
1/29/25,N Alabama,Queens,Away,-4,154.5,-176,67-75,-8,-12,142,-12.5
1/29/25,Auburn,LSU,Away,-12,149.5,-900,87-74,13,1,161,11.5
1/29/25,W Georgia,C Arkansas,Away,1.5,139,101,70-75,-5,-3.5,145,6
1/29/25,Oklahoma St,Kansas St,Away,7,142.5,256,57-85,-28,-21,142,-0.5
1/29/25,UAB,Tulsa,Away,-7,154.5,-318,78-68,10,3,146,-8.5
1/29/25,Murray St,Evansville,Away,-5.5,134,-242,74-78,-4,-9.5,152,18
1/29/25,Illinois Chicago,Bradley,Away,8,148,305,93-70,23,31,163,15
1/29/25,Xavier,Creighton,Away,6.5,143.5,230,77-86,-9,-2.5,163,19.5
1/29/25,DePaul,UConn,Away,13.5,140.5,850,61-72,-11,2.5,133,-7.5
1/29/25,California,SMU,Away,13,151.5,650,65-76,-11,2,141,-10.5
1/29/25,Belmont,Illinois St,Away,2,154.5,114,78-81,-3,-1,159,4.5
1/29/25,Rutgers,Northwestern,Away,9.5,138,374,79-72,7,16.5,151,13
1/29/25,Texas,Mississippi,Away,6,141.5,222,69-72,-3,3,141,-0.5
1/29/25,Alabama,Mississippi St,Away,1,165,101,88-84,4,5,172,7
1/29/25,Saint Mary's,Santa Clara,Away,-4,141,-192,67-54,13,9,121,-20
1/29/25,Nevada,Boise St,Away,7.5,136.5,280,56-66,-10,-2.5,122,-14.5
1/29/25,UNLV,Utah St,Away,10.5,146.5,500,71-76,-5,5.5,147,0.5
1/29/25,Syracuse,Stanford,Away,12,147,550,61-70,-9,3,131,-16
1/30/25,Memphis,Tulane,Away,-5.5,151,-250,68-56,12,6.5,124,-27
1/30/25,E Washington,Idaho St,Away,6.5,140.5,235,70-78,-8,-1.5,148,7.5
1/30/25,S Dakota St,N Dakota St,Away,2.5,157.5,125,72-62,10,12.5,134,-23.5
1/30/25,Seattle,Grand Canyon,Away,10,141.5,455,74-83,-9,1,157,15.5
1/30/25,Kansas City,Denver,Away,-3.5,134.5,-180,68-69,-1,-4.5,137,2.5
1/30/25,UL Monroe,S Alabama,Away,15.5,135,900,62-58,4,19.5,120,-15
1/30/25,Georgia So,Troy,Away,10,144,470,74-81,-7,3,155,11
1/30/25,Louisiana,Texas St,Away,11.5,144.5,550,70-61,9,20.5,131,-13.5
1/30/25,S Utah,UT Arlington,Away,10.5,147,422,68-70,-2,8.5,138,-9
1/30/25,E Kentucky,Lipscomb,Away,9,148.5,401,80-71,9,18,151,2.5
1/30/25,Pepperdine,San Diego,Away,-4,148,-180,98-90,8,4,188,40
1/30/25,Portland,Loyola Mymt,Away,12,146,563,63-88,-25,-13,151,5
1/30/25,Washington St,Pacific,Away,-11,149,-700,68-70,-2,-13,138,-11
1/30/25,Stony Brook,Charleston,Away,16,146.5,1300,74-81,-7,9,155,8.5
1/30/25,Hofstra,Elon,Away,3.5,130.5,142,74-63,11,14.5,137,6.5
1/30/25,Towson,Delaware,Away,-2,145.5,-125,76-66,10,8,142,-3.5
1/30/25,Drexel,Monmouth,Away,-2.5,132,-148,97-104,-7,-9.5,201,69
1/30/25,UC Davis,UC Riverside,Away,5.5,137,195,58-60,-2,3.5,118,-19
1/30/25,CS Northridge,UCSB,Away,3.5,147,148,78-71,7,10.5,149,2
1/30/25,UMass Lowell,NJIT,Away,-9.5,143,-543,62-83,-21,-30.5,145,2
1/30/25,Sacramento St,Montana St,Away,10.5,135,460,58-70,-12,-1.5,128,-7
1/30/25,C Connecticut,LIU,Away,-4.5,127,-185,63-50,13,8.5,113,-14
1/30/25,Wagner,Stonehill,Away,3.5,121,141,61-73,-12,-8.5,134,13
1/30/25,Idaho,Weber St,Away,1.5,143,105,82-74,8,9.5,156,13
1/30/25,Portland St,Montana,Away,4,146.5,153,78-92,-14,-10,170,23.5
1/30/25,Coastal Car,J Madison,Away,14,134,750,64-73,-9,5,137,3
1/30/25,New Hampshire,Maine,Away,14.5,138,500,46-71,-25,-10.5,117,-21
1/30/25,Bryant,UMBC,Away,-5,168.5,-222,92-86,6,1,178,9.5
1/30/25,Vermont,Binghamton,Away,-4.5,127.5,-185,72-75,-3,-7.5,147,19.5
1/30/25,Ohio St,Penn St,Away,3.5,147.5,150,83-64,19,22.5,147,-0.5
1/30/25,Wright St,Youngstown St,Away,2,148.5,116,86-88,-2,0,174,25.5
1/30/25,Green Bay,Oakland,Away,14,136.5,850,54-68,-14,0,122,-14.5
1/30/25,N Kentucky,Detroit Mercy,Away,-7.5,133.5,-340,57-68,-11,-18.5,125,-8.5
1/30/25,Cleveland St,Purdue FW,Away,5,147.5,175,68-58,10,15,126,-21.5
1/30/25,Georgia St,Marshall,Away,12.5,150.5,652,85-81,4,16.5,166,15.5
1/30/25,Florida Intl,Jacksonville St,Away,6.5,140,254,67-71,-4,2.5,138,-2
1/30/25,NC Wilmington,NC A&T,Away,-17.5,146.5,-2100,83-59,24,6.5,142,-4.5
1/30/25,William & Mary,Campbell,Away,-2.5,155,-147,55-96,-41,-43.5,151,-4
1/30/25,Northeastern,Hampton,Away,-2,138,-130,78-69,9,7,147,9
1/30/25,St Francis PA,Mercyhurst,Away,-1,136,-117,58-62,-4,-5,120,-16
1/30/25,Le Moyne,F Dickinson,Away,6,152.5,206,74-78,-4,2,152,-0.5
1/30/25,IU Indy,Robert Morris,Away,9,145,340,53-106,-53,-44,159,14
1/30/25,Tenn Tech,Morehead St,Away,5.5,136,206,72-64,8,13.5,136,0
1/30/25,New Mexico St,Middle Tenn,Away,6.5,141.5,231,61-57,4,10.5,118,-23.5
1/30/25,Liberty,Kennesaw St,Away,-3.5,148,-165,76-68,8,4.5,144,-4
1/30/25,Tennessee St,Little Rock,Away,6.5,142.5,246,72-70,2,8.5,142,-0.5
1/30/25,Utah Tech,Tarleton St,Away,6,134.5,220,54-61,-7,-1,115,-19.5
1/30/25,Bellarmine,Austin Peay,Away,8.5,140,315,77-86,-9,-0.5,163,23
1/30/25,UTEP,W Kentucky,Away,2.5,147,125,74-78,-4,-1.5,152,5
1/30/25,Illinois,Nebraska,Away,-4.5,156.5,-205,74-80,-6,-10.5,154,-2.5
1/30/25,UT Martin,SE Missouri St,Away,3,142,136,79-90,-11,-8,169,27
1/30/25,E Illinois,W Illinois,Away,1.5,126.5,105,71-59,12,13.5,130,3.5
1/30/25,SIU Edward,Lindenwood,Away,-3.5,137.5,-175,63-65,-2,-5.5,128,-9.5
1/30/25,Cal Poly,CS Bakersfield,Away,4,160,161,90-81,9,13,171,11
1/30/25,Abl Christian,Cal Baptist,Away,7.5,137.5,250,60-83,-23,-15.5,143,5.5
1/30/25,UC Irvine,Long Beach St,Away,-14.5,139.5,-1650,80-75,5,-9.5,155,15.5
1/30/25,Oregon,UCLA,Away,5,142,182,52-78,-26,-21,130,-12
1/30/25,UCSD,Hawai'i,Away,-8,137,-355,74-63,11,3,137,0
1/31/25,Mt St Mary's,Merrimack,Away,9,132,340,66-58,8,17,124,-8
1/31/25,Butler,Georgetown,Away,3,138.5,142,70-73,-3,0,143,4.5
1/31/25,Iona,Manhattan,Away,-1,146.5,-115,55-76,-21,-22,131,-15.5
1/31/25,Dayton,Saint Louis,Away,1.5,143.5,115,71-63,8,9.5,134,-9.5
1/31/25,Brown,Penn,Away,1,144.5,-102,88-79,9,10,167,22.5
1/31/25,Yale,Princeton,Away,-2,147,-127,77-70,7,5,147,0
1/31/25,Dartmouth,Cornell,Away,10.5,165,465,64-76,-12,-1.5,140,-25
1/31/25,Harvard,Columbia,Away,3,145,138,90-82,8,11,172,27
1/31/25,Siena,Marist,Away,5.5,126.5,200,67-72,-5,0.5,139,12.5
1/31/25,Saint Peter's,Rider,Away,-1,125,-118,64-67,-3,-4,131,6
1/31/25,Niagara,Canisius,Away,-3.5,135.5,-178,64-63,1,-2.5,127,-8.5
1/31/25,Fairfield,Quinnipiac,Away,12,146,615,69-81,-12,0,150,4
1/31/25,Indiana,Purdue,Away,12,145.5,580,76-81,-5,7,157,11.5
2/1/25,Valparaiso,Illinois St,Away,7.5,144,286,78-86,-8,-0.5,164,20
2/1/25,Drake,S Illinois,Away,-6.5,127.5,-276,75-65,10,3.5,140,12.5
2/1/25,Wyoming,San Diego St,Away,14.5,128,800,61-63,-2,12.5,124,-4
2/1/25,Air Force,San Jose St,Away,9,136.5,357,64-75,-11,-2,139,2.5
2/1/25,Miss Valley St,AR-Pine Bluff,Away,13,144.5,650,79-76,3,16,155,10.5
2/1/25,Jackson St,Grambling,Away,1,135,105,65-50,15,16,115,-20
2/1/25,Army,American,Away,4.5,137.5,170,68-71,-3,1.5,139,1.5
2/1/25,Lehigh,Holy Cross,Away,2,139.5,109,69-67,2,4,136,-3.5
2/1/25,Yale,Penn,Away,-11.5,150,-750,90-61,29,17.5,151,1
2/1/25,Bryant,NJIT,Away,-12.5,147.5,-961,92-70,22,9.5,162,14.5
2/1/25,Binghamton,Albany,Away,6.5,143.5,233,65-61,4,10.5,126,-17.5
2/1/25,Georgia St,App State,Away,11.5,141,524,76-80,-4,7.5,156,15
2/1/25,Washington,Minnesota,Away,3.5,134.5,154,71-68,3,6.5,139,4.5
2/1/25,Alcorn St,Southern,Away,12.5,132.5,588,69-74,-5,7.5,143,10.5
2/1/25,Alabama A&M,Florida A&M,Away,3,145,130,79-95,-16,-13,174,29
2/1/25,LIU,Chicago St,Away,-5,130.5,-218,67-73,-6,-11,140,9.5
2/1/25,C Connecticut,Stonehill,Away,-4.5,131,-225,71-63,8,3.5,134,3
2/1/25,Dartmouth,Columbia,Away,3.5,156,140,95-89,6,9.5,184,28
2/1/25,Sacramento St,Montana,Away,11,139,504,59-87,-28,-17,146,7
2/1/25,UTSA,N Texas,Away,14.5,134,800,54-50,4,18.5,104,-30
2/1/25,Pittsburgh,Wake Forest,Away,3,138.5,136,74-76,-2,1,150,11.5
2/1/25,Fresno St,Boise St,Away,19.5,147.5,1500,60-82,-22,-2.5,142,-5.5
2/8/25,NC Central,Howard,Away,1.5,155.5,110,78-82,-4,-2.5,160,4.5
2/1/25,Drexel,Towson,Away,6,127,225,54-55,-1,5,109,-18
2/1/25,Idaho,Idaho St,Away,5,142.5,170,71-87,-16,-11,158,15.5
2/1/25,Portland St,Montana St,Away,3.5,140,145,73-74,-1,2.5,147,7
2/1/25,Providence,St John's,Away,13,144,675,66-68,-2,11,134,-10
2/1/25,Florida,Tennessee,Away,3,144.5,136,44-64,-20,-17,108,-36.5
2/1/25,McNeese,Nicholls,Away,-10,144,-568,63-71,-8,-18,134,-10
2/1/25,E Washington,Weber St,Away,3.5,141.5,150,72-49,23,26.5,121,-20.5
2/1/25,Hou Christian,Incarnate Word,Away,3.5,141,144,64-74,-10,-6.5,138,-3
2/2/25,Furman,E Tennessee St,Away,3,140,135,69-72,-3,0,141,1
2/1/25,Loyola Mymt,San Diego,Away,-7.5,143.5,-350,78-62,16,8.5,140,-3.5
2/1/25,Portland,Pepperdine,Away,9,151.5,340,84-64,20,29,148,-3.5
2/1/25,S Utah,Tarleton St,Away,6,130.5,210,58-75,-17,-11,133,2.5
2/1/25,Utah Valley,Grand Canyon,Away,9.5,147,410,57-75,-18,-8.5,132,-15
2/2/25,N Dakota St,St Thomas,Away,2.5,153,128,62-79,-17,-14.5,141,-12
2/1/25,Kansas City,Oral Roberts,Away,-3,141.5,-155,67-73,-6,-9,140,-1.5
2/1/25,Denver,Omaha,Away,9.5,146.5,440,69-78,-9,0.5,147,0.5
2/1/25,Ohio,Miami OH,Away,5.5,161,206,69-73,-4,1.5,142,-19
2/1/25,N Illinois,Toledo,Away,13.5,154.5,790,85-89,-4,9.5,174,19.5
2/1/25,E Michigan,W Michigan,Away,2.5,150.5,120,54-61,-7,-4.5,115,-35.5
2/1/25,Bowling Green,C Michigan,Away,6.5,142.5,225,71-90,-19,-12.5,161,18.5
2/1/25,Ball St,Buffalo,Away,-2.5,153.5,-142,89-76,13,10.5,165,11.5
1/31/25,Akron,Kent St,Away,3.5,144.5,150,85-71,14,17.5,156,11.5
2/1/25,Old Dominion,J Madison,Away,10,138.5,425,54-68,-14,-4,122,-16.5
2/1/25,Georgia So,Southern Miss,Away,2,152.5,110,68-72,-4,-2,140,-12.5
2/1/25,S Alabama,Louisiana,Away,-6.5,133,-290,62-58,4,-2.5,120,-13
2/1/25,UL Monroe,Troy,Away,17,139,1100,50-87,-37,-20,137,-2
2/1/25,Arkansas St,Texas St,Away,-5.5,149,-245,85-74,11,5.5,159,10
2/1/25,UC Davis,UC Irvine,Away,13,133.5,660,66-73,-7,6,139,5.5
2/1/25,Cal Poly,UC Riverside,Away,7,159,235,62-80,-18,-11,142,-17
2/3/25,Charleston,William & Mary,Away,-1,168,-120,75-90,-15,-16,165,-3
2/1/25,Delaware,Monmouth,Away,2,152.5,116,83-92,-9,-7,175,22.5
2/1/25,Northeastern,Elon,Away,3.5,139,145,60-71,-11,-7.5,131,-8
2/1/25,Long Beach St,UCSB,Away,8.5,137,360,54-85,-31,-22.5,139,2
2/1/25,Fordham,St Bonaventure,Away,11,138.5,500,72-74,-2,9,146,7.5
2/1/25,Arizona,Arizona St,Away,-6.5,147.5,-298,81-72,9,2.5,153,5.5
2/1/25,Le Moyne,Wagner,Away,3,130.5,130,61-73,-12,-9,134,3.5
2/1/25,UMass Lowell,UMBC,Away,-2.5,165.5,-145,83-67,16,13.5,150,-15.5
2/1/25,Stetson,FGCU,Away,12.5,148,750,56-82,-26,-13.5,138,-10
2/1/25,Missouri,Mississippi St,Away,6.5,148.5,225,88-61,27,33.5,149,0.5
2/1/25,Hofstra,Campbell,Away,-2,128,-126,52-75,-23,-25,127,-1
2/1/25,Green Bay,Detroit Mercy,Away,3,138,136,57-67,-10,-7,124,-14
2/1/25,W Georgia,Queens,Away,10.5,149.5,471,68-87,-19,-8.5,155,5.5
2/1/25,Samford,The Citadel,Away,-16,144,-1650,83-58,25,9,141,-3
2/1/25,Creighton,Villanova,Away,2,143.5,114,62-60,2,4,122,-21.5
2/1/25,Clemson,NC State,Away,-5,132.5,-227,68-58,10,5,126,-6.5
2/1/25,Florida St,Boston College,Away,-6,145,-250,76-77,-1,-7,153,8
2/1/25,Charlotte,UAB,Away,12,150,617,78-96,-18,-6,174,24
2/1/25,E Carolina,Temple,Away,3,145,130,94-98,-4,-1,192,47
2/1/25,Kansas St,Iowa St,Away,14.5,143,810,80-61,19,33.5,141,-2
2/1/25,Saint Joseph's,Loyola Chi,Away,-1.5,142.5,-130,55-58,-3,-4.5,113,-29.5
2/1/25,UMass,Duquesne,Away,3,144.5,140,62-53,9,12,115,-29.5
2/1/25,Maine,Vermont,Away,2,126,111,49-55,-6,-4,104,-22
2/1/25,Bucknell,Navy,Away,3,137.5,132,85-75,10,13,160,22.5
2/1/25,Lafayette,Colgate,Away,9,139.5,360,76-61,15,24,137,-2.5
2/1/25,Boston U,Loyola MD,Away,1,129,-108,67-69,-2,-1,136,7
2/1/25,Wisconsin,Northwestern,Away,-4.5,142.5,-188,75-69,6,1.5,144,1.5
2/1/25,SC Upstate,Radford,Away,12.5,147,625,69-79,-10,2.5,148,1
2/1/25,High Point,Presbyterian,Away,-9.5,146.5,-506,84-72,12,2.5,156,9.5
2/1/25,Gardner-Webb,Winthrop,Away,6,159.5,199,93-96,-3,3,189,29.5
2/1/25,Longwood,Charleston So,Away,-4.5,147,-195,85-89,-4,-8.5,174,27
2/1/25,IU Indy,Youngstown St,Away,10,144.5,455,84-79,5,15,163,18.5
2/1/25,Mercer,Chattanooga,Away,7.5,154,270,84-93,-9,-1.5,177,23
2/1/25,S Dakota St,North Dakota,Away,-6.5,160,-296,75-80,-5,-11.5,155,-5
2/1/25,G Washington,La Salle,Away,-2.5,146.5,-139,67-73,-6,-8.5,140,-6.5
2/1/25,Indiana St,Illinois Chicago,Away,8,162.5,280,88-83,5,13,171,8.5
2/1/25,Murray St,Missouri St,Away,-3,132,-155,56-77,-21,-24,133,1
2/1/25,Utah,Oklahoma St,Away,1,147.5,100,72-81,-9,-8,153,5.5
2/1/25,Utah Tech,UT Arlington,Away,9.5,146.5,391,71-73,-2,7.5,144,-2.5
2/1/25,UTEP,Middle Tenn,Away,4.5,143.5,161,68-71,-3,1.5,139,-4.5
2/1/25,New Mexico St,W Kentucky,Away,3,141.5,133,69-101,-32,-29,170,28.5
2/1/25,Lamar,SF Austin,Away,3,130,136,67-62,5,8,129,-1
2/1/25,NW State,E Texas A&M,Away,-3.5,132.5,-175,50-72,-22,-25.5,122,-10.5
2/1/25,Mercyhurst,F Dickinson,Away,5,139.5,176,67-60,7,12,127,-12.5
2/1/25,New Orleans,SE Louisiana,Away,12,144.5,580,68-76,-8,4,144,-0.5
2/1/25,Michigan,Rutgers,Away,-6.5,155.5,-285,66-63,3,-3.5,129,-26.5
2/1/25,VMI,W Carolina,Away,-1.5,145.5,-120,80-76,4,2.5,156,10.5
2/1/25,Vanderbilt,Oklahoma,Away,3,151.5,145,67-97,-30,-27,164,12.5
2/1/25,Louisville,Georgia Tech,Away,-9.5,149.5,-466,70-77,-7,-16.5,147,-2.5
2/1/25,Virginia Tech,Virginia,Away,4,124.5,154,75-74,1,5,149,24.5
2/1/25,BYU,UCF,Away,-1,156.5,-113,81-75,6,5,156,-0.5
2/1/25,Richmond,VCU,Away,19.5,134,1600,49-90,-41,-21.5,139,5
2/1/25,Kansas,Baylor,Away,2,140.5,114,70-81,-11,-9,151,10.5
2/1/25,George Mason,Davidson,Away,-1.5,133,-120,64-60,4,2.5,124,-9
2/1/25,S Carolina St,Norfolk St,Away,8,146,292,65-67,-2,6,132,-14
2/1/25,Maryland ES,Morgan St,Away,9,155,317,63-76,-13,-4,139,-16
2/1/25,Auburn,Mississippi,Away,-5.5,148.5,-250,92-82,10,4.5,174,25.5
2/1/25,Austin Peay,E Kentucky,Away,7.5,145.5,291,82-88,-6,1.5,170,24.5
2/1/25,N Kentucky,Oakland,Away,6,129,220,84-75,9,15,159,30
2/1/25,Wofford,NC Greensboro,Away,2.5,135.5,119,74-62,12,14.5,136,0.5
2/1/25,Georgia,Alabama,Away,12.5,162,623,69-90,-21,-8.5,159,-3
2/1/25,Sam Houston,Louisiana Tech,Away,7,143,270,61-66,-5,2,127,-16
2/1/25,UT Martin,Little Rock,Away,3.5,138,154,57-75,-18,-14.5,132,-6
2/1/25,Coastal Car,Marshall,Away,11.5,142,550,62-67,-5,6.5,129,-13
2/1/25,N Arizona,N Colorado,Away,7.5,152,270,69-87,-18,-10.5,156,4
2/1/25,Delaware St,Coppin St,Away,-6.5,142,-294,84-61,23,16.5,145,3
2/1/25,Michigan St,USC,Away,-4,150.5,-198,64-70,-6,-10,134,-16.5
2/1/25,Tenn Tech,S Indiana,Away,2,147,110,78-65,13,15,143,-4
2/1/25,E Illinois,Lindenwood,Away,2.5,134.5,124,76-70,6,8.5,146,11.5
2/1/25,SIU Edward,W Illinois,Away,-4,129.5,-192,69-65,4,0,134,4.5
2/1/25,Tennessee St,SE Missouri St,Away,5,150,170,87-89,-2,3,176,26
2/1/25,Bellarmine,Lipscomb,Away,18.5,144.5,1200,80-87,-7,11.5,167,22.5
2/1/25,Liberty,Jacksonville St,Away,-3.5,136.5,-166,61-72,-11,-14.5,133,-3.5
2/1/25,Florida Intl,Kennesaw St,Away,8,152.5,301,67-73,-6,2,140,-12.5
2/1/25,Prairie View,Texas So,Away,9.5,152.5,360,63-79,-16,-6.5,142,-10.5
2/1/25,Alabama St,Bethune,Away,2,142.5,-101,64-67,-3,-1,131,-11.5
2/1/25,Texas A&M-CC,UT Rio Grande,Away,-2,153,-134,73-83,-10,-12,156,3
2/1/25,Harvard,Cornell,Away,9,153.5,385,60-75,-15,-6,135,-18.5
2/1/25,Brown,Princeton,Away,7,144.5,260,49-69,-20,-13,118,-26.5
2/1/25,Texas Tech,Houston,Away,9.5,127.5,410,82-81,1,10.5,163,35.5
2/1/25,Stanford,SMU,Away,7.5,149.5,268,61-85,-24,-16.5,146,-3.5
2/1/25,Texas,LSU,Away,-1.5,145,-125,89-58,31,29.5,147,2
2/1/25,N Florida,Jacksonville,Away,7.5,159.5,260,81-78,3,10.5,159,-0.5
2/1/25,North Carolina,Duke,Away,13.5,148,675,70-87,-17,-3.5,157,9
2/1/25,Stony Brook,NC Wilmington,Away,17.5,139,1100,70-80,-10,7.5,150,11
2/1/25,Pacific,Santa Clara,Away,16.5,148.5,1000,49-83,-34,-17.5,132,-16.5
2/1/25,Notre Dame,Miami,Away,-7.5,147.5,-344,57-63,-6,-13.5,120,-27.5
2/1/25,CS Bakersfield,CS Northridge,Away,10,151.5,385,62-88,-26,-16,150,-1.5
2/1/25,UConn,Marquette,Away,6.5,142.5,230,77-69,8,14.5,146,3.5
2/1/25,Texas A&M,South Carolina,Away,-5.5,134.5,-231,76-72,4,-1.5,148,13.5
2/1/25,C Arkansas,N Alabama,Away,15.5,144.5,850,65-94,-29,-13.5,159,14.5
2/1/25,Arkansas,Kentucky,Away,8.5,156,349,89-79,10,18.5,168,12
2/1/25,New Mexico,Utah St,Away,3.5,158,150,82-63,19,22.5,145,-13
2/1/25,UNLV,Nevada,Away,5,133,180,65-71,-6,-1,136,3
2/1/25,Syracuse,California,Away,5,149,180,75-66,9,14,141,-8
2/1/25,Washington St,San Francisco,Away,3.5,151,144,51-75,-24,-20.5,126,-25
2/1/25,Gonzaga,Saint Mary's,Away,-2.5,146.5,-147,58-62,-4,-6.5,120,-26.5
2/1/25,CS Fullerton,Hawai'i,Away,12,142,520,57-82,-25,-13,139,-3
2/2/25,Tulsa,Tulane,Away,9.5,142,390,56-59,-3,6.5,115,-27
2/2/25,Memphis,Rice,Away,-9.5,146.5,-500,86-83,3,-6.5,169,22.5
2/2/25,Mt St Mary's,Saint Peter's,Away,4,127.5,146,79-64,15,19,143,15.5
2/2/25,Quinnipiac,Siena,Away,-5,143,-216,75-84,-9,-14,159,16
2/2/25,Bradley,N Iowa,Away,1.5,140,110,69-83,-14,-12.5,152,12
2/2/25,Ohio St,Illinois,Away,6.5,156.5,245,79-87,-8,-1.5,166,9.5
2/2/25,Fairfield,Iona,Away,5,142.5,193,64-87,-23,-18,151,8.5
2/2/25,S Florida,Florida Atlantic,Away,7,152.5,275,72-94,-22,-15,166,13.5
2/2/25,West Virginia,Cincinnati,Away,6,127.5,207,63-50,13,19,113,-14.5
2/2/25,Robert Morris,Wright St,Away,2.5,153.5,127,64-66,-2,0.5,130,-23.5
2/2/25,Manhattan,Sacred Heart,Away,4.5,152.5,175,72-74,-2,2.5,146,-6.5
2/2/25,Purdue FW,Milwaukee,Away,4.5,158,164,81-79,2,6.5,160,2
2/2/25,Evansville,Belmont,Away,10.5,151.5,460,80-75,5,15.5,155,3.5
2/2/25,Colorado,TCU,Away,6,138.5,225,57-68,-11,-5,125,-13.5
2/2/25,Merrimack,Rider,Away,-4.5,129,-205,66-64,2,-2.5,130,1
2/2/25,Seton Hall,DePaul,Away,5,135.5,190,57-74,-17,-12,131,-4.5
2/2/25,Nebraska,Oregon,Away,6.5,147.5,255,77-71,6,12.5,148,0.5
2/3/25,N Colorado,Idaho St,Away,-1,144,-110,86-72,14,13,158,14
2/3/25,Jackson St,Southern,Away,7.5,138.5,274,89-91,-2,5.5,180,41.5
2/3/25,Alabama St,Florida A&M,Away,-2,144,-125,67-66,1,-1,133,-11
2/3/25,Colgate,Lehigh,Away,-3,141,-160,68-94,-26,-29,162,21
2/3/25,Alabama A&M,Bethune,Away,7.5,146.5,292,75-89,-14,-6.5,164,17.5
2/3/25,UT Rio Grande,NW State,Away,1,142,102,63-79,-16,-15,142,0
2/3/25,N Arizona,Weber St,Away,-1.5,144,-119,73-77,-4,-5.5,150,6
2/3/25,SF Austin,New Orleans,Away,-8.5,138,-365,88-85,3,-5.5,173,35
2/3/25,Hou Christian,Nicholls,Away,7.5,141.5,280,67-75,-8,-0.5,142,0.5
2/3/25,Lamar,SE Louisiana,Away,2,134,106,79-81,-2,0,160,26
2/3/25,Virginia,Pittsburgh,Away,13,130.5,650,73-57,16,29,130,-0.5
2/3/25,Incarnate Word,McNeese,Away,16,141,950,65-67,-2,14,132,-9
2/3/25,S Carolina St,Howard,Away,-1,153.5,-118,89-66,23,22,155,1.5
2/3/25,NC Central,Norfolk St,Away,9,146,370,78-81,-3,6,159,13
2/3/25,Morgan St,Delaware St,Away,5.5,157.5,193,82-84,-2,3.5,166,8.5
2/3/25,Texas A&M-CC,E Texas A&M,Away,-7.5,141.5,-330,78-66,12,4.5,144,2.5
2/3/25,Coppin St,Maryland ES,Away,4,140.5,145,62-57,5,9,119,-21.5
2/3/25,N Texas,UAB,Away,2.5,135.5,133,61-64,-3,-0.5,125,-10.5
2/3/25,Iowa St,Kansas,Away,3,146.5,140,52-69,-17,-14,121,-25.5
2/3/25,Alcorn St,Grambling,Away,5,130,181,60-53,7,12,113,-17
2/4/25,Davidson,Dayton,Away,9.5,140.5,384,63-69,-6,3.5,132,-8.5
2/4/25,San Jose St,Fresno St,Away,-3,147.5,-153,94-91,3,0,185,37.5
2/4/25,Nevada,Air Force,Away,-10,130.5,-550,74-60,14,4,134,3.5
2/4/25,W Michigan,Ohio,Away,10.5,153,460,69-94,-25,-14.5,163,10
2/4/25,N Illinois,Bowling Green,Away,6.5,146,230,77-84,-7,-0.5,161,15
2/4/25,Miami OH,C Michigan,Away,1.5,144.5,109,76-70,6,7.5,146,1.5
2/4/25,Kent St,E Michigan,Away,-8.5,142,-380,70-49,21,12.5,119,-23
2/4/25,Buffalo,Toledo,Away,12.5,163.5,625,74-87,-13,-0.5,161,-2.5
2/4/25,Ball St,Akron,Away,13,155.5,675,73-81,-8,5,154,-1.5
2/4/25,Marquette,St John's,Away,2.5,147,125,64-70,-6,-3.5,134,-13
2/4/25,Notre Dame,Florida St,Away,3,141.5,135,60-67,-7,-4,127,-14.5
2/4/25,Wichita St,Charlotte,Away,-2,143.5,-130,66-58,8,6,124,-19.5
2/4/25,Saint Louis,UMass,Away,-1,152,-122,73-71,2,1,144,-8
2/4/25,La Salle,VCU,Away,19.5,144,1300,66-96,-30,-10.5,162,18
2/4/25,Minnesota,Penn St,Away,6.5,140.5,240,69-61,8,14.5,130,-10.5
2/4/25,Purdue,Iowa,Away,-6.5,156,-298,90-81,9,2.5,171,15
2/4/25,Vanderbilt,Florida,Away,10,155,460,75-86,-11,-1,161,6
2/4/25,Kentucky,Mississippi,Away,5.5,158.5,195,84-98,-14,-8.5,182,23.5
2/4/25,Oklahoma St,Houston,Away,21,130,2200,63-72,-9,12,135,5
2/4/25,Drake,Murray St,Away,-4.5,123,-198,55-45,10,5.5,100,-23
2/4/25,Utah St,Wyoming,Away,-9.5,138.5,-434,71-67,4,-5.5,138,-0.5
2/4/25,Georgetown,Xavier,Away,8.5,140.5,314,69-74,-5,3.5,143,2.5
2/4/25,E Illinois,SIU Edward,Away,6.5,132,245,41-66,-25,-18.5,107,-25
2/4/25,Georgia Tech,Clemson,Away,12,140,622,89-86,3,15,175,35
2/4/25,Baylor,Texas Tech,Away,7.5,143,280,59-73,-14,-6.5,132,-11
2/4/25,St Bonaventure,Loyola Chi,Away,3.5,133.5,145,53-77,-24,-20.5,130,-3.5
2/4/25,Oklahoma,Auburn,Away,17,153,1100,70-98,-28,-11,168,15
2/4/25,Indiana,Wisconsin,Away,8.5,152,356,64-76,-12,-3.5,140,-12
2/4/25,USC,Northwestern,Away,3.5,138,145,75-77,-2,1.5,152,14
2/4/25,Kansas St,Arizona St,Away,3.5,140,142,71-70,1,4.5,141,1
2/4/25,Michigan St,UCLA,Away,2,140.5,116,61-63,-2,0,124,-16.5
2/4/25,Arizona,BYU,Away,3,153.5,140,85-74,11,14,159,5.5
2/4/25,Boise St,UNLV,Away,-3,140.5,-156,71-62,9,6,133,-7.5
2/5/25,Tulane,UTSA,Away,-2,147,-130,61-60,1,-1,121,-26
2/5/25,Tulsa,Memphis,Away,16,147.5,950,71-83,-12,4,154,6.5
2/5/25,Valparaiso,Indiana St,Away,4.5,162,175,62-80,-18,-13.5,142,-20
2/5/25,N Iowa,Missouri St,Away,-4.5,133,-192,66-61,5,0.5,127,-6
2/5/25,S Illinois,Evansville,Away,1.5,141.5,102,68-59,9,10.5,127,-14.5
2/5/25,Holy Cross,Army,Away,4.5,143.5,160,65-68,-3,1.5,133,-10.5
2/5/25,American,Bucknell,Away,4.5,136.5,167,49-71,-22,-17.5,120,-16.5
2/5/25,NC Greensboro,The Citadel,Away,-13,132,-1000,76-61,15,2,137,5
2/5/25,S Alabama,Coastal Car,Away,-7.5,126,-323,84-59,25,17.5,143,17
2/5/25,UL Monroe,Georgia St,Away,7,149.5,259,64-97,-33,-26,161,11.5
2/5/25,Louisiana,Georgia So,Away,7,145.5,250,82-83,-1,6,165,19.5
2/5/25,Texas St,Old Dominion,Away,-2.5,141,-149,64-75,-11,-13.5,139,-2
2/5/25,Troy,J Madison,Away,2,135.5,115,61-64,-3,-1,125,-10.5
2/5/25,N Alabama,Austin Peay,Away,-5.5,145,-245,74-64,10,4.5,138,-7
2/5/25,E Tennessee St,VMI,Away,-6,141.5,-265,62-55,7,1,117,-24.5
2/6/25,Gardner-Webb,NC Asheville,Away,6.5,157.5,213,70-78,-8,-1.5,148,-9.5
2/5/25,Oregon,Michigan,Away,7.5,152.5,275,76-80,-4,3.5,156,3.5
2/5/25,Southern Miss,App State,Away,8,136,320,58-60,-2,6,118,-18
2/5/25,Milwaukee,IU Indy,Away,-8.5,151,-455,84-80,4,-4.5,164,13
2/5/25,Butler,Seton Hall,Away,-5,135,-219,84-54,30,25,138,3
2/5/25,SC Upstate,Presbyterian,Away,7.5,148.5,260,64-75,-11,-3.5,139,-9.5
2/5/25,High Point,Radford,Away,-6,144,-262,78-75,3,-3,153,9
2/5/25,Winthrop,Charleston So,Away,-3.5,158,-150,83-65,18,14.5,148,-10
2/5/25,Lipscomb,W Georgia,Away,-12,146,-962,76-67,9,-3,143,-3
2/5/25,George Mason,G Washington,Away,-1.5,133,-125,53-50,3,1.5,103,-30
2/5/25,Rhode Island,Fordham,Away,-1.5,154.5,-127,79-80,-1,-2.5,159,4.5
2/5/25,Duquesne,Richmond,Away,-2.5,128,-145,68-73,-5,-7.5,141,13
2/5/25,Louisville,Boston College,Away,-13.5,147.5,-1200,84-58,26,12.5,142,-5.5
2/5/25,Duke,Syracuse,Away,-17.5,143.5,-2800,83-54,29,11.5,137,-6.5
2/5/25,Cincinnati,UCF,Away,3.5,146.5,145,93-83,10,13.5,176,29.5
2/5/25,Rice,E Carolina,Away,7.5,138.5,265,73-60,13,20.5,133,-5.5
2/5/25,Missouri,Tennessee,Away,9,135,350,81-85,-4,5,166,31
2/5/25,Navy,Boston U,Away,1.5,130.5,-115,65-87,-22,-20.5,152,21.5
2/5/25,Loyola MD,Lafayette,Away,4.5,140,142,71-58,13,17.5,129,-11
2/5/25,W Carolina,Furman,Away,15.5,144.5,870,75-84,-9,6.5,159,14.5
2/5/25,Chattanooga,Wofford,Away,2,145,103,79-70,9,11,149,4
2/5/25,Wright St,Purdue FW,Away,5,158.5,195,64-87,-23,-18,151,-7.5
2/5/25,Arkansas St,Marshall,Away,-2.5,153.5,-145,72-77,-5,-7.5,149,-4.5
2/5/25,Cleveland St,N Kentucky,Away,1.5,132,110,75-85,-10,-8.5,160,28
2/5/25,Detroit Mercy,Robert Morris,Away,12.5,139.5,650,56-71,-15,-2.5,127,-12.5
2/5/25,Queens,C Arkansas,Away,-8,145,-409,63-47,16,8,110,-35
2/5/25,Mercer,Samford,Away,10.5,158,470,79-100,-21,-10.5,179,21
2/5/25,West Virginia,TCU,Away,1.5,128,102,60-65,-5,-3.5,125,-3
2/5/25,Illinois St,Illinois Chicago,Away,3.5,148.5,138,81-79,2,5.5,160,11.5
2/5/25,Illinois,Rutgers,Away,-6.5,158,-250,73-82,-9,-15.5,155,-3
2/5/25,Creighton,Providence,Away,-3.5,142,-169,80-69,11,7.5,149,7
2/5/25,SMU,Virginia Tech,Away,-5.5,146,-252,81-75,6,0.5,156,10
2/5/25,Colorado,Utah,Away,6.5,142,225,59-72,-13,-6.5,131,-11
2/5/25,Villanova,DePaul,Away,-6.5,142,-277,59-49,10,3.5,108,-34
2/5/25,Belmont,Bradley,Away,8,157.5,285,80-77,3,11,157,-0.5
2/5/25,LSU,Georgia,Away,8,142.5,310,62-81,-19,-11,143,0.5
2/5/25,Arkansas,Texas,Away,7,143.5,250,78-70,8,15,148,4.5
2/5/25,Colorado St,New Mexico,Away,8,150,310,65-87,-22,-14,152,2
2/5/25,Nebraska,Washington,Away,-2,142,-142,86-72,14,12,158,16
2/5/25,NC State,California,Away,2.5,139.5,124,62-74,-12,-9.5,136,-3.5
2/5/25,Wake Forest,Stanford,Away,2,138.5,120,79-73,6,8,152,13.5
2/6/25,Le Moyne,St Francis PA,Away,2,144.5,116,78-86,-8,-6,164,19.5
2/6/25,Mercyhurst,Chicago St,Away,-1,131.5,-112,78-85,-7,-8,163,31.5
2/6/25,F Dickinson,C Connecticut,Away,10,139,442,66-87,-21,-11,153,14
2/6/25,Montana St,N Arizona,Away,1,146.5,-110,64-69,-5,-4,133,-13.5
2/6/25,Albany,Bryant,Away,11,159,492,68-63,5,16,131,-28
2/6/25,Portland St,Idaho,Away,-1,146.5,-115,76-69,7,6,145,-1.5
2/6/25,San Diego,Pacific,Away,3.5,146,145,69-71,-2,1.5,140,-6
2/6/25,Santa Clara,Portland,Away,-14,154,-1300,97-50,47,33,147,-7
2/6/25,Loyola Mymt,Gonzaga,Away,23,154.5,1700,53-73,-20,3,126,-28.5
2/6/25,N Dakota St,Kansas City,Away,-2,140,-129,78-72,6,4,150,10
2/6/25,St Thomas,S Dakota St,Away,4,153,154,86-102,-16,-12,188,35
2/6/25,South Dakota,Denver,Away,-1.5,164,-125,86-79,7,5.5,165,1
2/6/25,Tarleton St,Seattle,Away,9.5,129,395,54-91,-37,-27.5,145,16
2/6/25,UT Arlington,Utah Valley,Away,9,143,320,73-94,-21,-12,167,24
2/6/25,S Utah,Cal Baptist,Away,13,143.5,650,60-57,3,16,117,-26.5
2/6/25,Niagara,Merrimack,Away,8,126,299,59-64,-5,3,123,-3
2/6/25,Saint Peter's,Siena,Away,5.5,128.5,204,63-77,-14,-8.5,140,11.5
2/6/25,W Illinois,Tennessee St,Away,8.5,140,340,69-87,-18,-9.5,156,16
2/6/25,Sacramento St,E Washington,Away,7,136.5,260,80-83,-3,4,163,26.5
2/6/25,NC A&T,Charleston,Away,17.5,150.5,1100,63-66,-3,14.5,129,-21.5
2/6/25,Hampton,Monmouth,Away,3,142,128,63-68,-5,-2,131,-11
2/6/25,William & Mary,Drexel,Away,3,146,145,66-86,-20,-17,152,6
2/6/25,Northeastern,Hofstra,Away,4,131.5,145,77-68,9,13,145,13.5
2/6/25,Towson,Stony Brook,Away,-8,129.5,-400,66-59,7,-1,125,-4.5
2/6/25,NJIT,Maine,Away,13,128.5,619,74-78,-4,9,152,23.5
2/6/25,UMass Lowell,Binghamton,Away,-4,147.5,-198,54-66,-12,-16,120,-27.5
2/6/25,NC Wilmington,Delaware,Away,-6.5,152.5,-296,77-67,10,3.5,144,-8.5
2/6/25,UMBC,New Hampshire,Away,-8.5,152,-382,78-79,-1,-9.5,157,5
2/6/25,LIU,Wagner,Away,-1,119,-115,60-47,13,12,107,-12
2/6/25,Maryland,Ohio St,Away,1.5,147,104,70-73,-3,-1.5,143,-4
2/6/25,Temple,S Florida,Away,3,151.5,150,91-100,-9,-6,191,39.5
2/6/25,Elon,Campbell,Away,-1,139,-113,58-76,-18,-19,134,-5
2/6/25,Jacksonville,Stetson,Away,-8.5,145,-410,74-65,9,0.5,139,-6
2/6/25,Youngstown St,Oakland,Away,5,138,170,84-75,9,14,159,21
2/6/25,Iona,Mt St Mary's,Away,-1,140.5,-115,70-67,3,2,137,-3.5
2/6/25,Marist,Fairfield,Away,-6,133,-245,56-59,-3,-9,115,-18
2/6/25,Rider,Sacred Heart,Away,5.5,147.5,210,77-89,-12,-6.5,166,18.5
2/6/25,E Kentucky,FGCU,Away,6,149,213,92-74,18,24,166,17
2/6/25,Middle Tenn,Jacksonville St,Away,1.5,141.5,110,63-77,-14,-12.5,140,-1.5
2/6/25,W Kentucky,Kennesaw St,Away,3,157.5,136,69-76,-7,-4,145,-12.5
2/6/25,Sam Houston,Florida Intl,Away,-1.5,145,-121,82-85,-3,-4.5,167,22
2/6/25,Canisius,Quinnipiac,Away,16.5,147.5,1100,71-89,-18,-1.5,160,12.5
2/6/25,SE Missouri St,Morehead St,Away,2.5,134,117,80-51,29,31.5,131,-3
2/6/25,North Dakota,Omaha,Away,5.5,158,195,77-80,-3,2.5,157,-1
2/6/25,Bellarmine,N Florida,Away,10.5,163.5,455,88-95,-7,3.5,183,19.5
2/6/25,Louisiana Tech,Liberty,Away,7.5,134.5,261,53-77,-24,-16.5,130,-4.5
2/6/25,Montana,N Colorado,Away,6,153.5,210,86-78,8,14,164,10.5
2/6/25,SIU Edward,Tenn Tech,Away,1,140.5,-108,75-58,17,18,133,-7.5
2/6/25,Little Rock,S Indiana,Away,-3.5,136,-170,74-56,18,14.5,130,-6
2/6/25,Lindenwood,UT Martin,Away,6,144,230,52-51,1,7,103,-41
2/6/25,Abl Christian,Utah Tech,Away,2,139,115,86-72,14,16,158,19
2/6/25,Saint Mary's,San Francisco,Away,-5,132.5,-210,64-65,-1,-6,129,-3.5
2/6/25,UCSB,CS Bakersfield,Away,-3,142.5,-163,81-75,6,3,156,13.5
2/6/25,Hawai'i,Cal Poly,Away,-1,152.5,-118,63-79,-16,-17,142,-10.5
2/6/25,UC Riverside,UCSD,Away,11.5,140,550,71-91,-20,-8.5,162,22
2/6/25,CS Fullerton,CS Northridge,Away,16,153,1000,63-82,-19,-3,145,-8
2/6/25,UC Davis,Long Beach St,Away,-3,131,-150,73-65,8,5,138,7
2/6/25,Washington St,Oregon St,Away,6,146,219,74-82,-8,-2,156,10
2/7/25,VCU,Dayton,Away,-1,139.5,-115,73-68,5,4,141,1.5
2/7/25,USC,Purdue,Away,13,145.5,690,72-90,-18,-5,162,16.5
2/7/25,Princeton,Penn,Away,-8,146.5,-370,61-59,2,-6,120,-26.5
2/7/25,St John's,UConn,Away,4,143.5,160,68-62,6,10,130,-13.5
2/7/25,Saint Louis,Saint Joseph's,Away,6.5,145,230,63-76,-13,-6.5,139,-6
2/7/25,San Jose St,Boise St,Away,13.5,141.5,800,52-79,-27,-13.5,131,-10.5
2/8/25,Grambling,Alabama St,Away,4.5,134.5,170,77-67,10,14.5,144,9.5
2/8/25,Indiana St,Drake,Away,12.5,134.5,660,81-85,-4,8.5,166,31.5
2/8/25,Florida A&M,Texas So,Away,8,143.5,300,66-64,2,10,130,-13.5
2/8/25,Richmond,Davidson,Away,9.5,133.5,395,60-71,-11,-1.5,131,-2.5
2/8/25,Florida Atlantic,Tulsa,Away,-5.5,150.5,-240,79-55,24,18.5,134,-16.5
2/8/25,Tulane,N Texas,Away,10,124.5,395,66-76,-10,0,142,17.5
2/8/25,Pittsburgh,North Carolina,Away,5.5,150,195,66-67,-1,4.5,133,-17
2/8/25,E Texas A&M,Nicholls,Away,9.5,139.5,417,65-81,-16,-6.5,146,6.5
2/8/25,Illinois Chicago,S Illinois,Away,1,152,-110,67-79,-12,-11,146,-6
2/8/25,Murray St,Valparaiso,Away,-2,143,-136,74-56,18,16,130,-13
2/8/25,Illinois St,N Iowa,Away,5.5,138.5,200,65-68,-3,2.5,133,-5.5
2/8/25,Bradley,Evansville,Away,-5.5,138.5,-227,80-74,6,0.5,154,15.5
2/7/25,Utah St,Fresno St,Away,-13,154,-950,89-81,8,-5,170,16
2/8/25,San Diego St,Colorado St,Away,3,134.5,130,63-68,-5,-2,131,-3.5
2/8/25,New Mexico,Air Force,Away,-15,145,-1600,88-53,35,20,141,-4
2/8/25,Miss Valley St,Jackson St,Away,19.5,135,1700,44-92,-48,-28.5,136,1
2/8/25,Stonehill,LIU,Away,3,130.5,136,59-62,-3,0,121,-9.5
2/8/25,Bucknell,Army,Away,-1.5,141,-122,110-116,-6,-7.5,226,85
2/8/25,Boston U,Holy Cross,Away,-2.5,129.5,-135,52-72,-20,-22.5,124,-5.5
2/8/25,American,Lehigh,Away,2.5,133,124,78-75,3,5.5,153,20
2/8/25,Loyola MD,Colgate,Away,7,143,247,68-82,-14,-7,150,7
2/8/25,Oregon,Michigan St,Away,8.5,147.5,335,74-86,-12,-3.5,160,12.5
2/8/25,AR-Pine Bluff,Alcorn St,Away,7.5,148,285,60-79,-19,-11.5,139,-9
2/8/25,Le Moyne,Mercyhurst,Away,1.5,143.5,103,78-82,-4,-2.5,160,16.5
2/8/25,St Francis PA,Chicago St,Away,-1.5,140,-122,81-69,12,10.5,150,10
2/8/25,Montana,N Arizona,Away,-1,149.5,-120,83-80,3,2,163,13.5
2/8/25,Vermont,Albany,Away,1.5,132,-105,68-62,6,7.5,130,-2
2/8/25,Seton Hall,Georgetown,Away,10.5,131,500,46-60,-14,-3.5,106,-25
2/8/25,Idaho St,Weber St,Away,-1.5,139,-125,72-67,5,3.5,139,0
2/8/25,Montana St,N Colorado,Away,5.5,149.5,225,66-73,-7,-1.5,139,-10.5
2/8/25,UT Rio Grande,Lamar,Away,4.5,147,159,68-70,-2,2.5,138,-9
2/8/25,Sacramento St,Idaho,Away,7.5,140.5,280,76-78,-2,5.5,154,13.5
2/8/25,South Carolina,Kentucky,Away,11,151,470,57-80,-23,-12,137,-14
2/8/25,C Arkansas,Austin Peay,Away,9.5,136,347,67-90,-23,-13.5,157,21
2/8/25,St Thomas,Denver,Away,-10,149,-525,79-76,3,-7,155,6
2/8/25,South Dakota,Oral Roberts,Away,-1.5,171.5,-118,75-74,1,-0.5,149,-22.5
2/8/25,Grand Canyon,Cal Baptist,Away,-6,144.5,-250,71-85,-14,-20,156,11.5
2/8/25,N Dakota St,Omaha,Away,-1.5,149,-125,74-85,-11,-12.5,159,10
2/8/25,UT Arlington,Seattle,Away,9.5,143.5,344,65-67,-2,7.5,132,-11.5
2/8/25,San Francisco,Loyola Mymt,Away,-3,138,-155,72-66,6,3,138,0
2/8/25,Gonzaga,Pacific,Away,-25,150.5,-8000,78-61,17,-8,139,-11.5
2/8/25,Tarleton St,Utah Valley,Away,14,131.5,750,56-81,-25,-11,137,5.5
2/8/25,Tennessee,Oklahoma,Away,-5.5,141,-226,70-52,18,12.5,122,-19
2/8/25,Canisius,Merrimack,Away,13,131.5,700,51-69,-18,-5,120,-11.5
2/8/25,Hampton,Northeastern,Away,6.5,139.5,223,84-75,9,15.5,159,19.5
2/8/25,NC Wilmington,Drexel,Away,-2.5,134.5,-142,81-79,2,-0.5,160,25.5
2/8/25,Elon,Charleston,Away,3.5,148.5,145,83-88,-5,-1.5,171,22.5
2/8/25,Hawai'i,UCSB,Away,5.5,137,200,72-76,-4,1.5,148,11
2/8/25,CS Bakersfield,UC Riverside,Away,7,145,275,64-69,-5,2,133,-12
2/8/25,Lindenwood,Tennessee St,Away,7,149,262,76-84,-8,-1,160,11
2/8/25,William & Mary,Delaware,Away,1,165.5,102,64-74,-10,-9,138,-27.5
2/8/25,Towson,Monmouth,Away,-3.5,135,-161,73-67,6,2.5,140,5
2/8/25,Stony Brook,Hofstra,Away,12.5,130,650,80-75,5,17.5,155,25
2/8/25,Portland St,E Washington,Away,-3,145.5,-148,67-72,-5,-8,139,-6.5
2/8/25,SE Louisiana,Incarnate Word,Away,3,142,130,71-66,5,8,137,-5
2/8/25,New Orleans,Hou Christian,Away,10.5,145.5,416,68-81,-13,-2.5,149,3.5
2/8/25,Samford,E Tennessee St,Away,1,149.5,-108,59-66,-7,-6,125,-24.5
2/8/25,Wagner,F Dickinson,Away,4,129.5,155,58-69,-11,-7,127,-2.5
2/8/25,NJIT,New Hampshire,Away,-2,134.5,-132,69-80,-11,-13,149,14.5
2/8/25,Michigan,Indiana,Away,-3.5,154.5,-175,70-67,3,-0.5,137,-17.5
2/8/25,Wisconsin,Iowa,Away,-5.5,163,-250,74-63,11,5.5,137,-26
2/8/25,Navy,Lafayette,Away,2,138,105,51-61,-10,-8,112,-26
2/8/25,TCU,Iowa St,Away,16.5,135,1000,52-82,-30,-13.5,134,-1
2/8/25,Virginia Tech,Notre Dame,Away,7.5,135,275,65-63,2,9.5,128,-7
2/8/25,Youngstown St,Detroit Mercy,Away,-7.5,142,-359,87-72,15,7.5,159,17
2/8/25,Lipscomb,Queens,Away,-3.5,148.5,-155,94-81,13,9.5,175,26.5
2/8/25,The Citadel,VMI,Away,9.5,137,380,70-82,-12,-2.5,152,15
2/8/25,Texas,Vanderbilt,Away,3,149,136,78-86,-8,-5,164,15
2/8/25,Kansas,Kansas St,Away,-3.5,140.5,-174,73-81,-8,-11.5,154,13.5
2/8/25,Miami,Louisville,Away,17.5,153.5,1100,78-88,-10,7.5,166,12.5
2/8/25,UCF,Baylor,Away,10.5,157.5,485,76-91,-15,-4.5,167,9.5
2/8/25,Brown,Columbia,Away,2.5,151,124,72-74,-2,0.5,146,-5
2/8/25,UMBC,Maine,Away,7,147.5,231,50-73,-23,-16,123,-24.5
2/8/25,Harvard,Dartmouth,Away,2,147.5,116,56-76,-20,-18,132,-15.5
2/8/25,Bryant,Binghamton,Away,-8,149.5,-382,78-71,7,-1,149,-0.5
2/8/25,Yale,Cornell,Away,-3.5,158.5,-170,103-88,15,11.5,191,32.5
2/8/25,N Alabama,W Georgia,Away,-10.5,148.5,-550,78-61,17,6.5,139,-9.5
2/8/25,Saint Peter's,Manhattan,Away,4.5,135.5,164,83-84,-1,3.5,167,31.5
2/8/25,Charleston So,Gardner-Webb,Away,7,151,236,79-72,7,14,151,0
2/8/25,Winthrop,SC Upstate,Away,-9,164,-470,105-95,10,1,200,36
2/8/25,Wofford,Mercer,Away,-1,149,-120,77-66,11,10,143,-6
2/8/25,Louisiana Tech,Florida Intl,Away,-3.5,137,-159,82-71,11,7.5,153,16
2/8/25,Niagara,Quinnipiac,Away,11,142.5,490,76-75,1,12,151,8.5
2/8/25,Robert Morris,N Kentucky,Away,1.5,140,105,81-76,5,6.5,157,17
2/8/25,Marquette,Creighton,Away,3.5,148,145,67-77,-10,-6.5,144,-4
2/8/25,Radford,Longwood,Away,3.5,141.5,139,71-69,2,5.5,140,-1.5
2/8/25,Providence,Butler,Away,4.5,144.5,170,81-82,-1,3.5,163,18.5
2/8/25,Milwaukee,Cleveland St,Away,1.5,142.5,100,60-77,-17,-15.5,137,-5.5
2/8/25,Boston College,Syracuse,Away,7,145.5,251,86-95,-9,-2,181,35.5
2/8/25,Little Rock,Morehead St,Away,-2,128.5,-130,76-62,14,12,138,9.5
2/8/25,Texas A&M,Missouri,Away,4,147,154,67-64,3,7,131,-16
2/8/25,Rhode Island,George Mason,Away,8.5,139,335,67-82,-15,-6.5,149,10
2/8/25,Houston,Colorado,Away,-14,128,-1400,69-59,10,-4,128,0
2/8/25,Rice,Charlotte,Away,1,139.5,-102,75-78,-3,-2,153,13.5
2/8/25,Penn St,UCLA,Away,10.5,139,460,54-78,-24,-13.5,132,-7
2/8/25,UNLV,Wyoming,Away,-2.5,132,-142,68-57,11,8.5,125,-7
2/8/25,Florida,Auburn,Away,11,156,460,90-81,9,20,171,15
2/8/25,E Kentucky,Stetson,Away,-8.5,154,-388,83-58,25,16.5,141,-13
2/8/25,W Carolina,NC Greensboro,Away,12.5,141.5,660,70-74,-4,8.5,144,2.5
2/8/25,Sam Houston,Liberty,Away,10.5,142.5,455,61-64,-3,7.5,125,-17.5
2/8/25,E Illinois,Tenn Tech,Away,4.5,139,173,54-59,-5,-0.5,113,-26
2/8/25,Furman,Chattanooga,Away,5,146.5,180,72-85,-13,-8,157,10.5
2/8/25,W Illinois,UT Martin,Away,7.5,132.5,268,70-81,-11,-3.5,151,18.5
2/8/25,Missouri St,Belmont,Away,7.5,147.5,275,68-85,-17,-9.5,153,5.5
2/8/25,Southern,Alabama A&M,Away,-7.5,147,-345,81-68,13,5.5,149,2
2/8/25,Utah,West Virginia,Away,7,134,260,61-72,-11,-4,133,-1
2/8/25,Wake Forest,California,Away,-2.5,142.5,-142,76-66,10,7.5,142,-0.5
2/8/25,Middle Tenn,Kennesaw St,Away,2,152,120,76-75,1,3,151,-1
2/8/25,W Kentucky,Jacksonville St,Away,4,144.5,145,83-85,-2,2,168,23.5
2/8/25,FGCU,N Florida,Away,-2.5,161.5,-153,84-70,14,11.5,154,-7.5
2/8/25,Pepperdine,Washington St,Away,10,153,430,86-87,-1,9,173,20
2/8/25,NW State,McNeese,Away,17,133.5,1200,50-65,-15,2,115,-18.5
2/8/25,Georgia Tech,Virginia,Away,2.5,129.5,125,61-75,-14,-11.5,136,6.5
2/8/25,Bethune,Prairie View,Away,-4,150,-180,85-82,3,-1,167,17
2/8/25,Illinois,Minnesota,Away,-7,145.5,-293,95-74,21,14,169,23.5
2/8/25,Loyola Chi,Duquesne,Away,-2,131.5,-128,56-69,-13,-15,125,-6.5
2/8/25,BYU,Cincinnati,Away,1.5,141,103,66-84,-18,-16.5,150,9
2/8/25,Duke,Clemson,Away,-6,135,-270,71-77,-6,-12,148,13
2/8/25,Texas A&M-CC,SF Austin,Away,-2,139,-132,64-78,-14,-16,142,3
2/8/25,Mississippi St,Georgia,Away,1.5,142.5,114,76-75,1,2.5,151,8.5
2/8/25,NC State,Stanford,Away,6,139.5,225,73-74,-1,5,147,7.5
2/8/25,NC Asheville,High Point,Away,12.5,153.5,525,100-104,-4,8.5,204,50.5
2/8/25,Bellarmine,Jacksonville,Away,12.5,143,608,64-73,-9,3.5,137,-6
2/8/25,San Diego,Santa Clara,Away,20,155.5,1600,70-93,-23,-3,163,7.5
2/8/25,CS Northridge,Long Beach St,Away,-11.5,145.5,-650,81-80,1,-10.5,161,15.5
2/8/25,Green Bay,Purdue FW,Away,15.5,151,950,74-89,-15,0.5,163,12
2/8/25,Iona,Marist,Away,4,128.5,145,75-71,4,8,146,17.5
2/8/25,Siena,Rider,Away,-2,140.5,-133,59-61,-2,-4,120,-20.5
2/8/25,Sacred Heart,Fairfield,Away,-1,150.5,-119,77-71,6,5,148,-2.5
2/8/25,IU Indy,Wright St,Away,10,152,395,73-91,-18,-8,164,12
2/8/25,E Carolina,UTSA,Away,-1,144,-113,80-79,1,0,159,15
2/8/25,North Dakota,Kansas City,Away,3,145,140,69-80,-11,-8,149,4
2/8/25,Alabama,Arkansas,Away,-5,166.5,-230,85-81,4,-1,166,-0.5
2/8/25,Mississippi,LSU,Away,-6,147.5,-265,72-70,2,-4,142,-5.5
2/8/25,Abl Christian,S Utah,Away,-3,137.5,-147,84-70,14,11,154,16.5
2/8/25,SE Missouri St,S Indiana,Away,-4,142,-185,79-74,5,1,153,11
2/8/25,UTEP,New Mexico St,Away,1.5,138,100,66-63,3,4.5,129,-9
2/8/25,UC Davis,CS Fullerton,Away,-7,135.5,-298,65-49,16,9,114,-21.5
2/8/25,Texas Tech,Arizona,Away,4,150,150,73-82,-9,-5,155,5
2/8/25,UCSD,UC Irvine,Away,-1,139.5,-115,85-67,18,17,152,12.5
2/8/25,Saint Mary's,Oregon St,Away,-4.5,129,-197,63-49,14,9.5,112,-17
2/8/25,Northwestern,Washington,Away,3,137.5,137,71-76,-5,-2,147,9.5
2/9/25,G Washington,St Bonaventure,Away,4,136.5,164,62-52,10,14,114,-22.5
2/9/25,Xavier,Villanova,Away,2.5,140.5,125,68-80,-12,-9.5,148,7.5
2/9/25,Rutgers,Maryland,Away,9,150,375,81-90,-9,0,171,21
2/9/25,Wichita St,S Florida,Away,2,147.5,112,75-70,5,7,145,-2.5
2/9/25,Arizona St,Oklahoma St,Away,1.5,143,102,73-86,-13,-11.5,159,16
2/9/25,Temple,Memphis,Away,14.5,154.5,870,82-90,-8,6.5,172,17.5
2/9/25,Ohio St,Nebraska,Away,2.5,144.5,135,71-79,-8,-5.5,150,5.5
2/9/25,UMass,La Salle,Away,1.5,153,-102,78-55,23,24.5,133,-20
2/10/25,NW State,Nicholls,Away,7,139,250,72-60,12,19,132,-7
2/10/25,AR-Pine Bluff,Jackson St,Away,14,153,617,78-94,-16,-2,172,19
2/10/25,Bethune,Texas So,Away,2,143,100,80-77,3,5,157,14
2/10/25,Lafayette,American,Away,3,133,136,58-60,-2,1,118,-15
2/10/25,Miss Valley St,Alcorn St,Away,17,128,1200,39-86,-47,-30,125,-3
2/10/25,Southern,Alabama St,Away,-1.5,143,-125,81-82,-1,-2.5,163,20
2/10/25,Texas A&M-CC,Lamar,Away,1,142.5,-102,56-67,-11,-10,123,-19.5
2/10/25,New Orleans,Incarnate Word,Away,12,145,591,65-75,-10,2,140,-5
2/10/25,SE Louisiana,Hou Christian,Away,2,141.5,105,69-60,9,11,129,-12.5
2/10/25,North Carolina,Clemson,Away,4,144.5,160,65-85,-20,-16,150,5.5
2/10/25,E Texas A&M,McNeese,Away,19,135.5,1300,51-67,-16,3,118,-17.5
2/10/25,UT Rio Grande,SF Austin,Away,2,143,109,75-85,-10,-8,160,17
2/10/25,Grambling,Alabama A&M,Away,-2.5,140.5,-148,72-61,11,8.5,133,-7.5
2/10/25,Florida A&M,Prairie View,Away,1.5,150,110,78-67,11,12.5,145,-5
2/10/25,Charlotte,Florida Atlantic,Away,13.5,149,672,75-87,-12,1.5,162,13
2/10/25,Baylor,Houston,Away,9.5,133,370,65-76,-11,-1.5,141,8
2/10/25,Fresno St,Nevada,Away,16,142.5,810,69-94,-25,-9,163,20.5
2/11/25,Indiana St,N Iowa,Away,8.5,153,300,73-88,-15,-6.5,161,8
2/11/25,Ohio,Bowling Green,Away,-4.5,155.5,-205,86-81,5,0.5,167,11.5
2/11/25,W Michigan,Akron,Away,14.5,155.5,850,92-105,-13,1.5,197,41.5
2/11/25,Toledo,Miami OH,Away,4.5,156.5,170,80-92,-12,-7.5,172,15.5
2/11/25,C Michigan,Kent St,Away,8,135.5,306,83-91,-8,0,174,38.5
2/11/25,Buffalo,N Illinois,Away,2,154,113,73-67,6,8,140,-14
2/11/25,E Michigan,Ball St,Away,4.5,149.5,165,84-86,-2,2.5,170,20.5
2/11/25,Purdue,Michigan,Away,3,152.5,136,73-75,-2,1,148,-4.5
2/11/25,Iowa St,UCF,Away,-7.5,157.5,-350,77-65,12,4.5,142,-15.5
2/11/25,UAB,E Carolina,Away,-2.5,152,-145,75-82,-7,-9.5,157,5
2/11/25,Loyola Chi,Richmond,Away,-5.5,129.5,-225,87-80,7,1.5,167,37.5
2/11/25,Utah,Cincinnati,Away,8,136.5,310,75-85,-10,-2,160,23.5
2/11/25,BYU,West Virginia,Away,2.5,135.5,125,73-69,4,6.5,142,6.5
2/11/25,Syracuse,Miami,Away,2.5,150.5,120,84-91,-7,-4.5,175,24.5
2/11/25,Auburn,Vanderbilt,Away,-8.5,157,-489,80-68,12,3.5,148,-9
2/11/25,Florida,Mississippi St,Away,2.5,154.5,120,81-68,13,15.5,149,-5.5
2/11/25,Tennessee,Kentucky,Away,-3.5,146.5,-175,64-75,-11,-14.5,139,-7.5
2/11/25,George Mason,Saint Louis,Away,1.5,133.5,111,76-74,2,3.5,150,16.5
2/11/25,Arizona,Kansas St,Away,-3.5,150,-166,70-73,-3,-6.5,143,-7
2/11/25,UCLA,Illinois,Away,7,148.5,245,78-83,-5,2,161,12.5
2/11/25,Illinois Chicago,Murray St,Away,3.5,145,155,53-63,-10,-6.5,116,-29
2/11/25,SE Missouri St,Little Rock,Away,4.5,136.5,180,57-45,12,16.5,102,-34.5
2/11/25,DePaul,Marquette,Away,16.5,141.5,1200,58-68,-10,6.5,126,-15.5
2/11/25,Indiana,Michigan St,Away,11.5,148.5,525,71-67,4,15.5,138,-10.5
2/11/25,Penn St,USC,Away,4.5,151.5,154,67-92,-25,-20.5,159,7.5
2/11/25,N Texas,Rice,Away,-6,125.5,-258,67-61,6,0,128,2.5
2/11/25,Colorado,Kansas,Away,17.5,142.5,1200,59-71,-12,5.5,130,-12.5
2/11/25,Pittsburgh,SMU,Away,4.5,149.5,155,63-83,-20,-15.5,146,-3.5
2/11/25,UConn,Creighton,Away,3.5,140.5,150,70-66,4,7.5,136,-4.5
2/11/25,Alabama,Texas,Away,-5,167,-221,103-80,23,18,183,16
2/11/25,Georgia,Texas A&M,Away,7.5,137.5,275,53-69,-16,-8.5,122,-15.5
2/11/25,Air Force,UNLV,Away,13.5,135.5,870,52-77,-25,-11.5,129,-6.5
2/11/25,Northwestern,Oregon,Away,9.5,142.5,385,75-81,-6,3.5,156,13.5
2/11/25,San Diego St,San Jose St,Away,-8.5,133,-450,69-66,3,-5.5,135,2
2/11/25,Colorado St,Utah St,Away,6.5,147,250,85-93,-8,-1.5,178,31
2/11/25,Santa Clara,Saint Mary's,Away,11.5,137.5,590,64-73,-9,2.5,137,-0.5
2/12/25,UTSA,Wichita St,Away,6,150.5,213,64-69,-5,1,133,-17.5
2/12/25,NC Asheville,SC Upstate,Away,-10,163.5,-587,92-85,7,-3,177,13.5
2/12/25,Troy,Louisiana,Away,-10,138.5,-496,74-56,18,8,130,-8.5
2/12/25,Evansville,Missouri St,Away,4.5,132,176,54-71,-17,-12.5,125,-7
2/12/25,Colgate,Holy Cross,Away,-5,143.5,-205,87-65,22,17,152,8.5
2/12/25,Belmont,Valparaiso,Away,-4.5,161.5,-205,86-101,-15,-19.5,187,25.5
2/12/25,Boston U,Bucknell,Away,5.5,131.5,194,60-76,-16,-10.5,136,4.5
2/12/25,St John's,Villanova,Away,-2,140,-148,71-73,-2,-4,144,4
2/12/25,Radford,Winthrop,Away,3,151.5,123,74-78,-4,-1,152,0.5
2/12/25,Oakland,IU Indy,Away,-6.5,145.5,-278,82-67,15,8.5,149,3.5
2/12/25,Iowa,Rutgers,Away,6,161,210,84-73,11,17,157,-4
2/12/25,Purdue FW,Youngstown St,Away,-1,158.5,-116,71-93,-22,-23,164,5.5
2/12/25,Canisius,Niagara,Away,8.5,135.5,340,60-71,-11,-2.5,131,-4.5
2/13/25,Longwood,High Point,Away,10.5,155.5,455,72-83,-11,-0.5,155,-0.5
2/12/25,Presbyterian,Charleston So,Away,-1,139,-118,70-71,-1,-2,141,2
2/12/25,Oklahoma St,TCU,Away,4.5,140.5,190,72-73,-1,3.5,145,4.5
2/12/25,La Salle,Saint Joseph's,Away,11.5,148.5,640,63-75,-12,-0.5,138,-10.5
2/12/25,Dayton,Fordham,Away,-7.5,145.5,-350,93-76,17,9.5,169,23.5
2/12/25,Davidson,UMass,Away,1.5,147.5,100,77-68,9,10.5,145,-2.5
2/12/25,Tulsa,Temple,Away,8.5,148,320,80-74,6,14.5,154,6
2/12/25,St Bonaventure,Rhode Island,Away,1,140.5,-105,64-68,-4,-3,132,-8.5
2/12/25,Louisville,NC State,Away,-8.5,144,-368,91-66,25,16.5,157,13
2/12/25,Florida St,Wake Forest,Away,6.5,143.5,225,72-70,2,8.5,142,-1.5
2/12/25,Stanford,Georgia Tech,Away,-1.5,143.5,-132,52-60,-8,-9.5,112,-31.5
2/12/25,VCU,G Washington,Away,-8.5,141.5,-395,80-72,8,-0.5,152,10.5
2/12/25,Wofford,The Citadel,Away,-11.5,137,-900,74-71,3,-8.5,145,8
2/12/25,VMI,NC Greensboro,Away,9.5,139,395,54-80,-26,-16.5,134,-5
2/12/25,Mercer,Furman,Away,5.5,154,200,72-96,-24,-18.5,168,14
2/12/25,E Tennessee St,W Carolina,Away,-10,141.5,-575,67-76,-9,-19,143,1.5
2/12/25,Robert Morris,Cleveland St,Away,4.5,141.5,164,68-59,9,13.5,127,-14.5
2/12/25,Mississippi,South Carolina,Away,-3.5,138.5,-185,72-68,4,0.5,140,1.5
2/12/25,Lehigh,Navy,Away,3.5,138.5,148,60-63,-3,0.5,123,-15.5
2/12/25,Army,Loyola MD,Away,1.5,144.5,105,64-60,4,5.5,124,-20.5
2/12/25,Chattanooga,Samford,Away,5.5,155,195,82-68,14,19.5,150,-5
2/12/25,Xavier,Providence,Away,-3,145,-163,91-82,9,6,173,28
2/12/25,Washington,Ohio St,Away,11.5,144.5,520,69-93,-24,-12.5,162,17.5
2/12/25,Southern Miss,Arkansas St,Away,15.5,154,850,67-101,-34,-18.5,168,14
2/12/25,California,Duke,Away,23.5,142.5,2000,57-78,-21,2.5,135,-7.5
2/12/25,Notre Dame,Boston College,Away,-4.5,138.5,-192,97-94,3,-1.5,191,52.5
2/12/25,Arizona St,Texas Tech,Away,16,145.5,1000,106-111,-5,11,217,71.5
2/12/25,LSU,Arkansas,Away,9.5,147,379,58-70,-12,-2.5,128,-19
2/12/25,Oklahoma,Missouri,Away,9.5,151.5,380,58-82,-24,-14.5,140,-11.5
2/12/25,Drake,Illinois St,Away,-2,125.5,-128,84-77,7,5,161,35.5
2/12/25,S Illinois,Bradley,Away,8,146.5,314,64-78,-14,-6,142,-4.5
2/12/25,Wyoming,New Mexico,Away,16.5,143.5,1100,67-71,-4,12.5,138,-5.5
2/13/25,Delaware,Towson,Away,6.5,142.5,234,70-75,-5,1.5,145,2.5
2/13/25,St Francis PA,Stonehill,Away,3.5,137.5,147,74-79,-5,-1.5,153,15.5
2/13/25,Chicago St,F Dickinson,Away,9.5,144.5,321,49-91,-42,-32.5,140,-4.5
2/13/25,Mercyhurst,C Connecticut,Away,12,132.5,577,63-73,-10,2,136,3.5
2/13/25,Idaho St,Montana,Away,4.5,146.5,180,68-81,-13,-8.5,149,2.5
2/13/25,NJIT,Bryant,Away,18.5,149.5,,66-88,-22,-3.5,154,4.5
2/13/25,Weber St,Montana St,Away,8.5,139,315,66-74,-8,0.5,140,1
2/13/25,N Colorado,Sacramento St,Away,-7.5,145,-351,77-61,16,8.5,138,-7
2/13/25,Monmouth,Stony Brook,Away,-2,141,-143,79-69,10,8,148,7
2/13/25,Hofstra,William & Mary,Away,2.5,145.5,128,60-61,-1,1.5,121,-24.5
2/13/25,San Diego,Pepperdine,Away,8.5,152,292,81-88,-7,1.5,169,17
2/13/25,FGCU,Austin Peay,Away,-5,144,-213,60-73,-13,-18,133,-11
2/13/25,Pacific,Loyola Mymt,Away,11.5,137,533,83-58,25,36.5,141,4
2/13/25,NC A&T,Elon,Away,12.5,139,667,60-59,1,13.5,119,-20
2/13/25,Campbell,Northeastern,Away,5,138,180,58-67,-9,-4,125,-13
2/13/25,Charleston,NC Wilmington,Away,5.5,153.5,196,66-86,-20,-14.5,152,-1.5
2/13/25,UC Riverside,UC Davis,Away,1.5,134.5,109,74-75,-1,0.5,149,14.5
2/13/25,UCSB,UC Irvine,Away,8.5,142.5,340,60-62,-2,6.5,122,-20.5
2/13/25,J Madison,Georgia So,Away,-3.5,144.5,-175,77-72,5,1.5,149,4.5
2/13/25,Omaha,S Dakota St,Away,8.5,155,360,85-98,-13,-4.5,183,28
2/13/25,Kansas City,South Dakota,Away,2.5,158,124,72-79,-7,-4.5,151,-7
2/13/25,Oral Roberts,N Dakota St,Away,13,154.5,750,88-94,-6,7,182,27.5
2/13/25,Oregon St,Portland,Away,-13.5,144.5,-1000,72-84,-12,-25.5,156,11.5
2/13/25,Grand Canyon,Tarleton St,Away,-11.5,136.5,-715,64-60,4,-7.5,124,-12.5
2/13/25,Cal Baptist,UT Arlington,Away,-1.5,145.5,-127,79-82,-3,-4.5,161,15.5
2/13/25,Old Dominion,Georgia St,Away,2.5,150.5,126,75-97,-22,-19.5,172,21.5
2/13/25,Albany,UMass Lowell,Away,4.5,150.5,173,90-88,2,6.5,178,27.5
2/13/25,Binghamton,UMBC,Away,4.5,149,162,77-81,-4,0.5,158,9
2/13/25,Queens,Bellarmine,Away,-8,149.5,-334,92-87,5,-3,179,29.5
2/13/25,New Hampshire,Vermont,Away,14.5,130.5,800,59-79,-20,-5.5,138,7.5
2/13/25,App State,Coastal Car,Away,-8.5,127,-410,64-46,18,9.5,110,-17
2/13/25,Wagner,Le Moyne,Away,2.5,131.5,121,68-72,-4,-1.5,140,8.5
2/13/25,N Florida,N Alabama,Away,10,166.5,378,70-83,-13,-3,153,-13.5
2/13/25,Drexel,Hampton,Away,-1.5,129.5,-124,58-63,-5,-6.5,121,-8.5
2/13/25,W Georgia,E Kentucky,Away,12.5,151,675,73-95,-22,-9.5,168,17
2/13/25,Jacksonville,C Arkansas,Away,-12,135.5,-826,77-62,15,3,139,3.5
2/13/25,Texas St,UL Monroe,Away,-8.5,141.5,-439,72-60,12,3.5,132,-9.5
2/13/25,Jacksonville St,Sam Houston,Away,3,142.5,135,61-66,-5,-2,127,-15.5
2/13/25,Kennesaw St,Louisiana Tech,Away,4.5,144.5,173,69-47,22,26.5,116,-28.5
2/13/25,Seattle,Abl Christian,Away,-3,137.5,-155,59-75,-16,-19,134,-3.5
2/13/25,Tenn Tech,Little Rock,Away,6.5,134.5,252,75-79,-4,2.5,154,19.5
2/13/25,Denver,North Dakota,Away,8.5,152,334,68-64,4,12.5,132,-20
2/13/25,Marshall,S Alabama,Away,4.5,136.5,170,82-91,-9,-4.5,173,36.5
2/13/25,Stetson,Lipscomb,Away,18.5,148.5,1100,60-93,-33,-14.5,153,4.5
2/13/25,Tennessee St,E Illinois,Away,-2,142.5,-136,66-49,17,15,115,-27.5
2/13/25,Morehead St,Lindenwood,Away,-1,135.5,-120,60-73,-13,-14,133,-2.5
2/13/25,S Indiana,W Illinois,Away,1.5,136.5,-102,62-87,-25,-23.5,149,12.5
2/13/25,Utah Tech,S Utah,Away,2.5,144,135,74-76,-2,0.5,150,6
2/13/25,UT Martin,SIU Edward,Away,5.5,137,225,76-71,5,10.5,147,10
2/13/25,Maryland,Nebraska,Away,1,148.5,-103,83-75,8,9,158,9.5
2/13/25,Memphis,S Florida,Away,-6.5,151.5,-304,80-65,15,8.5,145,-6.5
2/13/25,Liberty,New Mexico St,Away,-3.5,133.5,-155,64-54,10,6.5,118,-15.5
2/13/25,Florida Intl,UTEP,Away,8.5,142,360,63-77,-14,-5.5,140,-2
2/13/25,UCSD,CS Bakersfield,Away,-12.5,140.5,-959,73-54,19,6.5,127,-13.5
2/13/25,Cal Poly,CS Fullerton,Away,-5.5,158.5,-265,98-83,15,9.5,181,22.5
2/13/25,N Arizona,Portland St,Away,5,145.5,184,46-58,-12,-7,104,-41.5
2/13/25,San Francisco,Gonzaga,Away,15.5,153.5,850,77-88,-11,4.5,165,11.5
2/13/25,Long Beach St,Hawai'i,Away,10.5,138.5,485,60-62,-2,8.5,122,-16.5
2/14/25,Fairfield,Saint Peter's,Away,4,132.5,175,52-65,-13,-9,117,-15.5
2/14/25,Columbia,Dartmouth,Away,1.5,159.5,107,56-78,-22,-20.5,134,-25.5
2/14/25,Mt St Mary's,Niagara,Away,1,135,104,84-83,1,2,167,32
2/14/25,Saint Louis,Loyola Chi,Away,2.5,140,124,69-78,-9,-6.5,147,7
2/14/25,Marist,Siena,Away,2.5,129,143,65-64,1,3.5,129,0
2/14/25,Merrimack,Manhattan,Away,-3.5,136.5,-156,75-79,-4,-7.5,154,17.5
2/14/25,N Kentucky,Green Bay,Away,-7,141.5,-330,73-60,13,6,133,-8.5
2/14/25,Quinnipiac,Sacred Heart,Away,-2.5,156.5,-150,99-90,9,6.5,189,32.5
2/14/25,Rider,Iona,Away,6,139,218,74-71,3,9,145,6
2/14/25,Princeton,Brown,Away,-5,142,-217,56-70,-14,-19,126,-16
2/14/25,Cornell,Harvard,Away,-6.5,152.5,-274,73-75,-2,-8.5,148,-4.5
2/14/25,Penn,Yale,Away,15.5,150,900,71-72,-1,14.5,143,-7
2/14/25,UCLA,Indiana,Away,-2,140.5,-148,72-68,4,2,140,-0.5
2/14/25,Wright St,Milwaukee,Away,6.5,156.5,220,80-88,-8,-1.5,168,11.5
2/15/25,St Bonaventure,UMass,Away,1.5,139,-103,73-59,14,15.5,132,-7
2/15/25,Texas So,Grambling,Away,1.5,135.5,110,67-60,7,8.5,127,-8.5
2/15/25,Clemson,Florida St,Away,-4.5,142.5,-205,72-46,26,21.5,118,-24.5
2/15/25,Miami,Pittsburgh,Away,11.5,150,525,65-74,-9,2.5,139,-11
2/15/25,Rice,Tulane,Away,4.5,140.5,181,78-81,-3,1.5,159,18.5
2/15/25,Idaho St,Montana St,Away,4,140,154,69-74,-5,-1,143,3
2/15/25,St Francis PA,C Connecticut,Away,11.5,137.5,494,67-83,-16,-4.5,150,12.5
2/15/25,Chicago St,Le Moyne,Away,6,148.5,215,75-80,-5,1,155,6.5
2/15/25,UMBC,Bryant,Away,12,167.5,551,79-81,-2,10,160,-7.5
2/15/25,Binghamton,NJIT,Away,-3,137.5,-150,75-71,4,1,146,8.5
2/15/25,App State,Georgia St,Away,-3.5,142.5,-170,65-70,-5,-8.5,135,-7.5
2/15/25,F Dickinson,LIU,Away,2.5,136.5,119,58-62,-4,-1.5,120,-16.5
2/15/25,Alabama A&M,Miss Valley St,Away,-13.5,137.5,-1000,82-70,12,-1.5,152,14.5
2/15/25,Alcorn St,Bethune,Away,6,137.5,215,78-74,4,10,152,14.5
2/15/25,Colgate,Boston U,Away,-3.5,136.5,-174,91-93,-2,-5.5,184,47.5
2/15/25,Loyola MD,American,Away,4,134.5,164,51-72,-21,-17,123,-11.5
2/15/25,Army,Navy,Away,3.5,143.5,151,54-61,-7,-3.5,115,-28.5
2/15/25,Jackson St,Florida A&M,Away,-2.5,144.5,-142,71-76,-5,-7.5,147,2.5
2/15/25,Holy Cross,Lehigh,Away,5,139,182,60-72,-12,-7,132,-7
2/15/25,Boise St,San Diego St,Away,1.5,134.5,120,47-64,-17,-15.5,111,-23.5
2/15/25,Howard,Delaware St,Away,1.5,158.5,102,69-90,-21,-19.5,159,0.5
2/15/25,Wyoming,Colorado St,Away,10.5,135.5,450,53-88,-35,-24.5,141,5.5
2/15/25,Belmont,S Illinois,Away,1.5,159.5,100,73-68,5,6.5,141,-18.5
2/15/25,Alabama St,AR-Pine Bluff,Away,-7.5,157.5,-345,75-63,12,4.5,138,-19.5
2/15/25,UNLV,Fresno St,Away,-8,148.5,-375,52-51,1,-7,103,-45.5
2/15/25,Monmouth,Towson,Away,8.5,136.5,351,54-80,-26,-17.5,134,-2.5
2/15/25,Gardner-Webb,SC Upstate,Away,-5.5,163,-225,96-87,9,3.5,183,20
2/15/25,Old Dominion,Georgia So,Away,5,146.5,190,75-78,-3,2,153,6.5
2/15/25,Bowling Green,Buffalo,Away,-1.5,153.5,-122,63-59,4,2.5,122,-31.5
2/15/25,Akron,C Michigan,Away,-3.5,156.5,-183,85-82,3,-0.5,167,10.5
2/15/25,J Madison,Coastal Car,Away,-9.5,131.5,-475,74-73,1,-8.5,147,15.5
2/15/25,Texas St,S Alabama,Away,6.5,136.5,235,65-70,-5,1.5,135,-1.5
2/15/25,Charleston,NC A&T,Away,-9.5,144.5,-501,69-59,10,0.5,128,-16.5
2/15/25,Drexel,William & Mary,Away,2.5,144,121,59-72,-13,-10.5,131,-13
2/15/25,UCSB,UC Riverside,Away,1,143.5,-105,69-81,-12,-11,150,6.5
2/15/25,Arkansas,Texas A&M,Away,7.5,142.5,305,61-69,-8,-0.5,130,-12.5
2/15/25,Campbell,Delaware,Away,3.5,148.5,142,96-91,5,8.5,187,38.5
2/15/25,Stony Brook,Northeastern,Away,11,140.5,489,60-71,-11,0,131,-9.5
2/15/25,Stetson,Austin Peay,Away,9.5,146.5,389,63-76,-13,-3.5,139,-7.5
2/15/25,Loyola Mymt,Portland,Away,-4.5,146,-230,78-89,-11,-15.5,167,21
2/15/25,Pepperdine,Gonzaga,Away,26,162,2000,55-107,-52,-26,162,0
2/15/25,Pacific,Oregon St,Away,13.5,137.5,700,65-79,-14,-0.5,144,6.5
2/15/25,San Francisco,San Diego,Away,-12.5,150.5,-950,84-61,23,10.5,145,-5.5
2/15/25,Utah Valley,S Utah,Away,-8.5,143,-410,70-68,2,-6.5,138,-5
2/15/25,Seattle,Tarleton St,Away,-5.5,129,-233,64-67,-3,-8.5,131,2
2/15/25,Grand Canyon,UT Arlington,Away,-8,152,-363,82-75,7,-1,157,5
2/16/25,S Dakota St,South Dakota,Away,-5.5,175.5,-238,94-91,3,-2.5,185,9.5
2/15/25,Omaha,St Thomas,Away,7.5,156.5,285,84-95,-11,-3.5,179,22.5
2/15/25,Denver,N Dakota St,Away,12.5,146,639,84-89,-5,7.5,173,27
2/15/25,Toledo,E Michigan,Away,-4,157.5,-182,73-80,-7,-11,153,-4.5
2/14/25,Ohio,Kent St,Away,4.5,148.5,175,75-76,-1,3.5,151,2.5
2/15/25,N Illinois,Ball St,Away,9.5,148,370,83-89,-6,3.5,172,24
2/15/25,Miami OH,W Michigan,Away,-6,153,-260,70-78,-8,-14,148,-5
2/15/25,VMI,Mercer,Away,8,155.5,280,80-71,9,17,151,-4.5
2/15/25,Idaho,E Washington,Away,2.5,149.5,120,73-75,-2,0.5,148,-1.5
2/15/25,Weber St,Montana,Away,9.5,146,410,58-65,-7,2.5,123,-23
2/15/25,DePaul,Xavier,Away,12.5,144,640,68-85,-17,-4.5,153,9
2/15/25,McNeese,New Orleans,Away,-19.5,142.5,-3600,78-64,14,-5.5,142,-0.5
2/15/25,Saint Joseph's,George Mason,Away,4.5,134,170,57-58,-1,3.5,115,-19
2/15/25,Illinois St,Indiana St,Away,-1.5,156,-114,76-85,-9,-10.5,161,5
2/15/25,Mercyhurst,Stonehill,Away,5,134.5,178,73-85,-12,-7,158,23.5
2/15/25,Bucknell,Lafayette,Away,-1.5,135,-125,75-69,6,4.5,144,9
2/15/25,Wisconsin,Purdue,Away,6,151.5,200,94-84,10,16,178,26.5
2/15/25,UMass Lowell,New Hampshire,Away,-10,149.5,-601,79-80,-1,-11,159,9.5
2/15/25,Vanderbilt,Tennessee,Away,12.5,141,640,76-81,-5,7.5,157,16
2/15/25,Vermont,Maine,Away,3.5,125.5,138,65-61,4,7.5,126,0.5
2/15/25,Washington,Penn St,Away,6,150,220,75-73,2,8,148,-2
2/15/25,Virginia,Virginia Tech,Away,1.5,128.5,105,73-70,3,4.5,143,14.5
2/15/25,Boston College,NC State,Away,8.5,141.5,320,62-70,-8,0.5,132,-9.5
2/15/25,Houston,Arizona,Away,-2,137.5,-142,62-58,4,2,120,-17.5
2/15/25,West Virginia,Baylor,Away,8.5,136.5,330,71-74,-3,5.5,145,8.5
2/15/25,High Point,Winthrop,Away,-3,164.5,-166,88-66,22,19,154,-10.5
2/15/25,Georgetown,Butler,Away,3.5,140,148,86-97,-11,-7.5,183,43
2/15/25,NC Greensboro,Furman,Away,3,139.5,145,58-50,8,11,108,-31.5
2/15/25,Samford,Wofford,Away,-1,150,-117,76-68,8,7,144,-6
2/15/25,Oral Roberts,North Dakota,Away,6,158.5,225,77-88,-11,-5,165,6.5
2/15/25,Jacksonville,N Alabama,Away,4.5,144.5,168,79-92,-13,-8.5,171,26.5
2/15/25,Hofstra,Hampton,Away,-2.5,129,-134,49-67,-18,-20.5,116,-13
2/15/25,Purdue FW,Robert Morris,Away,2.5,155.5,125,69-76,-7,-4.5,145,-10.5
2/15/25,Duquesne,Dayton,Away,10.5,134.5,448,76-77,-1,9.5,153,18.5
2/15/25,UConn,Seton Hall,Away,-13.5,132,-1350,68-69,-1,-14.5,137,5
2/15/25,UCF,Colorado,Away,1.5,154.5,110,63-76,-13,-11.5,139,-15.5
2/15/25,Texas Tech,Oklahoma St,Away,-9.5,148.5,-460,93-55,38,28.5,148,-0.5
2/15/25,Presbyterian,Longwood,Away,5.5,141.5,200,77-68,9,14.5,145,3.5
2/15/25,Southern Miss,UL Monroe,Away,-4.5,145.5,-190,74-81,-7,-11.5,155,9.5
2/15/25,Lamar,E Texas A&M,Away,-5,134.5,-221,65-55,10,5,120,-14.5
2/15/25,Nicholls,SE Louisiana,Away,1.5,143.5,102,81-84,-3,-1.5,165,21.5
2/15/25,Troy,Arkansas St,Away,6.5,144.5,225,71-70,1,7.5,141,-3.5
2/15/25,Kennesaw St,Sam Houston,Away,2.5,150.5,120,76-78,-2,0.5,154,3.5
2/15/25,Missouri,Georgia,Away,-2,144.5,-132,87-74,13,11,161,16.5
2/15/25,The Citadel,W Carolina,Away,6.5,140.5,225,73-76,-3,3.5,149,8.5
2/15/25,Coppin St,NC Central,Away,13,145,750,59-71,-12,1,130,-15
2/15/25,Cornell,Dartmouth,Away,-3.5,161.5,-171,49-88,-39,-42.5,137,-24.5
2/15/25,Norfolk St,Maryland ES,Away,-12.5,140,-1100,75-63,12,-0.5,138,-2
2/15/25,N Arizona,Sacramento St,Away,-3.5,138.5,-172,65-61,4,0.5,126,-12.5
2/15/25,Morgan St,S Carolina St,Away,9.5,158,358,62-90,-28,-18.5,152,-6
2/15/25,Minnesota,USC,Away,8,140,295,69-66,3,11,135,-5
2/15/25,E Carolina,Charlotte,Away,-3,141.5,-155,75-59,16,13,134,-7.5
2/15/25,Cincinnati,Iowa St,Away,11.5,139,525,70-81,-11,0.5,151,12
2/15/25,California,Georgia Tech,Away,3.5,144.5,136,88-90,-2,1.5,178,33.5
2/15/25,G Washington,Davidson,Away,3.5,140.5,145,74-67,7,10.5,141,0.5
2/15/25,La Salle,Rhode Island,Away,6.5,152.5,242,71-86,-15,-8.5,157,4.5
2/15/25,Stanford,Duke,Away,18.5,142.5,1400,70-106,-36,-17.5,176,33.5
2/15/25,Auburn,Alabama,Away,1.5,174.5,115,94-85,9,10.5,179,4.5
2/15/25,Queens,E Kentucky,Away,2.5,155.5,110,80-86,-6,-3.5,166,10.5
2/15/25,Jacksonville St,Louisiana Tech,Away,3,134.5,140,70-68,2,5,138,3.5
2/15/25,SF Austin,NW State,Away,2.5,129.5,122,70-68,2,4.5,138,8.5
2/15/25,Charleston So,NC Asheville,Away,10.5,154.5,483,72-75,-3,7.5,147,-7.5
2/15/25,S Indiana,Lindenwood,Away,3.5,143,136,78-81,-3,0.5,159,16
2/15/25,UT Martin,E Illinois,Away,-2.5,136,-138,72-68,4,1.5,140,4
2/15/25,Morehead St,W Illinois,Away,1,131,-108,67-72,-5,-4,139,8
2/15/25,N Florida,C Arkansas,Away,-9,157.5,-420,83-84,-1,-10,167,9.5
2/15/25,Incarnate Word,Texas A&M-CC,Away,7.5,143.5,260,55-69,-14,-6.5,124,-19.5
2/15/25,Tennessee St,SIU Edward,Away,4.5,145,162,72-84,-12,-7.5,156,11
2/15/25,Tenn Tech,SE Missouri St,Away,6.5,143.5,236,69-83,-14,-7.5,152,8.5
2/15/25,FGCU,Lipscomb,Away,6.5,143.5,260,68-82,-14,-7.5,150,6.5
2/15/25,N Colorado,Portland St,Away,1.5,148.5,100,71-82,-11,-9.5,153,4.5
2/15/25,Prairie View,Southern,Away,14.5,151,900,60-72,-12,2.5,132,-19
2/15/25,Hou Christian,UT Rio Grande,Away,4.5,147.5,170,52-76,-24,-19.5,128,-19.5
2/15/25,Columbia,Harvard,Away,3,150,136,75-87,-12,-9,162,12
2/15/25,Penn,Brown,Away,4.5,143.5,160,72-82,-10,-5.5,154,10.5
2/15/25,Fordham,Richmond,Away,-1,139.5,-120,66-70,-4,-5,136,-3.5
2/15/25,North Carolina,Syracuse,Away,-8.5,153,-423,88-82,6,-2.5,170,17
2/15/25,Wake Forest,SMU,Away,6.5,144.5,230,77-66,11,17.5,143,-1.5
2/15/25,UTSA,Tulsa,Away,1.5,147.5,105,76-80,-4,-2.5,156,8.5
2/15/25,Mississippi St,Mississippi,Away,3,147.5,145,81-71,10,13,152,4.5
2/15/25,LSU,Oklahoma,Away,8,148.5,285,82-79,3,11,161,12.5
2/15/25,Villanova,Providence,Away,-2.5,142,-153,62-75,-13,-15.5,137,-5
2/15/25,W Georgia,Bellarmine,Away,2.5,146.5,128,81-76,5,7.5,157,10.5
2/15/25,Princeton,Yale,Away,6.5,146,275,57-84,-27,-20.5,141,-5
2/15/25,Elon,NC Wilmington,Away,9.5,140,391,81-70,11,20.5,151,11
2/15/25,E Tennessee St,Chattanooga,Away,6.5,144,233,71-78,-7,-0.5,149,5
2/15/25,Michigan St,Illinois,Away,6.5,158.5,227,79-65,14,20.5,144,-14.5
2/15/25,TCU,Arizona St,Away,4.5,142,170,74-70,4,8.5,144,2
2/15/25,Cal Poly,CS Northridge,Away,10,171.5,430,85-89,-4,6,174,2.5
2/15/25,Marshall,Louisiana,Away,-6,146,-270,68-79,-11,-17,147,1
2/15/25,Kentucky,Texas,Away,4.5,159,170,78-82,-4,0.5,160,1
2/15/25,Middle Tenn,W Kentucky,Away,2.5,151.5,125,87-77,10,12.5,164,12.5
2/15/25,South Carolina,Florida,Away,13.5,144.5,600,67-88,-21,-7.5,155,10.5
2/15/25,Kansas St,BYU,Away,8,146.5,275,65-80,-15,-7,145,-1.5
2/15/25,Utah Tech,Cal Baptist,Away,11.5,144.5,571,83-86,-3,8.5,169,24.5
2/15/25,Florida Intl,New Mexico St,Away,6.5,138.5,240,48-76,-28,-21.5,124,-14.5
2/15/25,Liberty,UTEP,Away,-1.5,137,-119,76-69,7,5.5,145,8
2/15/25,CS Fullerton,CS Bakersfield,Away,9.5,142.5,395,54-91,-37,-27.5,145,2.5
2/15/25,Kansas,Utah,Away,-6.5,146,-277,67-74,-7,-13.5,141,-5
2/14/25,Nevada,San Jose St,Away,-7.5,136.5,-388,73-58,15,7.5,131,-5.5
2/15/25,UC Davis,UCSD,Away,14.5,134.5,775,60-85,-25,-10.5,145,10.5
2/15/25,Washington St,Saint Mary's,Away,15.5,140.5,900,56-77,-21,-5.5,133,-7.5
2/15/25,UC Irvine,Hawai'i,Away,-5.5,138.5,-234,66-49,17,11.5,115,-23.5
2/16/25,Memphis,Wichita St,Away,-7.5,150,-365,79-84,-5,-12.5,163,13
2/16/25,Florida Atlantic,Temple,Away,-5,162,-222,83-81,2,-3,164,2
2/16/25,Utah St,New Mexico,Away,5,159,187,79-82,-3,2,161,2
2/16/25,Bradley,Drake,Away,5.5,129.5,210,61-59,2,7.5,120,-9.5
2/16/25,Siena,Sacred Heart,Away,2.5,152,125,80-73,7,9.5,153,1
2/16/25,Marist,Merrimack,Away,5,124.5,180,61-60,1,6,121,-3.5
2/16/25,Rider,Saint Peter's,Away,4.5,129,153,65-66,-1,3.5,131,2
2/17/25,N Iowa,Murray St,Neutral,-1.5,135.5,-135,74-67,7,5.5,141,5.5
2/16/25,Valparaiso,Evansville,Away,-1.5,142.5,-126,69-79,-10,-11.5,148,5.5
2/16/25,Michigan,Ohio St,Away,1.5,152,106,86-83,3,4.5,169,17
2/16/25,Mt St Mary's,Canisius,Away,-7.5,140.5,-322,73-66,7,-0.5,139,-1.5
2/16/25,Iona,Quinnipiac,Away,6.5,150.5,235,74-79,-5,1.5,153,2.5
2/16/25,Manhattan,Fairfield,Away,-1,147,-103,80-67,13,12,147,0
2/16/25,N Kentucky,Milwaukee,Away,6.5,145,220,70-92,-22,-15.5,162,17
2/16/25,Wright St,Green Bay,Away,-9.5,152,-464,68-79,-11,-20.5,147,-5
2/16/25,Detroit Mercy,Oakland,Away,12.5,138,675,83-93,-10,2.5,176,38
2/16/25,Youngstown St,Cleveland St,Away,3.5,142,140,68-60,8,11.5,128,-14
2/16/25,Creighton,St John's,Away,6.5,143.5,225,73-79,-6,0.5,152,8.5
2/16/25,Nebraska,Northwestern,Away,-1.5,142,-132,68-64,4,2.5,132,-10
2/16/25,Missouri St,Illinois Chicago,Away,5.5,142,203,58-63,-5,0.5,121,-21
2/16/25,S Florida,UAB,Away,8,157.5,320,78-85,-7,1,163,5.5
2/16/25,Iowa,Maryland,Away,11,163.5,500,75-101,-26,-15,176,12.5
2/16/25,Rutgers,Oregon,Away,8,153.5,307,57-75,-18,-10,132,-21.5
2/16/25,Louisville,Notre Dame,Away,-7.5,148.5,-349,75-60,15,7.5,135,-13.5
2/17/25,Alabama St,Miss Valley St,Away,-18,136.5,-3200,79-56,23,5,135,-1.5
2/17/25,Lehigh,Bucknell,Away,7,140.5,240,50-67,-17,-10,117,-23.5
2/17/25,Alcorn St,Florida A&M,Away,3,138.5,145,76-85,-9,-6,161,22.5
2/17/25,Alabama A&M,AR-Pine Bluff,Away,-2,162.5,-130,75-61,14,12,136,-26.5
2/17/25,Nicholls,New Orleans,Away,-9.5,148.5,-500,78-62,16,6.5,140,-8.5
2/17/25,McNeese,SE Louisiana,Away,-9,139.5,-429,88-82,6,-3,170,30.5
2/17/25,Jackson St,Bethune,Away,3,148.5,130,84-71,13,16,155,6.5
2/17/25,Coppin St,S Carolina St,Away,16,141.5,1100,57-87,-30,-14,144,2.5
2/17/25,Delaware St,Norfolk St,Away,8,149,310,84-96,-12,-4,180,31
2/17/25,Morgan St,NC Central,Away,9.5,161.5,360,92-78,14,23.5,170,8.5
2/17/25,Maryland ES,Howard,Away,11.5,147,650,62-86,-24,-12.5,148,1
2/17/25,SF Austin,E Texas A&M,Away,-5.5,133.5,-243,76-74,2,-3.5,150,16.5
2/17/25,Lamar,NW State,Away,1,132.5,-105,75-65,10,11,140,7.5
2/17/25,Incarnate Word,UT Rio Grande,Away,4.5,146.5,164,66-60,6,10.5,126,-20.5
2/17/25,Duke,Virginia,Away,-14.5,132.5,-1350,80-62,18,3.5,142,9.5
2/17/25,Hou Christian,Texas A&M-CC,Away,10.5,139.5,440,62-68,-6,4.5,130,-9.5
2/17/25,Prairie View,Grambling,Away,8.5,140.5,363,48-70,-22,-13.5,118,-22.5
2/17/25,Texas So,Southern,Away,7,143.5,245,57-66,-9,-2,123,-20.5
2/17/25,Arizona,Baylor,Away,2.5,154.5,125,74-67,7,9.5,141,-13.5
2/17/25,Kansas St,Utah,Away,3,147,135,69-74,-5,-2,143,-4
2/19/25,San Jose St,Utah St,Away,17,149,950,57-105,-48,-31,162,13
2/18/25,Fresno St,San Diego St,Away,18.5,142.5,1200,60-83,-23,-4.5,143,0.5
2/18/25,Nevada,Colorado St,Away,3.5,138,141,71-79,-8,-4.5,150,12
2/18/25,W Michigan,Buffalo,Away,-2,155.5,-139,97-64,33,31,161,5.5
2/18/25,Miami OH,E Michigan,Away,-4.5,152.5,-194,66-76,-10,-14.5,142,-10.5
2/18/25,Kent St,Bowling Green,Away,-6,142,-258,91-84,7,1,175,33
2/18/25,N Illinois,Akron,Away,19.5,160,1200,63-73,-10,9.5,136,-24
2/18/25,C Michigan,Ohio,Away,5,153,180,82-84,-2,3,166,13
2/18/25,Ball St,Toledo,Away,7.5,155.5,282,66-67,-1,6.5,133,-22.5
2/18/25,Austin Peay,Bellarmine,Away,-4.5,145,-208,68-94,-26,-30.5,162,17
2/18/25,Jacksonville,FGCU,Away,3,141,130,56-72,-16,-13,128,-13
2/18/25,Villanova,UConn,Away,8.5,137,337,59-66,-7,1.5,125,-12
2/18/25,Purdue,Michigan St,Away,3.5,148.5,140,66-75,-9,-5.5,141,-7.5
2/18/25,Loyola Chi,Davidson,Away,2,139.5,114,77-69,8,10,146,6.5
2/18/25,Syracuse,Pittsburgh,Away,11,145.5,500,69-80,-11,0,149,3.5
2/18/25,W Georgia,N Alabama,Away,16.5,149.5,1100,62-80,-18,-1.5,142,-7.5
2/18/25,N Florida,Stetson,Away,-6.5,165,-278,79-71,8,1.5,150,-15
2/18/25,Lipscomb,E Kentucky,Away,-4,154.5,-180,57-66,-9,-13,123,-31.5
2/18/25,Texas A&M,Mississippi St,Away,2.5,143,124,54-70,-16,-13.5,124,-19
2/18/25,C Arkansas,Queens,Away,13.5,142.5,800,72-89,-17,-3.5,161,18.5
2/18/25,Oklahoma,Florida,Away,14.5,156.5,900,63-85,-22,-7.5,148,-8.5
2/18/25,Texas Tech,TCU,Away,-7,141.5,-328,66-69,-3,-10,135,-6.5
2/18/25,Colorado,Iowa St,Away,18,142.5,1150,65-79,-14,4,144,1.5
2/18/25,Seton Hall,Marquette,Away,18.5,136,1200,56-80,-24,-5.5,136,0
2/18/25,Butler,Xavier,Away,7,151.5,270,63-76,-13,-6,139,-12.5
2/18/25,Illinois,Wisconsin,Away,4,162,158,74-95,-21,-17,169,7
2/18/25,Air Force,Wyoming,Away,8.5,130.5,350,62-69,-7,1.5,131,0.5
2/18/25,Tennessee St,UT Martin,Away,2.5,152.5,133,86-75,11,13.5,161,8.5
2/18/25,Kansas,BYU,Away,3,147.5,130,57-91,-34,-31,148,0.5
2/18/25,Houston,Arizona St,Away,-12,134.5,-820,80-65,15,3,145,10.5
2/18/25,Virginia Tech,Boston College,Away,-1.5,142,-125,36-54,-18,-19.5,90,-52
2/18/25,South Carolina,LSU,Away,2.5,139.5,124,67-81,-14,-11.5,148,8.5
2/18/25,Minnesota,UCLA,Away,11.5,131.5,575,64-61,3,14.5,125,-6.5
2/19/25,Missouri St,Valparaiso,Away,2.5,139.5,124,64-66,-2,0.5,130,-9.5
2/19/25,Tulsa,N Texas,Away,14,128.5,775,44-63,-19,-5,107,-21.5
2/19/25,UL Monroe,Texas St,Away,12.5,141.5,670,63-80,-17,-4.5,143,1.5
2/19/25,Portland,Saint Mary's,Away,23.5,139.5,2000,66-79,-13,10.5,145,5.5
2/19/25,St Thomas,South Dakota,Away,-3.5,175.5,-165,80-85,-5,-8.5,165,-10.5
2/19/25,N Dakota St,S Dakota St,Away,6.5,157.5,231,77-68,9,15.5,145,-12.5
2/19/25,Oral Roberts,Denver,Away,3,148.5,130,60-71,-11,-8,131,-17.5
2/19/25,Omaha,Kansas City,Away,2.5,145.5,130,78-66,12,14.5,144,-1.5
2/19/25,Mercer,The Citadel,Away,-7.5,149.5,-315,62-52,10,2.5,114,-35.5
2/19/25,NC Greensboro,E Tennessee St,Away,2.5,132.5,120,49-65,-16,-13.5,114,-18.5
2/19/25,Evansville,Indiana St,Away,7.5,149.5,280,79-74,5,12.5,153,3.5
2/19/25,Loyola MD,Boston U,Away,4.5,131.5,165,66-68,-2,2.5,134,2.5
2/19/25,Navy,Colgate,Away,6.5,140.5,236,75-79,-4,2.5,154,13.5
2/19/25,American,Army,Away,1.5,137,105,69-76,-7,-5.5,145,8
2/19/25,Lafayette,Holy Cross,Away,-2.5,136,-155,69-74,-5,-7.5,143,7
2/19/25,UMass,VCU,Away,16.5,148,1100,51-80,-29,-12.5,131,-17
2/19/25,Wofford,VMI,Away,-5.5,143.5,-250,82-43,39,33.5,125,-18.5
2/19/25,Richmond,La Salle,Away,3.5,138.5,150,63-58,5,8.5,121,-17.5
2/19/25,Nebraska,Penn St,Away,-1.5,151,-124,72-89,-17,-18.5,161,10
2/20/25,NC Asheville,Radford,Away,3.5,146.5,143,53-77,-24,-20.5,130,-16.5
2/19/25,Winthrop,Presbyterian,Away,-3,152.5,-153,81-77,4,1,158,5.5
2/19/25,Gardner-Webb,Longwood,Away,3.5,157,150,77-90,-13,-9.5,167,10
2/19/25,Charleston So,High Point,Away,16.5,152.5,950,60-83,-23,-6.5,143,-9.5
2/19/25,Saint Joseph's,G Washington,Away,-2.5,141.5,-142,79-68,11,8.5,147,5.5
2/19/25,Fordham,Duquesne,Away,6.5,142,235,64-73,-9,-2.5,137,-5
2/19/25,SMU,Notre Dame,Away,1.5,144.5,113,97-73,24,25.5,170,25.5
2/19/25,NC State,North Carolina,Away,10.5,146,463,73-97,-24,-13.5,170,24
2/19/25,Cincinnati,West Virginia,Away,3,129.5,136,59-62,-3,0,121,-8.5
2/19/25,Temple,Charlotte,Away,-1.5,147,-128,72-78,-6,-7.5,150,3
2/19/25,IU Indy,Detroit Mercy,Away,1,147.5,101,80-71,9,10,151,3.5
2/19/25,W Carolina,Chattanooga,Away,16.5,152.5,1100,86-91,-5,11.5,177,24.5
2/19/25,Vanderbilt,Kentucky,Away,5,162.5,190,61-82,-21,-16,143,-19.5
2/19/25,Providence,Georgetown,Away,1.5,142.5,-107,72-93,-21,-19.5,165,22.5
2/19/25,E Carolina,Tulane,Away,2.5,142.5,125,81-86,-5,-2.5,167,24.5
2/19/25,Illinois Chicago,Drake,Away,10,133.5,455,57-74,-17,-7,131,-2.5
2/19/25,Furman,Samford,Away,7,153,250,80-72,8,15,152,-1
2/19/25,N Iowa,Belmont,Away,1,153.5,-102,82-75,7,8,157,3.5
2/19/25,UAB,Rice,Away,-4.5,153.5,-198,90-89,1,-3.5,179,25.5
2/19/25,S Florida,UTSA,Away,3,154.5,143,78-73,5,8,151,-3.5
2/19/25,Bradley,Illinois St,Away,0,145.5,-113,71-82,-11,-11,153,7.5
2/19/25,S Alabama,Arkansas St,Away,8,143.5,302,60-56,4,12,116,-27.5
2/19/25,Oregon,Iowa,Away,-2,159,-135,80-78,2,0,158,-1
2/19/25,UCF,Oklahoma St,Away,2,158.5,105,95-104,-9,-7,199,40.5
2/19/25,Miami,Florida St,Away,8.5,155,343,66-74,-8,0.5,140,-15
2/19/25,Gonzaga,Washington St,Away,-11.5,166.5,-840,84-63,21,9.5,147,-19.5
2/19/25,Arkansas,Auburn,Away,16,151.5,950,60-67,-7,9,127,-24.5
2/19/25,Alabama,Missouri,Away,1.5,173,100,98-110,-12,-10.5,208,35
2/19/25,St John's,DePaul,Away,-11.5,143.5,-800,82-58,24,12.5,140,-3.5
2/19/25,New Mexico,Boise St,Away,4.5,152.5,170,78-86,-8,-3.5,164,11.5
2/19/25,Rutgers,Washington,Away,2.5,147.5,127,89-85,4,6.5,174,26.5
2/20/25,C Connecticut,Chicago St,Away,-11.5,137,-810,81-75,6,-5.5,156,19
2/20/25,Maine,Albany,Away,-1.5,138.5,-130,68-79,-11,-12.5,147,8.5
2/20/25,Stonehill,Wagner,Away,2,125.5,125,57-63,-6,-4,120,-5.5
2/20/25,F Dickinson,Mercyhurst,Away,-3,140.5,-152,60-65,-5,-8,125,-15.5
2/20/25,Sacramento St,Weber St,Away,7,135.5,240,80-77,3,10,157,21.5
2/20/25,Idaho,N Arizona,Away,2.5,147,130,83-78,5,7.5,161,14
2/20/25,E Washington,N Colorado,Away,8.5,152.5,360,76-95,-19,-10.5,171,18.5
2/20/25,Coastal Car,Southern Miss,Away,6,138.5,220,87-78,9,15,165,26.5
2/20/25,Georgia St,J Madison,Away,11,148.5,495,63-83,-20,-9,146,-2.5
2/20/25,Louisiana,Troy,Away,15,138,900,72-69,3,18,141,3
2/20/25,CS Northridge,UC Irvine,Away,6.5,150.5,260,84-72,12,18.5,156,5.5
2/20/25,CS Bakersfield,UC Davis,Away,4,137,158,71-66,5,9,137,0
2/20/25,Charleston,Northeastern,Away,-1,149.5,-114,73-62,11,10,135,-14.5
2/20/25,Long Beach St,UC Riverside,Away,10.5,141.5,497,66-87,-21,-10.5,153,11.5
2/20/25,Pacific,San Francisco,Away,15.5,140.5,950,58-71,-13,2.5,129,-11.5
2/20/25,Oregon St,Pepperdine,Away,-7.5,146.5,-340,84-78,6,-1.5,162,15.5
2/20/25,Monmouth,Hofstra,Away,7,135,259,68-62,6,13,130,-5
2/20/25,Towson,Elon,Away,-1.5,133.5,-125,63-69,-6,-7.5,132,-1.5
2/20/25,Drexel,Delaware,Away,2.5,142,124,78-74,4,6.5,152,10
2/20/25,Campbell,NC A&T,Away,-5.5,136.5,-238,50-53,-3,-8.5,103,-33.5
2/20/25,UMBC,UMass Lowell,Away,6,163.5,220,79-98,-19,-13,177,13.5
2/20/25,New Hampshire,Binghamton,Away,8.5,139.5,350,60-79,-19,-10.5,139,-0.5
2/20/25,E Kentucky,Bellarmine,Away,-8,152.5,-380,74-80,-6,-14,154,1.5
2/20/25,Georgia So,App State,Away,8.5,139,330,74-79,-5,3.5,153,14
2/20/25,Northwestern,Ohio St,Away,9.5,143.5,399,70-49,21,30.5,119,-24.5
2/20/25,St Francis PA,Le Moyne,Away,3.5,151,150,81-76,5,8.5,157,6
2/20/25,Bryant,Vermont,Away,-1.5,141,-120,55-59,-4,-5.5,114,-27
2/24/25,NC Wilmington,William & Mary,Away,-3,156.5,-160,79-70,9,6,149,-7.5
2/24/25,Stony Brook,Hampton,Away,8.5,138.5,340,49-81,-32,-23.5,130,-8.5
2/20/25,FGCU,Stetson,Away,-11,144,-700,83-80,3,-8,163,19
2/20/25,UTEP,Kennesaw St,Away,4,148,173,73-83,-10,-6,156,8
2/20/25,New Mexico St,Jacksonville St,Away,6.5,135.5,241,61-52,9,15.5,113,-22.5
2/20/25,Marshall,Old Dominion,Away,-4,146.5,-187,81-77,4,0,158,11.5
2/20/25,Austin Peay,Queens,Away,6.5,148.5,240,92-78,14,20.5,170,21.5
2/20/25,SIU Edward,Morehead St,Away,-1.5,132.5,-130,80-62,18,16.5,142,9.5
2/20/25,C Arkansas,W Georgia,Away,4,142,160,82-71,11,15,153,11
2/20/25,Lindenwood,Little Rock,Away,9,136.5,385,93-92,1,10,185,48.5
2/20/25,S Utah,Abl Christian,Away,7,142.5,260,59-75,-16,-9,134,-8.5
2/20/25,Jacksonville,N Florida,Away,-1,159.5,-115,73-77,-4,-5,150,-9.5
2/20/25,N Alabama,Lipscomb,Away,7,149,330,63-75,-12,-5,138,-11
2/20/25,USC,Maryland,Away,11.5,155,506,71-88,-17,-5.5,159,4
2/20/25,W Illinois,SE Missouri St,Away,11,138,510,66-87,-21,-10,153,15
2/20/25,UT Martin,Tenn Tech,Away,2,145,115,66-71,-5,-3,137,-8
2/20/25,E Illinois,S Indiana,Away,2.5,136.5,132,63-54,9,11.5,117,-19.5
2/20/25,Wichita St,Florida Atlantic,Away,7.5,156.5,275,75-68,7,14.5,143,-13.5
2/20/25,Portland St,Idaho St,Away,2,140.5,114,74-82,-8,-6,156,15.5
2/20/25,Utah Valley,Utah Tech,Away,-7,146.5,-323,79-77,2,-5,156,9.5
2/20/25,Louisiana Tech,Middle Tenn,Away,6,141,220,85-74,11,17,159,18
2/20/25,Sam Houston,W Kentucky,Away,4,154,154,78-62,16,20,140,-14
2/20/25,CS Fullerton,UCSB,Away,14.5,144.5,890,56-86,-30,-15.5,142,-2.5
2/20/25,UCSD,Cal Poly,Away,-12.5,160.5,-952,81-67,14,1.5,148,-12.5
2/20/25,Loyola Mymt,Santa Clara,Away,10.5,148.5,500,61-76,-15,-4.5,137,-11.5
2/21/25,Manhattan,Iona,Away,3.5,146,145,60-65,-5,-1.5,125,-21
2/21/25,Dartmouth,Penn,Away,2,148.5,112,75-88,-13,-11,163,14.5
2/21/25,Milwaukee,Youngstown St,Away,1.5,152.5,105,84-74,10,11.5,158,5.5
2/21/25,Dayton,Loyola Chi,Away,-1.5,140,-120,72-76,-4,-5.5,148,8
2/21/25,Green Bay,Robert Morris,Away,13.5,147,775,85-94,-9,4.5,179,32
2/21/25,N Kentucky,Wright St,Away,3.5,147,158,80-76,4,7.5,156,9
2/21/25,Cleveland St,Detroit Mercy,Away,-8.5,139,-410,73-65,8,-0.5,138,-1
2/21/25,Oakland,Purdue FW,Away,4,154.5,156,66-80,-14,-10,146,-8.5
2/21/25,Niagara,Siena,Away,6.5,136.5,250,60-94,-34,-27.5,154,17.5
2/21/25,Saint Peter's,Mt St Mary's,Away,4,131.5,157,58-69,-11,-7,127,-4.5
2/21/25,Canisius,Marist,Away,11.5,131.5,651,81-89,-8,3.5,170,38.5
2/21/25,Fairfield,Rider,Away,3.5,139.5,143,69-49,20,23.5,118,-21.5
2/21/25,Sacred Heart,Merrimack,Away,5.5,145.5,195,60-59,1,6.5,119,-26.5
2/21/25,Marquette,Villanova,Away,-2,141.5,-133,66-81,-15,-17,147,5.5
2/21/25,Cornell,Yale,Away,11.5,160.5,478,88-92,-4,7.5,180,19.5
2/21/25,Harvard,Princeton,Away,8,138,307,71-76,-5,3,147,9
2/21/25,Columbia,Brown,Away,5,151.5,181,61-86,-25,-20,147,-4.5
2/21/25,Michigan St,Michigan,Away,3,150.5,135,75-62,13,16,137,-13.5
2/22/25,TCU,Cincinnati,Away,7,132,265,63-75,-12,-5,138,6
2/22/25,BYU,Arizona,Away,7,153.5,250,96-95,1,8,191,37.5
2/22/25,Tulsa,Rice,Away,6,142.5,213,50-71,-21,-15,121,-21.5
2/22/25,Florida St,Louisville,Away,13.5,154.5,725,81-89,-8,5.5,170,15.5
2/22/25,Valparaiso,S Illinois,Away,6,147.5,220,83-79,4,10,162,14.5
2/22/25,Murray St,Bradley,Away,7,138.5,255,83-85,-2,5,168,29.5
2/22/25,Indiana St,Belmont,Away,5,168.5,185,75-77,-2,3,152,-16.5
2/22/25,Illinois St,Missouri St,Away,-3,135.5,-153,70-68,2,-1,138,2.5
2/23/25,Colgate,Loyola MD,Away,-3.5,145.5,-178,65-84,-19,-22.5,149,3.5
2/22/25,Florida A&M,Alabama St,Away,7,145.5,245,59-60,-1,6,119,-26.5
2/22/25,Miss Valley St,Texas So,Away,23.5,136,3500,38-79,-41,-17.5,117,-19
2/22/25,Southern,Grambling,Away,-3.5,131.5,-166,71-64,7,3.5,135,3.5
2/22/25,Fresno St,Air Force,Away,3.5,142,155,69-72,-3,0.5,141,-1
2/22/25,San Diego St,Utah St,Away,5.5,143,200,71-79,-8,-2.5,150,7
2/22/25,Marshall,App State,Away,4,137.5,154,69-59,10,14,128,-9.5
2/22/25,Alcorn St,Jackson St,Away,6.5,142.5,225,63-71,-8,-1.5,134,-8.5
2/22/25,UT Rio Grande,Nicholls,Away,5.5,152.5,200,84-93,-9,-3.5,177,24.5
2/22/25,F Dickinson,St Francis PA,Away,-1,145,-118,80-85,-5,-6,165,20
2/22/25,Wagner,Chicago St,Away,-3,125.5,-175,64-52,12,9,116,-9.5
2/22/25,Stonehill,C Connecticut,Away,8,136,320,41-67,-26,-18,108,-28
2/22/25,Montana,Montana St,Away,2,145,111,89-85,4,6,174,29
2/22/25,NJIT,UMBC,Away,7.5,151.5,310,91-95,-4,3.5,186,34.5
2/22/25,New Hampshire,Albany,Away,13,145.5,615,71-60,11,24,131,-14.5
2/22/25,Oregon,Wisconsin,Away,8.5,153,310,77-73,4,12.5,150,-3
2/22/25,Boston U,American,Away,4,127.5,160,44-48,-4,0,92,-35.5
2/22/25,Portland St,Weber St,Away,-3.5,142.5,-166,58-60,-2,-5.5,118,-24.5
2/22/25,Idaho,N Colorado,Away,9.5,156.5,360,74-92,-18,-8.5,166,9.5
2/22/25,NW State,New Orleans,Away,-6,141,-275,73-66,7,1,139,-2
2/22/25,E Washington,N Arizona,Away,3.5,146,160,67-87,-20,-16.5,154,8
2/22/25,SF Austin,Incarnate Word,Away,1.5,136.5,-102,61-63,-2,-0.5,124,-12.5
2/22/25,Lamar,Hou Christian,Away,-1.5,134.5,-130,66-58,8,6.5,124,-10.5
2/22/25,Tennessee,Texas A&M,Away,2,131,110,77-69,8,10,146,15
2/22/25,Pepperdine,Loyola Mymt,Away,6,148,215,82-93,-11,-5,175,27
2/22/25,Oregon St,San Diego,Away,-11.5,145.5,-850,83-73,10,-1.5,156,10.5
2/22/25,Saint Mary's,Gonzaga,Away,7,142.5,245,74-67,7,14,141,-1.5
2/22/25,Tarleton St,UT Arlington,Away,7,135,258,57-67,-10,-3,124,-11
2/22/25,Portland,Pacific,Away,2.5,148,124,81-73,8,10.5,154,6
2/22/25,Cal Baptist,Grand Canyon,Away,12,147.5,570,64-66,-2,10,130,-17.5
2/22/25,Seattle,Utah Valley,Away,5.5,140.5,206,55-61,-6,-0.5,116,-24.5
2/22/25,St Thomas,Oral Roberts,Away,-8.5,155.5,-410,66-71,-5,-13.5,137,-18.5
2/22/25,South Dakota,Omaha,Away,4.5,172.5,172,85-93,-8,-3.5,178,5.5
2/23/25,Kansas City,S Dakota St,Away,10,146.5,413,65-70,-5,5,135,-11.5
2/22/25,NC Greensboro,Mercer,Away,-3.5,144.5,-160,78-61,17,13.5,139,-5.5
2/22/25,VMI,Furman,Away,12.5,145.5,609,71-75,-4,8.5,146,0.5
2/22/25,Hofstra,Delaware,Away,2,142.5,112,78-65,13,15,143,0.5
2/22/25,Stony Brook,NC A&T,Away,3,134.5,130,72-73,-1,2,145,10.5
2/24/25,Northeastern,Monmouth,Away,-1.5,144,-130,73-78,-5,-6.5,151,7
2/22/25,Charleston,Drexel,Away,-1.5,140,-124,55-64,-9,-10.5,119,-21
2/22/25,CS Northridge,UC Davis,Away,-4,146,-185,65-62,3,-1,127,-19
2/22/25,William & Mary,Elon,Away,3.5,152.5,138,79-70,9,12.5,149,-3.5
2/22/25,Georgia So,J Madison,Away,9,146.5,349,73-78,-5,4,151,4.5
2/22/25,Coastal Car,Troy,Away,15.5,134.5,890,66-83,-17,-1.5,149,14.5
2/22/25,S Alabama,Texas St,Away,2,133.5,115,92-93,-1,1,185,51.5
2/22/25,Georgia St,Old Dominion,Away,2.5,152.5,122,76-70,6,8.5,146,-6.5
2/22/25,Louisiana,Southern Miss,Away,4.5,148.5,154,62-60,2,6.5,122,-26.5
2/21/25,Kent St,Miami OH,Away,1.5,147.5,-105,92-96,-4,-2.5,188,40.5
2/22/25,E Michigan,N Illinois,Away,-5,144.5,-225,79-76,3,-2,155,10.5
2/22/25,C Michigan,W Michigan,Away,-2,149.5,-138,86-57,29,27,143,-6.5
2/22/25,Buffalo,Ball St,Away,9,151.5,385,66-80,-14,-5,146,-5.5
2/21/25,Bowling Green,Toledo,Away,7.5,154.5,287,69-68,1,8.5,137,-17.5
2/22/25,Akron,Ohio,Away,-1.5,166,-130,67-84,-17,-18.5,151,-15
2/22/25,Richmond,Saint Joseph's,Away,13.5,135.5,750,62-78,-16,-2.5,140,4.5
2/22/25,West Virginia,Texas Tech,Away,9.5,134.5,425,51-73,-22,-12.5,124,-10.5
2/22/25,Mississippi St,Oklahoma,Away,-4,149,-192,87-93,-6,-10,180,31
2/22/25,Georgia Tech,Boston College,Away,-2,141.5,-125,54-69,-15,-17,123,-18.5
2/22/25,Wake Forest,NC State,Away,-4,138,-180,73-85,-12,-16,158,20
2/22/25,Iowa St,Houston,Away,11,129.5,542,59-68,-9,2,127,-2.5
2/22/25,Davidson,Fordham,Away,-2.5,148.5,-142,80-69,11,8.5,149,0.5
2/22/25,Penn St,Minnesota,Away,2.5,141.5,130,69-60,9,11.5,129,-12.5
2/23/25,Holy Cross,Navy,Away,6.5,136.5,240,77-83,-6,0.5,160,23.5
2/22/25,LIU,Le Moyne,Away,-1.5,136.5,-120,76-61,15,13.5,137,0.5
2/22/25,Maine,Binghamton,Away,-3.5,137,-170,69-71,-2,-5.5,140,3
2/22/25,Longwood,NC Asheville,Away,3.5,158.5,145,82-87,-5,-1.5,169,10.5
2/22/25,High Point,Gardner-Webb,Away,-8,161,-395,90-67,23,15,157,-4
2/22/25,SC Upstate,Charleston So,Away,6.5,158.5,230,79-69,10,16.5,148,-10.5
2/22/25,NC Wilmington,Hampton,Away,-6,140.5,-250,70-83,-13,-19,153,12.5
2/22/25,Towson,Campbell,Away,-2.5,132,-147,76-67,9,6.5,143,11
2/22/25,E Tennessee St,Wofford,Away,3.5,135.5,155,73-68,5,8.5,141,5.5
2/22/25,N Dakota St,North Dakota,Away,-3.5,158,-169,77-79,-2,-5.5,156,-2
2/22/25,The Citadel,Chattanooga,Away,17.5,143.5,1400,75-76,-1,16.5,151,7.5
2/22/25,Florida Intl,Liberty,Away,13,138.5,660,45-58,-13,0,103,-35.5
2/22/25,Pittsburgh,Notre Dame,Away,-3,138,-162,72-76,-4,-7,148,10
2/22/25,Rhode Island,Saint Louis,Away,6.5,153,250,66-81,-15,-8.5,147,-6
2/22/25,Evansville,Illinois Chicago,Away,7.5,145,270,77-82,-5,2.5,159,14
2/22/25,Sam Houston,Middle Tenn,Away,5,150,171,70-74,-4,1,144,-6
2/22/25,W Carolina,Samford,Away,16.5,158.5,1000,72-93,-21,-4.5,165,6.5
2/22/25,UL Monroe,Arkansas St,Away,22.5,147.5,1800,70-95,-25,-2.5,165,17.5
2/22/25,Mississippi,Vanderbilt,Away,1,152.5,105,72-77,-5,-4,149,-3.5
2/22/25,E Illinois,Morehead St,Away,5.5,129,195,67-62,5,10.5,129,0
2/22/25,San Jose St,Wyoming,Away,5,135.5,186,82-73,9,14,155,19.5
2/22/25,Washington,Iowa,Away,6.5,157,228,79-85,-6,0.5,164,7
2/22/25,Howard,Morgan St,Away,-1,165.5,-111,87-81,6,5,168,2.5
2/26/25,NC Central,Maryland ES,Away,-6,145,-338,59-68,-9,-15,127,-18
2/22/25,S Carolina St,Delaware St,Away,-4.5,154,-190,94-88,6,1.5,182,28
2/22/25,Virginia,North Carolina,Away,9.5,139.5,400,66-81,-15,-5.5,147,7.5
2/22/25,Clemson,SMU,Away,-1.5,146.5,-115,79-69,10,8.5,148,1.5
2/22/25,Duquesne,St Bonaventure,Away,5.5,130,215,63-70,-7,-1.5,133,3
2/22/25,George Mason,VCU,Away,11,130,496,54-70,-16,-5,124,-6
2/22/25,Oklahoma St,Kansas,Away,14.5,150.5,825,64-96,-32,-17.5,160,9.5
2/22/25,Baylor,Colorado,Away,-6,142,-255,74-76,-2,-8,150,8
2/22/25,W Illinois,Little Rock,Away,10.5,136.5,460,61-75,-14,-3.5,136,-0.5
2/22/25,Tennessee St,Tenn Tech,Away,1.5,150.5,106,74-77,-3,-1.5,151,0.5
2/22/25,Georgia,Auburn,Away,15,145.5,900,70-82,-12,3,152,6.5
2/22/25,Norfolk St,Coppin St,Away,-13,141.5,-1350,79-63,16,3,142,0.5
2/22/25,UMass Lowell,Vermont,Away,4.5,138.5,165,61-85,-24,-19.5,146,7.5
2/22/25,E Texas A&M,SE Louisiana,Away,9,141,397,65-83,-18,-9,148,7
2/22/25,Presbyterian,Radford,Away,6.5,134.5,230,80-73,7,13.5,153,18.5
2/22/25,Lindenwood,SE Missouri St,Away,9.5,145.5,385,58-74,-16,-6.5,132,-13.5
2/22/25,Lehigh,Lafayette,Away,2,133.5,120,70-78,-8,-6,148,14.5
2/22/25,Bethune,Alabama A&M,Away,-1.5,150.5,-127,68-64,4,2.5,132,-18.5
2/22/25,New Mexico St,Kennesaw St,Away,4.5,145,173,60-49,11,15.5,109,-36
2/22/25,UTEP,Jacksonville St,Away,3.5,138.5,150,65-73,-8,-4.5,138,-0.5
2/22/25,UC Riverside,Cal Poly,Away,-1.5,163,-116,100-112,-12,-13.5,212,49
2/22/25,Texas A&M-CC,McNeese,Away,11.5,140,575,57-73,-16,-4.5,130,-10
2/22/25,AR-Pine Bluff,Prairie View,Away,5.5,160,195,75-64,11,16.5,139,-21
2/22/25,Cornell,Brown,Away,0,156.5,-108,85-81,4,4,166,9.5
2/22/25,Harvard,Penn,Away,2.5,143,124,79-78,1,3.5,157,14
2/22/25,Boise St,Nevada,Away,1,137,-110,70-69,1,2,139,2
2/22/25,UMass,G Washington,Away,6.5,145.5,250,52-74,-22,-15.5,126,-19.5
2/22/25,Virginia Tech,Miami,Away,2,145.5,114,81-68,13,15,149,3.5
2/22/25,Florida,LSU,Away,-10,154.5,-510,79-65,14,4,144,-10.5
2/22/25,Kentucky,Alabama,Away,12,181,510,83-96,-13,-1,179,-2
2/22/25,Santa Clara,Washington St,Away,-1.5,155.5,-116,109-79,30,28.5,188,32.5
2/22/25,Columbia,Yale,Away,16,159,1050,64-90,-26,-10,154,-5
2/22/25,Utah Tech,Abl Christian,Away,7,145.5,245,72-80,-8,-1,152,6.5
2/22/25,UCSB,Long Beach St,Away,-7,138,-325,58-56,2,-5,114,-24
2/22/25,Dartmouth,Princeton,Away,7.5,146,273,76-61,15,22.5,137,-9
2/22/25,Sacramento St,Idaho St,Away,10.5,137,485,66-83,-17,-6.5,149,12
2/22/25,Duke,Illinois,Neutral,-8.5,156.5,-462,110-67,43,34.5,177,20.5
2/22/25,Missouri,Arkansas,Away,1.5,150.5,-105,85-92,-7,-5.5,177,26.5
2/22/25,Butler,DePaul,Away,-4.5,147.5,-186,84-72,12,7.5,156,8.5
2/22/25,Louisiana Tech,W Kentucky,Away,1,145.5,101,63-64,-1,0,127,-18.5
2/22/25,Texas,South Carolina,Away,-2.5,140.5,-142,69-84,-15,-17.5,153,12.5
2/22/25,SIU Edward,S Indiana,Away,-4.5,140.5,-203,68-82,-14,-18.5,150,9.5
2/22/25,UC Irvine,CS Bakersfield,Away,-6.5,140.5,-298,73-64,9,2.5,137,-3.5
2/22/25,Colorado St,UNLV,Away,-2,138,-135,61-53,8,6,114,-24
2/22/25,California,Stanford,Away,6.5,147.5,240,61-66,-5,1.5,127,-20.5
2/22/25,Hawai'i,UCSD,Away,15.5,138.5,800,44-83,-39,-23.5,127,-11.5
2/23/25,Florida Atlantic,Memphis,Away,8.5,161.5,310,65-84,-19,-10.5,149,-12.5
2/23/25,Tulane,Wichita St,Away,4.5,143.5,165,67-78,-11,-6.5,145,1.5
2/23/25,N Texas,S Florida,Away,-4.5,130.5,-215,64-57,7,2.5,121,-9.5
2/23/25,Army,Bucknell,Away,7,142,250,53-84,-31,-24,137,-5
2/23/25,Quinnipiac,Manhattan,Away,-4.5,155.5,-205,74-71,3,-1.5,145,-10.5
2/23/25,UConn,St John's,Away,3.5,141,160,75-89,-14,-10.5,164,23
2/23/25,IU Indy,N Kentucky,Away,8.5,145.5,330,67-71,-4,4.5,138,-7.5
2/23/25,Green Bay,Youngstown St,Away,13.5,149,790,77-81,-4,9.5,158,9
2/23/25,Merrimack,Iona,Away,0,132.5,-110,77-70,7,7,147,14.5
2/23/25,Purdue,Indiana,Away,-4,148.5,-188,58-73,-15,-19,131,-17.5
2/23/25,Temple,UAB,Away,10,159,410,64-80,-16,-6,144,-15
2/23/25,UTSA,E Carolina,Away,8,152,310,89-96,-7,1,185,33
2/23/25,Sacred Heart,Saint Peter's,Away,1.5,141,108,79-85,-6,-4.5,164,23
2/23/25,Canisius,Siena,Away,11.5,140.5,580,93-88,5,16.5,181,40.5
2/23/25,Milwaukee,Robert Morris,Away,1.5,150.5,100,59-72,-13,-11.5,131,-19.5
2/23/25,Rider,Mt St Mary's,Away,7,140,234,72-79,-7,0,151,11
2/23/25,Niagara,Marist,Away,7,129,265,61-64,-3,4,125,-4
2/23/25,Xavier,Seton Hall,Away,-9.5,138,-459,73-66,7,-2.5,139,1
2/23/25,Cleveland St,Oakland,Away,3,138,130,86-91,-5,-2,177,39
2/23/25,Ohio St,UCLA,Away,7.5,138.5,265,61-69,-8,-0.5,130,-8.5
2/23/25,Drake,N Iowa,Away,1.5,125.5,101,64-58,6,7.5,122,-3.5
2/23/25,Utah,UCF,Away,3.5,160.5,147,72-76,-4,-0.5,148,-12.5
2/23/25,Arizona St,Kansas St,Away,6,146.5,225,66-54,12,18,120,-26.5
2/23/25,Georgetown,Creighton,Away,12.5,145.5,643,69-80,-11,1.5,149,3.5
2/23/25,USC,Rutgers,Away,3.5,152,152,85-95,-10,-6.5,180,28
2/24/25,AR-Pine Bluff,Texas So,Away,13,153.5,675,56-81,-25,-12,137,-16.5
2/24/25,Texas A&M-CC,Nicholls,Away,4.5,146,162,69-71,-2,2.5,140,-6
2/24/25,E Texas A&M,New Orleans,Away,-1.5,142.5,-122,73-71,2,0.5,144,1.5
2/24/25,Bethune,Alabama St,Away,3.5,145.5,155,70-68,2,5.5,138,-7.5
2/24/25,Lipscomb,Austin Peay,Away,-7,145.5,-325,95-78,17,10,173,27.5
2/24/25,Lamar,Incarnate Word,Away,1.5,135,113,61-73,-12,-10.5,134,-1
2/24/25,SF Austin,Hou Christian,Away,-1,136,-118,56-72,-16,-17,128,-8
2/24/25,North Carolina,Florida St,Away,-3.5,156,-179,96-85,11,7.5,181,25
2/24/25,Queens,W Georgia,Away,-8.5,152.5,-383,72-57,15,6.5,129,-23.5
2/24/25,N Florida,FGCU,Away,7.5,160,277,82-86,-4,3.5,168,8
2/24/25,E Kentucky,Jacksonville,Away,2.5,147.5,130,55-59,-4,-1.5,114,-33.5
2/24/25,Bellarmine,Stetson,Away,-1.5,149.5,-122,67-69,-2,-3.5,136,-13.5
2/24/25,NW State,SE Louisiana,Away,7,137,255,72-69,3,10,141,4
2/24/25,UT Rio Grande,McNeese,Away,14.5,148,900,65-100,-35,-20.5,165,17
2/24/25,Morgan St,Norfolk St,Away,13.5,158.5,650,60-69,-9,4.5,129,-29.5
2/24/25,NC Central,Delaware St,Away,3.5,156,136,84-86,-2,1.5,170,14
2/24/25,N Alabama,C Arkansas,Away,-11,144.5,-759,93-70,23,12,163,18.5
2/24/25,S Carolina St,Maryland ES,Away,-13,142.5,-1000,81-68,13,0,149,6.5
2/24/25,Howard,Coppin St,Away,-7.5,150.5,-363,61-72,-11,-18.5,133,-17.5
2/24/25,Florida A&M,Alabama A&M,Away,1.5,147.5,-105,66-77,-11,-9.5,143,-4.5
2/24/25,Michigan,Nebraska,Away,-1,152.5,-122,49-46,3,2,95,-57.5
2/24/25,Miss Valley St,Prairie View,Away,17.5,140,1100,56-64,-8,9.5,120,-20
2/24/25,Houston,Texas Tech,Away,-4.5,131,-212,69-61,8,3.5,130,-1
2/24/25,Kansas,Colorado,Away,-6.5,145,-310,71-64,7,0.5,135,-10
2/25/25,App State,Georgia So,Away,-1,139,-118,59-61,-2,-3,120,-19
2/25/25,UNLV,San Jose St,Away,-2.5,137.5,-145,77-71,6,3.5,148,10.5
2/25/25,Colorado St,Air Force,Away,-12.5,137.5,-850,77-55,22,9.5,132,-5.5
2/25/25,Wyoming,Nevada,Away,13,134.5,660,61-84,-23,-10,145,10.5
2/25/25,Ohio,W Michigan,Away,-6.5,156.5,-285,73-82,-9,-15.5,155,-1.5
2/25/25,Toledo,Kent St,Away,7,150,246,65-105,-40,-33,170,20
2/25/25,Troy,Texas St,Away,-2,142,-127,74-69,5,3,143,1
2/25/25,N Illinois,Miami OH,Away,13,151,700,58-87,-29,-16,145,-6
2/25/25,Bowling Green,E Michigan,Away,4,148.5,160,65-60,5,9,125,-23.5
2/25/25,Buffalo,C Michigan,Away,13.5,153.5,750,69-73,-4,9.5,142,-11.5
2/25/25,Akron,Ball St,Away,-7,157.5,-315,87-82,5,-2,169,11.5
2/25/25,Northwestern,Minnesota,Away,2,131,110,75-63,12,14,138,7
2/25/25,Baylor,Cincinnati,Away,2,136.5,113,67-69,-2,0,136,-0.5
2/25/25,VCU,Richmond,Away,-15,135,-1600,78-60,18,3,138,3
2/25/25,Saint Louis,Davidson,Away,1.5,147.5,105,57-56,1,2.5,113,-34.5
2/25/25,Georgia Tech,Pittsburgh,Away,8.5,140.5,320,73-67,6,14.5,140,-0.5
2/25/25,Duke,Miami,Away,-24.5,152.5,-6500,97-60,37,12.5,157,4.5
2/25/25,Army,Lafayette,Away,4,138.5,154,65-81,-16,-12,146,7.5
2/25/25,Old Dominion,Marshall,Away,9.5,148,380,66-83,-17,-7.5,149,1
2/25/25,Florida,Georgia,Away,-6.5,149,-290,83-88,-5,-11.5,171,22
2/25/25,Providence,Marquette,Away,13,146.5,650,52-82,-30,-17,134,-12.5
2/25/25,J Madison,UL Monroe,Away,-13,138.5,-994,85-79,6,-7,164,25.5
2/25/25,Iowa St,Oklahoma St,Away,-11,148.5,-650,68-74,-6,-17,142,-6.5
2/25/25,Illinois St,S Illinois,Away,-1.5,145.5,-125,79-88,-9,-10.5,167,21.5
2/25/25,Indiana St,Murray St,Away,5.5,149.5,200,75-85,-10,-4.5,160,10.5
2/25/25,Lindenwood,W Illinois,Away,-1,143.5,-110,81-86,-5,-6,167,23.5
2/25/25,Washington,Wisconsin,Away,13.5,148,750,62-88,-26,-12.5,150,2
2/25/25,Iowa,Illinois,Away,11.5,170,514,61-81,-20,-8.5,142,-28
2/25/25,TCU,West Virginia,Away,7,130,260,55-73,-18,-11,128,-2
2/25/25,Louisville,Virginia Tech,Away,-10,147,-600,71-66,5,-5,137,-10
2/25/25,Tennessee,LSU,Away,-10.5,140.5,-600,65-59,6,-4.5,124,-16.5
2/25/25,Mississippi St,Alabama,Away,8.5,174.5,327,73-111,-38,-29.5,184,9.5
2/25/25,South Carolina,Missouri,Away,12.5,146.5,650,71-101,-30,-17.5,172,25.5
2/25/25,New Mexico,San Diego St,Away,2.5,144,120,65-73,-8,-5.5,138,-6
2/26/25,Rice,Memphis,Away,12.5,148.5,675,72-84,-12,0.5,156,7.5
2/26/25,Dayton,Rhode Island,Away,-4.5,149.5,-192,85-77,8,3.5,162,12.5
2/26/25,Austin Peay,W Georgia,Away,-4.5,145.5,-190,70-73,-3,-7.5,143,-2.5
2/26/25,S Alabama,Southern Miss,Away,-7,138.5,-303,88-82,6,-1,170,31.5
2/26/25,South Dakota,N Dakota St,Away,6.5,170.5,260,78-82,-4,2.5,160,-10.5
2/26/25,Mercer,E Tennessee St,Away,8.5,145,320,58-59,-1,7.5,117,-28
2/26/25,Drake,Evansville,Away,-8.5,125.5,-425,65-61,4,-4.5,126,0.5
2/26/25,Belmont,Missouri St,Away,-1.5,149.5,-122,74-65,9,7.5,139,-10.5
2/26/25,Boston U,Lehigh,Away,2.5,130.5,109,79-68,11,13.5,147,16.5
2/26/25,Navy,American,Away,4,132.5,153,68-60,8,12,128,-4.5
2/26/25,Duquesne,La Salle,Away,-2.5,140.5,-140,67-62,5,2.5,129,-11.5
2/26/25,Presbyterian,NC Asheville,Away,7,150,249,64-59,5,12,123,-27
2/26/25,Michigan St,Maryland,Away,4.5,150,165,58-55,3,7.5,113,-37
2/26/25,Georgetown,UConn,Away,14.5,143.5,800,79-93,-14,0.5,172,28.5
2/27/25,Winthrop,Longwood,Away,1,164.5,102,85-59,26,27,144,-20.5
2/26/25,SC Upstate,High Point,Away,19.5,163.5,1600,66-88,-22,-2.5,154,-9.5
2/26/25,Radford,Gardner-Webb,Away,-2,146.5,-127,63-56,7,5,119,-27.5
2/26/25,NC State,Syracuse,Away,-1,146.5,-112,60-74,-14,-15,134,-12.5
2/26/25,Notre Dame,Clemson,Away,14.5,136.5,850,68-83,-15,-0.5,151,14.5
2/26/25,St Bonaventure,Saint Joseph's,Away,6.5,137.5,230,64-75,-11,-4.5,139,1.5
2/26/25,Fordham,George Mason,Away,11.5,137.5,615,64-74,-10,1.5,138,0.5
2/26/25,Kansas St,UCF,Away,4.5,155.5,175,76-80,-4,0.5,156,0.5
2/26/25,S Florida,Temple,Away,-2,151.5,-145,71-73,-2,-4,144,-7.5
2/26/25,Bucknell,Loyola MD,Away,-2,140,-140,70-67,3,1,137,-3
2/26/25,Illinois Chicago,N Iowa,Away,7.5,147.5,275,52-74,-22,-14.5,126,-21.5
2/26/25,Holy Cross,Colgate,Away,10,145.5,440,73-81,-8,2,154,8.5
2/26/25,Wofford,W Carolina,Away,-8.5,148.5,-425,90-67,23,14.5,157,8.5
2/26/25,E Kentucky,N Florida,Away,1.5,164.5,105,86-81,5,6.5,167,2.5
2/26/25,Queens,N Alabama,Away,7,153.5,270,69-74,-5,2,143,-10.5
2/26/25,The Citadel,Furman,Away,15.5,139.5,900,42-85,-43,-27.5,127,-12.5
2/26/25,Georgia St,Coastal Car,Away,-3.5,144.5,-164,74-80,-6,-9.5,154,9.5
2/26/25,Stetson,Jacksonville,Away,14,142.5,750,72-79,-7,7,151,8.5
2/26/25,Bellarmine,FGCU,Away,12.5,144.5,608,61-80,-19,-6.5,141,-3.5
2/26/25,Vanderbilt,Texas A&M,Away,8,145,310,86-84,2,10,170,25
2/26/25,Mississippi,Auburn,Away,13,153.5,625,76-106,-30,-17,182,28.5
2/26/25,Charlotte,Tulane,Away,7.5,140.5,275,64-78,-14,-6.5,142,1.5
2/26/25,G Washington,Loyola Chi,Away,4.5,139,170,57-77,-20,-15.5,134,-5
2/26/25,C Arkansas,Lipscomb,Away,19.5,144.5,1700,60-78,-18,1.5,138,-6.5
2/26/25,Arkansas St,Louisiana,Away,-12,148,-762,83-64,19,7,147,-1
2/26/25,Penn St,Indiana,Away,5.5,149.5,225,78-83,-5,0.5,161,11.5
2/26/25,Villanova,Seton Hall,Away,-8,129.5,-375,59-54,5,-3,113,-16.5
2/26/25,Utah,Arizona,Away,14.5,155,900,66-83,-17,-2.5,149,-6
2/26/25,Virginia,Wake Forest,Away,7,131.5,260,83-75,8,15,158,26.5
2/26/25,Boston College,Stanford,Away,11,142,500,60-78,-18,-7,138,-4
2/26/25,St John's,Butler,Away,-6,152,-278,76-70,6,0,146,-6
2/26/25,DePaul,Creighton,Away,15.5,146.5,1000,65-75,-10,5.5,140,-6.5
2/26/25,Bradley,Valparaiso,Away,-4.5,150,-214,76-65,11,6.5,141,-9
2/26/25,Kentucky,Oklahoma,Away,-3,164.5,-162,83-82,1,-2,165,0.5
2/26/25,Texas,Arkansas,Away,2,147.5,124,81-86,-5,-3,167,19.5
2/26/25,BYU,Arizona St,Away,-7.5,148.5,-350,91-81,10,2.5,172,23.5
2/26/25,Utah St,Boise St,Away,4.5,148,165,65-82,-17,-12.5,147,-1
2/26/25,Ohio St,USC,Away,-1.5,150.5,-126,87-82,5,3.5,169,18.5
2/26/25,SMU,California,Away,-3.5,152.5,-180,81-77,4,0.5,158,5.5
2/27/25,UAB,Wichita St,Away,1,155.5,-112,80-72,8,9,152,-3.5
2/27/25,N Texas,Florida Atlantic,Away,1.5,135,110,71-61,10,11.5,132,-3
2/27/25,Wagner,LIU,Away,6.5,116.5,200,47-60,-13,-6.5,107,-9.5
2/27/25,Chicago St,Mercyhurst,Away,6,138,215,68-90,-22,-16,158,20
2/27/25,Le Moyne,C Connecticut,Away,12.5,144.5,640,75-84,-9,3.5,159,14.5
2/27/25,Vermont,NJIT,Away,-9,131.5,-449,71-61,10,1,132,0.5
2/27/25,William & Mary,Towson,Away,6.5,146.5,220,73-88,-15,-8.5,161,14.5
2/27/25,Idaho St,Idaho,Away,1,147.5,-105,69-65,4,5,134,-13.5
2/27/25,S Dakota St,Oral Roberts,Away,-7.5,154.5,-326,77-69,8,0.5,146,-8.5
2/27/25,Denver,Kansas City,Away,7.5,134.5,280,56-64,-8,-0.5,120,-14.5
2/27/25,Saint Mary's,Loyola Mymt,Away,-12.5,135,-1050,58-55,3,-9.5,113,-22
2/27/25,Pepperdine,Portland,Away,3.5,156.5,150,67-87,-20,-16.5,154,-2.5
2/27/25,Hofstra,Stony Brook,Away,-6.5,131.5,-285,56-59,-3,-9.5,115,-16.5
2/27/25,Delaware,Charleston,Away,7,159.5,275,84-94,-10,-3,178,18.5
2/27/25,Cal Baptist,Seattle,Away,6.5,136,235,48-72,-24,-17.5,120,-16
2/27/25,UT Arlington,Grand Canyon,Away,11.5,150.5,550,71-85,-14,-2.5,156,5.5
2/27/25,Cal Poly,UCSB,Away,7,158.5,250,77-96,-19,-12,173,14.5
2/27/25,Elon,Monmouth,Away,2,140.5,106,76-79,-3,-1,155,14.5
2/27/25,NC A&T,Northeastern,Away,11,139.5,490,55-69,-14,-3,124,-15.5
2/27/25,Hampton,Drexel,Away,3.5,130,150,52-53,-1,2.5,105,-25
2/27/25,Weber St,E Washington,Away,4,141,155,66-64,2,6,130,-11
2/27/25,Bryant,UMass Lowell,Away,-3.5,162.5,-170,79-78,1,-2.5,157,-5.5
2/27/25,Albany,UMBC,Away,-2,158,-128,78-74,4,2,152,-6
2/27/25,Samford,VMI,Away,-11,155,-650,95-83,12,1,178,23
2/27/25,Robert Morris,IU Indy,Away,-7.5,151,-342,82-68,14,6.5,150,-1
2/27/25,Maine,New Hampshire,Away,-7.5,137,-360,73-66,7,-0.5,139,2
2/27/25,Chattanooga,NC Greensboro,Away,1,141,-104,75-63,12,13,138,-3
2/27/25,Kennesaw St,Florida Intl,Away,-4,147.5,-168,61-76,-15,-19,137,-10.5
2/27/25,NC Wilmington,Campbell,Away,-3.5,139,-185,79-60,19,15.5,139,0
2/27/25,Detroit Mercy,Green Bay,Away,3.5,145.5,145,71-76,-5,-1.5,147,1.5
2/27/25,N Kentucky,Purdue FW,Away,6.5,151,250,79-74,5,11.5,153,2
2/27/25,Cleveland St,Wright St,Away,1,146.5,-102,76-82,-6,-5,158,11.5
2/27/25,Jacksonville St,Liberty,Away,6.5,133.5,240,55-59,-4,2.5,114,-19.5
2/27/25,Oakland,Milwaukee,Away,5.5,148,200,66-71,-5,0.5,137,-11
2/27/25,North Dakota,St Thomas,Away,10,160,428,71-86,-15,-5,157,-3
2/27/25,Abl Christian,Tarleton St,Away,1.5,133,105,52-67,-15,-13.5,119,-14
2/27/25,Stonehill,F Dickinson,Away,3.5,140.5,143,69-82,-13,-9.5,151,10.5
2/27/25,W Illinois,Tenn Tech,Away,7.5,141,285,82-69,13,20.5,151,10
2/27/25,Little Rock,E Illinois,Away,-6,129.5,-265,60-71,-11,-17,131,1.5
2/27/25,S Indiana,UT Martin,Away,7,142.5,250,63-79,-16,-9,142,-0.5
2/27/25,Morehead St,Tennessee St,Away,5.5,141,210,55-64,-9,-3.5,119,-22
2/27/25,SE Missouri St,SIU Edward,Away,3,140.5,145,83-68,15,18,151,10.5
2/27/25,Rutgers,Michigan,Away,9,155.5,387,82-84,-2,7,166,10.5
2/27/25,Middle Tenn,New Mexico St,Away,1.5,137.5,104,71-66,5,6.5,137,-0.5
2/27/25,W Kentucky,UTEP,Away,5.5,148.5,195,80-73,7,12.5,153,4.5
2/27/25,S Utah,Utah Tech,Away,3.5,146,152,82-75,7,10.5,157,11
2/27/25,San Diego,Washington St,Away,13.5,157.5,675,86-93,-7,6.5,179,21.5
2/27/25,Montana,Sacramento St,Away,-8,143.5,-380,60-54,6,-2,114,-29.5
2/27/25,CS Bakersfield,Long Beach St,Away,-2,138,-128,88-87,1,-1,175,37
2/27/25,UCSD,CS Northridge,Away,-5.5,148.5,-250,77-71,6,0.5,148,-0.5
2/27/25,UC Irvine,CS Fullerton,Away,-17.5,142.5,-2300,76-51,25,7.5,127,-15.5
2/27/25,Montana St,Portland St,Away,3,142.5,140,52-69,-17,-14,121,-21.5
2/25/25,Gonzaga,Santa Clara,Away,-6.5,163,-299,95-76,19,12.5,171,8
2/26/25,San Francisco,Oregon St,Away,3,143.5,145,74-72,2,5,146,2.5
2/27/25,UC Riverside,Hawai'i,Away,1,142.5,-110,82-76,6,7,158,15.5
2/28/25,J Madison,Texas St,Away,-1.5,142.5,-135,93-102,-9,-10.5,195,52.5
2/28/25,Georgia St,Georgia So,Away,5.5,158,202,75-76,-1,4.5,151,-7
2/28/25,Louisiana,S Alabama,Away,12.5,136,660,42-65,-23,-10.5,107,-29
2/28/25,Troy,Southern Miss,Away,-9.5,144,-575,70-58,12,2.5,128,-16
2/28/25,Rider,Merrimack,Away,9.5,131,375,83-78,5,14.5,161,30
2/28/25,Manhattan,Canisius,Away,-6.5,148.5,-276,77-72,5,-1.5,149,0.5
2/28/25,Brown,Harvard,Away,-1,143.5,-115,59-52,7,6,111,-32.5
2/28/25,Yale,Dartmouth,Away,-8,157.5,-400,72-67,5,-3,139,-18.5
2/28/25,Iona,Niagara,Away,0,138.5,-107,65-63,2,2,128,-10.5
2/28/25,Penn,Cornell,Away,8.5,161.5,320,62-90,-28,-19.5,152,-9.5
2/28/25,Davidson,VCU,Away,14.5,142,900,56-80,-24,-9.5,136,-6
2/28/25,Mt St Mary's,Fairfield,Away,-2,142.5,-130,62-69,-7,-9,131,-11.5
2/28/25,Saint Peter's,Quinnipiac,Away,11,140,460,64-69,-5,6,133,-7
2/28/25,Marist,Sacred Heart,Away,2,145,110,54-67,-13,-11,121,-24
2/28/25,Old Dominion,Coastal Car,Away,-1,137.5,-123,61-59,2,1,120,-17.5
2/28/25,Arkansas St,UL Monroe,Away,-17.5,151,-2100,94-67,27,9.5,161,10
2/28/25,Princeton,Columbia,Away,-5,150.5,-209,73-68,5,0,141,-9.5
2/28/25,UCLA,Purdue,Away,5.5,137.5,212,66-76,-10,-4.5,142,4.5
2/28/25,App State,Marshall,Away,3,134.5,130,57-75,-18,-15,132,-2.5
2/28/25,Iowa,Northwestern,Away,4.5,150.5,178,57-68,-11,-6.5,125,-25.5
2/28/25,Nevada,UNLV,Away,-2.5,133.5,-142,55-68,-13,-15.5,123,-10.5
3/1/25,NC Asheville,Winthrop,Away,4.5,164.5,150,90-103,-13,-8.5,193,28.5
3/1/25,Longwood,SC Upstate,Away,-7,161,-298,83-66,17,10,149,-12
3/1/25,Gardner-Webb,Presbyterian,Away,3.5,143.5,145,57-68,-11,-7.5,125,-18.5
3/1/25,Charleston So,Radford,Away,9.5,138,367,60-76,-16,-6.5,136,-2
3/1/25,Hampton,Towson,Away,7,132.5,265,72-75,-3,4,147,14.5
3/1/25,Boise St,Fresno St,Away,-16.5,145.5,-2100,66-61,5,-11.5,127,-18.5
3/1/25,San Diego St,Wyoming,Away,-7.5,132.5,-330,72-69,3,-4.5,141,8.5
3/1/25,Air Force,New Mexico,Away,22,145,1900,71-92,-21,1,163,18
3/1/25,Binghamton,UMass Lowell,Away,8.5,150.5,320,53-79,-26,-17.5,132,-18.5
3/1/25,Albany,NJIT,Away,-6.5,144,-283,86-59,27,20.5,145,1
3/1/25,AR-Pine Bluff,Miss Valley St,Away,-9.5,142,-561,83-58,25,15.5,141,-1
3/1/25,Texas So,Jackson St,Away,3.5,143.5,150,52-67,-15,-11.5,119,-24.5
3/1/25,Grambling,Florida A&M,Away,3,133.5,130,68-73,-5,-2,141,7.5
3/1/25,American,Colgate,Away,3,140.5,136,67-59,8,11,126,-14.5
3/1/25,Lehigh,Army,Away,4.5,142.5,165,89-67,22,26.5,156,13.5
3/1/25,Lafayette,Boston U,Away,3,128.5,130,64-66,-2,1,130,1.5
3/1/25,Bucknell,Holy Cross,Away,-5.5,139,-229,94-81,13,7.5,175,36
3/1/25,Yale,Harvard,Away,-10.5,144.5,-564,69-74,-5,-15.5,143,-1.5
3/1/25,Maryland,Penn St,Away,-4.5,155.5,-208,68-64,4,-0.5,132,-23.5
3/1/25,Alabama A&M,Alabama St,Away,7.5,148.5,270,52-94,-42,-34.5,146,-2.5
3/1/25,Le Moyne,Stonehill,Away,5.5,146.5,218,79-85,-6,-0.5,164,17.5
3/1/25,LIU,F Dickinson,Away,1,135,-108,74-55,19,20,129,-6
3/1/25,Chicago St,St Francis PA,Away,9.5,142.5,360,71-80,-9,0.5,151,8.5
3/1/25,C Connecticut,Wagner,Away,-6.5,122.5,-298,55-48,7,0.5,103,-19.5
3/1/25,Clemson,Virginia,Away,-6.5,132,-290,71-58,13,6.5,129,-3
3/1/25,Miami,North Carolina,Away,17.5,159,1250,73-92,-19,-1.5,165,6
3/1/25,Rhode Island,UMass,Away,2.5,155.5,120,88-91,-3,-0.5,179,23.5
3/1/25,Loyola Chi,Saint Louis,Away,2,142.5,114,67-98,-31,-29,165,22.5
3/1/25,La Salle,G Washington,Away,9.5,143.5,385,60-71,-11,-1.5,131,-12.5
3/1/25,George Mason,Duquesne,Away,-2,126.5,-133,68-85,-17,-19,153,26.5
3/1/25,Richmond,Dayton,Away,14.5,135.5,825,64-74,-10,4.5,138,2.5
3/1/25,Syracuse,Virginia Tech,Away,3.5,144,145,95-101,-6,-2.5,196,52
3/1/25,Saint Joseph's,Fordham,Away,-8.5,151.5,-400,90-76,14,5.5,166,14.5
3/1/25,S Dakota St,Denver,Away,-8,147.5,-375,62-78,-16,-24,140,-7.5
3/1/25,Oral Roberts,Omaha,Away,10.5,156,430,57-80,-23,-12.5,137,-19
3/1/25,Kansas City,St Thomas,Away,9,142,349,59-65,-6,3,124,-18
3/1/25,E Tennessee St,The Citadel,Away,-11.5,132,-737,81-66,15,3.5,147,15
3/1/25,W Michigan,N Illinois,Away,-5,148,-221,74-70,4,-1,144,-4
3/1/25,Toledo,Buffalo,Away,-7,159.5,-300,74-87,-13,-20,161,1.5
3/1/25,Miami OH,Ohio,Away,6,159,220,66-75,-9,-3,141,-18
2/28/25,Kent St,Akron,Away,3.5,156.5,148,72-77,-5,-1.5,149,-7.5
2/28/25,C Michigan,E Michigan,Away,-2.5,147,-145,73-84,-11,-13.5,157,10
3/1/25,Ball St,Bowling Green,Away,2,147.5,109,52-61,-9,-7,113,-34.5
3/1/25,S Indiana,Tennessee St,Away,7.5,151,286,69-74,-5,2.5,143,-8
3/1/25,Detroit Mercy,Milwaukee,Away,17.5,145.5,1050,67-89,-22,-4.5,156,10.5
3/1/25,Campbell,Charleston,Away,7.5,146,264,65-87,-22,-14.5,152,6
3/1/25,Elon,Stony Brook,Away,-5.5,137.5,-250,66-71,-5,-10.5,137,-0.5
3/1/25,NC A&T,Hofstra,Away,9.5,128.5,382,49-70,-21,-11.5,119,-9.5
3/1/25,Monmouth,Drexel,Away,5.5,135,197,61-71,-10,-4.5,132,-3
3/1/25,Northeastern,William & Mary,Away,3,152.5,137,70-68,2,5,138,-14.5
3/1/25,Long Beach St,UC Irvine,Away,16.5,136.5,1000,60-70,-10,6.5,130,-6.5
3/1/25,Santa Clara,Pacific,Away,-13,148.5,-1050,97-66,31,18,163,14.5
3/1/25,Portland,San Diego,Away,-2,159.5,-140,80-82,-2,-4,162,2.5
3/1/25,S Utah,Utah Valley,Away,14.5,142.5,850,59-100,-41,-26.5,159,16.5
3/1/25,Grand Canyon,Seattle,Away,1.5,142,111,63-60,3,4.5,123,-19
3/1/25,Idaho St,E Washington,Away,-4,143.5,-180,78-54,24,20,132,-11.5
3/1/25,Weber St,Idaho,Away,6,144.5,215,79-81,-2,4,160,15.5
3/1/25,N Colorado,N Arizona,Away,-3.5,154.5,-166,83-73,10,6.5,156,1.5
3/1/25,UConn,Providence,Away,-7.5,146,-340,75-63,12,4.5,138,-8
3/1/25,Butler,Villanova,Away,8,144.5,295,70-80,-10,-2,150,5.5
3/1/25,McNeese,Lamar,Away,-9,135.5,-410,68-66,2,-7,134,-1.5
3/1/25,Vermont,UMBC,Away,-8,143,-341,79-69,10,2,148,5
3/1/25,Alabama,Tennessee,Away,4,160,164,76-79,-3,1,155,-5
3/1/25,Arkansas,South Carolina,Away,1.5,140,110,53-72,-19,-17.5,125,-15
3/1/25,Youngstown St,N Kentucky,Away,2.5,145,130,79-88,-9,-6.5,167,22
3/1/25,Chattanooga,VMI,Away,-9,151.5,-470,91-70,21,12,161,9.5
3/1/25,Bryant,Maine,Away,-2,146.5,-139,80-72,8,6,152,5.5
3/1/25,Minnesota,Nebraska,Away,7.5,135.5,271,67-65,2,9.5,132,-3.5
3/1/25,Texas Tech,Kansas,Away,3.5,144.5,157,78-73,5,8.5,151,6.5
3/1/25,Tulane,Tulsa,Away,-3,141.5,-165,79-77,2,-1,156,14.5
3/1/25,Furman,Wofford,Away,3.5,142.5,147,78-75,3,6.5,153,10.5
3/1/25,Jacksonville St,Florida Intl,Away,-2.5,137.5,-152,84-79,5,2.5,163,25.5
3/1/25,Oklahoma,Mississippi,Away,7.5,153,270,84-87,-3,4.5,171,18
3/1/25,Seton Hall,St John's,Away,20,135.5,1700,61-71,-10,10,132,-3.5
3/1/25,Wright St,IU Indy,Away,-4.5,153,-185,84-91,-7,-11.5,175,22
3/1/25,UCF,TCU,Away,3.5,151,135,78-89,-11,-7.5,167,16
3/1/25,NC State,Georgia Tech,Away,3.5,140.5,140,62-87,-25,-21.5,149,8.5
3/1/25,Abl Christian,UT Arlington,Away,4.5,145.5,172,70-59,11,15.5,129,-16.5
3/1/25,Purdue FW,Cleveland St,Away,2.5,148.5,124,57-68,-11,-8.5,125,-23.5
3/1/25,Incarnate Word,E Texas A&M,Away,-4.5,137,-192,75-68,7,2.5,143,6
3/1/25,Louisiana Tech,Sam Houston,Away,2,140,116,90-66,24,26,156,16
3/1/25,LSU,Mississippi St,Away,11.5,150,567,69-81,-12,-0.5,150,0
3/1/25,Norfolk St,S Carolina St,Away,3,147.5,124,88-91,-3,0,179,31.5
3/1/25,USC,Oregon,Away,7,150,269,61-82,-21,-14,143,-7
3/1/25,Morgan St,Maryland ES,Away,-4,150,-175,75-72,3,-1,147,-3
3/1/25,Coppin St,Delaware St,Away,10.5,147.5,455,79-83,-4,6.5,162,14.5
3/1/25,Loyola MD,Navy,Away,4.5,137.5,154,68-81,-13,-8.5,149,11.5
3/1/25,Brown,Dartmouth,Away,1.5,148.5,-102,58-78,-20,-18.5,136,-12.5
3/1/25,Montana St,Sacramento St,Away,-5.5,135.5,-245,87-60,27,21.5,147,11.5
3/1/25,Utah St,Colorado St,Away,2,149.5,114,66-93,-27,-25,159,9.5
3/1/25,Auburn,Kentucky,Away,-4.5,166,-205,94-78,16,11.5,172,6
3/1/25,Middle Tenn,UTEP,Away,2,146.5,117,76-75,1,3,151,4.5
3/1/25,Lindenwood,Tenn Tech,Away,4.5,145.5,165,76-74,2,6.5,150,4.5
3/1/25,Samford,NC Greensboro,Away,1,149,-106,100-108,-8,-7,208,59
3/1/25,Cincinnati,Houston,Away,13,125.5,700,64-73,-9,4,137,11.5
3/1/25,W Carolina,Mercer,Away,8.5,158.5,317,69-81,-12,-3.5,150,-8.5
3/1/25,SE Missouri St,E Illinois,Away,-5.5,136.5,-225,58-73,-15,-20.5,131,-5.5
3/1/25,Morehead St,UT Martin,Away,5.5,133.5,195,59-47,12,17.5,106,-27.5
3/1/25,Hou Christian,NW State,Away,4,132,149,56-61,-5,-1,117,-15
3/1/25,Little Rock,SIU Edward,Away,2.5,136,128,65-73,-8,-5.5,138,2
3/1/25,Creighton,Xavier,Away,2,151.5,114,61-83,-22,-20,144,-7.5
3/1/25,SMU,Stanford,Away,1,150.5,101,68-73,-5,-4,141,-9.5
3/1/25,Montana,Portland St,Away,3,143.5,138,76-79,-3,0,155,11.5
3/1/25,North Dakota,South Dakota,Away,4,175.5,150,79-92,-13,-9,171,-4.5
3/1/25,CS Bakersfield,Cal Poly,Away,3.5,161.5,149,72-98,-26,-22.5,170,8.5
3/1/25,Notre Dame,Wake Forest,Away,9.5,138.5,360,71-74,-3,6.5,145,6.5
3/1/25,Southern,Bethune,Away,-2.5,141.5,-142,69-70,-1,-3.5,139,-2.5
3/1/25,Prairie View,Alcorn St,Away,9.5,141.5,380,55-71,-16,-6.5,126,-15.5
3/1/25,SE Louisiana,Texas A&M-CC,Away,2.5,138.5,124,54-68,-14,-11.5,122,-16.5
3/1/25,New Orleans,UT Rio Grande,Away,10.5,155.5,471,78-88,-10,0.5,166,10.5
3/2/25,Princeton,Cornell,Away,4,156,170,70-102,-32,-28,172,16
3/1/25,Indiana,Washington,Away,-1.5,144.5,-126,78-62,16,14.5,140,-4.5
3/1/25,Pittsburgh,Louisville,Away,10.5,150,460,68-79,-11,-0.5,147,-3
3/1/25,Nicholls,SF Austin,Away,1,140.5,-105,94-70,24,25,164,23.5
3/1/25,Missouri,Vanderbilt,Away,-2,157.5,-142,93-97,-4,-6,190,32.5
3/1/25,Arizona St,Utah,Away,8.5,148.5,310,73-99,-26,-17.5,172,23.5
3/1/25,Florida St,Duke,Away,23,149.5,2000,65-100,-35,-12,165,15.5
3/1/25,Penn,Columbia,Away,3.5,154.5,142,92-87,5,8.5,179,24.5
3/1/25,Oakland,Green Bay,Away,-8.5,148.5,-425,87-84,3,-5.5,171,22.5
3/1/25,Delaware,NC Wilmington,Away,10.5,154.5,500,58-88,-30,-19.5,146,-8.5
3/1/25,Oklahoma St,Baylor,Away,12.5,151.5,650,61-71,-10,2.5,132,-19.5
3/1/25,UCSB,CS Northridge,Away,5,149,185,77-103,-26,-21,180,31
3/1/25,Georgia,Texas,Away,5.5,145.5,200,83-67,16,21.5,150,4.5
3/1/25,Marquette,Georgetown,Away,-8.5,147.5,-425,76-61,15,6.5,137,-10.5
3/1/25,Texas A&M,Florida,Away,8.5,149,340,70-89,-19,-10.5,159,10
3/1/25,Arizona,Iowa St,Away,6,152.5,229,67-84,-17,-11,151,-1.5
3/1/25,Cal Baptist,Utah Tech,Away,-1.5,144.5,-128,61-57,4,2.5,118,-26.5
3/1/25,W Kentucky,New Mexico St,Away,4,142.5,150,47-65,-18,-14,112,-30.5
3/1/25,West Virginia,BYU,Away,10,140,431,56-77,-21,-11,133,-7
3/1/25,Boston College,California,Away,8.5,144.5,320,71-82,-11,-2.5,153,8.5
3/1/25,CS Fullerton,UCSD,Away,27,142.5,2200,55-100,-45,-18,155,12.5
3/1/25,Washington St,Pepperdine,Away,-4.5,160.5,-190,90-83,7,2.5,173,12.5
3/1/25,Oregon St,Saint Mary's,Away,12,130.5,577,64-74,-10,2,138,7.5
3/1/25,Gonzaga,San Francisco,Neutral,-9.5,157.5,-500,95-75,20,10.5,170,12.5
3/1/25,UC Davis,Hawai'i,Away,3.5,132,158,70-78,-8,-4.5,148,16
3/2/25,N Iowa,Bradley,Away,4.5,141.5,180,56-73,-17,-12.5,129,-12.5
3/2/25,S Illinois,Indiana St,Away,2.5,157.5,130,77-95,-18,-15.5,172,14.5
3/2/25,Evansville,Illinois St,Away,10.5,141.5,494,53-62,-9,1.5,115,-26.5
3/2/25,Rice,UTSA,Away,1.5,151,105,56-84,-28,-26.5,140,-11
3/2/25,Charlotte,E Carolina,Away,10,140.5,410,76-78,-2,8,154,13.5
3/2/25,Florida Atlantic,S Florida,Away,-2.5,154,-132,69-63,6,3.5,132,-22
3/2/25,Missouri St,Drake,Away,14.5,121.5,825,60-68,-8,6.5,128,6.5
3/2/25,Quinnipiac,Merrimack,Away,-1.5,141,-121,63-73,-10,-11.5,136,-5
3/2/25,Kennesaw St,Liberty,Away,8.5,140.5,320,85-80,5,13.5,165,24.5
3/2/25,Iona,Canisius,Away,-5.5,142.5,-247,82-52,30,24.5,134,-8.5
3/2/25,Wisconsin,Michigan St,Away,4.5,146.5,170,62-71,-9,-4.5,133,-13.5
3/2/25,Manhattan,Niagara,Away,-1.5,141.5,-123,85-70,15,13.5,155,13.5
3/2/25,Fairfield,Sacred Heart,Away,6,149.5,215,62-83,-21,-15,145,-4.5
3/2/25,Saint Peter's,Marist,Away,3.5,123,146,57-52,5,8.5,109,-14
3/2/25,Siena,Mt St Mary's,Away,2,143,106,79-85,-6,-4,164,21
3/2/25,Murray St,Belmont,Away,2.5,151,132,60-70,-10,-7.5,130,-21
3/2/25,Valparaiso,Illinois Chicago,Away,6.5,153.5,225,73-77,-4,2.5,150,-3.5
3/2/25,Illinois,Michigan,Away,3,162.5,140,93-73,20,23,166,3.5
3/2/25,Colorado,Kansas St,Away,6.5,141.5,240,56-65,-9,-2.5,121,-20.5
3/2/25,Memphis,UAB,Away,1,161.5,-103,88-81,7,8,169,7.5
3/3/25,Texas So,Alcorn St,Away,1,134,-102,75-59,16,17,134,0
3/3/25,Southern,Florida A&M,Away,-5.5,141.5,-245,73-70,3,-2.5,143,1.5
3/3/25,Norfolk St,NC Central,Away,-5.5,151.5,-258,87-91,-4,-9.5,178,26.5
3/3/25,E Washington,Montana,Away,10,146.5,410,72-83,-11,-1,155,8.5
3/3/25,N Colorado,Weber St,Away,-7,151.5,-310,68-63,5,-2,131,-20.5
3/3/25,Nicholls,Lamar,Away,2.5,141.5,120,53-65,-12,-9.5,118,-23.5
3/3/25,Idaho,Montana St,Away,5.5,146.5,199,60-75,-15,-9.5,135,-11.5
3/3/25,Grambling,Bethune,Away,5,135,193,71-78,-7,-2,149,14
3/3/25,Wake Forest,Duke,Away,19,146.5,1550,60-93,-33,-14,153,6.5
3/3/25,Delaware St,Morgan St,Away,-1,164.5,-112,81-87,-6,-7,168,3.5
3/3/25,Howard,S Carolina St,Away,9.5,156.5,410,69-79,-10,-0.5,148,-8.5
3/3/25,McNeese,SF Austin,Away,-13,137.5,-883,95-64,31,18,159,21.5
3/3/25,Incarnate Word,NW State,Away,3.5,131.5,140,57-73,-16,-12.5,130,-1.5
3/3/25,Hou Christian,E Texas A&M,Away,-2.5,133,-146,59-63,-4,-6.5,122,-11
3/3/25,SE Louisiana,UT Rio Grande,Away,-1,152.5,-135,76-77,-1,-2,153,0.5
3/3/25,Maryland ES,Coppin St,Away,3.5,137.5,136,72-59,13,16.5,131,-6.5
3/3/25,New Orleans,Texas A&M-CC,Away,14.5,143.5,950,62-95,-33,-18.5,157,13.5
3/3/25,Prairie View,Jackson St,Away,15,145,870,74-88,-14,1,162,17
3/3/25,UCLA,Northwestern,Away,-3,131.5,-158,73-69,4,1,142,10.5
3/3/25,N Arizona,Idaho St,Away,7,143.5,240,82-79,3,10,161,17.5
3/3/25,Kansas,Houston,Away,9.5,132.5,407,59-65,-6,3.5,124,-8.5
3/3/25,Wichita St,N Texas,Away,7,130.5,265,66-68,-2,5,134,3.5
3/3/25,Sacramento St,Portland St,Away,12.5,136,650,56-59,-3,9.5,115,-21
3/4/25,Memphis,UTSA,Away,-8.5,157.5,-416,75-70,5,-3.5,145,-12.5
3/4/25,New Hampshire,Bryant,Away,18.5,153,1400,56-90,-34,-15.5,146,-7
3/4/25,Boise St,Air Force,Away,-15.5,138.5,-1650,80-57,23,7.5,137,-1.5
3/4/25,Wyoming,Fresno St,Away,-1.5,138,-125,58-62,-4,-5.5,120,-18
3/4/25,San Jose St,Colorado St,Away,17.5,143,1200,56-83,-27,-9.5,139,-4
3/4/25,Saint Louis,Dayton,Away,6.5,144.5,250,67-75,-8,-1.5,142,-2.5
3/4/25,VCU,Duquesne,Away,-9.5,135.5,-475,71-62,9,-0.5,133,-2.5
3/4/25,LSU,Kentucky,Away,12,156.5,645,64-95,-31,-19,159,2.5
3/4/25,E Michigan,Ohio,Away,9.5,154.5,387,83-79,4,13.5,162,7.5
3/4/25,Kent St,W Michigan,Away,-7.5,146,-340,77-76,1,-6.5,153,7
3/4/25,Miami OH,Buffalo,Away,-8.5,153.5,-400,84-69,15,6.5,153,-0.5
3/4/25,C Michigan,Ball St,Away,-2.5,148,-150,69-67,2,-0.5,136,-12
3/4/25,Bowling Green,N Illinois,Away,-4.5,142.5,-197,71-58,13,8.5,129,-13.5
3/4/25,Akron,Toledo,Away,-4.5,163,-195,96-87,9,4.5,183,20
3/4/25,UMass Lowell,Maine,Away,2.5,144,128,70-71,-1,1.5,141,-3
3/4/25,Georgia,South Carolina,Away,-1,138.5,-111,73-64,9,8,137,-1.5
3/4/25,NJIT,Binghamton,Away,8.5,140,405,75-72,3,11.5,147,7
3/4/25,Albany,Vermont,Away,4.5,133.5,190,71-79,-8,-3.5,150,16.5
3/4/25,Rutgers,Purdue,Away,11,150.5,520,71-100,-29,-18,171,20.5
3/4/25,Miami,Georgia Tech,Away,10,149.5,410,74-89,-15,-5,163,13.5
3/4/25,North Carolina,Virginia Tech,Away,-8,149,-375,91-59,32,24,150,1
3/4/25,Creighton,Seton Hall,Away,-9.5,133.5,-510,79-61,18,8.5,140,6.5
3/4/25,Baylor,TCU,Away,-4,140.5,-192,61-58,3,-1,119,-21.5
3/4/25,Temple,Tulsa,Away,2,144.5,120,81-77,4,6,158,13.5
3/4/25,Villanova,Georgetown,Away,-5.5,141,-250,73-75,-2,-7.5,148,7
3/4/25,Texas,Mississippi St,Away,7,151.5,255,87-82,5,12,169,17.5
3/5/25,Marquette,UConn,Away,4,143.5,164,66-72,-6,-2,138,-5.5
3/4/25,West Virginia,Utah,Away,4,136.5,164,71-69,2,6,140,3.5
3/4/25,BYU,Iowa St,Away,9,149.5,361,88-85,3,12,173,23.5
3/4/25,Florida St,Virginia,Away,4.5,136.5,165,57-60,-3,1.5,117,-19.5
3/4/25,Syracuse,SMU,Away,13.5,153.5,700,75-77,-2,11.5,152,-1.5
3/4/25,Indiana,Oregon,Away,6.5,147,250,64-73,-9,-2.5,137,-10
3/4/25,New Mexico,Nevada,Away,-1,149.5,-121,71-67,4,3,138,-11.5
3/4/25,Nebraska,Ohio St,Away,6.5,143.5,230,114-116,-2,4.5,230,86.5
3/4/25,Auburn,Texas A&M,Away,-3.5,151.5,-176,72-83,-11,-14.5,155,3.5
3/4/25,Arkansas,Vanderbilt,Away,7.5,149.5,280,90-77,13,20.5,167,17.5
3/4/25,San Diego St,UNLV,Away,-3.5,131.5,-175,67-74,-7,-10.5,141,9.5
3/4/25,Arizona St,Arizona,Away,18.5,155,1150,100-113,-13,5.5,213,58
3/5/25,Rhode Island,Saint Joseph's,Away,11.5,153.5,500,74-91,-17,-5.5,165,11.5
3/5/25,La Salle,George Mason,Away,12.5,135,650,62-69,-7,5.5,131,-4
3/5/25,G Washington,Fordham,Away,-3.5,147.5,-170,81-58,23,19.5,139,-8.5
3/5/25,Davidson,Loyola Chi,Away,5.5,138.5,205,72-82,-10,-4.5,154,15.5
3/5/25,Maryland,Michigan,Away,1,156,102,71-65,6,7,136,-20
3/5/25,DePaul,Providence,Away,8.5,144.5,315,80-77,3,11.5,157,12.5
3/5/25,Pittsburgh,NC State,Away,-2.5,139,-156,63-71,-8,-10.5,134,-5
3/5/25,Clemson,Boston College,Away,-14.5,138,-1500,78-69,9,-5.5,147,9
3/5/25,UMass,St Bonaventure,Away,8,140,295,72-73,-1,7,145,5
3/5/25,Oklahoma St,UCF,Away,6.5,164.5,223,70-83,-13,-6.5,153,-11.5
3/5/25,Kansas St,Cincinnati,Away,7.5,138.5,325,54-49,5,12.5,103,-35.5
3/5/25,Xavier,Butler,Away,-3.5,152.5,-180,91-78,13,9.5,169,16.5
3/5/25,Florida,Alabama,Away,3.5,178.5,140,99-94,5,8.5,193,14.5
3/5/25,Colorado,Texas Tech,Away,19,143,1300,75-91,-16,3,166,23
3/5/25,Missouri,Oklahoma,Away,-4.5,161,-210,84-96,-12,-16.5,180,19
3/5/25,Wisconsin,Minnesota,Away,-6.5,141.5,-298,74-67,7,0.5,141,-0.5
3/5/25,Stanford,Notre Dame,Away,-1,139.5,-120,54-56,-2,-3,110,-29.5
3/5/25,California,Louisville,Away,14.5,154.5,750,68-85,-17,-2.5,153,-1.5
3/5/25,Tennessee,Mississippi,Away,-2,140,-140,76-78,-2,-4,154,14
3/5/25,Washington,USC,Away,7,148.5,254,61-92,-31,-24,153,4.5
3/6/25,Alabama St,Southern,Away,5.5,143.5,205,66-65,1,6.5,131,-12.5
3/6/25,Norfolk St,Howard,Away,-5.5,155.5,-220,81-69,12,6.5,150,-5.5
3/6/25,Alabama A&M,Grambling,Away,5.5,137.5,200,51-67,-16,-10.5,118,-19.5
3/6/25,Alcorn St,Miss Valley St,Away,-18.5,127,-3200,72-64,8,-10.5,136,9
3/6/25,Jackson St,AR-Pine Bluff,Away,-9.5,153.5,-525,76-69,7,-2.5,145,-8.5
3/6/25,Wichita St,Rice,Away,-1.5,145,-122,63-59,4,2.5,122,-23
3/6/25,Charlotte,N Texas,Away,13,126.5,775,64-75,-11,2,139,12.5
3/6/25,Niagara,Saint Peter's,Away,5,127,174,78-68,10,15,146,19
3/6/25,Seattle,S Utah,Away,-8,139.5,-380,62-39,23,15,101,-38.5
3/6/25,Tarleton St,Cal Baptist,Away,8.5,130,302,48-68,-20,-11.5,116,-14
3/6/25,CS Northridge,UC Riverside,Away,-1.5,158,-116,79-94,-15,-16.5,173,15
3/6/25,UC Irvine,UC Davis,Away,-6.5,134,-283,88-59,29,22.5,147,13
3/6/25,Tulane,E Carolina,Away,5,144.5,195,64-73,-9,-4,137,-7.5
3/6/25,Florida Atlantic,UAB,Away,6.5,160.5,221,80-89,-9,-2.5,169,8.5
3/6/25,Sacred Heart,Manhattan,Away,2,155,114,74-90,-16,-14,164,9
3/6/25,Merrimack,Marist,Away,1,126.5,-110,75-53,22,23,128,1.5
3/6/25,Canisius,Rider,Away,10,141,398,50-78,-28,-18,128,-13
3/6/25,Fairfield,Siena,Away,7.5,141.5,280,64-68,-4,3.5,132,-9.5
3/6/25,Mt St Mary's,Quinnipiac,Away,9.5,149.5,395,70-79,-9,0.5,149,-0.5
3/6/25,NC Central,S Carolina St,Away,9.5,153,370,71-87,-16,-6.5,158,5
3/6/25,Maryland ES,Delaware St,Away,11,147.5,525,68-75,-7,4,143,-4.5
3/6/25,UTEP,Sam Houston,Away,2,145.5,110,87-89,-2,0,176,30.5
3/6/25,New Mexico St,Louisiana Tech,Away,4.5,131.5,173,67-55,12,16.5,122,-9.5
3/6/25,Liberty,Middle Tenn,Away,1.5,140,106,86-81,5,6.5,167,27
3/6/25,Morgan St,Coppin St,Away,-4.5,151,-190,75-82,-7,-11.5,157,6
3/6/25,Michigan St,Iowa,Away,-6.5,155.5,-289,91-84,7,0.5,175,19.5
3/6/25,Utah Valley,Abl Christian,Away,-3,140.5,-155,73-60,13,10,133,-7.5
3/6/25,Florida Intl,W Kentucky,Away,7,145,270,67-76,-9,-2,143,-2
3/6/25,Utah Tech,Grand Canyon,Away,16.5,148.5,950,68-90,-22,-5.5,158,9.5
3/6/25,Hawai'i,CS Bakersfield,Away,2.5,141,127,64-76,-12,-9.5,140,-1
3/6/25,CS Fullerton,Cal Poly,Away,14,164.5,750,61-100,-39,-25,161,-3.5
3/6/25,Long Beach St,UCSD,Away,23.5,137,2000,63-70,-7,16.5,133,-4
3/7/25,W Michigan,Bowling Green,Away,3.5,143.5,140,64-63,1,4.5,127,-16.5
3/7/25,Ohio,Toledo,Away,-1.5,162,-130,82-96,-14,-15.5,178,16
3/7/25,N Illinois,C Michigan,Away,15,144.5,850,83-81,2,17,164,19.5
3/7/25,E Michigan,Kent St,Away,11.5,147.5,525,70-76,-6,5.5,146,-1.5
3/7/25,Buffalo,Akron,Away,18.5,159.5,1300,70-88,-18,0.5,158,-1.5
3/7/25,Ball St,Miami OH,Away,9.5,150.5,411,66-79,-13,-3.5,145,-5.5
3/7/25,Dayton,VCU,Away,9.5,141,435,79-76,3,12.5,155,14
3/7/25,Purdue,Illinois,Away,4.5,158.5,171,80-88,-8,-3.5,168,9.5
3/7/25,S Florida,Memphis,Away,12.5,153,637,68-84,-16,-3.5,152,-1
3/7/25,UNLV,New Mexico,Away,12.5,148.5,575,67-81,-14,-1.5,148,-0.5
3/7/25,Colorado St,Boise St,Away,6,142,222,83-73,10,16,156,14
3/8/25,Alabama St,Grambling,Away,1.5,134.5,-100,59-47,12,13.5,106,-28.5
3/8/25,Fresno St,San Jose St,Away,6.5,142.5,237,68-92,-24,-17.5,160,17.5
3/8/25,Air Force,Utah St,Away,23.5,146,2000,47-87,-40,-16.5,134,-12
3/8/25,Jackson St,Miss Valley St,Away,-21.5,134.5,-8000,66-62,4,-17.5,128,-6.5
3/8/25,Yale,Brown,Away,-7.5,147.5,-350,70-61,9,1.5,131,-16.5
3/8/25,Nevada,San Diego St,Away,6.5,132,249,61-80,-19,-12.5,141,9
3/8/25,USC,UCLA,Away,9.5,142.5,381,63-90,-27,-17.5,153,10.5
3/8/25,Alcorn St,AR-Pine Bluff,Away,-5,145.5,-225,65-63,2,-3,128,-17.5
3/8/25,Alabama A&M,Southern,Away,13.5,143,675,57-71,-14,-0.5,128,-15
3/8/25,Dartmouth,Harvard,Away,1,145.5,105,58-66,-8,-7,124,-21.5
3/8/25,George Mason,Richmond,Away,-6.5,126.5,-295,64-60,4,-2.5,124,-2.5
3/8/25,Fordham,Rhode Island,Away,6.5,159.5,250,67-86,-19,-12.5,153,-6.5
3/8/25,Duquesne,Saint Louis,Away,6.5,138.5,230,88-90,-2,4.5,178,39.5
3/8/25,St Bonaventure,Davidson,Away,2,137,113,64-61,3,5,125,-12
3/8/25,Georgia Tech,Wake Forest,Away,6.5,143.5,240,43-69,-26,-19.5,112,-31.5
3/8/25,UC Irvine,UCSB,Away,-3.5,140.5,-162,97-88,9,5.5,185,44.5
3/8/25,Kentucky,Missouri,Away,6,171.5,205,91-83,8,14,174,2.5
3/8/25,UCSD,UC Davis,Away,-12.5,136.5,-950,68-57,11,-1.5,125,-11.5
3/8/25,Canisius,Saint Peter's,Away,13,129,675,62-70,-8,5,132,3
3/8/25,Siena,Manhattan,Away,3.5,148.5,142,66-78,-12,-8.5,144,-4.5
3/8/25,UT Arlington,Cal Baptist,Away,6.5,144.5,230,68-70,-2,4.5,138,-6.5
3/8/25,Utah Valley,Tarleton St,Away,-7,130.5,-305,71-66,5,-2,137,6.5
3/8/25,Vanderbilt,Georgia,Away,4.5,150.5,180,68-79,-11,-6.5,147,-3.5
3/8/25,Mississippi St,Arkansas,Away,1.5,147.5,105,92-93,-1,0.5,185,37.5
3/8/25,Butler,Creighton,Away,11,152,520,74-87,-13,-2,161,9
3/8/25,St John's,Marquette,Away,4.5,146,169,86-84,2,6.5,170,24
3/8/25,Providence,Xavier,Away,12,150.5,565,68-76,-8,4,144,-6.5
3/8/25,Seton Hall,UConn,Away,17,132,1250,50-81,-31,-14,131,-1
3/8/25,Georgetown,DePaul,Away,-1,144.5,-117,77-83,-6,-7,160,15.5
3/8/25,Loyola Chi,UMass,Away,-3.5,148,-170,74-51,23,19.5,125,-23
3/8/25,Penn St,Wisconsin,Away,11.5,153.5,550,86-75,11,22.5,161,7.5
3/8/25,Iowa St,Kansas St,Away,-6,142.5,-260,73-57,16,10,130,-12.5
3/8/25,South Carolina,Tennessee,Away,15,132.5,890,65-75,-10,5,140,7.5
3/8/25,Columbia,Cornell,Away,9.5,169,430,81-100,-19,-9.5,181,12
3/8/25,Penn,Princeton,Away,8.5,144,305,71-95,-24,-15.5,166,22
3/8/25,Stanford,Louisville,Away,10.5,147.5,490,48-68,-20,-9.5,116,-31.5
3/8/25,Alabama,Auburn,Away,7.5,179.5,260,93-91,2,9.5,184,4.5
3/8/25,Niagara,Rider,Away,4,135,160,76-77,-1,3,153,18
3/8/25,NC State,Miami,Away,-2,149.5,-138,70-72,-2,-4,142,-7.5
3/8/25,Saint Joseph's,La Salle,Away,-9.5,146,-575,74-81,-7,-16.5,155,9
3/8/25,Cincinnati,Oklahoma St,Away,-3.5,142,-175,67-78,-11,-14.5,145,3
3/8/25,Northwestern,Maryland,Away,11,143,469,61-74,-13,-2,135,-8
3/8/25,UTEP,Louisiana Tech,Away,5,140.5,182,58-76,-18,-13,134,-6.5
3/8/25,New Mexico St,Sam Houston,Away,2,137.5,116,69-76,-7,-5,145,7.5
3/8/25,Florida Intl,Middle Tenn,Away,11.5,145,500,56-78,-22,-10.5,134,-11
3/8/25,Kennesaw St,Jacksonville St,Away,4,144.5,154,74-70,4,8,144,-0.5
3/8/25,Liberty,W Kentucky,Away,-3.5,142,-160,90-61,29,25.5,151,9
3/8/25,Ohio St,Indiana,Away,2.5,147.5,124,60-66,-6,-3.5,126,-21.5
3/8/25,SMU,Florida St,Away,-2.5,155,-155,69-76,-7,-9.5,145,-10
3/8/25,Arizona,Kansas,Away,4,154,168,76-83,-7,-3,159,5
3/8/25,TCU,Colorado,Away,2.5,137,130,56-76,-20,-17.5,132,-5
3/8/25,Sacred Heart,Iona,Away,4.5,149,170,88-90,-2,2.5,178,29
3/8/25,Grand Canyon,Abl Christian,Away,-7,147,-315,81-82,-1,-8,163,16
3/8/25,Texas A&M,LSU,Away,-7,142.5,-290,66-52,14,7,118,-24.5
3/8/25,Marist,Mt St Mary's,Away,2,132.5,108,52-62,-10,-8,114,-18.5
3/8/25,UCF,West Virginia,Away,7.5,145.5,275,65-72,-7,0.5,137,-8.5
3/8/25,Texas So,Prairie View,Away,-7,142.5,-331,80-68,12,5,148,5.5
3/8/25,Florida A&M,Bethune,Away,5.5,143.5,191,75-76,-1,4.5,151,7.5
3/8/25,Virginia Tech,Clemson,Away,17.5,137,1100,47-65,-18,-0.5,112,-25
3/8/25,Boston College,Pittsburgh,Away,12.5,140,640,67-93,-26,-13.5,160,20
3/8/25,Mississippi,Florida,Away,12.5,159.5,625,71-90,-19,-6.5,161,1.5
3/8/25,Duke,North Carolina,Away,-10,160.5,-500,82-69,13,3,151,-9.5
3/8/25,Quinnipiac,Fairfield,Away,-1.5,145,-135,74-83,-9,-10.5,157,12
3/8/25,Cal Poly,Long Beach St,Away,-3.5,157.5,-175,83-69,14,10.5,152,-5.5
3/8/25,Virginia,Syracuse,Away,1,136.5,-105,70-84,-14,-13,154,17.5
3/8/25,California,Notre Dame,Away,4,141.5,160,110-112,-2,2,222,80.5
3/8/25,Oklahoma,Texas,Away,5.5,154.5,205,76-72,4,9.5,148,-6.5
3/8/25,Hawai'i,CS Northridge,Away,11,150.5,480,73-82,-9,2,155,4.5
3/8/25,Houston,Baylor,Away,-4.5,132,-205,65-61,4,-0.5,126,-6
3/8/25,UC Riverside,CS Fullerton,Away,-14.5,149.5,-1350,64-59,5,-9.5,123,-26.5
3/8/25,Seattle,Utah Tech,Away,-7.5,138,-368,70-65,5,-2.5,135,-3
3/8/25,Texas Tech,Arizona St,Away,-12.5,152.5,-945,85-57,28,15.5,142,-10.5
3/8/25,Utah,BYU,Away,12,154.5,611,74-85,-11,1,159,4.5
3/9/25,Michigan,Michigan St,Away,7.5,148.5,285,62-79,-17,-9.5,141,-7.5
3/9/25,Iowa,Nebraska,Away,7.5,156,290,83-68,15,22.5,151,-5
3/9/25,Minnesota,Rutgers,Away,5,142.5,200,67-75,-8,-3,142,-0.5
3/9/25,Tulsa,Wichita St,Away,11.5,144,615,73-63,10,21.5,136,-8
3/9/25,UTSA,Charlotte,Away,2.5,146.5,130,83-80,3,5.5,163,16.5
3/9/25,E Carolina,Florida Atlantic,Away,4.5,150.5,174,53-81,-28,-23.5,134,-16.5
3/9/25,N Texas,Temple,Away,-6.5,131.5,-293,61-66,-5,-11.5,127,-4.5
3/9/25,UAB,Tulane,Away,-3,156.5,-162,68-85,-17,-20,153,-3.5
3/9/25,Oregon,Washington,Away,-7.5,147,-330,80-73,7,-0.5,153,6
12/20/24,App State,N Texas,Away,11.5,124,580,64-68,-4,7.5,132,8
11/15/24,UT Rio Grande,Charleston So,Neutral,-4.5,158.5,-190,86-76,10,5.5,162,3.5
11/15/24,VMI,Tenn Tech,Neutral,4,150,154,71-72,-1,3,143,-7
11/16/24,FGCU,Drake,Away,10.5,130,515,61-63,-2,8.5,124,-6
11/18/24,N Texas,McNeese,Away,3,129,136,61-68,-7,-4,129,0
11/22/24,Pittsburgh,LSU,Neutral,-7.5,144.5,-340,74-63,11,3.5,137,-7.5
11/22/24,Wisconsin,UCF,Neutral,-5,148,-205,86-70,16,11,156,8
11/26/24,Tulsa,Detroit Mercy,Neutral,-10,141.5,-479,63-44,19,9,107,-34.5
11/26/24,Austin Peay,Georgia St,Neutral,1.5,145,100,62-50,12,13.5,112,-33
11/27/24,Detroit Mercy,Rhode Island,Neutral,18.5,146.5,1100,75-81,-6,12.5,156,9.5
11/27/24,Tulsa,Georgia St,Neutral,-4.5,147.5,-195,71-74,-3,-7.5,145,-2.5
11/27/24,UT Arlington,Austin Peay,Neutral,-5,143.5,-205,68-58,10,5,126,-17.5
11/28/24,Rhode Island,UT Arlington,Neutral,-7.5,159.5,-325,83-78,5,-2.5,161,1.5
11/16/24,C Connecticut,Northeastern,Neutral,3,138,122,62-80,-18,-15,142,4
11/25/24,Ball St,E Kentucky,Neutral,3.5,148,125,63-61,2,5.5,124,-24
11/25/24,S Illinois,Louisiana Tech,Neutral,6,143.5,210,79-85,-6,0,164,20.5
11/26/24,E Kentucky,S Illinois,Neutral,4,150,155,77-72,5,9,149,-1
11/26/24,Louisiana Tech,Richmond,Neutral,-8,135,-375,65-62,3,-5,127,-8
11/26/24,UT Arlington,Murray St,Neutral,5.5,153,180,66-79,-13,-7.5,145,-8
11/27/24,E Kentucky,Louisiana Tech,Neutral,7.5,141,275,69-78,-9,-1.5,147,6
11/27/24,Richmond,Ball St,Neutral,-4,133.5,-180,73-60,13,9,133,-0.5
12/29/24,Longwood,SMU,Away,18,153.5,1100,82-98,-16,2,180,26.5
3/1/25,Howard,NC Central,Away,3,156.5,134,68-72,-4,-1,140,-16.5
2/10/25,NC A&T,Campbell,Away,13,139.5,675,62-66,-4,9,128,-11.5
11/26/24,W Carolina,Florida St,Away,20.5,146.5,,57-91,-34,-13.5,148,1.5
11/16/24,VMI,Charleston So,Neutral,3,152.5,140,80-69,11,14,149,-3.5
11/16/24,Tenn Tech,UT Rio Grande,Neutral,7,153,240,58-83,-25,-18,141,-12
11/22/24,Illinois Chicago,La Salle,Neutral,2,150,110,96-83,13,15,179,29
11/22/24,Ohio,Portland,Neutral,-7.5,149,-360,85-73,12,4.5,158,9
11/22/24,J Madison,UCSD,Neutral,-2.5,142.5,-145,67-73,-6,-8.5,140,-2.5
11/22/24,Drake,Florida Atlantic,Neutral,3,143.5,138,75-63,12,15,138,-5.5
11/22/24,Middle Tenn,S Florida,Neutral,1,145,-105,95-88,7,8,183,38
11/22/24,Miami,Oklahoma St,Neutral,-4,158,-198,74-80,-6,-10,154,-4
11/22/24,E Carolina,Stetson,Neutral,-13,143.5,-991,71-64,7,-6,135,-8.5
11/22/24,Jacksonville St,Toledo,Neutral,4,154,154,80-82,-2,2,162,8
11/22/24,Bradley,Wright St,Neutral,-6,146.5,-254,77-74,3,-3,151,4.5
11/22/24,Seton Hall,Vanderbilt,Neutral,5.5,134,205,60-76,-16,-10.5,136,2
11/22/24,St John's,Virginia,Neutral,-10.5,127.5,-650,80-55,25,14.5,135,7.5
11/22/24,Syracuse,Texas Tech,Neutral,11.5,151,525,74-79,-5,6.5,153,2
11/22/24,VCU,Nevada,Neutral,1.5,138.5,101,61-64,-3,-1.5,125,-13.5
11/22/24,Texas St,Princeton,Neutral,6,139,220,83-80,3,9,163,24
11/22/24,Texas,Saint Joseph's,Neutral,-7.5,149.5,-340,67-58,9,1.5,125,-24.5
11/22/24,Baylor,Tennessee,Neutral,4.5,142,164,62-77,-15,-10.5,139,-3
11/23/24,La Salle,Stetson,Neutral,-11,146.5,-738,92-77,15,4,169,22.5
11/23/24,Illinois Chicago,E Carolina,Neutral,1.5,149.5,106,55-72,-17,-15.5,127,-22.5
11/23/24,UAB,Illinois St,Neutral,-7,145.5,-290,83-84,-1,-8,167,21.5
11/23/24,J Madison,Jacksonville St,Neutral,-3,140,-155,71-65,6,3,136,-4
11/23/24,Louisiana,G Washington,Neutral,6.5,152,240,74-83,-9,-2.5,157,5
11/23/24,UCSD,Toledo,Neutral,1,155,103,80-45,35,36,125,-30
11/24/24,Portland,Princeton,Neutral,11.5,147,520,67-94,-27,-15.5,161,14
11/24/24,Miami,VCU,Neutral,3.5,146,136,70-77,-7,-3.5,147,1
11/24/24,S Florida,Wright St,Neutral,-3,153.5,-169,73-72,1,-2,145,-8.5
11/24/24,UCF,LSU,Neutral,1,147.5,-101,102-109,-7,-6,211,63.5
11/24/24,Oklahoma St,Nevada,Neutral,5.5,145,200,78-90,-12,-6.5,168,23
11/24/24,Pittsburgh,Wisconsin,Neutral,-2.5,147.5,-141,75-81,-6,-8.5,156,8.5
11/24/24,Longwood,McNeese,Neutral,8,142,300,69-84,-15,-7,153,11
11/24/24,Middle Tenn,Bradley,Neutral,5.5,144.5,205,69-80,-11,-5.5,149,4.5
11/24/24,Florida Atlantic,Seton Hall,Neutral,-2.5,138,-138,61-63,-2,-4.5,124,-14
11/24/24,Liberty,Kansas St,Neutral,3.5,133,145,67-65,2,5.5,132,-1
11/24/24,Ohio,Texas St,Neutral,-3,145.5,-166,65-74,-9,-12,139,-6.5
11/24/24,Drake,Vanderbilt,Neutral,4.5,142,175,81-70,11,15.5,151,9
11/25/24,UAB,Louisiana,Neutral,-11,157,-601,98-86,12,1,184,27
11/25/24,Illinois St,G Washington,Neutral,2.5,147.5,122,64-72,-8,-5.5,136,-11.5
11/25/24,Duquesne,Hampton,Neutral,-6.5,135.5,-275,59-64,-5,-11.5,123,-12.5
11/25/24,Boise St,S Dakota St,Neutral,-13,148.5,-886,83-82,1,-12,165,16.5
11/25/24,High Point,Old Dominion,Neutral,-14.5,146,-1300,73-67,6,-8.5,140,-6
11/25/24,Longwood,Kansas St,Neutral,10.5,142.5,415,64-80,-16,-5.5,144,1.5
11/25/24,Missouri St,Boston College,Neutral,2.5,134,125,74-76,-2,0.5,150,16
11/25/24,McNeese,Liberty,Neutral,-2,134,-128,58-62,-4,-6,120,-14
11/26/24,Chicago St,Drexel,Neutral,18,135.5,1100,71-83,-12,6,154,18.5
11/26/24,Siena,Jacksonville,Neutral,6,129.5,220,64-75,-11,-5,139,9.5
11/26/24,Duquesne,Old Dominion,Neutral,-10,138.5,-487,67-54,13,3,121,-17.5
11/26/24,Fordham,San Francisco,Neutral,11,141.5,502,64-85,-21,-10,149,7.5
11/26/24,Miami OH,Mercer,Neutral,-3.5,151,-172,75-72,3,-0.5,147,-4
11/26/24,Hampton,High Point,Neutral,10.5,139,510,73-76,-3,7.5,149,10
11/26/24,UConn,Colorado,Neutral,-14.5,143,-1450,72-73,-1,-15.5,145,2
11/26/24,Penn St,Clemson,Neutral,1,150,-106,67-75,-8,-7,142,-8
11/26/24,S Dakota St,Missouri St,Neutral,-2.5,143.5,-155,75-55,20,17.5,130,-13.5
11/26/24,Memphis,Michigan St,Neutral,2.5,150.5,120,71-63,8,10.5,134,-16.5
11/26/24,Radford,Purdue FW,Neutral,7,147,300,69-56,13,20,125,-22
11/26/24,Boise St,Boston College,Neutral,-9.5,144.5,-470,61-63,-2,-11.5,124,-20.5
11/26/24,Iowa St,Dayton,Neutral,-9.5,142.5,-500,89-84,5,-4.5,173,30.5
11/26/24,Auburn,North Carolina,Neutral,-3.5,168,-175,85-72,13,9.5,157,-11
11/27/24,Virginia Tech,South Carolina,Neutral,5.5,139,200,60-70,-10,-4.5,130,-9
11/27/24,Michigan,Xavier,Neutral,-1.5,153.5,-130,78-53,25,23.5,131,-22.5
11/27/24,North Dakota,SE Louisiana,Neutral,-1,140.5,-119,60-76,-16,-17,136,-4.5
11/27/24,Gardner-Webb,Bethune,Neutral,-3.5,141.5,-162,79-64,15,11.5,143,1.5
11/27/24,Colorado,Iowa St,Neutral,13.5,144,700,71-99,-28,-14.5,170,26
11/27/24,Tulane,Belmont,Neutral,-2,154,-132,66-89,-23,-25,155,1
11/27/24,Wyoming,Loyola Mymt,Neutral,3.5,140.5,140,70-73,-3,0.5,143,2.5
11/27/24,UConn,Dayton,Neutral,-7,147,-350,67-85,-18,-25,152,5
11/27/24,Memphis,Auburn,Neutral,9,157,330,76-90,-14,-5,166,9
11/27/24,Michigan St,North Carolina,Neutral,5.5,157.5,200,94-91,3,8.5,185,27.5
11/27/24,SMU,Washington St,Neutral,-4.5,160.5,-205,77-60,17,12.5,137,-23.5
11/27/24,Cal Baptist,Fresno St,Neutral,-6.5,152,-275,86-81,5,-1.5,167,15
11/28/24,West Virginia,Louisville,Neutral,3.5,151,155,70-79,-9,-5.5,149,-2
11/28/24,Indiana,Gonzaga,Neutral,9.5,156.5,380,73-89,-16,-6.5,162,5.5
11/28/24,Oklahoma,Arizona,Neutral,7.5,154.5,270,82-77,5,12.5,159,4.5
11/28/24,Providence,Davidson,Neutral,-5.5,136.5,-215,58-69,-11,-16.5,127,-9.5
11/29/24,Minnesota,Wake Forest,Neutral,3,127.5,136,51-57,-6,-3,108,-19.5
11/29/24,Wichita St,Florida,Neutral,10,155.5,423,51-88,-37,-27,139,-16.5
11/30/24,Creighton,Notre Dame,Neutral,-7.5,143.5,-300,80-76,4,-3.5,156,12.5
11/30/24,Texas A&M,Rutgers,Neutral,-5.5,151,-245,81-77,4,-1.5,158,7
11/30/24,San Diego St,Houston,Neutral,13.5,127,675,73-70,3,16.5,143,16
11/30/24,Oregon,Alabama,Neutral,6.5,165.5,250,83-81,2,8.5,164,-1.5
11/29/24,West Virginia,Arizona,Neutral,6.5,151.5,230,83-76,7,13.5,159,7.5
11/29/24,NC State,BYU,Neutral,5.5,153,185,61-72,-11,-5.5,133,-20
11/29/24,Louisville,Oklahoma,Neutral,-2.5,149.5,-158,64-69,-5,-7.5,133,-16.5
11/29/24,Mississippi,Purdue,Neutral,3,145,135,78-80,-2,1,158,13
11/29/24,Indiana,Providence,Neutral,-4,138,-180,89-73,16,12,162,24
11/29/24,TCU,Colorado St,Neutral,-5,140,-210,72-76,-4,-9,148,8
11/29/24,Santa Clara,Washington,Neutral,-2.5,148,-140,69-76,-7,-9.5,145,-3
11/29/24,Gonzaga,Davidson,Neutral,-18.5,154.5,-2100,90-65,25,6.5,155,0.5
11/29/24,Utah St,N Texas,Neutral,-4.5,135,-205,61-57,4,-0.5,118,-17
11/29/24,Northwestern,UNLV,Neutral,-4.5,135.5,-191,66-61,5,0.5,127,-8.5
11/29/24,St Bonaventure,N Iowa,Neutral,-2,138.5,-142,68-56,12,10,124,-14.5
11/29/24,Butler,Mississippi St,Neutral,8.5,145.5,315,87-77,10,18.5,164,18.5
11/29/24,Arizona St,Saint Mary's,Neutral,6,139.5,208,68-64,4,10,132,-7.5
11/29/24,USC,New Mexico,Neutral,6,155.5,205,73-83,-10,-4,156,0.5
11/30/24,New Mexico St,Bowling Green,Neutral,-3.5,143.5,-175,60-61,-1,-4.5,121,-22.5
11/30/24,Weber St,Pepperdine,Neutral,-4,140.5,-180,68-53,15,11,121,-19.5
12/7/24,Drexel,Penn,Neutral,-3.5,137.5,-165,60-47,13,9.5,107,-30.5
12/7/24,Villanova,Temple,Neutral,-9.5,142,-499,94-65,29,19.5,159,17
12/7/24,La Salle,Saint Joseph's,Neutral,6.5,152.5,229,68-82,-14,-7.5,150,-2.5
12/21/24,Akron,Jackson St,Neutral,-8.5,150.5,-375,68-50,18,9.5,118,-32.5
12/21/24,Yale,UTEP,Away,1,141.5,102,74-75,-1,0,149,7.5
12/23/24,Charleston,Loyola Chi,Neutral,1.5,147.5,105,77-68,9,10.5,145,-2.5
12/23/24,Oregon St,Oakland,Neutral,-10,130.5,-600,80-74,6,-4,154,23.5
12/23/24,Nebraska,Hawai'i,Away,-8,140,-395,69-55,14,6,124,-16
12/24/24,Murray St,Charlotte,Neutral,-5.5,138.5,-250,90-94,-4,-9.5,184,45.5
12/25/24,Oregon St,Nebraska,Neutral,4.5,137.5,175,66-78,-12,-7.5,144,6.5
12/25/24,Loyola Chi,Murray St,Neutral,-2.5,138,-141,68-71,-3,-5.5,139,1
12/25/24,Charleston,Charlotte,Neutral,-5.5,148.5,-245,84-81,3,-2.5,165,16.5
12/25/24,Oakland,Hawai'i,Away,3.5,132.5,150,70-73,-3,0.5,143,10.5
1/27/25,E Illinois,Little Rock,Neutral,10.5,130.5,475,56-54,2,12.5,110,-20.5
2/8/25,S Alabama,Akron,Away,7,147,245,67-80,-13,-6,147,0
2/8/25,Troy,Miami OH,Away,-1.5,141,-122,62-69,-7,-8.5,131,-10
2/8/25,Georgia So,W Michigan,Away,1.5,150.5,103,83-57,26,27.5,140,-10.5
2/8/25,Southern Miss,Ball St,Away,3,147.5,135,76-77,-1,2,153,5.5
2/8/25,Old Dominion,E Michigan,Away,1.5,143.5,104,70-76,-6,-4.5,146,2.5
2/8/25,Louisiana,N Illinois,Away,-1,143.5,-117,66-64,2,1,130,-13.5
2/8/25,J Madison,Toledo,Away,-1,150.5,-116,69-72,-3,-4,141,-9.5
2/8/25,Georgia St,Buffalo,Away,-3,160.5,-148,80-75,5,2,155,-5.5
2/8/25,Coastal Car,Bowling Green,Away,5,140,180,53-67,-14,-9,120,-20
2/8/25,Arkansas St,Kent St,Away,1,142,-103,75-76,-1,0,151,9
2/8/25,App State,Ohio,Away,4.5,141.5,168,72-59,13,17.5,131,-10.5
2/8/25,Texas St,C Michigan,Away,2,141,114,70-85,-15,-13,155,14
2/11/25,Loyola Mymt,Pepperdine,Away,-2.5,144.5,-146,69-60,9,6.5,129,-15.5
2/1/25,Hampton,Howard,Neutral,-2,146.5,-143,80-79,1,-1,159,12.5
2/19/25,Murray St,S Illinois,Away,,,,62-60,2,,122,
3/2/25,N Florida,Austin Peay,Neutral,-3.5,158,-170,69-90,-21,-24.5,159,1
3/2/25,C Arkansas,Stetson,Neutral,0,141.5,-107,77-72,5,5,149,7.5
3/3/25,Queens,FGCU,Away,5,144.5,169,71-65,6,11,136,-8.5
3/3/25,E Kentucky,Jacksonville,Away,2.5,142.5,130,67-78,-11,-8.5,145,2.5
3/4/25,Coastal Car,Southern Miss,Neutral,3.5,140,147,63-66,-3,0.5,129,-11
3/4/25,UL Monroe,Louisiana,Neutral,5.5,136.5,203,69-73,-4,1.5,142,5.5
3/4/25,Detroit Mercy,N Kentucky,Away,13.5,140.5,750,75-99,-24,-10.5,174,33.5
3/4/25,Green Bay,Oakland,Away,10.5,148.5,490,72-96,-24,-13.5,168,19.5
3/4/25,IU Indy,Wright St,Away,9.5,153,385,85-98,-13,-3.5,183,30
3/6/25,Army,Colgate,Away,7,146.5,260,55-84,-29,-22,139,-7.5
3/5/25,SC Upstate,Gardner-Webb,Neutral,6,157.5,220,63-83,-20,-14,146,-11.5
3/6/25,Navy,Boston U,Away,3.5,129.5,140,86-78,8,11.5,164,34.5
3/7/25,Presbyterian,Radford,Neutral,3.5,130.5,145,69-74,-5,-1.5,143,12.5
3/7/25,Charleston So,NC Asheville,Neutral,6,150,218,60-80,-20,-14,140,-10
3/7/25,Longwood,Winthrop,Neutral,4.5,159,180,79-88,-9,-4.5,167,8
3/4/25,Lehigh,Loyola MD,Away,3,139,130,73-77,-4,-1,150,11
3/4/25,Holy Cross,Lafayette,Away,6.5,137,240,68-69,-1,5.5,137,0
3/5/25,Chicago St,LIU,Away,11.5,128.5,612,57-68,-11,0.5,125,-3.5
3/5/25,Wagner,St Francis PA,Away,2.5,123,114,55-58,-3,-0.5,113,-10
3/5/25,Stonehill,F Dickinson,Away,3.5,142.5,153,56-71,-15,-11.5,127,-15.5
3/5/25,Le Moyne,C Connecticut,Away,13.5,144.5,750,67-86,-19,-5.5,153,8.5
3/5/25,UT Martin,Tenn Tech,Neutral,-1.5,140,-125,70-67,3,1.5,137,-3
3/5/25,Oral Roberts,Kansas City,Neutral,5.5,135.5,200,56-73,-17,-11.5,129,-6.5
3/5/25,Morehead St,Lindenwood,Neutral,-2,131,-135,65-73,-8,-10,138,7
3/6/25,Purdue FW,Youngstown St,Away,1,155,-103,67-72,-5,-4,139,-16
3/6/25,Denver,St Thomas,Neutral,10,144.5,422,62-80,-18,-8,142,-2.5
3/7/25,Stony Brook,Delaware,Neutral,7.5,147.5,275,76-80,-4,3.5,156,8.5
3/7/25,NC A&T,Hofstra,Neutral,9.5,124.5,370,55-77,-22,-12.5,132,7.5
3/7/25,W Carolina,Mercer,Neutral,6,154,225,66-67,-1,5,133,-21
3/7/25,South Dakota,N Dakota St,Neutral,2,164.5,105,85-84,1,3,169,4.5
3/7/25,The Citadel,VMI,Neutral,6,139.5,225,62-73,-11,-5,135,-4.5
3/7/25,North Dakota,S Dakota St,Neutral,8,155.5,300,85-69,16,24,154,-1.5
3/8/25,Elon,Drexel,Neutral,-1,128.5,-122,74-91,-17,-18,165,36.5
3/8/25,Wofford,E Tennessee St,Neutral,1.5,134.5,102,72-60,12,13.5,132,-2.5
3/8/25,Hampton,Northeastern,Neutral,1,135,101,70-65,5,6,135,0
3/8/25,Furman,Samford,Neutral,3.5,154.5,142,95-78,17,20.5,173,18.5
3/6/25,Pacific,San Diego,Neutral,-2,147.5,-132,77-81,-4,-6,158,10.5
3/7/25,Pepperdine,Portland,Neutral,1,156.5,-107,86-73,13,14,159,2.5
3/3/25,Austin Peay,N Alabama,Away,12,145.5,575,64-90,-26,-14,154,8.5
3/3/25,C Arkansas,Lipscomb,Away,19.5,142.5,1400,66-84,-18,1.5,150,7.5
3/6/25,Indiana St,S Illinois,Neutral,-1,154,-119,85-86,-1,-2,171,17
3/6/25,Missouri St,Illinois St,Neutral,5.5,133.5,220,54-70,-16,-10.5,124,-9.5
3/6/25,Evansville,Murray St,Neutral,5.5,130,212,53-74,-21,-15.5,127,-3
3/6/25,Valparaiso,Illinois Chicago,Neutral,4,151,154,67-50,17,21,117,-34
3/6/25,Jacksonville,N Alabama,Away,6.5,141.5,232,63-78,-15,-8.5,141,-0.5
3/6/25,Queens,Lipscomb,Away,9.5,148,420,75-81,-6,3.5,156,8
3/9/25,Hou Christian,Texas A&M-CC,Neutral,6.5,133.5,239,48-62,-14,-7.5,110,-23.5
3/9/25,Incarnate Word,SE Louisiana,Neutral,3.5,137.5,142,71-67,4,7.5,138,0.5
3/8/25,Sacramento St,Weber St,Neutral,3.5,132,145,70-83,-13,-9.5,153,21
3/8/25,E Washington,N Arizona,Neutral,3,143.5,136,53-66,-13,-10,119,-24.5
3/10/25,Montana St,Idaho St,Neutral,-1,139,-116,80-60,20,19,140,1
3/10/25,Idaho,Portland St,Neutral,4.5,142.5,164,80-70,10,14.5,150,7.5
3/5/25,Southern Miss,Georgia So,Neutral,6,148,220,64-78,-14,-8,142,-6
3/6/25,Loyola MD,Bucknell,Away,9,139,340,72-76,-4,5,148,9
3/6/25,Lafayette,American,Away,4,129.5,155,69-71,-2,2,140,10.5
3/8/25,New Hampshire,Vermont,Away,14,131.5,870,57-64,-7,7,121,-10.5
3/8/25,UMBC,Bryant,Away,15.5,164.5,890,74-85,-11,4.5,159,-5.5
3/8/25,UMass Lowell,Maine,Away,0,141,-110,64-72,-8,-8,136,-5
3/8/25,Binghamton,Albany,Away,8,141,299,66-69,-3,5,135,-6
3/6/25,Wright St,Robert Morris,Away,6.5,150,245,62-83,-21,-14.5,145,-5
3/6/25,N Kentucky,Cleveland St,Away,4.5,140.5,165,63-68,-5,-0.5,131,-9.5
3/6/25,Oakland,Milwaukee,Away,7.5,149.5,280,72-64,8,15.5,136,-13.5
3/5/25,Louisiana,Old Dominion,Neutral,4.5,136,160,49-67,-18,-13.5,116,-20
3/6/25,Georgia So,Georgia St,Neutral,-2.5,153.5,-142,71-80,-9,-11.5,151,-2.5
3/6/25,UT Martin,Little Rock,Neutral,5,131.5,191,77-82,-5,0,159,27.5
3/6/25,Kansas City,Omaha,Neutral,5,138.5,181,61-70,-9,-4,131,-7.5
3/6/25,Old Dominion,Texas St,Neutral,6.5,140.5,230,64-61,3,9.5,125,-15.5
3/6/25,Lindenwood,Tennessee St,Neutral,3.5,147,145,55-69,-14,-10.5,124,-23
3/8/25,St Francis PA,LIU,Away,6.5,129.5,225,71-68,3,9.5,139,9.5
3/8/25,F Dickinson,C Connecticut,Away,9.5,138.5,400,72-76,-4,5.5,148,9.5
3/7/25,Gardner-Webb,High Point,Neutral,15.5,153.5,1000,64-85,-21,-5.5,149,-4.5
3/9/25,N Alabama,Lipscomb,Away,5.5,142.5,195,65-76,-11,-5.5,141,-1.5
3/7/25,S Illinois,Drake,Neutral,11,126.5,550,53-70,-17,-6,123,-3.5
3/7/25,Illinois St,Belmont,Neutral,-1,151,-111,63-76,-13,-14,139,-12
3/7/25,Georgia St,Marshall,Neutral,7.5,151.5,285,76-79,-3,4.5,155,3.5
3/7/25,Murray St,Bradley,Neutral,5,133.5,180,62-70,-8,-3,132,-1.5
3/7/25,Little Rock,SE Missouri St,Neutral,3,137.5,139,59-78,-19,-16,137,-0.5
3/7/25,Old Dominion,App State,Neutral,7.5,128,300,61-56,5,12.5,117,-11
3/7/25,Valparaiso,N Iowa,Neutral,8.5,139.5,340,64-63,1,9.5,127,-12.5
3/7/25,Tennessee St,SIU Edward,Neutral,2.5,141.5,130,69-71,-2,0.5,140,-1.5
3/7/25,San Diego,Loyola Mymt,Neutral,8.5,147,325,74-100,-26,-17.5,174,27
3/9/25,Navy,Bucknell,Away,5.5,138.5,190,83-77,6,11.5,160,21.5
3/9/25,Colgate,American,Away,2.5,135,136,62-72,-10,-7.5,134,-1
3/10/25,Oakland,Robert Morris,Neutral,3.5,142,139,76-79,-3,0.5,155,13
3/10/25,Youngstown St,Cleveland St,Neutral,3,138.5,136,56-54,2,5,110,-28.5
3/8/25,Radford,High Point,Neutral,9.5,140.5,360,73-76,-3,6.5,149,8.5
3/8/25,Belmont,Drake,Neutral,7.5,132,279,50-57,-7,0.5,107,-25
3/8/25,Mercer,Chattanooga,Neutral,10,151.5,410,61-76,-15,-5,137,-14.5
3/8/25,Winthrop,NC Asheville,Neutral,-1.5,162.5,-122,86-67,19,17.5,153,-9.5
3/8/25,VMI,NC Greensboro,Neutral,10.5,138,470,64-57,7,17.5,121,-17
3/8/25,Valparaiso,Bradley,Neutral,8.5,138,345,65-70,-5,3.5,135,-3
3/8/25,Marshall,Arkansas St,Neutral,8.5,149.5,290,74-77,-3,5.5,151,1.5
3/8/25,South Dakota,Omaha,Neutral,5.5,166,185,75-100,-25,-19.5,175,9
3/8/25,Hofstra,Monmouth,Neutral,-2.5,130,-157,60-65,-5,-7.5,125,-5
3/8/25,Old Dominion,Troy,Neutral,11.5,131,499,59-75,-16,-4.5,134,3
3/8/25,Pepperdine,Oregon St,Neutral,10.5,147.5,451,77-73,4,14.5,150,2.5
3/8/25,SIU Edward,SE Missouri St,Neutral,3.5,136,144,69-48,21,24.5,117,-19
3/8/25,North Dakota,St Thomas,Neutral,8,155,295,69-85,-16,-8,154,-1
3/8/25,Delaware,Campbell,Neutral,1.5,146.5,114,79-62,17,18.5,141,-5.5
3/8/25,Loyola Mymt,Washington St,Neutral,4,150,150,77-94,-17,-13,171,21
3/12/25,Maryland ES,Norfolk St,Neutral,15.5,139.5,950,70-77,-7,8.5,147,7.5
3/12/25,Coppin St,S Carolina St,Neutral,16.5,141.5,890,63-68,-5,11.5,131,-10.5
3/13/25,Morgan St,Howard,Neutral,3.5,161.5,138,91-90,1,4.5,181,19.5
3/13/25,NC Central,Delaware St,Neutral,1,152.5,-100,79-77,2,3,156,3.5
3/13/25,Bowling Green,Akron,Neutral,11.5,148.5,560,67-96,-29,-17.5,163,14.5
3/13/25,Ohio,Toledo,Neutral,-2.5,158.5,-140,85-90,-5,-7.5,175,16.5
3/13/25,E Michigan,Miami OH,Neutral,5,149.5,190,75-81,-6,-1,156,6.5
3/13/25,W Michigan,Kent St,Neutral,10.5,143.5,430,66-73,-7,3.5,139,-4.5
3/9/25,Drexel,Towson,Neutral,4.5,123,165,76-82,-6,-1.5,158,35
3/9/25,Winthrop,High Point,Neutral,7.5,158,288,69-81,-12,-4.5,150,-8
3/9/25,Delaware,William & Mary,Neutral,3.5,161.5,150,100-78,22,25.5,178,16.5
3/11/25,St Francis PA,C Connecticut,Away,11.5,135.5,525,46-43,3,14.5,89,-46.5
3/9/25,Bradley,Drake,Neutral,4,118.5,160,48-63,-15,-11,111,-7.5
3/9/25,Hampton,NC Wilmington,Neutral,8,138.5,309,65-79,-14,-6,144,5.5
3/9/25,VMI,Wofford,Neutral,10,138.5,403,65-85,-20,-10,150,11.5
3/9/25,Weber St,N Colorado,Neutral,11.5,146,525,52-76,-24,-12.5,128,-18
3/11/25,Pittsburgh,Notre Dame,Neutral,-4.5,135,-194,54-55,-1,-5.5,109,-26
3/11/25,California,Virginia Tech,Neutral,-4.5,140.5,-190,82-73,9,4.5,155,14.5
3/11/25,Maine,Vermont,Away,4.5,124.5,165,57-42,15,19.5,99,-25.5
3/11/25,Syracuse,Florida St,Neutral,3.5,149.5,150,66-62,4,7.5,128,-21.5
3/11/25,Florida Intl,W Kentucky,Neutral,5,143.5,182,64-61,3,8,125,-18.5
3/12/25,Virginia,Georgia Tech,Neutral,1,129.5,-101,60-66,-6,-5,126,-3.5
3/12/25,Texas,Vanderbilt,Neutral,2.5,149.5,133,79-72,7,9.5,151,1.5
3/12/25,Oklahoma,Georgia,Neutral,3.5,146.5,158,81-75,6,9.5,156,9.5
3/13/25,New Mexico St,Kennesaw St,Neutral,1,136.5,-102,77-80,-3,-2,157,20.5
3/15/25,Princeton,Yale,Neutral,7,144.5,285,57-59,-2,5,116,-28.5
3/15/25,Dartmouth,Cornell,Neutral,5.5,161,203,71-87,-16,-10.5,158,-3
3/9/25,Furman,Chattanooga,Neutral,2,145.5,107,80-77,3,5,157,11.5
3/9/25,Arkansas St,S Alabama,Neutral,-3.5,137.5,-180,74-71,3,-0.5,145,7.5
3/9/25,Monmouth,Charleston,Neutral,8.5,147,314,78-79,-1,7.5,157,10
3/9/25,Troy,J Madison,Neutral,-1,134,-115,79-60,19,18,139,5
3/9/25,Pepperdine,Santa Clara,Neutral,15.5,158.5,900,78-76,2,17.5,154,-4.5
3/9/25,St Thomas,Omaha,Neutral,-3.5,153,-180,75-85,-10,-13.5,160,7
3/9/25,N Arizona,Montana,Neutral,5.5,145,201,65-74,-9,-3.5,139,-6
3/9/25,Washington St,San Francisco,Neutral,6,152.5,220,75-86,-11,-5,161,8.5
3/11/25,Cincinnati,Oklahoma St,Neutral,-6.5,137,-285,87-68,19,12.5,155,18
3/11/25,Alabama A&M,Grambling,Neutral,4.5,129.5,173,56-73,-17,-12.5,129,-0.5
3/11/25,Colorado,TCU,Neutral,3,134.5,137,69-67,2,5,136,1.5
3/11/25,Utah Tech,S Utah,Home,-4.5,144,-208,72-65,7,2.5,137,-7
3/11/25,Siena,Rider,Neutral,-5,137,-205,76-78,-2,-7,154,17
3/11/25,Sam Houston,UTEP,Neutral,2,147.5,118,65-79,-14,-12,144,-3.5
3/11/25,Arizona St,Kansas St,Neutral,6,144.5,220,66-71,-5,1,137,-7.5
3/11/25,Prairie View,Florida A&M,Neutral,7,146,245,66-75,-9,-2,141,-5
3/11/25,Fairfield,Sacred Heart,Neutral,4.5,149,160,58-71,-13,-8.5,129,-20
3/11/25,Albany,Bryant,Away,11.5,153,515,78-91,-13,-1.5,169,16
3/11/25,UCF,Utah,Neutral,2,158,114,87-72,15,17,159,1
3/12/25,Richmond,Davidson,Neutral,5.5,130.5,220,65-69,-4,1.5,134,3.5
3/12/25,South Carolina,Arkansas,Neutral,4,138.5,170,68-72,-4,0,140,1.5
3/12/25,Wyoming,San Jose St,Neutral,-1,136.5,-114,61-66,-5,-6,127,-9.5
3/12/25,Fordham,Rhode Island,Neutral,4.5,155.5,170,88-71,17,21.5,159,3.5
3/12/25,Butler,Providence,Neutral,-1.5,147.5,-127,75-69,6,4.5,144,-3.5
3/12/25,Fresno St,Nevada,Neutral,13,138.5,700,71-86,-15,-2,157,18.5
3/12/25,La Salle,UMass,Neutral,2.5,145.5,130,78-71,7,9.5,149,3.5
3/12/25,DePaul,Georgetown,Neutral,5,144.5,184,71-67,4,9,138,-6.5
3/12/25,Air Force,UNLV,Away,12.5,130,670,59-68,-9,3.5,127,-3
3/12/25,LSU,Mississippi St,Neutral,9.5,145.5,375,62-91,-29,-19.5,153,7.5
3/12/25,CS Bakersfield,UCSB,Neutral,5.5,143,208,66-71,-5,0.5,137,-6
3/12/25,Seton Hall,Villanova,Neutral,10.5,128,450,55-67,-12,-1.5,122,-6
3/12/25,UT Arlington,Grand Canyon,Neutral,8.5,147.5,340,75-98,-23,-14.5,173,25.5
3/12/25,Cal Poly,UC Davis,Neutral,-1.5,149.5,-125,86-76,10,8.5,162,12.5
3/13/25,Duquesne,St Bonaventure,Neutral,2,129.5,120,59-64,-5,-3,123,-6.5
3/13/25,Alabama St,Texas So,Neutral,1,137.5,-107,84-79,5,6,163,25.5
3/13/25,Marquette,Xavier,Neutral,-2.5,145.5,-155,89-87,2,-0.5,176,30.5
3/13/25,Boise St,San Diego St,Neutral,-2,133.5,-135,62-52,10,8,114,-19.5
3/13/25,Manhattan,Iona,Neutral,2,144,115,65-77,-12,-10,142,-2
3/13/25,Alcorn St,Bethune,Neutral,3,134.5,140,60-69,-9,-6,129,-5.5
3/13/25,Mt St Mary's,Marist,Neutral,4.5,127,180,62-58,4,8.5,120,-7
3/13/25,Louisiana Tech,Middle Tenn,Neutral,1.5,141.5,108,75-77,-2,-0.5,152,10.5
3/13/25,Seattle,Abl Christian,Neutral,-6,132.5,-258,69-63,6,0,132,-0.5
3/13/25,Tarleton St,Cal Baptist,Neutral,5.5,128,190,51-55,-4,1.5,106,-22
3/10/25,Delaware,Towson,Neutral,6.5,144.5,245,82-72,10,16.5,154,9.5
3/12/25,Northwestern,Minnesota,Neutral,-3.5,129,-169,72-64,8,4.5,136,7
3/12/25,Iowa,Ohio St,Neutral,5.5,154.5,190,77-70,7,12.5,147,-7.5
3/12/25,Navy,American,Away,4,131.5,165,52-74,-22,-18,126,-5.5
3/12/25,USC,Rutgers,Neutral,-1,152.5,-108,97-89,8,7,186,33.5
3/13/25,Indiana,Oregon,Neutral,2,142.5,117,59-72,-13,-11,131,-11.5
3/10/25,Texas A&M-CC,NW State,Neutral,-3.5,130.5,-165,63-66,-3,-6.5,129,-1.5
3/10/25,Arkansas St,Troy,Neutral,-3,142.5,-155,81-94,-13,-16,175,32.5
3/10/25,Wofford,Furman,Neutral,1,140.5,-111,92-85,7,8,177,36.5
3/10/25,Charleston,NC Wilmington,Neutral,4.5,148.5,183,67-68,-1,3.5,135,-13.5
3/10/25,Incarnate Word,Nicholls,Neutral,3.5,138.5,142,70-74,-4,-0.5,144,5.5
3/10/25,Pepperdine,Saint Mary's,Neutral,19,137,1300,59-74,-15,4,133,-4
3/10/25,San Francisco,Gonzaga,Neutral,15,158,900,76-85,-9,6,161,3
3/12/25,Charlotte,Rice,Neutral,3.5,136.5,150,64-61,3,6.5,125,-11.5
3/13/25,S Florida,Wichita St,Neutral,3,144.5,124,68-73,-5,-2,141,-3.5
3/13/25,Tulsa,Temple,Neutral,3.5,143.5,140,75-71,4,7.5,146,2.5
3/13/25,UTSA,E Carolina,Neutral,5,147.5,180,65-70,-5,0,135,-12.5
3/11/25,NW State,McNeese,Away,15,132.5,950,64-83,-19,-4,147,14.5
3/11/25,Montana St,N Colorado,Neutral,5.5,146,195,45-72,-27,-21.5,117,-29
3/11/25,Nicholls,Lamar,Neutral,1,136,100,55-58,-3,-2,113,-23
3/11/25,Delaware,NC Wilmington,Neutral,9,150,375,72-76,-4,5,148,-2
3/11/25,Youngstown St,Robert Morris,Neutral,3.5,137.5,160,78-89,-11,-7.5,167,29.5
3/11/25,Idaho,Montana,Neutral,6.5,148,275,55-78,-23,-16.5,133,-15
3/11/25,Gonzaga,Saint Mary's,Neutral,-3.5,140.5,-181,58-51,7,3.5,109,-31.5
3/12/25,Cincinnati,Iowa St,Neutral,8.5,137,350,56-76,-20,-11.5,132,-5
3/12/25,Grambling,Southern,Neutral,6,125.5,220,65-62,3,9,127,1.5
3/12/25,Notre Dame,North Carolina,Neutral,10.5,145,460,56-76,-20,-9.5,132,-13
3/12/25,Colorado,West Virginia,Neutral,6.5,130,240,67-60,7,13.5,127,-3
3/12/25,Utah Tech,Utah Valley,Neutral,12.5,142.5,625,57-74,-17,-4.5,131,-11.5
3/12/25,California,Stanford,Neutral,7,139,270,73-78,-5,2,151,12
3/12/25,Rider,Quinnipiac,Neutral,8.5,142.5,327,64-78,-14,-5.5,142,-0.5
3/12/25,UTEP,Liberty,Neutral,7.5,135.5,260,60-81,-21,-13.5,141,5.5
3/12/25,Kansas St,Baylor,Neutral,6,139,215,56-70,-14,-8,126,-13
3/12/25,Syracuse,SMU,Neutral,9,150,355,53-73,-20,-11,126,-24
3/12/25,Sacred Heart,Merrimack,Neutral,3.5,137.5,150,62-66,-4,-0.5,128,-9.5
3/12/25,Florida A&M,Jackson St,Neutral,6.5,136.5,239,76-91,-15,-8.5,167,30.5
3/12/25,Florida Intl,Jacksonville St,Neutral,7.5,132.5,280,56-65,-9,-1.5,121,-11.5
3/15/25,Maine,Bryant,Away,8,142.5,292,59-77,-18,-10,136,-6.5
3/12/25,Lamar,McNeese,Away,12.5,133.5,650,54-63,-9,3.5,117,-16.5
3/12/25,UCF,Kansas,Neutral,10.5,155.5,455,94-98,-4,6.5,192,36.5
3/12/25,Montana,N Colorado,Neutral,3,147,130,91-83,8,11,174,27
3/13/25,Georgia Tech,Duke,Neutral,23,144,1900,70-78,-8,15,148,4
3/13/25,Iowa St,BYU,Neutral,-2.5,146.5,-145,92-96,-4,-6.5,188,41.5
3/13/25,Arkansas,Mississippi,Neutral,4.5,147,169,80-83,-3,1.5,163,16
3/13/25,Davidson,Saint Louis,Neutral,4,142,154,75-83,-8,-4,158,16
3/13/25,Charlotte,Florida Atlantic,Neutral,10,144.5,450,59-64,-5,5,123,-21.5
3/13/25,San Jose St,New Mexico,Neutral,15.5,149.5,870,52-63,-11,4.5,115,-34.5
3/13/25,Fordham,G Washington,Neutral,6.5,144,238,81-88,-7,-0.5,169,25
3/13/25,North Carolina,Wake Forest,Neutral,-6,146.5,-270,68-59,9,3,127,-19.5
3/13/25,Colorado,Houston,Neutral,17.5,127.5,1250,68-77,-9,8.5,145,17.5
3/13/25,Northwestern,Wisconsin,Neutral,8.5,141,320,63-70,-7,1.5,133,-8
3/13/25,Butler,St John's,Neutral,12,145.5,640,57-78,-21,-9,135,-10.5
3/13/25,Texas,Texas A&M,Neutral,5.5,140.5,216,94-89,5,10.5,183,42.5
3/13/25,La Salle,Saint Joseph's,Neutral,12.5,144,615,70-75,-5,7.5,145,1
3/13/25,Nevada,Colorado St,Neutral,5,137.5,184,59-67,-8,-3,126,-11.5
3/13/25,Iowa,Illinois,Neutral,9.5,165,411,94-106,-12,-2.5,200,35
3/13/25,DePaul,Creighton,Neutral,12.5,142.5,650,81-85,-4,8.5,166,23.5
3/13/25,Baylor,Texas Tech,Neutral,6.5,141.5,245,74-76,-2,4.5,150,8.5
3/13/25,Stanford,Louisville,Neutral,10.5,143.5,467,73-75,-2,8.5,148,4.5
3/13/25,Mississippi St,Missouri,Neutral,3,158.5,136,73-85,-12,-9,158,-0.5
3/13/25,UNLV,Utah St,Home,8,141.5,320,58-70,-12,-4,128,-13.5
3/13/25,USC,Purdue,Neutral,10.5,150,440,71-76,-5,5.5,147,-3
3/13/25,UCSB,CS Northridge,Neutral,3.5,151.5,145,78-72,6,9.5,150,-1.5
3/13/25,Villanova,UConn,Neutral,7,134.5,260,56-73,-17,-10,129,-5.5
3/13/25,SMU,Clemson,Neutral,7,142.5,250,54-57,-3,4,111,-31.5
3/13/25,Oklahoma,Kentucky,Neutral,6.5,160.5,245,84-85,-1,5.5,169,8.5
3/13/25,Kansas,Arizona,Neutral,3,153,130,77-88,-11,-8,165,12
3/13/25,Cal Poly,UC Riverside,Neutral,4.5,164,180,96-83,13,17.5,179,15
3/14/25,St Bonaventure,VCU,Neutral,11,132.5,519,59-76,-17,-6,135,2.5
3/14/25,Oregon,Michigan St,Neutral,6,141.5,235,64-74,-10,-4,138,-3.5
3/14/25,Wichita St,Memphis,Neutral,8.5,146.5,360,80-83,-3,5.5,163,16.5
3/14/25,Mississippi,Auburn,Neutral,12.5,156.5,625,57-62,-5,7.5,119,-37.5
3/14/25,Saint Louis,Loyola Chi,Neutral,2,141,110,64-72,-8,-6,136,-5
3/14/25,Grambling,Alabama St,Neutral,3,129.5,135,62-64,-2,1,126,-3.5
3/14/25,Toledo,Akron,Neutral,8.5,163.5,320,90-100,-10,-1.5,190,26.5
3/14/25,Wisconsin,UCLA,Neutral,-2,142.5,-137,86-70,16,14,156,13.5
3/14/25,Marquette,St John's,Neutral,3.5,144.5,150,63-79,-16,-12.5,142,-2.5
3/14/25,North Carolina,Duke,Neutral,7,153.5,250,71-74,-3,4,145,-8.5
3/14/25,Florida Atlantic,Tulane,Neutral,-3.5,146.5,-165,76-83,-7,-10.5,159,12.5
3/14/25,BYU,Houston,Neutral,6.5,134.5,235,54-74,-20,-13.5,128,-6.5
3/14/25,Texas,Tennessee,Neutral,9.5,137.5,397,72-83,-11,-1.5,155,17.5
3/14/25,G Washington,George Mason,Neutral,4,129.5,159,65-80,-15,-11,145,15.5
3/14/25,Boise St,New Mexico,Neutral,1,146.5,-102,72-69,3,4,141,-5.5
3/14/25,Iona,Quinnipiac,Neutral,4.5,144.5,185,81-73,8,12.5,154,9.5
3/14/25,Morgan St,Norfolk St,Neutral,11.5,155,580,55-58,-3,8.5,113,-42
3/14/25,Illinois,Maryland,Neutral,1.5,158.5,105,65-88,-23,-21.5,153,-5.5
3/14/25,Kennesaw St,Liberty,Neutral,6.5,142,245,79-81,-2,4.5,160,18
3/14/25,Tulsa,N Texas,Neutral,13.5,126,790,59-77,-18,-4.5,136,10
3/14/25,Kent St,Miami OH,Neutral,-4,146.5,-185,64-72,-8,-12,136,-10.5
3/14/25,Saint Joseph's,Dayton,Neutral,1.5,141.5,100,73-68,5,6.5,141,-0.5
3/14/25,Missouri,Florida,Neutral,8.5,164.5,345,81-95,-14,-5.5,176,11.5
3/14/25,Bethune,Jackson St,Neutral,3.5,142.5,145,50-71,-21,-17.5,121,-21.5
3/14/25,Mt St Mary's,Merrimack,Neutral,8.5,125.5,324,57-55,2,10.5,112,-13.5
3/14/25,NC Central,S Carolina St,Neutral,7.5,147.5,265,67-88,-21,-13.5,155,7.5
3/14/25,Purdue,Michigan,Neutral,-2.5,149.5,-149,68-86,-18,-20.5,154,4.5
3/14/25,Seattle,Utah Valley,Neutral,3,133,150,55-68,-13,-10,123,-10
3/14/25,UCSB,UCSD,Neutral,11.5,138.5,500,51-69,-18,-6.5,120,-18.5
3/14/25,Middle Tenn,Jacksonville St,Neutral,2,137,109,68-70,-2,0,138,1
3/14/25,UConn,Creighton,Neutral,-4,138.5,-192,62-71,-9,-13,133,-5.5
3/14/25,E Carolina,UAB,Neutral,5.5,150.5,204,77-94,-17,-11.5,171,20.5
3/14/25,Kentucky,Alabama,Neutral,8.5,178.5,317,70-99,-29,-20.5,169,-9.5
3/14/25,Clemson,Louisville,Neutral,-2,141.5,-142,73-76,-3,-5,149,7.5
3/14/25,Arizona,Texas Tech,Neutral,1.5,153.5,-105,86-80,6,7.5,166,12.5
3/14/25,Cal Poly,UC Irvine,Neutral,10.5,161.5,450,78-96,-18,-7.5,174,12.5
3/14/25,Cal Baptist,Grand Canyon,Neutral,8.5,140.5,320,66-75,-9,-0.5,141,0.5
3/14/25,Utah St,Colorado St,Neutral,1,144.5,100,72-83,-11,-10,155,10.5
3/15/25,Loyola Chi,VCU,Neutral,9.5,137,417,55-62,-7,2.5,117,-20
3/15/25,Wisconsin,Michigan St,Neutral,2,145.5,118,77-74,3,5,151,5.5
3/15/25,Jacksonville St,Liberty,Neutral,5.5,131.5,205,67-79,-12,-6.5,146,14.5
3/15/25,Tennessee,Auburn,Neutral,5,140.5,180,70-65,5,10,135,-5.5
3/15/25,S Carolina St,Norfolk St,Neutral,1.5,142.5,100,65-66,-1,0.5,131,-11.5
3/15/25,Tulane,Memphis,Neutral,8.5,148.5,340,77-78,-1,7.5,155,6.5
3/15/25,Alabama,Florida,Neutral,3,180,130,82-104,-22,-19,186,6
3/15/25,Michigan,Maryland,Neutral,4.5,149,178,81-80,1,5.5,161,12
3/15/25,Saint Joseph's,George Mason,Neutral,-1.5,132,-127,64-74,-10,-11.5,138,6
3/15/25,UAB,N Texas,Neutral,2.5,135,120,66-56,10,12.5,122,-13
3/15/25,Arizona,Houston,Neutral,5.5,138,210,64-72,-8,-2.5,136,-2
3/15/25,Boise St,Colorado St,Neutral,-1,137.5,-112,56-69,-13,-14,125,-12.5
3/15/25,Creighton,St John's,Away,6.5,143.5,262,66-82,-16,-9.5,148,4.5
3/15/25,Mt St Mary's,Iona,Neutral,5,133.5,175,63-49,14,19,112,-21.5
3/15/25,Miami OH,Akron,Neutral,7,159.5,240,74-76,-2,5,150,-9.5
3/15/25,Louisville,Duke,Neutral,6.5,148.5,210,62-73,-11,-4.5,135,-13.5
3/15/25,Alabama St,Jackson St,Neutral,2.5,140.5,115,60-56,4,6.5,116,-24.5
3/15/25,UC Irvine,UCSD,Neutral,5.5,136.5,190,61-75,-14,-8.5,136,-0.5
3/15/25,Grand Canyon,Utah Valley,Neutral,-4.5,141.5,-234,89-82,7,2.5,171,29.5
3/16/25,Cornell,Yale,Neutral,5,158.5,198,84-90,-6,-1,174,15.5
3/16/25,George Mason,VCU,Neutral,7.5,127.5,306,63-68,-5,2.5,131,3.5
3/16/25,Tennessee,Florida,Neutral,5,142.5,200,77-86,-9,-4,163,20.5
3/16/25,Wisconsin,Michigan,Neutral,-4.5,152.5,-210,53-59,-6,-10.5,112,-40.5
3/16/25,UAB,Memphis,Neutral,3,158.5,140,72-84,-12,-9,156,-2.5
3/18/25,North Carolina,San Diego St,Neutral,-4.5,141.5,-218,95-68,27,22.5,163,21.5
3/18/25,St Francis PA,Alabama St,Neutral,3.5,136.5,150,68-70,-2,1.5,138,1.5
3/19/25,Mt St Mary's,American,Neutral,2.5,127.5,130,83-72,11,13.5,155,27.5
3/19/25,Xavier,Texas,Neutral,-2.5,151.5,-139,86-80,6,3.5,166,14.5
3/20/25,Utah St,UCLA,Neutral,5.5,144.5,205,47-72,-25,-19.5,119,-25.5
3/20/25,Wofford,Tennessee,Neutral,18.5,135.5,1250,62-77,-15,3.5,139,3.5
3/20/25,SIU Edward,Houston,Neutral,28.5,128,1900,40-78,-38,-9.5,118,-10
3/20/25,Georgia,Gonzaga,Neutral,7.5,153.5,279,68-89,-21,-13.5,157,3.5
3/20/25,McNeese,Clemson,Neutral,7.5,136.5,274,69-67,2,9.5,136,-0.5
3/20/25,High Point,Purdue,Neutral,8,152.5,301,63-75,-12,-4,138,-14.5
3/20/25,Creighton,Louisville,Neutral,3.5,146.5,145,89-75,14,17.5,164,17.5
3/20/25,UCSD,Michigan,Neutral,2,144,115,65-68,-3,-1,133,-11
3/20/25,Yale,Texas A&M,Neutral,7,140.5,260,71-80,-9,-2,151,10.5
3/20/25,Drake,Missouri,Neutral,6,133.5,202,67-57,10,16,124,-9.5
3/20/25,NC Wilmington,Texas Tech,Neutral,15.5,144,926,72-82,-10,5.5,154,10
3/20/25,Arkansas,Kansas,Neutral,5,147,189,79-72,7,12,151,4
3/20/25,Omaha,St John's,Neutral,18.5,150.5,1150,53-83,-30,-11.5,136,-14.5
3/20/25,VCU,BYU,Neutral,2.5,148.5,120,71-80,-9,-6.5,151,2.5
3/20/25,Montana,Wisconsin,Neutral,16.5,152.5,890,66-85,-19,-2.5,151,-1.5
3/21/25,Vanderbilt,Saint Mary's,Neutral,4.5,135.5,164,56-59,-3,1.5,115,-20.5
3/21/25,Robert Morris,Alabama,Neutral,21.5,168.5,1400,81-90,-9,12.5,171,2.5
3/21/25,Baylor,Mississippi St,Neutral,1,147.5,100,75-72,3,4,147,-0.5
3/21/25,Liberty,Oregon,Neutral,6.5,137.5,261,52-81,-29,-22.5,133,-4.5
3/21/25,Akron,Arizona,Neutral,14,164.5,700,65-93,-28,-14,158,-6.5
3/21/25,Lipscomb,Iowa St,Neutral,14,143.5,725,55-82,-27,-13,137,-6.5
3/21/25,New Mexico,Marquette,Neutral,4.5,154,170,75-66,9,13.5,141,-13
3/21/25,Bryant,Michigan St,Neutral,17,152.5,1100,62-87,-25,-8,149,-3.5
3/21/25,Norfolk St,Florida,Neutral,29,154,2195,69-95,-26,3,164,10
3/21/25,Oklahoma,UConn,Neutral,5.5,147,215,59-67,-8,-2.5,126,-21
3/21/25,Colorado St,Memphis,Neutral,-1,148,-116,78-70,8,7,148,0
3/21/25,Grand Canyon,Maryland,Neutral,10.5,150.5,370,49-81,-32,-21.5,130,-20.5
3/21/25,Troy,Kentucky,Neutral,11.5,152,506,57-76,-19,-7.5,133,-19
3/18/25,Kent St,St Bonaventure,Away,4.5,137,170,75-56,19,23.5,131,-6
3/18/25,Jacksonville St,Georgia Tech,Away,6.5,141,240,81-64,17,23.5,145,4
3/18/25,Chattanooga,Middle Tenn,Away,2,153.5,110,109-103,6,8,212,58.5
3/18/25,Saint Louis,Arkansas St,Away,6,154.5,210,78-103,-25,-19,181,26.5
3/18/25,Wichita St,Oklahoma St,Away,6.5,154,236,79-89,-10,-3.5,168,14
3/18/25,CS Northridge,Stanford,Away,7.5,157.5,275,70-87,-17,-9.5,157,-0.5
3/18/25,UC Riverside,Santa Clara,Away,9.5,158.5,425,62-101,-39,-29.5,163,4.5
3/19/25,UAB,Saint Joseph's,Away,6,160.5,215,69-65,4,10,134,-26.5
3/19/25,Samford,George Mason,Away,6.5,149,250,69-86,-17,-10.5,155,6
3/19/25,Florida Atlantic,Dayton,Home,2,153.5,110,79-86,-7,-5,165,11.5
3/19/25,N Alabama,Bradley,Away,4.5,145.5,162,62-71,-9,-4.5,133,-12.5
3/19/25,Furman,N Texas,Away,8.5,132,328,64-75,-11,-2.5,139,7
3/19/25,N Iowa,SMU,Away,8.5,147.5,370,63-73,-10,-1.5,136,-11.5
3/19/25,N Colorado,UC Irvine,Away,7.5,155.5,296,72-82,-10,-2.5,154,-1.5
3/19/25,Utah Valley,San Francisco,Away,6,148.5,220,70-79,-9,-3,149,0.5
3/19/25,Loyola Chi,San Jose St,Away,-4.5,142,-205,73-70,3,-1.5,143,1
3/23/25,Illinois St,Presbyterian,Neutral,-5,142.5,-217,78-70,8,3,148,5.5
3/23/25,Manhattan,Incarnate Word,Neutral,2.5,147.5,128,85-92,-7,-4.5,177,29.5
3/23/25,Elon,Army,Neutral,-5,147.5,-218,78-83,-5,-10,161,13.5
3/23/25,Queens,N Arizona,Neutral,-1.5,152,-125,85-78,7,5.5,163,11
3/20/25,Alabama St,Auburn,Neutral,32,148.5,2800,63-83,-20,12,146,-2.5
3/21/25,North Carolina,Mississippi,Neutral,-1.5,155.5,-125,64-71,-7,-8.5,135,-20.5
3/23/25,Kent St,Stanford,Away,7,143,256,77-75,2,9,152,9
3/21/25,Mt St Mary's,Duke,Neutral,32.5,141.5,3725,49-93,-44,-11.5,142,0.5
3/21/25,Xavier,Illinois,Neutral,4,162.5,173,73-86,-13,-9,159,-3.5
3/22/25,Dayton,Chattanooga,Away,-2.5,154,-135,72-87,-15,-17.5,159,5
3/22/25,Bradley,George Mason,Away,5.5,133.5,212,75-67,8,13.5,142,8.5
3/23/25,Oklahoma St,SMU,Away,8.5,155.5,335,85-83,2,10.5,168,12.5
3/23/25,Jacksonville St,UC Irvine,Away,8,141.5,265,61-66,-5,3,127,-14.5
3/23/25,Arkansas St,N Texas,Away,4,137,145,63-65,-2,2,128,-9
3/23/25,Loyola Chi,San Francisco,Away,5,145.5,185,77-76,1,6,153,7.5
3/23/25,UAB,Santa Clara,Away,6.5,171.5,230,88-84,4,10.5,172,0.5
3/22/25,Creighton,Auburn,Neutral,9,148,340,70-82,-12,-3,152,4
3/22/25,McNeese,Purdue,Neutral,6.5,140.5,230,62-76,-14,-7.5,138,-2.5
3/22/25,BYU,Wisconsin,Neutral,1,155.5,100,91-89,2,3,180,24.5
3/22/25,Gonzaga,Houston,Neutral,5,141.5,193,76-81,-5,0,157,15.5
3/22/25,UCLA,Tennessee,Neutral,5.5,131.5,185,58-67,-9,-3.5,125,-6.5
3/22/25,Arkansas,St John's,Neutral,7,147,262,75-66,9,16,141,-6
3/22/25,Michigan,Texas A&M,Neutral,3,143.5,136,91-79,12,15,170,26.5
3/22/25,Drake,Texas Tech,Neutral,7.5,126.5,280,64-77,-13,-5.5,141,14.5
3/23/25,Baylor,Duke,Neutral,12.5,146,650,66-89,-23,-10.5,155,9
3/23/25,Saint Mary's,Alabama,Neutral,5.5,149.5,197,66-80,-14,-8.5,146,-3.5
3/23/25,Mississippi,Iowa St,Neutral,5.5,144.5,198,91-78,13,18.5,169,24.5
3/23/25,Colorado St,Maryland,Neutral,8,143,306,71-72,-1,7,143,0
3/23/25,UConn,Florida,Neutral,9,150.5,389,75-77,-2,7,152,1.5
3/23/25,Illinois,Kentucky,Neutral,-2.5,167.5,-143,75-84,-9,-11.5,159,-8.5
3/23/25,New Mexico,Michigan St,Neutral,6.5,148.5,240,63-71,-8,-1.5,134,-14.5
3/23/25,Oregon,Arizona,Neutral,4.5,150.5,171,83-87,-4,0.5,170,19.5
3/25/25,Chattanooga,Bradley,Away,4.5,151.5,165,67-65,2,6.5,132,-19.5
3/27/25,Arkansas,Texas Tech,Neutral,5.5,148.5,195,83-85,-2,3.5,168,19.5
3/28/25,Michigan,Auburn,Neutral,8.5,155.5,355,65-78,-13,-4.5,143,-12.5
3/28/25,Purdue,Houston,Neutral,8.5,134,370,60-62,-2,6.5,122,-12
3/24/25,Incarnate Word,Jacksonville,Neutral,4,142,158,87-71,16,20,158,16
3/24/25,Army,FGCU,Neutral,10.5,154,440,65-68,-3,7.5,133,-21
3/24/25,Queens,Cleveland St,Neutral,4.5,148,155,73-88,-15,-10.5,161,13
3/25/25,N Texas,Oklahoma St,Away,1.5,136.5,114,61-59,2,3.5,120,-16.5
3/26/25,Kent St,Loyola Chi,Away,4.5,142.5,185,62-72,-10,-5.5,134,-8.5
3/26/25,UAB,UC Irvine,Away,3.5,156,142,77-81,-4,-0.5,158,2
3/27/25,BYU,Alabama,Neutral,4.5,175,170,88-113,-25,-20.5,201,26
3/27/25,Maryland,Florida,Neutral,7,156.5,257,71-87,-16,-9,158,1.5
3/27/25,Arizona,Duke,Neutral,9,154.5,375,93-100,-7,2,193,38.5
3/28/25,Mississippi,Michigan St,Neutral,3.5,144.5,160,70-73,-3,0.5,143,-1.5
3/28/25,Kentucky,Tennessee,Neutral,5,145.5,198,65-78,-13,-8,143,-2.5
3/25/25,Illinois St,Incarnate Word,Neutral,-6.5,147.5,-290,78-73,5,-1.5,151,3.5
3/25/25,FGCU,Cleveland St,Neutral,5,138,191,65-72,-7,-2,137,-1
3/26/25,Illinois St,Cleveland St,Neutral,-1.5,137.5,-131,79-68,11,9.5,147,9.5
4/1/25,Loyola Chi,Chattanooga,Neutral,-2.5,146.5,-148,73-80,-7,-9.5,153,6.5
4/1/25,N Texas,UC Irvine,Neutral,-1,127.5,-118,67-69,-2,-3,136,8.5
3/29/25,Alabama,Duke,Neutral,7,174.5,260,65-85,-20,-13,150,-24.5
3/29/25,Texas Tech,Florida,Neutral,7,158.5,282,79-84,-5,2,163,4.5
3/30/25,Michigan St,Auburn,Neutral,5.5,146.5,205,64-70,-6,-0.5,134,-12.5
3/30/25,Tennessee,Houston,Neutral,3,126.5,142,50-69,-19,-16,119,-7.5
4/5/25,Auburn,Florida,Neutral,2,158.5,126,73-79,-6,-4,152,-6.5
4/5/25,Duke,Houston,Neutral,-4.5,137,-250,67-70,-3,-7.5,137,0
4/3/25,Chattanooga,UC Irvine,Neutral,2.5,145.5,128,85-84,1,3.5,169,23.5
4/7/25,Florida,Houston,Neutral,-1,140.5,-114,65-63,2,1,128,-12.5