game_id,date,team_A,team_B,season,true_margin,pred_margin,err_margin,bet_spread,adjusted_margin,pred_adjusted_margin,model_pick_a,team_a_covered,ats_correct
abilene-christian_vs_wright state_20221121,2022-11-21,abilene-christian,Wright State,2023,-16.0,2.7611167,18.76111674308777,-2.5,-18.5,0.26111674308776855,1,0,0
abilene-christian_vs_weber state_20221122,2022-11-22,abilene-christian,Weber State,2023,-10.0,7.1279488,17.127948760986328,-6.5,-16.5,0.6279487609863281,1,0,0
abilene-christian_vs_uc riverside_20221123,2022-11-23,abilene-christian,UC Riverside,2023,-11.0,-0.048218124,10.951781876385212,1.0,-10.0,0.951781876385212,1,0,0
abilene-christian_vs_texas a&mâcommerce_20221210,2022-12-10,abilene-christian,Texas A&MâCommerce,2023,19.0,8.387087,10.612913131713867,-8.0,11.0,0.3870868682861328,1,1,1
abilene-christian_vs_tarleton state_20221231,2022-12-31,abilene-christian,Tarleton State,2023,6.0,3.2827232,2.7172768115997314,-4.0,2.0,-0.7172768115997314,0,1,0
abilene-christian_vs_southern utah_20230107,2023-01-07,abilene-christian,Southern Utah,2023,-2.0,1.4358304,3.4358303546905518,-3.0,-5.0,-1.5641696453094482,0,0,1
abilene-christian_vs_ut arlington_20230121,2023-01-21,abilene-christian,UT Arlington,2023,16.0,4.758904,11.241096019744873,-5.5,10.5,-0.741096019744873,0,1,0
abilene-christian_vs_grand canyon_20230126,2023-01-26,abilene-christian,Grand Canyon,2023,-2.0,-1.914724,0.08527600765228271,2.5,0.5,0.5852760076522827,1,1,1
abilene-christian_vs_utah tech_20230128,2023-01-28,abilene-christian,Utah Tech,2023,5.0,3.9363647,1.0636353492736816,-5.0,0.0,-1.0636353492736816,0,0,1
abilene-christian_vs_sam houston state_20230211,2023-02-11,abilene-christian,Sam Houston State,2023,-15.0,-2.331388,12.668612003326416,1.5,-13.5,-0.831387996673584,0,0,1
abilene-christian_vs_stephen f. austin_20230222,2023-02-22,abilene-christian,Stephen F. Austin,2023,-4.0,0.31227264,4.312272638082504,0.0,-4.0,0.3122726380825043,1,0,0
abilene-christian_vs_utah valley_20230225,2023-02-25,abilene-christian,Utah Valley,2023,-4.0,-1.1817999,2.81820011138916,2.0,-2.0,0.8182001113891602,1,0,0
abilene-christian_vs_california baptist_20230307,2023-03-07,abilene-christian,California Baptist,2023,-7.0,0.5331049,7.53310489654541,-1.0,-8.0,-0.46689510345458984,0,0,1
air-force_vs_texas a&mâcommerce_20221114,2022-11-14,air-force,Texas A&MâCommerce,2023,-4.0,9.796394,13.796394348144531,-10.5,-14.5,-0.7036056518554688,0,0,1
air-force_vs_portland_20221117,2022-11-17,air-force,Portland,2023,-13.0,-2.8313851,10.168614864349365,2.5,-10.5,-0.33138513565063477,0,0,1
air-force_vs_usc upstate_20221121,2022-11-21,air-force,USC Upstate,2023,27.0,7.6098437,19.390156269073486,-7.0,20.0,0.6098437309265137,1,1,1
air-force_vs_mississippi valley state_20221123,2022-11-23,air-force,Mississippi Valley State,2023,13.0,19.409565,6.409564971923828,-19.0,-6.0,0.4095649719238281,1,0,0
air-force_vs_montana_20221127,2022-11-27,air-force,Montana,2023,3.0,0.56329405,2.4367059469223022,-1.0,2.0,-0.43670594692230225,0,1,0
air-force_vs_arkansasâpine bluff_20221130,2022-11-30,air-force,ArkansasâPine Bluff,2023,28.0,13.848419,14.151580810546875,-13.0,15.0,0.848419189453125,1,1,1
air-force_vs_south dakota_20221206,2022-12-06,air-force,South Dakota,2023,21.0,5.2892594,15.710740566253662,-4.5,16.5,0.7892594337463379,1,1,1
air-force_vs_arkansas state_20221209,2022-12-09,air-force,Arkansas State,2023,25.0,7.194578,17.805421829223633,-6.0,19.0,1.1945781707763672,1,1,1
air-force_vs_tarleton state_20221218,2022-12-18,air-force,Tarleton State,2023,14.0,2.5775175,11.42248249053955,-2.5,11.5,0.07751750946044922,1,1,1
air-force_vs_nevada_20221231,2022-12-31,air-force,Nevada,2023,-6.0,-2.880262,3.1197381019592285,3.0,-3.0,0.11973810195922852,1,0,0
air-force_vs_utah state_20230103,2023-01-03,air-force,Utah State,2023,-12.0,-7.5320363,4.467963695526123,7.5,-4.5,-0.03203630447387695,0,0,1
air-force_vs_wyoming_20230117,2023-01-17,air-force,Wyoming,2023,8.0,6.341165,1.6588349342346191,-5.0,3.0,1.3411650657653809,1,1,1
air-force_vs_san diego state_20230121,2023-01-21,air-force,San Diego State,2023,-10.0,-7.200569,2.7994308471679688,9.5,-0.5,2.2994308471679688,1,0,0
air-force_vs_boise state_20230131,2023-01-31,air-force,Boise State,2023,-7.0,-5.0207133,1.9792866706848145,8.0,1.0,2.9792866706848145,1,1,1
air-force_vs_colorado state_20230207,2023-02-07,air-force,Colorado State,2023,-16.0,-1.3035486,14.696451425552368,1.5,-14.5,0.19645142555236816,1,0,0
air-force_vs_new mexico_20230210,2023-02-10,air-force,New Mexico,2023,12.0,-4.03186,16.031859874725342,5.0,17.0,0.9681401252746582,1,1,1
air-force_vs_fresno state_20230221,2023-02-21,air-force,Fresno State,2023,-5.0,1.3927218,6.392721772193909,-2.5,-7.5,-1.1072782278060913,0,0,1
air-force_vs_san jose state_20230304,2023-03-04,air-force,San Jose State,2023,-2.0,0.2102345,2.2102344930171967,-2.5,-4.5,-2.2897655069828033,0,0,1
akron_vs_mississippi state_20221111,2022-11-11,akron,Mississippi State,2023,-19.0,-2.930497,16.06950306892395,5.5,-13.5,2.56950306892395,1,0,0
akron_vs_morgan state_20221115,2022-11-15,akron,Morgan State,2023,6.0,13.999696,7.999695777893066,-13.5,-7.5,0.4996957778930664,1,0,0
akron_vs_western kentucky_20221121,2022-11-21,akron,Western Kentucky,2023,19.0,-0.3138336,19.313833594322205,3.0,22.0,2.6861664056777954,1,1,1
akron_vs_louisiana state_20221122,2022-11-22,akron,Louisiana State,2023,-15.0,-3.276814,11.723186016082764,4.0,-11.0,0.7231860160827637,1,0,0
akron_vs_nevada_20221123,2022-11-23,akron,Nevada,2023,-4.0,0.16479683,4.164796829223633,1.5,-2.5,1.6647968292236328,1,0,0
akron_vs_jackson state_20221211,2022-12-11,akron,Jackson State,2023,13.0,13.9568205,0.9568204879760742,-14.0,-1.0,-0.04317951202392578,0,0,1
akron_vs_wright state_20221214,2022-12-14,akron,Wright State,2023,12.0,7.7963057,4.2036943435668945,-6.5,5.5,1.2963056564331055,1,1,1
akron_vs_maine_20221219,2022-12-19,akron,Maine,2023,32.0,11.986829,20.013171195983887,-12.0,20.0,-0.013171195983886719,0,1,0
akron_vs_northern illinois_20230103,2023-01-03,akron,Northern Illinois,2023,25.0,12.161791,12.83820915222168,-13.0,12.0,-0.8382091522216797,0,1,0
akron_vs_eastern michigan_20230113,2023-01-13,akron,Eastern Michigan,2023,37.0,13.846413,23.153587341308594,-13.5,23.5,0.34641265869140625,1,1,1
akron_vs_miami (oh)_20230124,2023-01-24,akron,Miami (OH),2023,5.0,14.570803,9.570802688598633,-14.0,-9.0,0.5708026885986328,1,0,0
akron_vs_ohio_20230128,2023-01-28,akron,Ohio,2023,6.0,5.2136016,0.7863984107971191,-5.5,0.5,-0.28639841079711914,0,1,0
akron_vs_kent state_20230203,2023-02-03,akron,Kent State,2023,12.0,-0.6031354,12.603135406970978,1.0,13.0,0.3968645930290222,1,1,1
akron_vs_toledo_20230207,2023-02-07,akron,Toledo,2023,-10.0,2.5056329,12.505632877349854,-2.0,-12.0,0.5056328773498535,1,0,0
akron_vs_buffalo_20230218,2023-02-18,akron,Buffalo,2023,20.0,8.780719,11.219281196594238,-9.5,10.5,-0.7192811965942383,0,1,0
akron_vs_ball state_20230228,2023-02-28,akron,Ball State,2023,4.0,9.223994,5.223994255065918,-9.0,-5.0,0.22399425506591797,1,0,0
akron_vs_buffalo_20230309,2023-03-09,akron,Buffalo,2023,24.0,8.560015,15.439985275268555,-8.0,16.0,0.5600147247314453,1,1,1
akron_vs_kent state_20230310,2023-03-10,akron,Kent State,2023,-6.0,-0.9001445,5.099855482578278,1.0,-5.0,0.09985548257827759,1,0,0
alabama_vs_jacksonville state_20221118,2022-11-18,alabama,Jacksonville State,2023,42.0,21.702797,20.297203063964844,-21.5,20.5,0.20279693603515625,1,1,1
alabama_vs_michigan state_20221124,2022-11-24,alabama,Michigan State,2023,11.0,3.0535688,7.9464311599731445,-5.0,6.0,-1.9464311599731445,0,1,0
alabama_vs_connecticut_20221125,2022-11-25,alabama,Connecticut,2023,-15.0,2.095825,17.09582495689392,-2.0,-17.0,0.0958249568939209,1,0,0
alabama_vs_north carolina_20221127,2022-11-27,alabama,North Carolina,2023,2.0,0.6684567,1.3315433263778687,-2.0,0.0,-1.3315433263778687,0,0,1
alabama_vs_south dakota state_20221203,2022-12-03,alabama,South Dakota State,2023,13.0,17.064077,4.064077377319336,-19.0,-6.0,-1.935922622680664,0,0,1
alabama_vs_memphis_20221213,2022-12-13,alabama,Memphis,2023,3.0,8.345187,5.345187187194824,-7.5,-4.5,0.8451871871948242,1,0,0
alabama_vs_gonzaga_20221217,2022-12-17,alabama,Gonzaga,2023,-10.0,0.7058104,10.70581042766571,1.0,-9.0,1.7058104276657104,1,0,0
alabama_vs_jackson state_20221220,2022-12-20,alabama,Jackson State,2023,20.0,25.615637,5.615636825561523,-29.5,-9.5,-3.8843631744384766,0,0,1
alabama_vs_kentucky_20230107,2023-01-07,alabama,Kentucky,2023,26.0,4.9218154,21.078184604644775,-4.5,21.5,0.4218153953552246,1,1,1
alabama_vs_louisiana state_20230114,2023-01-14,alabama,Louisiana State,2023,40.0,13.105268,26.89473247528076,-14.5,25.5,-1.3947324752807617,0,1,0
alabama_vs_mississippi state_20230125,2023-01-25,alabama,Mississippi State,2023,3.0,10.755974,7.755973815917969,-11.5,-8.5,-0.7440261840820312,0,0,1
alabama_vs_vanderbilt_20230131,2023-01-31,alabama,Vanderbilt,2023,57.0,13.829605,43.17039489746094,-15.0,42.0,-1.1703948974609375,0,1,0
alabama_vs_florida_20230208,2023-02-08,alabama,Florida,2023,28.0,9.96153,18.03847026824951,-9.5,18.5,0.4615297317504883,1,1,1
alabama_vs_georgia_20230218,2023-02-18,alabama,Georgia,2023,49.0,19.725214,29.2747859954834,-18.5,30.5,1.2252140045166016,1,1,1
alabama_vs_arkansas_20230225,2023-02-25,alabama,Arkansas,2023,3.0,8.388249,5.388249397277832,-7.5,-4.5,0.888249397277832,1,0,0
alabama_vs_auburn_20230301,2023-03-01,alabama,Auburn,2023,5.0,9.938719,4.938718795776367,-10.0,-5.0,-0.06128120422363281,0,0,1
alabama_vs_mississippi state_20230310,2023-03-10,alabama,Mississippi State,2023,23.0,8.124265,14.87573528289795,-8.0,15.0,0.12426471710205078,1,1,1
alabama_vs_missouri_20230311,2023-03-11,alabama,Missouri,2023,11.0,9.977648,1.0223522186279297,-9.5,1.5,0.4776477813720703,1,1,1
alabama_vs_texas a&m_20230312,2023-03-12,alabama,Texas A&M,2023,19.0,4.2222757,14.777724266052246,-5.0,14.0,-0.7777242660522461,0,1,0
alabama_vs_texas a&mâcorpus christi_20230316,2023-03-16,alabama,Texas A&MâCorpus Christi,2023,21.0,23.78329,2.7832908630371094,-24.5,-3.5,-0.7167091369628906,0,0,1
alabama_vs_maryland_20230318,2023-03-18,alabama,Maryland,2023,22.0,10.653341,11.346658706665039,-8.5,13.5,2.153341293334961,1,1,1
alabama_vs_san diego state_20230324,2023-03-24,alabama,San Diego State,2023,-7.0,6.9993215,13.999321460723877,-6.5,-13.5,0.49932146072387695,1,0,0
alabama-am_vs_norfolk state_20221119,2022-11-19,alabama-am,Norfolk State,2023,-6.0,-12.229338,6.229337692260742,12.0,6.0,-0.2293376922607422,0,1,0
alabama-am_vs_louisiana tech_20221123,2022-11-23,alabama-am,Louisiana Tech,2023,-5.0,-10.097805,5.097805023193359,13.5,8.5,3.4021949768066406,1,1,1
alabama-am_vs_lipscomb_20221209,2022-12-09,alabama-am,Lipscomb,2023,4.0,-10.859715,14.859715461730957,9.5,13.5,-1.359715461730957,0,1,0
alabama-am_vs_south alabama_20221212,2022-12-12,alabama-am,South Alabama,2023,-7.0,-9.172048,2.1720476150512695,10.5,3.5,1.3279523849487305,1,1,1
alabama-am_vs_arkansasâpine bluff_20230102,2023-01-02,alabama-am,ArkansasâPine Bluff,2023,7.0,6.1661835,0.8338165283203125,-6.5,0.5,-0.3338165283203125,0,1,0
alabama-am_vs_mississippi valley state_20230104,2023-01-04,alabama-am,Mississippi Valley State,2023,7.0,11.321391,4.3213911056518555,-11.5,-4.5,-0.17860889434814453,0,0,1
alabama-am_vs_alabama state_20230116,2023-01-16,alabama-am,Alabama State,2023,-8.0,3.656686,11.656686067581177,-4.5,-12.5,-0.8433139324188232,0,0,1
alabama-am_vs_texas southern_20230121,2023-01-21,alabama-am,Texas Southern,2023,-11.0,-2.615224,8.38477611541748,3.0,-8.0,0.38477611541748047,1,0,0
alabama-am_vs_southern_20230204,2023-02-04,alabama-am,Southern,2023,21.0,-4.538483,25.538483142852783,5.5,26.5,0.9615168571472168,1,1,1
alabama-am_vs_bethune-cookman_20230218,2023-02-18,alabama-am,Bethune-Cookman,2023,34.0,5.540183,28.459816932678223,-5.0,29.0,0.5401830673217773,1,1,1
alabama-am_vs_florida a&m_20230220,2023-02-20,alabama-am,Florida A&M,2023,-6.0,8.407223,14.407222747802734,-9.5,-15.5,-1.0927772521972656,0,0,1
alabama-am_vs_southern_20230309,2023-03-09,alabama-am,Southern,2023,14.0,-3.6892254,17.689225435256958,5.0,19.0,1.310774564743042,1,1,1
alabama-am_vs_texas southern_20230310,2023-03-10,alabama-am,Texas Southern,2023,-13.0,-3.6667767,9.333223342895508,3.0,-10.0,-0.6667766571044922,0,0,1
alabama-birmingham_vs_toledo_20221111,2022-11-11,alabama-birmingham,Toledo,2023,-8.0,5.2464705,13.24647045135498,-5.0,-13.0,0.24647045135498047,1,0,0
alabama-birmingham_vs_presbyterian_20221116,2022-11-16,alabama-birmingham,Presbyterian,2023,31.0,27.176699,3.823301315307617,-26.5,4.5,0.6766986846923828,1,1,1
alabama-birmingham_vs_south florida_20221121,2022-11-21,alabama-birmingham,South Florida,2023,15.0,15.926699,0.9266986846923828,-16.0,-1.0,-0.07330131530761719,0,0,1
alabama-birmingham_vs_georgia_20221122,2022-11-22,alabama-birmingham,Georgia,2023,14.0,8.576229,5.423770904541016,-9.0,5.0,-0.4237709045410156,0,1,0
alabama-birmingham_vs_jacksonville_20221130,2022-11-30,alabama-birmingham,Jacksonville,2023,19.0,12.772137,6.227863311767578,-12.0,7.0,0.7721366882324219,1,1,1
alabama-birmingham_vs_south alabama_20221204,2022-12-04,alabama-birmingham,South Alabama,2023,8.0,14.393577,6.393576622009277,-14.0,-6.0,0.39357662200927734,1,0,0
alabama-birmingham_vs_south carolina_20221214,2022-12-14,alabama-birmingham,South Carolina,2023,14.0,16.270498,2.270498275756836,-16.0,-2.0,0.27049827575683594,1,0,0
alabama-birmingham_vs_southern_20221218,2022-12-18,alabama-birmingham,Southern,2023,26.0,19.153028,6.84697151184082,-18.5,7.5,0.6530284881591797,1,1,1
alabama-birmingham_vs_charlotte_20221222,2022-12-22,alabama-birmingham,Charlotte,2023,8.0,10.628826,2.628826141357422,-12.0,-4.0,-1.3711738586425781,0,0,1
alabama-birmingham_vs_utep_20221229,2022-12-29,alabama-birmingham,UTEP,2023,6.0,14.272721,8.272721290588379,-15.0,-9.0,-0.7272787094116211,0,0,1
alabama-birmingham_vs_utsa_20221231,2022-12-31,alabama-birmingham,UTSA,2023,23.0,23.547264,0.5472640991210938,-23.0,0.0,0.5472640991210938,1,0,0
alabama-birmingham_vs_western kentucky_20230111,2023-01-11,alabama-birmingham,Western Kentucky,2023,-2.0,9.740701,11.740700721740723,-10.5,-12.5,-0.7592992782592773,0,0,1
alabama-birmingham_vs_north texas_20230121,2023-01-21,alabama-birmingham,North Texas,2023,-11.0,2.6649368,13.664936780929565,-3.0,-14.0,-0.33506321907043457,0,0,1
alabama-birmingham_vs_louisiana tech_20230126,2023-01-26,alabama-birmingham,Louisiana Tech,2023,6.0,6.3567376,0.3567376136779785,-7.0,-1.0,-0.6432623863220215,0,0,1
alabama-birmingham_vs_florida atlantic_20230202,2023-02-02,alabama-birmingham,Florida Atlantic,2023,9.0,2.239959,6.760040998458862,-2.0,7.0,0.2399590015411377,1,1,1
alabama-birmingham_vs_florida international_20230204,2023-02-04,alabama-birmingham,Florida International,2023,4.0,14.734907,10.734907150268555,-15.5,-11.5,-0.7650928497314453,0,0,1
alabama-birmingham_vs_middle tennessee_20230211,2023-02-11,alabama-birmingham,Middle Tennessee,2023,23.0,9.165969,13.834031105041504,-9.0,14.0,0.1659688949584961,1,1,1
alabama-birmingham_vs_rice_20230223,2023-02-23,alabama-birmingham,Rice,2023,28.0,11.936521,16.06347942352295,-12.0,16.0,-0.06347942352294922,0,1,0
alabama-birmingham_vs_rice_20230309,2023-03-09,alabama-birmingham,Rice,2023,27.0,13.53212,13.467880249023438,-14.5,12.5,-0.9678802490234375,0,1,0
alabama-birmingham_vs_north texas_20230310,2023-03-10,alabama-birmingham,North Texas,2023,7.0,1.7042519,5.2957481145858765,0.0,7.0,1.7042518854141235,1,1,1
alabama-birmingham_vs_florida atlantic_20230311,2023-03-11,alabama-birmingham,Florida Atlantic,2023,-22.0,2.8385634,24.838563442230225,-2.0,-24.0,0.8385634422302246,1,0,0
alabama-birmingham_vs_southern mississippi_20230314,2023-03-14,alabama-birmingham,Southern Mississippi,2023,28.0,9.521167,18.478833198547363,-8.5,19.5,1.0211668014526367,1,1,1
alabama-birmingham_vs_morehead state_20230319,2023-03-19,alabama-birmingham,Morehead State,2023,18.0,14.415124,3.58487606048584,-15.5,2.5,-1.0848760604858398,0,1,0
alabama-birmingham_vs_utah valley_20230328,2023-03-28,alabama-birmingham,Utah Valley,2023,2.0,4.507174,2.507174015045166,-4.5,-2.5,0.007174015045166016,1,0,0
alabama-birmingham_vs_north texas_20230330,2023-03-30,alabama-birmingham,North Texas,2023,-7.0,2.8188984,9.818898439407349,-2.0,-9.0,0.8188984394073486,1,0,0
alabama-state_vs_eastern illinois_20221126,2022-11-26,alabama-state,Eastern Illinois,2023,9.0,2.6775613,6.322438716888428,-1.5,7.5,1.1775612831115723,1,1,1
alabama-state_vs_mississippi valley state_20230102,2023-01-02,alabama-state,Mississippi Valley State,2023,9.0,8.443125,0.5568752288818359,-8.0,1.0,0.44312477111816406,1,1,1
alabama-state_vs_arkansasâpine bluff_20230104,2023-01-04,alabama-state,ArkansasâPine Bluff,2023,14.0,2.53708,11.46291995048523,-1.5,12.5,1.0370800495147705,1,1,1
alabama-state_vs_texas southern_20230123,2023-01-23,alabama-state,Texas Southern,2023,-6.0,-4.149538,1.8504619598388672,4.5,-1.5,0.3504619598388672,1,0,0
alabama-state_vs_southern_20230206,2023-02-06,alabama-state,Southern,2023,7.0,-3.3015075,10.301507472991943,6.5,13.5,3.1984925270080566,1,1,1
alabama-state_vs_florida a&m_20230218,2023-02-18,alabama-state,Florida A&M,2023,-6.0,5.3378134,11.337813377380371,-6.5,-12.5,-1.162186622619629,0,0,1
alabama-state_vs_bethune-cookman_20230220,2023-02-20,alabama-state,Bethune-Cookman,2023,-5.0,3.781202,8.7812020778656,-4.0,-9.0,-0.21879792213439941,0,0,1
alabama-state_vs_alabama a&m_20230225,2023-02-25,alabama-state,Alabama A&M,2023,-5.0,-1.1263683,3.873631715774536,2.0,-3.0,0.8736317157745361,1,0,0
albany-ny_vs_austin peay_20221121,2022-11-21,albany-ny,Austin Peay,2023,-15.0,-1.1582545,13.841745495796204,3.0,-12.0,1.8417454957962036,1,0,0
albany-ny_vs_presbyterian_20221122,2022-11-22,albany-ny,Presbyterian,2023,3.0,-1.1497207,4.149720668792725,2.0,5.0,0.8502793312072754,1,1,1
albany-ny_vs_florida atlantic_20221126,2022-11-26,albany-ny,Florida Atlantic,2023,-17.0,-14.180511,2.819488525390625,12.5,-4.5,-1.680511474609375,0,0,1
albany-ny_vs_liu_20221214,2022-12-14,albany-ny,LIU,2023,17.0,8.852447,8.147553443908691,-8.5,8.5,0.3524465560913086,1,1,1
albany-ny_vs_umass lowell_20230108,2023-01-08,albany-ny,UMass Lowell,2023,26.0,-9.980193,35.98019313812256,9.0,35.0,-0.9801931381225586,0,1,0
albany-ny_vs_binghamton_20230119,2023-01-19,albany-ny,Binghamton,2023,-11.0,1.8394861,12.839486122131348,-1.5,-12.5,0.33948612213134766,1,0,0
albany-ny_vs_maine_20230128,2023-01-28,albany-ny,Maine,2023,-4.0,-0.3700335,3.6299664974212646,1.5,-2.5,1.1299664974212646,1,0,0
albany-ny_vs_vermont_20230204,2023-02-04,albany-ny,Vermont,2023,-19.0,-13.318986,5.681014060974121,12.5,-6.5,-0.8189859390258789,0,0,1
albany-ny_vs_bryant_20230208,2023-02-08,albany-ny,Bryant,2023,-25.0,-7.685256,17.314743995666504,9.5,-15.5,1.814743995666504,1,0,0
albany-ny_vs_umbc_20230215,2023-02-15,albany-ny,UMBC,2023,7.0,-6.151133,13.151133060455322,6.5,13.5,0.34886693954467773,1,1,1
albany-ny_vs_njit_20230225,2023-02-25,albany-ny,NJIT,2023,14.0,2.7021952,11.297804832458496,-1.5,12.5,1.202195167541504,1,1,1
alcorn-state_vs_texas a&mâcorpus christi_20221123,2022-11-23,alcorn-state,Texas A&MâCorpus Christi,2023,-31.0,-2.512546,28.487453937530518,3.0,-28.0,0.4874539375305176,1,0,0
alcorn-state_vs_cal state bakersfield_20221125,2022-11-25,alcorn-state,Cal State Bakersfield,2023,8.0,2.644909,5.355091094970703,-2.0,6.0,0.6449089050292969,1,1,1
alcorn-state_vs_jackson state_20230102,2023-01-02,alcorn-state,Jackson State,2023,-1.0,3.6760058,4.676005840301514,-4.5,-5.5,-0.8239941596984863,0,0,1
alcorn-state_vs_alabama a&m_20230107,2023-01-07,alcorn-state,Alabama A&M,2023,13.0,4.872145,8.127854824066162,-5.0,8.0,-0.1278548240661621,0,1,0
alcorn-state_vs_alabama state_20230109,2023-01-09,alcorn-state,Alabama State,2023,16.0,7.343861,8.656138896942139,-8.0,8.0,-0.6561388969421387,0,1,0
alcorn-state_vs_florida a&m_20230121,2023-01-21,alcorn-state,Florida A&M,2023,10.0,13.8512945,3.85129451751709,-14.5,-4.5,-0.6487054824829102,0,0,1
alcorn-state_vs_bethune-cookman_20230123,2023-01-23,alcorn-state,Bethune-Cookman,2023,8.0,7.799685,0.20031499862670898,-9.5,-1.5,-1.700314998626709,0,0,1
alcorn-state_vs_arkansasâpine bluff_20230204,2023-02-04,alcorn-state,ArkansasâPine Bluff,2023,3.0,6.256742,3.256742000579834,-7.0,-4.0,-0.743257999420166,0,0,1
alcorn-state_vs_mississippi valley state_20230206,2023-02-06,alcorn-state,Mississippi Valley State,2023,11.0,11.121565,0.12156486511230469,-12.5,-1.5,-1.3784351348876953,0,0,1
alcorn-state_vs_texas southern_20230227,2023-02-27,alcorn-state,Texas Southern,2023,8.0,3.3549788,4.645021200180054,-3.5,4.5,-0.1450212001800537,0,1,0
alcorn-state_vs_texas southern_20230308,2023-03-08,alcorn-state,Texas Southern,2023,-4.0,3.0316677,7.031667709350586,-2.5,-6.5,0.5316677093505859,1,0,0
american_vs_william & mary_20221116,2022-11-16,american,William & Mary,2023,7.0,-0.7115868,7.711586773395538,-1.5,5.5,-2.2115867733955383,0,1,0
american_vs_albany (ny)_20221129,2022-11-29,american,Albany (NY),2023,26.0,5.4396024,20.560397624969482,-4.0,22.0,1.4396023750305176,1,1,1
american_vs_vmi_20221213,2022-12-13,american,VMI,2023,8.0,10.566986,2.566986083984375,-10.0,-2.0,0.566986083984375,1,0,0
american_vs_siena_20221222,2022-12-22,american,Siena,2023,-3.0,2.3210206,5.321020603179932,-3.5,-6.5,-1.1789793968200684,0,0,1
american_vs_loyola (md)_20230102,2023-01-02,american,Loyola (MD),2023,16.0,6.2491384,9.750861644744873,-6.5,9.5,-0.25086164474487305,0,1,0
american_vs_boston university_20230108,2023-01-08,american,Boston University,2023,2.0,1.6578676,0.34213244915008545,-3.5,-1.5,-1.8421324491500854,0,0,1
american_vs_lafayette_20230118,2023-01-18,american,Lafayette,2023,-11.0,5.466981,16.466980934143066,-4.5,-15.5,0.9669809341430664,1,0,0
american_vs_army_20230125,2023-01-25,american,Army,2023,2.0,1.8325297,0.16747033596038818,-3.0,-1.0,-1.1674703359603882,0,0,1
american_vs_bucknell_20230201,2023-02-01,american,Bucknell,2023,-7.0,6.480279,13.480278968811035,-7.5,-14.5,-1.0197210311889648,0,0,1
american_vs_colgate_20230204,2023-02-04,american,Colgate,2023,1.0,-3.7173758,4.717375755310059,5.0,6.0,1.2826242446899414,1,1,1
american_vs_holy cross_20230211,2023-02-11,american,Holy Cross,2023,-8.0,7.9156613,15.915661334991455,-10.0,-18.0,-2.084338665008545,0,0,1
american_vs_lehigh_20230218,2023-02-18,american,Lehigh,2023,-3.0,5.841906,8.841906070709229,-5.0,-8.0,0.8419060707092285,1,0,0
american_vs_navy_20230222,2023-02-22,american,Navy,2023,-16.0,-1.0459499,14.954050064086914,1.0,-15.0,-0.04594993591308594,0,0,1
american_vs_bucknell_20230228,2023-02-28,american,Bucknell,2023,5.0,6.882958,1.882957935333252,-5.5,-0.5,1.382957935333252,1,0,0
appalachian-state_vs_campbell_20221118,2022-11-18,appalachian-state,Campbell,2023,-5.0,3.5112178,8.511217832565308,-4.0,-9.0,-0.4887821674346924,0,0,1
appalachian-state_vs_kennesaw state_20221119,2022-11-19,appalachian-state,Kennesaw State,2023,-4.0,2.5409474,6.540947437286377,-3.0,-7.0,-0.45905256271362305,0,0,1
appalachian-state_vs_southeastern louisiana_20221120,2022-11-20,appalachian-state,Southeastern Louisiana,2023,9.0,7.573322,1.42667818069458,-7.0,2.0,0.5733218193054199,1,1,1
appalachian-state_vs_furman_20221129,2022-11-29,appalachian-state,Furman,2023,-4.0,-7.7781034,3.7781033515930176,6.5,2.5,-1.2781033515930176,0,1,0
appalachian-state_vs_uc santa barbara_20221221,2022-12-21,appalachian-state,UC Santa Barbara,2023,-11.0,-4.026741,6.973258972167969,5.0,-6.0,0.9732589721679688,1,0,0
appalachian-state_vs_coastal carolina_20230105,2023-01-05,appalachian-state,Coastal Carolina,2023,1.0,4.535135,3.535134792327881,-5.0,-4.0,-0.46486520767211914,0,0,1
appalachian-state_vs_georgia southern_20230112,2023-01-12,appalachian-state,Georgia Southern,2023,-2.0,2.4358559,4.435855865478516,-4.0,-6.0,-1.5641441345214844,0,0,1
appalachian-state_vs_troy_20230114,2023-01-14,appalachian-state,Troy,2023,13.0,-1.5017993,14.50179934501648,2.5,15.5,0.9982006549835205,1,1,1
appalachian-state_vs_georgia state_20230126,2023-01-26,appalachian-state,Georgia State,2023,12.0,4.6526995,7.3473005294799805,-5.5,6.5,-0.8473005294799805,0,1,0
appalachian-state_vs_arkansas state_20230128,2023-01-28,appalachian-state,Arkansas State,2023,12.0,8.982463,3.0175371170043945,-9.0,3.0,-0.01753711700439453,0,1,0
appalachian-state_vs_marshall_20230202,2023-02-02,appalachian-state,Marshall,2023,-8.0,-3.1319969,4.8680031299591064,3.5,-4.5,0.36800312995910645,1,0,0
appalachian-state_vs_james madison_20230204,2023-02-04,appalachian-state,James Madison,2023,-6.0,-1.1902772,4.8097227811813354,2.0,-4.0,0.8097227811813354,1,0,0
appalachian-state_vs_texas state_20230216,2023-02-16,appalachian-state,Texas State,2023,7.0,5.437514,1.562486171722412,-4.5,2.5,0.9375138282775879,1,1,1
appalachian-state_vs_old dominion_20230218,2023-02-18,appalachian-state,Old Dominion,2023,-11.0,1.7217793,12.721779346466064,-3.0,-14.0,-1.2782206535339355,0,0,1
appalachian-state_vs_south alabama_20230302,2023-03-02,appalachian-state,South Alabama,2023,-7.0,-2.856229,4.143770933151245,4.5,-2.5,1.6437709331512451,1,0,0
arizona_vs_southern_20221111,2022-11-11,arizona,Southern,2023,17.0,25.395779,8.39577865600586,-28.0,-11.0,-2.6042213439941406,0,0,1
arizona_vs_utah tech_20221117,2022-11-17,arizona,Utah Tech,2023,27.0,29.096983,2.096982955932617,-28.0,-1.0,1.0969829559326172,1,0,0
arizona_vs_cincinnati_20221121,2022-11-21,arizona,Cincinnati,2023,8.0,8.905006,0.9050064086914062,-9.5,-1.5,-0.5949935913085938,0,0,1
arizona_vs_san diego state_20221122,2022-11-22,arizona,San Diego State,2023,17.0,2.3030818,14.696918249130249,-3.0,14.0,-0.696918249130249,0,1,0
arizona_vs_creighton_20221123,2022-11-23,arizona,Creighton,2023,2.0,3.920063,1.9200630187988281,-3.5,-1.5,0.4200630187988281,1,0,0
arizona_vs_california_20221204,2022-12-04,arizona,California,2023,13.0,25.84832,12.848320007324219,-23.5,-10.5,2.3483200073242188,1,0,0
arizona_vs_indiana_20221210,2022-12-10,arizona,Indiana,2023,14.0,2.6024516,11.39754843711853,-2.0,12.0,0.6024515628814697,1,1,1
arizona_vs_texas a&mâcorpus christi_20221213,2022-12-13,arizona,Texas A&MâCorpus Christi,2023,38.0,26.228798,11.771202087402344,-25.5,12.5,0.7287979125976562,1,1,1
arizona_vs_tennessee_20221217,2022-12-17,arizona,Tennessee,2023,5.0,2.0395565,2.9604434967041016,-4.0,1.0,-1.9604434967041016,0,1,0
arizona_vs_montana state_20221220,2022-12-20,arizona,Montana State,2023,21.0,20.466003,0.53399658203125,-21.0,0.0,-0.53399658203125,0,0,1
arizona_vs_morgan state_20221222,2022-12-22,arizona,Morgan State,2023,25.0,30.01519,5.015190124511719,-31.0,-6.0,-0.9848098754882812,0,0,1
arizona_vs_washington_20230105,2023-01-05,arizona,Washington,2023,3.0,19.465384,16.465383529663086,-17.5,-14.5,1.965383529663086,1,0,0
arizona_vs_washington state_20230107,2023-01-07,arizona,Washington State,2023,-13.0,11.749483,24.749483108520508,-12.0,-25.0,-0.2505168914794922,0,0,1
arizona_vs_southern california_20230119,2023-01-19,arizona,Southern California,2023,15.0,7.626268,7.373732089996338,-8.0,7.0,-0.3737320899963379,0,1,0
arizona_vs_ucla_20230121,2023-01-21,arizona,UCLA,2023,6.0,2.4219542,3.5780458450317383,-2.0,4.0,0.4219541549682617,1,1,1
arizona_vs_oregon_20230202,2023-02-02,arizona,Oregon,2023,15.0,8.895806,6.104193687438965,-8.0,7.0,0.8958063125610352,1,1,1
arizona_vs_oregon state_20230204,2023-02-04,arizona,Oregon State,2023,32.0,20.59325,11.406749725341797,-20.5,11.5,0.09325027465820312,1,1,1
arizona_vs_utah_20230216,2023-02-16,arizona,Utah,2023,26.0,11.482684,14.517315864562988,-12.0,14.0,-0.5173158645629883,0,1,0
arizona_vs_colorado_20230218,2023-02-18,arizona,Colorado,2023,10.0,13.356847,3.356846809387207,-13.0,-3.0,0.35684680938720703,1,0,0
arizona_vs_arizona state_20230225,2023-02-25,arizona,Arizona State,2023,-1.0,11.424,12.423999786376953,-12.5,-13.5,-1.0760002136230469,0,0,1
arizona_vs_stanford_20230309,2023-03-09,arizona,Stanford,2023,11.0,9.646214,1.3537864685058594,-10.0,1.0,-0.3537864685058594,0,1,0
arizona_vs_arizona state_20230310,2023-03-10,arizona,Arizona State,2023,19.0,6.9028244,12.097175598144531,-7.5,11.5,-0.5971755981445312,0,1,0
arizona_vs_ucla_20230311,2023-03-11,arizona,UCLA,2023,2.0,1.8249375,0.17506253719329834,-2.0,0.0,-0.17506253719329834,0,0,1
arizona_vs_princeton_20230316,2023-03-16,arizona,Princeton,2023,-4.0,13.284418,17.2844181060791,-15.0,-19.0,-1.7155818939208984,0,0,1
arizona-state_vs_northern arizona_20221110,2022-11-10,arizona-state,Northern Arizona,2023,16.0,18.294752,2.2947521209716797,-16.5,-0.5,1.7947521209716797,1,0,0
arizona-state_vs_vcu_20221116,2022-11-16,arizona-state,VCU,2023,4.0,-0.15519066,4.155190661549568,3.0,7.0,2.844809338450432,1,1,1
arizona-state_vs_michigan_20221117,2022-11-17,arizona-state,Michigan,2023,25.0,-6.0312877,31.031287670135498,7.5,32.5,1.468712329864502,1,1,1
arizona-state_vs_alcorn state_20221127,2022-11-27,arizona-state,Alcorn State,2023,22.0,18.18963,3.8103694915771484,-17.5,4.5,0.6896305084228516,1,1,1
arizona-state_vs_stanford_20221204,2022-12-04,arizona-state,Stanford,2023,4.0,4.394182,0.3941822052001953,-5.5,-1.5,-1.1058177947998047,0,0,1
arizona-state_vs_creighton_20221212,2022-12-12,arizona-state,Creighton,2023,2.0,-2.280387,4.280386924743652,3.0,5.0,0.7196130752563477,1,1,1
arizona-state_vs_san diego_20221218,2022-12-18,arizona-state,San Diego,2023,24.0,11.896641,12.10335922241211,-12.0,12.0,-0.10335922241210938,0,1,0
arizona-state_vs_arizona_20221231,2022-12-31,arizona-state,Arizona,2023,-9.0,-5.923841,3.0761590003967285,5.5,-3.5,-0.4238409996032715,0,0,1
arizona-state_vs_washington state_20230105,2023-01-05,arizona-state,Washington State,2023,6.0,2.5547802,3.4452197551727295,-4.0,2.0,-1.4452197551727295,0,1,0
arizona-state_vs_washington_20230108,2023-01-08,arizona-state,Washington,2023,8.0,8.668892,0.6688919067382812,-9.0,-1.0,-0.33110809326171875,0,0,1
arizona-state_vs_ucla_20230119,2023-01-19,arizona-state,UCLA,2023,-12.0,-4.370948,7.62905216217041,5.0,-7.0,0.6290521621704102,1,0,0
arizona-state_vs_southern california_20230121,2023-01-21,arizona-state,Southern California,2023,-8.0,1.851541,9.85154104232788,-3.5,-11.5,-1.6484589576721191,0,0,1
arizona-state_vs_oregon state_20230202,2023-02-02,arizona-state,Oregon State,2023,11.0,12.040539,1.0405387878417969,-12.0,-1.0,0.040538787841796875,1,0,0
arizona-state_vs_oregon_20230204,2023-02-04,arizona-state,Oregon,2023,-5.0,0.15626644,5.156266435980797,-1.0,-6.0,-0.8437335640192032,0,0,1
arizona-state_vs_colorado_20230216,2023-02-16,arizona-state,Colorado,2023,-8.0,3.7150075,11.715007543563843,-4.0,-12.0,-0.2849924564361572,0,0,1
arizona-state_vs_utah_20230218,2023-02-18,arizona-state,Utah,2023,8.0,2.6904461,5.309553861618042,-3.5,4.5,-0.809553861618042,0,1,0
arizona-state_vs_oregon state_20230308,2023-03-08,arizona-state,Oregon State,2023,6.0,10.127127,4.127126693725586,-9.0,-3.0,1.127126693725586,1,0,0
arizona-state_vs_southern california_20230309,2023-03-09,arizona-state,Southern California,2023,5.0,-3.9784384,8.978438377380371,4.5,9.5,0.5215616226196289,1,1,1
arizona-state_vs_nevada_20230315,2023-03-15,arizona-state,Nevada,2023,25.0,2.584636,22.415364027023315,-2.0,23.0,0.5846359729766846,1,1,1
arizona-state_vs_tcu_20230317,2023-03-17,arizona-state,TCU,2023,-2.0,-3.654534,1.654534101486206,4.5,2.5,0.845465898513794,1,1,1
arkansas_vs_fordham_20221111,2022-11-11,arkansas,Fordham,2023,26.0,18.298597,7.70140266418457,-19.5,6.5,-1.2014026641845703,0,1,0
arkansas_vs_south dakota state_20221116,2022-11-16,arkansas,South Dakota State,2023,15.0,15.226418,0.22641754150390625,-15.0,0.0,0.22641754150390625,1,0,0
arkansas_vs_louisville_20221121,2022-11-21,arkansas,Louisville,2023,26.0,13.900696,12.09930419921875,-14.5,11.5,-0.59930419921875,0,1,0
arkansas_vs_creighton_20221122,2022-11-22,arkansas,Creighton,2023,-3.0,-1.6507878,1.3492121696472168,1.5,-1.5,-0.1507878303527832,0,0,1
arkansas_vs_san diego state_20221123,2022-11-23,arkansas,San Diego State,2023,4.0,-1.5520529,5.552052855491638,1.5,5.5,-0.052052855491638184,0,1,0
arkansas_vs_troy_20221128,2022-11-28,arkansas,Troy,2023,13.0,14.925939,1.925938606262207,-16.5,-3.5,-1.574061393737793,0,0,1
arkansas_vs_san jose state_20221203,2022-12-03,arkansas,San Jose State,2023,41.0,16.961103,24.038896560668945,-20.0,21.0,-3.0388965606689453,0,1,0
arkansas_vs_unc greensboro_20221206,2022-12-06,arkansas,UNC Greensboro,2023,7.0,19.43897,12.438970565795898,-20.0,-13.0,-0.5610294342041016,0,0,1
arkansas_vs_oklahoma_20221210,2022-12-10,arkansas,Oklahoma,2023,10.0,3.3209028,6.6790971755981445,-4.0,6.0,-0.6790971755981445,0,1,0
arkansas_vs_bradley_20221217,2022-12-17,arkansas,Bradley,2023,19.0,9.676597,9.323403358459473,-10.5,8.5,-0.8234033584594727,0,1,0
arkansas_vs_unc asheville_20221221,2022-12-21,arkansas,UNC Asheville,2023,34.0,19.129137,14.87086296081543,-22.0,12.0,-2.8708629608154297,0,1,0
arkansas_vs_missouri_20230104,2023-01-04,arkansas,Missouri,2023,6.0,10.7581,4.758099555969238,-8.0,-2.0,2.7580995559692383,1,0,0
arkansas_vs_alabama_20230111,2023-01-11,arkansas,Alabama,2023,-15.0,0.6193778,15.619377791881561,-1.5,-16.5,-0.8806222081184387,0,0,1
arkansas_vs_louisiana state_20230124,2023-01-24,arkansas,Louisiana State,2023,20.0,10.377048,9.622952461242676,-12.5,7.5,-2.122952461242676,0,1,0
arkansas_vs_texas a&m_20230131,2023-01-31,arkansas,Texas A&M,2023,11.0,1.5993512,9.400648832321167,-3.5,7.5,-1.900648832321167,0,1,0
arkansas_vs_mississippi state_20230211,2023-02-11,arkansas,Mississippi State,2023,-6.0,5.9492536,11.949253559112549,-6.5,-12.5,-0.5507464408874512,0,0,1
arkansas_vs_florida_20230218,2023-02-18,arkansas,Florida,2023,19.0,8.175028,10.824972152709961,-9.0,10.0,-0.8249721527099609,0,1,0
arkansas_vs_georgia_20230221,2023-02-21,arkansas,Georgia,2023,32.0,12.018181,19.98181915283203,-13.5,18.5,-1.4818191528320312,0,1,0
arkansas_vs_kentucky_20230304,2023-03-04,arkansas,Kentucky,2023,-9.0,3.9495866,12.949586629867554,-4.5,-13.5,-0.5504133701324463,0,0,1
arkansas_vs_auburn_20230309,2023-03-09,arkansas,Auburn,2023,3.0,0.76474607,2.235253930091858,-2.5,0.5,-1.735253930091858,0,1,0
arkansas_vs_texas a&m_20230310,2023-03-10,arkansas,Texas A&M,2023,-6.0,-0.982147,5.017853021621704,1.0,-5.0,0.0178530216217041,1,0,0
arkansas_vs_illinois_20230316,2023-03-16,arkansas,Illinois,2023,10.0,0.83489627,9.165103733539581,-2.5,7.5,-1.6651037335395813,0,1,0
arkansas_vs_kansas_20230318,2023-03-18,arkansas,Kansas,2023,1.0,-3.100391,4.100390911102295,3.5,4.5,0.3996090888977051,1,1,1
arkansas_vs_connecticut_20230323,2023-03-23,arkansas,Connecticut,2023,-23.0,-4.114595,18.88540506362915,3.5,-19.5,-0.6145949363708496,0,0,1
arkansas-little-rock_vs_jackson state_20221120,2022-11-20,arkansas-little-rock,Jackson State,2023,3.0,4.196673,1.1966729164123535,-2.0,1.0,2.1966729164123535,1,1,1
arkansas-little-rock_vs_central arkansas_20221220,2022-12-20,arkansas-little-rock,Central Arkansas,2023,9.0,3.198569,5.801430940628052,-2.5,6.5,0.6985690593719482,1,1,1
arkansas-little-rock_vs_ut martin_20221229,2022-12-29,arkansas-little-rock,UT Martin,2023,14.0,-0.82917553,14.829175531864166,1.0,15.0,0.17082446813583374,1,1,1
arkansas-little-rock_vs_lindenwood_20230104,2023-01-04,arkansas-little-rock,Lindenwood,2023,-5.0,7.0455523,12.045552253723145,-7.0,-12.0,0.04555225372314453,1,0,0
arkansas-little-rock_vs_southeast missouri state_20230107,2023-01-07,arkansas-little-rock,Southeast Missouri State,2023,-6.0,-1.4312816,4.568718433380127,1.5,-4.5,0.06871843338012695,1,0,0
arkansas-little-rock_vs_tennessee state_20230121,2023-01-21,arkansas-little-rock,Tennessee State,2023,12.0,-2.7534375,14.753437519073486,3.5,15.5,0.7465624809265137,1,1,1
arkansas-little-rock_vs_siu edwardsville_20230204,2023-02-04,arkansas-little-rock,SIU Edwardsville,2023,-3.0,-3.8904645,0.8904645442962646,5.0,2.0,1.1095354557037354,1,1,1
arkansas-little-rock_vs_morehead state_20230209,2023-02-09,arkansas-little-rock,Morehead State,2023,4.0,-2.024681,6.024681091308594,2.0,6.0,-0.02468109130859375,0,1,0
arkansas-little-rock_vs_southern indiana_20230216,2023-02-16,arkansas-little-rock,Southern Indiana,2023,-1.0,-2.1220536,1.122053623199463,2.0,1.0,-0.12205362319946289,0,1,0
arkansas-little-rock_vs_eastern illinois_20230218,2023-02-18,arkansas-little-rock,Eastern Illinois,2023,4.0,4.8818426,0.8818426132202148,-5.0,-1.0,-0.11815738677978516,0,0,1
arkansas-pine-bluff_vs_texas southern_20230107,2023-01-07,arkansas-pine-bluff,Texas Southern,2023,4.0,-3.95843,7.958430051803589,5.0,9.0,1.0415699481964111,1,1,1
arkansas-pine-bluff_vs_southern_20230121,2023-01-21,arkansas-pine-bluff,Southern,2023,7.0,-4.1689453,11.1689453125,5.5,12.5,1.3310546875,1,1,1
arkansas-pine-bluff_vs_mississippi valley state_20230128,2023-01-28,arkansas-pine-bluff,Mississippi Valley State,2023,16.0,8.514045,7.485955238342285,-8.0,8.0,0.5140447616577148,1,1,1
arkansas-pine-bluff_vs_alabama state_20230211,2023-02-11,arkansas-pine-bluff,Alabama State,2023,-3.0,6.239953,9.23995304107666,-4.5,-7.5,1.7399530410766602,1,0,0
arkansas-pine-bluff_vs_alabama a&m_20230213,2023-02-13,arkansas-pine-bluff,Alabama A&M,2023,-3.0,2.6040504,5.604050397872925,-3.0,-6.0,-0.3959496021270752,0,0,1
arkansas-pine-bluff_vs_jackson state_20230302,2023-03-02,arkansas-pine-bluff,Jackson State,2023,-4.0,2.2931268,6.293126821517944,-3.0,-7.0,-0.7068731784820557,0,0,1
arkansas-pine-bluff_vs_alcorn state_20230304,2023-03-04,arkansas-pine-bluff,Alcorn State,2023,-5.0,-1.5696837,3.4303163290023804,2.5,-2.5,0.9303163290023804,1,0,0
arkansas-state_vs_ut martin_20221122,2022-11-22,arkansas-state,UT Martin,2023,6.0,3.7194579,2.2805421352386475,-4.0,2.0,-0.28054213523864746,0,1,0
arkansas-state_vs_mississippi valley state_20221201,2022-12-01,arkansas-state,Mississippi Valley State,2023,20.0,13.557308,6.442691802978516,-15.0,5.0,-1.4426918029785156,0,1,0
arkansas-state_vs_southeast missouri state_20221214,2022-12-14,arkansas-state,Southeast Missouri State,2023,7.0,2.4439187,4.556081295013428,-2.0,5.0,0.44391870498657227,1,1,1
arkansas-state_vs_alabama state_20221219,2022-12-19,arkansas-state,Alabama State,2023,7.0,9.574161,2.574160575866699,-10.5,-3.5,-0.9258394241333008,0,0,1
arkansas-state_vs_little rock_20221222,2022-12-22,arkansas-state,Little Rock,2023,2.0,4.5094705,2.5094704627990723,-5.5,-3.5,-0.9905295372009277,0,0,1
arkansas-state_vs_louisianaâmonroe_20221231,2022-12-31,arkansas-state,LouisianaâMonroe,2023,-12.0,5.0138135,17.013813495635986,-5.0,-17.0,0.013813495635986328,1,0,0
arkansas-state_vs_texas state_20230112,2023-01-12,arkansas-state,Texas State,2023,-3.0,-1.6992302,1.3007698059082031,3.0,0.0,1.3007698059082031,1,0,0
arkansas-state_vs_southern mississippi_20230114,2023-01-14,arkansas-state,Southern Mississippi,2023,-17.0,-4.633081,12.366919040679932,5.5,-11.5,0.8669190406799316,1,0,0
arkansas-state_vs_louisiana_20230119,2023-01-19,arkansas-state,Louisiana,2023,-9.0,-7.309262,1.6907382011413574,7.0,-2.0,-0.3092617988586426,0,0,1
arkansas-state_vs_marshall_20230121,2023-01-21,arkansas-state,Marshall,2023,-9.0,-11.990475,2.9904747009277344,11.0,2.0,-0.9904747009277344,0,1,0
arkansas-state_vs_south alabama_20230202,2023-02-02,arkansas-state,South Alabama,2023,-20.0,-2.7607467,17.239253282546997,5.0,-15.0,2.239253282546997,1,0,0
arkansas-state_vs_coastal carolina_20230204,2023-02-04,arkansas-state,Coastal Carolina,2023,16.0,-2.2205322,18.220532178878784,3.0,19.0,0.7794678211212158,1,1,1
arkansas-state_vs_troy_20230216,2023-02-16,arkansas-state,Troy,2023,-5.0,-4.380624,0.6193761825561523,6.0,1.0,1.6193761825561523,1,1,1
arkansas-state_vs_troy_20230302,2023-03-02,arkansas-state,Troy,2023,-4.0,-6.912564,2.9125638008117676,8.5,4.5,1.5874361991882324,1,1,1
army_vs_radford_20221120,2022-11-20,army,Radford,2023,-15.0,-1.3794762,13.620523810386658,3.0,-12.0,1.6205238103866577,1,0,0
army_vs_princeton_20221124,2022-11-24,army,Princeton,2023,-8.0,-10.496297,2.4962968826293945,8.5,0.5,-1.9962968826293945,0,1,0
army_vs_manhattan_20221126,2022-11-26,army,Manhattan,2023,-1.0,4.6806693,5.68066930770874,-4.0,-5.0,0.6806693077087402,1,0,0
army_vs_wagner_20221203,2022-12-03,army,Wagner,2023,11.0,0.9304559,10.069544076919556,-2.0,9.0,-1.0695440769195557,0,1,0
army_vs_njit_20221207,2022-12-07,army,NJIT,2023,1.0,6.869224,5.8692240715026855,-7.0,-6.0,-0.13077592849731445,0,0,1
army_vs_lehigh_20221230,2022-12-30,army,Lehigh,2023,2.0,6.1761236,4.17612361907959,-6.5,-4.5,-0.32387638092041016,0,0,1
army_vs_colgate_20230109,2023-01-09,army,Colgate,2023,-2.0,-7.7691298,5.769129753112793,7.5,5.5,-0.26912975311279297,0,1,0
army_vs_american_20230111,2023-01-11,army,American,2023,12.0,1.1588713,10.841128706932068,-2.0,10.0,-0.8411287069320679,0,1,0
army_vs_bucknell_20230118,2023-01-18,army,Bucknell,2023,-2.0,5.1495447,7.149544715881348,-6.0,-8.0,-0.8504552841186523,0,0,1
army_vs_navy_20230121,2023-01-21,army,Navy,2023,-6.0,0.45536044,6.455360442399979,-1.5,-7.5,-1.0446395576000214,0,0,1
army_vs_holy cross_20230128,2023-01-28,army,Holy Cross,2023,11.0,8.694656,2.3053436279296875,-9.0,2.0,-0.3053436279296875,0,1,0
army_vs_loyola (md)_20230208,2023-02-08,army,Loyola (MD),2023,6.0,6.219496,0.2194957733154297,-7.5,-1.5,-1.2805042266845703,0,0,1
army_vs_lafayette_20230218,2023-02-18,army,Lafayette,2023,10.0,4.834482,5.165517807006836,-4.5,5.5,0.33448219299316406,1,1,1
army_vs_boston university_20230222,2023-02-22,army,Boston University,2023,-6.0,1.7617037,7.761703729629517,-3.0,-9.0,-1.2382962703704834,0,0,1
army_vs_boston university_20230302,2023-03-02,army,Boston University,2023,2.0,1.4741771,0.5258228778839111,-3.0,-1.0,-1.5258228778839111,0,0,1
auburn_vs_south florida_20221111,2022-11-11,auburn,South Florida,2023,8.0,16.821829,8.821828842163086,-19.5,-11.5,-2.678171157836914,0,0,1
auburn_vs_winthrop_20221115,2022-11-15,auburn,Winthrop,2023,24.0,20.951939,3.0480613708496094,-19.0,5.0,1.9519386291503906,1,1,1
auburn_vs_texas southern_20221118,2022-11-18,auburn,Texas Southern,2023,16.0,24.475311,8.475311279296875,-24.5,-8.5,-0.024688720703125,0,0,1
auburn_vs_bradley_20221122,2022-11-22,auburn,Bradley,2023,21.0,-4.2837553,25.2837553024292,-12.5,8.5,-16.7837553024292,0,1,0
auburn_vs_northwestern_20221123,2022-11-23,auburn,Northwestern,2023,1.0,6.6755257,5.675525665283203,-7.5,-6.5,-0.8244743347167969,0,0,1
auburn_vs_saint louis_20221127,2022-11-27,auburn,Saint Louis,2023,5.0,7.9737077,2.973707675933838,-6.5,-1.5,1.473707675933838,1,0,0
auburn_vs_colgate_20221202,2022-12-02,auburn,Colgate,2023,27.0,14.098372,12.901627540588379,-13.0,14.0,1.098372459411621,1,1,1
auburn_vs_memphis_20221210,2022-12-10,auburn,Memphis,2023,-9.0,1.2261287,10.226128697395325,-1.0,-10.0,0.2261286973953247,1,0,0
auburn_vs_georgia state_20221214,2022-12-14,auburn,Georgia State,2023,8.0,18.679583,10.679582595825195,-19.5,-11.5,-0.8204174041748047,0,0,1
auburn_vs_florida_20221228,2022-12-28,auburn,Florida,2023,3.0,5.4085064,2.408506393432617,-6.5,-3.5,-1.0914936065673828,0,0,1
auburn_vs_arkansas_20230107,2023-01-07,auburn,Arkansas,2023,13.0,2.2253149,10.774685144424438,-2.5,10.5,-0.2746851444244385,0,1,0
auburn_vs_mississippi state_20230114,2023-01-14,auburn,Mississippi State,2023,6.0,6.258179,0.2581791877746582,-7.5,-1.5,-1.2418208122253418,0,0,1
auburn_vs_texas a&m_20230125,2023-01-25,auburn,Texas A&M,2023,-16.0,2.9600618,18.96006178855896,-3.5,-19.5,-0.53993821144104,0,0,1
auburn_vs_georgia_20230201,2023-02-01,auburn,Georgia,2023,21.0,11.278899,9.721100807189941,-12.0,9.0,-0.7211008071899414,0,1,0
auburn_vs_alabama_20230211,2023-02-11,auburn,Alabama,2023,-8.0,0.8551681,8.855168104171753,1.5,-6.5,2.355168104171753,1,0,0
auburn_vs_missouri_20230214,2023-02-14,auburn,Missouri,2023,33.0,6.924496,26.075503826141357,-7.0,26.0,-0.07550382614135742,0,1,0
auburn_vs_tennessee_20230304,2023-03-04,auburn,Tennessee,2023,9.0,1.60633,7.393669962882996,-2.5,6.5,-0.8936699628829956,0,1,0
auburn_vs_houston_20230318,2023-03-18,auburn,Houston,2023,-17.0,-4.605418,12.39458179473877,5.5,-11.5,0.8945817947387695,1,0,0
austin-peay_vs_bucknell_20221122,2022-11-22,austin-peay,Bucknell,2023,-14.0,0.8899709,14.889970898628235,1.0,-13.0,1.8899708986282349,1,0,0
austin-peay_vs_howard_20221126,2022-11-26,austin-peay,Howard,2023,-1.0,2.5047855,3.5047855377197266,-3.5,-4.5,-0.9952144622802734,0,0,1
austin-peay_vs_western kentucky_20221130,2022-11-30,austin-peay,Western Kentucky,2023,-1.0,-6.546591,5.546590805053711,9.0,8.0,2.453409194946289,1,1,1
austin-peay_vs_tennessee state_20221203,2022-12-03,austin-peay,Tennessee State,2023,16.0,4.846578,11.153421878814697,-4.0,12.0,0.8465781211853027,1,1,1
austin-peay_vs_florida gulf coast_20230105,2023-01-05,austin-peay,Florida Gulf Coast,2023,2.0,-3.2564604,5.256460428237915,5.0,7.0,1.743539571762085,1,1,1
austin-peay_vs_central arkansas_20230107,2023-01-07,austin-peay,Central Arkansas,2023,24.0,6.660734,17.339265823364258,-7.0,17.0,-0.3392658233642578,0,1,0
austin-peay_vs_lipscomb_20230112,2023-01-12,austin-peay,Lipscomb,2023,-22.0,0.5560402,22.556040227413177,-1.0,-23.0,-0.4439597725868225,0,0,1
austin-peay_vs_bellarmine_20230119,2023-01-19,austin-peay,Bellarmine,2023,-11.0,2.0189688,13.0189688205719,-2.0,-13.0,0.018968820571899414,1,0,0
austin-peay_vs_eastern kentucky_20230121,2023-01-21,austin-peay,Eastern Kentucky,2023,-15.0,-2.4208,12.579200029373169,3.5,-11.5,1.079200029373169,1,0,0
austin-peay_vs_liberty_20230202,2023-02-02,austin-peay,Liberty,2023,-12.0,-12.72026,0.7202596664428711,16.5,4.5,3.779740333557129,1,1,1
austin-peay_vs_queens (nc)_20230204,2023-02-04,austin-peay,Queens (NC),2023,-1.0,-3.860923,2.8609230518341064,4.0,3.0,0.13907694816589355,1,1,1
austin-peay_vs_jacksonville_20230216,2023-02-16,austin-peay,Jacksonville,2023,-4.0,-2.1254683,1.8745317459106445,2.5,-1.5,0.37453174591064453,1,0,0
austin-peay_vs_north florida_20230218,2023-02-18,austin-peay,North Florida,2023,2.0,-3.081035,5.081034898757935,3.0,5.0,-0.08103489875793457,0,1,0
ball-state_vs_vermont_20221125,2022-11-25,ball-state,Vermont,2023,-5.0,3.3150659,8.315065860748291,-3.5,-8.5,-0.18493413925170898,0,0,1
ball-state_vs_missouri state_20221126,2022-11-26,ball-state,Missouri State,2023,3.0,3.906778,0.90677809715271,5.5,8.5,9.40677809715271,1,1,1
ball-state_vs_san jose state_20221127,2022-11-27,ball-state,San Jose State,2023,-2.0,0.47139257,2.471392571926117,0.0,-2.0,0.47139257192611694,1,0,0
ball-state_vs_evansville_20221210,2022-12-10,ball-state,Evansville,2023,19.0,9.778682,9.221318244934082,-10.0,9.0,-0.22131824493408203,0,1,0
ball-state_vs_illinois state_20221217,2022-12-17,ball-state,Illinois State,2023,14.0,1.5517037,12.448296308517456,-3.5,10.5,-1.948296308517456,0,1,0
ball-state_vs_georgia southern_20221221,2022-12-21,ball-state,Georgia Southern,2023,4.0,9.011815,5.011815071105957,-8.5,-4.5,0.511815071105957,1,0,0
ball-state_vs_chicago state_20221228,2022-12-28,ball-state,Chicago State,2023,7.0,9.666546,2.666545867919922,-11.5,-4.5,-1.8334541320800781,0,0,1
ball-state_vs_akron_20230106,2023-01-06,ball-state,Akron,2023,7.0,1.493691,5.5063090324401855,-3.0,4.0,-1.5063090324401855,0,1,0
ball-state_vs_miami (oh)_20230114,2023-01-14,ball-state,Miami (OH),2023,14.0,10.010537,3.9894628524780273,-10.5,3.5,-0.48946285247802734,0,1,0
ball-state_vs_buffalo_20230124,2023-01-24,ball-state,Buffalo,2023,-26.0,5.8903356,31.89033555984497,-6.0,-32.0,-0.1096644401550293,0,0,1
ball-state_vs_eastern michigan_20230203,2023-02-03,ball-state,Eastern Michigan,2023,1.0,9.611107,8.611106872558594,-10.5,-9.5,-0.8888931274414062,0,0,1
ball-state_vs_bowling green_20230211,2023-02-11,ball-state,Bowling Green,2023,21.0,8.792434,12.207566261291504,-8.5,12.5,0.2924337387084961,1,1,1
ball-state_vs_northern illinois_20230214,2023-02-14,ball-state,Northern Illinois,2023,10.0,9.805193,0.1948070526123047,-11.5,-1.5,-1.6948070526123047,0,0,1
ball-state_vs_kent state_20230221,2023-02-21,ball-state,Kent State,2023,12.0,-1.6788487,13.67884874343872,3.0,15.0,1.3211512565612793,1,1,1
ball-state_vs_toledo_20230303,2023-03-03,ball-state,Toledo,2023,-6.0,-4.110143,1.8898568153381348,5.0,-1.0,0.8898568153381348,1,0,0
ball-state_vs_ohio_20230309,2023-03-09,ball-state,Ohio,2023,-20.0,-0.07801392,19.92198608070612,-1.0,-21.0,-1.0780139192938805,0,0,1
baylor_vs_northern colorado_20221114,2022-11-14,baylor,Northern Colorado,2023,33.0,30.654085,2.345914840698242,-28.0,5.0,2.654085159301758,1,1,1
baylor_vs_virginia_20221118,2022-11-18,baylor,Virginia,2023,-7.0,2.907773,9.9077730178833,-5.0,-12.0,-2.092226982116699,0,0,1
baylor_vs_ucla_20221120,2022-11-20,baylor,UCLA,2023,5.0,1.1329625,3.867037534713745,-3.0,2.0,-1.8670375347137451,0,1,0
baylor_vs_mcneese state_20221123,2022-11-23,baylor,McNeese State,2023,29.0,34.40865,5.408649444580078,-36.5,-7.5,-2.091350555419922,0,0,1
baylor_vs_gonzaga_20221202,2022-12-02,baylor,Gonzaga,2023,1.0,-0.70099753,1.700997531414032,3.0,4.0,2.299002468585968,1,1,1
baylor_vs_tarleton state_20221206,2022-12-06,baylor,Tarleton State,2023,23.0,18.013184,4.98681640625,-16.5,6.5,1.51318359375,1,1,1
baylor_vs_washington state_20221218,2022-12-18,baylor,Washington State,2023,6.0,10.022211,4.022211074829102,-9.5,-3.5,0.5222110748291016,1,0,0
baylor_vs_northwestern state_20221220,2022-12-20,baylor,Northwestern State,2023,10.0,25.569025,15.569025039672852,-25.0,-15.0,0.5690250396728516,1,0,0
baylor_vs_tcu_20230104,2023-01-04,baylor,TCU,2023,-1.0,5.545988,6.545988082885742,-6.0,-7.0,-0.4540119171142578,0,0,1
baylor_vs_kansas state_20230107,2023-01-07,baylor,Kansas State,2023,-2.0,6.8367567,8.836756706237793,-7.5,-9.5,-0.663243293762207,0,0,1
baylor_vs_oklahoma state_20230114,2023-01-14,baylor,Oklahoma State,2023,16.0,5.786783,10.213216781616211,-7.5,8.5,-1.713216781616211,0,1,0
baylor_vs_kansas_20230123,2023-01-23,baylor,Kansas,2023,6.0,2.5965195,3.4034805297851562,-2.0,4.0,0.5965194702148438,1,1,1
baylor_vs_arkansas_20230128,2023-01-28,baylor,Arkansas,2023,3.0,7.476187,4.476187229156494,-6.5,-3.5,0.9761872291564941,1,0,0
baylor_vs_texas tech_20230204,2023-02-04,baylor,Texas Tech,2023,27.0,10.575659,16.424341201782227,-9.5,17.5,1.0756587982177734,1,1,1
baylor_vs_oklahoma_20230208,2023-02-08,baylor,Oklahoma,2023,10.0,10.89744,0.8974399566650391,-9.0,1.0,1.897439956665039,1,1,1
baylor_vs_west virginia_20230213,2023-02-13,baylor,West Virginia,2023,12.0,6.910259,5.089741230010986,-6.5,5.5,0.41025876998901367,1,1,1
baylor_vs_texas_20230225,2023-02-25,baylor,Texas,2023,9.0,5.564925,3.435074806213379,-4.0,5.0,1.564925193786621,1,1,1
baylor_vs_iowa state_20230304,2023-03-04,baylor,Iowa State,2023,-15.0,4.7739415,19.77394151687622,-7.0,-22.0,-2.2260584831237793,0,0,1
baylor_vs_iowa state_20230309,2023-03-09,baylor,Iowa State,2023,-6.0,4.4471693,10.447169303894043,-4.5,-10.5,-0.05283069610595703,0,0,1
baylor_vs_uc santa barbara_20230317,2023-03-17,baylor,UC Santa Barbara,2023,18.0,10.40709,7.592909812927246,-10.5,7.5,-0.0929098129272461,0,1,0
baylor_vs_creighton_20230319,2023-03-19,baylor,Creighton,2023,-9.0,-0.27623594,8.723764061927795,1.5,-7.5,1.2237640619277954,1,0,0
bellarmine_vs_murray state_20221210,2022-12-10,bellarmine,Murray State,2023,11.0,-1.0202738,12.020273804664612,2.0,13.0,0.9797261953353882,1,1,1
bellarmine_vs_miami (oh)_20221217,2022-12-17,bellarmine,Miami (OH),2023,-4.0,6.9448304,10.944830417633057,-7.5,-11.5,-0.5551695823669434,0,0,1
bellarmine_vs_liberty_20221229,2022-12-29,bellarmine,Liberty,2023,-17.0,-4.656865,12.343134880065918,7.5,-9.5,2.843134880065918,1,0,0
bellarmine_vs_queens (nc)_20230105,2023-01-05,bellarmine,Queens (NC),2023,-1.0,0.3040727,1.3040727078914642,1.0,0.0,1.3040727078914642,1,0,0
bellarmine_vs_stetson_20230112,2023-01-12,bellarmine,Stetson,2023,-29.0,-0.25472105,28.74527895450592,-2.5,-31.5,-2.7547210454940796,0,0,1
bellarmine_vs_florida gulf coast_20230114,2023-01-14,bellarmine,Florida Gulf Coast,2023,20.0,-3.096291,23.096291065216064,4.0,24.0,0.9037089347839355,1,1,1
bellarmine_vs_eastern kentucky_20230126,2023-01-26,bellarmine,Eastern Kentucky,2023,1.0,-1.9551127,2.9551126956939697,2.0,3.0,0.04488730430603027,1,1,1
bellarmine_vs_kennesaw state_20230202,2023-02-02,bellarmine,Kennesaw State,2023,-6.0,-2.6931562,3.3068437576293945,4.0,-2.0,1.3068437576293945,1,0,0
bellarmine_vs_jacksonville state_20230204,2023-02-04,bellarmine,Jacksonville State,2023,7.0,2.0908732,4.9091267585754395,-3.0,4.0,-0.9091267585754395,0,1,0
bellarmine_vs_north alabama_20230216,2023-02-16,bellarmine,North Alabama,2023,-13.0,2.018967,15.018966913223267,-3.5,-16.5,-1.4810330867767334,0,0,1
bellarmine_vs_central arkansas_20230219,2023-02-19,bellarmine,Central Arkansas,2023,1.0,7.561535,6.561534881591797,-8.0,-7.0,-0.4384651184082031,0,0,1
bellarmine_vs_north florida_20230227,2023-02-27,bellarmine,North Florida,2023,2.0,-2.2313342,4.231334209442139,2.5,4.5,0.26866579055786133,1,1,1
belmont_vs_tarleton state_20221118,2022-11-18,belmont,Tarleton State,2023,-8.0,4.9527984,12.95279836654663,-4.0,-12.0,0.9527983665466309,1,0,0
belmont_vs_george mason_20221119,2022-11-19,belmont,George Mason,2023,4.0,-2.4872553,6.487255334854126,3.0,7.0,0.512744665145874,1,1,1
belmont_vs_howard_20221121,2022-11-21,belmont,Howard,2023,23.0,7.7290716,15.270928382873535,-7.0,16.0,0.7290716171264648,1,1,1
belmont_vs_valparaiso_20221201,2022-12-01,belmont,Valparaiso,2023,12.0,8.05907,3.9409303665161133,-9.0,3.0,-0.9409303665161133,0,1,0
belmont_vs_middle tennessee_20221210,2022-12-10,belmont,Middle Tennessee,2023,-10.0,-0.36063045,9.639369547367096,-1.0,-11.0,-1.360630452632904,0,0,1
belmont_vs_samford_20221221,2022-12-21,belmont,Samford,2023,23.0,3.7179735,19.282026529312134,-5.0,18.0,-1.2820265293121338,0,1,0
belmont_vs_bradley_20221228,2022-12-28,belmont,Bradley,2023,3.0,-2.0642455,5.0642454624176025,1.0,4.0,-1.0642454624176025,0,1,0
belmont_vs_missouri state_20230107,2023-01-07,belmont,Missouri State,2023,13.0,1.5589087,11.441091299057007,-2.5,10.5,-0.9410912990570068,0,1,0
belmont_vs_northern iowa_20230114,2023-01-14,belmont,Northern Iowa,2023,4.0,4.191261,0.19126081466674805,-5.0,-1.0,-0.808739185333252,0,0,1
belmont_vs_murray state_20230117,2023-01-17,belmont,Murray State,2023,15.0,5.9868975,9.013102531433105,-6.5,8.5,-0.5131025314331055,0,1,0
belmont_vs_drake_20230129,2023-01-29,belmont,Drake,2023,-18.0,1.984192,19.98419201374054,-3.0,-21.0,-1.0158079862594604,0,0,1
belmont_vs_illinois state_20230204,2023-02-04,belmont,Illinois State,2023,15.0,9.435043,5.5649566650390625,-10.0,5.0,-0.5649566650390625,0,1,0
belmont_vs_illinoisâchicago_20230211,2023-02-11,belmont,IllinoisâChicago,2023,27.0,11.936298,15.063701629638672,-13.5,13.5,-1.5637016296386719,0,1,0
belmont_vs_evansville_20230215,2023-02-15,belmont,Evansville,2023,32.0,18.697954,13.302045822143555,-18.0,14.0,0.6979541778564453,1,1,1
belmont_vs_indiana state_20230222,2023-02-22,belmont,Indiana State,2023,1.0,0.92651093,0.07348906993865967,-2.5,-1.5,-1.5734890699386597,0,0,1
belmont_vs_indiana state_20230303,2023-03-03,belmont,Indiana State,2023,-3.0,-2.2691529,0.7308471202850342,2.5,-0.5,0.23084712028503418,1,0,0
bethune-cookman_vs_idaho state_20221126,2022-11-26,bethune-cookman,Idaho State,2023,2.0,-2.3676443,4.367644309997559,4.0,6.0,1.6323556900024414,1,1,1
bethune-cookman_vs_northwestern state_20221127,2022-11-27,bethune-cookman,Northwestern State,2023,-3.0,-2.3691032,0.630896806716919,4.0,1.0,1.630896806716919,1,1,1
bethune-cookman_vs_chicago state_20221201,2022-12-01,bethune-cookman,Chicago State,2023,13.0,2.7790878,10.220912218093872,-3.0,10.0,-0.22091221809387207,0,1,0
bethune-cookman_vs_north florida_20221222,2022-12-22,bethune-cookman,North Florida,2023,-2.0,-5.25751,3.257510185241699,5.5,3.5,0.24248981475830078,1,1,1
bethune-cookman_vs_mississippi valley state_20230114,2023-01-14,bethune-cookman,Mississippi Valley State,2023,6.0,7.654013,1.6540131568908691,-5.0,1.0,2.654013156890869,1,1,1
bethune-cookman_vs_arkansasâpine bluff_20230116,2023-01-16,bethune-cookman,ArkansasâPine Bluff,2023,-6.0,1.44817,7.448169946670532,-2.0,-8.0,-0.5518300533294678,0,0,1
bethune-cookman_vs_alabama state_20230128,2023-01-28,bethune-cookman,Alabama State,2023,2.0,1.6885408,0.31145918369293213,-2.0,0.0,-0.31145918369293213,0,0,1
bethune-cookman_vs_alabama a&m_20230130,2023-01-30,bethune-cookman,Alabama A&M,2023,11.0,0.35693502,10.643064975738525,1.0,12.0,1.3569350242614746,1,1,1
bethune-cookman_vs_alcorn state_20230211,2023-02-11,bethune-cookman,Alcorn State,2023,-2.0,-1.8414351,0.15856492519378662,3.5,1.5,1.6585649251937866,1,1,1
bethune-cookman_vs_jackson state_20230213,2023-02-13,bethune-cookman,Jackson State,2023,-27.0,0.5068551,27.506855070590973,-1.5,-28.5,-0.9931449294090271,0,0,1
bethune-cookman_vs_southern_20230225,2023-02-25,bethune-cookman,Southern,2023,7.0,-4.99485,11.994850158691406,6.0,13.0,1.0051498413085938,1,1,1
bethune-cookman_vs_florida a&m_20230304,2023-03-04,bethune-cookman,Florida A&M,2023,21.0,4.8651776,16.134822368621826,-4.5,16.5,0.36517763137817383,1,1,1
binghamton_vs_sacred heart_20221119,2022-11-19,binghamton,Sacred Heart,2023,-15.0,4.3037305,19.303730487823486,-4.5,-19.5,-0.19626951217651367,0,0,1
binghamton_vs_columbia_20221123,2022-11-23,binghamton,Columbia,2023,2.0,6.249382,4.249382019042969,-7.0,-5.0,-0.7506179809570312,0,0,1
binghamton_vs_loyola (md)_20221130,2022-11-30,binghamton,Loyola (MD),2023,-14.0,2.161532,16.161531925201416,-3.5,-17.5,-1.338468074798584,0,0,1
binghamton_vs_stonehill_20221203,2022-12-03,binghamton,Stonehill,2023,-3.0,5.672863,8.672863006591797,-4.5,-7.5,1.1728630065917969,1,0,0
binghamton_vs_colgate_20221207,2022-12-07,binghamton,Colgate,2023,-19.0,-10.592142,8.407857894897461,12.0,-7.0,1.407857894897461,1,0,0
binghamton_vs_new hampshire_20230105,2023-01-05,binghamton,New Hampshire,2023,18.0,0.91273487,17.087265133857727,-2.0,16.0,-1.087265133857727,0,1,0
binghamton_vs_umass lowell_20230114,2023-01-14,binghamton,UMass Lowell,2023,1.0,-5.7604184,6.76041841506958,6.0,7.0,0.23958158493041992,1,1,1
binghamton_vs_vermont_20230125,2023-01-25,binghamton,Vermont,2023,-25.0,-8.052101,16.947898864746094,8.5,-16.5,0.44789886474609375,1,0,0
binghamton_vs_bryant_20230128,2023-01-28,binghamton,Bryant,2023,17.0,-6.5393915,23.53939151763916,7.0,24.0,0.46060848236083984,1,1,1
binghamton_vs_albany (ny)_20230211,2023-02-11,binghamton,Albany (NY),2023,14.0,5.913627,8.08637285232544,-7.0,7.0,-1.0863728523254395,0,1,0
binghamton_vs_njit_20230215,2023-02-15,binghamton,NJIT,2023,19.0,5.1770334,13.822966575622559,-5.0,14.0,0.1770334243774414,1,1,1
binghamton_vs_maine_20230225,2023-02-25,binghamton,Maine,2023,-4.0,2.450708,6.450707912445068,-3.0,-7.0,-0.5492920875549316,0,0,1
binghamton_vs_umbc_20230228,2023-02-28,binghamton,UMBC,2023,-3.0,-2.3534715,0.6465284824371338,1.5,-1.5,-0.8534715175628662,0,0,1
boise-state_vs_washington state_20221112,2022-11-12,boise-state,Washington State,2023,10.0,-0.7084143,10.708414316177368,2.0,12.0,1.2915856838226318,1,1,1
boise-state_vs_charlotte_20221117,2022-11-17,boise-state,Charlotte,2023,-12.0,9.416721,21.41672134399414,-6.0,-18.0,3.4167213439941406,1,0,0
boise-state_vs_loyola chicago_20221118,2022-11-18,boise-state,Loyola Chicago,2023,22.0,-0.17228664,22.17228664457798,1.5,23.5,1.32771335542202,1,1,1
boise-state_vs_colorado_20221120,2022-11-20,boise-state,Colorado,2023,13.0,-1.1870345,14.187034487724304,1.5,14.5,0.3129655122756958,1,1,1
boise-state_vs_utah valley_20221126,2022-11-26,boise-state,Utah Valley,2023,18.0,7.5663095,10.433690547943115,-9.5,8.5,-1.9336905479431152,0,1,0
boise-state_vs_cal state northridge_20221129,2022-11-29,boise-state,Cal State Northridge,2023,9.0,18.408394,9.408393859863281,-19.0,-10.0,-0.5916061401367188,0,0,1
boise-state_vs_texas a&m_20221203,2022-12-03,boise-state,Texas A&M,2023,15.0,-3.8459842,18.84598422050476,5.0,20.0,1.1540157794952393,1,1,1
boise-state_vs_new orleans_20221213,2022-12-13,boise-state,New Orleans,2023,41.0,23.564888,17.43511199951172,-23.0,18.0,0.5648880004882812,1,1,1
boise-state_vs_oakland_20221218,2022-12-18,boise-state,Oakland,2023,20.0,16.797348,3.2026519775390625,-17.5,2.5,-0.7026519775390625,0,1,0
boise-state_vs_san jose state_20230103,2023-01-03,boise-state,San Jose State,2023,3.0,9.843254,6.843254089355469,-10.0,-7.0,-0.15674591064453125,0,0,1
boise-state_vs_utah state_20230107,2023-01-07,boise-state,Utah State,2023,23.0,1.648615,21.35138499736786,-2.0,21.0,-0.3513849973678589,0,1,0
boise-state_vs_nevada_20230117,2023-01-17,boise-state,Nevada,2023,15.0,6.418711,8.581288814544678,-6.0,9.0,0.41871118545532227,1,1,1
boise-state_vs_fresno state_20230124,2023-01-24,boise-state,Fresno State,2023,10.0,12.139097,2.139097213745117,-12.0,-2.0,0.1390972137451172,1,0,0
boise-state_vs_colorado state_20230128,2023-01-28,boise-state,Colorado State,2023,21.0,9.634328,11.36567211151123,-8.5,12.5,1.1343278884887695,1,1,1
boise-state_vs_wyoming_20230211,2023-02-11,boise-state,Wyoming,2023,12.0,12.5082655,0.508265495300293,-12.5,-0.5,0.008265495300292969,1,0,0
boise-state_vs_unlv_20230219,2023-02-19,boise-state,UNLV,2023,4.0,8.094731,4.094731330871582,-7.5,-3.5,0.594731330871582,1,0,0
boise-state_vs_new mexico_20230222,2023-02-22,boise-state,New Mexico,2023,5.0,6.378057,1.3780570030212402,-5.0,0.0,1.3780570030212402,1,0,0
boise-state_vs_san diego state_20230228,2023-02-28,boise-state,San Diego State,2023,6.0,1.9222462,4.077753782272339,-3.0,3.0,-1.0777537822723389,0,1,0
boise-state_vs_utah state_20230310,2023-03-10,boise-state,Utah State,2023,-10.0,-1.9349612,8.065038800239563,2.0,-8.0,0.06503880023956299,1,0,0
boise-state_vs_northwestern_20230316,2023-03-16,boise-state,Northwestern,2023,-8.0,-1.7923734,6.207626581192017,2.0,-6.0,0.2076265811920166,1,0,0
boston-college_vs_maine_20221114,2022-11-14,boston-college,Maine,2023,-5.0,19.309797,24.309797286987305,-20.5,-25.5,-1.1902027130126953,0,0,1
boston-college_vs_george mason_20221118,2022-11-18,boston-college,George Mason,2023,15.0,-1.8003054,16.800305366516113,3.0,18.0,1.1996946334838867,1,1,1
boston-college_vs_tarleton state_20221120,2022-11-20,boston-college,Tarleton State,2023,-16.0,3.565866,19.565865993499756,-3.5,-19.5,0.06586599349975586,1,0,0
boston-college_vs_wyoming_20221121,2022-11-21,boston-college,Wyoming,2023,11.0,-1.6938379,12.693837881088257,3.0,14.0,1.3061621189117432,1,1,1
boston-college_vs_rhode island_20221127,2022-11-27,boston-college,Rhode Island,2023,4.0,6.171002,2.17100191116333,-6.0,-2.0,0.17100191116333008,1,0,0
boston-college_vs_new hampshire_20221206,2022-12-06,boston-college,New Hampshire,2023,-3.0,13.839398,16.83939838409424,-15.0,-18.0,-1.1606016159057617,0,0,1
boston-college_vs_villanova_20221210,2022-12-10,boston-college,Villanova,2023,-21.0,-7.263814,13.736186027526855,9.5,-11.5,2.2361860275268555,1,0,0
boston-college_vs_stonehill_20221213,2022-12-13,boston-college,Stonehill,2023,7.0,12.166609,5.166608810424805,-12.5,-5.5,-0.3333911895751953,0,0,1
boston-college_vs_virginia tech_20221221,2022-12-21,boston-college,Virginia Tech,2023,5.0,-7.38253,12.382530212402344,9.5,14.5,2.1174697875976562,1,1,1
boston-college_vs_notre dame_20230103,2023-01-03,boston-college,Notre Dame,2023,7.0,-2.2223141,9.22231411933899,2.0,9.0,-0.22231411933898926,0,1,0
boston-college_vs_duke_20230107,2023-01-07,boston-college,Duke,2023,-1.0,-6.5750623,5.575062274932861,8.0,7.0,1.4249377250671387,1,1,1
boston-college_vs_wake forest_20230114,2023-01-14,boston-college,Wake Forest,2023,-22.0,-2.4695196,19.53048038482666,2.5,-19.5,0.030480384826660156,1,0,0
boston-college_vs_louisville_20230125,2023-01-25,boston-college,Louisville,2023,10.0,9.519595,0.4804048538208008,-9.5,0.5,0.01959514617919922,1,1,1
boston-college_vs_clemson_20230131,2023-01-31,boston-college,Clemson,2023,8.0,-3.7030153,11.703015327453613,4.5,12.5,0.7969846725463867,1,1,1
boston-college_vs_syracuse_20230204,2023-02-04,boston-college,Syracuse,2023,-9.0,-3.3368993,5.663100719451904,3.5,-5.5,0.1631007194519043,1,0,0
boston-college_vs_nc state_20230211,2023-02-11,boston-college,NC State,2023,-30.0,-4.8238435,25.176156520843506,6.0,-24.0,1.1761565208435059,1,0,0
boston-college_vs_virginia_20230222,2023-02-22,boston-college,Virginia,2023,15.0,-7.15521,22.15521001815796,9.0,24.0,1.844789981842041,1,1,1
boston-college_vs_georgia tech_20230304,2023-03-04,boston-college,Georgia Tech,2023,-8.0,5.144751,13.144751071929932,-4.5,-12.5,0.6447510719299316,1,0,0
boston-college_vs_louisville_20230307,2023-03-07,boston-college,Louisville,2023,18.0,6.868589,11.131411075592041,-6.0,12.0,0.868588924407959,1,1,1
boston-college_vs_north carolina_20230308,2023-03-08,boston-college,North Carolina,2023,-24.0,-11.541032,12.458968162536621,11.0,-13.0,-0.5410318374633789,0,0,1
boston-university_vs_southeast missouri state_20221126,2022-11-26,boston-university,Southeast Missouri State,2023,-11.0,3.4833233,14.483323335647583,-5.0,-16.0,-1.516676664352417,0,0,1
boston-university_vs_uc davis_20221128,2022-11-28,boston-university,UC Davis,2023,-11.0,-4.21768,6.782320022583008,5.0,-6.0,0.7823200225830078,1,0,0
boston-university_vs_dartmouth_20221213,2022-12-13,boston-university,Dartmouth,2023,8.0,7.1965485,0.8034515380859375,-7.5,0.5,-0.3034515380859375,0,1,0
boston-university_vs_navy_20221230,2022-12-30,boston-university,Navy,2023,-17.0,-0.19990957,16.800090432167053,-2.0,-19.0,-2.1999095678329468,0,0,1
boston-university_vs_lafayette_20230105,2023-01-05,boston-university,Lafayette,2023,4.0,4.6609917,0.6609916687011719,-5.0,-1.0,-0.3390083312988281,0,0,1
boston-university_vs_army_20230114,2023-01-14,boston-university,Army,2023,-9.0,2.4222078,11.422207832336426,-4.0,-13.0,-1.5777921676635742,0,0,1
boston-university_vs_loyola (md)_20230121,2023-01-21,boston-university,Loyola (MD),2023,13.0,6.4552455,6.544754505157471,-6.5,6.5,-0.0447545051574707,0,1,0
boston-university_vs_colgate_20230123,2023-01-23,boston-university,Colgate,2023,-13.0,-7.3330135,5.666986465454102,8.0,-5.0,0.6669864654541016,1,0,0
boston-university_vs_holy cross_20230201,2023-02-01,boston-university,Holy Cross,2023,-12.0,6.3824253,18.38242530822754,-7.5,-19.5,-1.117574691772461,0,0,1
boston-university_vs_american_20230208,2023-02-08,boston-university,American,2023,6.0,-0.9305462,6.930546224117279,-1.5,4.5,-2.430546224117279,0,1,0
boston-university_vs_bucknell_20230218,2023-02-18,boston-university,Bucknell,2023,16.0,3.3929076,12.607092380523682,-4.0,12.0,-0.6070923805236816,0,1,0
boston-university_vs_lehigh_20230225,2023-02-25,boston-university,Lehigh,2023,3.0,2.6509898,0.3490102291107178,-3.5,-0.5,-0.8490102291107178,0,0,1
bowling-green-state_vs_southern indiana_20221126,2022-11-26,bowling-green-state,Southern Indiana,2023,-12.0,2.1009078,14.100907802581787,-2.5,-14.5,-0.3990921974182129,0,0,1
bowling-green-state_vs_queens (nc)_20221129,2022-11-29,bowling-green-state,Queens (NC),2023,-6.0,-1.07742,4.922580003738403,-1.0,-7.0,-2.0774199962615967,0,0,1
bowling-green-state_vs_morgan state_20221203,2022-12-03,bowling-green-state,Morgan State,2023,10.0,4.8179054,5.182094573974609,-4.0,6.0,0.8179054260253906,1,1,1
bowling-green-state_vs_ut martin_20221217,2022-12-17,bowling-green-state,UT Martin,2023,-8.0,4.0637913,12.063791275024414,-4.0,-12.0,0.06379127502441406,1,0,0
bowling-green-state_vs_ohio_20230107,2023-01-07,bowling-green-state,Ohio,2023,9.0,-2.8833,11.883300065994263,3.5,12.5,0.6166999340057373,1,1,1
bowling-green-state_vs_akron_20230110,2023-01-10,bowling-green-state,Akron,2023,-4.0,-4.0703335,0.07033348083496094,5.0,1.0,0.9296665191650391,1,1,1
bowling-green-state_vs_miami (oh)_20230121,2023-01-21,bowling-green-state,Miami (OH),2023,10.0,2.7945092,7.205490827560425,-4.0,6.0,-1.2054908275604248,0,1,0
bowling-green-state_vs_ball state_20230131,2023-01-31,bowling-green-state,Ball State,2023,-9.0,-1.2178003,7.782199740409851,2.5,-6.5,1.282199740409851,1,0,0
bowling-green-state_vs_northern illinois_20230204,2023-02-04,bowling-green-state,Northern Illinois,2023,-8.0,4.9433517,12.943351745605469,-5.0,-13.0,-0.05664825439453125,0,0,1
bowling-green-state_vs_central michigan_20230214,2023-02-14,bowling-green-state,Central Michigan,2023,-3.0,6.381524,9.381524085998535,-7.5,-10.5,-1.1184759140014648,0,0,1
bowling-green-state_vs_toledo_20230218,2023-02-18,bowling-green-state,Toledo,2023,-5.0,-9.498421,4.498420715332031,9.5,4.5,0.00157928466796875,1,1,1
bowling-green-state_vs_kent state_20230225,2023-02-25,bowling-green-state,Kent State,2023,-10.0,-11.22373,1.2237300872802734,10.5,0.5,-0.7237300872802734,0,1,0
bowling-green-state_vs_eastern michigan_20230228,2023-02-28,bowling-green-state,Eastern Michigan,2023,20.0,4.6849833,15.315016746520996,-4.0,16.0,0.6849832534790039,1,1,1
bradley_vs_eastern michigan_20221115,2022-11-15,bradley,Eastern Michigan,2023,28.0,9.472476,18.5275239944458,-6.5,21.5,2.972476005554199,1,1,1
bradley_vs_southeast missouri state_20221119,2022-11-19,bradley,Southeast Missouri State,2023,13.0,10.523649,2.476350784301758,-12.5,0.5,-1.9763507843017578,0,1,0
bradley_vs_liberty_20221123,2022-11-23,bradley,Liberty,2023,-11.0,-4.0700197,6.929980278015137,2.0,-9.0,-2.0700197219848633,0,0,1
bradley_vs_merrimack_20221126,2022-11-26,bradley,Merrimack,2023,42.0,13.186345,28.813654899597168,-13.0,29.0,0.18634510040283203,1,1,1
bradley_vs_northern iowa_20221130,2022-11-30,bradley,Northern Iowa,2023,15.0,5.7706566,9.22934341430664,-6.0,9.0,-0.22934341430664062,0,1,0
bradley_vs_stonehill_20221219,2022-12-19,bradley,Stonehill,2023,29.0,17.525042,11.474958419799805,-17.5,11.5,0.025041580200195312,1,1,1
bradley_vs_akron_20221222,2022-12-22,bradley,Akron,2023,19.0,5.932915,13.067084789276123,-5.0,14.0,0.932915210723877,1,1,1
bradley_vs_illinoisâchicago_20221231,2022-12-31,bradley,IllinoisâChicago,2023,34.0,13.230841,20.7691593170166,-15.0,19.0,-1.7691593170166016,0,1,0
bradley_vs_valparaiso_20230107,2023-01-07,bradley,Valparaiso,2023,22.0,15.11768,6.882320404052734,-16.0,6.0,-0.8823204040527344,0,1,0
bradley_vs_evansville_20230111,2023-01-11,bradley,Evansville,2023,45.0,18.959179,26.040821075439453,-19.5,25.5,-0.5408210754394531,0,1,0
bradley_vs_belmont_20230121,2023-01-21,bradley,Belmont,2023,-2.0,9.316678,11.316678047180176,-8.0,-10.0,1.3166780471801758,1,0,0
bradley_vs_illinois state_20230125,2023-01-25,bradley,Illinois State,2023,4.0,14.356262,10.35626220703125,-15.5,-11.5,-1.14373779296875,0,0,1
bradley_vs_southern illinois_20230201,2023-02-01,bradley,Southern Illinois,2023,10.0,6.563392,3.436607837677002,-6.0,4.0,0.563392162322998,1,1,1
bradley_vs_murray state_20230211,2023-02-11,bradley,Murray State,2023,35.0,10.05125,24.948749542236328,-11.0,24.0,-0.9487495422363281,0,1,0
bradley_vs_missouri state_20230215,2023-02-15,bradley,Missouri State,2023,10.0,8.925519,1.0744810104370117,-9.5,0.5,-0.5744810104370117,0,1,0
bradley_vs_drake_20230226,2023-02-26,bradley,Drake,2023,12.0,1.5542358,10.445764183998108,-3.5,8.5,-1.945764183998108,0,1,0
bradley_vs_northern iowa_20230303,2023-03-03,bradley,Northern Iowa,2023,6.0,9.869686,3.8696861267089844,-10.0,-4.0,-0.13031387329101562,0,0,1
bradley_vs_indiana state_20230304,2023-03-04,bradley,Indiana State,2023,1.0,1.6355697,0.63556969165802,-3.0,-2.0,-1.36443030834198,0,0,1
bradley_vs_drake_20230305,2023-03-05,bradley,Drake,2023,-26.0,-2.3619463,23.63805365562439,2.0,-24.0,-0.36194634437561035,0,0,1
brigham-young_vs_missouri state_20221116,2022-11-16,brigham-young,Missouri State,2023,2.0,11.170997,9.17099666595459,-9.5,-7.5,1.6709966659545898,1,0,0
brigham-young_vs_southern california_20221123,2022-11-23,brigham-young,Southern California,2023,-6.0,2.673445,8.673444986343384,-1.5,-7.5,1.1734449863433838,1,0,0
brigham-young_vs_butler_20221124,2022-11-24,brigham-young,Butler,2023,-5.0,-0.5261451,4.473854899406433,2.0,-3.0,1.473854899406433,1,0,0
brigham-young_vs_dayton_20221125,2022-11-25,brigham-young,Dayton,2023,4.0,-1.5271392,5.527139186859131,3.5,7.5,1.9728608131408691,1,1,1
brigham-young_vs_south dakota_20221203,2022-12-03,brigham-young,South Dakota,2023,-1.0,12.602442,13.602441787719727,-12.0,-13.0,0.6024417877197266,1,0,0
brigham-young_vs_utah valley_20221207,2022-12-07,brigham-young,Utah Valley,2023,-15.0,5.983855,20.9838547706604,-7.0,-22.0,-1.0161452293395996,0,0,1
brigham-young_vs_creighton_20221210,2022-12-10,brigham-young,Creighton,2023,3.0,-9.091868,12.09186840057373,9.5,12.5,0.40813159942626953,1,1,1
brigham-young_vs_lindenwood_20221220,2022-12-20,brigham-young,Lindenwood,2023,29.0,22.695276,6.304723739624023,-23.5,5.5,-0.8047237396240234,0,1,0
brigham-young_vs_weber state_20221222,2022-12-22,brigham-young,Weber State,2023,6.0,13.694675,7.694675445556641,-13.5,-7.5,0.19467544555664062,1,0,0
brigham-young_vs_portland_20221231,2022-12-31,brigham-young,Portland,2023,13.0,11.174468,1.8255319595336914,-10.5,2.5,0.6744680404663086,1,1,1
brigham-young_vs_gonzaga_20230112,2023-01-12,brigham-young,Gonzaga,2023,-1.0,-6.721727,5.721726894378662,6.5,5.5,-0.2217268943786621,0,1,0
brigham-young_vs_pepperdine_20230114,2023-01-14,brigham-young,Pepperdine,2023,10.0,10.220756,0.22075557708740234,-10.5,-0.5,-0.27924442291259766,0,0,1
brigham-young_vs_loyola marymount_20230202,2023-02-02,brigham-young,Loyola Marymount,2023,28.0,4.080247,23.919753074645996,-5.5,22.5,-1.419753074645996,0,1,0
brigham-young_vs_pacific_20230204,2023-02-04,brigham-young,Pacific,2023,15.0,12.862663,2.1373367309570312,-14.5,0.5,-1.6373367309570312,0,1,0
brigham-young_vs_santa clara_20230216,2023-02-16,brigham-young,Santa Clara,2023,-7.0,5.0273275,12.027327537536621,-5.5,-12.5,-0.4726724624633789,0,0,1
brigham-young_vs_san francisco_20230225,2023-02-25,brigham-young,San Francisco,2023,26.0,6.551636,19.448363780975342,-6.0,20.0,0.5516362190246582,1,1,1
brigham-young_vs_portland_20230303,2023-03-03,brigham-young,Portland,2023,11.0,4.9384646,6.061535358428955,-5.5,5.5,-0.5615353584289551,0,1,0
brigham-young_vs_loyola marymount_20230304,2023-03-04,brigham-young,Loyola Marymount,2023,10.0,2.9333823,7.066617727279663,-3.0,7.0,-0.06661772727966309,0,1,0
brown_vs_colgate_20221110,2022-11-10,brown,Colgate,2023,-9.0,-4.9582033,4.041796684265137,6.0,-3.0,1.0417966842651367,1,0,0
brown_vs_stony brook_20221117,2022-11-17,brown,Stony Brook,2023,11.0,6.6797643,4.320235729217529,-6.5,4.5,0.1797642707824707,1,1,1
brown_vs_umass lowell_20221123,2022-11-23,brown,UMass Lowell,2023,-11.0,-1.3298086,9.670191407203674,3.5,-7.5,2.1701914072036743,1,0,0
brown_vs_maine_20221127,2022-11-27,brown,Maine,2023,7.0,3.591999,3.408000946044922,-4.0,3.0,-0.4080009460449219,0,1,0
brown_vs_new hampshire_20221221,2022-12-21,brown,New Hampshire,2023,16.0,7.3823166,8.617683410644531,-7.0,9.0,0.38231658935546875,1,1,1
brown_vs_pennsylvania_20230102,2023-01-02,brown,Pennsylvania,2023,-8.0,-0.17108262,7.828917384147644,1.0,-7.0,0.828917384147644,1,0,0
brown_vs_harvard_20230106,2023-01-06,brown,Harvard,2023,-2.0,0.6326466,2.63264662027359,1.0,-1.0,1.63264662027359,1,0,0
brown_vs_dartmouth_20230107,2023-01-07,brown,Dartmouth,2023,7.0,6.908984,0.09101581573486328,-7.0,0.0,-0.09101581573486328,0,0,1
brown_vs_princeton_20230114,2023-01-14,brown,Princeton,2023,2.0,-2.4327009,4.432700872421265,3.0,5.0,0.5672991275787354,1,1,1
brown_vs_columbia_20230121,2023-01-21,brown,Columbia,2023,12.0,12.256845,0.25684547424316406,-12.0,0.0,0.25684547424316406,1,0,0
brown_vs_cornell_20230211,2023-02-11,brown,Cornell,2023,14.0,-1.2161274,15.216127395629883,2.5,16.5,1.2838726043701172,1,1,1
brown_vs_yale_20230304,2023-03-04,brown,Yale,2023,-9.0,-3.6667001,5.333299875259399,4.5,-4.5,0.8332998752593994,1,0,0
bryant_vs_detroit mercy_20221121,2022-11-21,bryant,Detroit Mercy,2023,10.0,4.209415,5.790585041046143,-4.0,6.0,0.20941495895385742,1,1,1
bryant_vs_brown_20221202,2022-12-02,bryant,Brown,2023,-12.0,7.8541446,19.85414457321167,-12.0,-24.0,-4.14585542678833,0,0,1
bryant_vs_stony brook_20221209,2022-12-09,bryant,Stony Brook,2023,19.0,10.489506,8.510494232177734,-12.0,7.0,-1.5104942321777344,0,1,0
bryant_vs_liberty_20221217,2022-12-17,bryant,Liberty,2023,-20.0,-3.8574028,16.142597198486328,6.0,-14.0,2.142597198486328,1,0,0
bryant_vs_towson_20221222,2022-12-22,bryant,Towson,2023,10.0,1.2775617,8.722438335418701,-1.0,9.0,0.27756166458129883,1,1,1
bryant_vs_binghamton_20221231,2022-12-31,bryant,Binghamton,2023,4.0,12.501093,8.501092910766602,-12.5,-8.5,0.0010929107666015625,1,0,0
bryant_vs_umbc_20230108,2023-01-08,bryant,UMBC,2023,-8.0,4.2702208,12.270220756530762,-5.5,-13.5,-1.2297792434692383,0,0,1
bryant_vs_albany (ny)_20230111,2023-01-11,bryant,Albany (NY),2023,17.0,10.634307,6.365693092346191,-11.5,5.5,-0.8656930923461914,0,1,0
bryant_vs_njit_20230119,2023-01-19,bryant,NJIT,2023,12.0,11.034184,0.965815544128418,-12.0,0.0,-0.965815544128418,0,0,1
bryant_vs_maine_20230201,2023-02-01,bryant,Maine,2023,18.0,8.781173,9.218827247619629,-8.5,9.5,0.2811727523803711,1,1,1
bryant_vs_new hampshire_20230204,2023-02-04,bryant,New Hampshire,2023,24.0,5.8539405,18.14605951309204,-6.5,17.5,-0.646059513092041,0,1,0
bryant_vs_umass lowell_20230215,2023-02-15,bryant,UMass Lowell,2023,-14.0,2.0106952,16.010695219039917,-3.0,-17.0,-0.989304780960083,0,0,1
bryant_vs_vermont_20230225,2023-02-25,bryant,Vermont,2023,-4.0,-2.3722746,1.62772536277771,2.5,-1.5,0.12772536277770996,1,0,0
bucknell_vs_presbyterian_20221121,2022-11-21,bucknell,Presbyterian,2023,1.0,6.6913676,5.6913676261901855,-6.0,-5.0,0.6913676261901855,1,0,0
bucknell_vs_marist_20221126,2022-11-26,bucknell,Marist,2023,-6.0,6.392966,12.39296579360962,-6.5,-12.5,-0.10703420639038086,0,0,1
bucknell_vs_saint francis (pa)_20221130,2022-11-30,bucknell,Saint Francis (PA),2023,24.0,5.937827,18.062172889709473,-6.0,18.0,-0.062172889709472656,0,1,0
bucknell_vs_merrimack_20221218,2022-12-18,bucknell,Merrimack,2023,6.0,7.900556,1.9005560874938965,-7.5,-1.5,0.4005560874938965,1,0,0
bucknell_vs_boston university_20230102,2023-01-02,bucknell,Boston University,2023,-8.0,0.7707071,8.770707070827484,-1.0,-9.0,-0.22929292917251587,0,0,1
bucknell_vs_lehigh_20230105,2023-01-05,bucknell,Lehigh,2023,-8.0,6.708623,14.708622932434082,-7.5,-15.5,-0.791377067565918,0,0,1
bucknell_vs_loyola (md)_20230111,2023-01-11,bucknell,Loyola (MD),2023,-10.0,6.7391505,16.739150524139404,-7.5,-17.5,-0.7608494758605957,0,0,1
bucknell_vs_holy cross_20230121,2023-01-21,bucknell,Holy Cross,2023,-7.0,6.8817825,13.881782531738281,-7.5,-14.5,-0.6182174682617188,0,0,1
bucknell_vs_navy_20230125,2023-01-25,bucknell,Navy,2023,-17.0,-2.6994424,14.300557613372803,3.0,-14.0,0.30055761337280273,1,0,0
bucknell_vs_army_20230204,2023-02-04,bucknell,Army,2023,6.0,-2.8107429,8.810742855072021,2.5,8.5,-0.3107428550720215,0,1,0
bucknell_vs_colgate_20230211,2023-02-11,bucknell,Colgate,2023,-20.0,-8.805704,11.194295883178711,10.5,-9.5,1.694295883178711,1,0,0
bucknell_vs_american_20230213,2023-02-13,bucknell,American,2023,22.0,-1.9821563,23.98215627670288,2.0,24.0,0.01784372329711914,1,1,1
bucknell_vs_lafayette_20230225,2023-02-25,bucknell,Lafayette,2023,10.0,0.19183156,9.808168441057205,1.0,11.0,1.1918315589427948,1,1,1
buffalo_vs_james madison_20221112,2022-11-12,buffalo,James Madison,2023,-35.0,2.0933256,37.0933256149292,3.0,-32.0,5.093325614929199,1,0,0
buffalo_vs_drake_20221118,2022-11-18,buffalo,Drake,2023,-8.0,-13.162558,5.162557601928711,13.0,5.0,-0.16255760192871094,0,1,0
buffalo_vs_howard_20221119,2022-11-19,buffalo,Howard,2023,-4.0,5.097477,9.097476959228516,-4.0,-8.0,1.0974769592285156,1,0,0
buffalo_vs_george mason_20221121,2022-11-21,buffalo,George Mason,2023,8.0,-7.3114448,15.311444759368896,6.5,14.5,-0.8114447593688965,0,1,0
buffalo_vs_canisius_20221127,2022-11-27,buffalo,Canisius,2023,20.0,6.6881585,13.311841487884521,-6.0,14.0,0.6881585121154785,1,1,1
buffalo_vs_st. bonaventure_20221203,2022-12-03,buffalo,St. Bonaventure,2023,17.0,-1.7818545,18.781854510307312,2.0,19.0,0.218145489692688,1,1,1
buffalo_vs_tulane_20221210,2022-12-10,buffalo,Tulane,2023,-25.0,-6.184191,18.81580877304077,8.0,-17.0,1.8158087730407715,1,0,0
buffalo_vs_ohio_20230103,2023-01-03,buffalo,Ohio,2023,3.0,-1.3690206,4.369020581245422,1.5,4.5,0.13097941875457764,1,1,1
buffalo_vs_northern illinois_20230107,2023-01-07,buffalo,Northern Illinois,2023,18.0,9.468499,8.531500816345215,-10.5,7.5,-1.0315008163452148,0,1,0
buffalo_vs_bowling green_20230117,2023-01-17,buffalo,Bowling Green,2023,29.0,6.573232,22.426767826080322,-6.5,22.5,0.07323217391967773,1,1,1
buffalo_vs_toledo_20230120,2023-01-20,buffalo,Toledo,2023,-9.0,-2.4755616,6.524438381195068,5.0,-4.0,2.5244383811950684,1,0,0
buffalo_vs_akron_20230131,2023-01-31,buffalo,Akron,2023,-17.0,-2.3424158,14.657584190368652,2.5,-14.5,0.15758419036865234,1,0,0
buffalo_vs_eastern michigan_20230207,2023-02-07,buffalo,Eastern Michigan,2023,5.0,10.060507,5.060506820678711,-10.0,-5.0,0.06050682067871094,1,0,0
buffalo_vs_kent state_20230210,2023-02-10,buffalo,Kent State,2023,-7.0,-3.8293355,3.1706645488739014,4.0,-3.0,0.17066454887390137,1,0,0
buffalo_vs_central michigan_20230221,2023-02-21,buffalo,Central Michigan,2023,28.0,12.477484,15.522516250610352,-13.0,15.0,-0.5225162506103516,0,1,0
buffalo_vs_miami (oh)_20230303,2023-03-03,buffalo,Miami (OH),2023,5.0,8.871493,3.871493339538574,-8.5,-3.5,0.3714933395385742,1,0,0
butler_vs_saint francis (pa)_20221117,2022-11-17,butler,Saint Francis (PA),2023,28.0,19.945019,8.054981231689453,-20.0,8.0,-0.054981231689453125,0,1,0
butler_vs_the citadel_20221119,2022-11-19,butler,The Citadel,2023,47.0,17.706423,29.293577194213867,-17.5,29.5,0.2064228057861328,1,1,1
butler_vs_tennessee_20221123,2022-11-23,butler,Tennessee,2023,-26.0,-3.7811909,22.218809127807617,7.0,-19.0,3.218809127807617,1,0,0
butler_vs_nc state_20221125,2022-11-25,butler,NC State,2023,-15.0,-1.4258142,13.574185848236084,1.0,-14.0,-0.425814151763916,0,0,1
butler_vs_kansas state_20221130,2022-11-30,butler,Kansas State,2023,12.0,1.8308532,10.16914677619934,-2.5,9.5,-0.6691467761993408,0,1,0
butler_vs_yale_20221206,2022-12-06,butler,Yale,2023,10.0,6.312002,3.687997817993164,-6.5,3.5,-0.18799781799316406,0,1,0
butler_vs_connecticut_20221217,2022-12-17,butler,Connecticut,2023,-22.0,-7.0156274,14.984372615814209,7.5,-14.5,0.484372615814209,1,0,0
butler_vs_providence_20221229,2022-12-29,butler,Providence,2023,-20.0,1.3603239,21.360323905944824,-3.0,-23.0,-1.6396760940551758,0,0,1
butler_vs_depaul_20230104,2023-01-04,butler,DePaul,2023,8.0,7.549788,0.4502120018005371,-8.0,0.0,-0.4502120018005371,0,0,1
butler_vs_villanova_20230113,2023-01-13,butler,Villanova,2023,8.0,-3.1255715,11.125571489334106,3.5,11.5,0.37442851066589355,1,1,1
butler_vs_creighton_20230117,2023-01-17,butler,Creighton,2023,-21.0,-5.465787,15.534213066101074,7.0,-14.0,1.5342130661010742,1,0,0
butler_vs_seton hall_20230128,2023-01-28,butler,Seton Hall,2023,-21.0,-0.96088874,20.039111256599426,2.5,-18.5,1.5391112565994263,1,0,0
butler_vs_st. john's (ny)_20230207,2023-02-07,butler,St. John's (NY),2023,2.0,0.27266878,1.7273312211036682,-1.5,0.5,-1.2273312211036682,0,1,0
butler_vs_xavier_20230210,2023-02-10,butler,Xavier,2023,2.0,-6.2919407,8.291940689086914,7.0,9.0,0.7080593109130859,1,1,1
butler_vs_georgetown_20230219,2023-02-19,butler,Georgetown,2023,-6.0,2.7774248,8.777424812316895,-5.0,-11.0,-2.2225751876831055,0,0,1
butler_vs_marquette_20230228,2023-02-28,butler,Marquette,2023,-16.0,-8.517359,7.482641220092773,8.0,-8.0,-0.5173587799072266,0,0,1
california_vs_southern_20221118,2022-11-18,california,Southern,2023,-8.0,2.78771,10.787709951400757,-4.5,-12.5,-1.7122900485992432,0,0,1
california_vs_texas state_20221121,2022-11-21,california,Texas State,2023,-4.0,0.81925076,4.819250762462616,-1.5,-5.5,-0.680749237537384,0,0,1
california_vs_tcu_20221125,2022-11-25,california,TCU,2023,-11.0,-12.390735,1.3907346725463867,13.0,2.0,0.6092653274536133,1,1,1
california_vs_clemson_20221126,2022-11-26,california,Clemson,2023,-8.0,-8.784337,0.784337043762207,10.5,2.5,1.715662956237793,1,1,1
california_vs_southern california_20221130,2022-11-30,california,Southern California,2023,-15.0,-7.4222217,7.577778339385986,9.5,-5.5,2.0777783393859863,1,0,0
california_vs_eastern washington_20221207,2022-12-07,california,Eastern Washington,2023,-2.0,1.5447308,3.54473078250885,-2.5,-4.5,-0.9552692174911499,0,0,1
california_vs_butler_20221210,2022-12-10,california,Butler,2023,-24.0,-7.121186,16.878814220428467,8.5,-15.5,1.3788142204284668,1,0,0
california_vs_ut arlington_20221221,2022-12-21,california,UT Arlington,2023,22.0,0.8717063,21.128293693065643,-2.0,20.0,-1.1282936930656433,0,1,0
california_vs_utah_20221229,2022-12-29,california,Utah,2023,-15.0,-8.57923,6.420769691467285,9.5,-5.5,0.9207696914672852,1,0,0
california_vs_colorado_20221231,2022-12-31,california,Colorado,2023,4.0,-8.424727,12.424727439880371,10.5,14.5,2.075272560119629,1,1,1
california_vs_stanford_20230106,2023-01-06,california,Stanford,2023,22.0,-5.897863,27.897862911224365,8.0,30.0,2.1021370887756348,1,1,1
california_vs_oregon_20230118,2023-01-18,california,Oregon,2023,-29.0,-5.08173,23.918270111083984,8.5,-20.5,3.4182701110839844,1,0,0
california_vs_oregon state_20230122,2023-01-22,california,Oregon State,2023,-20.0,2.1605382,22.16053819656372,-3.5,-23.5,-1.3394618034362793,0,0,1
california_vs_arizona_20230209,2023-02-09,california,Arizona,2023,-23.0,-18.71706,4.282939910888672,19.0,-4.0,0.2829399108886719,1,0,0
california_vs_arizona state_20230211,2023-02-11,california,Arizona State,2023,-8.0,-7.6530366,0.34696340560913086,9.5,1.5,1.8469634056091309,1,1,1
california_vs_washington_20230223,2023-02-23,california,Washington,2023,-9.0,-6.7144394,2.2855606079101562,8.0,-1.0,1.2855606079101562,1,0,0
california_vs_washington state_20230225,2023-02-25,california,Washington State,2023,-6.0,-10.362233,4.3622331619262695,12.5,6.5,2.1377668380737305,1,1,1
california_vs_washington state_20230308,2023-03-08,california,Washington State,2023,-17.0,-10.402154,6.597846031188965,13.0,-4.0,2.597846031188965,1,0,0
california-baptist_vs_njit_20221111,2022-11-11,california-baptist,NJIT,2023,16.0,16.452711,0.4527111053466797,-16.5,-0.5,-0.04728889465332031,0,0,1
california-baptist_vs_cal state northridge_20221115,2022-11-15,california-baptist,Cal State Northridge,2023,7.0,13.653231,6.653230667114258,-13.0,-6.0,0.6532306671142578,1,0,0
california-baptist_vs_minnesota_20221121,2022-11-21,california-baptist,Minnesota,2023,-1.0,1.854262,2.8542619943618774,-1.0,-2.0,0.8542619943618774,1,0,0
california-baptist_vs_southern illinois_20221124,2022-11-24,california-baptist,Southern Illinois,2023,-3.0,-1.1982614,1.8017386198043823,3.0,0.0,1.8017386198043823,1,0,0
california-baptist_vs_central michigan_20221126,2022-11-26,california-baptist,Central Michigan,2023,16.0,9.628894,6.371106147766113,-10.0,6.0,-0.3711061477661133,0,1,0
california-baptist_vs_uc riverside_20221130,2022-11-30,california-baptist,UC Riverside,2023,5.0,4.7756543,0.22434568405151367,-4.5,0.5,0.27565431594848633,1,1,1
california-baptist_vs_weber state_20221207,2022-12-07,california-baptist,Weber State,2023,12.0,9.924273,2.0757274627685547,-8.5,3.5,1.4242725372314453,1,1,1
california-baptist_vs_portland state_20221222,2022-12-22,california-baptist,Portland State,2023,-2.0,6.6549554,8.654955387115479,-7.0,-9.0,-0.3450446128845215,0,0,1
california-baptist_vs_utah tech_20230105,2023-01-05,california-baptist,Utah Tech,2023,14.0,5.54913,8.450870037078857,-6.5,7.5,-0.9508700370788574,0,1,0
california-baptist_vs_utah valley_20230111,2023-01-11,california-baptist,Utah Valley,2023,-4.0,-0.75015944,3.249840557575226,-1.0,-5.0,-1.7501594424247742,0,0,1
california-baptist_vs_grand canyon_20230114,2023-01-14,california-baptist,Grand Canyon,2023,5.0,-0.062297575,5.062297575175762,1.0,6.0,0.9377024248242378,1,1,1
california-baptist_vs_tarleton state_20230121,2023-01-21,california-baptist,Tarleton State,2023,29.0,5.5566278,23.44337224960327,-4.5,24.5,1.0566277503967285,1,1,1
california-baptist_vs_southern utah_20230201,2023-02-01,california-baptist,Southern Utah,2023,-1.0,1.4337353,2.4337352514266968,-2.5,-3.5,-1.0662647485733032,0,0,1
california-baptist_vs_abilene christian_20230204,2023-02-04,california-baptist,Abilene Christian,2023,-16.0,4.7266045,20.726604461669922,-5.0,-21.0,-0.2733955383300781,0,0,1
california-baptist_vs_seattle_20230215,2023-02-15,california-baptist,Seattle,2023,21.0,2.4722822,18.52771782875061,-4.0,17.0,-1.5277178287506104,0,1,0
california-baptist_vs_sam houston state_20230309,2023-03-09,california-baptist,Sam Houston State,2023,-13.0,-5.7438397,7.256160259246826,6.5,-6.5,0.7561602592468262,1,0,0
california-davis_vs_arkansas state_20221118,2022-11-18,california-davis,Arkansas State,2023,15.0,9.108404,5.891595840454102,-8.0,7.0,1.1084041595458984,1,1,1
california-davis_vs_sacramento state_20221122,2022-11-22,california-davis,Sacramento State,2023,11.0,2.8656344,8.134365558624268,-3.5,7.5,-0.6343655586242676,0,1,0
california-davis_vs_southeast missouri state_20221127,2022-11-27,california-davis,Southeast Missouri State,2023,2.0,4.748325,2.7483248710632324,-4.5,-2.5,0.24832487106323242,1,0,0
california-davis_vs_pacific_20221201,2022-12-01,california-davis,Pacific,2023,-2.0,6.1281776,8.128177642822266,-5.5,-7.5,0.6281776428222656,1,0,0
california-davis_vs_uc irvine_20230105,2023-01-05,california-davis,UC Irvine,2023,-5.0,-1.5036658,3.496334195137024,2.5,-2.5,0.9963341951370239,1,0,0
california-davis_vs_cal state bakersfield_20230107,2023-01-07,california-davis,Cal State Bakersfield,2023,19.0,8.915786,10.084214210510254,-8.5,10.5,0.4157857894897461,1,1,1
california-davis_vs_cal state fullerton_20230114,2023-01-14,california-davis,Cal State Fullerton,2023,4.0,5.0021687,1.0021686553955078,-5.5,-1.5,-0.4978313446044922,0,0,1
california-davis_vs_uc riverside_20230119,2023-01-19,california-davis,UC Riverside,2023,-2.0,2.5858238,4.5858237743377686,-3.5,-5.5,-0.9141762256622314,0,0,1
california-davis_vs_cal poly_20230121,2023-01-21,california-davis,Cal Poly,2023,2.0,9.298716,7.298715591430664,-9.5,-7.5,-0.20128440856933594,0,0,1
california-davis_vs_hawaii_20230202,2023-02-02,california-davis,Hawaii,2023,12.0,-1.0772061,13.077206134796143,2.0,14.0,0.9227938652038574,1,1,1
california-davis_vs_cal state northridge_20230215,2023-02-15,california-davis,Cal State Northridge,2023,11.0,10.662509,0.3374910354614258,-11.5,-0.5,-0.8374910354614258,0,0,1
california-davis_vs_uc santa barbara_20230302,2023-03-02,california-davis,UC Santa Barbara,2023,-3.0,-2.0686321,0.9313678741455078,2.5,-0.5,0.4313678741455078,1,0,0
california-davis_vs_long beach state_20230304,2023-03-04,california-davis,Long Beach State,2023,1.0,1.689896,0.6898959875106812,-2.5,-1.5,-0.8101040124893188,0,0,1
california-davis_vs_uc riverside_20230309,2023-03-09,california-davis,UC Riverside,2023,-16.0,-1.4735249,14.526475071907043,3.0,-13.0,1.5264750719070435,1,0,0
california-irvine_vs_loyola marymount_20221115,2022-11-15,california-irvine,Loyola Marymount,2023,15.0,4.9250393,10.074960708618164,-4.5,10.5,0.42503929138183594,1,1,1
california-irvine_vs_new mexico state_20221126,2022-11-26,california-irvine,New Mexico State,2023,17.0,0.8027463,16.197253704071045,-2.5,14.5,-1.697253704071045,0,1,0
california-irvine_vs_fresno state_20221203,2022-12-03,california-irvine,Fresno State,2023,-14.0,7.203038,21.203038215637207,-7.0,-21.0,0.20303821563720703,1,0,0
california-irvine_vs_harvard_20221220,2022-12-20,california-irvine,Harvard,2023,-5.0,9.313263,14.313262939453125,-9.5,-14.5,-0.186737060546875,0,0,1
california-irvine_vs_long beach state_20230107,2023-01-07,california-irvine,Long Beach State,2023,17.0,6.8478427,10.152157306671143,-7.5,9.5,-0.6521573066711426,0,1,0
california-irvine_vs_cal state fullerton_20230111,2023-01-11,california-irvine,Cal State Fullerton,2023,5.0,9.048845,4.048845291137695,-9.0,-4.0,0.04884529113769531,1,0,0
california-irvine_vs_uc santa barbara_20230116,2023-01-16,california-irvine,UC Santa Barbara,2023,-8.0,2.5132773,10.513277292251587,-2.5,-10.5,0.013277292251586914,1,0,0
california-irvine_vs_hawaii_20230119,2023-01-19,california-irvine,Hawaii,2023,8.0,2.1720026,5.827997446060181,-2.5,5.5,-0.32799744606018066,0,1,0
california-irvine_vs_cal state northridge_20230128,2023-01-28,california-irvine,Cal State Northridge,2023,25.0,15.011733,9.988266944885254,-16.0,9.0,-0.9882669448852539,0,1,0
california-irvine_vs_cal poly_20230209,2023-02-09,california-irvine,Cal Poly,2023,1.0,13.820043,12.820042610168457,-14.0,-13.0,-0.17995738983154297,0,0,1
california-irvine_vs_uc riverside_20230211,2023-02-11,california-irvine,UC Riverside,2023,19.0,6.190937,12.809062957763672,-6.5,12.5,-0.3090629577636719,0,1,0
california-irvine_vs_uc davis_20230218,2023-02-18,california-irvine,UC Davis,2023,2.0,5.5792837,3.5792837142944336,-7.0,-5.0,-1.4207162857055664,0,0,1
california-irvine_vs_cal state bakersfield_20230304,2023-03-04,california-irvine,Cal State Bakersfield,2023,8.0,15.640327,7.640327453613281,-16.0,-8.0,-0.35967254638671875,0,0,1
california-irvine_vs_cal state bakersfield_20230309,2023-03-09,california-irvine,Cal State Bakersfield,2023,24.0,11.869674,12.130326271057129,-12.5,11.5,-0.6303262710571289,0,1,0
california-irvine_vs_cal state fullerton_20230310,2023-03-10,california-irvine,Cal State Fullerton,2023,-3.0,2.9147751,5.914775133132935,-3.0,-6.0,-0.08522486686706543,0,0,1
california-riverside_vs_weber state_20221121,2022-11-21,california-riverside,Weber State,2023,7.0,2.9031842,4.096815824508667,-3.0,4.0,-0.09681582450866699,0,1,0
california-riverside_vs_wright state_20221122,2022-11-22,california-riverside,Wright State,2023,5.0,-0.054338347,5.054338347166777,1.5,6.5,1.4456616528332233,1,1,1
california-riverside_vs_san diego_20221220,2022-12-20,california-riverside,San Diego,2023,-8.0,5.681108,13.681107997894287,-6.0,-14.0,-0.3188920021057129,0,0,1
california-riverside_vs_portland_20221222,2022-12-22,california-riverside,Portland,2023,11.0,-1.3398544,12.33985435962677,1.0,12.0,-0.33985435962677,0,1,0
california-riverside_vs_cal state bakersfield_20221229,2022-12-29,california-riverside,Cal State Bakersfield,2023,12.0,10.112356,1.887643814086914,-10.5,1.5,-0.38764381408691406,0,1,0
california-riverside_vs_cal state fullerton_20230105,2023-01-05,california-riverside,Cal State Fullerton,2023,-15.0,2.6676166,17.667616605758667,-3.0,-18.0,-0.332383394241333,0,0,1
california-riverside_vs_cal state northridge_20230107,2023-01-07,california-riverside,Cal State Northridge,2023,23.0,9.461126,13.538873672485352,-8.5,14.5,0.9611263275146484,1,1,1
california-riverside_vs_cal poly_20230116,2023-01-16,california-riverside,Cal Poly,2023,5.0,6.575782,1.5757818222045898,-7.5,-2.5,-0.9242181777954102,0,0,1
california-riverside_vs_hawaii_20230121,2023-01-21,california-riverside,Hawaii,2023,-4.0,1.5410568,5.541056752204895,-2.5,-6.5,-0.958943247795105,0,0,1
california-riverside_vs_uc davis_20230209,2023-02-09,california-riverside,UC Davis,2023,7.0,2.2527163,4.747283697128296,-2.0,5.0,0.2527163028717041,1,1,1
california-riverside_vs_long beach state_20230215,2023-02-15,california-riverside,Long Beach State,2023,12.0,-0.6451033,12.64510327577591,-1.0,11.0,-1.6451032757759094,0,1,0
california-riverside_vs_uc santa barbara_20230218,2023-02-18,california-riverside,UC Santa Barbara,2023,11.0,-2.035486,13.035485982894897,2.5,13.5,0.46451401710510254,1,1,1
california-riverside_vs_uc irvine_20230302,2023-03-02,california-riverside,UC Irvine,2023,-10.0,1.266037,11.266036987304688,-2.0,-12.0,-0.7339630126953125,0,0,1
california-riverside_vs_uc santa barbara_20230310,2023-03-10,california-riverside,UC Santa Barbara,2023,-5.0,-2.6456854,2.3543145656585693,3.0,-2.0,0.35431456565856934,1,0,0
san-diego_vs_florida gulf coast_20221109,2022-11-09,san-diego,Florida Gulf Coast,2023,6.0,3.9981103,2.001889705657959,-4.5,1.5,-0.501889705657959,0,1,0
california-san-diego_vs_sacramento state_20221112,2022-11-12,california-san-diego,Sacramento State,2023,-10.0,2.183937,12.183937072753906,-2.0,-12.0,0.18393707275390625,1,0,0
san-diego_vs_njit_20221113,2022-11-13,san-diego,NJIT,2023,10.0,13.71039,3.710390090942383,-17.0,-7.0,-3.289609909057617,0,0,1
california-san-diego_vs_california_20221115,2022-11-15,california-san-diego,California,2023,2.0,2.0079439,0.007943868637084961,1.5,3.5,3.507943868637085,1,1,1
san-diego_vs_utah state_20221117,2022-11-17,san-diego,Utah State,2023,-2.0,-5.753716,3.753715991973877,6.0,4.0,0.24628400802612305,1,1,1
california-san-diego_vs_navy_20221118,2022-11-18,california-san-diego,Navy,2023,-9.0,-2.6796296,6.320370435714722,5.5,-3.5,2.8203704357147217,1,0,0
california-san-diego_vs_youngstown state_20221119,2022-11-19,california-san-diego,Youngstown State,2023,-19.0,-7.7745433,11.225456714630127,7.5,-11.5,-0.27454328536987305,0,0,1
california-san-diego_vs_george washington_20221122,2022-11-22,california-san-diego,George Washington,2023,5.0,-5.310914,10.310914039611816,7.5,12.5,2.1890859603881836,1,1,1
san-diego_vs_new mexico state_20221125,2022-11-25,san-diego,New Mexico State,2023,-13.0,0.96094745,13.960947453975677,-2.0,-15.0,-1.0390525460243225,0,0,1
california-san-diego_vs_eastern michigan_20221127,2022-11-27,california-san-diego,Eastern Michigan,2023,3.0,-3.5404277,6.5404276847839355,4.0,7.0,0.45957231521606445,1,1,1
san-diego_vs_longwood_20221128,2022-11-28,san-diego,Longwood,2023,3.0,2.7425249,0.2574751377105713,-3.5,-0.5,-0.7574751377105713,0,0,1
san-diego_vs_unlv_20221203,2022-12-03,san-diego,UNLV,2023,-17.0,-3.0464947,13.953505277633667,4.0,-13.0,0.953505277633667,1,0,0
san-diego_vs_california baptist_20221210,2022-12-10,san-diego,California Baptist,2023,-3.0,2.3084197,5.308419704437256,-3.0,-6.0,-0.6915802955627441,0,0,1
california-san-diego_vs_san diego_20221212,2022-12-12,california-san-diego,San Diego,2023,-26.0,2.9635358,28.96353578567505,-6.0,-32.0,-3.036464214324951,0,0,1
california-san-diego_vs_nevada_20221214,2022-12-14,california-san-diego,Nevada,2023,-8.0,-13.132162,5.132162094116211,15.0,7.0,1.867837905883789,1,1,1
california-san-diego_vs_san diego state_20221220,2022-12-20,california-san-diego,San Diego State,2023,-16.0,-17.67441,1.6744098663330078,22.0,6.0,4.325590133666992,1,1,1
california-san-diego_vs_long beach state_20221229,2022-12-29,california-san-diego,Long Beach State,2023,2.0,-8.833938,10.833937644958496,9.0,11.0,0.1660623550415039,1,1,1
california-san-diego_vs_uc santa barbara_20221231,2022-12-31,california-san-diego,UC Santa Barbara,2023,-21.0,-14.95057,6.049429893493652,13.0,-8.0,-1.9505701065063477,0,0,1
california-san-diego_vs_hawaii_20230105,2023-01-05,california-san-diego,Hawaii,2023,-13.0,-6.778537,6.221463203430176,6.0,-7.0,-0.7785367965698242,0,0,1
san-diego_vs_pacific_20230105,2023-01-05,san-diego,Pacific,2023,-2.0,5.80958,7.809579849243164,-6.0,-8.0,-0.19042015075683594,0,0,1
san-diego_vs_brigham young_20230107,2023-01-07,san-diego,Brigham Young,2023,-20.0,-5.022522,14.97747802734375,5.5,-14.5,0.47747802734375,1,0,0
california-san-diego_vs_uc riverside_20230111,2023-01-11,california-san-diego,UC Riverside,2023,-6.0,0.9822151,6.982215106487274,-1.0,-7.0,-0.01778489351272583,0,0,1
san-diego_vs_pepperdine_20230112,2023-01-12,san-diego,Pepperdine,2023,3.0,0.52782226,2.472177743911743,-2.5,0.5,-1.9721777439117432,0,1,0
california-san-diego_vs_cal state bakersfield_20230114,2023-01-14,california-san-diego,Cal State Bakersfield,2023,-4.0,4.090998,8.09099817276001,-2.0,-6.0,2.0909981727600098,1,0,0
california-san-diego_vs_uc davis_20230116,2023-01-16,california-san-diego,UC Davis,2023,-8.0,-1.6207036,6.3792964220047,3.0,-5.0,1.3792964220046997,1,0,0
california-san-diego_vs_cal poly_20230119,2023-01-19,california-san-diego,Cal Poly,2023,7.0,-2.6154609,9.615460872650146,4.0,11.0,1.3845391273498535,1,1,1
california-san-diego_vs_long beach state_20230121,2023-01-21,california-san-diego,Long Beach State,2023,-2.0,-4.2120953,2.212095260620117,4.0,2.0,-0.2120952606201172,0,1,0
california-san-diego_vs_cal state northridge_20230126,2023-01-26,california-san-diego,Cal State Northridge,2023,8.0,2.2974212,5.702578783035278,-1.5,6.5,0.7974212169647217,1,1,1
california-san-diego_vs_uc riverside_20230128,2023-01-28,california-san-diego,UC Riverside,2023,-7.0,-6.3442774,0.6557226181030273,7.5,0.5,1.1557226181030273,1,1,1
san-diego_vs_san francisco_20230128,2023-01-28,san-diego,San Francisco,2023,-13.0,-5.306872,7.6931281089782715,4.0,-9.0,-1.3068718910217285,0,0,1
california-san-diego_vs_uc irvine_20230202,2023-02-02,california-san-diego,UC Irvine,2023,-16.0,-7.7784677,8.221532344818115,7.0,-9.0,-0.7784676551818848,0,0,1
san-diego_vs_portland_20230202,2023-02-02,san-diego,Portland,2023,-19.0,2.5843391,21.584339141845703,-2.0,-21.0,0.5843391418457031,1,0,0
california-san-diego_vs_cal state bakersfield_20230204,2023-02-04,california-san-diego,Cal State Bakersfield,2023,-6.0,5.9126596,11.912659645080566,-5.5,-11.5,0.4126596450805664,1,0,0
san-diego_vs_loyola marymount_20230204,2023-02-04,san-diego,Loyola Marymount,2023,8.0,-3.9120333,11.912033319473267,3.5,11.5,-0.4120333194732666,0,1,0
california-san-diego_vs_cal state fullerton_20230215,2023-02-15,california-san-diego,Cal State Fullerton,2023,-3.0,-2.6516716,0.3483283519744873,3.0,0.0,0.3483283519744873,1,0,0
california-san-diego_vs_cal state northridge_20230218,2023-02-18,california-san-diego,Cal State Northridge,2023,13.0,6.3790774,6.620922565460205,-6.5,6.5,-0.12092256546020508,0,1,0
california-san-diego_vs_uc davis_20230220,2023-02-20,california-san-diego,UC Davis,2023,-10.0,-7.197248,2.8027520179748535,8.5,-1.5,1.3027520179748535,1,0,0
california-san-diego_vs_uc irvine_20230223,2023-02-23,california-san-diego,UC Irvine,2023,8.0,-15.781167,23.781167030334473,13.0,21.0,-2.7811670303344727,0,1,0
california-san-diego_vs_uc santa barbara_20230225,2023-02-25,california-san-diego,UC Santa Barbara,2023,-16.0,-5.390191,10.609808921813965,5.5,-10.5,0.10980892181396484,1,0,0
san-diego_vs_santa clara_20230225,2023-02-25,san-diego,Santa Clara,2023,-18.0,-7.6564636,10.343536376953125,7.5,-10.5,-0.156463623046875,0,0,1
san-diego_vs_portland_20230302,2023-03-02,san-diego,Portland,2023,-18.0,-5.73283,12.267169952392578,6.5,-11.5,0.7671699523925781,1,0,0
california-santa-barbara_vs_hampton_20221121,2022-11-21,california-santa-barbara,Hampton,2023,13.0,16.897232,3.8972320556640625,-17.5,-4.5,-0.6027679443359375,0,0,1
california-santa-barbara_vs_north alabama_20221123,2022-11-23,california-santa-barbara,North Alabama,2023,18.0,18.231098,0.23109817504882812,-18.0,0.0,0.23109817504882812,1,0,0
california-santa-barbara_vs_pacific_20221203,2022-12-03,california-santa-barbara,Pacific,2023,11.0,9.378887,1.6211128234863281,-10.0,1.0,-0.6211128234863281,0,1,0
california-santa-barbara_vs_uc riverside_20230114,2023-01-14,california-santa-barbara,UC Riverside,2023,-1.0,9.103668,10.103668212890625,-10.5,-11.5,-1.396331787109375,0,0,1
california-santa-barbara_vs_cal state northridge_20230119,2023-01-19,california-santa-barbara,Cal State Northridge,2023,20.0,13.760675,6.239324569702148,-16.0,4.0,-2.2393245697021484,0,1,0
california-santa-barbara_vs_cal state bakersfield_20230121,2023-01-21,california-santa-barbara,Cal State Bakersfield,2023,18.0,15.932839,2.0671606063842773,-17.5,0.5,-1.5671606063842773,0,1,0
california-santa-barbara_vs_cal poly_20230202,2023-02-02,california-santa-barbara,Cal Poly,2023,6.0,12.787644,6.787644386291504,-14.5,-8.5,-1.712355613708496,0,0,1
california-santa-barbara_vs_uc davis_20230211,2023-02-11,california-santa-barbara,UC Davis,2023,10.0,5.944257,4.055743217468262,-7.0,3.0,-1.0557432174682617,0,1,0
california-santa-barbara_vs_uc irvine_20230215,2023-02-15,california-santa-barbara,UC Irvine,2023,-11.0,1.7950709,12.795070886611938,-2.5,-13.5,-0.7049291133880615,0,0,1
california-santa-barbara_vs_cal state fullerton_20230220,2023-02-20,california-santa-barbara,Cal State Fullerton,2023,-14.0,5.9808683,19.980868339538574,-7.0,-21.0,-1.0191316604614258,0,0,1
california-santa-barbara_vs_long beach state_20230223,2023-02-23,california-santa-barbara,Long Beach State,2023,5.0,4.722714,0.2772860527038574,-4.5,0.5,0.22271394729614258,1,1,1
california-santa-barbara_vs_hawaii_20230304,2023-03-04,california-santa-barbara,Hawaii,2023,20.0,5.493692,14.50630807876587,-4.0,16.0,1.4936919212341309,1,1,1
california-santa-barbara_vs_cal poly_20230309,2023-03-09,california-santa-barbara,Cal Poly,2023,10.0,9.915015,0.08498477935791016,-10.0,0.0,-0.08498477935791016,0,0,1
california-santa-barbara_vs_cal state fullerton_20230311,2023-03-11,california-santa-barbara,Cal State Fullerton,2023,10.0,1.964771,8.035228967666626,-2.5,7.5,-0.535228967666626,0,1,0
cal-poly_vs_mount st. mary's_20221120,2022-11-20,cal-poly,Mount St. Mary's,2023,-5.0,0.7332255,5.733225524425507,-2.5,-7.5,-1.7667744755744934,0,0,1
cal-poly_vs_idaho_20221123,2022-11-23,cal-poly,Idaho,2023,11.0,5.842529,5.157471179962158,-7.5,3.5,-1.6574711799621582,0,1,0
cal-poly_vs_california baptist_20221203,2022-12-03,cal-poly,California Baptist,2023,11.0,-3.5896392,14.58963918685913,4.5,15.5,0.9103608131408691,1,1,1
cal-poly_vs_portland state_20221210,2022-12-10,cal-poly,Portland State,2023,23.0,-0.21860899,23.218608990311623,-1.5,21.5,-1.7186089903116226,0,1,0
cal-poly_vs_weber state_20221216,2022-12-16,cal-poly,Weber State,2023,-29.0,5.621115,34.62111520767212,-5.0,-34.0,0.6211152076721191,1,0,0
cal-poly_vs_cal state northridge_20221229,2022-12-29,cal-poly,Cal State Northridge,2023,10.0,6.9763904,3.0236096382141113,-5.0,5.0,1.9763903617858887,1,1,1
cal-poly_vs_uc santa barbara_20230107,2023-01-07,cal-poly,UC Santa Barbara,2023,-5.0,-5.2862215,0.2862215042114258,7.5,2.5,2.213778495788574,1,1,1
cal-poly_vs_long beach state_20230126,2023-01-26,cal-poly,Long Beach State,2023,-18.0,-4.270648,13.729351997375488,4.0,-14.0,-0.2706480026245117,0,0,1
cal-poly_vs_cal state fullerton_20230128,2023-01-28,cal-poly,Cal State Fullerton,2023,-29.0,-3.3499868,25.650013208389282,4.0,-25.0,0.6500132083892822,1,0,0
cal-poly_vs_hawaii_20230204,2023-02-04,cal-poly,Hawaii,2023,-13.0,-5.343055,7.65694522857666,7.5,-5.5,2.15694522857666,1,0,0
cal-poly_vs_cal state bakersfield_20230215,2023-02-15,cal-poly,Cal State Bakersfield,2023,-8.0,2.4678595,10.467859506607056,-3.0,-11.0,-0.5321404933929443,0,0,1
cal-poly_vs_uc irvine_20230220,2023-02-20,cal-poly,UC Irvine,2023,-3.0,-9.664248,6.664248466491699,11.0,8.0,1.3357515335083008,1,1,1
cal-poly_vs_uc davis_20230225,2023-02-25,cal-poly,UC Davis,2023,-6.0,-4.7692614,1.230738639831543,6.0,0.0,1.230738639831543,1,0,0
cal-poly_vs_uc riverside_20230304,2023-03-04,cal-poly,UC Riverside,2023,-1.0,-5.233806,4.233806133270264,6.5,5.5,1.2661938667297363,1,1,1
cal-poly_vs_long beach state_20230307,2023-03-07,cal-poly,Long Beach State,2023,20.0,-7.1404605,27.14046049118042,9.5,29.5,2.35953950881958,1,1,1
cal-state-bakersfield_vs_texas a&mâcorpus christi_20221122,2022-11-22,cal-state-bakersfield,Texas A&MâCorpus Christi,2023,10.0,-6.3783345,16.378334522247314,8.5,18.5,2.1216654777526855,1,1,1
cal-state-bakersfield_vs_abilene christian_20221217,2022-12-17,cal-state-bakersfield,Abilene Christian,2023,-6.0,-3.4618747,2.5381252765655518,4.5,-1.5,1.0381252765655518,1,0,0
cal-state-bakersfield_vs_fresno state_20221220,2022-12-20,cal-state-bakersfield,Fresno State,2023,-8.0,-3.9822998,4.0177001953125,5.5,-2.5,1.5177001953125,1,0,0
cal-state-bakersfield_vs_uc irvine_20221231,2022-12-31,cal-state-bakersfield,UC Irvine,2023,-4.0,-7.87949,3.8794898986816406,8.0,4.0,0.12051010131835938,1,1,1
cal-state-bakersfield_vs_cal poly_20230105,2023-01-05,cal-state-bakersfield,Cal Poly,2023,10.0,2.5986137,7.401386260986328,-2.5,7.5,0.09861373901367188,1,1,1
cal-state-bakersfield_vs_uc santa barbara_20230111,2023-01-11,cal-state-bakersfield,UC Santa Barbara,2023,-12.0,-6.9516263,5.048373699188232,9.5,-2.5,2.5483736991882324,1,0,0
cal-state-bakersfield_vs_uc davis_20230126,2023-01-26,cal-state-bakersfield,UC Davis,2023,-21.0,-6.3453174,14.654682636260986,8.5,-12.5,2.1546826362609863,1,0,0
cal-state-bakersfield_vs_uc riverside_20230202,2023-02-02,cal-state-bakersfield,UC Riverside,2023,6.0,-6.8252344,12.825234413146973,8.5,14.5,1.6747655868530273,1,1,1
cal-state-bakersfield_vs_cal state northridge_20230209,2023-02-09,cal-state-bakersfield,Cal State Northridge,2023,15.0,3.4860716,11.513928413391113,-4.0,11.0,-0.5139284133911133,0,1,0
cal-state-bakersfield_vs_long beach state_20230211,2023-02-11,cal-state-bakersfield,Long Beach State,2023,-10.0,-5.0015535,4.998446464538574,6.0,-4.0,0.9984464645385742,1,0,0
cal-state-bakersfield_vs_hawaii_20230220,2023-02-20,cal-state-bakersfield,Hawaii,2023,-11.0,-4.9278135,6.072186470031738,6.0,-5.0,1.0721864700317383,1,0,0
cal-state-bakersfield_vs_cal state fullerton_20230225,2023-02-25,cal-state-bakersfield,Cal State Fullerton,2023,-4.0,-6.0214715,2.0214715003967285,7.0,3.0,0.9785284996032715,1,1,1
cal-state-bakersfield_vs_cal state northridge_20230307,2023-03-07,cal-state-bakersfield,Cal State Northridge,2023,4.0,0.16922395,3.8307760506868362,-1.0,3.0,-0.8307760506868362,0,1,0
cal-state-fullerton_vs_pepperdine_20221111,2022-11-11,cal-state-fullerton,Pepperdine,2023,3.0,-4.41224,7.412240028381348,4.0,7.0,-0.41224002838134766,0,1,0
cal-state-fullerton_vs_vermont_20221113,2022-11-13,cal-state-fullerton,Vermont,2023,9.0,-3.5367932,12.536793231964111,4.5,13.5,0.9632067680358887,1,1,1
cal-state-fullerton_vs_utah tech_20221126,2022-11-26,cal-state-fullerton,Utah Tech,2023,-6.0,4.002791,10.002790927886963,-5.5,-11.5,-1.497209072113037,0,0,1
cal-state-fullerton_vs_southern utah_20221210,2022-12-10,cal-state-fullerton,Southern Utah,2023,-7.0,-5.0038037,1.9961962699890137,4.5,-2.5,-0.5038037300109863,0,0,1
cal-state-fullerton_vs_sacramento state_20221221,2022-12-21,cal-state-fullerton,Sacramento State,2023,10.0,2.4608862,7.539113759994507,-3.0,7.0,-0.5391137599945068,0,1,0
cal-state-fullerton_vs_uc santa barbara_20221229,2022-12-29,cal-state-fullerton,UC Santa Barbara,2023,-8.0,-3.8783574,4.121642589569092,4.5,-3.5,0.6216425895690918,1,0,0
cal-state-fullerton_vs_cal state northridge_20221231,2022-12-31,cal-state-fullerton,Cal State Northridge,2023,12.0,6.645292,5.354708194732666,-6.5,5.5,0.14529180526733398,1,1,1
cal-state-fullerton_vs_hawaii_20230107,2023-01-07,cal-state-fullerton,Hawaii,2023,7.0,-1.4824772,8.482477188110352,2.5,9.5,1.0175228118896484,1,1,1
cal-state-fullerton_vs_cal state bakersfield_20230116,2023-01-16,cal-state-fullerton,Cal State Bakersfield,2023,30.0,9.560164,20.43983554840088,-10.0,20.0,-0.4398355484008789,0,1,0
cal-state-fullerton_vs_uc irvine_20230126,2023-01-26,cal-state-fullerton,UC Irvine,2023,1.0,-2.7143655,3.7143654823303223,2.5,3.5,-0.21436548233032227,0,1,0
cal-state-fullerton_vs_long beach state_20230202,2023-02-02,cal-state-fullerton,Long Beach State,2023,-3.0,1.079088,4.079087972640991,-2.0,-5.0,-0.9209120273590088,0,0,1
cal-state-fullerton_vs_uc riverside_20230204,2023-02-04,cal-state-fullerton,UC Riverside,2023,6.0,2.6939173,3.3060827255249023,-2.5,3.5,0.19391727447509766,1,1,1
cal-state-fullerton_vs_cal poly_20230218,2023-02-18,cal-state-fullerton,Cal Poly,2023,21.0,10.301798,10.698202133178711,-10.5,10.5,-0.19820213317871094,0,1,0
cal-state-fullerton_vs_hawaii_20230309,2023-03-09,cal-state-fullerton,Hawaii,2023,2.0,-0.8207643,2.8207643032073975,1.0,3.0,0.17923569679260254,1,1,1
cal-state-northridge_vs_tennessee state_20221121,2022-11-21,cal-state-northridge,Tennessee State,2023,-1.0,-3.4106956,2.4106955528259277,4.5,3.5,1.0893044471740723,1,1,1
cal-state-northridge_vs_central michigan_20221123,2022-11-23,cal-state-northridge,Central Michigan,2023,-16.0,-0.6770714,15.322928607463837,1.5,-14.5,0.8229286074638367,1,0,0
cal-state-northridge_vs_northern colorado_20221210,2022-12-10,cal-state-northridge,Northern Colorado,2023,-7.0,-1.2150968,5.784903168678284,1.0,-6.0,-0.2150968313217163,0,0,1
cal-state-northridge_vs_idaho_20221219,2022-12-19,cal-state-northridge,Idaho,2023,-3.0,5.1235876,8.123587608337402,-5.0,-8.0,0.12358760833740234,1,0,0
cal-state-northridge_vs_san diego_20221222,2022-12-22,cal-state-northridge,San Diego,2023,5.0,-4.233778,9.23377799987793,4.5,9.5,0.2662220001220703,1,1,1
cal-state-northridge_vs_long beach state_20230105,2023-01-05,cal-state-northridge,Long Beach State,2023,-10.0,-4.9808207,5.019179344177246,5.5,-4.5,0.5191793441772461,1,0,0
cal-state-northridge_vs_uc davis_20230111,2023-01-11,cal-state-northridge,UC Davis,2023,-8.0,-6.3049474,1.6950526237487793,7.0,-1.0,0.6950526237487793,1,0,0
cal-state-northridge_vs_uc irvine_20230114,2023-01-14,cal-state-northridge,UC Irvine,2023,-14.0,-10.860237,3.1397628784179688,11.5,-2.5,0.6397628784179688,1,0,0
cal-state-northridge_vs_cal state fullerton_20230121,2023-01-21,cal-state-northridge,Cal State Fullerton,2023,3.0,-4.296912,7.29691219329834,6.0,9.0,1.7030878067016602,1,1,1
cal-state-northridge_vs_uc santa barbara_20230204,2023-02-04,cal-state-northridge,UC Santa Barbara,2023,5.0,-11.096399,16.096399307250977,13.0,18.0,1.9036006927490234,1,1,1
cal-state-northridge_vs_cal poly_20230211,2023-02-11,cal-state-northridge,Cal Poly,2023,11.0,1.0657676,9.934232354164124,-1.5,9.5,-0.43423235416412354,0,1,0
cal-state-northridge_vs_uc riverside_20230220,2023-02-20,cal-state-northridge,UC Riverside,2023,-20.0,-4.723926,15.276073932647705,6.5,-13.5,1.776073932647705,1,0,0
cal-state-northridge_vs_cal state bakersfield_20230223,2023-02-23,cal-state-northridge,Cal State Bakersfield,2023,7.0,2.1440394,4.8559606075286865,-2.5,4.5,-0.3559606075286865,0,1,0
cal-state-northridge_vs_hawaii_20230302,2023-03-02,cal-state-northridge,Hawaii,2023,-26.0,-7.30153,18.69847011566162,8.0,-18.0,0.6984701156616211,1,0,0
campbell_vs_southeastern louisiana_20221119,2022-11-19,campbell,Southeastern Louisiana,2023,-1.0,7.018143,8.01814317703247,-6.5,-7.5,0.5181431770324707,1,0,0
campbell_vs_kennesaw state_20221120,2022-11-20,campbell,Kennesaw State,2023,24.0,-3.11677,27.116770029067993,-1.0,23.0,-4.116770029067993,0,1,0
campbell_vs_jacksonville_20221123,2022-11-23,campbell,Jacksonville,2023,-21.0,-3.3121743,17.687825679779053,-1.5,-22.5,-4.812174320220947,0,0,1
campbell_vs_stetson_20221127,2022-11-27,campbell,Stetson,2023,2.0,0.9247413,1.0752586722373962,-2.5,-0.5,-1.5752586722373962,0,0,1
campbell_vs_unc wilmington_20221221,2022-12-21,campbell,UNC Wilmington,2023,-8.0,-1.3002602,6.6997398138046265,2.5,-5.5,1.1997398138046265,1,0,0
campbell_vs_longwood_20221231,2022-12-31,campbell,Longwood,2023,-25.0,-2.3951519,22.6048481464386,1.5,-23.5,-0.8951518535614014,0,0,1
campbell_vs_gardner-webb_20230104,2023-01-04,campbell,Gardner-Webb,2023,5.0,-4.140101,9.140100955963135,4.5,9.5,0.35989904403686523,1,1,1
campbell_vs_winthrop_20230114,2023-01-14,campbell,Winthrop,2023,-4.0,1.7718731,5.771873116493225,-3.0,-7.0,-1.228126883506775,0,0,1
campbell_vs_radford_20230118,2023-01-18,campbell,Radford,2023,-8.0,-1.1245258,6.875474214553833,1.5,-6.5,0.375474214553833,1,0,0
campbell_vs_unc asheville_20230128,2023-01-28,campbell,UNC Asheville,2023,-13.0,1.4570937,14.457093715667725,-2.5,-15.5,-1.0429062843322754,0,0,1
campbell_vs_usc upstate_20230201,2023-02-01,campbell,USC Upstate,2023,12.0,4.695923,7.3040771484375,-4.0,8.0,0.6959228515625,1,1,1
campbell_vs_high point_20230208,2023-02-08,campbell,High Point,2023,16.0,6.271194,9.728806018829346,-6.5,9.5,-0.2288060188293457,0,1,0
campbell_vs_charleston southern_20230215,2023-02-15,campbell,Charleston Southern,2023,16.0,9.295503,6.704497337341309,-8.0,8.0,1.2955026626586914,1,1,1
campbell_vs_presbyterian_20230218,2023-02-18,campbell,Presbyterian,2023,17.0,7.0938134,9.906186580657959,-7.5,9.5,-0.406186580657959,0,1,0
campbell_vs_presbyterian_20230301,2023-03-01,campbell,Presbyterian,2023,5.0,6.098559,1.0985589027404785,-6.0,-1.0,0.09855890274047852,1,0,0
campbell_vs_longwood_20230303,2023-03-03,campbell,Longwood,2023,13.0,-5.236036,18.23603582382202,6.5,19.5,1.2639641761779785,1,1,1
campbell_vs_radford_20230304,2023-03-04,campbell,Radford,2023,1.0,-2.3473833,3.3473832607269287,3.0,4.0,0.6526167392730713,1,1,1
campbell_vs_unc asheville_20230305,2023-03-05,campbell,UNC Asheville,2023,-4.0,-3.5389948,0.46100521087646484,3.5,-0.5,-0.038994789123535156,0,0,1
canisius_vs_st. bonaventure_20221112,2022-11-12,canisius,St. Bonaventure,2023,4.0,-5.757643,9.757643222808838,6.5,10.5,0.7423567771911621,1,1,1
canisius_vs_cleveland state_20221116,2022-11-16,canisius,Cleveland State,2023,-1.0,-1.7786256,0.7786256074905396,-1.5,-2.5,-3.2786256074905396,0,0,1
canisius_vs_rider_20221231,2022-12-31,canisius,Rider,2023,-2.0,-1.2710923,0.7289077043533325,2.5,0.5,1.2289077043533325,1,1,1
canisius_vs_mount st. mary's_20230102,2023-01-02,canisius,Mount St. Mary's,2023,-4.0,2.5796337,6.579633712768555,-2.5,-6.5,0.07963371276855469,1,0,0
canisius_vs_marist_20230113,2023-01-13,canisius,Marist,2023,-18.0,2.6143308,20.614330768585205,-3.5,-21.5,-0.8856692314147949,0,0,1
canisius_vs_siena_20230115,2023-01-15,canisius,Siena,2023,4.0,-3.4101996,7.4101996421813965,4.5,8.5,1.0898003578186035,1,1,1
canisius_vs_manhattan_20230129,2023-01-29,canisius,Manhattan,2023,-7.0,5.079391,12.07939100265503,-4.0,-11.0,1.0793910026550293,1,0,0
canisius_vs_iona_20230210,2023-02-10,canisius,Iona,2023,-21.0,-13.679591,7.320408821105957,11.5,-9.5,-2.179591178894043,0,0,1
canisius_vs_quinnipiac_20230212,2023-02-12,canisius,Quinnipiac,2023,20.0,-4.1021595,24.10215950012207,4.5,24.5,0.3978404998779297,1,1,1
canisius_vs_saint peter's_20230224,2023-02-24,canisius,Saint Peter's,2023,13.0,2.5771706,10.422829389572144,-3.5,9.5,-0.9228293895721436,0,1,0
canisius_vs_fairfield_20230226,2023-02-26,canisius,Fairfield,2023,13.0,1.9915315,11.008468508720398,-2.0,11.0,-0.00846850872039795,0,1,0
canisius_vs_niagara_20230304,2023-03-04,canisius,Niagara,2023,13.0,2.5293334,10.470666646957397,-3.0,10.0,-0.47066664695739746,0,1,0
canisius_vs_mount st. mary's_20230307,2023-03-07,canisius,Mount St. Mary's,2023,-1.0,-1.697529,0.6975289583206177,2.0,1.0,0.3024710416793823,1,1,1
central-arkansas_vs_little rock_20221114,2022-11-14,central-arkansas,Little Rock,2023,11.0,3.609706,7.390294075012207,-2.5,8.5,1.109705924987793,1,1,1
central-arkansas_vs_niagara_20221118,2022-11-18,central-arkansas,Niagara,2023,-9.0,0.4386041,9.438604086637497,1.5,-7.5,1.938604086637497,1,0,0
central-arkansas_vs_rider_20221119,2022-11-19,central-arkansas,Rider,2023,5.0,-7.864155,12.864154815673828,7.5,12.5,-0.3641548156738281,0,1,0
central-arkansas_vs_northwestern state_20221126,2022-11-26,central-arkansas,Northwestern State,2023,-8.0,1.0349015,9.03490149974823,-1.0,-9.0,0.03490149974822998,1,0,0
central-arkansas_vs_idaho state_20221127,2022-11-27,central-arkansas,Idaho State,2023,4.0,3.0640826,0.9359173774719238,-2.5,1.5,0.5640826225280762,1,1,1
central-arkansas_vs_arkansas state_20221206,2022-12-06,central-arkansas,Arkansas State,2023,5.0,-0.850718,5.850718021392822,3.0,8.0,2.1492819786071777,1,1,1
central-arkansas_vs_florida gulf coast_20230102,2023-01-02,central-arkansas,Florida Gulf Coast,2023,-5.0,-8.705907,3.705906867980957,9.0,4.0,0.29409313201904297,1,1,1
central-arkansas_vs_eastern kentucky_20230105,2023-01-05,central-arkansas,Eastern Kentucky,2023,-2.0,-2.7689335,0.7689335346221924,3.5,1.5,0.7310664653778076,1,1,1
central-arkansas_vs_north alabama_20230118,2023-01-18,central-arkansas,North Alabama,2023,-5.0,1.7959785,6.795978546142578,-1.5,-6.5,0.2959785461425781,1,0,0
central-arkansas_vs_north florida_20230126,2023-01-26,central-arkansas,North Florida,2023,3.0,-2.8162127,5.8162126541137695,3.0,6.0,0.18378734588623047,1,1,1
central-arkansas_vs_jacksonville_20230128,2023-01-28,central-arkansas,Jacksonville,2023,-10.0,-4.0858035,5.914196491241455,4.5,-5.5,0.4141964912414551,1,0,0
central-arkansas_vs_lipscomb_20230209,2023-02-09,central-arkansas,Lipscomb,2023,-12.0,-7.9502025,4.049797534942627,7.5,-4.5,-0.45020246505737305,0,0,1
central-arkansas_vs_austin peay_20230211,2023-02-11,central-arkansas,Austin Peay,2023,7.0,2.6295683,4.370431661605835,-2.0,5.0,0.629568338394165,1,1,1
central-arkansas_vs_jacksonville state_20230222,2023-02-22,central-arkansas,Jacksonville State,2023,-30.0,-2.6771595,27.322840452194214,2.5,-27.5,-0.17715954780578613,0,0,1
central-arkansas_vs_kennesaw state_20230224,2023-02-24,central-arkansas,Kennesaw State,2023,-16.0,-9.132914,6.867086410522461,9.5,-6.5,0.36708641052246094,1,0,0
central-connecticut-state_vs_quinnipiac_20221113,2022-11-13,central-connecticut-state,Quinnipiac,2023,-2.0,-7.408636,5.408636093139648,8.0,6.0,0.5913639068603516,1,1,1
central-connecticut-state_vs_lafayette_20221119,2022-11-19,central-connecticut-state,Lafayette,2023,-5.0,-2.5578232,2.4421768188476562,3.5,-1.5,0.9421768188476562,1,0,0
central-connecticut-state_vs_maine_20221123,2022-11-23,central-connecticut-state,Maine,2023,-8.0,0.9878729,8.987872898578644,-1.0,-9.0,-0.012127101421356201,0,0,1
central-connecticut-state_vs_brown_20221129,2022-11-29,central-connecticut-state,Brown,2023,-8.0,-3.3280692,4.67193078994751,4.5,-3.5,1.1719307899475098,1,0,0
central-connecticut-state_vs_dartmouth_20221209,2022-12-09,central-connecticut-state,Dartmouth,2023,9.0,0.32736102,8.672638982534409,1.5,10.5,1.8273610174655914,1,1,1
central-connecticut-state_vs_army_20221220,2022-12-20,central-connecticut-state,Army,2023,-11.0,0.3156331,11.315633088350296,1.5,-9.5,1.815633088350296,1,0,0
central-connecticut-state_vs_liu_20230105,2023-01-05,central-connecticut-state,LIU,2023,19.0,9.596524,9.403475761413574,-10.0,9.0,-0.4034757614135742,0,1,0
central-connecticut-state_vs_fairleigh dickinson_20230114,2023-01-14,central-connecticut-state,Fairleigh Dickinson,2023,-8.0,1.0878681,9.087868094444275,-1.5,-9.5,-0.4121319055557251,0,0,1
central-connecticut-state_vs_merrimack_20230126,2023-01-26,central-connecticut-state,Merrimack,2023,-3.0,2.962257,5.962256908416748,-1.0,-4.0,1.962256908416748,1,0,0
central-connecticut-state_vs_saint francis (pa)_20230128,2023-01-28,central-connecticut-state,Saint Francis (PA),2023,14.0,1.0913951,12.908604860305786,-1.5,12.5,-0.40860486030578613,0,1,0
central-connecticut-state_vs_wagner_20230216,2023-02-16,central-connecticut-state,Wagner,2023,1.0,3.2448628,2.2448627948760986,-2.0,-1.0,1.2448627948760986,1,0,0
central-connecticut-state_vs_stonehill_20230218,2023-02-18,central-connecticut-state,Stonehill,2023,4.0,2.1026225,1.8973774909973145,-1.0,3.0,1.1026225090026855,1,1,1
central-florida_vs_florida state_20221111,2022-11-11,central-florida,Florida State,2023,14.0,0.06707566,13.932924337685108,1.5,15.5,1.5670756623148918,1,1,1
central-florida_vs_western illinois_20221114,2022-11-14,central-florida,Western Illinois,2023,33.0,17.640125,15.359874725341797,-17.0,16.0,0.6401252746582031,1,1,1
central-florida_vs_oklahoma state_20221118,2022-11-18,central-florida,Oklahoma State,2023,4.0,-5.366055,9.366055011749268,6.0,10.0,0.6339449882507324,1,1,1
central-florida_vs_santa clara_20221120,2022-11-20,central-florida,Santa Clara,2023,7.0,2.74551,4.254489898681641,-3.0,4.0,-0.2544898986816406,0,1,0
central-florida_vs_evansville_20221123,2022-11-23,central-florida,Evansville,2023,20.0,14.715817,5.284182548522949,-14.5,5.5,0.21581745147705078,1,1,1
central-florida_vs_miami (fl)_20221127,2022-11-27,central-florida,Miami (FL),2023,-2.0,-1.1010045,0.8989955186843872,1.5,-0.5,0.3989955186843872,1,0,0
central-florida_vs_samford_20221204,2022-12-04,central-florida,Samford,2023,3.0,8.101505,5.101505279541016,-7.0,-4.0,1.1015052795410156,1,0,0
central-florida_vs_tarleton state_20221211,2022-12-11,central-florida,Tarleton State,2023,26.0,8.012529,17.987470626831055,-7.5,18.5,0.5125293731689453,1,1,1
central-florida_vs_missouri_20221217,2022-12-17,central-florida,Missouri,2023,-2.0,1.3239583,3.3239582777023315,-1.5,-3.5,-0.17604172229766846,0,0,1
central-florida_vs_stetson_20221221,2022-12-21,central-florida,Stetson,2023,15.0,13.869114,1.1308860778808594,-15.0,0.0,-1.1308860778808594,0,0,1
central-florida_vs_wichita state_20221228,2022-12-28,central-florida,Wichita State,2023,7.0,6.453566,0.5464339256286621,-7.0,0.0,-0.5464339256286621,0,0,1
central-florida_vs_smu_20230108,2023-01-08,central-florida,SMU,2023,32.0,10.175024,21.824975967407227,-9.5,22.5,0.6750240325927734,1,1,1
central-florida_vs_memphis_20230111,2023-01-11,central-florida,Memphis,2023,3.0,0.9575859,2.042414128780365,-1.5,1.5,-0.542414128780365,0,1,0
central-florida_vs_houston_20230125,2023-01-25,central-florida,Houston,2023,-11.0,-7.4957137,3.504286289215088,9.5,-1.5,2.004286289215088,1,0,0
central-florida_vs_temple_20230128,2023-01-28,central-florida,Temple,2023,-7.0,4.8703923,11.870392322540283,-5.0,-12.0,-0.1296076774597168,0,0,1
central-florida_vs_tulsa_20230211,2023-02-11,central-florida,Tulsa,2023,44.0,13.866157,30.133843421936035,-14.5,29.5,-0.6338434219360352,0,1,0
central-florida_vs_cincinnati_20230219,2023-02-19,central-florida,Cincinnati,2023,-2.0,4.434941,6.434940814971924,-4.0,-6.0,0.43494081497192383,1,0,0
central-florida_vs_south florida_20230222,2023-02-22,central-florida,South Florida,2023,-7.0,9.369996,16.369996070861816,-9.5,-16.5,-0.1300039291381836,0,0,1
central-florida_vs_east carolina_20230305,2023-03-05,central-florida,East Carolina,2023,26.0,11.923669,14.07633113861084,-12.0,14.0,-0.07633113861083984,0,1,0
central-florida_vs_smu_20230309,2023-03-09,central-florida,SMU,2023,6.0,7.220189,1.220189094543457,-7.5,-1.5,-0.27981090545654297,0,0,1
central-florida_vs_memphis_20230310,2023-03-10,central-florida,Memphis,2023,-5.0,-3.7393637,1.260636329650879,5.5,0.5,1.760636329650879,1,1,1
central-michigan_vs_eastern illinois_20221113,2022-11-13,central-michigan,Eastern Illinois,2023,16.0,7.9292035,8.070796489715576,-7.5,8.5,0.42920351028442383,1,1,1
central-michigan_vs_high point_20221121,2022-11-21,central-michigan,High Point,2023,-1.0,-4.9603744,3.960374355316162,5.0,4.0,0.03962564468383789,1,1,1
central-michigan_vs_robert morris_20221207,2022-12-07,central-michigan,Robert Morris,2023,-5.0,1.2766285,6.276628494262695,-1.0,-6.0,0.2766284942626953,1,0,0
central-michigan_vs_youngstown state_20221221,2022-12-21,central-michigan,Youngstown State,2023,-11.0,-6.6867394,4.313260555267334,6.5,-4.5,-0.18673944473266602,0,0,1
central-michigan_vs_miami (oh)_20230103,2023-01-03,central-michigan,Miami (OH),2023,12.0,3.807315,8.192684888839722,-2.0,10.0,1.8073151111602783,1,1,1
central-michigan_vs_buffalo_20230114,2023-01-14,central-michigan,Buffalo,2023,9.0,-3.6553285,12.655328512191772,5.0,14.0,1.3446714878082275,1,1,1
central-michigan_vs_akron_20230117,2023-01-17,central-michigan,Akron,2023,-18.0,-8.203409,9.796590805053711,9.0,-9.0,0.7965908050537109,1,0,0
central-michigan_vs_bowling green_20230124,2023-01-24,central-michigan,Bowling Green,2023,-22.0,-2.3897932,19.610206842422485,2.5,-19.5,0.11020684242248535,1,0,0
central-michigan_vs_ball state_20230207,2023-02-07,central-michigan,Ball State,2023,-14.0,-7.641699,6.358301162719727,9.5,-4.5,1.8583011627197266,1,0,0
central-michigan_vs_ohio_20230218,2023-02-18,central-michigan,Ohio,2023,-17.0,-7.478661,9.521338939666748,9.5,-7.5,2.021338939666748,1,0,0
central-michigan_vs_northern illinois_20230225,2023-02-25,central-michigan,Northern Illinois,2023,-4.0,-2.0242124,1.97578763961792,2.0,-2.0,-0.024212360382080078,0,0,1
central-michigan_vs_toledo_20230228,2023-02-28,central-michigan,Toledo,2023,-34.0,-12.535064,21.46493625640869,15.0,-19.0,2.4649362564086914,1,0,0
charleston-southern_vs_bethune-cookman_20221121,2022-11-21,charleston-southern,Bethune-Cookman,2023,15.0,1.3338478,13.666152238845825,-1.0,14.0,0.3338477611541748,1,1,1
charleston-southern_vs_the citadel_20221130,2022-11-30,charleston-southern,The Citadel,2023,-3.0,2.4758282,5.475828170776367,-3.0,-6.0,-0.5241718292236328,0,0,1
charleston-southern_vs_kennesaw state_20221205,2022-12-05,charleston-southern,Kennesaw State,2023,-11.0,-3.9919763,7.008023738861084,5.5,-5.5,1.508023738861084,1,0,0
charleston-southern_vs_usc upstate_20221231,2022-12-31,charleston-southern,USC Upstate,2023,5.0,3.8207068,1.179293155670166,-2.5,2.5,1.320706844329834,1,1,1
charleston-southern_vs_longwood_20230104,2023-01-04,charleston-southern,Longwood,2023,-5.0,-6.9701605,1.9701604843139648,7.0,2.0,0.029839515686035156,1,1,1
charleston-southern_vs_high point_20230111,2023-01-11,charleston-southern,High Point,2023,37.0,-1.1342405,38.13424050807953,1.5,38.5,0.3657594919204712,1,1,1
charleston-southern_vs_unc asheville_20230118,2023-01-18,charleston-southern,UNC Asheville,2023,-10.0,-1.3585392,8.64146077632904,3.0,-7.0,1.6414607763290405,1,0,0
charleston-southern_vs_campbell_20230121,2023-01-21,charleston-southern,Campbell,2023,-2.0,1.7430584,3.743058443069458,0.0,-2.0,1.743058443069458,1,0,0
charleston-southern_vs_gardner-webb_20230201,2023-02-01,charleston-southern,Gardner-Webb,2023,-8.0,-2.3647873,5.635212659835815,3.5,-4.5,1.1352126598358154,1,0,0
charleston-southern_vs_radford_20230211,2023-02-11,charleston-southern,Radford,2023,-19.0,-3.2970772,15.702922821044922,4.0,-15.0,0.7029228210449219,1,0,0
charleston-southern_vs_winthrop_20230218,2023-02-18,charleston-southern,Winthrop,2023,-8.0,-1.8663746,6.133625388145447,2.0,-6.0,0.13362538814544678,1,0,0
charleston-southern_vs_presbyterian_20230225,2023-02-25,charleston-southern,Presbyterian,2023,26.0,5.0201845,20.97981548309326,-5.5,20.5,-0.4798154830932617,0,1,0
charleston-southern_vs_high point_20230301,2023-03-01,charleston-southern,High Point,2023,2.0,-1.8125961,3.812596082687378,2.5,4.5,0.6874039173126221,1,1,1
charleston-southern_vs_unc asheville_20230303,2023-03-03,charleston-southern,UNC Asheville,2023,-9.0,-8.610589,0.38941097259521484,9.0,0.0,0.38941097259521484,1,0,0
charlotte_vs_maryland eastern shore_20221114,2022-11-14,charlotte,Maryland Eastern Shore,2023,33.0,10.85032,22.149680137634277,-12.5,20.5,-1.6496801376342773,0,1,0
charlotte_vs_tulsa_20221118,2022-11-18,charlotte,Tulsa,2023,3.0,2.082308,0.9176919460296631,-2.5,0.5,-0.4176919460296631,0,1,0
charlotte_vs_presbyterian_20221126,2022-11-26,charlotte,Presbyterian,2023,27.0,9.343217,17.65678310394287,-12.5,14.5,-3.156783103942871,0,1,0
charlotte_vs_appalachian state_20221202,2022-12-02,charlotte,Appalachian State,2023,9.0,6.151903,2.8480968475341797,-6.5,2.5,-0.3480968475341797,0,1,0
charlotte_vs_detroit mercy_20221210,2022-12-10,charlotte,Detroit Mercy,2023,2.0,9.259786,7.2597856521606445,-8.0,-6.0,1.2597856521606445,1,0,0
charlotte_vs_middle tennessee_20221229,2022-12-29,charlotte,Middle Tennessee,2023,15.0,0.96686864,14.03313136100769,-2.5,12.5,-1.5331313610076904,0,1,0
charlotte_vs_louisiana tech_20221231,2022-12-31,charlotte,Louisiana Tech,2023,2.0,4.5446157,2.5446157455444336,-5.0,-3.0,-0.4553842544555664,0,0,1
charlotte_vs_utsa_20230114,2023-01-14,charlotte,UTSA,2023,18.0,15.138919,2.861081123352051,-15.0,3.0,0.13891887664794922,1,1,1
charlotte_vs_utep_20230116,2023-01-16,charlotte,UTEP,2023,-2.0,6.971879,8.971879005432129,-7.5,-9.5,-0.5281209945678711,0,0,1
charlotte_vs_florida international_20230202,2023-02-02,charlotte,Florida International,2023,-3.0,6.2578835,9.257883548736572,-6.5,-9.5,-0.24211645126342773,0,0,1
charlotte_vs_florida atlantic_20230204,2023-02-04,charlotte,Florida Atlantic,2023,-15.0,-4.000614,10.999385833740234,5.5,-9.5,1.4993858337402344,1,0,0
charlotte_vs_western kentucky_20230216,2023-02-16,charlotte,Western Kentucky,2023,4.0,1.8755156,2.124484419822693,-3.5,0.5,-1.6244844198226929,0,1,0
charlotte_vs_north texas_20230223,2023-02-23,charlotte,North Texas,2023,6.0,-2.0335479,8.03354787826538,3.0,9.0,0.9664521217346191,1,1,1
charlotte_vs_rice_20230225,2023-02-25,charlotte,Rice,2023,16.0,7.550893,8.44910717010498,-6.5,9.5,1.0508928298950195,1,1,1
charlotte_vs_uab_20230304,2023-03-04,charlotte,UAB,2023,-2.0,-4.04613,2.0461301803588867,5.0,3.0,0.9538698196411133,1,1,1
charlotte_vs_middle tennessee_20230309,2023-03-09,charlotte,Middle Tennessee,2023,-1.0,0.8312906,1.831290602684021,-2.5,-3.5,-1.668709397315979,0,0,1
charlotte_vs_western carolina_20230318,2023-03-18,charlotte,Western Carolina,2023,9.0,5.1629615,3.837038516998291,-6.0,3.0,-0.837038516998291,0,1,0
charlotte_vs_milwaukee_20230320,2023-03-20,charlotte,Milwaukee,2023,11.0,3.3481946,7.651805400848389,-5.0,6.0,-1.6518054008483887,0,1,0
charlotte_vs_radford_20230321,2023-03-21,charlotte,Radford,2023,7.0,5.3555174,1.6444826126098633,-5.0,2.0,0.3555173873901367,1,1,1
charlotte_vs_eastern kentucky_20230322,2023-03-22,charlotte,Eastern Kentucky,2023,3.0,4.730668,1.730668067932129,-5.5,-2.5,-0.7693319320678711,0,0,1
chattanooga_vs_lipscomb_20221123,2022-11-23,chattanooga,Lipscomb,2023,-6.0,7.6256456,13.625645637512207,-7.5,-13.5,0.12564563751220703,1,0,0
chattanooga_vs_murray state_20221126,2022-11-26,chattanooga,Murray State,2023,3.0,1.9983616,1.001638412475586,1.0,4.0,2.998361587524414,1,1,1
chattanooga_vs_milwaukee_20221206,2022-12-06,chattanooga,Milwaukee,2023,12.0,8.552531,3.4474687576293945,-8.5,3.5,0.05253124237060547,1,1,1
chattanooga_vs_belmont_20221218,2022-12-18,chattanooga,Belmont,2023,-4.0,3.9414778,7.9414777755737305,-5.0,-9.0,-1.0585222244262695,0,0,1
chattanooga_vs_vmi_20230107,2023-01-07,chattanooga,VMI,2023,7.0,15.787112,8.78711223602295,-16.5,-9.5,-0.7128877639770508,0,0,1
chattanooga_vs_western carolina_20230111,2023-01-11,chattanooga,Western Carolina,2023,19.0,8.864227,10.135772705078125,-9.5,9.5,-0.635772705078125,0,1,0
chattanooga_vs_furman_20230118,2023-01-18,chattanooga,Furman,2023,-8.0,0.23851123,8.238511234521866,0.0,-8.0,0.23851123452186584,1,0,0
chattanooga_vs_east tennessee state_20230121,2023-01-21,chattanooga,East Tennessee State,2023,-16.0,6.062816,22.06281614303589,-7.0,-23.0,-0.9371838569641113,0,0,1
chattanooga_vs_wofford_20230125,2023-01-25,chattanooga,Wofford,2023,-5.0,0.05681969,5.056819688528776,-2.0,-7.0,-1.9431803114712238,0,0,1
chattanooga_vs_the citadel_20230208,2023-02-08,chattanooga,The Citadel,2023,19.0,9.63324,9.36676025390625,-9.0,10.0,0.63323974609375,1,1,1
chattanooga_vs_mercer_20230211,2023-02-11,chattanooga,Mercer,2023,17.0,3.7146668,13.285333156585693,-3.5,13.5,0.21466684341430664,1,1,1
chattanooga_vs_unc greensboro_20230218,2023-02-18,chattanooga,UNC Greensboro,2023,-17.0,-0.6376841,16.362315893173218,3.0,-14.0,2.3623158931732178,1,0,0
chattanooga_vs_samford_20230222,2023-02-22,chattanooga,Samford,2023,-5.0,-1.0104647,3.989535331726074,3.0,-2.0,1.9895353317260742,1,0,0
chattanooga_vs_vmi_20230303,2023-03-03,chattanooga,VMI,2023,20.0,13.526079,6.473920822143555,-14.5,5.5,-0.9739208221435547,0,1,0
chattanooga_vs_samford_20230304,2023-03-04,chattanooga,Samford,2023,3.0,-1.0633483,4.063348293304443,2.0,5.0,0.9366517066955566,1,1,1
chattanooga_vs_wofford_20230305,2023-03-05,chattanooga,Wofford,2023,12.0,3.9859765,8.014023542404175,-4.0,8.0,-0.014023542404174805,0,1,0
chattanooga_vs_furman_20230306,2023-03-06,chattanooga,Furman,2023,-9.0,-2.93822,6.061779975891113,3.5,-5.5,0.5617799758911133,1,0,0
chicago-state_vs_iupui_20221114,2022-11-14,chicago-state,IUPUI,2023,10.0,9.010198,0.989802360534668,-7.0,3.0,2.010197639465332,1,1,1
chicago-state_vs_valparaiso_20221116,2022-11-16,chicago-state,Valparaiso,2023,13.0,-10.296595,23.296594619750977,10.0,23.0,-0.29659461975097656,0,1,0
chicago-state_vs_southern indiana_20221204,2022-12-04,chicago-state,Southern Indiana,2023,17.0,-4.720609,21.720609188079834,6.0,23.0,1.279390811920166,1,1,1
cincinnati_vs_eastern kentucky_20221113,2022-11-13,cincinnati,Eastern Kentucky,2023,18.0,18.777294,0.7772941589355469,-15.5,2.5,3.277294158935547,1,1,1
cincinnati_vs_ohio state_20221122,2022-11-22,cincinnati,Ohio State,2023,-28.0,-3.303889,24.69611096382141,3.5,-24.5,0.19611096382141113,1,0,0
cincinnati_vs_louisville_20221123,2022-11-23,cincinnati,Louisville,2023,19.0,9.817504,9.182496070861816,-8.5,10.5,1.3175039291381836,1,1,1
cincinnati_vs_njit_20221130,2022-11-30,cincinnati,NJIT,2023,26.0,24.027195,1.9728050231933594,-23.0,3.0,1.0271949768066406,1,1,1
cincinnati_vs_bryant_20221204,2022-12-04,cincinnati,Bryant,2023,26.0,12.335675,13.664324760437012,-12.0,14.0,0.3356752395629883,1,1,1
cincinnati_vs_xavier_20221210,2022-12-10,cincinnati,Xavier,2023,-3.0,-1.9021382,1.0978617668151855,3.5,0.5,1.5978617668151855,1,1,1
cincinnati_vs_miami (oh)_20221214,2022-12-14,cincinnati,Miami (OH),2023,27.0,15.781589,11.218411445617676,-16.0,11.0,-0.21841144561767578,0,1,0
cincinnati_vs_la salle_20221217,2022-12-17,cincinnati,La Salle,2023,18.0,11.402124,6.597875595092773,-12.5,5.5,-1.0978755950927734,0,1,0
cincinnati_vs_detroit mercy_20221221,2022-12-21,cincinnati,Detroit Mercy,2023,18.0,13.891009,4.108990669250488,-13.0,5.0,0.8910093307495117,1,1,1
cincinnati_vs_tulane_20221229,2022-12-29,cincinnati,Tulane,2023,11.0,4.695302,6.3046979904174805,-5.5,5.5,-0.8046979904174805,0,1,0
cincinnati_vs_houston_20230108,2023-01-08,cincinnati,Houston,2023,-13.0,-7.641529,5.358470916748047,9.5,-3.5,1.8584709167480469,1,0,0
cincinnati_vs_east carolina_20230111,2023-01-11,cincinnati,East Carolina,2023,28.0,9.190917,18.809082984924316,-10.0,18.0,-0.8090829849243164,0,1,0
cincinnati_vs_memphis_20230122,2023-01-22,cincinnati,Memphis,2023,-7.0,2.0417974,9.041797399520874,-3.0,-10.0,-0.958202600479126,0,0,1
cincinnati_vs_tulsa_20230201,2023-02-01,cincinnati,Tulsa,2023,26.0,15.351395,10.648605346679688,-15.5,10.5,-0.1486053466796875,0,1,0
cincinnati_vs_ucf_20230204,2023-02-04,cincinnati,UCF,2023,9.0,5.8320084,3.1679916381835938,-6.5,2.5,-0.6679916381835938,0,1,0
cincinnati_vs_south florida_20230211,2023-02-11,cincinnati,South Florida,2023,19.0,9.1668415,9.833158493041992,-9.0,10.0,0.1668415069580078,1,1,1
cincinnati_vs_temple_20230222,2023-02-22,cincinnati,Temple,2023,5.0,9.793651,4.7936506271362305,-9.0,-4.0,0.7936506271362305,1,0,0
cincinnati_vs_smu_20230305,2023-03-05,cincinnati,SMU,2023,23.0,11.373395,11.626605033874512,-12.0,11.0,-0.6266050338745117,0,1,0
cincinnati_vs_temple_20230310,2023-03-10,cincinnati,Temple,2023,30.0,4.554255,25.44574499130249,-5.0,25.0,-0.44574499130249023,0,1,0
cincinnati_vs_houston_20230311,2023-03-11,cincinnati,Houston,2023,-21.0,-9.452668,11.547331809997559,9.5,-11.5,0.047331809997558594,1,0,0
cincinnati_vs_virginia tech_20230315,2023-03-15,cincinnati,Virginia Tech,2023,9.0,5.429315,3.5706849098205566,-5.5,3.5,-0.07068490982055664,0,1,0
citadel_vs_denver_20221124,2022-11-24,citadel,Denver,2023,-3.0,-2.4692616,0.530738353729248,3.0,0.0,0.530738353729248,1,0,0
citadel_vs_iupui_20221125,2022-11-25,citadel,IUPUI,2023,21.0,10.244882,10.755118370056152,-10.5,10.5,-0.25511837005615234,0,1,0
citadel_vs_college of charleston_20221203,2022-12-03,citadel,College of Charleston,2023,-22.0,-12.340543,9.659457206726074,12.5,-9.5,0.15945720672607422,1,0,0
citadel_vs_longwood_20221217,2022-12-17,citadel,Longwood,2023,-5.0,-4.6254835,0.37451648712158203,4.5,-0.5,-0.12548351287841797,0,0,1
citadel_vs_chattanooga_20221229,2022-12-29,citadel,Chattanooga,2023,8.0,-6.057223,14.057222843170166,7.5,15.5,1.442777156829834,1,1,1
citadel_vs_samford_20221231,2022-12-31,citadel,Samford,2023,-12.0,-4.283338,7.7166619300842285,4.0,-8.0,-0.2833380699157715,0,0,1
citadel_vs_east tennessee state_20230111,2023-01-11,citadel,East Tennessee State,2023,-22.0,0.06400641,22.06400641053915,1.0,-21.0,1.0640064105391502,1,0,0
citadel_vs_western carolina_20230114,2023-01-14,citadel,Western Carolina,2023,4.0,-2.364725,6.364725112915039,1.5,5.5,-0.8647251129150391,0,1,0
citadel_vs_mercer_20230128,2023-01-28,citadel,Mercer,2023,-9.0,-2.0420444,6.957955598831177,2.0,-7.0,-0.04204440116882324,0,0,1
citadel_vs_chicago state_20230130,2023-01-30,citadel,Chicago State,2023,-1.0,1.561018,2.5610179901123047,-3.0,-4.0,-1.4389820098876953,0,0,1
citadel_vs_vmi_20230202,2023-02-02,citadel,VMI,2023,-6.0,5.4051585,11.405158519744873,-5.0,-11.0,0.40515851974487305,1,0,0
citadel_vs_unc greensboro_20230204,2023-02-04,citadel,UNC Greensboro,2023,-20.0,-9.725186,10.274813652038574,10.0,-10.0,0.2748136520385742,1,0,0
citadel_vs_furman_20230215,2023-02-15,citadel,Furman,2023,4.0,-15.641535,19.64153480529785,16.0,20.0,0.35846519470214844,1,1,1
citadel_vs_wofford_20230218,2023-02-18,citadel,Wofford,2023,-4.0,-3.4060397,0.5939602851867676,3.5,-0.5,0.09396028518676758,1,0,0
citadel_vs_mercer_20230303,2023-03-03,citadel,Mercer,2023,-25.0,-7.422352,17.577648162841797,7.0,-18.0,-0.4223518371582031,0,0,1
clemson_vs_usc upstate_20221115,2022-11-15,clemson,USC Upstate,2023,11.0,18.280806,7.280805587768555,-21.0,-10.0,-2.7191944122314453,0,0,1
clemson_vs_bellarmine_20221118,2022-11-18,clemson,Bellarmine,2023,10.0,11.581321,1.5813207626342773,-11.5,-1.5,0.08132076263427734,1,0,0
clemson_vs_loyola (md)_20221121,2022-11-21,clemson,Loyola (MD),2023,31.0,14.336503,16.66349697113037,-15.0,16.0,-0.6634969711303711,0,1,0
clemson_vs_iowa_20221125,2022-11-25,clemson,Iowa,2023,-3.0,-9.806707,6.806707382202148,8.5,5.5,-1.3067073822021484,0,1,0
clemson_vs_penn state_20221129,2022-11-29,clemson,Penn State,2023,7.0,2.5543783,4.445621728897095,-2.0,5.0,0.5543782711029053,1,1,1
clemson_vs_wake forest_20221202,2022-12-02,clemson,Wake Forest,2023,20.0,1.0177623,18.982237696647644,-3.0,17.0,-1.982237696647644,0,1,0
clemson_vs_towson_20221207,2022-12-07,clemson,Towson,2023,5.0,6.604579,1.604578971862793,-7.0,-2.0,-0.39542102813720703,0,0,1
clemson_vs_loyola chicago_20221210,2022-12-10,clemson,Loyola Chicago,2023,-18.0,4.157605,22.157605171203613,-4.5,-22.5,-0.3423948287963867,0,0,1
clemson_vs_richmond_20221217,2022-12-17,clemson,Richmond,2023,28.0,1.7815881,26.218411922454834,-2.0,26.0,-0.21841192245483398,0,1,0
clemson_vs_nc state_20221230,2022-12-30,clemson,NC State,2023,14.0,0.87828577,13.121714234352112,-2.5,11.5,-1.6217142343521118,0,1,0
clemson_vs_louisville_20230111,2023-01-11,clemson,Louisville,2023,13.0,16.755884,3.7558841705322266,-17.0,-4.0,-0.24411582946777344,0,0,1
clemson_vs_virginia tech_20230121,2023-01-21,clemson,Virginia Tech,2023,1.0,-0.4204628,1.4204627871513367,0.0,1.0,-0.42046278715133667,0,1,0
clemson_vs_georgia tech_20230124,2023-01-24,clemson,Georgia Tech,2023,21.0,8.588705,12.411294937133789,-9.0,12.0,-0.41129493713378906,0,1,0
clemson_vs_miami (fl)_20230204,2023-02-04,clemson,Miami (FL),2023,-4.0,-0.15125248,3.8487475216388702,-1.5,-5.5,-1.6512524783611298,0,0,1
clemson_vs_florida state_20230215,2023-02-15,clemson,Florida State,2023,40.0,9.235231,30.764768600463867,-9.5,30.5,-0.2647686004638672,0,1,0
clemson_vs_syracuse_20230222,2023-02-22,clemson,Syracuse,2023,18.0,4.7799006,13.220099449157715,-4.5,13.5,0.27990055084228516,1,1,1
clemson_vs_notre dame_20230304,2023-03-04,clemson,Notre Dame,2023,23.0,9.9941225,13.005877494812012,-9.5,13.5,0.4941225051879883,1,1,1
clemson_vs_nc state_20230309,2023-03-09,clemson,NC State,2023,26.0,-0.43001866,26.430018663406372,-1.0,25.0,-1.430018663406372,0,1,0
clemson_vs_virginia_20230310,2023-03-10,clemson,Virginia,2023,-20.0,-1.5118634,18.488136649131775,3.0,-17.0,1.488136649131775,1,0,0
clemson_vs_morehead state_20230315,2023-03-15,clemson,Morehead State,2023,-4.0,13.871799,17.87179946899414,-15.5,-19.5,-1.6282005310058594,0,0,1
cleveland-state_vs_arkansasâpine bluff_20221118,2022-11-18,cleveland-state,ArkansasâPine Bluff,2023,9.0,8.666756,0.33324432373046875,-10.0,-1.0,-1.3332443237304688,0,0,1
cleveland-state_vs_chicago state_20221123,2022-11-23,cleveland-state,Chicago State,2023,14.0,8.445147,5.554853439331055,-9.0,5.0,-0.5548534393310547,0,1,0
cleveland-state_vs_oakland_20221201,2022-12-01,cleveland-state,Oakland,2023,16.0,5.7442503,10.255749702453613,-4.5,11.5,1.2442502975463867,1,1,1
cleveland-state_vs_detroit mercy_20221203,2022-12-03,cleveland-state,Detroit Mercy,2023,15.0,2.6958518,12.304148197174072,-2.0,13.0,0.6958518028259277,1,1,1
cleveland-state_vs_kent state_20221210,2022-12-10,cleveland-state,Kent State,2023,-9.0,-6.844936,2.155064105987549,8.5,-0.5,1.6550641059875488,1,0,0
cleveland-state_vs_milwaukee_20230105,2023-01-05,cleveland-state,Milwaukee,2023,-4.0,5.179787,9.179787158966064,-5.5,-9.5,-0.32021284103393555,0,0,1
cleveland-state_vs_green bay_20230107,2023-01-07,cleveland-state,Green Bay,2023,5.0,13.900184,8.90018367767334,-13.0,-8.0,0.9001836776733398,1,0,0
cleveland-state_vs_iupui_20230129,2023-01-29,cleveland-state,IUPUI,2023,6.0,16.993664,10.993663787841797,-17.5,-11.5,-0.5063362121582031,0,0,1
cleveland-state_vs_robert morris_20230210,2023-02-10,cleveland-state,Robert Morris,2023,2.0,6.129729,4.1297287940979,-6.0,-4.0,0.1297287940979004,1,0,0
cleveland-state_vs_youngstown state_20230212,2023-02-12,cleveland-state,Youngstown State,2023,3.0,-2.4751632,5.475163221359253,2.5,5.5,0.02483677864074707,1,1,1
cleveland-state_vs_wright state_20230217,2023-02-17,cleveland-state,Wright State,2023,17.0,2.2624688,14.737531185150146,-2.0,15.0,0.2624688148498535,1,1,1
cleveland-state_vs_northern kentucky_20230219,2023-02-19,cleveland-state,Northern Kentucky,2023,1.0,3.028497,2.0284969806671143,-2.0,-1.0,1.0284969806671143,1,0,0
cleveland-state_vs_robert morris_20230302,2023-03-02,cleveland-state,Robert Morris,2023,5.0,6.0178037,1.01780366897583,-6.0,-1.0,0.017803668975830078,1,0,0
cleveland-state_vs_milwaukee_20230306,2023-03-06,cleveland-state,Milwaukee,2023,13.0,2.8276398,10.172360181808472,-2.0,11.0,0.8276398181915283,1,1,1
cleveland-state_vs_northern kentucky_20230307,2023-03-07,cleveland-state,Northern Kentucky,2023,-2.0,-2.9157312,0.9157311916351318,2.5,0.5,-0.41573119163513184,0,1,0
cleveland-state_vs_eastern kentucky_20230319,2023-03-19,cleveland-state,Eastern Kentucky,2023,-16.0,0.7582897,16.758289694786072,1.0,-15.0,1.7582896947860718,1,0,0
coastal-carolina_vs_south dakota_20221126,2022-11-26,coastal-carolina,South Dakota,2023,7.0,2.8349156,4.165084362030029,-4.0,3.0,-1.1650843620300293,0,1,0
coastal-carolina_vs_college of charleston_20221219,2022-12-19,coastal-carolina,College of Charleston,2023,-14.0,-7.0765576,6.923442363739014,8.0,-6.0,0.9234423637390137,1,0,0
coastal-carolina_vs_louisiana_20221229,2022-12-29,coastal-carolina,Louisiana,2023,1.0,-2.2967975,3.296797513961792,3.5,4.5,1.203202486038208,1,1,1
coastal-carolina_vs_georgia southern_20221231,2022-12-31,coastal-carolina,Georgia Southern,2023,-9.0,3.7026725,12.702672481536865,-4.0,-13.0,-0.29732751846313477,0,0,1
coastal-carolina_vs_appalachian state_20230119,2023-01-19,coastal-carolina,Appalachian State,2023,9.0,-1.4567093,10.456709265708923,2.0,11.0,0.5432907342910767,1,1,1
coastal-carolina_vs_south alabama_20230121,2023-01-21,coastal-carolina,South Alabama,2023,4.0,-1.1474812,5.147481203079224,2.5,6.5,1.3525187969207764,1,1,1
coastal-carolina_vs_chicago state_20230123,2023-01-23,coastal-carolina,Chicago State,2023,-4.0,6.7844696,10.784469604492188,-7.0,-11.0,-0.2155303955078125,0,0,1
coastal-carolina_vs_old dominion_20230128,2023-01-28,coastal-carolina,Old Dominion,2023,-1.0,-1.000799,0.0007989406585693359,1.0,0.0,-0.0007989406585693359,0,0,1
coastal-carolina_vs_marshall_20230209,2023-02-09,coastal-carolina,Marshall,2023,-18.0,-8.910191,9.08980941772461,8.0,-10.0,-0.9101905822753906,0,0,1
coastal-carolina_vs_james madison_20230211,2023-02-11,coastal-carolina,James Madison,2023,-7.0,-6.6648297,0.33517026901245117,6.5,-0.5,-0.16482973098754883,0,0,1
coastal-carolina_vs_georgia state_20230216,2023-02-16,coastal-carolina,Georgia State,2023,9.0,1.7174965,7.2825034856796265,1.0,10.0,2.7174965143203735,1,1,1
coastal-carolina_vs_texas state_20230218,2023-02-18,coastal-carolina,Texas State,2023,-3.0,0.40652514,3.406525135040283,1.0,-2.0,1.4065251350402832,1,0,0
colgate_vs_monmouth_20221121,2022-11-21,colgate,Monmouth,2023,19.0,16.068598,2.9314022064208984,-18.0,1.0,-1.9314022064208984,0,1,0
colgate_vs_delaware_20221125,2022-11-25,colgate,Delaware,2023,-4.0,3.8738704,7.873870372772217,-6.0,-10.0,-2.126129627227783,0,0,1
colgate_vs_vermont_20221210,2022-12-10,colgate,Vermont,2023,-1.0,3.9218547,4.921854734420776,-4.5,-5.5,-0.5781452655792236,0,0,1
colgate_vs_cornell_20221222,2022-12-22,colgate,Cornell,2023,-11.0,4.0222654,15.022265434265137,-4.5,-15.5,-0.4777345657348633,0,0,1
colgate_vs_navy_20230105,2023-01-05,colgate,Navy,2023,14.0,7.778885,6.2211151123046875,-8.5,5.5,-0.7211151123046875,0,1,0
colgate_vs_boston university_20230111,2023-01-11,colgate,Boston University,2023,6.0,8.888363,2.8883628845214844,-10.5,-4.5,-1.6116371154785156,0,0,1
colgate_vs_bucknell_20230114,2023-01-14,colgate,Bucknell,2023,6.0,11.892654,5.8926544189453125,-13.5,-7.5,-1.6073455810546875,0,0,1
colgate_vs_american_20230121,2023-01-21,colgate,American,2023,1.0,9.006571,8.006570816040039,-12.0,-11.0,-2.993429183959961,0,0,1
colgate_vs_lafayette_20230128,2023-01-28,colgate,Lafayette,2023,12.0,8.829656,3.170344352722168,-11.5,0.5,-2.670344352722168,0,1,0
colgate_vs_loyola (md)_20230130,2023-01-30,colgate,Loyola (MD),2023,13.0,16.319323,3.3193225860595703,-17.0,-4.0,-0.6806774139404297,0,0,1
colgate_vs_lehigh_20230208,2023-02-08,colgate,Lehigh,2023,28.0,12.43288,15.567119598388672,-13.0,15.0,-0.5671195983886719,0,1,0
colgate_vs_army_20230215,2023-02-15,colgate,Army,2023,7.0,9.725306,2.7253055572509766,-12.0,-5.0,-2.2746944427490234,0,0,1
colgate_vs_holy cross_20230218,2023-02-18,colgate,Holy Cross,2023,23.0,17.728031,5.271968841552734,-18.0,5.0,-0.2719688415527344,0,1,0
colgate_vs_loyola (md)_20230302,2023-03-02,colgate,Loyola (MD),2023,19.0,16.255953,2.744047164916992,-16.5,2.5,-0.2440471649169922,0,1,0
colgate_vs_army_20230305,2023-03-05,colgate,Army,2023,17.0,9.609811,7.390189170837402,-12.5,4.5,-2.8901891708374023,0,1,0
colgate_vs_lafayette_20230308,2023-03-08,colgate,Lafayette,2023,18.0,12.2377615,5.762238502502441,-13.5,4.5,-1.2622385025024414,0,1,0
colgate_vs_texas_20230316,2023-03-16,colgate,Texas,2023,-20.0,-16.121977,3.878023147583008,12.5,-7.5,-3.621976852416992,0,0,1
college-of-charleston_vs_richmond_20221114,2022-11-14,college-of-charleston,Richmond,2023,2.0,0.21237408,1.7876259237527847,-2.5,-0.5,-2.2876259237527847,0,0,1
college-of-charleston_vs_davidson_20221117,2022-11-17,college-of-charleston,Davidson,2023,23.0,2.3245444,20.675455570220947,-3.5,19.5,-1.1754555702209473,0,1,0
college-of-charleston_vs_colorado state_20221118,2022-11-18,college-of-charleston,Colorado State,2023,10.0,-1.8862519,11.88625192642212,1.0,11.0,-0.8862519264221191,0,1,0
college-of-charleston_vs_virginia tech_20221120,2022-11-20,college-of-charleston,Virginia Tech,2023,2.0,-4.564436,6.564435958862305,6.0,8.0,1.4355640411376953,1,1,1
college-of-charleston_vs_kent state_20221123,2022-11-23,college-of-charleston,Kent State,2023,2.0,2.5733209,0.5733208656311035,-1.0,1.0,1.5733208656311035,1,1,1
college-of-charleston_vs_old dominion_20221129,2022-11-29,college-of-charleston,Old Dominion,2023,15.0,7.40865,7.591350078582764,-6.0,9.0,1.4086499214172363,1,1,1
college-of-charleston_vs_stetson_20221214,2022-12-14,college-of-charleston,Stetson,2023,5.0,13.70667,8.706669807434082,-13.0,-8.0,0.706669807434082,1,0,0
college-of-charleston_vs_hampton_20221229,2022-12-29,college-of-charleston,Hampton,2023,28.0,22.713533,5.286466598510742,-21.5,6.5,1.2135334014892578,1,1,1
college-of-charleston_vs_delaware_20230107,2023-01-07,college-of-charleston,Delaware,2023,11.0,12.1235485,1.1235485076904297,-12.5,-1.5,-0.3764514923095703,0,0,1
college-of-charleston_vs_elon_20230114,2023-01-14,college-of-charleston,Elon,2023,18.0,20.66779,2.6677894592285156,-20.5,-2.5,0.16778945922851562,1,0,0
college-of-charleston_vs_william & mary_20230116,2023-01-16,college-of-charleston,William & Mary,2023,28.0,16.552614,11.447385787963867,-16.5,11.5,0.05261421203613281,1,1,1
college-of-charleston_vs_hofstra_20230128,2023-01-28,college-of-charleston,Hofstra,2023,-4.0,8.909087,12.909087181091309,-9.0,-13.0,-0.0909128189086914,0,0,1
college-of-charleston_vs_unc wilmington_20230208,2023-02-08,college-of-charleston,UNC Wilmington,2023,32.0,9.540396,22.459604263305664,-9.5,22.5,0.04039573669433594,1,1,1
college-of-charleston_vs_northeastern_20230213,2023-02-13,college-of-charleston,Northeastern,2023,36.0,15.45067,20.54932975769043,-15.5,20.5,-0.04932975769042969,0,1,0
college-of-charleston_vs_towson_20230223,2023-02-23,college-of-charleston,Towson,2023,8.0,9.160475,1.1604747772216797,-9.5,-1.5,-0.3395252227783203,0,0,1
college-of-charleston_vs_stony brook_20230225,2023-02-25,college-of-charleston,Stony Brook,2023,40.0,20.605644,19.39435577392578,-19.5,20.5,1.1056442260742188,1,1,1
college-of-charleston_vs_stony brook_20230305,2023-03-05,college-of-charleston,Stony Brook,2023,22.0,20.923485,1.0765151977539062,-19.5,2.5,1.4234848022460938,1,1,1
college-of-charleston_vs_towson_20230306,2023-03-06,college-of-charleston,Towson,2023,5.0,3.696302,1.3036980628967285,-4.5,0.5,-0.8036980628967285,0,1,0
college-of-charleston_vs_unc wilmington_20230307,2023-03-07,college-of-charleston,UNC Wilmington,2023,5.0,9.302933,4.3029327392578125,-9.5,-4.5,-0.1970672607421875,0,0,1
college-of-charleston_vs_san diego state_20230316,2023-03-16,college-of-charleston,San Diego State,2023,-6.0,-3.310502,2.689497947692871,5.5,-0.5,2.189497947692871,1,0,0
colorado_vs_massachusetts_20221117,2022-11-17,colorado,Massachusetts,2023,-3.0,5.134598,8.134597778320312,-5.5,-8.5,-0.3654022216796875,0,0,1
colorado_vs_texas a&m_20221118,2022-11-18,colorado,Texas A&M,2023,28.0,-1.9842608,29.98426079750061,6.0,34.0,4.01573920249939,1,1,1
colorado_vs_yale_20221127,2022-11-27,colorado,Yale,2023,3.0,10.210906,7.210906028747559,-9.5,-6.5,0.7109060287475586,1,0,0
colorado_vs_arizona state_20221201,2022-12-01,colorado,Arizona State,2023,-1.0,4.183127,5.183126926422119,-5.5,-6.5,-1.3168730735778809,0,0,1
colorado_vs_colorado state_20221208,2022-12-08,colorado,Colorado State,2023,28.0,5.0559697,22.944030284881592,-4.0,24.0,1.0559697151184082,1,1,1
colorado_vs_north alabama_20221215,2022-12-15,colorado,North Alabama,2023,24.0,20.363518,3.6364822387695312,-21.5,2.5,-1.1364822387695312,0,1,0
colorado_vs_northern colorado_20221218,2022-12-18,colorado,Northern Colorado,2023,11.0,14.014307,3.0143070220947266,-15.5,-4.5,-1.4856929779052734,0,0,1
colorado_vs_southern utah_20221221,2022-12-21,colorado,Southern Utah,2023,8.0,12.096375,4.096375465393066,-12.0,-4.0,0.0963754653930664,1,0,0
colorado_vs_oregon_20230105,2023-01-05,colorado,Oregon,2023,27.0,1.5679008,25.432099223136902,-2.5,24.5,-0.9320992231369019,0,1,0
colorado_vs_oregon state_20230107,2023-01-07,colorado,Oregon State,2023,20.0,13.253856,6.7461442947387695,-14.0,6.0,-0.7461442947387695,0,1,0
colorado_vs_washington_20230119,2023-01-19,colorado,Washington,2023,-3.0,9.03629,12.036290168762207,-9.0,-12.0,0.03629016876220703,1,0,0
colorado_vs_washington state_20230122,2023-01-22,colorado,Washington State,2023,3.0,3.7513027,0.7513027191162109,-5.5,-2.5,-1.748697280883789,0,0,1
colorado_vs_california_20230202,2023-02-02,colorado,California,2023,13.0,15.265206,2.2652063369750977,-16.0,-3.0,-0.7347936630249023,0,0,1
colorado_vs_stanford_20230205,2023-02-05,colorado,Stanford,2023,22.0,4.656752,17.343247890472412,-5.0,17.0,-0.3432478904724121,0,1,0
colorado_vs_southern california_20230223,2023-02-23,colorado,Southern California,2023,-19.0,1.8075672,20.807567238807678,-2.5,-21.5,-0.6924327611923218,0,0,1
colorado_vs_ucla_20230226,2023-02-26,colorado,UCLA,2023,-4.0,-7.4549775,3.454977512359619,7.0,3.0,-0.45497751235961914,0,1,0
colorado_vs_utah_20230304,2023-03-04,colorado,Utah,2023,9.0,4.129788,4.870212078094482,-4.0,5.0,0.12978792190551758,1,1,1
colorado_vs_washington_20230308,2023-03-08,colorado,Washington,2023,6.0,2.581439,3.4185609817504883,-2.5,3.5,0.08143901824951172,1,1,1
colorado_vs_ucla_20230309,2023-03-09,colorado,UCLA,2023,-11.0,-7.404307,3.5956931114196777,9.0,-2.0,1.5956931114196777,1,0,0
colorado_vs_seton hall_20230314,2023-03-14,colorado,Seton Hall,2023,1.0,2.7576697,1.7576696872711182,-4.0,-3.0,-1.2423303127288818,0,0,1
colorado_vs_utah valley_20230319,2023-03-19,colorado,Utah Valley,2023,-12.0,4.477824,16.477824211120605,-4.5,-16.5,-0.02217578887939453,0,0,1
colorado-state_vs_weber state_20221114,2022-11-14,colorado-state,Weber State,2023,25.0,9.987047,15.01295280456543,-8.5,16.5,1.4870471954345703,1,1,1
colorado-state_vs_south carolina_20221117,2022-11-17,colorado-state,South Carolina,2023,32.0,-0.18388973,32.18388973176479,-1.0,31.0,-1.1838897317647934,0,1,0
colorado-state_vs_penn state_20221120,2022-11-20,colorado-state,Penn State,2023,-12.0,-2.9815512,9.018448829650879,4.5,-7.5,1.518448829650879,1,0,0
colorado-state_vs_mississippi valley state_20221126,2022-11-26,colorado-state,Mississippi Valley State,2023,43.0,23.796364,19.203636169433594,-26.0,17.0,-2.2036361694335938,0,1,0
colorado-state_vs_loyola marymount_20221130,2022-11-30,colorado-state,Loyola Marymount,2023,16.0,7.903173,8.096827030181885,-7.5,8.5,0.40317296981811523,1,1,1
colorado-state_vs_northern colorado_20221203,2022-12-03,colorado-state,Northern Colorado,2023,-5.0,15.69986,20.699859619140625,-15.5,-20.5,0.199859619140625,1,0,0
colorado-state_vs_southern california_20221221,2022-12-21,colorado-state,Southern California,2023,-9.0,-2.1822302,6.817769765853882,3.0,-6.0,0.8177697658538818,1,0,0
colorado-state_vs_san jose state_20221231,2022-12-31,colorado-state,San Jose State,2023,-8.0,8.983491,16.98349094390869,-9.0,-17.0,-0.016509056091308594,0,0,1
colorado-state_vs_fresno state_20230107,2023-01-07,colorado-state,Fresno State,2023,22.0,6.172662,15.827338218688965,-6.5,15.5,-0.32733821868896484,0,1,0
colorado-state_vs_air force_20230110,2023-01-10,colorado-state,Air Force,2023,-11.0,10.259826,21.259825706481934,-9.5,-20.5,0.7598257064819336,1,0,0
colorado-state_vs_san diego state_20230118,2023-01-18,colorado-state,San Diego State,2023,-6.0,-4.248629,1.751370906829834,4.5,-1.5,0.251370906829834,1,0,0
colorado-state_vs_unlv_20230131,2023-01-31,colorado-state,UNLV,2023,-12.0,1.8681774,13.86817741394043,-2.5,-14.5,-0.6318225860595703,0,0,1
colorado-state_vs_utah state_20230204,2023-02-04,colorado-state,Utah State,2023,-9.0,-3.4930384,5.5069615840911865,4.5,-4.5,1.0069615840911865,1,0,0
colorado-state_vs_boise state_20230215,2023-02-15,colorado-state,Boise State,2023,-2.0,-1.0100878,0.9899121522903442,3.0,1.0,1.9899121522903442,1,1,1
colorado-state_vs_wyoming_20230224,2023-02-24,colorado-state,Wyoming,2023,13.0,7.1892834,5.81071662902832,-7.0,6.0,0.1892833709716797,1,1,1
colorado-state_vs_new mexico_20230303,2023-03-03,colorado-state,New Mexico,2023,8.0,-1.3796617,9.379661679267883,2.5,10.5,1.1203383207321167,1,1,1
colorado-state_vs_fresno state_20230308,2023-03-08,colorado-state,Fresno State,2023,2.0,1.6716585,0.3283414840698242,-3.5,-1.5,-1.8283414840698242,0,0,1
colorado-state_vs_san diego state_20230309,2023-03-09,colorado-state,San Diego State,2023,-3.0,-7.4450474,4.445047378540039,9.5,6.5,2.054952621459961,1,1,1
columbia_vs_delaware state_20221116,2022-11-16,columbia,Delaware State,2023,5.0,9.416372,4.416372299194336,-7.5,-2.5,1.916372299194336,1,0,0
columbia_vs_new hampshire_20221203,2022-12-03,columbia,New Hampshire,2023,4.0,-1.3876401,5.387640118598938,1.5,5.5,0.11235988140106201,1,1,1
columbia_vs_umbc_20221206,2022-12-06,columbia,UMBC,2023,-7.0,-4.8142514,2.18574857711792,8.0,1.0,3.18574857711792,1,1,1
columbia_vs_fairleigh dickinson_20221209,2022-12-09,columbia,Fairleigh Dickinson,2023,-3.0,0.9140834,3.914083421230316,1.0,-2.0,1.9140834212303162,1,0,0
columbia_vs_maryland eastern shore_20221228,2022-12-28,columbia,Maryland Eastern Shore,2023,-7.0,0.5806596,7.580659627914429,1.0,-6.0,1.5806596279144287,1,0,0
columbia_vs_yale_20221231,2022-12-31,columbia,Yale,2023,2.0,-13.993727,15.99372673034668,14.5,16.5,0.5062732696533203,1,1,1
columbia_vs_princeton_20230106,2023-01-06,columbia,Princeton,2023,-19.0,-10.71698,8.28302001953125,11.5,-7.5,0.78302001953125,1,0,0
columbia_vs_pennsylvania_20230107,2023-01-07,columbia,Pennsylvania,2023,-29.0,-6.8279524,22.17204761505127,9.0,-20.0,2.1720476150512695,1,0,0
columbia_vs_cornell_20230116,2023-01-16,columbia,Cornell,2023,-17.0,-12.57552,4.424480438232422,13.0,-4.0,0.4244804382324219,1,0,0
columbia_vs_harvard_20230217,2023-02-17,columbia,Harvard,2023,-18.0,-9.741474,8.258525848388672,10.5,-7.5,0.7585258483886719,1,0,0
columbia_vs_dartmouth_20230218,2023-02-18,columbia,Dartmouth,2023,6.0,-3.6220284,9.622028350830078,5.0,11.0,1.3779716491699219,1,1,1
columbia_vs_brown_20230225,2023-02-25,columbia,Brown,2023,-11.0,-8.803826,2.196173667907715,9.5,-1.5,0.6961736679077148,1,0,0
connecticut_vs_boston university_20221111,2022-11-11,connecticut,Boston University,2023,29.0,19.13879,9.861209869384766,-19.0,10.0,0.13879013061523438,1,1,1
connecticut_vs_buffalo_20221115,2022-11-15,connecticut,Buffalo,2023,20.0,20.972233,0.9722328186035156,-20.0,0.0,0.9722328186035156,1,0,0
connecticut_vs_unc wilmington_20221118,2022-11-18,connecticut,UNC Wilmington,2023,36.0,19.095129,16.904870986938477,-18.5,17.5,0.5951290130615234,1,1,1
connecticut_vs_delaware state_20221120,2022-11-20,connecticut,Delaware State,2023,35.0,33.535088,1.4649124145507812,-33.0,2.0,0.5350875854492188,1,1,1
connecticut_vs_oregon_20221124,2022-11-24,connecticut,Oregon,2023,24.0,1.0352172,22.96478283405304,-3.5,20.5,-2.4647828340530396,0,1,0
connecticut_vs_iowa state_20221127,2022-11-27,connecticut,Iowa State,2023,18.0,5.1736,12.826399803161621,-5.5,12.5,-0.3263998031616211,0,1,0
connecticut_vs_oklahoma state_20221201,2022-12-01,connecticut,Oklahoma State,2023,10.0,8.578181,1.421818733215332,-9.0,1.0,-0.42181873321533203,0,1,0
connecticut_vs_liu_20221210,2022-12-10,connecticut,LIU,2023,53.0,36.64845,16.351551055908203,-39.5,13.5,-2.851551055908203,0,1,0
connecticut_vs_georgetown_20221220,2022-12-20,connecticut,Georgetown,2023,11.0,21.570772,10.570772171020508,-22.0,-11.0,-0.4292278289794922,0,0,1
connecticut_vs_villanova_20221228,2022-12-28,connecticut,Villanova,2023,8.0,12.46348,4.463479995727539,-12.5,-4.5,-0.03652000427246094,0,0,1
connecticut_vs_creighton_20230107,2023-01-07,connecticut,Creighton,2023,9.0,7.2301855,1.7698144912719727,-7.5,1.5,-0.26981449127197266,0,1,0
connecticut_vs_st. john's (ny)_20230115,2023-01-15,connecticut,St. John's (NY),2023,-11.0,14.3688345,25.368834495544434,-14.5,-25.5,-0.1311655044555664,0,0,1
connecticut_vs_butler_20230122,2023-01-22,connecticut,Butler,2023,30.0,15.560243,14.439757347106934,-16.0,14.0,-0.4397573471069336,0,1,0
connecticut_vs_xavier_20230125,2023-01-25,connecticut,Xavier,2023,-3.0,7.5653634,10.56536340713501,-6.0,-9.0,1.5653634071350098,1,0,0
connecticut_vs_marquette_20230207,2023-02-07,connecticut,Marquette,2023,15.0,5.7985296,9.201470375061035,-5.0,10.0,0.7985296249389648,1,1,1
connecticut_vs_seton hall_20230218,2023-02-18,connecticut,Seton Hall,2023,9.0,12.042987,3.0429868698120117,-11.5,-2.5,0.5429868698120117,1,0,0
connecticut_vs_providence_20230222,2023-02-22,connecticut,Providence,2023,18.0,8.506897,9.49310302734375,-7.5,10.5,1.00689697265625,1,1,1
connecticut_vs_depaul_20230301,2023-03-01,connecticut,DePaul,2023,29.0,19.917814,9.082185745239258,-17.5,11.5,2.417814254760742,1,1,1
connecticut_vs_providence_20230309,2023-03-09,connecticut,Providence,2023,7.0,7.125005,0.12500476837158203,-6.0,1.0,1.125004768371582,1,1,1
connecticut_vs_marquette_20230310,2023-03-10,connecticut,Marquette,2023,-2.0,4.73962,6.739620208740234,-4.0,-6.0,0.7396202087402344,1,0,0
connecticut_vs_iona_20230317,2023-03-17,connecticut,Iona,2023,24.0,10.466487,13.533513069152832,-9.5,14.5,0.966486930847168,1,1,1
connecticut_vs_gonzaga_20230325,2023-03-25,connecticut,Gonzaga,2023,28.0,2.455713,25.544286966323853,-2.5,25.5,-0.04428696632385254,0,1,0
connecticut_vs_miami (fl)_20230401,2023-04-01,connecticut,Miami (FL),2023,13.0,8.266937,4.733062744140625,-5.5,7.5,2.766937255859375,1,1,1
connecticut_vs_san diego state_20230403,2023-04-03,connecticut,San Diego State,2023,17.0,6.283746,10.716254234313965,-7.0,10.0,-0.7162542343139648,0,1,0
coppin-state_vs_georgetown_20221108,2022-11-08,coppin-state,Georgetown,2023,-10.0,-15.234547,5.234546661376953,18.5,8.5,3.265453338623047,1,1,1
coppin-state_vs_mount st. mary's_20221111,2022-11-11,coppin-state,Mount St. Mary's,2023,5.0,0.48969546,4.510304540395737,-1.0,4.0,-0.5103045403957367,0,1,0
coppin-state_vs_navy_20221114,2022-11-14,coppin-state,Navy,2023,7.0,-1.5910473,8.591047286987305,2.0,9.0,0.4089527130126953,1,1,1
coppin-state_vs_james madison_20221221,2022-12-21,coppin-state,James Madison,2023,7.0,-18.284409,25.284408569335938,16.5,23.5,-1.7844085693359375,0,1,0
coppin-state_vs_south carolina state_20230107,2023-01-07,coppin-state,South Carolina State,2023,12.0,6.955479,5.044520854949951,-7.5,4.5,-0.5445208549499512,0,1,0
coppin-state_vs_north carolina central_20230109,2023-01-09,coppin-state,North Carolina Central,2023,-5.0,-2.6709359,2.329064130783081,2.5,-2.5,-0.17093586921691895,0,0,1
coppin-state_vs_morgan state_20230114,2023-01-14,coppin-state,Morgan State,2023,-17.0,-1.2105597,15.789440274238586,-1.0,-18.0,-2.2105597257614136,0,0,1
coppin-state_vs_norfolk state_20230121,2023-01-21,coppin-state,Norfolk State,2023,-31.0,-4.744852,26.25514793395996,4.5,-26.5,-0.24485206604003906,0,0,1
coppin-state_vs_delaware state_20230130,2023-01-30,coppin-state,Delaware State,2023,-5.0,5.4118156,10.411815643310547,-6.5,-11.5,-1.0881843566894531,0,0,1
coppin-state_vs_howard_20230218,2023-02-18,coppin-state,Howard,2023,-10.0,-5.1001496,4.899850368499756,7.0,-3.0,1.8998503684997559,1,0,0
coppin-state_vs_maryland eastern shore_20230225,2023-02-25,coppin-state,Maryland Eastern Shore,2023,-21.0,-1.9663346,19.033665418624878,2.0,-19.0,0.03366541862487793,1,0,0
coppin-state_vs_norfolk state_20230309,2023-03-09,coppin-state,Norfolk State,2023,-17.0,-10.835858,6.164141654968262,10.5,-6.5,-0.3358583450317383,0,0,1
cornell_vs_canisius_20221122,2022-11-22,cornell,Canisius,2023,9.0,6.717862,2.282137870788574,-6.5,2.5,0.21786212921142578,1,1,1
cornell_vs_lafayette_20221204,2022-12-04,cornell,Lafayette,2023,5.0,6.9502707,1.950270652770996,-9.0,-4.0,-2.049729347229004,0,0,1
cornell_vs_lehigh_20221220,2022-12-20,cornell,Lehigh,2023,32.0,10.04412,21.955880165100098,-11.0,21.0,-0.9558801651000977,0,1,0
cornell_vs_binghamton_20221229,2022-12-29,cornell,Binghamton,2023,16.0,14.093775,1.9062252044677734,-13.5,2.5,0.5937747955322266,1,1,1
cornell_vs_pennsylvania_20230106,2023-01-06,cornell,Pennsylvania,2023,19.0,0.37219164,18.62780836224556,-3.5,15.5,-3.1278083622455597,0,1,0
cornell_vs_princeton_20230107,2023-01-07,cornell,Princeton,2023,-7.0,0.89720076,7.897200763225555,-3.0,-10.0,-2.1027992367744446,0,0,1
cornell_vs_yale_20230113,2023-01-13,cornell,Yale,2023,12.0,0.5111447,11.488855302333832,1.0,13.0,1.5111446976661682,1,1,1
cornell_vs_brown_20230128,2023-01-28,cornell,Brown,2023,7.0,6.733915,0.266085147857666,-7.5,-0.5,-0.766085147857666,0,0,1
cornell_vs_dartmouth_20230217,2023-02-17,cornell,Dartmouth,2023,12.0,7.821373,4.178627014160156,-9.5,2.5,-1.6786270141601562,0,1,0
cornell_vs_harvard_20230218,2023-02-18,cornell,Harvard,2023,-17.0,4.6558123,21.65581226348877,-5.5,-22.5,-0.8441877365112305,0,0,1
cornell_vs_columbia_20230304,2023-03-04,cornell,Columbia,2023,14.0,19.891346,5.891345977783203,-17.0,-3.0,2.891345977783203,1,0,0
cornell_vs_yale_20230311,2023-03-11,cornell,Yale,2023,-20.0,-4.9792385,15.020761489868164,6.0,-14.0,1.020761489868164,1,0,0
creighton_vs_north dakota_20221110,2022-11-10,creighton,North Dakota,2023,35.0,27.508404,7.491596221923828,-30.5,4.5,-2.991596221923828,0,1,0
creighton_vs_holy cross_20221114,2022-11-14,creighton,Holy Cross,2023,29.0,22.909395,6.090604782104492,-30.0,-1.0,-7.090604782104492,0,0,1
creighton_vs_uc riverside_20221117,2022-11-17,creighton,UC Riverside,2023,29.0,19.55035,9.449649810791016,-18.5,10.5,1.0503501892089844,1,1,1
creighton_vs_texas tech_20221121,2022-11-21,creighton,Texas Tech,2023,11.0,0.19408914,10.805910855531693,-3.0,8.0,-2.8059108555316925,0,1,0
creighton_vs_nebraska_20221204,2022-12-04,creighton,Nebraska,2023,-10.0,12.455809,22.455808639526367,-14.5,-24.5,-2.044191360473633,0,0,1
creighton_vs_butler_20221222,2022-12-22,creighton,Butler,2023,22.0,7.0063314,14.993668556213379,-8.0,14.0,-0.9936685562133789,0,1,0
creighton_vs_depaul_20221225,2022-12-25,creighton,DePaul,2023,15.0,14.55241,0.4475898742675781,-15.5,-0.5,-0.9475898742675781,0,0,1
creighton_vs_seton hall_20230103,2023-01-03,creighton,Seton Hall,2023,22.0,6.6703477,15.329652309417725,-8.5,13.5,-1.8296523094177246,0,1,0
creighton_vs_providence_20230114,2023-01-14,creighton,Providence,2023,6.0,5.7628384,0.23716163635253906,-7.5,-1.5,-1.737161636352539,0,0,1
creighton_vs_st. john's (ny)_20230125,2023-01-25,creighton,St. John's (NY),2023,28.0,9.352374,18.64762592315674,-10.5,17.5,-1.1476259231567383,0,1,0
creighton_vs_xavier_20230128,2023-01-28,creighton,Xavier,2023,17.0,5.663221,11.336779117584229,-6.0,11.0,-0.3367791175842285,0,1,0
creighton_vs_villanova_20230204,2023-02-04,creighton,Villanova,2023,5.0,8.02499,3.0249900817871094,-9.5,-4.5,-1.4750099182128906,0,0,1
creighton_vs_connecticut_20230211,2023-02-11,creighton,Connecticut,2023,3.0,3.1953344,0.19533443450927734,-4.5,-1.5,-1.3046655654907227,0,0,1
creighton_vs_marquette_20230221,2023-02-21,creighton,Marquette,2023,-2.0,5.7929487,7.7929487228393555,-6.0,-8.0,-0.20705127716064453,0,0,1
creighton_vs_georgetown_20230301,2023-03-01,creighton,Georgetown,2023,40.0,19.29949,20.700510025024414,-18.0,22.0,1.299489974975586,1,1,1
creighton_vs_villanova_20230309,2023-03-09,creighton,Villanova,2023,13.0,2.4180613,10.581938743591309,-4.5,8.5,-2.0819387435913086,0,1,0
creighton_vs_xavier_20230310,2023-03-10,creighton,Xavier,2023,-22.0,1.4480579,23.448057889938354,-3.5,-25.5,-2.0519421100616455,0,0,1
creighton_vs_nc state_20230317,2023-03-17,creighton,NC State,2023,9.0,5.1088653,3.891134738922119,-5.5,3.5,-0.39113473892211914,0,1,0
creighton_vs_princeton_20230324,2023-03-24,creighton,Princeton,2023,11.0,7.837175,3.162825107574463,-10.0,1.0,-2.162825107574463,0,1,0
creighton_vs_san diego state_20230326,2023-03-26,creighton,San Diego State,2023,-1.0,2.0544941,3.0544941425323486,-2.5,-3.5,-0.44550585746765137,0,0,1
dartmouth_vs_incarnate word_20221125,2022-11-25,dartmouth,Incarnate Word,2023,-5.0,7.432096,12.432096004486084,-6.5,-11.5,0.932096004486084,1,0,0
dartmouth_vs_cal state bakersfield_20221203,2022-12-03,dartmouth,Cal State Bakersfield,2023,25.0,2.197469,22.802531003952026,-1.0,24.0,1.1974689960479736,1,1,1
dartmouth_vs_vermont_20221206,2022-12-06,dartmouth,Vermont,2023,-16.0,-2.87416,13.125839948654175,5.0,-11.0,2.125839948654175,1,0,0
dartmouth_vs_cornell_20230101,2023-01-01,dartmouth,Cornell,2023,-11.0,-7.482399,3.5176010131835938,8.0,-3.0,0.5176010131835938,1,0,0
dartmouth_vs_pennsylvania_20230114,2023-01-14,dartmouth,Pennsylvania,2023,4.0,-4.817908,8.817907810211182,6.0,10.0,1.1820921897888184,1,1,1
dartmouth_vs_columbia_20230128,2023-01-28,dartmouth,Columbia,2023,10.0,9.106515,0.8934850692749023,-8.5,1.5,0.6065149307250977,1,1,1
dartmouth_vs_brown_20230203,2023-02-03,dartmouth,Brown,2023,-12.0,-0.79415655,11.205843448638916,1.5,-10.5,0.705843448638916,1,0,0
dartmouth_vs_yale_20230204,2023-02-04,dartmouth,Yale,2023,-19.0,-8.269067,10.73093318939209,8.5,-10.5,0.23093318939208984,1,0,0
dartmouth_vs_princeton_20230211,2023-02-11,dartmouth,Princeton,2023,7.0,-6.953411,13.953411102294922,7.5,14.5,0.5465888977050781,1,1,1
dartmouth_vs_harvard_20230304,2023-03-04,dartmouth,Harvard,2023,5.0,-3.8574622,8.857462167739868,4.0,9.0,0.14253783226013184,1,1,1
davidson_vs_vmi_20221113,2022-11-13,davidson,VMI,2023,4.0,21.969995,17.969995498657227,-21.5,-17.5,0.46999549865722656,1,0,0
davidson_vs_south carolina_20221118,2022-11-18,davidson,South Carolina,2023,9.0,0.713186,8.286813974380493,-1.5,7.5,-0.7868139743804932,0,1,0
davidson_vs_old dominion_20221120,2022-11-20,davidson,Old Dominion,2023,5.0,2.604549,2.395451068878174,-3.5,1.5,-0.8954510688781738,0,1,0
davidson_vs_san francisco_20221125,2022-11-25,davidson,San Francisco,2023,9.0,1.3248979,7.675102114677429,-2.5,6.5,-1.1751021146774292,0,1,0
davidson_vs_charlotte_20221129,2022-11-29,davidson,Charlotte,2023,-2.0,3.9048882,5.904888153076172,-4.0,-6.0,-0.09511184692382812,0,0,1
davidson_vs_western carolina_20221207,2022-12-07,davidson,Western Carolina,2023,8.0,13.722061,5.7220611572265625,-15.5,-7.5,-1.7779388427734375,0,0,1
davidson_vs_purdue_20221217,2022-12-17,davidson,Purdue,2023,-8.0,-12.971741,4.97174072265625,14.5,6.5,1.52825927734375,1,1,1
davidson_vs_northeastern_20221221,2022-12-21,davidson,Northeastern,2023,-3.0,8.512542,11.512541770935059,-9.5,-12.5,-0.9874582290649414,0,0,1
davidson_vs_dayton_20221231,2022-12-31,davidson,Dayton,2023,-14.0,-2.591808,11.408191919326782,4.0,-10.0,1.4081919193267822,1,0,0
davidson_vs_loyola chicago_20230104,2023-01-04,davidson,Loyola Chicago,2023,23.0,3.0461888,19.953811168670654,-4.0,19.0,-0.9538111686706543,0,1,0
davidson_vs_richmond_20230111,2023-01-11,davidson,Richmond,2023,-4.0,0.8962632,4.8962631821632385,-2.5,-6.5,-1.6037368178367615,0,0,1
davidson_vs_saint louis_20230127,2023-01-27,davidson,Saint Louis,2023,-4.0,-1.6429932,2.357006788253784,2.5,-1.5,0.8570067882537842,1,0,0
davidson_vs_vcu_20230131,2023-01-31,davidson,VCU,2023,-2.0,-1.2655745,0.7344255447387695,4.0,2.0,2.7344255447387695,1,1,1
davidson_vs_fordham_20230211,2023-02-11,davidson,Fordham,2023,-2.0,4.882635,6.882635116577148,-5.5,-7.5,-0.6173648834228516,0,0,1
davidson_vs_saint joseph's_20230218,2023-02-18,davidson,Saint Joseph's,2023,1.0,5.626085,4.626084804534912,-6.5,-5.5,-0.8739151954650879,0,0,1
davidson_vs_st. bonaventure_20230222,2023-02-22,davidson,St. Bonaventure,2023,13.0,5.418795,7.581204891204834,-6.0,7.0,-0.581204891204834,0,1,0
davidson_vs_george washington_20230301,2023-03-01,davidson,George Washington,2023,-5.0,8.627873,13.627873420715332,-8.0,-13.0,0.627873420715332,1,0,0
davidson_vs_st. bonaventure_20230308,2023-03-08,davidson,St. Bonaventure,2023,11.0,2.5054755,8.494524478912354,-3.0,8.0,-0.4945244789123535,0,1,0
davidson_vs_vcu_20230309,2023-03-09,davidson,VCU,2023,-18.0,-6.22904,11.770959854125977,7.5,-10.5,1.2709598541259766,1,0,0
dayton_vs_smu_20221111,2022-11-11,dayton,SMU,2023,12.0,12.314238,0.3142375946044922,-11.0,1.0,1.3142375946044922,1,1,1
dayton_vs_robert morris_20221119,2022-11-19,dayton,Robert Morris,2023,9.0,17.43313,8.433130264282227,-21.0,-12.0,-3.5668697357177734,0,0,1
dayton_vs_wisconsin_20221123,2022-11-23,dayton,Wisconsin,2023,-1.0,1.3734488,2.3734488487243652,-2.0,-3.0,-0.6265511512756348,0,0,1
dayton_vs_nc state_20221124,2022-11-24,dayton,NC State,2023,-12.0,1.9929752,13.992975234985352,-3.0,-15.0,-1.0070247650146484,0,0,1
dayton_vs_southeastern louisiana_20221203,2022-12-03,dayton,Southeastern Louisiana,2023,6.0,15.41654,9.416540145874023,-18.0,-12.0,-2.5834598541259766,0,0,1
dayton_vs_unc asheville_20221210,2022-12-10,dayton,UNC Asheville,2023,23.0,10.737324,12.262676239013672,-10.5,12.5,0.23732376098632812,1,1,1
dayton_vs_wyoming_20221217,2022-12-17,dayton,Wyoming,2023,17.0,2.5662699,14.433730125427246,-2.5,14.5,0.0662698745727539,1,1,1
dayton_vs_alcorn state_20221220,2022-12-20,dayton,Alcorn State,2023,42.0,16.98401,25.015989303588867,-19.5,22.5,-2.515989303588867,0,1,0
dayton_vs_duquesne_20221228,2022-12-28,dayton,Duquesne,2023,12.0,8.43005,3.5699501037597656,-8.5,3.5,-0.06995010375976562,0,1,0
dayton_vs_saint joseph's_20230104,2023-01-04,dayton,Saint Joseph's,2023,20.0,11.858281,8.141718864440918,-14.0,6.0,-2.141718864440918,0,1,0
dayton_vs_vcu_20230113,2023-01-13,dayton,VCU,2023,-1.0,6.087348,7.087347984313965,-7.0,-8.0,-0.9126520156860352,0,0,1
dayton_vs_davidson_20230117,2023-01-17,dayton,Davidson,2023,7.0,9.837905,2.837904930114746,-11.0,-4.0,-1.162095069885254,0,0,1
dayton_vs_richmond_20230128,2023-01-28,dayton,Richmond,2023,26.0,9.283854,16.71614646911621,-9.0,17.0,0.28385353088378906,1,1,1
dayton_vs_loyola chicago_20230131,2023-01-31,dayton,Loyola Chicago,2023,4.0,12.112252,8.112252235412598,-14.0,-10.0,-1.8877477645874023,0,0,1
dayton_vs_saint louis_20230210,2023-02-10,dayton,Saint Louis,2023,14.0,5.6816545,8.318345546722412,-5.0,9.0,0.6816544532775879,1,1,1
dayton_vs_george mason_20230225,2023-02-25,dayton,George Mason,2023,-5.0,9.665754,14.665754318237305,-11.0,-16.0,-1.3342456817626953,0,0,1
dayton_vs_la salle_20230228,2023-02-28,dayton,La Salle,2023,24.0,12.571064,11.428936004638672,-14.0,10.0,-1.4289360046386719,0,1,0
dayton_vs_saint joseph's_20230309,2023-03-09,dayton,Saint Joseph's,2023,6.0,9.177981,3.177981376647949,-10.5,-4.5,-1.3220186233520508,0,0,1
dayton_vs_fordham_20230311,2023-03-11,dayton,Fordham,2023,10.0,6.2002687,3.7997312545776367,-6.5,3.5,-0.2997312545776367,0,1,0
dayton_vs_vcu_20230312,2023-03-12,dayton,VCU,2023,-12.0,-1.3335761,10.666423916816711,2.5,-9.5,1.1664239168167114,1,0,0
delaware_vs_cornell_20221201,2022-12-01,delaware,Cornell,2023,-7.0,6.033961,13.033960819244385,-4.5,-11.5,1.5339608192443848,1,0,0
delaware_vs_davidson_20221203,2022-12-03,delaware,Davidson,2023,2.0,-3.7233772,5.723377227783203,3.5,5.5,-0.22337722778320312,0,1,0
delaware_vs_delaware state_20221207,2022-12-07,delaware,Delaware State,2023,8.0,18.781815,10.781814575195312,-19.0,-11.0,-0.2181854248046875,0,0,1
delaware_vs_siena_20221211,2022-12-11,delaware,Siena,2023,11.0,3.8558524,7.144147634506226,-4.0,7.0,-0.14414763450622559,0,1,0
delaware_vs_ohio_20221221,2022-12-21,delaware,Ohio,2023,-19.0,1.7468388,20.746838808059692,-2.5,-21.5,-0.7531611919403076,0,0,1
delaware_vs_hofstra_20221229,2022-12-29,delaware,Hofstra,2023,-14.0,0.49944946,14.499449461698532,-1.5,-15.5,-1.000550538301468,0,0,1
delaware_vs_elon_20221231,2022-12-31,delaware,Elon,2023,5.0,11.6400385,6.64003849029541,-12.5,-7.5,-0.8599615097045898,0,0,1
delaware_vs_towson_20230111,2023-01-11,delaware,Towson,2023,13.0,-1.1674516,14.167451620101929,2.5,15.5,1.3325483798980713,1,1,1
delaware_vs_william & mary_20230119,2023-01-19,delaware,William & Mary,2023,27.0,5.8740535,21.125946521759033,-6.0,21.0,-0.1259465217590332,0,1,0
delaware_vs_northeastern_20230128,2023-01-28,delaware,Northeastern,2023,3.0,5.7654686,2.7654685974121094,-6.0,-3.0,-0.23453140258789062,0,0,1
delaware_vs_college of charleston_20230204,2023-02-04,delaware,College of Charleston,2023,-17.0,-5.959331,11.040668964385986,7.0,-10.0,1.0406689643859863,1,0,0
delaware_vs_drexel_20230208,2023-02-08,delaware,Drexel,2023,-4.0,2.2629273,6.262927293777466,-3.5,-7.5,-1.2370727062225342,0,0,1
delaware_vs_stony brook_20230213,2023-02-13,delaware,Stony Brook,2023,11.0,9.25908,1.740920066833496,-8.5,2.5,0.7590799331665039,1,1,1
delaware_vs_unc wilmington_20230218,2023-02-18,delaware,UNC Wilmington,2023,9.0,0.24252558,8.757474422454834,-1.5,7.5,-1.257474422454834,0,1,0
delaware_vs_northeastern_20230304,2023-03-04,delaware,Northeastern,2023,3.0,4.9837923,1.9837923049926758,-5.0,-2.0,-0.01620769500732422,0,0,1
delaware_vs_towson_20230305,2023-03-05,delaware,Towson,2023,-26.0,-5.3542705,20.645729541778564,6.0,-20.0,0.6457295417785645,1,0,0
delaware-state_vs_longwood_20221203,2022-12-03,delaware-state,Longwood,2023,-26.0,-13.107096,12.892904281616211,15.5,-10.5,2.392904281616211,1,0,0
delaware-state_vs_wagner_20221220,2022-12-20,delaware-state,Wagner,2023,-7.0,-10.959894,3.9598941802978516,10.5,3.5,-0.45989418029785156,0,1,0
delaware-state_vs_norfolk state_20230109,2023-01-09,delaware-state,Norfolk State,2023,-13.0,-11.838544,1.1614561080932617,13.5,0.5,1.6614561080932617,1,1,1
delaware-state_vs_morgan state_20230128,2023-01-28,delaware-state,Morgan State,2023,2.0,-4.0327153,6.032715320587158,4.0,6.0,-0.0327153205871582,0,1,0
delaware-state_vs_morgan state_20230204,2023-02-04,delaware-state,Morgan State,2023,-10.0,-2.8824158,7.117584228515625,3.5,-6.5,0.617584228515625,1,0,0
delaware-state_vs_chicago state_20230207,2023-02-07,delaware-state,Chicago State,2023,6.0,-3.6883657,9.688365697860718,5.0,11.0,1.3116343021392822,1,1,1
delaware-state_vs_howard_20230211,2023-02-11,delaware-state,Howard,2023,-1.0,-7.0027843,6.002784252166748,9.5,8.5,2.497215747833252,1,1,1
delaware-state_vs_north carolina central_20230218,2023-02-18,delaware-state,North Carolina Central,2023,-8.0,-7.0469685,0.9530315399169922,9.0,1.0,1.9530315399169922,1,1,1
delaware-state_vs_south carolina state_20230220,2023-02-20,delaware-state,South Carolina State,2023,1.0,0.56791383,0.43208616971969604,-1.5,-0.5,-0.932086169719696,0,0,1
delaware-state_vs_coppin state_20230227,2023-02-27,delaware-state,Coppin State,2023,-10.0,1.3234134,11.323413372039795,-2.5,-12.5,-1.176586627960205,0,0,1
delaware-state_vs_maryland eastern shore_20230302,2023-03-02,delaware-state,Maryland Eastern Shore,2023,-6.0,-4.817481,1.1825189590454102,6.0,0.0,1.1825189590454102,1,0,0
delaware-state_vs_north carolina central_20230308,2023-03-08,delaware-state,North Carolina Central,2023,-30.0,-9.772315,20.22768497467041,11.5,-18.5,1.7276849746704102,1,0,0
denver_vs_sacramento state_20221114,2022-11-14,denver,Sacramento State,2023,-4.0,1.6116515,5.611651539802551,-1.5,-5.5,0.11165153980255127,1,0,0
denver_vs_iupui_20221123,2022-11-23,denver,IUPUI,2023,22.0,10.63646,11.363539695739746,-11.5,10.5,-0.8635396957397461,0,1,0
denver_vs_texas a&mâcommerce_20221204,2022-12-04,denver,Texas A&MâCommerce,2023,9.0,1.9090707,7.090929269790649,-2.0,7.0,-0.09092926979064941,0,1,0
denver_vs_kansas city_20221229,2022-12-29,denver,Kansas City,2023,2.0,1.5298809,0.4701191186904907,-3.0,-1.0,-1.4701191186904907,0,0,1
denver_vs_oral roberts_20221231,2022-12-31,denver,Oral Roberts,2023,-18.0,-9.490897,8.509102821350098,11.0,-7.0,1.5091028213500977,1,0,0
denver_vs_north dakota state_20230112,2023-01-12,denver,North Dakota State,2023,-20.0,0.1784803,20.17848029732704,0.0,-20.0,0.17848029732704163,1,0,0
denver_vs_north dakota_20230114,2023-01-14,denver,North Dakota,2023,7.0,3.8792658,3.120734214782715,-5.5,1.5,-1.6207342147827148,0,1,0
denver_vs_western illinois_20230202,2023-02-02,denver,Western Illinois,2023,30.0,-2.2679994,32.26799941062927,2.0,32.0,-0.26799941062927246,0,1,0
denver_vs_st. thomas_20230204,2023-02-04,denver,St. Thomas,2023,-11.0,-4.3596478,6.640352249145508,1.5,-9.5,-2.859647750854492,0,0,1
denver_vs_south dakota state_20230216,2023-02-16,denver,South Dakota State,2023,-5.0,-4.6971087,0.30289125442504883,4.0,-1.0,-0.6971087455749512,0,0,1
denver_vs_south dakota_20230218,2023-02-18,denver,South Dakota,2023,18.0,1.0437531,16.956246852874756,-2.5,15.5,-1.4562468528747559,0,1,0
denver_vs_omaha_20230225,2023-02-25,denver,Omaha,2023,11.0,6.3879886,4.612011432647705,-6.5,4.5,-0.11201143264770508,0,1,0
denver_vs_north dakota_20230303,2023-03-03,denver,North Dakota,2023,-15.0,-0.65956825,14.34043174982071,1.0,-14.0,0.34043174982070923,1,0,0
depaul_vs_western illinois_20221111,2022-11-11,depaul,Western Illinois,2023,12.0,14.643147,2.6431474685668945,-15.0,-3.0,-0.35685253143310547,0,0,1
depaul_vs_santa clara_20221118,2022-11-18,depaul,Santa Clara,2023,-8.0,3.3064342,11.306434154510498,-2.5,-10.5,0.806434154510498,1,0,0
depaul_vs_oklahoma state_20221120,2022-11-20,depaul,Oklahoma State,2023,-4.0,-5.793176,1.7931761741638184,7.0,3.0,1.2068238258361816,1,1,1
depaul_vs_texas a&m_20221125,2022-11-25,depaul,Texas A&M,2023,-16.0,-4.1888514,11.811148643493652,4.5,-11.5,0.31114864349365234,1,0,0
depaul_vs_samford_20221130,2022-11-30,depaul,Samford,2023,5.0,2.0636075,2.9363925457000732,-3.5,1.5,-1.4363925457000732,0,1,0
depaul_vs_utep_20221210,2022-12-10,depaul,UTEP,2023,21.0,5.1088395,15.891160488128662,-5.5,15.5,-0.3911604881286621,0,1,0
depaul_vs_georgetown_20221229,2022-12-29,depaul,Georgetown,2023,7.0,3.8595202,3.140479803085327,-4.0,3.0,-0.14047980308532715,0,1,0
depaul_vs_providence_20230101,2023-01-01,depaul,Providence,2023,-15.0,-4.7359266,10.264073371887207,5.5,-9.5,0.764073371887207,1,0,0
depaul_vs_villanova_20230110,2023-01-10,depaul,Villanova,2023,10.0,-5.05787,15.057869911193848,6.5,16.5,1.4421300888061523,1,1,1
depaul_vs_seton hall_20230114,2023-01-14,depaul,Seton Hall,2023,-4.0,-1.779123,2.2208770513534546,4.0,0.0,2.2208770513534546,1,0,0
depaul_vs_xavier_20230118,2023-01-18,depaul,Xavier,2023,1.0,-7.3400164,8.34001636505127,8.0,9.0,0.6599836349487305,1,1,1
depaul_vs_marquette_20230128,2023-01-28,depaul,Marquette,2023,-20.0,-11.269691,8.730308532714844,9.5,-10.5,-1.7696914672851562,0,0,1
depaul_vs_connecticut_20230131,2023-01-31,depaul,Connecticut,2023,-14.0,-11.84249,2.1575098037719727,11.0,-3.0,-0.8424901962280273,0,0,1
depaul_vs_st. john's (ny)_20230214,2023-02-14,depaul,St. John's (NY),2023,-9.0,-1.5082834,7.491716623306274,1.5,-7.5,-0.008283376693725586,0,0,1
depaul_vs_butler_20230222,2023-02-22,depaul,Butler,2023,-1.0,3.3717115,4.371711492538452,-3.0,-4.0,0.37171149253845215,1,0,0
depaul_vs_creighton_20230304,2023-03-04,depaul,Creighton,2023,-14.0,-11.518222,2.481778144836426,12.0,-2.0,0.4817781448364258,1,0,0
depaul_vs_seton hall_20230308,2023-03-08,depaul,Seton Hall,2023,1.0,-4.7747746,5.774774551391602,5.0,6.0,0.22522544860839844,1,1,1
depaul_vs_xavier_20230309,2023-03-09,depaul,Xavier,2023,-5.0,-11.372307,6.372306823730469,12.0,7.0,0.6276931762695312,1,1,1
detroit-mercy_vs_ohio_20221116,2022-11-16,detroit-mercy,Ohio,2023,14.0,-2.3547957,16.354795694351196,1.5,15.5,-0.8547956943511963,0,1,0
detroit-mercy_vs_charlotte_20221123,2022-11-23,detroit-mercy,Charlotte,2023,21.0,-0.8343207,21.834320724010468,2.0,23.0,1.1656792759895325,1,1,1
detroit-mercy_vs_green bay_20221229,2022-12-29,detroit-mercy,Green Bay,2023,17.0,14.622146,2.377854347229004,-14.5,2.5,0.1221456527709961,1,1,1
detroit-mercy_vs_milwaukee_20221231,2022-12-31,detroit-mercy,Milwaukee,2023,-3.0,6.6950445,9.69504451751709,-7.5,-10.5,-0.8049554824829102,0,0,1
detroit-mercy_vs_youngstown state_20230112,2023-01-12,detroit-mercy,Youngstown State,2023,-5.0,-3.0726798,1.9273202419281006,2.0,-3.0,-1.0726797580718994,0,0,1
detroit-mercy_vs_robert morris_20230114,2023-01-14,detroit-mercy,Robert Morris,2023,12.0,4.63062,7.369379997253418,-5.0,7.0,-0.36937999725341797,0,1,0
detroit-mercy_vs_oakland_20230123,2023-01-23,detroit-mercy,Oakland,2023,-9.0,4.8607507,13.860750675201416,-4.0,-13.0,0.860750675201416,1,0,0
detroit-mercy_vs_iupui_20230219,2023-02-19,detroit-mercy,IUPUI,2023,13.0,18.95032,5.950319290161133,-16.5,-3.5,2.450319290161133,1,0,0
detroit-mercy_vs_northern kentucky_20230223,2023-02-23,detroit-mercy,Northern Kentucky,2023,-3.0,-1.524271,1.475728988647461,1.5,-1.5,-0.024271011352539062,0,0,1
detroit-mercy_vs_wright state_20230225,2023-02-25,detroit-mercy,Wright State,2023,-11.0,2.5743735,13.574373483657837,-1.5,-12.5,1.074373483657837,1,0,0
dixie-state_vs_lindenwood_20221222,2022-12-22,dixie-state,Lindenwood,2023,31.0,13.375376,17.624624252319336,-13.5,17.5,-0.12462425231933594,0,1,0
dixie-state_vs_stephen f. austin_20230112,2023-01-12,dixie-state,Stephen F. Austin,2023,-13.0,-2.4063194,10.593680620193481,3.5,-9.5,1.0936806201934814,1,0,0
dixie-state_vs_sam houston state_20230114,2023-01-14,dixie-state,Sam Houston State,2023,-25.0,-4.8005147,20.199485301971436,6.5,-18.5,1.6994853019714355,1,0,0
dixie-state_vs_new mexico state_20230121,2023-01-21,dixie-state,New Mexico State,2023,13.0,2.4035995,10.596400499343872,-1.5,11.5,0.9035995006561279,1,1,1
dixie-state_vs_utah valley_20230202,2023-02-02,dixie-state,Utah Valley,2023,-7.0,-4.602718,2.397282123565674,4.0,-3.0,-0.6027178764343262,0,0,1
dixie-state_vs_southern utah_20230204,2023-02-04,dixie-state,Southern Utah,2023,7.0,-2.6971462,9.69714617729187,4.0,11.0,1.3028538227081299,1,1,1
dixie-state_vs_seattle_20230301,2023-03-01,dixie-state,Seattle,2023,37.0,0.91794854,36.08205145597458,-2.0,35.0,-1.0820514559745789,0,1,0
dixie-state_vs_grand canyon_20230303,2023-03-03,dixie-state,Grand Canyon,2023,-10.0,-0.06201992,9.937980078160763,0.0,-10.0,-0.06201992183923721,0,0,1
dixie-state_vs_stephen f. austin_20230307,2023-03-07,dixie-state,Stephen F. Austin,2023,4.0,-1.786652,5.786651968955994,1.5,5.5,-0.28665196895599365,0,1,0
dixie-state_vs_southern utah_20230309,2023-03-09,dixie-state,Southern Utah,2023,-1.0,-3.9850147,2.9850146770477295,5.0,4.0,1.0149853229522705,1,1,1
drake_vs_wofford_20221114,2022-11-14,drake,Wofford,2023,8.0,19.289474,11.289474487304688,-13.0,-5.0,6.2894744873046875,1,0,0
drake_vs_wyoming_20221120,2022-11-20,drake,Wyoming,2023,5.0,5.6763434,0.6763434410095215,-5.0,0.0,0.6763434410095215,1,0,0
drake_vs_tarleton state_20221121,2022-11-21,drake,Tarleton State,2023,7.0,6.7331634,0.26683664321899414,-6.5,0.5,0.23316335678100586,1,1,1
drake_vs_louisiana_20221126,2022-11-26,drake,Louisiana,2023,12.0,10.400149,1.5998506546020508,-8.5,3.5,1.9001493453979492,1,1,1
drake_vs_illinoisâchicago_20221203,2022-12-03,drake,IllinoisâChicago,2023,13.0,15.737411,2.737410545349121,-16.5,-3.5,-0.7625894546508789,0,0,1
drake_vs_omaha_20221207,2022-12-07,drake,Omaha,2023,13.0,19.110733,6.1107330322265625,-20.5,-7.5,-1.3892669677734375,0,0,1
drake_vs_mississippi state_20221220,2022-12-20,drake,Mississippi State,2023,6.0,-3.2835982,9.283598184585571,5.0,11.0,1.7164018154144287,1,1,1
drake_vs_valparaiso_20221229,2022-12-29,drake,Valparaiso,2023,5.0,15.456759,10.456759452819824,-16.0,-11.0,-0.5432405471801758,0,0,1
drake_vs_murray state_20230107,2023-01-07,drake,Murray State,2023,18.0,9.717002,8.282998085021973,-10.0,8.0,-0.28299808502197266,0,1,0
drake_vs_bradley_20230114,2023-01-14,drake,Bradley,2023,25.0,1.9885976,23.011402368545532,-2.5,22.5,-0.5114023685455322,0,1,0
drake_vs_missouri state_20230118,2023-01-18,drake,Missouri State,2023,-3.0,6.373949,9.37394905090332,-7.5,-10.5,-1.1260509490966797,0,0,1
drake_vs_indiana state_20230124,2023-01-24,drake,Indiana State,2023,2.0,5.7110863,3.7110862731933594,-6.5,-4.5,-0.7889137268066406,0,0,1
drake_vs_northern iowa_20230201,2023-02-01,drake,Northern Iowa,2023,7.0,9.137126,2.1371259689331055,-8.5,-1.5,0.6371259689331055,1,0,0
drake_vs_southern illinois_20230211,2023-02-11,drake,Southern Illinois,2023,23.0,6.3490753,16.650924682617188,-5.5,17.5,0.8490753173828125,1,1,1
drake_vs_belmont_20230219,2023-02-19,drake,Belmont,2023,14.0,6.6211987,7.378801345825195,-7.0,7.0,-0.3788013458251953,0,1,0
drake_vs_illinois state_20230222,2023-02-22,drake,Illinois State,2023,31.0,14.789172,16.210827827453613,-15.5,15.5,-0.7108278274536133,0,1,0
drake_vs_murray state_20230303,2023-03-03,drake,Murray State,2023,12.0,10.006875,1.9931249618530273,-11.0,1.0,-0.9931249618530273,0,1,0
drake_vs_southern illinois_20230304,2023-03-04,drake,Southern Illinois,2023,13.0,5.170923,7.829076766967773,-5.0,8.0,0.17092323303222656,1,1,1
drake_vs_miami (fl)_20230317,2023-03-17,drake,Miami (FL),2023,-7.0,-2.9632957,4.0367043018341064,2.5,-4.5,-0.46329569816589355,0,0,1
drexel_vs_pennsylvania_20221115,2022-11-15,drexel,Pennsylvania,2023,-5.0,-1.4320141,3.5679858922958374,2.5,-2.5,1.0679858922958374,1,0,0
drexel_vs_ut arlington_20221121,2022-11-21,drexel,UT Arlington,2023,21.0,2.5272613,18.47273874282837,-3.0,18.0,-0.47273874282836914,0,1,0
drexel_vs_florida gulf coast_20221122,2022-11-22,drexel,Florida Gulf Coast,2023,-8.0,-2.0257523,5.974247694015503,3.5,-4.5,1.474247694015503,1,0,0
drexel_vs_indiana state_20221123,2022-11-23,drexel,Indiana State,2023,-4.0,-5.020664,1.0206642150878906,7.0,3.0,1.9793357849121094,1,1,1
drexel_vs_lafayette_20221130,2022-11-30,drexel,Lafayette,2023,8.0,7.104548,0.8954520225524902,-7.5,0.5,-0.39545202255249023,0,1,0
drexel_vs_princeton_20221203,2022-12-03,drexel,Princeton,2023,-20.0,-1.7463014,18.253698587417603,2.5,-17.5,0.7536985874176025,1,0,0
drexel_vs_delaware state_20221217,2022-12-17,drexel,Delaware State,2023,33.0,16.703558,16.29644203186035,-16.5,16.5,0.20355796813964844,1,1,1
drexel_vs_elon_20221229,2022-12-29,drexel,Elon,2023,12.0,10.291118,1.7088823318481445,-11.5,0.5,-1.2088823318481445,0,1,0
drexel_vs_william & mary_20221231,2022-12-31,drexel,William & Mary,2023,10.0,7.0333953,2.966604709625244,-7.5,2.5,-0.46660470962524414,0,1,0
drexel_vs_monmouth_20230107,2023-01-07,drexel,Monmouth,2023,32.0,14.575851,17.424148559570312,-13.5,18.5,1.0758514404296875,1,1,1
drexel_vs_hampton_20230119,2023-01-19,drexel,Hampton,2023,6.0,14.921714,8.921713829040527,-14.5,-8.5,0.42171382904052734,1,0,0
drexel_vs_delaware_20230121,2023-01-21,drexel,Delaware,2023,3.0,2.673226,0.32677388191223145,-3.0,0.0,-0.32677388191223145,0,0,1
drexel_vs_college of charleston_20230202,2023-02-02,drexel,College of Charleston,2023,1.0,-4.6674404,5.667440414428711,7.0,8.0,2.332559585571289,1,1,1
drexel_vs_towson_20230211,2023-02-11,drexel,Towson,2023,7.0,-2.172896,9.172895908355713,3.0,10.0,0.8271040916442871,1,1,1
drexel_vs_unc wilmington_20230216,2023-02-16,drexel,UNC Wilmington,2023,-1.0,-0.49116033,0.5088396668434143,1.5,0.5,1.0088396668434143,1,1,1
drexel_vs_northeastern_20230223,2023-02-23,drexel,Northeastern,2023,27.0,5.905632,21.09436798095703,-6.5,20.5,-0.5943679809570312,0,1,0
drexel_vs_monmouth_20230304,2023-03-04,drexel,Monmouth,2023,19.0,9.564149,9.435851097106934,-9.0,10.0,0.5641489028930664,1,1,1
drexel_vs_unc wilmington_20230305,2023-03-05,drexel,UNC Wilmington,2023,-5.0,-1.136458,3.8635419607162476,2.0,-3.0,0.8635419607162476,1,0,0
duke_vs_kansas_20221115,2022-11-15,duke,Kansas,2023,-5.0,2.5537145,7.5537145137786865,0.0,-5.0,2.5537145137786865,1,0,0
duke_vs_delaware_20221118,2022-11-18,duke,Delaware,2023,34.0,21.403688,12.596311569213867,-24.0,10.0,-2.596311569213867,0,1,0
duke_vs_bellarmine_20221121,2022-11-21,duke,Bellarmine,2023,17.0,24.632278,7.6322784423828125,-24.0,-7.0,0.6322784423828125,1,0,0
duke_vs_oregon state_20221124,2022-11-24,duke,Oregon State,2023,3.0,19.774286,16.7742862701416,-21.5,-18.5,-1.7257137298583984,0,0,1
duke_vs_xavier_20221125,2022-11-25,duke,Xavier,2023,7.0,5.8844624,1.1155376434326172,-5.0,2.0,0.8844623565673828,1,1,1
duke_vs_purdue_20221127,2022-11-27,duke,Purdue,2023,-19.0,1.1591223,20.159122347831726,-1.5,-20.5,-0.3408776521682739,0,0,1
duke_vs_ohio state_20221130,2022-11-30,duke,Ohio State,2023,9.0,6.065177,2.9348230361938477,-5.0,4.0,1.0651769638061523,1,1,1
duke_vs_boston college_20221203,2022-12-03,duke,Boston College,2023,16.0,18.565948,2.565948486328125,-18.0,-2.0,0.565948486328125,1,0,0
duke_vs_maryland eastern shore_20221210,2022-12-10,duke,Maryland Eastern Shore,2023,27.0,23.67096,3.32904052734375,-31.5,-4.5,-7.82904052734375,0,0,1
duke_vs_florida state_20221231,2022-12-31,duke,Florida State,2023,19.0,16.470005,2.5299949645996094,-16.5,2.5,-0.029994964599609375,0,1,0
duke_vs_pittsburgh_20230111,2023-01-11,duke,Pittsburgh,2023,8.0,9.897975,1.897974967956543,-9.0,-1.0,0.897974967956543,1,0,0
duke_vs_miami (fl)_20230121,2023-01-21,duke,Miami (FL),2023,2.0,6.4348674,4.4348673820495605,-5.5,-3.5,0.9348673820495605,1,0,0
duke_vs_wake forest_20230131,2023-01-31,duke,Wake Forest,2023,2.0,10.818301,8.8183012008667,-8.0,-6.0,2.818301200866699,1,0,0
duke_vs_north carolina_20230204,2023-02-04,duke,North Carolina,2023,6.0,2.4911263,3.508873701095581,-2.5,3.5,-0.008873701095581055,0,1,0
duke_vs_notre dame_20230214,2023-02-14,duke,Notre Dame,2023,4.0,12.311344,8.311344146728516,-12.0,-8.0,0.3113441467285156,1,0,0
duke_vs_louisville_20230220,2023-02-20,duke,Louisville,2023,17.0,17.399254,0.39925384521484375,-17.5,-0.5,-0.10074615478515625,0,0,1
duke_vs_virginia tech_20230225,2023-02-25,duke,Virginia Tech,2023,16.0,7.3116345,8.688365459442139,-6.5,9.5,0.8116345405578613,1,1,1
duke_vs_nc state_20230228,2023-02-28,duke,NC State,2023,4.0,6.4663363,2.466336250305176,-6.5,-2.5,-0.03366374969482422,0,0,1
duke_vs_pittsburgh_20230309,2023-03-09,duke,Pittsburgh,2023,27.0,5.292227,21.707773208618164,-5.5,21.5,-0.20777320861816406,0,1,0
duke_vs_miami (fl)_20230310,2023-03-10,duke,Miami (FL),2023,7.0,2.0222838,4.9777162075042725,-2.5,4.5,-0.47771620750427246,0,1,0
duke_vs_virginia_20230311,2023-03-11,duke,Virginia,2023,10.0,2.5210981,7.4789018630981445,-3.0,7.0,-0.47890186309814453,0,1,0
duke_vs_oral roberts_20230316,2023-03-16,duke,Oral Roberts,2023,23.0,8.407311,14.59268856048584,-5.5,17.5,2.90731143951416,1,1,1
duke_vs_tennessee_20230318,2023-03-18,duke,Tennessee,2023,-13.0,1.1549973,14.1549973487854,-3.0,-16.0,-1.8450026512145996,0,0,1
duquesne_vs_south carolina state_20221114,2022-11-14,duquesne,South Carolina State,2023,25.0,17.86376,7.136240005493164,-20.0,5.0,-2.136240005493164,0,1,0
duquesne_vs_north florida_20221121,2022-11-21,duquesne,North Florida,2023,1.0,8.720995,7.72099494934082,-9.0,-8.0,-0.2790050506591797,0,0,1
duquesne_vs_alabama state_20221123,2022-11-23,duquesne,Alabama State,2023,18.0,20.734152,2.734151840209961,-19.5,-1.5,1.234151840209961,1,0,0
duquesne_vs_uc santa barbara_20221129,2022-11-29,duquesne,UC Santa Barbara,2023,11.0,3.8219368,7.178063154220581,-4.0,7.0,-0.17806315422058105,0,1,0
duquesne_vs_ball state_20221203,2022-12-03,duquesne,Ball State,2023,1.0,8.745104,7.74510383605957,-8.0,-7.0,0.7451038360595703,1,0,0
duquesne_vs_marshall_20221208,2022-12-08,duquesne,Marshall,2023,-11.0,3.0580575,14.0580575466156,-2.0,-13.0,1.0580575466156006,1,0,0
duquesne_vs_new mexico state_20221211,2022-12-11,duquesne,New Mexico State,2023,-13.0,5.480737,18.48073720932007,-5.5,-18.5,-0.01926279067993164,0,0,1
duquesne_vs_depaul_20221214,2022-12-14,duquesne,DePaul,2023,11.0,2.8261385,8.173861503601074,-3.0,8.0,-0.17386150360107422,0,1,0
duquesne_vs_winthrop_20221221,2022-12-21,duquesne,Winthrop,2023,17.0,11.47644,5.5235595703125,-10.0,7.0,1.4764404296875,1,1,1
duquesne_vs_rhode island_20221231,2022-12-31,duquesne,Rhode Island,2023,11.0,9.625022,1.3749780654907227,-9.0,2.0,0.6250219345092773,1,1,1
duquesne_vs_vcu_20230104,2023-01-04,duquesne,VCU,2023,9.0,0.5659308,8.434069216251373,-1.0,8.0,-0.4340692162513733,0,1,0
duquesne_vs_fordham_20230121,2023-01-21,duquesne,Fordham,2023,-7.0,5.355827,12.35582685470581,-7.0,-14.0,-1.6441731452941895,0,0,1
duquesne_vs_loyola chicago_20230125,2023-01-25,duquesne,Loyola Chicago,2023,14.0,7.470954,6.529046058654785,-8.0,6.0,-0.5290460586547852,0,1,0
duquesne_vs_george mason_20230208,2023-02-08,duquesne,George Mason,2023,23.0,5.271841,17.728158950805664,-6.0,17.0,-0.7281589508056641,0,1,0
duquesne_vs_st. bonaventure_20230211,2023-02-11,duquesne,St. Bonaventure,2023,2.0,7.380608,5.380608081817627,-8.0,-6.0,-0.619391918182373,0,0,1
duquesne_vs_saint joseph's_20230215,2023-02-15,duquesne,Saint Joseph's,2023,14.0,5.5664163,8.433583736419678,-6.5,7.5,-0.9335837364196777,0,1,0
duquesne_vs_davidson_20230226,2023-02-26,duquesne,Davidson,2023,-4.0,4.5260696,8.526069641113281,-5.5,-9.5,-0.9739303588867188,0,0,1
duquesne_vs_massachusetts_20230301,2023-03-01,duquesne,Massachusetts,2023,9.0,10.696937,1.6969366073608398,-11.0,-2.0,-0.30306339263916016,0,0,1
duquesne_vs_la salle_20230308,2023-03-08,duquesne,La Salle,2023,-11.0,5.8831644,16.883164405822754,-7.0,-18.0,-1.116835594177246,0,0,1
duquesne_vs_rice_20230319,2023-03-19,duquesne,Rice,2023,-6.0,6.865151,12.865150928497314,-6.5,-12.5,0.36515092849731445,1,0,0
east-carolina_vs_presbyterian_20221112,2022-11-12,east-carolina,Presbyterian,2023,20.0,4.3299575,15.670042514801025,-5.5,14.5,-1.1700425148010254,0,1,0
east-carolina_vs_hampton_20221116,2022-11-16,east-carolina,Hampton,2023,9.0,9.1363535,0.1363534927368164,-10.0,-1.0,-0.8636465072631836,0,0,1
east-carolina_vs_indiana state_20221121,2022-11-21,east-carolina,Indiana State,2023,-4.0,-8.398895,4.398895263671875,9.5,5.5,1.101104736328125,1,1,1
east-carolina_vs_toledo_20221122,2022-11-22,east-carolina,Toledo,2023,11.0,-9.648781,20.648780822753906,11.5,22.5,1.8512191772460938,1,1,1
east-carolina_vs_ut arlington_20221123,2022-11-23,east-carolina,UT Arlington,2023,14.0,6.136584,7.8634161949157715,-5.0,9.0,1.1365838050842285,1,1,1
east-carolina_vs_south carolina state_20221129,2022-11-29,east-carolina,South Carolina State,2023,-5.0,15.992922,20.992921829223633,-17.0,-22.0,-1.0070781707763672,0,0,1
east-carolina_vs_campbell_20221202,2022-12-02,east-carolina,Campbell,2023,10.0,4.1130886,5.886911392211914,-4.5,5.5,-0.38691139221191406,0,1,0
east-carolina_vs_coppin state_20221211,2022-12-11,east-carolina,Coppin State,2023,9.0,7.176005,1.8239951133728027,-7.0,2.0,0.17600488662719727,1,1,1
east-carolina_vs_south carolina_20221217,2022-12-17,east-carolina,South Carolina,2023,8.0,0.43881315,7.561186850070953,1.0,9.0,1.4388131499290466,1,1,1
east-carolina_vs_high point_20221221,2022-12-21,east-carolina,High Point,2023,11.0,4.9443636,6.055636405944824,-5.0,6.0,-0.05563640594482422,0,1,0
east-carolina_vs_temple_20221228,2022-12-28,east-carolina,Temple,2023,-2.0,0.85202014,2.8520201444625854,-2.5,-4.5,-1.6479798555374146,0,0,1
east-carolina_vs_ucf_20230104,2023-01-04,east-carolina,UCF,2023,-3.0,-3.7906878,0.7906877994537354,5.5,2.5,1.7093122005462646,1,1,1
east-carolina_vs_south florida_20230115,2023-01-15,east-carolina,South Florida,2023,-11.0,-0.5730802,10.4269198179245,-1.0,-12.0,-1.5730801820755005,0,0,1
east-carolina_vs_tulsa_20230124,2023-01-24,east-carolina,Tulsa,2023,10.0,5.102204,4.897796154022217,-5.5,4.5,-0.3977961540222168,0,1,0
east-carolina_vs_wichita state_20230129,2023-01-29,east-carolina,Wichita State,2023,-13.0,-3.0185153,9.981484651565552,4.5,-8.5,1.4814846515655518,1,0,0
east-carolina_vs_smu_20230204,2023-02-04,east-carolina,SMU,2023,5.0,-0.66289896,5.66289895772934,2.0,7.0,1.3371010422706604,1,1,1
east-carolina_vs_cincinnati_20230215,2023-02-15,east-carolina,Cincinnati,2023,4.0,-6.5784473,10.578447341918945,9.5,13.5,2.9215526580810547,1,1,1
east-carolina_vs_houston_20230225,2023-02-25,east-carolina,Houston,2023,-19.0,-18.289312,0.7106876373291016,20.5,1.5,2.2106876373291016,1,1,1
east-carolina_vs_tulane_20230301,2023-03-01,east-carolina,Tulane,2023,15.0,-2.745135,17.745135068893433,6.5,21.5,3.7548649311065674,1,1,1
east-carolina_vs_south florida_20230309,2023-03-09,east-carolina,South Florida,2023,15.0,-1.9827691,16.98276913166046,3.0,18.0,1.0172308683395386,1,1,1
east-carolina_vs_houston_20230310,2023-03-10,east-carolina,Houston,2023,-14.0,-17.030863,3.030862808227539,23.0,9.0,5.969137191772461,1,1,1
eastern-illinois_vs_illinois state_20221110,2022-11-10,eastern-illinois,Illinois State,2023,-5.0,-5.662469,0.6624689102172852,9.5,4.5,3.837531089782715,1,1,1
eastern-illinois_vs_northern illinois_20221130,2022-11-30,eastern-illinois,Northern Illinois,2023,-20.0,-2.8993423,17.10065770149231,5.0,-15.0,2.1006577014923096,1,0,0
eastern-illinois_vs_ball state_20221207,2022-12-07,eastern-illinois,Ball State,2023,-17.0,-10.526983,6.473016738891602,11.0,-6.0,0.47301673889160156,1,0,0
eastern-illinois_vs_western illinois_20221210,2022-12-10,eastern-illinois,Western Illinois,2023,-4.0,-2.8983345,1.1016654968261719,4.0,0.0,1.1016654968261719,1,0,0
eastern-illinois_vs_lindenwood_20221229,2022-12-29,eastern-illinois,Lindenwood,2023,1.0,5.7381816,4.7381815910339355,-5.0,-4.0,0.7381815910339355,1,0,0
eastern-illinois_vs_southern indiana_20221231,2022-12-31,eastern-illinois,Southern Indiana,2023,11.0,-3.7962408,14.79624080657959,5.0,16.0,1.2037591934204102,1,1,1
eastern-illinois_vs_siu edwardsville_20230112,2023-01-12,eastern-illinois,SIU Edwardsville,2023,-18.0,-5.9289618,12.071038246154785,7.5,-10.5,1.5710382461547852,1,0,0
eastern-illinois_vs_little rock_20230114,2023-01-14,eastern-illinois,Little Rock,2023,7.0,0.09705165,6.902948349714279,0.0,7.0,0.09705165028572083,1,1,1
eastern-illinois_vs_southeast missouri state_20230128,2023-01-28,eastern-illinois,Southeast Missouri State,2023,-11.0,-5.094693,5.905306816101074,6.5,-4.5,1.4053068161010742,1,0,0
eastern-illinois_vs_tennessee state_20230204,2023-02-04,eastern-illinois,Tennessee State,2023,-4.0,-2.410579,1.589421033859253,2.5,-1.5,0.08942103385925293,1,0,0
eastern-illinois_vs_ut martin_20230209,2023-02-09,eastern-illinois,UT Martin,2023,2.0,-4.842184,6.842184066772461,4.5,6.5,-0.34218406677246094,0,1,0
eastern-illinois_vs_morehead state_20230222,2023-02-22,eastern-illinois,Morehead State,2023,-6.0,-4.527067,1.4729328155517578,5.5,-0.5,0.9729328155517578,1,0,0
eastern-kentucky_vs_unc asheville_20221119,2022-11-19,eastern-kentucky,UNC Asheville,2023,2.0,-3.1540072,5.154007196426392,3.5,5.5,0.3459928035736084,1,1,1
eastern-kentucky_vs_texas a&mâcommerce_20221120,2022-11-20,eastern-kentucky,Texas A&MâCommerce,2023,-14.0,6.0528636,20.052863597869873,-7.0,-21.0,-0.947136402130127,0,0,1
eastern-kentucky_vs_radford_20221217,2022-12-17,eastern-kentucky,Radford,2023,2.0,2.1892507,0.18925070762634277,-2.0,0.0,0.18925070762634277,1,0,0
eastern-kentucky_vs_unc greensboro_20221222,2022-12-22,eastern-kentucky,UNC Greensboro,2023,4.0,0.24034624,3.759653761982918,2.5,6.5,2.740346238017082,1,1,1
eastern-kentucky_vs_queens (nc)_20221231,2022-12-31,eastern-kentucky,Queens (NC),2023,5.0,1.3035057,3.6964943408966064,-2.0,3.0,-0.6964943408966064,0,1,0
eastern-kentucky_vs_liberty_20230108,2023-01-08,eastern-kentucky,Liberty,2023,3.0,-8.229748,11.229747772216797,9.5,12.5,1.2702522277832031,1,1,1
eastern-kentucky_vs_florida gulf coast_20230112,2023-01-12,eastern-kentucky,Florida Gulf Coast,2023,21.0,-2.0124493,23.012449264526367,2.5,23.5,0.4875507354736328,1,1,1
eastern-kentucky_vs_stetson_20230114,2023-01-14,eastern-kentucky,Stetson,2023,15.0,3.4757643,11.524235725402832,-3.0,12.0,0.47576427459716797,1,1,1
eastern-kentucky_vs_bellarmine_20230128,2023-01-28,eastern-kentucky,Bellarmine,2023,10.0,6.422019,3.5779809951782227,-6.5,3.5,-0.07798099517822266,0,1,0
eastern-kentucky_vs_jacksonville state_20230202,2023-02-02,eastern-kentucky,Jacksonville State,2023,2.0,5.6488514,3.6488513946533203,-6.5,-4.5,-0.8511486053466797,0,0,1
eastern-kentucky_vs_central arkansas_20230216,2023-02-16,eastern-kentucky,Central Arkansas,2023,16.0,13.519988,2.4800119400024414,-13.0,3.0,0.5199880599975586,1,1,1
eastern-kentucky_vs_north alabama_20230218,2023-02-18,eastern-kentucky,North Alabama,2023,-5.0,9.545736,14.545736312866211,-8.5,-13.5,1.045736312866211,1,0,0
eastern-kentucky_vs_north alabama_20230228,2023-02-28,eastern-kentucky,North Alabama,2023,25.0,8.322321,16.67767906188965,-8.5,16.5,-0.17767906188964844,0,1,0
eastern-kentucky_vs_indiana state_20230320,2023-03-20,eastern-kentucky,Indiana State,2023,1.0,-6.6871133,7.687113285064697,7.0,8.0,0.31288671493530273,1,1,1
eastern-kentucky_vs_southern utah_20230321,2023-03-21,eastern-kentucky,Southern Utah,2023,2.0,-3.4202058,5.42020583152771,4.0,6.0,0.57979416847229,1,1,1
eastern-michigan_vs_winthrop_20221123,2022-11-23,eastern-michigan,Winthrop,2023,-14.0,0.401491,14.401490986347198,1.0,-13.0,1.4014909863471985,1,0,0
eastern-michigan_vs_florida atlantic_20221204,2022-12-04,eastern-michigan,Florida Atlantic,2023,-28.0,-10.409424,17.590576171875,9.5,-18.5,-0.909423828125,0,0,1
eastern-michigan_vs_detroit mercy_20221218,2022-12-18,eastern-michigan,Detroit Mercy,2023,2.0,-3.8747098,5.874709844589233,4.0,6.0,0.1252901554107666,1,1,1
eastern-michigan_vs_bowling green_20230103,2023-01-03,eastern-michigan,Bowling Green,2023,-26.0,3.0872226,29.087222576141357,-3.0,-29.0,0.08722257614135742,1,0,0
eastern-michigan_vs_central michigan_20230107,2023-01-07,eastern-michigan,Central Michigan,2023,6.0,2.0783112,3.9216887950897217,-2.0,4.0,0.07831120491027832,1,1,1
eastern-michigan_vs_kent state_20230117,2023-01-17,eastern-michigan,Kent State,2023,-14.0,-14.997919,0.9979190826416016,13.5,-0.5,-1.4979190826416016,0,0,1
eastern-michigan_vs_northern illinois_20230121,2023-01-21,eastern-michigan,Northern Illinois,2023,-21.0,2.5715687,23.571568727493286,-3.0,-24.0,-0.42843127250671387,0,0,1
eastern-michigan_vs_ohio_20230131,2023-01-31,eastern-michigan,Ohio,2023,11.0,-7.0577717,18.057771682739258,7.5,18.5,0.4422283172607422,1,1,1
eastern-michigan_vs_toledo_20230211,2023-02-11,eastern-michigan,Toledo,2023,-7.0,-11.852494,4.852494239807129,11.5,4.5,-0.3524942398071289,0,1,0
eastern-michigan_vs_akron_20230214,2023-02-14,eastern-michigan,Akron,2023,-27.0,-9.298545,17.701455116271973,9.0,-18.0,-0.29854488372802734,0,0,1
eastern-michigan_vs_ball state_20230225,2023-02-25,eastern-michigan,Ball State,2023,7.0,-6.543186,13.54318618774414,7.5,14.5,0.9568138122558594,1,1,1
eastern-washington_vs_mississippi valley state_20221114,2022-11-14,eastern-washington,Mississippi Valley State,2023,8.0,15.926228,7.926227569580078,-18.0,-10.0,-2.073772430419922,0,0,1
eastern-washington_vs_washington state_20221121,2022-11-21,eastern-washington,Washington State,2023,-26.0,-7.1466746,18.853325366973877,7.5,-18.5,0.35332536697387695,1,0,0
eastern-washington_vs_stony brook_20221125,2022-11-25,eastern-washington,Stony Brook,2023,29.0,6.0941806,22.905819416046143,-7.0,22.0,-0.9058194160461426,0,1,0
eastern-washington_vs_north dakota state_20221203,2022-12-03,eastern-washington,North Dakota State,2023,8.0,5.90998,2.090020179748535,-6.5,1.5,-0.5900201797485352,0,1,0
eastern-washington_vs_uc davis_20221217,2022-12-17,eastern-washington,UC Davis,2023,11.0,0.82770824,10.17229175567627,-1.5,9.5,-0.6722917556762695,0,1,0
eastern-washington_vs_portland state_20230105,2023-01-05,eastern-washington,Portland State,2023,12.0,7.2816854,4.7183146476745605,-7.0,5.0,0.28168535232543945,1,1,1
eastern-washington_vs_sacramento state_20230107,2023-01-07,eastern-washington,Sacramento State,2023,3.0,5.2833586,2.283358573913574,-5.0,-2.0,0.2833585739135742,1,0,0
eastern-washington_vs_idaho_20230114,2023-01-14,eastern-washington,Idaho,2023,21.0,9.842631,11.157368659973145,-10.0,11.0,-0.15736865997314453,0,1,0
eastern-washington_vs_montana_20230116,2023-01-16,eastern-washington,Montana,2023,7.0,3.53122,3.468780040740967,-4.0,3.0,-0.4687800407409668,0,1,0
eastern-washington_vs_idaho state_20230126,2023-01-26,eastern-washington,Idaho State,2023,13.0,9.137625,3.862375259399414,-10.0,3.0,-0.8623752593994141,0,1,0
eastern-washington_vs_weber state_20230128,2023-01-28,eastern-washington,Weber State,2023,4.0,5.930454,1.9304537773132324,-4.5,-0.5,1.4304537773132324,1,0,0
eastern-washington_vs_northern arizona_20230216,2023-02-16,eastern-washington,Northern Arizona,2023,17.0,10.325319,6.674680709838867,-10.5,6.5,-0.1746807098388672,0,1,0
eastern-washington_vs_northern colorado_20230218,2023-02-18,eastern-washington,Northern Colorado,2023,12.0,8.674554,3.325446128845215,-8.5,3.5,0.17455387115478516,1,1,1
eastern-washington_vs_montana state_20230227,2023-02-27,eastern-washington,Montana State,2023,-5.0,1.2656698,6.265669822692871,-1.5,-6.5,-0.2343301773071289,0,0,1
eastern-washington_vs_northern arizona_20230305,2023-03-05,eastern-washington,Northern Arizona,2023,-1.0,7.0676465,8.067646503448486,-7.0,-8.0,0.06764650344848633,1,0,0
east-tennessee-state_vs_louisiana_20221113,2022-11-13,east-tennessee-state,Louisiana,2023,-4.0,-5.606634,1.6066341400146484,5.5,1.5,-0.10663414001464844,0,1,0
east-tennessee-state_vs_little rock_20221117,2022-11-17,east-tennessee-state,Little Rock,2023,8.0,11.239203,3.239203453063965,-11.0,-3.0,0.23920345306396484,1,0,0
east-tennessee-state_vs_appalachian state_20221123,2022-11-23,east-tennessee-state,Appalachian State,2023,-4.0,2.292351,6.292351007461548,-2.5,-6.5,-0.20764899253845215,0,0,1
east-tennessee-state_vs_jacksonville state_20221203,2022-12-03,east-tennessee-state,Jacksonville State,2023,-2.0,1.8568531,3.8568531274795532,-2.5,-4.5,-0.6431468725204468,0,0,1
east-tennessee-state_vs_queens (nc)_20221214,2022-12-14,east-tennessee-state,Queens (NC),2023,-3.0,-0.97230774,2.0276922583580017,-3.0,-6.0,-3.9723077416419983,0,0,1
east-tennessee-state_vs_unc asheville_20221217,2022-12-17,east-tennessee-state,UNC Asheville,2023,-1.0,1.2949198,2.2949198484420776,-2.0,-3.0,-0.7050801515579224,0,0,1
east-tennessee-state_vs_western carolina_20230104,2023-01-04,east-tennessee-state,Western Carolina,2023,-11.0,6.147129,17.14712905883789,-6.5,-17.5,-0.3528709411621094,0,0,1
east-tennessee-state_vs_furman_20230107,2023-01-07,east-tennessee-state,Furman,2023,-14.0,-6.3665314,7.6334686279296875,7.5,-6.5,1.1334686279296875,1,0,0
east-tennessee-state_vs_mercer_20230114,2023-01-14,east-tennessee-state,Mercer,2023,-13.0,2.2916896,15.29168963432312,-2.5,-15.5,-0.20831036567687988,0,0,1
east-tennessee-state_vs_samford_20230118,2023-01-18,east-tennessee-state,Samford,2023,-10.0,-4.0606112,5.939388751983643,4.5,-5.5,0.4393887519836426,1,0,0
east-tennessee-state_vs_chattanooga_20230128,2023-01-28,east-tennessee-state,Chattanooga,2023,-9.0,-2.029138,6.970861911773682,-3.0,-12.0,-5.029138088226318,0,0,1
east-tennessee-state_vs_wofford_20230201,2023-02-01,east-tennessee-state,Wofford,2023,25.0,-2.500726,27.500725984573364,3.0,28.0,0.49927401542663574,1,1,1
east-tennessee-state_vs_vmi_20230210,2023-02-10,east-tennessee-state,VMI,2023,4.0,10.102362,6.102361679077148,-10.5,-6.5,-0.39763832092285156,0,0,1
east-tennessee-state_vs_the citadel_20230222,2023-02-22,east-tennessee-state,The Citadel,2023,8.0,7.1684284,0.8315715789794922,-7.5,0.5,-0.3315715789794922,0,1,0
east-tennessee-state_vs_unc greensboro_20230225,2023-02-25,east-tennessee-state,UNC Greensboro,2023,1.0,-5.2091684,6.209168434143066,6.0,7.0,0.7908315658569336,1,1,1
east-tennessee-state_vs_western carolina_20230304,2023-03-04,east-tennessee-state,Western Carolina,2023,-12.0,2.6212883,14.621288299560547,-2.0,-14.0,0.6212882995605469,1,0,0
elon_vs_harvard_20221113,2022-11-13,elon,Harvard,2023,-15.0,-5.687508,9.31249189376831,6.5,-8.5,0.8124918937683105,1,0,0
elon_vs_north dakota_20221117,2022-11-17,elon,North Dakota,2023,-4.0,5.645434,9.645433902740479,-6.5,-10.5,-0.8545660972595215,0,0,1
elon_vs_radford_20221127,2022-11-27,elon,Radford,2023,-16.0,-2.6743195,13.325680494308472,3.5,-12.5,0.8256804943084717,1,0,0
elon_vs_unc greensboro_20221203,2022-12-03,elon,UNC Greensboro,2023,-4.0,-7.4080906,3.408090591430664,7.5,3.5,0.09190940856933594,1,1,1
elon_vs_unc wilmington_20230104,2023-01-04,elon,UNC Wilmington,2023,-15.0,-9.897913,5.102087020874023,10.0,-5.0,0.10208702087402344,1,0,0
elon_vs_north carolina a&t_20230111,2023-01-11,elon,North Carolina A&T,2023,-9.0,-1.4545448,7.54545521736145,3.0,-6.0,1.5454552173614502,1,0,0
elon_vs_towson_20230121,2023-01-21,elon,Towson,2023,-4.0,-9.580564,5.580563545227051,11.0,7.0,1.4194364547729492,1,1,1
elon_vs_hofstra_20230126,2023-01-26,elon,Hofstra,2023,-17.0,-9.138589,7.861411094665527,10.0,-7.0,0.8614110946655273,1,0,0
elon_vs_drexel_20230128,2023-01-28,elon,Drexel,2023,14.0,-4.30316,18.303160190582275,6.0,20.0,1.6968398094177246,1,1,1
elon_vs_william & mary_20230211,2023-02-11,elon,William & Mary,2023,11.0,4.1964607,6.803539276123047,-4.0,7.0,0.19646072387695312,1,1,1
elon_vs_hampton_20230213,2023-02-13,elon,Hampton,2023,2.0,6.5759277,4.575927734375,-6.5,-4.5,0.075927734375,1,0,0
elon_vs_college of charleston_20230216,2023-02-16,elon,College of Charleston,2023,-22.0,-13.924505,8.075494766235352,13.5,-8.5,-0.42450523376464844,0,0,1
elon_vs_delaware_20230225,2023-02-25,elon,Delaware,2023,-16.0,-3.6887167,12.311283349990845,4.0,-12.0,0.3112833499908447,1,0,0
elon_vs_william & mary_20230304,2023-03-04,elon,William & Mary,2023,-22.0,1.851262,23.851261973381042,-2.0,-24.0,-0.14873802661895752,0,0,1
evansville_vs_southeast missouri state_20221116,2022-11-16,evansville,Southeast Missouri State,2023,-6.0,0.73794293,6.737942934036255,-2.0,-8.0,-1.2620570659637451,0,0,1
evansville_vs_south alabama_20221125,2022-11-25,evansville,South Alabama,2023,-11.0,-8.6249275,2.375072479248047,9.0,-2.0,0.3750724792480469,1,0,0
evansville_vs_robert morris_20221126,2022-11-26,evansville,Robert Morris,2023,1.0,0.21351737,0.7864826321601868,-1.0,0.0,-0.7864826321601868,0,0,1
evansville_vs_fairfield_20221127,2022-11-27,evansville,Fairfield,2023,-7.0,-3.087127,3.9128730297088623,4.0,-3.0,0.9128730297088623,1,0,0
evansville_vs_southern illinois_20221130,2022-11-30,evansville,Southern Illinois,2023,-27.0,-9.049382,17.950617790222168,8.5,-18.5,-0.549382209777832,0,0,1
evansville_vs_campbell_20221207,2022-12-07,evansville,Campbell,2023,6.0,-2.1124094,8.112409353256226,3.5,9.5,1.3875906467437744,1,1,1
evansville_vs_bellarmine_20221221,2022-12-21,evansville,Bellarmine,2023,12.0,-3.9269712,15.926971197128296,3.5,15.5,-0.4269711971282959,0,1,0
evansville_vs_murray state_20230101,2023-01-01,evansville,Murray State,2023,-17.0,-3.5334117,13.466588258743286,5.0,-12.0,1.4665882587432861,1,0,0
evansville_vs_illinois state_20230107,2023-01-07,evansville,Illinois State,2023,-8.0,-2.9804645,5.019535541534424,2.0,-6.0,-0.9804644584655762,0,0,1
evansville_vs_valparaiso_20230114,2023-01-14,evansville,Valparaiso,2023,-7.0,-1.763287,5.2367130517959595,2.0,-5.0,0.23671305179595947,1,0,0
evansville_vs_drake_20230121,2023-01-21,evansville,Drake,2023,-36.0,-11.97465,24.025349617004395,14.0,-22.0,2.0253496170043945,1,0,0
evansville_vs_belmont_20230125,2023-01-25,evansville,Belmont,2023,-9.0,-12.945723,3.9457225799560547,13.0,4.0,0.05427742004394531,1,1,1
evansville_vs_indiana state_20230201,2023-02-01,evansville,Indiana State,2023,-18.0,-14.102774,3.897226333618164,13.5,-4.5,-0.6027736663818359,0,0,1
evansville_vs_northern iowa_20230208,2023-02-08,evansville,Northern Iowa,2023,12.0,-9.797255,21.79725456237793,10.0,22.0,0.2027454376220703,1,1,1
evansville_vs_missouri state_20230212,2023-02-12,evansville,Missouri State,2023,-6.0,-8.828365,2.8283653259277344,8.5,2.5,-0.3283653259277344,0,1,0
evansville_vs_illinoisâchicago_20230222,2023-02-22,evansville,IllinoisâChicago,2023,-6.0,-1.4122803,4.587719678878784,1.5,-4.5,0.08771967887878418,1,0,0
evansville_vs_indiana state_20230302,2023-03-02,evansville,Indiana State,2023,-39.0,-16.117327,22.882673263549805,16.5,-22.5,0.3826732635498047,1,0,0
fairfield_vs_towson_20221125,2022-11-25,fairfield,Towson,2023,5.0,-6.278112,11.278111934661865,9.5,14.5,3.2218880653381348,1,1,1
fairfield_vs_mercer_20221126,2022-11-26,fairfield,Mercer,2023,-2.0,-2.4800203,0.48002028465270996,3.5,1.5,1.01997971534729,1,1,1
fairfield_vs_saint peter's_20221203,2022-12-03,fairfield,Saint Peter's,2023,12.0,5.609735,6.390264987945557,-4.0,8.0,1.6097350120544434,1,1,1
fairfield_vs_sacred heart_20221207,2022-12-07,fairfield,Sacred Heart,2023,2.0,6.0826607,4.082660675048828,-7.0,-5.0,-0.9173393249511719,0,0,1
fairfield_vs_yale_20221212,2022-12-12,fairfield,Yale,2023,-13.0,-4.4751453,8.52485466003418,3.5,-9.5,-0.9751453399658203,0,0,1
fairfield_vs_marist_20221230,2022-12-30,fairfield,Marist,2023,19.0,5.3877597,13.612240314483643,-5.0,14.0,0.3877596855163574,1,1,1
fairfield_vs_siena_20230101,2023-01-01,fairfield,Siena,2023,-9.0,-0.24504921,8.754950791597366,-1.0,-10.0,-1.2450492084026337,0,0,1
fairfield_vs_niagara_20230106,2023-01-06,fairfield,Niagara,2023,-8.0,1.7833059,9.783305883407593,-3.5,-11.5,-1.7166941165924072,0,0,1
fairfield_vs_canisius_20230120,2023-01-20,fairfield,Canisius,2023,9.0,4.272663,4.727336883544922,-4.5,4.5,-0.22733688354492188,0,1,0
fairfield_vs_rider_20230129,2023-01-29,fairfield,Rider,2023,-9.0,1.3919876,10.391987562179565,-2.5,-11.5,-1.1080124378204346,0,0,1
fairfield_vs_iona_20230205,2023-02-05,fairfield,Iona,2023,-9.0,-5.5728426,3.427157402038574,7.0,-2.0,1.4271574020385742,1,0,0
fairfield_vs_mount st. mary's_20230212,2023-02-12,fairfield,Mount St. Mary's,2023,4.0,3.3031695,0.6968305110931396,-4.0,0.0,-0.6968305110931396,0,0,1
fairfield_vs_manhattan_20230219,2023-02-19,fairfield,Manhattan,2023,-1.0,3.9969337,4.996933698654175,-5.0,-6.0,-1.0030663013458252,0,0,1
fairfield_vs_quinnipiac_20230302,2023-03-02,fairfield,Quinnipiac,2023,10.0,-1.9448956,11.944895625114441,2.5,12.5,0.5551043748855591,1,1,1
fairfield_vs_saint peter's_20230307,2023-03-07,fairfield,Saint Peter's,2023,-18.0,1.7302717,19.730271697044373,-2.0,-20.0,-0.26972830295562744,0,0,1
fairleigh-dickinson_vs_manhattan_20221113,2022-11-13,fairleigh-dickinson,Manhattan,2023,3.0,3.2643223,0.26432228088378906,-4.5,-1.5,-1.235677719116211,0,0,1
fairleigh-dickinson_vs_siu edwardsville_20221118,2022-11-18,fairleigh-dickinson,SIU Edwardsville,2023,-1.0,-1.4659877,0.4659876823425293,-1.0,-2.0,-2.4659876823425293,0,0,1
fairleigh-dickinson_vs_vmi_20221120,2022-11-20,fairleigh-dickinson,VMI,2023,4.0,3.9575047,0.0424952507019043,-4.5,-0.5,-0.5424952507019043,0,0,1
fairleigh-dickinson_vs_njit_20221211,2022-12-11,fairleigh-dickinson,NJIT,2023,2.0,4.7768865,2.776886463165283,-4.5,-2.5,0.2768864631652832,1,0,0
fairleigh-dickinson_vs_queens (nc)_20221222,2022-12-22,fairleigh-dickinson,Queens (NC),2023,-9.0,-6.097645,2.902355194091797,7.0,-2.0,0.9023551940917969,1,0,0
fairleigh-dickinson_vs_merrimack_20221229,2022-12-29,fairleigh-dickinson,Merrimack,2023,8.0,3.5639834,4.43601655960083,-2.0,6.0,1.56398344039917,1,1,1
fairleigh-dickinson_vs_liu_20230107,2023-01-07,fairleigh-dickinson,LIU,2023,12.0,12.830824,0.8308238983154297,-12.0,0.0,0.8308238983154297,1,0,0
fairleigh-dickinson_vs_sacred heart_20230120,2023-01-20,fairleigh-dickinson,Sacred Heart,2023,-7.0,5.7229605,12.722960472106934,-5.5,-12.5,0.2229604721069336,1,0,0
fairleigh-dickinson_vs_stonehill_20230122,2023-01-22,fairleigh-dickinson,Stonehill,2023,-11.0,5.4396453,16.439645290374756,-6.0,-17.0,-0.5603547096252441,0,0,1
fairleigh-dickinson_vs_saint francis (pa)_20230126,2023-01-26,fairleigh-dickinson,Saint Francis (PA),2023,5.0,4.6952033,0.3047966957092285,-4.5,0.5,0.19520330429077148,1,1,1
fairleigh-dickinson_vs_wagner_20230204,2023-02-04,fairleigh-dickinson,Wagner,2023,-4.0,2.6908538,6.690853834152222,-4.0,-8.0,-1.3091461658477783,0,0,1
fairleigh-dickinson_vs_central connecticut state_20230211,2023-02-11,fairleigh-dickinson,Central Connecticut State,2023,-4.0,5.5728745,9.572874546051025,-4.5,-8.5,1.0728745460510254,1,0,0
fairleigh-dickinson_vs_saint francis (pa)_20230304,2023-03-04,fairleigh-dickinson,Saint Francis (PA),2023,20.0,3.8715873,16.12841272354126,-4.5,15.5,-0.6284127235412598,0,1,0
fairleigh-dickinson_vs_texas southern_20230315,2023-03-15,fairleigh-dickinson,Texas Southern,2023,23.0,-1.9646281,24.964628100395203,2.5,25.5,0.5353718996047974,1,1,1
fairleigh-dickinson_vs_purdue_20230317,2023-03-17,fairleigh-dickinson,Purdue,2023,5.0,-21.691748,26.691747665405273,23.0,28.0,1.3082523345947266,1,1,1
fairleigh-dickinson_vs_florida atlantic_20230319,2023-03-19,fairleigh-dickinson,Florida Atlantic,2023,-8.0,-13.681551,5.681550979614258,16.5,8.5,2.818449020385742,1,1,1
florida_vs_xavier_20221124,2022-11-24,florida,Xavier,2023,-7.0,1.6575322,8.657532215118408,1.5,-5.5,3.157532215118408,1,0,0
florida_vs_oregon state_20221125,2022-11-25,florida,Oregon State,2023,13.0,13.066018,0.06601810455322266,-14.0,-1.0,-0.9339818954467773,0,0,1
florida_vs_west virginia_20221127,2022-11-27,florida,West Virginia,2023,-29.0,0.96355194,29.963551938533783,-2.0,-31.0,-1.036448061466217,0,0,1
florida_vs_florida a&m_20221130,2022-11-30,florida,Florida A&M,2023,40.0,25.682043,14.317956924438477,-32.0,8.0,-6.317956924438477,0,1,0
florida_vs_stetson_20221204,2022-12-04,florida,Stetson,2023,38.0,17.654324,20.34567642211914,-18.5,19.5,-0.8456764221191406,0,1,0
florida_vs_connecticut_20221207,2022-12-07,florida,Connecticut,2023,-21.0,-4.003445,16.996554851531982,4.0,-17.0,-0.003445148468017578,0,0,1
florida_vs_ohio_20221214,2022-12-14,florida,Ohio,2023,34.0,11.32088,22.67912006378174,-12.5,21.5,-1.1791200637817383,0,1,0
florida_vs_oklahoma_20221220,2022-12-20,florida,Oklahoma,2023,-9.0,2.6245048,11.624504804611206,-2.5,-11.5,0.12450480461120605,1,0,0
florida_vs_texas a&m_20230104,2023-01-04,florida,Texas A&M,2023,-3.0,5.4880695,8.488069534301758,-6.0,-9.0,-0.5119304656982422,0,0,1
florida_vs_georgia_20230107,2023-01-07,florida,Georgia,2023,7.0,9.011555,2.011554718017578,-8.5,-1.5,0.5115547180175781,1,0,0
florida_vs_missouri_20230114,2023-01-14,florida,Missouri,2023,9.0,5.573054,3.4269461631774902,-5.0,4.0,0.5730538368225098,1,1,1
florida_vs_south carolina_20230125,2023-01-25,florida,South Carolina,2023,21.0,14.3623705,6.637629508972168,-15.5,5.5,-1.137629508972168,0,1,0
florida_vs_tennessee_20230201,2023-02-01,florida,Tennessee,2023,13.0,-3.7438028,16.743802785873413,4.5,17.5,0.7561972141265869,1,1,1
florida_vs_vanderbilt_20230211,2023-02-11,florida,Vanderbilt,2023,-8.0,10.546635,18.546634674072266,-8.5,-16.5,2.0466346740722656,1,0,0
florida_vs_kentucky_20230222,2023-02-22,florida,Kentucky,2023,-8.0,-1.4680704,6.531929612159729,2.0,-6.0,0.531929612159729,1,0,0
florida_vs_louisiana state_20230304,2023-03-04,florida,Louisiana State,2023,12.0,7.3481812,4.651818752288818,-7.5,4.5,-0.15181875228881836,0,1,0
florida_vs_mississippi state_20230309,2023-03-09,florida,Mississippi State,2023,-1.0,-3.0906694,2.0906693935394287,5.0,4.0,1.9093306064605713,1,1,1
florida_vs_ucf_20230315,2023-03-15,florida,UCF,2023,-18.0,1.3583186,19.358318567276,-2.5,-20.5,-1.141681432723999,0,0,1
florida-am_vs_arkansasâpine bluff_20230114,2023-01-14,florida-am,ArkansasâPine Bluff,2023,-13.0,-1.2850085,11.714991450309753,2.0,-11.0,0.7149914503097534,1,0,0
florida-am_vs_mississippi valley state_20230116,2023-01-16,florida-am,Mississippi Valley State,2023,1.0,1.1626164,0.16261637210845947,-2.5,-1.5,-1.3373836278915405,0,0,1
florida-am_vs_alabama a&m_20230128,2023-01-28,florida-am,Alabama A&M,2023,-5.0,-2.8595505,2.1404495239257812,4.0,-1.0,1.1404495239257812,1,0,0
florida-am_vs_alabama state_20230130,2023-01-30,florida-am,Alabama State,2023,11.0,-1.7595301,12.759530067443848,2.5,13.5,0.7404699325561523,1,1,1
florida-am_vs_jackson state_20230211,2023-02-11,florida-am,Jackson State,2023,-11.0,-2.7238355,8.276164531707764,5.5,-5.5,2.7761645317077637,1,0,0
florida-am_vs_alcorn state_20230213,2023-02-13,florida-am,Alcorn State,2023,-3.0,-6.2361865,3.2361865043640137,8.0,5.0,1.7638134956359863,1,1,1
florida-am_vs_southern_20230227,2023-02-27,florida-am,Southern,2023,-2.0,-4.8479104,2.8479104042053223,7.0,5.0,2.1520895957946777,1,1,1
florida-atlantic_vs_bryant_20221117,2022-11-17,florida-atlantic,Bryant,2023,11.0,8.735948,2.264052391052246,-7.5,3.5,1.235947608947754,1,1,1
florida-atlantic_vs_detroit mercy_20221119,2022-11-19,florida-atlantic,Detroit Mercy,2023,21.0,10.883911,10.1160888671875,-10.5,10.5,0.3839111328125,1,1,1
florida-atlantic_vs_south alabama_20221130,2022-11-30,florida-atlantic,South Alabama,2023,25.0,8.039398,16.960601806640625,-6.0,19.0,2.039398193359375,1,1,1
florida-atlantic_vs_florida gulf coast_20221207,2022-12-07,florida-atlantic,Florida Gulf Coast,2023,32.0,7.0316644,24.96833562850952,-7.0,25.0,0.031664371490478516,1,1,1
florida-atlantic_vs_florida international_20221217,2022-12-17,florida-atlantic,Florida International,2023,26.0,14.190256,11.809743881225586,-14.5,11.5,-0.30974388122558594,0,1,0
florida-atlantic_vs_northern kentucky_20221221,2022-12-21,florida-atlantic,Northern Kentucky,2023,15.0,14.578116,0.42188358306884766,-13.0,2.0,1.5781164169311523,1,1,1
florida-atlantic_vs_uab_20230105,2023-01-05,florida-atlantic,UAB,2023,2.0,2.132063,0.1320629119873047,-2.0,0.0,0.1320629119873047,1,0,0
florida-atlantic_vs_charlotte_20230107,2023-01-07,florida-atlantic,Charlotte,2023,4.0,9.742381,5.7423810958862305,-8.5,-4.5,1.2423810958862305,1,0,0
florida-atlantic_vs_north texas_20230114,2023-01-14,florida-atlantic,North Texas,2023,4.0,1.8149304,2.1850695610046387,-3.0,1.0,-1.1850695610046387,0,1,0
florida-atlantic_vs_middle tennessee_20230126,2023-01-26,florida-atlantic,Middle Tennessee,2023,18.0,8.900177,9.099822998046875,-8.5,9.5,0.400177001953125,1,1,1
florida-atlantic_vs_western kentucky_20230128,2023-01-28,florida-atlantic,Western Kentucky,2023,7.0,11.621227,4.621227264404297,-12.5,-5.5,-0.8787727355957031,0,0,1
florida-atlantic_vs_rice_20230209,2023-02-09,florida-atlantic,Rice,2023,9.0,13.93182,4.931819915771484,-14.0,-5.0,-0.06818008422851562,0,0,1
florida-atlantic_vs_louisiana tech_20230211,2023-02-11,florida-atlantic,Louisiana Tech,2023,5.0,10.57995,5.579950332641602,-11.0,-6.0,-0.42004966735839844,0,0,1
florida-atlantic_vs_utsa_20230223,2023-02-23,florida-atlantic,UTSA,2023,40.0,18.871603,21.12839698791504,-17.5,22.5,1.371603012084961,1,1,1
florida-atlantic_vs_utep_20230225,2023-02-25,florida-atlantic,UTEP,2023,26.0,11.498562,14.50143814086914,-12.0,14.0,-0.5014381408691406,0,1,0
florida-atlantic_vs_western kentucky_20230309,2023-03-09,florida-atlantic,Western Kentucky,2023,24.0,10.290462,13.709538459777832,-10.5,13.5,-0.20953845977783203,0,1,0
florida-atlantic_vs_middle tennessee_20230310,2023-03-10,florida-atlantic,Middle Tennessee,2023,3.0,9.57349,6.573490142822266,-10.5,-7.5,-0.9265098571777344,0,0,1
florida-atlantic_vs_memphis_20230317,2023-03-17,florida-atlantic,Memphis,2023,1.0,-0.11099716,1.110997162759304,1.5,2.5,1.389002837240696,1,1,1
florida-atlantic_vs_tennessee_20230323,2023-03-23,florida-atlantic,Tennessee,2023,7.0,-2.7929208,9.7929208278656,4.5,11.5,1.7070791721343994,1,1,1
florida-atlantic_vs_kansas state_20230325,2023-03-25,florida-atlantic,Kansas State,2023,3.0,-0.067673616,3.0676736161112785,1.0,4.0,0.9323263838887215,1,1,1
florida-atlantic_vs_san diego state_20230401,2023-04-01,florida-atlantic,San Diego State,2023,-1.0,-0.7063397,0.2936602830886841,2.5,1.5,1.793660283088684,1,1,1
florida-gulf-coast_vs_northern kentucky_20221121,2022-11-21,florida-gulf-coast,Northern Kentucky,2023,21.0,-1.4370672,22.43706715106964,2.5,23.5,1.0629328489303589,1,1,1
florida-gulf-coast_vs_kansas city_20221123,2022-11-23,florida-gulf-coast,Kansas City,2023,14.0,6.3543377,7.645662307739258,-6.0,8.0,0.3543376922607422,1,1,1
florida-gulf-coast_vs_florida international_20221204,2022-12-04,florida-gulf-coast,Florida International,2023,9.0,7.082116,1.9178838729858398,-7.0,2.0,0.08211612701416016,1,1,1
florida-gulf-coast_vs_mercer_20221210,2022-12-10,florida-gulf-coast,Mercer,2023,5.0,5.8087444,0.8087444305419922,-6.5,-1.5,-0.6912555694580078,0,0,1
florida-gulf-coast_vs_canisius_20221221,2022-12-21,florida-gulf-coast,Canisius,2023,3.0,10.693698,7.693697929382324,-12.0,-9.0,-1.3063020706176758,0,0,1
florida-gulf-coast_vs_jacksonville_20221231,2022-12-31,florida-gulf-coast,Jacksonville,2023,7.0,7.1695557,0.1695556640625,-6.0,1.0,1.1695556640625,1,1,1
florida-gulf-coast_vs_north florida_20230107,2023-01-07,florida-gulf-coast,North Florida,2023,25.0,7.353623,17.646377086639404,-7.5,17.5,-0.1463770866394043,0,1,0
florida-gulf-coast_vs_jacksonville state_20230119,2023-01-19,florida-gulf-coast,Jacksonville State,2023,4.0,9.399987,5.39998722076416,-10.0,-6.0,-0.6000127792358398,0,0,1
florida-gulf-coast_vs_kennesaw state_20230121,2023-01-21,florida-gulf-coast,Kennesaw State,2023,-2.0,2.5176713,4.517671346664429,-2.5,-4.5,0.01767134666442871,1,0,0
florida-gulf-coast_vs_central arkansas_20230202,2023-02-02,florida-gulf-coast,Central Arkansas,2023,-4.0,11.125113,15.125112533569336,-11.5,-15.5,-0.37488746643066406,0,0,1
florida-gulf-coast_vs_north alabama_20230204,2023-02-04,florida-gulf-coast,North Alabama,2023,-2.0,7.888814,9.888813972473145,-7.5,-9.5,0.38881397247314453,1,0,0
florida-gulf-coast_vs_stetson_20230218,2023-02-18,florida-gulf-coast,Stetson,2023,-4.0,5.127533,9.127532958984375,-3.5,-7.5,1.627532958984375,1,0,0
florida-gulf-coast_vs_lipscomb_20230222,2023-02-22,florida-gulf-coast,Lipscomb,2023,-9.0,1.9065827,10.906582713127136,-3.0,-12.0,-1.0934172868728638,0,0,1
florida-gulf-coast_vs_austin peay_20230224,2023-02-24,florida-gulf-coast,Austin Peay,2023,18.0,10.793036,7.206963539123535,-11.0,7.0,-0.20696353912353516,0,1,0
florida-gulf-coast_vs_queens (nc)_20230227,2023-02-27,florida-gulf-coast,Queens (NC),2023,-6.0,-2.106587,3.8934130668640137,2.0,-4.0,-0.10658693313598633,0,0,1
florida-international_vs_bryant_20221119,2022-11-19,florida-international,Bryant,2023,-6.0,0.7883801,6.7883800864219666,4.0,-2.0,4.7883800864219666,1,0,0
florida-international_vs_stony brook_20221123,2022-11-23,florida-international,Stony Brook,2023,33.0,8.5663,24.43369960784912,-9.0,24.0,-0.4336996078491211,0,1,0
florida-international_vs_eastern washington_20221127,2022-11-27,florida-international,Eastern Washington,2023,11.0,5.1731734,5.826826572418213,-4.0,7.0,1.173173427581787,1,1,1
florida-international_vs_eastern michigan_20221130,2022-11-30,florida-international,Eastern Michigan,2023,-12.0,8.525649,20.525649070739746,-7.0,-19.0,1.525649070739746,1,0,0
florida-international_vs_incarnate word_20221221,2022-12-21,florida-international,Incarnate Word,2023,5.0,12.228374,7.2283735275268555,-12.5,-7.5,-0.27162647247314453,0,0,1
florida-international_vs_charlotte_20230105,2023-01-05,florida-international,Charlotte,2023,2.0,-4.140024,6.140024185180664,6.0,8.0,1.859975814819336,1,1,1
florida-international_vs_uab_20230107,2023-01-07,florida-international,UAB,2023,3.0,-13.090816,16.090815544128418,12.0,15.0,-1.090815544128418,0,1,0
florida-international_vs_florida atlantic_20230111,2023-01-11,florida-international,Florida Atlantic,2023,-4.0,-10.6292925,6.6292924880981445,10.5,6.5,-0.12929248809814453,0,1,0
florida-international_vs_north texas_20230116,2023-01-16,florida-international,North Texas,2023,-7.0,-7.3301187,0.33011865615844727,8.5,1.5,1.1698813438415527,1,1,1
florida-international_vs_middle tennessee_20230128,2023-01-28,florida-international,Middle Tennessee,2023,8.0,-2.7891443,10.789144277572632,3.5,11.5,0.7108557224273682,1,1,1
florida-international_vs_louisiana tech_20230209,2023-02-09,florida-international,Louisiana Tech,2023,4.0,0.07300282,3.9269971773028374,-1.0,3.0,-0.9269971773028374,0,1,0
florida-international_vs_rice_20230211,2023-02-11,florida-international,Rice,2023,-7.0,0.8760747,7.8760746717453,-3.0,-10.0,-2.1239253282546997,0,0,1
florida-international_vs_utep_20230223,2023-02-23,florida-international,UTEP,2023,-5.0,-1.6340467,3.3659533262252808,2.5,-2.5,0.8659533262252808,1,0,0
florida-international_vs_utsa_20230225,2023-02-25,florida-international,UTSA,2023,-4.0,7.178289,11.17828893661499,-6.5,-10.5,0.6782889366149902,1,0,0
florida-international_vs_louisiana tech_20230308,2023-03-08,florida-international,Louisiana Tech,2023,-5.0,0.52037376,5.5203737616539,-1.0,-6.0,-0.47962623834609985,0,0,1
florida-state_vs_florida_20221118,2022-11-18,florida-state,Florida,2023,-9.0,-6.3009577,2.699042320251465,7.0,-2.0,0.6990423202514648,1,0,0
florida-state_vs_mercer_20221121,2022-11-21,florida-state,Mercer,2023,9.0,8.405364,0.5946359634399414,-7.0,2.0,1.4053640365600586,1,1,1
florida-state_vs_siena_20221124,2022-11-24,florida-state,Siena,2023,-17.0,9.406276,26.406275749206543,-8.5,-25.5,0.906275749206543,1,0,0
florida-state_vs_stanford_20221125,2022-11-25,florida-state,Stanford,2023,-10.0,-6.161928,3.838071823120117,6.0,-4.0,-0.1619281768798828,0,0,1
florida-state_vs_nebraska_20221127,2022-11-27,florida-state,Nebraska,2023,-17.0,-1.7765164,15.223483562469482,2.5,-14.5,0.7234835624694824,1,0,0
florida-state_vs_purdue_20221130,2022-11-30,florida-state,Purdue,2023,-10.0,-11.458954,1.458953857421875,16.0,6.0,4.541046142578125,1,1,1
florida-state_vs_louisville_20221210,2022-12-10,florida-state,Louisville,2023,22.0,9.593702,12.40629768371582,-9.5,12.5,0.09370231628417969,1,1,1
florida-state_vs_usc upstate_20221213,2022-12-13,florida-state,USC Upstate,2023,17.0,14.642065,2.3579349517822266,-16.0,1.0,-1.3579349517822266,0,1,0
florida-state_vs_st. john's (ny)_20221217,2022-12-17,florida-state,St. John's (NY),2023,-14.0,-6.875116,7.124884128570557,7.0,-7.0,0.12488412857055664,1,0,0
florida-state_vs_notre dame_20221221,2022-12-21,florida-state,Notre Dame,2023,1.0,-3.1153986,4.115398645401001,2.0,3.0,-1.115398645401001,0,1,0
florida-state_vs_georgia tech_20230107,2023-01-07,florida-state,Georgia Tech,2023,11.0,0.22456875,10.775431245565414,-2.5,8.5,-2.2754312455654144,0,1,0
florida-state_vs_virginia_20230114,2023-01-14,florida-state,Virginia,2023,-9.0,-8.521261,0.47873878479003906,9.5,0.5,0.9787387847900391,1,1,1
florida-state_vs_miami (fl)_20230124,2023-01-24,florida-state,Miami (FL),2023,-23.0,-3.1206944,19.879305601119995,3.0,-20.0,-0.12069439888000488,0,0,1
florida-state_vs_clemson_20230128,2023-01-28,florida-state,Clemson,2023,-1.0,-2.696359,1.6963589191436768,2.5,1.5,-0.19635891914367676,0,1,0
florida-state_vs_syracuse_20230208,2023-02-08,florida-state,Syracuse,2023,-9.0,-3.2533076,5.746692419052124,3.5,-5.5,0.24669241905212402,1,0,0
florida-state_vs_pittsburgh_20230211,2023-02-11,florida-state,Pittsburgh,2023,-8.0,-4.51633,3.483670234680176,4.0,-4.0,-0.5163297653198242,0,0,1
florida-state_vs_boston college_20230218,2023-02-18,florida-state,Boston College,2023,-6.0,2.2894275,8.289427518844604,-3.0,-9.0,-0.7105724811553955,0,0,1
florida-state_vs_north carolina_20230227,2023-02-27,florida-state,North Carolina,2023,-11.0,-7.205392,3.7946081161499023,8.0,-3.0,0.7946081161499023,1,0,0
florida-state_vs_georgia tech_20230307,2023-03-07,florida-state,Georgia Tech,2023,-1.0,-1.7406822,0.7406822443008423,2.0,1.0,0.2593177556991577,1,1,1
fordham_vs_new hampshire_20221115,2022-11-15,fordham,New Hampshire,2023,18.0,7.5562634,10.443736553192139,-7.5,10.5,0.05626344680786133,1,1,1
fordham_vs_illinoisâchicago_20221119,2022-11-19,fordham,IllinoisâChicago,2023,14.0,6.4518476,7.548152446746826,-7.5,6.5,-1.0481524467468262,0,1,0
fordham_vs_holy cross_20221121,2022-11-21,fordham,Holy Cross,2023,14.0,12.787457,1.2125425338745117,-13.0,1.0,-0.21254253387451172,0,1,0
fordham_vs_stonehill_20221122,2022-11-22,fordham,Stonehill,2023,11.0,12.6094475,1.6094474792480469,-11.5,-0.5,1.1094474792480469,1,0,0
fordham_vs_harvard_20221127,2022-11-27,fordham,Harvard,2023,8.0,0.4033829,7.596617102622986,-3.0,5.0,-2.596617102622986,0,1,0
fordham_vs_maine_20221130,2022-11-30,fordham,Maine,2023,5.0,10.008676,5.008675575256348,-9.5,-4.5,0.5086755752563477,1,0,0
fordham_vs_wagner_20221206,2022-12-06,fordham,Wagner,2023,13.0,8.078631,4.921368598937988,-8.5,4.5,-0.4213685989379883,0,1,0
fordham_vs_binghamton_20221209,2022-12-09,fordham,Binghamton,2023,15.0,12.655327,2.3446731567382812,-13.0,2.0,-0.34467315673828125,0,1,0
fordham_vs_central connecticut state_20221211,2022-12-11,fordham,Central Connecticut State,2023,13.0,13.11511,0.11511039733886719,-14.5,-1.5,-1.3848896026611328,0,0,1
fordham_vs_vmi_20221222,2022-12-22,fordham,VMI,2023,3.0,13.521426,10.5214262008667,-13.5,-10.5,0.02142620086669922,1,0,0
fordham_vs_davidson_20221228,2022-12-28,fordham,Davidson,2023,-14.0,0.12953492,14.129534915089607,-1.5,-15.5,-1.3704650849103928,0,0,1
fordham_vs_saint joseph's_20230107,2023-01-07,fordham,Saint Joseph's,2023,12.0,2.8821673,9.117832660675049,-4.0,8.0,-1.1178326606750488,0,1,0
fordham_vs_dayton_20230110,2023-01-10,fordham,Dayton,2023,-24.0,-5.939322,18.060678005218506,7.5,-16.5,1.5606780052185059,1,0,0
fordham_vs_george washington_20230128,2023-01-28,fordham,George Washington,2023,15.0,0.93661153,14.063388466835022,-3.5,11.5,-2.563388466835022,0,1,0
fordham_vs_saint louis_20230131,2023-01-31,fordham,Saint Louis,2023,10.0,-3.5822616,13.582261562347412,4.0,14.0,0.4177384376525879,1,1,1
fordham_vs_massachusetts_20230208,2023-02-08,fordham,Massachusetts,2023,10.0,6.33848,3.661520004272461,-6.5,3.5,-0.16152000427246094,0,1,0
fordham_vs_st. bonaventure_20230215,2023-02-15,fordham,St. Bonaventure,2023,15.0,4.327674,10.67232608795166,-4.5,10.5,-0.17232608795166016,0,1,0
fordham_vs_rhode island_20230225,2023-02-25,fordham,Rhode Island,2023,3.0,8.06363,5.063630104064941,-8.5,-5.5,-0.4363698959350586,0,0,1
fordham_vs_duquesne_20230304,2023-03-04,fordham,Duquesne,2023,27.0,-0.83621204,27.836212038993835,0.0,27.0,-0.8362120389938354,0,1,0
fordham_vs_la salle_20230309,2023-03-09,fordham,La Salle,2023,8.0,5.7427545,2.2572455406188965,-6.0,2.0,-0.2572455406188965,0,1,0
fresno-state_vs_san francisco_20221116,2022-11-16,fresno-state,San Francisco,2023,-7.0,-1.5005946,5.499405384063721,-1.5,-8.5,-3.0005946159362793,0,0,1
fresno-state_vs_washington_20221123,2022-11-23,fresno-state,Washington,2023,-5.0,-2.818778,2.1812219619750977,2.5,-2.5,-0.31877803802490234,0,0,1
fresno-state_vs_vanderbilt_20221124,2022-11-24,fresno-state,Vanderbilt,2023,-8.0,-3.246854,4.753145933151245,4.0,-4.0,0.7531459331512451,1,0,0
fresno-state_vs_cal state northridge_20221207,2022-12-07,fresno-state,Cal State Northridge,2023,9.0,12.469366,3.4693660736083984,-13.0,-4.0,-0.5306339263916016,0,0,1
fresno-state_vs_sacramento state_20221217,2022-12-17,fresno-state,Sacramento State,2023,-6.0,8.946226,14.946226119995117,-9.5,-15.5,-0.5537738800048828,0,0,1
fresno-state_vs_wyoming_20221228,2022-12-28,fresno-state,Wyoming,2023,5.0,0.57257444,4.427425563335419,1.0,6.0,1.5725744366645813,1,1,1
fresno-state_vs_new mexico_20230103,2023-01-03,fresno-state,New Mexico,2023,4.0,-3.4722588,7.472258806228638,3.5,7.5,0.027741193771362305,1,1,1
fresno-state_vs_air force_20230114,2023-01-14,fresno-state,Air Force,2023,-3.0,1.0113989,4.011398911476135,-2.5,-5.5,-1.4886010885238647,0,0,1
fresno-state_vs_unlv_20230121,2023-01-21,fresno-state,UNLV,2023,13.0,-2.2493834,15.249383449554443,3.0,16.0,0.7506165504455566,1,1,1
fresno-state_vs_utah state_20230128,2023-01-28,fresno-state,Utah State,2023,-17.0,-4.126127,12.873873233795166,4.5,-12.5,0.373873233795166,1,0,0
fresno-state_vs_san jose state_20230207,2023-02-07,fresno-state,San Jose State,2023,8.0,0.4850655,7.5149345099925995,-3.0,5.0,-2.5149345099925995,0,1,0
fresno-state_vs_san diego state_20230215,2023-02-15,fresno-state,San Diego State,2023,-2.0,-6.6752605,4.675260543823242,8.0,6.0,1.3247394561767578,1,1,1
fresno-state_vs_colorado state_20230218,2023-02-18,fresno-state,Colorado State,2023,-3.0,0.10800721,3.1080072075128555,-1.5,-4.5,-1.3919927924871445,0,0,1
fresno-state_vs_nevada_20230224,2023-02-24,fresno-state,Nevada,2023,-4.0,-2.4081774,1.591822624206543,3.0,-1.0,0.591822624206543,1,0,0
fresno-state_vs_chicago state_20230304,2023-03-04,fresno-state,Chicago State,2023,36.0,10.751715,25.2482852935791,-12.5,23.5,-1.7482852935791016,0,1,0
furman_vs_penn state_20221117,2022-11-17,furman,Penn State,2023,-5.0,0.8172324,5.817232370376587,2.5,-2.5,3.317232370376587,1,0,0
furman_vs_old dominion_20221118,2022-11-18,furman,Old Dominion,2023,-5.0,7.846844,12.84684419631958,-7.5,-12.5,0.3468441963195801,1,0,0
furman_vs_south carolina_20221120,2022-11-20,furman,South Carolina,2023,19.0,6.7283893,12.271610736846924,-7.0,12.0,-0.27161073684692383,0,1,0
furman_vs_south carolina state_20221203,2022-12-03,furman,South Carolina State,2023,12.0,24.674341,12.674341201782227,-26.0,-14.0,-1.3256587982177734,0,0,1
furman_vs_high point_20221206,2022-12-06,furman,High Point,2023,-3.0,10.934152,13.934151649475098,-12.0,-15.0,-1.0658483505249023,0,0,1
furman_vs_winthrop_20221210,2022-12-10,furman,Winthrop,2023,15.0,12.611613,2.3883867263793945,-13.5,1.5,-0.8883867263793945,0,1,0
furman_vs_stephen f. austin_20221217,2022-12-17,furman,Stephen F. Austin,2023,2.0,6.076211,4.076210975646973,-6.0,-4.0,0.07621097564697266,1,0,0
furman_vs_vmi_20221229,2022-12-29,furman,VMI,2023,23.0,19.328583,3.671417236328125,-19.5,3.5,-0.171417236328125,0,1,0
furman_vs_the citadel_20230104,2023-01-04,furman,The Citadel,2023,25.0,14.126428,10.87357234954834,-15.5,9.5,-1.3735723495483398,0,1,0
furman_vs_unc greensboro_20230114,2023-01-14,furman,UNC Greensboro,2023,-8.0,6.639965,14.639965057373047,-6.0,-14.0,0.6399650573730469,1,0,0
furman_vs_samford_20230125,2023-01-25,furman,Samford,2023,7.0,4.4515066,2.5484933853149414,-4.5,2.5,-0.048493385314941406,0,1,0
furman_vs_chattanooga_20230201,2023-02-01,furman,Chattanooga,2023,21.0,10.236597,10.763402938842773,-10.5,10.5,-0.26340293884277344,0,1,0
furman_vs_wofford_20230204,2023-02-04,furman,Wofford,2023,13.0,9.989759,3.0102405548095703,-10.0,3.0,-0.010240554809570312,0,1,0
furman_vs_western carolina_20230211,2023-02-11,furman,Western Carolina,2023,34.0,12.583706,21.41629409790039,-15.0,19.0,-2.4162940979003906,0,1,0
furman_vs_east tennessee state_20230219,2023-02-19,furman,East Tennessee State,2023,4.0,13.014994,9.014993667602539,-13.5,-9.5,-0.48500633239746094,0,0,1
furman_vs_mercer_20230222,2023-02-22,furman,Mercer,2023,3.0,12.713443,9.7134428024292,-13.0,-10.0,-0.2865571975708008,0,0,1
furman_vs_mercer_20230304,2023-03-04,furman,Mercer,2023,15.0,9.051296,5.948703765869141,-10.0,5.0,-0.9487037658691406,0,1,0
furman_vs_western carolina_20230305,2023-03-05,furman,Western Carolina,2023,3.0,10.959895,7.959895133972168,-12.5,-9.5,-1.540104866027832,0,0,1
furman_vs_virginia_20230316,2023-03-16,furman,Virginia,2023,1.0,-4.015204,5.015203952789307,5.5,6.5,1.4847960472106934,1,1,1
furman_vs_san diego state_20230318,2023-03-18,furman,San Diego State,2023,-23.0,-2.7657804,20.234219551086426,4.5,-18.5,1.7342195510864258,1,0,0
gardner-webb_vs_north carolina a&t_20221119,2022-11-19,gardner-webb,North Carolina A&T,2023,2.0,7.2922907,5.292290687561035,-7.5,-5.5,-0.20770931243896484,0,0,1
gardner-webb_vs_chattanooga_20221203,2022-12-03,gardner-webb,Chattanooga,2023,-11.0,1.3109875,12.31098747253418,-2.0,-13.0,-0.6890125274658203,0,0,1
gardner-webb_vs_north carolina central_20221217,2022-12-17,gardner-webb,North Carolina Central,2023,2.0,7.4427013,5.44270133972168,-6.5,-4.5,0.9427013397216797,1,0,0
gardner-webb_vs_charleston southern_20221229,2022-12-29,gardner-webb,Charleston Southern,2023,20.0,10.238157,9.761842727661133,-8.5,11.5,1.7381572723388672,1,1,1
gardner-webb_vs_radford_20230107,2023-01-07,gardner-webb,Radford,2023,-4.0,4.4311156,8.431115627288818,-4.5,-8.5,-0.06888437271118164,0,0,1
gardner-webb_vs_unc asheville_20230114,2023-01-14,gardner-webb,UNC Asheville,2023,-5.0,5.0825267,10.082526683807373,-5.0,-10.0,0.08252668380737305,1,0,0
gardner-webb_vs_usc upstate_20230125,2023-01-25,gardner-webb,USC Upstate,2023,12.0,5.988094,6.011906147003174,-7.0,5.0,-1.0119061470031738,0,1,0
gardner-webb_vs_high point_20230128,2023-01-28,gardner-webb,High Point,2023,28.0,8.689424,19.31057643890381,-9.0,19.0,-0.3105764389038086,0,1,0
gardner-webb_vs_presbyterian_20230204,2023-02-04,gardner-webb,Presbyterian,2023,8.0,9.361081,1.3610811233520508,-10.5,-2.5,-1.1389188766479492,0,0,1
gardner-webb_vs_campbell_20230211,2023-02-11,gardner-webb,Campbell,2023,4.0,7.4459324,3.445932388305664,-7.5,-3.5,-0.05406761169433594,0,0,1
gardner-webb_vs_winthrop_20230215,2023-02-15,gardner-webb,Winthrop,2023,-8.0,7.2709637,15.270963668823242,-7.5,-15.5,-0.2290363311767578,0,0,1
gardner-webb_vs_longwood_20230223,2023-02-23,gardner-webb,Longwood,2023,-12.0,2.0541048,14.054104804992676,-2.0,-14.0,0.05410480499267578,1,0,0
gardner-webb_vs_usc upstate_20230303,2023-03-03,gardner-webb,USC Upstate,2023,-1.0,4.771604,5.771604061126709,-4.0,-5.0,0.771604061126709,1,0,0
george-mason_vs_longwood_20221111,2022-11-11,george-mason,Longwood,2023,14.0,8.020086,5.979913711547852,-7.0,7.0,1.0200862884521484,1,1,1
george-mason_vs_american_20221113,2022-11-13,george-mason,American,2023,17.0,14.967007,2.0329933166503906,-16.5,0.5,-1.5329933166503906,0,1,0
george-mason_vs_queens (nc)_20221126,2022-11-26,george-mason,Queens (NC),2023,7.0,8.200578,1.200577735900879,-8.0,-1.0,0.2005777359008789,1,0,0
george-mason_vs_hofstra_20221130,2022-11-30,george-mason,Hofstra,2023,4.0,1.8665413,2.133458733558655,-3.5,0.5,-1.6334587335586548,0,1,0
george-mason_vs_toledo_20221203,2022-12-03,george-mason,Toledo,2023,7.0,-2.563586,9.563585996627808,3.0,10.0,0.4364140033721924,1,1,1
george-mason_vs_maryland eastern shore_20221206,2022-12-06,george-mason,Maryland Eastern Shore,2023,13.0,13.729821,0.7298212051391602,-14.5,-1.5,-0.7701787948608398,0,0,1
george-mason_vs_tulane_20221217,2022-12-17,george-mason,Tulane,2023,6.0,-4.1205406,10.120540618896484,5.0,11.0,0.8794593811035156,1,1,1
george-mason_vs_coppin state_20221223,2022-12-23,george-mason,Coppin State,2023,38.0,12.042983,25.957016944885254,-12.0,26.0,0.042983055114746094,1,1,1
george-mason_vs_richmond_20221231,2022-12-31,george-mason,Richmond,2023,4.0,2.2915225,1.70847749710083,-3.0,1.0,-0.7084774971008301,0,1,0
george-mason_vs_loyola chicago_20230107,2023-01-07,george-mason,Loyola Chicago,2023,11.0,4.441961,6.55803918838501,-5.0,6.0,-0.5580391883850098,0,1,0
george-mason_vs_davidson_20230114,2023-01-14,george-mason,Davidson,2023,2.0,4.831882,2.8318819999694824,-4.0,-2.0,0.8318819999694824,1,0,0
george-mason_vs_george washington_20230116,2023-01-16,george-mason,George Washington,2023,-3.0,8.2521105,11.252110481262207,-8.0,-11.0,0.25211048126220703,1,0,0
george-mason_vs_saint joseph's_20230129,2023-01-29,george-mason,Saint Joseph's,2023,-3.0,5.2650013,8.26500129699707,-6.0,-9.0,-0.7349987030029297,0,0,1
george-mason_vs_massachusetts_20230201,2023-02-01,george-mason,Massachusetts,2023,11.0,6.01966,4.980340003967285,-6.5,4.5,-0.48034000396728516,0,1,0
george-mason_vs_rhode island_20230211,2023-02-11,george-mason,Rhode Island,2023,8.0,5.0843225,2.915677547454834,-5.0,3.0,0.08432245254516602,1,1,1
george-mason_vs_la salle_20230218,2023-02-18,george-mason,La Salle,2023,4.0,5.4321055,1.432105541229248,-5.5,-1.5,-0.06789445877075195,0,0,1
george-mason_vs_fordham_20230301,2023-03-01,george-mason,Fordham,2023,6.0,1.7580935,4.241906523704529,-3.5,2.5,-1.7419065237045288,0,1,0
george-mason_vs_richmond_20230308,2023-03-08,george-mason,Richmond,2023,5.0,1.9810257,3.0189743041992188,-3.0,2.0,-1.0189743041992188,0,1,0
george-mason_vs_saint louis_20230309,2023-03-09,george-mason,Saint Louis,2023,-28.0,-3.7974033,24.20259666442871,4.5,-23.5,0.7025966644287109,1,0,0
georgetown_vs_green bay_20221112,2022-11-12,georgetown,Green Bay,2023,34.0,21.779814,12.220186233520508,-17.5,16.5,4.279813766479492,1,1,1
georgetown_vs_northwestern_20221115,2022-11-15,georgetown,Northwestern,2023,-12.0,-0.055330537,11.944669462740421,1.5,-10.5,1.4446694627404213,1,0,0
georgetown_vs_loyola marymount_20221118,2022-11-18,georgetown,Loyola Marymount,2023,-18.0,3.1247473,21.124747276306152,-4.5,-22.5,-1.3752527236938477,0,0,1
georgetown_vs_la salle_20221120,2022-11-20,georgetown,La Salle,2023,7.0,3.3562193,3.6437807083129883,-3.5,3.5,-0.14378070831298828,0,1,0
georgetown_vs_american_20221123,2022-11-23,georgetown,American,2023,-4.0,12.0567255,16.05672550201416,-14.5,-18.5,-2.44327449798584,0,0,1
georgetown_vs_umbc_20221126,2022-11-26,georgetown,UMBC,2023,9.0,10.833619,1.8336191177368164,-10.0,-1.0,0.8336191177368164,1,0,0
georgetown_vs_south carolina_20221203,2022-12-03,georgetown,South Carolina,2023,-3.0,5.8254046,8.825404644012451,-5.5,-8.5,0.32540464401245117,1,0,0
georgetown_vs_siena_20221207,2022-12-07,georgetown,Siena,2023,7.0,5.795752,1.2042479515075684,-5.0,2.0,0.7957520484924316,1,1,1
georgetown_vs_xavier_20221216,2022-12-16,georgetown,Xavier,2023,-13.0,-10.803111,2.1968889236450195,10.5,-2.5,-0.30311107635498047,0,0,1
georgetown_vs_butler_20230101,2023-01-01,georgetown,Butler,2023,-29.0,-4.5087047,24.491295337677002,4.5,-24.5,-0.008704662322998047,0,0,1
georgetown_vs_villanova_20230104,2023-01-04,georgetown,Villanova,2023,-16.0,-7.2695727,8.730427265167236,9.5,-6.5,2.2304272651672363,1,0,0
georgetown_vs_seton hall_20230110,2023-01-10,georgetown,Seton Hall,2023,-15.0,-8.645727,6.354272842407227,8.5,-6.5,-0.14572715759277344,0,0,1
georgetown_vs_depaul_20230124,2023-01-24,georgetown,DePaul,2023,5.0,-0.9978079,5.9978079199790955,1.5,6.5,0.5021920800209045,1,1,1
georgetown_vs_creighton_20230201,2023-02-01,georgetown,Creighton,2023,-10.0,-13.820424,3.8204240798950195,13.0,3.0,-0.8204240798950195,0,1,0
georgetown_vs_connecticut_20230204,2023-02-04,georgetown,Connecticut,2023,-6.0,-13.45841,7.458410263061523,13.5,7.5,0.04158973693847656,1,1,1
georgetown_vs_marquette_20230211,2023-02-11,georgetown,Marquette,2023,-14.0,-10.7782545,3.221745491027832,11.0,-3.0,0.22174549102783203,1,0,0
georgetown_vs_st. john's (ny)_20230222,2023-02-22,georgetown,St. John's (NY),2023,-9.0,-2.1597273,6.840272665023804,2.0,-7.0,-0.1597273349761963,0,0,1
georgetown_vs_providence_20230226,2023-02-26,georgetown,Providence,2023,-20.0,-6.783341,13.21665906906128,6.5,-13.5,-0.2833409309387207,0,0,1
georgetown_vs_villanova_20230308,2023-03-08,georgetown,Villanova,2023,-32.0,-10.001184,21.998815536499023,11.0,-21.0,0.9988155364990234,1,0,0
george-washington_vs_maryland eastern shore_20221118,2022-11-18,george-washington,Maryland Eastern Shore,2023,5.0,10.770235,5.770235061645508,-11.5,-6.5,-0.7297649383544922,0,0,1
george-washington_vs_new hampshire_20221126,2022-11-26,george-washington,New Hampshire,2023,21.0,9.742427,11.257573127746582,-10.5,10.5,-0.757573127746582,0,1,0
george-washington_vs_south carolina_20221130,2022-11-30,george-washington,South Carolina,2023,24.0,1.4010905,22.598909497261047,-3.0,21.0,-1.5989094972610474,0,1,0
george-washington_vs_american_20221210,2022-12-10,george-washington,American,2023,-5.0,4.9866157,9.986615657806396,-5.0,-10.0,-0.013384342193603516,0,0,1
george-washington_vs_coppin state_20221213,2022-12-13,george-washington,Coppin State,2023,12.0,7.688962,4.311038017272949,-7.0,5.0,0.6889619827270508,1,1,1
george-washington_vs_washington state_20221222,2022-12-22,george-washington,Washington State,2023,-2.0,-11.971808,9.971808433532715,10.5,8.5,-1.4718084335327148,0,1,0
george-washington_vs_pepperdine_20221223,2022-12-23,george-washington,Pepperdine,2023,-11.0,-2.5518603,8.448139667510986,3.0,-8.0,0.44813966751098633,1,0,0
george-washington_vs_seattle_20221225,2022-12-25,george-washington,Seattle,2023,-18.0,-2.1708372,15.829162836074829,2.5,-15.5,0.3291628360748291,1,0,0
george-washington_vs_massachusetts_20230107,2023-01-07,george-washington,Massachusetts,2023,8.0,-1.0888174,9.088817358016968,1.5,9.5,0.4111826419830322,1,1,1
george-washington_vs_saint louis_20230114,2023-01-14,george-washington,Saint Louis,2023,-7.0,-1.9699574,5.03004264831543,2.5,-4.5,0.5300426483154297,1,0,0
george-washington_vs_dayton_20230121,2023-01-21,george-washington,Dayton,2023,7.0,-7.7393126,14.739312648773193,8.5,15.5,0.7606873512268066,1,1,1
george-washington_vs_saint joseph's_20230125,2023-01-25,george-washington,Saint Joseph's,2023,1.0,3.3324032,2.3324031829833984,-4.0,-3.0,-0.6675968170166016,0,0,1
george-washington_vs_richmond_20230208,2023-02-08,george-washington,Richmond,2023,2.0,-0.9272044,2.9272043704986572,1.0,3.0,0.07279562950134277,1,1,1
george-washington_vs_george mason_20230215,2023-02-15,george-washington,George Mason,2023,-13.0,0.30079815,13.300798147916794,0.0,-13.0,0.3007981479167938,1,0,0
george-washington_vs_la salle_20230225,2023-02-25,george-washington,La Salle,2023,7.0,2.00456,4.9954400062561035,-3.0,4.0,-0.9954400062561035,0,1,0
george-washington_vs_vcu_20230304,2023-03-04,george-washington,VCU,2023,-6.0,-6.951171,0.9511709213256836,6.5,0.5,-0.4511709213256836,0,1,0
george-washington_vs_saint joseph's_20230308,2023-03-08,george-washington,Saint Joseph's,2023,-11.0,1.0851271,12.085127115249634,-2.0,-13.0,-0.9148728847503662,0,0,1
georgia_vs_miami (oh)_20221114,2022-11-14,georgia,Miami (OH),2023,7.0,11.275532,4.275531768798828,-12.0,-5.0,-0.7244682312011719,0,0,1
georgia_vs_bucknell_20221118,2022-11-18,georgia,Bucknell,2023,4.0,10.604342,6.604342460632324,-12.5,-8.5,-1.8956575393676758,0,0,1
georgia_vs_saint joseph's_20221121,2022-11-21,georgia,Saint Joseph's,2023,13.0,3.393836,9.60616397857666,-2.5,10.5,0.8938360214233398,1,1,1
georgia_vs_east tennessee state_20221127,2022-11-27,georgia,East Tennessee State,2023,15.0,9.168972,5.831027984619141,-9.0,6.0,0.16897201538085938,1,1,1
georgia_vs_hampton_20221130,2022-11-30,georgia,Hampton,2023,19.0,17.039114,1.960886001586914,-17.5,1.5,-0.46088600158691406,0,1,0
georgia_vs_florida a&m_20221202,2022-12-02,georgia,Florida A&M,2023,22.0,22.324537,0.3245372772216797,-25.0,-3.0,-2.6754627227783203,0,0,1
georgia_vs_notre dame_20221218,2022-12-18,georgia,Notre Dame,2023,15.0,-2.0876567,17.0876567363739,3.5,18.5,1.4123432636260986,1,1,1
georgia_vs_chattanooga_20221221,2022-12-21,georgia,Chattanooga,2023,7.0,5.9383764,1.0616235733032227,-4.0,3.0,1.9383764266967773,1,1,1
georgia_vs_rider_20221228,2022-12-28,georgia,Rider,2023,6.0,9.705162,3.7051620483398438,-9.0,-3.0,0.7051620483398438,1,0,0
georgia_vs_auburn_20230104,2023-01-04,georgia,Auburn,2023,12.0,-5.063817,17.063817024230957,6.5,18.5,1.436182975769043,1,1,1
georgia_vs_mississippi state_20230111,2023-01-11,georgia,Mississippi State,2023,8.0,-1.2345968,9.234596848487854,2.5,10.5,1.265403151512146,1,1,1
georgia_vs_vanderbilt_20230121,2023-01-21,georgia,Vanderbilt,2023,-3.0,3.7831063,6.783106327056885,-4.0,-7.0,-0.21689367294311523,0,0,1
georgia_vs_south carolina_20230128,2023-01-28,georgia,South Carolina,2023,3.0,10.260175,7.260174751281738,-10.5,-7.5,-0.23982524871826172,0,0,1
georgia_vs_kentucky_20230211,2023-02-11,georgia,Kentucky,2023,7.0,-6.0800886,13.08008861541748,7.0,14.0,0.9199113845825195,1,1,1
georgia_vs_louisiana state_20230214,2023-02-14,georgia,Louisiana State,2023,2.0,5.416609,3.4166088104248047,-4.5,-2.5,0.9166088104248047,1,0,0
georgia_vs_missouri_20230225,2023-02-25,georgia,Missouri,2023,-22.0,-1.9164286,20.083571434020996,3.0,-19.0,1.083571434020996,1,0,0
georgia_vs_florida_20230228,2023-02-28,georgia,Florida,2023,-10.0,-1.4209458,8.579054236412048,2.0,-8.0,0.5790542364120483,1,0,0
georgia_vs_louisiana state_20230308,2023-03-08,georgia,Louisiana State,2023,-5.0,-1.5702429,3.4297571182250977,2.5,-2.5,0.9297571182250977,1,0,0
georgia-southern_vs_florida gulf coast_20221130,2022-11-30,georgia-southern,Florida Gulf Coast,2023,-17.0,-4.1870475,12.812952518463135,5.5,-11.5,1.3129525184631348,1,0,0
georgia-southern_vs_wofford_20221210,2022-12-10,georgia-southern,Wofford,2023,22.0,-3.063098,25.063097953796387,5.5,27.5,2.4369020462036133,1,1,1
georgia-southern_vs_morehead state_20221214,2022-12-14,georgia-southern,Morehead State,2023,-3.0,5.376214,8.376214027404785,-5.0,-8.0,0.37621402740478516,1,0,0
georgia-southern_vs_campbell_20221217,2022-12-17,georgia-southern,Campbell,2023,1.0,4.379292,3.3792920112609863,-5.0,-4.0,-0.6207079887390137,0,0,1
georgia-southern_vs_south alabama_20221229,2022-12-29,georgia-southern,South Alabama,2023,14.0,-1.9175059,15.917505860328674,3.0,17.0,1.0824941396713257,1,1,1
georgia-southern_vs_marshall_20230105,2023-01-05,georgia-southern,Marshall,2023,5.0,-7.672731,12.672730922698975,7.0,12.0,-0.6727309226989746,0,1,0
georgia-southern_vs_old dominion_20230107,2023-01-07,georgia-southern,Old Dominion,2023,-6.0,1.6660104,7.66601037979126,-2.0,-8.0,-0.33398962020874023,0,0,1
georgia-southern_vs_louisianaâmonroe_20230119,2023-01-19,georgia-southern,LouisianaâMonroe,2023,-13.0,8.332704,21.332703590393066,-8.5,-21.5,-0.1672964096069336,0,0,1
georgia-southern_vs_georgia state_20230121,2023-01-21,georgia-southern,Georgia State,2023,6.0,5.3781724,0.6218276023864746,-5.5,0.5,-0.12182760238647461,0,1,0
georgia-southern_vs_james madison_20230209,2023-02-09,georgia-southern,James Madison,2023,3.0,-3.8394368,6.839436769485474,5.0,8.0,1.1605632305145264,1,1,1
georgia-southern_vs_arkansas state_20230211,2023-02-11,georgia-southern,Arkansas State,2023,15.0,5.8072267,9.192773342132568,-6.5,8.5,-0.6927733421325684,0,1,0
georgia-southern_vs_coastal carolina_20230222,2023-02-22,georgia-southern,Coastal Carolina,2023,8.0,7.5611663,0.43883371353149414,-7.5,0.5,0.06116628646850586,1,1,1
georgia-southern_vs_appalachian state_20230224,2023-02-24,georgia-southern,Appalachian State,2023,9.0,2.0211294,6.978870630264282,-2.0,7.0,0.021129369735717773,1,1,1
georgia-southern_vs_louisianaâmonroe_20230302,2023-03-02,georgia-southern,LouisianaâMonroe,2023,9.0,5.0260673,3.9739327430725098,-4.5,4.5,0.5260672569274902,1,1,1
georgia-southern_vs_louisiana_20230304,2023-03-04,georgia-southern,Louisiana,2023,-18.0,-6.9900627,11.009937286376953,9.5,-8.5,2.509937286376953,1,0,0
georgia-state_vs_mercer_20221115,2022-11-15,georgia-state,Mercer,2023,2.0,3.6961846,1.6961846351623535,-4.0,-2.0,-0.3038153648376465,0,0,1
georgia-state_vs_eastern kentucky_20221118,2022-11-18,georgia-state,Eastern Kentucky,2023,-1.0,5.3679056,6.367905616760254,-4.5,-5.5,0.8679056167602539,1,0,0
georgia-state_vs_texas a&mâcommerce_20221119,2022-11-19,georgia-state,Texas A&MâCommerce,2023,4.0,8.082177,4.08217716217041,-9.0,-5.0,-0.9178228378295898,0,0,1
georgia-state_vs_unc asheville_20221120,2022-11-20,georgia-state,UNC Asheville,2023,6.0,-0.12832618,6.128326177597046,1.5,7.5,1.371673822402954,1,1,1
georgia-state_vs_belmont_20221127,2022-11-27,georgia-state,Belmont,2023,-2.0,-1.5538008,0.4461991786956787,1.5,-0.5,-0.05380082130432129,0,0,1
georgia-state_vs_rhode island_20221218,2022-12-18,georgia-state,Rhode Island,2023,9.0,2.3861647,6.613835334777832,-2.5,6.5,-0.11383533477783203,0,1,0
georgia-state_vs_james madison_20221229,2022-12-29,georgia-state,James Madison,2023,-16.0,-4.4549513,11.545048713684082,5.5,-10.5,1.045048713684082,1,0,0
georgia-state_vs_south alabama_20221231,2022-12-31,georgia-state,South Alabama,2023,10.0,1.7107745,8.289225459098816,-2.0,8.0,-0.2892254590988159,0,1,0
georgia-state_vs_troy_20230112,2023-01-12,georgia-state,Troy,2023,-12.0,-2.2886634,9.711336612701416,2.5,-9.5,0.21133661270141602,1,0,0
georgia-state_vs_coastal carolina_20230114,2023-01-14,georgia-state,Coastal Carolina,2023,34.0,2.3110695,31.68893051147461,-3.5,30.5,-1.1889305114746094,0,1,0
georgia-state_vs_georgia southern_20230202,2023-02-02,georgia-state,Georgia Southern,2023,4.0,0.24502957,3.75497043132782,-3.0,1.0,-2.75497043132782,0,1,0
georgia-state_vs_southern mississippi_20230204,2023-02-04,georgia-state,Southern Mississippi,2023,-8.0,-2.8564582,5.1435418128967285,3.5,-4.5,0.6435418128967285,1,0,0
georgia-state_vs_old dominion_20230209,2023-02-09,georgia-state,Old Dominion,2023,-3.0,-0.4940474,2.5059525966644287,1.0,-2.0,0.5059525966644287,1,0,0
georgia-state_vs_marshall_20230211,2023-02-11,georgia-state,Marshall,2023,-11.0,-8.074174,2.925826072692871,7.0,-4.0,-1.074173927307129,0,0,1
georgia-state_vs_texas state_20230228,2023-02-28,georgia-state,Texas State,2023,-5.0,-4.033864,0.9661359786987305,5.0,0.0,0.9661359786987305,1,0,0
georgia-tech_vs_northern illinois_20221117,2022-11-17,georgia-tech,Northern Illinois,2023,18.0,13.4820795,4.51792049407959,-13.5,4.5,-0.017920494079589844,0,1,0
georgia-tech_vs_utah_20221121,2022-11-21,georgia-tech,Utah,2023,-4.0,-3.474272,0.5257279872894287,5.0,1.0,1.5257279872894287,1,1,1
georgia-tech_vs_marquette_20221123,2022-11-23,georgia-tech,Marquette,2023,-24.0,-5.2347136,18.765286445617676,7.0,-17.0,1.7652864456176758,1,0,0
georgia-tech_vs_north alabama_20221126,2022-11-26,georgia-tech,North Alabama,2023,19.0,14.201645,4.7983551025390625,-14.5,4.5,-0.2983551025390625,0,1,0
georgia-tech_vs_northeastern_20221202,2022-12-02,georgia-tech,Northeastern,2023,18.0,11.461555,6.538445472717285,-11.0,7.0,0.46155452728271484,1,1,1
georgia-tech_vs_georgia_20221206,2022-12-06,georgia-tech,Georgia,2023,2.0,4.6541905,2.6541905403137207,-4.5,-2.5,0.1541905403137207,1,0,0
georgia-tech_vs_alabama state_20221217,2022-12-17,georgia-tech,Alabama State,2023,36.0,18.062477,17.937522888183594,-16.5,19.5,1.5624771118164062,1,1,1
georgia-tech_vs_clemson_20221221,2022-12-21,georgia-tech,Clemson,2023,-13.0,-1.2700604,11.729939579963684,1.5,-11.5,0.22993957996368408,1,0,0
georgia-tech_vs_virginia_20221231,2022-12-31,georgia-tech,Virginia,2023,-18.0,-7.3888917,10.611108303070068,9.0,-9.0,1.6111083030700684,1,0,0
georgia-tech_vs_miami (fl)_20230104,2023-01-04,georgia-tech,Miami (FL),2023,6.0,-6.6994452,12.699445247650146,6.0,12.0,-0.6994452476501465,0,1,0
georgia-tech_vs_pittsburgh_20230114,2023-01-14,georgia-tech,Pittsburgh,2023,-11.0,-1.8960648,9.103935241699219,2.5,-8.5,0.6039352416992188,1,0,0
georgia-tech_vs_nc state_20230117,2023-01-17,georgia-tech,NC State,2023,-12.0,-4.561896,7.438104152679443,6.0,-6.0,1.4381041526794434,1,0,0
georgia-tech_vs_syracuse_20230121,2023-01-21,georgia-tech,Syracuse,2023,-17.0,-2.3631392,14.636860847473145,3.0,-14.0,0.6368608474731445,1,0,0
georgia-tech_vs_duke_20230128,2023-01-28,georgia-tech,Duke,2023,-43.0,-7.792713,35.2072868347168,9.0,-34.0,1.2072868347167969,1,0,0
georgia-tech_vs_notre dame_20230208,2023-02-08,georgia-tech,Notre Dame,2023,2.0,-0.8690497,2.8690497279167175,1.0,3.0,0.13095027208328247,1,1,1
georgia-tech_vs_virginia tech_20230215,2023-02-15,georgia-tech,Virginia Tech,2023,7.0,-7.151636,14.151636123657227,8.5,15.5,1.3483638763427734,1,1,1
georgia-tech_vs_louisville_20230225,2023-02-25,georgia-tech,Louisville,2023,16.0,7.0510306,8.94896936416626,-7.0,9.0,0.051030635833740234,1,1,1
georgia-tech_vs_pittsburgh_20230308,2023-03-08,georgia-tech,Pittsburgh,2023,-8.0,-5.7962346,2.203765392303467,7.0,-1.0,1.2037653923034668,1,0,0
gonzaga_vs_michigan state_20221111,2022-11-11,gonzaga,Michigan State,2023,1.0,11.734416,10.734416007995605,-12.0,-11.0,-0.26558399200439453,0,0,1
gonzaga_vs_kentucky_20221120,2022-11-20,gonzaga,Kentucky,2023,16.0,2.9718788,13.02812123298645,-4.0,12.0,-1.0281212329864502,0,1,0
gonzaga_vs_portland state_20221125,2022-11-25,gonzaga,Portland State,2023,24.0,23.672659,0.32734107971191406,-27.0,-3.0,-3.327341079711914,0,0,1
gonzaga_vs_purdue_20221125,2022-11-25,gonzaga,Purdue,2023,-18.0,6.8632283,24.86322832107544,-6.5,-24.5,0.36322832107543945,1,0,0
gonzaga_vs_xavier_20221127,2022-11-27,gonzaga,Xavier,2023,4.0,7.9679017,3.9679017066955566,-7.5,-3.5,0.46790170669555664,1,0,0
gonzaga_vs_kent state_20221205,2022-12-05,gonzaga,Kent State,2023,7.0,16.324425,9.324424743652344,-16.0,-9.0,0.32442474365234375,1,0,0
gonzaga_vs_washington_20221209,2022-12-09,gonzaga,Washington,2023,17.0,16.310091,0.6899089813232422,-17.0,0.0,-0.6899089813232422,0,0,1
gonzaga_vs_northern illinois_20221212,2022-12-12,gonzaga,Northern Illinois,2023,21.0,31.14445,10.144449234008789,-32.5,-11.5,-1.355550765991211,0,0,1
gonzaga_vs_montana_20221220,2022-12-20,gonzaga,Montana,2023,10.0,25.602322,15.60232162475586,-23.5,-13.5,2.1023216247558594,1,0,0
gonzaga_vs_pepperdine_20221231,2022-12-31,gonzaga,Pepperdine,2023,23.0,22.467773,0.5322265625,-21.0,2.0,1.4677734375,1,1,1
gonzaga_vs_portland_20230114,2023-01-14,gonzaga,Portland,2023,40.0,18.607536,21.39246368408203,-18.5,21.5,0.10753631591796875,1,1,1
gonzaga_vs_loyola marymount_20230119,2023-01-19,gonzaga,Loyola Marymount,2023,-1.0,16.176807,17.176807403564453,-16.0,-17.0,0.17680740356445312,1,0,0
gonzaga_vs_santa clara_20230202,2023-02-02,gonzaga,Santa Clara,2023,18.0,13.423399,4.576601028442383,-13.0,5.0,0.4233989715576172,1,1,1
gonzaga_vs_san francisco_20230209,2023-02-09,gonzaga,San Francisco,2023,18.0,15.178557,2.8214426040649414,-14.5,3.5,0.6785573959350586,1,1,1
gonzaga_vs_brigham young_20230211,2023-02-11,gonzaga,Brigham Young,2023,7.0,10.710617,3.7106170654296875,-13.0,-6.0,-2.2893829345703125,0,0,1
gonzaga_vs_san diego_20230223,2023-02-23,gonzaga,San Diego,2023,25.0,26.247547,1.2475471496582031,-23.0,2.0,3.247547149658203,1,1,1
gonzaga_vs_chicago state_20230301,2023-03-01,gonzaga,Chicago State,2023,39.0,33.349007,5.650993347167969,-28.0,11.0,5.349006652832031,1,1,1
gonzaga_vs_san francisco_20230306,2023-03-06,gonzaga,San Francisco,2023,11.0,14.002429,3.0024290084838867,-14.0,-3.0,0.0024290084838867188,1,0,0
gonzaga_vs_grand canyon_20230317,2023-03-17,gonzaga,Grand Canyon,2023,12.0,15.299895,3.2998952865600586,-15.5,-3.5,-0.2001047134399414,0,0,1
gonzaga_vs_tcu_20230319,2023-03-19,gonzaga,TCU,2023,3.0,3.298276,0.2982759475708008,-4.5,-1.5,-1.2017240524291992,0,0,1
gonzaga_vs_ucla_20230323,2023-03-23,gonzaga,UCLA,2023,3.0,1.0341033,1.965896725654602,-1.0,2.0,0.03410327434539795,1,1,1
grambling_vs_grand canyon_20221118,2022-11-18,grambling,Grand Canyon,2023,-33.0,-10.096563,22.9034366607666,13.5,-19.5,3.4034366607666016,1,0,0
grambling_vs_arizona state_20221122,2022-11-22,grambling,Arizona State,2023,-31.0,-17.975466,13.024534225463867,18.5,-12.5,0.5245342254638672,1,0,0
grambling_vs_utsa_20221125,2022-11-25,grambling,UTSA,2023,20.0,-2.8404412,22.84044122695923,4.5,24.5,1.6595587730407715,1,1,1
grambling_vs_incarnate word_20221127,2022-11-27,grambling,Incarnate Word,2023,-2.0,8.338673,10.338672637939453,-9.0,-11.0,-0.6613273620605469,0,0,1
grambling_vs_dartmouth_20221128,2022-11-28,grambling,Dartmouth,2023,24.0,2.8816037,21.118396282196045,-2.0,22.0,0.8816037178039551,1,1,1
grambling_vs_incarnate word_20221203,2022-12-03,grambling,Incarnate Word,2023,33.0,8.755129,24.244871139526367,-9.5,23.5,-0.7448711395263672,0,1,0
grambling_vs_vanderbilt_20221209,2022-12-09,grambling,Vanderbilt,2023,2.0,-11.45566,13.455659866333008,14.0,16.0,2.544340133666992,1,1,1
grambling_vs_virginia tech_20221217,2022-12-17,grambling,Virginia Tech,2023,-26.0,-17.195042,8.80495834350586,18.0,-8.0,0.8049583435058594,1,0,0
grambling_vs_liberty_20221219,2022-12-19,grambling,Liberty,2023,-19.0,-11.121437,7.878562927246094,12.0,-7.0,0.8785629272460938,1,0,0
grambling_vs_texas southern_20230104,2023-01-04,grambling,Texas Southern,2023,13.0,0.0020469716,12.997953028418124,2.5,15.5,2.5020469715818763,1,1,1
grambling_vs_bethune-cookman_20230107,2023-01-07,grambling,Bethune-Cookman,2023,6.0,9.895212,3.895212173461914,-10.5,-4.5,-0.6047878265380859,0,0,1
grambling_vs_florida a&m_20230109,2023-01-09,grambling,Florida A&M,2023,5.0,14.913911,9.913910865783691,-15.5,-10.5,-0.5860891342163086,0,0,1
grambling_vs_southern_20230114,2023-01-14,grambling,Southern,2023,-8.0,-1.9660821,6.0339179039001465,3.5,-4.5,1.5339179039001465,1,0,0
grambling_vs_mississippi valley state_20230121,2023-01-21,grambling,Mississippi Valley State,2023,4.0,10.274655,6.274655342102051,-8.5,-4.5,1.7746553421020508,1,0,0
grambling_vs_arkansasâpine bluff_20230123,2023-01-23,grambling,ArkansasâPine Bluff,2023,7.0,3.0701447,3.9298553466796875,-2.5,4.5,0.5701446533203125,1,1,1
grambling_vs_jackson state_20230128,2023-01-28,grambling,Jackson State,2023,12.0,6.2298837,5.770116329193115,-6.5,5.5,-0.27011632919311523,0,1,0
grambling_vs_alcorn state_20230130,2023-01-30,grambling,Alcorn State,2023,-3.0,4.969888,7.969888210296631,-5.0,-8.0,-0.03011178970336914,0,0,1
grambling_vs_alabama state_20230204,2023-02-04,grambling,Alabama State,2023,13.0,6.2980237,6.701976299285889,-5.5,7.5,0.7980237007141113,1,1,1
grambling_vs_alabama a&m_20230206,2023-02-06,grambling,Alabama A&M,2023,6.0,2.3534806,3.646519422531128,-3.5,2.5,-1.146519422531128,0,1,0
grambling_vs_texas southern_20230211,2023-02-11,grambling,Texas Southern,2023,19.0,6.183163,12.816836833953857,-5.0,14.0,1.1831631660461426,1,1,1
grambling_vs_southern_20230218,2023-02-18,grambling,Southern,2023,5.0,3.2885337,1.7114663124084473,-2.5,2.5,0.7885336875915527,1,1,1
grambling_vs_florida a&m_20230225,2023-02-25,grambling,Florida A&M,2023,14.0,8.908836,5.091163635253906,-9.5,4.5,-0.5911636352539062,0,1,0
grambling_vs_bethune-cookman_20230227,2023-02-27,grambling,Bethune-Cookman,2023,12.0,5.8769913,6.123008728027344,-7.5,4.5,-1.6230087280273438,0,1,0
grambling_vs_alabama a&m_20230302,2023-03-02,grambling,Alabama A&M,2023,12.0,7.0751576,4.924842357635498,-8.0,4.0,-0.924842357635498,0,1,0
grambling_vs_alabama state_20230304,2023-03-04,grambling,Alabama State,2023,20.0,9.96225,10.037750244140625,-11.0,9.0,-1.037750244140625,0,1,0
grambling_vs_bethune-cookman_20230308,2023-03-08,grambling,Bethune-Cookman,2023,15.0,8.134726,6.865274429321289,-8.5,6.5,-0.36527442932128906,0,1,0
grambling_vs_jackson state_20230310,2023-03-10,grambling,Jackson State,2023,9.0,4.931452,4.068548202514648,-5.5,3.5,-0.5685482025146484,0,1,0
grambling_vs_texas southern_20230311,2023-03-11,grambling,Texas Southern,2023,-3.0,3.9596047,6.959604740142822,-3.5,-6.5,0.45960474014282227,1,0,0
grand-canyon_vs_wichita state_20221121,2022-11-21,grand-canyon,Wichita State,2023,-12.0,1.5236633,13.52366328239441,0.0,-12.0,1.5236632823944092,1,0,0
grand-canyon_vs_northern iowa_20221122,2022-11-22,grand-canyon,Northern Iowa,2023,2.0,4.693414,2.6934142112731934,-4.5,-2.5,0.19341421127319336,1,0,0
grand-canyon_vs_alcorn state_20221129,2022-11-29,grand-canyon,Alcorn State,2023,8.0,14.3167305,6.316730499267578,-14.0,-6.0,0.3167304992675781,1,0,0
grand-canyon_vs_loyola marymount_20221207,2022-12-07,grand-canyon,Loyola Marymount,2023,-4.0,3.7229009,7.722900867462158,-3.5,-7.5,0.2229008674621582,1,0,0
grand-canyon_vs_north texas_20221210,2022-12-10,grand-canyon,North Texas,2023,-2.0,-1.6378529,0.36214709281921387,3.5,1.5,1.8621470928192139,1,1,1
grand-canyon_vs_pepperdine_20221217,2022-12-17,grand-canyon,Pepperdine,2023,10.0,4.3719907,5.62800931930542,-5.0,5.0,-0.6280093193054199,0,1,0
grand-canyon_vs_idaho state_20221220,2022-12-20,grand-canyon,Idaho State,2023,2.0,14.280318,12.280318260192871,-15.0,-13.0,-0.7196817398071289,0,0,1
grand-canyon_vs_california baptist_20221229,2022-12-29,grand-canyon,California Baptist,2023,14.0,5.751189,8.248810768127441,-6.0,8.0,-0.2488107681274414,0,1,0
grand-canyon_vs_ut arlington_20230112,2023-01-12,grand-canyon,UT Arlington,2023,32.0,10.167446,21.83255386352539,-11.0,21.0,-0.8325538635253906,0,1,0
grand-canyon_vs_utah tech_20230118,2023-01-18,grand-canyon,Utah Tech,2023,4.0,12.9807825,8.980782508850098,-13.0,-9.0,-0.019217491149902344,0,0,1
grand-canyon_vs_utah valley_20230121,2023-01-21,grand-canyon,Utah Valley,2023,-2.0,0.7158932,2.7158932089805603,-3.0,-5.0,-2.2841067910194397,0,0,1
grand-canyon_vs_stephen f. austin_20230204,2023-02-04,grand-canyon,Stephen F. Austin,2023,3.0,3.4686797,0.46867966651916504,-4.0,-1.0,-0.531320333480835,0,0,1
grand-canyon_vs_new mexico state_20230208,2023-02-08,grand-canyon,New Mexico State,2023,11.0,6.386307,4.6136932373046875,-7.0,4.0,-0.6136932373046875,0,1,0
grand-canyon_vs_abilene christian_20230217,2023-02-17,grand-canyon,Abilene Christian,2023,10.0,6.25263,3.7473697662353516,-6.5,3.5,-0.24736976623535156,0,1,0
grand-canyon_vs_seattle_20230224,2023-02-24,grand-canyon,Seattle,2023,-11.0,6.283838,17.28383779525757,-6.0,-17.0,0.28383779525756836,1,0,0
grand-canyon_vs_ut arlington_20230307,2023-03-07,grand-canyon,UT Arlington,2023,5.0,8.604575,3.6045751571655273,-9.5,-4.5,-0.8954248428344727,0,0,1
grand-canyon_vs_seattle_20230309,2023-03-09,grand-canyon,Seattle,2023,5.0,1.6746655,3.3253345489501953,-2.5,2.5,-0.8253345489501953,0,1,0
grand-canyon_vs_sam houston state_20230310,2023-03-10,grand-canyon,Sam Houston State,2023,3.0,-2.8816104,5.88161039352417,2.5,5.5,-0.3816103935241699,0,1,0
grand-canyon_vs_southern utah_20230311,2023-03-11,grand-canyon,Southern Utah,2023,18.0,-0.18425088,18.184250876307487,1.0,19.0,0.8157491236925125,1,1,1
green-bay_vs_queens (nc)_20221118,2022-11-18,green-bay,Queens (NC),2023,-16.0,-6.352268,9.64773178100586,7.5,-8.5,1.1477317810058594,1,0,0
green-bay_vs_utah valley_20221120,2022-11-20,green-bay,Utah Valley,2023,-23.0,-13.536921,9.463079452514648,12.0,-11.0,-1.5369205474853516,0,0,1
green-bay_vs_illinoisâchicago_20221126,2022-11-26,green-bay,IllinoisâChicago,2023,-14.0,-2.3862214,11.613778591156006,5.0,-9.0,2.613778591156006,1,0,0
green-bay_vs_milwaukee_20221201,2022-12-01,green-bay,Milwaukee,2023,-14.0,-7.1288557,6.8711442947387695,7.0,-7.0,-0.12885570526123047,0,0,1
green-bay_vs_iupui_20221205,2022-12-05,green-bay,IUPUI,2023,7.0,6.3839555,0.6160445213317871,-6.0,1.0,0.3839554786682129,1,1,1
green-bay_vs_kansas city_20221210,2022-12-10,green-bay,Kansas City,2023,6.0,-6.444335,12.444334983825684,6.5,12.5,0.055665016174316406,1,1,1
green-bay_vs_wright state_20230112,2023-01-12,green-bay,Wright State,2023,-32.0,-10.36354,21.636460304260254,10.0,-22.0,-0.3635396957397461,0,0,1
green-bay_vs_northern kentucky_20230114,2023-01-14,green-bay,Northern Kentucky,2023,-21.0,-9.108149,11.891851425170898,10.0,-11.0,0.8918514251708984,1,0,0
green-bay_vs_youngstown state_20230119,2023-01-19,green-bay,Youngstown State,2023,-16.0,-11.5690365,4.430963516235352,15.5,-0.5,3.9309635162353516,1,0,0
green-bay_vs_robert morris_20230121,2023-01-21,green-bay,Robert Morris,2023,-34.0,-8.309099,25.690900802612305,9.0,-25.0,0.6909008026123047,1,0,0
green-bay_vs_oakland_20230209,2023-02-09,green-bay,Oakland,2023,-12.0,-9.060154,2.9398460388183594,11.0,-1.0,1.9398460388183594,1,0,0
green-bay_vs_detroit mercy_20230211,2023-02-11,green-bay,Detroit Mercy,2023,-5.0,-11.500637,6.500637054443359,12.5,7.5,0.9993629455566406,1,1,1
green-bay_vs_cleveland state_20230223,2023-02-23,green-bay,Cleveland State,2023,-11.0,-11.297701,0.2977008819580078,13.0,2.0,1.7022991180419922,1,1,1
hampton_vs_north alabama_20221122,2022-11-22,hampton,North Alabama,2023,-1.0,-1.029344,0.02934396266937256,1.5,0.5,0.47065603733062744,1,1,1
hampton_vs_howard_20221203,2022-12-03,hampton,Howard,2023,9.0,-1.3155583,10.315558314323425,1.5,10.5,0.1844416856765747,1,1,1
hampton_vs_loyola (md)_20221207,2022-12-07,hampton,Loyola (MD),2023,5.0,-1.5749006,6.5749006271362305,2.0,7.0,0.42509937286376953,1,1,1
hampton_vs_bowling green_20221211,2022-12-11,hampton,Bowling Green,2023,-14.0,-2.3720686,11.627931356430054,3.0,-11.0,0.6279313564300537,1,0,0
hampton_vs_norfolk state_20221217,2022-12-17,hampton,Norfolk State,2023,-12.0,-11.352825,0.6471748352050781,12.0,0.0,0.6471748352050781,1,0,0
hampton_vs_texas southern_20221218,2022-12-18,hampton,Texas Southern,2023,-5.0,-3.573387,1.4266130924224854,6.5,1.5,2.9266130924224854,1,1,1
hampton_vs_hofstra_20230105,2023-01-05,hampton,Hofstra,2023,-16.0,-9.952872,6.047127723693848,10.5,-5.5,0.5471277236938477,1,0,0
hampton_vs_northeastern_20230107,2023-01-07,hampton,Northeastern,2023,-16.0,-4.078534,11.921465873718262,6.0,-10.0,1.9214658737182617,1,0,0
hampton_vs_north carolina a&t_20230116,2023-01-16,hampton,North Carolina A&T,2023,-12.0,-3.2053175,8.794682502746582,5.5,-6.5,2.294682502746582,1,0,0
hampton_vs_delaware_20230126,2023-01-26,hampton,Delaware,2023,1.0,-10.959522,11.959522247314453,10.0,11.0,-0.9595222473144531,0,1,0
hampton_vs_stony brook_20230128,2023-01-28,hampton,Stony Brook,2023,-5.0,-0.08289603,4.917103968560696,-1.0,-6.0,-1.0828960314393044,0,0,1
hampton_vs_william & mary_20230202,2023-02-02,hampton,William & Mary,2023,5.0,-2.0666277,7.066627740859985,1.5,6.5,-0.5666277408599854,0,1,0
hampton_vs_norfolk state_20230204,2023-02-04,hampton,Norfolk State,2023,-12.0,-8.696388,3.3036117553710938,9.0,-3.0,0.30361175537109375,1,0,0
hampton_vs_college of charleston_20230211,2023-02-11,hampton,College of Charleston,2023,-13.0,-18.276867,5.276866912841797,17.0,4.0,-1.2768669128417969,0,1,0
hampton_vs_drexel_20230218,2023-02-18,hampton,Drexel,2023,3.0,-4.454625,7.454625129699707,4.5,7.5,0.04537487030029297,1,1,1
hampton_vs_monmouth_20230223,2023-02-23,hampton,Monmouth,2023,5.0,2.9578242,2.042175769805908,-2.5,2.5,0.4578242301940918,1,1,1
hampton_vs_monmouth_20230303,2023-03-03,hampton,Monmouth,2023,-36.0,1.062566,37.06256604194641,1.0,-35.0,2.062566041946411,1,0,0
harvard_vs_siena_20221120,2022-11-20,harvard,Siena,2023,10.0,1.7642866,8.235713362693787,-3.0,7.0,-1.2357133626937866,0,1,0
harvard_vs_loyola chicago_20221125,2022-11-25,harvard,Loyola Chicago,2023,6.0,-0.25402227,6.254022270441055,2.5,8.5,2.2459777295589447,1,1,1
harvard_vs_howard_20221218,2022-12-18,harvard,Howard,2023,-12.0,9.045797,21.04579734802246,-10.0,-22.0,-0.9542026519775391,0,0,1
harvard_vs_columbia_20230114,2023-01-14,harvard,Columbia,2023,22.0,12.907421,9.092578887939453,-13.5,8.5,-0.5925788879394531,0,1,0
harvard_vs_dartmouth_20230116,2023-01-16,harvard,Dartmouth,2023,-1.0,9.707807,10.707806587219238,-10.0,-11.0,-0.2921934127807617,0,0,1
harvard_vs_cornell_20230121,2023-01-21,harvard,Cornell,2023,6.0,-0.43117008,6.431170076131821,1.0,7.0,0.5688299238681793,1,1,1
harvard_vs_yale_20230203,2023-02-03,harvard,Yale,2023,-11.0,-1.7603438,9.239656209945679,2.5,-8.5,0.7396562099456787,1,0,0
harvard_vs_brown_20230204,2023-02-04,harvard,Brown,2023,-3.0,4.862181,7.862181186676025,-4.0,-7.0,0.8621811866760254,1,0,0
harvard_vs_pennsylvania_20230211,2023-02-11,harvard,Pennsylvania,2023,-8.0,1.7642947,9.764294743537903,-2.0,-10.0,-0.23570525646209717,0,0,1
harvard_vs_princeton_20230225,2023-02-25,harvard,Princeton,2023,-2.0,-0.53377753,1.4662224650382996,-1.0,-3.0,-1.5337775349617004,0,0,1
hawaii_vs_eastern washington_20221113,2022-11-13,hawaii,Eastern Washington,2023,20.0,5.118089,14.881910800933838,-6.0,14.0,-0.8819108009338379,0,1,0
hawaii_vs_sacramento state_20221125,2022-11-25,hawaii,Sacramento State,2023,13.0,6.5319324,6.468067646026611,-7.0,6.0,-0.46806764602661133,0,1,0
hawaii_vs_unlv_20221207,2022-12-07,hawaii,UNLV,2023,-15.0,-6.877519,8.122480869293213,8.0,-7.0,1.122480869293213,1,0,0
hawaii_vs_saint francis (pa)_20221211,2022-12-11,hawaii,Saint Francis (PA),2023,24.0,15.193359,8.806640625,-16.0,8.0,-0.806640625,0,1,0
hawaii_vs_pepperdine_20221222,2022-12-22,hawaii,Pepperdine,2023,6.0,4.345642,1.65435791015625,-4.5,1.5,-0.15435791015625,0,1,0
hawaii_vs_washington state_20221224,2022-12-24,hawaii,Washington State,2023,11.0,-2.213792,13.213792085647583,3.0,14.0,0.786207914352417,1,1,1
hawaii_vs_smu_20221225,2022-12-25,hawaii,SMU,2023,1.0,5.861059,4.861059188842773,-4.5,-3.5,1.3610591888427734,1,0,0
hawaii_vs_cal poly_20221231,2022-12-31,hawaii,Cal Poly,2023,9.0,9.478885,0.4788846969604492,-10.5,-1.5,-1.0211153030395508,0,0,1
hawaii_vs_cal state northridge_20230116,2023-01-16,hawaii,Cal State Northridge,2023,7.0,15.142185,8.14218521118164,-16.0,-9.0,-0.8578147888183594,0,0,1
hawaii_vs_uc irvine_20230225,2023-02-25,hawaii,UC Irvine,2023,5.0,0.90354276,4.096457242965698,-1.5,3.5,-0.5964572429656982,0,1,0
high-point_vs_tennessee state_20221123,2022-11-23,high-point,Tennessee State,2023,5.0,4.020585,0.9794149398803711,-3.0,2.0,1.020585060119629,1,1,1
high-point_vs_elon_20221130,2022-11-30,high-point,Elon,2023,14.0,9.4779,4.522100448608398,-10.5,3.5,-1.0221004486083984,0,1,0
high-point_vs_north florida_20221203,2022-12-03,high-point,North Florida,2023,5.0,5.309409,0.30940914154052734,-5.5,-0.5,-0.19059085845947266,0,0,1
high-point_vs_queens (nc)_20221209,2022-12-09,high-point,Queens (NC),2023,-8.0,2.5865715,10.586571455001831,-2.5,-10.5,0.08657145500183105,1,0,0
high-point_vs_gardner-webb_20221231,2022-12-31,high-point,Gardner-Webb,2023,-7.0,0.022961628,7.022961627691984,2.0,-5.0,2.022961627691984,1,0,0
high-point_vs_unc asheville_20230104,2023-01-04,high-point,UNC Asheville,2023,-4.0,2.403519,6.403518915176392,-2.5,-6.5,-0.0964810848236084,0,0,1
high-point_vs_presbyterian_20230114,2023-01-14,high-point,Presbyterian,2023,8.0,3.6038325,4.396167516708374,-5.0,3.0,-1.396167516708374,0,1,0
high-point_vs_winthrop_20230118,2023-01-18,high-point,Winthrop,2023,5.0,0.09592742,4.90407258272171,-1.5,3.5,-1.4040725827217102,0,1,0
high-point_vs_campbell_20230125,2023-01-25,high-point,Campbell,2023,-8.0,1.9252186,9.92521858215332,-1.5,-9.5,0.4252185821533203,1,0,0
high-point_vs_charleston southern_20230204,2023-02-04,high-point,Charleston Southern,2023,8.0,0.41338918,7.586610823869705,-2.0,6.0,-1.5866108238697052,0,1,0
high-point_vs_longwood_20230211,2023-02-11,high-point,Longwood,2023,-3.0,-6.0157766,3.0157766342163086,7.0,4.0,0.9842233657836914,1,1,1
high-point_vs_usc upstate_20230218,2023-02-18,high-point,USC Upstate,2023,15.0,0.11056026,14.8894397392869,1.0,16.0,1.1105602607131004,1,1,1
high-point_vs_radford_20230222,2023-02-22,high-point,Radford,2023,5.0,-2.1454794,7.145479440689087,2.0,7.0,-0.14547944068908691,0,1,0
hofstra_vs_iona_20221111,2022-11-11,hofstra,Iona,2023,5.0,-4.5064793,9.506479263305664,2.5,7.5,-2.006479263305664,0,1,0
hofstra_vs_george washington_20221114,2022-11-14,hofstra,George Washington,2023,5.0,7.2906246,2.2906246185302734,-8.0,-3.0,-0.7093753814697266,0,0,1
hofstra_vs_middle tennessee_20221125,2022-11-25,hofstra,Middle Tennessee,2023,-10.0,-1.25912,8.740880012512207,1.0,-9.0,-0.25911998748779297,0,0,1
hofstra_vs_unc greensboro_20221126,2022-11-26,hofstra,UNC Greensboro,2023,12.0,-1.793726,13.793725967407227,1.5,13.5,-0.29372596740722656,0,1,0
hofstra_vs_quinnipiac_20221127,2022-11-27,hofstra,Quinnipiac,2023,2.0,2.5215158,0.5215158462524414,-4.0,-2.0,-1.4784841537475586,0,0,1
hofstra_vs_massachusetts_20221211,2022-12-11,hofstra,Massachusetts,2023,-15.0,0.75311464,15.753114640712738,1.0,-14.0,1.753114640712738,1,0,0
hofstra_vs_north carolina a&t_20221231,2022-12-31,hofstra,North Carolina A&T,2023,-2.0,10.204374,12.204374313354492,-11.5,-13.5,-1.2956256866455078,0,0,1
hofstra_vs_monmouth_20230111,2023-01-11,hofstra,Monmouth,2023,20.0,17.784033,2.2159671783447266,-18.0,2.0,-0.21596717834472656,0,1,0
hofstra_vs_delaware_20230114,2023-01-14,hofstra,Delaware,2023,24.0,9.124536,14.87546443939209,-9.5,14.5,-0.37546443939208984,0,1,0
hofstra_vs_unc wilmington_20230119,2023-01-19,hofstra,UNC Wilmington,2023,24.0,1.8581314,22.141868591308594,-3.5,20.5,-1.6418685913085938,0,1,0
hofstra_vs_towson_20230202,2023-02-02,hofstra,Towson,2023,4.0,2.7169344,1.2830655574798584,-3.0,1.0,-0.2830655574798584,0,1,0
hofstra_vs_stony brook_20230204,2023-02-04,hofstra,Stony Brook,2023,21.0,11.735949,9.26405143737793,-12.5,8.5,-0.7640514373779297,0,1,0
hofstra_vs_drexel_20230213,2023-02-13,hofstra,Drexel,2023,14.0,8.40838,5.591620445251465,-9.0,5.0,-0.5916204452514648,0,1,0
hofstra_vs_hampton_20230216,2023-02-16,hofstra,Hampton,2023,30.0,17.474157,12.525842666625977,-17.0,13.0,0.47415733337402344,1,1,1
hofstra_vs_northeastern_20230225,2023-02-25,hofstra,Northeastern,2023,32.0,12.704738,19.295262336730957,-14.0,18.0,-1.295262336730957,0,1,0
hofstra_vs_william & mary_20230305,2023-03-05,hofstra,William & Mary,2023,48.0,12.865708,35.134291648864746,-14.5,33.5,-1.634291648864746,0,1,0
hofstra_vs_unc wilmington_20230306,2023-03-06,hofstra,UNC Wilmington,2023,-6.0,4.581934,10.581933975219727,-7.0,-13.0,-2.4180660247802734,0,0,1
hofstra_vs_cincinnati_20230318,2023-03-18,hofstra,Cincinnati,2023,-14.0,-1.262517,12.737483024597168,1.5,-12.5,0.23748302459716797,1,0,0
holy-cross_vs_stonehill_20221119,2022-11-19,holy-cross,Stonehill,2023,-2.0,0.88894933,2.8889493346214294,-1.5,-3.5,-0.6110506653785706,0,0,1
holy-cross_vs_illinoisâchicago_20221122,2022-11-22,holy-cross,IllinoisâChicago,2023,-23.0,-4.459067,18.54093313217163,5.5,-17.5,1.0409331321716309,1,0,0
holy-cross_vs_harvard_20221130,2022-11-30,holy-cross,Harvard,2023,-34.0,-10.987377,23.012622833251953,10.5,-23.5,-0.4873771667480469,0,0,1
holy-cross_vs_central connecticut state_20221203,2022-12-03,holy-cross,Central Connecticut State,2023,6.0,-0.12847602,6.128476023674011,1.5,7.5,1.3715239763259888,1,1,1
holy-cross_vs_quinnipiac_20221207,2022-12-07,holy-cross,Quinnipiac,2023,-4.0,-7.954839,3.9548392295837402,8.5,4.5,0.5451607704162598,1,1,1
holy-cross_vs_bucknell_20221230,2022-12-30,holy-cross,Bucknell,2023,2.0,-4.8479986,6.84799861907959,6.0,8.0,1.1520013809204102,1,1,1
holy-cross_vs_american_20230105,2023-01-05,holy-cross,American,2023,-5.0,-3.8613653,1.1386346817016602,5.5,0.5,1.6386346817016602,1,1,1
holy-cross_vs_loyola (md)_20230108,2023-01-08,holy-cross,Loyola (MD),2023,8.0,2.1984963,5.801503658294678,-2.0,6.0,0.19849634170532227,1,1,1
holy-cross_vs_colgate_20230118,2023-01-18,holy-cross,Colgate,2023,-6.0,-13.879647,7.879647254943848,13.5,7.5,-0.37964725494384766,0,1,0
holy-cross_vs_lehigh_20230125,2023-01-25,holy-cross,Lehigh,2023,-6.0,-1.5227047,4.477295279502869,3.0,-3.0,1.4772952795028687,1,0,0
holy-cross_vs_navy_20230204,2023-02-04,holy-cross,Navy,2023,-18.0,-4.826201,13.17379903793335,6.0,-12.0,1.1737990379333496,1,0,0
holy-cross_vs_lafayette_20230206,2023-02-06,holy-cross,Lafayette,2023,-14.0,-2.5622356,11.437764406204224,2.5,-11.5,-0.06223559379577637,0,0,1
holy-cross_vs_boston university_20230215,2023-02-15,holy-cross,Boston University,2023,2.0,-2.519457,4.519457101821899,3.0,5.0,0.4805428981781006,1,1,1
holy-cross_vs_army_20230225,2023-02-25,holy-cross,Army,2023,-15.0,-3.9601855,11.039814472198486,4.0,-11.0,0.03981447219848633,1,0,0
houston_vs_saint joseph's_20221111,2022-11-11,houston,Saint Joseph's,2023,26.0,23.550388,2.4496116638183594,-22.5,3.5,1.0503883361816406,1,1,1
houston_vs_texas southern_20221116,2022-11-16,houston,Texas Southern,2023,35.0,26.630415,8.369585037231445,-32.0,3.0,-5.369585037231445,0,1,0
houston_vs_kent state_20221126,2022-11-26,houston,Kent State,2023,5.0,20.821213,15.821212768554688,-19.0,-14.0,1.8212127685546875,1,0,0
houston_vs_norfolk state_20221129,2022-11-29,houston,Norfolk State,2023,48.0,22.206312,25.79368782043457,-26.5,21.5,-4.29368782043457,0,1,0
houston_vs_north florida_20221206,2022-12-06,houston,North Florida,2023,34.0,24.785088,9.214912414550781,-32.0,2.0,-7.214912414550781,0,1,0
houston_vs_alabama_20221210,2022-12-10,houston,Alabama,2023,-6.0,6.982417,12.982417106628418,-9.0,-15.0,-2.017582893371582,0,0,1
houston_vs_north carolina a&t_20221213,2022-12-13,houston,North Carolina A&T,2023,28.0,22.411453,5.5885467529296875,-32.5,-4.5,-10.088546752929688,0,0,1
houston_vs_mcneese state_20221221,2022-12-21,houston,McNeese State,2023,39.0,25.246883,13.753116607666016,-36.5,2.5,-11.253116607666016,0,1,0
houston_vs_ucf_20221231,2022-12-31,houston,UCF,2023,6.0,15.564719,9.564719200134277,-15.5,-9.5,0.06471920013427734,1,0,0
houston_vs_smu_20230105,2023-01-05,houston,SMU,2023,34.0,21.906406,12.09359359741211,-20.0,14.0,1.9064064025878906,1,1,1
houston_vs_south florida_20230111,2023-01-11,houston,South Florida,2023,6.0,22.737522,16.73752212524414,-23.5,-17.5,-0.7624778747558594,0,0,1
houston_vs_temple_20230122,2023-01-22,houston,Temple,2023,-1.0,20.95045,21.950450897216797,-19.0,-20.0,1.9504508972167969,1,0,0
houston_vs_cincinnati_20230128,2023-01-28,houston,Cincinnati,2023,6.0,14.145491,8.145490646362305,-14.5,-8.5,-0.3545093536376953,0,0,1
houston_vs_tulsa_20230208,2023-02-08,houston,Tulsa,2023,38.0,24.799187,13.200813293457031,-28.0,10.0,-3.2008132934570312,0,1,0
houston_vs_memphis_20230219,2023-02-19,houston,Memphis,2023,8.0,16.118727,8.11872673034668,-14.5,-6.5,1.6187267303466797,1,0,0
houston_vs_tulane_20230222,2023-02-22,houston,Tulane,2023,30.0,15.570628,14.42937183380127,-15.0,15.0,0.5706281661987305,1,1,1
houston_vs_wichita state_20230302,2023-03-02,houston,Wichita State,2023,17.0,19.360216,2.3602161407470703,-17.5,-0.5,1.8602161407470703,1,0,0
houston_vs_memphis_20230312,2023-03-12,houston,Memphis,2023,-10.0,6.9262033,16.92620325088501,-5.5,-15.5,1.4262032508850098,1,0,0
houston_vs_northern kentucky_20230316,2023-03-16,houston,Northern Kentucky,2023,11.0,20.257812,9.2578125,-19.5,-8.5,0.7578125,1,0,0
houston_vs_miami (fl)_20230324,2023-03-24,houston,Miami (FL),2023,-14.0,10.422245,24.422245025634766,-8.0,-22.0,2.4222450256347656,1,0,0
howard_vs_james madison_20221115,2022-11-15,howard,James Madison,2023,-26.0,-16.018362,9.981637954711914,13.0,-13.0,-3.018362045288086,0,0,1
howard_vs_wyoming_20221118,2022-11-18,howard,Wyoming,2023,-7.0,-13.661535,6.661535263061523,13.5,6.5,-0.16153526306152344,0,1,0
howard_vs_florida international_20221213,2022-12-13,howard,Florida International,2023,12.0,-3.099188,15.099188089370728,3.5,15.5,0.40081191062927246,1,1,1
howard_vs_mount st. mary's_20221221,2022-12-21,howard,Mount St. Mary's,2023,1.0,0.5429682,0.457031786441803,-2.5,-1.5,-1.957031786441803,0,0,1
howard_vs_delaware state_20230107,2023-01-07,howard,Delaware State,2023,20.0,12.064194,7.9358062744140625,-12.5,7.5,-0.4358062744140625,0,1,0
howard_vs_morgan state_20230121,2023-01-21,howard,Morgan State,2023,32.0,3.426414,28.573585987091064,-4.0,28.0,-0.5735859870910645,0,1,0
howard_vs_coppin state_20230123,2023-01-23,howard,Coppin State,2023,14.0,9.557602,4.4423980712890625,-10.0,4.0,-0.4423980712890625,0,1,0
howard_vs_north carolina central_20230128,2023-01-28,howard,North Carolina Central,2023,4.0,0.65572476,3.3442752361297607,-3.0,1.0,-2.3442752361297607,0,1,0
howard_vs_south carolina state_20230130,2023-01-30,howard,South Carolina State,2023,26.0,10.497377,15.502622604370117,-11.5,14.5,-1.0026226043701172,0,1,0
howard_vs_maryland eastern shore_20230213,2023-02-13,howard,Maryland Eastern Shore,2023,9.0,5.0440965,3.9559035301208496,-6.0,3.0,-0.9559035301208496,0,1,0
howard_vs_norfolk state_20230302,2023-03-02,howard,Norfolk State,2023,20.0,-1.8063185,21.806318521499634,2.0,22.0,0.1936814785003662,1,1,1
howard_vs_south carolina state_20230308,2023-03-08,howard,South Carolina State,2023,36.0,7.5872564,28.41274356842041,-8.0,28.0,-0.41274356842041016,0,1,0
howard_vs_maryland eastern shore_20230310,2023-03-10,howard,Maryland Eastern Shore,2023,19.0,2.3834171,16.6165828704834,-3.5,15.5,-1.1165828704833984,0,1,0
howard_vs_norfolk state_20230311,2023-03-11,howard,Norfolk State,2023,1.0,-2.610475,3.6104750633239746,2.0,3.0,-0.6104750633239746,0,1,0
howard_vs_kansas_20230316,2023-03-16,howard,Kansas,2023,-28.0,-18.2829,9.717100143432617,21.5,-6.5,3.217100143432617,1,0,0
idaho_vs_cal state bakersfield_20221116,2022-11-16,idaho,Cal State Bakersfield,2023,-9.0,2.7246299,11.724629878997803,-2.5,-11.5,0.22462987899780273,1,0,0
idaho_vs_utah tech_20221119,2022-11-19,idaho,Utah Tech,2023,-10.0,-3.250146,6.74985408782959,4.0,-6.0,0.7498540878295898,1,0,0
idaho_vs_northern illinois_20221202,2022-12-02,idaho,Northern Illinois,2023,37.0,-1.2008053,38.20080530643463,2.5,39.5,1.2991946935653687,1,1,1
idaho_vs_north dakota_20221206,2022-12-06,idaho,North Dakota,2023,10.0,2.6086605,7.391339540481567,-3.5,6.5,-0.8913395404815674,0,1,0
idaho_vs_uc riverside_20221211,2022-12-11,idaho,UC Riverside,2023,-2.0,-5.5604935,3.5604934692382812,6.0,4.0,0.43950653076171875,1,1,1
idaho_vs_sacramento state_20230105,2023-01-05,idaho,Sacramento State,2023,-2.0,-1.8393165,0.1606835126876831,3.0,1.0,1.160683512687683,1,1,1
idaho_vs_portland state_20230107,2023-01-07,idaho,Portland State,2023,-16.0,-2.2481246,13.751875400543213,1.5,-14.5,-0.7481245994567871,0,0,1
idaho_vs_montana state_20230116,2023-01-16,idaho,Montana State,2023,4.0,-9.444278,13.4442777633667,9.0,13.0,-0.4442777633666992,0,1,0
idaho_vs_weber state_20230126,2023-01-26,idaho,Weber State,2023,-8.0,-2.8905096,5.109490394592285,2.5,-5.5,-0.39050960540771484,0,0,1
idaho_vs_idaho state_20230128,2023-01-28,idaho,Idaho State,2023,-4.0,1.487541,5.48754096031189,-2.5,-6.5,-1.0124590396881104,0,0,1
idaho_vs_eastern washington_20230211,2023-02-11,idaho,Eastern Washington,2023,-7.0,-7.220432,0.22043180465698242,7.0,0.0,-0.22043180465698242,0,0,1
idaho_vs_northern colorado_20230216,2023-02-16,idaho,Northern Colorado,2023,2.0,-1.7494049,3.7494049072265625,1.5,3.5,-0.2494049072265625,0,1,0
idaho_vs_northern arizona_20230218,2023-02-18,idaho,Northern Arizona,2023,-22.0,1.1410458,23.141045808792114,-2.5,-24.5,-1.3589541912078857,0,0,1
idaho_vs_montana_20230227,2023-02-27,idaho,Montana,2023,-15.0,-5.323929,9.676071166992188,5.0,-10.0,-0.3239288330078125,0,0,1
idaho_vs_northern arizona_20230304,2023-03-04,idaho,Northern Arizona,2023,-11.0,-3.219835,7.780164957046509,3.5,-7.5,0.2801649570465088,1,0,0
idaho-state_vs_denver_20221118,2022-11-18,idaho-state,Denver,2023,-1.0,0.73349625,1.7334962487220764,-3.5,-4.5,-2.7665037512779236,0,0,1
idaho-state_vs_southern utah_20221203,2022-12-03,idaho-state,Southern Utah,2023,-10.0,-4.8733506,5.126649379730225,4.5,-5.5,-0.3733506202697754,0,0,1
idaho-state_vs_st. thomas_20221210,2022-12-10,idaho-state,St. Thomas,2023,-6.0,-0.7247026,5.275297403335571,1.0,-5.0,0.2752974033355713,1,0,0
idaho-state_vs_northern arizona_20221229,2022-12-29,idaho-state,Northern Arizona,2023,26.0,-1.3255436,27.325543642044067,1.0,27.0,-0.3255436420440674,0,1,0
idaho-state_vs_northern colorado_20221231,2022-12-31,idaho-state,Northern Colorado,2023,7.0,-1.2864511,8.2864511013031,1.5,8.5,0.21354889869689941,1,1,1
idaho-state_vs_sacramento state_20230119,2023-01-19,idaho-state,Sacramento State,2023,4.0,-1.6798373,5.679837346076965,2.5,6.5,0.8201626539230347,1,1,1
idaho-state_vs_portland state_20230121,2023-01-21,idaho-state,Portland State,2023,-7.0,0.83055466,7.830554664134979,-1.5,-8.5,-0.6694453358650208,0,0,1
idaho-state_vs_weber state_20230204,2023-02-04,idaho-state,Weber State,2023,-1.0,-2.4417248,1.4417247772216797,3.0,2.0,0.5582752227783203,1,1,1
idaho-state_vs_montana_20230209,2023-02-09,idaho-state,Montana,2023,-8.0,-2.738175,5.261825084686279,3.5,-4.5,0.7618250846862793,1,0,0
idaho-state_vs_montana state_20230211,2023-02-11,idaho-state,Montana State,2023,-6.0,-6.488536,0.48853588104248047,6.5,0.5,0.011464118957519531,1,1,1
idaho-state_vs_idaho_20230223,2023-02-23,idaho-state,Idaho,2023,10.0,3.4423592,6.557640790939331,-3.5,6.5,-0.057640790939331055,0,1,0
idaho-state_vs_eastern washington_20230225,2023-02-25,idaho-state,Eastern Washington,2023,8.0,-4.204951,12.20495080947876,5.0,13.0,0.7950491905212402,1,1,1
idaho-state_vs_montana_20230306,2023-03-06,idaho-state,Montana,2023,-9.0,-3.3693094,5.630690574645996,4.0,-5.0,0.6306905746459961,1,0,0
illinois_vs_kansas city_20221111,2022-11-11,illinois,Kansas City,2023,38.0,27.613651,10.386348724365234,-25.5,12.5,2.1136512756347656,1,1,1
illinois_vs_monmouth_20221114,2022-11-14,illinois,Monmouth,2023,38.0,27.763826,10.236173629760742,-28.0,10.0,-0.2361736297607422,0,1,0
illinois_vs_ucla_20221118,2022-11-18,illinois,UCLA,2023,9.0,0.15541174,8.84458826482296,3.5,12.5,3.65541173517704,1,1,1
illinois_vs_lindenwood_20221125,2022-11-25,illinois,Lindenwood,2023,33.0,29.984987,3.015012741088867,-33.0,0.0,-3.015012741088867,0,0,1
illinois_vs_syracuse_20221129,2022-11-29,illinois,Syracuse,2023,29.0,12.844394,16.155606269836426,-13.0,16.0,-0.15560626983642578,0,1,0
illinois_vs_texas_20221206,2022-12-06,illinois,Texas,2023,7.0,-2.380623,9.38062310218811,3.0,10.0,0.6193768978118896,1,1,1
illinois_vs_penn state_20221210,2022-12-10,illinois,Penn State,2023,-15.0,11.409954,26.409954071044922,-10.5,-25.5,0.9099540710449219,1,0,0
illinois_vs_alabama a&m_20221217,2022-12-17,illinois,Alabama A&M,2023,21.0,24.364782,3.3647823333740234,-32.5,-11.5,-8.135217666625977,0,0,1
illinois_vs_missouri_20221222,2022-12-22,illinois,Missouri,2023,-22.0,7.7199864,29.71998643875122,-6.5,-28.5,1.2199864387512207,1,0,0
illinois_vs_bethune-cookman_20221229,2022-12-29,illinois,Bethune-Cookman,2023,33.0,25.079798,7.920202255249023,-30.5,2.5,-5.420202255249023,0,1,0
illinois_vs_wisconsin_20230107,2023-01-07,illinois,Wisconsin,2023,10.0,6.602385,3.3976149559020996,-7.5,2.5,-0.8976149559020996,0,1,0
illinois_vs_michigan state_20230113,2023-01-13,illinois,Michigan State,2023,9.0,5.94197,3.058030128479004,-6.5,2.5,-0.5580301284790039,0,1,0
illinois_vs_indiana_20230119,2023-01-19,illinois,Indiana,2023,-15.0,6.317513,21.31751298904419,-6.5,-21.5,-0.18248701095581055,0,0,1
illinois_vs_ohio state_20230124,2023-01-24,illinois,Ohio State,2023,9.0,1.8479278,7.152072191238403,-3.5,5.5,-1.6520721912384033,0,1,0
illinois_vs_nebraska_20230131,2023-01-31,illinois,Nebraska,2023,16.0,12.825338,3.174661636352539,-14.0,2.0,-1.174661636352539,0,1,0
illinois_vs_rutgers_20230211,2023-02-11,illinois,Rutgers,2023,9.0,5.824555,3.175445079803467,-6.0,3.0,-0.1754450798034668,0,1,0
illinois_vs_minnesota_20230220,2023-02-20,illinois,Minnesota,2023,9.0,13.422168,4.422167778015137,-13.5,-4.5,-0.07783222198486328,0,0,1
illinois_vs_northwestern_20230223,2023-02-23,illinois,Northwestern,2023,4.0,6.597366,2.5973658561706543,-7.5,-3.5,-0.9026341438293457,0,0,1
illinois_vs_michigan_20230302,2023-03-02,illinois,Michigan,2023,4.0,4.328974,0.32897377014160156,-5.0,-1.0,-0.6710262298583984,0,0,1
illinois_vs_penn state_20230309,2023-03-09,illinois,Penn State,2023,-3.0,3.4194353,6.419435262680054,-3.0,-6.0,0.4194352626800537,1,0,0
illinois-chicago_vs_stonehill_20221121,2022-11-21,illinois-chicago,Stonehill,2023,6.0,4.8198533,1.1801466941833496,-5.0,1.0,-0.1801466941833496,0,1,0
illinois-chicago_vs_missouri state_20221130,2022-11-30,illinois-chicago,Missouri State,2023,-15.0,-3.6130443,11.386955738067627,4.5,-10.5,0.886955738067627,1,0,0
illinois-chicago_vs_northeastern_20221218,2022-12-18,illinois-chicago,Northeastern,2023,8.0,0.45130432,7.548695683479309,-1.5,6.5,-1.048695683479309,0,1,0
illinois-chicago_vs_illinois state_20221228,2022-12-28,illinois-chicago,Illinois State,2023,4.0,-0.3613131,4.361313104629517,-1.0,3.0,-1.3613131046295166,0,1,0
illinois-chicago_vs_belmont_20230104,2023-01-04,illinois-chicago,Belmont,2023,-6.0,-3.198007,2.801992893218994,4.5,-1.5,1.3019928932189941,1,0,0
illinois-chicago_vs_drake_20230110,2023-01-10,illinois-chicago,Drake,2023,-5.0,-11.729056,6.729056358337402,11.0,6.0,-0.7290563583374023,0,1,0
illinois-chicago_vs_northern iowa_20230121,2023-01-21,illinois-chicago,Northern Iowa,2023,-6.0,-2.9529855,3.0470144748687744,5.0,-1.0,2.0470144748687744,1,0,0
illinois-chicago_vs_bradley_20230129,2023-01-29,illinois-chicago,Bradley,2023,-7.0,-11.620446,4.62044620513916,10.5,3.5,-1.1204462051391602,0,1,0
illinois-chicago_vs_evansville_20230204,2023-02-04,illinois-chicago,Evansville,2023,9.0,8.827112,0.17288780212402344,-9.0,0.0,-0.17288780212402344,0,0,1
illinois-chicago_vs_indiana state_20230215,2023-02-15,illinois-chicago,Indiana State,2023,-19.0,-11.247555,7.752445220947266,11.5,-7.5,0.2524452209472656,1,0,0
illinois-chicago_vs_valparaiso_20230219,2023-02-19,illinois-chicago,Valparaiso,2023,1.0,0.8453472,0.15465277433395386,1.0,2.0,1.8453472256660461,1,1,1
illinois-chicago_vs_southern illinois_20230226,2023-02-26,illinois-chicago,Southern Illinois,2023,-3.0,-5.1411138,2.141113758087158,6.0,3.0,0.8588862419128418,1,1,1
illinois-chicago_vs_missouri state_20230302,2023-03-02,illinois-chicago,Missouri State,2023,-17.0,-7.418197,9.58180284500122,8.0,-9.0,0.5818028450012207,1,0,0
illinois-state_vs_northwestern state_20221117,2022-11-17,illinois-state,Northwestern State,2023,-3.0,7.673174,10.673173904418945,-6.0,-9.0,1.6731739044189453,1,0,0
illinois-state_vs_louisiana state_20221121,2022-11-21,illinois-state,Louisiana State,2023,-16.0,-14.401595,1.598404884338379,12.5,-3.5,-1.901595115661621,0,0,1
illinois-state_vs_western kentucky_20221122,2022-11-22,illinois-state,Western Kentucky,2023,-12.0,-8.011444,3.988555908203125,9.5,-2.5,1.488555908203125,1,0,0
illinois-state_vs_belmont_20221204,2022-12-04,illinois-state,Belmont,2023,10.0,-3.265843,13.265842914581299,4.5,14.5,1.2341570854187012,1,1,1
illinois-state_vs_eastern michigan_20221207,2022-12-07,illinois-state,Eastern Michigan,2023,6.0,7.8921494,1.8921494483947754,-5.5,0.5,2.3921494483947754,1,1,1
illinois-state_vs_siu edwardsville_20221210,2022-12-10,illinois-state,SIU Edwardsville,2023,6.0,1.1743279,4.825672149658203,-2.5,3.5,-1.3256721496582031,0,1,0
illinois-state_vs_chicago state_20221219,2022-12-19,illinois-state,Chicago State,2023,14.0,6.6425157,7.357484340667725,-7.5,6.5,-0.8574843406677246,0,1,0
illinois-state_vs_northern iowa_20221231,2022-12-31,illinois-state,Northern Iowa,2023,-6.0,0.028187107,6.028187107294798,-1.0,-7.0,-0.9718128927052021,0,0,1
illinois-state_vs_indiana state_20230104,2023-01-04,illinois-state,Indiana State,2023,-9.0,-3.7485783,5.251421689987183,5.0,-4.0,1.2514216899871826,1,0,0
illinois-state_vs_missouri state_20230111,2023-01-11,illinois-state,Missouri State,2023,10.0,-3.7295825,13.72958254814148,4.0,14.0,0.2704174518585205,1,1,1
illinois-state_vs_valparaiso_20230121,2023-01-21,illinois-state,Valparaiso,2023,-20.0,6.47613,26.47613000869751,-6.5,-26.5,-0.023869991302490234,0,0,1
illinois-state_vs_southern illinois_20230129,2023-01-29,illinois-state,Southern Illinois,2023,6.0,-3.5389564,9.5389564037323,5.0,11.0,1.4610435962677002,1,1,1
illinois-state_vs_illinoisâchicago_20230201,2023-02-01,illinois-state,IllinoisâChicago,2023,6.0,6.138804,0.13880395889282227,-6.0,0.0,0.13880395889282227,1,0,0
illinois-state_vs_bradley_20230208,2023-02-08,illinois-state,Bradley,2023,-18.0,-5.9733295,12.026670455932617,8.0,-10.0,2.026670455932617,1,0,0
illinois-state_vs_murray state_20230215,2023-02-15,illinois-state,Murray State,2023,-1.0,-0.60826755,0.39173245429992676,-1.5,-2.5,-2.1082675457000732,0,0,1
illinois-state_vs_evansville_20230226,2023-02-26,illinois-state,Evansville,2023,19.0,8.612741,10.387258529663086,-10.0,9.0,-1.387258529663086,0,1,0
illinois-state_vs_northern iowa_20230302,2023-03-02,illinois-state,Northern Iowa,2023,-13.0,-2.9032931,10.096706867218018,4.0,-9.0,1.0967068672180176,1,0,0
incarnate-word_vs_bethune-cookman_20221216,2022-12-16,incarnate-word,Bethune-Cookman,2023,12.0,0.88914496,11.110855042934418,1.0,13.0,1.8891449570655823,1,1,1
incarnate-word_vs_texas a&mâcorpus christi_20230107,2023-01-07,incarnate-word,Texas A&MâCorpus Christi,2023,-9.0,-7.193977,1.806023120880127,8.5,-0.5,1.306023120880127,1,0,0
incarnate-word_vs_new orleans_20230112,2023-01-12,incarnate-word,New Orleans,2023,-6.0,-1.4513015,4.548698544502258,2.5,-3.5,1.0486985445022583,1,0,0
incarnate-word_vs_southeastern louisiana_20230114,2023-01-14,incarnate-word,Southeastern Louisiana,2023,-4.0,-3.9719198,0.028080224990844727,4.5,0.5,0.5280802249908447,1,1,1
incarnate-word_vs_mcneese state_20230126,2023-01-26,incarnate-word,McNeese State,2023,5.0,-2.3783584,7.378358364105225,2.0,7.0,-0.3783583641052246,0,1,0
incarnate-word_vs_lamar_20230209,2023-02-09,incarnate-word,Lamar,2023,-9.0,7.6282063,16.628206253051758,-7.5,-16.5,0.1282062530517578,1,0,0
incarnate-word_vs_northwestern state_20230223,2023-02-23,incarnate-word,Northwestern State,2023,-5.0,-5.2707176,0.2707176208496094,5.5,0.5,0.22928237915039062,1,1,1
incarnate-word_vs_texas a&mâcommerce_20230225,2023-02-25,incarnate-word,Texas A&MâCommerce,2023,4.0,-0.5160887,4.5160887241363525,0.0,4.0,-0.5160887241363525,0,1,0
indiana_vs_bethune-cookman_20221110,2022-11-10,indiana,Bethune-Cookman,2023,52.0,31.34555,20.654449462890625,-33.0,19.0,-1.654449462890625,0,1,0
indiana_vs_miami (oh)_20221120,2022-11-20,indiana,Miami (OH),2023,30.0,25.777613,4.222387313842773,-27.5,2.5,-1.7223873138427734,0,1,0
indiana_vs_little rock_20221123,2022-11-23,indiana,Little Rock,2023,19.0,26.2118,7.211799621582031,-28.5,-9.5,-2.2882003784179688,0,0,1
indiana_vs_jackson state_20221125,2022-11-25,indiana,Jackson State,2023,39.0,24.399572,14.600427627563477,-28.0,11.0,-3.6004276275634766,0,1,0
indiana_vs_north carolina_20221130,2022-11-30,indiana,North Carolina,2023,12.0,5.353205,6.64679479598999,-5.0,7.0,0.35320520401000977,1,1,1
indiana_vs_nebraska_20221207,2022-12-07,indiana,Nebraska,2023,16.0,13.718213,2.2817869186401367,-13.0,3.0,0.7182130813598633,1,1,1
indiana_vs_elon_20221220,2022-12-20,indiana,Elon,2023,24.0,26.126448,2.1264476776123047,-27.0,-3.0,-0.8735523223876953,0,0,1
indiana_vs_kennesaw state_20221223,2022-12-23,indiana,Kennesaw State,2023,14.0,16.479767,2.479766845703125,-16.5,-2.5,-0.020233154296875,0,0,1
indiana_vs_northwestern_20230108,2023-01-08,indiana,Northwestern,2023,-1.0,5.3550615,6.3550615310668945,-6.5,-7.5,-1.1449384689331055,0,0,1
indiana_vs_wisconsin_20230114,2023-01-14,indiana,Wisconsin,2023,18.0,4.915635,13.084364891052246,-5.0,13.0,-0.0843648910522461,0,1,0
indiana_vs_michigan state_20230122,2023-01-22,indiana,Michigan State,2023,13.0,3.8687217,9.131278276443481,-4.5,8.5,-0.6312782764434814,0,1,0
indiana_vs_ohio state_20230128,2023-01-28,indiana,Ohio State,2023,16.0,4.2306824,11.769317626953125,-5.0,11.0,-0.769317626953125,0,1,0
indiana_vs_purdue_20230204,2023-02-04,indiana,Purdue,2023,5.0,0.24316987,4.756830126047134,-1.5,3.5,-1.2568301260471344,0,1,0
indiana_vs_rutgers_20230207,2023-02-07,indiana,Rutgers,2023,6.0,4.7066574,1.2933425903320312,-4.0,2.0,0.7066574096679688,1,1,1
indiana_vs_illinois_20230218,2023-02-18,indiana,Illinois,2023,3.0,5.3647327,2.3647327423095703,-6.5,-3.5,-1.1352672576904297,0,0,1
indiana_vs_iowa_20230228,2023-02-28,indiana,Iowa,2023,-22.0,5.7040734,27.704073429107666,-5.0,-27.0,0.704073429107666,1,0,0
indiana_vs_michigan_20230305,2023-03-05,indiana,Michigan,2023,2.0,4.74449,2.744490146636963,-3.0,-1.0,1.744490146636963,1,0,0
indiana_vs_maryland_20230310,2023-03-10,indiana,Maryland,2023,10.0,1.1856214,8.81437861919403,-2.5,7.5,-1.3143786191940308,0,1,0
indiana_vs_penn state_20230311,2023-03-11,indiana,Penn State,2023,-4.0,2.5718303,6.5718302726745605,-3.5,-7.5,-0.9281697273254395,0,0,1
indiana_vs_kent state_20230317,2023-03-17,indiana,Kent State,2023,11.0,4.187663,6.8123369216918945,-4.0,7.0,0.18766307830810547,1,1,1
indiana_vs_miami (fl)_20230319,2023-03-19,indiana,Miami (FL),2023,-16.0,1.0102494,17.010249376296997,-1.5,-17.5,-0.48975062370300293,0,0,1
indiana-state_vs_north dakota state_20221117,2022-11-17,indiana-state,North Dakota State,2023,26.0,10.854887,15.145112991333008,-11.5,14.5,-0.6451129913330078,0,1,0
indiana-state_vs_kansas city_20221122,2022-11-22,indiana-state,Kansas City,2023,-2.0,9.915114,11.915114402770996,-10.0,-12.0,-0.0848855972290039,0,0,1
indiana-state_vs_drake_20221130,2022-11-30,indiana-state,Drake,2023,2.0,-1.2786525,3.278652548789978,2.5,4.5,1.221347451210022,1,1,1
indiana-state_vs_northern illinois_20221222,2022-12-22,indiana-state,Northern Illinois,2023,-10.0,18.39908,28.399080276489258,-17.5,-27.5,0.8990802764892578,1,0,0
indiana-state_vs_evansville_20221229,2022-12-29,indiana-state,Evansville,2023,28.0,15.326398,12.673602104187012,-15.5,12.5,-0.17360210418701172,0,1,0
indiana-state_vs_illinoisâchicago_20230107,2023-01-07,indiana-state,IllinoisâChicago,2023,20.0,13.54965,6.450349807739258,-13.5,6.5,0.04965019226074219,1,1,1
indiana-state_vs_southern illinois_20230111,2023-01-11,indiana-state,Southern Illinois,2023,-8.0,5.170244,13.170244216918945,-4.5,-12.5,0.6702442169189453,1,0,0
indiana-state_vs_bradley_20230118,2023-01-18,indiana-state,Bradley,2023,-11.0,3.1539352,14.153935194015503,-1.5,-12.5,1.653935194015503,1,0,0
indiana-state_vs_northern iowa_20230128,2023-01-28,indiana-state,Northern Iowa,2023,8.0,5.6802096,2.3197903633117676,-6.0,2.0,-0.3197903633117676,0,1,0
indiana-state_vs_murray state_20230204,2023-02-04,indiana-state,Murray State,2023,43.0,6.4700084,36.5299916267395,-7.0,36.0,-0.529991626739502,0,1,0
indiana-state_vs_valparaiso_20230208,2023-02-08,indiana-state,Valparaiso,2023,22.0,12.600405,9.399595260620117,-13.0,9.0,-0.3995952606201172,0,1,0
indiana-state_vs_illinois state_20230218,2023-02-18,indiana-state,Illinois State,2023,16.0,13.542496,2.4575042724609375,-14.0,2.0,-0.4575042724609375,0,1,0
indiana-state_vs_missouri state_20230226,2023-02-26,indiana-state,Missouri State,2023,-4.0,7.8356247,11.835624694824219,-8.0,-12.0,-0.16437530517578125,0,0,1
indiana-state_vs_usc upstate_20230318,2023-03-18,indiana-state,USC Upstate,2023,5.0,10.307703,5.307703018188477,-11.0,-6.0,-0.6922969818115234,0,0,1
iona_vs_vermont_20221118,2022-11-18,iona,Vermont,2023,21.0,3.5055099,17.494490146636963,-2.5,18.5,1.005509853363037,1,1,1
iona_vs_niagara_20221202,2022-12-02,iona,Niagara,2023,22.0,14.139711,7.860288619995117,-13.0,9.0,1.1397113800048828,1,1,1
iona_vs_canisius_20221204,2022-12-04,iona,Canisius,2023,30.0,14.455656,15.544343948364258,-15.5,14.5,-1.0443439483642578,0,1,0
iona_vs_saint louis_20221206,2022-12-06,iona,Saint Louis,2023,22.0,-0.5891649,22.589164912700653,0.0,22.0,-0.5891649127006531,0,1,0
iona_vs_st. bonaventure_20221211,2022-12-11,iona,St. Bonaventure,2023,15.0,5.9273133,9.072686672210693,-6.5,8.5,-0.5726866722106934,0,1,0
iona_vs_princeton_20221213,2022-12-13,iona,Princeton,2023,6.0,7.1857195,1.1857194900512695,-7.0,-1.0,0.18571949005126953,1,0,0
iona_vs_smu_20221222,2022-12-22,iona,SMU,2023,-4.0,9.52105,13.521050453186035,-9.5,-13.5,0.021050453186035156,1,0,0
iona_vs_seattle_20221223,2022-12-23,iona,Seattle,2023,11.0,7.5846615,3.4153385162353516,-8.0,3.0,-0.41533851623535156,0,1,0
iona_vs_pepperdine_20221225,2022-12-25,iona,Pepperdine,2023,10.0,5.6193748,4.380625247955322,-6.0,4.0,-0.38062524795532227,0,1,0
iona_vs_saint peter's_20230101,2023-01-01,iona,Saint Peter's,2023,18.0,17.368994,0.6310062408447266,-17.5,0.5,-0.13100624084472656,0,1,0
iona_vs_fairfield_20230113,2023-01-13,iona,Fairfield,2023,6.0,17.066042,11.066041946411133,-17.5,-11.5,-0.4339580535888672,0,0,1
iona_vs_rider_20230115,2023-01-15,iona,Rider,2023,-3.0,12.365646,15.365646362304688,-12.5,-15.5,-0.1343536376953125,0,0,1
iona_vs_quinnipiac_20230129,2023-01-29,iona,Quinnipiac,2023,6.0,7.3420777,1.3420777320861816,-8.0,-2.0,-0.6579222679138184,0,0,1
iona_vs_mount st. mary's_20230203,2023-02-03,iona,Mount St. Mary's,2023,30.0,15.857777,14.142223358154297,-16.0,14.0,-0.14222335815429688,0,1,0
iona_vs_manhattan_20230217,2023-02-17,iona,Manhattan,2023,11.0,15.935883,4.935882568359375,-16.0,-5.0,-0.064117431640625,0,0,1
iona_vs_siena_20230226,2023-02-26,iona,Siena,2023,33.0,9.417687,23.58231258392334,-10.0,23.0,-0.5823125839233398,0,1,0
iona_vs_marist_20230302,2023-03-02,iona,Marist,2023,19.0,15.76027,3.239729881286621,-16.0,3.0,-0.2397298812866211,0,1,0
iona_vs_mount st. mary's_20230308,2023-03-08,iona,Mount St. Mary's,2023,20.0,13.056561,6.943438529968262,-14.0,6.0,-0.9434385299682617,0,1,0
iona_vs_niagara_20230310,2023-03-10,iona,Niagara,2023,12.0,13.921298,1.9212980270385742,-13.5,-1.5,0.4212980270385742,1,0,0
iona_vs_marist_20230311,2023-03-11,iona,Marist,2023,21.0,13.201905,7.798094749450684,-14.0,7.0,-0.7980947494506836,0,1,0
iowa_vs_omaha_20221121,2022-11-21,iowa,Omaha,2023,36.0,31.302183,4.697816848754883,-29.0,7.0,2.302183151245117,1,1,1
iowa_vs_tcu_20221126,2022-11-26,iowa,TCU,2023,-13.0,3.923472,16.923471927642822,-6.5,-19.5,-2.5765280723571777,0,0,1
iowa_vs_georgia tech_20221129,2022-11-29,iowa,Georgia Tech,2023,16.0,16.110878,0.11087799072265625,-15.5,0.5,0.6108779907226562,1,1,1
iowa_vs_iowa state_20221208,2022-12-08,iowa,Iowa State,2023,19.0,1.9457946,17.054205417633057,-3.5,15.5,-1.5542054176330566,0,1,0
iowa_vs_wisconsin_20221211,2022-12-11,iowa,Wisconsin,2023,-3.0,4.2927566,7.2927565574646,-4.0,-7.0,0.2927565574645996,1,0,0
iowa_vs_southeast missouri state_20221217,2022-12-17,iowa,Southeast Missouri State,2023,31.0,22.76987,8.23012924194336,-22.5,8.5,0.2698707580566406,1,1,1
iowa_vs_eastern illinois_20221221,2022-12-21,iowa,Eastern Illinois,2023,-9.0,28.832197,37.832197189331055,-31.5,-40.5,-2.6678028106689453,0,0,1
iowa_vs_indiana_20230105,2023-01-05,iowa,Indiana,2023,2.0,1.9055327,0.09446728229522705,-1.0,1.0,0.905532717704773,1,1,1
iowa_vs_michigan_20230112,2023-01-12,iowa,Michigan,2023,9.0,5.548979,3.451021194458008,-5.5,3.5,0.04897880554199219,1,1,1
iowa_vs_maryland_20230115,2023-01-15,iowa,Maryland,2023,14.0,4.5213566,9.478643417358398,-5.5,8.5,-0.9786434173583984,0,1,0
iowa_vs_rutgers_20230129,2023-01-29,iowa,Rutgers,2023,11.0,4.3784986,6.621501445770264,-4.0,7.0,0.37849855422973633,1,1,1
iowa_vs_northwestern_20230131,2023-01-31,iowa,Northwestern,2023,16.0,6.1680593,9.831940650939941,-6.5,9.5,-0.3319406509399414,0,1,0
iowa_vs_illinois_20230204,2023-02-04,iowa,Illinois,2023,2.0,1.9584951,0.041504859924316406,-2.5,-0.5,-0.5415048599243164,0,0,1
iowa_vs_ohio state_20230216,2023-02-16,iowa,Ohio State,2023,17.0,6.1904774,10.80952262878418,-6.5,10.5,-0.3095226287841797,0,1,0
iowa_vs_michigan state_20230225,2023-02-25,iowa,Michigan State,2023,6.0,4.8077726,1.1922273635864258,-5.5,0.5,-0.6922273635864258,0,1,0
iowa_vs_nebraska_20230305,2023-03-05,iowa,Nebraska,2023,-4.0,10.5089035,14.508903503417969,-12.5,-16.5,-1.9910964965820312,0,0,1
iowa_vs_ohio state_20230309,2023-03-09,iowa,Ohio State,2023,-4.0,4.883659,8.88365888595581,-4.0,-8.0,0.8836588859558105,1,0,0
iowa-state_vs_north carolina a&t_20221113,2022-11-13,iowa-state,North Carolina A&T,2023,37.0,17.214525,19.78547477722168,-19.0,18.0,-1.7854747772216797,0,1,0
iowa-state_vs_milwaukee_20221120,2022-11-20,iowa-state,Milwaukee,2023,15.0,26.436323,11.436323165893555,-23.5,-8.5,2.9363231658935547,1,0,0
iowa-state_vs_north carolina_20221125,2022-11-25,iowa-state,North Carolina,2023,5.0,-2.8366978,7.836697816848755,5.5,10.5,2.663302183151245,1,1,1
iowa-state_vs_north dakota_20221130,2022-11-30,iowa-state,North Dakota,2023,19.0,26.237263,7.237262725830078,-24.5,-5.5,1.7372627258300781,1,0,0
iowa-state_vs_st. john's (ny)_20221204,2022-12-04,iowa-state,St. John's (NY),2023,11.0,7.2918553,3.7081446647644043,-6.0,5.0,1.2918553352355957,1,1,1
iowa-state_vs_mcneese state_20221211,2022-12-11,iowa-state,McNeese State,2023,37.0,24.66944,12.330560684204102,-26.5,10.5,-1.8305606842041016,0,1,0
iowa-state_vs_baylor_20221231,2022-12-31,iowa-state,Baylor,2023,15.0,-1.7654204,16.76542043685913,2.0,17.0,0.23457956314086914,1,1,1
iowa-state_vs_texas tech_20230110,2023-01-10,iowa-state,Texas Tech,2023,34.0,4.0873847,29.912615299224854,-4.5,29.5,-0.4126152992248535,0,1,0
iowa-state_vs_texas_20230117,2023-01-17,iowa-state,Texas,2023,11.0,1.5926383,9.40736174583435,-2.5,8.5,-0.9073617458343506,0,1,0
iowa-state_vs_kansas state_20230124,2023-01-24,iowa-state,Kansas State,2023,4.0,4.6741877,0.6741876602172852,-5.5,-1.5,-0.8258123397827148,0,0,1
iowa-state_vs_oklahoma state_20230211,2023-02-11,iowa-state,Oklahoma State,2023,-8.0,5.771823,13.771822929382324,-6.5,-14.5,-0.7281770706176758,0,0,1
iowa-state_vs_tcu_20230215,2023-02-15,iowa-state,TCU,2023,11.0,6.186722,4.8132781982421875,-6.0,5.0,0.1867218017578125,1,1,1
iowa-state_vs_oklahoma_20230225,2023-02-25,iowa-state,Oklahoma,2023,-11.0,7.6527853,18.652785301208496,-7.5,-18.5,0.1527853012084961,1,0,0
iowa-state_vs_west virginia_20230227,2023-02-27,iowa-state,West Virginia,2023,-3.0,4.534549,7.534549236297607,-4.0,-7.0,0.5345492362976074,1,0,0
iowa-state_vs_kansas_20230310,2023-03-10,iowa-state,Kansas,2023,-13.0,-2.2064552,10.79354476928711,4.0,-9.0,1.7935447692871094,1,0,0
iowa-state_vs_pittsburgh_20230317,2023-03-17,iowa-state,Pittsburgh,2023,-18.0,5.524929,23.52492904663086,-4.5,-22.5,1.0249290466308594,1,0,0
ipfw_vs_northwestern_20221118,2022-11-18,ipfw,Northwestern,2023,-8.0,-11.661038,3.661038398742676,11.5,3.5,-0.16103839874267578,0,1,0
ipfw_vs_eastern michigan_20221122,2022-11-22,ipfw,Eastern Michigan,2023,7.0,-1.1040695,8.104069471359253,-3.0,4.0,-4.104069471359253,0,1,0
ipfw_vs_southern mississippi_20221123,2022-11-23,ipfw,Southern Mississippi,2023,-12.0,0.42223337,12.422233372926712,0.0,-12.0,0.42223337292671204,1,0,0
ipfw_vs_detroit mercy_20221201,2022-12-01,ipfw,Detroit Mercy,2023,-9.0,4.077541,13.077540874481201,-5.5,-14.5,-1.4224591255187988,0,0,1
ipfw_vs_oakland_20221203,2022-12-03,ipfw,Oakland,2023,6.0,9.68099,3.680990219116211,-8.0,-2.0,1.680990219116211,1,0,0
ipfw_vs_southeast missouri state_20221207,2022-12-07,ipfw,Southeast Missouri State,2023,21.0,2.426369,18.573631048202515,-1.5,19.5,0.9263689517974854,1,1,1
ipfw_vs_missouri state_20221210,2022-12-10,ipfw,Missouri State,2023,4.0,-4.3892264,8.38922643661499,6.0,10.0,1.6107735633850098,1,1,1
ipfw_vs_texas a&mâcommerce_20221219,2022-12-19,ipfw,Texas A&MâCommerce,2023,17.0,8.545139,8.45486068725586,-9.5,7.5,-0.9548606872558594,0,1,0
ipfw_vs_southern indiana_20221220,2022-12-20,ipfw,Southern Indiana,2023,24.0,4.0514956,19.94850444793701,-5.5,18.5,-1.4485044479370117,0,1,0
ipfw_vs_robert morris_20221229,2022-12-29,ipfw,Robert Morris,2023,-5.0,2.1040647,7.104064702987671,-3.0,-8.0,-0.8959352970123291,0,0,1
ipfw_vs_youngstown state_20221231,2022-12-31,ipfw,Youngstown State,2023,5.0,-4.085521,9.085521221160889,4.0,9.0,-0.08552122116088867,0,1,0
ipfw_vs_green bay_20230105,2023-01-05,ipfw,Green Bay,2023,10.0,19.484467,9.484466552734375,-17.5,-7.5,1.984466552734375,1,0,0
ipfw_vs_milwaukee_20230107,2023-01-07,ipfw,Milwaukee,2023,-4.0,5.390105,9.3901047706604,-7.5,-11.5,-2.1098952293395996,0,0,1
ipfw_vs_iupui_20230112,2023-01-12,ipfw,IUPUI,2023,15.0,15.859801,0.8598012924194336,-15.5,-0.5,0.3598012924194336,1,0,0
ipfw_vs_cleveland state_20230116,2023-01-16,ipfw,Cleveland State,2023,-12.0,4.1524973,16.15249729156494,-5.5,-17.5,-1.3475027084350586,0,0,1
ipfw_vs_wright state_20230119,2023-01-19,ipfw,Wright State,2023,8.0,-2.439913,10.439913034439087,3.5,11.5,1.060086965560913,1,1,1
ipfw_vs_northern kentucky_20230121,2023-01-21,ipfw,Northern Kentucky,2023,-20.0,-1.9847815,18.015218496322632,3.0,-17.0,1.0152184963226318,1,0,0
ipfw_vs_iupui_20230125,2023-01-25,ipfw,IUPUI,2023,6.0,17.997314,11.997314453125,-18.0,-12.0,-0.002685546875,0,0,1
ipfw_vs_cleveland state_20230127,2023-01-27,ipfw,Cleveland State,2023,-5.0,-3.2251341,1.7748658657073975,3.5,-1.5,0.27486586570739746,1,0,0
ipfw_vs_oakland_20230202,2023-02-02,ipfw,Oakland,2023,9.0,-0.9775232,9.97752320766449,2.0,11.0,1.0224767923355103,1,1,1
ipfw_vs_detroit mercy_20230204,2023-02-04,ipfw,Detroit Mercy,2023,-33.0,-1.65684,31.343160033226013,2.0,-31.0,0.3431600332260132,1,0,0
ipfw_vs_youngstown state_20230210,2023-02-10,ipfw,Youngstown State,2023,-9.0,-4.4089327,4.591067314147949,4.0,-5.0,-0.4089326858520508,0,0,1
ipfw_vs_robert morris_20230212,2023-02-12,ipfw,Robert Morris,2023,-7.0,4.341531,11.341530799865723,-5.0,-12.0,-0.6584692001342773,0,0,1
ipfw_vs_northern kentucky_20230217,2023-02-17,ipfw,Northern Kentucky,2023,-13.0,-2.434326,10.565674066543579,3.0,-10.0,0.5656740665435791,1,0,0
ipfw_vs_wright state_20230219,2023-02-19,ipfw,Wright State,2023,2.0,-1.7470697,3.7470697164535522,2.5,4.5,0.7529302835464478,1,1,1
ipfw_vs_milwaukee_20230223,2023-02-23,ipfw,Milwaukee,2023,-2.0,-1.9309368,0.06906318664550781,2.5,0.5,0.5690631866455078,1,1,1
ipfw_vs_green bay_20230225,2023-02-25,ipfw,Green Bay,2023,17.0,9.461863,7.538137435913086,-10.0,7.0,-0.5381374359130859,0,1,0
ipfw_vs_detroit mercy_20230228,2023-02-28,ipfw,Detroit Mercy,2023,-13.0,-4.721328,8.278672218322754,4.0,-9.0,-0.7213277816772461,0,0,1
iupui_vs_drake_20221109,2022-11-09,iupui,Drake,2023,-32.0,-18.257551,13.742448806762695,27.0,-5.0,8.742448806762695,1,0,0
iupui_vs_eastern illinois_20221217,2022-12-17,iupui,Eastern Illinois,2023,-11.0,-1.6456764,9.354323625564575,1.0,-10.0,-0.6456763744354248,0,0,1
iupui_vs_southern indiana_20221219,2022-12-19,iupui,Southern Indiana,2023,-13.0,-12.558322,0.4416780471801758,16.5,3.5,3.941678047180176,1,1,1
iupui_vs_texas a&mâcommerce_20221220,2022-12-20,iupui,Texas A&MâCommerce,2023,10.0,-11.965269,21.965269088745117,12.5,22.5,0.5347309112548828,1,1,1
iupui_vs_northern kentucky_20221231,2022-12-31,iupui,Northern Kentucky,2023,-13.0,-10.961618,2.038381576538086,15.0,2.0,4.038381576538086,1,1,1
iupui_vs_wright state_20230102,2023-01-02,iupui,Wright State,2023,-14.0,-12.380937,1.619063377380371,15.5,1.5,3.119063377380371,1,1,1
iupui_vs_cleveland state_20230114,2023-01-14,iupui,Cleveland State,2023,-35.0,-10.214813,24.785186767578125,10.5,-24.5,0.285186767578125,1,0,0
iupui_vs_oakland_20230119,2023-01-19,iupui,Oakland,2023,-6.0,-9.412967,3.412966728210449,11.5,5.5,2.087033271789551,1,1,1
iupui_vs_detroit mercy_20230121,2023-01-21,iupui,Detroit Mercy,2023,-12.0,-10.601942,1.3980579376220703,13.0,1.0,2.3980579376220703,1,1,1
iupui_vs_milwaukee_20230202,2023-02-02,iupui,Milwaukee,2023,-3.0,-11.843648,8.843647956848145,11.5,8.5,-0.34364795684814453,0,1,0
iupui_vs_green bay_20230204,2023-02-04,iupui,Green Bay,2023,15.0,1.4920914,13.507908582687378,-3.5,11.5,-2.007908582687378,0,1,0
iupui_vs_robert morris_20230223,2023-02-23,iupui,Robert Morris,2023,6.0,-10.001321,16.001320838928223,10.0,16.0,-0.0013208389282226562,0,1,0
iupui_vs_youngstown state_20230225,2023-02-25,iupui,Youngstown State,2023,-14.0,-11.483604,2.5163955688476562,15.0,1.0,3.5163955688476562,1,1,1
jackson-state_vs_mississippi state_20221214,2022-12-14,jackson-state,Mississippi State,2023,-10.0,-19.123272,9.123271942138672,20.5,10.5,1.3767280578613281,1,1,1
jackson-state_vs_texas tech_20221217,2022-12-17,jackson-state,Texas Tech,2023,-50.0,-19.947853,30.052146911621094,18.5,-31.5,-1.4478530883789062,0,0,1
jackson-state_vs_alabama state_20230107,2023-01-07,jackson-state,Alabama State,2023,3.0,6.9563417,3.9563417434692383,-7.5,-4.5,-0.5436582565307617,0,0,1
jackson-state_vs_alabama a&m_20230109,2023-01-09,jackson-state,Alabama A&M,2023,8.0,4.641702,3.358297824859619,-5.5,2.5,-0.8582978248596191,0,1,0
jackson-state_vs_bethune-cookman_20230121,2023-01-21,jackson-state,Bethune-Cookman,2023,4.0,8.530051,4.530051231384277,-9.0,-5.0,-0.46994876861572266,0,0,1
jackson-state_vs_florida a&m_20230123,2023-01-23,jackson-state,Florida A&M,2023,1.0,12.405581,11.4055814743042,-12.5,-11.5,-0.09441852569580078,0,0,1
jackson-state_vs_mississippi valley state_20230204,2023-02-04,jackson-state,Mississippi Valley State,2023,-4.0,10.306211,14.306211471557617,-10.5,-14.5,-0.1937885284423828,0,0,1
jackson-state_vs_arkansasâpine bluff_20230206,2023-02-06,jackson-state,ArkansasâPine Bluff,2023,4.0,3.2026696,0.797330379486084,-3.0,1.0,0.20266962051391602,1,1,1
jackson-state_vs_alcorn state_20230218,2023-02-18,jackson-state,Alcorn State,2023,-15.0,0.92093545,15.920935451984406,0.0,-15.0,0.9209354519844055,1,0,0
jacksonville_vs_charleston southern_20221217,2022-12-17,jacksonville,Charleston Southern,2023,9.0,10.210256,1.2102556228637695,-10.5,-1.5,-0.28974437713623047,0,0,1
jacksonville_vs_jacksonville state_20230102,2023-01-02,jacksonville,Jacksonville State,2023,16.0,4.313741,11.686258792877197,-5.0,11.0,-0.6862587928771973,0,1,0
jacksonville_vs_lipscomb_20230107,2023-01-07,jacksonville,Lipscomb,2023,7.0,1.5334734,5.466526627540588,-3.5,3.5,-1.9665266275405884,0,1,0
jacksonville_vs_liberty_20230119,2023-01-19,jacksonville,Liberty,2023,-14.0,-4.341076,9.658924102783203,6.5,-7.5,2.158924102783203,1,0,0
jacksonville_vs_queens (nc)_20230121,2023-01-21,jacksonville,Queens (NC),2023,7.0,1.0247653,5.975234746932983,-3.0,4.0,-1.9752347469329834,0,1,0
jacksonville_vs_north florida_20230202,2023-02-02,jacksonville,North Florida,2023,-13.0,6.678869,19.678868770599365,-6.0,-19.0,0.6788687705993652,1,0,0
jacksonville_vs_stetson_20230209,2023-02-09,jacksonville,Stetson,2023,-3.0,-0.28424403,2.715755969285965,-3.0,-6.0,-3.284244030714035,0,0,1
jacksonville_vs_florida gulf coast_20230211,2023-02-11,jacksonville,Florida Gulf Coast,2023,-11.0,0.24999355,11.249993547797203,-1.0,-12.0,-0.7500064522027969,0,0,1
jacksonville_vs_bellarmine_20230222,2023-02-22,jacksonville,Bellarmine,2023,-2.0,5.695489,7.695488929748535,-4.5,-6.5,1.1954889297485352,1,0,0
jacksonville_vs_eastern kentucky_20230224,2023-02-24,jacksonville,Eastern Kentucky,2023,-4.0,-0.72180974,3.2781902551651,1.0,-3.0,0.2781902551651001,1,0,0
jacksonville-state_vs_elon_20221122,2022-11-22,jacksonville-state,Elon,2023,25.0,8.610164,16.389836311340332,-8.0,17.0,0.610163688659668,1,1,1
jacksonville-state_vs_northern colorado_20221126,2022-11-26,jacksonville-state,Northern Colorado,2023,-4.0,-1.3256737,2.6743263006210327,2.5,-1.5,1.1743263006210327,1,0,0
jacksonville-state_vs_north dakota state_20221127,2022-11-27,jacksonville-state,North Dakota State,2023,10.0,1.915674,8.084326028823853,-1.5,8.5,0.41567397117614746,1,1,1
jacksonville-state_vs_little rock_20221217,2022-12-17,jacksonville-state,Little Rock,2023,10.0,8.237824,1.7621755599975586,-8.0,2.0,0.2378244400024414,1,1,1
jacksonville-state_vs_north alabama_20221230,2022-12-30,jacksonville-state,North Alabama,2023,-4.0,6.433248,10.433248043060303,-7.0,-11.0,-0.5667519569396973,0,0,1
jacksonville-state_vs_bellarmine_20230107,2023-01-07,jacksonville-state,Bellarmine,2023,-13.0,1.3713502,14.371350169181824,-2.0,-15.0,-0.6286498308181763,0,0,1
jacksonville-state_vs_north florida_20230112,2023-01-12,jacksonville-state,North Florida,2023,9.0,1.0539695,7.946030497550964,-1.0,8.0,0.053969502449035645,1,1,1
jacksonville-state_vs_jacksonville_20230114,2023-01-14,jacksonville-state,Jacksonville,2023,-6.0,-1.8724838,4.127516150474548,2.5,-3.5,0.6275161504745483,1,0,0
jacksonville-state_vs_lipscomb_20230126,2023-01-26,jacksonville-state,Lipscomb,2023,5.0,-2.2881017,7.288101673126221,3.5,8.5,1.2118983268737793,1,1,1
jacksonville-state_vs_austin peay_20230128,2023-01-28,jacksonville-state,Austin Peay,2023,17.0,6.104058,10.895942211151123,-6.5,10.5,-0.39594221115112305,0,1,0
jacksonville-state_vs_kennesaw state_20230209,2023-02-09,jacksonville-state,Kennesaw State,2023,-2.0,-2.257693,0.2576930522918701,4.0,2.0,1.7423069477081299,1,1,1
jacksonville-state_vs_queens (nc)_20230216,2023-02-16,jacksonville-state,Queens (NC),2023,7.0,0.51205826,6.487941741943359,-1.5,5.5,-0.9879417419433594,0,1,0
jacksonville-state_vs_liberty_20230218,2023-02-18,jacksonville-state,Liberty,2023,-24.0,-10.172611,13.827388763427734,12.0,-12.0,1.8273887634277344,1,0,0
james-madison_vs_south dakota state_20221126,2022-11-26,james-madison,South Dakota State,2023,19.0,4.09568,14.904319763183594,-4.5,14.5,-0.40431976318359375,0,1,0
james-madison_vs_valparaiso_20221127,2022-11-27,james-madison,Valparaiso,2023,-2.0,16.835005,18.835004806518555,-15.5,-17.5,1.3350048065185547,1,0,0
james-madison_vs_eastern kentucky_20221202,2022-12-02,james-madison,Eastern Kentucky,2023,17.0,13.982334,3.0176658630371094,-14.0,3.0,-0.017665863037109375,0,1,0
james-madison_vs_liu_20221218,2022-12-18,james-madison,LIU,2023,36.0,32.089363,3.9106369018554688,-29.0,7.0,3.0893630981445312,1,1,1
james-madison_vs_texas state_20230105,2023-01-05,james-madison,Texas State,2023,-1.0,10.308119,11.30811882019043,-11.5,-12.5,-1.1918811798095703,0,0,1
james-madison_vs_appalachian state_20230107,2023-01-07,james-madison,Appalachian State,2023,-9.0,9.603541,18.603541374206543,-10.5,-19.5,-0.896458625793457,0,0,1
james-madison_vs_georgia southern_20230114,2023-01-14,james-madison,Georgia Southern,2023,12.0,7.563903,4.436097145080566,-8.0,4.0,-0.4360971450805664,0,1,0
james-madison_vs_coastal carolina_20230126,2023-01-26,james-madison,Coastal Carolina,2023,6.0,12.233167,6.233166694641113,-11.5,-5.5,0.7331666946411133,1,0,0
james-madison_vs_louisianaâmonroe_20230128,2023-01-28,james-madison,LouisianaâMonroe,2023,13.0,11.534639,1.4653606414794922,-12.5,0.5,-0.9653606414794922,0,1,0
james-madison_vs_old dominion_20230216,2023-02-16,james-madison,Old Dominion,2023,9.0,6.594959,2.405041217803955,-7.5,1.5,-0.9050412178039551,0,1,0
james-madison_vs_louisiana_20230218,2023-02-18,james-madison,Louisiana,2023,6.0,2.062121,3.9378790855407715,-3.0,3.0,-0.9378790855407715,0,1,0
james-madison_vs_marshall_20230222,2023-02-22,james-madison,Marshall,2023,-9.0,1.1162262,10.116226196289062,-1.5,-10.5,-0.3837738037109375,0,0,1
james-madison_vs_georgia state_20230224,2023-02-24,james-madison,Georgia State,2023,21.0,14.64797,6.352029800415039,-15.5,5.5,-0.8520298004150391,0,1,0
james-madison_vs_troy_20230304,2023-03-04,james-madison,Troy,2023,3.0,2.6388488,0.36115121841430664,-3.5,-0.5,-0.8611512184143066,0,0,1
james-madison_vs_south alabama_20230305,2023-03-05,james-madison,South Alabama,2023,-9.0,3.3546286,12.354628562927246,-2.0,-11.0,1.354628562927246,1,0,0
kansas_vs_north dakota state_20221110,2022-11-10,kansas,North Dakota State,2023,23.0,26.799126,3.7991256713867188,-24.5,-1.5,2.2991256713867188,1,0,0
kansas_vs_southern utah_20221118,2022-11-18,kansas,Southern Utah,2023,6.0,19.759785,13.759784698486328,-21.5,-15.5,-1.7402153015136719,0,0,1
kansas_vs_nc state_20221123,2022-11-23,kansas,NC State,2023,6.0,12.538088,6.538087844848633,-8.5,-2.5,4.038087844848633,1,0,0
kansas_vs_wisconsin_20221124,2022-11-24,kansas,Wisconsin,2023,1.0,4.779494,3.779493808746338,-7.0,-6.0,-2.220506191253662,0,0,1
kansas_vs_tennessee_20221125,2022-11-25,kansas,Tennessee,2023,-14.0,-0.7523227,13.247677326202393,2.0,-12.0,1.2476773262023926,1,0,0
kansas_vs_texas southern_20221128,2022-11-28,kansas,Texas Southern,2023,32.0,21.210863,10.78913688659668,-25.5,6.5,-4.28913688659668,0,1,0
kansas_vs_seton hall_20221201,2022-12-01,kansas,Seton Hall,2023,26.0,9.454548,16.545452117919922,-11.0,15.0,-1.5454521179199219,0,1,0
kansas_vs_indiana_20221217,2022-12-17,kansas,Indiana,2023,22.0,4.14495,17.855050086975098,-5.0,17.0,-0.8550500869750977,0,1,0
kansas_vs_harvard_20221222,2022-12-22,kansas,Harvard,2023,14.0,21.463533,7.463533401489258,-21.5,-7.5,-0.03646659851074219,0,0,1
kansas_vs_oklahoma state_20221231,2022-12-31,kansas,Oklahoma State,2023,2.0,8.549783,6.549782752990723,-10.0,-8.0,-1.4502172470092773,0,0,1
kansas_vs_oklahoma_20230110,2023-01-10,kansas,Oklahoma,2023,4.0,10.838317,6.838316917419434,-10.5,-6.5,0.3383169174194336,1,0,0
kansas_vs_iowa state_20230114,2023-01-14,kansas,Iowa State,2023,2.0,6.441872,4.4418721199035645,-7.5,-5.5,-1.0581278800964355,0,0,1
kansas_vs_tcu_20230121,2023-01-21,kansas,TCU,2023,-23.0,7.358746,30.35874605178833,-7.0,-30.0,0.3587460517883301,1,0,0
kansas_vs_kansas state_20230131,2023-01-31,kansas,Kansas State,2023,12.0,9.331767,2.6682329177856445,-8.5,3.5,0.8317670822143555,1,1,1
kansas_vs_texas_20230206,2023-02-06,kansas,Texas,2023,8.0,4.855878,3.1441221237182617,-4.0,4.0,0.8558778762817383,1,1,1
kansas_vs_baylor_20230218,2023-02-18,kansas,Baylor,2023,16.0,4.796685,11.203314781188965,-5.5,10.5,-0.7033147811889648,0,1,0
kansas_vs_west virginia_20230225,2023-02-25,kansas,West Virginia,2023,2.0,9.888225,7.8882246017456055,-9.5,-7.5,0.38822460174560547,1,0,0
kansas_vs_texas tech_20230228,2023-02-28,kansas,Texas Tech,2023,4.0,9.57366,5.573659896850586,-8.0,-4.0,1.573659896850586,1,0,0
kansas_vs_west virginia_20230309,2023-03-09,kansas,West Virginia,2023,17.0,3.5983255,13.401674509048462,-3.0,14.0,0.5983254909515381,1,1,1
kansas_vs_texas_20230311,2023-03-11,kansas,Texas,2023,-20.0,2.374774,22.37477397918701,-2.0,-22.0,0.3747739791870117,1,0,0
kansas-state_vs_kansas city_20221117,2022-11-17,kansas-state,Kansas City,2023,16.0,21.161177,5.161176681518555,-19.5,-3.5,1.6611766815185547,1,0,0
kansas-state_vs_rhode island_20221121,2022-11-21,kansas-state,Rhode Island,2023,20.0,9.522871,10.477128982543945,-11.5,8.5,-1.9771289825439453,0,1,0
kansas-state_vs_nevada_20221122,2022-11-22,kansas-state,Nevada,2023,9.0,5.9340534,3.065946578979492,-4.5,4.5,1.4340534210205078,1,1,1
kansas-state_vs_wichita state_20221203,2022-12-03,kansas-state,Wichita State,2023,5.0,7.87603,2.8760299682617188,-8.0,-3.0,-0.12397003173828125,0,0,1
kansas-state_vs_abilene christian_20221206,2022-12-06,kansas-state,Abilene Christian,2023,17.0,12.402444,4.597556114196777,-12.5,4.5,-0.09755611419677734,0,1,0
kansas-state_vs_incarnate word_20221211,2022-12-11,kansas-state,Incarnate Word,2023,48.0,22.977238,25.022762298583984,-26.5,21.5,-3.5227622985839844,0,1,0
kansas-state_vs_nebraska_20221217,2022-12-17,kansas-state,Nebraska,2023,15.0,4.74358,10.256420135498047,-4.5,10.5,0.24357986450195312,1,1,1
kansas-state_vs_radford_20221221,2022-12-21,kansas-state,Radford,2023,8.0,15.523284,7.523283958435059,-16.0,-8.0,-0.4767160415649414,0,0,1
kansas-state_vs_oklahoma state_20230110,2023-01-10,kansas-state,Oklahoma State,2023,8.0,4.5641575,3.435842514038086,-5.0,3.0,-0.43584251403808594,0,1,0
kansas-state_vs_kansas_20230117,2023-01-17,kansas-state,Kansas,2023,1.0,-1.0239054,2.023905396461487,1.5,2.5,0.4760946035385132,1,1,1
kansas-state_vs_texas tech_20230121,2023-01-21,kansas-state,Texas Tech,2023,10.0,1.760314,8.239686012268066,-3.5,6.5,-1.7396860122680664,0,1,0
kansas-state_vs_florida_20230128,2023-01-28,kansas-state,Florida,2023,14.0,5.0438256,8.956174373626709,-4.0,10.0,1.043825626373291,1,1,1
kansas-state_vs_texas_20230204,2023-02-04,kansas-state,Texas,2023,-3.0,-1.2581675,1.7418324947357178,1.5,-1.5,0.24183249473571777,1,0,0
kansas-state_vs_tcu_20230207,2023-02-07,kansas-state,TCU,2023,21.0,4.5867085,16.413291454315186,-4.5,16.5,0.08670854568481445,1,1,1
kansas-state_vs_iowa state_20230218,2023-02-18,kansas-state,Iowa State,2023,6.0,3.708049,2.2919509410858154,-4.0,2.0,-0.29195094108581543,0,1,0
kansas-state_vs_baylor_20230221,2023-02-21,kansas-state,Baylor,2023,10.0,-1.6683898,11.668389797210693,2.0,12.0,0.33161020278930664,1,1,1
kansas-state_vs_oklahoma_20230301,2023-03-01,kansas-state,Oklahoma,2023,16.0,6.837396,9.162603855133057,-7.5,8.5,-0.6626038551330566,0,1,0
kansas-state_vs_tcu_20230309,2023-03-09,kansas-state,TCU,2023,-13.0,-0.6528173,12.34718269109726,2.0,-11.0,1.3471826910972595,1,0,0
kansas-state_vs_montana state_20230317,2023-03-17,kansas-state,Montana State,2023,12.0,6.836358,5.163641929626465,-7.5,4.5,-0.6636419296264648,0,1,0
kansas-state_vs_kentucky_20230319,2023-03-19,kansas-state,Kentucky,2023,6.0,-1.8763427,7.8763426542282104,3.0,9.0,1.1236573457717896,1,1,1
kansas-state_vs_michigan state_20230323,2023-03-23,kansas-state,Michigan State,2023,5.0,-0.6760577,5.676057696342468,-1.0,4.0,-1.6760576963424683,0,1,0
kennesaw-state_vs_southeastern louisiana_20221118,2022-11-18,kennesaw-state,Southeastern Louisiana,2023,4.0,7.925521,3.925520896911621,-8.0,-4.0,-0.0744791030883789,0,0,1
kennesaw-state_vs_usc upstate_20221220,2022-12-20,kennesaw-state,USC Upstate,2023,9.0,6.6035485,2.396451473236084,-7.5,1.5,-0.896451473236084,0,1,0
kennesaw-state_vs_central arkansas_20221231,2022-12-31,kennesaw-state,Central Arkansas,2023,16.0,9.296272,6.703727722167969,-10.0,6.0,-0.7037277221679688,0,1,0
kennesaw-state_vs_eastern kentucky_20230102,2023-01-02,kennesaw-state,Eastern Kentucky,2023,4.0,5.7201824,1.7201824188232422,-6.0,-2.0,-0.2798175811767578,0,0,1
kennesaw-state_vs_jacksonville_20230112,2023-01-12,kennesaw-state,Jacksonville,2023,13.0,2.4854121,10.514587879180908,-2.5,10.5,-0.014587879180908203,0,1,0
kennesaw-state_vs_north florida_20230114,2023-01-14,kennesaw-state,North Florida,2023,14.0,7.6639514,6.336048603057861,-7.5,6.5,0.16395139694213867,1,1,1
kennesaw-state_vs_austin peay_20230126,2023-01-26,kennesaw-state,Austin Peay,2023,27.0,9.89529,17.10470962524414,-10.0,17.0,-0.10470962524414062,0,1,0
kennesaw-state_vs_lipscomb_20230128,2023-01-28,kennesaw-state,Lipscomb,2023,13.0,3.8728316,9.127168416976929,-4.0,9.0,-0.1271684169769287,0,1,0
kennesaw-state_vs_jacksonville state_20230211,2023-02-11,kennesaw-state,Jacksonville State,2023,3.0,8.51676,5.516759872436523,-9.5,-6.5,-0.9832401275634766,0,0,1
kennesaw-state_vs_liberty_20230216,2023-02-16,kennesaw-state,Liberty,2023,7.0,-6.85326,13.853260040283203,6.0,13.0,-0.8532600402832031,0,1,0
kennesaw-state_vs_queens (nc)_20230218,2023-02-18,kennesaw-state,Queens (NC),2023,-7.0,6.340882,13.340881824493408,-7.0,-14.0,-0.6591181755065918,0,0,1
kennesaw-state_vs_queens (nc)_20230228,2023-02-28,kennesaw-state,Queens (NC),2023,1.0,6.756704,5.756703853607178,-7.5,-6.5,-0.7432961463928223,0,0,1
kennesaw-state_vs_lipscomb_20230302,2023-03-02,kennesaw-state,Lipscomb,2023,9.0,4.9983473,4.001652717590332,-5.5,3.5,-0.501652717590332,0,1,0
kennesaw-state_vs_liberty_20230305,2023-03-05,kennesaw-state,Liberty,2023,1.0,-5.1608987,6.160898685455322,5.0,6.0,-0.16089868545532227,0,1,0
kennesaw-state_vs_xavier_20230317,2023-03-17,kennesaw-state,Xavier,2023,-5.0,-9.307579,4.307579040527344,12.0,7.0,2.6924209594726562,1,1,1
kent-state_vs_portland_20221114,2022-11-14,kent-state,Portland,2023,12.0,4.146871,7.853128910064697,-5.5,6.5,-1.3531289100646973,0,1,0
kent-state_vs_arkansasâpine bluff_20221116,2022-11-16,kent-state,ArkansasâPine Bluff,2023,26.0,19.972328,6.027671813964844,-20.0,6.0,-0.02767181396484375,0,1,0
kent-state_vs_chicago state_20221119,2022-11-19,kent-state,Chicago State,2023,29.0,20.423998,8.57600212097168,-20.5,8.5,-0.07600212097167969,0,1,0
kent-state_vs_south dakota state_20221202,2022-12-02,kent-state,South Dakota State,2023,15.0,9.772107,5.227892875671387,-8.0,7.0,1.7721071243286133,1,1,1
kent-state_vs_new mexico state_20221221,2022-12-21,kent-state,New Mexico State,2023,10.0,5.400976,4.599023818969727,-4.5,5.5,0.9009761810302734,1,1,1
kent-state_vs_toledo_20230110,2023-01-10,kent-state,Toledo,2023,12.0,4.4916263,7.508373737335205,-4.0,8.0,0.4916262626647949,1,1,1
kent-state_vs_ball state_20230120,2023-01-20,kent-state,Ball State,2023,21.0,8.415285,12.584714889526367,-8.0,13.0,0.4152851104736328,1,1,1
kent-state_vs_buffalo_20230127,2023-01-27,kent-state,Buffalo,2023,6.0,10.090085,4.090085029602051,-10.5,-4.5,-0.4099149703979492,0,0,1
kent-state_vs_central michigan_20230131,2023-01-31,kent-state,Central Michigan,2023,12.0,18.137785,6.137784957885742,-19.0,-7.0,-0.8622150421142578,0,0,1
kent-state_vs_bowling green_20230207,2023-02-07,kent-state,Bowling Green,2023,23.0,14.275191,8.724808692932129,-13.5,9.5,0.7751913070678711,1,1,1
kent-state_vs_eastern michigan_20230217,2023-02-17,kent-state,Eastern Michigan,2023,27.0,17.845503,9.154497146606445,-18.0,9.0,-0.1544971466064453,0,1,0
kent-state_vs_ohio_20230228,2023-02-28,kent-state,Ohio,2023,7.0,8.45333,1.4533300399780273,-8.5,-1.5,-0.046669960021972656,0,0,1
kent-state_vs_akron_20230303,2023-03-03,kent-state,Akron,2023,5.0,4.766462,0.23353815078735352,-5.0,0.0,-0.23353815078735352,0,0,1
kent-state_vs_northern illinois_20230309,2023-03-09,kent-state,Northern Illinois,2023,19.0,12.105788,6.894211769104004,-13.0,6.0,-0.8942117691040039,0,1,0
kent-state_vs_toledo_20230311,2023-03-11,kent-state,Toledo,2023,15.0,0.9927235,14.007276475429535,1.0,16.0,1.992723524570465,1,1,1
kentucky_vs_duquesne_20221111,2022-11-11,kentucky,Duquesne,2023,25.0,24.286367,0.7136325836181641,-19.5,5.5,4.786367416381836,1,1,1
kentucky_vs_michigan state_20221115,2022-11-15,kentucky,Michigan State,2023,-9.0,4.1945534,13.19455337524414,-7.0,-16.0,-2.8054466247558594,0,0,1
kentucky_vs_south carolina state_20221117,2022-11-17,kentucky,South Carolina State,2023,43.0,30.329102,12.6708984375,-40.5,2.5,-10.1708984375,0,1,0
kentucky_vs_north florida_20221123,2022-11-23,kentucky,North Florida,2023,40.0,25.080908,14.919092178344727,-28.0,12.0,-2.9190921783447266,0,1,0
kentucky_vs_bellarmine_20221129,2022-11-29,kentucky,Bellarmine,2023,19.0,24.519896,5.519895553588867,-25.5,-6.5,-0.9801044464111328,0,0,1
kentucky_vs_michigan_20221204,2022-12-04,kentucky,Michigan,2023,4.0,9.206813,5.206812858581543,-8.5,-4.5,0.706812858581543,1,0,0
kentucky_vs_yale_20221210,2022-12-10,kentucky,Yale,2023,10.0,15.843805,5.843805313110352,-17.0,-7.0,-1.1561946868896484,0,0,1
kentucky_vs_ucla_20221217,2022-12-17,kentucky,UCLA,2023,-10.0,-1.1902865,8.80971348285675,2.0,-8.0,0.8097134828567505,1,0,0
kentucky_vs_florida a&m_20221221,2022-12-21,kentucky,Florida A&M,2023,20.0,30.747787,10.747787475585938,-37.5,-17.5,-6.7522125244140625,0,0,1
kentucky_vs_louisville_20221231,2022-12-31,kentucky,Louisville,2023,23.0,22.813833,0.18616676330566406,-23.5,-0.5,-0.6861667633056641,0,0,1
kentucky_vs_louisiana state_20230103,2023-01-03,kentucky,Louisiana State,2023,3.0,9.221048,6.221048355102539,-10.5,-7.5,-1.278951644897461,0,0,1
kentucky_vs_south carolina_20230110,2023-01-10,kentucky,South Carolina,2023,-3.0,18.315542,21.315542221069336,-20.0,-23.0,-1.684457778930664,0,0,1
kentucky_vs_georgia_20230117,2023-01-17,kentucky,Georgia,2023,14.0,8.021237,5.978762626647949,-11.5,2.5,-3.478762626647949,0,1,0
kentucky_vs_texas a&m_20230121,2023-01-21,kentucky,Texas A&M,2023,9.0,4.1718874,4.828112602233887,-5.0,4.0,-0.8281126022338867,0,1,0
kentucky_vs_kansas_20230128,2023-01-28,kentucky,Kansas,2023,-9.0,3.196699,12.196698904037476,-3.0,-12.0,0.19669890403747559,1,0,0
kentucky_vs_florida_20230204,2023-02-04,kentucky,Florida,2023,5.0,4.36557,0.634429931640625,-4.5,0.5,-0.134429931640625,0,1,0
kentucky_vs_arkansas_20230207,2023-02-07,kentucky,Arkansas,2023,-15.0,4.412512,19.412511825561523,-5.5,-20.5,-1.0874881744384766,0,0,1
kentucky_vs_tennessee_20230218,2023-02-18,kentucky,Tennessee,2023,12.0,-0.26119718,12.261197179555893,1.5,13.5,1.238802820444107,1,1,1
kentucky_vs_auburn_20230225,2023-02-25,kentucky,Auburn,2023,32.0,4.3370724,27.662927627563477,-5.0,27.0,-0.6629276275634766,0,1,0
kentucky_vs_vanderbilt_20230301,2023-03-01,kentucky,Vanderbilt,2023,-2.0,9.251639,11.251639366149902,-9.0,-11.0,0.25163936614990234,1,0,0
kentucky_vs_vanderbilt_20230310,2023-03-10,kentucky,Vanderbilt,2023,-7.0,9.471373,16.471372604370117,-8.5,-15.5,0.9713726043701172,1,0,0
kentucky_vs_providence_20230317,2023-03-17,kentucky,Providence,2023,8.0,5.2541513,2.7458486557006836,-4.5,3.5,0.7541513442993164,1,1,1
lafayette_vs_pennsylvania_20221122,2022-11-22,lafayette,Pennsylvania,2023,-6.0,-4.3216047,1.6783952713012695,6.5,0.5,2.1783952713012695,1,1,1
lafayette_vs_columbia_20221212,2022-12-12,lafayette,Columbia,2023,-12.0,7.8625984,19.862598419189453,-8.0,-20.0,-0.13740158081054688,0,0,1
lafayette_vs_army_20230102,2023-01-02,lafayette,Army,2023,-17.0,0.5748732,17.574873208999634,-1.5,-18.5,-0.9251267910003662,0,0,1
lafayette_vs_bucknell_20230108,2023-01-08,lafayette,Bucknell,2023,7.0,3.0450356,3.9549643993377686,-2.0,5.0,1.0450356006622314,1,1,1
lafayette_vs_holy cross_20230114,2023-01-14,lafayette,Holy Cross,2023,14.0,6.9456544,7.054345607757568,-7.5,6.5,-0.5543456077575684,0,1,0
lafayette_vs_loyola (md)_20230125,2023-01-25,lafayette,Loyola (MD),2023,16.0,5.6639614,10.336038589477539,-5.5,10.5,0.16396141052246094,1,1,1
lafayette_vs_lehigh_20230204,2023-02-04,lafayette,Lehigh,2023,-2.0,2.593485,4.593485116958618,-1.5,-3.5,1.0934851169586182,1,0,0
lafayette_vs_boston university_20230211,2023-02-11,lafayette,Boston University,2023,4.0,2.4276655,1.5723345279693604,-3.0,1.0,-0.5723345279693604,0,1,0
lafayette_vs_colgate_20230222,2023-02-22,lafayette,Colgate,2023,-4.0,-7.426087,3.426086902618408,9.0,5.0,1.5739130973815918,1,1,1
lafayette_vs_american_20230305,2023-03-05,lafayette,American,2023,8.0,0.7755555,7.224444508552551,-2.0,6.0,-1.2244445085525513,0,1,0
lamar_vs_lindenwood_20221118,2022-11-18,lamar,Lindenwood,2023,2.0,0.4240687,1.5759313106536865,1.0,3.0,1.4240686893463135,1,1,1
lamar_vs_western carolina_20221119,2022-11-19,lamar,Western Carolina,2023,-7.0,-6.5304694,0.4695305824279785,7.5,0.5,0.9695305824279785,1,1,1
lamar_vs_texas state_20221201,2022-12-01,lamar,Texas State,2023,-10.0,-10.640376,0.640376091003418,12.5,2.5,1.859623908996582,1,1,1
lamar_vs_southern mississippi_20221213,2022-12-13,lamar,Southern Mississippi,2023,-26.0,-11.85459,14.14540958404541,13.5,-12.5,1.6454095840454102,1,0,0
lamar_vs_pacific_20221220,2022-12-20,lamar,Pacific,2023,-9.0,-9.329022,0.3290224075317383,12.5,3.5,3.1709775924682617,1,1,1
lamar_vs_mcneese state_20221231,2022-12-31,lamar,McNeese State,2023,-19.0,-4.043615,14.956385135650635,5.0,-14.0,0.9563851356506348,1,0,0
lamar_vs_texas a&mâcorpus christi_20230119,2023-01-19,lamar,Texas A&MâCorpus Christi,2023,2.0,-10.191172,12.191171646118164,11.5,13.5,1.308828353881836,1,1,1
lamar_vs_incarnate word_20230121,2023-01-21,lamar,Incarnate Word,2023,-6.0,0.6175912,6.617591202259064,-1.0,-7.0,-0.3824087977409363,0,0,1
lamar_vs_texas a&mâcommerce_20230126,2023-01-26,lamar,Texas A&MâCommerce,2023,-5.0,-5.092745,0.09274482727050781,5.5,0.5,0.4072551727294922,1,1,1
lamar_vs_northwestern state_20230204,2023-02-04,lamar,Northwestern State,2023,-4.0,-7.7175317,3.717531681060791,8.5,4.5,0.782468318939209,1,1,1
lamar_vs_southeastern louisiana_20230223,2023-02-23,lamar,Southeastern Louisiana,2023,-23.0,-3.9926243,19.007375717163086,6.5,-16.5,2.507375717163086,1,0,0
lamar_vs_new orleans_20230225,2023-02-25,lamar,New Orleans,2023,-5.0,-1.9833869,3.0166131258010864,3.5,-1.5,1.5166131258010864,1,0,0
la-salle_vs_wagner_20221112,2022-11-12,la-salle,Wagner,2023,8.0,7.4744835,0.5255165100097656,-6.5,1.5,0.9744834899902344,1,1,1
la-salle_vs_queens (nc)_20221115,2022-11-15,la-salle,Queens (NC),2023,12.0,9.006076,2.993924140930176,-6.0,6.0,3.006075859069824,1,1,1
la-salle_vs_wake forest_20221118,2022-11-18,la-salle,Wake Forest,2023,-12.0,-5.989583,6.0104169845581055,7.5,-4.5,1.5104169845581055,1,0,0
la-salle_vs_binghamton_20221126,2022-11-26,la-salle,Binghamton,2023,3.0,9.947869,6.947869300842285,-10.5,-7.5,-0.5521306991577148,0,0,1
la-salle_vs_temple_20221130,2022-11-30,la-salle,Temple,2023,-16.0,-3.969039,12.030961036682129,5.0,-11.0,1.030961036682129,1,0,0
la-salle_vs_bucknell_20221206,2022-12-06,la-salle,Bucknell,2023,10.0,4.566276,5.4337239265441895,-5.0,5.0,-0.43372392654418945,0,1,0
la-salle_vs_drexel_20221210,2022-12-10,la-salle,Drexel,2023,-7.0,2.7430367,9.74303674697876,-3.0,-10.0,-0.25696325302124023,0,0,1
la-salle_vs_lafayette_20221221,2022-12-21,la-salle,Lafayette,2023,-25.0,7.7111254,32.71112537384033,-7.5,-32.5,0.21112537384033203,1,0,0
la-salle_vs_rhode island_20230107,2023-01-07,la-salle,Rhode Island,2023,2.0,-0.44418377,2.4441837668418884,-1.0,1.0,-1.4441837668418884,0,1,0
la-salle_vs_fordham_20230114,2023-01-14,la-salle,Fordham,2023,-2.0,1.6276393,3.6276392936706543,-1.0,-3.0,0.6276392936706543,1,0,0
la-salle_vs_saint joseph's_20230116,2023-01-16,la-salle,Saint Joseph's,2023,-12.0,0.12277255,12.122772552073002,-1.5,-13.5,-1.3772274479269981,0,0,1
la-salle_vs_davidson_20230124,2023-01-24,la-salle,Davidson,2023,-7.0,-5.2541566,1.7458434104919434,6.0,-1.0,0.7458434104919434,1,0,0
la-salle_vs_george washington_20230201,2023-02-01,la-salle,George Washington,2023,11.0,-3.055644,14.055644035339355,2.0,13.0,-1.0556440353393555,0,1,0
la-salle_vs_massachusetts_20230211,2023-02-11,la-salle,Massachusetts,2023,14.0,3.928262,10.071738004684448,-4.0,10.0,-0.07173800468444824,0,1,0
la-salle_vs_richmond_20230215,2023-02-15,la-salle,Richmond,2023,6.0,-0.7087619,6.7087618708610535,1.5,7.5,0.7912381291389465,1,1,1
la-salle_vs_duquesne_20230222,2023-02-22,la-salle,Duquesne,2023,-17.0,-2.1228955,14.87710452079773,2.5,-14.5,0.3771045207977295,1,0,0
la-salle_vs_loyola chicago_20230304,2023-03-04,la-salle,Loyola Chicago,2023,-3.0,3.1537313,6.153731346130371,-4.0,-7.0,-0.8462686538696289,0,0,1
lehigh_vs_marist_20221116,2022-11-16,lehigh,Marist,2023,10.0,2.1137862,7.886213779449463,-3.5,6.5,-1.386213779449463,0,1,0
lehigh_vs_monmouth_20221127,2022-11-27,lehigh,Monmouth,2023,4.0,7.774768,3.7747678756713867,-8.0,-4.0,-0.22523212432861328,0,0,1
lehigh_vs_colgate_20230102,2023-01-02,lehigh,Colgate,2023,-16.0,-14.077239,1.9227609634399414,11.0,-5.0,-3.0772390365600586,0,0,1
lehigh_vs_holy cross_20230111,2023-01-11,lehigh,Holy Cross,2023,18.0,5.4432635,12.556736469268799,-5.0,13.0,0.44326353073120117,1,1,1
lehigh_vs_american_20230114,2023-01-14,lehigh,American,2023,16.0,-1.3491933,17.349193334579468,2.5,18.5,1.1508066654205322,1,1,1
lehigh_vs_lafayette_20230121,2023-01-21,lehigh,Lafayette,2023,12.0,-1.1536827,13.153682708740234,1.0,13.0,-0.15368270874023438,0,1,0
lehigh_vs_boston university_20230129,2023-01-29,lehigh,Boston University,2023,11.0,1.2874309,9.712569117546082,-2.0,9.0,-0.7125691175460815,0,1,0
lehigh_vs_army_20230201,2023-02-01,lehigh,Army,2023,-2.0,-0.9093519,1.090648114681244,-2.5,-4.5,-3.409351885318756,0,0,1
lehigh_vs_loyola (md)_20230211,2023-02-11,lehigh,Loyola (MD),2023,-9.0,4.5119514,13.511951446533203,-5.0,-14.0,-0.4880485534667969,0,0,1
lehigh_vs_navy_20230215,2023-02-15,lehigh,Navy,2023,-11.0,-1.8901205,9.109879493713379,2.5,-8.5,0.6098794937133789,1,0,0
lehigh_vs_bucknell_20230222,2023-02-22,lehigh,Bucknell,2023,16.0,4.856186,11.143814086914062,-4.5,11.5,0.3561859130859375,1,1,1
lehigh_vs_lafayette_20230302,2023-03-02,lehigh,Lafayette,2023,-7.0,1.8111342,8.811134219169617,-3.0,-10.0,-1.1888657808303833,0,0,1
liberty_vs_north carolina central_20221114,2022-11-14,liberty,North Carolina Central,2023,16.0,10.274246,5.7257537841796875,-11.5,4.5,-1.2257537841796875,0,1,0
liberty_vs_southern mississippi_20221118,2022-11-18,liberty,Southern Mississippi,2023,-4.0,11.621684,15.621684074401855,-12.5,-16.5,-0.8783159255981445,0,0,1
liberty_vs_northwestern_20221122,2022-11-22,liberty,Northwestern,2023,-14.0,-1.197373,12.802626967430115,3.5,-10.5,2.3026269674301147,1,0,0
liberty_vs_delaware state_20221126,2022-11-26,liberty,Delaware State,2023,27.0,22.800861,4.199138641357422,-23.0,4.0,-0.19913864135742188,0,1,0
liberty_vs_maryland eastern shore_20221202,2022-12-02,liberty,Maryland Eastern Shore,2023,20.0,14.2011,5.7988996505737305,-15.5,4.5,-1.2988996505737305,0,1,0
liberty_vs_lipscomb_20230102,2023-01-02,liberty,Lipscomb,2023,29.0,11.061585,17.938414573669434,-10.0,19.0,1.0615854263305664,1,1,1
liberty_vs_jacksonville state_20230105,2023-01-05,liberty,Jacksonville State,2023,34.0,13.418662,20.581337928771973,-15.0,19.0,-1.5813379287719727,0,1,0
liberty_vs_north alabama_20230112,2023-01-12,liberty,North Alabama,2023,18.0,18.977707,0.9777069091796875,-17.5,0.5,1.4777069091796875,1,1,1
liberty_vs_central arkansas_20230114,2023-01-14,liberty,Central Arkansas,2023,20.0,19.43139,0.5686092376708984,-20.0,0.0,-0.5686092376708984,0,0,1
liberty_vs_stetson_20230126,2023-01-26,liberty,Stetson,2023,29.0,13.811073,15.188926696777344,-14.0,15.0,-0.18892669677734375,0,1,0
liberty_vs_florida gulf coast_20230128,2023-01-28,liberty,Florida Gulf Coast,2023,17.0,13.558429,3.4415712356567383,-13.5,3.5,0.05842876434326172,1,1,1
liberty_vs_bellarmine_20230209,2023-02-09,liberty,Bellarmine,2023,20.0,13.292246,6.707754135131836,-14.5,5.5,-1.207754135131836,0,1,0
liberty_vs_eastern kentucky_20230211,2023-02-11,liberty,Eastern Kentucky,2023,10.0,13.171485,3.17148494720459,-13.0,-3.0,0.17148494720458984,1,0,0
liberty_vs_queens (nc)_20230224,2023-02-24,liberty,Queens (NC),2023,20.0,14.236395,5.763605117797852,-16.0,4.0,-1.7636051177978516,0,1,0
liberty_vs_bellarmine_20230228,2023-02-28,liberty,Bellarmine,2023,20.0,15.249077,4.750923156738281,-16.0,4.0,-0.7509231567382812,0,1,0
liberty_vs_eastern kentucky_20230302,2023-03-02,liberty,Eastern Kentucky,2023,6.0,10.764894,4.764893531799316,-12.5,-6.5,-1.7351064682006836,0,0,1
liberty_vs_villanova_20230314,2023-03-14,liberty,Villanova,2023,5.0,5.305164,0.3051638603210449,-4.0,1.0,1.305163860321045,1,1,1
lindenwood_vs_western carolina_20221120,2022-11-20,lindenwood,Western Carolina,2023,-2.0,-6.9222846,4.9222846031188965,7.0,5.0,0.07771539688110352,1,1,1
lindenwood_vs_idaho state_20221123,2022-11-23,lindenwood,Idaho State,2023,1.0,-3.7912369,4.791236877441406,2.0,3.0,-1.7912368774414062,0,1,0
lindenwood_vs_tennessee state_20230107,2023-01-07,lindenwood,Tennessee State,2023,-3.0,-2.7105832,0.2894167900085449,3.5,0.5,0.7894167900085449,1,1,1
lindenwood_vs_southern indiana_20230119,2023-01-19,lindenwood,Southern Indiana,2023,-16.0,-3.8836696,12.11633038520813,5.5,-10.5,1.6163303852081299,1,0,0
lindenwood_vs_morehead state_20230121,2023-01-21,lindenwood,Morehead State,2023,-9.0,-3.554987,5.445013046264648,4.5,-4.5,0.9450130462646484,1,0,0
lindenwood_vs_eastern illinois_20230202,2023-02-02,lindenwood,Eastern Illinois,2023,13.0,2.4233167,10.576683282852173,-2.5,10.5,-0.07668328285217285,0,1,0
lindenwood_vs_ut martin_20230204,2023-02-04,lindenwood,UT Martin,2023,5.0,-4.1682224,9.168222427368164,4.0,9.0,-0.16822242736816406,0,1,0
lindenwood_vs_siu edwardsville_20230209,2023-02-09,lindenwood,SIU Edwardsville,2023,-5.0,-4.9431005,0.0568995475769043,6.0,1.0,1.0568995475769043,1,1,1
lindenwood_vs_southeast missouri state_20230223,2023-02-23,lindenwood,Southeast Missouri State,2023,3.0,-3.709861,6.7098610401153564,3.5,6.5,-0.20986104011535645,0,1,0
lindenwood_vs_little rock_20230225,2023-02-25,lindenwood,Little Rock,2023,1.0,-0.35729265,1.357292652130127,0.0,1.0,-0.35729265213012695,0,1,0
lindenwood_vs_southeast missouri state_20230301,2023-03-01,lindenwood,Southeast Missouri State,2023,-19.0,-6.2226777,12.77732229232788,7.5,-11.5,1.2773222923278809,1,0,0
lipscomb_vs_belmont_20221114,2022-11-14,lipscomb,Belmont,2023,2.0,0.96767247,1.0323275327682495,3.0,5.0,3.9676724672317505,1,1,1
lipscomb_vs_navy_20221130,2022-11-30,lipscomb,Navy,2023,5.0,3.3291292,1.6708707809448242,-4.0,1.0,-0.6708707809448242,0,1,0
lipscomb_vs_stetson_20221230,2022-12-30,lipscomb,Stetson,2023,-6.0,6.397106,12.397106170654297,-7.5,-13.5,-1.1028938293457031,0,0,1
lipscomb_vs_north alabama_20230105,2023-01-05,lipscomb,North Alabama,2023,24.0,5.9721375,18.027862548828125,-7.0,17.0,-1.027862548828125,0,1,0
lipscomb_vs_austin peay_20230114,2023-01-14,lipscomb,Austin Peay,2023,14.0,6.7762113,7.223788738250732,-7.5,6.5,-0.7237887382507324,0,1,0
lipscomb_vs_eastern kentucky_20230119,2023-01-19,lipscomb,Eastern Kentucky,2023,13.0,4.4052672,8.594732761383057,-4.5,8.5,-0.09473276138305664,0,1,0
lipscomb_vs_bellarmine_20230121,2023-01-21,lipscomb,Bellarmine,2023,20.0,6.532542,13.46745777130127,-7.0,13.0,-0.46745777130126953,0,1,0
lipscomb_vs_queens (nc)_20230202,2023-02-02,lipscomb,Queens (NC),2023,6.0,4.0496216,1.95037841796875,-4.5,1.5,-0.45037841796875,0,1,0
lipscomb_vs_liberty_20230204,2023-02-04,lipscomb,Liberty,2023,5.0,-8.076823,13.076823234558105,8.5,13.5,0.42317676544189453,1,1,1
lipscomb_vs_north florida_20230216,2023-02-16,lipscomb,North Florida,2023,-3.0,7.431728,10.431727886199951,-7.5,-10.5,-0.06827211380004883,0,0,1
lipscomb_vs_jacksonville_20230218,2023-02-18,lipscomb,Jacksonville,2023,3.0,5.28733,2.287330150604248,-4.5,-1.5,0.787330150604248,1,0,0
long-beach-state_vs_montana state_20221113,2022-11-13,long-beach-state,Montana State,2023,-13.0,3.853218,16.85321807861328,-3.0,-16.0,0.8532180786132812,1,0,0
long-beach-state_vs_oakland_20221125,2022-11-25,long-beach-state,Oakland,2023,8.0,2.9651048,5.034895181655884,-3.0,5.0,-0.03489518165588379,0,1,0
long-beach-state_vs_north texas_20221126,2022-11-26,long-beach-state,North Texas,2023,-21.0,-6.3932924,14.606707572937012,7.0,-14.0,0.6067075729370117,1,0,0
long-beach-state_vs_vermont_20221127,2022-11-27,long-beach-state,Vermont,2023,20.0,1.435807,18.5641930103302,-1.0,19.0,0.4358069896697998,1,1,1
long-beach-state_vs_idaho_20221221,2022-12-21,long-beach-state,Idaho,2023,7.0,10.491919,3.4919185638427734,-11.0,-4.0,-0.5080814361572266,0,0,1
long-beach-state_vs_uc riverside_20221231,2022-12-31,long-beach-state,UC Riverside,2023,-1.0,3.1513913,4.151391267776489,-3.0,-4.0,0.15139126777648926,1,0,0
long-beach-state_vs_cal poly_20230112,2023-01-12,long-beach-state,Cal Poly,2023,19.0,9.659651,9.340349197387695,-8.0,11.0,1.6596508026123047,1,1,1
long-beach-state_vs_cal state fullerton_20230119,2023-01-19,long-beach-state,Cal State Fullerton,2023,5.0,3.5910747,1.4089252948760986,-4.0,1.0,-0.40892529487609863,0,1,0
long-beach-state_vs_uc davis_20230128,2023-01-28,long-beach-state,UC Davis,2023,3.0,4.7966623,1.7966623306274414,-3.5,-0.5,1.2966623306274414,1,0,0
long-beach-state_vs_uc santa barbara_20230209,2023-02-09,long-beach-state,UC Santa Barbara,2023,-3.0,-0.68287164,2.317128360271454,1.5,-1.5,0.8171283602714539,1,0,0
long-beach-state_vs_hawaii_20230218,2023-02-18,long-beach-state,Hawaii,2023,-3.0,3.2224162,6.222416162490845,-2.5,-5.5,0.7224161624908447,1,0,0
long-beach-state_vs_cal state northridge_20230225,2023-02-25,long-beach-state,Cal State Northridge,2023,7.0,11.0043125,4.004312515258789,-12.5,-5.5,-1.495687484741211,0,0,1
long-beach-state_vs_cal state bakersfield_20230302,2023-03-02,long-beach-state,Cal State Bakersfield,2023,16.0,10.561814,5.438185691833496,-11.0,5.0,-0.4381856918334961,0,1,0
long-island-university_vs_south dakota_20221122,2022-11-22,long-island-university,South Dakota,2023,-10.0,-11.138236,1.1382360458374023,16.0,6.0,4.861763954162598,1,1,1
long-island-university_vs_towson_20221202,2022-12-02,long-island-university,Towson,2023,-10.0,-18.735847,8.735847473144531,20.0,10.0,1.2641525268554688,1,1,1
long-island-university_vs_umass lowell_20221205,2022-12-05,long-island-university,UMass Lowell,2023,-20.0,-13.489273,6.5107269287109375,15.5,-4.5,2.0107269287109375,1,0,0
long-island-university_vs_wagner_20221229,2022-12-29,long-island-university,Wagner,2023,-8.0,-8.981337,0.9813365936279297,9.5,1.5,0.5186634063720703,1,1,1
long-island-university_vs_sacred heart_20221231,2022-12-31,long-island-university,Sacred Heart,2023,-18.0,-3.9443154,14.055684566497803,6.0,-12.0,2.0556845664978027,1,0,0
long-island-university_vs_stonehill_20230120,2023-01-20,long-island-university,Stonehill,2023,-7.0,-4.408212,2.591787815093994,5.5,-1.5,1.0917878150939941,1,0,0
long-island-university_vs_central connecticut state_20230122,2023-01-22,long-island-university,Central Connecticut State,2023,-16.0,-5.7365375,10.263462543487549,8.0,-8.0,2.263462543487549,1,0,0
long-island-university_vs_fairleigh dickinson_20230209,2023-02-09,long-island-university,Fairleigh Dickinson,2023,-1.0,-11.914553,10.914552688598633,12.0,11.0,0.08544731140136719,1,1,1
long-island-university_vs_saint francis (pa)_20230218,2023-02-18,long-island-university,Saint Francis (PA),2023,-11.0,-6.358951,4.641048908233643,7.0,-4.0,0.6410489082336426,1,0,0
long-island-university_vs_merrimack_20230225,2023-02-25,long-island-university,Merrimack,2023,-21.0,-12.756501,8.243498802185059,12.5,-8.5,-0.2565011978149414,0,0,1
longwood_vs_vmi_20221118,2022-11-18,longwood,VMI,2023,32.0,13.426419,18.573580741882324,-13.5,18.5,-0.07358074188232422,0,1,0
longwood_vs_fairleigh dickinson_20221119,2022-11-19,longwood,Fairleigh Dickinson,2023,16.0,11.394565,4.605435371398926,-11.0,5.0,0.3945646286010742,1,1,1
longwood_vs_siu edwardsville_20221120,2022-11-20,longwood,SIU Edwardsville,2023,-5.0,10.472092,15.472091674804688,-10.0,-15.0,0.4720916748046875,1,0,0
longwood_vs_south carolina state_20221220,2022-12-20,longwood,South Carolina State,2023,27.0,14.057997,12.94200325012207,-14.0,13.0,0.05799674987792969,1,1,1
longwood_vs_high point_20221229,2022-12-29,longwood,High Point,2023,14.0,5.0665946,8.93340539932251,-4.5,9.5,0.5665946006774902,1,1,1
longwood_vs_winthrop_20230107,2023-01-07,longwood,Winthrop,2023,14.0,9.447132,4.552867889404297,-8.0,6.0,1.4471321105957031,1,1,1
longwood_vs_usc upstate_20230114,2023-01-14,longwood,USC Upstate,2023,7.0,10.219669,3.2196693420410156,-11.5,-4.5,-1.2803306579589844,0,0,1
longwood_vs_gardner-webb_20230118,2023-01-18,longwood,Gardner-Webb,2023,5.0,4.438619,0.5613808631896973,-4.5,0.5,-0.061380863189697266,0,1,0
longwood_vs_charleston southern_20230128,2023-01-28,longwood,Charleston Southern,2023,-12.0,12.344103,24.34410285949707,-11.0,-23.0,1.3441028594970703,1,0,0
longwood_vs_campbell_20230204,2023-02-04,longwood,Campbell,2023,24.0,8.050078,15.949921607971191,-8.0,16.0,0.050078392028808594,1,1,1
longwood_vs_presbyterian_20230208,2023-02-08,longwood,Presbyterian,2023,20.0,10.732193,9.267807006835938,-11.5,8.5,-0.7678070068359375,0,1,0
longwood_vs_radford_20230218,2023-02-18,longwood,Radford,2023,10.0,2.4180565,7.581943511962891,-3.5,6.5,-1.0819435119628906,0,1,0
longwood_vs_unc asheville_20230225,2023-02-25,longwood,UNC Asheville,2023,-10.0,5.817663,15.817663192749023,-6.0,-16.0,-0.18233680725097656,0,0,1
louisiana-lafayette_vs_louisiana tech_20221117,2022-11-17,louisiana-lafayette,Louisiana Tech,2023,6.0,2.3851728,3.6148271560668945,-4.5,1.5,-2.1148271560668945,0,1,0
louisiana-lafayette_vs_samford_20221210,2022-12-10,louisiana-lafayette,Samford,2023,17.0,1.4463682,15.553631782531738,-2.5,14.5,-1.0536317825317383,0,1,0
louisiana-lafayette_vs_southern mississippi_20230105,2023-01-05,louisiana-lafayette,Southern Mississippi,2023,14.0,-0.32624188,14.326241880655289,-3.0,11.0,-3.3262418806552887,0,1,0
louisiana-lafayette_vs_georgia state_20230107,2023-01-07,louisiana-lafayette,Georgia State,2023,8.0,8.568099,0.5680990219116211,-8.0,0.0,0.5680990219116211,1,0,0
louisiana-lafayette_vs_troy_20230126,2023-01-26,louisiana-lafayette,Troy,2023,15.0,2.1217048,12.878295183181763,-3.0,12.0,-0.8782951831817627,0,1,0
louisiana-lafayette_vs_georgia southern_20230128,2023-01-28,louisiana-lafayette,Georgia Southern,2023,7.0,9.596953,2.5969533920288086,-10.0,-3.0,-0.4030466079711914,0,0,1
louisiana-lafayette_vs_texas state_20230202,2023-02-02,louisiana-lafayette,Texas State,2023,19.0,9.276357,9.72364330291748,-8.5,10.5,0.7763566970825195,1,1,1
louisiana-lafayette_vs_marshall_20230204,2023-02-04,louisiana-lafayette,Marshall,2023,10.0,-0.12991802,10.129918023943901,-1.0,9.0,-1.129918023943901,0,1,0
louisiana-lafayette_vs_louisianaâmonroe_20230216,2023-02-16,louisiana-lafayette,LouisianaâMonroe,2023,17.0,12.1479645,4.8520355224609375,-13.0,4.0,-0.8520355224609375,0,1,0
louisiana-lafayette_vs_arkansas state_20230222,2023-02-22,louisiana-lafayette,Arkansas State,2023,11.0,12.681517,1.6815166473388672,-14.5,-3.5,-1.8184833526611328,0,0,1
louisiana-lafayette_vs_south alabama_20230224,2023-02-24,louisiana-lafayette,South Alabama,2023,10.0,5.1297054,4.870294570922852,-4.0,6.0,1.1297054290771484,1,1,1
louisiana-lafayette_vs_texas state_20230305,2023-03-05,louisiana-lafayette,Texas State,2023,6.0,6.612254,0.6122541427612305,-7.0,-1.0,-0.38774585723876953,0,0,1
louisiana-lafayette_vs_south alabama_20230306,2023-03-06,louisiana-lafayette,South Alabama,2023,5.0,2.905642,2.094357967376709,-1.5,3.5,1.405642032623291,1,1,1
louisiana-lafayette_vs_tennessee_20230316,2023-03-16,louisiana-lafayette,Tennessee,2023,-3.0,-13.6773205,10.67732048034668,11.5,8.5,-2.1773204803466797,0,1,0
louisiana-monroe_vs_omaha_20221125,2022-11-25,louisiana-monroe,Omaha,2023,-7.0,1.7031078,8.703107833862305,-1.0,-8.0,0.7031078338623047,1,0,0
louisiana-monroe_vs_loyola (md)_20221126,2022-11-26,louisiana-monroe,Loyola (MD),2023,-1.0,-2.2087371,1.2087371349334717,3.5,2.5,1.2912628650665283,1,1,1
louisiana-monroe_vs_sam houston state_20221214,2022-12-14,louisiana-monroe,Sam Houston State,2023,-26.0,-11.715181,14.284818649291992,11.5,-14.5,-0.2151813507080078,0,0,1
louisiana-monroe_vs_lamar_20221217,2022-12-17,louisiana-monroe,Lamar,2023,24.0,9.617414,14.382585525512695,-9.0,15.0,0.6174144744873047,1,1,1
louisiana-monroe_vs_jacksonville_20221220,2022-12-20,louisiana-monroe,Jacksonville,2023,-11.0,-7.316597,3.6834030151367188,7.5,-3.5,0.18340301513671875,1,0,0
louisiana-monroe_vs_georgia state_20230105,2023-01-05,louisiana-monroe,Georgia State,2023,8.0,-3.643884,11.64388394355774,4.5,12.5,0.8561160564422607,1,1,1
louisiana-monroe_vs_southern mississippi_20230107,2023-01-07,louisiana-monroe,Southern Mississippi,2023,-5.0,-6.7227173,1.72271728515625,7.0,2.0,0.27728271484375,1,1,1
louisiana-monroe_vs_louisiana_20230112,2023-01-12,louisiana-monroe,Louisiana,2023,-13.0,-7.040017,5.959982872009277,8.0,-5.0,0.9599828720092773,1,0,0
louisiana-monroe_vs_texas state_20230114,2023-01-14,louisiana-monroe,Texas State,2023,3.0,-2.7853734,5.7853734493255615,4.0,7.0,1.2146265506744385,1,1,1
louisiana-monroe_vs_coastal carolina_20230202,2023-02-02,louisiana-monroe,Coastal Carolina,2023,13.0,2.0080955,10.991904497146606,-2.0,11.0,0.008095502853393555,1,1,1
louisiana-monroe_vs_south alabama_20230204,2023-02-04,louisiana-monroe,South Alabama,2023,-8.0,-0.45154706,7.548452943563461,3.0,-5.0,2.5484529435634613,1,0,0
louisiana-monroe_vs_appalachian state_20230209,2023-02-09,louisiana-monroe,Appalachian State,2023,-7.0,-1.6609064,5.339093565940857,2.0,-5.0,0.33909356594085693,1,0,0
louisiana-monroe_vs_troy_20230222,2023-02-22,louisiana-monroe,Troy,2023,-4.0,-3.9372132,0.06278681755065918,4.0,0.0,0.06278681755065918,1,0,0
louisiana-monroe_vs_arkansas state_20230224,2023-02-24,louisiana-monroe,Arkansas State,2023,-3.0,5.238749,8.238749027252197,-4.5,-7.5,0.7387490272521973,1,0,0
louisiana-state_vs_new orleans_20221117,2022-11-17,louisiana-state,New Orleans,2023,29.0,24.401186,4.598814010620117,-24.5,4.5,-0.09881401062011719,0,1,0
louisiana-state_vs_wofford_20221127,2022-11-27,louisiana-state,Wofford,2023,3.0,11.374267,8.374266624450684,-12.5,-9.5,-1.1257333755493164,0,0,1
louisiana-state_vs_ut arlington_20221202,2022-12-02,louisiana-state,UT Arlington,2023,4.0,19.384838,15.384838104248047,-19.0,-15.0,0.3848381042480469,1,0,0
louisiana-state_vs_wake forest_20221210,2022-12-10,louisiana-state,Wake Forest,2023,2.0,-1.2822764,3.2822763919830322,2.0,4.0,0.7177236080169678,1,1,1
louisiana-state_vs_north carolina central_20221213,2022-12-13,louisiana-state,North Carolina Central,2023,10.0,13.661943,3.6619434356689453,-14.0,-4.0,-0.3380565643310547,0,0,1
louisiana-state_vs_winthrop_20221217,2022-12-17,louisiana-state,Winthrop,2023,8.0,15.125174,7.125173568725586,-15.5,-7.5,-0.37482643127441406,0,0,1
louisiana-state_vs_east tennessee state_20221221,2022-12-21,louisiana-state,East Tennessee State,2023,4.0,13.03419,9.03419017791748,-14.0,-10.0,-0.9658098220825195,0,0,1
louisiana-state_vs_arkansas_20221228,2022-12-28,louisiana-state,Arkansas,2023,3.0,-2.544025,5.54402494430542,4.0,7.0,1.45597505569458,1,1,1
louisiana-state_vs_florida_20230110,2023-01-10,louisiana-state,Florida,2023,-11.0,-1.3461759,9.653824090957642,2.0,-9.0,0.6538240909576416,1,0,0
louisiana-state_vs_auburn_20230118,2023-01-18,louisiana-state,Auburn,2023,-18.0,-3.8563411,14.143658876419067,4.0,-14.0,0.14365887641906738,1,0,0
louisiana-state_vs_tennessee_20230121,2023-01-21,louisiana-state,Tennessee,2023,-21.0,-11.966058,9.033942222595215,11.0,-10.0,-0.9660577774047852,0,0,1
louisiana-state_vs_texas tech_20230128,2023-01-28,louisiana-state,Texas Tech,2023,-8.0,-1.6815436,6.318456411361694,2.5,-5.5,0.8184564113616943,1,0,0
louisiana-state_vs_alabama_20230204,2023-02-04,louisiana-state,Alabama,2023,-10.0,-14.3112135,4.311213493347168,11.0,1.0,-3.311213493347168,0,1,0
louisiana-state_vs_texas a&m_20230211,2023-02-11,louisiana-state,Texas A&M,2023,-12.0,-6.512931,5.487069129943848,6.5,-5.5,-0.012930870056152344,0,0,1
louisiana-state_vs_south carolina_20230218,2023-02-18,louisiana-state,South Carolina,2023,-9.0,6.9451222,15.945122241973877,-7.5,-16.5,-0.554877758026123,0,0,1
louisiana-state_vs_vanderbilt_20230222,2023-02-22,louisiana-state,Vanderbilt,2023,7.0,-2.3853223,9.385322332382202,2.5,9.5,0.11467766761779785,1,1,1
louisiana-state_vs_missouri_20230301,2023-03-01,louisiana-state,Missouri,2023,-5.0,-3.161248,1.838752031326294,4.0,-1.0,0.838752031326294,1,0,0
louisiana-state_vs_vanderbilt_20230309,2023-03-09,louisiana-state,Vanderbilt,2023,-9.0,-3.1614587,5.838541269302368,4.0,-5.0,0.8385412693023682,1,0,0
louisiana-tech_vs_louisianaâmonroe_20221121,2022-11-21,louisiana-tech,LouisianaâMonroe,2023,21.0,11.818174,9.181825637817383,-11.5,9.5,0.3181743621826172,1,1,1
louisiana-tech_vs_southern_20221202,2022-12-02,louisiana-tech,Southern,2023,15.0,9.47718,5.522820472717285,-8.5,6.5,0.9771795272827148,1,1,1
louisiana-tech_vs_stephen f. austin_20221214,2022-12-14,louisiana-tech,Stephen F. Austin,2023,-1.0,4.2998195,5.299819469451904,-4.5,-5.5,-0.2001805305480957,0,0,1
louisiana-tech_vs_utsa_20221229,2022-12-29,louisiana-tech,UTSA,2023,22.0,12.90276,9.097240447998047,-14.0,8.0,-1.0972404479980469,0,1,0
louisiana-tech_vs_utep_20230107,2023-01-07,louisiana-tech,UTEP,2023,2.0,6.1901083,4.190108299255371,-6.5,-4.5,-0.3098917007446289,0,0,1
louisiana-tech_vs_uab_20230114,2023-01-14,louisiana-tech,UAB,2023,-7.0,-1.7591083,5.240891695022583,0.0,-7.0,-1.759108304977417,0,0,1
louisiana-tech_vs_western kentucky_20230119,2023-01-19,louisiana-tech,Western Kentucky,2023,11.0,3.2632287,7.73677134513855,-4.0,7.0,-0.7367713451385498,0,1,0
louisiana-tech_vs_middle tennessee_20230121,2023-01-21,louisiana-tech,Middle Tennessee,2023,-17.0,1.4853355,18.48533546924591,-3.5,-20.5,-2.0146645307540894,0,0,1
louisiana-tech_vs_rice_20230202,2023-02-02,louisiana-tech,Rice,2023,8.0,4.8755064,3.1244935989379883,-5.0,3.0,-0.12449359893798828,0,1,0
louisiana-tech_vs_north texas_20230216,2023-02-16,louisiana-tech,North Texas,2023,-10.0,-3.8171754,6.182824611663818,5.0,-5.0,1.1828246116638184,1,0,0
louisiana-tech_vs_charlotte_20230218,2023-02-18,louisiana-tech,Charlotte,2023,-7.0,0.9719534,7.971953392028809,0.0,-7.0,0.9719533920288086,1,0,0
louisiana-tech_vs_florida international_20230302,2023-03-02,louisiana-tech,Florida International,2023,1.0,4.39251,3.392509937286377,-5.0,-4.0,-0.607490062713623,0,0,1
louisiana-tech_vs_florida atlantic_20230304,2023-03-04,louisiana-tech,Florida Atlantic,2023,-4.0,-7.517283,3.5172829627990723,9.0,5.0,1.4827170372009277,1,1,1
louisiana-tech_vs_north texas_20230309,2023-03-09,louisiana-tech,North Texas,2023,-28.0,-8.372575,19.62742519378662,9.5,-18.5,1.127425193786621,1,0,0
louisville_vs_wright state_20221112,2022-11-12,louisville,Wright State,2023,-1.0,6.6430492,7.643049240112305,-5.0,-6.0,1.6430492401123047,1,0,0
louisville_vs_appalachian state_20221115,2022-11-15,louisville,Appalachian State,2023,-1.0,9.030607,10.030607223510742,-6.0,-7.0,3.030607223510742,1,0,0
louisville_vs_texas tech_20221122,2022-11-22,louisville,Texas Tech,2023,-32.0,-12.733818,19.26618194580078,13.0,-19.0,0.26618194580078125,1,0,0
louisville_vs_maryland_20221129,2022-11-29,louisville,Maryland,2023,-25.0,-12.930754,12.069246292114258,13.0,-12.0,0.06924629211425781,1,0,0
louisville_vs_miami (fl)_20221204,2022-12-04,louisville,Miami (FL),2023,-27.0,-11.0910225,15.908977508544922,12.0,-15.0,0.9089775085449219,1,0,0
louisville_vs_western kentucky_20221214,2022-12-14,louisville,Western Kentucky,2023,11.0,-6.0247474,17.024747371673584,7.5,18.5,1.475252628326416,1,1,1
louisville_vs_florida a&m_20221217,2022-12-17,louisville,Florida A&M,2023,6.0,17.552975,11.552974700927734,-18.0,-12.0,-0.4470252990722656,0,0,1
louisville_vs_lipscomb_20221220,2022-12-20,louisville,Lipscomb,2023,-8.0,-2.9953651,5.004634857177734,2.0,-6.0,-0.9953651428222656,0,0,1
louisville_vs_syracuse_20230103,2023-01-03,louisville,Syracuse,2023,-1.0,-6.9555078,5.955507755279541,9.0,8.0,2.044492244720459,1,1,1
louisville_vs_wake forest_20230107,2023-01-07,louisville,Wake Forest,2023,-8.0,-8.026095,0.02609539031982422,9.0,1.0,0.9739046096801758,1,1,1
louisville_vs_north carolina_20230114,2023-01-14,louisville,North Carolina,2023,-21.0,-15.001026,5.998973846435547,13.0,-8.0,-2.001026153564453,0,0,1
louisville_vs_pittsburgh_20230118,2023-01-18,louisville,Pittsburgh,2023,-21.0,-6.780972,14.219027996063232,9.5,-11.5,2.7190279960632324,1,0,0
louisville_vs_georgia tech_20230201,2023-02-01,louisville,Georgia Tech,2023,10.0,-1.055495,11.055495023727417,1.0,11.0,-0.05549502372741699,0,1,0
louisville_vs_florida state_20230204,2023-02-04,louisville,Florida State,2023,-3.0,-2.7702527,0.22974729537963867,5.5,2.5,2.7297472953796387,1,1,1
louisville_vs_virginia_20230215,2023-02-15,louisville,Virginia,2023,-3.0,-12.807274,9.807273864746094,16.0,13.0,3.1927261352539062,1,1,1
louisville_vs_clemson_20230218,2023-02-18,louisville,Clemson,2023,10.0,-9.076533,19.076533317565918,11.0,21.0,1.923466682434082,1,1,1
louisville_vs_virginia tech_20230228,2023-02-28,louisville,Virginia Tech,2023,-17.0,-8.843574,8.156426429748535,10.5,-6.5,1.6564264297485352,1,0,0
loyola-il_vs_tulsa_20221117,2022-11-17,loyola-il,Tulsa,2023,-19.0,8.50869,27.508689880371094,-7.5,-26.5,1.0086898803710938,1,0,0
loyola-il_vs_texas a&m_20221120,2022-11-20,loyola-il,Texas A&M,2023,-16.0,-4.5572076,11.442792415618896,5.5,-10.5,0.9427924156188965,1,0,0
loyola-il_vs_central arkansas_20221130,2022-11-30,loyola-il,Central Arkansas,2023,15.0,11.42572,3.57427978515625,-12.0,3.0,-0.57427978515625,0,1,0
loyola-il_vs_depaul_20221203,2022-12-03,loyola-il,DePaul,2023,-6.0,-1.2015593,4.79844069480896,-1.0,-7.0,-2.20155930519104,0,0,1
loyola-il_vs_green bay_20221206,2022-12-06,loyola-il,Green Bay,2023,24.0,19.037516,4.962484359741211,-18.5,5.5,0.5375156402587891,1,1,1
loyola-il_vs_albany (ny)_20221218,2022-12-18,loyola-il,Albany (NY),2023,12.0,13.403993,1.4039926528930664,-15.5,-3.5,-2.0960073471069336,0,0,1
loyola-il_vs_stanford_20221222,2022-12-22,loyola-il,Stanford,2023,-13.0,-3.5274725,9.472527503967285,5.5,-7.5,1.9725275039672852,1,0,0
loyola-il_vs_george washington_20221231,2022-12-31,loyola-il,George Washington,2023,-10.0,8.662319,18.66231918334961,-8.0,-18.0,0.6623191833496094,1,0,0
loyola-il_vs_vcu_20230110,2023-01-10,loyola-il,VCU,2023,-14.0,-2.0939777,11.906022310256958,3.5,-10.5,1.406022310256958,1,0,0
loyola-il_vs_saint louis_20230118,2023-01-18,loyola-il,Saint Louis,2023,-17.0,-6.4977393,10.502260684967041,6.5,-10.5,0.0022606849670410156,1,0,0
loyola-il_vs_st. bonaventure_20230121,2023-01-21,loyola-il,St. Bonaventure,2023,12.0,-1.5092787,13.509278655052185,1.5,13.5,-0.009278655052185059,0,1,0
loyola-il_vs_george mason_20230204,2023-02-04,loyola-il,George Mason,2023,8.0,-1.9193865,9.919386506080627,1.5,9.5,-0.41938650608062744,0,1,0
loyola-il_vs_saint joseph's_20230208,2023-02-08,loyola-il,Saint Joseph's,2023,-12.0,2.524945,14.52494502067566,-4.0,-16.0,-1.4750549793243408,0,0,1
loyola-il_vs_dayton_20230217,2023-02-17,loyola-il,Dayton,2023,-16.0,-6.094968,9.90503215789795,7.0,-9.0,0.9050321578979492,1,0,0
loyola-il_vs_fordham_20230222,2023-02-22,loyola-il,Fordham,2023,-2.0,-1.3604435,0.6395565271377563,1.5,-0.5,0.13955652713775635,1,0,0
loyola-il_vs_rhode island_20230301,2023-03-01,loyola-il,Rhode Island,2023,-2.0,5.2235527,7.223552703857422,-4.0,-6.0,1.2235527038574219,1,0,0
loyola-il_vs_saint joseph's_20230307,2023-03-07,loyola-il,Saint Joseph's,2023,-5.0,1.0198028,6.019802808761597,-1.5,-6.5,-0.4801971912384033,0,0,1
loyola-marymount_vs_uc davis_20221112,2022-11-12,loyola-marymount,UC Davis,2023,10.0,5.8175254,4.182474613189697,-5.5,4.5,0.31752538681030273,1,1,1
loyola-marymount_vs_wake forest_20221120,2022-11-20,loyola-marymount,Wake Forest,2023,2.0,-3.903317,5.903316974639893,6.0,8.0,2.0966830253601074,1,1,1
loyola-marymount_vs_morgan state_20221123,2022-11-23,loyola-marymount,Morgan State,2023,1.0,10.17495,9.174949645996094,-11.5,-10.5,-1.3250503540039062,0,0,1
loyola-marymount_vs_bellarmine_20221125,2022-11-25,loyola-marymount,Bellarmine,2023,21.0,6.2763257,14.723674297332764,-7.0,14.0,-0.7236742973327637,0,1,0
loyola-marymount_vs_nevada_20221203,2022-12-03,loyola-marymount,Nevada,2023,12.0,-1.9702716,13.970271587371826,2.5,14.5,0.5297284126281738,1,1,1
loyola-marymount_vs_utah state_20221211,2022-12-11,loyola-marymount,Utah State,2023,-12.0,-5.8649716,6.13502836227417,7.5,-4.5,1.63502836227417,1,0,0
loyola-marymount_vs_cleveland state_20221218,2022-12-18,loyola-marymount,Cleveland State,2023,11.0,9.744882,1.2551183700561523,-8.5,2.5,1.2448816299438477,1,1,1
loyola-marymount_vs_tulsa_20221221,2022-12-21,loyola-marymount,Tulsa,2023,12.0,9.387677,2.6123228073120117,-9.5,2.5,-0.11232280731201172,0,1,0
loyola-marymount_vs_brigham young_20230105,2023-01-05,loyola-marymount,Brigham Young,2023,5.0,0.21885929,4.781140714883804,-1.0,4.0,-0.7811407148838043,0,1,0
loyola-marymount_vs_san francisco_20230107,2023-01-07,loyola-marymount,San Francisco,2023,-2.0,2.0084841,4.008484125137329,-2.5,-4.5,-0.4915158748626709,0,0,1
loyola-marymount_vs_san diego_20230114,2023-01-14,loyola-marymount,San Diego,2023,14.0,6.677128,7.322872161865234,-6.5,7.5,0.17712783813476562,1,1,1
loyola-marymount_vs_portland_20230126,2023-01-26,loyola-marymount,Portland,2023,19.0,4.242846,14.757153987884521,-5.5,13.5,-1.2571539878845215,0,1,0
loyola-marymount_vs_pepperdine_20230128,2023-01-28,loyola-marymount,Pepperdine,2023,14.0,9.494612,4.505388259887695,-9.5,4.5,-0.0053882598876953125,0,1,0
loyola-marymount_vs_gonzaga_20230216,2023-02-16,loyola-marymount,Gonzaga,2023,-43.0,-8.425776,34.5742244720459,8.5,-34.5,0.07422447204589844,1,0,0
loyola-marymount_vs_pacific_20230218,2023-02-18,loyola-marymount,Pacific,2023,2.0,9.297216,7.297216415405273,-9.5,-7.5,-0.20278358459472656,0,0,1
loyola-md_vs_brown_20221113,2022-11-13,loyola-md,Brown,2023,5.0,3.395455,1.6045451164245605,-2.5,2.5,0.8954548835754395,1,1,1
loyola-md_vs_southern_20221125,2022-11-25,loyola-md,Southern,2023,-18.0,-2.1048315,15.895168542861938,3.5,-14.5,1.3951685428619385,1,0,0
loyola-md_vs_coppin state_20221203,2022-12-03,loyola-md,Coppin State,2023,-3.0,5.519438,8.519437789916992,-5.0,-8.0,0.5194377899169922,1,0,0
loyola-md_vs_umbc_20221213,2022-12-13,loyola-md,UMBC,2023,-3.0,-4.586715,1.5867152214050293,5.0,2.0,0.4132847785949707,1,1,1
loyola-md_vs_colgate_20221230,2022-12-30,loyola-md,Colgate,2023,-34.0,-7.114873,26.885127067565918,6.5,-27.5,-0.614872932434082,0,0,1
loyola-md_vs_army_20230105,2023-01-05,loyola-md,Army,2023,-23.0,-2.260842,20.739157915115356,2.0,-21.0,-0.26084208488464355,0,0,1
loyola-md_vs_navy_20230114,2023-01-14,loyola-md,Navy,2023,2.0,-3.073023,5.073023080825806,4.0,6.0,0.9269769191741943,1,1,1
loyola-md_vs_lehigh_20230116,2023-01-16,loyola-md,Lehigh,2023,-4.0,0.54873115,4.54873114824295,-1.0,-5.0,-0.45126885175704956,0,0,1
loyola-md_vs_bucknell_20230128,2023-01-28,loyola-md,Bucknell,2023,14.0,0.22515985,13.774840146303177,-1.0,13.0,-0.7748401463031769,0,1,0
loyola-md_vs_boston university_20230204,2023-02-04,loyola-md,Boston University,2023,-1.0,-1.5723938,0.5723937749862671,2.0,1.0,0.4276062250137329,1,1,1
loyola-md_vs_lafayette_20230215,2023-02-15,loyola-md,Lafayette,2023,3.0,-0.86311513,3.863115131855011,2.0,5.0,1.136884868144989,1,1,1
loyola-md_vs_holy cross_20230222,2023-02-22,loyola-md,Holy Cross,2023,22.0,5.7081494,16.291850566864014,-4.5,17.5,1.2081494331359863,1,1,1
loyola-md_vs_american_20230225,2023-02-25,loyola-md,American,2023,6.0,0.62736833,5.372631669044495,-1.0,5.0,-0.37263166904449463,0,1,0
loyola-md_vs_holy cross_20230228,2023-02-28,loyola-md,Holy Cross,2023,4.0,5.593567,1.59356689453125,-4.5,-0.5,1.09356689453125,1,0,0
maine_vs_columbia_20221118,2022-11-18,maine,Columbia,2023,23.0,4.2838116,18.716188430786133,-4.5,18.5,-0.2161884307861328,0,1,0
maine_vs_marist_20221204,2022-12-04,maine,Marist,2023,-1.0,1.0264832,2.026483178138733,1.0,0.0,2.026483178138733,1,0,0
maine_vs_harvard_20221228,2022-12-28,maine,Harvard,2023,-1.0,-4.025327,3.025327205657959,5.5,4.5,1.474672794342041,1,1,1
maine_vs_njit_20230108,2023-01-08,maine,NJIT,2023,-8.0,5.951074,13.951074123382568,-6.5,-14.5,-0.5489258766174316,0,0,1
maine_vs_new hampshire_20230111,2023-01-11,maine,New Hampshire,2023,-13.0,2.423164,15.423163890838623,-4.0,-17.0,-1.576836109161377,0,0,1
maine_vs_binghamton_20230122,2023-01-22,maine,Binghamton,2023,21.0,2.5483665,18.45163345336914,-2.0,19.0,0.5483665466308594,1,1,1
maine_vs_umass lowell_20230125,2023-01-25,maine,UMass Lowell,2023,5.0,-6.869217,11.869216918945312,7.0,12.0,0.1307830810546875,1,1,1
maine_vs_umbc_20230204,2023-02-04,maine,UMBC,2023,35.0,-3.3221643,38.32216429710388,4.0,39.0,0.6778357028961182,1,1,1
maine_vs_vermont_20230208,2023-02-08,maine,Vermont,2023,-9.0,-7.1243024,1.8756976127624512,8.5,-0.5,1.3756976127624512,1,0,0
maine_vs_albany (ny)_20230218,2023-02-18,maine,Albany (NY),2023,2.0,6.18873,4.188729763031006,-7.0,-5.0,-0.8112702369689941,0,0,1
maine_vs_bryant_20230228,2023-02-28,maine,Bryant,2023,2.0,-2.3803387,4.380338668823242,3.5,5.5,1.1196613311767578,1,1,1
manhattan_vs_northeastern_20221124,2022-11-24,manhattan,Northeastern,2023,-2.0,-2.871712,0.8717119693756104,3.5,1.5,0.6282880306243896,1,1,1
manhattan_vs_fairfield_20221201,2022-12-01,manhattan,Fairfield,2023,3.0,-0.79574233,3.7957423329353333,1.5,4.5,0.7042576670646667,1,1,1
manhattan_vs_monmouth_20221204,2022-12-04,manhattan,Monmouth,2023,-7.0,5.6354246,12.635424613952637,-5.5,-12.5,0.13542461395263672,1,0,0
manhattan_vs_bryant_20221211,2022-12-11,manhattan,Bryant,2023,-7.0,-8.795673,1.7956733703613281,8.5,1.5,-0.2956733703613281,0,1,0
manhattan_vs_central connecticut state_20221216,2022-12-16,manhattan,Central Connecticut State,2023,-11.0,4.0931063,15.093106269836426,-4.5,-15.5,-0.4068937301635742,0,0,1
manhattan_vs_quinnipiac_20230101,2023-01-01,manhattan,Quinnipiac,2023,-19.0,-4.4233017,14.576698303222656,5.0,-14.0,0.5766983032226562,1,0,0
manhattan_vs_canisius_20230106,2023-01-06,manhattan,Canisius,2023,-7.0,0.096493356,7.0964933559298515,-2.0,-9.0,-1.9035066440701485,0,0,1
manhattan_vs_niagara_20230108,2023-01-08,manhattan,Niagara,2023,5.0,-2.1964855,7.19648551940918,3.5,8.5,1.3035144805908203,1,1,1
manhattan_vs_iona_20230120,2023-01-20,manhattan,Iona,2023,-8.0,-13.607033,5.607032775878906,14.0,6.0,0.39296722412109375,1,1,1
manhattan_vs_siena_20230203,2023-02-03,manhattan,Siena,2023,5.0,-4.433938,9.433938026428223,5.5,10.5,1.0660619735717773,1,1,1
manhattan_vs_rider_20230205,2023-02-05,manhattan,Rider,2023,-11.0,-2.3455925,8.654407501220703,3.0,-8.0,0.6544075012207031,1,0,0
manhattan_vs_saint peter's_20230212,2023-02-12,manhattan,Saint Peter's,2023,16.0,0.8003971,15.199602901935577,-1.5,14.5,-0.6996029019355774,0,1,0
manhattan_vs_marist_20230224,2023-02-24,manhattan,Marist,2023,-23.0,4.1693177,27.169317722320557,-4.0,-27.0,0.16931772232055664,1,0,0
manhattan_vs_mount st. mary's_20230304,2023-03-04,manhattan,Mount St. Mary's,2023,-5.0,2.0107608,7.01076078414917,-2.0,-7.0,0.010760784149169922,1,0,0
manhattan_vs_marist_20230307,2023-03-07,manhattan,Marist,2023,-11.0,1.3770897,12.377089738845825,-3.5,-14.5,-2.122910261154175,0,0,1
marist_vs_princeton_20221119,2022-11-19,marist,Princeton,2023,-7.0,-6.533063,0.4669370651245117,6.5,-0.5,-0.03306293487548828,0,0,1
marist_vs_columbia_20221128,2022-11-28,marist,Columbia,2023,13.0,6.650675,6.349325180053711,-6.5,6.5,0.15067481994628906,1,1,1
marist_vs_boston university_20221210,2022-12-10,marist,Boston University,2023,-2.0,-0.755289,1.2447109818458557,2.5,0.5,1.7447109818458557,1,1,1
marist_vs_manhattan_20221219,2022-12-19,marist,Manhattan,2023,-11.0,3.7027736,14.702773571014404,-4.5,-15.5,-0.7972264289855957,0,0,1
marist_vs_iona_20230106,2023-01-06,marist,Iona,2023,-27.0,-12.0371475,14.962852478027344,12.0,-15.0,-0.03714752197265625,0,0,1
marist_vs_mount st. mary's_20230108,2023-01-08,marist,Mount St. Mary's,2023,7.0,-1.7029772,8.702977180480957,1.0,8.0,-0.702977180480957,0,1,0
marist_vs_saint peter's_20230120,2023-01-20,marist,Saint Peter's,2023,-4.0,1.1529703,5.152970314025879,-2.5,-6.5,-1.347029685974121,0,0,1
marist_vs_rider_20230127,2023-01-27,marist,Rider,2023,-16.0,-1.9543555,14.045644521713257,2.5,-13.5,0.5456445217132568,1,0,0
marist_vs_siena_20230129,2023-01-29,marist,Siena,2023,-15.0,-2.7901132,12.2098867893219,4.5,-10.5,1.7098867893218994,1,0,0
marist_vs_canisius_20230205,2023-02-05,marist,Canisius,2023,8.0,0.9900588,7.009941220283508,-2.5,5.5,-1.5099412202835083,0,1,0
marist_vs_fairfield_20230217,2023-02-17,marist,Fairfield,2023,-9.0,-0.35322058,8.646779417991638,1.5,-7.5,1.1467794179916382,1,0,0
marist_vs_niagara_20230219,2023-02-19,marist,Niagara,2023,9.0,-1.5212028,10.521202802658081,1.5,10.5,-0.021202802658081055,0,1,0
marist_vs_quinnipiac_20230304,2023-03-04,marist,Quinnipiac,2023,-12.0,-1.9693393,10.03066074848175,2.0,-10.0,0.03066074848175049,1,0,0
marist_vs_quinnipiac_20230309,2023-03-09,marist,Quinnipiac,2023,16.0,-3.773913,19.77391290664673,4.5,20.5,0.7260870933532715,1,1,1
marquette_vs_central michigan_20221110,2022-11-10,marquette,Central Michigan,2023,24.0,17.586287,6.413713455200195,-18.0,6.0,-0.4137134552001953,0,1,0
marquette_vs_liu_20221117,2022-11-17,marquette,LIU,2023,37.0,24.661804,12.33819580078125,-29.0,8.0,-4.33819580078125,0,1,0
marquette_vs_mississippi state_20221121,2022-11-21,marquette,Mississippi State,2023,-3.0,-1.1220573,1.877942681312561,3.0,0.0,1.877942681312561,1,0,0
marquette_vs_chicago state_20221126,2022-11-26,marquette,Chicago State,2023,14.0,28.26523,14.265230178833008,-27.5,-13.5,0.7652301788330078,1,0,0
marquette_vs_baylor_20221129,2022-11-29,marquette,Baylor,2023,26.0,-1.4125887,27.412588715553284,5.0,31.0,3.5874112844467163,1,1,1
marquette_vs_wisconsin_20221203,2022-12-03,marquette,Wisconsin,2023,-3.0,5.540286,8.54028606414795,-5.5,-8.5,0.04028606414794922,1,0,0
marquette_vs_north carolina central_20221206,2022-12-06,marquette,North Carolina Central,2023,12.0,19.409164,7.4091644287109375,-19.0,-7.0,0.4091644287109375,1,0,0
marquette_vs_creighton_20221216,2022-12-16,marquette,Creighton,2023,11.0,4.1514087,6.848591327667236,-4.0,7.0,0.15140867233276367,1,1,1
marquette_vs_seton hall_20221227,2022-12-27,marquette,Seton Hall,2023,14.0,5.3250446,8.674955368041992,-7.0,7.0,-1.6749553680419922,0,1,0
marquette_vs_georgetown_20230107,2023-01-07,marquette,Georgetown,2023,22.0,19.649502,2.3504981994628906,-18.0,4.0,1.6495018005371094,1,1,1
marquette_vs_connecticut_20230111,2023-01-11,marquette,Connecticut,2023,6.0,0.17928346,5.820716544985771,2.0,8.0,2.179283455014229,1,1,1
marquette_vs_providence_20230118,2023-01-18,marquette,Providence,2023,8.0,6.610414,1.3895859718322754,-7.5,0.5,-0.8895859718322754,0,1,0
marquette_vs_villanova_20230201,2023-02-01,marquette,Villanova,2023,9.0,6.196296,2.803703784942627,-6.5,2.5,-0.30370378494262695,0,1,0
marquette_vs_butler_20230204,2023-02-04,marquette,Butler,2023,8.0,14.920915,6.920914649963379,-15.0,-7.0,-0.0790853500366211,0,0,1
marquette_vs_xavier_20230215,2023-02-15,marquette,Xavier,2023,1.0,7.417462,6.41746187210083,-7.0,-6.0,0.4174618721008301,1,0,0
marquette_vs_depaul_20230225,2023-02-25,marquette,DePaul,2023,6.0,14.551733,8.551733016967773,-14.0,-8.0,0.5517330169677734,1,0,0
marquette_vs_st. john's (ny)_20230304,2023-03-04,marquette,St. John's (NY),2023,2.0,12.918348,10.91834831237793,-11.5,-9.5,1.4183483123779297,1,0,0
marquette_vs_xavier_20230311,2023-03-11,marquette,Xavier,2023,14.0,2.4918633,11.508136749267578,-2.0,12.0,0.4918632507324219,1,1,1
marquette_vs_vermont_20230317,2023-03-17,marquette,Vermont,2023,17.0,9.535966,7.464034080505371,-10.0,7.0,-0.4640340805053711,0,1,0
marquette_vs_michigan state_20230319,2023-03-19,marquette,Michigan State,2023,-9.0,2.8191617,11.819161653518677,-3.0,-12.0,-0.18083834648132324,0,0,1
marshall_vs_coppin state_20221119,2022-11-19,marshall,Coppin State,2023,19.0,11.5918045,7.408195495605469,-11.5,7.5,0.09180450439453125,1,1,1
marshall_vs_chicago state_20221121,2022-11-21,marshall,Chicago State,2023,12.0,22.310316,10.31031608581543,-21.0,-9.0,1.3103160858154297,1,0,0
marshall_vs_morehead state_20221126,2022-11-26,marshall,Morehead State,2023,24.0,10.909674,13.090326309204102,-11.0,13.0,-0.09032630920410156,0,1,0
marshall_vs_akron_20221130,2022-11-30,marshall,Akron,2023,11.0,3.1920092,7.807990789413452,-4.0,7.0,-0.8079907894134521,0,1,0
marshall_vs_ohio_20221203,2022-12-03,marshall,Ohio,2023,14.0,10.17903,3.820969581604004,-8.5,5.5,1.679030418395996,1,1,1
marshall_vs_toledo_20221217,2022-12-17,marshall,Toledo,2023,15.0,3.141826,11.858174085617065,-3.5,11.5,-0.35817408561706543,0,1,0
marshall_vs_appalachian state_20221229,2022-12-29,marshall,Appalachian State,2023,26.0,9.675327,16.32467269897461,-10.0,16.0,-0.3246726989746094,0,1,0
marshall_vs_james madison_20221231,2022-12-31,marshall,James Madison,2023,-6.0,5.9457917,11.945791721343994,-4.5,-10.5,1.4457917213439941,1,0,0
marshall_vs_coastal carolina_20230107,2023-01-07,marshall,Coastal Carolina,2023,15.0,13.966229,1.0337705612182617,-13.0,2.0,0.9662294387817383,1,1,1
marshall_vs_southern mississippi_20230112,2023-01-12,marshall,Southern Mississippi,2023,22.0,7.676717,14.323283195495605,-8.0,14.0,-0.32328319549560547,0,1,0
marshall_vs_old dominion_20230114,2023-01-14,marshall,Old Dominion,2023,8.0,9.461685,1.4616851806640625,-10.0,-2.0,-0.5383148193359375,0,0,1
marshall_vs_louisianaâmonroe_20230126,2023-01-26,marshall,LouisianaâMonroe,2023,-4.0,16.436024,20.436023712158203,-16.0,-20.0,0.4360237121582031,1,0,0
marshall_vs_georgia state_20230128,2023-01-28,marshall,Georgia State,2023,38.0,10.960964,27.03903579711914,-12.5,25.5,-1.5390357971191406,0,1,0
marshall_vs_georgia southern_20230216,2023-02-16,marshall,Georgia Southern,2023,1.0,11.928883,10.928882598876953,-12.5,-11.5,-0.5711174011230469,0,0,1
marshall_vs_troy_20230218,2023-02-18,marshall,Troy,2023,10.0,8.704429,1.2955713272094727,-9.0,1.0,-0.29557132720947266,0,1,0
marshall_vs_texas state_20230304,2023-03-04,marshall,Texas State,2023,-3.0,7.3696914,10.369691371917725,-8.0,-11.0,-0.6303086280822754,0,0,1
maryland_vs_western carolina_20221110,2022-11-10,maryland,Western Carolina,2023,20.0,19.20444,0.7955608367919922,-19.5,0.5,-0.2955608367919922,0,1,0
maryland_vs_binghamton_20221115,2022-11-15,maryland,Binghamton,2023,24.0,21.335546,2.6644535064697266,-21.0,3.0,0.33554649353027344,1,1,1
maryland_vs_saint louis_20221119,2022-11-19,maryland,Saint Louis,2023,28.0,-1.1438183,29.143818259239197,2.5,30.5,1.3561817407608032,1,1,1
maryland_vs_coppin state_20221125,2022-11-25,maryland,Coppin State,2023,16.0,24.877548,8.877548217773438,-23.5,-7.5,1.3775482177734375,1,0,0
maryland_vs_illinois_20221202,2022-12-02,maryland,Illinois,2023,5.0,0.04436128,4.955638721585274,-1.0,4.0,-0.9556387215852737,0,1,0
maryland_vs_tennessee_20221211,2022-12-11,maryland,Tennessee,2023,-3.0,-4.3225183,1.3225183486938477,5.5,2.5,1.1774816513061523,1,1,1
maryland_vs_ucla_20221214,2022-12-14,maryland,UCLA,2023,-27.0,1.305812,28.305812001228333,-2.0,-29.0,-0.6941879987716675,0,0,1
maryland_vs_saint peter's_20221222,2022-12-22,maryland,Saint Peter's,2023,30.0,19.315493,10.684507369995117,-22.5,7.5,-3.184507369995117,0,1,0
maryland_vs_umbc_20221229,2022-12-29,maryland,UMBC,2023,16.0,16.459272,0.4592723846435547,-17.5,-1.5,-1.0407276153564453,0,0,1
maryland_vs_ohio state_20230108,2023-01-08,maryland,Ohio State,2023,7.0,-0.4146412,7.414641201496124,-1.5,5.5,-1.9146412014961243,0,1,0
maryland_vs_michigan_20230119,2023-01-19,maryland,Michigan,2023,6.0,1.8204486,4.179551362991333,-3.0,3.0,-1.179551362991333,0,1,0
maryland_vs_wisconsin_20230125,2023-01-25,maryland,Wisconsin,2023,18.0,6.2983446,11.701655387878418,-5.0,13.0,1.298344612121582,1,1,1
maryland_vs_nebraska_20230128,2023-01-28,maryland,Nebraska,2023,19.0,10.388797,8.61120319366455,-11.5,7.5,-1.1112031936645508,0,1,0
maryland_vs_indiana_20230131,2023-01-31,maryland,Indiana,2023,11.0,1.7428579,9.257142066955566,-3.0,8.0,-1.2571420669555664,0,1,0
maryland_vs_penn state_20230211,2023-02-11,maryland,Penn State,2023,6.0,8.663499,2.663498878479004,-8.0,-2.0,0.6634988784790039,1,0,0
maryland_vs_purdue_20230216,2023-02-16,maryland,Purdue,2023,14.0,-0.5701205,14.570120513439178,-1.0,13.0,-1.5701205134391785,0,1,0
maryland_vs_minnesota_20230222,2023-02-22,maryland,Minnesota,2023,18.0,15.60189,2.3981103897094727,-15.5,2.5,0.10188961029052734,1,1,1
maryland_vs_northwestern_20230226,2023-02-26,maryland,Northwestern,2023,16.0,6.817042,9.182958126068115,-7.5,8.5,-0.6829581260681152,0,1,0
maryland_vs_minnesota_20230309,2023-03-09,maryland,Minnesota,2023,16.0,13.135362,2.864638328552246,-13.5,2.5,-0.3646383285522461,0,1,0
maryland_vs_west virginia_20230316,2023-03-16,maryland,West Virginia,2023,2.0,-1.127923,3.127923011779785,2.5,4.5,1.3720769882202148,1,1,1
maryland-baltimore-county_vs_princeton_20221114,2022-11-14,maryland-baltimore-county,Princeton,2023,-30.0,-5.849294,24.150705814361572,6.0,-24.0,0.15070581436157227,1,0,0
maryland-baltimore-county_vs_lafayette_20221118,2022-11-18,maryland-baltimore-county,Lafayette,2023,8.0,0.6098745,7.390125513076782,-1.0,7.0,-0.3901255130767822,0,1,0
maryland-baltimore-county_vs_central connecticut state_20221120,2022-11-20,maryland-baltimore-county,Central Connecticut State,2023,2.0,6.1376085,4.137608528137207,-6.5,-4.5,-0.36239147186279297,0,0,1
maryland-baltimore-county_vs_coppin state_20221130,2022-11-30,maryland-baltimore-county,Coppin State,2023,27.0,3.5169969,23.48300313949585,-2.0,25.0,1.5169968605041504,1,1,1
maryland-baltimore-county_vs_morgan state_20221210,2022-12-10,maryland-baltimore-county,Morgan State,2023,12.0,9.451034,2.548966407775879,-8.5,3.5,0.9510335922241211,1,1,1
maryland-baltimore-county_vs_william & mary_20221218,2022-12-18,maryland-baltimore-county,William & Mary,2023,16.0,5.281949,10.718050956726074,-6.5,9.5,-1.2180509567260742,0,1,0
maryland-baltimore-county_vs_vermont_20230101,2023-01-01,maryland-baltimore-county,Vermont,2023,-13.0,-1.172409,11.827590942382812,2.5,-10.5,1.3275909423828125,1,0,0
maryland-baltimore-county_vs_albany (ny)_20230105,2023-01-05,maryland-baltimore-county,Albany (NY),2023,9.0,9.589006,0.5890064239501953,-11.0,-2.0,-1.4109935760498047,0,0,1
maryland-baltimore-county_vs_maine_20230114,2023-01-14,maryland-baltimore-county,Maine,2023,8.0,7.725341,0.2746591567993164,-9.0,-1.0,-1.2746591567993164,0,0,1
maryland-baltimore-county_vs_new hampshire_20230121,2023-01-21,maryland-baltimore-county,New Hampshire,2023,11.0,6.1229386,4.877061367034912,-7.5,3.5,-1.377061367034912,0,1,0
maryland-baltimore-county_vs_binghamton_20230201,2023-02-01,maryland-baltimore-county,Binghamton,2023,14.0,9.290077,4.709922790527344,-9.0,5.0,0.29007720947265625,1,1,1
maryland-baltimore-county_vs_njit_20230208,2023-02-08,maryland-baltimore-county,NJIT,2023,9.0,9.255132,0.25513172149658203,-10.5,-1.5,-1.244868278503418,0,0,1
maryland-baltimore-county_vs_bryant_20230211,2023-02-11,maryland-baltimore-county,Bryant,2023,3.0,1.1886412,1.8113588094711304,1.0,4.0,2.1886411905288696,1,1,1
maryland-baltimore-county_vs_binghamton_20230304,2023-03-04,maryland-baltimore-county,Binghamton,2023,-2.0,6.286703,8.286703109741211,-7.0,-9.0,-0.7132968902587891,0,0,1
maryland-eastern-shore_vs_marist_20221122,2022-11-22,maryland-eastern-shore,Marist,2023,11.0,2.0750673,8.924932718276978,-2.5,8.5,-0.42493271827697754,0,1,0
maryland-eastern-shore_vs_lehigh_20221130,2022-11-30,maryland-eastern-shore,Lehigh,2023,4.0,0.9765543,3.023445725440979,-1.0,3.0,-0.023445725440979004,0,1,0
maryland-eastern-shore_vs_howard_20230109,2023-01-09,maryland-eastern-shore,Howard,2023,9.0,-0.29377618,9.29377618432045,1.0,10.0,0.7062238156795502,1,1,1
maryland-eastern-shore_vs_delaware state_20230114,2023-01-14,maryland-eastern-shore,Delaware State,2023,2.0,11.982624,9.982624053955078,-11.5,-9.5,0.4826240539550781,1,0,0
maryland-eastern-shore_vs_coppin state_20230128,2023-01-28,maryland-eastern-shore,Coppin State,2023,19.0,6.9773993,12.022600650787354,-6.5,12.5,0.4773993492126465,1,1,1
maryland-eastern-shore_vs_norfolk state_20230211,2023-02-11,maryland-eastern-shore,Norfolk State,2023,-3.0,-1.7762119,1.2237881422042847,3.0,0.0,1.2237881422042847,1,0,0
maryland-eastern-shore_vs_south carolina state_20230218,2023-02-18,maryland-eastern-shore,South Carolina State,2023,16.0,8.343559,7.656440734863281,-7.0,9.0,1.3435592651367188,1,1,1
maryland-eastern-shore_vs_north carolina central_20230220,2023-02-20,maryland-eastern-shore,North Carolina Central,2023,-5.0,-1.4035704,3.5964295864105225,2.5,-2.5,1.0964295864105225,1,0,0
maryland-eastern-shore_vs_morgan state_20230227,2023-02-27,maryland-eastern-shore,Morgan State,2023,-7.0,8.050875,15.050874710083008,-8.0,-15.0,0.05087471008300781,1,0,0
maryland-eastern-shore_vs_morgan state_20230309,2023-03-09,maryland-eastern-shore,Morgan State,2023,16.0,5.661115,10.338884830474854,-5.5,10.5,0.16111516952514648,1,1,1
massachusetts_vs_towson_20221110,2022-11-10,massachusetts,Towson,2023,-12.0,2.3037946,14.303794622421265,-3.0,-15.0,-0.6962053775787354,0,0,1
massachusetts_vs_murray state_20221118,2022-11-18,massachusetts,Murray State,2023,2.0,2.730588,0.7305879592895508,-2.0,0.0,0.7305879592895508,1,0,0
massachusetts_vs_albany (ny)_20221205,2022-12-05,massachusetts,Albany (NY),2023,14.0,13.294636,0.7053642272949219,-13.0,1.0,0.2946357727050781,1,1,1
massachusetts_vs_umass lowell_20221208,2022-12-08,massachusetts,UMass Lowell,2023,-5.0,2.4500005,7.450000524520874,-3.0,-8.0,-0.549999475479126,0,0,1
massachusetts_vs_north texas_20221217,2022-12-17,massachusetts,North Texas,2023,-18.0,-2.7302573,15.269742727279663,5.0,-13.0,2.269742727279663,1,0,0
massachusetts_vs_dartmouth_20221220,2022-12-20,massachusetts,Dartmouth,2023,11.0,16.277525,5.277524948120117,-17.5,-6.5,-1.2224750518798828,0,0,1
massachusetts_vs_saint louis_20230104,2023-01-04,massachusetts,Saint Louis,2023,9.0,-3.0239046,12.02390456199646,3.0,12.0,-0.02390456199645996,0,1,0
massachusetts_vs_la salle_20230111,2023-01-11,massachusetts,La Salle,2023,-1.0,8.766987,9.766986846923828,-9.0,-10.0,-0.23301315307617188,0,0,1
massachusetts_vs_rhode island_20230114,2023-01-14,massachusetts,Rhode Island,2023,10.0,5.3071837,4.692816257476807,-5.0,5.0,0.30718374252319336,1,1,1
massachusetts_vs_richmond_20230125,2023-01-25,massachusetts,Richmond,2023,9.0,-1.5192436,10.519243597984314,2.5,11.5,0.980756402015686,1,1,1
massachusetts_vs_duquesne_20230128,2023-01-28,massachusetts,Duquesne,2023,8.0,-1.719505,9.719504952430725,2.0,10.0,0.2804950475692749,1,1,1
massachusetts_vs_davidson_20230204,2023-02-04,massachusetts,Davidson,2023,-15.0,-1.1039159,13.896084070205688,2.0,-13.0,0.8960840702056885,1,0,0
massachusetts_vs_loyola chicago_20230214,2023-02-14,massachusetts,Loyola Chicago,2023,-2.0,4.474733,6.474732875823975,-4.5,-6.5,-0.02526712417602539,0,0,1
massachusetts_vs_dayton_20230222,2023-02-22,massachusetts,Dayton,2023,-18.0,-6.6161785,11.383821487426758,8.5,-9.5,1.8838214874267578,1,0,0
massachusetts_vs_st. bonaventure_20230304,2023-03-04,massachusetts,St. Bonaventure,2023,11.0,2.901281,8.098718881607056,-2.0,9.0,0.9012811183929443,1,1,1
massachusetts_vs_richmond_20230307,2023-03-07,massachusetts,Richmond,2023,-33.0,-1.8559853,31.144014716148376,3.0,-30.0,1.1440147161483765,1,0,0
massachusetts-lowell_vs_sacred heart_20221116,2022-11-16,massachusetts-lowell,Sacred Heart,2023,9.0,11.843451,2.8434505462646484,-12.5,-3.5,-0.6565494537353516,0,0,1
massachusetts-lowell_vs_stonehill_20221127,2022-11-27,massachusetts-lowell,Stonehill,2023,14.0,15.100869,1.1008691787719727,-13.0,1.0,2.1008691787719727,1,1,1
massachusetts-lowell_vs_merrimack_20221130,2022-11-30,massachusetts-lowell,Merrimack,2023,26.0,15.333367,10.666632652282715,-13.5,12.5,1.8333673477172852,1,1,1
massachusetts-lowell_vs_boston university_20221221,2022-12-21,massachusetts-lowell,Boston University,2023,8.0,8.677102,0.6771020889282227,-8.0,0.0,0.6771020889282227,1,0,0
massachusetts-lowell_vs_maine_20230105,2023-01-05,massachusetts-lowell,Maine,2023,2.0,11.6611595,9.66115951538086,-11.0,-9.0,0.6611595153808594,1,0,0
massachusetts-lowell_vs_vermont_20230111,2023-01-11,massachusetts-lowell,Vermont,2023,15.0,0.8926993,14.107300698757172,-1.0,14.0,-0.10730069875717163,0,1,0
massachusetts-lowell_vs_umbc_20230118,2023-01-18,massachusetts-lowell,UMBC,2023,6.0,5.1795163,0.8204836845397949,-4.0,2.0,1.179516315460205,1,1,1
massachusetts-lowell_vs_bryant_20230122,2023-01-22,massachusetts-lowell,Bryant,2023,19.0,2.5667245,16.4332754611969,-2.0,17.0,0.5667245388031006,1,1,1
massachusetts-lowell_vs_albany (ny)_20230201,2023-02-01,massachusetts-lowell,Albany (NY),2023,16.0,14.137548,1.8624515533447266,-13.5,2.5,0.6375484466552734,1,1,1
massachusetts-lowell_vs_njit_20230204,2023-02-04,massachusetts-lowell,NJIT,2023,29.0,14.312518,14.687481880187988,-13.5,15.5,0.8125181198120117,1,1,1
massachusetts-lowell_vs_binghamton_20230218,2023-02-18,massachusetts-lowell,Binghamton,2023,14.0,11.08451,2.91549015045166,-11.5,2.5,-0.41549015045166016,0,1,0
massachusetts-lowell_vs_new hampshire_20230225,2023-02-25,massachusetts-lowell,New Hampshire,2023,37.0,9.672391,27.327609062194824,-11.0,26.0,-1.3276090621948242,0,1,0
massachusetts-lowell_vs_maine_20230304,2023-03-04,massachusetts-lowell,Maine,2023,31.0,9.324554,21.675445556640625,-9.0,22.0,0.324554443359375,1,1,1
massachusetts-lowell_vs_new hampshire_20230307,2023-03-07,massachusetts-lowell,New Hampshire,2023,11.0,11.043342,0.043341636657714844,-12.0,-1.0,-0.9566583633422852,0,0,1
mcneese-state_vs_western carolina_20221118,2022-11-18,mcneese-state,Western Carolina,2023,-19.0,-1.1564766,17.843523383140564,-1.0,-20.0,-2.156476616859436,0,0,1
mcneese-state_vs_lindenwood_20221119,2022-11-19,mcneese-state,Lindenwood,2023,-18.0,7.986124,25.98612403869629,-7.0,-25.0,0.9861240386962891,1,0,0
mcneese-state_vs_lamar_20221120,2022-11-20,mcneese-state,Lamar,2023,9.0,7.679021,1.320979118347168,-7.5,1.5,0.17902088165283203,1,1,1
mcneese-state_vs_louisiana_20221215,2022-12-15,mcneese-state,Louisiana,2023,-8.0,-12.368997,4.368996620178223,12.0,4.0,-0.36899662017822266,0,1,0
mcneese-state_vs_northwestern state_20230105,2023-01-05,mcneese-state,Northwestern State,2023,15.0,-4.70075,19.70074987411499,3.0,18.0,-1.7007498741149902,0,1,0
mcneese-state_vs_texas a&mâcommerce_20230107,2023-01-07,mcneese-state,Texas A&MâCommerce,2023,-2.0,1.6311374,3.6311373710632324,-2.0,-4.0,-0.3688626289367676,0,0,1
mcneese-state_vs_lamar_20230202,2023-02-02,mcneese-state,Lamar,2023,-7.0,10.105755,17.105754852294922,-10.0,-17.0,0.10575485229492188,1,0,0
mcneese-state_vs_southeastern louisiana_20230209,2023-02-09,mcneese-state,Southeastern Louisiana,2023,3.0,0.053278573,2.94672142714262,1.0,4.0,1.05327857285738,1,1,1
mcneese-state_vs_incarnate word_20230216,2023-02-16,mcneese-state,Incarnate Word,2023,2.0,5.403968,3.40396785736084,-5.5,-3.5,-0.09603214263916016,0,0,1
mcneese-state_vs_texas a&mâcorpus christi_20230218,2023-02-18,mcneese-state,Texas A&MâCorpus Christi,2023,-23.0,-3.566294,19.433706045150757,5.5,-17.5,1.9337060451507568,1,0,0
mcneese-state_vs_new orleans_20230301,2023-03-01,mcneese-state,New Orleans,2023,7.0,3.0548198,3.9451801776885986,-2.0,5.0,1.0548198223114014,1,1,1
mcneese-state_vs_texas a&mâcommerce_20230305,2023-03-05,mcneese-state,Texas A&MâCommerce,2023,1.0,-1.9615276,2.9615275859832764,2.0,3.0,0.03847241401672363,1,1,1
mcneese-state_vs_texas a&mâcorpus christi_20230307,2023-03-07,mcneese-state,Texas A&MâCorpus Christi,2023,-17.0,-7.82945,9.170549869537354,9.5,-7.5,1.6705498695373535,1,0,0
memphis_vs_vcu_20221120,2022-11-20,memphis,VCU,2023,15.0,9.734761,5.2652387619018555,-10.5,4.5,-0.7652387619018555,0,1,0
memphis_vs_seton hall_20221124,2022-11-24,memphis,Seton Hall,2023,-1.0,2.968482,3.96848201751709,-1.5,-2.5,1.4684820175170898,1,0,0
memphis_vs_nebraska_20221125,2022-11-25,memphis,Nebraska,2023,12.0,9.44755,2.552450180053711,-10.0,2.0,-0.5524501800537109,0,1,0
memphis_vs_stanford_20221127,2022-11-27,memphis,Stanford,2023,8.0,5.349051,2.650949001312256,-6.0,2.0,-0.6509490013122559,0,1,0
memphis_vs_north alabama_20221130,2022-11-30,memphis,North Alabama,2023,19.0,26.171858,7.171857833862305,-26.5,-7.5,-0.3281421661376953,0,0,1
memphis_vs_little rock_20221206,2022-12-06,memphis,Little Rock,2023,16.0,25.927185,9.92718505859375,-28.0,-12.0,-2.07281494140625,0,0,1
memphis_vs_texas a&m_20221217,2022-12-17,memphis,Texas A&M,2023,4.0,6.5697827,2.5697827339172363,-6.5,-2.5,0.06978273391723633,1,0,0
memphis_vs_alabama state_20221221,2022-12-21,memphis,Alabama State,2023,22.0,28.264189,6.264188766479492,-31.5,-9.5,-3.235811233520508,0,0,1
memphis_vs_south florida_20221229,2022-12-29,memphis,South Florida,2023,7.0,13.787659,6.78765869140625,-15.0,-8.0,-1.21234130859375,0,0,1
memphis_vs_east carolina_20230107,2023-01-07,memphis,East Carolina,2023,10.0,13.088613,3.0886125564575195,-14.5,-4.5,-1.4113874435424805,0,0,1
memphis_vs_wichita state_20230119,2023-01-19,memphis,Wichita State,2023,10.0,8.931662,1.068338394165039,-10.5,-0.5,-1.568338394165039,0,0,1
memphis_vs_smu_20230126,2023-01-26,memphis,SMU,2023,15.0,13.1436825,1.8563175201416016,-13.0,2.0,0.14368247985839844,1,1,1
memphis_vs_tulane_20230204,2023-02-04,memphis,Tulane,2023,-1.0,7.365549,8.365549087524414,-7.0,-8.0,0.36554908752441406,1,0,0
memphis_vs_temple_20230212,2023-02-12,memphis,Temple,2023,9.0,9.016195,0.016195297241210938,-8.5,0.5,0.5161952972412109,1,1,1
memphis_vs_ucf_20230216,2023-02-16,memphis,UCF,2023,1.0,6.8115616,5.811561584472656,-6.0,-5.0,0.8115615844726562,1,0,0
memphis_vs_cincinnati_20230226,2023-02-26,memphis,Cincinnati,2023,3.0,6.588964,3.5889639854431152,-5.5,-2.5,1.0889639854431152,1,0,0
memphis_vs_houston_20230305,2023-03-05,memphis,Houston,2023,-2.0,-3.295856,1.29585599899292,4.5,2.5,1.20414400100708,1,1,1
memphis_vs_tulane_20230311,2023-03-11,memphis,Tulane,2023,40.0,6.1634297,33.836570262908936,-5.5,34.5,0.6634297370910645,1,1,1
mercer_vs_winthrop_20221119,2022-11-19,mercer,Winthrop,2023,9.0,3.0611866,5.9388134479522705,-3.5,5.5,-0.4388134479522705,0,1,0
mercer_vs_robert morris_20221125,2022-11-25,mercer,Robert Morris,2023,6.0,7.421015,1.4210147857666016,-7.0,-1.0,0.42101478576660156,1,0,0
mercer_vs_towson_20221127,2022-11-27,mercer,Towson,2023,-10.0,-3.9368804,6.063119649887085,4.5,-5.5,0.563119649887085,1,0,0
mercer_vs_kennesaw state_20221202,2022-12-02,mercer,Kennesaw State,2023,-3.0,4.8212395,7.821239471435547,-4.0,-7.0,0.8212394714355469,1,0,0
mercer_vs_morehead state_20221217,2022-12-17,mercer,Morehead State,2023,27.0,6.743474,20.256525993347168,-6.0,21.0,0.743474006652832,1,1,1
mercer_vs_chattanooga_20221231,2022-12-31,mercer,Chattanooga,2023,-29.0,-1.3978434,27.60215663909912,1.0,-28.0,-0.3978433609008789,0,0,1
mercer_vs_wofford_20230104,2023-01-04,mercer,Wofford,2023,-1.0,-0.8819845,0.11801552772521973,-1.0,-2.0,-1.8819844722747803,0,0,1
mercer_vs_furman_20230111,2023-01-11,mercer,Furman,2023,-18.0,-5.720296,12.279704093933105,6.0,-12.0,0.27970409393310547,1,0,0
mercer_vs_east tennessee state_20230125,2023-01-25,mercer,East Tennessee State,2023,4.0,6.010324,2.010324001312256,-5.0,-1.0,1.0103240013122559,1,0,0
mercer_vs_unc greensboro_20230202,2023-02-02,mercer,UNC Greensboro,2023,-20.0,-1.6402384,18.359761595726013,3.5,-16.5,1.8597615957260132,1,0,0
mercer_vs_vmi_20230204,2023-02-04,mercer,VMI,2023,26.0,9.754041,16.245959281921387,-9.0,17.0,0.7540407180786133,1,1,1
mercer_vs_samford_20230208,2023-02-08,mercer,Samford,2023,-1.0,-3.6679406,2.667940616607666,4.0,3.0,0.332059383392334,1,1,1
mercer_vs_western carolina_20230218,2023-02-18,mercer,Western Carolina,2023,-3.0,5.8489895,8.848989486694336,-6.5,-9.5,-0.6510105133056641,0,0,1
mercer_vs_the citadel_20230225,2023-02-25,mercer,The Citadel,2023,22.0,8.503931,13.496068954467773,-8.0,14.0,0.5039310455322266,1,1,1
merrimack_vs_troy_20221117,2022-11-17,merrimack,Troy,2023,-19.0,-4.190791,14.809208869934082,6.5,-12.5,2.309208869934082,1,0,0
merrimack_vs_st. thomas_20221119,2022-11-19,merrimack,St. Thomas,2023,-11.0,-3.5167928,7.4832072257995605,4.5,-6.5,0.9832072257995605,1,0,0
merrimack_vs_boston university_20221202,2022-12-02,merrimack,Boston University,2023,-14.0,-0.84011334,13.159886658191681,3.0,-11.0,2.159886658191681,1,0,0
merrimack_vs_vermont_20221204,2022-12-04,merrimack,Vermont,2023,-23.0,-5.873619,17.126380920410156,7.0,-16.0,1.1263809204101562,1,0,0
merrimack_vs_maine_20221211,2022-12-11,merrimack,Maine,2023,-3.0,0.031107139,3.0311071388423443,-2.0,-5.0,-1.9688928611576557,0,0,1
merrimack_vs_sacred heart_20230105,2023-01-05,merrimack,Sacred Heart,2023,-4.0,2.2319531,6.231953144073486,-3.0,-7.0,-0.7680468559265137,0,0,1
merrimack_vs_wagner_20230116,2023-01-16,merrimack,Wagner,2023,-5.0,1.4895146,6.489514589309692,-2.0,-7.0,-0.5104854106903076,0,0,1
merrimack_vs_fairleigh dickinson_20230128,2023-01-28,merrimack,Fairleigh Dickinson,2023,-7.0,1.1717379,8.171737909317017,-2.5,-9.5,-1.3282620906829834,0,0,1
merrimack_vs_liu_20230202,2023-02-02,merrimack,LIU,2023,17.0,13.53217,3.467829704284668,-14.0,3.0,-0.46782970428466797,0,1,0
merrimack_vs_saint francis (pa)_20230204,2023-02-04,merrimack,Saint Francis (PA),2023,4.0,4.1622295,0.1622295379638672,-4.5,-0.5,-0.3377704620361328,0,0,1
merrimack_vs_stonehill_20230209,2023-02-09,merrimack,Stonehill,2023,13.0,6.862125,6.137875080108643,-4.5,8.5,2.3621249198913574,1,1,1
merrimack_vs_central connecticut state_20230223,2023-02-23,merrimack,Central Connecticut State,2023,16.0,2.269714,13.730285882949829,-3.5,12.5,-1.230285882949829,0,1,0
merrimack_vs_liu_20230301,2023-03-01,merrimack,LIU,2023,15.0,16.63278,1.6327800750732422,-17.5,-2.5,-0.8672199249267578,0,0,1
merrimack_vs_sacred heart_20230304,2023-03-04,merrimack,Sacred Heart,2023,11.0,5.1009603,5.8990397453308105,-4.5,6.5,0.6009602546691895,1,1,1
merrimack_vs_fairleigh dickinson_20230307,2023-03-07,merrimack,Fairleigh Dickinson,2023,1.0,4.510016,3.5100159645080566,-5.0,-4.0,-0.48998403549194336,0,0,1
miami-fl_vs_florida a&m_20221115,2022-11-15,miami-fl,Florida A&M,2023,26.0,27.936424,1.9364242553710938,-31.5,-5.5,-3.5635757446289062,0,0,1
miami-fl_vs_providence_20221119,2022-11-19,miami-fl,Providence,2023,10.0,2.8797839,7.120216131210327,-2.5,7.5,0.37978386878967285,1,1,1
miami-fl_vs_rutgers_20221130,2022-11-30,miami-fl,Rutgers,2023,7.0,2.2681255,4.731874465942383,-3.0,4.0,-0.7318744659423828,0,1,0
miami-fl_vs_cornell_20221207,2022-12-07,miami-fl,Cornell,2023,2.0,13.948824,11.948823928833008,-14.5,-12.5,-0.5511760711669922,0,0,1
miami-fl_vs_nc state_20221210,2022-12-10,miami-fl,NC State,2023,7.0,3.6985624,3.3014376163482666,-4.5,2.5,-0.8014376163482666,0,1,0
miami-fl_vs_saint francis (pa)_20221217,2022-12-17,miami-fl,Saint Francis (PA),2023,15.0,23.319893,8.319892883300781,-25.0,-10.0,-1.6801071166992188,0,0,1
miami-fl_vs_virginia_20221220,2022-12-20,miami-fl,Virginia,2023,2.0,-0.9821694,2.9821693897247314,3.5,5.5,2.5178306102752686,1,1,1
miami-fl_vs_boston college_20230111,2023-01-11,miami-fl,Boston College,2023,16.0,10.5046015,5.49539852142334,-11.0,5.0,-0.49539852142333984,0,1,0
miami-fl_vs_syracuse_20230116,2023-01-16,miami-fl,Syracuse,2023,4.0,6.802595,2.8025951385498047,-7.0,-3.0,-0.1974048614501953,0,0,1
miami-fl_vs_virginia tech_20230131,2023-01-31,miami-fl,Virginia Tech,2023,9.0,4.223569,4.776431083679199,-4.0,5.0,0.22356891632080078,1,1,1
miami-fl_vs_duke_20230206,2023-02-06,miami-fl,Duke,2023,22.0,1.833167,20.16683304309845,-3.0,19.0,-1.1668330430984497,0,1,0
miami-fl_vs_louisville_20230211,2023-02-11,miami-fl,Louisville,2023,8.0,21.291971,13.291971206665039,-20.0,-12.0,1.291971206665039,1,0,0
miami-fl_vs_wake forest_20230218,2023-02-18,miami-fl,Wake Forest,2023,9.0,7.203306,1.7966938018798828,-6.0,3.0,1.2033061981201172,1,1,1
miami-fl_vs_florida state_20230225,2023-02-25,miami-fl,Florida State,2023,-1.0,13.792546,14.792546272277832,-13.0,-14.0,0.792546272277832,1,0,0
miami-fl_vs_pittsburgh_20230304,2023-03-04,miami-fl,Pittsburgh,2023,2.0,6.551942,4.551941871643066,-7.5,-5.5,-0.9480581283569336,0,0,1
miami-fl_vs_wake forest_20230309,2023-03-09,miami-fl,Wake Forest,2023,2.0,6.685767,4.68576717376709,-6.5,-4.5,0.18576717376708984,1,0,0
miami-fl_vs_texas_20230326,2023-03-26,miami-fl,Texas,2023,7.0,-3.2292795,10.229279518127441,3.5,10.5,0.2707204818725586,1,1,1
miami-oh_vs_marshall_20221117,2022-11-17,miami-oh,Marshall,2023,-26.0,-1.5749934,24.4250066280365,5.5,-20.5,3.925006628036499,1,0,0
miami-oh_vs_little rock_20221126,2022-11-26,miami-oh,Little Rock,2023,13.0,2.1657047,10.834295272827148,-3.0,10.0,-0.8342952728271484,0,1,0
miami-oh_vs_jackson state_20221129,2022-11-29,miami-oh,Jackson State,2023,17.0,5.052872,11.94712781906128,-5.0,12.0,0.0528721809387207,1,1,1
miami-oh_vs_indiana state_20221203,2022-12-03,miami-oh,Indiana State,2023,-27.0,-6.1102057,20.88979434967041,7.0,-20.0,0.8897943496704102,1,0,0
miami-oh_vs_wright state_20221222,2022-12-22,miami-oh,Wright State,2023,-8.0,-1.4428748,6.557125210762024,3.0,-5.0,1.557125210762024,1,0,0
miami-oh_vs_kent state_20230107,2023-01-07,miami-oh,Kent State,2023,-3.0,-13.188298,10.188298225402832,11.5,8.5,-1.688298225402832,0,1,0
miami-oh_vs_buffalo_20230110,2023-01-10,miami-oh,Buffalo,2023,11.0,-2.5114684,13.511468410491943,3.0,14.0,0.48853158950805664,1,1,1
miami-oh_vs_northern illinois_20230117,2023-01-17,miami-oh,Northern Illinois,2023,-4.0,6.010511,10.010510921478271,-7.0,-11.0,-0.9894890785217285,0,0,1
miami-oh_vs_eastern michigan_20230128,2023-01-28,miami-oh,Eastern Michigan,2023,-5.0,5.6676903,10.66769027709961,-5.5,-10.5,0.16769027709960938,1,0,0
miami-oh_vs_toledo_20230131,2023-01-31,miami-oh,Toledo,2023,-3.0,-9.616126,6.61612606048584,10.0,7.0,0.38387393951416016,1,1,1
miami-oh_vs_central michigan_20230211,2023-02-11,miami-oh,Central Michigan,2023,-6.0,6.217573,12.217573165893555,-7.0,-13.0,-0.7824268341064453,0,0,1
miami-oh_vs_ohio_20230225,2023-02-25,miami-oh,Ohio,2023,17.0,-5.127358,22.127357959747314,6.0,23.0,0.8726420402526855,1,1,1
miami-oh_vs_toledo_20230309,2023-03-09,miami-oh,Toledo,2023,-16.0,-11.268036,4.731964111328125,14.0,-2.0,2.731964111328125,1,0,0
michigan_vs_pittsburgh_20221116,2022-11-16,michigan,Pittsburgh,2023,31.0,6.9162908,24.083709239959717,-8.0,23.0,-1.0837092399597168,0,1,0
michigan_vs_ohio_20221120,2022-11-20,michigan,Ohio,2023,4.0,13.090244,9.09024429321289,-14.5,-10.5,-1.4097557067871094,0,0,1
michigan_vs_jackson state_20221123,2022-11-23,michigan,Jackson State,2023,10.0,21.454212,11.454212188720703,-21.5,-11.5,-0.045787811279296875,0,0,1
michigan_vs_virginia_20221129,2022-11-29,michigan,Virginia,2023,-2.0,-2.13556,0.1355600357055664,4.5,2.5,2.3644399642944336,1,1,1
michigan_vs_lipscomb_20221217,2022-12-17,michigan,Lipscomb,2023,8.0,14.977712,6.9777116775512695,-15.0,-7.0,-0.02228832244873047,0,0,1
michigan_vs_north carolina_20221221,2022-12-21,michigan,North Carolina,2023,-4.0,-5.843217,1.843216896057129,5.0,1.0,-0.8432168960571289,0,1,0
michigan_vs_central michigan_20221229,2022-12-29,michigan,Central Michigan,2023,-2.0,22.141512,24.141511917114258,-21.5,-23.5,0.6415119171142578,1,0,0
michigan_vs_maryland_20230101,2023-01-01,michigan,Maryland,2023,35.0,0.42331964,34.57668036222458,-1.0,34.0,-0.5766803622245789,0,1,0
michigan_vs_penn state_20230104,2023-01-04,michigan,Penn State,2023,10.0,5.1335673,4.8664326667785645,-4.0,6.0,1.1335673332214355,1,1,1
michigan_vs_northwestern_20230115,2023-01-15,michigan,Northwestern,2023,7.0,4.2306514,2.769348621368408,-4.5,2.5,-0.2693486213684082,0,1,0
michigan_vs_minnesota_20230122,2023-01-22,michigan,Minnesota,2023,4.0,11.163524,7.1635236740112305,-12.5,-8.5,-1.3364763259887695,0,0,1
michigan_vs_purdue_20230126,2023-01-26,michigan,Purdue,2023,-5.0,-3.9722166,1.0277833938598633,5.0,0.0,1.0277833938598633,1,0,0
michigan_vs_ohio state_20230205,2023-02-05,michigan,Ohio State,2023,8.0,1.1147629,6.885237097740173,-2.5,5.5,-1.3852370977401733,0,1,0
michigan_vs_nebraska_20230208,2023-02-08,michigan,Nebraska,2023,21.0,10.976946,10.023054122924805,-11.5,9.5,-0.5230541229248047,0,1,0
michigan_vs_indiana_20230211,2023-02-11,michigan,Indiana,2023,-1.0,2.2590504,3.2590503692626953,-3.0,-4.0,-0.7409496307373047,0,0,1
michigan_vs_michigan state_20230218,2023-02-18,michigan,Michigan State,2023,12.0,3.2374604,8.762539625167847,-2.5,9.5,0.7374603748321533,1,1,1
michigan_vs_wisconsin_20230226,2023-02-26,michigan,Wisconsin,2023,8.0,5.759461,2.240539073944092,-6.0,2.0,-0.2405390739440918,0,1,0
michigan_vs_rutgers_20230309,2023-03-09,michigan,Rutgers,2023,-12.0,1.9701301,13.97013008594513,-2.0,-14.0,-0.029869914054870605,0,0,1
michigan_vs_toledo_20230314,2023-03-14,michigan,Toledo,2023,10.0,6.652765,3.3472352027893066,-5.5,4.5,1.1527647972106934,1,1,1
michigan-state_vs_villanova_20221118,2022-11-18,michigan-state,Villanova,2023,2.0,7.7593627,5.759362697601318,-7.0,-5.0,0.7593626976013184,1,0,0
michigan-state_vs_northwestern_20221204,2022-12-04,michigan-state,Northwestern,2023,-7.0,5.9579673,12.957967281341553,-6.0,-13.0,-0.042032718658447266,0,0,1
michigan-state_vs_brown_20221210,2022-12-10,michigan-state,Brown,2023,18.0,14.118531,3.8814687728881836,-15.0,3.0,-0.8814687728881836,0,1,0
michigan-state_vs_oakland_20221221,2022-12-21,michigan-state,Oakland,2023,13.0,20.088428,7.088428497314453,-21.0,-8.0,-0.9115715026855469,0,0,1
michigan-state_vs_buffalo_20221230,2022-12-30,michigan-state,Buffalo,2023,21.0,16.065004,4.934995651245117,-15.5,5.5,0.5650043487548828,1,1,1
michigan-state_vs_nebraska_20230103,2023-01-03,michigan-state,Nebraska,2023,18.0,5.834519,12.165481090545654,-7.0,11.0,-1.1654810905456543,0,1,0
michigan-state_vs_michigan_20230107,2023-01-07,michigan-state,Michigan,2023,6.0,3.6436136,2.356386423110962,-3.5,2.5,0.14361357688903809,1,1,1
michigan-state_vs_purdue_20230116,2023-01-16,michigan-state,Purdue,2023,-1.0,-3.021024,2.021023988723755,4.0,3.0,0.9789760112762451,1,1,1
michigan-state_vs_rutgers_20230119,2023-01-19,michigan-state,Rutgers,2023,13.0,1.719174,11.280825972557068,-3.0,10.0,-1.2808259725570679,0,1,0
michigan-state_vs_iowa_20230126,2023-01-26,michigan-state,Iowa,2023,2.0,1.8478526,0.15214741230010986,-2.5,-0.5,-0.6521474123001099,0,0,1
michigan-state_vs_maryland_20230207,2023-02-07,michigan-state,Maryland,2023,5.0,5.4203763,0.4203763008117676,-4.0,1.0,1.4203763008117676,1,1,1
michigan-state_vs_indiana_20230221,2023-02-21,michigan-state,Indiana,2023,15.0,2.7021778,12.29782223701477,-3.5,11.5,-0.7978222370147705,0,1,0
michigan-state_vs_ohio state_20230304,2023-03-04,michigan-state,Ohio State,2023,6.0,7.072636,1.0726361274719238,-7.0,-1.0,0.07263612747192383,1,0,0
michigan-state_vs_ohio state_20230310,2023-03-10,michigan-state,Ohio State,2023,-10.0,6.4226327,16.422632694244385,-6.0,-16.0,0.42263269424438477,1,0,0
michigan-state_vs_southern california_20230317,2023-03-17,michigan-state,Southern California,2023,10.0,1.6392884,8.360711574554443,-2.5,7.5,-0.8607115745544434,0,1,0
middle-tennessee_vs_rice_20221115,2022-11-15,middle-tennessee,Rice,2023,35.0,8.970661,26.029338836669922,-10.0,25.0,-1.0293388366699219,0,1,0
middle-tennessee_vs_stephen f. austin_20221126,2022-11-26,middle-tennessee,Stephen F. Austin,2023,12.0,2.4129577,9.587042331695557,-2.0,10.0,0.41295766830444336,1,1,1
middle-tennessee_vs_montana state_20221127,2022-11-27,middle-tennessee,Montana State,2023,1.0,4.966232,3.9662318229675293,-4.0,-3.0,0.9662318229675293,1,0,0
middle-tennessee_vs_chattanooga_20221215,2022-12-15,middle-tennessee,Chattanooga,2023,-9.0,7.088696,16.088696002960205,-5.0,-14.0,2.088696002960205,1,0,0
middle-tennessee_vs_murray state_20221221,2022-12-21,middle-tennessee,Murray State,2023,16.0,6.532268,9.467731952667236,-6.5,9.5,0.03226804733276367,1,1,1
middle-tennessee_vs_western kentucky_20221231,2022-12-31,middle-tennessee,Western Kentucky,2023,5.0,5.1645927,0.16459274291992188,-5.5,-0.5,-0.3354072570800781,0,0,1
middle-tennessee_vs_north texas_20230107,2023-01-07,middle-tennessee,North Texas,2023,-5.0,-1.6627333,3.337266683578491,3.0,-2.0,1.3372666835784912,1,0,0
middle-tennessee_vs_uab_20230116,2023-01-16,middle-tennessee,UAB,2023,1.0,-0.20380893,1.2038089334964752,1.0,2.0,0.7961910665035248,1,1,1
middle-tennessee_vs_charlotte_20230119,2023-01-19,middle-tennessee,Charlotte,2023,4.0,2.4157462,1.5842537879943848,-2.5,1.5,-0.08425378799438477,0,1,0
middle-tennessee_vs_utep_20230202,2023-02-02,middle-tennessee,UTEP,2023,12.0,4.3574624,7.642537593841553,-4.0,8.0,0.35746240615844727,1,1,1
middle-tennessee_vs_utsa_20230204,2023-02-04,middle-tennessee,UTSA,2023,24.0,13.38316,10.616840362548828,-14.0,10.0,-0.6168403625488281,0,1,0
middle-tennessee_vs_florida atlantic_20230216,2023-02-16,middle-tennessee,Florida Atlantic,2023,4.0,-3.015455,7.015455007553101,3.5,7.5,0.4845449924468994,1,1,1
middle-tennessee_vs_florida international_20230218,2023-02-18,middle-tennessee,Florida International,2023,11.0,8.913504,2.086496353149414,-8.5,2.5,0.41350364685058594,1,1,1
middle-tennessee_vs_louisiana tech_20230225,2023-02-25,middle-tennessee,Louisiana Tech,2023,14.0,7.875795,6.124205112457275,-8.0,6.0,-0.12420511245727539,0,1,0
milwaukee_vs_st. thomas_20221123,2022-11-23,milwaukee,St. Thomas,2023,-4.0,-1.8616443,2.1383557319641113,3.0,-1.0,1.1383557319641113,1,0,0
milwaukee_vs_uc davis_20221126,2022-11-26,milwaukee,UC Davis,2023,2.0,-3.6102858,5.610285758972168,4.5,6.5,0.889714241027832,1,1,1
milwaukee_vs_boston university_20221127,2022-11-27,milwaukee,Boston University,2023,21.0,-3.2270005,24.22700047492981,4.0,25.0,0.7729995250701904,1,1,1
milwaukee_vs_southeast missouri state_20221128,2022-11-28,milwaukee,Southeast Missouri State,2023,16.0,1.7251312,14.274868845939636,-2.0,14.0,-0.27486884593963623,0,1,0
milwaukee_vs_iupui_20221203,2022-12-03,milwaukee,IUPUI,2023,13.0,15.639103,2.6391029357910156,-17.0,-4.0,-1.3608970642089844,0,0,1
milwaukee_vs_northern kentucky_20230112,2023-01-12,milwaukee,Northern Kentucky,2023,5.0,-0.67438227,5.674382269382477,0.0,5.0,-0.6743822693824768,0,1,0
milwaukee_vs_wright state_20230114,2023-01-14,milwaukee,Wright State,2023,-4.0,0.8505162,4.850516200065613,-1.5,-5.5,-0.6494837999343872,0,0,1
milwaukee_vs_robert morris_20230119,2023-01-19,milwaukee,Robert Morris,2023,8.0,3.7735374,4.2264626026153564,-4.5,3.5,-0.7264626026153564,0,1,0
milwaukee_vs_youngstown state_20230121,2023-01-21,milwaukee,Youngstown State,2023,13.0,-3.7961047,16.796104669570923,4.0,17.0,0.20389533042907715,1,1,1
milwaukee_vs_green bay_20230206,2023-02-06,milwaukee,Green Bay,2023,-1.0,15.475582,16.475582122802734,-16.0,-17.0,-0.5244178771972656,0,0,1
milwaukee_vs_detroit mercy_20230209,2023-02-09,milwaukee,Detroit Mercy,2023,5.0,2.1511598,2.8488402366638184,-2.0,3.0,0.15115976333618164,1,1,1
milwaukee_vs_oakland_20230211,2023-02-11,milwaukee,Oakland,2023,3.0,2.646296,0.35370397567749023,-3.0,0.0,-0.35370397567749023,0,0,1
milwaukee_vs_cleveland state_20230225,2023-02-25,milwaukee,Cleveland State,2023,9.0,-2.123693,11.123692989349365,1.5,10.5,-0.6236929893493652,0,1,0
milwaukee_vs_wright state_20230302,2023-03-02,milwaukee,Wright State,2023,17.0,-1.7146808,18.714680790901184,1.5,18.5,-0.21468079090118408,0,1,0
milwaukee_vs_stetson_20230319,2023-03-19,milwaukee,Stetson,2023,4.0,-2.8495305,6.849530458450317,1.5,5.5,-1.3495304584503174,0,1,0
minnesota_vs_central michigan_20221117,2022-11-17,minnesota,Central Michigan,2023,8.0,10.056041,2.0560407638549805,-10.0,-2.0,0.05604076385498047,1,0,0
minnesota_vs_unlv_20221123,2022-11-23,minnesota,UNLV,2023,-9.0,-6.3344665,2.6655335426330566,4.5,-4.5,-1.8344664573669434,0,0,1
minnesota_vs_michigan_20221208,2022-12-08,minnesota,Michigan,2023,-15.0,-3.7063947,11.293605327606201,4.0,-11.0,0.29360532760620117,1,0,0
minnesota_vs_mississippi state_20221211,2022-12-11,minnesota,Mississippi State,2023,-18.0,-5.304602,12.695397853851318,7.0,-11.0,1.6953978538513184,1,0,0
minnesota_vs_arkansasâpine bluff_20221214,2022-12-14,minnesota,ArkansasâPine Bluff,2023,16.0,16.355125,0.35512542724609375,-17.0,-1.0,-0.6448745727539062,0,0,1
minnesota_vs_chicago state_20221222,2022-12-22,minnesota,Chicago State,2023,3.0,10.31693,7.316929817199707,-11.5,-8.5,-1.183070182800293,0,0,1
minnesota_vs_nebraska_20230107,2023-01-07,minnesota,Nebraska,2023,-2.0,-1.3701303,0.6298696994781494,3.0,1.0,1.6298696994781494,1,1,1
minnesota_vs_illinois_20230116,2023-01-16,minnesota,Illinois,2023,-18.0,-6.7082224,11.291777610778809,8.5,-9.5,1.7917776107788086,1,0,0
minnesota_vs_purdue_20230119,2023-01-19,minnesota,Purdue,2023,-22.0,-9.7814455,12.218554496765137,13.0,-9.0,3.2185544967651367,1,0,0
minnesota_vs_indiana_20230125,2023-01-25,minnesota,Indiana,2023,-4.0,-9.526291,5.5262908935546875,11.0,7.0,1.4737091064453125,1,1,1
minnesota_vs_maryland_20230204,2023-02-04,minnesota,Maryland,2023,-35.0,-6.533243,28.46675682067871,9.5,-25.5,2.966756820678711,1,0,0
minnesota_vs_iowa_20230212,2023-02-12,minnesota,Iowa,2023,-12.0,-11.576514,0.42348575592041016,12.5,0.5,0.9234857559204102,1,1,1
minnesota_vs_penn state_20230218,2023-02-18,minnesota,Penn State,2023,-7.0,-6.447353,0.5526471138000488,7.0,0.0,0.5526471138000488,1,0,0
minnesota_vs_rutgers_20230302,2023-03-02,minnesota,Rutgers,2023,1.0,-7.2954893,8.295489311218262,8.5,9.5,1.2045106887817383,1,1,1
minnesota_vs_wisconsin_20230305,2023-03-05,minnesota,Wisconsin,2023,-4.0,-6.362927,2.362926959991455,5.5,1.5,-0.8629269599914551,0,1,0
minnesota_vs_nebraska_20230308,2023-03-08,minnesota,Nebraska,2023,3.0,-4.3233805,7.323380470275879,5.5,8.5,1.176619529724121,1,1,1
mississippi_vs_chattanooga_20221115,2022-11-15,mississippi,Chattanooga,2023,12.0,13.192689,1.1926889419555664,-10.5,1.5,2.6926889419555664,1,1,1
mississippi_vs_ut martin_20221118,2022-11-18,mississippi,UT Martin,2023,4.0,22.056498,18.05649757385254,-19.5,-15.5,2.556497573852539,1,0,0
mississippi_vs_stanford_20221124,2022-11-24,mississippi,Stanford,2023,4.0,2.0684915,1.9315085411071777,-1.5,2.5,0.5684914588928223,1,1,1
mississippi_vs_siena_20221125,2022-11-25,mississippi,Siena,2023,12.0,13.130191,1.1301908493041992,-12.0,0.0,1.1301908493041992,1,0,0
mississippi_vs_oklahoma_20221127,2022-11-27,mississippi,Oklahoma,2023,-4.0,-1.332408,2.6675920486450195,2.5,-1.5,1.1675920486450195,1,0,0
mississippi_vs_memphis_20221203,2022-12-03,mississippi,Memphis,2023,-11.0,-5.140117,5.859882831573486,6.5,-4.5,1.3598828315734863,1,0,0
mississippi_vs_valparaiso_20221210,2022-12-10,mississippi,Valparaiso,2023,37.0,14.430597,22.56940269470215,-15.0,22.0,-0.5694026947021484,0,1,0
mississippi_vs_ucf_20221214,2022-12-14,mississippi,UCF,2023,-11.0,6.190302,17.1903018951416,-6.0,-17.0,0.19030189514160156,1,0,0
mississippi_vs_temple_20221217,2022-12-17,mississippi,Temple,2023,8.0,7.889179,0.11082077026367188,-8.0,0.0,-0.11082077026367188,0,0,1
mississippi_vs_north alabama_20221220,2022-12-20,mississippi,North Alabama,2023,-1.0,24.0731,25.07309913635254,-23.0,-24.0,1.073099136352539,1,0,0
mississippi_vs_tennessee_20221228,2022-12-28,mississippi,Tennessee,2023,-4.0,-5.7594676,1.759467601776123,7.5,3.5,1.740532398223877,1,1,1
mississippi_vs_alabama_20230103,2023-01-03,mississippi,Alabama,2023,-22.0,-11.507831,10.492169380187988,10.5,-11.5,-1.0078306198120117,0,0,1
mississippi_vs_mississippi state_20230107,2023-01-07,mississippi,Mississippi State,2023,-10.0,-3.2904642,6.709535837173462,5.0,-5.0,1.709535837173462,1,0,0
mississippi_vs_auburn_20230110,2023-01-10,mississippi,Auburn,2023,-9.0,-0.603225,8.396775007247925,1.5,-7.5,0.8967750072479248,1,0,0
mississippi_vs_georgia_20230114,2023-01-14,mississippi,Georgia,2023,-4.0,4.977757,8.977756977081299,-5.0,-9.0,-0.022243022918701172,0,0,1
mississippi_vs_south carolina_20230117,2023-01-17,mississippi,South Carolina,2023,12.0,5.6320944,6.367905616760254,-5.0,7.0,0.6320943832397461,1,1,1
mississippi_vs_arkansas_20230121,2023-01-21,mississippi,Arkansas,2023,-12.0,-7.8928123,4.107187747955322,9.5,-2.5,1.6071877479553223,1,0,0
mississippi_vs_missouri_20230124,2023-01-24,mississippi,Missouri,2023,-12.0,-1.6717182,10.32828176021576,2.0,-10.0,0.3282817602157593,1,0,0
mississippi_vs_oklahoma state_20230128,2023-01-28,mississippi,Oklahoma State,2023,-22.0,-7.4159765,14.584023475646973,9.5,-12.5,2.0840234756469727,1,0,0
mississippi_vs_kentucky_20230131,2023-01-31,mississippi,Kentucky,2023,-9.0,-5.9132104,3.086789608001709,7.0,-2.0,1.086789608001709,1,0,0
mississippi_vs_vanderbilt_20230204,2023-02-04,mississippi,Vanderbilt,2023,-3.0,-2.8205454,0.17945456504821777,4.5,1.5,1.6794545650482178,1,1,1
mississippi_vs_georgia_20230207,2023-02-07,mississippi,Georgia,2023,4.0,2.6071522,1.3928477764129639,-1.5,2.5,1.1071522235870361,1,1,1
mississippi_vs_south carolina_20230211,2023-02-11,mississippi,South Carolina,2023,-3.0,9.633337,12.633337020874023,-9.0,-12.0,0.6333370208740234,1,0,0
mississippi_vs_florida_20230215,2023-02-15,mississippi,Florida,2023,-15.0,-7.4256816,7.5743184089660645,10.0,-5.0,2.5743184089660645,1,0,0
mississippi_vs_mississippi state_20230218,2023-02-18,mississippi,Mississippi State,2023,-8.0,-2.9184163,5.081583738327026,3.5,-4.5,0.5815837383270264,1,0,0
mississippi_vs_auburn_20230222,2023-02-22,mississippi,Auburn,2023,-4.0,-12.395915,8.395915031433105,13.0,9.0,0.6040849685668945,1,1,1
mississippi_vs_louisiana state_20230225,2023-02-25,mississippi,Louisiana State,2023,13.0,5.4555097,7.544490337371826,-4.0,9.0,1.4555096626281738,1,1,1
mississippi_vs_texas a&m_20230228,2023-02-28,mississippi,Texas A&M,2023,-8.0,-3.8163867,4.183613300323486,5.0,-3.0,1.1836133003234863,1,0,0
mississippi_vs_missouri_20230304,2023-03-04,mississippi,Missouri,2023,-5.0,-7.9321604,2.9321603775024414,9.5,4.5,1.5678396224975586,1,1,1
mississippi_vs_south carolina_20230308,2023-03-08,mississippi,South Carolina,2023,6.0,6.267525,0.26752519607543945,-6.5,-0.5,-0.23247480392456055,0,0,1
mississippi_vs_tennessee_20230309,2023-03-09,mississippi,Tennessee,2023,-15.0,-14.19043,0.8095703125,12.0,-3.0,-2.1904296875,0,0,1
mississippi-state_vs_arkansasâpine bluff_20221113,2022-11-13,mississippi-state,ArkansasâPine Bluff,2023,33.0,20.84564,12.154359817504883,-22.5,10.5,-1.6543598175048828,0,1,0
mississippi-state_vs_south dakota_20221117,2022-11-17,mississippi-state,South Dakota,2023,37.0,14.525415,22.474584579467773,-14.5,22.5,0.025415420532226562,1,1,1
mississippi-state_vs_utah_20221123,2022-11-23,mississippi-state,Utah,2023,3.0,7.2718534,4.271853446960449,-6.0,-3.0,1.2718534469604492,1,0,0
mississippi-state_vs_omaha_20221128,2022-11-28,mississippi-state,Omaha,2023,20.0,24.341223,4.341222763061523,-23.5,-3.5,0.8412227630615234,1,0,0
mississippi-state_vs_mississippi valley state_20221203,2022-12-03,mississippi-state,Mississippi Valley State,2023,30.0,29.378668,0.6213321685791016,-34.0,-4.0,-4.621332168579102,0,0,1
mississippi-state_vs_alabama_20221228,2022-12-28,mississippi-state,Alabama,2023,-11.0,1.2332962,12.233296155929565,1.5,-9.5,2.7332961559295654,1,0,0
mississippi-state_vs_tennessee_20230117,2023-01-17,mississippi-state,Tennessee,2023,-11.0,-1.3867936,9.613206386566162,5.0,-6.0,3.613206386566162,1,0,0
mississippi-state_vs_florida_20230121,2023-01-21,mississippi-state,Florida,2023,-2.0,1.8248751,3.8248751163482666,-2.0,-4.0,-0.1751248836517334,0,0,1
mississippi-state_vs_tcu_20230128,2023-01-28,mississippi-state,TCU,2023,7.0,-0.9121601,7.912160098552704,1.5,8.5,0.5878399014472961,1,1,1
mississippi-state_vs_missouri_20230204,2023-02-04,mississippi-state,Missouri,2023,11.0,2.0709093,8.929090738296509,-3.5,7.5,-1.4290907382965088,0,1,0
mississippi-state_vs_louisiana state_20230208,2023-02-08,mississippi-state,Louisiana State,2023,11.0,9.705241,1.2947587966918945,-9.0,2.0,0.7052412033081055,1,1,1
mississippi-state_vs_kentucky_20230215,2023-02-15,mississippi-state,Kentucky,2023,-3.0,1.8460629,4.846062898635864,-3.0,-6.0,-1.1539371013641357,0,0,1
mississippi-state_vs_texas a&m_20230225,2023-02-25,mississippi-state,Texas A&M,2023,7.0,1.30549,5.694509983062744,-2.0,5.0,-0.6945099830627441,0,1,0
mississippi-state_vs_south carolina_20230228,2023-02-28,mississippi-state,South Carolina,2023,6.0,14.1126995,8.112699508666992,-15.5,-9.5,-1.3873004913330078,0,0,1
mississippi-state_vs_pittsburgh_20230314,2023-03-14,mississippi-state,Pittsburgh,2023,-1.0,2.428289,3.4282889366149902,-2.5,-3.5,-0.07171106338500977,0,0,1
mississippi-valley-state_vs_yale_20221113,2022-11-13,mississippi-valley-state,Yale,2023,-29.0,-19.057545,9.942455291748047,21.5,-7.5,2.442455291748047,1,0,0
mississippi-valley-state_vs_north alabama_20221118,2022-11-18,mississippi-valley-state,North Alabama,2023,8.0,-13.206524,21.206523895263672,10.0,18.0,-3.206523895263672,0,1,0
mississippi-valley-state_vs_texas southern_20230109,2023-01-09,mississippi-valley-state,Texas Southern,2023,4.0,-7.6637583,11.663758277893066,8.0,12.0,0.3362417221069336,1,1,1
mississippi-valley-state_vs_southern_20230123,2023-01-23,mississippi-valley-state,Southern,2023,-14.0,-8.087636,5.9123640060424805,9.5,-4.5,1.4123640060424805,1,0,0
mississippi-valley-state_vs_alabama a&m_20230211,2023-02-11,mississippi-valley-state,Alabama A&M,2023,-2.0,-1.9327548,0.0672452449798584,2.5,0.5,0.5672452449798584,1,1,1
mississippi-valley-state_vs_alabama state_20230213,2023-02-13,mississippi-valley-state,Alabama State,2023,6.0,-1.741976,7.741976022720337,1.5,7.5,-0.24197602272033691,0,1,0
mississippi-valley-state_vs_alcorn state_20230302,2023-03-02,mississippi-valley-state,Alcorn State,2023,-10.0,-3.0790231,6.920976877212524,5.5,-4.5,2.4209768772125244,1,0,0
mississippi-valley-state_vs_jackson state_20230304,2023-03-04,mississippi-valley-state,Jackson State,2023,-8.0,-1.7618809,6.238119125366211,3.5,-4.5,1.738119125366211,1,0,0
missouri_vs_pennsylvania_20221111,2022-11-11,missouri,Pennsylvania,2023,7.0,11.559289,4.55928897857666,-12.0,-5.0,-0.44071102142333984,0,0,1
missouri_vs_lindenwood_20221113,2022-11-13,missouri,Lindenwood,2023,29.0,31.819956,2.819955825805664,-28.0,1.0,3.819955825805664,1,1,1
missouri_vs_mississippi valley state_20221120,2022-11-20,missouri,Mississippi Valley State,2023,21.0,33.712444,12.712444305419922,-34.5,-13.5,-0.7875556945800781,0,0,1
missouri_vs_coastal carolina_20221123,2022-11-23,missouri,Coastal Carolina,2023,38.0,19.234089,18.765911102294922,-14.0,24.0,5.234088897705078,1,1,1
missouri_vs_southeast missouri state_20221204,2022-12-04,missouri,Southeast Missouri State,2023,7.0,24.46738,17.46738052368164,-21.5,-14.5,2.9673805236816406,1,0,0
missouri_vs_kansas_20221210,2022-12-10,missouri,Kansas,2023,-28.0,0.195826,28.19582599401474,3.0,-25.0,3.19582599401474,1,0,0
missouri_vs_kentucky_20221228,2022-12-28,missouri,Kentucky,2023,14.0,-0.054660745,14.054660744965076,3.0,17.0,2.9453392550349236,1,1,1
missouri_vs_vanderbilt_20230107,2023-01-07,missouri,Vanderbilt,2023,3.0,7.9725604,4.972560405731201,-8.0,-5.0,-0.027439594268798828,0,0,1
missouri_vs_arkansas_20230118,2023-01-18,missouri,Arkansas,2023,3.0,3.7262728,0.7262728214263916,-2.0,1.0,1.7262728214263916,1,1,1
missouri_vs_alabama_20230121,2023-01-21,missouri,Alabama,2023,-21.0,0.7769183,21.776918292045593,6.0,-15.0,6.776918292045593,1,0,0
missouri_vs_iowa state_20230128,2023-01-28,missouri,Iowa State,2023,17.0,2.0874975,14.912502527236938,0.0,17.0,2.0874974727630615,1,1,1
missouri_vs_louisiana state_20230201,2023-02-01,missouri,Louisiana State,2023,10.0,10.216945,0.21694469451904297,-10.0,0.0,0.21694469451904297,1,0,0
missouri_vs_south carolina_20230207,2023-02-07,missouri,South Carolina,2023,9.0,14.064438,5.0644378662109375,-14.5,-5.5,-0.4355621337890625,0,0,1
missouri_vs_texas a&m_20230218,2023-02-18,missouri,Texas A&M,2023,-9.0,2.6239748,11.623974800109863,-2.5,-11.5,0.12397480010986328,1,0,0
missouri_vs_mississippi state_20230221,2023-02-21,missouri,Mississippi State,2023,2.0,4.4022546,2.402254581451416,-3.5,-1.5,0.902254581451416,1,0,0
missouri_vs_tennessee_20230310,2023-03-10,missouri,Tennessee,2023,8.0,-2.7261796,10.726179599761963,5.5,13.5,2.773820400238037,1,1,1
missouri_vs_utah state_20230316,2023-03-16,missouri,Utah State,2023,11.0,-0.90011805,11.900118052959442,1.5,12.5,0.5998819470405579,1,1,1
missouri_vs_princeton_20230318,2023-03-18,missouri,Princeton,2023,-15.0,5.8438764,20.843876361846924,-6.0,-21.0,-0.15612363815307617,0,0,1
missouri-kansas-city_vs_toledo_20221121,2022-11-21,missouri-kansas-city,Toledo,2023,12.0,-16.052242,28.052242279052734,18.0,30.0,1.9477577209472656,1,1,1
missouri-kansas-city_vs_siu edwardsville_20221126,2022-11-26,missouri-kansas-city,SIU Edwardsville,2023,-10.0,1.2564944,11.256494402885437,-3.0,-13.0,-1.743505597114563,0,0,1
missouri-kansas-city_vs_idaho state_20221129,2022-11-29,missouri-kansas-city,Idaho State,2023,-10.0,4.3391895,14.339189529418945,-4.5,-14.5,-0.1608104705810547,0,0,1
missouri-kansas-city_vs_lindenwood_20221203,2022-12-03,missouri-kansas-city,Lindenwood,2023,14.0,7.614797,6.385202884674072,-8.0,6.0,-0.38520288467407227,0,1,0
missouri-kansas-city_vs_south dakota_20221219,2022-12-19,missouri-kansas-city,South Dakota,2023,17.0,-0.07601925,17.076019249856472,1.0,18.0,0.923980750143528,1,1,1
missouri-kansas-city_vs_st. thomas_20230112,2023-01-12,missouri-kansas-city,St. Thomas,2023,21.0,1.671112,19.328888058662415,-2.0,19.0,-0.32888805866241455,0,1,0
missouri-kansas-city_vs_western illinois_20230114,2023-01-14,missouri-kansas-city,Western Illinois,2023,-8.0,5.843831,13.843831062316895,-5.5,-13.5,0.34383106231689453,1,0,0
missouri-kansas-city_vs_omaha_20230126,2023-01-26,missouri-kansas-city,Omaha,2023,3.0,7.819363,4.819363117218018,-7.0,-4.0,0.8193631172180176,1,0,0
missouri-kansas-city_vs_denver_20230128,2023-01-28,missouri-kansas-city,Denver,2023,10.0,7.096824,2.9031758308410645,-6.0,4.0,1.0968241691589355,1,1,1
missouri-kansas-city_vs_south dakota state_20230130,2023-01-30,missouri-kansas-city,South Dakota State,2023,-1.0,1.8670763,2.867076277732849,-2.0,-3.0,-0.13292372226715088,0,0,1
missouri-kansas-city_vs_oral roberts_20230204,2023-02-04,missouri-kansas-city,Oral Roberts,2023,-28.0,-8.416472,19.58352756500244,9.0,-19.0,0.5835275650024414,1,0,0
missouri-kansas-city_vs_north dakota state_20230216,2023-02-16,missouri-kansas-city,North Dakota State,2023,-11.0,-1.7127657,9.28723430633545,2.0,-9.0,0.2872343063354492,1,0,0
missouri-kansas-city_vs_north dakota_20230218,2023-02-18,missouri-kansas-city,North Dakota,2023,-8.0,2.2149146,10.214914560317993,-3.5,-11.5,-1.2850854396820068,0,0,1
missouri-kansas-city_vs_omaha_20230303,2023-03-03,missouri-kansas-city,Omaha,2023,-12.0,-1.3710601,10.628939867019653,2.0,-10.0,0.6289398670196533,1,0,0
missouri-state_vs_middle tennessee_20221119,2022-11-19,missouri-state,Middle Tennessee,2023,24.0,0.8812194,23.118780612945557,-2.0,22.0,-1.1187806129455566,0,1,0
missouri-state_vs_unc wilmington_20221125,2022-11-25,missouri-state,UNC Wilmington,2023,-14.0,6.6120167,20.612016677856445,-6.0,-20.0,0.6120166778564453,1,0,0
missouri-state_vs_oakland_20221127,2022-11-27,missouri-state,Oakland,2023,12.0,-6.009943,18.00994300842285,7.5,19.5,1.4900569915771484,1,1,1
missouri-state_vs_bradley_20221203,2022-12-03,missouri-state,Bradley,2023,-18.0,2.1881917,20.188191652297974,-2.5,-20.5,-0.31180834770202637,0,0,1
missouri-state_vs_central michigan_20221218,2022-12-18,missouri-state,Central Michigan,2023,21.0,11.953968,9.046031951904297,-12.5,8.5,-0.5460319519042969,0,1,0
missouri-state_vs_drake_20230101,2023-01-01,missouri-state,Drake,2023,3.0,-1.8557802,4.855780243873596,3.0,6.0,1.1442197561264038,1,1,1
missouri-state_vs_evansville_20230104,2023-01-04,missouri-state,Evansville,2023,23.0,13.060751,9.939249038696289,-13.5,9.5,-0.43924903869628906,0,1,0
missouri-state_vs_indiana state_20230115,2023-01-15,missouri-state,Indiana State,2023,2.0,0.19975667,1.8002433329820633,-1.5,0.5,-1.3002433329820633,0,1,0
missouri-state_vs_southern illinois_20230121,2023-01-21,missouri-state,Southern Illinois,2023,-4.0,3.5513825,7.551382541656494,-3.0,-7.0,0.5513825416564941,1,0,0
missouri-state_vs_illinoisâchicago_20230124,2023-01-24,missouri-state,IllinoisâChicago,2023,4.0,13.364325,9.364324569702148,-13.0,-9.0,0.36432456970214844,1,0,0
missouri-state_vs_valparaiso_20230201,2023-02-01,missouri-state,Valparaiso,2023,9.0,9.153147,0.15314674377441406,-9.0,0.0,0.15314674377441406,1,0,0
missouri-state_vs_belmont_20230208,2023-02-08,missouri-state,Belmont,2023,2.0,1.2167864,0.7832136154174805,-2.0,0.0,-0.7832136154174805,0,0,1
missouri-state_vs_northern iowa_20230218,2023-02-18,missouri-state,Northern Iowa,2023,-3.0,5.249351,8.249351024627686,-4.5,-7.5,0.7493510246276855,1,0,0
missouri-state_vs_murray state_20230221,2023-02-21,missouri-state,Murray State,2023,15.0,6.9774566,8.02254343032837,-6.0,9.0,0.9774565696716309,1,1,1
missouri-state_vs_southern illinois_20230303,2023-03-03,missouri-state,Southern Illinois,2023,-3.0,-1.9808573,1.019142746925354,3.0,0.0,1.019142746925354,1,0,0
monmouth_vs_norfolk state_20221117,2022-11-17,monmouth,Norfolk State,2023,-5.0,-10.877822,5.877821922302246,9.0,4.0,-1.877821922302246,0,1,0
monmouth_vs_cornell_20221125,2022-11-25,monmouth,Cornell,2023,-18.0,-5.6015964,12.398403644561768,6.0,-12.0,0.3984036445617676,1,0,0
monmouth_vs_charlotte_20221217,2022-12-17,monmouth,Charlotte,2023,-34.0,-9.695185,24.3048152923584,9.5,-24.5,-0.19518470764160156,0,0,1
monmouth_vs_yale_20221222,2022-12-22,monmouth,Yale,2023,-32.0,-14.018716,17.981284141540527,12.5,-19.5,-1.5187158584594727,0,0,1
monmouth_vs_unc wilmington_20221228,2022-12-28,monmouth,UNC Wilmington,2023,-13.0,-11.620479,1.379521369934082,12.0,-1.0,0.37952136993408203,1,0,0
monmouth_vs_stony brook_20230105,2023-01-05,monmouth,Stony Brook,2023,-11.0,-2.7830017,8.21699833869934,3.0,-8.0,0.21699833869934082,1,0,0
monmouth_vs_college of charleston_20230119,2023-01-19,monmouth,College of Charleston,2023,-14.0,-17.396185,3.3961849212646484,21.5,7.5,4.103815078735352,1,1,1
monmouth_vs_hampton_20230121,2023-01-21,monmouth,Hampton,2023,-17.0,1.4551065,18.455106496810913,-2.5,-19.5,-1.044893503189087,0,0,1
monmouth_vs_delaware_20230202,2023-02-02,monmouth,Delaware,2023,8.0,-9.065191,17.0651912689209,9.0,17.0,-0.06519126892089844,0,1,0
monmouth_vs_drexel_20230204,2023-02-04,monmouth,Drexel,2023,2.0,-6.9575043,8.957504272460938,6.5,8.5,-0.4575042724609375,0,1,0
monmouth_vs_hofstra_20230211,2023-02-11,monmouth,Hofstra,2023,-29.0,-9.884697,19.11530303955078,11.5,-17.5,1.6153030395507812,1,0,0
monmouth_vs_north carolina a&t_20230213,2023-02-13,monmouth,North Carolina A&T,2023,14.0,-1.3996197,15.399619698524475,2.5,16.5,1.100380301475525,1,1,1
monmouth_vs_elon_20230218,2023-02-18,monmouth,Elon,2023,-7.0,0.7959494,7.795949399471283,-1.0,-8.0,-0.20405060052871704,0,0,1
montana_vs_st. thomas_20221117,2022-11-17,montana,St. Thomas,2023,19.0,6.541468,12.458531856536865,-6.0,13.0,0.5414681434631348,1,1,1
montana_vs_merrimack_20221118,2022-11-18,montana,Merrimack,2023,11.0,10.481219,0.5187807083129883,-10.5,0.5,-0.01878070831298828,0,1,0
montana_vs_troy_20221119,2022-11-19,montana,Troy,2023,-11.0,1.16349,12.163490056991577,-1.5,-12.5,-0.33650994300842285,0,0,1
montana_vs_south dakota state_20221206,2022-12-06,montana,South Dakota State,2023,25.0,0.8786896,24.12131041288376,0.0,25.0,0.8786895871162415,1,1,1
montana_vs_eastern washington_20221229,2022-12-29,montana,Eastern Washington,2023,-7.0,5.2410245,12.241024494171143,-5.5,-12.5,-0.2589755058288574,0,0,1
montana_vs_idaho_20221231,2022-12-31,montana,Idaho,2023,11.0,9.27613,1.7238702774047852,-9.5,1.5,-0.22387027740478516,0,1,0
montana_vs_weber state_20230112,2023-01-12,montana,Weber State,2023,-2.0,3.4637992,5.463799238204956,-4.5,-6.5,-1.036200761795044,0,0,1
montana_vs_idaho state_20230114,2023-01-14,montana,Idaho State,2023,29.0,6.379203,22.620797157287598,-7.5,21.5,-1.1207971572875977,0,1,0
montana_vs_montana state_20230121,2023-01-21,montana,Montana State,2023,-3.0,0.034453455,3.0344534553587437,1.0,-2.0,1.0344534553587437,1,0,0
montana_vs_northern colorado_20230202,2023-02-02,montana,Northern Colorado,2023,2.0,6.4738393,4.473839282989502,-7.0,-5.0,-0.526160717010498,0,0,1
montana_vs_northern arizona_20230204,2023-02-04,montana,Northern Arizona,2023,1.0,8.074008,7.074007987976074,-8.0,-7.0,0.07400798797607422,1,0,0
montana_vs_sacramento state_20230225,2023-02-25,montana,Sacramento State,2023,2.0,5.5224676,3.522467613220215,-6.0,-4.0,-0.47753238677978516,0,0,1
montana_vs_northern arizona_20230307,2023-03-07,montana,Northern Arizona,2023,-12.0,5.4366007,17.43660068511963,-5.5,-17.5,-0.0633993148803711,0,0,1
montana-state_vs_unc greensboro_20221125,2022-11-25,montana-state,UNC Greensboro,2023,-11.0,0.2646652,11.264665186405182,0.0,-11.0,0.2646651864051819,1,0,0
montana-state_vs_quinnipiac_20221126,2022-11-26,montana-state,Quinnipiac,2023,-17.0,3.3533447,20.353344678878784,-3.5,-20.5,-0.14665532112121582,0,0,1
montana-state_vs_st. thomas_20221208,2022-12-08,montana-state,St. Thomas,2023,17.0,7.655042,9.344957828521729,-7.0,10.0,0.6550421714782715,1,1,1
montana-state_vs_omaha_20221210,2022-12-10,montana-state,Omaha,2023,28.0,12.044757,15.955243110656738,-12.0,16.0,0.04475688934326172,1,1,1
montana-state_vs_idaho_20221229,2022-12-29,montana-state,Idaho,2023,14.0,12.313837,1.6861629486083984,-13.0,1.0,-0.6861629486083984,0,1,0
montana-state_vs_eastern washington_20221231,2022-12-31,montana-state,Eastern Washington,2023,-3.0,5.7398787,8.73987865447998,-6.5,-9.5,-0.7601213455200195,0,0,1
montana-state_vs_idaho state_20230112,2023-01-12,montana-state,Idaho State,2023,13.0,10.252226,2.747774124145508,-11.0,2.0,-0.7477741241455078,0,1,0
montana-state_vs_weber state_20230114,2023-01-14,montana-state,Weber State,2023,15.0,7.104505,7.8954949378967285,-7.5,7.5,-0.3954949378967285,0,1,0
montana-state_vs_northern arizona_20230202,2023-02-02,montana-state,Northern Arizona,2023,1.0,11.786985,10.786985397338867,-12.5,-11.5,-0.7130146026611328,0,0,1
montana-state_vs_northern colorado_20230204,2023-02-04,montana-state,Northern Colorado,2023,13.0,10.715936,2.284064292907715,-11.5,1.5,-0.7840642929077148,0,1,0
montana-state_vs_montana_20230218,2023-02-18,montana-state,Montana,2023,4.0,6.1996684,2.1996684074401855,-6.0,-2.0,0.19966840744018555,1,0,0
montana-state_vs_sacramento state_20230223,2023-02-23,montana-state,Sacramento State,2023,4.0,8.819414,4.819414138793945,-9.0,-5.0,-0.1805858612060547,0,0,1
montana-state_vs_portland state_20230225,2023-02-25,montana-state,Portland State,2023,13.0,8.630706,4.369294166564941,-10.0,3.0,-1.3692941665649414,0,1,0
montana-state_vs_northern colorado_20230305,2023-03-05,montana-state,Northern Colorado,2023,11.0,8.606911,2.3930892944335938,-8.5,2.5,0.10691070556640625,1,1,1
montana-state_vs_weber state_20230307,2023-03-07,montana-state,Weber State,2023,2.0,4.569998,2.569997787475586,-5.5,-3.5,-0.9300022125244141,0,0,1
montana-state_vs_northern arizona_20230308,2023-03-08,montana-state,Northern Arizona,2023,7.0,7.2647686,0.2647686004638672,-7.0,0.0,0.2647686004638672,1,0,0
morehead-state_vs_bellarmine_20221112,2022-11-12,morehead-state,Bellarmine,2023,7.0,1.859439,5.140560984611511,-2.0,5.0,-0.14056098461151123,0,1,0
morehead-state_vs_north alabama_20221203,2022-12-03,morehead-state,North Alabama,2023,-6.0,7.8217306,13.821730613708496,-7.5,-13.5,0.3217306137084961,1,0,0
morehead-state_vs_east tennessee state_20221211,2022-12-11,morehead-state,East Tennessee State,2023,4.0,0.9104295,3.0895705223083496,0.0,4.0,0.9104294776916504,1,1,1
morehead-state_vs_southern indiana_20230105,2023-01-05,morehead-state,Southern Indiana,2023,4.0,1.0575521,2.9424479007720947,-2.0,2.0,-0.9424479007720947,0,1,0
morehead-state_vs_eastern illinois_20230107,2023-01-07,morehead-state,Eastern Illinois,2023,10.0,9.208847,0.7911529541015625,-8.5,1.5,0.7088470458984375,1,1,1
morehead-state_vs_southeast missouri state_20230114,2023-01-14,morehead-state,Southeast Missouri State,2023,-5.0,0.110834576,5.110834576189518,-1.0,-6.0,-0.889165423810482,0,0,1
morehead-state_vs_little rock_20230126,2023-01-26,morehead-state,Little Rock,2023,4.0,7.4777217,3.477721691131592,-8.0,-4.0,-0.5222783088684082,0,0,1
morehead-state_vs_siu edwardsville_20230128,2023-01-28,morehead-state,SIU Edwardsville,2023,5.0,0.6841405,4.315859496593475,0.0,5.0,0.6841405034065247,1,1,1
morehead-state_vs_tennessee state_20230216,2023-02-16,morehead-state,Tennessee State,2023,10.0,4.483813,5.5161871910095215,-5.0,5.0,-0.5161871910095215,0,1,0
morehead-state_vs_lindenwood_20230218,2023-02-18,morehead-state,Lindenwood,2023,13.0,8.841048,4.158951759338379,-10.0,3.0,-1.158951759338379,0,1,0
morehead-state_vs_ut martin_20230225,2023-02-25,morehead-state,UT Martin,2023,14.0,4.4414296,9.558570384979248,-4.5,9.5,-0.05857038497924805,0,1,0
morehead-state_vs_southeast missouri state_20230303,2023-03-03,morehead-state,Southeast Missouri State,2023,-7.0,5.2563977,12.256397724151611,-4.5,-11.5,0.7563977241516113,1,0,0
morgan-state_vs_utah valley_20221118,2022-11-18,morgan-state,Utah Valley,2023,1.0,-9.190449,10.190448760986328,9.5,10.5,0.3095512390136719,1,1,1
morgan-state_vs_queens (nc)_20221120,2022-11-20,morgan-state,Queens (NC),2023,-10.0,-2.2303865,7.76961350440979,2.5,-7.5,0.26961350440979004,1,0,0
morgan-state_vs_north carolina central_20230107,2023-01-07,morgan-state,North Carolina Central,2023,5.0,0.31439131,4.685608685016632,-1.5,3.5,-1.185608685016632,0,1,0
morgan-state_vs_south carolina state_20230109,2023-01-09,morgan-state,South Carolina State,2023,5.0,9.360556,4.360555648803711,-9.0,-4.0,0.36055564880371094,1,0,0
morgan-state_vs_norfolk state_20230123,2023-01-23,morgan-state,Norfolk State,2023,6.0,-4.048459,10.04845905303955,6.0,12.0,1.9515409469604492,1,1,1
morgan-state_vs_maryland eastern shore_20230130,2023-01-30,morgan-state,Maryland Eastern Shore,2023,-14.0,1.5097965,15.509796500205994,1.5,-12.5,3.0097965002059937,1,0,0
morgan-state_vs_howard_20230220,2023-02-20,morgan-state,Howard,2023,13.0,-4.969003,17.969003200531006,7.0,20.0,2.030996799468994,1,1,1
morgan-state_vs_delaware state_20230225,2023-02-25,morgan-state,Delaware State,2023,5.0,5.2475376,0.24753761291503906,-5.5,-0.5,-0.25246238708496094,0,0,1
morgan-state_vs_coppin state_20230302,2023-03-02,morgan-state,Coppin State,2023,-12.0,3.8132002,15.813200235366821,-3.0,-15.0,0.8132002353668213,1,0,0
mount-st-marys_vs_rider_20221203,2022-12-03,mount-st-marys,Rider,2023,-3.0,2.630063,5.630063056945801,-3.5,-6.5,-0.8699369430541992,0,0,1
mount-st-marys_vs_american_20221206,2022-12-06,mount-st-marys,American,2023,-8.0,6.423395,14.423395156860352,-3.0,-11.0,3.4233951568603516,1,0,0
mount-st-marys_vs_loyola (md)_20221210,2022-12-10,mount-st-marys,Loyola (MD),2023,17.0,3.5576055,13.442394495010376,-4.5,12.5,-0.942394495010376,0,1,0
mount-st-marys_vs_robert morris_20221218,2022-12-18,mount-st-marys,Robert Morris,2023,-9.0,2.9054208,11.905420780181885,-2.5,-11.5,0.40542078018188477,1,0,0
mount-st-marys_vs_manhattan_20230113,2023-01-13,mount-st-marys,Manhattan,2023,-5.0,6.14732,11.147319793701172,-6.0,-11.0,0.14731979370117188,1,0,0
mount-st-marys_vs_quinnipiac_20230115,2023-01-15,mount-st-marys,Quinnipiac,2023,-7.0,-3.9536397,3.0463602542877197,5.0,-2.0,1.0463602542877197,1,0,0
mount-st-marys_vs_marist_20230122,2023-01-22,mount-st-marys,Marist,2023,4.0,2.0371854,1.9628145694732666,-4.0,0.0,-1.9628145694732666,0,0,1
mount-st-marys_vs_fairfield_20230126,2023-01-26,mount-st-marys,Fairfield,2023,-3.0,-1.6139237,1.3860763311386108,2.0,-1.0,0.38607633113861084,1,0,0
mount-st-marys_vs_saint peter's_20230128,2023-01-28,mount-st-marys,Saint Peter's,2023,-11.0,1.5077336,12.507733583450317,-1.5,-12.5,0.007733583450317383,1,0,0
mount-st-marys_vs_siena_20230210,2023-02-10,mount-st-marys,Siena,2023,-7.0,-3.334443,3.6655569076538086,4.5,-2.5,1.1655569076538086,1,0,0
mount-st-marys_vs_niagara_20230217,2023-02-17,mount-st-marys,Niagara,2023,4.0,0.056662336,3.9433376640081406,-1.0,3.0,-0.9433376640081406,0,1,0
mount-st-marys_vs_canisius_20230219,2023-02-19,mount-st-marys,Canisius,2023,1.0,1.8493083,0.8493082523345947,-3.0,-2.0,-1.1506917476654053,0,0,1
mount-st-marys_vs_iona_20230224,2023-02-24,mount-st-marys,Iona,2023,-12.0,-8.726295,3.2737045288085938,10.5,-1.5,1.7737045288085938,1,0,0
murray-state_vs_texas a&m_20221117,2022-11-17,murray-state,Texas A&M,2023,9.0,-14.249183,23.24918270111084,13.0,22.0,-1.2491827011108398,0,1,0
murray-state_vs_tulsa_20221120,2022-11-20,murray-state,Tulsa,2023,17.0,0.6114473,16.388552725315094,-3.5,13.5,-2.888552725315094,0,1,0
murray-state_vs_illinois state_20221201,2022-12-01,murray-state,Illinois State,2023,3.0,10.6558275,7.655827522277832,-11.0,-8.0,-0.34417247772216797,0,0,1
murray-state_vs_chicago state_20221213,2022-12-13,murray-state,Chicago State,2023,1.0,12.090618,11.090618133544922,-12.5,-11.5,-0.4093818664550781,0,0,1
murray-state_vs_austin peay_20221216,2022-12-16,murray-state,Austin Peay,2023,8.0,8.150593,0.15059280395507812,-8.5,-0.5,-0.3494071960449219,0,0,1
murray-state_vs_southern illinois_20221229,2022-12-29,murray-state,Southern Illinois,2023,-6.0,-0.32111236,5.678887635469437,1.0,-5.0,0.6788876354694366,1,0,0
murray-state_vs_bradley_20230104,2023-01-04,murray-state,Bradley,2023,9.0,-4.3282185,13.328218460083008,5.5,14.5,1.1717815399169922,1,1,1
murray-state_vs_illinoisâchicago_20230114,2023-01-14,murray-state,IllinoisâChicago,2023,17.0,7.9906063,9.009393692016602,-8.5,8.5,-0.5093936920166016,0,1,0
murray-state_vs_indiana state_20230121,2023-01-21,murray-state,Indiana State,2023,9.0,-3.9401302,12.940130233764648,3.5,12.5,-0.44013023376464844,0,1,0
murray-state_vs_missouri state_20230128,2023-01-28,murray-state,Missouri State,2023,3.0,-0.6884592,3.6884592175483704,-1.0,2.0,-1.6884592175483704,0,1,0
murray-state_vs_belmont_20230201,2023-02-01,murray-state,Belmont,2023,1.0,-0.06055788,1.0605578795075417,1.0,2.0,0.9394421204924583,1,1,1
murray-state_vs_drake_20230207,2023-02-07,murray-state,Drake,2023,-24.0,-2.5620883,21.43791174888611,3.0,-21.0,0.4379117488861084,1,0,0
murray-state_vs_evansville_20230218,2023-02-18,murray-state,Evansville,2023,16.0,11.430348,4.5696516036987305,-12.0,4.0,-0.5696516036987305,0,1,0
murray-state_vs_valparaiso_20230226,2023-02-26,murray-state,Valparaiso,2023,1.0,5.717162,4.717162132263184,-6.5,-5.5,-0.7828378677368164,0,0,1
murray-state_vs_valparaiso_20230302,2023-03-02,murray-state,Valparaiso,2023,28.0,0.8707068,27.129293203353882,-1.0,27.0,-0.12929320335388184,0,1,0
navy_vs_princeton_20221111,2022-11-11,navy,Princeton,2023,1.0,-0.2536621,1.253662109375,1.5,2.5,1.246337890625,1,1,1
navy_vs_youngstown state_20221120,2022-11-20,navy,Youngstown State,2023,13.0,-4.210891,17.210890769958496,3.0,16.0,-1.210890769958496,0,1,0
navy_vs_mount st. mary's_20221126,2022-11-26,navy,Mount St. Mary's,2023,16.0,4.5432787,11.456721305847168,-5.5,10.5,-0.956721305847168,0,1,0
navy_vs_holy cross_20230102,2023-01-02,navy,Holy Cross,2023,-11.0,13.017995,24.01799488067627,-13.5,-24.5,-0.48200511932373047,0,0,1
navy_vs_lehigh_20230108,2023-01-08,navy,Lehigh,2023,-5.0,9.034282,14.034281730651855,-9.5,-14.5,-0.46571826934814453,0,0,1
navy_vs_lafayette_20230111,2023-01-11,navy,Lafayette,2023,-9.0,6.7039557,15.70395565032959,-6.5,-15.5,0.20395565032958984,1,0,0
navy_vs_boston university_20230118,2023-01-18,navy,Boston University,2023,18.0,1.9633033,16.036696672439575,-2.5,15.5,-0.5366966724395752,0,1,0
navy_vs_american_20230128,2023-01-28,navy,American,2023,-4.0,5.5423965,9.542396545410156,-5.0,-9.0,0.5423965454101562,1,0,0
navy_vs_bucknell_20230208,2023-02-08,navy,Bucknell,2023,6.0,8.896212,2.896211624145508,-8.5,-2.5,0.3962116241455078,1,0,0
navy_vs_army_20230211,2023-02-11,navy,Army,2023,17.0,5.185124,11.814876079559326,-5.0,12.0,0.18512392044067383,1,1,1
navy_vs_loyola (md)_20230218,2023-02-18,navy,Loyola (MD),2023,12.0,9.432612,2.567387580871582,-10.0,2.0,-0.567387580871582,0,1,0
navy_vs_colgate_20230225,2023-02-25,navy,Colgate,2023,-4.0,-2.3194814,1.680518627166748,1.5,-2.5,-0.819481372833252,0,0,1
navy_vs_american_20230302,2023-03-02,navy,American,2023,-1.0,5.43489,6.434889793395996,-6.0,-7.0,-0.5651102066040039,0,0,1
nebraska_vs_omaha_20221110,2022-11-10,nebraska,Omaha,2023,14.0,17.572037,3.5720367431640625,-17.5,-3.5,0.0720367431640625,1,0,0
nebraska_vs_arkansasâpine bluff_20221120,2022-11-20,nebraska,ArkansasâPine Bluff,2023,24.0,16.086636,7.913364410400391,-18.0,6.0,-1.9133644104003906,0,1,0
nebraska_vs_oklahoma_20221124,2022-11-24,nebraska,Oklahoma,2023,-13.0,-5.431133,7.568867206573486,6.5,-6.5,1.0688672065734863,1,0,0
nebraska_vs_boston college_20221130,2022-11-30,nebraska,Boston College,2023,21.0,5.6866703,15.313329696655273,-5.5,15.5,0.18667030334472656,1,1,1
nebraska_vs_purdue_20221210,2022-12-10,nebraska,Purdue,2023,-3.0,-5.9940944,2.9940943717956543,7.5,4.5,1.5059056282043457,1,1,1
nebraska_vs_queens (nc)_20221220,2022-12-20,nebraska,Queens (NC),2023,10.0,12.310648,2.310647964477539,-13.0,-3.0,-0.6893520355224609,0,0,1
nebraska_vs_iowa_20221229,2022-12-29,nebraska,Iowa,2023,16.0,-2.7568989,18.756898880004883,4.5,20.5,1.7431011199951172,1,1,1
nebraska_vs_illinois_20230110,2023-01-10,nebraska,Illinois,2023,-26.0,-2.2570906,23.74290943145752,3.5,-22.5,1.2429094314575195,1,0,0
nebraska_vs_ohio state_20230118,2023-01-18,nebraska,Ohio State,2023,3.0,-4.3709574,7.370957374572754,6.0,9.0,1.629042625427246,1,1,1
nebraska_vs_northwestern_20230125,2023-01-25,nebraska,Northwestern,2023,-15.0,-0.8294786,14.17052137851715,2.5,-12.5,1.6705213785171509,1,0,0
nebraska_vs_penn state_20230205,2023-02-05,nebraska,Penn State,2023,9.0,-3.2987757,12.298775672912598,5.0,14.0,1.7012243270874023,1,1,1
nebraska_vs_wisconsin_20230211,2023-02-11,nebraska,Wisconsin,2023,10.0,-1.5308852,11.530885219573975,3.0,13.0,1.4691147804260254,1,1,1
nebraska_vs_maryland_20230219,2023-02-19,nebraska,Maryland,2023,4.0,-3.3043218,7.304321765899658,4.0,8.0,0.6956782341003418,1,1,1
nebraska_vs_minnesota_20230225,2023-02-25,nebraska,Minnesota,2023,11.0,8.491264,2.5087356567382812,-8.0,3.0,0.49126434326171875,1,1,1
nebraska_vs_michigan state_20230228,2023-02-28,nebraska,Michigan State,2023,-13.0,-4.5896797,8.410320281982422,4.5,-8.5,-0.08967971801757812,0,0,1
nebraska-omaha_vs_idaho_20221113,2022-11-13,nebraska-omaha,Idaho,2023,7.0,3.524032,3.4759678840637207,-4.0,3.0,-0.4759678840637207,0,1,0
nebraska-omaha_vs_ball state_20221116,2022-11-16,nebraska-omaha,Ball State,2023,-10.0,-5.91759,4.082409858703613,4.5,-5.5,-1.4175901412963867,0,0,1
nebraska-omaha_vs_southern_20221126,2022-11-26,nebraska-omaha,Southern,2023,10.0,-6.8795342,16.879534244537354,7.0,17.0,0.12046575546264648,1,1,1
nebraska-omaha_vs_denver_20221219,2022-12-19,nebraska-omaha,Denver,2023,17.0,-2.016523,19.016522884368896,2.0,19.0,-0.016522884368896484,0,1,0
nebraska-omaha_vs_oral roberts_20221229,2022-12-29,nebraska-omaha,Oral Roberts,2023,-3.0,-13.284929,10.284929275512695,13.5,10.5,0.2150707244873047,1,1,1
nebraska-omaha_vs_kansas city_20221231,2022-12-31,nebraska-omaha,Kansas City,2023,-16.0,1.6808518,17.680851817131042,-4.0,-20.0,-2.3191481828689575,0,0,1
nebraska-omaha_vs_north dakota_20230112,2023-01-12,nebraska-omaha,North Dakota,2023,6.0,4.6667323,1.3332676887512207,-4.5,1.5,0.1667323112487793,1,1,1
nebraska-omaha_vs_north dakota state_20230114,2023-01-14,nebraska-omaha,North Dakota State,2023,-13.0,-2.4601629,10.539837121963501,2.5,-10.5,0.03983712196350098,1,0,0
nebraska-omaha_vs_st. thomas_20230202,2023-02-02,nebraska-omaha,St. Thomas,2023,-6.0,-3.4839487,2.5160512924194336,3.0,-3.0,-0.4839487075805664,0,0,1
nebraska-omaha_vs_western illinois_20230204,2023-02-04,nebraska-omaha,Western Illinois,2023,-3.0,-0.93293464,2.0670653581619263,1.0,-2.0,0.06706535816192627,1,0,0
nebraska-omaha_vs_south dakota state_20230218,2023-02-18,nebraska-omaha,South Dakota State,2023,-21.0,-5.0847936,15.91520643234253,6.5,-14.5,1.4152064323425293,1,0,0
nebraska-omaha_vs_south dakota state_20230304,2023-03-04,nebraska-omaha,South Dakota State,2023,-8.0,-11.053411,3.053410530090332,11.0,3.0,-0.05341053009033203,0,1,0
nevada_vs_tulane_20221121,2022-11-21,nevada,Tulane,2023,9.0,-2.0870862,11.087086200714111,3.5,12.5,1.4129137992858887,1,1,1
nevada_vs_sam houston state_20221128,2022-11-28,nevada,Sam Houston State,2023,18.0,4.501128,13.498871803283691,-4.0,14.0,0.5011281967163086,1,1,1
nevada_vs_norfolk state_20221221,2022-12-21,nevada,Norfolk State,2023,12.0,10.699089,1.3009109497070312,-11.5,0.5,-0.8009109497070312,0,1,0
nevada_vs_boise state_20221228,2022-12-28,nevada,Boise State,2023,2.0,1.136567,0.8634330034255981,-2.0,0.0,-0.8634330034255981,0,0,1
nevada_vs_colorado state_20230104,2023-01-04,nevada,Colorado State,2023,11.0,4.6568007,6.343199253082275,-4.0,7.0,0.6568007469177246,1,1,1
nevada_vs_utah state_20230113,2023-01-13,nevada,Utah State,2023,15.0,0.814269,14.185730993747711,-2.0,13.0,-1.1857309937477112,0,1,0
nevada_vs_new mexico_20230123,2023-01-23,nevada,New Mexico,2023,3.0,2.142711,0.8572890758514404,-3.5,-0.5,-1.3572890758514404,0,0,1
nevada_vs_san diego state_20230131,2023-01-31,nevada,San Diego State,2023,9.0,-0.98340577,9.983405768871307,2.5,11.5,1.5165942311286926,1,1,1
nevada_vs_air force_20230203,2023-02-03,nevada,Air Force,2023,20.0,9.769041,10.230958938598633,-11.0,9.0,-1.2309589385986328,0,1,0
nevada_vs_fresno state_20230210,2023-02-10,nevada,Fresno State,2023,11.0,8.6424885,2.357511520385742,-9.0,2.0,-0.3575115203857422,0,1,0
nevada_vs_san jose state_20230221,2023-02-21,nevada,San Jose State,2023,15.0,8.279636,6.720363616943359,-9.5,5.5,-1.2203636169433594,0,1,0
nevada_vs_unlv_20230304,2023-03-04,nevada,UNLV,2023,-2.0,7.373104,9.373104095458984,-8.0,-10.0,-0.6268959045410156,0,0,1
nevada_vs_san jose state_20230309,2023-03-09,nevada,San Jose State,2023,-4.0,5.4014454,9.401445388793945,-4.0,-8.0,1.4014453887939453,1,0,0
nevada-las-vegas_vs_incarnate word_20221112,2022-11-12,nevada-las-vegas,Incarnate Word,2023,25.0,24.10631,0.8936901092529297,-25.5,-0.5,-1.3936901092529297,0,0,1
nevada-las-vegas_vs_dayton_20221115,2022-11-15,nevada-las-vegas,Dayton,2023,8.0,-0.44965416,8.449654161930084,4.0,12.0,3.5503458380699158,1,1,1
nevada-las-vegas_vs_high point_20221118,2022-11-18,nevada-las-vegas,High Point,2023,10.0,13.876004,3.876004219055176,-12.0,-2.0,1.8760042190551758,1,0,0
nevada-las-vegas_vs_southern illinois_20221122,2022-11-22,nevada-las-vegas,Southern Illinois,2023,7.0,1.7619181,5.238081932067871,-1.5,5.5,0.2619180679321289,1,1,1
nevada-las-vegas_vs_washington state_20221210,2022-12-10,nevada-las-vegas,Washington State,2023,4.0,2.2752244,1.7247755527496338,-2.5,1.5,-0.2247755527496338,0,1,0
nevada-las-vegas_vs_san francisco_20221217,2022-12-17,nevada-las-vegas,San Francisco,2023,-2.0,5.9515667,7.951566696166992,-6.0,-8.0,-0.04843330383300781,0,0,1
nevada-las-vegas_vs_southern mississippi_20221222,2022-12-22,nevada-las-vegas,Southern Mississippi,2023,11.0,9.58968,1.4103202819824219,-8.5,2.5,1.0896797180175781,1,1,1
nevada-las-vegas_vs_san diego state_20221231,2022-12-31,nevada-las-vegas,San Diego State,2023,-9.0,-1.8594133,7.140586733818054,4.0,-5.0,2.140586733818054,1,0,0
nevada-las-vegas_vs_boise state_20230111,2023-01-11,nevada-las-vegas,Boise State,2023,-18.0,2.8672478,20.867247819900513,-1.5,-19.5,1.3672478199005127,1,0,0
nevada-las-vegas_vs_colorado state_20230114,2023-01-14,nevada-las-vegas,Colorado State,2023,-1.0,4.8650646,5.86506462097168,-5.5,-6.5,-0.6349353790283203,0,0,1
nevada-las-vegas_vs_wyoming_20230124,2023-01-24,nevada-las-vegas,Wyoming,2023,14.0,5.0367255,8.963274478912354,-5.0,9.0,0.036725521087646484,1,1,1
nevada-las-vegas_vs_nevada_20230128,2023-01-28,nevada-las-vegas,Nevada,2023,6.0,1.8369015,4.163098454475403,-1.5,4.5,0.33690154552459717,1,1,1
nevada-las-vegas_vs_fresno state_20230203,2023-02-03,nevada-las-vegas,Fresno State,2023,-3.0,9.712985,12.712985038757324,-9.0,-12.0,0.7129850387573242,1,0,0
nevada-las-vegas_vs_san jose state_20230214,2023-02-14,nevada-las-vegas,San Jose State,2023,-9.0,5.850751,14.850750923156738,-6.5,-15.5,-0.6492490768432617,0,0,1
nevada-las-vegas_vs_air force_20230224,2023-02-24,nevada-las-vegas,Air Force,2023,1.0,9.506492,8.506491661071777,-8.5,-7.5,1.0064916610717773,1,0,0
nevada-las-vegas_vs_utah state_20230301,2023-03-01,nevada-las-vegas,Utah State,2023,-25.0,-2.1309526,22.86904740333557,2.5,-22.5,0.3690474033355713,1,0,0
nevada-las-vegas_vs_air force_20230308,2023-03-08,nevada-las-vegas,Air Force,2023,8.0,4.996518,3.003481864929199,-5.5,2.5,-0.5034818649291992,0,1,0
nevada-las-vegas_vs_boise state_20230309,2023-03-09,nevada-las-vegas,Boise State,2023,-11.0,-3.6608016,7.339198350906372,5.0,-6.0,1.339198350906372,1,0,0
new-hampshire_vs_boston university_20221120,2022-11-20,new-hampshire,Boston University,2023,-7.0,-5.3046227,1.6953773498535156,5.5,-1.5,0.19537734985351562,1,0,0
new-hampshire_vs_sacred heart_20221130,2022-11-30,new-hampshire,Sacred Heart,2023,-5.0,1.0158603,6.015860319137573,-1.5,-6.5,-0.48413968086242676,0,0,1
new-hampshire_vs_holy cross_20221219,2022-12-19,new-hampshire,Holy Cross,2023,18.0,6.004131,11.995869159698486,-5.5,12.5,0.5041308403015137,1,1,1
new-hampshire_vs_vermont_20230108,2023-01-08,new-hampshire,Vermont,2023,7.0,-6.690925,13.690925121307373,9.0,16.0,2.309074878692627,1,1,1
new-hampshire_vs_bryant_20230114,2023-01-14,new-hampshire,Bryant,2023,-6.0,-3.9269753,2.0730247497558594,4.5,-1.5,0.5730247497558594,1,0,0
new-hampshire_vs_albany (ny)_20230125,2023-01-25,new-hampshire,Albany (NY),2023,19.0,6.338403,12.661596775054932,-6.5,12.5,-0.16159677505493164,0,1,0
new-hampshire_vs_umass lowell_20230128,2023-01-28,new-hampshire,UMass Lowell,2023,4.0,-3.7321827,7.732182741165161,4.5,8.5,0.7678172588348389,1,1,1
new-hampshire_vs_binghamton_20230208,2023-02-08,new-hampshire,Binghamton,2023,-2.0,5.2863083,7.286308288574219,-5.5,-7.5,-0.21369171142578125,0,0,1
new-hampshire_vs_umbc_20230218,2023-02-18,new-hampshire,UMBC,2023,9.0,-1.4998227,10.499822735786438,2.5,11.5,1.000177264213562,1,1,1
new-hampshire_vs_maine_20230222,2023-02-22,new-hampshire,Maine,2023,12.0,3.2699354,8.730064630508423,-3.0,9.0,0.26993536949157715,1,1,1
new-hampshire_vs_njit_20230228,2023-02-28,new-hampshire,NJIT,2023,1.0,6.114933,5.114933013916016,-7.0,-6.0,-0.8850669860839844,0,0,1
new-hampshire_vs_bryant_20230304,2023-03-04,new-hampshire,Bryant,2023,7.0,-2.6748748,9.674874782562256,3.5,10.5,0.8251252174377441,1,1,1
new-mexico_vs_jacksonville state_20221125,2022-11-25,new-mexico,Jacksonville State,2023,18.0,12.305275,5.694725036621094,-13.0,5.0,-0.6947250366210938,0,1,0
new-mexico_vs_north dakota state_20221126,2022-11-26,new-mexico,North Dakota State,2023,21.0,12.40377,8.596229553222656,-14.0,7.0,-1.5962295532226562,0,1,0
new-mexico_vs_northern colorado_20221127,2022-11-27,new-mexico,Northern Colorado,2023,24.0,12.810935,11.189064979553223,-13.5,10.5,-0.6890649795532227,0,1,0
new-mexico_vs_utsa_20221210,2022-12-10,new-mexico,UTSA,2023,18.0,19.977343,1.9773426055908203,-20.0,-2.0,-0.022657394409179688,0,0,1
new-mexico_vs_san francisco_20221212,2022-12-12,new-mexico,San Francisco,2023,3.0,3.6888914,0.6888914108276367,-4.0,-1.0,-0.3111085891723633,0,0,1
new-mexico_vs_iona_20221218,2022-12-18,new-mexico,Iona,2023,8.0,2.3541534,5.645846605300903,-3.0,5.0,-0.6458466053009033,0,1,0
new-mexico_vs_colorado state_20221228,2022-12-28,new-mexico,Colorado State,2023,19.0,6.431745,12.568254947662354,-6.0,13.0,0.4317450523376465,1,1,1
new-mexico_vs_unlv_20230107,2023-01-07,new-mexico,UNLV,2023,-7.0,4.3630595,11.363059520721436,-5.5,-12.5,-1.1369404792785645,0,0,1
new-mexico_vs_oral roberts_20230109,2023-01-09,new-mexico,Oral Roberts,2023,7.0,5.9785824,1.0214176177978516,-5.5,1.5,0.47858238220214844,1,1,1
new-mexico_vs_san jose state_20230117,2023-01-17,new-mexico,San Jose State,2023,20.0,9.163105,10.836894989013672,-9.5,10.5,-0.3368949890136719,0,1,0
new-mexico_vs_boise state_20230120,2023-01-20,new-mexico,Boise State,2023,2.0,2.4282775,0.42827749252319336,-2.5,-0.5,-0.07172250747680664,0,0,1
new-mexico_vs_air force_20230127,2023-01-27,new-mexico,Air Force,2023,8.0,13.080207,5.080206871032715,-13.0,-5.0,0.08020687103271484,1,0,0
new-mexico_vs_nevada_20230207,2023-02-07,new-mexico,Nevada,2023,-1.0,4.636145,5.636145114898682,-5.5,-6.5,-0.8638548851013184,0,0,1
new-mexico_vs_wyoming_20230214,2023-02-14,new-mexico,Wyoming,2023,-14.0,9.731539,23.731538772583008,-9.0,-23.0,0.7315387725830078,1,0,0
new-mexico_vs_san diego state_20230225,2023-02-25,new-mexico,San Diego State,2023,-2.0,-1.3594649,0.6405351161956787,2.5,0.5,1.1405351161956787,1,1,1
new-mexico_vs_fresno state_20230228,2023-02-28,new-mexico,Fresno State,2023,14.0,6.887559,7.112441062927246,-7.5,6.5,-0.6124410629272461,0,1,0
new-mexico_vs_wyoming_20230308,2023-03-08,new-mexico,Wyoming,2023,11.0,10.174848,0.8251523971557617,-8.5,2.5,1.6748476028442383,1,1,1
new-mexico_vs_utah state_20230309,2023-03-09,new-mexico,Utah State,2023,-15.0,-3.5056224,11.494377613067627,3.5,-11.5,-0.005622386932373047,0,0,1
new-mexico_vs_utah valley_20230315,2023-03-15,new-mexico,Utah Valley,2023,-14.0,5.265575,19.26557493209839,-5.5,-19.5,-0.23442506790161133,0,0,1
new-mexico-state_vs_utep_20221130,2022-11-30,new-mexico-state,UTEP,2023,25.0,1.9212742,23.078725814819336,-3.5,21.5,-1.578725814819336,0,1,0
new-mexico-state_vs_north carolina a&t_20221222,2022-12-22,new-mexico-state,North Carolina A&T,2023,9.0,10.888239,1.8882389068603516,-11.5,-2.5,-0.6117610931396484,0,0,1
new-mexico-state_vs_southern utah_20221228,2022-12-28,new-mexico-state,Southern Utah,2023,-4.0,5.9400167,9.940016746520996,-6.0,-10.0,-0.059983253479003906,0,0,1
new-mexico-state_vs_california baptist_20230107,2023-01-07,new-mexico-state,California Baptist,2023,-9.0,4.8845196,13.884519577026367,-4.5,-13.5,0.3845195770263672,1,0,0
new-mexico-state_vs_ut arlington_20230114,2023-01-14,new-mexico-state,UT Arlington,2023,-11.0,8.918434,19.918434143066406,-10.0,-21.0,-1.0815658569335938,0,0,1
new-mexico-state_vs_stephen f. austin_20230201,2023-02-01,new-mexico-state,Stephen F. Austin,2023,6.0,-1.9603844,7.960384368896484,2.0,8.0,0.039615631103515625,1,1,1
new-mexico-state_vs_seattle_20230204,2023-02-04,new-mexico-state,Seattle,2023,7.0,0.39870712,6.6012928783893585,-1.5,5.5,-1.1012928783893585,0,1,0
new-orleans_vs_the citadel_20221123,2022-11-23,new-orleans,The Citadel,2023,-7.0,-0.98611116,6.013888835906982,1.0,-6.0,0.013888835906982422,1,0,0
new-orleans_vs_iupui_20221124,2022-11-24,new-orleans,IUPUI,2023,3.0,10.951625,7.951624870300293,-10.0,-7.0,0.951624870300293,1,0,0
new-orleans_vs_denver_20221125,2022-11-25,new-orleans,Denver,2023,-1.0,-2.9454114,1.9454114437103271,4.0,3.0,1.0545885562896729,1,1,1
new-orleans_vs_louisiana_20221203,2022-12-03,new-orleans,Louisiana,2023,-1.0,-12.726878,11.72687816619873,12.5,11.5,-0.22687816619873047,0,1,0
new-orleans_vs_lamar_20230105,2023-01-05,new-orleans,Lamar,2023,26.0,6.737724,19.26227617263794,-7.0,19.0,-0.26227617263793945,0,1,0
new-orleans_vs_texas a&mâcommerce_20230119,2023-01-19,new-orleans,Texas A&MâCommerce,2023,-5.0,1.0101156,6.010115623474121,-2.5,-7.5,-1.489884376525879,0,0,1
new-orleans_vs_northwestern state_20230121,2023-01-21,new-orleans,Northwestern State,2023,-23.0,-4.211447,18.78855323791504,5.0,-18.0,0.7885532379150391,1,0,0
new-orleans_vs_southeastern louisiana_20230128,2023-01-28,new-orleans,Southeastern Louisiana,2023,-16.0,-2.2476377,13.752362251281738,3.0,-13.0,0.7523622512817383,1,0,0
new-orleans_vs_texas a&mâcorpus christi_20230202,2023-02-02,new-orleans,Texas A&MâCorpus Christi,2023,-17.0,-6.2014136,10.798586368560791,7.5,-9.5,1.298586368560791,1,0,0
new-orleans_vs_incarnate word_20230204,2023-02-04,new-orleans,Incarnate Word,2023,-8.0,2.2846367,10.284636735916138,-3.0,-11.0,-0.7153632640838623,0,0,1
new-orleans_vs_mcneese state_20230211,2023-02-11,new-orleans,McNeese State,2023,-1.0,-2.7279632,1.7279632091522217,3.5,2.5,0.7720367908477783,1,1,1
new-orleans_vs_southeastern louisiana_20230306,2023-03-06,new-orleans,Southeastern Louisiana,2023,4.0,-5.2115245,9.211524486541748,5.0,9.0,-0.21152448654174805,0,1,0
new-orleans_vs_northwestern state_20230307,2023-03-07,new-orleans,Northwestern State,2023,-4.0,-7.107707,3.1077070236206055,7.0,3.0,-0.10770702362060547,0,1,0
niagara_vs_stetson_20221119,2022-11-19,niagara,Stetson,2023,4.0,-3.4202545,7.420254468917847,4.5,8.5,1.0797455310821533,1,1,1
niagara_vs_eastern michigan_20221211,2022-12-11,niagara,Eastern Michigan,2023,7.0,3.8066926,3.193307399749756,-4.5,2.5,-0.6933073997497559,0,1,0
niagara_vs_binghamton_20221221,2022-12-21,niagara,Binghamton,2023,6.0,6.746129,0.746129035949707,-7.0,-1.0,-0.25387096405029297,0,0,1
niagara_vs_mount st. mary's_20221231,2022-12-31,niagara,Mount St. Mary's,2023,12.0,1.8430549,10.15694510936737,-2.5,9.5,-0.6569451093673706,0,1,0
niagara_vs_rider_20230102,2023-01-02,niagara,Rider,2023,2.0,-0.5871665,2.587166488170624,1.5,3.5,0.9128335118293762,1,1,1
niagara_vs_siena_20230113,2023-01-13,niagara,Siena,2023,-6.0,-1.4657522,4.5342477560043335,2.0,-4.0,0.5342477560043335,1,0,0
niagara_vs_marist_20230115,2023-01-15,niagara,Marist,2023,-2.0,5.214747,7.214746952056885,-4.5,-6.5,0.7147469520568848,1,0,0
niagara_vs_manhattan_20230127,2023-01-27,niagara,Manhattan,2023,6.0,6.6204596,0.6204595565795898,-5.5,0.5,1.1204595565795898,1,1,1
niagara_vs_canisius_20230203,2023-02-03,niagara,Canisius,2023,3.0,4.0620174,1.0620174407958984,-4.0,-1.0,0.06201744079589844,1,0,0
niagara_vs_quinnipiac_20230210,2023-02-10,niagara,Quinnipiac,2023,6.0,-1.8919955,7.891995549201965,2.0,8.0,0.10800445079803467,1,1,1
niagara_vs_iona_20230212,2023-02-12,niagara,Iona,2023,-17.0,-5.885689,11.114311218261719,7.5,-9.5,1.6143112182617188,1,0,0
niagara_vs_fairfield_20230224,2023-02-24,niagara,Fairfield,2023,8.0,1.4563979,6.543602108955383,-1.5,6.5,-0.0436021089553833,0,1,0
niagara_vs_saint peter's_20230226,2023-02-26,niagara,Saint Peter's,2023,-1.0,5.9738193,6.973819255828857,-5.0,-6.0,0.9738192558288574,1,0,0
niagara_vs_siena_20230309,2023-03-09,niagara,Siena,2023,6.0,-3.419885,9.41988492012024,4.0,10.0,0.5801150798797607,1,1,1
njit_vs_american_20221119,2022-11-19,njit,American,2023,-5.0,2.4603882,7.46038818359375,-3.5,-8.5,-1.03961181640625,0,0,1
njit_vs_wagner_20221127,2022-11-27,njit,Wagner,2023,-5.0,-2.0430617,2.9569382667541504,1.5,-3.5,-0.5430617332458496,0,0,1
njit_vs_bucknell_20221203,2022-12-03,njit,Bucknell,2023,-16.0,-3.4335985,12.566401481628418,6.0,-10.0,2.566401481628418,1,0,0
njit_vs_niagara_20221218,2022-12-18,njit,Niagara,2023,9.0,-2.2614164,11.2614164352417,3.5,12.5,1.2385835647583008,1,1,1
njit_vs_umass lowell_20221231,2022-12-31,njit,UMass Lowell,2023,-3.0,-9.53607,6.536069869995117,9.5,6.5,-0.03606986999511719,0,1,0
njit_vs_binghamton_20230111,2023-01-11,njit,Binghamton,2023,-1.0,1.0787888,2.0787887573242188,-2.0,-3.0,-0.9212112426757812,0,0,1
njit_vs_albany (ny)_20230114,2023-01-14,njit,Albany (NY),2023,7.0,1.0988178,5.901182174682617,-3.0,4.0,-1.9011821746826172,0,1,0
njit_vs_umbc_20230125,2023-01-25,njit,UMBC,2023,4.0,-3.9387555,7.938755512237549,5.5,9.5,1.5612444877624512,1,1,1
njit_vs_new hampshire_20230201,2023-02-01,njit,New Hampshire,2023,-7.0,-2.587025,4.412975072860718,3.0,-4.0,0.4129750728607178,1,0,0
njit_vs_vermont_20230218,2023-02-18,njit,Vermont,2023,-2.0,-11.1298,9.129799842834473,13.0,11.0,1.8702001571655273,1,1,1
njit_vs_bryant_20230222,2023-02-22,njit,Bryant,2023,-1.0,-4.8113775,3.81137752532959,6.5,5.5,1.6886224746704102,1,1,1
norfolk-state_vs_bowling green_20221214,2022-12-14,norfolk-state,Bowling Green,2023,6.0,4.6684647,1.3315353393554688,-5.0,1.0,-0.33153533935546875,0,1,0
norfolk-state_vs_north carolina a&t_20221218,2022-12-18,norfolk-state,North Carolina A&T,2023,4.0,4.6138625,0.6138625144958496,-5.5,-1.5,-0.8861374855041504,0,0,1
norfolk-state_vs_maryland eastern shore_20230107,2023-01-07,norfolk-state,Maryland Eastern Shore,2023,11.0,8.972195,2.0278053283691406,-8.5,2.5,0.4721946716308594,1,1,1
norfolk-state_vs_howard_20230114,2023-01-14,norfolk-state,Howard,2023,-2.0,8.615894,10.615894317626953,-9.0,-11.0,-0.3841056823730469,0,0,1
norfolk-state_vs_south carolina state_20230128,2023-01-28,norfolk-state,South Carolina State,2023,14.0,14.098432,0.09843158721923828,-15.0,-1.0,-0.9015684127807617,0,0,1
norfolk-state_vs_north carolina central_20230130,2023-01-30,norfolk-state,North Carolina Central,2023,6.0,4.628248,1.3717517852783203,-4.5,1.5,0.1282482147216797,1,1,1
norfolk-state_vs_delaware state_20230213,2023-02-13,norfolk-state,Delaware State,2023,39.0,12.852062,26.147937774658203,-13.5,25.5,-0.6479377746582031,0,1,0
norfolk-state_vs_morgan state_20230218,2023-02-18,norfolk-state,Morgan State,2023,22.0,12.4894705,9.510529518127441,-13.0,9.0,-0.5105295181274414,0,1,0
norfolk-state_vs_coppin state_20230220,2023-02-20,norfolk-state,Coppin State,2023,-7.0,14.80754,21.80753993988037,-16.0,-23.0,-1.192460060119629,0,0,1
norfolk-state_vs_north carolina central_20230310,2023-03-10,norfolk-state,North Carolina Central,2023,7.0,0.4554193,6.544580698013306,-1.0,6.0,-0.5445806980133057,0,1,0
north-alabama_vs_alabama state_20221207,2022-12-07,north-alabama,Alabama State,2023,8.0,6.9349213,1.0650787353515625,-6.5,1.5,0.4349212646484375,1,1,1
north-alabama_vs_bellarmine_20230102,2023-01-02,north-alabama,Bellarmine,2023,-4.0,-2.8718963,1.1281037330627441,2.5,-1.5,-0.37189626693725586,0,0,1
north-alabama_vs_stetson_20230107,2023-01-07,north-alabama,Stetson,2023,-10.0,-2.6118433,7.3881566524505615,3.0,-7.0,0.3881566524505615,1,0,0
north-alabama_vs_central arkansas_20230121,2023-01-21,north-alabama,Central Arkansas,2023,16.0,4.616585,11.383415222167969,-5.5,10.5,-0.8834152221679688,0,1,0
north-alabama_vs_jacksonville_20230126,2023-01-26,north-alabama,Jacksonville,2023,18.0,-1.928864,19.928864002227783,3.0,21.0,1.0711359977722168,1,1,1
north-alabama_vs_north florida_20230128,2023-01-28,north-alabama,North Florida,2023,13.0,0.14129753,12.858702465891838,-1.0,12.0,-0.8587024658918381,0,1,0
north-alabama_vs_austin peay_20230209,2023-02-09,north-alabama,Austin Peay,2023,13.0,5.2139926,7.786007404327393,-5.0,8.0,0.21399259567260742,1,1,1
north-alabama_vs_lipscomb_20230211,2023-02-11,north-alabama,Lipscomb,2023,10.0,-3.0043354,13.004335403442383,3.5,13.5,0.4956645965576172,1,1,1
north-alabama_vs_kennesaw state_20230222,2023-02-22,north-alabama,Kennesaw State,2023,-13.0,-2.45455,10.54544997215271,3.0,-10.0,0.54544997215271,1,0,0
north-alabama_vs_jacksonville state_20230224,2023-02-24,north-alabama,Jacksonville State,2023,-9.0,0.4545026,9.454502612352371,-1.0,-10.0,-0.5454973876476288,0,0,1
north-alabama_vs_southern utah_20230318,2023-03-18,north-alabama,Southern Utah,2023,-22.0,-7.779923,14.22007703781128,9.5,-12.5,1.7200770378112793,1,0,0
north-carolina_vs_college of charleston_20221111,2022-11-11,north-carolina,College of Charleston,2023,16.0,16.06273,0.06273078918457031,-19.0,-3.0,-2.9372692108154297,0,0,1
north-carolina_vs_gardner-webb_20221115,2022-11-15,north-carolina,Gardner-Webb,2023,6.0,20.830008,14.830007553100586,-22.5,-16.5,-1.669992446899414,0,0,1
north-carolina_vs_james madison_20221120,2022-11-20,north-carolina,James Madison,2023,16.0,14.747305,1.252695083618164,-12.5,3.5,2.247304916381836,1,1,1
north-carolina_vs_portland_20221124,2022-11-24,north-carolina,Portland,2023,8.0,12.224526,4.224526405334473,-14.5,-6.5,-2.2754735946655273,0,0,1
north-carolina_vs_georgia tech_20221210,2022-12-10,north-carolina,Georgia Tech,2023,16.0,12.393973,3.6060266494750977,-13.5,2.5,-1.1060266494750977,0,1,0
north-carolina_vs_the citadel_20221213,2022-12-13,north-carolina,The Citadel,2023,33.0,25.204044,7.795955657958984,-26.5,6.5,-1.2959556579589844,0,1,0
north-carolina_vs_ohio state_20221217,2022-12-17,north-carolina,Ohio State,2023,5.0,2.1240802,2.875919818878174,-3.0,2.0,-0.8759198188781738,0,1,0
north-carolina_vs_wake forest_20230104,2023-01-04,north-carolina,Wake Forest,2023,9.0,9.652909,0.6529092788696289,-10.5,-1.5,-0.8470907211303711,0,0,1
north-carolina_vs_notre dame_20230107,2023-01-07,north-carolina,Notre Dame,2023,17.0,11.476231,5.523769378662109,-12.0,5.0,-0.5237693786621094,0,1,0
north-carolina_vs_boston college_20230117,2023-01-17,north-carolina,Boston College,2023,8.0,13.211786,5.211786270141602,-14.0,-6.0,-0.7882137298583984,0,0,1
north-carolina_vs_nc state_20230121,2023-01-21,north-carolina,NC State,2023,11.0,6.5946965,4.405303478240967,-6.5,4.5,0.0946965217590332,1,1,1
north-carolina_vs_pittsburgh_20230201,2023-02-01,north-carolina,Pittsburgh,2023,-1.0,9.184742,10.184741973876953,-8.5,-9.5,0.6847419738769531,1,0,0
north-carolina_vs_clemson_20230211,2023-02-11,north-carolina,Clemson,2023,20.0,7.055743,12.944256782531738,-7.0,13.0,0.05574321746826172,1,1,1
north-carolina_vs_miami (fl)_20230213,2023-02-13,north-carolina,Miami (FL),2023,-8.0,6.2027717,14.202771663665771,-6.0,-14.0,0.20277166366577148,1,0,0
north-carolina_vs_virginia_20230225,2023-02-25,north-carolina,Virginia,2023,8.0,4.213599,3.78640079498291,-4.5,3.5,-0.28640079498291016,0,1,0
north-carolina_vs_duke_20230304,2023-03-04,north-carolina,Duke,2023,-5.0,4.1991744,9.199174404144287,-4.0,-9.0,0.1991744041442871,1,0,0
north-carolina_vs_virginia_20230309,2023-03-09,north-carolina,Virginia,2023,-9.0,-0.5975316,8.402468383312225,2.0,-7.0,1.4024683833122253,1,0,0
north-carolina-asheville_vs_texas a&mâcommerce_20221118,2022-11-18,north-carolina-asheville,Texas A&MâCommerce,2023,8.0,7.12837,0.8716301918029785,-8.5,-0.5,-1.3716301918029785,0,0,1
north-carolina-asheville_vs_western carolina_20221126,2022-11-26,north-carolina-asheville,Western Carolina,2023,12.0,7.910294,4.089705944061279,-8.0,4.0,-0.0897059440612793,0,1,0
north-carolina-asheville_vs_ut martin_20221203,2022-12-03,north-carolina-asheville,UT Martin,2023,7.0,6.1999497,0.8000502586364746,-6.5,0.5,-0.3000502586364746,0,1,0
north-carolina-asheville_vs_radford_20221229,2022-12-29,north-carolina-asheville,Radford,2023,4.0,1.1030831,2.8969168663024902,-1.5,2.5,-0.39691686630249023,0,1,0
north-carolina-asheville_vs_campbell_20230107,2023-01-07,north-carolina-asheville,Campbell,2023,3.0,4.8366704,1.8366703987121582,-5.0,-2.0,-0.1633296012878418,0,0,1
north-carolina-asheville_vs_longwood_20230112,2023-01-12,north-carolina-asheville,Longwood,2023,8.0,-2.800336,10.800335884094238,3.0,11.0,0.19966411590576172,1,1,1
north-carolina-asheville_vs_usc upstate_20230121,2023-01-21,north-carolina-asheville,USC Upstate,2023,6.0,5.379995,0.6200051307678223,-7.0,-1.0,-1.6200051307678223,0,0,1
north-carolina-asheville_vs_presbyterian_20230125,2023-01-25,north-carolina-asheville,Presbyterian,2023,8.0,7.9452252,0.05477476119995117,-8.5,-0.5,-0.5547747611999512,0,0,1
north-carolina-asheville_vs_high point_20230202,2023-02-02,north-carolina-asheville,High Point,2023,26.0,8.792199,17.20780086517334,-9.5,16.5,-0.7078008651733398,0,1,0
north-carolina-asheville_vs_winthrop_20230208,2023-02-08,north-carolina-asheville,Winthrop,2023,7.0,4.7010093,2.2989907264709473,-4.5,2.5,0.20100927352905273,1,1,1
north-carolina-asheville_vs_gardner-webb_20230218,2023-02-18,north-carolina-asheville,Gardner-Webb,2023,12.0,1.2579116,10.742088437080383,-1.0,11.0,0.2579115629196167,1,1,1
north-carolina-asheville_vs_charleston southern_20230222,2023-02-22,north-carolina-asheville,Charleston Southern,2023,18.0,9.5370655,8.462934494018555,-9.5,8.5,0.03706550598144531,1,1,1
north-carolina-asheville_vs_usc upstate_20230304,2023-03-04,north-carolina-asheville,USC Upstate,2023,4.0,5.304048,1.3040480613708496,-7.0,-3.0,-1.6959519386291504,0,0,1
north-carolina-asheville_vs_ucla_20230316,2023-03-16,north-carolina-asheville,UCLA,2023,-33.0,-19.07721,13.92279052734375,17.5,-15.5,-1.57720947265625,0,0,1
north-carolina-at_vs_unc greensboro_20221130,2022-11-30,north-carolina-at,UNC Greensboro,2023,17.0,-4.0957212,21.09572124481201,5.0,22.0,0.9042787551879883,1,1,1
north-carolina-at_vs_texas southern_20221217,2022-12-17,north-carolina-at,Texas Southern,2023,1.0,-1.12813,2.1281299591064453,3.0,4.0,1.8718700408935547,1,1,1
north-carolina-at_vs_college of charleston_20230104,2023-01-04,north-carolina-at,College of Charleston,2023,-13.0,-13.533876,0.5338764190673828,11.5,-1.5,-2.033876419067383,0,0,1
north-carolina-at_vs_unc wilmington_20230107,2023-01-07,north-carolina-at,UNC Wilmington,2023,-5.0,-5.036416,0.036416053771972656,6.0,1.0,0.9635839462280273,1,1,1
north-carolina-at_vs_stony brook_20230114,2023-01-14,north-carolina-at,Stony Brook,2023,2.0,5.835625,3.835625171661377,-6.0,-4.0,-0.16437482833862305,0,0,1
north-carolina-at_vs_towson_20230119,2023-01-19,north-carolina-at,Towson,2023,-12.0,-4.6444163,7.355583667755127,6.5,-5.5,1.855583667755127,1,0,0
north-carolina-at_vs_drexel_20230126,2023-01-26,north-carolina-at,Drexel,2023,13.0,-1.8968507,14.89685070514679,2.5,15.5,0.6031492948532104,1,1,1
north-carolina-at_vs_monmouth_20230128,2023-01-28,north-carolina-at,Monmouth,2023,-15.0,10.547558,25.547557830810547,-11.0,-26.0,-0.4524421691894531,0,0,1
north-carolina-at_vs_elon_20230208,2023-02-08,north-carolina-at,Elon,2023,5.0,4.1121593,0.887840747833252,-5.5,-0.5,-1.387840747833252,0,0,1
north-carolina-at_vs_delaware_20230223,2023-02-23,north-carolina-at,Delaware,2023,-2.0,-1.8261435,0.17385649681091309,2.5,0.5,0.6738564968109131,1,1,1
north-carolina-at_vs_hampton_20230225,2023-02-25,north-carolina-at,Hampton,2023,1.0,6.186693,5.18669319152832,-7.0,-6.0,-0.8133068084716797,0,0,1
north-carolina-at_vs_stony brook_20230304,2023-03-04,north-carolina-at,Stony Brook,2023,-15.0,2.55985,17.559849977493286,-2.0,-17.0,0.5598499774932861,1,0,0
north-carolina-central_vs_gardner-webb_20221126,2022-11-26,north-carolina-central,Gardner-Webb,2023,5.0,-0.8111498,5.811149775981903,2.5,7.5,1.688850224018097,1,1,1
north-carolina-central_vs_unc asheville_20221129,2022-11-29,north-carolina-central,UNC Asheville,2023,13.0,-1.1730988,14.173098802566528,1.0,14.0,-0.17309880256652832,0,1,0
north-carolina-central_vs_the citadel_20221220,2022-12-20,north-carolina-central,The Citadel,2023,7.0,6.200577,0.7994232177734375,-7.0,0.0,-0.7994232177734375,0,0,1
north-carolina-central_vs_south carolina state_20230114,2023-01-14,north-carolina-central,South Carolina State,2023,4.0,14.125119,10.12511920928955,-13.0,-9.0,1.1251192092895508,1,0,0
north-carolina-central_vs_delaware state_20230121,2023-01-21,north-carolina-central,Delaware State,2023,19.0,15.717794,3.282205581665039,-15.5,3.5,0.21779441833496094,1,1,1
north-carolina-central_vs_maryland eastern shore_20230123,2023-01-23,north-carolina-central,Maryland Eastern Shore,2023,-1.0,5.8900113,6.890011310577393,-7.5,-8.5,-1.6099886894226074,0,0,1
north-carolina-central_vs_morgan state_20230211,2023-02-11,north-carolina-central,Morgan State,2023,20.0,8.585154,11.414846420288086,-9.0,11.0,-0.41484642028808594,0,1,0
north-carolina-central_vs_coppin state_20230213,2023-02-13,north-carolina-central,Coppin State,2023,33.0,12.662674,20.337326049804688,-12.5,20.5,0.1626739501953125,1,1,1
north-carolina-central_vs_howard_20230225,2023-02-25,north-carolina-central,Howard,2023,8.0,4.690358,3.3096418380737305,-5.0,3.0,-0.30964183807373047,0,1,0
north-carolina-central_vs_norfolk state_20230227,2023-02-27,north-carolina-central,Norfolk State,2023,1.0,1.8710726,0.8710726499557495,-2.5,-1.5,-0.6289273500442505,0,0,1
north-carolina-greensboro_vs_towson_20221117,2022-11-17,north-carolina-greensboro,Towson,2023,-3.0,0.5329354,3.532935380935669,1.5,-1.5,2.032935380935669,1,0,0
north-carolina-greensboro_vs_umbc_20221122,2022-11-22,north-carolina-greensboro,UMBC,2023,4.0,14.267032,10.2670316696167,-13.5,-9.5,0.7670316696166992,1,0,0
north-carolina-greensboro_vs_stephen f. austin_20221127,2022-11-27,north-carolina-greensboro,Stephen F. Austin,2023,-17.0,2.8687537,19.868753671646118,-2.0,-19.0,0.8687536716461182,1,0,0
north-carolina-greensboro_vs_marshall_20221213,2022-12-13,north-carolina-greensboro,Marshall,2023,8.0,-2.0499277,10.049927711486816,2.5,10.5,0.4500722885131836,1,1,1
north-carolina-greensboro_vs_chattanooga_20230104,2023-01-04,north-carolina-greensboro,Chattanooga,2023,12.0,1.0108596,10.989140391349792,-1.5,10.5,-0.4891403913497925,0,1,0
north-carolina-greensboro_vs_samford_20230107,2023-01-07,north-carolina-greensboro,Samford,2023,-2.0,4.1261463,6.12614631652832,-4.5,-6.5,-0.3738536834716797,0,0,1
north-carolina-greensboro_vs_the citadel_20230119,2023-01-19,north-carolina-greensboro,The Citadel,2023,10.0,14.232901,4.232900619506836,-13.5,-3.5,0.7329006195068359,1,0,0
north-carolina-greensboro_vs_mercer_20230121,2023-01-21,north-carolina-greensboro,Mercer,2023,11.0,7.4228215,3.577178478240967,-7.5,3.5,-0.0771784782409668,0,1,0
north-carolina-greensboro_vs_vmi_20230125,2023-01-25,north-carolina-greensboro,VMI,2023,12.0,15.07288,3.0728797912597656,-16.0,-4.0,-0.9271202087402344,0,0,1
north-carolina-greensboro_vs_furman_20230129,2023-01-29,north-carolina-greensboro,Furman,2023,-12.0,-0.30583268,11.69416731595993,1.0,-11.0,0.6941673159599304,1,0,0
north-carolina-greensboro_vs_east tennessee state_20230207,2023-02-07,north-carolina-greensboro,East Tennessee State,2023,26.0,9.577392,16.422608375549316,-10.0,16.0,-0.4226083755493164,0,1,0
north-carolina-greensboro_vs_wofford_20230212,2023-02-12,north-carolina-greensboro,Wofford,2023,8.0,10.1823225,2.1823225021362305,-9.5,-1.5,0.6823225021362305,1,0,0
north-carolina-greensboro_vs_western carolina_20230222,2023-02-22,north-carolina-greensboro,Western Carolina,2023,19.0,11.378975,7.621025085449219,-11.0,8.0,0.37897491455078125,1,1,1
north-carolina-greensboro_vs_wofford_20230304,2023-03-04,north-carolina-greensboro,Wofford,2023,-1.0,7.346527,8.346527099609375,-7.5,-8.5,-0.153472900390625,0,0,1
north-carolina-state_vs_elon_20221119,2022-11-19,north-carolina-state,Elon,2023,11.0,28.582687,17.582687377929688,-25.5,-14.5,3.0826873779296875,1,0,0
north-carolina-state_vs_william & mary_20221129,2022-11-29,north-carolina-state,William & Mary,2023,21.0,20.64022,0.35977935791015625,-21.0,0.0,-0.35977935791015625,0,0,1
north-carolina-state_vs_pittsburgh_20221202,2022-12-02,north-carolina-state,Pittsburgh,2023,-8.0,8.771269,16.771268844604492,-10.0,-18.0,-1.2287311553955078,0,0,1
north-carolina-state_vs_coppin state_20221206,2022-12-06,north-carolina-state,Coppin State,2023,22.0,19.614008,2.3859920501708984,-22.0,0.0,-2.3859920501708984,0,0,1
north-carolina-state_vs_furman_20221213,2022-12-13,north-carolina-state,Furman,2023,19.0,7.8068147,11.193185329437256,-6.5,12.5,1.3068146705627441,1,1,1
north-carolina-state_vs_vanderbilt_20221217,2022-12-17,north-carolina-state,Vanderbilt,2023,4.0,5.1693535,1.1693534851074219,-5.5,-1.5,-0.3306465148925781,0,0,1
north-carolina-state_vs_louisville_20221222,2022-12-22,north-carolina-state,Louisville,2023,12.0,20.426508,8.426507949829102,-18.0,-6.0,2.4265079498291016,1,0,0
north-carolina-state_vs_duke_20230104,2023-01-04,north-carolina-state,Duke,2023,24.0,-3.7885613,27.78856134414673,4.5,28.5,0.7114386558532715,1,1,1
north-carolina-state_vs_miami (fl)_20230114,2023-01-14,north-carolina-state,Miami (FL),2023,2.0,2.6410685,0.6410684585571289,-3.0,-1.0,-0.3589315414428711,0,0,1
north-carolina-state_vs_notre dame_20230124,2023-01-24,north-carolina-state,Notre Dame,2023,3.0,10.408887,7.408886909484863,-9.5,-6.5,0.9088869094848633,1,0,0
north-carolina-state_vs_florida state_20230201,2023-02-01,north-carolina-state,Florida State,2023,28.0,9.66113,18.33887004852295,-10.0,18.0,-0.3388700485229492,0,1,0
north-carolina-state_vs_georgia tech_20230204,2023-02-04,north-carolina-state,Georgia Tech,2023,8.0,13.879139,5.879138946533203,-14.5,-6.5,-0.6208610534667969,0,0,1
north-carolina-state_vs_north carolina_20230219,2023-02-19,north-carolina-state,North Carolina,2023,8.0,3.8992634,4.100736618041992,-2.0,6.0,1.8992633819580078,1,1,1
north-carolina-state_vs_wake forest_20230222,2023-02-22,north-carolina-state,Wake Forest,2023,16.0,4.8103247,11.189675331115723,-5.5,10.5,-0.6896753311157227,0,1,0
north-carolina-state_vs_clemson_20230225,2023-02-25,north-carolina-state,Clemson,2023,-25.0,5.034006,30.034006118774414,-6.0,-31.0,-0.9659938812255859,0,0,1
north-carolina-state_vs_virginia tech_20230308,2023-03-08,north-carolina-state,Virginia Tech,2023,20.0,2.6533196,17.346680402755737,-2.5,17.5,0.1533195972442627,1,1,1
north-carolina-wilmington_vs_north texas_20221127,2022-11-27,north-carolina-wilmington,North Texas,2023,4.0,-7.3432984,11.343298435211182,9.0,13.0,1.6567015647888184,1,1,1
north-carolina-wilmington_vs_east carolina_20221206,2022-12-06,north-carolina-wilmington,East Carolina,2023,13.0,4.17508,8.824920177459717,-5.0,8.0,-0.8249201774597168,0,1,0
north-carolina-wilmington_vs_jacksonville_20221210,2022-12-10,north-carolina-wilmington,Jacksonville,2023,28.0,0.87219924,27.12780076265335,-2.0,26.0,-1.1278007626533508,0,1,0
north-carolina-wilmington_vs_high point_20221218,2022-12-18,north-carolina-wilmington,High Point,2023,3.0,7.330975,4.33097505569458,-6.5,-3.5,0.8309750556945801,1,0,0
north-carolina-wilmington_vs_hampton_20221231,2022-12-31,north-carolina-wilmington,Hampton,2023,17.0,15.330538,1.6694622039794922,-15.5,1.5,-0.1694622039794922,0,1,0
north-carolina-wilmington_vs_college of charleston_20230111,2023-01-11,north-carolina-wilmington,College of Charleston,2023,-2.0,-1.8601432,0.13985681533813477,2.0,0.0,0.13985681533813477,1,0,0
north-carolina-wilmington_vs_william & mary_20230114,2023-01-14,north-carolina-wilmington,William & Mary,2023,-2.0,11.274054,13.274053573608398,-12.0,-14.0,-0.7259464263916016,0,0,1
north-carolina-wilmington_vs_elon_20230116,2023-01-16,north-carolina-wilmington,Elon,2023,8.0,14.668768,6.668767929077148,-14.5,-6.5,0.16876792907714844,1,0,0
north-carolina-wilmington_vs_monmouth_20230126,2023-01-26,north-carolina-wilmington,Monmouth,2023,3.0,15.434814,12.434814453125,-15.5,-12.5,-0.065185546875,0,0,1
north-carolina-wilmington_vs_north carolina a&t_20230202,2023-02-02,north-carolina-wilmington,North Carolina A&T,2023,24.0,6.54699,17.453010082244873,-7.5,16.5,-0.953010082244873,0,1,0
north-carolina-wilmington_vs_northeastern_20230211,2023-02-11,north-carolina-wilmington,Northeastern,2023,12.0,6.583688,5.416312217712402,-7.5,4.5,-0.9163122177124023,0,1,0
north-carolina-wilmington_vs_stony brook_20230223,2023-02-23,north-carolina-wilmington,Stony Brook,2023,7.0,8.425052,1.4250516891479492,-10.0,-3.0,-1.5749483108520508,0,0,1
north-carolina-wilmington_vs_towson_20230225,2023-02-25,north-carolina-wilmington,Towson,2023,-4.0,-1.9939429,2.0060571432113647,2.0,-2.0,0.006057143211364746,1,0,0
north-dakota_vs_pacific_20221115,2022-11-15,north-dakota,Pacific,2023,-30.0,-4.4796987,25.520301342010498,6.0,-24.0,1.520301342010498,1,0,0
north-dakota_vs_montana state_20221120,2022-11-20,north-dakota,Montana State,2023,-10.0,-8.136387,1.8636131286621094,9.5,-0.5,1.3636131286621094,1,0,0
north-dakota_vs_utah tech_20221125,2022-11-25,north-dakota,Utah Tech,2023,15.0,-2.2027125,17.202712535858154,3.0,18.0,0.7972874641418457,1,1,1
north-dakota_vs_cal state fullerton_20221127,2022-11-27,north-dakota,Cal State Fullerton,2023,16.0,-4.0534534,20.05345344543457,5.5,21.5,1.4465465545654297,1,1,1
north-dakota_vs_seattle_20221210,2022-12-10,north-dakota,Seattle,2023,-2.0,-5.232889,3.232889175415039,6.5,4.5,1.267110824584961,1,1,1
north-dakota_vs_north dakota state_20221230,2022-12-30,north-dakota,North Dakota State,2023,-22.0,-1.5300967,20.469903349876404,1.5,-20.5,-0.03009665012359619,0,0,1
north-dakota_vs_south dakota_20230105,2023-01-05,north-dakota,South Dakota,2023,-2.0,-3.0042634,1.0042634010314941,3.0,1.0,-0.004263401031494141,0,1,0
north-dakota_vs_south dakota state_20230107,2023-01-07,north-dakota,South Dakota State,2023,-1.0,-3.9186022,2.918602228164673,5.5,4.5,1.5813977718353271,1,1,1
north-dakota_vs_kansas city_20230119,2023-01-19,north-dakota,Kansas City,2023,17.0,-1.9562888,18.956288814544678,2.0,19.0,0.043711185455322266,1,1,1
north-dakota_vs_oral roberts_20230121,2023-01-21,north-dakota,Oral Roberts,2023,-12.0,-13.373389,1.3733892440795898,13.5,1.5,0.12661075592041016,1,1,1
north-dakota_vs_denver_20230209,2023-02-09,north-dakota,Denver,2023,23.0,3.447296,19.552704095840454,-3.5,19.5,-0.0527040958404541,0,1,0
north-dakota_vs_omaha_20230211,2023-02-11,north-dakota,Omaha,2023,3.0,6.4211073,3.421107292175293,-7.0,-4.0,-0.578892707824707,0,0,1
north-dakota_vs_western illinois_20230223,2023-02-23,north-dakota,Western Illinois,2023,-11.0,2.6930983,13.693098306655884,-3.5,-14.5,-0.8069016933441162,0,0,1
north-dakota_vs_st. thomas_20230225,2023-02-25,north-dakota,St. Thomas,2023,8.0,-3.270735,11.270735025405884,2.5,10.5,-0.7707350254058838,0,1,0
north-dakota_vs_oral roberts_20230304,2023-03-04,north-dakota,Oral Roberts,2023,-16.0,-13.942713,2.0572872161865234,16.5,0.5,2.5572872161865234,1,1,1
north-dakota-state_vs_pacific_20221113,2022-11-13,north-dakota-state,Pacific,2023,-5.0,4.1019015,9.101901531219482,-5.5,-10.5,-1.3980984687805176,0,0,1
north-dakota-state_vs_northern colorado_20221125,2022-11-25,north-dakota-state,Northern Colorado,2023,-10.0,2.0365045,12.03650450706482,-1.0,-11.0,1.0365045070648193,1,0,0
north-dakota-state_vs_montana_20221210,2022-12-10,north-dakota-state,Montana,2023,-7.0,-2.3492794,4.650720596313477,2.5,-4.5,0.15072059631347656,1,0,0
north-dakota-state_vs_south dakota state_20230105,2023-01-05,north-dakota-state,South Dakota State,2023,6.0,-2.6734817,8.673481702804565,2.0,8.0,-0.6734817028045654,0,1,0
north-dakota-state_vs_south dakota_20230107,2023-01-07,north-dakota-state,South Dakota,2023,12.0,3.9411948,8.058805227279663,-4.0,8.0,-0.058805227279663086,0,1,0
north-dakota-state_vs_oral roberts_20230119,2023-01-19,north-dakota-state,Oral Roberts,2023,-23.0,-6.803058,16.19694185256958,7.0,-16.0,0.19694185256958008,1,0,0
north-dakota-state_vs_kansas city_20230121,2023-01-21,north-dakota-state,Kansas City,2023,-2.0,4.929784,6.929783821105957,-6.0,-8.0,-1.070216178894043,0,0,1
north-dakota-state_vs_north dakota_20230127,2023-01-27,north-dakota-state,North Dakota,2023,16.0,7.897132,8.10286808013916,-8.0,8.0,-0.10286808013916016,0,1,0
north-dakota-state_vs_omaha_20230209,2023-02-09,north-dakota-state,Omaha,2023,26.0,8.982103,17.01789665222168,-9.0,17.0,-0.017896652221679688,0,1,0
north-dakota-state_vs_denver_20230211,2023-02-11,north-dakota-state,Denver,2023,8.0,9.194306,1.1943063735961914,-9.0,-1.0,0.1943063735961914,1,0,0
north-dakota-state_vs_st. thomas_20230223,2023-02-23,north-dakota-state,St. Thomas,2023,9.0,1.3891596,7.610840439796448,-4.0,5.0,-2.6108404397964478,0,1,0
north-dakota-state_vs_western illinois_20230225,2023-02-25,north-dakota-state,Western Illinois,2023,2.0,7.445048,5.445047855377197,-8.5,-6.5,-1.0549521446228027,0,0,1
north-dakota-state_vs_south dakota_20230305,2023-03-05,north-dakota-state,South Dakota,2023,2.0,5.294273,3.2942728996276855,-5.5,-3.5,-0.20572710037231445,0,0,1
north-dakota-state_vs_south dakota state_20230306,2023-03-06,north-dakota-state,South Dakota State,2023,10.0,-4.14471,14.144710063934326,4.5,14.5,0.35528993606567383,1,1,1
north-dakota-state_vs_oral roberts_20230307,2023-03-07,north-dakota-state,Oral Roberts,2023,-34.0,-9.188751,24.811248779296875,11.0,-23.0,1.811248779296875,1,0,0
northeastern_vs_princeton_20221126,2022-11-26,northeastern,Princeton,2023,-2.0,-8.36343,6.363430023193359,8.5,6.5,0.13656997680664062,1,1,1
northeastern_vs_georgia state_20221204,2022-12-04,northeastern,Georgia State,2023,20.0,-2.3900506,22.390050649642944,3.5,23.5,1.1099493503570557,1,1,1
northeastern_vs_holy cross_20221210,2022-12-10,northeastern,Holy Cross,2023,1.0,9.256986,8.256985664367676,-10.0,-9.0,-0.7430143356323242,0,0,1
northeastern_vs_north carolina a&t_20221229,2022-12-29,northeastern,North Carolina A&T,2023,12.0,5.2781553,6.721844673156738,-6.0,6.0,-0.7218446731567383,0,1,0
northeastern_vs_stony brook_20221231,2022-12-31,northeastern,Stony Brook,2023,-4.0,9.209695,13.209694862365723,-9.0,-13.0,0.20969486236572266,1,0,0
northeastern_vs_drexel_20230114,2023-01-14,northeastern,Drexel,2023,-21.0,1.2192942,22.2192941904068,-3.5,-24.5,-2.2807058095932007,0,0,1
northeastern_vs_delaware_20230116,2023-01-16,northeastern,Delaware,2023,1.0,0.38348255,0.6165174543857574,-2.0,-1.0,-1.6165174543857574,0,0,1
northeastern_vs_college of charleston_20230121,2023-01-21,northeastern,College of Charleston,2023,-26.0,-7.917323,18.082676887512207,10.0,-16.0,2.082676887512207,1,0,0
northeastern_vs_elon_20230204,2023-02-04,northeastern,Elon,2023,-1.0,5.653397,6.653397083282471,-7.0,-8.0,-1.3466029167175293,0,0,1
northeastern_vs_hofstra_20230208,2023-02-08,northeastern,Hofstra,2023,-19.0,-6.7199693,12.280030727386475,8.0,-11.0,1.2800307273864746,1,0,0
northeastern_vs_monmouth_20230216,2023-02-16,northeastern,Monmouth,2023,15.0,6.0130167,8.986983299255371,-5.0,10.0,1.013016700744629,1,1,1
northeastern_vs_william & mary_20230218,2023-02-18,northeastern,William & Mary,2023,12.0,6.8975053,5.102494716644287,-8.5,3.5,-1.602494716644287,0,1,0
northern-arizona_vs_uc santa barbara_20221118,2022-11-18,northern-arizona,UC Santa Barbara,2023,9.0,-9.132279,18.13227939605713,9.0,18.0,-0.1322793960571289,0,1,0
northern-arizona_vs_texas_20221121,2022-11-21,northern-arizona,Texas,2023,-25.0,-21.891874,3.108125686645508,26.5,1.5,4.608125686645508,1,1,1
northern-arizona_vs_utah valley_20221210,2022-12-10,northern-arizona,Utah Valley,2023,-5.0,-4.146351,0.8536491394042969,4.0,-1.0,-0.14635086059570312,0,0,1
northern-arizona_vs_montana_20230105,2023-01-05,northern-arizona,Montana,2023,1.0,-2.6433198,3.643319845199585,2.5,3.5,-0.14331984519958496,0,1,0
northern-arizona_vs_montana state_20230107,2023-01-07,northern-arizona,Montana State,2023,-15.0,-6.6632447,8.336755275726318,6.5,-8.5,-0.16324472427368164,0,0,1
northern-arizona_vs_idaho_20230119,2023-01-19,northern-arizona,Idaho,2023,-5.0,4.6564074,9.656407356262207,-5.0,-10.0,-0.34359264373779297,0,0,1
northern-arizona_vs_eastern washington_20230121,2023-01-21,northern-arizona,Eastern Washington,2023,-3.0,-5.002486,2.002486228942871,4.5,1.5,-0.5024862289428711,0,1,0
northern-arizona_vs_northern colorado_20230128,2023-01-28,northern-arizona,Northern Colorado,2023,10.0,1.5003228,8.499677181243896,-1.5,8.5,0.0003228187561035156,1,1,1
northern-arizona_vs_idaho state_20230206,2023-02-06,northern-arizona,Idaho State,2023,-5.0,2.529441,7.5294411182403564,-3.5,-8.5,-0.9705588817596436,0,0,1
northern-arizona_vs_portland state_20230211,2023-02-11,northern-arizona,Portland State,2023,-1.0,2.322806,3.322805881500244,-2.5,-3.5,-0.17719411849975586,0,0,1
northern-arizona_vs_weber state_20230227,2023-02-27,northern-arizona,Weber State,2023,-1.0,2.0990305,3.0990304946899414,-3.0,-4.0,-0.9009695053100586,0,0,1
northern-colorado_vs_texas a&mâcommerce_20221111,2022-11-11,northern-colorado,Texas A&MâCommerce,2023,3.0,13.834435,10.83443546295166,-13.0,-10.0,0.8344354629516602,1,0,0
northern-colorado_vs_san jose state_20221119,2022-11-19,northern-colorado,San Jose State,2023,-11.0,4.3199778,15.319977760314941,-5.0,-16.0,-0.6800222396850586,0,0,1
northern-colorado_vs_air force_20221220,2022-12-20,northern-colorado,Air Force,2023,-2.0,0.35036808,2.350368082523346,-2.5,-4.5,-2.149631917476654,0,0,1
northern-colorado_vs_montana state_20230105,2023-01-05,northern-colorado,Montana State,2023,-21.0,-1.9241904,19.075809597969055,3.0,-18.0,1.0758095979690552,1,0,0
northern-colorado_vs_montana_20230107,2023-01-07,northern-colorado,Montana,2023,-5.0,-0.70498323,4.295016765594482,-1.0,-6.0,-1.7049832344055176,0,0,1
northern-colorado_vs_eastern washington_20230119,2023-01-19,northern-colorado,Eastern Washington,2023,-8.0,-2.3450027,5.6549973487854,2.5,-5.5,0.1549973487854004,1,0,0
northern-colorado_vs_idaho_20230121,2023-01-21,northern-colorado,Idaho,2023,6.0,4.7047,1.295300006866455,-5.5,0.5,-0.7953000068664551,0,1,0
northern-colorado_vs_weber state_20230206,2023-02-06,northern-colorado,Weber State,2023,34.0,0.11913747,33.88086252659559,-1.5,32.5,-1.3808625265955925,0,1,0
northern-colorado_vs_portland state_20230209,2023-02-09,northern-colorado,Portland State,2023,9.0,3.1250856,5.8749144077301025,-4.5,4.5,-1.3749144077301025,0,1,0
northern-colorado_vs_sacramento state_20230211,2023-02-11,northern-colorado,Sacramento State,2023,16.0,4.97936,11.020639896392822,-5.0,11.0,-0.020639896392822266,0,1,0
northern-colorado_vs_northern arizona_20230225,2023-02-25,northern-colorado,Northern Arizona,2023,-3.0,4.844893,7.844892978668213,-5.5,-8.5,-0.6551070213317871,0,0,1
northern-colorado_vs_idaho state_20230227,2023-02-27,northern-colorado,Idaho State,2023,15.0,4.4921365,10.507863521575928,-5.5,9.5,-1.0078635215759277,0,1,0
northern-colorado_vs_portland state_20230304,2023-03-04,northern-colorado,Portland State,2023,4.0,2.6500762,1.349923849105835,-3.0,1.0,-0.34992384910583496,0,1,0
northern-illinois_vs_sam houston state_20221122,2022-11-22,northern-illinois,Sam Houston State,2023,-34.0,-10.853175,23.146824836730957,10.5,-23.5,-0.35317516326904297,0,0,1
northern-illinois_vs_albany (ny)_20221220,2022-12-20,northern-illinois,Albany (NY),2023,-5.0,4.166498,9.166498184204102,-4.0,-9.0,0.16649818420410156,1,0,0
northern-illinois_vs_central michigan_20230110,2023-01-10,northern-illinois,Central Michigan,2023,19.0,0.23360777,18.76639223098755,-1.0,18.0,-0.7663922309875488,0,1,0
northern-illinois_vs_toledo_20230114,2023-01-14,northern-illinois,Toledo,2023,-17.0,-14.242979,2.757020950317383,12.5,-4.5,-1.7429790496826172,0,0,1
northern-illinois_vs_kent state_20230124,2023-01-24,northern-illinois,Kent State,2023,10.0,-13.839088,23.839088439941406,12.0,22.0,-1.8390884399414062,0,1,0
northern-illinois_vs_ball state_20230128,2023-01-28,northern-illinois,Ball State,2023,-18.0,-4.20136,13.79863977432251,5.0,-13.0,0.7986397743225098,1,0,0
northern-illinois_vs_ohio_20230207,2023-02-07,northern-illinois,Ohio,2023,-6.0,-4.5374975,1.4625024795532227,5.0,-1.0,0.46250247955322266,1,0,0
northern-illinois_vs_miami (oh)_20230218,2023-02-18,northern-illinois,Miami (OH),2023,-1.0,4.488726,5.4887261390686035,-4.5,-5.5,-0.011273860931396484,0,0,1
northern-illinois_vs_buffalo_20230228,2023-02-28,northern-illinois,Buffalo,2023,-10.0,-4.4370546,5.562945365905762,4.5,-5.5,0.06294536590576172,1,0,0
northern-illinois_vs_eastern michigan_20230303,2023-03-03,northern-illinois,Eastern Michigan,2023,19.0,5.3058677,13.694132328033447,-4.0,15.0,1.3058676719665527,1,1,1
northern-iowa_vs_san francisco_20221121,2022-11-21,northern-iowa,San Francisco,2023,-6.0,-7.547973,1.5479731559753418,7.0,1.0,-0.5479731559753418,0,1,0
northern-iowa_vs_northern illinois_20221126,2022-11-26,northern-iowa,Northern Illinois,2023,7.0,10.327489,3.327488899230957,-11.5,-4.5,-1.172511100769043,0,0,1
northern-iowa_vs_evansville_20221203,2022-12-03,northern-iowa,Evansville,2023,17.0,10.405779,6.594221115112305,-11.0,6.0,-0.5942211151123047,0,1,0
northern-iowa_vs_toledo_20221206,2022-12-06,northern-iowa,Toledo,2023,-8.0,-4.7531376,3.2468624114990234,4.5,-3.5,-0.25313758850097656,0,0,1
northern-iowa_vs_mcneese state_20221209,2022-12-09,northern-iowa,McNeese State,2023,-3.0,14.836136,17.836135864257812,-16.0,-19.0,-1.1638641357421875,0,0,1
northern-iowa_vs_south florida_20221212,2022-12-12,northern-iowa,South Florida,2023,-3.0,0.5466879,3.54668790102005,-2.5,-5.5,-1.95331209897995,0,0,1
northern-iowa_vs_towson_20221217,2022-12-17,northern-iowa,Towson,2023,17.0,-4.1519785,21.151978492736816,5.5,22.5,1.3480215072631836,1,1,1
northern-iowa_vs_st. bonaventure_20221221,2022-12-21,northern-iowa,St. Bonaventure,2023,10.0,0.7765554,9.2234445810318,-2.5,7.5,-1.7234445810317993,0,1,0
northern-iowa_vs_missouri state_20221228,2022-12-28,northern-iowa,Missouri State,2023,-12.0,1.0220667,13.022066712379456,-3.0,-15.0,-1.9779332876205444,0,0,1
northern-iowa_vs_southern illinois_20230107,2023-01-07,northern-iowa,Southern Illinois,2023,12.0,-1.627501,13.627501010894775,1.5,13.5,-0.1275010108947754,0,1,0
northern-iowa_vs_murray state_20230110,2023-01-10,northern-iowa,Murray State,2023,8.0,1.9704028,6.029597163200378,-3.5,4.5,-1.5295971632003784,0,1,0
northern-iowa_vs_illinois state_20230118,2023-01-18,northern-iowa,Illinois State,2023,2.0,8.844391,6.844390869140625,-8.5,-6.5,0.344390869140625,1,0,0
northern-iowa_vs_valparaiso_20230125,2023-01-25,northern-iowa,Valparaiso,2023,11.0,7.609889,3.390110969543457,-8.0,3.0,-0.39011096954345703,0,1,0
northern-iowa_vs_bradley_20230204,2023-02-04,northern-iowa,Bradley,2023,-8.0,-1.9587039,6.041296124458313,3.0,-5.0,1.041296124458313,1,0,0
northern-iowa_vs_indiana state_20230211,2023-02-11,northern-iowa,Indiana State,2023,-18.0,-2.1654305,15.834569454193115,2.5,-15.5,0.33456945419311523,1,0,0
northern-iowa_vs_drake_20230215,2023-02-15,northern-iowa,Drake,2023,-8.0,-5.0354233,2.9645767211914062,6.0,-2.0,0.9645767211914062,1,0,0
northern-iowa_vs_belmont_20230226,2023-02-26,northern-iowa,Belmont,2023,-8.0,-2.8928373,5.107162714004517,3.0,-5.0,0.1071627140045166,1,0,0
northern-kentucky_vs_cincinnati_20221116,2022-11-16,northern-kentucky,Cincinnati,2023,13.0,-3.5897613,16.58976125717163,6.5,19.5,2.910238742828369,1,1,1
northern-kentucky_vs_ut arlington_20221122,2022-11-22,northern-kentucky,UT Arlington,2023,-4.0,6.966127,10.966126918792725,-7.5,-11.5,-0.5338730812072754,0,0,1
northern-kentucky_vs_toledo_20221123,2022-11-23,northern-kentucky,Toledo,2023,-13.0,-4.9122753,8.087724685668945,6.5,-6.5,1.5877246856689453,1,0,0
northern-kentucky_vs_youngstown state_20221201,2022-12-01,northern-kentucky,Youngstown State,2023,4.0,-0.5317392,4.531739175319672,-1.5,2.5,-2.0317391753196716,0,1,0
northern-kentucky_vs_robert morris_20221203,2022-12-03,northern-kentucky,Robert Morris,2023,4.0,7.137901,3.1379008293151855,-7.0,-3.0,0.13790082931518555,1,0,0
northern-kentucky_vs_eastern kentucky_20221214,2022-12-14,northern-kentucky,Eastern Kentucky,2023,3.0,7.2854757,4.285475730895996,-6.5,-3.5,0.7854757308959961,1,0,0
northern-kentucky_vs_wright state_20221229,2022-12-29,northern-kentucky,Wright State,2023,14.0,2.711559,11.288440942764282,-2.5,11.5,0.21155905723571777,1,1,1
northern-kentucky_vs_oakland_20230106,2023-01-06,northern-kentucky,Oakland,2023,-1.0,7.205289,8.205288887023926,-7.0,-8.0,0.20528888702392578,1,0,0
northern-kentucky_vs_detroit mercy_20230108,2023-01-08,northern-kentucky,Detroit Mercy,2023,2.0,6.2599764,4.259976387023926,-6.0,-4.0,0.2599763870239258,1,0,0
northern-kentucky_vs_cleveland state_20230119,2023-01-19,northern-kentucky,Cleveland State,2023,1.0,5.1973133,4.19731330871582,-5.0,-4.0,0.1973133087158203,1,0,0
northern-kentucky_vs_green bay_20230126,2023-01-26,northern-kentucky,Green Bay,2023,18.0,16.734894,1.265106201171875,-16.5,1.5,0.234893798828125,1,1,1
northern-kentucky_vs_milwaukee_20230128,2023-01-28,northern-kentucky,Milwaukee,2023,-1.0,4.8551393,5.855139255523682,-6.5,-7.5,-1.6448607444763184,0,0,1
northern-kentucky_vs_iupui_20230212,2023-02-12,northern-kentucky,IUPUI,2023,39.0,19.15164,19.848360061645508,-17.5,21.5,1.6516399383544922,1,1,1
northern-kentucky_vs_oakland_20230302,2023-03-02,northern-kentucky,Oakland,2023,7.0,6.55543,0.44457006454467773,-6.5,0.5,0.055429935455322266,1,1,1
northern-kentucky_vs_youngstown state_20230306,2023-03-06,northern-kentucky,Youngstown State,2023,12.0,-1.8838469,13.883846879005432,3.0,15.0,1.1161531209945679,1,1,1
north-florida_vs_south carolina state_20221119,2022-11-19,north-florida,South Carolina State,2023,6.0,14.613027,8.61302661895752,-16.0,-10.0,-1.3869733810424805,0,0,1
north-florida_vs_bethune-cookman_20221210,2022-12-10,north-florida,Bethune-Cookman,2023,40.0,9.203362,30.796637535095215,-9.0,31.0,0.20336246490478516,1,1,1
north-florida_vs_austin peay_20221231,2022-12-31,north-florida,Austin Peay,2023,5.0,2.7373753,2.262624740600586,-3.0,2.0,-0.26262474060058594,0,1,0
north-florida_vs_kennesaw state_20230105,2023-01-05,north-florida,Kennesaw State,2023,3.0,0.69264513,2.3073548674583435,-1.5,1.5,-0.8073548674583435,0,1,0
north-florida_vs_liberty_20230121,2023-01-21,north-florida,Liberty,2023,-11.0,-11.511996,0.5119962692260742,11.5,0.5,-0.011996269226074219,0,1,0
north-florida_vs_jacksonville_20230204,2023-02-04,north-florida,Jacksonville,2023,7.0,0.92170274,6.078297257423401,-1.0,6.0,-0.07829725742340088,0,1,0
north-florida_vs_florida gulf coast_20230209,2023-02-09,north-florida,Florida Gulf Coast,2023,-2.0,0.15468858,2.1546885818243027,1.0,-1.0,1.1546885818243027,1,0,0
north-florida_vs_stetson_20230211,2023-02-11,north-florida,Stetson,2023,11.0,-1.5050576,12.505057573318481,0.0,11.0,-1.5050575733184814,0,1,0
north-florida_vs_eastern kentucky_20230222,2023-02-22,north-florida,Eastern Kentucky,2023,13.0,-1.8299594,14.829959392547607,1.5,14.5,-0.3299593925476074,0,1,0
north-florida_vs_bellarmine_20230224,2023-02-24,north-florida,Bellarmine,2023,12.0,4.431879,7.568120956420898,-5.0,7.0,-0.5681209564208984,0,1,0
north-texas_vs_san jose state_20221125,2022-11-25,north-texas,San Jose State,2023,15.0,11.686659,3.3133411407470703,-8.5,6.5,3.1866588592529297,1,1,1
north-texas_vs_omaha_20221203,2022-12-03,north-texas,Omaha,2023,30.0,17.847546,12.152454376220703,-18.0,12.0,-0.15245437622070312,0,1,0
north-texas_vs_florida atlantic_20221229,2022-12-29,north-texas,Florida Atlantic,2023,-4.0,0.96927315,4.969273149967194,-1.5,-5.5,-0.5307268500328064,0,0,1
north-texas_vs_florida international_20221231,2022-12-31,north-texas,Florida International,2023,15.0,17.196634,2.196634292602539,-17.0,-2.0,0.19663429260253906,1,0,0
north-texas_vs_louisiana tech_20230111,2023-01-11,north-texas,Louisiana Tech,2023,2.0,9.452092,7.452092170715332,-9.0,-7.0,0.45209217071533203,1,0,0
north-texas_vs_rice_20230119,2023-01-19,north-texas,Rice,2023,-12.0,11.426375,23.42637538909912,-12.0,-24.0,-0.5736246109008789,0,0,1
north-texas_vs_utsa_20230126,2023-01-26,north-texas,UTSA,2023,4.0,18.234814,14.234813690185547,-19.0,-15.0,-0.7651863098144531,0,0,1
north-texas_vs_utep_20230128,2023-01-28,north-texas,UTEP,2023,10.0,8.4622,1.5377998352050781,-7.5,2.5,0.9622001647949219,1,1,1
north-texas_vs_uab_20230209,2023-02-09,north-texas,UAB,2023,3.0,0.35174882,2.648251175880432,-2.5,0.5,-2.148251175880432,0,1,0
north-texas_vs_charlotte_20230211,2023-02-11,north-texas,Charlotte,2023,24.0,7.7006216,16.299378395080566,-6.5,17.5,1.2006216049194336,1,1,1
north-texas_vs_middle tennessee_20230302,2023-03-02,north-texas,Middle Tennessee,2023,14.0,6.109539,7.890460968017578,-6.0,8.0,0.10953903198242188,1,1,1
north-texas_vs_western kentucky_20230304,2023-03-04,north-texas,Western Kentucky,2023,34.0,9.304676,24.695323944091797,-9.5,24.5,-0.19532394409179688,0,1,0
north-texas_vs_alcorn state_20230315,2023-03-15,north-texas,Alcorn State,2023,16.0,15.703322,0.2966775894165039,-17.0,-1.0,-1.296677589416504,0,0,1
north-texas_vs_sam houston state_20230319,2023-03-19,north-texas,Sam Houston State,2023,20.0,6.260747,13.739253044128418,-5.0,15.0,1.260746955871582,1,1,1
north-texas_vs_wisconsin_20230328,2023-03-28,north-texas,Wisconsin,2023,2.0,1.952877,0.047122955322265625,-1.5,0.5,0.4528770446777344,1,1,1
northwestern_vs_pittsburgh_20221128,2022-11-28,northwestern,Pittsburgh,2023,-29.0,7.514292,36.514291763305664,-7.5,-36.5,0.014291763305664062,1,0,0
northwestern_vs_depaul_20221217,2022-12-17,northwestern,DePaul,2023,38.0,9.638729,28.361270904541016,-8.5,29.5,1.1387290954589844,1,1,1
northwestern_vs_illinoisâchicago_20221220,2022-12-20,northwestern,IllinoisâChicago,2023,38.0,12.605041,25.394959449768066,-14.0,24.0,-1.3949594497680664,0,1,0
northwestern_vs_brown_20221229,2022-12-29,northwestern,Brown,2023,5.0,13.0044565,8.004456520080566,-13.5,-8.5,-0.4955434799194336,0,0,1
northwestern_vs_ohio state_20230101,2023-01-01,northwestern,Ohio State,2023,-16.0,-1.8042341,14.195765852928162,2.5,-13.5,0.6957658529281616,1,0,0
northwestern_vs_illinois_20230104,2023-01-04,northwestern,Illinois,2023,13.0,-2.5353184,15.535318374633789,3.5,16.5,0.9646816253662109,1,1,1
northwestern_vs_rutgers_20230111,2023-01-11,northwestern,Rutgers,2023,-3.0,0.16693994,3.1669399440288544,1.0,-2.0,1.1669399440288544,1,0,0
northwestern_vs_wisconsin_20230123,2023-01-23,northwestern,Wisconsin,2023,3.0,3.6573567,0.6573567390441895,-2.5,0.5,1.1573567390441895,1,1,1
northwestern_vs_minnesota_20230128,2023-01-28,northwestern,Minnesota,2023,20.0,11.49981,8.500189781188965,-12.0,8.0,-0.5001897811889648,0,1,0
northwestern_vs_michigan_20230202,2023-02-02,northwestern,Michigan,2023,-17.0,2.524567,19.524566888809204,-3.5,-20.5,-0.9754331111907959,0,0,1
northwestern_vs_purdue_20230212,2023-02-12,northwestern,Purdue,2023,6.0,-2.5292308,8.529230833053589,5.0,11.0,2.470769166946411,1,1,1
northwestern_vs_indiana_20230215,2023-02-15,northwestern,Indiana,2023,2.0,-1.628826,3.6288260221481323,2.0,4.0,0.3711739778518677,1,1,1
northwestern_vs_iowa_20230219,2023-02-19,northwestern,Iowa,2023,20.0,-1.9021794,21.90217936038971,2.5,22.5,0.5978206396102905,1,1,1
northwestern_vs_penn state_20230301,2023-03-01,northwestern,Penn State,2023,-3.0,6.7694325,9.769432544708252,-4.5,-7.5,2.269432544708252,1,0,0
northwestern_vs_penn state_20230310,2023-03-10,northwestern,Penn State,2023,-2.0,2.3157933,4.31579327583313,-1.5,-3.5,0.8157932758331299,1,0,0
northwestern_vs_ucla_20230318,2023-03-18,northwestern,UCLA,2023,-5.0,-5.268208,0.26820802688598633,7.5,2.5,2.2317919731140137,1,1,1
northwestern-state_vs_illinois state_20221112,2022-11-12,northwestern-state,Illinois State,2023,-2.0,-3.0264473,1.0264472961425781,3.5,1.5,0.4735527038574219,1,1,1
northwestern-state_vs_southern mississippi_20221204,2022-12-04,northwestern-state,Southern Mississippi,2023,2.0,-4.63117,6.63116979598999,6.5,8.5,1.8688302040100098,1,1,1
northwestern-state_vs_louisianaâmonroe_20221210,2022-12-10,northwestern-state,LouisianaâMonroe,2023,18.0,7.3987827,10.601217269897461,-7.5,10.5,-0.10121726989746094,0,1,0
northwestern-state_vs_texas a&mâcorpus christi_20221231,2022-12-31,northwestern-state,Texas A&MâCorpus Christi,2023,-6.0,4.703537,10.703536987304688,-4.0,-10.0,0.7035369873046875,1,0,0
northwestern-state_vs_mcneese state_20230112,2023-01-12,northwestern-state,McNeese State,2023,14.0,8.081144,5.918855667114258,-9.0,5.0,-0.9188556671142578,0,1,0
northwestern-state_vs_lamar_20230128,2023-01-28,northwestern-state,Lamar,2023,15.0,15.245706,0.24570560455322266,-15.0,0.0,0.24570560455322266,1,0,0
northwestern-state_vs_texas a&mâcommerce_20230211,2023-02-11,northwestern-state,Texas A&MâCommerce,2023,8.0,8.050485,0.050484657287597656,-9.0,-1.0,-0.9495153427124023,0,0,1
northwestern-state_vs_southeastern louisiana_20230216,2023-02-16,northwestern-state,Southeastern Louisiana,2023,5.0,6.351024,1.3510241508483887,-6.5,-1.5,-0.14897584915161133,0,0,1
northwestern-state_vs_new orleans_20230218,2023-02-18,northwestern-state,New Orleans,2023,-3.0,10.047132,13.047131538391113,-10.5,-13.5,-0.4528684616088867,0,0,1
northwestern-state_vs_incarnate word_20230301,2023-03-01,northwestern-state,Incarnate Word,2023,17.0,9.696299,7.303701400756836,-10.5,6.5,-0.8037014007568359,0,1,0
northwestern-state_vs_texas a&mâcorpus christi_20230308,2023-03-08,northwestern-state,Texas A&MâCorpus Christi,2023,-4.0,-2.8666513,1.1333487033843994,3.0,-1.0,0.13334870338439941,1,0,0
notre-dame_vs_youngstown state_20221113,2022-11-13,notre-dame,Youngstown State,2023,7.0,17.152983,10.152982711791992,-10.5,-3.5,6.652982711791992,1,0,0
notre-dame_vs_southern indiana_20221116,2022-11-16,notre-dame,Southern Indiana,2023,12.0,13.662184,1.6621837615966797,-14.5,-2.5,-0.8378162384033203,0,0,1
notre-dame_vs_lipscomb_20221118,2022-11-18,notre-dame,Lipscomb,2023,1.0,11.131763,10.131763458251953,-12.0,-11.0,-0.8682365417480469,0,0,1
notre-dame_vs_bowling green_20221122,2022-11-22,notre-dame,Bowling Green,2023,16.0,14.669966,1.3300342559814453,-15.0,1.0,-0.3300342559814453,0,1,0
notre-dame_vs_st. bonaventure_20221125,2022-11-25,notre-dame,St. Bonaventure,2023,-12.0,3.787396,15.78739595413208,-5.5,-17.5,-1.71260404586792,0,0,1
notre-dame_vs_michigan state_20221130,2022-11-30,notre-dame,Michigan State,2023,18.0,-0.97041386,18.970413863658905,1.5,19.5,0.529586136341095,1,1,1
notre-dame_vs_syracuse_20221203,2022-12-03,notre-dame,Syracuse,2023,-1.0,5.0916524,6.0916523933410645,-6.5,-7.5,-1.4083476066589355,0,0,1
notre-dame_vs_boston university_20221207,2022-12-07,notre-dame,Boston University,2023,6.0,13.744953,7.744953155517578,-14.0,-8.0,-0.2550468444824219,0,0,1
notre-dame_vs_marquette_20221211,2022-12-11,notre-dame,Marquette,2023,-15.0,-0.7674762,14.232523798942566,2.0,-13.0,1.232523798942566,1,0,0
notre-dame_vs_jacksonville_20221227,2022-12-27,notre-dame,Jacksonville,2023,16.0,8.139434,7.860566139221191,-8.0,8.0,0.1394338607788086,1,1,1
notre-dame_vs_miami (fl)_20221230,2022-12-30,notre-dame,Miami (FL),2023,-11.0,-3.2069163,7.793083667755127,2.5,-8.5,-0.706916332244873,0,0,1
notre-dame_vs_georgia tech_20230110,2023-01-10,notre-dame,Georgia Tech,2023,1.0,6.1671443,5.167144298553467,-5.0,-4.0,1.1671442985534668,1,0,0
notre-dame_vs_florida state_20230117,2023-01-17,notre-dame,Florida State,2023,-13.0,4.9315066,17.931506633758545,-4.5,-17.5,0.4315066337585449,1,0,0
notre-dame_vs_boston college_20230121,2023-01-21,notre-dame,Boston College,2023,-12.0,6.6035514,18.603551387786865,-5.0,-17.0,1.6035513877868652,1,0,0
notre-dame_vs_louisville_20230128,2023-01-28,notre-dame,Louisville,2023,14.0,8.65721,5.342789649963379,-9.0,5.0,-0.3427896499633789,0,1,0
notre-dame_vs_wake forest_20230204,2023-02-04,notre-dame,Wake Forest,2023,-17.0,-2.707985,14.292015075683594,3.0,-14.0,0.29201507568359375,1,0,0
notre-dame_vs_virginia tech_20230211,2023-02-11,notre-dame,Virginia Tech,2023,-6.0,-4.8008323,1.1991677284240723,5.5,-0.5,0.6991677284240723,1,0,0
notre-dame_vs_north carolina_20230222,2023-02-22,notre-dame,North Carolina,2023,-4.0,-5.1109376,1.1109375953674316,6.0,2.0,0.8890624046325684,1,1,1
notre-dame_vs_pittsburgh_20230301,2023-03-01,notre-dame,Pittsburgh,2023,7.0,-3.5439699,10.543969869613647,3.0,10.0,-0.5439698696136475,0,1,0
notre-dame_vs_virginia tech_20230307,2023-03-07,notre-dame,Virginia Tech,2023,-3.0,-6.7098284,3.7098283767700195,6.5,3.5,-0.20982837677001953,0,1,0
oakland_vs_oklahoma state_20221113,2022-11-13,oakland,Oklahoma State,2023,-29.0,-5.4921937,23.507806301116943,8.5,-20.5,3.0078063011169434,1,0,0
oakland_vs_eastern michigan_20221119,2022-11-19,oakland,Eastern Michigan,2023,2.0,2.0067623,0.006762266159057617,-4.0,-2.0,-1.9932377338409424,0,0,1
oakland_vs_san jose state_20221126,2022-11-26,oakland,San Jose State,2023,-13.0,-0.4839799,12.516020089387894,1.0,-12.0,0.5160200893878937,1,0,0
oakland_vs_milwaukee_20221229,2022-12-29,oakland,Milwaukee,2023,22.0,0.19997793,21.800022065639496,-1.5,20.5,-1.3000220656394958,0,1,0
oakland_vs_green bay_20221231,2022-12-31,oakland,Green Bay,2023,16.0,12.387269,3.6127309799194336,-12.5,3.5,-0.1127309799194336,0,1,0
oakland_vs_robert morris_20230112,2023-01-12,oakland,Robert Morris,2023,4.0,4.31924,0.31924009323120117,-5.0,-1.0,-0.6807599067687988,0,0,1
oakland_vs_youngstown state_20230114,2023-01-14,oakland,Youngstown State,2023,-16.0,-3.7480724,12.251927614212036,2.0,-14.0,-1.7480723857879639,0,0,1
oakland_vs_cleveland state_20230204,2023-02-04,oakland,Cleveland State,2023,3.0,-1.5013816,4.5013816356658936,-1.0,2.0,-2.5013816356658936,0,1,0
oakland_vs_iupui_20230215,2023-02-15,oakland,IUPUI,2023,4.0,15.533755,11.5337553024292,-15.0,-11.0,0.5337553024291992,1,0,0
oakland_vs_detroit mercy_20230217,2023-02-17,oakland,Detroit Mercy,2023,-22.0,0.64507705,22.64507704973221,-1.0,-23.0,-0.35492295026779175,0,0,1
oakland_vs_wright state_20230223,2023-02-23,oakland,Wright State,2023,7.0,-2.592404,9.592403888702393,2.5,9.5,-0.09240388870239258,0,1,0
oakland_vs_northern kentucky_20230225,2023-02-25,oakland,Northern Kentucky,2023,-9.0,-2.619597,6.3804030418396,2.0,-7.0,-0.6195969581604004,0,0,1
ohio_vs_cleveland state_20221112,2022-11-12,ohio,Cleveland State,2023,11.0,9.593375,1.4066247940063477,-9.5,1.5,0.09337520599365234,1,1,1
ohio_vs_eastern illinois_20221125,2022-11-25,ohio,Eastern Illinois,2023,11.0,17.298521,6.298521041870117,-16.5,-5.5,0.7985210418701172,1,0,0
ohio_vs_alabama state_20221127,2022-11-27,ohio,Alabama State,2023,14.0,19.249014,5.249013900756836,-17.5,-3.5,1.749013900756836,1,0,0
ohio_vs_stetson_20221217,2022-12-17,ohio,Stetson,2023,19.0,5.8589396,13.14106035232544,-7.0,12.0,-1.1410603523254395,0,1,0
ohio_vs_chicago state_20221230,2022-12-30,ohio,Chicago State,2023,17.0,13.506756,3.493244171142578,-13.0,4.0,0.5067558288574219,1,1,1
ohio_vs_ball state_20230110,2023-01-10,ohio,Ball State,2023,5.0,2.6023772,2.39762282371521,-2.0,3.0,0.60237717628479,1,1,1
ohio_vs_kent state_20230113,2023-01-13,ohio,Kent State,2023,-5.0,-3.8179426,1.1820573806762695,4.5,-0.5,0.6820573806762695,1,0,0
ohio_vs_central michigan_20230121,2023-01-21,ohio,Central Michigan,2023,28.0,11.239509,16.760491371154785,-12.5,15.5,-1.2604913711547852,0,1,0
ohio_vs_miami (oh)_20230204,2023-02-04,ohio,Miami (OH),2023,10.0,9.654947,0.34505271911621094,-10.0,0.0,-0.34505271911621094,0,0,1
ohio_vs_akron_20230210,2023-02-10,ohio,Akron,2023,9.0,-2.0260475,11.026047468185425,2.0,11.0,-0.026047468185424805,0,1,0
ohio_vs_buffalo_20230214,2023-02-14,ohio,Buffalo,2023,24.0,4.511215,19.488784790039062,-4.5,19.5,0.0112152099609375,1,1,1
ohio_vs_northern illinois_20230221,2023-02-21,ohio,Northern Illinois,2023,9.0,10.889226,1.889225959777832,-12.5,-3.5,-1.610774040222168,0,0,1
ohio_vs_bowling green_20230303,2023-03-03,ohio,Bowling Green,2023,34.0,9.207441,24.792558670043945,-9.0,25.0,0.2074413299560547,1,1,1
ohio_vs_toledo_20230310,2023-03-10,ohio,Toledo,2023,-7.0,-4.083073,2.916926860809326,5.5,-1.5,1.4169268608093262,1,0,0
ohio-state_vs_eastern illinois_20221116,2022-11-16,ohio-state,Eastern Illinois,2023,22.0,28.535727,6.535726547241211,-31.0,-9.0,-2.464273452758789,0,0,1
ohio-state_vs_san diego state_20221121,2022-11-21,ohio-state,San Diego State,2023,-11.0,-2.7559252,8.244074821472168,5.0,-6.0,2.244074821472168,1,0,0
ohio-state_vs_texas tech_20221123,2022-11-23,ohio-state,Texas Tech,2023,7.0,1.014966,5.985033988952637,1.5,8.5,2.5149660110473633,1,1,1
ohio-state_vs_saint francis (pa)_20221203,2022-12-03,ohio-state,Saint Francis (PA),2023,37.0,26.533417,10.466583251953125,-29.0,8.0,-2.466583251953125,0,1,0
ohio-state_vs_rutgers_20221208,2022-12-08,ohio-state,Rutgers,2023,1.0,6.2481565,5.248156547546387,-5.5,-4.5,0.7481565475463867,1,0,0
ohio-state_vs_maine_20221221,2022-12-21,ohio-state,Maine,2023,34.0,22.78176,11.218240737915039,-23.5,10.5,-0.7182407379150391,0,1,0
ohio-state_vs_alabama a&m_20221229,2022-12-29,ohio-state,Alabama A&M,2023,31.0,26.284891,4.715108871459961,-27.5,3.5,-1.215108871459961,0,1,0
ohio-state_vs_purdue_20230105,2023-01-05,ohio-state,Purdue,2023,-2.0,1.5152955,3.5152955055236816,-1.5,-3.5,0.01529550552368164,1,0,0
ohio-state_vs_minnesota_20230112,2023-01-12,ohio-state,Minnesota,2023,-3.0,15.149223,18.14922332763672,-14.5,-17.5,0.6492233276367188,1,0,0
ohio-state_vs_iowa_20230121,2023-01-21,ohio-state,Iowa,2023,16.0,2.8854947,13.114505290985107,-3.0,13.0,-0.11450529098510742,0,1,0
ohio-state_vs_wisconsin_20230202,2023-02-02,ohio-state,Wisconsin,2023,-5.0,8.029398,13.029397964477539,-7.5,-12.5,0.5293979644775391,1,0,0
ohio-state_vs_northwestern_20230209,2023-02-09,ohio-state,Northwestern,2023,-6.0,4.8039165,10.803916454315186,-5.5,-11.5,-0.6960835456848145,0,0,1
ohio-state_vs_michigan state_20230212,2023-02-12,ohio-state,Michigan State,2023,-21.0,5.2479124,26.247912406921387,-4.0,-25.0,1.2479124069213867,1,0,0
ohio-state_vs_penn state_20230223,2023-02-23,ohio-state,Penn State,2023,-4.0,3.6964555,7.696455478668213,-2.5,-6.5,1.196455478668213,1,0,0
ohio-state_vs_illinois_20230226,2023-02-26,ohio-state,Illinois,2023,12.0,-4.262873,16.26287317276001,4.5,16.5,0.23712682723999023,1,1,1
ohio-state_vs_wisconsin_20230308,2023-03-08,ohio-state,Wisconsin,2023,8.0,2.8281198,5.17188024520874,-1.5,6.5,1.3281197547912598,1,1,1
ohio-state_vs_purdue_20230311,2023-03-11,ohio-state,Purdue,2023,-14.0,-7.409054,6.590946197509766,8.0,-6.0,0.5909461975097656,1,0,0
oklahoma_vs_arkansasâpine bluff_20221111,2022-11-11,oklahoma,ArkansasâPine Bluff,2023,8.0,27.933422,19.933422088623047,-28.0,-20.0,-0.06657791137695312,0,0,1
oklahoma_vs_unc wilmington_20221115,2022-11-15,oklahoma,UNC Wilmington,2023,21.0,10.715279,10.284721374511719,-12.0,9.0,-1.2847213745117188,0,1,0
oklahoma_vs_south alabama_20221118,2022-11-18,oklahoma,South Alabama,2023,4.0,11.965563,7.96556282043457,-11.5,-7.5,0.4655628204345703,1,0,0
oklahoma_vs_seton hall_20221125,2022-11-25,oklahoma,Seton Hall,2023,13.0,-1.6445596,14.644559621810913,2.0,15.0,0.3554403781890869,1,1,1
oklahoma_vs_kansas city_20221206,2022-12-06,oklahoma,Kansas City,2023,22.0,16.407843,5.592157363891602,-16.5,5.5,-0.09215736389160156,0,1,0
oklahoma_vs_central arkansas_20221217,2022-12-17,oklahoma,Central Arkansas,2023,21.0,21.484219,0.4842185974121094,-22.5,-1.5,-1.0157814025878906,0,0,1
oklahoma_vs_texas_20221231,2022-12-31,oklahoma,Texas,2023,-1.0,-2.4103541,1.4103541374206543,2.5,1.5,0.0896458625793457,1,1,1
oklahoma_vs_iowa state_20230104,2023-01-04,oklahoma,Iowa State,2023,-3.0,1.577539,4.577538967132568,-3.5,-6.5,-1.9224610328674316,0,0,1
oklahoma_vs_west virginia_20230114,2023-01-14,oklahoma,West Virginia,2023,1.0,2.3924801,1.3924801349639893,-3.5,-2.5,-1.1075198650360107,0,0,1
oklahoma_vs_baylor_20230121,2023-01-21,oklahoma,Baylor,2023,-2.0,-1.3711714,0.6288286447525024,2.0,0.0,0.6288286447525024,1,0,0
oklahoma_vs_alabama_20230128,2023-01-28,oklahoma,Alabama,2023,24.0,-5.00199,29.00198984146118,5.0,29.0,-0.0019898414611816406,0,1,0
oklahoma_vs_oklahoma state_20230201,2023-02-01,oklahoma,Oklahoma State,2023,-10.0,2.404476,12.404475927352905,-3.5,-13.5,-1.0955240726470947,0,0,1
oklahoma_vs_kansas_20230211,2023-02-11,oklahoma,Kansas,2023,-23.0,-1.3530381,21.64696192741394,2.5,-20.5,1.1469619274139404,1,0,0
oklahoma_vs_kansas state_20230214,2023-02-14,oklahoma,Kansas State,2023,14.0,1.5637053,12.436294674873352,-1.5,12.5,0.06370532512664795,1,1,1
oklahoma_vs_texas tech_20230221,2023-02-21,oklahoma,Texas Tech,2023,-11.0,1.8432616,12.84326159954071,-2.5,-13.5,-0.6567384004592896,0,0,1
oklahoma_vs_tcu_20230304,2023-03-04,oklahoma,TCU,2023,14.0,-1.147878,15.147878050804138,2.5,16.5,1.3521219491958618,1,1,1
oklahoma_vs_oklahoma state_20230308,2023-03-08,oklahoma,Oklahoma State,2023,-8.0,0.8441904,8.844190418720245,-2.0,-10.0,-1.1558095812797546,0,0,1
oklahoma-state_vs_southern illinois_20221110,2022-11-10,oklahoma-state,Southern Illinois,2023,-1.0,10.830552,11.830552101135254,-8.5,-9.5,2.330552101135254,1,0,0
oklahoma-state_vs_tulsa_20221125,2022-11-25,oklahoma-state,Tulsa,2023,26.0,12.913767,13.086233139038086,-14.5,11.5,-1.586233139038086,0,1,0
oklahoma-state_vs_sam houston state_20221206,2022-12-06,oklahoma-state,Sam Houston State,2023,14.0,11.618135,2.381864547729492,-8.5,5.5,3.118135452270508,1,1,1
oklahoma-state_vs_virginia tech_20221211,2022-12-11,oklahoma-state,Virginia Tech,2023,-5.0,-1.7145334,3.2854665517807007,2.5,-2.5,0.7854665517807007,1,0,0
oklahoma-state_vs_wichita state_20221217,2022-12-17,oklahoma-state,Wichita State,2023,10.0,4.4737535,5.526246547698975,-4.5,5.5,-0.02624654769897461,0,1,0
oklahoma-state_vs_texas a&mâcorpus christi_20221220,2022-12-20,oklahoma-state,Texas A&MâCorpus Christi,2023,23.0,18.34199,4.658010482788086,-17.5,5.5,0.8419895172119141,1,1,1
oklahoma-state_vs_west virginia_20230102,2023-01-02,oklahoma-state,West Virginia,2023,7.0,2.932664,4.067336082458496,-3.0,4.0,-0.0673360824584961,0,1,0
oklahoma-state_vs_texas_20230107,2023-01-07,oklahoma-state,Texas,2023,-10.0,-1.162265,8.837735056877136,3.0,-7.0,1.8377350568771362,1,0,0
oklahoma-state_vs_iowa state_20230121,2023-01-21,oklahoma-state,Iowa State,2023,2.0,1.9190001,0.08099985122680664,-1.0,1.0,0.9190001487731934,1,1,1
oklahoma-state_vs_tcu_20230204,2023-02-04,oklahoma-state,TCU,2023,6.0,3.9678032,2.0321967601776123,-4.5,1.5,-0.5321967601776123,0,1,0
oklahoma-state_vs_texas tech_20230208,2023-02-08,oklahoma-state,Texas Tech,2023,3.0,5.336619,2.3366189002990723,-5.5,-2.5,-0.16338109970092773,0,0,1
oklahoma-state_vs_kansas_20230214,2023-02-14,oklahoma-state,Kansas,2023,-11.0,0.83835137,11.838351368904114,1.0,-10.0,1.8383513689041138,1,0,0
oklahoma-state_vs_kansas state_20230225,2023-02-25,oklahoma-state,Kansas State,2023,-5.0,4.321121,9.321121215820312,-4.0,-9.0,0.3211212158203125,1,0,0
oklahoma-state_vs_baylor_20230227,2023-02-27,oklahoma-state,Baylor,2023,-6.0,0.46926942,6.469269424676895,1.0,-5.0,1.4692694246768951,1,0,0
oklahoma-state_vs_texas_20230309,2023-03-09,oklahoma-state,Texas,2023,-14.0,-4.0986595,9.90134048461914,6.0,-8.0,1.9013404846191406,1,0,0
oklahoma-state_vs_eastern washington_20230319,2023-03-19,oklahoma-state,Eastern Washington,2023,11.0,11.2906275,0.29062747955322266,-11.5,-0.5,-0.20937252044677734,0,0,1
oklahoma-state_vs_north texas_20230321,2023-03-21,oklahoma-state,North Texas,2023,-6.0,4.87481,10.874810218811035,-4.0,-10.0,0.8748102188110352,1,0,0
old-dominion_vs_drexel_20221111,2022-11-11,old-dominion,Drexel,2023,-12.0,1.7716725,13.771672487258911,-2.5,-14.5,-0.7283275127410889,0,0,1
old-dominion_vs_virginia tech_20221117,2022-11-17,old-dominion,Virginia Tech,2023,-4.0,-7.3276086,3.327608585357666,14.0,10.0,6.672391414642334,1,1,1
old-dominion_vs_east carolina_20221126,2022-11-26,old-dominion,East Carolina,2023,21.0,5.272947,15.727053165435791,-4.0,17.0,1.272946834564209,1,1,1
old-dominion_vs_norfolk state_20221203,2022-12-03,old-dominion,Norfolk State,2023,6.0,6.3650713,0.36507129669189453,-7.0,-1.0,-0.6349287033081055,0,0,1
old-dominion_vs_william & mary_20221207,2022-12-07,old-dominion,William & Mary,2023,10.0,9.63451,0.3654899597167969,-9.0,1.0,0.6345100402832031,1,1,1
old-dominion_vs_gardner-webb_20221210,2022-12-10,old-dominion,Gardner-Webb,2023,1.0,5.128185,4.128184795379639,-5.5,-4.5,-0.37181520462036133,0,0,1
old-dominion_vs_george mason_20221221,2022-12-21,old-dominion,George Mason,2023,1.0,3.6810672,2.6810672283172607,-2.5,-1.5,1.1810672283172607,1,0,0
old-dominion_vs_arkansas state_20221229,2022-12-29,old-dominion,Arkansas State,2023,-3.0,8.803469,11.803468704223633,-10.5,-13.5,-1.6965312957763672,0,0,1
old-dominion_vs_louisiana_20221231,2022-12-31,old-dominion,Louisiana,2023,4.0,0.19917858,3.8008214235305786,-1.0,3.0,-0.8008214235305786,0,1,0
old-dominion_vs_coastal carolina_20230112,2023-01-12,old-dominion,Coastal Carolina,2023,-1.0,7.148561,8.148561000823975,-7.5,-8.5,-0.3514389991760254,0,0,1
old-dominion_vs_georgia state_20230119,2023-01-19,old-dominion,Georgia State,2023,12.0,5.2377706,6.7622294425964355,-5.0,7.0,0.23777055740356445,1,1,1
old-dominion_vs_appalachian state_20230121,2023-01-21,old-dominion,Appalachian State,2023,-14.0,3.9961076,17.996107578277588,-4.0,-18.0,-0.0038924217224121094,0,0,1
old-dominion_vs_james madison_20230202,2023-02-02,old-dominion,James Madison,2023,-5.0,-1.473698,3.5263019800186157,2.0,-3.0,0.5263019800186157,1,0,0
old-dominion_vs_georgia southern_20230204,2023-02-04,old-dominion,Georgia Southern,2023,6.0,5.1515226,0.8484773635864258,-5.0,1.0,0.15152263641357422,1,1,1
old-dominion_vs_southern mississippi_20230222,2023-02-22,old-dominion,Southern Mississippi,2023,5.0,-1.8205719,6.8205718994140625,2.0,7.0,0.1794281005859375,1,1,1
old-dominion_vs_marshall_20230224,2023-02-24,old-dominion,Marshall,2023,4.0,-2.1992853,6.199285268783569,2.5,6.5,0.30071473121643066,1,1,1
old-dominion_vs_texas state_20230302,2023-03-02,old-dominion,Texas State,2023,-29.0,5.852035,34.85203504562378,-4.5,-33.5,1.3520350456237793,1,0,0
oral-roberts_vs_central arkansas_20221210,2022-12-10,oral-roberts,Central Arkansas,2023,33.0,19.493847,13.506153106689453,-19.0,14.0,0.4938468933105469,1,1,1
oral-roberts_vs_liberty_20221212,2022-12-12,oral-roberts,Liberty,2023,14.0,0.72682387,13.27317613363266,-2.5,11.5,-1.77317613363266,0,1,0
oral-roberts_vs_missouri state_20221216,2022-12-16,oral-roberts,Missouri State,2023,3.0,7.0300674,4.030067443847656,-8.0,-5.0,-0.9699325561523438,0,0,1
oral-roberts_vs_south dakota state_20221219,2022-12-19,oral-roberts,South Dakota State,2023,39.0,8.574994,30.42500591278076,-9.5,29.5,-0.9250059127807617,0,1,0
oral-roberts_vs_kansas city_20230107,2023-01-07,oral-roberts,Kansas City,2023,3.0,13.79955,10.79955005645752,-14.5,-11.5,-0.7004499435424805,0,0,1
oral-roberts_vs_western illinois_20230112,2023-01-12,oral-roberts,Western Illinois,2023,24.0,15.194109,8.805891036987305,-15.0,9.0,0.1941089630126953,1,1,1
oral-roberts_vs_st. thomas_20230114,2023-01-14,oral-roberts,St. Thomas,2023,12.0,11.062905,0.9370946884155273,-12.0,0.0,-0.9370946884155273,0,0,1
oral-roberts_vs_denver_20230126,2023-01-26,oral-roberts,Denver,2023,41.0,21.585333,19.4146671295166,-19.0,22.0,2.5853328704833984,1,1,1
oral-roberts_vs_omaha_20230128,2023-01-28,oral-roberts,Omaha,2023,9.0,23.179157,14.179157257080078,-20.0,-11.0,3.179157257080078,1,0,0
oral-roberts_vs_south dakota_20230130,2023-01-30,oral-roberts,South Dakota,2023,50.0,15.834865,34.16513538360596,-15.0,35.0,0.834864616394043,1,1,1
oral-roberts_vs_north dakota_20230216,2023-02-16,oral-roberts,North Dakota,2023,3.0,20.25066,17.250659942626953,-19.0,-16.0,1.2506599426269531,1,0,0
oral-roberts_vs_north dakota state_20230218,2023-02-18,oral-roberts,North Dakota State,2023,8.0,12.462568,4.462568283081055,-13.5,-5.5,-1.0374317169189453,0,0,1
oral-roberts_vs_st. thomas_20230306,2023-03-06,oral-roberts,St. Thomas,2023,5.0,12.909364,7.909363746643066,-13.0,-8.0,-0.0906362533569336,0,0,1
oregon_vs_montana state_20221115,2022-11-15,oregon,Montana State,2023,30.0,8.4450245,21.554975509643555,-10.5,19.5,-2.0549755096435547,0,1,0
oregon_vs_houston_20221120,2022-11-20,oregon,Houston,2023,-10.0,-7.6207643,2.3792357444763184,6.5,-3.5,-1.1207642555236816,0,0,1
oregon_vs_villanova_20221127,2022-11-27,oregon,Villanova,2023,7.0,-3.295763,10.29576301574707,4.0,11.0,0.7042369842529297,1,1,1
oregon_vs_washington state_20221201,2022-12-01,oregon,Washington State,2023,14.0,5.3859687,8.614031314849854,-5.5,8.5,-0.11403131484985352,0,1,0
oregon_vs_nevada_20221210,2022-12-10,oregon,Nevada,2023,13.0,10.072113,2.927886962890625,-8.5,4.5,1.572113037109375,1,1,1
oregon_vs_uc riverside_20221214,2022-12-14,oregon,UC Riverside,2023,6.0,12.451575,6.45157527923584,-14.0,-8.0,-1.5484247207641602,0,0,1
oregon_vs_portland_20221217,2022-12-17,oregon,Portland,2023,22.0,9.412956,12.587043762207031,-9.5,12.5,-0.08704376220703125,0,1,0
oregon_vs_utah valley_20221220,2022-12-20,oregon,Utah Valley,2023,-5.0,9.437383,14.437382698059082,-12.0,-17.0,-2.562617301940918,0,0,1
oregon_vs_oregon state_20221231,2022-12-31,oregon,Oregon State,2023,9.0,13.197462,4.19746208190918,-14.0,-5.0,-0.8025379180908203,0,0,1
oregon_vs_arizona state_20230112,2023-01-12,oregon,Arizona State,2023,-17.0,4.363674,21.36367416381836,-5.0,-22.0,-0.6363258361816406,0,0,1
oregon_vs_arizona_20230114,2023-01-14,oregon,Arizona,2023,19.0,-2.0452178,21.045217752456665,4.0,23.0,1.954782247543335,1,1,1
oregon_vs_colorado_20230126,2023-01-26,oregon,Colorado,2023,6.0,5.887585,0.11241483688354492,-6.0,0.0,-0.11241483688354492,0,0,1
oregon_vs_utah_20230128,2023-01-28,oregon,Utah,2023,12.0,4.619321,7.380679130554199,-4.5,7.5,0.11932086944580078,1,1,1
oregon_vs_southern california_20230209,2023-02-09,oregon,Southern California,2023,18.0,4.635331,13.364668846130371,-4.5,13.5,0.1353311538696289,1,1,1
oregon_vs_ucla_20230211,2023-02-11,oregon,UCLA,2023,-7.0,-1.3279225,5.672077536582947,1.5,-5.5,0.17207753658294678,1,0,0
oregon_vs_california_20230302,2023-03-02,oregon,California,2023,33.0,19.587269,13.412731170654297,-20.0,13.0,-0.4127311706542969,0,1,0
oregon_vs_stanford_20230304,2023-03-04,oregon,Stanford,2023,5.0,6.4800053,1.4800052642822266,-7.0,-2.0,-0.5199947357177734,0,0,1
oregon_vs_washington state_20230309,2023-03-09,oregon,Washington State,2023,5.0,1.3297082,3.670291781425476,-2.5,2.5,-1.170291781425476,0,1,0
oregon_vs_ucla_20230310,2023-03-10,oregon,UCLA,2023,-19.0,-4.1915507,14.808449268341064,5.0,-14.0,0.8084492683410645,1,0,0
oregon_vs_uc irvine_20230315,2023-03-15,oregon,UC Irvine,2023,26.0,6.451155,19.548844814300537,-5.5,20.5,0.9511551856994629,1,1,1
oregon_vs_ucf_20230319,2023-03-19,oregon,UCF,2023,14.0,2.770519,11.229480981826782,-2.0,12.0,0.7705190181732178,1,1,1
oregon_vs_wisconsin_20230321,2023-03-21,oregon,Wisconsin,2023,-3.0,1.1615919,4.16159188747406,-1.5,-4.5,-0.33840811252593994,0,0,1
oregon-state_vs_florida a&m_20221111,2022-11-11,oregon-state,Florida A&M,2023,17.0,16.005938,0.9940624237060547,-18.0,-1.0,-1.9940624237060547,0,0,1
oregon-state_vs_portland state_20221119,2022-11-19,oregon-state,Portland State,2023,-13.0,7.201886,20.20188617706299,-7.5,-20.5,-0.2981138229370117,0,0,1
oregon-state_vs_portland state_20221127,2022-11-27,oregon-state,Portland State,2023,-12.0,4.5458517,16.545851707458496,-4.5,-16.5,0.045851707458496094,1,0,0
oregon-state_vs_washington_20221201,2022-12-01,oregon-state,Washington,2023,1.0,-3.6725595,4.672559499740601,5.0,6.0,1.3274405002593994,1,1,1
oregon-state_vs_seattle_20221215,2022-12-15,oregon-state,Seattle,2023,15.0,-2.521372,17.521372079849243,0.0,15.0,-2.521372079849243,0,1,0
oregon-state_vs_green bay_20221218,2022-12-18,oregon-state,Green Bay,2023,9.0,15.5987015,6.598701477050781,-16.0,-7.0,-0.40129852294921875,0,0,1
oregon-state_vs_denver_20221221,2022-12-21,oregon-state,Denver,2023,5.0,10.5059805,5.505980491638184,-8.0,-3.0,2.5059804916381836,1,0,0
oregon-state_vs_arizona_20230112,2023-01-12,oregon-state,Arizona,2023,-12.0,-15.839438,3.8394384384155273,15.5,3.5,-0.33943843841552734,0,1,0
oregon-state_vs_arizona state_20230114,2023-01-14,oregon-state,Arizona State,2023,-5.0,-6.971775,1.9717750549316406,9.0,4.0,2.0282249450683594,1,1,1
oregon-state_vs_utah_20230126,2023-01-26,oregon-state,Utah,2023,-19.0,-5.372483,13.627517223358154,7.5,-11.5,2.1275172233581543,1,0,0
oregon-state_vs_colorado_20230128,2023-01-28,oregon-state,Colorado,2023,8.0,-5.684581,13.68458080291748,7.5,15.5,1.8154191970825195,1,1,1
oregon-state_vs_ucla_20230209,2023-02-09,oregon-state,UCLA,2023,-15.0,-13.753537,1.2464628219604492,14.5,-0.5,0.7464628219604492,1,0,0
oregon-state_vs_southern california_20230211,2023-02-11,oregon-state,Southern California,2023,3.0,-7.099472,10.099472045898438,9.0,12.0,1.9005279541015625,1,1,1
oregon-state_vs_oregon_20230225,2023-02-25,oregon-state,Oregon,2023,-2.0,-5.707447,3.707447052001953,9.0,7.0,3.292552947998047,1,1,1
oregon-state_vs_stanford_20230302,2023-03-02,oregon-state,Stanford,2023,-23.0,-3.5721753,19.42782473564148,5.0,-18.0,1.4278247356414795,1,0,0
oregon-state_vs_california_20230304,2023-03-04,oregon-state,California,2023,3.0,8.10912,5.1091203689575195,-7.0,-4.0,1.1091203689575195,1,0,0
pacific_vs_cal state fullerton_20221118,2022-11-18,pacific,Cal State Fullerton,2023,-3.0,2.7342794,5.73427939414978,-3.5,-6.5,-0.7657206058502197,0,0,1
pacific_vs_mount st. mary's_20221122,2022-11-22,pacific,Mount St. Mary's,2023,-4.0,6.524402,10.524402141571045,-6.0,-10.0,0.5244021415710449,1,0,0
pacific_vs_idaho_20221125,2022-11-25,pacific,Idaho,2023,-3.0,13.2818775,16.281877517700195,-13.5,-16.5,-0.2181224822998047,0,0,1
pacific_vs_cal poly_20221128,2022-11-28,pacific,Cal Poly,2023,-4.0,6.4388566,10.438856601715088,-7.0,-11.0,-0.5611433982849121,0,0,1
pacific_vs_northern arizona_20221206,2022-12-06,pacific,Northern Arizona,2023,-4.0,6.8168235,10.816823482513428,-6.0,-10.0,0.8168234825134277,1,0,0
pacific_vs_fresno state_20221210,2022-12-10,pacific,Fresno State,2023,4.0,-4.125792,8.125792026519775,4.5,8.5,0.3742079734802246,1,1,1
pacific_vs_brigham young_20221229,2022-12-29,pacific,Brigham Young,2023,-20.0,-5.924954,14.075046062469482,6.5,-13.5,0.5750460624694824,1,0,0
pacific_vs_loyola marymount_20221231,2022-12-31,pacific,Loyola Marymount,2023,6.0,-4.676725,10.676724910736084,4.5,10.5,-0.17672491073608398,0,1,0
pacific_vs_santa clara_20230114,2023-01-14,pacific,Santa Clara,2023,-11.0,-4.0366545,6.963345527648926,4.5,-6.5,0.4633455276489258,1,0,0
pacific_vs_gonzaga_20230121,2023-01-21,pacific,Gonzaga,2023,-9.0,-20.578745,11.578744888305664,18.0,9.0,-2.578744888305664,0,1,0
pacific_vs_pepperdine_20230202,2023-02-02,pacific,Pepperdine,2023,8.0,1.2375975,6.762402534484863,-1.5,6.5,-0.2624025344848633,0,1,0
pacific_vs_san diego_20230211,2023-02-11,pacific,San Diego,2023,5.0,2.3216822,2.6783177852630615,-2.0,3.0,0.3216822147369385,1,1,1
pacific_vs_san francisco_20230216,2023-02-16,pacific,San Francisco,2023,-8.0,-5.377662,2.622337818145752,5.5,-2.5,0.12233781814575195,1,0,0
pacific_vs_portland_20230225,2023-02-25,pacific,Portland,2023,4.0,-2.2050812,6.205081224441528,3.0,7.0,0.7949187755584717,1,1,1
pacific_vs_pepperdine_20230302,2023-03-02,pacific,Pepperdine,2023,13.0,-3.6461492,16.646149158477783,3.5,16.5,-0.1461491584777832,0,1,0
pacific_vs_san francisco_20230303,2023-03-03,pacific,San Francisco,2023,-17.0,-8.954804,8.045195579528809,9.0,-8.0,0.045195579528808594,1,0,0
penn-state_vs_loyola (md)_20221110,2022-11-10,penn-state,Loyola (MD),2023,25.0,18.50363,6.496370315551758,-18.5,6.5,0.0036296844482421875,1,1,1
penn-state_vs_butler_20221114,2022-11-14,penn-state,Butler,2023,6.0,7.650563,1.6505627632141113,-6.0,0.0,1.6505627632141113,1,0,0
penn-state_vs_virginia tech_20221118,2022-11-18,penn-state,Virginia Tech,2023,-2.0,-3.2586322,1.2586321830749512,3.0,1.0,-0.25863218307495117,0,1,0
penn-state_vs_lafayette_20221125,2022-11-25,penn-state,Lafayette,2023,13.0,20.429882,7.429882049560547,-20.5,-7.5,-0.07011795043945312,0,0,1
penn-state_vs_michigan state_20221207,2022-12-07,penn-state,Michigan State,2023,-9.0,3.1115851,12.111585140228271,-4.0,-13.0,-0.8884148597717285,0,0,1
penn-state_vs_canisius_20221218,2022-12-18,penn-state,Canisius,2023,30.0,19.046194,10.953805923461914,-18.5,11.5,0.5461940765380859,1,1,1
penn-state_vs_quinnipiac_20221222,2022-12-22,penn-state,Quinnipiac,2023,9.0,14.604875,5.604874610900879,-14.5,-5.5,0.1048746109008789,1,0,0
penn-state_vs_delaware state_20221229,2022-12-29,penn-state,Delaware State,2023,14.0,28.09752,14.09752082824707,-30.5,-16.5,-2.4024791717529297,0,0,1
penn-state_vs_iowa_20230101,2023-01-01,penn-state,Iowa,2023,4.0,0.4492601,3.5507399141788483,-2.0,2.0,-1.5507399141788483,0,1,0
penn-state_vs_purdue_20230108,2023-01-08,penn-state,Purdue,2023,-13.0,-3.3974857,9.602514266967773,5.0,-8.0,1.6025142669677734,1,0,0
penn-state_vs_nebraska_20230121,2023-01-21,penn-state,Nebraska,2023,11.0,9.330173,1.6698274612426758,-8.0,3.0,1.3301725387573242,1,1,1
penn-state_vs_michigan_20230129,2023-01-29,penn-state,Michigan,2023,22.0,4.040708,17.95929193496704,-3.5,18.5,0.540708065032959,1,1,1
penn-state_vs_wisconsin_20230208,2023-02-08,penn-state,Wisconsin,2023,-5.0,5.952401,10.952401161193848,-4.5,-9.5,1.4524011611938477,1,0,0
penn-state_vs_illinois_20230214,2023-02-14,penn-state,Illinois,2023,12.0,-4.4619875,16.461987495422363,3.5,15.5,-0.9619874954223633,0,1,0
penn-state_vs_rutgers_20230226,2023-02-26,penn-state,Rutgers,2023,-3.0,5.5043035,8.504303455352783,-4.0,-7.0,1.5043034553527832,1,0,0
penn-state_vs_maryland_20230305,2023-03-05,penn-state,Maryland,2023,1.0,5.4278226,4.427822589874268,-3.5,-2.5,1.9278225898742676,1,0,0
penn-state_vs_purdue_20230312,2023-03-12,penn-state,Purdue,2023,-2.0,-7.136264,5.136263847351074,7.5,5.5,0.3637361526489258,1,1,1
penn-state_vs_texas a&m_20230316,2023-03-16,penn-state,Texas A&M,2023,17.0,-1.7194896,18.719489574432373,2.5,19.5,0.780510425567627,1,1,1
penn-state_vs_texas_20230318,2023-03-18,penn-state,Texas,2023,-5.0,-2.3683538,2.631646156311035,5.5,0.5,3.131646156311035,1,1,1
pennsylvania_vs_towson_20221113,2022-11-13,pennsylvania,Towson,2023,-6.0,-1.3323967,4.667603254318237,3.5,-2.5,2.1676032543182373,1,0,0
pennsylvania_vs_colgate_20221126,2022-11-26,pennsylvania,Colgate,2023,12.0,-2.83716,14.837160110473633,4.0,16.0,1.1628398895263672,1,1,1
pennsylvania_vs_delaware_20221127,2022-11-27,pennsylvania,Delaware,2023,13.0,2.4639428,10.536057233810425,-3.0,10.0,-0.5360572338104248,0,1,0
pennsylvania_vs_saint joseph's_20221130,2022-11-30,pennsylvania,Saint Joseph's,2023,-5.0,5.300957,10.300957202911377,-5.5,-10.5,-0.19904279708862305,0,0,1
pennsylvania_vs_la salle_20221203,2022-12-03,pennsylvania,La Salle,2023,-3.0,4.6484113,7.648411273956299,-4.5,-7.5,0.14841127395629883,1,0,0
pennsylvania_vs_temple_20221210,2022-12-10,pennsylvania,Temple,2023,20.0,-4.3777766,24.377776622772217,4.5,24.5,0.1222233772277832,1,1,1
pennsylvania_vs_princeton_20230116,2023-01-16,pennsylvania,Princeton,2023,-12.0,-0.55610675,11.443893253803253,0.0,-12.0,-0.5561067461967468,0,0,1
pennsylvania_vs_harvard_20230128,2023-01-28,pennsylvania,Harvard,2023,15.0,1.4254712,13.574528813362122,-3.0,12.0,-1.5745288133621216,0,1,0
pennsylvania_vs_columbia_20230203,2023-02-03,pennsylvania,Columbia,2023,9.0,12.830332,3.830331802368164,-14.5,-5.5,-1.669668197631836,0,0,1
pennsylvania_vs_cornell_20230204,2023-02-04,pennsylvania,Cornell,2023,6.0,1.6264831,4.373516917228699,-1.5,4.5,0.12648308277130127,1,1,1
pennsylvania_vs_yale_20230217,2023-02-17,pennsylvania,Yale,2023,2.0,-2.3515089,4.351508855819702,3.0,5.0,0.6484911441802979,1,1,1
pennsylvania_vs_brown_20230218,2023-02-18,pennsylvania,Brown,2023,21.0,4.6182117,16.38178825378418,-4.5,16.5,0.11821174621582031,1,1,1
pennsylvania_vs_dartmouth_20230225,2023-02-25,pennsylvania,Dartmouth,2023,10.0,9.040395,0.9596052169799805,-10.0,0.0,-0.9596052169799805,0,0,1
pepperdine_vs_alabama state_20221113,2022-11-13,pepperdine,Alabama State,2023,29.0,17.009907,11.990093231201172,-18.5,10.5,-1.4900932312011719,0,1,0
pepperdine_vs_uc irvine_20221119,2022-11-19,pepperdine,UC Irvine,2023,9.0,-1.7131228,10.713122844696045,-2.5,6.5,-4.213122844696045,0,1,0
pepperdine_vs_northern arizona_20221203,2022-12-03,pepperdine,Northern Arizona,2023,19.0,9.659839,9.340161323547363,-10.0,9.0,-0.3401613235473633,0,1,0
pepperdine_vs_nevada_20221206,2022-12-06,pepperdine,Nevada,2023,-8.0,2.287708,10.287708044052124,-2.5,-10.5,-0.21229195594787598,0,0,1
pepperdine_vs_uc santa barbara_20221210,2022-12-10,pepperdine,UC Santa Barbara,2023,-3.0,0.6893788,3.689378798007965,-2.5,-5.5,-1.810621201992035,0,0,1
pepperdine_vs_pacific_20230107,2023-01-07,pepperdine,Pacific,2023,-5.0,6.4955387,11.495538711547852,-7.5,-12.5,-1.0044612884521484,0,0,1
pepperdine_vs_san diego_20230126,2023-01-26,pepperdine,San Diego,2023,-9.0,3.7278335,12.72783350944519,-4.0,-13.0,-0.27216649055480957,0,0,1
pepperdine_vs_portland_20230204,2023-02-04,pepperdine,Portland,2023,1.0,-2.1432502,3.1432502269744873,1.5,2.5,-0.6432502269744873,0,1,0
pepperdine_vs_brigham young_20230209,2023-02-09,pepperdine,Brigham Young,2023,12.0,-6.3692,18.369200229644775,7.5,19.5,1.1307997703552246,1,1,1
pepperdine_vs_gonzaga_20230218,2023-02-18,pepperdine,Gonzaga,2023,-9.0,-16.774868,7.774868011474609,16.0,7.0,-0.7748680114746094,0,1,0
pepperdine_vs_loyola marymount_20230225,2023-02-25,pepperdine,Loyola Marymount,2023,-8.0,-2.8620667,5.137933254241943,2.0,-6.0,-0.8620667457580566,0,0,1
pittsburgh_vs_west virginia_20221111,2022-11-11,pittsburgh,West Virginia,2023,-25.0,-2.0043514,22.995648622512817,3.0,-22.0,0.9956486225128174,1,0,0
pittsburgh_vs_vcu_20221117,2022-11-17,pittsburgh,VCU,2023,-4.0,-0.28084233,3.7191576659679413,4.0,0.0,3.7191576659679413,1,0,0
pittsburgh_vs_alabama state_20221120,2022-11-20,pittsburgh,Alabama State,2023,19.0,18.840635,0.1593647003173828,-20.0,-1.0,-1.1593647003173828,0,0,1
pittsburgh_vs_fairleigh dickinson_20221122,2022-11-22,pittsburgh,Fairleigh Dickinson,2023,22.0,14.000646,7.999354362487793,-14.5,7.5,-0.49935436248779297,0,1,0
pittsburgh_vs_william & mary_20221125,2022-11-25,pittsburgh,William & Mary,2023,16.0,12.437823,3.5621767044067383,-13.5,2.5,-1.0621767044067383,0,1,0
pittsburgh_vs_sacred heart_20221210,2022-12-10,pittsburgh,Sacred Heart,2023,25.0,15.926533,9.073467254638672,-15.5,9.5,0.4265327453613281,1,1,1
pittsburgh_vs_north florida_20221217,2022-12-17,pittsburgh,North Florida,2023,26.0,13.28344,12.716560363769531,-13.5,12.5,-0.21656036376953125,0,1,0
pittsburgh_vs_north carolina_20221230,2022-12-30,pittsburgh,North Carolina,2023,2.0,-5.7453275,7.745327472686768,6.0,8.0,0.2546725273132324,1,1,1
pittsburgh_vs_virginia_20230103,2023-01-03,pittsburgh,Virginia,2023,3.0,-2.9977617,5.9977617263793945,6.0,9.0,3.0022382736206055,1,1,1
pittsburgh_vs_clemson_20230107,2023-01-07,pittsburgh,Clemson,2023,-1.0,1.8809779,2.8809778690338135,-2.5,-3.5,-0.6190221309661865,0,0,1
pittsburgh_vs_florida state_20230121,2023-01-21,pittsburgh,Florida State,2023,-7.0,7.372199,14.372199058532715,-7.5,-14.5,-0.12780094146728516,0,0,1
pittsburgh_vs_wake forest_20230125,2023-01-25,pittsburgh,Wake Forest,2023,2.0,1.2479819,0.7520180940628052,-3.0,-1.0,-1.7520180940628052,0,0,1
pittsburgh_vs_miami (fl)_20230128,2023-01-28,pittsburgh,Miami (FL),2023,3.0,-0.8885905,3.8885905146598816,0.0,3.0,-0.8885905146598816,0,1,0
pittsburgh_vs_louisville_20230207,2023-02-07,pittsburgh,Louisville,2023,34.0,14.805689,19.194311141967773,-15.0,19.0,-0.19431114196777344,0,1,0
pittsburgh_vs_boston college_20230214,2023-02-14,pittsburgh,Boston College,2023,19.0,9.28574,9.71426010131836,-9.0,10.0,0.2857398986816406,1,1,1
pittsburgh_vs_georgia tech_20230221,2023-02-21,pittsburgh,Georgia Tech,2023,8.0,11.168423,3.1684226989746094,-12.0,-4.0,-0.8315773010253906,0,0,1
pittsburgh_vs_syracuse_20230225,2023-02-25,pittsburgh,Syracuse,2023,17.0,5.167992,11.832007884979248,-5.5,11.5,-0.33200788497924805,0,1,0
pittsburgh_vs_xavier_20230319,2023-03-19,pittsburgh,Xavier,2023,-11.0,-3.5931916,7.406808376312256,5.0,-6.0,1.4068083763122559,1,0,0
portland_vs_portland state_20221111,2022-11-11,portland,Portland State,2023,7.0,15.875334,8.875333786010742,-15.5,-8.5,0.3753337860107422,1,0,0
portland_vs_seattle_20221119,2022-11-19,portland,Seattle,2023,-12.0,5.473333,17.47333288192749,-3.5,-15.5,1.9733328819274902,1,0,0
portland_vs_villanova_20221125,2022-11-25,portland,Villanova,2023,12.0,-3.7813716,15.781371593475342,6.5,18.5,2.718628406524658,1,1,1
portland_vs_michigan state_20221127,2022-11-27,portland,Michigan State,2023,-1.0,-4.553219,3.5532188415527344,6.5,5.5,1.9467811584472656,1,1,1
portland_vs_north dakota_20221203,2022-12-03,portland,North Dakota,2023,21.0,13.82229,7.177709579467773,-15.0,6.0,-1.1777095794677734,0,1,0
portland_vs_north dakota state_20221205,2022-12-05,portland,North Dakota State,2023,-5.0,12.711128,17.71112823486328,-13.5,-18.5,-0.7888717651367188,0,0,1
portland_vs_new orleans_20221210,2022-12-10,portland,New Orleans,2023,39.0,15.746534,23.25346565246582,-17.0,22.0,-1.2534656524658203,0,1,0
portland_vs_loyola marymount_20221229,2022-12-29,portland,Loyola Marymount,2023,-20.0,1.9912636,21.99126362800598,-2.0,-22.0,-0.008736371994018555,0,0,1
portland_vs_san francisco_20230112,2023-01-12,portland,San Francisco,2023,5.0,-3.0357826,8.0357825756073,2.0,7.0,-1.0357825756072998,0,1,0
portland_vs_san diego_20230119,2023-01-19,portland,San Diego,2023,5.0,4.4581594,0.5418405532836914,-4.5,0.5,-0.041840553283691406,0,1,0
portland_vs_pepperdine_20230121,2023-01-21,portland,Pepperdine,2023,15.0,4.085647,10.914352893829346,-4.5,10.5,-0.4143528938293457,0,1,0
portland_vs_gonzaga_20230128,2023-01-28,portland,Gonzaga,2023,-15.0,-12.219155,2.7808446884155273,13.5,-1.5,1.2808446884155273,1,0,0
portland_vs_pacific_20230209,2023-02-09,portland,Pacific,2023,8.0,4.3183103,3.681689739227295,-5.5,2.5,-1.181689739227295,0,1,0
portland-state_vs_west virginia_20221125,2022-11-25,portland-state,West Virginia,2023,-18.0,-15.496106,2.5038938522338867,15.5,-2.5,0.0038938522338867188,1,0,0
portland-state_vs_air force_20221203,2022-12-03,portland-state,Air Force,2023,4.0,3.2638614,0.7361385822296143,-4.5,-0.5,-1.2361385822296143,0,0,1
portland-state_vs_uc santa barbara_20221217,2022-12-17,portland-state,UC Santa Barbara,2023,-12.0,-3.9855726,8.014427423477173,5.0,-7.0,1.0144274234771729,1,0,0
portland-state_vs_northern arizona_20230112,2023-01-12,portland-state,Northern Arizona,2023,1.0,7.9603205,6.960320472717285,-8.0,-7.0,-0.039679527282714844,0,0,1
portland-state_vs_northern colorado_20230114,2023-01-14,portland-state,Northern Colorado,2023,-2.0,4.806534,6.8065338134765625,-5.0,-7.0,-0.1934661865234375,0,0,1
portland-state_vs_montana state_20230126,2023-01-26,portland-state,Montana State,2023,-9.0,-4.210903,4.789096832275391,5.5,-3.5,1.2890968322753906,1,0,0
portland-state_vs_montana_20230128,2023-01-28,portland-state,Montana,2023,-6.0,1.5882056,7.588205575942993,0.0,-6.0,1.5882055759429932,1,0,0
portland-state_vs_idaho_20230202,2023-02-02,portland-state,Idaho,2023,3.0,5.3790536,2.3790535926818848,-5.0,-2.0,0.37905359268188477,1,0,0
portland-state_vs_eastern washington_20230204,2023-02-04,portland-state,Eastern Washington,2023,-10.0,-5.0703683,4.92963171005249,4.5,-5.5,-0.5703682899475098,0,0,1
portland-state_vs_idaho state_20230216,2023-02-16,portland-state,Idaho State,2023,9.0,3.953591,5.0464088916778564,-4.5,4.5,-0.5464088916778564,0,1,0
portland-state_vs_weber state_20230218,2023-02-18,portland-state,Weber State,2023,-8.0,1.1522473,9.152247309684753,-1.5,-9.5,-0.3477526903152466,0,0,1
portland-state_vs_sacramento state_20230227,2023-02-27,portland-state,Sacramento State,2023,-2.0,3.0818472,5.081847190856934,-3.0,-5.0,0.0818471908569336,1,0,0
prairie-view_vs_ut martin_20221120,2022-11-20,prairie-view,UT Martin,2023,-1.0,-3.5539513,2.5539512634277344,4.5,3.5,0.9460487365722656,1,1,1
prairie-view_vs_arkansas state_20221125,2022-11-25,prairie-view,Arkansas State,2023,8.0,-1.4180131,9.418013095855713,4.5,12.5,3.081986904144287,1,1,1
prairie-view_vs_oklahoma state_20221127,2022-11-27,prairie-view,Oklahoma State,2023,-25.0,-16.365623,8.634376525878906,19.5,-5.5,3.1343765258789062,1,0,0
prairie-view_vs_rice_20221130,2022-11-30,prairie-view,Rice,2023,-8.0,-3.8624234,4.137576580047607,5.5,-2.5,1.6375765800476074,1,0,0
prairie-view_vs_northwestern_20221211,2022-12-11,prairie-view,Northwestern,2023,-10.0,-15.404341,5.404340744018555,17.0,7.0,1.5956592559814453,1,1,1
prairie-view_vs_illinoisâchicago_20221213,2022-12-13,prairie-view,IllinoisâChicago,2023,-9.0,-0.15521985,8.844780147075653,3.0,-6.0,2.844780147075653,1,0,0
prairie-view_vs_montana_20221217,2022-12-17,prairie-view,Montana,2023,-5.0,-7.220872,2.220871925354004,7.0,2.0,-0.2208719253540039,0,1,0
prairie-view_vs_new mexico_20221220,2022-12-20,prairie-view,New Mexico,2023,-31.0,-13.383992,17.616007804870605,16.5,-14.5,3.1160078048706055,1,0,0
prairie-view_vs_texas a&m_20221230,2022-12-30,prairie-view,Texas A&M,2023,-20.0,-14.281628,5.718372344970703,17.5,-2.5,3.218372344970703,1,0,0
prairie-view_vs_southern_20230104,2023-01-04,prairie-view,Southern,2023,-4.0,3.13271,7.132709980010986,-2.0,-6.0,1.1327099800109863,1,0,0
prairie-view_vs_mississippi valley state_20230107,2023-01-07,prairie-view,Mississippi Valley State,2023,7.0,10.10919,3.109189987182617,-9.5,-2.5,0.6091899871826172,1,0,0
prairie-view_vs_arkansasâpine bluff_20230109,2023-01-09,prairie-view,ArkansasâPine Bluff,2023,-8.0,3.971173,11.97117304801941,-3.5,-11.5,0.4711730480194092,1,0,0
prairie-view_vs_jackson state_20230114,2023-01-14,prairie-view,Jackson State,2023,9.0,2.9300036,6.069996356964111,-3.5,5.5,-0.5699963569641113,0,1,0
prairie-view_vs_alcorn state_20230116,2023-01-16,prairie-view,Alcorn State,2023,-9.0,3.2743864,12.274386405944824,-3.5,-12.5,-0.22561359405517578,0,0,1
prairie-view_vs_alabama state_20230121,2023-01-21,prairie-view,Alabama State,2023,-1.0,4.46181,5.461810111999512,-3.0,-4.0,1.4618101119995117,1,0,0
prairie-view_vs_alabama a&m_20230123,2023-01-23,prairie-view,Alabama A&M,2023,-8.0,4.3223367,12.322336673736572,-2.5,-10.5,1.8223366737365723,1,0,0
prairie-view_vs_texas southern_20230128,2023-01-28,prairie-view,Texas Southern,2023,15.0,-4.1984897,19.198489665985107,6.0,21.0,1.8015103340148926,1,1,1
prairie-view_vs_bethune-cookman_20230204,2023-02-04,prairie-view,Bethune-Cookman,2023,-2.0,6.9753685,8.97536849975586,-7.5,-9.5,-0.5246315002441406,0,0,1
prairie-view_vs_florida a&m_20230206,2023-02-06,prairie-view,Florida A&M,2023,30.0,7.370649,22.629351139068604,-10.0,20.0,-2.6293511390686035,0,1,0
prairie-view_vs_southern_20230211,2023-02-11,prairie-view,Southern,2023,-14.0,-3.9167738,10.083226203918457,5.0,-9.0,1.083226203918457,1,0,0
prairie-view_vs_arkansasâpine bluff_20230218,2023-02-18,prairie-view,ArkansasâPine Bluff,2023,11.0,5.920432,5.079567909240723,-6.0,5.0,-0.07956790924072266,0,1,0
prairie-view_vs_mississippi valley state_20230220,2023-02-20,prairie-view,Mississippi Valley State,2023,2.0,11.75256,9.752559661865234,-11.0,-9.0,0.7525596618652344,1,0,0
prairie-view_vs_alcorn state_20230225,2023-02-25,prairie-view,Alcorn State,2023,4.0,-1.7150775,5.715077519416809,2.5,6.5,0.7849224805831909,1,1,1
prairie-view_vs_jackson state_20230227,2023-02-27,prairie-view,Jackson State,2023,-4.0,1.8841834,5.884183406829834,1.0,-3.0,2.884183406829834,1,0,0
prairie-view_vs_texas southern_20230304,2023-03-04,prairie-view,Texas Southern,2023,4.0,4.2515373,0.2515373229980469,-4.0,0.0,0.2515373229980469,1,0,0
prairie-view_vs_jackson state_20230309,2023-03-09,prairie-view,Jackson State,2023,-2.0,3.6897638,5.689763784408569,-2.0,-4.0,1.6897637844085693,1,0,0
presbyterian_vs_vmi_20221129,2022-11-29,presbyterian,VMI,2023,15.0,4.3393683,10.660631656646729,-5.5,9.5,-1.1606316566467285,0,1,0
presbyterian_vs_college of charleston_20221206,2022-12-06,presbyterian,College of Charleston,2023,-5.0,-12.002268,7.002267837524414,14.5,9.5,2.497732162475586,1,1,1
presbyterian_vs_elon_20221215,2022-12-15,presbyterian,Elon,2023,6.0,5.9883943,0.01160573959350586,-5.0,1.0,0.9883942604064941,1,1,1
presbyterian_vs_campbell_20221229,2022-12-29,presbyterian,Campbell,2023,10.0,-1.5195203,11.519520282745361,2.5,12.5,0.9804797172546387,1,1,1
presbyterian_vs_charleston southern_20230107,2023-01-07,presbyterian,Charleston Southern,2023,-6.0,1.1860327,7.186032652854919,-3.0,-9.0,-1.8139673471450806,0,0,1
presbyterian_vs_gardner-webb_20230111,2023-01-11,presbyterian,Gardner-Webb,2023,-1.0,-6.5383673,5.53836727142334,6.5,5.5,-0.038367271423339844,0,1,0
presbyterian_vs_longwood_20230121,2023-01-21,presbyterian,Longwood,2023,-2.0,-6.072745,4.072744846343994,8.0,6.0,1.9272551536560059,1,1,1
presbyterian_vs_winthrop_20230128,2023-01-28,presbyterian,Winthrop,2023,-18.0,-1.7249503,16.275049686431885,1.5,-16.5,-0.22495031356811523,0,0,1
presbyterian_vs_radford_20230201,2023-02-01,presbyterian,Radford,2023,-8.0,-4.0749674,3.925032615661621,5.5,-2.5,1.425032615661621,1,0,0
presbyterian_vs_unc asheville_20230211,2023-02-11,presbyterian,UNC Asheville,2023,-4.0,-3.5000832,0.49991679191589355,4.5,0.5,0.9999167919158936,1,1,1
presbyterian_vs_high point_20230215,2023-02-15,presbyterian,High Point,2023,-2.0,1.3526684,3.3526684045791626,0.0,-2.0,1.3526684045791626,1,0,0
presbyterian_vs_usc upstate_20230222,2023-02-22,presbyterian,USC Upstate,2023,-2.0,-1.5116504,0.4883495569229126,2.0,0.0,0.4883495569229126,1,0,0
princeton_vs_lafayette_20221206,2022-12-06,princeton,Lafayette,2023,11.0,10.721055,0.2789449691772461,-11.5,-0.5,-0.7789449691772461,0,0,1
princeton_vs_monmouth_20221210,2022-12-10,princeton,Monmouth,2023,37.0,13.773605,23.226394653320312,-15.5,21.5,-1.7263946533203125,0,1,0
princeton_vs_delaware_20221216,2022-12-16,princeton,Delaware,2023,-7.0,5.6496964,12.649696350097656,-6.5,-13.5,-0.8503036499023438,0,0,1
princeton_vs_harvard_20221231,2022-12-31,princeton,Harvard,2023,3.0,4.2494807,1.2494807243347168,-5.5,-2.5,-1.2505192756652832,0,0,1
princeton_vs_dartmouth_20230121,2023-01-21,princeton,Dartmouth,2023,3.0,11.178534,8.178533554077148,-12.5,-9.5,-1.3214664459228516,0,0,1
princeton_vs_cornell_20230203,2023-02-03,princeton,Cornell,2023,7.0,2.8541448,4.145855188369751,-3.0,4.0,-0.14585518836975098,0,1,0
princeton_vs_columbia_20230204,2023-02-04,princeton,Columbia,2023,22.0,15.665134,6.334865570068359,-16.5,5.5,-0.8348655700683594,0,1,0
princeton_vs_brown_20230217,2023-02-17,princeton,Brown,2023,11.0,5.13863,5.861370086669922,-6.0,5.0,-0.8613700866699219,0,1,0
princeton_vs_yale_20230218,2023-02-18,princeton,Yale,2023,-10.0,1.8435438,11.843543767929077,-2.5,-12.5,-0.6564562320709229,0,0,1
princeton_vs_pennsylvania_20230311,2023-03-11,princeton,Pennsylvania,2023,7.0,1.9716945,5.028305530548096,-2.0,5.0,-0.028305530548095703,0,1,0
princeton_vs_yale_20230312,2023-03-12,princeton,Yale,2023,9.0,-2.1739018,11.173901796340942,3.0,12.0,0.8260982036590576,1,1,1
providence_vs_northeastern_20221112,2022-11-12,providence,Northeastern,2023,24.0,13.032471,10.967529296875,-13.5,10.5,-0.467529296875,0,1,0
providence_vs_stonehill_20221115,2022-11-15,providence,Stonehill,2023,24.0,23.764912,0.23508834838867188,-22.5,1.5,1.2649116516113281,1,1,1
providence_vs_saint louis_20221120,2022-11-20,providence,Saint Louis,2023,-3.0,-3.4237554,0.423755407333374,2.5,-0.5,-0.923755407333374,0,0,1
providence_vs_merrimack_20221123,2022-11-23,providence,Merrimack,2023,14.0,21.186174,7.186174392700195,-20.0,-6.0,1.1861743927001953,1,0,0
providence_vs_columbia_20221126,2022-11-26,providence,Columbia,2023,14.0,20.573381,6.573381423950195,-22.5,-8.5,-1.9266185760498047,0,0,1
providence_vs_manhattan_20221207,2022-12-07,providence,Manhattan,2023,40.0,20.35187,19.648130416870117,-20.5,19.5,-0.1481304168701172,0,1,0
providence_vs_albany (ny)_20221210,2022-12-10,providence,Albany (NY),2023,38.0,21.702122,16.29787826538086,-23.0,15.0,-1.2978782653808594,0,1,0
providence_vs_marquette_20221220,2022-12-20,providence,Marquette,2023,5.0,-0.383903,5.383902996778488,1.0,6.0,0.6160970032215118,1,1,1
providence_vs_connecticut_20230104,2023-01-04,providence,Connecticut,2023,12.0,-3.698079,15.698079109191895,5.5,17.5,1.8019208908081055,1,1,1
providence_vs_st. john's (ny)_20230107,2023-01-07,providence,St. John's (NY),2023,3.0,6.175411,3.1754112243652344,-6.5,-3.5,-0.3245887756347656,0,0,1
providence_vs_depaul_20230121,2023-01-21,providence,DePaul,2023,11.0,9.061623,1.9383773803710938,-9.0,2.0,0.06162261962890625,1,1,1
providence_vs_butler_20230125,2023-01-25,providence,Butler,2023,21.0,9.3117,11.688300132751465,-9.5,11.5,-0.18830013275146484,0,1,0
providence_vs_georgetown_20230208,2023-02-08,providence,Georgetown,2023,12.0,14.536666,2.536665916442871,-13.0,-1.0,1.536665916442871,1,0,0
providence_vs_creighton_20230214,2023-02-14,providence,Creighton,2023,8.0,1.3364604,6.66353964805603,1.0,9.0,2.3364603519439697,1,1,1
providence_vs_villanova_20230218,2023-02-18,providence,Villanova,2023,13.0,2.8587317,10.141268253326416,-3.5,9.5,-0.641268253326416,0,1,0
providence_vs_xavier_20230301,2023-03-01,providence,Xavier,2023,-5.0,5.6137414,10.613741397857666,-4.0,-9.0,1.613741397857666,1,0,0
providence_vs_seton hall_20230304,2023-03-04,providence,Seton Hall,2023,-24.0,7.9448957,31.94489574432373,-8.0,-32.0,-0.05510425567626953,0,0,1
purdue_vs_austin peay_20221111,2022-11-11,purdue,Austin Peay,2023,19.0,24.562382,5.562381744384766,-25.0,-6.0,-0.4376182556152344,0,0,1
purdue_vs_marquette_20221115,2022-11-15,purdue,Marquette,2023,5.0,8.757397,3.757396697998047,-7.5,-2.5,1.2573966979980469,1,0,0
purdue_vs_west virginia_20221124,2022-11-24,purdue,West Virginia,2023,12.0,2.1747868,9.825213193893433,-1.5,10.5,0.6747868061065674,1,1,1
purdue_vs_minnesota_20221204,2022-12-04,purdue,Minnesota,2023,19.0,18.943674,0.05632591247558594,-19.0,0.0,-0.05632591247558594,0,0,1
purdue_vs_hofstra_20221207,2022-12-07,purdue,Hofstra,2023,19.0,24.341347,5.341346740722656,-23.5,-4.5,0.8413467407226562,1,0,0
purdue_vs_new orleans_20221221,2022-12-21,purdue,New Orleans,2023,21.0,29.266703,8.266702651977539,-31.0,-10.0,-1.733297348022461,0,0,1
purdue_vs_florida a&m_20221229,2022-12-29,purdue,Florida A&M,2023,33.0,35.063507,2.063507080078125,-37.0,-4.0,-1.936492919921875,0,0,1
purdue_vs_rutgers_20230102,2023-01-02,purdue,Rutgers,2023,-1.0,7.834737,8.834736824035645,-8.5,-9.5,-0.6652631759643555,0,0,1
purdue_vs_nebraska_20230113,2023-01-13,purdue,Nebraska,2023,18.0,15.011643,2.988356590270996,-15.5,2.5,-0.4883565902709961,0,1,0
purdue_vs_maryland_20230122,2023-01-22,purdue,Maryland,2023,3.0,8.915478,5.915477752685547,-8.5,-5.5,0.4154777526855469,1,0,0
purdue_vs_michigan state_20230129,2023-01-29,purdue,Michigan State,2023,16.0,8.499338,7.500661849975586,-8.0,8.0,0.49933815002441406,1,1,1
purdue_vs_penn state_20230201,2023-02-01,purdue,Penn State,2023,20.0,10.814546,9.185454368591309,-10.0,10.0,0.8145456314086914,1,1,1
purdue_vs_iowa_20230209,2023-02-09,purdue,Iowa,2023,14.0,9.121443,4.878557205200195,-7.0,7.0,2.1214427947998047,1,1,1
purdue_vs_ohio state_20230219,2023-02-19,purdue,Ohio State,2023,27.0,12.5811205,14.418879508972168,-12.5,14.5,0.08112049102783203,1,1,1
purdue_vs_indiana_20230225,2023-02-25,purdue,Indiana,2023,-8.0,6.7409716,14.740971565246582,-7.0,-15.0,-0.25902843475341797,0,0,1
purdue_vs_illinois_20230305,2023-03-05,purdue,Illinois,2023,5.0,6.1028914,1.102891445159912,-7.0,-2.0,-0.8971085548400879,0,0,1
purdue_vs_rutgers_20230310,2023-03-10,purdue,Rutgers,2023,5.0,6.494618,1.4946179389953613,-6.5,-1.5,-0.005382061004638672,0,0,1
queens-nc_vs_austin peay_20221229,2022-12-29,queens-nc,Austin Peay,2023,4.0,7.946907,3.9469070434570312,-8.0,-4.0,-0.05309295654296875,0,0,1
queens-nc_vs_kennesaw state_20230107,2023-01-07,queens-nc,Kennesaw State,2023,-9.0,3.136345,12.136344909667969,-3.5,-12.5,-0.36365509033203125,0,0,1
queens-nc_vs_central arkansas_20230112,2023-01-12,queens-nc,Central Arkansas,2023,-1.0,11.302672,12.302672386169434,-12.0,-13.0,-0.6973276138305664,0,0,1
queens-nc_vs_north alabama_20230114,2023-01-14,queens-nc,North Alabama,2023,29.0,6.430859,22.569140911102295,-7.0,22.0,-0.5691409111022949,0,1,0
queens-nc_vs_florida gulf coast_20230126,2023-01-26,queens-nc,Florida Gulf Coast,2023,2.0,2.4827754,0.4827754497528076,-1.0,1.0,1.4827754497528076,1,1,1
queens-nc_vs_stetson_20230128,2023-01-28,queens-nc,Stetson,2023,6.0,4.7,1.3000001907348633,-3.0,3.0,1.6999998092651367,1,1,1
queens-nc_vs_bellarmine_20230211,2023-02-11,queens-nc,Bellarmine,2023,-4.0,4.9018345,8.901834487915039,-5.0,-9.0,-0.09816551208496094,0,0,1
queens-nc_vs_liberty_20230222,2023-02-22,queens-nc,Liberty,2023,-8.0,-8.8389845,0.838984489440918,10.0,2.0,1.161015510559082,1,1,1
quinnipiac_vs_dartmouth_20221115,2022-11-15,quinnipiac,Dartmouth,2023,9.0,10.604371,1.6043710708618164,-9.0,0.0,1.6043710708618164,1,0,0
quinnipiac_vs_stephen f. austin_20221125,2022-11-25,quinnipiac,Stephen F. Austin,2023,14.0,-5.0285378,19.02853775024414,6.0,20.0,0.9714622497558594,1,1,1
quinnipiac_vs_niagara_20221204,2022-12-04,quinnipiac,Niagara,2023,-4.0,5.6667924,9.666792392730713,-6.0,-10.0,-0.3332076072692871,0,0,1
quinnipiac_vs_lafayette_20221210,2022-12-10,quinnipiac,Lafayette,2023,13.0,6.2068605,6.793139457702637,-7.0,6.0,-0.7931394577026367,0,1,0
quinnipiac_vs_siena_20221230,2022-12-30,quinnipiac,Siena,2023,-7.0,2.519658,9.519658088684082,-2.5,-9.5,0.01965808868408203,1,0,0
quinnipiac_vs_iona_20230108,2023-01-08,quinnipiac,Iona,2023,23.0,-7.5975857,30.597585678100586,6.5,29.5,-1.097585678100586,0,1,0
quinnipiac_vs_saint peter's_20230113,2023-01-13,quinnipiac,Saint Peter's,2023,7.0,8.6741495,1.674149513244629,-9.5,-2.5,-0.8258504867553711,0,0,1
quinnipiac_vs_canisius_20230122,2023-01-22,quinnipiac,Canisius,2023,5.0,9.374226,4.374225616455078,-8.5,-3.5,0.8742256164550781,1,0,0
quinnipiac_vs_marist_20230131,2023-01-31,quinnipiac,Marist,2023,6.0,9.958794,3.9587936401367188,-10.5,-4.5,-0.5412063598632812,0,0,1
quinnipiac_vs_fairfield_20230203,2023-02-03,quinnipiac,Fairfield,2023,15.0,4.3016505,10.698349475860596,-4.5,10.5,-0.1983494758605957,0,1,0
quinnipiac_vs_mount st. mary's_20230205,2023-02-05,quinnipiac,Mount St. Mary's,2023,-4.0,11.091344,15.091343879699707,-10.5,-14.5,0.591343879699707,1,0,0
quinnipiac_vs_rider_20230219,2023-02-19,quinnipiac,Rider,2023,2.0,3.1236248,1.1236248016357422,-2.5,-0.5,0.6236248016357422,1,0,0
quinnipiac_vs_manhattan_20230226,2023-02-26,quinnipiac,Manhattan,2023,-2.0,9.116531,11.116531372070312,-8.0,-10.0,1.1165313720703125,1,0,0
radford_vs_notre dame_20221110,2022-11-10,radford,Notre Dame,2023,-3.0,-18.34092,15.340919494628906,18.0,15.0,-0.34091949462890625,0,1,0
radford_vs_north carolina central_20221201,2022-12-01,radford,North Carolina Central,2023,2.0,4.707862,2.70786190032959,-4.5,-2.5,0.20786190032958984,1,0,0
radford_vs_george washington_20221204,2022-12-04,radford,George Washington,2023,10.0,-0.40759483,10.407594829797745,-2.0,8.0,-2.4075948297977448,0,1,0
radford_vs_presbyterian_20221231,2022-12-31,radford,Presbyterian,2023,18.0,8.386134,9.613865852355957,-9.0,9.0,-0.613865852355957,0,1,0
radford_vs_usc upstate_20230104,2023-01-04,radford,USC Upstate,2023,-5.0,9.055936,14.055935859680176,-9.5,-14.5,-0.4440641403198242,0,0,1
radford_vs_charleston southern_20230114,2023-01-14,radford,Charleston Southern,2023,5.0,6.932267,1.932267189025879,-7.0,-2.0,-0.0677328109741211,0,0,1
radford_vs_high point_20230121,2023-01-21,radford,High Point,2023,15.0,5.7601986,9.239801406860352,-6.5,8.5,-0.7398014068603516,0,1,0
radford_vs_longwood_20230126,2023-01-26,radford,Longwood,2023,4.0,1.5915855,2.4084144830703735,-1.5,2.5,0.09158551692962646,1,1,1
radford_vs_winthrop_20230204,2023-02-04,radford,Winthrop,2023,3.0,6.0422344,3.042234420776367,-7.0,-4.0,-0.9577655792236328,0,0,1
radford_vs_gardner-webb_20230209,2023-02-09,radford,Gardner-Webb,2023,-13.0,1.9705148,14.97051477432251,-3.5,-16.5,-1.5294852256774902,0,0,1
radford_vs_unc asheville_20230216,2023-02-16,radford,UNC Asheville,2023,-9.0,5.2164855,14.216485500335693,-4.5,-13.5,0.7164855003356934,1,0,0
radford_vs_campbell_20230225,2023-02-25,radford,Campbell,2023,2.0,5.85888,3.858880043029785,-4.0,-2.0,1.8588800430297852,1,0,0
radford_vs_winthrop_20230303,2023-03-03,radford,Winthrop,2023,9.0,2.3108056,6.689194440841675,-2.0,7.0,0.3108055591583252,1,1,1
radford_vs_tarleton state_20230319,2023-03-19,radford,Tarleton State,2023,2.0,-0.48742938,2.48742938041687,1.5,3.5,1.0125706195831299,1,1,1
radford_vs_san jose state_20230320,2023-03-20,radford,San Jose State,2023,10.0,-6.13855,16.1385498046875,6.0,16.0,-0.1385498046875,0,1,0
rhode-island_vs_texas state_20221112,2022-11-12,rhode-island,Texas State,2023,-4.0,8.078766,12.078765869140625,-7.5,-11.5,0.578765869140625,1,0,0
rhode-island_vs_stony brook_20221115,2022-11-15,rhode-island,Stony Brook,2023,10.0,9.504459,0.4955406188964844,-11.5,-1.5,-1.9955406188964844,0,0,1
rhode-island_vs_tulane_20221122,2022-11-22,rhode-island,Tulane,2023,-3.0,-6.2922153,3.292215347290039,9.0,6.0,2.707784652709961,1,1,1
rhode-island_vs_providence_20221203,2022-12-03,rhode-island,Providence,2023,-14.0,-3.4092698,10.5907301902771,5.5,-8.5,2.0907301902770996,1,0,0
rhode-island_vs_brown_20221207,2022-12-07,rhode-island,Brown,2023,-1.0,4.868745,5.868744850158691,-5.0,-6.0,-0.1312551498413086,0,0,1
rhode-island_vs_army_20221210,2022-12-10,rhode-island,Army,2023,10.0,6.2433686,3.756631374359131,-7.0,3.0,-0.7566313743591309,0,1,0
rhode-island_vs_fordham_20230104,2023-01-04,rhode-island,Fordham,2023,3.0,1.9372612,1.0627387762069702,-2.5,0.5,-0.5627387762069702,0,1,0
rhode-island_vs_st. bonaventure_20230111,2023-01-11,rhode-island,St. Bonaventure,2023,1.0,1.4110584,0.4110584259033203,-2.0,-1.0,-0.5889415740966797,0,0,1
rhode-island_vs_george mason_20230121,2023-01-21,rhode-island,George Mason,2023,-7.0,-1.8598027,5.140197277069092,2.0,-5.0,0.1401972770690918,1,0,0
rhode-island_vs_dayton_20230125,2023-01-25,rhode-island,Dayton,2023,5.0,-8.098746,13.098746299743652,9.0,14.0,0.9012537002563477,1,1,1
rhode-island_vs_la salle_20230128,2023-01-28,rhode-island,La Salle,2023,2.0,5.500819,3.500819206237793,-5.5,-3.5,0.0008192062377929688,1,0,0
rhode-island_vs_vcu_20230215,2023-02-15,rhode-island,VCU,2023,-1.0,-7.454267,6.4542670249938965,8.5,7.5,1.0457329750061035,1,1,1
rhode-island_vs_massachusetts_20230218,2023-02-18,rhode-island,Massachusetts,2023,-24.0,4.8738008,28.87380075454712,-5.0,-29.0,-0.12619924545288086,0,0,1
rhode-island_vs_george washington_20230222,2023-02-22,rhode-island,George Washington,2023,-9.0,0.089451775,9.089451774954796,-2.5,-11.5,-2.410548225045204,0,0,1
rhode-island_vs_davidson_20230304,2023-03-04,rhode-island,Davidson,2023,-14.0,-2.452832,11.547168016433716,2.5,-11.5,0.04716801643371582,1,0,0
rice_vs_georgia southern_20221118,2022-11-18,rice,Georgia Southern,2023,17.0,5.4670553,11.532944679260254,-5.5,11.5,-0.032944679260253906,0,1,0
rice_vs_northwestern state_20221217,2022-12-17,rice,Northwestern State,2023,37.0,4.0940576,32.90594244003296,-5.5,31.5,-1.405942440032959,0,1,0
rice_vs_louisiana tech_20230105,2023-01-05,rice,Louisiana Tech,2023,-6.0,2.0894036,8.089403629302979,-2.5,-8.5,-0.4105963706970215,0,0,1
rice_vs_middle tennessee_20230111,2023-01-11,rice,Middle Tennessee,2023,-3.0,1.9187338,4.918733835220337,-2.5,-5.5,-0.5812661647796631,0,0,1
rice_vs_utep_20230114,2023-01-14,rice,UTEP,2023,1.0,2.5944734,1.5944733619689941,-4.0,-3.0,-1.4055266380310059,0,0,1
rice_vs_charlotte_20230126,2023-01-26,rice,Charlotte,2023,2.0,2.2572834,0.25728344917297363,-1.0,1.0,1.2572834491729736,1,1,1
rice_vs_uab_20230128,2023-01-28,rice,UAB,2023,-18.0,-0.9493824,17.050617575645447,1.5,-16.5,0.5506175756454468,1,0,0
rice_vs_north texas_20230204,2023-02-04,rice,North Texas,2023,-10.0,-3.6264906,6.373509407043457,5.0,-5.0,1.373509407043457,1,0,0
rice_vs_utsa_20230216,2023-02-16,rice,UTSA,2023,-5.0,10.746588,15.746587753295898,-11.5,-16.5,-0.7534122467041016,0,0,1
rice_vs_western kentucky_20230218,2023-02-18,rice,Western Kentucky,2023,6.0,1.4063863,4.5936137437820435,-2.0,4.0,-0.5936137437820435,0,1,0
rice_vs_florida atlantic_20230302,2023-03-02,rice,Florida Atlantic,2023,-29.0,-6.905571,22.09442901611328,8.5,-20.5,1.5944290161132812,1,0,0
rice_vs_florida international_20230304,2023-03-04,rice,Florida International,2023,-7.0,4.789814,11.789813995361328,-5.5,-12.5,-0.7101860046386719,0,0,1
rice_vs_utsa_20230308,2023-03-08,rice,UTSA,2023,1.0,6.027437,5.027437210083008,-6.0,-5.0,0.027437210083007812,1,0,0
rice_vs_southern utah_20230320,2023-03-20,rice,Southern Utah,2023,-2.0,-4.1960335,2.196033477783203,4.5,2.5,0.3039665222167969,1,1,1
richmond_vs_wichita state_20221117,2022-11-17,richmond,Wichita State,2023,-3.0,4.6802015,7.680201530456543,-4.5,-7.5,0.18020153045654297,1,0,0
richmond_vs_syracuse_20221121,2022-11-21,richmond,Syracuse,2023,-3.0,-2.1552706,0.8447294235229492,4.0,1.0,1.8447294235229492,1,1,1
richmond_vs_temple_20221122,2022-11-22,richmond,Temple,2023,12.0,-1.3039284,13.30392837524414,1.0,13.0,-0.3039283752441406,0,1,0
richmond_vs_drake_20221210,2022-12-10,richmond,Drake,2023,30.0,-1.1643393,31.164339303970337,2.5,32.5,1.335660696029663,1,1,1
richmond_vs_fairleigh dickinson_20221213,2022-12-13,richmond,Fairleigh Dickinson,2023,29.0,16.862032,12.137968063354492,-17.0,12.0,-0.1379680633544922,0,1,0
richmond_vs_bucknell_20221221,2022-12-21,richmond,Bucknell,2023,10.0,10.320981,0.3209810256958008,-10.0,0.0,0.3209810256958008,1,0,0
richmond_vs_coppin state_20221228,2022-12-28,richmond,Coppin State,2023,18.0,14.687831,3.312169075012207,-14.5,3.5,0.18783092498779297,1,1,1
richmond_vs_george washington_20230104,2023-01-04,richmond,George Washington,2023,10.0,9.97979,0.02021026611328125,-8.5,1.5,1.4797897338867188,1,1,1
richmond_vs_duquesne_20230107,2023-01-07,richmond,Duquesne,2023,2.0,1.238507,0.7614929676055908,-3.0,-1.0,-1.7614929676055908,0,0,1
richmond_vs_rhode island_20230117,2023-01-17,richmond,Rhode Island,2023,7.0,7.8481336,0.8481335639953613,-8.0,-1.0,-0.15186643600463867,0,0,1
richmond_vs_vcu_20230120,2023-01-20,richmond,VCU,2023,-12.0,2.066896,14.066895961761475,-1.5,-13.5,0.5668959617614746,1,0,0
richmond_vs_st. bonaventure_20230201,2023-02-01,richmond,St. Bonaventure,2023,-4.0,5.449891,9.449891090393066,-5.0,-9.0,0.4498910903930664,1,0,0
richmond_vs_fordham_20230205,2023-02-05,richmond,Fordham,2023,10.0,4.9745364,5.025463581085205,-4.5,5.5,0.4745364189147949,1,1,1
richmond_vs_loyola chicago_20230211,2023-02-11,richmond,Loyola Chicago,2023,3.0,6.625005,3.625004768371582,-7.5,-4.5,-0.874995231628418,0,0,1
richmond_vs_saint louis_20230221,2023-02-21,richmond,Saint Louis,2023,3.0,-0.52654344,3.526543438434601,1.0,4.0,0.47345656156539917,1,1,1
richmond_vs_george mason_20230304,2023-03-04,richmond,George Mason,2023,-2.0,2.1138518,4.11385178565979,-2.5,-4.5,-0.38614821434020996,0,0,1
rider_vs_monmouth_20221130,2022-11-30,rider,Monmouth,2023,26.0,9.841332,16.15866756439209,-8.5,17.5,1.3413324356079102,1,1,1
rider_vs_delaware_20221219,2022-12-19,rider,Delaware,2023,-1.0,0.86401236,1.864012360572815,-1.5,-2.5,-0.6359876394271851,0,0,1
rider_vs_marist_20221222,2022-12-22,rider,Marist,2023,6.0,6.6052475,0.6052474975585938,-6.5,-0.5,0.10524749755859375,1,0,0
rider_vs_quinnipiac_20230106,2023-01-06,rider,Quinnipiac,2023,-9.0,-1.0648432,7.93515682220459,1.0,-8.0,-0.06484317779541016,0,0,1
rider_vs_niagara_20230120,2023-01-20,rider,Niagara,2023,3.0,6.3078804,3.307880401611328,-4.5,-1.5,1.8078804016113281,1,0,0
rider_vs_manhattan_20230122,2023-01-22,rider,Manhattan,2023,2.0,6.673428,4.673428058624268,-7.5,-5.5,-0.8265719413757324,0,0,1
rider_vs_saint peter's_20230203,2023-02-03,rider,Saint Peter's,2023,21.0,5.3806767,15.619323253631592,-5.0,16.0,0.3806767463684082,1,1,1
rider_vs_fairfield_20230210,2023-02-10,rider,Fairfield,2023,1.0,5.24278,4.2427802085876465,-4.0,-3.0,1.2427802085876465,1,0,0
rider_vs_canisius_20230217,2023-02-17,rider,Canisius,2023,-3.0,6.5667973,9.566797256469727,-6.0,-9.0,0.5667972564697266,1,0,0
rider_vs_siena_20230224,2023-02-24,rider,Siena,2023,3.0,2.668001,0.3319990634918213,-2.5,0.5,0.1680009365081787,1,1,1
rider_vs_mount st. mary's_20230226,2023-02-26,rider,Mount St. Mary's,2023,-5.0,5.7499237,10.749923706054688,-5.0,-10.0,0.7499237060546875,1,0,0
rider_vs_iona_20230304,2023-03-04,rider,Iona,2023,-2.0,-6.1400647,4.140064716339111,7.0,5.0,0.8599352836608887,1,1,1
rider_vs_saint peter's_20230308,2023-03-08,rider,Saint Peter's,2023,-8.0,5.939714,13.939713954925537,-6.5,-14.5,-0.5602860450744629,0,0,1
robert-morris_vs_south alabama_20221127,2022-11-27,robert-morris,South Alabama,2023,-14.0,-8.036246,5.963753700256348,8.5,-5.5,0.46375370025634766,1,0,0
robert-morris_vs_marshall_20221210,2022-12-10,robert-morris,Marshall,2023,-9.0,-9.705383,0.70538330078125,8.5,-0.5,-1.20538330078125,0,0,1
robert-morris_vs_saint francis (pa)_20221221,2022-12-21,robert-morris,Saint Francis (PA),2023,11.0,7.2547145,3.7452855110168457,-8.0,3.0,-0.7452855110168457,0,1,0
robert-morris_vs_cleveland state_20221231,2022-12-31,robert-morris,Cleveland State,2023,-9.0,0.3824052,9.382405191659927,-2.0,-11.0,-1.6175948083400726,0,0,1
robert-morris_vs_iupui_20230109,2023-01-09,robert-morris,IUPUI,2023,7.0,15.685626,8.685626029968262,-16.0,-9.0,-0.3143739700317383,0,0,1
robert-morris_vs_detroit mercy_20230127,2023-01-27,robert-morris,Detroit Mercy,2023,8.0,1.1209408,6.879059195518494,-2.5,5.5,-1.3790591955184937,0,1,0
robert-morris_vs_oakland_20230129,2023-01-29,robert-morris,Oakland,2023,5.0,1.590084,3.409916043281555,-2.5,2.5,-0.9099160432815552,0,1,0
robert-morris_vs_northern kentucky_20230202,2023-02-02,robert-morris,Northern Kentucky,2023,-13.0,-1.604972,11.395027995109558,2.5,-10.5,0.8950279951095581,1,0,0
robert-morris_vs_wright state_20230204,2023-02-04,robert-morris,Wright State,2023,-15.0,1.5784056,16.578405618667603,-1.5,-16.5,0.07840561866760254,1,0,0
robert-morris_vs_green bay_20230216,2023-02-16,robert-morris,Green Bay,2023,15.0,14.8837,0.11629962921142578,-13.5,1.5,1.3837003707885742,1,1,1
robert-morris_vs_milwaukee_20230218,2023-02-18,robert-morris,Milwaukee,2023,20.0,0.7710038,19.228996217250824,-3.0,17.0,-2.228996217250824,0,1,0
robert-morris_vs_youngstown state_20230221,2023-02-21,robert-morris,Youngstown State,2023,19.0,-4.6246433,23.624643325805664,4.5,23.5,-0.12464332580566406,0,1,0
robert-morris_vs_iupui_20230228,2023-02-28,robert-morris,IUPUI,2023,3.0,14.341862,11.341861724853516,-14.0,-11.0,0.3418617248535156,1,0,0
rutgers_vs_umass lowell_20221112,2022-11-12,rutgers,UMass Lowell,2023,8.0,16.332907,8.332906723022461,-13.5,-5.5,2.832906723022461,1,0,0
rutgers_vs_temple_20221118,2022-11-18,rutgers,Temple,2023,-6.0,3.4316256,9.431625604629517,-4.5,-10.5,-1.0683743953704834,0,0,1
rutgers_vs_rider_20221122,2022-11-22,rutgers,Rider,2023,30.0,14.3601465,15.639853477478027,-14.5,15.5,-0.13985347747802734,0,1,0
rutgers_vs_central connecticut state_20221126,2022-11-26,rutgers,Central Connecticut State,2023,34.0,24.229866,9.770133972167969,-26.0,8.0,-1.7701339721679688,0,1,0
rutgers_vs_indiana_20221203,2022-12-03,rutgers,Indiana,2023,15.0,-1.5036131,16.503613114356995,3.0,18.0,1.4963868856430054,1,1,1
rutgers_vs_seton hall_20221211,2022-12-11,rutgers,Seton Hall,2023,-2.0,8.388522,10.388522148132324,-8.0,-10.0,0.3885221481323242,1,0,0
rutgers_vs_wake forest_20221217,2022-12-17,rutgers,Wake Forest,2023,24.0,10.146331,13.853669166564941,-9.0,15.0,1.1463308334350586,1,1,1
rutgers_vs_bucknell_20221223,2022-12-23,rutgers,Bucknell,2023,35.0,14.880879,20.119120597839355,-19.0,16.0,-4.1191205978393555,0,1,0
rutgers_vs_coppin state_20221230,2022-12-30,rutgers,Coppin State,2023,33.0,24.235722,8.764278411865234,-25.0,8.0,-0.7642784118652344,0,1,0
rutgers_vs_maryland_20230105,2023-01-05,rutgers,Maryland,2023,14.0,4.8380017,9.161998271942139,-5.5,8.5,-0.6619982719421387,0,1,0
rutgers_vs_iowa_20230108,2023-01-08,rutgers,Iowa,2023,-11.0,6.387531,17.38753080368042,-5.5,-16.5,0.8875308036804199,1,0,0
rutgers_vs_ohio state_20230115,2023-01-15,rutgers,Ohio State,2023,4.0,1.8120555,2.187944531440735,-2.5,1.5,-0.6879445314407349,0,1,0
rutgers_vs_penn state_20230124,2023-01-24,rutgers,Penn State,2023,20.0,8.629642,11.37035846710205,-6.5,13.5,2.129641532897949,1,1,1
rutgers_vs_minnesota_20230201,2023-02-01,rutgers,Minnesota,2023,35.0,14.196114,20.80388641357422,-15.0,20.0,-0.8038864135742188,0,1,0
rutgers_vs_michigan state_20230204,2023-02-04,rutgers,Michigan State,2023,6.0,5.736102,0.2638978958129883,-5.0,1.0,0.7361021041870117,1,1,1
rutgers_vs_nebraska_20230214,2023-02-14,rutgers,Nebraska,2023,-10.0,12.97064,22.970640182495117,-14.0,-24.0,-1.0293598175048828,0,0,1
rutgers_vs_michigan_20230223,2023-02-23,rutgers,Michigan,2023,-13.0,5.8695636,18.869563579559326,-5.5,-18.5,0.36956357955932617,1,0,0
rutgers_vs_northwestern_20230305,2023-03-05,rutgers,Northwestern,2023,-12.0,6.5631566,18.563156604766846,-5.5,-17.5,1.0631566047668457,1,0,0
rutgers_vs_hofstra_20230314,2023-03-14,rutgers,Hofstra,2023,-2.0,6.2511992,8.25119924545288,-5.5,-7.5,0.7511992454528809,1,0,0
sacramento-state_vs_southern utah_20221126,2022-11-26,sacramento-state,Southern Utah,2023,-4.0,-5.260762,1.2607622146606445,4.0,0.0,-1.2607622146606445,0,0,1
sacramento-state_vs_denver_20221207,2022-12-07,sacramento-state,Denver,2023,2.0,7.1483564,5.1483564376831055,-6.5,-4.5,0.6483564376831055,1,0,0
sacramento-state_vs_long beach state_20221210,2022-12-10,sacramento-state,Long Beach State,2023,2.0,-0.83150923,2.831509232521057,2.0,4.0,1.1684907674789429,1,1,1
sacramento-state_vs_portland state_20221231,2022-12-31,sacramento-state,Portland State,2023,11.0,1.521336,9.47866404056549,-2.5,8.5,-0.9786640405654907,0,1,0
sacramento-state_vs_northern colorado_20230112,2023-01-12,sacramento-state,Northern Colorado,2023,8.0,3.1508021,4.849197864532471,-3.5,4.5,-0.3491978645324707,0,1,0
sacramento-state_vs_northern arizona_20230114,2023-01-14,sacramento-state,Northern Arizona,2023,3.0,8.080805,5.080804824829102,-8.5,-5.5,-0.41919517517089844,0,0,1
sacramento-state_vs_montana state_20230128,2023-01-28,sacramento-state,Montana State,2023,-7.0,-2.9089253,4.091074705123901,3.5,-3.5,0.5910747051239014,1,0,0
sacramento-state_vs_eastern washington_20230202,2023-02-02,sacramento-state,Eastern Washington,2023,-19.0,-1.58657,17.413429975509644,1.0,-18.0,-0.5865700244903564,0,0,1
sacramento-state_vs_idaho_20230204,2023-02-04,sacramento-state,Idaho,2023,-6.0,6.486738,12.486738204956055,-6.5,-12.5,-0.013261795043945312,0,0,1
sacramento-state_vs_weber state_20230216,2023-02-16,sacramento-state,Weber State,2023,-3.0,2.0994327,5.099432706832886,-2.0,-5.0,0.09943270683288574,1,0,0
sacramento-state_vs_idaho state_20230218,2023-02-18,sacramento-state,Idaho State,2023,5.0,5.9793196,0.9793195724487305,-4.0,1.0,1.9793195724487305,1,1,1
sacramento-state_vs_weber state_20230306,2023-03-06,sacramento-state,Weber State,2023,-6.0,-1.7722728,4.227727174758911,2.5,-3.5,0.7277271747589111,1,0,0
sacred-heart_vs_columbia_20221113,2022-11-13,sacred-heart,Columbia,2023,3.0,9.158112,6.158111572265625,-5.5,-2.5,3.658111572265625,1,0,0
sacred-heart_vs_njit_20221122,2022-11-22,sacred-heart,NJIT,2023,-10.0,5.6173215,15.617321491241455,-6.5,-16.5,-0.8826785087585449,0,0,1
sacred-heart_vs_umass lowell_20221203,2022-12-03,sacred-heart,UMass Lowell,2023,-11.0,-8.146247,2.853753089904785,6.5,-4.5,-1.6462469100952148,0,0,1
sacred-heart_vs_holy cross_20221222,2022-12-22,sacred-heart,Holy Cross,2023,4.0,6.6092935,2.6092934608459473,-7.0,-3.0,-0.39070653915405273,0,0,1
sacred-heart_vs_stonehill_20221229,2022-12-29,sacred-heart,Stonehill,2023,-7.0,5.8693705,12.869370460510254,-5.0,-12.0,0.8693704605102539,1,0,0
sacred-heart_vs_saint francis (pa)_20230116,2023-01-16,sacred-heart,Saint Francis (PA),2023,3.0,2.1488757,0.8511242866516113,-3.5,-0.5,-1.3511242866516113,0,0,1
sacred-heart_vs_liu_20230126,2023-01-26,sacred-heart,LIU,2023,-4.0,13.842955,17.842954635620117,-13.0,-17.0,0.8429546356201172,1,0,0
sacred-heart_vs_wagner_20230202,2023-02-02,sacred-heart,Wagner,2023,9.0,2.4260552,6.573944807052612,-2.5,6.5,-0.0739448070526123,0,1,0
sacred-heart_vs_central connecticut state_20230204,2023-02-04,sacred-heart,Central Connecticut State,2023,13.0,3.4902387,9.509761333465576,-3.5,9.5,-0.009761333465576172,0,1,0
sacred-heart_vs_fairleigh dickinson_20230216,2023-02-16,sacred-heart,Fairleigh Dickinson,2023,8.0,3.52466,4.475339889526367,-2.0,6.0,1.5246601104736328,1,1,1
sacred-heart_vs_merrimack_20230218,2023-02-18,sacred-heart,Merrimack,2023,-12.0,1.8785323,13.87853229045868,-2.0,-14.0,-0.1214677095413208,0,0,1
sacred-heart_vs_wagner_20230301,2023-03-01,sacred-heart,Wagner,2023,12.0,2.477287,9.52271294593811,-2.0,10.0,0.47728705406188965,1,1,1
saint-francis-pa_vs_cornell_20221114,2022-11-14,saint-francis-pa,Cornell,2023,-3.0,-1.9995733,1.0004266500473022,4.0,1.0,2.0004266500473022,1,1,1
saint-francis-pa_vs_lehigh_20221121,2022-11-21,saint-francis-pa,Lehigh,2023,-6.0,2.1502101,8.15021014213562,0.0,-6.0,2.15021014213562,1,0,0
saint-francis-pa_vs_american_20221126,2022-11-26,saint-francis-pa,American,2023,-11.0,2.8928037,13.89280366897583,-2.0,-13.0,0.8928036689758301,1,0,0
saint-francis-pa_vs_central connecticut state_20221229,2022-12-29,saint-francis-pa,Central Connecticut State,2023,8.0,3.3882222,4.6117777824401855,-4.0,4.0,-0.6117777824401855,0,1,0
saint-francis-pa_vs_stonehill_20221231,2022-12-31,saint-francis-pa,Stonehill,2023,1.0,2.7448835,1.7448835372924805,-2.0,-1.0,0.7448835372924805,1,0,0
saint-francis-pa_vs_liu_20230114,2023-01-14,saint-francis-pa,LIU,2023,19.0,10.552367,8.447632789611816,-11.0,8.0,-0.4476327896118164,0,1,0
saint-francis-pa_vs_sacred heart_20230209,2023-02-09,saint-francis-pa,Sacred Heart,2023,2.0,-0.32989785,2.329897850751877,1.0,3.0,0.6701021492481232,1,1,1
saint-francis-pa_vs_merrimack_20230211,2023-02-11,saint-francis-pa,Merrimack,2023,-7.0,1.8713802,8.87138020992279,1.5,-5.5,3.3713802099227905,1,0,0
saint-francis-pa_vs_fairleigh dickinson_20230223,2023-02-23,saint-francis-pa,Fairleigh Dickinson,2023,10.0,-2.1410608,12.141060829162598,2.0,12.0,-0.14106082916259766,0,1,0
saint-francis-pa_vs_wagner_20230225,2023-02-25,saint-francis-pa,Wagner,2023,-10.0,0.11636676,10.116366758942604,0.0,-10.0,0.11636675894260406,1,0,0
saint-francis-pa_vs_central connecticut state_20230301,2023-03-01,saint-francis-pa,Central Connecticut State,2023,14.0,5.596481,8.40351915359497,-5.5,8.5,0.0964808464050293,1,1,1
saint-josephs_vs_lafayette_20221114,2022-11-14,saint-josephs,Lafayette,2023,4.0,10.447785,6.447785377502441,-9.5,-5.5,0.9477853775024414,1,0,0
saint-josephs_vs_albany (ny)_20221117,2022-11-17,saint-josephs,Albany (NY),2023,20.0,5.7766557,14.223344326019287,-7.5,12.5,-1.723344326019287,0,1,0
saint-josephs_vs_south florida_20221122,2022-11-22,saint-josephs,South Florida,2023,-13.0,0.65768325,13.657683253288269,-3.0,-16.0,-2.342316746711731,0,0,1
saint-josephs_vs_fairleigh dickinson_20221203,2022-12-03,saint-josephs,Fairleigh Dickinson,2023,-17.0,11.091707,28.091707229614258,-12.0,-29.0,-0.9082927703857422,0,0,1
saint-josephs_vs_saint peter's_20221210,2022-12-10,saint-josephs,Saint Peter's,2023,16.0,4.93321,11.066790103912354,-5.5,10.5,-0.5667901039123535,0,1,0
saint-josephs_vs_villanova_20221217,2022-12-17,saint-josephs,Villanova,2023,-7.0,-8.306038,1.3060379028320312,12.0,5.0,3.6939620971679688,1,1,1
saint-josephs_vs_sacred heart_20221219,2022-12-19,saint-josephs,Sacred Heart,2023,18.0,9.05683,8.943169593811035,-9.0,9.0,0.056830406188964844,1,1,1
saint-josephs_vs_central connecticut state_20221222,2022-12-22,saint-josephs,Central Connecticut State,2023,17.0,10.828353,6.171647071838379,-11.5,5.5,-0.6716470718383789,0,1,0
saint-josephs_vs_saint louis_20221231,2022-12-31,saint-josephs,Saint Louis,2023,-5.0,-5.4127746,0.41277456283569336,7.0,2.0,1.5872254371643066,1,1,1
saint-josephs_vs_duquesne_20230111,2023-01-11,saint-josephs,Duquesne,2023,-12.0,-2.3738577,9.626142263412476,3.0,-9.0,0.6261422634124756,1,0,0
saint-josephs_vs_loyola chicago_20230114,2023-01-14,saint-josephs,Loyola Chicago,2023,31.0,0.75781345,30.242186546325684,-1.5,29.5,-0.7421865463256836,0,1,0
saint-josephs_vs_massachusetts_20230121,2023-01-21,saint-josephs,Massachusetts,2023,6.0,0.95690745,5.0430925488471985,-2.0,4.0,-1.0430925488471985,0,1,0
saint-josephs_vs_rhode island_20230201,2023-02-01,saint-josephs,Rhode Island,2023,14.0,4.5865326,9.413467407226562,-4.0,10.0,0.5865325927734375,1,1,1
saint-josephs_vs_la salle_20230205,2023-02-05,saint-josephs,La Salle,2023,-8.0,6.3715763,14.371576309204102,-6.0,-14.0,0.37157630920410156,1,0,0
saint-josephs_vs_george washington_20230211,2023-02-11,saint-josephs,George Washington,2023,12.0,4.93193,7.068069934844971,-4.5,7.5,0.4319300651550293,1,1,1
saint-josephs_vs_vcu_20230221,2023-02-21,saint-josephs,VCU,2023,-25.0,-3.4910972,21.50890278816223,5.0,-20.0,1.5089027881622314,1,0,0
saint-josephs_vs_richmond_20230301,2023-03-01,saint-josephs,Richmond,2023,16.0,-2.2504747,18.25047469139099,2.5,18.5,0.2495253086090088,1,1,1
saint-louis_vs_evansville_20221112,2022-11-12,saint-louis,Evansville,2023,18.0,25.50033,7.500329971313477,-23.5,-5.5,2.0003299713134766,1,0,0
saint-louis_vs_memphis_20221115,2022-11-15,saint-louis,Memphis,2023,6.0,0.9774697,5.0225303173065186,-3.0,3.0,-2.0225303173065186,0,1,0
saint-louis_vs_tennessee state_20221130,2022-11-30,saint-louis,Tennessee State,2023,17.0,18.63548,1.6354808807373047,-19.5,-2.5,-0.8645191192626953,0,0,1
saint-louis_vs_southern illinois_20221203,2022-12-03,saint-louis,Southern Illinois,2023,13.0,9.599938,3.40006160736084,-8.0,5.0,1.5999383926391602,1,1,1
saint-louis_vs_boise state_20221210,2022-12-10,saint-louis,Boise State,2023,-5.0,5.0751386,10.075138568878174,-6.0,-11.0,-0.9248614311218262,0,0,1
saint-louis_vs_drake_20221217,2022-12-17,saint-louis,Drake,2023,8.0,4.7221284,3.277871608734131,-5.0,3.0,-0.27787160873413086,0,1,0
saint-louis_vs_siu edwardsville_20221221,2022-12-21,saint-louis,SIU Edwardsville,2023,-2.0,15.649559,17.649559020996094,-16.0,-18.0,-0.35044097900390625,0,0,1
saint-louis_vs_st. bonaventure_20230107,2023-01-07,saint-louis,St. Bonaventure,2023,23.0,8.731396,14.268604278564453,-9.0,14.0,-0.2686042785644531,0,1,0
saint-louis_vs_george mason_20230111,2023-01-11,saint-louis,George Mason,2023,1.0,5.804985,4.804985046386719,-7.0,-6.0,-1.1950149536132812,0,0,1
saint-louis_vs_la salle_20230121,2023-01-21,saint-louis,La Salle,2023,13.0,12.689327,0.3106727600097656,-14.0,-1.0,-1.3106727600097656,0,0,1
saint-louis_vs_vcu_20230203,2023-02-03,saint-louis,VCU,2023,-8.0,3.1093488,11.109348773956299,-3.0,-11.0,0.10934877395629883,1,0,0
saint-louis_vs_rhode island_20230207,2023-02-07,saint-louis,Rhode Island,2023,5.0,10.349946,5.349946022033691,-11.0,-6.0,-0.6500539779663086,0,0,1
saint-louis_vs_davidson_20230215,2023-02-15,saint-louis,Davidson,2023,13.0,6.0748315,6.925168514251709,-6.5,6.5,-0.425168514251709,0,1,0
saint-louis_vs_duquesne_20230218,2023-02-18,saint-louis,Duquesne,2023,5.0,4.1301503,0.869849681854248,-5.5,-0.5,-1.369849681854248,0,0,1
saint-louis_vs_loyola chicago_20230225,2023-02-25,saint-louis,Loyola Chicago,2023,19.0,9.848056,9.151944160461426,-11.0,8.0,-1.1519441604614258,0,1,0
saint-louis_vs_dayton_20230303,2023-03-03,saint-louis,Dayton,2023,4.0,1.4249495,2.575050473213196,-1.0,3.0,0.4249495267868042,1,1,1
saint-louis_vs_vcu_20230311,2023-03-11,saint-louis,VCU,2023,-12.0,-1.6477501,10.35224986076355,3.5,-8.5,1.8522498607635498,1,0,0
saint-marys-ca_vs_vermont_20221110,2022-11-10,saint-marys-ca,Vermont,2023,26.0,8.334573,17.665427207946777,-8.0,18.0,0.33457279205322266,1,1,1
saint-marys-ca_vs_southern_20221116,2022-11-16,saint-marys-ca,Southern,2023,18.0,18.531363,0.5313625335693359,-19.0,-1.0,-0.46863746643066406,0,0,1
saint-marys-ca_vs_hofstra_20221119,2022-11-19,saint-marys-ca,Hofstra,2023,28.0,14.652858,13.347142219543457,-13.5,14.5,1.152857780456543,1,1,1
saint-marys-ca_vs_washington_20221125,2022-11-25,saint-marys-ca,Washington,2023,-4.0,10.3896,14.389599800109863,-10.5,-14.5,-0.11040019989013672,0,0,1
saint-marys-ca_vs_new mexico_20221130,2022-11-30,saint-marys-ca,New Mexico,2023,-4.0,10.410175,14.410175323486328,-9.0,-13.0,1.4101753234863281,1,0,0
saint-marys-ca_vs_houston_20221203,2022-12-03,saint-marys-ca,Houston,2023,-5.0,-7.640239,2.6402387619018555,10.0,5.0,2.3597612380981445,1,1,1
saint-marys-ca_vs_missouri state_20221207,2022-12-07,saint-marys-ca,Missouri State,2023,20.0,12.866322,7.133678436279297,-14.5,5.5,-1.6336784362792969,0,1,0
saint-marys-ca_vs_san diego state_20221210,2022-12-10,saint-marys-ca,San Diego State,2023,7.0,-1.4535452,8.453545212745667,1.5,8.5,0.046454787254333496,1,1,1
saint-marys-ca_vs_new mexico state_20221214,2022-12-14,saint-marys-ca,New Mexico State,2023,13.0,11.983805,1.016195297241211,-12.5,0.5,-0.5161952972412109,0,1,0
saint-marys-ca_vs_colorado state_20221218,2022-12-18,saint-marys-ca,Colorado State,2023,-2.0,12.099199,14.099199295043945,-12.0,-14.0,0.09919929504394531,1,0,0
saint-marys-ca_vs_wyoming_20221221,2022-12-21,saint-marys-ca,Wyoming,2023,12.0,10.420877,1.579122543334961,-8.5,3.5,1.920877456665039,1,1,1
saint-marys-ca_vs_san diego_20221229,2022-12-29,saint-marys-ca,San Diego,2023,27.0,13.660316,13.339683532714844,-14.5,12.5,-0.8396835327148438,0,1,0
saint-marys-ca_vs_santa clara_20221231,2022-12-31,saint-marys-ca,Santa Clara,2023,3.0,5.374101,2.374101161956787,-6.0,-3.0,-0.6258988380432129,0,0,1
saint-marys-ca_vs_portland_20230107,2023-01-07,saint-marys-ca,Portland,2023,42.0,16.480448,25.51955223083496,-17.0,25.0,-0.5195522308349609,0,1,0
saint-marys-ca_vs_loyola marymount_20230112,2023-01-12,saint-marys-ca,Loyola Marymount,2023,14.0,12.374275,1.6257247924804688,-13.0,1.0,-0.6257247924804688,0,1,0
saint-marys-ca_vs_san francisco_20230114,2023-01-14,saint-marys-ca,San Francisco,2023,17.0,8.349042,8.650958061218262,-7.5,9.5,0.8490419387817383,1,1,1
saint-marys-ca_vs_pepperdine_20230119,2023-01-19,saint-marys-ca,Pepperdine,2023,29.0,11.882471,17.117528915405273,-12.0,17.0,-0.11752891540527344,0,1,0
saint-marys-ca_vs_santa clara_20230121,2023-01-21,saint-marys-ca,Santa Clara,2023,19.0,10.315994,8.684005737304688,-12.0,7.0,-1.6840057373046875,0,1,0
saint-marys-ca_vs_brigham young_20230128,2023-01-28,saint-marys-ca,Brigham Young,2023,1.0,6.2444425,5.244442462921143,-6.5,-5.5,-0.2555575370788574,0,0,1
saint-marys-ca_vs_san francisco_20230202,2023-02-02,saint-marys-ca,San Francisco,2023,9.0,11.302278,2.3022775650024414,-12.0,-3.0,-0.6977224349975586,0,0,1
saint-marys-ca_vs_gonzaga_20230204,2023-02-04,saint-marys-ca,Gonzaga,2023,8.0,1.6981399,6.301860094070435,-3.0,5.0,-1.3018600940704346,0,1,0
saint-marys-ca_vs_loyola marymount_20230209,2023-02-09,saint-marys-ca,Loyola Marymount,2023,-4.0,5.9067483,9.906748294830322,-6.5,-10.5,-0.5932517051696777,0,0,1
saint-marys-ca_vs_portland_20230211,2023-02-11,saint-marys-ca,Portland,2023,17.0,11.292181,5.707818984985352,-11.0,6.0,0.29218101501464844,1,1,1
saint-marys-ca_vs_san diego_20230216,2023-02-16,saint-marys-ca,San Diego,2023,3.0,13.548612,10.548611640930176,-13.5,-10.5,0.04861164093017578,1,0,0
saint-marys-ca_vs_brigham young_20230218,2023-02-18,saint-marys-ca,Brigham Young,2023,6.0,10.04944,4.049440383911133,-9.5,-3.5,0.5494403839111328,1,0,0
saint-marys-ca_vs_pacific_20230223,2023-02-23,saint-marys-ca,Pacific,2023,31.0,18.114838,12.885162353515625,-18.5,12.5,-0.385162353515625,0,1,0
saint-marys-ca_vs_gonzaga_20230225,2023-02-25,saint-marys-ca,Gonzaga,2023,-9.0,-4.3333917,4.6666083335876465,6.0,-3.0,1.6666083335876465,1,0,0
saint-marys-ca_vs_brigham young_20230306,2023-03-06,saint-marys-ca,Brigham Young,2023,7.0,6.2901406,0.7098593711853027,-6.5,0.5,-0.20985937118530273,0,1,0
saint-marys-ca_vs_gonzaga_20230307,2023-03-07,saint-marys-ca,Gonzaga,2023,-26.0,-0.7363383,25.263661682605743,2.5,-23.5,1.7636616826057434,1,0,0
saint-marys-ca_vs_vcu_20230317,2023-03-17,saint-marys-ca,VCU,2023,12.0,5.3835316,6.61646842956543,-4.0,8.0,1.3835315704345703,1,1,1
saint-marys-ca_vs_connecticut_20230319,2023-03-19,saint-marys-ca,Connecticut,2023,-15.0,-2.7495313,12.250468730926514,3.5,-11.5,0.7504687309265137,1,0,0
saint-peters_vs_bucknell_20221115,2022-11-15,saint-peters,Bucknell,2023,11.0,5.1740904,5.825909614562988,-2.5,8.5,2.6740903854370117,1,1,1
saint-peters_vs_fairleigh dickinson_20221127,2022-11-27,saint-peters,Fairleigh Dickinson,2023,14.0,8.396864,5.60313606262207,-6.0,8.0,2.3968639373779297,1,1,1
saint-peters_vs_mount st. mary's_20221201,2022-12-01,saint-peters,Mount St. Mary's,2023,-15.0,2.3437424,17.34374237060547,-2.5,-17.5,-0.15625762939453125,0,0,1
saint-peters_vs_quinnipiac_20221218,2022-12-18,saint-peters,Quinnipiac,2023,7.0,-3.7991862,10.79918622970581,4.5,11.5,0.7008137702941895,1,1,1
saint-peters_vs_manhattan_20221230,2022-12-30,saint-peters,Manhattan,2023,10.0,5.173832,4.826168060302734,-5.0,5.0,0.17383193969726562,1,1,1
saint-peters_vs_canisius_20230108,2023-01-08,saint-peters,Canisius,2023,-7.0,2.1722987,9.172298669815063,-3.5,-10.5,-1.3277013301849365,0,0,1
saint-peters_vs_fairfield_20230115,2023-01-15,saint-peters,Fairfield,2023,-4.0,1.2230079,5.223007917404175,-1.5,-5.5,-0.2769920825958252,0,0,1
saint-peters_vs_niagara_20230122,2023-01-22,saint-peters,Niagara,2023,-2.0,0.7794384,2.7794383764266968,1.0,-1.0,1.7794383764266968,1,0,0
saint-peters_vs_marist_20230210,2023-02-10,saint-peters,Marist,2023,11.0,2.1099002,8.89009976387024,-2.5,8.5,-0.39009976387023926,0,1,0
saint-peters_vs_iona_20230219,2023-02-19,saint-peters,Iona,2023,-20.0,-9.689353,10.310647010803223,11.0,-9.0,1.3106470108032227,1,0,0
saint-peters_vs_rider_20230302,2023-03-02,saint-peters,Rider,2023,-13.0,-1.9563036,11.043696403503418,3.5,-9.5,1.543696403503418,1,0,0
saint-peters_vs_siena_20230304,2023-03-04,saint-peters,Siena,2023,1.0,-1.6864479,2.686447858810425,4.0,5.0,2.313552141189575,1,1,1
samford_vs_texas southern_20221120,2022-11-20,samford,Texas Southern,2023,15.0,8.785839,6.214160919189453,-9.5,5.5,-0.7141609191894531,0,1,0
samford_vs_valparaiso_20221123,2022-11-23,samford,Valparaiso,2023,30.0,9.911337,20.08866310119629,-9.5,20.5,0.41133689880371094,1,1,1
samford_vs_louisiana tech_20221125,2022-11-25,samford,Louisiana Tech,2023,-3.0,5.78875,8.788750171661377,-6.0,-9.0,-0.21124982833862305,0,0,1
samford_vs_mercer_20221228,2022-12-28,samford,Mercer,2023,9.0,1.0775163,7.922483682632446,1.0,10.0,2.0775163173675537,1,1,1
samford_vs_vmi_20230104,2023-01-04,samford,VMI,2023,9.0,14.697225,5.6972246170043945,-13.5,-4.5,1.1972246170043945,1,0,0
samford_vs_wofford_20230111,2023-01-11,samford,Wofford,2023,25.0,2.1479032,22.852096796035767,-3.0,22.0,-0.8520967960357666,0,1,0
samford_vs_chattanooga_20230114,2023-01-14,samford,Chattanooga,2023,1.0,1.5338207,0.5338207483291626,-2.5,-1.5,-0.9661792516708374,0,0,1
samford_vs_western carolina_20230121,2023-01-21,samford,Western Carolina,2023,9.0,9.581614,0.5816135406494141,-9.5,-0.5,0.08161354064941406,1,0,0
samford_vs_east tennessee state_20230204,2023-02-04,samford,East Tennessee State,2023,11.0,8.806471,2.1935291290283203,-10.0,1.0,-1.1935291290283203,0,1,0
samford_vs_the citadel_20230211,2023-02-11,samford,The Citadel,2023,6.0,14.473249,8.473249435424805,-14.5,-8.5,-0.026750564575195312,0,0,1
samford_vs_unc greensboro_20230215,2023-02-15,samford,UNC Greensboro,2023,12.0,0.509471,11.490529000759125,-1.5,10.5,-0.9905290007591248,0,1,0
samford_vs_furman_20230225,2023-02-25,samford,Furman,2023,-14.0,-1.7454133,12.254586696624756,1.5,-12.5,-0.24541330337524414,0,0,1
sam-houston-state_vs_south dakota_20221123,2022-11-23,sam-houston-state,South Dakota,2023,31.0,6.3577843,24.642215728759766,-6.0,25.0,0.3577842712402344,1,1,1
sam-houston-state_vs_grand canyon_20230105,2023-01-05,sam-houston-state,Grand Canyon,2023,-4.0,3.2791011,7.279101133346558,-3.0,-7.0,0.2791011333465576,1,0,0
sam-houston-state_vs_tarleton state_20230107,2023-01-07,sam-houston-state,Tarleton State,2023,7.0,10.635,3.635000228881836,-10.0,-3.0,0.6350002288818359,1,0,0
sam-houston-state_vs_stephen f. austin_20230119,2023-01-19,sam-houston-state,Stephen F. Austin,2023,5.0,5.0904794,0.09047937393188477,-5.0,0.0,0.09047937393188477,1,0,0
sam-houston-state_vs_seattle_20230126,2023-01-26,sam-houston-state,Seattle,2023,15.0,5.6983232,9.301676750183105,-6.0,9.0,-0.30167675018310547,0,1,0
sam-houston-state_vs_ut arlington_20230215,2023-02-15,sam-houston-state,UT Arlington,2023,10.0,11.426403,1.4264030456542969,-12.0,-2.0,-0.5735969543457031,0,0,1
sam-houston-state_vs_california baptist_20230223,2023-02-23,sam-houston-state,California Baptist,2023,11.0,5.651652,5.348348140716553,-6.5,4.5,-0.8483481407165527,0,1,0
sam-houston-state_vs_southern utah_20230225,2023-02-25,sam-houston-state,Southern Utah,2023,7.0,5.5254707,1.4745292663574219,-5.0,2.0,0.5254707336425781,1,1,1
sam-houston-state_vs_abilene christian_20230303,2023-03-03,sam-houston-state,Abilene Christian,2023,18.0,6.7109337,11.289066314697266,-6.5,11.5,0.21093368530273438,1,1,1
san-diego-state_vs_brigham young_20221111,2022-11-11,san-diego-state,Brigham Young,2023,7.0,11.665034,4.665034294128418,-10.5,-3.5,1.165034294128418,1,0,0
san-diego-state_vs_uc irvine_20221129,2022-11-29,san-diego-state,UC Irvine,2023,3.0,13.863677,10.863677024841309,-11.5,-8.5,2.3636770248413086,1,0,0
san-diego-state_vs_troy_20221205,2022-12-05,san-diego-state,Troy,2023,5.0,15.692501,10.692501068115234,-16.5,-11.5,-0.8074989318847656,0,0,1
san-diego-state_vs_kennesaw state_20221212,2022-12-12,san-diego-state,Kennesaw State,2023,34.0,17.356314,16.643686294555664,-19.0,15.0,-1.643686294555664,0,1,0
san-diego-state_vs_air force_20221228,2022-12-28,san-diego-state,Air Force,2023,16.0,15.240976,0.7590236663818359,-17.0,-1.0,-1.759023666381836,0,0,1
san-diego-state_vs_nevada_20230110,2023-01-10,san-diego-state,Nevada,2023,9.0,9.865642,0.8656415939331055,-9.0,0.0,0.8656415939331055,1,0,0
san-diego-state_vs_new mexico_20230114,2023-01-14,san-diego-state,New Mexico,2023,-9.0,8.792838,17.792838096618652,-8.0,-17.0,0.7928380966186523,1,0,0
san-diego-state_vs_utah state_20230125,2023-01-25,san-diego-state,Utah State,2023,10.0,7.9613953,2.038604736328125,-7.0,3.0,0.961395263671875,1,1,1
san-diego-state_vs_san jose state_20230128,2023-01-28,san-diego-state,San Jose State,2023,21.0,12.2724285,8.727571487426758,-13.5,7.5,-1.2275714874267578,0,1,0
san-diego-state_vs_boise state_20230203,2023-02-03,san-diego-state,Boise State,2023,20.0,6.417712,13.582287788391113,-7.0,13.0,-0.5822877883911133,0,1,0
san-diego-state_vs_unlv_20230211,2023-02-11,san-diego-state,UNLV,2023,11.0,9.796938,1.2030620574951172,-9.0,2.0,0.7969379425048828,1,1,1
san-diego-state_vs_colorado state_20230221,2023-02-21,san-diego-state,Colorado State,2023,19.0,11.3635235,7.636476516723633,-10.0,9.0,1.3635234832763672,1,1,1
san-diego-state_vs_wyoming_20230304,2023-03-04,san-diego-state,Wyoming,2023,17.0,14.411442,2.5885581970214844,-15.0,2.0,-0.5885581970214844,0,1,0
san-diego-state_vs_san jose state_20230310,2023-03-10,san-diego-state,San Jose State,2023,15.0,9.324379,5.675621032714844,-8.0,7.0,1.3243789672851562,1,1,1
san-francisco_vs_wichita state_20221122,2022-11-22,san-francisco,Wichita State,2023,4.0,2.3712869,1.6287131309509277,0.0,4.0,2.3712868690490723,1,1,1
san-francisco_vs_little rock_20221130,2022-11-30,san-francisco,Little Rock,2023,22.0,18.92678,3.0732192993164062,-18.0,4.0,0.9267807006835938,1,1,1
san-francisco_vs_utah state_20221204,2022-12-04,san-francisco,Utah State,2023,-18.0,-1.2529486,16.74705135822296,3.5,-14.5,2.2470513582229614,1,0,0
san-francisco_vs_merrimack_20221207,2022-12-07,san-francisco,Merrimack,2023,18.0,20.20239,2.202390670776367,-20.5,-2.5,-0.2976093292236328,0,0,1
san-francisco_vs_ut arlington_20221219,2022-12-19,san-francisco,UT Arlington,2023,-5.0,13.84657,18.846570014953613,-14.0,-19.0,-0.15342998504638672,0,0,1
san-francisco_vs_arizona state_20221221,2022-12-21,san-francisco,Arizona State,2023,37.0,-0.8268066,37.82680660486221,2.5,39.5,1.6731933951377869,1,1,1
san-francisco_vs_san diego_20221231,2022-12-31,san-francisco,San Diego,2023,-12.0,10.48552,22.485520362854004,-11.0,-23.0,-0.5144796371459961,0,0,1
san-francisco_vs_gonzaga_20230105,2023-01-05,san-francisco,Gonzaga,2023,-2.0,-8.685882,6.685881614685059,9.5,7.5,0.8141183853149414,1,1,1
san-francisco_vs_pacific_20230119,2023-01-19,san-francisco,Pacific,2023,21.0,11.053839,9.946161270141602,-10.5,10.5,0.5538387298583984,1,1,1
san-francisco_vs_brigham young_20230121,2023-01-21,san-francisco,Brigham Young,2023,8.0,0.82543105,7.174568951129913,-1.0,7.0,-0.17456895112991333,0,1,0
san-francisco_vs_santa clara_20230204,2023-02-04,san-francisco,Santa Clara,2023,-14.0,2.1357448,16.13574481010437,-3.0,-17.0,-0.8642551898956299,0,0,1
san-francisco_vs_pepperdine_20230211,2023-02-11,san-francisco,Pepperdine,2023,8.0,9.540896,1.5408964157104492,-9.0,-1.0,0.5408964157104492,1,0,0
san-francisco_vs_portland_20230223,2023-02-23,san-francisco,Portland,2023,3.0,6.9323163,3.932316303253174,-6.5,-3.5,0.43231630325317383,1,0,0
san-francisco_vs_santa clara_20230305,2023-03-05,san-francisco,Santa Clara,2023,6.0,-3.6129475,9.612947463989258,3.5,9.5,-0.11294746398925781,0,1,0
san-jose-state_vs_alabama state_20221115,2022-11-15,san-jose-state,Alabama State,2023,13.0,13.698605,0.6986045837402344,-14.5,-1.5,-0.8013954162597656,0,0,1
san-jose-state_vs_hofstra_20221117,2022-11-17,san-jose-state,Hofstra,2023,-9.0,-0.36954746,8.630452543497086,2.5,-6.5,2.1304525434970856,1,0,0
san-jose-state_vs_cal state bakersfield_20221206,2022-12-06,san-jose-state,Cal State Bakersfield,2023,10.0,7.351975,2.6480250358581543,-8.0,2.0,-0.6480250358581543,0,1,0
san-jose-state_vs_cal poly_20221220,2022-12-20,san-jose-state,Cal Poly,2023,22.0,6.706955,15.293045043945312,-6.0,16.0,0.7069549560546875,1,1,1
san-jose-state_vs_unlv_20221228,2022-12-28,san-jose-state,UNLV,2023,3.0,-2.9259667,5.925966739654541,5.0,8.0,2.074033260345459,1,1,1
san-jose-state_vs_nevada_20230107,2023-01-07,san-jose-state,Nevada,2023,-27.0,-2.1930711,24.806928873062134,2.0,-25.0,-0.1930711269378662,0,0,1
san-jose-state_vs_fresno state_20230110,2023-01-10,san-jose-state,Fresno State,2023,10.0,2.3684056,7.63159441947937,-3.0,7.0,-0.6315944194793701,0,1,0
san-jose-state_vs_air force_20230124,2023-01-24,san-jose-state,Air Force,2023,30.0,3.7491944,26.250805616378784,-4.0,26.0,-0.2508056163787842,0,1,0
san-jose-state_vs_wyoming_20230204,2023-02-04,san-jose-state,Wyoming,2023,20.0,1.6283902,18.371609807014465,0.0,20.0,1.6283901929855347,1,1,1
san-jose-state_vs_utah state_20230211,2023-02-11,san-jose-state,Utah State,2023,5.0,-3.698534,8.69853401184082,6.0,11.0,2.3014659881591797,1,1,1
san-jose-state_vs_new mexico_20230217,2023-02-17,san-jose-state,New Mexico,2023,-28.0,2.4314725,30.431472539901733,-1.5,-29.5,0.9314725399017334,1,0,0
san-jose-state_vs_boise state_20230225,2023-02-25,san-jose-state,Boise State,2023,6.0,-1.6109565,7.61095654964447,3.5,9.5,1.8890434503555298,1,1,1
san-jose-state_vs_colorado state_20230228,2023-02-28,san-jose-state,Colorado State,2023,17.0,2.1465428,14.85345721244812,-3.0,14.0,-0.8534572124481201,0,1,0
san-jose-state_vs_southern indiana_20230318,2023-03-18,san-jose-state,Southern Indiana,2023,25.0,8.758754,16.241246223449707,-8.5,16.5,0.25875377655029297,1,1,1
santa-clara_vs_georgia southern_20221110,2022-11-10,santa-clara,Georgia Southern,2023,16.0,12.301994,3.6980056762695312,-12.0,4.0,0.30199432373046875,1,1,1
santa-clara_vs_wyoming_20221130,2022-11-30,santa-clara,Wyoming,2023,4.0,5.4044995,1.4044995307922363,-6.5,-2.5,-1.0955004692077637,0,0,1
santa-clara_vs_sacramento state_20221203,2022-12-03,santa-clara,Sacramento State,2023,7.0,11.974953,4.974952697753906,-12.0,-5.0,-0.02504730224609375,0,0,1
santa-clara_vs_new mexico state_20221207,2022-12-07,santa-clara,New Mexico State,2023,1.0,6.952888,5.952888011932373,-7.0,-6.0,-0.04711198806762695,0,0,1
santa-clara_vs_san jose state_20221210,2022-12-10,santa-clara,San Jose State,2023,-11.0,8.691598,19.691597938537598,-8.0,-19.0,0.6915979385375977,1,0,0
santa-clara_vs_portland state_20221213,2022-12-13,santa-clara,Portland State,2023,3.0,10.415232,7.415231704711914,-9.5,-6.5,0.9152317047119141,1,0,0
santa-clara_vs_uc irvine_20221215,2022-12-15,santa-clara,UC Irvine,2023,12.0,1.8701001,10.129899859428406,-2.5,9.5,-0.6298998594284058,0,1,0
santa-clara_vs_california_20221218,2022-12-18,santa-clara,California,2023,9.0,9.422769,0.42276859283447266,-10.0,-1.0,-0.5772314071655273,0,0,1
santa-clara_vs_boise state_20221222,2022-12-22,santa-clara,Boise State,2023,15.0,0.957201,14.04279899597168,1.0,16.0,1.9572010040283203,1,1,1
santa-clara_vs_san francisco_20221229,2022-12-29,santa-clara,San Francisco,2023,12.0,2.2488775,9.75112247467041,-2.5,9.5,-0.25112247467041016,0,1,0
santa-clara_vs_gonzaga_20230107,2023-01-07,santa-clara,Gonzaga,2023,-5.0,-7.182512,2.182511806488037,8.0,3.0,0.8174881935119629,1,1,1
santa-clara_vs_brigham young_20230119,2023-01-19,santa-clara,Brigham Young,2023,7.0,2.4851577,4.51484227180481,-2.5,4.5,-0.01484227180480957,0,1,0
santa-clara_vs_pacific_20230128,2023-01-28,santa-clara,Pacific,2023,-6.0,11.52713,17.527130126953125,-12.0,-18.0,-0.472869873046875,0,0,1
santa-clara_vs_san diego_20230209,2023-02-09,santa-clara,San Diego,2023,5.0,11.266238,6.266238212585449,-11.5,-6.5,-0.23376178741455078,0,0,1
santa-clara_vs_loyola marymount_20230211,2023-02-11,santa-clara,Loyola Marymount,2023,2.0,4.095878,2.0958781242370605,-5.5,-3.5,-1.4041218757629395,0,0,1
santa-clara_vs_pepperdine_20230223,2023-02-23,santa-clara,Pepperdine,2023,9.0,10.591593,1.591592788696289,-10.5,-1.5,0.09159278869628906,1,0,0
santa-clara_vs_sam houston state_20230315,2023-03-15,santa-clara,Sam Houston State,2023,-2.0,3.755287,5.755286931991577,-4.5,-6.5,-0.7447130680084229,0,0,1
seattle_vs_cal state fullerton_20221130,2022-11-30,seattle,Cal State Fullerton,2023,7.0,9.7377205,2.737720489501953,-9.0,-2.0,0.7377204895019531,1,0,0
seattle_vs_alcorn state_20221218,2022-12-18,seattle,Alcorn State,2023,14.0,11.17231,2.8276901245117188,-11.5,2.5,-0.32769012451171875,0,1,0
seattle_vs_utah state_20221222,2022-12-22,seattle,Utah State,2023,-28.0,-7.2497835,20.750216484069824,9.5,-18.5,2.250216484069824,1,0,0
seattle_vs_california baptist_20221231,2022-12-31,seattle,California Baptist,2023,6.0,3.4830945,2.5169055461883545,-4.0,2.0,-0.5169055461883545,0,1,0
seattle_vs_new mexico state_20230112,2023-01-12,seattle,New Mexico State,2023,3.0,3.4981685,0.4981684684753418,-4.0,-1.0,-0.5018315315246582,0,0,1
seattle_vs_tarleton state_20230119,2023-01-19,seattle,Tarleton State,2023,20.0,6.530942,13.4690580368042,-6.5,13.5,0.03094196319580078,1,1,1
seattle_vs_southern utah_20230121,2023-01-21,seattle,Southern Utah,2023,21.0,2.0319448,18.968055248260498,-1.5,19.5,0.531944751739502,1,1,1
seattle_vs_abilene christian_20230201,2023-02-01,seattle,Abilene Christian,2023,-15.0,6.566442,21.566442012786865,-7.0,-22.0,-0.43355798721313477,0,0,1
seattle_vs_utah tech_20230208,2023-02-08,seattle,Utah Tech,2023,4.0,5.8601007,1.8601007461547852,-7.0,-3.0,-1.1398992538452148,0,0,1
seattle_vs_grand canyon_20230211,2023-02-11,seattle,Grand Canyon,2023,5.0,1.9587317,3.0412683486938477,-2.0,3.0,-0.041268348693847656,0,1,0
seattle_vs_utah valley_20230218,2023-02-18,seattle,Utah Valley,2023,-9.0,-1.1299043,7.870095729827881,2.5,-6.5,1.3700957298278809,1,0,0
seattle_vs_ut arlington_20230303,2023-03-03,seattle,UT Arlington,2023,24.0,8.604881,15.395118713378906,-9.0,15.0,-0.39511871337890625,0,1,0
seton-hall_vs_saint peter's_20221112,2022-11-12,seton-hall,Saint Peter's,2023,36.0,14.596987,21.403013229370117,-16.0,20.0,-1.4030132293701172,0,1,0
seton-hall_vs_wagner_20221120,2022-11-20,seton-hall,Wagner,2023,38.0,17.666746,20.333253860473633,-18.5,19.5,-0.8332538604736328,0,1,0
seton-hall_vs_siena_20221127,2022-11-27,seton-hall,Siena,2023,-5.0,12.112466,17.112465858459473,-14.5,-19.5,-2.3875341415405273,0,0,1
seton-hall_vs_drexel_20221214,2022-12-14,seton-hall,Drexel,2023,17.0,12.474668,4.525332450866699,-13.5,3.5,-1.0253324508666992,0,1,0
seton-hall_vs_providence_20221217,2022-12-17,seton-hall,Providence,2023,-4.0,0.7642768,4.764276802539825,-2.5,-6.5,-1.7357231974601746,0,0,1
seton-hall_vs_st. john's (ny)_20221231,2022-12-31,seton-hall,St. John's (NY),2023,22.0,1.7480642,20.251935839653015,-3.5,18.5,-1.7519358396530151,0,1,0
seton-hall_vs_butler_20230107,2023-01-07,seton-hall,Butler,2023,25.0,4.094131,20.905869007110596,-4.5,20.5,-0.4058690071105957,0,1,0
seton-hall_vs_connecticut_20230118,2023-01-18,seton-hall,Connecticut,2023,1.0,-3.6821504,4.682150363922119,5.0,6.0,1.3178496360778809,1,1,1
seton-hall_vs_marquette_20230121,2023-01-21,seton-hall,Marquette,2023,-21.0,-0.10207322,20.897926777601242,1.5,-19.5,1.397926777601242,1,0,0
seton-hall_vs_depaul_20230205,2023-02-05,seton-hall,DePaul,2023,5.0,9.846673,4.846673011779785,-10.0,-5.0,-0.15332698822021484,0,0,1
seton-hall_vs_creighton_20230208,2023-02-08,seton-hall,Creighton,2023,-13.0,-0.70877856,12.29122143983841,2.5,-10.5,1.7912214398384094,1,0,0
seton-hall_vs_georgetown_20230214,2023-02-14,seton-hall,Georgetown,2023,8.0,10.512351,2.5123510360717773,-11.5,-3.5,-0.9876489639282227,0,0,1
seton-hall_vs_xavier_20230224,2023-02-24,seton-hall,Xavier,2023,-22.0,-1.0830706,20.916929364204407,1.5,-20.5,0.41692936420440674,1,0,0
seton-hall_vs_villanova_20230228,2023-02-28,seton-hall,Villanova,2023,-4.0,-3.047773,0.9522271156311035,3.0,-1.0,-0.047772884368896484,0,0,1
siena_vs_albany (ny)_20221112,2022-11-12,siena,Albany (NY),2023,13.0,3.6666965,9.333303451538086,-4.5,8.5,-0.8333034515380859,0,1,0
siena_vs_army_20221116,2022-11-16,siena,Army,2023,-2.0,6.608406,8.608406066894531,-6.0,-8.0,0.6084060668945312,1,0,0
siena_vs_canisius_20221202,2022-12-02,siena,Canisius,2023,4.0,6.929186,2.9291858673095703,-7.0,-3.0,-0.07081413269042969,0,0,1
siena_vs_st. bonaventure_20221219,2022-12-19,siena,St. Bonaventure,2023,6.0,-1.3664782,7.366478204727173,2.0,8.0,0.6335217952728271,1,1,1
siena_vs_saint peter's_20230106,2023-01-06,siena,Saint Peter's,2023,10.0,6.0389905,3.9610095024108887,-7.5,2.5,-1.4610095024108887,0,1,0
siena_vs_rider_20230108,2023-01-08,siena,Rider,2023,5.0,1.2783227,3.721677303314209,-3.5,1.5,-2.221677303314209,0,1,0
siena_vs_mount st. mary's_20230120,2023-01-20,siena,Mount St. Mary's,2023,15.0,8.119056,6.88094425201416,-8.5,6.5,-0.38094425201416016,0,1,0
siena_vs_fairfield_20230122,2023-01-22,siena,Fairfield,2023,-10.0,5.3930597,15.393059730529785,-5.0,-15.0,0.39305973052978516,1,0,0
siena_vs_iona_20230127,2023-01-27,siena,Iona,2023,17.0,-6.565181,23.565180778503418,7.5,24.5,0.934819221496582,1,1,1
siena_vs_niagara_20230205,2023-02-05,siena,Niagara,2023,-2.0,5.197776,7.197775840759277,-4.5,-6.5,0.6977758407592773,1,0,0
siena_vs_marist_20230212,2023-02-12,siena,Marist,2023,8.0,8.484252,0.4842519760131836,-9.5,-1.5,-1.0157480239868164,0,0,1
siena_vs_quinnipiac_20230217,2023-02-17,siena,Quinnipiac,2023,-3.0,1.8294398,4.829439759254456,-2.5,-5.5,-0.6705602407455444,0,0,1
siena_vs_manhattan_20230302,2023-03-02,siena,Manhattan,2023,-1.0,6.3586307,7.358630657196045,-7.0,-8.0,-0.6413693428039551,0,0,1
south-alabama_vs_alabama_20221115,2022-11-15,south-alabama,Alabama,2023,-10.0,-8.109855,1.8901453018188477,10.5,0.5,2.3901453018188477,1,1,1
south-alabama_vs_towson_20221126,2022-11-26,south-alabama,Towson,2023,-2.0,-4.75042,2.750420093536377,4.0,2.0,-0.750420093536377,0,1,0
south-alabama_vs_jacksonville state_20221221,2022-12-21,south-alabama,Jacksonville State,2023,5.0,8.94436,3.94435977935791,-8.0,-3.0,0.9443597793579102,1,0,0
south-alabama_vs_arkansas state_20230105,2023-01-05,south-alabama,Arkansas State,2023,18.0,6.624597,11.375402927398682,-7.5,10.5,-0.8754029273986816,0,1,0
south-alabama_vs_texas state_20230107,2023-01-07,south-alabama,Texas State,2023,-6.0,4.6966796,10.696679592132568,-5.5,-11.5,-0.8033204078674316,0,0,1
south-alabama_vs_james madison_20230112,2023-01-12,south-alabama,James Madison,2023,1.0,-1.8426608,2.8426607847213745,3.0,4.0,1.1573392152786255,1,1,1
south-alabama_vs_louisiana_20230114,2023-01-14,south-alabama,Louisiana,2023,-3.0,-1.5715843,1.4284156560897827,2.5,-0.5,0.9284156560897827,1,0,0
south-alabama_vs_old dominion_20230126,2023-01-26,south-alabama,Old Dominion,2023,-2.0,2.3855195,4.385519504547119,-3.0,-5.0,-0.6144804954528809,0,0,1
south-alabama_vs_appalachian state_20230211,2023-02-11,south-alabama,Appalachian State,2023,17.0,2.6607654,14.339234590530396,-4.0,13.0,-1.3392345905303955,0,1,0
south-alabama_vs_southern mississippi_20230216,2023-02-16,south-alabama,Southern Mississippi,2023,31.0,-0.27201834,31.27201834321022,1.0,32.0,0.7279816567897797,1,1,1
south-alabama_vs_louisianaâmonroe_20230218,2023-02-18,south-alabama,LouisianaâMonroe,2023,36.0,11.473499,24.526500701904297,-11.0,25.0,0.4734992980957031,1,1,1
south-alabama_vs_southern mississippi_20230304,2023-03-04,south-alabama,Southern Mississippi,2023,17.0,0.77929187,16.22070813179016,1.0,18.0,1.7792918682098389,1,1,1
south-carolina_vs_clemson_20221111,2022-11-11,south-carolina,Clemson,2023,2.0,0.10114685,1.8988531529903412,3.5,5.5,3.601146847009659,1,1,1
south-carolina_vs_usc upstate_20221125,2022-11-25,south-carolina,USC Upstate,2023,15.0,9.8605385,5.139461517333984,-11.5,3.5,-1.6394615173339844,0,1,0
south-carolina_vs_presbyterian_20221211,2022-12-11,south-carolina,Presbyterian,2023,11.0,8.97451,2.0254898071289062,-10.0,1.0,-1.0254898071289062,0,1,0
south-carolina_vs_western kentucky_20221222,2022-12-22,south-carolina,Western Kentucky,2023,7.0,-1.3183987,8.318398714065552,2.5,9.5,1.1816012859344482,1,1,1
south-carolina_vs_eastern michigan_20221230,2022-12-30,south-carolina,Eastern Michigan,2023,10.0,8.430741,1.569258689880371,-9.0,1.0,-0.5692586898803711,0,1,0
south-carolina_vs_tennessee_20230107,2023-01-07,south-carolina,Tennessee,2023,-43.0,-16.86585,26.1341495513916,17.0,-26.0,0.13414955139160156,1,0,0
south-carolina_vs_texas a&m_20230114,2023-01-14,south-carolina,Texas A&M,2023,-41.0,-5.6674166,35.3325834274292,8.5,-32.5,2.832583427429199,1,0,0
south-carolina_vs_auburn_20230121,2023-01-21,south-carolina,Auburn,2023,-15.0,-13.158842,1.8411579132080078,12.5,-2.5,-0.6588420867919922,0,0,1
south-carolina_vs_mississippi state_20230131,2023-01-31,south-carolina,Mississippi State,2023,-15.0,-8.947846,6.052153587341309,9.5,-5.5,0.5521535873413086,1,0,0
south-carolina_vs_arkansas_20230204,2023-02-04,south-carolina,Arkansas,2023,-2.0,-12.415005,10.41500473022461,12.5,10.5,0.08499526977539062,1,1,1
south-carolina_vs_vanderbilt_20230214,2023-02-14,south-carolina,Vanderbilt,2023,-11.0,-3.0489342,7.9510657787323,5.0,-6.0,1.9510657787322998,1,0,0
south-carolina_vs_alabama_20230222,2023-02-22,south-carolina,Alabama,2023,-2.0,-20.305445,18.305444717407227,17.0,15.0,-3.3054447174072266,0,1,0
south-carolina_vs_georgia_20230304,2023-03-04,south-carolina,Georgia,2023,6.0,-0.13952059,6.139520585536957,0.0,6.0,-0.1395205855369568,0,1,0
south-carolina-state_vs_unc asheville_20221213,2022-12-13,south-carolina-state,UNC Asheville,2023,-10.0,-8.146386,1.8536138534545898,8.0,-2.0,-0.14638614654541016,0,0,1
south-carolina-state_vs_samford_20221217,2022-12-17,south-carolina-state,Samford,2023,1.0,-11.962933,12.962932586669922,11.0,12.0,-0.9629325866699219,0,1,0
south-carolina-state_vs_maryland eastern shore_20230121,2023-01-21,south-carolina-state,Maryland Eastern Shore,2023,-6.0,1.6197497,7.619749665260315,-1.0,-7.0,0.6197496652603149,1,0,0
south-carolina-state_vs_delaware state_20230123,2023-01-23,south-carolina-state,Delaware State,2023,-3.0,6.0953593,9.095359325408936,-7.0,-10.0,-0.9046406745910645,0,0,1
south-carolina-state_vs_coppin state_20230211,2023-02-11,south-carolina-state,Coppin State,2023,10.0,3.1397073,6.860292673110962,-3.0,7.0,0.13970732688903809,1,1,1
south-carolina-state_vs_morgan state_20230213,2023-02-13,south-carolina-state,Morgan State,2023,12.0,1.068121,10.931879043579102,-1.0,11.0,0.06812095642089844,1,1,1
south-carolina-state_vs_norfolk state_20230225,2023-02-25,south-carolina-state,Norfolk State,2023,-12.0,-7.510358,4.489642143249512,8.0,-4.0,0.4896421432495117,1,0,0
south-carolina-state_vs_howard_20230227,2023-02-27,south-carolina-state,Howard,2023,-4.0,-4.998355,0.9983549118041992,6.0,2.0,1.0016450881958008,1,1,1
south-carolina-state_vs_north carolina central_20230302,2023-03-02,south-carolina-state,North Carolina Central,2023,-7.0,-6.9575744,0.04242563247680664,7.0,0.0,0.04242563247680664,1,0,0
south-carolina-upstate_vs_south carolina state_20221210,2022-12-10,south-carolina-upstate,South Carolina State,2023,5.0,7.9159923,2.915992259979248,-6.5,-1.5,1.415992259979248,1,0,0
south-carolina-upstate_vs_winthrop_20221229,2022-12-29,south-carolina-upstate,Winthrop,2023,8.0,-2.8614676,10.861467599868774,3.5,11.5,0.6385324001312256,1,1,1
south-carolina-upstate_vs_high point_20230107,2023-01-07,south-carolina-upstate,High Point,2023,19.0,-0.9154881,19.915488123893738,0.0,19.0,-0.9154881238937378,0,1,0
south-carolina-upstate_vs_campbell_20230111,2023-01-11,south-carolina-upstate,Campbell,2023,-15.0,2.198635,17.19863510131836,-2.5,-17.5,-0.3013648986816406,0,0,1
south-carolina-upstate_vs_presbyterian_20230118,2023-01-18,south-carolina-upstate,Presbyterian,2023,1.0,4.0473886,3.0473885536193848,-5.5,-4.5,-1.4526114463806152,0,0,1
south-carolina-upstate_vs_radford_20230128,2023-01-28,south-carolina-upstate,Radford,2023,-3.0,-3.9732466,0.9732465744018555,5.5,2.5,1.5267534255981445,1,1,1
south-carolina-upstate_vs_unc asheville_20230204,2023-02-04,south-carolina-upstate,UNC Asheville,2023,6.0,-2.0950165,8.095016479492188,3.0,9.0,0.9049835205078125,1,1,1
south-carolina-upstate_vs_charleston southern_20230208,2023-02-08,south-carolina-upstate,Charleston Southern,2023,17.0,4.361359,12.638640880584717,-4.0,13.0,0.3613591194152832,1,1,1
south-carolina-upstate_vs_longwood_20230215,2023-02-15,south-carolina-upstate,Longwood,2023,5.0,-3.830674,8.830673933029175,4.5,9.5,0.6693260669708252,1,1,1
south-carolina-upstate_vs_gardner-webb_20230225,2023-02-25,south-carolina-upstate,Gardner-Webb,2023,6.0,-2.0600636,8.060063600540161,3.0,9.0,0.9399363994598389,1,1,1
south-dakota_vs_lipscomb_20221109,2022-11-09,south-dakota,Lipscomb,2023,8.0,6.406568,1.5934319496154785,-6.0,2.0,0.4065680503845215,1,1,1
south-dakota_vs_uc irvine_20221210,2022-12-10,south-dakota,UC Irvine,2023,-12.0,-3.9051623,8.094837665557861,5.5,-6.5,1.5948376655578613,1,0,0
south-dakota_vs_coastal carolina_20221214,2022-12-14,south-dakota,Coastal Carolina,2023,-1.0,3.70767,4.707669973373413,-4.0,-5.0,-0.2923300266265869,0,0,1
south-dakota_vs_st. thomas_20221229,2022-12-29,south-dakota,St. Thomas,2023,8.0,-1.585085,9.585085034370422,-1.0,7.0,-2.5850850343704224,0,1,0
south-dakota_vs_western illinois_20221231,2022-12-31,south-dakota,Western Illinois,2023,17.0,2.011692,14.98830795288086,-3.5,13.5,-1.4883079528808594,0,1,0
south-dakota_vs_south dakota state_20230114,2023-01-14,south-dakota,South Dakota State,2023,-18.0,-2.5295155,15.470484495162964,1.5,-16.5,-1.0295155048370361,0,0,1
south-dakota_vs_denver_20230119,2023-01-19,south-dakota,Denver,2023,-15.0,5.3685603,20.368560314178467,-5.0,-20.0,0.3685603141784668,1,0,0
south-dakota_vs_omaha_20230121,2023-01-21,south-dakota,Omaha,2023,16.0,5.9035215,10.096478462219238,-5.0,11.0,0.9035215377807617,1,1,1
south-dakota_vs_north dakota state_20230202,2023-02-02,south-dakota,North Dakota State,2023,9.0,-1.7929469,10.792946934700012,1.5,10.5,-0.2929469347000122,0,1,0
south-dakota_vs_north dakota_20230204,2023-02-04,south-dakota,North Dakota,2023,-14.0,5.1420403,19.142040252685547,-6.5,-20.5,-1.3579597473144531,0,0,1
south-dakota_vs_oral roberts_20230223,2023-02-23,south-dakota,Oral Roberts,2023,-12.0,-14.472881,2.472881317138672,13.5,1.5,-0.9728813171386719,0,1,0
south-dakota_vs_kansas city_20230225,2023-02-25,south-dakota,Kansas City,2023,34.0,4.5191507,29.480849266052246,-5.0,29.0,-0.4808492660522461,0,1,0
south-dakota-state_vs_boise state_20221109,2022-11-09,south-dakota-state,Boise State,2023,2.0,-7.7173853,9.717385292053223,6.5,8.5,-1.2173852920532227,0,1,0
south-dakota-state_vs_st. bonaventure_20221115,2022-11-15,south-dakota-state,St. Bonaventure,2023,4.0,7.727371,3.7273712158203125,-7.0,-3.0,0.7273712158203125,1,0,0
south-dakota-state_vs_stephen f. austin_20221119,2022-11-19,south-dakota-state,Stephen F. Austin,2023,-11.0,6.752672,17.75267219543457,-7.5,-18.5,-0.7473278045654297,0,0,1
south-dakota-state_vs_valparaiso_20221125,2022-11-25,south-dakota-state,Valparaiso,2023,11.0,9.380893,1.6191072463989258,-10.0,1.0,-0.6191072463989258,0,1,0
south-dakota-state_vs_eastern washington_20221210,2022-12-10,south-dakota-state,Eastern Washington,2023,1.0,8.006309,7.006308555603027,-8.5,-7.5,-0.49369144439697266,0,0,1
south-dakota-state_vs_western illinois_20221229,2022-12-29,south-dakota-state,Western Illinois,2023,7.0,7.8965354,0.8965353965759277,-8.0,-1.0,-0.10346460342407227,0,0,1
south-dakota-state_vs_st. thomas_20221231,2022-12-31,south-dakota-state,St. Thomas,2023,7.0,2.091234,4.908766031265259,-4.5,2.5,-2.408766031265259,0,1,0
south-dakota-state_vs_omaha_20230119,2023-01-19,south-dakota-state,Omaha,2023,23.0,9.270062,13.729937553405762,-9.5,13.5,-0.22993755340576172,0,1,0
south-dakota-state_vs_denver_20230121,2023-01-21,south-dakota-state,Denver,2023,15.0,9.22766,5.772339820861816,-10.0,5.0,-0.7723398208618164,0,1,0
south-dakota-state_vs_north dakota_20230202,2023-02-02,south-dakota-state,North Dakota,2023,23.0,8.853005,14.146994590759277,-10.5,12.5,-1.6469945907592773,0,1,0
south-dakota-state_vs_north dakota state_20230204,2023-02-04,south-dakota-state,North Dakota State,2023,5.0,5.5288577,0.5288577079772949,-5.5,-0.5,0.028857707977294922,1,0,0
south-dakota-state_vs_south dakota_20230211,2023-02-11,south-dakota-state,South Dakota,2023,5.0,8.473633,3.4736328125,-10.0,-5.0,-1.5263671875,0,0,1
south-dakota-state_vs_kansas city_20230223,2023-02-23,south-dakota-state,Kansas City,2023,23.0,9.904981,13.095019340515137,-10.5,12.5,-0.5950193405151367,0,1,0
south-dakota-state_vs_oral roberts_20230225,2023-02-25,south-dakota-state,Oral Roberts,2023,-4.0,-4.0285296,0.028529644012451172,4.5,0.5,0.47147035598754883,1,1,1
southeastern-louisiana_vs_troy_20221217,2022-12-17,southeastern-louisiana,Troy,2023,-6.0,-6.4902935,0.4902935028076172,7.5,1.5,1.0097064971923828,1,1,1
southeastern-louisiana_vs_lamar_20230107,2023-01-07,southeastern-louisiana,Lamar,2023,5.0,14.37766,9.377659797668457,-13.0,-8.0,1.377659797668457,1,0,0
southeastern-louisiana_vs_northwestern state_20230119,2023-01-19,southeastern-louisiana,Northwestern State,2023,-10.0,0.112302944,10.11230294406414,-1.0,-11.0,-0.8876970559358597,0,0,1
southeastern-louisiana_vs_texas a&mâcommerce_20230121,2023-01-21,southeastern-louisiana,Texas A&MâCommerce,2023,6.0,3.6780145,2.3219854831695557,-6.0,0.0,-2.3219854831695557,0,0,1
southeastern-louisiana_vs_new orleans_20230126,2023-01-26,southeastern-louisiana,New Orleans,2023,5.0,6.0728197,1.072819709777832,-7.0,-2.0,-0.927180290222168,0,0,1
southeastern-louisiana_vs_incarnate word_20230202,2023-02-02,southeastern-louisiana,Incarnate Word,2023,10.0,8.368203,1.6317968368530273,-9.0,1.0,-0.6317968368530273,0,1,0
southeastern-louisiana_vs_texas a&mâcorpus christi_20230204,2023-02-04,southeastern-louisiana,Texas A&MâCorpus Christi,2023,-11.0,-2.198067,8.80193305015564,1.5,-9.5,-0.6980669498443604,0,0,1
southeastern-louisiana_vs_mcneese state_20230225,2023-02-25,southeastern-louisiana,McNeese State,2023,3.0,5.840011,2.8400111198425293,-7.5,-4.5,-1.6599888801574707,0,0,1
southeast-missouri-state_vs_southern illinois_20221221,2022-12-21,southeast-missouri-state,Southern Illinois,2023,-2.0,-8.740473,6.740472793579102,8.5,6.5,-0.24047279357910156,0,1,0
southeast-missouri-state_vs_lindenwood_20230112,2023-01-12,southeast-missouri-state,Lindenwood,2023,23.0,8.757317,14.242683410644531,-8.0,15.0,0.7573165893554688,1,1,1
southeast-missouri-state_vs_ut martin_20230119,2023-01-19,southeast-missouri-state,UT Martin,2023,-20.0,5.663739,25.66373920440674,-6.0,-26.0,-0.3362607955932617,0,0,1
southeast-missouri-state_vs_tennessee state_20230126,2023-01-26,southeast-missouri-state,Tennessee State,2023,17.0,4.6223817,12.377618312835693,-5.5,11.5,-0.8776183128356934,0,1,0
southeast-missouri-state_vs_little rock_20230202,2023-02-02,southeast-missouri-state,Little Rock,2023,1.0,9.467912,8.467911720275879,-9.5,-8.5,-0.032088279724121094,0,0,1
southeast-missouri-state_vs_morehead state_20230211,2023-02-11,southeast-missouri-state,Morehead State,2023,-6.0,2.6130135,8.613013505935669,-2.5,-8.5,0.11301350593566895,1,0,0
southeast-missouri-state_vs_eastern illinois_20230216,2023-02-16,southeast-missouri-state,Eastern Illinois,2023,14.0,7.38136,6.618639945983887,-7.5,6.5,-0.11863994598388672,0,1,0
southeast-missouri-state_vs_southern indiana_20230218,2023-02-18,southeast-missouri-state,Southern Indiana,2023,5.0,1.9202807,3.079719305038452,-2.5,2.5,-0.5797193050384521,0,1,0
southeast-missouri-state_vs_tennessee state_20230302,2023-03-02,southeast-missouri-state,Tennessee State,2023,8.0,0.92103267,7.078967332839966,-1.0,7.0,-0.07896733283996582,0,1,0
southeast-missouri-state_vs_texas a&mâcorpus christi_20230314,2023-03-14,southeast-missouri-state,Texas A&MâCorpus Christi,2023,-4.0,-3.7586958,0.2413041591644287,3.0,-1.0,-0.7586958408355713,0,0,1
southern_vs_florida a&m_20230107,2023-01-07,southern,Florida A&M,2023,18.0,15.765005,2.234994888305664,-15.5,2.5,0.26500511169433594,1,1,1
southern_vs_bethune-cookman_20230109,2023-01-09,southern,Bethune-Cookman,2023,27.0,10.463034,16.53696632385254,-10.0,17.0,0.46303367614746094,1,1,1
southern_vs_alcorn state_20230128,2023-01-28,southern,Alcorn State,2023,12.0,4.9660687,7.033931255340576,-5.0,7.0,-0.03393125534057617,0,1,0
southern_vs_jackson state_20230130,2023-01-30,southern,Jackson State,2023,11.0,8.362129,2.6378707885742188,-8.5,2.5,-0.13787078857421875,0,1,0
southern_vs_texas southern_20230213,2023-02-13,southern,Texas Southern,2023,-11.0,7.136941,18.136940956115723,-7.0,-18.0,0.13694095611572266,1,0,0
southern_vs_alabama state_20230302,2023-03-02,southern,Alabama State,2023,14.0,9.423688,4.576312065124512,-9.5,4.5,-0.07631206512451172,0,1,0
southern_vs_alabama a&m_20230304,2023-03-04,southern,Alabama A&M,2023,-3.0,6.074582,9.07458209991455,-6.0,-9.0,0.07458209991455078,1,0,0
southern-california_vs_alabama state_20221110,2022-11-10,southern-california,Alabama State,2023,38.0,22.636288,15.363712310791016,-24.0,14.0,-1.3637123107910156,0,1,0
southern-california_vs_vermont_20221115,2022-11-15,southern-california,Vermont,2023,2.0,9.842582,7.842581748962402,-10.0,-8.0,-0.15741825103759766,0,0,1
southern-california_vs_mount st. mary's_20221118,2022-11-18,southern-california,Mount St. Mary's,2023,9.0,14.26962,5.269619941711426,-16.0,-7.0,-1.7303800582885742,0,0,1
southern-california_vs_tennessee_20221124,2022-11-24,southern-california,Tennessee,2023,-7.0,-1.3145096,5.685490369796753,8.5,1.5,7.185490369796753,1,1,1
southern-california_vs_wisconsin_20221125,2022-11-25,southern-california,Wisconsin,2023,-5.0,-1.5401732,3.4598268270492554,2.0,-3.0,0.45982682704925537,1,0,0
southern-california_vs_oregon state_20221204,2022-12-04,southern-california,Oregon State,2023,1.0,13.782665,12.782665252685547,-13.5,-12.5,0.2826652526855469,1,0,0
southern-california_vs_cal state fullerton_20221207,2022-12-07,southern-california,Cal State Fullerton,2023,14.0,13.435031,0.5649690628051758,-14.5,-0.5,-1.0649690628051758,0,0,1
southern-california_vs_long beach state_20221214,2022-12-14,southern-california,Long Beach State,2023,10.0,11.7110195,1.711019515991211,-12.0,-2.0,-0.28898048400878906,0,0,1
southern-california_vs_auburn_20221218,2022-12-18,southern-california,Auburn,2023,3.0,0.7466329,2.2533671259880066,1.0,4.0,1.7466328740119934,1,1,1
southern-california_vs_colorado_20230112,2023-01-12,southern-california,Colorado,2023,7.0,1.9497846,5.050215363502502,-3.5,3.5,-1.5502153635025024,0,1,0
southern-california_vs_utah_20230114,2023-01-14,southern-california,Utah,2023,15.0,5.2946243,9.705375671386719,-5.0,10.0,0.29462432861328125,1,1,1
southern-california_vs_ucla_20230126,2023-01-26,southern-california,UCLA,2023,13.0,-4.359045,17.359045028686523,5.0,18.0,0.6409549713134766,1,1,1
southern-california_vs_washington state_20230202,2023-02-02,southern-california,Washington State,2023,10.0,6.282946,3.7170538902282715,-7.5,2.5,-1.2170538902282715,0,1,0
southern-california_vs_washington_20230204,2023-02-04,southern-california,Washington,2023,6.0,8.685383,2.685382843017578,-9.5,-3.5,-0.8146171569824219,0,0,1
southern-california_vs_california_20230216,2023-02-16,southern-california,California,2023,37.0,15.087978,21.91202163696289,-16.0,21.0,-0.9120216369628906,0,1,0
southern-california_vs_stanford_20230218,2023-02-18,southern-california,Stanford,2023,10.0,6.2896986,3.710301399230957,-6.0,4.0,0.28969860076904297,1,1,1
southern-california_vs_arizona_20230302,2023-03-02,southern-california,Arizona,2023,-6.0,-1.9366542,4.063345789909363,2.0,-4.0,0.06334578990936279,1,0,0
southern-california_vs_arizona state_20230304,2023-03-04,southern-california,Arizona State,2023,3.0,5.0868616,2.0868616104125977,-4.5,-1.5,0.5868616104125977,1,0,0
southern-illinois_vs_tennessee state_20221117,2022-11-17,southern-illinois,Tennessee State,2023,13.0,13.144676,0.14467620849609375,-14.0,-1.0,-0.8553237915039062,0,0,1
southern-illinois_vs_indiana state_20221207,2022-12-07,southern-illinois,Indiana State,2023,-3.0,4.7957506,7.795750617980957,-4.0,-7.0,0.795750617980957,1,0,0
southern-illinois_vs_alcorn state_20221210,2022-12-10,southern-illinois,Alcorn State,2023,6.0,15.0335045,9.033504486083984,-15.0,-9.0,0.033504486083984375,1,0,0
southern-illinois_vs_chicago state_20221216,2022-12-16,southern-illinois,Chicago State,2023,11.0,15.321686,4.321685791015625,-14.5,-3.5,0.821685791015625,1,0,0
southern-illinois_vs_belmont_20230101,2023-01-01,southern-illinois,Belmont,2023,18.0,4.7932997,13.206700325012207,-5.5,12.5,-0.706700325012207,0,1,0
southern-illinois_vs_drake_20230104,2023-01-04,southern-illinois,Drake,2023,4.0,0.7902682,3.2097318172454834,-1.0,3.0,-0.2097318172454834,0,1,0
southern-illinois_vs_illinois state_20230114,2023-01-14,southern-illinois,Illinois State,2023,12.0,12.059842,0.05984210968017578,-11.0,1.0,1.0598421096801758,1,1,1
southern-illinois_vs_evansville_20230117,2023-01-17,southern-illinois,Evansville,2023,7.0,19.434872,12.434871673583984,-17.5,-10.5,1.9348716735839844,1,0,0
southern-illinois_vs_murray state_20230124,2023-01-24,southern-illinois,Murray State,2023,4.0,7.9531937,3.9531936645507812,-7.5,-3.5,0.45319366455078125,1,0,0
southern-illinois_vs_missouri state_20230205,2023-02-05,southern-illinois,Missouri State,2023,20.0,4.889947,15.110053062438965,-6.0,14.0,-1.1100530624389648,0,1,0
southern-illinois_vs_illinoisâchicago_20230208,2023-02-08,southern-illinois,IllinoisâChicago,2023,2.0,13.714525,11.71452522277832,-13.0,-11.0,0.7145252227783203,1,0,0
southern-illinois_vs_bradley_20230219,2023-02-19,southern-illinois,Bradley,2023,-2.0,-0.808163,1.1918370127677917,1.5,-0.5,0.6918370127677917,1,0,0
southern-illinois_vs_northern iowa_20230222,2023-02-22,southern-illinois,Northern Iowa,2023,23.0,5.806508,17.19349193572998,-6.5,16.5,-0.6934919357299805,0,1,0
southern-illinois-edwardsville_vs_vmi_20221119,2022-11-19,southern-illinois-edwardsville,VMI,2023,26.0,6.3831525,19.6168475151062,-6.5,19.5,-0.11684751510620117,0,1,0
southern-illinois-edwardsville_vs_troy_20221203,2022-12-03,southern-illinois-edwardsville,Troy,2023,6.0,-1.8200607,7.820060729980469,3.0,9.0,1.1799392700195312,1,1,1
southern-illinois-edwardsville_vs_bradley_20221206,2022-12-06,southern-illinois-edwardsville,Bradley,2023,-2.0,-3.4706755,1.4706754684448242,6.0,4.0,2.529324531555176,1,1,1
southern-illinois-edwardsville_vs_tennessee state_20230105,2023-01-05,southern-illinois-edwardsville,Tennessee State,2023,9.0,5.112969,3.887031078338623,-7.0,2.0,-1.887031078338623,0,1,0
southern-illinois-edwardsville_vs_lindenwood_20230114,2023-01-14,southern-illinois-edwardsville,Lindenwood,2023,10.0,13.081656,3.0816564559936523,-14.5,-4.5,-1.4183435440063477,0,0,1
southern-illinois-edwardsville_vs_morehead state_20230119,2023-01-19,southern-illinois-edwardsville,Morehead State,2023,-9.0,8.833309,17.833309173583984,-8.0,-17.0,0.8333091735839844,1,0,0
southern-illinois-edwardsville_vs_southern indiana_20230121,2023-01-21,southern-illinois-edwardsville,Southern Indiana,2023,-10.0,4.799577,14.799577236175537,-5.5,-15.5,-0.7004227638244629,0,0,1
southern-illinois-edwardsville_vs_ut martin_20230202,2023-02-02,southern-illinois-edwardsville,UT Martin,2023,14.0,4.5261283,9.47387170791626,-5.5,8.5,-0.9738717079162598,0,1,0
southern-illinois-edwardsville_vs_eastern illinois_20230211,2023-02-11,southern-illinois-edwardsville,Eastern Illinois,2023,-11.0,12.333373,23.333373069763184,-11.5,-22.5,0.8333730697631836,1,0,0
southern-illinois-edwardsville_vs_little rock_20230223,2023-02-23,southern-illinois-edwardsville,Little Rock,2023,-5.0,7.9513073,12.95130729675293,-8.0,-13.0,-0.04869270324707031,0,0,1
southern-illinois-edwardsville_vs_southeast missouri state_20230225,2023-02-25,southern-illinois-edwardsville,Southeast Missouri State,2023,15.0,4.783554,10.216445922851562,-4.0,11.0,0.7835540771484375,1,1,1
southern-illinois-edwardsville_vs_southern indiana_20230301,2023-03-01,southern-illinois-edwardsville,Southern Indiana,2023,14.0,0.7515642,13.24843579530716,-2.0,12.0,-1.2484357953071594,0,1,0
southern-illinois-edwardsville_vs_ut martin_20230302,2023-03-02,southern-illinois-edwardsville,UT Martin,2023,-6.0,1.8383288,7.838328838348389,-2.0,-8.0,-0.16167116165161133,0,0,1
southern-indiana_vs_southern illinois_20221113,2022-11-13,southern-indiana,Southern Illinois,2023,18.0,-11.794702,29.79470157623291,9.5,27.5,-2.29470157623291,0,1,0
southern-indiana_vs_indiana state_20221211,2022-12-11,southern-indiana,Indiana State,2023,3.0,-6.2088966,9.20889663696289,6.5,9.5,0.2911033630371094,1,1,1
southern-indiana_vs_southeast missouri state_20221229,2022-12-29,southern-indiana,Southeast Missouri State,2023,5.0,5.3304048,0.33040475845336914,-5.0,0.0,0.33040475845336914,1,0,0
southern-indiana_vs_siu edwardsville_20230107,2023-01-07,southern-indiana,SIU Edwardsville,2023,-7.0,0.50188667,7.501886665821075,-1.0,-8.0,-0.49811333417892456,0,0,1
southern-indiana_vs_little rock_20230112,2023-01-12,southern-indiana,Little Rock,2023,7.0,7.08279,0.08278989791870117,-7.5,-0.5,-0.41721010208129883,0,0,1
southern-indiana_vs_ut martin_20230114,2023-01-14,southern-indiana,UT Martin,2023,14.0,2.214719,11.78528094291687,-3.5,10.5,-1.2852809429168701,0,1,0
southern-indiana_vs_eastern illinois_20230126,2023-01-26,southern-indiana,Eastern Illinois,2023,4.0,10.848797,6.848796844482422,-11.5,-7.5,-0.6512031555175781,0,0,1
southern-indiana_vs_tennessee state_20230202,2023-02-02,southern-indiana,Tennessee State,2023,-4.0,6.202305,10.20230484008789,-7.5,-11.5,-1.2976951599121094,0,0,1
southern-indiana_vs_morehead state_20230204,2023-02-04,southern-indiana,Morehead State,2023,-5.0,2.9910533,7.991053342819214,-3.0,-8.0,-0.008946657180786133,0,0,1
southern-indiana_vs_lindenwood_20230211,2023-02-11,southern-indiana,Lindenwood,2023,10.0,8.716355,1.283644676208496,-8.5,1.5,0.2163553237915039,1,1,1
southern-methodist_vs_new mexico_20221115,2022-11-15,southern-methodist,New Mexico,2023,-21.0,2.9659283,23.965928316116333,-3.5,-24.5,-0.534071683883667,0,0,1
southern-methodist_vs_evansville_20221119,2022-11-19,southern-methodist,Evansville,2023,8.0,11.123609,3.1236085891723633,-12.5,-4.5,-1.3763914108276367,0,0,1
southern-methodist_vs_louisiana_20221122,2022-11-22,southern-methodist,Louisiana,2023,-4.0,0.9705447,4.970544695854187,1.0,-3.0,1.970544695854187,1,0,0
southern-methodist_vs_lamar_20221127,2022-11-27,southern-methodist,Lamar,2023,25.0,16.259779,8.74022102355957,-18.0,7.0,-1.7402210235595703,0,1,0
southern-methodist_vs_jackson state_20221203,2022-12-03,southern-methodist,Jackson State,2023,-1.0,13.176385,14.176384925842285,-13.0,-14.0,0.17638492584228516,1,0,0
southern-methodist_vs_arizona state_20221207,2022-12-07,southern-methodist,Arizona State,2023,-18.0,-3.7829158,14.217084169387817,5.0,-13.0,1.2170841693878174,1,0,0
southern-methodist_vs_tcu_20221210,2022-12-10,southern-methodist,TCU,2023,-8.0,-12.987616,4.987615585327148,13.0,5.0,0.012384414672851562,1,1,1
southern-methodist_vs_utah state_20221223,2022-12-23,southern-methodist,Utah State,2023,3.0,-11.02009,14.020090103149414,11.5,14.5,0.47990989685058594,1,1,1
southern-methodist_vs_tulsa_20230101,2023-01-01,southern-methodist,Tulsa,2023,25.0,7.720199,17.27980089187622,-8.0,17.0,-0.2798008918762207,0,1,0
southern-methodist_vs_tulane_20230111,2023-01-11,southern-methodist,Tulane,2023,-9.0,-4.2644215,4.735578536987305,4.5,-4.5,0.2355785369873047,1,0,0
southern-methodist_vs_cincinnati_20230114,2023-01-14,southern-methodist,Cincinnati,2023,-2.0,-4.836218,2.8362178802490234,5.0,3.0,0.16378211975097656,1,1,1
southern-methodist_vs_wichita state_20230122,2023-01-22,southern-methodist,Wichita State,2023,-2.0,0.74582285,2.745822846889496,-2.0,-4.0,-1.2541771531105042,0,0,1
southern-methodist_vs_south florida_20230129,2023-01-29,southern-methodist,South Florida,2023,2.0,1.1315736,0.8684264421463013,-3.0,-1.0,-1.8684264421463013,0,0,1
southern-methodist_vs_temple_20230208,2023-02-08,southern-methodist,Temple,2023,1.0,-1.9110717,2.9110716581344604,1.5,2.5,-0.41107165813446045,0,1,0
southern-methodist_vs_houston_20230216,2023-02-16,southern-methodist,Houston,2023,-15.0,-13.592872,1.4071283340454102,15.5,0.5,1.9071283340454102,1,1,1
southern-methodist_vs_east carolina_20230219,2023-02-19,southern-methodist,East Carolina,2023,16.0,6.0188627,9.9811372756958,-7.0,9.0,-0.9811372756958008,0,1,0
southern-methodist_vs_memphis_20230302,2023-03-02,southern-methodist,Memphis,2023,-19.0,-7.180362,11.819637775421143,6.0,-13.0,-1.1803622245788574,0,0,1
southern-mississippi_vs_winthrop_20221122,2022-11-22,southern-mississippi,Winthrop,2023,25.0,3.0000856,21.999914407730103,-2.0,23.0,1.0000855922698975,1,1,1
southern-mississippi_vs_montana_20221129,2022-11-29,southern-mississippi,Montana,2023,10.0,9.65823,0.3417701721191406,-9.0,1.0,0.6582298278808594,1,1,1
southern-mississippi_vs_lamar_20221210,2022-12-10,southern-mississippi,Lamar,2023,36.0,19.62963,16.370370864868164,-19.5,16.5,0.12962913513183594,1,1,1
southern-mississippi_vs_mcneese state_20221218,2022-12-18,southern-mississippi,McNeese State,2023,19.0,15.569347,3.430652618408203,-15.0,4.0,0.5693473815917969,1,1,1
southern-mississippi_vs_troy_20221229,2022-12-29,southern-mississippi,Troy,2023,4.0,3.266921,0.7330789566040039,-3.5,0.5,-0.2330789566040039,0,1,0
southern-mississippi_vs_appalachian state_20221231,2022-12-31,southern-mississippi,Appalachian State,2023,6.0,6.0568852,0.0568852424621582,-7.0,-1.0,-0.9431147575378418,0,0,1
southern-mississippi_vs_south alabama_20230119,2023-01-19,southern-mississippi,South Alabama,2023,4.0,6.359787,2.3597869873046875,-5.5,-1.5,0.8597869873046875,1,0,0
southern-mississippi_vs_james madison_20230121,2023-01-21,southern-mississippi,James Madison,2023,13.0,1.9353657,11.064634323120117,-1.0,12.0,0.9353656768798828,1,1,1
southern-mississippi_vs_arkansas state_20230126,2023-01-26,southern-mississippi,Arkansas State,2023,16.0,11.400899,4.5991010665893555,-11.0,5.0,0.40089893341064453,1,1,1
southern-mississippi_vs_texas state_20230128,2023-01-28,southern-mississippi,Texas State,2023,9.0,7.668364,1.3316359519958496,-8.0,1.0,-0.3316359519958496,0,1,0
southern-mississippi_vs_louisiana_20230209,2023-02-09,southern-mississippi,Louisiana,2023,11.0,2.3461616,8.653838396072388,-3.0,8.0,-0.6538383960723877,0,1,0
southern-mississippi_vs_louisianaâmonroe_20230211,2023-02-11,southern-mississippi,LouisianaâMonroe,2023,9.0,11.730018,2.73001766204834,-12.0,-3.0,-0.26998233795166016,0,0,1
southern-mississippi_vs_georgia southern_20230218,2023-02-18,southern-mississippi,Georgia Southern,2023,11.0,8.539949,2.460050582885742,-9.5,1.5,-0.9600505828857422,0,1,0
southern-utah_vs_texas state_20221125,2022-11-25,southern-utah,Texas State,2023,-13.0,4.1993923,17.199392318725586,-3.0,-16.0,1.199392318725586,1,0,0
southern-utah_vs_montana state_20221130,2022-11-30,southern-utah,Montana State,2023,-3.0,3.5454433,6.545443296432495,-2.5,-5.5,1.0454432964324951,1,0,0
southern-utah_vs_northern arizona_20221217,2022-12-17,southern-utah,Northern Arizona,2023,5.0,8.6644125,3.664412498474121,-9.0,-4.0,-0.3355875015258789,0,0,1
southern-utah_vs_sam houston state_20230112,2023-01-12,southern-utah,Sam Houston State,2023,12.0,0.37513527,11.624864727258682,0.0,12.0,0.37513527274131775,1,1,1
southern-utah_vs_stephen f. austin_20230114,2023-01-14,southern-utah,Stephen F. Austin,2023,9.0,3.1762233,5.823776721954346,-3.5,5.5,-0.3237767219543457,0,1,0
southern-utah_vs_new mexico state_20230119,2023-01-19,southern-utah,New Mexico State,2023,35.0,5.751754,29.24824619293213,-6.0,29.0,-0.2482461929321289,0,1,0
southern-utah_vs_utah valley_20230126,2023-01-26,southern-utah,Utah Valley,2023,12.0,2.0805008,9.919499158859253,-1.5,10.5,0.5805008411407471,1,1,1
southern-utah_vs_tarleton state_20230209,2023-02-09,southern-utah,Tarleton State,2023,10.0,6.664281,3.335719108581543,-7.0,3.0,-0.33571910858154297,0,1,0
southern-utah_vs_utah tech_20230217,2023-02-17,southern-utah,Utah Tech,2023,10.0,8.621437,1.3785629272460938,-8.0,2.0,0.6214370727539062,1,1,1
southern-utah_vs_grand canyon_20230301,2023-03-01,southern-utah,Grand Canyon,2023,-5.0,4.51454,9.514540195465088,-5.0,-10.0,-0.4854598045349121,0,0,1
southern-utah_vs_california baptist_20230303,2023-03-03,southern-utah,California Baptist,2023,10.0,5.307771,4.6922287940979,-6.5,3.5,-1.1922287940979004,0,1,0
southern-utah_vs_utah valley_20230310,2023-03-10,southern-utah,Utah Valley,2023,1.0,-4.0378275,5.037827491760254,3.5,4.5,-0.5378274917602539,0,1,0
south-florida_vs_stetson_20221114,2022-11-14,south-florida,Stetson,2023,-1.0,7.8745847,8.874584674835205,-8.0,-9.0,-0.12541532516479492,0,0,1
south-florida_vs_austin peay_20221117,2022-11-17,south-florida,Austin Peay,2023,-2.0,7.682099,9.682098865509033,-6.0,-8.0,1.6820988655090332,1,0,0
south-florida_vs_massachusetts_20221129,2022-11-29,south-florida,Massachusetts,2023,-6.0,-0.5161286,5.483871400356293,1.0,-5.0,0.4838714003562927,1,0,0
south-florida_vs_charleston southern_20221202,2022-12-02,south-florida,Charleston Southern,2023,20.0,9.93725,10.062749862670898,-9.5,10.5,0.43725013732910156,1,1,1
south-florida_vs_dartmouth_20221216,2022-12-16,south-florida,Dartmouth,2023,4.0,13.386654,9.386653900146484,-13.0,-9.0,0.3866539001464844,1,0,0
south-florida_vs_hofstra_20221219,2022-12-19,south-florida,Hofstra,2023,7.0,1.6075678,5.39243221282959,-1.5,5.5,0.10756778717041016,1,1,1
south-florida_vs_njit_20221222,2022-12-22,south-florida,NJIT,2023,19.0,14.182057,4.8179426193237305,-13.0,6.0,1.1820573806762695,1,1,1
south-florida_vs_temple_20230104,2023-01-04,south-florida,Temple,2023,-4.0,1.1002611,5.100261092185974,-1.0,-5.0,0.10026109218597412,1,0,0
south-florida_vs_wichita state_20230108,2023-01-08,south-florida,Wichita State,2023,-4.0,1.2013727,5.201372742652893,-2.0,-6.0,-0.7986272573471069,0,0,1
south-florida_vs_cincinnati_20230118,2023-01-18,south-florida,Cincinnati,2023,-16.0,-3.1857498,12.814250230789185,4.0,-12.0,0.8142502307891846,1,0,0
south-florida_vs_ucf_20230121,2023-01-21,south-florida,UCF,2023,13.0,-3.7171052,16.71710515022278,4.5,17.5,0.7828948497772217,1,1,1
south-florida_vs_east carolina_20230201,2023-02-01,south-florida,East Carolina,2023,8.0,6.3976965,1.6023035049438477,-7.5,0.5,-1.1023035049438477,0,1,0
south-florida_vs_memphis_20230208,2023-02-08,south-florida,Memphis,2023,-18.0,-4.9703116,13.029688358306885,6.5,-11.5,1.5296883583068848,1,0,0
south-florida_vs_tulane_20230218,2023-02-18,south-florida,Tulane,2023,-18.0,-3.445647,14.55435299873352,4.5,-13.5,1.0543529987335205,1,0,0
south-florida_vs_smu_20230225,2023-02-25,south-florida,SMU,2023,4.0,3.7304466,0.26955342292785645,-4.5,-0.5,-0.7695534229278564,0,0,1
south-florida_vs_tulsa_20230301,2023-03-01,south-florida,Tulsa,2023,16.0,13.526101,2.4738988876342773,-14.0,2.0,-0.47389888763427734,0,1,0
stanford_vs_wisconsin_20221111,2022-11-11,stanford,Wisconsin,2023,-10.0,-1.6099659,8.390034079551697,4.0,-6.0,2.3900340795516968,1,0,0
stanford_vs_san diego state_20221115,2022-11-15,stanford,San Diego State,2023,-12.0,-2.0816686,9.918331384658813,4.5,-7.5,2.4183313846588135,1,0,0
stanford_vs_cal poly_20221118,2022-11-18,stanford,Cal Poly,2023,37.0,17.27524,19.724760055541992,-15.0,22.0,2.275239944458008,1,1,1
stanford_vs_ucla_20221201,2022-12-01,stanford,UCLA,2023,-14.0,-7.093304,6.90669584274292,6.5,-7.5,-0.5933041572570801,0,0,1
stanford_vs_green bay_20221216,2022-12-16,stanford,Green Bay,2023,45.0,22.300558,22.69944190979004,-24.5,20.5,-2.199441909790039,0,1,0
stanford_vs_texas_20221218,2022-12-18,stanford,Texas,2023,-10.0,-10.543181,0.5431814193725586,10.5,0.5,-0.043181419372558594,0,1,0
stanford_vs_colorado_20221229,2022-12-29,stanford,Colorado,2023,-3.0,1.2394363,4.2394362688064575,-2.0,-5.0,-0.7605637311935425,0,0,1
stanford_vs_utah_20221231,2022-12-31,stanford,Utah,2023,-5.0,1.4001861,6.400186061859131,-2.5,-7.5,-1.0998139381408691,0,0,1
stanford_vs_oregon state_20230119,2023-01-19,stanford,Oregon State,2023,21.0,11.218136,9.781864166259766,-11.5,9.5,-0.2818641662597656,0,1,0
stanford_vs_oregon_20230121,2023-01-21,stanford,Oregon,2023,7.0,-1.9081857,8.908185720443726,3.5,10.5,1.5918142795562744,1,1,1
stanford_vs_chicago state_20230125,2023-01-25,stanford,Chicago State,2023,7.0,17.780045,10.780044555664062,-18.0,-11.0,-0.2199554443359375,0,0,1
stanford_vs_california_20230128,2023-01-28,stanford,California,2023,29.0,10.590026,18.409974098205566,-10.5,18.5,0.0900259017944336,1,1,1
stanford_vs_arizona state_20230209,2023-02-09,stanford,Arizona State,2023,-4.0,2.375481,6.375480890274048,-3.0,-7.0,-0.6245191097259521,0,0,1
stanford_vs_arizona_20230211,2023-02-11,stanford,Arizona,2023,9.0,-7.822108,16.822107791900635,7.5,16.5,-0.32210779190063477,0,1,0
stanford_vs_washington state_20230223,2023-02-23,stanford,Washington State,2023,-4.0,1.5015706,5.5015705823898315,-2.0,-6.0,-0.49842941761016846,0,0,1
stanford_vs_washington_20230226,2023-02-26,stanford,Washington,2023,12.0,5.367195,6.632804870605469,-6.5,5.5,-1.1328048706054688,0,1,0
stanford_vs_utah_20230308,2023-03-08,stanford,Utah,2023,11.0,0.74768347,10.252316534519196,-1.0,10.0,-0.25231653451919556,0,1,0
st-bonaventure_vs_bowling green_20221119,2022-11-19,st-bonaventure,Bowling Green,2023,13.0,7.154664,5.845335960388184,-7.5,5.5,-0.3453359603881836,0,1,0
st-bonaventure_vs_southern indiana_20221122,2022-11-22,st-bonaventure,Southern Indiana,2023,14.0,6.942882,7.057117938995361,-6.5,7.5,0.44288206100463867,1,1,1
st-bonaventure_vs_middle tennessee_20221130,2022-11-30,st-bonaventure,Middle Tennessee,2023,7.0,0.8410471,6.15895289182663,-3.5,3.5,-2.6589528918266296,0,1,0
st-bonaventure_vs_cleveland state_20221207,2022-12-07,st-bonaventure,Cleveland State,2023,19.0,6.6347275,12.365272521972656,-7.5,11.5,-0.8652725219726562,0,1,0
st-bonaventure_vs_florida gulf coast_20221216,2022-12-16,st-bonaventure,Florida Gulf Coast,2023,-13.0,1.5014399,14.501439929008484,-3.5,-16.5,-1.9985600709915161,0,0,1
st-bonaventure_vs_massachusetts_20221231,2022-12-31,st-bonaventure,Massachusetts,2023,19.0,0.3851396,18.614860385656357,0.0,19.0,0.3851396143436432,1,1,1
st-bonaventure_vs_george mason_20230104,2023-01-04,st-bonaventure,George Mason,2023,4.0,0.8064322,3.1935678124427795,-1.0,3.0,-0.19356781244277954,0,1,0
st-bonaventure_vs_richmond_20230114,2023-01-14,st-bonaventure,Richmond,2023,8.0,-0.09111657,8.091116569936275,0.0,8.0,-0.09111656993627548,0,1,0
st-bonaventure_vs_fordham_20230125,2023-01-25,st-bonaventure,Fordham,2023,-11.0,4.781494,15.781494140625,-4.0,-15.0,0.781494140625,1,0,0
st-bonaventure_vs_dayton_20230204,2023-02-04,st-bonaventure,Dayton,2023,9.0,-3.5558167,12.555816650390625,5.5,14.5,1.944183349609375,1,1,1
st-bonaventure_vs_la salle_20230208,2023-02-08,st-bonaventure,La Salle,2023,-6.0,5.9051623,11.905162334442139,-6.5,-12.5,-0.5948376655578613,0,0,1
st-bonaventure_vs_george washington_20230219,2023-02-19,st-bonaventure,George Washington,2023,-2.0,5.3262835,7.3262834548950195,-5.0,-7.0,0.32628345489501953,1,0,0
st-bonaventure_vs_saint joseph's_20230226,2023-02-26,st-bonaventure,Saint Joseph's,2023,13.0,4.288495,8.711504936218262,-4.0,9.0,0.2884950637817383,1,1,1
stephen-f-austin_vs_alcorn state_20221115,2022-11-15,stephen-f-austin,Alcorn State,2023,-9.0,12.642899,21.642898559570312,-11.0,-20.0,1.6428985595703125,1,0,0
stephen-f-austin_vs_northwestern state_20221201,2022-12-01,stephen-f-austin,Northwestern State,2023,-6.0,12.088552,18.088552474975586,-12.5,-18.5,-0.41144752502441406,0,0,1
stephen-f-austin_vs_jackson state_20221222,2022-12-22,stephen-f-austin,Jackson State,2023,11.0,11.812143,0.8121433258056641,-12.0,-1.0,-0.18785667419433594,0,0,1
stephen-f-austin_vs_abilene christian_20221229,2022-12-29,stephen-f-austin,Abilene Christian,2023,7.0,4.6290865,2.370913505554199,-4.5,2.5,0.12908649444580078,1,1,1
stephen-f-austin_vs_new mexico state_20230104,2023-01-04,stephen-f-austin,New Mexico State,2023,9.0,0.75530654,8.244693458080292,-2.5,6.5,-1.7446934580802917,0,1,0
stephen-f-austin_vs_grand canyon_20230107,2023-01-07,stephen-f-austin,Grand Canyon,2023,5.0,1.5744106,3.425589442253113,-2.5,2.5,-0.9255894422531128,0,1,0
stephen-f-austin_vs_seattle_20230128,2023-01-28,stephen-f-austin,Seattle,2023,14.0,4.854337,9.145662784576416,-4.0,10.0,0.854337215423584,1,1,1
stephen-f-austin_vs_tarleton state_20230215,2023-02-15,stephen-f-austin,Tarleton State,2023,5.0,6.278128,1.2781281471252441,-6.5,-1.5,-0.22187185287475586,0,0,1
stephen-f-austin_vs_ut arlington_20230218,2023-02-18,stephen-f-austin,UT Arlington,2023,-5.0,10.460453,15.460453033447266,-11.5,-16.5,-1.0395469665527344,0,0,1
stephen-f-austin_vs_california baptist_20230226,2023-02-26,stephen-f-austin,California Baptist,2023,22.0,4.439655,17.56034517288208,-5.0,17.0,-0.5603451728820801,0,1,0
stephen-f-austin_vs_sam houston state_20230301,2023-03-01,stephen-f-austin,Sam Houston State,2023,-5.0,-2.4904695,2.509530544281006,1.5,-3.5,-0.9904694557189941,0,0,1
stetson_vs_north florida_20230102,2023-01-02,stetson,North Florida,2023,6.0,2.8955696,3.1044304370880127,-3.0,3.0,-0.1044304370880127,0,1,0
stetson_vs_kennesaw state_20230119,2023-01-19,stetson,Kennesaw State,2023,-1.0,-0.040132057,0.9598679430782795,1.0,0.0,0.9598679430782795,1,0,0
stetson_vs_jacksonville state_20230121,2023-01-21,stetson,Jacksonville State,2023,6.0,5.41617,0.5838298797607422,-5.0,1.0,0.4161701202392578,1,1,1
stetson_vs_north alabama_20230202,2023-02-02,stetson,North Alabama,2023,22.0,4.7371464,17.262853622436523,-5.5,16.5,-0.7628536224365234,0,1,0
stetson_vs_central arkansas_20230204,2023-02-04,stetson,Central Arkansas,2023,19.0,8.328409,10.671590805053711,-9.5,9.5,-1.171590805053711,0,1,0
stetson_vs_florida gulf coast_20230215,2023-02-15,stetson,Florida Gulf Coast,2023,3.0,1.4601191,1.5398808717727661,-1.0,2.0,0.4601191282272339,1,1,1
stetson_vs_austin peay_20230222,2023-02-22,stetson,Austin Peay,2023,25.0,10.079475,14.920524597167969,-10.5,14.5,-0.42052459716796875,0,1,0
stetson_vs_lipscomb_20230224,2023-02-24,stetson,Lipscomb,2023,-7.0,2.0891745,9.089174509048462,-1.5,-8.5,0.5891745090484619,1,0,0
stetson_vs_lipscomb_20230228,2023-02-28,stetson,Lipscomb,2023,-13.0,1.0791141,14.079114079475403,0.0,-13.0,1.0791140794754028,1,0,0
st-johns-ny_vs_lafayette_20221112,2022-11-12,st-johns-ny,Lafayette,2023,15.0,28.286364,13.28636360168457,-24.0,-9.0,4.28636360168457,1,0,0
st-johns-ny_vs_central connecticut state_20221115,2022-11-15,st-johns-ny,Central Connecticut State,2023,17.0,28.485535,11.48553466796875,-28.0,-11.0,0.48553466796875,1,0,0
st-johns-ny_vs_nebraska_20221117,2022-11-17,st-johns-ny,Nebraska,2023,20.0,9.178587,10.821413040161133,-9.0,11.0,0.1785869598388672,1,1,1
st-johns-ny_vs_temple_20221121,2022-11-21,st-johns-ny,Temple,2023,6.0,3.3682604,2.631739616394043,-4.0,2.0,-0.631739616394043,0,1,0
st-johns-ny_vs_niagara_20221126,2022-11-26,st-johns-ny,Niagara,2023,8.0,17.121622,9.121622085571289,-15.5,-7.5,1.621622085571289,1,0,0
st-johns-ny_vs_liu_20221129,2022-11-29,st-johns-ny,LIU,2023,27.0,29.763334,2.763334274291992,-33.5,-6.5,-3.736665725708008,0,0,1
st-johns-ny_vs_depaul_20221207,2022-12-07,st-johns-ny,DePaul,2023,19.0,8.982377,10.017622947692871,-9.5,9.5,-0.5176229476928711,0,1,0
st-johns-ny_vs_new hampshire_20221210,2022-12-10,st-johns-ny,New Hampshire,2023,13.0,20.333517,7.333517074584961,-22.0,-9.0,-1.666482925415039,0,0,1
st-johns-ny_vs_xavier_20221228,2022-12-28,st-johns-ny,Xavier,2023,-5.0,0.15585515,5.155855149030685,2.0,-3.0,2.1558551490306854,1,0,0
st-johns-ny_vs_marquette_20230103,2023-01-03,st-johns-ny,Marquette,2023,-11.0,-1.7471465,9.252853512763977,3.0,-8.0,1.252853512763977,1,0,0
st-johns-ny_vs_butler_20230110,2023-01-10,st-johns-ny,Butler,2023,16.0,4.163449,11.836551189422607,-3.5,12.5,0.6634488105773926,1,1,1
st-johns-ny_vs_villanova_20230120,2023-01-20,st-johns-ny,Villanova,2023,-8.0,3.7530766,11.753076553344727,-4.0,-12.0,-0.24692344665527344,0,0,1
st-johns-ny_vs_georgetown_20230129,2023-01-29,st-johns-ny,Georgetown,2023,2.0,9.711545,7.711544990539551,-10.0,-8.0,-0.2884550094604492,0,0,1
st-johns-ny_vs_seton hall_20230201,2023-02-01,st-johns-ny,Seton Hall,2023,-12.0,-0.75598186,11.244018137454987,2.0,-10.0,1.2440181374549866,1,0,0
st-johns-ny_vs_providence_20230211,2023-02-11,st-johns-ny,Providence,2023,5.0,-4.3255105,9.325510501861572,4.5,9.5,0.17448949813842773,1,1,1
st-johns-ny_vs_creighton_20230218,2023-02-18,st-johns-ny,Creighton,2023,-10.0,-6.500433,3.4995670318603516,7.0,-3.0,0.49956703186035156,1,0,0
st-johns-ny_vs_connecticut_20230225,2023-02-25,st-johns-ny,Connecticut,2023,-9.0,-6.86089,2.1391100883483887,7.5,-1.5,0.6391100883483887,1,0,0
st-johns-ny_vs_butler_20230308,2023-03-08,st-johns-ny,Butler,2023,13.0,6.657218,6.342782020568848,-7.0,6.0,-0.34278202056884766,0,1,0
st-johns-ny_vs_marquette_20230309,2023-03-09,st-johns-ny,Marquette,2023,-2.0,-9.158396,7.158395767211914,8.5,6.5,-0.6583957672119141,0,1,0
stonehill_vs_quinnipiac_20221110,2022-11-10,stonehill,Quinnipiac,2023,-7.0,-9.290613,2.2906131744384766,10.5,3.5,1.2093868255615234,1,1,1
stonehill_vs_rider_20221207,2022-12-07,stonehill,Rider,2023,-11.0,-3.7350426,7.264957427978516,4.0,-7.0,0.2649574279785156,1,0,0
stonehill_vs_wagner_20230105,2023-01-05,stonehill,Wagner,2023,4.0,1.3967539,2.6032460927963257,-1.5,2.5,-0.10324609279632568,0,1,0
stonehill_vs_central connecticut state_20230107,2023-01-07,stonehill,Central Connecticut State,2023,2.0,2.1009154,0.10091543197631836,-4.0,-2.0,-1.8990845680236816,0,0,1
stonehill_vs_merrimack_20230114,2023-01-14,stonehill,Merrimack,2023,-12.0,2.3997116,14.399711608886719,-3.5,-15.5,-1.1002883911132812,0,0,1
stonehill_vs_sacred heart_20230128,2023-01-28,stonehill,Sacred Heart,2023,1.0,1.776954,0.7769540548324585,-1.5,-0.5,0.2769540548324585,1,0,0
stonehill_vs_saint francis (pa)_20230202,2023-02-02,stonehill,Saint Francis (PA),2023,13.0,0.45830193,12.541698068380356,-1.5,11.5,-1.0416980683803558,0,1,0
stonehill_vs_liu_20230216,2023-02-16,stonehill,LIU,2023,15.0,12.704606,2.295393943786621,-12.5,2.5,0.2046060562133789,1,1,1
stony-brook_vs_yale_20221203,2022-12-03,stony-brook,Yale,2023,-5.0,-17.718273,12.718273162841797,15.5,10.5,-2.218273162841797,0,1,0
stony-brook_vs_army_20221218,2022-12-18,stony-brook,Army,2023,7.0,-2.2135062,9.21350622177124,1.5,8.5,-0.7135062217712402,0,1,0
stony-brook_vs_towson_20230107,2023-01-07,stony-brook,Towson,2023,-12.0,-2.5693493,9.43065071105957,5.5,-6.5,2.9306507110595703,1,0,0
stony-brook_vs_drexel_20230112,2023-01-12,stony-brook,Drexel,2023,1.0,-2.9007978,3.9007978439331055,4.5,5.5,1.5992021560668945,1,1,1
stony-brook_vs_northeastern_20230119,2023-01-19,stony-brook,Northeastern,2023,-13.0,-1.4370648,11.56293523311615,2.5,-10.5,1.06293523311615,1,0,0
stony-brook_vs_unc wilmington_20230121,2023-01-21,stony-brook,UNC Wilmington,2023,-11.0,-5.699036,5.300963878631592,6.5,-4.5,0.8009638786315918,1,0,0
stony-brook_vs_elon_20230202,2023-02-02,stony-brook,Elon,2023,-14.0,1.0342807,15.03428065776825,-2.5,-16.5,-1.4657193422317505,0,0,1
stony-brook_vs_monmouth_20230208,2023-02-08,stony-brook,Monmouth,2023,-7.0,3.6133404,10.613340377807617,-3.0,-10.0,0.6133403778076172,1,0,0
stony-brook_vs_north carolina a&t_20230211,2023-02-11,stony-brook,North Carolina A&T,2023,10.0,-0.6386306,10.638630628585815,2.0,12.0,1.3613693714141846,1,1,1
stony-brook_vs_william & mary_20230216,2023-02-16,stony-brook,William & Mary,2023,5.0,5.9484344,0.9484343528747559,-4.0,1.0,1.9484343528747559,1,1,1
stony-brook_vs_hofstra_20230218,2023-02-18,stony-brook,Hofstra,2023,-3.0,-11.656263,8.65626335144043,12.5,9.5,0.8437366485595703,1,1,1
st-thomas-mn_vs_chicago state_20221111,2022-11-11,st-thomas-mn,Chicago State,2023,22.0,8.223541,13.776458740234375,-8.5,13.5,-0.276458740234375,0,1,0
st-thomas-mn_vs_troy_20221118,2022-11-18,st-thomas-mn,Troy,2023,2.0,-4.107836,6.10783576965332,4.5,6.5,0.3921642303466797,1,1,1
st-thomas-mn_vs_green bay_20221213,2022-12-13,st-thomas-mn,Green Bay,2023,21.0,12.269919,8.730080604553223,-11.5,9.5,0.7699193954467773,1,1,1
st-thomas-mn_vs_north dakota_20221219,2022-12-19,st-thomas-mn,North Dakota,2023,13.0,5.41972,7.58027982711792,-7.0,6.0,-1.58027982711792,0,1,0
st-thomas-mn_vs_north dakota state_20221221,2022-12-21,st-thomas-mn,North Dakota State,2023,10.0,4.094857,5.905142784118652,-5.5,4.5,-1.4051427841186523,0,1,0
st-thomas-mn_vs_denver_20230105,2023-01-05,st-thomas-mn,Denver,2023,10.0,5.4815207,4.518479347229004,-7.0,3.0,-1.518479347229004,0,1,0
st-thomas-mn_vs_omaha_20230107,2023-01-07,st-thomas-mn,Omaha,2023,12.0,7.5338454,4.4661545753479,-8.0,4.0,-0.4661545753479004,0,1,0
st-thomas-mn_vs_south dakota state_20230126,2023-01-26,st-thomas-mn,South Dakota State,2023,6.0,0.31699562,5.683004379272461,1.0,7.0,1.316995620727539,1,1,1
st-thomas-mn_vs_south dakota_20230128,2023-01-28,st-thomas-mn,South Dakota,2023,-14.0,5.629574,19.629573822021484,-6.5,-20.5,-0.8704261779785156,0,0,1
st-thomas-mn_vs_oral roberts_20230209,2023-02-09,st-thomas-mn,Oral Roberts,2023,-7.0,-9.283118,2.28311824798584,9.0,2.0,-0.28311824798583984,0,1,0
st-thomas-mn_vs_kansas city_20230211,2023-02-11,st-thomas-mn,Kansas City,2023,30.0,4.323136,25.67686414718628,-4.5,25.5,-0.1768641471862793,0,1,0
st-thomas-mn_vs_western illinois_20230218,2023-02-18,st-thomas-mn,Western Illinois,2023,13.0,7.0908113,5.909188747406006,-7.5,5.5,-0.40918874740600586,0,1,0
st-thomas-mn_vs_western illinois_20230305,2023-03-05,st-thomas-mn,Western Illinois,2023,7.0,1.6699736,5.330026388168335,-3.5,3.5,-1.830026388168335,0,1,0
syracuse_vs_colgate_20221115,2022-11-15,syracuse,Colgate,2023,-12.0,5.485122,17.485122203826904,-6.5,-18.5,-1.0148777961730957,0,0,1
syracuse_vs_northeastern_20221119,2022-11-19,syracuse,Northeastern,2023,28.0,13.227863,14.772136688232422,-15.0,13.0,-1.7721366882324219,0,1,0
syracuse_vs_bryant_20221126,2022-11-26,syracuse,Bryant,2023,-1.0,11.538355,12.538354873657227,-9.5,-10.5,2.0383548736572266,1,0,0
syracuse_vs_oakland_20221206,2022-12-06,syracuse,Oakland,2023,29.0,15.440298,13.559701919555664,-16.5,12.5,-1.059701919555664,0,1,0
syracuse_vs_georgetown_20221210,2022-12-10,syracuse,Georgetown,2023,19.0,6.9578786,12.042121410369873,-7.0,12.0,-0.04212141036987305,0,1,0
syracuse_vs_monmouth_20221212,2022-12-12,syracuse,Monmouth,2023,15.0,19.32963,4.329629898071289,-22.5,-7.5,-3.170370101928711,0,0,1
syracuse_vs_cornell_20221217,2022-12-17,syracuse,Cornell,2023,15.0,9.177528,5.822471618652344,-8.5,6.5,0.6775283813476562,1,1,1
syracuse_vs_pittsburgh_20221220,2022-12-20,syracuse,Pittsburgh,2023,-2.0,1.056612,3.056612014770508,-3.5,-5.5,-2.443387985229492,0,0,1
syracuse_vs_boston college_20221231,2022-12-31,syracuse,Boston College,2023,14.0,8.422832,5.5771684646606445,-9.0,5.0,-0.5771684646606445,0,1,0
syracuse_vs_virginia tech_20230111,2023-01-11,syracuse,Virginia Tech,2023,10.0,-1.9835111,11.983511090278625,2.5,12.5,0.5164889097213745,1,1,1
syracuse_vs_notre dame_20230114,2023-01-14,syracuse,Notre Dame,2023,5.0,5.0868864,0.08688640594482422,-5.0,0.0,0.08688640594482422,1,0,0
syracuse_vs_north carolina_20230124,2023-01-24,syracuse,North Carolina,2023,-4.0,-4.8593073,0.8593072891235352,4.0,0.0,-0.8593072891235352,0,0,1
syracuse_vs_virginia_20230130,2023-01-30,syracuse,Virginia,2023,-5.0,-3.7619345,1.238065481185913,5.0,0.0,1.238065481185913,1,0,0
syracuse_vs_nc state_20230214,2023-02-14,syracuse,NC State,2023,3.0,0.54400873,2.455991268157959,-2.0,1.0,-1.455991268157959,0,1,0
syracuse_vs_duke_20230218,2023-02-18,syracuse,Duke,2023,-22.0,-0.2236285,21.776371493935585,1.0,-21.0,0.776371493935585,1,0,0
syracuse_vs_georgia tech_20230228,2023-02-28,syracuse,Georgia Tech,2023,-20.0,7.943764,27.943764209747314,-9.0,-29.0,-1.0562357902526855,0,0,1
syracuse_vs_wake forest_20230304,2023-03-04,syracuse,Wake Forest,2023,9.0,-0.057715945,9.057715944945812,-1.0,8.0,-1.0577159449458122,0,1,0
syracuse_vs_wake forest_20230308,2023-03-08,syracuse,Wake Forest,2023,-3.0,-2.4306486,0.5693514347076416,2.5,-0.5,0.0693514347076416,1,0,0
tarleton-state_vs_weber state_20221129,2022-11-29,tarleton-state,Weber State,2023,10.0,7.6442547,2.355745315551758,-7.5,2.5,0.1442546844482422,1,1,1
tarleton-state_vs_ut arlington_20221229,2022-12-29,tarleton-state,UT Arlington,2023,7.0,5.6194215,1.3805785179138184,-7.0,0.0,-1.3805785179138184,0,0,1
tarleton-state_vs_southern utah_20230105,2023-01-05,tarleton-state,Southern Utah,2023,3.0,1.793207,1.206792950630188,1.0,4.0,2.793207049369812,1,1,1
tarleton-state_vs_chicago state_20230111,2023-01-11,tarleton-state,Chicago State,2023,10.0,8.49711,1.502889633178711,-9.5,0.5,-1.002889633178711,0,1,0
tarleton-state_vs_abilene christian_20230114,2023-01-14,tarleton-state,Abilene Christian,2023,9.0,2.2062778,6.793722152709961,-3.5,5.5,-1.293722152709961,0,1,0
tarleton-state_vs_utah tech_20230126,2023-01-26,tarleton-state,Utah Tech,2023,2.0,3.0222988,1.022298812866211,-4.0,-2.0,-0.9777011871337891,0,0,1
tarleton-state_vs_grand canyon_20230128,2023-01-28,tarleton-state,Grand Canyon,2023,19.0,-1.9913176,20.991317629814148,2.0,21.0,0.00868237018585205,1,1,1
tarleton-state_vs_sam houston state_20230218,2023-02-18,tarleton-state,Sam Houston State,2023,-5.0,-2.3057568,2.6942431926727295,2.5,-2.5,0.1942431926727295,1,0,0
tarleton-state_vs_utah valley_20230223,2023-02-23,tarleton-state,Utah Valley,2023,19.0,-1.5673953,20.567395329475403,4.5,23.5,2.932604670524597,1,1,1
tarleton-state_vs_utah valley_20230309,2023-03-09,tarleton-state,Utah Valley,2023,-14.0,-4.956941,9.0430588722229,6.5,-7.5,1.5430588722229004,1,0,0
temple_vs_villanova_20221111,2022-11-11,temple,Villanova,2023,4.0,-1.2423527,5.242352724075317,5.0,9.0,3.7576472759246826,1,1,1
temple_vs_vanderbilt_20221115,2022-11-15,temple,Vanderbilt,2023,-2.0,2.2791874,4.279187440872192,-3.5,-5.5,-1.2208125591278076,0,0,1
temple_vs_drexel_20221127,2022-11-27,temple,Drexel,2023,12.0,8.935876,3.06412410736084,-8.5,3.5,0.43587589263916016,1,1,1
temple_vs_vcu_20221203,2022-12-03,temple,VCU,2023,10.0,0.40858924,9.591410756111145,-1.5,8.5,-1.091410756111145,0,1,0
temple_vs_saint joseph's_20221206,2022-12-06,temple,Saint Joseph's,2023,10.0,9.360202,0.6397981643676758,-9.5,0.5,-0.13979816436767578,0,1,0
temple_vs_maryland eastern shore_20221220,2022-12-20,temple,Maryland Eastern Shore,2023,-8.0,14.863109,22.86310863494873,-15.5,-23.5,-0.6368913650512695,0,0,1
temple_vs_cincinnati_20230101,2023-01-01,temple,Cincinnati,2023,9.0,-2.9772875,11.977287530899048,3.5,12.5,0.5227124691009521,1,1,1
temple_vs_tulane_20230107,2023-01-07,temple,Tulane,2023,-11.0,-0.8028794,10.197120606899261,-1.0,-12.0,-1.8028793931007385,0,0,1
temple_vs_memphis_20230115,2023-01-15,temple,Memphis,2023,-2.0,-4.094182,2.094182014465332,5.5,3.5,1.405817985534668,1,1,1
temple_vs_east carolina_20230118,2023-01-18,temple,East Carolina,2023,15.0,8.749147,6.250852584838867,-9.0,6.0,-0.2508525848388672,0,1,0
temple_vs_south florida_20230125,2023-01-25,temple,South Florida,2023,3.0,4.1958604,1.1958603858947754,-5.5,-2.5,-1.3041396141052246,0,0,1
temple_vs_houston_20230205,2023-02-05,temple,Houston,2023,-16.0,-9.713834,6.286166191101074,11.0,-5.0,1.2861661911010742,1,0,0
temple_vs_wichita state_20230216,2023-02-16,temple,Wichita State,2023,-14.0,4.547435,18.54743480682373,-4.5,-18.5,0.04743480682373047,1,0,0
temple_vs_tulsa_20230219,2023-02-19,temple,Tulsa,2023,23.0,11.368572,11.631427764892578,-11.5,11.5,-0.13142776489257812,0,1,0
temple_vs_ucf_20230302,2023-03-02,temple,UCF,2023,2.0,0.47878352,1.521216481924057,-1.0,1.0,-0.521216481924057,0,1,0
tennessee_vs_florida gulf coast_20221116,2022-11-16,tennessee,Florida Gulf Coast,2023,31.0,22.766094,8.233905792236328,-20.5,10.5,2.266094207763672,1,1,1
tennessee_vs_mcneese state_20221130,2022-11-30,tennessee,McNeese State,2023,36.0,24.796127,11.203872680664062,-35.0,1.0,-10.203872680664062,0,1,0
tennessee_vs_alcorn state_20221204,2022-12-04,tennessee,Alcorn State,2023,54.0,22.671972,31.328027725219727,-27.5,26.5,-4.828027725219727,0,1,0
tennessee_vs_eastern kentucky_20221207,2022-12-07,tennessee,Eastern Kentucky,2023,35.0,23.007849,11.992151260375977,-27.0,8.0,-3.9921512603759766,0,1,0
tennessee_vs_austin peay_20221221,2022-12-21,tennessee,Austin Peay,2023,42.0,25.398815,16.601184844970703,-27.5,14.5,-2.101184844970703,0,1,0
tennessee_vs_mississippi state_20230103,2023-01-03,tennessee,Mississippi State,2023,34.0,8.425375,25.57462501525879,-10.0,24.0,-1.574625015258789,0,1,0
tennessee_vs_vanderbilt_20230110,2023-01-10,tennessee,Vanderbilt,2023,9.0,15.007215,6.007214546203613,-16.5,-7.5,-1.4927854537963867,0,0,1
tennessee_vs_kentucky_20230114,2023-01-14,tennessee,Kentucky,2023,-7.0,12.252626,19.252626419067383,-11.0,-18.0,1.2526264190673828,1,0,0
tennessee_vs_georgia_20230125,2023-01-25,tennessee,Georgia,2023,29.0,15.177728,13.822272300720215,-16.5,12.5,-1.3222723007202148,0,1,0
tennessee_vs_texas_20230128,2023-01-28,tennessee,Texas,2023,11.0,6.6156535,4.3843464851379395,-5.5,5.5,1.1156535148620605,1,1,1
tennessee_vs_auburn_20230204,2023-02-04,tennessee,Auburn,2023,3.0,10.130245,7.130245208740234,-9.5,-6.5,0.6302452087402344,1,0,0
tennessee_vs_missouri_20230211,2023-02-11,tennessee,Missouri,2023,-1.0,12.093466,13.093465805053711,-12.5,-13.5,-0.40653419494628906,0,0,1
tennessee_vs_alabama_20230215,2023-02-15,tennessee,Alabama,2023,9.0,3.1544485,5.845551490783691,-3.0,6.0,0.1544485092163086,1,1,1
tennessee_vs_south carolina_20230225,2023-02-25,tennessee,South Carolina,2023,40.0,20.364285,19.63571548461914,-23.5,16.5,-3.1357154846191406,0,1,0
tennessee_vs_arkansas_20230228,2023-02-28,tennessee,Arkansas,2023,18.0,5.091487,12.908513069152832,-5.5,12.5,-0.40851306915283203,0,1,0
tennessee-martin_vs_mcneese state_20221128,2022-11-28,tennessee-martin,McNeese State,2023,3.0,9.157186,6.1571855545043945,-9.5,-6.5,-0.34281444549560547,0,0,1
tennessee-martin_vs_chicago state_20221211,2022-12-11,tennessee-martin,Chicago State,2023,1.0,6.5163403,5.516340255737305,-7.0,-6.0,-0.4836597442626953,0,0,1
tennessee-martin_vs_morehead state_20221231,2022-12-31,tennessee-martin,Morehead State,2023,7.0,3.250954,3.7490460872650146,-3.0,4.0,0.25095391273498535,1,1,1
tennessee-martin_vs_southeast missouri state_20230105,2023-01-05,tennessee-martin,Southeast Missouri State,2023,5.0,3.21442,1.7855799198150635,-2.0,3.0,1.2144200801849365,1,1,1
tennessee-martin_vs_eastern illinois_20230121,2023-01-21,tennessee-martin,Eastern Illinois,2023,13.0,9.126738,3.873262405395508,-8.5,4.5,0.6267375946044922,1,1,1
tennessee-martin_vs_lindenwood_20230126,2023-01-26,tennessee-martin,Lindenwood,2023,7.0,9.258661,2.2586612701416016,-10.0,-3.0,-0.7413387298583984,0,0,1
tennessee-martin_vs_southern indiana_20230128,2023-01-28,tennessee-martin,Southern Indiana,2023,3.0,0.48063502,2.519364982843399,-1.5,1.5,-1.019364982843399,0,1,0
tennessee-martin_vs_little rock_20230211,2023-02-11,tennessee-martin,Little Rock,2023,23.0,5.3806677,17.619332313537598,-6.0,17.0,-0.6193323135375977,0,1,0
tennessee-martin_vs_siu edwardsville_20230216,2023-02-16,tennessee-martin,SIU Edwardsville,2023,6.0,1.5980783,4.40192174911499,-1.0,5.0,0.5980782508850098,1,1,1
tennessee-martin_vs_tennessee state_20230223,2023-02-23,tennessee-martin,Tennessee State,2023,-6.0,4.7600226,10.760022640228271,-5.0,-11.0,-0.23997735977172852,0,0,1
tennessee-state_vs_south carolina state_20221112,2022-11-12,tennessee-state,South Carolina State,2023,19.0,7.3345,11.665500164031982,-8.5,10.5,-1.1655001640319824,0,1,0
tennessee-state_vs_alabama a&m_20221114,2022-11-14,tennessee-state,Alabama A&M,2023,11.0,9.020363,1.9796371459960938,-10.0,1.0,-0.9796371459960938,0,1,0
tennessee-state_vs_lipscomb_20221211,2022-12-11,tennessee-state,Lipscomb,2023,5.0,-2.8819444,7.881944417953491,3.0,8.0,0.11805558204650879,1,1,1
tennessee-state_vs_charleston southern_20221214,2022-12-14,tennessee-state,Charleston Southern,2023,-4.0,5.3409634,9.340963363647461,-6.0,-10.0,-0.6590366363525391,0,0,1
tennessee-state_vs_morehead state_20221229,2022-12-29,tennessee-state,Morehead State,2023,-8.0,2.5802186,10.58021855354309,-3.0,-11.0,-0.4197814464569092,0,0,1
tennessee-state_vs_little rock_20221231,2022-12-31,tennessee-state,Little Rock,2023,25.0,4.8530836,20.146916389465332,-4.5,20.5,0.35308361053466797,1,1,1
tennessee-state_vs_ut martin_20230112,2023-01-12,tennessee-state,UT Martin,2023,-11.0,2.0254664,13.025466442108154,-3.5,-14.5,-1.4745335578918457,0,0,1
tennessee-state_vs_eastern illinois_20230119,2023-01-19,tennessee-state,Eastern Illinois,2023,4.0,6.15556,2.15556001663208,-7.5,-3.5,-1.34443998336792,0,0,1
tennessee-state_vs_lindenwood_20230128,2023-01-28,tennessee-state,Lindenwood,2023,17.0,6.581394,10.41860580444336,-7.0,10.0,-0.4186058044433594,0,1,0
tennessee-state_vs_southeast missouri state_20230209,2023-02-09,tennessee-state,Southeast Missouri State,2023,20.0,-1.8955766,21.89557659626007,2.0,22.0,0.1044234037399292,1,1,1
tennessee-state_vs_siu edwardsville_20230218,2023-02-18,tennessee-state,SIU Edwardsville,2023,15.0,0.81989074,14.18010926246643,1.0,16.0,1.8198907375335693,1,1,1
tennessee-state_vs_southern indiana_20230225,2023-02-25,tennessee-state,Southern Indiana,2023,-12.0,4.395216,16.39521598815918,-4.0,-16.0,0.3952159881591797,1,0,0
texas_vs_gonzaga_20221116,2022-11-16,texas,Gonzaga,2023,19.0,1.3036499,17.69635009765625,-2.0,17.0,-0.69635009765625,0,1,0
texas_vs_creighton_20221201,2022-12-01,texas,Creighton,2023,5.0,7.8492584,2.8492584228515625,-7.0,-2.0,0.8492584228515625,1,0,0
texas_vs_arkansasâpine bluff_20221210,2022-12-10,texas,ArkansasâPine Bluff,2023,45.0,28.422014,16.577985763549805,-37.5,7.5,-9.077985763549805,0,1,0
texas_vs_rice_20221212,2022-12-12,texas,Rice,2023,6.0,21.272419,15.272418975830078,-24.0,-18.0,-2.727581024169922,0,0,1
texas_vs_louisiana_20221221,2022-12-21,texas,Louisiana,2023,28.0,17.107063,10.892936706542969,-17.5,10.5,-0.39293670654296875,0,1,0
texas_vs_texas a&mâcommerce_20221227,2022-12-27,texas,Texas A&MâCommerce,2023,25.0,26.405401,1.4054012298583984,-29.0,-4.0,-2.5945987701416016,0,0,1
texas_vs_kansas state_20230103,2023-01-03,texas,Kansas State,2023,-13.0,8.983455,21.983454704284668,-8.5,-21.5,0.48345470428466797,1,0,0
texas_vs_tcu_20230111,2023-01-11,texas,TCU,2023,4.0,6.0459237,2.0459237098693848,-6.0,-2.0,0.045923709869384766,1,0,0
texas_vs_texas tech_20230114,2023-01-14,texas,Texas Tech,2023,2.0,9.455956,7.45595645904541,-8.5,-6.5,0.9559564590454102,1,0,0
texas_vs_oklahoma state_20230124,2023-01-24,texas,Oklahoma State,2023,14.0,7.449023,6.5509772300720215,-8.0,6.0,-0.5509772300720215,0,1,0
texas_vs_baylor_20230130,2023-01-30,texas,Baylor,2023,5.0,4.853295,0.14670515060424805,-3.5,1.5,1.353294849395752,1,1,1
texas_vs_west virginia_20230211,2023-02-11,texas,West Virginia,2023,34.0,6.725959,27.274041175842285,-7.0,27.0,-0.27404117584228516,0,1,0
texas_vs_oklahoma_20230218,2023-02-18,texas,Oklahoma,2023,2.0,10.660146,8.66014575958252,-10.5,-8.5,0.16014575958251953,1,0,0
texas_vs_iowa state_20230221,2023-02-21,texas,Iowa State,2023,18.0,6.6926274,11.307372570037842,-7.5,10.5,-0.8073725700378418,0,1,0
texas_vs_kansas_20230304,2023-03-04,texas,Kansas,2023,16.0,5.8009953,10.199004650115967,-4.0,12.0,1.8009953498840332,1,1,1
texas_vs_tcu_20230310,2023-03-10,texas,TCU,2023,6.0,1.2177199,4.782280087471008,-2.0,4.0,-0.7822800874710083,0,1,0
texas_vs_xavier_20230324,2023-03-24,texas,Xavier,2023,12.0,4.731281,7.26871919631958,-4.0,8.0,0.7312808036804199,1,1,1
texas-am_vs_abilene christian_20221111,2022-11-11,texas-am,Abilene Christian,2023,19.0,8.376051,10.62394905090332,-12.5,6.5,-4.12394905090332,0,1,0
texas-am_vs_smu_20221130,2022-11-30,texas-am,SMU,2023,19.0,11.289958,7.7100419998168945,-11.0,8.0,0.28995800018310547,1,1,1
texas-am_vs_oregon state_20221211,2022-12-11,texas-am,Oregon State,2023,18.0,14.025037,3.9749631881713867,-15.0,3.0,-0.9749631881713867,0,1,0
texas-am_vs_wofford_20221220,2022-12-20,texas-am,Wofford,2023,-5.0,13.28562,18.285619735717773,-14.5,-19.5,-1.2143802642822266,0,0,1
texas-am_vs_northwestern state_20221227,2022-12-27,texas-am,Northwestern State,2023,12.0,16.634914,4.634914398193359,-16.5,-4.5,0.13491439819335938,1,0,0
texas-am_vs_louisiana state_20230107,2023-01-07,texas-am,Louisiana State,2023,13.0,5.3744044,7.625595569610596,-5.5,7.5,-0.1255955696105957,0,1,0
texas-am_vs_missouri_20230111,2023-01-11,texas-am,Missouri,2023,18.0,4.6036534,13.39634656906128,-4.5,13.5,0.1036534309387207,1,1,1
texas-am_vs_florida_20230118,2023-01-18,texas-am,Florida,2023,2.0,2.2970858,0.2970857620239258,-3.5,-1.5,-1.2029142379760742,0,0,1
texas-am_vs_vanderbilt_20230128,2023-01-28,texas-am,Vanderbilt,2023,6.0,9.413195,3.4131946563720703,-9.5,-3.5,-0.08680534362792969,0,0,1
texas-am_vs_georgia_20230204,2023-02-04,texas-am,Georgia,2023,25.0,11.130116,13.86988353729248,-12.5,12.5,-1.3698835372924805,0,1,0
texas-am_vs_auburn_20230207,2023-02-07,texas-am,Auburn,2023,5.0,2.4038434,2.596156597137451,-3.5,1.5,-1.0961565971374512,0,1,0
texas-am_vs_arkansas_20230215,2023-02-15,texas-am,Arkansas,2023,6.0,4.6406918,1.3593082427978516,-4.0,2.0,0.6406917572021484,1,1,1
texas-am_vs_tennessee_20230221,2023-02-21,texas-am,Tennessee,2023,5.0,1.12868,3.8713200092315674,-1.5,3.5,-0.3713200092315674,0,1,0
texas-am_vs_alabama_20230304,2023-03-04,texas-am,Alabama,2023,6.0,1.0743763,4.925623655319214,-1.0,5.0,0.07437634468078613,1,1,1
texas-am_vs_vanderbilt_20230311,2023-03-11,texas-am,Vanderbilt,2023,12.0,7.098152,4.901847839355469,-6.0,6.0,1.0981521606445312,1,1,1
texas-am-commerce_vs_incarnate word_20221231,2022-12-31,texas-am-commerce,Incarnate Word,2023,8.0,7.753333,0.24666690826416016,-8.5,-0.5,-0.7466669082641602,0,0,1
texas-am-commerce_vs_lamar_20230114,2023-01-14,texas-am-commerce,Lamar,2023,15.0,10.437209,4.562790870666504,-10.5,4.5,-0.0627908706665039,0,1,0
texas-am-commerce_vs_mcneese state_20230204,2023-02-04,texas-am-commerce,McNeese State,2023,2.0,1.4765282,0.5234718322753906,-3.0,-1.0,-1.5234718322753906,0,0,1
texas-am-commerce_vs_northwestern state_20230209,2023-02-09,texas-am-commerce,Northwestern State,2023,-6.0,-1.9927515,4.007248520851135,3.5,-2.5,1.5072485208511353,1,0,0
texas-am-commerce_vs_new orleans_20230216,2023-02-16,texas-am-commerce,New Orleans,2023,-6.0,6.758314,12.75831413269043,-6.5,-12.5,0.2583141326904297,1,0,0
texas-am-commerce_vs_southeastern louisiana_20230218,2023-02-18,texas-am-commerce,Southeastern Louisiana,2023,-2.0,0.45447013,2.4544701278209686,1.0,-1.0,1.4544701278209686,1,0,0
texas-am-commerce_vs_texas a&mâcorpus christi_20230301,2023-03-01,texas-am-commerce,Texas A&MâCorpus Christi,2023,-5.0,-4.3624663,0.6375336647033691,5.5,0.5,1.1375336647033691,1,1,1
texas-am-corpus-christi_vs_incarnate word_20230104,2023-01-04,texas-am-corpus-christi,Incarnate Word,2023,30.0,14.146601,15.853399276733398,-13.0,17.0,1.1466007232666016,1,1,1
texas-am-corpus-christi_vs_southeastern louisiana_20230112,2023-01-12,texas-am-corpus-christi,Southeastern Louisiana,2023,-3.0,8.527261,11.527260780334473,-8.0,-11.0,0.5272607803344727,1,0,0
texas-am-corpus-christi_vs_new orleans_20230114,2023-01-14,texas-am-corpus-christi,New Orleans,2023,18.0,10.330645,7.669355392456055,-10.0,8.0,0.3306446075439453,1,1,1
texas-am-corpus-christi_vs_mcneese state_20230128,2023-01-28,texas-am-corpus-christi,McNeese State,2023,11.0,8.605278,2.3947219848632812,-8.5,2.5,0.10527801513671875,1,1,1
texas-am-corpus-christi_vs_lamar_20230211,2023-02-11,texas-am-corpus-christi,Lamar,2023,9.0,16.616508,7.616508483886719,-16.0,-7.0,0.6165084838867188,1,0,0
texas-am-corpus-christi_vs_texas a&mâcommerce_20230223,2023-02-23,texas-am-corpus-christi,Texas A&MâCommerce,2023,-4.0,9.480262,13.48026180267334,-10.0,-14.0,-0.5197381973266602,0,0,1
texas-am-corpus-christi_vs_northwestern state_20230225,2023-02-25,texas-am-corpus-christi,Northwestern State,2023,8.0,4.0978413,3.902158737182617,-4.5,3.5,-0.4021587371826172,0,1,0
texas-arlington_vs_nevada_20221118,2022-11-18,texas-arlington,Nevada,2023,-19.0,-2.3941295,16.605870485305786,5.0,-14.0,2.605870485305786,1,0,0
texas-arlington_vs_north texas_20221206,2022-12-06,texas-arlington,North Texas,2023,-3.0,-8.891681,5.891680717468262,11.0,8.0,2.1083192825317383,1,1,1
texas-arlington_vs_texas state_20221210,2022-12-10,texas-arlington,Texas State,2023,-6.0,-3.2451427,2.754857301712036,5.5,-0.5,2.254857301712036,1,0,0
texas-arlington_vs_stephen f. austin_20221231,2022-12-31,texas-arlington,Stephen F. Austin,2023,-4.0,-2.5211105,1.4788894653320312,4.0,0.0,1.4788894653320312,1,0,0
texas-arlington_vs_utah valley_20230105,2023-01-05,texas-arlington,Utah Valley,2023,-8.0,-6.076562,1.9234380722045898,6.5,-1.5,0.42343807220458984,1,0,0
texas-arlington_vs_seattle_20230107,2023-01-07,texas-arlington,Seattle,2023,-15.0,-1.9158384,13.084161639213562,3.5,-11.5,1.584161639213562,1,0,0
texas-arlington_vs_california baptist_20230125,2023-01-25,texas-arlington,California Baptist,2023,-8.0,-3.5933142,4.406685829162598,4.5,-3.5,0.9066858291625977,1,0,0
texas-arlington_vs_sam houston state_20230204,2023-02-04,texas-arlington,Sam Houston State,2023,12.0,-7.393625,19.393624782562256,9.5,21.5,2.106375217437744,1,1,1
texas-arlington_vs_tarleton state_20230206,2023-02-06,texas-arlington,Tarleton State,2023,-5.0,-0.79086643,4.209133565425873,2.5,-2.5,1.7091335654258728,1,0,0
texas-arlington_vs_southern utah_20230223,2023-02-23,texas-arlington,Southern Utah,2023,-10.0,-4.11536,5.884640216827393,5.5,-4.5,1.3846402168273926,1,0,0
texas-arlington_vs_utah tech_20230225,2023-02-25,texas-arlington,Utah Tech,2023,2.0,-0.29112998,2.2911299765110016,-1.0,1.0,-1.2911299765110016,0,1,0
texas-christian_vs_northwestern state_20221114,2022-11-14,texas-christian,Northwestern State,2023,-1.0,20.772142,21.77214241027832,-22.5,-23.5,-1.7278575897216797,0,0,1
texas-christian_vs_louisianaâmonroe_20221117,2022-11-17,texas-christian,LouisianaâMonroe,2023,35.0,16.345577,18.654422760009766,-15.0,20.0,1.3455772399902344,1,1,1
texas-christian_vs_providence_20221130,2022-11-30,texas-christian,Providence,2023,13.0,6.417417,6.582582950592041,-6.5,6.5,-0.08258295059204102,0,1,0
texas-christian_vs_jackson state_20221206,2022-12-06,texas-christian,Jackson State,2023,27.0,17.10914,9.890859603881836,-19.0,8.0,-1.890859603881836,0,1,0
texas-christian_vs_mississippi valley state_20221218,2022-12-18,texas-christian,Mississippi Valley State,2023,45.0,24.465425,20.534574508666992,-32.5,12.5,-8.034574508666992,0,1,0
texas-christian_vs_utah_20221221,2022-12-21,texas-christian,Utah,2023,4.0,-1.4214509,5.421450853347778,1.5,5.5,0.07854914665222168,1,1,1
texas-christian_vs_central arkansas_20221228,2022-12-28,texas-christian,Central Arkansas,2023,46.0,24.822226,21.17777442932129,-25.5,20.5,-0.6777744293212891,0,1,0
texas-christian_vs_texas tech_20221231,2022-12-31,texas-christian,Texas Tech,2023,6.0,6.285331,0.28533077239990234,-6.0,0.0,0.28533077239990234,1,0,0
texas-christian_vs_iowa state_20230107,2023-01-07,texas-christian,Iowa State,2023,-2.0,3.8303137,5.830313682556152,-5.5,-7.5,-1.6696863174438477,0,0,1
texas-christian_vs_kansas state_20230114,2023-01-14,texas-christian,Kansas State,2023,14.0,4.398762,9.601237773895264,-4.5,9.5,-0.10123777389526367,0,1,0
texas-christian_vs_oklahoma_20230124,2023-01-24,texas-christian,Oklahoma,2023,27.0,5.185185,21.814815044403076,-5.0,22.0,0.18518495559692383,1,1,1
texas-christian_vs_west virginia_20230131,2023-01-31,texas-christian,West Virginia,2023,4.0,4.097383,0.09738302230834961,-2.0,2.0,2.0973830223083496,1,1,1
texas-christian_vs_baylor_20230211,2023-02-11,texas-christian,Baylor,2023,-4.0,-1.7259597,2.2740403413772583,2.0,-2.0,0.2740403413772583,1,0,0
texas-christian_vs_oklahoma state_20230218,2023-02-18,texas-christian,Oklahoma State,2023,25.0,5.7225103,19.27748966217041,-6.5,18.5,-0.7774896621704102,0,1,0
texas-christian_vs_kansas_20230220,2023-02-20,texas-christian,Kansas,2023,-5.0,3.657266,8.657265901565552,-3.0,-8.0,0.6572659015655518,1,0,0
texas-christian_vs_texas_20230301,2023-03-01,texas-christian,Texas,2023,2.0,3.3889441,1.388944149017334,-3.5,-1.5,-0.11105585098266602,0,0,1
texas-el-paso_vs_alcorn state_20221122,2022-11-22,texas-el-paso,Alcorn State,2023,12.0,6.613172,5.3868279457092285,-7.0,5.0,-0.3868279457092285,0,1,0
texas-el-paso_vs_cal state bakersfield_20221123,2022-11-23,texas-el-paso,Cal State Bakersfield,2023,1.0,10.004542,9.004542350769043,-9.0,-8.0,1.004542350769043,1,0,0
texas-el-paso_vs_texas a&mâcorpus christi_20221125,2022-11-25,texas-el-paso,Texas A&MâCorpus Christi,2023,5.0,3.8872402,1.1127598285675049,-3.5,1.5,0.3872401714324951,1,1,1
texas-el-paso_vs_louisiana tech_20221217,2022-12-17,texas-el-paso,Louisiana Tech,2023,5.0,-0.6854679,5.685467898845673,2.0,7.0,1.3145321011543274,1,1,1
texas-el-paso_vs_north carolina a&t_20221221,2022-12-21,texas-el-paso,North Carolina A&T,2023,13.0,8.251167,4.748832702636719,-8.5,4.5,-0.24883270263671875,0,1,0
texas-el-paso_vs_kent state_20221222,2022-12-22,texas-el-paso,Kent State,2023,-1.0,-4.4761014,3.4761013984680176,6.5,5.5,2.0238986015319824,1,1,1
texas-el-paso_vs_rice_20221231,2022-12-31,texas-el-paso,Rice,2023,-5.0,2.9747694,7.974769353866577,-4.0,-9.0,-1.0252306461334229,0,0,1
texas-el-paso_vs_utsa_20230111,2023-01-11,texas-el-paso,UTSA,2023,12.0,8.835271,3.164729118347168,-10.0,2.0,-1.164729118347168,0,1,0
texas-el-paso_vs_florida international_20230119,2023-01-19,texas-el-paso,Florida International,2023,20.0,4.8162117,15.183788299560547,-5.5,14.5,-0.6837882995605469,0,1,0
texas-el-paso_vs_florida atlantic_20230121,2023-01-21,texas-el-paso,Florida Atlantic,2023,-8.0,-2.8757703,5.124229669570923,5.0,-3.0,2.124229669570923,1,0,0
texas-el-paso_vs_charlotte_20230209,2023-02-09,texas-el-paso,Charlotte,2023,-9.0,1.5178329,10.51783287525177,-3.0,-12.0,-1.48216712474823,0,0,1
texas-el-paso_vs_uab_20230216,2023-02-16,texas-el-paso,UAB,2023,-13.0,-4.568598,8.431402206420898,5.5,-7.5,0.9314022064208984,1,0,0
texas-el-paso_vs_north texas_20230218,2023-02-18,texas-el-paso,North Texas,2023,-8.0,-2.7836661,5.216333866119385,4.5,-3.5,1.7163338661193848,1,0,0
texas-el-paso_vs_western kentucky_20230302,2023-03-02,texas-el-paso,Western Kentucky,2023,-5.0,1.6389388,6.638938784599304,-3.0,-8.0,-1.3610612154006958,0,0,1
texas-el-paso_vs_middle tennessee_20230304,2023-03-04,texas-el-paso,Middle Tennessee,2023,12.0,-0.4188143,12.418814301490784,-1.0,11.0,-1.4188143014907837,0,1,0
texas-el-paso_vs_western kentucky_20230308,2023-03-08,texas-el-paso,Western Kentucky,2023,-6.0,-2.8725097,3.127490282058716,3.0,-3.0,0.12749028205871582,1,0,0
texas-pan-american_vs_texas a&mâcorpus christi_20221117,2022-11-17,texas-pan-american,Texas A&MâCorpus Christi,2023,-22.0,-4.9443946,17.05560541152954,10.5,-11.5,5.555605411529541,1,0,0
texas-pan-american_vs_western illinois_20221121,2022-11-21,texas-pan-american,Western Illinois,2023,1.0,-0.15789616,1.1578961610794067,3.0,4.0,2.8421038389205933,1,1,1
texas-pan-american_vs_northern arizona_20221122,2022-11-22,texas-pan-american,Northern Arizona,2023,12.0,-2.8911507,14.891150712966919,4.0,16.0,1.108849287033081,1,1,1
texas-pan-american_vs_texas_20221126,2022-11-26,texas-pan-american,Texas,2023,-37.0,-22.85574,14.14426040649414,34.0,-3.0,11.14426040649414,1,0,0
texas-pan-american_vs_texas a&mâcorpus christi_20221130,2022-11-30,texas-pan-american,Texas A&MâCorpus Christi,2023,7.0,-3.4195886,10.419588565826416,7.0,14.0,3.580411434173584,1,1,1
texas-pan-american_vs_western illinois_20221203,2022-12-03,texas-pan-american,Western Illinois,2023,-18.0,-2.0357943,15.964205741882324,5.5,-12.5,3.464205741882324,1,0,0
texas-pan-american_vs_utah tech_20221229,2022-12-29,texas-pan-american,Utah Tech,2023,-15.0,-7.575554,7.424446105957031,10.0,-5.0,2.4244461059570312,1,0,0
texas-pan-american_vs_southern utah_20221231,2022-12-31,texas-pan-american,Southern Utah,2023,-6.0,-13.35072,7.350720405578613,13.5,7.5,0.14927959442138672,1,1,1
texas-pan-american_vs_seattle_20230105,2023-01-05,texas-pan-american,Seattle,2023,-2.0,-4.9114056,2.911405563354492,6.0,4.0,1.0885944366455078,1,1,1
texas-pan-american_vs_utah valley_20230107,2023-01-07,texas-pan-american,Utah Valley,2023,-14.0,-9.818308,4.181692123413086,10.5,-3.5,0.6816921234130859,1,0,0
texas-pan-american_vs_abilene christian_20230111,2023-01-11,texas-pan-american,Abilene Christian,2023,17.0,-5.053899,22.053898811340332,6.5,23.5,1.446101188659668,1,1,1
texas-pan-american_vs_chicago state_20230114,2023-01-14,texas-pan-american,Chicago State,2023,3.0,5.6300964,2.630096435546875,-6.0,-3.0,-0.369903564453125,0,0,1
texas-pan-american_vs_ut arlington_20230119,2023-01-19,texas-pan-american,UT Arlington,2023,-12.0,-1.7668631,10.233136892318726,4.5,-7.5,2.7331368923187256,1,0,0
texas-pan-american_vs_sam houston state_20230121,2023-01-21,texas-pan-american,Sam Houston State,2023,-19.0,-14.999184,4.000816345214844,15.0,-4.0,0.00081634521484375,1,0,0
texas-pan-american_vs_stephen f. austin_20230125,2023-01-25,texas-pan-american,Stephen F. Austin,2023,-17.0,-12.89468,4.105319976806641,12.0,-5.0,-0.8946800231933594,0,0,1
texas-pan-american_vs_california baptist_20230128,2023-01-28,texas-pan-american,California Baptist,2023,6.0,-4.5406284,10.540628433227539,7.0,13.0,2.459371566772461,1,1,1
texas-pan-american_vs_sam houston state_20230201,2023-02-01,texas-pan-american,Sam Houston State,2023,-2.0,-7.4204493,5.420449256896973,9.5,7.5,2.0795507431030273,1,1,1
texas-pan-american_vs_tarleton state_20230204,2023-02-04,texas-pan-american,Tarleton State,2023,3.0,-6.9343696,9.934369564056396,8.5,11.5,1.5656304359436035,1,1,1
texas-pan-american_vs_ut arlington_20230209,2023-02-09,texas-pan-american,UT Arlington,2023,-6.0,1.6777716,7.67777156829834,-3.5,-9.5,-1.8222284317016602,0,0,1
texas-pan-american_vs_stephen f. austin_20230211,2023-02-11,texas-pan-american,Stephen F. Austin,2023,-10.0,-5.057177,4.9428229331970215,6.0,-4.0,0.9428229331970215,1,0,0
texas-pan-american_vs_grand canyon_20230215,2023-02-15,texas-pan-american,Grand Canyon,2023,1.0,-11.506405,12.506404876708984,12.0,13.0,0.4935951232910156,1,1,1
texas-pan-american_vs_utah tech_20230223,2023-02-23,texas-pan-american,Utah Tech,2023,-7.0,-2.1468217,4.853178262710571,2.0,-5.0,-0.1468217372894287,0,0,1
texas-pan-american_vs_tarleton state_20230225,2023-02-25,texas-pan-american,Tarleton State,2023,4.0,-3.1115465,7.111546516418457,4.5,8.5,1.388453483581543,1,1,1
texas-pan-american_vs_california baptist_20230301,2023-03-01,texas-pan-american,California Baptist,2023,-18.0,-7.8397565,10.160243511199951,9.5,-8.5,1.6602435111999512,1,0,0
texas-pan-american_vs_tarleton state_20230307,2023-03-07,texas-pan-american,Tarleton State,2023,-4.0,-6.37447,2.3744702339172363,7.0,3.0,0.6255297660827637,1,1,1
texas-san-antonio_vs_texas state_20221117,2022-11-17,texas-san-antonio,Texas State,2023,5.0,-2.8699088,7.869908809661865,5.0,10.0,2.1300911903381348,1,1,1
texas-san-antonio_vs_dartmouth_20221127,2022-11-27,texas-san-antonio,Dartmouth,2023,-1.0,4.8013997,5.8013997077941895,-5.0,-6.0,-0.19860029220581055,0,0,1
texas-san-antonio_vs_incarnate word_20221128,2022-11-28,texas-san-antonio,Incarnate Word,2023,6.0,5.8748155,0.1251845359802246,-7.0,-1.0,-1.1251845359802246,0,0,1
texas-san-antonio_vs_bethune-cookman_20221218,2022-12-18,texas-san-antonio,Bethune-Cookman,2023,21.0,6.262109,14.73789119720459,-4.5,16.5,1.7621088027954102,1,1,1
texas-san-antonio_vs_north texas_20221222,2022-12-22,texas-san-antonio,North Texas,2023,-24.0,-16.001818,7.99818229675293,13.0,-11.0,-3.0018177032470703,0,0,1
texas-san-antonio_vs_middle tennessee_20230105,2023-01-05,texas-san-antonio,Middle Tennessee,2023,3.0,-8.916931,11.91693115234375,10.0,13.0,1.08306884765625,1,1,1
texas-san-antonio_vs_western kentucky_20230107,2023-01-07,texas-san-antonio,Western Kentucky,2023,-10.0,-5.474376,4.525623798370361,7.0,-3.0,1.5256237983703613,1,0,0
texas-san-antonio_vs_rice_20230116,2023-01-16,texas-san-antonio,Rice,2023,-7.0,-5.778764,1.221236228942871,7.0,0.0,1.221236228942871,1,0,0
texas-san-antonio_vs_florida atlantic_20230119,2023-01-19,texas-san-antonio,Florida Atlantic,2023,-19.0,-16.469849,2.5301513671875,16.5,-2.5,0.0301513671875,1,0,0
texas-san-antonio_vs_florida international_20230121,2023-01-21,texas-san-antonio,Florida International,2023,-5.0,-3.1898408,1.8101592063903809,4.5,-0.5,1.3101592063903809,1,0,0
texas-san-antonio_vs_louisiana tech_20230128,2023-01-28,texas-san-antonio,Louisiana Tech,2023,-11.0,-5.716894,5.283105850219727,8.0,-3.0,2.2831058502197266,1,0,0
texas-san-antonio_vs_utep_20230211,2023-02-11,texas-san-antonio,UTEP,2023,-11.0,-4.5541773,6.445822715759277,6.0,-5.0,1.4458227157592773,1,0,0
texas-san-antonio_vs_uab_20230218,2023-02-18,texas-san-antonio,UAB,2023,-5.0,-13.621902,8.621902465820312,14.5,9.5,0.8780975341796875,1,1,1
texas-san-antonio_vs_charlotte_20230302,2023-03-02,texas-san-antonio,Charlotte,2023,5.0,-4.5679526,9.567952632904053,6.0,11.0,1.4320473670959473,1,1,1
texas-southern_vs_arizona state_20221113,2022-11-13,texas-southern,Arizona State,2023,1.0,-8.016503,9.01650333404541,11.0,12.0,2.98349666595459,1,1,1
texas-southern_vs_oral roberts_20221115,2022-11-15,texas-southern,Oral Roberts,2023,-18.0,-5.1396866,12.860313415527344,4.0,-14.0,-1.1396865844726562,0,0,1
texas-southern_vs_southern_20230102,2023-01-02,texas-southern,Southern,2023,-1.0,3.2734973,4.2734973430633545,-4.0,-5.0,-0.7265026569366455,0,0,1
texas-southern_vs_alcorn state_20230114,2023-01-14,texas-southern,Alcorn State,2023,-5.0,1.6551675,6.655167460441589,-3.5,-8.5,-1.8448325395584106,0,0,1
texas-southern_vs_jackson state_20230116,2023-01-16,texas-southern,Jackson State,2023,2.0,2.2772675,0.2772674560546875,-3.0,-1.0,-0.7227325439453125,0,0,1
texas-southern_vs_florida a&m_20230204,2023-02-04,texas-southern,Florida A&M,2023,-7.0,13.413065,20.41306495666504,-13.0,-20.0,0.41306495666503906,1,0,0
texas-southern_vs_bethune-cookman_20230206,2023-02-06,texas-southern,Bethune-Cookman,2023,7.0,7.037727,0.03772687911987305,-7.0,0.0,0.03772687911987305,1,0,0
texas-southern_vs_mississippi valley state_20230218,2023-02-18,texas-southern,Mississippi Valley State,2023,18.0,10.6106205,7.389379501342773,-11.0,7.0,-0.38937950134277344,0,1,0
texas-southern_vs_arkansasâpine bluff_20230220,2023-02-20,texas-southern,ArkansasâPine Bluff,2023,5.0,6.148237,1.1482372283935547,-7.5,-2.5,-1.3517627716064453,0,0,1
texas-state_vs_rice_20221204,2022-12-04,texas-state,Rice,2023,-12.0,4.7236567,16.72365665435791,-5.0,-17.0,-0.27634334564208984,0,0,1
texas-state_vs_louisianaâmonroe_20221229,2022-12-29,texas-state,LouisianaâMonroe,2023,-4.0,9.999259,13.999258995056152,-11.5,-15.5,-1.5007410049438477,0,0,1
texas-state_vs_troy_20221231,2022-12-31,texas-state,Troy,2023,-3.0,-1.969058,1.0309419631958008,1.0,-2.0,-0.9690580368041992,0,0,1
texas-state_vs_marshall_20230119,2023-01-19,texas-state,Marshall,2023,-8.0,-4.2770543,3.7229456901550293,5.5,-2.5,1.2229456901550293,1,0,0
texas-state_vs_louisiana_20230121,2023-01-21,texas-state,Louisiana,2023,-9.0,-4.2493005,4.750699520111084,4.5,-4.5,0.250699520111084,1,0,0
texas-state_vs_arkansas state_20230209,2023-02-09,texas-state,Arkansas State,2023,4.0,6.482472,2.4824719429016113,-7.0,-3.0,-0.5175280570983887,0,0,1
texas-state_vs_old dominion_20230211,2023-02-11,texas-state,Old Dominion,2023,-2.0,1.3217787,3.321778655052185,-1.5,-3.5,-0.17822134494781494,0,0,1
texas-state_vs_south alabama_20230222,2023-02-22,texas-state,South Alabama,2023,-9.0,-1.3856915,7.614308476448059,2.5,-6.5,1.114308476448059,1,0,0
texas-state_vs_southern mississippi_20230224,2023-02-24,texas-state,Southern Mississippi,2023,-10.0,-2.4145105,7.585489511489868,2.5,-7.5,0.08548951148986816,1,0,0
texas-tech_vs_texas southern_20221110,2022-11-10,texas-tech,Texas Southern,2023,24.0,18.960382,5.039617538452148,-19.5,4.5,-0.5396175384521484,0,1,0
texas-tech_vs_georgetown_20221130,2022-11-30,texas-tech,Georgetown,2023,14.0,15.718822,1.7188215255737305,-16.5,-2.5,-0.7811784744262695,0,0,1
texas-tech_vs_eastern washington_20221213,2022-12-13,texas-tech,Eastern Washington,2023,7.0,14.91503,7.915029525756836,-16.5,-9.5,-1.584970474243164,0,0,1
texas-tech_vs_south carolina state_20221227,2022-12-27,texas-tech,South Carolina State,2023,39.0,29.715485,9.284515380859375,-31.5,7.5,-1.784515380859375,0,1,0
texas-tech_vs_kansas_20230103,2023-01-03,texas-tech,Kansas,2023,-3.0,0.043044187,3.043044187128544,1.0,-2.0,1.0430441871285439,1,0,0
texas-tech_vs_oklahoma_20230107,2023-01-07,texas-tech,Oklahoma,2023,-5.0,3.6457188,8.645718812942505,-5.0,-10.0,-1.3542811870574951,0,0,1
texas-tech_vs_baylor_20230117,2023-01-17,texas-tech,Baylor,2023,-7.0,1.1309879,8.130987882614136,-2.0,-9.0,-0.8690121173858643,0,0,1
texas-tech_vs_west virginia_20230125,2023-01-25,texas-tech,West Virginia,2023,-15.0,2.3364937,17.336493730545044,-3.5,-18.5,-1.163506269454956,0,0,1
texas-tech_vs_iowa state_20230130,2023-01-30,texas-tech,Iowa State,2023,3.0,1.9568485,1.0431514978408813,-2.5,0.5,-0.5431514978408813,0,1,0
texas-tech_vs_kansas state_20230211,2023-02-11,texas-tech,Kansas State,2023,8.0,1.7899339,6.210066080093384,-2.0,6.0,-0.2100660800933838,0,1,0
texas-tech_vs_texas_20230213,2023-02-13,texas-tech,Texas,2023,7.0,-2.721594,9.721594095230103,3.5,10.5,0.7784059047698975,1,1,1
texas-tech_vs_tcu_20230225,2023-02-25,texas-tech,TCU,2023,-1.0,0.9957825,1.995782494544983,-2.0,-3.0,-1.004217505455017,0,0,1
texas-tech_vs_oklahoma state_20230304,2023-03-04,texas-tech,Oklahoma State,2023,-3.0,4.25846,7.25846004486084,-5.5,-8.5,-1.2415399551391602,0,0,1
texas-tech_vs_west virginia_20230308,2023-03-08,texas-tech,West Virginia,2023,-16.0,-1.7671108,14.232889175415039,4.0,-12.0,2.232889175415039,1,0,0
toledo_vs_oakland_20221116,2022-11-16,toledo,Oakland,2023,22.0,14.207522,7.792477607727051,-13.5,8.5,0.7075223922729492,1,1,1
toledo_vs_richmond_20221130,2022-11-30,toledo,Richmond,2023,23.0,4.503522,18.49647808074951,-5.0,18.0,-0.4964780807495117,0,1,0
toledo_vs_canisius_20221210,2022-12-10,toledo,Canisius,2023,1.0,18.826155,17.826154708862305,-17.0,-16.0,1.8261547088623047,1,0,0
toledo_vs_ball state_20230103,2023-01-03,toledo,Ball State,2023,-7.0,8.935267,15.935267448425293,-8.5,-15.5,0.43526744842529297,1,0,0
toledo_vs_ohio_20230117,2023-01-17,toledo,Ohio,2023,15.0,9.337065,5.662935256958008,-9.0,6.0,0.3370647430419922,1,1,1
toledo_vs_eastern michigan_20230124,2023-01-24,toledo,Eastern Michigan,2023,5.0,21.646318,16.646318435668945,-20.5,-15.5,1.1463184356689453,1,0,0
toledo_vs_bowling green_20230128,2023-01-28,toledo,Bowling Green,2023,14.0,14.038739,0.03873920440673828,-13.0,1.0,1.0387392044067383,1,1,1
toledo_vs_central michigan_20230204,2023-02-04,toledo,Central Michigan,2023,25.0,22.380201,2.6197986602783203,-18.5,6.5,3.8802013397216797,1,1,1
toledo_vs_miami (oh)_20230214,2023-02-14,toledo,Miami (OH),2023,18.0,18.01795,0.017950057983398438,-16.5,1.5,1.5179500579833984,1,1,1
toledo_vs_akron_20230221,2023-02-21,toledo,Akron,2023,21.0,4.5184216,16.48157835006714,-4.0,17.0,0.5184216499328613,1,1,1
toledo_vs_buffalo_20230225,2023-02-25,toledo,Buffalo,2023,30.0,9.531192,20.4688081741333,-11.5,18.5,-1.9688081741333008,0,1,0
towson_vs_coppin state_20221122,2022-11-22,towson,Coppin State,2023,16.0,13.78946,2.2105398178100586,-14.5,1.5,-0.7105398178100586,0,1,0
towson_vs_navy_20221211,2022-12-11,towson,Navy,2023,-2.0,6.649893,8.649892807006836,-7.5,-9.5,-0.8501071929931641,0,0,1
towson_vs_college of charleston_20221231,2022-12-31,towson,College of Charleston,2023,-2.0,-2.2808683,0.2808682918548584,3.0,1.0,0.7191317081451416,1,1,1
towson_vs_drexel_20230105,2023-01-05,towson,Drexel,2023,6.0,7.025255,1.0252552032470703,-6.5,-0.5,0.5252552032470703,1,0,0
towson_vs_monmouth_20230114,2023-01-14,towson,Monmouth,2023,20.0,17.21474,2.785259246826172,-17.5,2.5,-0.2852592468261719,0,1,0
towson_vs_hofstra_20230116,2023-01-16,towson,Hofstra,2023,21.0,1.4839964,19.516003608703613,-2.0,19.0,-0.5160036087036133,0,1,0
towson_vs_northeastern_20230126,2023-01-26,towson,Northeastern,2023,9.0,9.915351,0.9153509140014648,-10.5,-1.5,-0.5846490859985352,0,0,1
towson_vs_william & mary_20230128,2023-01-28,towson,William & Mary,2023,19.0,13.419795,5.580204963684082,-13.5,5.5,-0.08020496368408203,0,1,0
towson_vs_hampton_20230208,2023-02-08,towson,Hampton,2023,14.0,17.628286,3.628286361694336,-17.0,-3.0,0.6282863616943359,1,0,0
towson_vs_delaware_20230216,2023-02-16,towson,Delaware,2023,23.0,6.5289993,16.47100067138672,-7.5,15.5,-0.9710006713867188,0,1,0
towson_vs_north carolina a&t_20230218,2023-02-18,towson,North Carolina A&T,2023,12.0,11.762265,0.23773479461669922,-11.5,0.5,0.2622652053833008,1,1,1
troy_vs_mercer_20221221,2022-12-21,troy,Mercer,2023,-3.0,5.127082,8.127081871032715,-5.5,-8.5,-0.37291812896728516,0,0,1
troy_vs_old dominion_20230105,2023-01-05,troy,Old Dominion,2023,7.0,4.9023633,2.0976366996765137,-5.0,2.0,-0.09763669967651367,0,1,0
troy_vs_arkansas state_20230107,2023-01-07,troy,Arkansas State,2023,12.0,9.714419,2.285580635070801,-11.0,1.0,-1.2855806350708008,0,1,0
troy_vs_james madison_20230119,2023-01-19,troy,James Madison,2023,-2.0,0.9483619,2.948361873626709,0.0,-2.0,0.948361873626709,1,0,0
troy_vs_louisianaâmonroe_20230121,2023-01-21,troy,LouisianaâMonroe,2023,24.0,10.3356905,13.66430950164795,-10.5,13.5,-0.16430950164794922,0,1,0
troy_vs_southern mississippi_20230202,2023-02-02,troy,Southern Mississippi,2023,-9.0,-1.4527135,7.547286510467529,-1.0,-10.0,-2.4527134895324707,0,0,1
troy_vs_texas state_20230204,2023-02-04,troy,Texas State,2023,4.0,4.8102646,0.8102645874023438,-4.5,-0.5,0.31026458740234375,1,0,0
troy_vs_south alabama_20230209,2023-02-09,troy,South Alabama,2023,4.0,2.7001567,1.2998433113098145,-3.0,1.0,-0.29984331130981445,0,1,0
troy_vs_coastal carolina_20230224,2023-02-24,troy,Coastal Carolina,2023,21.0,9.119967,11.880032539367676,-9.5,11.5,-0.3800325393676758,0,1,0
tulane_vs_charleston southern_20221116,2022-11-16,tulane,Charleston Southern,2023,20.0,18.021332,1.978668212890625,-20.5,-0.5,-2.478668212890625,0,0,1
tulane_vs_western kentucky_20221123,2022-11-23,tulane,Western Kentucky,2023,-6.0,1.7911035,7.791103482246399,-1.0,-7.0,0.7911034822463989,1,0,0
tulane_vs_louisianaâmonroe_20221128,2022-11-28,tulane,LouisianaâMonroe,2023,15.0,20.657112,5.657112121582031,-19.5,-4.5,1.1571121215820312,1,0,0
tulane_vs_fordham_20221203,2022-12-03,tulane,Fordham,2023,-5.0,10.510521,15.510520935058594,-11.0,-16.0,-0.48947906494140625,0,0,1
tulane_vs_mississippi valley state_20221221,2022-12-21,tulane,Mississippi Valley State,2023,21.0,23.187805,2.18780517578125,-29.0,-8.0,-5.81219482421875,0,0,1
tulane_vs_memphis_20230101,2023-01-01,tulane,Memphis,2023,7.0,-3.7024643,10.70246434211731,4.0,11.0,0.29753565788269043,1,1,1
tulane_vs_tulsa_20230104,2023-01-04,tulane,Tulsa,2023,16.0,11.059174,4.940826416015625,-12.5,3.5,-1.440826416015625,0,1,0
tulane_vs_ucf_20230114,2023-01-14,tulane,UCF,2023,8.0,2.6147995,5.385200500488281,-3.0,5.0,-0.38520050048828125,0,1,0
tulane_vs_houston_20230117,2023-01-17,tulane,Houston,2023,-20.0,-12.208388,7.791611671447754,10.5,-9.5,-1.708388328552246,0,0,1
tulane_vs_smu_20230201,2023-02-01,tulane,SMU,2023,22.0,9.652884,12.347116470336914,-9.0,13.0,0.6528835296630859,1,1,1
tulane_vs_cincinnati_20230207,2023-02-07,tulane,Cincinnati,2023,7.0,1.649903,5.350096940994263,-1.0,6.0,0.6499030590057373,1,1,1
tulane_vs_wichita state_20230226,2023-02-26,tulane,Wichita State,2023,-7.0,5.7333117,12.733311653137207,-6.0,-13.0,-0.26668834686279297,0,0,1
tulane_vs_east carolina_20230303,2023-03-03,tulane,East Carolina,2023,3.0,11.501832,8.501832008361816,-12.0,-9.0,-0.4981679916381836,0,0,1
tulane_vs_temple_20230305,2023-03-05,tulane,Temple,2023,1.0,4.4788017,3.478801727294922,-5.5,-4.5,-1.0211982727050781,0,0,1
tulane_vs_wichita state_20230310,2023-03-10,tulane,Wichita State,2023,6.0,1.9947493,4.005250692367554,-2.5,3.5,-0.5052506923675537,0,1,0
tulsa_vs_oral roberts_20221203,2022-12-03,tulsa,Oral Roberts,2023,-11.0,-3.8733413,7.12665867805481,4.5,-6.5,0.6266586780548096,1,0,0
tulsa_vs_detroit mercy_20221207,2022-12-07,tulsa,Detroit Mercy,2023,-4.0,4.493876,8.493875980377197,-4.5,-8.5,-0.006124019622802734,0,0,1
tulsa_vs_central michigan_20221210,2022-12-10,tulsa,Central Michigan,2023,7.0,9.648404,2.648404121398926,-8.5,-1.5,1.1484041213989258,1,0,0
tulsa_vs_mississippi valley state_20221216,2022-12-16,tulsa,Mississippi Valley State,2023,15.0,20.100471,5.100471496582031,-21.0,-6.0,-0.8995285034179688,0,0,1
tulsa_vs_houston_20221228,2022-12-28,tulsa,Houston,2023,-39.0,-19.07067,19.929330825805664,20.0,-19.0,0.9293308258056641,1,0,0
tulsa_vs_temple_20230110,2023-01-10,tulsa,Temple,2023,-4.0,-2.8305805,1.169419527053833,3.0,-1.0,0.169419527053833,1,0,0
tulsa_vs_smu_20230118,2023-01-18,tulsa,SMU,2023,-3.0,-2.445874,0.5541260242462158,3.0,0.0,0.5541260242462158,1,0,0
tulsa_vs_tulane_20230121,2023-01-21,tulsa,Tulane,2023,2.0,-5.590623,7.590622901916504,9.0,11.0,3.409377098083496,1,1,1
tulsa_vs_memphis_20230129,2023-01-29,tulsa,Memphis,2023,-12.0,-12.692592,0.692591667175293,12.0,0.0,-0.692591667175293,0,0,1
tulsa_vs_wichita state_20230205,2023-02-05,tulsa,Wichita State,2023,-11.0,-6.4431577,4.55684232711792,6.0,-5.0,-0.4431576728820801,0,0,1
tulsa_vs_south florida_20230215,2023-02-15,tulsa,South Florida,2023,-27.0,-4.261452,22.738547801971436,4.0,-23.0,-0.26145219802856445,0,0,1
tulsa_vs_east carolina_20230221,2023-02-21,tulsa,East Carolina,2023,-2.0,-3.4347522,1.4347522258758545,4.0,2.0,0.5652477741241455,1,1,1
tulsa_vs_ucf_20230226,2023-02-26,tulsa,UCF,2023,-19.0,-12.178868,6.821131706237793,13.0,-6.0,0.821131706237793,1,0,0
tulsa_vs_wichita state_20230309,2023-03-09,tulsa,Wichita State,2023,-18.0,-14.158775,3.8412246704101562,16.0,-2.0,1.8412246704101562,1,0,0
ucla_vs_long beach state_20221111,2022-11-11,ucla,Long Beach State,2023,24.0,22.918861,1.0811386108398438,-19.5,4.5,3.4188613891601562,1,1,1
ucla_vs_norfolk state_20221114,2022-11-14,ucla,Norfolk State,2023,30.0,19.509823,10.490177154541016,-20.5,9.5,-0.9901771545410156,0,1,0
ucla_vs_pepperdine_20221123,2022-11-23,ucla,Pepperdine,2023,47.0,16.340298,30.65970230102539,-16.0,31.0,0.3402976989746094,1,1,1
ucla_vs_bellarmine_20221127,2022-11-27,ucla,Bellarmine,2023,21.0,24.649513,3.6495132446289062,-23.0,-2.0,1.6495132446289062,1,0,0
ucla_vs_oregon_20221204,2022-12-04,ucla,Oregon,2023,9.0,8.764067,0.2359333038330078,-10.0,-1.0,-1.2359333038330078,0,0,1
ucla_vs_denver_20221210,2022-12-10,ucla,Denver,2023,23.0,25.997154,2.9971542358398438,-26.5,-3.5,-0.5028457641601562,0,0,1
ucla_vs_uc davis_20221221,2022-12-21,ucla,UC Davis,2023,27.0,25.72042,1.2795791625976562,-23.5,3.5,2.2204208374023438,1,1,1
ucla_vs_southern california_20230105,2023-01-05,ucla,Southern California,2023,2.0,10.474589,8.474589347839355,-11.0,-9.0,-0.5254106521606445,0,0,1
ucla_vs_utah_20230112,2023-01-12,ucla,Utah,2023,19.0,11.056776,7.94322395324707,-11.5,7.5,-0.4432239532470703,0,1,0
ucla_vs_colorado_20230114,2023-01-14,ucla,Colorado,2023,14.0,12.058693,1.9413070678710938,-11.5,2.5,0.5586929321289062,1,1,1
ucla_vs_washington_20230202,2023-02-02,ucla,Washington,2023,9.0,19.69627,10.696269989013672,-17.5,-8.5,2.196269989013672,1,0,0
ucla_vs_washington state_20230204,2023-02-04,ucla,Washington State,2023,24.0,11.009598,12.990402221679688,-11.5,12.5,-0.4904022216796875,0,1,0
ucla_vs_stanford_20230216,2023-02-16,ucla,Stanford,2023,9.0,13.161048,4.16104793548584,-13.5,-4.5,-0.33895206451416016,0,0,1
ucla_vs_california_20230218,2023-02-18,ucla,California,2023,35.0,21.987457,13.012542724609375,-24.5,10.5,-2.512542724609375,0,1,0
ucla_vs_arizona state_20230302,2023-03-02,ucla,Arizona State,2023,18.0,10.481231,7.518769264221191,-11.0,7.0,-0.5187692642211914,0,1,0
ucla_vs_arizona_20230304,2023-03-04,ucla,Arizona,2023,9.0,6.846941,2.1530590057373047,-5.5,3.5,1.3469409942626953,1,1,1
utah_vs_idaho state_20221114,2022-11-14,utah,Idaho State,2023,12.0,21.627169,9.627168655395508,-23.0,-11.0,-1.3728313446044922,0,0,1
utah_vs_sam houston state_20221117,2022-11-17,utah,Sam Houston State,2023,-10.0,12.3203,22.320300102233887,-10.0,-20.0,2.3203001022338867,1,0,0
utah_vs_st. thomas_20221126,2022-11-26,utah,St. Thomas,2023,29.0,13.900842,15.09915828704834,-16.0,13.0,-2.09915828704834,0,1,0
utah_vs_arizona_20221201,2022-12-01,utah,Arizona,2023,15.0,-5.504057,20.504056930541992,6.5,21.5,0.9959430694580078,1,1,1
utah_vs_jacksonville state_20221208,2022-12-08,utah,Jacksonville State,2023,41.0,14.002931,26.997069358825684,-15.5,25.5,-1.4970693588256836,0,1,0
utah_vs_utsa_20221213,2022-12-13,utah,UTSA,2023,21.0,21.172184,0.17218399047851562,-22.5,-1.5,-1.3278160095214844,0,0,1
utah_vs_oregon state_20230105,2023-01-05,utah,Oregon State,2023,19.0,13.518678,5.481322288513184,-13.5,5.5,0.018677711486816406,1,1,1
utah_vs_oregon_20230107,2023-01-07,utah,Oregon,2023,-10.0,4.580909,14.58090877532959,-4.5,-14.5,0.08090877532958984,1,0,0
utah_vs_washington state_20230119,2023-01-19,utah,Washington State,2023,14.0,1.5170982,12.482901811599731,-4.0,10.0,-2.4829018115997314,0,1,0
utah_vs_washington_20230121,2023-01-21,utah,Washington,2023,25.0,7.023129,17.976871013641357,-8.0,17.0,-0.9768710136413574,0,1,0
utah_vs_stanford_20230202,2023-02-02,utah,Stanford,2023,-6.0,5.9237666,11.923766613006592,-5.5,-11.5,0.4237666130065918,1,0,0
utah_vs_california_20230205,2023-02-05,utah,California,2023,15.0,17.722801,2.7228012084960938,-17.5,-2.5,0.22280120849609375,1,0,0
utah_vs_colorado_20230211,2023-02-11,utah,Colorado,2023,11.0,3.6367593,7.363240718841553,-4.0,7.0,-0.36324071884155273,0,1,0
utah_vs_ucla_20230223,2023-02-23,utah,UCLA,2023,-7.0,-6.572574,0.4274258613586426,7.0,0.0,0.4274258613586426,1,0,0
utah_vs_southern california_20230225,2023-02-25,utah,Southern California,2023,-13.0,-1.8279777,11.172022342681885,2.0,-11.0,0.17202234268188477,1,0,0
utah-state_vs_santa clara_20221114,2022-11-14,utah-state,Santa Clara,2023,22.0,7.156727,14.843273162841797,-7.0,15.0,0.15672683715820312,1,1,1
utah-state_vs_oral roberts_20221122,2022-11-22,utah-state,Oral Roberts,2023,10.0,9.572859,0.4271411895751953,-9.5,0.5,0.07285881042480469,1,1,1
utah-state_vs_utah tech_20221201,2022-12-01,utah-state,Utah Tech,2023,5.0,18.602987,13.602987289428711,-18.5,-13.5,0.10298728942871094,1,0,0
utah-state_vs_weber state_20221219,2022-12-19,utah-state,Weber State,2023,-3.0,17.297775,20.297775268554688,-16.5,-19.5,0.7977752685546875,1,0,0
utah-state_vs_washington state_20221225,2022-12-25,utah-state,Washington State,2023,9.0,1.067012,7.9329880475997925,-3.5,5.5,-2.4329880475997925,0,1,0
utah-state_vs_fresno state_20221231,2022-12-31,utah-state,Fresno State,2023,13.0,9.304889,3.6951112747192383,-11.5,1.5,-2.1951112747192383,0,1,0
utah-state_vs_wyoming_20230110,2023-01-10,utah-state,Wyoming,2023,20.0,9.467255,10.532745361328125,-9.5,10.5,-0.032745361328125,0,1,0
utah-state_vs_unlv_20230117,2023-01-17,utah-state,UNLV,2023,4.0,6.6982036,2.6982035636901855,-7.0,-3.0,-0.30179643630981445,0,0,1
utah-state_vs_san jose state_20230121,2023-01-21,utah-state,San Jose State,2023,1.0,10.709723,9.709723472595215,-11.5,-10.5,-0.7902765274047852,0,0,1
utah-state_vs_new mexico_20230201,2023-02-01,utah-state,New Mexico,2023,11.0,6.5528836,4.447116374969482,-4.5,6.5,2.0528836250305176,1,1,1
utah-state_vs_san diego state_20230208,2023-02-08,utah-state,San Diego State,2023,-2.0,2.5427802,4.542780160903931,-3.0,-5.0,-0.45721983909606934,0,0,1
utah-state_vs_air force_20230214,2023-02-14,utah-state,Air Force,2023,15.0,13.04857,1.951430320739746,-13.5,1.5,-0.4514303207397461,0,1,0
utah-state_vs_nevada_20230218,2023-02-18,utah-state,Nevada,2023,9.0,4.8068275,4.193172454833984,-4.5,4.5,0.3068275451660156,1,1,1
utah-state_vs_boise state_20230304,2023-03-04,utah-state,Boise State,2023,13.0,2.8463955,10.153604507446289,-4.0,9.0,-1.153604507446289,0,1,0
utah-valley_vs_northern arizona_20221112,2022-11-12,utah-valley,Northern Arizona,2023,4.0,11.64656,7.646559715270996,-10.5,-6.5,1.146559715270996,1,0,0
utah-valley_vs_long beach state_20221203,2022-12-03,utah-valley,Long Beach State,2023,10.0,3.0231483,6.97685170173645,-3.5,6.5,-0.4768517017364502,0,1,0
utah-valley_vs_sam houston state_20221229,2022-12-29,utah-valley,Sam Houston State,2023,16.0,1.7209699,14.279030084609985,-2.0,14.0,-0.27903008460998535,0,1,0
utah-valley_vs_utah tech_20221231,2022-12-31,utah-valley,Utah Tech,2023,11.0,9.701256,1.2987442016601562,-9.5,1.5,0.20125579833984375,1,1,1
utah-valley_vs_seattle_20230114,2023-01-14,utah-valley,Seattle,2023,-5.0,5.723906,10.72390604019165,-6.5,-11.5,-0.7760939598083496,0,0,1
utah-valley_vs_abilene christian_20230118,2023-01-18,utah-valley,Abilene Christian,2023,30.0,9.173585,20.826415061950684,-8.5,21.5,0.6735849380493164,1,1,1
utah-valley_vs_new mexico state_20230128,2023-01-28,utah-valley,New Mexico State,2023,5.0,10.217797,5.21779727935791,-10.0,-5.0,0.21779727935791016,1,0,0
utah-valley_vs_california baptist_20230208,2023-02-08,utah-valley,California Baptist,2023,16.0,5.6498704,10.3501296043396,-6.0,10.0,-0.3501296043395996,0,1,0
utah-valley_vs_southern utah_20230211,2023-02-11,utah-valley,Southern Utah,2023,7.0,4.9894414,2.010558605194092,-5.5,1.5,-0.5105586051940918,0,1,0
utah-valley_vs_ut arlington_20230301,2023-03-01,utah-valley,UT Arlington,2023,19.0,13.297876,5.702123641967773,-13.5,5.5,-0.20212364196777344,0,1,0
utah-valley_vs_stephen f. austin_20230303,2023-03-03,utah-valley,Stephen F. Austin,2023,44.0,7.524609,36.475390911102295,-8.0,36.0,-0.4753909111022949,0,1,0
utah-valley_vs_cincinnati_20230322,2023-03-22,utah-valley,Cincinnati,2023,6.0,2.3535244,3.6464755535125732,-1.5,4.5,0.8535244464874268,1,1,1
valparaiso_vs_incarnate word_20221119,2022-11-19,valparaiso,Incarnate Word,2023,4.0,16.441727,12.441726684570312,-17.0,-13.0,-0.5582733154296875,0,0,1
valparaiso_vs_murray state_20221204,2022-12-04,valparaiso,Murray State,2023,-7.0,-2.7499306,4.2500693798065186,3.0,-4.0,0.25006937980651855,1,0,0
valparaiso_vs_elon_20221218,2022-12-18,valparaiso,Elon,2023,5.0,8.616594,3.6165943145751953,-8.5,-3.5,0.11659431457519531,1,0,0
valparaiso_vs_stonehill_20221221,2022-12-21,valparaiso,Stonehill,2023,10.0,7.0162983,2.983701705932617,-7.5,2.5,-0.4837017059326172,0,1,0
valparaiso_vs_indiana state_20230101,2023-01-01,valparaiso,Indiana State,2023,-18.0,-6.815311,11.184689044952393,6.5,-11.5,-0.3153109550476074,0,0,1
valparaiso_vs_northern iowa_20230104,2023-01-04,valparaiso,Northern Iowa,2023,-2.0,-2.1959012,0.19590115547180176,2.5,0.5,0.30409884452819824,1,1,1
valparaiso_vs_belmont_20230110,2023-01-10,valparaiso,Belmont,2023,-15.0,-4.3457108,10.654289245605469,4.5,-10.5,0.15428924560546875,1,0,0
valparaiso_vs_illinoisâchicago_20230117,2023-01-17,valparaiso,IllinoisâChicago,2023,10.0,0.99736,9.002640008926392,-3.0,7.0,-2.0026400089263916,0,1,0
valparaiso_vs_evansville_20230128,2023-01-28,valparaiso,Evansville,2023,12.0,9.433748,2.566251754760742,-9.5,2.5,-0.06625175476074219,0,1,0
valparaiso_vs_drake_20230204,2023-02-04,valparaiso,Drake,2023,-3.0,-6.3696556,3.3696556091308594,8.5,5.5,2.1303443908691406,1,1,1
valparaiso_vs_illinois state_20230211,2023-02-11,valparaiso,Illinois State,2023,5.0,2.8032432,2.1967568397521973,-3.5,1.5,-0.6967568397521973,0,1,0
valparaiso_vs_southern illinois_20230214,2023-02-14,valparaiso,Southern Illinois,2023,-4.0,-3.4383814,0.5616185665130615,3.5,-0.5,0.06161856651306152,1,0,0
valparaiso_vs_bradley_20230222,2023-02-22,valparaiso,Bradley,2023,-10.0,-7.519392,2.4806079864501953,8.0,-2.0,0.4806079864501953,1,0,0
vanderbilt_vs_morehead state_20221118,2022-11-18,vanderbilt,Morehead State,2023,33.0,12.699769,20.300230979919434,-12.5,20.5,0.1997690200805664,1,1,1
vanderbilt_vs_wofford_20221203,2022-12-03,vanderbilt,Wofford,2023,3.0,9.9913225,6.9913225173950195,-8.5,-5.5,1.4913225173950195,1,0,0
vanderbilt_vs_pittsburgh_20221207,2022-12-07,vanderbilt,Pittsburgh,2023,1.0,1.89294,0.8929400444030762,-3.5,-2.5,-1.6070599555969238,0,0,1
vanderbilt_vs_alabama a&m_20221222,2022-12-22,vanderbilt,Alabama A&M,2023,8.0,18.435722,10.435722351074219,-19.0,-11.0,-0.5642776489257812,0,0,1
vanderbilt_vs_southeastern louisiana_20221230,2022-12-30,vanderbilt,Southeastern Louisiana,2023,38.0,14.860487,23.13951301574707,-14.0,24.0,0.8604869842529297,1,1,1
vanderbilt_vs_south carolina_20230103,2023-01-03,vanderbilt,South Carolina,2023,5.0,9.250507,4.250507354736328,-10.0,-5.0,-0.7494926452636719,0,0,1
vanderbilt_vs_arkansas_20230114,2023-01-14,vanderbilt,Arkansas,2023,13.0,-1.0614389,14.061438918113708,3.0,16.0,1.9385610818862915,1,1,1
vanderbilt_vs_alabama_20230117,2023-01-17,vanderbilt,Alabama,2023,-12.0,-9.675367,2.3246326446533203,9.0,-3.0,-0.6753673553466797,0,0,1
vanderbilt_vs_kentucky_20230124,2023-01-24,vanderbilt,Kentucky,2023,-16.0,-4.219477,11.78052282333374,5.5,-10.5,1.2805228233337402,1,0,0
vanderbilt_vs_tennessee_20230208,2023-02-08,vanderbilt,Tennessee,2023,1.0,-9.617134,10.617134094238281,10.0,11.0,0.38286590576171875,1,1,1
vanderbilt_vs_auburn_20230218,2023-02-18,vanderbilt,Auburn,2023,2.0,-1.5195513,3.5195512771606445,3.0,5.0,1.4804487228393555,1,1,1
vanderbilt_vs_florida_20230225,2023-02-25,vanderbilt,Florida,2023,16.0,4.5074778,11.492522239685059,-4.0,12.0,0.5074777603149414,1,1,1
vanderbilt_vs_mississippi state_20230304,2023-03-04,vanderbilt,Mississippi State,2023,5.0,-1.2623136,6.262313604354858,3.0,8.0,1.7376863956451416,1,1,1
vanderbilt_vs_yale_20230314,2023-03-14,vanderbilt,Yale,2023,9.0,2.8663886,6.133611440658569,-3.0,6.0,-0.13361144065856934,0,1,0
vanderbilt_vs_michigan_20230318,2023-03-18,vanderbilt,Michigan,2023,1.0,2.4544134,1.4544134140014648,-3.0,-2.0,-0.5455865859985352,0,0,1
vanderbilt_vs_uab_20230322,2023-03-22,vanderbilt,UAB,2023,-8.0,-1.2841026,6.715897440910339,2.0,-6.0,0.7158974409103394,1,0,0
vermont_vs_toledo_20221220,2022-12-20,vermont,Toledo,2023,-12.0,-1.8805038,10.11949622631073,3.0,-9.0,1.11949622631073,1,0,0
vermont_vs_bryant_20230105,2023-01-05,vermont,Bryant,2023,10.0,4.273608,5.726391792297363,-4.0,6.0,0.2736082077026367,1,1,1
vermont_vs_maine_20230119,2023-01-19,vermont,Maine,2023,21.0,10.938993,10.061006546020508,-12.5,8.5,-1.5610065460205078,0,1,0
vermont_vs_njit_20230122,2023-01-22,vermont,NJIT,2023,16.0,13.868988,2.131011962890625,-13.5,2.5,0.368988037109375,1,1,1
vermont_vs_umbc_20230128,2023-01-28,vermont,UMBC,2023,6.0,9.461808,3.461808204650879,-9.5,-3.5,-0.038191795349121094,0,0,1
vermont_vs_umass lowell_20230211,2023-02-11,vermont,UMass Lowell,2023,12.0,5.1827393,6.8172607421875,-5.5,6.5,-0.3172607421875,0,1,0
vermont_vs_new hampshire_20230215,2023-02-15,vermont,New Hampshire,2023,29.0,10.87718,18.122819900512695,-12.5,16.5,-1.6228199005126953,0,1,0
vermont_vs_binghamton_20230222,2023-02-22,vermont,Binghamton,2023,11.0,13.620569,2.6205692291259766,-14.0,-3.0,-0.37943077087402344,0,0,1
vermont_vs_albany (ny)_20230228,2023-02-28,vermont,Albany (NY),2023,18.0,18.592386,0.5923862457275391,-18.0,0.0,0.5923862457275391,1,0,0
vermont_vs_njit_20230304,2023-03-04,vermont,NJIT,2023,27.0,17.811823,9.188177108764648,-18.0,9.0,-0.18817710876464844,0,1,0
vermont_vs_binghamton_20230307,2023-03-07,vermont,Binghamton,2023,22.0,14.45517,7.544830322265625,-15.5,6.5,-1.044830322265625,0,1,0
vermont_vs_umass lowell_20230311,2023-03-11,vermont,UMass Lowell,2023,13.0,5.413053,7.586946964263916,-6.5,6.5,-1.086946964263916,0,1,0
villanova_vs_delaware state_20221114,2022-11-14,villanova,Delaware State,2023,10.0,26.823015,16.823015213012695,-34.5,-24.5,-7.676984786987305,0,0,1
villanova_vs_oklahoma_20221203,2022-12-03,villanova,Oklahoma,2023,4.0,1.5825135,2.417486548423767,-3.0,1.0,-1.417486548423767,0,1,0
villanova_vs_pennsylvania_20221207,2022-12-07,villanova,Pennsylvania,2023,11.0,14.291816,3.291815757751465,-14.5,-3.5,-0.20818424224853516,0,0,1
villanova_vs_st. john's (ny)_20221221,2022-12-21,villanova,St. John's (NY),2023,15.0,4.262584,10.737415790557861,-5.0,10.0,-0.7374157905578613,0,1,0
villanova_vs_marquette_20221231,2022-12-31,villanova,Marquette,2023,-2.0,-1.6380452,0.36195480823516846,-2.5,-4.5,-4.1380451917648315,0,0,1
villanova_vs_xavier_20230107,2023-01-07,villanova,Xavier,2023,-8.0,-0.17128013,7.82871986925602,-2.0,-10.0,-2.1712801307439804,0,0,1
villanova_vs_georgetown_20230116,2023-01-16,villanova,Georgetown,2023,4.0,15.053335,11.053335189819336,-13.5,-9.5,1.553335189819336,1,0,0
villanova_vs_depaul_20230208,2023-02-08,villanova,DePaul,2023,16.0,9.496518,6.503481864929199,-9.5,6.5,-0.0034818649291992188,0,1,0
villanova_vs_seton hall_20230211,2023-02-11,villanova,Seton Hall,2023,4.0,6.5308466,2.53084659576416,-5.0,-1.0,1.5308465957641602,1,0,0
villanova_vs_butler_20230214,2023-02-14,villanova,Butler,2023,12.0,8.437878,3.562122344970703,-9.5,2.5,-1.0621223449707031,0,1,0
villanova_vs_creighton_20230225,2023-02-25,villanova,Creighton,2023,12.0,-0.9346046,12.934604585170746,2.0,14.0,1.0653954148292542,1,1,1
villanova_vs_connecticut_20230304,2023-03-04,villanova,Connecticut,2023,-12.0,-1.3611249,10.638875126838684,2.5,-9.5,1.138875126838684,1,0,0
virginia_vs_monmouth_20221111,2022-11-11,virginia,Monmouth,2023,47.0,22.289,24.711000442504883,-24.5,22.5,-2.211000442504883,0,1,0
virginia_vs_maryland eastern shore_20221125,2022-11-25,virginia,Maryland Eastern Shore,2023,27.0,23.5036,3.496400833129883,-28.5,-1.5,-4.996400833129883,0,0,1
virginia_vs_florida state_20221203,2022-12-03,virginia,Florida State,2023,5.0,18.326633,13.32663345336914,-18.0,-13.0,0.3266334533691406,1,0,0
virginia_vs_james madison_20221206,2022-12-06,virginia,James Madison,2023,5.0,12.4811,7.481100082397461,-12.5,-7.5,-0.018899917602539062,0,0,1
virginia_vs_houston_20221217,2022-12-17,virginia,Houston,2023,-8.0,-2.7058914,5.294108629226685,2.5,-5.5,-0.20589137077331543,0,0,1
virginia_vs_albany (ny)_20221228,2022-12-28,virginia,Albany (NY),2023,20.0,24.771109,4.771108627319336,-26.5,-6.5,-1.728891372680664,0,0,1
virginia_vs_syracuse_20230107,2023-01-07,virginia,Syracuse,2023,7.0,11.257151,4.257150650024414,-12.0,-5.0,-0.7428493499755859,0,0,1
virginia_vs_north carolina_20230110,2023-01-10,virginia,North Carolina,2023,7.0,5.365967,1.634033203125,-4.5,2.5,0.865966796875,1,1,1
virginia_vs_virginia tech_20230118,2023-01-18,virginia,Virginia Tech,2023,10.0,5.9958644,4.004135608673096,-5.5,4.5,0.4958643913269043,1,1,1
virginia_vs_boston college_20230128,2023-01-28,virginia,Boston College,2023,19.0,12.771804,6.228196144104004,-14.0,5.0,-1.228196144104004,0,1,0
virginia_vs_nc state_20230207,2023-02-07,virginia,NC State,2023,13.0,7.2344193,5.765580654144287,-7.5,5.5,-0.2655806541442871,0,1,0
virginia_vs_duke_20230211,2023-02-11,virginia,Duke,2023,7.0,6.267944,0.7320561408996582,-6.0,1.0,0.2679438591003418,1,1,1
virginia_vs_notre dame_20230218,2023-02-18,virginia,Notre Dame,2023,2.0,12.377709,10.37770938873291,-13.0,-11.0,-0.6222906112670898,0,0,1
virginia_vs_clemson_20230228,2023-02-28,virginia,Clemson,2023,7.0,5.6914573,1.3085427284240723,-7.0,0.0,-1.3085427284240723,0,0,1
virginia_vs_louisville_20230304,2023-03-04,virginia,Louisville,2023,15.0,18.435867,3.4358673095703125,-18.5,-3.5,-0.0641326904296875,0,0,1
virginia-commonwealth_vs_morgan state_20221112,2022-11-12,virginia-commonwealth,Morgan State,2023,15.0,23.216713,8.216712951660156,-19.5,-4.5,3.7167129516601562,1,0,0
virginia-commonwealth_vs_kennesaw state_20221126,2022-11-26,virginia-commonwealth,Kennesaw State,2023,3.0,11.604864,8.604864120483398,-11.5,-8.5,0.10486412048339844,1,0,0
virginia-commonwealth_vs_vanderbilt_20221130,2022-11-30,virginia-commonwealth,Vanderbilt,2023,5.0,1.3280699,3.6719300746917725,-2.5,2.5,-1.1719300746917725,0,1,0
virginia-commonwealth_vs_jacksonville_20221207,2022-12-07,virginia-commonwealth,Jacksonville,2023,-11.0,9.03038,20.030380249023438,-8.5,-19.5,0.5303802490234375,1,0,0
virginia-commonwealth_vs_howard_20221211,2022-12-11,virginia-commonwealth,Howard,2023,10.0,15.390821,5.39082145690918,-16.0,-6.0,-0.6091785430908203,0,0,1
virginia-commonwealth_vs_radford_20221214,2022-12-14,virginia-commonwealth,Radford,2023,8.0,9.836841,1.8368406295776367,-11.5,-3.5,-1.6631593704223633,0,0,1
virginia-commonwealth_vs_northern illinois_20221217,2022-12-17,virginia-commonwealth,Northern Illinois,2023,27.0,14.336541,12.663458824157715,-16.0,11.0,-1.6634588241577148,0,1,0
virginia-commonwealth_vs_navy_20221221,2022-12-21,virginia-commonwealth,Navy,2023,22.0,9.608649,12.391350746154785,-9.0,13.0,0.6086492538452148,1,1,1
virginia-commonwealth_vs_la salle_20221231,2022-12-31,virginia-commonwealth,La Salle,2023,13.0,11.350015,1.6499853134155273,-12.0,1.0,-0.6499853134155273,0,1,0
virginia-commonwealth_vs_davidson_20230107,2023-01-07,virginia-commonwealth,Davidson,2023,17.0,4.9577856,12.042214393615723,-5.5,11.5,-0.5422143936157227,0,1,0
virginia-commonwealth_vs_massachusetts_20230117,2023-01-17,virginia-commonwealth,Massachusetts,2023,28.0,8.164626,19.835373878479004,-10.0,18.0,-1.835373878479004,0,1,0
virginia-commonwealth_vs_george mason_20230125,2023-01-25,virginia-commonwealth,George Mason,2023,20.0,6.9637003,13.036299705505371,-8.5,11.5,-1.536299705505371,0,1,0
virginia-commonwealth_vs_st. bonaventure_20230128,2023-01-28,virginia-commonwealth,St. Bonaventure,2023,-3.0,9.440206,12.440205574035645,-11.0,-14.0,-1.5597944259643555,0,0,1
virginia-commonwealth_vs_dayton_20230207,2023-02-07,virginia-commonwealth,Dayton,2023,-4.0,1.7715415,5.771541476249695,-3.5,-7.5,-1.7284585237503052,0,0,1
virginia-commonwealth_vs_fordham_20230218,2023-02-18,virginia-commonwealth,Fordham,2023,19.0,8.013648,10.98635196685791,-8.0,11.0,0.013648033142089844,1,1,1
virginia-commonwealth_vs_richmond_20230224,2023-02-24,virginia-commonwealth,Richmond,2023,15.0,9.670586,5.329414367675781,-9.0,6.0,0.6705856323242188,1,1,1
virginia-commonwealth_vs_saint louis_20230228,2023-02-28,virginia-commonwealth,Saint Louis,2023,12.0,6.8817973,5.1182026863098145,-5.5,6.5,1.3817973136901855,1,1,1
virginia-military-institute_vs_navy_20221203,2022-12-03,virginia-military-institute,Navy,2023,8.0,-13.364277,21.364276885986328,11.0,19.0,-2.364276885986328,0,1,0
virginia-military-institute_vs_radford_20221210,2022-12-10,virginia-military-institute,Radford,2023,3.0,-8.794801,11.794800758361816,8.0,11.0,-0.7948007583618164,0,1,0
virginia-military-institute_vs_east tennessee state_20221231,2022-12-31,virginia-military-institute,East Tennessee State,2023,-14.0,-3.5381446,10.461855411529541,3.5,-10.5,-0.038144588470458984,0,0,1
virginia-military-institute_vs_unc greensboro_20230111,2023-01-11,virginia-military-institute,UNC Greensboro,2023,-15.0,-7.924151,7.0758490562438965,8.5,-6.5,0.5758490562438965,1,0,0
virginia-military-institute_vs_mercer_20230119,2023-01-19,virginia-military-institute,Mercer,2023,-8.0,-3.9545908,4.045409202575684,5.5,-2.5,1.5454092025756836,1,0,0
virginia-military-institute_vs_the citadel_20230121,2023-01-21,virginia-military-institute,The Citadel,2023,-8.0,1.4028958,9.40289580821991,-1.5,-9.5,-0.09710419178009033,0,0,1
virginia-military-institute_vs_western carolina_20230128,2023-01-28,virginia-military-institute,Western Carolina,2023,-6.0,-2.499341,3.5006589889526367,3.5,-2.5,1.0006589889526367,1,0,0
virginia-military-institute_vs_furman_20230208,2023-02-08,virginia-military-institute,Furman,2023,-31.0,-15.360718,15.6392822265625,17.0,-14.0,1.6392822265625,1,0,0
virginia-military-institute_vs_chattanooga_20230215,2023-02-15,virginia-military-institute,Chattanooga,2023,-20.0,-5.9915323,14.008467674255371,7.0,-13.0,1.008467674255371,1,0,0
virginia-military-institute_vs_samford_20230218,2023-02-18,virginia-military-institute,Samford,2023,-35.0,-12.525168,22.474831581115723,14.0,-21.0,1.4748315811157227,1,0,0
virginia-military-institute_vs_wofford_20230222,2023-02-22,virginia-military-institute,Wofford,2023,4.0,-7.670441,11.670441150665283,9.5,13.5,1.8295588493347168,1,1,1
virginia-tech_vs_lehigh_20221110,2022-11-10,virginia-tech,Lehigh,2023,26.0,22.300718,3.699281692504883,-22.0,4.0,0.3007183074951172,1,1,1
virginia-tech_vs_william & mary_20221113,2022-11-13,virginia-tech,William & Mary,2023,17.0,26.626194,9.62619400024414,-26.5,-9.5,0.12619400024414062,1,0,0
virginia-tech_vs_charleston southern_20221125,2022-11-25,virginia-tech,Charleston Southern,2023,5.0,24.936256,19.936256408691406,-26.0,-21.0,-1.0637435913085938,0,0,1
virginia-tech_vs_minnesota_20221128,2022-11-28,virginia-tech,Minnesota,2023,10.0,9.83212,0.16788005828857422,-12.5,-2.5,-2.667880058288574,0,0,1
virginia-tech_vs_north carolina_20221204,2022-12-04,virginia-tech,North Carolina,2023,8.0,0.4773147,7.522685289382935,0.0,8.0,0.47731471061706543,1,1,1
virginia-tech_vs_dayton_20221207,2022-12-07,virginia-tech,Dayton,2023,28.0,5.432993,22.567007064819336,-6.5,21.5,-1.067007064819336,0,1,0
virginia-tech_vs_clemson_20230104,2023-01-04,virginia-tech,Clemson,2023,-3.0,6.5812063,9.581206321716309,-6.5,-9.5,0.0812063217163086,1,0,0
virginia-tech_vs_nc state_20230107,2023-01-07,virginia-tech,NC State,2023,-4.0,4.926938,8.9269380569458,-5.5,-9.5,-0.5730619430541992,0,0,1
virginia-tech_vs_duke_20230123,2023-01-23,virginia-tech,Duke,2023,3.0,2.1205726,0.879427433013916,-2.5,0.5,-0.379427433013916,0,1,0
virginia-tech_vs_syracuse_20230128,2023-01-28,virginia-tech,Syracuse,2023,15.0,6.151814,8.848186016082764,-6.5,8.5,-0.34818601608276367,0,1,0
virginia-tech_vs_virginia_20230204,2023-02-04,virginia-tech,Virginia,2023,6.0,1.7101288,4.2898712158203125,-2.0,4.0,-0.2898712158203125,0,1,0
virginia-tech_vs_boston college_20230208,2023-02-08,virginia-tech,Boston College,2023,-6.0,10.995028,16.995027542114258,-12.5,-18.5,-1.5049724578857422,0,0,1
virginia-tech_vs_pittsburgh_20230218,2023-02-18,virginia-tech,Pittsburgh,2023,7.0,4.1364,2.8635997772216797,-5.0,2.0,-0.8635997772216797,0,1,0
virginia-tech_vs_miami (fl)_20230221,2023-02-21,virginia-tech,Miami (FL),2023,-6.0,1.3773112,7.3773112297058105,-3.0,-9.0,-1.6226887702941895,0,0,1
virginia-tech_vs_florida state_20230304,2023-03-04,virginia-tech,Florida State,2023,22.0,9.12341,12.87658977508545,-10.0,12.0,-0.8765897750854492,0,1,0
wagner_vs_fairfield_20221118,2022-11-18,wagner,Fairfield,2023,16.0,-0.42110708,16.421107083559036,2.0,18.0,1.5788929164409637,1,1,1
wagner_vs_stony brook_20221215,2022-12-15,wagner,Stony Brook,2023,3.0,7.429818,4.429818153381348,-7.0,-4.0,0.42981815338134766,1,0,0
wagner_vs_merrimack_20221231,2022-12-31,wagner,Merrimack,2023,-10.0,7.891008,17.891007900238037,-6.0,-16.0,1.891007900238037,1,0,0
wagner_vs_saint francis (pa)_20230107,2023-01-07,wagner,Saint Francis (PA),2023,-5.0,5.925248,10.925248146057129,-6.0,-11.0,-0.0747518539428711,0,0,1
wagner_vs_central connecticut state_20230120,2023-01-20,wagner,Central Connecticut State,2023,22.0,6.0599484,15.940051555633545,-4.5,17.5,1.559948444366455,1,1,1
wagner_vs_sacred heart_20230122,2023-01-22,wagner,Sacred Heart,2023,10.0,5.289979,4.710021018981934,-4.5,5.5,0.7899789810180664,1,1,1
wagner_vs_liu_20230211,2023-02-11,wagner,LIU,2023,12.0,15.035968,3.0359678268432617,-14.0,-2.0,1.0359678268432617,1,0,0
wagner_vs_fairleigh dickinson_20230218,2023-02-18,wagner,Fairleigh Dickinson,2023,-18.0,3.1840699,21.184069871902466,-2.0,-20.0,1.1840698719024658,1,0,0
wagner_vs_stonehill_20230223,2023-02-23,wagner,Stonehill,2023,10.0,2.7978463,7.20215368270874,-2.5,7.5,0.29784631729125977,1,1,1
wake-forest_vs_georgia_20221111,2022-11-11,wake-forest,Georgia,2023,10.0,7.1509905,2.8490095138549805,-8.0,2.0,-0.8490095138549805,0,1,0
wake-forest_vs_utah valley_20221115,2022-11-15,wake-forest,Utah Valley,2023,3.0,9.329046,6.329046249389648,-12.0,-9.0,-2.6709537506103516,0,0,1
wake-forest_vs_south carolina state_20221123,2022-11-23,wake-forest,South Carolina State,2023,31.0,26.484394,4.515605926513672,-26.5,4.5,-0.015605926513671875,0,1,0
wake-forest_vs_hampton_20221126,2022-11-26,wake-forest,Hampton,2023,27.0,20.078041,6.921958923339844,-20.5,6.5,-0.42195892333984375,0,1,0
wake-forest_vs_appalachian state_20221214,2022-12-14,wake-forest,Appalachian State,2023,1.0,11.0735035,10.073503494262695,-12.5,-11.5,-1.4264965057373047,0,0,1
wake-forest_vs_duke_20221220,2022-12-20,wake-forest,Duke,2023,11.0,-6.517914,17.517913818359375,6.5,17.5,-0.017913818359375,0,1,0
wake-forest_vs_virginia tech_20221231,2022-12-31,wake-forest,Virginia Tech,2023,2.0,-1.1371502,3.1371501684188843,1.0,3.0,-0.13715016841888428,0,1,0
wake-forest_vs_florida state_20230111,2023-01-11,wake-forest,Florida State,2023,15.0,8.752416,6.247584342956543,-8.5,6.5,0.25241565704345703,1,1,1
wake-forest_vs_clemson_20230117,2023-01-17,wake-forest,Clemson,2023,10.0,4.8320932,5.167906761169434,-4.0,6.0,0.8320932388305664,1,1,1
wake-forest_vs_virginia_20230121,2023-01-21,wake-forest,Virginia,2023,-9.0,-1.5124626,7.487537384033203,3.0,-6.0,1.4875373840332031,1,0,0
wake-forest_vs_nc state_20230128,2023-01-28,wake-forest,NC State,2023,-2.0,1.1216679,3.1216678619384766,-3.0,-5.0,-1.8783321380615234,0,0,1
wake-forest_vs_north carolina_20230207,2023-02-07,wake-forest,North Carolina,2023,7.0,0.82276237,6.177237629890442,1.5,8.5,2.322762370109558,1,1,1
wake-forest_vs_georgia tech_20230211,2023-02-11,wake-forest,Georgia Tech,2023,1.0,13.740796,12.740796089172363,-13.0,-12.0,0.7407960891723633,1,0,0
wake-forest_vs_notre dame_20230225,2023-02-25,wake-forest,Notre Dame,2023,8.0,9.344887,1.3448867797851562,-8.0,0.0,1.3448867797851562,1,0,0
wake-forest_vs_boston college_20230228,2023-02-28,wake-forest,Boston College,2023,-2.0,8.192291,10.192291259765625,-8.0,-10.0,0.192291259765625,1,0,0
washington_vs_north florida_20221111,2022-11-11,washington,North Florida,2023,8.0,12.49563,4.495630264282227,-16.5,-8.5,-4.004369735717773,0,0,1
washington_vs_utah tech_20221114,2022-11-14,washington,Utah Tech,2023,11.0,13.711752,2.711751937866211,-15.5,-4.5,-1.788248062133789,0,0,1
washington_vs_california baptist_20221117,2022-11-17,washington,California Baptist,2023,-9.0,8.103299,17.103299140930176,-8.0,-17.0,0.10329914093017578,1,0,0
washington_vs_seattle_20221128,2022-11-28,washington,Seattle,2023,11.0,4.6921573,6.30784273147583,-4.0,7.0,0.6921572685241699,1,1,1
washington_vs_colorado_20221204,2022-12-04,washington,Colorado,2023,10.0,-1.1941597,11.194159746170044,1.0,11.0,-0.19415974617004395,0,1,0
washington_vs_cal poly_20221213,2022-12-13,washington,Cal Poly,2023,6.0,12.432068,6.43206787109375,-12.5,-6.5,-0.06793212890625,0,0,1
washington_vs_idaho state_20221217,2022-12-17,washington,Idaho State,2023,35.0,13.996286,21.003713607788086,-15.0,20.0,-1.003713607788086,0,1,0
washington_vs_auburn_20221221,2022-12-21,washington,Auburn,2023,-23.0,-1.1625148,21.837485194206238,3.0,-20.0,1.8374851942062378,1,0,0
washington_vs_southern california_20221230,2022-12-30,washington,Southern California,2023,-13.0,-1.6213268,11.378673195838928,3.0,-10.0,1.3786731958389282,1,0,0
washington_vs_ucla_20230101,2023-01-01,washington,UCLA,2023,-25.0,-10.260783,14.739216804504395,11.0,-14.0,0.7392168045043945,1,0,0
washington_vs_stanford_20230112,2023-01-12,washington,Stanford,2023,17.0,1.1042215,15.89577853679657,-2.0,15.0,-0.8957785367965698,0,1,0
washington_vs_california_20230114,2023-01-14,washington,California,2023,3.0,10.135506,7.135505676269531,-9.5,-6.5,0.6355056762695312,1,0,0
washington_vs_arizona state_20230126,2023-01-26,washington,Arizona State,2023,3.0,-1.5894139,4.58941388130188,2.5,5.5,0.9105861186981201,1,1,1
washington_vs_arizona_20230128,2023-01-28,washington,Arizona,2023,-23.0,-7.649534,15.350465774536133,8.5,-14.5,0.8504657745361328,1,0,0
washington_vs_oregon_20230215,2023-02-15,washington,Oregon,2023,1.0,-3.5160003,4.516000270843506,5.5,6.5,1.9839997291564941,1,1,1
washington_vs_oregon state_20230218,2023-02-18,washington,Oregon State,2023,14.0,9.604423,4.395577430725098,-8.5,5.5,1.1044225692749023,1,1,1
washington_vs_washington state_20230302,2023-03-02,washington,Washington State,2023,-9.0,-1.4744687,7.52553129196167,1.0,-8.0,-0.4744687080383301,0,0,1
washington-state_vs_detroit mercy_20221125,2022-11-25,washington-state,Detroit Mercy,2023,42.0,11.880236,30.11976432800293,-12.0,30.0,-0.11976432800292969,0,1,0
washington-state_vs_utah_20221204,2022-12-04,washington-state,Utah,2023,-2.0,0.20040277,2.2004027664661407,-2.5,-4.5,-2.2995972335338593,0,0,1
washington-state_vs_northern kentucky_20221207,2022-12-07,washington-state,Northern Kentucky,2023,21.0,12.150968,8.849032402038574,-12.5,8.5,-0.3490324020385742,0,1,0
washington-state_vs_ucla_20221230,2022-12-30,washington-state,UCLA,2023,-1.0,-8.989813,7.989812850952148,8.5,7.5,-0.48981285095214844,0,1,0
washington-state_vs_southern california_20230101,2023-01-01,washington-state,Southern California,2023,10.0,0.4567556,9.543244391679764,-1.0,9.0,-0.5432443916797638,0,1,0
washington-state_vs_california_20230111,2023-01-11,washington-state,California,2023,15.0,13.589948,1.4100522994995117,-13.0,2.0,0.5899477005004883,1,1,1
washington-state_vs_stanford_20230114,2023-01-14,washington-state,Stanford,2023,1.0,6.0487885,5.048788547515869,-6.0,-5.0,0.04878854751586914,1,0,0
washington-state_vs_arizona_20230126,2023-01-26,washington-state,Arizona,2023,-5.0,-3.5684502,1.4315497875213623,5.5,0.5,1.9315497875213623,1,1,1
washington-state_vs_arizona state_20230128,2023-01-28,washington-state,Arizona State,2023,17.0,2.002451,14.997549057006836,-3.0,14.0,-0.9975490570068359,0,1,0
washington-state_vs_washington_20230211,2023-02-11,washington-state,Washington,2023,5.0,6.9335527,1.9335527420043945,-6.5,-1.5,0.43355274200439453,1,0,0
washington-state_vs_oregon state_20230216,2023-02-16,washington-state,Oregon State,2023,18.0,12.740373,5.259627342224121,-13.0,5.0,-0.2596273422241211,0,1,0
washington-state_vs_oregon_20230219,2023-02-19,washington-state,Oregon,2023,3.0,0.8500759,2.149924099445343,-1.5,1.5,-0.649924099445343,0,1,0
washington-state_vs_eastern washington_20230314,2023-03-14,washington-state,Eastern Washington,2023,-7.0,9.531291,16.531291007995605,-9.0,-16.0,0.5312910079956055,1,0,0
weber-state_vs_wright state_20221123,2022-11-23,weber-state,Wright State,2023,-22.0,-3.7059865,18.294013500213623,5.5,-16.5,1.794013500213623,1,0,0
weber-state_vs_utah tech_20221203,2022-12-03,weber-state,Utah Tech,2023,-12.0,0.77142984,12.77142983675003,-4.0,-16.0,-3.2285701632499695,0,0,1
weber-state_vs_northern colorado_20221229,2022-12-29,weber-state,Northern Colorado,2023,9.0,-0.10769332,9.107693322002888,-3.5,5.5,-3.6076933220028877,0,1,0
weber-state_vs_northern arizona_20221231,2022-12-31,weber-state,Northern Arizona,2023,16.0,7.5746226,8.425377368927002,-7.0,9.0,0.574622631072998,1,1,1
weber-state_vs_idaho state_20230107,2023-01-07,weber-state,Idaho State,2023,-10.0,7.8628106,17.862810611724854,-8.5,-18.5,-0.6371893882751465,0,0,1
weber-state_vs_portland state_20230119,2023-01-19,weber-state,Portland State,2023,16.0,4.5872116,11.412788391113281,-4.5,11.5,0.08721160888671875,1,1,1
weber-state_vs_sacramento state_20230121,2023-01-21,weber-state,Sacramento State,2023,2.0,6.2667713,4.26677131652832,-5.0,-3.0,1.2667713165283203,1,0,0
weber-state_vs_montana state_20230209,2023-02-09,weber-state,Montana State,2023,10.0,-3.2558455,13.255845546722412,4.0,14.0,0.7441544532775879,1,1,1
weber-state_vs_montana_20230211,2023-02-11,weber-state,Montana,2023,-5.0,-1.366173,3.633826971054077,-1.5,-6.5,-2.866173028945923,0,0,1
weber-state_vs_eastern washington_20230223,2023-02-23,weber-state,Eastern Washington,2023,-7.0,-1.4172697,5.582730293273926,-2.0,-9.0,-3.417269706726074,0,0,1
weber-state_vs_idaho_20230225,2023-02-25,weber-state,Idaho,2023,14.0,9.111657,4.88834285736084,-8.0,6.0,1.1116571426391602,1,1,1
western-carolina_vs_gardner-webb_20221130,2022-11-30,western-carolina,Gardner-Webb,2023,-16.0,0.7038988,16.703898787498474,1.5,-14.5,2.203898787498474,1,0,0
western-carolina_vs_usc upstate_20221203,2022-12-03,western-carolina,USC Upstate,2023,-15.0,5.9183545,20.918354511260986,-6.5,-21.5,-0.5816454887390137,0,0,1
western-carolina_vs_unc greensboro_20221229,2022-12-29,western-carolina,UNC Greensboro,2023,-25.0,-2.244082,22.75591802597046,4.5,-20.5,2.255918025970459,1,0,0
western-carolina_vs_furman_20221231,2022-12-31,western-carolina,Furman,2023,12.0,-12.302364,24.302364349365234,11.5,23.5,-0.8023643493652344,0,1,0
western-carolina_vs_wofford_20230118,2023-01-18,western-carolina,Wofford,2023,5.0,-2.0889337,7.088933706283569,2.0,7.0,-0.08893370628356934,0,1,0
western-carolina_vs_the citadel_20230125,2023-01-25,western-carolina,The Citadel,2023,-11.0,6.574299,17.574298858642578,-7.0,-18.0,-0.4257011413574219,0,0,1
western-carolina_vs_samford_20230201,2023-02-01,western-carolina,Samford,2023,-8.0,-3.9193833,4.08061671257019,4.5,-3.5,0.5806167125701904,1,0,0
western-carolina_vs_chattanooga_20230204,2023-02-04,western-carolina,Chattanooga,2023,15.0,-1.6226329,16.62263286113739,-2.0,13.0,-3.62263286113739,0,1,0
western-carolina_vs_east tennessee state_20230215,2023-02-15,western-carolina,East Tennessee State,2023,2.0,1.3139176,0.6860823631286621,-2.0,0.0,-0.6860823631286621,0,0,1
western-carolina_vs_vmi_20230225,2023-02-25,western-carolina,VMI,2023,19.0,10.314555,8.685444831848145,-10.0,9.0,0.31455516815185547,1,1,1
western-illinois_vs_youngstown state_20221126,2022-11-26,western-illinois,Youngstown State,2023,-24.0,-6.3215876,17.678412437438965,6.0,-18.0,-0.32158756256103516,0,0,1
western-illinois_vs_southern indiana_20221130,2022-11-30,western-illinois,Southern Indiana,2023,8.0,-4.6151094,12.61510944366455,5.5,13.5,0.8848905563354492,1,1,1
western-illinois_vs_north dakota state_20221219,2022-12-19,western-illinois,North Dakota State,2023,19.0,0.825878,18.174121975898743,-1.5,17.5,-0.6741219758987427,0,1,0
western-illinois_vs_omaha_20230105,2023-01-05,western-illinois,Omaha,2023,-4.0,4.8416953,8.841695308685303,-4.0,-8.0,0.8416953086853027,1,0,0
western-illinois_vs_denver_20230107,2023-01-07,western-illinois,Denver,2023,17.0,0.47614598,16.52385401725769,-3.5,13.5,-3.0238540172576904,0,1,0
western-illinois_vs_st. thomas_20230121,2023-01-21,western-illinois,St. Thomas,2023,4.0,-1.5096099,5.509609937667847,-1.0,3.0,-2.5096099376678467,0,1,0
western-illinois_vs_north dakota_20230123,2023-01-23,western-illinois,North Dakota,2023,12.0,5.426484,6.573515892028809,-6.5,5.5,-1.0735158920288086,0,1,0
western-illinois_vs_south dakota_20230126,2023-01-26,western-illinois,South Dakota,2023,3.0,4.472158,1.4721579551696777,-4.5,-1.5,-0.027842044830322266,0,0,1
western-illinois_vs_south dakota state_20230128,2023-01-28,western-illinois,South Dakota State,2023,8.0,-2.336414,10.336414098739624,1.5,9.5,-0.836414098739624,0,1,0
western-illinois_vs_kansas city_20230209,2023-02-09,western-illinois,Kansas City,2023,-12.0,1.4128761,13.41287612915039,-1.5,-13.5,-0.08712387084960938,0,0,1
western-illinois_vs_oral roberts_20230211,2023-02-11,western-illinois,Oral Roberts,2023,-9.0,-13.698307,4.698307037353516,14.0,5.0,0.3016929626464844,1,1,1
western-kentucky_vs_south carolina state_20221126,2022-11-26,western-kentucky,South Carolina State,2023,26.0,22.391697,3.6083030700683594,-24.0,2.0,-1.6083030700683594,0,1,0
western-kentucky_vs_wright state_20221210,2022-12-10,western-kentucky,Wright State,2023,4.0,6.836405,2.836404800415039,-7.0,-3.0,-0.16359519958496094,0,0,1
western-kentucky_vs_rice_20221229,2022-12-29,western-kentucky,Rice,2023,-3.0,6.440634,9.440633773803711,-6.0,-9.0,0.44063377380371094,1,0,0
western-kentucky_vs_north texas_20230105,2023-01-05,western-kentucky,North Texas,2023,-4.0,-2.9366655,1.0633344650268555,3.5,-0.5,0.5633344650268555,1,0,0
western-kentucky_vs_florida international_20230114,2023-01-14,western-kentucky,Florida International,2023,11.0,8.135948,2.8640518188476562,-8.0,3.0,0.13594818115234375,1,1,1
western-kentucky_vs_florida atlantic_20230116,2023-01-16,western-kentucky,Florida Atlantic,2023,-14.0,-4.680435,9.319564819335938,4.5,-9.5,-0.1804351806640625,0,0,1
western-kentucky_vs_charlotte_20230121,2023-01-21,western-kentucky,Charlotte,2023,-4.0,1.5959755,5.5959755182266235,-2.5,-6.5,-0.9040244817733765,0,0,1
western-kentucky_vs_utsa_20230202,2023-02-02,western-kentucky,UTSA,2023,7.0,12.987209,5.987209320068359,-12.5,-5.5,0.4872093200683594,1,0,0
western-kentucky_vs_utep_20230204,2023-02-04,western-kentucky,UTEP,2023,5.0,1.3496065,3.650393486022949,-3.0,2.0,-1.6503934860229492,0,1,0
western-kentucky_vs_middle tennessee_20230209,2023-02-09,western-kentucky,Middle Tennessee,2023,4.0,0.45062387,3.549376130104065,-1.5,2.5,-1.049376130104065,0,1,0
western-kentucky_vs_louisiana tech_20230223,2023-02-23,western-kentucky,Louisiana Tech,2023,10.0,3.6533208,6.346679210662842,-4.5,5.5,-0.8466792106628418,0,1,0
western-kentucky_vs_uab_20230225,2023-02-25,western-kentucky,UAB,2023,-12.0,-5.211855,6.788145065307617,6.0,-6.0,0.7881450653076172,1,0,0
west-virginia_vs_morehead state_20221115,2022-11-15,west-virginia,Morehead State,2023,18.0,17.343502,0.6564979553222656,-18.5,-0.5,-1.1564979553222656,0,0,1
west-virginia_vs_pennsylvania_20221118,2022-11-18,west-virginia,Pennsylvania,2023,34.0,17.182217,16.81778335571289,-17.0,17.0,0.18221664428710938,1,1,1
west-virginia_vs_navy_20221207,2022-12-07,west-virginia,Navy,2023,21.0,17.390028,3.6099720001220703,-17.5,3.5,-0.10997200012207031,0,1,0
west-virginia_vs_uab_20221210,2022-12-10,west-virginia,UAB,2023,11.0,8.920077,2.079922676086426,-6.0,5.0,2.920077323913574,1,1,1
west-virginia_vs_buffalo_20221218,2022-12-18,west-virginia,Buffalo,2023,18.0,19.527119,1.5271186828613281,-19.5,-1.5,0.027118682861328125,1,0,0
west-virginia_vs_stony brook_20221222,2022-12-22,west-virginia,Stony Brook,2023,11.0,29.229074,18.229074478149414,-26.5,-15.5,2.729074478149414,1,0,0
west-virginia_vs_kansas_20230107,2023-01-07,west-virginia,Kansas,2023,-14.0,-0.11353386,13.886466138064861,1.5,-12.5,1.3864661380648613,1,0,0
west-virginia_vs_baylor_20230111,2023-01-11,west-virginia,Baylor,2023,-5.0,2.5669599,7.566959857940674,-1.5,-6.5,1.0669598579406738,1,0,0
west-virginia_vs_tcu_20230118,2023-01-18,west-virginia,TCU,2023,9.0,1.0039135,7.996086478233337,-2.5,6.5,-1.4960864782333374,0,1,0
west-virginia_vs_texas_20230121,2023-01-21,west-virginia,Texas,2023,-8.0,0.8051593,8.805159270763397,-1.0,-9.0,-0.19484072923660278,0,0,1
west-virginia_vs_auburn_20230128,2023-01-28,west-virginia,Auburn,2023,3.0,3.4772334,0.4772334098815918,-4.0,-1.0,-0.5227665901184082,0,0,1
west-virginia_vs_oklahoma_20230204,2023-02-04,west-virginia,Oklahoma,2023,32.0,7.215272,24.784728050231934,-6.0,26.0,1.2152719497680664,1,1,1
west-virginia_vs_iowa state_20230208,2023-02-08,west-virginia,Iowa State,2023,5.0,4.7500277,0.24997234344482422,-4.5,0.5,0.2500276565551758,1,1,1
west-virginia_vs_texas tech_20230218,2023-02-18,west-virginia,Texas Tech,2023,-6.0,6.6654544,12.665454387664795,-6.0,-12.0,0.6654543876647949,1,0,0
west-virginia_vs_oklahoma state_20230220,2023-02-20,west-virginia,Oklahoma State,2023,18.0,5.0742073,12.925792694091797,-5.5,12.5,-0.4257926940917969,0,1,0
west-virginia_vs_kansas state_20230304,2023-03-04,west-virginia,Kansas State,2023,8.0,5.538813,2.4611868858337402,-5.5,2.5,0.038813114166259766,1,1,1
wichita-state_vs_tarleton state_20221126,2022-11-26,wichita-state,Tarleton State,2023,12.0,6.9696026,5.030397415161133,-6.5,5.5,0.4696025848388672,1,1,1
wichita-state_vs_missouri_20221129,2022-11-29,wichita-state,Missouri,2023,-4.0,-0.8415615,3.158438503742218,2.5,-1.5,1.658438503742218,1,0,0
wichita-state_vs_longwood_20221210,2022-12-10,wichita-state,Longwood,2023,18.0,6.588604,11.411396026611328,-7.5,10.5,-0.9113960266113281,0,1,0
wichita-state_vs_mississippi valley state_20221213,2022-12-13,wichita-state,Mississippi Valley State,2023,23.0,27.050337,4.050336837768555,-27.5,-4.5,-0.4496631622314453,0,0,1
wichita-state_vs_texas southern_20221222,2022-12-22,wichita-state,Texas Southern,2023,9.0,11.961892,2.9618921279907227,-11.5,-2.5,0.46189212799072266,1,0,0
wichita-state_vs_east carolina_20221231,2022-12-31,wichita-state,East Carolina,2023,-10.0,6.425722,16.425722122192383,-6.0,-16.0,0.4257221221923828,1,0,0
wichita-state_vs_cincinnati_20230105,2023-01-05,wichita-state,Cincinnati,2023,-9.0,-1.5450486,7.4549514055252075,2.5,-6.5,0.9549514055252075,1,0,0
wichita-state_vs_tulsa_20230114,2023-01-14,wichita-state,Tulsa,2023,4.0,8.9875965,4.98759651184082,-10.0,-6.0,-1.0124034881591797,0,0,1
wichita-state_vs_houston_20230202,2023-02-02,wichita-state,Houston,2023,-9.0,-10.04926,1.049260139465332,12.5,3.5,2.450739860534668,1,1,1
wichita-state_vs_ucf_20230208,2023-02-08,wichita-state,UCF,2023,-5.0,0.31287202,5.312872022390366,-2.5,-7.5,-2.1871279776096344,0,0,1
wichita-state_vs_smu_20230212,2023-02-12,wichita-state,SMU,2023,2.0,6.4474483,4.447448253631592,-6.5,-4.5,-0.0525517463684082,0,0,1
wichita-state_vs_memphis_20230223,2023-02-23,wichita-state,Memphis,2023,-5.0,-2.1698425,2.830157518386841,3.0,-2.0,0.8301575183868408,1,0,0
wichita-state_vs_south florida_20230305,2023-03-05,wichita-state,South Florida,2023,20.0,6.088727,13.911273002624512,-7.0,13.0,-0.9112730026245117,0,1,0
william-mary_vs_army_20221119,2022-11-19,william-mary,Army,2023,9.0,-1.6807017,10.680701732635498,2.0,11.0,0.31929826736450195,1,1,1
william-mary_vs_radford_20221123,2022-11-23,william-mary,Radford,2023,11.0,-2.7767558,13.776755809783936,2.5,13.5,-0.27675580978393555,0,1,0
william-mary_vs_richmond_20221203,2022-12-03,william-mary,Richmond,2023,1.0,-7.3785777,8.378577709197998,8.0,9.0,0.621422290802002,1,1,1
william-mary_vs_norfolk state_20221210,2022-12-10,william-mary,Norfolk State,2023,-14.0,-1.2165786,12.783421397209167,1.5,-12.5,0.2834213972091675,1,0,0
william-mary_vs_hofstra_20230107,2023-01-07,william-mary,Hofstra,2023,-13.0,-5.670046,7.329954147338867,7.0,-6.0,1.3299541473388672,1,0,0
william-mary_vs_hampton_20230111,2023-01-11,william-mary,Hampton,2023,16.0,8.119858,7.8801422119140625,-8.0,8.0,0.1198577880859375,1,1,1
william-mary_vs_north carolina a&t_20230121,2023-01-21,william-mary,North Carolina A&T,2023,-4.0,1.609889,5.609889030456543,-1.5,-5.5,0.10988903045654297,1,0,0
william-mary_vs_stony brook_20230126,2023-01-26,william-mary,Stony Brook,2023,3.0,3.5141187,0.5141186714172363,-4.0,-1.0,-0.48588132858276367,0,0,1
william-mary_vs_unc wilmington_20230204,2023-02-04,william-mary,UNC Wilmington,2023,-7.0,-6.894493,0.10550689697265625,7.0,0.0,0.10550689697265625,1,0,0
william-mary_vs_towson_20230213,2023-02-13,william-mary,Towson,2023,2.0,-8.824405,10.8244047164917,11.0,13.0,2.175595283508301,1,1,1
william-mary_vs_elon_20230223,2023-02-23,william-mary,Elon,2023,13.0,-0.12904483,13.129044830799103,1.5,14.5,1.3709551692008972,1,1,1
william-mary_vs_monmouth_20230225,2023-02-25,william-mary,Monmouth,2023,12.0,3.223961,8.776038885116577,-3.0,9.0,0.22396111488342285,1,1,1
winthrop_vs_coastal carolina_20221203,2022-12-03,winthrop,Coastal Carolina,2023,-5.0,0.36816102,5.3681610226631165,-2.5,-7.5,-2.1318389773368835,0,0,1
winthrop_vs_south carolina state_20221206,2022-12-06,winthrop,South Carolina State,2023,14.0,11.265341,2.734659194946289,-11.0,3.0,0.26534080505371094,1,1,1
winthrop_vs_unc asheville_20221231,2022-12-31,winthrop,UNC Asheville,2023,2.0,0.083177835,1.9168221652507782,-1.5,0.5,-1.4168221652507782,0,1,0
winthrop_vs_presbyterian_20230104,2023-01-04,winthrop,Presbyterian,2023,10.0,5.1472774,4.852722644805908,-7.0,3.0,-1.8527226448059082,0,1,0
winthrop_vs_radford_20230111,2023-01-11,winthrop,Radford,2023,-14.0,-0.25952044,13.740479558706284,0.0,-14.0,-0.25952044129371643,0,0,1
winthrop_vs_gardner-webb_20230121,2023-01-21,winthrop,Gardner-Webb,2023,-2.0,-2.3873591,0.3873591423034668,2.0,0.0,-0.3873591423034668,0,0,1
winthrop_vs_charleston southern_20230125,2023-01-25,winthrop,Charleston Southern,2023,12.0,3.7404811,8.25951886177063,-5.5,6.5,-1.7595188617706299,0,1,0
winthrop_vs_longwood_20230201,2023-02-01,winthrop,Longwood,2023,2.0,-1.5318766,3.531876564025879,3.0,5.0,1.468123435974121,1,1,1
winthrop_vs_usc upstate_20230211,2023-02-11,winthrop,USC Upstate,2023,-9.0,1.9646633,10.96466326713562,-3.0,-12.0,-1.0353367328643799,0,0,1
winthrop_vs_campbell_20230222,2023-02-22,winthrop,Campbell,2023,2.0,2.288991,0.28899097442626953,-3.5,-1.5,-1.2110090255737305,0,0,1
winthrop_vs_high point_20230225,2023-02-25,winthrop,High Point,2023,6.0,5.3777394,0.622260570526123,-7.0,-1.0,-1.622260570526123,0,0,1
wisconsin_vs_green bay_20221115,2022-11-15,wisconsin,Green Bay,2023,11.0,30.78533,19.785329818725586,-27.0,-16.0,3.785329818725586,1,0,0
wisconsin_vs_wake forest_20221129,2022-11-29,wisconsin,Wake Forest,2023,-3.0,7.890049,10.89004898071289,-6.0,-9.0,1.8900489807128906,1,0,0
wisconsin_vs_maryland_20221206,2022-12-06,wisconsin,Maryland,2023,5.0,0.32038292,4.679617077112198,-2.5,2.5,-2.179617077112198,0,1,0
wisconsin_vs_lehigh_20221215,2022-12-15,wisconsin,Lehigh,2023,22.0,23.933208,1.9332084655761719,-23.0,-1.0,0.9332084655761719,1,0,0
wisconsin_vs_minnesota_20230103,2023-01-03,wisconsin,Minnesota,2023,3.0,12.550874,9.550873756408691,-13.0,-10.0,-0.4491262435913086,0,0,1
wisconsin_vs_michigan state_20230110,2023-01-10,wisconsin,Michigan State,2023,-4.0,-1.2016964,2.7983036041259766,2.0,-2.0,0.7983036041259766,1,0,0
wisconsin_vs_penn state_20230117,2023-01-17,wisconsin,Penn State,2023,3.0,1.6876516,1.3123483657836914,-3.5,-0.5,-1.8123483657836914,0,0,1
wisconsin_vs_illinois_20230128,2023-01-28,wisconsin,Illinois,2023,-10.0,-1.7498248,8.25017523765564,2.0,-8.0,0.25017523765563965,1,0,0
wisconsin_vs_northwestern_20230205,2023-02-05,wisconsin,Northwestern,2023,-2.0,5.7830987,7.7830986976623535,-3.5,-5.5,2.2830986976623535,1,0,0
wisconsin_vs_michigan_20230214,2023-02-14,wisconsin,Michigan,2023,5.0,0.5300236,4.469976425170898,-2.0,3.0,-1.4699764251708984,0,1,0
wisconsin_vs_rutgers_20230218,2023-02-18,wisconsin,Rutgers,2023,-1.0,-0.2077487,0.7922513037919998,1.0,0.0,0.7922513037919998,1,0,0
wisconsin_vs_iowa_20230222,2023-02-22,wisconsin,Iowa,2023,12.0,-0.35535014,12.355350136756897,-1.5,10.5,-1.855350136756897,0,1,0
wisconsin_vs_purdue_20230302,2023-03-02,wisconsin,Purdue,2023,-2.0,-2.6863117,0.6863117218017578,3.5,1.5,0.8136882781982422,1,1,1
wisconsin_vs_bradley_20230314,2023-03-14,wisconsin,Bradley,2023,19.0,1.8948473,17.1051527261734,-3.0,16.0,-1.1051527261734009,0,1,0
wisconsin_vs_liberty_20230319,2023-03-19,wisconsin,Liberty,2023,4.0,5.3257623,1.3257622718811035,-4.0,0.0,1.3257622718811035,1,0,0
wofford_vs_gardner-webb_20221118,2022-11-18,wofford,Gardner-Webb,2023,2.0,-0.5541772,2.554177224636078,-3.5,-1.5,-4.054177224636078,0,0,1
wofford_vs_north carolina a&t_20221120,2022-11-20,wofford,North Carolina A&T,2023,14.0,9.351879,4.648120880126953,-10.0,4.0,-0.6481208801269531,0,1,0
wofford_vs_presbyterian_20221201,2022-12-01,wofford,Presbyterian,2023,13.0,10.796175,2.203824996948242,-12.5,0.5,-1.7038249969482422,0,1,0
wofford_vs_coastal carolina_20221206,2022-12-06,wofford,Coastal Carolina,2023,10.0,5.7703,4.229700088500977,-6.5,3.5,-0.7297000885009766,0,1,0
wofford_vs_east tennessee state_20221229,2022-12-29,wofford,East Tennessee State,2023,-2.0,6.123502,8.123501777648926,-6.0,-8.0,0.12350177764892578,1,0,0
wofford_vs_unc greensboro_20221231,2022-12-31,wofford,UNC Greensboro,2023,-9.0,2.2114265,11.211426496505737,-3.0,-12.0,-0.7885735034942627,0,0,1
wofford_vs_the citadel_20230107,2023-01-07,wofford,The Citadel,2023,20.0,8.480768,11.519231796264648,-9.5,10.5,-1.0192317962646484,0,1,0
wofford_vs_vmi_20230114,2023-01-14,wofford,VMI,2023,19.0,13.74339,5.256609916687012,-13.0,6.0,0.7433900833129883,1,1,1
wofford_vs_furman_20230122,2023-01-22,wofford,Furman,2023,-14.0,-4.0594497,9.940550327301025,5.0,-9.0,0.9405503273010254,1,0,0
wofford_vs_samford_20230128,2023-01-28,wofford,Samford,2023,8.0,-2.2035296,10.203529596328735,3.0,11.0,0.7964704036712646,1,1,1
wofford_vs_western carolina_20230208,2023-02-08,wofford,Western Carolina,2023,-4.0,4.7313685,8.73136854171753,-5.5,-9.5,-0.7686314582824707,0,0,1
wofford_vs_mercer_20230215,2023-02-15,wofford,Mercer,2023,3.0,2.513296,0.48670411109924316,-2.5,0.5,0.013295888900756836,1,1,1
wofford_vs_chattanooga_20230225,2023-02-25,wofford,Chattanooga,2023,12.0,0.23187847,11.768121525645256,-2.0,10.0,-1.768121525645256,0,1,0
wright-state_vs_bowling green_20221115,2022-11-15,wright-state,Bowling Green,2023,9.0,7.352366,1.6476340293884277,-7.0,2.0,0.35236597061157227,1,1,1
wright-state_vs_robert morris_20221201,2022-12-01,wright-state,Robert Morris,2023,-21.0,11.012054,32.012054443359375,-12.0,-33.0,-0.987945556640625,0,0,1
wright-state_vs_youngstown state_20221204,2022-12-04,wright-state,Youngstown State,2023,-11.0,0.17301773,11.173017725348473,-2.5,-13.5,-2.3269822746515274,0,0,1
wright-state_vs_detroit mercy_20230106,2023-01-06,wright-state,Detroit Mercy,2023,5.0,5.0137935,0.013793468475341797,-4.5,0.5,0.5137934684753418,1,1,1
wright-state_vs_oakland_20230108,2023-01-08,wright-state,Oakland,2023,-2.0,5.1734853,7.173485279083252,-5.5,-7.5,-0.32651472091674805,0,0,1
wright-state_vs_cleveland state_20230121,2023-01-21,wright-state,Cleveland State,2023,-8.0,1.0442426,9.04424262046814,-3.5,-11.5,-2.4557573795318604,0,0,1
wright-state_vs_milwaukee_20230126,2023-01-26,wright-state,Milwaukee,2023,7.0,3.6061401,3.39385986328125,-4.5,2.5,-0.89385986328125,0,1,0
wright-state_vs_green bay_20230128,2023-01-28,wright-state,Green Bay,2023,31.0,16.901808,14.09819221496582,-17.0,14.0,-0.09819221496582031,0,1,0
wright-state_vs_iupui_20230208,2023-02-08,wright-state,IUPUI,2023,32.0,16.324783,15.675216674804688,-16.5,15.5,-0.1752166748046875,0,1,0
wright-state_vs_northern kentucky_20230210,2023-02-10,wright-state,Northern Kentucky,2023,18.0,1.538917,16.46108305454254,-2.5,15.5,-0.9610830545425415,0,1,0
wright-state_vs_green bay_20230228,2023-02-28,wright-state,Green Bay,2023,20.0,18.582272,1.4177284240722656,-19.5,0.5,-0.9177284240722656,0,1,0
wyoming_vs_southeastern louisiana_20221113,2022-11-13,wyoming,Southeastern Louisiana,2023,-4.0,21.680628,25.680627822875977,-22.0,-26.0,-0.31937217712402344,0,0,1
wyoming_vs_grand canyon_20221203,2022-12-03,wyoming,Grand Canyon,2023,-8.0,2.9877577,10.987757682800293,-4.5,-12.5,-1.512242317199707,0,0,1
wyoming_vs_texas a&mâcommerce_20221206,2022-12-06,wyoming,Texas A&MâCommerce,2023,15.0,10.876932,4.123067855834961,-11.0,4.0,-0.12306785583496094,0,1,0
wyoming_vs_louisiana tech_20221210,2022-12-10,wyoming,Louisiana Tech,2023,27.0,4.688437,22.31156301498413,-5.0,22.0,-0.31156301498413086,0,1,0
wyoming_vs_new mexico_20221231,2022-12-31,wyoming,New Mexico,2023,-1.0,-1.523757,0.5237569808959961,1.5,0.5,-0.023756980895996094,0,1,0
wyoming_vs_san diego state_20230107,2023-01-07,wyoming,San Diego State,2023,-5.0,-7.671516,2.671515941619873,8.0,3.0,0.32848405838012695,1,1,1
wyoming_vs_boise state_20230114,2023-01-14,wyoming,Boise State,2023,-17.0,-4.3077664,12.692233562469482,3.5,-13.5,-0.8077664375305176,0,0,1
wyoming_vs_fresno state_20230131,2023-01-31,wyoming,Fresno State,2023,23.0,6.5470223,16.452977657318115,-5.5,17.5,1.0470223426818848,1,1,1
wyoming_vs_unlv_20230208,2023-02-08,wyoming,UNLV,2023,-10.0,-3.1731005,6.826899528503418,3.5,-6.5,0.32689952850341797,1,0,0
wyoming_vs_air force_20230217,2023-02-17,wyoming,Air Force,2023,-6.0,5.5316515,11.531651496887207,-5.5,-11.5,0.03165149688720703,1,0,0
wyoming_vs_utah state_20230221,2023-02-21,wyoming,Utah State,2023,-10.0,-4.478219,5.521780967712402,6.0,-4.0,1.5217809677124023,1,0,0
wyoming_vs_nevada_20230227,2023-02-27,wyoming,Nevada,2023,9.0,-3.62037,12.620369911193848,5.0,14.0,1.3796300888061523,1,1,1
xavier_vs_montana_20221111,2022-11-11,xavier,Montana,2023,22.0,21.078207,0.9217929840087891,-17.5,4.5,3.578207015991211,1,1,1
xavier_vs_fairfield_20221115,2022-11-15,xavier,Fairfield,2023,13.0,22.266378,9.266378402709961,-20.0,-7.0,2.266378402709961,1,0,0
xavier_vs_indiana_20221118,2022-11-18,xavier,Indiana,2023,-2.0,-0.80139256,1.1986074447631836,2.0,0.0,1.1986074447631836,1,0,0
xavier_vs_southeastern louisiana_20221130,2022-11-30,xavier,Southeastern Louisiana,2023,32.0,21.319057,10.68094253540039,-22.5,9.5,-1.1809425354003906,0,1,0
xavier_vs_west virginia_20221203,2022-12-03,xavier,West Virginia,2023,10.0,0.43707466,9.562925338745117,-2.5,7.5,-2.062925338745117,0,1,0
xavier_vs_southern_20221213,2022-12-13,xavier,Southern,2023,20.0,21.611784,1.6117839813232422,-22.0,-2.0,-0.3882160186767578,0,0,1
xavier_vs_seton hall_20221220,2022-12-20,xavier,Seton Hall,2023,3.0,7.417558,4.417558193206787,-8.0,-5.0,-0.5824418067932129,0,0,1
xavier_vs_connecticut_20221231,2022-12-31,xavier,Connecticut,2023,10.0,-0.501413,10.501412987709045,3.0,13.0,2.4985870122909546,1,1,1
xavier_vs_creighton_20230111,2023-01-11,xavier,Creighton,2023,3.0,2.463432,0.5365679264068604,-2.0,1.0,0.46343207359313965,1,1,1
xavier_vs_marquette_20230115,2023-01-15,xavier,Marquette,2023,4.0,1.6312672,2.3687328100204468,-3.0,1.0,-1.3687328100204468,0,1,0
xavier_vs_georgetown_20230121,2023-01-21,xavier,Georgetown,2023,13.0,17.852234,4.85223388671875,-17.0,-4.0,0.85223388671875,1,0,0
xavier_vs_providence_20230201,2023-02-01,xavier,Providence,2023,2.0,5.4553194,3.455319404602051,-3.0,-1.0,2.455319404602051,1,0,0
xavier_vs_st. john's (ny)_20230204,2023-02-04,xavier,St. John's (NY),2023,25.0,9.761811,15.238188743591309,-9.0,16.0,0.7618112564086914,1,1,1
xavier_vs_depaul_20230218,2023-02-18,xavier,DePaul,2023,14.0,14.403333,0.4033327102661133,-13.5,0.5,0.9033327102661133,1,1,1
xavier_vs_villanova_20230221,2023-02-21,xavier,Villanova,2023,-1.0,4.9389005,5.938900470733643,-4.5,-5.5,0.4389004707336426,1,0,0
xavier_vs_butler_20230304,2023-03-04,xavier,Butler,2023,12.0,13.195774,1.1957740783691406,-13.5,-1.5,-0.3042259216308594,0,0,1
yale_vs_vermont_20221122,2022-11-22,yale,Vermont,2023,29.0,2.6051974,26.394802570343018,-1.0,28.0,1.6051974296569824,1,1,1
yale_vs_howard_20221130,2022-11-30,yale,Howard,2023,46.0,14.476686,31.523314476013184,-13.5,32.5,0.9766855239868164,1,1,1
yale_vs_dartmouth_20230106,2023-01-06,yale,Dartmouth,2023,-4.0,15.5039015,19.503901481628418,-16.5,-20.5,-0.996098518371582,0,0,1
yale_vs_harvard_20230107,2023-01-07,yale,Harvard,2023,4.0,6.04747,2.0474700927734375,-7.5,-3.5,-1.4525299072265625,0,0,1
yale_vs_brown_20230116,2023-01-16,yale,Brown,2023,3.0,8.270751,5.270750999450684,-9.0,-6.0,-0.7292490005493164,0,0,1
yale_vs_pennsylvania_20230121,2023-01-21,yale,Pennsylvania,2023,7.0,6.6307635,0.36923646926879883,-7.0,0.0,-0.36923646926879883,0,0,1
yale_vs_princeton_20230128,2023-01-28,yale,Princeton,2023,22.0,1.7236975,20.276302456855774,-3.0,19.0,-1.276302456855774,0,1,0
yale_vs_columbia_20230211,2023-02-11,yale,Columbia,2023,31.0,18.54806,12.451940536499023,-19.5,11.5,-0.9519405364990234,0,1,0
yale_vs_cornell_20230225,2023-02-25,yale,Cornell,2023,18.0,6.961743,11.038257122039795,-7.0,11.0,-0.03825712203979492,0,1,0
youngstown-state_vs_ut martin_20221109,2022-11-09,youngstown-state,UT Martin,2023,18.0,10.042899,7.957100868225098,-8.5,9.5,1.5428991317749023,1,1,1
youngstown-state_vs_ohio_20221211,2022-12-11,youngstown-state,Ohio,2023,-2.0,3.632421,5.632421016693115,-4.0,-6.0,-0.36757898330688477,0,0,1
youngstown-state_vs_southern_20221216,2022-12-16,youngstown-state,Southern,2023,4.0,8.45066,4.45065975189209,-8.5,-4.5,-0.049340248107910156,0,0,1
youngstown-state_vs_cleveland state_20221229,2022-12-29,youngstown-state,Cleveland State,2023,14.0,5.2155356,8.784464359283447,-6.0,8.0,-0.7844643592834473,0,1,0
youngstown-state_vs_robert morris_20230105,2023-01-05,youngstown-state,Robert Morris,2023,22.0,6.366418,15.63358211517334,-7.5,14.5,-1.1335821151733398,0,1,0
youngstown-state_vs_iupui_20230107,2023-01-07,youngstown-state,IUPUI,2023,31.0,20.812113,10.187887191772461,-22.0,9.0,-1.187887191772461,0,1,0
youngstown-state_vs_oakland_20230127,2023-01-27,youngstown-state,Oakland,2023,4.0,8.536101,4.536101341247559,-8.5,-4.5,0.036101341247558594,1,0,0
youngstown-state_vs_detroit mercy_20230129,2023-01-29,youngstown-state,Detroit Mercy,2023,10.0,9.3283415,0.6716585159301758,-8.5,1.5,0.8283414840698242,1,1,1
youngstown-state_vs_wright state_20230202,2023-02-02,youngstown-state,Wright State,2023,2.0,5.6402597,3.6402597427368164,-5.5,-3.5,0.1402597427368164,1,0,0
youngstown-state_vs_northern kentucky_20230204,2023-02-04,youngstown-state,Northern Kentucky,2023,18.0,2.4092786,15.590721368789673,-3.0,15.0,-0.5907213687896729,0,1,0
youngstown-state_vs_milwaukee_20230216,2023-02-16,youngstown-state,Milwaukee,2023,29.0,8.358864,20.641136169433594,-9.5,19.5,-1.1411361694335938,0,1,0
youngstown-state_vs_green bay_20230218,2023-02-18,youngstown-state,Green Bay,2023,30.0,21.09599,8.904010772705078,-21.5,8.5,-0.4040107727050781,0,1,0
youngstown-state_vs_detroit mercy_20230302,2023-03-02,youngstown-state,Detroit Mercy,2023,5.0,9.876568,4.876567840576172,-8.5,-3.5,1.3765678405761719,1,0,0
youngstown-state_vs_oklahoma state_20230315,2023-03-15,youngstown-state,Oklahoma State,2023,-5.0,-4.492161,0.5078392028808594,5.0,0.0,0.5078392028808594,1,0,0
