game_id,date,team_A,team_B,season,true_total,pred_total,err_total,bet_total,total_edge,model_pick_over,actual_over,ou_correct
abilene-christian_vs_texas state_20241116,2024-11-16,abilene-christian,Texas State,2025,132.0,151.12215,19.122146606445312,138.5,12.622146606445312,1,0,0
abilene-christian_vs_southern mississippi_20241125,2024-11-25,abilene-christian,Southern Mississippi,2025,156.0,159.68408,3.68408203125,149.0,10.68408203125,1,1,1
abilene-christian_vs_texas southern_20241221,2024-12-21,abilene-christian,Texas Southern,2025,134.0,149.49493,15.49493408203125,144.5,4.99493408203125,1,0,0
abilene-christian_vs_stephen f. austin_20241231,2024-12-31,abilene-christian,Stephen F. Austin,2025,119.0,136.09227,17.092269897460938,134.0,2.0922698974609375,1,0,0
abilene-christian_vs_california baptist_20250118,2025-01-18,abilene-christian,California Baptist,2025,114.0,147.12088,33.120880126953125,140.0,7.120880126953125,1,0,0
abilene-christian_vs_tarleton state_20250123,2025-01-23,abilene-christian,Tarleton State,2025,123.0,131.54318,8.543182373046875,129.0,2.543182373046875,1,0,0
abilene-christian_vs_ut arlington_20250125,2025-01-25,abilene-christian,UT Arlington,2025,155.0,144.50533,10.494674682617188,144.0,0.5053253173828125,1,1,1
abilene-christian_vs_seattle_20250213,2025-02-13,abilene-christian,Seattle,2025,134.0,139.8757,5.875701904296875,137.5,2.375701904296875,1,0,0
abilene-christian_vs_southern utah_20250220,2025-02-20,abilene-christian,Southern Utah,2025,134.0,143.1476,9.147598266601562,142.5,0.6475982666015625,1,0,0
abilene-christian_vs_utah tech_20250222,2025-02-22,abilene-christian,Utah Tech,2025,152.0,144.91333,7.086669921875,145.5,-0.586669921875,0,1,0
abilene-christian_vs_utah valley_20250306,2025-03-06,abilene-christian,Utah Valley,2025,133.0,140.4878,7.48779296875,140.5,-0.01220703125,0,0,1
abilene-christian_vs_grand canyon_20250308,2025-03-08,abilene-christian,Grand Canyon,2025,163.0,143.24881,19.751190185546875,147.0,-3.751190185546875,0,1,0
abilene-christian_vs_seattle_20250313,2025-03-13,abilene-christian,Seattle,2025,132.0,137.40572,5.4057159423828125,132.5,4.9057159423828125,1,0,0
air-force_vs_belmont_20241115,2024-11-15,air-force,Belmont,2025,150.0,134.19305,15.80694580078125,140.5,-6.30694580078125,0,1,0
air-force_vs_mercyhurst_20241124,2024-11-24,air-force,Mercyhurst,2025,130.0,130.06366,0.06365966796875,126.5,3.56365966796875,1,1,1
air-force_vs_sacramento state_20241127,2024-11-27,air-force,Sacramento State,2025,124.0,136.06581,12.065811157226562,129.0,7.0658111572265625,1,0,0
air-force_vs_stony brook_20241207,2024-12-07,air-force,Stony Brook,2025,130.0,132.49811,2.49810791015625,130.5,1.99810791015625,1,0,0
air-force_vs_unlv_20241231,2024-12-31,air-force,UNLV,2025,135.0,130.1931,4.8069000244140625,132.5,-2.3069000244140625,0,1,0
air-force_vs_wyoming_20250104,2025-01-04,air-force,Wyoming,2025,135.0,131.89308,3.1069183349609375,129.0,2.8930816650390625,1,1,1
air-force_vs_san jose state_20250111,2025-01-11,air-force,San Jose State,2025,131.0,136.99442,5.994415283203125,135.5,1.494415283203125,1,0,0
air-force_vs_san diego state_20250122,2025-01-22,air-force,San Diego State,2025,153.0,129.36494,23.635055541992188,130.0,-0.6350555419921875,0,1,0
air-force_vs_utah state_20250125,2025-01-25,air-force,Utah State,2025,145.0,136.1244,8.875595092773438,140.5,-4.3755950927734375,0,1,0
air-force_vs_nevada_20250204,2025-02-04,air-force,Nevada,2025,134.0,130.58435,3.4156494140625,130.5,0.0843505859375,1,1,1
air-force_vs_new mexico_20250208,2025-02-08,air-force,New Mexico,2025,141.0,144.5733,3.57330322265625,145.0,-0.42669677734375,0,0,1
air-force_vs_fresno state_20250222,2025-02-22,air-force,Fresno State,2025,141.0,144.51869,3.5186920166015625,142.0,2.5186920166015625,1,0,0
air-force_vs_colorado state_20250225,2025-02-25,air-force,Colorado State,2025,132.0,135.48836,3.4883575439453125,137.5,-2.0116424560546875,0,0,1
air-force_vs_boise state_20250304,2025-03-04,air-force,Boise State,2025,137.0,133.16336,3.836639404296875,138.5,-5.336639404296875,0,0,1
air-force_vs_unlv_20250312,2025-03-12,air-force,UNLV,2025,127.0,129.0913,2.0912933349609375,130.0,-0.9087066650390625,0,0,1
akron_vs_lamar_20241122,2024-11-22,akron,Lamar,2025,151.0,154.77423,3.77423095703125,148.5,6.27423095703125,1,1,1
akron_vs_omaha_20241123,2024-11-23,akron,Omaha,2025,176.0,150.58691,25.4130859375,148.0,2.5869140625,1,1,1
akron_vs_alabama state_20241124,2024-11-24,akron,Alabama State,2025,175.0,150.28073,24.719268798828125,149.5,0.780731201171875,1,1,1
akron_vs_northern kentucky_20241203,2024-12-03,akron,Northern Kentucky,2025,159.0,147.90059,11.099411010742188,145.5,2.4005889892578125,1,1,1
akron_vs_milwaukee_20241215,2024-12-15,akron,Milwaukee,2025,181.0,155.68848,25.3115234375,155.5,0.1884765625,1,1,1
akron_vs_yale_20241220,2024-12-20,akron,Yale,2025,132.0,156.4375,24.4375,154.0,2.4375,1,0,0
akron_vs_jackson state_20241221,2024-12-21,akron,Jackson State,2025,118.0,153.79356,35.79356384277344,150.5,3.2935638427734375,1,0,0
akron_vs_central michigan_20250107,2025-01-07,akron,Central Michigan,2025,158.0,150.38548,7.6145172119140625,145.5,4.8854827880859375,1,1,1
akron_vs_toledo_20250114,2025-01-14,akron,Toledo,2025,163.0,156.46036,6.539642333984375,161.5,-5.039642333984375,0,1,0
akron_vs_ohio_20250117,2025-01-17,akron,Ohio,2025,172.0,158.72693,13.2730712890625,163.0,-4.2730712890625,0,1,0
akron_vs_miami (oh)_20250125,2025-01-25,akron,Miami (OH),2025,177.0,154.82819,22.17181396484375,156.5,-1.67181396484375,0,1,0
akron_vs_ball state_20250204,2025-02-04,akron,Ball State,2025,154.0,154.83218,0.832183837890625,155.5,-0.667816162109375,0,0,1
akron_vs_south alabama_20250208,2025-02-08,akron,South Alabama,2025,147.0,143.19511,3.8048858642578125,147.0,-3.8048858642578125,0,0,1
akron_vs_northern illinois_20250218,2025-02-18,akron,Northern Illinois,2025,136.0,155.96133,19.961334228515625,160.0,-4.038665771484375,0,0,1
akron_vs_kent state_20250228,2025-02-28,akron,Kent State,2025,149.0,153.22607,4.22607421875,156.5,-3.27392578125,0,0,1
akron_vs_buffalo_20250307,2025-03-07,akron,Buffalo,2025,158.0,159.21013,1.2101287841796875,159.5,-0.2898712158203125,0,0,1
akron_vs_bowling green_20250313,2025-03-13,akron,Bowling Green,2025,163.0,152.56204,10.437957763671875,148.5,4.062042236328125,1,1,1
akron_vs_toledo_20250314,2025-03-14,akron,Toledo,2025,190.0,156.09537,33.904632568359375,163.5,-7.404632568359375,0,1,0
akron_vs_miami (oh)_20250315,2025-03-15,akron,Miami (OH),2025,150.0,156.01599,6.0159912109375,159.5,-3.4840087890625,0,0,1
akron_vs_arizona_20250321,2025-03-21,akron,Arizona,2025,158.0,155.58725,2.412750244140625,164.5,-8.912750244140625,0,0,1
alabama_vs_illinois_20241120,2024-11-20,alabama,Illinois,2025,187.0,149.11441,37.885589599609375,168.5,-19.385589599609375,0,1,0
alabama_vs_houston_20241126,2024-11-26,alabama,Houston,2025,165.0,146.62631,18.373687744140625,150.0,-3.373687744140625,0,1,0
alabama_vs_rutgers_20241127,2024-11-27,alabama,Rutgers,2025,185.0,153.30777,31.692230224609375,162.5,-9.192230224609375,0,1,0
alabama_vs_oregon_20241130,2024-11-30,alabama,Oregon,2025,164.0,152.72922,11.270782470703125,165.5,-12.770782470703125,0,0,1
alabama_vs_creighton_20241214,2024-12-14,alabama,Creighton,2025,158.0,154.50235,3.497650146484375,164.5,-9.997650146484375,0,0,1
alabama_vs_kent state_20241222,2024-12-22,alabama,Kent State,2025,135.0,148.02043,13.020431518554688,153.0,-4.9795684814453125,0,0,1
alabama_vs_south dakota state_20241229,2024-12-29,alabama,South Dakota State,2025,187.0,153.55862,33.441375732421875,166.5,-12.941375732421875,0,1,0
alabama_vs_oklahoma_20250104,2025-01-04,alabama,Oklahoma,2025,186.0,152.9698,33.03019714355469,167.0,-14.030197143554688,0,1,0
alabama_vs_vanderbilt_20250121,2025-01-21,alabama,Vanderbilt,2025,190.0,155.5296,34.47039794921875,168.5,-12.97039794921875,0,1,0
alabama_vs_louisiana state_20250125,2025-01-25,alabama,Louisiana State,2025,153.0,156.00102,3.0010223388671875,167.0,-10.998977661132812,0,0,1
alabama_vs_georgia_20250201,2025-02-01,alabama,Georgia,2025,159.0,152.30214,6.6978607177734375,162.0,-9.697860717773438,0,0,1
alabama_vs_auburn_20250215,2025-02-15,alabama,Auburn,2025,179.0,153.21553,25.784469604492188,174.5,-21.284469604492188,0,1,0
alabama_vs_kentucky_20250222,2025-02-22,alabama,Kentucky,2025,179.0,158.84383,20.156173706054688,181.0,-22.156173706054688,0,0,1
alabama_vs_mississippi state_20250225,2025-02-25,alabama,Mississippi State,2025,184.0,156.52014,27.4798583984375,174.5,-17.9798583984375,0,1,0
alabama_vs_florida_20250305,2025-03-05,alabama,Florida,2025,193.0,156.7029,36.29710388183594,178.5,-21.797103881835938,0,1,0
alabama_vs_kentucky_20250314,2025-03-14,alabama,Kentucky,2025,169.0,157.12984,11.870162963867188,178.5,-21.370162963867188,0,0,1
alabama_vs_florida_20250315,2025-03-15,alabama,Florida,2025,186.0,156.01735,29.982650756835938,180.0,-23.982650756835938,0,1,0
alabama_vs_robert morris_20250321,2025-03-21,alabama,Robert Morris,2025,171.0,153.28505,17.714950561523438,168.5,-15.214950561523438,0,1,0
alabama_vs_brigham young_20250327,2025-03-27,alabama,Brigham Young,2025,201.0,152.08212,48.917877197265625,175.0,-22.917877197265625,0,1,0
alabama_vs_duke_20250329,2025-03-29,alabama,Duke,2025,150.0,150.4944,0.4944000244140625,174.5,-24.005599975585938,0,0,1
alabama-am_vs_south carolina state_20241122,2024-11-22,alabama-am,South Carolina State,2025,152.0,154.91133,2.9113311767578125,148.0,6.9113311767578125,1,1,1
alabama-am_vs_coastal carolina_20241123,2024-11-23,alabama-am,Coastal Carolina,2025,147.0,140.99008,6.009918212890625,134.0,6.990081787109375,1,1,1
alabama-am_vs_iu indy_20241125,2024-11-25,alabama-am,IU Indy,2025,171.0,153.85013,17.149871826171875,142.5,11.350128173828125,1,1,1
alabama-am_vs_lipscomb_20241130,2024-11-30,alabama-am,Lipscomb,2025,126.0,156.12604,30.12603759765625,151.5,4.62603759765625,1,0,0
alabama-am_vs_samford_20241221,2024-12-21,alabama-am,Samford,2025,187.0,164.90869,22.09130859375,162.5,2.40869140625,1,1,1
alabama-am_vs_arkansasâpine bluff_20250104,2025-01-04,alabama-am,ArkansasâPine Bluff,2025,168.0,156.79398,11.206024169921875,163.5,-6.706024169921875,0,1,0
alabama-am_vs_mississippi valley state_20250106,2025-01-06,alabama-am,Mississippi Valley State,2025,146.0,138.3902,7.60980224609375,138.5,-0.10980224609375,0,1,0
alabama-am_vs_alabama state_20250118,2025-01-18,alabama-am,Alabama State,2025,134.0,157.25479,23.254791259765625,150.0,7.254791259765625,1,0,0
alabama-am_vs_texas southern_20250125,2025-01-25,alabama-am,Texas Southern,2025,160.0,155.0696,4.9304046630859375,149.0,6.0695953369140625,1,1,1
alabama-am_vs_southern_20250208,2025-02-08,alabama-am,Southern,2025,149.0,153.44098,4.44097900390625,147.0,6.44097900390625,1,1,1
alabama-am_vs_bethune-cookman_20250222,2025-02-22,alabama-am,Bethune-Cookman,2025,132.0,152.09583,20.0958251953125,150.5,1.5958251953125,1,0,0
alabama-am_vs_florida a&m_20250224,2025-02-24,alabama-am,Florida A&M,2025,143.0,153.549,10.548995971679688,147.5,6.0489959716796875,1,0,0
alabama-birmingham_vs_longwood_20241122,2024-11-22,alabama-birmingham,Longwood,2025,170.0,148.7788,21.221206665039062,147.5,1.2787933349609375,1,1,1
alabama-birmingham_vs_illinois state_20241123,2024-11-23,alabama-birmingham,Illinois State,2025,167.0,146.81107,20.188934326171875,145.5,1.311065673828125,1,1,1
alabama-birmingham_vs_louisiana_20241125,2024-11-25,alabama-birmingham,Louisiana,2025,184.0,151.7571,32.24290466308594,157.0,-5.2429046630859375,0,1,0
alabama-birmingham_vs_middle tennessee_20241201,2024-12-01,alabama-birmingham,Middle Tennessee,2025,145.0,160.2358,15.235794067382812,155.5,4.7357940673828125,1,0,0
alabama-birmingham_vs_arkansas state_20241215,2024-12-15,alabama-birmingham,Arkansas State,2025,187.0,161.72838,25.271621704101562,159.5,2.2283782958984375,1,1,1
alabama-birmingham_vs_alabama a&m_20241218,2024-12-18,alabama-birmingham,Alabama A&M,2025,163.0,166.49663,3.4966278076171875,159.0,7.4966278076171875,1,1,1
alabama-birmingham_vs_alcorn state_20241222,2024-12-22,alabama-birmingham,Alcorn State,2025,165.0,154.19016,10.809844970703125,153.5,0.690155029296875,1,1,1
alabama-birmingham_vs_tulsa_20250104,2025-01-04,alabama-birmingham,Tulsa,2025,134.0,160.56543,26.5654296875,157.5,3.0654296875,1,0,0
alabama-birmingham_vs_tulane_20250107,2025-01-07,alabama-birmingham,Tulane,2025,150.0,153.73979,3.7397918701171875,157.0,-3.2602081298828125,0,0,1
alabama-birmingham_vs_utsa_20250121,2025-01-21,alabama-birmingham,UTSA,2025,159.0,159.53432,0.5343170166015625,161.5,-1.9656829833984375,0,0,1
alabama-birmingham_vs_charlotte_20250201,2025-02-01,alabama-birmingham,Charlotte,2025,174.0,153.46042,20.539581298828125,150.0,3.460418701171875,1,1,1
alabama-birmingham_vs_north texas_20250203,2025-02-03,alabama-birmingham,North Texas,2025,125.0,140.41348,15.413482666015625,135.5,4.913482666015625,1,0,0
alabama-birmingham_vs_south florida_20250216,2025-02-16,alabama-birmingham,South Florida,2025,163.0,157.99725,5.00274658203125,157.5,0.49725341796875,1,1,1
alabama-birmingham_vs_temple_20250223,2025-02-23,alabama-birmingham,Temple,2025,144.0,159.31288,15.312881469726562,159.0,0.3128814697265625,1,0,0
alabama-birmingham_vs_memphis_20250302,2025-03-02,alabama-birmingham,Memphis,2025,169.0,157.57086,11.42913818359375,161.5,-3.92913818359375,0,1,0
alabama-birmingham_vs_florida atlantic_20250306,2025-03-06,alabama-birmingham,Florida Atlantic,2025,169.0,159.52434,9.475662231445312,160.5,-0.9756622314453125,0,1,0
alabama-birmingham_vs_east carolina_20250314,2025-03-14,alabama-birmingham,East Carolina,2025,171.0,155.24335,15.75665283203125,150.5,4.74334716796875,1,1,1
alabama-birmingham_vs_north texas_20250315,2025-03-15,alabama-birmingham,North Texas,2025,122.0,142.46971,20.469711303710938,135.0,7.4697113037109375,1,0,0
alabama-birmingham_vs_memphis_20250316,2025-03-16,alabama-birmingham,Memphis,2025,156.0,156.77132,0.7713165283203125,158.5,-1.7286834716796875,0,0,1
alabama-state_vs_omaha_20241122,2024-11-22,alabama-state,Omaha,2025,152.0,147.00812,4.99188232421875,143.5,3.50811767578125,1,1,1
alabama-state_vs_lamar_20241123,2024-11-23,alabama-state,Lamar,2025,152.0,153.42722,1.427215576171875,148.0,5.427215576171875,1,1,1
alabama-state_vs_ut martin_20241211,2024-12-11,alabama-state,UT Martin,2025,196.0,151.01009,44.98991394042969,145.5,5.5100860595703125,1,1,1
alabama-state_vs_norfolk state_20241219,2024-12-19,alabama-state,Norfolk State,2025,125.0,152.2004,27.200393676757812,146.5,5.7003936767578125,1,0,0
alabama-state_vs_delaware state_20241220,2024-12-20,alabama-state,Delaware State,2025,163.0,155.22862,7.7713775634765625,148.5,6.7286224365234375,1,1,1
alabama-state_vs_mississippi valley state_20250104,2025-01-04,alabama-state,Mississippi Valley State,2025,139.0,138.33844,0.66156005859375,139.5,-1.16156005859375,0,0,1
alabama-state_vs_arkansasâpine bluff_20250106,2025-01-06,alabama-state,ArkansasâPine Bluff,2025,184.0,157.9148,26.085205078125,161.5,-3.585205078125,0,1,0
alabama-state_vs_texas southern_20250127,2025-01-27,alabama-state,Texas Southern,2025,149.0,153.52731,4.527313232421875,146.5,7.027313232421875,1,1,1
alabama-state_vs_southern_20250210,2025-02-10,alabama-state,Southern,2025,163.0,149.5827,13.41729736328125,143.0,6.58270263671875,1,1,1
alabama-state_vs_florida a&m_20250222,2025-02-22,alabama-state,Florida A&M,2025,119.0,151.18677,32.186767578125,145.5,5.686767578125,1,0,0
alabama-state_vs_bethune-cookman_20250224,2025-02-24,alabama-state,Bethune-Cookman,2025,138.0,147.83983,9.839828491210938,145.5,2.3398284912109375,1,0,0
alabama-state_vs_alabama a&m_20250301,2025-03-01,alabama-state,Alabama A&M,2025,146.0,156.63965,10.6396484375,148.5,8.1396484375,1,0,0
alabama-state_vs_texas southern_20250313,2025-03-13,alabama-state,Texas Southern,2025,163.0,146.69572,16.304275512695312,137.5,9.195724487304688,1,1,1
alabama-state_vs_jackson state_20250315,2025-03-15,alabama-state,Jackson State,2025,116.0,148.30075,32.300750732421875,140.5,7.800750732421875,1,0,0
alabama-state_vs_saint francis (pa)_20250318,2025-03-18,alabama-state,Saint Francis (PA),2025,138.0,143.85149,5.8514862060546875,136.5,7.3514862060546875,1,1,1
alabama-state_vs_auburn_20250320,2025-03-20,alabama-state,Auburn,2025,146.0,144.9322,1.0677947998046875,148.5,-3.5677947998046875,0,0,1
albany-ny_vs_siena_20241116,2024-11-16,albany-ny,Siena,2025,130.0,147.25427,17.2542724609375,147.0,0.2542724609375,1,0,0
albany-ny_vs_kansas city_20241123,2024-11-23,albany-ny,Kansas City,2025,132.0,147.53728,15.537277221679688,142.5,5.0372772216796875,1,0,0
albany-ny_vs_american_20241124,2024-11-24,albany-ny,American,2025,158.0,133.77333,24.226669311523438,135.0,-1.2266693115234375,0,1,0
albany-ny_vs_columbia_20241204,2024-12-04,albany-ny,Columbia,2025,161.0,149.12721,11.872787475585938,155.0,-5.8727874755859375,0,1,0
albany-ny_vs_drexel_20241214,2024-12-14,albany-ny,Drexel,2025,147.0,145.00911,1.9908905029296875,144.5,0.5091094970703125,1,1,1
albany-ny_vs_stony brook_20241229,2024-12-29,albany-ny,Stony Brook,2025,147.0,145.69455,1.305450439453125,149.5,-3.805450439453125,0,0,1
albany-ny_vs_umass lowell_20250104,2025-01-04,albany-ny,UMass Lowell,2025,142.0,156.23927,14.239273071289062,160.5,-4.2607269287109375,0,0,1
albany-ny_vs_bryant_20250116,2025-01-16,albany-ny,Bryant,2025,168.0,157.58391,10.416091918945312,160.5,-2.9160919189453125,0,1,0
albany-ny_vs_umbc_20250123,2025-01-23,albany-ny,UMBC,2025,179.0,156.36694,22.633056640625,161.5,-5.133056640625,0,1,0
albany-ny_vs_njit_20250125,2025-01-25,albany-ny,NJIT,2025,130.0,137.23427,7.2342681884765625,139.0,-1.7657318115234375,0,0,1
albany-ny_vs_binghamton_20250201,2025-02-01,albany-ny,Binghamton,2025,126.0,146.00653,20.00653076171875,143.5,2.50653076171875,1,0,0
albany-ny_vs_vermont_20250208,2025-02-08,albany-ny,Vermont,2025,130.0,133.31671,3.31671142578125,132.0,1.31671142578125,1,0,0
albany-ny_vs_maine_20250220,2025-02-20,albany-ny,Maine,2025,147.0,142.13715,4.86285400390625,138.5,3.63714599609375,1,1,1
albany-ny_vs_new hampshire_20250222,2025-02-22,albany-ny,New Hampshire,2025,131.0,146.65549,15.655487060546875,145.5,1.155487060546875,1,0,0
albany-ny_vs_binghamton_20250308,2025-03-08,albany-ny,Binghamton,2025,135.0,145.39848,10.398483276367188,141.0,4.3984832763671875,1,0,0
alcorn-state_vs_utah state_20241106,2024-11-06,alcorn-state,Utah State,2025,147.0,137.49283,9.507171630859375,153.5,-16.007171630859375,0,0,1
alcorn-state_vs_jackson state_20250104,2025-01-04,alcorn-state,Jackson State,2025,141.0,136.97119,4.02880859375,139.5,-2.52880859375,0,1,0
alcorn-state_vs_alabama a&m_20250111,2025-01-11,alcorn-state,Alabama A&M,2025,114.0,141.95387,27.953872680664062,148.5,-6.5461273193359375,0,0,1
alcorn-state_vs_alabama state_20250113,2025-01-13,alcorn-state,Alabama State,2025,132.0,146.75717,14.757171630859375,143.0,3.757171630859375,1,0,0
alcorn-state_vs_florida a&m_20250125,2025-01-25,alcorn-state,Florida A&M,2025,129.0,138.01831,9.018310546875,138.5,-0.481689453125,0,0,1
alcorn-state_vs_bethune-cookman_20250127,2025-01-27,alcorn-state,Bethune-Cookman,2025,131.0,134.77968,3.7796783447265625,134.0,0.7796783447265625,1,0,0
alcorn-state_vs_arkansasâpine bluff_20250208,2025-02-08,alcorn-state,ArkansasâPine Bluff,2025,139.0,143.83044,4.8304443359375,148.0,-4.1695556640625,0,0,1
alcorn-state_vs_mississippi valley state_20250210,2025-02-10,alcorn-state,Mississippi Valley State,2025,125.0,125.55063,0.550628662109375,128.0,-2.449371337890625,0,0,1
alcorn-state_vs_texas southern_20250303,2025-03-03,alcorn-state,Texas Southern,2025,134.0,138.2483,4.2483062744140625,134.0,4.2483062744140625,1,0,0
alcorn-state_vs_bethune-cookman_20250313,2025-03-13,alcorn-state,Bethune-Cookman,2025,129.0,136.32465,7.32464599609375,134.5,1.82464599609375,1,0,0
american_vs_kansas city_20241122,2024-11-22,american,Kansas City,2025,124.0,136.89104,12.891036987304688,132.5,4.3910369873046875,1,0,0
american_vs_george washington_20241204,2024-12-04,american,George Washington,2025,152.0,139.8532,12.146804809570312,143.0,-3.1468048095703125,0,1,0
american_vs_umbc_20241229,2024-12-29,american,UMBC,2025,189.0,147.65121,41.348785400390625,149.0,-1.348785400390625,0,1,0
american_vs_holy cross_20250105,2025-01-05,american,Holy Cross,2025,139.0,135.0709,3.9290924072265625,137.5,-2.4290924072265625,0,1,0
american_vs_bucknell_20250111,2025-01-11,american,Bucknell,2025,126.0,135.3457,9.345703125,130.0,5.345703125,1,0,0
american_vs_lehigh_20250122,2025-01-22,american,Lehigh,2025,135.0,134.9884,0.0115966796875,135.5,-0.5115966796875,0,0,1
american_vs_colgate_20250125,2025-01-25,american,Colgate,2025,158.0,135.29352,22.70648193359375,134.0,1.29351806640625,1,1,1
american_vs_army_20250201,2025-02-01,american,Army,2025,139.0,141.83545,2.83544921875,137.5,4.33544921875,1,1,1
american_vs_lafayette_20250210,2025-02-10,american,Lafayette,2025,118.0,132.67053,14.6705322265625,133.0,-0.3294677734375,0,0,1
american_vs_loyola (md)_20250215,2025-02-15,american,Loyola (MD),2025,123.0,133.8373,10.837295532226562,134.5,-0.6627044677734375,0,0,1
american_vs_boston university_20250222,2025-02-22,american,Boston University,2025,92.0,133.37392,41.37391662597656,127.5,5.8739166259765625,1,0,0
american_vs_navy_20250226,2025-02-26,american,Navy,2025,128.0,134.17685,6.176849365234375,132.5,1.676849365234375,1,0,0
american_vs_lafayette_20250306,2025-03-06,american,Lafayette,2025,140.0,133.41617,6.583831787109375,129.5,3.916168212890625,1,1,1
american_vs_colgate_20250309,2025-03-09,american,Colgate,2025,134.0,136.35876,2.3587646484375,135.0,1.3587646484375,1,0,0
american_vs_navy_20250312,2025-03-12,american,Navy,2025,126.0,133.96603,7.966033935546875,131.5,2.466033935546875,1,0,0
american_vs_mount st. mary's_20250319,2025-03-19,american,Mount St. Mary's,2025,155.0,133.52112,21.4788818359375,127.5,6.0211181640625,1,1,1
appalachian-state_vs_queens (nc)_20241119,2024-11-19,appalachian-state,Queens (NC),2025,118.0,152.40088,34.40087890625,149.5,2.90087890625,1,0,0
appalachian-state_vs_william & mary_20241124,2024-11-24,appalachian-state,William & Mary,2025,155.0,150.8839,4.1161041259765625,151.0,-0.1161041259765625,0,1,0
appalachian-state_vs_sam houston state_20241127,2024-11-27,appalachian-state,Sam Houston State,2025,129.0,147.03978,18.039779663085938,142.5,4.5397796630859375,1,0,0
appalachian-state_vs_colgate_20241129,2024-11-29,appalachian-state,Colgate,2025,122.0,137.37372,15.37371826171875,134.5,2.87371826171875,1,0,0
appalachian-state_vs_high point_20241214,2024-12-14,appalachian-state,High Point,2025,124.0,138.33292,14.332916259765625,136.5,1.832916259765625,1,0,0
appalachian-state_vs_troy_20250102,2025-01-02,appalachian-state,Troy,2025,130.0,134.89896,4.898956298828125,132.0,2.898956298828125,1,0,0
appalachian-state_vs_texas state_20250104,2025-01-04,appalachian-state,Texas State,2025,133.0,135.55568,2.5556793212890625,133.0,2.5556793212890625,1,0,0
appalachian-state_vs_coastal carolina_20250108,2025-01-08,appalachian-state,Coastal Carolina,2025,125.0,130.00859,5.0085906982421875,126.5,3.5085906982421875,1,0,0
appalachian-state_vs_james madison_20250111,2025-01-11,appalachian-state,James Madison,2025,152.0,134.96362,17.036376953125,133.5,1.463623046875,1,1,1
appalachian-state_vs_old dominion_20250129,2025-01-29,appalachian-state,Old Dominion,2025,155.0,130.49965,24.500350952148438,128.0,2.4996490478515625,1,1,1
appalachian-state_vs_georgia state_20250201,2025-02-01,appalachian-state,Georgia State,2025,156.0,137.4166,18.583404541015625,141.0,-3.583404541015625,0,1,0
appalachian-state_vs_southern mississippi_20250205,2025-02-05,appalachian-state,Southern Mississippi,2025,118.0,139.3148,21.314804077148438,136.0,3.3148040771484375,1,0,0
appalachian-state_vs_georgia southern_20250220,2025-02-20,appalachian-state,Georgia Southern,2025,153.0,141.66371,11.336288452148438,139.0,2.6637115478515625,1,1,1
appalachian-state_vs_marshall_20250222,2025-02-22,appalachian-state,Marshall,2025,128.0,138.75151,10.751510620117188,137.5,1.2515106201171875,1,0,0
appalachian-state_vs_old dominion_20250307,2025-03-07,appalachian-state,Old Dominion,2025,117.0,134.11362,17.113616943359375,128.0,6.113616943359375,1,0,0
arizona_vs_duke_20241122,2024-11-22,arizona,Duke,2025,124.0,151.37318,27.373184204101562,162.0,-10.626815795898438,0,0,1
arizona_vs_davidson_20241127,2024-11-27,arizona,Davidson,2025,175.0,152.99919,22.000808715820312,152.5,0.4991912841796875,1,1,1
arizona_vs_oklahoma_20241128,2024-11-28,arizona,Oklahoma,2025,159.0,150.13145,8.868545532226562,154.5,-4.3685455322265625,0,1,0
arizona_vs_west virginia_20241129,2024-11-29,arizona,West Virginia,2025,159.0,153.0799,5.92010498046875,151.5,1.57989501953125,1,1,1
arizona_vs_southern utah_20241207,2024-12-07,arizona,Southern Utah,2025,168.0,152.98596,15.0140380859375,158.5,-5.5140380859375,0,1,0
arizona_vs_ucla_20241214,2024-12-14,arizona,UCLA,2025,111.0,148.79877,37.79876708984375,145.0,3.79876708984375,1,0,0
arizona_vs_samford_20241218,2024-12-18,arizona,Samford,2025,160.0,160.9172,0.917205810546875,168.5,-7.582794189453125,0,0,1
arizona_vs_central michigan_20241221,2024-12-21,arizona,Central Michigan,2025,135.0,152.98941,17.989410400390625,151.5,1.489410400390625,1,0,0
arizona_vs_tcu_20241230,2024-12-30,arizona,TCU,2025,171.0,145.62682,25.373184204101562,146.0,-0.3731842041015625,0,1,0
arizona_vs_ucf_20250111,2025-01-11,arizona,UCF,2025,168.0,154.8159,13.184097290039062,155.5,-0.6840972900390625,0,1,0
arizona_vs_baylor_20250114,2025-01-14,arizona,Baylor,2025,151.0,150.71342,0.2865753173828125,148.5,2.2134246826171875,1,1,1
arizona_vs_colorado_20250125,2025-01-25,arizona,Colorado,2025,141.0,150.53108,9.531082153320312,149.5,1.0310821533203125,1,0,0
arizona_vs_iowa state_20250127,2025-01-27,arizona,Iowa State,2025,161.0,151.56993,9.430068969726562,153.0,-1.4300689697265625,0,1,0
arizona_vs_texas tech_20250208,2025-02-08,arizona,Texas Tech,2025,155.0,147.91101,7.0889892578125,150.0,-2.0889892578125,0,1,0
arizona_vs_houston_20250215,2025-02-15,arizona,Houston,2025,120.0,138.54298,18.542984008789062,137.5,1.0429840087890625,1,0,0
arizona_vs_brigham young_20250222,2025-02-22,arizona,Brigham Young,2025,191.0,148.36792,42.632080078125,153.5,-5.132080078125,0,1,0
arizona_vs_utah_20250226,2025-02-26,arizona,Utah,2025,149.0,149.57208,0.57208251953125,155.0,-5.42791748046875,0,0,1
arizona_vs_arizona state_20250304,2025-03-04,arizona,Arizona State,2025,213.0,152.9458,60.05419921875,155.0,-2.05419921875,0,1,0
arizona_vs_kansas_20250313,2025-03-13,arizona,Kansas,2025,165.0,154.51521,10.484786987304688,153.0,1.5152130126953125,1,1,1
arizona_vs_texas tech_20250314,2025-03-14,arizona,Texas Tech,2025,166.0,147.24385,18.756149291992188,153.5,-6.2561492919921875,0,1,0
arizona_vs_houston_20250315,2025-03-15,arizona,Houston,2025,136.0,138.1102,2.110198974609375,138.0,0.110198974609375,1,0,0
arizona_vs_oregon_20250323,2025-03-23,arizona,Oregon,2025,170.0,149.36874,20.631256103515625,150.5,-1.131256103515625,0,1,0
arizona_vs_duke_20250327,2025-03-27,arizona,Duke,2025,193.0,144.38197,48.61802673339844,154.5,-10.118026733398438,0,1,0
arizona-state_vs_grand canyon_20241114,2024-11-14,arizona-state,Grand Canyon,2025,163.0,146.6391,16.36090087890625,148.0,-1.36090087890625,0,1,0
arizona-state_vs_st. thomas_20241117,2024-11-17,arizona-state,St. Thomas,2025,147.0,153.34538,6.3453826904296875,145.5,7.8453826904296875,1,1,1
arizona-state_vs_cal poly_20241120,2024-11-20,arizona-state,Cal Poly,2025,182.0,154.6542,27.345794677734375,154.5,0.154205322265625,1,1,1
arizona-state_vs_new mexico_20241128,2024-11-28,arizona-state,New Mexico,2025,167.0,156.70619,10.293807983398438,159.0,-2.2938079833984375,0,1,0
arizona-state_vs_san diego_20241203,2024-12-03,arizona-state,San Diego,2025,143.0,144.30936,1.309356689453125,149.5,-5.190643310546875,0,0,1
arizona-state_vs_florida_20241214,2024-12-14,arizona-state,Florida,2025,149.0,151.95131,2.9513092041015625,156.5,-4.5486907958984375,0,0,1
arizona-state_vs_massachusetts_20241221,2024-12-21,arizona-state,Massachusetts,2025,140.0,155.35126,15.35125732421875,150.5,4.85125732421875,1,0,0
arizona-state_vs_colorado_20250104,2025-01-04,arizona-state,Colorado,2025,142.0,146.12238,4.12237548828125,142.5,3.62237548828125,1,0,0
arizona-state_vs_baylor_20250111,2025-01-11,arizona-state,Baylor,2025,138.0,145.44753,7.4475250244140625,142.0,3.4475250244140625,1,0,0
arizona-state_vs_ucf_20250114,2025-01-14,arizona-state,UCF,2025,184.0,152.85812,31.141876220703125,149.0,3.858123779296875,1,1,1
arizona-state_vs_iowa state_20250125,2025-01-25,arizona-state,Iowa State,2025,137.0,150.0926,13.092605590820312,146.0,4.0926055908203125,1,0,0
arizona-state_vs_arizona_20250201,2025-02-01,arizona-state,Arizona,2025,153.0,149.824,3.175994873046875,147.5,2.324005126953125,1,1,1
arizona-state_vs_kansas state_20250204,2025-02-04,arizona-state,Kansas State,2025,141.0,141.63077,0.630767822265625,140.0,1.630767822265625,1,1,1
arizona-state_vs_tcu_20250215,2025-02-15,arizona-state,TCU,2025,144.0,141.32799,2.6720123291015625,142.0,-0.6720123291015625,0,1,0
arizona-state_vs_houston_20250218,2025-02-18,arizona-state,Houston,2025,145.0,137.63809,7.361907958984375,134.5,3.138092041015625,1,1,1
arizona-state_vs_brigham young_20250226,2025-02-26,arizona-state,Brigham Young,2025,172.0,147.99312,24.006881713867188,148.5,-0.5068817138671875,0,1,0
arizona-state_vs_texas tech_20250308,2025-03-08,arizona-state,Texas Tech,2025,142.0,147.97652,5.9765167236328125,152.5,-4.5234832763671875,0,0,1
arizona-state_vs_kansas state_20250311,2025-03-11,arizona-state,Kansas State,2025,137.0,145.45538,8.45538330078125,144.5,0.95538330078125,1,0,0
arizona-state_vs_nebraska_20250331,2025-03-31,arizona-state,Nebraska,2025,164.0,148.35435,15.645645141601562,,,0,0,1
arkansas_vs_pacific_20241118,2024-11-18,arkansas,Pacific,2025,163.0,141.3791,21.620895385742188,148.5,-7.1208953857421875,0,1,0
arkansas_vs_little rock_20241122,2024-11-22,arkansas,Little Rock,2025,146.0,142.99126,3.0087432861328125,145.0,-2.0087432861328125,0,1,0
arkansas_vs_maryland eastern shore_20241125,2024-11-25,arkansas,Maryland Eastern Shore,2025,144.0,149.11115,5.11114501953125,145.5,3.61114501953125,1,0,0
arkansas_vs_illinois_20241128,2024-11-28,arkansas,Illinois,2025,167.0,154.9856,12.014404296875,155.5,-0.514404296875,0,1,0
arkansas_vs_utsa_20241207,2024-12-07,arkansas,UTSA,2025,135.0,154.55087,19.550872802734375,155.5,-0.949127197265625,0,0,1
arkansas_vs_michigan_20241210,2024-12-10,arkansas,Michigan,2025,176.0,149.61653,26.383468627929688,148.0,1.6165313720703125,1,1,1
arkansas_vs_central arkansas_20241214,2024-12-14,arkansas,Central Arkansas,2025,139.0,151.98216,12.982162475585938,147.5,4.4821624755859375,1,0,0
arkansas_vs_north carolina a&t_20241221,2024-12-21,arkansas,North Carolina A&T,2025,162.0,153.6664,8.333602905273438,159.5,-5.8336029052734375,0,1,0
arkansas_vs_oakland_20241230,2024-12-30,arkansas,Oakland,2025,154.0,143.46193,10.538070678710938,139.5,3.9619293212890625,1,1,1
arkansas_vs_florida_20250111,2025-01-11,arkansas,Florida,2025,134.0,151.33376,17.333755493164062,158.0,-6.6662445068359375,0,0,1
arkansas_vs_georgia_20250122,2025-01-22,arkansas,Georgia,2025,133.0,143.67567,10.675674438476562,140.5,3.1756744384765625,1,0,0
arkansas_vs_oklahoma_20250125,2025-01-25,arkansas,Oklahoma,2025,127.0,147.28377,20.283767700195312,147.5,-0.2162322998046875,0,0,1
arkansas_vs_alabama_20250208,2025-02-08,arkansas,Alabama,2025,166.0,156.9965,9.003494262695312,166.5,-9.503494262695312,0,0,1
arkansas_vs_louisiana state_20250212,2025-02-12,arkansas,Louisiana State,2025,128.0,148.38094,20.380935668945312,147.0,1.3809356689453125,1,0,0
arkansas_vs_missouri_20250222,2025-02-22,arkansas,Missouri,2025,177.0,143.65166,33.34834289550781,150.5,-6.8483428955078125,0,1,0
arkansas_vs_texas_20250226,2025-02-26,arkansas,Texas,2025,167.0,142.28067,24.719329833984375,147.5,-5.219329833984375,0,1,0
arkansas_vs_mississippi state_20250308,2025-03-08,arkansas,Mississippi State,2025,185.0,146.62123,38.37876892089844,147.5,-0.8787689208984375,0,1,0
arkansas_vs_south carolina_20250312,2025-03-12,arkansas,South Carolina,2025,140.0,140.26804,0.268035888671875,138.5,1.768035888671875,1,1,1
arkansas_vs_kansas_20250320,2025-03-20,arkansas,Kansas,2025,151.0,146.4977,4.5023040771484375,147.0,-0.5023040771484375,0,1,0
arkansas_vs_st. john's (ny)_20250322,2025-03-22,arkansas,St. John's (NY),2025,141.0,146.11551,5.115509033203125,147.0,-0.884490966796875,0,0,1
arkansas_vs_texas tech_20250327,2025-03-27,arkansas,Texas Tech,2025,168.0,144.1515,23.848495483398438,148.5,-4.3484954833984375,0,1,0
arkansas-little-rock_vs_maryland eastern shore_20241127,2024-11-27,arkansas-little-rock,Maryland Eastern Shore,2025,137.0,143.4158,6.415802001953125,143.0,0.415802001953125,1,0,0
arkansas-little-rock_vs_central arkansas_20241204,2024-12-04,arkansas-little-rock,Central Arkansas,2025,120.0,147.1862,27.186203002929688,140.0,7.1862030029296875,1,0,0
arkansas-little-rock_vs_illinoisâchicago_20241215,2024-12-15,arkansas-little-rock,IllinoisâChicago,2025,146.0,149.63658,3.6365814208984375,145.5,4.1365814208984375,1,1,1
arkansas-little-rock_vs_siu edwardsville_20241219,2024-12-19,arkansas-little-rock,SIU Edwardsville,2025,116.0,141.6925,25.6925048828125,137.5,4.1925048828125,1,0,0
arkansas-little-rock_vs_morehead state_20250109,2025-01-09,arkansas-little-rock,Morehead State,2025,112.0,136.47258,24.472579956054688,135.0,1.4725799560546875,1,0,0
arkansas-little-rock_vs_southern indiana_20250112,2025-01-12,arkansas-little-rock,Southern Indiana,2025,136.0,139.08516,3.0851593017578125,137.0,2.0851593017578125,1,0,0
arkansas-little-rock_vs_eastern illinois_20250127,2025-01-27,arkansas-little-rock,Eastern Illinois,2025,110.0,135.80153,25.801528930664062,130.5,5.3015289306640625,1,0,0
arkansas-little-rock_vs_tennessee state_20250130,2025-01-30,arkansas-little-rock,Tennessee State,2025,142.0,142.98593,0.985931396484375,142.5,0.485931396484375,1,0,0
arkansas-little-rock_vs_ut martin_20250201,2025-02-01,arkansas-little-rock,UT Martin,2025,132.0,141.4674,9.4674072265625,138.0,3.4674072265625,1,0,0
arkansas-little-rock_vs_southeast missouri state_20250211,2025-02-11,arkansas-little-rock,Southeast Missouri State,2025,102.0,138.74326,36.743255615234375,136.5,2.243255615234375,1,0,0
arkansas-little-rock_vs_lindenwood_20250220,2025-02-20,arkansas-little-rock,Lindenwood,2025,185.0,137.39555,47.60444641113281,136.5,0.8955535888671875,1,1,1
arkansas-little-rock_vs_western illinois_20250222,2025-02-22,arkansas-little-rock,Western Illinois,2025,136.0,133.8629,2.1371002197265625,136.5,-2.6371002197265625,0,0,1
arkansas-little-rock_vs_ut martin_20250306,2025-03-06,arkansas-little-rock,UT Martin,2025,159.0,139.80148,19.198516845703125,131.5,8.301483154296875,1,1,1
arkansas-little-rock_vs_southeast missouri state_20250307,2025-03-07,arkansas-little-rock,Southeast Missouri State,2025,137.0,137.62119,0.621185302734375,137.5,0.121185302734375,1,0,0
arkansas-pine-bluff_vs_central arkansas_20241207,2024-12-07,arkansas-pine-bluff,Central Arkansas,2025,162.0,154.65297,7.3470306396484375,153.5,1.1529693603515625,1,1,1
arkansas-pine-bluff_vs_southern_20250125,2025-01-25,arkansas-pine-bluff,Southern,2025,150.0,152.66869,2.6686859130859375,154.5,-1.8313140869140625,0,0,1
arkansas-pine-bluff_vs_mississippi valley state_20250201,2025-02-01,arkansas-pine-bluff,Mississippi Valley State,2025,155.0,136.0189,18.981094360351562,144.5,-8.481094360351562,0,1,0
arkansas-pine-bluff_vs_texas southern_20250204,2025-02-04,arkansas-pine-bluff,Texas Southern,2025,137.0,153.37663,16.376632690429688,157.5,-4.1233673095703125,0,0,1
arkansas-pine-bluff_vs_alabama state_20250215,2025-02-15,arkansas-pine-bluff,Alabama State,2025,138.0,155.99974,17.999740600585938,157.5,-1.5002593994140625,0,0,1
arkansas-pine-bluff_vs_alabama a&m_20250217,2025-02-17,arkansas-pine-bluff,Alabama A&M,2025,136.0,155.99829,19.998291015625,162.5,-6.501708984375,0,0,1
arkansas-pine-bluff_vs_jackson state_20250306,2025-03-06,arkansas-pine-bluff,Jackson State,2025,145.0,153.2256,8.225601196289062,153.5,-0.2743988037109375,0,0,1
arkansas-pine-bluff_vs_alcorn state_20250308,2025-03-08,arkansas-pine-bluff,Alcorn State,2025,128.0,142.85815,14.858154296875,145.5,-2.641845703125,0,0,1
arkansas-state_vs_stephen f. austin_20241116,2024-11-16,arkansas-state,Stephen F. Austin,2025,108.0,152.37065,44.37065124511719,150.5,1.8706512451171875,1,0,0
arkansas-state_vs_indiana state_20241129,2024-11-29,arkansas-state,Indiana State,2025,167.0,156.64777,10.35223388671875,157.5,-0.85223388671875,0,1,0
arkansas-state_vs_rice_20241130,2024-11-30,arkansas-state,Rice,2025,142.0,144.7933,2.793304443359375,141.5,3.293304443359375,1,1,1
arkansas-state_vs_hofstra_20241201,2024-12-01,arkansas-state,Hofstra,2025,134.0,145.75798,11.757980346679688,140.0,5.7579803466796875,1,0,0
arkansas-state_vs_jackson state_20241205,2024-12-05,arkansas-state,Jackson State,2025,130.0,150.20808,20.208084106445312,148.0,2.2080841064453125,1,0,0
arkansas-state_vs_ut arlington_20241212,2024-12-12,arkansas-state,UT Arlington,2025,162.0,153.3545,8.645492553710938,156.5,-3.1454925537109375,0,1,0
arkansas-state_vs_coastal carolina_20241221,2024-12-21,arkansas-state,Coastal Carolina,2025,164.0,141.61569,22.384307861328125,141.5,0.115692138671875,1,1,1
arkansas-state_vs_louisiana_20250116,2025-01-16,arkansas-state,Louisiana,2025,146.0,149.36638,3.3663787841796875,148.0,1.3663787841796875,1,0,0
arkansas-state_vs_georgia state_20250118,2025-01-18,arkansas-state,Georgia State,2025,144.0,151.69319,7.6931915283203125,154.5,-2.8068084716796875,0,0,1
arkansas-state_vs_appalachian state_20250123,2025-01-23,arkansas-state,Appalachian State,2025,120.0,137.34312,17.343124389648438,138.5,-1.1568756103515625,0,0,1
arkansas-state_vs_texas state_20250125,2025-01-25,arkansas-state,Texas State,2025,145.0,151.33347,6.333465576171875,150.0,1.333465576171875,1,0,0
arkansas-state_vs_southern mississippi_20250212,2025-02-12,arkansas-state,Southern Mississippi,2025,168.0,151.61389,16.3861083984375,154.0,-2.3861083984375,0,1,0
arkansas-state_vs_troy_20250215,2025-02-15,arkansas-state,Troy,2025,141.0,141.56032,0.5603179931640625,144.5,-2.9396820068359375,0,0,1
arkansas-state_vs_south alabama_20250219,2025-02-19,arkansas-state,South Alabama,2025,116.0,141.36723,25.367233276367188,143.5,-2.1327667236328125,0,0,1
arkansas-state_vs_louisianaâmonroe_20250222,2025-02-22,arkansas-state,LouisianaâMonroe,2025,165.0,147.61511,17.3848876953125,147.5,0.1151123046875,1,1,1
arkansas-state_vs_marshall_20250308,2025-03-08,arkansas-state,Marshall,2025,151.0,147.90877,3.0912322998046875,149.5,-1.5912322998046875,0,1,0
arkansas-state_vs_south alabama_20250309,2025-03-09,arkansas-state,South Alabama,2025,145.0,139.5819,5.4181060791015625,137.5,2.0818939208984375,1,1,1
arkansas-state_vs_troy_20250310,2025-03-10,arkansas-state,Troy,2025,175.0,140.22078,34.77922058105469,142.5,-2.2792205810546875,0,1,0
arkansas-state_vs_saint louis_20250318,2025-03-18,arkansas-state,Saint Louis,2025,181.0,143.31065,37.68934631347656,154.5,-11.189346313476562,0,1,0
army_vs_cornell_20241208,2024-12-08,army,Cornell,2025,187.0,156.4967,30.5032958984375,158.0,-1.5032958984375,0,1,0
army_vs_binghamton_20241222,2024-12-22,army,Binghamton,2025,146.0,149.24057,3.240570068359375,139.0,10.240570068359375,1,1,1
army_vs_utsa_20241229,2024-12-29,army,UTSA,2025,153.0,155.87907,2.8790740966796875,155.0,0.8790740966796875,1,0,0
army_vs_loyola (md)_20250108,2025-01-08,army,Loyola (MD),2025,146.0,148.28331,2.2833099365234375,140.5,7.7833099365234375,1,1,1
army_vs_lafayette_20250115,2025-01-15,army,Lafayette,2025,138.0,141.50076,3.500762939453125,137.5,4.000762939453125,1,1,1
army_vs_boston university_20250118,2025-01-18,army,Boston University,2025,130.0,139.98763,9.987625122070312,131.5,8.487625122070312,1,0,0
army_vs_navy_20250126,2025-01-26,army,Navy,2025,119.0,146.47273,27.472732543945312,142.0,4.4727325439453125,1,0,0
army_vs_colgate_20250129,2025-01-29,army,Colgate,2025,156.0,144.22018,11.779815673828125,143.0,1.220184326171875,1,1,1
army_vs_holy cross_20250205,2025-02-05,army,Holy Cross,2025,133.0,140.26183,7.2618255615234375,143.5,-3.2381744384765625,0,0,1
army_vs_bucknell_20250208,2025-02-08,army,Bucknell,2025,226.0,145.95934,80.04066467285156,141.0,4.9593353271484375,1,1,1
army_vs_american_20250219,2025-02-19,army,American,2025,145.0,142.38667,2.6133270263671875,137.0,5.3866729736328125,1,1,1
army_vs_lehigh_20250301,2025-03-01,army,Lehigh,2025,156.0,143.95847,12.041534423828125,142.5,1.458465576171875,1,1,1
army_vs_elon_20250323,2025-03-23,army,Elon,2025,161.0,143.84648,17.153518676757812,147.5,-3.6535186767578125,0,1,0
army_vs_florida gulf coast_20250324,2025-03-24,army,Florida Gulf Coast,2025,133.0,142.81067,9.8106689453125,154.0,-11.1893310546875,0,0,1
auburn_vs_north alabama_20241118,2024-11-18,auburn,North Alabama,2025,171.0,145.91653,25.083465576171875,151.0,-5.083465576171875,0,1,0
auburn_vs_iowa state_20241125,2024-11-25,auburn,Iowa State,2025,164.0,142.81145,21.188552856445312,145.5,-2.6885528564453125,0,1,0
auburn_vs_north carolina_20241126,2024-11-26,auburn,North Carolina,2025,157.0,151.87648,5.1235198974609375,168.0,-16.123519897460938,0,0,1
auburn_vs_memphis_20241127,2024-11-27,auburn,Memphis,2025,166.0,147.563,18.436996459960938,157.0,-9.436996459960938,0,1,0
auburn_vs_richmond_20241208,2024-12-08,auburn,Richmond,2025,152.0,140.45691,11.5430908203125,144.5,-4.0430908203125,0,1,0
auburn_vs_ohio state_20241214,2024-12-14,auburn,Ohio State,2025,144.0,146.11317,2.1131744384765625,151.5,-5.3868255615234375,0,0,1
auburn_vs_georgia state_20241217,2024-12-17,auburn,Georgia State,2025,159.0,148.57875,10.421249389648438,155.5,-6.9212493896484375,0,1,0
auburn_vs_purdue_20241221,2024-12-21,auburn,Purdue,2025,156.0,146.091,9.90899658203125,148.5,-2.40899658203125,0,1,0
auburn_vs_monmouth_20241230,2024-12-30,auburn,Monmouth,2025,145.0,147.65367,2.6536712646484375,153.0,-5.3463287353515625,0,0,1
auburn_vs_missouri_20250104,2025-01-04,auburn,Missouri,2025,152.0,147.78171,4.218292236328125,154.5,-6.718292236328125,0,0,1
auburn_vs_mississippi state_20250114,2025-01-14,auburn,Mississippi State,2025,154.0,144.80534,9.194656372070312,150.0,-5.1946563720703125,0,1,0
auburn_vs_tennessee_20250125,2025-01-25,auburn,Tennessee,2025,104.0,141.88051,37.88050842285156,142.0,-0.1194915771484375,0,0,1
auburn_vs_oklahoma_20250204,2025-02-04,auburn,Oklahoma,2025,168.0,145.12633,22.873672485351562,153.0,-7.8736724853515625,0,1,0
auburn_vs_florida_20250208,2025-02-08,auburn,Florida,2025,171.0,147.2541,23.745895385742188,156.0,-8.745895385742188,0,1,0
auburn_vs_arkansas_20250219,2025-02-19,auburn,Arkansas,2025,127.0,148.52545,21.52545166015625,151.5,-2.97454833984375,0,0,1
auburn_vs_georgia_20250222,2025-02-22,auburn,Georgia,2025,152.0,143.98875,8.011245727539062,145.5,-1.5112457275390625,0,1,0
auburn_vs_alabama_20250308,2025-03-08,auburn,Alabama,2025,184.0,155.76776,28.23223876953125,179.5,-23.73223876953125,0,1,0
auburn_vs_tennessee_20250315,2025-03-15,auburn,Tennessee,2025,135.0,139.5104,4.510406494140625,140.5,-0.989593505859375,0,0,1
auburn_vs_creighton_20250322,2025-03-22,auburn,Creighton,2025,152.0,143.34377,8.656234741210938,148.0,-4.6562347412109375,0,1,0
auburn_vs_michigan_20250328,2025-03-28,auburn,Michigan,2025,143.0,149.89684,6.8968353271484375,155.5,-5.6031646728515625,0,0,1
auburn_vs_michigan state_20250330,2025-03-30,auburn,Michigan State,2025,134.0,145.84843,11.848434448242188,146.5,-0.6515655517578125,0,0,1
auburn_vs_florida_20250405,2025-04-05,auburn,Florida,2025,152.0,148.6227,3.3773040771484375,158.5,-9.877304077148438,0,0,1
austin-peay_vs_georgia state_20241126,2024-11-26,austin-peay,Georgia State,2025,112.0,145.61569,33.615692138671875,145.0,0.615692138671875,1,0,0
austin-peay_vs_ut arlington_20241127,2024-11-27,austin-peay,UT Arlington,2025,126.0,148.64131,22.641311645507812,143.5,5.1413116455078125,1,0,0
austin-peay_vs_southern illinois_20241214,2024-12-14,austin-peay,Southern Illinois,2025,125.0,139.5749,14.574905395507812,134.5,5.0749053955078125,1,0,0
austin-peay_vs_west georgia_20250109,2025-01-09,austin-peay,West Georgia,2025,140.0,136.25153,3.74847412109375,131.5,4.75152587890625,1,1,1
austin-peay_vs_queens (nc)_20250111,2025-01-11,austin-peay,Queens (NC),2025,127.0,143.97916,16.979156494140625,145.5,-1.520843505859375,0,0,1
austin-peay_vs_eastern kentucky_20250116,2025-01-16,austin-peay,Eastern Kentucky,2025,187.0,143.2156,43.784393310546875,142.5,0.715606689453125,1,1,1
austin-peay_vs_bellarmine_20250130,2025-01-30,austin-peay,Bellarmine,2025,163.0,137.85138,25.14862060546875,140.0,-2.14862060546875,0,1,0
austin-peay_vs_north alabama_20250205,2025-02-05,austin-peay,North Alabama,2025,138.0,144.2501,6.2501068115234375,145.0,-0.7498931884765625,0,0,1
austin-peay_vs_central arkansas_20250208,2025-02-08,austin-peay,Central Arkansas,2025,157.0,143.70819,13.29180908203125,136.0,7.70819091796875,1,1,1
austin-peay_vs_florida gulf coast_20250213,2025-02-13,austin-peay,Florida Gulf Coast,2025,133.0,140.71402,7.714019775390625,144.0,-3.285980224609375,0,0,1
austin-peay_vs_stetson_20250215,2025-02-15,austin-peay,Stetson,2025,139.0,146.65456,7.6545562744140625,146.5,0.1545562744140625,1,0,0
austin-peay_vs_lipscomb_20250224,2025-02-24,austin-peay,Lipscomb,2025,173.0,142.92961,30.070388793945312,145.5,-2.5703887939453125,0,1,0
austin-peay_vs_north florida_20250302,2025-03-02,austin-peay,North Florida,2025,159.0,155.58969,3.410308837890625,158.0,-2.410308837890625,0,1,0
ball-state_vs_indiana state_20241116,2024-11-16,ball-state,Indiana State,2025,178.0,153.2674,24.73260498046875,149.5,3.76739501953125,1,1,1
ball-state_vs_detroit mercy_20241120,2024-11-20,ball-state,Detroit Mercy,2025,129.0,151.18297,22.182968139648438,143.0,8.182968139648438,1,0,0
ball-state_vs_eastern kentucky_20241125,2024-11-25,ball-state,Eastern Kentucky,2025,124.0,151.7249,27.724899291992188,148.0,3.7248992919921875,1,0,0
ball-state_vs_richmond_20241127,2024-11-27,ball-state,Richmond,2025,133.0,144.17079,11.170791625976562,133.5,10.670791625976562,1,0,0
ball-state_vs_evansville_20241221,2024-12-21,ball-state,Evansville,2025,123.0,146.2347,23.234695434570312,139.5,6.7346954345703125,1,0,0
ball-state_vs_miami (oh)_20250107,2025-01-07,ball-state,Miami (OH),2025,152.0,150.22263,1.777374267578125,145.5,4.722625732421875,1,1,1
ball-state_vs_bowling green_20250111,2025-01-11,ball-state,Bowling Green,2025,160.0,151.34818,8.651824951171875,149.5,1.848175048828125,1,1,1
ball-state_vs_toledo_20250118,2025-01-18,ball-state,Toledo,2025,168.0,154.15479,13.84521484375,155.5,-1.34521484375,0,1,0
ball-state_vs_southern mississippi_20250208,2025-02-08,ball-state,Southern Mississippi,2025,153.0,152.42271,0.5772857666015625,147.5,4.9227142333984375,1,1,1
ball-state_vs_eastern michigan_20250211,2025-02-11,ball-state,Eastern Michigan,2025,170.0,150.299,19.701004028320312,149.5,0.7989959716796875,1,1,1
ball-state_vs_northern illinois_20250215,2025-02-15,ball-state,Northern Illinois,2025,172.0,151.47069,20.529312133789062,148.0,3.4706878662109375,1,1,1
ball-state_vs_buffalo_20250222,2025-02-22,ball-state,Buffalo,2025,146.0,154.32011,8.320114135742188,151.5,2.8201141357421875,1,0,0
ball-state_vs_akron_20250225,2025-02-25,ball-state,Akron,2025,169.0,160.175,8.824996948242188,157.5,2.6750030517578125,1,1,1
ball-state_vs_central michigan_20250304,2025-03-04,ball-state,Central Michigan,2025,136.0,151.91554,15.915542602539062,148.0,3.9155426025390625,1,0,0
baylor_vs_tarleton state_20241117,2024-11-17,baylor,Tarleton State,2025,145.0,151.81451,6.81451416015625,143.0,8.81451416015625,1,1,1
baylor_vs_st. john's (ny)_20241121,2024-11-21,baylor,St. John's (NY),2025,197.0,151.96362,45.036376953125,150.5,1.463623046875,1,1,1
baylor_vs_tennessee_20241122,2024-11-22,baylor,Tennessee,2025,139.0,146.15602,7.1560211181640625,142.0,4.1560211181640625,1,0,0
baylor_vs_new orleans_20241127,2024-11-27,baylor,New Orleans,2025,151.0,157.12514,6.1251373291015625,150.0,7.1251373291015625,1,1,1
baylor_vs_abilene christian_20241209,2024-12-09,baylor,Abilene Christian,2025,145.0,148.86261,3.86260986328125,141.5,7.36260986328125,1,1,1
baylor_vs_norfolk state_20241211,2024-12-11,baylor,Norfolk State,2025,163.0,147.39456,15.605438232421875,145.0,2.394561767578125,1,1,1
baylor_vs_utah_20241231,2024-12-31,baylor,Utah,2025,137.0,154.22694,17.226943969726562,154.5,-0.2730560302734375,0,0,1
baylor_vs_cincinnati_20250107,2025-01-07,baylor,Cincinnati,2025,116.0,140.86993,24.86993408203125,139.5,1.36993408203125,1,0,0
baylor_vs_tcu_20250119,2025-01-19,baylor,TCU,2025,145.0,140.48637,4.5136260986328125,137.5,2.9863739013671875,1,1,1
baylor_vs_kansas state_20250122,2025-01-22,baylor,Kansas State,2025,132.0,144.46794,12.467941284179688,140.5,3.9679412841796875,1,0,0
baylor_vs_kansas_20250201,2025-02-01,baylor,Kansas,2025,151.0,147.82643,3.1735687255859375,140.5,7.3264312744140625,1,1,1
baylor_vs_ucf_20250208,2025-02-08,baylor,UCF,2025,167.0,156.63805,10.361953735351562,157.5,-0.8619537353515625,0,1,0
baylor_vs_west virginia_20250215,2025-02-15,baylor,West Virginia,2025,145.0,139.48764,5.512359619140625,136.5,2.987640380859375,1,1,1
baylor_vs_arizona_20250217,2025-02-17,baylor,Arizona,2025,141.0,151.43968,10.439682006835938,154.5,-3.0603179931640625,0,0,1
baylor_vs_oklahoma state_20250301,2025-03-01,baylor,Oklahoma State,2025,132.0,147.72658,15.726577758789062,151.5,-3.7734222412109375,0,0,1
baylor_vs_houston_20250308,2025-03-08,baylor,Houston,2025,126.0,137.69612,11.696121215820312,132.0,5.6961212158203125,1,0,0
baylor_vs_kansas state_20250312,2025-03-12,baylor,Kansas State,2025,126.0,141.9157,15.915695190429688,139.0,2.9156951904296875,1,0,0
baylor_vs_texas tech_20250313,2025-03-13,baylor,Texas Tech,2025,150.0,142.17957,7.8204345703125,141.5,0.6795654296875,1,1,1
baylor_vs_mississippi state_20250321,2025-03-21,baylor,Mississippi State,2025,147.0,145.16618,1.8338165283203125,147.5,-2.3338165283203125,0,0,1
baylor_vs_duke_20250323,2025-03-23,baylor,Duke,2025,155.0,140.81558,14.184417724609375,146.0,-5.184417724609375,0,1,0
bellarmine_vs_bowling green_20241123,2024-11-23,bellarmine,Bowling Green,2025,148.0,145.93495,2.0650482177734375,146.5,-0.5650482177734375,0,1,0
bellarmine_vs_ball state_20241214,2024-12-14,bellarmine,Ball State,2025,168.0,147.88618,20.113815307617188,143.0,4.8861846923828125,1,1,1
bellarmine_vs_jacksonville_20250109,2025-01-09,bellarmine,Jacksonville,2025,133.0,141.34793,8.347930908203125,141.0,0.347930908203125,1,0,0
bellarmine_vs_north florida_20250111,2025-01-11,bellarmine,North Florida,2025,181.0,157.08473,23.915267944335938,161.5,-4.4152679443359375,0,1,0
bellarmine_vs_lipscomb_20250116,2025-01-16,bellarmine,Lipscomb,2025,140.0,145.31642,5.3164215087890625,144.5,0.8164215087890625,1,0,0
bellarmine_vs_florida gulf coast_20250123,2025-01-23,bellarmine,Florida Gulf Coast,2025,138.0,141.0915,3.0915069580078125,141.0,0.0915069580078125,1,0,0
bellarmine_vs_stetson_20250125,2025-01-25,bellarmine,Stetson,2025,157.0,146.27188,10.728118896484375,146.5,-0.228118896484375,0,1,0
bellarmine_vs_queens (nc)_20250213,2025-02-13,bellarmine,Queens (NC),2025,179.0,148.43562,30.564376831054688,149.5,-1.0643768310546875,0,1,0
bellarmine_vs_west georgia_20250215,2025-02-15,bellarmine,West Georgia,2025,157.0,145.34335,11.656646728515625,146.5,-1.156646728515625,0,1,0
bellarmine_vs_austin peay_20250218,2025-02-18,bellarmine,Austin Peay,2025,162.0,143.65921,18.340789794921875,145.0,-1.340789794921875,0,1,0
bellarmine_vs_eastern kentucky_20250220,2025-02-20,bellarmine,Eastern Kentucky,2025,154.0,149.75296,4.247039794921875,152.5,-2.747039794921875,0,1,0
belmont_vs_oral roberts_20241119,2024-11-19,belmont,Oral Roberts,2025,170.0,147.3721,22.627899169921875,154.0,-6.627899169921875,0,1,0
belmont_vs_loyola marymount_20241126,2024-11-26,belmont,Loyola Marymount,2025,140.0,150.47284,10.47283935546875,154.0,-3.52716064453125,0,0,1
belmont_vs_tulane_20241127,2024-11-27,belmont,Tulane,2025,155.0,146.769,8.231002807617188,154.0,-7.2310028076171875,0,1,0
belmont_vs_gardner-webb_20241129,2024-11-29,belmont,Gardner-Webb,2025,157.0,145.55757,11.442428588867188,153.0,-7.4424285888671875,0,1,0
belmont_vs_illinois state_20241204,2024-12-04,belmont,Illinois State,2025,196.0,143.76945,52.23054504394531,151.5,-7.7305450439453125,0,1,0
belmont_vs_middle tennessee_20241207,2024-12-07,belmont,Middle Tennessee,2025,161.0,154.02542,6.974578857421875,155.5,-1.474578857421875,0,1,0
belmont_vs_uc irvine_20241219,2024-12-19,belmont,UC Irvine,2025,176.0,148.11684,27.883163452148438,155.0,-6.8831634521484375,0,1,0
belmont_vs_illinoisâchicago_20250104,2025-01-04,belmont,IllinoisâChicago,2025,179.0,156.81113,22.188873291015625,158.5,-1.688873291015625,0,1,0
belmont_vs_southern illinois_20250108,2025-01-08,belmont,Southern Illinois,2025,176.0,152.46773,23.532272338867188,156.0,-3.5322723388671875,0,1,0
belmont_vs_valparaiso_20250114,2025-01-14,belmont,Valparaiso,2025,135.0,158.68849,23.688491821289062,159.0,-0.3115081787109375,0,0,1
belmont_vs_bradley_20250121,2025-01-21,belmont,Bradley,2025,166.0,153.68272,12.317276000976562,156.0,-2.3172760009765625,0,1,0
belmont_vs_evansville_20250202,2025-02-02,belmont,Evansville,2025,155.0,146.01297,8.987030029296875,151.5,-5.487030029296875,0,1,0
belmont_vs_missouri state_20250208,2025-02-08,belmont,Missouri State,2025,153.0,150.83586,2.1641387939453125,147.5,3.3358612060546875,1,1,1
belmont_vs_northern iowa_20250219,2025-02-19,belmont,Northern Iowa,2025,157.0,148.57347,8.426528930664062,153.5,-4.9265289306640625,0,1,0
belmont_vs_indiana state_20250222,2025-02-22,belmont,Indiana State,2025,152.0,160.79662,8.796615600585938,168.5,-7.7033843994140625,0,0,1
belmont_vs_murray state_20250302,2025-03-02,belmont,Murray State,2025,130.0,150.56627,20.566268920898438,151.0,-0.4337310791015625,0,0,1
belmont_vs_illinois state_20250307,2025-03-07,belmont,Illinois State,2025,139.0,147.72787,8.727874755859375,151.0,-3.272125244140625,0,0,1
belmont_vs_drake_20250308,2025-03-08,belmont,Drake,2025,107.0,138.33948,31.3394775390625,132.0,6.3394775390625,1,0,0
bethune-cookman_vs_south carolina state_20241116,2024-11-16,bethune-cookman,South Carolina State,2025,137.0,152.09369,15.09368896484375,149.5,2.59368896484375,1,0,0
bethune-cookman_vs_north dakota_20241126,2024-11-26,bethune-cookman,North Dakota,2025,146.0,146.77657,0.7765655517578125,145.0,1.7765655517578125,1,1,1
bethune-cookman_vs_gardner-webb_20241127,2024-11-27,bethune-cookman,Gardner-Webb,2025,143.0,142.70135,0.29864501953125,141.5,1.20135498046875,1,1,1
bethune-cookman_vs_mississippi valley state_20250118,2025-01-18,bethune-cookman,Mississippi Valley State,2025,141.0,127.66243,13.337570190429688,132.0,-4.3375701904296875,0,1,0
bethune-cookman_vs_arkansasâpine bluff_20250120,2025-01-20,bethune-cookman,ArkansasâPine Bluff,2025,137.0,147.42513,10.425125122070312,154.5,-7.0748748779296875,0,0,1
bethune-cookman_vs_alabama state_20250201,2025-02-01,bethune-cookman,Alabama State,2025,131.0,141.44571,10.445709228515625,142.5,-1.054290771484375,0,0,1
bethune-cookman_vs_alabama a&m_20250203,2025-02-03,bethune-cookman,Alabama A&M,2025,164.0,143.21506,20.784942626953125,146.5,-3.284942626953125,0,1,0
bethune-cookman_vs_alcorn state_20250215,2025-02-15,bethune-cookman,Alcorn State,2025,152.0,134.18088,17.819122314453125,137.5,-3.319122314453125,0,1,0
bethune-cookman_vs_jackson state_20250217,2025-02-17,bethune-cookman,Jackson State,2025,155.0,145.79292,9.207077026367188,148.5,-2.7070770263671875,0,1,0
bethune-cookman_vs_southern_20250301,2025-03-01,bethune-cookman,Southern,2025,139.0,142.06143,3.061431884765625,141.5,0.561431884765625,1,0,0
bethune-cookman_vs_florida a&m_20250308,2025-03-08,bethune-cookman,Florida A&M,2025,151.0,143.75166,7.2483367919921875,143.5,0.2516632080078125,1,1,1
bethune-cookman_vs_jackson state_20250314,2025-03-14,bethune-cookman,Jackson State,2025,121.0,144.42354,23.423538208007812,142.5,1.9235382080078125,1,0,0
binghamton_vs_longwood_20241119,2024-11-19,binghamton,Longwood,2025,126.0,149.85875,23.858749389648438,142.5,7.3587493896484375,1,0,0
binghamton_vs_niagara_20241129,2024-11-29,binghamton,Niagara,2025,127.0,144.32613,17.326126098632812,135.5,8.826126098632812,1,0,0
binghamton_vs_liu_20241130,2024-11-30,binghamton,LIU,2025,145.0,137.91818,7.081817626953125,134.5,3.418182373046875,1,1,1
binghamton_vs_mercyhurst_20241218,2024-12-18,binghamton,Mercyhurst,2025,122.0,132.47255,10.472549438476562,132.5,-0.0274505615234375,0,0,1
binghamton_vs_umbc_20250104,2025-01-04,binghamton,UMBC,2025,169.0,149.26051,19.739486694335938,148.5,0.7605133056640625,1,1,1
binghamton_vs_albany (ny)_20250118,2025-01-18,binghamton,Albany (NY),2025,135.0,145.89551,10.8955078125,146.5,-0.6044921875,0,0,1
binghamton_vs_vermont_20250130,2025-01-30,binghamton,Vermont,2025,147.0,129.38687,17.613128662109375,127.5,1.886871337890625,1,1,1
binghamton_vs_umass lowell_20250206,2025-02-06,binghamton,UMass Lowell,2025,120.0,145.20831,25.20831298828125,147.5,-2.29168701171875,0,0,1
binghamton_vs_bryant_20250208,2025-02-08,binghamton,Bryant,2025,149.0,152.96373,3.9637298583984375,149.5,3.4637298583984375,1,0,0
binghamton_vs_new hampshire_20250220,2025-02-20,binghamton,New Hampshire,2025,139.0,140.69348,1.6934814453125,139.5,1.1934814453125,1,0,0
binghamton_vs_maine_20250222,2025-02-22,binghamton,Maine,2025,140.0,136.22617,3.773834228515625,137.0,-0.773834228515625,0,1,0
binghamton_vs_njit_20250304,2025-03-04,binghamton,NJIT,2025,147.0,134.99646,12.0035400390625,140.0,-5.0035400390625,0,1,0
boise-state_vs_clemson_20241117,2024-11-17,boise-state,Clemson,2025,155.0,143.23193,11.76806640625,145.0,-1.76806640625,0,1,0
boise-state_vs_hampton_20241124,2024-11-24,boise-state,Hampton,2025,152.0,141.03445,10.965545654296875,139.5,1.534454345703125,1,1,1
boise-state_vs_south dakota state_20241125,2024-11-25,boise-state,South Dakota State,2025,165.0,145.39561,19.604385375976562,148.5,-3.1043853759765625,0,1,0
boise-state_vs_boston college_20241126,2024-11-26,boise-state,Boston College,2025,124.0,140.95729,16.957290649414062,144.5,-3.5427093505859375,0,0,1
boise-state_vs_utah tech_20241203,2024-12-03,boise-state,Utah Tech,2025,151.0,144.5522,6.4477996826171875,148.5,-3.9477996826171875,0,1,0
boise-state_vs_washington state_20241207,2024-12-07,boise-state,Washington State,2025,143.0,149.18187,6.1818695068359375,149.0,0.1818695068359375,1,0,0
boise-state_vs_texas southern_20241217,2024-12-17,boise-state,Texas Southern,2025,133.0,149.62228,16.622283935546875,149.0,0.622283935546875,1,0,0
boise-state_vs_air force_20241221,2024-12-21,boise-state,Air Force,2025,136.0,137.1354,1.135406494140625,135.0,2.135406494140625,1,1,1
boise-state_vs_san diego state_20250104,2025-01-04,boise-state,San Diego State,2025,144.0,136.61021,7.3897857666015625,137.0,-0.3897857666015625,0,1,0
boise-state_vs_unlv_20250107,2025-01-07,boise-state,UNLV,2025,140.0,137.74228,2.257720947265625,139.5,-1.757720947265625,0,1,0
boise-state_vs_wyoming_20250114,2025-01-14,boise-state,Wyoming,2025,151.0,137.13461,13.865386962890625,132.5,4.634613037109375,1,1,1
boise-state_vs_nevada_20250129,2025-01-29,boise-state,Nevada,2025,122.0,138.62209,16.622085571289062,136.5,2.1220855712890625,1,0,0
boise-state_vs_fresno state_20250201,2025-02-01,boise-state,Fresno State,2025,142.0,151.82516,9.825164794921875,147.5,4.325164794921875,1,0,0
boise-state_vs_san jose state_20250207,2025-02-07,boise-state,San Jose State,2025,131.0,141.78792,10.787918090820312,141.5,0.2879180908203125,1,0,0
boise-state_vs_new mexico_20250219,2025-02-19,boise-state,New Mexico,2025,164.0,150.0949,13.905105590820312,152.5,-2.4051055908203125,0,1,0
boise-state_vs_utah state_20250226,2025-02-26,boise-state,Utah State,2025,147.0,143.41086,3.589141845703125,148.0,-4.589141845703125,0,0,1
boise-state_vs_colorado state_20250307,2025-03-07,boise-state,Colorado State,2025,156.0,139.53941,16.460586547851562,142.0,-2.4605865478515625,0,1,0
boise-state_vs_san diego state_20250313,2025-03-13,boise-state,San Diego State,2025,114.0,134.57054,20.570541381835938,133.5,1.0705413818359375,1,0,0
boise-state_vs_new mexico_20250314,2025-03-14,boise-state,New Mexico,2025,141.0,147.48085,6.4808502197265625,146.5,0.9808502197265625,1,0,0
boise-state_vs_colorado state_20250315,2025-03-15,boise-state,Colorado State,2025,125.0,137.66682,12.666824340820312,137.5,0.1668243408203125,1,0,0
boise-state_vs_george washington_20250331,2025-03-31,boise-state,George Washington,2025,148.0,138.47746,9.522537231445312,,,0,0,1
boise-state_vs_butler_20250402,2025-04-02,boise-state,Butler,2025,193.0,139.94553,53.054473876953125,,,0,0,1
boise-state_vs_nebraska_20250405,2025-04-05,boise-state,Nebraska,2025,148.0,140.39967,7.6003265380859375,,,0,0,1
boston-college_vs_temple_20241115,2024-11-15,boston-college,Temple,2025,141.0,144.86917,3.869171142578125,143.5,1.369171142578125,1,0,0
boston-college_vs_loyola (md)_20241119,2024-11-19,boston-college,Loyola (MD),2025,143.0,139.79526,3.204742431640625,135.0,4.795257568359375,1,1,1
boston-college_vs_old dominion_20241124,2024-11-24,boston-college,Old Dominion,2025,134.0,147.86322,13.86322021484375,143.5,4.36322021484375,1,0,0
boston-college_vs_missouri state_20241125,2024-11-25,boston-college,Missouri State,2025,150.0,146.34201,3.657989501953125,134.0,12.342010498046875,1,1,1
boston-college_vs_dartmouth_20241129,2024-11-29,boston-college,Dartmouth,2025,171.0,143.37306,27.626937866210938,140.5,2.8730621337890625,1,1,1
boston-college_vs_south carolina_20241203,2024-12-03,boston-college,South Carolina,2025,124.0,142.54263,18.542633056640625,137.0,5.542633056640625,1,0,0
boston-college_vs_stonehill_20241215,2024-12-15,boston-college,Stonehill,2025,142.0,142.18837,0.1883697509765625,134.5,7.6883697509765625,1,1,1
boston-college_vs_smu_20241221,2024-12-21,boston-college,SMU,2025,180.0,150.15366,29.846343994140625,145.0,5.153656005859375,1,1,1
boston-college_vs_miami (fl)_20250101,2025-01-01,boston-college,Miami (FL),2025,146.0,144.32814,1.6718597412109375,142.5,1.8281402587890625,1,1,1
boston-college_vs_syracuse_20250111,2025-01-11,boston-college,Syracuse,2025,150.0,151.7606,1.7606048583984375,146.0,5.7606048583984375,1,1,1
boston-college_vs_duke_20250118,2025-01-18,boston-college,Duke,2025,151.0,138.4835,12.516494750976562,138.5,-0.0164947509765625,0,1,0
boston-college_vs_florida state_20250201,2025-02-01,boston-college,Florida State,2025,153.0,147.64487,5.355133056640625,145.0,2.644866943359375,1,1,1
boston-college_vs_louisville_20250205,2025-02-05,boston-college,Louisville,2025,142.0,145.17021,3.1702117919921875,147.5,-2.3297882080078125,0,0,1
boston-college_vs_notre dame_20250212,2025-02-12,boston-college,Notre Dame,2025,191.0,142.68686,48.313140869140625,138.5,4.186859130859375,1,1,1
boston-college_vs_virginia tech_20250218,2025-02-18,boston-college,Virginia Tech,2025,90.0,145.17296,55.17295837402344,142.0,3.1729583740234375,1,0,0
boston-college_vs_georgia tech_20250222,2025-02-22,boston-college,Georgia Tech,2025,123.0,148.85652,25.856521606445312,141.5,7.3565216064453125,1,0,0
boston-college_vs_clemson_20250305,2025-03-05,boston-college,Clemson,2025,147.0,139.35397,7.646026611328125,138.0,1.353973388671875,1,1,1
boston-university_vs_dartmouth_20241116,2024-11-16,boston-university,Dartmouth,2025,128.0,144.39067,16.390670776367188,135.5,8.890670776367188,1,0,0
boston-university_vs_wagner_20241119,2024-11-19,boston-university,Wagner,2025,118.0,124.26029,6.260292053222656,119.0,5.260292053222656,1,0,0
boston-university_vs_howard_20241124,2024-11-24,boston-university,Howard,2025,131.0,144.44266,13.442657470703125,135.0,9.442657470703125,1,0,0
boston-university_vs_sacred heart_20241201,2024-12-01,boston-university,Sacred Heart,2025,138.0,136.15887,1.84112548828125,139.5,-3.34112548828125,0,0,1
boston-university_vs_albany (ny)_20241207,2024-12-07,boston-university,Albany (NY),2025,154.0,142.64412,11.355880737304688,138.5,4.1441192626953125,1,1,1
boston-university_vs_army_20250105,2025-01-05,boston-university,Army,2025,134.0,142.81602,8.816024780273438,133.0,9.816024780273438,1,1,1
boston-university_vs_american_20250108,2025-01-08,boston-university,American,2025,114.0,134.21349,20.213485717773438,125.5,8.713485717773438,1,0,0
boston-university_vs_lehigh_20250115,2025-01-15,boston-university,Lehigh,2025,121.0,135.97223,14.97222900390625,133.0,2.97222900390625,1,0,0
boston-university_vs_bucknell_20250125,2025-01-25,boston-university,Bucknell,2025,167.0,133.43846,33.56153869628906,125.5,7.9384613037109375,1,1,1
boston-university_vs_holy cross_20250127,2025-01-27,boston-university,Holy Cross,2025,128.0,134.53488,6.534881591796875,130.5,4.034881591796875,1,0,0
boston-university_vs_navy_20250205,2025-02-05,boston-university,Navy,2025,152.0,134.34775,17.652252197265625,130.5,3.847747802734375,1,1,1
boston-university_vs_colgate_20250215,2025-02-15,boston-university,Colgate,2025,184.0,135.87578,48.12422180175781,136.5,-0.6242218017578125,0,1,0
boston-university_vs_loyola (md)_20250219,2025-02-19,boston-university,Loyola (MD),2025,134.0,135.26239,1.26239013671875,131.5,3.76239013671875,1,1,1
boston-university_vs_lafayette_20250301,2025-03-01,boston-university,Lafayette,2025,130.0,132.04597,2.0459747314453125,128.5,3.5459747314453125,1,1,1
boston-university_vs_navy_20250306,2025-03-06,boston-university,Navy,2025,164.0,133.93538,30.064620971679688,129.5,4.4353790283203125,1,1,1
bowling-green-state_vs_niagara_20241119,2024-11-19,bowling-green-state,Niagara,2025,144.0,152.58792,8.587921142578125,149.0,3.587921142578125,1,0,0
bowling-green-state_vs_weber state_20241129,2024-11-29,bowling-green-state,Weber State,2025,143.0,150.74385,7.7438507080078125,143.5,7.2438507080078125,1,0,0
bowling-green-state_vs_new mexico state_20241130,2024-11-30,bowling-green-state,New Mexico State,2025,121.0,153.82077,32.820770263671875,143.5,10.320770263671875,1,0,0
bowling-green-state_vs_morgan state_20241207,2024-12-07,bowling-green-state,Morgan State,2025,183.0,151.77167,31.22833251953125,151.5,0.27166748046875,1,1,1
bowling-green-state_vs_st. thomas_20241221,2024-12-21,bowling-green-state,St. Thomas,2025,161.0,154.37695,6.623046875,153.0,1.376953125,1,1,1
bowling-green-state_vs_akron_20250103,2025-01-03,bowling-green-state,Akron,2025,139.0,156.89136,17.891357421875,157.5,-0.608642578125,0,0,1
bowling-green-state_vs_buffalo_20250114,2025-01-14,bowling-green-state,Buffalo,2025,140.0,155.48328,15.4832763671875,157.5,-2.0167236328125,0,0,1
bowling-green-state_vs_eastern michigan_20250118,2025-01-18,bowling-green-state,Eastern Michigan,2025,130.0,151.53577,21.5357666015625,153.0,-1.4642333984375,0,0,1
bowling-green-state_vs_toledo_20250124,2025-01-24,bowling-green-state,Toledo,2025,155.0,153.48651,1.51348876953125,158.0,-4.51348876953125,0,0,1
bowling-green-state_vs_northern illinois_20250204,2025-02-04,bowling-green-state,Northern Illinois,2025,161.0,150.62395,10.376052856445312,146.0,4.6239471435546875,1,1,1
bowling-green-state_vs_coastal carolina_20250208,2025-02-08,bowling-green-state,Coastal Carolina,2025,120.0,138.24709,18.247085571289062,140.0,-1.7529144287109375,0,0,1
bowling-green-state_vs_ohio_20250211,2025-02-11,bowling-green-state,Ohio,2025,167.0,153.70767,13.292327880859375,155.5,-1.792327880859375,0,1,0
bowling-green-state_vs_kent state_20250218,2025-02-18,bowling-green-state,Kent State,2025,175.0,141.74158,33.2584228515625,142.0,-0.2584228515625,0,1,0
bowling-green-state_vs_ball state_20250301,2025-03-01,bowling-green-state,Ball State,2025,113.0,150.43494,37.4349365234375,147.5,2.9349365234375,1,0,0
bradley_vs_northern illinois_20241116,2024-11-16,bradley,Northern Illinois,2025,136.0,147.33006,11.330062866210938,144.5,2.8300628662109375,1,0,0
bradley_vs_texas state_20241121,2024-11-21,bradley,Texas State,2025,150.0,138.72897,11.271026611328125,135.5,3.228973388671875,1,1,1
bradley_vs_wright state_20241122,2024-11-22,bradley,Wright State,2025,151.0,143.65665,7.343353271484375,146.5,-2.843353271484375,0,1,0
bradley_vs_middle tennessee_20241124,2024-11-24,bradley,Middle Tennessee,2025,149.0,145.55704,3.442962646484375,144.5,1.057037353515625,1,1,1
bradley_vs_santa clara_20241214,2024-12-14,bradley,Santa Clara,2025,158.0,145.55807,12.441925048828125,144.5,1.058074951171875,1,1,1
bradley_vs_san francisco_20241218,2024-12-18,bradley,San Francisco,2025,130.0,142.44028,12.440277099609375,140.5,1.940277099609375,1,0,0
bradley_vs_canisius_20241221,2024-12-21,bradley,Canisius,2025,151.0,140.42598,10.574020385742188,142.0,-1.5740203857421875,0,1,0
bradley_vs_valparaiso_20241229,2024-12-29,bradley,Valparaiso,2025,156.0,147.06213,8.9378662109375,149.5,-2.4378662109375,0,1,0
bradley_vs_missouri state_20250104,2025-01-04,bradley,Missouri State,2025,129.0,142.7801,13.780105590820312,134.5,8.280105590820312,1,0,0
bradley_vs_drake_20250108,2025-01-08,bradley,Drake,2025,121.0,135.11952,14.119522094726562,126.5,8.619522094726562,1,0,0
bradley_vs_indiana state_20250115,2025-01-15,bradley,Indiana State,2025,183.0,154.71689,28.283111572265625,155.0,-0.283111572265625,0,1,0
bradley_vs_illinois state_20250125,2025-01-25,bradley,Illinois State,2025,118.0,141.15083,23.150833129882812,141.5,-0.3491668701171875,0,0,1
bradley_vs_illinoisâchicago_20250129,2025-01-29,bradley,IllinoisâChicago,2025,163.0,149.66895,13.3310546875,148.0,1.6689453125,1,1,1
bradley_vs_belmont_20250205,2025-02-05,bradley,Belmont,2025,157.0,152.34767,4.6523284912109375,157.5,-5.1523284912109375,0,0,1
bradley_vs_southern illinois_20250212,2025-02-12,bradley,Southern Illinois,2025,142.0,143.42331,1.423309326171875,146.5,-3.076690673828125,0,0,1
bradley_vs_murray state_20250222,2025-02-22,bradley,Murray State,2025,168.0,138.88289,29.117111206054688,138.5,0.3828887939453125,1,1,1
bradley_vs_northern iowa_20250302,2025-03-02,bradley,Northern Iowa,2025,129.0,138.41545,9.415451049804688,141.5,-3.0845489501953125,0,0,1
bradley_vs_murray state_20250307,2025-03-07,bradley,Murray State,2025,132.0,138.58849,6.5884857177734375,133.5,5.0884857177734375,1,0,0
bradley_vs_valparaiso_20250308,2025-03-08,bradley,Valparaiso,2025,135.0,146.77962,11.779617309570312,138.0,8.779617309570312,1,0,0
bradley_vs_drake_20250309,2025-03-09,bradley,Drake,2025,111.0,132.76,21.759994506835938,118.5,14.259994506835938,1,0,0
bradley_vs_north alabama_20250319,2025-03-19,bradley,North Alabama,2025,133.0,140.37347,7.37347412109375,145.5,-5.12652587890625,0,0,1
bradley_vs_chattanooga_20250325,2025-03-25,bradley,Chattanooga,2025,132.0,143.38017,11.380172729492188,151.5,-8.119827270507812,0,0,1
brigham-young_vs_idaho_20241116,2024-11-16,brigham-young,Idaho,2025,166.0,152.60503,13.394973754882812,152.0,0.6050262451171875,1,1,1
brigham-young_vs_mississippi valley state_20241123,2024-11-23,brigham-young,Mississippi Valley State,2025,130.0,143.41414,13.414138793945312,143.5,-0.0858612060546875,0,0,1
brigham-young_vs_nc state_20241129,2024-11-29,brigham-young,NC State,2025,133.0,145.8467,12.846694946289062,153.0,-7.1533050537109375,0,0,1
brigham-young_vs_fresno state_20241211,2024-12-11,brigham-young,Fresno State,2025,162.0,155.57574,6.42425537109375,157.5,-1.92425537109375,0,1,0
brigham-young_vs_wyoming_20241214,2024-12-14,brigham-young,Wyoming,2025,117.0,149.54332,32.54331970214844,145.0,4.5433197021484375,1,0,0
brigham-young_vs_florida a&m_20241220,2024-12-20,brigham-young,Florida A&M,2025,160.0,150.78806,9.211944580078125,147.5,3.288055419921875,1,1,1
brigham-young_vs_arizona state_20241231,2024-12-31,brigham-young,Arizona State,2025,132.0,152.93411,20.934112548828125,148.5,4.434112548828125,1,0,0
brigham-young_vs_texas tech_20250107,2025-01-07,brigham-young,Texas Tech,2025,139.0,145.38982,6.3898162841796875,148.5,-3.1101837158203125,0,0,1
brigham-young_vs_oklahoma state_20250114,2025-01-14,brigham-young,Oklahoma State,2025,154.0,147.13902,6.8609771728515625,146.5,0.6390228271484375,1,1,1
brigham-young_vs_cincinnati_20250125,2025-01-25,brigham-young,Cincinnati,2025,132.0,134.58658,2.586578369140625,137.0,-2.413421630859375,0,0,1
brigham-young_vs_baylor_20250128,2025-01-28,brigham-young,Baylor,2025,182.0,143.69655,38.30345153808594,143.0,0.6965484619140625,1,1,1
brigham-young_vs_arizona_20250204,2025-02-04,brigham-young,Arizona,2025,159.0,150.21472,8.7852783203125,153.5,-3.2852783203125,0,1,0
brigham-young_vs_kansas state_20250215,2025-02-15,brigham-young,Kansas State,2025,145.0,145.11115,0.11114501953125,146.5,-1.38885498046875,0,0,1
brigham-young_vs_kansas_20250218,2025-02-18,brigham-young,Kansas,2025,148.0,147.56335,0.4366455078125,147.5,0.0633544921875,1,1,1
brigham-young_vs_west virginia_20250301,2025-03-01,brigham-young,West Virginia,2025,133.0,138.63925,5.639251708984375,140.0,-1.360748291015625,0,0,1
brigham-young_vs_utah_20250308,2025-03-08,brigham-young,Utah,2025,159.0,147.61748,11.382522583007812,154.5,-6.8825225830078125,0,1,0
brigham-young_vs_iowa state_20250313,2025-03-13,brigham-young,Iowa State,2025,188.0,149.39699,38.60301208496094,146.5,2.8969879150390625,1,1,1
brigham-young_vs_houston_20250314,2025-03-14,brigham-young,Houston,2025,128.0,138.80997,10.809967041015625,134.5,4.309967041015625,1,0,0
brigham-young_vs_vcu_20250320,2025-03-20,brigham-young,VCU,2025,151.0,143.77098,7.2290191650390625,148.5,-4.7290191650390625,0,1,0
brigham-young_vs_wisconsin_20250322,2025-03-22,brigham-young,Wisconsin,2025,180.0,145.87195,34.1280517578125,155.5,-9.6280517578125,0,1,0
brown_vs_new hampshire_20241115,2024-11-15,brown,New Hampshire,2025,134.0,145.18373,11.183731079101562,147.0,-1.8162689208984375,0,0,1
brown_vs_holy cross_20241116,2024-11-16,brown,Holy Cross,2025,138.0,135.98047,2.01953125,146.5,-10.51953125,0,0,1
brown_vs_sacred heart_20241117,2024-11-17,brown,Sacred Heart,2025,159.0,141.88454,17.115463256835938,145.5,-3.6154632568359375,0,1,0
brown_vs_stony brook_20241127,2024-11-27,brown,Stony Brook,2025,131.0,143.31882,12.318817138671875,143.5,-0.181182861328125,0,0,1
brown_vs_rhode island_20241210,2024-12-10,brown,Rhode Island,2025,164.0,145.01854,18.981460571289062,150.5,-5.4814605712890625,0,1,0
brown_vs_harvard_20250118,2025-01-18,brown,Harvard,2025,147.0,135.25203,11.747970581054688,136.5,-1.2479705810546875,0,1,0
brown_vs_dartmouth_20250125,2025-01-25,brown,Dartmouth,2025,167.0,147.76411,19.235885620117188,145.5,2.2641143798828125,1,1,1
brown_vs_princeton_20250214,2025-02-14,brown,Princeton,2025,126.0,143.27423,17.27423095703125,142.0,1.27423095703125,1,0,0
brown_vs_pennsylvania_20250215,2025-02-15,brown,Pennsylvania,2025,154.0,141.22699,12.77301025390625,143.5,-2.27301025390625,0,1,0
brown_vs_columbia_20250221,2025-02-21,brown,Columbia,2025,147.0,147.32736,0.327362060546875,151.5,-4.172637939453125,0,0,1
brown_vs_cornell_20250222,2025-02-22,brown,Cornell,2025,166.0,152.06146,13.93853759765625,156.5,-4.43853759765625,0,1,0
brown_vs_yale_20250308,2025-03-08,brown,Yale,2025,131.0,145.05336,14.053359985351562,147.5,-2.4466400146484375,0,0,1
bryant_vs_tennessee state_20241126,2024-11-26,bryant,Tennessee State,2025,182.0,158.073,23.927001953125,160.0,-1.927001953125,0,1,0
bryant_vs_brown_20241206,2024-12-06,bryant,Brown,2025,151.0,144.71262,6.287384033203125,154.5,-9.787384033203125,0,0,1
bryant_vs_fordham_20241214,2024-12-14,bryant,Fordham,2025,170.0,154.37044,15.629562377929688,159.5,-5.1295623779296875,0,1,0
bryant_vs_maine_20250104,2025-01-04,bryant,Maine,2025,136.0,148.76491,12.764907836914062,151.5,-2.7350921630859375,0,0,1
bryant_vs_vermont_20250111,2025-01-11,bryant,Vermont,2025,126.0,141.83939,15.839385986328125,138.5,3.339385986328125,1,0,0
bryant_vs_umass lowell_20250118,2025-01-18,bryant,UMass Lowell,2025,147.0,155.99005,8.99005126953125,162.5,-6.50994873046875,0,0,1
bryant_vs_binghamton_20250125,2025-01-25,bryant,Binghamton,2025,152.0,151.14209,0.85791015625,152.0,-0.85791015625,0,0,1
bryant_vs_albany (ny)_20250206,2025-02-06,bryant,Albany (NY),2025,131.0,155.21172,24.211715698242188,159.0,-3.7882843017578125,0,0,1
bryant_vs_njit_20250213,2025-02-13,bryant,NJIT,2025,154.0,147.96243,6.037567138671875,149.5,-1.537567138671875,0,1,0
bryant_vs_umbc_20250215,2025-02-15,bryant,UMBC,2025,160.0,160.48808,0.4880828857421875,167.5,-7.0119171142578125,0,0,1
bryant_vs_new hampshire_20250304,2025-03-04,bryant,New Hampshire,2025,146.0,151.13237,5.1323699951171875,153.0,-1.8676300048828125,0,0,1
bryant_vs_umbc_20250308,2025-03-08,bryant,UMBC,2025,159.0,158.69746,0.3025360107421875,164.5,-5.8025360107421875,0,0,1
bryant_vs_albany (ny)_20250311,2025-03-11,bryant,Albany (NY),2025,169.0,155.89096,13.109039306640625,153.0,2.890960693359375,1,1,1
bryant_vs_maine_20250315,2025-03-15,bryant,Maine,2025,138.0,144.24449,6.2444915771484375,142.5,1.7444915771484375,1,0,0
bryant_vs_michigan state_20250321,2025-03-21,bryant,Michigan State,2025,149.0,150.44334,1.4433441162109375,152.5,-2.0566558837890625,0,0,1
bucknell_vs_richmond_20241116,2024-11-16,bucknell,Richmond,2025,156.0,150.84793,5.152069091796875,140.0,10.847930908203125,1,1,1
bucknell_vs_njit_20241121,2024-11-21,bucknell,NJIT,2025,145.0,147.55464,2.5546417236328125,135.0,12.554641723632812,1,1,1
bucknell_vs_rider_20241123,2024-11-23,bucknell,Rider,2025,110.0,149.163,39.162994384765625,141.5,7.662994384765625,1,0,0
bucknell_vs_siena_20241130,2024-11-30,bucknell,Siena,2025,129.0,146.23677,17.236770629882812,134.5,11.736770629882812,1,0,0
bucknell_vs_st. bonaventure_20241204,2024-12-04,bucknell,St. Bonaventure,2025,111.0,142.18967,31.189666748046875,135.0,7.189666748046875,1,0,0
bucknell_vs_colgate_20250105,2025-01-05,bucknell,Colgate,2025,126.0,137.24095,11.240951538085938,134.5,2.7409515380859375,1,0,0
bucknell_vs_lafayette_20250108,2025-01-08,bucknell,Lafayette,2025,127.0,134.78844,7.7884368896484375,131.5,3.2884368896484375,1,0,0
bucknell_vs_holy cross_20250115,2025-01-15,bucknell,Holy Cross,2025,168.0,137.4797,30.520294189453125,134.5,2.979705810546875,1,1,1
bucknell_vs_navy_20250118,2025-01-18,bucknell,Navy,2025,142.0,140.00487,1.9951324462890625,137.5,2.5048675537109375,1,1,1
bucknell_vs_loyola (md)_20250129,2025-01-29,bucknell,Loyola (MD),2025,146.0,139.9317,6.06829833984375,138.0,1.93170166015625,1,1,1
bucknell_vs_american_20250205,2025-02-05,bucknell,American,2025,120.0,136.3428,16.342803955078125,136.5,-0.157196044921875,0,0,1
bucknell_vs_boston university_20250212,2025-02-12,bucknell,Boston University,2025,136.0,133.77504,2.2249603271484375,131.5,2.2750396728515625,1,1,1
bucknell_vs_lehigh_20250217,2025-02-17,bucknell,Lehigh,2025,117.0,144.81453,27.814529418945312,140.5,4.3145294189453125,1,0,0
bucknell_vs_army_20250223,2025-02-23,bucknell,Army,2025,137.0,146.76486,9.764862060546875,142.0,4.764862060546875,1,0,0
bucknell_vs_loyola (md)_20250306,2025-03-06,bucknell,Loyola (MD),2025,148.0,143.3612,4.6387939453125,139.0,4.3612060546875,1,1,1
bucknell_vs_navy_20250309,2025-03-09,bucknell,Navy,2025,160.0,143.69731,16.302688598632812,138.5,5.1973114013671875,1,1,1
buffalo_vs_bryant_20241114,2024-11-14,buffalo,Bryant,2025,151.0,163.0402,12.040206909179688,163.5,-0.4597930908203125,0,0,1
buffalo_vs_morgan state_20241122,2024-11-22,buffalo,Morgan State,2025,155.0,158.34885,3.348846435546875,157.5,0.848846435546875,1,0,0
buffalo_vs_north carolina a&t_20241125,2024-11-25,buffalo,North Carolina A&T,2025,163.0,158.95819,4.04180908203125,159.5,-0.54180908203125,0,1,0
buffalo_vs_ohio_20250107,2025-01-07,buffalo,Ohio,2025,167.0,155.08934,11.910659790039062,153.0,2.0893402099609375,1,1,1
buffalo_vs_kent state_20250110,2025-01-10,buffalo,Kent State,2025,117.0,145.74512,28.7451171875,147.0,-1.2548828125,0,0,1
buffalo_vs_akron_20250121,2025-01-21,buffalo,Akron,2025,148.0,160.24596,12.245956420898438,160.5,-0.2540435791015625,0,0,1
buffalo_vs_central michigan_20250128,2025-01-28,buffalo,Central Michigan,2025,144.0,150.34114,6.3411407470703125,144.5,5.8411407470703125,1,0,0
buffalo_vs_ball state_20250201,2025-02-01,buffalo,Ball State,2025,165.0,152.44302,12.556976318359375,153.5,-1.056976318359375,0,1,0
buffalo_vs_georgia state_20250208,2025-02-08,buffalo,Georgia State,2025,155.0,154.0919,0.9080963134765625,160.5,-6.4080963134765625,0,0,1
buffalo_vs_bowling green_20250215,2025-02-15,buffalo,Bowling Green,2025,122.0,153.44171,31.44171142578125,153.5,-0.05828857421875,0,0,1
buffalo_vs_toledo_20250301,2025-03-01,buffalo,Toledo,2025,161.0,153.7127,7.28729248046875,159.5,-5.78729248046875,0,1,0
buffalo_vs_miami (oh)_20250304,2025-03-04,buffalo,Miami (OH),2025,153.0,154.05464,1.0546417236328125,153.5,0.5546417236328125,1,0,0
butler_vs_smu_20241115,2024-11-15,butler,SMU,2025,151.0,147.88448,3.1155242919921875,157.5,-9.615524291992188,0,0,1
butler_vs_merrimack_20241122,2024-11-22,butler,Merrimack,2025,117.0,133.11981,16.11981201171875,136.0,-2.88018798828125,0,0,1
butler_vs_northwestern_20241128,2024-11-28,butler,Northwestern,2025,140.0,136.78276,3.2172393798828125,135.5,1.2827606201171875,1,1,1
butler_vs_mississippi state_20241129,2024-11-29,butler,Mississippi State,2025,164.0,146.7031,17.296905517578125,145.5,1.203094482421875,1,1,1
butler_vs_eastern illinois_20241203,2024-12-03,butler,Eastern Illinois,2025,131.0,146.95493,15.954925537109375,141.0,5.954925537109375,1,0,0
butler_vs_north dakota state_20241210,2024-12-10,butler,North Dakota State,2025,139.0,141.32626,2.326263427734375,142.5,-1.173736572265625,0,0,1
butler_vs_wisconsin_20241214,2024-12-14,butler,Wisconsin,2025,157.0,143.32472,13.675277709960938,147.0,-3.6752777099609375,0,1,0
butler_vs_connecticut_20241221,2024-12-21,butler,Connecticut,2025,152.0,141.71179,10.2882080078125,142.5,-0.7882080078125,0,1,0
butler_vs_villanova_20250101,2025-01-01,butler,Villanova,2025,138.0,142.34167,4.3416748046875,144.0,-1.6583251953125,0,0,1
butler_vs_creighton_20250111,2025-01-11,butler,Creighton,2025,156.0,139.14084,16.859161376953125,145.0,-5.859161376953125,0,1,0
butler_vs_seton hall_20250115,2025-01-15,butler,Seton Hall,2025,159.0,132.7127,26.28729248046875,137.0,-4.28729248046875,0,1,0
butler_vs_depaul_20250125,2025-01-25,butler,DePaul,2025,155.0,143.0521,11.947906494140625,144.0,-0.947906494140625,0,1,0
butler_vs_marquette_20250128,2025-01-28,butler,Marquette,2025,147.0,142.47565,4.52435302734375,147.0,-4.52435302734375,0,0,1
butler_vs_providence_20250208,2025-02-08,butler,Providence,2025,163.0,139.34253,23.657470703125,144.5,-5.157470703125,0,1,0
butler_vs_georgetown_20250215,2025-02-15,butler,Georgetown,2025,183.0,137.51602,45.483978271484375,140.0,-2.483978271484375,0,1,0
butler_vs_st. john's (ny)_20250226,2025-02-26,butler,St. John's (NY),2025,146.0,148.24951,2.24951171875,152.0,-3.75048828125,0,0,1
butler_vs_xavier_20250305,2025-03-05,butler,Xavier,2025,169.0,147.12796,21.872039794921875,152.5,-5.372039794921875,0,1,0
butler_vs_providence_20250312,2025-03-12,butler,Providence,2025,144.0,142.34766,1.65234375,147.5,-5.15234375,0,0,1
butler_vs_st. john's (ny)_20250313,2025-03-13,butler,St. John's (NY),2025,135.0,146.99767,11.997665405273438,145.5,1.4976654052734375,1,0,0
butler_vs_utah_20250331,2025-03-31,butler,Utah,2025,170.0,146.4366,23.563400268554688,,,0,0,1
california_vs_air force_20241121,2024-11-21,california,Air Force,2025,147.0,135.04707,11.952926635742188,136.0,-0.9529266357421875,0,1,0
california_vs_sacramento state_20241124,2024-11-24,california,Sacramento State,2025,160.0,143.6867,16.31329345703125,139.0,4.68670654296875,1,1,1
california_vs_mercyhurst_20241127,2024-11-27,california,Mercyhurst,2025,136.0,141.04993,5.0499267578125,140.5,0.5499267578125,1,0,0
california_vs_stanford_20241207,2024-12-07,california,Stanford,2025,170.0,147.48964,22.510360717773438,148.0,-0.5103607177734375,0,1,0
california_vs_cornell_20241210,2024-12-10,california,Cornell,2025,168.0,154.60619,13.393814086914062,166.5,-11.893814086914062,0,1,0
california_vs_northwestern state_20241214,2024-12-14,california,Northwestern State,2025,150.0,145.2491,4.7509002685546875,143.5,1.7490997314453125,1,1,1
california_vs_san diego state_20241221,2024-12-21,california,San Diego State,2025,121.0,145.90077,24.900772094726562,144.0,1.9007720947265625,1,0,0
california_vs_virginia_20250108,2025-01-08,california,Virginia,2025,136.0,135.30971,0.6902923583984375,129.5,5.8097076416015625,1,1,1
california_vs_virginia tech_20250111,2025-01-11,california,Virginia Tech,2025,139.0,147.0843,8.084304809570312,145.0,2.0843048095703125,1,0,0
california_vs_florida state_20250122,2025-01-22,california,Florida State,2025,145.0,152.25761,7.2576141357421875,148.5,3.7576141357421875,1,0,0
california_vs_miami (fl)_20250125,2025-01-25,california,Miami (FL),2025,192.0,148.98587,43.014129638671875,150.5,-1.514129638671875,0,1,0
california_vs_syracuse_20250201,2025-02-01,california,Syracuse,2025,141.0,153.82832,12.828323364257812,149.0,4.8283233642578125,1,0,0
california_vs_nc state_20250205,2025-02-05,california,NC State,2025,136.0,139.16338,3.1633758544921875,139.5,-0.3366241455078125,0,0,1
california_vs_wake forest_20250208,2025-02-08,california,Wake Forest,2025,142.0,140.7549,1.2451019287109375,142.5,-1.7451019287109375,0,0,1
california_vs_smu_20250226,2025-02-26,california,SMU,2025,158.0,150.6312,7.368804931640625,152.5,-1.868804931640625,0,1,0
california_vs_boston college_20250301,2025-03-01,california,Boston College,2025,153.0,145.87785,7.1221466064453125,144.5,1.3778533935546875,1,1,1
california_vs_virginia tech_20250311,2025-03-11,california,Virginia Tech,2025,155.0,143.18648,11.813522338867188,140.5,2.6864776611328125,1,1,1
california_vs_stanford_20250312,2025-03-12,california,Stanford,2025,151.0,145.27084,5.729156494140625,139.0,6.270843505859375,1,1,1
california-baptist_vs_liu_20241115,2024-11-15,california-baptist,LIU,2025,167.0,145.18257,21.817428588867188,148.0,-2.8174285888671875,0,1,0
california-baptist_vs_northern colorado_20241120,2024-11-20,california-baptist,Northern Colorado,2025,147.0,153.06842,6.06842041015625,150.5,2.56842041015625,1,0,0
california-baptist_vs_eastern washington_20241123,2024-11-23,california-baptist,Eastern Washington,2025,147.0,153.43665,6.4366455078125,152.0,1.4366455078125,1,0,0
california-baptist_vs_smu_20241126,2024-11-26,california-baptist,SMU,2025,156.0,155.77885,0.2211456298828125,153.0,2.7788543701171875,1,1,1
california-baptist_vs_fresno state_20241128,2024-11-28,california-baptist,Fresno State,2025,167.0,153.946,13.054000854492188,,,0,0,1
california-baptist_vs_jackson state_20241228,2024-12-28,california-baptist,Jackson State,2025,152.0,151.5865,0.4134979248046875,142.5,9.086502075195312,1,1,1
california-baptist_vs_uc irvine_20241230,2024-12-30,california-baptist,UC Irvine,2025,134.0,147.35112,13.351119995117188,143.0,4.3511199951171875,1,0,0
california-baptist_vs_seattle_20250104,2025-01-04,california-baptist,Seattle,2025,120.0,152.1821,32.182098388671875,141.5,10.682098388671875,1,0,0
california-baptist_vs_utah valley_20250123,2025-01-23,california-baptist,Utah Valley,2025,143.0,145.93596,2.9359588623046875,141.0,4.9359588623046875,1,1,1
california-baptist_vs_abilene christian_20250130,2025-01-30,california-baptist,Abilene Christian,2025,143.0,144.88316,1.8831634521484375,137.5,7.3831634521484375,1,1,1
california-baptist_vs_southern utah_20250206,2025-02-06,california-baptist,Southern Utah,2025,117.0,147.39659,30.396591186523438,143.5,3.8965911865234375,1,0,0
california-baptist_vs_grand canyon_20250208,2025-02-08,california-baptist,Grand Canyon,2025,156.0,147.28145,8.718551635742188,144.5,2.7814483642578125,1,1,1
california-baptist_vs_utah tech_20250215,2025-02-15,california-baptist,Utah Tech,2025,169.0,146.44409,22.555908203125,144.5,1.944091796875,1,1,1
california-baptist_vs_tarleton state_20250306,2025-03-06,california-baptist,Tarleton State,2025,116.0,135.4617,19.461700439453125,130.0,5.461700439453125,1,0,0
california-baptist_vs_ut arlington_20250308,2025-03-08,california-baptist,UT Arlington,2025,138.0,146.01118,8.011184692382812,144.5,1.5111846923828125,1,0,0
california-baptist_vs_tarleton state_20250313,2025-03-13,california-baptist,Tarleton State,2025,106.0,131.36464,25.364639282226562,128.0,3.3646392822265625,1,0,0
california-baptist_vs_grand canyon_20250314,2025-03-14,california-baptist,Grand Canyon,2025,141.0,143.14345,2.1434478759765625,140.5,2.6434478759765625,1,1,1
california-davis_vs_norfolk state_20241125,2024-11-25,california-davis,Norfolk State,2025,131.0,147.14624,16.146240234375,145.5,1.646240234375,1,0,0
california-davis_vs_cal poly_20241205,2024-12-05,california-davis,Cal Poly,2025,143.0,152.43457,9.4345703125,158.5,-6.0654296875,0,0,1
california-davis_vs_uc santa barbara_20241207,2024-12-07,california-davis,UC Santa Barbara,2025,131.0,144.204,13.203994750976562,145.0,-0.7960052490234375,0,0,1
california-davis_vs_idaho_20241218,2024-12-18,california-davis,Idaho,2025,140.0,146.07893,6.0789337158203125,141.5,4.5789337158203125,1,0,0
california-davis_vs_cal state fullerton_20250109,2025-01-09,california-davis,Cal State Fullerton,2025,116.0,133.15074,17.150741577148438,135.5,-2.3492584228515625,0,0,1
california-davis_vs_long beach state_20250111,2025-01-11,california-davis,Long Beach State,2025,157.0,135.03957,21.960433959960938,135.5,-0.4604339599609375,0,1,0
california-davis_vs_hawaii_20250123,2025-01-23,california-davis,Hawaii,2025,134.0,136.00388,2.003875732421875,134.0,2.003875732421875,1,0,0
california-davis_vs_uc riverside_20250213,2025-02-13,california-davis,UC Riverside,2025,149.0,142.88016,6.119842529296875,134.5,8.380157470703125,1,1,1
california-davis_vs_cal state bakersfield_20250220,2025-02-20,california-davis,Cal State Bakersfield,2025,137.0,141.96481,4.964813232421875,137.0,4.964813232421875,1,0,0
california-davis_vs_cal state northridge_20250222,2025-02-22,california-davis,Cal State Northridge,2025,127.0,146.17851,19.178512573242188,146.0,0.1785125732421875,1,0,0
california-davis_vs_uc irvine_20250306,2025-03-06,california-davis,UC Irvine,2025,147.0,138.68333,8.316665649414062,134.0,4.6833343505859375,1,1,1
california-davis_vs_cal poly_20250312,2025-03-12,california-davis,Cal Poly,2025,162.0,152.44348,9.5565185546875,149.5,2.9434814453125,1,1,1
california-irvine_vs_pepperdine_20241116,2024-11-16,california-irvine,Pepperdine,2025,142.0,142.75847,0.7584686279296875,144.0,-1.2415313720703125,0,0,1
california-irvine_vs_kennesaw state_20241128,2024-11-28,california-irvine,Kennesaw State,2025,135.0,152.61981,17.61981201171875,154.0,-1.38018798828125,0,0,1
california-irvine_vs_kent state_20241129,2024-11-29,california-irvine,Kent State,2025,90.0,139.54967,49.54966735839844,136.5,3.0496673583984375,1,0,0
california-irvine_vs_towson_20241130,2024-11-30,california-irvine,Towson,2025,127.0,135.76555,8.765548706054688,128.5,7.2655487060546875,1,0,0
california-irvine_vs_cal state bakersfield_20241205,2024-12-05,california-irvine,Cal State Bakersfield,2025,148.0,141.29413,6.70587158203125,135.0,6.29412841796875,1,1,1
california-irvine_vs_uc riverside_20250104,2025-01-04,california-irvine,UC Riverside,2025,138.0,141.46156,3.4615631103515625,141.5,-0.0384368896484375,0,0,1
california-irvine_vs_cal state fullerton_20250116,2025-01-16,california-irvine,Cal State Fullerton,2025,144.0,132.42744,11.572555541992188,136.0,-3.5725555419921875,0,1,0
california-irvine_vs_cal poly_20250118,2025-01-18,california-irvine,Cal Poly,2025,172.0,152.44139,19.558609008789062,152.5,-0.0586090087890625,0,1,0
california-irvine_vs_hawaii_20250125,2025-01-25,california-irvine,Hawaii,2025,126.0,140.28842,14.288421630859375,138.5,1.788421630859375,1,0,0
california-irvine_vs_uc davis_20250201,2025-02-01,california-irvine,UC Davis,2025,139.0,136.14491,2.8550872802734375,133.5,2.6449127197265625,1,1,1
california-irvine_vs_uc santa barbara_20250213,2025-02-13,california-irvine,UC Santa Barbara,2025,122.0,144.76686,22.766860961914062,142.5,2.2668609619140625,1,0,0
california-irvine_vs_cal state northridge_20250220,2025-02-20,california-irvine,Cal State Northridge,2025,156.0,148.06163,7.9383697509765625,150.5,-2.4383697509765625,0,1,0
california-irvine_vs_long beach state_20250301,2025-03-01,california-irvine,Long Beach State,2025,130.0,142.00444,12.004440307617188,136.5,5.5044403076171875,1,0,0
california-irvine_vs_cal poly_20250314,2025-03-14,california-irvine,Cal Poly,2025,174.0,154.55917,19.440826416015625,161.5,-6.940826416015625,0,1,0
california-irvine_vs_northern colorado_20250319,2025-03-19,california-irvine,Northern Colorado,2025,154.0,146.50299,7.49700927734375,155.5,-8.99700927734375,0,0,1
california-irvine_vs_jacksonville state_20250323,2025-03-23,california-irvine,Jacksonville State,2025,127.0,142.21169,15.211685180664062,141.5,0.7116851806640625,1,0,0
california-irvine_vs_uab_20250326,2025-03-26,california-irvine,UAB,2025,158.0,151.88692,6.1130828857421875,156.0,-4.1130828857421875,0,1,0
california-irvine_vs_north texas_20250401,2025-04-01,california-irvine,North Texas,2025,136.0,132.17471,3.825286865234375,127.5,4.674713134765625,1,1,1
california-irvine_vs_chattanooga_20250403,2025-04-03,california-irvine,Chattanooga,2025,169.0,146.51212,22.487884521484375,145.5,1.012115478515625,1,1,1
california-riverside_vs_alcorn state_20241124,2024-11-24,california-riverside,Alcorn State,2025,121.0,138.76445,17.764450073242188,137.0,1.7644500732421875,1,0,0
california-riverside_vs_cal state fullerton_20241207,2024-12-07,california-riverside,Cal State Fullerton,2025,143.0,133.8282,9.171798706054688,135.0,-1.1717987060546875,0,1,0
california-riverside_vs_montana state_20241218,2024-12-18,california-riverside,Montana State,2025,163.0,144.14256,18.857437133789062,143.0,1.1425628662109375,1,1,1
california-riverside_vs_st. thomas_20241229,2024-12-29,california-riverside,St. Thomas,2025,160.0,149.84656,10.1534423828125,149.5,0.3465576171875,1,1,1
california-riverside_vs_hawaii_20250109,2025-01-09,california-riverside,Hawaii,2025,159.0,135.57925,23.420745849609375,135.5,0.079254150390625,1,1,1
california-riverside_vs_uc irvine_20250123,2025-01-23,california-riverside,UC Irvine,2025,164.0,142.59528,21.40472412109375,143.0,-0.40472412109375,0,1,0
california-riverside_vs_uc davis_20250130,2025-01-30,california-riverside,UC Davis,2025,118.0,142.01501,24.0150146484375,137.0,5.0150146484375,1,0,0
california-riverside_vs_cal poly_20250201,2025-02-01,california-riverside,Cal Poly,2025,142.0,161.42302,19.423019409179688,159.0,2.4230194091796875,1,0,0
california-riverside_vs_cal state bakersfield_20250208,2025-02-08,california-riverside,Cal State Bakersfield,2025,133.0,147.27052,14.270523071289062,145.0,2.2705230712890625,1,0,0
california-riverside_vs_uc santa barbara_20250215,2025-02-15,california-riverside,UC Santa Barbara,2025,150.0,143.38712,6.612884521484375,143.5,-0.112884521484375,0,1,0
california-riverside_vs_long beach state_20250220,2025-02-20,california-riverside,Long Beach State,2025,153.0,144.4383,8.56170654296875,141.5,2.93829345703125,1,1,1
california-riverside_vs_cal state northridge_20250306,2025-03-06,california-riverside,Cal State Northridge,2025,173.0,156.7591,16.24090576171875,158.0,-1.24090576171875,0,1,0
california-riverside_vs_cal poly_20250313,2025-03-13,california-riverside,Cal Poly,2025,179.0,159.96169,19.038314819335938,164.0,-4.0383148193359375,0,1,0
california-san-diego_vs_san diego state_20241106,2024-11-06,california-san-diego,San Diego State,2025,121.0,140.51636,19.516357421875,141.0,-0.483642578125,0,0,1
san-diego_vs_idaho state_20241116,2024-11-16,san-diego,Idaho State,2025,144.0,132.54996,11.450042724609375,138.0,-5.450042724609375,0,1,0
california-san-diego_vs_seattle_20241116,2024-11-16,california-san-diego,Seattle,2025,155.0,143.3412,11.658798217773438,140.0,3.3412017822265625,1,1,1
california-san-diego_vs_la salle_20241121,2024-11-21,california-san-diego,La Salle,2025,139.0,142.54565,3.545654296875,144.5,-1.954345703125,0,0,1
california-san-diego_vs_james madison_20241122,2024-11-22,california-san-diego,James Madison,2025,140.0,144.48604,4.4860382080078125,142.5,1.9860382080078125,1,0,0
san-diego_vs_southern utah_20241122,2024-11-22,san-diego,Southern Utah,2025,139.0,146.96129,7.9612884521484375,151.0,-4.0387115478515625,0,0,1
california-san-diego_vs_toledo_20241123,2024-11-23,california-san-diego,Toledo,2025,125.0,147.44684,22.44683837890625,155.0,-7.55316162109375,0,0,1
san-diego_vs_idaho_20241124,2024-11-24,san-diego,Idaho,2025,129.0,145.91011,16.910110473632812,146.5,-0.5898895263671875,0,0,1
california-san-diego_vs_uc santa barbara_20241205,2024-12-05,california-san-diego,UC Santa Barbara,2025,160.0,140.23387,19.766128540039062,141.0,-0.7661285400390625,0,1,0
california-san-diego_vs_cal state bakersfield_20241207,2024-12-07,california-san-diego,Cal State Bakersfield,2025,141.0,141.3164,0.31640625,136.0,5.31640625,1,1,1
san-diego_vs_long beach state_20241210,2024-12-10,san-diego,Long Beach State,2025,146.0,133.40323,12.596771240234375,140.0,-6.596771240234375,0,1,0
california-san-diego_vs_idaho_20241215,2024-12-15,california-san-diego,Idaho,2025,136.0,143.76718,7.767181396484375,141.0,2.767181396484375,1,0,0
california-san-diego_vs_utah state_20241217,2024-12-17,california-san-diego,Utah State,2025,148.0,147.66823,0.3317718505859375,150.0,-2.3317718505859375,0,0,1
california-san-diego_vs_san diego_20241221,2024-12-21,california-san-diego,San Diego,2025,148.0,136.77928,11.220718383789062,144.5,-7.7207183837890625,0,1,0
san-diego_vs_grand canyon_20241228,2024-12-28,san-diego,Grand Canyon,2025,123.0,144.73347,21.733474731445312,146.5,-1.7665252685546875,0,0,1
san-diego_vs_pacific_20241230,2024-12-30,san-diego,Pacific,2025,140.0,139.58905,0.41094970703125,144.5,-4.91094970703125,0,0,1
san-diego_vs_santa clara_20250102,2025-01-02,san-diego,Santa Clara,2025,161.0,148.74089,12.259109497070312,152.5,-3.7591094970703125,0,1,0
california-san-diego_vs_cal state fullerton_20250104,2025-01-04,california-san-diego,Cal State Fullerton,2025,141.0,133.7034,7.296600341796875,136.5,-2.796600341796875,0,1,0
california-san-diego_vs_cal poly_20250109,2025-01-09,california-san-diego,Cal Poly,2025,163.0,157.33455,5.6654510498046875,158.5,-1.1654510498046875,0,1,0
california-san-diego_vs_uc irvine_20250111,2025-01-11,california-san-diego,UC Irvine,2025,112.0,138.64543,26.645431518554688,139.5,-0.8545684814453125,0,0,1
california-san-diego_vs_long beach state_20250116,2025-01-16,california-san-diego,Long Beach State,2025,134.0,136.06532,2.0653228759765625,136.0,0.0653228759765625,1,0,0
san-diego_vs_washington state_20250116,2025-01-16,san-diego,Washington State,2025,126.0,147.89299,21.892990112304688,153.5,-5.6070098876953125,0,0,1
california-san-diego_vs_uc riverside_20250118,2025-01-18,california-san-diego,UC Riverside,2025,166.0,141.64551,24.3544921875,141.0,0.6455078125,1,1,1
california-san-diego_vs_uc santa barbara_20250123,2025-01-23,california-san-diego,UC Santa Barbara,2025,140.0,137.64641,2.3535919189453125,137.5,0.1464080810546875,1,1,1
california-san-diego_vs_cal state northridge_20250125,2025-01-25,california-san-diego,Cal State Northridge,2025,133.0,149.64142,16.64141845703125,150.0,-0.35858154296875,0,0,1
san-diego_vs_pepperdine_20250130,2025-01-30,san-diego,Pepperdine,2025,188.0,141.53127,46.46873474121094,148.0,-6.4687347412109375,0,1,0
california-san-diego_vs_hawaii_20250131,2025-01-31,california-san-diego,Hawaii,2025,137.0,143.42172,6.421722412109375,,,0,0,1
san-diego_vs_loyola marymount_20250201,2025-02-01,san-diego,Loyola Marymount,2025,140.0,141.00351,1.003509521484375,143.5,-2.496490478515625,0,0,1
california-san-diego_vs_uc riverside_20250206,2025-02-06,california-san-diego,UC Riverside,2025,162.0,144.53162,17.4683837890625,140.0,4.5316162109375,1,1,1
california-san-diego_vs_uc irvine_20250208,2025-02-08,california-san-diego,UC Irvine,2025,152.0,142.95734,9.04266357421875,139.5,3.45733642578125,1,1,1
california-san-diego_vs_cal state bakersfield_20250213,2025-02-13,california-san-diego,Cal State Bakersfield,2025,127.0,147.2305,20.230499267578125,140.5,6.730499267578125,1,0,0
california-san-diego_vs_uc davis_20250215,2025-02-15,california-san-diego,UC Davis,2025,145.0,140.45853,4.541473388671875,134.5,5.958526611328125,1,1,1
san-diego_vs_san francisco_20250215,2025-02-15,san-diego,San Francisco,2025,145.0,143.59221,1.4077911376953125,150.5,-6.9077911376953125,0,0,1
california-san-diego_vs_cal poly_20250220,2025-02-20,california-san-diego,Cal Poly,2025,148.0,158.4011,10.401092529296875,160.5,-2.098907470703125,0,0,1
california-san-diego_vs_hawaii_20250222,2025-02-22,california-san-diego,Hawaii,2025,127.0,144.31651,17.316513061523438,138.5,5.8165130615234375,1,0,0
san-diego_vs_oregon state_20250222,2025-02-22,san-diego,Oregon State,2025,156.0,145.70346,10.296539306640625,145.5,0.203460693359375,1,1,1
california-san-diego_vs_cal state northridge_20250227,2025-02-27,california-san-diego,Cal State Northridge,2025,148.0,153.94527,5.9452667236328125,148.5,5.4452667236328125,1,0,0
california-san-diego_vs_cal state fullerton_20250301,2025-03-01,california-san-diego,Cal State Fullerton,2025,155.0,137.93144,17.068557739257812,142.5,-4.5685577392578125,0,1,0
san-diego_vs_portland_20250301,2025-03-01,san-diego,Portland,2025,162.0,151.96436,10.03564453125,159.5,-7.53564453125,0,1,0
california-san-diego_vs_long beach state_20250306,2025-03-06,california-san-diego,Long Beach State,2025,133.0,142.11275,9.112747192382812,137.0,5.1127471923828125,1,0,0
san-diego_vs_pacific_20250306,2025-03-06,san-diego,Pacific,2025,158.0,145.20107,12.798934936523438,147.5,-2.2989349365234375,0,1,0
san-diego_vs_loyola marymount_20250307,2025-03-07,san-diego,Loyola Marymount,2025,174.0,142.57399,31.426010131835938,147.0,-4.4260101318359375,0,1,0
california-san-diego_vs_uc davis_20250308,2025-03-08,california-san-diego,UC Davis,2025,125.0,140.34149,15.34149169921875,136.5,3.84149169921875,1,0,0
california-san-diego_vs_uc santa barbara_20250314,2025-03-14,california-san-diego,UC Santa Barbara,2025,120.0,146.96098,26.960983276367188,138.5,8.460983276367188,1,0,0
california-san-diego_vs_uc irvine_20250315,2025-03-15,california-san-diego,UC Irvine,2025,136.0,145.45349,9.4534912109375,136.5,8.9534912109375,1,0,0
california-san-diego_vs_michigan_20250320,2025-03-20,california-san-diego,Michigan,2025,133.0,146.07553,13.075531005859375,144.0,2.075531005859375,1,0,0
california-santa-barbara_vs_utep_20241120,2024-11-20,california-santa-barbara,UTEP,2025,155.0,150.19168,4.808319091796875,145.5,4.691680908203125,1,1,1
california-santa-barbara_vs_eastern washington_20241126,2024-11-26,california-santa-barbara,Eastern Washington,2025,118.0,151.95222,33.95222473144531,151.5,0.4522247314453125,1,0,0
california-santa-barbara_vs_mississippi valley state_20241129,2024-11-29,california-santa-barbara,Mississippi Valley State,2025,129.0,134.40105,5.4010467529296875,134.5,-0.0989532470703125,0,0,1
california-santa-barbara_vs_green bay_20241214,2024-12-14,california-santa-barbara,Green Bay,2025,149.0,146.9295,2.07049560546875,152.5,-5.57049560546875,0,0,1
california-santa-barbara_vs_cal state bakersfield_20250109,2025-01-09,california-santa-barbara,Cal State Bakersfield,2025,144.0,141.05534,2.9446563720703125,136.5,4.5553436279296875,1,1,1
california-santa-barbara_vs_uc riverside_20250116,2025-01-16,california-santa-barbara,UC Riverside,2025,129.0,140.4961,11.49609375,140.5,-0.00390625,0,0,1
california-santa-barbara_vs_uc davis_20250118,2025-01-18,california-santa-barbara,UC Davis,2025,124.0,138.67305,14.673049926757812,136.0,2.6730499267578125,1,0,0
california-santa-barbara_vs_cal state northridge_20250130,2025-01-30,california-santa-barbara,Cal State Northridge,2025,149.0,148.08867,0.9113311767578125,147.0,1.0886688232421875,1,1,1
california-santa-barbara_vs_long beach state_20250201,2025-02-01,california-santa-barbara,Long Beach State,2025,139.0,139.20029,0.200286865234375,137.0,2.200286865234375,1,1,1
california-santa-barbara_vs_hawaii_20250208,2025-02-08,california-santa-barbara,Hawaii,2025,148.0,140.59909,7.400909423828125,137.0,3.599090576171875,1,1,1
california-santa-barbara_vs_cal state fullerton_20250220,2025-02-20,california-santa-barbara,Cal State Fullerton,2025,142.0,135.73297,6.26702880859375,144.5,-8.76702880859375,0,0,1
california-santa-barbara_vs_cal poly_20250227,2025-02-27,california-santa-barbara,Cal Poly,2025,173.0,158.06589,14.934112548828125,158.5,-0.434112548828125,0,1,0
california-santa-barbara_vs_uc irvine_20250308,2025-03-08,california-santa-barbara,UC Irvine,2025,185.0,140.24745,44.75254821777344,140.5,-0.2525482177734375,0,1,0
california-santa-barbara_vs_cal state bakersfield_20250312,2025-03-12,california-santa-barbara,Cal State Bakersfield,2025,137.0,142.88402,5.8840179443359375,143.0,-0.1159820556640625,0,0,1
california-santa-barbara_vs_cal state northridge_20250313,2025-03-13,california-santa-barbara,Cal State Northridge,2025,150.0,149.80103,0.198974609375,151.5,-1.698974609375,0,0,1
cal-poly_vs_seattle_20241114,2024-11-14,cal-poly,Seattle,2025,146.0,148.38132,2.381317138671875,152.5,-4.118682861328125,0,0,1
cal-poly_vs_cal state northridge_20241207,2024-12-07,cal-poly,Cal State Northridge,2025,193.0,157.49548,35.5045166015625,159.5,-2.0045166015625,0,1,0
cal-poly_vs_denver_20241217,2024-12-17,cal-poly,Denver,2025,189.0,155.80986,33.19013977050781,161.5,-5.6901397705078125,0,1,0
cal-poly_vs_uc irvine_20250102,2025-01-02,cal-poly,UC Irvine,2025,187.0,153.8908,33.10920715332031,158.5,-4.6092071533203125,0,1,0
cal-poly_vs_uc santa barbara_20250111,2025-01-11,cal-poly,UC Santa Barbara,2025,147.0,155.24548,8.2454833984375,157.0,-1.7545166015625,0,0,1
cal-poly_vs_uc davis_20250116,2025-01-16,cal-poly,UC Davis,2025,119.0,156.77641,37.77641296386719,157.0,-0.2235870361328125,0,0,1
cal-poly_vs_long beach state_20250125,2025-01-25,cal-poly,Long Beach State,2025,147.0,154.17389,7.17388916015625,152.5,1.67388916015625,1,0,0
cal-poly_vs_hawaii_20250206,2025-02-06,cal-poly,Hawaii,2025,142.0,154.47925,12.479248046875,152.5,1.979248046875,1,0,0
cal-poly_vs_uc riverside_20250222,2025-02-22,cal-poly,UC Riverside,2025,212.0,159.83786,52.162139892578125,163.0,-3.162139892578125,0,1,0
cal-poly_vs_cal state bakersfield_20250301,2025-03-01,cal-poly,Cal State Bakersfield,2025,170.0,159.16415,10.835845947265625,161.5,-2.335845947265625,0,1,0
cal-poly_vs_cal state fullerton_20250306,2025-03-06,cal-poly,Cal State Fullerton,2025,161.0,156.25183,4.7481689453125,164.5,-8.2481689453125,0,0,1
cal-state-bakersfield_vs_fresno state_20241116,2024-11-16,cal-state-bakersfield,Fresno State,2025,130.0,149.29991,19.299911499023438,150.5,-1.2000885009765625,0,0,1
cal-state-bakersfield_vs_florida international_20241123,2024-11-23,cal-state-bakersfield,Florida International,2025,149.0,149.128,0.1280059814453125,142.0,7.1280059814453125,1,1,1
cal-state-bakersfield_vs_northeastern_20241124,2024-11-24,cal-state-bakersfield,Northeastern,2025,128.0,139.44713,11.447128295898438,130.5,8.947128295898438,1,0,0
cal-state-bakersfield_vs_portland state_20241221,2024-12-21,cal-state-bakersfield,Portland State,2025,117.0,153.30267,36.30267333984375,143.5,9.80267333984375,1,0,0
cal-state-bakersfield_vs_uc davis_20250102,2025-01-02,cal-state-bakersfield,UC Davis,2025,139.0,140.99045,1.990447998046875,136.5,4.490447998046875,1,1,1
cal-state-bakersfield_vs_long beach state_20250104,2025-01-04,cal-state-bakersfield,Long Beach State,2025,145.0,134.69037,10.30963134765625,134.0,0.69036865234375,1,1,1
cal-state-bakersfield_vs_cal state northridge_20250111,2025-01-11,cal-state-bakersfield,Cal State Northridge,2025,184.0,147.77585,36.224151611328125,143.5,4.275848388671875,1,1,1
cal-state-bakersfield_vs_uc riverside_20250125,2025-01-25,cal-state-bakersfield,UC Riverside,2025,162.0,144.78351,17.21649169921875,145.5,-0.71649169921875,0,1,0
cal-state-bakersfield_vs_cal poly_20250130,2025-01-30,cal-state-bakersfield,Cal Poly,2025,171.0,158.5471,12.452896118164062,160.0,-1.4528961181640625,0,1,0
cal-state-bakersfield_vs_uc santa barbara_20250206,2025-02-06,cal-state-bakersfield,UC Santa Barbara,2025,156.0,142.41573,13.584274291992188,142.5,-0.0842742919921875,0,1,0
cal-state-bakersfield_vs_cal state fullerton_20250215,2025-02-15,cal-state-bakersfield,Cal State Fullerton,2025,145.0,137.13135,7.86865234375,142.5,-5.36865234375,0,1,0
cal-state-bakersfield_vs_uc irvine_20250222,2025-02-22,cal-state-bakersfield,UC Irvine,2025,137.0,141.64653,4.6465301513671875,140.5,1.1465301513671875,1,0,0
cal-state-bakersfield_vs_hawaii_20250306,2025-03-06,cal-state-bakersfield,Hawaii,2025,140.0,146.33707,6.337066650390625,141.0,5.337066650390625,1,0,0
cal-state-fullerton_vs_idaho state_20241118,2024-11-18,cal-state-fullerton,Idaho State,2025,123.0,132.6047,9.604705810546875,134.0,-1.395294189453125,0,0,1
cal-state-fullerton_vs_long beach state_20241205,2024-12-05,cal-state-fullerton,Long Beach State,2025,129.0,130.66315,1.66314697265625,127.0,3.66314697265625,1,1,1
cal-state-fullerton_vs_denver_20241215,2024-12-15,cal-state-fullerton,Denver,2025,133.0,137.74265,4.742645263671875,137.0,0.742645263671875,1,0,0
cal-state-fullerton_vs_wyoming_20241222,2024-12-22,cal-state-fullerton,Wyoming,2025,142.0,135.42958,6.5704193115234375,130.5,4.9295806884765625,1,1,1
cal-state-fullerton_vs_cal state northridge_20250102,2025-01-02,cal-state-fullerton,Cal State Northridge,2025,160.0,140.8584,19.1416015625,142.0,-1.1416015625,0,1,0
cal-state-fullerton_vs_hawaii_20250111,2025-01-11,cal-state-fullerton,Hawaii,2025,181.0,134.25175,46.74824523925781,129.5,4.7517547607421875,1,1,1
cal-state-fullerton_vs_cal state bakersfield_20250123,2025-01-23,cal-state-fullerton,Cal State Bakersfield,2025,139.0,137.05902,1.94097900390625,142.5,-5.44097900390625,0,0,1
cal-state-fullerton_vs_uc santa barbara_20250125,2025-01-25,cal-state-fullerton,UC Santa Barbara,2025,158.0,135.15668,22.84332275390625,141.5,-6.34332275390625,0,1,0
cal-state-fullerton_vs_uc davis_20250208,2025-02-08,cal-state-fullerton,UC Davis,2025,114.0,133.54031,19.540313720703125,135.5,-1.959686279296875,0,0,1
cal-state-fullerton_vs_cal poly_20250213,2025-02-13,cal-state-fullerton,Cal Poly,2025,181.0,154.5082,26.491806030273438,158.5,-3.9918060302734375,0,1,0
cal-state-fullerton_vs_uc irvine_20250227,2025-02-27,cal-state-fullerton,UC Irvine,2025,127.0,138.865,11.865005493164062,142.5,-3.6349945068359375,0,0,1
cal-state-fullerton_vs_uc riverside_20250308,2025-03-08,cal-state-fullerton,UC Riverside,2025,123.0,145.85228,22.852279663085938,149.5,-3.6477203369140625,0,0,1
cal-state-northridge_vs_utah tech_20241124,2024-11-24,cal-state-northridge,Utah Tech,2025,168.0,149.06476,18.93524169921875,155.0,-5.93524169921875,0,1,0
cal-state-northridge_vs_denver_20241125,2024-11-25,cal-state-northridge,Denver,2025,149.0,149.25916,0.2591552734375,155.0,-5.7408447265625,0,0,1
cal-state-northridge_vs_uc riverside_20241205,2024-12-05,cal-state-northridge,UC Riverside,2025,132.0,150.3467,18.346694946289062,151.0,-0.6533050537109375,0,0,1
cal-state-northridge_vs_chicago state_20241221,2024-12-21,cal-state-northridge,Chicago State,2025,138.0,148.31006,10.31005859375,150.5,-2.18994140625,0,0,1
cal-state-northridge_vs_uc davis_20250104,2025-01-04,cal-state-northridge,UC Davis,2025,134.0,144.86089,10.860885620117188,150.5,-5.6391143798828125,0,0,1
cal-state-northridge_vs_uc irvine_20250109,2025-01-09,cal-state-northridge,UC Irvine,2025,144.0,143.61255,0.387451171875,148.5,-4.887451171875,0,0,1
cal-state-northridge_vs_long beach state_20250123,2025-01-23,cal-state-northridge,Long Beach State,2025,162.0,143.24527,18.754730224609375,146.5,-3.254730224609375,0,1,0
cal-state-northridge_vs_cal state bakersfield_20250201,2025-02-01,cal-state-northridge,Cal State Bakersfield,2025,150.0,149.73749,0.26251220703125,151.5,-1.76251220703125,0,0,1
cal-state-northridge_vs_cal state fullerton_20250206,2025-02-06,cal-state-northridge,Cal State Fullerton,2025,145.0,142.77837,2.2216339111328125,153.0,-10.221633911132812,0,0,1
cal-state-northridge_vs_cal poly_20250215,2025-02-15,cal-state-northridge,Cal Poly,2025,174.0,159.07721,14.92279052734375,171.5,-12.42279052734375,0,1,0
cal-state-northridge_vs_uc santa barbara_20250301,2025-03-01,cal-state-northridge,UC Santa Barbara,2025,180.0,144.09784,35.90216064453125,149.0,-4.90216064453125,0,1,0
cal-state-northridge_vs_hawaii_20250308,2025-03-08,cal-state-northridge,Hawaii,2025,155.0,147.39113,7.6088714599609375,150.5,-3.1088714599609375,0,1,0
campbell_vs_coastal carolina_20241204,2024-12-04,campbell,Coastal Carolina,2025,115.0,131.35626,16.35626220703125,131.5,-0.14373779296875,0,0,1
campbell_vs_longwood_20241218,2024-12-18,campbell,Longwood,2025,132.0,144.14697,12.14697265625,142.5,1.64697265625,1,0,0
campbell_vs_drexel_20250102,2025-01-02,campbell,Drexel,2025,111.0,137.07898,26.0789794921875,137.0,0.0789794921875,1,0,0
campbell_vs_college of charleston_20250116,2025-01-16,campbell,College of Charleston,2025,128.0,147.82011,19.820114135742188,152.5,-4.6798858642578125,0,0,1
campbell_vs_monmouth_20250118,2025-01-18,campbell,Monmouth,2025,139.0,137.21562,1.7843780517578125,139.5,-2.2843780517578125,0,0,1
campbell_vs_william & mary_20250130,2025-01-30,campbell,William & Mary,2025,151.0,148.57147,2.42852783203125,155.0,-6.42852783203125,0,0,1
campbell_vs_hofstra_20250201,2025-02-01,campbell,Hofstra,2025,127.0,131.981,4.9810028076171875,128.0,3.9810028076171875,1,0,0
campbell_vs_elon_20250206,2025-02-06,campbell,Elon,2025,134.0,136.75461,2.754608154296875,139.0,-2.245391845703125,0,0,1
campbell_vs_north carolina a&t_20250210,2025-02-10,campbell,North Carolina A&T,2025,128.0,144.6188,16.618804931640625,139.5,5.118804931640625,1,0,0
campbell_vs_towson_20250222,2025-02-22,campbell,Towson,2025,143.0,131.06879,11.93121337890625,132.0,-0.93121337890625,0,1,0
campbell_vs_unc wilmington_20250227,2025-02-27,campbell,UNC Wilmington,2025,139.0,141.2788,2.2787933349609375,139.0,2.2787933349609375,1,0,0
campbell_vs_delaware_20250308,2025-03-08,campbell,Delaware,2025,141.0,146.19069,5.1906890869140625,146.5,-0.3093109130859375,0,0,1
canisius_vs_siu edwardsville_20241116,2024-11-16,canisius,SIU Edwardsville,2025,134.0,137.61925,3.6192474365234375,142.0,-4.3807525634765625,0,0,1
canisius_vs_brown_20241123,2024-11-23,canisius,Brown,2025,159.0,138.64175,20.358245849609375,145.0,-6.358245849609375,0,1,0
canisius_vs_merrimack_20241206,2024-12-06,canisius,Merrimack,2025,112.0,131.92712,19.9271240234375,133.5,-1.5728759765625,0,0,1
canisius_vs_siena_20241208,2024-12-08,canisius,Siena,2025,119.0,136.04128,17.041275024414062,134.5,1.5412750244140625,1,0,0
canisius_vs_maine_20241214,2024-12-14,canisius,Maine,2025,163.0,135.64494,27.355056762695312,134.5,1.1449432373046875,1,1,1
canisius_vs_rider_20250110,2025-01-10,canisius,Rider,2025,152.0,135.09865,16.901351928710938,139.0,-3.9013519287109375,0,1,0
canisius_vs_saint peter's_20250112,2025-01-12,canisius,Saint Peter's,2025,111.0,133.0168,22.016799926757812,132.0,1.0167999267578125,1,0,0
canisius_vs_sacred heart_20250123,2025-01-23,canisius,Sacred Heart,2025,177.0,141.74947,35.25053405761719,150.5,-8.750534057617188,0,1,0
canisius_vs_marist_20250125,2025-01-25,canisius,Marist,2025,117.0,135.11012,18.110122680664062,132.0,3.1101226806640625,1,0,0
canisius_vs_niagara_20250131,2025-01-31,canisius,Niagara,2025,127.0,136.42233,9.422332763671875,135.5,0.922332763671875,1,0,0
canisius_vs_mount st. mary's_20250216,2025-02-16,canisius,Mount St. Mary's,2025,139.0,138.28722,0.7127838134765625,140.5,-2.2127838134765625,0,0,1
canisius_vs_manhattan_20250228,2025-02-28,canisius,Manhattan,2025,149.0,142.34671,6.653289794921875,148.5,-6.153289794921875,0,1,0
canisius_vs_iona_20250302,2025-03-02,canisius,Iona,2025,134.0,133.4484,0.551605224609375,142.5,-9.051605224609375,0,0,1
central-arkansas_vs_southeast missouri state_20241121,2024-11-21,central-arkansas,Southeast Missouri State,2025,150.0,151.29762,1.2976226806640625,149.0,2.2976226806640625,1,1,1
central-arkansas_vs_unc asheville_20241124,2024-11-24,central-arkansas,UNC Asheville,2025,175.0,149.1242,25.87579345703125,144.0,5.12420654296875,1,1,1
central-arkansas_vs_the citadel_20241216,2024-12-16,central-arkansas,The Citadel,2025,144.0,146.69441,2.6944122314453125,137.5,9.194412231445312,1,1,1
central-arkansas_vs_eastern kentucky_20250102,2025-01-02,central-arkansas,Eastern Kentucky,2025,172.0,150.65114,21.348861694335938,152.0,-1.3488616943359375,0,1,0
central-arkansas_vs_bellarmine_20250104,2025-01-04,central-arkansas,Bellarmine,2025,136.0,148.8085,12.808502197265625,145.5,3.308502197265625,1,0,0
central-arkansas_vs_austin peay_20250123,2025-01-23,central-arkansas,Austin Peay,2025,144.0,141.62091,2.37908935546875,135.5,6.12091064453125,1,1,1
central-arkansas_vs_lipscomb_20250125,2025-01-25,central-arkansas,Lipscomb,2025,123.0,149.02882,26.028823852539062,143.0,6.0288238525390625,1,0,0
central-arkansas_vs_west georgia_20250129,2025-01-29,central-arkansas,West Georgia,2025,145.0,146.26395,1.263946533203125,139.0,7.263946533203125,1,1,1
central-arkansas_vs_queens (nc)_20250205,2025-02-05,central-arkansas,Queens (NC),2025,110.0,151.23761,41.23760986328125,145.0,6.23760986328125,1,0,0
central-arkansas_vs_jacksonville_20250213,2025-02-13,central-arkansas,Jacksonville,2025,139.0,144.75038,5.7503814697265625,135.5,9.250381469726562,1,1,1
central-arkansas_vs_north florida_20250215,2025-02-15,central-arkansas,North Florida,2025,167.0,158.9219,8.078094482421875,157.5,1.421905517578125,1,1,1
central-arkansas_vs_north alabama_20250224,2025-02-24,central-arkansas,North Alabama,2025,163.0,149.00537,13.99462890625,144.5,4.50537109375,1,1,1
central-arkansas_vs_stetson_20250302,2025-03-02,central-arkansas,Stetson,2025,149.0,148.69643,0.3035736083984375,141.5,7.1964263916015625,1,1,1
central-connecticut-state_vs_northeastern_20241116,2024-11-16,central-connecticut-state,Northeastern,2025,142.0,139.50188,2.4981231689453125,138.0,1.5018768310546875,1,1,1
central-connecticut-state_vs_binghamton_20241124,2024-11-24,central-connecticut-state,Binghamton,2025,120.0,138.39098,18.390975952148438,135.0,3.3909759521484375,1,0,0
central-connecticut-state_vs_umass lowell_20241201,2024-12-01,central-connecticut-state,UMass Lowell,2025,136.0,147.124,11.123992919921875,143.5,3.623992919921875,1,0,0
central-connecticut-state_vs_quinnipiac_20241221,2024-12-21,central-connecticut-state,Quinnipiac,2025,164.0,137.61774,26.38226318359375,138.5,-0.88226318359375,0,1,0
central-connecticut-state_vs_wagner_20250110,2025-01-10,central-connecticut-state,Wagner,2025,119.0,127.639046,8.639045715332031,119.5,8.139045715332031,1,0,0
central-connecticut-state_vs_liu_20250112,2025-01-12,central-connecticut-state,LIU,2025,106.0,133.11652,27.11651611328125,127.5,5.61651611328125,1,0,0
central-connecticut-state_vs_chicago state_20250126,2025-01-26,central-connecticut-state,Chicago State,2025,145.0,132.85014,12.149856567382812,129.5,3.3501434326171875,1,1,1
central-connecticut-state_vs_mercyhurst_20250213,2025-02-13,central-connecticut-state,Mercyhurst,2025,136.0,132.58089,3.4191131591796875,132.5,0.0808868408203125,1,1,1
central-connecticut-state_vs_saint francis (pa)_20250215,2025-02-15,central-connecticut-state,Saint Francis (PA),2025,150.0,138.1803,11.8197021484375,137.5,0.6802978515625,1,1,1
central-connecticut-state_vs_stonehill_20250222,2025-02-22,central-connecticut-state,Stonehill,2025,108.0,136.09662,28.09661865234375,136.0,0.09661865234375,1,0,0
central-connecticut-state_vs_le moyne_20250227,2025-02-27,central-connecticut-state,Le Moyne,2025,159.0,143.1826,15.817398071289062,144.5,-1.3173980712890625,0,1,0
central-connecticut-state_vs_le moyne_20250305,2025-03-05,central-connecticut-state,Le Moyne,2025,153.0,141.8916,11.1083984375,144.5,-2.6083984375,0,1,0
central-connecticut-state_vs_saint francis (pa)_20250311,2025-03-11,central-connecticut-state,Saint Francis (PA),2025,89.0,137.79172,48.791717529296875,135.5,2.291717529296875,1,0,0
central-florida_vs_wisconsin_20241122,2024-11-22,central-florida,Wisconsin,2025,156.0,148.82889,7.171112060546875,148.0,0.828887939453125,1,1,1
central-florida_vs_louisiana state_20241124,2024-11-24,central-florida,Louisiana State,2025,211.0,145.62386,65.37614440917969,147.5,-1.8761444091796875,0,1,0
central-florida_vs_milwaukee_20241127,2024-11-27,central-florida,Milwaukee,2025,160.0,158.62277,1.377227783203125,154.5,4.122772216796875,1,1,1
central-florida_vs_california baptist_20241201,2024-12-01,central-florida,California Baptist,2025,133.0,157.8325,24.832504272460938,149.5,8.332504272460938,1,0,0
central-florida_vs_tarleton state_20241208,2024-12-08,central-florida,Tarleton State,2025,117.0,148.6289,31.62890625,136.0,12.62890625,1,0,0
central-florida_vs_tulsa_20241214,2024-12-14,central-florida,Tulsa,2025,163.0,155.78223,7.2177734375,143.5,12.2822265625,1,1,1
central-florida_vs_jacksonville_20241221,2024-12-21,central-florida,Jacksonville,2025,152.0,150.73781,1.2621917724609375,142.5,8.237808227539062,1,1,1
central-florida_vs_kansas_20250105,2025-01-05,central-florida,Kansas,2025,147.0,153.05273,6.052734375,149.5,3.552734375,1,0,0
central-florida_vs_colorado_20250108,2025-01-08,central-florida,Colorado,2025,149.0,149.40637,0.4063720703125,148.5,0.9063720703125,1,1,1
central-florida_vs_houston_20250118,2025-01-18,central-florida,Houston,2025,137.0,141.2047,4.2046966552734375,138.5,2.7046966552734375,1,0,0
central-florida_vs_tcu_20250125,2025-01-25,central-florida,TCU,2025,143.0,149.37596,6.3759613037109375,148.5,0.8759613037109375,1,0,0
central-florida_vs_brigham young_20250201,2025-02-01,central-florida,Brigham Young,2025,156.0,153.39838,2.60162353515625,156.5,-3.10162353515625,0,0,1
central-florida_vs_cincinnati_20250205,2025-02-05,central-florida,Cincinnati,2025,176.0,143.98935,32.010650634765625,146.5,-2.510650634765625,0,1,0
central-florida_vs_iowa state_20250211,2025-02-11,central-florida,Iowa State,2025,142.0,155.61758,13.617584228515625,157.5,-1.882415771484375,0,0,1
central-florida_vs_utah_20250223,2025-02-23,central-florida,Utah,2025,148.0,155.01639,7.016387939453125,160.5,-5.483612060546875,0,0,1
central-florida_vs_kansas state_20250226,2025-02-26,central-florida,Kansas State,2025,156.0,153.7564,2.2436065673828125,155.5,-1.7436065673828125,0,1,0
central-florida_vs_oklahoma state_20250305,2025-03-05,central-florida,Oklahoma State,2025,153.0,157.04015,4.0401458740234375,164.5,-7.4598541259765625,0,0,1
central-florida_vs_utah_20250311,2025-03-11,central-florida,Utah,2025,159.0,154.10565,4.89434814453125,158.0,-3.89434814453125,0,1,0
central-florida_vs_kansas_20250312,2025-03-12,central-florida,Kansas,2025,192.0,154.4478,37.55220031738281,155.5,-1.0522003173828125,0,1,0
central-florida_vs_oregon state_20250401,2025-04-01,central-florida,Oregon State,2025,151.0,150.11665,0.8833465576171875,,,0,0,1
central-florida_vs_cincinnati_20250403,2025-04-03,central-florida,Cincinnati,2025,168.0,145.60684,22.393157958984375,,,0,0,1
central-florida_vs_villanova_20250405,2025-04-05,central-florida,Villanova,2025,202.0,143.65678,58.34321594238281,,,0,0,1
central-florida_vs_nebraska_20250406,2025-04-06,central-florida,Nebraska,2025,143.0,153.82959,10.82958984375,,,0,0,1
central-michigan_vs_mississippi state_20241217,2024-12-17,central-michigan,Mississippi State,2025,142.0,151.51624,9.5162353515625,148.0,3.5162353515625,1,0,0
central-michigan_vs_ohio_20250104,2025-01-04,central-michigan,Ohio,2025,112.0,150.74426,38.7442626953125,149.0,1.7442626953125,1,0,0
central-michigan_vs_eastern michigan_20250114,2025-01-14,central-michigan,Eastern Michigan,2025,145.0,146.1104,1.1103973388671875,142.0,4.1103973388671875,1,1,1
central-michigan_vs_ball state_20250121,2025-01-21,central-michigan,Ball State,2025,162.0,148.48021,13.519790649414062,139.5,8.980209350585938,1,1,1
central-michigan_vs_bowling green_20250201,2025-02-01,central-michigan,Bowling Green,2025,161.0,148.42125,12.578750610351562,142.5,5.9212493896484375,1,1,1
central-michigan_vs_miami (oh)_20250204,2025-02-04,central-michigan,Miami (OH),2025,146.0,150.5934,4.5933990478515625,144.5,6.0933990478515625,1,1,1
central-michigan_vs_texas state_20250208,2025-02-08,central-michigan,Texas State,2025,155.0,146.089,8.910995483398438,141.0,5.0890045166015625,1,1,1
central-michigan_vs_akron_20250215,2025-02-15,central-michigan,Akron,2025,167.0,159.81595,7.184051513671875,156.5,3.315948486328125,1,1,1
central-michigan_vs_buffalo_20250225,2025-02-25,central-michigan,Buffalo,2025,142.0,154.50099,12.500991821289062,153.5,1.0009918212890625,1,0,0
central-michigan_vs_northern illinois_20250307,2025-03-07,central-michigan,Northern Illinois,2025,164.0,150.1096,13.890396118164062,144.5,5.6096038818359375,1,1,1
charleston-southern_vs_vmi_20241116,2024-11-16,charleston-southern,VMI,2025,149.0,151.06412,2.064117431640625,152.5,-1.435882568359375,0,0,1
charleston-southern_vs_furman_20241123,2024-11-23,charleston-southern,Furman,2025,113.0,155.72742,42.7274169921875,148.0,7.7274169921875,1,0,0
charleston-southern_vs_ut martin_20241203,2024-12-03,charleston-southern,UT Martin,2025,151.0,145.39235,5.6076507568359375,142.5,2.8923492431640625,1,1,1
charleston-southern_vs_gardner-webb_20250102,2025-01-02,charleston-southern,Gardner-Webb,2025,135.0,153.42166,18.421661376953125,153.0,0.421661376953125,1,0,0
charleston-southern_vs_high point_20250108,2025-01-08,charleston-southern,High Point,2025,172.0,146.16031,25.839691162109375,152.0,-5.839691162109375,0,1,0
charleston-southern_vs_radford_20250118,2025-01-18,charleston-southern,Radford,2025,112.0,150.86302,38.86302185058594,142.5,8.363021850585938,1,0,0
charleston-southern_vs_unc asheville_20250125,2025-01-25,charleston-southern,UNC Asheville,2025,130.0,154.99736,24.997360229492188,151.0,3.9973602294921875,1,0,0
charleston-southern_vs_longwood_20250201,2025-02-01,charleston-southern,Longwood,2025,174.0,149.53178,24.468215942382812,147.0,2.5317840576171875,1,1,1
charleston-southern_vs_winthrop_20250205,2025-02-05,charleston-southern,Winthrop,2025,148.0,156.0059,8.005905151367188,158.0,-1.9940948486328125,0,0,1
charleston-southern_vs_presbyterian_20250212,2025-02-12,charleston-southern,Presbyterian,2025,141.0,147.5791,6.5791015625,139.0,8.5791015625,1,1,1
charleston-southern_vs_usc upstate_20250222,2025-02-22,charleston-southern,USC Upstate,2025,148.0,159.29533,11.295333862304688,158.5,0.7953338623046875,1,0,0
charleston-southern_vs_unc asheville_20250307,2025-03-07,charleston-southern,UNC Asheville,2025,140.0,152.69359,12.693588256835938,150.0,2.6935882568359375,1,0,0
charlotte_vs_gardner-webb_20241119,2024-11-19,charlotte,Gardner-Webb,2025,114.0,140.08981,26.089813232421875,141.0,-0.910186767578125,0,0,1
charlotte_vs_liu_20241123,2024-11-23,charlotte,LIU,2025,155.0,134.63243,20.367568969726562,138.0,-3.3675689697265625,0,1,0
charlotte_vs_east tennessee state_20241127,2024-11-27,charlotte,East Tennessee State,2025,130.0,140.23396,10.233963012695312,140.5,-0.2660369873046875,0,0,1
charlotte_vs_west georgia_20241217,2024-12-17,charlotte,West Georgia,2025,145.0,138.18846,6.8115386962890625,138.0,0.1884613037109375,1,1,1
charlotte_vs_murray state_20241224,2024-12-24,charlotte,Murray State,2025,184.0,141.01292,42.98707580566406,138.5,2.5129241943359375,1,1,1
charlotte_vs_college of charleston_20241225,2024-12-25,charlotte,College of Charleston,2025,165.0,151.38028,13.619720458984375,148.5,2.880279541015625,1,1,1
charlotte_vs_tulane_20241231,2024-12-31,charlotte,Tulane,2025,151.0,145.96748,5.0325164794921875,145.5,0.4674835205078125,1,1,1
charlotte_vs_florida atlantic_20250108,2025-01-08,charlotte,Florida Atlantic,2025,139.0,155.925,16.925003051757812,154.0,1.9250030517578125,1,0,0
charlotte_vs_memphis_20250119,2025-01-19,charlotte,Memphis,2025,145.0,145.6538,0.6537933349609375,147.0,-1.3462066650390625,0,0,1
charlotte_vs_south florida_20250122,2025-01-22,charlotte,South Florida,2025,130.0,145.9825,15.982498168945312,144.0,1.9824981689453125,1,0,0
charlotte_vs_wichita state_20250204,2025-02-04,charlotte,Wichita State,2025,124.0,146.45506,22.455062866210938,143.5,2.9550628662109375,1,0,0
charlotte_vs_rice_20250208,2025-02-08,charlotte,Rice,2025,153.0,141.33904,11.660964965820312,139.5,1.8390350341796875,1,1,1
charlotte_vs_east carolina_20250215,2025-02-15,charlotte,East Carolina,2025,134.0,147.00618,13.006179809570312,141.5,5.5061798095703125,1,0,0
charlotte_vs_temple_20250219,2025-02-19,charlotte,Temple,2025,150.0,154.81812,4.818115234375,147.0,7.818115234375,1,1,1
charlotte_vs_utsa_20250309,2025-03-09,charlotte,UTSA,2025,163.0,149.24403,13.755966186523438,146.5,2.7440338134765625,1,1,1
charlotte_vs_rice_20250312,2025-03-12,charlotte,Rice,2025,125.0,142.28694,17.286941528320312,136.5,5.7869415283203125,1,0,0
charlotte_vs_florida atlantic_20250313,2025-03-13,charlotte,Florida Atlantic,2025,123.0,149.11374,26.113739013671875,144.5,4.613739013671875,1,0,0
chattanooga_vs_morehead state_20241114,2024-11-14,chattanooga,Morehead State,2025,138.0,140.57741,2.5774078369140625,143.0,-2.4225921630859375,0,0,1
chattanooga_vs_tennessee state_20241125,2024-11-25,chattanooga,Tennessee State,2025,163.0,152.445,10.55499267578125,152.0,0.44500732421875,1,1,1
chattanooga_vs_bryant_20241127,2024-11-27,chattanooga,Bryant,2025,160.0,158.39145,1.608551025390625,160.5,-2.108551025390625,0,0,1
chattanooga_vs_lipscomb_20241203,2024-12-03,chattanooga,Lipscomb,2025,142.0,152.22356,10.223556518554688,151.5,0.7235565185546875,1,0,0
chattanooga_vs_alabama a&m_20241215,2024-12-15,chattanooga,Alabama A&M,2025,148.0,156.18355,8.183547973632812,151.0,5.1835479736328125,1,0,0
chattanooga_vs_unc greensboro_20250109,2025-01-09,chattanooga,UNC Greensboro,2025,153.0,145.25499,7.7450103759765625,142.5,2.7549896240234375,1,1,1
chattanooga_vs_vmi_20250112,2025-01-12,chattanooga,VMI,2025,157.0,152.04369,4.9563140869140625,149.5,2.5436859130859375,1,1,1
chattanooga_vs_wofford_20250115,2025-01-15,chattanooga,Wofford,2025,164.0,149.37498,14.625015258789062,145.5,3.8749847412109375,1,1,1
chattanooga_vs_samford_20250123,2025-01-23,chattanooga,Samford,2025,142.0,159.08072,17.080718994140625,154.0,5.080718994140625,1,0,0
chattanooga_vs_mercer_20250201,2025-02-01,chattanooga,Mercer,2025,177.0,157.7427,19.257293701171875,154.0,3.742706298828125,1,1,1
chattanooga_vs_furman_20250208,2025-02-08,chattanooga,Furman,2025,157.0,149.89977,7.1002349853515625,146.5,3.3997650146484375,1,1,1
chattanooga_vs_east tennessee state_20250215,2025-02-15,chattanooga,East Tennessee State,2025,149.0,144.85583,4.1441650390625,144.0,0.8558349609375,1,1,1
chattanooga_vs_western carolina_20250219,2025-02-19,chattanooga,Western Carolina,2025,177.0,154.24448,22.755523681640625,152.5,1.744476318359375,1,1,1
chattanooga_vs_the citadel_20250222,2025-02-22,chattanooga,The Citadel,2025,151.0,147.50713,3.4928741455078125,143.5,4.0071258544921875,1,1,1
chattanooga_vs_mercer_20250308,2025-03-08,chattanooga,Mercer,2025,137.0,154.53131,17.53131103515625,151.5,3.03131103515625,1,0,0
chattanooga_vs_furman_20250309,2025-03-09,chattanooga,Furman,2025,157.0,147.79663,9.203369140625,145.5,2.296630859375,1,1,1
chattanooga_vs_dayton_20250322,2025-03-22,chattanooga,Dayton,2025,159.0,147.37022,11.629776000976562,154.0,-6.6297760009765625,0,1,0
chattanooga_vs_loyola chicago_20250401,2025-04-01,chattanooga,Loyola Chicago,2025,153.0,147.5565,5.4434967041015625,146.5,1.0565032958984375,1,1,1
chicago-state_vs_eastern kentucky_20241119,2024-11-19,chicago-state,Eastern Kentucky,2025,152.0,149.879,2.121002197265625,149.0,0.878997802734375,1,1,1
chicago-state_vs_radford_20241125,2024-11-25,chicago-state,Radford,2025,111.0,145.87598,34.8759765625,142.5,3.3759765625,1,0,0
chicago-state_vs_drexel_20241126,2024-11-26,chicago-state,Drexel,2025,154.0,140.67587,13.324127197265625,135.5,5.175872802734375,1,1,1
chicago-state_vs_stonehill_20250112,2025-01-12,chicago-state,Stonehill,2025,120.0,138.92313,18.923126220703125,134.5,4.423126220703125,1,0,0
chicago-state_vs_le moyne_20250118,2025-01-18,chicago-state,Le Moyne,2025,160.0,140.39384,19.606155395507812,140.5,-0.1061553955078125,0,1,0
chicago-state_vs_liu_20250201,2025-02-01,chicago-state,LIU,2025,140.0,129.9159,10.0841064453125,130.5,-0.5841064453125,0,1,0
chicago-state_vs_mercyhurst_20250206,2025-02-06,chicago-state,Mercyhurst,2025,163.0,128.19565,34.804351806640625,131.5,-3.304351806640625,0,1,0
chicago-state_vs_saint francis (pa)_20250208,2025-02-08,chicago-state,Saint Francis (PA),2025,150.0,140.68604,9.31396484375,140.0,0.68603515625,1,1,1
chicago-state_vs_central connecticut state_20250220,2025-02-20,chicago-state,Central Connecticut State,2025,156.0,135.29692,20.703079223632812,137.0,-1.7030792236328125,0,1,0
chicago-state_vs_wagner_20250222,2025-02-22,chicago-state,Wagner,2025,116.0,127.10208,11.102081298828125,125.5,1.602081298828125,1,0,0
cincinnati_vs_alabama state_20241127,2024-11-27,cincinnati,Alabama State,2025,136.0,147.1885,11.188507080078125,145.0,2.188507080078125,1,0,0
cincinnati_vs_howard_20241208,2024-12-08,cincinnati,Howard,2025,151.0,143.89302,7.1069793701171875,141.5,2.3930206298828125,1,1,1
cincinnati_vs_xavier_20241214,2024-12-14,cincinnati,Xavier,2025,133.0,141.82234,8.822341918945312,146.5,-4.6776580810546875,0,0,1
cincinnati_vs_dayton_20241220,2024-12-20,cincinnati,Dayton,2025,125.0,136.18384,11.183837890625,136.5,-0.316162109375,0,0,1
cincinnati_vs_arizona_20250104,2025-01-04,cincinnati,Arizona,2025,139.0,141.3927,2.3927001953125,147.0,-5.6072998046875,0,0,1
cincinnati_vs_kansas_20250111,2025-01-11,cincinnati,Kansas,2025,94.0,133.04298,39.04298400878906,136.5,-3.4570159912109375,0,0,1
cincinnati_vs_arizona state_20250118,2025-01-18,cincinnati,Arizona State,2025,127.0,136.98302,9.983016967773438,136.5,0.4830169677734375,1,0,0
cincinnati_vs_texas tech_20250121,2025-01-21,cincinnati,Texas Tech,2025,152.0,132.88297,19.117034912109375,133.5,-0.617034912109375,0,1,0
cincinnati_vs_west virginia_20250202,2025-02-02,cincinnati,West Virginia,2025,113.0,129.35747,16.357467651367188,127.5,1.8574676513671875,1,0,0
cincinnati_vs_brigham young_20250208,2025-02-08,cincinnati,Brigham Young,2025,150.0,135.69733,14.30267333984375,141.0,-5.30267333984375,0,1,0
cincinnati_vs_utah_20250211,2025-02-11,cincinnati,Utah,2025,160.0,135.41061,24.589385986328125,136.5,-1.089385986328125,0,1,0
cincinnati_vs_tcu_20250222,2025-02-22,cincinnati,TCU,2025,138.0,132.26236,5.737640380859375,132.0,0.262359619140625,1,1,1
cincinnati_vs_baylor_20250225,2025-02-25,cincinnati,Baylor,2025,136.0,138.47278,2.4727783203125,136.5,1.9727783203125,1,0,0
cincinnati_vs_kansas state_20250305,2025-03-05,cincinnati,Kansas State,2025,103.0,135.748,32.74800109863281,138.5,-2.7519989013671875,0,0,1
cincinnati_vs_oklahoma state_20250311,2025-03-11,cincinnati,Oklahoma State,2025,155.0,138.2314,16.768600463867188,137.0,1.2313995361328125,1,1,1
cincinnati_vs_iowa state_20250312,2025-03-12,cincinnati,Iowa State,2025,132.0,137.15005,5.150054931640625,137.0,0.150054931640625,1,0,0
cincinnati_vs_depaul_20250401,2025-04-01,cincinnati,DePaul,2025,144.0,136.89725,7.102752685546875,,,0,0,1
citadel_vs_north carolina a&t_20241117,2024-11-17,citadel,North Carolina A&T,2025,155.0,151.07816,3.921844482421875,148.0,3.078155517578125,1,1,1
citadel_vs_college of charleston_20241120,2024-11-20,citadel,College of Charleston,2025,137.0,153.60788,16.607879638671875,145.0,8.607879638671875,1,0,0
citadel_vs_campbell_20241212,2024-12-12,citadel,Campbell,2025,144.0,140.06165,3.9383544921875,136.0,4.0616455078125,1,1,1
citadel_vs_chattanooga_20250104,2025-01-04,citadel,Chattanooga,2025,149.0,148.45909,0.5409088134765625,142.5,5.9590911865234375,1,1,1
citadel_vs_furman_20250108,2025-01-08,citadel,Furman,2025,130.0,141.86563,11.865631103515625,138.0,3.865631103515625,1,0,0
citadel_vs_vmi_20250118,2025-01-18,citadel,VMI,2025,145.0,141.42479,3.5752105712890625,135.5,5.9247894287109375,1,1,1
citadel_vs_western carolina_20250125,2025-01-25,citadel,Western Carolina,2025,158.0,140.7087,17.291305541992188,138.5,2.2086944580078125,1,1,1
citadel_vs_samford_20250201,2025-02-01,citadel,Samford,2025,141.0,149.03874,8.038742065429688,144.0,5.0387420654296875,1,0,0
citadel_vs_unc greensboro_20250205,2025-02-05,citadel,UNC Greensboro,2025,137.0,136.44449,0.555511474609375,132.0,4.444488525390625,1,1,1
citadel_vs_wofford_20250212,2025-02-12,citadel,Wofford,2025,145.0,140.2889,4.7111053466796875,137.0,3.2888946533203125,1,1,1
citadel_vs_mercer_20250219,2025-02-19,citadel,Mercer,2025,114.0,150.23792,36.2379150390625,149.5,0.7379150390625,1,0,0
citadel_vs_east tennessee state_20250301,2025-03-01,citadel,East Tennessee State,2025,147.0,134.07404,12.92596435546875,132.0,2.07403564453125,1,1,1
citadel_vs_vmi_20250307,2025-03-07,citadel,VMI,2025,135.0,140.02151,5.021514892578125,139.5,0.521514892578125,1,0,0
clemson_vs_radford_20241121,2024-11-21,clemson,Radford,2025,130.0,147.82094,17.820938110351562,144.5,3.3209381103515625,1,0,0
clemson_vs_san francisco_20241125,2024-11-25,clemson,San Francisco,2025,125.0,143.61006,18.610061645507812,145.0,-1.3899383544921875,0,0,1
clemson_vs_penn state_20241126,2024-11-26,clemson,Penn State,2025,142.0,148.20203,6.2020263671875,150.0,-1.7979736328125,0,0,1
clemson_vs_florida a&m_20241129,2024-11-29,clemson,Florida A&M,2025,144.0,148.62971,4.6297149658203125,142.0,6.6297149658203125,1,1,1
clemson_vs_kentucky_20241203,2024-12-03,clemson,Kentucky,2025,136.0,151.54556,15.545562744140625,159.0,-7.454437255859375,0,0,1
clemson_vs_memphis_20241214,2024-12-14,clemson,Memphis,2025,169.0,141.13307,27.866928100585938,144.5,-3.3669281005859375,0,1,0
clemson_vs_wake forest_20241221,2024-12-21,clemson,Wake Forest,2025,135.0,138.35127,3.3512725830078125,134.5,3.8512725830078125,1,1,1
clemson_vs_stanford_20250101,2025-01-01,clemson,Stanford,2025,156.0,142.99176,13.00823974609375,144.0,-1.00823974609375,0,1,0
clemson_vs_california_20250104,2025-01-04,clemson,California,2025,148.0,148.16982,0.1698150634765625,149.0,-0.8301849365234375,0,0,1
clemson_vs_florida state_20250111,2025-01-11,clemson,Florida State,2025,134.0,145.42468,11.4246826171875,145.0,0.4246826171875,1,0,0
clemson_vs_syracuse_20250122,2025-01-22,clemson,Syracuse,2025,158.0,149.46564,8.53436279296875,140.0,9.46563720703125,1,1,1
clemson_vs_georgia tech_20250204,2025-02-04,clemson,Georgia Tech,2025,175.0,142.77336,32.22663879394531,140.0,2.7733612060546875,1,1,1
clemson_vs_duke_20250208,2025-02-08,clemson,Duke,2025,148.0,138.56133,9.438674926757812,135.0,3.5613250732421875,1,1,1
clemson_vs_north carolina_20250210,2025-02-10,clemson,North Carolina,2025,150.0,152.74428,2.7442779541015625,144.5,8.244277954101562,1,1,1
clemson_vs_notre dame_20250226,2025-02-26,clemson,Notre Dame,2025,151.0,141.79582,9.204177856445312,136.5,5.2958221435546875,1,1,1
clemson_vs_virginia tech_20250308,2025-03-08,clemson,Virginia Tech,2025,112.0,139.48926,27.4892578125,137.0,2.4892578125,1,0,0
clemson_vs_smu_20250313,2025-03-13,clemson,SMU,2025,111.0,141.27028,30.270278930664062,142.5,-1.2297210693359375,0,0,1
clemson_vs_louisville_20250314,2025-03-14,clemson,Louisville,2025,149.0,139.1801,9.819900512695312,141.5,-2.3199005126953125,0,1,0
clemson_vs_mcneese state_20250320,2025-03-20,clemson,McNeese State,2025,136.0,137.55333,1.5533294677734375,136.5,1.0533294677734375,1,0,0
cleveland-state_vs_eastern michigan_20241116,2024-11-16,cleveland-state,Eastern Michigan,2025,134.0,142.27203,8.27203369140625,138.5,3.77203369140625,1,0,0
cleveland-state_vs_kent state_20241123,2024-11-23,cleveland-state,Kent State,2025,120.0,130.6413,10.64129638671875,135.0,-4.35870361328125,0,0,1
cleveland-state_vs_njit_20241126,2024-11-26,cleveland-state,NJIT,2025,109.0,132.06523,23.065231323242188,132.5,-0.4347686767578125,0,0,1
cleveland-state_vs_morehead state_20241129,2024-11-29,cleveland-state,Morehead State,2025,140.0,134.43214,5.5678558349609375,128.0,6.4321441650390625,1,1,1
cleveland-state_vs_oakland_20241219,2024-12-19,cleveland-state,Oakland,2025,167.0,131.55196,35.44804382324219,128.5,3.0519561767578125,1,1,1
cleveland-state_vs_wright state_20241229,2024-12-29,cleveland-state,Wright State,2025,142.0,144.04301,2.0430145263671875,144.5,-0.4569854736328125,0,0,1
cleveland-state_vs_iu indy_20250104,2025-01-04,cleveland-state,IU Indy,2025,128.0,146.45071,18.450714111328125,140.5,5.950714111328125,1,0,0
cleveland-state_vs_northern kentucky_20250115,2025-01-15,cleveland-state,Northern Kentucky,2025,134.0,138.72943,4.72943115234375,132.5,6.22943115234375,1,1,1
cleveland-state_vs_detroit mercy_20250122,2025-01-22,cleveland-state,Detroit Mercy,2025,115.0,138.74551,23.745513916015625,138.0,0.745513916015625,1,0,0
cleveland-state_vs_green bay_20250125,2025-01-25,cleveland-state,Green Bay,2025,147.0,141.62758,5.3724212646484375,139.5,2.1275787353515625,1,1,1
cleveland-state_vs_milwaukee_20250208,2025-02-08,cleveland-state,Milwaukee,2025,137.0,142.66391,5.663909912109375,142.5,0.163909912109375,1,0,0
cleveland-state_vs_robert morris_20250212,2025-02-12,cleveland-state,Robert Morris,2025,127.0,141.18855,14.188552856445312,141.5,-0.3114471435546875,0,0,1
cleveland-state_vs_youngstown state_20250216,2025-02-16,cleveland-state,Youngstown State,2025,128.0,143.41833,15.4183349609375,142.0,1.4183349609375,1,0,0
cleveland-state_vs_northern kentucky_20250306,2025-03-06,cleveland-state,Northern Kentucky,2025,131.0,139.51408,8.514083862304688,140.5,-0.9859161376953125,0,0,1
cleveland-state_vs_youngstown state_20250310,2025-03-10,cleveland-state,Youngstown State,2025,110.0,142.63591,32.63591003417969,138.5,4.1359100341796875,1,0,0
cleveland-state_vs_queens (nc)_20250324,2025-03-24,cleveland-state,Queens (NC),2025,161.0,143.23997,17.760025024414062,148.0,-4.7600250244140625,0,1,0
cleveland-state_vs_florida gulf coast_20250325,2025-03-25,cleveland-state,Florida Gulf Coast,2025,137.0,136.48706,0.512939453125,138.0,-1.512939453125,0,0,1
cleveland-state_vs_illinois state_20250326,2025-03-26,cleveland-state,Illinois State,2025,147.0,138.70438,8.295623779296875,137.5,1.204376220703125,1,1,1
coastal-carolina_vs_jacksonville state_20241117,2024-11-17,coastal-carolina,Jacksonville State,2025,124.0,135.56578,11.565780639648438,133.5,2.0657806396484375,1,0,0
coastal-carolina_vs_iu indy_20241122,2024-11-22,coastal-carolina,IU Indy,2025,128.0,135.23001,7.230010986328125,133.5,1.730010986328125,1,0,0
coastal-carolina_vs_usc upstate_20241130,2024-11-30,coastal-carolina,USC Upstate,2025,124.0,139.49472,15.494720458984375,148.0,-8.505279541015625,0,0,1
coastal-carolina_vs_louisiana_20250102,2025-01-02,coastal-carolina,Louisiana,2025,139.0,133.49588,5.504119873046875,137.5,-4.004119873046875,0,1,0
coastal-carolina_vs_louisianaâmonroe_20250104,2025-01-04,coastal-carolina,LouisianaâMonroe,2025,121.0,135.57152,14.571517944335938,134.5,1.0715179443359375,1,0,0
coastal-carolina_vs_georgia southern_20250116,2025-01-16,coastal-carolina,Georgia Southern,2025,175.0,142.67992,32.32008361816406,140.0,2.6799163818359375,1,1,1
coastal-carolina_vs_marshall_20250118,2025-01-18,coastal-carolina,Marshall,2025,141.0,138.37639,2.6236114501953125,137.5,0.8763885498046875,1,1,1
coastal-carolina_vs_south alabama_20250205,2025-02-05,coastal-carolina,South Alabama,2025,143.0,131.07916,11.92083740234375,126.0,5.07916259765625,1,1,1
coastal-carolina_vs_appalachian state_20250213,2025-02-13,coastal-carolina,Appalachian State,2025,110.0,131.34415,21.344146728515625,127.0,4.344146728515625,1,0,0
coastal-carolina_vs_james madison_20250215,2025-02-15,coastal-carolina,James Madison,2025,147.0,136.82336,10.1766357421875,131.5,5.3233642578125,1,1,1
coastal-carolina_vs_georgia state_20250226,2025-02-26,coastal-carolina,Georgia State,2025,154.0,142.11693,11.883071899414062,144.5,-2.3830718994140625,0,1,0
coastal-carolina_vs_old dominion_20250228,2025-02-28,coastal-carolina,Old Dominion,2025,120.0,135.7887,15.7886962890625,137.5,-1.7113037109375,0,0,1
coastal-carolina_vs_southern mississippi_20250304,2025-03-04,coastal-carolina,Southern Mississippi,2025,129.0,139.31708,10.31707763671875,140.0,-0.68292236328125,0,0,1
colgate_vs_sam houston state_20241130,2024-11-30,colgate,Sam Houston State,2025,160.0,142.24684,17.753158569335938,137.0,5.2468414306640625,1,1,1
colgate_vs_cornell_20241204,2024-12-04,colgate,Cornell,2025,141.0,148.45216,7.4521636962890625,152.5,-4.0478363037109375,0,0,1
colgate_vs_vermont_20241215,2024-12-15,colgate,Vermont,2025,125.0,130.98816,5.9881591796875,128.5,2.4881591796875,1,0,0
colgate_vs_iona_20241222,2024-12-22,colgate,Iona,2025,152.0,139.34062,12.659378051757812,137.5,1.8406219482421875,1,1,1
colgate_vs_army_20250102,2025-01-02,colgate,Army,2025,130.0,148.2158,18.215805053710938,144.5,3.7158050537109375,1,0,0
colgate_vs_lehigh_20250108,2025-01-08,colgate,Lehigh,2025,129.0,138.42444,9.4244384765625,138.5,-0.0755615234375,0,0,1
colgate_vs_boston university_20250111,2025-01-11,colgate,Boston University,2025,137.0,131.16043,5.839569091796875,127.0,4.160430908203125,1,1,1
colgate_vs_bucknell_20250120,2025-01-20,colgate,Bucknell,2025,167.0,138.07571,28.924285888671875,136.5,1.575714111328125,1,1,1
colgate_vs_lafayette_20250201,2025-02-01,colgate,Lafayette,2025,137.0,133.67082,3.3291778564453125,139.5,-5.8291778564453125,0,0,1
colgate_vs_loyola (md)_20250208,2025-02-08,colgate,Loyola (MD),2025,150.0,138.77786,11.222137451171875,143.0,-4.222137451171875,0,1,0
colgate_vs_navy_20250219,2025-02-19,colgate,Navy,2025,154.0,141.41196,12.588043212890625,140.5,0.911956787109375,1,1,1
colgate_vs_holy cross_20250226,2025-02-26,colgate,Holy Cross,2025,154.0,140.87883,13.121170043945312,145.5,-4.6211700439453125,0,1,0
colgate_vs_american_20250301,2025-03-01,colgate,American,2025,126.0,136.63557,10.635574340820312,140.5,-3.8644256591796875,0,0,1
colgate_vs_army_20250306,2025-03-06,colgate,Army,2025,139.0,146.763,7.76300048828125,146.5,0.26300048828125,1,0,0
college-of-charleston_vs_florida atlantic_20241115,2024-11-15,college-of-charleston,Florida Atlantic,2025,235.0,156.02989,78.97010803222656,164.0,-7.9701080322265625,0,1,0
college-of-charleston_vs_liberty_20241117,2024-11-17,college-of-charleston,Liberty,2025,115.0,156.53186,41.5318603515625,142.0,14.5318603515625,1,0,0
college-of-charleston_vs_northern kentucky_20241127,2024-11-27,college-of-charleston,Northern Kentucky,2025,143.0,147.90907,4.9090728759765625,140.0,7.9090728759765625,1,1,1
college-of-charleston_vs_wofford_20241216,2024-12-16,college-of-charleston,Wofford,2025,144.0,150.90292,6.902923583984375,149.0,1.902923583984375,1,0,0
college-of-charleston_vs_oregon state_20241222,2024-12-22,college-of-charleston,Oregon State,2025,139.0,145.1636,6.163604736328125,141.0,4.163604736328125,1,0,0
college-of-charleston_vs_loyola chicago_20241223,2024-12-23,college-of-charleston,Loyola Chicago,2025,145.0,149.70847,4.708465576171875,147.5,2.208465576171875,1,0,0
college-of-charleston_vs_hampton_20250102,2025-01-02,college-of-charleston,Hampton,2025,161.0,150.55954,10.440460205078125,147.0,3.559539794921875,1,1,1
college-of-charleston_vs_towson_20250104,2025-01-04,college-of-charleston,Towson,2025,146.0,141.85939,4.1406097412109375,139.5,2.3593902587890625,1,1,1
college-of-charleston_vs_northeastern_20250118,2025-01-18,college-of-charleston,Northeastern,2025,172.0,146.80768,25.19232177734375,151.5,-4.69232177734375,0,1,0
college-of-charleston_vs_unc wilmington_20250123,2025-01-23,college-of-charleston,UNC Wilmington,2025,168.0,151.21838,16.7816162109375,155.5,-4.2816162109375,0,1,0
college-of-charleston_vs_stony brook_20250130,2025-01-30,college-of-charleston,Stony Brook,2025,155.0,144.14627,10.853729248046875,146.5,-2.353729248046875,0,1,0
college-of-charleston_vs_north carolina a&t_20250206,2025-02-06,college-of-charleston,North Carolina A&T,2025,129.0,155.29498,26.29498291015625,150.5,4.79498291015625,1,0,0
college-of-charleston_vs_elon_20250208,2025-02-08,college-of-charleston,Elon,2025,171.0,146.37798,24.622024536132812,148.5,-2.1220245361328125,0,1,0
college-of-charleston_vs_delaware_20250227,2025-02-27,college-of-charleston,Delaware,2025,178.0,154.17598,23.824020385742188,159.5,-5.3240203857421875,0,1,0
college-of-charleston_vs_campbell_20250301,2025-03-01,college-of-charleston,Campbell,2025,152.0,143.58992,8.410079956054688,146.0,-2.4100799560546875,0,1,0
college-of-charleston_vs_monmouth_20250309,2025-03-09,college-of-charleston,Monmouth,2025,157.0,149.06184,7.9381561279296875,147.0,2.0618438720703125,1,1,1
college-of-charleston_vs_unc wilmington_20250310,2025-03-10,college-of-charleston,UNC Wilmington,2025,135.0,148.72426,13.724258422851562,148.5,0.2242584228515625,1,0,0
colorado_vs_harvard_20241117,2024-11-17,colorado,Harvard,2025,154.0,143.92659,10.073410034179688,143.0,0.9265899658203125,1,1,1
colorado_vs_michigan state_20241125,2024-11-25,colorado,Michigan State,2025,128.0,151.2112,23.211196899414062,146.5,4.7111968994140625,1,0,0
colorado_vs_connecticut_20241126,2024-11-26,colorado,Connecticut,2025,145.0,146.06262,1.0626220703125,143.0,3.0626220703125,1,1,1
colorado_vs_iowa state_20241127,2024-11-27,colorado,Iowa State,2025,170.0,143.66664,26.333358764648438,144.0,-0.3333587646484375,0,1,0
colorado_vs_pacific_20241202,2024-12-02,colorado,Pacific,2025,141.0,143.75932,2.7593231201171875,144.0,-0.2406768798828125,0,0,1
colorado_vs_colorado state_20241207,2024-12-07,colorado,Colorado State,2025,127.0,146.4731,19.473098754882812,140.5,5.9730987548828125,1,0,0
colorado_vs_south dakota state_20241213,2024-12-13,colorado,South Dakota State,2025,151.0,145.42899,5.571014404296875,145.5,-0.071014404296875,0,1,0
colorado_vs_bellarmine_20241221,2024-12-21,colorado,Bellarmine,2025,134.0,143.5942,9.594192504882812,146.0,-2.4058074951171875,0,0,1
colorado_vs_iowa state_20241230,2024-12-30,colorado,Iowa State,2025,148.0,149.76756,1.7675628662109375,147.0,2.7675628662109375,1,1,1
colorado_vs_west virginia_20250112,2025-01-12,colorado,West Virginia,2025,148.0,141.37706,6.6229400634765625,134.5,6.8770599365234375,1,1,1
colorado_vs_cincinnati_20250115,2025-01-15,colorado,Cincinnati,2025,130.0,134.27934,4.2793426513671875,136.5,-2.2206573486328125,0,0,1
colorado_vs_brigham young_20250121,2025-01-21,colorado,Brigham Young,2025,150.0,144.94101,5.058990478515625,147.0,-2.058990478515625,0,1,0
colorado_vs_arizona state_20250128,2025-01-28,colorado,Arizona State,2025,138.0,144.48834,6.48834228515625,141.5,2.98834228515625,1,0,0
colorado_vs_houston_20250208,2025-02-08,colorado,Houston,2025,128.0,133.96014,5.96014404296875,128.0,5.96014404296875,1,0,0
colorado_vs_ucf_20250215,2025-02-15,colorado,UCF,2025,139.0,155.3973,16.397293090820312,154.5,0.8972930908203125,1,0,0
colorado_vs_baylor_20250222,2025-02-22,colorado,Baylor,2025,150.0,142.78775,7.212249755859375,142.0,0.787750244140625,1,1,1
colorado_vs_kansas_20250224,2025-02-24,colorado,Kansas,2025,135.0,141.84119,6.8411865234375,145.0,-3.1588134765625,0,0,1
colorado_vs_tcu_20250308,2025-03-08,colorado,TCU,2025,132.0,136.61671,4.6167144775390625,137.0,-0.3832855224609375,0,0,1
colorado_vs_tcu_20250311,2025-03-11,colorado,TCU,2025,136.0,136.05495,0.0549468994140625,134.5,1.5549468994140625,1,1,1
colorado_vs_west virginia_20250312,2025-03-12,colorado,West Virginia,2025,127.0,133.69315,6.693145751953125,130.0,3.693145751953125,1,0,0
colorado_vs_houston_20250313,2025-03-13,colorado,Houston,2025,145.0,132.85739,12.142608642578125,127.5,5.357391357421875,1,1,1
colorado_vs_villanova_20250401,2025-04-01,colorado,Villanova,2025,149.0,135.25505,13.744949340820312,,,0,0,1
colorado-state_vs_uc riverside_20241122,2024-11-22,colorado-state,UC Riverside,2025,152.0,145.50247,6.497528076171875,143.5,2.002471923828125,1,1,1
colorado-state_vs_washington_20241128,2024-11-28,colorado-state,Washington,2025,140.0,144.6898,4.6898040771484375,142.5,2.1898040771484375,1,0,0
colorado-state_vs_tcu_20241129,2024-11-29,colorado-state,TCU,2025,148.0,142.19183,5.80816650390625,140.0,2.19183349609375,1,1,1
colorado-state_vs_loyola marymount_20241204,2024-12-04,colorado-state,Loyola Marymount,2025,137.0,148.88965,11.8896484375,141.5,7.3896484375,1,0,0
colorado-state_vs_vcu_20241214,2024-12-14,colorado-state,VCU,2025,144.0,141.93752,2.0624847412109375,137.0,4.9375152587890625,1,1,1
colorado-state_vs_radford_20241217,2024-12-17,colorado-state,Radford,2025,146.0,146.14516,0.1451568603515625,137.0,9.145156860351562,1,1,1
colorado-state_vs_new mexico_20241228,2024-12-28,colorado-state,New Mexico,2025,144.0,154.18861,10.188613891601562,152.5,1.6886138916015625,1,0,0
colorado-state_vs_fresno state_20250107,2025-01-07,colorado-state,Fresno State,2025,155.0,150.6781,4.3218994140625,149.5,1.1781005859375,1,1,1
colorado-state_vs_unlv_20250111,2025-01-11,colorado-state,UNLV,2025,146.0,137.61641,8.383590698242188,138.5,-0.8835906982421875,0,1,0
colorado-state_vs_boise state_20250122,2025-01-22,colorado-state,Boise State,2025,147.0,140.24454,6.755462646484375,140.0,0.244537353515625,1,1,1
colorado-state_vs_air force_20250128,2025-01-28,colorado-state,Air Force,2025,137.0,136.17714,0.8228607177734375,134.0,2.1771392822265625,1,1,1
colorado-state_vs_san diego state_20250208,2025-02-08,colorado-state,San Diego State,2025,131.0,135.46307,4.46307373046875,134.5,0.96307373046875,1,0,0
colorado-state_vs_wyoming_20250215,2025-02-15,colorado-state,Wyoming,2025,141.0,137.74165,3.2583465576171875,135.5,2.2416534423828125,1,1,1
colorado-state_vs_nevada_20250218,2025-02-18,colorado-state,Nevada,2025,150.0,138.04102,11.958984375,138.0,0.041015625,1,1,1
colorado-state_vs_utah state_20250301,2025-03-01,colorado-state,Utah State,2025,159.0,143.35364,15.6463623046875,149.5,-6.1463623046875,0,1,0
colorado-state_vs_san jose state_20250304,2025-03-04,colorado-state,San Jose State,2025,139.0,143.70686,4.7068634033203125,143.0,0.7068634033203125,1,0,0
colorado-state_vs_nevada_20250313,2025-03-13,colorado-state,Nevada,2025,126.0,137.20451,11.204513549804688,137.5,-0.2954864501953125,0,0,1
colorado-state_vs_utah state_20250315,2025-03-15,colorado-state,Utah State,2025,155.0,141.66187,13.338134765625,,,0,0,1
colorado-state_vs_memphis_20250321,2025-03-21,colorado-state,Memphis,2025,148.0,144.47409,3.525909423828125,148.0,-3.525909423828125,0,0,1
colorado-state_vs_maryland_20250323,2025-03-23,colorado-state,Maryland,2025,143.0,143.67712,0.6771240234375,143.0,0.6771240234375,1,0,0
columbia_vs_mercyhurst_20241116,2024-11-16,columbia,Mercyhurst,2025,140.0,143.16376,3.16375732421875,145.0,-1.83624267578125,0,0,1
columbia_vs_stony brook_20241123,2024-11-23,columbia,Stony Brook,2025,145.0,149.5947,4.594696044921875,152.5,-2.905303955078125,0,0,1
columbia_vs_new hampshire_20241125,2024-11-25,columbia,New Hampshire,2025,140.0,146.8164,6.81640625,146.5,0.31640625,1,0,0
columbia_vs_fairfield_20241228,2024-12-28,columbia,Fairfield,2025,157.0,145.42015,11.579849243164062,153.0,-7.5798492431640625,0,1,0
columbia_vs_cornell_20250111,2025-01-11,columbia,Cornell,2025,177.0,155.82344,21.176559448242188,164.5,-8.676559448242188,0,1,0
columbia_vs_yale_20250118,2025-01-18,columbia,Yale,2025,180.0,150.21475,29.785247802734375,152.5,-2.285247802734375,0,1,0
columbia_vs_harvard_20250131,2025-01-31,columbia,Harvard,2025,172.0,147.08972,24.9102783203125,145.0,2.0897216796875,1,1,1
columbia_vs_dartmouth_20250201,2025-02-01,columbia,Dartmouth,2025,184.0,154.5643,29.435699462890625,156.0,-1.435699462890625,0,1,0
columbia_vs_brown_20250208,2025-02-08,columbia,Brown,2025,146.0,150.17805,4.1780548095703125,151.0,-0.8219451904296875,0,0,1
columbia_vs_princeton_20250228,2025-02-28,columbia,Princeton,2025,141.0,149.80382,8.803817749023438,150.5,-0.6961822509765625,0,0,1
columbia_vs_pennsylvania_20250301,2025-03-01,columbia,Pennsylvania,2025,179.0,150.17009,28.829910278320312,154.5,-4.3299102783203125,0,1,0
connecticut_vs_texas a&mâcommerce_20241119,2024-11-19,connecticut,Texas A&MâCommerce,2025,127.0,147.70792,20.707916259765625,,,0,0,1
connecticut_vs_memphis_20241125,2024-11-25,connecticut,Memphis,2025,196.0,148.57385,47.4261474609375,148.5,0.0738525390625,1,1,1
connecticut_vs_dayton_20241128,2024-11-28,connecticut,Dayton,2025,152.0,142.32628,9.673721313476562,,,0,0,1
connecticut_vs_maryland eastern shore_20241130,2024-11-30,connecticut,Maryland Eastern Shore,2025,144.0,145.35841,1.3584136962890625,142.5,2.8584136962890625,1,1,1
connecticut_vs_baylor_20241204,2024-12-04,connecticut,Baylor,2025,148.0,147.03583,0.96417236328125,144.5,2.53582763671875,1,1,1
connecticut_vs_gonzaga_20241214,2024-12-14,connecticut,Gonzaga,2025,148.0,152.86684,4.8668365478515625,153.0,-0.1331634521484375,0,0,1
connecticut_vs_xavier_20241218,2024-12-18,connecticut,Xavier,2025,183.0,143.5779,39.42210388183594,146.5,-2.9221038818359375,0,1,0
connecticut_vs_providence_20250105,2025-01-05,connecticut,Providence,2025,171.0,138.2418,32.75819396972656,136.5,1.7418060302734375,1,1,1
connecticut_vs_creighton_20250118,2025-01-18,connecticut,Creighton,2025,131.0,142.10448,11.104476928710938,146.0,-3.8955230712890625,0,0,1
connecticut_vs_butler_20250121,2025-01-21,connecticut,Butler,2025,158.0,141.70905,16.29095458984375,142.0,-0.29095458984375,0,1,0
connecticut_vs_depaul_20250129,2025-01-29,connecticut,DePaul,2025,133.0,142.49104,9.491043090820312,140.5,1.9910430908203125,1,0,0
connecticut_vs_st. john's (ny)_20250207,2025-02-07,connecticut,St. John's (NY),2025,130.0,144.65494,14.654937744140625,143.5,1.154937744140625,1,0,0
connecticut_vs_villanova_20250218,2025-02-18,connecticut,Villanova,2025,125.0,141.14996,16.14996337890625,137.0,4.14996337890625,1,0,0
connecticut_vs_georgetown_20250226,2025-02-26,connecticut,Georgetown,2025,172.0,137.87112,34.128875732421875,143.5,-5.628875732421875,0,1,0
connecticut_vs_marquette_20250305,2025-03-05,connecticut,Marquette,2025,138.0,141.15096,3.1509552001953125,143.5,-2.3490447998046875,0,0,1
connecticut_vs_seton hall_20250308,2025-03-08,connecticut,Seton Hall,2025,131.0,136.85991,5.8599090576171875,132.0,4.8599090576171875,1,0,0
connecticut_vs_villanova_20250313,2025-03-13,connecticut,Villanova,2025,129.0,138.96036,9.960357666015625,134.5,4.460357666015625,1,0,0
connecticut_vs_creighton_20250314,2025-03-14,connecticut,Creighton,2025,133.0,140.25414,7.2541351318359375,138.5,1.7541351318359375,1,0,0
connecticut_vs_oklahoma_20250321,2025-03-21,connecticut,Oklahoma,2025,126.0,140.67319,14.673187255859375,147.0,-6.326812744140625,0,0,1
connecticut_vs_florida_20250323,2025-03-23,connecticut,Florida,2025,152.0,141.15045,10.84954833984375,150.5,-9.34954833984375,0,1,0
coppin-state_vs_high point_20241106,2024-11-06,coppin-state,High Point,2025,144.0,145.93394,1.9339447021484375,143.0,2.9339447021484375,1,1,1
coppin-state_vs_loyola (md)_20241202,2024-12-02,coppin-state,Loyola (MD),2025,125.0,138.59517,13.595169067382812,132.5,6.0951690673828125,1,0,0
coppin-state_vs_navy_20241221,2024-12-21,coppin-state,Navy,2025,128.0,138.07741,10.077407836914062,137.5,0.5774078369140625,1,0,0
coppin-state_vs_north carolina central_20250104,2025-01-04,coppin-state,North Carolina Central,2025,124.0,138.43385,14.433853149414062,139.5,-1.0661468505859375,0,0,1
coppin-state_vs_south carolina state_20250106,2025-01-06,coppin-state,South Carolina State,2025,162.0,135.05862,26.941375732421875,133.5,1.558624267578125,1,1,1
coppin-state_vs_delaware state_20250201,2025-02-01,coppin-state,Delaware State,2025,145.0,141.65842,3.341583251953125,142.0,-0.341583251953125,0,1,0
coppin-state_vs_norfolk state_20250222,2025-02-22,coppin-state,Norfolk State,2025,142.0,141.3333,0.6667022705078125,141.5,-0.1667022705078125,0,1,0
coppin-state_vs_howard_20250224,2025-02-24,coppin-state,Howard,2025,133.0,145.28125,12.28125,150.5,-5.21875,0,0,1
coppin-state_vs_maryland eastern shore_20250303,2025-03-03,coppin-state,Maryland Eastern Shore,2025,131.0,133.69466,2.6946563720703125,137.5,-3.8053436279296875,0,0,1
coppin-state_vs_morgan state_20250306,2025-03-06,coppin-state,Morgan State,2025,157.0,147.10823,9.891769409179688,151.0,-3.8917694091796875,0,1,0
coppin-state_vs_south carolina state_20250312,2025-03-12,coppin-state,South Carolina State,2025,131.0,141.18352,10.183517456054688,141.5,-0.3164825439453125,0,0,1
cornell_vs_lafayette_20241116,2024-11-16,cornell,Lafayette,2025,152.0,143.34561,8.654388427734375,152.0,-8.654388427734375,0,0,1
cornell_vs_robert morris_20241121,2024-11-21,cornell,Robert Morris,2025,162.0,148.11621,13.8837890625,151.5,-3.3837890625,0,1,0
cornell_vs_illinois state_20241222,2024-12-22,cornell,Illinois State,2025,157.0,150.95334,6.046661376953125,157.0,-6.046661376953125,0,0,1
cornell_vs_siena_20241230,2024-12-30,cornell,Siena,2025,160.0,147.5363,12.463699340820312,148.0,-0.4636993408203125,0,1,0
cornell_vs_brown_20250120,2025-01-20,cornell,Brown,2025,165.0,153.19496,11.805038452148438,154.5,-1.3050384521484375,0,1,0
cornell_vs_dartmouth_20250131,2025-01-31,cornell,Dartmouth,2025,140.0,158.55244,18.552444458007812,165.0,-6.4475555419921875,0,0,1
cornell_vs_harvard_20250201,2025-02-01,cornell,Harvard,2025,135.0,150.7222,15.722198486328125,153.5,-2.777801513671875,0,0,1
cornell_vs_yale_20250208,2025-02-08,cornell,Yale,2025,191.0,158.44734,32.55265808105469,158.5,-0.0526580810546875,0,1,0
cornell_vs_pennsylvania_20250228,2025-02-28,cornell,Pennsylvania,2025,152.0,154.19922,2.19921875,161.5,-7.30078125,0,0,1
cornell_vs_princeton_20250302,2025-03-02,cornell,Princeton,2025,172.0,152.73128,19.268722534179688,156.0,-3.2687225341796875,0,1,0
cornell_vs_columbia_20250308,2025-03-08,cornell,Columbia,2025,181.0,159.42593,21.574066162109375,169.0,-9.574066162109375,0,1,0
cornell_vs_dartmouth_20250315,2025-03-15,cornell,Dartmouth,2025,158.0,156.63593,1.36407470703125,161.0,-4.36407470703125,0,0,1
cornell_vs_yale_20250316,2025-03-16,cornell,Yale,2025,174.0,157.29997,16.700027465820312,158.5,-1.2000274658203125,0,1,0
creighton_vs_nebraska_20241122,2024-11-22,creighton,Nebraska,2025,137.0,148.92761,11.9276123046875,151.5,-2.5723876953125,0,0,1
creighton_vs_san diego state_20241126,2024-11-26,creighton,San Diego State,2025,124.0,145.48509,21.485092163085938,139.5,5.9850921630859375,1,0,0
creighton_vs_texas a&m_20241127,2024-11-27,creighton,Texas A&M,2025,150.0,142.64343,7.3565673828125,145.5,-2.8565673828125,0,1,0
creighton_vs_notre dame_20241130,2024-11-30,creighton,Notre Dame,2025,156.0,144.6167,11.38330078125,143.5,1.11669921875,1,1,1
creighton_vs_kansas_20241204,2024-12-04,creighton,Kansas,2025,139.0,150.8303,11.830307006835938,153.0,-2.1696929931640625,0,0,1
creighton_vs_unlv_20241207,2024-12-07,creighton,UNLV,2025,148.0,143.73318,4.266815185546875,145.0,-1.266815185546875,0,1,0
creighton_vs_villanova_20241221,2024-12-21,creighton,Villanova,2025,165.0,145.62497,19.375030517578125,143.0,2.624969482421875,1,1,1
creighton_vs_st. john's (ny)_20241231,2024-12-31,creighton,St. John's (NY),2025,113.0,149.6439,36.64390563964844,152.0,-2.3560943603515625,0,0,1
creighton_vs_providence_20250114,2025-01-14,creighton,Providence,2025,148.0,140.37451,7.62548828125,146.5,-6.12548828125,0,1,0
creighton_vs_seton hall_20250125,2025-01-25,creighton,Seton Hall,2025,133.0,137.42528,4.4252777099609375,134.5,2.9252777099609375,1,0,0
creighton_vs_xavier_20250129,2025-01-29,creighton,Xavier,2025,163.0,144.79637,18.203628540039062,143.5,1.2963714599609375,1,1,1
creighton_vs_marquette_20250208,2025-02-08,creighton,Marquette,2025,144.0,142.2959,1.7041015625,148.0,-5.7041015625,0,0,1
creighton_vs_connecticut_20250211,2025-02-11,creighton,Connecticut,2025,136.0,144.27979,8.27978515625,140.5,3.77978515625,1,0,0
creighton_vs_georgetown_20250223,2025-02-23,creighton,Georgetown,2025,149.0,139.71562,9.284378051757812,145.5,-5.7843780517578125,0,1,0
creighton_vs_depaul_20250226,2025-02-26,creighton,DePaul,2025,140.0,144.13542,4.1354217529296875,146.5,-2.3645782470703125,0,0,1
creighton_vs_butler_20250308,2025-03-08,creighton,Butler,2025,161.0,142.88995,18.11004638671875,152.0,-9.11004638671875,0,1,0
creighton_vs_depaul_20250313,2025-03-13,creighton,DePaul,2025,166.0,141.9133,24.086700439453125,142.5,-0.586700439453125,0,1,0
creighton_vs_st. john's (ny)_20250315,2025-03-15,creighton,St. John's (NY),2025,148.0,144.36795,3.632049560546875,143.5,0.867950439453125,1,1,1
creighton_vs_louisville_20250320,2025-03-20,creighton,Louisville,2025,164.0,141.38199,22.618011474609375,146.5,-5.118011474609375,0,1,0
dartmouth_vs_le moyne_20241218,2024-12-18,dartmouth,Le Moyne,2025,156.0,152.78429,3.2157135009765625,148.5,4.2842864990234375,1,1,1
dartmouth_vs_vermont_20241221,2024-12-21,dartmouth,Vermont,2025,138.0,134.97159,3.028411865234375,135.0,-0.028411865234375,0,1,0
dartmouth_vs_pennsylvania_20250111,2025-01-11,dartmouth,Pennsylvania,2025,143.0,141.7368,1.2631988525390625,145.0,-3.2631988525390625,0,0,1
dartmouth_vs_princeton_20250118,2025-01-18,dartmouth,Princeton,2025,161.0,149.44615,11.553848266601562,149.0,0.4461517333984375,1,1,1
dartmouth_vs_harvard_20250208,2025-02-08,dartmouth,Harvard,2025,132.0,147.25122,15.251220703125,147.5,-0.248779296875,0,0,1
dartmouth_vs_columbia_20250214,2025-02-14,dartmouth,Columbia,2025,134.0,154.8032,20.803207397460938,159.5,-4.6967926025390625,0,0,1
dartmouth_vs_cornell_20250215,2025-02-15,dartmouth,Cornell,2025,137.0,156.42415,19.424148559570312,161.5,-5.0758514404296875,0,0,1
dartmouth_vs_yale_20250228,2025-02-28,dartmouth,Yale,2025,139.0,154.51016,15.510162353515625,157.5,-2.989837646484375,0,0,1
dartmouth_vs_brown_20250301,2025-03-01,dartmouth,Brown,2025,136.0,147.10362,11.103622436523438,148.5,-1.3963775634765625,0,0,1
davidson_vs_east tennessee state_20241116,2024-11-16,davidson,East Tennessee State,2025,146.0,151.11612,5.116119384765625,143.0,8.116119384765625,1,1,1
davidson_vs_vmi_20241122,2024-11-22,davidson,VMI,2025,159.0,147.44206,11.557937622070312,146.5,0.9420623779296875,1,1,1
davidson_vs_providence_20241128,2024-11-28,davidson,Providence,2025,127.0,142.45654,15.45654296875,136.5,5.95654296875,1,0,0
davidson_vs_gonzaga_20241129,2024-11-29,davidson,Gonzaga,2025,155.0,157.86473,2.8647308349609375,154.5,3.3647308349609375,1,1,1
davidson_vs_charleston southern_20241206,2024-12-06,davidson,Charleston Southern,2025,145.0,151.9985,6.998504638671875,146.5,5.498504638671875,1,0,0
davidson_vs_charlotte_20241210,2024-12-10,davidson,Charlotte,2025,146.0,143.92903,2.0709686279296875,140.0,3.9290313720703125,1,1,1
davidson_vs_detroit mercy_20241214,2024-12-14,davidson,Detroit Mercy,2025,137.0,150.5207,13.520706176757812,144.5,6.0207061767578125,1,0,0
davidson_vs_bethune-cookman_20241221,2024-12-21,davidson,Bethune-Cookman,2025,139.0,145.19528,6.195281982421875,143.0,2.195281982421875,1,0,0
davidson_vs_eastern michigan_20241228,2024-12-28,davidson,Eastern Michigan,2025,150.0,147.96576,2.03424072265625,143.5,4.46575927734375,1,1,1
davidson_vs_duquesne_20250104,2025-01-04,davidson,Duquesne,2025,148.0,136.71912,11.2808837890625,132.0,4.7191162109375,1,1,1
davidson_vs_fordham_20250111,2025-01-11,davidson,Fordham,2025,138.0,150.26442,12.264419555664062,145.5,4.7644195556640625,1,0,0
davidson_vs_saint joseph's_20250121,2025-01-21,davidson,Saint Joseph's,2025,139.0,147.74707,8.7470703125,146.5,1.2470703125,1,0,0
davidson_vs_george mason_20250201,2025-02-01,davidson,George Mason,2025,124.0,139.02913,15.029129028320312,133.0,6.0291290283203125,1,0,0
davidson_vs_richmond_20250208,2025-02-08,davidson,Richmond,2025,131.0,143.31213,12.3121337890625,133.5,9.8121337890625,1,0,0
davidson_vs_george washington_20250215,2025-02-15,davidson,George Washington,2025,141.0,143.74576,2.745758056640625,140.5,3.245758056640625,1,1,1
davidson_vs_loyola chicago_20250218,2025-02-18,davidson,Loyola Chicago,2025,146.0,145.34291,0.6570892333984375,139.5,5.8429107666015625,1,1,1
davidson_vs_saint louis_20250225,2025-02-25,davidson,Saint Louis,2025,113.0,144.22917,31.229171752929688,147.5,-3.2708282470703125,0,0,1
davidson_vs_st. bonaventure_20250308,2025-03-08,davidson,St. Bonaventure,2025,125.0,139.66661,14.666610717773438,137.0,2.6666107177734375,1,0,0
davidson_vs_richmond_20250312,2025-03-12,davidson,Richmond,2025,134.0,140.17609,6.17608642578125,130.5,9.67608642578125,1,1,1
davidson_vs_saint louis_20250313,2025-03-13,davidson,Saint Louis,2025,158.0,141.01428,16.9857177734375,142.0,-0.9857177734375,0,1,0
dayton_vs_new mexico state_20241120,2024-11-20,dayton,New Mexico State,2025,127.0,148.48492,21.48492431640625,142.0,6.48492431640625,1,0,0
dayton_vs_north carolina_20241125,2024-11-25,dayton,North Carolina,2025,182.0,148.44055,33.5594482421875,157.5,-9.0594482421875,0,1,0
dayton_vs_iowa state_20241126,2024-11-26,dayton,Iowa State,2025,173.0,140.00423,32.99577331542969,142.5,-2.4957733154296875,0,1,0
dayton_vs_lehigh_20241207,2024-12-07,dayton,Lehigh,2025,148.0,141.47913,6.5208740234375,145.5,-4.0208740234375,0,1,0
dayton_vs_marquette_20241214,2024-12-14,dayton,Marquette,2025,134.0,142.82338,8.823379516601562,149.0,-6.1766204833984375,0,0,1
dayton_vs_unlv_20241217,2024-12-17,dayton,UNLV,2025,131.0,137.6467,6.646697998046875,140.0,-2.353302001953125,0,0,1
dayton_vs_la salle_20241231,2024-12-31,dayton,La Salle,2025,154.0,146.29312,7.706878662109375,146.5,-0.206878662109375,0,1,0
dayton_vs_george mason_20250115,2025-01-15,dayton,George Mason,2025,126.0,135.51811,9.518112182617188,134.0,1.5181121826171875,1,0,0
dayton_vs_loyola chicago_20250118,2025-01-18,dayton,Loyola Chicago,2025,164.0,142.6104,21.389602661132812,141.5,1.1103973388671875,1,1,1
dayton_vs_saint joseph's_20250124,2025-01-24,dayton,Saint Joseph's,2025,149.0,146.07048,2.9295196533203125,142.5,3.5704803466796875,1,1,1
dayton_vs_davidson_20250204,2025-02-04,dayton,Davidson,2025,132.0,142.72295,10.722946166992188,140.5,2.2229461669921875,1,0,0
dayton_vs_vcu_20250207,2025-02-07,dayton,VCU,2025,141.0,140.47414,0.5258636474609375,139.5,0.9741363525390625,1,1,1
dayton_vs_duquesne_20250215,2025-02-15,dayton,Duquesne,2025,153.0,139.34268,13.657318115234375,134.5,4.842681884765625,1,1,1
dayton_vs_richmond_20250301,2025-03-01,dayton,Richmond,2025,138.0,142.53233,4.5323333740234375,135.5,7.0323333740234375,1,1,1
dayton_vs_saint louis_20250304,2025-03-04,dayton,Saint Louis,2025,142.0,141.90335,0.096649169921875,144.5,-2.596649169921875,0,0,1
dayton_vs_saint joseph's_20250314,2025-03-14,dayton,Saint Joseph's,2025,141.0,142.5173,1.517303466796875,141.5,1.017303466796875,1,0,0
delaware_vs_bryant_20241118,2024-11-18,delaware,Bryant,2025,169.0,156.17818,12.821823120117188,160.5,-4.3218231201171875,0,1,0
delaware_vs_vermont_20241123,2024-11-23,delaware,Vermont,2025,146.0,141.39694,4.603057861328125,139.5,1.896942138671875,1,1,1
delaware_vs_yale_20241124,2024-11-24,delaware,Yale,2025,194.0,150.58429,43.41571044921875,148.0,2.58428955078125,1,1,1
delaware_vs_delaware state_20241203,2024-12-03,delaware,Delaware State,2025,173.0,148.8956,24.104400634765625,150.5,-1.604400634765625,0,1,0
delaware_vs_monmouth_20250104,2025-01-04,delaware,Monmouth,2025,148.0,154.49683,6.496826171875,153.0,1.496826171875,1,0,0
delaware_vs_stony brook_20250116,2025-01-16,delaware,Stony Brook,2025,158.0,149.06442,8.935577392578125,148.5,0.564422607421875,1,1,1
delaware_vs_elon_20250118,2025-01-18,delaware,Elon,2025,156.0,147.73372,8.266281127929688,150.5,-2.7662811279296875,0,1,0
delaware_vs_towson_20250130,2025-01-30,delaware,Towson,2025,142.0,148.5059,6.5059051513671875,145.5,3.0059051513671875,1,0,0
delaware_vs_unc wilmington_20250206,2025-02-06,delaware,UNC Wilmington,2025,144.0,155.08934,11.089340209960938,152.5,2.5893402099609375,1,0,0
delaware_vs_william & mary_20250208,2025-02-08,delaware,William & Mary,2025,138.0,157.65822,19.658218383789062,165.5,-7.8417816162109375,0,0,1
delaware_vs_campbell_20250215,2025-02-15,delaware,Campbell,2025,187.0,145.57262,41.42738342285156,148.5,-2.9273834228515625,0,1,0
delaware_vs_drexel_20250220,2025-02-20,delaware,Drexel,2025,152.0,145.33308,6.6669158935546875,142.0,3.3330841064453125,1,1,1
delaware_vs_hofstra_20250222,2025-02-22,delaware,Hofstra,2025,143.0,144.30267,1.30267333984375,142.5,1.80267333984375,1,1,1
delaware_vs_stony brook_20250307,2025-03-07,delaware,Stony Brook,2025,156.0,145.29538,10.704620361328125,147.5,-2.204620361328125,0,1,0
delaware_vs_william & mary_20250309,2025-03-09,delaware,William & Mary,2025,178.0,153.59001,24.409988403320312,161.5,-7.9099884033203125,0,1,0
delaware_vs_towson_20250310,2025-03-10,delaware,Towson,2025,154.0,144.14001,9.8599853515625,144.5,-0.3599853515625,0,1,0
delaware_vs_unc wilmington_20250311,2025-03-11,delaware,UNC Wilmington,2025,148.0,150.70444,2.704437255859375,150.0,0.704437255859375,1,0,0
delaware-state_vs_loyola (md)_20241207,2024-12-07,delaware-state,Loyola (MD),2025,157.0,142.93214,14.067855834960938,140.0,2.9321441650390625,1,1,1
delaware-state_vs_njit_20241211,2024-12-11,delaware-state,NJIT,2025,130.0,136.41263,6.412628173828125,141.0,-4.587371826171875,0,0,1
delaware-state_vs_norfolk state_20250106,2025-01-06,delaware-state,Norfolk State,2025,137.0,144.32558,7.3255767822265625,144.5,-0.1744232177734375,0,0,1
delaware-state_vs_morgan state_20250203,2025-02-03,delaware-state,Morgan State,2025,166.0,156.26096,9.739044189453125,157.5,-1.239044189453125,0,1,0
delaware-state_vs_howard_20250215,2025-02-15,delaware-state,Howard,2025,159.0,154.47917,4.5208282470703125,158.5,-4.0208282470703125,0,1,0
delaware-state_vs_south carolina state_20250222,2025-02-22,delaware-state,South Carolina State,2025,182.0,149.242,32.75799560546875,154.0,-4.75799560546875,0,1,0
delaware-state_vs_north carolina central_20250224,2025-02-24,delaware-state,North Carolina Central,2025,170.0,154.33586,15.664138793945312,156.0,-1.6641387939453125,0,1,0
delaware-state_vs_coppin state_20250301,2025-03-01,delaware-state,Coppin State,2025,162.0,144.21985,17.7801513671875,147.5,-3.2801513671875,0,1,0
delaware-state_vs_maryland eastern shore_20250306,2025-03-06,delaware-state,Maryland Eastern Shore,2025,143.0,149.31754,6.317535400390625,147.5,1.817535400390625,1,0,0
delaware-state_vs_north carolina central_20250313,2025-03-13,delaware-state,North Carolina Central,2025,156.0,153.96695,2.033050537109375,152.5,1.466949462890625,1,1,1
denver_vs_montana state_20241117,2024-11-17,denver,Montana State,2025,157.0,149.72592,7.274078369140625,148.5,1.225921630859375,1,1,1
denver_vs_utah tech_20241126,2024-11-26,denver,Utah Tech,2025,122.0,152.03427,30.034271240234375,150.5,1.534271240234375,1,0,0
denver_vs_sacramento state_20241204,2024-12-04,denver,Sacramento State,2025,139.0,145.2326,6.23260498046875,141.0,4.23260498046875,1,0,0
denver_vs_northern colorado_20241221,2024-12-21,denver,Northern Colorado,2025,157.0,155.58226,1.4177398681640625,154.5,1.0822601318359375,1,1,1
denver_vs_north dakota_20250109,2025-01-09,denver,North Dakota,2025,165.0,155.3325,9.667495727539062,153.0,2.3325042724609375,1,1,1
denver_vs_north dakota state_20250111,2025-01-11,denver,North Dakota State,2025,119.0,145.9902,26.990203857421875,154.0,-8.009796142578125,0,0,1
denver_vs_omaha_20250115,2025-01-15,denver,Omaha,2025,142.0,148.81013,6.8101348876953125,148.5,0.3101348876953125,1,0,0
denver_vs_kansas city_20250130,2025-01-30,denver,Kansas City,2025,137.0,137.59056,0.5905609130859375,134.5,3.0905609130859375,1,1,1
denver_vs_south dakota_20250206,2025-02-06,denver,South Dakota,2025,165.0,154.81554,10.184463500976562,164.0,-9.184463500976562,0,1,0
denver_vs_st. thomas_20250208,2025-02-08,denver,St. Thomas,2025,155.0,150.91695,4.0830535888671875,149.0,1.9169464111328125,1,1,1
denver_vs_oral roberts_20250219,2025-02-19,denver,Oral Roberts,2025,131.0,152.0776,21.077606201171875,148.5,3.577606201171875,1,0,0
denver_vs_south dakota state_20250301,2025-03-01,denver,South Dakota State,2025,140.0,150.62639,10.626388549804688,147.5,3.1263885498046875,1,0,0
denver_vs_st. thomas_20250306,2025-03-06,denver,St. Thomas,2025,142.0,149.69263,7.692626953125,144.5,5.192626953125,1,0,0
depaul_vs_duquesne_20241115,2024-11-15,depaul,Duquesne,2025,142.0,153.3549,11.354904174804688,144.0,9.354904174804688,1,0,0
depaul_vs_eastern illinois_20241119,2024-11-19,depaul,Eastern Illinois,2025,147.0,153.77727,6.7772674560546875,145.5,8.277267456054688,1,1,1
depaul_vs_northern illinois_20241123,2024-11-23,depaul,Northern Illinois,2025,150.0,148.71812,1.2818756103515625,143.0,5.7181243896484375,1,1,1
depaul_vs_valparaiso_20241129,2024-11-29,depaul,Valparaiso,2025,159.0,151.938,7.0619964599609375,150.5,1.4380035400390625,1,1,1
depaul_vs_providence_20241210,2024-12-10,depaul,Providence,2025,133.0,137.18,4.17999267578125,139.0,-1.82000732421875,0,0,1
depaul_vs_wichita state_20241214,2024-12-14,depaul,Wichita State,2025,163.0,154.91637,8.083633422851562,151.5,3.4163665771484375,1,1,1
depaul_vs_loyola (md)_20241228,2024-12-28,depaul,Loyola (MD),2025,149.0,147.94795,1.0520477294921875,145.0,2.9479522705078125,1,1,1
depaul_vs_connecticut_20250101,2025-01-01,depaul,Connecticut,2025,149.0,145.66476,3.335235595703125,144.5,1.164764404296875,1,1,1
depaul_vs_xavier_20250111,2025-01-11,depaul,Xavier,2025,140.0,152.01593,12.01593017578125,151.5,0.51593017578125,1,0,0
depaul_vs_marquette_20250114,2025-01-14,depaul,Marquette,2025,168.0,147.45578,20.544219970703125,147.5,-0.044219970703125,0,1,0
depaul_vs_creighton_20250121,2025-01-21,depaul,Creighton,2025,122.0,144.61981,22.61981201171875,144.0,0.61981201171875,1,0,0
depaul_vs_seton hall_20250202,2025-02-02,depaul,Seton Hall,2025,131.0,136.66084,5.6608428955078125,135.5,1.1608428955078125,1,0,0
depaul_vs_villanova_20250205,2025-02-05,depaul,Villanova,2025,108.0,141.47626,33.47625732421875,142.0,-0.52374267578125,0,0,1
depaul_vs_st. john's (ny)_20250219,2025-02-19,depaul,St. John's (NY),2025,140.0,147.89314,7.8931427001953125,143.5,4.3931427001953125,1,0,0
depaul_vs_butler_20250222,2025-02-22,depaul,Butler,2025,156.0,143.59387,12.4061279296875,147.5,-3.9061279296875,0,1,0
depaul_vs_georgetown_20250308,2025-03-08,depaul,Georgetown,2025,160.0,141.65562,18.344375610351562,144.5,-2.8443756103515625,0,1,0
depaul_vs_georgetown_20250312,2025-03-12,depaul,Georgetown,2025,138.0,141.03824,3.038238525390625,144.5,-3.461761474609375,0,0,1
detroit-mercy_vs_toledo_20241116,2024-11-16,detroit-mercy,Toledo,2025,149.0,154.98604,5.9860382080078125,153.0,1.9860382080078125,1,0,0
detroit-mercy_vs_tulsa_20241126,2024-11-26,detroit-mercy,Tulsa,2025,107.0,154.01488,47.01487731933594,141.5,12.514877319335938,1,0,0
detroit-mercy_vs_rhode island_20241127,2024-11-27,detroit-mercy,Rhode Island,2025,156.0,149.98703,6.012969970703125,146.5,3.487030029296875,1,1,1
detroit-mercy_vs_wright state_20241207,2024-12-07,detroit-mercy,Wright State,2025,152.0,144.14282,7.857177734375,144.0,0.142822265625,1,1,1
detroit-mercy_vs_robert morris_20250102,2025-01-02,detroit-mercy,Robert Morris,2025,154.0,143.25409,10.74591064453125,142.5,0.75408935546875,1,1,1
detroit-mercy_vs_milwaukee_20250104,2025-01-04,detroit-mercy,Milwaukee,2025,120.0,147.34848,27.348480224609375,150.0,-2.651519775390625,0,0,1
detroit-mercy_vs_oakland_20250118,2025-01-18,detroit-mercy,Oakland,2025,124.0,134.50986,10.509857177734375,133.5,1.009857177734375,1,0,0
detroit-mercy_vs_northern kentucky_20250130,2025-01-30,detroit-mercy,Northern Kentucky,2025,125.0,138.65268,13.652679443359375,133.5,5.152679443359375,1,0,0
detroit-mercy_vs_green bay_20250201,2025-02-01,detroit-mercy,Green Bay,2025,124.0,140.98735,16.987350463867188,138.0,2.9873504638671875,1,0,0
detroit-mercy_vs_youngstown state_20250208,2025-02-08,detroit-mercy,Youngstown State,2025,159.0,141.48074,17.519256591796875,142.0,-0.519256591796875,0,1,0
detroit-mercy_vs_iu indy_20250219,2025-02-19,detroit-mercy,IU Indy,2025,151.0,148.04384,2.9561614990234375,147.5,0.5438385009765625,1,1,1
detroit-mercy_vs_cleveland state_20250221,2025-02-21,detroit-mercy,Cleveland State,2025,138.0,138.27893,0.2789306640625,139.0,-0.7210693359375,0,0,1
dixie-state_vs_weber state_20241213,2024-12-13,dixie-state,Weber State,2025,144.0,144.96085,0.960845947265625,143.5,1.460845947265625,1,1,1
dixie-state_vs_south dakota_20241219,2024-12-19,dixie-state,South Dakota,2025,179.0,154.15942,24.840576171875,163.5,-9.340576171875,0,1,0
dixie-state_vs_ut arlington_20250109,2025-01-09,dixie-state,UT Arlington,2025,136.0,151.89812,15.898117065429688,154.0,-2.1018829345703125,0,0,1
dixie-state_vs_tarleton state_20250111,2025-01-11,dixie-state,Tarleton State,2025,112.0,138.34644,26.346435546875,136.0,2.346435546875,1,0,0
dixie-state_vs_grand canyon_20250125,2025-01-25,dixie-state,Grand Canyon,2025,145.0,147.81824,2.8182373046875,148.5,-0.6817626953125,0,0,1
dixie-state_vs_abilene christian_20250206,2025-02-06,dixie-state,Abilene Christian,2025,158.0,142.1097,15.890304565429688,139.0,3.1096954345703125,1,1,1
dixie-state_vs_utah valley_20250220,2025-02-20,dixie-state,Utah Valley,2025,156.0,144.29105,11.708953857421875,146.5,-2.208953857421875,0,1,0
dixie-state_vs_southern utah_20250227,2025-02-27,dixie-state,Southern Utah,2025,157.0,149.2737,7.7263031005859375,146.0,3.2736968994140625,1,1,1
dixie-state_vs_california baptist_20250301,2025-03-01,dixie-state,California Baptist,2025,118.0,145.853,27.852996826171875,144.5,1.352996826171875,1,0,0
dixie-state_vs_seattle_20250308,2025-03-08,dixie-state,Seattle,2025,135.0,142.76968,7.769683837890625,138.0,4.769683837890625,1,0,0
dixie-state_vs_southern utah_20250311,2025-03-11,dixie-state,Southern Utah,2025,137.0,147.18561,10.18560791015625,144.0,3.18560791015625,1,0,0
dixie-state_vs_utah valley_20250312,2025-03-12,dixie-state,Utah Valley,2025,131.0,143.92404,12.924041748046875,142.5,1.424041748046875,1,0,0
drake_vs_florida gulf coast_20241116,2024-11-16,drake,Florida Gulf Coast,2025,124.0,131.17479,7.1747894287109375,130.0,1.1747894287109375,1,0,0
drake_vs_miami (fl)_20241121,2024-11-21,drake,Miami (FL),2025,149.0,138.11096,10.8890380859375,143.5,-5.3890380859375,0,1,0
drake_vs_florida atlantic_20241122,2024-11-22,drake,Florida Atlantic,2025,138.0,149.40242,11.402420043945312,143.5,5.9024200439453125,1,0,0
drake_vs_vanderbilt_20241124,2024-11-24,drake,Vanderbilt,2025,151.0,136.21594,14.7840576171875,142.0,-5.7840576171875,0,1,0
drake_vs_georgia southern_20241130,2024-11-30,drake,Georgia Southern,2025,108.0,146.98578,38.98577880859375,143.5,3.48577880859375,1,0,0
drake_vs_green bay_20241221,2024-12-21,drake,Green Bay,2025,134.0,136.24136,2.241363525390625,137.5,-1.258636474609375,0,0,1
drake_vs_belmont_20241229,2024-12-29,drake,Belmont,2025,111.0,138.31696,27.31695556640625,140.5,-2.18304443359375,0,0,1
drake_vs_murray state_20250105,2025-01-05,drake,Murray State,2025,125.0,131.66682,6.6668243408203125,125.5,6.1668243408203125,1,0,0
drake_vs_evansville_20250111,2025-01-11,drake,Evansville,2025,103.0,123.89838,20.89837646484375,120.5,3.39837646484375,1,0,0
drake_vs_illinois state_20250115,2025-01-15,drake,Illinois State,2025,128.0,135.98402,7.9840240478515625,123.5,12.484024047851562,1,1,1
drake_vs_valparaiso_20250122,2025-01-22,drake,Valparaiso,2025,152.0,135.21799,16.782012939453125,128.0,7.217987060546875,1,1,1
drake_vs_northern iowa_20250129,2025-01-29,drake,Northern Iowa,2025,118.0,130.3302,12.3302001953125,122.5,7.8302001953125,1,0,0
drake_vs_indiana state_20250208,2025-02-08,drake,Indiana State,2025,166.0,138.9444,27.05560302734375,134.5,4.44439697265625,1,1,1
drake_vs_bradley_20250216,2025-02-16,drake,Bradley,2025,120.0,134.8473,14.847305297851562,129.5,5.3473052978515625,1,0,0
drake_vs_illinoisâchicago_20250219,2025-02-19,drake,IllinoisâChicago,2025,131.0,136.03102,5.0310211181640625,133.5,2.5310211181640625,1,0,0
drake_vs_missouri state_20250302,2025-03-02,drake,Missouri State,2025,128.0,127.85161,0.1483917236328125,121.5,6.3516082763671875,1,1,1
drake_vs_southern illinois_20250307,2025-03-07,drake,Southern Illinois,2025,123.0,133.24376,10.243759155273438,126.5,6.7437591552734375,1,0,0
drake_vs_missouri_20250320,2025-03-20,drake,Missouri,2025,124.0,135.97983,11.979827880859375,133.5,2.479827880859375,1,0,0
drake_vs_texas tech_20250322,2025-03-22,drake,Texas Tech,2025,141.0,134.44597,6.5540313720703125,126.5,7.9459686279296875,1,1,1
drexel_vs_la salle_20241116,2024-11-16,drexel,La Salle,2025,139.0,136.84935,2.1506500244140625,138.5,-1.6506500244140625,0,1,0
drexel_vs_bryant_20241202,2024-12-02,drexel,Bryant,2025,151.0,151.43846,0.4384613037109375,148.5,2.9384613037109375,1,1,1
drexel_vs_pennsylvania_20241207,2024-12-07,drexel,Pennsylvania,2025,107.0,138.50255,31.502548217773438,137.5,1.0025482177734375,1,0,0
drexel_vs_penn state_20241221,2024-12-21,drexel,Penn State,2025,139.0,150.60144,11.6014404296875,144.5,6.1014404296875,1,0,0
drexel_vs_towson_20250111,2025-01-11,drexel,Towson,2025,175.0,130.64825,44.35174560546875,126.5,4.14825439453125,1,1,1
drexel_vs_elon_20250116,2025-01-16,drexel,Elon,2025,119.0,134.72316,15.723159790039062,133.5,1.2231597900390625,1,0,0
drexel_vs_hofstra_20250120,2025-01-20,drexel,Hofstra,2025,115.0,130.45184,15.45184326171875,124.5,5.95184326171875,1,0,0
drexel_vs_delaware_20250125,2025-01-25,drexel,Delaware,2025,121.0,145.07834,24.078338623046875,145.0,0.078338623046875,1,0,0
drexel_vs_william & mary_20250206,2025-02-06,drexel,William & Mary,2025,152.0,146.0512,5.9488067626953125,146.0,0.0511932373046875,1,1,1
drexel_vs_unc wilmington_20250208,2025-02-08,drexel,UNC Wilmington,2025,160.0,137.99025,22.009750366210938,134.5,3.4902496337890625,1,1,1
drexel_vs_college of charleston_20250222,2025-02-22,drexel,College of Charleston,2025,119.0,143.14664,24.146636962890625,140.0,3.146636962890625,1,0,0
drexel_vs_hampton_20250227,2025-02-27,drexel,Hampton,2025,105.0,136.47241,31.472412109375,130.0,6.472412109375,1,0,0
drexel_vs_monmouth_20250301,2025-03-01,drexel,Monmouth,2025,132.0,135.54247,3.5424652099609375,135.0,0.5424652099609375,1,0,0
drexel_vs_elon_20250308,2025-03-08,drexel,Elon,2025,165.0,133.83083,31.169174194335938,128.5,5.3308258056640625,1,1,1
drexel_vs_towson_20250309,2025-03-09,drexel,Towson,2025,158.0,130.58151,27.418487548828125,123.0,7.581512451171875,1,1,1
duke_vs_wofford_20241116,2024-11-16,duke,Wofford,2025,121.0,149.44283,28.442825317382812,148.5,0.9428253173828125,1,0,0
duke_vs_kansas_20241126,2024-11-26,duke,Kansas,2025,147.0,149.30154,2.301544189453125,148.5,0.801544189453125,1,0,0
duke_vs_seattle_20241129,2024-11-29,duke,Seattle,2025,118.0,146.27362,28.27362060546875,141.0,5.27362060546875,1,0,0
duke_vs_auburn_20241204,2024-12-04,duke,Auburn,2025,162.0,142.87137,19.128631591796875,146.5,-3.628631591796875,0,1,0
duke_vs_incarnate word_20241210,2024-12-10,duke,Incarnate Word,2025,118.0,137.71729,19.71728515625,143.0,-5.28271484375,0,0,1
duke_vs_george mason_20241217,2024-12-17,duke,George Mason,2025,115.0,140.13678,25.13677978515625,136.5,3.63677978515625,1,0,0
duke_vs_virginia tech_20241231,2024-12-31,duke,Virginia Tech,2025,153.0,136.70494,16.295059204101562,136.5,0.2049407958984375,1,1,1
duke_vs_pittsburgh_20250107,2025-01-07,duke,Pittsburgh,2025,123.0,139.06866,16.06866455078125,144.5,-5.43133544921875,0,0,1
duke_vs_notre dame_20250111,2025-01-11,duke,Notre Dame,2025,164.0,136.29715,27.702850341796875,136.0,0.297149658203125,1,1,1
duke_vs_miami (fl)_20250114,2025-01-14,duke,Miami (FL),2025,143.0,139.24422,3.7557830810546875,145.5,-6.2557830810546875,0,0,1
duke_vs_nc state_20250127,2025-01-27,duke,NC State,2025,138.0,134.57845,3.4215545654296875,134.5,0.0784454345703125,1,1,1
duke_vs_north carolina_20250201,2025-02-01,duke,North Carolina,2025,157.0,148.0831,8.916900634765625,148.0,0.083099365234375,1,1,1
duke_vs_california_20250212,2025-02-12,duke,California,2025,135.0,140.85349,5.853485107421875,142.5,-1.646514892578125,0,0,1
duke_vs_stanford_20250215,2025-02-15,duke,Stanford,2025,176.0,140.19437,35.805633544921875,142.5,-2.305633544921875,0,1,0
duke_vs_illinois_20250222,2025-02-22,duke,Illinois,2025,177.0,145.57576,31.424240112304688,156.5,-10.924240112304688,0,1,0
duke_vs_florida state_20250301,2025-03-01,duke,Florida State,2025,165.0,143.70245,21.29754638671875,149.5,-5.79754638671875,0,1,0
duke_vs_wake forest_20250303,2025-03-03,duke,Wake Forest,2025,153.0,138.90334,14.096664428710938,146.5,-7.5966644287109375,0,1,0
duke_vs_georgia tech_20250313,2025-03-13,duke,Georgia Tech,2025,148.0,139.83324,8.166763305664062,144.0,-4.1667633056640625,0,1,0
duke_vs_north carolina_20250314,2025-03-14,duke,North Carolina,2025,145.0,145.1901,0.190093994140625,153.5,-8.309906005859375,0,0,1
duke_vs_louisville_20250315,2025-03-15,duke,Louisville,2025,135.0,139.20033,4.2003326416015625,148.5,-9.299667358398438,0,0,1
duke_vs_mount st. mary's_20250321,2025-03-21,duke,Mount St. Mary's,2025,142.0,141.26624,0.7337646484375,141.5,-0.2337646484375,0,1,0
duke_vs_houston_20250405,2025-04-05,duke,Houston,2025,137.0,136.3563,0.643707275390625,137.0,-0.643707275390625,0,0,1
duquesne_vs_milwaukee_20241119,2024-11-19,duquesne,Milwaukee,2025,154.0,154.81424,0.814239501953125,151.0,3.814239501953125,1,1,1
duquesne_vs_south dakota state_20241124,2024-11-24,duquesne,South Dakota State,2025,131.0,145.39662,14.396621704101562,147.5,-2.1033782958984375,0,0,1
duquesne_vs_hampton_20241125,2024-11-25,duquesne,Hampton,2025,123.0,139.91338,16.913375854492188,135.5,4.4133758544921875,1,0,0
duquesne_vs_old dominion_20241126,2024-11-26,duquesne,Old Dominion,2025,121.0,142.62854,21.6285400390625,138.5,4.1285400390625,1,0,0
duquesne_vs_saint peter's_20241203,2024-12-03,duquesne,Saint Peter's,2025,121.0,136.11267,15.1126708984375,128.0,8.1126708984375,1,0,0
duquesne_vs_delaware_20241206,2024-12-06,duquesne,Delaware,2025,146.0,145.76445,0.2355499267578125,145.5,0.2644500732421875,1,1,1
duquesne_vs_maine_20241211,2024-12-11,duquesne,Maine,2025,117.0,135.72609,18.726089477539062,132.5,3.2260894775390625,1,0,0
duquesne_vs_towson_20241214,2024-12-14,duquesne,Towson,2025,112.0,129.52449,17.524490356445312,128.5,1.0244903564453125,1,0,0
duquesne_vs_uc irvine_20241221,2024-12-21,duquesne,UC Irvine,2025,124.0,131.96393,7.96392822265625,132.5,-0.53607177734375,0,0,1
duquesne_vs_rhode island_20241231,2024-12-31,duquesne,Rhode Island,2025,122.0,143.42558,21.425582885742188,143.5,-0.0744171142578125,0,0,1
duquesne_vs_saint joseph's_20250108,2025-01-08,duquesne,Saint Joseph's,2025,166.0,133.66235,32.337646484375,134.0,-0.337646484375,0,1,0
duquesne_vs_st. bonaventure_20250118,2025-01-18,duquesne,St. Bonaventure,2025,132.0,131.58084,0.419158935546875,129.5,2.080841064453125,1,1,1
duquesne_vs_dayton_20250121,2025-01-21,duquesne,Dayton,2025,144.0,134.51028,9.489715576171875,131.0,3.510284423828125,1,1,1
duquesne_vs_massachusetts_20250201,2025-02-01,duquesne,Massachusetts,2025,115.0,146.83115,31.831146240234375,144.5,2.331146240234375,1,0,0
duquesne_vs_loyola chicago_20250208,2025-02-08,duquesne,Loyola Chicago,2025,125.0,133.81268,8.81268310546875,131.5,2.31268310546875,1,0,0
duquesne_vs_fordham_20250219,2025-02-19,duquesne,Fordham,2025,137.0,143.9565,6.9564971923828125,142.0,1.9564971923828125,1,0,0
duquesne_vs_george mason_20250301,2025-03-01,duquesne,George Mason,2025,153.0,128.5269,24.473098754882812,126.5,2.0269012451171875,1,1,1
duquesne_vs_vcu_20250304,2025-03-04,duquesne,VCU,2025,133.0,133.79549,0.7954864501953125,135.5,-1.7045135498046875,0,0,1
duquesne_vs_st. bonaventure_20250313,2025-03-13,duquesne,St. Bonaventure,2025,123.0,130.3992,7.399200439453125,129.5,0.899200439453125,1,0,0
east-carolina_vs_george mason_20241116,2024-11-16,east-carolina,George Mason,2025,155.0,145.09348,9.906524658203125,136.5,8.593475341796875,1,1,1
east-carolina_vs_jacksonville state_20241121,2024-11-21,east-carolina,Jacksonville State,2025,164.0,144.63803,19.361968994140625,134.5,10.138031005859375,1,1,1
east-carolina_vs_stetson_20241122,2024-11-22,east-carolina,Stetson,2025,135.0,148.64409,13.644088745117188,143.5,5.1440887451171875,1,0,0
east-carolina_vs_illinoisâchicago_20241123,2024-11-23,east-carolina,IllinoisâChicago,2025,127.0,155.25372,28.25372314453125,149.5,5.75372314453125,1,0,0
east-carolina_vs_north carolina a&t_20241129,2024-11-29,east-carolina,North Carolina A&T,2025,162.0,153.71393,8.28607177734375,151.0,2.71392822265625,1,1,1
east-carolina_vs_unc wilmington_20241203,2024-12-03,east-carolina,UNC Wilmington,2025,120.0,147.8799,27.879898071289062,139.0,8.879898071289062,1,0,0
east-carolina_vs_north alabama_20241211,2024-12-11,east-carolina,North Alabama,2025,141.0,147.2178,6.217803955078125,139.0,8.217803955078125,1,1,1
east-carolina_vs_florida international_20241217,2024-12-17,east-carolina,Florida International,2025,139.0,146.81349,7.8134918212890625,142.5,4.3134918212890625,1,0,0
east-carolina_vs_gardner-webb_20241221,2024-12-21,east-carolina,Gardner-Webb,2025,163.0,148.12086,14.879135131835938,144.5,3.6208648681640625,1,1,1
east-carolina_vs_florida atlantic_20250105,2025-01-05,east-carolina,Florida Atlantic,2025,154.0,156.99077,2.9907684326171875,152.0,4.9907684326171875,1,1,1
east-carolina_vs_temple_20250108,2025-01-08,east-carolina,Temple,2025,159.0,147.77661,11.223388671875,145.5,2.276611328125,1,1,1
east-carolina_vs_north texas_20250114,2025-01-14,east-carolina,North Texas,2025,129.0,133.14815,4.1481475830078125,128.0,5.1481475830078125,1,1,1
east-carolina_vs_south florida_20250125,2025-01-25,east-carolina,South Florida,2025,119.0,149.11017,30.11016845703125,142.0,7.11016845703125,1,0,0
east-carolina_vs_rice_20250205,2025-02-05,east-carolina,Rice,2025,133.0,142.87715,9.877151489257812,138.5,4.3771514892578125,1,0,0
east-carolina_vs_uab_20250211,2025-02-11,east-carolina,UAB,2025,157.0,156.88622,0.1137847900390625,152.0,4.8862152099609375,1,1,1
east-carolina_vs_utsa_20250223,2025-02-23,east-carolina,UTSA,2025,185.0,153.98293,31.017074584960938,152.0,1.9829254150390625,1,1,1
east-carolina_vs_charlotte_20250302,2025-03-02,east-carolina,Charlotte,2025,154.0,148.1697,5.8303070068359375,140.5,7.6696929931640625,1,1,1
east-carolina_vs_tulane_20250306,2025-03-06,east-carolina,Tulane,2025,137.0,146.71138,9.711380004882812,144.5,2.2113800048828125,1,0,0
east-carolina_vs_utsa_20250313,2025-03-13,east-carolina,UTSA,2025,135.0,152.18007,17.180068969726562,147.5,4.6800689697265625,1,0,0
eastern-illinois_vs_northern illinois_20241129,2024-11-29,eastern-illinois,Northern Illinois,2025,131.0,146.55638,15.556381225585938,137.0,9.556381225585938,1,0,0
eastern-illinois_vs_lindenwood_20250102,2025-01-02,eastern-illinois,Lindenwood,2025,152.0,143.15259,8.847412109375,138.5,4.652587890625,1,1,1
eastern-illinois_vs_western illinois_20250104,2025-01-04,eastern-illinois,Western Illinois,2025,142.0,138.11697,3.883026123046875,132.5,5.616973876953125,1,1,1
eastern-illinois_vs_siu edwardsville_20250107,2025-01-07,eastern-illinois,SIU Edwardsville,2025,117.0,142.03561,25.035614013671875,135.5,6.535614013671875,1,0,0
eastern-illinois_vs_morehead state_20250123,2025-01-23,eastern-illinois,Morehead State,2025,139.0,137.45604,1.5439605712890625,129.5,7.9560394287109375,1,1,1
eastern-illinois_vs_southern indiana_20250125,2025-01-25,eastern-illinois,Southern Indiana,2025,124.0,144.47577,20.47576904296875,139.0,5.47576904296875,1,0,0
eastern-illinois_vs_tennessee state_20250213,2025-02-13,eastern-illinois,Tennessee State,2025,115.0,150.62999,35.62998962402344,142.5,8.129989624023438,1,0,0
eastern-illinois_vs_ut martin_20250215,2025-02-15,eastern-illinois,UT Martin,2025,140.0,147.23567,7.2356719970703125,136.0,11.235671997070312,1,1,1
eastern-illinois_vs_little rock_20250227,2025-02-27,eastern-illinois,Little Rock,2025,131.0,135.12695,4.126953125,129.5,5.626953125,1,1,1
eastern-illinois_vs_southeast missouri state_20250301,2025-03-01,eastern-illinois,Southeast Missouri State,2025,131.0,138.91327,7.91326904296875,136.5,2.41326904296875,1,0,0
eastern-kentucky_vs_southern illinois_20241126,2024-11-26,eastern-kentucky,Southern Illinois,2025,149.0,150.45193,1.451934814453125,150.0,0.451934814453125,1,0,0
eastern-kentucky_vs_louisiana tech_20241127,2024-11-27,eastern-kentucky,Louisiana Tech,2025,147.0,147.56453,0.5645294189453125,141.0,6.5645294189453125,1,1,1
eastern-kentucky_vs_eastern illinois_20241214,2024-12-14,eastern-kentucky,Eastern Illinois,2025,147.0,148.52644,1.5264434814453125,141.5,7.0264434814453125,1,1,1
eastern-kentucky_vs_jacksonville state_20241221,2024-12-21,eastern-kentucky,Jacksonville State,2025,171.0,145.7817,25.218307495117188,146.0,-0.2183074951171875,0,1,0
eastern-kentucky_vs_north florida_20250109,2025-01-09,eastern-kentucky,North Florida,2025,153.0,161.3468,8.3468017578125,169.5,-8.1531982421875,0,0,1
eastern-kentucky_vs_jacksonville_20250111,2025-01-11,eastern-kentucky,Jacksonville,2025,157.0,147.16399,9.836013793945312,145.0,2.1639862060546875,1,1,1
eastern-kentucky_vs_bellarmine_20250118,2025-01-18,eastern-kentucky,Bellarmine,2025,141.0,149.31558,8.315582275390625,151.5,-2.184417724609375,0,0,1
eastern-kentucky_vs_stetson_20250123,2025-01-23,eastern-kentucky,Stetson,2025,133.0,155.5747,22.57470703125,154.5,1.07470703125,1,0,0
eastern-kentucky_vs_florida gulf coast_20250125,2025-01-25,eastern-kentucky,Florida Gulf Coast,2025,158.0,142.94716,15.052841186523438,145.5,-2.5528411865234375,0,1,0
eastern-kentucky_vs_austin peay_20250201,2025-02-01,eastern-kentucky,Austin Peay,2025,170.0,149.04825,20.951751708984375,145.5,3.548248291015625,1,1,1
eastern-kentucky_vs_west georgia_20250213,2025-02-13,eastern-kentucky,West Georgia,2025,168.0,154.44254,13.557464599609375,151.0,3.442535400390625,1,1,1
eastern-kentucky_vs_queens (nc)_20250215,2025-02-15,eastern-kentucky,Queens (NC),2025,166.0,156.26244,9.737564086914062,155.5,0.7624359130859375,1,1,1
eastern-kentucky_vs_lipscomb_20250218,2025-02-18,eastern-kentucky,Lipscomb,2025,123.0,151.18459,28.184585571289062,154.5,-3.3154144287109375,0,0,1
eastern-michigan_vs_northern arizona_20241126,2024-11-26,eastern-michigan,Northern Arizona,2025,140.0,142.8417,2.841705322265625,136.0,6.841705322265625,1,1,1
eastern-michigan_vs_detroit mercy_20241130,2024-11-30,eastern-michigan,Detroit Mercy,2025,187.0,137.22162,49.77838134765625,135.0,2.22161865234375,1,1,1
eastern-michigan_vs_wright state_20241221,2024-12-21,eastern-michigan,Wright State,2025,168.0,142.35527,25.644729614257812,148.0,-5.6447296142578125,0,1,0
eastern-michigan_vs_northern illinois_20250104,2025-01-04,eastern-michigan,Northern Illinois,2025,146.0,146.38539,0.3853912353515625,146.5,-0.1146087646484375,0,0,1
eastern-michigan_vs_akron_20250111,2025-01-11,eastern-michigan,Akron,2025,186.0,153.70369,32.29631042480469,152.5,1.2036895751953125,1,1,1
eastern-michigan_vs_ohio_20250121,2025-01-21,eastern-michigan,Ohio,2025,181.0,152.42885,28.571151733398438,154.0,-1.5711517333984375,0,1,0
eastern-michigan_vs_buffalo_20250125,2025-01-25,eastern-michigan,Buffalo,2025,167.0,152.32593,14.674072265625,152.0,0.325927734375,1,1,1
eastern-michigan_vs_kent state_20250204,2025-02-04,eastern-michigan,Kent State,2025,119.0,137.97151,18.971511840820312,142.0,-4.0284881591796875,0,0,1
eastern-michigan_vs_old dominion_20250208,2025-02-08,eastern-michigan,Old Dominion,2025,146.0,142.45912,3.5408782958984375,143.5,-1.0408782958984375,0,1,0
eastern-michigan_vs_toledo_20250215,2025-02-15,eastern-michigan,Toledo,2025,153.0,150.52805,2.471954345703125,157.5,-6.971954345703125,0,0,1
eastern-michigan_vs_miami (oh)_20250218,2025-02-18,eastern-michigan,Miami (OH),2025,142.0,151.59995,9.599945068359375,152.5,-0.900054931640625,0,0,1
eastern-michigan_vs_bowling green_20250225,2025-02-25,eastern-michigan,Bowling Green,2025,125.0,150.50731,25.507308959960938,148.5,2.0073089599609375,1,0,0
eastern-michigan_vs_central michigan_20250228,2025-02-28,eastern-michigan,Central Michigan,2025,157.0,147.09076,9.90924072265625,147.0,0.09075927734375,1,1,1
eastern-michigan_vs_miami (oh)_20250313,2025-03-13,eastern-michigan,Miami (OH),2025,156.0,149.79791,6.20208740234375,149.5,0.29791259765625,1,1,1
eastern-washington_vs_seattle_20241106,2024-11-06,eastern-washington,Seattle,2025,179.0,145.13261,33.86738586425781,146.0,-0.8673858642578125,0,1,0
eastern-washington_vs_cal poly_20241117,2024-11-17,eastern-washington,Cal Poly,2025,160.0,152.69406,7.305938720703125,158.5,-5.805938720703125,0,1,0
eastern-washington_vs_washington state_20241121,2024-11-21,eastern-washington,Washington State,2025,177.0,157.96448,19.0355224609375,159.0,-1.0355224609375,0,1,0
eastern-washington_vs_north dakota_20241204,2024-12-04,eastern-washington,North Dakota,2025,168.0,150.68408,17.31591796875,150.5,0.18408203125,1,1,1
eastern-washington_vs_montana_20250102,2025-01-02,eastern-washington,Montana,2025,173.0,153.57375,19.426254272460938,154.0,-0.4262542724609375,0,1,0
eastern-washington_vs_montana state_20250104,2025-01-04,eastern-washington,Montana State,2025,131.0,150.51485,19.514846801757812,149.5,1.0148468017578125,1,0,0
eastern-washington_vs_northern arizona_20250123,2025-01-23,eastern-washington,Northern Arizona,2025,131.0,150.66986,19.66986083984375,149.0,1.66986083984375,1,0,0
eastern-washington_vs_northern colorado_20250125,2025-01-25,eastern-washington,Northern Colorado,2025,129.0,151.78326,22.78326416015625,152.5,-0.71673583984375,0,0,1
eastern-washington_vs_sacramento state_20250206,2025-02-06,eastern-washington,Sacramento State,2025,163.0,133.81747,29.182525634765625,136.5,-2.682525634765625,0,1,0
eastern-washington_vs_portland state_20250208,2025-02-08,eastern-washington,Portland State,2025,139.0,146.44481,7.4448089599609375,145.5,0.9448089599609375,1,0,0
eastern-washington_vs_idaho_20250215,2025-02-15,eastern-washington,Idaho,2025,148.0,146.14326,1.8567352294921875,149.5,-3.3567352294921875,0,0,1
eastern-washington_vs_weber state_20250227,2025-02-27,eastern-washington,Weber State,2025,130.0,146.07796,16.077957153320312,141.0,5.0779571533203125,1,0,0
eastern-washington_vs_idaho state_20250301,2025-03-01,eastern-washington,Idaho State,2025,132.0,143.78091,11.780914306640625,143.5,0.280914306640625,1,0,0
eastern-washington_vs_northern arizona_20250308,2025-03-08,eastern-washington,Northern Arizona,2025,119.0,145.63081,26.630813598632812,143.5,2.1308135986328125,1,0,0
east-tennessee-state_vs_usc upstate_20241122,2024-11-22,east-tennessee-state,USC Upstate,2025,163.0,151.86623,11.133773803710938,154.0,-2.1337738037109375,0,1,0
east-tennessee-state_vs_queens (nc)_20241124,2024-11-24,east-tennessee-state,Queens (NC),2025,149.0,153.36926,4.3692626953125,153.5,-0.1307373046875,0,0,1
east-tennessee-state_vs_austin peay_20241130,2024-11-30,east-tennessee-state,Austin Peay,2025,136.0,142.01971,6.01971435546875,137.5,4.51971435546875,1,0,0
east-tennessee-state_vs_elon_20241218,2024-12-18,east-tennessee-state,Elon,2025,142.0,144.64587,2.6458740234375,144.5,0.1458740234375,1,0,0
east-tennessee-state_vs_vmi_20250101,2025-01-01,east-tennessee-state,VMI,2025,153.0,146.45454,6.5454559326171875,147.0,-0.5454559326171875,0,1,0
east-tennessee-state_vs_wofford_20250104,2025-01-04,east-tennessee-state,Wofford,2025,159.0,141.68082,17.319183349609375,140.5,1.180816650390625,1,1,1
east-tennessee-state_vs_the citadel_20250111,2025-01-11,east-tennessee-state,The Citadel,2025,122.0,141.24416,19.244155883789062,137.5,3.7441558837890625,1,0,0
east-tennessee-state_vs_western carolina_20250122,2025-01-22,east-tennessee-state,Western Carolina,2025,143.0,146.85484,3.8548431396484375,142.0,4.8548431396484375,1,1,1
east-tennessee-state_vs_chattanooga_20250125,2025-01-25,east-tennessee-state,Chattanooga,2025,134.0,142.88171,8.8817138671875,142.5,0.3817138671875,1,0,0
east-tennessee-state_vs_furman_20250202,2025-02-02,east-tennessee-state,Furman,2025,141.0,141.26732,0.2673187255859375,140.0,1.2673187255859375,1,1,1
east-tennessee-state_vs_samford_20250208,2025-02-08,east-tennessee-state,Samford,2025,125.0,149.75249,24.752487182617188,149.5,0.2524871826171875,1,0,0
east-tennessee-state_vs_unc greensboro_20250219,2025-02-19,east-tennessee-state,UNC Greensboro,2025,114.0,135.13522,21.135223388671875,132.5,2.635223388671875,1,0,0
east-tennessee-state_vs_mercer_20250226,2025-02-26,east-tennessee-state,Mercer,2025,117.0,149.91873,32.918731689453125,145.0,4.918731689453125,1,0,0
east-tennessee-state_vs_wofford_20250308,2025-03-08,east-tennessee-state,Wofford,2025,132.0,137.89658,5.896575927734375,134.5,3.396575927734375,1,0,0
elon_vs_maine_20241129,2024-11-29,elon,Maine,2025,125.0,147.283,22.283004760742188,137.5,9.783004760742188,1,0,0
elon_vs_navy_20241130,2024-11-30,elon,Navy,2025,132.0,147.83147,15.831466674804688,143.5,4.3314666748046875,1,0,0
elon_vs_wofford_20241207,2024-12-07,elon,Wofford,2025,135.0,143.72398,8.723983764648438,139.5,4.2239837646484375,1,0,0
elon_vs_unc greensboro_20241221,2024-12-21,elon,UNC Greensboro,2025,142.0,139.31303,2.6869659423828125,134.5,4.8130340576171875,1,1,1
elon_vs_marshall_20241228,2024-12-28,elon,Marshall,2025,132.0,144.53581,12.535812377929688,145.0,-0.4641876220703125,0,0,1
elon_vs_hampton_20250104,2025-01-04,elon,Hampton,2025,132.0,141.46579,9.465789794921875,137.5,3.965789794921875,1,0,0
elon_vs_campbell_20250113,2025-01-13,elon,Campbell,2025,149.0,135.25702,13.74298095703125,138.0,-2.74298095703125,0,1,0
elon_vs_monmouth_20250123,2025-01-23,elon,Monmouth,2025,154.0,142.32239,11.6776123046875,138.0,4.3223876953125,1,1,1
elon_vs_college of charleston_20250125,2025-01-25,elon,College of Charleston,2025,138.0,150.17656,12.176559448242188,150.0,0.1765594482421875,1,0,0
elon_vs_hofstra_20250130,2025-01-30,elon,Hofstra,2025,137.0,133.7854,3.214599609375,130.5,3.285400390625,1,1,1
elon_vs_northeastern_20250201,2025-02-01,elon,Northeastern,2025,131.0,140.7307,9.730697631835938,139.0,1.7306976318359375,1,0,0
elon_vs_north carolina a&t_20250213,2025-02-13,elon,North Carolina A&T,2025,119.0,148.75746,29.757461547851562,139.0,9.757461547851562,1,0,0
elon_vs_towson_20250220,2025-02-20,elon,Towson,2025,132.0,137.96687,5.9668731689453125,133.5,4.4668731689453125,1,0,0
elon_vs_william & mary_20250222,2025-02-22,elon,William & Mary,2025,149.0,150.20598,1.2059783935546875,152.5,-2.2940216064453125,0,0,1
evansville_vs_radford_20241116,2024-11-16,evansville,Radford,2025,173.0,144.92702,28.072982788085938,144.0,0.9270172119140625,1,1,1
evansville_vs_green bay_20241122,2024-11-22,evansville,Green Bay,2025,179.0,148.7968,30.203201293945312,151.5,-2.7032012939453125,0,1,0
evansville_vs_campbell_20241124,2024-11-24,evansville,Campbell,2025,119.0,144.44171,25.44171142578125,145.0,-0.55828857421875,0,0,1
evansville_vs_western kentucky_20241207,2024-12-07,evansville,Western Kentucky,2025,144.0,154.74983,10.749832153320312,152.5,2.2498321533203125,1,0,0
evansville_vs_chattanooga_20241212,2024-12-12,evansville,Chattanooga,2025,142.0,145.87059,3.8705902099609375,148.5,-2.6294097900390625,0,0,1
evansville_vs_missouri state_20241229,2024-12-29,evansville,Missouri State,2025,97.0,140.56277,43.562774658203125,132.5,8.062774658203125,1,0,0
evansville_vs_indiana state_20250104,2025-01-04,evansville,Indiana State,2025,128.0,149.46342,21.463424682617188,151.0,-1.5365753173828125,0,0,1
evansville_vs_illinois state_20250108,2025-01-08,evansville,Illinois State,2025,120.0,134.45822,14.458221435546875,131.0,3.458221435546875,1,0,0
evansville_vs_belmont_20250118,2025-01-18,evansville,Belmont,2025,167.0,142.5949,24.405105590820312,147.5,-4.9051055908203125,0,1,0
evansville_vs_illinoisâchicago_20250122,2025-01-22,evansville,IllinoisâChicago,2025,145.0,141.44673,3.5532684326171875,142.5,-1.0532684326171875,0,1,0
evansville_vs_murray state_20250129,2025-01-29,evansville,Murray State,2025,152.0,132.80797,19.192031860351562,134.0,-1.1920318603515625,0,1,0
evansville_vs_southern illinois_20250205,2025-02-05,evansville,Southern Illinois,2025,127.0,138.12506,11.12506103515625,141.5,-3.37493896484375,0,0,1
evansville_vs_bradley_20250208,2025-02-08,evansville,Bradley,2025,154.0,136.2769,17.723098754882812,138.5,-2.2230987548828125,0,1,0
evansville_vs_valparaiso_20250216,2025-02-16,evansville,Valparaiso,2025,148.0,144.61237,3.38763427734375,142.5,2.11236572265625,1,1,1
evansville_vs_drake_20250226,2025-02-26,evansville,Drake,2025,126.0,128.6216,2.6215972900390625,125.5,3.1215972900390625,1,1,1
evansville_vs_murray state_20250306,2025-03-06,evansville,Murray State,2025,127.0,133.99959,6.9995880126953125,130.0,3.9995880126953125,1,0,0
fairfield_vs_drexel_20241119,2024-11-19,fairfield,Drexel,2025,128.0,139.6976,11.697601318359375,137.0,2.697601318359375,1,0,0
fairfield_vs_yale_20241123,2024-11-23,fairfield,Yale,2025,157.0,142.76212,14.237884521484375,139.0,3.762115478515625,1,1,1
fairfield_vs_vermont_20241124,2024-11-24,fairfield,Vermont,2025,133.0,130.80565,2.1943511962890625,135.0,-4.1943511962890625,0,0,1
fairfield_vs_rider_20241204,2024-12-04,fairfield,Rider,2025,153.0,131.81807,21.181930541992188,134.0,-2.1819305419921875,0,1,0
fairfield_vs_central connecticut state_20241218,2024-12-18,fairfield,Central Connecticut State,2025,127.0,135.31535,8.315353393554688,138.5,-3.1846466064453125,0,0,1
fairfield_vs_iona_20250110,2025-01-10,fairfield,Iona,2025,132.0,138.72803,6.72802734375,145.5,-6.77197265625,0,0,1
fairfield_vs_niagara_20250116,2025-01-16,fairfield,Niagara,2025,136.0,137.62988,1.6298828125,134.0,3.6298828125,1,1,1
fairfield_vs_canisius_20250118,2025-01-18,fairfield,Canisius,2025,145.0,134.6707,10.329299926757812,141.5,-6.8292999267578125,0,1,0
fairfield_vs_merrimack_20250125,2025-01-25,fairfield,Merrimack,2025,129.0,129.88373,0.88372802734375,131.0,-1.11627197265625,0,0,1
fairfield_vs_marist_20250206,2025-02-06,fairfield,Marist,2025,115.0,131.90974,16.909744262695312,133.0,-1.0902557373046875,0,0,1
fairfield_vs_sacred heart_20250208,2025-02-08,fairfield,Sacred Heart,2025,148.0,146.54028,1.459716796875,150.5,-3.959716796875,0,0,1
fairfield_vs_manhattan_20250216,2025-02-16,fairfield,Manhattan,2025,147.0,147.74583,0.7458343505859375,147.0,0.7458343505859375,1,0,0
fairfield_vs_mount st. mary's_20250228,2025-02-28,fairfield,Mount St. Mary's,2025,131.0,140.63742,9.637420654296875,142.5,-1.862579345703125,0,0,1
fairfield_vs_quinnipiac_20250308,2025-03-08,fairfield,Quinnipiac,2025,157.0,140.6489,16.351104736328125,145.0,-4.351104736328125,0,1,0
fairfield_vs_sacred heart_20250311,2025-03-11,fairfield,Sacred Heart,2025,129.0,146.41562,17.415618896484375,149.0,-2.584381103515625,0,0,1
fairleigh-dickinson_vs_manhattan_20241117,2024-11-17,fairleigh-dickinson,Manhattan,2025,167.0,153.08633,13.913665771484375,154.0,-0.913665771484375,0,1,0
fairleigh-dickinson_vs_army_20241120,2024-11-20,fairleigh-dickinson,Army,2025,154.0,151.66714,2.332855224609375,148.0,3.667144775390625,1,1,1
fairleigh-dickinson_vs_saint peter's_20241126,2024-11-26,fairleigh-dickinson,Saint Peter's,2025,154.0,146.1726,7.827392578125,142.0,4.172607421875,1,1,1
fairleigh-dickinson_vs_fairfield_20241201,2024-12-01,fairleigh-dickinson,Fairfield,2025,152.0,145.4895,6.510498046875,152.5,-7.010498046875,0,0,1
fairleigh-dickinson_vs_fordham_20241204,2024-12-04,fairleigh-dickinson,Fordham,2025,159.0,150.80826,8.191741943359375,154.0,-3.191741943359375,0,1,0
fairleigh-dickinson_vs_villanova_20241211,2024-12-11,fairleigh-dickinson,Villanova,2025,158.0,144.27898,13.721023559570312,151.0,-6.7210235595703125,0,1,0
fairleigh-dickinson_vs_la salle_20241218,2024-12-18,fairleigh-dickinson,La Salle,2025,149.0,156.90012,7.900115966796875,160.5,-3.599884033203125,0,0,1
fairleigh-dickinson_vs_minnesota_20241221,2024-12-21,fairleigh-dickinson,Minnesota,2025,134.0,140.8166,6.8166046142578125,145.0,-4.1833953857421875,0,0,1
fairleigh-dickinson_vs_boston college_20241228,2024-12-28,fairleigh-dickinson,Boston College,2025,148.0,150.78654,2.7865447998046875,149.0,1.7865447998046875,1,0,0
fairleigh-dickinson_vs_wagner_20250105,2025-01-05,fairleigh-dickinson,Wagner,2025,130.0,131.28966,1.2896575927734375,131.0,0.2896575927734375,1,0,0
fairleigh-dickinson_vs_le moyne_20250110,2025-01-10,fairleigh-dickinson,Le Moyne,2025,177.0,151.03659,25.963409423828125,156.0,-4.963409423828125,0,1,0
fairleigh-dickinson_vs_saint francis (pa)_20250112,2025-01-12,fairleigh-dickinson,Saint Francis (PA),2025,146.0,150.65048,4.650482177734375,149.5,1.150482177734375,1,0,0
fairleigh-dickinson_vs_central connecticut state_20250118,2025-01-18,fairleigh-dickinson,Central Connecticut State,2025,131.0,140.8087,9.808700561523438,139.5,1.3087005615234375,1,0,0
fairleigh-dickinson_vs_chicago state_20250120,2025-01-20,fairleigh-dickinson,Chicago State,2025,106.0,146.0467,40.04670715332031,145.0,1.0467071533203125,1,0,0
fairleigh-dickinson_vs_stonehill_20250126,2025-01-26,fairleigh-dickinson,Stonehill,2025,119.0,146.0501,27.050094604492188,144.0,2.0500946044921875,1,0,0
fairleigh-dickinson_vs_le moyne_20250130,2025-01-30,fairleigh-dickinson,Le Moyne,2025,152.0,150.70784,1.2921600341796875,152.5,-1.7921600341796875,0,0,1
fairleigh-dickinson_vs_mercyhurst_20250201,2025-02-01,fairleigh-dickinson,Mercyhurst,2025,127.0,135.64122,8.641220092773438,139.5,-3.8587799072265625,0,0,1
fairleigh-dickinson_vs_central connecticut state_20250206,2025-02-06,fairleigh-dickinson,Central Connecticut State,2025,153.0,137.97285,15.027145385742188,139.0,-1.0271453857421875,0,1,0
fairleigh-dickinson_vs_wagner_20250208,2025-02-08,fairleigh-dickinson,Wagner,2025,127.0,131.92352,4.92352294921875,129.5,2.42352294921875,1,0,0
fairleigh-dickinson_vs_chicago state_20250213,2025-02-13,fairleigh-dickinson,Chicago State,2025,140.0,140.36816,0.3681640625,144.5,-4.1318359375,0,0,1
fairleigh-dickinson_vs_liu_20250215,2025-02-15,fairleigh-dickinson,LIU,2025,120.0,136.40253,16.40252685546875,136.5,-0.09747314453125,0,0,1
fairleigh-dickinson_vs_mercyhurst_20250220,2025-02-20,fairleigh-dickinson,Mercyhurst,2025,125.0,136.70988,11.709884643554688,140.5,-3.7901153564453125,0,0,1
fairleigh-dickinson_vs_saint francis (pa)_20250222,2025-02-22,fairleigh-dickinson,Saint Francis (PA),2025,165.0,146.14023,18.859771728515625,145.0,1.140228271484375,1,1,1
fairleigh-dickinson_vs_stonehill_20250227,2025-02-27,fairleigh-dickinson,Stonehill,2025,151.0,138.14531,12.854690551757812,140.5,-2.3546905517578125,0,1,0
fairleigh-dickinson_vs_liu_20250301,2025-03-01,fairleigh-dickinson,LIU,2025,129.0,133.93298,4.9329833984375,135.0,-1.0670166015625,0,0,1
fairleigh-dickinson_vs_stonehill_20250305,2025-03-05,fairleigh-dickinson,Stonehill,2025,127.0,137.34332,10.34332275390625,142.5,-5.15667724609375,0,0,1
fairleigh-dickinson_vs_central connecticut state_20250308,2025-03-08,fairleigh-dickinson,Central Connecticut State,2025,148.0,134.9346,13.065399169921875,138.5,-3.565399169921875,0,1,0
florida_vs_florida a&m_20241119,2024-11-19,florida,Florida A&M,2025,144.0,148.53091,4.530914306640625,156.0,-7.469085693359375,0,0,1
florida_vs_southern illinois_20241122,2024-11-22,florida,Southern Illinois,2025,161.0,147.0487,13.9512939453125,159.0,-11.9512939453125,0,1,0
florida_vs_wake forest_20241128,2024-11-28,florida,Wake Forest,2025,133.0,145.28557,12.285568237304688,152.5,-7.2144317626953125,0,0,1
florida_vs_wichita state_20241129,2024-11-29,florida,Wichita State,2025,139.0,150.32465,11.32464599609375,155.5,-5.17535400390625,0,0,1
florida_vs_virginia_20241204,2024-12-04,florida,Virginia,2025,156.0,136.28181,19.718185424804688,134.0,2.2818145751953125,1,1,1
florida_vs_north carolina_20241217,2024-12-17,florida,North Carolina,2025,174.0,155.24573,18.7542724609375,167.5,-12.2542724609375,0,1,0
florida_vs_north florida_20241221,2024-12-21,florida,North Florida,2025,144.0,157.83302,13.833023071289062,173.5,-15.666976928710938,0,0,1
florida_vs_stetson_20241229,2024-12-29,florida,Stetson,2025,130.0,152.54532,22.545318603515625,160.5,-7.954681396484375,0,0,1
florida_vs_tennessee_20250107,2025-01-07,florida,Tennessee,2025,116.0,143.8554,27.855392456054688,152.5,-8.644607543945312,0,0,1
florida_vs_missouri_20250114,2025-01-14,florida,Missouri,2025,165.0,147.73341,17.266586303710938,154.0,-6.2665863037109375,0,1,0
florida_vs_texas_20250118,2025-01-18,florida,Texas,2025,144.0,146.63036,2.6303558349609375,154.0,-7.3696441650390625,0,0,1
florida_vs_georgia_20250125,2025-01-25,florida,Georgia,2025,148.0,148.6506,0.650604248046875,148.5,0.150604248046875,1,0,0
florida_vs_vanderbilt_20250204,2025-02-04,florida,Vanderbilt,2025,161.0,153.29735,7.7026519775390625,155.0,-1.7026519775390625,0,1,0
florida_vs_south carolina_20250215,2025-02-15,florida,South Carolina,2025,155.0,141.85869,13.141311645507812,144.5,-2.6413116455078125,0,1,0
florida_vs_oklahoma_20250218,2025-02-18,florida,Oklahoma,2025,148.0,148.87943,0.879425048828125,156.5,-7.620574951171875,0,0,1
florida_vs_texas a&m_20250301,2025-03-01,florida,Texas A&M,2025,159.0,145.84215,13.157852172851562,149.0,-3.1578521728515625,0,1,0
florida_vs_missouri_20250314,2025-03-14,florida,Missouri,2025,176.0,148.66017,27.339828491210938,164.5,-15.839828491210938,0,1,0
florida_vs_tennessee_20250316,2025-03-16,florida,Tennessee,2025,163.0,138.2468,24.753204345703125,142.5,-4.253204345703125,0,1,0
florida_vs_norfolk state_20250321,2025-03-21,florida,Norfolk State,2025,164.0,151.33945,12.660552978515625,154.0,-2.660552978515625,0,1,0
florida_vs_maryland_20250327,2025-03-27,florida,Maryland,2025,158.0,153.15007,4.8499298095703125,156.5,-3.3499298095703125,0,1,0
florida_vs_texas tech_20250329,2025-03-29,florida,Texas Tech,2025,163.0,145.4619,17.538101196289062,158.5,-13.038101196289062,0,1,0
florida_vs_houston_20250407,2025-04-07,florida,Houston,2025,128.0,137.96187,9.961868286132812,140.5,-2.5381317138671875,0,0,1
florida-am_vs_presbyterian_20241203,2024-12-03,florida-am,Presbyterian,2025,129.0,143.13376,14.133758544921875,138.5,4.633758544921875,1,0,0
florida-am_vs_bethune-cookman_20250104,2025-01-04,florida-am,Bethune-Cookman,2025,117.0,143.68425,26.684249877929688,144.0,-0.3157501220703125,0,0,1
florida-am_vs_arkansasâpine bluff_20250118,2025-01-18,florida-am,ArkansasâPine Bluff,2025,162.0,155.09958,6.900421142578125,157.5,-2.400421142578125,0,1,0
florida-am_vs_mississippi valley state_20250120,2025-01-20,florida-am,Mississippi Valley State,2025,136.0,131.36615,4.63385009765625,137.0,-5.63385009765625,0,0,1
florida-am_vs_alabama a&m_20250201,2025-02-01,florida-am,Alabama A&M,2025,174.0,152.18414,21.81585693359375,145.0,7.18414306640625,1,1,1
florida-am_vs_alabama state_20250203,2025-02-03,florida-am,Alabama State,2025,133.0,149.91264,16.912643432617188,144.0,5.9126434326171875,1,0,0
florida-am_vs_jackson state_20250215,2025-02-15,florida-am,Jackson State,2025,147.0,149.31316,2.3131561279296875,144.5,4.8131561279296875,1,1,1
florida-am_vs_alcorn state_20250217,2025-02-17,florida-am,Alcorn State,2025,161.0,141.15697,19.843032836914062,138.5,2.6569671630859375,1,1,1
florida-am_vs_southern_20250303,2025-03-03,florida-am,Southern,2025,143.0,145.62576,2.625762939453125,141.5,4.125762939453125,1,1,1
florida-am_vs_jackson state_20250312,2025-03-12,florida-am,Jackson State,2025,167.0,147.8152,19.184799194335938,136.5,11.315200805664062,1,1,1
florida-atlantic_vs_liberty_20241116,2024-11-16,florida-atlantic,Liberty,2025,151.0,153.95659,2.9565887451171875,147.5,6.4565887451171875,1,1,1
florida-atlantic_vs_oklahoma state_20241121,2024-11-21,florida-atlantic,Oklahoma State,2025,164.0,157.6257,6.374298095703125,163.0,-5.374298095703125,0,1,0
florida-atlantic_vs_seton hall_20241124,2024-11-24,florida-atlantic,Seton Hall,2025,124.0,138.94455,14.944549560546875,138.0,0.944549560546875,1,0,0
florida-atlantic_vs_florida gulf coast_20241130,2024-11-30,florida-atlantic,Florida Gulf Coast,2025,158.0,144.76451,13.235488891601562,144.5,0.2645111083984375,1,1,1
florida-atlantic_vs_jacksonville_20241210,2024-12-10,florida-atlantic,Jacksonville,2025,148.0,158.0848,10.084793090820312,154.5,3.5847930908203125,1,0,0
florida-atlantic_vs_texas state_20241214,2024-12-14,florida-atlantic,Texas State,2025,169.0,152.40414,16.595855712890625,149.0,3.404144287109375,1,1,1
florida-atlantic_vs_memphis_20250102,2025-01-02,florida-atlantic,Memphis,2025,152.0,156.18425,4.1842498779296875,163.5,-7.3157501220703125,0,0,1
florida-atlantic_vs_uab_20250112,2025-01-12,florida-atlantic,UAB,2025,157.0,160.22325,3.2232513427734375,163.0,-2.7767486572265625,0,0,1
florida-atlantic_vs_rice_20250119,2025-01-19,florida-atlantic,Rice,2025,148.0,148.0525,0.0525054931640625,149.5,-1.4474945068359375,0,0,1
florida-atlantic_vs_utsa_20250129,2025-01-29,florida-atlantic,UTSA,2025,168.0,162.0028,5.9971923828125,159.0,3.0028076171875,1,1,1
florida-atlantic_vs_south florida_20250202,2025-02-02,florida-atlantic,South Florida,2025,166.0,153.68777,12.312225341796875,152.5,1.187774658203125,1,1,1
florida-atlantic_vs_charlotte_20250210,2025-02-10,florida-atlantic,Charlotte,2025,162.0,151.13632,10.863677978515625,149.0,2.136322021484375,1,1,1
florida-atlantic_vs_wichita state_20250220,2025-02-20,florida-atlantic,Wichita State,2025,143.0,156.60228,13.602279663085938,156.5,0.1022796630859375,1,0,0
florida-atlantic_vs_north texas_20250227,2025-02-27,florida-atlantic,North Texas,2025,132.0,137.86903,5.8690338134765625,135.0,2.8690338134765625,1,0,0
florida-atlantic_vs_east carolina_20250309,2025-03-09,florida-atlantic,East Carolina,2025,134.0,154.396,20.39599609375,150.5,3.89599609375,1,0,0
florida-atlantic_vs_tulane_20250314,2025-03-14,florida-atlantic,Tulane,2025,159.0,148.10515,10.894851684570312,146.5,1.6051483154296875,1,1,1
florida-atlantic_vs_dayton_20250319,2025-03-19,florida-atlantic,Dayton,2025,165.0,146.42538,18.574615478515625,153.5,-7.074615478515625,0,1,0
florida-gulf-coast_vs_cal state bakersfield_20241122,2024-11-22,florida-gulf-coast,Cal State Bakersfield,2025,128.0,137.51007,9.51007080078125,133.5,4.01007080078125,1,0,0
florida-gulf-coast_vs_northeastern_20241123,2024-11-23,florida-gulf-coast,Northeastern,2025,114.0,130.35219,16.352188110351562,135.0,-4.6478118896484375,0,0,1
florida-gulf-coast_vs_florida international_20241124,2024-11-24,florida-gulf-coast,Florida International,2025,119.0,137.94966,18.949661254882812,135.5,2.4496612548828125,1,0,0
florida-gulf-coast_vs_furman_20241204,2024-12-04,florida-gulf-coast,Furman,2025,149.0,134.27771,14.7222900390625,132.5,1.7777099609375,1,1,1
florida-gulf-coast_vs_north alabama_20250109,2025-01-09,florida-gulf-coast,North Alabama,2025,145.0,138.0863,6.9136962890625,145.0,-6.9136962890625,0,0,1
florida-gulf-coast_vs_central arkansas_20250111,2025-01-11,florida-gulf-coast,Central Arkansas,2025,148.0,144.89005,3.109954833984375,141.0,3.890045166015625,1,1,1
florida-gulf-coast_vs_west georgia_20250116,2025-01-16,florida-gulf-coast,West Georgia,2025,142.0,140.57727,1.4227294921875,142.5,-1.9227294921875,0,0,1
florida-gulf-coast_vs_queens (nc)_20250118,2025-01-18,florida-gulf-coast,Queens (NC),2025,107.0,146.33176,39.331756591796875,151.0,-4.668243408203125,0,0,1
florida-gulf-coast_vs_stetson_20250201,2025-02-01,florida-gulf-coast,Stetson,2025,138.0,146.24094,8.240936279296875,148.0,-1.759063720703125,0,0,1
florida-gulf-coast_vs_eastern kentucky_20250206,2025-02-06,florida-gulf-coast,Eastern Kentucky,2025,166.0,146.61026,19.389739990234375,149.0,-2.389739990234375,0,1,0
florida-gulf-coast_vs_jacksonville_20250218,2025-02-18,florida-gulf-coast,Jacksonville,2025,128.0,140.00963,12.009628295898438,141.0,-0.9903717041015625,0,0,1
florida-gulf-coast_vs_north florida_20250224,2025-02-24,florida-gulf-coast,North Florida,2025,168.0,155.03264,12.967361450195312,160.0,-4.9673614501953125,0,1,0
florida-gulf-coast_vs_bellarmine_20250226,2025-02-26,florida-gulf-coast,Bellarmine,2025,141.0,143.93372,2.9337158203125,144.5,-0.5662841796875,0,0,1
florida-gulf-coast_vs_queens (nc)_20250303,2025-03-03,florida-gulf-coast,Queens (NC),2025,136.0,144.40723,8.4072265625,144.5,-0.0927734375,0,0,1
florida-international_vs_howard_20241118,2024-11-18,florida-international,Howard,2025,145.0,157.31793,12.31793212890625,154.5,2.81793212890625,1,0,0
florida-international_vs_northeastern_20241122,2024-11-22,florida-international,Northeastern,2025,118.0,147.98926,29.9892578125,150.5,-2.5107421875,0,0,1
florida-international_vs_florida atlantic_20241204,2024-12-04,florida-international,Florida Atlantic,2025,165.0,159.24278,5.7572174072265625,158.0,1.2427825927734375,1,1,1
florida-international_vs_iu indy_20241221,2024-12-21,florida-international,IU Indy,2025,144.0,147.82025,3.82025146484375,143.5,4.32025146484375,1,1,1
florida-international_vs_utah tech_20241230,2024-12-30,florida-international,Utah Tech,2025,146.0,145.40263,0.5973663330078125,147.0,-1.5973663330078125,0,0,1
florida-international_vs_middle tennessee_20250102,2025-01-02,florida-international,Middle Tennessee,2025,142.0,146.81029,4.8102874755859375,150.0,-3.1897125244140625,0,0,1
florida-international_vs_western kentucky_20250104,2025-01-04,florida-international,Western Kentucky,2025,151.0,150.97005,0.0299530029296875,154.5,-3.5299530029296875,0,0,1
florida-international_vs_new mexico state_20250116,2025-01-16,florida-international,New Mexico State,2025,111.0,143.92021,32.92021179199219,142.5,1.4202117919921875,1,0,0
florida-international_vs_utep_20250118,2025-01-18,florida-international,UTEP,2025,154.0,141.68452,12.315475463867188,138.5,3.1845245361328125,1,1,1
florida-international_vs_liberty_20250125,2025-01-25,florida-international,Liberty,2025,141.0,138.88966,2.1103363037109375,138.5,0.3896636962890625,1,1,1
florida-international_vs_sam houston state_20250206,2025-02-06,florida-international,Sam Houston State,2025,167.0,148.98334,18.01666259765625,145.0,3.98333740234375,1,1,1
florida-international_vs_louisiana tech_20250208,2025-02-08,florida-international,Louisiana Tech,2025,153.0,142.01753,10.982467651367188,137.0,5.0175323486328125,1,1,1
florida-international_vs_kennesaw state_20250227,2025-02-27,florida-international,Kennesaw State,2025,137.0,146.71678,9.716781616210938,147.5,-0.7832183837890625,0,0,1
florida-international_vs_jacksonville state_20250301,2025-03-01,florida-international,Jacksonville State,2025,163.0,139.09738,23.902618408203125,137.5,1.597381591796875,1,1,1
florida-international_vs_western kentucky_20250311,2025-03-11,florida-international,Western Kentucky,2025,125.0,148.26775,23.267745971679688,143.5,4.7677459716796875,1,0,0
florida-international_vs_jacksonville state_20250312,2025-03-12,florida-international,Jacksonville State,2025,121.0,139.18906,18.189056396484375,132.5,6.689056396484375,1,0,0
florida-state_vs_florida_20241115,2024-11-15,florida-state,Florida,2025,161.0,143.41763,17.582366943359375,158.0,-14.582366943359375,0,1,0
florida-state_vs_hofstra_20241119,2024-11-19,florida-state,Hofstra,2025,140.0,144.58969,4.589691162109375,143.5,1.089691162109375,1,0,0
florida-state_vs_temple_20241122,2024-11-22,florida-state,Temple,2025,147.0,144.71852,2.2814788818359375,148.5,-3.7814788818359375,0,0,1
florida-state_vs_massachusetts_20241124,2024-11-24,florida-state,Massachusetts,2025,151.0,149.13742,1.862579345703125,151.5,-2.362579345703125,0,0,1
florida-state_vs_western carolina_20241126,2024-11-26,florida-state,Western Carolina,2025,148.0,153.47795,5.4779510498046875,146.5,6.9779510498046875,1,1,1
florida-state_vs_tulane_20241214,2024-12-14,florida-state,Tulane,2025,141.0,147.14708,6.1470794677734375,147.5,-0.3529205322265625,0,0,1
florida-state_vs_winthrop_20241217,2024-12-17,florida-state,Winthrop,2025,146.0,153.26682,7.266815185546875,159.0,-5.733184814453125,0,0,1
florida-state_vs_louisville_20241221,2024-12-21,florida-state,Louisville,2025,166.0,146.0825,19.917495727539062,152.5,-6.4174957275390625,0,1,0
florida-state_vs_syracuse_20250104,2025-01-04,florida-state,Syracuse,2025,164.0,152.8457,11.154296875,156.5,-3.654296875,0,1,0
florida-state_vs_pittsburgh_20250115,2025-01-15,florida-state,Pittsburgh,2025,152.0,146.06891,5.93109130859375,147.5,-1.43109130859375,0,1,0
florida-state_vs_georgia tech_20250118,2025-01-18,florida-state,Georgia Tech,2025,169.0,147.39546,21.604537963867188,146.5,0.8954620361328125,1,1,1
florida-state_vs_virginia tech_20250129,2025-01-29,florida-state,Virginia Tech,2025,142.0,141.85396,0.1460418701171875,143.0,-1.1460418701171875,0,0,1
florida-state_vs_notre dame_20250204,2025-02-04,florida-state,Notre Dame,2025,127.0,140.79312,13.793121337890625,141.5,-0.706878662109375,0,0,1
florida-state_vs_clemson_20250215,2025-02-15,florida-state,Clemson,2025,118.0,141.61105,23.611053466796875,142.5,-0.888946533203125,0,0,1
florida-state_vs_miami (fl)_20250219,2025-02-19,florida-state,Miami (FL),2025,140.0,146.80504,6.8050384521484375,155.0,-8.194961547851562,0,0,1
florida-state_vs_north carolina_20250224,2025-02-24,florida-state,North Carolina,2025,181.0,154.63667,26.363327026367188,156.0,-1.3633270263671875,0,1,0
florida-state_vs_smu_20250308,2025-03-08,florida-state,SMU,2025,145.0,149.60918,4.6091766357421875,155.0,-5.3908233642578125,0,0,1
florida-state_vs_syracuse_20250311,2025-03-11,florida-state,Syracuse,2025,128.0,151.83896,23.838958740234375,149.5,2.338958740234375,1,0,0
fordham_vs_drexel_20241122,2024-11-22,fordham,Drexel,2025,144.0,138.3655,5.6345062255859375,136.5,1.8654937744140625,1,1,1
fordham_vs_penn state_20241125,2024-11-25,fordham,Penn State,2025,151.0,153.42743,2.42742919921875,151.5,1.92742919921875,1,0,0
fordham_vs_san francisco_20241126,2024-11-26,fordham,San Francisco,2025,149.0,142.17047,6.82952880859375,141.5,0.67047119140625,1,1,1
fordham_vs_new hampshire_20241201,2024-12-01,fordham,New Hampshire,2025,144.0,140.32594,3.6740570068359375,139.5,0.8259429931640625,1,1,1
fordham_vs_maine_20241208,2024-12-08,fordham,Maine,2025,159.0,143.61066,15.38934326171875,138.5,5.11065673828125,1,1,1
fordham_vs_albany (ny)_20241221,2024-12-21,fordham,Albany (NY),2025,170.0,150.76457,19.235427856445312,154.5,-3.7354278564453125,0,1,0
fordham_vs_saint louis_20241231,2024-12-31,fordham,Saint Louis,2025,151.0,151.569,0.569000244140625,154.5,-2.930999755859375,0,0,1
fordham_vs_st. bonaventure_20250104,2025-01-04,fordham,St. Bonaventure,2025,152.0,139.71219,12.287811279296875,140.5,-0.787811279296875,0,1,0
fordham_vs_massachusetts_20250115,2025-01-15,fordham,Massachusetts,2025,238.0,151.2447,86.75529479980469,154.5,-3.2552947998046875,0,1,0
fordham_vs_duquesne_20250126,2025-01-26,fordham,Duquesne,2025,128.0,141.87672,13.876724243164062,138.5,3.3767242431640625,1,0,0
fordham_vs_rhode island_20250205,2025-02-05,fordham,Rhode Island,2025,159.0,152.55208,6.4479217529296875,154.5,-1.9479217529296875,0,1,0
fordham_vs_dayton_20250212,2025-02-12,fordham,Dayton,2025,169.0,145.01736,23.982635498046875,145.5,-0.482635498046875,0,1,0
fordham_vs_davidson_20250222,2025-02-22,fordham,Davidson,2025,149.0,148.77545,0.22454833984375,148.5,0.27545166015625,1,1,1
fordham_vs_saint joseph's_20250301,2025-03-01,fordham,Saint Joseph's,2025,166.0,148.35674,17.643264770507812,151.5,-3.1432647705078125,0,1,0
fordham_vs_george washington_20250305,2025-03-05,fordham,George Washington,2025,139.0,148.13893,9.138931274414062,147.5,0.6389312744140625,1,0,0
fordham_vs_rhode island_20250312,2025-03-12,fordham,Rhode Island,2025,159.0,152.26915,6.7308502197265625,155.5,-3.2308502197265625,0,1,0
fordham_vs_george washington_20250313,2025-03-13,fordham,George Washington,2025,169.0,146.76112,22.238876342773438,144.0,2.7611236572265625,1,1,1
fresno-state_vs_washington state_20241127,2024-11-27,fresno-state,Washington State,2025,157.0,156.40677,0.593231201171875,161.0,-4.593231201171875,0,0,1
fresno-state_vs_san diego state_20241204,2024-12-04,fresno-state,San Diego State,2025,146.0,144.50615,1.4938507080078125,142.5,2.0061492919921875,1,1,1
fresno-state_vs_san diego_20241214,2024-12-14,fresno-state,San Diego,2025,138.0,144.06087,6.0608673095703125,154.0,-9.939132690429688,0,0,1
fresno-state_vs_california baptist_20241221,2024-12-21,fresno-state,California Baptist,2025,155.0,149.64731,5.352691650390625,152.0,-2.352691650390625,0,1,0
fresno-state_vs_new mexico_20241231,2024-12-31,fresno-state,New Mexico,2025,192.0,160.4255,31.574493408203125,161.0,-0.574493408203125,0,1,0
fresno-state_vs_nevada_20250111,2025-01-11,fresno-state,Nevada,2025,143.0,146.3879,3.3878936767578125,148.0,-1.6121063232421875,0,0,1
fresno-state_vs_air force_20250117,2025-01-17,fresno-state,Air Force,2025,139.0,138.37897,0.62103271484375,142.0,-3.62103271484375,0,0,1
fresno-state_vs_colorado state_20250125,2025-01-25,fresno-state,Colorado State,2025,133.0,148.63211,15.632110595703125,147.5,1.132110595703125,1,0,0
fresno-state_vs_san jose state_20250204,2025-02-04,fresno-state,San Jose State,2025,185.0,149.67476,35.32524108886719,147.5,2.1747589111328125,1,1,1
fresno-state_vs_utah state_20250207,2025-02-07,fresno-state,Utah State,2025,170.0,153.36987,16.630126953125,154.0,-0.630126953125,0,1,0
fresno-state_vs_unlv_20250215,2025-02-15,fresno-state,UNLV,2025,103.0,148.5197,45.51969909667969,148.5,0.0196990966796875,1,0,0
fresno-state_vs_boise state_20250301,2025-03-01,fresno-state,Boise State,2025,127.0,145.73029,18.73028564453125,145.5,0.23028564453125,1,0,0
fresno-state_vs_wyoming_20250304,2025-03-04,fresno-state,Wyoming,2025,120.0,143.92589,23.925888061523438,138.0,5.9258880615234375,1,0,0
fresno-state_vs_nevada_20250312,2025-03-12,fresno-state,Nevada,2025,157.0,140.22371,16.776290893554688,138.5,1.7237091064453125,1,1,1
furman_vs_tulane_20241115,2024-11-15,furman,Tulane,2025,142.0,148.5143,6.5142974853515625,153.0,-4.4857025146484375,0,0,1
furman_vs_seattle_20241126,2024-11-26,furman,Seattle,2025,117.0,145.69583,28.695831298828125,141.5,4.195831298828125,1,0,0
furman_vs_princeton_20241207,2024-12-07,furman,Princeton,2025,132.0,143.0033,11.0032958984375,146.5,-3.4967041015625,0,0,1
furman_vs_south carolina state_20241214,2024-12-14,furman,South Carolina State,2025,132.0,143.39214,11.392135620117188,141.5,1.8921356201171875,1,0,0
furman_vs_wofford_20250113,2025-01-13,furman,Wofford,2025,143.0,140.90866,2.091339111328125,139.5,1.408660888671875,1,1,1
furman_vs_east tennessee state_20250115,2025-01-15,furman,East Tennessee State,2025,143.0,140.86292,2.1370849609375,141.0,-0.1370849609375,0,1,0
furman_vs_chattanooga_20250118,2025-01-18,furman,Chattanooga,2025,146.0,146.66693,0.66693115234375,144.5,2.16693115234375,1,1,1
furman_vs_samford_20250129,2025-01-29,furman,Samford,2025,142.0,154.35461,12.3546142578125,150.5,3.8546142578125,1,0,0
furman_vs_western carolina_20250205,2025-02-05,furman,Western Carolina,2025,159.0,148.53691,10.463088989257812,144.5,4.0369110107421875,1,1,1
furman_vs_mercer_20250212,2025-02-12,furman,Mercer,2025,168.0,155.40907,12.590927124023438,154.0,1.4090728759765625,1,1,1
furman_vs_unc greensboro_20250215,2025-02-15,furman,UNC Greensboro,2025,108.0,144.22589,36.22589111328125,139.5,4.72589111328125,1,0,0
furman_vs_vmi_20250222,2025-02-22,furman,VMI,2025,146.0,149.35667,3.3566741943359375,145.5,3.8566741943359375,1,1,1
furman_vs_the citadel_20250226,2025-02-26,furman,The Citadel,2025,127.0,142.58638,15.586380004882812,139.5,3.0863800048828125,1,0,0
furman_vs_samford_20250308,2025-03-08,furman,Samford,2025,173.0,153.57674,19.423263549804688,154.5,-0.9232635498046875,0,1,0
furman_vs_wofford_20250310,2025-03-10,furman,Wofford,2025,177.0,142.38985,34.61015319824219,140.5,1.8898468017578125,1,1,1
gardner-webb_vs_elon_20241115,2024-11-15,gardner-webb,Elon,2025,159.0,151.56268,7.43731689453125,150.0,1.56268310546875,1,1,1
gardner-webb_vs_southeastern louisiana_20241126,2024-11-26,gardner-webb,Southeastern Louisiana,2025,142.0,142.71939,0.719390869140625,139.0,3.719390869140625,1,1,1
gardner-webb_vs_north carolina central_20241207,2024-12-07,gardner-webb,North Carolina Central,2025,155.0,149.82767,5.172332763671875,149.0,0.827667236328125,1,1,1
gardner-webb_vs_queens (nc)_20241214,2024-12-14,gardner-webb,Queens (NC),2025,168.0,149.68456,18.315444946289062,154.5,-4.8154449462890625,0,1,0
gardner-webb_vs_presbyterian_20250104,2025-01-04,gardner-webb,Presbyterian,2025,124.0,146.67976,22.679763793945312,146.0,0.6797637939453125,1,0,0
gardner-webb_vs_winthrop_20250108,2025-01-08,gardner-webb,Winthrop,2025,172.0,152.34445,19.655548095703125,159.0,-6.655548095703125,0,1,0
gardner-webb_vs_usc upstate_20250118,2025-01-18,gardner-webb,USC Upstate,2025,165.0,153.96642,11.033584594726562,159.5,-5.5335845947265625,0,1,0
gardner-webb_vs_unc asheville_20250122,2025-01-22,gardner-webb,UNC Asheville,2025,114.0,154.62222,40.622222900390625,160.5,-5.877777099609375,0,0,1
gardner-webb_vs_longwood_20250129,2025-01-29,gardner-webb,Longwood,2025,179.0,147.30347,31.696533203125,149.0,-1.696533203125,0,1,0
gardner-webb_vs_charleston southern_20250208,2025-02-08,gardner-webb,Charleston Southern,2025,151.0,150.66849,0.331512451171875,151.0,-0.331512451171875,0,0,1
gardner-webb_vs_high point_20250222,2025-02-22,gardner-webb,High Point,2025,157.0,147.83572,9.164276123046875,161.0,-13.164276123046875,0,0,1
gardner-webb_vs_radford_20250226,2025-02-26,gardner-webb,Radford,2025,119.0,145.48169,26.481689453125,146.5,-1.018310546875,0,0,1
gardner-webb_vs_usc upstate_20250305,2025-03-05,gardner-webb,USC Upstate,2025,146.0,155.5419,9.541900634765625,157.5,-1.958099365234375,0,0,1
gardner-webb_vs_high point_20250307,2025-03-07,gardner-webb,High Point,2025,149.0,147.33432,1.665679931640625,153.5,-6.165679931640625,0,0,1
george-mason_vs_coppin state_20241120,2024-11-20,george-mason,Coppin State,2025,148.0,141.45245,6.54754638671875,134.0,7.45245361328125,1,1,1
george-mason_vs_unc asheville_20241203,2024-12-03,george-mason,UNC Asheville,2025,126.0,148.3514,22.351394653320312,139.5,8.851394653320312,1,0,0
george-mason_vs_tulane_20241207,2024-12-07,george-mason,Tulane,2025,140.0,145.04324,5.043243408203125,138.5,6.543243408203125,1,1,1
george-mason_vs_pennsylvania_20241222,2024-12-22,george-mason,Pennsylvania,2025,138.0,138.02573,0.025726318359375,137.5,0.525726318359375,1,1,1
george-mason_vs_mount st. mary's_20241228,2024-12-28,george-mason,Mount St. Mary's,2025,120.0,145.66518,25.665176391601562,140.0,5.6651763916015625,1,0,0
george-mason_vs_davidson_20241231,2024-12-31,george-mason,Davidson,2025,126.0,141.91049,15.910491943359375,138.0,3.910491943359375,1,0,0
george-mason_vs_richmond_20250108,2025-01-08,george-mason,Richmond,2025,122.0,135.61842,13.618423461914062,130.5,5.1184234619140625,1,0,0
george-mason_vs_massachusetts_20250111,2025-01-11,george-mason,Massachusetts,2025,147.0,140.08264,6.9173583984375,141.5,-1.4173583984375,0,1,0
george-mason_vs_george washington_20250118,2025-01-18,george-mason,George Washington,2025,157.0,138.43637,18.563629150390625,136.5,1.936370849609375,1,1,1
george-mason_vs_loyola chicago_20250129,2025-01-29,george-mason,Loyola Chicago,2025,111.0,138.60855,27.608551025390625,131.5,7.108551025390625,1,0,0
george-mason_vs_rhode island_20250208,2025-02-08,george-mason,Rhode Island,2025,149.0,138.51585,10.484146118164062,139.0,-0.4841461181640625,0,1,0
george-mason_vs_saint joseph's_20250215,2025-02-15,george-mason,Saint Joseph's,2025,115.0,137.69038,22.690383911132812,134.0,3.6903839111328125,1,0,0
george-mason_vs_fordham_20250226,2025-02-26,george-mason,Fordham,2025,138.0,142.29008,4.2900848388671875,137.5,4.7900848388671875,1,1,1
george-mason_vs_la salle_20250305,2025-03-05,george-mason,La Salle,2025,131.0,142.41452,11.414520263671875,135.0,7.414520263671875,1,0,0
george-mason_vs_george washington_20250314,2025-03-14,george-mason,George Washington,2025,145.0,133.58061,11.419387817382812,129.5,4.0806121826171875,1,1,1
george-mason_vs_saint joseph's_20250315,2025-03-15,george-mason,Saint Joseph's,2025,138.0,136.10805,1.8919525146484375,132.0,4.1080474853515625,1,1,1
george-mason_vs_vcu_20250316,2025-03-16,george-mason,VCU,2025,131.0,133.57243,2.5724334716796875,127.5,6.0724334716796875,1,1,1
george-mason_vs_samford_20250319,2025-03-19,george-mason,Samford,2025,155.0,145.12732,9.8726806640625,149.0,-3.8726806640625,0,1,0
george-mason_vs_bradley_20250322,2025-03-22,george-mason,Bradley,2025,142.0,135.26459,6.73541259765625,133.5,1.76458740234375,1,1,1
georgetown_vs_notre dame_20241116,2024-11-16,georgetown,Notre Dame,2025,147.0,145.92215,1.077850341796875,143.5,2.422149658203125,1,1,1
georgetown_vs_mount st. mary's_20241120,2024-11-20,georgetown,Mount St. Mary's,2025,130.0,148.40114,18.401138305664062,142.5,5.9011383056640625,1,0,0
georgetown_vs_saint francis (pa)_20241123,2024-11-23,georgetown,Saint Francis (PA),2025,147.0,145.0744,1.92559814453125,144.5,0.57440185546875,1,1,1
georgetown_vs_wagner_20241126,2024-11-26,georgetown,Wagner,2025,107.0,130.8925,23.892501831054688,128.0,2.8925018310546875,1,0,0
georgetown_vs_albany (ny)_20241130,2024-11-30,georgetown,Albany (NY),2025,168.0,143.40724,24.592758178710938,147.5,-4.0927581787109375,0,1,0
georgetown_vs_umbc_20241202,2024-12-02,georgetown,UMBC,2025,148.0,150.18001,2.1800079345703125,158.5,-8.319992065429688,0,0,1
georgetown_vs_creighton_20241218,2024-12-18,georgetown,Creighton,2025,138.0,143.56398,5.5639801025390625,145.0,-1.4360198974609375,0,0,1
georgetown_vs_coppin state_20241228,2024-12-28,georgetown,Coppin State,2025,136.0,136.85632,0.8563232421875,138.0,-1.1436767578125,0,0,1
georgetown_vs_xavier_20250103,2025-01-03,georgetown,Xavier,2025,132.0,145.42487,13.42486572265625,146.5,-1.07513427734375,0,0,1
georgetown_vs_connecticut_20250111,2025-01-11,georgetown,Connecticut,2025,128.0,140.1018,12.101806640625,141.5,-1.398193359375,0,0,1
georgetown_vs_depaul_20250117,2025-01-17,georgetown,DePaul,2025,141.0,140.99323,0.00677490234375,137.5,3.49322509765625,1,1,1
georgetown_vs_st. john's (ny)_20250128,2025-01-28,georgetown,St. John's (NY),2025,107.0,143.89772,36.89772033691406,139.5,4.3977203369140625,1,0,0
georgetown_vs_butler_20250131,2025-01-31,georgetown,Butler,2025,143.0,136.68895,6.3110504150390625,138.5,-1.8110504150390625,0,1,0
georgetown_vs_seton hall_20250208,2025-02-08,georgetown,Seton Hall,2025,106.0,130.09688,24.096878051757812,131.0,-0.9031219482421875,0,0,1
georgetown_vs_providence_20250219,2025-02-19,georgetown,Providence,2025,165.0,137.48572,27.5142822265625,142.5,-5.0142822265625,0,1,0
georgetown_vs_marquette_20250301,2025-03-01,georgetown,Marquette,2025,137.0,140.31467,3.314666748046875,147.5,-7.185333251953125,0,0,1
georgetown_vs_villanova_20250304,2025-03-04,georgetown,Villanova,2025,148.0,136.2234,11.776596069335938,141.0,-4.7765960693359375,0,1,0
georgetown_vs_washington state_20250331,2025-03-31,georgetown,Washington State,2025,167.0,147.48537,19.514633178710938,,,0,0,1
georgetown_vs_nebraska_20250402,2025-04-02,georgetown,Nebraska,2025,150.0,141.3241,8.6759033203125,,,0,0,1
george-washington_vs_njit_20241118,2024-11-18,george-washington,NJIT,2025,148.0,143.04202,4.957977294921875,142.5,0.542022705078125,1,1,1
george-washington_vs_kansas state_20241122,2024-11-22,george-washington,Kansas State,2025,154.0,146.47572,7.5242767333984375,149.5,-3.0242767333984375,0,1,0
george-washington_vs_louisiana_20241123,2024-11-23,george-washington,Louisiana,2025,157.0,143.73036,13.269638061523438,152.0,-8.269638061523438,0,1,0
george-washington_vs_illinois state_20241125,2024-11-25,george-washington,Illinois State,2025,136.0,144.81392,8.813919067382812,147.5,-2.6860809326171875,0,0,1
george-washington_vs_vmi_20241129,2024-11-29,george-washington,VMI,2025,141.0,147.33887,6.3388671875,152.5,-5.1611328125,0,0,1
george-washington_vs_army_20241213,2024-12-13,george-washington,Army,2025,135.0,152.62602,17.626022338867188,150.5,2.1260223388671875,1,0,0
george-washington_vs_lafayette_20241218,2024-12-18,george-washington,Lafayette,2025,144.0,143.7324,0.2675933837890625,142.0,1.7324066162109375,1,1,1
george-washington_vs_dayton_20250104,2025-01-04,george-washington,Dayton,2025,144.0,140.85005,3.1499481201171875,143.0,-2.1499481201171875,0,1,0
george-washington_vs_duquesne_20250115,2025-01-15,george-washington,Duquesne,2025,138.0,137.37967,0.620330810546875,137.5,-0.120330810546875,0,1,0
george-washington_vs_saint louis_20250125,2025-01-25,george-washington,Saint Louis,2025,128.0,144.25255,16.252548217773438,147.5,-3.2474517822265625,0,0,1
george-washington_vs_richmond_20250129,2025-01-29,george-washington,Richmond,2025,141.0,139.96797,1.0320281982421875,135.0,4.9679718017578125,1,1,1
george-washington_vs_george mason_20250205,2025-02-05,george-washington,George Mason,2025,103.0,136.70923,33.709228515625,133.0,3.709228515625,1,0,0
george-washington_vs_vcu_20250212,2025-02-12,george-washington,VCU,2025,152.0,141.07787,10.922134399414062,141.5,-0.4221343994140625,0,1,0
george-washington_vs_saint joseph's_20250219,2025-02-19,george-washington,Saint Joseph's,2025,147.0,141.90475,5.095245361328125,141.5,0.404754638671875,1,1,1
george-washington_vs_massachusetts_20250222,2025-02-22,george-washington,Massachusetts,2025,126.0,149.47594,23.475936889648438,145.5,3.9759368896484375,1,0,0
george-washington_vs_la salle_20250301,2025-03-01,george-washington,La Salle,2025,131.0,147.72148,16.721481323242188,143.5,4.2214813232421875,1,0,0
georgia_vs_alabama a&m_20241119,2024-11-19,georgia,Alabama A&M,2025,138.0,158.67798,20.677978515625,152.0,6.677978515625,1,0,0
georgia_vs_marquette_20241123,2024-11-23,georgia,Marquette,2025,149.0,147.57277,1.4272308349609375,151.0,-3.4272308349609375,0,0,1
georgia_vs_st. john's (ny)_20241124,2024-11-24,georgia,St. John's (NY),2025,129.0,154.39995,25.399948120117188,150.5,3.8999481201171875,1,0,0
georgia_vs_jacksonville_20241130,2024-11-30,georgia,Jacksonville,2025,158.0,147.24567,10.75433349609375,142.5,4.74566650390625,1,1,1
georgia_vs_notre dame_20241203,2024-12-03,georgia,Notre Dame,2025,117.0,143.46881,26.46881103515625,140.0,3.46881103515625,1,0,0
georgia_vs_grand canyon_20241214,2024-12-14,georgia,Grand Canyon,2025,141.0,146.57253,5.5725250244140625,148.0,-1.4274749755859375,0,0,1
georgia_vs_buffalo_20241219,2024-12-19,georgia,Buffalo,2025,149.0,152.48557,3.485565185546875,147.5,4.985565185546875,1,1,1
georgia_vs_charleston southern_20241222,2024-12-22,georgia,Charleston Southern,2025,146.0,148.0597,2.0596923828125,146.5,1.5596923828125,1,0,0
georgia_vs_south carolina state_20241229,2024-12-29,georgia,South Carolina State,2025,151.0,144.78552,6.2144775390625,142.5,2.2855224609375,1,1,1
georgia_vs_kentucky_20250107,2025-01-07,georgia,Kentucky,2025,151.0,152.13387,1.1338653564453125,153.5,-1.3661346435546875,0,0,1
georgia_vs_oklahoma_20250111,2025-01-11,georgia,Oklahoma,2025,134.0,143.81918,9.819183349609375,146.5,-2.680816650390625,0,0,1
georgia_vs_auburn_20250118,2025-01-18,georgia,Auburn,2025,138.0,143.00308,5.003082275390625,146.0,-2.996917724609375,0,0,1
georgia_vs_south carolina_20250128,2025-01-28,georgia,South Carolina,2025,131.0,136.79605,5.796051025390625,133.5,3.296051025390625,1,0,0
georgia_vs_louisiana state_20250205,2025-02-05,georgia,Louisiana State,2025,143.0,144.22903,1.229034423828125,142.5,1.729034423828125,1,1,1
georgia_vs_mississippi state_20250208,2025-02-08,georgia,Mississippi State,2025,151.0,142.4322,8.567794799804688,142.5,-0.0677947998046875,0,1,0
georgia_vs_missouri_20250215,2025-02-15,georgia,Missouri,2025,161.0,140.5749,20.425094604492188,144.5,-3.9250946044921875,0,1,0
georgia_vs_florida_20250225,2025-02-25,georgia,Florida,2025,171.0,143.50288,27.497116088867188,149.0,-5.4971160888671875,0,1,0
georgia_vs_vanderbilt_20250308,2025-03-08,georgia,Vanderbilt,2025,147.0,149.24454,2.244537353515625,150.5,-1.255462646484375,0,0,1
georgia_vs_oklahoma_20250312,2025-03-12,georgia,Oklahoma,2025,156.0,142.67792,13.32208251953125,146.5,-3.82208251953125,0,1,0
georgia_vs_gonzaga_20250320,2025-03-20,georgia,Gonzaga,2025,157.0,149.41138,7.588623046875,153.5,-4.088623046875,0,1,0
georgia-southern_vs_north carolina central_20241115,2024-11-15,georgia-southern,North Carolina Central,2025,155.0,148.06224,6.9377593994140625,151.5,-3.4377593994140625,0,1,0
georgia-southern_vs_william & mary_20241117,2024-11-17,georgia-southern,William & Mary,2025,189.0,155.45514,33.54486083984375,161.5,-6.04486083984375,0,1,0
georgia-southern_vs_west georgia_20241123,2024-11-23,georgia-southern,West Georgia,2025,118.0,152.768,34.76800537109375,153.5,-0.73199462890625,0,0,1
georgia-southern_vs_north florida_20241207,2024-12-07,georgia-southern,North Florida,2025,184.0,158.37097,25.6290283203125,163.5,-5.1290283203125,0,1,0
georgia-southern_vs_gardner-webb_20241217,2024-12-17,georgia-southern,Gardner-Webb,2025,167.0,150.51811,16.481887817382812,152.0,-1.4818878173828125,0,1,0
georgia-southern_vs_louisianaâmonroe_20250102,2025-01-02,georgia-southern,LouisianaâMonroe,2025,172.0,149.48427,22.515731811523438,149.5,-0.0157318115234375,0,1,0
georgia-southern_vs_south alabama_20250104,2025-01-04,georgia-southern,South Alabama,2025,123.0,142.06174,19.061737060546875,144.5,-2.438262939453125,0,0,1
georgia-southern_vs_coastal carolina_20250123,2025-01-23,georgia-southern,Coastal Carolina,2025,143.0,141.85919,1.14080810546875,139.5,2.35919189453125,1,1,1
georgia-southern_vs_marshall_20250125,2025-01-25,georgia-southern,Marshall,2025,138.0,148.44473,10.444732666015625,151.5,-3.055267333984375,0,0,1
georgia-southern_vs_louisiana_20250205,2025-02-05,georgia-southern,Louisiana,2025,165.0,146.0868,18.913192749023438,145.5,0.5868072509765625,1,1,1
georgia-southern_vs_james madison_20250213,2025-02-13,georgia-southern,James Madison,2025,149.0,146.69046,2.309539794921875,144.5,2.190460205078125,1,1,1
georgia-southern_vs_old dominion_20250215,2025-02-15,georgia-southern,Old Dominion,2025,153.0,152.1856,0.8144073486328125,146.5,5.6855926513671875,1,1,1
georgia-southern_vs_appalachian state_20250225,2025-02-25,georgia-southern,Appalachian State,2025,120.0,138.7788,18.778793334960938,139.0,-0.2212066650390625,0,0,1
georgia-southern_vs_georgia state_20250228,2025-02-28,georgia-southern,Georgia State,2025,151.0,154.3171,3.3170928955078125,158.0,-3.6829071044921875,0,0,1
georgia-southern_vs_southern mississippi_20250305,2025-03-05,georgia-southern,Southern Mississippi,2025,142.0,152.49048,10.490478515625,148.0,4.490478515625,1,0,0
georgia-southern_vs_georgia state_20250306,2025-03-06,georgia-southern,Georgia State,2025,151.0,154.00311,3.00311279296875,153.5,0.50311279296875,1,0,0
georgia-state_vs_north carolina central_20241122,2024-11-22,georgia-state,North Carolina Central,2025,172.0,150.34953,21.650466918945312,143.5,6.8495330810546875,1,1,1
georgia-state_vs_tulsa_20241127,2024-11-27,georgia-state,Tulsa,2025,145.0,152.12642,7.1264190673828125,147.5,4.6264190673828125,1,0,0
georgia-state_vs_kennesaw state_20241206,2024-12-06,georgia-state,Kennesaw State,2025,158.0,152.47594,5.5240631103515625,156.5,-4.0240631103515625,0,1,0
georgia-state_vs_charlotte_20241214,2024-12-14,georgia-state,Charlotte,2025,140.0,140.45197,0.45196533203125,144.0,-3.54803466796875,0,0,1
georgia-state_vs_mercer_20241228,2024-12-28,georgia-state,Mercer,2025,139.0,155.7713,16.77130126953125,157.0,-1.22869873046875,0,0,1
georgia-state_vs_south alabama_20250102,2025-01-02,georgia-state,South Alabama,2025,128.0,135.48886,7.488861083984375,139.5,-4.011138916015625,0,0,1
georgia-state_vs_louisiana_20250104,2025-01-04,georgia-state,Louisiana,2025,164.0,141.47363,22.5263671875,144.5,-3.0263671875,0,1,0
georgia-state_vs_georgia southern_20250108,2025-01-08,georgia-state,Georgia Southern,2025,160.0,148.83894,11.161056518554688,155.5,-6.6610565185546875,0,1,0
georgia-state_vs_coastal carolina_20250111,2025-01-11,georgia-state,Coastal Carolina,2025,153.0,134.18805,18.81195068359375,136.5,-2.31195068359375,0,1,0
georgia-state_vs_marshall_20250123,2025-01-23,georgia-state,Marshall,2025,171.0,146.22171,24.778289794921875,152.0,-5.778289794921875,0,1,0
georgia-state_vs_james madison_20250125,2025-01-25,georgia-state,James Madison,2025,165.0,144.60861,20.391387939453125,146.5,-1.891387939453125,0,1,0
georgia-state_vs_louisianaâmonroe_20250205,2025-02-05,georgia-state,LouisianaâMonroe,2025,161.0,148.1336,12.86639404296875,149.5,-1.36639404296875,0,1,0
georgia-state_vs_old dominion_20250213,2025-02-13,georgia-state,Old Dominion,2025,172.0,147.94493,24.055068969726562,150.5,-2.5550689697265625,0,1,0
georgia-state_vs_appalachian state_20250215,2025-02-15,georgia-state,Appalachian State,2025,135.0,139.31604,4.3160400390625,142.5,-3.1839599609375,0,0,1
georgia-state_vs_marshall_20250307,2025-03-07,georgia-state,Marshall,2025,155.0,149.07423,5.9257659912109375,151.5,-2.4257659912109375,0,1,0
georgia-tech_vs_georgia_20241115,2024-11-15,georgia-tech,Georgia,2025,146.0,153.23753,7.2375335693359375,157.0,-3.7624664306640625,0,0,1
georgia-tech_vs_cincinnati_20241123,2024-11-23,georgia-tech,Cincinnati,2025,139.0,146.50334,7.5033416748046875,150.5,-3.9966583251953125,0,0,1
georgia-tech_vs_charleston southern_20241127,2024-11-27,georgia-tech,Charleston Southern,2025,158.0,154.67122,3.3287811279296875,150.5,4.1712188720703125,1,1,1
georgia-tech_vs_central arkansas_20241130,2024-11-30,georgia-tech,Central Arkansas,2025,155.0,154.71414,0.285858154296875,150.5,4.214141845703125,1,1,1
georgia-tech_vs_northwestern_20241215,2024-12-15,georgia-tech,Northwestern,2025,131.0,143.50565,12.505645751953125,138.5,5.005645751953125,1,0,0
georgia-tech_vs_umbc_20241218,2024-12-18,georgia-tech,UMBC,2025,173.0,154.59804,18.401962280273438,160.5,-5.9019622802734375,0,1,0
georgia-tech_vs_duke_20241221,2024-12-21,georgia-tech,Duke,2025,138.0,144.38385,6.38385009765625,143.5,0.88385009765625,1,0,0
georgia-tech_vs_alabama a&m_20241228,2024-12-28,georgia-tech,Alabama A&M,2025,141.0,154.86755,13.8675537109375,153.5,1.3675537109375,1,0,0
georgia-tech_vs_notre dame_20241231,2024-12-31,georgia-tech,Notre Dame,2025,161.0,143.58023,17.419769287109375,142.5,1.080230712890625,1,1,1
georgia-tech_vs_boston college_20250104,2025-01-04,georgia-tech,Boston College,2025,149.0,145.62495,3.3750457763671875,145.5,0.1249542236328125,1,1,1
georgia-tech_vs_clemson_20250114,2025-01-14,georgia-tech,Clemson,2025,129.0,143.67567,14.675674438476562,144.0,-0.3243255615234375,0,0,1
georgia-tech_vs_virginia tech_20250122,2025-01-22,georgia-tech,Virginia Tech,2025,135.0,144.45338,9.453384399414062,141.0,3.4533843994140625,1,0,0
georgia-tech_vs_louisville_20250201,2025-02-01,georgia-tech,Louisville,2025,147.0,146.48067,0.5193328857421875,149.5,-3.0193328857421875,0,0,1
georgia-tech_vs_stanford_20250212,2025-02-12,georgia-tech,Stanford,2025,112.0,144.85823,32.85823059082031,143.5,1.3582305908203125,1,0,0
georgia-tech_vs_california_20250215,2025-02-15,georgia-tech,California,2025,178.0,147.39708,30.602920532226562,144.5,2.8970794677734375,1,1,1
georgia-tech_vs_nc state_20250301,2025-03-01,georgia-tech,NC State,2025,149.0,138.20609,10.793914794921875,140.5,-2.293914794921875,0,1,0
georgia-tech_vs_miami (fl)_20250304,2025-03-04,georgia-tech,Miami (FL),2025,163.0,146.9408,16.0592041015625,149.5,-2.5592041015625,0,1,0
georgia-tech_vs_virginia_20250312,2025-03-12,georgia-tech,Virginia,2025,126.0,133.02422,7.0242156982421875,129.5,3.5242156982421875,1,0,0
georgia-tech_vs_jacksonville state_20250318,2025-03-18,georgia-tech,Jacksonville State,2025,145.0,140.8741,4.1259002685546875,141.0,-0.1259002685546875,0,1,0
gonzaga_vs_umass lowell_20241115,2024-11-15,gonzaga,UMass Lowell,2025,167.0,153.94676,13.053237915039062,165.0,-11.053237915039062,0,1,0
gonzaga_vs_long beach state_20241120,2024-11-20,gonzaga,Long Beach State,2025,125.0,150.23639,25.23638916015625,151.5,-1.26361083984375,0,0,1
gonzaga_vs_west virginia_20241127,2024-11-27,gonzaga,West Virginia,2025,164.0,150.64064,13.359359741210938,156.0,-5.3593597412109375,0,1,0
gonzaga_vs_indiana_20241128,2024-11-28,gonzaga,Indiana,2025,162.0,152.86324,9.136764526367188,156.5,-3.6367645263671875,0,1,0
gonzaga_vs_kentucky_20241207,2024-12-07,gonzaga,Kentucky,2025,179.0,159.79337,19.206634521484375,167.0,-7.206634521484375,0,1,0
gonzaga_vs_bucknell_20241221,2024-12-21,gonzaga,Bucknell,2025,151.0,154.98976,3.9897613525390625,154.5,0.4897613525390625,1,0,0
gonzaga_vs_ucla_20241228,2024-12-28,gonzaga,UCLA,2025,127.0,151.29933,24.299331665039062,148.5,2.7993316650390625,1,0,0
gonzaga_vs_portland_20250102,2025-01-02,gonzaga,Portland,2025,131.0,156.07098,25.07098388671875,159.5,-3.42901611328125,0,0,1
gonzaga_vs_san diego_20250108,2025-01-08,gonzaga,San Diego,2025,173.0,148.34543,24.654571533203125,156.5,-8.154571533203125,0,1,0
gonzaga_vs_washington state_20250111,2025-01-11,gonzaga,Washington State,2025,163.0,155.31721,7.6827850341796875,165.0,-9.682785034179688,0,0,1
gonzaga_vs_santa clara_20250118,2025-01-18,gonzaga,Santa Clara,2025,202.0,153.77167,48.22833251953125,162.0,-8.22833251953125,0,1,0
gonzaga_vs_oregon state_20250128,2025-01-28,gonzaga,Oregon State,2025,158.0,150.83174,7.1682586669921875,152.0,-1.1682586669921875,0,1,0
gonzaga_vs_loyola marymount_20250206,2025-02-06,gonzaga,Loyola Marymount,2025,126.0,148.803,22.802993774414062,154.5,-5.6970062255859375,0,0,1
gonzaga_vs_san francisco_20250213,2025-02-13,gonzaga,San Francisco,2025,165.0,150.80652,14.1934814453125,153.5,-2.6934814453125,0,1,0
gonzaga_vs_pepperdine_20250215,2025-02-15,gonzaga,Pepperdine,2025,162.0,156.28714,5.712860107421875,162.0,-5.712860107421875,0,0,1
gonzaga_vs_san francisco_20250310,2025-03-10,gonzaga,San Francisco,2025,161.0,149.51427,11.485733032226562,158.0,-8.485733032226562,0,1,0
gonzaga_vs_houston_20250322,2025-03-22,gonzaga,Houston,2025,157.0,140.14613,16.853866577148438,141.5,-1.3538665771484375,0,1,0
grambling_vs_new mexico_20241121,2024-11-21,grambling,New Mexico,2025,138.0,154.75946,16.75946044921875,152.0,2.75946044921875,1,0,0
grambling_vs_southern california_20241124,2024-11-24,grambling,Southern California,2025,149.0,149.91225,0.9122467041015625,139.5,10.412246704101562,1,1,1
grambling_vs_cal poly_20241126,2024-11-26,grambling,Cal Poly,2025,161.0,151.24269,9.757308959960938,151.5,-0.2573089599609375,0,1,0
grambling_vs_pepperdine_20241207,2024-12-07,grambling,Pepperdine,2025,142.0,143.48093,1.480926513671875,139.5,3.980926513671875,1,1,1
grambling_vs_southeastern louisiana_20241216,2024-12-16,grambling,Southeastern Louisiana,2025,140.0,143.69885,3.6988525390625,134.5,9.1988525390625,1,1,1
grambling_vs_delaware state_20241219,2024-12-19,grambling,Delaware State,2025,133.0,148.35616,15.356155395507812,141.5,6.8561553955078125,1,0,0
grambling_vs_norfolk state_20241220,2024-12-20,grambling,Norfolk State,2025,146.0,145.4159,0.5841064453125,137.0,8.4158935546875,1,1,1
grambling_vs_cincinnati_20241222,2024-12-22,grambling,Cincinnati,2025,133.0,138.26736,5.267364501953125,136.0,2.267364501953125,1,0,0
grambling_vs_texas southern_20250106,2025-01-06,grambling,Texas Southern,2025,137.0,147.32939,10.329391479492188,137.0,10.329391479492188,1,0,0
grambling_vs_bethune-cookman_20250111,2025-01-11,grambling,Bethune-Cookman,2025,124.0,140.10988,16.109878540039062,131.5,8.609878540039062,1,0,0
grambling_vs_florida a&m_20250113,2025-01-13,grambling,Florida A&M,2025,151.0,142.86821,8.131790161132812,134.5,8.368209838867188,1,1,1
grambling_vs_southern_20250118,2025-01-18,grambling,Southern,2025,127.0,147.06493,20.064926147460938,133.5,13.564926147460938,1,0,0
grambling_vs_mississippi valley state_20250125,2025-01-25,grambling,Mississippi Valley State,2025,119.0,128.01602,9.016021728515625,129.5,-1.483978271484375,0,0,1
grambling_vs_arkansasâpine bluff_20250127,2025-01-27,grambling,ArkansasâPine Bluff,2025,158.0,151.15405,6.845947265625,148.5,2.654052734375,1,1,1
grambling_vs_jackson state_20250201,2025-02-01,grambling,Jackson State,2025,115.0,145.40222,30.4022216796875,135.0,10.4022216796875,1,0,0
grambling_vs_alcorn state_20250203,2025-02-03,grambling,Alcorn State,2025,113.0,136.01428,23.0142822265625,130.0,6.0142822265625,1,0,0
grambling_vs_alabama state_20250208,2025-02-08,grambling,Alabama State,2025,144.0,145.03304,1.0330352783203125,134.5,10.533035278320312,1,1,1
grambling_vs_alabama a&m_20250210,2025-02-10,grambling,Alabama A&M,2025,133.0,149.59402,16.594024658203125,140.5,9.094024658203125,1,0,0
grambling_vs_texas southern_20250215,2025-02-15,grambling,Texas Southern,2025,127.0,145.45882,18.458816528320312,135.5,9.958816528320312,1,0,0
grambling_vs_southern_20250222,2025-02-22,grambling,Southern,2025,135.0,141.69759,6.6975860595703125,131.5,10.197586059570312,1,1,1
grambling_vs_florida a&m_20250301,2025-03-01,grambling,Florida A&M,2025,141.0,140.95157,0.048431396484375,133.5,7.451568603515625,1,1,1
grambling_vs_bethune-cookman_20250303,2025-03-03,grambling,Bethune-Cookman,2025,149.0,139.79025,9.209747314453125,135.0,4.790252685546875,1,1,1
grambling_vs_alabama a&m_20250306,2025-03-06,grambling,Alabama A&M,2025,118.0,146.96346,28.963455200195312,137.5,9.463455200195312,1,0,0
grambling_vs_alabama state_20250308,2025-03-08,grambling,Alabama State,2025,106.0,144.10474,38.104736328125,134.5,9.604736328125,1,0,0
grambling_vs_alabama a&m_20250311,2025-03-11,grambling,Alabama A&M,2025,129.0,140.97388,11.973876953125,129.5,11.473876953125,1,0,0
grambling_vs_southern_20250312,2025-03-12,grambling,Southern,2025,127.0,137.3555,10.355499267578125,125.5,11.855499267578125,1,1,1
grambling_vs_alabama state_20250314,2025-03-14,grambling,Alabama State,2025,126.0,140.73427,14.734268188476562,129.5,11.234268188476562,1,0,0
grand-canyon_vs_uc davis_20241120,2024-11-20,grand-canyon,UC Davis,2025,143.0,149.54526,6.545257568359375,152.0,-2.454742431640625,0,0,1
grand-canyon_vs_norfolk state_20241122,2024-11-22,grand-canyon,Norfolk State,2025,164.0,145.87167,18.128326416015625,145.0,0.871673583984375,1,1,1
grand-canyon_vs_stanford_20241126,2024-11-26,grand-canyon,Stanford,2025,149.0,141.94156,7.058441162109375,144.5,-2.558441162109375,0,1,0
grand-canyon_vs_hawaii_20241203,2024-12-03,grand-canyon,Hawaii,2025,150.0,143.02214,6.9778594970703125,143.5,-0.4778594970703125,0,1,0
grand-canyon_vs_chicago state_20241219,2024-12-19,grand-canyon,Chicago State,2025,125.0,148.15842,23.158416748046875,150.5,-2.341583251953125,0,0,1
grand-canyon_vs_saint louis_20241222,2024-12-22,grand-canyon,Saint Louis,2025,145.0,151.09613,6.09613037109375,156.0,-4.90386962890625,0,0,1
grand-canyon_vs_bryant_20241230,2024-12-30,grand-canyon,Bryant,2025,178.0,156.01488,21.985122680664062,160.5,-4.4851226806640625,0,1,0
grand-canyon_vs_southern utah_20250104,2025-01-04,grand-canyon,Southern Utah,2025,153.0,151.85767,1.142333984375,155.0,-3.142333984375,0,0,1
grand-canyon_vs_abilene christian_20250116,2025-01-16,grand-canyon,Abilene Christian,2025,146.0,144.59036,1.409637451171875,144.5,0.090362548828125,1,1,1
grand-canyon_vs_tarleton state_20250118,2025-01-18,grand-canyon,Tarleton State,2025,152.0,139.66203,12.337966918945312,136.5,3.1620330810546875,1,1,1
grand-canyon_vs_seattle_20250130,2025-01-30,grand-canyon,Seattle,2025,157.0,146.73045,10.269546508789062,141.5,5.2304534912109375,1,1,1
grand-canyon_vs_utah valley_20250201,2025-02-01,grand-canyon,Utah Valley,2025,132.0,145.59756,13.597564697265625,147.0,-1.402435302734375,0,0,1
grand-canyon_vs_california baptist_20250222,2025-02-22,grand-canyon,California Baptist,2025,130.0,150.2271,20.227096557617188,147.5,2.7270965576171875,1,0,0
grand-canyon_vs_ut arlington_20250227,2025-02-27,grand-canyon,UT Arlington,2025,156.0,149.67421,6.3257904052734375,150.5,-0.8257904052734375,0,1,0
grand-canyon_vs_utah tech_20250306,2025-03-06,grand-canyon,Utah Tech,2025,158.0,149.33115,8.668853759765625,148.5,0.831146240234375,1,1,1
grand-canyon_vs_ut arlington_20250312,2025-03-12,grand-canyon,UT Arlington,2025,173.0,149.892,23.108001708984375,147.5,2.391998291015625,1,1,1
grand-canyon_vs_utah valley_20250315,2025-03-15,grand-canyon,Utah Valley,2025,171.0,144.72577,26.27423095703125,141.5,3.22576904296875,1,1,1
grand-canyon_vs_maryland_20250321,2025-03-21,grand-canyon,Maryland,2025,130.0,151.56055,21.560546875,150.5,1.060546875,1,0,0
green-bay_vs_siu edwardsville_20241119,2024-11-19,green-bay,SIU Edwardsville,2025,139.0,149.61348,10.613479614257812,150.5,-0.8865203857421875,0,0,1
green-bay_vs_campbell_20241130,2024-11-30,green-bay,Campbell,2025,138.0,148.08441,10.08441162109375,153.5,-5.41558837890625,0,0,1
green-bay_vs_cleveland state_20241207,2024-12-07,green-bay,Cleveland State,2025,144.0,141.32011,2.6798858642578125,147.0,-5.6798858642578125,0,0,1
green-bay_vs_milwaukee_20241211,2024-12-11,green-bay,Milwaukee,2025,155.0,154.61679,0.383209228515625,159.0,-4.383209228515625,0,0,1
green-bay_vs_robert morris_20250117,2025-01-17,green-bay,Robert Morris,2025,156.0,145.62157,10.378433227539062,144.5,1.1215667724609375,1,1,1
green-bay_vs_youngstown state_20250119,2025-01-19,green-bay,Youngstown State,2025,142.0,143.79431,1.7943115234375,143.5,0.2943115234375,1,0,0
green-bay_vs_iu indy_20250122,2025-01-22,green-bay,IU Indy,2025,163.0,144.48991,18.510086059570312,142.5,1.9899139404296875,1,1,1
green-bay_vs_northern kentucky_20250214,2025-02-14,green-bay,Northern Kentucky,2025,133.0,140.94312,7.943115234375,141.5,-0.556884765625,0,0,1
green-bay_vs_wright state_20250216,2025-02-16,green-bay,Wright State,2025,147.0,146.10756,0.8924407958984375,152.0,-5.8924407958984375,0,0,1
green-bay_vs_detroit mercy_20250227,2025-02-27,green-bay,Detroit Mercy,2025,147.0,139.2376,7.7624053955078125,145.5,-6.2624053955078125,0,1,0
green-bay_vs_oakland_20250301,2025-03-01,green-bay,Oakland,2025,171.0,141.22838,29.771621704101562,148.5,-7.2716217041015625,0,1,0
hampton_vs_norfolk state_20241116,2024-11-16,hampton,Norfolk State,2025,125.0,149.8522,24.852203369140625,138.0,11.852203369140625,1,0,0
hampton_vs_high point_20241126,2024-11-26,hampton,High Point,2025,149.0,138.27228,10.72772216796875,139.0,-0.72772216796875,0,1,0
hampton_vs_north carolina a&t_20241203,2024-12-03,hampton,North Carolina A&T,2025,153.0,149.86346,3.13653564453125,148.5,1.36346435546875,1,1,1
hampton_vs_howard_20241228,2024-12-28,hampton,Howard,2025,150.0,153.40924,3.40924072265625,145.5,7.90924072265625,1,1,1
hampton_vs_campbell_20250109,2025-01-09,hampton,Campbell,2025,121.0,139.30011,18.30010986328125,138.5,0.80010986328125,1,0,0
hampton_vs_delaware_20250111,2025-01-11,hampton,Delaware,2025,160.0,151.08437,8.915634155273438,147.5,3.5843658447265625,1,1,1
hampton_vs_william & mary_20250116,2025-01-16,hampton,William & Mary,2025,131.0,150.8598,19.85980224609375,151.5,-0.64019775390625,0,0,1
hampton_vs_northeastern_20250130,2025-01-30,hampton,Northeastern,2025,147.0,139.79765,7.2023468017578125,138.0,1.7976531982421875,1,1,1
hampton_vs_howard_20250201,2025-02-01,hampton,Howard,2025,159.0,149.91322,9.086776733398438,146.5,3.4132232666015625,1,1,1
hampton_vs_drexel_20250213,2025-02-13,hampton,Drexel,2025,121.0,137.11578,16.11578369140625,129.5,7.61578369140625,1,0,0
hampton_vs_hofstra_20250215,2025-02-15,hampton,Hofstra,2025,116.0,133.20467,17.204666137695312,129.0,4.2046661376953125,1,0,0
hampton_vs_unc wilmington_20250222,2025-02-22,hampton,UNC Wilmington,2025,153.0,144.3407,8.6593017578125,140.5,3.8406982421875,1,1,1
hampton_vs_stony brook_20250224,2025-02-24,hampton,Stony Brook,2025,130.0,137.88965,7.8896484375,138.5,-0.6103515625,0,0,1
hampton_vs_northeastern_20250308,2025-03-08,hampton,Northeastern,2025,135.0,139.9452,4.9452056884765625,135.0,4.9452056884765625,1,0,0
hampton_vs_unc wilmington_20250309,2025-03-09,hampton,UNC Wilmington,2025,144.0,139.60599,4.394012451171875,138.5,1.105987548828125,1,1,1
harvard_vs_colgate_20241122,2024-11-22,harvard,Colgate,2025,145.0,141.7216,3.2783966064453125,142.0,-0.2783966064453125,0,1,0
harvard_vs_massachusetts_20241127,2024-11-27,harvard,Massachusetts,2025,116.0,148.39838,32.39837646484375,148.5,-0.10162353515625,0,0,1
harvard_vs_furman_20241221,2024-12-21,harvard,Furman,2025,140.0,141.4896,1.489593505859375,138.0,3.489593505859375,1,1,1
harvard_vs_princeton_20250111,2025-01-11,harvard,Princeton,2025,132.0,142.50525,10.5052490234375,143.5,-0.9947509765625,0,0,1
harvard_vs_pennsylvania_20250120,2025-01-20,harvard,Pennsylvania,2025,149.0,135.64761,13.352386474609375,142.5,-6.852386474609375,0,1,0
harvard_vs_cornell_20250214,2025-02-14,harvard,Cornell,2025,148.0,149.30328,1.30328369140625,152.5,-3.19671630859375,0,0,1
harvard_vs_columbia_20250215,2025-02-15,harvard,Columbia,2025,162.0,146.37721,15.622787475585938,150.0,-3.6227874755859375,0,1,0
harvard_vs_brown_20250228,2025-02-28,harvard,Brown,2025,111.0,145.02763,34.02763366699219,143.5,1.5276336669921875,1,0,0
harvard_vs_yale_20250301,2025-03-01,harvard,Yale,2025,143.0,146.72983,3.729827880859375,144.5,2.229827880859375,1,0,0
harvard_vs_dartmouth_20250308,2025-03-08,harvard,Dartmouth,2025,124.0,147.623,23.623001098632812,145.5,2.1230010986328125,1,0,0
hawaii_vs_weber state_20241117,2024-11-17,hawaii,Weber State,2025,141.0,137.55396,3.446044921875,134.5,3.053955078125,1,1,1
hawaii_vs_north carolina_20241123,2024-11-23,hawaii,North Carolina,2025,156.0,153.58865,2.411346435546875,152.0,1.588653564453125,1,1,1
hawaii_vs_texas a&mâcorpus christi_20241215,2024-12-15,hawaii,Texas A&MâCorpus Christi,2025,133.0,146.30386,13.303863525390625,,,0,0,1
hawaii_vs_charlotte_20241222,2024-12-22,hawaii,Charlotte,2025,139.0,139.28346,0.2834625244140625,137.5,1.7834625244140625,1,1,1
hawaii_vs_nebraska_20241223,2024-12-23,hawaii,Nebraska,2025,124.0,144.44945,20.449447631835938,140.0,4.4494476318359375,1,0,0
hawaii_vs_oakland_20241225,2024-12-25,hawaii,Oakland,2025,143.0,136.92188,6.078125,132.5,4.421875,1,1,1
hawaii_vs_uc santa barbara_20250103,2025-01-03,hawaii,UC Santa Barbara,2025,125.0,137.79152,12.791519165039062,,,0,0,1
hawaii_vs_cal poly_20250105,2025-01-05,hawaii,Cal Poly,2025,123.0,151.68495,28.684951782226562,,,0,0,1
hawaii_vs_cal state northridge_20250117,2025-01-17,hawaii,Cal State Northridge,2025,143.0,148.75404,5.7540435791015625,,,0,0,1
hawaii_vs_cal state bakersfield_20250119,2025-01-19,hawaii,Cal State Bakersfield,2025,151.0,140.3015,10.698501586914062,,,0,0,1
hawaii_vs_cal state fullerton_20250202,2025-02-02,hawaii,Cal State Fullerton,2025,139.0,131.33882,7.6611785888671875,,,0,0,1
hawaii_vs_long beach state_20250214,2025-02-14,hawaii,Long Beach State,2025,122.0,138.37201,16.37200927734375,,,0,0,1
hawaii_vs_uc irvine_20250216,2025-02-16,hawaii,UC Irvine,2025,115.0,140.34657,25.346572875976562,,,0,0,1
hawaii_vs_uc riverside_20250228,2025-02-28,hawaii,UC Riverside,2025,158.0,145.23918,12.760818481445312,,,0,0,1
hawaii_vs_uc davis_20250302,2025-03-02,hawaii,UC Davis,2025,148.0,132.23926,15.7607421875,,,0,0,1
high-point_vs_uab_20241115,2024-11-15,high-point,UAB,2025,133.0,147.85414,14.854141235351562,158.5,-10.645858764648438,0,0,1
high-point_vs_american_20241118,2024-11-18,high-point,American,2025,153.0,138.11397,14.886032104492188,137.5,0.6139678955078125,1,1,1
high-point_vs_missouri state_20241124,2024-11-24,high-point,Missouri State,2025,132.0,152.00795,20.007949829101562,141.5,10.507949829101562,1,0,0
high-point_vs_old dominion_20241125,2024-11-25,high-point,Old Dominion,2025,140.0,145.80093,5.800933837890625,146.0,-0.199066162109375,0,0,1
high-point_vs_north texas_20241206,2024-12-06,high-point,North Texas,2025,147.0,131.75491,15.245086669921875,128.5,3.254913330078125,1,1,1
high-point_vs_norfolk state_20241229,2024-12-29,high-point,Norfolk State,2025,151.0,141.97952,9.020477294921875,146.0,-4.020477294921875,0,1,0
high-point_vs_radford_20250102,2025-01-02,high-point,Radford,2025,134.0,142.05032,8.050323486328125,144.5,-2.449676513671875,0,0,1
high-point_vs_gardner-webb_20250111,2025-01-11,high-point,Gardner-Webb,2025,151.0,148.91795,2.0820465087890625,155.5,-6.5820465087890625,0,0,1
high-point_vs_presbyterian_20250118,2025-01-18,high-point,Presbyterian,2025,143.0,146.90125,3.9012451171875,146.5,0.4012451171875,1,0,0
high-point_vs_winthrop_20250125,2025-01-25,high-point,Winthrop,2025,146.0,155.86523,9.865234375,161.5,-5.634765625,0,0,1
high-point_vs_unc asheville_20250208,2025-02-08,high-point,UNC Asheville,2025,204.0,151.9611,52.03889465332031,153.5,-1.5388946533203125,0,1,0
high-point_vs_longwood_20250213,2025-02-13,high-point,Longwood,2025,155.0,152.3041,2.6959075927734375,155.5,-3.1959075927734375,0,0,1
high-point_vs_charleston southern_20250219,2025-02-19,high-point,Charleston Southern,2025,143.0,151.90562,8.905624389648438,152.5,-0.5943756103515625,0,0,1
high-point_vs_usc upstate_20250226,2025-02-26,high-point,USC Upstate,2025,154.0,158.70258,4.70257568359375,163.5,-4.79742431640625,0,0,1
high-point_vs_radford_20250308,2025-03-08,high-point,Radford,2025,149.0,143.47409,5.525909423828125,140.5,2.974090576171875,1,1,1
high-point_vs_winthrop_20250309,2025-03-09,high-point,Winthrop,2025,150.0,157.08109,7.081085205078125,158.0,-0.918914794921875,0,0,1
high-point_vs_purdue_20250320,2025-03-20,high-point,Purdue,2025,138.0,142.06737,4.0673675537109375,152.5,-10.432632446289062,0,0,1
hofstra_vs_rice_20241129,2024-11-29,hofstra,Rice,2025,131.0,137.76857,6.7685699462890625,134.5,3.2685699462890625,1,0,0
hofstra_vs_tarleton state_20241130,2024-11-30,hofstra,Tarleton State,2025,120.0,137.31863,17.318634033203125,125.5,11.818634033203125,1,0,0
hofstra_vs_temple_20241215,2024-12-15,hofstra,Temple,2025,102.0,146.90147,44.90147399902344,141.5,5.4014739990234375,1,0,0
hofstra_vs_william & mary_20250102,2025-01-02,hofstra,William & Mary,2025,130.0,149.81526,19.815261840820312,150.0,-0.1847381591796875,0,0,1
hofstra_vs_college of charleston_20250109,2025-01-09,hofstra,College of Charleston,2025,128.0,144.38644,16.386444091796875,140.0,4.386444091796875,1,0,0
hofstra_vs_unc wilmington_20250111,2025-01-11,hofstra,UNC Wilmington,2025,129.0,138.42236,9.42236328125,133.5,4.92236328125,1,0,0
hofstra_vs_delaware_20250123,2025-01-23,hofstra,Delaware,2025,161.0,144.90494,16.095062255859375,140.5,4.404937744140625,1,1,1
hofstra_vs_campbell_20250125,2025-01-25,hofstra,Campbell,2025,136.0,133.63345,2.366546630859375,130.5,3.133453369140625,1,1,1
hofstra_vs_northeastern_20250206,2025-02-06,hofstra,Northeastern,2025,145.0,133.53416,11.465835571289062,131.5,2.0341644287109375,1,1,1
hofstra_vs_stony brook_20250208,2025-02-08,hofstra,Stony Brook,2025,155.0,133.71799,21.282012939453125,130.0,3.717987060546875,1,1,1
hofstra_vs_monmouth_20250220,2025-02-20,hofstra,Monmouth,2025,130.0,135.80022,5.8002166748046875,135.0,0.8002166748046875,1,0,0
hofstra_vs_north carolina a&t_20250301,2025-03-01,hofstra,North Carolina A&T,2025,119.0,135.52068,16.520675659179688,128.5,7.0206756591796875,1,0,0
hofstra_vs_north carolina a&t_20250307,2025-03-07,hofstra,North Carolina A&T,2025,132.0,134.95467,2.9546661376953125,124.5,10.454666137695312,1,1,1
hofstra_vs_monmouth_20250308,2025-03-08,hofstra,Monmouth,2025,125.0,135.24815,10.248153686523438,130.0,5.2481536865234375,1,0,0
holy-cross_vs_sacred heart_20241115,2024-11-15,holy-cross,Sacred Heart,2025,157.0,152.38373,4.61627197265625,151.5,0.88372802734375,1,1,1
holy-cross_vs_new hampshire_20241117,2024-11-17,holy-cross,New Hampshire,2025,146.0,140.51057,5.4894256591796875,140.5,0.0105743408203125,1,1,1
holy-cross_vs_harvard_20241204,2024-12-04,holy-cross,Harvard,2025,135.0,135.61458,0.6145782470703125,139.0,-3.3854217529296875,0,0,1
holy-cross_vs_central connecticut state_20241207,2024-12-07,holy-cross,Central Connecticut State,2025,125.0,134.76776,9.76776123046875,133.0,1.76776123046875,1,0,0
holy-cross_vs_loyola (md)_20250102,2025-01-02,holy-cross,Loyola (MD),2025,146.0,139.11569,6.884307861328125,139.5,-0.384307861328125,0,1,0
holy-cross_vs_navy_20250108,2025-01-08,holy-cross,Navy,2025,129.0,138.64302,9.643020629882812,140.0,-1.3569793701171875,0,0,1
holy-cross_vs_american_20250118,2025-01-18,holy-cross,American,2025,139.0,136.84981,2.1501922607421875,136.0,0.8498077392578125,1,1,1
holy-cross_vs_army_20250122,2025-01-22,holy-cross,Army,2025,147.0,145.45555,1.5444488525390625,142.5,2.9555511474609375,1,1,1
holy-cross_vs_lehigh_20250201,2025-02-01,holy-cross,Lehigh,2025,136.0,138.92813,2.928131103515625,139.5,-0.571868896484375,0,0,1
holy-cross_vs_boston university_20250208,2025-02-08,holy-cross,Boston University,2025,124.0,133.88065,9.880645751953125,129.5,4.380645751953125,1,0,0
holy-cross_vs_colgate_20250212,2025-02-12,holy-cross,Colgate,2025,152.0,140.8848,11.115203857421875,143.5,-2.615203857421875,0,1,0
holy-cross_vs_lafayette_20250219,2025-02-19,holy-cross,Lafayette,2025,143.0,135.5501,7.4499053955078125,136.0,-0.4499053955078125,0,1,0
holy-cross_vs_bucknell_20250301,2025-03-01,holy-cross,Bucknell,2025,175.0,142.532,32.46800231933594,139.0,3.5319976806640625,1,1,1
houston_vs_hofstra_20241122,2024-11-22,houston,Hofstra,2025,124.0,140.44168,16.441680908203125,132.5,7.941680908203125,1,0,0
houston_vs_notre dame_20241128,2024-11-28,houston,Notre Dame,2025,119.0,140.35674,21.356735229492188,133.5,6.8567352294921875,1,0,0
houston_vs_san diego state_20241130,2024-11-30,houston,San Diego State,2025,143.0,138.58841,4.411590576171875,127.0,11.588409423828125,1,1,1
houston_vs_butler_20241207,2024-12-07,houston,Butler,2025,130.0,137.19073,7.19073486328125,134.5,2.69073486328125,1,0,0
houston_vs_troy_20241210,2024-12-10,houston,Troy,2025,104.0,140.45244,36.45243835449219,132.5,7.9524383544921875,1,0,0
houston_vs_toledo_20241218,2024-12-18,houston,Toledo,2025,127.0,142.35812,15.358123779296875,140.5,1.858123779296875,1,0,0
houston_vs_texas a&mâcorpus christi_20241221,2024-12-21,houston,Texas A&MâCorpus Christi,2025,138.0,139.99947,1.9994659423828125,,,0,0,1
houston_vs_brigham young_20250104,2025-01-04,houston,Brigham Young,2025,141.0,136.428,4.5720062255859375,133.5,2.9279937744140625,1,1,1
houston_vs_tcu_20250106,2025-01-06,houston,TCU,2025,111.0,131.80421,20.804214477539062,128.5,3.3042144775390625,1,0,0
houston_vs_west virginia_20250115,2025-01-15,houston,West Virginia,2025,124.0,134.23544,10.235443115234375,125.0,9.235443115234375,1,0,0
houston_vs_utah_20250122,2025-01-22,houston,Utah,2025,106.0,136.91025,30.910247802734375,133.0,3.910247802734375,1,0,0
houston_vs_texas tech_20250201,2025-02-01,houston,Texas Tech,2025,163.0,135.66594,27.334060668945312,127.5,8.165939331054688,1,1,1
houston_vs_oklahoma state_20250204,2025-02-04,houston,Oklahoma State,2025,135.0,134.35353,0.6464691162109375,130.0,4.3535308837890625,1,1,1
houston_vs_baylor_20250210,2025-02-10,houston,Baylor,2025,141.0,136.05591,4.944091796875,133.0,3.055908203125,1,1,1
houston_vs_iowa state_20250222,2025-02-22,houston,Iowa State,2025,127.0,137.29652,10.296524047851562,129.5,7.7965240478515625,1,0,0
houston_vs_cincinnati_20250301,2025-03-01,houston,Cincinnati,2025,137.0,130.85555,6.1444549560546875,125.5,5.3555450439453125,1,1,1
houston_vs_kansas_20250303,2025-03-03,houston,Kansas,2025,124.0,136.09267,12.092666625976562,132.5,3.5926666259765625,1,0,0
houston_vs_siu edwardsville_20250320,2025-03-20,houston,SIU Edwardsville,2025,118.0,131.8739,13.8739013671875,128.0,3.8739013671875,1,0,0
houston_vs_purdue_20250328,2025-03-28,houston,Purdue,2025,122.0,134.71481,12.714813232421875,134.0,0.714813232421875,1,0,0
houston_vs_tennessee_20250330,2025-03-30,houston,Tennessee,2025,119.0,131.54813,12.548126220703125,126.5,5.048126220703125,1,0,0
howard_vs_mount st. mary's_20241130,2024-11-30,howard,Mount St. Mary's,2025,154.0,153.53506,0.464935302734375,140.0,13.535064697265625,1,1,1
howard_vs_unc wilmington_20241214,2024-12-14,howard,UNC Wilmington,2025,171.0,153.18253,17.817474365234375,146.0,7.182525634765625,1,1,1
howard_vs_drexel_20241217,2024-12-17,howard,Drexel,2025,133.0,147.35686,14.356857299804688,144.5,2.8568572998046875,1,0,0
howard_vs_delaware state_20250104,2025-01-04,howard,Delaware State,2025,194.0,153.21039,40.78961181640625,149.0,4.21038818359375,1,1,1
howard_vs_morgan state_20250111,2025-01-11,howard,Morgan State,2025,195.0,157.7099,37.29010009765625,161.5,-3.79010009765625,0,1,0
howard_vs_coppin state_20250113,2025-01-13,howard,Coppin State,2025,165.0,143.73022,21.269775390625,147.5,-3.769775390625,0,1,0
howard_vs_south carolina state_20250203,2025-02-03,howard,South Carolina State,2025,155.0,152.35527,2.6447296142578125,153.5,-1.1447296142578125,0,1,0
howard_vs_north carolina central_20250208,2025-02-08,howard,North Carolina Central,2025,160.0,155.65947,4.3405303955078125,155.5,0.1594696044921875,1,1,1
howard_vs_maryland eastern shore_20250217,2025-02-17,howard,Maryland Eastern Shore,2025,148.0,150.70343,2.70343017578125,147.0,3.70343017578125,1,1,1
howard_vs_norfolk state_20250306,2025-03-06,howard,Norfolk State,2025,150.0,153.73143,3.7314300537109375,155.5,-1.7685699462890625,0,0,1
howard_vs_morgan state_20250313,2025-03-13,howard,Morgan State,2025,181.0,157.46101,23.538986206054688,161.5,-4.0389862060546875,0,1,0
idaho_vs_southern utah_20241123,2024-11-23,idaho,Southern Utah,2025,149.0,156.80003,7.8000335693359375,145.0,11.800033569335938,1,1,1
idaho_vs_uc riverside_20241130,2024-11-30,idaho,UC Riverside,2025,148.0,152.51634,4.5163421630859375,142.5,10.016342163085938,1,1,1
idaho_vs_montana state_20250102,2025-01-02,idaho,Montana State,2025,133.0,149.33356,16.33355712890625,145.5,3.83355712890625,1,0,0
idaho_vs_montana_20250104,2025-01-04,idaho,Montana,2025,144.0,151.57713,7.5771331787109375,151.0,0.5771331787109375,1,0,0
idaho_vs_eastern washington_20250118,2025-01-18,idaho,Eastern Washington,2025,159.0,150.5794,8.42059326171875,148.0,2.57940673828125,1,1,1
idaho_vs_northern colorado_20250123,2025-01-23,idaho,Northern Colorado,2025,153.0,151.51106,1.4889373779296875,152.5,-0.9889373779296875,0,1,0
idaho_vs_northern arizona_20250125,2025-01-25,idaho,Northern Arizona,2025,152.0,149.37567,2.62432861328125,147.5,1.87567138671875,1,1,1
idaho_vs_portland state_20250206,2025-02-06,idaho,Portland State,2025,145.0,146.75618,1.7561798095703125,146.5,0.2561798095703125,1,0,0
idaho_vs_sacramento state_20250208,2025-02-08,idaho,Sacramento State,2025,154.0,137.60782,16.392181396484375,140.5,-2.892181396484375,0,1,0
idaho_vs_idaho state_20250227,2025-02-27,idaho,Idaho State,2025,134.0,145.98717,11.987167358398438,147.5,-1.5128326416015625,0,0,1
idaho_vs_weber state_20250301,2025-03-01,idaho,Weber State,2025,160.0,148.60544,11.394561767578125,144.5,4.105438232421875,1,1,1
idaho_vs_portland state_20250310,2025-03-10,idaho,Portland State,2025,150.0,143.25471,6.7452850341796875,142.5,0.7547149658203125,1,1,1
idaho_vs_montana_20250311,2025-03-11,idaho,Montana,2025,133.0,148.09215,15.092147827148438,148.0,0.0921478271484375,1,0,0
idaho-state_vs_oral roberts_20241207,2024-12-07,idaho-state,Oral Roberts,2025,126.0,144.01524,18.015243530273438,143.5,0.5152435302734375,1,0,0
idaho-state_vs_utah valley_20241218,2024-12-18,idaho-state,Utah Valley,2025,126.0,140.41052,14.4105224609375,136.5,3.9105224609375,1,0,0
idaho-state_vs_weber state_20250111,2025-01-11,idaho-state,Weber State,2025,146.0,140.5878,5.412200927734375,137.5,3.087799072265625,1,1,1
idaho-state_vs_montana state_20250116,2025-01-16,idaho-state,Montana State,2025,137.0,138.70247,1.7024688720703125,138.0,0.7024688720703125,1,0,0
idaho-state_vs_montana_20250118,2025-01-18,idaho-state,Montana,2025,147.0,144.28557,2.7144317626953125,141.5,2.7855682373046875,1,1,1
idaho-state_vs_eastern washington_20250130,2025-01-30,idaho-state,Eastern Washington,2025,148.0,142.46078,5.539215087890625,140.5,1.960784912109375,1,1,1
idaho-state_vs_idaho_20250201,2025-02-01,idaho-state,Idaho,2025,158.0,142.29442,15.705581665039062,142.5,-0.2055816650390625,0,1,0
idaho-state_vs_northern colorado_20250203,2025-02-03,idaho-state,Northern Colorado,2025,158.0,146.19939,11.800613403320312,144.0,2.1993865966796875,1,1,1
idaho-state_vs_portland state_20250220,2025-02-20,idaho-state,Portland State,2025,156.0,143.12694,12.873062133789062,140.5,2.6269378662109375,1,1,1
idaho-state_vs_sacramento state_20250222,2025-02-22,idaho-state,Sacramento State,2025,149.0,135.5679,13.432098388671875,137.0,-1.432098388671875,0,1,0
idaho-state_vs_northern arizona_20250303,2025-03-03,idaho-state,Northern Arizona,2025,161.0,143.74486,17.255142211914062,143.5,0.2448577880859375,1,1,1
idaho-state_vs_montana state_20250310,2025-03-10,idaho-state,Montana State,2025,140.0,141.96956,1.9695587158203125,139.0,2.9695587158203125,1,1,1
illinois_vs_maryland eastern shore_20241123,2024-11-23,illinois,Maryland Eastern Shore,2025,127.0,150.7625,23.762496948242188,154.5,-3.7375030517578125,0,0,1
illinois_vs_little rock_20241125,2024-11-25,illinois,Little Rock,2025,126.0,149.7212,23.721206665039062,152.5,-2.7787933349609375,0,0,1
illinois_vs_wisconsin_20241210,2024-12-10,illinois,Wisconsin,2025,166.0,151.15894,14.841064453125,152.5,-1.341064453125,0,1,0
illinois_vs_tennessee_20241214,2024-12-14,illinois,Tennessee,2025,130.0,141.9572,11.957199096679688,148.5,-6.5428009033203125,0,0,1
illinois_vs_missouri_20241222,2024-12-22,illinois,Missouri,2025,157.0,150.03886,6.9611358642578125,156.0,-5.9611358642578125,0,1,0
illinois_vs_chicago state_20241229,2024-12-29,illinois,Chicago State,2025,181.0,148.32002,32.67997741699219,150.5,-2.1799774169921875,0,1,0
illinois_vs_penn state_20250108,2025-01-08,illinois,Penn State,2025,143.0,155.50433,12.50433349609375,163.0,-7.49566650390625,0,0,1
illinois_vs_southern california_20250111,2025-01-11,illinois,Southern California,2025,154.0,150.62622,3.373779296875,153.5,-2.873779296875,0,1,0
illinois_vs_maryland_20250123,2025-01-23,illinois,Maryland,2025,161.0,152.49577,8.504226684570312,157.5,-5.0042266845703125,0,1,0
illinois_vs_northwestern_20250126,2025-01-26,illinois,Northwestern,2025,157.0,149.7905,7.209503173828125,152.0,-2.209503173828125,0,1,0
illinois_vs_ohio state_20250202,2025-02-02,illinois,Ohio State,2025,166.0,150.90808,15.0919189453125,156.5,-5.5919189453125,0,1,0
illinois_vs_ucla_20250211,2025-02-11,illinois,UCLA,2025,161.0,146.53105,14.468948364257812,148.5,-1.9689483642578125,0,1,0
illinois_vs_michigan state_20250215,2025-02-15,illinois,Michigan State,2025,144.0,151.16309,7.1630859375,158.5,-7.3369140625,0,0,1
illinois_vs_iowa_20250225,2025-02-25,illinois,Iowa,2025,142.0,158.89816,16.898162841796875,170.0,-11.101837158203125,0,0,1
illinois_vs_purdue_20250307,2025-03-07,illinois,Purdue,2025,168.0,147.39017,20.609832763671875,158.5,-11.109832763671875,0,1,0
illinois_vs_iowa_20250313,2025-03-13,illinois,Iowa,2025,200.0,153.10681,46.8931884765625,165.0,-11.8931884765625,0,1,0
illinois_vs_maryland_20250314,2025-03-14,illinois,Maryland,2025,153.0,152.99391,0.0060882568359375,158.5,-5.5060882568359375,0,0,1
illinois_vs_xavier_20250321,2025-03-21,illinois,Xavier,2025,159.0,149.45267,9.547332763671875,162.5,-13.047332763671875,0,0,1
illinois_vs_kentucky_20250323,2025-03-23,illinois,Kentucky,2025,159.0,153.60036,5.3996429443359375,167.5,-13.899642944335938,0,0,1
illinois-chicago_vs_james madison_20241121,2024-11-21,illinois-chicago,James Madison,2025,180.0,150.78336,29.216644287109375,146.0,4.783355712890625,1,1,1
illinois-chicago_vs_la salle_20241122,2024-11-22,illinois-chicago,La Salle,2025,179.0,151.39926,27.600738525390625,150.0,1.399261474609375,1,1,1
illinois-chicago_vs_northern iowa_20241204,2024-12-04,illinois-chicago,Northern Iowa,2025,139.0,146.33858,7.3385772705078125,149.5,-3.1614227294921875,0,0,1
illinois-chicago_vs_dartmouth_20241208,2024-12-08,illinois-chicago,Dartmouth,2025,137.0,153.5958,16.595794677734375,152.5,1.095794677734375,1,0,0
illinois-chicago_vs_drake_20250101,2025-01-01,illinois-chicago,Drake,2025,144.0,135.18527,8.814727783203125,129.0,6.185272216796875,1,1,1
illinois-chicago_vs_bradley_20250111,2025-01-11,illinois-chicago,Bradley,2025,121.0,149.78035,28.780349731445312,145.0,4.7803497314453125,1,0,0
illinois-chicago_vs_murray state_20250115,2025-01-15,illinois-chicago,Murray State,2025,190.0,145.43442,44.565582275390625,139.5,5.934417724609375,1,1,1
illinois-chicago_vs_southern illinois_20250125,2025-01-25,illinois-chicago,Southern Illinois,2025,174.0,150.78772,23.2122802734375,147.0,3.7877197265625,1,1,1
illinois-chicago_vs_indiana state_20250201,2025-02-01,illinois-chicago,Indiana State,2025,171.0,160.5353,10.464706420898438,162.5,-1.9647064208984375,0,1,0
illinois-chicago_vs_illinois state_20250205,2025-02-05,illinois-chicago,Illinois State,2025,160.0,148.18912,11.810882568359375,148.5,-0.310882568359375,0,1,0
illinois-chicago_vs_missouri state_20250216,2025-02-16,illinois-chicago,Missouri State,2025,121.0,148.32118,27.321182250976562,142.0,6.3211822509765625,1,0,0
illinois-chicago_vs_evansville_20250222,2025-02-22,illinois-chicago,Evansville,2025,159.0,143.79532,15.204681396484375,145.0,-1.204681396484375,0,1,0
illinois-chicago_vs_valparaiso_20250302,2025-03-02,illinois-chicago,Valparaiso,2025,150.0,153.81987,3.8198699951171875,153.5,0.3198699951171875,1,0,0
illinois-chicago_vs_valparaiso_20250306,2025-03-06,illinois-chicago,Valparaiso,2025,117.0,152.84727,35.84727478027344,151.0,1.8472747802734375,1,0,0
illinois-state_vs_mcneese state_20241122,2024-11-22,illinois-state,McNeese State,2025,144.0,144.86331,0.863311767578125,136.5,8.363311767578125,1,1,1
illinois-state_vs_pacific_20241207,2024-12-07,illinois-state,Pacific,2025,133.0,145.45052,12.450515747070312,141.5,3.9505157470703125,1,0,0
illinois-state_vs_saint louis_20241215,2024-12-15,illinois-state,Saint Louis,2025,158.0,148.83078,9.169219970703125,148.5,0.330780029296875,1,1,1
illinois-state_vs_northern illinois_20241218,2024-12-18,illinois-state,Northern Illinois,2025,141.0,147.2501,6.2501068115234375,141.0,6.2501068115234375,1,0,0
illinois-state_vs_illinoisâchicago_20241229,2024-12-29,illinois-state,IllinoisâChicago,2025,140.0,153.16527,13.165267944335938,143.5,9.665267944335938,1,0,0
illinois-state_vs_southern illinois_20250105,2025-01-05,illinois-state,Southern Illinois,2025,139.0,147.38226,8.38226318359375,140.0,7.38226318359375,1,0,0
illinois-state_vs_northern iowa_20250111,2025-01-11,illinois-state,Northern Iowa,2025,169.0,140.03825,28.961746215820312,137.0,3.0382537841796875,1,1,1
illinois-state_vs_missouri state_20250118,2025-01-18,illinois-state,Missouri State,2025,142.0,145.84819,3.8481903076171875,132.0,13.848190307617188,1,1,1
illinois-state_vs_indiana state_20250121,2025-01-21,illinois-state,Indiana State,2025,166.0,153.827,12.173004150390625,153.0,0.826995849609375,1,1,1
illinois-state_vs_belmont_20250129,2025-01-29,illinois-state,Belmont,2025,159.0,150.36356,8.636444091796875,154.5,-4.136444091796875,0,1,0
illinois-state_vs_valparaiso_20250201,2025-02-01,illinois-state,Valparaiso,2025,164.0,147.73047,16.26953125,144.0,3.73046875,1,1,1
illinois-state_vs_drake_20250212,2025-02-12,illinois-state,Drake,2025,161.0,137.5369,23.463104248046875,125.5,12.036895751953125,1,1,1
illinois-state_vs_bradley_20250219,2025-02-19,illinois-state,Bradley,2025,153.0,146.53827,6.46173095703125,145.5,1.03826904296875,1,1,1
illinois-state_vs_evansville_20250302,2025-03-02,illinois-state,Evansville,2025,115.0,141.69394,26.693939208984375,141.5,0.193939208984375,1,0,0
illinois-state_vs_missouri state_20250306,2025-03-06,illinois-state,Missouri State,2025,124.0,142.24748,18.247482299804688,133.5,8.747482299804688,1,0,0
illinois-state_vs_presbyterian_20250323,2025-03-23,illinois-state,Presbyterian,2025,148.0,143.22137,4.77862548828125,142.5,0.72137451171875,1,1,1
illinois-state_vs_incarnate word_20250325,2025-03-25,illinois-state,Incarnate Word,2025,151.0,142.87202,8.127975463867188,147.5,-4.6279754638671875,0,1,0
incarnate-word_vs_arkansasâpine bluff_20241116,2024-11-16,incarnate-word,ArkansasâPine Bluff,2025,156.0,150.30556,5.6944427490234375,160.0,-9.694442749023438,0,0,1
incarnate-word_vs_western illinois_20241127,2024-11-27,incarnate-word,Western Illinois,2025,161.0,131.59082,29.4091796875,137.0,-5.4091796875,0,1,0
incarnate-word_vs_northwestern state_20241205,2024-12-05,incarnate-word,Northwestern State,2025,142.0,135.72919,6.27081298828125,142.0,-6.27081298828125,0,0,1
incarnate-word_vs_texas a&mâcommerce_20241207,2024-12-07,incarnate-word,Texas A&MâCommerce,2025,118.0,141.74811,23.74810791015625,,,0,0,1
incarnate-word_vs_texas a&mâcorpus christi_20250118,2025-01-18,incarnate-word,Texas A&MâCorpus Christi,2025,132.0,147.01492,15.014923095703125,,,0,0,1
incarnate-word_vs_southeastern louisiana_20250208,2025-02-08,incarnate-word,Southeastern Louisiana,2025,137.0,141.01007,4.01007080078125,142.0,-0.98992919921875,0,0,1
incarnate-word_vs_new orleans_20250210,2025-02-10,incarnate-word,New Orleans,2025,140.0,145.14967,5.1496734619140625,145.0,0.1496734619140625,1,0,0
incarnate-word_vs_stephen f. austin_20250222,2025-02-22,incarnate-word,Stephen F. Austin,2025,124.0,132.77531,8.775314331054688,136.5,-3.7246856689453125,0,0,1
incarnate-word_vs_lamar_20250224,2025-02-24,incarnate-word,Lamar,2025,134.0,137.03406,3.0340576171875,135.0,2.0340576171875,1,0,0
incarnate-word_vs_southeastern louisiana_20250309,2025-03-09,incarnate-word,Southeastern Louisiana,2025,138.0,140.04544,2.045440673828125,137.5,2.545440673828125,1,1,1
incarnate-word_vs_manhattan_20250323,2025-03-23,incarnate-word,Manhattan,2025,177.0,142.71756,34.282440185546875,147.5,-4.782440185546875,0,1,0
incarnate-word_vs_jacksonville_20250324,2025-03-24,incarnate-word,Jacksonville,2025,158.0,136.8687,21.131301879882812,142.0,-5.1313018798828125,0,1,0
indiana_vs_south carolina_20241116,2024-11-16,indiana,South Carolina,2025,158.0,149.4976,8.502395629882812,143.0,6.4976043701171875,1,1,1
indiana_vs_unc greensboro_20241121,2024-11-21,indiana,UNC Greensboro,2025,127.0,147.16371,20.163711547851562,147.0,0.1637115478515625,1,0,0
indiana_vs_louisville_20241127,2024-11-27,indiana,Louisville,2025,150.0,148.98375,1.0162506103515625,154.0,-5.0162506103515625,0,0,1
indiana_vs_providence_20241129,2024-11-29,indiana,Providence,2025,162.0,138.71628,23.283721923828125,138.0,0.716278076171875,1,1,1
indiana_vs_sam houston state_20241203,2024-12-03,indiana,Sam Houston State,2025,168.0,149.77362,18.22637939453125,154.5,-4.72637939453125,0,1,0
indiana_vs_miami (oh)_20241206,2024-12-06,indiana,Miami (OH),2025,133.0,149.55064,16.550643920898438,150.5,-0.9493560791015625,0,0,1
indiana_vs_minnesota_20241209,2024-12-09,indiana,Minnesota,2025,149.0,138.89685,10.1031494140625,141.0,-2.1031494140625,0,1,0
indiana_vs_chattanooga_20241221,2024-12-21,indiana,Chattanooga,2025,139.0,152.36446,13.364456176757812,153.0,-0.6355438232421875,0,0,1
indiana_vs_winthrop_20241229,2024-12-29,indiana,Winthrop,2025,145.0,157.20213,12.202133178710938,163.0,-5.7978668212890625,0,0,1
indiana_vs_rutgers_20250102,2025-01-02,indiana,Rutgers,2025,158.0,153.24406,4.7559356689453125,154.0,-0.7559356689453125,0,1,0
indiana_vs_southern california_20250108,2025-01-08,indiana,Southern California,2025,151.0,145.869,5.1309967041015625,149.5,-3.6309967041015625,0,1,0
indiana_vs_illinois_20250114,2025-01-14,indiana,Illinois,2025,163.0,155.18886,7.8111419677734375,160.0,-4.8111419677734375,0,1,0
indiana_vs_maryland_20250126,2025-01-26,indiana,Maryland,2025,157.0,153.1885,3.811492919921875,149.5,3.688507080078125,1,1,1
indiana_vs_michigan_20250208,2025-02-08,indiana,Michigan,2025,137.0,154.31306,17.313064575195312,154.5,-0.1869354248046875,0,0,1
indiana_vs_ucla_20250214,2025-02-14,indiana,UCLA,2025,140.0,140.6661,0.666107177734375,140.5,0.166107177734375,1,0,0
indiana_vs_purdue_20250223,2025-02-23,indiana,Purdue,2025,131.0,143.58849,12.588485717773438,148.5,-4.9115142822265625,0,0,1
indiana_vs_penn state_20250226,2025-02-26,indiana,Penn State,2025,161.0,151.63121,9.368789672851562,149.5,2.1312103271484375,1,1,1
indiana_vs_ohio state_20250308,2025-03-08,indiana,Ohio State,2025,126.0,150.25502,24.255020141601562,147.5,2.7550201416015625,1,0,0
indiana_vs_oregon_20250313,2025-03-13,indiana,Oregon,2025,131.0,143.80704,12.807037353515625,142.5,1.307037353515625,1,0,0
indiana-state_vs_chicago state_20241122,2024-11-22,indiana-state,Chicago State,2025,158.0,152.90866,5.091339111328125,155.5,-2.591339111328125,0,1,0
indiana-state_vs_iona_20241130,2024-11-30,indiana-state,Iona,2025,163.0,151.26117,11.73883056640625,147.5,3.76116943359375,1,1,1
indiana-state_vs_tarleton state_20241201,2024-12-01,indiana-state,Tarleton State,2025,158.0,147.25781,10.7421875,143.5,3.7578125,1,1,1
indiana-state_vs_murray state_20241218,2024-12-18,indiana-state,Murray State,2025,158.0,153.85156,4.1484375,153.0,0.8515625,1,1,1
indiana-state_vs_bradley_20250101,2025-01-01,indiana-state,Bradley,2025,179.0,152.80553,26.194473266601562,156.5,-3.6944732666015625,0,1,0
indiana-state_vs_belmont_20250111,2025-01-11,indiana-state,Belmont,2025,163.0,160.92546,2.0745391845703125,171.5,-10.574539184570312,0,0,1
indiana-state_vs_drake_20250118,2025-01-18,indiana-state,Drake,2025,124.0,141.23822,17.23822021484375,138.5,2.73822021484375,1,0,0
indiana-state_vs_northern iowa_20250125,2025-01-25,indiana-state,Northern Iowa,2025,130.0,152.2647,22.264694213867188,155.0,-2.7353057861328125,0,0,1
indiana-state_vs_missouri state_20250129,2025-01-29,indiana-state,Missouri State,2025,139.0,154.01753,15.017532348632812,146.5,7.5175323486328125,1,0,0
indiana-state_vs_valparaiso_20250205,2025-02-05,indiana-state,Valparaiso,2025,142.0,157.15714,15.157135009765625,162.0,-4.842864990234375,0,0,1
indiana-state_vs_illinois state_20250215,2025-02-15,indiana-state,Illinois State,2025,161.0,147.4876,13.512405395507812,156.0,-8.512405395507812,0,1,0
indiana-state_vs_evansville_20250219,2025-02-19,indiana-state,Evansville,2025,153.0,148.19609,4.8039093017578125,149.5,-1.3039093017578125,0,1,0
indiana-state_vs_southern illinois_20250302,2025-03-02,indiana-state,Southern Illinois,2025,172.0,152.88237,19.117630004882812,157.5,-4.6176300048828125,0,1,0
indiana-state_vs_southern illinois_20250306,2025-03-06,indiana-state,Southern Illinois,2025,171.0,152.83041,18.169586181640625,154.0,-1.169586181640625,0,1,0
iona_vs_vermont_20241115,2024-11-15,iona,Vermont,2025,121.0,138.903,17.902999877929688,135.5,3.4029998779296875,1,0,0
iona_vs_cornell_20241125,2024-11-25,iona,Cornell,2025,152.0,149.03247,2.967529296875,157.5,-8.467529296875,0,0,1
iona_vs_tarleton state_20241129,2024-11-29,iona,Tarleton State,2025,113.0,141.84697,28.846969604492188,132.0,9.846969604492188,1,0,0
iona_vs_rice_20241201,2024-12-01,iona,Rice,2025,136.0,139.89142,3.89141845703125,133.5,6.39141845703125,1,1,1
iona_vs_saint peter's_20241208,2024-12-08,iona,Saint Peter's,2025,135.0,135.34006,0.340057373046875,131.0,4.340057373046875,1,1,1
iona_vs_harvard_20241229,2024-12-29,iona,Harvard,2025,128.0,138.60744,10.607437133789062,139.5,-0.8925628662109375,0,0,1
iona_vs_marist_20250103,2025-01-03,iona,Marist,2025,135.0,135.62181,0.6218109130859375,132.5,3.1218109130859375,1,1,1
iona_vs_quinnipiac_20250112,2025-01-12,iona,Quinnipiac,2025,125.0,139.96527,14.96527099609375,145.5,-5.53472900390625,0,0,1
iona_vs_canisius_20250116,2025-01-16,iona,Canisius,2025,143.0,134.29399,8.706008911132812,140.5,-6.2060089111328125,0,1,0
iona_vs_siena_20250125,2025-01-25,iona,Siena,2025,140.0,138.50294,1.4970550537109375,137.5,1.0029449462890625,1,1,1
iona_vs_fairfield_20250202,2025-02-02,iona,Fairfield,2025,151.0,138.98149,12.018508911132812,142.5,-3.5185089111328125,0,1,0
iona_vs_rider_20250214,2025-02-14,iona,Rider,2025,145.0,134.0361,10.963897705078125,139.0,-4.963897705078125,0,1,0
iona_vs_manhattan_20250221,2025-02-21,iona,Manhattan,2025,125.0,147.10207,22.102066040039062,146.0,1.1020660400390625,1,0,0
iona_vs_merrimack_20250223,2025-02-23,iona,Merrimack,2025,147.0,129.72498,17.2750244140625,132.5,-2.7750244140625,0,1,0
iona_vs_sacred heart_20250308,2025-03-08,iona,Sacred Heart,2025,178.0,147.11693,30.883071899414062,149.0,-1.8830718994140625,0,1,0
iona_vs_manhattan_20250313,2025-03-13,iona,Manhattan,2025,142.0,145.16743,3.1674346923828125,144.0,1.1674346923828125,1,0,0
iona_vs_quinnipiac_20250314,2025-03-14,iona,Quinnipiac,2025,154.0,141.11722,12.882781982421875,144.5,-3.382781982421875,0,1,0
iona_vs_mount st. mary's_20250315,2025-03-15,iona,Mount St. Mary's,2025,112.0,139.78078,27.780776977539062,133.5,6.2807769775390625,1,0,0
iowa_vs_washington state_20241115,2024-11-15,iowa,Washington State,2025,142.0,152.38889,10.388885498046875,170.5,-18.111114501953125,0,0,1
iowa_vs_rider_20241119,2024-11-19,iowa,Rider,2025,141.0,150.43527,9.435272216796875,156.5,-6.064727783203125,0,0,1
iowa_vs_utah state_20241122,2024-11-22,iowa,Utah State,2025,146.0,154.38817,8.388168334960938,168.5,-14.111831665039062,0,0,1
iowa_vs_usc upstate_20241126,2024-11-26,iowa,USC Upstate,2025,187.0,160.83438,26.165618896484375,169.0,-8.165618896484375,0,1,0
iowa_vs_northwestern_20241203,2024-12-03,iowa,Northwestern,2025,159.0,148.24072,10.75927734375,147.5,0.74072265625,1,1,1
iowa_vs_iowa state_20241212,2024-12-12,iowa,Iowa State,2025,169.0,154.60214,14.397857666015625,161.0,-6.397857666015625,0,1,0
iowa_vs_new orleans_20241215,2024-12-15,iowa,New Orleans,2025,161.0,158.80696,2.1930389404296875,162.5,-3.6930389404296875,0,0,1
iowa_vs_utah_20241221,2024-12-21,iowa,Utah,2025,183.0,157.59204,25.407958984375,163.5,-5.907958984375,0,1,0
iowa_vs_new hampshire_20241230,2024-12-30,iowa,New Hampshire,2025,182.0,151.24373,30.756271362304688,159.0,-7.7562713623046875,0,1,0
iowa_vs_nebraska_20250107,2025-01-07,iowa,Nebraska,2025,184.0,154.42001,29.579986572265625,159.0,-4.579986572265625,0,1,0
iowa_vs_indiana_20250111,2025-01-11,iowa,Indiana,2025,145.0,157.91966,12.919662475585938,166.0,-8.080337524414062,0,0,1
iowa_vs_minnesota_20250121,2025-01-21,iowa,Minnesota,2025,139.0,154.30598,15.305984497070312,150.5,3.8059844970703125,1,0,0
iowa_vs_penn state_20250124,2025-01-24,iowa,Penn State,2025,151.0,160.72136,9.721359252929688,169.0,-8.278640747070312,0,0,1
iowa_vs_purdue_20250204,2025-02-04,iowa,Purdue,2025,171.0,151.79979,19.200210571289062,156.0,-4.2002105712890625,0,1,0
iowa_vs_wisconsin_20250208,2025-02-08,iowa,Wisconsin,2025,137.0,158.78271,21.78271484375,163.0,-4.21728515625,0,0,1
iowa_vs_oregon_20250219,2025-02-19,iowa,Oregon,2025,158.0,155.6214,2.37860107421875,159.0,-3.37860107421875,0,0,1
iowa_vs_washington_20250222,2025-02-22,iowa,Washington,2025,164.0,157.83095,6.1690521240234375,157.0,0.8309478759765625,1,1,1
iowa_vs_michigan state_20250306,2025-03-06,iowa,Michigan State,2025,175.0,154.31766,20.682342529296875,155.5,-1.182342529296875,0,1,0
iowa_vs_ohio state_20250312,2025-03-12,iowa,Ohio State,2025,147.0,156.038,9.037994384765625,154.5,1.537994384765625,1,0,0
iowa-state_vs_iu indy_20241118,2024-11-18,iowa-state,IU Indy,2025,139.0,146.20285,7.202850341796875,145.5,0.702850341796875,1,0,0
iowa-state_vs_marquette_20241204,2024-12-04,iowa-state,Marquette,2025,151.0,148.74792,2.2520751953125,152.5,-3.7520751953125,0,0,1
iowa-state_vs_jackson state_20241208,2024-12-08,iowa-state,Jackson State,2025,158.0,148.51498,9.485015869140625,145.5,3.014984130859375,1,1,1
iowa-state_vs_omaha_20241215,2024-12-15,iowa-state,Omaha,2025,134.0,146.86166,12.861663818359375,148.5,-1.638336181640625,0,0,1
iowa-state_vs_morgan state_20241222,2024-12-22,iowa-state,Morgan State,2025,171.0,154.79976,16.200241088867188,159.5,-4.7002410888671875,0,1,0
iowa-state_vs_baylor_20250104,2025-01-04,iowa-state,Baylor,2025,129.0,151.2652,22.26519775390625,152.5,-1.23480224609375,0,0,1
iowa-state_vs_utah_20250107,2025-01-07,iowa-state,Utah,2025,141.0,150.32838,9.328384399414062,151.5,-1.1716156005859375,0,0,1
iowa-state_vs_kansas_20250115,2025-01-15,iowa-state,Kansas,2025,131.0,147.82214,16.8221435546875,143.5,4.3221435546875,1,0,0
iowa-state_vs_ucf_20250121,2025-01-21,iowa-state,UCF,2025,191.0,154.15329,36.846710205078125,154.5,-0.346710205078125,0,1,0
iowa-state_vs_kansas state_20250201,2025-02-01,iowa-state,Kansas State,2025,141.0,145.87473,4.874725341796875,143.0,2.874725341796875,1,0,0
iowa-state_vs_tcu_20250208,2025-02-08,iowa-state,TCU,2025,134.0,140.74007,6.7400665283203125,135.0,5.7400665283203125,1,0,0
iowa-state_vs_cincinnati_20250215,2025-02-15,iowa-state,Cincinnati,2025,151.0,137.92722,13.072784423828125,139.0,-1.072784423828125,0,1,0
iowa-state_vs_colorado_20250218,2025-02-18,iowa-state,Colorado,2025,144.0,144.52054,0.520538330078125,142.5,2.020538330078125,1,1,1
iowa-state_vs_arizona_20250301,2025-03-01,iowa-state,Arizona,2025,151.0,152.60335,1.6033477783203125,152.5,0.1033477783203125,1,0,0
iowa-state_vs_brigham young_20250304,2025-03-04,iowa-state,Brigham Young,2025,173.0,145.345,27.654998779296875,149.5,-4.154998779296875,0,1,0
iowa-state_vs_lipscomb_20250321,2025-03-21,iowa-state,Lipscomb,2025,137.0,142.95805,5.9580535888671875,143.5,-0.5419464111328125,0,0,1
iupui_vs_eastern michigan_20241114,2024-11-14,iupui,Eastern Michigan,2025,145.0,147.9993,2.999298095703125,137.5,10.499298095703125,1,1,1
iupui_vs_south carolina state_20241123,2024-11-23,iupui,South Carolina State,2025,134.0,148.3918,14.391799926757812,143.0,5.3917999267578125,1,0,0
iupui_vs_green bay_20241204,2024-12-04,iupui,Green Bay,2025,159.0,152.03947,6.9605255126953125,153.0,-0.9605255126953125,0,1,0
iupui_vs_northern kentucky_20241207,2024-12-07,iupui,Northern Kentucky,2025,130.0,141.64629,11.646286010742188,140.0,1.6462860107421875,1,0,0
iupui_vs_youngstown state_20250101,2025-01-01,iupui,Youngstown State,2025,138.0,145.55197,7.551971435546875,141.5,4.051971435546875,1,0,0
iupui_vs_detroit mercy_20250109,2025-01-09,iupui,Detroit Mercy,2025,156.0,144.4698,11.530197143554688,138.5,5.9698028564453125,1,1,1
iupui_vs_cleveland state_20250119,2025-01-19,iupui,Cleveland State,2025,135.0,142.93721,7.9372100830078125,140.0,2.9372100830078125,1,0,0
iupui_vs_milwaukee_20250205,2025-02-05,iupui,Milwaukee,2025,164.0,147.76042,16.239578247070312,151.0,-3.2395782470703125,0,1,0
iupui_vs_oakland_20250212,2025-02-12,iupui,Oakland,2025,149.0,143.16733,5.832672119140625,145.5,-2.332672119140625,0,1,0
iupui_vs_robert morris_20250227,2025-02-27,iupui,Robert Morris,2025,150.0,146.36661,3.633392333984375,151.0,-4.633392333984375,0,0,1
iupui_vs_wright state_20250301,2025-03-01,iupui,Wright State,2025,175.0,149.36258,25.637420654296875,153.0,-3.637420654296875,0,1,0
jackson-state_vs_alabama state_20250111,2025-01-11,jackson-state,Alabama State,2025,147.0,146.57515,0.4248504638671875,146.5,0.0751495361328125,1,1,1
jackson-state_vs_alabama a&m_20250113,2025-01-13,jackson-state,Alabama A&M,2025,196.0,143.41588,52.58412170410156,143.5,-0.0841217041015625,0,1,0
jackson-state_vs_bethune-cookman_20250125,2025-01-25,jackson-state,Bethune-Cookman,2025,167.0,139.2015,27.798492431640625,139.5,-0.298492431640625,0,1,0
jackson-state_vs_florida a&m_20250127,2025-01-27,jackson-state,Florida A&M,2025,134.0,142.92108,8.92108154296875,142.0,0.92108154296875,1,0,0
jackson-state_vs_mississippi valley state_20250208,2025-02-08,jackson-state,Mississippi Valley State,2025,136.0,132.40686,3.5931396484375,135.0,-2.5931396484375,0,1,0
jackson-state_vs_arkansasâpine bluff_20250210,2025-02-10,jackson-state,ArkansasâPine Bluff,2025,172.0,151.12202,20.877975463867188,153.0,-1.8779754638671875,0,1,0
jackson-state_vs_alcorn state_20250222,2025-02-22,jackson-state,Alcorn State,2025,134.0,143.55278,9.552780151367188,142.5,1.0527801513671875,1,0,0
jackson-state_vs_texas southern_20250301,2025-03-01,jackson-state,Texas Southern,2025,119.0,150.31847,31.318466186523438,143.5,6.8184661865234375,1,0,0
jacksonville_vs_south carolina state_20241114,2024-11-14,jacksonville,South Carolina State,2025,133.0,149.11604,16.116043090820312,145.5,3.6160430908203125,1,0,0
jacksonville_vs_mercer_20241125,2024-11-25,jacksonville,Mercer,2025,179.0,153.00339,25.996612548828125,147.0,6.003387451171875,1,1,1
jacksonville_vs_siena_20241126,2024-11-26,jacksonville,Siena,2025,139.0,143.84305,4.843048095703125,129.5,14.343048095703125,1,1,1
jacksonville_vs_east tennessee state_20241214,2024-12-14,jacksonville,East Tennessee State,2025,112.0,148.72688,36.72688293457031,148.0,0.7268829345703125,1,0,0
jacksonville_vs_lipscomb_20250102,2025-01-02,jacksonville,Lipscomb,2025,135.0,146.69312,11.693115234375,141.5,5.193115234375,1,0,0
jacksonville_vs_austin peay_20250104,2025-01-04,jacksonville,Austin Peay,2025,112.0,134.23126,22.23126220703125,130.5,3.73126220703125,1,0,0
jacksonville_vs_north alabama_20250116,2025-01-16,jacksonville,North Alabama,2025,124.0,142.10414,18.104141235351562,142.5,-0.3958587646484375,0,0,1
jacksonville_vs_central arkansas_20250118,2025-01-18,jacksonville,Central Arkansas,2025,134.0,145.17798,11.177978515625,137.0,8.177978515625,1,0,0
jacksonville_vs_florida gulf coast_20250129,2025-01-29,jacksonville,Florida Gulf Coast,2025,162.0,135.05135,26.948654174804688,136.5,-1.4486541748046875,0,1,0
jacksonville_vs_north florida_20250201,2025-02-01,jacksonville,North Florida,2025,159.0,155.01807,3.98193359375,159.5,-4.48193359375,0,0,1
jacksonville_vs_bellarmine_20250208,2025-02-08,jacksonville,Bellarmine,2025,137.0,143.33641,6.3364105224609375,143.0,0.3364105224609375,1,0,0
jacksonville_vs_eastern kentucky_20250224,2025-02-24,jacksonville,Eastern Kentucky,2025,114.0,149.07114,35.071136474609375,147.5,1.571136474609375,1,0,0
jacksonville_vs_stetson_20250226,2025-02-26,jacksonville,Stetson,2025,151.0,144.59102,6.4089813232421875,142.5,2.0910186767578125,1,1,1
jacksonville_vs_eastern kentucky_20250303,2025-03-03,jacksonville,Eastern Kentucky,2025,145.0,146.60385,1.603851318359375,142.5,4.103851318359375,1,1,1
jacksonville-state_vs_toledo_20241122,2024-11-22,jacksonville-state,Toledo,2025,162.0,150.3255,11.67449951171875,154.0,-3.67449951171875,0,1,0
jacksonville-state_vs_james madison_20241123,2024-11-23,jacksonville-state,James Madison,2025,136.0,145.18816,9.188156127929688,140.0,5.1881561279296875,1,0,0
jacksonville-state_vs_utah valley_20241214,2024-12-14,jacksonville-state,Utah Valley,2025,136.0,144.89296,8.892959594726562,140.5,4.3929595947265625,1,0,0
jacksonville-state_vs_louisiana tech_20250116,2025-01-16,jacksonville-state,Louisiana Tech,2025,124.0,147.30872,23.3087158203125,138.5,8.8087158203125,1,0,0
jacksonville-state_vs_sam houston state_20250118,2025-01-18,jacksonville-state,Sam Houston State,2025,132.0,153.47598,21.475982666015625,146.5,6.975982666015625,1,0,0
jacksonville-state_vs_florida international_20250130,2025-01-30,jacksonville-state,Florida International,2025,138.0,144.626,6.626007080078125,140.0,4.626007080078125,1,0,0
jacksonville-state_vs_liberty_20250201,2025-02-01,jacksonville-state,Liberty,2025,133.0,140.93349,7.9334869384765625,136.5,4.4334869384765625,1,0,0
jacksonville-state_vs_middle tennessee_20250206,2025-02-06,jacksonville-state,Middle Tennessee,2025,140.0,146.59903,6.599029541015625,141.5,5.099029541015625,1,0,0
jacksonville-state_vs_western kentucky_20250208,2025-02-08,jacksonville-state,Western Kentucky,2025,168.0,152.09717,15.90283203125,144.5,7.59716796875,1,1,1
jacksonville-state_vs_new mexico state_20250220,2025-02-20,jacksonville-state,New Mexico State,2025,113.0,139.92096,26.92095947265625,135.5,4.42095947265625,1,0,0
jacksonville-state_vs_utep_20250222,2025-02-22,jacksonville-state,UTEP,2025,138.0,141.10718,3.107177734375,138.5,2.607177734375,1,0,0
jacksonville-state_vs_kennesaw state_20250308,2025-03-08,jacksonville-state,Kennesaw State,2025,144.0,147.28026,3.2802581787109375,144.5,2.7802581787109375,1,0,0
jacksonville-state_vs_middle tennessee_20250314,2025-03-14,jacksonville-state,Middle Tennessee,2025,138.0,142.8224,4.8224029541015625,137.0,5.8224029541015625,1,1,1
jacksonville-state_vs_liberty_20250315,2025-03-15,jacksonville-state,Liberty,2025,146.0,136.9347,9.0653076171875,131.5,5.4346923828125,1,1,1
james-madison_vs_george mason_20241129,2024-11-29,james-madison,George Mason,2025,127.0,144.5678,17.567794799804688,140.5,4.0677947998046875,1,0,0
james-madison_vs_east tennessee state_20241203,2024-12-03,james-madison,East Tennessee State,2025,132.0,140.71318,8.713180541992188,142.0,-1.2868194580078125,0,0,1
james-madison_vs_utah valley_20241207,2024-12-07,james-madison,Utah Valley,2025,139.0,139.91393,0.9139251708984375,141.0,-1.0860748291015625,0,0,1
james-madison_vs_southern mississippi_20250102,2025-01-02,james-madison,Southern Mississippi,2025,155.0,147.06421,7.935791015625,140.5,6.564208984375,1,1,1
james-madison_vs_arkansas state_20250104,2025-01-04,james-madison,Arkansas State,2025,129.0,152.75755,23.757553100585938,148.0,4.7575531005859375,1,0,0
james-madison_vs_marshall_20250116,2025-01-16,james-madison,Marshall,2025,131.0,147.57553,16.575531005859375,145.5,2.075531005859375,1,0,0
james-madison_vs_appalachian state_20250118,2025-01-18,james-madison,Appalachian State,2025,108.0,136.45912,28.459121704101562,133.5,2.9591217041015625,1,0,0
james-madison_vs_coastal carolina_20250130,2025-01-30,james-madison,Coastal Carolina,2025,137.0,137.37292,0.3729248046875,134.0,3.3729248046875,1,1,1
james-madison_vs_old dominion_20250201,2025-02-01,james-madison,Old Dominion,2025,122.0,142.6766,20.676605224609375,138.5,4.176605224609375,1,0,0
james-madison_vs_troy_20250205,2025-02-05,james-madison,Troy,2025,125.0,139.74118,14.741180419921875,135.5,4.241180419921875,1,0,0
james-madison_vs_georgia state_20250220,2025-02-20,james-madison,Georgia State,2025,146.0,148.2834,2.2834014892578125,148.5,-0.2165985107421875,0,0,1
james-madison_vs_georgia southern_20250222,2025-02-22,james-madison,Georgia Southern,2025,151.0,147.94806,3.05194091796875,146.5,1.44805908203125,1,1,1
james-madison_vs_troy_20250309,2025-03-09,james-madison,Troy,2025,139.0,139.41315,0.41314697265625,134.0,5.41314697265625,1,1,1
kansas_vs_oakland_20241116,2024-11-16,kansas,Oakland,2025,135.0,148.15561,13.155609130859375,146.0,2.155609130859375,1,0,0
kansas_vs_unc wilmington_20241119,2024-11-19,kansas,UNC Wilmington,2025,150.0,159.6077,9.607696533203125,160.5,-0.892303466796875,0,0,1
kansas_vs_furman_20241130,2024-11-30,kansas,Furman,2025,137.0,149.11107,12.111068725585938,147.5,1.6110687255859375,1,0,0
kansas_vs_nc state_20241214,2024-12-14,kansas,NC State,2025,135.0,140.54187,5.5418701171875,142.5,-1.9581298828125,0,0,1
kansas_vs_brown_20241222,2024-12-22,kansas,Brown,2025,140.0,143.48325,3.483245849609375,146.5,-3.016754150390625,0,0,1
kansas_vs_west virginia_20241231,2024-12-31,kansas,West Virginia,2025,123.0,145.41959,22.419586181640625,141.5,3.919586181640625,1,0,0
kansas_vs_arizona state_20250108,2025-01-08,kansas,Arizona State,2025,129.0,146.84273,17.842727661132812,145.0,1.8427276611328125,1,0,0
kansas_vs_kansas state_20250118,2025-01-18,kansas,Kansas State,2025,158.0,141.27437,16.725631713867188,139.5,1.7743682861328125,1,1,1
kansas_vs_houston_20250125,2025-01-25,kansas,Houston,2025,178.0,133.36072,44.6392822265625,127.5,5.8607177734375,1,1,1
kansas_vs_ucf_20250128,2025-01-28,kansas,UCF,2025,178.0,153.43654,24.563461303710938,152.0,1.4365386962890625,1,1,1
kansas_vs_iowa state_20250203,2025-02-03,kansas,Iowa State,2025,121.0,149.03856,28.038558959960938,146.5,2.5385589599609375,1,0,0
kansas_vs_colorado_20250211,2025-02-11,kansas,Colorado,2025,130.0,141.38977,11.3897705078125,142.5,-1.1102294921875,0,0,1
kansas_vs_oklahoma state_20250222,2025-02-22,kansas,Oklahoma State,2025,160.0,145.65672,14.343276977539062,150.5,-4.8432769775390625,0,1,0
kansas_vs_texas tech_20250301,2025-03-01,kansas,Texas Tech,2025,151.0,142.95996,8.0400390625,144.5,-1.5400390625,0,1,0
kansas_vs_arizona_20250308,2025-03-08,kansas,Arizona,2025,159.0,150.10551,8.894485473632812,154.0,-3.8944854736328125,0,1,0
kansas-state_vs_louisiana state_20241114,2024-11-14,kansas-state,Louisiana State,2025,141.0,146.49272,5.4927215576171875,148.5,-2.0072784423828125,0,0,1
kansas-state_vs_mississippi valley state_20241119,2024-11-19,kansas-state,Mississippi Valley State,2025,130.0,136.35062,6.350616455078125,136.5,-0.149383544921875,0,0,1
kansas-state_vs_liberty_20241124,2024-11-24,kansas-state,Liberty,2025,132.0,136.92455,4.9245452880859375,133.0,3.9245452880859375,1,0,0
kansas-state_vs_longwood_20241125,2024-11-25,kansas-state,Longwood,2025,144.0,143.53601,0.4639892578125,142.5,1.0360107421875,1,1,1
kansas-state_vs_arkansasâpine bluff_20241201,2024-12-01,kansas-state,ArkansasâPine Bluff,2025,193.0,149.35857,43.64143371582031,158.0,-8.641433715820312,0,1,0
kansas-state_vs_drake_20241217,2024-12-17,kansas-state,Drake,2025,143.0,135.87479,7.125213623046875,133.5,2.374786376953125,1,1,1
kansas-state_vs_cincinnati_20241230,2024-12-30,kansas-state,Cincinnati,2025,137.0,137.80438,0.80438232421875,139.0,-1.19561767578125,0,0,1
kansas-state_vs_houston_20250111,2025-01-11,kansas-state,Houston,2025,144.0,135.45877,8.541229248046875,129.5,5.958770751953125,1,1,1
kansas-state_vs_texas tech_20250114,2025-01-14,kansas-state,Texas Tech,2025,118.0,146.85922,28.859222412109375,144.5,2.359222412109375,1,0,0
kansas-state_vs_west virginia_20250125,2025-01-25,kansas-state,West Virginia,2025,133.0,137.39555,4.3955535888671875,131.0,6.3955535888671875,1,1,1
kansas-state_vs_oklahoma state_20250129,2025-01-29,kansas-state,Oklahoma State,2025,142.0,141.30481,0.6951904296875,142.5,-1.1951904296875,0,0,1
kansas-state_vs_kansas_20250208,2025-02-08,kansas-state,Kansas,2025,154.0,141.35838,12.641616821289062,140.5,0.8583831787109375,1,1,1
kansas-state_vs_arizona_20250211,2025-02-11,kansas-state,Arizona,2025,143.0,148.80026,5.800262451171875,150.0,-1.199737548828125,0,0,1
kansas-state_vs_arizona state_20250223,2025-02-23,kansas-state,Arizona State,2025,120.0,146.53241,26.53240966796875,146.5,0.03240966796875,1,0,0
kansas-state_vs_colorado_20250302,2025-03-02,kansas-state,Colorado,2025,121.0,139.85109,18.851089477539062,141.5,-1.6489105224609375,0,0,1
kansas-state_vs_iowa state_20250308,2025-03-08,kansas-state,Iowa State,2025,130.0,142.14055,12.140548706054688,142.5,-0.3594512939453125,0,0,1
kennesaw-state_vs_presbyterian_20241116,2024-11-16,kennesaw-state,Presbyterian,2025,152.0,153.28972,1.2897186279296875,159.0,-5.7102813720703125,0,0,1
kennesaw-state_vs_abilene christian_20241120,2024-11-20,kennesaw-state,Abilene Christian,2025,162.0,160.9256,1.07440185546875,157.0,3.92559814453125,1,1,1
kennesaw-state_vs_rutgers_20241124,2024-11-24,kennesaw-state,Rutgers,2025,156.0,151.27943,4.7205657958984375,157.5,-6.2205657958984375,0,0,1
kennesaw-state_vs_towson_20241129,2024-11-29,kennesaw-state,Towson,2025,130.0,146.72054,16.720535278320312,144.5,2.2205352783203125,1,0,0
kennesaw-state_vs_kent state_20241130,2024-11-30,kennesaw-state,Kent State,2025,127.0,141.93216,14.932159423828125,140.5,1.432159423828125,1,0,0
kennesaw-state_vs_jacksonville state_20250104,2025-01-04,kennesaw-state,Jacksonville State,2025,154.0,153.28864,0.71136474609375,154.5,-1.21136474609375,0,0,1
kennesaw-state_vs_sam houston state_20250116,2025-01-16,kennesaw-state,Sam Houston State,2025,144.0,158.0317,14.031692504882812,161.5,-3.4683074951171875,0,0,1
kennesaw-state_vs_louisiana tech_20250118,2025-01-18,kennesaw-state,Louisiana Tech,2025,154.0,148.9157,5.0843048095703125,146.5,2.4156951904296875,1,1,1
kennesaw-state_vs_liberty_20250130,2025-01-30,kennesaw-state,Liberty,2025,144.0,143.56633,0.4336700439453125,148.0,-4.4336700439453125,0,0,1
kennesaw-state_vs_florida international_20250201,2025-02-01,kennesaw-state,Florida International,2025,140.0,150.95653,10.956527709960938,152.5,-1.5434722900390625,0,0,1
kennesaw-state_vs_western kentucky_20250206,2025-02-06,kennesaw-state,Western Kentucky,2025,145.0,155.82675,10.826751708984375,157.5,-1.673248291015625,0,0,1
kennesaw-state_vs_middle tennessee_20250208,2025-02-08,kennesaw-state,Middle Tennessee,2025,151.0,151.16327,0.16326904296875,152.0,-0.83673095703125,0,0,1
kennesaw-state_vs_utep_20250220,2025-02-20,kennesaw-state,UTEP,2025,156.0,147.08234,8.91766357421875,148.0,-0.91766357421875,0,1,0
kennesaw-state_vs_new mexico state_20250222,2025-02-22,kennesaw-state,New Mexico State,2025,109.0,144.51389,35.513885498046875,145.0,-0.486114501953125,0,0,1
kennesaw-state_vs_new mexico state_20250313,2025-03-13,kennesaw-state,New Mexico State,2025,157.0,139.489,17.511001586914062,136.5,2.9889984130859375,1,1,1
kennesaw-state_vs_liberty_20250314,2025-03-14,kennesaw-state,Liberty,2025,160.0,138.86922,21.130783081054688,142.0,-3.1307830810546875,0,1,0
kent-state_vs_niagara_20241121,2024-11-21,kent-state,Niagara,2025,149.0,143.49532,5.5046844482421875,137.0,6.4953155517578125,1,1,1
kent-state_vs_towson_20241128,2024-11-28,kent-state,Towson,2025,119.0,129.43729,10.437286376953125,131.5,-2.062713623046875,0,0,1
kent-state_vs_portland_20241206,2024-12-06,kent-state,Portland,2025,133.0,142.51799,9.517990112304688,140.5,2.0179901123046875,1,0,0
kent-state_vs_mercyhurst_20241215,2024-12-15,kent-state,Mercyhurst,2025,139.0,129.78098,9.219024658203125,127.5,2.280975341796875,1,1,1
kent-state_vs_ball state_20250104,2025-01-04,kent-state,Ball State,2025,142.0,137.00798,4.9920196533203125,139.0,-1.9920196533203125,0,1,0
kent-state_vs_miami (oh)_20250118,2025-01-18,kent-state,Miami (OH),2025,131.0,142.03033,11.03033447265625,142.0,0.03033447265625,1,0,0
kent-state_vs_bowling green_20250128,2025-01-28,kent-state,Bowling Green,2025,132.0,140.81726,8.8172607421875,141.0,-0.1827392578125,0,0,1
kent-state_vs_akron_20250131,2025-01-31,kent-state,Akron,2025,156.0,148.65927,7.340728759765625,144.5,4.159271240234375,1,1,1
kent-state_vs_arkansas state_20250208,2025-02-08,kent-state,Arkansas State,2025,151.0,140.1315,10.868499755859375,142.0,-1.868499755859375,0,1,0
kent-state_vs_central michigan_20250211,2025-02-11,kent-state,Central Michigan,2025,174.0,139.3145,34.68550109863281,135.5,3.8144989013671875,1,1,1
kent-state_vs_ohio_20250214,2025-02-14,kent-state,Ohio,2025,151.0,146.80428,4.1957244873046875,148.5,-1.6957244873046875,0,1,0
kent-state_vs_toledo_20250225,2025-02-25,kent-state,Toledo,2025,170.0,145.49956,24.500442504882812,150.0,-4.5004425048828125,0,1,0
kent-state_vs_eastern michigan_20250307,2025-03-07,kent-state,Eastern Michigan,2025,146.0,144.76071,1.239288330078125,147.5,-2.739288330078125,0,0,1
kent-state_vs_miami (oh)_20250314,2025-03-14,kent-state,Miami (OH),2025,136.0,145.46855,9.468551635742188,146.5,-1.0314483642578125,0,0,1
kentucky_vs_lipscomb_20241119,2024-11-19,kentucky,Lipscomb,2025,165.0,155.74623,9.253768920898438,158.5,-2.7537689208984375,0,1,0
kentucky_vs_jackson state_20241122,2024-11-22,kentucky,Jackson State,2025,167.0,152.83475,14.165252685546875,156.5,-3.665252685546875,0,1,0
kentucky_vs_western kentucky_20241126,2024-11-26,kentucky,Western Kentucky,2025,155.0,158.01576,3.0157623291015625,165.0,-6.9842376708984375,0,0,1
kentucky_vs_georgia state_20241129,2024-11-29,kentucky,Georgia State,2025,181.0,153.3088,27.691192626953125,162.0,-8.691192626953125,0,1,0
kentucky_vs_colgate_20241211,2024-12-11,kentucky,Colgate,2025,145.0,151.43904,6.4390411376953125,156.5,-5.0609588623046875,0,0,1
kentucky_vs_louisville_20241214,2024-12-14,kentucky,Louisville,2025,178.0,151.48717,26.512832641601562,160.5,-9.012832641601562,0,1,0
kentucky_vs_ohio state_20241221,2024-12-21,kentucky,Ohio State,2025,150.0,152.7091,2.7091064453125,159.0,-6.2908935546875,0,0,1
kentucky_vs_brown_20241231,2024-12-31,kentucky,Brown,2025,142.0,151.93085,9.93084716796875,154.5,-2.56915283203125,0,0,1
kentucky_vs_florida_20250104,2025-01-04,kentucky,Florida,2025,206.0,155.46848,50.531524658203125,166.0,-10.531524658203125,0,1,0
kentucky_vs_texas a&m_20250114,2025-01-14,kentucky,Texas A&M,2025,150.0,153.40427,3.404266357421875,157.0,-3.595733642578125,0,0,1
kentucky_vs_alabama_20250118,2025-01-18,kentucky,Alabama,2025,199.0,160.16449,38.83551025390625,178.0,-17.83551025390625,0,1,0
kentucky_vs_arkansas_20250201,2025-02-01,kentucky,Arkansas,2025,168.0,154.95464,13.045364379882812,156.0,-1.0453643798828125,0,1,0
kentucky_vs_south carolina_20250208,2025-02-08,kentucky,South Carolina,2025,137.0,150.12749,13.127487182617188,151.0,-0.8725128173828125,0,0,1
kentucky_vs_tennessee_20250211,2025-02-11,kentucky,Tennessee,2025,139.0,144.81316,5.8131561279296875,146.5,-1.6868438720703125,0,0,1
kentucky_vs_vanderbilt_20250219,2025-02-19,kentucky,Vanderbilt,2025,143.0,156.32446,13.324462890625,162.5,-6.175537109375,0,0,1
kentucky_vs_auburn_20250301,2025-03-01,kentucky,Auburn,2025,172.0,153.90854,18.091461181640625,166.0,-12.091461181640625,0,1,0
kentucky_vs_louisiana state_20250304,2025-03-04,kentucky,Louisiana State,2025,159.0,155.44122,3.55877685546875,156.5,-1.05877685546875,0,1,0
kentucky_vs_oklahoma_20250313,2025-03-13,kentucky,Oklahoma,2025,169.0,152.75647,16.2435302734375,160.5,-7.7435302734375,0,1,0
kentucky_vs_troy_20250321,2025-03-21,kentucky,Troy,2025,133.0,147.33894,14.338943481445312,152.0,-4.6610565185546875,0,0,1
kentucky_vs_tennessee_20250328,2025-03-28,kentucky,Tennessee,2025,143.0,143.35173,0.3517303466796875,145.5,-2.1482696533203125,0,0,1
lafayette_vs_liu_20241129,2024-11-29,lafayette,LIU,2025,131.0,137.24522,6.2452239990234375,141.5,-4.2547760009765625,0,0,1
lafayette_vs_niagara_20241130,2024-11-30,lafayette,Niagara,2025,106.0,138.02078,32.020782470703125,135.0,3.020782470703125,1,0,0
lafayette_vs_binghamton_20241201,2024-12-01,lafayette,Binghamton,2025,163.0,130.17033,32.82966613769531,126.5,3.6703338623046875,1,1,1
lafayette_vs_stonehill_20241229,2024-12-29,lafayette,Stonehill,2025,135.0,136.70903,1.7090301513671875,134.5,2.2090301513671875,1,1,1
lafayette_vs_boston university_20250102,2025-01-02,lafayette,Boston University,2025,106.0,133.80048,27.80047607421875,128.5,5.30047607421875,1,0,0
lafayette_vs_holy cross_20250111,2025-01-11,lafayette,Holy Cross,2025,147.0,133.55225,13.44775390625,131.5,2.05224609375,1,1,1
lafayette_vs_colgate_20250118,2025-01-18,lafayette,Colgate,2025,157.0,133.07303,23.926971435546875,132.0,1.073028564453125,1,1,1
lafayette_vs_american_20250129,2025-01-29,lafayette,American,2025,143.0,132.97433,10.025665283203125,132.0,0.974334716796875,1,1,1
lafayette_vs_loyola (md)_20250205,2025-02-05,lafayette,Loyola (MD),2025,129.0,135.58472,6.584716796875,140.0,-4.415283203125,0,0,1
lafayette_vs_navy_20250208,2025-02-08,lafayette,Navy,2025,112.0,135.03055,23.030548095703125,138.0,-2.969451904296875,0,0,1
lafayette_vs_bucknell_20250215,2025-02-15,lafayette,Bucknell,2025,144.0,140.85556,3.144439697265625,135.0,5.855560302734375,1,1,1
lafayette_vs_lehigh_20250222,2025-02-22,lafayette,Lehigh,2025,148.0,135.4323,12.567703247070312,133.5,1.9322967529296875,1,1,1
lafayette_vs_army_20250225,2025-02-25,lafayette,Army,2025,146.0,138.58276,7.417236328125,138.5,0.082763671875,1,1,1
lafayette_vs_holy cross_20250304,2025-03-04,lafayette,Holy Cross,2025,137.0,136.42648,0.573516845703125,137.0,-0.573516845703125,0,0,1
lamar_vs_sam houston state_20241117,2024-11-17,lamar,Sam Houston State,2025,157.0,160.45572,3.455718994140625,149.5,10.955718994140625,1,1,1
lamar_vs_omaha_20241124,2024-11-24,lamar,Omaha,2025,124.0,151.50275,27.50274658203125,150.0,1.50274658203125,1,0,0
lamar_vs_incarnate word_20250106,2025-01-06,lamar,Incarnate Word,2025,130.0,140.56493,10.564926147460938,136.5,4.0649261474609375,1,0,0
lamar_vs_stephen f. austin_20250111,2025-01-11,lamar,Stephen F. Austin,2025,135.0,133.22806,1.771942138671875,131.5,1.728057861328125,1,1,1
lamar_vs_new orleans_20250113,2025-01-13,lamar,New Orleans,2025,130.0,144.88864,14.888641357421875,147.5,-2.611358642578125,0,0,1
lamar_vs_texas a&mâcommerce_20250125,2025-01-25,lamar,Texas A&MâCommerce,2025,119.0,137.85284,18.85284423828125,,,0,0,1
lamar_vs_northwestern state_20250127,2025-01-27,lamar,Northwestern State,2025,128.0,136.49338,8.493377685546875,130.5,5.993377685546875,1,0,0
lamar_vs_texas a&mâcorpus christi_20250210,2025-02-10,lamar,Texas A&MâCorpus Christi,2025,123.0,146.93405,23.934051513671875,,,0,0,1
lamar_vs_mcneese state_20250301,2025-03-01,lamar,McNeese State,2025,134.0,136.54587,2.545867919921875,135.5,1.045867919921875,1,0,0
lamar_vs_mcneese state_20250312,2025-03-12,lamar,McNeese State,2025,117.0,136.00317,19.003173828125,133.5,2.503173828125,1,0,0
la-salle_vs_stetson_20241123,2024-11-23,la-salle,Stetson,2025,169.0,144.89528,24.104721069335938,146.5,-1.6047210693359375,0,1,0
la-salle_vs_temple_20241130,2024-11-30,la-salle,Temple,2025,158.0,149.70357,8.296432495117188,150.5,-0.7964324951171875,0,1,0
la-salle_vs_saint joseph's_20241207,2024-12-07,la-salle,Saint Joseph's,2025,150.0,146.23177,3.7682342529296875,152.5,-6.2682342529296875,0,0,1
la-salle_vs_loyola chicago_20250108,2025-01-08,la-salle,Loyola Chicago,2025,147.0,147.00269,0.002685546875,148.0,-0.997314453125,0,0,1
la-salle_vs_davidson_20250115,2025-01-15,la-salle,Davidson,2025,155.0,149.17427,5.8257293701171875,149.0,0.1742706298828125,1,1,1
la-salle_vs_rhode island_20250125,2025-01-25,la-salle,Rhode Island,2025,134.0,149.03062,15.030624389648438,156.5,-7.4693756103515625,0,0,1
la-salle_vs_fordham_20250129,2025-01-29,la-salle,Fordham,2025,160.0,152.96756,7.032440185546875,148.5,4.467559814453125,1,1,1
la-salle_vs_george washington_20250201,2025-02-01,la-salle,George Washington,2025,140.0,147.971,7.9709930419921875,146.5,1.4709930419921875,1,0,0
la-salle_vs_massachusetts_20250209,2025-02-09,la-salle,Massachusetts,2025,133.0,155.3613,22.361297607421875,153.0,2.361297607421875,1,0,0
la-salle_vs_richmond_20250219,2025-02-19,la-salle,Richmond,2025,121.0,146.63525,25.63525390625,138.5,8.13525390625,1,0,0
la-salle_vs_duquesne_20250226,2025-02-26,la-salle,Duquesne,2025,129.0,140.48363,11.483627319335938,140.5,-0.0163726806640625,0,0,1
la-salle_vs_saint joseph's_20250308,2025-03-08,la-salle,Saint Joseph's,2025,155.0,147.03694,7.9630584716796875,146.0,1.0369415283203125,1,1,1
la-salle_vs_massachusetts_20250312,2025-03-12,la-salle,Massachusetts,2025,149.0,148.81532,0.1846771240234375,145.5,3.3153228759765625,1,1,1
la-salle_vs_saint joseph's_20250313,2025-03-13,la-salle,Saint Joseph's,2025,145.0,145.6894,0.6894073486328125,144.0,1.6894073486328125,1,1,1
lehigh_vs_georgetown_20241106,2024-11-06,lehigh,Georgetown,2025,162.0,135.13553,26.864471435546875,148.5,-13.364471435546875,0,1,0
lehigh_vs_marist_20241130,2024-11-30,lehigh,Marist,2025,143.0,139.19438,3.8056182861328125,139.5,-0.3056182861328125,0,1,0
lehigh_vs_monmouth_20241204,2024-12-04,lehigh,Monmouth,2025,153.0,145.59032,7.4096832275390625,144.5,1.0903167724609375,1,1,1
lehigh_vs_bucknell_20250102,2025-01-02,lehigh,Bucknell,2025,130.0,146.75891,16.7589111328125,140.5,6.2589111328125,1,0,0
lehigh_vs_army_20250111,2025-01-11,lehigh,Army,2025,143.0,148.911,5.9109954833984375,144.5,4.4109954833984375,1,0,0
lehigh_vs_loyola (md)_20250118,2025-01-18,lehigh,Loyola (MD),2025,136.0,140.74275,4.7427520751953125,142.5,-1.7572479248046875,0,0,1
lehigh_vs_lafayette_20250125,2025-01-25,lehigh,Lafayette,2025,133.0,137.12051,4.120513916015625,136.0,1.120513916015625,1,0,0
lehigh_vs_navy_20250129,2025-01-29,lehigh,Navy,2025,133.0,137.56837,4.5683746337890625,138.0,-0.4316253662109375,0,0,1
lehigh_vs_colgate_20250203,2025-02-03,lehigh,Colgate,2025,162.0,136.3771,25.622894287109375,141.0,-4.622894287109375,0,1,0
lehigh_vs_american_20250208,2025-02-08,lehigh,American,2025,153.0,134.42845,18.571548461914062,133.0,1.4284515380859375,1,1,1
lehigh_vs_holy cross_20250215,2025-02-15,lehigh,Holy Cross,2025,132.0,136.71735,4.71734619140625,139.0,-2.28265380859375,0,0,1
lehigh_vs_boston university_20250226,2025-02-26,lehigh,Boston University,2025,147.0,134.51375,12.486251831054688,130.5,4.0137481689453125,1,1,1
le-moyne_vs_cal state northridge_20241106,2024-11-06,le-moyne,Cal State Northridge,2025,172.0,153.54242,18.45758056640625,153.5,0.04241943359375,1,1,1
le-moyne_vs_ut martin_20241122,2024-11-22,le-moyne,UT Martin,2025,118.0,153.81024,35.81024169921875,144.5,9.31024169921875,1,0,0
le-moyne_vs_army_20241203,2024-12-03,le-moyne,Army,2025,203.0,147.74345,55.25654602050781,142.5,5.2434539794921875,1,1,1
le-moyne_vs_binghamton_20241207,2024-12-07,le-moyne,Binghamton,2025,134.0,146.44948,12.449478149414062,140.0,6.4494781494140625,1,0,0
le-moyne_vs_mercyhurst_20250112,2025-01-12,le-moyne,Mercyhurst,2025,142.0,134.94972,7.0502777099609375,136.5,-1.5502777099609375,0,1,0
le-moyne_vs_stonehill_20250120,2025-01-20,le-moyne,Stonehill,2025,145.0,147.77637,2.7763671875,142.5,5.2763671875,1,1,1
le-moyne_vs_central connecticut state_20250124,2025-01-24,le-moyne,Central Connecticut State,2025,163.0,135.9694,27.030593872070312,136.5,-0.5305938720703125,0,1,0
le-moyne_vs_wagner_20250213,2025-02-13,le-moyne,Wagner,2025,140.0,131.00586,8.994140625,131.5,-0.494140625,0,1,0
le-moyne_vs_chicago state_20250215,2025-02-15,le-moyne,Chicago State,2025,155.0,144.31015,10.689849853515625,148.5,-4.189849853515625,0,1,0
le-moyne_vs_saint francis (pa)_20250220,2025-02-20,le-moyne,Saint Francis (PA),2025,157.0,149.25851,7.741485595703125,151.0,-1.741485595703125,0,1,0
le-moyne_vs_liu_20250222,2025-02-22,le-moyne,LIU,2025,137.0,134.36938,2.630615234375,136.5,-2.130615234375,0,1,0
liberty_vs_louisiana_20241122,2024-11-22,liberty,Louisiana,2025,158.0,136.5108,21.48919677734375,133.0,3.51080322265625,1,1,1
liberty_vs_mcneese state_20241125,2024-11-25,liberty,McNeese State,2025,120.0,135.93648,15.936477661132812,134.0,1.9364776611328125,1,0,0
liberty_vs_mississippi valley state_20241207,2024-12-07,liberty,Mississippi Valley State,2025,141.0,129.97021,11.02978515625,124.5,5.47021484375,1,1,1
liberty_vs_north carolina a&t_20241214,2024-12-14,liberty,North Carolina A&T,2025,157.0,148.82846,8.171539306640625,142.5,6.328460693359375,1,1,1
liberty_vs_ut arlington_20241221,2024-12-21,liberty,UT Arlington,2025,135.0,146.95065,11.950653076171875,143.0,3.950653076171875,1,0,0
liberty_vs_western kentucky_20250102,2025-01-02,liberty,Western Kentucky,2025,141.0,147.45447,6.4544677734375,147.0,0.4544677734375,1,0,0
liberty_vs_middle tennessee_20250104,2025-01-04,liberty,Middle Tennessee,2025,136.0,143.66782,7.667816162109375,139.0,4.667816162109375,1,0,0
liberty_vs_utep_20250116,2025-01-16,liberty,UTEP,2025,142.0,140.19775,1.80224609375,134.5,5.69775390625,1,1,1
liberty_vs_new mexico state_20250118,2025-01-18,liberty,New Mexico State,2025,128.0,140.74721,12.747207641601562,134.5,6.2472076416015625,1,0,0
liberty_vs_louisiana tech_20250206,2025-02-06,liberty,Louisiana Tech,2025,130.0,138.29771,8.297714233398438,134.5,3.7977142333984375,1,0,0
liberty_vs_sam houston state_20250208,2025-02-08,liberty,Sam Houston State,2025,125.0,145.33922,20.339218139648438,142.5,2.8392181396484375,1,0,0
liberty_vs_florida international_20250222,2025-02-22,liberty,Florida International,2025,103.0,141.62054,38.62054443359375,138.5,3.12054443359375,1,0,0
liberty_vs_jacksonville state_20250227,2025-02-27,liberty,Jacksonville State,2025,114.0,135.75035,21.750350952148438,133.5,2.2503509521484375,1,0,0
liberty_vs_kennesaw state_20250302,2025-03-02,liberty,Kennesaw State,2025,165.0,144.27966,20.7203369140625,140.5,3.7796630859375,1,1,1
liberty_vs_utep_20250312,2025-03-12,liberty,UTEP,2025,141.0,140.38138,0.618621826171875,135.5,4.881378173828125,1,1,1
liberty_vs_oregon_20250321,2025-03-21,liberty,Oregon,2025,133.0,137.2991,4.299102783203125,137.5,-0.200897216796875,0,0,1
lindenwood_vs_new orleans_20241114,2024-11-14,lindenwood,New Orleans,2025,156.0,147.23262,8.767379760742188,148.0,-0.7673797607421875,0,1,0
lindenwood_vs_stonehill_20241117,2024-11-17,lindenwood,Stonehill,2025,149.0,140.83435,8.1656494140625,136.0,4.8343505859375,1,1,1
lindenwood_vs_iu indy_20241214,2024-12-14,lindenwood,IU Indy,2025,144.0,147.35269,3.352691650390625,142.0,5.352691650390625,1,1,1
lindenwood_vs_western illinois_20241221,2024-12-21,lindenwood,Western Illinois,2025,136.0,138.9212,2.92120361328125,135.5,3.42120361328125,1,1,1
lindenwood_vs_tennessee state_20250109,2025-01-09,lindenwood,Tennessee State,2025,134.0,148.76064,14.760635375976562,149.5,-0.7393646240234375,0,0,1
lindenwood_vs_ut martin_20250111,2025-01-11,lindenwood,UT Martin,2025,163.0,143.29225,19.707748413085938,138.0,5.2922515869140625,1,1,1
lindenwood_vs_southeast missouri state_20250123,2025-01-23,lindenwood,Southeast Missouri State,2025,140.0,142.71735,2.71734619140625,141.5,1.21734619140625,1,0,0
lindenwood_vs_little rock_20250125,2025-01-25,lindenwood,Little Rock,2025,124.0,135.97626,11.97625732421875,135.0,0.97625732421875,1,0,0
lindenwood_vs_siu edwardsville_20250130,2025-01-30,lindenwood,SIU Edwardsville,2025,128.0,141.0338,13.033798217773438,137.5,3.5337982177734375,1,0,0
lindenwood_vs_eastern illinois_20250201,2025-02-01,lindenwood,Eastern Illinois,2025,146.0,138.6897,7.310302734375,134.5,4.189697265625,1,1,1
lindenwood_vs_morehead state_20250213,2025-02-13,lindenwood,Morehead State,2025,133.0,137.52884,4.528839111328125,135.5,2.028839111328125,1,0,0
lindenwood_vs_southern indiana_20250215,2025-02-15,lindenwood,Southern Indiana,2025,159.0,145.046,13.953994750976562,143.0,2.0460052490234375,1,1,1
lindenwood_vs_morehead state_20250305,2025-03-05,lindenwood,Morehead State,2025,138.0,137.1116,0.888397216796875,131.0,6.111602783203125,1,1,1
lindenwood_vs_tennessee state_20250306,2025-03-06,lindenwood,Tennessee State,2025,124.0,146.72969,22.729690551757812,147.0,-0.2703094482421875,0,0,1
lipscomb_vs_arkansas_20241106,2024-11-06,lipscomb,Arkansas,2025,136.0,150.61375,14.613754272460938,160.0,-9.386245727539062,0,0,1
lipscomb_vs_jackson state_20241124,2024-11-24,lipscomb,Jackson State,2025,130.0,153.372,23.371994018554688,146.0,7.3719940185546875,1,0,0
lipscomb_vs_southeast missouri state_20241205,2024-12-05,lipscomb,Southeast Missouri State,2025,138.0,150.42355,12.423553466796875,147.0,3.423553466796875,1,0,0
lipscomb_vs_queens (nc)_20250109,2025-01-09,lipscomb,Queens (NC),2025,148.0,150.6954,2.695404052734375,154.0,-3.304595947265625,0,0,1
lipscomb_vs_west georgia_20250111,2025-01-11,lipscomb,West Georgia,2025,153.0,146.5356,6.4644012451171875,142.5,4.0355987548828125,1,1,1
lipscomb_vs_austin peay_20250118,2025-01-18,lipscomb,Austin Peay,2025,148.0,141.54596,6.45404052734375,136.5,5.04595947265625,1,1,1
lipscomb_vs_eastern kentucky_20250130,2025-01-30,lipscomb,Eastern Kentucky,2025,151.0,150.92552,0.0744781494140625,148.5,2.4255218505859375,1,1,1
lipscomb_vs_bellarmine_20250201,2025-02-01,lipscomb,Bellarmine,2025,167.0,145.99164,21.00836181640625,144.5,1.49163818359375,1,1,1
lipscomb_vs_stetson_20250213,2025-02-13,lipscomb,Stetson,2025,153.0,150.87831,2.1216888427734375,148.5,2.3783111572265625,1,1,1
lipscomb_vs_florida gulf coast_20250215,2025-02-15,lipscomb,Florida Gulf Coast,2025,150.0,142.14838,7.85162353515625,143.5,-1.35162353515625,0,1,0
lipscomb_vs_north alabama_20250220,2025-02-20,lipscomb,North Alabama,2025,138.0,145.98083,7.9808349609375,149.0,-3.0191650390625,0,0,1
lipscomb_vs_central arkansas_20250226,2025-02-26,lipscomb,Central Arkansas,2025,138.0,151.04245,13.042449951171875,144.5,6.542449951171875,1,0,0
lipscomb_vs_central arkansas_20250303,2025-03-03,lipscomb,Central Arkansas,2025,150.0,148.74796,1.252044677734375,142.5,6.247955322265625,1,1,1
lipscomb_vs_queens (nc)_20250306,2025-03-06,lipscomb,Queens (NC),2025,156.0,147.93585,8.06414794921875,148.0,-0.06414794921875,0,1,0
lipscomb_vs_north alabama_20250309,2025-03-09,lipscomb,North Alabama,2025,141.0,144.5936,3.593597412109375,142.5,2.093597412109375,1,0,0
long-beach-state_vs_portland_20241116,2024-11-16,long-beach-state,Portland,2025,124.0,150.03761,26.037612915039062,141.0,9.037612915039062,1,0,0
long-beach-state_vs_fresno state_20241123,2024-11-23,long-beach-state,Fresno State,2025,141.0,143.20302,2.2030181884765625,140.5,2.7030181884765625,1,1,1
long-beach-state_vs_unc greensboro_20241125,2024-11-25,long-beach-state,UNC Greensboro,2025,119.0,139.91502,20.915023803710938,132.0,7.9150238037109375,1,0,0
long-beach-state_vs_utep_20241126,2024-11-26,long-beach-state,UTEP,2025,114.0,137.51015,23.510147094726562,131.0,6.5101470947265625,1,0,0
long-beach-state_vs_san jose state_20241127,2024-11-27,long-beach-state,San Jose State,2025,148.0,131.7331,16.26690673828125,125.5,6.23309326171875,1,1,1
long-beach-state_vs_hawaii_20241207,2024-12-07,long-beach-state,Hawaii,2025,144.0,133.77939,10.220611572265625,130.5,3.279388427734375,1,1,1
long-beach-state_vs_uc riverside_20250102,2025-01-02,long-beach-state,UC Riverside,2025,136.0,137.89944,1.899444580078125,137.5,0.399444580078125,1,0,0
long-beach-state_vs_cal state fullerton_20250118,2025-01-18,long-beach-state,Cal State Fullerton,2025,150.0,132.45595,17.544052124023438,138.5,-6.0440521240234375,0,1,0
long-beach-state_vs_uc irvine_20250130,2025-01-30,long-beach-state,UC Irvine,2025,155.0,140.03499,14.965011596679688,139.5,0.5349884033203125,1,1,1
long-beach-state_vs_uc davis_20250206,2025-02-06,long-beach-state,UC Davis,2025,138.0,132.53705,5.46295166015625,131.0,1.53704833984375,1,1,1
long-beach-state_vs_cal state northridge_20250208,2025-02-08,long-beach-state,Cal State Northridge,2025,161.0,147.25005,13.749954223632812,145.5,1.7500457763671875,1,1,1
long-beach-state_vs_uc santa barbara_20250222,2025-02-22,long-beach-state,UC Santa Barbara,2025,114.0,141.92723,27.927230834960938,138.0,3.9272308349609375,1,0,0
long-beach-state_vs_cal state bakersfield_20250227,2025-02-27,long-beach-state,Cal State Bakersfield,2025,175.0,140.35347,34.64653015136719,138.0,2.3534698486328125,1,1,1
long-beach-state_vs_cal poly_20250308,2025-03-08,long-beach-state,Cal Poly,2025,152.0,157.05473,5.0547332763671875,157.5,-0.4452667236328125,0,0,1
long-island-university_vs_columbia_20241120,2024-11-20,long-island-university,Columbia,2025,152.0,146.66942,5.3305816650390625,153.5,-6.8305816650390625,0,0,1
long-island-university_vs_niagara_20241201,2024-12-01,long-island-university,Niagara,2025,112.0,142.68922,30.689224243164062,136.5,6.1892242431640625,1,0,0
long-island-university_vs_mount st. mary's_20241218,2024-12-18,long-island-university,Mount St. Mary's,2025,152.0,144.12753,7.872467041015625,140.5,3.627532958984375,1,1,1
long-island-university_vs_lehigh_20241221,2024-12-21,long-island-university,Lehigh,2025,119.0,142.37256,23.37255859375,144.5,-2.12744140625,0,0,1
long-island-university_vs_le moyne_20250103,2025-01-03,long-island-university,Le Moyne,2025,140.0,143.65189,3.651885986328125,146.5,-2.848114013671875,0,0,1
long-island-university_vs_chicago state_20250105,2025-01-05,long-island-university,Chicago State,2025,92.0,137.06868,45.06867980957031,137.5,-0.4313201904296875,0,0,1
long-island-university_vs_saint francis (pa)_20250118,2025-01-18,long-island-university,Saint Francis (PA),2025,115.0,136.30122,21.301223754882812,132.5,3.8012237548828125,1,0,0
long-island-university_vs_mercyhurst_20250120,2025-01-20,long-island-university,Mercyhurst,2025,135.0,130.73079,4.2692108154296875,125.5,5.2307891845703125,1,1,1
long-island-university_vs_central connecticut state_20250130,2025-01-30,long-island-university,Central Connecticut State,2025,113.0,132.36533,19.365325927734375,127.0,5.365325927734375,1,0,0
long-island-university_vs_stonehill_20250208,2025-02-08,long-island-university,Stonehill,2025,121.0,132.97618,11.976181030273438,130.5,2.4761810302734375,1,0,0
long-island-university_vs_wagner_20250227,2025-02-27,long-island-university,Wagner,2025,107.0,127.19974,20.199737548828125,116.5,10.699737548828125,1,0,0
long-island-university_vs_chicago state_20250305,2025-03-05,long-island-university,Chicago State,2025,125.0,133.3872,8.38720703125,128.5,4.88720703125,1,0,0
long-island-university_vs_saint francis (pa)_20250308,2025-03-08,long-island-university,Saint Francis (PA),2025,139.0,136.48845,2.5115509033203125,129.5,6.9884490966796875,1,1,1
longwood_vs_ut martin_20241116,2024-11-16,longwood,UT Martin,2025,126.0,149.84995,23.849945068359375,148.0,1.849945068359375,1,0,0
longwood_vs_mcneese state_20241124,2024-11-24,longwood,McNeese State,2025,153.0,145.52164,7.478363037109375,142.0,3.521636962890625,1,1,1
longwood_vs_maryland eastern shore_20241205,2024-12-05,longwood,Maryland Eastern Shore,2025,156.0,144.56894,11.431060791015625,145.0,-0.431060791015625,0,1,0
longwood_vs_north carolina central_20241214,2024-12-14,longwood,North Carolina Central,2025,147.0,148.88336,1.88336181640625,145.0,3.88336181640625,1,1,1
longwood_vs_charleston southern_20250104,2025-01-04,longwood,Charleston Southern,2025,161.0,148.79298,12.207015991210938,146.5,2.2929840087890625,1,1,1
longwood_vs_unc asheville_20250108,2025-01-08,longwood,UNC Asheville,2025,161.0,150.23193,10.76806640625,153.5,-3.26806640625,0,1,0
longwood_vs_high point_20250116,2025-01-16,longwood,High Point,2025,162.0,146.66867,15.331329345703125,153.0,-6.331329345703125,0,1,0
longwood_vs_usc upstate_20250125,2025-01-25,longwood,USC Upstate,2025,134.0,155.95573,21.955734252929688,157.5,-1.5442657470703125,0,0,1
longwood_vs_radford_20250208,2025-02-08,longwood,Radford,2025,140.0,145.67697,5.676971435546875,141.5,4.176971435546875,1,0,0
longwood_vs_presbyterian_20250215,2025-02-15,longwood,Presbyterian,2025,145.0,147.6378,2.6378021240234375,141.5,6.1378021240234375,1,1,1
longwood_vs_gardner-webb_20250219,2025-02-19,longwood,Gardner-Webb,2025,167.0,152.39343,14.6065673828125,157.0,-4.6065673828125,0,1,0
longwood_vs_winthrop_20250227,2025-02-27,longwood,Winthrop,2025,144.0,160.64178,16.64178466796875,164.5,-3.85821533203125,0,0,1
longwood_vs_winthrop_20250307,2025-03-07,longwood,Winthrop,2025,167.0,157.43082,9.569183349609375,159.0,-1.569183349609375,0,1,0
louisiana-lafayette_vs_rice_20241119,2024-11-19,louisiana-lafayette,Rice,2025,144.0,140.30278,3.6972198486328125,142.0,-1.6972198486328125,0,1,0
louisiana-lafayette_vs_louisiana tech_20241208,2024-12-08,louisiana-lafayette,Louisiana Tech,2025,127.0,147.30435,20.304351806640625,146.5,0.804351806640625,1,0,0
louisiana-lafayette_vs_southeastern louisiana_20241211,2024-12-11,louisiana-lafayette,Southeastern Louisiana,2025,129.0,143.87013,14.870132446289062,144.0,-0.1298675537109375,0,0,1
louisiana-lafayette_vs_lamar_20241214,2024-12-14,louisiana-lafayette,Lamar,2025,119.0,149.00684,30.0068359375,144.5,4.5068359375,1,0,0
louisiana-lafayette_vs_appalachian state_20241218,2024-12-18,louisiana-lafayette,Appalachian State,2025,130.0,139.10042,9.100418090820312,136.0,3.1004180908203125,1,0,0
louisiana-lafayette_vs_mcneese state_20241222,2024-12-22,louisiana-lafayette,McNeese State,2025,120.0,139.6207,19.620697021484375,140.0,-0.379302978515625,0,0,1
louisiana-lafayette_vs_old dominion_20250109,2025-01-09,louisiana-lafayette,Old Dominion,2025,131.0,145.0059,14.005905151367188,145.0,0.0059051513671875,1,0,0
louisiana-lafayette_vs_louisianaâmonroe_20250111,2025-01-11,louisiana-lafayette,LouisianaâMonroe,2025,139.0,139.36102,0.36102294921875,142.5,-3.13897705078125,0,0,1
louisiana-lafayette_vs_texas state_20250123,2025-01-23,louisiana-lafayette,Texas State,2025,163.0,144.40923,18.590774536132812,141.5,2.9092254638671875,1,1,1
louisiana-lafayette_vs_southern mississippi_20250125,2025-01-25,louisiana-lafayette,Southern Mississippi,2025,126.0,147.4323,21.432296752929688,148.0,-0.5677032470703125,0,0,1
louisiana-lafayette_vs_south alabama_20250201,2025-02-01,louisiana-lafayette,South Alabama,2025,120.0,135.24681,15.246810913085938,133.0,2.2468109130859375,1,0,0
louisiana-lafayette_vs_troy_20250212,2025-02-12,louisiana-lafayette,Troy,2025,130.0,138.16771,8.167709350585938,138.5,-0.3322906494140625,0,0,1
louisiana-lafayette_vs_marshall_20250215,2025-02-15,louisiana-lafayette,Marshall,2025,147.0,146.04192,0.9580841064453125,146.0,0.0419158935546875,1,1,1
louisiana-lafayette_vs_arkansas state_20250226,2025-02-26,louisiana-lafayette,Arkansas State,2025,147.0,145.7825,1.217498779296875,148.0,-2.217498779296875,0,0,1
louisiana-lafayette_vs_louisianaâmonroe_20250304,2025-03-04,louisiana-lafayette,LouisianaâMonroe,2025,142.0,140.31921,1.6807861328125,136.5,3.8192138671875,1,1,1
louisiana-lafayette_vs_old dominion_20250305,2025-03-05,louisiana-lafayette,Old Dominion,2025,116.0,137.2821,21.2821044921875,136.0,1.2821044921875,1,0,0
louisiana-monroe_vs_southeastern louisiana_20241118,2024-11-18,louisiana-monroe,Southeastern Louisiana,2025,137.0,149.12187,12.121871948242188,138.0,11.121871948242188,1,0,0
louisiana-monroe_vs_north alabama_20241123,2024-11-23,louisiana-monroe,North Alabama,2025,136.0,152.06352,16.063522338867188,145.0,7.0635223388671875,1,0,0
louisiana-monroe_vs_stephen f. austin_20241129,2024-11-29,louisiana-monroe,Stephen F. Austin,2025,128.0,140.54257,12.542572021484375,130.0,10.542572021484375,1,0,0
louisiana-monroe_vs_ut arlington_20241202,2024-12-02,louisiana-monroe,UT Arlington,2025,154.0,150.28564,3.71435546875,149.5,0.78564453125,1,1,1
louisiana-monroe_vs_arkansasâpine bluff_20241211,2024-12-11,louisiana-monroe,ArkansasâPine Bluff,2025,162.0,152.60541,9.39459228515625,156.5,-3.89459228515625,0,1,0
louisiana-monroe_vs_old dominion_20241221,2024-12-21,louisiana-monroe,Old Dominion,2025,155.0,147.17506,7.8249359130859375,143.5,3.6750640869140625,1,1,1
louisiana-monroe_vs_troy_20250115,2025-01-15,louisiana-monroe,Troy,2025,135.0,140.29112,5.2911224365234375,136.0,4.2911224365234375,1,0,0
louisiana-monroe_vs_louisiana_20250118,2025-01-18,louisiana-monroe,Louisiana,2025,125.0,141.14445,16.144454956054688,140.5,0.6444549560546875,1,0,0
louisiana-monroe_vs_appalachian state_20250125,2025-01-25,louisiana-monroe,Appalachian State,2025,124.0,133.43286,9.432861328125,131.0,2.432861328125,1,0,0
louisiana-monroe_vs_south alabama_20250127,2025-01-27,louisiana-monroe,South Alabama,2025,143.0,134.53928,8.460723876953125,134.0,0.539276123046875,1,1,1
louisiana-monroe_vs_texas state_20250213,2025-02-13,louisiana-monroe,Texas State,2025,132.0,145.51375,13.513748168945312,141.5,4.0137481689453125,1,0,0
louisiana-monroe_vs_southern mississippi_20250215,2025-02-15,louisiana-monroe,Southern Mississippi,2025,155.0,146.35635,8.643646240234375,145.5,0.856353759765625,1,1,1
louisiana-monroe_vs_james madison_20250225,2025-02-25,louisiana-monroe,James Madison,2025,164.0,143.6689,20.331100463867188,138.5,5.1688995361328125,1,1,1
louisiana-monroe_vs_arkansas state_20250228,2025-02-28,louisiana-monroe,Arkansas State,2025,161.0,147.45657,13.543426513671875,151.0,-3.543426513671875,0,1,0
louisiana-state_vs_charleston southern_20241119,2024-11-19,louisiana-state,Charleston Southern,2025,145.0,151.11511,6.1151123046875,151.5,-0.3848876953125,0,0,1
louisiana-state_vs_pittsburgh_20241122,2024-11-22,louisiana-state,Pittsburgh,2025,137.0,144.51303,7.513031005859375,144.5,0.013031005859375,1,0,0
louisiana-state_vs_northwestern state_20241129,2024-11-29,louisiana-state,Northwestern State,2025,130.0,146.48775,16.487747192382812,142.5,3.9877471923828125,1,0,0
louisiana-state_vs_florida state_20241203,2024-12-03,louisiana-state,Florida State,2025,160.0,150.56792,9.432083129882812,150.5,0.0679168701171875,1,1,1
louisiana-state_vs_florida gulf coast_20241208,2024-12-08,louisiana-state,Florida Gulf Coast,2025,151.0,140.77019,10.229812622070312,140.5,0.2701873779296875,1,1,1
louisiana-state_vs_smu_20241214,2024-12-14,louisiana-state,SMU,2025,138.0,153.20288,15.202880859375,155.0,-1.797119140625,0,0,1
louisiana-state_vs_stetson_20241217,2024-12-17,louisiana-state,Stetson,2025,152.0,150.89558,1.1044158935546875,151.0,-0.1044158935546875,0,1,0
louisiana-state_vs_new orleans_20241222,2024-12-22,louisiana-state,New Orleans,2025,156.0,151.60797,4.39202880859375,152.0,-0.39202880859375,0,1,0
louisiana-state_vs_mississippi valley state_20241229,2024-12-29,louisiana-state,Mississippi Valley State,2025,155.0,138.023,16.977005004882812,141.5,-3.4770050048828125,0,1,0
louisiana-state_vs_vanderbilt_20250104,2025-01-04,louisiana-state,Vanderbilt,2025,152.0,152.45868,0.45867919921875,159.0,-6.54132080078125,0,0,1
louisiana-state_vs_arkansas_20250114,2025-01-14,louisiana-state,Arkansas,2025,152.0,147.8561,4.1439056396484375,150.0,-2.1439056396484375,0,1,0
louisiana-state_vs_auburn_20250129,2025-01-29,louisiana-state,Auburn,2025,161.0,148.34299,12.657012939453125,149.5,-1.157012939453125,0,1,0
louisiana-state_vs_texas_20250201,2025-02-01,louisiana-state,Texas,2025,147.0,144.17793,2.8220672607421875,145.0,-0.8220672607421875,0,1,0
louisiana-state_vs_south carolina_20250218,2025-02-18,louisiana-state,South Carolina,2025,148.0,141.74927,6.250732421875,139.5,2.249267578125,1,1,1
louisiana-state_vs_florida_20250222,2025-02-22,louisiana-state,Florida,2025,144.0,153.47621,9.476211547851562,154.5,-1.0237884521484375,0,0,1
louisiana-state_vs_tennessee_20250225,2025-02-25,louisiana-state,Tennessee,2025,124.0,135.08292,11.082916259765625,140.5,-5.417083740234375,0,0,1
louisiana-state_vs_texas a&m_20250308,2025-03-08,louisiana-state,Texas A&M,2025,118.0,143.48163,25.48162841796875,142.5,0.98162841796875,1,0,0
louisiana-state_vs_mississippi state_20250312,2025-03-12,louisiana-state,Mississippi State,2025,153.0,146.85626,6.14373779296875,145.5,1.35626220703125,1,1,1
louisiana-tech_vs_southern illinois_20241125,2024-11-25,louisiana-tech,Southern Illinois,2025,164.0,147.04385,16.956146240234375,143.5,3.543853759765625,1,1,1
louisiana-tech_vs_richmond_20241126,2024-11-26,louisiana-tech,Richmond,2025,127.0,145.7827,18.782699584960938,135.0,10.782699584960938,1,0,0
louisiana-tech_vs_southern_20241130,2024-11-30,louisiana-tech,Southern,2025,143.0,151.08871,8.088714599609375,139.5,11.588714599609375,1,1,1
louisiana-tech_vs_georgia southern_20241213,2024-12-13,louisiana-tech,Georgia Southern,2025,140.0,149.6748,9.6748046875,144.5,5.1748046875,1,0,0
louisiana-tech_vs_grand canyon_20241216,2024-12-16,louisiana-tech,Grand Canyon,2025,140.0,149.64075,9.6407470703125,144.5,5.1407470703125,1,0,0
louisiana-tech_vs_florida international_20250109,2025-01-09,louisiana-tech,Florida International,2025,145.0,144.25687,0.743133544921875,139.0,5.256866455078125,1,1,1
louisiana-tech_vs_liberty_20250111,2025-01-11,louisiana-tech,Liberty,2025,153.0,138.55713,14.44287109375,133.5,5.05712890625,1,1,1
louisiana-tech_vs_western kentucky_20250123,2025-01-23,louisiana-tech,Western Kentucky,2025,144.0,152.16423,8.164230346679688,145.5,6.6642303466796875,1,0,0
louisiana-tech_vs_middle tennessee_20250125,2025-01-25,louisiana-tech,Middle Tennessee,2025,144.0,148.33513,4.3351287841796875,141.0,7.3351287841796875,1,1,1
louisiana-tech_vs_sam houston state_20250201,2025-02-01,louisiana-tech,Sam Houston State,2025,127.0,150.30971,23.309707641601562,143.0,7.3097076416015625,1,0,0
louisiana-tech_vs_kennesaw state_20250213,2025-02-13,louisiana-tech,Kennesaw State,2025,116.0,153.07597,37.07597351074219,144.5,8.575973510742188,1,0,0
louisiana-tech_vs_jacksonville state_20250215,2025-02-15,louisiana-tech,Jacksonville State,2025,138.0,141.74072,3.74072265625,134.5,7.24072265625,1,1,1
louisiana-tech_vs_new mexico state_20250306,2025-03-06,louisiana-tech,New Mexico State,2025,122.0,138.6086,16.608596801757812,131.5,7.1085968017578125,1,0,0
louisiana-tech_vs_utep_20250308,2025-03-08,louisiana-tech,UTEP,2025,134.0,144.88185,10.881851196289062,140.5,4.3818511962890625,1,0,0
louisiana-tech_vs_middle tennessee_20250313,2025-03-13,louisiana-tech,Middle Tennessee,2025,152.0,143.77202,8.227981567382812,141.5,2.2720184326171875,1,1,1
louisville_vs_bellarmine_20241119,2024-11-19,louisville,Bellarmine,2025,168.0,143.03127,24.968734741210938,147.0,-3.9687347412109375,0,1,0
louisville_vs_winthrop_20241122,2024-11-22,louisville,Winthrop,2025,137.0,152.56445,15.564453125,160.5,-7.935546875,0,0,1
louisville_vs_west virginia_20241128,2024-11-28,louisville,West Virginia,2025,149.0,151.43874,2.4387359619140625,151.0,0.4387359619140625,1,0,0
louisville_vs_oklahoma_20241129,2024-11-29,louisville,Oklahoma,2025,133.0,147.01485,14.014846801757812,149.5,-2.4851531982421875,0,0,1
louisville_vs_duke_20241208,2024-12-08,louisville,Duke,2025,141.0,143.2601,2.260101318359375,146.5,-3.239898681640625,0,0,1
louisville_vs_utep_20241211,2024-12-11,louisville,UTEP,2025,151.0,143.42387,7.5761260986328125,145.5,-2.0761260986328125,0,1,0
louisville_vs_eastern kentucky_20241228,2024-12-28,louisville,Eastern Kentucky,2025,154.0,151.30652,2.6934814453125,157.5,-6.1934814453125,0,0,1
louisville_vs_north carolina_20250101,2025-01-01,louisville,North Carolina,2025,153.0,158.63512,5.6351165771484375,164.5,-5.8648834228515625,0,0,1
louisville_vs_clemson_20250107,2025-01-07,louisville,Clemson,2025,138.0,142.83273,4.832733154296875,147.0,-4.167266845703125,0,0,1
louisville_vs_virginia_20250118,2025-01-18,louisville,Virginia,2025,148.0,133.86491,14.135086059570312,129.5,4.3649139404296875,1,1,1
louisville_vs_wake forest_20250128,2025-01-28,louisville,Wake Forest,2025,131.0,140.59453,9.594528198242188,144.0,-3.4054718017578125,0,0,1
louisville_vs_miami (fl)_20250208,2025-02-08,louisville,Miami (FL),2025,166.0,147.41263,18.587371826171875,153.5,-6.087371826171875,0,1,0
louisville_vs_florida state_20250222,2025-02-22,louisville,Florida State,2025,170.0,148.04787,21.952133178710938,154.5,-6.4521331787109375,0,1,0
louisville_vs_pittsburgh_20250301,2025-03-01,louisville,Pittsburgh,2025,147.0,145.91615,1.0838470458984375,150.0,-4.0838470458984375,0,0,1
louisville_vs_california_20250305,2025-03-05,louisville,California,2025,153.0,148.7109,4.289093017578125,154.5,-5.789093017578125,0,0,1
louisville_vs_stanford_20250308,2025-03-08,louisville,Stanford,2025,116.0,146.28569,30.285690307617188,147.5,-1.2143096923828125,0,0,1
louisville_vs_stanford_20250313,2025-03-13,louisville,Stanford,2025,148.0,145.528,2.4720001220703125,143.5,2.0279998779296875,1,1,1
loyola-il_vs_southern utah_20241119,2024-11-19,loyola-il,Southern Utah,2025,148.0,158.63713,10.637130737304688,148.0,10.637130737304688,1,0,0
loyola-il_vs_tulsa_20241123,2024-11-23,loyola-il,Tulsa,2025,142.0,155.00998,13.009979248046875,147.0,8.009979248046875,1,0,0
loyola-il_vs_eastern michigan_20241203,2024-12-03,loyola-il,Eastern Michigan,2025,130.0,147.57407,17.574066162109375,144.5,3.074066162109375,1,0,0
loyola-il_vs_south florida_20241207,2024-12-07,loyola-il,South Florida,2025,146.0,147.19618,1.1961822509765625,146.5,0.6961822509765625,1,0,0
loyola-il_vs_san francisco_20241215,2024-12-15,loyola-il,San Francisco,2025,142.0,141.51898,0.48101806640625,137.0,4.51898193359375,1,1,1
loyola-il_vs_canisius_20241218,2024-12-18,loyola-il,Canisius,2025,132.0,143.76094,11.760940551757812,140.0,3.7609405517578125,1,0,0
loyola-il_vs_oakland_20241222,2024-12-22,loyola-il,Oakland,2025,143.0,137.48956,5.51043701171875,133.5,3.98956298828125,1,1,1
loyola-il_vs_murray state_20241225,2024-12-25,loyola-il,Murray State,2025,139.0,145.71236,6.7123565673828125,138.0,7.7123565673828125,1,1,1
loyola-il_vs_vcu_20250104,2025-01-04,loyola-il,VCU,2025,149.0,140.02367,8.976333618164062,139.5,0.5236663818359375,1,1,1
loyola-il_vs_rhode island_20250115,2025-01-15,loyola-il,Rhode Island,2025,158.0,146.54938,11.45062255859375,146.5,0.04937744140625,1,1,1
loyola-il_vs_fordham_20250122,2025-01-22,loyola-il,Fordham,2025,136.0,152.88432,16.884323120117188,147.0,5.8843231201171875,1,0,0
loyola-il_vs_saint joseph's_20250201,2025-02-01,loyola-il,Saint Joseph's,2025,113.0,144.6246,31.624603271484375,142.5,2.124603271484375,1,0,0
loyola-il_vs_st. bonaventure_20250204,2025-02-04,loyola-il,St. Bonaventure,2025,130.0,133.8321,3.8321075439453125,133.5,0.3321075439453125,1,0,0
loyola-il_vs_saint louis_20250214,2025-02-14,loyola-il,Saint Louis,2025,147.0,140.03256,6.967437744140625,140.0,0.032562255859375,1,1,1
loyola-il_vs_dayton_20250221,2025-02-21,loyola-il,Dayton,2025,148.0,138.26,9.740005493164062,140.0,-1.7400054931640625,0,1,0
loyola-il_vs_george washington_20250226,2025-02-26,loyola-il,George Washington,2025,134.0,139.5944,5.5944061279296875,139.0,0.5944061279296875,1,0,0
loyola-il_vs_davidson_20250305,2025-03-05,loyola-il,Davidson,2025,154.0,141.1184,12.881607055664062,138.5,2.6183929443359375,1,1,1
loyola-il_vs_saint louis_20250314,2025-03-14,loyola-il,Saint Louis,2025,136.0,139.61086,3.6108551025390625,141.0,-1.3891448974609375,0,0,1
loyola-il_vs_vcu_20250315,2025-03-15,loyola-il,VCU,2025,117.0,136.06299,19.06298828125,137.0,-0.93701171875,0,0,1
loyola-il_vs_kent state_20250326,2025-03-26,loyola-il,Kent State,2025,134.0,139.49228,5.492279052734375,142.5,-3.007720947265625,0,0,1
loyola-marymount_vs_north dakota_20241122,2024-11-22,loyola-marymount,North Dakota,2025,150.0,151.1367,1.1367034912109375,147.0,4.1367034912109375,1,1,1
loyola-marymount_vs_wyoming_20241127,2024-11-27,loyola-marymount,Wyoming,2025,143.0,148.16585,5.1658477783203125,140.5,7.6658477783203125,1,1,1
loyola-marymount_vs_nevada_20241207,2024-12-07,loyola-marymount,Nevada,2025,132.0,136.65988,4.659881591796875,137.5,-0.840118408203125,0,0,1
loyola-marymount_vs_uc santa barbara_20241218,2024-12-18,loyola-marymount,UC Santa Barbara,2025,118.0,143.20169,25.201690673828125,142.5,0.701690673828125,1,0,0
loyola-marymount_vs_southern_20241220,2024-12-20,loyola-marymount,Southern,2025,162.0,144.8828,17.117202758789062,137.0,7.8827972412109375,1,1,1
loyola-marymount_vs_north alabama_20241222,2024-12-22,loyola-marymount,North Alabama,2025,154.0,144.46533,9.53466796875,145.0,-0.53466796875,0,1,0
loyola-marymount_vs_oregon state_20250102,2025-01-02,loyola-marymount,Oregon State,2025,143.0,136.05037,6.9496307373046875,137.0,-0.9496307373046875,0,1,0
loyola-marymount_vs_gonzaga_20250104,2025-01-04,loyola-marymount,Gonzaga,2025,164.0,150.44617,13.5538330078125,152.5,-2.0538330078125,0,1,0
loyola-marymount_vs_santa clara_20250116,2025-01-16,loyola-marymount,Santa Clara,2025,111.0,146.41345,35.4134521484375,149.5,-3.0865478515625,0,0,1
loyola-marymount_vs_san diego_20250118,2025-01-18,loyola-marymount,San Diego,2025,147.0,138.26208,8.7379150390625,140.5,-2.2379150390625,0,1,0
loyola-marymount_vs_portland_20250130,2025-01-30,loyola-marymount,Portland,2025,151.0,148.50572,2.4942779541015625,146.0,2.5057220458984375,1,1,1
loyola-marymount_vs_san francisco_20250208,2025-02-08,loyola-marymount,San Francisco,2025,138.0,137.50021,0.499786376953125,138.0,-0.499786376953125,0,0,1
loyola-marymount_vs_pacific_20250213,2025-02-13,loyola-marymount,Pacific,2025,141.0,142.31151,1.3115081787109375,137.0,5.3115081787109375,1,1,1
loyola-marymount_vs_pepperdine_20250222,2025-02-22,loyola-marymount,Pepperdine,2025,175.0,144.70282,30.29718017578125,148.0,-3.29718017578125,0,1,0
loyola-marymount_vs_washington state_20250308,2025-03-08,loyola-marymount,Washington State,2025,171.0,145.90154,25.098464965820312,150.0,-4.0984649658203125,0,1,0
loyola-md_vs_vmi_20241126,2024-11-26,loyola-md,VMI,2025,137.0,143.65822,6.6582183837890625,144.5,-0.8417816162109375,0,0,1
loyola-md_vs_hampton_20241221,2024-12-21,loyola-md,Hampton,2025,144.0,143.29565,0.704345703125,138.0,5.295654296875,1,1,1
loyola-md_vs_lehigh_20250105,2025-01-05,loyola-md,Lehigh,2025,154.0,143.42343,10.576568603515625,143.0,0.423431396484375,1,1,1
loyola-md_vs_navy_20250111,2025-01-11,loyola-md,Navy,2025,149.0,141.77945,7.220550537109375,143.5,-1.720550537109375,0,1,0
loyola-md_vs_american_20250113,2025-01-13,loyola-md,American,2025,127.0,138.94713,11.947128295898438,135.0,3.9471282958984375,1,0,0
loyola-md_vs_lafayette_20250122,2025-01-22,loyola-md,Lafayette,2025,139.0,135.41057,3.5894317626953125,136.5,-1.0894317626953125,0,1,0
loyola-md_vs_holy cross_20250125,2025-01-25,loyola-md,Holy Cross,2025,135.0,137.72713,2.7271270751953125,142.0,-4.2728729248046875,0,0,1
loyola-md_vs_boston university_20250201,2025-02-01,loyola-md,Boston University,2025,136.0,133.5568,2.443206787109375,129.0,4.556793212890625,1,1,1
loyola-md_vs_army_20250212,2025-02-12,loyola-md,Army,2025,124.0,145.72765,21.727645874023438,144.5,1.2276458740234375,1,0,0
loyola-md_vs_colgate_20250223,2025-02-23,loyola-md,Colgate,2025,149.0,142.82838,6.1716156005859375,145.5,-2.6716156005859375,0,1,0
loyola-md_vs_bucknell_20250226,2025-02-26,loyola-md,Bucknell,2025,137.0,142.80489,5.8048858642578125,140.0,2.8048858642578125,1,0,0
loyola-md_vs_lehigh_20250304,2025-03-04,loyola-md,Lehigh,2025,150.0,138.6305,11.3695068359375,139.0,-0.3695068359375,0,1,0
maine_vs_holy cross_20241124,2024-11-24,maine,Holy Cross,2025,135.0,138.19028,3.190277099609375,135.0,3.190277099609375,1,0,0
maine_vs_navy_20241201,2024-12-01,maine,Navy,2025,137.0,141.98509,4.9850921630859375,133.0,8.985092163085938,1,1,1
maine_vs_boston university_20241229,2024-12-29,maine,Boston University,2025,115.0,138.63596,23.635955810546875,130.5,8.135955810546875,1,0,0
maine_vs_binghamton_20250109,2025-01-09,maine,Binghamton,2025,153.0,137.22339,15.776611328125,133.0,4.223388671875,1,1,1
maine_vs_albany (ny)_20250111,2025-01-11,maine,Albany (NY),2025,153.0,142.76776,10.23223876953125,143.0,-0.23223876953125,0,1,0
maine_vs_new hampshire_20250130,2025-01-30,maine,New Hampshire,2025,117.0,139.0857,22.085693359375,138.0,1.085693359375,1,0,0
maine_vs_njit_20250206,2025-02-06,maine,NJIT,2025,152.0,132.35025,19.649749755859375,128.5,3.850250244140625,1,1,1
maine_vs_umbc_20250208,2025-02-08,maine,UMBC,2025,123.0,150.68755,27.687545776367188,147.5,3.1875457763671875,1,0,0
maine_vs_vermont_20250215,2025-02-15,maine,Vermont,2025,126.0,130.26318,4.26318359375,125.5,4.76318359375,1,1,1
maine_vs_bryant_20250301,2025-03-01,maine,Bryant,2025,152.0,148.33818,3.6618194580078125,146.5,1.8381805419921875,1,1,1
maine_vs_umass lowell_20250304,2025-03-04,maine,UMass Lowell,2025,141.0,146.7717,5.771697998046875,144.0,2.771697998046875,1,0,0
maine_vs_umass lowell_20250308,2025-03-08,maine,UMass Lowell,2025,136.0,146.7541,10.754104614257812,141.0,5.7541046142578125,1,0,0
manhattan_vs_fordham_20241115,2024-11-15,manhattan,Fordham,2025,154.0,143.49469,10.50531005859375,141.0,2.49468994140625,1,1,1
manhattan_vs_army_20241122,2024-11-22,manhattan,Army,2025,159.0,150.04839,8.951614379882812,139.0,11.048385620117188,1,1,1
manhattan_vs_le moyne_20241129,2024-11-29,manhattan,Le Moyne,2025,158.0,148.33812,9.661880493164062,147.0,1.3381195068359375,1,1,1
manhattan_vs_marist_20241208,2024-12-08,manhattan,Marist,2025,157.0,140.13486,16.865142822265625,137.5,2.634857177734375,1,1,1
manhattan_vs_mount st. mary's_20250110,2025-01-10,manhattan,Mount St. Mary's,2025,141.0,151.70216,10.702163696289062,150.5,1.2021636962890625,1,0,0
manhattan_vs_niagara_20250118,2025-01-18,manhattan,Niagara,2025,137.0,146.96928,9.969284057617188,143.0,3.9692840576171875,1,0,0
manhattan_vs_fairfield_20250123,2025-01-23,manhattan,Fairfield,2025,171.0,146.85304,24.146957397460938,144.5,2.3530426025390625,1,1,1
manhattan_vs_iona_20250131,2025-01-31,manhattan,Iona,2025,131.0,148.02162,17.021621704101562,146.5,1.5216217041015625,1,0,0
manhattan_vs_saint peter's_20250208,2025-02-08,manhattan,Saint Peter's,2025,167.0,135.02148,31.978515625,135.5,-0.478515625,0,1,0
manhattan_vs_merrimack_20250214,2025-02-14,manhattan,Merrimack,2025,154.0,136.9105,17.089492797851562,136.5,0.4105072021484375,1,1,1
manhattan_vs_quinnipiac_20250223,2025-02-23,manhattan,Quinnipiac,2025,145.0,152.55171,7.5517120361328125,155.5,-2.9482879638671875,0,0,1
manhattan_vs_sacred heart_20250306,2025-03-06,manhattan,Sacred Heart,2025,164.0,153.85593,10.144073486328125,155.0,-1.144073486328125,0,1,0
manhattan_vs_siena_20250308,2025-03-08,manhattan,Siena,2025,144.0,150.57799,6.5779876708984375,148.5,2.0779876708984375,1,0,0
marist_vs_army_20241115,2024-11-15,marist,Army,2025,179.0,136.96223,42.03776550292969,131.0,5.9622344970703125,1,1,1
marist_vs_dartmouth_20241119,2024-11-19,marist,Dartmouth,2025,137.0,147.2014,10.201400756835938,137.5,9.701400756835938,1,0,0
marist_vs_new hampshire_20241123,2024-11-23,marist,New Hampshire,2025,103.0,143.22824,40.228240966796875,138.0,5.228240966796875,1,0,0
marist_vs_mount st. mary's_20241206,2024-12-06,marist,Mount St. Mary's,2025,103.0,146.13045,43.13044738769531,135.5,10.630447387695312,1,0,0
marist_vs_umbc_20241221,2024-12-21,marist,UMBC,2025,149.0,147.9978,1.002197265625,147.5,0.497802734375,1,1,1
marist_vs_binghamton_20241229,2024-12-29,marist,Binghamton,2025,120.0,134.94951,14.949508666992188,131.5,3.4495086669921875,1,0,0
marist_vs_quinnipiac_20250105,2025-01-05,marist,Quinnipiac,2025,131.0,137.24828,6.2482757568359375,137.5,-0.2517242431640625,0,0,1
marist_vs_fairfield_20250112,2025-01-12,marist,Fairfield,2025,112.0,135.70709,23.70709228515625,135.5,0.20709228515625,1,0,0
marist_vs_rider_20250118,2025-01-18,marist,Rider,2025,121.0,130.47876,9.478759765625,128.0,2.478759765625,1,0,0
marist_vs_siena_20250131,2025-01-31,marist,Siena,2025,139.0,133.22948,5.7705230712890625,126.5,6.7294769287109375,1,1,1
marist_vs_iona_20250208,2025-02-08,marist,Iona,2025,146.0,131.32494,14.675064086914062,128.5,2.8249359130859375,1,1,1
marist_vs_canisius_20250221,2025-02-21,marist,Canisius,2025,170.0,132.12541,37.87458801269531,131.5,0.6254119873046875,1,1,1
marist_vs_niagara_20250223,2025-02-23,marist,Niagara,2025,125.0,132.61174,7.6117401123046875,129.0,3.6117401123046875,1,0,0
marist_vs_saint peter's_20250302,2025-03-02,marist,Saint Peter's,2025,109.0,127.66676,18.666763305664062,123.0,4.6667633056640625,1,0,0
marist_vs_merrimack_20250306,2025-03-06,marist,Merrimack,2025,128.0,128.20851,0.2085113525390625,126.5,1.7085113525390625,1,1,1
marist_vs_mount st. mary's_20250313,2025-03-13,marist,Mount St. Mary's,2025,120.0,134.84132,14.841323852539062,127.0,7.8413238525390625,1,0,0
marquette_vs_purdue_20241119,2024-11-19,marquette,Purdue,2025,134.0,149.0804,15.080398559570312,153.0,-3.9196014404296875,0,0,1
marquette_vs_stonehill_20241127,2024-11-27,marquette,Stonehill,2025,153.0,142.54477,10.455230712890625,142.5,0.044769287109375,1,1,1
marquette_vs_western carolina_20241130,2024-11-30,marquette,Western Carolina,2025,156.0,151.49997,4.500030517578125,151.0,0.499969482421875,1,1,1
marquette_vs_wisconsin_20241207,2024-12-07,marquette,Wisconsin,2025,162.0,150.42407,11.575927734375,150.0,0.424072265625,1,1,1
marquette_vs_butler_20241218,2024-12-18,marquette,Butler,2025,150.0,142.3923,7.607696533203125,148.5,-6.107696533203125,0,1,0
marquette_vs_creighton_20250103,2025-01-03,marquette,Creighton,2025,150.0,143.21985,6.7801513671875,147.0,-3.7801513671875,0,1,0
marquette_vs_georgetown_20250107,2025-01-07,marquette,Georgetown,2025,140.0,140.90817,0.908172607421875,144.5,-3.591827392578125,0,0,1
marquette_vs_xavier_20250118,2025-01-18,marquette,Xavier,2025,116.0,150.93831,34.93830871582031,149.0,1.9383087158203125,1,0,0
marquette_vs_villanova_20250124,2025-01-24,marquette,Villanova,2025,161.0,142.5382,18.461807250976562,142.0,0.5381927490234375,1,1,1
marquette_vs_connecticut_20250201,2025-02-01,marquette,Connecticut,2025,146.0,142.4088,3.5912017822265625,142.5,-0.0912017822265625,0,1,0
marquette_vs_depaul_20250211,2025-02-11,marquette,DePaul,2025,126.0,145.07707,19.077072143554688,141.5,3.5770721435546875,1,0,0
marquette_vs_seton hall_20250218,2025-02-18,marquette,Seton Hall,2025,136.0,137.95328,1.953277587890625,136.0,1.953277587890625,1,0,0
marquette_vs_providence_20250225,2025-02-25,marquette,Providence,2025,134.0,141.1997,7.19970703125,146.5,-5.30029296875,0,0,1
marquette_vs_st. john's (ny)_20250308,2025-03-08,marquette,St. John's (NY),2025,170.0,145.86842,24.131576538085938,146.0,-0.1315765380859375,0,1,0
marquette_vs_xavier_20250313,2025-03-13,marquette,Xavier,2025,176.0,144.45982,31.540176391601562,145.5,-1.0401763916015625,0,1,0
marquette_vs_st. john's (ny)_20250314,2025-03-14,marquette,St. John's (NY),2025,142.0,146.47903,4.479034423828125,144.5,1.979034423828125,1,0,0
marquette_vs_new mexico_20250321,2025-03-21,marquette,New Mexico,2025,141.0,152.08937,11.089370727539062,154.0,-1.9106292724609375,0,0,1
marshall_vs_bellarmine_20241116,2024-11-16,marshall,Bellarmine,2025,145.0,147.69128,2.6912841796875,146.0,1.6912841796875,1,0,0
marshall_vs_south carolina state_20241127,2024-11-27,marshall,South Carolina State,2025,135.0,144.15482,9.154815673828125,147.5,-3.345184326171875,0,0,1
marshall_vs_morehead state_20241204,2024-12-04,marshall,Morehead State,2025,157.0,142.45174,14.548263549804688,140.5,1.9517364501953125,1,1,1
marshall_vs_ohio_20241214,2024-12-14,marshall,Ohio,2025,149.0,153.61176,4.61175537109375,155.5,-1.88824462890625,0,0,1
marshall_vs_texas state_20250102,2025-01-02,marshall,Texas State,2025,148.0,142.79988,5.2001190185546875,141.5,1.2998809814453125,1,1,1
marshall_vs_troy_20250104,2025-01-04,marshall,Troy,2025,115.0,144.04271,29.042709350585938,144.0,0.0427093505859375,1,0,0
marshall_vs_james madison_20250109,2025-01-09,marshall,James Madison,2025,158.0,141.05984,16.940155029296875,142.5,-1.440155029296875,0,1,0
marshall_vs_georgia southern_20250111,2025-01-11,marshall,Georgia Southern,2025,150.0,147.56964,2.43035888671875,152.5,-4.93035888671875,0,0,1
marshall_vs_georgia state_20250130,2025-01-30,marshall,Georgia State,2025,166.0,149.74487,16.255126953125,150.5,-0.755126953125,0,1,0
marshall_vs_coastal carolina_20250201,2025-02-01,marshall,Coastal Carolina,2025,129.0,136.50478,7.5047760009765625,142.0,-5.4952239990234375,0,0,1
marshall_vs_arkansas state_20250205,2025-02-05,marshall,Arkansas State,2025,149.0,149.99696,0.9969635009765625,153.5,-3.5030364990234375,0,0,1
marshall_vs_old dominion_20250225,2025-02-25,marshall,Old Dominion,2025,149.0,146.71718,2.2828216552734375,148.0,-1.2828216552734375,0,1,0
marshall_vs_appalachian state_20250228,2025-02-28,marshall,Appalachian State,2025,132.0,135.77782,3.7778167724609375,134.5,1.2778167724609375,1,0,0
maryland_vs_marquette_20241115,2024-11-15,maryland,Marquette,2025,152.0,146.47104,5.528961181640625,147.0,-0.528961181640625,0,1,0
maryland_vs_canisius_20241119,2024-11-19,maryland,Canisius,2025,145.0,139.72346,5.2765350341796875,139.0,0.7234649658203125,1,1,1
maryland_vs_villanova_20241124,2024-11-24,maryland,Villanova,2025,151.0,141.32323,9.676773071289062,139.5,1.8232269287109375,1,1,1
maryland_vs_bucknell_20241127,2024-11-27,maryland,Bucknell,2025,158.0,150.61443,7.3855743408203125,140.5,10.114425659179688,1,1,1
maryland_vs_alcorn state_20241201,2024-12-01,maryland,Alcorn State,2025,154.0,140.13808,13.861923217773438,138.5,1.6380767822265625,1,1,1
maryland_vs_ohio state_20241204,2024-12-04,maryland,Ohio State,2025,142.0,148.84315,6.8431549072265625,146.5,2.3431549072265625,1,0,0
maryland_vs_saint francis (pa)_20241217,2024-12-17,maryland,Saint Francis (PA),2025,168.0,149.46321,18.536788940429688,146.5,2.9632110595703125,1,1,1
maryland_vs_syracuse_20241221,2024-12-21,maryland,Syracuse,2025,147.0,152.7489,5.7489013671875,153.0,-0.2510986328125,0,0,1
maryland_vs_maryland eastern shore_20241228,2024-12-28,maryland,Maryland Eastern Shore,2025,147.0,151.15059,4.1505889892578125,151.5,-0.3494110107421875,0,0,1
maryland_vs_ucla_20250110,2025-01-10,maryland,UCLA,2025,140.0,144.20566,4.205657958984375,137.0,7.205657958984375,1,1,1
maryland_vs_minnesota_20250113,2025-01-13,maryland,Minnesota,2025,148.0,141.31392,6.6860809326171875,138.0,3.3139190673828125,1,1,1
maryland_vs_nebraska_20250119,2025-01-19,maryland,Nebraska,2025,135.0,150.36638,15.366378784179688,146.5,3.8663787841796875,1,0,0
maryland_vs_wisconsin_20250129,2025-01-29,maryland,Wisconsin,2025,144.0,149.88315,5.883148193359375,152.0,-2.116851806640625,0,0,1
maryland_vs_rutgers_20250209,2025-02-09,maryland,Rutgers,2025,171.0,150.2277,20.772293090820312,150.0,0.2277069091796875,1,1,1
maryland_vs_iowa_20250216,2025-02-16,maryland,Iowa,2025,176.0,155.45525,20.544754028320312,163.5,-8.044754028320312,0,1,0
maryland_vs_southern california_20250220,2025-02-20,maryland,Southern California,2025,159.0,150.88995,8.11004638671875,155.0,-4.11004638671875,0,1,0
maryland_vs_michigan state_20250226,2025-02-26,maryland,Michigan State,2025,113.0,151.22525,38.225250244140625,150.0,1.225250244140625,1,0,0
maryland_vs_northwestern_20250308,2025-03-08,maryland,Northwestern,2025,135.0,143.33817,8.338165283203125,143.0,0.338165283203125,1,0,0
maryland_vs_michigan_20250315,2025-03-15,maryland,Michigan,2025,161.0,150.31891,10.68109130859375,149.0,1.31890869140625,1,1,1
maryland-baltimore-county_vs_coppin state_20241114,2024-11-14,maryland-baltimore-county,Coppin State,2025,159.0,152.80785,6.1921539306640625,147.5,5.3078460693359375,1,1,1
maryland-baltimore-county_vs_saint peter's_20241116,2024-11-16,maryland-baltimore-county,Saint Peter's,2025,130.0,148.26663,18.266632080078125,145.0,3.266632080078125,1,0,0
maryland-baltimore-county_vs_hampton_20241119,2024-11-19,maryland-baltimore-county,Hampton,2025,146.0,150.28346,4.2834625244140625,146.5,3.7834625244140625,1,0,0
maryland-baltimore-county_vs_boston university_20241123,2024-11-23,maryland-baltimore-county,Boston University,2025,146.0,144.4633,1.5366973876953125,144.5,-0.0366973876953125,0,1,0
maryland-baltimore-county_vs_howard_20241125,2024-11-25,maryland-baltimore-county,Howard,2025,172.0,153.4902,18.509796142578125,154.5,-1.009796142578125,0,1,0
maryland-baltimore-county_vs_morgan state_20241127,2024-11-27,maryland-baltimore-county,Morgan State,2025,161.0,155.26526,5.7347412109375,159.5,-4.2347412109375,0,1,0
maryland-baltimore-county_vs_new hampshire_20250116,2025-01-16,maryland-baltimore-county,New Hampshire,2025,155.0,150.40297,4.5970306396484375,152.5,-2.0970306396484375,0,1,0
maryland-baltimore-county_vs_maine_20250118,2025-01-18,maryland-baltimore-county,Maine,2025,149.0,147.47533,1.5246734619140625,151.0,-3.5246734619140625,0,0,1
maryland-baltimore-county_vs_bryant_20250130,2025-01-30,maryland-baltimore-county,Bryant,2025,178.0,163.33781,14.662185668945312,168.5,-5.1621856689453125,0,1,0
maryland-baltimore-county_vs_umass lowell_20250201,2025-02-01,maryland-baltimore-county,UMass Lowell,2025,150.0,157.73631,7.7363128662109375,165.5,-7.7636871337890625,0,0,1
maryland-baltimore-county_vs_binghamton_20250213,2025-02-13,maryland-baltimore-county,Binghamton,2025,158.0,151.6043,6.3957061767578125,149.0,2.6042938232421875,1,1,1
maryland-baltimore-county_vs_njit_20250222,2025-02-22,maryland-baltimore-county,NJIT,2025,186.0,147.60979,38.39021301269531,151.5,-3.8902130126953125,0,1,0
maryland-baltimore-county_vs_albany (ny)_20250227,2025-02-27,maryland-baltimore-county,Albany (NY),2025,152.0,157.75217,5.752166748046875,158.0,-0.247833251953125,0,0,1
maryland-baltimore-county_vs_vermont_20250301,2025-03-01,maryland-baltimore-county,Vermont,2025,148.0,143.04442,4.9555816650390625,143.0,0.0444183349609375,1,1,1
maryland-eastern-shore_vs_wagner_20241208,2024-12-08,maryland-eastern-shore,Wagner,2025,124.0,126.657486,2.6574859619140625,127.0,-0.3425140380859375,0,0,1
maryland-eastern-shore_vs_delaware state_20250125,2025-01-25,maryland-eastern-shore,Delaware State,2025,139.0,145.93088,6.930877685546875,146.0,-0.069122314453125,0,0,1
maryland-eastern-shore_vs_coppin state_20250203,2025-02-03,maryland-eastern-shore,Coppin State,2025,119.0,134.30002,15.300018310546875,140.5,-6.199981689453125,0,0,1
maryland-eastern-shore_vs_howard_20250210,2025-02-10,maryland-eastern-shore,Howard,2025,134.0,149.57718,15.577178955078125,150.5,-0.922821044921875,0,0,1
maryland-eastern-shore_vs_norfolk state_20250215,2025-02-15,maryland-eastern-shore,Norfolk State,2025,138.0,146.13268,8.132675170898438,140.0,6.1326751708984375,1,0,0
maryland-eastern-shore_vs_south carolina state_20250224,2025-02-24,maryland-eastern-shore,South Carolina State,2025,149.0,144.2526,4.747406005859375,142.5,1.752593994140625,1,1,1
maryland-eastern-shore_vs_north carolina central_20250226,2025-02-26,maryland-eastern-shore,North Carolina Central,2025,127.0,147.02542,20.025421142578125,145.0,2.025421142578125,1,0,0
maryland-eastern-shore_vs_morgan state_20250301,2025-03-01,maryland-eastern-shore,Morgan State,2025,147.0,152.96109,5.961090087890625,150.0,2.961090087890625,1,0,0
maryland-eastern-shore_vs_norfolk state_20250312,2025-03-12,maryland-eastern-shore,Norfolk State,2025,147.0,146.56566,0.4343414306640625,139.5,7.0656585693359375,1,1,1
massachusetts_vs_hofstra_20241116,2024-11-16,massachusetts,Hofstra,2025,146.0,145.48244,0.5175628662109375,145.0,0.4824371337890625,1,1,1
massachusetts_vs_temple_20241123,2024-11-23,massachusetts,Temple,2025,167.0,151.25319,15.746810913085938,148.5,2.7531890869140625,1,1,1
massachusetts_vs_njit_20241201,2024-12-01,massachusetts,NJIT,2025,148.0,136.19394,11.806060791015625,141.0,-4.806060791015625,0,1,0
massachusetts_vs_central connecticut state_20241204,2024-12-04,massachusetts,Central Connecticut State,2025,142.0,139.8769,2.1230926513671875,138.5,1.3769073486328125,1,1,1
massachusetts_vs_umass lowell_20241207,2024-12-07,massachusetts,UMass Lowell,2025,179.0,152.89534,26.104660034179688,154.5,-1.6046600341796875,0,1,0
massachusetts_vs_northeastern_20241218,2024-12-18,massachusetts,Northeastern,2025,149.0,146.89072,2.109283447265625,147.0,-0.109283447265625,0,1,0
massachusetts_vs_richmond_20250104,2025-01-04,massachusetts,Richmond,2025,136.0,146.35281,10.352813720703125,147.0,-0.647186279296875,0,0,1
massachusetts_vs_dayton_20250108,2025-01-08,massachusetts,Dayton,2025,148.0,145.66112,2.3388824462890625,147.5,-1.8388824462890625,0,1,0
massachusetts_vs_la salle_20250119,2025-01-19,massachusetts,La Salle,2025,142.0,155.24522,13.245223999023438,158.0,-2.7547760009765625,0,0,1
massachusetts_vs_george washington_20250122,2025-01-22,massachusetts,George Washington,2025,135.0,148.9615,13.961502075195312,154.5,-5.5384979248046875,0,0,1
massachusetts_vs_saint louis_20250204,2025-02-04,massachusetts,Saint Louis,2025,144.0,146.7732,2.773193359375,152.0,-5.226806640625,0,0,1
massachusetts_vs_davidson_20250212,2025-02-12,massachusetts,Davidson,2025,145.0,146.69789,1.6978912353515625,147.5,-0.8021087646484375,0,0,1
massachusetts_vs_st. bonaventure_20250215,2025-02-15,massachusetts,St. Bonaventure,2025,132.0,140.59323,8.593231201171875,139.0,1.593231201171875,1,0,0
massachusetts_vs_rhode island_20250301,2025-03-01,massachusetts,Rhode Island,2025,179.0,148.5524,30.447601318359375,155.5,-6.947601318359375,0,1,0
massachusetts_vs_loyola chicago_20250308,2025-03-08,massachusetts,Loyola Chicago,2025,125.0,147.47409,22.474090576171875,148.0,-0.525909423828125,0,0,1
massachusetts-lowell_vs_quinnipiac_20241123,2024-11-23,massachusetts-lowell,Quinnipiac,2025,150.0,153.856,3.8560028076171875,153.0,0.8560028076171875,1,0,0
massachusetts-lowell_vs_merrimack_20241125,2024-11-25,massachusetts-lowell,Merrimack,2025,155.0,139.92957,15.0704345703125,137.5,2.4295654296875,1,1,1
massachusetts-lowell_vs_liu_20241211,2024-12-11,massachusetts-lowell,LIU,2025,131.0,150.16254,19.16253662109375,151.5,-1.33746337890625,0,0,1
massachusetts-lowell_vs_dartmouth_20241214,2024-12-14,massachusetts-lowell,Dartmouth,2025,175.0,155.72359,19.276412963867188,154.5,1.2235870361328125,1,1,1
massachusetts-lowell_vs_stonehill_20241218,2024-12-18,massachusetts-lowell,Stonehill,2025,145.0,151.91118,6.9111785888671875,148.0,3.9111785888671875,1,0,0
massachusetts-lowell_vs_boston university_20241221,2024-12-21,massachusetts-lowell,Boston University,2025,154.0,150.2883,3.711700439453125,144.0,6.288299560546875,1,1,1
massachusetts-lowell_vs_vermont_20250109,2025-01-09,massachusetts-lowell,Vermont,2025,130.0,142.78607,12.78607177734375,135.5,7.28607177734375,1,0,0
massachusetts-lowell_vs_njit_20250111,2025-01-11,massachusetts-lowell,NJIT,2025,132.0,141.4888,9.488800048828125,143.0,-1.511199951171875,0,0,1
massachusetts-lowell_vs_maine_20250123,2025-01-23,massachusetts-lowell,Maine,2025,171.0,149.6672,21.332794189453125,145.5,4.167205810546875,1,1,1
massachusetts-lowell_vs_new hampshire_20250125,2025-01-25,massachusetts-lowell,New Hampshire,2025,177.0,151.8032,25.196792602539062,148.5,3.3032073974609375,1,1,1
massachusetts-lowell_vs_albany (ny)_20250213,2025-02-13,massachusetts-lowell,Albany (NY),2025,178.0,157.34113,20.65887451171875,150.5,6.84112548828125,1,1,1
massachusetts-lowell_vs_umbc_20250220,2025-02-20,massachusetts-lowell,UMBC,2025,177.0,157.40929,19.590713500976562,163.5,-6.0907135009765625,0,1,0
massachusetts-lowell_vs_bryant_20250227,2025-02-27,massachusetts-lowell,Bryant,2025,157.0,161.33235,4.3323516845703125,162.5,-1.1676483154296875,0,0,1
massachusetts-lowell_vs_binghamton_20250301,2025-03-01,massachusetts-lowell,Binghamton,2025,132.0,149.68668,17.686676025390625,150.5,-0.813323974609375,0,0,1
mcneese-state_vs_north texas_20241118,2024-11-18,mcneese-state,North Texas,2025,129.0,136.27759,7.277587890625,129.0,7.277587890625,1,0,0
mcneese-state_vs_santa clara_20241203,2024-12-03,mcneese-state,Santa Clara,2025,141.0,143.3277,2.32769775390625,146.5,-3.17230224609375,0,0,1
mcneese-state_vs_mississippi state_20241214,2024-12-14,mcneese-state,Mississippi State,2025,129.0,143.0037,14.003692626953125,144.0,-0.996307373046875,0,0,1
mcneese-state_vs_new orleans_20241228,2024-12-28,mcneese-state,New Orleans,2025,147.0,143.66313,3.3368682861328125,144.5,-0.8368682861328125,0,1,0
mcneese-state_vs_southeastern louisiana_20241230,2024-12-30,mcneese-state,Southeastern Louisiana,2025,130.0,139.8068,9.806793212890625,134.0,5.806793212890625,1,0,0
mcneese-state_vs_lamar_20250118,2025-01-18,mcneese-state,Lamar,2025,139.0,140.07474,1.074737548828125,136.0,4.074737548828125,1,1,1
mcneese-state_vs_stephen f. austin_20250120,2025-01-20,mcneese-state,Stephen F. Austin,2025,138.0,131.26561,6.7343902587890625,133.0,-1.7343902587890625,0,1,0
mcneese-state_vs_incarnate word_20250203,2025-02-03,mcneese-state,Incarnate Word,2025,132.0,138.46188,6.461883544921875,141.0,-2.538116455078125,0,0,1
mcneese-state_vs_northwestern state_20250208,2025-02-08,mcneese-state,Northwestern State,2025,115.0,135.7248,20.72479248046875,133.5,2.22479248046875,1,0,0
mcneese-state_vs_texas a&mâcommerce_20250210,2025-02-10,mcneese-state,Texas A&MâCommerce,2025,118.0,138.97403,20.974029541015625,,,0,0,1
mcneese-state_vs_texas a&mâcorpus christi_20250222,2025-02-22,mcneese-state,Texas A&MâCorpus Christi,2025,130.0,138.92093,8.920928955078125,,,0,0,1
mcneese-state_vs_northwestern state_20250311,2025-03-11,mcneese-state,Northwestern State,2025,147.0,134.8463,12.153701782226562,132.5,2.3462982177734375,1,1,1
mcneese-state_vs_purdue_20250322,2025-03-22,mcneese-state,Purdue,2025,138.0,136.30971,1.6902923583984375,140.5,-4.1902923583984375,0,0,1
memphis_vs_ohio_20241115,2024-11-15,memphis,Ohio,2025,164.0,148.16873,15.831268310546875,161.5,-13.331268310546875,0,1,0
memphis_vs_michigan state_20241126,2024-11-26,memphis,Michigan State,2025,134.0,154.3358,20.335800170898438,150.5,3.8358001708984375,1,0,0
memphis_vs_louisiana tech_20241204,2024-12-04,memphis,Louisiana Tech,2025,152.0,149.63297,2.367034912109375,148.5,1.132965087890625,1,1,1
memphis_vs_arkansas state_20241208,2024-12-08,memphis,Arkansas State,2025,157.0,151.22038,5.7796173095703125,152.0,-0.7796173095703125,0,1,0
memphis_vs_mississippi state_20241221,2024-12-21,memphis,Mississippi State,2025,145.0,148.57988,3.5798797607421875,151.5,-2.9201202392578125,0,0,1
memphis_vs_north texas_20250105,2025-01-05,memphis,North Texas,2025,132.0,133.9282,1.9282073974609375,136.5,-2.5717926025390625,0,0,1
memphis_vs_east carolina_20250111,2025-01-11,memphis,East Carolina,2025,144.0,148.42381,4.4238128662109375,148.5,-0.0761871337890625,0,0,1
memphis_vs_wichita state_20250123,2025-01-23,memphis,Wichita State,2025,114.0,150.95485,36.95484924316406,156.5,-5.5451507568359375,0,0,1
memphis_vs_uab_20250126,2025-01-26,memphis,UAB,2025,177.0,152.18633,24.813674926757812,158.5,-6.3136749267578125,0,1,0
memphis_vs_tulsa_20250205,2025-02-05,memphis,Tulsa,2025,154.0,148.4047,5.595306396484375,147.5,0.904693603515625,1,1,1
memphis_vs_temple_20250209,2025-02-09,memphis,Temple,2025,172.0,151.45792,20.542083740234375,154.5,-3.042083740234375,0,1,0
memphis_vs_florida atlantic_20250223,2025-02-23,memphis,Florida Atlantic,2025,149.0,155.0791,6.0791015625,161.5,-6.4208984375,0,0,1
memphis_vs_rice_20250226,2025-02-26,memphis,Rice,2025,156.0,142.96619,13.0338134765625,148.5,-5.5338134765625,0,1,0
memphis_vs_south florida_20250307,2025-03-07,memphis,South Florida,2025,152.0,147.92967,4.0703277587890625,153.0,-5.0703277587890625,0,0,1
memphis_vs_wichita state_20250314,2025-03-14,memphis,Wichita State,2025,163.0,148.52379,14.476211547851562,146.5,2.0237884521484375,1,1,1
memphis_vs_tulane_20250315,2025-03-15,memphis,Tulane,2025,155.0,146.38463,8.615371704101562,148.5,-2.1153717041015625,0,1,0
mercer_vs_miami (oh)_20241126,2024-11-26,mercer,Miami (OH),2025,147.0,152.11998,5.1199798583984375,151.0,1.1199798583984375,1,0,0
mercer_vs_west georgia_20241204,2024-12-04,mercer,West Georgia,2025,158.0,149.8492,8.150802612304688,144.5,5.3491973876953125,1,1,1
mercer_vs_chicago state_20241215,2024-12-15,mercer,Chicago State,2025,138.0,154.3382,16.33819580078125,150.5,3.83819580078125,1,0,0
mercer_vs_chattanooga_20250101,2025-01-01,mercer,Chattanooga,2025,193.0,155.22322,37.77677917480469,154.5,0.7232208251953125,1,1,1
mercer_vs_east tennessee state_20250108,2025-01-08,mercer,East Tennessee State,2025,138.0,152.07889,14.078887939453125,151.5,0.578887939453125,1,0,0
mercer_vs_samford_20250115,2025-01-15,mercer,Samford,2025,149.0,163.99011,14.9901123046875,165.0,-1.0098876953125,0,0,1
mercer_vs_furman_20250125,2025-01-25,mercer,Furman,2025,153.0,151.85486,1.1451416015625,153.5,-1.6451416015625,0,0,1
mercer_vs_the citadel_20250129,2025-01-29,mercer,The Citadel,2025,126.0,146.82008,20.820083618164062,145.5,1.3200836181640625,1,0,0
mercer_vs_wofford_20250208,2025-02-08,mercer,Wofford,2025,143.0,150.44765,7.4476470947265625,149.0,1.4476470947265625,1,0,0
mercer_vs_vmi_20250215,2025-02-15,mercer,VMI,2025,151.0,152.36653,1.3665313720703125,155.5,-3.1334686279296875,0,0,1
mercer_vs_unc greensboro_20250222,2025-02-22,mercer,UNC Greensboro,2025,139.0,144.24483,5.2448272705078125,144.5,-0.2551727294921875,0,0,1
mercer_vs_western carolina_20250301,2025-03-01,mercer,Western Carolina,2025,150.0,153.87248,3.8724822998046875,158.5,-4.6275177001953125,0,0,1
mercer_vs_western carolina_20250307,2025-03-07,mercer,Western Carolina,2025,133.0,151.63214,18.63214111328125,154.0,-2.36785888671875,0,0,1
mercyhurst_vs_lafayette_20241207,2024-12-07,mercyhurst,Lafayette,2025,150.0,133.87727,16.122726440429688,130.5,3.3772735595703125,1,1,1
mercyhurst_vs_stonehill_20250103,2025-01-03,mercyhurst,Stonehill,2025,145.0,138.40674,6.59326171875,133.5,4.90673828125,1,1,1
mercyhurst_vs_central connecticut state_20250105,2025-01-05,mercyhurst,Central Connecticut State,2025,112.0,135.48596,23.4859619140625,129.0,6.4859619140625,1,0,0
mercyhurst_vs_wagner_20250124,2025-01-24,mercyhurst,Wagner,2025,137.0,126.59903,10.400970458984375,118.5,8.099029541015625,1,1,1
mercyhurst_vs_liu_20250126,2025-01-26,mercyhurst,LIU,2025,165.0,127.309845,37.690155029296875,126.0,1.309844970703125,1,1,1
mercyhurst_vs_saint francis (pa)_20250130,2025-01-30,mercyhurst,Saint Francis (PA),2025,120.0,140.44344,20.443435668945312,136.0,4.4434356689453125,1,0,0
mercyhurst_vs_le moyne_20250208,2025-02-08,mercyhurst,Le Moyne,2025,160.0,141.9387,18.061294555664062,143.5,-1.5612945556640625,0,1,0
mercyhurst_vs_chicago state_20250227,2025-02-27,mercyhurst,Chicago State,2025,158.0,135.48833,22.511672973632812,138.0,-2.5116729736328125,0,1,0
merrimack_vs_princeton_20241117,2024-11-17,merrimack,Princeton,2025,125.0,133.45137,8.451370239257812,137.0,-3.5486297607421875,0,0,1
merrimack_vs_utsa_20241127,2024-11-27,merrimack,UTSA,2025,150.0,142.96443,7.0355682373046875,140.5,2.4644317626953125,1,1,1
merrimack_vs_boston university_20241213,2024-12-13,merrimack,Boston University,2025,125.0,133.071,8.070999145507812,126.5,6.5709991455078125,1,0,0
merrimack_vs_fairfield_20250103,2025-01-03,merrimack,Fairfield,2025,121.0,134.20341,13.203414916992188,139.5,-5.2965850830078125,0,0,1
merrimack_vs_manhattan_20250112,2025-01-12,merrimack,Manhattan,2025,131.0,139.29753,8.297531127929688,141.0,-1.7024688720703125,0,0,1
merrimack_vs_siena_20250118,2025-01-18,merrimack,Siena,2025,122.0,132.90488,10.904876708984375,132.0,0.904876708984375,1,0,0
merrimack_vs_mount st. mary's_20250131,2025-01-31,merrimack,Mount St. Mary's,2025,124.0,132.89615,8.896148681640625,132.0,0.896148681640625,1,0,0
merrimack_vs_niagara_20250206,2025-02-06,merrimack,Niagara,2025,123.0,130.93935,7.9393463134765625,126.0,4.9393463134765625,1,0,0
merrimack_vs_canisius_20250208,2025-02-08,merrimack,Canisius,2025,120.0,131.41713,11.417129516601562,131.5,-0.0828704833984375,0,0,1
merrimack_vs_marist_20250216,2025-02-16,merrimack,Marist,2025,121.0,129.05672,8.056716918945312,124.5,4.5567169189453125,1,0,0
merrimack_vs_sacred heart_20250221,2025-02-21,merrimack,Sacred Heart,2025,119.0,139.85791,20.85791015625,145.5,-5.64208984375,0,0,1
merrimack_vs_rider_20250228,2025-02-28,merrimack,Rider,2025,161.0,132.15231,28.847686767578125,131.0,1.152313232421875,1,1,1
merrimack_vs_quinnipiac_20250302,2025-03-02,merrimack,Quinnipiac,2025,136.0,135.13846,0.861541748046875,141.0,-5.861541748046875,0,0,1
merrimack_vs_sacred heart_20250312,2025-03-12,merrimack,Sacred Heart,2025,128.0,141.20113,13.201126098632812,137.5,3.7011260986328125,1,0,0
merrimack_vs_mount st. mary's_20250314,2025-03-14,merrimack,Mount St. Mary's,2025,112.0,134.08656,22.086563110351562,125.5,8.586563110351562,1,0,0
miami-fl_vs_coppin state_20241117,2024-11-17,miami-fl,Coppin State,2025,156.0,149.3551,6.6448974609375,141.5,7.8551025390625,1,1,1
miami-fl_vs_oklahoma state_20241122,2024-11-22,miami-fl,Oklahoma State,2025,154.0,153.50282,0.4971771240234375,158.0,-4.4971771240234375,0,0,1
miami-fl_vs_vcu_20241124,2024-11-24,miami-fl,VCU,2025,147.0,140.66098,6.339019775390625,146.0,-5.339019775390625,0,1,0
miami-fl_vs_charleston southern_20241130,2024-11-30,miami-fl,Charleston Southern,2025,162.0,150.22188,11.778121948242188,150.5,-0.2781219482421875,0,1,0
miami-fl_vs_arkansas_20241203,2024-12-03,miami-fl,Arkansas,2025,149.0,148.96109,0.038909912109375,156.5,-7.538909912109375,0,0,1
miami-fl_vs_clemson_20241207,2024-12-07,miami-fl,Clemson,2025,120.0,142.81406,22.814056396484375,147.5,-4.685943603515625,0,0,1
miami-fl_vs_tennessee_20241210,2024-12-10,miami-fl,Tennessee,2025,137.0,139.80386,2.803863525390625,145.0,-5.196136474609375,0,0,1
miami-fl_vs_presbyterian_20241215,2024-12-15,miami-fl,Presbyterian,2025,169.0,147.46352,21.536483764648438,143.5,3.9635162353515625,1,1,1
miami-fl_vs_mount st. mary's_20241221,2024-12-21,miami-fl,Mount St. Mary's,2025,152.0,150.71895,1.2810516357421875,151.0,-0.2810516357421875,0,1,0
miami-fl_vs_florida state_20250108,2025-01-08,miami-fl,Florida State,2025,145.0,154.30115,9.3011474609375,152.5,1.8011474609375,1,0,0
miami-fl_vs_wake forest_20250111,2025-01-11,miami-fl,Wake Forest,2025,166.0,142.53593,23.464065551757812,143.5,-0.9640655517578125,0,1,0
miami-fl_vs_smu_20250118,2025-01-18,miami-fl,SMU,2025,191.0,156.56895,34.43104553222656,155.5,1.0689544677734375,1,1,1
miami-fl_vs_virginia_20250129,2025-01-29,miami-fl,Virginia,2025,153.0,137.7126,15.287399291992188,134.5,3.2126007080078125,1,1,1
miami-fl_vs_notre dame_20250201,2025-02-01,miami-fl,Notre Dame,2025,120.0,149.37378,29.373779296875,147.5,1.873779296875,1,0,0
miami-fl_vs_syracuse_20250211,2025-02-11,miami-fl,Syracuse,2025,175.0,153.96068,21.039321899414062,150.5,3.4606781005859375,1,1,1
miami-fl_vs_virginia tech_20250222,2025-02-22,miami-fl,Virginia Tech,2025,149.0,146.58653,2.4134674072265625,145.5,1.0865325927734375,1,1,1
miami-fl_vs_duke_20250225,2025-02-25,miami-fl,Duke,2025,157.0,147.85687,9.14312744140625,152.5,-4.64312744140625,0,1,0
miami-fl_vs_nc state_20250308,2025-03-08,miami-fl,NC State,2025,142.0,145.80592,3.8059234619140625,149.5,-3.6940765380859375,0,0,1
miami-oh_vs_siena_20241125,2024-11-25,miami-oh,Siena,2025,128.0,144.33835,16.338348388671875,136.0,8.338348388671875,1,0,0
miami-oh_vs_air force_20241202,2024-12-02,miami-oh,Air Force,2025,133.0,132.878,0.1219940185546875,131.5,1.3780059814453125,1,1,1
miami-oh_vs_sacred heart_20241222,2024-12-22,miami-oh,Sacred Heart,2025,170.0,149.37885,20.62115478515625,147.5,1.87884521484375,1,1,1
miami-oh_vs_buffalo_20250104,2025-01-04,miami-oh,Buffalo,2025,172.0,154.70508,17.294921875,150.0,4.705078125,1,1,1
miami-oh_vs_bowling green_20250121,2025-01-21,miami-oh,Bowling Green,2025,160.0,153.56322,6.4367828369140625,149.5,4.0632171630859375,1,1,1
miami-oh_vs_eastern michigan_20250128,2025-01-28,miami-oh,Eastern Michigan,2025,169.0,153.77863,15.22137451171875,152.5,1.27862548828125,1,1,1
miami-oh_vs_ohio_20250201,2025-02-01,miami-oh,Ohio,2025,142.0,157.7574,15.757400512695312,161.0,-3.2425994873046875,0,0,1
miami-oh_vs_troy_20250208,2025-02-08,miami-oh,Troy,2025,131.0,145.1933,14.19329833984375,141.0,4.19329833984375,1,0,0
miami-oh_vs_toledo_20250211,2025-02-11,miami-oh,Toledo,2025,172.0,154.12318,17.876815795898438,156.5,-2.3768157958984375,0,1,0
miami-oh_vs_kent state_20250221,2025-02-21,miami-oh,Kent State,2025,188.0,145.45668,42.54331970214844,147.5,-2.0433197021484375,0,1,0
miami-oh_vs_northern illinois_20250225,2025-02-25,miami-oh,Northern Illinois,2025,145.0,155.62215,10.622146606445312,151.0,4.6221466064453125,1,0,0
miami-oh_vs_ball state_20250307,2025-03-07,miami-oh,Ball State,2025,145.0,153.64221,8.6422119140625,150.5,3.1422119140625,1,0,0
michigan_vs_tcu_20241115,2024-11-15,michigan,TCU,2025,140.0,148.36273,8.36273193359375,153.0,-4.63726806640625,0,0,1
michigan_vs_miami (oh)_20241118,2024-11-18,michigan,Miami (OH),2025,161.0,147.08229,13.917709350585938,150.5,-3.4177093505859375,0,1,0
michigan_vs_tarleton state_20241121,2024-11-21,michigan,Tarleton State,2025,121.0,152.19917,31.199172973632812,147.5,4.6991729736328125,1,0,0
michigan_vs_virginia tech_20241125,2024-11-25,michigan,Virginia Tech,2025,138.0,146.11577,8.115768432617188,146.5,-0.3842315673828125,0,0,1
michigan_vs_xavier_20241127,2024-11-27,michigan,Xavier,2025,131.0,150.53535,19.535354614257812,153.5,-2.9646453857421875,0,0,1
michigan_vs_iowa_20241207,2024-12-07,michigan,Iowa,2025,168.0,156.1376,11.862396240234375,159.0,-2.862396240234375,0,1,0
michigan_vs_oklahoma_20241218,2024-12-18,michigan,Oklahoma,2025,173.0,149.97638,23.02362060546875,149.5,0.47637939453125,1,1,1
michigan_vs_western kentucky_20241229,2024-12-29,michigan,Western Kentucky,2025,176.0,157.36678,18.633224487304688,159.5,-2.1332244873046875,0,1,0
michigan_vs_washington_20250112,2025-01-12,michigan,Washington,2025,166.0,150.95697,15.04302978515625,154.5,-3.54302978515625,0,1,0
michigan_vs_northwestern_20250119,2025-01-19,michigan,Northwestern,2025,156.0,148.92448,7.0755157470703125,147.5,1.4244842529296875,1,1,1
michigan_vs_penn state_20250127,2025-01-27,michigan,Penn State,2025,148.0,155.69041,7.6904144287109375,159.5,-3.8095855712890625,0,0,1
michigan_vs_oregon_20250205,2025-02-05,michigan,Oregon,2025,156.0,151.21301,4.7869873046875,152.5,-1.2869873046875,0,1,0
michigan_vs_purdue_20250211,2025-02-11,michigan,Purdue,2025,148.0,145.78731,2.2126922607421875,152.5,-6.7126922607421875,0,0,1
michigan_vs_michigan state_20250221,2025-02-21,michigan,Michigan State,2025,137.0,150.83371,13.833709716796875,150.5,0.333709716796875,1,0,0
michigan_vs_rutgers_20250227,2025-02-27,michigan,Rutgers,2025,166.0,151.88358,14.116424560546875,155.5,-3.616424560546875,0,1,0
michigan_vs_illinois_20250302,2025-03-02,michigan,Illinois,2025,166.0,155.46361,10.536392211914062,162.5,-7.0363922119140625,0,1,0
michigan_vs_maryland_20250305,2025-03-05,michigan,Maryland,2025,136.0,152.25938,16.259384155273438,156.0,-3.7406158447265625,0,0,1
michigan_vs_purdue_20250314,2025-03-14,michigan,Purdue,2025,154.0,143.54677,10.453231811523438,149.5,-5.9532318115234375,0,1,0
michigan_vs_wisconsin_20250316,2025-03-16,michigan,Wisconsin,2025,112.0,147.64134,35.64134216308594,152.5,-4.8586578369140625,0,0,1
michigan_vs_texas a&m_20250322,2025-03-22,michigan,Texas A&M,2025,170.0,144.3081,25.69189453125,143.5,0.80810546875,1,1,1
michigan-state_vs_bowling green_20241116,2024-11-16,michigan-state,Bowling Green,2025,158.0,151.95662,6.0433807373046875,152.0,-0.0433807373046875,0,1,0
michigan-state_vs_samford_20241119,2024-11-19,michigan-state,Samford,2025,158.0,158.64676,0.646759033203125,164.0,-5.353240966796875,0,0,1
michigan-state_vs_north carolina_20241127,2024-11-27,michigan-state,North Carolina,2025,185.0,151.80737,33.192626953125,157.5,-5.692626953125,0,1,0
michigan-state_vs_nebraska_20241207,2024-12-07,michigan-state,Nebraska,2025,141.0,152.26958,11.269577026367188,146.5,5.7695770263671875,1,0,0
michigan-state_vs_oakland_20241217,2024-12-17,michigan-state,Oakland,2025,135.0,138.41447,3.4144744873046875,133.5,4.9144744873046875,1,1,1
michigan-state_vs_florida atlantic_20241221,2024-12-21,michigan-state,Florida Atlantic,2025,155.0,157.2449,2.244903564453125,156.0,1.244903564453125,1,0,0
michigan-state_vs_washington_20250109,2025-01-09,michigan-state,Washington,2025,142.0,144.53796,2.5379638671875,144.5,0.0379638671875,1,0,0
michigan-state_vs_penn state_20250115,2025-01-15,michigan-state,Penn State,2025,175.0,153.40509,21.59490966796875,152.0,1.40509033203125,1,1,1
michigan-state_vs_illinois_20250119,2025-01-19,michigan-state,Illinois,2025,158.0,155.2308,2.769195556640625,160.0,-4.769195556640625,0,0,1
michigan-state_vs_minnesota_20250128,2025-01-28,michigan-state,Minnesota,2025,124.0,142.9148,18.914794921875,140.0,2.914794921875,1,0,0
michigan-state_vs_oregon_20250208,2025-02-08,michigan-state,Oregon,2025,160.0,149.26367,10.736328125,147.5,1.763671875,1,1,1
michigan-state_vs_indiana_20250211,2025-02-11,michigan-state,Indiana,2025,138.0,149.17685,11.176849365234375,148.5,0.676849365234375,1,0,0
michigan-state_vs_purdue_20250218,2025-02-18,michigan-state,Purdue,2025,141.0,144.04189,3.0418853759765625,148.5,-4.4581146240234375,0,0,1
michigan-state_vs_wisconsin_20250302,2025-03-02,michigan-state,Wisconsin,2025,133.0,143.56313,10.563125610351562,146.5,-2.9368743896484375,0,0,1
michigan-state_vs_michigan_20250309,2025-03-09,michigan-state,Michigan,2025,141.0,147.20094,6.2009429931640625,148.5,-1.2990570068359375,0,0,1
michigan-state_vs_oregon_20250314,2025-03-14,michigan-state,Oregon,2025,138.0,141.90646,3.906463623046875,141.5,0.406463623046875,1,0,0
michigan-state_vs_wisconsin_20250315,2025-03-15,michigan-state,Wisconsin,2025,151.0,142.63623,8.36376953125,145.5,-2.86376953125,0,1,0
michigan-state_vs_new mexico_20250323,2025-03-23,michigan-state,New Mexico,2025,134.0,150.34985,16.349853515625,148.5,1.849853515625,1,0,0
middle-tennessee_vs_murray state_20241116,2024-11-16,middle-tennessee,Murray State,2025,155.0,153.90071,1.0992889404296875,146.0,7.9007110595703125,1,1,1
middle-tennessee_vs_ohio_20241121,2024-11-21,middle-tennessee,Ohio,2025,164.0,148.75307,15.246932983398438,147.5,1.2530670166015625,1,1,1
middle-tennessee_vs_south florida_20241122,2024-11-22,middle-tennessee,South Florida,2025,183.0,146.00708,36.992919921875,145.0,1.007080078125,1,1,1
middle-tennessee_vs_california baptist_20241216,2024-12-16,middle-tennessee,California Baptist,2025,139.0,154.35413,15.3541259765625,148.5,5.8541259765625,1,0,0
middle-tennessee_vs_lipscomb_20241219,2024-12-19,middle-tennessee,Lipscomb,2025,132.0,150.4669,18.466903686523438,148.5,1.9669036865234375,1,0,0
middle-tennessee_vs_kennesaw state_20250109,2025-01-09,middle-tennessee,Kennesaw State,2025,163.0,154.25304,8.746963500976562,158.5,-4.2469635009765625,0,1,0
middle-tennessee_vs_jacksonville state_20250111,2025-01-11,middle-tennessee,Jacksonville State,2025,145.0,145.92352,0.92352294921875,145.0,0.92352294921875,1,0,0
middle-tennessee_vs_western kentucky_20250118,2025-01-18,middle-tennessee,Western Kentucky,2025,128.0,157.1773,29.17730712890625,157.5,-0.32269287109375,0,0,1
middle-tennessee_vs_new mexico state_20250130,2025-01-30,middle-tennessee,New Mexico State,2025,118.0,143.06252,25.062515258789062,141.5,1.5625152587890625,1,0,0
middle-tennessee_vs_utep_20250201,2025-02-01,middle-tennessee,UTEP,2025,139.0,143.19823,4.1982269287109375,143.5,-0.3017730712890625,0,0,1
middle-tennessee_vs_louisiana tech_20250220,2025-02-20,middle-tennessee,Louisiana Tech,2025,159.0,144.2493,14.750701904296875,141.0,3.249298095703125,1,1,1
middle-tennessee_vs_sam houston state_20250222,2025-02-22,middle-tennessee,Sam Houston State,2025,144.0,152.73079,8.730789184570312,150.0,2.7307891845703125,1,0,0
middle-tennessee_vs_liberty_20250306,2025-03-06,middle-tennessee,Liberty,2025,167.0,139.91048,27.089523315429688,140.0,-0.0895233154296875,0,1,0
middle-tennessee_vs_florida international_20250308,2025-03-08,middle-tennessee,Florida International,2025,134.0,147.81831,13.818313598632812,145.0,2.8183135986328125,1,0,0
middle-tennessee_vs_chattanooga_20250318,2025-03-18,middle-tennessee,Chattanooga,2025,212.0,147.2316,64.76840209960938,153.5,-6.268402099609375,0,1,0
milwaukee_vs_portland state_20241122,2024-11-22,milwaukee,Portland State,2025,165.0,165.14763,0.1476287841796875,162.5,2.6476287841796875,1,1,1
milwaukee_vs_wofford_20241123,2024-11-23,milwaukee,Wofford,2025,150.0,153.84006,3.840057373046875,149.0,4.840057373046875,1,1,1
milwaukee_vs_st. thomas_20241124,2024-11-24,milwaukee,St. Thomas,2025,134.0,156.19025,22.19024658203125,152.5,3.69024658203125,1,0,0
milwaukee_vs_cleveland state_20241205,2024-12-05,milwaukee,Cleveland State,2025,146.0,144.29134,1.7086639404296875,140.5,3.7913360595703125,1,1,1
milwaukee_vs_iu indy_20241229,2024-12-29,milwaukee,IU Indy,2025,169.0,151.67789,17.322113037109375,148.5,3.177886962890625,1,1,1
milwaukee_vs_green bay_20250111,2025-01-11,milwaukee,Green Bay,2025,129.0,146.00601,17.006011962890625,150.0,-3.993988037109375,0,0,1
milwaukee_vs_youngstown state_20250117,2025-01-17,milwaukee,Youngstown State,2025,143.0,142.28883,0.7111663818359375,146.5,-4.2111663818359375,0,0,1
milwaukee_vs_robert morris_20250119,2025-01-19,milwaukee,Robert Morris,2025,160.0,145.27957,14.720428466796875,149.5,-4.220428466796875,0,1,0
milwaukee_vs_wright state_20250214,2025-02-14,milwaukee,Wright State,2025,168.0,149.64536,18.354644775390625,156.5,-6.854644775390625,0,1,0
milwaukee_vs_northern kentucky_20250216,2025-02-16,milwaukee,Northern Kentucky,2025,162.0,146.40395,15.596054077148438,145.0,1.4039459228515625,1,1,1
milwaukee_vs_oakland_20250227,2025-02-27,milwaukee,Oakland,2025,137.0,142.0199,5.0198974609375,148.0,-5.9801025390625,0,0,1
milwaukee_vs_detroit mercy_20250301,2025-03-01,milwaukee,Detroit Mercy,2025,156.0,144.89636,11.1036376953125,145.5,-0.6036376953125,0,1,0
milwaukee_vs_oakland_20250306,2025-03-06,milwaukee,Oakland,2025,136.0,145.41159,9.411590576171875,149.5,-4.088409423828125,0,0,1
minnesota_vs_yale_20241116,2024-11-16,minnesota,Yale,2025,115.0,142.61261,27.61260986328125,138.5,4.11260986328125,1,0,0
minnesota_vs_cleveland state_20241119,2024-11-19,minnesota,Cleveland State,2025,105.0,130.49478,25.494781494140625,128.5,1.994781494140625,1,0,0
minnesota_vs_central michigan_20241125,2024-11-25,minnesota,Central Michigan,2025,133.0,132.43832,0.561676025390625,128.5,3.938323974609375,1,1,1
minnesota_vs_wichita state_20241128,2024-11-28,minnesota,Wichita State,2025,134.0,139.90147,5.9014739990234375,137.0,2.9014739990234375,1,0,0
minnesota_vs_wake forest_20241129,2024-11-29,minnesota,Wake Forest,2025,108.0,133.4686,25.468597412109375,127.5,5.968597412109375,1,0,0
minnesota_vs_bethune-cookman_20241201,2024-12-01,minnesota,Bethune-Cookman,2025,141.0,133.81694,7.1830596923828125,130.5,3.3169403076171875,1,1,1
minnesota_vs_michigan state_20241204,2024-12-04,minnesota,Michigan State,2025,162.0,136.99203,25.007965087890625,131.5,5.492034912109375,1,1,1
minnesota_vs_morgan state_20241229,2024-12-29,minnesota,Morgan State,2025,158.0,141.99278,16.007217407226562,144.5,-2.5072174072265625,0,1,0
minnesota_vs_purdue_20250102,2025-01-02,minnesota,Purdue,2025,142.0,133.27472,8.72528076171875,136.0,-2.72528076171875,0,1,0
minnesota_vs_ohio state_20250106,2025-01-06,minnesota,Ohio State,2025,177.0,134.24304,42.7569580078125,138.0,-3.7569580078125,0,1,0
minnesota_vs_michigan_20250116,2025-01-16,minnesota,Michigan,2025,165.0,139.41162,25.58837890625,145.5,-6.08837890625,0,1,0
minnesota_vs_oregon_20250125,2025-01-25,minnesota,Oregon,2025,146.0,141.2541,4.7458953857421875,138.5,2.7541046142578125,1,1,1
minnesota_vs_washington_20250201,2025-02-01,minnesota,Washington,2025,139.0,135.9975,3.00250244140625,134.5,1.49749755859375,1,1,1
minnesota_vs_illinois_20250208,2025-02-08,minnesota,Illinois,2025,169.0,149.13393,19.866073608398438,145.5,3.6339263916015625,1,1,1
minnesota_vs_penn state_20250222,2025-02-22,minnesota,Penn State,2025,129.0,143.97899,14.978988647460938,141.5,2.4789886474609375,1,0,0
minnesota_vs_northwestern_20250225,2025-02-25,minnesota,Northwestern,2025,138.0,135.45027,2.5497283935546875,131.0,4.4502716064453125,1,1,1
minnesota_vs_wisconsin_20250305,2025-03-05,minnesota,Wisconsin,2025,141.0,138.792,2.2079925537109375,141.5,-2.7079925537109375,0,0,1
minnesota_vs_northwestern_20250312,2025-03-12,minnesota,Northwestern,2025,136.0,134.63435,1.3656463623046875,129.0,5.6343536376953125,1,1,1
mississippi_vs_colorado state_20241116,2024-11-16,mississippi,Colorado State,2025,153.0,148.02077,4.9792327880859375,141.0,7.0207672119140625,1,1,1
mississippi_vs_oral roberts_20241121,2024-11-21,mississippi,Oral Roberts,2025,168.0,152.61795,15.382049560546875,150.0,2.617950439453125,1,1,1
mississippi_vs_brigham young_20241128,2024-11-28,mississippi,Brigham Young,2025,181.0,151.22684,29.773162841796875,153.0,-1.773162841796875,0,1,0
mississippi_vs_purdue_20241129,2024-11-29,mississippi,Purdue,2025,158.0,144.64394,13.356063842773438,145.0,-0.3560638427734375,0,1,0
mississippi_vs_louisville_20241203,2024-12-03,mississippi,Louisville,2025,149.0,152.3076,3.3076019287109375,153.5,-1.1923980712890625,0,0,1
mississippi_vs_lindenwood_20241207,2024-12-07,mississippi,Lindenwood,2025,139.0,149.64441,10.6444091796875,149.0,0.6444091796875,1,0,0
mississippi_vs_southern mississippi_20241214,2024-12-14,mississippi,Southern Mississippi,2025,123.0,154.49005,31.49005126953125,146.5,7.99005126953125,1,0,0
mississippi_vs_southern_20241217,2024-12-17,mississippi,Southern,2025,135.0,152.90718,17.907180786132812,143.5,9.407180786132812,1,0,0
mississippi_vs_queens (nc)_20241221,2024-12-21,mississippi,Queens (NC),2025,142.0,152.73535,10.7353515625,152.5,0.2353515625,1,0,0
mississippi_vs_memphis_20241228,2024-12-28,mississippi,Memphis,2025,157.0,150.36307,6.636932373046875,151.5,-1.136932373046875,0,1,0
mississippi_vs_georgia_20250104,2025-01-04,mississippi,Georgia,2025,114.0,145.68953,31.689529418945312,146.5,-0.8104705810546875,0,0,1
mississippi_vs_arkansas_20250108,2025-01-08,mississippi,Arkansas,2025,139.0,146.59282,7.5928192138671875,148.5,-1.9071807861328125,0,0,1
mississippi_vs_louisiana state_20250111,2025-01-11,mississippi,Louisiana State,2025,142.0,148.50845,6.508453369140625,146.5,2.008453369140625,1,0,0
mississippi_vs_alabama_20250114,2025-01-14,mississippi,Alabama,2025,138.0,153.96281,15.962814331054688,163.5,-9.537185668945312,0,0,1
mississippi_vs_mississippi state_20250118,2025-01-18,mississippi,Mississippi State,2025,165.0,147.16364,17.83636474609375,147.5,-0.33636474609375,0,1,0
mississippi_vs_texas a&m_20250122,2025-01-22,mississippi,Texas A&M,2025,125.0,140.27063,15.2706298828125,141.5,-1.2293701171875,0,0,1
mississippi_vs_missouri_20250125,2025-01-25,mississippi,Missouri,2025,158.0,142.60591,15.394088745117188,144.5,-1.8940887451171875,0,1,0
mississippi_vs_texas_20250129,2025-01-29,mississippi,Texas,2025,141.0,140.51038,0.4896240234375,141.5,-0.9896240234375,0,0,1
mississippi_vs_auburn_20250201,2025-02-01,mississippi,Auburn,2025,174.0,142.33496,31.6650390625,148.5,-6.1650390625,0,1,0
mississippi_vs_kentucky_20250204,2025-02-04,mississippi,Kentucky,2025,182.0,153.40321,28.596786499023438,158.5,-5.0967864990234375,0,1,0
mississippi_vs_louisiana state_20250208,2025-02-08,mississippi,Louisiana State,2025,142.0,149.16354,7.163543701171875,147.5,1.663543701171875,1,0,0
mississippi_vs_south carolina_20250212,2025-02-12,mississippi,South Carolina,2025,140.0,140.22105,0.2210540771484375,138.5,1.7210540771484375,1,1,1
mississippi_vs_mississippi state_20250215,2025-02-15,mississippi,Mississippi State,2025,152.0,147.13197,4.8680267333984375,147.5,-0.3680267333984375,0,1,0
mississippi_vs_vanderbilt_20250222,2025-02-22,mississippi,Vanderbilt,2025,149.0,150.91505,1.9150543212890625,152.5,-1.5849456787109375,0,0,1
mississippi_vs_auburn_20250226,2025-02-26,mississippi,Auburn,2025,182.0,148.01305,33.98695373535156,153.5,-5.4869537353515625,0,1,0
mississippi_vs_oklahoma_20250301,2025-03-01,mississippi,Oklahoma,2025,171.0,147.85541,23.14459228515625,153.0,-5.14459228515625,0,1,0
mississippi_vs_tennessee_20250305,2025-03-05,mississippi,Tennessee,2025,154.0,136.3319,17.668106079101562,140.0,-3.6681060791015625,0,1,0
mississippi_vs_florida_20250308,2025-03-08,mississippi,Florida,2025,161.0,150.12297,10.877029418945312,159.5,-9.377029418945312,0,1,0
mississippi_vs_arkansas_20250313,2025-03-13,mississippi,Arkansas,2025,163.0,149.42636,13.573638916015625,147.0,2.426361083984375,1,1,1
mississippi_vs_auburn_20250314,2025-03-14,mississippi,Auburn,2025,119.0,148.91034,29.91033935546875,156.5,-7.58966064453125,0,0,1
mississippi_vs_north carolina_20250321,2025-03-21,mississippi,North Carolina,2025,135.0,152.00429,17.004287719726562,155.5,-3.4957122802734375,0,0,1
mississippi_vs_iowa state_20250323,2025-03-23,mississippi,Iowa State,2025,169.0,149.54625,19.453750610351562,144.5,5.0462493896484375,1,1,1
mississippi_vs_michigan state_20250328,2025-03-28,mississippi,Michigan State,2025,143.0,147.43074,4.4307403564453125,144.5,2.9307403564453125,1,0,0
mississippi-state_vs_utah_20241117,2024-11-17,mississippi-state,Utah,2025,151.0,156.46686,5.46685791015625,148.0,8.46685791015625,1,1,1
mississippi-state_vs_unlv_20241128,2024-11-28,mississippi-state,UNLV,2025,138.0,149.13078,11.130783081054688,146.5,2.6307830810546875,1,0,0
mississippi-state_vs_pittsburgh_20241204,2024-12-04,mississippi-state,Pittsburgh,2025,147.0,150.63553,3.635528564453125,149.5,1.135528564453125,1,0,0
mississippi-state_vs_bethune-cookman_20241230,2024-12-30,mississippi-state,Bethune-Cookman,2025,160.0,144.22899,15.771011352539062,146.0,-1.7710113525390625,0,1,0
mississippi-state_vs_south carolina_20250104,2025-01-04,mississippi-state,South Carolina,2025,135.0,142.29088,7.2908782958984375,143.5,-1.2091217041015625,0,0,1
mississippi-state_vs_kentucky_20250111,2025-01-11,mississippi-state,Kentucky,2025,185.0,152.8596,32.14039611816406,161.5,-8.640396118164062,0,1,0
mississippi-state_vs_alabama_20250129,2025-01-29,mississippi-state,Alabama,2025,172.0,156.51646,15.483535766601562,165.0,-8.483535766601562,0,1,0
mississippi-state_vs_missouri_20250201,2025-02-01,mississippi-state,Missouri,2025,149.0,145.19684,3.80316162109375,148.5,-3.30316162109375,0,1,0
mississippi-state_vs_florida_20250211,2025-02-11,mississippi-state,Florida,2025,149.0,150.07664,1.0766448974609375,154.5,-4.4233551025390625,0,0,1
mississippi-state_vs_texas a&m_20250218,2025-02-18,mississippi-state,Texas A&M,2025,124.0,143.72769,19.727691650390625,143.0,0.727691650390625,1,0,0
mississippi-state_vs_louisiana state_20250301,2025-03-01,mississippi-state,Louisiana State,2025,150.0,147.81827,2.181732177734375,150.0,-2.181732177734375,0,0,1
mississippi-state_vs_texas_20250304,2025-03-04,mississippi-state,Texas,2025,169.0,147.00717,21.992828369140625,151.5,-4.492828369140625,0,1,0
mississippi-state_vs_missouri_20250313,2025-03-13,mississippi-state,Missouri,2025,158.0,149.64644,8.353561401367188,158.5,-8.853561401367188,0,0,1
mississippi-valley-state_vs_texas southern_20250113,2025-01-13,mississippi-valley-state,Texas Southern,2025,135.0,138.1691,3.169097900390625,137.0,1.169097900390625,1,0,0
mississippi-valley-state_vs_southern_20250127,2025-01-27,mississippi-valley-state,Southern,2025,105.0,134.46364,29.463638305664062,133.0,1.4636383056640625,1,0,0
mississippi-valley-state_vs_alabama a&m_20250215,2025-02-15,mississippi-valley-state,Alabama A&M,2025,152.0,139.03433,12.965667724609375,137.5,1.534332275390625,1,1,1
mississippi-valley-state_vs_alabama state_20250217,2025-02-17,mississippi-valley-state,Alabama State,2025,135.0,137.29051,2.2905120849609375,136.5,0.7905120849609375,1,0,0
mississippi-valley-state_vs_arkansasâpine bluff_20250301,2025-03-01,mississippi-valley-state,ArkansasâPine Bluff,2025,141.0,137.81985,3.180145263671875,142.0,-4.180145263671875,0,0,1
mississippi-valley-state_vs_alcorn state_20250306,2025-03-06,mississippi-valley-state,Alcorn State,2025,136.0,124.896164,11.103836059570312,127.0,-2.1038360595703125,0,1,0
mississippi-valley-state_vs_jackson state_20250308,2025-03-08,mississippi-valley-state,Jackson State,2025,128.0,135.97357,7.97357177734375,134.5,1.47357177734375,1,0,0
missouri_vs_mississippi valley state_20241114,2024-11-14,missouri,Mississippi Valley State,2025,150.0,139.27408,10.725921630859375,139.0,0.274078369140625,1,1,1
missouri_vs_pacific_20241122,2024-11-22,missouri,Pacific,2025,147.0,147.8334,0.833404541015625,151.0,-3.166595458984375,0,0,1
missouri_vs_arkansasâpine bluff_20241124,2024-11-24,missouri,ArkansasâPine Bluff,2025,175.0,150.44453,24.555465698242188,158.0,-7.5554656982421875,0,1,0
missouri_vs_lindenwood_20241127,2024-11-27,missouri,Lindenwood,2025,142.0,148.81786,6.8178558349609375,148.5,0.3178558349609375,1,0,0
missouri_vs_california_20241203,2024-12-03,missouri,California,2025,191.0,149.3109,41.68910217285156,151.0,-1.6891021728515625,0,1,0
missouri_vs_kansas_20241208,2024-12-08,missouri,Kansas,2025,143.0,154.05359,11.0535888671875,153.5,0.5535888671875,1,0,0
missouri_vs_liu_20241214,2024-12-14,missouri,LIU,2025,149.0,147.6919,1.30810546875,147.5,0.19189453125,1,1,1
missouri_vs_jacksonville state_20241217,2024-12-17,missouri,Jacksonville State,2025,155.0,145.19962,9.800384521484375,146.0,-0.800384521484375,0,1,0
missouri_vs_alabama state_20241230,2024-12-30,missouri,Alabama State,2025,147.0,155.3357,8.335693359375,155.5,-0.164306640625,0,0,1
missouri_vs_louisiana state_20250107,2025-01-07,missouri,Louisiana State,2025,150.0,150.06949,0.069488525390625,153.5,-3.430511474609375,0,0,1
missouri_vs_vanderbilt_20250111,2025-01-11,missouri,Vanderbilt,2025,141.0,153.47072,12.470718383789062,156.0,-2.5292816162109375,0,0,1
missouri_vs_arkansas_20250118,2025-01-18,missouri,Arkansas,2025,148.0,150.09229,2.09228515625,149.5,0.59228515625,1,0,0
missouri_vs_texas a&m_20250208,2025-02-08,missouri,Texas A&M,2025,131.0,144.25085,13.2508544921875,147.0,-2.7491455078125,0,0,1
missouri_vs_oklahoma_20250212,2025-02-12,missouri,Oklahoma,2025,140.0,144.96681,4.9668121337890625,151.5,-6.5331878662109375,0,0,1
missouri_vs_alabama_20250219,2025-02-19,missouri,Alabama,2025,208.0,154.72426,53.27574157714844,173.0,-18.275741577148438,0,1,0
missouri_vs_south carolina_20250225,2025-02-25,missouri,South Carolina,2025,172.0,143.09267,28.907333374023438,146.5,-3.4073333740234375,0,1,0
missouri_vs_kentucky_20250308,2025-03-08,missouri,Kentucky,2025,174.0,155.31654,18.683456420898438,171.5,-16.183456420898438,0,1,0
missouri-kansas-city_vs_idaho_20241204,2024-12-04,missouri-kansas-city,Idaho,2025,159.0,146.38255,12.617446899414062,138.5,7.8825531005859375,1,1,1
missouri-kansas-city_vs_bowling green_20241214,2024-12-14,missouri-kansas-city,Bowling Green,2025,162.0,145.72392,16.276077270507812,144.0,1.7239227294921875,1,1,1
missouri-kansas-city_vs_east tennessee state_20241221,2024-12-21,missouri-kansas-city,East Tennessee State,2025,139.0,142.33304,3.333038330078125,141.5,0.833038330078125,1,0,0
missouri-kansas-city_vs_south dakota_20250102,2025-01-02,missouri-kansas-city,South Dakota,2025,122.0,152.23885,30.238845825195312,154.5,-2.2611541748046875,0,0,1
missouri-kansas-city_vs_oral roberts_20250104,2025-01-04,missouri-kansas-city,Oral Roberts,2025,157.0,143.05534,13.944656372070312,140.0,3.0553436279296875,1,1,1
missouri-kansas-city_vs_south dakota state_20250123,2025-01-23,missouri-kansas-city,South Dakota State,2025,129.0,143.18657,14.186569213867188,142.5,0.6865692138671875,1,0,0
missouri-kansas-city_vs_st. thomas_20250125,2025-01-25,missouri-kansas-city,St. Thomas,2025,133.0,145.88335,12.883346557617188,143.5,2.3833465576171875,1,0,0
missouri-kansas-city_vs_north dakota state_20250206,2025-02-06,missouri-kansas-city,North Dakota State,2025,150.0,143.27179,6.72821044921875,140.0,3.27178955078125,1,1,1
missouri-kansas-city_vs_north dakota_20250208,2025-02-08,missouri-kansas-city,North Dakota,2025,149.0,146.11752,2.882476806640625,145.0,1.117523193359375,1,1,1
missouri-kansas-city_vs_omaha_20250219,2025-02-19,missouri-kansas-city,Omaha,2025,144.0,143.83731,0.162689208984375,145.5,-1.662689208984375,0,0,1
missouri-kansas-city_vs_denver_20250227,2025-02-27,missouri-kansas-city,Denver,2025,120.0,140.22202,20.222015380859375,134.5,5.722015380859375,1,0,0
missouri-kansas-city_vs_oral roberts_20250305,2025-03-05,missouri-kansas-city,Oral Roberts,2025,129.0,141.64713,12.647125244140625,135.5,6.147125244140625,1,0,0
missouri-kansas-city_vs_omaha_20250306,2025-03-06,missouri-kansas-city,Omaha,2025,131.0,142.12933,11.12933349609375,138.5,3.62933349609375,1,0,0
missouri-state_vs_tulsa_20241116,2024-11-16,missouri-state,Tulsa,2025,217.0,149.55075,67.44924926757812,143.0,6.550750732421875,1,1,1
missouri-state_vs_ut arlington_20241119,2024-11-19,missouri-state,UT Arlington,2025,146.0,158.59216,12.5921630859375,152.0,6.5921630859375,1,0,0
missouri-state_vs_south dakota state_20241126,2024-11-26,missouri-state,South Dakota State,2025,130.0,148.13303,18.133026123046875,143.5,4.633026123046875,1,0,0
missouri-state_vs_indiana state_20241207,2024-12-07,missouri-state,Indiana State,2025,157.0,152.37852,4.6214752197265625,148.5,3.8785247802734375,1,1,1
missouri-state_vs_uc santa barbara_20241222,2024-12-22,missouri-state,UC Santa Barbara,2025,124.0,142.69185,18.691848754882812,137.5,5.1918487548828125,1,0,0
missouri-state_vs_valparaiso_20250101,2025-01-01,missouri-state,Valparaiso,2025,145.0,147.21024,2.210235595703125,139.5,7.710235595703125,1,1,1
missouri-state_vs_illinoisâchicago_20250107,2025-01-07,missouri-state,IllinoisâChicago,2025,143.0,145.51147,2.511474609375,138.5,7.011474609375,1,1,1
missouri-state_vs_southern illinois_20250115,2025-01-15,missouri-state,Southern Illinois,2025,124.0,144.628,20.628005981445312,135.0,9.628005981445312,1,0,0
missouri-state_vs_drake_20250125,2025-01-25,missouri-state,Drake,2025,131.0,130.05803,0.9419708251953125,118.5,11.558029174804688,1,1,1
missouri-state_vs_murray state_20250201,2025-02-01,missouri-state,Murray State,2025,133.0,140.90016,7.9001617431640625,132.0,8.900161743164062,1,1,1
missouri-state_vs_northern iowa_20250205,2025-02-05,missouri-state,Northern Iowa,2025,127.0,135.77533,8.77532958984375,133.0,2.77532958984375,1,0,0
missouri-state_vs_evansville_20250212,2025-02-12,missouri-state,Evansville,2025,125.0,132.4957,7.495697021484375,132.0,0.495697021484375,1,0,0
missouri-state_vs_illinois state_20250222,2025-02-22,missouri-state,Illinois State,2025,138.0,139.73833,1.7383270263671875,135.5,4.2383270263671875,1,1,1
missouri-state_vs_belmont_20250226,2025-02-26,missouri-state,Belmont,2025,139.0,147.14378,8.143783569335938,149.5,-2.3562164306640625,0,0,1
monmouth_vs_youngstown state_20241121,2024-11-21,monmouth,Youngstown State,2025,134.0,153.28812,19.288116455078125,145.5,7.788116455078125,1,0,0
monmouth_vs_presbyterian_20241123,2024-11-23,monmouth,Presbyterian,2025,132.0,146.87535,14.875350952148438,136.0,10.875350952148438,1,0,0
monmouth_vs_fairfield_20241221,2024-12-21,monmouth,Fairfield,2025,162.0,143.71596,18.284042358398438,145.5,-1.7840423583984375,0,1,0
monmouth_vs_stony brook_20250102,2025-01-02,monmouth,Stony Brook,2025,134.0,140.8092,6.8092041015625,143.5,-2.6907958984375,0,0,1
monmouth_vs_unc wilmington_20250109,2025-01-09,monmouth,UNC Wilmington,2025,119.0,147.42107,28.421066284179688,144.5,2.9210662841796875,1,0,0
monmouth_vs_college of charleston_20250111,2025-01-11,monmouth,College of Charleston,2025,157.0,148.9902,8.009796142578125,149.0,-0.009796142578125,0,1,0
monmouth_vs_drexel_20250130,2025-01-30,monmouth,Drexel,2025,201.0,132.45526,68.54473876953125,132.0,0.45526123046875,1,1,1
monmouth_vs_delaware_20250201,2025-02-01,monmouth,Delaware,2025,175.0,152.32034,22.679656982421875,152.5,-0.179656982421875,0,1,0
monmouth_vs_hampton_20250206,2025-02-06,monmouth,Hampton,2025,131.0,144.34245,13.342453002929688,142.0,2.3424530029296875,1,0,0
monmouth_vs_towson_20250208,2025-02-08,monmouth,Towson,2025,140.0,135.47177,4.528228759765625,135.0,0.471771240234375,1,1,1
monmouth_vs_northeastern_20250224,2025-02-24,monmouth,Northeastern,2025,151.0,145.87022,5.1297760009765625,144.0,1.8702239990234375,1,1,1
monmouth_vs_elon_20250227,2025-02-27,monmouth,Elon,2025,155.0,145.9387,9.061294555664062,140.5,5.4387054443359375,1,1,1
montana_vs_denver_20241124,2024-11-24,montana,Denver,2025,156.0,149.02434,6.9756622314453125,148.0,1.0243377685546875,1,1,1
montana_vs_utah tech_20241125,2024-11-25,montana,Utah Tech,2025,135.0,152.60162,17.60162353515625,146.5,6.10162353515625,1,0,0
montana_vs_cal state northridge_20241127,2024-11-27,montana,Cal State Northridge,2025,158.0,147.86765,10.132354736328125,154.0,-6.132354736328125,0,1,0
montana_vs_south dakota state_20241204,2024-12-04,montana,South Dakota State,2025,138.0,149.44153,11.4415283203125,151.5,-2.0584716796875,0,0,1
montana_vs_northern arizona_20250109,2025-01-09,montana,Northern Arizona,2025,157.0,152.90176,4.098236083984375,152.0,0.901763916015625,1,1,1
montana_vs_northern colorado_20250111,2025-01-11,montana,Northern Colorado,2025,138.0,156.26956,18.269561767578125,160.5,-4.230438232421875,0,0,1
montana_vs_idaho_20250120,2025-01-20,montana,Idaho,2025,139.0,149.0332,10.033203125,149.5,-0.466796875,0,0,1
montana_vs_montana state_20250125,2025-01-25,montana,Montana State,2025,147.0,144.64845,2.3515472412109375,143.5,1.1484527587890625,1,1,1
montana_vs_portland state_20250130,2025-01-30,montana,Portland State,2025,170.0,147.70589,22.294113159179688,146.5,1.2058868408203125,1,1,1
montana_vs_sacramento state_20250201,2025-02-01,montana,Sacramento State,2025,146.0,134.57294,11.42706298828125,139.0,-4.42706298828125,0,1,0
montana_vs_idaho state_20250213,2025-02-13,montana,Idaho State,2025,149.0,145.84343,3.1565704345703125,146.5,-0.6565704345703125,0,1,0
montana_vs_weber state_20250215,2025-02-15,montana,Weber State,2025,123.0,150.23901,27.239013671875,146.0,4.239013671875,1,0,0
montana_vs_eastern washington_20250303,2025-03-03,montana,Eastern Washington,2025,155.0,146.55495,8.445053100585938,146.5,0.0549468994140625,1,1,1
montana_vs_northern arizona_20250309,2025-03-09,montana,Northern Arizona,2025,139.0,148.62181,9.621810913085938,145.0,3.6218109130859375,1,0,0
montana_vs_northern colorado_20250312,2025-03-12,montana,Northern Colorado,2025,174.0,148.00702,25.99298095703125,147.0,1.00701904296875,1,1,1
montana_vs_wisconsin_20250320,2025-03-20,montana,Wisconsin,2025,151.0,145.50749,5.4925079345703125,152.5,-6.9925079345703125,0,0,1
montana-state_vs_southern mississippi_20241124,2024-11-24,montana-state,Southern Mississippi,2025,138.0,158.19783,20.197830200195312,151.5,6.6978302001953125,1,0,0
montana-state_vs_abilene christian_20241126,2024-11-26,montana-state,Abilene Christian,2025,144.0,149.78079,5.780792236328125,141.5,8.280792236328125,1,1,1
montana-state_vs_cal state northridge_20241130,2024-11-30,montana-state,Cal State Northridge,2025,141.0,148.16714,7.167144775390625,151.5,-3.332855224609375,0,0,1
montana-state_vs_kansas city_20241207,2024-12-07,montana-state,Kansas City,2025,136.0,144.35059,8.3505859375,140.0,4.3505859375,1,0,0
montana-state_vs_northern colorado_20250109,2025-01-09,montana-state,Northern Colorado,2025,165.0,150.40623,14.593765258789062,153.0,-2.5937652587890625,0,1,0
montana-state_vs_northern arizona_20250111,2025-01-11,montana-state,Northern Arizona,2025,111.0,147.18288,36.18287658691406,148.5,-1.3171234130859375,0,0,1
montana-state_vs_eastern washington_20250120,2025-01-20,montana-state,Eastern Washington,2025,138.0,146.42491,8.424911499023438,145.5,0.9249114990234375,1,0,0
montana-state_vs_sacramento state_20250130,2025-01-30,montana-state,Sacramento State,2025,128.0,132.89948,4.89947509765625,135.0,-2.10052490234375,0,0,1
montana-state_vs_portland state_20250201,2025-02-01,montana-state,Portland State,2025,147.0,143.04659,3.9534149169921875,140.0,3.0465850830078125,1,1,1
montana-state_vs_weber state_20250213,2025-02-13,montana-state,Weber State,2025,140.0,142.08893,2.08892822265625,139.0,3.08892822265625,1,1,1
montana-state_vs_idaho state_20250215,2025-02-15,montana-state,Idaho State,2025,143.0,142.361,0.639007568359375,140.0,2.360992431640625,1,1,1
montana-state_vs_montana_20250222,2025-02-22,montana-state,Montana,2025,174.0,143.25664,30.743362426757812,145.0,-1.7433624267578125,0,1,0
montana-state_vs_idaho_20250303,2025-03-03,montana-state,Idaho,2025,135.0,142.46802,7.468017578125,146.5,-4.031982421875,0,0,1
montana-state_vs_northern colorado_20250311,2025-03-11,montana-state,Northern Colorado,2025,117.0,143.24582,26.245819091796875,146.0,-2.754180908203125,0,0,1
morehead-state_vs_austin peay_20241120,2024-11-20,morehead-state,Austin Peay,2025,121.0,142.81302,21.813018798828125,137.5,5.313018798828125,1,0,0
morehead-state_vs_njit_20241127,2024-11-27,morehead-state,NJIT,2025,147.0,130.63814,16.361862182617188,130.5,0.1381378173828125,1,1,1
morehead-state_vs_ut martin_20241219,2024-12-19,morehead-state,UT Martin,2025,139.0,149.66537,10.665374755859375,144.0,5.665374755859375,1,0,0
morehead-state_vs_tennessee state_20241221,2024-12-21,morehead-state,Tennessee State,2025,142.0,154.31822,12.318222045898438,145.5,8.818222045898438,1,0,0
morehead-state_vs_western illinois_20250116,2025-01-16,morehead-state,Western Illinois,2025,98.0,135.37285,37.37284851074219,130.5,4.8728485107421875,1,0,0
morehead-state_vs_lindenwood_20250118,2025-01-18,morehead-state,Lindenwood,2025,147.0,136.69565,10.304351806640625,133.5,3.195648193359375,1,1,1
morehead-state_vs_southern indiana_20250128,2025-01-28,morehead-state,Southern Indiana,2025,131.0,140.92242,9.92242431640625,133.5,7.42242431640625,1,0,0
morehead-state_vs_southeast missouri state_20250206,2025-02-06,morehead-state,Southeast Missouri State,2025,131.0,138.56021,7.560211181640625,134.0,4.560211181640625,1,0,0
morehead-state_vs_little rock_20250208,2025-02-08,morehead-state,Little Rock,2025,138.0,131.72693,6.2730712890625,128.5,3.2269287109375,1,1,1
morehead-state_vs_siu edwardsville_20250220,2025-02-20,morehead-state,SIU Edwardsville,2025,142.0,136.20963,5.790374755859375,132.5,3.709625244140625,1,1,1
morehead-state_vs_eastern illinois_20250222,2025-02-22,morehead-state,Eastern Illinois,2025,129.0,134.00307,5.0030670166015625,129.0,5.0030670166015625,1,0,0
morgan-state_vs_njit_20241116,2024-11-16,morgan-state,NJIT,2025,150.0,133.62494,16.37506103515625,143.0,-9.37506103515625,0,1,0
morgan-state_vs_towson_20241124,2024-11-24,morgan-state,Towson,2025,124.0,143.62573,19.625732421875,143.5,0.125732421875,1,0,0
morgan-state_vs_campbell_20241215,2024-12-15,morgan-state,Campbell,2025,162.0,148.79514,13.204864501953125,151.5,-2.704864501953125,0,1,0
morgan-state_vs_south carolina state_20250104,2025-01-04,morgan-state,South Carolina State,2025,158.0,149.49182,8.5081787109375,154.5,-5.0081787109375,0,1,0
morgan-state_vs_north carolina central_20250107,2025-01-07,morgan-state,North Carolina Central,2025,200.0,152.19054,47.80946350097656,155.5,-3.3094635009765625,0,1,0
morgan-state_vs_norfolk state_20250113,2025-01-13,morgan-state,Norfolk State,2025,152.0,152.02275,0.0227508544921875,154.5,-2.4772491455078125,0,0,1
morgan-state_vs_coppin state_20250125,2025-01-25,morgan-state,Coppin State,2025,144.0,148.3317,4.331695556640625,152.0,-3.668304443359375,0,0,1
morgan-state_vs_maryland eastern shore_20250201,2025-02-01,morgan-state,Maryland Eastern Shore,2025,139.0,152.64056,13.64056396484375,155.0,-2.35943603515625,0,0,1
morgan-state_vs_howard_20250222,2025-02-22,morgan-state,Howard,2025,168.0,156.48906,11.510940551757812,165.5,-9.010940551757812,0,1,0
morgan-state_vs_delaware state_20250303,2025-03-03,morgan-state,Delaware State,2025,168.0,157.60602,10.39398193359375,164.5,-6.89398193359375,0,1,0
morgan-state_vs_norfolk state_20250314,2025-03-14,morgan-state,Norfolk State,2025,113.0,154.66283,41.66282653808594,155.0,-0.3371734619140625,0,0,1
mount-st-marys_vs_saint francis (pa)_20241116,2024-11-16,mount-st-marys,Saint Francis (PA),2025,124.0,150.89973,26.899734497070312,141.0,9.899734497070312,1,0,0
mount-st-marys_vs_delaware state_20241123,2024-11-23,mount-st-marys,Delaware State,2025,142.0,143.69228,1.6922760009765625,139.0,4.6922760009765625,1,1,1
mount-st-marys_vs_fairfield_20241208,2024-12-08,mount-st-marys,Fairfield,2025,195.0,142.31,52.69000244140625,138.5,3.80999755859375,1,1,1
mount-st-marys_vs_loyola (md)_20241214,2024-12-14,mount-st-marys,Loyola (MD),2025,146.0,145.82031,0.1796875,140.5,5.3203125,1,1,1
mount-st-marys_vs_niagara_20250105,2025-01-05,mount-st-marys,Niagara,2025,130.0,140.82462,10.824615478515625,137.0,3.824615478515625,1,0,0
mount-st-marys_vs_sacred heart_20250112,2025-01-12,mount-st-marys,Sacred Heart,2025,144.0,146.73866,2.7386627197265625,152.0,-5.2613372802734375,0,0,1
mount-st-marys_vs_quinnipiac_20250118,2025-01-18,mount-st-marys,Quinnipiac,2025,148.0,142.0413,5.9586944580078125,146.0,-3.9586944580078125,0,1,0
mount-st-marys_vs_manhattan_20250125,2025-01-25,mount-st-marys,Manhattan,2025,138.0,148.7279,10.7279052734375,148.5,0.2279052734375,1,0,0
mount-st-marys_vs_iona_20250206,2025-02-06,mount-st-marys,Iona,2025,137.0,139.09987,2.0998687744140625,140.5,-1.4001312255859375,0,0,1
mount-st-marys_vs_saint peter's_20250221,2025-02-21,mount-st-marys,Saint Peter's,2025,127.0,132.11212,5.11212158203125,131.5,0.61212158203125,1,0,0
mount-st-marys_vs_rider_20250223,2025-02-23,mount-st-marys,Rider,2025,151.0,135.25468,15.745315551757812,140.0,-4.7453155517578125,0,1,0
mount-st-marys_vs_siena_20250302,2025-03-02,mount-st-marys,Siena,2025,164.0,143.66751,20.332489013671875,143.0,0.667510986328125,1,1,1
mount-st-marys_vs_marist_20250308,2025-03-08,mount-st-marys,Marist,2025,114.0,133.95573,19.955734252929688,132.5,1.4557342529296875,1,0,0
murray-state_vs_maryland eastern shore_20241120,2024-11-20,murray-state,Maryland Eastern Shore,2025,140.0,147.92992,7.9299163818359375,149.0,-1.0700836181640625,0,0,1
murray-state_vs_utah valley_20241122,2024-11-22,murray-state,Utah Valley,2025,152.0,143.81284,8.187164306640625,143.0,0.812835693359375,1,1,1
murray-state_vs_ut arlington_20241126,2024-11-26,murray-state,UT Arlington,2025,145.0,153.03401,8.034011840820312,153.0,0.0340118408203125,1,0,0
murray-state_vs_evansville_20241203,2024-12-03,murray-state,Evansville,2025,124.0,147.50713,23.507125854492188,145.5,2.0071258544921875,1,0,0
murray-state_vs_southeast missouri state_20241208,2024-12-08,murray-state,Southeast Missouri State,2025,126.0,149.14839,23.148391723632812,146.5,2.6483917236328125,1,0,0
murray-state_vs_nebraska_20241222,2024-12-22,murray-state,Nebraska,2025,115.0,148.34708,33.347076416015625,145.0,3.347076416015625,1,0,0
murray-state_vs_illinois state_20250102,2025-01-02,murray-state,Illinois State,2025,142.0,144.69446,2.6944580078125,135.5,9.1944580078125,1,1,1
murray-state_vs_valparaiso_20250111,2025-01-11,murray-state,Valparaiso,2025,105.0,147.51309,42.513092041015625,145.0,2.513092041015625,1,0,0
murray-state_vs_bradley_20250118,2025-01-18,murray-state,Bradley,2025,135.0,140.93958,5.9395751953125,135.5,5.4395751953125,1,0,0
murray-state_vs_belmont_20250125,2025-01-25,murray-state,Belmont,2025,172.0,148.91577,23.084228515625,150.5,-1.584228515625,0,1,0
murray-state_vs_drake_20250204,2025-02-04,murray-state,Drake,2025,100.0,131.25676,31.256759643554688,123.0,8.256759643554688,1,0,0
murray-state_vs_illinoisâchicago_20250211,2025-02-11,murray-state,IllinoisâChicago,2025,116.0,149.16153,33.161529541015625,145.0,4.161529541015625,1,0,0
murray-state_vs_northern iowa_20250217,2025-02-17,murray-state,Northern Iowa,2025,141.0,136.60495,4.395050048828125,135.5,1.104949951171875,1,1,1
murray-state_vs_indiana state_20250225,2025-02-25,murray-state,Indiana State,2025,160.0,151.75136,8.248641967773438,149.5,2.2513580322265625,1,1,1
navy_vs_campbell_20241117,2024-11-17,navy,Campbell,2025,152.0,142.69945,9.300552368164062,141.0,1.6994476318359375,1,1,1
navy_vs_quinnipiac_20241119,2024-11-19,navy,Quinnipiac,2025,137.0,148.52936,11.52935791015625,148.5,0.02935791015625,1,0,0
navy_vs_american_20250102,2025-01-02,navy,American,2025,139.0,144.1499,5.14990234375,137.5,6.64990234375,1,1,1
navy_vs_lafayette_20250105,2025-01-05,navy,Lafayette,2025,141.0,135.72266,5.27734375,138.0,-2.27734375,0,1,0
navy_vs_colgate_20250115,2025-01-15,navy,Colgate,2025,139.0,137.87215,1.1278533935546875,137.0,0.8721466064453125,1,1,1
navy_vs_boston university_20250122,2025-01-22,navy,Boston University,2025,109.0,132.998,23.998001098632812,131.0,1.9980010986328125,1,0,0
navy_vs_bucknell_20250201,2025-02-01,navy,Bucknell,2025,160.0,144.21957,15.780426025390625,137.5,6.719573974609375,1,1,1
navy_vs_lehigh_20250212,2025-02-12,navy,Lehigh,2025,123.0,139.91972,16.919723510742188,138.5,1.4197235107421875,1,0,0
navy_vs_army_20250215,2025-02-15,navy,Army,2025,115.0,145.87073,30.8707275390625,143.5,2.3707275390625,1,0,0
navy_vs_holy cross_20250223,2025-02-23,navy,Holy Cross,2025,160.0,137.36841,22.631591796875,136.5,0.868408203125,1,1,1
navy_vs_loyola (md)_20250301,2025-03-01,navy,Loyola (MD),2025,149.0,135.46474,13.535263061523438,137.5,-2.0352630615234375,0,1,0
nebraska_vs_south dakota_20241127,2024-11-27,nebraska,South Dakota,2025,175.0,152.32867,22.67132568359375,157.5,-5.17132568359375,0,1,0
nebraska_vs_north florida_20241201,2024-12-01,nebraska,North Florida,2025,175.0,154.41527,20.584732055664062,158.5,-4.0847320556640625,0,1,0
nebraska_vs_indiana_20241213,2024-12-13,nebraska,Indiana,2025,153.0,150.43364,2.5663604736328125,156.0,-5.5663604736328125,0,0,1
nebraska_vs_oregon state_20241225,2024-12-25,nebraska,Oregon State,2025,144.0,140.0562,3.9438018798828125,137.5,2.5561981201171875,1,1,1
nebraska_vs_southern_20241230,2024-12-30,nebraska,Southern,2025,120.0,147.75182,27.751815795898438,141.5,6.2518157958984375,1,0,0
nebraska_vs_ucla_20250104,2025-01-04,nebraska,UCLA,2025,124.0,136.12502,12.125015258789062,134.5,1.6250152587890625,1,0,0
nebraska_vs_rutgers_20250116,2025-01-16,nebraska,Rutgers,2025,167.0,148.15295,18.8470458984375,146.5,1.6529541015625,1,1,1
nebraska_vs_southern california_20250122,2025-01-22,nebraska,Southern California,2025,151.0,145.9251,5.0749053955078125,144.0,1.9250946044921875,1,1,1
nebraska_vs_illinois_20250130,2025-01-30,nebraska,Illinois,2025,154.0,153.85547,0.14453125,156.5,-2.64453125,0,0,1
nebraska_vs_ohio state_20250209,2025-02-09,nebraska,Ohio State,2025,150.0,146.82083,3.179168701171875,144.5,2.320831298828125,1,1,1
nebraska_vs_maryland_20250213,2025-02-13,nebraska,Maryland,2025,158.0,150.86552,7.1344757080078125,148.5,2.3655242919921875,1,1,1
nebraska_vs_michigan_20250224,2025-02-24,nebraska,Michigan,2025,95.0,152.8872,57.88720703125,152.5,0.38720703125,1,0,0
nebraska_vs_minnesota_20250301,2025-03-01,nebraska,Minnesota,2025,132.0,138.11708,6.1170806884765625,135.5,2.6170806884765625,1,0,0
nebraska_vs_iowa_20250309,2025-03-09,nebraska,Iowa,2025,151.0,156.19516,5.195159912109375,156.0,0.195159912109375,1,0,0
nebraska-omaha_vs_abilene christian_20241130,2024-11-30,nebraska-omaha,Abilene Christian,2025,126.0,150.24748,24.247482299804688,143.0,7.2474822998046875,1,0,0
nebraska-omaha_vs_montana state_20241204,2024-12-04,nebraska-omaha,Montana State,2025,141.0,145.40315,4.4031524658203125,142.5,2.9031524658203125,1,0,0
nebraska-omaha_vs_cal poly_20241221,2024-12-21,nebraska-omaha,Cal Poly,2025,168.0,158.85962,9.140380859375,160.0,-1.140380859375,0,1,0
nebraska-omaha_vs_kansas city_20250108,2025-01-08,nebraska-omaha,Kansas City,2025,135.0,136.69148,1.6914825439453125,137.5,-0.8085174560546875,0,0,1
nebraska-omaha_vs_south dakota state_20250111,2025-01-11,nebraska-omaha,South Dakota State,2025,167.0,146.27802,20.72198486328125,150.5,-4.22198486328125,0,1,0
nebraska-omaha_vs_st. thomas_20250123,2025-01-23,nebraska-omaha,St. Thomas,2025,167.0,152.23703,14.762969970703125,154.5,-2.262969970703125,0,1,0
nebraska-omaha_vs_denver_20250201,2025-02-01,nebraska-omaha,Denver,2025,147.0,150.20016,3.200164794921875,146.5,3.700164794921875,1,1,1
nebraska-omaha_vs_north dakota_20250206,2025-02-06,nebraska-omaha,North Dakota,2025,157.0,155.20087,1.79913330078125,158.0,-2.79913330078125,0,0,1
nebraska-omaha_vs_north dakota state_20250208,2025-02-08,nebraska-omaha,North Dakota State,2025,159.0,146.63503,12.364974975585938,149.0,-2.3649749755859375,0,1,0
nebraska-omaha_vs_south dakota_20250222,2025-02-22,nebraska-omaha,South Dakota,2025,178.0,159.11215,18.887847900390625,172.5,-13.387847900390625,0,1,0
nebraska-omaha_vs_oral roberts_20250301,2025-03-01,nebraska-omaha,Oral Roberts,2025,137.0,151.48195,14.481948852539062,156.0,-4.5180511474609375,0,0,1
nebraska-omaha_vs_south dakota_20250308,2025-03-08,nebraska-omaha,South Dakota,2025,175.0,157.81152,17.1884765625,166.0,-8.1884765625,0,1,0
nebraska-omaha_vs_st. thomas_20250309,2025-03-09,nebraska-omaha,St. Thomas,2025,160.0,149.93126,10.068740844726562,153.0,-3.0687408447265625,0,1,0
nebraska-omaha_vs_st. john's (ny)_20250320,2025-03-20,nebraska-omaha,St. John's (NY),2025,136.0,151.72365,15.723648071289062,150.5,1.2236480712890625,1,0,0
nevada_vs_santa clara_20241116,2024-11-16,nevada,Santa Clara,2025,144.0,140.498,3.5019989013671875,147.5,-7.0019989013671875,0,0,1
nevada_vs_vanderbilt_20241121,2024-11-21,nevada,Vanderbilt,2025,144.0,143.36583,0.6341705322265625,149.5,-6.1341705322265625,0,0,1
nevada_vs_vcu_20241122,2024-11-22,nevada,VCU,2025,125.0,134.29918,9.299179077148438,138.5,-4.2008209228515625,0,0,1
nevada_vs_oklahoma state_20241124,2024-11-24,nevada,Oklahoma State,2025,168.0,141.16835,26.831649780273438,145.0,-3.8316497802734375,0,1,0
nevada_vs_washington state_20241202,2024-12-02,nevada,Washington State,2025,125.0,145.86833,20.868331909179688,146.0,-0.1316680908203125,0,0,1
nevada_vs_south dakota state_20241211,2024-12-11,nevada,South Dakota State,2025,140.0,137.21362,2.786376953125,142.5,-5.286376953125,0,0,1
nevada_vs_texas southern_20241214,2024-12-14,nevada,Texas Southern,2025,178.0,142.93918,35.060821533203125,140.5,2.439178466796875,1,1,1
nevada_vs_colorado state_20241221,2024-12-21,nevada,Colorado State,2025,130.0,138.97209,8.972091674804688,139.0,-0.0279083251953125,0,0,1
nevada_vs_utah state_20241231,2024-12-31,nevada,Utah State,2025,133.0,143.00931,10.009307861328125,145.5,-2.490692138671875,0,0,1
nevada_vs_air force_20250114,2025-01-14,nevada,Air Force,2025,130.0,130.03076,0.03076171875,128.0,2.03076171875,1,1,1
nevada_vs_san jose state_20250118,2025-01-18,nevada,San Jose State,2025,139.0,138.67566,0.3243408203125,138.0,0.6756591796875,1,1,1
nevada_vs_san diego state_20250125,2025-01-25,nevada,San Diego State,2025,119.0,133.20343,14.20343017578125,130.5,2.70343017578125,1,0,0
nevada_vs_unlv_20250201,2025-02-01,nevada,UNLV,2025,136.0,133.90573,2.094268798828125,133.0,0.905731201171875,1,1,1
nevada_vs_fresno state_20250210,2025-02-10,nevada,Fresno State,2025,163.0,149.4949,13.505096435546875,142.5,6.994903564453125,1,1,1
nevada_vs_boise state_20250222,2025-02-22,nevada,Boise State,2025,139.0,135.25526,3.7447357177734375,137.0,-1.7447357177734375,0,1,0
nevada_vs_wyoming_20250225,2025-02-25,nevada,Wyoming,2025,145.0,132.53133,12.468673706054688,134.5,-1.9686737060546875,0,1,0
nevada_vs_new mexico_20250304,2025-03-04,nevada,New Mexico,2025,138.0,146.82822,8.828216552734375,149.5,-2.671783447265625,0,0,1
nevada-las-vegas_vs_omaha_20241114,2024-11-14,nevada-las-vegas,Omaha,2025,149.0,145.02098,3.9790191650390625,146.5,-1.4790191650390625,0,1,0
nevada-las-vegas_vs_pepperdine_20241120,2024-11-20,nevada-las-vegas,Pepperdine,2025,139.0,142.42934,3.4293365478515625,147.0,-4.5706634521484375,0,0,1
nevada-las-vegas_vs_new mexico state_20241123,2024-11-23,nevada-las-vegas,New Mexico State,2025,137.0,145.44257,8.44256591796875,140.5,4.94256591796875,1,0,0
nevada-las-vegas_vs_northwestern_20241129,2024-11-29,nevada-las-vegas,Northwestern,2025,127.0,133.11823,6.11822509765625,135.5,-2.38177490234375,0,0,1
nevada-las-vegas_vs_pacific_20241214,2024-12-14,nevada-las-vegas,Pacific,2025,137.0,138.26826,1.2682647705078125,138.5,-0.2317352294921875,0,0,1
nevada-las-vegas_vs_uc riverside_20241221,2024-12-21,nevada-las-vegas,UC Riverside,2025,119.0,137.83224,18.832244873046875,141.0,-3.167755126953125,0,0,1
nevada-las-vegas_vs_fresno state_20241228,2024-12-28,nevada-las-vegas,Fresno State,2025,164.0,146.195,17.80499267578125,146.0,0.19500732421875,1,1,1
nevada-las-vegas_vs_san jose state_20250104,2025-01-04,nevada-las-vegas,San Jose State,2025,152.0,138.24664,13.75335693359375,140.5,-2.25335693359375,0,1,0
nevada-las-vegas_vs_utah state_20250115,2025-01-15,nevada-las-vegas,Utah State,2025,127.0,139.7578,12.757797241210938,148.5,-8.742202758789062,0,0,1
nevada-las-vegas_vs_wyoming_20250121,2025-01-21,nevada-las-vegas,Wyoming,2025,124.0,133.06142,9.061416625976562,133.0,0.0614166259765625,1,0,0
nevada-las-vegas_vs_new mexico_20250125,2025-01-25,nevada-las-vegas,New Mexico,2025,148.0,150.09558,2.0955810546875,149.0,1.0955810546875,1,0,0
nevada-las-vegas_vs_boise state_20250204,2025-02-04,nevada-las-vegas,Boise State,2025,133.0,135.13966,2.1396636962890625,140.5,-5.3603363037109375,0,0,1
nevada-las-vegas_vs_air force_20250211,2025-02-11,nevada-las-vegas,Air Force,2025,129.0,129.87572,0.8757171630859375,135.5,-5.6242828369140625,0,0,1
nevada-las-vegas_vs_colorado state_20250222,2025-02-22,nevada-las-vegas,Colorado State,2025,114.0,136.94159,22.94158935546875,138.0,-1.05841064453125,0,0,1
nevada-las-vegas_vs_nevada_20250228,2025-02-28,nevada-las-vegas,Nevada,2025,123.0,132.47282,9.472824096679688,133.5,-1.0271759033203125,0,0,1
nevada-las-vegas_vs_san diego state_20250304,2025-03-04,nevada-las-vegas,San Diego State,2025,141.0,131.26076,9.739242553710938,131.5,-0.2392425537109375,0,1,0
nevada-las-vegas_vs_utah state_20250313,2025-03-13,nevada-las-vegas,Utah State,2025,128.0,137.18031,9.180313110351562,141.5,-4.3196868896484375,0,0,1
new-hampshire_vs_sacred heart_20241116,2024-11-16,new-hampshire,Sacred Heart,2025,143.0,147.20004,4.200042724609375,145.5,1.700042724609375,1,0,0
new-hampshire_vs_dartmouth_20241203,2024-12-03,new-hampshire,Dartmouth,2025,134.0,147.35985,13.359848022460938,142.5,4.8598480224609375,1,0,0
new-hampshire_vs_harvard_20241208,2024-12-08,new-hampshire,Harvard,2025,134.0,139.92575,5.925750732421875,136.5,3.425750732421875,1,0,0
new-hampshire_vs_vermont_20250104,2025-01-04,new-hampshire,Vermont,2025,100.0,131.81798,31.817977905273438,133.5,-1.6820220947265625,0,0,1
new-hampshire_vs_albany (ny)_20250109,2025-01-09,new-hampshire,Albany (NY),2025,118.0,144.75327,26.753265380859375,145.5,-0.746734619140625,0,0,1
new-hampshire_vs_binghamton_20250111,2025-01-11,new-hampshire,Binghamton,2025,151.0,137.10318,13.896820068359375,134.5,2.603179931640625,1,1,1
new-hampshire_vs_bryant_20250123,2025-01-23,new-hampshire,Bryant,2025,171.0,154.00084,16.999160766601562,149.5,4.5008392333984375,1,1,1
new-hampshire_vs_umbc_20250206,2025-02-06,new-hampshire,UMBC,2025,157.0,149.59193,7.4080657958984375,152.0,-2.4080657958984375,0,1,0
new-hampshire_vs_njit_20250208,2025-02-08,new-hampshire,NJIT,2025,149.0,133.71815,15.281845092773438,134.5,-0.7818450927734375,0,1,0
new-hampshire_vs_umass lowell_20250215,2025-02-15,new-hampshire,UMass Lowell,2025,159.0,149.45505,9.544952392578125,149.5,-0.044952392578125,0,1,0
new-hampshire_vs_maine_20250227,2025-02-27,new-hampshire,Maine,2025,139.0,138.13907,0.860931396484375,137.0,1.139068603515625,1,1,1
new-mexico_vs_texas southern_20241124,2024-11-24,new-mexico,Texas Southern,2025,167.0,155.76465,11.2353515625,158.0,-2.2353515625,0,1,0
new-mexico_vs_southern california_20241130,2024-11-30,new-mexico,Southern California,2025,156.0,150.48775,5.5122528076171875,,,0,0,1
new-mexico_vs_san jose state_20241204,2024-12-04,new-mexico,San Jose State,2025,160.0,147.63182,12.368179321289062,150.5,-2.8681793212890625,0,1,0
new-mexico_vs_new mexico state_20241207,2024-12-07,new-mexico,New Mexico State,2025,172.0,152.65894,19.341064453125,152.5,0.158935546875,1,1,1
new-mexico_vs_vcu_20241218,2024-12-18,new-mexico,VCU,2025,149.0,152.11514,3.115142822265625,151.5,0.615142822265625,1,0,0
new-mexico_vs_nevada_20250103,2025-01-03,new-mexico,Nevada,2025,163.0,150.91614,12.0838623046875,151.0,-0.0838623046875,0,1,0
new-mexico_vs_san diego state_20250111,2025-01-11,new-mexico,San Diego State,2025,110.0,148.89293,38.89292907714844,148.0,0.8929290771484375,1,0,0
new-mexico_vs_boise state_20250117,2025-01-17,new-mexico,Boise State,2025,149.0,149.02531,0.0253143310546875,152.5,-3.4746856689453125,0,0,1
new-mexico_vs_fresno state_20250120,2025-01-20,new-mexico,Fresno State,2025,162.0,160.09918,1.90081787109375,161.0,-0.90081787109375,0,1,0
new-mexico_vs_colorado state_20250205,2025-02-05,new-mexico,Colorado State,2025,152.0,149.1581,2.8419036865234375,150.0,-0.8419036865234375,0,1,0
new-mexico_vs_wyoming_20250212,2025-02-12,new-mexico,Wyoming,2025,138.0,146.7548,8.754806518554688,143.5,3.2548065185546875,1,0,0
new-mexico_vs_utah state_20250216,2025-02-16,new-mexico,Utah State,2025,161.0,151.92758,9.072418212890625,159.0,-7.072418212890625,0,1,0
new-mexico_vs_air force_20250301,2025-03-01,new-mexico,Air Force,2025,163.0,143.09825,19.901748657226562,145.0,-1.9017486572265625,0,1,0
new-mexico_vs_unlv_20250307,2025-03-07,new-mexico,UNLV,2025,148.0,144.11081,3.889190673828125,148.5,-4.389190673828125,0,0,1
new-mexico_vs_san jose state_20250313,2025-03-13,new-mexico,San Jose State,2025,115.0,148.90793,33.907928466796875,149.5,-0.592071533203125,0,0,1
new-mexico-state_vs_texas a&mâcorpus christi_20241114,2024-11-14,new-mexico-state,Texas A&MâCorpus Christi,2025,165.0,156.9349,8.065093994140625,,,0,0,1
new-mexico-state_vs_pepperdine_20241129,2024-11-29,new-mexico-state,Pepperdine,2025,152.0,140.75682,11.243179321289062,138.5,2.2568206787109375,1,1,1
new-mexico-state_vs_abilene christian_20241204,2024-12-04,new-mexico-state,Abilene Christian,2025,148.0,145.07413,2.925872802734375,139.0,6.074127197265625,1,1,1
new-mexico-state_vs_southern utah_20241216,2024-12-16,new-mexico-state,Southern Utah,2025,141.0,151.82857,10.828567504882812,146.0,5.8285675048828125,1,0,0
new-mexico-state_vs_sam houston state_20250102,2025-01-02,new-mexico-state,Sam Houston State,2025,146.0,152.21194,6.211944580078125,150.0,2.211944580078125,1,0,0
new-mexico-state_vs_louisiana tech_20250104,2025-01-04,new-mexico-state,Louisiana Tech,2025,126.0,145.36224,19.36224365234375,138.5,6.86224365234375,1,0,0
new-mexico-state_vs_kennesaw state_20250123,2025-01-23,new-mexico-state,Kennesaw State,2025,125.0,149.49118,24.491180419921875,151.5,-2.008819580078125,0,0,1
new-mexico-state_vs_jacksonville state_20250125,2025-01-25,new-mexico-state,Jacksonville State,2025,124.0,139.0355,15.035507202148438,136.5,2.5355072021484375,1,0,0
new-mexico-state_vs_utep_20250208,2025-02-08,new-mexico-state,UTEP,2025,129.0,138.88118,9.881179809570312,138.0,0.8811798095703125,1,0,0
new-mexico-state_vs_liberty_20250213,2025-02-13,new-mexico-state,Liberty,2025,118.0,134.30934,16.309341430664062,133.5,0.8093414306640625,1,0,0
new-mexico-state_vs_florida international_20250215,2025-02-15,new-mexico-state,Florida International,2025,124.0,141.39017,17.390167236328125,138.5,2.890167236328125,1,0,0
new-mexico-state_vs_middle tennessee_20250227,2025-02-27,new-mexico-state,Middle Tennessee,2025,137.0,140.48917,3.489166259765625,137.5,2.989166259765625,1,0,0
new-mexico-state_vs_western kentucky_20250301,2025-03-01,new-mexico-state,Western Kentucky,2025,112.0,148.53899,36.53898620605469,142.5,6.0389862060546875,1,0,0
new-orleans_vs_stonehill_20241115,2024-11-15,new-orleans,Stonehill,2025,134.0,144.27342,10.273422241210938,141.5,2.7734222412109375,1,0,0
new-orleans_vs_texas a&mâcorpus christi_20250106,2025-01-06,new-orleans,Texas A&MâCorpus Christi,2025,180.0,147.91228,32.08772277832031,,,0,0,1
new-orleans_vs_southeastern louisiana_20250111,2025-01-11,new-orleans,Southeastern Louisiana,2025,162.0,142.15807,19.841934204101562,144.5,-2.3419342041015625,0,1,0
new-orleans_vs_incarnate word_20250127,2025-01-27,new-orleans,Incarnate Word,2025,132.0,144.28589,12.285888671875,150.0,-5.714111328125,0,0,1
new-orleans_vs_stephen f. austin_20250203,2025-02-03,new-orleans,Stephen F. Austin,2025,173.0,134.53369,38.46630859375,138.0,-3.46630859375,0,1,0
new-orleans_vs_mcneese state_20250215,2025-02-15,new-orleans,McNeese State,2025,142.0,141.17104,0.8289642333984375,142.5,-1.3289642333984375,0,0,1
new-orleans_vs_northwestern state_20250222,2025-02-22,new-orleans,Northwestern State,2025,139.0,141.46169,2.4616851806640625,141.0,0.4616851806640625,1,0,0
new-orleans_vs_texas a&mâcommerce_20250224,2025-02-24,new-orleans,Texas A&MâCommerce,2025,144.0,142.68123,1.3187713623046875,,,0,0,1
niagara_vs_siena_20241206,2024-12-06,niagara,Siena,2025,137.0,137.01997,0.0199737548828125,127.5,9.519973754882812,1,1,1
niagara_vs_merrimack_20241208,2024-12-08,niagara,Merrimack,2025,142.0,129.98718,12.0128173828125,127.0,2.9871826171875,1,1,1
niagara_vs_saint francis (pa)_20241214,2024-12-14,niagara,Saint Francis (PA),2025,135.0,141.05754,6.0575408935546875,136.5,4.5575408935546875,1,0,0
niagara_vs_le moyne_20241229,2024-12-29,niagara,Le Moyne,2025,157.0,144.16267,12.837326049804688,142.5,1.6626739501953125,1,1,1
niagara_vs_saint peter's_20250110,2025-01-10,niagara,Saint Peter's,2025,130.0,134.07239,4.0723876953125,128.0,6.0723876953125,1,1,1
niagara_vs_rider_20250112,2025-01-12,niagara,Rider,2025,133.0,135.24849,2.2484893798828125,136.0,-0.7515106201171875,0,0,1
niagara_vs_marist_20250123,2025-01-23,niagara,Marist,2025,132.0,131.8778,0.1221923828125,125.5,6.3778076171875,1,1,1
niagara_vs_sacred heart_20250125,2025-01-25,niagara,Sacred Heart,2025,163.0,141.88751,21.11248779296875,142.5,-0.61248779296875,0,1,0
niagara_vs_canisius_20250212,2025-02-12,niagara,Canisius,2025,131.0,134.8274,3.827392578125,135.5,-0.672607421875,0,0,1
niagara_vs_mount st. mary's_20250214,2025-02-14,niagara,Mount St. Mary's,2025,167.0,138.42888,28.571121215820312,135.0,3.4288787841796875,1,1,1
niagara_vs_iona_20250228,2025-02-28,niagara,Iona,2025,128.0,132.76778,4.7677764892578125,138.5,-5.7322235107421875,0,0,1
niagara_vs_manhattan_20250302,2025-03-02,niagara,Manhattan,2025,155.0,142.87143,12.128570556640625,141.5,1.371429443359375,1,1,1
njit_vs_navy_20241207,2024-12-07,njit,Navy,2025,133.0,134.49077,1.4907684326171875,138.0,-3.5092315673828125,0,0,1
njit_vs_wagner_20241214,2024-12-14,njit,Wagner,2025,93.0,123.04041,30.04041290283203,120.5,2.5404129028320312,1,0,0
njit_vs_umbc_20250109,2025-01-09,njit,UMBC,2025,151.0,145.40071,5.5992889404296875,145.5,-0.0992889404296875,0,1,0
njit_vs_maine_20250116,2025-01-16,njit,Maine,2025,101.0,137.23933,36.23933410644531,132.0,5.2393341064453125,1,0,0
njit_vs_new hampshire_20250118,2025-01-18,njit,New Hampshire,2025,123.0,128.66336,5.663360595703125,132.0,-3.336639404296875,0,0,1
njit_vs_umass lowell_20250130,2025-01-30,njit,UMass Lowell,2025,145.0,141.55034,3.4496612548828125,143.0,-1.4496612548828125,0,1,0
njit_vs_bryant_20250201,2025-02-01,njit,Bryant,2025,162.0,145.07225,16.927749633789062,147.5,-2.4277496337890625,0,1,0
njit_vs_binghamton_20250215,2025-02-15,njit,Binghamton,2025,146.0,138.52644,7.4735565185546875,137.5,1.0264434814453125,1,1,1
njit_vs_vermont_20250227,2025-02-27,njit,Vermont,2025,132.0,132.31377,0.3137664794921875,131.5,0.8137664794921875,1,1,1
njit_vs_albany (ny)_20250301,2025-03-01,njit,Albany (NY),2025,145.0,141.5096,3.4904022216796875,144.0,-2.4904022216796875,0,1,0
norfolk-state_vs_hofstra_20241209,2024-12-09,norfolk-state,Hofstra,2025,147.0,144.65125,2.3487548828125,133.0,11.6512451171875,1,1,1
norfolk-state_vs_maryland eastern shore_20250104,2025-01-04,norfolk-state,Maryland Eastern Shore,2025,140.0,144.15613,4.1561279296875,141.5,2.6561279296875,1,0,0
norfolk-state_vs_coppin state_20250111,2025-01-11,norfolk-state,Coppin State,2025,161.0,132.74796,28.252044677734375,136.0,-3.252044677734375,0,1,0
norfolk-state_vs_howard_20250125,2025-01-25,norfolk-state,Howard,2025,167.0,152.90483,14.095169067382812,151.5,1.4048309326171875,1,1,1
norfolk-state_vs_south carolina state_20250201,2025-02-01,norfolk-state,South Carolina State,2025,132.0,149.5309,17.530899047851562,146.0,3.5308990478515625,1,0,0
norfolk-state_vs_north carolina central_20250203,2025-02-03,norfolk-state,North Carolina Central,2025,159.0,150.05792,8.94207763671875,146.0,4.05792236328125,1,1,1
norfolk-state_vs_delaware state_20250217,2025-02-17,norfolk-state,Delaware State,2025,180.0,152.06262,27.9373779296875,149.0,3.0626220703125,1,1,1
norfolk-state_vs_morgan state_20250224,2025-02-24,norfolk-state,Morgan State,2025,129.0,157.01031,28.01031494140625,158.5,-1.48968505859375,0,0,1
norfolk-state_vs_south carolina state_20250315,2025-03-15,norfolk-state,South Carolina State,2025,131.0,149.70631,18.706314086914062,142.5,7.2063140869140625,1,0,0
north-alabama_vs_samford_20241115,2024-11-15,north-alabama,Samford,2025,193.0,158.62704,34.372955322265625,162.0,-3.372955322265625,0,1,0
north-alabama_vs_charleston southern_20241219,2024-12-19,north-alabama,Charleston Southern,2025,155.0,150.90994,4.090057373046875,148.5,2.409942626953125,1,1,1
north-alabama_vs_bellarmine_20250102,2025-01-02,north-alabama,Bellarmine,2025,148.0,147.80919,0.1908111572265625,149.0,-1.1908111572265625,0,0,1
north-alabama_vs_eastern kentucky_20250104,2025-01-04,north-alabama,Eastern Kentucky,2025,155.0,152.73608,2.263916015625,153.5,-0.763916015625,0,1,0
north-alabama_vs_lipscomb_20250123,2025-01-23,north-alabama,Lipscomb,2025,138.0,148.0944,10.094406127929688,147.0,1.0944061279296875,1,0,0
north-alabama_vs_austin peay_20250125,2025-01-25,north-alabama,Austin Peay,2025,172.0,145.60902,26.390975952148438,141.5,4.1090240478515625,1,1,1
north-alabama_vs_central arkansas_20250201,2025-02-01,north-alabama,Central Arkansas,2025,159.0,152.04263,6.957366943359375,144.5,7.542633056640625,1,1,1
north-alabama_vs_north florida_20250213,2025-02-13,north-alabama,North Florida,2025,153.0,160.26913,7.269134521484375,166.5,-6.230865478515625,0,0,1
north-alabama_vs_jacksonville_20250215,2025-02-15,north-alabama,Jacksonville,2025,171.0,145.61177,25.388229370117188,144.5,1.1117706298828125,1,1,1
north-alabama_vs_west georgia_20250218,2025-02-18,north-alabama,West Georgia,2025,142.0,147.86073,5.8607330322265625,149.5,-1.6392669677734375,0,0,1
north-alabama_vs_queens (nc)_20250226,2025-02-26,north-alabama,Queens (NC),2025,143.0,152.05313,9.053131103515625,153.5,-1.446868896484375,0,0,1
north-alabama_vs_austin peay_20250303,2025-03-03,north-alabama,Austin Peay,2025,154.0,150.01688,3.983123779296875,145.5,4.516876220703125,1,1,1
north-alabama_vs_jacksonville_20250306,2025-03-06,north-alabama,Jacksonville,2025,141.0,145.72679,4.7267913818359375,141.5,4.2267913818359375,1,0,0
north-carolina_vs_american_20241115,2024-11-15,north-carolina,American,2025,162.0,142.60892,19.391082763671875,149.5,-6.891082763671875,0,1,0
north-carolina_vs_alabama_20241204,2024-12-04,north-carolina,Alabama,2025,173.0,156.71275,16.287246704101562,176.5,-19.787246704101562,0,0,1
north-carolina_vs_georgia tech_20241207,2024-12-07,north-carolina,Georgia Tech,2025,133.0,157.0583,24.058303833007812,162.0,-4.9416961669921875,0,0,1
north-carolina_vs_la salle_20241214,2024-12-14,north-carolina,La Salle,2025,160.0,157.40747,2.592529296875,163.0,-5.592529296875,0,0,1
north-carolina_vs_ucla_20241221,2024-12-21,north-carolina,UCLA,2025,150.0,152.95161,2.9516143798828125,149.5,3.4516143798828125,1,1,1
north-carolina_vs_campbell_20241229,2024-12-29,north-carolina,Campbell,2025,178.0,151.6528,26.347198486328125,155.5,-3.847198486328125,0,1,0
north-carolina_vs_smu_20250107,2025-01-07,north-carolina,SMU,2025,149.0,157.87909,8.87908935546875,166.0,-8.12091064453125,0,0,1
north-carolina_vs_california_20250115,2025-01-15,north-carolina,California,2025,132.0,152.56197,20.561965942382812,159.5,-6.9380340576171875,0,0,1
north-carolina_vs_stanford_20250118,2025-01-18,north-carolina,Stanford,2025,143.0,151.54993,8.5499267578125,154.0,-2.4500732421875,0,0,1
north-carolina_vs_boston college_20250125,2025-01-25,north-carolina,Boston College,2025,198.0,150.9622,47.03779602050781,149.0,1.9622039794921875,1,1,1
north-carolina_vs_pittsburgh_20250208,2025-02-08,north-carolina,Pittsburgh,2025,133.0,153.2218,20.2218017578125,150.0,3.2218017578125,1,0,0
north-carolina_vs_nc state_20250219,2025-02-19,north-carolina,NC State,2025,170.0,143.10231,26.897689819335938,146.0,-2.8976898193359375,0,1,0
north-carolina_vs_virginia_20250222,2025-02-22,north-carolina,Virginia,2025,147.0,137.80634,9.19366455078125,139.5,-1.69366455078125,0,1,0
north-carolina_vs_miami (fl)_20250301,2025-03-01,north-carolina,Miami (FL),2025,165.0,155.39494,9.605056762695312,159.0,-3.6050567626953125,0,1,0
north-carolina_vs_duke_20250308,2025-03-08,north-carolina,Duke,2025,151.0,146.76453,4.2354736328125,160.5,-13.7354736328125,0,0,1
north-carolina_vs_notre dame_20250312,2025-03-12,north-carolina,Notre Dame,2025,132.0,147.82512,15.825119018554688,145.0,2.8251190185546875,1,0,0
north-carolina_vs_wake forest_20250313,2025-03-13,north-carolina,Wake Forest,2025,127.0,146.23041,19.23040771484375,146.5,-0.26959228515625,0,0,1
north-carolina_vs_san diego state_20250318,2025-03-18,north-carolina,San Diego State,2025,163.0,141.67142,21.328582763671875,141.5,0.171417236328125,1,1,1
north-carolina-asheville_vs_southeast missouri state_20241122,2024-11-22,north-carolina-asheville,Southeast Missouri State,2025,136.0,151.15616,15.156158447265625,147.0,4.156158447265625,1,0,0
north-carolina-asheville_vs_western carolina_20241214,2024-12-14,north-carolina-asheville,Western Carolina,2025,139.0,155.11891,16.118911743164062,147.5,7.6189117431640625,1,0,0
north-carolina-asheville_vs_north florida_20241217,2024-12-17,north-carolina-asheville,North Florida,2025,176.0,161.30544,14.694564819335938,162.5,-1.1945648193359375,0,1,0
north-carolina-asheville_vs_high point_20250104,2025-01-04,north-carolina-asheville,High Point,2025,202.0,147.23264,54.767364501953125,152.5,-5.267364501953125,0,1,0
north-carolina-asheville_vs_usc upstate_20250115,2025-01-15,north-carolina-asheville,USC Upstate,2025,185.0,161.3753,23.62469482421875,162.0,-0.62469482421875,0,1,0
north-carolina-asheville_vs_winthrop_20250118,2025-01-18,north-carolina-asheville,Winthrop,2025,177.0,160.42462,16.57537841796875,165.5,-5.07537841796875,0,1,0
north-carolina-asheville_vs_radford_20250129,2025-01-29,north-carolina-asheville,Radford,2025,137.0,149.38643,12.386428833007812,142.5,6.8864288330078125,1,0,0
north-carolina-asheville_vs_gardner-webb_20250206,2025-02-06,north-carolina-asheville,Gardner-Webb,2025,148.0,154.69379,6.69378662109375,157.5,-2.80621337890625,0,0,1
north-carolina-asheville_vs_charleston southern_20250215,2025-02-15,north-carolina-asheville,Charleston Southern,2025,147.0,155.99849,8.998489379882812,154.5,1.4984893798828125,1,0,0
north-carolina-asheville_vs_longwood_20250222,2025-02-22,north-carolina-asheville,Longwood,2025,169.0,155.44307,13.556930541992188,158.5,-3.0569305419921875,0,1,0
north-carolina-asheville_vs_presbyterian_20250226,2025-02-26,north-carolina-asheville,Presbyterian,2025,123.0,150.88629,27.88629150390625,150.0,0.88629150390625,1,0,0
north-carolina-asheville_vs_winthrop_20250308,2025-03-08,north-carolina-asheville,Winthrop,2025,153.0,159.00458,6.00457763671875,162.5,-3.49542236328125,0,0,1
north-carolina-at_vs_morgan state_20241120,2024-11-20,north-carolina-at,Morgan State,2025,169.0,157.37584,11.624160766601562,159.5,-2.1241607666015625,0,1,0
north-carolina-at_vs_unc greensboro_20241207,2024-12-07,north-carolina-at,UNC Greensboro,2025,122.0,148.68527,26.685272216796875,149.0,-0.314727783203125,0,0,1
north-carolina-at_vs_coastal carolina_20241217,2024-12-17,north-carolina-at,Coastal Carolina,2025,141.0,144.2957,3.2957000732421875,146.5,-2.2042999267578125,0,0,1
north-carolina-at_vs_north carolina central_20241228,2024-12-28,north-carolina-at,North Carolina Central,2025,157.0,152.6719,4.328094482421875,156.5,-3.828094482421875,0,1,0
north-carolina-at_vs_elon_20250102,2025-01-02,north-carolina-at,Elon,2025,142.0,148.82733,6.82733154296875,152.5,-3.67266845703125,0,0,1
north-carolina-at_vs_drexel_20250104,2025-01-04,north-carolina-at,Drexel,2025,127.0,143.32391,16.32391357421875,145.5,-2.17608642578125,0,0,1
north-carolina-at_vs_delaware_20250109,2025-01-09,north-carolina-at,Delaware,2025,186.0,155.99255,30.0074462890625,160.5,-4.5074462890625,0,1,0
north-carolina-at_vs_monmouth_20250116,2025-01-16,north-carolina-at,Monmouth,2025,135.0,150.67429,15.674285888671875,152.5,-1.825714111328125,0,0,1
north-carolina-at_vs_hampton_20250120,2025-01-20,north-carolina-at,Hampton,2025,147.0,147.34259,0.34259033203125,146.0,1.34259033203125,1,1,1
north-carolina-at_vs_unc wilmington_20250130,2025-01-30,north-carolina-at,UNC Wilmington,2025,142.0,153.1192,11.11920166015625,146.5,6.61920166015625,1,0,0
north-carolina-at_vs_college of charleston_20250215,2025-02-15,north-carolina-at,College of Charleston,2025,128.0,154.0157,26.015701293945312,144.5,9.515701293945312,1,0,0
north-carolina-at_vs_campbell_20250220,2025-02-20,north-carolina-at,Campbell,2025,103.0,142.68085,39.68084716796875,136.5,6.18084716796875,1,0,0
north-carolina-at_vs_stony brook_20250222,2025-02-22,north-carolina-at,Stony Brook,2025,145.0,141.5623,3.4376983642578125,134.5,7.0623016357421875,1,1,1
north-carolina-central_vs_william & mary_20241116,2024-11-16,north-carolina-central,William & Mary,2025,154.0,150.00713,3.9928741455078125,151.0,-0.9928741455078125,0,1,0
north-carolina-central_vs_radford_20241205,2024-12-05,north-carolina-central,Radford,2025,137.0,147.5398,10.539794921875,140.5,7.039794921875,1,0,0
north-carolina-central_vs_longwood_20241220,2024-12-20,north-carolina-central,Longwood,2025,149.0,147.8964,1.103607177734375,143.5,4.396392822265625,1,1,1
north-carolina-central_vs_maryland eastern shore_20250111,2025-01-11,north-carolina-central,Maryland Eastern Shore,2025,157.0,146.904,10.095993041992188,143.5,3.4040069580078125,1,1,1
north-carolina-central_vs_delaware state_20250113,2025-01-13,north-carolina-central,Delaware State,2025,147.0,150.50365,3.5036468505859375,147.5,3.0036468505859375,1,0,0
north-carolina-central_vs_south carolina state_20250125,2025-01-25,north-carolina-central,South Carolina State,2025,159.0,149.80063,9.199371337890625,146.5,3.300628662109375,1,1,1
north-carolina-central_vs_coppin state_20250215,2025-02-15,north-carolina-central,Coppin State,2025,130.0,141.64767,11.647674560546875,145.0,-3.352325439453125,0,0,1
north-carolina-central_vs_morgan state_20250217,2025-02-17,north-carolina-central,Morgan State,2025,170.0,158.62718,11.372817993164062,161.5,-2.8728179931640625,0,1,0
north-carolina-central_vs_howard_20250301,2025-03-01,north-carolina-central,Howard,2025,140.0,153.58186,13.581863403320312,156.5,-2.9181365966796875,0,0,1
north-carolina-central_vs_norfolk state_20250303,2025-03-03,north-carolina-central,Norfolk State,2025,178.0,152.98187,25.01812744140625,151.5,1.48187255859375,1,1,1
north-carolina-central_vs_south carolina state_20250314,2025-03-14,north-carolina-central,South Carolina State,2025,155.0,148.97208,6.027923583984375,147.5,1.472076416015625,1,1,1
north-carolina-greensboro_vs_san jose state_20241126,2024-11-26,north-carolina-greensboro,San Jose State,2025,133.0,135.02994,2.029937744140625,136.0,-0.970062255859375,0,0,1
north-carolina-greensboro_vs_utep_20241127,2024-11-27,north-carolina-greensboro,UTEP,2025,122.0,139.28159,17.281585693359375,137.0,2.281585693359375,1,0,0
north-carolina-greensboro_vs_high point_20241203,2024-12-03,north-carolina-greensboro,High Point,2025,140.0,138.55617,1.4438323974609375,138.5,0.0561676025390625,1,1,1
north-carolina-greensboro_vs_furman_20250104,2025-01-04,north-carolina-greensboro,Furman,2025,151.0,136.91264,14.087356567382812,138.5,-1.5873565673828125,0,1,0
north-carolina-greensboro_vs_the citadel_20250115,2025-01-15,north-carolina-greensboro,The Citadel,2025,127.0,134.42558,7.4255828857421875,131.0,3.4255828857421875,1,0,0
north-carolina-greensboro_vs_mercer_20250122,2025-01-22,north-carolina-greensboro,Mercer,2025,157.0,148.89703,8.10296630859375,145.5,3.39703369140625,1,1,1
north-carolina-greensboro_vs_east tennessee state_20250129,2025-01-29,north-carolina-greensboro,East Tennessee State,2025,135.0,137.23024,2.2302398681640625,137.5,-0.2697601318359375,0,0,1
north-carolina-greensboro_vs_wofford_20250201,2025-02-01,north-carolina-greensboro,Wofford,2025,136.0,139.82394,3.823944091796875,135.5,4.323944091796875,1,1,1
north-carolina-greensboro_vs_western carolina_20250208,2025-02-08,north-carolina-greensboro,Western Carolina,2025,144.0,142.4515,1.548492431640625,141.5,0.951507568359375,1,1,1
north-carolina-greensboro_vs_vmi_20250212,2025-02-12,north-carolina-greensboro,VMI,2025,134.0,142.08423,8.084228515625,139.0,3.084228515625,1,0,0
north-carolina-greensboro_vs_chattanooga_20250227,2025-02-27,north-carolina-greensboro,Chattanooga,2025,138.0,142.69226,4.6922607421875,141.0,1.6922607421875,1,0,0
north-carolina-greensboro_vs_samford_20250301,2025-03-01,north-carolina-greensboro,Samford,2025,208.0,144.4047,63.595306396484375,149.0,-4.595306396484375,0,1,0
north-carolina-greensboro_vs_vmi_20250308,2025-03-08,north-carolina-greensboro,VMI,2025,121.0,138.09386,17.093856811523438,138.0,0.0938568115234375,1,0,0
north-carolina-state_vs_colgate_20241118,2024-11-18,north-carolina-state,Colgate,2025,121.0,146.3623,25.3623046875,149.5,-3.1376953125,0,0,1
north-carolina-state_vs_william & mary_20241122,2024-11-22,north-carolina-state,William & Mary,2025,145.0,149.68867,4.6886749267578125,164.5,-14.811325073242188,0,0,1
north-carolina-state_vs_purdue_20241128,2024-11-28,north-carolina-state,Purdue,2025,132.0,143.81853,11.818527221679688,147.5,-3.6814727783203125,0,0,1
north-carolina-state_vs_texas_20241204,2024-12-04,north-carolina-state,Texas,2025,122.0,140.35718,18.357177734375,147.5,-7.142822265625,0,0,1
north-carolina-state_vs_florida state_20241207,2024-12-07,north-carolina-state,Florida State,2025,158.0,143.87772,14.122283935546875,147.5,-3.622283935546875,0,1,0
north-carolina-state_vs_coppin state_20241210,2024-12-10,north-carolina-state,Coppin State,2025,122.0,131.18216,9.182159423828125,136.5,-5.317840576171875,0,0,1
north-carolina-state_vs_rider_20241222,2024-12-22,north-carolina-state,Rider,2025,152.0,131.33502,20.66497802734375,133.5,-2.16497802734375,0,1,0
north-carolina-state_vs_notre dame_20250108,2025-01-08,north-carolina-state,Notre Dame,2025,131.0,136.06866,5.06866455078125,138.5,-2.43133544921875,0,0,1
north-carolina-state_vs_north carolina_20250111,2025-01-11,north-carolina-state,North Carolina,2025,124.0,150.84915,26.849151611328125,151.5,-0.650848388671875,0,0,1
north-carolina-state_vs_california_20250118,2025-01-18,north-carolina-state,California,2025,127.0,139.69228,12.692276000976562,143.5,-3.8077239990234375,0,0,1
north-carolina-state_vs_smu_20250125,2025-01-25,north-carolina-state,SMU,2025,120.0,144.75104,24.75103759765625,147.0,-2.24896240234375,0,0,1
north-carolina-state_vs_clemson_20250201,2025-02-01,north-carolina-state,Clemson,2025,126.0,136.7759,10.775894165039062,132.5,4.2758941650390625,1,0,0
north-carolina-state_vs_louisville_20250212,2025-02-12,north-carolina-state,Louisville,2025,157.0,138.36977,18.630233764648438,144.0,-5.6302337646484375,0,1,0
north-carolina-state_vs_boston college_20250215,2025-02-15,north-carolina-state,Boston College,2025,132.0,140.68224,8.682235717773438,141.5,-0.8177642822265625,0,0,1
north-carolina-state_vs_wake forest_20250222,2025-02-22,north-carolina-state,Wake Forest,2025,158.0,135.16931,22.8306884765625,138.0,-2.8306884765625,0,1,0
north-carolina-state_vs_pittsburgh_20250305,2025-03-05,north-carolina-state,Pittsburgh,2025,134.0,139.15881,5.1588134765625,139.0,0.1588134765625,1,0,0
north-carolina-wilmington_vs_colgate_20241127,2024-11-27,north-carolina-wilmington,Colgate,2025,131.0,154.90948,23.90948486328125,146.0,8.90948486328125,1,0,0
north-carolina-wilmington_vs_sam houston state_20241129,2024-11-29,north-carolina-wilmington,Sam Houston State,2025,129.0,158.81734,29.817337036132812,151.0,7.8173370361328125,1,0,0
north-carolina-wilmington_vs_appalachian state_20241130,2024-11-30,north-carolina-wilmington,Appalachian State,2025,137.0,144.8345,7.834503173828125,134.0,10.834503173828125,1,1,1
north-carolina-wilmington_vs_marshall_20241207,2024-12-07,north-carolina-wilmington,Marshall,2025,147.0,148.6531,1.653106689453125,147.5,1.153106689453125,1,0,0
north-carolina-wilmington_vs_florida gulf coast_20241218,2024-12-18,north-carolina-wilmington,Florida Gulf Coast,2025,145.0,141.7476,3.2523956298828125,138.5,3.2476043701171875,1,1,1
north-carolina-wilmington_vs_unc asheville_20241221,2024-12-21,north-carolina-wilmington,UNC Asheville,2025,159.0,154.84795,4.1520538330078125,150.5,4.3479461669921875,1,1,1
north-carolina-wilmington_vs_towson_20250102,2025-01-02,north-carolina-wilmington,Towson,2025,126.0,142.9298,16.929794311523438,139.5,3.4297943115234375,1,0,0
north-carolina-wilmington_vs_campbell_20250104,2025-01-04,north-carolina-wilmington,Campbell,2025,146.0,146.37476,0.374755859375,144.5,1.874755859375,1,1,1
north-carolina-wilmington_vs_northeastern_20250116,2025-01-16,north-carolina-wilmington,Northeastern,2025,152.0,142.29915,9.700851440429688,141.0,1.2991485595703125,1,1,1
north-carolina-wilmington_vs_william & mary_20250120,2025-01-20,north-carolina-wilmington,William & Mary,2025,159.0,155.35715,3.642852783203125,154.5,0.857147216796875,1,1,1
north-carolina-wilmington_vs_hampton_20250125,2025-01-25,north-carolina-wilmington,Hampton,2025,145.0,147.73242,2.732421875,140.0,7.732421875,1,1,1
north-carolina-wilmington_vs_stony brook_20250201,2025-02-01,north-carolina-wilmington,Stony Brook,2025,150.0,142.08246,7.91754150390625,139.0,3.08245849609375,1,1,1
north-carolina-wilmington_vs_college of charleston_20250213,2025-02-13,north-carolina-wilmington,College of Charleston,2025,152.0,153.72125,1.72125244140625,153.5,0.22125244140625,1,0,0
north-carolina-wilmington_vs_elon_20250215,2025-02-15,north-carolina-wilmington,Elon,2025,151.0,143.75577,7.244232177734375,140.0,3.755767822265625,1,1,1
north-carolina-wilmington_vs_delaware_20250301,2025-03-01,north-carolina-wilmington,Delaware,2025,146.0,151.8085,5.808502197265625,154.5,-2.691497802734375,0,0,1
north-carolina-wilmington_vs_texas tech_20250320,2025-03-20,north-carolina-wilmington,Texas Tech,2025,154.0,141.77878,12.221221923828125,144.0,-2.221221923828125,0,1,0
north-dakota_vs_utah valley_20241114,2024-11-14,north-dakota,Utah Valley,2025,148.0,149.91278,1.91278076171875,145.0,4.91278076171875,1,1,1
north-dakota_vs_southeastern louisiana_20241127,2024-11-27,north-dakota,Southeastern Louisiana,2025,136.0,146.67238,10.672378540039062,140.5,6.1723785400390625,1,0,0
north-dakota_vs_weber state_20241207,2024-12-07,north-dakota,Weber State,2025,155.0,147.70955,7.2904510498046875,145.5,2.2095489501953125,1,1,1
north-dakota_vs_utsa_20241215,2024-12-15,north-dakota,UTSA,2025,180.0,152.7732,27.226806640625,154.5,-1.726806640625,0,1,0
north-dakota_vs_alabama_20241218,2024-12-18,north-dakota,Alabama,2025,187.0,159.58156,27.418441772460938,167.0,-7.4184417724609375,0,1,0
north-dakota_vs_omaha_20250102,2025-01-02,north-dakota,Omaha,2025,180.0,150.94423,29.055770874023438,151.0,-0.0557708740234375,0,1,0
north-dakota_vs_st. thomas_20250104,2025-01-04,north-dakota,St. Thomas,2025,168.0,158.04794,9.952056884765625,156.0,2.047943115234375,1,1,1
north-dakota_vs_kansas city_20250118,2025-01-18,north-dakota,Kansas City,2025,148.0,144.74947,3.2505340576171875,145.0,-0.2505340576171875,0,1,0
north-dakota_vs_south dakota_20250123,2025-01-23,north-dakota,South Dakota,2025,195.0,158.79388,36.20611572265625,175.5,-16.70611572265625,0,1,0
north-dakota_vs_south dakota state_20250201,2025-02-01,north-dakota,South Dakota State,2025,155.0,155.87096,0.8709564208984375,160.0,-4.1290435791015625,0,0,1
north-dakota_vs_denver_20250213,2025-02-13,north-dakota,Denver,2025,132.0,154.26732,22.267318725585938,152.0,2.2673187255859375,1,0,0
north-dakota_vs_oral roberts_20250215,2025-02-15,north-dakota,Oral Roberts,2025,165.0,153.9283,11.071701049804688,158.5,-4.5717010498046875,0,1,0
north-dakota_vs_north dakota state_20250222,2025-02-22,north-dakota,North Dakota State,2025,156.0,151.33925,4.6607513427734375,158.0,-6.6607513427734375,0,0,1
north-dakota_vs_south dakota state_20250307,2025-03-07,north-dakota,South Dakota State,2025,154.0,155.02997,1.02996826171875,155.5,-0.47003173828125,0,0,1
north-dakota_vs_st. thomas_20250308,2025-03-08,north-dakota,St. Thomas,2025,154.0,154.33469,0.334686279296875,155.0,-0.665313720703125,0,0,1
north-dakota-state_vs_west georgia_20241127,2024-11-27,north-dakota-state,West Georgia,2025,134.0,144.69283,10.692825317382812,138.5,6.1928253173828125,1,0,0
north-dakota-state_vs_utah valley_20241128,2024-11-28,north-dakota-state,Utah Valley,2025,146.0,148.02278,2.0227813720703125,141.5,6.5227813720703125,1,1,1
north-dakota-state_vs_northern colorado_20241207,2024-12-07,north-dakota-state,Northern Colorado,2025,152.0,151.0352,0.9647979736328125,151.5,-0.4647979736328125,0,1,0
north-dakota-state_vs_cal state bakersfield_20241223,2024-12-23,north-dakota-state,Cal State Bakersfield,2025,154.0,147.90096,6.0990447998046875,139.5,8.400955200195312,1,1,1
north-dakota-state_vs_st. thomas_20250102,2025-01-02,north-dakota-state,St. Thomas,2025,174.0,151.24396,22.75604248046875,152.0,-0.75604248046875,0,1,0
north-dakota-state_vs_omaha_20250104,2025-01-04,north-dakota-state,Omaha,2025,165.0,147.91971,17.080291748046875,149.5,-1.580291748046875,0,1,0
north-dakota-state_vs_kansas city_20250116,2025-01-16,north-dakota-state,Kansas City,2025,135.0,145.91248,10.9124755859375,140.0,5.9124755859375,1,0,0
north-dakota-state_vs_north dakota_20250125,2025-01-25,north-dakota-state,North Dakota,2025,169.0,153.39967,15.600326538085938,160.0,-6.6003265380859375,0,1,0
north-dakota-state_vs_south dakota state_20250130,2025-01-30,north-dakota-state,South Dakota State,2025,134.0,151.6527,17.652694702148438,157.5,-5.8473052978515625,0,0,1
north-dakota-state_vs_oral roberts_20250213,2025-02-13,north-dakota-state,Oral Roberts,2025,182.0,150.77357,31.226425170898438,154.5,-3.7264251708984375,0,1,0
north-dakota-state_vs_denver_20250215,2025-02-15,north-dakota-state,Denver,2025,173.0,153.98213,19.017868041992188,146.0,7.9821319580078125,1,1,1
north-dakota-state_vs_south dakota_20250226,2025-02-26,north-dakota-state,South Dakota,2025,160.0,159.56804,0.4319610595703125,170.5,-10.931961059570312,0,0,1
north-dakota-state_vs_south dakota_20250307,2025-03-07,north-dakota-state,South Dakota,2025,169.0,159.94054,9.059463500976562,164.5,-4.5594635009765625,0,1,0
northeastern_vs_la salle_20241203,2024-12-03,northeastern,La Salle,2025,150.0,144.2934,5.70660400390625,147.5,-3.20660400390625,0,1,0
northeastern_vs_colgate_20241208,2024-12-08,northeastern,Colgate,2025,153.0,134.19424,18.805755615234375,134.5,-0.305755615234375,0,1,0
northeastern_vs_delaware_20250102,2025-01-02,northeastern,Delaware,2025,157.0,149.08977,7.9102325439453125,151.0,-1.9102325439453125,0,1,0
northeastern_vs_hofstra_20250104,2025-01-04,northeastern,Hofstra,2025,92.0,137.44348,45.4434814453125,131.5,5.9434814453125,1,0,0
northeastern_vs_drexel_20250123,2025-01-23,northeastern,Drexel,2025,131.0,133.76593,2.76593017578125,135.0,-1.23406982421875,0,0,1
northeastern_vs_towson_20250127,2025-01-27,northeastern,Towson,2025,140.0,134.67737,5.3226318359375,134.0,0.6773681640625,1,1,1
northeastern_vs_hampton_20250208,2025-02-08,northeastern,Hampton,2025,159.0,143.89085,15.109146118164062,139.5,4.3908538818359375,1,1,1
northeastern_vs_campbell_20250213,2025-02-13,northeastern,Campbell,2025,125.0,138.17038,13.170379638671875,138.0,0.170379638671875,1,0,0
northeastern_vs_stony brook_20250215,2025-02-15,northeastern,Stony Brook,2025,131.0,138.74515,7.745147705078125,140.5,-1.754852294921875,0,0,1
northeastern_vs_college of charleston_20250220,2025-02-20,northeastern,College of Charleston,2025,135.0,148.15587,13.155868530273438,149.5,-1.3441314697265625,0,0,1
northeastern_vs_north carolina a&t_20250227,2025-02-27,northeastern,North Carolina A&T,2025,124.0,145.78683,21.786834716796875,139.5,6.286834716796875,1,0,0
northern-arizona_vs_incarnate word_20241122,2024-11-22,northern-arizona,Incarnate Word,2025,149.0,145.59698,3.40301513671875,142.5,3.09698486328125,1,1,1
northern-arizona_vs_south dakota_20241207,2024-12-07,northern-arizona,South Dakota,2025,177.0,153.88667,23.113327026367188,157.5,-3.6133270263671875,0,1,0
northern-arizona_vs_idaho state_20250102,2025-01-02,northern-arizona,Idaho State,2025,139.0,146.88812,7.88812255859375,142.5,4.38812255859375,1,0,0
northern-arizona_vs_weber state_20250104,2025-01-04,northern-arizona,Weber State,2025,157.0,150.63736,6.362640380859375,143.5,7.137359619140625,1,1,1
northern-arizona_vs_sacramento state_20250116,2025-01-16,northern-arizona,Sacramento State,2025,130.0,137.05418,7.0541839599609375,138.0,-0.9458160400390625,0,0,1
northern-arizona_vs_portland state_20250118,2025-01-18,northern-arizona,Portland State,2025,149.0,149.72028,0.72027587890625,145.0,4.72027587890625,1,1,1
northern-arizona_vs_montana state_20250206,2025-02-06,northern-arizona,Montana State,2025,133.0,146.13902,13.139022827148438,146.5,-0.3609771728515625,0,0,1
northern-arizona_vs_montana_20250208,2025-02-08,northern-arizona,Montana,2025,163.0,149.6126,13.387405395507812,149.5,0.1125946044921875,1,1,1
northern-arizona_vs_idaho_20250220,2025-02-20,northern-arizona,Idaho,2025,161.0,148.7527,12.247299194335938,147.0,1.7527008056640625,1,1,1
northern-arizona_vs_eastern washington_20250222,2025-02-22,northern-arizona,Eastern Washington,2025,154.0,147.73885,6.2611541748046875,146.0,1.7388458251953125,1,1,1
northern-arizona_vs_northern colorado_20250301,2025-03-01,northern-arizona,Northern Colorado,2025,156.0,151.07108,4.928924560546875,154.5,-3.428924560546875,0,1,0
northern-arizona_vs_queens (nc)_20250323,2025-03-23,northern-arizona,Queens (NC),2025,163.0,146.91544,16.084564208984375,152.0,-5.084564208984375,0,1,0
northern-colorado_vs_south dakota state_20241114,2024-11-14,northern-colorado,South Dakota State,2025,147.0,150.82448,3.8244781494140625,153.0,-2.1755218505859375,0,0,1
northern-colorado_vs_st. thomas_20241204,2024-12-04,northern-colorado,St. Thomas,2025,162.0,155.98946,6.0105438232421875,155.0,0.9894561767578125,1,1,1
northern-colorado_vs_air force_20241216,2024-12-16,northern-colorado,Air Force,2025,157.0,139.3091,17.690902709960938,140.5,-1.1909027099609375,0,1,0
northern-colorado_vs_weber state_20250102,2025-01-02,northern-colorado,Weber State,2025,161.0,152.43567,8.5643310546875,150.0,2.4356689453125,1,1,1
northern-colorado_vs_idaho state_20250104,2025-01-04,northern-colorado,Idaho State,2025,185.0,145.81915,39.18084716796875,146.5,-0.68084716796875,0,1,0
northern-colorado_vs_portland state_20250116,2025-01-16,northern-colorado,Portland State,2025,141.0,155.04243,14.042434692382812,153.5,1.5424346923828125,1,0,0
northern-colorado_vs_sacramento state_20250118,2025-01-18,northern-colorado,Sacramento State,2025,132.0,142.87398,10.873977661132812,142.5,0.3739776611328125,1,0,0
northern-colorado_vs_northern arizona_20250201,2025-02-01,northern-colorado,Northern Arizona,2025,156.0,153.0298,2.9701995849609375,152.0,1.0298004150390625,1,1,1
northern-colorado_vs_montana_20250206,2025-02-06,northern-colorado,Montana,2025,164.0,150.77193,13.228073120117188,153.5,-2.7280731201171875,0,1,0
northern-colorado_vs_montana state_20250208,2025-02-08,northern-colorado,Montana State,2025,139.0,150.1442,11.144195556640625,149.5,0.644195556640625,1,0,0
northern-colorado_vs_eastern washington_20250220,2025-02-20,northern-colorado,Eastern Washington,2025,171.0,150.93806,20.061935424804688,152.5,-1.5619354248046875,0,1,0
northern-colorado_vs_idaho_20250222,2025-02-22,northern-colorado,Idaho,2025,166.0,149.48798,16.51202392578125,156.5,-7.01202392578125,0,1,0
northern-colorado_vs_weber state_20250309,2025-03-09,northern-colorado,Weber State,2025,128.0,148.71219,20.712188720703125,146.0,2.712188720703125,1,0,0
northern-illinois_vs_elon_20241120,2024-11-20,northern-illinois,Elon,2025,123.0,151.04802,28.048019409179688,144.0,7.0480194091796875,1,0,0
northern-illinois_vs_kent state_20250107,2025-01-07,northern-illinois,Kent State,2025,118.0,139.18039,21.180389404296875,139.5,-0.319610595703125,0,0,1
northern-illinois_vs_miami (oh)_20250114,2025-01-14,northern-illinois,Miami (OH),2025,153.0,150.63225,2.3677520751953125,148.0,2.6322479248046875,1,1,1
northern-illinois_vs_central michigan_20250118,2025-01-18,northern-illinois,Central Michigan,2025,137.0,147.80466,10.804656982421875,142.5,5.304656982421875,1,0,0
northern-illinois_vs_ball state_20250125,2025-01-25,northern-illinois,Ball State,2025,142.0,148.76682,6.766815185546875,148.0,0.766815185546875,1,0,0
northern-illinois_vs_akron_20250128,2025-01-28,northern-illinois,Akron,2025,150.0,157.27261,7.272613525390625,154.5,2.772613525390625,1,0,0
northern-illinois_vs_louisiana_20250208,2025-02-08,northern-illinois,Louisiana,2025,130.0,144.10316,14.103164672851562,143.5,0.6031646728515625,1,0,0
northern-illinois_vs_buffalo_20250211,2025-02-11,northern-illinois,Buffalo,2025,140.0,155.69011,15.690109252929688,154.0,1.6901092529296875,1,0,0
northern-illinois_vs_eastern michigan_20250222,2025-02-22,northern-illinois,Eastern Michigan,2025,155.0,147.57634,7.4236602783203125,144.5,3.0763397216796875,1,1,1
northern-illinois_vs_bowling green_20250304,2025-03-04,northern-illinois,Bowling Green,2025,129.0,148.23773,19.23773193359375,142.5,5.73773193359375,1,0,0
northern-iowa_vs_western illinois_20241119,2024-11-19,northern-iowa,Western Illinois,2025,138.0,134.56473,3.435272216796875,135.5,-0.935272216796875,0,1,0
northern-iowa_vs_north texas_20241128,2024-11-28,northern-iowa,North Texas,2025,116.0,130.86562,14.865615844726562,126.0,4.8656158447265625,1,0,0
northern-iowa_vs_st. bonaventure_20241129,2024-11-29,northern-iowa,St. Bonaventure,2025,124.0,135.54901,11.54901123046875,138.5,-2.95098876953125,0,0,1
northern-iowa_vs_northern illinois_20241207,2024-12-07,northern-iowa,Northern Illinois,2025,158.0,141.588,16.412002563476562,140.5,1.0879974365234375,1,1,1
northern-iowa_vs_omaha_20241213,2024-12-13,northern-iowa,Omaha,2025,136.0,139.94814,3.9481353759765625,141.5,-1.5518646240234375,0,0,1
northern-iowa_vs_montana_20241216,2024-12-16,northern-iowa,Montana,2025,180.0,143.0366,36.96339416503906,146.5,-3.4633941650390625,0,1,0
northern-iowa_vs_washington state_20241221,2024-12-21,northern-iowa,Washington State,2025,144.0,148.53493,4.5349273681640625,149.0,-0.4650726318359375,0,0,1
northern-iowa_vs_southern illinois_20241229,2024-12-29,northern-iowa,Southern Illinois,2025,145.0,145.00388,0.003875732421875,145.5,-0.496124267578125,0,0,1
northern-iowa_vs_belmont_20250101,2025-01-01,northern-iowa,Belmont,2025,146.0,149.05884,3.058837890625,153.5,-4.441162109375,0,0,1
northern-iowa_vs_murray state_20250108,2025-01-08,northern-iowa,Murray State,2025,139.0,138.28531,0.714691162109375,137.5,0.785308837890625,1,1,1
northern-iowa_vs_evansville_20250114,2025-01-14,northern-iowa,Evansville,2025,129.0,135.15312,6.1531219482421875,133.0,2.1531219482421875,1,0,0
northern-iowa_vs_missouri state_20250121,2025-01-21,northern-iowa,Missouri State,2025,147.0,142.0215,4.9785003662109375,134.5,7.5214996337890625,1,1,1
northern-iowa_vs_bradley_20250202,2025-02-02,northern-iowa,Bradley,2025,152.0,138.67017,13.329833984375,140.0,-1.329833984375,0,1,0
northern-iowa_vs_illinois state_20250208,2025-02-08,northern-iowa,Illinois State,2025,133.0,141.89409,8.894088745117188,138.5,3.3940887451171875,1,0,0
northern-iowa_vs_indiana state_20250211,2025-02-11,northern-iowa,Indiana State,2025,161.0,151.71642,9.283584594726562,153.0,-1.2835845947265625,0,1,0
northern-iowa_vs_drake_20250223,2025-02-23,northern-iowa,Drake,2025,122.0,134.14864,12.148635864257812,125.5,8.648635864257812,1,0,0
northern-iowa_vs_illinoisâchicago_20250226,2025-02-26,northern-iowa,IllinoisâChicago,2025,126.0,146.6194,20.619400024414062,147.5,-0.8805999755859375,0,0,1
northern-iowa_vs_valparaiso_20250307,2025-03-07,northern-iowa,Valparaiso,2025,127.0,140.8687,13.868698120117188,139.5,1.3686981201171875,1,0,0
northern-kentucky_vs_cincinnati_20241119,2024-11-19,northern-kentucky,Cincinnati,2025,136.0,134.62267,1.3773345947265625,138.0,-3.3773345947265625,0,0,1
northern-kentucky_vs_bellarmine_20241130,2024-11-30,northern-kentucky,Bellarmine,2025,156.0,140.14041,15.859588623046875,136.0,4.140411376953125,1,1,1
northern-kentucky_vs_norfolk state_20241215,2024-12-15,northern-kentucky,Norfolk State,2025,133.0,143.73315,10.733154296875,137.5,6.233154296875,1,0,0
northern-kentucky_vs_detroit mercy_20241218,2024-12-18,northern-kentucky,Detroit Mercy,2025,133.0,141.63039,8.630386352539062,135.0,6.6303863525390625,1,0,0
northern-kentucky_vs_south carolina state_20241221,2024-12-21,northern-kentucky,South Carolina State,2025,105.0,142.83789,37.837890625,137.5,5.337890625,1,0,0
northern-kentucky_vs_green bay_20250104,2025-01-04,northern-kentucky,Green Bay,2025,138.0,140.98654,2.986541748046875,137.5,3.486541748046875,1,1,1
northern-kentucky_vs_oakland_20250111,2025-01-11,northern-kentucky,Oakland,2025,121.0,133.85556,12.855560302734375,129.0,4.855560302734375,1,0,0
northern-kentucky_vs_wright state_20250118,2025-01-18,northern-kentucky,Wright State,2025,148.0,143.69972,4.3002777099609375,142.5,1.1997222900390625,1,1,1
northern-kentucky_vs_milwaukee_20250124,2025-01-24,northern-kentucky,Milwaukee,2025,138.0,143.44962,5.449615478515625,142.0,1.449615478515625,1,0,0
northern-kentucky_vs_cleveland state_20250205,2025-02-05,northern-kentucky,Cleveland State,2025,160.0,135.32545,24.674545288085938,132.0,3.3254547119140625,1,1,1
northern-kentucky_vs_robert morris_20250208,2025-02-08,northern-kentucky,Robert Morris,2025,157.0,142.01361,14.98638916015625,140.0,2.01361083984375,1,1,1
northern-kentucky_vs_iu indy_20250223,2025-02-23,northern-kentucky,IU Indy,2025,138.0,144.81174,6.811737060546875,145.5,-0.688262939453125,0,0,1
northern-kentucky_vs_youngstown state_20250301,2025-03-01,northern-kentucky,Youngstown State,2025,167.0,143.26062,23.7393798828125,145.0,-1.7393798828125,0,1,0
northern-kentucky_vs_detroit mercy_20250304,2025-03-04,northern-kentucky,Detroit Mercy,2025,174.0,139.1521,34.847900390625,140.5,-1.347900390625,0,1,0
north-florida_vs_unc asheville_20241118,2024-11-18,north-florida,UNC Asheville,2025,164.0,158.01263,5.98736572265625,154.5,3.51263427734375,1,1,1
north-florida_vs_unc greensboro_20241214,2024-12-14,north-florida,UNC Greensboro,2025,166.0,151.81058,14.189422607421875,149.5,2.310577392578125,1,1,1
north-florida_vs_austin peay_20250102,2025-01-02,north-florida,Austin Peay,2025,186.0,150.06966,35.93034362792969,148.5,1.5696563720703125,1,1,1
north-florida_vs_lipscomb_20250104,2025-01-04,north-florida,Lipscomb,2025,160.0,157.82762,2.1723785400390625,161.5,-3.6723785400390625,0,0,1
north-florida_vs_central arkansas_20250116,2025-01-16,north-florida,Central Arkansas,2025,172.0,159.83679,12.1632080078125,158.5,1.3367919921875,1,1,1
north-florida_vs_north alabama_20250118,2025-01-18,north-florida,North Alabama,2025,174.0,157.37827,16.621734619140625,163.5,-6.121734619140625,0,1,0
north-florida_vs_stetson_20250129,2025-01-29,north-florida,Stetson,2025,201.0,160.12286,40.87713623046875,162.5,-2.37713623046875,0,1,0
north-florida_vs_bellarmine_20250206,2025-02-06,north-florida,Bellarmine,2025,183.0,154.49187,28.508132934570312,163.5,-9.008132934570312,0,1,0
north-florida_vs_florida gulf coast_20250208,2025-02-08,north-florida,Florida Gulf Coast,2025,154.0,152.30115,1.6988525390625,161.5,-9.1988525390625,0,0,1
north-florida_vs_jacksonville_20250220,2025-02-20,north-florida,Jacksonville,2025,150.0,155.25087,5.2508697509765625,159.5,-4.2491302490234375,0,0,1
north-florida_vs_eastern kentucky_20250226,2025-02-26,north-florida,Eastern Kentucky,2025,167.0,158.63242,8.367584228515625,164.5,-5.867584228515625,0,1,0
north-texas_vs_oregon state_20241125,2024-11-25,north-texas,Oregon State,2025,113.0,132.04344,19.043441772460938,127.0,5.0434417724609375,1,0,0
north-texas_vs_utah state_20241129,2024-11-29,north-texas,Utah State,2025,118.0,136.26074,18.2607421875,135.0,1.2607421875,1,0,0
north-texas_vs_mississippi valley state_20241218,2024-12-18,north-texas,Mississippi Valley State,2025,125.0,126.97556,1.9755630493164062,123.0,3.9755630493164062,1,1,1
north-texas_vs_appalachian state_20241220,2024-12-20,north-texas,Appalachian State,2025,132.0,127.131805,4.868194580078125,124.0,3.131805419921875,1,1,1
north-texas_vs_uab_20241231,2024-12-31,north-texas,UAB,2025,153.0,138.6203,14.37969970703125,138.5,0.12030029296875,1,1,1
north-texas_vs_rice_20250108,2025-01-08,north-texas,Rice,2025,140.0,127.099846,12.900154113769531,122.5,4.599845886230469,1,1,1
north-texas_vs_temple_20250122,2025-01-22,north-texas,Temple,2025,143.0,134.53531,8.464691162109375,130.5,4.035308837890625,1,1,1
north-texas_vs_florida atlantic_20250126,2025-01-26,north-texas,Florida Atlantic,2025,141.0,137.92027,3.0797271728515625,136.5,1.4202728271484375,1,1,1
north-texas_vs_utsa_20250201,2025-02-01,north-texas,UTSA,2025,104.0,137.06029,33.06028747558594,134.0,3.0602874755859375,1,0,0
north-texas_vs_tulane_20250208,2025-02-08,north-texas,Tulane,2025,142.0,130.27586,11.724136352539062,124.5,5.7758636474609375,1,1,1
north-texas_vs_tulsa_20250219,2025-02-19,north-texas,Tulsa,2025,107.0,133.4899,26.489898681640625,128.5,4.989898681640625,1,0,0
north-texas_vs_wichita state_20250303,2025-03-03,north-texas,Wichita State,2025,134.0,132.34894,1.65106201171875,130.5,1.84893798828125,1,1,1
north-texas_vs_charlotte_20250306,2025-03-06,north-texas,Charlotte,2025,139.0,130.8304,8.169601440429688,126.5,4.3303985595703125,1,1,1
north-texas_vs_tulsa_20250314,2025-03-14,north-texas,Tulsa,2025,136.0,129.28255,6.7174530029296875,126.0,3.2825469970703125,1,1,1
north-texas_vs_furman_20250319,2025-03-19,north-texas,Furman,2025,139.0,134.1854,4.814605712890625,132.0,2.185394287109375,1,1,1
north-texas_vs_arkansas state_20250323,2025-03-23,north-texas,Arkansas State,2025,128.0,134.79272,6.792724609375,137.0,-2.207275390625,0,0,1
northwestern_vs_eastern illinois_20241115,2024-11-15,northwestern,Eastern Illinois,2025,125.0,150.6703,25.670303344726562,138.5,12.170303344726562,1,0,0
northwestern_vs_montana state_20241119,2024-11-19,northwestern,Montana State,2025,141.0,145.04117,4.041168212890625,135.5,9.541168212890625,1,1,1
northwestern_vs_pepperdine_20241122,2024-11-22,northwestern,Pepperdine,2025,118.0,136.80247,18.802474975585938,137.5,-0.6975250244140625,0,0,1
northwestern_vs_illinois_20241206,2024-12-06,northwestern,Illinois,2025,136.0,144.88559,8.885589599609375,143.0,1.885589599609375,1,0,0
northwestern_vs_depaul_20241221,2024-12-21,northwestern,DePaul,2025,148.0,142.72704,5.2729644775390625,136.0,6.7270355224609375,1,1,1
northwestern_vs_northeastern_20241229,2024-12-29,northwestern,Northeastern,2025,145.0,137.46262,7.537384033203125,137.5,-0.037384033203125,0,1,0
northwestern_vs_michigan state_20250112,2025-01-12,northwestern,Michigan State,2025,146.0,143.54291,2.45709228515625,138.5,5.04290771484375,1,1,1
northwestern_vs_maryland_20250116,2025-01-16,northwestern,Maryland,2025,150.0,143.4014,6.598602294921875,140.5,2.901397705078125,1,1,1
northwestern_vs_indiana_20250122,2025-01-22,northwestern,Indiana,2025,149.0,145.09726,3.902740478515625,140.0,5.097259521484375,1,1,1
northwestern_vs_rutgers_20250129,2025-01-29,northwestern,Rutgers,2025,151.0,144.61792,6.382080078125,138.0,6.617919921875,1,1,1
northwestern_vs_wisconsin_20250201,2025-02-01,northwestern,Wisconsin,2025,144.0,143.84665,0.153350830078125,142.5,1.346649169921875,1,1,1
northwestern_vs_southern california_20250204,2025-02-04,northwestern,Southern California,2025,152.0,142.17273,9.8272705078125,138.0,4.1727294921875,1,1,1
northwestern_vs_nebraska_20250216,2025-02-16,northwestern,Nebraska,2025,132.0,143.55977,11.559768676757812,142.0,1.5597686767578125,1,0,0
northwestern_vs_iowa_20250228,2025-02-28,northwestern,Iowa,2025,125.0,152.44298,27.442977905273438,150.5,1.9429779052734375,1,0,0
northwestern_vs_ucla_20250303,2025-03-03,northwestern,UCLA,2025,142.0,136.56645,5.4335479736328125,131.5,5.0664520263671875,1,1,1
northwestern_vs_wisconsin_20250313,2025-03-13,northwestern,Wisconsin,2025,133.0,142.8137,9.813705444335938,141.0,1.8137054443359375,1,0,0
northwestern-state_vs_louisianaâmonroe_20241122,2024-11-22,northwestern-state,LouisianaâMonroe,2025,128.0,147.18129,19.181289672851562,137.5,9.681289672851562,1,0,0
northwestern-state_vs_north alabama_20241124,2024-11-24,northwestern-state,North Alabama,2025,129.0,147.80307,18.803070068359375,144.0,3.803070068359375,1,0,0
northwestern-state_vs_mcneese state_20250106,2025-01-06,northwestern-state,McNeese State,2025,161.0,133.34357,27.65643310546875,131.5,1.84356689453125,1,1,1
northwestern-state_vs_texas a&mâcommerce_20250111,2025-01-11,northwestern-state,Texas A&MâCommerce,2025,142.0,134.51436,7.4856414794921875,,,0,0,1
northwestern-state_vs_southeastern louisiana_20250118,2025-01-18,northwestern-state,Southeastern Louisiana,2025,129.0,137.50499,8.504989624023438,134.5,3.0049896240234375,1,0,0
northwestern-state_vs_new orleans_20250120,2025-01-20,northwestern-state,New Orleans,2025,134.0,144.24701,10.24700927734375,143.5,0.74700927734375,1,0,0
northwestern-state_vs_stephen f. austin_20250215,2025-02-15,northwestern-state,Stephen F. Austin,2025,138.0,131.09782,6.9021759033203125,129.5,1.5978240966796875,1,1,1
northwestern-state_vs_lamar_20250217,2025-02-17,northwestern-state,Lamar,2025,140.0,134.9169,5.083099365234375,132.5,2.416900634765625,1,1,1
northwestern-state_vs_incarnate word_20250303,2025-03-03,northwestern-state,Incarnate Word,2025,130.0,134.71085,4.710845947265625,131.5,3.210845947265625,1,0,0
northwestern-state_vs_texas a&mâcorpus christi_20250310,2025-03-10,northwestern-state,Texas A&MâCorpus Christi,2025,129.0,134.86267,5.8626708984375,,,0,0,1
notre-dame_vs_north dakota_20241119,2024-11-19,notre-dame,North Dakota,2025,133.0,151.00052,18.000518798828125,145.5,5.500518798828125,1,0,0
notre-dame_vs_elon_20241122,2024-11-22,notre-dame,Elon,2025,161.0,145.95482,15.045181274414062,142.5,3.4548187255859375,1,1,1
notre-dame_vs_rutgers_20241126,2024-11-26,notre-dame,Rutgers,2025,169.0,140.52765,28.47235107421875,146.0,-5.47235107421875,0,1,0
notre-dame_vs_syracuse_20241207,2024-12-07,notre-dame,Syracuse,2025,133.0,152.39774,19.397735595703125,145.0,7.397735595703125,1,0,0
notre-dame_vs_dartmouth_20241211,2024-12-11,notre-dame,Dartmouth,2025,142.0,147.44844,5.4484405517578125,142.0,5.4484405517578125,1,0,0
notre-dame_vs_le moyne_20241222,2024-12-22,notre-dame,Le Moyne,2025,153.0,149.72314,3.27685546875,143.5,6.22314453125,1,1,1
notre-dame_vs_north carolina_20250104,2025-01-04,notre-dame,North Carolina,2025,147.0,156.48264,9.482635498046875,155.5,0.982635498046875,1,0,0
notre-dame_vs_boston college_20250113,2025-01-13,notre-dame,Boston College,2025,138.0,143.04352,5.04351806640625,139.5,3.54351806640625,1,0,0
notre-dame_vs_georgia tech_20250128,2025-01-28,notre-dame,Georgia Tech,2025,139.0,146.01685,7.016845703125,143.5,2.516845703125,1,0,0
notre-dame_vs_virginia tech_20250208,2025-02-08,notre-dame,Virginia Tech,2025,128.0,141.29437,13.29437255859375,135.0,6.29437255859375,1,0,0
notre-dame_vs_louisville_20250216,2025-02-16,notre-dame,Louisville,2025,135.0,143.08678,8.086776733398438,148.5,-5.4132232666015625,0,0,1
notre-dame_vs_smu_20250219,2025-02-19,notre-dame,SMU,2025,170.0,148.49536,21.504638671875,144.5,3.995361328125,1,1,1
notre-dame_vs_pittsburgh_20250222,2025-02-22,notre-dame,Pittsburgh,2025,148.0,143.03436,4.96563720703125,138.0,5.03436279296875,1,1,1
notre-dame_vs_stanford_20250305,2025-03-05,notre-dame,Stanford,2025,110.0,141.81319,31.813186645507812,139.5,2.3131866455078125,1,0,0
notre-dame_vs_california_20250308,2025-03-08,notre-dame,California,2025,222.0,142.83669,79.16331481933594,141.5,1.3366851806640625,1,1,1
notre-dame_vs_pittsburgh_20250311,2025-03-11,notre-dame,Pittsburgh,2025,109.0,142.25012,33.2501220703125,135.0,7.2501220703125,1,0,0
oakland_vs_eastern michigan_20241121,2024-11-21,oakland,Eastern Michigan,2025,132.0,130.83765,1.162353515625,134.5,-3.662353515625,0,0,1
oakland_vs_wright state_20241205,2024-12-05,oakland,Wright State,2025,130.0,135.60321,5.60321044921875,139.0,-3.39678955078125,0,0,1
oakland_vs_oregon state_20241223,2024-12-23,oakland,Oregon State,2025,154.0,133.26482,20.735183715820312,130.5,2.7648162841796875,1,1,1
oakland_vs_milwaukee_20250102,2025-01-02,oakland,Milwaukee,2025,114.0,145.85454,31.854537963867188,146.5,-0.6454620361328125,0,0,1
oakland_vs_robert morris_20250104,2025-01-04,oakland,Robert Morris,2025,150.0,140.51456,9.485443115234375,135.0,5.514556884765625,1,1,1
oakland_vs_iu indy_20250115,2025-01-15,oakland,IU Indy,2025,131.0,142.66551,11.665512084960938,134.0,8.665512084960938,1,0,0
oakland_vs_green bay_20250130,2025-01-30,oakland,Green Bay,2025,122.0,137.66563,15.665634155273438,136.5,1.1656341552734375,1,0,0
oakland_vs_northern kentucky_20250201,2025-02-01,oakland,Northern Kentucky,2025,159.0,132.32442,26.675582885742188,129.0,3.3244171142578125,1,1,1
oakland_vs_youngstown state_20250206,2025-02-06,oakland,Youngstown State,2025,159.0,138.21126,20.788742065429688,138.0,0.2112579345703125,1,1,1
oakland_vs_detroit mercy_20250216,2025-02-16,oakland,Detroit Mercy,2025,176.0,134.90622,41.093780517578125,138.0,-3.093780517578125,0,1,0
oakland_vs_cleveland state_20250223,2025-02-23,oakland,Cleveland State,2025,177.0,136.45724,40.542755126953125,138.0,-1.542755126953125,0,1,0
oakland_vs_green bay_20250304,2025-03-04,oakland,Green Bay,2025,168.0,141.18971,26.810287475585938,148.5,-7.3102874755859375,0,1,0
oakland_vs_robert morris_20250310,2025-03-10,oakland,Robert Morris,2025,155.0,139.98566,15.01434326171875,142.0,-2.01434326171875,0,1,0
ohio_vs_portland_20241122,2024-11-22,ohio,Portland,2025,158.0,151.56932,6.4306793212890625,149.0,2.5693206787109375,1,1,1
ohio_vs_texas state_20241124,2024-11-24,ohio,Texas State,2025,139.0,147.74658,8.74658203125,145.5,2.24658203125,1,0,0
ohio_vs_robert morris_20241130,2024-11-30,ohio,Robert Morris,2025,152.0,149.27776,2.7222442626953125,146.0,3.2777557373046875,1,1,1
ohio_vs_morehead state_20241207,2024-12-07,ohio,Morehead State,2025,164.0,149.57378,14.426223754882812,146.5,3.0737762451171875,1,1,1
ohio_vs_austin peay_20241218,2024-12-18,ohio,Austin Peay,2025,136.0,145.7682,9.768203735351562,142.0,3.7682037353515625,1,0,0
ohio_vs_northern illinois_20250111,2025-01-11,ohio,Northern Illinois,2025,178.0,150.3825,27.61749267578125,149.5,0.88250732421875,1,1,1
ohio_vs_ball state_20250114,2025-01-14,ohio,Ball State,2025,157.0,151.2997,5.7003021240234375,150.5,0.7996978759765625,1,1,1
ohio_vs_kent state_20250124,2025-01-24,ohio,Kent State,2025,120.0,145.6137,25.613693237304688,144.0,1.6136932373046875,1,0,0
ohio_vs_toledo_20250128,2025-01-28,ohio,Toledo,2025,169.0,155.2504,13.749603271484375,162.0,-6.749603271484375,0,1,0
ohio_vs_appalachian state_20250208,2025-02-08,ohio,Appalachian State,2025,131.0,140.8684,9.868392944335938,141.5,-0.6316070556640625,0,0,1
ohio_vs_central michigan_20250218,2025-02-18,ohio,Central Michigan,2025,166.0,154.7928,11.207199096679688,153.0,1.7928009033203125,1,1,1
ohio_vs_akron_20250222,2025-02-22,ohio,Akron,2025,151.0,161.76393,10.763931274414062,166.0,-4.2360687255859375,0,0,1
ohio_vs_miami (oh)_20250301,2025-03-01,ohio,Miami (OH),2025,141.0,155.89317,14.893173217773438,159.0,-3.1068267822265625,0,0,1
ohio_vs_eastern michigan_20250304,2025-03-04,ohio,Eastern Michigan,2025,162.0,152.40831,9.591690063476562,154.5,-2.0916900634765625,0,1,0
ohio_vs_toledo_20250313,2025-03-13,ohio,Toledo,2025,175.0,156.3813,18.618698120117188,158.5,-2.1186981201171875,0,1,0
ohio-state_vs_evansville_20241119,2024-11-19,ohio-state,Evansville,2025,110.0,144.8585,34.85850524902344,149.5,-4.6414947509765625,0,0,1
ohio-state_vs_campbell_20241122,2024-11-22,ohio-state,Campbell,2025,164.0,142.5461,21.453903198242188,142.5,0.0460968017578125,1,1,1
ohio-state_vs_green bay_20241125,2024-11-25,ohio-state,Green Bay,2025,171.0,149.12213,21.87786865234375,156.5,-7.37786865234375,0,1,0
ohio-state_vs_pittsburgh_20241129,2024-11-29,ohio-state,Pittsburgh,2025,181.0,147.94243,33.05757141113281,146.5,1.4424285888671875,1,1,1
ohio-state_vs_rutgers_20241207,2024-12-07,ohio-state,Rutgers,2025,146.0,151.52898,5.5289764404296875,154.0,-2.4710235595703125,0,0,1
ohio-state_vs_valparaiso_20241217,2024-12-17,ohio-state,Valparaiso,2025,168.0,149.75365,18.246353149414062,150.5,-0.7463531494140625,0,1,0
ohio-state_vs_indiana state_20241229,2024-12-29,ohio-state,Indiana State,2025,186.0,154.59698,31.40301513671875,159.0,-4.40301513671875,0,1,0
ohio-state_vs_michigan state_20250103,2025-01-03,ohio-state,Michigan State,2025,131.0,153.27074,22.270736694335938,149.0,4.2707366943359375,1,0,0
ohio-state_vs_oregon_20250109,2025-01-09,ohio-state,Oregon,2025,144.0,150.95596,6.955963134765625,149.5,1.455963134765625,1,0,0
ohio-state_vs_indiana_20250117,2025-01-17,ohio-state,Indiana,2025,153.0,148.6002,4.3997955322265625,149.5,-0.8997955322265625,0,1,0
ohio-state_vs_iowa_20250127,2025-01-27,ohio-state,Iowa,2025,147.0,155.74895,8.748947143554688,156.5,-0.7510528564453125,0,0,1
ohio-state_vs_maryland_20250206,2025-02-06,ohio-state,Maryland,2025,143.0,149.83798,6.837982177734375,147.0,2.837982177734375,1,0,0
ohio-state_vs_washington_20250212,2025-02-12,ohio-state,Washington,2025,162.0,143.80925,18.190750122070312,144.5,-0.6907501220703125,0,1,0
ohio-state_vs_michigan_20250216,2025-02-16,ohio-state,Michigan,2025,169.0,150.77374,18.22625732421875,152.0,-1.22625732421875,0,1,0
ohio-state_vs_northwestern_20250220,2025-02-20,ohio-state,Northwestern,2025,119.0,144.46362,25.463623046875,143.5,0.963623046875,1,0,0
ohio-state_vs_nebraska_20250304,2025-03-04,ohio-state,Nebraska,2025,230.0,146.68024,83.31976318359375,143.5,3.18023681640625,1,1,1
oklahoma_vs_stetson_20241116,2024-11-16,oklahoma,Stetson,2025,149.0,146.75743,2.2425689697265625,147.0,-0.2425689697265625,0,1,0
oklahoma_vs_texas a&mâcommerce_20241121,2024-11-21,oklahoma,Texas A&MâCommerce,2025,140.0,147.9261,7.9261016845703125,,,0,0,1
oklahoma_vs_providence_20241127,2024-11-27,oklahoma,Providence,2025,156.0,136.33011,19.669891357421875,136.5,-0.169891357421875,0,1,0
oklahoma_vs_georgia tech_20241203,2024-12-03,oklahoma,Georgia Tech,2025,137.0,151.74786,14.74786376953125,149.0,2.74786376953125,1,0,0
oklahoma_vs_alcorn state_20241207,2024-12-07,oklahoma,Alcorn State,2025,172.0,139.5593,32.440704345703125,137.5,2.059295654296875,1,1,1
oklahoma_vs_oklahoma state_20241214,2024-12-14,oklahoma,Oklahoma State,2025,145.0,150.68385,5.6838531494140625,153.5,-2.8161468505859375,0,0,1
oklahoma_vs_central arkansas_20241222,2024-12-22,oklahoma,Central Arkansas,2025,155.0,151.54015,3.4598541259765625,148.0,3.5401458740234375,1,1,1
oklahoma_vs_texas a&m_20250108,2025-01-08,oklahoma,Texas A&M,2025,158.0,142.305,15.69500732421875,147.0,-4.69500732421875,0,1,0
oklahoma_vs_texas_20250115,2025-01-15,oklahoma,Texas,2025,150.0,145.95598,4.0440216064453125,149.5,-3.5440216064453125,0,1,0
oklahoma_vs_south carolina_20250118,2025-01-18,oklahoma,South Carolina,2025,144.0,143.26599,0.7340087890625,141.5,1.7659912109375,1,1,1
oklahoma_vs_vanderbilt_20250201,2025-02-01,oklahoma,Vanderbilt,2025,164.0,150.98653,13.013473510742188,151.5,-0.5134735107421875,0,1,0
oklahoma_vs_tennessee_20250208,2025-02-08,oklahoma,Tennessee,2025,122.0,137.51447,15.51446533203125,141.0,-3.48553466796875,0,0,1
oklahoma_vs_louisiana state_20250215,2025-02-15,oklahoma,Louisiana State,2025,161.0,149.3733,11.626693725585938,148.5,0.8733062744140625,1,1,1
oklahoma_vs_mississippi state_20250222,2025-02-22,oklahoma,Mississippi State,2025,180.0,146.44264,33.55735778808594,149.0,-2.5573577880859375,0,1,0
oklahoma_vs_kentucky_20250226,2025-02-26,oklahoma,Kentucky,2025,165.0,155.40433,9.595672607421875,164.5,-9.095672607421875,0,1,0
oklahoma_vs_missouri_20250305,2025-03-05,oklahoma,Missouri,2025,180.0,147.23958,32.76042175292969,161.0,-13.760421752929688,0,1,0
oklahoma-state_vs_southern illinois_20241114,2024-11-14,oklahoma-state,Southern Illinois,2025,163.0,152.6451,10.354904174804688,161.5,-8.854904174804688,0,1,0
oklahoma-state_vs_tarleton state_20241218,2024-12-18,oklahoma-state,Tarleton State,2025,127.0,143.37183,16.371826171875,138.5,4.871826171875,1,0,0
oklahoma-state_vs_oral roberts_20241222,2024-12-22,oklahoma-state,Oral Roberts,2025,160.0,150.26283,9.737167358398438,153.5,-3.2371673583984375,0,1,0
oklahoma-state_vs_houston_20241230,2024-12-30,oklahoma-state,Houston,2025,107.0,139.7645,32.764495849609375,137.5,2.264495849609375,1,0,0
oklahoma-state_vs_kansas state_20250107,2025-01-07,oklahoma-state,Kansas State,2025,145.0,145.29738,0.2973785400390625,146.5,-1.2026214599609375,0,0,1
oklahoma-state_vs_colorado_20250118,2025-01-18,oklahoma-state,Colorado,2025,156.0,143.80363,12.196365356445312,145.5,-1.6963653564453125,0,1,0
oklahoma-state_vs_arizona_20250121,2025-01-21,oklahoma-state,Arizona,2025,170.0,149.68178,20.318222045898438,153.5,-3.8182220458984375,0,1,0
oklahoma-state_vs_utah_20250201,2025-02-01,oklahoma-state,Utah,2025,153.0,143.41098,9.589019775390625,147.5,-4.089019775390625,0,1,0
oklahoma-state_vs_arizona state_20250209,2025-02-09,oklahoma-state,Arizona State,2025,159.0,144.25877,14.741226196289062,143.0,1.2587738037109375,1,1,1
oklahoma-state_vs_texas tech_20250215,2025-02-15,oklahoma-state,Texas Tech,2025,148.0,145.14397,2.8560333251953125,148.5,-3.3560333251953125,0,0,1
oklahoma-state_vs_ucf_20250219,2025-02-19,oklahoma-state,UCF,2025,199.0,156.40056,42.59944152832031,158.5,-2.0994415283203125,0,1,0
oklahoma-state_vs_iowa state_20250225,2025-02-25,oklahoma-state,Iowa State,2025,142.0,146.79842,4.7984161376953125,148.5,-1.7015838623046875,0,0,1
oklahoma-state_vs_cincinnati_20250308,2025-03-08,oklahoma-state,Cincinnati,2025,145.0,135.60768,9.392318725585938,142.0,-6.3923187255859375,0,1,0
oklahoma-state_vs_wichita state_20250318,2025-03-18,oklahoma-state,Wichita State,2025,168.0,146.89236,21.107635498046875,154.0,-7.107635498046875,0,1,0
oklahoma-state_vs_north texas_20250325,2025-03-25,oklahoma-state,North Texas,2025,120.0,132.13905,12.139053344726562,136.5,-4.3609466552734375,0,0,1
old-dominion_vs_maryland eastern shore_20241115,2024-11-15,old-dominion,Maryland Eastern Shore,2025,144.0,149.24983,5.2498321533203125,147.5,1.7498321533203125,1,0,0
old-dominion_vs_william & mary_20241202,2024-12-02,old-dominion,William & Mary,2025,171.0,153.1884,17.811599731445312,157.5,-4.3115997314453125,0,1,0
old-dominion_vs_george washington_20241207,2024-12-07,old-dominion,George Washington,2025,148.0,146.77074,1.2292633056640625,148.0,-1.2292633056640625,0,0,1
old-dominion_vs_northeastern_20241215,2024-12-15,old-dominion,Northeastern,2025,146.0,143.35938,2.640625,142.5,0.859375,1,1,1
old-dominion_vs_arkansas state_20250102,2025-01-02,old-dominion,Arkansas State,2025,137.0,153.07741,16.077407836914062,153.0,0.0774078369140625,1,0,0
old-dominion_vs_southern mississippi_20250104,2025-01-04,old-dominion,Southern Mississippi,2025,145.0,147.55167,2.551666259765625,146.0,1.551666259765625,1,0,0
old-dominion_vs_appalachian state_20250116,2025-01-16,old-dominion,Appalachian State,2025,105.0,134.86177,29.861770629882812,135.0,-0.1382293701171875,0,0,1
old-dominion_vs_georgia southern_20250118,2025-01-18,old-dominion,Georgia Southern,2025,130.0,147.52217,17.522171020507812,147.0,0.5221710205078125,1,0,0
old-dominion_vs_james madison_20250122,2025-01-22,old-dominion,James Madison,2025,134.0,143.71394,9.713943481445312,137.0,6.7139434814453125,1,0,0
old-dominion_vs_coastal carolina_20250125,2025-01-25,old-dominion,Coastal Carolina,2025,126.0,135.65111,9.651107788085938,133.0,2.6511077880859375,1,0,0
old-dominion_vs_texas state_20250205,2025-02-05,old-dominion,Texas State,2025,139.0,144.89548,5.895477294921875,141.0,3.895477294921875,1,0,0
old-dominion_vs_marshall_20250220,2025-02-20,old-dominion,Marshall,2025,158.0,146.22446,11.775543212890625,146.5,-0.275543212890625,0,1,0
old-dominion_vs_georgia state_20250222,2025-02-22,old-dominion,Georgia State,2025,146.0,147.09816,1.0981597900390625,152.5,-5.4018402099609375,0,0,1
old-dominion_vs_texas state_20250306,2025-03-06,old-dominion,Texas State,2025,125.0,145.80095,20.800949096679688,140.5,5.3009490966796875,1,0,0
old-dominion_vs_troy_20250308,2025-03-08,old-dominion,Troy,2025,134.0,136.60995,2.609954833984375,131.0,5.609954833984375,1,1,1
oral-roberts_vs_missouri state_20241201,2024-12-01,oral-roberts,Missouri State,2025,139.0,154.21811,15.218109130859375,140.5,13.718109130859375,1,0,0
oral-roberts_vs_northern arizona_20241204,2024-12-04,oral-roberts,Northern Arizona,2025,159.0,150.6821,8.317901611328125,144.5,6.182098388671875,1,1,1
oral-roberts_vs_north dakota state_20250109,2025-01-09,oral-roberts,North Dakota State,2025,206.0,147.93727,58.06272888183594,152.5,-4.5627288818359375,0,1,0
oral-roberts_vs_north dakota_20250111,2025-01-11,oral-roberts,North Dakota,2025,162.0,153.46614,8.533859252929688,160.5,-7.0338592529296875,0,1,0
oral-roberts_vs_denver_20250123,2025-01-23,oral-roberts,Denver,2025,138.0,152.27162,14.271621704101562,147.0,5.2716217041015625,1,0,0
oral-roberts_vs_omaha_20250125,2025-01-25,oral-roberts,Omaha,2025,160.0,151.18701,8.81298828125,154.0,-2.81298828125,0,1,0
oral-roberts_vs_kansas city_20250201,2025-02-01,oral-roberts,Kansas City,2025,140.0,144.37804,4.3780364990234375,141.5,2.8780364990234375,1,0,0
oral-roberts_vs_south dakota_20250208,2025-02-08,oral-roberts,South Dakota,2025,149.0,156.96902,7.969024658203125,171.5,-14.530975341796875,0,0,1
oral-roberts_vs_st. thomas_20250222,2025-02-22,oral-roberts,St. Thomas,2025,137.0,155.23653,18.236526489257812,155.5,-0.2634735107421875,0,0,1
oral-roberts_vs_south dakota state_20250227,2025-02-27,oral-roberts,South Dakota State,2025,146.0,154.08508,8.0850830078125,154.5,-0.4149169921875,0,0,1
oregon_vs_troy_20241117,2024-11-17,oregon,Troy,2025,143.0,149.98244,6.9824371337890625,146.5,3.4824371337890625,1,0,0
oregon_vs_texas a&m_20241126,2024-11-26,oregon,Texas A&M,2025,150.0,140.71916,9.280838012695312,146.5,-5.7808380126953125,0,1,0
oregon_vs_san diego state_20241127,2024-11-27,oregon,San Diego State,2025,146.0,142.40541,3.5945892333984375,138.5,3.9054107666015625,1,1,1
oregon_vs_ucla_20241208,2024-12-08,oregon,UCLA,2025,144.0,145.54425,1.54425048828125,137.5,8.04425048828125,1,1,1
oregon_vs_stephen f. austin_20241215,2024-12-15,oregon,Stephen F. Austin,2025,140.0,138.28645,1.7135467529296875,135.5,2.7864532470703125,1,1,1
oregon_vs_stanford_20241221,2024-12-21,oregon,Stanford,2025,137.0,144.6487,7.6486968994140625,147.5,-2.8513031005859375,0,0,1
oregon_vs_weber state_20241229,2024-12-29,oregon,Weber State,2025,138.0,145.99011,7.9901123046875,143.5,2.4901123046875,1,0,0
oregon_vs_illinois_20250102,2025-01-02,oregon,Illinois,2025,186.0,150.89626,35.10374450683594,155.0,-4.1037445068359375,0,1,0
oregon_vs_maryland_20250105,2025-01-05,oregon,Maryland,2025,162.0,151.11235,10.887649536132812,150.5,0.6123504638671875,1,1,1
oregon_vs_purdue_20250118,2025-01-18,oregon,Purdue,2025,123.0,145.04962,22.04962158203125,147.5,-2.45037841796875,0,0,1
oregon_vs_washington_20250121,2025-01-21,oregon,Washington,2025,153.0,147.53355,5.4664459228515625,145.5,2.0335540771484375,1,1,1
oregon_vs_nebraska_20250202,2025-02-02,oregon,Nebraska,2025,148.0,147.06194,0.9380645751953125,147.5,-0.4380645751953125,0,1,0
oregon_vs_northwestern_20250211,2025-02-11,oregon,Northwestern,2025,156.0,143.93718,12.062820434570312,142.5,1.4371795654296875,1,1,1
oregon_vs_rutgers_20250216,2025-02-16,oregon,Rutgers,2025,132.0,151.58543,19.585433959960938,153.5,-1.9145660400390625,0,0,1
oregon_vs_southern california_20250301,2025-03-01,oregon,Southern California,2025,143.0,145.8834,2.8834075927734375,150.0,-4.1165924072265625,0,0,1
oregon_vs_indiana_20250304,2025-03-04,oregon,Indiana,2025,137.0,146.86227,9.862274169921875,147.0,-0.137725830078125,0,0,1
oregon-state_vs_cal state fullerton_20241115,2024-11-15,oregon-state,Cal State Fullerton,2025,121.0,140.18343,19.183425903320312,134.5,5.6834259033203125,1,0,0
oregon-state_vs_oregon_20241121,2024-11-21,oregon-state,Oregon,2025,153.0,143.8478,9.152206420898438,140.0,3.8477935791015625,1,1,1
oregon-state_vs_uc davis_20241130,2024-11-30,oregon-state,UC Davis,2025,147.0,141.11736,5.8826446533203125,140.0,1.1173553466796875,1,1,1
oregon-state_vs_idaho_20241207,2024-12-07,oregon-state,Idaho,2025,140.0,142.45787,2.4578704833984375,138.0,4.4578704833984375,1,1,1
oregon-state_vs_uc irvine_20241214,2024-12-14,oregon-state,UC Irvine,2025,122.0,135.25203,13.252029418945312,136.5,-1.2479705810546875,0,0,1
oregon-state_vs_sacramento state_20241217,2024-12-17,oregon-state,Sacramento State,2025,127.0,131.73575,4.735748291015625,132.0,-0.264251708984375,0,0,1
oregon-state_vs_portland_20241230,2024-12-30,oregon-state,Portland,2025,168.0,146.18102,21.818984985351562,140.5,5.6810150146484375,1,1,1
oregon-state_vs_san diego_20250104,2025-01-04,oregon-state,San Diego,2025,135.0,139.11816,4.1181640625,140.0,-0.8818359375,0,0,1
oregon-state_vs_gonzaga_20250116,2025-01-16,oregon-state,Gonzaga,2025,186.0,151.19093,34.80906677246094,151.5,-0.3090667724609375,0,1,0
oregon-state_vs_pepperdine_20250123,2025-01-23,oregon-state,Pepperdine,2025,146.0,142.02678,3.9732208251953125,141.5,0.5267791748046875,1,1,1
oregon-state_vs_santa clara_20250125,2025-01-25,oregon-state,Santa Clara,2025,152.0,145.69391,6.30609130859375,147.0,-1.30609130859375,0,1,0
oregon-state_vs_washington state_20250206,2025-02-06,oregon-state,Washington State,2025,156.0,145.46443,10.535568237304688,146.0,-0.5355682373046875,0,1,0
oregon-state_vs_pacific_20250215,2025-02-15,oregon-state,Pacific,2025,144.0,144.50319,0.5031890869140625,137.5,7.0031890869140625,1,1,1
oregon-state_vs_san francisco_20250226,2025-02-26,oregon-state,San Francisco,2025,146.0,142.68927,3.31072998046875,143.5,-0.81072998046875,0,1,0
oregon-state_vs_pepperdine_20250308,2025-03-08,oregon-state,Pepperdine,2025,150.0,146.2974,3.702606201171875,147.5,-1.202606201171875,0,1,0
pacific_vs_northern arizona_20241114,2024-11-14,pacific,Northern Arizona,2025,117.0,153.36436,36.36436462402344,152.5,0.8643646240234375,1,0,0
pacific_vs_arkansasâpine bluff_20241127,2024-11-27,pacific,ArkansasâPine Bluff,2025,154.0,151.98242,2.017578125,158.0,-6.017578125,0,0,1
pacific_vs_cal state fullerton_20241130,2024-11-30,pacific,Cal State Fullerton,2025,119.0,135.49107,16.491073608398438,138.5,-3.0089263916015625,0,0,1
pacific_vs_portland state_20241218,2024-12-18,pacific,Portland State,2025,156.0,151.05093,4.949066162109375,148.0,3.050933837890625,1,1,1
pacific_vs_idaho_20241221,2024-12-21,pacific,Idaho,2025,167.0,145.53036,21.469635009765625,144.5,1.030364990234375,1,1,1
pacific_vs_san francisco_20250102,2025-01-02,pacific,San Francisco,2025,170.0,140.7152,29.284805297851562,141.0,-0.2848052978515625,0,1,0
pacific_vs_pepperdine_20250104,2025-01-04,pacific,Pepperdine,2025,157.0,142.91139,14.088607788085938,149.0,-6.0886077880859375,0,1,0
pacific_vs_oregon state_20250111,2025-01-11,pacific,Oregon State,2025,146.0,140.43727,5.5627288818359375,142.5,-2.0627288818359375,0,1,0
pacific_vs_loyola marymount_20250123,2025-01-23,pacific,Loyola Marymount,2025,141.0,143.09883,2.0988311767578125,140.5,2.5988311767578125,1,1,1
pacific_vs_washington state_20250130,2025-01-30,pacific,Washington State,2025,138.0,150.87645,12.876449584960938,149.0,1.8764495849609375,1,0,0
pacific_vs_san diego_20250206,2025-02-06,pacific,San Diego,2025,140.0,144.14163,4.141632080078125,146.0,-1.858367919921875,0,0,1
pacific_vs_gonzaga_20250208,2025-02-08,pacific,Gonzaga,2025,139.0,151.8104,12.810394287109375,150.5,1.310394287109375,1,0,0
pacific_vs_portland_20250222,2025-02-22,pacific,Portland,2025,154.0,150.1808,3.8191986083984375,148.0,2.1808013916015625,1,1,1
pacific_vs_santa clara_20250301,2025-03-01,pacific,Santa Clara,2025,163.0,145.729,17.27099609375,148.5,-2.77099609375,0,1,0
penn-state_vs_virginia tech_20241115,2024-11-15,penn-state,Virginia Tech,2025,150.0,146.72975,3.2702484130859375,150.5,-3.7702484130859375,0,0,1
penn-state_vs_buffalo_20241201,2024-12-01,penn-state,Buffalo,2025,151.0,157.68297,6.6829681396484375,159.5,-1.8170318603515625,0,0,1
penn-state_vs_purdue_20241205,2024-12-05,penn-state,Purdue,2025,151.0,149.92204,1.0779571533203125,149.5,0.4220428466796875,1,1,1
penn-state_vs_coppin state_20241214,2024-12-14,penn-state,Coppin State,2025,150.0,144.65388,5.3461151123046875,144.5,0.1538848876953125,1,1,1
penn-state_vs_pennsylvania_20241229,2024-12-29,penn-state,Pennsylvania,2025,152.0,144.65448,7.34552001953125,152.0,-7.34552001953125,0,0,1
penn-state_vs_northwestern_20250102,2025-01-02,penn-state,Northwestern,2025,164.0,146.76907,17.230926513671875,145.0,1.769073486328125,1,1,1
penn-state_vs_indiana_20250105,2025-01-05,penn-state,Indiana,2025,148.0,152.08534,4.0853424072265625,157.5,-5.4146575927734375,0,0,1
penn-state_vs_oregon_20250112,2025-01-12,penn-state,Oregon,2025,163.0,152.10393,10.896072387695312,155.5,-3.3960723876953125,0,1,0
penn-state_vs_rutgers_20250120,2025-01-20,penn-state,Rutgers,2025,152.0,154.59709,2.5970916748046875,155.0,-0.4029083251953125,0,0,1
penn-state_vs_ohio state_20250130,2025-01-30,penn-state,Ohio State,2025,147.0,152.53311,5.533111572265625,147.5,5.033111572265625,1,0,0
penn-state_vs_minnesota_20250204,2025-02-04,penn-state,Minnesota,2025,130.0,142.52524,12.525238037109375,140.5,2.025238037109375,1,0,0
penn-state_vs_washington_20250215,2025-02-15,penn-state,Washington,2025,148.0,149.53056,1.5305633544921875,150.0,-0.4694366455078125,0,0,1
penn-state_vs_nebraska_20250219,2025-02-19,penn-state,Nebraska,2025,161.0,151.4214,9.578598022460938,151.0,0.4214019775390625,1,1,1
penn-state_vs_maryland_20250301,2025-03-01,penn-state,Maryland,2025,132.0,154.55724,22.557235717773438,155.5,-0.9427642822265625,0,0,1
pennsylvania_vs_saint joseph's_20241115,2024-11-15,pennsylvania,Saint Joseph's,2025,155.0,138.24066,16.75933837890625,148.5,-10.25933837890625,0,1,0
pennsylvania_vs_navy_20241129,2024-11-29,pennsylvania,Navy,2025,164.0,140.01474,23.985260009765625,141.0,-0.985260009765625,0,1,0
pennsylvania_vs_maine_20241130,2024-11-30,pennsylvania,Maine,2025,141.0,136.23273,4.76727294921875,136.5,-0.26727294921875,0,1,0
pennsylvania_vs_elon_20241201,2024-12-01,pennsylvania,Elon,2025,121.0,145.64911,24.64910888671875,140.5,5.14910888671875,1,0,0
pennsylvania_vs_rider_20241220,2024-12-20,pennsylvania,Rider,2025,145.0,132.20193,12.798065185546875,136.0,-3.798065185546875,0,1,0
pennsylvania_vs_cornell_20250118,2025-01-18,pennsylvania,Cornell,2025,162.0,149.6594,12.340606689453125,158.5,-8.840606689453125,0,1,0
pennsylvania_vs_columbia_20250125,2025-01-25,pennsylvania,Columbia,2025,171.0,146.49513,24.504867553710938,152.5,-6.0048675537109375,0,1,0
pennsylvania_vs_brown_20250131,2025-01-31,pennsylvania,Brown,2025,167.0,143.99345,23.006546020507812,144.5,-0.5065460205078125,0,1,0
pennsylvania_vs_yale_20250201,2025-02-01,pennsylvania,Yale,2025,151.0,147.16513,3.834869384765625,150.0,-2.834869384765625,0,1,0
pennsylvania_vs_princeton_20250207,2025-02-07,pennsylvania,Princeton,2025,120.0,146.25919,26.259185791015625,146.5,-0.240814208984375,0,0,1
pennsylvania_vs_dartmouth_20250221,2025-02-21,pennsylvania,Dartmouth,2025,163.0,148.27551,14.7244873046875,148.5,-0.2244873046875,0,1,0
pennsylvania_vs_harvard_20250222,2025-02-22,pennsylvania,Harvard,2025,157.0,144.28918,12.7108154296875,143.0,1.2891845703125,1,1,1
pepperdine_vs_cal state fullerton_20241126,2024-11-26,pepperdine,Cal State Fullerton,2025,135.0,131.21844,3.78155517578125,136.5,-5.28155517578125,0,0,1
pepperdine_vs_weber state_20241130,2024-11-30,pepperdine,Weber State,2025,121.0,143.17938,22.17938232421875,140.5,2.67938232421875,1,0,0
pepperdine_vs_northern arizona_20241214,2024-12-14,pepperdine,Northern Arizona,2025,162.0,145.91493,16.085067749023438,145.5,0.4149322509765625,1,1,1
pepperdine_vs_long beach state_20241219,2024-12-19,pepperdine,Long Beach State,2025,155.0,136.73996,18.260040283203125,138.5,-1.760040283203125,0,1,0
pepperdine_vs_uc davis_20241221,2024-12-21,pepperdine,UC Davis,2025,131.0,143.43623,12.436233520507812,148.5,-5.0637664794921875,0,0,1
pepperdine_vs_gonzaga_20241230,2024-12-30,pepperdine,Gonzaga,2025,171.0,156.21657,14.783432006835938,160.0,-3.7834320068359375,0,1,0
pepperdine_vs_san francisco_20250116,2025-01-16,pepperdine,San Francisco,2025,143.0,144.84758,1.8475799560546875,148.0,-3.1524200439453125,0,0,1
pepperdine_vs_pacific_20250125,2025-01-25,pepperdine,Pacific,2025,104.0,146.16364,42.16363525390625,147.5,-1.33636474609375,0,0,1
pepperdine_vs_portland_20250201,2025-02-01,pepperdine,Portland,2025,148.0,150.84247,2.84246826171875,151.5,-0.65753173828125,0,0,1
pepperdine_vs_loyola marymount_20250211,2025-02-11,pepperdine,Loyola Marymount,2025,129.0,142.10052,13.10052490234375,144.5,-2.39947509765625,0,0,1
pepperdine_vs_san diego_20250213,2025-02-13,pepperdine,San Diego,2025,169.0,147.87865,21.121353149414062,152.0,-4.1213531494140625,0,1,0
pepperdine_vs_oregon state_20250220,2025-02-20,pepperdine,Oregon State,2025,162.0,142.34349,19.656509399414062,146.5,-4.1565093994140625,0,1,0
pepperdine_vs_washington state_20250301,2025-03-01,pepperdine,Washington State,2025,173.0,153.9213,19.078704833984375,160.5,-6.578704833984375,0,1,0
pepperdine_vs_portland_20250307,2025-03-07,pepperdine,Portland,2025,159.0,153.24313,5.756866455078125,156.5,-3.256866455078125,0,1,0
pepperdine_vs_santa clara_20250309,2025-03-09,pepperdine,Santa Clara,2025,154.0,150.055,3.94500732421875,158.5,-8.44500732421875,0,0,1
pittsburgh_vs_west virginia_20241115,2024-11-15,pittsburgh,West Virginia,2025,148.0,147.32245,0.67755126953125,148.0,-0.67755126953125,0,0,1
pittsburgh_vs_vmi_20241118,2024-11-18,pittsburgh,VMI,2025,141.0,149.6558,8.655807495117188,156.0,-6.3441925048828125,0,0,1
pittsburgh_vs_wisconsin_20241124,2024-11-24,pittsburgh,Wisconsin,2025,156.0,148.32214,7.6778564453125,147.5,0.8221435546875,1,1,1
pittsburgh_vs_eastern kentucky_20241211,2024-12-11,pittsburgh,Eastern Kentucky,2025,152.0,149.15018,2.849822998046875,148.5,0.650177001953125,1,1,1
pittsburgh_vs_sam houston state_20241221,2024-12-21,pittsburgh,Sam Houston State,2025,188.0,149.97787,38.022125244140625,151.5,-1.522125244140625,0,1,0
pittsburgh_vs_california_20250101,2025-01-01,pittsburgh,California,2025,160.0,150.87968,9.120315551757812,153.5,-2.6203155517578125,0,1,0
pittsburgh_vs_stanford_20250104,2025-01-04,pittsburgh,Stanford,2025,151.0,145.46367,5.5363311767578125,149.5,-4.0363311767578125,0,1,0
pittsburgh_vs_louisville_20250111,2025-01-11,pittsburgh,Louisville,2025,160.0,143.5892,16.410797119140625,149.5,-5.910797119140625,0,1,0
pittsburgh_vs_clemson_20250118,2025-01-18,pittsburgh,Clemson,2025,153.0,142.86316,10.1368408203125,142.5,0.3631591796875,1,1,1
pittsburgh_vs_north carolina_20250128,2025-01-28,pittsburgh,North Carolina,2025,138.0,156.05962,18.059616088867188,153.0,3.0596160888671875,1,0,0
pittsburgh_vs_virginia_20250203,2025-02-03,pittsburgh,Virginia,2025,130.0,135.82907,5.829071044921875,130.5,5.329071044921875,1,0,0
pittsburgh_vs_miami (fl)_20250215,2025-02-15,pittsburgh,Miami (FL),2025,139.0,146.00337,7.0033721923828125,150.0,-3.9966278076171875,0,0,1
pittsburgh_vs_syracuse_20250218,2025-02-18,pittsburgh,Syracuse,2025,149.0,151.1305,2.1304931640625,145.5,5.6304931640625,1,1,1
pittsburgh_vs_georgia tech_20250225,2025-02-25,pittsburgh,Georgia Tech,2025,140.0,144.9269,4.9268951416015625,140.5,4.4268951416015625,1,0,0
pittsburgh_vs_boston college_20250308,2025-03-08,pittsburgh,Boston College,2025,160.0,143.1323,16.867706298828125,140.0,3.132293701171875,1,1,1
portland_vs_south florida_20241121,2024-11-21,portland,South Florida,2025,142.0,150.61757,8.617568969726562,146.5,4.1175689697265625,1,0,0
portland_vs_princeton_20241124,2024-11-24,portland,Princeton,2025,161.0,145.23325,15.766754150390625,147.0,-1.766754150390625,0,1,0
portland_vs_denver_20241201,2024-12-01,portland,Denver,2025,191.0,150.96074,40.03926086425781,148.0,2.9607391357421875,1,1,1
portland_vs_kansas city_20241210,2024-12-10,portland,Kansas City,2025,133.0,148.21315,15.213150024414062,142.5,5.7131500244140625,1,0,0
portland_vs_cal state bakersfield_20241218,2024-12-18,portland,Cal State Bakersfield,2025,145.0,150.46117,5.4611663818359375,140.5,9.961166381835938,1,1,1
portland_vs_lafayette_20241221,2024-12-21,portland,Lafayette,2025,138.0,144.86716,6.867156982421875,141.0,3.867156982421875,1,0,0
portland_vs_washington state_20241228,2024-12-28,portland,Washington State,2025,162.0,156.73209,5.267913818359375,152.0,4.732086181640625,1,1,1
portland_vs_pacific_20250116,2025-01-16,portland,Pacific,2025,165.0,149.39426,15.605743408203125,146.5,2.894256591796875,1,1,1
portland_vs_san diego_20250123,2025-01-23,portland,San Diego,2025,174.0,148.19017,25.809829711914062,146.5,1.6901702880859375,1,1,1
portland_vs_gonzaga_20250125,2025-01-25,portland,Gonzaga,2025,167.0,161.13097,5.8690338134765625,162.0,-0.8690338134765625,0,1,0
portland_vs_santa clara_20250206,2025-02-06,portland,Santa Clara,2025,147.0,154.99825,7.9982452392578125,154.0,0.9982452392578125,1,0,0
portland_vs_oregon state_20250213,2025-02-13,portland,Oregon State,2025,156.0,147.10667,8.893325805664062,144.5,2.6066741943359375,1,1,1
portland_vs_loyola marymount_20250215,2025-02-15,portland,Loyola Marymount,2025,167.0,146.38182,20.618179321289062,146.0,0.3818206787109375,1,1,1
portland_vs_pepperdine_20250227,2025-02-27,portland,Pepperdine,2025,154.0,153.64049,0.3595123291015625,156.5,-2.8595123291015625,0,0,1
portland-state_vs_st. thomas_20241123,2024-11-23,portland-state,St. Thomas,2025,156.0,157.58708,1.5870819091796875,151.5,6.0870819091796875,1,1,1
portland-state_vs_wofford_20241124,2024-11-24,portland-state,Wofford,2025,153.0,151.08333,1.9166717529296875,148.0,3.0833282470703125,1,1,1
portland-state_vs_utah tech_20241130,2024-11-30,portland-state,Utah Tech,2025,139.0,152.58267,13.582672119140625,152.5,0.082672119140625,1,0,0
portland-state_vs_denver_20241207,2024-12-07,portland-state,Denver,2025,135.0,155.07977,20.07977294921875,152.0,3.07977294921875,1,0,0
portland-state_vs_eastern washington_20250109,2025-01-09,portland-state,Eastern Washington,2025,123.0,152.64119,29.641189575195312,151.0,1.6411895751953125,1,0,0
portland-state_vs_idaho_20250111,2025-01-11,portland-state,Idaho,2025,138.0,149.93059,11.930587768554688,146.5,3.4305877685546875,1,0,0
portland-state_vs_weber state_20250123,2025-01-23,portland-state,Weber State,2025,130.0,148.41129,18.411285400390625,139.5,8.911285400390625,1,0,0
portland-state_vs_idaho state_20250125,2025-01-25,portland-state,Idaho State,2025,135.0,143.73239,8.732391357421875,140.5,3.232391357421875,1,0,0
portland-state_vs_northern arizona_20250213,2025-02-13,portland-state,Northern Arizona,2025,104.0,149.37086,45.37086486816406,145.5,3.8708648681640625,1,0,0
portland-state_vs_northern colorado_20250215,2025-02-15,portland-state,Northern Colorado,2025,153.0,147.75417,5.2458343505859375,148.5,-0.7458343505859375,0,1,0
portland-state_vs_montana state_20250227,2025-02-27,portland-state,Montana State,2025,121.0,143.22853,22.228530883789062,142.5,0.7285308837890625,1,0,0
portland-state_vs_montana_20250301,2025-03-01,portland-state,Montana,2025,155.0,144.75739,10.24261474609375,143.5,1.25738525390625,1,1,1
portland-state_vs_sacramento state_20250303,2025-03-03,portland-state,Sacramento State,2025,115.0,133.93182,18.93182373046875,136.0,-2.06817626953125,0,0,1
prairie-view_vs_smu_20241118,2024-11-18,prairie-view,SMU,2025,179.0,158.62042,20.37957763671875,162.0,-3.37957763671875,0,1,0
prairie-view_vs_fresno state_20241120,2024-11-20,prairie-view,Fresno State,2025,177.0,156.13608,20.863922119140625,156.0,0.136077880859375,1,1,1
prairie-view_vs_northern colorado_20241123,2024-11-23,prairie-view,Northern Colorado,2025,212.0,158.49945,53.50054931640625,160.5,-2.00054931640625,0,1,0
prairie-view_vs_texas a&mâcorpus christi_20241130,2024-11-30,prairie-view,Texas A&MâCorpus Christi,2025,183.0,162.3919,20.60809326171875,,,0,0,1
prairie-view_vs_uab_20241206,2024-12-06,prairie-view,UAB,2025,161.0,163.34447,2.3444671630859375,171.5,-8.155532836914062,0,0,1
prairie-view_vs_mississippi state_20241208,2024-12-08,prairie-view,Mississippi State,2025,175.0,162.54073,12.459274291992188,164.0,-1.4592742919921875,0,1,0
prairie-view_vs_loyola marymount_20241214,2024-12-14,prairie-view,Loyola Marymount,2025,151.0,154.57864,3.578643798828125,158.0,-3.421356201171875,0,0,1
prairie-view_vs_ucla_20241217,2024-12-17,prairie-view,UCLA,2025,186.0,150.57614,35.423858642578125,146.5,4.076141357421875,1,1,1
prairie-view_vs_rice_20241222,2024-12-22,prairie-view,Rice,2025,110.0,150.03062,40.03062438964844,156.0,-5.9693756103515625,0,0,1
prairie-view_vs_oklahoma_20241229,2024-12-29,prairie-view,Oklahoma,2025,156.0,155.0551,0.9449005126953125,161.0,-5.9449005126953125,0,0,1
prairie-view_vs_southern_20250106,2025-01-06,prairie-view,Southern,2025,164.0,152.32999,11.670013427734375,146.5,5.829986572265625,1,1,1
prairie-view_vs_mississippi valley state_20250111,2025-01-11,prairie-view,Mississippi Valley State,2025,139.0,138.4895,0.510498046875,143.5,-5.010498046875,0,0,1
prairie-view_vs_arkansasâpine bluff_20250113,2025-01-13,prairie-view,ArkansasâPine Bluff,2025,139.0,157.70764,18.7076416015625,167.0,-9.2923583984375,0,0,1
prairie-view_vs_jackson state_20250118,2025-01-18,prairie-view,Jackson State,2025,149.0,154.42577,5.4257659912109375,148.5,5.9257659912109375,1,1,1
prairie-view_vs_alcorn state_20250120,2025-01-20,prairie-view,Alcorn State,2025,148.0,146.63567,1.3643341064453125,143.0,3.6356658935546875,1,1,1
prairie-view_vs_alabama state_20250125,2025-01-25,prairie-view,Alabama State,2025,129.0,155.76382,26.763824462890625,151.5,4.263824462890625,1,0,0
prairie-view_vs_alabama a&m_20250127,2025-01-27,prairie-view,Alabama A&M,2025,180.0,151.44496,28.555038452148438,151.5,-0.0550384521484375,0,1,0
prairie-view_vs_texas southern_20250201,2025-02-01,prairie-view,Texas Southern,2025,142.0,151.74518,9.74517822265625,152.5,-0.75482177734375,0,0,1
prairie-view_vs_bethune-cookman_20250208,2025-02-08,prairie-view,Bethune-Cookman,2025,167.0,145.52815,21.471847534179688,150.0,-4.4718475341796875,0,1,0
prairie-view_vs_florida a&m_20250210,2025-02-10,prairie-view,Florida A&M,2025,145.0,152.39668,7.3966827392578125,150.0,2.3966827392578125,1,0,0
prairie-view_vs_southern_20250215,2025-02-15,prairie-view,Southern,2025,132.0,150.39792,18.397918701171875,151.0,-0.602081298828125,0,0,1
prairie-view_vs_arkansasâpine bluff_20250222,2025-02-22,prairie-view,ArkansasâPine Bluff,2025,139.0,154.8692,15.86920166015625,160.0,-5.13079833984375,0,0,1
prairie-view_vs_mississippi valley state_20250224,2025-02-24,prairie-view,Mississippi Valley State,2025,120.0,129.07893,9.078933715820312,140.0,-10.921066284179688,0,0,1
prairie-view_vs_alcorn state_20250301,2025-03-01,prairie-view,Alcorn State,2025,126.0,139.30925,13.309249877929688,141.5,-2.1907501220703125,0,0,1
prairie-view_vs_jackson state_20250303,2025-03-03,prairie-view,Jackson State,2025,162.0,148.10364,13.8963623046875,145.0,3.1036376953125,1,1,1
prairie-view_vs_texas southern_20250308,2025-03-08,prairie-view,Texas Southern,2025,148.0,146.18678,1.8132171630859375,142.5,3.6867828369140625,1,1,1
prairie-view_vs_florida a&m_20250311,2025-03-11,prairie-view,Florida A&M,2025,141.0,147.44911,6.4491119384765625,146.0,1.4491119384765625,1,0,0
presbyterian_vs_youngstown state_20241122,2024-11-22,presbyterian,Youngstown State,2025,109.0,150.3001,41.30009460449219,135.0,15.300094604492188,1,0,0
presbyterian_vs_manhattan_20241221,2024-12-21,presbyterian,Manhattan,2025,167.0,146.40022,20.599777221679688,146.5,-0.0997772216796875,0,1,0
presbyterian_vs_longwood_20250102,2025-01-02,presbyterian,Longwood,2025,128.0,146.67067,18.670669555664062,143.5,3.1706695556640625,1,0,0
presbyterian_vs_unc asheville_20250111,2025-01-11,presbyterian,UNC Asheville,2025,183.0,149.91064,33.08935546875,148.0,1.91064453125,1,1,1
presbyterian_vs_charleston southern_20250122,2025-01-22,presbyterian,Charleston Southern,2025,132.0,149.88696,17.886962890625,139.5,10.386962890625,1,0,0
presbyterian_vs_radford_20250125,2025-01-25,presbyterian,Radford,2025,151.0,142.2225,8.777496337890625,135.5,6.722503662109375,1,1,1
presbyterian_vs_high point_20250201,2025-02-01,presbyterian,High Point,2025,156.0,143.88766,12.112335205078125,146.5,-2.612335205078125,0,1,0
presbyterian_vs_usc upstate_20250205,2025-02-05,presbyterian,USC Upstate,2025,139.0,151.24936,12.249359130859375,148.5,2.749359130859375,1,0,0
presbyterian_vs_winthrop_20250219,2025-02-19,presbyterian,Winthrop,2025,158.0,153.78,4.220001220703125,152.5,1.279998779296875,1,1,1
presbyterian_vs_gardner-webb_20250301,2025-03-01,presbyterian,Gardner-Webb,2025,125.0,146.94528,21.945281982421875,143.5,3.445281982421875,1,0,0
presbyterian_vs_radford_20250307,2025-03-07,presbyterian,Radford,2025,143.0,140.78493,2.2150726318359375,130.5,10.284927368164062,1,1,1
princeton_vs_loyola chicago_20241115,2024-11-15,princeton,Loyola Chicago,2025,141.0,150.35144,9.3514404296875,147.0,3.3514404296875,1,0,0
princeton_vs_wright state_20241121,2024-11-21,princeton,Wright State,2025,142.0,145.29602,3.2960205078125,152.0,-6.7039794921875,0,0,1
princeton_vs_texas state_20241122,2024-11-22,princeton,Texas State,2025,163.0,139.45651,23.543487548828125,139.0,0.456512451171875,1,1,1
princeton_vs_monmouth_20241210,2024-12-10,princeton,Monmouth,2025,138.0,147.55273,9.552734375,146.0,1.552734375,1,0,0
princeton_vs_rutgers_20241221,2024-12-21,princeton,Rutgers,2025,165.0,154.33252,10.66748046875,150.5,3.83251953125,1,1,1
princeton_vs_akron_20241230,2024-12-30,princeton,Akron,2025,151.0,156.77602,5.7760162353515625,155.0,1.7760162353515625,1,0,0
princeton_vs_columbia_20250120,2025-01-20,princeton,Columbia,2025,138.0,150.98038,12.980377197265625,153.5,-2.519622802734375,0,0,1
princeton_vs_cornell_20250125,2025-01-25,princeton,Cornell,2025,161.0,157.14388,3.8561248779296875,158.5,-1.3561248779296875,0,1,0
princeton_vs_yale_20250131,2025-01-31,princeton,Yale,2025,147.0,153.72307,6.7230682373046875,147.0,6.7230682373046875,1,0,0
princeton_vs_brown_20250201,2025-02-01,princeton,Brown,2025,118.0,147.16316,29.163162231445312,144.5,2.6631622314453125,1,0,0
princeton_vs_harvard_20250221,2025-02-21,princeton,Harvard,2025,147.0,142.92943,4.0705718994140625,138.0,4.9294281005859375,1,1,1
princeton_vs_dartmouth_20250222,2025-02-22,princeton,Dartmouth,2025,137.0,149.44135,12.44134521484375,146.0,3.44134521484375,1,0,0
princeton_vs_pennsylvania_20250308,2025-03-08,princeton,Pennsylvania,2025,166.0,147.65625,18.34375,144.0,3.65625,1,1,1
princeton_vs_yale_20250315,2025-03-15,princeton,Yale,2025,116.0,148.00592,32.00592041015625,144.5,3.50592041015625,1,0,0
providence_vs_green bay_20241116,2024-11-16,providence,Green Bay,2025,144.0,143.14944,0.850555419921875,144.0,-0.850555419921875,0,0,1
providence_vs_delaware state_20241119,2024-11-19,providence,Delaware State,2025,126.0,136.04144,10.04144287109375,136.5,-0.45855712890625,0,0,1
providence_vs_brigham young_20241203,2024-12-03,providence,Brigham Young,2025,147.0,138.85059,8.1494140625,143.5,-4.6494140625,0,1,0
providence_vs_st. bonaventure_20241214,2024-12-14,providence,St. Bonaventure,2025,144.0,131.58536,12.414642333984375,127.5,4.085357666015625,1,1,1
providence_vs_st. john's (ny)_20241220,2024-12-20,providence,St. John's (NY),2025,142.0,141.46208,0.5379180908203125,142.5,-1.0379180908203125,0,0,1
providence_vs_marquette_20241231,2024-12-31,providence,Marquette,2025,128.0,136.86684,8.866836547851562,142.5,-5.6331634521484375,0,0,1
providence_vs_butler_20250108,2025-01-08,providence,Butler,2025,149.0,133.74248,15.257522583007812,137.0,-3.2575225830078125,0,1,0
providence_vs_seton hall_20250111,2025-01-11,providence,Seton Hall,2025,176.0,127.18928,48.81072235107422,130.0,-2.8107223510742188,0,1,0
providence_vs_georgetown_20250125,2025-01-25,providence,Georgetown,2025,146.0,136.02051,9.9794921875,138.5,-2.4794921875,0,1,0
providence_vs_creighton_20250205,2025-02-05,providence,Creighton,2025,149.0,136.54416,12.455841064453125,142.0,-5.455841064453125,0,1,0
providence_vs_xavier_20250212,2025-02-12,providence,Xavier,2025,173.0,143.93997,29.060028076171875,145.0,-1.060028076171875,0,1,0
providence_vs_villanova_20250215,2025-02-15,providence,Villanova,2025,137.0,139.74097,2.740966796875,142.0,-2.259033203125,0,0,1
providence_vs_connecticut_20250301,2025-03-01,providence,Connecticut,2025,138.0,139.62135,1.6213531494140625,146.0,-6.3786468505859375,0,0,1
providence_vs_depaul_20250305,2025-03-05,providence,DePaul,2025,157.0,141.45491,15.545089721679688,144.5,-3.0450897216796875,0,1,0
purdue_vs_alabama_20241115,2024-11-15,purdue,Alabama,2025,165.0,148.93858,16.061416625976562,164.5,-15.561416625976562,0,1,0
purdue_vs_marshall_20241123,2024-11-23,purdue,Marshall,2025,125.0,147.66243,22.662429809570312,149.5,-1.8375701904296875,0,0,1
purdue_vs_maryland_20241208,2024-12-08,purdue,Maryland,2025,161.0,141.94572,19.054275512695312,144.5,-2.5542755126953125,0,1,0
purdue_vs_texas a&m_20241214,2024-12-14,purdue,Texas A&M,2025,136.0,140.45851,4.4585113525390625,143.0,-2.5414886474609375,0,0,1
purdue_vs_toledo_20241229,2024-12-29,purdue,Toledo,2025,147.0,147.19821,0.198211669921875,155.5,-8.301788330078125,0,0,1
purdue_vs_northwestern_20250105,2025-01-05,purdue,Northwestern,2025,140.0,139.59468,0.4053192138671875,138.5,1.0946807861328125,1,1,1
purdue_vs_nebraska_20250112,2025-01-12,purdue,Nebraska,2025,172.0,142.30113,29.698867797851562,140.5,1.8011322021484375,1,1,1
purdue_vs_ohio state_20250121,2025-01-21,purdue,Ohio State,2025,143.0,144.84192,1.8419189453125,140.5,4.3419189453125,1,1,1
purdue_vs_michigan_20250124,2025-01-24,purdue,Michigan,2025,155.0,147.4733,7.526702880859375,151.0,-3.526702880859375,0,1,0
purdue_vs_indiana_20250131,2025-01-31,purdue,Indiana,2025,157.0,145.48901,11.510986328125,145.5,-0.010986328125,0,1,0
purdue_vs_southern california_20250207,2025-02-07,purdue,Southern California,2025,162.0,142.55186,19.448135375976562,145.5,-2.9481353759765625,0,1,0
purdue_vs_wisconsin_20250215,2025-02-15,purdue,Wisconsin,2025,178.0,142.23796,35.76203918457031,151.5,-9.262039184570312,0,1,0
purdue_vs_ucla_20250228,2025-02-28,purdue,UCLA,2025,142.0,137.77046,4.2295379638671875,137.5,0.2704620361328125,1,1,1
purdue_vs_rutgers_20250304,2025-03-04,purdue,Rutgers,2025,171.0,146.19693,24.803070068359375,150.5,-4.303070068359375,0,1,0
purdue_vs_southern california_20250313,2025-03-13,purdue,Southern California,2025,147.0,143.25584,3.7441558837890625,150.0,-6.7441558837890625,0,0,1
queens-nc_vs_usc upstate_20241123,2024-11-23,queens-nc,USC Upstate,2025,172.0,151.91971,20.080291748046875,156.5,-4.580291748046875,0,1,0
queens-nc_vs_winthrop_20241203,2024-12-03,queens-nc,Winthrop,2025,164.0,154.7591,9.24090576171875,158.0,-3.24090576171875,0,1,0
queens-nc_vs_mercer_20241218,2024-12-18,queens-nc,Mercer,2025,139.0,160.02274,21.022735595703125,161.0,-0.977264404296875,0,0,1
queens-nc_vs_stetson_20250102,2025-01-02,queens-nc,Stetson,2025,183.0,151.03421,31.965789794921875,154.5,-3.465789794921875,0,1,0
queens-nc_vs_florida gulf coast_20250104,2025-01-04,queens-nc,Florida Gulf Coast,2025,175.0,141.06285,33.93714904785156,148.5,-7.4371490478515625,0,1,0
queens-nc_vs_north florida_20250123,2025-01-23,queens-nc,North Florida,2025,171.0,160.98573,10.014266967773438,167.0,-6.0142669677734375,0,1,0
queens-nc_vs_jacksonville_20250125,2025-01-25,queens-nc,Jacksonville,2025,164.0,147.3565,16.64349365234375,146.0,1.35650634765625,1,1,1
queens-nc_vs_north alabama_20250129,2025-01-29,queens-nc,North Alabama,2025,142.0,151.27551,9.2755126953125,154.5,-3.2244873046875,0,0,1
queens-nc_vs_west georgia_20250201,2025-02-01,queens-nc,West Georgia,2025,155.0,149.49677,5.50323486328125,149.5,-0.00323486328125,0,1,0
queens-nc_vs_lipscomb_20250208,2025-02-08,queens-nc,Lipscomb,2025,175.0,148.16792,26.832077026367188,148.5,-0.3320770263671875,0,1,0
queens-nc_vs_central arkansas_20250218,2025-02-18,queens-nc,Central Arkansas,2025,161.0,152.27512,8.724884033203125,142.5,9.775115966796875,1,1,1
queens-nc_vs_austin peay_20250220,2025-02-20,queens-nc,Austin Peay,2025,170.0,150.00294,19.997055053710938,148.5,1.5029449462890625,1,1,1
quinnipiac_vs_maine_20241115,2024-11-15,quinnipiac,Maine,2025,113.0,147.76562,34.765625,145.0,2.765625,1,0,0
quinnipiac_vs_sacred heart_20241208,2024-12-08,quinnipiac,Sacred Heart,2025,156.0,144.61487,11.3851318359375,151.0,-6.3851318359375,0,1,0
quinnipiac_vs_holy cross_20241217,2024-12-17,quinnipiac,Holy Cross,2025,139.0,138.31126,0.6887359619140625,143.5,-5.1887359619140625,0,0,1
quinnipiac_vs_hofstra_20241229,2024-12-29,quinnipiac,Hofstra,2025,144.0,141.5603,2.439697265625,138.0,3.560302734375,1,1,1
quinnipiac_vs_siena_20250110,2025-01-10,quinnipiac,Siena,2025,125.0,140.85057,15.850570678710938,140.5,0.3505706787109375,1,0,0
quinnipiac_vs_merrimack_20250116,2025-01-16,quinnipiac,Merrimack,2025,157.0,130.17282,26.827178955078125,135.0,-4.827178955078125,0,1,0
quinnipiac_vs_rider_20250125,2025-01-25,quinnipiac,Rider,2025,139.0,133.75478,5.2452239990234375,143.5,-9.745223999023438,0,0,1
quinnipiac_vs_fairfield_20250131,2025-01-31,quinnipiac,Fairfield,2025,150.0,142.54121,7.4587860107421875,146.0,-3.4587860107421875,0,1,0
quinnipiac_vs_canisius_20250206,2025-02-06,quinnipiac,Canisius,2025,160.0,137.75674,22.243255615234375,147.5,-9.743255615234375,0,1,0
quinnipiac_vs_niagara_20250208,2025-02-08,quinnipiac,Niagara,2025,151.0,138.8933,12.106704711914062,142.5,-3.6067047119140625,0,1,0
quinnipiac_vs_iona_20250216,2025-02-16,quinnipiac,Iona,2025,153.0,144.00679,8.993209838867188,150.5,-6.4932098388671875,0,1,0
quinnipiac_vs_saint peter's_20250228,2025-02-28,quinnipiac,Saint Peter's,2025,133.0,135.68488,2.68487548828125,140.0,-4.31512451171875,0,0,1
quinnipiac_vs_mount st. mary's_20250306,2025-03-06,quinnipiac,Mount St. Mary's,2025,149.0,145.27312,3.7268829345703125,149.5,-4.2268829345703125,0,0,1
quinnipiac_vs_rider_20250312,2025-03-12,quinnipiac,Rider,2025,142.0,140.0608,1.9391937255859375,142.5,-2.4391937255859375,0,0,1
radford_vs_bucknell_20241208,2024-12-08,radford,Bucknell,2025,144.0,145.99966,1.999664306640625,133.5,12.499664306640625,1,1,1
radford_vs_winthrop_20250104,2025-01-04,radford,Winthrop,2025,154.0,151.02397,2.9760284423828125,151.5,-0.4760284423828125,0,1,0
radford_vs_gardner-webb_20250115,2025-01-15,radford,Gardner-Webb,2025,154.0,145.11328,8.88671875,145.5,-0.38671875,0,1,0
radford_vs_longwood_20250122,2025-01-22,radford,Longwood,2025,151.0,145.3583,5.641693115234375,143.5,1.858306884765625,1,1,1
radford_vs_usc upstate_20250201,2025-02-01,radford,USC Upstate,2025,148.0,151.29137,3.2913665771484375,147.0,4.2913665771484375,1,1,1
radford_vs_high point_20250205,2025-02-05,radford,High Point,2025,153.0,144.64374,8.35626220703125,144.0,0.64373779296875,1,1,1
radford_vs_unc asheville_20250220,2025-02-20,radford,UNC Asheville,2025,130.0,148.06264,18.062637329101562,146.5,1.5626373291015625,1,0,0
radford_vs_presbyterian_20250222,2025-02-22,radford,Presbyterian,2025,153.0,142.70378,10.296218872070312,134.5,8.203781127929688,1,1,1
radford_vs_charleston southern_20250301,2025-03-01,radford,Charleston Southern,2025,136.0,146.77284,10.772842407226562,138.0,8.772842407226562,1,0,0
rhode-island_vs_lafayette_20241120,2024-11-20,rhode-island,Lafayette,2025,158.0,145.04552,12.954483032226562,147.0,-1.9544830322265625,0,1,0
rhode-island_vs_college of charleston_20241124,2024-11-24,rhode-island,College of Charleston,2025,144.0,160.18878,16.18878173828125,156.5,3.68878173828125,1,0,0
rhode-island_vs_ut arlington_20241128,2024-11-28,rhode-island,UT Arlington,2025,161.0,154.82965,6.17034912109375,159.5,-4.67034912109375,0,1,0
rhode-island_vs_yale_20241202,2024-12-02,rhode-island,Yale,2025,162.0,153.41644,8.58355712890625,156.0,-2.58355712890625,0,1,0
rhode-island_vs_providence_20241207,2024-12-07,rhode-island,Providence,2025,132.0,139.83014,7.83013916015625,147.0,-7.16986083984375,0,0,1
rhode-island_vs_central connecticut state_20241215,2024-12-15,rhode-island,Central Connecticut State,2025,146.0,144.04153,1.958465576171875,142.5,1.541534423828125,1,1,1
rhode-island_vs_temple_20241221,2024-12-21,rhode-island,Temple,2025,164.0,151.79547,12.20452880859375,153.5,-1.70452880859375,0,1,0
rhode-island_vs_george mason_20250104,2025-01-04,rhode-island,George Mason,2025,121.0,142.66519,21.665191650390625,143.5,-0.834808349609375,0,0,1
rhode-island_vs_george washington_20250108,2025-01-08,rhode-island,George Washington,2025,142.0,146.14265,4.1426544189453125,151.5,-5.3573455810546875,0,0,1
rhode-island_vs_davidson_20250118,2025-01-18,rhode-island,Davidson,2025,182.0,147.52884,34.471160888671875,148.0,-0.471160888671875,0,1,0
rhode-island_vs_vcu_20250121,2025-01-21,rhode-island,VCU,2025,138.0,144.08429,6.08428955078125,149.5,-5.41571044921875,0,0,1
rhode-island_vs_massachusetts_20250129,2025-01-29,rhode-island,Massachusetts,2025,170.0,154.54642,15.453582763671875,156.5,-1.953582763671875,0,1,0
rhode-island_vs_st. bonaventure_20250212,2025-02-12,rhode-island,St. Bonaventure,2025,132.0,142.77458,10.774581909179688,140.5,2.2745819091796875,1,0,0
rhode-island_vs_la salle_20250215,2025-02-15,rhode-island,La Salle,2025,157.0,152.77975,4.220245361328125,152.5,0.279754638671875,1,1,1
rhode-island_vs_dayton_20250226,2025-02-26,rhode-island,Dayton,2025,162.0,147.62912,14.370880126953125,149.5,-1.870880126953125,0,1,0
rhode-island_vs_fordham_20250308,2025-03-08,rhode-island,Fordham,2025,153.0,156.4864,3.4864044189453125,159.5,-3.0135955810546875,0,0,1
rice_vs_northwestern state_20241116,2024-11-16,rice,Northwestern State,2025,152.0,138.2829,13.71710205078125,139.5,-1.21710205078125,0,1,0
rice_vs_alcorn state_20241216,2024-12-16,rice,Alcorn State,2025,152.0,133.7704,18.229598999023438,136.5,-2.7295989990234375,0,1,0
rice_vs_charlotte_20250104,2025-01-04,rice,Charlotte,2025,123.0,137.35233,14.352325439453125,140.5,-3.147674560546875,0,0,1
rice_vs_temple_20250111,2025-01-11,rice,Temple,2025,143.0,140.29541,2.70458984375,141.5,-1.20458984375,0,1,0
rice_vs_utsa_20250114,2025-01-14,rice,UTSA,2025,174.0,145.63934,28.36065673828125,145.5,0.13934326171875,1,1,1
rice_vs_tulane_20250125,2025-01-25,rice,Tulane,2025,153.0,141.42271,11.577285766601562,141.0,0.4227142333984375,1,1,1
rice_vs_memphis_20250202,2025-02-02,rice,Memphis,2025,169.0,142.1812,26.818801879882812,146.5,-4.3188018798828125,0,1,0
rice_vs_north texas_20250211,2025-02-11,rice,North Texas,2025,128.0,130.18518,2.1851806640625,125.5,4.6851806640625,1,1,1
rice_vs_uab_20250219,2025-02-19,rice,UAB,2025,179.0,151.18985,27.810150146484375,153.5,-2.310150146484375,0,1,0
rice_vs_tulsa_20250222,2025-02-22,rice,Tulsa,2025,121.0,143.7281,22.728103637695312,142.5,1.2281036376953125,1,0,0
rice_vs_wichita state_20250306,2025-03-06,rice,Wichita State,2025,122.0,145.9895,23.989501953125,145.0,0.989501953125,1,0,0
richmond_vs_maine_20241120,2024-11-20,richmond,Maine,2025,136.0,142.17201,6.1720123291015625,129.5,12.672012329101562,1,1,1
richmond_vs_belmont_20241214,2024-12-14,richmond,Belmont,2025,179.0,146.80353,32.19647216796875,150.0,-3.19647216796875,0,1,0
richmond_vs_vmi_20241221,2024-12-21,richmond,VMI,2025,149.0,146.092,2.9080047607421875,142.5,3.5919952392578125,1,1,1
richmond_vs_florida gulf coast_20241228,2024-12-28,richmond,Florida Gulf Coast,2025,132.0,138.92899,6.928985595703125,137.5,1.428985595703125,1,0,0
richmond_vs_george washington_20241231,2024-12-31,richmond,George Washington,2025,127.0,144.03839,17.03839111328125,145.5,-1.46160888671875,0,0,1
richmond_vs_rhode island_20250111,2025-01-11,richmond,Rhode Island,2025,131.0,145.28903,14.289031982421875,141.5,3.789031982421875,1,0,0
richmond_vs_saint louis_20250118,2025-01-18,richmond,Saint Louis,2025,122.0,142.65509,20.65509033203125,136.5,6.15509033203125,1,0,0
richmond_vs_davidson_20250125,2025-01-25,richmond,Davidson,2025,138.0,141.34119,3.3411865234375,133.5,7.8411865234375,1,1,1
richmond_vs_duquesne_20250205,2025-02-05,richmond,Duquesne,2025,141.0,131.6074,9.392593383789062,128.0,3.6074066162109375,1,1,1
richmond_vs_loyola chicago_20250211,2025-02-11,richmond,Loyola Chicago,2025,167.0,137.11824,29.881759643554688,129.5,7.6182403564453125,1,1,1
richmond_vs_fordham_20250215,2025-02-15,richmond,Fordham,2025,136.0,146.12953,10.129531860351562,139.5,6.6295318603515625,1,0,0
richmond_vs_vcu_20250225,2025-02-25,richmond,VCU,2025,138.0,138.74998,0.7499847412109375,135.0,3.7499847412109375,1,1,1
richmond_vs_george mason_20250308,2025-03-08,richmond,George Mason,2025,124.0,134.08691,10.0869140625,126.5,7.5869140625,1,0,0
rider_vs_san diego_20241106,2024-11-06,rider,San Diego,2025,135.0,135.0211,0.0211029052734375,148.5,-13.478897094726562,0,0,1
rider_vs_delaware_20241130,2024-11-30,rider,Delaware,2025,138.0,142.79845,4.7984466552734375,145.5,-2.7015533447265625,0,0,1
rider_vs_quinnipiac_20241206,2024-12-06,rider,Quinnipiac,2025,139.0,137.8343,1.1656951904296875,143.0,-5.1656951904296875,0,0,1
rider_vs_stony brook_20241214,2024-12-14,rider,Stony Brook,2025,127.0,134.67233,7.672332763671875,135.0,-0.327667236328125,0,0,1
rider_vs_manhattan_20250105,2025-01-05,rider,Manhattan,2025,159.0,144.46935,14.530654907226562,144.5,-0.0306549072265625,0,1,0
rider_vs_mount st. mary's_20250116,2025-01-16,rider,Mount St. Mary's,2025,126.0,137.40002,11.4000244140625,137.5,-0.0999755859375,0,0,1
rider_vs_iona_20250123,2025-01-23,rider,Iona,2025,140.0,132.59306,7.4069366455078125,138.0,-5.4069366455078125,0,1,0
rider_vs_saint peter's_20250131,2025-01-31,rider,Saint Peter's,2025,131.0,124.28033,6.719673156738281,125.0,-0.7196731567382812,0,1,0
rider_vs_merrimack_20250202,2025-02-02,rider,Merrimack,2025,130.0,128.22382,1.77618408203125,129.0,-0.77618408203125,0,1,0
rider_vs_siena_20250208,2025-02-08,rider,Siena,2025,120.0,136.91959,16.919586181640625,140.5,-3.580413818359375,0,0,1
rider_vs_fairfield_20250221,2025-02-21,rider,Fairfield,2025,118.0,134.80933,16.809326171875,139.5,-4.690673828125,0,0,1
rider_vs_canisius_20250306,2025-03-06,rider,Canisius,2025,128.0,135.85419,7.85418701171875,141.0,-5.14581298828125,0,0,1
rider_vs_niagara_20250308,2025-03-08,rider,Niagara,2025,153.0,135.59608,17.403915405273438,135.0,0.5960845947265625,1,1,1
rider_vs_siena_20250311,2025-03-11,rider,Siena,2025,154.0,137.71335,16.286651611328125,137.0,0.713348388671875,1,1,1
robert-morris_vs_stonehill_20241114,2024-11-14,robert-morris,Stonehill,2025,114.0,146.3617,32.3616943359375,143.5,2.8616943359375,1,0,0
robert-morris_vs_lindenwood_20241115,2024-11-15,robert-morris,Lindenwood,2025,120.0,143.39746,23.3974609375,141.5,1.8974609375,1,0,0
robert-morris_vs_new orleans_20241117,2024-11-17,robert-morris,New Orleans,2025,135.0,143.12543,8.12542724609375,141.5,1.62542724609375,1,0,0
robert-morris_vs_canisius_20241127,2024-11-27,robert-morris,Canisius,2025,136.0,137.15044,1.1504364013671875,142.0,-4.8495635986328125,0,0,1
robert-morris_vs_youngstown state_20241204,2024-12-04,robert-morris,Youngstown State,2025,130.0,141.71756,11.717559814453125,138.0,3.717559814453125,1,0,0
robert-morris_vs_towson_20241217,2024-12-17,robert-morris,Towson,2025,135.0,133.44043,1.5595703125,132.5,0.9404296875,1,1,1
robert-morris_vs_saint francis (pa)_20241221,2024-12-21,robert-morris,Saint Francis (PA),2025,167.0,142.09457,24.905426025390625,142.5,-0.405426025390625,0,1,0
robert-morris_vs_northern kentucky_20241229,2024-12-29,robert-morris,Northern Kentucky,2025,190.0,136.14372,53.85627746582031,134.5,1.6437225341796875,1,1,1
robert-morris_vs_cleveland state_20250108,2025-01-08,robert-morris,Cleveland State,2025,149.0,139.50421,9.49578857421875,139.5,0.00421142578125,1,1,1
robert-morris_vs_wright state_20250112,2025-01-12,robert-morris,Wright State,2025,147.0,144.64569,2.35430908203125,148.5,-3.85430908203125,0,0,1
robert-morris_vs_oakland_20250125,2025-01-25,robert-morris,Oakland,2025,144.0,137.42949,6.5705108642578125,136.0,1.4294891357421875,1,1,1
robert-morris_vs_iu indy_20250130,2025-01-30,robert-morris,IU Indy,2025,159.0,146.47206,12.527938842773438,145.0,1.4720611572265625,1,1,1
robert-morris_vs_detroit mercy_20250205,2025-02-05,robert-morris,Detroit Mercy,2025,127.0,140.59729,13.5972900390625,139.5,1.0972900390625,1,0,0
robert-morris_vs_green bay_20250221,2025-02-21,robert-morris,Green Bay,2025,179.0,146.84332,32.15667724609375,147.0,-0.15667724609375,0,1,0
robert-morris_vs_milwaukee_20250223,2025-02-23,robert-morris,Milwaukee,2025,131.0,151.18236,20.182357788085938,150.5,0.6823577880859375,1,0,0
robert-morris_vs_wright state_20250306,2025-03-06,robert-morris,Wright State,2025,145.0,147.66522,2.66522216796875,150.0,-2.33477783203125,0,0,1
robert-morris_vs_youngstown state_20250311,2025-03-11,robert-morris,Youngstown State,2025,167.0,144.80215,22.197845458984375,137.5,7.302154541015625,1,1,1
rutgers_vs_monmouth_20241115,2024-11-15,rutgers,Monmouth,2025,179.0,146.43433,32.565673828125,148.0,-1.565673828125,0,1,0
rutgers_vs_merrimack_20241120,2024-11-20,rutgers,Merrimack,2025,137.0,131.41147,5.588531494140625,135.0,-3.588531494140625,0,1,0
rutgers_vs_texas a&m_20241130,2024-11-30,rutgers,Texas A&M,2025,158.0,143.59818,14.401824951171875,151.0,-7.401824951171875,0,1,0
rutgers_vs_penn state_20241210,2024-12-10,rutgers,Penn State,2025,156.0,155.09851,0.9014892578125,157.5,-2.4014892578125,0,0,1
rutgers_vs_seton hall_20241214,2024-12-14,rutgers,Seton Hall,2025,129.0,132.093,3.0930023193359375,134.5,-2.4069976806640625,0,0,1
rutgers_vs_columbia_20241230,2024-12-30,rutgers,Columbia,2025,155.0,150.94778,4.052215576171875,155.0,-4.052215576171875,0,0,1
rutgers_vs_wisconsin_20250106,2025-01-06,rutgers,Wisconsin,2025,138.0,153.17056,15.170562744140625,157.0,-3.829437255859375,0,0,1
rutgers_vs_purdue_20250109,2025-01-09,rutgers,Purdue,2025,118.0,147.44127,29.441268920898438,149.0,-1.5587310791015625,0,0,1
rutgers_vs_ucla_20250113,2025-01-13,rutgers,UCLA,2025,143.0,144.34357,1.34356689453125,138.0,6.34356689453125,1,1,1
rutgers_vs_michigan state_20250125,2025-01-25,rutgers,Michigan State,2025,155.0,154.73917,0.260833740234375,152.0,2.739166259765625,1,1,1
rutgers_vs_michigan_20250201,2025-02-01,rutgers,Michigan,2025,129.0,153.44518,24.445175170898438,155.5,-2.0548248291015625,0,0,1
rutgers_vs_illinois_20250205,2025-02-05,rutgers,Illinois,2025,155.0,157.68134,2.68133544921875,158.0,-0.31866455078125,0,0,1
rutgers_vs_iowa_20250212,2025-02-12,rutgers,Iowa,2025,157.0,157.82918,0.8291778564453125,161.0,-3.1708221435546875,0,0,1
rutgers_vs_southern california_20250223,2025-02-23,rutgers,Southern California,2025,180.0,149.46628,30.533721923828125,152.0,-2.533721923828125,0,1,0
rutgers_vs_minnesota_20250309,2025-03-09,rutgers,Minnesota,2025,142.0,140.40268,1.597320556640625,142.5,-2.097320556640625,0,0,1
rutgers_vs_southern california_20250312,2025-03-12,rutgers,Southern California,2025,186.0,150.16634,35.83366394042969,152.5,-2.3336639404296875,0,1,0
sacramento-state_vs_cal state northridge_20241116,2024-11-16,sacramento-state,Cal State Northridge,2025,148.0,146.78503,1.2149658203125,144.0,2.7850341796875,1,1,1
sacramento-state_vs_mercyhurst_20241130,2024-11-30,sacramento-state,Mercyhurst,2025,126.0,131.88246,5.8824615478515625,129.5,2.3824615478515625,1,0,0
sacramento-state_vs_omaha_20241207,2024-12-07,sacramento-state,Omaha,2025,130.0,137.38759,7.3875885009765625,137.5,-0.1124114990234375,0,0,1
sacramento-state_vs_uc davis_20241214,2024-12-14,sacramento-state,UC Davis,2025,131.0,134.30226,3.3022613525390625,138.0,-3.6977386474609375,0,0,1
sacramento-state_vs_portland state_20250104,2025-01-04,sacramento-state,Portland State,2025,109.0,144.7352,35.735198974609375,141.5,3.235198974609375,1,0,0
sacramento-state_vs_idaho_20250109,2025-01-09,sacramento-state,Idaho,2025,147.0,136.55563,10.444366455078125,135.5,1.055633544921875,1,1,1
sacramento-state_vs_eastern washington_20250111,2025-01-11,sacramento-state,Eastern Washington,2025,119.0,138.33443,19.334426879882812,137.5,0.8344268798828125,1,0,0
sacramento-state_vs_idaho state_20250123,2025-01-23,sacramento-state,Idaho State,2025,146.0,133.47359,12.526412963867188,129.0,4.4735870361328125,1,1,1
sacramento-state_vs_weber state_20250125,2025-01-25,sacramento-state,Weber State,2025,168.0,134.52458,33.47541809082031,130.0,4.5245819091796875,1,1,1
sacramento-state_vs_northern colorado_20250213,2025-02-13,sacramento-state,Northern Colorado,2025,138.0,141.8092,3.8092041015625,145.0,-3.1907958984375,0,0,1
sacramento-state_vs_northern arizona_20250215,2025-02-15,sacramento-state,Northern Arizona,2025,126.0,138.46584,12.465835571289062,138.5,-0.0341644287109375,0,0,1
sacramento-state_vs_montana_20250227,2025-02-27,sacramento-state,Montana,2025,114.0,140.30286,26.3028564453125,143.5,-3.1971435546875,0,0,1
sacramento-state_vs_montana state_20250301,2025-03-01,sacramento-state,Montana State,2025,147.0,134.78,12.220001220703125,135.5,-0.720001220703125,0,1,0
sacramento-state_vs_weber state_20250308,2025-03-08,sacramento-state,Weber State,2025,153.0,137.22993,15.770065307617188,132.0,5.2299346923828125,1,1,1
sacred-heart_vs_connecticut_20241106,2024-11-06,sacred-heart,Connecticut,2025,148.0,150.94124,2.9412384033203125,149.5,1.4412384033203125,1,0,0
sacred-heart_vs_central connecticut state_20241121,2024-11-21,sacred-heart,Central Connecticut State,2025,121.0,140.1619,19.161895751953125,142.0,-1.838104248046875,0,0,1
sacred-heart_vs_iona_20241206,2024-12-06,sacred-heart,Iona,2025,142.0,145.43225,3.4322509765625,142.5,2.9322509765625,1,0,0
sacred-heart_vs_albany (ny)_20241218,2024-12-18,sacred-heart,Albany (NY),2025,140.0,151.43007,11.430068969726562,154.5,-3.0699310302734375,0,0,1
sacred-heart_vs_canisius_20250105,2025-01-05,sacred-heart,Canisius,2025,181.0,137.05367,43.94633483886719,145.5,-8.446334838867188,0,1,0
sacred-heart_vs_merrimack_20250110,2025-01-10,sacred-heart,Merrimack,2025,131.0,134.6931,3.6930999755859375,139.0,-4.3069000244140625,0,0,1
sacred-heart_vs_saint peter's_20250118,2025-01-18,sacred-heart,Saint Peter's,2025,127.0,134.14294,7.1429443359375,135.0,-0.8570556640625,0,0,1
sacred-heart_vs_manhattan_20250202,2025-02-02,sacred-heart,Manhattan,2025,146.0,152.99948,6.999481201171875,152.5,0.499481201171875,1,0,0
sacred-heart_vs_rider_20250206,2025-02-06,sacred-heart,Rider,2025,166.0,139.97829,26.021713256835938,147.5,-7.5217132568359375,0,1,0
sacred-heart_vs_quinnipiac_20250214,2025-02-14,sacred-heart,Quinnipiac,2025,189.0,151.8403,37.159698486328125,156.5,-4.659698486328125,0,1,0
sacred-heart_vs_siena_20250216,2025-02-16,sacred-heart,Siena,2025,153.0,150.33287,2.6671295166015625,152.0,-1.6671295166015625,0,1,0
sacred-heart_vs_marist_20250228,2025-02-28,sacred-heart,Marist,2025,121.0,143.1002,22.100204467773438,145.0,-1.8997955322265625,0,0,1
sacred-heart_vs_fairfield_20250302,2025-03-02,sacred-heart,Fairfield,2025,145.0,147.16457,2.1645660400390625,149.5,-2.3354339599609375,0,0,1
saint-francis-pa_vs_lehigh_20241126,2024-11-26,saint-francis-pa,Lehigh,2025,166.0,144.06647,21.93353271484375,142.5,1.56646728515625,1,1,1
saint-francis-pa_vs_radford_20241201,2024-12-01,saint-francis-pa,Radford,2025,149.0,144.4031,4.596893310546875,136.5,7.903106689453125,1,1,1
saint-francis-pa_vs_central connecticut state_20250103,2025-01-03,saint-francis-pa,Central Connecticut State,2025,133.0,139.34808,6.34808349609375,136.5,2.84808349609375,1,0,0
saint-francis-pa_vs_stonehill_20250105,2025-01-05,saint-francis-pa,Stonehill,2025,124.0,145.1155,21.115493774414062,140.5,4.6154937744140625,1,0,0
saint-francis-pa_vs_mercyhurst_20250110,2025-01-10,saint-francis-pa,Mercyhurst,2025,132.0,135.2056,3.205596923828125,134.5,0.705596923828125,1,0,0
saint-francis-pa_vs_liu_20250124,2025-01-24,saint-francis-pa,LIU,2025,138.0,135.91734,2.0826568603515625,128.0,7.9173431396484375,1,1,1
saint-francis-pa_vs_wagner_20250126,2025-01-26,saint-francis-pa,Wagner,2025,134.0,132.93062,1.0693817138671875,124.5,8.430618286132812,1,1,1
saint-francis-pa_vs_le moyne_20250206,2025-02-06,saint-francis-pa,Le Moyne,2025,164.0,146.27492,17.725082397460938,144.5,1.7749176025390625,1,1,1
saint-francis-pa_vs_chicago state_20250301,2025-03-01,saint-francis-pa,Chicago State,2025,151.0,141.61684,9.383163452148438,142.5,-0.8831634521484375,0,1,0
saint-francis-pa_vs_wagner_20250305,2025-03-05,saint-francis-pa,Wagner,2025,113.0,133.19855,20.19854736328125,123.0,10.19854736328125,1,0,0
saint-josephs_vs_texas tech_20241121,2024-11-21,saint-josephs,Texas Tech,2025,155.0,145.4173,9.58270263671875,149.5,-4.08270263671875,0,1,0
saint-josephs_vs_texas_20241122,2024-11-22,saint-josephs,Texas,2025,125.0,144.70325,19.7032470703125,149.5,-4.7967529296875,0,0,1
saint-josephs_vs_coppin state_20241126,2024-11-26,saint-josephs,Coppin State,2025,137.0,140.06706,3.0670623779296875,142.0,-1.9329376220703125,0,0,1
saint-josephs_vs_princeton_20241203,2024-12-03,saint-josephs,Princeton,2025,146.0,144.4201,1.57989501953125,152.0,-7.57989501953125,0,0,1
saint-josephs_vs_college of charleston_20241210,2024-12-10,saint-josephs,College of Charleston,2025,153.0,153.66606,0.6660614013671875,150.5,3.1660614013671875,1,1,1
saint-josephs_vs_american_20241218,2024-12-18,saint-josephs,American,2025,141.0,143.82445,2.8244476318359375,141.5,2.3244476318359375,1,0,0
saint-josephs_vs_virginia tech_20241221,2024-12-21,saint-josephs,Virginia Tech,2025,144.0,143.61786,0.38214111328125,140.5,3.11785888671875,1,1,1
saint-josephs_vs_delaware state_20241228,2024-12-28,saint-josephs,Delaware State,2025,134.0,148.16269,14.162689208984375,148.5,-0.337310791015625,0,0,1
saint-josephs_vs_massachusetts_20241231,2024-12-31,saint-josephs,Massachusetts,2025,153.0,148.7037,4.296295166015625,150.5,-1.796295166015625,0,1,0
saint-josephs_vs_loyola chicago_20250111,2025-01-11,saint-josephs,Loyola Chicago,2025,150.0,144.44084,5.5591583251953125,142.5,1.9408416748046875,1,1,1
saint-josephs_vs_vcu_20250117,2025-01-17,saint-josephs,VCU,2025,147.0,141.15195,5.848052978515625,143.0,-1.848052978515625,0,1,0
saint-josephs_vs_duquesne_20250129,2025-01-29,saint-josephs,Duquesne,2025,148.0,137.46587,10.534133911132812,138.0,-0.5341339111328125,0,1,0
saint-josephs_vs_saint louis_20250207,2025-02-07,saint-josephs,Saint Louis,2025,139.0,142.24232,3.2423248291015625,145.0,-2.7576751708984375,0,0,1
saint-josephs_vs_la salle_20250212,2025-02-12,saint-josephs,La Salle,2025,138.0,151.46916,13.469161987304688,148.5,2.9691619873046875,1,0,0
saint-josephs_vs_richmond_20250222,2025-02-22,saint-josephs,Richmond,2025,140.0,140.77304,0.773040771484375,135.5,5.273040771484375,1,1,1
saint-josephs_vs_st. bonaventure_20250226,2025-02-26,saint-josephs,St. Bonaventure,2025,139.0,138.0394,0.960601806640625,137.5,0.539398193359375,1,1,1
saint-josephs_vs_rhode island_20250305,2025-03-05,saint-josephs,Rhode Island,2025,165.0,151.64844,13.3515625,153.5,-1.8515625,0,1,0
saint-josephs_vs_uab_20250319,2025-03-19,saint-josephs,UAB,2025,134.0,153.31453,19.314529418945312,160.5,-7.1854705810546875,0,0,1
saint-louis_vs_loyola marymount_20241116,2024-11-16,saint-louis,Loyola Marymount,2025,148.0,157.3812,9.381195068359375,155.0,2.381195068359375,1,0,0
saint-louis_vs_wichita state_20241122,2024-11-22,saint-louis,Wichita State,2025,151.0,150.89966,0.100341796875,154.5,-3.600341796875,0,0,1
saint-louis_vs_quinnipiac_20241125,2024-11-25,saint-louis,Quinnipiac,2025,148.0,153.26746,5.2674560546875,158.0,-4.7325439453125,0,0,1
saint-louis_vs_umass lowell_20241127,2024-11-27,saint-louis,UMass Lowell,2025,183.0,158.34439,24.655609130859375,162.0,-3.655609130859375,0,1,0
saint-louis_vs_jackson state_20241202,2024-12-02,saint-louis,Jackson State,2025,140.0,154.33986,14.339859008789062,155.0,-0.6601409912109375,0,0,1
saint-louis_vs_chicago state_20241208,2024-12-08,saint-louis,Chicago State,2025,147.0,151.2941,4.294097900390625,154.5,-3.205902099609375,0,0,1
saint-louis_vs_wofford_20241218,2024-12-18,saint-louis,Wofford,2025,145.0,149.56537,4.56536865234375,150.5,-0.93463134765625,0,0,1
saint-louis_vs_saint joseph's_20250103,2025-01-03,saint-louis,Saint Joseph's,2025,130.0,149.07047,19.070465087890625,152.0,-2.929534912109375,0,0,1
saint-louis_vs_st. bonaventure_20250108,2025-01-08,saint-louis,St. Bonaventure,2025,141.0,138.45786,2.542144775390625,142.0,-3.542144775390625,0,0,1
saint-louis_vs_la salle_20250122,2025-01-22,saint-louis,La Salle,2025,116.0,151.90897,35.908966064453125,153.0,-1.091033935546875,0,0,1
saint-louis_vs_vcu_20250128,2025-01-28,saint-louis,VCU,2025,147.0,140.96762,6.032379150390625,144.5,-3.532379150390625,0,1,0
saint-louis_vs_dayton_20250131,2025-01-31,saint-louis,Dayton,2025,134.0,138.86403,4.8640289306640625,143.5,-4.6359710693359375,0,0,1
saint-louis_vs_george mason_20250211,2025-02-11,saint-louis,George Mason,2025,150.0,133.7289,16.271102905273438,133.5,0.2288970947265625,1,1,1
saint-louis_vs_rhode island_20250222,2025-02-22,saint-louis,Rhode Island,2025,147.0,146.88713,0.1128692626953125,153.0,-6.1128692626953125,0,0,1
saint-louis_vs_loyola chicago_20250301,2025-03-01,saint-louis,Loyola Chicago,2025,165.0,138.84299,26.157012939453125,142.5,-3.657012939453125,0,1,0
saint-louis_vs_duquesne_20250308,2025-03-08,saint-louis,Duquesne,2025,178.0,135.9771,42.02290344238281,138.5,-2.5229034423828125,0,1,0
saint-marys-ca_vs_nebraska_20241117,2024-11-17,saint-marys-ca,Nebraska,2025,151.0,145.44754,5.552459716796875,140.0,5.447540283203125,1,1,1
saint-marys-ca_vs_cal poly_20241123,2024-11-23,saint-marys-ca,Cal Poly,2025,146.0,153.76376,7.763763427734375,149.0,4.763763427734375,1,0,0
saint-marys-ca_vs_southern california_20241128,2024-11-28,saint-marys-ca,Southern California,2025,107.0,143.86996,36.869964599609375,141.0,2.869964599609375,1,0,0
saint-marys-ca_vs_arizona state_20241129,2024-11-29,saint-marys-ca,Arizona State,2025,132.0,143.03217,11.03216552734375,139.5,3.53216552734375,1,0,0
saint-marys-ca_vs_utsa_20241203,2024-12-03,saint-marys-ca,UTSA,2025,156.0,149.39012,6.6098785400390625,141.5,7.8901214599609375,1,1,1
saint-marys-ca_vs_utah_20241207,2024-12-07,saint-marys-ca,Utah,2025,135.0,146.07448,11.074478149414062,141.5,4.5744781494140625,1,0,0
saint-marys-ca_vs_boise state_20241214,2024-12-14,saint-marys-ca,Boise State,2025,132.0,138.42252,6.422515869140625,139.5,-1.077484130859375,0,0,1
saint-marys-ca_vs_merrimack_20241219,2024-12-19,saint-marys-ca,Merrimack,2025,141.0,133.42099,7.579010009765625,128.5,4.920989990234375,1,1,1
saint-marys-ca_vs_utah state_20241222,2024-12-22,saint-marys-ca,Utah State,2025,143.0,146.77621,3.776214599609375,143.0,3.776214599609375,1,0,0
saint-marys-ca_vs_pacific_20241228,2024-12-28,saint-marys-ca,Pacific,2025,130.0,142.50702,12.50701904296875,136.5,6.00701904296875,1,0,0
saint-marys-ca_vs_pepperdine_20250102,2025-01-02,saint-marys-ca,Pepperdine,2025,112.0,142.2898,30.289794921875,141.5,0.789794921875,1,0,0
saint-marys-ca_vs_portland_20250104,2025-01-04,saint-marys-ca,Portland,2025,139.0,144.51253,5.5125274658203125,135.0,9.512527465820312,1,1,1
saint-marys-ca_vs_loyola marymount_20250107,2025-01-07,saint-marys-ca,Loyola Marymount,2025,137.0,136.00655,0.9934539794921875,134.5,1.5065460205078125,1,1,1
saint-marys-ca_vs_san diego_20250111,2025-01-11,saint-marys-ca,San Diego,2025,159.0,139.72935,19.270645141601562,137.5,2.2293548583984375,1,1,1
saint-marys-ca_vs_pepperdine_20250118,2025-01-18,saint-marys-ca,Pepperdine,2025,124.0,140.60107,16.60107421875,140.0,0.60107421875,1,0,0
saint-marys-ca_vs_san francisco_20250123,2025-01-23,saint-marys-ca,San Francisco,2025,122.0,138.57423,16.574234008789062,134.0,4.5742340087890625,1,0,0
saint-marys-ca_vs_washington state_20250125,2025-01-25,saint-marys-ca,Washington State,2025,155.0,142.91725,12.082748413085938,142.0,0.9172515869140625,1,1,1
saint-marys-ca_vs_santa clara_20250129,2025-01-29,saint-marys-ca,Santa Clara,2025,121.0,142.96217,21.962173461914062,141.0,1.9621734619140625,1,0,0
saint-marys-ca_vs_gonzaga_20250201,2025-02-01,saint-marys-ca,Gonzaga,2025,120.0,145.79689,25.796890258789062,146.5,-0.7031097412109375,0,0,1
saint-marys-ca_vs_san francisco_20250206,2025-02-06,saint-marys-ca,San Francisco,2025,129.0,136.42801,7.428009033203125,132.5,3.928009033203125,1,0,0
saint-marys-ca_vs_oregon state_20250208,2025-02-08,saint-marys-ca,Oregon State,2025,112.0,137.12953,25.129531860351562,129.0,8.129531860351562,1,0,0
saint-marys-ca_vs_santa clara_20250211,2025-02-11,saint-marys-ca,Santa Clara,2025,137.0,140.43175,3.4317474365234375,137.5,2.9317474365234375,1,0,0
saint-marys-ca_vs_washington state_20250215,2025-02-15,saint-marys-ca,Washington State,2025,133.0,139.95648,6.95648193359375,140.5,-0.54351806640625,0,0,1
saint-marys-ca_vs_portland_20250219,2025-02-19,saint-marys-ca,Portland,2025,145.0,140.52644,4.4735565185546875,139.5,1.0264434814453125,1,1,1
saint-marys-ca_vs_gonzaga_20250222,2025-02-22,saint-marys-ca,Gonzaga,2025,141.0,143.246,2.246002197265625,142.5,0.746002197265625,1,0,0
saint-marys-ca_vs_loyola marymount_20250227,2025-02-27,saint-marys-ca,Loyola Marymount,2025,113.0,135.6474,22.64739990234375,135.0,0.64739990234375,1,0,0
saint-marys-ca_vs_oregon state_20250301,2025-03-01,saint-marys-ca,Oregon State,2025,138.0,137.60715,0.392852783203125,130.5,7.107147216796875,1,1,1
saint-marys-ca_vs_pepperdine_20250310,2025-03-10,saint-marys-ca,Pepperdine,2025,133.0,138.20529,5.205291748046875,137.0,1.205291748046875,1,0,0
saint-marys-ca_vs_gonzaga_20250311,2025-03-11,saint-marys-ca,Gonzaga,2025,109.0,140.52689,31.526885986328125,140.5,0.026885986328125,1,0,0
saint-marys-ca_vs_vanderbilt_20250321,2025-03-21,saint-marys-ca,Vanderbilt,2025,115.0,139.32124,24.321243286132812,135.5,3.8212432861328125,1,0,0
saint-marys-ca_vs_alabama_20250323,2025-03-23,saint-marys-ca,Alabama,2025,146.0,146.74069,0.740692138671875,149.5,-2.759307861328125,0,0,1
saint-peters_vs_manhattan_20241206,2024-12-06,saint-peters,Manhattan,2025,137.0,141.27885,4.2788543701171875,134.5,6.7788543701171875,1,1,1
saint-peters_vs_delaware_20241220,2024-12-20,saint-peters,Delaware,2025,136.0,148.30132,12.301315307617188,142.0,6.3013153076171875,1,0,0
saint-peters_vs_quinnipiac_20250103,2025-01-03,saint-peters,Quinnipiac,2025,105.0,139.84927,34.849273681640625,139.0,0.849273681640625,1,0,0
saint-peters_vs_marist_20250116,2025-01-16,saint-peters,Marist,2025,107.0,128.4929,21.492904663085938,121.5,6.9929046630859375,1,0,0
saint-peters_vs_merrimack_20250123,2025-01-23,saint-peters,Merrimack,2025,85.0,126.77891,41.778907775878906,120.5,6.278907775878906,1,0,0
saint-peters_vs_mount st. mary's_20250202,2025-02-02,saint-peters,Mount St. Mary's,2025,143.0,130.48073,12.519271850585938,127.5,2.9807281494140625,1,1,1
saint-peters_vs_fairfield_20250214,2025-02-14,saint-peters,Fairfield,2025,117.0,131.94382,14.943817138671875,132.5,-0.556182861328125,0,0,1
saint-peters_vs_rider_20250216,2025-02-16,saint-peters,Rider,2025,131.0,129.44582,1.5541839599609375,129.0,0.4458160400390625,1,1,1
saint-peters_vs_sacred heart_20250223,2025-02-23,saint-peters,Sacred Heart,2025,164.0,136.71661,27.28338623046875,141.0,-4.28338623046875,0,1,0
saint-peters_vs_niagara_20250306,2025-03-06,saint-peters,Niagara,2025,146.0,131.28345,14.716552734375,127.0,4.283447265625,1,1,1
saint-peters_vs_canisius_20250308,2025-03-08,saint-peters,Canisius,2025,132.0,131.0882,0.91180419921875,129.0,2.08819580078125,1,1,1
samford_vs_texas southern_20241117,2024-11-17,samford,Texas Southern,2025,179.0,160.41348,18.586517333984375,160.5,-0.086517333984375,0,1,0
samford_vs_north dakota state_20241126,2024-11-26,samford,North Dakota State,2025,201.0,156.13487,44.86512756347656,154.0,2.1348724365234375,1,1,1
samford_vs_utah valley_20241127,2024-11-27,samford,Utah Valley,2025,160.0,156.96606,3.033935546875,157.0,-0.033935546875,0,1,0
samford_vs_west georgia_20241129,2024-11-29,samford,West Georgia,2025,151.0,156.44124,5.4412384033203125,157.5,-1.0587615966796875,0,0,1
samford_vs_austin peay_20241208,2024-12-08,samford,Austin Peay,2025,119.0,150.48528,31.485275268554688,151.0,-0.5147247314453125,0,0,1
samford_vs_the citadel_20250101,2025-01-01,samford,The Citadel,2025,142.0,153.93552,11.935516357421875,154.5,-0.564483642578125,0,0,1
samford_vs_vmi_20250109,2025-01-09,samford,VMI,2025,149.0,155.12454,6.124542236328125,158.0,-2.875457763671875,0,0,1
samford_vs_unc greensboro_20250111,2025-01-11,samford,UNC Greensboro,2025,145.0,152.5677,7.5677032470703125,150.5,2.0677032470703125,1,0,0
samford_vs_east tennessee state_20250118,2025-01-18,samford,East Tennessee State,2025,125.0,155.97653,30.976531982421875,153.0,2.976531982421875,1,0,0
samford_vs_wofford_20250125,2025-01-25,samford,Wofford,2025,138.0,153.09631,15.0963134765625,149.0,4.0963134765625,1,0,0
samford_vs_mercer_20250205,2025-02-05,samford,Mercer,2025,179.0,162.63612,16.363876342773438,158.0,4.6361236572265625,1,1,1
samford_vs_chattanooga_20250212,2025-02-12,samford,Chattanooga,2025,150.0,154.4444,4.44439697265625,155.0,-0.55560302734375,0,0,1
samford_vs_furman_20250219,2025-02-19,samford,Furman,2025,152.0,152.01367,0.013671875,153.0,-0.986328125,0,0,1
samford_vs_western carolina_20250222,2025-02-22,samford,Western Carolina,2025,165.0,156.01123,8.98876953125,158.5,-2.48876953125,0,1,0
sam-houston-state_vs_texas southern_20241207,2024-12-07,sam-houston-state,Texas Southern,2025,158.0,151.85927,6.1407318115234375,146.5,5.3592681884765625,1,1,1
sam-houston-state_vs_liberty_20250109,2025-01-09,sam-houston-state,Liberty,2025,144.0,144.03047,0.0304718017578125,141.5,2.5304718017578125,1,1,1
sam-houston-state_vs_florida international_20250111,2025-01-11,sam-houston-state,Florida International,2025,155.0,153.2723,1.7277069091796875,152.5,0.7722930908203125,1,1,1
sam-houston-state_vs_middle tennessee_20250123,2025-01-23,sam-houston-state,Middle Tennessee,2025,152.0,157.6761,5.6761016845703125,149.5,8.176101684570312,1,1,1
sam-houston-state_vs_western kentucky_20250125,2025-01-25,sam-houston-state,Western Kentucky,2025,141.0,160.15968,19.159683227539062,153.0,7.1596832275390625,1,0,0
sam-houston-state_vs_jacksonville state_20250213,2025-02-13,sam-houston-state,Jacksonville State,2025,127.0,148.41956,21.4195556640625,142.5,5.9195556640625,1,0,0
sam-houston-state_vs_kennesaw state_20250215,2025-02-15,sam-houston-state,Kennesaw State,2025,154.0,157.78737,3.7873687744140625,150.5,7.2873687744140625,1,1,1
sam-houston-state_vs_louisiana tech_20250301,2025-03-01,sam-houston-state,Louisiana Tech,2025,156.0,147.89507,8.104934692382812,140.0,7.8950653076171875,1,1,1
sam-houston-state_vs_utep_20250306,2025-03-06,sam-houston-state,UTEP,2025,176.0,148.29893,27.701065063476562,145.5,2.7989349365234375,1,1,1
sam-houston-state_vs_new mexico state_20250308,2025-03-08,sam-houston-state,New Mexico State,2025,145.0,144.01971,0.98028564453125,137.5,6.51971435546875,1,1,1
sam-houston-state_vs_utep_20250311,2025-03-11,sam-houston-state,UTEP,2025,144.0,148.79431,4.7943115234375,147.5,1.2943115234375,1,0,0
san-diego-state_vs_san diego_20241207,2024-12-07,san-diego-state,San Diego,2025,131.0,138.02415,7.0241546630859375,139.5,-1.4758453369140625,0,0,1
san-diego-state_vs_california baptist_20241211,2024-12-11,san-diego-state,California Baptist,2025,156.0,146.27583,9.724166870117188,136.0,10.275833129882812,1,1,1
san-diego-state_vs_utah state_20241228,2024-12-28,san-diego-state,Utah State,2025,133.0,145.97762,12.977615356445312,142.0,3.9776153564453125,1,0,0
san-diego-state_vs_air force_20250108,2025-01-08,san-diego-state,Air Force,2025,105.0,129.70264,24.70263671875,130.0,-0.29736328125,0,0,1
san-diego-state_vs_colorado state_20250114,2025-01-14,san-diego-state,Colorado State,2025,135.0,136.70825,1.708251953125,133.5,3.208251953125,1,1,1
san-diego-state_vs_unlv_20250118,2025-01-18,san-diego-state,UNLV,2025,144.0,131.76312,12.23687744140625,133.0,-1.23687744140625,0,1,0
san-diego-state_vs_san jose state_20250128,2025-01-28,san-diego-state,San Jose State,2025,139.0,137.36156,1.6384429931640625,135.5,1.8615570068359375,1,1,1
san-diego-state_vs_wyoming_20250201,2025-02-01,san-diego-state,Wyoming,2025,124.0,132.40912,8.40911865234375,128.0,4.40911865234375,1,0,0
san-diego-state_vs_boise state_20250215,2025-02-15,san-diego-state,Boise State,2025,111.0,133.8958,22.895797729492188,134.5,-0.6042022705078125,0,0,1
san-diego-state_vs_fresno state_20250218,2025-02-18,san-diego-state,Fresno State,2025,143.0,148.74141,5.7414093017578125,142.5,6.2414093017578125,1,1,1
san-diego-state_vs_new mexico_20250225,2025-02-25,san-diego-state,New Mexico,2025,138.0,146.70302,8.703018188476562,144.0,2.7030181884765625,1,0,0
san-diego-state_vs_nevada_20250308,2025-03-08,san-diego-state,Nevada,2025,141.0,133.015,7.9850006103515625,132.0,1.0149993896484375,1,1,1
san-francisco_vs_chicago state_20241116,2024-11-16,san-francisco,Chicago State,2025,119.0,151.45268,32.45268249511719,148.5,2.9526824951171875,1,0,0
san-francisco_vs_memphis_20241121,2024-11-21,san-francisco,Memphis,2025,132.0,150.18562,18.185623168945312,154.5,-4.3143768310546875,0,0,1
san-francisco_vs_mercyhurst_20241201,2024-12-01,san-francisco,Mercyhurst,2025,146.0,134.9407,11.059295654296875,133.5,1.440704345703125,1,1,1
san-francisco_vs_saint louis_20241205,2024-12-05,san-francisco,Saint Louis,2025,139.0,148.13176,9.131759643554688,152.0,-3.8682403564453125,0,0,1
san-francisco_vs_montana_20241221,2024-12-21,san-francisco,Montana,2025,138.0,147.45909,9.459091186523438,147.5,-0.0409088134765625,0,0,1
san-francisco_vs_loyola marymount_20241228,2024-12-28,san-francisco,Loyola Marymount,2025,125.0,139.99524,14.9952392578125,138.0,1.9952392578125,1,0,0
san-francisco_vs_santa clara_20241230,2024-12-30,san-francisco,Santa Clara,2025,191.0,145.39125,45.60874938964844,145.0,0.3912506103515625,1,1,1
san-francisco_vs_portland_20250109,2025-01-09,san-francisco,Portland,2025,153.0,150.09523,2.9047698974609375,147.0,3.0952301025390625,1,1,1
san-francisco_vs_oregon state_20250118,2025-01-18,san-francisco,Oregon State,2025,151.0,137.98871,13.01129150390625,139.5,-1.51129150390625,0,1,0
san-francisco_vs_san diego_20250125,2025-01-25,san-francisco,San Diego,2025,150.0,142.92224,7.0777587890625,145.0,-2.0777587890625,0,1,0
san-francisco_vs_washington state_20250201,2025-02-01,san-francisco,Washington State,2025,126.0,148.07579,22.075790405273438,151.0,-2.9242095947265625,0,0,1
san-francisco_vs_pacific_20250220,2025-02-20,san-francisco,Pacific,2025,129.0,143.62648,14.626480102539062,140.5,3.1264801025390625,1,0,0
san-francisco_vs_gonzaga_20250301,2025-03-01,san-francisco,Gonzaga,2025,170.0,149.41707,20.582931518554688,157.5,-8.082931518554688,0,1,0
san-francisco_vs_washington state_20250309,2025-03-09,san-francisco,Washington State,2025,161.0,148.83044,12.1695556640625,152.5,-3.6695556640625,0,1,0
san-francisco_vs_utah valley_20250319,2025-03-19,san-francisco,Utah Valley,2025,149.0,140.95654,8.04345703125,148.5,-7.54345703125,0,1,0
san-francisco_vs_loyola chicago_20250323,2025-03-23,san-francisco,Loyola Chicago,2025,153.0,140.17616,12.823837280273438,145.5,-5.3238372802734375,0,1,0
san-jose-state_vs_uc santa barbara_20241117,2024-11-17,san-jose-state,UC Santa Barbara,2025,123.0,152.08154,29.08154296875,145.0,7.08154296875,1,0,0
san-jose-state_vs_utep_20241125,2024-11-25,san-jose-state,UTEP,2025,136.0,141.91812,5.918121337890625,136.0,5.918121337890625,1,0,0
san-jose-state_vs_cal poly_20241214,2024-12-14,san-jose-state,Cal Poly,2025,207.0,154.14128,52.85871887207031,154.5,-0.3587188720703125,0,1,0
san-jose-state_vs_kennesaw state_20241221,2024-12-21,san-jose-state,Kennesaw State,2025,154.0,154.57906,0.5790557861328125,152.5,2.0790557861328125,1,1,1
san-jose-state_vs_boise state_20241228,2024-12-28,san-jose-state,Boise State,2025,144.0,145.69087,1.6908721923828125,141.5,4.1908721923828125,1,1,1
san-jose-state_vs_colorado state_20241231,2024-12-31,san-jose-state,Colorado State,2025,122.0,148.27669,26.276687622070312,140.5,7.7766876220703125,1,0,0
san-jose-state_vs_utah state_20250107,2025-01-07,san-jose-state,Utah State,2025,163.0,150.00763,12.99237060546875,148.5,1.50762939453125,1,1,1
san-jose-state_vs_new mexico_20250114,2025-01-14,san-jose-state,New Mexico,2025,141.0,156.86569,15.865692138671875,153.5,3.365692138671875,1,0,0
san-jose-state_vs_wyoming_20250125,2025-01-25,san-jose-state,Wyoming,2025,125.0,140.17763,15.177627563476562,133.0,7.1776275634765625,1,0,0
san-jose-state_vs_air force_20250201,2025-02-01,san-jose-state,Air Force,2025,139.0,136.71034,2.2896575927734375,136.5,0.2103424072265625,1,1,1
san-jose-state_vs_san diego state_20250211,2025-02-11,san-jose-state,San Diego State,2025,135.0,138.49947,3.4994659423828125,133.0,5.4994659423828125,1,1,1
san-jose-state_vs_nevada_20250214,2025-02-14,san-jose-state,Nevada,2025,131.0,140.34203,9.342025756835938,136.5,3.8420257568359375,1,0,0
san-jose-state_vs_unlv_20250225,2025-02-25,san-jose-state,UNLV,2025,148.0,140.76901,7.230987548828125,137.5,3.269012451171875,1,1,1
san-jose-state_vs_fresno state_20250308,2025-03-08,san-jose-state,Fresno State,2025,160.0,152.00998,7.990020751953125,142.5,9.509979248046875,1,1,1
san-jose-state_vs_wyoming_20250312,2025-03-12,san-jose-state,Wyoming,2025,127.0,138.40344,11.4034423828125,136.5,1.9034423828125,1,0,0
san-jose-state_vs_loyola chicago_20250319,2025-03-19,san-jose-state,Loyola Chicago,2025,143.0,140.36714,2.6328582763671875,142.0,-1.6328582763671875,0,1,0
santa-clara_vs_uc riverside_20241119,2024-11-19,santa-clara,UC Riverside,2025,150.0,147.66739,2.332611083984375,152.0,-4.332611083984375,0,0,1
santa-clara_vs_stanford_20241123,2024-11-23,santa-clara,Stanford,2025,140.0,140.18909,0.1890869140625,147.5,-7.3109130859375,0,0,1
santa-clara_vs_tcu_20241128,2024-11-28,santa-clara,TCU,2025,121.0,141.1295,20.129501342773438,148.5,-7.3704986572265625,0,0,1
santa-clara_vs_washington_20241129,2024-11-29,santa-clara,Washington,2025,145.0,146.16527,1.1652679443359375,148.0,-1.8347320556640625,0,0,1
santa-clara_vs_fresno state_20241207,2024-12-07,santa-clara,Fresno State,2025,147.0,151.27771,4.2777099609375,156.0,-4.7222900390625,0,0,1
santa-clara_vs_kennesaw state_20241218,2024-12-18,santa-clara,Kennesaw State,2025,168.0,153.53386,14.466140747070312,157.5,-3.9661407470703125,0,1,0
santa-clara_vs_south dakota_20241221,2024-12-21,santa-clara,South Dakota,2025,179.0,155.6928,23.307205200195312,168.5,-12.807205200195312,0,1,0
santa-clara_vs_pepperdine_20241228,2024-12-28,santa-clara,Pepperdine,2025,171.0,146.97874,24.021255493164062,153.5,-6.5212554931640625,0,1,0
santa-clara_vs_oregon state_20250109,2025-01-09,santa-clara,Oregon State,2025,163.0,144.6177,18.382293701171875,146.0,-1.382293701171875,0,1,0
santa-clara_vs_san francisco_20250111,2025-01-11,santa-clara,San Francisco,2025,131.0,149.21135,18.211349487304688,151.5,-2.2886505126953125,0,0,1
santa-clara_vs_washington state_20250123,2025-01-23,santa-clara,Washington State,2025,158.0,154.95114,3.048858642578125,159.0,-4.048858642578125,0,0,1
santa-clara_vs_pacific_20250201,2025-02-01,santa-clara,Pacific,2025,132.0,146.91965,14.919647216796875,148.5,-1.580352783203125,0,0,1
santa-clara_vs_san diego_20250208,2025-02-08,santa-clara,San Diego,2025,163.0,149.13857,13.861434936523438,155.5,-6.3614349365234375,0,1,0
santa-clara_vs_loyola marymount_20250220,2025-02-20,santa-clara,Loyola Marymount,2025,137.0,143.68478,6.684783935546875,148.5,-4.815216064453125,0,0,1
santa-clara_vs_gonzaga_20250225,2025-02-25,santa-clara,Gonzaga,2025,171.0,156.07588,14.924118041992188,163.0,-6.9241180419921875,0,1,0
santa-clara_vs_uc riverside_20250318,2025-03-18,santa-clara,UC Riverside,2025,163.0,152.33131,10.668685913085938,158.5,-6.1686859130859375,0,1,0
santa-clara_vs_uab_20250323,2025-03-23,santa-clara,UAB,2025,172.0,156.0996,15.900405883789062,171.5,-15.400405883789062,0,1,0
seattle_vs_portland state_20241204,2024-12-04,seattle,Portland State,2025,165.0,149.34087,15.659133911132812,145.0,4.3408660888671875,1,1,1
seattle_vs_illinoisâchicago_20241220,2024-12-20,seattle,IllinoisâChicago,2025,147.0,154.3329,7.3329010009765625,149.0,5.3329010009765625,1,0,0
seattle_vs_abilene christian_20250111,2025-01-11,seattle,Abilene Christian,2025,130.0,142.08463,12.084625244140625,138.0,4.084625244140625,1,0,0
seattle_vs_utah tech_20250116,2025-01-16,seattle,Utah Tech,2025,144.0,146.2491,2.2490997314453125,140.5,5.7490997314453125,1,1,1
seattle_vs_southern utah_20250118,2025-01-18,seattle,Southern Utah,2025,127.0,149.00871,22.008712768554688,144.0,5.0087127685546875,1,0,0
seattle_vs_utah valley_20250125,2025-01-25,seattle,Utah Valley,2025,136.0,139.90652,3.906524658203125,137.0,2.906524658203125,1,0,0
seattle_vs_tarleton state_20250206,2025-02-06,seattle,Tarleton State,2025,145.0,133.88737,11.112625122070312,129.0,4.8873748779296875,1,1,1
seattle_vs_ut arlington_20250208,2025-02-08,seattle,UT Arlington,2025,132.0,146.20448,14.204483032226562,143.5,2.7044830322265625,1,0,0
seattle_vs_california baptist_20250227,2025-02-27,seattle,California Baptist,2025,120.0,142.8842,22.884201049804688,136.0,6.8842010498046875,1,0,0
seattle_vs_grand canyon_20250301,2025-03-01,seattle,Grand Canyon,2025,123.0,143.97998,20.97998046875,142.0,1.97998046875,1,0,0
seattle_vs_utah valley_20250314,2025-03-14,seattle,Utah Valley,2025,123.0,137.95866,14.958663940429688,133.0,4.9586639404296875,1,0,0
seton-hall_vs_wagner_20241116,2024-11-16,seton-hall,Wagner,2025,82.0,122.64869,40.64868927001953,122.0,0.6486892700195312,1,0,0
seton-hall_vs_vcu_20241121,2024-11-21,seton-hall,VCU,2025,135.0,122.26261,12.737388610839844,126.0,-3.7373886108398438,0,1,0
seton-hall_vs_vanderbilt_20241122,2024-11-22,seton-hall,Vanderbilt,2025,136.0,128.28217,7.71783447265625,134.0,-5.71783447265625,0,1,0
seton-hall_vs_monmouth_20241130,2024-11-30,seton-hall,Monmouth,2025,114.0,128.98503,14.985031127929688,130.0,-1.0149688720703125,0,0,1
seton-hall_vs_njit_20241204,2024-12-04,seton-hall,NJIT,2025,123.0,119.490524,3.5094757080078125,120.5,-1.0094757080078125,0,1,0
seton-hall_vs_oklahoma state_20241208,2024-12-08,seton-hall,Oklahoma State,2025,161.0,130.30042,30.6995849609375,132.0,-1.6995849609375,0,1,0
seton-hall_vs_georgetown_20241222,2024-12-22,seton-hall,Georgetown,2025,121.0,128.17957,7.1795654296875,130.0,-1.8204345703125,0,0,1
seton-hall_vs_depaul_20250108,2025-01-08,seton-hall,DePaul,2025,165.0,131.9451,33.054901123046875,133.0,-1.054901123046875,0,1,0
seton-hall_vs_st. john's (ny)_20250118,2025-01-18,seton-hall,St. John's (NY),2025,130.0,139.3271,9.327102661132812,139.5,-0.1728973388671875,0,0,1
seton-hall_vs_marquette_20250121,2025-01-21,seton-hall,Marquette,2025,135.0,135.94344,0.9434356689453125,138.5,-2.5565643310546875,0,0,1
seton-hall_vs_providence_20250128,2025-01-28,seton-hall,Providence,2025,136.0,132.45184,3.54815673828125,133.5,-1.04815673828125,0,1,0
seton-hall_vs_butler_20250205,2025-02-05,seton-hall,Butler,2025,138.0,134.4351,3.5648956298828125,135.0,-0.5648956298828125,0,1,0
seton-hall_vs_connecticut_20250215,2025-02-15,seton-hall,Connecticut,2025,137.0,134.3802,2.6197967529296875,132.0,2.3802032470703125,1,1,1
seton-hall_vs_xavier_20250223,2025-02-23,seton-hall,Xavier,2025,139.0,135.8364,3.163604736328125,138.0,-2.163604736328125,0,1,0
seton-hall_vs_villanova_20250226,2025-02-26,seton-hall,Villanova,2025,113.0,134.16331,21.163314819335938,129.5,4.6633148193359375,1,0,0
seton-hall_vs_creighton_20250304,2025-03-04,seton-hall,Creighton,2025,140.0,134.13991,5.8600921630859375,133.5,0.6399078369140625,1,1,1
seton-hall_vs_villanova_20250312,2025-03-12,seton-hall,Villanova,2025,122.0,131.88583,9.885833740234375,128.0,3.885833740234375,1,0,0
siena_vs_st. bonaventure_20241217,2024-12-17,siena,St. Bonaventure,2025,113.0,134.52744,21.527435302734375,127.5,7.027435302734375,1,0,0
siena_vs_holy cross_20241220,2024-12-20,siena,Holy Cross,2025,148.0,133.46461,14.535385131835938,131.5,1.9646148681640625,1,1,1
siena_vs_manhattan_20250103,2025-01-03,siena,Manhattan,2025,198.0,140.8014,57.19859313964844,139.0,1.8014068603515625,1,1,1
siena_vs_iona_20250105,2025-01-05,siena,Iona,2025,147.0,135.97992,11.02008056640625,136.5,-0.52008056640625,0,1,0
siena_vs_sacred heart_20250116,2025-01-16,siena,Sacred Heart,2025,168.0,144.18184,23.818161010742188,143.0,1.1818389892578125,1,1,1
siena_vs_mount st. mary's_20250123,2025-01-23,siena,Mount St. Mary's,2025,150.0,141.40128,8.598724365234375,137.5,3.901275634765625,1,1,1
siena_vs_quinnipiac_20250202,2025-02-02,siena,Quinnipiac,2025,159.0,141.8866,17.1134033203125,143.0,-1.1134033203125,0,1,0
siena_vs_saint peter's_20250206,2025-02-06,siena,Saint Peter's,2025,140.0,129.06136,10.938644409179688,128.5,0.5613555908203125,1,1,1
siena_vs_marist_20250214,2025-02-14,siena,Marist,2025,129.0,131.37538,2.3753814697265625,129.0,2.3753814697265625,1,0,0
siena_vs_niagara_20250221,2025-02-21,siena,Niagara,2025,154.0,135.93274,18.0672607421875,136.5,-0.5672607421875,0,1,0
siena_vs_canisius_20250223,2025-02-23,siena,Canisius,2025,181.0,136.00256,44.9974365234375,140.5,-4.4974365234375,0,1,0
siena_vs_fairfield_20250306,2025-03-06,siena,Fairfield,2025,132.0,137.60649,5.6064910888671875,141.5,-3.8935089111328125,0,0,1
south-alabama_vs_mercer_20241116,2024-11-16,south-alabama,Mercer,2025,141.0,151.28003,10.280029296875,151.0,0.280029296875,1,0,0
south-alabama_vs_incarnate word_20241125,2024-11-25,south-alabama,Incarnate Word,2025,147.0,138.53282,8.467178344726562,141.5,-2.9671783447265625,0,1,0
south-alabama_vs_western illinois_20241126,2024-11-26,south-alabama,Western Illinois,2025,127.0,133.22672,6.226715087890625,133.0,0.226715087890625,1,0,0
south-alabama_vs_alcorn state_20241129,2024-11-29,south-alabama,Alcorn State,2025,139.0,134.03824,4.961761474609375,131.5,2.538238525390625,1,1,1
south-alabama_vs_jacksonville state_20241208,2024-12-08,south-alabama,Jacksonville State,2025,150.0,138.90076,11.0992431640625,137.0,1.9007568359375,1,1,1
south-alabama_vs_james madison_20241221,2024-12-21,south-alabama,James Madison,2025,126.0,136.99867,10.998672485351562,137.0,-0.0013275146484375,0,0,1
south-alabama_vs_arkansas state_20250109,2025-01-09,south-alabama,Arkansas State,2025,138.0,140.43584,2.4358367919921875,140.0,0.4358367919921875,1,0,0
south-alabama_vs_old dominion_20250111,2025-01-11,south-alabama,Old Dominion,2025,134.0,135.78514,1.7851409912109375,134.0,1.7851409912109375,1,0,0
south-alabama_vs_southern mississippi_20250115,2025-01-15,south-alabama,Southern Mississippi,2025,137.0,142.39043,5.3904266357421875,139.0,3.3904266357421875,1,0,0
south-alabama_vs_troy_20250118,2025-01-18,south-alabama,Troy,2025,127.0,135.45401,8.454010009765625,131.0,4.454010009765625,1,0,0
south-alabama_vs_louisianaâmonroe_20250130,2025-01-30,south-alabama,LouisianaâMonroe,2025,120.0,135.28336,15.283355712890625,135.0,0.283355712890625,1,0,0
south-alabama_vs_marshall_20250213,2025-02-13,south-alabama,Marshall,2025,173.0,139.96327,33.03672790527344,136.5,3.4632720947265625,1,1,1
south-alabama_vs_texas state_20250215,2025-02-15,south-alabama,Texas State,2025,135.0,140.18224,5.1822357177734375,136.5,3.6822357177734375,1,0,0
south-alabama_vs_louisiana_20250228,2025-02-28,south-alabama,Louisiana,2025,107.0,135.52519,28.525192260742188,136.0,-0.4748077392578125,0,0,1
south-carolina_vs_mercer_20241121,2024-11-21,south-carolina,Mercer,2025,156.0,160.4158,4.415802001953125,150.0,10.415802001953125,1,1,1
south-carolina_vs_xavier_20241125,2024-11-25,south-carolina,Xavier,2025,141.0,148.82501,7.82501220703125,147.5,1.32501220703125,1,0,0
south-carolina_vs_virginia tech_20241127,2024-11-27,south-carolina,Virginia Tech,2025,130.0,145.78291,15.782913208007812,139.0,6.7829132080078125,1,0,0
south-carolina_vs_east carolina_20241207,2024-12-07,south-carolina,East Carolina,2025,143.0,146.04312,3.043121337890625,134.5,11.543121337890625,1,1,1
south-carolina_vs_usc upstate_20241214,2024-12-14,south-carolina,USC Upstate,2025,126.0,153.64714,27.647140502929688,150.0,3.6471405029296875,1,0,0
south-carolina_vs_clemson_20241217,2024-12-17,south-carolina,Clemson,2025,179.0,139.37244,39.6275634765625,134.5,4.8724365234375,1,1,1
south-carolina_vs_radford_20241222,2024-12-22,south-carolina,Radford,2025,122.0,144.56128,22.561279296875,137.5,7.061279296875,1,0,0
south-carolina_vs_presbyterian_20241230,2024-12-30,south-carolina,Presbyterian,2025,128.0,144.42665,16.426651000976562,138.0,6.4266510009765625,1,0,0
south-carolina_vs_alabama_20250108,2025-01-08,south-carolina,Alabama,2025,156.0,153.66556,2.334442138671875,157.0,-3.334442138671875,0,0,1
south-carolina_vs_auburn_20250111,2025-01-11,south-carolina,Auburn,2025,129.0,142.70659,13.706588745117188,146.0,-3.2934112548828125,0,0,1
south-carolina_vs_florida_20250122,2025-01-22,south-carolina,Florida,2025,139.0,144.67024,5.6702423095703125,146.5,-1.8297576904296875,0,0,1
south-carolina_vs_mississippi state_20250125,2025-01-25,south-carolina,Mississippi State,2025,125.0,140.89346,15.893463134765625,139.0,1.893463134765625,1,0,0
south-carolina_vs_texas a&m_20250201,2025-02-01,south-carolina,Texas A&M,2025,148.0,136.42116,11.578842163085938,134.5,1.9211578369140625,1,1,1
south-carolina_vs_texas_20250222,2025-02-22,south-carolina,Texas,2025,153.0,138.28688,14.713119506835938,140.5,-2.2131195068359375,0,1,0
south-carolina_vs_arkansas_20250301,2025-03-01,south-carolina,Arkansas,2025,125.0,141.50935,16.509353637695312,140.0,1.5093536376953125,1,0,0
south-carolina_vs_georgia_20250304,2025-03-04,south-carolina,Georgia,2025,137.0,138.62991,1.629913330078125,138.5,0.129913330078125,1,0,0
south-carolina-state_vs_samford_20241205,2024-12-05,south-carolina-state,Samford,2025,169.0,160.13666,8.86334228515625,157.0,3.13665771484375,1,1,1
south-carolina-state_vs_charleston southern_20241209,2024-12-09,south-carolina-state,Charleston Southern,2025,145.0,147.33998,2.3399810791015625,144.5,2.8399810791015625,1,1,1
south-carolina-state_vs_delaware state_20250111,2025-01-11,south-carolina-state,Delaware State,2025,151.0,143.9531,7.046905517578125,149.5,-5.546905517578125,0,1,0
south-carolina-state_vs_maryland eastern shore_20250113,2025-01-13,south-carolina-state,Maryland Eastern Shore,2025,142.0,146.74545,4.745452880859375,145.5,1.245452880859375,1,0,0
south-carolina-state_vs_morgan state_20250215,2025-02-15,south-carolina-state,Morgan State,2025,152.0,156.85231,4.8523101806640625,158.0,-1.1476898193359375,0,0,1
south-carolina-state_vs_coppin state_20250217,2025-02-17,south-carolina-state,Coppin State,2025,144.0,139.58386,4.4161376953125,141.5,-1.9161376953125,0,1,0
south-carolina-state_vs_norfolk state_20250301,2025-03-01,south-carolina-state,Norfolk State,2025,179.0,149.52927,29.470733642578125,147.5,2.029266357421875,1,1,1
south-carolina-state_vs_howard_20250303,2025-03-03,south-carolina-state,Howard,2025,148.0,154.67165,6.6716461181640625,156.5,-1.8283538818359375,0,0,1
south-carolina-state_vs_north carolina central_20250306,2025-03-06,south-carolina-state,North Carolina Central,2025,158.0,151.96375,6.0362548828125,153.0,-1.0362548828125,0,1,0
south-carolina-upstate_vs_unc wilmington_20241115,2024-11-15,south-carolina-upstate,UNC Wilmington,2025,174.0,159.81552,14.184478759765625,157.5,2.315521240234375,1,1,1
south-carolina-upstate_vs_south carolina state_20241218,2024-12-18,south-carolina-upstate,South Carolina State,2025,155.0,149.80861,5.1913909912109375,154.0,-4.1913909912109375,0,1,0
south-carolina-upstate_vs_youngstown state_20241221,2024-12-21,south-carolina-upstate,Youngstown State,2025,136.0,149.47147,13.471466064453125,150.0,-0.528533935546875,0,0,1
south-carolina-upstate_vs_presbyterian_20250108,2025-01-08,south-carolina-upstate,Presbyterian,2025,144.0,148.52675,4.5267486572265625,148.0,0.5267486572265625,1,0,0
south-carolina-upstate_vs_radford_20250111,2025-01-11,south-carolina-upstate,Radford,2025,147.0,150.07335,3.0733489990234375,147.5,2.5733489990234375,1,0,0
south-carolina-upstate_vs_high point_20250122,2025-01-22,south-carolina-upstate,High Point,2025,163.0,150.0835,12.91650390625,161.5,-11.41650390625,0,1,0
south-carolina-upstate_vs_charleston southern_20250129,2025-01-29,south-carolina-upstate,Charleston Southern,2025,157.0,154.64058,2.3594207763671875,152.0,2.6405792236328125,1,1,1
south-carolina-upstate_vs_winthrop_20250208,2025-02-08,south-carolina-upstate,Winthrop,2025,200.0,159.28099,40.71900939941406,164.0,-4.7190093994140625,0,1,0
south-carolina-upstate_vs_unc asheville_20250212,2025-02-12,south-carolina-upstate,UNC Asheville,2025,177.0,159.63777,17.362228393554688,163.5,-3.8622283935546875,0,1,0
south-carolina-upstate_vs_gardner-webb_20250215,2025-02-15,south-carolina-upstate,Gardner-Webb,2025,183.0,155.72145,27.278549194335938,163.0,-7.2785491943359375,0,1,0
south-carolina-upstate_vs_longwood_20250301,2025-03-01,south-carolina-upstate,Longwood,2025,149.0,154.9456,5.9456024169921875,161.0,-6.0543975830078125,0,0,1
south-dakota_vs_texas a&mâcommerce_20241106,2024-11-06,south-dakota,Texas A&MâCommerce,2025,174.0,159.51503,14.484970092773438,,,0,0,1
south-dakota_vs_idaho state_20241204,2024-12-04,south-dakota,Idaho State,2025,174.0,149.16548,24.834518432617188,152.5,-3.3345184326171875,0,1,0
south-dakota_vs_wyoming_20241210,2024-12-10,south-dakota,Wyoming,2025,163.0,155.73271,7.2672882080078125,156.0,-0.2672882080078125,0,1,0
south-dakota_vs_western illinois_20241214,2024-12-14,south-dakota,Western Illinois,2025,155.0,148.34328,6.6567230224609375,153.5,-5.1567230224609375,0,1,0
south-dakota_vs_denver_20250104,2025-01-04,south-dakota,Denver,2025,175.0,155.72568,19.274322509765625,163.5,-7.774322509765625,0,1,0
south-dakota_vs_oral roberts_20250116,2025-01-16,south-dakota,Oral Roberts,2025,174.0,158.80469,15.1953125,172.0,-13.1953125,0,1,0
south-dakota_vs_north dakota state_20250118,2025-01-18,south-dakota,North Dakota State,2025,180.0,154.271,25.72900390625,169.5,-15.22900390625,0,1,0
south-dakota_vs_omaha_20250129,2025-01-29,south-dakota,Omaha,2025,178.0,156.3856,21.614395141601562,169.5,-13.114395141601562,0,1,0
south-dakota_vs_kansas city_20250213,2025-02-13,south-dakota,Kansas City,2025,151.0,151.79288,0.792877197265625,158.0,-6.207122802734375,0,0,1
south-dakota_vs_south dakota state_20250216,2025-02-16,south-dakota,South Dakota State,2025,185.0,160.21371,24.786285400390625,175.5,-15.286285400390625,0,1,0
south-dakota_vs_st. thomas_20250219,2025-02-19,south-dakota,St. Thomas,2025,165.0,158.43597,6.56402587890625,175.5,-17.06402587890625,0,0,1
south-dakota_vs_north dakota_20250301,2025-03-01,south-dakota,North Dakota,2025,171.0,161.17685,9.823150634765625,175.5,-14.323150634765625,0,0,1
south-dakota-state_vs_southern mississippi_20241120,2024-11-20,south-dakota-state,Southern Mississippi,2025,177.0,155.3595,21.6405029296875,153.0,2.3594970703125,1,1,1
south-dakota-state_vs_eastern washington_20241207,2024-12-07,south-dakota-state,Eastern Washington,2025,127.0,149.47177,22.471771240234375,154.5,-5.028228759765625,0,0,1
south-dakota-state_vs_denver_20250102,2025-01-02,south-dakota-state,Denver,2025,161.0,151.2049,9.79510498046875,149.5,1.70489501953125,1,1,1
south-dakota-state_vs_north dakota_20250116,2025-01-16,south-dakota-state,North Dakota,2025,182.0,153.27354,28.726455688476562,157.5,-4.2264556884765625,0,1,0
south-dakota-state_vs_oral roberts_20250118,2025-01-18,south-dakota-state,Oral Roberts,2025,154.0,151.87917,2.1208343505859375,158.5,-6.6208343505859375,0,0,1
south-dakota-state_vs_south dakota_20250125,2025-01-25,south-dakota-state,South Dakota,2025,161.0,156.25047,4.7495269775390625,172.5,-16.249526977539062,0,0,1
south-dakota-state_vs_st. thomas_20250206,2025-02-06,south-dakota-state,St. Thomas,2025,188.0,152.40413,35.59587097167969,153.0,-0.5958709716796875,0,1,0
south-dakota-state_vs_omaha_20250213,2025-02-13,south-dakota-state,Omaha,2025,183.0,150.16882,32.8311767578125,155.0,-4.8311767578125,0,1,0
south-dakota-state_vs_north dakota state_20250219,2025-02-19,south-dakota-state,North Dakota State,2025,145.0,151.77333,6.7733306884765625,157.5,-5.7266693115234375,0,0,1
south-dakota-state_vs_kansas city_20250223,2025-02-23,south-dakota-state,Kansas City,2025,135.0,147.23233,12.232330322265625,146.5,0.732330322265625,1,0,0
southeastern-louisiana_vs_texas a&mâcorpus christi_20250104,2025-01-04,southeastern-louisiana,Texas A&MâCorpus Christi,2025,151.0,142.21808,8.78192138671875,,,0,0,1
southeastern-louisiana_vs_incarnate word_20250125,2025-01-25,southeastern-louisiana,Incarnate Word,2025,149.0,139.88321,9.116790771484375,140.5,-0.616790771484375,0,1,0
southeastern-louisiana_vs_new orleans_20250201,2025-02-01,southeastern-louisiana,New Orleans,2025,144.0,144.96425,0.9642486572265625,144.5,0.4642486572265625,1,0,0
southeastern-louisiana_vs_lamar_20250203,2025-02-03,southeastern-louisiana,Lamar,2025,160.0,138.53058,21.46942138671875,134.0,4.53057861328125,1,1,1
southeastern-louisiana_vs_mcneese state_20250217,2025-02-17,southeastern-louisiana,McNeese State,2025,170.0,136.44287,33.55712890625,139.5,-3.05712890625,0,1,0
southeastern-louisiana_vs_texas a&mâcommerce_20250222,2025-02-22,southeastern-louisiana,Texas A&MâCommerce,2025,148.0,142.78235,5.2176513671875,,,0,0,1
southeastern-louisiana_vs_northwestern state_20250224,2025-02-24,southeastern-louisiana,Northwestern State,2025,141.0,138.47775,2.522247314453125,137.0,1.477752685546875,1,1,1
southeast-missouri-state_vs_chattanooga_20241117,2024-11-17,southeast-missouri-state,Chattanooga,2025,169.0,147.11667,21.883331298828125,145.5,1.616668701171875,1,1,1
southeast-missouri-state_vs_kansas city_20241130,2024-11-30,southeast-missouri-state,Kansas City,2025,139.0,146.5746,7.5746002197265625,138.0,8.574600219726562,1,1,1
southeast-missouri-state_vs_eastern illinois_20241219,2024-12-19,southeast-missouri-state,Eastern Illinois,2025,151.0,147.6303,3.3697052001953125,140.5,7.1302947998046875,1,1,1
southeast-missouri-state_vs_siu edwardsville_20241221,2024-12-21,southeast-missouri-state,SIU Edwardsville,2025,144.0,145.82959,1.82958984375,140.5,5.32958984375,1,1,1
southeast-missouri-state_vs_southern indiana_20250109,2025-01-09,southeast-missouri-state,Southern Indiana,2025,143.0,143.93216,0.932159423828125,141.5,2.432159423828125,1,1,1
southeast-missouri-state_vs_morehead state_20250111,2025-01-11,southeast-missouri-state,Morehead State,2025,123.0,140.42517,17.4251708984375,137.0,3.4251708984375,1,0,0
southeast-missouri-state_vs_little rock_20250114,2025-01-14,southeast-missouri-state,Little Rock,2025,144.0,135.5899,8.41009521484375,136.0,-0.41009521484375,0,1,0
southeast-missouri-state_vs_ut martin_20250130,2025-01-30,southeast-missouri-state,UT Martin,2025,169.0,149.62306,19.376937866210938,142.0,7.6230621337890625,1,1,1
southeast-missouri-state_vs_tennessee state_20250201,2025-02-01,southeast-missouri-state,Tennessee State,2025,176.0,150.72583,25.274169921875,150.0,0.725830078125,1,1,1
southeast-missouri-state_vs_western illinois_20250220,2025-02-20,southeast-missouri-state,Western Illinois,2025,153.0,135.56894,17.431060791015625,138.0,-2.431060791015625,0,1,0
southeast-missouri-state_vs_lindenwood_20250222,2025-02-22,southeast-missouri-state,Lindenwood,2025,132.0,145.19536,13.195358276367188,145.5,-0.3046417236328125,0,0,1
southeast-missouri-state_vs_siu edwardsville_20250308,2025-03-08,southeast-missouri-state,SIU Edwardsville,2025,117.0,143.43481,26.434814453125,136.0,7.434814453125,1,0,0
southern_vs_florida a&m_20250111,2025-01-11,southern,Florida A&M,2025,148.0,144.0329,3.96710205078125,137.5,6.53289794921875,1,1,1
southern_vs_bethune-cookman_20250113,2025-01-13,southern,Bethune-Cookman,2025,122.0,138.38187,16.381866455078125,137.5,0.881866455078125,1,0,0
southern_vs_alcorn state_20250201,2025-02-01,southern,Alcorn State,2025,143.0,135.64276,7.35723876953125,132.5,3.14276123046875,1,1,1
southern_vs_jackson state_20250203,2025-02-03,southern,Jackson State,2025,180.0,142.855,37.14500427246094,138.5,4.3549957275390625,1,1,1
southern_vs_texas southern_20250217,2025-02-17,southern,Texas Southern,2025,123.0,148.74687,25.746871948242188,143.5,5.2468719482421875,1,0,0
southern_vs_alabama state_20250306,2025-03-06,southern,Alabama State,2025,131.0,148.2378,17.23779296875,143.5,4.73779296875,1,0,0
southern_vs_alabama a&m_20250308,2025-03-08,southern,Alabama A&M,2025,128.0,151.7686,23.768600463867188,143.0,8.768600463867188,1,0,0
southern-california_vs_california_20241117,2024-11-17,southern-california,California,2025,137.0,152.191,15.190994262695312,153.5,-1.3090057373046875,0,0,1
southern-california_vs_san jose state_20241120,2024-11-20,southern-california,San Jose State,2025,150.0,140.74306,9.256942749023438,140.5,0.2430572509765625,1,1,1
southern-california_vs_oregon_20241204,2024-12-04,southern-california,Oregon,2025,128.0,147.78749,19.787490844726562,148.5,-0.7125091552734375,0,0,1
southern-california_vs_montana state_20241215,2024-12-15,southern-california,Montana State,2025,152.0,140.97974,11.020263671875,142.5,-1.520263671875,0,1,0
southern-california_vs_cal state northridge_20241218,2024-12-18,southern-california,Cal State Northridge,2025,159.0,149.63707,9.362930297851562,152.0,-2.3629302978515625,0,1,0
southern-california_vs_southern_20241222,2024-12-22,southern-california,Southern,2025,133.0,148.80597,15.80596923828125,144.0,4.80596923828125,1,0,0
southern-california_vs_michigan_20250104,2025-01-04,southern-california,Michigan,2025,159.0,148.6754,10.324600219726562,151.5,-2.8246002197265625,0,1,0
southern-california_vs_iowa_20250114,2025-01-14,southern-california,Iowa,2025,188.0,155.95302,32.04698181152344,161.5,-5.5469818115234375,0,1,0
southern-california_vs_wisconsin_20250118,2025-01-18,southern-california,Wisconsin,2025,153.0,148.19742,4.802581787109375,151.0,-2.802581787109375,0,1,0
southern-california_vs_ucla_20250127,2025-01-27,southern-california,UCLA,2025,158.0,139.94185,18.058151245117188,138.5,1.4418487548828125,1,1,1
southern-california_vs_michigan state_20250201,2025-02-01,southern-california,Michigan State,2025,134.0,153.1612,19.16119384765625,150.5,2.66119384765625,1,0,0
southern-california_vs_penn state_20250211,2025-02-11,southern-california,Penn State,2025,159.0,153.52757,5.4724273681640625,151.5,2.0275726318359375,1,1,1
southern-california_vs_minnesota_20250215,2025-02-15,southern-california,Minnesota,2025,135.0,138.9367,3.93670654296875,140.0,-1.06329345703125,0,0,1
southern-california_vs_ohio state_20250226,2025-02-26,southern-california,Ohio State,2025,169.0,149.6205,19.379501342773438,150.5,-0.8795013427734375,0,1,0
southern-california_vs_washington_20250305,2025-03-05,southern-california,Washington,2025,153.0,145.17606,7.823944091796875,148.5,-3.323944091796875,0,1,0
southern-california_vs_tulane_20250401,2025-04-01,southern-california,Tulane,2025,149.0,144.79305,4.2069549560546875,,,0,0,1
southern-california_vs_villanova_20250403,2025-04-03,southern-california,Villanova,2025,119.0,138.22878,19.228775024414062,,,0,0,1
southern-illinois_vs_north dakota state_20241118,2024-11-18,southern-illinois,North Dakota State,2025,113.0,147.70636,34.70635986328125,151.5,-3.79364013671875,0,0,1
southern-illinois_vs_bradley_20241203,2024-12-03,southern-illinois,Bradley,2025,143.0,144.8886,1.8885955810546875,147.5,-2.6114044189453125,0,0,1
southern-illinois_vs_southern indiana_20241207,2024-12-07,southern-illinois,Southern Indiana,2025,143.0,149.33768,6.337677001953125,146.5,2.837677001953125,1,0,0
southern-illinois_vs_high point_20241221,2024-12-21,southern-illinois,High Point,2025,175.0,142.50278,32.497222900390625,146.5,-3.997222900390625,0,1,0
southern-illinois_vs_evansville_20250101,2025-01-01,southern-illinois,Evansville,2025,121.0,142.08427,21.084274291992188,138.5,3.5842742919921875,1,0,0
southern-illinois_vs_missouri state_20250111,2025-01-11,southern-illinois,Missouri State,2025,166.0,140.58568,25.414321899414062,135.5,5.0856781005859375,1,1,1
southern-illinois_vs_northern iowa_20250118,2025-01-18,southern-illinois,Northern Iowa,2025,122.0,144.4718,22.4718017578125,143.0,1.4718017578125,1,0,0
southern-illinois_vs_murray state_20250122,2025-01-22,southern-illinois,Murray State,2025,138.0,140.59923,2.5992279052734375,137.5,3.0992279052734375,1,1,1
southern-illinois_vs_drake_20250201,2025-02-01,southern-illinois,Drake,2025,140.0,132.08653,7.9134674072265625,127.5,4.5865325927734375,1,1,1
southern-illinois_vs_illinoisâchicago_20250208,2025-02-08,southern-illinois,IllinoisâChicago,2025,146.0,150.66815,4.66815185546875,152.0,-1.33184814453125,0,0,1
southern-illinois_vs_belmont_20250215,2025-02-15,southern-illinois,Belmont,2025,141.0,153.11647,12.116470336914062,159.5,-6.3835296630859375,0,0,1
southern-illinois_vs_murray state_20250219,2025-02-19,southern-illinois,Murray State,2025,122.0,139.32353,17.323532104492188,,,0,0,1
southern-illinois_vs_valparaiso_20250222,2025-02-22,southern-illinois,Valparaiso,2025,162.0,146.47418,15.52581787109375,147.5,-1.02581787109375,0,1,0
southern-illinois_vs_illinois state_20250225,2025-02-25,southern-illinois,Illinois State,2025,167.0,140.75015,26.249847412109375,145.5,-4.749847412109375,0,1,0
southern-illinois-edwardsville_vs_north florida_20241129,2024-11-29,southern-illinois-edwardsville,North Florida,2025,151.0,152.41652,1.4165191650390625,149.5,2.9165191650390625,1,1,1
southern-illinois-edwardsville_vs_ball state_20241208,2024-12-08,southern-illinois-edwardsville,Ball State,2025,151.0,143.90579,7.094207763671875,137.5,6.405792236328125,1,1,1
southern-illinois-edwardsville_vs_western illinois_20250102,2025-01-02,southern-illinois-edwardsville,Western Illinois,2025,143.0,136.49518,6.50482177734375,134.0,2.49517822265625,1,1,1
southern-illinois-edwardsville_vs_lindenwood_20250104,2025-01-04,southern-illinois-edwardsville,Lindenwood,2025,105.0,141.82085,36.82084655761719,138.5,3.3208465576171875,1,0,0
southern-illinois-edwardsville_vs_southern indiana_20250123,2025-01-23,southern-illinois-edwardsville,Southern Indiana,2025,158.0,144.26762,13.732376098632812,137.0,7.2676239013671875,1,1,1
southern-illinois-edwardsville_vs_morehead state_20250125,2025-01-25,southern-illinois-edwardsville,Morehead State,2025,119.0,137.69705,18.697052001953125,130.0,7.697052001953125,1,0,0
southern-illinois-edwardsville_vs_eastern illinois_20250204,2025-02-04,southern-illinois-edwardsville,Eastern Illinois,2025,107.0,137.407,30.406997680664062,132.0,5.4069976806640625,1,0,0
southern-illinois-edwardsville_vs_ut martin_20250213,2025-02-13,southern-illinois-edwardsville,UT Martin,2025,147.0,148.57457,1.5745697021484375,137.0,11.574569702148438,1,1,1
southern-illinois-edwardsville_vs_tennessee state_20250215,2025-02-15,southern-illinois-edwardsville,Tennessee State,2025,156.0,150.76324,5.23675537109375,145.0,5.76324462890625,1,1,1
southern-illinois-edwardsville_vs_southeast missouri state_20250227,2025-02-27,southern-illinois-edwardsville,Southeast Missouri State,2025,151.0,140.83844,10.16156005859375,140.5,0.33843994140625,1,1,1
southern-illinois-edwardsville_vs_little rock_20250301,2025-03-01,southern-illinois-edwardsville,Little Rock,2025,138.0,135.33627,2.663726806640625,136.0,-0.663726806640625,0,1,0
southern-illinois-edwardsville_vs_tennessee state_20250307,2025-03-07,southern-illinois-edwardsville,Tennessee State,2025,140.0,146.83116,6.8311614990234375,141.5,5.3311614990234375,1,0,0
southern-indiana_vs_south dakota_20241122,2024-11-22,southern-indiana,South Dakota,2025,175.0,152.94998,22.050018310546875,154.0,-1.050018310546875,0,1,0
southern-indiana_vs_indiana state_20241125,2024-11-25,southern-indiana,Indiana State,2025,164.0,153.38243,10.617568969726562,152.0,1.3824310302734375,1,1,1
southern-indiana_vs_tennessee state_20241219,2024-12-19,southern-indiana,Tennessee State,2025,152.0,157.38939,5.3893890380859375,151.5,5.8893890380859375,1,1,1
southern-indiana_vs_ut martin_20241221,2024-12-21,southern-indiana,UT Martin,2025,123.0,153.82101,30.821014404296875,143.5,10.321014404296875,1,0,0
southern-indiana_vs_morehead state_20241231,2024-12-31,southern-indiana,Morehead State,2025,138.0,146.44283,8.442825317382812,138.5,7.9428253173828125,1,0,0
southern-indiana_vs_lindenwood_20250116,2025-01-16,southern-indiana,Lindenwood,2025,153.0,144.28615,8.713851928710938,142.5,1.7861480712890625,1,1,1
southern-indiana_vs_western illinois_20250118,2025-01-18,southern-indiana,Western Illinois,2025,144.0,139.1386,4.8614044189453125,135.0,4.1385955810546875,1,1,1
southern-indiana_vs_little rock_20250206,2025-02-06,southern-indiana,Little Rock,2025,130.0,135.6801,5.6800994873046875,136.0,-0.3199005126953125,0,0,1
southern-indiana_vs_southeast missouri state_20250208,2025-02-08,southern-indiana,Southeast Missouri State,2025,153.0,145.34373,7.6562652587890625,142.0,3.3437347412109375,1,1,1
southern-indiana_vs_eastern illinois_20250220,2025-02-20,southern-indiana,Eastern Illinois,2025,117.0,139.54475,22.544754028320312,136.5,3.0447540283203125,1,0,0
southern-indiana_vs_siu edwardsville_20250222,2025-02-22,southern-indiana,SIU Edwardsville,2025,150.0,142.71599,7.2840118408203125,140.5,2.2159881591796875,1,1,1
southern-methodist_vs_mississippi state_20241122,2024-11-22,southern-methodist,Mississippi State,2025,163.0,157.03883,5.9611663818359375,157.5,-0.4611663818359375,0,1,0
southern-methodist_vs_washington state_20241127,2024-11-27,southern-methodist,Washington State,2025,137.0,157.56714,20.567138671875,160.5,-2.932861328125,0,0,1
southern-methodist_vs_alabama state_20241203,2024-12-03,southern-methodist,Alabama State,2025,173.0,155.14389,17.856109619140625,156.0,-0.856109619140625,0,1,0
southern-methodist_vs_virginia_20241207,2024-12-07,southern-methodist,Virginia,2025,114.0,138.183,24.182998657226562,135.5,2.6829986572265625,1,0,0
southern-methodist_vs_longwood_20241229,2024-12-29,southern-methodist,Longwood,2025,180.0,151.05281,28.947189331054688,153.5,-2.4471893310546875,0,1,0
southern-methodist_vs_duke_20250104,2025-01-04,southern-methodist,Duke,2025,151.0,143.473,7.5269927978515625,148.5,-5.0269927978515625,0,1,0
southern-methodist_vs_georgia tech_20250111,2025-01-11,southern-methodist,Georgia Tech,2025,164.0,152.59685,11.403152465820312,154.5,-1.9031524658203125,0,1,0
southern-methodist_vs_louisville_20250121,2025-01-21,southern-methodist,Louisville,2025,171.0,151.46004,19.539962768554688,158.5,-7.0399627685546875,0,1,0
southern-methodist_vs_california_20250129,2025-01-29,southern-methodist,California,2025,141.0,152.7197,11.719696044921875,151.5,1.219696044921875,1,0,0
southern-methodist_vs_stanford_20250201,2025-02-01,southern-methodist,Stanford,2025,146.0,146.72171,0.721710205078125,149.5,-2.778289794921875,0,0,1
southern-methodist_vs_pittsburgh_20250211,2025-02-11,southern-methodist,Pittsburgh,2025,146.0,146.64902,0.649017333984375,149.5,-2.850982666015625,0,0,1
southern-methodist_vs_wake forest_20250215,2025-02-15,southern-methodist,Wake Forest,2025,143.0,141.30792,1.69207763671875,144.5,-3.19207763671875,0,0,1
southern-methodist_vs_clemson_20250222,2025-02-22,southern-methodist,Clemson,2025,148.0,146.05634,1.94366455078125,146.5,-0.44366455078125,0,1,0
southern-methodist_vs_syracuse_20250304,2025-03-04,southern-methodist,Syracuse,2025,152.0,155.79355,3.793548583984375,153.5,2.293548583984375,1,0,0
southern-methodist_vs_syracuse_20250312,2025-03-12,southern-methodist,Syracuse,2025,126.0,151.41151,25.411514282226562,150.0,1.4115142822265625,1,0,0
southern-methodist_vs_northern iowa_20250319,2025-03-19,southern-methodist,Northern Iowa,2025,136.0,138.72961,2.7296142578125,147.5,-8.7703857421875,0,0,1
southern-methodist_vs_oklahoma state_20250323,2025-03-23,southern-methodist,Oklahoma State,2025,168.0,147.37715,20.622848510742188,155.5,-8.122848510742188,0,1,0
southern-mississippi_vs_milwaukee_20241130,2024-11-30,southern-mississippi,Milwaukee,2025,131.0,160.29729,29.297286987304688,156.5,3.7972869873046875,1,0,0
southern-mississippi_vs_alabama state_20241205,2024-12-05,southern-mississippi,Alabama State,2025,145.0,155.40445,10.404449462890625,148.5,6.904449462890625,1,0,0
southern-mississippi_vs_lamar_20241217,2024-12-17,southern-mississippi,Lamar,2025,134.0,150.23207,16.232070922851562,138.0,12.232070922851562,1,0,0
southern-mississippi_vs_marshall_20241221,2024-12-21,southern-mississippi,Marshall,2025,134.0,149.88922,15.88922119140625,144.5,5.38922119140625,1,0,0
southern-mississippi_vs_louisianaâmonroe_20250109,2025-01-09,southern-mississippi,LouisianaâMonroe,2025,151.0,145.67368,5.326324462890625,142.0,3.673675537109375,1,1,1
southern-mississippi_vs_texas state_20250111,2025-01-11,southern-mississippi,Texas State,2025,180.0,147.0726,32.927398681640625,144.5,2.572601318359375,1,1,1
southern-mississippi_vs_arkansas state_20250129,2025-01-29,southern-mississippi,Arkansas State,2025,149.0,151.0699,2.0699005126953125,152.5,-1.4300994873046875,0,0,1
southern-mississippi_vs_georgia southern_20250201,2025-02-01,southern-mississippi,Georgia Southern,2025,140.0,153.63094,13.630935668945312,152.5,1.1309356689453125,1,0,0
southern-mississippi_vs_coastal carolina_20250220,2025-02-20,southern-mississippi,Coastal Carolina,2025,165.0,136.74596,28.254043579101562,138.5,-1.7540435791015625,0,1,0
southern-mississippi_vs_louisiana_20250222,2025-02-22,southern-mississippi,Louisiana,2025,122.0,147.08781,25.087814331054688,148.5,-1.4121856689453125,0,0,1
southern-mississippi_vs_south alabama_20250226,2025-02-26,southern-mississippi,South Alabama,2025,170.0,138.51338,31.486618041992188,138.5,0.0133819580078125,1,1,1
southern-mississippi_vs_troy_20250228,2025-02-28,southern-mississippi,Troy,2025,128.0,141.98581,13.985809326171875,144.0,-2.014190673828125,0,0,1
southern-utah_vs_omaha_20241116,2024-11-16,southern-utah,Omaha,2025,152.0,152.8263,0.8262939453125,155.5,-2.6737060546875,0,0,1
southern-utah_vs_cal state bakersfield_20241130,2024-11-30,southern-utah,Cal State Bakersfield,2025,138.0,150.79897,12.798965454101562,139.0,11.798965454101562,1,0,0
southern-utah_vs_northern arizona_20241221,2024-12-21,southern-utah,Northern Arizona,2025,158.0,152.28307,5.7169342041015625,152.0,0.2830657958984375,1,1,1
southern-utah_vs_tarleton state_20250109,2025-01-09,southern-utah,Tarleton State,2025,140.0,143.68762,3.6876220703125,136.5,7.1876220703125,1,1,1
southern-utah_vs_ut arlington_20250111,2025-01-11,southern-utah,UT Arlington,2025,141.0,153.03108,12.031082153320312,155.5,-2.4689178466796875,0,0,1
southern-utah_vs_grand canyon_20250123,2025-01-23,southern-utah,Grand Canyon,2025,133.0,149.0166,16.0166015625,152.5,-3.4833984375,0,0,1
southern-utah_vs_california baptist_20250125,2025-01-25,southern-utah,California Baptist,2025,136.0,149.17201,13.172012329101562,143.0,6.1720123291015625,1,0,0
southern-utah_vs_abilene christian_20250208,2025-02-08,southern-utah,Abilene Christian,2025,154.0,141.15266,12.847335815429688,137.5,3.6526641845703125,1,1,1
southern-utah_vs_utah tech_20250213,2025-02-13,southern-utah,Utah Tech,2025,150.0,146.41339,3.58660888671875,144.0,2.41339111328125,1,1,1
southern-utah_vs_utah valley_20250215,2025-02-15,southern-utah,Utah Valley,2025,138.0,145.3505,7.350494384765625,143.0,2.350494384765625,1,0,0
southern-utah_vs_seattle_20250306,2025-03-06,southern-utah,Seattle,2025,101.0,142.34016,41.34016418457031,139.5,2.8401641845703125,1,0,0
south-florida_vs_west georgia_20241115,2024-11-15,south-florida,West Georgia,2025,129.0,150.5732,21.573196411132812,154.0,-3.4268035888671875,0,0,1
south-florida_vs_wright state_20241124,2024-11-24,south-florida,Wright State,2025,145.0,148.27557,3.27557373046875,153.5,-5.22442626953125,0,0,1
south-florida_vs_stetson_20241203,2024-12-03,south-florida,Stetson,2025,146.0,149.316,3.3159942626953125,153.5,-4.1840057373046875,0,0,1
south-florida_vs_bethune-cookman_20241218,2024-12-18,south-florida,Bethune-Cookman,2025,146.0,144.05626,1.9437408447265625,148.0,-3.9437408447265625,0,0,1
south-florida_vs_texas a&mâcommerce_20241221,2024-12-21,south-florida,Texas A&MâCommerce,2025,150.0,146.15413,3.8458709716796875,,,0,0,1
south-florida_vs_east carolina_20241231,2024-12-31,south-florida,East Carolina,2025,144.0,149.47458,5.474578857421875,143.5,5.974578857421875,1,1,1
south-florida_vs_uab_20250115,2025-01-15,south-florida,UAB,2025,175.0,157.5524,17.447601318359375,157.5,0.052398681640625,1,1,1
south-florida_vs_tulsa_20250118,2025-01-18,south-florida,Tulsa,2025,119.0,152.54451,33.54450988769531,148.0,4.5445098876953125,1,0,0
south-florida_vs_rice_20250128,2025-01-28,south-florida,Rice,2025,133.0,139.94992,6.949920654296875,143.0,-3.050079345703125,0,0,1
south-florida_vs_temple_20250206,2025-02-06,south-florida,Temple,2025,191.0,151.83115,39.168853759765625,151.5,0.331146240234375,1,1,1
south-florida_vs_wichita state_20250209,2025-02-09,south-florida,Wichita State,2025,145.0,150.17468,5.1746826171875,147.5,2.6746826171875,1,0,0
south-florida_vs_memphis_20250213,2025-02-13,south-florida,Memphis,2025,145.0,149.14784,4.1478424072265625,151.5,-2.3521575927734375,0,0,1
south-florida_vs_north texas_20250223,2025-02-23,south-florida,North Texas,2025,121.0,133.30397,12.303970336914062,130.5,2.8039703369140625,1,0,0
south-florida_vs_florida atlantic_20250302,2025-03-02,south-florida,Florida Atlantic,2025,132.0,153.68039,21.680389404296875,154.0,-0.319610595703125,0,0,1
south-florida_vs_wichita state_20250313,2025-03-13,south-florida,Wichita State,2025,141.0,145.39853,4.398529052734375,144.5,0.898529052734375,1,0,0
stanford_vs_uc davis_20241117,2024-11-17,stanford,UC Davis,2025,144.0,143.67355,0.326446533203125,148.0,-4.326446533203125,0,0,1
stanford_vs_norfolk state_20241120,2024-11-20,stanford,Norfolk State,2025,133.0,145.03401,12.034011840820312,142.5,2.5340118408203125,1,0,0
stanford_vs_cal poly_20241130,2024-11-30,stanford,Cal Poly,2025,187.0,150.8209,36.17909240722656,155.0,-4.1790924072265625,0,1,0
stanford_vs_utah valley_20241203,2024-12-03,stanford,Utah Valley,2025,140.0,141.92244,1.9224395751953125,141.0,0.9224395751953125,1,0,0
stanford_vs_merrimack_20241217,2024-12-17,stanford,Merrimack,2025,142.0,134.70726,7.2927398681640625,135.5,-0.7927398681640625,0,1,0
stanford_vs_virginia tech_20250108,2025-01-08,stanford,Virginia Tech,2025,129.0,142.3154,13.315399169921875,142.5,-0.184600830078125,0,0,1
stanford_vs_virginia_20250111,2025-01-11,stanford,Virginia,2025,153.0,130.07663,22.923370361328125,125.5,4.576629638671875,1,1,1
stanford_vs_miami (fl)_20250122,2025-01-22,stanford,Miami (FL),2025,139.0,147.24205,8.242050170898438,150.0,-2.7579498291015625,0,0,1
stanford_vs_florida state_20250125,2025-01-25,stanford,Florida State,2025,149.0,148.0451,0.95489501953125,147.5,0.54510498046875,1,1,1
stanford_vs_syracuse_20250129,2025-01-29,stanford,Syracuse,2025,131.0,150.01158,19.011581420898438,147.0,3.0115814208984375,1,0,0
stanford_vs_wake forest_20250205,2025-02-05,stanford,Wake Forest,2025,152.0,136.87581,15.124191284179688,138.5,-1.6241912841796875,0,1,0
stanford_vs_nc state_20250208,2025-02-08,stanford,NC State,2025,147.0,137.64848,9.351516723632812,139.5,-1.8515167236328125,0,1,0
stanford_vs_california_20250222,2025-02-22,stanford,California,2025,127.0,149.42775,22.427749633789062,147.5,1.9277496337890625,1,0,0
stanford_vs_boston college_20250226,2025-02-26,stanford,Boston College,2025,138.0,142.58163,4.581634521484375,142.0,0.581634521484375,1,0,0
stanford_vs_smu_20250301,2025-03-01,stanford,SMU,2025,141.0,145.56696,4.56695556640625,150.5,-4.93304443359375,0,0,1
stanford_vs_cal state northridge_20250318,2025-03-18,stanford,Cal State Northridge,2025,157.0,151.5052,5.4947967529296875,157.5,-5.9947967529296875,0,0,1
stanford_vs_kent state_20250323,2025-03-23,stanford,Kent State,2025,152.0,137.48976,14.510238647460938,143.0,-5.5102386474609375,0,1,0
st-bonaventure_vs_le moyne_20241116,2024-11-16,st-bonaventure,Le Moyne,2025,123.0,149.58229,26.582290649414062,146.0,3.5822906494140625,1,0,0
st-bonaventure_vs_bryant_20241124,2024-11-24,st-bonaventure,Bryant,2025,155.0,149.41708,5.582916259765625,149.5,-0.082916259765625,0,1,0
st-bonaventure_vs_utah state_20241128,2024-11-28,st-bonaventure,Utah State,2025,139.0,147.99434,8.994338989257812,148.5,-0.5056610107421875,0,0,1
st-bonaventure_vs_buffalo_20241207,2024-12-07,st-bonaventure,Buffalo,2025,120.0,148.25787,28.25787353515625,142.5,5.75787353515625,1,0,0
st-bonaventure_vs_niagara_20241221,2024-12-21,st-bonaventure,Niagara,2025,123.0,135.19948,12.199478149414062,129.5,5.6994781494140625,1,0,0
st-bonaventure_vs_vcu_20241231,2024-12-31,st-bonaventure,VCU,2025,152.0,133.9815,18.01849365234375,134.0,-0.01849365234375,0,1,0
st-bonaventure_vs_la salle_20250111,2025-01-11,st-bonaventure,La Salle,2025,165.0,142.44028,22.559722900390625,142.5,-0.059722900390625,0,1,0
st-bonaventure_vs_richmond_20250115,2025-01-15,st-bonaventure,Richmond,2025,112.0,138.01118,26.011184692382812,128.5,9.511184692382812,1,0,0
st-bonaventure_vs_george mason_20250121,2025-01-21,st-bonaventure,George Mason,2025,137.0,132.36484,4.635162353515625,125.0,7.364837646484375,1,1,1
st-bonaventure_vs_dayton_20250128,2025-01-28,st-bonaventure,Dayton,2025,128.0,137.64111,9.64111328125,135.0,2.64111328125,1,0,0
st-bonaventure_vs_fordham_20250201,2025-02-01,st-bonaventure,Fordham,2025,146.0,144.09505,1.9049530029296875,138.5,5.5950469970703125,1,1,1
st-bonaventure_vs_george washington_20250209,2025-02-09,st-bonaventure,George Washington,2025,114.0,137.03584,23.035842895507812,136.5,0.5358428955078125,1,0,0
st-bonaventure_vs_duquesne_20250222,2025-02-22,st-bonaventure,Duquesne,2025,133.0,134.30652,1.3065185546875,130.0,4.3065185546875,1,1,1
st-bonaventure_vs_massachusetts_20250305,2025-03-05,st-bonaventure,Massachusetts,2025,145.0,140.55576,4.444244384765625,140.0,0.555755615234375,1,1,1
st-bonaventure_vs_vcu_20250314,2025-03-14,st-bonaventure,VCU,2025,135.0,135.26106,0.2610626220703125,132.5,2.7610626220703125,1,1,1
st-bonaventure_vs_kent state_20250318,2025-03-18,st-bonaventure,Kent State,2025,131.0,135.13754,4.137542724609375,137.0,-1.862457275390625,0,0,1
stephen-f-austin_vs_presbyterian_20241121,2024-11-21,stephen-f-austin,Presbyterian,2025,113.0,136.94621,23.946212768554688,134.5,2.4462127685546875,1,0,0
stephen-f-austin_vs_monmouth_20241122,2024-11-22,stephen-f-austin,Monmouth,2025,139.0,143.29861,4.298614501953125,133.5,9.798614501953125,1,1,1
stephen-f-austin_vs_youngstown state_20241123,2024-11-23,stephen-f-austin,Youngstown State,2025,121.0,138.49536,17.495361328125,129.0,9.495361328125,1,0,0
stephen-f-austin_vs_incarnate word_20250104,2025-01-04,stephen-f-austin,Incarnate Word,2025,104.0,133.86517,29.86517333984375,131.5,2.36517333984375,1,0,0
stephen-f-austin_vs_southeastern louisiana_20250113,2025-01-13,stephen-f-austin,Southeastern Louisiana,2025,125.0,133.87103,8.87103271484375,132.5,1.37103271484375,1,0,0
stephen-f-austin_vs_northwestern state_20250125,2025-01-25,stephen-f-austin,Northwestern State,2025,111.0,131.19542,20.195419311523438,131.0,0.1954193115234375,1,0,0
stephen-f-austin_vs_texas a&mâcommerce_20250127,2025-01-27,stephen-f-austin,Texas A&MâCommerce,2025,151.0,129.98769,21.012313842773438,,,0,0,1
stephen-f-austin_vs_lamar_20250201,2025-02-01,stephen-f-austin,Lamar,2025,129.0,133.56529,4.5652923583984375,130.0,3.5652923583984375,1,0,0
stephen-f-austin_vs_texas a&mâcorpus christi_20250208,2025-02-08,stephen-f-austin,Texas A&MâCorpus Christi,2025,142.0,138.04266,3.95733642578125,,,0,0,1
stephen-f-austin_vs_mcneese state_20250303,2025-03-03,stephen-f-austin,McNeese State,2025,159.0,133.89381,25.106185913085938,137.5,-3.6061859130859375,0,1,0
stetson_vs_toledo_20241121,2024-11-21,stetson,Toledo,2025,181.0,150.21988,30.780120849609375,154.0,-3.780120849609375,0,1,0
stetson_vs_mercer_20241208,2024-12-08,stetson,Mercer,2025,172.0,155.12418,16.875823974609375,153.5,1.624176025390625,1,1,1
stetson_vs_florida international_20241214,2024-12-14,stetson,Florida International,2025,153.0,150.75348,2.24652099609375,147.5,3.25347900390625,1,1,1
stetson_vs_central arkansas_20250109,2025-01-09,stetson,Central Arkansas,2025,140.0,155.55963,15.55963134765625,146.0,9.55963134765625,1,0,0
stetson_vs_north alabama_20250111,2025-01-11,stetson,North Alabama,2025,156.0,148.25774,7.7422637939453125,151.5,-3.2422637939453125,0,1,0
stetson_vs_queens (nc)_20250116,2025-01-16,stetson,Queens (NC),2025,155.0,154.28297,0.7170257568359375,156.5,-2.2170257568359375,0,0,1
stetson_vs_west georgia_20250118,2025-01-18,stetson,West Georgia,2025,160.0,148.27061,11.729385375976562,147.0,1.2706146240234375,1,1,1
stetson_vs_jacksonville_20250206,2025-02-06,stetson,Jacksonville,2025,139.0,147.43817,8.43817138671875,145.0,2.43817138671875,1,0,0
stetson_vs_eastern kentucky_20250208,2025-02-08,stetson,Eastern Kentucky,2025,141.0,155.73651,14.73651123046875,154.0,1.73651123046875,1,0,0
stetson_vs_north florida_20250218,2025-02-18,stetson,North Florida,2025,150.0,160.21744,10.217437744140625,165.0,-4.782562255859375,0,0,1
stetson_vs_florida gulf coast_20250220,2025-02-20,stetson,Florida Gulf Coast,2025,163.0,147.44456,15.555435180664062,144.0,3.4445648193359375,1,1,1
stetson_vs_bellarmine_20250224,2025-02-24,stetson,Bellarmine,2025,136.0,149.0594,13.059402465820312,149.5,-0.4405975341796875,0,0,1
st-johns-ny_vs_new mexico_20241117,2024-11-17,st-johns-ny,New Mexico,2025,156.0,153.22583,2.774169921875,163.0,-9.774169921875,0,0,1
st-johns-ny_vs_virginia_20241122,2024-11-22,st-johns-ny,Virginia,2025,135.0,137.84892,2.8489227294921875,127.5,10.348922729492188,1,1,1
st-johns-ny_vs_harvard_20241130,2024-11-30,st-johns-ny,Harvard,2025,141.0,145.67332,4.6733245849609375,145.0,0.6733245849609375,1,0,0
st-johns-ny_vs_kansas state_20241207,2024-12-07,st-johns-ny,Kansas State,2025,159.0,149.41965,9.580352783203125,149.0,0.419647216796875,1,1,1
st-johns-ny_vs_bryant_20241211,2024-12-11,st-johns-ny,Bryant,2025,176.0,155.94424,20.055755615234375,159.5,-3.555755615234375,0,1,0
st-johns-ny_vs_depaul_20241217,2024-12-17,st-johns-ny,DePaul,2025,150.0,151.51646,1.5164642333984375,151.5,0.0164642333984375,1,0,0
st-johns-ny_vs_delaware_20241228,2024-12-28,st-johns-ny,Delaware,2025,173.0,153.99016,19.009841918945312,157.5,-3.5098419189453125,0,1,0
st-johns-ny_vs_butler_20250104,2025-01-04,st-johns-ny,Butler,2025,132.0,142.9153,10.915298461914062,148.0,-5.0847015380859375,0,0,1
st-johns-ny_vs_villanova_20250111,2025-01-11,st-johns-ny,Villanova,2025,148.0,143.95555,4.0444488525390625,145.5,-1.5444488525390625,0,1,0
st-johns-ny_vs_georgetown_20250114,2025-01-14,st-johns-ny,Georgetown,2025,121.0,143.20714,22.207138061523438,143.5,-0.2928619384765625,0,0,1
st-johns-ny_vs_xavier_20250122,2025-01-22,st-johns-ny,Xavier,2025,150.0,148.8502,1.1497955322265625,148.0,0.8502044677734375,1,1,1
st-johns-ny_vs_providence_20250201,2025-02-01,st-johns-ny,Providence,2025,134.0,141.1159,7.11590576171875,144.0,-2.88409423828125,0,0,1
st-johns-ny_vs_marquette_20250204,2025-02-04,st-johns-ny,Marquette,2025,134.0,147.45674,13.456741333007812,147.0,0.4567413330078125,1,0,0
st-johns-ny_vs_creighton_20250216,2025-02-16,st-johns-ny,Creighton,2025,152.0,144.71094,7.2890625,143.5,1.2109375,1,1,1
st-johns-ny_vs_connecticut_20250223,2025-02-23,st-johns-ny,Connecticut,2025,164.0,142.0798,21.920196533203125,141.0,1.079803466796875,1,1,1
st-johns-ny_vs_seton hall_20250301,2025-03-01,st-johns-ny,Seton Hall,2025,132.0,136.03185,4.0318450927734375,135.5,0.5318450927734375,1,0,0
stonehill_vs_bryant_20241121,2024-11-21,stonehill,Bryant,2025,133.0,155.24487,22.244873046875,152.5,2.744873046875,1,0,0
stonehill_vs_texas a&mâcommerce_20241125,2024-11-25,stonehill,Texas A&MâCommerce,2025,132.0,140.31976,8.31976318359375,,,0,0,1
stonehill_vs_quinnipiac_20241201,2024-12-01,stonehill,Quinnipiac,2025,162.0,144.22493,17.775070190429688,140.0,4.2249298095703125,1,1,1
stonehill_vs_new hampshire_20241222,2024-12-22,stonehill,New Hampshire,2025,173.0,138.46942,34.53057861328125,135.0,3.46942138671875,1,1,1
stonehill_vs_liu_20250110,2025-01-10,stonehill,LIU,2025,130.0,136.92096,6.92095947265625,131.5,5.42095947265625,1,0,0
stonehill_vs_chicago state_20250124,2025-01-24,stonehill,Chicago State,2025,148.0,136.35316,11.646835327148438,132.5,3.8531646728515625,1,1,1
stonehill_vs_wagner_20250130,2025-01-30,stonehill,Wagner,2025,134.0,131.16045,2.8395538330078125,121.0,10.160446166992188,1,1,1
stonehill_vs_central connecticut state_20250201,2025-02-01,stonehill,Central Connecticut State,2025,134.0,135.32732,1.3273162841796875,131.0,4.3273162841796875,1,1,1
stonehill_vs_saint francis (pa)_20250213,2025-02-13,stonehill,Saint Francis (PA),2025,153.0,141.3666,11.633407592773438,137.5,3.8665924072265625,1,1,1
stonehill_vs_mercyhurst_20250215,2025-02-15,stonehill,Mercyhurst,2025,158.0,134.2613,23.738693237304688,134.5,-0.2386932373046875,0,1,0
stonehill_vs_le moyne_20250301,2025-03-01,stonehill,Le Moyne,2025,164.0,143.9371,20.062896728515625,146.5,-2.562896728515625,0,1,0
stony-brook_vs_yale_20241120,2024-11-20,stony-brook,Yale,2025,150.0,144.65527,5.3447265625,141.0,3.6552734375,1,1,1
stony-brook_vs_norfolk state_20241201,2024-12-01,stony-brook,Norfolk State,2025,143.0,144.64189,1.6418914794921875,140.5,4.1418914794921875,1,1,1
stony-brook_vs_marist_20241217,2024-12-17,stony-brook,Marist,2025,134.0,139.96913,5.9691314697265625,134.5,5.4691314697265625,1,0,0
stony-brook_vs_maine_20241221,2024-12-21,stony-brook,Maine,2025,146.0,139.17795,6.822052001953125,137.5,1.677947998046875,1,1,1
stony-brook_vs_william & mary_20250104,2025-01-04,stony-brook,William & Mary,2025,159.0,149.72466,9.275344848632812,155.5,-5.7753448486328125,0,1,0
stony-brook_vs_drexel_20250109,2025-01-09,stony-brook,Drexel,2025,118.0,135.5009,17.500900268554688,132.5,3.0009002685546875,1,0,0
stony-brook_vs_northeastern_20250111,2025-01-11,stony-brook,Northeastern,2025,136.0,136.96327,0.9632720947265625,138.5,-1.5367279052734375,0,0,1
stony-brook_vs_campbell_20250123,2025-01-23,stony-brook,Campbell,2025,133.0,135.97487,2.9748687744140625,137.5,-1.5251312255859375,0,0,1
stony-brook_vs_north carolina a&t_20250125,2025-01-25,stony-brook,North Carolina A&T,2025,163.0,142.53818,20.461822509765625,146.0,-3.461822509765625,0,1,0
stony-brook_vs_towson_20250206,2025-02-06,stony-brook,Towson,2025,125.0,133.76152,8.761520385742188,129.5,4.2615203857421875,1,0,0
stony-brook_vs_monmouth_20250213,2025-02-13,stony-brook,Monmouth,2025,148.0,142.35603,5.6439666748046875,141.0,1.3560333251953125,1,1,1
stony-brook_vs_hofstra_20250227,2025-02-27,stony-brook,Hofstra,2025,115.0,133.60358,18.60357666015625,131.5,2.10357666015625,1,0,0
stony-brook_vs_elon_20250301,2025-03-01,stony-brook,Elon,2025,137.0,142.41664,5.4166412353515625,137.5,4.9166412353515625,1,0,0
st-thomas-mn_vs_wofford_20241122,2024-11-22,st-thomas-mn,Wofford,2025,154.0,150.75885,3.24114990234375,141.5,9.25885009765625,1,1,1
st-thomas-mn_vs_chicago state_20241202,2024-12-02,st-thomas-mn,Chicago State,2025,174.0,147.33223,26.667770385742188,140.5,6.8322296142578125,1,1,1
st-thomas-mn_vs_montana_20241207,2024-12-07,st-thomas-mn,Montana,2025,169.0,151.40143,17.59857177734375,145.5,5.90142822265625,1,1,1
st-thomas-mn_vs_south dakota state_20250108,2025-01-08,st-thomas-mn,South Dakota State,2025,145.0,155.47166,10.471664428710938,155.5,-0.0283355712890625,0,0,1
st-thomas-mn_vs_south dakota_20250111,2025-01-11,st-thomas-mn,South Dakota,2025,223.0,157.34584,65.65415954589844,167.0,-9.654159545898438,0,1,0
st-thomas-mn_vs_denver_20250118,2025-01-18,st-thomas-mn,Denver,2025,136.0,154.93407,18.934066772460938,152.5,2.4340667724609375,1,0,0
st-thomas-mn_vs_oral roberts_20250129,2025-01-29,st-thomas-mn,Oral Roberts,2025,157.0,154.33736,2.6626434326171875,156.0,-1.6626434326171875,0,1,0
st-thomas-mn_vs_north dakota state_20250202,2025-02-02,st-thomas-mn,North Dakota State,2025,141.0,150.46332,9.46331787109375,153.0,-2.53668212890625,0,0,1
st-thomas-mn_vs_omaha_20250215,2025-02-15,st-thomas-mn,Omaha,2025,179.0,155.11397,23.886032104492188,156.5,-1.3860321044921875,0,1,0
st-thomas-mn_vs_north dakota_20250227,2025-02-27,st-thomas-mn,North Dakota,2025,157.0,159.30623,2.3062286376953125,160.0,-0.6937713623046875,0,0,1
st-thomas-mn_vs_kansas city_20250301,2025-03-01,st-thomas-mn,Kansas City,2025,124.0,148.59099,24.590988159179688,142.0,6.5909881591796875,1,0,0
syracuse_vs_youngstown state_20241116,2024-11-16,syracuse,Youngstown State,2025,199.0,145.32811,53.67189025878906,151.5,-6.1718902587890625,0,1,0
syracuse_vs_texas_20241121,2024-11-21,syracuse,Texas,2025,136.0,153.59523,17.595230102539062,155.0,-1.4047698974609375,0,0,1
syracuse_vs_texas tech_20241122,2024-11-22,syracuse,Texas Tech,2025,153.0,153.39943,0.3994293212890625,151.0,2.3994293212890625,1,1,1
syracuse_vs_cornell_20241127,2024-11-27,syracuse,Cornell,2025,154.0,156.4883,2.4882965087890625,164.5,-8.011703491210938,0,0,1
syracuse_vs_albany (ny)_20241210,2024-12-10,syracuse,Albany (NY),2025,187.0,151.54219,35.45780944824219,156.5,-4.9578094482421875,0,1,0
syracuse_vs_georgetown_20241214,2024-12-14,syracuse,Georgetown,2025,146.0,153.9013,7.90130615234375,151.5,2.40130615234375,1,0,0
syracuse_vs_bucknell_20241228,2024-12-28,syracuse,Bucknell,2025,138.0,153.91731,15.917312622070312,147.0,6.9173126220703125,1,0,0
syracuse_vs_wake forest_20241231,2024-12-31,syracuse,Wake Forest,2025,152.0,145.31155,6.688446044921875,143.5,1.811553955078125,1,1,1
syracuse_vs_georgia tech_20250107,2025-01-07,syracuse,Georgia Tech,2025,117.0,156.30388,39.30387878417969,153.5,2.8038787841796875,1,0,0
syracuse_vs_louisville_20250114,2025-01-14,syracuse,Louisville,2025,146.0,151.38945,5.3894500732421875,153.0,-1.6105499267578125,0,0,1
syracuse_vs_notre dame_20250118,2025-01-18,syracuse,Notre Dame,2025,146.0,147.84004,1.8400421142578125,146.5,1.3400421142578125,1,0,0
syracuse_vs_pittsburgh_20250125,2025-01-25,syracuse,Pittsburgh,2025,150.0,152.4226,2.422607421875,150.0,2.422607421875,1,0,0
syracuse_vs_duke_20250205,2025-02-05,syracuse,Duke,2025,137.0,144.02322,7.023223876953125,143.5,0.523223876953125,1,0,0
syracuse_vs_boston college_20250208,2025-02-08,syracuse,Boston College,2025,181.0,148.47237,32.52763366699219,145.5,2.9723663330078125,1,1,1
syracuse_vs_north carolina_20250215,2025-02-15,syracuse,North Carolina,2025,170.0,157.12857,12.871429443359375,153.0,4.128570556640625,1,1,1
syracuse_vs_nc state_20250226,2025-02-26,syracuse,NC State,2025,134.0,144.2885,10.288497924804688,146.5,-2.2115020751953125,0,0,1
syracuse_vs_virginia_20250308,2025-03-08,syracuse,Virginia,2025,154.0,138.01852,15.981475830078125,136.5,1.518524169921875,1,1,1
tarleton-state_vs_florida a&m_20241229,2024-12-29,tarleton-state,Florida A&M,2025,130.0,140.84917,10.849166870117188,134.0,6.8491668701171875,1,0,0
tarleton-state_vs_ut arlington_20250104,2025-01-04,tarleton-state,UT Arlington,2025,151.0,143.60727,7.392730712890625,139.5,4.107269287109375,1,1,1
tarleton-state_vs_california baptist_20250116,2025-01-16,tarleton-state,California Baptist,2025,124.0,142.53418,18.5341796875,131.5,11.0341796875,1,0,0
tarleton-state_vs_utah tech_20250130,2025-01-30,tarleton-state,Utah Tech,2025,115.0,138.23595,23.235946655273438,134.5,3.7359466552734375,1,0,0
tarleton-state_vs_southern utah_20250201,2025-02-01,tarleton-state,Southern Utah,2025,133.0,138.52211,5.5221099853515625,130.5,8.022109985351562,1,1,1
tarleton-state_vs_grand canyon_20250213,2025-02-13,tarleton-state,Grand Canyon,2025,124.0,141.7859,17.785903930664062,136.5,5.2859039306640625,1,0,0
tarleton-state_vs_seattle_20250215,2025-02-15,tarleton-state,Seattle,2025,131.0,137.89824,6.8982391357421875,129.0,8.898239135742188,1,1,1
tarleton-state_vs_abilene christian_20250227,2025-02-27,tarleton-state,Abilene Christian,2025,119.0,132.73106,13.731063842773438,133.0,-0.2689361572265625,0,0,1
tarleton-state_vs_utah valley_20250308,2025-03-08,tarleton-state,Utah Valley,2025,137.0,134.96124,2.03875732421875,130.5,4.46124267578125,1,1,1
temple_vs_villanova_20241207,2024-12-07,temple,Villanova,2025,159.0,144.27863,14.72137451171875,142.0,2.27862548828125,1,1,1
temple_vs_davidson_20241218,2024-12-18,temple,Davidson,2025,123.0,151.00478,28.004776000976562,148.0,3.0047760009765625,1,0,0
temple_vs_buffalo_20241229,2024-12-29,temple,Buffalo,2025,162.0,153.33263,8.667373657226562,151.0,2.3326263427734375,1,1,1
temple_vs_wichita state_20250103,2025-01-03,temple,Wichita State,2025,176.0,150.24435,25.755645751953125,154.5,-4.255645751953125,0,1,0
temple_vs_memphis_20250116,2025-01-16,temple,Memphis,2025,169.0,150.93579,18.064208984375,155.5,-4.564208984375,0,1,0
temple_vs_tulane_20250119,2025-01-19,temple,Tulane,2025,157.0,148.19174,8.808258056640625,148.5,-0.308258056640625,0,1,0
temple_vs_charlotte_20250129,2025-01-29,temple,Charlotte,2025,179.0,146.15385,32.84614562988281,146.0,0.1538543701171875,1,1,1
temple_vs_east carolina_20250201,2025-02-01,temple,East Carolina,2025,192.0,151.89648,40.103515625,145.0,6.896484375,1,1,1
temple_vs_tulsa_20250212,2025-02-12,temple,Tulsa,2025,154.0,153.16608,0.83392333984375,148.0,5.16607666015625,1,1,1
temple_vs_florida atlantic_20250216,2025-02-16,temple,Florida Atlantic,2025,164.0,160.74417,3.255828857421875,162.0,-1.255828857421875,0,1,0
temple_vs_south florida_20250226,2025-02-26,temple,South Florida,2025,144.0,153.5327,9.532699584960938,151.5,2.0326995849609375,1,0,0
temple_vs_north texas_20250309,2025-03-09,temple,North Texas,2025,127.0,141.29979,14.299789428710938,131.5,9.799789428710938,1,0,0
temple_vs_tulsa_20250313,2025-03-13,temple,Tulsa,2025,146.0,150.55559,4.5555877685546875,143.5,7.0555877685546875,1,1,1
tennessee_vs_austin peay_20241117,2024-11-17,tennessee,Austin Peay,2025,171.0,135.84845,35.15155029296875,141.0,-5.15155029296875,0,1,0
tennessee_vs_virginia_20241121,2024-11-21,tennessee,Virginia,2025,106.0,134.39238,28.392379760742188,126.5,7.8923797607421875,1,0,0
tennessee_vs_ut martin_20241127,2024-11-27,tennessee,UT Martin,2025,113.0,138.17236,25.17236328125,144.5,-6.32763671875,0,0,1
tennessee_vs_syracuse_20241203,2024-12-03,tennessee,Syracuse,2025,166.0,146.38264,19.617355346679688,143.5,2.8826446533203125,1,1,1
tennessee_vs_western carolina_20241217,2024-12-17,tennessee,Western Carolina,2025,120.0,145.21518,25.215179443359375,142.5,2.715179443359375,1,0,0
tennessee_vs_middle tennessee_20241223,2024-12-23,tennessee,Middle Tennessee,2025,146.0,139.44724,6.552764892578125,145.0,-5.552764892578125,0,1,0
tennessee_vs_norfolk state_20241231,2024-12-31,tennessee,Norfolk State,2025,119.0,136.40082,17.40081787109375,140.5,-4.09918212890625,0,0,1
tennessee_vs_arkansas_20250104,2025-01-04,tennessee,Arkansas,2025,128.0,139.13948,11.139480590820312,143.5,-4.3605194091796875,0,0,1
tennessee_vs_georgia_20250115,2025-01-15,tennessee,Georgia,2025,130.0,133.24365,3.24365234375,134.5,-1.25634765625,0,0,1
tennessee_vs_mississippi state_20250121,2025-01-21,tennessee,Mississippi State,2025,124.0,140.35887,16.358871459960938,142.0,-1.6411285400390625,0,0,1
tennessee_vs_kentucky_20250128,2025-01-28,tennessee,Kentucky,2025,151.0,143.17418,7.8258209228515625,146.0,-2.8258209228515625,0,1,0
tennessee_vs_florida_20250201,2025-02-01,tennessee,Florida,2025,108.0,137.40022,29.400222778320312,144.5,-7.0997772216796875,0,0,1
tennessee_vs_missouri_20250205,2025-02-05,tennessee,Missouri,2025,166.0,134.10652,31.893478393554688,135.0,-0.8934783935546875,0,1,0
tennessee_vs_vanderbilt_20250215,2025-02-15,tennessee,Vanderbilt,2025,157.0,138.6917,18.308303833007812,141.0,-2.3083038330078125,0,1,0
tennessee_vs_alabama_20250301,2025-03-01,tennessee,Alabama,2025,155.0,147.12231,7.877685546875,160.0,-12.877685546875,0,0,1
tennessee_vs_south carolina_20250308,2025-03-08,tennessee,South Carolina,2025,140.0,134.77126,5.2287445068359375,132.5,2.2712554931640625,1,1,1
tennessee_vs_texas_20250314,2025-03-14,tennessee,Texas,2025,155.0,137.7732,17.226806640625,137.5,0.273193359375,1,1,1
tennessee_vs_wofford_20250320,2025-03-20,tennessee,Wofford,2025,139.0,135.14319,3.8568115234375,135.5,-0.3568115234375,0,1,0
tennessee_vs_ucla_20250322,2025-03-22,tennessee,UCLA,2025,125.0,134.10469,9.104690551757812,131.5,2.6046905517578125,1,0,0
tennessee-martin_vs_little rock_20250102,2025-01-02,tennessee-martin,Little Rock,2025,113.0,141.64957,28.649566650390625,137.0,4.649566650390625,1,0,0
tennessee-martin_vs_southeast missouri state_20250104,2025-01-04,tennessee-martin,Southeast Missouri State,2025,129.0,142.73831,13.738311767578125,142.0,0.738311767578125,1,0,0
tennessee-martin_vs_eastern illinois_20250116,2025-01-16,tennessee-martin,Eastern Illinois,2025,131.0,146.82118,15.821182250976562,136.0,10.821182250976562,1,0,0
tennessee-martin_vs_siu edwardsville_20250118,2025-01-18,tennessee-martin,SIU Edwardsville,2025,167.0,144.97464,22.025360107421875,136.5,8.474639892578125,1,1,1
tennessee-martin_vs_lindenwood_20250206,2025-02-06,tennessee-martin,Lindenwood,2025,103.0,149.21274,46.212738037109375,144.0,5.212738037109375,1,0,0
tennessee-martin_vs_western illinois_20250208,2025-02-08,tennessee-martin,Western Illinois,2025,151.0,137.26147,13.738525390625,132.5,4.761474609375,1,1,1
tennessee-martin_vs_tennessee state_20250218,2025-02-18,tennessee-martin,Tennessee State,2025,161.0,158.43364,2.5663604736328125,152.5,5.9336395263671875,1,1,1
tennessee-martin_vs_southern indiana_20250227,2025-02-27,tennessee-martin,Southern Indiana,2025,142.0,152.65677,10.656768798828125,142.5,10.156768798828125,1,0,0
tennessee-martin_vs_morehead state_20250301,2025-03-01,tennessee-martin,Morehead State,2025,106.0,140.43837,34.43836975097656,133.5,6.9383697509765625,1,0,0
tennessee-state_vs_alabama a&m_20241116,2024-11-16,tennessee-state,Alabama A&M,2025,152.0,160.26248,8.262481689453125,148.0,12.262481689453125,1,1,1
tennessee-state_vs_unc asheville_20241201,2024-12-01,tennessee-state,UNC Asheville,2025,166.0,160.0302,5.9698028564453125,152.5,7.5301971435546875,1,1,1
tennessee-state_vs_southeast missouri state_20250102,2025-01-02,tennessee-state,Southeast Missouri State,2025,132.0,155.1486,23.148605346679688,152.5,2.6486053466796875,1,0,0
tennessee-state_vs_little rock_20250104,2025-01-04,tennessee-state,Little Rock,2025,181.0,144.67558,36.32441711425781,139.5,5.1755828857421875,1,1,1
tennessee-state_vs_siu edwardsville_20250116,2025-01-16,tennessee-state,SIU Edwardsville,2025,167.0,147.57922,19.4207763671875,141.5,6.0792236328125,1,1,1
tennessee-state_vs_eastern illinois_20250118,2025-01-18,tennessee-state,Eastern Illinois,2025,149.0,151.3487,2.34869384765625,142.5,8.84869384765625,1,1,1
tennessee-state_vs_ut martin_20250121,2025-01-21,tennessee-state,UT Martin,2025,161.0,152.64894,8.351058959960938,147.0,5.6489410400390625,1,1,1
tennessee-state_vs_western illinois_20250206,2025-02-06,tennessee-state,Western Illinois,2025,156.0,142.00305,13.9969482421875,140.0,2.0030517578125,1,1,1
tennessee-state_vs_lindenwood_20250208,2025-02-08,tennessee-state,Lindenwood,2025,160.0,150.76976,9.230239868164062,149.0,1.7697601318359375,1,1,1
tennessee-state_vs_morehead state_20250227,2025-02-27,tennessee-state,Morehead State,2025,119.0,144.76971,25.76971435546875,141.0,3.76971435546875,1,0,0
tennessee-state_vs_southern indiana_20250301,2025-03-01,tennessee-state,Southern Indiana,2025,143.0,151.78989,8.789886474609375,151.0,0.789886474609375,1,0,0
texas_vs_mississippi valley state_20241116,2024-11-16,texas,Mississippi Valley State,2025,132.0,145.32364,13.323638916015625,141.0,4.323638916015625,1,0,0
texas_vs_delaware state_20241129,2024-11-29,texas,Delaware State,2025,158.0,141.28654,16.713455200195312,141.0,0.2865447998046875,1,1,1
texas_vs_connecticut_20241208,2024-12-08,texas,Connecticut,2025,141.0,139.87358,1.1264190673828125,141.0,-1.1264190673828125,0,0,1
texas_vs_new mexico state_20241212,2024-12-12,texas,New Mexico State,2025,158.0,142.85663,15.14337158203125,142.5,0.35662841796875,1,1,1
texas_vs_arkansasâpine bluff_20241215,2024-12-15,texas,ArkansasâPine Bluff,2025,178.0,150.73445,27.265548706054688,160.0,-9.265548706054688,0,1,0
texas_vs_new orleans_20241219,2024-12-19,texas,New Orleans,2025,160.0,149.98051,10.019485473632812,148.0,1.9805145263671875,1,1,1
texas_vs_northwestern state_20241229,2024-12-29,texas,Northwestern State,2025,130.0,139.53328,9.533279418945312,140.5,-0.9667205810546875,0,0,1
texas_vs_auburn_20250107,2025-01-07,texas,Auburn,2025,169.0,142.93787,26.0621337890625,149.5,-6.5621337890625,0,1,0
texas_vs_tennessee_20250111,2025-01-11,texas,Tennessee,2025,144.0,135.59877,8.401229858398438,138.5,-2.9012298583984375,0,1,0
texas_vs_missouri_20250121,2025-01-21,texas,Missouri,2025,114.0,142.10045,28.100448608398438,148.5,-6.3995513916015625,0,0,1
texas_vs_texas a&m_20250125,2025-01-25,texas,Texas A&M,2025,139.0,139.8652,0.865203857421875,140.0,-0.134796142578125,0,0,1
texas_vs_arkansas_20250205,2025-02-05,texas,Arkansas,2025,148.0,142.58669,5.4133148193359375,143.5,-0.9133148193359375,0,1,0
texas_vs_alabama_20250211,2025-02-11,texas,Alabama,2025,183.0,153.91678,29.083221435546875,167.0,-13.083221435546875,0,1,0
texas_vs_kentucky_20250215,2025-02-15,texas,Kentucky,2025,160.0,151.0386,8.961395263671875,159.0,-7.961395263671875,0,1,0
texas_vs_georgia_20250301,2025-03-01,texas,Georgia,2025,150.0,140.94554,9.054458618164062,145.5,-4.5544586181640625,0,1,0
texas_vs_oklahoma_20250308,2025-03-08,texas,Oklahoma,2025,148.0,143.5936,4.406402587890625,154.5,-10.906402587890625,0,0,1
texas_vs_vanderbilt_20250312,2025-03-12,texas,Vanderbilt,2025,151.0,147.99232,3.0076751708984375,149.5,-1.5076751708984375,0,1,0
texas_vs_texas a&m_20250313,2025-03-13,texas,Texas A&M,2025,183.0,139.5638,43.43620300292969,140.5,-0.9362030029296875,0,1,0
texas_vs_xavier_20250319,2025-03-19,texas,Xavier,2025,166.0,147.11632,18.883682250976562,151.5,-4.3836822509765625,0,1,0
texas-am_vs_ohio state_20241115,2024-11-15,texas-am,Ohio State,2025,142.0,140.40297,1.5970306396484375,147.0,-6.5970306396484375,0,0,1
texas-am_vs_southern_20241120,2024-11-20,texas-am,Southern,2025,125.0,147.49216,22.492156982421875,143.5,3.992156982421875,1,0,0
texas-am_vs_wake forest_20241203,2024-12-03,texas-am,Wake Forest,2025,101.0,138.7533,37.7532958984375,142.5,-3.7467041015625,0,0,1
texas-am_vs_texas tech_20241208,2024-12-08,texas-am,Texas Tech,2025,139.0,140.7852,1.7852020263671875,143.0,-2.2147979736328125,0,0,1
texas-am_vs_abilene christian_20241228,2024-12-28,texas-am,Abilene Christian,2025,146.0,141.30598,4.6940155029296875,139.5,1.8059844970703125,1,1,1
texas-am_vs_texas_20250104,2025-01-04,texas-am,Texas,2025,140.0,135.52498,4.4750213623046875,142.5,-6.9750213623046875,0,0,1
texas-am_vs_alabama_20250111,2025-01-11,texas-am,Alabama,2025,182.0,150.39395,31.606048583984375,160.5,-10.106048583984375,0,1,0
texas-am_vs_louisiana state_20250118,2025-01-18,texas-am,Louisiana State,2025,125.0,145.71524,20.715240478515625,145.5,0.215240478515625,1,0,0
texas-am_vs_oklahoma_20250128,2025-01-28,texas-am,Oklahoma,2025,143.0,142.15288,0.8471221923828125,143.5,-1.3471221923828125,0,0,1
texas-am_vs_georgia_20250211,2025-02-11,texas-am,Georgia,2025,122.0,139.28621,17.286209106445312,137.5,1.7862091064453125,1,0,0
texas-am_vs_arkansas_20250215,2025-02-15,texas-am,Arkansas,2025,130.0,141.9106,11.910598754882812,142.5,-0.5894012451171875,0,0,1
texas-am_vs_tennessee_20250222,2025-02-22,texas-am,Tennessee,2025,146.0,131.44008,14.559921264648438,131.0,0.4400787353515625,1,1,1
texas-am_vs_vanderbilt_20250226,2025-02-26,texas-am,Vanderbilt,2025,170.0,144.32002,25.679977416992188,145.0,-0.6799774169921875,0,1,0
texas-am_vs_auburn_20250304,2025-03-04,texas-am,Auburn,2025,155.0,143.05257,11.947433471679688,151.5,-8.447433471679688,0,1,0
texas-am_vs_yale_20250320,2025-03-20,texas-am,Yale,2025,151.0,142.51656,8.483444213867188,140.5,2.0165557861328125,1,1,1
texas-am-commerce_vs_south alabama_20241215,2024-12-15,texas-am-commerce,South Alabama,2025,153.0,139.23932,13.76068115234375,,,0,0,1
texas-am-commerce_vs_abilene christian_20241218,2024-12-18,texas-am-commerce,Abilene Christian,2025,135.0,144.25952,9.259521484375,,,0,0,1
texas-am-commerce_vs_mcneese state_20250104,2025-01-04,texas-am-commerce,McNeese State,2025,131.0,138.6366,7.6365966796875,,,0,0,1
texas-am-commerce_vs_new orleans_20250118,2025-01-18,texas-am-commerce,New Orleans,2025,155.0,143.14967,11.850326538085938,,,0,0,1
texas-am-commerce_vs_southeastern louisiana_20250120,2025-01-20,texas-am-commerce,Southeastern Louisiana,2025,144.0,137.86163,6.13836669921875,,,0,0,1
texas-am-commerce_vs_northwestern state_20250201,2025-02-01,texas-am-commerce,Northwestern State,2025,122.0,134.31032,12.310317993164062,,,0,0,1
texas-am-commerce_vs_texas a&mâcorpus christi_20250203,2025-02-03,texas-am-commerce,Texas A&MâCorpus Christi,2025,144.0,144.87364,0.8736419677734375,141.5,3.3736419677734375,1,1,1
texas-am-commerce_vs_lamar_20250215,2025-02-15,texas-am-commerce,Lamar,2025,120.0,139.41896,19.418960571289062,,,0,0,1
texas-am-commerce_vs_stephen f. austin_20250217,2025-02-17,texas-am-commerce,Stephen F. Austin,2025,150.0,134.1602,15.839797973632812,,,0,0,1
texas-am-commerce_vs_incarnate word_20250301,2025-03-01,texas-am-commerce,Incarnate Word,2025,143.0,137.65242,5.3475799560546875,,,0,0,1
texas-am-corpus-christi_vs_ut martin_20241121,2024-11-21,texas-am-corpus-christi,UT Martin,2025,158.0,150.08455,7.9154510498046875,,,0,0,1
texas-am-corpus-christi_vs_le moyne_20241123,2024-11-23,texas-am-corpus-christi,Le Moyne,2025,143.0,152.36813,9.368133544921875,,,0,0,1
texas-am-corpus-christi_vs_lamar_20241205,2024-12-05,texas-am-corpus-christi,Lamar,2025,126.0,156.19926,30.199264526367188,,,0,0,1
texas-am-corpus-christi_vs_stephen f. austin_20241207,2024-12-07,texas-am-corpus-christi,Stephen F. Austin,2025,115.0,141.60129,26.601287841796875,,,0,0,1
texas-am-corpus-christi_vs_northwestern state_20250113,2025-01-13,texas-am-corpus-christi,Northwestern State,2025,137.0,145.57458,8.5745849609375,,,0,0,1
texas-am-corpus-christi_vs_mcneese state_20250127,2025-01-27,texas-am-corpus-christi,McNeese State,2025,147.0,142.3698,4.6302032470703125,,,0,0,1
texas-am-corpus-christi_vs_incarnate word_20250215,2025-02-15,texas-am-corpus-christi,Incarnate Word,2025,124.0,143.5416,19.541595458984375,,,0,0,1
texas-am-corpus-christi_vs_southeastern louisiana_20250301,2025-03-01,texas-am-corpus-christi,Southeastern Louisiana,2025,122.0,144.8502,22.850204467773438,,,0,0,1
texas-am-corpus-christi_vs_new orleans_20250303,2025-03-03,texas-am-corpus-christi,New Orleans,2025,157.0,149.4616,7.5384063720703125,,,0,0,1
texas-arlington_vs_louisianaâmonroe_20241214,2024-12-14,texas-arlington,LouisianaâMonroe,2025,145.0,153.65323,8.653228759765625,150.0,3.653228759765625,1,0,0
texas-arlington_vs_evansville_20241218,2024-12-18,texas-arlington,Evansville,2025,134.0,152.0325,18.032501220703125,150.5,1.532501220703125,1,0,0
texas-arlington_vs_utah valley_20250116,2025-01-16,texas-arlington,Utah Valley,2025,168.0,147.69485,20.305145263671875,145.5,2.194854736328125,1,1,1
texas-arlington_vs_seattle_20250123,2025-01-23,texas-arlington,Seattle,2025,121.0,149.23795,28.237945556640625,145.5,3.737945556640625,1,0,0
texas-arlington_vs_southern utah_20250130,2025-01-30,texas-arlington,Southern Utah,2025,138.0,153.20601,15.206008911132812,147.0,6.2060089111328125,1,0,0
texas-arlington_vs_utah tech_20250201,2025-02-01,texas-arlington,Utah Tech,2025,144.0,151.3034,7.30340576171875,146.5,4.80340576171875,1,0,0
texas-arlington_vs_california baptist_20250213,2025-02-13,texas-arlington,California Baptist,2025,161.0,149.80293,11.197067260742188,145.5,4.3029327392578125,1,1,1
texas-arlington_vs_grand canyon_20250215,2025-02-15,texas-arlington,Grand Canyon,2025,157.0,150.36237,6.63763427734375,152.0,-1.63763427734375,0,1,0
texas-arlington_vs_tarleton state_20250222,2025-02-22,texas-arlington,Tarleton State,2025,124.0,141.84628,17.846282958984375,135.0,6.846282958984375,1,0,0
texas-arlington_vs_abilene christian_20250301,2025-03-01,texas-arlington,Abilene Christian,2025,129.0,146.11658,17.1165771484375,145.5,0.6165771484375,1,0,0
texas-christian_vs_alcorn state_20241119,2024-11-19,texas-christian,Alcorn State,2025,119.0,136.54039,17.540390014648438,145.5,-8.959609985351562,0,0,1
texas-christian_vs_xavier_20241205,2024-12-05,texas-christian,Xavier,2025,148.0,143.44089,4.559112548828125,148.5,-5.059112548828125,0,0,1
texas-christian_vs_vanderbilt_20241208,2024-12-08,texas-christian,Vanderbilt,2025,157.0,145.45901,11.540985107421875,149.5,-4.040985107421875,0,1,0
texas-christian_vs_south alabama_20241216,2024-12-16,texas-christian,South Alabama,2025,107.0,138.8012,31.801193237304688,136.5,2.3011932373046875,1,0,0
texas-christian_vs_montana state_20241222,2024-12-22,texas-christian,Montana State,2025,130.0,142.37384,12.37384033203125,139.5,2.87384033203125,1,0,0
texas-christian_vs_kansas state_20250104,2025-01-04,texas-christian,Kansas State,2025,125.0,141.68314,16.683135986328125,140.5,1.183135986328125,1,0,0
texas-christian_vs_brigham young_20250111,2025-01-11,texas-christian,Brigham Young,2025,138.0,137.5044,0.49560546875,139.0,-1.49560546875,0,0,1
texas-christian_vs_utah_20250115,2025-01-15,texas-christian,Utah,2025,138.0,139.96504,1.9650421142578125,143.5,-3.5349578857421875,0,0,1
texas-christian_vs_kansas_20250122,2025-01-22,texas-christian,Kansas,2025,135.0,135.01448,0.0144805908203125,136.0,-0.9855194091796875,0,0,1
texas-christian_vs_colorado_20250202,2025-02-02,texas-christian,Colorado,2025,125.0,137.32472,12.324722290039062,138.5,-1.1752777099609375,0,0,1
texas-christian_vs_west virginia_20250205,2025-02-05,texas-christian,West Virginia,2025,125.0,132.28322,7.2832183837890625,128.0,4.2832183837890625,1,0,0
texas-christian_vs_oklahoma state_20250212,2025-02-12,texas-christian,Oklahoma State,2025,145.0,139.31282,5.6871795654296875,140.5,-1.1871795654296875,0,1,0
texas-christian_vs_texas tech_20250218,2025-02-18,texas-christian,Texas Tech,2025,135.0,139.32411,4.3241119384765625,141.5,-2.1758880615234375,0,0,1
texas-christian_vs_ucf_20250301,2025-03-01,texas-christian,UCF,2025,167.0,150.54211,16.4578857421875,151.0,-0.4578857421875,0,1,0
texas-christian_vs_baylor_20250304,2025-03-04,texas-christian,Baylor,2025,119.0,138.77614,19.776138305664062,140.5,-1.7238616943359375,0,0,1
texas-el-paso_vs_seattle_20241207,2024-12-07,texas-el-paso,Seattle,2025,160.0,141.34322,18.656784057617188,134.0,7.3432159423828125,1,1,1
texas-el-paso_vs_tarleton state_20241216,2024-12-16,texas-el-paso,Tarleton State,2025,129.0,136.88574,7.8857421875,130.5,6.3857421875,1,0,0
texas-el-paso_vs_jackson state_20241220,2024-12-20,texas-el-paso,Jackson State,2025,128.0,143.51079,15.510787963867188,139.5,4.0107879638671875,1,0,0
texas-el-paso_vs_yale_20241221,2024-12-21,texas-el-paso,Yale,2025,149.0,142.83078,6.169219970703125,141.5,1.330780029296875,1,1,1
texas-el-paso_vs_louisiana tech_20250102,2025-01-02,texas-el-paso,Louisiana Tech,2025,130.0,141.79861,11.798614501953125,136.5,5.298614501953125,1,0,0
texas-el-paso_vs_sam houston state_20250104,2025-01-04,texas-el-paso,Sam Houston State,2025,153.0,147.17894,5.8210601806640625,146.0,1.1789398193359375,1,1,1
texas-el-paso_vs_new mexico state_20250111,2025-01-11,texas-el-paso,New Mexico State,2025,142.0,139.28171,2.718292236328125,138.5,0.781707763671875,1,1,1
texas-el-paso_vs_jacksonville state_20250123,2025-01-23,texas-el-paso,Jacksonville State,2025,139.0,140.63864,1.638641357421875,137.0,3.638641357421875,1,1,1
texas-el-paso_vs_kennesaw state_20250125,2025-01-25,texas-el-paso,Kennesaw State,2025,144.0,148.53558,4.53558349609375,149.0,-0.46441650390625,0,0,1
texas-el-paso_vs_florida international_20250213,2025-02-13,texas-el-paso,Florida International,2025,140.0,143.89919,3.8991851806640625,142.0,1.8991851806640625,1,0,0
texas-el-paso_vs_liberty_20250215,2025-02-15,texas-el-paso,Liberty,2025,145.0,135.9069,9.093093872070312,137.0,-1.0930938720703125,0,1,0
texas-el-paso_vs_western kentucky_20250227,2025-02-27,texas-el-paso,Western Kentucky,2025,153.0,150.38644,2.613555908203125,148.5,1.886444091796875,1,1,1
texas-el-paso_vs_middle tennessee_20250301,2025-03-01,texas-el-paso,Middle Tennessee,2025,151.0,143.90698,7.093017578125,146.5,-2.593017578125,0,1,0
texas-pan-american_vs_creighton_20241106,2024-11-06,texas-pan-american,Creighton,2025,185.0,155.44955,29.550445556640625,156.0,-0.550445556640625,0,1,0
texas-pan-american_vs_charleston southern_20241115,2024-11-15,texas-pan-american,Charleston Southern,2025,162.0,160.68295,1.317047119140625,158.5,2.182952880859375,1,1,1
texas-pan-american_vs_wisconsin_20241118,2024-11-18,texas-pan-american,Wisconsin,2025,171.0,155.97325,15.026748657226562,153.5,2.4732513427734375,1,1,1
texas-pan-american_vs_le moyne_20241125,2024-11-25,texas-pan-american,Le Moyne,2025,174.0,155.53987,18.460128784179688,152.0,3.5398712158203125,1,1,1
texas-pan-american_vs_stephen f. austin_20241205,2024-12-05,texas-pan-american,Stephen F. Austin,2025,133.0,151.07121,18.071212768554688,143.5,7.5712127685546875,1,0,0
texas-pan-american_vs_lamar_20241207,2024-12-07,texas-pan-american,Lamar,2025,136.0,158.2716,22.2716064453125,154.0,4.2716064453125,1,0,0
texas-pan-american_vs_southern utah_20241218,2024-12-18,texas-pan-american,Southern Utah,2025,151.0,158.44841,7.4484100341796875,155.5,2.9484100341796875,1,0,0
texas-pan-american_vs_new orleans_20250104,2025-01-04,texas-pan-american,New Orleans,2025,140.0,155.8849,15.884902954101562,157.0,-1.1150970458984375,0,0,1
texas-pan-american_vs_southeastern louisiana_20250106,2025-01-06,texas-pan-american,Southeastern Louisiana,2025,154.0,149.22467,4.77532958984375,146.5,2.72467041015625,1,1,1
texas-pan-american_vs_texas a&mâcorpus christi_20250111,2025-01-11,texas-pan-american,Texas A&MâCorpus Christi,2025,153.0,156.4607,3.460693359375,,,0,0,1
texas-pan-american_vs_texas a&mâcommerce_20250113,2025-01-13,texas-pan-american,Texas A&MâCommerce,2025,112.0,150.4517,38.45170593261719,,,0,0,1
texas-pan-american_vs_incarnate word_20250120,2025-01-20,texas-pan-american,Incarnate Word,2025,163.0,146.53255,16.467453002929688,146.5,0.0325469970703125,1,1,1
texas-pan-american_vs_mcneese state_20250125,2025-01-25,texas-pan-american,McNeese State,2025,156.0,144.52461,11.475387573242188,144.5,0.0246124267578125,1,1,1
texas-pan-american_vs_texas a&mâcorpus christi_20250201,2025-02-01,texas-pan-american,Texas A&MâCorpus Christi,2025,156.0,154.35146,1.6485443115234375,,,0,0,1
texas-pan-american_vs_northwestern state_20250203,2025-02-03,texas-pan-american,Northwestern State,2025,142.0,145.43874,3.4387359619140625,142.0,3.4387359619140625,1,0,0
texas-pan-american_vs_lamar_20250208,2025-02-08,texas-pan-american,Lamar,2025,138.0,149.19089,11.190887451171875,147.0,2.190887451171875,1,0,0
texas-pan-american_vs_stephen f. austin_20250210,2025-02-10,texas-pan-american,Stephen F. Austin,2025,160.0,144.26971,15.73028564453125,143.0,1.26971435546875,1,1,1
texas-pan-american_vs_incarnate word_20250217,2025-02-17,texas-pan-american,Incarnate Word,2025,126.0,149.51736,23.517364501953125,146.5,3.017364501953125,1,0,0
texas-pan-american_vs_mcneese state_20250224,2025-02-24,texas-pan-american,McNeese State,2025,165.0,144.78358,20.216415405273438,148.0,-3.2164154052734375,0,1,0
texas-pan-american_vs_new orleans_20250301,2025-03-01,texas-pan-american,New Orleans,2025,166.0,154.91226,11.087738037109375,155.5,-0.587738037109375,0,1,0
texas-pan-american_vs_southeastern louisiana_20250303,2025-03-03,texas-pan-american,Southeastern Louisiana,2025,153.0,151.8874,1.1125946044921875,152.5,-0.6125946044921875,0,1,0
texas-san-antonio_vs_little rock_20241116,2024-11-16,texas-san-antonio,Little Rock,2025,145.0,157.17827,12.178268432617188,154.0,3.1782684326171875,1,0,0
texas-san-antonio_vs_north dakota_20241213,2024-12-13,texas-san-antonio,North Dakota,2025,156.0,151.61693,4.3830718994140625,154.5,-2.8830718994140625,0,1,0
texas-san-antonio_vs_tulsa_20250107,2025-01-07,texas-san-antonio,Tulsa,2025,159.0,152.78809,6.2119140625,155.5,-2.7119140625,0,1,0
texas-san-antonio_vs_wichita state_20250111,2025-01-11,texas-san-antonio,Wichita State,2025,163.0,154.01357,8.986434936523438,161.0,-6.9864349365234375,0,1,0
texas-san-antonio_vs_north texas_20250118,2025-01-18,texas-san-antonio,North Texas,2025,129.0,140.2159,11.215896606445312,136.5,3.7158966064453125,1,0,0
texas-san-antonio_vs_temple_20250125,2025-01-25,texas-san-antonio,Temple,2025,167.0,155.77696,11.223037719726562,157.0,-1.2230377197265625,0,1,0
texas-san-antonio_vs_tulane_20250205,2025-02-05,texas-san-antonio,Tulane,2025,121.0,152.28659,31.286590576171875,147.0,5.286590576171875,1,0,0
texas-san-antonio_vs_east carolina_20250208,2025-02-08,texas-san-antonio,East Carolina,2025,159.0,153.67035,5.32965087890625,144.0,9.67034912109375,1,1,1
texas-san-antonio_vs_south florida_20250219,2025-02-19,texas-san-antonio,South Florida,2025,151.0,154.75931,3.759307861328125,154.5,0.259307861328125,1,0,0
texas-san-antonio_vs_rice_20250302,2025-03-02,texas-san-antonio,Rice,2025,140.0,148.73907,8.73907470703125,151.0,-2.26092529296875,0,0,1
texas-san-antonio_vs_memphis_20250304,2025-03-04,texas-san-antonio,Memphis,2025,145.0,154.3305,9.33050537109375,157.5,-3.16949462890625,0,0,1
texas-southern_vs_texas state_20241201,2024-12-01,texas-southern,Texas State,2025,131.0,145.92548,14.92547607421875,138.5,7.42547607421875,1,0,0
texas-southern_vs_southern_20250104,2025-01-04,texas-southern,Southern,2025,125.0,149.14177,24.141769409179688,146.0,3.1417694091796875,1,0,0
texas-southern_vs_alcorn state_20250118,2025-01-18,texas-southern,Alcorn State,2025,123.0,141.12492,18.124923706054688,139.5,1.6249237060546875,1,0,0
texas-southern_vs_jackson state_20250120,2025-01-20,texas-southern,Jackson State,2025,154.0,148.24466,5.755340576171875,141.5,6.744659423828125,1,1,1
texas-southern_vs_florida a&m_20250208,2025-02-08,texas-southern,Florida A&M,2025,130.0,147.33939,17.339385986328125,143.5,3.839385986328125,1,0,0
texas-southern_vs_bethune-cookman_20250210,2025-02-10,texas-southern,Bethune-Cookman,2025,157.0,142.11371,14.88629150390625,143.0,-0.88629150390625,0,1,0
texas-southern_vs_mississippi valley state_20250222,2025-02-22,texas-southern,Mississippi Valley State,2025,117.0,131.31865,14.318649291992188,136.0,-4.6813507080078125,0,0,1
texas-southern_vs_arkansasâpine bluff_20250224,2025-02-24,texas-southern,ArkansasâPine Bluff,2025,137.0,151.36269,14.362686157226562,153.5,-2.1373138427734375,0,0,1
texas-state_vs_rice_20241208,2024-12-08,texas-state,Rice,2025,141.0,136.04901,4.95098876953125,134.5,1.54901123046875,1,1,1
texas-state_vs_georgia southern_20241221,2024-12-21,texas-state,Georgia Southern,2025,144.0,149.52246,5.5224609375,148.0,1.5224609375,1,0,0
texas-state_vs_ut arlington_20241229,2024-12-29,texas-state,UT Arlington,2025,152.0,149.29314,2.7068634033203125,147.0,2.2931365966796875,1,1,1
texas-state_vs_georgia state_20250115,2025-01-15,texas-state,Georgia State,2025,174.0,149.04416,24.955841064453125,148.0,1.044158935546875,1,1,1
texas-state_vs_southern mississippi_20250118,2025-01-18,texas-state,Southern Mississippi,2025,167.0,152.35919,14.64080810546875,150.0,2.35919189453125,1,1,1
texas-state_vs_louisiana_20250130,2025-01-30,texas-state,Louisiana,2025,131.0,147.5834,16.583404541015625,144.5,3.083404541015625,1,0,0
texas-state_vs_arkansas state_20250201,2025-02-01,texas-state,Arkansas State,2025,159.0,153.50171,5.498291015625,149.0,4.501708984375,1,1,1
texas-state_vs_louisianaâmonroe_20250219,2025-02-19,texas-state,LouisianaâMonroe,2025,143.0,145.83794,2.8379364013671875,141.5,4.3379364013671875,1,1,1
texas-state_vs_south alabama_20250222,2025-02-22,texas-state,South Alabama,2025,185.0,142.39163,42.608367919921875,133.5,8.891632080078125,1,1,1
texas-state_vs_troy_20250225,2025-02-25,texas-state,Troy,2025,143.0,142.80849,0.1915130615234375,142.0,0.8084869384765625,1,1,1
texas-state_vs_james madison_20250228,2025-02-28,texas-state,James Madison,2025,195.0,146.41594,48.58406066894531,142.5,3.9159393310546875,1,1,1
texas-tech_vs_arkansasâpine bluff_20241118,2024-11-18,texas-tech,ArkansasâPine Bluff,2025,162.0,149.73164,12.268356323242188,157.0,-7.2683563232421875,0,1,0
texas-tech_vs_northern colorado_20241129,2024-11-29,texas-tech,Northern Colorado,2025,153.0,152.03078,0.9692230224609375,151.5,0.5307769775390625,1,1,1
texas-tech_vs_depaul_20241204,2024-12-04,texas-tech,DePaul,2025,138.0,149.22629,11.226287841796875,147.0,2.226287841796875,1,0,0
texas-tech_vs_oral roberts_20241216,2024-12-16,texas-tech,Oral Roberts,2025,136.0,147.85538,11.855377197265625,148.5,-0.644622802734375,0,0,1
texas-tech_vs_lamar_20241221,2024-12-21,texas-tech,Lamar,2025,158.0,145.97649,12.023513793945312,140.5,5.4764862060546875,1,1,1
texas-tech_vs_ucf_20241231,2024-12-31,texas-tech,UCF,2025,170.0,152.2236,17.776397705078125,148.0,4.223602294921875,1,1,1
texas-tech_vs_iowa state_20250111,2025-01-11,texas-tech,Iowa State,2025,169.0,148.06615,20.933853149414062,146.5,1.5661468505859375,1,1,1
texas-tech_vs_arizona_20250118,2025-01-18,texas-tech,Arizona,2025,124.0,151.86559,27.865585327148438,149.5,2.3655853271484375,1,0,0
texas-tech_vs_oklahoma state_20250126,2025-01-26,texas-tech,Oklahoma State,2025,118.0,146.53935,28.539352416992188,146.5,0.0393524169921875,1,0,0
texas-tech_vs_tcu_20250129,2025-01-29,texas-tech,TCU,2025,128.0,138.99046,10.990463256835938,136.5,2.4904632568359375,1,0,0
texas-tech_vs_baylor_20250204,2025-02-04,texas-tech,Baylor,2025,132.0,144.40578,12.405776977539062,143.0,1.4057769775390625,1,0,0
texas-tech_vs_arizona state_20250212,2025-02-12,texas-tech,Arizona State,2025,217.0,146.41217,70.58782958984375,145.5,0.91217041015625,1,1,1
texas-tech_vs_west virginia_20250222,2025-02-22,texas-tech,West Virginia,2025,124.0,140.10168,16.1016845703125,134.5,5.6016845703125,1,0,0
texas-tech_vs_houston_20250224,2025-02-24,texas-tech,Houston,2025,130.0,138.37445,8.37445068359375,131.0,7.37445068359375,1,0,0
texas-tech_vs_colorado_20250305,2025-03-05,texas-tech,Colorado,2025,166.0,143.84839,22.151611328125,143.0,0.848388671875,1,1,1
toledo_vs_oakland_20241130,2024-11-30,toledo,Oakland,2025,137.0,144.67645,7.67645263671875,146.5,-1.82354736328125,0,0,1
toledo_vs_eastern michigan_20250107,2025-01-07,toledo,Eastern Michigan,2025,177.0,149.04813,27.951873779296875,154.5,-5.451873779296875,0,1,0
toledo_vs_central michigan_20250110,2025-01-10,toledo,Central Michigan,2025,136.0,152.0626,16.062606811523438,151.5,0.5626068115234375,1,0,0
toledo_vs_kent state_20250121,2025-01-21,toledo,Kent State,2025,147.0,143.37254,3.6274566650390625,149.0,-5.6274566650390625,0,0,1
toledo_vs_northern illinois_20250201,2025-02-01,toledo,Northern Illinois,2025,174.0,154.1063,19.893707275390625,154.5,-0.393707275390625,0,1,0
toledo_vs_buffalo_20250204,2025-02-04,toledo,Buffalo,2025,161.0,159.89174,1.1082611083984375,163.5,-3.6082611083984375,0,0,1
toledo_vs_james madison_20250208,2025-02-08,toledo,James Madison,2025,141.0,149.77356,8.7735595703125,150.5,-0.7264404296875,0,0,1
toledo_vs_ball state_20250218,2025-02-18,toledo,Ball State,2025,133.0,154.64937,21.649368286132812,155.5,-0.8506317138671875,0,0,1
toledo_vs_bowling green_20250221,2025-02-21,toledo,Bowling Green,2025,137.0,155.58057,18.58056640625,154.5,1.08056640625,1,0,0
toledo_vs_akron_20250304,2025-03-04,toledo,Akron,2025,183.0,161.2824,21.717605590820312,163.0,-1.7176055908203125,0,1,0
toledo_vs_ohio_20250307,2025-03-07,toledo,Ohio,2025,178.0,157.87025,20.129745483398438,162.0,-4.1297454833984375,0,1,0
towson_vs_james madison_20241116,2024-11-16,towson,James Madison,2025,130.0,142.42769,12.427688598632812,137.0,5.4276885986328125,1,0,0
towson_vs_umbc_20241207,2024-12-07,towson,UMBC,2025,155.0,142.33075,12.66925048828125,142.5,-0.16925048828125,0,1,0
towson_vs_bryant_20241222,2024-12-22,towson,Bryant,2025,135.0,148.30692,13.306915283203125,146.5,1.806915283203125,1,0,0
towson_vs_northeastern_20250109,2025-01-09,towson,Northeastern,2025,153.0,131.0461,21.953903198242188,128.5,2.5460968017578125,1,1,1
towson_vs_hofstra_20250116,2025-01-16,towson,Hofstra,2025,125.0,131.08163,6.081634521484375,124.5,6.581634521484375,1,1,1
towson_vs_stony brook_20250118,2025-01-18,towson,Stony Brook,2025,102.0,133.80772,31.807723999023438,131.5,2.3077239990234375,1,0,0
towson_vs_north carolina a&t_20250123,2025-01-23,towson,North Carolina A&T,2025,150.0,143.19463,6.8053741455078125,143.5,-0.3053741455078125,0,1,0
towson_vs_drexel_20250201,2025-02-01,towson,Drexel,2025,109.0,130.55624,21.556243896484375,127.0,3.556243896484375,1,0,0
towson_vs_delaware_20250213,2025-02-13,towson,Delaware,2025,145.0,142.04153,2.958465576171875,142.5,-0.458465576171875,0,1,0
towson_vs_monmouth_20250215,2025-02-15,towson,Monmouth,2025,134.0,138.6232,4.623199462890625,136.5,2.123199462890625,1,0,0
towson_vs_william & mary_20250227,2025-02-27,towson,William & Mary,2025,161.0,142.95802,18.041976928710938,146.5,-3.5419769287109375,0,1,0
towson_vs_hampton_20250301,2025-03-01,towson,Hampton,2025,147.0,133.90434,13.095657348632812,132.5,1.4043426513671875,1,1,1
troy_vs_utsa_20241125,2024-11-25,troy,UTSA,2025,158.0,152.14792,5.852081298828125,150.0,2.147918701171875,1,1,1
troy_vs_merrimack_20241129,2024-11-29,troy,Merrimack,2025,140.0,135.07631,4.9236907958984375,134.0,1.0763092041015625,1,1,1
troy_vs_eastern kentucky_20241201,2024-12-01,troy,Eastern Kentucky,2025,158.0,143.57147,14.42852783203125,146.5,-2.92852783203125,0,1,0
troy_vs_georgia state_20241221,2024-12-21,troy,Georgia State,2025,134.0,146.40334,12.403335571289062,147.5,-1.0966644287109375,0,0,1
troy_vs_texas state_20250109,2025-01-09,troy,Texas State,2025,147.0,140.41463,6.5853729248046875,136.5,3.9146270751953125,1,1,1
troy_vs_arkansas state_20250111,2025-01-11,troy,Arkansas State,2025,162.0,144.10646,17.893539428710938,144.5,-0.3935394287109375,0,1,0
troy_vs_south alabama_20250125,2025-01-25,troy,South Alabama,2025,120.0,133.49986,13.499862670898438,132.0,1.4998626708984375,1,0,0
troy_vs_southern mississippi_20250127,2025-01-27,troy,Southern Mississippi,2025,131.0,146.91049,15.910491943359375,145.0,1.910491943359375,1,0,0
troy_vs_georgia southern_20250130,2025-01-30,troy,Georgia Southern,2025,155.0,146.56836,8.431640625,144.0,2.568359375,1,1,1
troy_vs_louisianaâmonroe_20250201,2025-02-01,troy,LouisianaâMonroe,2025,137.0,139.60841,2.6084136962890625,139.0,0.6084136962890625,1,0,0
troy_vs_louisiana_20250220,2025-02-20,troy,Louisiana,2025,141.0,137.18141,3.8185882568359375,138.0,-0.8185882568359375,0,1,0
troy_vs_coastal carolina_20250222,2025-02-22,troy,Coastal Carolina,2025,149.0,132.06087,16.939132690429688,134.5,-2.4391326904296875,0,1,0
tulane_vs_bethune-cookman_20241119,2024-11-19,tulane,Bethune-Cookman,2025,129.0,146.38779,17.387786865234375,146.5,-0.112213134765625,0,0,1
tulane_vs_new orleans_20241122,2024-11-22,tulane,New Orleans,2025,180.0,144.87299,35.12701416015625,148.0,-3.12701416015625,0,1,0
tulane_vs_wyoming_20241126,2024-11-26,tulane,Wyoming,2025,127.0,147.86229,20.862289428710938,142.5,5.3622894287109375,1,0,0
tulane_vs_southeastern louisiana_20241202,2024-12-02,tulane,Southeastern Louisiana,2025,138.0,143.60172,5.601715087890625,139.0,4.601715087890625,1,0,0
tulane_vs_southern mississippi_20241210,2024-12-10,tulane,Southern Mississippi,2025,144.0,149.9782,5.9781951904296875,144.0,5.9781951904296875,1,0,0
tulane_vs_utsa_20250104,2025-01-04,tulane,UTSA,2025,155.0,152.98737,2.01263427734375,154.5,-1.51263427734375,0,1,0
tulane_vs_south florida_20250111,2025-01-11,tulane,South Florida,2025,143.0,146.92043,3.9204254150390625,149.5,-2.5795745849609375,0,0,1
tulane_vs_florida atlantic_20250115,2025-01-15,tulane,Florida Atlantic,2025,145.0,154.42825,9.428253173828125,153.5,0.928253173828125,1,0,0
tulane_vs_memphis_20250130,2025-01-30,tulane,Memphis,2025,124.0,147.95996,23.9599609375,151.0,-3.0400390625,0,0,1
tulane_vs_tulsa_20250202,2025-02-02,tulane,Tulsa,2025,115.0,146.94525,31.94525146484375,142.0,4.94525146484375,1,0,0
tulane_vs_rice_20250215,2025-02-15,tulane,Rice,2025,159.0,139.30801,19.691986083984375,140.5,-1.191986083984375,0,1,0
tulane_vs_east carolina_20250219,2025-02-19,tulane,East Carolina,2025,167.0,145.83755,21.162445068359375,142.5,3.337554931640625,1,1,1
tulane_vs_charlotte_20250226,2025-02-26,tulane,Charlotte,2025,142.0,143.27357,1.2735748291015625,140.5,2.7735748291015625,1,1,1
tulane_vs_uab_20250309,2025-03-09,tulane,UAB,2025,153.0,153.63231,0.6323089599609375,156.5,-2.8676910400390625,0,0,1
tulsa_vs_little rock_20241120,2024-11-20,tulsa,Little Rock,2025,128.0,160.36722,32.367218017578125,150.5,9.867218017578125,1,0,0
tulsa_vs_oklahoma state_20241204,2024-12-04,tulsa,Oklahoma State,2025,131.0,154.17664,23.1766357421875,155.0,-0.8233642578125,0,0,1
tulsa_vs_southern_20241207,2024-12-07,tulsa,Southern,2025,136.0,153.10747,17.107467651367188,142.0,11.107467651367188,1,0,0
tulsa_vs_mississippi valley state_20241221,2024-12-21,tulsa,Mississippi Valley State,2025,141.0,136.90948,4.09051513671875,136.5,0.40948486328125,1,1,1
tulsa_vs_rice_20250101,2025-01-01,tulsa,Rice,2025,134.0,145.36075,11.360748291015625,141.0,4.360748291015625,1,0,0
tulsa_vs_charlotte_20250112,2025-01-12,tulsa,Charlotte,2025,132.0,145.20143,13.201431274414062,144.0,1.2014312744140625,1,0,0
tulsa_vs_east carolina_20250121,2025-01-21,tulsa,East Carolina,2025,161.0,144.38103,16.618972778320312,141.5,2.8810272216796875,1,1,1
tulsa_vs_wichita state_20250126,2025-01-26,tulsa,Wichita State,2025,161.0,147.17804,13.82196044921875,146.5,0.67803955078125,1,1,1
tulsa_vs_uab_20250129,2025-01-29,tulsa,UAB,2025,146.0,157.89648,11.896484375,154.5,3.396484375,1,0,0
tulsa_vs_florida atlantic_20250208,2025-02-08,tulsa,Florida Atlantic,2025,134.0,155.897,21.897003173828125,150.5,5.397003173828125,1,0,0
tulsa_vs_utsa_20250215,2025-02-15,tulsa,UTSA,2025,156.0,152.75653,3.24346923828125,147.5,5.25653076171875,1,1,1
tulsa_vs_tulane_20250301,2025-03-01,tulsa,Tulane,2025,156.0,141.76086,14.2391357421875,141.5,0.2608642578125,1,1,1
tulsa_vs_temple_20250304,2025-03-04,tulsa,Temple,2025,158.0,153.64192,4.3580780029296875,144.5,9.141921997070312,1,1,1
ucla_vs_lehigh_20241115,2024-11-15,ucla,Lehigh,2025,130.0,139.87701,9.87701416015625,137.0,2.87701416015625,1,0,0
ucla_vs_idaho state_20241120,2024-11-20,ucla,Idaho State,2025,154.0,137.37509,16.624908447265625,131.0,6.375091552734375,1,1,1
ucla_vs_cal state fullerton_20241122,2024-11-22,ucla,Cal State Fullerton,2025,127.0,133.6428,6.6428070068359375,134.0,-0.3571929931640625,0,0,1
ucla_vs_southern utah_20241126,2024-11-26,ucla,Southern Utah,2025,131.0,146.40584,15.405838012695312,142.0,4.4058380126953125,1,0,0
ucla_vs_washington_20241203,2024-12-03,ucla,Washington,2025,127.0,141.67746,14.677459716796875,136.5,5.177459716796875,1,0,0
ucla_vs_michigan_20250107,2025-01-07,ucla,Michigan,2025,169.0,141.73521,27.264785766601562,144.5,-2.7647857666015625,0,1,0
ucla_vs_iowa_20250117,2025-01-17,ucla,Iowa,2025,164.0,150.82632,13.173675537109375,151.5,-0.673675537109375,0,1,0
ucla_vs_wisconsin_20250121,2025-01-21,ucla,Wisconsin,2025,168.0,141.18353,26.81646728515625,142.5,-1.31646728515625,0,1,0
ucla_vs_oregon_20250130,2025-01-30,ucla,Oregon,2025,130.0,142.46535,12.465347290039062,142.0,0.4653472900390625,1,0,0
ucla_vs_michigan state_20250204,2025-02-04,ucla,Michigan State,2025,124.0,144.25238,20.25238037109375,140.5,3.75238037109375,1,0,0
ucla_vs_penn state_20250208,2025-02-08,ucla,Penn State,2025,132.0,145.88762,13.887619018554688,139.0,6.8876190185546875,1,0,0
ucla_vs_minnesota_20250218,2025-02-18,ucla,Minnesota,2025,125.0,135.57047,10.570465087890625,131.5,4.070465087890625,1,0,0
ucla_vs_ohio state_20250223,2025-02-23,ucla,Ohio State,2025,130.0,142.1296,12.129592895507812,138.5,3.6295928955078125,1,0,0
ucla_vs_southern california_20250308,2025-03-08,ucla,Southern California,2025,153.0,141.47562,11.524383544921875,142.5,-1.024383544921875,0,1,0
ucla_vs_wisconsin_20250314,2025-03-14,ucla,Wisconsin,2025,156.0,139.4241,16.575897216796875,142.5,-3.075897216796875,0,1,0
ucla_vs_utah state_20250320,2025-03-20,ucla,Utah State,2025,119.0,140.33197,21.33197021484375,144.5,-4.16802978515625,0,0,1
utah_vs_utah tech_20241122,2024-11-22,utah,Utah Tech,2025,137.0,152.87102,15.871017456054688,155.0,-2.1289825439453125,0,0,1
utah_vs_mississippi valley state_20241126,2024-11-26,utah,Mississippi Valley State,2025,142.0,139.79541,2.20458984375,141.5,-1.70458984375,0,1,0
utah_vs_eastern washington_20241130,2024-11-30,utah,Eastern Washington,2025,168.0,150.4561,17.543899536132812,152.5,-2.0438995361328125,0,1,0
utah_vs_radford_20241214,2024-12-14,utah,Radford,2025,144.0,146.85097,2.8509674072265625,146.5,0.3509674072265625,1,0,0
utah_vs_florida a&m_20241217,2024-12-17,utah,Florida A&M,2025,148.0,152.02141,4.0214080810546875,152.5,-0.4785919189453125,0,0,1
utah_vs_texas tech_20250104,2025-01-04,utah,Texas Tech,2025,158.0,149.31894,8.681060791015625,152.0,-2.681060791015625,0,1,0
utah_vs_oklahoma state_20250111,2025-01-11,utah,Oklahoma State,2025,145.0,146.11433,1.1143341064453125,153.5,-7.3856658935546875,0,0,1
utah_vs_brigham young_20250118,2025-01-18,utah,Brigham Young,2025,145.0,149.13356,4.1335601806640625,150.5,-1.3664398193359375,0,0,1
utah_vs_baylor_20250125,2025-01-25,utah,Baylor,2025,137.0,145.42746,8.427459716796875,143.5,1.927459716796875,1,0,0
utah_vs_cincinnati_20250128,2025-01-28,utah,Cincinnati,2025,135.0,133.14099,1.8590087890625,136.5,-3.3590087890625,0,0,1
utah_vs_colorado_20250205,2025-02-05,utah,Colorado,2025,131.0,143.03308,12.0330810546875,142.0,1.0330810546875,1,0,0
utah_vs_kansas_20250215,2025-02-15,utah,Kansas,2025,141.0,145.12779,4.1277923583984375,146.0,-0.8722076416015625,0,0,1
utah_vs_kansas state_20250217,2025-02-17,utah,Kansas State,2025,143.0,142.45105,0.5489501953125,147.0,-4.5489501953125,0,0,1
utah_vs_arizona state_20250301,2025-03-01,utah,Arizona State,2025,172.0,146.3836,25.61639404296875,148.5,-2.11639404296875,0,1,0
utah_vs_west virginia_20250304,2025-03-04,utah,West Virginia,2025,140.0,133.40668,6.59332275390625,136.5,-3.09332275390625,0,1,0
utah-state_vs_montana_20241118,2024-11-18,utah-state,Montana,2025,178.0,148.13123,29.8687744140625,151.5,-3.3687744140625,0,1,0
utah-state_vs_wyoming_20241204,2024-12-04,utah-state,Wyoming,2025,137.0,147.70122,10.701217651367188,148.5,-0.7987823486328125,0,0,1
utah-state_vs_utah tech_20241207,2024-12-07,utah-state,Utah Tech,2025,154.0,149.74178,4.2582244873046875,150.5,-0.7582244873046875,0,1,0
utah-state_vs_south florida_20241214,2024-12-14,utah-state,South Florida,2025,155.0,151.56898,3.4310150146484375,156.0,-4.4310150146484375,0,0,1
utah-state_vs_fresno state_20250104,2025-01-04,utah-state,Fresno State,2025,172.0,153.9308,18.069198608398438,158.0,-4.0691986083984375,0,1,0
utah-state_vs_boise state_20250111,2025-01-11,utah-state,Boise State,2025,160.0,142.28935,17.710647583007812,148.5,-6.2106475830078125,0,1,0
utah-state_vs_nevada_20250122,2025-01-22,utah-state,Nevada,2025,159.0,139.77928,19.220718383789062,141.5,-1.7207183837890625,0,1,0
utah-state_vs_unlv_20250129,2025-01-29,utah-state,UNLV,2025,147.0,140.14012,6.8598785400390625,146.5,-6.3598785400390625,0,1,0
utah-state_vs_new mexico_20250201,2025-02-01,utah-state,New Mexico,2025,145.0,157.88695,12.886947631835938,158.0,-0.1130523681640625,0,0,1
utah-state_vs_colorado state_20250211,2025-02-11,utah-state,Colorado State,2025,178.0,145.97299,32.027008056640625,147.0,-1.027008056640625,0,1,0
utah-state_vs_san jose state_20250219,2025-02-19,utah-state,San Jose State,2025,162.0,149.76295,12.237045288085938,149.0,0.7629547119140625,1,1,1
utah-state_vs_san diego state_20250222,2025-02-22,utah-state,San Diego State,2025,150.0,141.88089,8.119110107421875,143.0,-1.119110107421875,0,1,0
utah-state_vs_air force_20250308,2025-03-08,utah-state,Air Force,2025,134.0,141.4763,7.4763031005859375,146.0,-4.5236968994140625,0,0,1
utah-valley_vs_west georgia_20241126,2024-11-26,utah-valley,West Georgia,2025,151.0,143.42209,7.577911376953125,139.5,3.922088623046875,1,1,1
utah-valley_vs_north dakota_20241211,2024-12-11,utah-valley,North Dakota,2025,137.0,147.67627,10.67626953125,147.0,0.67626953125,1,0,0
utah-valley_vs_abilene christian_20250104,2025-01-04,utah-valley,Abilene Christian,2025,117.0,139.36479,22.364791870117188,139.0,0.3647918701171875,1,0,0
utah-valley_vs_grand canyon_20250109,2025-01-09,utah-valley,Grand Canyon,2025,136.0,145.23627,9.23626708984375,145.0,0.23626708984375,1,0,0
utah-valley_vs_california baptist_20250111,2025-01-11,utah-valley,California Baptist,2025,144.0,145.82867,1.82867431640625,138.5,7.32867431640625,1,1,1
utah-valley_vs_utah tech_20250118,2025-01-18,utah-valley,Utah Tech,2025,176.0,142.91536,33.08464050292969,140.5,2.4153594970703125,1,1,1
utah-valley_vs_ut arlington_20250206,2025-02-06,utah-valley,UT Arlington,2025,167.0,147.46887,19.5311279296875,143.0,4.4688720703125,1,1,1
utah-valley_vs_tarleton state_20250208,2025-02-08,utah-valley,Tarleton State,2025,137.0,135.08565,1.9143524169921875,131.5,3.5856475830078125,1,1,1
utah-valley_vs_seattle_20250222,2025-02-22,utah-valley,Seattle,2025,116.0,140.91301,24.913009643554688,140.5,0.4130096435546875,1,0,0
utah-valley_vs_southern utah_20250301,2025-03-01,utah-valley,Southern Utah,2025,159.0,146.00407,12.995925903320312,142.5,3.5040740966796875,1,1,1
valparaiso_vs_lindenwood_20241121,2024-11-21,valparaiso,Lindenwood,2025,141.0,149.34198,8.34197998046875,145.5,3.84197998046875,1,0,0
valparaiso_vs_eastern illinois_20241124,2024-11-24,valparaiso,Eastern Illinois,2025,134.0,150.62251,16.622512817382812,141.5,9.122512817382812,1,0,0
valparaiso_vs_northern illinois_20241127,2024-11-27,valparaiso,Northern Illinois,2025,169.0,148.17014,20.829864501953125,142.5,5.670135498046875,1,1,1
valparaiso_vs_drake_20241205,2024-12-05,valparaiso,Drake,2025,126.0,140.35463,14.354629516601562,136.0,4.3546295166015625,1,0,0
valparaiso_vs_central michigan_20241214,2024-12-14,valparaiso,Central Michigan,2025,170.0,151.22498,18.7750244140625,144.5,6.7249755859375,1,1,1
valparaiso_vs_northern iowa_20250104,2025-01-04,valparaiso,Northern Iowa,2025,153.0,147.21347,5.786529541015625,148.5,-1.286529541015625,0,1,0
valparaiso_vs_indiana state_20250108,2025-01-08,valparaiso,Indiana State,2025,193.0,160.38452,32.615478515625,161.5,-1.115478515625,0,1,0
valparaiso_vs_illinoisâchicago_20250118,2025-01-18,valparaiso,IllinoisâChicago,2025,155.0,154.19446,0.8055419921875,151.0,3.1944580078125,1,1,1
valparaiso_vs_evansville_20250125,2025-01-25,valparaiso,Evansville,2025,146.0,140.15295,5.8470458984375,141.5,-1.3470458984375,0,1,0
valparaiso_vs_southern illinois_20250128,2025-01-28,valparaiso,Southern Illinois,2025,154.0,149.16096,4.8390350341796875,149.0,0.1609649658203125,1,1,1
valparaiso_vs_murray state_20250208,2025-02-08,valparaiso,Murray State,2025,130.0,148.68552,18.685516357421875,143.0,5.685516357421875,1,0,0
valparaiso_vs_belmont_20250212,2025-02-12,valparaiso,Belmont,2025,187.0,155.7527,31.247299194335938,161.5,-5.7472991943359375,0,1,0
valparaiso_vs_missouri state_20250219,2025-02-19,valparaiso,Missouri State,2025,130.0,148.14876,18.148757934570312,139.5,8.648757934570312,1,0,0
valparaiso_vs_bradley_20250226,2025-02-26,valparaiso,Bradley,2025,141.0,148.2219,7.221893310546875,150.0,-1.778106689453125,0,0,1
vanderbilt_vs_jackson state_20241116,2024-11-16,vanderbilt,Jackson State,2025,175.0,151.62314,23.376861572265625,152.5,-0.876861572265625,0,1,0
vanderbilt_vs_the citadel_20241218,2024-12-18,vanderbilt,The Citadel,2025,158.0,148.93285,9.067153930664062,149.0,-0.0671539306640625,0,1,0
vanderbilt_vs_austin peay_20241221,2024-12-21,vanderbilt,Austin Peay,2025,140.0,143.56508,3.5650787353515625,143.0,0.5650787353515625,1,0,0
vanderbilt_vs_new orleans_20241230,2024-12-30,vanderbilt,New Orleans,2025,156.0,152.85391,3.146087646484375,160.0,-7.146087646484375,0,0,1
vanderbilt_vs_mississippi state_20250107,2025-01-07,vanderbilt,Mississippi State,2025,140.0,150.1046,10.104598999023438,153.5,-3.3954010009765625,0,0,1
vanderbilt_vs_south carolina_20250115,2025-01-15,vanderbilt,South Carolina,2025,129.0,142.88931,13.889312744140625,142.5,0.389312744140625,1,0,0
vanderbilt_vs_tennessee_20250118,2025-01-18,vanderbilt,Tennessee,2025,151.0,138.01443,12.985565185546875,141.5,-3.485565185546875,0,1,0
vanderbilt_vs_kentucky_20250125,2025-01-25,vanderbilt,Kentucky,2025,143.0,155.65318,12.653182983398438,164.5,-8.846817016601562,0,0,1
vanderbilt_vs_texas_20250208,2025-02-08,vanderbilt,Texas,2025,164.0,146.22678,17.773223876953125,149.0,-2.773223876953125,0,1,0
vanderbilt_vs_auburn_20250211,2025-02-11,vanderbilt,Auburn,2025,148.0,151.39522,3.3952178955078125,157.0,-5.6047821044921875,0,0,1
vanderbilt_vs_missouri_20250301,2025-03-01,vanderbilt,Missouri,2025,190.0,148.82307,41.17692565917969,157.5,-8.676925659179688,0,1,0
vanderbilt_vs_arkansas_20250304,2025-03-04,vanderbilt,Arkansas,2025,167.0,151.7155,15.284500122070312,149.5,2.2154998779296875,1,1,1
vermont_vs_auburn_20241106,2024-11-06,vermont,Auburn,2025,137.0,138.64465,1.6446533203125,143.0,-4.3553466796875,0,0,1
vermont_vs_buffalo_20241119,2024-11-19,vermont,Buffalo,2025,145.0,143.2558,1.74420166015625,140.0,3.25579833984375,1,1,1
vermont_vs_northeastern_20241130,2024-11-30,vermont,Northeastern,2025,132.0,131.10603,0.8939666748046875,129.5,1.6060333251953125,1,1,1
vermont_vs_brown_20241203,2024-12-03,vermont,Brown,2025,113.0,134.70232,21.702316284179688,134.5,0.2023162841796875,1,0,0
vermont_vs_miami (oh)_20241218,2024-12-18,vermont,Miami (OH),2025,142.0,134.14835,7.851654052734375,130.5,3.648345947265625,1,1,1
vermont_vs_binghamton_20250116,2025-01-16,vermont,Binghamton,2025,136.0,131.69553,4.304473876953125,126.5,5.195526123046875,1,1,1
vermont_vs_njit_20250123,2025-01-23,vermont,NJIT,2025,132.0,126.00673,5.9932708740234375,121.5,4.5067291259765625,1,1,1
vermont_vs_umbc_20250125,2025-01-25,vermont,UMBC,2025,143.0,142.0515,0.9485015869140625,139.5,2.5514984130859375,1,1,1
vermont_vs_maine_20250201,2025-02-01,vermont,Maine,2025,104.0,130.64435,26.64434814453125,126.0,4.64434814453125,1,0,0
vermont_vs_new hampshire_20250213,2025-02-13,vermont,New Hampshire,2025,138.0,132.47266,5.52734375,130.5,1.97265625,1,1,1
vermont_vs_bryant_20250220,2025-02-20,vermont,Bryant,2025,114.0,145.24171,31.241714477539062,141.0,4.2417144775390625,1,0,0
vermont_vs_umass lowell_20250222,2025-02-22,vermont,UMass Lowell,2025,146.0,140.72887,5.2711334228515625,138.5,2.2288665771484375,1,1,1
vermont_vs_albany (ny)_20250304,2025-03-04,vermont,Albany (NY),2025,150.0,135.6223,14.377700805664062,133.5,2.1222991943359375,1,1,1
vermont_vs_new hampshire_20250308,2025-03-08,vermont,New Hampshire,2025,121.0,133.41798,12.417984008789062,131.5,1.9179840087890625,1,0,0
vermont_vs_maine_20250311,2025-03-11,vermont,Maine,2025,99.0,130.66861,31.668609619140625,124.5,6.168609619140625,1,0,0
villanova_vs_columbia_20241106,2024-11-06,villanova,Columbia,2025,170.0,148.10709,21.892913818359375,147.0,1.107086181640625,1,1,1
villanova_vs_virginia_20241115,2024-11-15,villanova,Virginia,2025,130.0,132.62863,2.628631591796875,128.0,4.628631591796875,1,1,1
villanova_vs_pennsylvania_20241119,2024-11-19,villanova,Pennsylvania,2025,142.0,138.87987,3.1201324462890625,142.0,-3.1201324462890625,0,0,1
villanova_vs_rider_20241127,2024-11-27,villanova,Rider,2025,120.0,137.09929,17.099288940429688,137.5,-0.4007110595703125,0,0,1
villanova_vs_cincinnati_20241203,2024-12-03,villanova,Cincinnati,2025,128.0,138.0172,10.017196655273438,139.5,-1.4828033447265625,0,0,1
villanova_vs_seton hall_20241217,2024-12-17,villanova,Seton Hall,2025,146.0,133.63712,12.362884521484375,126.0,7.637115478515625,1,1,1
villanova_vs_depaul_20250104,2025-01-04,villanova,DePaul,2025,156.0,145.8986,10.101394653320312,146.5,-0.6013946533203125,0,1,0
villanova_vs_connecticut_20250108,2025-01-08,villanova,Connecticut,2025,134.0,144.60551,10.605514526367188,143.5,1.1055145263671875,1,0,0
villanova_vs_providence_20250117,2025-01-17,villanova,Providence,2025,148.0,142.8369,5.1631011962890625,140.5,2.3368988037109375,1,1,1
villanova_vs_georgetown_20250120,2025-01-20,villanova,Georgetown,2025,127.0,139.64082,12.640823364257812,135.5,4.1408233642578125,1,0,0
villanova_vs_creighton_20250201,2025-02-01,villanova,Creighton,2025,122.0,141.40256,19.402557373046875,143.5,-2.097442626953125,0,0,1
villanova_vs_xavier_20250209,2025-02-09,villanova,Xavier,2025,148.0,142.2852,5.7147979736328125,140.5,1.7852020263671875,1,1,1
villanova_vs_st. john's (ny)_20250212,2025-02-12,villanova,St. John's (NY),2025,144.0,145.07117,1.0711669921875,140.0,5.0711669921875,1,1,1
villanova_vs_marquette_20250221,2025-02-21,villanova,Marquette,2025,147.0,139.7225,7.277496337890625,141.5,-1.777496337890625,0,1,0
villanova_vs_butler_20250301,2025-03-01,villanova,Butler,2025,150.0,139.69803,10.301971435546875,144.5,-4.801971435546875,0,1,0
virginia_vs_manhattan_20241126,2024-11-26,virginia,Manhattan,2025,139.0,129.51562,9.484375,127.5,2.015625,1,1,1
virginia_vs_holy cross_20241129,2024-11-29,virginia,Holy Cross,2025,108.0,130.3044,22.304397583007812,126.5,3.8043975830078125,1,0,0
virginia_vs_bethune-cookman_20241212,2024-12-12,virginia,Bethune-Cookman,2025,100.0,127.03068,27.030677795410156,126.0,1.0306777954101562,1,0,0
virginia_vs_memphis_20241218,2024-12-18,virginia,Memphis,2025,126.0,131.68968,5.6896820068359375,130.5,1.1896820068359375,1,0,0
virginia_vs_american_20241222,2024-12-22,virginia,American,2025,121.0,128.89775,7.8977508544921875,119.5,9.397750854492188,1,1,1
virginia_vs_nc state_20241231,2024-12-31,virginia,NC State,2025,137.0,125.86213,11.137870788574219,122.5,3.3621292114257812,1,1,1
virginia_vs_louisville_20250104,2025-01-04,virginia,Louisville,2025,120.0,132.14673,12.146728515625,130.5,1.646728515625,1,0,0
virginia_vs_smu_20250115,2025-01-15,virginia,SMU,2025,106.0,133.55685,27.556854248046875,134.5,-0.943145751953125,0,0,1
virginia_vs_boston college_20250121,2025-01-21,virginia,Boston College,2025,130.0,130.82033,0.8203277587890625,124.5,6.3203277587890625,1,1,1
virginia_vs_notre dame_20250125,2025-01-25,virginia,Notre Dame,2025,133.0,132.4076,0.5924072265625,126.5,5.9075927734375,1,1,1
virginia_vs_virginia tech_20250201,2025-02-01,virginia,Virginia Tech,2025,149.0,129.55829,19.44171142578125,124.5,5.05828857421875,1,1,1
virginia_vs_georgia tech_20250208,2025-02-08,virginia,Georgia Tech,2025,136.0,132.05281,3.9471893310546875,129.5,2.5528106689453125,1,1,1
virginia_vs_duke_20250217,2025-02-17,virginia,Duke,2025,142.0,133.92317,8.076828002929688,132.5,1.4231719970703125,1,1,1
virginia_vs_clemson_20250301,2025-03-01,virginia,Clemson,2025,129.0,136.5055,7.5054931640625,132.0,4.5054931640625,1,0,0
virginia_vs_florida state_20250304,2025-03-04,virginia,Florida State,2025,117.0,136.05907,19.059066772460938,136.5,-0.4409332275390625,0,0,1
virginia-commonwealth_vs_loyola (md)_20241116,2024-11-16,virginia-commonwealth,Loyola (MD),2025,140.0,146.75522,6.755218505859375,139.0,7.755218505859375,1,1,1
virginia-commonwealth_vs_georgia southern_20241204,2024-12-04,virginia-commonwealth,Georgia Southern,2025,143.0,149.40709,6.4070892333984375,149.5,-0.0929107666015625,0,0,1
virginia-commonwealth_vs_pennsylvania_20241209,2024-12-09,virginia-commonwealth,Pennsylvania,2025,113.0,139.42973,26.429733276367188,138.5,0.9297332763671875,1,0,0
virginia-commonwealth_vs_william & mary_20241222,2024-12-22,virginia-commonwealth,William & Mary,2025,160.0,151.00748,8.992523193359375,155.5,-4.492523193359375,0,1,0
virginia-commonwealth_vs_fordham_20250108,2025-01-08,virginia-commonwealth,Fordham,2025,134.0,146.59969,12.599685668945312,145.0,1.5996856689453125,1,0,0
virginia-commonwealth_vs_saint louis_20250114,2025-01-14,virginia-commonwealth,Saint Louis,2025,140.0,143.29503,3.2950286865234375,147.0,-3.7049713134765625,0,0,1
virginia-commonwealth_vs_st. bonaventure_20250124,2025-01-24,virginia-commonwealth,St. Bonaventure,2025,136.0,137.41287,1.412872314453125,134.0,3.412872314453125,1,1,1
virginia-commonwealth_vs_richmond_20250201,2025-02-01,virginia-commonwealth,Richmond,2025,139.0,137.4603,1.539703369140625,134.0,3.460296630859375,1,1,1
virginia-commonwealth_vs_la salle_20250204,2025-02-04,virginia-commonwealth,La Salle,2025,162.0,146.18362,15.816375732421875,144.0,2.183624267578125,1,1,1
virginia-commonwealth_vs_massachusetts_20250219,2025-02-19,virginia-commonwealth,Massachusetts,2025,131.0,149.8258,18.8258056640625,148.0,1.8258056640625,1,0,0
virginia-commonwealth_vs_george mason_20250222,2025-02-22,virginia-commonwealth,George Mason,2025,124.0,134.63338,10.633377075195312,130.0,4.6333770751953125,1,0,0
virginia-commonwealth_vs_davidson_20250228,2025-02-28,virginia-commonwealth,Davidson,2025,136.0,141.31085,5.31085205078125,142.0,-0.68914794921875,0,0,1
virginia-commonwealth_vs_dayton_20250307,2025-03-07,virginia-commonwealth,Dayton,2025,155.0,139.51797,15.482025146484375,141.0,-1.482025146484375,0,1,0
virginia-military-institute_vs_queens (nc)_20241207,2024-12-07,virginia-military-institute,Queens (NC),2025,159.0,153.99866,5.0013427734375,154.0,-0.0013427734375,0,1,0
virginia-military-institute_vs_mercer_20250104,2025-01-04,virginia-military-institute,Mercer,2025,137.0,156.6579,19.65789794921875,156.5,0.15789794921875,1,0,0
virginia-military-institute_vs_western carolina_20250115,2025-01-15,virginia-military-institute,Western Carolina,2025,116.0,150.73631,34.73631286621094,147.5,3.2363128662109375,1,0,0
virginia-military-institute_vs_furman_20250122,2025-01-22,virginia-military-institute,Furman,2025,173.0,143.82458,29.1754150390625,143.5,0.3245849609375,1,1,1
virginia-military-institute_vs_unc greensboro_20250125,2025-01-25,virginia-military-institute,UNC Greensboro,2025,117.0,143.05023,26.05023193359375,141.5,1.55023193359375,1,0,0
virginia-military-institute_vs_east tennessee state_20250205,2025-02-05,virginia-military-institute,East Tennessee State,2025,117.0,144.87901,27.879013061523438,141.5,3.3790130615234375,1,0,0
virginia-military-institute_vs_the citadel_20250208,2025-02-08,virginia-military-institute,The Citadel,2025,152.0,140.36768,11.63232421875,137.0,3.36767578125,1,1,1
virginia-military-institute_vs_wofford_20250219,2025-02-19,virginia-military-institute,Wofford,2025,125.0,146.17033,21.170333862304688,143.5,2.6703338623046875,1,0,0
virginia-military-institute_vs_samford_20250227,2025-02-27,virginia-military-institute,Samford,2025,178.0,153.67645,24.32354736328125,155.0,-1.32354736328125,0,1,0
virginia-military-institute_vs_chattanooga_20250301,2025-03-01,virginia-military-institute,Chattanooga,2025,161.0,147.85191,13.148086547851562,151.5,-3.6480865478515625,0,1,0
virginia-military-institute_vs_wofford_20250309,2025-03-09,virginia-military-institute,Wofford,2025,150.0,143.02908,6.970916748046875,138.5,4.529083251953125,1,1,1
virginia-tech_vs_jacksonville_20241120,2024-11-20,virginia-tech,Jacksonville,2025,138.0,142.00858,4.008575439453125,135.5,6.508575439453125,1,1,1
virginia-tech_vs_vanderbilt_20241204,2024-12-04,virginia-tech,Vanderbilt,2025,144.0,146.38315,2.383148193359375,149.5,-3.116851806640625,0,0,1
virginia-tech_vs_pittsburgh_20241207,2024-12-07,virginia-tech,Pittsburgh,2025,123.0,145.1184,22.118392944335938,142.5,2.6183929443359375,1,0,0
virginia-tech_vs_north carolina a&t_20241212,2024-12-12,virginia-tech,North Carolina A&T,2025,162.0,149.75606,12.243942260742188,146.5,3.2560577392578125,1,1,1
virginia-tech_vs_navy_20241215,2024-12-15,virginia-tech,Navy,2025,152.0,145.57593,6.424072265625,140.5,5.075927734375,1,1,1
virginia-tech_vs_miami (fl)_20250104,2025-01-04,virginia-tech,Miami (FL),2025,171.0,144.70111,26.29888916015625,143.0,1.70111083984375,1,1,1
virginia-tech_vs_nc state_20250115,2025-01-15,virginia-tech,NC State,2025,155.0,134.8554,20.144607543945312,134.5,0.3553924560546875,1,1,1
virginia-tech_vs_wake forest_20250118,2025-01-18,virginia-tech,Wake Forest,2025,135.0,137.64734,2.6473388671875,137.5,0.1473388671875,1,0,0
virginia-tech_vs_clemson_20250125,2025-01-25,virginia-tech,Clemson,2025,129.0,140.22682,11.226821899414062,135.0,5.2268218994140625,1,0,0
virginia-tech_vs_smu_20250205,2025-02-05,virginia-tech,SMU,2025,156.0,146.57744,9.422561645507812,146.0,0.5774383544921875,1,1,1
virginia-tech_vs_virginia_20250215,2025-02-15,virginia-tech,Virginia,2025,143.0,134.66833,8.3316650390625,128.5,6.1683349609375,1,1,1
virginia-tech_vs_louisville_20250225,2025-02-25,virginia-tech,Louisville,2025,137.0,140.31348,3.3134765625,147.0,-6.6865234375,0,0,1
virginia-tech_vs_syracuse_20250301,2025-03-01,virginia-tech,Syracuse,2025,196.0,144.87386,51.12614440917969,144.0,0.8738555908203125,1,1,1
virginia-tech_vs_north carolina_20250304,2025-03-04,virginia-tech,North Carolina,2025,150.0,149.11147,0.8885345458984375,149.0,0.1114654541015625,1,1,1
wagner_vs_coppin state_20241204,2024-12-04,wagner,Coppin State,2025,117.0,122.59901,5.599006652832031,117.0,5.599006652832031,1,0,0
wagner_vs_manhattan_20241218,2024-12-18,wagner,Manhattan,2025,146.0,130.5425,15.457504272460938,127.5,3.0424957275390625,1,1,1
wagner_vs_chicago state_20250103,2025-01-03,wagner,Chicago State,2025,116.0,131.3078,15.30780029296875,126.5,4.80780029296875,1,0,0
wagner_vs_mercyhurst_20250118,2025-01-18,wagner,Mercyhurst,2025,134.0,124.92772,9.072280883789062,118.5,6.4277191162109375,1,1,1
wagner_vs_saint francis (pa)_20250120,2025-01-20,wagner,Saint Francis (PA),2025,138.0,132.78159,5.218414306640625,123.5,9.281585693359375,1,1,1
wagner_vs_le moyne_20250201,2025-02-01,wagner,Le Moyne,2025,134.0,136.28424,2.28424072265625,130.5,5.78424072265625,1,1,1
wagner_vs_liu_20250206,2025-02-06,wagner,LIU,2025,107.0,126.00186,19.001861572265625,119.0,7.001861572265625,1,0,0
wagner_vs_stonehill_20250220,2025-02-20,wagner,Stonehill,2025,120.0,134.36737,14.36737060546875,125.5,8.86737060546875,1,0,0
wagner_vs_central connecticut state_20250301,2025-03-01,wagner,Central Connecticut State,2025,103.0,130.80737,27.807373046875,122.5,8.307373046875,1,0,0
wake-forest_vs_western carolina_20241119,2024-11-19,wake-forest,Western Carolina,2025,151.0,152.31319,1.3131866455078125,144.5,7.8131866455078125,1,1,1
wake-forest_vs_detroit mercy_20241123,2024-11-23,wake-forest,Detroit Mercy,2025,124.0,146.40309,22.403091430664062,140.5,5.9030914306640625,1,0,0
wake-forest_vs_boston college_20241207,2024-12-07,wake-forest,Boston College,2025,138.0,136.53146,1.468536376953125,135.0,1.531463623046875,1,1,1
wake-forest_vs_james madison_20241217,2024-12-17,wake-forest,James Madison,2025,133.0,137.07767,4.077667236328125,135.5,1.577667236328125,1,0,0
wake-forest_vs_nc state_20250104,2025-01-04,wake-forest,NC State,2025,136.0,134.5123,1.487701416015625,137.5,-2.987701416015625,0,0,1
wake-forest_vs_stanford_20250115,2025-01-15,wake-forest,Stanford,2025,147.0,139.1639,7.8361053466796875,141.5,-2.3361053466796875,0,1,0
wake-forest_vs_north carolina_20250121,2025-01-21,wake-forest,North Carolina,2025,133.0,146.69313,13.693130493164062,148.0,-1.3068695068359375,0,0,1
wake-forest_vs_duke_20250125,2025-01-25,wake-forest,Duke,2025,119.0,133.56822,14.568222045898438,136.0,-2.4317779541015625,0,0,1
wake-forest_vs_pittsburgh_20250201,2025-02-01,wake-forest,Pittsburgh,2025,150.0,138.90811,11.091888427734375,138.5,0.408111572265625,1,1,1
wake-forest_vs_florida state_20250212,2025-02-12,wake-forest,Florida State,2025,142.0,139.19847,2.8015289306640625,143.5,-4.3015289306640625,0,0,1
wake-forest_vs_virginia_20250226,2025-02-26,wake-forest,Virginia,2025,158.0,132.6422,25.357803344726562,131.5,1.1421966552734375,1,1,1
wake-forest_vs_notre dame_20250301,2025-03-01,wake-forest,Notre Dame,2025,145.0,138.28227,6.7177276611328125,138.5,-0.2177276611328125,0,1,0
wake-forest_vs_georgia tech_20250308,2025-03-08,wake-forest,Georgia Tech,2025,112.0,141.46382,29.463821411132812,143.5,-2.0361785888671875,0,0,1
washington_vs_umass lowell_20241117,2024-11-17,washington,UMass Lowell,2025,143.0,148.174,5.1739959716796875,153.5,-5.3260040283203125,0,0,1
washington_vs_alcorn state_20241122,2024-11-22,washington,Alcorn State,2025,137.0,136.57266,0.427337646484375,142.5,-5.927337646484375,0,0,1
washington_vs_southern california_20241207,2024-12-07,washington,Southern California,2025,146.0,139.11774,6.88226318359375,141.5,-2.38226318359375,0,1,0
washington_vs_eastern washington_20241210,2024-12-10,washington,Eastern Washington,2025,156.0,142.87036,13.129638671875,147.0,-4.129638671875,0,1,0
washington_vs_washington state_20241218,2024-12-18,washington,Washington State,2025,162.0,148.34308,13.65692138671875,150.0,-1.65692138671875,0,1,0
washington_vs_seattle_20241223,2024-12-23,washington,Seattle,2025,149.0,144.79324,4.206756591796875,144.0,0.793243408203125,1,1,1
washington_vs_njit_20241229,2024-12-29,washington,NJIT,2025,143.0,131.82936,11.170639038085938,139.0,-7.1706390380859375,0,1,0
washington_vs_maryland_20250102,2025-01-02,washington,Maryland,2025,144.0,144.68413,0.6841278076171875,147.5,-2.8158721923828125,0,0,1
washington_vs_illinois_20250105,2025-01-05,washington,Illinois,2025,158.0,152.41496,5.5850372314453125,154.5,-2.0850372314453125,0,1,0
washington_vs_purdue_20250115,2025-01-15,washington,Purdue,2025,127.0,140.87044,13.870437622070312,144.0,-3.1295623779296875,0,0,1
washington_vs_ucla_20250124,2025-01-24,washington,UCLA,2025,125.0,137.26184,12.2618408203125,138.5,-1.2381591796875,0,0,1
washington_vs_nebraska_20250205,2025-02-05,washington,Nebraska,2025,158.0,143.75648,14.243515014648438,142.0,1.7564849853515625,1,1,1
washington_vs_northwestern_20250208,2025-02-08,washington,Northwestern,2025,147.0,140.1793,6.8206939697265625,137.5,2.6793060302734375,1,1,1
washington_vs_rutgers_20250219,2025-02-19,washington,Rutgers,2025,174.0,144.96567,29.034332275390625,147.5,-2.534332275390625,0,1,0
washington_vs_indiana_20250301,2025-03-01,washington,Indiana,2025,140.0,144.59377,4.5937652587890625,144.5,0.0937652587890625,1,0,0
washington_vs_oregon_20250309,2025-03-09,washington,Oregon,2025,153.0,143.2364,9.763595581054688,147.0,-3.7635955810546875,0,1,0
washington-state_vs_northern colorado_20241118,2024-11-18,washington-state,Northern Colorado,2025,152.0,153.8377,1.83770751953125,158.5,-4.66229248046875,0,0,1
washington-state_vs_missouri state_20241214,2024-12-14,washington-state,Missouri State,2025,169.0,151.70607,17.293930053710938,141.5,10.206069946289062,1,1,1
washington-state_vs_loyola marymount_20241230,2024-12-30,washington-state,Loyola Marymount,2025,132.0,148.27629,16.276290893554688,149.5,-1.2237091064453125,0,0,1
washington-state_vs_san francisco_20250104,2025-01-04,washington-state,San Francisco,2025,173.0,145.99544,27.004562377929688,147.5,-1.5045623779296875,0,1,0
washington-state_vs_pacific_20250109,2025-01-09,washington-state,Pacific,2025,189.0,149.52855,39.47145080566406,152.5,-2.9714508056640625,0,1,0
washington-state_vs_portland_20250118,2025-01-18,washington-state,Portland,2025,162.0,152.93631,9.063690185546875,155.5,-2.563690185546875,0,1,0
washington-state_vs_pepperdine_20250208,2025-02-08,washington-state,Pepperdine,2025,173.0,147.24959,25.750411987304688,153.0,-5.7504119873046875,0,1,0
washington-state_vs_gonzaga_20250219,2025-02-19,washington-state,Gonzaga,2025,147.0,155.83072,8.830718994140625,166.5,-10.669281005859375,0,0,1
washington-state_vs_santa clara_20250222,2025-02-22,washington-state,Santa Clara,2025,188.0,152.95547,35.044525146484375,155.5,-2.544525146484375,0,1,0
washington-state_vs_san diego_20250227,2025-02-27,washington-state,San Diego,2025,179.0,152.98651,26.01348876953125,157.5,-4.51348876953125,0,1,0
weber-state_vs_uc irvine_20241122,2024-11-22,weber-state,UC Irvine,2025,180.0,140.507,39.49299621582031,137.5,3.0070037841796875,1,1,1
weber-state_vs_north dakota state_20241204,2024-12-04,weber-state,North Dakota State,2025,150.0,145.16699,4.8330078125,140.0,5.1669921875,1,1,1
weber-state_vs_utah valley_20241221,2024-12-21,weber-state,Utah Valley,2025,126.0,147.36708,21.367080688476562,139.5,7.8670806884765625,1,0,0
weber-state_vs_montana_20250116,2025-01-16,weber-state,Montana,2025,122.0,149.52344,27.5234375,145.5,4.0234375,1,0,0
weber-state_vs_montana state_20250118,2025-01-18,weber-state,Montana State,2025,151.0,143.83424,7.1657562255859375,136.0,7.8342437744140625,1,1,1
weber-state_vs_idaho_20250130,2025-01-30,weber-state,Idaho,2025,156.0,144.64165,11.358352661132812,143.0,1.6416473388671875,1,1,1
weber-state_vs_eastern washington_20250201,2025-02-01,weber-state,Eastern Washington,2025,121.0,147.06241,26.062408447265625,141.5,5.562408447265625,1,0,0
weber-state_vs_northern arizona_20250203,2025-02-03,weber-state,Northern Arizona,2025,150.0,145.77118,4.22882080078125,144.0,1.77117919921875,1,1,1
weber-state_vs_idaho state_20250208,2025-02-08,weber-state,Idaho State,2025,139.0,141.62242,2.6224212646484375,139.0,2.6224212646484375,1,0,0
weber-state_vs_sacramento state_20250220,2025-02-20,weber-state,Sacramento State,2025,157.0,134.79648,22.203521728515625,135.5,-0.703521728515625,0,1,0
weber-state_vs_portland state_20250222,2025-02-22,weber-state,Portland State,2025,118.0,143.38943,25.389434814453125,142.5,0.889434814453125,1,0,0
weber-state_vs_northern colorado_20250303,2025-03-03,weber-state,Northern Colorado,2025,131.0,147.6094,16.609405517578125,151.5,-3.890594482421875,0,0,1
western-carolina_vs_bellarmine_20241204,2024-12-04,western-carolina,Bellarmine,2025,160.0,150.85385,9.146148681640625,147.0,3.853851318359375,1,1,1
western-carolina_vs_usc upstate_20241207,2024-12-07,western-carolina,USC Upstate,2025,142.0,156.45908,14.459075927734375,161.0,-4.540924072265625,0,0,1
western-carolina_vs_furman_20250101,2025-01-01,western-carolina,Furman,2025,151.0,145.57887,5.4211273193359375,145.0,0.5788726806640625,1,1,1
western-carolina_vs_samford_20250104,2025-01-04,western-carolina,Samford,2025,157.0,160.66609,3.6660919189453125,159.5,1.1660919189453125,1,0,0
western-carolina_vs_mercer_20250112,2025-01-12,western-carolina,Mercer,2025,167.0,153.58246,13.41754150390625,154.5,-0.91754150390625,0,1,0
western-carolina_vs_unc greensboro_20250118,2025-01-18,western-carolina,UNC Greensboro,2025,138.0,142.20953,4.20953369140625,138.0,4.20953369140625,1,0,0
western-carolina_vs_chattanooga_20250129,2025-01-29,western-carolina,Chattanooga,2025,144.0,148.49771,4.497711181640625,147.5,0.997711181640625,1,0,0
western-carolina_vs_vmi_20250201,2025-02-01,western-carolina,VMI,2025,156.0,145.56044,10.439559936523438,145.5,0.0604400634765625,1,1,1
western-carolina_vs_east tennessee state_20250212,2025-02-12,western-carolina,East Tennessee State,2025,143.0,144.47418,1.47418212890625,141.5,2.97418212890625,1,1,1
western-carolina_vs_the citadel_20250215,2025-02-15,western-carolina,The Citadel,2025,149.0,141.76299,7.2370147705078125,140.5,1.2629852294921875,1,1,1
western-carolina_vs_wofford_20250226,2025-02-26,western-carolina,Wofford,2025,157.0,146.49251,10.507492065429688,148.5,-2.0074920654296875,0,1,0
western-illinois_vs_pepperdine_20241106,2024-11-06,western-illinois,Pepperdine,2025,141.0,133.4147,7.585296630859375,136.0,-2.585296630859375,0,1,0
western-illinois_vs_central arkansas_20241116,2024-11-16,western-illinois,Central Arkansas,2025,124.0,146.16959,22.169586181640625,135.0,11.169586181640625,1,0,0
western-illinois_vs_ut martin_20250109,2025-01-09,western-illinois,UT Martin,2025,168.0,137.24333,30.756668090820312,134.0,3.2433319091796875,1,1,1
western-illinois_vs_tennessee state_20250111,2025-01-11,western-illinois,Tennessee State,2025,124.0,149.54219,25.542190551757812,147.0,2.5421905517578125,1,0,0
western-illinois_vs_little rock_20250123,2025-01-23,western-illinois,Little Rock,2025,113.0,132.64217,19.642166137695312,130.0,2.6421661376953125,1,0,0
western-illinois_vs_southeast missouri state_20250125,2025-01-25,western-illinois,Southeast Missouri State,2025,123.0,136.02048,13.020477294921875,133.0,3.020477294921875,1,0,0
western-illinois_vs_eastern illinois_20250130,2025-01-30,western-illinois,Eastern Illinois,2025,130.0,133.97357,3.97357177734375,126.5,7.47357177734375,1,1,1
western-illinois_vs_siu edwardsville_20250201,2025-02-01,western-illinois,SIU Edwardsville,2025,134.0,135.67969,1.6796875,129.5,6.1796875,1,1,1
western-illinois_vs_southern indiana_20250213,2025-02-13,western-illinois,Southern Indiana,2025,149.0,137.73042,11.269577026367188,136.5,1.2304229736328125,1,1,1
western-illinois_vs_morehead state_20250215,2025-02-15,western-illinois,Morehead State,2025,139.0,134.45471,4.5452880859375,131.0,3.4547119140625,1,1,1
western-illinois_vs_lindenwood_20250225,2025-02-25,western-illinois,Lindenwood,2025,167.0,138.27956,28.720443725585938,143.5,-5.2204437255859375,0,1,0
western-kentucky_vs_lipscomb_20241117,2024-11-17,western-kentucky,Lipscomb,2025,127.0,155.33513,28.335128784179688,160.0,-4.6648712158203125,0,0,1
western-kentucky_vs_jackson state_20241120,2024-11-20,western-kentucky,Jackson State,2025,141.0,154.04285,13.0428466796875,152.0,2.0428466796875,1,0,0
western-kentucky_vs_marshall_20241130,2024-11-30,western-kentucky,Marshall,2025,172.0,151.5236,20.476394653320312,150.0,1.5236053466796875,1,1,1
western-kentucky_vs_tennessee state_20241210,2024-12-10,western-kentucky,Tennessee State,2025,144.0,161.56848,17.5684814453125,161.5,0.0684814453125,1,0,0
western-kentucky_vs_murray state_20241214,2024-12-14,western-kentucky,Murray State,2025,157.0,149.75697,7.2430267333984375,148.0,1.7569732666015625,1,1,1
western-kentucky_vs_seattle_20241217,2024-12-17,western-kentucky,Seattle,2025,159.0,150.74179,8.258209228515625,149.0,1.741790771484375,1,1,1
western-kentucky_vs_jacksonville state_20250109,2025-01-09,western-kentucky,Jacksonville State,2025,140.0,149.04384,9.043838500976562,150.5,-1.4561614990234375,0,0,1
western-kentucky_vs_kennesaw state_20250111,2025-01-11,western-kentucky,Kennesaw State,2025,154.0,157.35855,3.358551025390625,163.5,-6.141448974609375,0,0,1
western-kentucky_vs_utep_20250130,2025-01-30,western-kentucky,UTEP,2025,152.0,147.02097,4.979034423828125,147.0,0.020965576171875,1,1,1
western-kentucky_vs_new mexico state_20250201,2025-02-01,western-kentucky,New Mexico State,2025,170.0,146.36133,23.638671875,141.5,4.861328125,1,1,1
western-kentucky_vs_middle tennessee_20250215,2025-02-15,western-kentucky,Middle Tennessee,2025,164.0,153.63988,10.360122680664062,151.5,2.1398773193359375,1,1,1
western-kentucky_vs_sam houston state_20250220,2025-02-20,western-kentucky,Sam Houston State,2025,140.0,155.77919,15.779190063476562,154.0,1.7791900634765625,1,0,0
western-kentucky_vs_louisiana tech_20250222,2025-02-22,western-kentucky,Louisiana Tech,2025,127.0,148.48909,21.489089965820312,145.5,2.9890899658203125,1,0,0
western-kentucky_vs_florida international_20250306,2025-03-06,western-kentucky,Florida International,2025,143.0,149.44394,6.443939208984375,145.0,4.443939208984375,1,0,0
western-kentucky_vs_liberty_20250308,2025-03-08,western-kentucky,Liberty,2025,151.0,141.26103,9.738967895507812,142.0,-0.7389678955078125,0,1,0
west-georgia_vs_georgia tech_20241106,2024-11-06,west-georgia,Georgia Tech,2025,147.0,148.38307,1.3830718994140625,147.5,0.8830718994140625,1,0,0
west-georgia_vs_troy_20241119,2024-11-19,west-georgia,Troy,2025,149.0,147.30563,1.694366455078125,144.5,2.805633544921875,1,1,1
west-georgia_vs_florida gulf coast_20250102,2025-01-02,west-georgia,Florida Gulf Coast,2025,147.0,133.9745,13.025497436523438,138.0,-4.0254974365234375,0,1,0
west-georgia_vs_stetson_20250104,2025-01-04,west-georgia,Stetson,2025,140.0,148.42824,8.428237915039062,148.5,-0.0717620849609375,0,0,1
west-georgia_vs_jacksonville_20250123,2025-01-23,west-georgia,Jacksonville,2025,141.0,141.82068,0.8206787109375,138.5,3.3206787109375,1,1,1
west-georgia_vs_north florida_20250125,2025-01-25,west-georgia,North Florida,2025,164.0,157.27275,6.7272491455078125,159.5,-2.2272491455078125,0,1,0
west-georgia_vs_lipscomb_20250205,2025-02-05,west-georgia,Lipscomb,2025,143.0,144.62456,1.6245574951171875,146.0,-1.3754425048828125,0,0,1
west-georgia_vs_north alabama_20250208,2025-02-08,west-georgia,North Alabama,2025,139.0,146.17676,7.1767578125,148.5,-2.3232421875,0,0,1
west-georgia_vs_central arkansas_20250220,2025-02-20,west-georgia,Central Arkansas,2025,153.0,147.53026,5.4697418212890625,142.0,5.5302581787109375,1,1,1
west-georgia_vs_queens (nc)_20250224,2025-02-24,west-georgia,Queens (NC),2025,129.0,149.82387,20.823867797851562,152.5,-2.6761322021484375,0,0,1
west-georgia_vs_austin peay_20250226,2025-02-26,west-georgia,Austin Peay,2025,143.0,144.67508,1.675079345703125,145.5,-0.824920654296875,0,0,1
west-virginia_vs_iona_20241120,2024-11-20,west-virginia,Iona,2025,129.0,147.84724,18.847244262695312,147.5,0.3472442626953125,1,0,0
west-virginia_vs_georgetown_20241206,2024-12-06,west-virginia,Georgetown,2025,133.0,147.55537,14.555374145507812,144.0,3.5553741455078125,1,0,0
west-virginia_vs_north carolina central_20241210,2024-12-10,west-virginia,North Carolina Central,2025,124.0,149.90271,25.9027099609375,141.5,8.4027099609375,1,0,0
west-virginia_vs_bethune-cookman_20241214,2024-12-14,west-virginia,Bethune-Cookman,2025,145.0,144.43443,0.5655670166015625,137.5,6.9344329833984375,1,1,1
west-virginia_vs_mercyhurst_20241222,2024-12-22,west-virginia,Mercyhurst,2025,113.0,139.90242,26.902420043945312,136.0,3.9024200439453125,1,0,0
west-virginia_vs_oklahoma state_20250104,2025-01-04,west-virginia,Oklahoma State,2025,119.0,146.93932,27.939315795898438,141.0,5.9393157958984375,1,0,0
west-virginia_vs_arizona_20250107,2025-01-07,west-virginia,Arizona,2025,131.0,149.57881,18.578811645507812,143.5,6.0788116455078125,1,0,0
west-virginia_vs_iowa state_20250118,2025-01-18,west-virginia,Iowa State,2025,121.0,145.41245,24.412445068359375,135.5,9.912445068359375,1,0,0
west-virginia_vs_arizona state_20250121,2025-01-21,west-virginia,Arizona State,2025,122.0,141.86609,19.8660888671875,134.0,7.8660888671875,1,0,0
west-virginia_vs_houston_20250129,2025-01-29,west-virginia,Houston,2025,112.0,132.38333,20.383331298828125,124.0,8.383331298828125,1,0,0
west-virginia_vs_utah_20250208,2025-02-08,west-virginia,Utah,2025,133.0,137.6074,4.6074066162109375,134.0,3.6074066162109375,1,0,0
west-virginia_vs_brigham young_20250211,2025-02-11,west-virginia,Brigham Young,2025,142.0,138.04224,3.957763671875,135.5,2.542236328125,1,1,1
west-virginia_vs_cincinnati_20250219,2025-02-19,west-virginia,Cincinnati,2025,121.0,132.5815,11.581497192382812,129.5,3.0814971923828125,1,0,0
west-virginia_vs_tcu_20250225,2025-02-25,west-virginia,TCU,2025,128.0,133.07726,5.0772552490234375,130.0,3.0772552490234375,1,0,0
west-virginia_vs_ucf_20250308,2025-03-08,west-virginia,UCF,2025,137.0,148.79105,11.791046142578125,145.5,3.291046142578125,1,0,0
wichita-state_vs_northern iowa_20241114,2024-11-14,wichita-state,Northern Iowa,2025,152.0,148.89566,3.104339599609375,152.5,-3.604339599609375,0,0,1
wichita-state_vs_monmouth_20241118,2024-11-18,wichita-state,Monmouth,2025,136.0,154.81898,18.818984985351562,154.5,0.3189849853515625,1,0,0
wichita-state_vs_alcorn state_20241204,2024-12-04,wichita-state,Alcorn State,2025,132.0,144.76501,12.7650146484375,141.5,3.2650146484375,1,0,0
wichita-state_vs_east tennessee state_20241207,2024-12-07,wichita-state,East Tennessee State,2025,183.0,146.91754,36.08245849609375,148.5,-1.58245849609375,0,1,0
wichita-state_vs_kansas city_20241217,2024-12-17,wichita-state,Kansas City,2025,138.0,149.53009,11.53009033203125,146.5,3.03009033203125,1,0,0
wichita-state_vs_kansas state_20241221,2024-12-21,wichita-state,Kansas State,2025,149.0,150.60506,1.6050567626953125,151.5,-0.8949432373046875,0,0,1
wichita-state_vs_south florida_20250106,2025-01-06,wichita-state,South Florida,2025,163.0,149.36064,13.639358520507812,155.5,-6.1393585205078125,0,1,0
wichita-state_vs_charlotte_20250114,2025-01-14,wichita-state,Charlotte,2025,127.0,148.72688,21.726882934570312,149.0,-0.2731170654296875,0,0,1
wichita-state_vs_east carolina_20250118,2025-01-18,wichita-state,East Carolina,2025,147.0,150.45366,3.4536590576171875,148.5,1.9536590576171875,1,0,0
wichita-state_vs_north texas_20250129,2025-01-29,wichita-state,North Texas,2025,112.0,135.65239,23.652389526367188,134.0,1.6523895263671875,1,0,0
wichita-state_vs_utsa_20250212,2025-02-12,wichita-state,UTSA,2025,133.0,151.62714,18.62713623046875,150.5,1.12713623046875,1,0,0
wichita-state_vs_memphis_20250216,2025-02-16,wichita-state,Memphis,2025,163.0,150.67786,12.3221435546875,150.0,0.6778564453125,1,1,1
wichita-state_vs_tulane_20250223,2025-02-23,wichita-state,Tulane,2025,145.0,147.95909,2.9590911865234375,143.5,4.4590911865234375,1,1,1
wichita-state_vs_uab_20250227,2025-02-27,wichita-state,UAB,2025,152.0,156.55777,4.557769775390625,155.5,1.057769775390625,1,0,0
wichita-state_vs_tulsa_20250309,2025-03-09,wichita-state,Tulsa,2025,136.0,145.77135,9.771347045898438,144.0,1.7713470458984375,1,0,0
william-mary_vs_richmond_20241218,2024-12-18,william-mary,Richmond,2025,180.0,154.50766,25.492340087890625,155.0,-0.492340087890625,0,1,0
william-mary_vs_navy_20241229,2024-12-29,william-mary,Navy,2025,158.0,154.51164,3.4883575439453125,158.5,-3.9883575439453125,0,0,1
william-mary_vs_elon_20250109,2025-01-09,william-mary,Elon,2025,143.0,148.50116,5.50115966796875,152.0,-3.49884033203125,0,0,1
william-mary_vs_north carolina a&t_20250111,2025-01-11,william-mary,North Carolina A&T,2025,159.0,159.07741,0.0774078369140625,168.5,-9.422592163085938,0,0,1
william-mary_vs_hampton_20250123,2025-01-23,william-mary,Hampton,2025,177.0,151.56175,25.438247680664062,148.0,3.5617523193359375,1,1,1
william-mary_vs_monmouth_20250125,2025-01-25,william-mary,Monmouth,2025,151.0,153.47205,2.4720458984375,156.0,-2.5279541015625,0,0,1
william-mary_vs_college of charleston_20250203,2025-02-03,william-mary,College of Charleston,2025,165.0,157.86745,7.1325531005859375,168.0,-10.132553100585938,0,0,1
william-mary_vs_hofstra_20250213,2025-02-13,william-mary,Hofstra,2025,121.0,144.53314,23.53314208984375,145.5,-0.96685791015625,0,0,1
william-mary_vs_drexel_20250215,2025-02-15,william-mary,Drexel,2025,131.0,145.52489,14.524887084960938,144.0,1.5248870849609375,1,0,0
william-mary_vs_unc wilmington_20250224,2025-02-24,william-mary,UNC Wilmington,2025,149.0,151.76234,2.7623443603515625,156.5,-4.7376556396484375,0,0,1
william-mary_vs_northeastern_20250301,2025-03-01,william-mary,Northeastern,2025,138.0,149.96684,11.966842651367188,152.5,-2.5331573486328125,0,0,1
winthrop_vs_william & mary_20241115,2024-11-15,winthrop,William & Mary,2025,171.0,153.22142,17.778579711914062,159.5,-6.2785797119140625,0,1,0
winthrop_vs_georgia southern_20241116,2024-11-16,winthrop,Georgia Southern,2025,176.0,158.155,17.845001220703125,150.5,7.654998779296875,1,1,1
winthrop_vs_north carolina central_20241117,2024-11-17,winthrop,North Carolina Central,2025,152.0,151.13287,0.86712646484375,147.5,3.63287353515625,1,1,1
winthrop_vs_liu_20241125,2024-11-25,winthrop,LIU,2025,152.0,148.71776,3.2822418212890625,153.0,-4.2822418212890625,0,0,1
winthrop_vs_coastal carolina_20241207,2024-12-07,winthrop,Coastal Carolina,2025,185.0,137.45808,47.54191589355469,141.5,-4.0419158935546875,0,1,0
winthrop_vs_mercer_20241221,2024-12-21,winthrop,Mercer,2025,199.0,162.8944,36.10560607910156,160.5,2.3943939208984375,1,1,1
winthrop_vs_usc upstate_20250102,2025-01-02,winthrop,USC Upstate,2025,171.0,161.03052,9.969482421875,165.0,-3.969482421875,0,1,0
winthrop_vs_longwood_20250111,2025-01-11,winthrop,Longwood,2025,171.0,152.59946,18.400543212890625,158.5,-5.900543212890625,0,1,0
winthrop_vs_charleston southern_20250115,2025-01-15,winthrop,Charleston Southern,2025,199.0,159.36363,39.63636779785156,159.5,-0.1363677978515625,0,1,0
winthrop_vs_presbyterian_20250129,2025-01-29,winthrop,Presbyterian,2025,143.0,154.68954,11.689544677734375,150.0,4.689544677734375,1,0,0
winthrop_vs_gardner-webb_20250201,2025-02-01,winthrop,Gardner-Webb,2025,189.0,157.81706,31.182937622070312,159.5,-1.6829376220703125,0,1,0
winthrop_vs_radford_20250212,2025-02-12,winthrop,Radford,2025,152.0,154.04198,2.0419769287109375,151.5,2.5419769287109375,1,1,1
winthrop_vs_high point_20250215,2025-02-15,winthrop,High Point,2025,154.0,155.29382,1.2938232421875,164.5,-9.2061767578125,0,0,1
winthrop_vs_unc asheville_20250301,2025-03-01,winthrop,UNC Asheville,2025,193.0,159.84314,33.1568603515625,164.5,-4.6568603515625,0,1,0
wisconsin_vs_arizona_20241115,2024-11-15,wisconsin,Arizona,2025,191.0,149.6771,41.322906494140625,151.0,-1.322906494140625,0,1,0
wisconsin_vs_chicago state_20241130,2024-11-30,wisconsin,Chicago State,2025,127.0,149.22041,22.220413208007812,148.5,0.7204132080078125,1,0,0
wisconsin_vs_michigan_20241203,2024-12-03,wisconsin,Michigan,2025,131.0,150.82753,19.827529907226562,150.5,0.3275299072265625,1,0,0
wisconsin_vs_detroit mercy_20241222,2024-12-22,wisconsin,Detroit Mercy,2025,129.0,149.69969,20.699691772460938,147.5,2.1996917724609375,1,0,0
wisconsin_vs_iowa_20250103,2025-01-03,wisconsin,Iowa,2025,201.0,158.3982,42.601806640625,163.5,-5.101806640625,0,1,0
wisconsin_vs_minnesota_20250110,2025-01-10,wisconsin,Minnesota,2025,139.0,141.07526,2.07525634765625,140.0,1.07525634765625,1,0,0
wisconsin_vs_ohio state_20250114,2025-01-14,wisconsin,Ohio State,2025,138.0,150.67694,12.67694091796875,149.5,1.17694091796875,1,0,0
wisconsin_vs_nebraska_20250126,2025-01-26,wisconsin,Nebraska,2025,138.0,148.34903,10.349029541015625,150.0,-1.650970458984375,0,0,1
wisconsin_vs_indiana_20250204,2025-02-04,wisconsin,Indiana,2025,140.0,148.90034,8.900344848632812,152.0,-3.0996551513671875,0,0,1
wisconsin_vs_illinois_20250218,2025-02-18,wisconsin,Illinois,2025,169.0,154.97691,14.023086547851562,162.0,-7.0230865478515625,0,1,0
wisconsin_vs_oregon_20250222,2025-02-22,wisconsin,Oregon,2025,150.0,145.50784,4.492156982421875,153.0,-7.492156982421875,0,0,1
wisconsin_vs_washington_20250225,2025-02-25,wisconsin,Washington,2025,150.0,145.01706,4.982940673828125,148.0,-2.982940673828125,0,1,0
wisconsin_vs_penn state_20250308,2025-03-08,wisconsin,Penn State,2025,161.0,150.89034,10.109664916992188,153.5,-2.6096649169921875,0,1,0
wofford_vs_north alabama_20241201,2024-12-01,wofford,North Alabama,2025,128.0,149.07785,21.077850341796875,145.0,4.077850341796875,1,0,0
wofford_vs_gardner-webb_20241204,2024-12-04,wofford,Gardner-Webb,2025,152.0,144.35895,7.64105224609375,141.5,2.85894775390625,1,1,1
wofford_vs_unc greensboro_20250101,2025-01-01,wofford,UNC Greensboro,2025,134.0,139.99818,5.9981842041015625,137.5,2.4981842041015625,1,0,0
wofford_vs_western carolina_20250108,2025-01-08,wofford,Western Carolina,2025,146.0,150.25647,4.2564697265625,144.5,5.7564697265625,1,1,1
wofford_vs_mercer_20250118,2025-01-18,wofford,Mercer,2025,118.0,155.16261,37.16261291503906,149.5,5.6626129150390625,1,0,0
wofford_vs_the citadel_20250122,2025-01-22,wofford,The Citadel,2025,147.0,139.45435,7.545654296875,134.5,4.954345703125,1,1,1
wofford_vs_vmi_20250129,2025-01-29,wofford,VMI,2025,141.0,143.30136,2.301361083984375,141.0,2.301361083984375,1,0,0
wofford_vs_chattanooga_20250205,2025-02-05,wofford,Chattanooga,2025,149.0,142.78514,6.2148590087890625,145.0,-2.2148590087890625,0,1,0
wofford_vs_samford_20250215,2025-02-15,wofford,Samford,2025,144.0,148.25906,4.259063720703125,150.0,-1.740936279296875,0,0,1
wofford_vs_east tennessee state_20250222,2025-02-22,wofford,East Tennessee State,2025,141.0,138.98035,2.0196533203125,135.5,3.4803466796875,1,1,1
wofford_vs_furman_20250301,2025-03-01,wofford,Furman,2025,153.0,140.99358,12.006423950195312,142.5,-1.5064239501953125,0,1,0
wright-state_vs_air force_20241130,2024-11-30,wright-state,Air Force,2025,127.0,135.63702,8.63702392578125,136.5,-0.86297607421875,0,0,1
wright-state_vs_marshall_20241211,2024-12-11,wright-state,Marshall,2025,167.0,147.25014,19.749862670898438,151.0,-3.7498626708984375,0,1,0
wright-state_vs_youngstown state_20241218,2024-12-18,wright-state,Youngstown State,2025,150.0,145.41829,4.5817108154296875,143.5,1.9182891845703125,1,1,1
wright-state_vs_green bay_20250102,2025-01-02,wright-state,Green Bay,2025,125.0,148.05693,23.056930541992188,153.0,-4.9430694580078125,0,0,1
wright-state_vs_oakland_20250109,2025-01-09,wright-state,Oakland,2025,128.0,140.12352,12.123519897460938,138.5,1.6235198974609375,1,0,0
wright-state_vs_milwaukee_20250122,2025-01-22,wright-state,Milwaukee,2025,174.0,151.71983,22.280166625976562,154.5,-2.7801666259765625,0,1,0
wright-state_vs_detroit mercy_20250125,2025-01-25,wright-state,Detroit Mercy,2025,117.0,145.81758,28.817581176757812,147.0,-1.1824188232421875,0,0,1
wright-state_vs_robert morris_20250202,2025-02-02,wright-state,Robert Morris,2025,130.0,151.60054,21.600540161132812,153.5,-1.8994598388671875,0,0,1
wright-state_vs_iu indy_20250208,2025-02-08,wright-state,IU Indy,2025,164.0,151.02776,12.972244262695312,152.0,-0.9722442626953125,0,1,0
wright-state_vs_northern kentucky_20250221,2025-02-21,wright-state,Northern Kentucky,2025,156.0,148.67772,7.3222808837890625,147.0,1.6777191162109375,1,1,1
wright-state_vs_cleveland state_20250227,2025-02-27,wright-state,Cleveland State,2025,158.0,144.72804,13.271957397460938,146.5,-1.7719573974609375,0,1,0
wright-state_vs_iu indy_20250304,2025-03-04,wright-state,IU Indy,2025,183.0,149.75897,33.24102783203125,153.0,-3.24102783203125,0,1,0
wyoming_vs_utah tech_20241116,2024-11-16,wyoming,Utah Tech,2025,155.0,151.25876,3.741241455078125,145.5,5.758758544921875,1,1,1
wyoming_vs_southeastern louisiana_20241122,2024-11-22,wyoming,Southeastern Louisiana,2025,125.0,147.18665,22.1866455078125,140.5,6.6866455078125,1,0,0
wyoming_vs_bellarmine_20241219,2024-12-19,wyoming,Bellarmine,2025,147.0,146.06311,0.9368896484375,140.0,6.0631103515625,1,1,1
wyoming_vs_nevada_20241228,2024-12-28,wyoming,Nevada,2025,129.0,136.69487,7.6948699951171875,133.5,3.1948699951171875,1,0,0
wyoming_vs_boise state_20241231,2024-12-31,wyoming,Boise State,2025,125.0,136.74002,11.740020751953125,136.0,0.740020751953125,1,0,0
wyoming_vs_new mexico_20250107,2025-01-07,wyoming,New Mexico,2025,114.0,152.86734,38.867340087890625,144.5,8.367340087890625,1,0,0
wyoming_vs_colorado state_20250118,2025-01-18,wyoming,Colorado State,2025,142.0,136.20674,5.7932586669921875,133.5,2.7067413330078125,1,1,1
wyoming_vs_fresno state_20250128,2025-01-28,wyoming,Fresno State,2025,155.0,144.82607,10.173934936523438,139.0,5.8260650634765625,1,1,1
wyoming_vs_utah state_20250204,2025-02-04,wyoming,Utah State,2025,138.0,137.25598,0.7440185546875,138.5,-1.2440185546875,0,0,1
wyoming_vs_unlv_20250208,2025-02-08,wyoming,UNLV,2025,125.0,133.3839,8.383895874023438,132.0,1.3838958740234375,1,0,0
wyoming_vs_air force_20250218,2025-02-18,wyoming,Air Force,2025,131.0,132.0718,1.0717926025390625,130.5,1.5717926025390625,1,1,1
wyoming_vs_san jose state_20250222,2025-02-22,wyoming,San Jose State,2025,155.0,139.93341,15.06658935546875,135.5,4.43341064453125,1,1,1
wyoming_vs_san diego state_20250301,2025-03-01,wyoming,San Diego State,2025,141.0,132.65953,8.340469360351562,132.5,0.1595306396484375,1,1,1
xavier_vs_wake forest_20241116,2024-11-16,xavier,Wake Forest,2025,135.0,147.38213,12.382125854492188,155.5,-8.117874145507812,0,0,1
xavier_vs_siena_20241120,2024-11-20,xavier,Siena,2025,135.0,148.78088,13.7808837890625,144.0,4.7808837890625,1,0,0
xavier_vs_south carolina state_20241201,2024-12-01,xavier,South Carolina State,2025,139.0,148.70755,9.707550048828125,148.0,0.707550048828125,1,0,0
xavier_vs_morgan state_20241210,2024-12-10,xavier,Morgan State,2025,177.0,154.19028,22.809722900390625,155.5,-1.309722900390625,0,1,0
xavier_vs_marquette_20241221,2024-12-21,xavier,Marquette,2025,142.0,149.7008,7.7008056640625,152.5,-2.7991943359375,0,0,1
xavier_vs_seton hall_20241231,2024-12-31,xavier,Seton Hall,2025,166.0,132.84462,33.15538024902344,134.5,-1.6553802490234375,0,1,0
xavier_vs_st. john's (ny)_20250107,2025-01-07,xavier,St. John's (NY),2025,154.0,154.07458,0.0745849609375,153.0,1.0745849609375,1,1,1
xavier_vs_villanova_20250114,2025-01-14,xavier,Villanova,2025,132.0,144.18506,12.18505859375,146.0,-1.81494140625,0,0,1
xavier_vs_connecticut_20250125,2025-01-25,xavier,Connecticut,2025,148.0,144.5232,3.476806640625,141.0,3.523193359375,1,1,1
xavier_vs_georgetown_20250204,2025-02-04,xavier,Georgetown,2025,143.0,140.53806,2.461944580078125,140.5,0.038055419921875,1,1,1
xavier_vs_depaul_20250215,2025-02-15,xavier,DePaul,2025,153.0,146.08133,6.918670654296875,144.0,2.081329345703125,1,1,1
xavier_vs_butler_20250218,2025-02-18,xavier,Butler,2025,139.0,145.97198,6.97198486328125,151.5,-5.52801513671875,0,0,1
xavier_vs_creighton_20250301,2025-03-01,xavier,Creighton,2025,144.0,143.93613,0.063873291015625,151.5,-7.563873291015625,0,0,1
xavier_vs_providence_20250308,2025-03-08,xavier,Providence,2025,144.0,144.17696,0.1769561767578125,150.5,-6.3230438232421875,0,0,1
yale_vs_vermont_20241207,2024-12-07,yale,Vermont,2025,115.0,138.02621,23.026214599609375,133.5,4.526214599609375,1,0,0
yale_vs_howard_20250101,2025-01-01,yale,Howard,2025,158.0,153.03078,4.9692230224609375,149.5,3.5307769775390625,1,1,1
yale_vs_brown_20250111,2025-01-11,yale,Brown,2025,137.0,142.49748,5.4974822998046875,142.0,0.4974822998046875,1,0,0
yale_vs_dartmouth_20250120,2025-01-20,yale,Dartmouth,2025,150.0,151.97331,1.9733123779296875,152.5,-0.5266876220703125,0,0,1
yale_vs_harvard_20250125,2025-01-25,yale,Harvard,2025,139.0,143.89713,4.897125244140625,142.5,1.397125244140625,1,0,0
yale_vs_pennsylvania_20250214,2025-02-14,yale,Pennsylvania,2025,143.0,145.25601,2.256011962890625,150.0,-4.743988037109375,0,0,1
yale_vs_princeton_20250215,2025-02-15,yale,Princeton,2025,141.0,147.19969,6.1996917724609375,146.0,1.1996917724609375,1,0,0
yale_vs_cornell_20250221,2025-02-21,yale,Cornell,2025,180.0,155.37134,24.628662109375,160.5,-5.128662109375,0,1,0
yale_vs_columbia_20250222,2025-02-22,yale,Columbia,2025,154.0,153.9536,0.0464019775390625,159.0,-5.0464019775390625,0,0,1
youngstown-state_vs_oakland_20241207,2024-12-07,youngstown-state,Oakland,2025,116.0,131.41655,15.416549682617188,132.5,-1.0834503173828125,0,0,1
youngstown-state_vs_toledo_20241214,2024-12-14,youngstown-state,Toledo,2025,180.0,144.86382,35.13618469238281,148.5,-3.6361846923828125,0,1,0
youngstown-state_vs_detroit mercy_20241229,2024-12-29,youngstown-state,Detroit Mercy,2025,137.0,139.10928,2.109283447265625,137.0,2.109283447265625,1,0,0
youngstown-state_vs_northern kentucky_20250108,2025-01-08,youngstown-state,Northern Kentucky,2025,133.0,138.75085,5.7508544921875,136.5,2.2508544921875,1,0,0
youngstown-state_vs_cleveland state_20250111,2025-01-11,youngstown-state,Cleveland State,2025,152.0,137.9801,14.0198974609375,136.5,1.4801025390625,1,1,1
youngstown-state_vs_robert morris_20250122,2025-01-22,youngstown-state,Robert Morris,2025,142.0,143.4959,1.4958953857421875,146.0,-2.5041046142578125,0,0,1
youngstown-state_vs_wright state_20250130,2025-01-30,youngstown-state,Wright State,2025,174.0,147.51785,26.482147216796875,148.5,-0.982147216796875,0,1,0
youngstown-state_vs_iu indy_20250201,2025-02-01,youngstown-state,IU Indy,2025,163.0,145.24457,17.75543212890625,144.5,0.74456787109375,1,1,1
youngstown-state_vs_milwaukee_20250221,2025-02-21,youngstown-state,Milwaukee,2025,158.0,150.8906,7.109405517578125,152.5,-1.609405517578125,0,1,0
youngstown-state_vs_green bay_20250223,2025-02-23,youngstown-state,Green Bay,2025,158.0,147.8521,10.147903442382812,149.0,-1.1479034423828125,0,1,0
