game_id,date,team_A,team_B,season,true_winner,pred_winner,p_win_A,correct,moneyline_a,moneyline_b
abilene-christian_vs_san jose state_20231117,2023-11-17,abilene-christian,San Jose State,2024,1,0,0.36264557,0,120.0,-142.0
abilene-christian_vs_fordham_20231119,2023-11-19,abilene-christian,Fordham,2024,1,1,0.57999635,1,119.0,-140.0
abilene-christian_vs_missouri state_20231120,2023-11-20,abilene-christian,Missouri State,2024,0,0,0.41142845,1,120.0,-145.0
abilene-christian_vs_stephen f. austin_20231202,2023-12-02,abilene-christian,Stephen F. Austin,2024,0,1,0.5261863,0,120.0,-140.0
abilene-christian_vs_northern arizona_20231206,2023-12-06,abilene-christian,Northern Arizona,2024,0,1,0.8322038,0,-410.0,330.0
abilene-christian_vs_utep_20231217,2023-12-17,abilene-christian,UTEP,2024,1,1,0.60027057,1,-116.0,-100.0
abilene-christian_vs_ut arlington_20240120,2024-01-20,abilene-christian,UT Arlington,2024,1,0,0.4926042,0,102.0,-122.0
abilene-christian_vs_utah tech_20240125,2024-01-25,abilene-christian,Utah Tech,2024,1,1,0.761458,1,-290.0,245.0
abilene-christian_vs_southern utah_20240127,2024-01-27,abilene-christian,Southern Utah,2024,0,1,0.7457377,0,-255.0,215.0
abilene-christian_vs_tarleton state_20240201,2024-02-01,abilene-christian,Tarleton State,2024,0,0,0.47020087,1,-133.0,113.0
abilene-christian_vs_california baptist_20240222,2024-02-22,abilene-christian,California Baptist,2024,1,0,0.44045606,0,-155.0,135.0
abilene-christian_vs_grand canyon_20240224,2024-02-24,abilene-christian,Grand Canyon,2024,1,0,0.21779813,0,325.0,-405.0
abilene-christian_vs_seattle_20240307,2024-03-07,abilene-christian,Seattle,2024,1,0,0.44365793,0,111.0,-130.0
abilene-christian_vs_utah valley_20240309,2024-03-09,abilene-christian,Utah Valley,2024,0,1,0.52544504,0,-142.0,120.0
abilene-christian_vs_stephen f. austin_20240313,2024-03-13,abilene-christian,Stephen F. Austin,2024,0,0,0.3925992,1,140.0,-166.0
abilene-christian_vs_texas a&mâcorpus christi_20240319,2024-03-19,abilene-christian,Texas A&MâCorpus Christi,2024,1,0,0.32800582,0,165.0,-200.0
air-force_vs_lindenwood_20231116,2023-11-16,air-force,Lindenwood,2024,1,1,0.9383282,1,-1600.0,900.0
air-force_vs_william & mary_20231117,2023-11-17,air-force,William & Mary,2024,1,1,0.80351067,1,-395.0,310.0
air-force_vs_omaha_20231119,2023-11-19,air-force,Omaha,2024,1,1,0.8529509,1,-407.0,313.0
air-force_vs_vmi_20231122,2023-11-22,air-force,VMI,2024,1,1,0.9457385,1,-1100.0,700.0
air-force_vs_eastern washington_20231209,2023-12-09,air-force,Eastern Washington,2024,0,1,0.78061235,0,-316.0,252.0
air-force_vs_ut arlington_20231216,2023-12-16,air-force,UT Arlington,2024,0,0,0.4490528,1,-108.0,-112.0
air-force_vs_northern colorado_20231221,2023-12-21,air-force,Northern Colorado,2024,0,1,0.76999855,0,-325.0,260.0
air-force_vs_utah state_20240102,2024-01-02,air-force,Utah State,2024,0,0,0.27339256,1,250.0,-300.0
air-force_vs_san jose state_20240113,2024-01-13,air-force,San Jose State,2024,0,0,0.40858006,1,-123.0,106.0
air-force_vs_new mexico_20240120,2024-01-20,air-force,New Mexico,2024,0,0,0.14445227,1,440.0,-600.0
air-force_vs_wyoming_20240130,2024-01-30,air-force,Wyoming,2024,0,1,0.5852749,0,-185.0,154.0
air-force_vs_san diego state_20240206,2024-02-06,air-force,San Diego State,2024,0,0,0.13872519,1,416.0,-573.0
air-force_vs_fresno state_20240210,2024-02-10,air-force,Fresno State,2024,0,1,0.5709404,0,-135.0,115.0
air-force_vs_unlv_20240221,2024-02-21,air-force,UNLV,2024,0,0,0.20749141,1,235.0,-290.0
air-force_vs_boise state_20240227,2024-02-27,air-force,Boise State,2024,0,0,0.14710926,1,500.0,-650.0
air-force_vs_colorado state_20240309,2024-03-09,air-force,Colorado State,2024,0,0,0.13206998,1,485.0,-625.0
air-force_vs_new mexico_20240313,2024-03-13,air-force,New Mexico,2024,0,0,0.0965824,1,890.0,-1600.0
akron_vs_florida international_20231119,2023-11-19,akron,Florida International,2024,1,1,0.6882844,1,-360.0,285.0
akron_vs_utah state_20231120,2023-11-20,akron,Utah State,2024,0,0,0.36175707,1,113.0,-132.0
akron_vs_drake_20231121,2023-11-21,akron,Drake,2024,0,0,0.39570302,1,102.0,-122.0
akron_vs_bradley_20231205,2023-12-05,akron,Bradley,2024,1,1,0.5271489,1,-135.0,114.0
akron_vs_gardner-webb_20231221,2023-12-21,akron,Gardner-Webb,2024,1,1,0.7969255,1,-550.0,400.0
akron_vs_st. bonaventure_20231230,2023-12-30,akron,St. Bonaventure,2024,0,0,0.32390502,1,-102.0,-118.0
akron_vs_bowling green_20240105,2024-01-05,akron,Bowling Green,2024,1,1,0.78890795,1,-500.0,380.0
akron_vs_buffalo_20240112,2024-01-12,akron,Buffalo,2024,1,1,0.9601862,1,-1600.0,900.0
akron_vs_ohio_20240123,2024-01-23,akron,Ohio,2024,1,1,0.7985275,1,-363.0,284.0
akron_vs_toledo_20240202,2024-02-02,akron,Toledo,2024,1,1,0.7535804,1,-166.0,140.0
akron_vs_central michigan_20240206,2024-02-06,akron,Central Michigan,2024,1,1,0.8989193,1,-1100.0,700.0
akron_vs_kent state_20240223,2024-02-23,akron,Kent State,2024,1,1,0.7434638,1,-330.0,275.0
akron_vs_northern illinois_20240302,2024-03-02,akron,Northern Illinois,2024,1,1,0.8929713,1,-1800.0,950.0
akron_vs_eastern michigan_20240305,2024-03-05,akron,Eastern Michigan,2024,0,1,0.9122196,0,-4000.0,1600.0
akron_vs_miami (oh)_20240314,2024-03-14,akron,Miami (OH),2024,1,1,0.75616056,1,-396.0,306.0
akron_vs_ohio_20240315,2024-03-15,akron,Ohio,2024,1,1,0.5621303,1,-155.0,125.0
akron_vs_kent state_20240316,2024-03-16,akron,Kent State,2024,1,1,0.59876543,1,-187.0,163.0
akron_vs_creighton_20240321,2024-03-21,akron,Creighton,2024,0,0,0.18434821,1,525.0,-697.0
alabama_vs_south alabama_20231114,2023-11-14,alabama,South Alabama,2024,1,1,0.9747192,1,-3000.0,1250.0
alabama_vs_mercer_20231117,2023-11-17,alabama,Mercer,2024,1,1,0.98116034,1,-33333.0,5000.0
alabama_vs_ohio state_20231124,2023-11-24,alabama,Ohio State,2024,0,1,0.7009921,0,-305.0,245.0
alabama_vs_oregon_20231125,2023-11-25,alabama,Oregon,2024,1,1,0.7129602,1,-450.0,333.0
alabama_vs_clemson_20231128,2023-11-28,alabama,Clemson,2024,0,1,0.788408,0,-410.0,320.0
alabama_vs_arkansas state_20231204,2023-12-04,alabama,Arkansas State,2024,1,1,0.9743925,1,-6500.0,2000.0
alabama_vs_purdue_20231209,2023-12-09,alabama,Purdue,2024,0,0,0.35003138,1,180.0,-225.0
alabama_vs_arizona_20231220,2023-12-20,alabama,Arizona,2024,0,0,0.49649718,1,270.0,-325.0
alabama_vs_eastern kentucky_20231223,2023-12-23,alabama,Eastern Kentucky,2024,1,1,0.9757504,1,-3748.0,1412.0
alabama_vs_liberty_20231230,2023-12-30,alabama,Liberty,2024,1,1,0.8316944,1,-527.0,388.0
alabama_vs_south carolina_20240109,2024-01-09,alabama,South Carolina,2024,1,1,0.8881302,1,-794.0,539.0
alabama_vs_missouri_20240116,2024-01-16,alabama,Missouri,2024,1,1,0.9532055,1,-1350.0,810.0
alabama_vs_auburn_20240124,2024-01-24,alabama,Auburn,2024,1,1,0.62274706,1,-180.0,150.0
alabama_vs_louisiana state_20240127,2024-01-27,alabama,Louisiana State,2024,1,1,0.9085467,1,-936.0,612.0
alabama_vs_mississippi state_20240203,2024-02-03,alabama,Mississippi State,2024,1,1,0.8276945,1,-410.0,330.0
alabama_vs_texas a&m_20240217,2024-02-17,alabama,Texas A&M,2024,1,1,0.82482547,1,-380.0,310.0
alabama_vs_florida_20240221,2024-02-21,alabama,Florida,2024,1,1,0.74331063,1,-550.0,400.0
alabama_vs_tennessee_20240302,2024-03-02,alabama,Tennessee,2024,0,1,0.70303357,0,-185.0,154.0
alabama_vs_arkansas_20240309,2024-03-09,alabama,Arkansas,2024,1,1,0.92245376,1,-1600.0,900.0
alabama_vs_florida_20240315,2024-03-15,alabama,Florida,2024,0,1,0.5978904,0,-205.0,170.0
alabama_vs_college of charleston_20240322,2024-03-22,alabama,College of Charleston,2024,1,1,0.8610889,1,-410.0,320.0
alabama_vs_grand canyon_20240324,2024-03-24,alabama,Grand Canyon,2024,1,1,0.7942265,1,-225.0,195.0
alabama_vs_north carolina_20240328,2024-03-28,alabama,North Carolina,2024,1,1,0.556684,1,173.0,-198.0
alabama_vs_clemson_20240330,2024-03-30,alabama,Clemson,2024,1,1,0.65908986,1,-162.0,136.0
alabama_vs_connecticut_20240406,2024-04-06,alabama,Connecticut,2024,0,0,0.30823094,1,395.0,-500.0
alabama-am_vs_east tennessee state_20231124,2023-11-24,alabama-am,East Tennessee State,2024,0,0,0.33609313,1,600.0,-900.0
alabama-am_vs_tennessee state_20231129,2023-11-29,alabama-am,Tennessee State,2024,1,0,0.27833712,0,210.0,-258.0
alabama-am_vs_uab_20231213,2023-12-13,alabama-am,UAB,2024,0,0,0.122718796,1,635.0,-870.0
alabama-am_vs_chattanooga_20231216,2023-12-16,alabama-am,Chattanooga,2024,0,0,0.26601136,1,343.0,-488.0
alabama-am_vs_alcorn state_20240111,2024-01-11,alabama-am,Alcorn State,2024,0,1,0.58286756,0,104.0,-127.0
alabama-am_vs_jackson state_20240113,2024-01-13,alabama-am,Jackson State,2024,0,0,0.23948851,1,180.0,-227.0
alabama-am_vs_alabama state_20240115,2024-01-15,alabama-am,Alabama State,2024,0,0,0.30105248,1,190.0,-230.0
alabama-am_vs_florida a&m_20240203,2024-02-03,alabama-am,Florida A&M,2024,1,1,0.6346629,1,-130.0,
alabama-am_vs_bethune-cookman_20240205,2024-02-05,alabama-am,Bethune-Cookman,2024,1,0,0.4275603,0,,-135.0
alabama-am_vs_mississippi valley state_20240217,2024-02-17,alabama-am,Mississippi Valley State,2024,1,1,0.83358514,1,-900.0,600.0
alabama-am_vs_arkansasâpine bluff_20240219,2024-02-19,alabama-am,ArkansasâPine Bluff,2024,1,1,0.611539,1,-150.0,130.0
alabama-am_vs_alabama state_20240302,2024-03-02,alabama-am,Alabama State,2024,1,0,0.48202777,0,130.0,-155.0
alabama-am_vs_southern_20240309,2024-03-09,alabama-am,Southern,2024,1,0,0.25849065,0,125.0,-150.0
alabama-am_vs_alcorn state_20240313,2024-03-13,alabama-am,Alcorn State,2024,1,0,0.39428532,0,135.0,-160.0
alabama-am_vs_texas southern_20240315,2024-03-15,alabama-am,Texas Southern,2024,0,0,0.338586,1,225.0,-275.0
alabama-birmingham_vs_clemson_20231110,2023-11-10,alabama-birmingham,Clemson,2024,0,0,0.35371897,1,240.0,-285.0
alabama-birmingham_vs_maryland_20231112,2023-11-12,alabama-birmingham,Maryland,2024,1,0,0.3451858,0,215.0,-255.0
alabama-birmingham_vs_alcorn state_20231116,2023-11-16,alabama-birmingham,Alcorn State,2024,1,1,0.9475924,1,-2500.0,1100.0
alabama-birmingham_vs_furman_20231125,2023-11-25,alabama-birmingham,Furman,2024,1,1,0.6807066,1,-240.0,200.0
alabama-birmingham_vs_mcneese state_20231128,2023-11-28,alabama-birmingham,McNeese State,2024,0,1,0.8319588,0,-238.0,195.0
alabama-birmingham_vs_southern mississippi_20231201,2023-12-01,alabama-birmingham,Southern Mississippi,2024,0,1,0.6973279,0,-450.0,360.0
alabama-birmingham_vs_drake_20231222,2023-12-22,alabama-birmingham,Drake,2024,1,0,0.3644861,0,195.0,-250.0
alabama-birmingham_vs_unc asheville_20231229,2023-12-29,alabama-birmingham,UNC Asheville,2024,1,1,0.7127176,1,-270.0,220.0
alabama-birmingham_vs_south florida_20240107,2024-01-07,alabama-birmingham,South Florida,2024,1,1,0.5202554,1,-174.0,147.0
alabama-birmingham_vs_tulane_20240117,2024-01-17,alabama-birmingham,Tulane,2024,1,0,0.35401237,0,-140.0,115.0
alabama-birmingham_vs_east carolina_20240120,2024-01-20,alabama-birmingham,East Carolina,2024,1,1,0.5415895,1,-197.0,165.0
alabama-birmingham_vs_memphis_20240128,2024-01-28,alabama-birmingham,Memphis,2024,1,0,0.3846521,0,161.0,-181.0
alabama-birmingham_vs_florida atlantic_20240208,2024-02-08,alabama-birmingham,Florida Atlantic,2024,1,0,0.33935547,0,200.0,-245.0
alabama-birmingham_vs_north texas_20240218,2024-02-18,alabama-birmingham,North Texas,2024,1,0,0.35971648,0,-167.0,147.0
alabama-birmingham_vs_rice_20240221,2024-02-21,alabama-birmingham,Rice,2024,0,1,0.8249866,0,-660.0,510.0
alabama-birmingham_vs_wichita state_20240228,2024-02-28,alabama-birmingham,Wichita State,2024,0,1,0.7787866,0,-365.0,285.0
alabama-birmingham_vs_smu_20240310,2024-03-10,alabama-birmingham,SMU,2024,1,0,0.40878633,0,-125.0,105.0
alabama-birmingham_vs_wichita state_20240315,2024-03-15,alabama-birmingham,Wichita State,2024,1,1,0.6588187,1,-205.0,170.0
alabama-birmingham_vs_south florida_20240316,2024-03-16,alabama-birmingham,South Florida,2024,1,0,0.38273925,0,118.0,-133.0
alabama-birmingham_vs_temple_20240317,2024-03-17,alabama-birmingham,Temple,2024,1,1,0.7274481,1,-275.0,230.0
alabama-birmingham_vs_san diego state_20240322,2024-03-22,alabama-birmingham,San Diego State,2024,0,0,0.29969245,1,215.0,-255.0
alabama-state_vs_north carolina a&t_20231124,2023-11-24,alabama-state,North Carolina A&T,2024,1,1,0.7514499,1,-200.0,165.0
alabama-state_vs_merrimack_20231125,2023-11-25,alabama-state,Merrimack,2024,1,0,0.2969288,0,280.0,-350.0
alabama-state_vs_southern california_20231219,2023-12-19,alabama-state,Southern California,2024,0,0,0.1130529,1,1068.0,-2391.0
alabama-state_vs_jackson state_20240111,2024-01-11,alabama-state,Jackson State,2024,0,0,0.4988544,1,-102.0,-118.0
alabama-state_vs_alcorn state_20240113,2024-01-13,alabama-state,Alcorn State,2024,1,1,0.8071721,1,-192.0,160.0
alabama-state_vs_bethune-cookman_20240203,2024-02-03,alabama-state,Bethune-Cookman,2024,0,1,0.7026215,0,-210.0,175.0
alabama-state_vs_florida a&m_20240205,2024-02-05,alabama-state,Florida A&M,2024,1,1,0.8656031,1,-434.0,312.0
alabama-state_vs_arkansasâpine bluff_20240217,2024-02-17,alabama-state,ArkansasâPine Bluff,2024,0,1,0.78162974,0,-287.0,221.0
alabama-state_vs_mississippi valley state_20240219,2024-02-19,alabama-state,Mississippi Valley State,2024,1,1,0.8782472,1,-1600.0,900.0
alabama-state_vs_southern_20240307,2024-03-07,alabama-state,Southern,2024,0,0,0.37167716,1,,
albany-ny_vs_army_20231121,2023-11-21,albany-ny,Army,2024,1,1,0.65783376,1,-205.0,170.0
albany-ny_vs_boston university_20231129,2023-11-29,albany-ny,Boston University,2024,1,1,0.8279866,1,-355.0,280.0
albany-ny_vs_dartmouth_20231202,2023-12-02,albany-ny,Dartmouth,2024,1,1,0.5536806,1,-162.0,136.0
albany-ny_vs_temple_20231210,2023-12-10,albany-ny,Temple,2024,0,0,0.23675498,1,259.0,-346.0
albany-ny_vs_sacred heart_20231219,2023-12-19,albany-ny,Sacred Heart,2024,1,1,0.63481337,1,-165.0,140.0
albany-ny_vs_binghamton_20240113,2024-01-13,albany-ny,Binghamton,2024,1,1,0.67934424,1,-166.0,140.0
albany-ny_vs_umass lowell_20240118,2024-01-18,albany-ny,UMass Lowell,2024,0,0,0.45098025,1,135.0,-160.0
albany-ny_vs_bryant_20240120,2024-01-20,albany-ny,Bryant,2024,0,1,0.5098972,0,132.0,-162.0
albany-ny_vs_umbc_20240203,2024-02-03,albany-ny,UMBC,2024,0,1,0.7744566,0,-260.0,203.0
albany-ny_vs_njit_20240215,2024-02-15,albany-ny,NJIT,2024,1,1,0.6673174,1,-205.0,164.0
albany-ny_vs_vermont_20240222,2024-02-22,albany-ny,Vermont,2024,0,0,0.26450023,1,455.0,-625.0
albany-ny_vs_new hampshire_20240229,2024-02-29,albany-ny,New Hampshire,2024,1,1,0.6515164,1,-117.0,-103.0
albany-ny_vs_maine_20240302,2024-03-02,albany-ny,Maine,2024,0,1,0.6321314,0,-105.0,-115.0
alcorn-state_vs_texas southern_20240120,2024-01-20,alcorn-state,Texas Southern,2024,0,0,0.448692,1,-122.0,102.0
alcorn-state_vs_southern_20240203,2024-02-03,alcorn-state,Southern,2024,0,0,0.2899883,1,-145.0,120.0
alcorn-state_vs_bethune-cookman_20240217,2024-02-17,alcorn-state,Bethune-Cookman,2024,1,1,0.5988949,1,-155.0,130.0
alcorn-state_vs_florida a&m_20240219,2024-02-19,alcorn-state,Florida A&M,2024,1,1,0.82318294,1,-679.0,444.0
alcorn-state_vs_jackson state_20240224,2024-02-24,alcorn-state,Jackson State,2024,1,1,0.5833103,1,-198.0,164.0
alcorn-state_vs_mississippi valley state_20240307,2024-03-07,alcorn-state,Mississippi Valley State,2024,1,1,0.8864777,1,-2100.0,1100.0
alcorn-state_vs_arkansasâpine bluff_20240309,2024-03-09,alcorn-state,ArkansasâPine Bluff,2024,1,1,0.7529712,1,-415.0,301.0
american_vs_siena_20231113,2023-11-13,american,Siena,2024,1,1,0.71844286,1,-249.0,204.0
american_vs_njit_20231116,2023-11-16,american,NJIT,2024,1,1,0.9249881,1,-626.0,417.0
american_vs_mount st. mary's_20231122,2023-11-22,american,Mount St. Mary's,2024,1,1,0.54556364,1,-192.0,160.0
american_vs_saint francis (pa)_20231202,2023-12-02,american,Saint Francis (PA),2024,0,1,0.918876,0,-1050.0,675.0
american_vs_lehigh_20240103,2024-01-03,american,Lehigh,2024,1,1,0.5473833,1,-145.0,120.0
american_vs_army_20240113,2024-01-13,american,Army,2024,1,1,0.6596812,1,-279.0,215.0
american_vs_holy cross_20240124,2024-01-24,american,Holy Cross,2024,1,1,0.8394592,1,-575.0,425.0
american_vs_colgate_20240127,2024-01-27,american,Colgate,2024,0,0,0.4964055,1,114.0,-135.0
american_vs_bucknell_20240203,2024-02-03,american,Bucknell,2024,1,1,0.63491386,1,-218.0,180.0
american_vs_loyola (md)_20240207,2024-02-07,american,Loyola (MD),2024,0,1,0.80927205,0,-520.0,390.0
american_vs_lafayette_20240217,2024-02-17,american,Lafayette,2024,0,1,0.67376924,0,-225.0,180.0
american_vs_boston university_20240221,2024-02-21,american,Boston University,2024,0,1,0.67720604,0,-301.0,230.0
american_vs_navy_20240302,2024-03-02,american,Navy,2024,0,1,0.70093405,0,-325.0,260.0
american_vs_bucknell_20240307,2024-03-07,american,Bucknell,2024,0,1,0.6031247,0,-240.0,189.0
appalachian-state_vs_unc wilmington_20231121,2023-11-21,appalachian-state,UNC Wilmington,2024,1,0,0.33663577,0,120.0,-140.0
appalachian-state_vs_murray state_20231122,2023-11-22,appalachian-state,Murray State,2024,1,1,0.67861754,1,-142.0,121.0
appalachian-state_vs_austin peay_20231126,2023-11-26,appalachian-state,Austin Peay,2024,1,1,0.79851395,1,-470.0,360.0
appalachian-state_vs_east tennessee state_20231129,2023-11-29,appalachian-state,East Tennessee State,2024,1,1,0.8810914,1,-650.0,450.0
appalachian-state_vs_auburn_20231203,2023-12-03,appalachian-state,Auburn,2024,1,0,0.29859677,0,270.0,-325.0
appalachian-state_vs_gardner-webb_20231216,2023-12-16,appalachian-state,Gardner-Webb,2024,1,1,0.7802352,1,-295.0,226.0
appalachian-state_vs_unc asheville_20231221,2023-12-21,appalachian-state,UNC Asheville,2024,0,1,0.84323823,0,-550.0,410.0
appalachian-state_vs_louisianaâmonroe_20231230,2023-12-30,appalachian-state,LouisianaâMonroe,2024,1,1,0.9268696,1,-1400.0,800.0
appalachian-state_vs_georgia state_20240117,2024-01-17,appalachian-state,Georgia State,2024,1,1,0.83697593,1,-410.0,330.0
appalachian-state_vs_coastal carolina_20240120,2024-01-20,appalachian-state,Coastal Carolina,2024,1,1,0.92578435,1,-1500.0,870.0
appalachian-state_vs_georgia southern_20240125,2024-01-25,appalachian-state,Georgia Southern,2024,1,1,0.93599355,1,-2000.0,1000.0
appalachian-state_vs_james madison_20240127,2024-01-27,appalachian-state,James Madison,2024,1,1,0.57643896,1,-125.0,105.0
appalachian-state_vs_toledo_20240210,2024-02-10,appalachian-state,Toledo,2024,1,1,0.7655991,1,-286.0,231.0
appalachian-state_vs_marshall_20240215,2024-02-15,appalachian-state,Marshall,2024,1,1,0.84158593,1,-585.0,465.0
appalachian-state_vs_louisiana_20240217,2024-02-17,appalachian-state,Louisiana,2024,1,1,0.65262294,1,-310.0,250.0
appalachian-state_vs_old dominion_20240228,2024-02-28,appalachian-state,Old Dominion,2024,1,1,0.8916909,1,-1300.0,790.0
appalachian-state_vs_arkansas state_20240301,2024-03-01,appalachian-state,Arkansas State,2024,1,1,0.7278913,1,-345.0,275.0
appalachian-state_vs_georgia southern_20240309,2024-03-09,appalachian-state,Georgia Southern,2024,1,1,0.857986,1,-1000.0,660.0
appalachian-state_vs_arkansas state_20240310,2024-03-10,appalachian-state,Arkansas State,2024,0,1,0.65766245,0,-205.0,170.0
arizona_vs_southern_20231113,2023-11-13,arizona,Southern,2024,1,1,0.9741201,1,-33333.0,6000.0
arizona_vs_belmont_20231117,2023-11-17,arizona,Belmont,2024,1,1,0.96860886,1,-5000.0,1800.0
arizona_vs_ut arlington_20231119,2023-11-19,arizona,UT Arlington,2024,1,1,0.96781623,1,-4444.0,1829.0
arizona_vs_michigan state_20231123,2023-11-23,arizona,Michigan State,2024,1,1,0.57758737,1,-220.0,190.0
arizona_vs_colgate_20231202,2023-12-02,arizona,Colgate,2024,1,1,0.94420564,1,-10000.0,1600.0
arizona_vs_wisconsin_20231209,2023-12-09,arizona,Wisconsin,2024,1,1,0.7322614,1,-465.0,375.0
arizona_vs_purdue_20231216,2023-12-16,arizona,Purdue,2024,0,1,0.5162313,0,-130.0,
arizona_vs_florida atlantic_20231223,2023-12-23,arizona,Florida Atlantic,2024,0,1,0.6554461,0,-310.0,248.0
arizona_vs_colorado_20240104,2024-01-04,arizona,Colorado,2024,1,1,0.7862281,1,-883.0,586.0
arizona_vs_utah_20240106,2024-01-06,arizona,Utah,2024,1,1,0.8454506,1,-900.0,640.0
arizona_vs_southern california_20240117,2024-01-17,arizona,Southern California,2024,1,1,0.9346545,1,-2800.0,1300.0
arizona_vs_ucla_20240120,2024-01-20,arizona,UCLA,2024,1,1,0.9722315,1,-2047.0,1087.0
arizona_vs_california_20240201,2024-02-01,arizona,California,2024,1,1,0.9587764,1,-2400.0,1200.0
arizona_vs_stanford_20240204,2024-02-04,arizona,Stanford,2024,1,1,0.9441609,1,-1924.0,1040.0
arizona_vs_arizona state_20240217,2024-02-17,arizona,Arizona State,2024,1,1,0.94881725,1,-2125.0,1116.0
arizona_vs_washington state_20240222,2024-02-22,arizona,Washington State,2024,0,1,0.86080134,0,-1025.0,656.0
arizona_vs_washington_20240224,2024-02-24,arizona,Washington,2024,1,1,0.91715664,1,-1650.0,950.0
arizona_vs_oregon_20240302,2024-03-02,arizona,Oregon,2024,1,1,0.9102573,1,-1027.0,657.0
arizona_vs_southern california_20240314,2024-03-14,arizona,Southern California,2024,1,1,0.85552156,1,-490.0,366.0
arizona_vs_oregon_20240315,2024-03-15,arizona,Oregon,2024,0,1,0.853315,0,-725.0,545.0
arizona_vs_long beach state_20240321,2024-03-21,arizona,Long Beach State,2024,1,1,0.9666296,1,-3000.0,1250.0
arizona_vs_dayton_20240323,2024-03-23,arizona,Dayton,2024,1,1,0.7662443,1,-393.0,322.0
arizona_vs_clemson_20240328,2024-03-28,arizona,Clemson,2024,0,1,0.6807799,0,-305.0,257.0
arizona-state_vs_texas southern_20231111,2023-11-11,arizona-state,Texas Southern,2024,1,1,0.86935925,1,-1159.0,657.0
arizona-state_vs_umass lowell_20231116,2023-11-16,arizona-state,UMass Lowell,2024,1,1,0.5857106,1,-325.0,260.0
arizona-state_vs_brigham young_20231124,2023-11-24,arizona-state,Brigham Young,2024,0,0,0.3214172,1,,
arizona-state_vs_vanderbilt_20231124,2023-11-24,arizona-state,Vanderbilt,2024,1,1,0.5306211,1,-118.0,-102.0
arizona-state_vs_sam houston state_20231129,2023-11-29,arizona-state,Sam Houston State,2024,1,1,0.70881915,1,-278.0,225.0
arizona-state_vs_san francisco_20231203,2023-12-03,arizona-state,San Francisco,2024,1,1,0.6124687,1,-139.0,119.0
arizona-state_vs_smu_20231206,2023-12-06,arizona-state,SMU,2024,1,1,0.5837579,1,-140.0,115.0
arizona-state_vs_tcu_20231216,2023-12-16,arizona-state,TCU,2024,0,0,0.22146077,1,305.0,-375.0
arizona-state_vs_northwestern_20231220,2023-12-20,arizona-state,Northwestern,2024,0,0,0.29170457,1,155.0,-175.0
arizona-state_vs_utah_20240104,2024-01-04,arizona-state,Utah,2024,1,0,0.2320014,0,224.0,-277.0
arizona-state_vs_colorado_20240106,2024-01-06,arizona-state,Colorado,2024,1,0,0.39204657,0,130.0,-155.0
arizona-state_vs_ucla_20240117,2024-01-17,arizona-state,UCLA,2024,0,1,0.70928085,0,-162.0,136.0
arizona-state_vs_southern california_20240120,2024-01-20,arizona-state,Southern California,2024,1,1,0.52041376,1,-205.0,175.0
arizona-state_vs_stanford_20240201,2024-02-01,arizona-state,Stanford,2024,0,1,0.5544314,0,-105.0,-111.0
arizona-state_vs_california_20240203,2024-02-03,arizona-state,California,2024,0,1,0.6051441,0,-130.0,
arizona-state_vs_oregon state_20240214,2024-02-14,arizona-state,Oregon State,2024,1,1,0.75530475,1,-280.0,235.0
arizona-state_vs_washington_20240222,2024-02-22,arizona-state,Washington,2024,0,0,0.4100618,1,120.0,-141.0
arizona-state_vs_washington state_20240224,2024-02-24,arizona-state,Washington State,2024,1,0,0.27973762,0,185.0,-215.0
arizona-state_vs_arizona_20240228,2024-02-28,arizona-state,Arizona,2024,0,0,0.14519963,1,527.0,-771.0
arizona-state_vs_utah_20240313,2024-03-13,arizona-state,Utah,2024,0,0,0.30056807,1,235.0,-280.0
arkansas_vs_old dominion_20231113,2023-11-13,arkansas,Old Dominion,2024,1,1,0.9620007,1,-3000.0,1200.0
arkansas_vs_unc greensboro_20231117,2023-11-17,arkansas,UNC Greensboro,2024,0,1,0.81588405,0,-1308.0,788.0
arkansas_vs_stanford_20231122,2023-11-22,arkansas,Stanford,2024,1,0,0.48497704,0,-274.0,223.0
arkansas_vs_memphis_20231123,2023-11-23,arkansas,Memphis,2024,0,1,0.52816355,0,-118.0,-102.0
arkansas_vs_north carolina_20231124,2023-11-24,arkansas,North Carolina,2024,0,0,0.27000844,1,143.0,-163.0
arkansas_vs_duke_20231129,2023-11-29,arkansas,Duke,2024,1,0,0.412053,0,162.0,-182.0
arkansas_vs_furman_20231204,2023-12-04,arkansas,Furman,2024,1,1,0.85420454,1,-750.0,525.0
arkansas_vs_oklahoma_20231209,2023-12-09,arkansas,Oklahoma,2024,0,0,0.3444159,1,149.0,-177.0
arkansas_vs_lipscomb_20231216,2023-12-16,arkansas,Lipscomb,2024,1,1,0.89851433,1,-1232.0,685.0
arkansas_vs_abilene christian_20231221,2023-12-21,arkansas,Abilene Christian,2024,1,1,0.885671,1,-1500.0,870.0
arkansas_vs_unc wilmington_20231230,2023-12-30,arkansas,UNC Wilmington,2024,1,1,0.6602385,1,-607.0,435.0
arkansas_vs_auburn_20240106,2024-01-06,arkansas,Auburn,2024,0,0,0.24829175,1,116.0,-136.0
arkansas_vs_texas a&m_20240116,2024-01-16,arkansas,Texas A&M,2024,1,0,0.3406482,0,120.0,-140.0
arkansas_vs_south carolina_20240120,2024-01-20,arkansas,South Carolina,2024,0,0,0.4307066,1,-160.0,135.0
arkansas_vs_kentucky_20240127,2024-01-27,arkansas,Kentucky,2024,0,0,0.20073973,1,208.0,-255.0
arkansas_vs_georgia_20240210,2024-02-10,arkansas,Georgia,2024,1,0,0.46589732,0,-170.0,150.0
arkansas_vs_tennessee_20240214,2024-02-14,arkansas,Tennessee,2024,0,0,0.21370263,1,329.0,-431.0
arkansas_vs_missouri_20240224,2024-02-24,arkansas,Missouri,2024,1,1,0.68452954,1,-244.0,200.0
arkansas_vs_vanderbilt_20240227,2024-02-27,arkansas,Vanderbilt,2024,0,1,0.79137814,0,-550.0,430.0
arkansas_vs_louisiana state_20240306,2024-03-06,arkansas,Louisiana State,2024,1,0,0.47852415,0,-195.0,170.0
arkansas_vs_vanderbilt_20240313,2024-03-13,arkansas,Vanderbilt,2024,1,1,0.7302641,1,-265.0,225.0
arkansas_vs_south carolina_20240314,2024-03-14,arkansas,South Carolina,2024,0,0,0.25607958,1,213.0,-261.0
arkansas-little-rock_vs_northern illinois_20231118,2023-11-18,arkansas-little-rock,Northern Illinois,2024,0,0,0.3417792,1,137.0,-157.0
arkansas-little-rock_vs_georgia state_20231122,2023-11-22,arkansas-little-rock,Georgia State,2024,0,1,0.5228399,0,-102.0,-115.0
arkansas-little-rock_vs_tulsa_20231125,2023-11-25,arkansas-little-rock,Tulsa,2024,1,1,0.51053214,1,155.0,-175.0
arkansas-little-rock_vs_ball state_20231128,2023-11-28,arkansas-little-rock,Ball State,2024,1,1,0.704167,1,-130.0,
arkansas-little-rock_vs_arkansas state_20231201,2023-12-01,arkansas-little-rock,Arkansas State,2024,1,1,0.5147953,1,-125.0,105.0
arkansas-little-rock_vs_winthrop_20231210,2023-12-10,arkansas-little-rock,Winthrop,2024,0,0,0.42701226,1,105.0,-125.0
arkansas-little-rock_vs_utsa_20231213,2023-12-13,arkansas-little-rock,UTSA,2024,1,1,0.73899376,1,-285.0,240.0
arkansas-little-rock_vs_murray state_20231218,2023-12-18,arkansas-little-rock,Murray State,2024,1,0,0.4144516,0,102.0,-119.0
arkansas-little-rock_vs_jacksonville state_20231221,2023-12-21,arkansas-little-rock,Jacksonville State,2024,0,1,0.6470155,0,-141.0,121.0
arkansas-little-rock_vs_siu edwardsville_20240104,2024-01-04,arkansas-little-rock,SIU Edwardsville,2024,1,1,0.64724827,1,-175.0,145.0
arkansas-little-rock_vs_eastern illinois_20240106,2024-01-06,arkansas-little-rock,Eastern Illinois,2024,0,1,0.73897105,0,-415.0,335.0
arkansas-little-rock_vs_lindenwood_20240125,2024-01-25,arkansas-little-rock,Lindenwood,2024,1,1,0.8838519,1,-623.0,445.0
arkansas-little-rock_vs_southeast missouri state_20240127,2024-01-27,arkansas-little-rock,Southeast Missouri State,2024,1,1,0.89623326,1,-750.0,525.0
arkansas-little-rock_vs_ut martin_20240206,2024-02-06,arkansas-little-rock,UT Martin,2024,1,1,0.5574661,1,-148.0,124.0
arkansas-little-rock_vs_morehead state_20240215,2024-02-15,arkansas-little-rock,Morehead State,2024,1,0,0.3059032,0,102.0,-122.0
arkansas-little-rock_vs_southern indiana_20240217,2024-02-17,arkansas-little-rock,Southern Indiana,2024,1,1,0.8302463,1,-550.0,430.0
arkansas-little-rock_vs_tennessee state_20240229,2024-02-29,arkansas-little-rock,Tennessee State,2024,1,1,0.77476364,1,-360.0,285.0
arkansas-little-rock_vs_western illinois_20240308,2024-03-08,arkansas-little-rock,Western Illinois,2024,1,1,0.6703126,1,-238.0,195.0
arkansas-little-rock_vs_morehead state_20240309,2024-03-09,arkansas-little-rock,Morehead State,2024,0,0,0.33856907,1,170.0,-204.0
arkansas-little-rock_vs_fairfield_20240324,2024-03-24,arkansas-little-rock,Fairfield,2024,0,1,0.5551651,0,-135.0,
arkansas-pine-bluff_vs_incarnate word_20231118,2023-11-18,arkansas-pine-bluff,Incarnate Word,2024,0,1,0.5616527,0,-230.0,190.0
arkansas-pine-bluff_vs_alabama a&m_20240106,2024-01-06,arkansas-pine-bluff,Alabama A&M,2024,0,1,0.6977276,0,-180.0,150.0
arkansas-pine-bluff_vs_alabama state_20240108,2024-01-08,arkansas-pine-bluff,Alabama State,2024,0,0,0.38337132,1,-102.0,-118.0
arkansas-pine-bluff_vs_florida a&m_20240120,2024-01-20,arkansas-pine-bluff,Florida A&M,2024,1,1,0.61694765,1,-250.0,200.0
arkansas-pine-bluff_vs_bethune-cookman_20240122,2024-01-22,arkansas-pine-bluff,Bethune-Cookman,2024,1,0,0.442354,0,-128.0,108.0
arkansas-pine-bluff_vs_alcorn state_20240210,2024-02-10,arkansas-pine-bluff,Alcorn State,2024,0,1,0.5300114,0,100.0,-120.0
arkansas-pine-bluff_vs_jackson state_20240212,2024-02-12,arkansas-pine-bluff,Jackson State,2024,0,0,0.4885832,1,102.0,-123.0
arkansas-pine-bluff_vs_texas southern_20240226,2024-02-26,arkansas-pine-bluff,Texas Southern,2024,0,0,0.40067637,1,142.0,-175.0
arkansas-pine-bluff_vs_mississippi valley state_20240302,2024-03-02,arkansas-pine-bluff,Mississippi Valley State,2024,1,1,0.8385298,1,-900.0,600.0
arkansas-state_vs_alcorn state_20231114,2023-11-14,arkansas-state,Alcorn State,2024,1,1,0.8432379,1,-581.0,393.0
arkansas-state_vs_san diego_20231124,2023-11-24,arkansas-state,San Diego,2024,0,1,0.5888326,0,-200.0,165.0
arkansas-state_vs_jackson state_20231128,2023-11-28,arkansas-state,Jackson State,2024,0,1,0.7718545,0,-375.0,295.0
arkansas-state_vs_uab_20231209,2023-12-09,arkansas-state,UAB,2024,1,0,0.4565884,0,170.0,-205.0
arkansas-state_vs_georgia southern_20240104,2024-01-04,arkansas-state,Georgia Southern,2024,1,1,0.8397815,1,-432.0,329.0
arkansas-state_vs_old dominion_20240106,2024-01-06,arkansas-state,Old Dominion,2024,1,1,0.79610825,1,-434.0,331.0
arkansas-state_vs_texas state_20240111,2024-01-11,arkansas-state,Texas State,2024,1,1,0.80451465,1,-275.0,230.0
arkansas-state_vs_louisiana_20240113,2024-01-13,arkansas-state,Louisiana,2024,0,1,0.7140025,0,-131.0,111.0
arkansas-state_vs_southern mississippi_20240131,2024-01-31,arkansas-state,Southern Mississippi,2024,1,1,0.78293556,1,-247.0,203.0
arkansas-state_vs_louisianaâmonroe_20240203,2024-02-03,arkansas-state,LouisianaâMonroe,2024,1,1,0.85445,1,-425.0,324.0
arkansas-state_vs_james madison_20240207,2024-02-07,arkansas-state,James Madison,2024,0,0,0.35279647,1,181.0,-218.0
arkansas-state_vs_ohio_20240210,2024-02-10,arkansas-state,Ohio,2024,1,1,0.6676842,1,-145.0,120.0
arkansas-state_vs_troy_20240222,2024-02-22,arkansas-state,Troy,2024,1,1,0.51743424,1,-135.0,115.0
arkansas-state_vs_south alabama_20240224,2024-02-24,arkansas-state,South Alabama,2024,1,1,0.82056755,1,-418.0,320.0
arkansas-state_vs_louisiana_20240309,2024-03-09,arkansas-state,Louisiana,2024,1,0,0.42358962,0,-175.0,145.0
arkansas-state_vs_james madison_20240311,2024-03-11,arkansas-state,James Madison,2024,0,0,0.2960598,1,225.0,-265.0
arkansas-state_vs_bethune-cookman_20240323,2024-03-23,arkansas-state,Bethune-Cookman,2024,1,1,0.8351997,1,-877.0,582.0
arkansas-state_vs_montana_20240325,2024-03-25,arkansas-state,Montana,2024,1,1,0.6018886,1,-155.0,135.0
arkansas-state_vs_high point_20240326,2024-03-26,arkansas-state,High Point,2024,0,0,0.4127221,1,114.0,-135.0
army_vs_quinnipiac_20231117,2023-11-17,army,Quinnipiac,2024,0,0,0.34953308,1,204.0,-261.0
army_vs_central connecticut state_20231129,2023-11-29,army,Central Connecticut State,2024,0,1,0.50977117,0,-142.0,120.0
army_vs_le moyne_20231205,2023-12-05,army,Le Moyne,2024,1,1,0.6131176,1,-142.0,120.0
army_vs_stony brook_20231217,2023-12-17,army,Stony Brook,2024,0,0,0.30558172,1,150.0,-185.0
army_vs_holy cross_20240106,2024-01-06,army,Holy Cross,2024,1,1,0.6981345,1,-259.0,202.0
army_vs_loyola (md)_20240110,2024-01-10,army,Loyola (MD),2024,0,1,0.6307702,0,-185.0,154.0
army_vs_colgate_20240117,2024-01-17,army,Colgate,2024,0,0,0.3310448,1,350.0,-455.0
army_vs_bucknell_20240127,2024-01-27,army,Bucknell,2024,0,0,0.44153786,1,-122.0,102.0
army_vs_lafayette_20240203,2024-02-03,army,Lafayette,2024,0,0,0.4334405,1,120.0,-142.0
army_vs_navy_20240210,2024-02-10,army,Navy,2024,1,1,0.5651389,1,-134.0,
army_vs_boston university_20240214,2024-02-14,army,Boston University,2024,1,0,0.4571194,0,-102.0,-119.0
army_vs_lehigh_20240221,2024-02-21,army,Lehigh,2024,0,0,0.44684348,1,120.0,-145.0
army_vs_american_20240228,2024-02-28,army,American,2024,0,0,0.33707145,1,160.0,-200.0
army_vs_holy cross_20240305,2024-03-05,army,Holy Cross,2024,0,1,0.6546794,0,-210.0,168.0
auburn_vs_notre dame_20231116,2023-11-16,auburn,Notre Dame,2024,1,1,0.943341,1,-1400.0,800.0
auburn_vs_st. bonaventure_20231117,2023-11-17,auburn,St. Bonaventure,2024,1,1,0.64551926,1,-575.0,425.0
auburn_vs_alabama a&m_20231121,2023-11-21,auburn,Alabama A&M,2024,1,1,0.9784774,1,-50001.0,6600.0
auburn_vs_virginia tech_20231129,2023-11-29,auburn,Virginia Tech,2024,1,1,0.81521827,1,-450.0,360.0
auburn_vs_indiana_20231209,2023-12-09,auburn,Indiana,2024,1,1,0.7232835,1,-340.0,270.0
auburn_vs_unc asheville_20231213,2023-12-13,auburn,UNC Asheville,2024,1,1,0.95868915,1,-2576.0,1120.0
auburn_vs_southern california_20231217,2023-12-17,auburn,Southern California,2024,1,1,0.79420656,1,-404.0,311.0
auburn_vs_alabama state_20231222,2023-12-22,auburn,Alabama State,2024,1,1,0.9779037,1,-50001.0,6600.0
auburn_vs_chattanooga_20231230,2023-12-30,auburn,Chattanooga,2024,1,1,0.9781482,1,-3122.0,1451.0
auburn_vs_pennsylvania_20240102,2024-01-02,auburn,Pennsylvania,2024,1,1,0.9760384,1,-2807.0,1351.0
auburn_vs_texas a&m_20240109,2024-01-09,auburn,Texas A&M,2024,1,1,0.7933878,1,-306.0,245.0
auburn_vs_louisiana state_20240113,2024-01-13,auburn,Louisiana State,2024,1,1,0.9442818,1,-1100.0,700.0
auburn_vs_vanderbilt_20240131,2024-01-31,auburn,Vanderbilt,2024,1,1,0.97579396,1,-1863.0,1017.0
auburn_vs_alabama_20240207,2024-02-07,auburn,Alabama,2024,1,1,0.7728831,1,-246.0,202.0
auburn_vs_south carolina_20240214,2024-02-14,auburn,South Carolina,2024,1,1,0.81454265,1,-806.0,545.0
auburn_vs_kentucky_20240217,2024-02-17,auburn,Kentucky,2024,0,1,0.8092143,0,-400.0,320.0
auburn_vs_mississippi state_20240302,2024-03-02,auburn,Mississippi State,2024,1,1,0.82966626,1,-600.0,440.0
auburn_vs_georgia_20240309,2024-03-09,auburn,Georgia,2024,1,1,0.94000936,1,-1850.0,950.0
auburn_vs_south carolina_20240315,2024-03-15,auburn,South Carolina,2024,1,1,0.70351666,1,-350.0,280.0
auburn_vs_mississippi state_20240316,2024-03-16,auburn,Mississippi State,2024,1,1,0.81934553,1,-375.0,295.0
auburn_vs_florida_20240317,2024-03-17,auburn,Florida,2024,1,1,0.7145811,1,-250.0,200.0
auburn_vs_yale_20240322,2024-03-22,auburn,Yale,2024,0,1,0.8734576,0,-900.0,625.0
austin-peay_vs_tarleton state_20231120,2023-11-20,austin-peay,Tarleton State,2024,0,0,0.36833248,1,115.0,-140.0
austin-peay_vs_sacramento state_20231122,2023-11-22,austin-peay,Sacramento State,2024,1,1,0.6138763,1,-125.0,105.0
austin-peay_vs_morehead state_20231129,2023-11-29,austin-peay,Morehead State,2024,0,0,0.48963168,1,-125.0,105.0
austin-peay_vs_murray state_20231209,2023-12-09,austin-peay,Murray State,2024,1,0,0.38575947,0,120.0,-142.0
austin-peay_vs_ohio_20231222,2023-12-22,austin-peay,Ohio,2024,1,0,0.3086458,0,155.0,-190.0
austin-peay_vs_north alabama_20240118,2024-01-18,austin-peay,North Alabama,2024,1,1,0.6785076,1,-170.0,142.0
austin-peay_vs_central arkansas_20240120,2024-01-20,austin-peay,Central Arkansas,2024,1,1,0.77624923,1,-400.0,310.0
austin-peay_vs_north florida_20240203,2024-02-03,austin-peay,North Florida,2024,1,1,0.52893484,1,-105.0,-115.0
austin-peay_vs_kennesaw state_20240208,2024-02-08,austin-peay,Kennesaw State,2024,1,1,0.6151579,1,-107.0,-113.0
austin-peay_vs_queens (nc)_20240210,2024-02-10,austin-peay,Queens (NC),2024,1,1,0.6864573,1,-155.0,130.0
austin-peay_vs_lipscomb_20240224,2024-02-24,austin-peay,Lipscomb,2024,0,1,0.57771206,0,105.0,-125.0
austin-peay_vs_eastern kentucky_20240228,2024-02-28,austin-peay,Eastern Kentucky,2024,1,0,0.4151088,0,112.0,-137.0
austin-peay_vs_bellarmine_20240301,2024-03-01,austin-peay,Bellarmine,2024,1,1,0.7182293,1,-450.0,340.0
austin-peay_vs_north florida_20240305,2024-03-05,austin-peay,North Florida,2024,1,1,0.63607,1,-185.0,154.0
austin-peay_vs_north alabama_20240307,2024-03-07,austin-peay,North Alabama,2024,1,1,0.6769198,1,-175.0,145.0
austin-peay_vs_alabama a&m_20240320,2024-03-20,austin-peay,Alabama A&M,2024,0,1,0.8191221,0,-665.0,515.0
ball-state_vs_usc upstate_20231121,2023-11-21,ball-state,USC Upstate,2024,1,0,0.43704897,0,-175.0,145.0
ball-state_vs_arkansasâpine bluff_20231124,2023-11-24,ball-state,ArkansasâPine Bluff,2024,1,1,0.74766564,1,-650.0,470.0
ball-state_vs_bellarmine_20231202,2023-12-02,ball-state,Bellarmine,2024,1,0,0.36536688,0,-125.0,105.0
ball-state_vs_siu edwardsville_20231210,2023-12-10,ball-state,SIU Edwardsville,2024,1,0,0.45532468,0,-134.0,114.0
ball-state_vs_indiana state_20231216,2023-12-16,ball-state,Indiana State,2024,0,0,0.15121132,1,810.0,-1350.0
ball-state_vs_central michigan_20240106,2024-01-06,ball-state,Central Michigan,2024,0,1,0.7013108,0,-280.0,235.0
ball-state_vs_akron_20240109,2024-01-09,ball-state,Akron,2024,0,0,0.1630302,1,254.0,-319.0
ball-state_vs_miami (oh)_20240120,2024-01-20,ball-state,Miami (OH),2024,0,0,0.48878816,1,-192.0,160.0
ball-state_vs_northern illinois_20240127,2024-01-27,ball-state,Northern Illinois,2024,1,1,0.6376916,1,-195.0,163.0
ball-state_vs_bowling green_20240130,2024-01-30,ball-state,Bowling Green,2024,0,0,0.48797566,1,-136.0,116.0
ball-state_vs_ohio_20240206,2024-02-06,ball-state,Ohio,2024,0,0,0.4288616,1,,-135.0
ball-state_vs_eastern michigan_20240224,2024-02-24,ball-state,Eastern Michigan,2024,0,1,0.6973784,0,-593.0,427.0
ball-state_vs_kent state_20240305,2024-03-05,ball-state,Kent State,2024,1,0,0.38748053,0,139.0,-164.0
baylor_vs_gardner-webb_20231112,2023-11-12,baylor,Gardner-Webb,2024,1,1,0.95105195,1,-2819.0,1186.0
baylor_vs_oregon state_20231122,2023-11-22,baylor,Oregon State,2024,1,1,0.939142,1,-1600.0,900.0
baylor_vs_florida_20231124,2023-11-24,baylor,Florida,2024,1,1,0.5674373,1,-150.0,125.0
baylor_vs_northwestern state_20231202,2023-12-02,baylor,Northwestern State,2024,1,1,0.98234946,1,-99995.0,10000.0
baylor_vs_seton hall_20231205,2023-12-05,baylor,Seton Hall,2024,1,1,0.86888784,1,-680.0,530.0
baylor_vs_michigan state_20231216,2023-12-16,baylor,Michigan State,2024,0,1,0.71228594,0,-155.0,130.0
baylor_vs_duke_20231220,2023-12-20,baylor,Duke,2024,0,1,0.52768064,0,124.0,-148.0
baylor_vs_mississippi valley state_20231222,2023-12-22,baylor,Mississippi Valley State,2024,1,1,0.9842972,1,,
baylor_vs_cornell_20240102,2024-01-02,baylor,Cornell,2024,1,1,0.92469895,1,-1723.0,962.0
baylor_vs_brigham young_20240109,2024-01-09,baylor,Brigham Young,2024,1,1,0.690957,1,-204.0,170.0
baylor_vs_cincinnati_20240113,2024-01-13,baylor,Cincinnati,2024,1,1,0.8277327,1,-285.0,230.0
baylor_vs_tcu_20240127,2024-01-27,baylor,TCU,2024,0,1,0.7251005,0,-198.0,164.0
baylor_vs_iowa state_20240203,2024-02-03,baylor,Iowa State,2024,1,1,0.526189,1,-181.0,152.0
baylor_vs_texas tech_20240206,2024-02-06,baylor,Texas Tech,2024,1,1,0.726859,1,-258.0,210.0
baylor_vs_oklahoma_20240213,2024-02-13,baylor,Oklahoma,2024,1,1,0.79308915,1,-300.0,240.0
baylor_vs_houston_20240224,2024-02-24,baylor,Houston,2024,0,0,0.43115106,1,124.0,-148.0
baylor_vs_kansas_20240302,2024-03-02,baylor,Kansas,2024,1,1,0.6982091,1,-190.0,165.0
baylor_vs_texas_20240304,2024-03-04,baylor,Texas,2024,1,1,0.7361508,1,-360.0,285.0
baylor_vs_cincinnati_20240314,2024-03-14,baylor,Cincinnati,2024,1,1,0.74465334,1,-340.0,270.0
baylor_vs_iowa state_20240315,2024-03-15,baylor,Iowa State,2024,0,1,0.5009797,0,114.0,-134.0
baylor_vs_colgate_20240322,2024-03-22,baylor,Colgate,2024,1,1,0.91045004,1,-1100.0,700.0
baylor_vs_clemson_20240324,2024-03-24,baylor,Clemson,2024,0,1,0.6280555,0,-200.0,165.0
bellarmine_vs_morehead state_20231120,2023-11-20,bellarmine,Morehead State,2024,0,1,0.6960044,0,-185.0,154.0
bellarmine_vs_evansville_20231216,2023-12-16,bellarmine,Evansville,2024,0,1,0.67905843,0,-120.0,100.0
bellarmine_vs_austin peay_20240104,2024-01-04,bellarmine,Austin Peay,2024,0,1,0.6486201,0,-154.0,126.0
bellarmine_vs_lipscomb_20240106,2024-01-06,bellarmine,Lipscomb,2024,0,0,0.39721444,1,140.0,-166.0
bellarmine_vs_north florida_20240125,2024-01-25,bellarmine,North Florida,2024,0,0,0.40222937,1,-103.0,-117.0
bellarmine_vs_jacksonville_20240127,2024-01-27,bellarmine,Jacksonville,2024,1,1,0.6122063,1,-176.0,142.0
bellarmine_vs_stetson_20240207,2024-02-07,bellarmine,Stetson,2024,0,0,0.35863808,1,130.0,-159.0
bellarmine_vs_eastern kentucky_20240217,2024-02-17,bellarmine,Eastern Kentucky,2024,0,0,0.29029077,1,230.0,-285.0
bellarmine_vs_central arkansas_20240222,2024-02-22,bellarmine,Central Arkansas,2024,1,1,0.71952856,1,-235.0,186.0
bellarmine_vs_north alabama_20240224,2024-02-24,bellarmine,North Alabama,2024,1,0,0.47699463,0,165.0,-200.0
belmont_vs_monmouth_20231124,2023-11-24,belmont,Monmouth,2024,0,1,0.70211625,0,-275.0,230.0
belmont_vs_lafayette_20231126,2023-11-26,belmont,Lafayette,2024,1,1,0.59433424,1,-380.0,300.0
belmont_vs_valparaiso_20231202,2023-12-02,belmont,Valparaiso,2024,1,1,0.8052129,1,-1400.0,825.0
belmont_vs_lipscomb_20231206,2023-12-06,belmont,Lipscomb,2024,1,1,0.51344526,1,-170.0,142.0
belmont_vs_arkansas state_20231220,2023-12-20,belmont,Arkansas State,2024,1,1,0.65887403,1,-214.0,178.0
belmont_vs_drake_20240107,2024-01-07,belmont,Drake,2024,1,0,0.39453247,0,190.0,-230.0
belmont_vs_illinois state_20240110,2024-01-10,belmont,Illinois State,2024,1,1,0.81030524,1,-276.0,224.0
belmont_vs_northern iowa_20240117,2024-01-17,belmont,Northern Iowa,2024,0,0,0.47164148,1,116.0,-136.0
belmont_vs_illinoisâchicago_20240127,2024-01-27,belmont,IllinoisâChicago,2024,1,1,0.6280858,1,-225.0,195.0
belmont_vs_indiana state_20240131,2024-01-31,belmont,Indiana State,2024,0,0,0.2624744,1,315.0,-385.0
belmont_vs_murray state_20240207,2024-02-07,belmont,Murray State,2024,1,0,0.43527266,0,-155.0,130.0
belmont_vs_southern illinois_20240214,2024-02-14,belmont,Southern Illinois,2024,1,0,0.4345116,0,-155.0,132.0
belmont_vs_missouri state_20240224,2024-02-24,belmont,Missouri State,2024,1,1,0.67085665,1,-345.0,275.0
belmont_vs_evansville_20240303,2024-03-03,belmont,Evansville,2024,1,1,0.84635246,1,-650.0,500.0
belmont_vs_valparaiso_20240307,2024-03-07,belmont,Valparaiso,2024,1,1,0.85853374,1,-1450.0,850.0
belmont_vs_northern iowa_20240308,2024-03-08,belmont,Northern Iowa,2024,0,0,0.46862623,1,-125.0,105.0
bethune-cookman_vs_charleston southern_20231120,2023-11-20,bethune-cookman,Charleston Southern,2024,1,1,0.6355999,1,-130.0,
bethune-cookman_vs_lamar_20231124,2023-11-24,bethune-cookman,Lamar,2024,0,1,0.5381597,0,124.0,-148.0
bethune-cookman_vs_delaware state_20231125,2023-11-25,bethune-cookman,Delaware State,2024,0,1,0.61924297,0,-118.0,-102.0
bethune-cookman_vs_incarnate word_20231201,2023-12-01,bethune-cookman,Incarnate Word,2024,1,1,0.5274477,1,-115.0,-105.0
bethune-cookman_vs_florida a&m_20240106,2024-01-06,bethune-cookman,Florida A&M,2024,1,1,0.6140185,1,-222.0,176.0
bethune-cookman_vs_southern_20240115,2024-01-15,bethune-cookman,Southern,2024,1,0,0.27961242,0,154.0,-191.0
bethune-cookman_vs_jackson state_20240127,2024-01-27,bethune-cookman,Jackson State,2024,1,0,0.41110036,0,146.0,-180.0
bethune-cookman_vs_alcorn state_20240129,2024-01-29,bethune-cookman,Alcorn State,2024,0,1,0.69998443,0,-168.0,137.0
bethune-cookman_vs_texas southern_20240212,2024-02-12,bethune-cookman,Texas Southern,2024,1,1,0.5880323,1,-135.0,114.0
bethune-cookman_vs_alabama a&m_20240224,2024-02-24,bethune-cookman,Alabama A&M,2024,1,1,0.76267284,1,-181.0,146.0
bethune-cookman_vs_alabama state_20240226,2024-02-26,bethune-cookman,Alabama State,2024,1,1,0.59834754,1,-155.0,130.0
bethune-cookman_vs_southern_20240314,2024-03-14,bethune-cookman,Southern,2024,1,0,0.35429972,0,187.0,-237.0
binghamton_vs_marist_20231118,2023-11-18,binghamton,Marist,2024,1,1,0.56557435,1,-145.0,120.0
binghamton_vs_army_20231125,2023-11-25,binghamton,Army,2024,1,1,0.7567028,1,-470.0,360.0
binghamton_vs_le moyne_20231209,2023-12-09,binghamton,Le Moyne,2024,1,1,0.87345374,1,-566.0,386.0
binghamton_vs_niagara_20231219,2023-12-19,binghamton,Niagara,2024,1,1,0.78706497,1,-243.0,191.0
binghamton_vs_vermont_20240118,2024-01-18,binghamton,Vermont,2024,0,0,0.25605783,1,225.0,-293.0
binghamton_vs_umass lowell_20240120,2024-01-20,binghamton,UMass Lowell,2024,0,0,0.27232397,1,220.0,-275.0
binghamton_vs_njit_20240201,2024-02-01,binghamton,NJIT,2024,1,1,0.62562174,1,-247.0,194.0
binghamton_vs_albany (ny)_20240208,2024-02-08,binghamton,Albany (NY),2024,1,0,0.46362346,0,-160.0,135.0
binghamton_vs_bryant_20240210,2024-02-10,binghamton,Bryant,2024,0,0,0.28840148,1,150.0,-185.0
binghamton_vs_umbc_20240215,2024-02-15,binghamton,UMBC,2024,0,1,0.69747865,0,-185.0,154.0
binghamton_vs_maine_20240229,2024-02-29,binghamton,Maine,2024,1,0,0.49322024,0,-175.0,145.0
binghamton_vs_new hampshire_20240302,2024-03-02,binghamton,New Hampshire,2024,1,1,0.5939836,1,-166.0,140.0
boise-state_vs_virginia tech_20231123,2023-11-23,boise-state,Virginia Tech,2024,0,0,0.36886206,1,114.0,-135.0
boise-state_vs_vcu_20231124,2023-11-24,boise-state,VCU,2024,1,1,0.52520716,1,-175.0,155.0
boise-state_vs_butler_20231126,2023-11-26,boise-state,Butler,2024,0,1,0.51031584,0,-125.0,105.0
boise-state_vs_north texas_20231205,2023-12-05,boise-state,North Texas,2024,1,1,0.6281638,1,-225.0,185.0
boise-state_vs_northwestern state_20231212,2023-12-12,boise-state,Northwestern State,2024,1,1,0.9732314,1,-3245.0,1294.0
boise-state_vs_cal state fullerton_20231217,2023-12-17,boise-state,Cal State Fullerton,2024,1,1,0.81760925,1,-823.0,554.0
boise-state_vs_washington state_20231221,2023-12-21,boise-state,Washington State,2024,0,0,0.49128115,1,127.0,-150.0
boise-state_vs_utah valley_20231229,2023-12-29,boise-state,Utah Valley,2024,1,1,0.943316,1,-575.0,425.0
boise-state_vs_colorado state_20240109,2024-01-09,boise-state,Colorado State,2024,1,0,0.42804655,0,115.0,-135.0
boise-state_vs_unlv_20240116,2024-01-16,boise-state,UNLV,2024,0,1,0.73448545,0,-225.0,180.0
boise-state_vs_san diego state_20240120,2024-01-20,boise-state,San Diego State,2024,1,0,0.49998176,0,-105.0,-115.0
boise-state_vs_utah state_20240127,2024-01-27,boise-state,Utah State,2024,0,1,0.6128592,0,-148.0,124.0
boise-state_vs_air force_20240203,2024-02-03,boise-state,Air Force,2024,1,1,0.93035495,1,-841.0,564.0
boise-state_vs_fresno state_20240217,2024-02-17,boise-state,Fresno State,2024,1,1,0.9364842,1,-1550.0,875.0
boise-state_vs_san jose state_20240220,2024-02-20,boise-state,San Jose State,2024,1,1,0.93000096,1,-1800.0,1000.0
boise-state_vs_new mexico_20240302,2024-03-02,boise-state,New Mexico,2024,1,1,0.59426713,1,-165.0,145.0
boise-state_vs_nevada_20240305,2024-03-05,boise-state,Nevada,2024,0,1,0.6730639,0,-243.0,199.0
boise-state_vs_new mexico_20240314,2024-03-14,boise-state,New Mexico,2024,0,0,0.387921,1,-105.0,-115.0
boise-state_vs_colorado_20240320,2024-03-20,boise-state,Colorado,2024,0,0,0.44017985,1,158.0,-178.0
boston-college_vs_richmond_20231115,2023-11-15,boston-college,Richmond,2024,1,1,0.69535506,1,-195.0,170.0
boston-college_vs_harvard_20231118,2023-11-18,boston-college,Harvard,2024,1,1,0.7994297,1,-265.0,215.0
boston-college_vs_colorado state_20231122,2023-11-22,boston-college,Colorado State,2024,0,0,0.3451452,1,196.0,-239.0
boston-college_vs_loyola chicago_20231123,2023-11-23,boston-college,Loyola Chicago,2024,0,0,0.48370698,1,-155.0,135.0
boston-college_vs_nc state_20231202,2023-12-02,boston-college,NC State,2024,0,0,0.4083651,1,-130.0,
boston-college_vs_central connecticut state_20231205,2023-12-05,boston-college,Central Connecticut State,2024,1,1,0.91780245,1,-10000.0,3000.0
boston-college_vs_holy cross_20231208,2023-12-08,boston-college,Holy Cross,2024,1,1,0.965551,1,-2800.0,1300.0
boston-college_vs_st. john's (ny)_20231210,2023-12-10,boston-college,St. John's (NY),2024,1,0,0.24460155,0,205.0,-250.0
boston-college_vs_lehigh_20231221,2023-12-21,boston-college,Lehigh,2024,1,1,0.92973167,1,-1822.0,895.0
boston-college_vs_wake forest_20240102,2024-01-02,boston-college,Wake Forest,2024,0,1,0.5648678,0,105.0,-130.0
boston-college_vs_notre dame_20240115,2024-01-15,boston-college,Notre Dame,2024,1,1,0.78484434,1,-425.0,330.0
boston-college_vs_north carolina_20240120,2024-01-20,boston-college,North Carolina,2024,0,0,0.29224688,1,280.0,-350.0
boston-college_vs_syracuse_20240130,2024-01-30,boston-college,Syracuse,2024,1,1,0.5600776,1,-193.0,162.0
boston-college_vs_florida state_20240206,2024-02-06,boston-college,Florida State,2024,0,1,0.60919654,0,-185.0,154.0
boston-college_vs_louisville_20240213,2024-02-13,boston-college,Louisville,2024,1,1,0.8229332,1,-485.0,370.0
boston-college_vs_miami (fl)_20240217,2024-02-17,boston-college,Miami (FL),2024,1,0,0.49336535,0,-119.0,-101.0
boston-college_vs_virginia_20240228,2024-02-28,boston-college,Virginia,2024,0,0,0.3720785,1,103.0,-120.0
boston-college_vs_pittsburgh_20240302,2024-03-02,boston-college,Pittsburgh,2024,0,0,0.39660913,1,114.0,-135.0
boston-college_vs_miami (fl)_20240312,2024-03-12,boston-college,Miami (FL),2024,1,0,0.3917079,0,140.0,-160.0
boston-college_vs_clemson_20240313,2024-03-13,boston-college,Clemson,2024,1,0,0.26534784,0,280.0,-355.0
boston-college_vs_virginia_20240314,2024-03-14,boston-college,Virginia,2024,0,0,0.30904207,1,205.0,-245.0
boston-university_vs_bryant_20231116,2023-11-16,boston-university,Bryant,2024,1,0,0.21369816,0,250.0,-310.0
boston-university_vs_maine_20231206,2023-12-06,boston-university,Maine,2024,0,0,0.29706347,1,115.0,-140.0
boston-university_vs_umass lowell_20231222,2023-12-22,boston-university,UMass Lowell,2024,0,0,0.22514047,1,155.0,-175.0
boston-university_vs_merrimack_20231230,2023-12-30,boston-university,Merrimack,2024,1,0,0.276443,0,100.0,-120.0
boston-university_vs_lafayette_20240106,2024-01-06,boston-university,Lafayette,2024,0,1,0.6887466,0,-234.0,185.0
boston-university_vs_american_20240110,2024-01-10,boston-university,American,2024,1,0,0.49768865,0,-122.0,101.0
boston-university_vs_bucknell_20240117,2024-01-17,boston-university,Bucknell,2024,0,1,0.67521995,0,-198.0,160.0
boston-university_vs_army_20240124,2024-01-24,boston-university,Army,2024,0,1,0.5519602,0,-234.0,185.0
boston-university_vs_lehigh_20240203,2024-02-03,boston-university,Lehigh,2024,1,0,0.4763641,0,-108.0,-112.0
boston-university_vs_colgate_20240207,2024-02-07,boston-university,Colgate,2024,0,0,0.27632013,1,215.0,-278.0
boston-university_vs_navy_20240217,2024-02-17,boston-university,Navy,2024,1,1,0.6604564,1,-175.0,145.0
boston-university_vs_loyola (md)_20240225,2024-02-25,boston-university,Loyola (MD),2024,1,1,0.67268306,1,-361.0,268.0
boston-university_vs_holy cross_20240302,2024-03-02,boston-university,Holy Cross,2024,1,1,0.793419,1,-480.0,339.0
boston-university_vs_navy_20240307,2024-03-07,boston-university,Navy,2024,1,1,0.6449366,1,-166.0,140.0
boston-university_vs_lehigh_20240310,2024-03-10,boston-university,Lehigh,2024,0,0,0.4820348,1,107.0,-130.0
bowling-green-state_vs_arkansas state_20231111,2023-11-11,bowling-green-state,Arkansas State,2024,1,0,0.40410718,0,-145.0,125.0
bowling-green-state_vs_bellarmine_20231117,2023-11-17,bowling-green-state,Bellarmine,2024,0,0,0.40318298,1,-165.0,140.0
bowling-green-state_vs_western kentucky_20231124,2023-11-24,bowling-green-state,Western Kentucky,2024,0,0,0.2841155,1,170.0,-205.0
bowling-green-state_vs_lipscomb_20231125,2023-11-25,bowling-green-state,Lipscomb,2024,1,0,0.21353109,0,145.0,-175.0
bowling-green-state_vs_canisius_20231126,2023-11-26,bowling-green-state,Canisius,2024,1,0,0.43800727,0,-130.0,
bowling-green-state_vs_kansas city_20231216,2023-12-16,bowling-green-state,Kansas City,2024,1,1,0.6627469,1,-235.0,194.0
bowling-green-state_vs_hampton_20231219,2023-12-19,bowling-green-state,Hampton,2024,1,1,0.73057854,1,-670.0,472.0
bowling-green-state_vs_eastern michigan_20240102,2024-01-02,bowling-green-state,Eastern Michigan,2024,1,1,0.7445291,1,-574.0,416.0
bowling-green-state_vs_ohio_20240109,2024-01-09,bowling-green-state,Ohio,2024,1,0,0.4298012,0,-101.0,-116.0
bowling-green-state_vs_kent state_20240123,2024-01-23,bowling-green-state,Kent State,2024,0,1,0.5621841,0,-120.0,100.0
bowling-green-state_vs_central michigan_20240203,2024-02-03,bowling-green-state,Central Michigan,2024,0,1,0.74702454,0,-436.0,331.0
bowling-green-state_vs_buffalo_20240206,2024-02-06,bowling-green-state,Buffalo,2024,1,1,0.9145803,1,-900.0,600.0
bowling-green-state_vs_toledo_20240223,2024-02-23,bowling-green-state,Toledo,2024,1,0,0.34871984,0,165.0,-190.0
bowling-green-state_vs_miami (oh)_20240227,2024-02-27,bowling-green-state,Miami (OH),2024,0,1,0.60215765,0,-180.0,150.0
bowling-green-state_vs_ball state_20240308,2024-03-08,bowling-green-state,Ball State,2024,1,1,0.6587948,1,-230.0,190.0
bowling-green-state_vs_central michigan_20240314,2024-03-14,bowling-green-state,Central Michigan,2024,1,1,0.5985305,1,-191.0,160.0
bowling-green-state_vs_kent state_20240315,2024-03-15,bowling-green-state,Kent State,2024,0,0,0.35192275,1,111.0,-130.0
bradley_vs_tarleton state_20231114,2023-11-14,bradley,Tarleton State,2024,1,1,0.8175931,1,-537.0,394.0
bradley_vs_tulane_20231120,2023-11-20,bradley,Tulane,2024,1,0,0.38025218,0,-126.0,108.0
bradley_vs_utep_20231122,2023-11-22,bradley,UTEP,2024,1,0,0.46415,0,-190.0,165.0
bradley_vs_vermont_20231125,2023-11-25,bradley,Vermont,2024,1,1,0.63949734,1,-205.0,170.0
bradley_vs_indiana state_20231202,2023-12-02,bradley,Indiana State,2024,0,1,0.5644588,0,-155.0,135.0
bradley_vs_cleveland state_20231215,2023-12-15,bradley,Cleveland State,2024,0,1,0.76685673,0,-505.0,400.0
bradley_vs_duquesne_20231218,2023-12-18,bradley,Duquesne,2024,0,0,0.28691354,1,170.0,-195.0
bradley_vs_siu edwardsville_20231221,2023-12-21,bradley,SIU Edwardsville,2024,1,1,0.7853581,1,-656.0,463.0
bradley_vs_missouri state_20240106,2024-01-06,bradley,Missouri State,2024,1,1,0.5099481,1,-192.0,160.0
bradley_vs_evansville_20240110,2024-01-10,bradley,Evansville,2024,1,1,0.75368404,1,-1000.0,650.0
bradley_vs_belmont_20240120,2024-01-20,bradley,Belmont,2024,1,1,0.8093841,1,-675.0,490.0
bradley_vs_murray state_20240124,2024-01-24,bradley,Murray State,2024,1,1,0.7483803,1,-440.0,340.0
bradley_vs_northern iowa_20240131,2024-01-31,bradley,Northern Iowa,2024,1,1,0.716045,1,-365.0,295.0
bradley_vs_drake_20240210,2024-02-10,bradley,Drake,2024,0,1,0.5789961,0,-175.0,145.0
bradley_vs_illinoisâchicago_20240214,2024-02-14,bradley,IllinoisâChicago,2024,1,1,0.8915386,1,-1300.0,790.0
bradley_vs_illinois state_20240224,2024-02-24,bradley,Illinois State,2024,1,1,0.90051955,1,-950.0,625.0
bradley_vs_southern illinois_20240228,2024-02-28,bradley,Southern Illinois,2024,1,1,0.71183974,1,-360.0,285.0
bradley_vs_illinoisâchicago_20240308,2024-03-08,bradley,IllinoisâChicago,2024,1,1,0.8236075,1,-809.0,547.0
bradley_vs_drake_20240309,2024-03-09,bradley,Drake,2024,0,0,0.40956,1,118.0,-138.0
bradley_vs_loyola chicago_20240320,2024-03-20,bradley,Loyola Chicago,2024,1,1,0.7176406,1,-215.0,186.0
brigham-young_vs_southeastern louisiana_20231115,2023-11-15,brigham-young,Southeastern Louisiana,2024,1,1,0.9797363,1,-3576.0,1372.0
brigham-young_vs_morgan state_20231118,2023-11-18,brigham-young,Morgan State,2024,1,1,0.9832009,1,-50001.0,7000.0
brigham-young_vs_nc state_20231124,2023-11-24,brigham-young,NC State,2024,1,1,0.70452315,1,-260.0,220.0
brigham-young_vs_fresno state_20231201,2023-12-01,brigham-young,Fresno State,2024,1,1,0.9342234,1,-1600.0,900.0
brigham-young_vs_evansville_20231205,2023-12-05,brigham-young,Evansville,2024,1,1,0.9782548,1,-5000.0,1550.0
brigham-young_vs_denver_20231213,2023-12-13,brigham-young,Denver,2024,1,1,0.9758286,1,-5000.0,1400.0
brigham-young_vs_georgia state_20231216,2023-12-16,brigham-young,Georgia State,2024,1,1,0.9774721,1,-5000.0,1800.0
brigham-young_vs_bellarmine_20231222,2023-12-22,brigham-young,Bellarmine,2024,1,1,0.9778756,1,-33333.0,5000.0
brigham-young_vs_wyoming_20231230,2023-12-30,brigham-young,Wyoming,2024,1,1,0.9784605,1,-3000.0,1200.0
brigham-young_vs_cincinnati_20240106,2024-01-06,brigham-young,Cincinnati,2024,0,1,0.83803934,0,-500.0,395.0
brigham-young_vs_iowa state_20240116,2024-01-16,brigham-young,Iowa State,2024,1,1,0.7062454,1,-180.0,150.0
brigham-young_vs_houston_20240123,2024-01-23,brigham-young,Houston,2024,0,1,0.5009596,0,122.0,-142.0
brigham-young_vs_texas_20240127,2024-01-27,brigham-young,Texas,2024,1,1,0.8154691,1,-332.0,263.0
brigham-young_vs_kansas state_20240210,2024-02-10,brigham-young,Kansas State,2024,1,1,0.9059867,1,-665.0,515.0
brigham-young_vs_ucf_20240213,2024-02-13,brigham-young,UCF,2024,1,1,0.8893999,1,-765.0,565.0
brigham-young_vs_baylor_20240220,2024-02-20,brigham-young,Baylor,2024,1,1,0.7154728,1,-186.0,156.0
brigham-young_vs_tcu_20240302,2024-03-02,brigham-young,TCU,2024,1,1,0.7868186,1,-285.0,240.0
brigham-young_vs_oklahoma state_20240309,2024-03-09,brigham-young,Oklahoma State,2024,1,1,0.9260102,1,-1200.0,750.0
brigham-young_vs_ucf_20240313,2024-03-13,brigham-young,UCF,2024,1,1,0.78662556,1,-253.0,207.0
brigham-young_vs_texas tech_20240314,2024-03-14,brigham-young,Texas Tech,2024,0,1,0.70599717,0,-170.0,150.0
brigham-young_vs_duquesne_20240321,2024-03-21,brigham-young,Duquesne,2024,0,1,0.8368401,0,-425.0,330.0
brown_vs_loyola (md)_20231111,2023-11-11,brown,Loyola (MD),2024,0,1,0.8228683,0,-629.0,418.0
brown_vs_delaware_20231124,2023-11-24,brown,Delaware,2024,0,0,0.45474973,1,102.0,-122.0
brown_vs_kansas city_20231125,2023-11-25,brown,Kansas City,2024,1,1,0.72810787,1,-163.0,143.0
brown_vs_ohio_20231126,2023-11-26,brown,Ohio,2024,0,0,0.33036858,1,195.0,-225.0
brown_vs_bryant_20231201,2023-12-01,brown,Bryant,2024,0,1,0.7010304,0,-218.0,180.0
brown_vs_siena_20231222,2023-12-22,brown,Siena,2024,1,1,0.92235285,1,-550.0,410.0
brown_vs_vermont_20240102,2024-01-02,brown,Vermont,2024,0,0,0.2942357,1,140.0,-170.0
brown_vs_yale_20240109,2024-01-09,brown,Yale,2024,0,0,0.2540779,1,240.0,-285.0
brown_vs_cornell_20240120,2024-01-20,brown,Cornell,2024,0,0,0.20539878,1,200.0,-245.0
brown_vs_pennsylvania_20240202,2024-02-02,brown,Pennsylvania,2024,1,0,0.43019468,0,-132.0,113.0
brown_vs_princeton_20240203,2024-02-03,brown,Princeton,2024,0,0,0.1783268,1,246.0,-307.0
brown_vs_columbia_20240210,2024-02-10,brown,Columbia,2024,0,1,0.50973356,0,-198.0,164.0
brown_vs_harvard_20240301,2024-03-01,brown,Harvard,2024,1,1,0.5491064,1,-144.0,124.0
brown_vs_dartmouth_20240302,2024-03-02,brown,Dartmouth,2024,1,1,0.82516634,1,-700.0,500.0
brown_vs_princeton_20240316,2024-03-16,brown,Princeton,2024,1,0,0.25988495,0,420.0,-525.0
brown_vs_yale_20240317,2024-03-17,brown,Yale,2024,0,0,0.299658,1,296.0,-358.0
bryant_vs_howard_20231120,2023-11-20,bryant,Howard,2024,1,1,0.6337504,1,-196.0,157.0
bryant_vs_towson_20231216,2023-12-16,bryant,Towson,2024,1,0,0.42583108,0,115.0,-140.0
bryant_vs_drexel_20231222,2023-12-22,bryant,Drexel,2024,1,0,0.33318633,0,149.0,-185.0
bryant_vs_binghamton_20240111,2024-01-11,bryant,Binghamton,2024,1,1,0.71420807,1,-325.0,260.0
bryant_vs_vermont_20240127,2024-01-27,bryant,Vermont,2024,0,0,0.45692602,1,120.0,-142.0
bryant_vs_umbc_20240201,2024-02-01,bryant,UMBC,2024,1,1,0.8266069,1,-1000.0,650.0
bryant_vs_new hampshire_20240208,2024-02-08,bryant,New Hampshire,2024,1,1,0.708069,1,-250.0,196.0
bryant_vs_maine_20240215,2024-02-15,bryant,Maine,2024,1,1,0.7509446,1,-290.0,235.0
bryant_vs_umass lowell_20240217,2024-02-17,bryant,UMass Lowell,2024,0,1,0.53149647,0,-132.0,109.0
bryant_vs_njit_20240302,2024-03-02,bryant,NJIT,2024,1,1,0.82051,1,-933.0,562.0
bryant_vs_albany (ny)_20240305,2024-03-05,bryant,Albany (NY),2024,1,1,0.74268055,1,-400.0,310.0
bryant_vs_maine_20240309,2024-03-09,bryant,Maine,2024,1,1,0.7252505,1,-205.0,164.0
bucknell_vs_southern indiana_20231120,2023-11-20,bucknell,Southern Indiana,2024,1,1,0.62287676,1,-140.0,115.0
bucknell_vs_princeton_20231129,2023-11-29,bucknell,Princeton,2024,0,0,0.1361448,1,835.0,-1590.0
bucknell_vs_radford_20231216,2023-12-16,bucknell,Radford,2024,0,0,0.25043193,1,145.0,-175.0
bucknell_vs_saint peter's_20231230,2023-12-30,bucknell,Saint Peter's,2024,0,0,0.3501917,1,-103.0,-118.0
bucknell_vs_holy cross_20240103,2024-01-03,bucknell,Holy Cross,2024,1,1,0.7008047,1,-250.0,200.0
bucknell_vs_american_20240106,2024-01-06,bucknell,American,2024,0,0,0.4293639,1,-105.0,-115.0
bucknell_vs_colgate_20240113,2024-01-13,bucknell,Colgate,2024,0,0,0.36867595,1,270.0,-350.0
bucknell_vs_navy_20240124,2024-01-24,bucknell,Navy,2024,1,1,0.6246302,1,-137.0,113.0
bucknell_vs_loyola (md)_20240131,2024-01-31,bucknell,Loyola (MD),2024,1,1,0.776219,1,-395.0,310.0
bucknell_vs_boston university_20240210,2024-02-10,bucknell,Boston University,2024,0,1,0.6529209,0,-198.0,164.0
bucknell_vs_lehigh_20240212,2024-02-12,bucknell,Lehigh,2024,0,1,0.6231954,0,-120.0,100.0
bucknell_vs_army_20240225,2024-02-25,bucknell,Army,2024,1,1,0.6214906,1,-198.0,164.0
bucknell_vs_lafayette_20240302,2024-03-02,bucknell,Lafayette,2024,1,1,0.6385519,1,-173.0,140.0
buffalo_vs_hofstra_20231120,2023-11-20,buffalo,Hofstra,2024,0,0,0.30539334,1,360.0,-470.0
buffalo_vs_louisiana_20231121,2023-11-21,buffalo,Louisiana,2024,0,0,0.26589042,1,360.0,-450.0
buffalo_vs_iona_20231122,2023-11-22,buffalo,Iona,2024,0,0,0.3014019,1,255.0,-305.0
buffalo_vs_st. bonaventure_20231202,2023-12-02,buffalo,St. Bonaventure,2024,0,0,0.20439935,1,390.0,-520.0
buffalo_vs_western kentucky_20231209,2023-12-09,buffalo,Western Kentucky,2024,0,0,0.28638068,1,231.0,-287.0
buffalo_vs_niagara_20231229,2023-12-29,buffalo,Niagara,2024,0,1,0.5619631,0,-165.0,145.0
buffalo_vs_miami (oh)_20240109,2024-01-09,buffalo,Miami (OH),2024,0,0,0.39403495,1,-135.0,114.0
buffalo_vs_ball state_20240123,2024-01-23,buffalo,Ball State,2024,0,0,0.47663867,1,,-130.0
buffalo_vs_kent state_20240202,2024-02-02,buffalo,Kent State,2024,0,0,0.2588461,1,305.0,-375.0
buffalo_vs_akron_20240217,2024-02-17,buffalo,Akron,2024,0,0,0.07610162,1,750.0,-1200.0
buffalo_vs_eastern michigan_20240220,2024-02-20,buffalo,Eastern Michigan,2024,1,0,0.4678838,0,-180.0,150.0
buffalo_vs_toledo_20240302,2024-03-02,buffalo,Toledo,2024,0,0,0.12819667,1,455.0,-575.0
buffalo_vs_ohio_20240305,2024-03-05,buffalo,Ohio,2024,0,0,0.13726328,1,465.0,-659.0
buffalo_vs_northern illinois_20240308,2024-03-08,buffalo,Northern Illinois,2024,0,0,0.44546527,1,-101.0,-119.0
butler_vs_southeast missouri state_20231110,2023-11-10,butler,Southeast Missouri State,2024,1,1,0.9529476,1,-3038.0,1425.0
butler_vs_east tennessee state_20231113,2023-11-13,butler,East Tennessee State,2024,1,1,0.9340947,1,-1596.0,910.0
butler_vs_florida atlantic_20231123,2023-11-23,butler,Florida Atlantic,2024,0,0,0.30941066,1,224.0,-277.0
butler_vs_penn state_20231124,2023-11-24,butler,Penn State,2024,1,1,0.54384553,1,-115.0,-105.0
butler_vs_texas tech_20231130,2023-11-30,butler,Texas Tech,2024,1,0,0.43511626,0,-145.0,120.0
butler_vs_buffalo_20231205,2023-12-05,butler,Buffalo,2024,1,1,0.9740777,1,-5000.0,1550.0
butler_vs_california_20231209,2023-12-09,butler,California,2024,1,1,0.7534553,1,-425.0,325.0
butler_vs_georgetown_20231219,2023-12-19,butler,Georgetown,2024,1,1,0.8814647,1,-615.0,440.0
butler_vs_connecticut_20240105,2024-01-05,butler,Connecticut,2024,0,0,0.3166951,1,189.0,-229.0
butler_vs_seton hall_20240113,2024-01-13,butler,Seton Hall,2024,0,1,0.6866199,0,-171.0,144.0
butler_vs_depaul_20240120,2024-01-20,butler,DePaul,2024,1,1,0.9713435,1,-1600.0,900.0
butler_vs_villanova_20240127,2024-01-27,butler,Villanova,2024,1,1,0.5137131,1,-122.0,102.0
butler_vs_providence_20240210,2024-02-10,butler,Providence,2024,1,1,0.66192424,1,-265.0,215.0
butler_vs_marquette_20240213,2024-02-13,butler,Marquette,2024,0,0,0.4037153,1,160.0,-180.0
butler_vs_creighton_20240217,2024-02-17,butler,Creighton,2024,0,0,0.4517092,1,124.0,-148.0
butler_vs_st. john's (ny)_20240228,2024-02-28,butler,St. John's (NY),2024,0,0,0.39655998,1,-105.0,-111.0
butler_vs_xavier_20240306,2024-03-06,butler,Xavier,2024,1,1,0.6445187,1,-137.0,117.0
butler_vs_xavier_20240313,2024-03-13,butler,Xavier,2024,0,1,0.5695606,0,117.0,-137.0
butler_vs_minnesota_20240319,2024-03-19,butler,Minnesota,2024,0,1,0.6639292,0,-218.0,180.0
california_vs_pacific_20231110,2023-11-10,california,Pacific,2024,0,1,0.77983075,0,-560.0,440.0
california_vs_cal state bakersfield_20231113,2023-11-13,california,Cal State Bakersfield,2024,1,1,0.7642122,1,-800.0,550.0
california_vs_montana state_20231116,2023-11-16,california,Montana State,2024,0,1,0.85538375,0,-1000.0,660.0
california_vs_utep_20231121,2023-11-21,california,UTEP,2024,0,1,0.5141906,0,138.0,-163.0
california_vs_tulane_20231123,2023-11-23,california,Tulane,2024,0,0,0.3835537,1,200.0,-245.0
california_vs_san diego state_20231125,2023-11-25,california,San Diego State,2024,0,0,0.1868475,1,725.0,-1200.0
california_vs_santa clara_20231202,2023-12-02,california,Santa Clara,2024,1,1,0.6158771,1,120.0,-145.0
california_vs_arizona_20231229,2023-12-29,california,Arizona,2024,0,0,0.14010537,1,750.0,-1200.0
california_vs_arizona state_20231231,2023-12-31,california,Arizona State,2024,0,1,0.5870681,0,-166.0,146.0
california_vs_colorado_20240110,2024-01-10,california,Colorado,2024,1,0,0.3189739,0,183.0,-221.0
california_vs_washington_20240118,2024-01-18,california,Washington,2024,0,0,0.43158948,1,-140.0,120.0
california_vs_washington state_20240120,2024-01-20,california,Washington State,2024,1,0,0.39765358,0,,-130.0
california_vs_stanford_20240126,2024-01-26,california,Stanford,2024,1,1,0.5675373,1,-130.0,
california_vs_southern california_20240207,2024-02-07,california,Southern California,2024,1,1,0.5850856,1,-155.0,135.0
california_vs_ucla_20240210,2024-02-10,california,UCLA,2024,0,1,0.6408446,0,100.0,-120.0
california_vs_oregon state_20240222,2024-02-22,california,Oregon State,2024,1,1,0.8189846,1,-405.0,325.0
california_vs_oregon_20240224,2024-02-24,california,Oregon,2024,1,0,0.43486214,0,114.0,-135.0
california_vs_stanford_20240313,2024-03-13,california,Stanford,2024,0,0,0.39522812,1,115.0,-135.0
california-baptist_vs_portland state_20231117,2023-11-17,california-baptist,Portland State,2024,0,0,0.49780232,1,-214.0,178.0
california-baptist_vs_st. thomas_20231118,2023-11-18,california-baptist,St. Thomas,2024,1,1,0.7416695,1,-305.0,255.0
california-baptist_vs_cal poly_20231119,2023-11-19,california-baptist,Cal Poly,2024,1,1,0.9414807,1,-900.0,640.0
california-baptist_vs_utah tech_20231206,2023-12-06,california-baptist,Utah Tech,2024,0,1,0.7840638,0,-450.0,360.0
california-baptist_vs_western kentucky_20231219,2023-12-19,california-baptist,Western Kentucky,2024,0,1,0.5310166,0,-212.0,176.0
california-baptist_vs_chicago state_20231227,2023-12-27,california-baptist,Chicago State,2024,1,1,0.7720144,1,-693.0,451.0
california-baptist_vs_tarleton state_20240111,2024-01-11,california-baptist,Tarleton State,2024,1,1,0.50537664,1,-170.0,150.0
california-baptist_vs_abilene christian_20240113,2024-01-13,california-baptist,Abilene Christian,2024,1,1,0.7103357,1,-245.0,200.0
california-baptist_vs_southern utah_20240120,2024-01-20,california-baptist,Southern Utah,2024,1,1,0.7869714,1,-395.0,310.0
california-baptist_vs_seattle_20240203,2024-02-03,california-baptist,Seattle,2024,0,1,0.5064788,0,-143.0,122.0
california-baptist_vs_ut arlington_20240208,2024-02-08,california-baptist,UT Arlington,2024,1,1,0.6768253,1,-166.0,140.0
california-baptist_vs_utah valley_20240215,2024-02-15,california-baptist,Utah Valley,2024,0,1,0.73167163,0,-134.0,114.0
california-baptist_vs_stephen f. austin_20240229,2024-02-29,california-baptist,Stephen F. Austin,2024,0,1,0.5748023,0,-118.0,-102.0
california-baptist_vs_grand canyon_20240309,2024-03-09,california-baptist,Grand Canyon,2024,0,0,0.34178093,1,259.0,-327.0
california-baptist_vs_utah valley_20240313,2024-03-13,california-baptist,Utah Valley,2024,1,0,0.41500437,0,200.0,-240.0
california-baptist_vs_seattle_20240314,2024-03-14,california-baptist,Seattle,2024,0,0,0.3972178,1,270.0,-340.0
california-davis_vs_north dakota state_20231114,2023-11-14,california-davis,North Dakota State,2024,1,1,0.63224095,1,-205.0,170.0
california-davis_vs_sacramento state_20231126,2023-11-26,california-davis,Sacramento State,2024,0,1,0.83106476,0,-500.0,360.0
california-davis_vs_milwaukee_20231209,2023-12-09,california-davis,Milwaukee,2024,0,1,0.7326619,0,-436.0,332.0
california-davis_vs_montana_20231219,2023-12-19,california-davis,Montana,2024,0,1,0.5023313,0,-125.0,105.0
california-davis_vs_uc santa barbara_20231228,2023-12-28,california-davis,UC Santa Barbara,2024,1,0,0.49299943,0,120.0,-142.0
california-davis_vs_cal poly_20231230,2023-12-30,california-davis,Cal Poly,2024,1,1,0.8117883,1,-550.0,430.0
california-davis_vs_cal state northridge_20240111,2024-01-11,california-davis,Cal State Northridge,2024,1,1,0.6465805,1,-210.0,180.0
california-davis_vs_cal state bakersfield_20240113,2024-01-13,california-davis,Cal State Bakersfield,2024,1,1,0.8428627,1,-566.0,411.0
california-davis_vs_uc irvine_20240120,2024-01-20,california-davis,UC Irvine,2024,1,0,0.46152326,0,113.0,-133.0
california-davis_vs_cal state fullerton_20240208,2024-02-08,california-davis,Cal State Fullerton,2024,1,1,0.7369119,1,-285.0,230.0
california-davis_vs_long beach state_20240215,2024-02-15,california-davis,Long Beach State,2024,0,1,0.70036376,0,-198.0,164.0
california-davis_vs_uc riverside_20240217,2024-02-17,california-davis,UC Riverside,2024,0,1,0.73538476,0,-290.0,235.0
california-davis_vs_hawaii_20240229,2024-02-29,california-davis,Hawaii,2024,1,1,0.5930615,1,-205.0,175.0
california-davis_vs_hawaii_20240315,2024-03-15,california-davis,Hawaii,2024,1,1,0.5855568,1,-129.0,115.0
california-davis_vs_long beach state_20240316,2024-03-16,california-davis,Long Beach State,2024,0,1,0.56442565,0,-122.0,102.0
california-irvine_vs_new mexico state_20231111,2023-11-11,california-irvine,New Mexico State,2024,1,1,0.8524005,1,-450.0,350.0
california-irvine_vs_pepperdine_20231121,2023-11-21,california-irvine,Pepperdine,2024,1,1,0.7505061,1,-245.0,200.0
california-irvine_vs_toledo_20231122,2023-11-22,california-irvine,Toledo,2024,1,1,0.7041058,1,-142.0,120.0
california-irvine_vs_rice_20231124,2023-11-24,california-irvine,Rice,2024,1,1,0.86790085,1,-400.0,310.0
california-irvine_vs_south dakota_20231216,2023-12-16,california-irvine,South Dakota,2024,1,1,0.9479263,1,-1427.0,839.0
california-irvine_vs_uc riverside_20231228,2023-12-28,california-irvine,UC Riverside,2024,1,1,0.9160079,1,-978.0,633.0
california-irvine_vs_cal state fullerton_20240104,2024-01-04,california-irvine,Cal State Fullerton,2024,1,1,0.85748416,1,-809.0,547.0
california-irvine_vs_uc davis_20240106,2024-01-06,california-irvine,UC Davis,2024,1,1,0.76047724,1,-455.0,350.0
california-irvine_vs_cal state northridge_20240127,2024-01-27,california-irvine,Cal State Northridge,2024,1,1,0.917352,1,-963.0,626.0
california-irvine_vs_hawaii_20240203,2024-02-03,california-irvine,Hawaii,2024,1,1,0.8571941,1,-405.0,325.0
california-irvine_vs_cal state bakersfield_20240217,2024-02-17,california-irvine,Cal State Bakersfield,2024,1,1,0.91507006,1,-1550.0,875.0
california-irvine_vs_uc santa barbara_20240222,2024-02-22,california-irvine,UC Santa Barbara,2024,1,1,0.8601179,1,-600.0,440.0
california-irvine_vs_long beach state_20240302,2024-03-02,california-irvine,Long Beach State,2024,1,1,0.8287526,1,-490.0,366.0
california-irvine_vs_cal poly_20240307,2024-03-07,california-irvine,Cal Poly,2024,1,1,0.9672647,1,-6500.0,2000.0
california-irvine_vs_long beach state_20240315,2024-03-15,california-irvine,Long Beach State,2024,0,1,0.807851,0,-355.0,280.0
california-riverside_vs_green bay_20231121,2023-11-21,california-riverside,Green Bay,2024,1,1,0.62960947,1,-275.0,230.0
california-riverside_vs_north dakota_20231203,2023-12-03,california-riverside,North Dakota,2024,1,1,0.65755874,1,-200.0,165.0
california-riverside_vs_california baptist_20231216,2023-12-16,california-riverside,California Baptist,2024,0,1,0.5080664,0,130.0,-155.0
california-riverside_vs_idaho_20231221,2023-12-21,california-riverside,Idaho,2024,1,1,0.6792299,1,-265.0,225.0
california-riverside_vs_uc santa barbara_20231230,2023-12-30,california-riverside,UC Santa Barbara,2024,1,0,0.42215952,0,120.0,-145.0
california-riverside_vs_uc davis_20240104,2024-01-04,california-riverside,UC Davis,2024,0,0,0.4827399,1,-135.0,115.0
california-riverside_vs_cal poly_20240111,2024-01-11,california-riverside,Cal Poly,2024,1,1,0.7580938,1,-549.0,401.0
california-riverside_vs_cal state northridge_20240120,2024-01-20,california-riverside,Cal State Northridge,2024,1,0,0.48115063,0,-155.0,130.0
california-riverside_vs_long beach state_20240127,2024-01-27,california-riverside,Long Beach State,2024,0,0,0.4525333,1,105.0,-125.0
california-riverside_vs_cal state bakersfield_20240208,2024-02-08,california-riverside,Cal State Bakersfield,2024,1,1,0.59941906,1,-185.0,150.0
california-riverside_vs_uc irvine_20240210,2024-02-10,california-riverside,UC Irvine,2024,1,0,0.20580384,0,300.0,-380.0
california-riverside_vs_hawaii_20240302,2024-03-02,california-riverside,Hawaii,2024,0,1,0.5121561,0,-118.0,101.0
california-riverside_vs_cal state fullerton_20240307,2024-03-07,california-riverside,Cal State Fullerton,2024,1,1,0.63579726,1,-164.0,144.0
california-riverside_vs_cal state bakersfield_20240313,2024-03-13,california-riverside,Cal State Bakersfield,2024,1,1,0.5914082,1,-140.0,120.0
california-riverside_vs_long beach state_20240314,2024-03-14,california-riverside,Long Beach State,2024,0,1,0.5220177,0,130.0,-155.0
san-diego_vs_jackson state_20231108,2023-11-08,san-diego,Jackson State,2024,1,1,0.683167,1,,-130.0
california-san-diego_vs_san diego_20231111,2023-11-11,california-san-diego,San Diego,2024,1,1,0.57281065,1,-225.0,-225.0
san-diego_vs_le moyne_20231117,2023-11-17,san-diego,Le Moyne,2024,1,1,0.8965756,1,-1100.0,700.0
california-san-diego_vs_navy_20231118,2023-11-18,california-san-diego,Navy,2024,1,1,0.8113657,1,-395.0,310.0
san-diego_vs_navy_20231120,2023-11-20,san-diego,Navy,2024,1,1,0.8224971,1,-300.0,240.0
california-san-diego_vs_idaho_20231124,2023-11-24,california-san-diego,Idaho,2024,0,1,0.83169985,0,-725.0,545.0
san-diego_vs_hawaii_20231125,2023-11-25,san-diego,Hawaii,2024,0,0,0.36307028,1,270.0,-325.0
california-san-diego_vs_seattle_20231126,2023-11-26,california-san-diego,Seattle,2024,0,0,0.25489727,1,310.0,-395.0
california-san-diego_vs_washington_20231128,2023-11-28,california-san-diego,Washington,2024,0,0,0.18440537,1,900.0,-1600.0
san-diego_vs_northern colorado_20231129,2023-11-29,san-diego,Northern Colorado,2024,1,1,0.765388,1,-185.0,154.0
california-san-diego_vs_san diego state_20231201,2023-12-01,california-san-diego,San Diego State,2024,0,0,0.15972173,1,750.0,-1200.0
san-diego_vs_arizona state_20231209,2023-12-09,san-diego,Arizona State,2024,1,0,0.27813372,0,325.0,-405.0
california-san-diego_vs_pepperdine_20231209,2023-12-09,california-san-diego,Pepperdine,2024,0,0,0.32450977,1,175.0,-210.0
san-diego_vs_portland state_20231215,2023-12-15,san-diego,Portland State,2024,1,0,0.46822545,0,106.0,-126.0
california-san-diego_vs_sacramento state_20231218,2023-12-18,california-san-diego,Sacramento State,2024,1,1,0.5852964,1,100.0,-120.0
california-san-diego_vs_california_20231220,2023-12-20,california-san-diego,California,2024,0,0,0.31956232,1,340.0,-420.0
san-diego_vs_south dakota_20231221,2023-12-21,san-diego,South Dakota,2024,1,1,0.8502152,1,-410.0,315.0
california-san-diego_vs_cal state bakersfield_20231228,2023-12-28,california-san-diego,Cal State Bakersfield,2024,1,1,0.7033015,1,-350.0,280.0
san-diego_vs_fresno state_20231229,2023-12-29,san-diego,Fresno State,2024,0,1,0.5650641,0,-112.0,-104.0
california-san-diego_vs_uc santa barbara_20240104,2024-01-04,california-san-diego,UC Santa Barbara,2024,1,0,0.29619938,0,202.0,-246.0
california-san-diego_vs_cal state fullerton_20240106,2024-01-06,california-san-diego,Cal State Fullerton,2024,1,0,0.40456367,0,-142.0,120.0
california-san-diego_vs_long beach state_20240111,2024-01-11,california-san-diego,Long Beach State,2024,1,0,0.49535343,0,-167.0,147.0
san-diego_vs_san francisco_20240111,2024-01-11,san-diego,San Francisco,2024,0,0,0.18834412,1,425.0,-575.0
california-san-diego_vs_cal poly_20240113,2024-01-13,california-san-diego,Cal Poly,2024,1,1,0.6413572,1,-650.0,470.0
san-diego_vs_pepperdine_20240113,2024-01-13,san-diego,Pepperdine,2024,0,0,0.4931209,1,-105.0,-115.0
california-san-diego_vs_uc irvine_20240118,2024-01-18,california-san-diego,UC Irvine,2024,0,0,0.15290871,1,225.0,-277.0
san-diego_vs_gonzaga_20240120,2024-01-20,san-diego,Gonzaga,2024,0,0,0.103347234,1,1000.0,-2250.0
california-san-diego_vs_hawaii_20240120,2024-01-20,california-san-diego,Hawaii,2024,1,0,0.47297975,0,-192.0,160.0
california-san-diego_vs_uc riverside_20240125,2024-01-25,california-san-diego,UC Riverside,2024,1,1,0.5808148,1,-315.0,265.0
california-san-diego_vs_uc davis_20240127,2024-01-27,california-san-diego,UC Davis,2024,1,0,0.2253808,0,130.0,-153.0
california-san-diego_vs_cal state northridge_20240201,2024-02-01,california-san-diego,Cal State Northridge,2024,1,1,0.54250884,1,-607.0,436.0
california-san-diego_vs_long beach state_20240203,2024-02-03,california-san-diego,Long Beach State,2024,0,0,0.2748576,1,-111.0,-105.0
san-diego_vs_loyola marymount_20240207,2024-02-07,san-diego,Loyola Marymount,2024,1,0,0.38491112,0,154.0,-185.0
california-san-diego_vs_hawaii_20240209,2024-02-09,california-san-diego,Hawaii,2024,0,0,0.32677296,1,,
california-san-diego_vs_uc santa barbara_20240215,2024-02-15,california-san-diego,UC Santa Barbara,2024,1,0,0.48687348,0,-246.0,202.0
san-diego_vs_portland_20240215,2024-02-15,san-diego,Portland,2024,1,1,0.7453154,1,-278.0,225.0
california-san-diego_vs_cal state fullerton_20240217,2024-02-17,california-san-diego,Cal State Fullerton,2024,1,1,0.6496337,1,-605.0,434.0
san-diego_vs_santa clara_20240217,2024-02-17,san-diego,Santa Clara,2024,0,0,0.33057892,1,218.0,-268.0
california-san-diego_vs_uc riverside_20240222,2024-02-22,california-san-diego,UC Riverside,2024,1,0,0.358917,0,-171.0,145.0
california-san-diego_vs_uc irvine_20240224,2024-02-24,california-san-diego,UC Irvine,2024,1,0,0.2702171,0,-115.0,-105.0
california-san-diego_vs_cal state bakersfield_20240229,2024-02-29,california-san-diego,Cal State Bakersfield,2024,0,0,0.4702534,1,-245.0,205.0
california-san-diego_vs_cal state northridge_20240302,2024-03-02,california-san-diego,Cal State Northridge,2024,1,0,0.36682212,0,-203.0,169.0
san-diego_vs_pacific_20240302,2024-03-02,san-diego,Pacific,2024,1,1,0.8792521,1,-600.0,440.0
california-san-diego_vs_uc davis_20240307,2024-03-07,california-san-diego,UC Davis,2024,0,0,0.44092885,1,-290.0,245.0
san-diego_vs_pepperdine_20240308,2024-03-08,san-diego,Pepperdine,2024,1,0,0.3332099,0,140.0,-160.0
california-san-diego_vs_cal poly_20240309,2024-03-09,california-san-diego,Cal Poly,2024,1,1,0.88064426,1,-2114.0,1112.0
san-diego_vs_santa clara_20240309,2024-03-09,san-diego,Santa Clara,2024,0,0,0.27690944,1,510.0,-660.0
california-san-diego_vs_chicago state_20240323,2024-03-23,california-san-diego,Chicago State,2024,0,1,0.59526324,0,-500.0,380.0
california-santa-barbara_vs_le moyne_20231119,2023-11-19,california-santa-barbara,Le Moyne,2024,1,1,0.9248478,1,-4246.0,1521.0
california-santa-barbara_vs_northern arizona_20231129,2023-11-29,california-santa-barbara,Northern Arizona,2024,1,1,0.79013795,1,-1000.0,625.0
california-santa-barbara_vs_loyola marymount_20231216,2023-12-16,california-santa-barbara,Loyola Marymount,2024,1,0,0.31999734,0,142.0,-170.0
california-santa-barbara_vs_howard_20231220,2023-12-20,california-santa-barbara,Howard,2024,1,1,0.72287583,1,-502.0,351.0
california-santa-barbara_vs_cal state bakersfield_20240111,2024-01-11,california-santa-barbara,Cal State Bakersfield,2024,1,1,0.71155584,1,-460.0,370.0
california-santa-barbara_vs_long beach state_20240113,2024-01-13,california-santa-barbara,Long Beach State,2024,1,1,0.52679926,1,-130.0,
california-santa-barbara_vs_cal state fullerton_20240120,2024-01-20,california-santa-barbara,Cal State Fullerton,2024,0,1,0.6885893,0,-310.0,250.0
california-santa-barbara_vs_uc davis_20240201,2024-02-01,california-santa-barbara,UC Davis,2024,0,1,0.6046477,0,-170.0,150.0
california-santa-barbara_vs_uc irvine_20240208,2024-02-08,california-santa-barbara,UC Irvine,2024,0,0,0.29974315,1,136.0,-162.0
california-santa-barbara_vs_cal state northridge_20240210,2024-02-10,california-santa-barbara,Cal State Northridge,2024,0,1,0.7549672,0,-245.0,205.0
california-santa-barbara_vs_hawaii_20240217,2024-02-17,california-santa-barbara,Hawaii,2024,1,0,0.46424612,0,-135.0,115.0
california-santa-barbara_vs_cal poly_20240229,2024-02-29,california-santa-barbara,Cal Poly,2024,1,1,0.8342811,1,-1250.0,775.0
california-santa-barbara_vs_uc riverside_20240309,2024-03-09,california-santa-barbara,UC Riverside,2024,0,1,0.595714,0,-197.0,172.0
california-santa-barbara_vs_cal state northridge_20240313,2024-03-13,california-santa-barbara,Cal State Northridge,2024,0,1,0.51087385,0,-185.0,154.0
cal-poly_vs_st. thomas_20231117,2023-11-17,cal-poly,St. Thomas,2024,1,0,0.17484742,0,260.0,-325.0
cal-poly_vs_portland state_20231118,2023-11-18,cal-poly,Portland State,2024,0,0,0.12518312,1,440.0,-600.0
cal-poly_vs_san jose state_20231129,2023-11-29,cal-poly,San Jose State,2024,1,0,0.08197794,0,385.0,-475.0
cal-poly_vs_eastern washington_20231218,2023-12-18,cal-poly,Eastern Washington,2024,0,0,0.24114375,1,217.0,-267.0
cal-poly_vs_omaha_20231221,2023-12-21,cal-poly,Omaha,2024,1,0,0.42079344,0,-105.0,-115.0
cal-poly_vs_cal state northridge_20231228,2023-12-28,cal-poly,Cal State Northridge,2024,0,0,0.31356865,1,136.0,-162.0
cal-poly_vs_long beach state_20240104,2024-01-04,cal-poly,Long Beach State,2024,0,0,0.2858116,1,340.0,-440.0
cal-poly_vs_uc santa barbara_20240106,2024-01-06,cal-poly,UC Santa Barbara,2024,0,0,0.29448342,1,240.0,-298.0
cal-poly_vs_cal state fullerton_20240125,2024-01-25,cal-poly,Cal State Fullerton,2024,0,0,0.2907531,1,200.0,-240.0
cal-poly_vs_uc irvine_20240201,2024-02-01,cal-poly,UC Irvine,2024,0,0,0.12204171,1,687.0,-1089.0
cal-poly_vs_uc davis_20240203,2024-02-03,cal-poly,UC Davis,2024,0,0,0.15290987,1,390.0,-480.0
cal-poly_vs_hawaii_20240215,2024-02-15,cal-poly,Hawaii,2024,0,0,0.25773463,1,330.0,-410.0
cal-poly_vs_uc riverside_20240224,2024-02-24,cal-poly,UC Riverside,2024,0,0,0.22367364,1,247.0,-309.0
cal-poly_vs_cal state bakersfield_20240302,2024-03-02,cal-poly,Cal State Bakersfield,2024,0,0,0.25817174,1,255.0,-305.0
cal-state-bakersfield_vs_sacramento state_20231120,2023-11-20,cal-state-bakersfield,Sacramento State,2024,1,1,0.60602564,1,,-130.0
cal-state-bakersfield_vs_tarleton state_20231122,2023-11-22,cal-state-bakersfield,Tarleton State,2024,0,0,0.3697745,1,155.0,-190.0
cal-state-bakersfield_vs_south dakota_20231219,2023-12-19,cal-state-bakersfield,South Dakota,2024,1,1,0.6368494,1,-205.0,175.0
cal-state-bakersfield_vs_uc irvine_20231230,2023-12-30,cal-state-bakersfield,UC Irvine,2024,0,0,0.1725457,1,355.0,-473.0
cal-state-bakersfield_vs_hawaii_20240104,2024-01-04,cal-state-bakersfield,Hawaii,2024,0,0,0.29367766,1,186.0,-225.0
cal-state-bakersfield_vs_uc riverside_20240118,2024-01-18,cal-state-bakersfield,UC Riverside,2024,1,1,0.51051754,1,145.0,-175.0
cal-state-bakersfield_vs_cal poly_20240120,2024-01-20,cal-state-bakersfield,Cal Poly,2024,1,1,0.7737122,1,-524.0,386.0
cal-state-bakersfield_vs_long beach state_20240201,2024-02-01,cal-state-bakersfield,Long Beach State,2024,1,0,0.40617386,0,130.0,-150.0
cal-state-bakersfield_vs_uc santa barbara_20240203,2024-02-03,cal-state-bakersfield,UC Santa Barbara,2024,0,0,0.40866262,1,132.0,-152.0
cal-state-bakersfield_vs_cal state fullerton_20240210,2024-02-10,cal-state-bakersfield,Cal State Fullerton,2024,1,1,0.5285442,1,-142.0,122.0
cal-state-bakersfield_vs_cal state northridge_20240215,2024-02-15,cal-state-bakersfield,Cal State Northridge,2024,0,1,0.5247056,0,116.0,-136.0
cal-state-bakersfield_vs_uc davis_20240224,2024-02-24,cal-state-bakersfield,UC Davis,2024,1,0,0.42959145,0,130.0,-155.0
cal-state-fullerton_vs_cornell_20231119,2023-11-19,cal-state-fullerton,Cornell,2024,0,0,0.46207696,1,200.0,-240.0
cal-state-fullerton_vs_southern mississippi_20231120,2023-11-20,cal-state-fullerton,Southern Mississippi,2024,1,0,0.3762108,0,,-130.0
cal-state-fullerton_vs_north dakota_20231201,2023-12-01,cal-state-fullerton,North Dakota,2024,1,1,0.74635035,1,-210.0,180.0
cal-state-fullerton_vs_pacific_20231220,2023-12-20,cal-state-fullerton,Pacific,2024,1,1,0.9408812,1,-900.0,600.0
cal-state-fullerton_vs_long beach state_20231228,2023-12-28,cal-state-fullerton,Long Beach State,2024,0,0,0.4277585,1,132.0,-155.0
cal-state-fullerton_vs_uc davis_20240118,2024-01-18,cal-state-fullerton,UC Davis,2024,0,0,0.44330078,1,105.0,-125.0
cal-state-fullerton_vs_cal state bakersfield_20240127,2024-01-27,cal-state-fullerton,Cal State Bakersfield,2024,1,1,0.63698894,1,-198.0,164.0
cal-state-fullerton_vs_hawaii_20240201,2024-02-01,cal-state-fullerton,Hawaii,2024,0,1,0.6212834,0,-141.0,120.0
cal-state-fullerton_vs_uc riverside_20240215,2024-02-15,cal-state-fullerton,UC Riverside,2024,0,1,0.5582322,0,104.0,-124.0
cal-state-fullerton_vs_cal poly_20240222,2024-02-22,cal-state-fullerton,Cal Poly,2024,1,1,0.8398523,1,-520.0,390.0
cal-state-fullerton_vs_cal state northridge_20240224,2024-02-24,cal-state-fullerton,Cal State Northridge,2024,0,1,0.5838102,0,-130.0,
cal-state-fullerton_vs_uc santa barbara_20240302,2024-03-02,cal-state-fullerton,UC Santa Barbara,2024,1,1,0.5112404,1,117.0,-137.0
cal-state-fullerton_vs_uc irvine_20240309,2024-03-09,cal-state-fullerton,UC Irvine,2024,0,0,0.26740798,1,350.0,-430.0
cal-state-northridge_vs_le moyne_20231121,2023-11-21,cal-state-northridge,Le Moyne,2024,0,1,0.7993957,0,-1025.0,602.0
cal-state-northridge_vs_mississippi valley state_20231124,2023-11-24,cal-state-northridge,Mississippi Valley State,2024,1,1,0.82075757,1,-2400.0,1200.0
cal-state-northridge_vs_utah tech_20231211,2023-12-11,cal-state-northridge,Utah Tech,2024,1,1,0.60085523,1,-134.0,115.0
cal-state-northridge_vs_montana state_20231222,2023-12-22,cal-state-northridge,Montana State,2024,1,1,0.64996904,1,-225.0,186.0
cal-state-northridge_vs_hawaii_20240106,2024-01-06,cal-state-northridge,Hawaii,2024,1,0,0.49743107,0,-102.0,-118.0
cal-state-northridge_vs_cal state fullerton_20240113,2024-01-13,cal-state-northridge,Cal State Fullerton,2024,1,1,0.72466904,1,-180.0,150.0
cal-state-northridge_vs_uc santa barbara_20240118,2024-01-18,cal-state-northridge,UC Santa Barbara,2024,0,1,0.6990591,0,-128.0,109.0
cal-state-northridge_vs_cal state bakersfield_20240125,2024-01-25,cal-state-northridge,Cal State Bakersfield,2024,0,1,0.6190909,0,-175.0,145.0
cal-state-northridge_vs_uc riverside_20240203,2024-02-03,cal-state-northridge,UC Riverside,2024,1,1,0.60828924,1,-125.0,105.0
cal-state-northridge_vs_cal poly_20240208,2024-02-08,cal-state-northridge,Cal Poly,2024,1,1,0.80194193,1,-573.0,415.0
cal-state-northridge_vs_long beach state_20240217,2024-02-17,cal-state-northridge,Long Beach State,2024,0,0,0.49712303,1,115.0,-140.0
cal-state-northridge_vs_uc davis_20240222,2024-02-22,cal-state-northridge,UC Davis,2024,0,0,0.46672204,1,105.0,-123.0
cal-state-northridge_vs_uc irvine_20240229,2024-02-29,cal-state-northridge,UC Irvine,2024,0,0,0.27982086,1,250.0,-300.0
cal-state-northridge_vs_hawaii_20240314,2024-03-14,cal-state-northridge,Hawaii,2024,0,0,0.41852155,1,215.0,-265.0
campbell_vs_north carolina central_20231120,2023-11-20,campbell,North Carolina Central,2024,0,1,0.6090825,0,-175.0,145.0
campbell_vs_idaho state_20231121,2023-11-21,campbell,Idaho State,2024,0,1,0.56138766,0,-167.0,141.0
campbell_vs_the citadel_20231122,2023-11-22,campbell,The Citadel,2024,1,0,0.44457075,0,-125.0,105.0
campbell_vs_morgan state_20231218,2023-12-18,campbell,Morgan State,2024,1,1,0.6754995,1,-415.0,335.0
campbell_vs_delaware_20240111,2024-01-11,campbell,Delaware,2024,0,0,0.14326578,1,260.0,-310.0
campbell_vs_hofstra_20240113,2024-01-13,campbell,Hofstra,2024,1,0,0.12785794,0,350.0,-455.0
campbell_vs_elon_20240125,2024-01-25,campbell,Elon,2024,1,1,0.5167636,1,-118.0,-102.0
campbell_vs_college of charleston_20240127,2024-01-27,campbell,College of Charleston,2024,0,0,0.1417396,1,403.0,-551.0
campbell_vs_northeastern_20240208,2024-02-08,campbell,Northeastern,2024,0,0,0.3322865,1,130.0,-150.0
campbell_vs_stony brook_20240210,2024-02-10,campbell,Stony Brook,2024,1,0,0.2990916,0,154.0,-185.0
campbell_vs_hampton_20240222,2024-02-22,campbell,Hampton,2024,0,1,0.7228265,0,-476.0,357.0
campbell_vs_unc wilmington_20240226,2024-02-26,campbell,UNC Wilmington,2024,1,0,0.16091464,0,330.0,-425.0
campbell_vs_north carolina a&t_20240302,2024-03-02,campbell,North Carolina A&T,2024,1,1,0.73585224,1,-578.0,418.0
campbell_vs_monmouth_20240309,2024-03-09,campbell,Monmouth,2024,0,0,0.28742194,1,182.0,-220.0
canisius_vs_wofford_20231124,2023-11-24,canisius,Wofford,2024,1,1,0.5050387,1,105.0,-125.0
canisius_vs_western kentucky_20231125,2023-11-25,canisius,Western Kentucky,2024,1,0,0.31927285,0,240.0,-298.0
canisius_vs_quinnipiac_20231201,2023-12-01,canisius,Quinnipiac,2024,1,1,0.58902586,1,-175.0,145.0
canisius_vs_saint peter's_20231203,2023-12-03,canisius,Saint Peter's,2024,0,1,0.6978387,0,-205.0,175.0
canisius_vs_robert morris_20231206,2023-12-06,canisius,Robert Morris,2024,1,1,0.7154613,1,-240.0,200.0
canisius_vs_siena_20240112,2024-01-12,canisius,Siena,2024,1,1,0.9437582,1,-500.0,360.0
canisius_vs_fairfield_20240115,2024-01-15,canisius,Fairfield,2024,0,1,0.7251358,0,-130.0,111.0
canisius_vs_manhattan_20240126,2024-01-26,canisius,Manhattan,2024,1,1,0.8451447,1,-375.0,295.0
canisius_vs_marist_20240128,2024-01-28,canisius,Marist,2024,0,1,0.6578579,0,-135.0,114.0
canisius_vs_iona_20240210,2024-02-10,canisius,Iona,2024,1,0,0.33713213,0,210.0,-250.0
canisius_vs_niagara_20240223,2024-02-23,canisius,Niagara,2024,1,1,0.5145558,1,105.0,-125.0
canisius_vs_mount st. mary's_20240301,2024-03-01,canisius,Mount St. Mary's,2024,1,1,0.502245,1,-133.0,113.0
canisius_vs_rider_20240303,2024-03-03,canisius,Rider,2024,0,1,0.53602296,0,119.0,-140.0
canisius_vs_mount st. mary's_20240312,2024-03-12,canisius,Mount St. Mary's,2024,1,0,0.33104774,0,152.0,-181.0
canisius_vs_quinnipiac_20240313,2024-03-13,canisius,Quinnipiac,2024,0,0,0.32592273,1,236.0,-293.0
central-arkansas_vs_arkansasâpine bluff_20231113,2023-11-13,central-arkansas,ArkansasâPine Bluff,2024,0,1,0.60587,0,119.0,-140.0
central-arkansas_vs_eastern michigan_20231125,2023-11-25,central-arkansas,Eastern Michigan,2024,0,0,0.45478424,1,136.0,-162.0
central-arkansas_vs_new orleans_20231126,2023-11-26,central-arkansas,New Orleans,2024,0,0,0.38115463,1,160.0,-192.0
central-arkansas_vs_little rock_20231207,2023-12-07,central-arkansas,Little Rock,2024,1,0,0.3311031,0,210.0,-258.0
central-arkansas_vs_western illinois_20231220,2023-12-20,central-arkansas,Western Illinois,2024,0,1,0.57063645,0,-135.0,115.0
central-arkansas_vs_eastern kentucky_20240111,2024-01-11,central-arkansas,Eastern Kentucky,2024,0,0,0.31299114,1,220.0,-270.0
central-arkansas_vs_bellarmine_20240113,2024-01-13,central-arkansas,Bellarmine,2024,1,0,0.4982013,0,120.0,-145.0
central-arkansas_vs_kennesaw state_20240127,2024-01-27,central-arkansas,Kennesaw State,2024,1,0,0.3332547,0,290.0,-375.0
central-arkansas_vs_florida gulf coast_20240201,2024-02-01,central-arkansas,Florida Gulf Coast,2024,0,0,0.42057386,1,149.0,-185.0
central-arkansas_vs_stetson_20240203,2024-02-03,central-arkansas,Stetson,2024,0,0,0.3076619,1,165.0,-200.0
central-arkansas_vs_austin peay_20240215,2024-02-15,central-arkansas,Austin Peay,2024,0,0,0.36396587,1,135.0,-160.0
central-arkansas_vs_lipscomb_20240217,2024-02-17,central-arkansas,Lipscomb,2024,0,0,0.31880018,1,240.0,-300.0
central-arkansas_vs_north alabama_20240301,2024-03-01,central-arkansas,North Alabama,2024,0,0,0.45124528,1,154.0,-185.0
central-connecticut-state_vs_manhattan_20231119,2023-11-19,central-connecticut-state,Manhattan,2024,0,1,0.6549543,0,-198.0,159.0
central-connecticut-state_vs_holy cross_20231202,2023-12-02,central-connecticut-state,Holy Cross,2024,1,1,0.6981919,1,-305.0,245.0
central-connecticut-state_vs_northeastern_20231219,2023-12-19,central-connecticut-state,Northeastern,2024,0,0,0.3430108,1,148.0,-184.0
central-connecticut-state_vs_merrimack_20240115,2024-01-15,central-connecticut-state,Merrimack,2024,1,0,0.4495517,0,-108.0,-112.0
central-connecticut-state_vs_le moyne_20240119,2024-01-19,central-connecticut-state,Le Moyne,2024,0,1,0.81937397,0,-360.0,285.0
central-connecticut-state_vs_wagner_20240127,2024-01-27,central-connecticut-state,Wagner,2024,1,1,0.68617666,1,-310.0,250.0
central-connecticut-state_vs_saint francis (pa)_20240201,2024-02-01,central-connecticut-state,Saint Francis (PA),2024,1,1,0.8869321,1,-1050.0,675.0
central-connecticut-state_vs_sacred heart_20240208,2024-02-08,central-connecticut-state,Sacred Heart,2024,1,1,0.68422925,1,-218.0,180.0
central-connecticut-state_vs_liu_20240229,2024-02-29,central-connecticut-state,LIU,2024,1,1,0.8067832,1,-950.0,625.0
central-connecticut-state_vs_stonehill_20240302,2024-03-02,central-connecticut-state,Stonehill,2024,1,1,0.89653057,1,-1100.0,700.0
central-connecticut-state_vs_saint francis (pa)_20240306,2024-03-06,central-connecticut-state,Saint Francis (PA),2024,1,1,0.8734929,1,-1400.0,825.0
central-connecticut-state_vs_wagner_20240309,2024-03-09,central-connecticut-state,Wagner,2024,0,1,0.6047894,0,-275.0,230.0
central-florida_vs_cal state fullerton_20231116,2023-11-16,central-florida,Cal State Fullerton,2024,1,1,0.7178235,1,-575.0,425.0
central-florida_vs_south dakota state_20231119,2023-11-19,central-florida,South Dakota State,2024,1,1,0.63683146,1,-295.0,237.0
central-florida_vs_charlotte_20231120,2023-11-20,central-florida,Charlotte,2024,1,1,0.61168975,1,-205.0,175.0
central-florida_vs_stetson_20231126,2023-11-26,central-florida,Stetson,2024,0,1,0.8200393,0,-1200.0,750.0
central-florida_vs_lipscomb_20231202,2023-12-02,central-florida,Lipscomb,2024,1,1,0.77880526,1,-650.0,470.0
central-florida_vs_jacksonville_20231206,2023-12-06,central-florida,Jacksonville,2024,1,1,0.8915359,1,-2100.0,1100.0
central-florida_vs_maine_20231218,2023-12-18,central-florida,Maine,2024,1,1,0.88987267,1,-1250.0,775.0
central-florida_vs_florida a&m_20231221,2023-12-21,central-florida,Florida A&M,2024,1,1,0.9785081,1,-10000.0,1600.0
central-florida_vs_bethune-cookman_20231229,2023-12-29,central-florida,Bethune-Cookman,2024,1,1,0.96437466,1,-4209.0,1513.0
central-florida_vs_kansas_20240110,2024-01-10,central-florida,Kansas,2024,1,0,0.40964562,0,260.0,-310.0
central-florida_vs_brigham young_20240113,2024-01-13,central-florida,Brigham Young,2024,0,0,0.42907682,1,185.0,-215.0
central-florida_vs_west virginia_20240123,2024-01-23,central-florida,West Virginia,2024,1,1,0.79322946,1,-356.0,279.0
central-florida_vs_baylor_20240131,2024-01-31,central-florida,Baylor,2024,0,0,0.38864166,1,150.0,-170.0
central-florida_vs_oklahoma_20240203,2024-02-03,central-florida,Oklahoma,2024,1,1,0.5025266,1,-104.0,-112.0
central-florida_vs_cincinnati_20240217,2024-02-17,central-florida,Cincinnati,2024,0,1,0.60692126,0,-118.0,-102.0
central-florida_vs_texas tech_20240224,2024-02-24,central-florida,Texas Tech,2024,1,0,0.43059388,0,-140.0,120.0
central-florida_vs_iowa state_20240302,2024-03-02,central-florida,Iowa State,2024,0,0,0.37223646,1,154.0,-185.0
central-florida_vs_houston_20240306,2024-03-06,central-florida,Houston,2024,0,0,0.2811272,1,310.0,-402.0
central-florida_vs_oklahoma state_20240312,2024-03-12,central-florida,Oklahoma State,2024,1,1,0.7118529,1,-200.0,165.0
central-florida_vs_south florida_20240319,2024-03-19,central-florida,South Florida,2024,0,1,0.75731355,0,-223.0,193.0
central-michigan_vs_louisianaâmonroe_20231111,2023-11-11,central-michigan,LouisianaâMonroe,2024,0,1,0.53251916,0,-148.0,128.0
central-michigan_vs_siena_20231120,2023-11-20,central-michigan,Siena,2024,1,0,0.3967537,0,-215.0,179.0
central-michigan_vs_stetson_20231121,2023-11-21,central-michigan,Stetson,2024,0,0,0.22729704,1,150.0,-178.0
central-michigan_vs_valparaiso_20231206,2023-12-06,central-michigan,Valparaiso,2024,1,1,0.61881584,1,-165.0,140.0
central-michigan_vs_detroit mercy_20231221,2023-12-21,central-michigan,Detroit Mercy,2024,1,1,0.7063425,1,-320.0,254.0
central-michigan_vs_buffalo_20240102,2024-01-02,central-michigan,Buffalo,2024,0,1,0.6791277,0,-135.0,115.0
central-michigan_vs_kent state_20240113,2024-01-13,central-michigan,Kent State,2024,1,0,0.24394271,0,240.0,-298.0
central-michigan_vs_toledo_20240119,2024-01-19,central-michigan,Toledo,2024,1,0,0.2575305,0,270.0,-350.0
central-michigan_vs_miami (oh)_20240123,2024-01-23,central-michigan,Miami (OH),2024,1,0,0.41469377,0,-130.0,
central-michigan_vs_northern illinois_20240130,2024-01-30,central-michigan,Northern Illinois,2024,1,1,0.6831962,1,-165.0,145.0
central-michigan_vs_bowling green_20240220,2024-02-20,central-michigan,Bowling Green,2024,1,1,0.5335274,1,-143.0,122.0
central-michigan_vs_ball state_20240227,2024-02-27,central-michigan,Ball State,2024,0,1,0.5957435,0,-175.0,145.0
central-michigan_vs_eastern michigan_20240308,2024-03-08,central-michigan,Eastern Michigan,2024,1,1,0.70119435,1,-410.0,330.0
charleston-southern_vs_south carolina state_20231202,2023-12-02,charleston-southern,South Carolina State,2024,1,1,0.5314945,1,-142.0,120.0
charleston-southern_vs_north alabama_20231213,2023-12-13,charleston-southern,North Alabama,2024,0,0,0.30396175,1,190.0,-220.0
charleston-southern_vs_presbyterian_20240103,2024-01-03,charleston-southern,Presbyterian,2024,0,1,0.5702401,0,105.0,-125.0
charleston-southern_vs_usc upstate_20240113,2024-01-13,charleston-southern,USC Upstate,2024,1,0,0.47986063,0,100.0,-120.0
charleston-southern_vs_winthrop_20240124,2024-01-24,charleston-southern,Winthrop,2024,0,0,0.28416255,1,236.0,-310.0
charleston-southern_vs_unc asheville_20240127,2024-01-27,charleston-southern,UNC Asheville,2024,0,0,0.24542007,1,400.0,-535.0
charleston-southern_vs_longwood_20240203,2024-02-03,charleston-southern,Longwood,2024,1,0,0.2741328,0,209.0,-269.0
charleston-southern_vs_gardner-webb_20240214,2024-02-14,charleston-southern,Gardner-Webb,2024,0,0,0.32844913,1,175.0,-210.0
charleston-southern_vs_high point_20240224,2024-02-24,charleston-southern,High Point,2024,0,0,0.1053658,1,550.0,-800.0
charleston-southern_vs_radford_20240228,2024-02-28,charleston-southern,Radford,2024,1,0,0.27134082,0,190.0,-230.0
charleston-southern_vs_unc asheville_20240308,2024-03-08,charleston-southern,UNC Asheville,2024,0,0,0.19260935,1,660.0,-1000.0
charlotte_vs_utah valley_20231115,2023-11-15,charlotte,Utah Valley,2024,1,1,0.7375647,1,-257.0,210.0
charlotte_vs_george mason_20231119,2023-11-19,charlotte,George Mason,2024,1,0,0.35727614,0,120.0,-140.0
charlotte_vs_georgia state_20231125,2023-11-25,charlotte,Georgia State,2024,1,1,0.72680354,1,-250.0,200.0
charlotte_vs_davidson_20231129,2023-11-29,charlotte,Davidson,2024,0,1,0.6898634,0,-150.0,130.0
charlotte_vs_stetson_20231205,2023-12-05,charlotte,Stetson,2024,1,1,0.7635254,1,-380.0,300.0
charlotte_vs_florida atlantic_20240106,2024-01-06,charlotte,Florida Atlantic,2024,1,0,0.22988844,0,304.0,-393.0
charlotte_vs_tulsa_20240110,2024-01-10,charlotte,Tulsa,2024,1,1,0.78062963,1,-325.0,260.0
charlotte_vs_north texas_20240120,2024-01-20,charlotte,North Texas,2024,1,0,0.40253627,0,-118.0,101.0
charlotte_vs_uab_20240123,2024-01-23,charlotte,UAB,2024,1,1,0.8068878,1,-197.0,165.0
charlotte_vs_east carolina_20240203,2024-02-03,charlotte,East Carolina,2024,1,1,0.7911312,1,-290.0,245.0
charlotte_vs_utsa_20240215,2024-02-15,charlotte,UTSA,2024,1,1,0.89531267,1,-900.0,640.0
charlotte_vs_wichita state_20240218,2024-02-18,charlotte,Wichita State,2024,1,1,0.7833401,1,-280.0,235.0
charlotte_vs_south florida_20240302,2024-03-02,charlotte,South Florida,2024,0,1,0.6228174,0,-204.0,170.0
charlotte_vs_rice_20240306,2024-03-06,charlotte,Rice,2024,1,1,0.80524844,1,-350.0,270.0
charlotte_vs_temple_20240315,2024-03-15,charlotte,Temple,2024,0,1,0.74333626,0,-265.0,225.0
chattanooga_vs_bellarmine_20231114,2023-11-14,chattanooga,Bellarmine,2024,1,1,0.6180724,1,-200.0,165.0
chattanooga_vs_evansville_20231124,2023-11-24,chattanooga,Evansville,2024,0,1,0.7603445,0,-400.0,320.0
chattanooga_vs_southeast missouri state_20231126,2023-11-26,chattanooga,Southeast Missouri State,2024,1,1,0.9144829,1,-1000.0,660.0
chattanooga_vs_gardner-webb_20231219,2023-12-19,chattanooga,Gardner-Webb,2024,1,1,0.5751025,1,-242.0,191.0
chattanooga_vs_furman_20240106,2024-01-06,chattanooga,Furman,2024,1,0,0.39525583,0,-125.0,105.0
chattanooga_vs_vmi_20240111,2024-01-11,chattanooga,VMI,2024,1,1,0.8938324,1,-1500.0,870.0
chattanooga_vs_unc greensboro_20240113,2024-01-13,chattanooga,UNC Greensboro,2024,0,0,0.49415702,1,-115.0,-105.0
chattanooga_vs_the citadel_20240127,2024-01-27,chattanooga,The Citadel,2024,1,1,0.7525567,1,-570.0,414.0
chattanooga_vs_samford_20240203,2024-02-03,chattanooga,Samford,2024,0,0,0.3723663,1,-124.0,106.0
chattanooga_vs_east tennessee state_20240214,2024-02-14,chattanooga,East Tennessee State,2024,1,1,0.69973046,1,-350.0,280.0
chattanooga_vs_wofford_20240221,2024-02-21,chattanooga,Wofford,2024,1,1,0.75795686,1,-365.0,295.0
chattanooga_vs_mercer_20240228,2024-02-28,chattanooga,Mercer,2024,1,1,0.74028254,1,-434.0,330.0
chattanooga_vs_western carolina_20240302,2024-03-02,chattanooga,Western Carolina,2024,0,0,0.47033057,1,-165.0,145.0
chattanooga_vs_wofford_20240309,2024-03-09,chattanooga,Wofford,2024,1,1,0.6387648,1,-245.0,200.0
chattanooga_vs_east tennessee state_20240310,2024-03-10,chattanooga,East Tennessee State,2024,0,1,0.5694938,0,-258.0,210.0
chicago-state_vs_cal state northridge_20231114,2023-11-14,chicago-state,Cal State Northridge,2024,0,1,0.5662631,0,-119.0,-102.0
chicago-state_vs_northern colorado_20231121,2023-11-21,chicago-state,Northern Colorado,2024,0,0,0.4229507,1,210.0,-275.0
chicago-state_vs_morgan state_20231122,2023-11-22,chicago-state,Morgan State,2024,1,1,0.51946074,1,-109.0,-111.0
chicago-state_vs_ut martin_20231125,2023-11-25,chicago-state,UT Martin,2024,0,0,0.37027633,1,124.0,-148.0
chicago-state_vs_delaware state_20231130,2023-11-30,chicago-state,Delaware State,2024,0,1,0.68808484,0,-175.0,145.0
chicago-state_vs_stetson_20231203,2023-12-03,chicago-state,Stetson,2024,1,0,0.28686613,0,280.0,-355.0
chicago-state_vs_st. thomas_20231210,2023-12-10,chicago-state,St. Thomas,2024,0,0,0.34784225,1,136.0,-162.0
chicago-state_vs_bethune-cookman_20231220,2023-12-20,chicago-state,Bethune-Cookman,2024,1,1,0.6782065,1,-310.0,250.0
chicago-state_vs_fairfield_20240325,2024-03-25,chicago-state,Fairfield,2024,0,0,0.32283494,1,154.0,-185.0
cincinnati_vs_detroit mercy_20231110,2023-11-10,cincinnati,Detroit Mercy,2024,1,1,0.953357,1,-3568.0,1586.0
cincinnati_vs_eastern washington_20231112,2023-11-12,cincinnati,Eastern Washington,2024,1,1,0.9423111,1,-1000.0,625.0
cincinnati_vs_northern kentucky_20231119,2023-11-19,cincinnati,Northern Kentucky,2024,1,1,0.8406524,1,-863.0,575.0
cincinnati_vs_georgia tech_20231122,2023-11-22,cincinnati,Georgia Tech,2024,1,1,0.71552634,1,-581.0,420.0
cincinnati_vs_florida gulf coast_20231203,2023-12-03,cincinnati,Florida Gulf Coast,2024,1,1,0.93114054,1,-4000.0,1600.0
cincinnati_vs_bryant_20231212,2023-12-12,cincinnati,Bryant,2024,1,1,0.94849944,1,-3066.0,1249.0
cincinnati_vs_dayton_20231216,2023-12-16,cincinnati,Dayton,2024,0,1,0.62518,0,-220.0,190.0
cincinnati_vs_merrimack_20231219,2023-12-19,cincinnati,Merrimack,2024,1,1,0.94722503,1,-2631.0,1135.0
cincinnati_vs_stetson_20231222,2023-12-22,cincinnati,Stetson,2024,1,1,0.93767285,1,-3019.0,1237.0
cincinnati_vs_evansville_20231229,2023-12-29,cincinnati,Evansville,2024,1,1,0.93575066,1,-2800.0,1300.0
cincinnati_vs_texas_20240109,2024-01-09,cincinnati,Texas,2024,0,1,0.66524714,0,-202.0,169.0
cincinnati_vs_tcu_20240116,2024-01-16,cincinnati,TCU,2024,1,1,0.5945825,1,-160.0,140.0
cincinnati_vs_oklahoma_20240120,2024-01-20,cincinnati,Oklahoma,2024,0,1,0.6312708,0,-172.0,152.0
cincinnati_vs_ucf_20240127,2024-01-27,cincinnati,UCF,2024,1,1,0.7498201,1,-310.0,260.0
cincinnati_vs_houston_20240210,2024-02-10,cincinnati,Houston,2024,0,0,0.30411792,1,185.0,-225.0
cincinnati_vs_iowa state_20240213,2024-02-13,cincinnati,Iowa State,2024,0,0,0.40935853,1,-129.0,
cincinnati_vs_oklahoma state_20240221,2024-02-21,cincinnati,Oklahoma State,2024,0,1,0.80650866,0,-575.0,425.0
cincinnati_vs_kansas state_20240302,2024-03-02,cincinnati,Kansas State,2024,1,1,0.70747995,1,-280.0,235.0
cincinnati_vs_west virginia_20240309,2024-03-09,cincinnati,West Virginia,2024,1,1,0.84489596,1,-675.0,490.0
cincinnati_vs_west virginia_20240312,2024-03-12,cincinnati,West Virginia,2024,1,1,0.80353284,1,-520.0,390.0
cincinnati_vs_kansas_20240313,2024-03-13,cincinnati,Kansas,2024,1,0,0.32455146,0,-149.0,129.0
cincinnati_vs_san francisco_20240320,2024-03-20,cincinnati,San Francisco,2024,1,1,0.71898514,1,-345.0,275.0
cincinnati_vs_bradley_20240323,2024-03-23,cincinnati,Bradley,2024,1,1,0.6691588,1,-265.0,225.0
citadel_vs_boston college_20231110,2023-11-10,citadel,Boston College,2024,0,0,0.18301556,1,330.0,-433.0
citadel_vs_idaho state_20231120,2023-11-20,citadel,Idaho State,2024,1,0,0.40254632,0,-125.0,105.0
citadel_vs_north carolina central_20231121,2023-11-21,citadel,North Carolina Central,2024,1,0,0.4368628,0,-124.0,103.0
citadel_vs_charleston southern_20231128,2023-11-28,citadel,Charleston Southern,2024,1,1,0.65674967,1,-258.0,210.0
citadel_vs_western carolina_20240103,2024-01-03,citadel,Western Carolina,2024,0,0,0.32136554,1,163.0,-183.0
citadel_vs_samford_20240106,2024-01-06,citadel,Samford,2024,0,0,0.31933674,1,305.0,-375.0
citadel_vs_wofford_20240113,2024-01-13,citadel,Wofford,2024,0,0,0.48102134,1,102.0,-122.0
citadel_vs_mercer_20240124,2024-01-24,citadel,Mercer,2024,1,1,0.512433,1,-130.0,
citadel_vs_furman_20240131,2024-01-31,citadel,Furman,2024,0,0,0.3009572,1,250.0,-310.0
citadel_vs_unc greensboro_20240214,2024-02-14,citadel,UNC Greensboro,2024,0,0,0.29146013,1,210.0,-257.0
citadel_vs_vmi_20240217,2024-02-17,citadel,VMI,2024,1,1,0.81442684,1,-750.0,525.0
citadel_vs_chattanooga_20240224,2024-02-24,citadel,Chattanooga,2024,1,0,0.29354993,0,240.0,-285.0
citadel_vs_east tennessee state_20240228,2024-02-28,citadel,East Tennessee State,2024,0,0,0.3963982,1,105.0,-125.0
citadel_vs_mercer_20240308,2024-03-08,citadel,Mercer,2024,0,0,0.33475924,1,200.0,-240.0
clemson_vs_davidson_20231112,2023-11-12,clemson,Davidson,2024,1,1,0.94034857,1,-350.0,280.0
clemson_vs_boise state_20231119,2023-11-19,clemson,Boise State,2024,1,1,0.7308784,1,-247.0,203.0
clemson_vs_alcorn state_20231124,2023-11-24,clemson,Alcorn State,2024,1,1,0.97237194,1,-5000.0,1400.0
clemson_vs_south carolina_20231206,2023-12-06,clemson,South Carolina,2024,1,1,0.79447895,1,-395.0,310.0
clemson_vs_tcu_20231209,2023-12-09,clemson,TCU,2024,1,0,0.399508,0,120.0,-142.0
clemson_vs_queens (nc)_20231222,2023-12-22,clemson,Queens (NC),2024,1,1,0.9762214,1,-2785.0,1177.0
clemson_vs_radford_20231229,2023-12-29,clemson,Radford,2024,1,1,0.95690304,1,-1600.0,850.0
clemson_vs_north carolina_20240106,2024-01-06,clemson,North Carolina,2024,0,1,0.6076634,0,-153.0,130.0
clemson_vs_boston college_20240113,2024-01-13,clemson,Boston College,2024,1,1,0.74823296,1,-531.0,391.0
clemson_vs_georgia tech_20240116,2024-01-16,clemson,Georgia Tech,2024,0,1,0.87840474,0,-719.0,499.0
clemson_vs_louisville_20240130,2024-01-30,clemson,Louisville,2024,1,1,0.9741823,1,-1600.0,900.0
clemson_vs_virginia_20240203,2024-02-03,clemson,Virginia,2024,0,1,0.7282681,0,-190.0,165.0
clemson_vs_miami (fl)_20240214,2024-02-14,clemson,Miami (FL),2024,1,1,0.79219353,1,-305.0,255.0
clemson_vs_nc state_20240217,2024-02-17,clemson,NC State,2024,0,1,0.81283396,0,-359.0,282.0
clemson_vs_florida state_20240224,2024-02-24,clemson,Florida State,2024,1,1,0.80638146,1,-520.0,390.0
clemson_vs_pittsburgh_20240227,2024-02-27,clemson,Pittsburgh,2024,1,1,0.70341134,1,-325.0,270.0
clemson_vs_syracuse_20240305,2024-03-05,clemson,Syracuse,2024,1,1,0.77130145,1,-520.0,390.0
clemson_vs_new mexico_20240322,2024-03-22,clemson,New Mexico,2024,1,0,0.33708757,0,119.0,-134.0
cleveland-state_vs_ohio_20231111,2023-11-11,cleveland-state,Ohio,2024,1,0,0.49749786,0,103.0,-121.0
cleveland-state_vs_canisius_20231115,2023-11-15,cleveland-state,Canisius,2024,1,1,0.82986754,1,-485.0,370.0
cleveland-state_vs_east tennessee state_20231122,2023-11-22,cleveland-state,East Tennessee State,2024,1,1,0.8164747,1,-290.0,235.0
cleveland-state_vs_alabama a&m_20231125,2023-11-25,cleveland-state,Alabama A&M,2024,1,1,0.94175357,1,-3200.0,1400.0
cleveland-state_vs_detroit mercy_20231202,2023-12-02,cleveland-state,Detroit Mercy,2024,1,1,0.875726,1,-700.0,500.0
cleveland-state_vs_oakland_20231228,2023-12-28,cleveland-state,Oakland,2024,1,0,0.46167374,0,-130.0,
cleveland-state_vs_northern kentucky_20240107,2024-01-07,cleveland-state,Northern Kentucky,2024,1,1,0.6439578,1,-200.0,165.0
cleveland-state_vs_wright state_20240125,2024-01-25,cleveland-state,Wright State,2024,0,0,0.46556124,1,120.0,-142.0
cleveland-state_vs_robert morris_20240128,2024-01-28,cleveland-state,Robert Morris,2024,1,1,0.7945207,1,-374.0,291.0
cleveland-state_vs_milwaukee_20240214,2024-02-14,cleveland-state,Milwaukee,2024,0,1,0.70349675,0,-215.0,185.0
cleveland-state_vs_youngstown state_20240217,2024-02-17,cleveland-state,Youngstown State,2024,1,0,0.42402887,0,136.0,-162.0
cleveland-state_vs_green bay_20240228,2024-02-28,cleveland-state,Green Bay,2024,0,1,0.6843728,0,-366.0,286.0
cleveland-state_vs_iupui_20240302,2024-03-02,cleveland-state,IUPUI,2024,1,1,0.9319891,1,-2000.0,1000.0
cleveland-state_vs_iupui_20240305,2024-03-05,cleveland-state,IUPUI,2024,1,1,0.9285046,1,-1628.0,924.0
cleveland-state_vs_oakland_20240311,2024-03-11,cleveland-state,Oakland,2024,0,0,0.35484836,1,160.0,-192.0
cleveland-state_vs_northern colorado_20240324,2024-03-24,cleveland-state,Northern Colorado,2024,1,1,0.54917073,1,-149.0,127.0
cleveland-state_vs_high point_20240325,2024-03-25,cleveland-state,High Point,2024,0,0,0.2983953,1,160.0,-180.0
coastal-carolina_vs_furman_20231117,2023-11-17,coastal-carolina,Furman,2024,0,0,0.2081963,1,476.0,-678.0
coastal-carolina_vs_college of charleston_20231119,2023-11-19,coastal-carolina,College of Charleston,2024,0,0,0.16042918,1,335.0,-415.0
coastal-carolina_vs_north carolina central_20231126,2023-11-26,coastal-carolina,North Carolina Central,2024,0,1,0.64723736,0,-190.0,155.0
coastal-carolina_vs_usc upstate_20231129,2023-11-29,coastal-carolina,USC Upstate,2024,1,0,0.4270854,0,-125.0,105.0
coastal-carolina_vs_winthrop_20231202,2023-12-02,coastal-carolina,Winthrop,2024,0,0,0.2783616,1,170.0,-205.0
coastal-carolina_vs_wofford_20231209,2023-12-09,coastal-carolina,Wofford,2024,0,0,0.48256066,1,-115.0,-105.0
coastal-carolina_vs_north carolina a&t_20231221,2023-12-21,coastal-carolina,North Carolina A&T,2024,0,1,0.8153929,0,-500.0,380.0
coastal-carolina_vs_troy_20231230,2023-12-30,coastal-carolina,Troy,2024,0,0,0.37114435,1,145.0,-175.0
coastal-carolina_vs_appalachian state_20240111,2024-01-11,coastal-carolina,Appalachian State,2024,0,0,0.17837135,1,310.0,-395.0
coastal-carolina_vs_old dominion_20240113,2024-01-13,coastal-carolina,Old Dominion,2024,1,0,0.4954366,0,102.0,-122.0
coastal-carolina_vs_southern mississippi_20240124,2024-01-24,coastal-carolina,Southern Mississippi,2024,0,0,0.49714994,1,140.0,-166.0
coastal-carolina_vs_georgia state_20240127,2024-01-27,coastal-carolina,Georgia State,2024,1,0,0.31824672,0,149.0,-176.0
coastal-carolina_vs_georgia southern_20240215,2024-02-15,coastal-carolina,Georgia Southern,2024,1,1,0.56518346,1,-108.0,-108.0
coastal-carolina_vs_marshall_20240217,2024-02-17,coastal-carolina,Marshall,2024,1,0,0.3261994,0,172.0,-197.0
coastal-carolina_vs_arkansas state_20240228,2024-02-28,coastal-carolina,Arkansas State,2024,0,0,0.17403428,1,360.0,-470.0
coastal-carolina_vs_james madison_20240301,2024-03-01,coastal-carolina,James Madison,2024,0,0,0.105665915,1,850.0,-1400.0
coastal-carolina_vs_louisianaâmonroe_20240305,2024-03-05,coastal-carolina,LouisianaâMonroe,2024,1,0,0.32143947,0,,-130.0
coastal-carolina_vs_louisiana_20240307,2024-03-07,coastal-carolina,Louisiana,2024,0,0,0.1520913,1,550.0,-750.0
colgate_vs_yale_20231117,2023-11-17,colgate,Yale,2024,0,0,0.37649012,1,146.0,-180.0
colgate_vs_gardner-webb_20231118,2023-11-18,colgate,Gardner-Webb,2024,1,1,0.6375186,1,-185.0,150.0
colgate_vs_weber state_20231119,2023-11-19,colgate,Weber State,2024,1,1,0.5635586,1,-115.0,-105.0
colgate_vs_harvard_20231122,2023-11-22,colgate,Harvard,2024,0,1,0.76264906,0,-200.0,165.0
colgate_vs_binghamton_20231129,2023-11-29,colgate,Binghamton,2024,1,1,0.7861956,1,-625.0,455.0
colgate_vs_loyola (md)_20240103,2024-01-03,colgate,Loyola (MD),2024,1,1,0.874122,1,-900.0,600.0
colgate_vs_lafayette_20240110,2024-01-10,colgate,Lafayette,2024,0,1,0.7842034,0,-1346.0,729.0
colgate_vs_boston university_20240120,2024-01-20,colgate,Boston University,2024,1,1,0.7266956,1,-550.0,400.0
colgate_vs_lehigh_20240122,2024-01-22,colgate,Lehigh,2024,1,1,0.71688014,1,-700.0,520.0
colgate_vs_army_20240131,2024-01-31,colgate,Army,2024,1,1,0.76761794,1,-1350.0,800.0
colgate_vs_navy_20240203,2024-02-03,colgate,Navy,2024,1,1,0.8055933,1,-731.0,469.0
colgate_vs_holy cross_20240214,2024-02-14,colgate,Holy Cross,2024,1,1,0.9027302,1,-3200.0,1400.0
colgate_vs_bucknell_20240217,2024-02-17,colgate,Bucknell,2024,1,1,0.7883074,1,-900.0,600.0
colgate_vs_american_20240225,2024-02-25,colgate,American,2024,0,1,0.7814015,0,-882.0,540.0
colgate_vs_holy cross_20240307,2024-03-07,colgate,Holy Cross,2024,1,1,0.88209254,1,-2918.0,1212.0
colgate_vs_bucknell_20240310,2024-03-10,colgate,Bucknell,2024,1,1,0.7568197,1,-880.0,539.0
colgate_vs_lehigh_20240313,2024-03-13,colgate,Lehigh,2024,1,1,0.7456723,1,-375.0,305.0
college-of-charleston_vs_duquesne_20231110,2023-11-10,college-of-charleston,Duquesne,2024,0,0,0.3634623,1,-132.0,113.0
college-of-charleston_vs_vermont_20231116,2023-11-16,college-of-charleston,Vermont,2024,0,1,0.51285046,0,-160.0,140.0
college-of-charleston_vs_wyoming_20231117,2023-11-17,college-of-charleston,Wyoming,2024,0,1,0.7373407,0,-226.0,187.0
college-of-charleston_vs_liberty_20231201,2023-12-01,college-of-charleston,Liberty,2024,1,0,0.44318956,0,168.0,-193.0
college-of-charleston_vs_rhode island_20231210,2023-12-10,college-of-charleston,Rhode Island,2024,1,1,0.8153762,1,-499.0,371.0
college-of-charleston_vs_the citadel_20231214,2023-12-14,college-of-charleston,The Citadel,2024,1,1,0.92374206,1,-1017.0,652.0
college-of-charleston_vs_coastal carolina_20231218,2023-12-18,college-of-charleston,Coastal Carolina,2024,1,1,0.93874705,1,-1644.0,930.0
college-of-charleston_vs_saint joseph's_20231221,2023-12-21,college-of-charleston,Saint Joseph's,2024,1,1,0.58259094,1,-147.0,125.0
college-of-charleston_vs_elon_20240111,2024-01-11,college-of-charleston,Elon,2024,1,1,0.8999205,1,-1635.0,926.0
college-of-charleston_vs_monmouth_20240113,2024-01-13,college-of-charleston,Monmouth,2024,1,1,0.77627826,1,-745.0,512.0
college-of-charleston_vs_towson_20240118,2024-01-18,college-of-charleston,Towson,2024,0,1,0.79718673,0,-668.0,470.0
college-of-charleston_vs_unc wilmington_20240201,2024-02-01,college-of-charleston,UNC Wilmington,2024,0,1,0.62161624,0,-202.0,169.0
college-of-charleston_vs_north carolina a&t_20240208,2024-02-08,college-of-charleston,North Carolina A&T,2024,1,1,0.94127995,1,-5000.0,1400.0
college-of-charleston_vs_drexel_20240210,2024-02-10,college-of-charleston,Drexel,2024,1,1,0.62278664,1,-240.0,200.0
college-of-charleston_vs_william & mary_20240219,2024-02-19,college-of-charleston,William & Mary,2024,1,1,0.92062956,1,-2500.0,1150.0
college-of-charleston_vs_campbell_20240229,2024-02-29,college-of-charleston,Campbell,2024,1,1,0.9131199,1,-1535.0,885.0
college-of-charleston_vs_hofstra_20240302,2024-03-02,college-of-charleston,Hofstra,2024,1,1,0.6444784,1,-254.0,208.0
college-of-charleston_vs_monmouth_20240310,2024-03-10,college-of-charleston,Monmouth,2024,1,1,0.719832,1,-469.0,352.0
college-of-charleston_vs_towson_20240311,2024-03-11,college-of-charleston,Towson,2024,1,1,0.6767772,1,-287.0,231.0
college-of-charleston_vs_stony brook_20240312,2024-03-12,college-of-charleston,Stony Brook,2024,1,1,0.73347735,1,-535.0,400.0
colorado_vs_milwaukee_20231114,2023-11-14,colorado,Milwaukee,2024,1,1,0.94841015,1,-2100.0,1100.0
colorado_vs_richmond_20231120,2023-11-20,colorado,Richmond,2024,1,1,0.9167967,1,-450.0,360.0
colorado_vs_florida state_20231121,2023-11-21,colorado,Florida State,2024,0,1,0.61427957,0,-251.0,206.0
colorado_vs_iona_20231126,2023-11-26,colorado,Iona,2024,1,1,0.95427805,1,-2500.0,1100.0
colorado_vs_pepperdine_20231203,2023-12-03,colorado,Pepperdine,2024,1,1,0.9558663,1,-2400.0,1150.0
colorado_vs_miami (fl)_20231210,2023-12-10,colorado,Miami (FL),2024,1,1,0.5242858,1,106.0,-126.0
colorado_vs_northern colorado_20231215,2023-12-15,colorado,Northern Colorado,2024,1,1,0.97986686,1,-2784.0,1344.0
colorado_vs_utah tech_20231221,2023-12-21,colorado,Utah Tech,2024,1,1,0.9800305,1,-2764.0,1337.0
colorado_vs_washington_20231229,2023-12-29,colorado,Washington,2024,1,1,0.80177945,1,-395.0,310.0
colorado_vs_washington state_20231231,2023-12-31,colorado,Washington State,2024,1,1,0.78270245,1,-344.0,271.0
colorado_vs_southern california_20240113,2024-01-13,colorado,Southern California,2024,1,1,0.7539006,1,-797.0,541.0
colorado_vs_oregon_20240118,2024-01-18,colorado,Oregon,2024,1,1,0.6734214,1,-265.0,225.0
colorado_vs_oregon state_20240120,2024-01-20,colorado,Oregon State,2024,1,1,0.9397169,1,-1830.0,1004.0
colorado_vs_arizona state_20240208,2024-02-08,colorado,Arizona State,2024,1,1,0.8435755,1,-1400.0,825.0
colorado_vs_arizona_20240210,2024-02-10,colorado,Arizona,2024,0,0,0.3981128,1,-128.0,109.0
colorado_vs_utah_20240224,2024-02-24,colorado,Utah,2024,1,1,0.6672846,1,-300.0,250.0
colorado_vs_california_20240228,2024-02-28,colorado,California,2024,1,1,0.85945153,1,-1167.0,724.0
colorado_vs_stanford_20240303,2024-03-03,colorado,Stanford,2024,1,1,0.8405898,1,-1000.0,650.0
colorado_vs_utah_20240314,2024-03-14,colorado,Utah,2024,1,1,0.5792956,1,-218.0,180.0
colorado_vs_washington state_20240315,2024-03-15,colorado,Washington State,2024,1,0,0.4581059,0,-142.0,120.0
colorado_vs_oregon_20240316,2024-03-16,colorado,Oregon,2024,0,1,0.6092776,0,-150.0,130.0
colorado_vs_florida_20240322,2024-03-22,colorado,Florida,2024,1,0,0.38738543,0,-117.0,104.0
colorado_vs_marquette_20240324,2024-03-24,colorado,Marquette,2024,0,0,0.42306978,1,172.0,-197.0
colorado-state_vs_wright state_20231110,2023-11-10,colorado-state,Wright State,2024,1,1,0.6970843,1,-525.0,420.0
colorado-state_vs_kansas city_20231117,2023-11-17,colorado-state,Kansas City,2024,1,1,0.9666726,1,-2000.0,1000.0
colorado-state_vs_creighton_20231123,2023-11-23,colorado-state,Creighton,2024,1,0,0.27083123,0,335.0,-415.0
colorado-state_vs_colorado_20231129,2023-11-29,colorado-state,Colorado,2024,1,1,0.59001917,1,-175.0,145.0
colorado-state_vs_washington_20231202,2023-12-02,colorado-state,Washington,2024,1,1,0.5475641,1,-175.0,155.0
colorado-state_vs_denver_20231206,2023-12-06,colorado-state,Denver,2024,1,1,0.9746901,1,-2500.0,1100.0
colorado-state_vs_new mexico_20240102,2024-01-02,colorado-state,New Mexico,2024,1,1,0.6820349,1,-185.0,150.0
colorado-state_vs_air force_20240116,2024-01-16,colorado-state,Air Force,2024,1,1,0.97017294,1,-1600.0,900.0
colorado-state_vs_unlv_20240119,2024-01-19,colorado-state,UNLV,2024,1,1,0.7153222,1,-360.0,282.0
colorado-state_vs_san diego state_20240130,2024-01-30,colorado-state,San Diego State,2024,1,1,0.50369716,1,-145.0,124.0
colorado-state_vs_boise state_20240206,2024-02-06,colorado-state,Boise State,2024,1,1,0.5678045,1,-245.0,200.0
colorado-state_vs_san jose state_20240209,2024-02-09,colorado-state,San Jose State,2024,1,1,0.9469417,1,-1800.0,1000.0
colorado-state_vs_utah state_20240217,2024-02-17,colorado-state,Utah State,2024,1,1,0.59071153,1,-245.0,201.0
colorado-state_vs_nevada_20240227,2024-02-27,colorado-state,Nevada,2024,0,1,0.6193018,0,-332.0,263.0
colorado-state_vs_wyoming_20240302,2024-03-02,colorado-state,Wyoming,2024,1,1,0.9401942,1,-1453.0,851.0
colorado-state_vs_san jose state_20240313,2024-03-13,colorado-state,San Jose State,2024,1,1,0.940109,1,-1600.0,850.0
colorado-state_vs_nevada_20240314,2024-03-14,colorado-state,Nevada,2024,1,0,0.41521022,0,162.0,-194.0
colorado-state_vs_new mexico_20240316,2024-03-16,colorado-state,New Mexico,2024,0,0,0.2936316,1,,
colorado-state_vs_virginia_20240319,2024-03-19,colorado-state,Virginia,2024,1,1,0.55286634,1,-155.0,130.0
colorado-state_vs_texas_20240321,2024-03-21,colorado-state,Texas,2024,0,0,0.38332665,1,135.0,-160.0
columbia_vs_albany (ny)_20231111,2023-11-11,columbia,Albany (NY),2024,0,1,0.73576593,0,-192.0,160.0
columbia_vs_liu_20231121,2023-11-21,columbia,LIU,2024,1,1,0.9266155,1,-800.0,550.0
columbia_vs_maine_20231125,2023-11-25,columbia,Maine,2024,1,0,0.48607036,0,105.0,-125.0
columbia_vs_loyola (md)_20231129,2023-11-29,columbia,Loyola (MD),2024,1,1,0.72257507,1,-238.0,195.0
columbia_vs_lafayette_20231205,2023-12-05,columbia,Lafayette,2024,1,1,0.6715478,1,-285.0,230.0
columbia_vs_princeton_20240120,2024-01-20,columbia,Princeton,2024,0,0,0.18036644,1,605.0,-923.0
columbia_vs_pennsylvania_20240127,2024-01-27,columbia,Pennsylvania,2024,1,0,0.49600482,0,114.0,-135.0
columbia_vs_dartmouth_20240216,2024-02-16,columbia,Dartmouth,2024,1,1,0.85318863,1,-562.0,409.0
columbia_vs_harvard_20240217,2024-02-17,columbia,Harvard,2024,0,1,0.6506735,0,-131.0,112.0
columbia_vs_brown_20240223,2024-02-23,columbia,Brown,2024,0,1,0.7011955,0,-180.0,150.0
columbia_vs_yale_20240224,2024-02-24,columbia,Yale,2024,0,0,0.3134429,1,269.0,-342.0
columbia_vs_cornell_20240309,2024-03-09,columbia,Cornell,2024,0,0,0.30774507,1,205.0,-250.0
connecticut_vs_stonehill_20231111,2023-11-11,connecticut,Stonehill,2024,1,1,0.9829663,1,,
connecticut_vs_mississippi valley state_20231114,2023-11-14,connecticut,Mississippi Valley State,2024,1,1,0.98839545,1,,
connecticut_vs_indiana_20231119,2023-11-19,connecticut,Indiana,2024,1,1,0.6994776,1,-700.0,488.0
connecticut_vs_texas_20231120,2023-11-20,connecticut,Texas,2024,1,1,0.6919869,1,-275.0,223.0
connecticut_vs_manhattan_20231124,2023-11-24,connecticut,Manhattan,2024,1,1,0.9845285,1,-99995.0,17500.0
connecticut_vs_new hampshire_20231127,2023-11-27,connecticut,New Hampshire,2024,1,1,0.97988784,1,-50001.0,7000.0
connecticut_vs_north carolina_20231205,2023-12-05,connecticut,North Carolina,2024,1,1,0.638031,1,-250.0,200.0
connecticut_vs_arkansasâpine bluff_20231209,2023-12-09,connecticut,ArkansasâPine Bluff,2024,1,1,0.9841123,1,-99995.0,10000.0
connecticut_vs_gonzaga_20231215,2023-12-15,connecticut,Gonzaga,2024,1,1,0.6065718,1,-170.0,150.0
connecticut_vs_st. john's (ny)_20231223,2023-12-23,connecticut,St. John's (NY),2024,1,1,0.8193033,1,-691.0,483.0
connecticut_vs_depaul_20240102,2024-01-02,connecticut,DePaul,2024,1,1,0.9837902,1,-3276.0,1498.0
connecticut_vs_georgetown_20240114,2024-01-14,connecticut,Georgetown,2024,1,1,0.9730857,1,-3500.0,1566.0
connecticut_vs_creighton_20240117,2024-01-17,connecticut,Creighton,2024,1,1,0.6844674,1,-289.0,233.0
connecticut_vs_xavier_20240128,2024-01-28,connecticut,Xavier,2024,1,1,0.8417409,1,-736.0,508.0
connecticut_vs_providence_20240131,2024-01-31,connecticut,Providence,2024,1,1,0.898755,1,-1050.0,675.0
connecticut_vs_butler_20240206,2024-02-06,connecticut,Butler,2024,1,1,0.88477933,1,-1158.0,719.0
connecticut_vs_marquette_20240217,2024-02-17,connecticut,Marquette,2024,1,1,0.7474571,1,-340.0,270.0
connecticut_vs_villanova_20240224,2024-02-24,connecticut,Villanova,2024,1,1,0.8834394,1,-800.0,550.0
connecticut_vs_seton hall_20240303,2024-03-03,connecticut,Seton Hall,2024,1,1,0.8824195,1,-1750.0,950.0
connecticut_vs_xavier_20240314,2024-03-14,connecticut,Xavier,2024,1,1,0.87694675,1,-1550.0,875.0
connecticut_vs_marquette_20240316,2024-03-16,connecticut,Marquette,2024,1,1,0.70907587,1,-500.0,380.0
connecticut_vs_stetson_20240322,2024-03-22,connecticut,Stetson,2024,1,1,0.96819925,1,-6585.0,2862.0
connecticut_vs_northwestern_20240324,2024-03-24,connecticut,Northwestern,2024,1,1,0.81726307,1,-1300.0,790.0
connecticut_vs_san diego state_20240328,2024-03-28,connecticut,San Diego State,2024,1,1,0.8181896,1,-850.0,575.0
connecticut_vs_illinois_20240330,2024-03-30,connecticut,Illinois,2024,1,1,0.6660995,1,-405.0,325.0
connecticut_vs_purdue_20240408,2024-04-08,connecticut,Purdue,2024,1,1,0.5882964,1,-294.0,248.0
coppin-state_vs_towson_20231109,2023-11-09,coppin-state,Towson,2024,0,0,0.14681815,1,1100.0,-2100.0
coppin-state_vs_eastern illinois_20231118,2023-11-18,coppin-state,Eastern Illinois,2024,0,0,0.30488205,1,240.0,-300.0
coppin-state_vs_umbc_20231130,2023-11-30,coppin-state,UMBC,2024,1,0,0.31913838,0,425.0,-600.0
coppin-state_vs_wagner_20231206,2023-12-06,coppin-state,Wagner,2024,0,0,0.1798769,1,190.0,-230.0
coppin-state_vs_maryland eastern shore_20240108,2024-01-08,coppin-state,Maryland Eastern Shore,2024,1,0,0.4080648,0,150.0,-170.0
coppin-state_vs_morgan state_20240120,2024-01-20,coppin-state,Morgan State,2024,0,0,0.47685087,1,-101.0,-120.0
coppin-state_vs_howard_20240129,2024-01-29,coppin-state,Howard,2024,0,0,0.24014102,1,310.0,-395.0
coppin-state_vs_delaware state_20240217,2024-02-17,coppin-state,Delaware State,2024,0,0,0.3037229,1,236.0,-310.0
coppin-state_vs_norfolk state_20240224,2024-02-24,coppin-state,Norfolk State,2024,0,0,0.14526065,1,550.0,-800.0
coppin-state_vs_north carolina central_20240302,2024-03-02,coppin-state,North Carolina Central,2024,0,0,0.15539956,1,280.0,-380.0
coppin-state_vs_south carolina state_20240304,2024-03-04,coppin-state,South Carolina State,2024,0,0,0.2675634,1,400.0,-550.0
coppin-state_vs_norfolk state_20240313,2024-03-13,coppin-state,Norfolk State,2024,0,0,0.14259356,1,550.0,-800.0
cornell_vs_utah valley_20231120,2023-11-20,cornell,Utah Valley,2024,1,1,0.75319403,1,-245.0,205.0
cornell_vs_monmouth_20231129,2023-11-29,cornell,Monmouth,2024,1,1,0.86987233,1,-900.0,640.0
cornell_vs_colgate_20231230,2023-12-30,cornell,Colgate,2024,1,1,0.75923836,1,-210.0,170.0
cornell_vs_columbia_20240109,2024-01-09,cornell,Columbia,2024,1,1,0.8420933,1,-625.0,485.0
cornell_vs_pennsylvania_20240115,2024-01-15,cornell,Pennsylvania,2024,1,1,0.74193144,1,-356.0,280.0
cornell_vs_princeton_20240127,2024-01-27,cornell,Princeton,2024,1,0,0.41162536,0,118.0,-138.0
cornell_vs_harvard_20240216,2024-02-16,cornell,Harvard,2024,1,1,0.84500945,1,-455.0,365.0
cornell_vs_dartmouth_20240217,2024-02-17,cornell,Dartmouth,2024,1,1,0.956005,1,-2300.0,1050.0
cornell_vs_yale_20240223,2024-02-23,cornell,Yale,2024,1,1,0.51159453,1,-151.0,129.0
cornell_vs_brown_20240224,2024-02-24,cornell,Brown,2024,0,1,0.85799295,0,-700.0,520.0
cornell_vs_yale_20240316,2024-03-16,cornell,Yale,2024,0,0,0.36672705,1,125.0,-150.0
creighton_vs_iowa_20231114,2023-11-14,creighton,Iowa,2024,1,1,0.8125151,1,-800.0,550.0
creighton_vs_texas southern_20231118,2023-11-18,creighton,Texas Southern,2024,1,1,0.9790936,1,-6131.0,1880.0
creighton_vs_loyola chicago_20231122,2023-11-22,creighton,Loyola Chicago,2024,1,1,0.8392786,1,-5000.0,1400.0
creighton_vs_central michigan_20231209,2023-12-09,creighton,Central Michigan,2024,1,1,0.9788569,1,-99995.0,9000.0
creighton_vs_alabama_20231216,2023-12-16,creighton,Alabama,2024,1,1,0.6199868,1,-303.0,243.0
creighton_vs_villanova_20231220,2023-12-20,creighton,Villanova,2024,0,1,0.7146519,0,-440.0,340.0
creighton_vs_providence_20240106,2024-01-06,creighton,Providence,2024,1,1,0.82777,1,-673.0,473.0
creighton_vs_st. john's (ny)_20240113,2024-01-13,creighton,St. John's (NY),2024,1,1,0.6133647,1,-275.0,230.0
creighton_vs_xavier_20240123,2024-01-23,creighton,Xavier,2024,1,1,0.72874767,1,-371.0,289.0
creighton_vs_depaul_20240127,2024-01-27,creighton,DePaul,2024,1,1,0.976301,1,-10000.0,1800.0
creighton_vs_butler_20240202,2024-02-02,creighton,Butler,2024,0,1,0.70340985,0,-525.0,420.0
creighton_vs_georgetown_20240213,2024-02-13,creighton,Georgetown,2024,1,1,0.9561013,1,-3000.0,1250.0
creighton_vs_connecticut_20240220,2024-02-20,creighton,Connecticut,2024,1,0,0.3963484,0,132.0,-152.0
creighton_vs_seton hall_20240228,2024-02-28,creighton,Seton Hall,2024,1,1,0.76815903,1,-437.0,333.0
creighton_vs_marquette_20240302,2024-03-02,creighton,Marquette,2024,1,1,0.6140631,1,-365.0,295.0
creighton_vs_providence_20240314,2024-03-14,creighton,Providence,2024,0,1,0.78495806,0,-400.0,310.0
creighton_vs_oregon_20240323,2024-03-23,creighton,Oregon,2024,1,1,0.6523087,1,-176.0,154.0
creighton_vs_tennessee_20240329,2024-03-29,creighton,Tennessee,2024,0,1,0.5222525,0,150.0,-170.0
dartmouth_vs_new hampshire_20231206,2023-12-06,dartmouth,New Hampshire,2024,1,0,0.4682416,0,155.0,-190.0
dartmouth_vs_marist_20231209,2023-12-09,dartmouth,Marist,2024,0,1,0.54962164,0,,-130.0
dartmouth_vs_boston university_20231213,2023-12-13,dartmouth,Boston University,2024,1,1,0.7061577,1,-132.0,109.0
dartmouth_vs_yale_20240120,2024-01-20,dartmouth,Yale,2024,0,0,0.1379153,1,551.0,-817.0
dartmouth_vs_brown_20240127,2024-01-27,dartmouth,Brown,2024,1,0,0.34902132,0,180.0,-218.0
dartmouth_vs_cornell_20240202,2024-02-02,dartmouth,Cornell,2024,0,0,0.13013995,1,449.0,-631.0
dartmouth_vs_columbia_20240203,2024-02-03,dartmouth,Columbia,2024,0,0,0.24297588,1,113.0,-133.0
dartmouth_vs_pennsylvania_20240223,2024-02-23,dartmouth,Pennsylvania,2024,0,0,0.26682216,1,194.0,-235.0
dartmouth_vs_princeton_20240224,2024-02-24,dartmouth,Princeton,2024,0,0,0.110110395,1,860.0,-1475.0
dartmouth_vs_harvard_20240305,2024-03-05,dartmouth,Harvard,2024,1,0,0.27580175,0,240.0,-298.0
davidson_vs_boston university_20231121,2023-11-21,davidson,Boston University,2024,1,1,0.91261476,1,-1305.0,714.0
davidson_vs_wright state_20231202,2023-12-02,davidson,Wright State,2024,1,0,0.41231748,0,-165.0,140.0
davidson_vs_campbell_20231206,2023-12-06,davidson,Campbell,2024,1,1,0.88281965,1,-1200.0,750.0
davidson_vs_miami (oh)_20231209,2023-12-09,davidson,Miami (OH),2024,1,1,0.78645056,1,-1150.0,725.0
davidson_vs_usc upstate_20231221,2023-12-21,davidson,USC Upstate,2024,1,1,0.8628716,1,-1367.0,737.0
davidson_vs_ohio_20231230,2023-12-30,davidson,Ohio,2024,1,1,0.56773454,1,-103.0,-114.0
davidson_vs_dayton_20240103,2024-01-03,davidson,Dayton,2024,0,0,0.3159194,1,165.0,-200.0
davidson_vs_rhode island_20240109,2024-01-09,davidson,Rhode Island,2024,0,1,0.6956034,0,-220.0,190.0
davidson_vs_richmond_20240120,2024-01-20,davidson,Richmond,2024,0,0,0.44702962,1,-121.0,104.0
davidson_vs_vcu_20240127,2024-01-27,davidson,VCU,2024,0,0,0.43636844,1,-100.0,-117.0
davidson_vs_george mason_20240210,2024-02-10,davidson,George Mason,2024,0,0,0.47228265,1,-124.0,104.0
davidson_vs_la salle_20240213,2024-02-13,davidson,La Salle,2024,1,1,0.81941533,1,-375.0,305.0
davidson_vs_fordham_20240220,2024-02-20,davidson,Fordham,2024,1,1,0.7574686,1,-285.0,240.0
davidson_vs_massachusetts_20240302,2024-03-02,davidson,Massachusetts,2024,0,0,0.42620042,1,-105.0,-111.0
davidson_vs_loyola chicago_20240306,2024-03-06,davidson,Loyola Chicago,2024,0,1,0.5199644,0,-112.0,-108.0
davidson_vs_fordham_20240312,2024-03-12,davidson,Fordham,2024,0,1,0.6203807,0,-165.0,145.0
dayton_vs_louisiana state_20231116,2023-11-16,dayton,Louisiana State,2024,1,0,0.47791666,0,-115.0,-105.0
dayton_vs_st. john's (ny)_20231117,2023-11-17,dayton,St. John's (NY),2024,1,0,0.4685815,0,-120.0,100.0
dayton_vs_houston_20231119,2023-11-19,dayton,Houston,2024,0,0,0.21852581,1,580.0,-800.0
dayton_vs_youngstown state_20231124,2023-11-24,dayton,Youngstown State,2024,1,1,0.93083864,1,-1400.0,800.0
dayton_vs_troy_20231209,2023-12-09,dayton,Troy,2024,1,1,0.908429,1,-1050.0,675.0
dayton_vs_oakland_20231220,2023-12-20,dayton,Oakland,2024,1,1,0.7591538,1,-750.0,525.0
dayton_vs_longwood_20231230,2023-12-30,dayton,Longwood,2024,1,1,0.90846777,1,-900.0,550.0
dayton_vs_massachusetts_20240107,2024-01-07,dayton,Massachusetts,2024,1,1,0.74815744,1,-369.0,288.0
dayton_vs_saint louis_20240116,2024-01-16,dayton,Saint Louis,2024,1,1,0.9626714,1,-950.0,625.0
dayton_vs_rhode island_20240120,2024-01-20,dayton,Rhode Island,2024,1,1,0.9497202,1,-1000.0,650.0
dayton_vs_george washington_20240130,2024-01-30,dayton,George Washington,2024,1,1,0.95160854,1,-925.0,665.0
dayton_vs_st. bonaventure_20240202,2024-02-02,dayton,St. Bonaventure,2024,1,1,0.8027267,1,-352.0,277.0
dayton_vs_duquesne_20240213,2024-02-13,dayton,Duquesne,2024,1,1,0.81822973,1,-423.0,324.0
dayton_vs_fordham_20240217,2024-02-17,dayton,Fordham,2024,1,1,0.9474942,1,-1200.0,750.0
dayton_vs_davidson_20240227,2024-02-27,dayton,Davidson,2024,1,1,0.8124552,1,-625.0,485.0
dayton_vs_vcu_20240308,2024-03-08,dayton,VCU,2024,1,1,0.79628927,1,-405.0,325.0
dayton_vs_duquesne_20240314,2024-03-14,dayton,Duquesne,2024,0,1,0.67523086,0,-315.0,265.0
dayton_vs_nevada_20240321,2024-03-21,dayton,Nevada,2024,1,0,0.38844165,0,102.0,-122.0
delaware_vs_air force_20231112,2023-11-12,delaware,Air Force,2024,1,1,0.5486963,1,-249.0,204.0
delaware_vs_unc greensboro_20231125,2023-11-25,delaware,UNC Greensboro,2024,0,0,0.3096836,1,135.0,-155.0
delaware_vs_george washington_20231126,2023-11-26,delaware,George Washington,2024,0,1,0.6609773,0,-119.0,-101.0
delaware_vs_rhode island_20231216,2023-12-16,delaware,Rhode Island,2024,1,1,0.6283287,1,-155.0,125.0
delaware_vs_rider_20231220,2023-12-20,delaware,Rider,2024,0,1,0.93596596,0,-515.0,381.0
delaware_vs_princeton_20231230,2023-12-30,delaware,Princeton,2024,0,0,0.33715993,1,166.0,-199.0
delaware_vs_hampton_20240104,2024-01-04,delaware,Hampton,2024,1,1,0.9231084,1,-800.0,580.0
delaware_vs_stony brook_20240118,2024-01-18,delaware,Stony Brook,2024,1,1,0.72772473,1,-329.0,261.0
delaware_vs_north carolina a&t_20240125,2024-01-25,delaware,North Carolina A&T,2024,1,1,0.904053,1,-1014.0,651.0
delaware_vs_towson_20240127,2024-01-27,delaware,Towson,2024,0,1,0.5287955,0,-137.0,117.0
delaware_vs_monmouth_20240203,2024-02-03,delaware,Monmouth,2024,1,1,0.6706152,1,-325.0,270.0
delaware_vs_william & mary_20240210,2024-02-10,delaware,William & Mary,2024,1,1,0.9147138,1,-900.0,600.0
delaware_vs_college of charleston_20240222,2024-02-22,delaware,College of Charleston,2024,0,0,0.4667796,1,105.0,-125.0
delaware_vs_drexel_20240226,2024-02-26,delaware,Drexel,2024,0,0,0.469882,1,-144.0,124.0
delaware_vs_northeastern_20240229,2024-02-29,delaware,Northeastern,2024,1,1,0.66727734,1,-245.0,200.0
delaware_vs_hampton_20240309,2024-03-09,delaware,Hampton,2024,1,1,0.79910684,1,-562.0,409.0
delaware_vs_hofstra_20240310,2024-03-10,delaware,Hofstra,2024,0,0,0.33008313,1,205.0,-251.0
delaware-state_vs_delaware_20231115,2023-11-15,delaware-state,Delaware,2024,0,0,0.12969932,1,399.0,-592.0
delaware-state_vs_lamar_20231126,2023-11-26,delaware-state,Lamar,2024,0,0,0.36067873,1,136.0,-162.0
delaware-state_vs_longwood_20231209,2023-12-09,delaware-state,Longwood,2024,0,0,0.2746791,1,245.0,-305.0
delaware-state_vs_mount st. mary's_20231230,2023-12-30,delaware-state,Mount St. Mary's,2024,1,0,0.35731065,0,165.0,-200.0
delaware-state_vs_coppin state_20240106,2024-01-06,delaware-state,Coppin State,2024,1,1,0.8675979,1,-636.0,422.0
delaware-state_vs_maryland eastern shore_20240120,2024-01-20,delaware-state,Maryland Eastern Shore,2024,1,1,0.74001986,1,-470.0,360.0
delaware-state_vs_south carolina state_20240127,2024-01-27,delaware-state,South Carolina State,2024,0,1,0.77619445,0,-225.0,185.0
delaware-state_vs_north carolina central_20240129,2024-01-29,delaware-state,North Carolina Central,2024,0,0,0.48517254,1,113.0,-137.0
delaware-state_vs_howard_20240205,2024-02-05,delaware-state,Howard,2024,0,1,0.61724484,0,-122.0,102.0
delaware-state_vs_morgan state_20240219,2024-02-19,delaware-state,Morgan State,2024,1,1,0.778949,1,-225.0,179.0
delaware-state_vs_norfolk state_20240302,2024-03-02,delaware-state,Norfolk State,2024,1,0,0.4525219,0,114.0,-135.0
delaware-state_vs_south carolina state_20240314,2024-03-14,delaware-state,South Carolina State,2024,1,0,0.43927565,0,114.0,-135.0
delaware-state_vs_north carolina central_20240315,2024-03-15,delaware-state,North Carolina Central,2024,1,0,0.38454854,0,185.0,-215.0
delaware-state_vs_howard_20240316,2024-03-16,delaware-state,Howard,2024,0,0,0.4430723,1,210.0,-245.0
delaware-state_vs_seattle_20240323,2024-03-23,delaware-state,Seattle,2024,0,0,0.21099743,1,580.0,-800.0
denver_vs_siu edwardsville_20231116,2023-11-16,denver,SIU Edwardsville,2024,0,0,0.37110612,1,124.0,-148.0
denver_vs_oral roberts_20231231,2023-12-31,denver,Oral Roberts,2024,0,1,0.70436895,0,-150.0,125.0
denver_vs_idaho state_20240103,2024-01-03,denver,Idaho State,2024,1,1,0.7785695,1,-320.0,254.0
denver_vs_south dakota state_20240113,2024-01-13,denver,South Dakota State,2024,1,0,0.4499041,0,147.0,-167.0
denver_vs_south dakota_20240125,2024-01-25,denver,South Dakota,2024,1,1,0.853465,1,-500.0,375.0
denver_vs_omaha_20240127,2024-01-27,denver,Omaha,2024,0,1,0.7389801,0,-231.0,191.0
denver_vs_st. thomas_20240210,2024-02-10,denver,St. Thomas,2024,1,0,0.23844734,0,114.0,-134.0
denver_vs_north dakota_20240215,2024-02-15,denver,North Dakota,2024,0,1,0.66322595,0,-190.0,165.0
denver_vs_north dakota state_20240217,2024-02-17,denver,North Dakota State,2024,1,1,0.58949506,1,-148.0,124.0
denver_vs_kansas city_20240229,2024-02-29,denver,Kansas City,2024,0,0,0.48089945,1,-230.0,190.0
denver_vs_kansas city_20240309,2024-03-09,denver,Kansas City,2024,1,0,0.26529714,0,195.0,-250.0
denver_vs_omaha_20240311,2024-03-11,denver,Omaha,2024,1,0,0.42374942,0,-115.0,-105.0
denver_vs_south dakota state_20240312,2024-03-12,denver,South Dakota State,2024,0,0,0.20035768,1,410.0,-515.0
depaul_vs_south carolina_20231117,2023-11-17,depaul,South Carolina,2024,0,0,0.35201424,1,181.0,-218.0
depaul_vs_san francisco_20231119,2023-11-19,depaul,San Francisco,2024,0,0,0.31985584,1,270.0,-325.0
depaul_vs_northern illinois_20231125,2023-11-25,depaul,Northern Illinois,2024,0,1,0.55891716,0,-160.0,140.0
depaul_vs_iowa state_20231201,2023-12-01,depaul,Iowa State,2024,0,0,0.16006182,1,850.0,-1600.0
depaul_vs_louisville_20231209,2023-12-09,depaul,Louisville,2024,1,0,0.4612659,0,-135.0,114.0
depaul_vs_northwestern_20231216,2023-12-16,depaul,Northwestern,2024,0,0,0.20274939,1,394.0,-537.0
depaul_vs_villanova_20231223,2023-12-23,depaul,Villanova,2024,0,0,0.20492724,1,487.0,-699.0
depaul_vs_chicago state_20231230,2023-12-30,depaul,Chicago State,2024,1,1,0.6609301,1,-285.0,219.0
depaul_vs_creighton_20240109,2024-01-09,depaul,Creighton,2024,0,0,0.10383275,1,909.0,-1593.0
depaul_vs_providence_20240117,2024-01-17,depaul,Providence,2024,0,0,0.14889394,1,380.0,-500.0
depaul_vs_marquette_20240124,2024-01-24,depaul,Marquette,2024,0,0,0.07487942,1,1125.0,-2152.0
depaul_vs_seton hall_20240130,2024-01-30,depaul,Seton Hall,2024,0,0,0.19992627,1,465.0,-659.0
depaul_vs_xavier_20240203,2024-02-03,depaul,Xavier,2024,0,0,0.10283368,1,700.0,-1100.0
depaul_vs_connecticut_20240214,2024-02-14,depaul,Connecticut,2024,0,0,0.06540387,1,2500.0,-9000.0
depaul_vs_georgetown_20240224,2024-02-24,depaul,Georgetown,2024,0,0,0.29837975,1,160.0,-180.0
depaul_vs_butler_20240302,2024-03-02,depaul,Butler,2024,0,0,0.16122739,1,600.0,-900.0
depaul_vs_st. john's (ny)_20240305,2024-03-05,depaul,St. John's (NY),2024,0,0,0.07868171,1,1213.0,-2398.0
depaul_vs_villanova_20240313,2024-03-13,depaul,Villanova,2024,0,0,0.14582928,1,1740.0,-4115.0
detroit-mercy_vs_eastern michigan_20231121,2023-11-21,detroit-mercy,Eastern Michigan,2024,0,0,0.47951716,1,-155.0,135.0
detroit-mercy_vs_oakland_20231129,2023-11-29,detroit-mercy,Oakland,2024,0,0,0.24295226,1,230.0,-300.0
detroit-mercy_vs_ball state_20231206,2023-12-06,detroit-mercy,Ball State,2024,0,0,0.4213571,1,-130.0,
detroit-mercy_vs_green bay_20240104,2024-01-04,detroit-mercy,Green Bay,2024,0,0,0.22017603,1,124.0,-148.0
detroit-mercy_vs_milwaukee_20240106,2024-01-06,detroit-mercy,Milwaukee,2024,0,0,0.19468644,1,275.0,-330.0
detroit-mercy_vs_northern kentucky_20240113,2024-01-13,detroit-mercy,Northern Kentucky,2024,0,0,0.14569914,1,420.0,-525.0
detroit-mercy_vs_youngstown state_20240120,2024-01-20,detroit-mercy,Youngstown State,2024,0,0,0.09671369,1,400.0,-535.0
detroit-mercy_vs_cleveland state_20240201,2024-02-01,detroit-mercy,Cleveland State,2024,0,0,0.18311107,1,280.0,-350.0
detroit-mercy_vs_robert morris_20240203,2024-02-03,detroit-mercy,Robert Morris,2024,0,0,0.328178,1,176.0,-212.0
detroit-mercy_vs_iupui_20240214,2024-02-14,detroit-mercy,IUPUI,2024,1,1,0.593778,1,-245.0,200.0
detroit-mercy_vs_wright state_20240222,2024-02-22,detroit-mercy,Wright State,2024,0,0,0.13825451,1,490.0,-675.0
dixie-state_vs_utah valley_20231202,2023-12-02,dixie-state,Utah Valley,2024,1,0,0.49254543,0,100.0,-120.0
dixie-state_vs_idaho_20231209,2023-12-09,dixie-state,Idaho,2024,0,1,0.745017,0,-336.0,266.0
dixie-state_vs_north dakota_20231216,2023-12-16,dixie-state,North Dakota,2024,0,1,0.6120006,0,-175.0,155.0
dixie-state_vs_florida international_20231230,2023-12-30,dixie-state,Florida International,2024,1,1,0.53426373,1,-145.0,120.0
dixie-state_vs_grand canyon_20240106,2024-01-06,dixie-state,Grand Canyon,2024,0,0,0.112439774,1,650.0,-1000.0
dixie-state_vs_stephen f. austin_20240111,2024-01-11,dixie-state,Stephen F. Austin,2024,1,0,0.3214955,0,215.0,-265.0
dixie-state_vs_ut arlington_20240203,2024-02-03,dixie-state,UT Arlington,2024,0,0,0.4033277,1,205.0,-250.0
dixie-state_vs_southern utah_20240208,2024-02-08,dixie-state,Southern Utah,2024,1,0,0.3931805,0,165.0,-190.0
dixie-state_vs_california baptist_20240210,2024-02-10,dixie-state,California Baptist,2024,1,0,0.2585264,0,145.0,-165.0
dixie-state_vs_seattle_20240217,2024-02-17,dixie-state,Seattle,2024,0,0,0.29582307,1,230.0,-286.0
dixie-state_vs_tarleton state_20240229,2024-02-29,dixie-state,Tarleton State,2024,0,0,0.30027083,1,172.0,-206.0
dixie-state_vs_abilene christian_20240302,2024-03-02,dixie-state,Abilene Christian,2024,0,0,0.49148506,1,105.0,-125.0
drake_vs_oakland_20231119,2023-11-19,drake,Oakland,2024,1,1,0.89118445,1,-430.0,350.0
drake_vs_stephen f. austin_20231120,2023-11-20,drake,Stephen F. Austin,2024,0,1,0.5600981,0,-160.0,140.0
drake_vs_texas southern_20231125,2023-11-25,drake,Texas Southern,2024,1,1,0.92692935,1,-2800.0,1300.0
drake_vs_missouri state_20231202,2023-12-02,drake,Missouri State,2024,1,1,0.6356695,1,-325.0,260.0
drake_vs_saint louis_20231206,2023-12-06,drake,Saint Louis,2024,1,1,0.8740429,1,-1600.0,900.0
drake_vs_nevada_20231209,2023-12-09,drake,Nevada,2024,1,0,0.29348013,0,164.0,-196.0
drake_vs_alcorn state_20231219,2023-12-19,drake,Alcorn State,2024,1,1,0.97034293,1,-2021.0,958.0
drake_vs_illinois state_20240102,2024-01-02,drake,Illinois State,2024,1,1,0.8827549,1,-900.0,640.0
drake_vs_indiana state_20240110,2024-01-10,drake,Indiana State,2024,1,0,0.43289277,0,-145.0,125.0
drake_vs_evansville_20240120,2024-01-20,drake,Evansville,2024,1,1,0.93248117,1,-1807.0,995.0
drake_vs_northern iowa_20240127,2024-01-27,drake,Northern Iowa,2024,1,1,0.761805,1,-455.0,350.0
drake_vs_valparaiso_20240131,2024-01-31,drake,Valparaiso,2024,1,1,0.9629962,1,-3200.0,1450.0
drake_vs_southern illinois_20240207,2024-02-07,drake,Southern Illinois,2024,1,1,0.7286836,1,-586.0,423.0
drake_vs_murray state_20240218,2024-02-18,drake,Murray State,2024,1,1,0.75115913,1,-485.0,370.0
drake_vs_belmont_20240221,2024-02-21,drake,Belmont,2024,1,1,0.79590243,1,-600.0,425.0
drake_vs_bradley_20240303,2024-03-03,drake,Bradley,2024,1,1,0.55030197,1,-195.0,163.0
drake_vs_evansville_20240308,2024-03-08,drake,Evansville,2024,1,1,0.91729325,1,-1400.0,800.0
drake_vs_indiana state_20240310,2024-03-10,drake,Indiana State,2024,1,0,0.46314776,0,138.0,-158.0
drake_vs_washington state_20240321,2024-03-21,drake,Washington State,2024,0,0,0.4209921,1,-120.0,100.0
drexel_vs_temple_20231114,2023-11-14,drexel,Temple,2024,0,1,0.6902156,0,-164.0,139.0
drexel_vs_fairfield_20231117,2023-11-17,drexel,Fairfield,2024,1,1,0.87892723,1,-475.0,385.0
drexel_vs_queens (nc)_20231119,2023-11-19,drexel,Queens (NC),2024,1,1,0.86469495,1,-379.0,279.0
drexel_vs_villanova_20231202,2023-12-02,drexel,Villanova,2024,1,0,0.27321008,0,500.0,-700.0
drexel_vs_albany (ny)_20231216,2023-12-16,drexel,Albany (NY),2024,1,1,0.7960429,1,-700.0,500.0
drexel_vs_hampton_20240101,2024-01-01,drexel,Hampton,2024,1,1,0.8524242,1,-1100.0,700.0
drexel_vs_unc wilmington_20240104,2024-01-04,drexel,UNC Wilmington,2024,1,0,0.48022407,0,-122.0,105.0
drexel_vs_monmouth_20240118,2024-01-18,drexel,Monmouth,2024,1,1,0.77441263,1,-494.0,368.0
drexel_vs_delaware_20240120,2024-01-20,drexel,Delaware,2024,1,1,0.7155037,1,-270.0,220.0
drexel_vs_north carolina a&t_20240127,2024-01-27,drexel,North Carolina A&T,2024,1,1,0.92636365,1,-2200.0,1000.0
drexel_vs_hofstra_20240215,2024-02-15,drexel,Hofstra,2024,1,1,0.65600586,1,-182.0,153.0
drexel_vs_campbell_20240217,2024-02-17,drexel,Campbell,2024,1,1,0.89638716,1,-748.0,514.0
drexel_vs_stony brook_20240229,2024-02-29,drexel,Stony Brook,2024,1,1,0.749807,1,-524.0,386.0
drexel_vs_northeastern_20240302,2024-03-02,drexel,Northeastern,2024,1,1,0.74023515,1,-470.0,360.0
drexel_vs_stony brook_20240310,2024-03-10,drexel,Stony Brook,2024,0,1,0.65455276,0,-225.0,186.0
duke_vs_arizona_20231110,2023-11-10,duke,Arizona,2024,0,1,0.68100077,0,-220.0,190.0
duke_vs_michigan state_20231114,2023-11-14,duke,Michigan State,2024,1,1,0.54052794,1,-192.0,161.0
duke_vs_bucknell_20231117,2023-11-17,duke,Bucknell,2024,1,1,0.97951496,1,-50001.0,8000.0
duke_vs_la salle_20231121,2023-11-21,duke,La Salle,2024,1,1,0.97106856,1,-3970.0,1700.0
duke_vs_southern indiana_20231124,2023-11-24,duke,Southern Indiana,2024,1,1,0.9804192,1,-99995.0,12500.0
duke_vs_charlotte_20231209,2023-12-09,duke,Charlotte,2024,1,1,0.8819713,1,-1420.0,836.0
duke_vs_hofstra_20231212,2023-12-12,duke,Hofstra,2024,1,1,0.8888235,1,-1433.0,842.0
duke_vs_queens (nc)_20231230,2023-12-30,duke,Queens (NC),2024,1,1,0.9803923,1,-4239.0,1519.0
duke_vs_syracuse_20240102,2024-01-02,duke,Syracuse,2024,1,1,0.8799007,1,-1208.0,743.0
duke_vs_georgia tech_20240113,2024-01-13,duke,Georgia Tech,2024,1,1,0.92835927,1,-1769.0,980.0
duke_vs_pittsburgh_20240120,2024-01-20,duke,Pittsburgh,2024,0,1,0.8889324,0,-825.0,605.0
duke_vs_clemson_20240127,2024-01-27,duke,Clemson,2024,1,1,0.64308167,1,-325.0,270.0
duke_vs_notre dame_20240207,2024-02-07,duke,Notre Dame,2024,1,1,0.9031966,1,-2100.0,1100.0
duke_vs_boston college_20240210,2024-02-10,duke,Boston College,2024,1,1,0.8117054,1,-1000.0,650.0
duke_vs_wake forest_20240212,2024-02-12,duke,Wake Forest,2024,1,1,0.68892145,1,-310.0,260.0
duke_vs_louisville_20240228,2024-02-28,duke,Louisville,2024,1,1,0.9760635,1,-3107.0,1447.0
duke_vs_virginia_20240302,2024-03-02,duke,Virginia,2024,1,1,0.78639436,1,-545.0,399.0
duke_vs_north carolina_20240309,2024-03-09,duke,North Carolina,2024,0,1,0.66253805,0,-210.0,175.0
duke_vs_nc state_20240314,2024-03-14,duke,NC State,2024,0,1,0.7807569,0,-700.0,500.0
duke_vs_vermont_20240322,2024-03-22,duke,Vermont,2024,1,1,0.8245537,1,-716.0,537.0
duke_vs_james madison_20240324,2024-03-24,duke,James Madison,2024,1,1,0.76428103,1,-270.0,220.0
duke_vs_houston_20240329,2024-03-29,duke,Houston,2024,1,0,0.3432714,0,170.0,-205.0
duke_vs_nc state_20240331,2024-03-31,duke,NC State,2024,0,1,0.660813,0,-310.0,250.0
duquesne_vs_stony brook_20231113,2023-11-13,duquesne,Stony Brook,2024,1,1,0.9403976,1,-1050.0,675.0
duquesne_vs_princeton_20231115,2023-11-15,duquesne,Princeton,2024,0,1,0.8221556,0,-244.0,200.0
duquesne_vs_rider_20231117,2023-11-17,duquesne,Rider,2024,1,1,0.94965863,1,-1000.0,660.0
duquesne_vs_uc irvine_20231129,2023-11-29,duquesne,UC Irvine,2024,1,1,0.7954497,1,-240.0,200.0
duquesne_vs_saint peter's_20231208,2023-12-08,duquesne,Saint Peter's,2024,1,1,0.95616,1,-1241.0,758.0
duquesne_vs_santa clara_20231223,2023-12-23,duquesne,Santa Clara,2024,0,1,0.70287395,0,105.0,-125.0
duquesne_vs_dayton_20240112,2024-01-12,duquesne,Dayton,2024,0,0,0.4099742,1,-120.0,100.0
duquesne_vs_richmond_20240116,2024-01-16,duquesne,Richmond,2024,0,1,0.5386216,0,-165.0,145.0
duquesne_vs_st. bonaventure_20240123,2024-01-23,duquesne,St. Bonaventure,2024,1,0,0.46450597,0,-115.0,-102.0
duquesne_vs_fordham_20240127,2024-01-27,duquesne,Fordham,2024,1,1,0.8082101,1,-354.0,278.0
duquesne_vs_chicago state_20240131,2024-01-31,duquesne,Chicago State,2024,1,1,0.91976005,1,-950.0,625.0
duquesne_vs_davidson_20240207,2024-02-07,duquesne,Davidson,2024,0,1,0.7356261,0,-284.0,229.0
duquesne_vs_saint joseph's_20240217,2024-02-17,duquesne,Saint Joseph's,2024,1,1,0.63271,1,-166.0,140.0
duquesne_vs_saint louis_20240220,2024-02-20,duquesne,Saint Louis,2024,1,1,0.8643851,1,-451.0,341.0
duquesne_vs_la salle_20240228,2024-02-28,duquesne,La Salle,2024,1,1,0.84108275,1,-431.0,328.0
duquesne_vs_george washington_20240309,2024-03-09,duquesne,George Washington,2024,1,1,0.85002667,1,-627.0,447.0
duquesne_vs_saint louis_20240313,2024-03-13,duquesne,Saint Louis,2024,1,1,0.7621066,1,-360.0,290.0
duquesne_vs_st. bonaventure_20240316,2024-03-16,duquesne,St. Bonaventure,2024,1,1,0.5490453,1,-139.0,123.0
duquesne_vs_vcu_20240317,2024-03-17,duquesne,VCU,2024,1,0,0.46368167,0,100.0,-120.0
duquesne_vs_illinois_20240323,2024-03-23,duquesne,Illinois,2024,0,0,0.192455,1,390.0,-520.0
east-carolina_vs_usc upstate_20231115,2023-11-15,east-carolina,USC Upstate,2024,0,1,0.8412276,0,-850.0,575.0
east-carolina_vs_northeastern_20231119,2023-11-19,east-carolina,Northeastern,2024,0,1,0.77721965,0,-375.0,295.0
east-carolina_vs_georgia southern_20231120,2023-11-20,east-carolina,Georgia Southern,2024,1,1,0.8616016,1,-746.0,513.0
east-carolina_vs_kennesaw state_20231121,2023-11-21,east-carolina,Kennesaw State,2024,1,1,0.7626504,1,-308.0,235.0
east-carolina_vs_unc wilmington_20231130,2023-11-30,east-carolina,UNC Wilmington,2024,1,1,0.5092526,1,,-130.0
east-carolina_vs_maryland eastern shore_20231204,2023-12-04,east-carolina,Maryland Eastern Shore,2024,1,1,0.9411855,1,-1350.0,800.0
east-carolina_vs_south carolina_20231209,2023-12-09,east-carolina,South Carolina,2024,0,0,0.40850174,1,185.0,-215.0
east-carolina_vs_florida_20231214,2023-12-14,east-carolina,Florida,2024,0,0,0.12674242,1,809.0,-1358.0
east-carolina_vs_delaware state_20231220,2023-12-20,east-carolina,Delaware State,2024,1,1,0.86857015,1,-850.0,575.0
east-carolina_vs_east tennessee state_20231229,2023-12-29,east-carolina,East Tennessee State,2024,0,1,0.7780622,0,-330.0,275.0
east-carolina_vs_tulsa_20240107,2024-01-07,east-carolina,Tulsa,2024,1,1,0.61210746,1,-224.0,185.0
east-carolina_vs_smu_20240113,2024-01-13,east-carolina,SMU,2024,0,0,0.25297257,1,154.0,-185.0
east-carolina_vs_north texas_20240117,2024-01-17,east-carolina,North Texas,2024,0,0,0.25430223,1,125.0,-145.0
east-carolina_vs_temple_20240128,2024-01-28,east-carolina,Temple,2024,1,1,0.77695996,1,-290.0,230.0
east-carolina_vs_south florida_20240131,2024-01-31,east-carolina,South Florida,2024,0,1,0.5681455,0,-118.0,-102.0
east-carolina_vs_wichita state_20240215,2024-02-15,east-carolina,Wichita State,2024,1,1,0.5748102,1,-142.0,122.0
east-carolina_vs_tulane_20240218,2024-02-18,east-carolina,Tulane,2024,1,1,0.5715258,1,-155.0,135.0
east-carolina_vs_memphis_20240229,2024-02-29,east-carolina,Memphis,2024,0,0,0.4995655,1,165.0,-200.0
east-carolina_vs_charlotte_20240309,2024-03-09,east-carolina,Charlotte,2024,0,0,0.46529335,1,-125.0,105.0
east-carolina_vs_tulsa_20240314,2024-03-14,east-carolina,Tulsa,2024,1,1,0.68999887,1,-166.0,140.0
east-carolina_vs_south florida_20240315,2024-03-15,east-carolina,South Florida,2024,0,0,0.40215257,1,266.0,-337.0
eastern-illinois_vs_iupui_20231207,2023-12-07,eastern-illinois,IUPUI,2024,1,1,0.7518846,1,-218.0,180.0
eastern-illinois_vs_central arkansas_20231210,2023-12-10,eastern-illinois,Central Arkansas,2024,0,1,0.7180065,0,-170.0,150.0
eastern-illinois_vs_morehead state_20240111,2024-01-11,eastern-illinois,Morehead State,2024,0,0,0.29153737,1,274.0,-348.0
eastern-illinois_vs_western illinois_20240113,2024-01-13,eastern-illinois,Western Illinois,2024,0,0,0.41505644,1,-102.0,-118.0
eastern-illinois_vs_tennessee state_20240127,2024-01-27,eastern-illinois,Tennessee State,2024,0,0,0.44429022,1,114.0,-135.0
eastern-illinois_vs_ut martin_20240201,2024-02-01,eastern-illinois,UT Martin,2024,0,0,0.44828612,1,,
eastern-illinois_vs_little rock_20240203,2024-02-03,eastern-illinois,Little Rock,2024,0,0,0.4299721,1,117.0,-137.0
eastern-illinois_vs_southeast missouri state_20240215,2024-02-15,eastern-illinois,Southeast Missouri State,2024,1,1,0.73097306,1,-229.0,189.0
eastern-illinois_vs_lindenwood_20240217,2024-02-17,eastern-illinois,Lindenwood,2024,1,1,0.7524271,1,-410.0,320.0
eastern-illinois_vs_siu edwardsville_20240227,2024-02-27,eastern-illinois,SIU Edwardsville,2024,1,0,0.47065896,0,102.0,-122.0
eastern-illinois_vs_siu edwardsville_20240306,2024-03-06,eastern-illinois,SIU Edwardsville,2024,0,0,0.34047124,1,147.0,-174.0
eastern-kentucky_vs_troy_20231127,2023-11-27,eastern-kentucky,Troy,2024,1,1,0.8055407,1,-250.0,195.0
eastern-kentucky_vs_northern kentucky_20231217,2023-12-17,eastern-kentucky,Northern Kentucky,2024,0,1,0.6838854,0,-165.0,145.0
eastern-kentucky_vs_lipscomb_20240104,2024-01-04,eastern-kentucky,Lipscomb,2024,1,0,0.4742713,0,-112.0,-108.0
eastern-kentucky_vs_austin peay_20240106,2024-01-06,eastern-kentucky,Austin Peay,2024,1,1,0.6494759,1,-192.0,160.0
eastern-kentucky_vs_bellarmine_20240120,2024-01-20,eastern-kentucky,Bellarmine,2024,1,1,0.80430317,1,-681.0,445.0
eastern-kentucky_vs_jacksonville_20240125,2024-01-25,eastern-kentucky,Jacksonville,2024,1,1,0.8492119,1,-650.0,450.0
eastern-kentucky_vs_north florida_20240127,2024-01-27,eastern-kentucky,North Florida,2024,1,1,0.7361001,1,-356.0,265.0
eastern-kentucky_vs_florida gulf coast_20240207,2024-02-07,eastern-kentucky,Florida Gulf Coast,2024,1,1,0.69068134,1,-325.0,260.0
eastern-kentucky_vs_chicago state_20240214,2024-02-14,eastern-kentucky,Chicago State,2024,1,1,0.7933777,1,-675.0,490.0
eastern-kentucky_vs_north alabama_20240222,2024-02-22,eastern-kentucky,North Alabama,2024,1,1,0.7946954,1,-300.0,230.0
eastern-kentucky_vs_central arkansas_20240224,2024-02-24,eastern-kentucky,Central Arkansas,2024,1,1,0.92090696,1,-1200.0,750.0
eastern-kentucky_vs_jacksonville_20240305,2024-03-05,eastern-kentucky,Jacksonville,2024,0,1,0.8024577,0,-465.0,330.0
eastern-michigan_vs_georgia southern_20231111,2023-11-11,eastern-michigan,Georgia Southern,2024,1,1,0.5286393,1,120.0,-142.0
eastern-michigan_vs_cleveland state_20231118,2023-11-18,eastern-michigan,Cleveland State,2024,1,0,0.28378108,0,250.0,-313.0
eastern-michigan_vs_north dakota_20231126,2023-11-26,eastern-michigan,North Dakota,2024,0,0,0.29334295,1,145.0,-175.0
eastern-michigan_vs_oakland_20231208,2023-12-08,eastern-michigan,Oakland,2024,0,0,0.2980969,1,210.0,-250.0
eastern-michigan_vs_hampton_20231221,2023-12-21,eastern-michigan,Hampton,2024,1,1,0.58843434,1,-180.0,160.0
eastern-michigan_vs_kent state_20240106,2024-01-06,eastern-michigan,Kent State,2024,1,0,0.18703228,0,410.0,-515.0
eastern-michigan_vs_central michigan_20240109,2024-01-09,eastern-michigan,Central Michigan,2024,0,1,0.66679615,0,-205.0,175.0
eastern-michigan_vs_ball state_20240116,2024-01-16,eastern-michigan,Ball State,2024,0,0,0.47742736,1,-102.0,-118.0
eastern-michigan_vs_buffalo_20240127,2024-01-27,eastern-michigan,Buffalo,2024,1,1,0.75440377,1,-167.0,141.0
eastern-michigan_vs_akron_20240130,2024-01-30,eastern-michigan,Akron,2024,0,0,0.1665598,1,470.0,-667.0
eastern-michigan_vs_toledo_20240206,2024-02-06,eastern-michigan,Toledo,2024,0,0,0.24673311,1,525.0,-750.0
eastern-michigan_vs_bowling green_20240217,2024-02-17,eastern-michigan,Bowling Green,2024,1,0,0.31375328,0,205.0,-250.0
eastern-michigan_vs_miami (oh)_20240302,2024-03-02,eastern-michigan,Miami (OH),2024,0,0,0.37470323,1,200.0,-245.0
eastern-washington_vs_portland state_20231228,2023-12-28,eastern-washington,Portland State,2024,1,1,0.52326804,1,-153.0,130.0
eastern-washington_vs_sacramento state_20231230,2023-12-30,eastern-washington,Sacramento State,2024,1,1,0.9083045,1,-567.0,412.0
eastern-washington_vs_north dakota state_20240106,2024-01-06,eastern-washington,North Dakota State,2024,1,1,0.80564463,1,-380.0,310.0
eastern-washington_vs_northern colorado_20240125,2024-01-25,eastern-washington,Northern Colorado,2024,1,1,0.81133246,1,-280.0,235.0
eastern-washington_vs_northern arizona_20240127,2024-01-27,eastern-washington,Northern Arizona,2024,1,1,0.9176277,1,-1000.0,650.0
eastern-washington_vs_idaho_20240210,2024-02-10,eastern-washington,Idaho,2024,1,1,0.88071823,1,-1300.0,790.0
eastern-washington_vs_idaho state_20240215,2024-02-15,eastern-washington,Idaho State,2024,1,1,0.7636189,1,-500.0,380.0
eastern-washington_vs_weber state_20240217,2024-02-17,eastern-washington,Weber State,2024,0,1,0.68900317,0,-196.0,164.0
eastern-washington_vs_montana_20240229,2024-02-29,eastern-washington,Montana,2024,1,1,0.67980933,1,-243.0,200.0
eastern-washington_vs_montana state_20240302,2024-03-02,eastern-washington,Montana State,2024,1,1,0.774897,1,-517.0,382.0
eastern-washington_vs_sacramento state_20240310,2024-03-10,eastern-washington,Sacramento State,2024,0,1,0.78609806,0,-1100.0,700.0
east-tennessee-state_vs_davidson_20231117,2023-11-17,east-tennessee-state,Davidson,2024,1,0,0.28331485,0,220.0,-271.0
east-tennessee-state_vs_kansas city_20231220,2023-12-20,east-tennessee-state,Kansas City,2024,1,1,0.6441261,1,-195.0,170.0
east-tennessee-state_vs_mercer_20240103,2024-01-03,east-tennessee-state,Mercer,2024,1,1,0.6111435,1,-245.0,205.0
east-tennessee-state_vs_western carolina_20240110,2024-01-10,east-tennessee-state,Western Carolina,2024,0,0,0.35755518,1,,-130.0
east-tennessee-state_vs_chattanooga_20240121,2024-01-21,east-tennessee-state,Chattanooga,2024,0,1,0.54815143,0,-108.0,-112.0
east-tennessee-state_vs_samford_20240127,2024-01-27,east-tennessee-state,Samford,2024,0,0,0.22025569,1,225.0,-265.0
east-tennessee-state_vs_the citadel_20240203,2024-02-03,east-tennessee-state,The Citadel,2024,1,1,0.7254673,1,-275.0,230.0
east-tennessee-state_vs_wofford_20240207,2024-02-07,east-tennessee-state,Wofford,2024,1,1,0.6773862,1,-155.0,135.0
east-tennessee-state_vs_furman_20240210,2024-02-10,east-tennessee-state,Furman,2024,0,0,0.49803993,1,123.0,-144.0
east-tennessee-state_vs_vmi_20240221,2024-02-21,east-tennessee-state,VMI,2024,1,1,0.92287195,1,-2400.0,1150.0
east-tennessee-state_vs_unc greensboro_20240302,2024-03-02,east-tennessee-state,UNC Greensboro,2024,1,0,0.43399402,0,120.0,-140.0
east-tennessee-state_vs_vmi_20240308,2024-03-08,east-tennessee-state,VMI,2024,1,1,0.9359907,1,-1866.0,1018.0
east-tennessee-state_vs_unc greensboro_20240309,2024-03-09,east-tennessee-state,UNC Greensboro,2024,1,0,0.38560438,0,240.0,-298.0
east-tennessee-state_vs_samford_20240311,2024-03-11,east-tennessee-state,Samford,2024,0,0,0.2594188,1,320.0,-400.0
elon_vs_iupui_20231117,2023-11-17,elon,IUPUI,2024,1,1,0.55889183,1,-166.0,140.0
elon_vs_holy cross_20231118,2023-11-18,elon,Holy Cross,2024,1,0,0.41824448,0,-122.0,102.0
elon_vs_presbyterian_20231127,2023-11-27,elon,Presbyterian,2024,1,1,0.7059707,1,-175.0,145.0
elon_vs_valparaiso_20231229,2023-12-29,elon,Valparaiso,2024,1,1,0.7078474,1,-218.0,180.0
elon_vs_north carolina a&t_20240106,2024-01-06,elon,North Carolina A&T,2024,1,1,0.8196854,1,-255.0,208.0
elon_vs_drexel_20240113,2024-01-13,elon,Drexel,2024,0,0,0.26635846,1,280.0,-375.0
elon_vs_unc wilmington_20240118,2024-01-18,elon,UNC Wilmington,2024,0,0,0.2571627,1,272.0,-346.0
elon_vs_northeastern_20240120,2024-01-20,elon,Northeastern,2024,0,0,0.35581365,1,130.0,-155.0
elon_vs_campbell_20240201,2024-02-01,elon,Campbell,2024,0,1,0.6818832,0,-150.0,127.0
elon_vs_stony brook_20240208,2024-02-08,elon,Stony Brook,2024,0,0,0.2864107,1,140.0,-166.0
elon_vs_delaware_20240215,2024-02-15,elon,Delaware,2024,1,0,0.18104315,0,260.0,-328.0
elon_vs_william & mary_20240229,2024-02-29,elon,William & Mary,2024,1,1,0.6135612,1,-165.0,145.0
elon_vs_monmouth_20240302,2024-03-02,elon,Monmouth,2024,0,0,0.35428545,1,132.0,-155.0
elon_vs_hampton_20240308,2024-03-08,elon,Hampton,2024,0,1,0.56001866,0,-162.0,137.0
evansville_vs_ball state_20231118,2023-11-18,evansville,Ball State,2024,1,1,0.5058726,1,-102.0,-114.0
evansville_vs_southeast missouri state_20231125,2023-11-25,evansville,Southeast Missouri State,2024,1,1,0.6807705,1,-225.0,185.0
evansville_vs_northern iowa_20231202,2023-12-02,evansville,Northern Iowa,2024,1,0,0.31102893,0,145.0,-175.0
evansville_vs_ut martin_20231218,2023-12-18,evansville,UT Martin,2024,1,1,0.6682586,1,-310.0,250.0
evansville_vs_murray state_20240106,2024-01-06,evansville,Murray State,2024,0,1,0.69225335,0,-113.0,-107.0
evansville_vs_missouri state_20240113,2024-01-13,evansville,Missouri State,2024,0,0,0.40178806,1,154.0,-185.0
evansville_vs_valparaiso_20240117,2024-01-17,evansville,Valparaiso,2024,1,1,0.69599915,1,-311.0,248.0
evansville_vs_illinois state_20240127,2024-01-27,evansville,Illinois State,2024,1,0,0.4766261,0,114.0,-135.0
evansville_vs_illinoisâchicago_20240131,2024-01-31,evansville,IllinoisâChicago,2024,1,0,0.45589095,0,,
evansville_vs_bradley_20240207,2024-02-07,evansville,Bradley,2024,1,0,0.14305207,0,360.0,-482.0
evansville_vs_drake_20240213,2024-02-13,evansville,Drake,2024,0,0,0.18800178,1,280.0,-355.0
evansville_vs_southern illinois_20240225,2024-02-25,evansville,Southern Illinois,2024,0,0,0.28608507,1,145.0,-175.0
evansville_vs_indiana state_20240228,2024-02-28,evansville,Indiana State,2024,0,0,0.18071744,1,416.0,-573.0
evansville_vs_illinois state_20240307,2024-03-07,evansville,Illinois State,2024,1,0,0.30362707,0,154.0,-183.0
evansville_vs_quinnipiac_20240324,2024-03-24,evansville,Quinnipiac,2024,1,0,0.3135053,0,165.0,-200.0
evansville_vs_seattle_20240325,2024-03-25,evansville,Seattle,2024,0,0,0.34832156,1,296.0,-382.0
fairfield_vs_queens (nc)_20231118,2023-11-18,fairfield,Queens (NC),2024,0,0,0.37435514,1,154.0,-185.0
fairfield_vs_new hampshire_20231124,2023-11-24,fairfield,New Hampshire,2024,0,0,0.48478365,1,-125.0,105.0
fairfield_vs_iona_20231201,2023-12-01,fairfield,Iona,2024,0,0,0.3864776,1,185.0,-215.0
fairfield_vs_wagner_20231217,2023-12-17,fairfield,Wagner,2024,1,1,0.597273,1,-325.0,270.0
fairfield_vs_le moyne_20231230,2023-12-30,fairfield,Le Moyne,2024,1,1,0.8181728,1,-546.0,375.0
fairfield_vs_marist_20240107,2024-01-07,fairfield,Marist,2024,1,1,0.52527523,1,-130.0,
fairfield_vs_saint peter's_20240119,2024-01-19,fairfield,Saint Peter's,2024,1,1,0.6314602,1,-178.0,158.0
fairfield_vs_quinnipiac_20240128,2024-01-28,fairfield,Quinnipiac,2024,0,1,0.62824553,0,-135.0,
fairfield_vs_manhattan_20240204,2024-02-04,fairfield,Manhattan,2024,1,1,0.84588367,1,-506.0,375.0
fairfield_vs_rider_20240208,2024-02-08,fairfield,Rider,2024,1,1,0.7104633,1,-220.0,190.0
fairfield_vs_niagara_20240216,2024-02-16,fairfield,Niagara,2024,0,1,0.76195186,0,-275.0,223.0
fairfield_vs_mount st. mary's_20240218,2024-02-18,fairfield,Mount St. Mary's,2024,1,1,0.63898003,1,-195.0,170.0
fairfield_vs_siena_20240225,2024-02-25,fairfield,Siena,2024,1,1,0.90438867,1,-2000.0,950.0
fairfield_vs_canisius_20240307,2024-03-07,fairfield,Canisius,2024,1,1,0.71615595,1,-468.0,352.0
fairfield_vs_iona_20240313,2024-03-13,fairfield,Iona,2024,1,1,0.53953624,1,-220.0,190.0
fairfield_vs_marist_20240315,2024-03-15,fairfield,Marist,2024,1,1,0.6181893,1,-210.0,183.0
fairfield_vs_saint peter's_20240316,2024-03-16,fairfield,Saint Peter's,2024,0,1,0.5231931,0,-167.0,147.0
fairfield_vs_seattle_20240326,2024-03-26,fairfield,Seattle,2024,0,0,0.36274254,1,240.0,-300.0
fairleigh-dickinson_vs_seton hall_20231111,2023-11-11,fairleigh-dickinson,Seton Hall,2024,0,0,0.13369726,1,880.0,-1776.0
fairleigh-dickinson_vs_saint peter's_20231115,2023-11-15,fairleigh-dickinson,Saint Peter's,2024,1,0,0.42253178,0,117.0,-142.0
fairleigh-dickinson_vs_queens (nc)_20231122,2023-11-22,fairleigh-dickinson,Queens (NC),2024,0,0,0.2965185,1,169.0,-212.0
fairleigh-dickinson_vs_jacksonville_20231125,2023-11-25,fairleigh-dickinson,Jacksonville,2024,0,0,0.33638534,1,120.0,-145.0
fairleigh-dickinson_vs_robert morris_20231126,2023-11-26,fairleigh-dickinson,Robert Morris,2024,0,0,0.3354353,1,180.0,-220.0
fairleigh-dickinson_vs_fordham_20231130,2023-11-30,fairleigh-dickinson,Fordham,2024,0,0,0.2503295,1,550.0,-845.0
fairleigh-dickinson_vs_njit_20231202,2023-12-02,fairleigh-dickinson,NJIT,2024,1,1,0.6995205,1,-145.0,125.0
fairleigh-dickinson_vs_manhattan_20231208,2023-12-08,fairleigh-dickinson,Manhattan,2024,1,1,0.5324345,1,-113.0,-107.0
fairleigh-dickinson_vs_columbia_20231211,2023-12-11,fairleigh-dickinson,Columbia,2024,0,0,0.39631,1,103.0,-123.0
fairleigh-dickinson_vs_fairfield_20231221,2023-12-21,fairleigh-dickinson,Fairfield,2024,0,1,0.56270313,0,116.0,-141.0
fairleigh-dickinson_vs_illinois_20231229,2023-12-29,fairleigh-dickinson,Illinois,2024,0,0,0.0728343,1,1717.0,-5227.0
fairleigh-dickinson_vs_merrimack_20240104,2024-01-04,fairleigh-dickinson,Merrimack,2024,0,0,0.24433765,1,237.0,-312.0
fairleigh-dickinson_vs_le moyne_20240106,2024-01-06,fairleigh-dickinson,Le Moyne,2024,0,1,0.6642309,0,-188.0,151.0
fairleigh-dickinson_vs_chicago state_20240110,2024-01-10,fairleigh-dickinson,Chicago State,2024,0,0,0.4171474,1,-161.0,131.0
fairleigh-dickinson_vs_stonehill_20240113,2024-01-13,fairleigh-dickinson,Stonehill,2024,1,1,0.6789521,1,-313.0,238.0
fairleigh-dickinson_vs_saint francis (pa)_20240115,2024-01-15,fairleigh-dickinson,Saint Francis (PA),2024,1,1,0.550655,1,-119.0,-101.0
fairleigh-dickinson_vs_stonehill_20240119,2024-01-19,fairleigh-dickinson,Stonehill,2024,1,1,0.65289396,1,-184.0,149.0
fairleigh-dickinson_vs_central connecticut state_20240125,2024-01-25,fairleigh-dickinson,Central Connecticut State,2024,0,0,0.3604663,1,125.0,-153.0
fairleigh-dickinson_vs_sacred heart_20240127,2024-01-27,fairleigh-dickinson,Sacred Heart,2024,1,0,0.46561688,0,-120.0,-101.0
fairleigh-dickinson_vs_liu_20240201,2024-02-01,fairleigh-dickinson,LIU,2024,1,1,0.7968521,1,-508.0,354.0
fairleigh-dickinson_vs_wagner_20240208,2024-02-08,fairleigh-dickinson,Wagner,2024,0,0,0.47980195,1,-139.0,114.0
fairleigh-dickinson_vs_central connecticut state_20240210,2024-02-10,fairleigh-dickinson,Central Connecticut State,2024,0,0,0.25218624,1,230.0,-301.0
fairleigh-dickinson_vs_liu_20240215,2024-02-15,fairleigh-dickinson,LIU,2024,1,1,0.5496243,1,-203.0,163.0
fairleigh-dickinson_vs_saint francis (pa)_20240217,2024-02-17,fairleigh-dickinson,Saint Francis (PA),2024,1,1,0.75883627,1,-270.0,210.0
fairleigh-dickinson_vs_sacred heart_20240222,2024-02-22,fairleigh-dickinson,Sacred Heart,2024,0,0,0.3347404,1,152.0,-188.0
fairleigh-dickinson_vs_le moyne_20240224,2024-02-24,fairleigh-dickinson,Le Moyne,2024,1,0,0.39572796,0,134.0,-164.0
fairleigh-dickinson_vs_merrimack_20240229,2024-02-29,fairleigh-dickinson,Merrimack,2024,0,0,0.33304915,1,140.0,-172.0
fairleigh-dickinson_vs_wagner_20240302,2024-03-02,fairleigh-dickinson,Wagner,2024,1,0,0.3154585,0,147.0,-181.0
fairleigh-dickinson_vs_le moyne_20240306,2024-03-06,fairleigh-dickinson,Le Moyne,2024,0,0,0.3399904,1,156.0,-194.0
florida_vs_virginia_20231110,2023-11-10,florida,Virginia,2024,0,1,0.61271375,0,,
florida_vs_florida a&m_20231114,2023-11-14,florida,Florida A&M,2024,1,1,0.97620004,1,-99995.0,17500.0
florida_vs_florida state_20231117,2023-11-17,florida,Florida State,2024,1,1,0.80485255,1,-409.0,314.0
florida_vs_pittsburgh_20231122,2023-11-22,florida,Pittsburgh,2024,1,1,0.63163954,1,-238.0,195.0
florida_vs_merrimack_20231205,2023-12-05,florida,Merrimack,2024,1,1,0.972337,1,-4000.0,1500.0
florida_vs_richmond_20231209,2023-12-09,florida,Richmond,2024,1,1,0.7355308,1,-600.0,440.0
florida_vs_michigan_20231219,2023-12-19,florida,Michigan,2024,1,1,0.6272045,1,-165.0,145.0
florida_vs_quinnipiac_20231230,2023-12-30,florida,Quinnipiac,2024,1,1,0.96143425,1,-3467.0,1556.0
florida_vs_kentucky_20240106,2024-01-06,florida,Kentucky,2024,0,1,0.6675846,0,-172.0,145.0
florida_vs_arkansas_20240113,2024-01-13,florida,Arkansas,2024,1,1,0.8638908,1,-338.0,267.0
florida_vs_mississippi state_20240124,2024-01-24,florida,Mississippi State,2024,1,1,0.64074385,1,-175.0,155.0
florida_vs_georgia_20240127,2024-01-27,florida,Georgia,2024,1,1,0.8535125,1,-375.0,295.0
florida_vs_auburn_20240210,2024-02-10,florida,Auburn,2024,1,0,0.44199133,0,115.0,-135.0
florida_vs_louisiana state_20240213,2024-02-13,florida,Louisiana State,2024,1,1,0.8912597,1,-596.0,429.0
florida_vs_vanderbilt_20240224,2024-02-24,florida,Vanderbilt,2024,1,1,0.9698585,1,-1650.0,950.0
florida_vs_missouri_20240228,2024-02-28,florida,Missouri,2024,1,1,0.93127906,1,-950.0,670.0
florida_vs_alabama_20240305,2024-03-05,florida,Alabama,2024,1,1,0.68856037,1,-162.0,136.0
florida_vs_georgia_20240314,2024-03-14,florida,Georgia,2024,1,1,0.8528967,1,-365.0,295.0
florida_vs_texas a&m_20240316,2024-03-16,florida,Texas A&M,2024,1,1,0.68327767,1,-142.0,120.0
florida-am_vs_oregon_20231120,2023-11-20,florida-am,Oregon,2024,0,0,0.09666115,1,1235.0,-3010.0
florida-am_vs_iowa_20231216,2023-12-16,florida-am,Iowa,2024,0,0,0.094292216,1,1400.0,-5000.0
florida-am_vs_southern_20240113,2024-01-13,florida-am,Southern,2024,0,0,0.3260021,1,200.0,-256.0
florida-am_vs_alcorn state_20240127,2024-01-27,florida-am,Alcorn State,2024,0,1,0.5546021,0,120.0,-145.0
florida-am_vs_jackson state_20240129,2024-01-29,florida-am,Jackson State,2024,1,0,0.34182498,0,157.0,-196.0
florida-am_vs_texas southern_20240210,2024-02-10,florida-am,Texas Southern,2024,0,0,0.35232,1,189.0,-241.0
florida-am_vs_alabama state_20240224,2024-02-24,florida-am,Alabama State,2024,1,0,0.35314196,0,160.0,-192.0
florida-am_vs_alabama a&m_20240226,2024-02-26,florida-am,Alabama A&M,2024,1,1,0.55506384,1,-142.0,120.0
florida-am_vs_bethune-cookman_20240309,2024-03-09,florida-am,Bethune-Cookman,2024,0,0,0.40953952,1,115.0,-140.0
florida-atlantic_vs_eastern michigan_20231114,2023-11-14,florida-atlantic,Eastern Michigan,2024,1,1,0.9782164,1,-4180.0,1758.0
florida-atlantic_vs_bryant_20231118,2023-11-18,florida-atlantic,Bryant,2024,0,1,0.9786941,0,-3986.0,1465.0
florida-atlantic_vs_texas a&m_20231124,2023-11-24,florida-atlantic,Texas A&M,2024,1,0,0.4612782,0,165.0,-200.0
florida-atlantic_vs_virginia tech_20231126,2023-11-26,florida-atlantic,Virginia Tech,2024,1,1,0.6915319,1,-145.0,125.0
florida-atlantic_vs_liberty_20231130,2023-11-30,florida-atlantic,Liberty,2024,1,1,0.8001316,1,-350.0,270.0
florida-atlantic_vs_college of charleston_20231202,2023-12-02,florida-atlantic,College of Charleston,2024,1,1,0.92265505,1,-1200.0,750.0
florida-atlantic_vs_illinois_20231205,2023-12-05,florida-atlantic,Illinois,2024,0,1,0.7160796,0,-140.0,115.0
florida-atlantic_vs_florida international_20231213,2023-12-13,florida-atlantic,Florida International,2024,1,1,0.9793002,1,-2862.0,1369.0
florida-atlantic_vs_st. bonaventure_20231216,2023-12-16,florida-atlantic,St. Bonaventure,2024,1,1,0.7800999,1,-475.0,385.0
florida-atlantic_vs_east carolina_20240102,2024-01-02,florida-atlantic,East Carolina,2024,1,1,0.96371025,1,-2000.0,1000.0
florida-atlantic_vs_uab_20240114,2024-01-14,florida-atlantic,UAB,2024,1,1,0.9501848,1,-1469.0,857.0
florida-atlantic_vs_wichita state_20240118,2024-01-18,florida-atlantic,Wichita State,2024,1,1,0.919246,1,-1600.0,900.0
florida-atlantic_vs_north texas_20240128,2024-01-28,florida-atlantic,North Texas,2024,1,1,0.6275967,1,-499.0,371.0
florida-atlantic_vs_tulsa_20240203,2024-02-03,florida-atlantic,Tulsa,2024,1,1,0.9243958,1,-1812.0,997.0
florida-atlantic_vs_temple_20240215,2024-02-15,florida-atlantic,Temple,2024,1,1,0.9393651,1,-3200.0,1400.0
florida-atlantic_vs_smu_20240222,2024-02-22,florida-atlantic,SMU,2024,1,1,0.52718574,1,-295.0,237.0
florida-atlantic_vs_tulane_20240302,2024-03-02,florida-atlantic,Tulane,2024,1,1,0.8896711,1,-1600.0,900.0
florida-atlantic_vs_memphis_20240309,2024-03-09,florida-atlantic,Memphis,2024,1,1,0.7775088,1,-325.0,260.0
florida-atlantic_vs_north texas_20240315,2024-03-15,florida-atlantic,North Texas,2024,1,1,0.6144326,1,-225.0,195.0
florida-atlantic_vs_temple_20240316,2024-03-16,florida-atlantic,Temple,2024,0,1,0.8835487,0,-1200.0,750.0
florida-atlantic_vs_northwestern_20240322,2024-03-22,florida-atlantic,Northwestern,2024,0,0,0.34259862,1,-190.0,165.0
florida-gulf-coast_vs_missouri state_20231117,2023-11-17,florida-gulf-coast,Missouri State,2024,0,0,0.49142575,1,-118.0,-102.0
florida-gulf-coast_vs_hampton_20231118,2023-11-18,florida-gulf-coast,Hampton,2024,0,1,0.9107974,0,-600.0,460.0
florida-gulf-coast_vs_norfolk state_20231120,2023-11-20,florida-gulf-coast,Norfolk State,2024,0,1,0.71280843,0,-250.0,195.0
florida-gulf-coast_vs_unc wilmington_20231125,2023-11-25,florida-gulf-coast,UNC Wilmington,2024,0,0,0.48407838,1,105.0,-125.0
florida-gulf-coast_vs_georgia southern_20231219,2023-12-19,florida-gulf-coast,Georgia Southern,2024,1,1,0.66810936,1,-142.0,120.0
florida-gulf-coast_vs_florida atlantic_20231230,2023-12-30,florida-gulf-coast,Florida Atlantic,2024,1,0,0.09006743,0,989.0,-2121.0
florida-gulf-coast_vs_jacksonville_20240104,2024-01-04,florida-gulf-coast,Jacksonville,2024,1,1,0.6879715,1,-238.0,195.0
florida-gulf-coast_vs_north florida_20240106,2024-01-06,florida-gulf-coast,North Florida,2024,0,1,0.72739357,0,-355.0,280.0
florida-gulf-coast_vs_stetson_20240120,2024-01-20,florida-gulf-coast,Stetson,2024,1,0,0.38708898,0,-127.0,105.0
florida-gulf-coast_vs_lipscomb_20240125,2024-01-25,florida-gulf-coast,Lipscomb,2024,0,0,0.4109738,1,100.0,-120.0
florida-gulf-coast_vs_austin peay_20240127,2024-01-27,florida-gulf-coast,Austin Peay,2024,1,0,0.47831875,0,-139.0,115.0
florida-gulf-coast_vs_bellarmine_20240210,2024-02-10,florida-gulf-coast,Bellarmine,2024,1,1,0.7175936,1,-522.0,362.0
florida-gulf-coast_vs_kennesaw state_20240222,2024-02-22,florida-gulf-coast,Kennesaw State,2024,0,1,0.6136094,0,-160.0,135.0
florida-gulf-coast_vs_queens (nc)_20240224,2024-02-24,florida-gulf-coast,Queens (NC),2024,1,1,0.60282654,1,-192.0,160.0
florida-gulf-coast_vs_queens (nc)_20240304,2024-03-04,florida-gulf-coast,Queens (NC),2024,0,1,0.6504234,0,-170.0,142.0
florida-international_vs_tarleton state_20231109,2023-11-09,florida-international,Tarleton State,2024,0,1,0.77552587,0,-204.0,170.0
florida-international_vs_marshall_20231120,2023-11-20,florida-international,Marshall,2024,0,0,0.3508528,1,,
florida-international_vs_loyola marymount_20231121,2023-11-21,florida-international,Loyola Marymount,2024,0,0,0.37709683,1,229.0,-284.0
florida-international_vs_kennesaw state_20231126,2023-11-26,florida-international,Kennesaw State,2024,1,1,0.58353746,1,-155.0,130.0
florida-international_vs_florida gulf coast_20231129,2023-11-29,florida-international,Florida Gulf Coast,2024,0,0,0.4858017,1,-148.0,124.0
florida-international_vs_liu_20231202,2023-12-02,florida-international,LIU,2024,1,1,0.9391008,1,-2400.0,1200.0
florida-international_vs_stetson_20231219,2023-12-19,florida-international,Stetson,2024,0,1,0.5942068,0,-202.0,162.0
florida-international_vs_maine_20231221,2023-12-21,florida-international,Maine,2024,1,1,0.6001442,1,-150.0,125.0
florida-international_vs_new mexico state_20240111,2024-01-11,florida-international,New Mexico State,2024,1,1,0.54217744,1,-120.0,100.0
florida-international_vs_utep_20240113,2024-01-13,florida-international,UTEP,2024,1,1,0.5304703,1,-130.0,
florida-international_vs_louisiana tech_20240201,2024-02-01,florida-international,Louisiana Tech,2024,0,0,0.18288034,1,260.0,-325.0
florida-international_vs_sam houston state_20240203,2024-02-03,florida-international,Sam Houston State,2024,1,0,0.36694062,0,120.0,-142.0
florida-international_vs_middle tennessee_20240210,2024-02-10,florida-international,Middle Tennessee,2024,0,0,0.4875167,1,-142.0,122.0
florida-international_vs_liberty_20240222,2024-02-22,florida-international,Liberty,2024,1,0,0.22914685,0,279.0,-355.0
florida-international_vs_jacksonville state_20240224,2024-02-24,florida-international,Jacksonville State,2024,0,0,0.3836694,1,-102.0,-118.0
florida-international_vs_western kentucky_20240302,2024-03-02,florida-international,Western Kentucky,2024,1,0,0.3229484,0,140.0,-165.0
florida-international_vs_jacksonville state_20240312,2024-03-12,florida-international,Jacksonville State,2024,1,0,0.30425027,0,170.0,-205.0
florida-international_vs_sam houston state_20240313,2024-03-13,florida-international,Sam Houston State,2024,0,0,0.27619722,1,261.0,-330.0
florida-state_vs_central michigan_20231113,2023-11-13,florida-state,Central Michigan,2024,1,1,0.97097045,1,-2507.0,1251.0
florida-state_vs_unlv_20231120,2023-11-20,florida-state,UNLV,2024,1,0,0.4601236,0,-154.0,131.0
florida-state_vs_georgia_20231129,2023-11-29,florida-state,Georgia,2024,0,1,0.73768795,0,-450.0,333.0
florida-state_vs_south florida_20231209,2023-12-09,florida-state,South Florida,2024,0,1,0.7713861,0,-315.0,265.0
florida-state_vs_smu_20231216,2023-12-16,florida-state,SMU,2024,0,1,0.55086374,0,-184.0,164.0
florida-state_vs_north florida_20231219,2023-12-19,florida-state,North Florida,2024,1,1,0.9538679,1,-1600.0,900.0
florida-state_vs_winthrop_20231222,2023-12-22,florida-state,Winthrop,2024,1,1,0.786129,1,-450.0,340.0
florida-state_vs_lipscomb_20231230,2023-12-30,florida-state,Lipscomb,2024,0,1,0.8157161,0,-450.0,330.0
florida-state_vs_georgia tech_20240103,2024-01-03,florida-state,Georgia Tech,2024,1,1,0.5969282,1,-190.0,155.0
florida-state_vs_virginia tech_20240106,2024-01-06,florida-state,Virginia Tech,2024,1,1,0.5159187,1,-103.0,-113.0
florida-state_vs_wake forest_20240109,2024-01-09,florida-state,Wake Forest,2024,1,0,0.4708287,0,132.0,-155.0
florida-state_vs_clemson_20240120,2024-01-20,florida-state,Clemson,2024,0,0,0.46904036,1,114.0,-133.0
florida-state_vs_north carolina_20240127,2024-01-27,florida-state,North Carolina,2024,0,0,0.37514305,1,231.0,-286.0
florida-state_vs_virginia_20240210,2024-02-10,florida-state,Virginia,2024,0,0,0.4477583,1,107.0,-127.0
florida-state_vs_duke_20240217,2024-02-17,florida-state,Duke,2024,0,0,0.38908434,1,212.0,-260.0
florida-state_vs_boston college_20240220,2024-02-20,florida-state,Boston College,2024,1,1,0.6521861,1,-195.0,170.0
florida-state_vs_nc state_20240227,2024-02-27,florida-state,NC State,2024,1,1,0.60546863,1,-160.0,136.0
florida-state_vs_miami (fl)_20240309,2024-03-09,florida-state,Miami (FL),2024,1,1,0.6274824,1,-198.0,164.0
florida-state_vs_virginia tech_20240313,2024-03-13,florida-state,Virginia Tech,2024,1,0,0.34598187,0,175.0,-210.0
florida-state_vs_north carolina_20240314,2024-03-14,florida-state,North Carolina,2024,0,0,0.25313506,1,525.0,-750.0
fordham_vs_cornell_20231111,2023-11-11,fordham,Cornell,2024,0,1,0.6642442,0,-124.0,106.0
fordham_vs_norfolk state_20231117,2023-11-17,fordham,Norfolk State,2024,1,1,0.5437843,1,-192.0,160.0
fordham_vs_kent state_20231120,2023-11-20,fordham,Kent State,2024,0,0,0.32764763,1,245.0,-290.0
fordham_vs_manhattan_20231127,2023-11-27,fordham,Manhattan,2024,1,1,0.901968,1,-900.0,575.0
fordham_vs_tulane_20231203,2023-12-03,fordham,Tulane,2024,0,0,0.49001724,1,135.0,-155.0
fordham_vs_njit_20231206,2023-12-06,fordham,NJIT,2024,0,1,0.9391749,0,-2500.0,1300.0
fordham_vs_north texas_20231210,2023-12-10,fordham,North Texas,2024,1,0,0.37277448,0,200.0,-245.0
fordham_vs_central connecticut state_20231221,2023-12-21,fordham,Central Connecticut State,2024,0,1,0.7731608,0,-525.0,420.0
fordham_vs_columbia_20231230,2023-12-30,fordham,Columbia,2024,1,1,0.7454531,1,-340.0,269.0
fordham_vs_la salle_20240106,2024-01-06,fordham,La Salle,2024,0,1,0.6998533,0,-215.0,178.0
fordham_vs_davidson_20240117,2024-01-17,fordham,Davidson,2024,0,0,0.46867582,1,-144.0,123.0
fordham_vs_loyola chicago_20240120,2024-01-20,fordham,Loyola Chicago,2024,0,0,0.4976437,1,112.0,-131.0
fordham_vs_richmond_20240131,2024-01-31,fordham,Richmond,2024,0,0,0.3783803,1,120.0,-140.0
fordham_vs_vcu_20240206,2024-02-06,fordham,VCU,2024,0,0,0.37876478,1,154.0,-185.0
fordham_vs_st. bonaventure_20240214,2024-02-14,fordham,St. Bonaventure,2024,0,0,0.33399388,1,140.0,-165.0
fordham_vs_duquesne_20240223,2024-02-23,fordham,Duquesne,2024,1,0,0.40530613,0,130.0,-155.0
fordham_vs_george mason_20240227,2024-02-27,fordham,George Mason,2024,1,0,0.37252715,0,114.0,-134.0
fordham_vs_rhode island_20240309,2024-03-09,fordham,Rhode Island,2024,0,1,0.7541952,0,-300.0,240.0
fordham_vs_vcu_20240313,2024-03-13,fordham,VCU,2024,0,0,0.3170303,1,300.0,-380.0
fresno-state_vs_morgan state_20231115,2023-11-15,fresno-state,Morgan State,2024,1,1,0.93138236,1,-2019.0,958.0
fresno-state_vs_new mexico state_20231121,2023-11-21,fresno-state,New Mexico State,2024,1,1,0.7260943,1,-240.0,200.0
fresno-state_vs_james madison_20231122,2023-11-22,fresno-state,James Madison,2024,0,0,0.3279941,1,175.0,-205.0
fresno-state_vs_uc santa barbara_20231127,2023-11-27,fresno-state,UC Santa Barbara,2024,0,1,0.68928397,0,-118.0,-102.0
fresno-state_vs_idaho state_20231205,2023-12-05,fresno-state,Idaho State,2024,1,1,0.74985886,1,-450.0,340.0
fresno-state_vs_pacific_20231209,2023-12-09,fresno-state,Pacific,2024,1,1,0.858977,1,-984.0,636.0
fresno-state_vs_cal state bakersfield_20231215,2023-12-15,fresno-state,Cal State Bakersfield,2024,1,1,0.78228796,1,-503.0,373.0
fresno-state_vs_portland state_20231218,2023-12-18,fresno-state,Portland State,2024,0,1,0.600845,0,-174.0,147.0
fresno-state_vs_nevada_20240106,2024-01-06,fresno-state,Nevada,2024,0,0,0.1432183,1,243.0,-303.0
fresno-state_vs_san jose state_20240116,2024-01-16,fresno-state,San Jose State,2024,1,0,0.3325354,0,-152.0,132.0
fresno-state_vs_boise state_20240123,2024-01-23,fresno-state,Boise State,2024,0,0,0.16388601,1,200.0,-245.0
fresno-state_vs_air force_20240127,2024-01-27,fresno-state,Air Force,2024,1,0,0.4477028,0,-185.0,156.0
fresno-state_vs_colorado state_20240203,2024-02-03,fresno-state,Colorado State,2024,0,0,0.14696035,1,237.0,-295.0
fresno-state_vs_unlv_20240214,2024-02-14,fresno-state,UNLV,2024,0,0,0.26783878,1,181.0,-218.0
fresno-state_vs_san diego state_20240224,2024-02-24,fresno-state,San Diego State,2024,0,0,0.14431764,1,650.0,-910.0
fresno-state_vs_utah state_20240227,2024-02-27,fresno-state,Utah State,2024,0,0,0.16080068,1,470.0,-650.0
fresno-state_vs_wyoming_20240309,2024-03-09,fresno-state,Wyoming,2024,0,0,0.46412775,1,-127.0,109.0
fresno-state_vs_wyoming_20240313,2024-03-13,fresno-state,Wyoming,2024,1,0,0.33431986,0,195.0,-238.0
fresno-state_vs_utah state_20240314,2024-03-14,fresno-state,Utah State,2024,0,0,0.11104983,1,650.0,-1000.0
furman_vs_liberty_20231116,2023-11-16,furman,Liberty,2024,0,0,0.37257662,1,112.0,-132.0
furman_vs_wyoming_20231119,2023-11-19,furman,Wyoming,2024,0,1,0.64663225,0,-255.0,209.0
furman_vs_south carolina state_20231128,2023-11-28,furman,South Carolina State,2024,1,1,0.9559192,1,-5000.0,1700.0
furman_vs_presbyterian_20231219,2023-12-19,furman,Presbyterian,2024,1,1,0.90674704,1,-1200.0,750.0
furman_vs_the citadel_20240110,2024-01-10,furman,The Citadel,2024,1,1,0.71310145,1,-565.0,445.0
furman_vs_east tennessee state_20240113,2024-01-13,furman,East Tennessee State,2024,1,1,0.69075495,1,-329.0,261.0
furman_vs_western carolina_20240120,2024-01-20,furman,Western Carolina,2024,1,0,0.43116134,0,-188.0,158.0
furman_vs_samford_20240124,2024-01-24,furman,Samford,2024,1,0,0.38288578,0,-148.0,124.0
furman_vs_unc greensboro_20240204,2024-02-04,furman,UNC Greensboro,2024,0,1,0.54550976,0,-190.0,165.0
furman_vs_vmi_20240214,2024-02-14,furman,VMI,2024,1,1,0.9387706,1,-10000.0,1450.0
furman_vs_chattanooga_20240218,2024-02-18,furman,Chattanooga,2024,1,1,0.56580454,1,-148.0,126.0
furman_vs_wofford_20240224,2024-02-24,furman,Wofford,2024,1,1,0.7691423,1,-360.0,290.0
furman_vs_mercer_20240302,2024-03-02,furman,Mercer,2024,0,1,0.7593367,0,-520.0,390.0
furman_vs_western carolina_20240309,2024-03-09,furman,Western Carolina,2024,1,0,0.35157087,0,-125.0,105.0
furman_vs_samford_20240310,2024-03-10,furman,Samford,2024,0,0,0.31673887,1,142.0,-170.0
gardner-webb_vs_yale_20231119,2023-11-19,gardner-webb,Yale,2024,0,0,0.33585197,1,287.0,-391.0
gardner-webb_vs_western carolina_20231202,2023-12-02,gardner-webb,Western Carolina,2024,1,1,0.58411807,1,-130.0,
gardner-webb_vs_wofford_20231206,2023-12-06,gardner-webb,Wofford,2024,0,1,0.80397,0,-310.0,250.0
gardner-webb_vs_charleston southern_20240110,2024-01-10,gardner-webb,Charleston Southern,2024,0,1,0.85788125,0,-900.0,600.0
gardner-webb_vs_presbyterian_20240113,2024-01-13,gardner-webb,Presbyterian,2024,1,1,0.7219767,1,-285.0,230.0
gardner-webb_vs_winthrop_20240120,2024-01-20,gardner-webb,Winthrop,2024,1,0,0.46986923,0,-126.0,104.0
gardner-webb_vs_usc upstate_20240127,2024-01-27,gardner-webb,USC Upstate,2024,1,1,0.80679065,1,-371.0,275.0
gardner-webb_vs_unc asheville_20240131,2024-01-31,gardner-webb,UNC Asheville,2024,1,1,0.5006515,1,-125.0,105.0
gardner-webb_vs_high point_20240210,2024-02-10,gardner-webb,High Point,2024,0,0,0.37621263,1,165.0,-200.0
gardner-webb_vs_radford_20240222,2024-02-22,gardner-webb,Radford,2024,0,1,0.7190199,0,-225.0,185.0
gardner-webb_vs_longwood_20240229,2024-02-29,gardner-webb,Longwood,2024,1,1,0.5988411,1,-148.0,124.0
gardner-webb_vs_presbyterian_20240308,2024-03-08,gardner-webb,Presbyterian,2024,1,1,0.6341064,1,-265.0,225.0
gardner-webb_vs_unc asheville_20240309,2024-03-09,gardner-webb,UNC Asheville,2024,0,0,0.378411,1,164.0,-198.0
george-mason_vs_cornell_20231115,2023-11-15,george-mason,Cornell,2024,1,1,0.7050059,1,-139.0,118.0
george-mason_vs_south dakota state_20231120,2023-11-20,george-mason,South Dakota State,2024,1,1,0.5869959,1,-117.0,100.0
george-mason_vs_east carolina_20231125,2023-11-25,george-mason,East Carolina,2024,1,1,0.6835931,1,-218.0,180.0
george-mason_vs_njit_20231129,2023-11-29,george-mason,NJIT,2024,1,1,0.96702677,1,-7143.0,2000.0
george-mason_vs_loyola (md)_20231216,2023-12-16,george-mason,Loyola (MD),2024,1,1,0.9578021,1,-900.0,600.0
george-mason_vs_north carolina a&t_20231230,2023-12-30,george-mason,North Carolina A&T,2024,1,1,0.9673431,1,-3000.0,1250.0
george-mason_vs_saint louis_20240106,2024-01-06,george-mason,Saint Louis,2024,1,1,0.85918033,1,-464.0,349.0
george-mason_vs_vcu_20240109,2024-01-09,george-mason,VCU,2024,0,1,0.6625042,0,-198.0,164.0
george-mason_vs_st. bonaventure_20240120,2024-01-20,george-mason,St. Bonaventure,2024,1,0,0.40603486,0,-141.0,120.0
george-mason_vs_rhode island_20240127,2024-01-27,george-mason,Rhode Island,2024,1,1,0.8402974,1,-559.0,407.0
george-mason_vs_loyola chicago_20240207,2024-02-07,george-mason,Loyola Chicago,2024,0,1,0.6432197,0,-180.0,150.0
george-mason_vs_george washington_20240213,2024-02-13,george-mason,George Washington,2024,1,1,0.77920765,1,-508.0,377.0
george-mason_vs_dayton_20240221,2024-02-21,george-mason,Dayton,2024,1,0,0.3726418,0,146.0,-172.0
george-mason_vs_duquesne_20240302,2024-03-02,george-mason,Duquesne,2024,0,1,0.59362423,0,-142.0,120.0
george-mason_vs_richmond_20240309,2024-03-09,george-mason,Richmond,2024,1,1,0.5412488,1,-147.0,125.0
george-mason_vs_saint joseph's_20240313,2024-03-13,george-mason,Saint Joseph's,2024,0,1,0.5504198,0,-130.0,
georgetown_vs_holy cross_20231111,2023-11-11,georgetown,Holy Cross,2024,0,1,0.8682158,0,-1800.0,1000.0
georgetown_vs_mount st. mary's_20231118,2023-11-18,georgetown,Mount St. Mary's,2024,1,1,0.72783226,1,-425.0,345.0
georgetown_vs_american_20231119,2023-11-19,georgetown,American,2024,1,1,0.7944023,1,-455.0,350.0
georgetown_vs_jackson state_20231125,2023-11-25,georgetown,Jackson State,2024,1,1,0.83428633,1,-950.0,625.0
georgetown_vs_merrimack_20231129,2023-11-29,georgetown,Merrimack,2024,1,1,0.8271855,1,-650.0,470.0
georgetown_vs_tcu_20231202,2023-12-02,georgetown,TCU,2024,0,0,0.2768709,1,400.0,-535.0
georgetown_vs_syracuse_20231209,2023-12-09,georgetown,Syracuse,2024,0,0,0.47810033,1,100.0,-120.0
georgetown_vs_coppin state_20231212,2023-12-12,georgetown,Coppin State,2024,1,1,0.9573359,1,-3200.0,1400.0
georgetown_vs_creighton_20240102,2024-01-02,georgetown,Creighton,2024,0,0,0.18592152,1,600.0,-900.0
georgetown_vs_depaul_20240106,2024-01-06,georgetown,DePaul,2024,1,1,0.8280089,1,-288.0,232.0
georgetown_vs_seton hall_20240109,2024-01-09,georgetown,Seton Hall,2024,0,0,0.34982228,1,249.0,-311.0
georgetown_vs_butler_20240123,2024-01-23,georgetown,Butler,2024,0,0,0.29494408,1,137.0,-157.0
georgetown_vs_marquette_20240203,2024-02-03,georgetown,Marquette,2024,0,0,0.14746532,1,575.0,-850.0
georgetown_vs_connecticut_20240210,2024-02-10,georgetown,Connecticut,2024,0,0,0.10624601,1,933.0,-1651.0
georgetown_vs_villanova_20240216,2024-02-16,georgetown,Villanova,2024,0,0,0.2494218,1,430.0,-597.0
georgetown_vs_st. john's (ny)_20240221,2024-02-21,georgetown,St. John's (NY),2024,0,0,0.15530741,1,410.0,-563.0
georgetown_vs_xavier_20240302,2024-03-02,georgetown,Xavier,2024,0,0,0.25798243,1,298.0,-384.0
georgetown_vs_providence_20240305,2024-03-05,georgetown,Providence,2024,0,0,0.30825773,1,315.0,-385.0
georgetown_vs_providence_20240313,2024-03-13,georgetown,Providence,2024,0,0,0.26091045,1,410.0,-550.0
george-washington_vs_william & mary_20231111,2023-11-11,george-washington,William & Mary,2024,1,0,0.48858616,0,-639.0,454.0
george-washington_vs_hofstra_20231114,2023-11-14,george-washington,Hofstra,2024,1,0,0.3107123,0,-120.0,100.0
george-washington_vs_new hampshire_20231118,2023-11-18,george-washington,New Hampshire,2024,1,1,0.634848,1,-625.0,455.0
george-washington_vs_ohio_20231124,2023-11-24,george-washington,Ohio,2024,1,0,0.22133575,0,175.0,-205.0
george-washington_vs_illinoisâchicago_20231125,2023-11-25,george-washington,IllinoisâChicago,2024,0,0,0.30372643,1,-118.0,-102.0
george-washington_vs_navy_20231205,2023-12-05,george-washington,Navy,2024,1,1,0.7422576,1,-850.0,575.0
george-washington_vs_coppin state_20231209,2023-12-09,george-washington,Coppin State,2024,1,1,0.92925966,1,-4540.0,1582.0
george-washington_vs_alcorn state_20231221,2023-12-21,george-washington,Alcorn State,2024,1,1,0.86673677,1,-1789.0,884.0
george-washington_vs_maryland eastern shore_20231230,2023-12-30,george-washington,Maryland Eastern Shore,2024,1,1,0.9362477,1,-2500.0,1100.0
george-washington_vs_fordham_20240103,2024-01-03,george-washington,Fordham,2024,0,1,0.66324544,0,-167.0,141.0
george-washington_vs_davidson_20240113,2024-01-13,george-washington,Davidson,2024,1,0,0.42830786,0,-125.0,105.0
george-washington_vs_george mason_20240115,2024-01-15,george-washington,George Mason,2024,1,0,0.3022181,0,117.0,-137.0
george-washington_vs_la salle_20240127,2024-01-27,george-washington,La Salle,2024,0,1,0.75937015,0,-238.0,195.0
george-washington_vs_rhode island_20240206,2024-02-06,george-washington,Rhode Island,2024,0,1,0.65412474,0,-315.0,251.0
george-washington_vs_loyola chicago_20240210,2024-02-10,george-washington,Loyola Chicago,2024,0,0,0.3507785,1,161.0,-192.0
george-washington_vs_richmond_20240217,2024-02-17,george-washington,Richmond,2024,0,0,0.3153144,1,210.0,-258.0
george-washington_vs_massachusetts_20240227,2024-02-27,george-washington,Massachusetts,2024,0,0,0.28260583,1,275.0,-330.0
george-washington_vs_st. bonaventure_20240306,2024-03-06,george-washington,St. Bonaventure,2024,1,0,0.19742517,0,336.0,-443.0
george-washington_vs_la salle_20240312,2024-03-12,george-washington,La Salle,2024,0,0,0.38608187,1,124.0,-148.0
georgia_vs_wake forest_20231110,2023-11-10,georgia,Wake Forest,2024,1,0,0.41110778,0,-130.0,
georgia_vs_north carolina central_20231112,2023-11-12,georgia,North Carolina Central,2024,1,1,0.9473484,1,-4500.0,1700.0
georgia_vs_miami (fl)_20231117,2023-11-17,georgia,Miami (FL),2024,0,0,0.3370701,1,280.0,-355.0
georgia_vs_providence_20231119,2023-11-19,georgia,Providence,2024,0,0,0.31305262,1,175.0,-205.0
georgia_vs_winthrop_20231124,2023-11-24,georgia,Winthrop,2024,1,1,0.719822,1,-550.0,410.0
georgia_vs_mercer_20231201,2023-12-01,georgia,Mercer,2024,1,1,0.8213037,1,-1400.0,800.0
georgia_vs_georgia tech_20231205,2023-12-05,georgia,Georgia Tech,2024,1,1,0.52642107,1,-225.0,195.0
georgia_vs_high point_20231216,2023-12-16,georgia,High Point,2024,1,1,0.7815674,1,-407.0,296.0
georgia_vs_mount st. mary's_20231220,2023-12-20,georgia,Mount St. Mary's,2024,1,1,0.78512144,1,-800.0,550.0
georgia_vs_north florida_20231222,2023-12-22,georgia,North Florida,2024,1,1,0.9430751,1,-2000.0,1000.0
georgia_vs_alabama a&m_20231230,2023-12-30,georgia,Alabama A&M,2024,1,1,0.97585344,1,-4000.0,1300.0
georgia_vs_arkansas_20240110,2024-01-10,georgia,Arkansas,2024,1,1,0.67489064,1,-134.0,114.0
georgia_vs_tennessee_20240113,2024-01-13,georgia,Tennessee,2024,0,0,0.30439425,1,280.0,-350.0
georgia_vs_louisiana state_20240124,2024-01-24,georgia,Louisiana State,2024,1,1,0.6848779,1,-199.0,166.0
georgia_vs_alabama_20240131,2024-01-31,georgia,Alabama,2024,0,0,0.27301288,1,235.0,-292.0
georgia_vs_south carolina_20240203,2024-02-03,georgia,South Carolina,2024,0,0,0.4165085,1,-125.0,105.0
georgia_vs_florida_20240217,2024-02-17,georgia,Florida,2024,0,0,0.3486509,1,150.0,-185.0
georgia_vs_auburn_20240224,2024-02-24,georgia,Auburn,2024,0,0,0.25843644,1,263.0,-333.0
georgia_vs_texas a&m_20240302,2024-03-02,georgia,Texas A&M,2024,0,1,0.5421884,0,120.0,-142.0
georgia_vs_missouri_20240313,2024-03-13,georgia,Missouri,2024,1,1,0.62991923,1,-142.0,122.0
georgia_vs_xavier_20240319,2024-03-19,georgia,Xavier,2024,1,1,0.56538266,1,-115.0,102.0
georgia_vs_seton hall_20240402,2024-04-02,georgia,Seton Hall,2024,0,0,0.31878826,1,200.0,-240.0
georgia-southern_vs_kennesaw state_20231119,2023-11-19,georgia-southern,Kennesaw State,2024,0,0,0.36776862,1,145.0,-179.0
georgia-southern_vs_northeastern_20231121,2023-11-21,georgia-southern,Northeastern,2024,0,0,0.4235675,1,180.0,-218.0
georgia-southern_vs_jacksonville_20231202,2023-12-02,georgia-southern,Jacksonville,2024,0,0,0.47523108,1,-112.0,-108.0
georgia-southern_vs_unc wilmington_20231216,2023-12-16,georgia-southern,UNC Wilmington,2024,0,0,0.14476287,1,340.0,-450.0
georgia-southern_vs_southern mississippi_20231230,2023-12-30,georgia-southern,Southern Mississippi,2024,1,0,0.39200386,0,145.0,-180.0
georgia-southern_vs_coastal carolina_20240118,2024-01-18,georgia-southern,Coastal Carolina,2024,1,0,0.4605408,0,-155.0,130.0
georgia-southern_vs_georgia state_20240120,2024-01-20,georgia-southern,Georgia State,2024,1,0,0.3124842,0,130.0,-155.0
georgia-southern_vs_troy_20240201,2024-02-01,georgia-southern,Troy,2024,0,0,0.283382,1,190.0,-230.0
georgia-southern_vs_appalachian state_20240203,2024-02-03,georgia-southern,Appalachian State,2024,0,0,0.11478011,1,475.0,-650.0
georgia-southern_vs_buffalo_20240210,2024-02-10,georgia-southern,Buffalo,2024,0,1,0.75774324,0,-440.0,340.0
georgia-southern_vs_texas state_20240222,2024-02-22,georgia-southern,Texas State,2024,1,0,0.4363615,0,-142.0,120.0
georgia-southern_vs_james madison_20240224,2024-02-24,georgia-southern,James Madison,2024,0,0,0.1128582,1,510.0,-660.0
georgia-southern_vs_marshall_20240228,2024-02-28,georgia-southern,Marshall,2024,1,0,0.47996712,0,-123.0,106.0
georgia-southern_vs_old dominion_20240301,2024-03-01,georgia-southern,Old Dominion,2024,1,1,0.55914676,1,-203.0,170.0
georgia-southern_vs_south alabama_20240307,2024-03-07,georgia-southern,South Alabama,2024,1,0,0.41752446,0,140.0,-166.0
georgia-state_vs_northern illinois_20231117,2023-11-17,georgia-state,Northern Illinois,2024,0,1,0.5646487,0,-230.0,190.0
georgia-state_vs_little rock_20231119,2023-11-19,georgia-state,Little Rock,2024,1,1,0.69804275,1,-315.0,265.0
georgia-state_vs_arkansas state_20231230,2023-12-30,georgia-state,Arkansas State,2024,1,0,0.49957037,0,-115.0,-105.0
georgia-state_vs_old dominion_20240111,2024-01-11,georgia-state,Old Dominion,2024,1,1,0.7500741,1,-225.0,185.0
georgia-state_vs_georgia southern_20240113,2024-01-13,georgia-state,Georgia Southern,2024,1,1,0.8146839,1,-325.0,260.0
georgia-state_vs_appalachian state_20240201,2024-02-01,georgia-state,Appalachian State,2024,0,0,0.20417607,1,240.0,-298.0
georgia-state_vs_troy_20240203,2024-02-03,georgia-state,Troy,2024,0,0,0.3432638,1,145.0,-165.0
georgia-state_vs_miami (oh)_20240210,2024-02-10,georgia-state,Miami (OH),2024,1,1,0.65370417,1,-250.0,200.0
georgia-state_vs_coastal carolina_20240221,2024-02-21,georgia-state,Coastal Carolina,2024,1,1,0.8029817,1,-569.0,413.0
georgia-state_vs_texas state_20240224,2024-02-24,georgia-state,Texas State,2024,0,1,0.6905233,0,-238.0,195.0
georgia-state_vs_james madison_20240228,2024-02-28,georgia-state,James Madison,2024,0,0,0.16258101,1,335.0,-415.0
georgia-state_vs_marshall_20240301,2024-03-01,georgia-state,Marshall,2024,1,1,0.639157,1,-148.0,124.0
georgia-state_vs_marshall_20240307,2024-03-07,georgia-state,Marshall,2024,0,1,0.5343721,0,,-130.0
georgia-tech_vs_howard_20231109,2023-11-09,georgia-tech,Howard,2024,1,1,0.9034062,1,-601.0,404.0
georgia-tech_vs_umass lowell_20231114,2023-11-14,georgia-tech,UMass Lowell,2024,0,1,0.6683007,0,-197.0,158.0
georgia-tech_vs_mississippi state_20231128,2023-11-28,georgia-tech,Mississippi State,2024,1,0,0.285163,0,345.0,-425.0
georgia-tech_vs_duke_20231202,2023-12-02,georgia-tech,Duke,2024,1,0,0.31108183,0,625.0,-1000.0
georgia-tech_vs_alabama a&m_20231209,2023-12-09,georgia-tech,Alabama A&M,2024,1,1,0.97128814,1,-2800.0,1300.0
georgia-tech_vs_penn state_20231216,2023-12-16,georgia-tech,Penn State,2024,1,1,0.520252,1,144.0,-164.0
georgia-tech_vs_massachusetts_20231221,2023-12-21,georgia-tech,Massachusetts,2024,1,1,0.51334786,1,120.0,-142.0
georgia-tech_vs_nevada_20231224,2023-12-24,georgia-tech,Nevada,2024,0,0,0.3407022,1,215.0,-265.0
georgia-tech_vs_boston college_20240106,2024-01-06,georgia-tech,Boston College,2024,0,0,0.4716093,1,-142.0,120.0
georgia-tech_vs_notre dame_20240109,2024-01-09,georgia-tech,Notre Dame,2024,0,1,0.7497809,0,-278.0,225.0
georgia-tech_vs_virginia_20240120,2024-01-20,georgia-tech,Virginia,2024,0,0,0.45271188,1,121.0,-142.0
georgia-tech_vs_pittsburgh_20240123,2024-01-23,georgia-tech,Pittsburgh,2024,0,0,0.46318477,1,115.0,-134.0
georgia-tech_vs_north carolina_20240130,2024-01-30,georgia-tech,North Carolina,2024,1,0,0.21506448,0,369.0,-496.0
georgia-tech_vs_wake forest_20240206,2024-02-06,georgia-tech,Wake Forest,2024,0,0,0.33355418,1,185.0,-225.0
georgia-tech_vs_syracuse_20240217,2024-02-17,georgia-tech,Syracuse,2024,1,0,0.46948138,0,115.0,-135.0
georgia-tech_vs_clemson_20240221,2024-02-21,georgia-tech,Clemson,2024,0,0,0.31338814,1,285.0,-360.0
georgia-tech_vs_florida state_20240302,2024-03-02,georgia-tech,Florida State,2024,1,0,0.4137456,0,144.0,-164.0
georgia-tech_vs_notre dame_20240312,2024-03-12,georgia-tech,Notre Dame,2024,0,1,0.5718111,0,101.0,-118.0
gonzaga_vs_purdue_20231120,2023-11-20,gonzaga,Purdue,2024,0,0,0.39859936,1,190.0,-230.0
gonzaga_vs_syracuse_20231121,2023-11-21,gonzaga,Syracuse,2024,1,1,0.86997765,1,-850.0,615.0
gonzaga_vs_ucla_20231123,2023-11-23,gonzaga,UCLA,2024,1,1,0.6750542,1,,
gonzaga_vs_cal state bakersfield_20231128,2023-11-28,gonzaga,Cal State Bakersfield,2024,1,1,0.97752154,1,-16667.0,3500.0
gonzaga_vs_southern california_20231202,2023-12-02,gonzaga,Southern California,2024,1,1,0.66022867,1,-165.0,140.0
gonzaga_vs_arkansasâpine bluff_20231205,2023-12-05,gonzaga,ArkansasâPine Bluff,2024,1,1,0.9788634,1,-50001.0,8000.0
gonzaga_vs_mississippi valley state_20231211,2023-12-11,gonzaga,Mississippi Valley State,2024,1,1,0.98748755,1,,
gonzaga_vs_jackson state_20231220,2023-12-20,gonzaga,Jackson State,2024,1,1,0.9824123,1,-6500.0,2000.0
gonzaga_vs_san diego state_20231229,2023-12-29,gonzaga,San Diego State,2024,0,1,0.7870336,0,-290.0,245.0
gonzaga_vs_pepperdine_20240104,2024-01-04,gonzaga,Pepperdine,2024,1,1,0.9684228,1,-4000.0,1500.0
gonzaga_vs_san diego_20240106,2024-01-06,gonzaga,San Diego,2024,1,1,0.9776604,1,-3200.0,1400.0
gonzaga_vs_san francisco_20240125,2024-01-25,gonzaga,San Francisco,2024,1,1,0.84666103,1,-492.0,367.0
gonzaga_vs_loyola marymount_20240130,2024-01-30,gonzaga,Loyola Marymount,2024,1,1,0.92540574,1,-1350.0,800.0
gonzaga_vs_portland_20240207,2024-02-07,gonzaga,Portland,2024,1,1,0.98143804,1,-6500.0,2000.0
gonzaga_vs_pacific_20240217,2024-02-17,gonzaga,Pacific,2024,1,1,0.9843711,1,-5265.0,2037.0
gonzaga_vs_santa clara_20240224,2024-02-24,gonzaga,Santa Clara,2024,1,1,0.9335553,1,-1425.0,839.0
gonzaga_vs_san francisco_20240311,2024-03-11,gonzaga,San Francisco,2024,1,1,0.8113392,1,-505.0,400.0
gonzaga_vs_mcneese state_20240321,2024-03-21,gonzaga,McNeese State,2024,1,1,0.81334645,1,-300.0,230.0
gonzaga_vs_kansas_20240323,2024-03-23,gonzaga,Kansas,2024,1,1,0.7054428,1,-190.0,155.0
gonzaga_vs_purdue_20240329,2024-03-29,gonzaga,Purdue,2024,0,0,0.48730507,1,170.0,-195.0
grambling_vs_delaware state_20231117,2023-11-17,grambling,Delaware State,2024,0,1,0.7801222,0,-396.0,290.0
grambling_vs_iowa state_20231119,2023-11-19,grambling,Iowa State,2024,0,0,0.095085114,1,1838.0,-5888.0
grambling_vs_sam houston state_20231122,2023-11-22,grambling,Sam Houston State,2024,0,0,0.3008299,1,370.0,-485.0
grambling_vs_troy_20231124,2023-11-24,grambling,Troy,2024,0,0,0.30517474,1,525.0,-750.0
grambling_vs_dayton_20231202,2023-12-02,grambling,Dayton,2024,0,0,0.12491908,1,1600.0,-10000.0
grambling_vs_washington state_20231210,2023-12-10,grambling,Washington State,2024,0,0,0.071112305,1,2200.0,-8000.0
grambling_vs_drake_20231214,2023-12-14,grambling,Drake,2024,0,0,0.091089755,1,1223.0,-2964.0
grambling_vs_southeastern louisiana_20231220,2023-12-20,grambling,Southeastern Louisiana,2024,0,0,0.37445095,1,200.0,-250.0
grambling_vs_florida_20231222,2023-12-22,grambling,Florida,2024,0,0,0.07024541,1,2200.0,-8000.0
grambling_vs_texas southern_20240108,2024-01-08,grambling,Texas Southern,2024,0,0,0.416756,1,-103.0,-117.0
grambling_vs_bethune-cookman_20240113,2024-01-13,grambling,Bethune-Cookman,2024,1,0,0.32722682,0,105.0,-130.0
grambling_vs_florida a&m_20240115,2024-01-15,grambling,Florida A&M,2024,1,1,0.52288896,1,-148.0,124.0
grambling_vs_southern_20240120,2024-01-20,grambling,Southern,2024,1,0,0.32734147,0,-114.0,-107.0
grambling_vs_mississippi valley state_20240127,2024-01-27,grambling,Mississippi Valley State,2024,1,1,0.9077671,1,-1706.0,856.0
grambling_vs_arkansasâpine bluff_20240129,2024-01-29,grambling,ArkansasâPine Bluff,2024,0,1,0.76826876,0,-260.0,220.0
grambling_vs_jackson state_20240203,2024-02-03,grambling,Jackson State,2024,1,0,0.33587882,0,113.0,-137.0
grambling_vs_alcorn state_20240205,2024-02-05,grambling,Alcorn State,2024,1,0,0.45549113,0,154.0,-174.0
grambling_vs_alabama state_20240210,2024-02-10,grambling,Alabama State,2024,1,1,0.52245134,1,-125.0,105.0
grambling_vs_alabama a&m_20240212,2024-02-12,grambling,Alabama A&M,2024,0,1,0.7920253,0,-425.0,345.0
grambling_vs_texas southern_20240217,2024-02-17,grambling,Texas Southern,2024,1,0,0.37929434,0,152.0,-188.0
grambling_vs_southern_20240224,2024-02-24,grambling,Southern,2024,1,0,0.27517262,0,150.0,-185.0
grambling_vs_florida a&m_20240302,2024-03-02,grambling,Florida A&M,2024,1,1,0.80121183,1,-550.0,400.0
grambling_vs_bethune-cookman_20240304,2024-03-04,grambling,Bethune-Cookman,2024,1,1,0.6163996,1,-225.0,180.0
grambling_vs_alabama a&m_20240307,2024-03-07,grambling,Alabama A&M,2024,1,1,0.6089842,1,-146.0,120.0
grambling_vs_alabama state_20240309,2024-03-09,grambling,Alabama State,2024,0,1,0.54587936,0,115.0,-140.0
grambling_vs_alabama state_20240313,2024-03-13,grambling,Alabama State,2024,1,1,0.57771814,1,-135.0,
grambling_vs_bethune-cookman_20240315,2024-03-15,grambling,Bethune-Cookman,2024,1,1,0.52812916,1,-175.0,145.0
grambling_vs_texas southern_20240316,2024-03-16,grambling,Texas Southern,2024,1,0,0.41459388,0,125.0,-145.0
grambling_vs_montana state_20240320,2024-03-20,grambling,Montana State,2024,1,0,0.34697604,0,180.0,-218.0
grambling_vs_purdue_20240322,2024-03-22,grambling,Purdue,2024,0,0,0.06847777,1,1800.0,-10000.0
grand-canyon_vs_northern arizona_20231112,2023-11-12,grand-canyon,Northern Arizona,2024,1,1,0.955755,1,-1924.0,1041.0
grand-canyon_vs_san francisco_20231117,2023-11-17,grand-canyon,San Francisco,2024,1,1,0.6089042,1,-138.0,118.0
grand-canyon_vs_south carolina_20231119,2023-11-19,grand-canyon,South Carolina,2024,0,1,0.6118735,0,-195.0,170.0
grand-canyon_vs_north dakota state_20231125,2023-11-25,grand-canyon,North Dakota State,2024,1,1,0.9029171,1,-1400.0,775.0
grand-canyon_vs_ut arlington_20231202,2023-12-02,grand-canyon,UT Arlington,2024,1,1,0.7985719,1,-700.0,500.0
grand-canyon_vs_san diego state_20231205,2023-12-05,grand-canyon,San Diego State,2024,1,0,0.43451232,0,120.0,-140.0
grand-canyon_vs_portland_20231216,2023-12-16,grand-canyon,Portland,2024,1,1,0.8195849,1,-650.0,470.0
grand-canyon_vs_sam houston state_20231220,2023-12-20,grand-canyon,Sam Houston State,2024,1,1,0.8780419,1,-1350.0,800.0
grand-canyon_vs_louisiana tech_20231230,2023-12-30,grand-canyon,Louisiana Tech,2024,1,1,0.69472235,1,-340.0,265.0
grand-canyon_vs_abilene christian_20240111,2024-01-11,grand-canyon,Abilene Christian,2024,1,1,0.9116354,1,-1450.0,850.0
grand-canyon_vs_tarleton state_20240113,2024-01-13,grand-canyon,Tarleton State,2024,1,1,0.8390798,1,-1000.0,650.0
grand-canyon_vs_utah valley_20240118,2024-01-18,grand-canyon,Utah Valley,2024,1,1,0.91232646,1,-1050.0,675.0
grand-canyon_vs_seattle_20240201,2024-02-01,grand-canyon,Seattle,2024,1,1,0.7647788,1,-500.0,375.0
grand-canyon_vs_southern utah_20240210,2024-02-10,grand-canyon,Southern Utah,2024,1,1,0.91981614,1,-1250.0,775.0
grand-canyon_vs_utah tech_20240215,2024-02-15,grand-canyon,Utah Tech,2024,1,1,0.96821475,1,-2547.0,1264.0
grand-canyon_vs_california baptist_20240217,2024-02-17,grand-canyon,California Baptist,2024,1,1,0.9085606,1,-1400.0,825.0
grand-canyon_vs_stephen f. austin_20240302,2024-03-02,grand-canyon,Stephen F. Austin,2024,1,1,0.84538466,1,-683.0,479.0
grand-canyon_vs_seattle_20240315,2024-03-15,grand-canyon,Seattle,2024,1,1,0.7374994,1,-253.0,217.0
grand-canyon_vs_ut arlington_20240316,2024-03-16,grand-canyon,UT Arlington,2024,1,1,0.6594625,1,-258.0,221.0
green-bay_vs_st. thomas_20231125,2023-11-25,green-bay,St. Thomas,2024,1,0,0.32899883,0,180.0,-225.0
green-bay_vs_milwaukee_20231202,2023-12-02,green-bay,Milwaukee,2024,1,0,0.30191454,0,120.0,-142.0
green-bay_vs_western illinois_20231209,2023-12-09,green-bay,Western Illinois,2024,0,1,0.6563684,0,-170.0,150.0
green-bay_vs_wright state_20231229,2023-12-29,green-bay,Wright State,2024,1,0,0.19540413,0,270.0,-325.0
green-bay_vs_robert morris_20231231,2023-12-31,green-bay,Robert Morris,2024,1,1,0.6406872,1,-159.0,135.0
green-bay_vs_cleveland state_20240114,2024-01-14,green-bay,Cleveland State,2024,1,0,0.4475193,0,104.0,-121.0
green-bay_vs_oakland_20240125,2024-01-25,green-bay,Oakland,2024,1,0,0.37327138,0,136.0,-160.0
green-bay_vs_detroit mercy_20240127,2024-01-27,green-bay,Detroit Mercy,2024,1,1,0.89643437,1,-750.0,525.0
green-bay_vs_iupui_20240201,2024-02-01,green-bay,IUPUI,2024,1,1,0.89692014,1,-910.0,650.0
green-bay_vs_northern kentucky_20240214,2024-02-14,green-bay,Northern Kentucky,2024,0,1,0.54535294,0,-205.0,175.0
green-bay_vs_youngstown state_20240225,2024-02-25,green-bay,Youngstown State,2024,0,0,0.29371697,1,225.0,-265.0
green-bay_vs_milwaukee_20240307,2024-03-07,green-bay,Milwaukee,2024,0,1,0.56496626,0,,
hampton_vs_kent state_20231117,2023-11-17,hampton,Kent State,2024,0,0,0.15461016,1,850.0,-1450.0
hampton_vs_san jose state_20231120,2023-11-20,hampton,San Jose State,2024,0,0,0.11028727,1,440.0,-560.0
hampton_vs_umbc_20231127,2023-11-27,hampton,UMBC,2024,0,1,0.64446026,0,-125.0,105.0
hampton_vs_james madison_20231216,2023-12-16,hampton,James Madison,2024,0,0,0.103530906,1,825.0,-1393.0
hampton_vs_campbell_20240106,2024-01-06,hampton,Campbell,2024,0,1,0.66546845,0,-160.0,140.0
hampton_vs_william & mary_20240111,2024-01-11,hampton,William & Mary,2024,0,1,0.5665512,0,108.0,-128.0
hampton_vs_north carolina a&t_20240115,2024-01-15,hampton,North Carolina A&T,2024,0,1,0.6215886,0,-144.0,122.0
hampton_vs_college of charleston_20240125,2024-01-25,hampton,College of Charleston,2024,0,0,0.11525804,1,756.0,-1238.0
hampton_vs_elon_20240127,2024-01-27,hampton,Elon,2024,0,1,0.5219662,0,105.0,-125.0
hampton_vs_howard_20240203,2024-02-03,hampton,Howard,2024,1,0,0.3649929,0,238.0,-314.0
hampton_vs_hofstra_20240208,2024-02-08,hampton,Hofstra,2024,0,0,0.11938708,1,475.0,-676.0
hampton_vs_unc wilmington_20240210,2024-02-10,hampton,UNC Wilmington,2024,0,0,0.10544624,1,600.0,-900.0
hampton_vs_towson_20240217,2024-02-17,hampton,Towson,2024,1,0,0.1044736,0,545.0,-725.0
hampton_vs_monmouth_20240229,2024-02-29,hampton,Monmouth,2024,1,0,0.30346268,0,270.0,-325.0
harvard_vs_northeastern_20231114,2023-11-14,harvard,Northeastern,2024,1,0,0.4543758,0,-190.0,165.0
harvard_vs_american_20231129,2023-11-29,harvard,American,2024,1,1,0.7258382,1,-410.0,320.0
harvard_vs_army_20231208,2023-12-08,harvard,Army,2024,1,1,0.90690005,1,-800.0,550.0
harvard_vs_holy cross_20231221,2023-12-21,harvard,Holy Cross,2024,1,1,0.92760944,1,-1325.0,721.0
harvard_vs_iona_20231230,2023-12-30,harvard,Iona,2024,0,1,0.60498095,0,,-135.0
harvard_vs_albany (ny)_20240102,2024-01-02,harvard,Albany (NY),2024,1,1,0.7267,1,-175.0,145.0
harvard_vs_brown_20240115,2024-01-15,harvard,Brown,2024,0,1,0.7184788,0,-155.0,135.0
harvard_vs_yale_20240127,2024-01-27,harvard,Yale,2024,0,0,0.33362293,1,209.0,-255.0
harvard_vs_columbia_20240202,2024-02-02,harvard,Columbia,2024,1,1,0.67250174,1,-298.0,240.0
harvard_vs_cornell_20240203,2024-02-03,harvard,Cornell,2024,0,0,0.30443135,1,143.0,-170.0
harvard_vs_dartmouth_20240210,2024-02-10,harvard,Dartmouth,2024,1,1,0.8307176,1,-634.0,451.0
harvard_vs_princeton_20240223,2024-02-23,harvard,Princeton,2024,0,0,0.2866981,1,200.0,-243.0
harvard_vs_pennsylvania_20240224,2024-02-24,harvard,Pennsylvania,2024,1,1,0.60620517,1,-160.0,135.0
hawaii_vs_northern arizona_20231122,2023-11-22,hawaii,Northern Arizona,2024,1,1,0.8734431,1,-1185.0,732.0
hawaii_vs_utah_20231130,2023-11-30,hawaii,Utah,2024,0,0,0.32889938,1,520.0,-700.0
hawaii_vs_central arkansas_20231203,2023-12-03,hawaii,Central Arkansas,2024,1,1,0.9678197,1,-3200.0,1400.0
hawaii_vs_nevada_20231217,2023-12-17,hawaii,Nevada,2024,0,0,0.39067537,1,107.0,-127.0
hawaii_vs_portland_20231221,2023-12-21,hawaii,Portland,2024,1,1,0.8236737,1,-375.0,300.0
hawaii_vs_georgia tech_20231222,2023-12-22,hawaii,Georgia Tech,2024,0,1,0.5844699,0,-147.0,125.0
hawaii_vs_tcu_20231224,2023-12-24,hawaii,TCU,2024,0,0,0.30647075,1,208.0,-255.0
hawaii_vs_cal state fullerton_20231231,2023-12-31,hawaii,Cal State Fullerton,2024,0,1,0.73494434,0,,
hawaii_vs_uc irvine_20240112,2024-01-12,hawaii,UC Irvine,2024,0,0,0.44298756,1,,
hawaii_vs_uc riverside_20240114,2024-01-14,hawaii,UC Riverside,2024,1,1,0.7969053,1,,
hawaii_vs_uc santa barbara_20240126,2024-01-26,hawaii,UC Santa Barbara,2024,0,0,0.45434475,1,,
hawaii_vs_cal poly_20240128,2024-01-28,hawaii,Cal Poly,2024,1,1,0.84831375,1,,
hawaii_vs_uc davis_20240211,2024-02-11,hawaii,UC Davis,2024,1,0,0.47433776,0,,
hawaii_vs_long beach state_20240225,2024-02-25,hawaii,Long Beach State,2024,1,1,0.6201825,1,,
hawaii_vs_cal state northridge_20240307,2024-03-07,hawaii,Cal State Northridge,2024,1,1,0.72525936,1,,
hawaii_vs_cal state bakersfield_20240310,2024-03-10,hawaii,Cal State Bakersfield,2024,1,1,0.70004326,1,,
high-point_vs_iona_20231120,2023-11-20,high-point,Iona,2024,1,0,0.3926978,0,176.0,-212.0
high-point_vs_illinois state_20231121,2023-11-21,high-point,Illinois State,2024,1,1,0.5894054,1,105.0,-125.0
high-point_vs_hofstra_20231122,2023-11-22,high-point,Hofstra,2024,0,0,0.3175581,1,195.0,-237.0
high-point_vs_morgan state_20231129,2023-11-29,high-point,Morgan State,2024,1,1,0.84237087,1,-950.0,625.0
high-point_vs_western carolina_20231205,2023-12-05,high-point,Western Carolina,2024,1,1,0.5407646,1,,
high-point_vs_north carolina a&t_20231208,2023-12-08,high-point,North Carolina A&T,2024,1,1,0.9521572,1,-2400.0,1200.0
high-point_vs_unc greensboro_20231219,2023-12-19,high-point,UNC Greensboro,2024,1,1,0.50114334,1,-162.0,136.0
high-point_vs_canisius_20231222,2023-12-22,high-point,Canisius,2024,1,1,0.76952726,1,-363.0,270.0
high-point_vs_bellarmine_20231230,2023-12-30,high-point,Bellarmine,2024,1,1,0.8680787,1,-555.0,380.0
high-point_vs_gardner-webb_20240106,2024-01-06,high-point,Gardner-Webb,2024,1,1,0.8632127,1,-325.0,260.0
high-point_vs_unc asheville_20240110,2024-01-10,high-point,UNC Asheville,2024,1,1,0.83555865,1,-278.0,225.0
high-point_vs_charleston southern_20240120,2024-01-20,high-point,Charleston Southern,2024,1,1,0.93671083,1,-1600.0,900.0
high-point_vs_longwood_20240201,2024-02-01,high-point,Longwood,2024,1,1,0.7917421,1,-350.0,260.0
high-point_vs_presbyterian_20240203,2024-02-03,high-point,Presbyterian,2024,1,1,0.9321878,1,-3000.0,1250.0
high-point_vs_usc upstate_20240214,2024-02-14,high-point,USC Upstate,2024,0,1,0.87471217,0,-1261.0,697.0
high-point_vs_radford_20240217,2024-02-17,high-point,Radford,2024,1,1,0.7805385,1,-410.0,320.0
high-point_vs_winthrop_20240228,2024-02-28,high-point,Winthrop,2024,1,1,0.78364724,1,-400.0,310.0
high-point_vs_radford_20240308,2024-03-08,high-point,Radford,2024,1,1,0.80060613,1,-750.0,525.0
high-point_vs_longwood_20240309,2024-03-09,high-point,Longwood,2024,0,1,0.7937594,0,-310.0,236.0
high-point_vs_seattle_20240327,2024-03-27,high-point,Seattle,2024,0,1,0.6542739,0,113.0,-132.0
hofstra_vs_wright state_20231121,2023-11-21,hofstra,Wright State,2024,1,0,0.47754788,0,-148.0,124.0
hofstra_vs_south florida_20231130,2023-11-30,hofstra,South Florida,2024,1,1,0.7511359,1,-225.0,195.0
hofstra_vs_norfolk state_20231216,2023-12-16,hofstra,Norfolk State,2024,1,1,0.8161177,1,-503.0,351.0
hofstra_vs_college of charleston_20240104,2024-01-04,hofstra,College of Charleston,2024,0,1,0.6631853,0,-123.0,103.0
hofstra_vs_delaware_20240106,2024-01-06,hofstra,Delaware,2024,1,1,0.69516295,1,-233.0,192.0
hofstra_vs_hampton_20240118,2024-01-18,hofstra,Hampton,2024,1,1,0.96575904,1,-2100.0,1100.0
hofstra_vs_william & mary_20240125,2024-01-25,hofstra,William & Mary,2024,1,1,0.90466017,1,-1050.0,675.0
hofstra_vs_stony brook_20240201,2024-02-01,hofstra,Stony Brook,2024,1,1,0.7019943,1,-340.0,270.0
hofstra_vs_towson_20240203,2024-02-03,hofstra,Towson,2024,1,1,0.53197557,1,-165.0,145.0
hofstra_vs_northeastern_20240217,2024-02-17,hofstra,Northeastern,2024,1,1,0.7500738,1,-305.0,244.0
hofstra_vs_drexel_20240222,2024-02-22,hofstra,Drexel,2024,1,1,0.5903631,1,-177.0,157.0
hofstra_vs_elon_20240224,2024-02-24,hofstra,Elon,2024,1,1,0.8930061,1,-1100.0,700.0
hofstra_vs_stony brook_20240311,2024-03-11,hofstra,Stony Brook,2024,0,1,0.6160536,0,-385.0,299.0
holy-cross_vs_sacred heart_20231114,2023-11-14,holy-cross,Sacred Heart,2024,0,1,0.5403497,0,-106.0,-114.0
holy-cross_vs_iupui_20231119,2023-11-19,holy-cross,IUPUI,2024,1,1,0.5341397,1,-145.0,120.0
holy-cross_vs_maine_20231129,2023-11-29,holy-cross,Maine,2024,0,0,0.36532977,1,136.0,-162.0
holy-cross_vs_quinnipiac_20231218,2023-12-18,holy-cross,Quinnipiac,2024,0,0,0.36241043,1,225.0,-265.0
holy-cross_vs_navy_20240110,2024-01-10,holy-cross,Navy,2024,0,0,0.31176618,1,145.0,-175.0
holy-cross_vs_lafayette_20240117,2024-01-17,holy-cross,Lafayette,2024,0,0,0.32264468,1,136.0,-162.0
holy-cross_vs_loyola (md)_20240120,2024-01-20,holy-cross,Loyola (MD),2024,1,0,0.49286535,0,-108.0,-112.0
holy-cross_vs_lehigh_20240127,2024-01-27,holy-cross,Lehigh,2024,0,0,0.3323963,1,154.0,-185.0
holy-cross_vs_boston university_20240129,2024-01-29,holy-cross,Boston University,2024,1,0,0.3609344,0,135.0,-165.0
holy-cross_vs_american_20240210,2024-02-10,holy-cross,American,2024,1,0,0.30963495,0,187.0,-236.0
holy-cross_vs_army_20240217,2024-02-17,holy-cross,Army,2024,0,0,0.35657147,1,112.0,-137.0
holy-cross_vs_bucknell_20240221,2024-02-21,holy-cross,Bucknell,2024,1,0,0.3658173,0,120.0,-142.0
holy-cross_vs_colgate_20240228,2024-02-28,holy-cross,Colgate,2024,0,0,0.1080261,1,481.0,-756.0
houston_vs_stetson_20231113,2023-11-13,houston,Stetson,2024,1,1,0.9457898,1,-50001.0,6600.0
houston_vs_towson_20231116,2023-11-16,houston,Towson,2024,1,1,0.9441739,1,-2853.0,1366.0
houston_vs_utah_20231117,2023-11-17,houston,Utah,2024,1,1,0.7375084,1,-485.0,370.0
houston_vs_montana_20231124,2023-11-24,houston,Montana,2024,1,1,0.95038646,1,-10000.0,1600.0
houston_vs_rice_20231206,2023-12-06,houston,Rice,2024,1,1,0.9717586,1,-33333.0,6000.0
houston_vs_jackson state_20231209,2023-12-09,houston,Jackson State,2024,1,1,0.98135686,1,-99995.0,12500.0
houston_vs_texas a&m_20231216,2023-12-16,houston,Texas A&M,2024,1,1,0.67032444,1,-326.0,259.0
houston_vs_texas state_20231221,2023-12-21,houston,Texas State,2024,1,1,0.97839785,1,-10000.0,1600.0
houston_vs_pennsylvania_20231230,2023-12-30,houston,Pennsylvania,2024,1,1,0.9607125,1,-4774.0,1915.0
houston_vs_west virginia_20240106,2024-01-06,houston,West Virginia,2024,1,1,0.93774784,1,-2357.0,1199.0
houston_vs_texas tech_20240117,2024-01-17,houston,Texas Tech,2024,1,1,0.80739105,1,-950.0,625.0
houston_vs_ucf_20240120,2024-01-20,houston,UCF,2024,1,1,0.91416854,1,-1854.0,1013.0
houston_vs_kansas state_20240127,2024-01-27,houston,Kansas State,2024,1,1,0.9075492,1,-1400.0,825.0
houston_vs_oklahoma state_20240206,2024-02-06,houston,Oklahoma State,2024,1,1,0.9513643,1,-3500.0,1550.0
houston_vs_texas_20240217,2024-02-17,houston,Texas,2024,1,1,0.81062967,1,-600.0,425.0
houston_vs_iowa state_20240219,2024-02-19,houston,Iowa State,2024,1,1,0.6523325,1,-420.0,340.0
houston_vs_cincinnati_20240227,2024-02-27,houston,Cincinnati,2024,1,1,0.88679445,1,-1100.0,700.0
houston_vs_kansas_20240309,2024-03-09,houston,Kansas,2024,1,1,0.70707756,1,-350.0,280.0
houston_vs_tcu_20240314,2024-03-14,houston,TCU,2024,1,1,0.7299057,1,-750.0,525.0
houston_vs_texas tech_20240315,2024-03-15,houston,Texas Tech,2024,1,1,0.75784695,1,-600.0,460.0
houston_vs_iowa state_20240316,2024-03-16,houston,Iowa State,2024,0,1,0.6165009,0,-249.0,214.0
houston_vs_longwood_20240322,2024-03-22,houston,Longwood,2024,1,1,0.94982463,1,-7000.0,1600.0
houston_vs_texas a&m_20240324,2024-03-24,houston,Texas A&M,2024,1,1,0.7002377,1,-385.0,315.0
howard_vs_boston university_20231114,2023-11-14,howard,Boston University,2024,1,1,0.90362275,1,-616.0,412.0
howard_vs_cincinnati_20231128,2023-11-28,howard,Cincinnati,2024,0,0,0.1958396,1,750.0,-1200.0
howard_vs_jackson state_20231217,2023-12-17,howard,Jackson State,2024,0,1,0.58632725,0,,
howard_vs_texas southern_20231217,2023-12-17,howard,Texas Southern,2024,0,1,0.59352136,0,-142.0,120.0
howard_vs_yale_20240103,2024-01-03,howard,Yale,2024,0,0,0.3043995,1,245.0,-324.0
howard_vs_maryland eastern shore_20240113,2024-01-13,howard,Maryland Eastern Shore,2024,1,1,0.83354974,1,-650.0,475.0
howard_vs_norfolk state_20240120,2024-01-20,howard,Norfolk State,2024,0,0,0.4710059,1,-145.0,119.0
howard_vs_north carolina central_20240217,2024-02-17,howard,North Carolina Central,2024,1,1,0.5540849,1,-185.0,154.0
howard_vs_south carolina state_20240219,2024-02-19,howard,South Carolina State,2024,0,1,0.701798,0,-440.0,340.0
howard_vs_morgan state_20240224,2024-02-24,howard,Morgan State,2024,1,1,0.833777,1,-598.0,402.0
howard_vs_coppin state_20240226,2024-02-26,howard,Coppin State,2024,1,1,0.8676625,1,-1155.0,655.0
howard_vs_delaware state_20240304,2024-03-04,howard,Delaware State,2024,1,1,0.70057154,1,-232.0,184.0
howard_vs_morgan state_20240314,2024-03-14,howard,Morgan State,2024,1,1,0.6874735,1,-205.0,175.0
howard_vs_norfolk state_20240315,2024-03-15,howard,Norfolk State,2024,1,0,0.37474942,0,160.0,-192.0
howard_vs_wagner_20240319,2024-03-19,howard,Wagner,2024,0,1,0.55792284,0,-161.0,142.0
idaho_vs_cal state northridge_20231109,2023-11-09,idaho,Cal State Northridge,2024,0,0,0.45930648,1,,-129.0
idaho_vs_denver_20231129,2023-11-29,idaho,Denver,2024,0,0,0.23391043,1,170.0,-195.0
idaho_vs_cal poly_20231202,2023-12-02,idaho,Cal Poly,2024,1,0,0.49996936,0,-175.0,145.0
idaho_vs_pacific_20231205,2023-12-05,idaho,Pacific,2024,1,0,0.3773037,0,-180.0,160.0
idaho_vs_sacramento state_20231228,2023-12-28,idaho,Sacramento State,2024,1,1,0.602192,1,-148.0,124.0
idaho_vs_portland state_20231230,2023-12-30,idaho,Portland State,2024,0,0,0.39358714,1,160.0,-195.0
idaho_vs_st. thomas_20240103,2024-01-03,idaho,St. Thomas,2024,0,0,0.27191684,1,170.0,-210.0
idaho_vs_eastern washington_20240113,2024-01-13,idaho,Eastern Washington,2024,0,0,0.30286044,1,247.0,-309.0
idaho_vs_northern arizona_20240125,2024-01-25,idaho,Northern Arizona,2024,0,1,0.6892585,0,-185.0,154.0
idaho_vs_northern colorado_20240127,2024-01-27,idaho,Northern Colorado,2024,0,0,0.3759646,1,225.0,-278.0
idaho_vs_weber state_20240215,2024-02-15,idaho,Weber State,2024,0,0,0.30403706,1,275.0,-345.0
idaho_vs_idaho state_20240217,2024-02-17,idaho,Idaho State,2024,1,1,0.5163461,1,,-130.0
idaho_vs_montana state_20240229,2024-02-29,idaho,Montana State,2024,0,1,0.50089335,0,-107.0,-109.0
idaho_vs_montana_20240302,2024-03-02,idaho,Montana,2024,0,0,0.2956982,1,200.0,-245.0
idaho_vs_sacramento state_20240309,2024-03-09,idaho,Sacramento State,2024,0,0,0.4900293,1,-148.0,124.0
idaho-state_vs_lindenwood_20231202,2023-12-02,idaho-state,Lindenwood,2024,1,1,0.7314418,1,-450.0,333.0
idaho-state_vs_montana state_20231228,2023-12-28,idaho-state,Montana State,2024,0,1,0.51807797,0,-125.0,107.0
idaho-state_vs_montana_20231230,2023-12-30,idaho-state,Montana,2024,0,0,0.27897894,1,164.0,-184.0
idaho-state_vs_omaha_20240106,2024-01-06,idaho-state,Omaha,2024,1,1,0.5328043,1,-145.0,125.0
idaho-state_vs_idaho_20240118,2024-01-18,idaho-state,Idaho,2024,1,1,0.55481225,1,-191.0,166.0
idaho-state_vs_eastern washington_20240120,2024-01-20,idaho-state,Eastern Washington,2024,0,0,0.32306063,1,203.0,-247.0
idaho-state_vs_sacramento state_20240208,2024-02-08,idaho-state,Sacramento State,2024,1,1,0.6610304,1,-238.0,196.0
idaho-state_vs_portland state_20240210,2024-02-10,idaho-state,Portland State,2024,1,1,0.6168926,1,-190.0,159.0
idaho-state_vs_weber state_20240224,2024-02-24,idaho-state,Weber State,2024,1,0,0.3197085,0,130.0,-150.0
idaho-state_vs_northern arizona_20240229,2024-02-29,idaho-state,Northern Arizona,2024,0,1,0.78387713,0,-340.0,270.0
idaho-state_vs_northern colorado_20240302,2024-03-02,idaho-state,Northern Colorado,2024,0,0,0.45855534,1,-127.0,109.0
idaho-state_vs_northern arizona_20240309,2024-03-09,idaho-state,Northern Arizona,2024,1,1,0.66799366,1,-208.0,173.0
idaho-state_vs_northern colorado_20240310,2024-03-10,idaho-state,Northern Colorado,2024,1,0,0.34867987,0,160.0,-180.0
idaho-state_vs_montana_20240312,2024-03-12,idaho-state,Montana,2024,0,0,0.3199425,1,227.0,-281.0
illinois_vs_oakland_20231110,2023-11-10,illinois,Oakland,2024,1,1,0.97135675,1,-5000.0,1800.0
illinois_vs_marquette_20231114,2023-11-14,illinois,Marquette,2024,0,0,0.46153018,1,-131.0,112.0
illinois_vs_valparaiso_20231117,2023-11-17,illinois,Valparaiso,2024,1,1,0.968456,1,-6500.0,2000.0
illinois_vs_southern_20231119,2023-11-19,illinois,Southern,2024,1,1,0.97575957,1,-3891.0,1444.0
illinois_vs_western illinois_20231124,2023-11-24,illinois,Western Illinois,2024,1,1,0.970675,1,-10000.0,1600.0
illinois_vs_colgate_20231217,2023-12-17,illinois,Colgate,2024,1,1,0.8762803,1,-1978.0,945.0
illinois_vs_missouri_20231222,2023-12-22,illinois,Missouri,2024,1,1,0.7512699,1,-270.0,220.0
illinois_vs_northwestern_20240102,2024-01-02,illinois,Northwestern,2024,1,1,0.7614051,1,-245.0,205.0
illinois_vs_michigan state_20240111,2024-01-11,illinois,Michigan State,2024,1,1,0.65904635,1,-166.0,140.0
illinois_vs_maryland_20240114,2024-01-14,illinois,Maryland,2024,0,1,0.90206325,0,-470.0,360.0
illinois_vs_rutgers_20240121,2024-01-21,illinois,Rutgers,2024,1,1,0.90190196,1,-746.0,513.0
illinois_vs_indiana_20240127,2024-01-27,illinois,Indiana,2024,1,1,0.9036774,1,-1400.0,825.0
illinois_vs_nebraska_20240204,2024-02-04,illinois,Nebraska,2024,1,1,0.81920546,1,-545.0,399.0
illinois_vs_michigan_20240213,2024-02-13,illinois,Michigan,2024,1,1,0.895655,1,-1600.0,890.0
illinois_vs_iowa_20240224,2024-02-24,illinois,Iowa,2024,1,1,0.8017735,1,-470.0,360.0
illinois_vs_minnesota_20240228,2024-02-28,illinois,Minnesota,2024,1,1,0.88711435,1,-772.0,527.0
illinois_vs_purdue_20240305,2024-03-05,illinois,Purdue,2024,0,1,0.50107455,0,-148.0,124.0
illinois_vs_ohio state_20240315,2024-03-15,illinois,Ohio State,2024,1,1,0.70933604,1,-212.0,184.0
illinois_vs_nebraska_20240316,2024-03-16,illinois,Nebraska,2024,1,1,0.7008001,1,-205.0,170.0
illinois_vs_wisconsin_20240317,2024-03-17,illinois,Wisconsin,2024,1,1,0.608985,1,-178.0,156.0
illinois_vs_morehead state_20240321,2024-03-21,illinois,Morehead State,2024,1,1,0.89546436,1,-650.0,470.0
illinois_vs_iowa state_20240328,2024-03-28,illinois,Iowa State,2024,1,1,0.516189,1,102.0,-122.0
illinois-chicago_vs_little rock_20231110,2023-11-10,illinois-chicago,Little Rock,2024,1,1,0.62909055,1,-230.0,190.0
illinois-chicago_vs_middle tennessee_20231124,2023-11-24,illinois-chicago,Middle Tennessee,2024,1,0,0.29430097,0,145.0,-165.0
illinois-chicago_vs_unc greensboro_20231126,2023-11-26,illinois-chicago,UNC Greensboro,2024,0,0,0.2992146,1,130.0,-155.0
illinois-chicago_vs_illinois state_20231130,2023-11-30,illinois-chicago,Illinois State,2024,0,1,0.7559206,0,-250.0,200.0
illinois-chicago_vs_green bay_20231212,2023-12-12,illinois-chicago,Green Bay,2024,0,1,0.8275607,0,-910.0,599.0
illinois-chicago_vs_incarnate word_20231221,2023-12-21,illinois-chicago,Incarnate Word,2024,0,1,0.8787528,0,-1350.0,800.0
illinois-chicago_vs_valparaiso_20240106,2024-01-06,illinois-chicago,Valparaiso,2024,1,1,0.8757512,1,-804.0,544.0
illinois-chicago_vs_bradley_20240113,2024-01-13,illinois-chicago,Bradley,2024,0,0,0.4280586,1,145.0,-175.0
illinois-chicago_vs_murray state_20240117,2024-01-17,illinois-chicago,Murray State,2024,0,0,0.48928088,1,,-106.0
illinois-chicago_vs_indiana state_20240124,2024-01-24,illinois-chicago,Indiana State,2024,0,0,0.17878619,1,490.0,-675.0
illinois-chicago_vs_southern illinois_20240203,2024-02-03,illinois-chicago,Southern Illinois,2024,0,0,0.34016365,1,120.0,-142.0
illinois-chicago_vs_northern iowa_20240211,2024-02-11,illinois-chicago,Northern Iowa,2024,1,0,0.42066783,0,153.0,-173.0
illinois-chicago_vs_belmont_20240218,2024-02-18,illinois-chicago,Belmont,2024,0,0,0.42001918,1,133.0,-157.0
illinois-chicago_vs_evansville_20240221,2024-02-21,illinois-chicago,Evansville,2024,1,1,0.709871,1,-175.0,145.0
illinois-chicago_vs_drake_20240228,2024-02-28,illinois-chicago,Drake,2024,0,0,0.17645723,1,320.0,-400.0
illinois-chicago_vs_southern illinois_20240307,2024-03-07,illinois-chicago,Southern Illinois,2024,1,0,0.3069266,0,210.0,-258.0
illinois-state_vs_eastern illinois_20231115,2023-11-15,illinois-state,Eastern Illinois,2024,1,1,0.75121856,1,-850.0,575.0
illinois-state_vs_long beach state_20231120,2023-11-20,illinois-state,Long Beach State,2024,1,0,0.27149472,0,230.0,-285.0
illinois-state_vs_wright state_20231122,2023-11-22,illinois-state,Wright State,2024,0,0,0.3209443,1,120.0,-142.0
illinois-state_vs_murray state_20231203,2023-12-03,illinois-state,Murray State,2024,1,0,0.3968,0,-125.0,105.0
illinois-state_vs_northern kentucky_20231206,2023-12-06,illinois-state,Northern Kentucky,2024,1,0,0.46585304,0,-145.0,120.0
illinois-state_vs_norfolk state_20231209,2023-12-09,illinois-state,Norfolk State,2024,0,1,0.5580427,0,-298.0,240.0
illinois-state_vs_north dakota state_20231217,2023-12-17,illinois-state,North Dakota State,2024,1,0,0.45111176,0,-170.0,150.0
illinois-state_vs_southeast missouri state_20231221,2023-12-21,illinois-state,Southeast Missouri State,2024,1,1,0.89238745,1,-1200.0,750.0
illinois-state_vs_southern illinois_20240106,2024-01-06,illinois-state,Southern Illinois,2024,0,0,0.2769903,1,,-130.0
illinois-state_vs_valparaiso_20240114,2024-01-14,illinois-state,Valparaiso,2024,0,1,0.73657995,0,-485.0,370.0
illinois-state_vs_drake_20240117,2024-01-17,illinois-state,Drake,2024,0,0,0.19062878,1,275.0,-330.0
illinois-state_vs_belmont_20240123,2024-01-23,illinois-state,Belmont,2024,1,0,0.383459,0,-125.0,105.0
illinois-state_vs_bradley_20240203,2024-02-03,illinois-state,Bradley,2024,0,0,0.18465814,1,245.0,-290.0
illinois-state_vs_illinoisâchicago_20240207,2024-02-07,illinois-state,IllinoisâChicago,2024,0,1,0.5499685,0,-199.0,167.0
illinois-state_vs_evansville_20240218,2024-02-18,illinois-state,Evansville,2024,1,1,0.6442979,1,-169.0,149.0
illinois-state_vs_northern iowa_20240221,2024-02-21,illinois-state,Northern Iowa,2024,1,0,0.39106706,0,108.0,-127.0
illinois-state_vs_missouri state_20240228,2024-02-28,illinois-state,Missouri State,2024,1,0,0.4897163,0,-180.0,160.0
incarnate-word_vs_jacksonville state_20231122,2023-11-22,incarnate-word,Jacksonville State,2024,1,0,0.47377643,0,120.0,-145.0
incarnate-word_vs_jacksonville state_20231126,2023-11-26,incarnate-word,Jacksonville State,2024,0,0,0.31403908,1,235.0,-290.0
incarnate-word_vs_northern arizona_20231209,2023-12-09,incarnate-word,Northern Arizona,2024,0,0,0.4073265,1,160.0,-192.0
incarnate-word_vs_texas a&mâcorpus christi_20240106,2024-01-06,incarnate-word,Texas A&MâCorpus Christi,2024,0,1,0.59113234,0,,-135.0
incarnate-word_vs_mcneese state_20240120,2024-01-20,incarnate-word,McNeese State,2024,0,0,0.09805197,1,700.0,-1100.0
incarnate-word_vs_lamar_20240212,2024-02-12,incarnate-word,Lamar,2024,1,0,0.31206223,0,190.0,-230.0
incarnate-word_vs_northwestern state_20240217,2024-02-17,incarnate-word,Northwestern State,2024,0,1,0.5101973,0,-180.0,150.0
incarnate-word_vs_texas a&mâcommerce_20240219,2024-02-19,incarnate-word,Texas A&MâCommerce,2024,0,1,0.56262606,0,,
incarnate-word_vs_new orleans_20240302,2024-03-02,incarnate-word,New Orleans,2024,0,1,0.6024402,0,-166.0,140.0
incarnate-word_vs_southeastern louisiana_20240304,2024-03-04,incarnate-word,Southeastern Louisiana,2024,0,0,0.43121997,1,145.0,-175.0
indiana_vs_army_20231112,2023-11-12,indiana,Army,2024,1,1,0.9628924,1,-4516.0,1577.0
indiana_vs_wright state_20231116,2023-11-16,indiana,Wright State,2024,1,1,0.81903243,1,-1500.0,870.0
indiana_vs_louisville_20231120,2023-11-20,indiana,Louisville,2024,1,1,0.8544621,1,-355.0,280.0
indiana_vs_harvard_20231126,2023-11-26,indiana,Harvard,2024,1,1,0.8736357,1,-305.0,255.0
indiana_vs_maryland_20231201,2023-12-01,indiana,Maryland,2024,1,1,0.5492356,1,-137.0,117.0
indiana_vs_kansas_20231216,2023-12-16,indiana,Kansas,2024,0,0,0.38191462,1,245.0,-305.0
indiana_vs_morehead state_20231219,2023-12-19,indiana,Morehead State,2024,1,1,0.88035333,1,-747.0,514.0
indiana_vs_north alabama_20231221,2023-12-21,indiana,North Alabama,2024,1,1,0.8878202,1,-1100.0,700.0
indiana_vs_kennesaw state_20231229,2023-12-29,indiana,Kennesaw State,2024,1,1,0.8497945,1,-650.0,450.0
indiana_vs_ohio state_20240106,2024-01-06,indiana,Ohio State,2024,1,0,0.28831816,0,-102.0,-118.0
indiana_vs_minnesota_20240112,2024-01-12,indiana,Minnesota,2024,1,1,0.522304,1,-199.0,166.0
indiana_vs_purdue_20240116,2024-01-16,indiana,Purdue,2024,0,0,0.15313981,1,375.0,-500.0
indiana_vs_iowa_20240130,2024-01-30,indiana,Iowa,2024,1,0,0.41457924,0,-133.0,113.0
indiana_vs_penn state_20240203,2024-02-03,indiana,Penn State,2024,0,1,0.63144946,0,-300.0,240.0
indiana_vs_northwestern_20240218,2024-02-18,indiana,Northwestern,2024,0,0,0.37445232,1,-147.0,125.0
indiana_vs_nebraska_20240221,2024-02-21,indiana,Nebraska,2024,0,0,0.42103675,1,-130.0,
indiana_vs_wisconsin_20240227,2024-02-27,indiana,Wisconsin,2024,1,0,0.31353518,0,155.0,-175.0
indiana_vs_michigan state_20240310,2024-03-10,indiana,Michigan State,2024,1,0,0.32872036,0,153.0,-173.0
indiana_vs_penn state_20240314,2024-03-14,indiana,Penn State,2024,1,0,0.45381162,0,-140.0,120.0
indiana_vs_nebraska_20240315,2024-03-15,indiana,Nebraska,2024,0,0,0.29935881,1,205.0,-245.0
indiana-state_vs_iupui_20231114,2023-11-14,indiana-state,IUPUI,2024,1,1,0.9309252,1,-1595.0,910.0
indiana-state_vs_rice_20231121,2023-11-21,indiana-state,Rice,2024,1,1,0.63055056,1,-283.0,228.0
indiana-state_vs_pepperdine_20231122,2023-11-22,indiana-state,Pepperdine,2024,1,1,0.6188733,1,-305.0,255.0
indiana-state_vs_toledo_20231124,2023-11-24,indiana-state,Toledo,2024,1,1,0.5705586,1,-190.0,165.0
indiana-state_vs_southern illinois_20231128,2023-11-28,indiana-state,Southern Illinois,2024,1,1,0.69460624,1,-300.0,250.0
indiana-state_vs_southern indiana_20231209,2023-12-09,indiana-state,Southern Indiana,2024,1,1,0.9732646,1,-2500.0,1100.0
indiana-state_vs_tennessee state_20231219,2023-12-19,indiana-state,Tennessee State,2024,1,1,0.9585857,1,-1762.0,977.0
indiana-state_vs_evansville_20240103,2024-01-03,indiana-state,Evansville,2024,1,1,0.87398994,1,-1450.0,850.0
indiana-state_vs_belmont_20240113,2024-01-13,indiana-state,Belmont,2024,1,1,0.8656499,1,-750.0,525.0
indiana-state_vs_missouri state_20240116,2024-01-16,indiana-state,Missouri State,2024,1,1,0.90319073,1,-800.0,575.0
indiana-state_vs_bradley_20240127,2024-01-27,indiana-state,Bradley,2024,1,1,0.7563355,1,-310.0,250.0
indiana-state_vs_drake_20240203,2024-02-03,indiana-state,Drake,2024,1,1,0.7295887,1,-225.0,195.0
indiana-state_vs_valparaiso_20240207,2024-02-07,indiana-state,Valparaiso,2024,1,1,0.96974665,1,-3600.0,1500.0
indiana-state_vs_illinois state_20240213,2024-02-13,indiana-state,Illinois State,2024,0,1,0.9559376,0,-2400.0,1200.0
indiana-state_vs_illinoisâchicago_20240224,2024-02-24,indiana-state,IllinoisâChicago,2024,1,1,0.9194056,1,-1403.0,829.0
indiana-state_vs_murray state_20240303,2024-03-03,indiana-state,Murray State,2024,1,1,0.8593927,1,-1200.0,750.0
indiana-state_vs_missouri state_20240308,2024-03-08,indiana-state,Missouri State,2024,1,1,0.77465516,1,-850.0,575.0
indiana-state_vs_northern iowa_20240309,2024-03-09,indiana-state,Northern Iowa,2024,1,1,0.74015975,1,-355.0,280.0
indiana-state_vs_smu_20240320,2024-03-20,indiana-state,SMU,2024,1,1,0.7210982,1,-350.0,275.0
indiana-state_vs_minnesota_20240324,2024-03-24,indiana-state,Minnesota,2024,1,1,0.7177885,1,-297.0,251.0
indiana-state_vs_cincinnati_20240326,2024-03-26,indiana-state,Cincinnati,2024,1,1,0.6794063,1,-225.0,195.0
indiana-state_vs_utah_20240402,2024-04-02,indiana-state,Utah,2024,1,1,0.51647395,1,-181.0,161.0
indiana-state_vs_seton hall_20240404,2024-04-04,indiana-state,Seton Hall,2024,0,0,0.47805104,1,-135.0,115.0
iona_vs_long beach state_20231121,2023-11-21,iona,Long Beach State,2024,0,0,0.32957587,1,176.0,-212.0
iona_vs_marist_20231129,2023-11-29,iona,Marist,2024,0,1,0.72463375,0,-350.0,275.0
iona_vs_hofstra_20231206,2023-12-06,iona,Hofstra,2024,0,0,0.4913147,1,125.0,-155.0
iona_vs_saint francis (pa)_20231210,2023-12-10,iona,Saint Francis (PA),2024,1,1,0.9547565,1,-1750.0,950.0
iona_vs_saint joseph's_20231216,2023-12-16,iona,Saint Joseph's,2024,0,0,0.27134562,1,250.0,-300.0
iona_vs_colgate_20231221,2023-12-21,iona,Colgate,2024,1,0,0.4805903,0,-115.0,-105.0
iona_vs_niagara_20240107,2024-01-07,iona,Niagara,2024,0,1,0.83738834,0,-528.0,388.0
iona_vs_mount st. mary's_20240114,2024-01-14,iona,Mount St. Mary's,2024,1,1,0.5678946,1,-218.0,180.0
iona_vs_canisius_20240119,2024-01-19,iona,Canisius,2024,1,1,0.6142442,1,-360.0,290.0
iona_vs_fairfield_20240202,2024-02-02,iona,Fairfield,2024,1,1,0.65518636,1,-218.0,180.0
iona_vs_rider_20240204,2024-02-04,iona,Rider,2024,1,1,0.74913114,1,-294.0,236.0
iona_vs_manhattan_20240216,2024-02-16,iona,Manhattan,2024,1,1,0.8973326,1,-1000.0,650.0
iona_vs_saint peter's_20240218,2024-02-18,iona,Saint Peter's,2024,0,1,0.7153309,0,-325.0,270.0
iona_vs_quinnipiac_20240301,2024-03-01,iona,Quinnipiac,2024,0,1,0.62414104,0,-177.0,150.0
iona_vs_siena_20240309,2024-03-09,iona,Siena,2024,1,1,0.87383115,1,-1438.0,844.0
iona_vs_manhattan_20240312,2024-03-12,iona,Manhattan,2024,1,1,0.75355726,1,-396.0,306.0
iowa_vs_arkansas state_20231117,2023-11-17,iowa,Arkansas State,2024,1,1,0.9569703,1,-2800.0,1300.0
iowa_vs_oklahoma_20231123,2023-11-23,iowa,Oklahoma,2024,0,1,0.6159089,0,-105.0,-115.0
iowa_vs_seton hall_20231124,2023-11-24,iowa,Seton Hall,2024,1,1,0.6397022,1,-125.0,105.0
iowa_vs_north florida_20231129,2023-11-29,iowa,North Florida,2024,1,1,0.9754648,1,-10000.0,1600.0
iowa_vs_michigan_20231210,2023-12-10,iowa,Michigan,2024,0,1,0.65068847,0,-175.0,155.0
iowa_vs_umbc_20231220,2023-12-20,iowa,UMBC,2024,1,1,0.9777706,1,-3853.0,1436.0
iowa_vs_northern illinois_20231229,2023-12-29,iowa,Northern Illinois,2024,1,1,0.8912663,1,-2092.0,1103.0
iowa_vs_rutgers_20240106,2024-01-06,iowa,Rutgers,2024,1,1,0.7049852,1,-245.0,205.0
iowa_vs_nebraska_20240112,2024-01-12,iowa,Nebraska,2024,1,1,0.56084913,1,-195.0,170.0
iowa_vs_purdue_20240120,2024-01-20,iowa,Purdue,2024,0,0,0.34829918,1,225.0,-278.0
iowa_vs_maryland_20240124,2024-01-24,iowa,Maryland,2024,0,1,0.72266906,0,-215.0,185.0
iowa_vs_ohio state_20240202,2024-02-02,iowa,Ohio State,2024,1,1,0.5785298,1,-250.0,210.0
iowa_vs_minnesota_20240211,2024-02-11,iowa,Minnesota,2024,1,1,0.75764465,1,-329.0,261.0
iowa_vs_wisconsin_20240217,2024-02-17,iowa,Wisconsin,2024,1,0,0.41770926,0,-118.0,-102.0
iowa_vs_penn state_20240227,2024-02-27,iowa,Penn State,2024,1,1,0.8016892,1,-425.0,330.0
iowa_vs_illinois_20240310,2024-03-10,iowa,Illinois,2024,0,0,0.45837906,1,107.0,-125.0
iowa_vs_ohio state_20240314,2024-03-14,iowa,Ohio State,2024,0,0,0.44974956,1,128.0,-148.0
iowa_vs_kansas state_20240319,2024-03-19,iowa,Kansas State,2024,1,1,0.74761736,1,-240.0,200.0
iowa-state_vs_lindenwood_20231109,2023-11-09,iowa-state,Lindenwood,2024,1,1,0.9709091,1,-6500.0,2000.0
iowa-state_vs_idaho state_20231112,2023-11-12,iowa-state,Idaho State,2024,1,1,0.97116214,1,-4510.0,1846.0
iowa-state_vs_vcu_20231123,2023-11-23,iowa-state,VCU,2024,1,1,0.62195563,1,-800.0,550.0
iowa-state_vs_virginia tech_20231124,2023-11-24,iowa-state,Virginia Tech,2024,0,1,0.69426143,0,-225.0,180.0
iowa-state_vs_texas a&m_20231126,2023-11-26,iowa-state,Texas A&M,2024,0,0,0.48563543,1,-155.0,135.0
iowa-state_vs_iowa_20231207,2023-12-07,iowa-state,Iowa,2024,1,1,0.75886416,1,-350.0,280.0
iowa-state_vs_florida a&m_20231217,2023-12-17,iowa-state,Florida A&M,2024,1,1,0.9829391,1,,
iowa-state_vs_eastern illinois_20231221,2023-12-21,iowa-state,Eastern Illinois,2024,1,1,0.97904277,1,-4581.0,1865.0
iowa-state_vs_new hampshire_20231231,2023-12-31,iowa-state,New Hampshire,2024,1,1,0.9769011,1,-20000.0,4000.0
iowa-state_vs_houston_20240109,2024-01-09,iowa-state,Houston,2024,1,0,0.4397646,0,115.0,-140.0
iowa-state_vs_oklahoma state_20240113,2024-01-13,iowa-state,Oklahoma State,2024,1,1,0.9057503,1,-816.0,551.0
iowa-state_vs_kansas state_20240124,2024-01-24,iowa-state,Kansas State,2024,1,1,0.8379079,1,-431.0,328.0
iowa-state_vs_kansas_20240127,2024-01-27,iowa-state,Kansas,2024,1,1,0.73274446,1,-210.0,180.0
iowa-state_vs_tcu_20240210,2024-02-10,iowa-state,TCU,2024,1,1,0.8137316,1,-360.0,285.0
iowa-state_vs_texas tech_20240217,2024-02-17,iowa-state,Texas Tech,2024,1,1,0.8332002,1,-370.0,300.0
iowa-state_vs_west virginia_20240224,2024-02-24,iowa-state,West Virginia,2024,1,1,0.95766926,1,-1915.0,1037.0
iowa-state_vs_oklahoma_20240228,2024-02-28,iowa-state,Oklahoma,2024,1,1,0.83336526,1,-492.0,367.0
iowa-state_vs_brigham young_20240306,2024-03-06,iowa-state,Brigham Young,2024,1,1,0.8024113,1,-360.0,285.0
iowa-state_vs_kansas state_20240314,2024-03-14,iowa-state,Kansas State,2024,1,1,0.80949044,1,-360.0,285.0
iowa-state_vs_south dakota state_20240321,2024-03-21,iowa-state,South Dakota State,2024,1,1,0.93193555,1,-1600.0,890.0
iowa-state_vs_washington state_20240323,2024-03-23,iowa-state,Washington State,2024,1,1,0.7234684,1,-298.0,240.0
ipfw_vs_texas a&mâcommerce_20231112,2023-11-12,ipfw,Texas A&MâCommerce,2024,1,0,0.4306818,0,-218.0,180.0
ipfw_vs_northern arizona_20231117,2023-11-17,ipfw,Northern Arizona,2024,1,0,0.39853975,0,-215.0,185.0
ipfw_vs_south dakota_20231118,2023-11-18,ipfw,South Dakota,2024,1,0,0.47420326,0,-172.0,152.0
ipfw_vs_san francisco_20231122,2023-11-22,ipfw,San Francisco,2024,0,0,0.08793937,1,700.0,-1100.0
ipfw_vs_green bay_20231129,2023-11-29,ipfw,Green Bay,2024,1,1,0.54939103,1,-650.0,450.0
ipfw_vs_oakland_20231202,2023-12-02,ipfw,Oakland,2024,1,0,0.21937627,0,180.0,-225.0
ipfw_vs_southern indiana_20231206,2023-12-06,ipfw,Southern Indiana,2024,1,1,0.6769683,1,-335.0,280.0
ipfw_vs_southeast missouri state_20231209,2023-12-09,ipfw,Southeast Missouri State,2024,1,1,0.8614533,1,-1300.0,784.0
ipfw_vs_bethune-cookman_20231216,2023-12-16,ipfw,Bethune-Cookman,2024,1,1,0.7393377,1,-963.0,575.0
ipfw_vs_pittsburgh_20231220,2023-12-20,ipfw,Pittsburgh,2024,0,0,0.12711939,1,676.0,-1067.0
ipfw_vs_northern kentucky_20231229,2023-12-29,ipfw,Northern Kentucky,2024,1,1,0.61205333,1,-198.0,165.0
ipfw_vs_detroit mercy_20231231,2023-12-31,ipfw,Detroit Mercy,2024,1,1,0.94877976,1,-1150.0,725.0
ipfw_vs_wright state_20240106,2024-01-06,ipfw,Wright State,2024,0,1,0.55628985,0,-130.0,111.0
ipfw_vs_youngstown state_20240110,2024-01-10,ipfw,Youngstown State,2024,0,0,0.32590204,1,135.0,-155.0
ipfw_vs_robert morris_20240112,2024-01-12,ipfw,Robert Morris,2024,0,1,0.6496295,0,-175.0,145.0
ipfw_vs_iupui_20240117,2024-01-17,ipfw,IUPUI,2024,0,1,0.94698775,0,-1600.0,890.0
ipfw_vs_cleveland state_20240120,2024-01-20,ipfw,Cleveland State,2024,0,0,0.32524288,1,160.0,-192.0
ipfw_vs_northern kentucky_20240125,2024-01-25,ipfw,Northern Kentucky,2024,1,0,0.2759993,0,148.0,-175.0
ipfw_vs_milwaukee_20240201,2024-02-01,ipfw,Milwaukee,2024,0,1,0.7572805,0,-166.0,140.0
ipfw_vs_youngstown state_20240204,2024-02-04,ipfw,Youngstown State,2024,1,0,0.3332295,0,170.0,-205.0
ipfw_vs_cleveland state_20240207,2024-02-07,ipfw,Cleveland State,2024,0,1,0.5597774,0,-166.0,140.0
ipfw_vs_iupui_20240210,2024-02-10,ipfw,IUPUI,2024,1,1,0.8963414,1,-764.0,523.0
ipfw_vs_oakland_20240214,2024-02-14,ipfw,Oakland,2024,0,0,0.44173503,1,-105.0,-115.0
ipfw_vs_detroit mercy_20240217,2024-02-17,ipfw,Detroit Mercy,2024,1,1,0.8782882,1,-465.0,350.0
ipfw_vs_green bay_20240223,2024-02-23,ipfw,Green Bay,2024,1,0,0.39128342,0,114.0,-135.0
ipfw_vs_milwaukee_20240225,2024-02-25,ipfw,Milwaukee,2024,0,1,0.56946266,0,-105.0,-115.0
ipfw_vs_wright state_20240228,2024-02-28,ipfw,Wright State,2024,1,0,0.30013114,0,225.0,-265.0
ipfw_vs_robert morris_20240302,2024-03-02,ipfw,Robert Morris,2024,1,1,0.846285,1,-625.0,485.0
ipfw_vs_robert morris_20240305,2024-03-05,ipfw,Robert Morris,2024,1,1,0.84901947,1,-700.0,500.0
ipfw_vs_oakland_20240307,2024-03-07,ipfw,Oakland,2024,0,0,0.30714038,1,165.0,-200.0
ipfw_vs_bowling green_20240320,2024-03-20,ipfw,Bowling Green,2024,1,1,0.5421158,1,-125.0,105.0
ipfw_vs_tarleton state_20240325,2024-03-25,ipfw,Tarleton State,2024,1,0,0.24597687,0,200.0,-245.0
ipfw_vs_norfolk state_20240327,2024-03-27,ipfw,Norfolk State,2024,0,1,0.5057161,0,-138.0,117.0
iupui_vs_northern kentucky_20231202,2023-12-02,iupui,Northern Kentucky,2024,0,0,0.22634433,1,395.0,-500.0
iupui_vs_lindenwood_20231216,2023-12-16,iupui,Lindenwood,2024,0,1,0.51590383,0,-142.0,122.0
iupui_vs_detroit mercy_20231229,2023-12-29,iupui,Detroit Mercy,2024,1,0,0.48639107,0,120.0,-141.0
iupui_vs_cleveland state_20231231,2023-12-31,iupui,Cleveland State,2024,0,0,0.13514927,1,500.0,-650.0
iupui_vs_green bay_20240110,2024-01-10,iupui,Green Bay,2024,0,0,0.19107422,1,300.0,-380.0
iupui_vs_oakland_20240113,2024-01-13,iupui,Oakland,2024,0,0,0.106790364,1,551.0,-816.0
iupui_vs_robert morris_20240120,2024-01-20,iupui,Robert Morris,2024,0,0,0.36136243,1,186.0,-225.0
iupui_vs_youngstown state_20240125,2024-01-25,iupui,Youngstown State,2024,0,0,0.09718727,1,750.0,-1200.0
iupui_vs_wright state_20240128,2024-01-28,iupui,Wright State,2024,0,0,0.13586436,1,850.0,-1450.0
iupui_vs_milwaukee_20240228,2024-02-28,iupui,Milwaukee,2024,0,0,0.18476298,1,600.0,-900.0
jackson-state_vs_north carolina a&t_20231217,2023-12-17,jackson-state,North Carolina A&T,2024,1,1,0.86879206,1,-465.0,375.0
jackson-state_vs_alcorn state_20240106,2024-01-06,jackson-state,Alcorn State,2024,1,1,0.80303663,1,-325.0,260.0
jackson-state_vs_texas southern_20240122,2024-01-22,jackson-state,Texas Southern,2024,1,1,0.6965919,1,-211.0,168.0
jackson-state_vs_southern_20240205,2024-02-05,jackson-state,Southern,2024,0,0,0.43135166,1,-152.0,132.0
jackson-state_vs_florida a&m_20240217,2024-02-17,jackson-state,Florida A&M,2024,1,1,0.8359277,1,-550.0,410.0
jackson-state_vs_bethune-cookman_20240219,2024-02-19,jackson-state,Bethune-Cookman,2024,1,1,0.6868888,1,-250.0,200.0
jackson-state_vs_arkansasâpine bluff_20240307,2024-03-07,jackson-state,ArkansasâPine Bluff,2024,1,1,0.76537985,1,-375.0,295.0
jackson-state_vs_mississippi valley state_20240309,2024-03-09,jackson-state,Mississippi Valley State,2024,1,1,0.9191321,1,-2100.0,1100.0
jackson-state_vs_texas southern_20240314,2024-03-14,jackson-state,Texas Southern,2024,0,0,0.43601754,1,135.0,-155.0
jacksonville_vs_georgia southern_20231114,2023-11-14,jacksonville,Georgia Southern,2024,1,1,0.65331554,1,-258.0,210.0
jacksonville_vs_campbell_20231129,2023-11-29,jacksonville,Campbell,2024,1,1,0.74696714,1,-310.0,250.0
jacksonville_vs_louisianaâmonroe_20231218,2023-12-18,jacksonville,LouisianaâMonroe,2024,1,1,0.6043347,1,-293.0,225.0
jacksonville_vs_queens (nc)_20240118,2024-01-18,jacksonville,Queens (NC),2024,1,1,0.5150234,1,-151.0,123.0
jacksonville_vs_kennesaw state_20240120,2024-01-20,jacksonville,Kennesaw State,2024,0,0,0.3798959,1,170.0,-210.0
jacksonville_vs_austin peay_20240131,2024-01-31,jacksonville,Austin Peay,2024,1,0,0.36634067,0,136.0,-162.0
jacksonville_vs_central arkansas_20240208,2024-02-08,jacksonville,Central Arkansas,2024,1,1,0.7843299,1,-294.0,225.0
jacksonville_vs_north alabama_20240210,2024-02-10,jacksonville,North Alabama,2024,1,1,0.5116715,1,-105.0,-115.0
jacksonville_vs_north florida_20240223,2024-02-23,jacksonville,North Florida,2024,1,0,0.42847723,0,100.0,-120.0
jacksonville_vs_stetson_20240228,2024-02-28,jacksonville,Stetson,2024,0,0,0.4347996,1,-106.0,-114.0
jacksonville_vs_florida gulf coast_20240301,2024-03-01,jacksonville,Florida Gulf Coast,2024,0,0,0.4002161,1,-120.0,100.0
jacksonville-state_vs_south alabama_20231130,2023-11-30,jacksonville-state,South Alabama,2024,1,1,0.5777684,1,-148.0,124.0
jacksonville-state_vs_east tennessee state_20231203,2023-12-03,jacksonville-state,East Tennessee State,2024,0,1,0.6992027,0,-165.0,135.0
jacksonville-state_vs_illinoisâchicago_20231208,2023-12-08,jacksonville-state,IllinoisâChicago,2024,0,0,0.45923394,1,107.0,-127.0
jacksonville-state_vs_florida international_20240106,2024-01-06,jacksonville-state,Florida International,2024,1,1,0.71958727,1,-198.0,164.0
jacksonville-state_vs_louisiana tech_20240120,2024-01-20,jacksonville-state,Louisiana Tech,2024,0,0,0.46171936,1,142.0,-170.0
jacksonville-state_vs_liberty_20240127,2024-01-27,jacksonville-state,Liberty,2024,1,0,0.35424358,0,182.0,-219.0
jacksonville-state_vs_sam houston state_20240208,2024-02-08,jacksonville-state,Sam Houston State,2024,1,1,0.62737006,1,-148.0,124.0
jacksonville-state_vs_western kentucky_20240210,2024-02-10,jacksonville-state,Western Kentucky,2024,0,1,0.5054468,0,-133.0,113.0
jacksonville-state_vs_middle tennessee_20240221,2024-02-21,jacksonville-state,Middle Tennessee,2024,1,1,0.7339416,1,-275.0,225.0
jacksonville-state_vs_utep_20240229,2024-02-29,jacksonville-state,UTEP,2024,0,1,0.6825822,0,-200.0,160.0
jacksonville-state_vs_new mexico state_20240302,2024-03-02,jacksonville-state,New Mexico State,2024,0,1,0.7793668,0,-410.0,330.0
james-madison_vs_howard_20231112,2023-11-12,james-madison,Howard,2024,1,1,0.8421548,1,-750.0,525.0
james-madison_vs_radford_20231117,2023-11-17,james-madison,Radford,2024,1,1,0.8010254,1,-486.0,342.0
james-madison_vs_southern illinois_20231121,2023-11-21,james-madison,Southern Illinois,2024,1,1,0.6704834,1,-250.0,205.0
james-madison_vs_buffalo_20231129,2023-11-29,james-madison,Buffalo,2024,1,1,0.97297275,1,-10000.0,1600.0
james-madison_vs_coppin state_20231219,2023-12-19,james-madison,Coppin State,2024,1,1,0.9834652,1,-4520.0,1578.0
james-madison_vs_texas state_20231230,2023-12-30,james-madison,Texas State,2024,1,1,0.9232119,1,-858.0,572.0
james-madison_vs_south alabama_20240111,2024-01-11,james-madison,South Alabama,2024,1,1,0.92664117,1,-900.0,600.0
james-madison_vs_appalachian state_20240113,2024-01-13,james-madison,Appalachian State,2024,0,1,0.7097533,0,-294.0,236.0
james-madison_vs_louisianaâmonroe_20240118,2024-01-18,james-madison,LouisianaâMonroe,2024,1,1,0.96811646,1,-3600.0,1500.0
james-madison_vs_marshall_20240120,2024-01-20,james-madison,Marshall,2024,1,1,0.92516124,1,-800.0,550.0
james-madison_vs_coastal carolina_20240201,2024-02-01,james-madison,Coastal Carolina,2024,1,1,0.96469826,1,-2500.0,1150.0
james-madison_vs_old dominion_20240203,2024-02-03,james-madison,Old Dominion,2024,1,1,0.95583016,1,-2000.0,1000.0
james-madison_vs_akron_20240210,2024-02-10,james-madison,Akron,2024,1,1,0.66184443,1,-282.0,228.0
james-madison_vs_georgia state_20240215,2024-02-15,james-madison,Georgia State,2024,1,1,0.915863,1,-1200.0,750.0
james-madison_vs_georgia southern_20240217,2024-02-17,james-madison,Georgia Southern,2024,1,1,0.9732271,1,-2360.0,1200.0
james-madison_vs_marshall_20240309,2024-03-09,james-madison,Marshall,2024,1,1,0.91185004,1,-850.0,575.0
james-madison_vs_texas state_20240310,2024-03-10,james-madison,Texas State,2024,1,1,0.872685,1,-950.0,625.0
james-madison_vs_wisconsin_20240322,2024-03-22,james-madison,Wisconsin,2024,1,0,0.28754845,0,179.0,-206.0
kansas_vs_manhattan_20231110,2023-11-10,kansas,Manhattan,2024,1,1,0.97542036,1,-10000.0,3300.0
kansas_vs_kentucky_20231114,2023-11-14,kansas,Kentucky,2024,1,1,0.55090564,1,-300.0,250.0
kansas_vs_marquette_20231121,2023-11-21,kansas,Marquette,2024,0,1,0.62335837,0,-184.0,154.0
kansas_vs_tennessee_20231122,2023-11-22,kansas,Tennessee,2024,1,1,0.5933674,1,-119.0,102.0
kansas_vs_eastern illinois_20231128,2023-11-28,kansas,Eastern Illinois,2024,1,1,0.9755822,1,,
kansas_vs_connecticut_20231201,2023-12-01,kansas,Connecticut,2024,1,1,0.5341233,1,-165.0,135.0
kansas_vs_kansas city_20231205,2023-12-05,kansas,Kansas City,2024,1,1,0.9744821,1,-5000.0,1550.0
kansas_vs_missouri_20231209,2023-12-09,kansas,Missouri,2024,1,1,0.867222,1,-1100.0,700.0
kansas_vs_yale_20231222,2023-12-22,kansas,Yale,2024,1,1,0.9032828,1,-1450.0,850.0
kansas_vs_wichita state_20231230,2023-12-30,kansas,Wichita State,2024,1,1,0.7509879,1,-1100.0,650.0
kansas_vs_tcu_20240106,2024-01-06,kansas,TCU,2024,1,1,0.6906357,1,-425.0,345.0
kansas_vs_oklahoma_20240113,2024-01-13,kansas,Oklahoma,2024,1,1,0.6595556,1,-285.0,230.0
kansas_vs_cincinnati_20240122,2024-01-22,kansas,Cincinnati,2024,1,1,0.76386636,1,-395.0,310.0
kansas_vs_oklahoma state_20240130,2024-01-30,kansas,Oklahoma State,2024,1,1,0.92754054,1,-1400.0,825.0
kansas_vs_houston_20240203,2024-02-03,kansas,Houston,2024,1,0,0.4226878,0,-105.0,-115.0
kansas_vs_baylor_20240210,2024-02-10,kansas,Baylor,2024,1,1,0.7063933,1,-251.0,206.0
kansas_vs_texas_20240224,2024-02-24,kansas,Texas,2024,1,1,0.7015857,1,-325.0,270.0
kansas_vs_brigham young_20240227,2024-02-27,kansas,Brigham Young,2024,0,1,0.7270095,0,-377.0,293.0
kansas_vs_kansas state_20240305,2024-03-05,kansas,Kansas State,2024,1,1,0.8717803,1,-850.0,615.0
kansas_vs_samford_20240321,2024-03-21,kansas,Samford,2024,1,1,0.7248214,1,-300.0,250.0
kansas-state_vs_bellarmine_20231110,2023-11-10,kansas-state,Bellarmine,2024,1,1,0.9389038,1,-1650.0,950.0
kansas-state_vs_south dakota state_20231113,2023-11-13,kansas-state,South Dakota State,2024,1,1,0.90658474,1,-550.0,410.0
kansas-state_vs_providence_20231117,2023-11-17,kansas-state,Providence,2024,1,1,0.5939173,1,105.0,-125.0
kansas-state_vs_miami (fl)_20231119,2023-11-19,kansas-state,Miami (FL),2024,0,1,0.60843575,0,138.0,-158.0
kansas-state_vs_central arkansas_20231122,2023-11-22,kansas-state,Central Arkansas,2024,1,1,0.9762314,1,-4668.0,1608.0
kansas-state_vs_oral roberts_20231128,2023-11-28,kansas-state,Oral Roberts,2024,1,1,0.9402538,1,-1200.0,750.0
kansas-state_vs_north alabama_20231202,2023-12-02,kansas-state,North Alabama,2024,1,1,0.96703035,1,-20000.0,3500.0
kansas-state_vs_villanova_20231205,2023-12-05,kansas-state,Villanova,2024,1,0,0.4867144,0,120.0,-140.0
kansas-state_vs_nebraska_20231217,2023-12-17,kansas-state,Nebraska,2024,0,1,0.62670475,0,-205.0,170.0
kansas-state_vs_wichita state_20231221,2023-12-21,kansas-state,Wichita State,2024,1,1,0.73887134,1,-240.0,200.0
kansas-state_vs_chicago state_20240102,2024-01-02,kansas-state,Chicago State,2024,1,1,0.97283125,1,-6000.0,1500.0
kansas-state_vs_ucf_20240106,2024-01-06,kansas-state,UCF,2024,1,1,0.58792996,1,-215.0,185.0
kansas-state_vs_baylor_20240116,2024-01-16,kansas-state,Baylor,2024,1,0,0.49678752,0,-116.0,-101.0
kansas-state_vs_oklahoma state_20240120,2024-01-20,kansas-state,Oklahoma State,2024,1,1,0.8224462,1,-455.0,350.0
kansas-state_vs_oklahoma_20240130,2024-01-30,kansas-state,Oklahoma,2024,0,1,0.55848,0,-155.0,132.0
kansas-state_vs_kansas_20240205,2024-02-05,kansas-state,Kansas,2024,1,0,0.35399026,0,168.0,-193.0
kansas-state_vs_tcu_20240217,2024-02-17,kansas-state,TCU,2024,0,0,0.48240328,1,-117.0,-103.0
kansas-state_vs_brigham young_20240224,2024-02-24,kansas-state,Brigham Young,2024,1,0,0.40942967,0,-133.0,114.0
kansas-state_vs_west virginia_20240226,2024-02-26,kansas-state,West Virginia,2024,1,1,0.83271676,1,-500.0,380.0
kansas-state_vs_iowa state_20240309,2024-03-09,kansas-state,Iowa State,2024,1,0,0.3049219,0,145.0,-175.0
kansas-state_vs_texas_20240313,2024-03-13,kansas-state,Texas,2024,1,0,0.2997463,0,212.0,-259.0
kennesaw-state_vs_northeastern_20231120,2023-11-20,kennesaw-state,Northeastern,2024,1,1,0.5503189,1,108.0,-131.0
kennesaw-state_vs_georgia state_20231202,2023-12-02,kennesaw-state,Georgia State,2024,1,1,0.56409705,1,-125.0,105.0
kennesaw-state_vs_unc asheville_20231205,2023-12-05,kennesaw-state,UNC Asheville,2024,1,1,0.5038456,1,-135.0,
kennesaw-state_vs_queens (nc)_20240106,2024-01-06,kennesaw-state,Queens (NC),2024,1,1,0.7600679,1,-380.0,300.0
kennesaw-state_vs_stetson_20240110,2024-01-10,kennesaw-state,Stetson,2024,1,1,0.6725631,1,-192.0,155.0
kennesaw-state_vs_florida gulf coast_20240112,2024-01-12,kennesaw-state,Florida Gulf Coast,2024,1,1,0.7830836,1,-305.0,245.0
kennesaw-state_vs_north alabama_20240124,2024-01-24,kennesaw-state,North Alabama,2024,0,1,0.77298033,0,-300.0,230.0
kennesaw-state_vs_bellarmine_20240201,2024-02-01,kennesaw-state,Bellarmine,2024,0,1,0.7852391,0,-450.0,333.0
kennesaw-state_vs_eastern kentucky_20240203,2024-02-03,kennesaw-state,Eastern Kentucky,2024,0,1,0.52883667,0,,
kennesaw-state_vs_jacksonville_20240214,2024-02-14,kennesaw-state,Jacksonville,2024,1,1,0.74225736,1,-238.0,195.0
kennesaw-state_vs_north florida_20240216,2024-02-16,kennesaw-state,North Florida,2024,0,1,0.5548724,0,-175.0,145.0
kennesaw-state_vs_jacksonville_20240304,2024-03-04,kennesaw-state,Jacksonville,2024,0,1,0.7302552,0,-142.0,116.0
kent-state_vs_missouri state_20231119,2023-11-19,kent-state,Missouri State,2024,0,1,0.633431,0,-175.0,145.0
kent-state_vs_college of charleston_20231126,2023-11-26,kent-state,College of Charleston,2024,0,1,0.7261011,0,-300.0,250.0
kent-state_vs_cleveland state_20231209,2023-12-09,kent-state,Cleveland State,2024,1,1,0.82271194,1,-702.0,489.0
kent-state_vs_ball state_20240102,2024-01-02,kent-state,Ball State,2024,1,1,0.8909413,1,-641.0,455.0
kent-state_vs_toledo_20240109,2024-01-09,kent-state,Toledo,2024,0,1,0.7631116,0,-175.0,145.0
kent-state_vs_akron_20240119,2024-01-19,kent-state,Akron,2024,0,0,0.47180775,1,-120.0,100.0
kent-state_vs_ohio_20240126,2024-01-26,kent-state,Ohio,2024,0,1,0.6375626,0,-147.0,125.0
kent-state_vs_miami (oh)_20240130,2024-01-30,kent-state,Miami (OH),2024,0,1,0.7525343,0,-340.0,270.0
kent-state_vs_northern illinois_20240217,2024-02-17,kent-state,Northern Illinois,2024,1,1,0.7602726,1,-575.0,425.0
kent-state_vs_buffalo_20240227,2024-02-27,kent-state,Buffalo,2024,1,1,0.92138946,1,-1600.0,900.0
kent-state_vs_central michigan_20240302,2024-03-02,kent-state,Central Michigan,2024,1,1,0.7731262,1,-523.0,386.0
kent-state_vs_toledo_20240314,2024-03-14,kent-state,Toledo,2024,1,0,0.31343064,0,185.0,-215.0
kentucky_vs_texas a&mâcommerce_20231110,2023-11-10,kentucky,Texas A&MâCommerce,2024,1,1,0.9773393,1,-33333.0,5000.0
kentucky_vs_stonehill_20231117,2023-11-17,kentucky,Stonehill,2024,1,1,0.980459,1,-99995.0,12500.0
kentucky_vs_saint joseph's_20231120,2023-11-20,kentucky,Saint Joseph's,2024,1,1,0.919643,1,-1350.0,800.0
kentucky_vs_marshall_20231124,2023-11-24,kentucky,Marshall,2024,1,1,0.9422029,1,-2500.0,1100.0
kentucky_vs_miami (fl)_20231128,2023-11-28,kentucky,Miami (FL),2024,1,1,0.75258386,1,-260.0,220.0
kentucky_vs_unc wilmington_20231202,2023-12-02,kentucky,UNC Wilmington,2024,0,1,0.91737396,0,-1800.0,1000.0
kentucky_vs_pennsylvania_20231209,2023-12-09,kentucky,Pennsylvania,2024,1,1,0.95754695,1,-1081.0,683.0
kentucky_vs_north carolina_20231216,2023-12-16,kentucky,North Carolina,2024,1,0,0.44748226,0,-105.0,-111.0
kentucky_vs_illinois state_20231229,2023-12-29,kentucky,Illinois State,2024,1,1,0.97180927,1,-3043.0,1426.0
kentucky_vs_missouri_20240109,2024-01-09,kentucky,Missouri,2024,1,1,0.9265587,1,-850.0,575.0
kentucky_vs_mississippi state_20240117,2024-01-17,kentucky,Mississippi State,2024,1,1,0.6561722,1,-285.0,230.0
kentucky_vs_georgia_20240120,2024-01-20,kentucky,Georgia,2024,1,1,0.86810124,1,-1100.0,700.0
kentucky_vs_florida_20240131,2024-01-31,kentucky,Florida,2024,0,1,0.65791756,0,-330.0,275.0
kentucky_vs_tennessee_20240203,2024-02-03,kentucky,Tennessee,2024,0,0,0.48256296,1,-123.0,105.0
kentucky_vs_gonzaga_20240210,2024-02-10,kentucky,Gonzaga,2024,0,1,0.5718019,0,-218.0,180.0
kentucky_vs_alabama_20240224,2024-02-24,kentucky,Alabama,2024,1,1,0.56385446,1,-145.0,120.0
kentucky_vs_arkansas_20240302,2024-03-02,kentucky,Arkansas,2024,1,1,0.9118086,1,-1100.0,700.0
kentucky_vs_vanderbilt_20240306,2024-03-06,kentucky,Vanderbilt,2024,1,1,0.95945454,1,-2500.0,1150.0
kentucky_vs_texas a&m_20240315,2024-03-15,kentucky,Texas A&M,2024,0,1,0.668626,0,-250.0,210.0
kentucky_vs_oakland_20240321,2024-03-21,kentucky,Oakland,2024,0,1,0.8741742,0,-850.0,575.0
lafayette_vs_monmouth_20231125,2023-11-25,lafayette,Monmouth,2024,0,1,0.5580806,0,185.0,-225.0
lafayette_vs_drexel_20231129,2023-11-29,lafayette,Drexel,2024,0,0,0.19437957,1,235.0,-290.0
lafayette_vs_cornell_20231202,2023-12-02,lafayette,Cornell,2024,0,0,0.20506631,1,370.0,-485.0
lafayette_vs_la salle_20231209,2023-12-09,lafayette,La Salle,2024,0,0,0.3576433,1,160.0,-192.0
lafayette_vs_quinnipiac_20231221,2023-12-21,lafayette,Quinnipiac,2024,0,0,0.40973675,1,160.0,-192.0
lafayette_vs_army_20240103,2024-01-03,lafayette,Army,2024,1,0,0.44354573,0,-160.0,130.0
lafayette_vs_navy_20240113,2024-01-13,lafayette,Navy,2024,1,0,0.45427877,0,-125.0,105.0
lafayette_vs_bucknell_20240120,2024-01-20,lafayette,Bucknell,2024,1,1,0.5462915,1,-175.0,145.0
lafayette_vs_boston university_20240127,2024-01-27,lafayette,Boston University,2024,0,1,0.6182491,0,-300.0,240.0
lafayette_vs_american_20240131,2024-01-31,lafayette,American,2024,0,0,0.46790707,1,-102.0,-119.0
lafayette_vs_holy cross_20240207,2024-02-07,lafayette,Holy Cross,2024,1,1,0.79569376,1,-375.0,290.0
lafayette_vs_loyola (md)_20240214,2024-02-14,lafayette,Loyola (MD),2024,0,1,0.7187907,0,-522.0,362.0
lafayette_vs_colgate_20240219,2024-02-19,lafayette,Colgate,2024,0,0,0.321574,1,331.0,-466.0
lafayette_vs_lehigh_20240224,2024-02-24,lafayette,Lehigh,2024,0,1,0.5060126,0,145.0,-175.0
lafayette_vs_lehigh_20240307,2024-03-07,lafayette,Lehigh,2024,0,0,0.46516484,1,120.0,-145.0
lamar_vs_utsa_20231114,2023-11-14,lamar,UTSA,2024,1,1,0.5390895,1,,
lamar_vs_louisianaâmonroe_20231214,2023-12-14,lamar,LouisianaâMonroe,2024,1,0,0.48776057,0,100.0,-120.0
lamar_vs_southern mississippi_20231218,2023-12-18,lamar,Southern Mississippi,2024,0,0,0.3939757,1,140.0,-160.0
lamar_vs_northwestern state_20240106,2024-01-06,lamar,Northwestern State,2024,1,1,0.84660393,1,-575.0,425.0
lamar_vs_incarnate word_20240108,2024-01-08,lamar,Incarnate Word,2024,1,1,0.6915366,1,-300.0,250.0
lamar_vs_texas a&mâcommerce_20240122,2024-01-22,lamar,Texas A&MâCommerce,2024,1,1,0.70961916,1,-238.0,195.0
lamar_vs_southeastern louisiana_20240127,2024-01-27,lamar,Southeastern Louisiana,2024,1,1,0.7390697,1,-210.0,170.0
lamar_vs_new orleans_20240129,2024-01-29,lamar,New Orleans,2024,1,1,0.78828335,1,-487.0,342.0
lamar_vs_texas a&mâcorpus christi_20240224,2024-02-24,lamar,Texas A&MâCorpus Christi,2024,0,1,0.515913,0,-140.0,115.0
lamar_vs_mcneese state_20240226,2024-02-26,lamar,McNeese State,2024,0,0,0.20783632,1,351.0,-503.0
lamar_vs_new orleans_20240311,2024-03-11,lamar,New Orleans,2024,1,1,0.7313778,1,-701.0,455.0
la-salle_vs_northeastern_20231111,2023-11-11,la-salle,Northeastern,2024,1,1,0.6244001,1,-197.0,172.0
la-salle_vs_bucknell_20231114,2023-11-14,la-salle,Bucknell,2024,1,1,0.89137,1,-650.0,450.0
la-salle_vs_southern indiana_20231118,2023-11-18,la-salle,Southern Indiana,2024,1,1,0.9491071,1,-1119.0,701.0
la-salle_vs_coppin state_20231126,2023-11-26,la-salle,Coppin State,2024,1,1,0.9548403,1,-20000.0,3500.0
la-salle_vs_pennsylvania_20231202,2023-12-02,la-salle,Pennsylvania,2024,1,1,0.5367515,1,105.0,-125.0
la-salle_vs_loyola (md)_20231206,2023-12-06,la-salle,Loyola (MD),2024,1,1,0.8149951,1,-575.0,425.0
la-salle_vs_howard_20231230,2023-12-30,la-salle,Howard,2024,0,1,0.7038282,0,-340.0,255.0
la-salle_vs_george mason_20240103,2024-01-03,la-salle,George Mason,2024,0,0,0.2784259,1,150.0,-170.0
la-salle_vs_vcu_20240113,2024-01-13,la-salle,VCU,2024,0,0,0.2925527,1,195.0,-238.0
la-salle_vs_dayton_20240123,2024-01-23,la-salle,Dayton,2024,0,0,0.13129866,1,320.0,-400.0
la-salle_vs_saint joseph's_20240203,2024-02-03,la-salle,Saint Joseph's,2024,0,0,0.32682422,1,172.0,-206.0
la-salle_vs_saint louis_20240207,2024-02-07,la-salle,Saint Louis,2024,0,1,0.6699377,0,-175.0,155.0
la-salle_vs_massachusetts_20240217,2024-02-17,la-salle,Massachusetts,2024,1,0,0.27440193,0,240.0,-285.0
la-salle_vs_st. bonaventure_20240221,2024-02-21,la-salle,St. Bonaventure,2024,1,0,0.25875452,0,206.0,-251.0
la-salle_vs_rhode island_20240225,2024-02-25,la-salle,Rhode Island,2024,1,0,0.49870998,0,-184.0,154.0
la-salle_vs_george washington_20240302,2024-03-02,la-salle,George Washington,2024,1,1,0.7275878,1,-247.0,202.0
la-salle_vs_st. bonaventure_20240313,2024-03-13,la-salle,St. Bonaventure,2024,0,0,0.24209704,1,310.0,-400.0
lehigh_vs_saint francis (pa)_20231129,2023-11-29,lehigh,Saint Francis (PA),2024,0,1,0.92949,0,-2100.0,1100.0
lehigh_vs_bucknell_20240110,2024-01-10,lehigh,Bucknell,2024,0,1,0.7132644,0,-265.0,215.0
lehigh_vs_holy cross_20240113,2024-01-13,lehigh,Holy Cross,2024,0,1,0.8192429,0,-531.0,367.0
lehigh_vs_american_20240120,2024-01-20,lehigh,American,2024,1,0,0.43436617,0,105.0,-125.0
lehigh_vs_navy_20240131,2024-01-31,lehigh,Navy,2024,1,1,0.63021386,1,-211.0,169.0
lehigh_vs_army_20240207,2024-02-07,lehigh,Army,2024,0,1,0.6226467,0,-305.0,245.0
lehigh_vs_lafayette_20240210,2024-02-10,lehigh,Lafayette,2024,1,0,0.4924322,0,-183.0,148.0
lehigh_vs_loyola (md)_20240217,2024-02-17,lehigh,Loyola (MD),2024,1,1,0.66758686,1,-535.0,400.0
lehigh_vs_boston university_20240228,2024-02-28,lehigh,Boston University,2024,0,1,0.6514498,0,-285.0,230.0
lehigh_vs_colgate_20240302,2024-03-02,lehigh,Colgate,2024,0,0,0.36016297,1,140.0,-165.0
le-moyne_vs_dartmouth_20231216,2023-12-16,le-moyne,Dartmouth,2024,1,0,0.24824956,0,102.0,-122.0
le-moyne_vs_merrimack_20240113,2024-01-13,le-moyne,Merrimack,2024,0,0,0.29619214,1,141.0,-174.0
le-moyne_vs_sacred heart_20240115,2024-01-15,le-moyne,Sacred Heart,2024,0,0,0.4644066,1,105.0,-125.0
le-moyne_vs_saint francis (pa)_20240121,2024-01-21,le-moyne,Saint Francis (PA),2024,1,1,0.72402644,1,-244.0,192.0
le-moyne_vs_liu_20240127,2024-01-27,le-moyne,LIU,2024,1,1,0.7879622,1,-375.0,290.0
le-moyne_vs_central connecticut state_20240215,2024-02-15,le-moyne,Central Connecticut State,2024,1,0,0.46800914,0,122.0,-149.0
le-moyne_vs_stonehill_20240217,2024-02-17,le-moyne,Stonehill,2024,1,1,0.7918296,1,-509.0,355.0
le-moyne_vs_wagner_20240229,2024-02-29,le-moyne,Wagner,2024,1,0,0.49183893,0,-122.0,102.0
liberty_vs_wichita state_20231117,2023-11-17,liberty,Wichita State,2024,1,1,0.524465,1,-196.0,164.0
liberty_vs_vermont_20231119,2023-11-19,liberty,Vermont,2024,1,1,0.5560662,1,-225.0,185.0
liberty_vs_maryland eastern shore_20231125,2023-11-25,liberty,Maryland Eastern Shore,2024,1,1,0.97889006,1,-3200.0,1300.0
liberty_vs_mississippi valley state_20231205,2023-12-05,liberty,Mississippi Valley State,2024,1,1,0.9826298,1,-33333.0,6000.0
liberty_vs_grand canyon_20231209,2023-12-09,liberty,Grand Canyon,2024,0,1,0.6001457,0,-218.0,180.0
liberty_vs_tennessee state_20231213,2023-12-13,liberty,Tennessee State,2024,1,1,0.92501503,1,-1300.0,790.0
liberty_vs_jacksonville state_20240110,2024-01-10,liberty,Jacksonville State,2024,0,1,0.80175227,0,-674.0,473.0
liberty_vs_florida international_20240118,2024-01-18,liberty,Florida International,2024,1,1,0.8871995,1,-1100.0,700.0
liberty_vs_sam houston state_20240120,2024-01-20,liberty,Sam Houston State,2024,1,1,0.79713917,1,-538.0,395.0
liberty_vs_middle tennessee_20240208,2024-02-08,liberty,Middle Tennessee,2024,1,1,0.7993008,1,-700.0,500.0
liberty_vs_louisiana tech_20240210,2024-02-10,liberty,Louisiana Tech,2024,1,0,0.49394566,0,-154.0,134.0
liberty_vs_new mexico state_20240229,2024-02-29,liberty,New Mexico State,2024,1,1,0.8559423,1,-1250.0,775.0
liberty_vs_utep_20240302,2024-03-02,liberty,UTEP,2024,0,1,0.78196794,0,-460.0,370.0
liberty_vs_western kentucky_20240309,2024-03-09,liberty,Western Kentucky,2024,1,1,0.6099391,1,-275.0,225.0
liberty_vs_utep_20240314,2024-03-14,liberty,UTEP,2024,0,1,0.61069065,0,-163.0,138.0
lindenwood_vs_omaha_20231117,2023-11-17,lindenwood,Omaha,2024,1,0,0.34186834,0,395.0,-500.0
lindenwood_vs_william & mary_20231119,2023-11-19,lindenwood,William & Mary,2024,1,0,0.27902576,0,320.0,-400.0
lindenwood_vs_utah tech_20231127,2023-11-27,lindenwood,Utah Tech,2024,0,0,0.47703886,1,142.0,-162.0
lindenwood_vs_kansas city_20231209,2023-12-09,lindenwood,Kansas City,2024,0,0,0.381674,1,225.0,-265.0
lindenwood_vs_southern indiana_20231231,2023-12-31,lindenwood,Southern Indiana,2024,0,1,0.61626667,0,-140.0,115.0
lindenwood_vs_siu edwardsville_20240118,2024-01-18,lindenwood,SIU Edwardsville,2024,0,0,0.3313937,1,170.0,-195.0
lindenwood_vs_eastern illinois_20240120,2024-01-20,lindenwood,Eastern Illinois,2024,0,0,0.4072357,1,114.0,-135.0
lindenwood_vs_southeast missouri state_20240130,2024-01-30,lindenwood,Southeast Missouri State,2024,1,1,0.60282,1,-145.0,125.0
lindenwood_vs_western illinois_20240201,2024-02-01,lindenwood,Western Illinois,2024,0,0,0.21088816,1,164.0,-195.0
lindenwood_vs_tennessee state_20240208,2024-02-08,lindenwood,Tennessee State,2024,0,0,0.30484587,1,155.0,-175.0
lindenwood_vs_ut martin_20240222,2024-02-22,lindenwood,UT Martin,2024,0,0,0.19670548,1,332.0,-437.0
lindenwood_vs_little rock_20240224,2024-02-24,lindenwood,Little Rock,2024,0,0,0.16535033,1,504.0,-730.0
lipscomb_vs_drake_20231108,2023-11-08,lipscomb,Drake,2024,0,0,0.34465435,1,900.0,-1600.0
lipscomb_vs_alabama a&m_20231118,2023-11-18,lipscomb,Alabama A&M,2024,1,1,0.9346125,1,-1000.0,625.0
lipscomb_vs_unc asheville_20231124,2023-11-24,lipscomb,UNC Asheville,2024,1,1,0.53928095,1,136.0,-162.0
lipscomb_vs_wofford_20231126,2023-11-26,lipscomb,Wofford,2024,1,1,0.8015314,1,-230.0,190.0
lipscomb_vs_chattanooga_20231129,2023-11-29,lipscomb,Chattanooga,2024,1,1,0.65694815,1,-175.0,145.0
lipscomb_vs_tennessee state_20231210,2023-12-10,lipscomb,Tennessee State,2024,1,1,0.68560815,1,-218.0,180.0
lipscomb_vs_austin peay_20240113,2024-01-13,lipscomb,Austin Peay,2024,1,1,0.6776891,1,-325.0,245.0
lipscomb_vs_central arkansas_20240118,2024-01-18,lipscomb,Central Arkansas,2024,0,1,0.9236827,0,-1350.0,800.0
lipscomb_vs_north alabama_20240120,2024-01-20,lipscomb,North Alabama,2024,1,1,0.76205206,1,-285.0,230.0
lipscomb_vs_jacksonville_20240203,2024-02-03,lipscomb,Jacksonville,2024,1,1,0.77000326,1,-761.0,483.0
lipscomb_vs_queens (nc)_20240208,2024-02-08,lipscomb,Queens (NC),2024,1,1,0.7564943,1,-360.0,285.0
lipscomb_vs_kennesaw state_20240210,2024-02-10,lipscomb,Kennesaw State,2024,1,1,0.72286355,1,-270.0,220.0
lipscomb_vs_bellarmine_20240228,2024-02-28,lipscomb,Bellarmine,2024,1,1,0.7650867,1,-611.0,409.0
lipscomb_vs_eastern kentucky_20240301,2024-03-01,lipscomb,Eastern Kentucky,2024,1,0,0.44343635,0,-170.0,142.0
lipscomb_vs_north alabama_20240305,2024-03-05,lipscomb,North Alabama,2024,0,1,0.72096556,0,-309.0,235.0
long-beach-state_vs_louisiana_20231122,2023-11-22,long-beach-state,Louisiana,2024,0,1,0.61280674,0,-220.0,190.0
long-beach-state_vs_sacramento state_20231202,2023-12-02,long-beach-state,Sacramento State,2024,1,1,0.8788561,1,-750.0,525.0
long-beach-state_vs_cal state northridge_20231230,2023-12-30,long-beach-state,Cal State Northridge,2024,0,1,0.7548344,0,-380.0,290.0
long-beach-state_vs_uc riverside_20240106,2024-01-06,long-beach-state,UC Riverside,2024,1,1,0.7648688,1,-325.0,270.0
long-beach-state_vs_hawaii_20240118,2024-01-18,long-beach-state,Hawaii,2024,1,1,0.52698493,1,-151.0,131.0
long-beach-state_vs_uc irvine_20240125,2024-01-25,long-beach-state,UC Irvine,2024,0,0,0.31986272,1,123.0,-145.0
long-beach-state_vs_cal poly_20240210,2024-02-10,long-beach-state,Cal Poly,2024,1,1,0.8649002,1,-1231.0,753.0
long-beach-state_vs_cal state bakersfield_20240222,2024-02-22,long-beach-state,Cal State Bakersfield,2024,1,1,0.76181483,1,-600.0,440.0
long-beach-state_vs_cal state fullerton_20240229,2024-02-29,long-beach-state,Cal State Fullerton,2024,0,1,0.7514758,0,-400.0,320.0
long-beach-state_vs_uc santa barbara_20240307,2024-03-07,long-beach-state,UC Santa Barbara,2024,0,1,0.6805811,0,-198.0,165.0
long-beach-state_vs_uc davis_20240309,2024-03-09,long-beach-state,UC Davis,2024,0,1,0.5213851,0,-155.0,125.0
long-island-university_vs_texas a&mâcorpus christi_20231124,2023-11-24,long-island-university,Texas A&MâCorpus Christi,2024,1,0,0.27049607,0,425.0,-600.0
long-island-university_vs_albany (ny)_20231228,2023-12-28,long-island-university,Albany (NY),2024,0,0,0.21468872,1,410.0,-612.0
long-island-university_vs_wagner_20240104,2024-01-04,long-island-university,Wagner,2024,1,0,0.3345421,0,225.0,-278.0
long-island-university_vs_central connecticut state_20240121,2024-01-21,long-island-university,Central Connecticut State,2024,0,0,0.22433944,1,310.0,-395.0
long-island-university_vs_stonehill_20240125,2024-01-25,long-island-university,Stonehill,2024,1,1,0.5892534,1,-140.0,115.0
long-island-university_vs_saint francis (pa)_20240203,2024-02-03,long-island-university,Saint Francis (PA),2024,1,1,0.57236356,1,-119.0,-102.0
long-island-university_vs_merrimack_20240208,2024-02-08,long-island-university,Merrimack,2024,0,0,0.16221744,1,475.0,-700.0
long-island-university_vs_sacred heart_20240210,2024-02-10,long-island-university,Sacred Heart,2024,1,0,0.3998034,0,232.0,-304.0
long-island-university_vs_le moyne_20240222,2024-02-22,long-island-university,Le Moyne,2024,1,0,0.4087975,0,140.0,-166.0
longwood_vs_north carolina central_20231118,2023-11-18,longwood,North Carolina Central,2024,1,1,0.8195805,1,-650.0,450.0
longwood_vs_delaware state_20231124,2023-11-24,longwood,Delaware State,2024,1,1,0.9240317,1,-1350.0,800.0
longwood_vs_lamar_20231125,2023-11-25,longwood,Lamar,2024,1,1,0.7618497,1,-440.0,340.0
longwood_vs_bethune-cookman_20231126,2023-11-26,longwood,Bethune-Cookman,2024,1,1,0.8595629,1,-1350.0,800.0
longwood_vs_vmi_20231217,2023-12-17,longwood,VMI,2024,1,1,0.9539595,1,-2241.0,1025.0
longwood_vs_charleston southern_20240106,2024-01-06,longwood,Charleston Southern,2024,1,1,0.90502757,1,-950.0,625.0
longwood_vs_radford_20240111,2024-01-11,longwood,Radford,2024,0,1,0.75978,0,-254.0,199.0
longwood_vs_presbyterian_20240120,2024-01-20,longwood,Presbyterian,2024,1,1,0.8472133,1,-796.0,500.0
longwood_vs_gardner-webb_20240124,2024-01-24,longwood,Gardner-Webb,2024,0,1,0.7194158,0,-200.0,165.0
longwood_vs_usc upstate_20240207,2024-02-07,longwood,USC Upstate,2024,0,1,0.7581434,0,-325.0,260.0
longwood_vs_winthrop_20240210,2024-02-10,longwood,Winthrop,2024,1,0,0.44510192,0,-125.0,105.0
longwood_vs_unc asheville_20240221,2024-02-21,longwood,UNC Asheville,2024,1,0,0.48889983,0,-122.0,102.0
longwood_vs_high point_20240302,2024-03-02,longwood,High Point,2024,1,0,0.2967162,0,113.0,-138.0
longwood_vs_winthrop_20240308,2024-03-08,longwood,Winthrop,2024,1,0,0.37914303,0,-118.0,-102.0
longwood_vs_unc asheville_20240310,2024-03-10,longwood,UNC Asheville,2024,1,0,0.40581405,0,150.0,-185.0
louisiana-lafayette_vs_wright state_20231120,2023-11-20,louisiana-lafayette,Wright State,2024,0,0,0.40848187,1,-104.0,-112.0
louisiana-lafayette_vs_eastern kentucky_20231213,2023-12-13,louisiana-lafayette,Eastern Kentucky,2024,1,0,0.49524698,0,-139.0,114.0
louisiana-lafayette_vs_james madison_20240104,2024-01-04,louisiana-lafayette,James Madison,2024,0,0,0.2785516,1,227.0,-280.0
louisiana-lafayette_vs_coastal carolina_20240106,2024-01-06,louisiana-lafayette,Coastal Carolina,2024,1,1,0.78834075,1,-575.0,416.0
louisiana-lafayette_vs_arkansas state_20240126,2024-01-26,louisiana-lafayette,Arkansas State,2024,1,1,0.7017874,1,-205.0,175.0
louisiana-lafayette_vs_texas state_20240128,2024-01-28,louisiana-lafayette,Texas State,2024,1,1,0.8019986,1,-395.0,310.0
louisiana-lafayette_vs_louisianaâmonroe_20240131,2024-01-31,louisiana-lafayette,LouisianaâMonroe,2024,1,1,0.8895646,1,-859.0,573.0
louisiana-lafayette_vs_south alabama_20240203,2024-02-03,louisiana-lafayette,South Alabama,2024,1,1,0.8396815,1,-350.0,280.0
louisiana-lafayette_vs_georgia state_20240207,2024-02-07,louisiana-lafayette,Georgia State,2024,0,1,0.83932644,0,-405.0,325.0
louisiana-lafayette_vs_bowling green_20240211,2024-02-11,louisiana-lafayette,Bowling Green,2024,1,1,0.8270615,1,-325.0,270.0
louisiana-lafayette_vs_troy_20240228,2024-02-28,louisiana-lafayette,Troy,2024,0,1,0.6015259,0,-155.0,132.0
louisiana-lafayette_vs_southern mississippi_20240301,2024-03-01,louisiana-lafayette,Southern Mississippi,2024,1,1,0.7808567,1,-380.0,310.0
louisiana-monroe_vs_louisiana tech_20231116,2023-11-16,louisiana-monroe,Louisiana Tech,2024,0,0,0.22974773,1,370.0,-485.0
louisiana-monroe_vs_northwestern state_20231128,2023-11-28,louisiana-monroe,Northwestern State,2024,1,1,0.8175729,1,-310.0,250.0
louisiana-monroe_vs_marshall_20240103,2024-01-03,louisiana-monroe,Marshall,2024,0,0,0.36759746,1,200.0,-250.0
louisiana-monroe_vs_georgia southern_20240106,2024-01-06,louisiana-monroe,Georgia Southern,2024,0,1,0.7089099,0,-160.0,140.0
louisiana-monroe_vs_southern mississippi_20240111,2024-01-11,louisiana-monroe,Southern Mississippi,2024,0,0,0.4896615,1,170.0,-205.0
louisiana-monroe_vs_texas state_20240113,2024-01-13,louisiana-monroe,Texas State,2024,0,0,0.38972348,1,140.0,-166.0
louisiana-monroe_vs_south alabama_20240125,2024-01-25,louisiana-monroe,South Alabama,2024,1,0,0.42200497,0,142.0,-170.0
louisiana-monroe_vs_arkansas state_20240128,2024-01-28,louisiana-monroe,Arkansas State,2024,1,0,0.3078595,0,195.0,-238.0
louisiana-monroe_vs_coastal carolina_20240207,2024-02-07,louisiana-monroe,Coastal Carolina,2024,1,1,0.6944291,1,-205.0,170.0
louisiana-monroe_vs_eastern michigan_20240210,2024-02-10,louisiana-monroe,Eastern Michigan,2024,1,1,0.631146,1,-300.0,250.0
louisiana-monroe_vs_louisiana_20240222,2024-02-22,louisiana-monroe,Louisiana,2024,1,0,0.21518901,0,230.0,-275.0
louisiana-monroe_vs_troy_20240224,2024-02-24,louisiana-monroe,Troy,2024,0,0,0.29680043,1,246.0,-308.0
louisiana-state_vs_north texas_20231117,2023-11-17,louisiana-state,North Texas,2024,1,1,0.5685984,1,-142.0,120.0
louisiana-state_vs_wake forest_20231119,2023-11-19,louisiana-state,Wake Forest,2024,1,1,0.5339654,1,,
louisiana-state_vs_north florida_20231124,2023-11-24,louisiana-state,North Florida,2024,1,1,0.9598661,1,-50000.0,4000.0
louisiana-state_vs_southeastern louisiana_20231201,2023-12-01,louisiana-state,Southeastern Louisiana,2024,1,1,0.93097854,1,-1650.0,950.0
louisiana-state_vs_kansas state_20231209,2023-12-09,louisiana-state,Kansas State,2024,0,0,0.48106712,1,-155.0,130.0
louisiana-state_vs_alabama state_20231213,2023-12-13,louisiana-state,Alabama State,2024,1,1,0.9282232,1,-3000.0,1200.0
louisiana-state_vs_texas_20231216,2023-12-16,louisiana-state,Texas,2024,0,0,0.25681767,1,245.0,-305.0
louisiana-state_vs_lamar_20231221,2023-12-21,louisiana-state,Lamar,2024,1,1,0.8650443,1,-1600.0,900.0
louisiana-state_vs_northwestern state_20231229,2023-12-29,louisiana-state,Northwestern State,2024,1,1,0.9643194,1,-4481.0,1570.0
louisiana-state_vs_vanderbilt_20240109,2024-01-09,louisiana-state,Vanderbilt,2024,1,1,0.84683186,1,-430.0,350.0
louisiana-state_vs_texas a&m_20240120,2024-01-20,louisiana-state,Texas A&M,2024,0,0,0.3944996,1,125.0,-150.0
louisiana-state_vs_arkansas_20240203,2024-02-03,louisiana-state,Arkansas,2024,1,1,0.7294061,1,-209.0,179.0
louisiana-state_vs_alabama_20240210,2024-02-10,louisiana-state,Alabama,2024,0,0,0.32397345,1,310.0,-400.0
louisiana-state_vs_kentucky_20240221,2024-02-21,louisiana-state,Kentucky,2024,1,0,0.379604,0,210.0,-250.0
louisiana-state_vs_mississippi state_20240224,2024-02-24,louisiana-state,Mississippi State,2024,0,0,0.45755297,1,160.0,-192.0
louisiana-state_vs_georgia_20240227,2024-02-27,louisiana-state,Georgia,2024,1,1,0.6011197,1,-241.0,198.0
louisiana-state_vs_missouri_20240309,2024-03-09,louisiana-state,Missouri,2024,1,1,0.7368693,1,-310.0,250.0
louisiana-state_vs_mississippi state_20240314,2024-03-14,louisiana-state,Mississippi State,2024,0,0,0.2875907,1,180.0,-218.0
louisiana-state_vs_north texas_20240319,2024-03-19,louisiana-state,North Texas,2024,0,1,0.5603537,0,-138.0,122.0
louisiana-tech_vs_southern utah_20231121,2023-11-21,louisiana-tech,Southern Utah,2024,1,1,0.83513516,1,-957.0,623.0
louisiana-tech_vs_mcneese state_20231122,2023-11-22,louisiana-tech,McNeese State,2024,1,1,0.79690737,1,-300.0,230.0
louisiana-tech_vs_louisiana_20231209,2023-12-09,louisiana-tech,Louisiana,2024,1,1,0.7709045,1,-316.0,252.0
louisiana-tech_vs_southeastern louisiana_20231212,2023-12-12,louisiana-tech,Southeastern Louisiana,2024,1,1,0.91236126,1,-1160.0,657.0
louisiana-tech_vs_liberty_20240114,2024-01-14,louisiana-tech,Liberty,2024,1,1,0.6974353,1,-145.0,120.0
louisiana-tech_vs_utep_20240125,2024-01-25,louisiana-tech,UTEP,2024,1,1,0.8473284,1,-588.0,424.0
louisiana-tech_vs_new mexico state_20240127,2024-01-27,louisiana-tech,New Mexico State,2024,1,1,0.90965015,1,-738.0,509.0
louisiana-tech_vs_western kentucky_20240207,2024-02-07,louisiana-tech,Western Kentucky,2024,0,1,0.8172918,0,-551.0,403.0
louisiana-tech_vs_jacksonville state_20240215,2024-02-15,louisiana-tech,Jacksonville State,2024,1,1,0.88285404,1,-600.0,460.0
louisiana-tech_vs_florida international_20240217,2024-02-17,louisiana-tech,Florida International,2024,1,1,0.9609818,1,-1100.0,700.0
louisiana-tech_vs_sam houston state_20240307,2024-03-07,louisiana-tech,Sam Houston State,2024,0,1,0.815677,0,-440.0,360.0
louisiana-tech_vs_middle tennessee_20240309,2024-03-09,louisiana-tech,Middle Tennessee,2024,1,1,0.916517,1,-1000.0,660.0
louisiana-tech_vs_middle tennessee_20240313,2024-03-13,louisiana-tech,Middle Tennessee,2024,0,1,0.9068539,0,-485.0,370.0
louisville_vs_coppin state_20231115,2023-11-15,louisville,Coppin State,2024,1,1,0.957791,1,-1938.0,932.0
louisville_vs_texas_20231119,2023-11-19,louisville,Texas,2024,0,0,0.1647032,1,1081.0,-2030.0
louisville_vs_new mexico state_20231126,2023-11-26,louisville,New Mexico State,2024,1,1,0.8067693,1,-375.0,280.0
louisville_vs_bellarmine_20231129,2023-11-29,louisville,Bellarmine,2024,1,1,0.7202306,1,-225.0,185.0
louisville_vs_arkansas state_20231213,2023-12-13,louisville,Arkansas State,2024,0,1,0.62664425,0,-178.0,158.0
louisville_vs_pepperdine_20231217,2023-12-17,louisville,Pepperdine,2024,1,1,0.60089344,1,-118.0,-102.0
louisville_vs_kentucky_20231221,2023-12-21,louisville,Kentucky,2024,0,0,0.15352939,1,700.0,-1100.0
louisville_vs_pittsburgh_20240106,2024-01-06,louisville,Pittsburgh,2024,0,0,0.19410314,1,325.0,-405.0
louisville_vs_nc state_20240113,2024-01-13,louisville,NC State,2024,0,0,0.30806687,1,260.0,-328.0
louisville_vs_duke_20240123,2024-01-23,louisville,Duke,2024,0,0,0.146324,1,745.0,-1214.0
louisville_vs_virginia_20240127,2024-01-27,louisville,Virginia,2024,0,0,0.2089864,1,320.0,-400.0
louisville_vs_florida state_20240203,2024-02-03,louisville,Florida State,2024,1,0,0.22500597,0,200.0,-240.0
louisville_vs_georgia tech_20240210,2024-02-10,louisville,Georgia Tech,2024,1,0,0.46291083,0,-118.0,-102.0
louisville_vs_notre dame_20240221,2024-02-21,louisville,Notre Dame,2024,0,0,0.40326628,1,-160.0,135.0
louisville_vs_syracuse_20240302,2024-03-02,louisville,Syracuse,2024,0,0,0.3130798,1,180.0,-217.0
louisville_vs_virginia tech_20240305,2024-03-05,louisville,Virginia Tech,2024,0,0,0.25459263,1,280.0,-350.0
louisville_vs_boston college_20240309,2024-03-09,louisville,Boston College,2024,0,0,0.3338205,1,154.0,-185.0
louisville_vs_nc state_20240312,2024-03-12,louisville,NC State,2024,0,0,0.24727988,1,400.0,-535.0
loyola-il_vs_eastern illinois_20231111,2023-11-11,loyola-il,Eastern Illinois,2024,1,1,0.9479028,1,-2100.0,1100.0
loyola-il_vs_illinoisâchicago_20231114,2023-11-14,loyola-il,IllinoisâChicago,2024,0,1,0.9070649,0,-625.0,455.0
loyola-il_vs_chicago state_20231128,2023-11-28,loyola-il,Chicago State,2024,1,1,0.9621245,1,-6500.0,2000.0
loyola-il_vs_harvard_20231202,2023-12-02,loyola-il,Harvard,2024,1,1,0.7252722,1,-258.0,210.0
loyola-il_vs_charleston southern_20231219,2023-12-19,loyola-il,Charleston Southern,2024,1,1,0.9355173,1,-2100.0,1100.0
loyola-il_vs_central michigan_20231230,2023-12-30,loyola-il,Central Michigan,2024,1,1,0.89622706,1,-1400.0,800.0
loyola-il_vs_duquesne_20240106,2024-01-06,loyola-il,Duquesne,2024,1,0,0.47260967,0,-105.0,-115.0
loyola-il_vs_richmond_20240109,2024-01-09,loyola-il,Richmond,2024,0,0,0.44040117,1,-145.0,125.0
loyola-il_vs_massachusetts_20240117,2024-01-17,loyola-il,Massachusetts,2024,1,0,0.44701126,0,-225.0,185.0
loyola-il_vs_saint louis_20240130,2024-01-30,loyola-il,Saint Louis,2024,1,1,0.85019904,1,-494.0,368.0
loyola-il_vs_davidson_20240204,2024-02-04,loyola-il,Davidson,2024,1,1,0.66636246,1,-225.0,195.0
loyola-il_vs_saint joseph's_20240214,2024-02-14,loyola-il,Saint Joseph's,2024,1,1,0.5749686,1,-170.0,142.0
loyola-il_vs_george mason_20240224,2024-02-24,loyola-il,George Mason,2024,1,1,0.5474201,1,-273.0,222.0
loyola-il_vs_dayton_20240301,2024-03-01,loyola-il,Dayton,2024,1,0,0.38606372,0,100.0,-120.0
loyola-il_vs_la salle_20240309,2024-03-09,loyola-il,La Salle,2024,1,1,0.8537628,1,-850.0,575.0
loyola-il_vs_st. bonaventure_20240314,2024-03-14,loyola-il,St. Bonaventure,2024,0,1,0.5521895,0,-176.0,148.0
loyola-marymount_vs_jackson state_20231114,2023-11-14,loyola-marymount,Jackson State,2024,1,1,0.77891076,1,-1669.0,844.0
loyola-marymount_vs_stephen f. austin_20231119,2023-11-19,loyola-marymount,Stephen F. Austin,2024,0,0,0.41836417,1,-134.0,114.0
loyola-marymount_vs_oakland_20231120,2023-11-20,loyola-marymount,Oakland,2024,0,1,0.59754753,0,-258.0,210.0
loyola-marymount_vs_utep_20231125,2023-11-25,loyola-marymount,UTEP,2024,1,1,0.5462776,1,-180.0,150.0
loyola-marymount_vs_central arkansas_20231129,2023-11-29,loyola-marymount,Central Arkansas,2024,1,1,0.9416606,1,-2800.0,1300.0
loyola-marymount_vs_detroit mercy_20231218,2023-12-18,loyola-marymount,Detroit Mercy,2024,1,1,0.9389308,1,-1674.0,942.0
loyola-marymount_vs_colorado state_20231222,2023-12-22,loyola-marymount,Colorado State,2024,0,0,0.27093548,1,180.0,-210.0
loyola-marymount_vs_tarleton state_20231229,2023-12-29,loyola-marymount,Tarleton State,2024,0,1,0.70706743,0,-336.0,265.0
loyola-marymount_vs_santa clara_20240104,2024-01-04,loyola-marymount,Santa Clara,2024,0,1,0.5076027,0,-129.0,
loyola-marymount_vs_pacific_20240113,2024-01-13,loyola-marymount,Pacific,2024,1,1,0.9499106,1,-1250.0,775.0
loyola-marymount_vs_portland_20240125,2024-01-25,loyola-marymount,Portland,2024,1,1,0.8460211,1,-601.0,432.0
loyola-marymount_vs_pepperdine_20240210,2024-02-10,loyola-marymount,Pepperdine,2024,0,1,0.73980826,0,-285.0,240.0
loyola-marymount_vs_gonzaga_20240215,2024-02-15,loyola-marymount,Gonzaga,2024,0,0,0.13480921,1,800.0,-1350.0
loyola-marymount_vs_san francisco_20240217,2024-02-17,loyola-marymount,San Francisco,2024,0,0,0.2524467,1,320.0,-400.0
loyola-marymount_vs_san diego_20240229,2024-02-29,loyola-marymount,San Diego,2024,1,1,0.6992708,1,-365.0,295.0
loyola-marymount_vs_portland_20240308,2024-03-08,loyola-marymount,Portland,2024,0,1,0.7006994,0,-360.0,285.0
loyola-md_vs_binghamton_20231115,2023-11-15,loyola-md,Binghamton,2024,0,1,0.5109167,0,-142.0,120.0
loyola-md_vs_sacred heart_20231118,2023-11-18,loyola-md,Sacred Heart,2024,0,0,0.42413026,1,130.0,-160.0
loyola-md_vs_delaware state_20231202,2023-12-02,loyola-md,Delaware State,2024,0,1,0.7052529,0,-218.0,180.0
loyola-md_vs_mount st. mary's_20231209,2023-12-09,loyola-md,Mount St. Mary's,2024,0,0,0.40204704,1,109.0,-132.0
loyola-md_vs_lehigh_20240106,2024-01-06,loyola-md,Lehigh,2024,0,0,0.3389822,1,120.0,-145.0
loyola-md_vs_boston university_20240113,2024-01-13,loyola-md,Boston University,2024,0,0,0.3515319,1,105.0,-130.0
loyola-md_vs_american_20240115,2024-01-15,loyola-md,American,2024,0,0,0.26566297,1,142.0,-170.0
loyola-md_vs_lafayette_20240124,2024-01-24,loyola-md,Lafayette,2024,0,0,0.36713645,1,119.0,-145.0
loyola-md_vs_holy cross_20240203,2024-02-03,loyola-md,Holy Cross,2024,0,1,0.60104203,0,-150.0,123.0
loyola-md_vs_colgate_20240210,2024-02-10,loyola-md,Colgate,2024,0,0,0.18056747,1,553.0,-911.0
loyola-md_vs_navy_20240221,2024-02-21,loyola-md,Navy,2024,0,1,0.59354407,0,-122.0,102.0
loyola-md_vs_bucknell_20240228,2024-02-28,loyola-md,Bucknell,2024,0,0,0.3982973,1,148.0,-184.0
loyola-md_vs_army_20240302,2024-03-02,loyola-md,Army,2024,1,0,0.4579849,0,100.0,-120.0
maine_vs_merrimack_20231112,2023-11-12,maine,Merrimack,2024,0,1,0.7109744,0,-463.0,329.0
maine_vs_northwestern state_20231116,2023-11-16,maine,Northwestern State,2024,1,1,0.855731,1,-285.0,230.0
maine_vs_presbyterian_20231117,2023-11-17,maine,Presbyterian,2024,1,1,0.5589722,1,-140.0,115.0
maine_vs_brown_20231203,2023-12-03,maine,Brown,2024,1,0,0.4921377,0,,
maine_vs_central connecticut state_20231209,2023-12-09,maine,Central Connecticut State,2024,1,1,0.7109404,1,-284.0,219.0
maine_vs_new hampshire_20240111,2024-01-11,maine,New Hampshire,2024,0,1,0.52231264,0,-150.0,125.0
maine_vs_albany (ny)_20240125,2024-01-25,maine,Albany (NY),2024,1,1,0.5877509,1,-147.0,121.0
maine_vs_binghamton_20240127,2024-01-27,maine,Binghamton,2024,0,1,0.7503478,0,-350.0,260.0
maine_vs_bryant_20240203,2024-02-03,maine,Bryant,2024,1,0,0.41323733,0,155.0,-190.0
maine_vs_vermont_20240217,2024-02-17,maine,Vermont,2024,0,0,0.3165248,1,240.0,-285.0
maine_vs_umbc_20240222,2024-02-22,maine,UMBC,2024,1,1,0.77449673,1,-236.0,186.0
maine_vs_njit_20240224,2024-02-24,maine,NJIT,2024,1,1,0.7167979,1,-314.0,239.0
maine_vs_umass lowell_20240305,2024-03-05,maine,UMass Lowell,2024,1,0,0.38024867,0,170.0,-205.0
manhattan_vs_mount st. mary's_20231201,2023-12-01,manhattan,Mount St. Mary's,2024,1,0,0.3180999,0,136.0,-162.0
manhattan_vs_wagner_20231230,2023-12-30,manhattan,Wagner,2024,0,1,0.52172,0,-150.0,125.0
manhattan_vs_niagara_20240105,2024-01-05,manhattan,Niagara,2024,0,1,0.5556332,0,124.0,-148.0
manhattan_vs_saint peter's_20240114,2024-01-14,manhattan,Saint Peter's,2024,0,0,0.23922691,1,226.0,-279.0
manhattan_vs_fairfield_20240121,2024-01-21,manhattan,Fairfield,2024,0,0,0.20265901,1,295.0,-365.0
manhattan_vs_quinnipiac_20240202,2024-02-02,manhattan,Quinnipiac,2024,0,0,0.2895114,1,227.0,-280.0
manhattan_vs_siena_20240210,2024-02-10,manhattan,Siena,2024,0,1,0.68537426,0,-205.0,175.0
manhattan_vs_rider_20240218,2024-02-18,manhattan,Rider,2024,0,0,0.40888652,1,150.0,-170.0
manhattan_vs_marist_20240223,2024-02-23,manhattan,Marist,2024,0,0,0.2870823,1,265.0,-335.0
manhattan_vs_iona_20240307,2024-03-07,manhattan,Iona,2024,1,0,0.27750677,0,330.0,-425.0
manhattan_vs_canisius_20240309,2024-03-09,manhattan,Canisius,2024,0,0,0.36591172,1,118.0,-139.0
marist_vs_bucknell_20231125,2023-11-25,marist,Bucknell,2024,1,1,0.7961242,1,-278.0,225.0
marist_vs_manhattan_20231203,2023-12-03,marist,Manhattan,2024,1,1,0.8068148,1,-350.0,260.0
marist_vs_maryland eastern shore_20231218,2023-12-18,marist,Maryland Eastern Shore,2024,1,1,0.9209801,1,-410.0,330.0
marist_vs_lehigh_20231230,2023-12-30,marist,Lehigh,2024,0,1,0.7730032,0,-280.0,225.0
marist_vs_quinnipiac_20240112,2024-01-12,marist,Quinnipiac,2024,0,1,0.5208553,0,-130.0,
marist_vs_rider_20240114,2024-01-14,marist,Rider,2024,1,1,0.71177566,1,-162.0,137.0
marist_vs_siena_20240121,2024-01-21,marist,Siena,2024,1,1,0.868089,1,-315.0,265.0
marist_vs_mount st. mary's_20240202,2024-02-02,marist,Mount St. Mary's,2024,0,1,0.5835779,0,-142.0,120.0
marist_vs_saint peter's_20240204,2024-02-04,marist,Saint Peter's,2024,1,0,0.42183474,0,-171.0,151.0
marist_vs_canisius_20240216,2024-02-16,marist,Canisius,2024,1,1,0.72054297,1,-245.0,205.0
marist_vs_fairfield_20240301,2024-03-01,marist,Fairfield,2024,1,1,0.52877486,1,116.0,-136.0
marist_vs_iona_20240303,2024-03-03,marist,Iona,2024,0,1,0.61372536,0,-201.0,168.0
marist_vs_niagara_20240309,2024-03-09,marist,Niagara,2024,1,1,0.7497712,1,-166.0,140.0
marist_vs_niagara_20240314,2024-03-14,marist,Niagara,2024,1,1,0.650532,1,-126.0,108.0
marquette_vs_ucla_20231120,2023-11-20,marquette,UCLA,2024,1,1,0.5405647,1,-270.0,230.0
marquette_vs_purdue_20231122,2023-11-22,marquette,Purdue,2024,0,0,0.34594285,1,131.0,-154.0
marquette_vs_southern_20231128,2023-11-28,marquette,Southern,2024,1,1,0.9814229,1,-50001.0,7000.0
marquette_vs_texas_20231206,2023-12-06,marquette,Texas,2024,1,1,0.6969887,1,-360.0,290.0
marquette_vs_notre dame_20231209,2023-12-09,marquette,Notre Dame,2024,1,1,0.9685162,1,-3000.0,1200.0
marquette_vs_st. thomas_20231214,2023-12-14,marquette,St. Thomas,2024,1,1,0.97634137,1,-5000.0,1550.0
marquette_vs_georgetown_20231222,2023-12-22,marquette,Georgetown,2024,1,1,0.9601832,1,-1571.0,900.0
marquette_vs_creighton_20231230,2023-12-30,marquette,Creighton,2024,1,1,0.6086422,1,-184.0,155.0
marquette_vs_butler_20240110,2024-01-10,marquette,Butler,2024,0,1,0.79064924,0,-750.0,525.0
marquette_vs_villanova_20240115,2024-01-15,marquette,Villanova,2024,1,1,0.7209765,1,-285.0,240.0
marquette_vs_seton hall_20240127,2024-01-27,marquette,Seton Hall,2024,1,1,0.7820349,1,-625.0,485.0
marquette_vs_st. john's (ny)_20240210,2024-02-10,marquette,St. John's (NY),2024,1,1,0.64971477,1,-325.0,260.0
marquette_vs_depaul_20240221,2024-02-21,marquette,DePaul,2024,1,1,0.97959846,1,-10000.0,1700.0
marquette_vs_xavier_20240225,2024-02-25,marquette,Xavier,2024,1,1,0.79907435,1,-700.0,490.0
marquette_vs_providence_20240228,2024-02-28,marquette,Providence,2024,1,1,0.8560184,1,-675.0,490.0
marquette_vs_connecticut_20240306,2024-03-06,marquette,Connecticut,2024,0,0,0.49482885,1,201.0,-245.0
marquette_vs_villanova_20240314,2024-03-14,marquette,Villanova,2024,1,1,0.7221778,1,-190.0,155.0
marquette_vs_providence_20240315,2024-03-15,marquette,Providence,2024,1,1,0.7741725,1,-196.0,171.0
marquette_vs_western kentucky_20240322,2024-03-22,marquette,Western Kentucky,2024,1,1,0.9159572,1,-1133.0,781.0
marquette_vs_nc state_20240329,2024-03-29,marquette,NC State,2024,0,1,0.6648727,0,-325.0,260.0
marshall_vs_radford_20231110,2023-11-10,marshall,Radford,2024,0,1,0.5424883,0,-175.0,142.0
marshall_vs_utah state_20231119,2023-11-19,marshall,Utah State,2024,0,0,0.33659503,1,172.0,-206.0
marshall_vs_oakland_20231121,2023-11-21,marshall,Oakland,2024,0,1,0.63798165,0,-155.0,135.0
marshall_vs_miami (oh)_20231202,2023-12-02,marshall,Miami (OH),2024,0,1,0.84660834,0,-650.0,500.0
marshall_vs_duquesne_20231206,2023-12-06,marshall,Duquesne,2024,0,0,0.30875054,1,180.0,-210.0
marshall_vs_unc greensboro_20231216,2023-12-16,marshall,UNC Greensboro,2024,1,0,0.3794965,0,,
marshall_vs_unc wilmington_20231221,2023-12-21,marshall,UNC Wilmington,2024,0,0,0.34723067,1,-125.0,105.0
marshall_vs_louisiana_20231230,2023-12-30,marshall,Louisiana,2024,1,0,0.40968615,0,-147.0,125.0
marshall_vs_georgia southern_20240110,2024-01-10,marshall,Georgia Southern,2024,1,1,0.8378791,1,-698.0,487.0
marshall_vs_south alabama_20240113,2024-01-13,marshall,South Alabama,2024,0,1,0.7230189,0,-225.0,195.0
marshall_vs_georgia state_20240124,2024-01-24,marshall,Georgia State,2024,1,1,0.58217967,1,-185.0,154.0
marshall_vs_southern mississippi_20240127,2024-01-27,marshall,Southern Mississippi,2024,1,1,0.64538854,1,-185.0,150.0
marshall_vs_old dominion_20240201,2024-02-01,marshall,Old Dominion,2024,0,1,0.73411155,0,-455.0,350.0
marshall_vs_coastal carolina_20240203,2024-02-03,marshall,Coastal Carolina,2024,1,1,0.8018239,1,-600.0,440.0
marshall_vs_james madison_20240221,2024-02-21,marshall,James Madison,2024,0,0,0.22473587,1,239.0,-297.0
marshall_vs_appalachian state_20240224,2024-02-24,marshall,Appalachian State,2024,0,0,0.34542274,1,204.0,-249.0
maryland_vs_umbc_20231121,2023-11-21,maryland,UMBC,2024,1,1,0.9632011,1,-2279.0,1036.0
maryland_vs_south alabama_20231125,2023-11-25,maryland,South Alabama,2024,1,1,0.9347912,1,-1600.0,850.0
maryland_vs_rider_20231128,2023-11-28,maryland,Rider,2024,1,1,0.9386254,1,-1810.0,1005.0
maryland_vs_penn state_20231206,2023-12-06,maryland,Penn State,2024,1,1,0.77099466,1,-350.0,275.0
maryland_vs_alcorn state_20231212,2023-12-12,maryland,Alcorn State,2024,1,1,0.94594723,1,-3558.0,1368.0
maryland_vs_coppin state_20231228,2023-12-28,maryland,Coppin State,2024,1,1,0.97576255,1,-50000.0,4000.0
maryland_vs_purdue_20240102,2024-01-02,maryland,Purdue,2024,0,0,0.18401049,1,240.0,-285.0
maryland_vs_michigan_20240111,2024-01-11,maryland,Michigan,2024,1,1,0.5038062,1,-278.0,225.0
maryland_vs_michigan state_20240121,2024-01-21,maryland,Michigan State,2024,0,0,0.36003062,1,-111.0,-105.0
maryland_vs_nebraska_20240127,2024-01-27,maryland,Nebraska,2024,1,0,0.48591504,0,-218.0,180.0
maryland_vs_rutgers_20240206,2024-02-06,maryland,Rutgers,2024,0,1,0.7195716,0,-353.0,277.0
maryland_vs_iowa_20240214,2024-02-14,maryland,Iowa,2024,1,1,0.6207604,1,-225.0,185.0
maryland_vs_illinois_20240217,2024-02-17,maryland,Illinois,2024,0,0,0.37075275,1,125.0,-145.0
maryland_vs_northwestern_20240228,2024-02-28,maryland,Northwestern,2024,0,1,0.64544195,0,-246.0,202.0
maryland_vs_indiana_20240303,2024-03-03,maryland,Indiana,2024,0,1,0.76695275,0,-440.0,340.0
maryland_vs_rutgers_20240313,2024-03-13,maryland,Rutgers,2024,1,1,0.6402265,1,-215.0,179.0
maryland_vs_wisconsin_20240314,2024-03-14,maryland,Wisconsin,2024,0,0,0.3782625,1,164.0,-184.0
maryland-baltimore-county_vs_marist_20231111,2023-11-11,maryland-baltimore-county,Marist,2024,0,0,0.40256134,1,-145.0,120.0
maryland-baltimore-county_vs_sacred heart_20231117,2023-11-17,maryland-baltimore-county,Sacred Heart,2024,1,0,0.37395567,0,122.0,-149.0
maryland-baltimore-county_vs_loyola (md)_20231119,2023-11-19,maryland-baltimore-county,Loyola (MD),2024,1,0,0.49815664,0,-165.0,140.0
maryland-baltimore-county_vs_lehigh_20231202,2023-12-02,maryland-baltimore-county,Lehigh,2024,1,0,0.34429747,0,105.0,-125.0
maryland-baltimore-county_vs_towson_20231209,2023-12-09,maryland-baltimore-county,Towson,2024,0,0,0.22733617,1,230.0,-300.0
maryland-baltimore-county_vs_american_20231229,2023-12-29,maryland-baltimore-county,American,2024,0,0,0.37298,1,100.0,-120.0
maryland-baltimore-county_vs_bryant_20240106,2024-01-06,maryland-baltimore-county,Bryant,2024,0,0,0.25779092,1,220.0,-275.0
maryland-baltimore-county_vs_maine_20240118,2024-01-18,maryland-baltimore-county,Maine,2024,1,0,0.29360518,0,135.0,-165.0
maryland-baltimore-county_vs_new hampshire_20240120,2024-01-20,maryland-baltimore-county,New Hampshire,2024,0,0,0.28534177,1,142.0,-170.0
maryland-baltimore-county_vs_njit_20240127,2024-01-27,maryland-baltimore-county,NJIT,2024,0,0,0.46683186,1,-244.0,192.0
maryland-baltimore-county_vs_umass lowell_20240208,2024-02-08,maryland-baltimore-county,UMass Lowell,2024,0,0,0.22285661,1,261.0,-350.0
maryland-baltimore-county_vs_vermont_20240210,2024-02-10,maryland-baltimore-county,Vermont,2024,0,0,0.123457015,1,525.0,-750.0
maryland-baltimore-county_vs_albany (ny)_20240217,2024-02-17,maryland-baltimore-county,Albany (NY),2024,1,0,0.44047534,0,-148.0,121.0
maryland-baltimore-county_vs_binghamton_20240305,2024-03-05,maryland-baltimore-county,Binghamton,2024,0,1,0.5681209,0,-148.0,121.0
maryland-eastern-shore_vs_longwood_20231115,2023-11-15,maryland-eastern-shore,Longwood,2024,0,0,0.28152415,1,302.0,-416.0
maryland-eastern-shore_vs_pennsylvania_20231118,2023-11-18,maryland-eastern-shore,Pennsylvania,2024,1,0,0.22432965,0,404.0,-602.0
maryland-eastern-shore_vs_morgan state_20240106,2024-01-06,maryland-eastern-shore,Morgan State,2024,1,1,0.5599563,1,-162.0,132.0
maryland-eastern-shore_vs_north carolina central_20240127,2024-01-27,maryland-eastern-shore,North Carolina Central,2024,0,0,0.36840135,1,180.0,-218.0
maryland-eastern-shore_vs_south carolina state_20240129,2024-01-29,maryland-eastern-shore,South Carolina State,2024,0,0,0.4843517,1,104.0,-126.0
maryland-eastern-shore_vs_norfolk state_20240205,2024-02-05,maryland-eastern-shore,Norfolk State,2024,1,0,0.16206811,0,333.0,-471.0
maryland-eastern-shore_vs_coppin state_20240219,2024-02-19,maryland-eastern-shore,Coppin State,2024,1,1,0.69217205,1,-285.0,230.0
maryland-eastern-shore_vs_howard_20240302,2024-03-02,maryland-eastern-shore,Howard,2024,0,0,0.36643425,1,180.0,-218.0
maryland-eastern-shore_vs_delaware state_20240307,2024-03-07,maryland-eastern-shore,Delaware State,2024,1,0,0.42359066,0,142.0,-170.0
maryland-eastern-shore_vs_north carolina central_20240313,2024-03-13,maryland-eastern-shore,North Carolina Central,2024,0,0,0.17787236,1,375.0,-500.0
massachusetts_vs_quinnipiac_20231113,2023-11-13,massachusetts,Quinnipiac,2024,1,1,0.7432806,1,-325.0,270.0
massachusetts_vs_harvard_20231117,2023-11-17,massachusetts,Harvard,2024,0,1,0.7207824,0,-158.0,134.0
massachusetts_vs_central connecticut state_20231122,2023-11-22,massachusetts,Central Connecticut State,2024,1,1,0.8146377,1,-1600.0,850.0
massachusetts_vs_south florida_20231202,2023-12-02,massachusetts,South Florida,2024,1,1,0.68169457,1,-300.0,250.0
massachusetts_vs_umass lowell_20231209,2023-12-09,massachusetts,UMass Lowell,2024,1,1,0.5080564,1,-261.0,203.0
massachusetts_vs_west virginia_20231216,2023-12-16,massachusetts,West Virginia,2024,1,0,0.35660508,0,124.0,-148.0
massachusetts_vs_portland_20231223,2023-12-23,massachusetts,Portland,2024,1,1,0.8451922,1,-305.0,245.0
massachusetts_vs_old dominion_20231224,2023-12-24,massachusetts,Old Dominion,2024,1,1,0.8064787,1,-300.0,250.0
massachusetts_vs_siena_20231230,2023-12-30,massachusetts,Siena,2024,1,1,0.97459453,1,-1745.0,971.0
massachusetts_vs_duquesne_20240103,2024-01-03,massachusetts,Duquesne,2024,1,1,0.62926555,1,-105.0,-112.0
massachusetts_vs_la salle_20240110,2024-01-10,massachusetts,La Salle,2024,1,1,0.8918922,1,-472.0,354.0
massachusetts_vs_george washington_20240120,2024-01-20,massachusetts,George Washington,2024,1,1,0.8232818,1,-239.0,196.0
massachusetts_vs_saint joseph's_20240123,2024-01-23,massachusetts,Saint Joseph's,2024,0,1,0.6022716,0,-154.0,131.0
massachusetts_vs_george mason_20240203,2024-02-03,massachusetts,George Mason,2024,1,1,0.6685552,1,-218.0,180.0
massachusetts_vs_rhode island_20240211,2024-02-11,massachusetts,Rhode Island,2024,1,1,0.8466422,1,-675.0,490.0
massachusetts_vs_vcu_20240220,2024-02-20,massachusetts,VCU,2024,1,1,0.569444,1,-150.0,130.0
massachusetts_vs_st. bonaventure_20240224,2024-02-24,massachusetts,St. Bonaventure,2024,0,1,0.64260393,0,-207.0,173.0
massachusetts_vs_fordham_20240306,2024-03-06,massachusetts,Fordham,2024,1,1,0.8439359,1,-508.0,377.0
massachusetts_vs_vcu_20240314,2024-03-14,massachusetts,VCU,2024,0,1,0.53236437,0,105.0,-125.0
massachusetts-lowell_vs_liu_20231212,2023-12-12,massachusetts-lowell,LIU,2024,1,1,0.98060364,1,-1650.0,950.0
massachusetts-lowell_vs_central connecticut state_20231216,2023-12-16,massachusetts-lowell,Central Connecticut State,2024,0,1,0.90604395,0,-675.0,490.0
massachusetts-lowell_vs_njit_20240111,2024-01-11,massachusetts-lowell,NJIT,2024,1,1,0.9148543,1,-1277.0,703.0
massachusetts-lowell_vs_umbc_20240113,2024-01-13,massachusetts-lowell,UMBC,2024,1,1,0.9035227,1,-1378.0,741.0
massachusetts-lowell_vs_vermont_20240125,2024-01-25,massachusetts-lowell,Vermont,2024,0,1,0.5924784,0,-143.0,117.0
massachusetts-lowell_vs_maine_20240201,2024-02-01,massachusetts-lowell,Maine,2024,1,1,0.82329595,1,-411.0,299.0
massachusetts-lowell_vs_new hampshire_20240203,2024-02-03,massachusetts-lowell,New Hampshire,2024,0,1,0.8213222,0,-535.0,400.0
massachusetts-lowell_vs_binghamton_20240222,2024-02-22,massachusetts-lowell,Binghamton,2024,1,1,0.79469883,1,-470.0,360.0
massachusetts-lowell_vs_albany (ny)_20240224,2024-02-24,massachusetts-lowell,Albany (NY),2024,1,1,0.7848243,1,-750.0,525.0
massachusetts-lowell_vs_bryant_20240229,2024-02-29,massachusetts-lowell,Bryant,2024,1,1,0.7414267,1,-270.0,220.0
massachusetts-lowell_vs_umbc_20240309,2024-03-09,massachusetts-lowell,UMBC,2024,1,1,0.78616065,1,-350.0,280.0
massachusetts-lowell_vs_bryant_20240312,2024-03-12,massachusetts-lowell,Bryant,2024,1,1,0.6739185,1,-358.0,267.0
mcneese-state_vs_texas state_20231121,2023-11-21,mcneese-state,Texas State,2024,1,1,0.5090021,1,-185.0,154.0
mcneese-state_vs_ut martin_20231202,2023-12-02,mcneese-state,UT Martin,2024,1,1,0.7345964,1,-535.0,400.0
mcneese-state_vs_southern mississippi_20231213,2023-12-13,mcneese-state,Southern Mississippi,2024,1,1,0.6027853,1,-278.0,225.0
mcneese-state_vs_louisiana_20231217,2023-12-17,mcneese-state,Louisiana,2024,1,1,0.66543067,1,-305.0,255.0
mcneese-state_vs_southeastern louisiana_20240113,2024-01-13,mcneese-state,Southeastern Louisiana,2024,1,1,0.9142433,1,-800.0,550.0
mcneese-state_vs_lamar_20240115,2024-01-15,mcneese-state,Lamar,2024,1,1,0.89282113,1,-894.0,545.0
mcneese-state_vs_new orleans_20240127,2024-01-27,mcneese-state,New Orleans,2024,1,1,0.9626034,1,-2642.0,1138.0
mcneese-state_vs_northwestern state_20240129,2024-01-29,mcneese-state,Northwestern State,2024,1,1,0.9680675,1,-3200.0,1400.0
mcneese-state_vs_texas a&mâcommerce_20240205,2024-02-05,mcneese-state,Texas A&MâCommerce,2024,1,1,0.93768805,1,-2500.0,1150.0
mcneese-state_vs_texas a&mâcorpus christi_20240210,2024-02-10,mcneese-state,Texas A&MâCorpus Christi,2024,1,1,0.82492584,1,-650.0,470.0
mcneese-state_vs_incarnate word_20240224,2024-02-24,mcneese-state,Incarnate Word,2024,1,1,0.96891654,1,-4853.0,1645.0
mcneese-state_vs_lamar_20240312,2024-03-12,mcneese-state,Lamar,2024,1,1,0.90835536,1,-1150.0,725.0
memphis_vs_alabama state_20231117,2023-11-17,memphis,Alabama State,2024,1,1,0.9742992,1,-99995.0,9000.0
memphis_vs_michigan_20231122,2023-11-22,memphis,Michigan,2024,1,1,0.5650213,1,,
memphis_vs_villanova_20231124,2023-11-24,memphis,Villanova,2024,0,0,0.37476668,1,142.0,-170.0
memphis_vs_clemson_20231216,2023-12-16,memphis,Clemson,2024,1,1,0.585493,1,-168.0,142.0
memphis_vs_virginia_20231219,2023-12-19,memphis,Virginia,2024,1,1,0.62784696,1,-170.0,150.0
memphis_vs_vanderbilt_20231223,2023-12-23,memphis,Vanderbilt,2024,1,1,0.95262295,1,-1450.0,850.0
memphis_vs_austin peay_20231230,2023-12-30,memphis,Austin Peay,2024,1,1,0.96309394,1,-3000.0,1200.0
memphis_vs_smu_20240107,2024-01-07,memphis,SMU,2024,1,1,0.51932997,1,-300.0,241.0
memphis_vs_utsa_20240110,2024-01-10,memphis,UTSA,2024,1,1,0.95620364,1,-3000.0,1250.0
memphis_vs_south florida_20240118,2024-01-18,memphis,South Florida,2024,0,1,0.8631512,0,-520.0,390.0
memphis_vs_rice_20240131,2024-01-31,memphis,Rice,2024,0,1,0.90687907,0,-1350.0,800.0
memphis_vs_wichita state_20240203,2024-02-03,memphis,Wichita State,2024,1,1,0.7867473,1,-543.0,398.0
memphis_vs_tulane_20240211,2024-02-11,memphis,Tulane,2024,1,1,0.72419596,1,-440.0,340.0
memphis_vs_charlotte_20240221,2024-02-21,memphis,Charlotte,2024,1,1,0.5279568,1,-280.0,235.0
memphis_vs_florida atlantic_20240225,2024-02-25,memphis,Florida Atlantic,2024,1,0,0.47351426,0,106.0,-124.0
memphis_vs_uab_20240303,2024-03-03,memphis,UAB,2024,1,1,0.7534911,1,-325.0,270.0
memphis_vs_wichita state_20240314,2024-03-14,memphis,Wichita State,2024,0,1,0.7214521,0,-425.0,325.0
mercer_vs_tennessee state_20231124,2023-11-24,mercer,Tennessee State,2024,1,0,0.3662044,0,136.0,-162.0
mercer_vs_south alabama_20231206,2023-12-06,mercer,South Alabama,2024,0,1,0.56562483,0,-170.0,142.0
mercer_vs_georgia state_20231209,2023-12-09,mercer,Georgia State,2024,1,0,0.4316855,0,103.0,-123.0
mercer_vs_florida gulf coast_20231216,2023-12-16,mercer,Florida Gulf Coast,2024,1,0,0.4737333,0,-131.0,108.0
mercer_vs_queens (nc)_20231219,2023-12-19,mercer,Queens (NC),2024,1,1,0.5297658,1,-155.0,135.0
mercer_vs_western carolina_20240113,2024-01-13,mercer,Western Carolina,2024,0,0,0.3046859,1,150.0,-178.0
mercer_vs_chattanooga_20240117,2024-01-17,mercer,Chattanooga,2024,0,1,0.5370416,0,125.0,-147.0
mercer_vs_east tennessee state_20240131,2024-01-31,mercer,East Tennessee State,2024,0,1,0.59759504,0,-122.0,102.0
mercer_vs_vmi_20240203,2024-02-03,mercer,VMI,2024,1,1,0.90842223,1,-850.0,575.0
mercer_vs_furman_20240207,2024-02-07,mercer,Furman,2024,1,0,0.47148794,0,170.0,-195.0
mercer_vs_wofford_20240214,2024-02-14,mercer,Wofford,2024,0,1,0.58175683,0,-135.0,115.0
mercer_vs_samford_20240217,2024-02-17,mercer,Samford,2024,1,0,0.14726517,0,400.0,-535.0
mercer_vs_the citadel_20240221,2024-02-21,mercer,The Citadel,2024,1,1,0.7099844,1,-301.0,241.0
mercer_vs_unc greensboro_20240224,2024-02-24,mercer,UNC Greensboro,2024,1,0,0.34469205,0,173.0,-208.0
mercer_vs_samford_20240309,2024-03-09,mercer,Samford,2024,0,0,0.2485532,1,340.0,-440.0
merrimack_vs_north carolina a&t_20231122,2023-11-22,merrimack,North Carolina A&T,2024,1,1,0.79573894,1,-245.0,200.0
merrimack_vs_umass lowell_20231202,2023-12-02,merrimack,UMass Lowell,2024,1,0,0.20150368,0,200.0,-245.0
merrimack_vs_bucknell_20231222,2023-12-22,merrimack,Bucknell,2024,1,1,0.79279166,1,-250.0,200.0
merrimack_vs_sacred heart_20240106,2024-01-06,merrimack,Sacred Heart,2024,1,1,0.6903467,1,-180.0,150.0
merrimack_vs_wagner_20240119,2024-01-19,merrimack,Wagner,2024,0,1,0.78616935,0,-285.0,230.0
merrimack_vs_stonehill_20240121,2024-01-21,merrimack,Stonehill,2024,1,1,0.92438173,1,-950.0,625.0
merrimack_vs_central connecticut state_20240203,2024-02-03,merrimack,Central Connecticut State,2024,1,1,0.7118352,1,-185.0,150.0
merrimack_vs_le moyne_20240210,2024-02-10,merrimack,Le Moyne,2024,1,1,0.7999156,1,-370.0,274.0
merrimack_vs_liu_20240217,2024-02-17,merrimack,LIU,2024,1,1,0.899934,1,-950.0,625.0
merrimack_vs_saint francis (pa)_20240222,2024-02-22,merrimack,Saint Francis (PA),2024,1,1,0.8796498,1,-1281.0,705.0
merrimack_vs_liu_20240306,2024-03-06,merrimack,LIU,2024,1,1,0.89824045,1,-1400.0,800.0
merrimack_vs_le moyne_20240309,2024-03-09,merrimack,Le Moyne,2024,1,1,0.77692395,1,-343.0,257.0
merrimack_vs_wagner_20240312,2024-03-12,merrimack,Wagner,2024,0,1,0.7444506,0,-361.0,268.0
miami-fl_vs_ucf_20231110,2023-11-10,miami-fl,UCF,2024,1,1,0.7245135,1,-471.0,354.0
miami-fl_vs_florida international_20231113,2023-11-13,miami-fl,Florida International,2024,1,1,0.9606005,1,-3600.0,1500.0
miami-fl_vs_notre dame_20231202,2023-12-02,miami-fl,Notre Dame,2024,1,1,0.9234289,1,-1200.0,750.0
miami-fl_vs_liu_20231206,2023-12-06,miami-fl,LIU,2024,1,1,0.9823027,1,-33333.0,5000.0
miami-fl_vs_la salle_20231216,2023-12-16,miami-fl,La Salle,2024,1,1,0.95278066,1,-1550.0,875.0
miami-fl_vs_stonehill_20231221,2023-12-21,miami-fl,Stonehill,2024,1,1,0.9787304,1,-20000.0,4000.0
miami-fl_vs_north florida_20231229,2023-12-29,miami-fl,North Florida,2024,1,1,0.97694665,1,-2100.0,1100.0
miami-fl_vs_clemson_20240103,2024-01-03,miami-fl,Clemson,2024,1,0,0.44153154,0,105.0,-125.0
miami-fl_vs_louisville_20240110,2024-01-10,miami-fl,Louisville,2024,0,1,0.97064024,0,-1800.0,950.0
miami-fl_vs_florida state_20240117,2024-01-17,miami-fl,Florida State,2024,0,1,0.75010234,0,-284.0,229.0
miami-fl_vs_pittsburgh_20240127,2024-01-27,miami-fl,Pittsburgh,2024,1,1,0.6815209,1,-179.0,151.0
miami-fl_vs_virginia tech_20240203,2024-02-03,miami-fl,Virginia Tech,2024,1,1,0.5907452,1,-190.0,160.0
miami-fl_vs_north carolina_20240210,2024-02-10,miami-fl,North Carolina,2024,0,0,0.3670734,1,165.0,-200.0
miami-fl_vs_duke_20240221,2024-02-21,miami-fl,Duke,2024,0,0,0.36163336,1,260.0,-350.0
miami-fl_vs_georgia tech_20240224,2024-02-24,miami-fl,Georgia Tech,2024,0,1,0.74823695,0,-402.0,310.0
miami-fl_vs_boston college_20240306,2024-03-06,miami-fl,Boston College,2024,0,1,0.6858551,0,-250.0,210.0
miami-oh_vs_texas state_20231111,2023-11-11,miami-oh,Texas State,2024,0,0,0.45046473,1,120.0,-142.0
miami-oh_vs_coppin state_20231117,2023-11-17,miami-oh,Coppin State,2024,1,1,0.8753344,1,-1100.0,700.0
miami-oh_vs_eastern illinois_20231119,2023-11-19,miami-oh,Eastern Illinois,2024,1,1,0.6669192,1,-439.0,334.0
miami-oh_vs_vermont_20231222,2023-12-22,miami-oh,Vermont,2024,1,0,0.24488506,0,180.0,-218.0
miami-oh_vs_eastern michigan_20240113,2024-01-13,miami-oh,Eastern Michigan,2024,1,1,0.68605584,1,-276.0,224.0
miami-oh_vs_bowling green_20240116,2024-01-16,miami-oh,Bowling Green,2024,0,0,0.4615702,1,-108.0,-112.0
miami-oh_vs_akron_20240127,2024-01-27,miami-oh,Akron,2024,1,0,0.22868566,0,289.0,-370.0
miami-oh_vs_northern illinois_20240206,2024-02-06,miami-oh,Northern Illinois,2024,0,1,0.70779335,0,-230.0,190.0
miami-oh_vs_ball state_20240217,2024-02-17,miami-oh,Ball State,2024,1,1,0.5740401,1,-142.0,121.0
miami-oh_vs_central michigan_20240224,2024-02-24,miami-oh,Central Michigan,2024,1,1,0.52000767,1,-157.0,133.0
miami-oh_vs_toledo_20240305,2024-03-05,miami-oh,Toledo,2024,0,0,0.41520852,1,114.0,-135.0
miami-oh_vs_ohio_20240308,2024-03-08,miami-oh,Ohio,2024,0,0,0.3611155,1,145.0,-171.0
michigan_vs_youngstown state_20231110,2023-11-10,michigan,Youngstown State,2024,1,1,0.9495875,1,-1500.0,870.0
michigan_vs_long beach state_20231117,2023-11-17,michigan,Long Beach State,2024,0,1,0.8461303,0,-1600.0,900.0
michigan_vs_stanford_20231123,2023-11-23,michigan,Stanford,2024,1,1,0.5773315,1,-150.0,127.0
michigan_vs_texas tech_20231124,2023-11-24,michigan,Texas Tech,2024,0,1,0.56098616,0,-140.0,120.0
michigan_vs_indiana_20231205,2023-12-05,michigan,Indiana,2024,0,1,0.626545,0,-300.0,240.0
michigan_vs_eastern michigan_20231216,2023-12-16,michigan,Eastern Michigan,2024,1,1,0.9710354,1,-3500.0,1450.0
michigan_vs_mcneese state_20231229,2023-12-29,michigan,McNeese State,2024,0,1,0.8282165,0,-610.0,409.0
michigan_vs_minnesota_20240104,2024-01-04,michigan,Minnesota,2024,0,1,0.72906005,0,-265.0,215.0
michigan_vs_ohio state_20240115,2024-01-15,michigan,Ohio State,2024,1,0,0.3683325,0,-124.0,106.0
michigan_vs_illinois_20240118,2024-01-18,michigan,Illinois,2024,0,0,0.37377805,1,126.0,-148.0
michigan_vs_iowa_20240127,2024-01-27,michigan,Iowa,2024,0,0,0.4697212,1,-125.0,105.0
michigan_vs_rutgers_20240203,2024-02-03,michigan,Rutgers,2024,0,1,0.70338786,0,-185.0,156.0
michigan_vs_wisconsin_20240207,2024-02-07,michigan,Wisconsin,2024,1,0,0.27248076,0,360.0,-450.0
michigan_vs_michigan state_20240217,2024-02-17,michigan,Michigan State,2024,0,0,0.2886011,1,210.0,-258.0
michigan_vs_purdue_20240225,2024-02-25,michigan,Purdue,2024,0,0,0.14399059,1,675.0,-1050.0
michigan_vs_nebraska_20240310,2024-03-10,michigan,Nebraska,2024,0,0,0.26837575,1,225.0,-265.0
michigan_vs_penn state_20240313,2024-03-13,michigan,Penn State,2024,0,0,0.32066077,1,240.0,-285.0
michigan-state_vs_southern indiana_20231109,2023-11-09,michigan-state,Southern Indiana,2024,1,1,0.969469,1,-50001.0,8000.0
michigan-state_vs_butler_20231117,2023-11-17,michigan-state,Butler,2024,1,1,0.8780081,1,-524.0,386.0
michigan-state_vs_alcorn state_20231119,2023-11-19,michigan-state,Alcorn State,2024,1,1,0.9683796,1,-3139.0,1267.0
michigan-state_vs_georgia southern_20231128,2023-11-28,michigan-state,Georgia Southern,2024,1,1,0.96756953,1,-33333.0,5000.0
michigan-state_vs_wisconsin_20231205,2023-12-05,michigan-state,Wisconsin,2024,0,1,0.69439495,0,-220.0,190.0
michigan-state_vs_oakland_20231218,2023-12-18,michigan-state,Oakland,2024,1,1,0.930144,1,-1600.0,890.0
michigan-state_vs_stony brook_20231221,2023-12-21,michigan-state,Stony Brook,2024,1,1,0.96614397,1,-2666.0,1304.0
michigan-state_vs_indiana state_20231230,2023-12-30,michigan-state,Indiana State,2024,1,1,0.8089856,1,-435.0,331.0
michigan-state_vs_penn state_20240104,2024-01-04,michigan-state,Penn State,2024,1,1,0.9069511,1,-1003.0,645.0
michigan-state_vs_rutgers_20240114,2024-01-14,michigan-state,Rutgers,2024,1,1,0.8842358,1,-629.0,448.0
michigan-state_vs_minnesota_20240118,2024-01-18,michigan-state,Minnesota,2024,1,1,0.9098048,1,-900.0,525.0
michigan-state_vs_michigan_20240130,2024-01-30,michigan-state,Michigan,2024,1,1,0.8600801,1,-800.0,550.0
michigan-state_vs_maryland_20240203,2024-02-03,michigan-state,Maryland,2024,1,1,0.83503586,1,-271.0,220.0
michigan-state_vs_illinois_20240210,2024-02-10,michigan-state,Illinois,2024,1,1,0.5716186,1,-175.0,145.0
michigan-state_vs_iowa_20240220,2024-02-20,michigan-state,Iowa,2024,0,1,0.76936233,0,-500.0,375.0
michigan-state_vs_ohio state_20240225,2024-02-25,michigan-state,Ohio State,2024,0,1,0.77818906,0,-500.0,380.0
michigan-state_vs_northwestern_20240306,2024-03-06,michigan-state,Northwestern,2024,1,1,0.7205737,1,-470.0,360.0
michigan-state_vs_minnesota_20240314,2024-03-14,michigan-state,Minnesota,2024,1,1,0.7167239,1,-309.0,247.0
michigan-state_vs_purdue_20240315,2024-03-15,michigan-state,Purdue,2024,0,0,0.29313865,1,300.0,-380.0
michigan-state_vs_mississippi state_20240321,2024-03-21,michigan-state,Mississippi State,2024,1,1,0.56036425,1,-120.0,107.0
michigan-state_vs_north carolina_20240323,2024-03-23,michigan-state,North Carolina,2024,0,0,0.4162767,1,170.0,-205.0
middle-tennessee_vs_western carolina_20231113,2023-11-13,middle-tennessee,Western Carolina,2024,0,1,0.8222341,0,-204.0,170.0
middle-tennessee_vs_uab_20231121,2023-11-21,middle-tennessee,UAB,2024,0,1,0.56781435,0,,
middle-tennessee_vs_ohio_20231125,2023-11-25,middle-tennessee,Ohio,2024,0,0,0.49908087,1,145.0,-175.0
middle-tennessee_vs_kansas city_20231126,2023-11-26,middle-tennessee,Kansas City,2024,1,1,0.8619728,1,-225.0,185.0
middle-tennessee_vs_wofford_20231202,2023-12-02,middle-tennessee,Wofford,2024,0,1,0.83172756,0,-375.0,295.0
middle-tennessee_vs_missouri state_20231205,2023-12-05,middle-tennessee,Missouri State,2024,1,1,0.50688744,1,-104.0,-116.0
middle-tennessee_vs_belmont_20231209,2023-12-09,middle-tennessee,Belmont,2024,0,1,0.7187122,0,-128.0,109.0
middle-tennessee_vs_louisiana tech_20240111,2024-01-11,middle-tennessee,Louisiana Tech,2024,0,0,0.25296646,1,221.0,-272.0
middle-tennessee_vs_sam houston state_20240113,2024-01-13,middle-tennessee,Sam Houston State,2024,0,0,0.4989661,1,102.0,-122.0
middle-tennessee_vs_jacksonville state_20240124,2024-01-24,middle-tennessee,Jacksonville State,2024,1,0,0.32470757,0,,
middle-tennessee_vs_florida international_20240127,2024-01-27,middle-tennessee,Florida International,2024,1,1,0.58323544,1,-140.0,115.0
middle-tennessee_vs_new mexico state_20240215,2024-02-15,middle-tennessee,New Mexico State,2024,1,1,0.533529,1,-175.0,145.0
middle-tennessee_vs_utep_20240217,2024-02-17,middle-tennessee,UTEP,2024,1,0,0.4015412,0,-115.0,-105.0
middle-tennessee_vs_western kentucky_20240224,2024-02-24,middle-tennessee,Western Kentucky,2024,1,0,0.30398905,0,144.0,-171.0
middle-tennessee_vs_liberty_20240305,2024-03-05,middle-tennessee,Liberty,2024,1,0,0.28400463,0,185.0,-225.0
middle-tennessee_vs_western kentucky_20240315,2024-03-15,middle-tennessee,Western Kentucky,2024,0,0,0.25641477,1,218.0,-258.0
milwaukee_vs_stetson_20231120,2023-11-20,milwaukee,Stetson,2024,0,1,0.5524273,0,-178.0,158.0
milwaukee_vs_siena_20231121,2023-11-21,milwaukee,Siena,2024,1,1,0.7617155,1,-625.0,485.0
milwaukee_vs_southern mississippi_20231125,2023-11-25,milwaukee,Southern Mississippi,2024,0,1,0.5395994,0,-165.0,140.0
milwaukee_vs_longwood_20231213,2023-12-13,milwaukee,Longwood,2024,0,0,0.44490474,1,148.0,-183.0
milwaukee_vs_chattanooga_20231222,2023-12-22,milwaukee,Chattanooga,2024,1,1,0.51019883,1,145.0,-175.0
milwaukee_vs_robert morris_20231229,2023-12-29,milwaukee,Robert Morris,2024,1,1,0.59429187,1,-185.0,154.0
milwaukee_vs_wright state_20231231,2023-12-31,milwaukee,Wright State,2024,1,0,0.32210305,0,160.0,-180.0
milwaukee_vs_cleveland state_20240112,2024-01-12,milwaukee,Cleveland State,2024,1,0,0.42673516,0,-155.0,130.0
milwaukee_vs_detroit mercy_20240125,2024-01-25,milwaukee,Detroit Mercy,2024,1,1,0.8960377,1,-750.0,550.0
milwaukee_vs_oakland_20240127,2024-01-27,milwaukee,Oakland,2024,0,0,0.32403037,1,-111.0,-105.0
milwaukee_vs_iupui_20240204,2024-02-04,milwaukee,IUPUI,2024,1,1,0.9104029,1,-2117.0,1113.0
milwaukee_vs_northern kentucky_20240217,2024-02-17,milwaukee,Northern Kentucky,2024,1,0,0.48595715,0,-148.0,124.0
milwaukee_vs_youngstown state_20240223,2024-02-23,milwaukee,Youngstown State,2024,0,0,0.35063016,1,129.0,-152.0
milwaukee_vs_green bay_20240302,2024-03-02,milwaukee,Green Bay,2024,1,1,0.5710513,1,-258.0,210.0
milwaukee_vs_detroit mercy_20240305,2024-03-05,milwaukee,Detroit Mercy,2024,1,1,0.9018223,1,-800.0,550.0
milwaukee_vs_northern kentucky_20240311,2024-03-11,milwaukee,Northern Kentucky,2024,1,0,0.36548445,0,114.0,-135.0
milwaukee_vs_oakland_20240312,2024-03-12,milwaukee,Oakland,2024,0,0,0.2842141,1,154.0,-185.0
minnesota_vs_utsa_20231110,2023-11-10,minnesota,UTSA,2024,1,1,0.86463916,1,-780.0,531.0
minnesota_vs_missouri_20231116,2023-11-16,minnesota,Missouri,2024,0,0,0.49717718,1,115.0,-135.0
minnesota_vs_usc upstate_20231118,2023-11-18,minnesota,USC Upstate,2024,1,1,0.847679,1,-1000.0,600.0
minnesota_vs_arkansasâpine bluff_20231121,2023-11-21,minnesota,ArkansasâPine Bluff,2024,1,1,0.95498943,1,-2175.0,1005.0
minnesota_vs_san francisco_20231126,2023-11-26,minnesota,San Francisco,2024,0,0,0.49003115,1,175.0,-205.0
minnesota_vs_new orleans_20231130,2023-11-30,minnesota,New Orleans,2024,1,1,0.85869926,1,-1100.0,700.0
minnesota_vs_nebraska_20231206,2023-12-06,minnesota,Nebraska,2024,1,0,0.36998978,0,115.0,-135.0
minnesota_vs_florida gulf coast_20231209,2023-12-09,minnesota,Florida Gulf Coast,2024,1,1,0.8214188,1,-446.0,319.0
minnesota_vs_iupui_20231212,2023-12-12,minnesota,IUPUI,2024,1,1,0.97713554,1,-2753.0,1333.0
minnesota_vs_ball state_20231221,2023-12-21,minnesota,Ball State,2024,1,1,0.9363245,1,-913.0,600.0
minnesota_vs_maine_20231229,2023-12-29,minnesota,Maine,2024,1,1,0.91821384,1,-1200.0,750.0
minnesota_vs_maryland_20240107,2024-01-07,minnesota,Maryland,2024,1,1,0.67047304,1,-123.0,105.0
minnesota_vs_iowa_20240115,2024-01-15,minnesota,Iowa,2024,0,0,0.4323528,1,-182.0,162.0
minnesota_vs_wisconsin_20240123,2024-01-23,minnesota,Wisconsin,2024,0,0,0.27237827,1,125.0,-145.0
minnesota_vs_northwestern_20240203,2024-02-03,minnesota,Northwestern,2024,1,0,0.3661542,0,105.0,-125.0
minnesota_vs_michigan state_20240206,2024-02-06,minnesota,Michigan State,2024,1,0,0.3345276,0,145.0,-172.0
minnesota_vs_rutgers_20240218,2024-02-18,minnesota,Rutgers,2024,1,1,0.61458963,1,-252.0,207.0
minnesota_vs_ohio state_20240222,2024-02-22,minnesota,Ohio State,2024,1,0,0.44781938,0,-160.0,140.0
minnesota_vs_penn state_20240302,2024-03-02,minnesota,Penn State,2024,1,1,0.70615184,1,-311.0,248.0
minnesota_vs_indiana_20240306,2024-03-06,minnesota,Indiana,2024,0,1,0.7067116,0,-246.0,202.0
mississippi_vs_eastern washington_20231110,2023-11-10,mississippi,Eastern Washington,2024,1,1,0.9405164,1,-1200.0,750.0
mississippi_vs_detroit mercy_20231114,2023-11-14,mississippi,Detroit Mercy,2024,1,1,0.9544446,1,-3122.0,1451.0
mississippi_vs_sam houston state_20231117,2023-11-17,mississippi,Sam Houston State,2024,1,1,0.75457007,1,-476.0,357.0
mississippi_vs_temple_20231122,2023-11-22,mississippi,Temple,2024,1,1,0.5579647,1,-205.0,175.0
mississippi_vs_nc state_20231128,2023-11-28,mississippi,NC State,2024,1,0,0.45971808,0,-130.0,
mississippi_vs_memphis_20231202,2023-12-02,mississippi,Memphis,2024,1,1,0.51452786,1,-108.0,-112.0
mississippi_vs_mount st. mary's_20231205,2023-12-05,mississippi,Mount St. Mary's,2024,1,1,0.9193813,1,-2000.0,1000.0
mississippi_vs_ucf_20231210,2023-12-10,mississippi,UCF,2024,1,0,0.40662813,0,147.0,-167.0
mississippi_vs_california_20231216,2023-12-16,mississippi,California,2024,1,1,0.71069175,1,-145.0,120.0
mississippi_vs_troy_20231219,2023-12-19,mississippi,Troy,2024,1,1,0.92750466,1,-1010.0,649.0
mississippi_vs_southern mississippi_20231223,2023-12-23,mississippi,Southern Mississippi,2024,1,1,0.89480644,1,385.0,-475.0
mississippi_vs_bryant_20231231,2023-12-31,mississippi,Bryant,2024,1,1,0.8849494,1,-1600.0,850.0
mississippi_vs_tennessee_20240106,2024-01-06,mississippi,Tennessee,2024,0,0,0.22286822,1,548.0,-812.0
mississippi_vs_florida_20240110,2024-01-10,mississippi,Florida,2024,1,0,0.42155844,0,124.0,-146.0
mississippi_vs_vanderbilt_20240113,2024-01-13,mississippi,Vanderbilt,2024,1,1,0.92547435,1,-575.0,425.0
mississippi_vs_louisiana state_20240117,2024-01-17,mississippi,Louisiana State,2024,0,1,0.5935427,0,136.0,-162.0
mississippi_vs_auburn_20240120,2024-01-20,mississippi,Auburn,2024,0,0,0.15260905,1,550.0,-800.0
mississippi_vs_arkansas_20240124,2024-01-24,mississippi,Arkansas,2024,1,1,0.8268004,1,-375.0,305.0
mississippi_vs_texas a&m_20240127,2024-01-27,mississippi,Texas A&M,2024,1,0,0.41295746,0,305.0,-375.0
mississippi_vs_mississippi state_20240130,2024-01-30,mississippi,Mississippi State,2024,1,1,0.5087453,1,-109.0,-107.0
mississippi_vs_auburn_20240203,2024-02-03,mississippi,Auburn,2024,0,0,0.2793145,1,136.0,-162.0
mississippi_vs_south carolina_20240206,2024-02-06,mississippi,South Carolina,2024,0,0,0.37959456,1,150.0,-170.0
mississippi_vs_kentucky_20240213,2024-02-13,mississippi,Kentucky,2024,0,0,0.28309068,1,320.0,-410.0
mississippi_vs_missouri_20240217,2024-02-17,mississippi,Missouri,2024,1,1,0.8446396,1,-850.0,575.0
mississippi_vs_mississippi state_20240221,2024-02-21,mississippi,Mississippi State,2024,0,0,0.31144658,1,250.0,-300.0
mississippi_vs_south carolina_20240224,2024-02-24,mississippi,South Carolina,2024,0,1,0.5208295,0,-170.0,150.0
mississippi_vs_alabama_20240228,2024-02-28,mississippi,Alabama,2024,0,0,0.4297082,1,193.0,-235.0
mississippi_vs_missouri_20240302,2024-03-02,mississippi,Missouri,2024,1,1,0.6245077,1,-120.0,103.0
mississippi_vs_georgia_20240305,2024-03-05,mississippi,Georgia,2024,0,1,0.5851822,0,112.0,-132.0
mississippi_vs_texas a&m_20240309,2024-03-09,mississippi,Texas A&M,2024,0,1,0.51295817,0,-122.0,102.0
mississippi_vs_texas a&m_20240314,2024-03-14,mississippi,Texas A&M,2024,0,0,0.29624718,1,195.0,-236.0
mississippi-state_vs_north alabama_20231114,2023-11-14,mississippi-state,North Alabama,2024,1,1,0.922337,1,-5000.0,1350.0
mississippi-state_vs_washington state_20231118,2023-11-18,mississippi-state,Washington State,2024,1,1,0.615211,1,-300.0,250.0
mississippi-state_vs_northwestern_20231119,2023-11-19,mississippi-state,Northwestern,2024,1,1,0.53060293,1,-170.0,142.0
mississippi-state_vs_southern_20231203,2023-12-03,mississippi-state,Southern,2024,0,1,0.9740967,0,-8000.0,2200.0
mississippi-state_vs_tulane_20231209,2023-12-09,mississippi-state,Tulane,2024,1,1,0.67717814,1,-285.0,240.0
mississippi-state_vs_murray state_20231213,2023-12-13,mississippi-state,Murray State,2024,1,1,0.92302257,1,-1566.0,898.0
mississippi-state_vs_north texas_20231217,2023-12-17,mississippi-state,North Texas,2024,1,1,0.6698439,1,-275.0,230.0
mississippi-state_vs_rutgers_20231223,2023-12-23,mississippi-state,Rutgers,2024,1,1,0.64996934,1,-162.0,142.0
mississippi-state_vs_bethune-cookman_20231231,2023-12-31,mississippi-state,Bethune-Cookman,2024,1,1,0.978559,1,-33333.0,6000.0
mississippi-state_vs_tennessee_20240110,2024-01-10,mississippi-state,Tennessee,2024,1,1,0.50421166,1,114.0,-135.0
mississippi-state_vs_alabama_20240113,2024-01-13,mississippi-state,Alabama,2024,0,0,0.4772614,1,-116.0,-104.0
mississippi-state_vs_vanderbilt_20240120,2024-01-20,mississippi-state,Vanderbilt,2024,1,1,0.9584191,1,-1000.0,650.0
mississippi-state_vs_auburn_20240127,2024-01-27,mississippi-state,Auburn,2024,1,0,0.35580623,0,135.0,-160.0
mississippi-state_vs_georgia_20240207,2024-02-07,mississippi-state,Georgia,2024,1,1,0.7857243,1,-425.0,330.0
mississippi-state_vs_arkansas_20240217,2024-02-17,mississippi-state,Arkansas,2024,1,1,0.89284414,1,-750.0,550.0
mississippi-state_vs_kentucky_20240227,2024-02-27,mississippi-state,Kentucky,2024,0,1,0.65485114,0,-195.0,170.0
mississippi-state_vs_south carolina_20240309,2024-03-09,mississippi-state,South Carolina,2024,0,1,0.6286718,0,-250.0,190.0
mississippi-state_vs_tennessee_20240315,2024-03-15,mississippi-state,Tennessee,2024,1,0,0.28582218,0,400.0,-535.0
mississippi-valley-state_vs_alabama state_20240106,2024-01-06,mississippi-valley-state,Alabama State,2024,0,0,0.23902431,1,441.0,-674.0
mississippi-valley-state_vs_alabama a&m_20240108,2024-01-08,mississippi-valley-state,Alabama A&M,2024,0,0,0.41790622,1,290.0,-375.0
mississippi-valley-state_vs_bethune-cookman_20240120,2024-01-20,mississippi-valley-state,Bethune-Cookman,2024,0,0,0.23519218,1,320.0,-410.0
mississippi-valley-state_vs_florida a&m_20240122,2024-01-22,mississippi-valley-state,Florida A&M,2024,0,0,0.30932468,1,240.0,-285.0
mississippi-valley-state_vs_arkansasâpine bluff_20240203,2024-02-03,mississippi-valley-state,ArkansasâPine Bluff,2024,0,0,0.23731351,1,390.0,-520.0
mississippi-valley-state_vs_jackson state_20240210,2024-02-10,mississippi-valley-state,Jackson State,2024,0,0,0.13005121,1,466.0,-724.0
mississippi-valley-state_vs_alcorn state_20240212,2024-02-12,mississippi-valley-state,Alcorn State,2024,0,0,0.21789593,1,485.0,-625.0
mississippi-valley-state_vs_texas southern_20240224,2024-02-24,mississippi-valley-state,Texas Southern,2024,0,0,0.16385843,1,625.0,-1000.0
missouri_vs_memphis_20231110,2023-11-10,missouri,Memphis,2024,0,1,0.6202538,0,-152.0,129.0
missouri_vs_siu edwardsville_20231113,2023-11-13,missouri,SIU Edwardsville,2024,1,1,0.9437015,1,-2160.0,1129.0
missouri_vs_jackson state_20231119,2023-11-19,missouri,Jackson State,2024,0,1,0.97387415,0,-3798.0,1423.0
missouri_vs_south carolina state_20231122,2023-11-22,missouri,South Carolina State,2024,1,1,0.9740726,1,-3435.0,1339.0
missouri_vs_loyola (md)_20231125,2023-11-25,missouri,Loyola (MD),2024,1,1,0.97285235,1,-9000.0,2500.0
missouri_vs_wichita state_20231203,2023-12-03,missouri,Wichita State,2024,1,1,0.67505926,1,-305.0,245.0
missouri_vs_seton hall_20231217,2023-12-17,missouri,Seton Hall,2024,0,1,0.5422687,0,-138.0,118.0
missouri_vs_central arkansas_20231230,2023-12-30,missouri,Central Arkansas,2024,1,1,0.96813256,1,-4000.0,1300.0
missouri_vs_georgia_20240106,2024-01-06,missouri,Georgia,2024,0,1,0.61243623,0,-225.0,185.0
missouri_vs_south carolina_20240113,2024-01-13,missouri,South Carolina,2024,0,0,0.4273526,1,-161.0,136.0
missouri_vs_florida_20240120,2024-01-20,missouri,Florida,2024,0,0,0.34028503,1,127.0,-149.0
missouri_vs_arkansas_20240131,2024-01-31,missouri,Arkansas,2024,0,1,0.6873024,0,-245.0,200.0
missouri_vs_texas a&m_20240207,2024-02-07,missouri,Texas A&M,2024,0,0,0.39733598,1,190.0,-230.0
missouri_vs_mississippi state_20240210,2024-02-10,missouri,Mississippi State,2024,0,0,0.27975744,1,263.0,-332.0
missouri_vs_tennessee_20240220,2024-02-20,missouri,Tennessee,2024,0,0,0.15368415,1,600.0,-900.0
missouri_vs_auburn_20240305,2024-03-05,missouri,Auburn,2024,0,0,0.13638182,1,550.0,-750.0
missouri-kansas-city_vs_unc greensboro_20231124,2023-11-24,missouri-kansas-city,UNC Greensboro,2024,0,0,0.1849136,1,380.0,-470.0
missouri-kansas-city_vs_southeast missouri state_20231130,2023-11-30,missouri-kansas-city,Southeast Missouri State,2024,1,1,0.7709989,1,-360.0,290.0
missouri-kansas-city_vs_oral roberts_20231229,2023-12-29,missouri-kansas-city,Oral Roberts,2024,1,0,0.37377238,0,185.0,-225.0
missouri-kansas-city_vs_portland state_20240106,2024-01-06,missouri-kansas-city,Portland State,2024,1,0,0.42579424,0,122.0,-143.0
missouri-kansas-city_vs_north dakota state_20240111,2024-01-11,missouri-kansas-city,North Dakota State,2024,0,1,0.52384454,0,-170.0,142.0
missouri-kansas-city_vs_north dakota_20240113,2024-01-13,missouri-kansas-city,North Dakota,2024,0,1,0.68567824,0,-183.0,154.0
missouri-kansas-city_vs_south dakota_20240127,2024-01-27,missouri-kansas-city,South Dakota,2024,1,1,0.72192127,1,-285.0,230.0
missouri-kansas-city_vs_denver_20240201,2024-02-01,missouri-kansas-city,Denver,2024,1,1,0.558641,1,-131.0,111.0
missouri-kansas-city_vs_st. thomas_20240203,2024-02-03,missouri-kansas-city,St. Thomas,2024,0,0,0.32719788,1,115.0,-140.0
missouri-kansas-city_vs_south dakota state_20240215,2024-02-15,missouri-kansas-city,South Dakota State,2024,1,0,0.49808288,0,145.0,-175.0
missouri-kansas-city_vs_omaha_20240224,2024-02-24,missouri-kansas-city,Omaha,2024,1,1,0.7217004,1,-155.0,130.0
missouri-state_vs_oral roberts_20231113,2023-11-13,missouri-state,Oral Roberts,2024,1,1,0.7458149,1,-290.0,235.0
missouri-state_vs_south carolina state_20231125,2023-11-25,missouri-state,South Carolina State,2024,1,1,0.9503381,1,-7143.0,2000.0
missouri-state_vs_evansville_20231129,2023-11-29,missouri-state,Evansville,2024,1,1,0.8680662,1,-750.0,525.0
missouri-state_vs_sam houston state_20231209,2023-12-09,missouri-state,Sam Houston State,2024,1,1,0.69209886,1,-295.0,237.0
missouri-state_vs_lindenwood_20231219,2023-12-19,missouri-state,Lindenwood,2024,1,1,0.96156824,1,-1793.0,990.0
missouri-state_vs_northern iowa_20240103,2024-01-03,missouri-state,Northern Iowa,2024,0,1,0.613039,0,-125.0,105.0
missouri-state_vs_murray state_20240110,2024-01-10,missouri-state,Murray State,2024,0,1,0.7191764,0,-220.0,190.0
missouri-state_vs_illinois state_20240120,2024-01-20,missouri-state,Illinois State,2024,0,1,0.7620471,0,-293.0,236.0
missouri-state_vs_drake_20240124,2024-01-24,missouri-state,Drake,2024,1,0,0.23908563,0,235.0,-290.0
missouri-state_vs_belmont_20240203,2024-02-03,missouri-state,Belmont,2024,1,1,0.6100567,1,-250.0,205.0
missouri-state_vs_indiana state_20240210,2024-02-10,missouri-state,Indiana State,2024,0,0,0.23016794,1,250.0,-310.0
missouri-state_vs_valparaiso_20240217,2024-02-17,missouri-state,Valparaiso,2024,1,1,0.81274056,1,-900.0,600.0
missouri-state_vs_bradley_20240221,2024-02-21,missouri-state,Bradley,2024,0,0,0.29362208,1,130.0,-150.0
missouri-state_vs_illinoisâchicago_20240303,2024-03-03,missouri-state,IllinoisâChicago,2024,1,1,0.7021167,1,-225.0,195.0
missouri-state_vs_murray state_20240307,2024-03-07,missouri-state,Murray State,2024,1,0,0.3311187,0,135.0,-155.0
monmouth_vs_princeton_20231118,2023-11-18,monmouth,Princeton,2024,0,0,0.19141875,1,320.0,-400.0
monmouth_vs_lehigh_20231121,2023-11-21,monmouth,Lehigh,2024,1,0,0.4215638,0,-108.0,-112.0
monmouth_vs_northern illinois_20231209,2023-12-09,monmouth,Northern Illinois,2024,1,0,0.40216836,0,-111.0,-105.0
monmouth_vs_rider_20231216,2023-12-16,monmouth,Rider,2024,1,1,0.7172925,1,-202.0,168.0
monmouth_vs_manhattan_20231221,2023-12-21,monmouth,Manhattan,2024,1,1,0.8334682,1,-525.0,420.0
monmouth_vs_towson_20240104,2024-01-04,monmouth,Towson,2024,1,1,0.5715281,1,136.0,-161.0
monmouth_vs_northeastern_20240108,2024-01-08,monmouth,Northeastern,2024,1,1,0.70839477,1,-146.0,126.0
monmouth_vs_hampton_20240120,2024-01-20,monmouth,Hampton,2024,1,1,0.91867983,1,-776.0,529.0
monmouth_vs_hofstra_20240127,2024-01-27,monmouth,Hofstra,2024,1,0,0.46743047,0,153.0,-182.0
monmouth_vs_drexel_20240201,2024-02-01,monmouth,Drexel,2024,1,0,0.43051046,0,156.0,-186.0
monmouth_vs_william & mary_20240208,2024-02-08,monmouth,William & Mary,2024,1,1,0.85772884,1,-409.0,314.0
monmouth_vs_campbell_20240215,2024-02-15,monmouth,Campbell,2024,1,1,0.81589603,1,-250.0,210.0
monmouth_vs_stony brook_20240217,2024-02-17,monmouth,Stony Brook,2024,1,1,0.59036547,1,-149.0,127.0
monmouth_vs_north carolina a&t_20240224,2024-02-24,monmouth,North Carolina A&T,2024,1,1,0.8881994,1,-674.0,474.0
montana_vs_uc davis_20231112,2023-11-12,montana,UC Davis,2024,1,1,0.6812079,1,-144.0,123.0
montana_vs_north dakota state_20231116,2023-11-16,montana,North Dakota State,2024,0,1,0.7631824,0,-401.0,309.0
montana_vs_san jose state_20231202,2023-12-02,montana,San Jose State,2024,1,0,0.4015336,0,-165.0,145.0
montana_vs_south dakota_20240106,2024-01-06,montana,South Dakota,2024,1,1,0.9343989,1,-850.0,615.0
montana_vs_northern colorado_20240111,2024-01-11,montana,Northern Colorado,2024,0,1,0.76793057,0,-298.0,240.0
montana_vs_northern arizona_20240113,2024-01-13,montana,Northern Arizona,2024,1,1,0.9186728,1,-1050.0,675.0
montana_vs_weber state_20240122,2024-01-22,montana,Weber State,2024,1,1,0.60131925,1,-135.0,114.0
montana_vs_idaho_20240201,2024-02-01,montana,Idaho,2024,1,1,0.8740741,1,-1226.0,751.0
montana_vs_eastern washington_20240203,2024-02-03,montana,Eastern Washington,2024,0,0,0.47976848,1,-130.0,
montana_vs_montana state_20240217,2024-02-17,montana,Montana State,2024,1,1,0.74306583,1,-332.0,263.0
montana_vs_sacramento state_20240222,2024-02-22,montana,Sacramento State,2024,1,1,0.8850154,1,-1050.0,675.0
montana_vs_portland state_20240224,2024-02-24,montana,Portland State,2024,1,1,0.761499,1,-380.0,295.0
montana_vs_idaho state_20240304,2024-03-04,montana,Idaho State,2024,1,1,0.71060556,1,-425.0,345.0
montana_vs_portland state_20240311,2024-03-11,montana,Portland State,2024,1,1,0.6576904,1,-298.0,240.0
montana_vs_montana state_20240313,2024-03-13,montana,Montana State,2024,0,1,0.65752256,0,-350.0,260.0
montana_vs_presbyterian_20240324,2024-03-24,montana,Presbyterian,2024,1,1,0.7234384,1,-340.0,270.0
montana-state_vs_green bay_20231120,2023-11-20,montana-state,Green Bay,2024,0,1,0.74836266,0,-750.0,525.0
montana-state_vs_uc riverside_20231122,2023-11-22,montana-state,UC Riverside,2024,1,1,0.5666466,1,-148.0,124.0
montana-state_vs_long beach state_20231126,2023-11-26,montana-state,Long Beach State,2024,0,0,0.40039915,1,140.0,-165.0
montana-state_vs_southern utah_20231219,2023-12-19,montana-state,Southern Utah,2024,1,1,0.6441014,1,-155.0,135.0
montana-state_vs_oral roberts_20240103,2024-01-03,montana-state,Oral Roberts,2024,0,1,0.58683074,0,-130.0,
montana-state_vs_northern arizona_20240111,2024-01-11,montana-state,Northern Arizona,2024,1,1,0.741857,1,-192.0,160.0
montana-state_vs_northern colorado_20240113,2024-01-13,montana-state,Northern Colorado,2024,1,1,0.50513023,1,112.0,-132.0
montana-state_vs_montana_20240120,2024-01-20,montana-state,Montana,2024,0,0,0.29635856,1,150.0,-180.0
montana-state_vs_idaho state_20240122,2024-01-22,montana-state,Idaho State,2024,1,1,0.64862776,1,-230.0,190.0
montana-state_vs_eastern washington_20240201,2024-02-01,montana-state,Eastern Washington,2024,1,0,0.33318663,0,155.0,-175.0
montana-state_vs_idaho_20240203,2024-02-03,montana-state,Idaho,2024,0,1,0.7616076,0,-425.0,325.0
montana-state_vs_portland state_20240222,2024-02-22,montana-state,Portland State,2024,1,1,0.6269082,1,-145.0,125.0
montana-state_vs_sacramento state_20240224,2024-02-24,montana-state,Sacramento State,2024,0,1,0.7510761,0,-330.0,275.0
montana-state_vs_weber state_20240304,2024-03-04,montana-state,Weber State,2024,1,0,0.4351324,0,180.0,-218.0
montana-state_vs_weber state_20240311,2024-03-11,montana-state,Weber State,2024,1,0,0.34467325,0,326.0,-427.0
montana-state_vs_sacramento state_20240312,2024-03-12,montana-state,Sacramento State,2024,1,1,0.62434274,1,-222.0,192.0
morehead-state_vs_mercer_20231114,2023-11-14,morehead-state,Mercer,2024,1,1,0.665746,1,-196.0,164.0
morehead-state_vs_chattanooga_20231203,2023-12-03,morehead-state,Chattanooga,2024,1,1,0.6103359,1,-117.0,-103.0
morehead-state_vs_tennessee state_20240106,2024-01-06,morehead-state,Tennessee State,2024,1,1,0.8015434,1,-420.0,340.0
morehead-state_vs_ut martin_20240118,2024-01-18,morehead-state,UT Martin,2024,1,1,0.83131164,1,-410.0,320.0
morehead-state_vs_western illinois_20240127,2024-01-27,morehead-state,Western Illinois,2024,1,1,0.80597866,1,-625.0,485.0
morehead-state_vs_siu edwardsville_20240208,2024-02-08,morehead-state,SIU Edwardsville,2024,1,1,0.84321195,1,-623.0,445.0
morehead-state_vs_eastern illinois_20240210,2024-02-10,morehead-state,Eastern Illinois,2024,1,1,0.9257557,1,-1700.0,900.0
morehead-state_vs_southern indiana_20240220,2024-02-20,morehead-state,Southern Indiana,2024,0,1,0.9417575,0,-1402.0,829.0
morehead-state_vs_southeast missouri state_20240229,2024-02-29,morehead-state,Southeast Missouri State,2024,1,1,0.9652389,1,-2250.0,1000.0
morehead-state_vs_lindenwood_20240302,2024-03-02,morehead-state,Lindenwood,2024,1,1,0.97132415,1,-4000.0,1500.0
morehead-state_vs_siu edwardsville_20240307,2024-03-07,morehead-state,SIU Edwardsville,2024,1,1,0.7100879,1,-537.0,394.0
morehead-state_vs_ut martin_20240308,2024-03-08,morehead-state,UT Martin,2024,1,1,0.77684486,1,-349.0,275.0
morgan-state_vs_radford_20231121,2023-11-21,morgan-state,Radford,2024,0,0,0.17785625,1,425.0,-600.0
morgan-state_vs_longwood_20231203,2023-12-03,morgan-state,Longwood,2024,0,0,0.22411427,1,455.0,-625.0
morgan-state_vs_umbc_20231206,2023-12-06,morgan-state,UMBC,2024,1,1,0.5168947,1,150.0,-185.0
morgan-state_vs_james madison_20231222,2023-12-22,morgan-state,James Madison,2024,0,0,0.08846713,1,1211.0,-2917.0
morgan-state_vs_delaware state_20240108,2024-01-08,morgan-state,Delaware State,2024,0,0,0.41340935,1,,-134.0
morgan-state_vs_howard_20240127,2024-01-27,morgan-state,Howard,2024,1,0,0.422216,0,199.0,-255.0
morgan-state_vs_maryland eastern shore_20240217,2024-02-17,morgan-state,Maryland Eastern Shore,2024,1,1,0.69944376,1,-278.0,225.0
morgan-state_vs_norfolk state_20240226,2024-02-26,morgan-state,Norfolk State,2024,0,0,0.26819226,1,152.0,-188.0
morgan-state_vs_south carolina state_20240302,2024-03-02,morgan-state,South Carolina State,2024,0,0,0.4173048,1,102.0,-122.0
morgan-state_vs_north carolina central_20240304,2024-03-04,morgan-state,North Carolina Central,2024,1,0,0.3103235,0,340.0,-440.0
morgan-state_vs_coppin state_20240307,2024-03-07,morgan-state,Coppin State,2024,1,1,0.76996595,1,-450.0,340.0
mount-st-marys_vs_coppin state_20231111,2023-11-11,mount-st-marys,Coppin State,2024,1,1,0.9464169,1,-1450.0,850.0
mount-st-marys_vs_howard_20231125,2023-11-25,mount-st-marys,Howard,2024,0,1,0.7206732,0,114.0,-135.0
mount-st-marys_vs_siena_20231203,2023-12-03,mount-st-marys,Siena,2024,1,1,0.83248466,1,-450.0,340.0
mount-st-marys_vs_liu_20231223,2023-12-23,mount-st-marys,LIU,2024,1,1,0.9542044,1,-1359.0,734.0
mount-st-marys_vs_canisius_20240105,2024-01-05,mount-st-marys,Canisius,2024,1,1,0.50190645,1,-145.0,125.0
mount-st-marys_vs_marist_20240119,2024-01-19,mount-st-marys,Marist,2024,1,1,0.58396816,1,-173.0,146.0
mount-st-marys_vs_niagara_20240121,2024-01-21,mount-st-marys,Niagara,2024,0,1,0.81245387,0,-234.0,193.0
mount-st-marys_vs_rider_20240127,2024-01-27,mount-st-marys,Rider,2024,0,1,0.6935303,0,-200.0,167.0
mount-st-marys_vs_manhattan_20240208,2024-02-08,mount-st-marys,Manhattan,2024,1,1,0.79210234,1,-440.0,340.0
mount-st-marys_vs_quinnipiac_20240210,2024-02-10,mount-st-marys,Quinnipiac,2024,1,0,0.46445426,0,103.0,-123.0
mount-st-marys_vs_saint peter's_20240223,2024-02-23,mount-st-marys,Saint Peter's,2024,0,1,0.56457007,0,-119.0,102.0
mount-st-marys_vs_iona_20240225,2024-02-25,mount-st-marys,Iona,2024,1,0,0.4662643,0,,-129.0
mount-st-marys_vs_fairfield_20240309,2024-03-09,mount-st-marys,Fairfield,2024,0,0,0.45071894,1,-106.0,
murray-state_vs_unc wilmington_20231120,2023-11-20,murray-state,UNC Wilmington,2024,0,0,0.27782887,1,190.0,-231.0
murray-state_vs_bradley_20231129,2023-11-29,murray-state,Bradley,2024,1,0,0.38072854,0,140.0,-160.0
murray-state_vs_southeastern louisiana_20231216,2023-12-16,murray-state,Southeastern Louisiana,2024,0,1,0.8308688,0,-600.0,404.0
murray-state_vs_smu_20231222,2023-12-22,murray-state,SMU,2024,0,0,0.21255928,1,205.0,-245.0
murray-state_vs_middle tennessee_20231230,2023-12-30,murray-state,Middle Tennessee,2024,1,1,0.6431952,1,-198.0,165.0
murray-state_vs_illinoisâchicago_20240102,2024-01-02,murray-state,IllinoisâChicago,2024,1,0,0.36587697,0,-170.0,150.0
murray-state_vs_northern iowa_20240114,2024-01-14,murray-state,Northern Iowa,2024,0,0,0.43388656,1,-125.0,105.0
murray-state_vs_indiana state_20240121,2024-01-21,murray-state,Indiana State,2024,0,0,0.30221936,1,194.0,-235.0
murray-state_vs_southern illinois_20240127,2024-01-27,murray-state,Southern Illinois,2024,0,0,0.46857524,1,-164.0,139.0
murray-state_vs_illinois state_20240130,2024-01-30,murray-state,Illinois State,2024,0,1,0.79920536,0,-300.0,250.0
murray-state_vs_evansville_20240210,2024-02-10,murray-state,Evansville,2024,1,1,0.84163654,1,-325.0,270.0
murray-state_vs_missouri state_20240214,2024-02-14,murray-state,Missouri State,2024,1,1,0.679293,1,-178.0,150.0
murray-state_vs_valparaiso_20240224,2024-02-24,murray-state,Valparaiso,2024,1,1,0.88891244,1,-1000.0,650.0
murray-state_vs_belmont_20240228,2024-02-28,murray-state,Belmont,2024,0,1,0.60342693,0,-148.0,126.0
navy_vs_temple_20231110,2023-11-10,navy,Temple,2024,0,0,0.2468546,1,225.0,-278.0
navy_vs_vmi_20231129,2023-11-29,navy,VMI,2024,1,1,0.6838632,1,-180.0,150.0
navy_vs_coppin state_20231203,2023-12-03,navy,Coppin State,2024,1,1,0.7804483,1,-470.0,360.0
navy_vs_william & mary_20231230,2023-12-30,navy,William & Mary,2024,1,1,0.6765684,1,-145.0,120.0
navy_vs_boston university_20240103,2024-01-03,navy,Boston University,2024,1,1,0.56588656,1,-145.0,120.0
navy_vs_colgate_20240106,2024-01-06,navy,Colgate,2024,0,0,0.3416493,1,255.0,-340.0
navy_vs_lehigh_20240117,2024-01-17,navy,Lehigh,2024,1,1,0.5677591,1,-150.0,123.0
navy_vs_army_20240120,2024-01-20,navy,Army,2024,1,1,0.5889462,1,-205.0,170.0
navy_vs_loyola (md)_20240127,2024-01-27,navy,Loyola (MD),2024,0,1,0.7942849,0,-350.0,275.0
navy_vs_bucknell_20240207,2024-02-07,navy,Bucknell,2024,0,0,0.46352476,1,-120.0,100.0
navy_vs_american_20240214,2024-02-14,navy,American,2024,0,0,0.39304292,1,-142.0,120.0
navy_vs_holy cross_20240225,2024-02-25,navy,Holy Cross,2024,1,1,0.67767215,1,-224.0,177.0
navy_vs_lafayette_20240228,2024-02-28,navy,Lafayette,2024,1,1,0.5123547,1,-170.0,142.0
navy_vs_loyola (md)_20240305,2024-03-05,navy,Loyola (MD),2024,1,1,0.6686703,1,-290.0,245.0
nebraska_vs_florida a&m_20231109,2023-11-09,nebraska,Florida A&M,2024,1,1,0.96757597,1,-5000.0,1800.0
nebraska_vs_rider_20231113,2023-11-13,nebraska,Rider,2024,1,1,0.97027314,1,-1249.0,761.0
nebraska_vs_stony brook_20231115,2023-11-15,nebraska,Stony Brook,2024,1,1,0.92674404,1,-1700.0,900.0
nebraska_vs_oregon state_20231118,2023-11-18,nebraska,Oregon State,2024,1,1,0.86797464,1,-375.0,295.0
nebraska_vs_duquesne_20231122,2023-11-22,nebraska,Duquesne,2024,1,1,0.7643912,1,-281.0,227.0
nebraska_vs_cal state fullerton_20231126,2023-11-26,nebraska,Cal State Fullerton,2024,1,1,0.9387067,1,-2500.0,1100.0
nebraska_vs_creighton_20231203,2023-12-03,nebraska,Creighton,2024,0,1,0.5640808,0,145.0,-175.0
nebraska_vs_michigan state_20231210,2023-12-10,nebraska,Michigan State,2024,1,1,0.5405329,1,148.0,-175.0
nebraska_vs_north dakota_20231220,2023-12-20,nebraska,North Dakota,2024,1,1,0.9699215,1,-1762.0,978.0
nebraska_vs_south carolina state_20231229,2023-12-29,nebraska,South Carolina State,2024,1,1,0.97605205,1,-5526.0,1773.0
nebraska_vs_indiana_20240103,2024-01-03,nebraska,Indiana,2024,1,1,0.7453816,1,-183.0,163.0
nebraska_vs_purdue_20240109,2024-01-09,nebraska,Purdue,2024,1,0,0.28513062,0,270.0,-340.0
nebraska_vs_northwestern_20240120,2024-01-20,nebraska,Northwestern,2024,1,1,0.6433088,1,-160.0,140.0
nebraska_vs_ohio state_20240123,2024-01-23,nebraska,Ohio State,2024,1,1,0.5361711,1,-180.0,150.0
nebraska_vs_wisconsin_20240201,2024-02-01,nebraska,Wisconsin,2024,1,0,0.35168356,0,-105.0,-115.0
nebraska_vs_michigan_20240210,2024-02-10,nebraska,Michigan,2024,1,1,0.7116351,1,-515.0,381.0
nebraska_vs_penn state_20240217,2024-02-17,nebraska,Penn State,2024,1,1,0.7261855,1,-406.0,312.0
nebraska_vs_minnesota_20240225,2024-02-25,nebraska,Minnesota,2024,1,1,0.66703033,1,-315.0,265.0
nebraska_vs_rutgers_20240303,2024-03-03,nebraska,Rutgers,2024,1,1,0.779649,1,-471.0,354.0
nebraska_vs_texas a&m_20240322,2024-03-22,nebraska,Texas A&M,2024,0,1,0.5367888,0,-102.0,-118.0
nebraska-omaha_vs_william & mary_20231116,2023-11-16,nebraska-omaha,William & Mary,2024,1,0,0.33901694,0,-118.0,-102.0
nebraska-omaha_vs_stetson_20231217,2023-12-17,nebraska-omaha,Stetson,2024,1,0,0.38106,0,102.0,-124.0
nebraska-omaha_vs_denver_20231229,2023-12-29,nebraska-omaha,Denver,2024,0,0,0.30840588,1,-105.0,-115.0
nebraska-omaha_vs_northern arizona_20240103,2024-01-03,nebraska-omaha,Northern Arizona,2024,1,1,0.5283108,1,-136.0,116.0
nebraska-omaha_vs_north dakota_20240111,2024-01-11,nebraska-omaha,North Dakota,2024,1,1,0.63925225,1,-148.0,126.0
nebraska-omaha_vs_north dakota state_20240113,2024-01-13,nebraska-omaha,North Dakota State,2024,1,1,0.5051956,1,-123.0,105.0
nebraska-omaha_vs_kansas city_20240120,2024-01-20,nebraska-omaha,Kansas City,2024,0,1,0.6318484,0,-224.0,186.0
nebraska-omaha_vs_st. thomas_20240201,2024-02-01,nebraska-omaha,St. Thomas,2024,1,0,0.31328452,0,114.0,-135.0
nebraska-omaha_vs_south dakota_20240215,2024-02-15,nebraska-omaha,South Dakota,2024,1,1,0.7765343,1,-425.0,345.0
nebraska-omaha_vs_south dakota state_20240217,2024-02-17,nebraska-omaha,South Dakota State,2024,0,0,0.43897295,1,106.0,-124.0
nebraska-omaha_vs_oral roberts_20240222,2024-02-22,nebraska-omaha,Oral Roberts,2024,1,1,0.66958714,1,-198.0,164.0
nebraska-omaha_vs_north dakota_20240310,2024-03-10,nebraska-omaha,North Dakota,2024,1,0,0.33073708,0,114.0,-135.0
nevada_vs_pacific_20231115,2023-11-15,nevada,Pacific,2024,1,1,0.8954842,1,-950.0,625.0
nevada_vs_portland_20231118,2023-11-18,nevada,Portland,2024,1,1,0.8775469,1,-981.0,635.0
nevada_vs_montana_20231129,2023-11-29,nevada,Montana,2024,1,1,0.93767464,1,-1300.0,790.0
nevada_vs_loyola marymount_20231202,2023-12-02,nevada,Loyola Marymount,2024,1,1,0.9011999,1,-405.0,325.0
nevada_vs_uc davis_20231206,2023-12-06,nevada,UC Davis,2024,1,1,0.9307686,1,-1100.0,700.0
nevada_vs_weber state_20231213,2023-12-13,nevada,Weber State,2024,1,1,0.8471835,1,-430.0,350.0
nevada_vs_temple_20231221,2023-12-21,nevada,Temple,2024,1,1,0.7989187,1,-395.0,310.0
nevada_vs_tcu_20231222,2023-12-22,nevada,TCU,2024,1,0,0.3425269,0,136.0,-162.0
nevada_vs_air force_20240109,2024-01-09,nevada,Air Force,2024,1,1,0.9475973,1,-1400.0,825.0
nevada_vs_boise state_20240112,2024-01-12,nevada,Boise State,2024,0,1,0.6578672,0,-278.0,225.0
nevada_vs_colorado state_20240124,2024-01-24,nevada,Colorado State,2024,1,1,0.50021213,1,-201.0,168.0
nevada_vs_san jose state_20240202,2024-02-02,nevada,San Jose State,2024,1,1,0.86721355,1,-743.0,511.0
nevada_vs_san diego state_20240209,2024-02-09,nevada,San Diego State,2024,1,0,0.4640935,0,-160.0,140.0
nevada_vs_new mexico_20240213,2024-02-13,nevada,New Mexico,2024,0,0,0.45320976,1,-133.0,113.0
nevada_vs_wyoming_20240220,2024-02-20,nevada,Wyoming,2024,1,1,0.90577054,1,-1200.0,750.0
nevada_vs_fresno state_20240301,2024-03-01,nevada,Fresno State,2024,1,1,0.9469197,1,-1200.0,775.0
nevada_vs_unlv_20240309,2024-03-09,nevada,UNLV,2024,1,1,0.689468,1,-249.0,204.0
nevada-las-vegas_vs_richmond_20231121,2023-11-21,nevada-las-vegas,Richmond,2024,0,1,0.6091116,0,-150.0,130.0
nevada-las-vegas_vs_akron_20231128,2023-11-28,nevada-las-vegas,Akron,2024,1,1,0.708831,1,-165.0,140.0
nevada-las-vegas_vs_loyola marymount_20231209,2023-12-09,nevada-las-vegas,Loyola Marymount,2024,0,1,0.6985853,0,-148.0,126.0
nevada-las-vegas_vs_creighton_20231213,2023-12-13,nevada-las-vegas,Creighton,2024,1,0,0.21906869,0,697.0,-1111.0
nevada-las-vegas_vs_hofstra_20231221,2023-12-21,nevada-las-vegas,Hofstra,2024,1,1,0.5568846,1,-190.0,165.0
nevada-las-vegas_vs_new mexico_20240109,2024-01-09,nevada-las-vegas,New Mexico,2024,1,0,0.40189445,0,120.0,-140.0
nevada-las-vegas_vs_utah state_20240113,2024-01-13,nevada-las-vegas,Utah State,2024,0,0,0.37043455,1,103.0,-121.0
nevada-las-vegas_vs_air force_20240123,2024-01-23,nevada-las-vegas,Air Force,2024,0,1,0.9225344,0,-625.0,455.0
nevada-las-vegas_vs_fresno state_20240130,2024-01-30,nevada-las-vegas,Fresno State,2024,1,1,0.8581008,1,-375.0,295.0
nevada-las-vegas_vs_wyoming_20240203,2024-02-03,nevada-las-vegas,Wyoming,2024,1,1,0.82294005,1,-455.0,350.0
nevada-las-vegas_vs_nevada_20240217,2024-02-17,nevada-las-vegas,Nevada,2024,0,0,0.4393567,1,-128.0,108.0
nevada-las-vegas_vs_colorado state_20240224,2024-02-24,nevada-las-vegas,Colorado State,2024,1,0,0.41492382,0,,
nevada-las-vegas_vs_san jose state_20240302,2024-03-02,nevada-las-vegas,San Jose State,2024,1,1,0.91082966,1,-1250.0,775.0
nevada-las-vegas_vs_san diego state_20240305,2024-03-05,nevada-las-vegas,San Diego State,2024,1,0,0.36569944,0,137.0,-157.0
nevada-las-vegas_vs_san diego state_20240314,2024-03-14,nevada-las-vegas,San Diego State,2024,0,0,0.43919212,1,155.0,-190.0
nevada-las-vegas_vs_boston college_20240324,2024-03-24,nevada-las-vegas,Boston College,2024,1,1,0.6831928,1,-165.0,145.0
new-hampshire_vs_brown_20231114,2023-11-14,new-hampshire,Brown,2024,1,0,0.4345334,0,205.0,-250.0
new-hampshire_vs_marist_20231121,2023-11-21,new-hampshire,Marist,2024,1,1,0.6056168,1,-198.0,164.0
new-hampshire_vs_columbia_20231203,2023-12-03,new-hampshire,Columbia,2024,1,1,0.61898273,1,-185.0,154.0
new-hampshire_vs_stonehill_20231211,2023-12-11,new-hampshire,Stonehill,2024,1,1,0.90159434,1,-1329.0,723.0
new-hampshire_vs_umass lowell_20240106,2024-01-06,new-hampshire,UMass Lowell,2024,0,0,0.39956683,1,-115.0,-105.0
new-hampshire_vs_bryant_20240113,2024-01-13,new-hampshire,Bryant,2024,0,1,0.5806323,0,-125.0,105.0
new-hampshire_vs_binghamton_20240125,2024-01-25,new-hampshire,Binghamton,2024,1,1,0.7912492,1,-388.0,285.0
new-hampshire_vs_albany (ny)_20240127,2024-01-27,new-hampshire,Albany (NY),2024,0,1,0.6302368,0,-198.0,164.0
new-hampshire_vs_maine_20240210,2024-02-10,new-hampshire,Maine,2024,1,1,0.6523071,1,-189.0,153.0
new-hampshire_vs_njit_20240222,2024-02-22,new-hampshire,NJIT,2024,1,1,0.72030914,1,-523.0,362.0
new-hampshire_vs_umbc_20240224,2024-02-24,new-hampshire,UMBC,2024,0,1,0.77817094,0,-266.0,207.0
new-hampshire_vs_vermont_20240305,2024-03-05,new-hampshire,Vermont,2024,0,0,0.16508451,1,322.0,-450.0
new-hampshire_vs_binghamton_20240309,2024-03-09,new-hampshire,Binghamton,2024,1,1,0.51682353,1,-250.0,195.0
new-mexico_vs_ut arlington_20231116,2023-11-16,new-mexico,UT Arlington,2024,1,1,0.90558696,1,-1350.0,800.0
new-mexico_vs_toledo_20231121,2023-11-21,new-mexico,Toledo,2024,1,1,0.85638815,1,-130.0,
new-mexico_vs_rice_20231122,2023-11-22,new-mexico,Rice,2024,1,1,0.9183049,1,-356.0,279.0
new-mexico_vs_pepperdine_20231124,2023-11-24,new-mexico,Pepperdine,2024,1,1,0.86772776,1,-450.0,360.0
new-mexico_vs_louisiana tech_20231129,2023-11-29,new-mexico,Louisiana Tech,2024,1,1,0.7920201,1,-300.0,250.0
new-mexico_vs_new mexico state_20231202,2023-12-02,new-mexico,New Mexico State,2024,1,1,0.9606706,1,-2100.0,1100.0
new-mexico_vs_uc santa barbara_20231206,2023-12-06,new-mexico,UC Santa Barbara,2024,1,1,0.9477381,1,-1100.0,650.0
new-mexico_vs_santa clara_20231209,2023-12-09,new-mexico,Santa Clara,2024,1,1,0.85606444,1,-503.0,373.0
new-mexico_vs_uc irvine_20231220,2023-12-20,new-mexico,UC Irvine,2024,1,1,0.7842972,1,-430.0,328.0
new-mexico_vs_wyoming_20240106,2024-01-06,new-mexico,Wyoming,2024,1,1,0.94547695,1,-1580.0,904.0
new-mexico_vs_san diego state_20240113,2024-01-13,new-mexico,San Diego State,2024,1,1,0.59630835,1,-175.0,145.0
new-mexico_vs_utah state_20240116,2024-01-16,new-mexico,Utah State,2024,1,1,0.6566655,1,-278.0,225.0
new-mexico_vs_nevada_20240128,2024-01-28,new-mexico,Nevada,2024,1,1,0.74371374,1,-430.0,328.0
new-mexico_vs_boise state_20240131,2024-01-31,new-mexico,Boise State,2024,0,1,0.76238954,0,-625.0,455.0
new-mexico_vs_unlv_20240210,2024-02-10,new-mexico,UNLV,2024,0,1,0.8469682,0,-750.0,525.0
new-mexico_vs_colorado state_20240221,2024-02-21,new-mexico,Colorado State,2024,1,1,0.68206674,1,-353.0,277.0
new-mexico_vs_air force_20240224,2024-02-24,new-mexico,Air Force,2024,0,1,0.9659225,0,-2250.0,1000.0
new-mexico_vs_fresno state_20240306,2024-03-06,new-mexico,Fresno State,2024,1,1,0.95653075,1,-2200.0,1050.0
new-mexico_vs_san diego state_20240316,2024-03-16,new-mexico,San Diego State,2024,1,1,0.56884766,1,105.0,-125.0
new-mexico-state_vs_northern colorado_20231118,2023-11-18,new-mexico-state,Northern Colorado,2024,1,1,0.7176328,1,-362.0,283.0
new-mexico-state_vs_southern illinois_20231122,2023-11-22,new-mexico-state,Southern Illinois,2024,0,0,0.33202344,1,160.0,-180.0
new-mexico-state_vs_new mexico_20231215,2023-12-15,new-mexico-state,New Mexico,2024,0,0,0.1534637,1,764.0,-1255.0
new-mexico-state_vs_california baptist_20231230,2023-12-30,new-mexico-state,California Baptist,2024,1,0,0.46015,0,-140.0,115.0
new-mexico-state_vs_utep_20240104,2024-01-04,new-mexico-state,UTEP,2024,1,0,0.47048953,0,-148.0,124.0
new-mexico-state_vs_western kentucky_20240118,2024-01-18,new-mexico-state,Western Kentucky,2024,1,0,0.30751958,0,-148.0,124.0
new-mexico-state_vs_middle tennessee_20240120,2024-01-20,new-mexico-state,Middle Tennessee,2024,1,1,0.6851588,1,-250.0,205.0
new-mexico-state_vs_liberty_20240201,2024-02-01,new-mexico-state,Liberty,2024,1,0,0.27580193,0,185.0,-225.0
new-mexico-state_vs_jacksonville state_20240203,2024-02-03,new-mexico-state,Jacksonville State,2024,1,0,0.45161894,0,-135.0,115.0
new-mexico-state_vs_sam houston state_20240222,2024-02-22,new-mexico-state,Sam Houston State,2024,0,0,0.4239377,1,107.0,-125.0
new-mexico-state_vs_louisiana tech_20240224,2024-02-24,new-mexico-state,Louisiana Tech,2024,0,0,0.18363771,1,340.0,-450.0
new-mexico-state_vs_florida international_20240309,2024-03-09,new-mexico-state,Florida International,2024,1,1,0.5837617,1,-184.0,155.0
new-mexico-state_vs_western kentucky_20240314,2024-03-14,new-mexico-state,Western Kentucky,2024,0,0,0.24223185,1,237.0,-295.0
new-orleans_vs_north dakota_20231125,2023-11-25,new-orleans,North Dakota,2024,0,1,0.5129961,0,114.0,-135.0
new-orleans_vs_southeastern louisiana_20240106,2024-01-06,new-orleans,Southeastern Louisiana,2024,0,1,0.6658383,0,-125.0,105.0
new-orleans_vs_texas a&mâcommerce_20240108,2024-01-08,new-orleans,Texas A&MâCommerce,2024,1,1,0.5765358,1,-162.0,136.0
new-orleans_vs_texas a&mâcorpus christi_20240113,2024-01-13,new-orleans,Texas A&MâCorpus Christi,2024,1,1,0.5111825,1,154.0,-185.0
new-orleans_vs_northwestern state_20240120,2024-01-20,new-orleans,Northwestern State,2024,0,1,0.7977128,0,-300.0,230.0
new-orleans_vs_incarnate word_20240203,2024-02-03,new-orleans,Incarnate Word,2024,0,1,0.6600518,0,-192.0,160.0
new-orleans_vs_lamar_20240217,2024-02-17,new-orleans,Lamar,2024,0,0,0.37933064,1,192.0,-245.0
new-orleans_vs_mcneese state_20240306,2024-03-06,new-orleans,McNeese State,2024,0,0,0.093799524,1,1000.0,-1800.0
new-orleans_vs_southeastern louisiana_20240310,2024-03-10,new-orleans,Southeastern Louisiana,2024,1,0,0.3552037,0,192.0,-245.0
niagara_vs_bucknell_20231111,2023-11-11,niagara,Bucknell,2024,0,1,0.6657525,0,-600.0,440.0
niagara_vs_saint peter's_20231201,2023-12-01,niagara,Saint Peter's,2024,0,0,0.43044046,1,-120.0,100.0
niagara_vs_quinnipiac_20231203,2023-12-03,niagara,Quinnipiac,2024,0,0,0.40402654,1,-112.0,-108.0
niagara_vs_st. bonaventure_20231206,2023-12-06,niagara,St. Bonaventure,2024,0,0,0.2168396,1,250.0,-310.0
niagara_vs_njit_20231216,2023-12-16,niagara,NJIT,2024,1,1,0.69049776,1,-261.0,204.0
niagara_vs_fairfield_20240112,2024-01-12,niagara,Fairfield,2024,1,0,0.3329987,0,,-135.0
niagara_vs_siena_20240115,2024-01-15,niagara,Siena,2024,0,1,0.7649521,0,-265.0,215.0
niagara_vs_marist_20240126,2024-01-26,niagara,Marist,2024,1,0,0.47952962,0,-135.0,114.0
niagara_vs_manhattan_20240128,2024-01-28,niagara,Manhattan,2024,0,1,0.77510685,0,-481.0,360.0
niagara_vs_canisius_20240206,2024-02-06,niagara,Canisius,2024,1,1,0.6285812,1,-195.0,170.0
niagara_vs_iona_20240208,2024-02-08,niagara,Iona,2024,0,0,0.36876962,1,125.0,-146.0
niagara_vs_rider_20240301,2024-03-01,niagara,Rider,2024,0,1,0.51575685,0,-140.0,120.0
niagara_vs_mount st. mary's_20240303,2024-03-03,niagara,Mount St. Mary's,2024,0,0,0.48706096,1,-202.0,169.0
niagara_vs_siena_20240312,2024-03-12,niagara,Siena,2024,1,1,0.73705435,1,-644.0,457.0
njit_vs_saint peter's_20231111,2023-11-11,njit,Saint Peter's,2024,0,0,0.2933662,1,148.0,-183.0
njit_vs_delaware state_20231120,2023-11-20,njit,Delaware State,2024,1,0,0.47644743,0,136.0,-167.0
njit_vs_morgan state_20231231,2023-12-31,njit,Morgan State,2024,1,1,0.578263,1,-205.0,175.0
njit_vs_albany (ny)_20240106,2024-01-06,njit,Albany (NY),2024,0,0,0.39110136,1,140.0,-173.0
njit_vs_new hampshire_20240118,2024-01-18,njit,New Hampshire,2024,0,0,0.37227374,1,175.0,-220.0
njit_vs_maine_20240120,2024-01-20,njit,Maine,2024,0,0,0.48034942,1,175.0,-220.0
njit_vs_bryant_20240125,2024-01-25,njit,Bryant,2024,0,0,0.2660077,1,358.0,-514.0
njit_vs_vermont_20240208,2024-02-08,njit,Vermont,2024,1,0,0.13345455,0,599.0,-1018.0
njit_vs_umass lowell_20240210,2024-02-10,njit,UMass Lowell,2024,1,0,0.23270093,0,330.0,-465.0
njit_vs_binghamton_20240217,2024-02-17,njit,Binghamton,2024,0,1,0.5219338,0,108.0,-131.0
njit_vs_umbc_20240229,2024-02-29,njit,UMBC,2024,0,0,0.49685526,1,,-134.0
norfolk-state_vs_san jose state_20231118,2023-11-18,norfolk-state,San Jose State,2024,0,0,0.26544604,1,171.0,-204.0
norfolk-state_vs_william & mary_20231128,2023-11-28,norfolk-state,William & Mary,2024,1,1,0.653833,1,-162.0,136.0
norfolk-state_vs_south dakota state_20231221,2023-12-21,norfolk-state,South Dakota State,2024,1,0,0.43009344,0,180.0,-225.0
norfolk-state_vs_coppin state_20240127,2024-01-27,norfolk-state,Coppin State,2024,1,1,0.9375508,1,-1491.0,782.0
norfolk-state_vs_morgan state_20240129,2024-01-29,norfolk-state,Morgan State,2024,1,1,0.912597,1,-900.0,600.0
norfolk-state_vs_delaware state_20240203,2024-02-03,norfolk-state,Delaware State,2024,1,1,0.8163328,1,-450.0,340.0
norfolk-state_vs_south carolina state_20240217,2024-02-17,norfolk-state,South Carolina State,2024,1,1,0.7339401,1,-375.0,290.0
norfolk-state_vs_north carolina central_20240219,2024-02-19,norfolk-state,North Carolina Central,2024,1,1,0.6854343,1,-324.0,245.0
norfolk-state_vs_maryland eastern shore_20240304,2024-03-04,norfolk-state,Maryland Eastern Shore,2024,1,1,0.8596892,1,-950.0,625.0
norfolk-state_vs_howard_20240307,2024-03-07,norfolk-state,Howard,2024,1,1,0.7087348,1,-180.0,150.0
norfolk-state_vs_alabama a&m_20240323,2024-03-23,norfolk-state,Alabama A&M,2024,1,1,0.7778475,1,-475.0,385.0
north-alabama_vs_jacksonville state_20231118,2023-11-18,north-alabama,Jacksonville State,2024,1,1,0.7370557,1,-148.0,124.0
north-alabama_vs_morehead state_20231210,2023-12-10,north-alabama,Morehead State,2024,0,1,0.5768002,0,-128.0,106.0
north-alabama_vs_central arkansas_20240106,2024-01-06,north-alabama,Central Arkansas,2024,0,1,0.86615837,0,-574.0,390.0
north-alabama_vs_bellarmine_20240111,2024-01-11,north-alabama,Bellarmine,2024,1,1,0.6906943,1,-230.0,190.0
north-alabama_vs_eastern kentucky_20240113,2024-01-13,north-alabama,Eastern Kentucky,2024,0,0,0.45094526,1,135.0,-160.0
north-alabama_vs_queens (nc)_20240127,2024-01-27,north-alabama,Queens (NC),2024,1,1,0.6740579,1,-224.0,178.0
north-alabama_vs_stetson_20240201,2024-02-01,north-alabama,Stetson,2024,1,0,0.42222485,0,-144.0,118.0
north-alabama_vs_florida gulf coast_20240203,2024-02-03,north-alabama,Florida Gulf Coast,2024,1,0,0.46896377,0,-117.0,-103.0
north-alabama_vs_lipscomb_20240215,2024-02-15,north-alabama,Lipscomb,2024,1,0,0.47699946,0,-105.0,-115.0
north-alabama_vs_austin peay_20240217,2024-02-17,north-alabama,Austin Peay,2024,0,0,0.4862824,1,-218.0,180.0
north-carolina_vs_lehigh_20231112,2023-11-12,north-carolina,Lehigh,2024,1,1,0.9806693,1,-3641.0,1388.0
north-carolina_vs_uc riverside_20231117,2023-11-17,north-carolina,UC Riverside,2024,1,1,0.9723387,1,-100000.0,5000.0
north-carolina_vs_northern iowa_20231122,2023-11-22,north-carolina,Northern Iowa,2024,1,1,0.9194674,1,-770.0,570.0
north-carolina_vs_villanova_20231123,2023-11-23,north-carolina,Villanova,2024,0,0,0.47712627,1,-142.0,120.0
north-carolina_vs_tennessee_20231129,2023-11-29,north-carolina,Tennessee,2024,1,1,0.7259214,1,-135.0,114.0
north-carolina_vs_florida state_20231202,2023-12-02,north-carolina,Florida State,2024,1,1,0.9001691,1,-900.0,640.0
north-carolina_vs_oklahoma_20231220,2023-12-20,north-carolina,Oklahoma,2024,1,1,0.6675746,1,-168.0,142.0
north-carolina_vs_charleston southern_20231229,2023-12-29,north-carolina,Charleston Southern,2024,1,1,0.9794341,1,-99995.0,10000.0
north-carolina_vs_syracuse_20240113,2024-01-13,north-carolina,Syracuse,2024,1,1,0.8761597,1,-800.0,580.0
north-carolina_vs_louisville_20240117,2024-01-17,north-carolina,Louisville,2024,1,1,0.9784087,1,-2831.0,1359.0
north-carolina_vs_wake forest_20240122,2024-01-22,north-carolina,Wake Forest,2024,1,1,0.8395538,1,-399.0,308.0
north-carolina_vs_duke_20240203,2024-02-03,north-carolina,Duke,2024,1,1,0.71782464,1,-214.0,178.0
north-carolina_vs_clemson_20240206,2024-02-06,north-carolina,Clemson,2024,0,1,0.79157573,0,-305.0,255.0
north-carolina_vs_virginia tech_20240217,2024-02-17,north-carolina,Virginia Tech,2024,1,1,0.8107169,1,-650.0,470.0
north-carolina_vs_miami (fl)_20240226,2024-02-26,north-carolina,Miami (FL),2024,1,1,0.88366044,1,-1274.0,772.0
north-carolina_vs_nc state_20240302,2024-03-02,north-carolina,NC State,2024,1,1,0.8892015,1,-669.0,471.0
north-carolina_vs_notre dame_20240305,2024-03-05,north-carolina,Notre Dame,2024,1,1,0.91687685,1,-1800.0,1000.0
north-carolina_vs_pittsburgh_20240315,2024-03-15,north-carolina,Pittsburgh,2024,1,1,0.7274708,1,-355.0,280.0
north-carolina_vs_nc state_20240316,2024-03-16,north-carolina,NC State,2024,0,1,0.7733335,0,-510.0,405.0
north-carolina_vs_wagner_20240321,2024-03-21,north-carolina,Wagner,2024,1,1,0.9546451,1,-6500.0,2000.0
north-carolina-asheville_vs_wofford_20231125,2023-11-25,north-carolina-asheville,Wofford,2024,1,1,0.795889,1,-185.0,154.0
north-carolina-asheville_vs_western kentucky_20231126,2023-11-26,north-carolina-asheville,Western Kentucky,2024,1,1,0.66657716,1,210.0,-275.0
north-carolina-asheville_vs_south carolina state_20231218,2023-12-18,north-carolina-asheville,South Carolina State,2024,1,1,0.8984088,1,-1125.0,643.0
north-carolina-asheville_vs_kennesaw state_20231223,2023-12-23,north-carolina-asheville,Kennesaw State,2024,1,1,0.67114407,1,-192.0,167.0
north-carolina-asheville_vs_usc upstate_20240103,2024-01-03,north-carolina-asheville,USC Upstate,2024,1,1,0.78656477,1,-600.0,425.0
north-carolina-asheville_vs_longwood_20240113,2024-01-13,north-carolina-asheville,Longwood,2024,1,1,0.52984333,1,-166.0,135.0
north-carolina-asheville_vs_radford_20240124,2024-01-24,north-carolina-asheville,Radford,2024,1,1,0.70743495,1,-275.0,210.0
north-carolina-asheville_vs_winthrop_20240203,2024-02-03,north-carolina-asheville,Winthrop,2024,1,1,0.54675156,1,-142.0,117.0
north-carolina-asheville_vs_high point_20240207,2024-02-07,north-carolina-asheville,High Point,2024,1,0,0.3838707,0,-108.0,-113.0
north-carolina-asheville_vs_presbyterian_20240214,2024-02-14,north-carolina-asheville,Presbyterian,2024,1,1,0.8928961,1,-626.0,417.0
north-carolina-asheville_vs_charleston southern_20240217,2024-02-17,north-carolina-asheville,Charleston Southern,2024,1,1,0.8717481,1,-800.0,550.0
north-carolina-asheville_vs_gardner-webb_20240224,2024-02-24,north-carolina-asheville,Gardner-Webb,2024,0,1,0.72912735,0,-270.0,220.0
north-carolina-at_vs_unc greensboro_20231110,2023-11-10,north-carolina-at,UNC Greensboro,2024,0,0,0.07242471,1,1400.0,-5000.0
north-carolina-at_vs_the citadel_20231202,2023-12-02,north-carolina-at,The Citadel,2024,0,0,0.22840126,1,250.0,-300.0
north-carolina-at_vs_north carolina central_20231212,2023-12-12,north-carolina-at,North Carolina Central,2024,0,0,0.34529603,1,175.0,-205.0
north-carolina-at_vs_texas southern_20231216,2023-12-16,north-carolina-at,Texas Southern,2024,1,0,0.16101617,0,347.0,-495.0
north-carolina-at_vs_campbell_20240104,2024-01-04,north-carolina-at,Campbell,2024,1,0,0.454651,0,120.0,-140.0
north-carolina-at_vs_drexel_20240111,2024-01-11,north-carolina-at,Drexel,2024,0,0,0.120164886,1,725.0,-1200.0
north-carolina-at_vs_northeastern_20240118,2024-01-18,north-carolina-at,Northeastern,2024,1,0,0.25613832,0,245.0,-305.0
north-carolina-at_vs_william & mary_20240120,2024-01-20,north-carolina-at,William & Mary,2024,1,1,0.55476594,1,100.0,-117.0
north-carolina-at_vs_hampton_20240201,2024-02-01,north-carolina-at,Hampton,2024,1,1,0.6298091,1,-151.0,131.0
north-carolina-at_vs_elon_20240203,2024-02-03,north-carolina-at,Elon,2024,0,0,0.49268183,1,130.0,-155.0
north-carolina-at_vs_hofstra_20240210,2024-02-10,north-carolina-at,Hofstra,2024,0,0,0.1483617,1,600.0,-900.0
north-carolina-at_vs_delaware_20240217,2024-02-17,north-carolina-at,Delaware,2024,0,0,0.13488853,1,550.0,-800.0
north-carolina-at_vs_towson_20240229,2024-02-29,north-carolina-at,Towson,2024,0,0,0.11862825,1,605.0,-825.0
north-carolina-at_vs_william & mary_20240308,2024-03-08,north-carolina-at,William & Mary,2024,0,0,0.31459862,1,209.0,-256.0
north-carolina-central_vs_usc upstate_20231202,2023-12-02,north-carolina-central,USC Upstate,2024,0,1,0.50051534,0,-148.0,124.0
north-carolina-central_vs_longwood_20231220,2023-12-20,north-carolina-central,Longwood,2024,1,0,0.3283261,0,195.0,-249.0
north-carolina-central_vs_howard_20240106,2024-01-06,north-carolina-central,Howard,2024,1,0,0.49709645,0,-149.0,122.0
north-carolina-central_vs_norfolk state_20240108,2024-01-08,north-carolina-central,Norfolk State,2024,1,0,0.3930587,0,-125.0,105.0
north-carolina-central_vs_coppin state_20240203,2024-02-03,north-carolina-central,Coppin State,2024,1,1,0.9048239,1,-800.0,550.0
north-carolina-central_vs_morgan state_20240205,2024-02-05,north-carolina-central,Morgan State,2024,0,1,0.9021194,0,-420.0,340.0
north-carolina-central_vs_maryland eastern shore_20240224,2024-02-24,north-carolina-central,Maryland Eastern Shore,2024,1,1,0.8547497,1,-489.0,344.0
north-carolina-central_vs_delaware state_20240226,2024-02-26,north-carolina-central,Delaware State,2024,1,1,0.74977934,1,-250.0,200.0
north-carolina-central_vs_south carolina state_20240307,2024-03-07,north-carolina-central,South Carolina State,2024,1,1,0.69501144,1,-350.0,275.0
north-carolina-greensboro_vs_eastern kentucky_20231207,2023-12-07,north-carolina-greensboro,Eastern Kentucky,2024,1,1,0.6955709,1,-275.0,220.0
north-carolina-greensboro_vs_elon_20231210,2023-12-10,north-carolina-greensboro,Elon,2024,1,1,0.9023051,1,-1000.0,660.0
north-carolina-greensboro_vs_furman_20240103,2024-01-03,north-carolina-greensboro,Furman,2024,1,1,0.6180272,1,-225.0,195.0
north-carolina-greensboro_vs_east tennessee state_20240106,2024-01-06,north-carolina-greensboro,East Tennessee State,2024,1,1,0.6870617,1,-300.0,250.0
north-carolina-greensboro_vs_the citadel_20240117,2024-01-17,north-carolina-greensboro,The Citadel,2024,1,1,0.76882607,1,-649.0,459.0
north-carolina-greensboro_vs_wofford_20240120,2024-01-20,north-carolina-greensboro,Wofford,2024,1,1,0.7783279,1,-290.0,245.0
north-carolina-greensboro_vs_mercer_20240127,2024-01-27,north-carolina-greensboro,Mercer,2024,0,1,0.76308626,0,-708.0,493.0
north-carolina-greensboro_vs_samford_20240208,2024-02-08,north-carolina-greensboro,Samford,2024,0,0,0.3703349,1,-117.0,-103.0
north-carolina-greensboro_vs_chattanooga_20240210,2024-02-10,north-carolina-greensboro,Chattanooga,2024,0,1,0.7240544,0,-198.0,165.0
north-carolina-greensboro_vs_western carolina_20240221,2024-02-21,north-carolina-greensboro,Western Carolina,2024,1,1,0.55671877,1,-182.0,162.0
north-carolina-greensboro_vs_vmi_20240228,2024-02-28,north-carolina-greensboro,VMI,2024,1,1,0.9570434,1,-4284.0,1786.0
north-carolina-state_vs_abilene christian_20231110,2023-11-10,north-carolina-state,Abilene Christian,2024,1,1,0.80928826,1,-603.0,433.0
north-carolina-state_vs_charleston southern_20231117,2023-11-17,north-carolina-state,Charleston Southern,2024,1,1,0.9675706,1,-3950.0,1457.0
north-carolina-state_vs_vanderbilt_20231123,2023-11-23,north-carolina-state,Vanderbilt,2024,1,1,0.63543665,1,-350.0,280.0
north-carolina-state_vs_maryland eastern shore_20231206,2023-12-06,north-carolina-state,Maryland Eastern Shore,2024,1,1,0.9764805,1,-20000.0,4000.0
north-carolina-state_vs_ut martin_20231212,2023-12-12,north-carolina-state,UT Martin,2024,1,1,0.952966,1,-2175.0,1134.0
north-carolina-state_vs_tennessee_20231216,2023-12-16,north-carolina-state,Tennessee,2024,0,0,0.29025745,1,380.0,-470.0
north-carolina-state_vs_saint louis_20231220,2023-12-20,north-carolina-state,Saint Louis,2024,1,1,0.91729903,1,-750.0,525.0
north-carolina-state_vs_detroit mercy_20231223,2023-12-23,north-carolina-state,Detroit Mercy,2024,1,1,0.97534674,1,-3500.0,1750.0
north-carolina-state_vs_virginia_20240106,2024-01-06,north-carolina-state,Virginia,2024,1,0,0.46957853,0,-118.0,101.0
north-carolina-state_vs_north carolina_20240110,2024-01-10,north-carolina-state,North Carolina,2024,0,0,0.38566813,1,130.0,-154.0
north-carolina-state_vs_wake forest_20240116,2024-01-16,north-carolina-state,Wake Forest,2024,1,1,0.51140684,1,-130.0,
north-carolina-state_vs_virginia tech_20240120,2024-01-20,north-carolina-state,Virginia Tech,2024,0,1,0.6498081,0,-206.0,172.0
north-carolina-state_vs_miami (fl)_20240130,2024-01-30,north-carolina-state,Miami (FL),2024,1,0,0.46515968,0,-190.0,165.0
north-carolina-state_vs_georgia tech_20240203,2024-02-03,north-carolina-state,Georgia Tech,2024,1,1,0.7151972,1,-395.0,310.0
north-carolina-state_vs_pittsburgh_20240207,2024-02-07,north-carolina-state,Pittsburgh,2024,0,1,0.6271806,0,-162.0,136.0
north-carolina-state_vs_syracuse_20240220,2024-02-20,north-carolina-state,Syracuse,2024,0,1,0.66154796,0,-301.0,241.0
north-carolina-state_vs_boston college_20240224,2024-02-24,north-carolina-state,Boston College,2024,1,1,0.65377617,1,-220.0,190.0
north-carolina-state_vs_duke_20240304,2024-03-04,north-carolina-state,Duke,2024,0,0,0.37779883,1,230.0,-300.0
north-carolina-state_vs_syracuse_20240313,2024-03-13,north-carolina-state,Syracuse,2024,1,0,0.47621655,0,105.0,-122.0
north-carolina-state_vs_virginia_20240315,2024-03-15,north-carolina-state,Virginia,2024,1,0,0.44326982,0,122.0,-142.0
north-carolina-state_vs_texas tech_20240321,2024-03-21,north-carolina-state,Texas Tech,2024,1,0,0.28007227,0,170.0,-195.0
north-carolina-state_vs_oakland_20240323,2024-03-23,north-carolina-state,Oakland,2024,1,1,0.67572707,1,-278.0,225.0
north-carolina-state_vs_purdue_20240406,2024-04-06,north-carolina-state,Purdue,2024,0,0,0.2051593,1,370.0,-460.0
north-carolina-wilmington_vs_monmouth_20240111,2024-01-11,north-carolina-wilmington,Monmouth,2024,1,1,0.72372526,1,-408.0,314.0
north-carolina-wilmington_vs_delaware_20240114,2024-01-14,north-carolina-wilmington,Delaware,2024,1,1,0.66645056,1,-242.0,199.0
north-carolina-wilmington_vs_college of charleston_20240120,2024-01-20,north-carolina-wilmington,College of Charleston,2024,1,1,0.5843785,1,-145.0,125.0
north-carolina-wilmington_vs_campbell_20240203,2024-02-03,north-carolina-wilmington,Campbell,2024,1,1,0.95052475,1,-1200.0,750.0
north-carolina-wilmington_vs_drexel_20240208,2024-02-08,north-carolina-wilmington,Drexel,2024,1,1,0.6452709,1,-192.0,160.0
north-carolina-wilmington_vs_north carolina a&t_20240215,2024-02-15,north-carolina-wilmington,North Carolina A&T,2024,1,1,0.9630714,1,-3922.0,1687.0
north-carolina-wilmington_vs_elon_20240217,2024-02-17,north-carolina-wilmington,Elon,2024,0,1,0.9380673,0,-1629.0,924.0
north-carolina-wilmington_vs_hofstra_20240229,2024-02-29,north-carolina-wilmington,Hofstra,2024,0,1,0.66429263,0,-197.0,165.0
north-carolina-wilmington_vs_towson_20240302,2024-03-02,north-carolina-wilmington,Towson,2024,1,1,0.6928358,1,-175.0,155.0
north-carolina-wilmington_vs_towson_20240310,2024-03-10,north-carolina-wilmington,Towson,2024,0,1,0.61065656,0,-155.0,130.0
north-dakota_vs_elon_20231112,2023-11-12,north-dakota,Elon,2024,1,1,0.5710254,1,-218.0,180.0
north-dakota_vs_portland_20231209,2023-12-09,north-dakota,Portland,2024,0,0,0.41218933,1,-102.0,-118.0
north-dakota_vs_st. thomas_20231229,2023-12-29,north-dakota,St. Thomas,2024,0,0,0.37657833,1,-157.0,133.0
north-dakota_vs_northern colorado_20240103,2024-01-03,north-dakota,Northern Colorado,2024,0,1,0.51521206,0,-135.0,
north-dakota_vs_oral roberts_20240118,2024-01-18,north-dakota,Oral Roberts,2024,1,0,0.46775344,0,,-130.0
north-dakota_vs_denver_20240120,2024-01-20,north-dakota,Denver,2024,1,0,0.30749795,0,-122.0,102.0
north-dakota_vs_north dakota state_20240203,2024-02-03,north-dakota,North Dakota State,2024,1,1,0.5980059,1,-191.0,160.0
north-dakota_vs_omaha_20240208,2024-02-08,north-dakota,Omaha,2024,1,1,0.51550937,1,-184.0,154.0
north-dakota_vs_kansas city_20240210,2024-02-10,north-dakota,Kansas City,2024,0,1,0.64972997,0,-305.0,245.0
north-dakota_vs_south dakota state_20240229,2024-02-29,north-dakota,South Dakota State,2024,0,0,0.48614314,1,-102.0,-114.0
north-dakota_vs_south dakota_20240302,2024-03-02,north-dakota,South Dakota,2024,1,1,0.78097785,1,-411.0,315.0
north-dakota-state_vs_san jose state_20231204,2023-12-04,north-dakota-state,San Jose State,2024,1,0,0.41706517,0,-150.0,125.0
north-dakota-state_vs_portland_20231207,2023-12-07,north-dakota-state,Portland,2024,1,1,0.5253355,1,-141.0,120.0
north-dakota-state_vs_south dakota_20231229,2023-12-29,north-dakota-state,South Dakota,2024,0,1,0.8336712,0,-325.0,270.0
north-dakota-state_vs_montana_20240103,2024-01-03,north-dakota-state,Montana,2024,0,0,0.40715215,1,,-130.0
north-dakota-state_vs_denver_20240118,2024-01-18,north-dakota-state,Denver,2024,0,0,0.3908923,1,-155.0,135.0
north-dakota-state_vs_oral roberts_20240120,2024-01-20,north-dakota-state,Oral Roberts,2024,1,1,0.64486015,1,-154.0,134.0
north-dakota-state_vs_kansas city_20240208,2024-02-08,north-dakota-state,Kansas City,2024,1,1,0.57230556,1,-195.0,163.0
north-dakota-state_vs_omaha_20240210,2024-02-10,north-dakota-state,Omaha,2024,1,1,0.5701175,1,-170.0,142.0
north-dakota-state_vs_st. thomas_20240222,2024-02-22,north-dakota-state,St. Thomas,2024,1,0,0.3260439,0,114.0,-135.0
north-dakota-state_vs_north dakota_20240224,2024-02-24,north-dakota-state,North Dakota,2024,1,1,0.5345927,1,-130.0,
north-dakota-state_vs_south dakota state_20240302,2024-03-02,north-dakota-state,South Dakota State,2024,0,0,0.36447954,1,130.0,-155.0
north-dakota-state_vs_st. thomas_20240310,2024-03-10,north-dakota-state,St. Thomas,2024,0,0,0.2404087,1,170.0,-204.0
northeastern_vs_old dominion_20231202,2023-12-02,northeastern,Old Dominion,2024,1,1,0.65707844,1,-135.0,115.0
northeastern_vs_vermont_20231206,2023-12-06,northeastern,Vermont,2024,0,0,0.3591868,1,-115.0,-105.0
northeastern_vs_stony brook_20240104,2024-01-04,northeastern,Stony Brook,2024,0,1,0.7189332,0,-238.0,195.0
northeastern_vs_hofstra_20240111,2024-01-11,northeastern,Hofstra,2024,1,0,0.28687203,0,170.0,-205.0
northeastern_vs_towson_20240113,2024-01-13,northeastern,Towson,2024,1,0,0.43786195,0,-142.0,120.0
northeastern_vs_unc wilmington_20240125,2024-01-25,northeastern,UNC Wilmington,2024,0,0,0.37094253,1,120.0,-142.0
northeastern_vs_william & mary_20240127,2024-01-27,northeastern,William & Mary,2024,0,1,0.8083198,0,-440.0,340.0
northeastern_vs_monmouth_20240210,2024-02-10,northeastern,Monmouth,2024,1,1,0.5044062,1,-164.0,139.0
northeastern_vs_college of charleston_20240215,2024-02-15,northeastern,College of Charleston,2024,0,0,0.39597073,1,160.0,-192.0
northeastern_vs_elon_20240222,2024-02-22,northeastern,Elon,2024,1,1,0.76399416,1,-505.0,375.0
northeastern_vs_hampton_20240224,2024-02-24,northeastern,Hampton,2024,1,1,0.82725924,1,-675.0,490.0
northeastern_vs_stony brook_20240309,2024-03-09,northeastern,Stony Brook,2024,0,0,0.36325675,1,-102.0,-118.0
northern-arizona_vs_vmi_20231118,2023-11-18,northern-arizona,VMI,2024,1,1,0.7865791,1,-185.0,154.0
northern-arizona_vs_pacific_20231202,2023-12-02,northern-arizona,Pacific,2024,1,1,0.5723598,1,-218.0,180.0
northern-arizona_vs_southern utah_20231216,2023-12-16,northern-arizona,Southern Utah,2024,1,1,0.68072873,1,-187.0,157.0
northern-arizona_vs_north dakota_20240106,2024-01-06,northern-arizona,North Dakota,2024,1,1,0.5233669,1,-142.0,120.0
northern-arizona_vs_portland state_20240118,2024-01-18,northern-arizona,Portland State,2024,1,0,0.3598769,0,167.0,-200.0
northern-arizona_vs_sacramento state_20240120,2024-01-20,northern-arizona,Sacramento State,2024,1,0,0.49742377,0,-150.0,127.0
northern-arizona_vs_weber state_20240201,2024-02-01,northern-arizona,Weber State,2024,0,0,0.27419567,1,225.0,-278.0
northern-arizona_vs_idaho state_20240203,2024-02-03,northern-arizona,Idaho State,2024,0,0,0.4219457,1,-130.0,
northern-arizona_vs_montana_20240208,2024-02-08,northern-arizona,Montana,2024,0,0,0.27348936,1,220.0,-270.0
northern-arizona_vs_montana state_20240210,2024-02-10,northern-arizona,Montana State,2024,1,0,0.33329448,0,105.0,-125.0
northern-arizona_vs_eastern washington_20240222,2024-02-22,northern-arizona,Eastern Washington,2024,1,0,0.15910996,0,350.0,-455.0
northern-arizona_vs_idaho_20240224,2024-02-24,northern-arizona,Idaho,2024,0,0,0.44815728,1,-190.0,155.0
northern-arizona_vs_northern colorado_20240304,2024-03-04,northern-arizona,Northern Colorado,2024,0,0,0.28596136,1,151.0,-180.0
northern-colorado_vs_radford_20231122,2023-11-22,northern-colorado,Radford,2024,0,0,0.33428466,1,160.0,-190.0
northern-colorado_vs_cal state northridge_20231202,2023-12-02,northern-colorado,Cal State Northridge,2024,1,1,0.62347853,1,-220.0,190.0
northern-colorado_vs_northern arizona_20231230,2023-12-30,northern-colorado,Northern Arizona,2024,1,1,0.609609,1,-265.0,225.0
northern-colorado_vs_denver_20240106,2024-01-06,northern-colorado,Denver,2024,1,0,0.47437346,0,-185.0,154.0
northern-colorado_vs_sacramento state_20240118,2024-01-18,northern-colorado,Sacramento State,2024,1,1,0.76592517,1,-465.0,375.0
northern-colorado_vs_portland state_20240120,2024-01-20,northern-colorado,Portland State,2024,1,1,0.7361313,1,-285.0,230.0
northern-colorado_vs_idaho state_20240201,2024-02-01,northern-colorado,Idaho State,2024,1,1,0.71826935,1,-444.0,337.0
northern-colorado_vs_weber state_20240203,2024-02-03,northern-colorado,Weber State,2024,0,0,0.43630803,1,-125.0,105.0
northern-colorado_vs_montana state_20240208,2024-02-08,northern-colorado,Montana State,2024,1,1,0.6971712,1,-311.0,249.0
northern-colorado_vs_montana_20240210,2024-02-10,northern-colorado,Montana,2024,1,0,0.40881464,0,-125.0,105.0
northern-colorado_vs_idaho_20240222,2024-02-22,northern-colorado,Idaho,2024,1,1,0.75126296,1,-625.0,455.0
northern-colorado_vs_eastern washington_20240224,2024-02-24,northern-colorado,Eastern Washington,2024,0,0,0.44138303,1,-112.0,-108.0
northern-illinois_vs_indiana state_20231205,2023-12-05,northern-illinois,Indiana State,2024,0,0,0.3688813,1,260.0,-310.0
northern-illinois_vs_northern iowa_20231221,2023-12-21,northern-illinois,Northern Iowa,2024,0,0,0.46394244,1,145.0,-175.0
northern-illinois_vs_akron_20240102,2024-01-02,northern-illinois,Akron,2024,0,0,0.4472522,1,210.0,-265.0
northern-illinois_vs_bowling green_20240113,2024-01-13,northern-illinois,Bowling Green,2024,0,1,0.5625925,0,,
northern-illinois_vs_kent state_20240116,2024-01-16,northern-illinois,Kent State,2024,0,0,0.4388024,1,165.0,-200.0
northern-illinois_vs_toledo_20240123,2024-01-23,northern-illinois,Toledo,2024,0,0,0.35709292,1,190.0,-230.0
northern-illinois_vs_eastern michigan_20240203,2024-02-03,northern-illinois,Eastern Michigan,2024,1,1,0.64927053,1,-265.0,225.0
northern-illinois_vs_buffalo_20240213,2024-02-13,northern-illinois,Buffalo,2024,1,1,0.7884178,1,-425.0,330.0
northern-illinois_vs_ball state_20240220,2024-02-20,northern-illinois,Ball State,2024,0,0,0.4569783,1,-118.0,-102.0
northern-illinois_vs_ohio_20240224,2024-02-24,northern-illinois,Ohio,2024,0,0,0.28340396,1,280.0,-355.0
northern-illinois_vs_central michigan_20240305,2024-03-05,northern-illinois,Central Michigan,2024,0,0,0.44715643,1,131.0,-154.0
northern-iowa_vs_texas tech_20231123,2023-11-23,northern-iowa,Texas Tech,2024,0,0,0.2575991,1,260.0,-310.0
northern-iowa_vs_stanford_20231124,2023-11-24,northern-iowa,Stanford,2024,1,0,0.22577474,0,200.0,-240.0
northern-iowa_vs_belmont_20231129,2023-11-29,northern-iowa,Belmont,2024,0,1,0.7435495,0,-395.0,310.0
northern-iowa_vs_richmond_20231206,2023-12-06,northern-iowa,Richmond,2024,1,0,0.44963413,0,-145.0,120.0
northern-iowa_vs_alcorn state_20231217,2023-12-17,northern-iowa,Alcorn State,2024,1,1,0.92733824,1,-1777.0,880.0
northern-iowa_vs_indiana state_20240107,2024-01-07,northern-iowa,Indiana State,2024,0,0,0.4260373,1,114.0,-135.0
northern-iowa_vs_illinoisâchicago_20240110,2024-01-10,northern-iowa,IllinoisâChicago,2024,1,1,0.7445908,1,-346.0,272.0
northern-iowa_vs_southern illinois_20240120,2024-01-20,northern-iowa,Southern Illinois,2024,1,1,0.5559964,1,-250.0,200.0
northern-iowa_vs_evansville_20240123,2024-01-23,northern-iowa,Evansville,2024,1,1,0.8906388,1,-1200.0,750.0
northern-iowa_vs_murray state_20240203,2024-02-03,northern-iowa,Murray State,2024,0,1,0.7060215,0,-278.0,225.0
northern-iowa_vs_missouri state_20240207,2024-02-07,northern-iowa,Missouri State,2024,1,1,0.66811246,1,-198.0,164.0
northern-iowa_vs_bradley_20240218,2024-02-18,northern-iowa,Bradley,2024,1,0,0.36551952,0,137.0,-157.0
northern-iowa_vs_drake_20240224,2024-02-24,northern-iowa,Drake,2024,1,0,0.32559904,0,113.0,-132.0
northern-iowa_vs_valparaiso_20240227,2024-02-27,northern-iowa,Valparaiso,2024,1,1,0.892546,1,-1600.0,900.0
northern-kentucky_vs_texas a&mâcorpus christi_20231122,2023-11-22,northern-kentucky,Texas A&MâCorpus Christi,2024,1,1,0.8386348,1,-373.0,276.0
northern-kentucky_vs_liu_20231125,2023-11-25,northern-kentucky,LIU,2024,1,1,0.97277063,1,-1450.0,850.0
northern-kentucky_vs_robert morris_20231129,2023-11-29,northern-kentucky,Robert Morris,2024,1,1,0.7462015,1,-375.0,290.0
northern-kentucky_vs_akron_20231209,2023-12-09,northern-kentucky,Akron,2024,0,0,0.49339837,1,136.0,-162.0
northern-kentucky_vs_youngstown state_20240104,2024-01-04,northern-kentucky,Youngstown State,2024,1,0,0.43262565,0,-115.0,-102.0
northern-kentucky_vs_milwaukee_20240118,2024-01-18,northern-kentucky,Milwaukee,2024,1,1,0.7299152,1,-135.0,115.0
northern-kentucky_vs_green bay_20240120,2024-01-20,northern-kentucky,Green Bay,2024,1,1,0.6065979,1,-247.0,202.0
northern-kentucky_vs_wright state_20240204,2024-02-04,northern-kentucky,Wright State,2024,0,0,0.46615002,1,157.0,-187.0
northern-kentucky_vs_oakland_20240208,2024-02-08,northern-kentucky,Oakland,2024,1,0,0.45766503,0,-105.0,-115.0
northern-kentucky_vs_detroit mercy_20240210,2024-02-10,northern-kentucky,Detroit Mercy,2024,1,1,0.9461207,1,-1050.0,675.0
northern-kentucky_vs_cleveland state_20240222,2024-02-22,northern-kentucky,Cleveland State,2024,1,1,0.6190582,1,-147.0,125.0
northern-kentucky_vs_iupui_20240225,2024-02-25,northern-kentucky,IUPUI,2024,1,1,0.9460246,1,-1839.0,1008.0
north-florida_vs_presbyterian_20231116,2023-11-16,north-florida,Presbyterian,2024,0,1,0.52392393,0,-115.0,-105.0
north-florida_vs_northwestern state_20231117,2023-11-17,north-florida,Northwestern State,2024,1,1,0.69258785,1,-298.0,240.0
north-florida_vs_maine_20231118,2023-11-18,north-florida,Maine,2024,1,0,0.31839207,0,148.0,-184.0
north-florida_vs_high point_20231202,2023-12-02,north-florida,High Point,2024,0,0,0.33619815,1,160.0,-192.0
north-florida_vs_georgia southern_20231209,2023-12-09,north-florida,Georgia Southern,2024,1,1,0.6050137,1,-136.0,112.0
north-florida_vs_jacksonville_20240112,2024-01-12,north-florida,Jacksonville,2024,1,1,0.66268754,1,-232.0,184.0
north-florida_vs_kennesaw state_20240118,2024-01-18,north-florida,Kennesaw State,2024,1,0,0.49564317,0,135.0,-160.0
north-florida_vs_queens (nc)_20240120,2024-01-20,north-florida,Queens (NC),2024,1,1,0.69983876,1,-191.0,154.0
north-florida_vs_lipscomb_20240131,2024-01-31,north-florida,Lipscomb,2024,1,0,0.46462822,0,100.0,-120.0
north-florida_vs_north alabama_20240208,2024-02-08,north-florida,North Alabama,2024,0,1,0.7282334,0,-225.0,185.0
north-florida_vs_central arkansas_20240210,2024-02-10,north-florida,Central Arkansas,2024,0,1,0.84351194,0,-750.0,525.0
north-florida_vs_florida gulf coast_20240228,2024-02-28,north-florida,Florida Gulf Coast,2024,0,1,0.6337783,0,-180.0,150.0
north-florida_vs_stetson_20240301,2024-03-01,north-florida,Stetson,2024,1,0,0.46961465,0,-128.0,105.0
north-texas_vs_omaha_20231111,2023-11-11,north-texas,Omaha,2024,1,1,0.8288807,1,-1215.0,746.0
north-texas_vs_st. john's (ny)_20231116,2023-11-16,north-texas,St. John's (NY),2024,0,0,0.32505792,1,195.0,-238.0
north-texas_vs_towson_20231119,2023-11-19,north-texas,Towson,2024,1,1,0.64397424,1,-218.0,181.0
north-texas_vs_mississippi valley state_20231202,2023-12-02,north-texas,Mississippi Valley State,2024,1,1,0.9733055,1,-50001.0,6600.0
north-texas_vs_ut arlington_20231223,2023-12-23,north-texas,UT Arlington,2024,1,1,0.78323704,1,-366.0,286.0
north-texas_vs_tulane_20240106,2024-01-06,north-texas,Tulane,2024,1,1,0.7491645,1,-137.0,117.0
north-texas_vs_temple_20240113,2024-01-13,north-texas,Temple,2024,1,1,0.9371714,1,-615.0,475.0
north-texas_vs_smu_20240125,2024-01-25,north-texas,SMU,2024,1,0,0.45925674,0,-105.0,-115.0
north-texas_vs_uab_20240131,2024-01-31,north-texas,UAB,2024,0,1,0.8603167,0,-278.0,225.0
north-texas_vs_south florida_20240203,2024-02-03,north-texas,South Florida,2024,0,1,0.8231147,0,-278.0,225.0
north-texas_vs_memphis_20240215,2024-02-15,north-texas,Memphis,2024,1,1,0.7345671,1,-113.0,-103.0
north-texas_vs_utsa_20240224,2024-02-24,north-texas,UTSA,2024,0,1,0.93028015,0,-1200.0,750.0
north-texas_vs_east carolina_20240303,2024-03-03,north-texas,East Carolina,2024,1,1,0.8312675,1,-472.0,354.0
north-texas_vs_florida atlantic_20240306,2024-03-06,north-texas,Florida Atlantic,2024,0,1,0.590369,0,125.0,-145.0
north-texas_vs_tulane_20240314,2024-03-14,north-texas,Tulane,2024,1,1,0.7531585,1,-236.0,194.0
northwestern_vs_dayton_20231110,2023-11-10,northwestern,Dayton,2024,1,1,0.7404274,1,-220.0,190.0
northwestern_vs_rhode island_20231118,2023-11-18,northwestern,Rhode Island,2024,1,1,0.81958514,1,-473.0,355.0
northwestern_vs_northern illinois_20231127,2023-11-27,northwestern,Northern Illinois,2024,1,1,0.8979973,1,-1400.0,800.0
northwestern_vs_purdue_20231201,2023-12-01,northwestern,Purdue,2024,1,0,0.34751558,0,200.0,-240.0
northwestern_vs_detroit mercy_20231210,2023-12-10,northwestern,Detroit Mercy,2024,1,1,0.97967255,1,-4500.0,1500.0
northwestern_vs_chicago state_20231213,2023-12-13,northwestern,Chicago State,2024,0,1,0.9783255,0,-3794.0,1422.0
northwestern_vs_jackson state_20231229,2023-12-29,northwestern,Jackson State,2024,1,1,0.9660691,1,-2100.0,1100.0
northwestern_vs_michigan state_20240107,2024-01-07,northwestern,Michigan State,2024,1,0,0.30772713,0,130.0,-162.0
northwestern_vs_maryland_20240117,2024-01-17,northwestern,Maryland,2024,1,1,0.6764451,1,-198.0,166.0
northwestern_vs_illinois_20240124,2024-01-24,northwestern,Illinois,2024,1,0,0.32670003,0,160.0,-180.0
northwestern_vs_ohio state_20240127,2024-01-27,northwestern,Ohio State,2024,1,0,0.44198993,0,-182.0,153.0
northwestern_vs_nebraska_20240207,2024-02-07,northwestern,Nebraska,2024,1,1,0.6104218,1,-276.0,224.0
northwestern_vs_penn state_20240211,2024-02-11,northwestern,Penn State,2024,1,1,0.74666584,1,-350.0,280.0
northwestern_vs_michigan_20240222,2024-02-22,northwestern,Michigan,2024,1,1,0.766577,1,-900.0,575.0
northwestern_vs_iowa_20240302,2024-03-02,northwestern,Iowa,2024,0,1,0.64543086,0,-155.0,130.0
northwestern_vs_minnesota_20240309,2024-03-09,northwestern,Minnesota,2024,1,1,0.67481256,1,-205.0,170.0
northwestern_vs_wisconsin_20240315,2024-03-15,northwestern,Wisconsin,2024,0,0,0.3492595,1,170.0,-195.0
northwestern-state_vs_stephen f. austin_20231113,2023-11-13,northwestern-state,Stephen F. Austin,2024,0,0,0.12242112,1,559.0,-832.0
northwestern-state_vs_presbyterian_20231118,2023-11-18,northwestern-state,Presbyterian,2024,0,0,0.3053398,1,280.0,-350.0
northwestern-state_vs_rice_20231216,2023-12-16,northwestern-state,Rice,2024,0,0,0.20102718,1,440.0,-600.0
northwestern-state_vs_mcneese state_20240108,2024-01-08,northwestern-state,McNeese State,2024,0,0,0.092300855,1,1200.0,-2400.0
northwestern-state_vs_incarnate word_20240113,2024-01-13,northwestern-state,Incarnate Word,2024,1,0,0.45334104,0,114.0,-138.0
northwestern-state_vs_texas a&mâcorpus christi_20240127,2024-01-27,northwestern-state,Texas A&MâCorpus Christi,2024,0,0,0.3227535,1,210.0,-258.0
northwestern-state_vs_texas a&mâcommerce_20240203,2024-02-03,northwestern-state,Texas A&MâCommerce,2024,1,1,0.5514355,1,-136.0,112.0
northwestern-state_vs_southeastern louisiana_20240210,2024-02-10,northwestern-state,Southeastern Louisiana,2024,0,1,0.5086049,0,101.0,-122.0
northwestern-state_vs_new orleans_20240212,2024-02-12,northwestern-state,New Orleans,2024,1,1,0.61740875,1,-150.0,130.0
northwestern-state_vs_lamar_20240302,2024-03-02,northwestern-state,Lamar,2024,0,0,0.4237743,1,123.0,-150.0
northwestern-state_vs_texas a&mâcommerce_20240310,2024-03-10,northwestern-state,Texas A&MâCommerce,2024,0,1,0.56966317,0,,
notre-dame_vs_oklahoma state_20231117,2023-11-17,notre-dame,Oklahoma State,2024,1,0,0.18321516,0,255.0,-305.0
notre-dame_vs_maryland eastern shore_20231122,2023-11-22,notre-dame,Maryland Eastern Shore,2024,1,1,0.8480599,1,-800.0,550.0
notre-dame_vs_georgetown_20231216,2023-12-16,notre-dame,Georgetown,2024,0,0,0.45789385,1,-189.0,159.0
notre-dame_vs_the citadel_20231219,2023-12-19,notre-dame,The Citadel,2024,0,1,0.75103694,0,-430.0,350.0
notre-dame_vs_marist_20231222,2023-12-22,notre-dame,Marist,2024,1,1,0.5474897,1,-250.0,205.0
notre-dame_vs_virginia_20231230,2023-12-30,notre-dame,Virginia,2024,1,0,0.17967989,0,405.0,-510.0
notre-dame_vs_nc state_20240103,2024-01-03,notre-dame,NC State,2024,0,0,0.3605521,1,167.0,-200.0
notre-dame_vs_duke_20240106,2024-01-06,notre-dame,Duke,2024,0,0,0.19818603,1,775.0,-1250.0
notre-dame_vs_florida state_20240113,2024-01-13,notre-dame,Florida State,2024,0,0,0.4720349,1,102.0,-122.0
notre-dame_vs_miami (fl)_20240124,2024-01-24,notre-dame,Miami (FL),2024,0,0,0.26688874,1,185.0,-225.0
notre-dame_vs_boston college_20240127,2024-01-27,notre-dame,Boston College,2024,0,0,0.38039324,1,125.0,-145.0
notre-dame_vs_virginia tech_20240210,2024-02-10,notre-dame,Virginia Tech,2024,1,0,0.29568812,0,188.0,-227.0
notre-dame_vs_georgia tech_20240214,2024-02-14,notre-dame,Georgia Tech,2024,1,1,0.5876478,1,-170.0,142.0
notre-dame_vs_wake forest_20240227,2024-02-27,notre-dame,Wake Forest,2024,1,0,0.23696418,0,230.0,-285.0
notre-dame_vs_clemson_20240302,2024-03-02,notre-dame,Clemson,2024,1,0,0.2344957,0,235.0,-280.0
notre-dame_vs_wake forest_20240313,2024-03-13,notre-dame,Wake Forest,2024,0,0,0.21379113,1,410.0,-550.0
oakland_vs_bowling green_20231114,2023-11-14,oakland,Bowling Green,2024,1,1,0.6178847,1,-150.0,130.0
oakland_vs_toledo_20231206,2023-12-06,oakland,Toledo,2024,0,1,0.6156073,0,-115.0,-105.0
oakland_vs_milwaukee_20240104,2024-01-04,oakland,Milwaukee,2024,1,1,0.83136874,1,-241.0,198.0
oakland_vs_green bay_20240106,2024-01-06,oakland,Green Bay,2024,1,1,0.7875087,1,-332.0,263.0
oakland_vs_northern kentucky_20240110,2024-01-10,oakland,Northern Kentucky,2024,1,1,0.7383187,1,-250.0,210.0
oakland_vs_youngstown state_20240117,2024-01-17,oakland,Youngstown State,2024,1,1,0.6289092,1,-165.0,140.0
oakland_vs_robert morris_20240201,2024-02-01,oakland,Robert Morris,2024,1,1,0.83028716,1,-460.0,370.0
oakland_vs_cleveland state_20240203,2024-02-03,oakland,Cleveland State,2024,1,1,0.7179221,1,-170.0,142.0
oakland_vs_iupui_20240217,2024-02-17,oakland,IUPUI,2024,1,1,0.97187376,1,-3000.0,1200.0
oakland_vs_wright state_20240225,2024-02-25,oakland,Wright State,2024,0,1,0.7924194,0,-190.0,160.0
oakland_vs_detroit mercy_20240302,2024-03-02,oakland,Detroit Mercy,2024,1,1,0.96886134,1,-1750.0,950.0
ohio_vs_detroit mercy_20231118,2023-11-18,ohio,Detroit Mercy,2024,1,1,0.9395289,1,-1700.0,900.0
ohio_vs_delaware_20231202,2023-12-02,ohio,Delaware,2024,1,1,0.74479103,1,-355.0,285.0
ohio_vs_youngstown state_20231206,2023-12-06,ohio,Youngstown State,2024,0,1,0.76909286,0,-400.0,320.0
ohio_vs_marshall_20231209,2023-12-09,ohio,Marshall,2024,0,1,0.7645801,0,-368.0,287.0
ohio_vs_toledo_20240102,2024-01-02,ohio,Toledo,2024,0,1,0.6599844,0,-124.0,106.0
ohio_vs_northern illinois_20240106,2024-01-06,ohio,Northern Illinois,2024,1,1,0.7069038,1,-245.0,205.0
ohio_vs_central michigan_20240116,2024-01-16,ohio,Central Michigan,2024,1,1,0.8099825,1,-625.0,455.0
ohio_vs_eastern michigan_20240120,2024-01-20,ohio,Eastern Michigan,2024,1,1,0.83217293,1,-806.0,546.0
ohio_vs_buffalo_20240130,2024-01-30,ohio,Buffalo,2024,1,1,0.9089686,1,-1100.0,700.0
ohio_vs_miami (oh)_20240203,2024-02-03,ohio,Miami (OH),2024,1,1,0.742436,1,-341.0,269.0
ohio_vs_kent state_20240220,2024-02-20,ohio,Kent State,2024,1,1,0.623999,1,-184.0,155.0
ohio_vs_akron_20240227,2024-02-27,ohio,Akron,2024,1,0,0.41293713,0,-122.0,102.0
ohio_vs_bowling green_20240301,2024-03-01,ohio,Bowling Green,2024,1,1,0.7661412,1,-395.0,310.0
ohio-state_vs_texas a&m_20231110,2023-11-10,ohio-state,Texas A&M,2024,0,1,0.52034396,0,-121.0,103.0
ohio-state_vs_merrimack_20231115,2023-11-15,ohio-state,Merrimack,2024,1,1,0.9536743,1,-3673.0,1395.0
ohio-state_vs_santa clara_20231125,2023-11-25,ohio-state,Santa Clara,2024,1,1,0.7495763,1,-300.0,230.0
ohio-state_vs_central michigan_20231129,2023-11-29,ohio-state,Central Michigan,2024,1,1,0.9775084,1,-3000.0,1200.0
ohio-state_vs_minnesota_20231203,2023-12-03,ohio-state,Minnesota,2024,1,1,0.83602226,1,-1000.0,660.0
ohio-state_vs_miami (oh)_20231206,2023-12-06,ohio-state,Miami (OH),2024,1,1,0.9804822,1,-8000.0,1800.0
ohio-state_vs_ucla_20231216,2023-12-16,ohio-state,UCLA,2024,1,1,0.6544008,1,-124.0,106.0
ohio-state_vs_new orleans_20231221,2023-12-21,ohio-state,New Orleans,2024,1,1,0.9781214,1,-3673.0,1395.0
ohio-state_vs_west virginia_20231230,2023-12-30,ohio-state,West Virginia,2024,1,1,0.8545007,1,-415.0,335.0
ohio-state_vs_rutgers_20240103,2024-01-03,ohio-state,Rutgers,2024,1,1,0.8564142,1,-378.0,294.0
ohio-state_vs_wisconsin_20240110,2024-01-10,ohio-state,Wisconsin,2024,0,1,0.59698623,0,-158.0,134.0
ohio-state_vs_penn state_20240120,2024-01-20,ohio-state,Penn State,2024,1,1,0.7711232,1,-485.0,370.0
ohio-state_vs_illinois_20240130,2024-01-30,ohio-state,Illinois,2024,0,0,0.44263417,1,124.0,-148.0
ohio-state_vs_indiana_20240206,2024-02-06,ohio-state,Indiana,2024,0,1,0.7714785,0,-265.0,225.0
ohio-state_vs_maryland_20240210,2024-02-10,ohio-state,Maryland,2024,1,1,0.69667786,1,-148.0,124.0
ohio-state_vs_purdue_20240218,2024-02-18,ohio-state,Purdue,2024,1,0,0.28859925,0,335.0,-415.0
ohio-state_vs_nebraska_20240229,2024-02-29,ohio-state,Nebraska,2024,1,1,0.54445297,1,-155.0,130.0
ohio-state_vs_michigan_20240303,2024-03-03,ohio-state,Michigan,2024,1,1,0.7959383,1,-800.0,580.0
ohio-state_vs_cornell_20240319,2024-03-19,ohio-state,Cornell,2024,1,1,0.83996814,1,-650.0,470.0
ohio-state_vs_virginia tech_20240323,2024-03-23,ohio-state,Virginia Tech,2024,1,1,0.6793,1,-250.0,200.0
ohio-state_vs_georgia_20240326,2024-03-26,ohio-state,Georgia,2024,0,1,0.7998894,0,-428.0,347.0
oklahoma_vs_mississippi valley state_20231110,2023-11-10,oklahoma,Mississippi Valley State,2024,1,1,0.97486454,1,-99995.0,15000.0
oklahoma_vs_texas state_20231114,2023-11-14,oklahoma,Texas State,2024,1,1,0.95334667,1,-1600.0,900.0
oklahoma_vs_southern california_20231124,2023-11-24,oklahoma,Southern California,2024,1,0,0.4187959,0,115.0,-140.0
oklahoma_vs_arkansasâpine bluff_20231130,2023-11-30,oklahoma,ArkansasâPine Bluff,2024,1,1,0.97524333,1,-20000.0,4000.0
oklahoma_vs_providence_20231205,2023-12-05,oklahoma,Providence,2024,1,1,0.6640271,1,-210.0,180.0
oklahoma_vs_green bay_20231216,2023-12-16,oklahoma,Green Bay,2024,1,1,0.9758012,1,-10000.0,1600.0
oklahoma_vs_central arkansas_20231228,2023-12-28,oklahoma,Central Arkansas,2024,1,1,0.9828918,1,-33333.0,6000.0
oklahoma_vs_monmouth_20231231,2023-12-31,oklahoma,Monmouth,2024,1,1,0.946311,1,-3820.0,1658.0
oklahoma_vs_iowa state_20240106,2024-01-06,oklahoma,Iowa State,2024,1,1,0.59699064,1,-142.0,120.0
oklahoma_vs_west virginia_20240117,2024-01-17,oklahoma,West Virginia,2024,1,1,0.90801424,1,-898.0,593.0
oklahoma_vs_texas_20240123,2024-01-23,oklahoma,Texas,2024,0,1,0.68271166,0,-206.0,172.0
oklahoma_vs_texas tech_20240127,2024-01-27,oklahoma,Texas Tech,2024,0,1,0.5757053,0,-167.0,141.0
oklahoma_vs_brigham young_20240206,2024-02-06,oklahoma,Brigham Young,2024,1,0,0.49060756,0,-144.0,124.0
oklahoma_vs_oklahoma state_20240210,2024-02-10,oklahoma,Oklahoma State,2024,1,1,0.8858523,1,-660.0,510.0
oklahoma_vs_kansas_20240217,2024-02-17,oklahoma,Kansas,2024,0,0,0.46379483,1,135.0,-155.0
oklahoma_vs_houston_20240302,2024-03-02,oklahoma,Houston,2024,0,0,0.2601363,1,240.0,-300.0
oklahoma_vs_cincinnati_20240305,2024-03-05,oklahoma,Cincinnati,2024,1,1,0.64582735,1,-210.0,170.0
oklahoma_vs_tcu_20240313,2024-03-13,oklahoma,TCU,2024,0,0,0.36660618,1,152.0,-181.0
oklahoma-state_vs_st. bonaventure_20231116,2023-11-16,oklahoma-state,St. Bonaventure,2024,0,0,0.49031046,1,-155.0,135.0
oklahoma-state_vs_new orleans_20231120,2023-11-20,oklahoma-state,New Orleans,2024,1,1,0.8718172,1,-1200.0,725.0
oklahoma-state_vs_creighton_20231130,2023-11-30,oklahoma-state,Creighton,2024,0,0,0.43382022,1,290.0,-375.0
oklahoma-state_vs_tulsa_20231210,2023-12-10,oklahoma-state,Tulsa,2024,1,1,0.71205074,1,-285.0,240.0
oklahoma-state_vs_oral roberts_20231217,2023-12-17,oklahoma-state,Oral Roberts,2024,1,1,0.8183084,1,-416.0,319.0
oklahoma-state_vs_wofford_20231220,2023-12-20,oklahoma-state,Wofford,2024,1,1,0.8680612,1,-1050.0,675.0
oklahoma-state_vs_south carolina state_20231231,2023-12-31,oklahoma-state,South Carolina State,2024,1,1,0.969127,1,-10000.0,2500.0
oklahoma-state_vs_chicago state_20240103,2024-01-03,oklahoma-state,Chicago State,2024,1,1,0.93680644,1,-5000.0,1500.0
oklahoma-state_vs_baylor_20240106,2024-01-06,oklahoma-state,Baylor,2024,0,0,0.30640128,1,174.0,-209.0
oklahoma-state_vs_kansas_20240116,2024-01-16,oklahoma-state,Kansas,2024,0,0,0.31264725,1,260.0,-328.0
oklahoma-state_vs_tcu_20240123,2024-01-23,oklahoma-state,TCU,2024,0,0,0.31353366,1,170.0,-205.0
oklahoma-state_vs_west virginia_20240127,2024-01-27,oklahoma-state,West Virginia,2024,1,1,0.6805707,1,-180.0,151.0
oklahoma-state_vs_kansas state_20240203,2024-02-03,oklahoma-state,Kansas State,2024,1,0,0.42244947,0,,-130.0
oklahoma-state_vs_brigham young_20240217,2024-02-17,oklahoma-state,Brigham Young,2024,1,0,0.24278112,0,200.0,-250.0
oklahoma-state_vs_oklahoma_20240224,2024-02-24,oklahoma-state,Oklahoma,2024,0,0,0.44205102,1,-121.0,104.0
oklahoma-state_vs_ucf_20240228,2024-02-28,oklahoma-state,UCF,2024,0,0,0.460425,1,-145.0,124.0
oklahoma-state_vs_texas tech_20240305,2024-03-05,oklahoma-state,Texas Tech,2024,0,0,0.39128354,1,120.0,-142.0
old-dominion_vs_princeton_20231122,2023-11-22,old-dominion,Princeton,2024,0,0,0.3109857,1,146.0,-173.0
old-dominion_vs_drexel_20231126,2023-11-26,old-dominion,Drexel,2024,1,0,0.346438,0,,
old-dominion_vs_radford_20231129,2023-11-29,old-dominion,Radford,2024,1,0,0.4924479,0,-122.0,102.0
old-dominion_vs_james madison_20231209,2023-12-09,old-dominion,James Madison,2024,0,0,0.24349089,1,209.0,-256.0
old-dominion_vs_tcu_20231221,2023-12-21,old-dominion,TCU,2024,0,0,0.09203946,1,750.0,-1200.0
old-dominion_vs_temple_20231222,2023-12-22,old-dominion,Temple,2024,1,0,0.3286565,0,141.0,-166.0
old-dominion_vs_south alabama_20231230,2023-12-30,old-dominion,South Alabama,2024,0,0,0.46076244,1,-173.0,146.0
old-dominion_vs_marshall_20240118,2024-01-18,old-dominion,Marshall,2024,1,0,0.4402384,0,-122.0,102.0
old-dominion_vs_louisianaâmonroe_20240120,2024-01-20,old-dominion,LouisianaâMonroe,2024,0,1,0.7123096,0,-692.0,483.0
old-dominion_vs_james madison_20240124,2024-01-24,old-dominion,James Madison,2024,0,0,0.15145515,1,269.0,-340.0
old-dominion_vs_georgia southern_20240127,2024-01-27,old-dominion,Georgia Southern,2024,0,1,0.6077811,0,-238.0,195.0
old-dominion_vs_central michigan_20240210,2024-02-10,old-dominion,Central Michigan,2024,0,1,0.509521,0,-170.0,142.0
old-dominion_vs_louisiana_20240215,2024-02-15,old-dominion,Louisiana,2024,0,0,0.22312833,1,160.0,-180.0
old-dominion_vs_georgia state_20240217,2024-02-17,old-dominion,Georgia State,2024,0,0,0.40865403,1,106.0,-123.0
old-dominion_vs_appalachian state_20240222,2024-02-22,old-dominion,Appalachian State,2024,0,0,0.17008364,1,325.0,-450.0
old-dominion_vs_coastal carolina_20240224,2024-02-24,old-dominion,Coastal Carolina,2024,1,1,0.6576614,1,-238.0,195.0
old-dominion_vs_texas state_20240305,2024-03-05,old-dominion,Texas State,2024,0,0,0.28485557,1,153.0,-182.0
oral-roberts_vs_texas southern_20231121,2023-11-21,oral-roberts,Texas Southern,2024,1,1,0.75851935,1,-587.0,397.0
oral-roberts_vs_tulsa_20231202,2023-12-02,oral-roberts,Tulsa,2024,1,1,0.5839305,1,-170.0,150.0
oral-roberts_vs_weber state_20240106,2024-01-06,oral-roberts,Weber State,2024,0,0,0.31277564,1,124.0,-148.0
oral-roberts_vs_south dakota_20240111,2024-01-11,oral-roberts,South Dakota,2024,1,1,0.7683204,1,-455.0,350.0
oral-roberts_vs_st. thomas_20240113,2024-01-13,oral-roberts,St. Thomas,2024,0,0,0.26281166,1,-148.0,124.0
oral-roberts_vs_omaha_20240125,2024-01-25,oral-roberts,Omaha,2024,1,1,0.58168054,1,-170.0,142.0
oral-roberts_vs_south dakota state_20240127,2024-01-27,oral-roberts,South Dakota State,2024,1,0,0.35213536,0,120.0,-142.0
oral-roberts_vs_denver_20240203,2024-02-03,oral-roberts,Denver,2024,1,1,0.5953659,1,-160.0,140.0
oral-roberts_vs_north dakota state_20240215,2024-02-15,oral-roberts,North Dakota State,2024,0,1,0.5575519,0,-206.0,172.0
oral-roberts_vs_north dakota_20240217,2024-02-17,oral-roberts,North Dakota,2024,0,1,0.5138992,0,-149.0,127.0
oral-roberts_vs_kansas city_20240303,2024-03-03,oral-roberts,Kansas City,2024,0,0,0.44683987,1,-142.0,120.0
oral-roberts_vs_south dakota_20240308,2024-03-08,oral-roberts,South Dakota,2024,1,1,0.58320904,1,-225.0,186.0
oral-roberts_vs_south dakota state_20240309,2024-03-09,oral-roberts,South Dakota State,2024,0,0,0.24770117,1,310.0,-395.0
oregon_vs_tennessee state_20231117,2023-11-17,oregon,Tennessee State,2024,1,1,0.94392174,1,-2500.0,1100.0
oregon_vs_santa clara_20231124,2023-11-24,oregon,Santa Clara,2024,0,1,0.8173604,0,-218.0,180.0
oregon_vs_michigan_20231202,2023-12-02,oregon,Michigan,2024,1,1,0.68282974,1,-142.0,120.0
oregon_vs_utep_20231209,2023-12-09,oregon,UTEP,2024,1,1,0.85082793,1,-900.0,600.0
oregon_vs_california baptist_20231212,2023-12-12,oregon,California Baptist,2024,1,1,0.9329815,1,-845.0,566.0
oregon_vs_syracuse_20231217,2023-12-17,oregon,Syracuse,2024,0,1,0.6151884,0,-194.0,162.0
oregon_vs_kent state_20231221,2023-12-21,oregon,Kent State,2024,1,1,0.6925618,1,-285.0,240.0
oregon_vs_southern california_20231228,2023-12-28,oregon,Southern California,2024,1,1,0.6060969,1,-145.0,125.0
oregon_vs_ucla_20231230,2023-12-30,oregon,UCLA,2024,1,1,0.77023715,1,-320.0,250.0
oregon_vs_california_20240113,2024-01-13,oregon,California,2024,1,1,0.8104317,1,-402.0,310.0
oregon_vs_arizona state_20240125,2024-01-25,oregon,Arizona State,2024,1,1,0.7769027,1,-485.0,370.0
oregon_vs_arizona_20240127,2024-01-27,oregon,Arizona,2024,0,0,0.33789542,1,162.0,-182.0
oregon_vs_washington_20240208,2024-02-08,oregon,Washington,2024,1,1,0.6067251,1,-370.0,300.0
oregon_vs_washington state_20240210,2024-02-10,oregon,Washington State,2024,0,1,0.51514447,0,-173.0,146.0
oregon_vs_oregon state_20240228,2024-02-28,oregon,Oregon State,2024,1,1,0.8821646,1,-1000.0,650.0
oregon_vs_colorado_20240307,2024-03-07,oregon,Colorado,2024,0,0,0.4509465,1,-180.0,150.0
oregon_vs_utah_20240309,2024-03-09,oregon,Utah,2024,1,1,0.5435565,1,-207.0,172.0
oregon_vs_ucla_20240314,2024-03-14,oregon,UCLA,2024,1,1,0.54907936,1,-200.0,165.0
oregon_vs_south carolina_20240321,2024-03-21,oregon,South Carolina,2024,1,0,0.35743326,0,-143.0,126.0
oregon-state_vs_appalachian state_20231114,2023-11-14,oregon-state,Appalachian State,2024,1,1,0.5191459,1,-142.0,120.0
oregon-state_vs_pittsburgh_20231124,2023-11-24,oregon-state,Pittsburgh,2024,0,0,0.25832945,1,430.0,-550.0
oregon-state_vs_uc davis_20231130,2023-11-30,oregon-state,UC Davis,2024,1,1,0.58097064,1,-145.0,120.0
oregon-state_vs_cal poly_20231204,2023-12-04,oregon-state,Cal Poly,2024,1,1,0.9146737,1,-1050.0,675.0
oregon-state_vs_utah valley_20231209,2023-12-09,oregon-state,Utah Valley,2024,1,1,0.71396494,1,-174.0,147.0
oregon-state_vs_utsa_20231217,2023-12-17,oregon-state,UTSA,2024,1,1,0.7673425,1,-545.0,399.0
oregon-state_vs_idaho state_20231221,2023-12-21,oregon-state,Idaho State,2024,1,1,0.6660739,1,-305.0,245.0
oregon-state_vs_ucla_20231228,2023-12-28,oregon-state,UCLA,2024,0,0,0.35021067,1,240.0,-285.0
oregon-state_vs_southern california_20231230,2023-12-30,oregon-state,Southern California,2024,1,0,0.2384294,0,323.0,-423.0
oregon-state_vs_stanford_20240111,2024-01-11,oregon-state,Stanford,2024,0,0,0.4046707,1,164.0,-198.0
oregon-state_vs_arizona_20240125,2024-01-25,oregon-state,Arizona,2024,1,0,0.0848071,0,1078.0,-2023.0
oregon-state_vs_arizona state_20240127,2024-01-27,oregon-state,Arizona State,2024,1,0,0.48957774,0,120.0,-142.0
oregon-state_vs_washington state_20240208,2024-02-08,oregon-state,Washington State,2024,0,0,0.26490194,1,330.0,-410.0
oregon-state_vs_washington_20240210,2024-02-10,oregon-state,Washington,2024,0,0,0.30248162,1,165.0,-190.0
oregon-state_vs_oregon_20240217,2024-02-17,oregon-state,Oregon,2024,0,0,0.3132948,1,259.0,-327.0
oregon-state_vs_utah_20240307,2024-03-07,oregon-state,Utah,2024,1,0,0.29499826,0,260.0,-325.0
oregon-state_vs_colorado_20240309,2024-03-09,oregon-state,Colorado,2024,0,0,0.29425278,1,345.0,-425.0
oregon-state_vs_ucla_20240313,2024-03-13,oregon-state,UCLA,2024,0,0,0.32240433,1,230.0,-285.0
pacific_vs_lamar_20231118,2023-11-18,pacific,Lamar,2024,1,1,0.77862185,1,-650.0,450.0
pacific_vs_north dakota_20231120,2023-11-20,pacific,North Dakota,2024,0,1,0.6022134,0,-179.0,151.0
pacific_vs_le moyne_20231124,2023-11-24,pacific,Le Moyne,2024,1,1,0.87624043,1,-1000.0,650.0
pacific_vs_mississippi valley state_20231126,2023-11-26,pacific,Mississippi Valley State,2024,1,1,0.95606923,1,-10000.0,3000.0
pacific_vs_cal state northridge_20231129,2023-11-29,pacific,Cal State Northridge,2024,0,1,0.692237,0,-170.0,150.0
pacific_vs_uc davis_20231216,2023-12-16,pacific,UC Davis,2024,0,0,0.28644386,1,279.0,-355.0
pacific_vs_san francisco_20240104,2024-01-04,pacific,San Francisco,2024,0,0,0.061003502,1,1150.0,-2500.0
pacific_vs_santa clara_20240118,2024-01-18,pacific,Santa Clara,2024,0,0,0.10648678,1,500.0,-700.0
pacific_vs_gonzaga_20240127,2024-01-27,pacific,Gonzaga,2024,0,0,0.06407508,1,1618.0,-3679.0
pacific_vs_portland_20240201,2024-02-01,pacific,Portland,2024,0,0,0.39658698,1,120.0,-142.0
pacific_vs_san diego_20240210,2024-02-10,pacific,San Diego,2024,0,0,0.30274323,1,165.0,-190.0
pacific_vs_pepperdine_20240221,2024-02-21,pacific,Pepperdine,2024,0,0,0.29917136,1,259.0,-326.0
pacific_vs_loyola marymount_20240224,2024-02-24,pacific,Loyola Marymount,2024,0,0,0.26953077,1,275.0,-330.0
pacific_vs_pepperdine_20240307,2024-03-07,pacific,Pepperdine,2024,0,0,0.22628471,1,410.0,-515.0
penn-state_vs_lehigh_20231110,2023-11-10,penn-state,Lehigh,2024,1,1,0.7972504,1,-2100.0,1100.0
penn-state_vs_saint francis (pa)_20231114,2023-11-14,penn-state,Saint Francis (PA),2024,1,1,0.98116416,1,-6521.0,1946.0
penn-state_vs_morehead state_20231117,2023-11-17,penn-state,Morehead State,2024,1,1,0.743626,1,-950.0,625.0
penn-state_vs_texas a&m_20231123,2023-11-23,penn-state,Texas A&M,2024,0,0,0.24331625,1,295.0,-375.0
penn-state_vs_vcu_20231126,2023-11-26,penn-state,VCU,2024,0,0,0.36666226,1,-155.0,125.0
penn-state_vs_bucknell_20231202,2023-12-02,penn-state,Bucknell,2024,0,1,0.947954,0,-4000.0,1600.0
penn-state_vs_ohio state_20231209,2023-12-09,penn-state,Ohio State,2024,1,0,0.29113665,0,173.0,-207.0
penn-state_vs_le moyne_20231221,2023-12-21,penn-state,Le Moyne,2024,1,1,0.95094067,1,-2834.0,1190.0
penn-state_vs_rider_20231229,2023-12-29,penn-state,Rider,2024,1,1,0.93817645,1,-1179.0,729.0
penn-state_vs_michigan_20240107,2024-01-07,penn-state,Michigan,2024,1,0,0.4785797,0,135.0,-155.0
penn-state_vs_northwestern_20240110,2024-01-10,penn-state,Northwestern,2024,0,0,0.41396597,1,106.0,-126.0
penn-state_vs_wisconsin_20240116,2024-01-16,penn-state,Wisconsin,2024,1,0,0.23246914,0,215.0,-265.0
penn-state_vs_minnesota_20240127,2024-01-27,penn-state,Minnesota,2024,0,1,0.58149534,0,-142.0,121.0
penn-state_vs_iowa_20240208,2024-02-08,penn-state,Iowa,2024,1,0,0.42339927,0,100.0,-120.0
penn-state_vs_michigan state_20240214,2024-02-14,penn-state,Michigan State,2024,0,0,0.36257288,1,140.0,-160.0
penn-state_vs_illinois_20240221,2024-02-21,penn-state,Illinois,2024,1,0,0.24201903,0,276.0,-351.0
penn-state_vs_indiana_20240224,2024-02-24,penn-state,Indiana,2024,1,1,0.6529002,1,-166.0,140.0
penn-state_vs_maryland_20240310,2024-03-10,penn-state,Maryland,2024,1,0,0.46979064,0,105.0,-125.0
pennsylvania_vs_villanova_20231113,2023-11-13,pennsylvania,Villanova,2024,1,0,0.19559838,0,525.0,-750.0
pennsylvania_vs_lafayette_20231124,2023-11-24,pennsylvania,Lafayette,2024,1,1,0.69386,1,-650.0,470.0
pennsylvania_vs_belmont_20231125,2023-11-25,pennsylvania,Belmont,2024,0,1,0.6290967,0,-160.0,135.0
pennsylvania_vs_monmouth_20231126,2023-11-26,pennsylvania,Monmouth,2024,1,1,0.727579,1,-245.0,205.0
pennsylvania_vs_howard_20231211,2023-12-11,pennsylvania,Howard,2024,1,1,0.69309556,1,-255.0,215.0
pennsylvania_vs_dartmouth_20240106,2024-01-06,pennsylvania,Dartmouth,2024,1,1,0.8275489,1,-315.0,265.0
pennsylvania_vs_harvard_20240120,2024-01-20,pennsylvania,Harvard,2024,0,1,0.70841795,0,-175.0,145.0
pennsylvania_vs_yale_20240216,2024-02-16,pennsylvania,Yale,2024,0,0,0.30827257,1,214.0,-262.0
pennsylvania_vs_brown_20240217,2024-02-17,pennsylvania,Brown,2024,0,1,0.66087663,0,-233.0,192.0
pennsylvania_vs_cornell_20240301,2024-03-01,pennsylvania,Cornell,2024,0,0,0.2907667,1,160.0,-192.0
pennsylvania_vs_columbia_20240302,2024-03-02,pennsylvania,Columbia,2024,1,1,0.5516974,1,-176.0,148.0
pennsylvania_vs_princeton_20240309,2024-03-09,pennsylvania,Princeton,2024,0,0,0.27782226,1,240.0,-285.0
pepperdine_vs_lafayette_20231112,2023-11-12,pepperdine,Lafayette,2024,1,1,0.7731887,1,-520.0,390.0
pepperdine_vs_liu_20231113,2023-11-13,pepperdine,LIU,2024,1,1,0.94315326,1,-2000.0,1000.0
pepperdine_vs_unlv_20231117,2023-11-17,pepperdine,UNLV,2024,0,0,0.34982535,1,121.0,-142.0
pepperdine_vs_idaho state_20231128,2023-11-28,pepperdine,Idaho State,2024,1,1,0.6821815,1,-365.0,295.0
pepperdine_vs_cal state fullerton_20231206,2023-12-06,pepperdine,Cal State Fullerton,2024,0,0,0.497525,1,-192.0,160.0
pepperdine_vs_william & mary_20231221,2023-12-21,pepperdine,William & Mary,2024,1,1,0.78354603,1,-375.0,305.0
pepperdine_vs_santa clara_20240106,2024-01-06,pepperdine,Santa Clara,2024,0,0,0.36370793,1,124.0,-148.0
pepperdine_vs_pacific_20240111,2024-01-11,pepperdine,Pacific,2024,1,1,0.9262913,1,-894.0,591.0
pepperdine_vs_gonzaga_20240118,2024-01-18,pepperdine,Gonzaga,2024,0,0,0.13691033,1,625.0,-950.0
pepperdine_vs_loyola marymount_20240120,2024-01-20,pepperdine,Loyola Marymount,2024,0,0,0.47073486,1,-118.0,101.0
pepperdine_vs_san diego_20240127,2024-01-27,pepperdine,San Diego,2024,0,1,0.68641746,0,-324.0,258.0
pepperdine_vs_san francisco_20240208,2024-02-08,pepperdine,San Francisco,2024,0,0,0.15507136,1,375.0,-465.0
pepperdine_vs_portland_20240217,2024-02-17,pepperdine,Portland,2024,1,1,0.7433935,1,-253.0,207.0
pittsburgh_vs_binghamton_20231110,2023-11-10,pittsburgh,Binghamton,2024,1,1,0.93820906,1,-1800.0,1000.0
pittsburgh_vs_florida gulf coast_20231113,2023-11-13,pittsburgh,Florida Gulf Coast,2024,1,1,0.6987809,1,-485.0,370.0
pittsburgh_vs_jacksonville_20231117,2023-11-17,pittsburgh,Jacksonville,2024,1,1,0.95100677,1,-2000.0,1000.0
pittsburgh_vs_missouri_20231128,2023-11-28,pittsburgh,Missouri,2024,0,1,0.73573524,0,-290.0,245.0
pittsburgh_vs_clemson_20231203,2023-12-03,pittsburgh,Clemson,2024,0,1,0.5439865,0,-125.0,105.0
pittsburgh_vs_canisius_20231209,2023-12-09,pittsburgh,Canisius,2024,1,1,0.9574635,1,-1847.0,1011.0
pittsburgh_vs_south carolina state_20231216,2023-12-16,pittsburgh,South Carolina State,2024,1,1,0.97802675,1,-4316.0,1536.0
pittsburgh_vs_north carolina_20240102,2024-01-02,pittsburgh,North Carolina,2024,0,0,0.4755587,1,162.0,-182.0
pittsburgh_vs_duke_20240109,2024-01-09,pittsburgh,Duke,2024,0,0,0.48153505,1,180.0,-218.0
pittsburgh_vs_syracuse_20240116,2024-01-16,pittsburgh,Syracuse,2024,0,1,0.732881,0,-312.0,249.0
pittsburgh_vs_wake forest_20240131,2024-01-31,pittsburgh,Wake Forest,2024,1,1,0.53726304,1,-142.0,120.0
pittsburgh_vs_notre dame_20240203,2024-02-03,pittsburgh,Notre Dame,2024,1,1,0.81479377,1,-547.0,400.0
pittsburgh_vs_louisville_20240217,2024-02-17,pittsburgh,Louisville,2024,1,1,0.9081644,1,-878.0,583.0
pittsburgh_vs_virginia tech_20240224,2024-02-24,pittsburgh,Virginia Tech,2024,1,1,0.5689401,1,-162.0,136.0
pittsburgh_vs_florida state_20240305,2024-03-05,pittsburgh,Florida State,2024,1,1,0.7306479,1,-342.0,270.0
pittsburgh_vs_nc state_20240309,2024-03-09,pittsburgh,NC State,2024,1,1,0.7268661,1,-285.0,230.0
pittsburgh_vs_wake forest_20240314,2024-03-14,pittsburgh,Wake Forest,2024,1,0,0.4784001,0,118.0,-138.0
portland_vs_uc riverside_20231112,2023-11-12,portland,UC Riverside,2024,1,1,0.8419383,1,-355.0,285.0
portland_vs_tennessee state_20231115,2023-11-15,portland,Tennessee State,2024,0,1,0.81272227,0,-547.0,400.0
portland_vs_wyoming_20231201,2023-12-01,portland,Wyoming,2024,1,1,0.75279534,1,-144.0,124.0
portland_vs_air force_20231203,2023-12-03,portland,Air Force,2024,0,1,0.7086631,0,-200.0,165.0
portland_vs_temple_20231224,2023-12-24,portland,Temple,2024,0,0,0.35088953,1,145.0,-172.0
portland_vs_pacific_20240106,2024-01-06,portland,Pacific,2024,1,1,0.85171616,1,-550.0,410.0
portland_vs_san diego_20240123,2024-01-23,portland,San Diego,2024,0,1,0.5165611,0,-170.0,142.0
portland_vs_san francisco_20240127,2024-01-27,portland,San Francisco,2024,0,0,0.12893546,1,675.0,-1050.0
portland_vs_pepperdine_20240203,2024-02-03,portland,Pepperdine,2024,1,0,0.4367973,0,125.0,-145.0
portland_vs_gonzaga_20240222,2024-02-22,portland,Gonzaga,2024,0,0,0.081949934,1,1557.0,-3470.0
portland_vs_santa clara_20240229,2024-02-29,portland,Santa Clara,2024,1,0,0.21721984,0,395.0,-500.0
portland_vs_loyola marymount_20240302,2024-03-02,portland,Loyola Marymount,2024,1,0,0.287841,0,140.0,-165.0
portland_vs_san francisco_20240310,2024-03-10,portland,San Francisco,2024,0,0,0.09677911,1,950.0,-1650.0
portland-state_vs_uc santa barbara_20231109,2023-11-09,portland-state,UC Santa Barbara,2024,1,0,0.41287714,0,360.0,-470.0
portland-state_vs_st. thomas_20231119,2023-11-19,portland-state,St. Thomas,2024,0,1,0.6928905,0,-225.0,185.0
portland-state_vs_portland_20231128,2023-11-28,portland-state,Portland,2024,1,1,0.5923713,1,-142.0,120.0
portland-state_vs_idaho state_20240111,2024-01-11,portland-state,Idaho State,2024,0,1,0.6944857,0,-316.0,252.0
portland-state_vs_weber state_20240113,2024-01-13,portland-state,Weber State,2024,1,0,0.3402173,0,175.0,-211.0
portland-state_vs_montana_20240125,2024-01-25,portland-state,Montana,2024,1,0,0.17538573,0,195.0,-225.0
portland-state_vs_montana state_20240127,2024-01-27,portland-state,Montana State,2024,1,1,0.558959,1,-182.0,153.0
portland-state_vs_sacramento state_20240203,2024-02-03,portland-state,Sacramento State,2024,1,1,0.6813004,1,-262.0,213.0
portland-state_vs_eastern washington_20240205,2024-02-05,portland-state,Eastern Washington,2024,0,0,0.30793792,1,180.0,-225.0
portland-state_vs_northern colorado_20240215,2024-02-15,portland-state,Northern Colorado,2024,1,0,0.37581274,0,120.0,-140.0
portland-state_vs_northern arizona_20240217,2024-02-17,portland-state,Northern Arizona,2024,1,1,0.77213454,1,-275.0,230.0
portland-state_vs_idaho_20240304,2024-03-04,portland-state,Idaho,2024,1,1,0.7011871,1,-305.0,245.0
prairie-view_vs_washington state_20231110,2023-11-10,prairie-view,Washington State,2024,0,0,0.09718312,1,1500.0,-3600.0
prairie-view_vs_abilene christian_20231114,2023-11-14,prairie-view,Abilene Christian,2024,1,0,0.12100769,0,815.0,-1584.0
prairie-view_vs_ut martin_20231119,2023-11-19,prairie-view,UT Martin,2024,1,0,0.29491493,0,211.0,-272.0
prairie-view_vs_eastern kentucky_20231121,2023-11-21,prairie-view,Eastern Kentucky,2024,1,0,0.10376443,0,525.0,-750.0
prairie-view_vs_tulane_20231129,2023-11-29,prairie-view,Tulane,2024,0,0,0.09644579,1,1200.0,-2400.0
prairie-view_vs_iowa state_20231210,2023-12-10,prairie-view,Iowa State,2024,0,0,0.05933427,1,3000.0,-10000.0
prairie-view_vs_northern iowa_20231212,2023-12-12,prairie-view,Northern Iowa,2024,0,0,0.20229182,1,722.0,-1327.0
prairie-view_vs_rice_20231220,2023-12-20,prairie-view,Rice,2024,0,0,0.2719694,1,390.0,-520.0
prairie-view_vs_utsa_20231228,2023-12-28,prairie-view,UTSA,2024,0,0,0.45380956,1,150.0,-170.0
prairie-view_vs_texas a&m_20231230,2023-12-30,prairie-view,Texas A&M,2024,0,0,0.06356024,1,1436.0,-3853.0
prairie-view_vs_southern_20240108,2024-01-08,prairie-view,Southern,2024,0,0,0.2817476,1,194.0,-247.0
prairie-view_vs_mississippi valley state_20240113,2024-01-13,prairie-view,Mississippi Valley State,2024,1,1,0.84765524,1,-1350.0,800.0
prairie-view_vs_jackson state_20240120,2024-01-20,prairie-view,Jackson State,2024,1,0,0.27415842,0,264.0,-354.0
prairie-view_vs_alcorn state_20240122,2024-01-22,prairie-view,Alcorn State,2024,0,1,0.55760777,0,138.0,-158.0
prairie-view_vs_alabama state_20240127,2024-01-27,prairie-view,Alabama State,2024,0,0,0.46244892,1,-155.0,130.0
prairie-view_vs_alabama a&m_20240129,2024-01-29,prairie-view,Alabama A&M,2024,1,1,0.758665,1,-340.0,270.0
prairie-view_vs_texas southern_20240203,2024-02-03,prairie-view,Texas Southern,2024,0,0,0.4820876,1,-117.0,-103.0
prairie-view_vs_arkansasâpine bluff_20240205,2024-02-05,prairie-view,ArkansasâPine Bluff,2024,1,1,0.561732,1,-161.0,132.0
prairie-view_vs_bethune-cookman_20240210,2024-02-10,prairie-view,Bethune-Cookman,2024,0,0,0.30532852,1,160.0,-192.0
prairie-view_vs_florida a&m_20240212,2024-02-12,prairie-view,Florida A&M,2024,1,0,0.49255085,0,-122.0,102.0
prairie-view_vs_southern_20240217,2024-02-17,prairie-view,Southern,2024,0,0,0.22061022,1,114.0,-139.0
prairie-view_vs_arkansasâpine bluff_20240224,2024-02-24,prairie-view,ArkansasâPine Bluff,2024,0,0,0.3866501,1,136.0,-162.0
prairie-view_vs_mississippi valley state_20240226,2024-02-26,prairie-view,Mississippi Valley State,2024,0,1,0.77090067,0,-500.0,375.0
prairie-view_vs_alcorn state_20240302,2024-03-02,prairie-view,Alcorn State,2024,0,0,0.4766636,1,170.0,-205.0
prairie-view_vs_jackson state_20240304,2024-03-04,prairie-view,Jackson State,2024,0,0,0.43531215,1,123.0,-150.0
prairie-view_vs_texas southern_20240309,2024-03-09,prairie-view,Texas Southern,2024,0,0,0.27954823,1,440.0,-600.0
presbyterian_vs_the citadel_20231113,2023-11-13,presbyterian,The Citadel,2024,1,1,0.6970288,1,-180.0,150.0
presbyterian_vs_florida a&m_20231206,2023-12-06,presbyterian,Florida A&M,2024,0,1,0.6218592,0,-360.0,285.0
presbyterian_vs_kennesaw state_20231216,2023-12-16,presbyterian,Kennesaw State,2024,0,0,0.34946314,1,171.0,-214.0
presbyterian_vs_unc asheville_20240106,2024-01-06,presbyterian,UNC Asheville,2024,0,0,0.30004373,1,170.0,-205.0
presbyterian_vs_winthrop_20240110,2024-01-10,presbyterian,Winthrop,2024,0,0,0.21607685,1,185.0,-225.0
presbyterian_vs_high point_20240117,2024-01-17,presbyterian,High Point,2024,0,0,0.0874546,1,300.0,-380.0
presbyterian_vs_usc upstate_20240131,2024-01-31,presbyterian,USC Upstate,2024,1,0,0.4367654,0,-122.0,102.0
presbyterian_vs_gardner-webb_20240207,2024-02-07,presbyterian,Gardner-Webb,2024,1,0,0.29506853,0,142.0,-170.0
presbyterian_vs_radford_20240210,2024-02-10,presbyterian,Radford,2024,1,0,0.30304542,0,,-135.0
presbyterian_vs_longwood_20240217,2024-02-17,presbyterian,Longwood,2024,0,0,0.32272473,1,118.0,-143.0
presbyterian_vs_charleston southern_20240302,2024-03-02,presbyterian,Charleston Southern,2024,1,1,0.69056183,1,-300.0,250.0
princeton_vs_northeastern_20231125,2023-11-25,princeton,Northeastern,2024,1,1,0.86848474,1,-1100.0,700.0
princeton_vs_furman_20231202,2023-12-02,princeton,Furman,2024,1,1,0.73519415,1,-315.0,265.0
princeton_vs_drexel_20231205,2023-12-05,princeton,Drexel,2024,1,1,0.6707623,1,-400.0,320.0
princeton_vs_harvard_20240106,2024-01-06,princeton,Harvard,2024,1,1,0.88620657,1,-1019.0,653.0
princeton_vs_dartmouth_20240115,2024-01-15,princeton,Dartmouth,2024,1,1,0.95004654,1,-1801.0,993.0
princeton_vs_pennsylvania_20240210,2024-02-10,princeton,Pennsylvania,2024,1,1,0.9113934,1,-590.0,426.0
princeton_vs_brown_20240216,2024-02-16,princeton,Brown,2024,1,1,0.9091514,1,-1115.0,699.0
princeton_vs_yale_20240217,2024-02-17,princeton,Yale,2024,1,1,0.5809995,1,-186.0,157.0
princeton_vs_columbia_20240301,2024-03-01,princeton,Columbia,2024,1,1,0.8423727,1,-1001.0,644.0
princeton_vs_cornell_20240302,2024-03-02,princeton,Cornell,2024,1,1,0.7062653,1,-240.0,200.0
princeton_vs_unlv_20240320,2024-03-20,princeton,UNLV,2024,0,0,0.48926893,1,-202.0,176.0
providence_vs_wisconsin_20231114,2023-11-14,providence,Wisconsin,2024,1,1,0.605787,1,-105.0,-115.0
providence_vs_lehigh_20231124,2023-11-24,providence,Lehigh,2024,1,1,0.9638669,1,-6500.0,2000.0
providence_vs_wagner_20231128,2023-11-28,providence,Wagner,2024,1,1,0.9663226,1,-7143.0,2000.0
providence_vs_rhode island_20231202,2023-12-02,providence,Rhode Island,2024,1,1,0.92302895,1,-1400.0,800.0
providence_vs_brown_20231210,2023-12-10,providence,Brown,2024,1,1,0.9349424,1,-1307.0,787.0
providence_vs_sacred heart_20231216,2023-12-16,providence,Sacred Heart,2024,1,1,0.96663284,1,-2500.0,1100.0
providence_vs_marquette_20231219,2023-12-19,providence,Marquette,2024,1,0,0.35211882,0,163.0,-195.0
providence_vs_butler_20231223,2023-12-23,providence,Butler,2024,1,1,0.6767241,1,-265.0,225.0
providence_vs_seton hall_20240103,2024-01-03,providence,Seton Hall,2024,0,1,0.7519282,0,-270.0,219.0
providence_vs_xavier_20240113,2024-01-13,providence,Xavier,2024,0,1,0.57672894,0,-142.0,120.0
providence_vs_georgetown_20240127,2024-01-27,providence,Georgetown,2024,1,1,0.86442053,1,-650.0,450.0
providence_vs_creighton_20240207,2024-02-07,providence,Creighton,2024,1,0,0.41705498,0,125.0,-145.0
providence_vs_st. john's (ny)_20240213,2024-02-13,providence,St. John's (NY),2024,1,0,0.38082165,0,-133.0,114.0
providence_vs_depaul_20240217,2024-02-17,providence,DePaul,2024,1,1,0.96961236,1,-2406.0,1216.0
providence_vs_villanova_20240302,2024-03-02,providence,Villanova,2024,0,0,0.43492857,1,-147.0,127.0
providence_vs_connecticut_20240309,2024-03-09,providence,Connecticut,2024,0,0,0.20594211,1,365.0,-455.0
providence_vs_boston college_20240319,2024-03-19,providence,Boston College,2024,0,1,0.744467,0,-175.0,145.0
purdue_vs_morehead state_20231110,2023-11-10,purdue,Morehead State,2024,1,1,0.98211044,1,-4554.0,1858.0
purdue_vs_xavier_20231113,2023-11-13,purdue,Xavier,2024,1,1,0.91028136,1,-2033.0,1082.0
purdue_vs_tennessee_20231121,2023-11-21,purdue,Tennessee,2024,1,1,0.67071897,1,-160.0,140.0
purdue_vs_texas southern_20231128,2023-11-28,purdue,Texas Southern,2024,1,1,0.96894777,1,-50001.0,7000.0
purdue_vs_iowa_20231204,2023-12-04,purdue,Iowa,2024,1,1,0.8039588,1,-1150.0,725.0
purdue_vs_jacksonville_20231221,2023-12-21,purdue,Jacksonville,2024,1,1,0.9806698,1,-99995.0,10000.0
purdue_vs_eastern kentucky_20231229,2023-12-29,purdue,Eastern Kentucky,2024,1,1,0.9807382,1,-33333.0,6000.0
purdue_vs_illinois_20240105,2024-01-05,purdue,Illinois,2024,1,1,0.77410364,1,-600.0,432.0
purdue_vs_penn state_20240113,2024-01-13,purdue,Penn State,2024,1,1,0.94331086,1,-2100.0,1100.0
purdue_vs_michigan_20240123,2024-01-23,purdue,Michigan,2024,1,1,0.92542493,1,-2100.0,1100.0
purdue_vs_northwestern_20240131,2024-01-31,purdue,Northwestern,2024,1,1,0.8803664,1,-1093.0,689.0
purdue_vs_indiana_20240210,2024-02-10,purdue,Indiana,2024,1,1,0.9311418,1,-1732.0,966.0
purdue_vs_minnesota_20240215,2024-02-15,purdue,Minnesota,2024,1,1,0.9336383,1,-1545.0,889.0
purdue_vs_rutgers_20240222,2024-02-22,purdue,Rutgers,2024,1,1,0.89818513,1,-1393.0,825.0
purdue_vs_michigan state_20240302,2024-03-02,purdue,Michigan State,2024,1,1,0.81767356,1,-546.0,399.0
purdue_vs_wisconsin_20240310,2024-03-10,purdue,Wisconsin,2024,1,1,0.8364816,1,-535.0,400.0
purdue_vs_wisconsin_20240316,2024-03-16,purdue,Wisconsin,2024,0,1,0.71287,0,-262.0,222.0
purdue_vs_utah state_20240324,2024-03-24,purdue,Utah State,2024,1,1,0.79043305,1,-625.0,485.0
purdue_vs_tennessee_20240331,2024-03-31,purdue,Tennessee,2024,1,1,0.7010722,1,-170.0,142.0
queens-nc_vs_high point_20231114,2023-11-14,queens-nc,High Point,2024,1,1,0.64684063,1,-136.0,112.0
queens-nc_vs_gardner-webb_20231129,2023-11-29,queens-nc,Gardner-Webb,2024,1,0,0.39005512,0,124.0,-148.0
queens-nc_vs_appalachian state_20231213,2023-12-13,queens-nc,Appalachian State,2024,0,0,0.3299125,1,220.0,-275.0
queens-nc_vs_florida gulf coast_20240110,2024-01-10,queens-nc,Florida Gulf Coast,2024,1,1,0.7087316,1,-135.0,114.0
queens-nc_vs_stetson_20240112,2024-01-12,queens-nc,Stetson,2024,0,1,0.52040595,0,,-130.0
queens-nc_vs_central arkansas_20240124,2024-01-24,queens-nc,Central Arkansas,2024,1,1,0.75468886,1,-258.0,201.0
queens-nc_vs_eastern kentucky_20240201,2024-02-01,queens-nc,Eastern Kentucky,2024,1,0,0.36361316,0,180.0,-218.0
queens-nc_vs_bellarmine_20240203,2024-02-03,queens-nc,Bellarmine,2024,1,1,0.70229304,1,-250.0,205.0
queens-nc_vs_north florida_20240214,2024-02-14,queens-nc,North Florida,2024,0,1,0.5735548,0,-139.0,114.0
queens-nc_vs_jacksonville_20240216,2024-02-16,queens-nc,Jacksonville,2024,1,1,0.6771964,1,-142.0,120.0
queens-nc_vs_kennesaw state_20240301,2024-03-01,queens-nc,Kennesaw State,2024,1,1,0.60239553,1,-125.0,105.0
quinnipiac_vs_albany (ny)_20231119,2023-11-19,quinnipiac,Albany (NY),2024,1,1,0.7596641,1,-250.0,205.0
quinnipiac_vs_stonehill_20231126,2023-11-26,quinnipiac,Stonehill,2024,1,1,0.93310857,1,-600.0,440.0
quinnipiac_vs_navy_20231208,2023-12-08,quinnipiac,Navy,2024,1,1,0.7755225,1,-218.0,180.0
quinnipiac_vs_yale_20231211,2023-12-11,quinnipiac,Yale,2024,0,0,0.36222875,1,310.0,-400.0
quinnipiac_vs_rider_20240105,2024-01-05,quinnipiac,Rider,2024,1,1,0.7720931,1,-183.0,154.0
quinnipiac_vs_manhattan_20240107,2024-01-07,quinnipiac,Manhattan,2024,1,1,0.8440817,1,-500.0,375.0
quinnipiac_vs_iona_20240121,2024-01-21,quinnipiac,Iona,2024,1,1,0.59535027,1,-122.0,102.0
quinnipiac_vs_mount st. mary's_20240125,2024-01-25,quinnipiac,Mount St. Mary's,2024,1,1,0.7132665,1,-198.0,164.0
quinnipiac_vs_canisius_20240204,2024-02-04,quinnipiac,Canisius,2024,1,1,0.7716493,1,-340.0,270.0
quinnipiac_vs_saint peter's_20240208,2024-02-08,quinnipiac,Saint Peter's,2024,1,1,0.72070146,1,-320.0,255.0
quinnipiac_vs_niagara_20240218,2024-02-18,quinnipiac,Niagara,2024,0,1,0.80424744,0,-395.0,310.0
quinnipiac_vs_fairfield_20240223,2024-02-23,quinnipiac,Fairfield,2024,0,1,0.6852216,0,-158.0,138.0
quinnipiac_vs_siena_20240303,2024-03-03,quinnipiac,Siena,2024,1,1,0.93960035,1,-2090.0,1103.0
quinnipiac_vs_marist_20240307,2024-03-07,quinnipiac,Marist,2024,1,1,0.75021404,1,-210.0,180.0
quinnipiac_vs_saint peter's_20240315,2024-03-15,quinnipiac,Saint Peter's,2024,0,1,0.6066744,0,-158.0,140.0
radford_vs_elon_20231203,2023-12-03,radford,Elon,2024,1,1,0.7915971,1,-440.0,340.0
radford_vs_north carolina central_20231209,2023-12-09,radford,North Carolina Central,2024,1,1,0.8764832,1,-597.0,402.0
radford_vs_vmi_20231212,2023-12-12,radford,VMI,2024,1,1,0.9428182,1,-1600.0,890.0
radford_vs_high point_20240103,2024-01-03,radford,High Point,2024,0,0,0.35677603,1,-120.0,100.0
radford_vs_gardner-webb_20240117,2024-01-17,radford,Gardner-Webb,2024,0,1,0.7793346,0,-175.0,145.0
radford_vs_usc upstate_20240120,2024-01-20,radford,USC Upstate,2024,1,1,0.7980209,1,-395.0,310.0
radford_vs_presbyterian_20240127,2024-01-27,radford,Presbyterian,2024,1,1,0.80852306,1,-325.0,260.0
radford_vs_charleston southern_20240131,2024-01-31,radford,Charleston Southern,2024,0,1,0.8330914,0,-600.0,404.0
radford_vs_winthrop_20240215,2024-02-15,radford,Winthrop,2024,0,0,0.43626395,1,,
radford_vs_longwood_20240224,2024-02-24,radford,Longwood,2024,1,1,0.5272859,1,-115.0,-105.0
radford_vs_unc asheville_20240302,2024-03-02,radford,UNC Asheville,2024,0,0,0.4345107,1,102.0,-122.0
radford_vs_usc upstate_20240306,2024-03-06,radford,USC Upstate,2024,1,1,0.63813967,1,-215.0,185.0
rhode-island_vs_fairfield_20231109,2023-11-09,rhode-island,Fairfield,2024,1,1,0.7564094,1,-541.0,397.0
rhode-island_vs_wagner_20231114,2023-11-14,rhode-island,Wagner,2024,1,1,0.7624895,1,-535.0,400.0
rhode-island_vs_washington state_20231119,2023-11-19,rhode-island,Washington State,2024,0,0,0.31016335,1,240.0,-285.0
rhode-island_vs_yale_20231126,2023-11-26,rhode-island,Yale,2024,1,0,0.41542217,0,205.0,-250.0
rhode-island_vs_brown_20231206,2023-12-06,rhode-island,Brown,2024,0,1,0.71114594,0,-185.0,150.0
rhode-island_vs_new hampshire_20231221,2023-12-21,rhode-island,New Hampshire,2024,0,1,0.7080445,0,-225.0,185.0
rhode-island_vs_northeastern_20231230,2023-12-30,rhode-island,Northeastern,2024,1,1,0.54011244,1,-133.0,113.0
rhode-island_vs_saint joseph's_20240103,2024-01-03,rhode-island,Saint Joseph's,2024,1,0,0.29150417,0,205.0,-245.0
rhode-island_vs_massachusetts_20240113,2024-01-13,rhode-island,Massachusetts,2024,1,0,0.30595097,0,124.0,-144.0
rhode-island_vs_fordham_20240124,2024-01-24,rhode-island,Fordham,2024,0,1,0.6295378,0,-155.0,125.0
rhode-island_vs_la salle_20240131,2024-01-31,rhode-island,La Salle,2024,1,1,0.66428393,1,-155.0,130.0
rhode-island_vs_duquesne_20240203,2024-02-03,rhode-island,Duquesne,2024,0,0,0.34328213,1,185.0,-225.0
rhode-island_vs_loyola chicago_20240218,2024-02-18,rhode-island,Loyola Chicago,2024,0,0,0.3672117,1,201.0,-246.0
rhode-island_vs_richmond_20240221,2024-02-21,rhode-island,Richmond,2024,0,0,0.33527878,1,177.0,-213.0
rhode-island_vs_saint louis_20240302,2024-03-02,rhode-island,Saint Louis,2024,0,1,0.62173724,0,-143.0,122.0
rhode-island_vs_george mason_20240306,2024-03-06,rhode-island,George Mason,2024,0,0,0.2616968,1,144.0,-171.0
rhode-island_vs_saint louis_20240312,2024-03-12,rhode-island,Saint Louis,2024,0,0,0.45334134,1,124.0,-145.0
rice_vs_ut martin_20231130,2023-11-30,rice,UT Martin,2024,1,1,0.62282014,1,-325.0,260.0
rice_vs_incarnate word_20231213,2023-12-13,rice,Incarnate Word,2024,1,1,0.7595524,1,-952.0,570.0
rice_vs_louisiana_20231222,2023-12-22,rice,Louisiana,2024,0,1,0.53626084,0,-192.0,161.0
rice_vs_utsa_20240106,2024-01-06,rice,UTSA,2024,0,1,0.7069403,0,-425.0,330.0
rice_vs_charlotte_20240116,2024-01-16,rice,Charlotte,2024,0,0,0.23554073,1,115.0,-135.0
rice_vs_florida atlantic_20240124,2024-01-24,rice,Florida Atlantic,2024,0,0,0.1630809,1,550.0,-800.0
rice_vs_tulsa_20240127,2024-01-27,rice,Tulsa,2024,0,1,0.56968004,0,-160.0,140.0
rice_vs_smu_20240207,2024-02-07,rice,SMU,2024,0,0,0.2007479,1,225.0,-278.0
rice_vs_south florida_20240210,2024-02-10,rice,South Florida,2024,0,0,0.44348484,1,160.0,-180.0
rice_vs_east carolina_20240224,2024-02-24,rice,East Carolina,2024,1,0,0.45217267,0,-104.0,-112.0
rice_vs_temple_20240228,2024-02-28,rice,Temple,2024,0,1,0.6997433,0,-230.0,190.0
rice_vs_north texas_20240309,2024-03-09,rice,North Texas,2024,0,0,0.23147137,1,196.0,-238.0
rice_vs_wichita state_20240313,2024-03-13,rice,Wichita State,2024,0,0,0.33564413,1,142.0,-170.0
richmond_vs_siena_20231111,2023-11-11,richmond,Siena,2024,1,1,0.8164451,1,-800.0,550.0
richmond_vs_queens (nc)_20231125,2023-11-25,richmond,Queens (NC),2024,1,1,0.82356244,1,-1100.0,700.0
richmond_vs_william & mary_20231202,2023-12-02,richmond,William & Mary,2024,1,1,0.89408106,1,-1600.0,900.0
richmond_vs_charlotte_20231216,2023-12-16,richmond,Charlotte,2024,1,1,0.6760914,1,-198.0,164.0
richmond_vs_buffalo_20231221,2023-12-21,richmond,Buffalo,2024,1,1,0.9574998,1,-1506.0,873.0
richmond_vs_lafayette_20231230,2023-12-30,richmond,Lafayette,2024,1,1,0.94257176,1,-1800.0,900.0
richmond_vs_st. bonaventure_20240106,2024-01-06,richmond,St. Bonaventure,2024,1,0,0.40978637,0,115.0,-140.0
richmond_vs_george mason_20240113,2024-01-13,richmond,George Mason,2024,1,1,0.56137204,1,-141.0,120.0
richmond_vs_george washington_20240124,2024-01-24,richmond,George Washington,2024,1,1,0.8527881,1,-340.0,270.0
richmond_vs_dayton_20240127,2024-01-27,richmond,Dayton,2024,1,0,0.32168454,0,140.0,-166.0
richmond_vs_la salle_20240210,2024-02-10,richmond,La Salle,2024,1,1,0.89055675,1,-575.0,425.0
richmond_vs_massachusetts_20240214,2024-02-14,richmond,Massachusetts,2024,0,1,0.67251146,0,-290.0,245.0
richmond_vs_davidson_20240224,2024-02-24,richmond,Davidson,2024,1,1,0.66678476,1,-242.0,199.0
richmond_vs_vcu_20240302,2024-03-02,richmond,VCU,2024,1,1,0.6171904,1,-185.0,154.0
richmond_vs_saint joseph's_20240306,2024-03-06,richmond,Saint Joseph's,2024,1,1,0.67119074,1,-225.0,185.0
richmond_vs_saint joseph's_20240314,2024-03-14,richmond,Saint Joseph's,2024,0,1,0.5271349,0,-152.0,129.0
rider_vs_fairfield_20231203,2023-12-03,rider,Fairfield,2024,0,1,0.6217707,0,-177.0,157.0
rider_vs_stonehill_20231208,2023-12-08,rider,Stonehill,2024,1,1,0.8500213,1,-614.0,411.0
rider_vs_pennsylvania_20231223,2023-12-23,rider,Pennsylvania,2024,0,0,0.37901774,1,123.0,-145.0
rider_vs_canisius_20240107,2024-01-07,rider,Canisius,2024,1,0,0.3148474,0,-116.0,-101.0
rider_vs_manhattan_20240112,2024-01-12,rider,Manhattan,2024,1,1,0.72645795,1,-448.0,340.0
rider_vs_niagara_20240119,2024-01-19,rider,Niagara,2024,0,1,0.5865554,0,-150.0,128.0
rider_vs_siena_20240202,2024-02-02,rider,Siena,2024,1,1,0.8053587,1,-637.0,453.0
rider_vs_marist_20240210,2024-02-10,rider,Marist,2024,0,1,0.60140884,0,-114.0,-106.0
rider_vs_mount st. mary's_20240216,2024-02-16,rider,Mount St. Mary's,2024,1,0,0.45313886,0,101.0,-118.0
rider_vs_iona_20240223,2024-02-23,rider,Iona,2024,1,0,0.46164396,0,-140.0,120.0
rider_vs_quinnipiac_20240225,2024-02-25,rider,Quinnipiac,2024,1,1,0.51107335,1,-108.0,-108.0
rider_vs_saint peter's_20240307,2024-03-07,rider,Saint Peter's,2024,1,1,0.53776175,1,-130.0,
rider_vs_saint peter's_20240314,2024-03-14,rider,Saint Peter's,2024,0,1,0.52784795,0,100.0,-120.0
robert-morris_vs_jacksonville_20231124,2023-11-24,robert-morris,Jacksonville,2024,0,1,0.5836194,0,-192.0,160.0
robert-morris_vs_youngstown state_20231202,2023-12-02,robert-morris,Youngstown State,2024,0,0,0.4417406,1,160.0,-180.0
robert-morris_vs_delaware_20231211,2023-12-11,robert-morris,Delaware,2024,0,0,0.35128576,1,171.0,-205.0
robert-morris_vs_cornell_20231222,2023-12-22,robert-morris,Cornell,2024,0,0,0.16241278,1,289.0,-371.0
robert-morris_vs_iupui_20240104,2024-01-04,robert-morris,IUPUI,2024,1,1,0.7994009,1,-370.0,300.0
robert-morris_vs_wright state_20240110,2024-01-10,robert-morris,Wright State,2024,0,0,0.24525358,1,180.0,-217.0
robert-morris_vs_detroit mercy_20240117,2024-01-17,robert-morris,Detroit Mercy,2024,1,1,0.86199254,1,-395.0,310.0
robert-morris_vs_green bay_20240208,2024-02-08,robert-morris,Green Bay,2024,0,0,0.44813937,1,-150.0,130.0
robert-morris_vs_milwaukee_20240210,2024-02-10,robert-morris,Milwaukee,2024,1,0,0.49170494,0,108.0,-128.0
robert-morris_vs_oakland_20240222,2024-02-22,robert-morris,Oakland,2024,0,0,0.30503535,1,175.0,-205.0
robert-morris_vs_cleveland state_20240225,2024-02-25,robert-morris,Cleveland State,2024,0,0,0.35800302,1,114.0,-135.0
robert-morris_vs_northern kentucky_20240228,2024-02-28,robert-morris,Northern Kentucky,2024,0,0,0.35499737,1,130.0,-150.0
rutgers_vs_boston university_20231110,2023-11-10,rutgers,Boston University,2024,1,1,0.94288117,1,-3530.0,1362.0
rutgers_vs_bryant_20231112,2023-11-12,rutgers,Bryant,2024,1,1,0.87624663,1,-1471.0,775.0
rutgers_vs_georgetown_20231115,2023-11-15,rutgers,Georgetown,2024,1,1,0.82465684,1,-533.0,392.0
rutgers_vs_howard_20231118,2023-11-18,rutgers,Howard,2024,1,1,0.8923929,1,-1295.0,710.0
rutgers_vs_saint peter's_20231127,2023-11-27,rutgers,Saint Peter's,2024,1,1,0.9448193,1,-1500.0,870.0
rutgers_vs_illinois_20231202,2023-12-02,rutgers,Illinois,2024,0,1,0.5782236,0,-125.0,105.0
rutgers_vs_liu_20231216,2023-12-16,rutgers,LIU,2024,1,1,0.97906166,1,-4086.0,1487.0
rutgers_vs_stonehill_20231230,2023-12-30,rutgers,Stonehill,2024,1,1,0.96874744,1,-20000.0,4000.0
rutgers_vs_indiana_20240109,2024-01-09,rutgers,Indiana,2024,1,1,0.6749899,1,-194.0,162.0
rutgers_vs_nebraska_20240117,2024-01-17,rutgers,Nebraska,2024,1,0,0.4223621,0,-161.0,137.0
rutgers_vs_purdue_20240128,2024-01-28,rutgers,Purdue,2024,0,0,0.20098475,1,440.0,-560.0
rutgers_vs_penn state_20240131,2024-01-31,rutgers,Penn State,2024,0,1,0.6391687,0,-328.0,260.0
rutgers_vs_wisconsin_20240210,2024-02-10,rutgers,Wisconsin,2024,1,0,0.28617504,0,147.0,-167.0
rutgers_vs_northwestern_20240215,2024-02-15,rutgers,Northwestern,2024,1,0,0.4474876,0,-185.0,155.0
rutgers_vs_maryland_20240225,2024-02-25,rutgers,Maryland,2024,0,1,0.50294065,0,-127.0,107.0
rutgers_vs_michigan_20240229,2024-02-29,rutgers,Michigan,2024,1,1,0.6522715,1,-365.0,295.0
rutgers_vs_ohio state_20240310,2024-03-10,rutgers,Ohio State,2024,0,0,0.48816797,1,115.0,-135.0
sacramento-state_vs_cal state fullerton_20231209,2023-12-09,sacramento-state,Cal State Fullerton,2024,0,0,0.31434613,1,-125.0,105.0
sacramento-state_vs_kansas city_20240103,2024-01-03,sacramento-state,Kansas City,2024,1,0,0.43492803,0,-135.0,115.0
sacramento-state_vs_weber state_20240111,2024-01-11,sacramento-state,Weber State,2024,1,0,0.13805473,0,340.0,-440.0
sacramento-state_vs_idaho state_20240113,2024-01-13,sacramento-state,Idaho State,2024,1,0,0.4666358,0,-145.0,120.0
sacramento-state_vs_montana state_20240125,2024-01-25,sacramento-state,Montana State,2024,0,0,0.4412208,1,-130.0,
sacramento-state_vs_montana_20240127,2024-01-27,sacramento-state,Montana,2024,0,0,0.19336216,1,225.0,-265.0
sacramento-state_vs_idaho_20240205,2024-02-05,sacramento-state,Idaho,2024,0,1,0.57407755,0,-238.0,195.0
sacramento-state_vs_northern arizona_20240215,2024-02-15,sacramento-state,Northern Arizona,2024,0,1,0.62128323,0,-156.0,132.0
sacramento-state_vs_northern colorado_20240217,2024-02-17,sacramento-state,Northern Colorado,2024,0,0,0.3104799,1,209.0,-256.0
sacramento-state_vs_portland state_20240302,2024-03-02,sacramento-state,Portland State,2024,1,0,0.42154208,0,100.0,-120.0
sacramento-state_vs_eastern washington_20240304,2024-03-04,sacramento-state,Eastern Washington,2024,0,0,0.21434098,1,310.0,-395.0
sacred-heart_vs_binghamton_20231121,2023-11-21,sacred-heart,Binghamton,2024,1,1,0.52177733,1,-155.0,130.0
sacred-heart_vs_new hampshire_20231130,2023-11-30,sacred-heart,New Hampshire,2024,0,1,0.6664009,0,-166.0,140.0
sacred-heart_vs_boston university_20231202,2023-12-02,sacred-heart,Boston University,2024,0,1,0.8421424,0,-355.0,280.0
sacred-heart_vs_fairfield_20231209,2023-12-09,sacred-heart,Fairfield,2024,0,1,0.5952812,0,-146.0,120.0
sacred-heart_vs_dartmouth_20231221,2023-12-21,sacred-heart,Dartmouth,2024,1,1,0.5524233,1,-160.0,140.0
sacred-heart_vs_saint francis (pa)_20240104,2024-01-04,sacred-heart,Saint Francis (PA),2024,1,1,0.7829597,1,-380.0,310.0
sacred-heart_vs_liu_20240113,2024-01-13,sacred-heart,LIU,2024,1,1,0.81249344,1,-387.0,284.0
sacred-heart_vs_wagner_20240121,2024-01-21,sacred-heart,Wagner,2024,1,1,0.62596387,1,-198.0,164.0
sacred-heart_vs_stonehill_20240201,2024-02-01,sacred-heart,Stonehill,2024,1,1,0.8313211,1,-600.0,440.0
sacred-heart_vs_le moyne_20240203,2024-02-03,sacred-heart,Le Moyne,2024,1,1,0.67157036,1,-198.0,164.0
sacred-heart_vs_central connecticut state_20240224,2024-02-24,sacred-heart,Central Connecticut State,2024,0,0,0.45786986,1,-122.0,102.0
sacred-heart_vs_merrimack_20240302,2024-03-02,sacred-heart,Merrimack,2024,1,0,0.37112135,0,136.0,-162.0
sacred-heart_vs_wagner_20240306,2024-03-06,sacred-heart,Wagner,2024,0,1,0.6500187,0,-243.0,191.0
saint-francis-pa_vs_niagara_20231125,2023-11-25,saint-francis-pa,Niagara,2024,0,0,0.34310105,1,190.0,-230.0
saint-francis-pa_vs_mount st. mary's_20231215,2023-12-15,saint-francis-pa,Mount St. Mary's,2024,0,0,0.23402716,1,255.0,-305.0
saint-francis-pa_vs_robert morris_20231220,2023-12-20,saint-francis-pa,Robert Morris,2024,0,0,0.33268738,1,165.0,-206.0
saint-francis-pa_vs_campbell_20231230,2023-12-30,saint-francis-pa,Campbell,2024,1,0,0.46618554,0,122.0,-148.0
saint-francis-pa_vs_central connecticut state_20240113,2024-01-13,saint-francis-pa,Central Connecticut State,2024,0,0,0.24580918,1,200.0,-250.0
saint-francis-pa_vs_liu_20240119,2024-01-19,saint-francis-pa,LIU,2024,1,1,0.6764278,1,-190.0,165.0
saint-francis-pa_vs_sacred heart_20240125,2024-01-25,saint-francis-pa,Sacred Heart,2024,1,0,0.31962904,0,220.0,-270.0
saint-francis-pa_vs_merrimack_20240127,2024-01-27,saint-francis-pa,Merrimack,2024,0,0,0.19104365,1,360.0,-470.0
saint-francis-pa_vs_stonehill_20240210,2024-02-10,saint-francis-pa,Stonehill,2024,1,1,0.61418694,1,-142.0,120.0
saint-francis-pa_vs_wagner_20240215,2024-02-15,saint-francis-pa,Wagner,2024,0,0,0.37699637,1,139.0,-171.0
saint-francis-pa_vs_le moyne_20240302,2024-03-02,saint-francis-pa,Le Moyne,2024,0,0,0.37423056,1,200.0,-245.0
saint-josephs_vs_pennsylvania_20231110,2023-11-10,saint-josephs,Pennsylvania,2024,1,1,0.78686625,1,-272.0,220.0
saint-josephs_vs_stonehill_20231114,2023-11-14,saint-josephs,Stonehill,2024,1,1,0.9660521,1,-2169.0,1003.0
saint-josephs_vs_texas a&mâcommerce_20231117,2023-11-17,saint-josephs,Texas A&MâCommerce,2024,0,1,0.9018625,0,-3000.0,1200.0
saint-josephs_vs_sacred heart_20231126,2023-11-26,saint-josephs,Sacred Heart,2024,1,1,0.7796909,1,-575.0,425.0
saint-josephs_vs_temple_20231202,2023-12-02,saint-josephs,Temple,2024,1,1,0.6176519,1,-205.0,175.0
saint-josephs_vs_american_20231206,2023-12-06,saint-josephs,American,2024,1,1,0.8759408,1,-2100.0,1100.0
saint-josephs_vs_princeton_20231210,2023-12-10,saint-josephs,Princeton,2024,1,1,0.5367992,1,-130.0,
saint-josephs_vs_loyola (md)_20231229,2023-12-29,saint-josephs,Loyola (MD),2024,1,1,0.97389877,1,-1800.0,1000.0
saint-josephs_vs_loyola chicago_20240113,2024-01-13,saint-josephs,Loyola Chicago,2024,0,1,0.80678064,0,-279.0,226.0
saint-josephs_vs_la salle_20240115,2024-01-15,saint-josephs,La Salle,2024,1,1,0.9150399,1,-650.0,500.0
saint-josephs_vs_duquesne_20240120,2024-01-20,saint-josephs,Duquesne,2024,1,1,0.72641337,1,-350.0,275.0
saint-josephs_vs_george mason_20240131,2024-01-31,saint-josephs,George Mason,2024,1,1,0.71914136,1,-199.0,167.0
saint-josephs_vs_dayton_20240206,2024-02-06,saint-josephs,Dayton,2024,0,0,0.37256533,1,114.0,-133.0
saint-josephs_vs_saint louis_20240210,2024-02-10,saint-josephs,Saint Louis,2024,1,1,0.89191216,1,-575.0,425.0
saint-josephs_vs_george washington_20240221,2024-02-21,saint-josephs,George Washington,2024,1,1,0.84773684,1,-950.0,625.0
saint-josephs_vs_fordham_20240302,2024-03-02,saint-josephs,Fordham,2024,1,1,0.7688549,1,-375.0,295.0
saint-josephs_vs_davidson_20240309,2024-03-09,saint-josephs,Davidson,2024,1,1,0.65220916,1,-250.0,210.0
saint-josephs_vs_vcu_20240316,2024-03-16,saint-josephs,VCU,2024,0,0,0.48244283,1,,-135.0
saint-louis_vs_wyoming_20231116,2023-11-16,saint-louis,Wyoming,2024,1,1,0.58019537,1,-135.0,114.0
saint-louis_vs_vermont_20231117,2023-11-17,saint-louis,Vermont,2024,0,0,0.347358,1,160.0,-192.0
saint-louis_vs_wichita state_20231119,2023-11-19,saint-louis,Wichita State,2024,0,0,0.30457896,1,155.0,-184.0
saint-louis_vs_dartmouth_20231125,2023-11-25,saint-louis,Dartmouth,2024,1,1,0.7977539,1,-850.0,615.0
saint-louis_vs_utah state_20231128,2023-11-28,saint-louis,Utah State,2024,0,0,0.40384808,1,225.0,-278.0
saint-louis_vs_hofstra_20231209,2023-12-09,saint-louis,Hofstra,2024,1,0,0.38525525,0,160.0,-180.0
saint-louis_vs_louisiana tech_20231216,2023-12-16,saint-louis,Louisiana Tech,2024,1,0,0.32706198,0,140.0,-160.0
saint-louis_vs_loyola chicago_20240103,2024-01-03,saint-louis,Loyola Chicago,2024,0,0,0.47106346,1,-135.0,
saint-louis_vs_saint joseph's_20240110,2024-01-10,saint-louis,Saint Joseph's,2024,1,0,0.24517913,0,140.0,-160.0
saint-louis_vs_davidson_20240124,2024-01-24,saint-louis,Davidson,2024,0,0,0.41859606,1,-135.0,114.0
saint-louis_vs_massachusetts_20240127,2024-01-27,saint-louis,Massachusetts,2024,0,0,0.2539668,1,160.0,-192.0
saint-louis_vs_fordham_20240203,2024-02-03,saint-louis,Fordham,2024,0,1,0.549018,0,-116.0,-100.0
saint-louis_vs_vcu_20240216,2024-02-16,saint-louis,VCU,2024,0,0,0.2912545,1,180.0,-225.0
saint-louis_vs_george washington_20240224,2024-02-24,saint-louis,George Washington,2024,1,1,0.6715323,1,-240.0,200.0
saint-louis_vs_richmond_20240228,2024-02-28,saint-louis,Richmond,2024,0,0,0.32136285,1,191.0,-232.0
saint-louis_vs_dayton_20240305,2024-03-05,saint-louis,Dayton,2024,0,0,0.17153299,1,400.0,-505.0
saint-marys-ca_vs_san diego state_20231117,2023-11-17,saint-marys-ca,San Diego State,2024,0,1,0.64800996,0,-125.0,105.0
saint-marys-ca_vs_xavier_20231119,2023-11-19,saint-marys-ca,Xavier,2024,0,1,0.6848201,0,-250.0,210.0
saint-marys-ca_vs_davidson_20231124,2023-11-24,saint-marys-ca,Davidson,2024,1,1,0.9112056,1,-575.0,455.0
saint-marys-ca_vs_utah_20231127,2023-11-27,saint-marys-ca,Utah,2024,0,1,0.7740492,0,-195.0,170.0
saint-marys-ca_vs_boise state_20231201,2023-12-01,saint-marys-ca,Boise State,2024,0,1,0.7210283,0,-155.0,130.0
saint-marys-ca_vs_cleveland state_20231205,2023-12-05,saint-marys-ca,Cleveland State,2024,1,1,0.91346127,1,-1600.0,850.0
saint-marys-ca_vs_colorado state_20231209,2023-12-09,saint-marys-ca,Colorado State,2024,1,0,0.46915686,0,157.0,-177.0
saint-marys-ca_vs_unlv_20231216,2023-12-16,saint-marys-ca,UNLV,2024,1,1,0.70581704,1,-246.0,202.0
saint-marys-ca_vs_middle tennessee_20231219,2023-12-19,saint-marys-ca,Middle Tennessee,2024,1,1,0.92156285,1,-1320.0,793.0
saint-marys-ca_vs_northern kentucky_20231221,2023-12-21,saint-marys-ca,Northern Kentucky,2024,1,1,0.9336812,1,-1600.0,890.0
saint-marys-ca_vs_missouri state_20231223,2023-12-23,saint-marys-ca,Missouri State,2024,0,1,0.8828783,0,-925.0,665.0
saint-marys-ca_vs_kent state_20231229,2023-12-29,saint-marys-ca,Kent State,2024,1,1,0.8186177,1,-600.0,440.0
saint-marys-ca_vs_san diego_20240104,2024-01-04,saint-marys-ca,San Diego,2024,1,1,0.95724905,1,-1000.0,650.0
saint-marys-ca_vs_loyola marymount_20240106,2024-01-06,saint-marys-ca,Loyola Marymount,2024,1,1,0.91365993,1,-440.0,340.0
saint-marys-ca_vs_portland_20240111,2024-01-11,saint-marys-ca,Portland,2024,1,1,0.97118473,1,-2500.0,1150.0
saint-marys-ca_vs_santa clara_20240113,2024-01-13,saint-marys-ca,Santa Clara,2024,1,1,0.76925427,1,-278.0,225.0
saint-marys-ca_vs_san francisco_20240120,2024-01-20,saint-marys-ca,San Francisco,2024,1,1,0.64462703,1,-108.0,-112.0
saint-marys-ca_vs_pacific_20240125,2024-01-25,saint-marys-ca,Pacific,2024,1,1,0.98339415,1,-4115.0,1740.0
saint-marys-ca_vs_loyola marymount_20240127,2024-01-27,saint-marys-ca,Loyola Marymount,2024,1,1,0.9419972,1,-1654.0,934.0
saint-marys-ca_vs_santa clara_20240131,2024-01-31,saint-marys-ca,Santa Clara,2024,1,1,0.91421086,1,-1100.0,700.0
saint-marys-ca_vs_gonzaga_20240203,2024-02-03,saint-marys-ca,Gonzaga,2024,1,0,0.44921803,0,170.0,-195.0
saint-marys-ca_vs_pacific_20240206,2024-02-06,saint-marys-ca,Pacific,2024,1,1,0.97635514,1,-2586.0,1278.0
saint-marys-ca_vs_portland_20240210,2024-02-10,saint-marys-ca,Portland,2024,1,1,0.9751193,1,-2111.0,1110.0
saint-marys-ca_vs_pepperdine_20240215,2024-02-15,saint-marys-ca,Pepperdine,2024,1,1,0.96869075,1,-2301.0,1179.0
saint-marys-ca_vs_san francisco_20240220,2024-02-20,saint-marys-ca,San Francisco,2024,1,1,0.8636698,1,-375.0,290.0
saint-marys-ca_vs_san diego_20240224,2024-02-24,saint-marys-ca,San Diego,2024,1,1,0.97268933,1,-4085.0,1732.0
saint-marys-ca_vs_pepperdine_20240229,2024-02-29,saint-marys-ca,Pepperdine,2024,1,1,0.948778,1,-1500.0,870.0
saint-marys-ca_vs_gonzaga_20240302,2024-03-02,saint-marys-ca,Gonzaga,2024,0,1,0.6675835,0,-168.0,142.0
saint-marys-ca_vs_santa clara_20240311,2024-03-11,saint-marys-ca,Santa Clara,2024,1,1,0.86564106,1,-638.0,453.0
saint-marys-ca_vs_gonzaga_20240312,2024-03-12,saint-marys-ca,Gonzaga,2024,1,0,0.48196602,0,142.0,-168.0
saint-marys-ca_vs_grand canyon_20240322,2024-03-22,saint-marys-ca,Grand Canyon,2024,0,1,0.7773757,0,-235.0,203.0
saint-peters_vs_umass lowell_20231120,2023-11-20,saint-peters,UMass Lowell,2024,0,0,0.219894,1,176.0,-221.0
saint-peters_vs_umbc_20231212,2023-12-12,saint-peters,UMBC,2024,1,1,0.80367744,1,-352.0,263.0
saint-peters_vs_iona_20240105,2024-01-05,saint-peters,Iona,2024,1,0,0.42402902,0,125.0,-146.0
saint-peters_vs_mount st. mary's_20240107,2024-01-07,saint-peters,Mount St. Mary's,2024,1,1,0.5844913,1,-123.0,105.0
saint-peters_vs_canisius_20240121,2024-01-21,saint-peters,Canisius,2024,1,1,0.6724859,1,-243.0,200.0
saint-peters_vs_rider_20240125,2024-01-25,saint-peters,Rider,2024,0,1,0.8100323,0,-274.0,222.0
saint-peters_vs_niagara_20240202,2024-02-02,saint-peters,Niagara,2024,0,1,0.8195353,0,-165.0,140.0
saint-peters_vs_fairfield_20240210,2024-02-10,saint-peters,Fairfield,2024,0,1,0.50906247,0,138.0,-163.0
saint-peters_vs_siena_20240216,2024-02-16,saint-peters,Siena,2024,1,1,0.8794592,1,-501.0,372.0
saint-peters_vs_marist_20240225,2024-02-25,saint-peters,Marist,2024,1,1,0.6824166,1,-179.0,151.0
saint-peters_vs_manhattan_20240303,2024-03-03,saint-peters,Manhattan,2024,1,1,0.8704882,1,-852.0,570.0
saint-peters_vs_quinnipiac_20240309,2024-03-09,saint-peters,Quinnipiac,2024,0,1,0.5538342,0,-145.0,123.0
saint-peters_vs_tennessee_20240321,2024-03-21,saint-peters,Tennessee,2024,0,0,0.09126579,1,1550.0,-2771.0
samford_vs_south carolina state_20231117,2023-11-17,samford,South Carolina State,2024,1,1,0.8607719,1,-5000.0,1400.0
samford_vs_alabama state_20231122,2023-11-22,samford,Alabama State,2024,1,1,0.8508562,1,-1311.0,716.0
samford_vs_merrimack_20231124,2023-11-24,samford,Merrimack,2024,1,1,0.8155997,1,-675.0,490.0
samford_vs_north carolina a&t_20231125,2023-11-25,samford,North Carolina A&T,2024,1,1,0.9572591,1,-2600.0,1150.0
samford_vs_louisiana_20231130,2023-11-30,samford,Louisiana,2024,1,1,0.6685509,1,-160.0,135.0
samford_vs_alabama a&m_20231211,2023-12-11,samford,Alabama A&M,2024,1,1,0.9574194,1,-2408.0,1073.0
samford_vs_belmont_20231216,2023-12-16,samford,Belmont,2024,1,1,0.6590618,1,-176.0,149.0
samford_vs_chattanooga_20240103,2024-01-03,samford,Chattanooga,2024,1,1,0.86848605,1,-340.0,265.0
samford_vs_unc greensboro_20240111,2024-01-11,samford,UNC Greensboro,2024,1,1,0.7799978,1,-195.0,170.0
samford_vs_vmi_20240113,2024-01-13,samford,VMI,2024,1,1,0.97036505,1,-3110.0,1447.0
samford_vs_mercer_20240120,2024-01-20,samford,Mercer,2024,1,1,0.93358266,1,-1000.0,650.0
samford_vs_wofford_20240131,2024-01-31,samford,Wofford,2024,1,1,0.9160993,1,-700.0,500.0
samford_vs_western carolina_20240214,2024-02-14,samford,Western Carolina,2024,1,1,0.70209134,1,-307.0,246.0
samford_vs_furman_20240221,2024-02-21,samford,Furman,2024,1,1,0.834158,1,-330.0,261.0
samford_vs_east tennessee state_20240224,2024-02-24,samford,East Tennessee State,2024,1,1,0.85866153,1,-650.0,475.0
samford_vs_the citadel_20240302,2024-03-02,samford,The Citadel,2024,1,1,0.933109,1,-1113.0,698.0
sam-houston-state_vs_lamar_20231203,2023-12-03,sam-houston-state,Lamar,2024,1,1,0.85081416,1,-800.0,550.0
sam-houston-state_vs_louisianaâmonroe_20231212,2023-12-12,sam-houston-state,LouisianaâMonroe,2024,1,1,0.8075177,1,-460.0,370.0
sam-houston-state_vs_texas state_20231215,2023-12-15,sam-houston-state,Texas State,2024,0,1,0.77995235,0,-210.0,174.0
sam-houston-state_vs_louisiana tech_20240106,2024-01-06,sam-houston-state,Louisiana Tech,2024,1,0,0.3004357,0,225.0,-278.0
sam-houston-state_vs_western kentucky_20240110,2024-01-10,sam-houston-state,Western Kentucky,2024,1,0,0.45362562,0,-148.0,124.0
sam-houston-state_vs_new mexico state_20240125,2024-01-25,sam-houston-state,New Mexico State,2024,1,1,0.7208146,1,-216.0,180.0
sam-houston-state_vs_utep_20240127,2024-01-27,sam-houston-state,UTEP,2024,1,1,0.71304804,1,-205.0,175.0
sam-houston-state_vs_florida international_20240215,2024-02-15,sam-houston-state,Florida International,2024,1,1,0.72086513,1,-275.0,230.0
sam-houston-state_vs_liberty_20240217,2024-02-17,sam-houston-state,Liberty,2024,1,0,0.42291,0,165.0,-190.0
sam-houston-state_vs_middle tennessee_20240302,2024-03-02,sam-houston-state,Middle Tennessee,2024,1,1,0.7822242,1,-395.0,310.0
sam-houston-state_vs_jacksonville state_20240309,2024-03-09,sam-houston-state,Jacksonville State,2024,1,1,0.7552412,1,-300.0,240.0
sam-houston-state_vs_utep_20240315,2024-03-15,sam-houston-state,UTEP,2024,0,1,0.6433713,0,-217.0,180.0
san-diego-state_vs_long beach state_20231114,2023-11-14,san-diego-state,Long Beach State,2024,1,1,0.88252753,1,-1050.0,675.0
san-diego-state_vs_washington_20231119,2023-11-19,san-diego-state,Washington,2024,1,1,0.67988974,1,-270.0,220.0
san-diego-state_vs_uc irvine_20231209,2023-12-09,san-diego-state,UC Irvine,2024,1,1,0.82904124,1,-443.0,336.0
san-diego-state_vs_stanford_20231221,2023-12-21,san-diego-state,Stanford,2024,1,1,0.7973354,1,-439.0,334.0
san-diego-state_vs_fresno state_20240103,2024-01-03,san-diego-state,Fresno State,2024,1,1,0.9530227,1,-1600.0,900.0
san-diego-state_vs_unlv_20240106,2024-01-06,san-diego-state,UNLV,2024,1,1,0.8331877,1,-408.0,314.0
san-diego-state_vs_nevada_20240117,2024-01-17,san-diego-state,Nevada,2024,1,1,0.7085842,1,-285.0,230.0
san-diego-state_vs_wyoming_20240123,2024-01-23,san-diego-state,Wyoming,2024,1,1,0.94737214,1,-1800.0,1000.0
san-diego-state_vs_utah state_20240203,2024-02-03,san-diego-state,Utah State,2024,1,1,0.6569242,1,-270.0,220.0
san-diego-state_vs_colorado state_20240213,2024-02-13,san-diego-state,Colorado State,2024,1,1,0.6541908,1,-270.0,220.0
san-diego-state_vs_new mexico_20240216,2024-02-16,san-diego-state,New Mexico,2024,1,1,0.624222,1,-280.0,235.0
san-diego-state_vs_san jose state_20240227,2024-02-27,san-diego-state,San Jose State,2024,1,1,0.96186185,1,-4000.0,1500.0
san-diego-state_vs_boise state_20240308,2024-03-08,san-diego-state,Boise State,2024,0,1,0.698694,0,-320.0,255.0
san-diego-state_vs_utah state_20240315,2024-03-15,san-diego-state,Utah State,2024,1,1,0.6110075,1,-221.0,183.0
san-diego-state_vs_yale_20240324,2024-03-24,san-diego-state,Yale,2024,1,1,0.72159123,1,-250.0,205.0
san-francisco_vs_new orleans_20231211,2023-12-11,san-francisco,New Orleans,2024,1,1,0.8931502,1,-3265.0,1299.0
san-francisco_vs_seattle_20231213,2023-12-13,san-francisco,Seattle,2024,1,1,0.7220966,1,-488.0,364.0
san-francisco_vs_utah state_20231216,2023-12-16,san-francisco,Utah State,2024,0,0,0.38235706,1,148.0,-175.0
san-francisco_vs_northern arizona_20231220,2023-12-20,san-francisco,Northern Arizona,2024,1,1,0.92081946,1,-1723.0,962.0
san-francisco_vs_fresno state_20231222,2023-12-22,san-francisco,Fresno State,2024,1,1,0.8864679,1,-700.0,500.0
san-francisco_vs_mississippi valley state_20231230,2023-12-30,san-francisco,Mississippi Valley State,2024,1,1,0.9796575,1,-5775.0,1818.0
san-francisco_vs_portland_20240113,2024-01-13,san-francisco,Portland,2024,1,1,0.9645413,1,-1751.0,973.0
san-francisco_vs_loyola marymount_20240118,2024-01-18,san-francisco,Loyola Marymount,2024,1,1,0.894611,1,-592.0,427.0
san-francisco_vs_san diego_20240201,2024-02-01,san-francisco,San Diego,2024,1,1,0.94139194,1,-2500.0,1150.0
san-francisco_vs_pacific_20240203,2024-02-03,san-francisco,Pacific,2024,1,1,0.9749507,1,-3154.0,1461.0
san-francisco_vs_santa clara_20240210,2024-02-10,san-francisco,Santa Clara,2024,1,1,0.81576425,1,-435.0,355.0
san-francisco_vs_pepperdine_20240224,2024-02-24,san-francisco,Pepperdine,2024,1,1,0.91137916,1,-1200.0,750.0
san-francisco_vs_gonzaga_20240229,2024-02-29,san-francisco,Gonzaga,2024,0,0,0.3365989,1,164.0,-198.0
san-jose-state_vs_north dakota state_20231127,2023-11-27,san-jose-state,North Dakota State,2024,1,1,0.84569424,1,-350.0,260.0
san-jose-state_vs_new orleans_20231209,2023-12-09,san-jose-state,New Orleans,2024,1,1,0.8137776,1,-476.0,336.0
san-jose-state_vs_montana_20231217,2023-12-17,san-jose-state,Montana,2024,0,1,0.65904826,0,-135.0,115.0
san-jose-state_vs_santa clara_20231220,2023-12-20,san-jose-state,Santa Clara,2024,1,0,0.4935093,0,164.0,-198.0
san-jose-state_vs_boise state_20240105,2024-01-05,san-jose-state,Boise State,2024,0,0,0.28082448,1,183.0,-220.0
san-jose-state_vs_san diego state_20240109,2024-01-09,san-jose-state,San Diego State,2024,0,0,0.19094989,1,422.0,-584.0
san-jose-state_vs_new mexico_20240124,2024-01-24,san-jose-state,New Mexico,2024,0,0,0.20847179,1,320.0,-400.0
san-jose-state_vs_unlv_20240127,2024-01-27,san-jose-state,UNLV,2024,0,0,0.34103394,1,145.0,-171.0
san-jose-state_vs_fresno state_20240206,2024-02-06,san-jose-state,Fresno State,2024,0,1,0.6886107,0,-136.0,116.0
san-jose-state_vs_air force_20240213,2024-02-13,san-jose-state,Air Force,2024,1,1,0.60304666,1,-160.0,140.0
san-jose-state_vs_wyoming_20240217,2024-02-17,san-jose-state,Wyoming,2024,0,1,0.50864416,0,-123.0,105.0
san-jose-state_vs_nevada_20240223,2024-02-23,san-jose-state,Nevada,2024,0,0,0.15029259,1,450.0,-650.0
san-jose-state_vs_utah state_20240306,2024-03-06,san-jose-state,Utah State,2024,0,0,0.1629939,1,455.0,-625.0
santa-clara_vs_saint francis (pa)_20231111,2023-11-11,santa-clara,Saint Francis (PA),2024,1,1,0.9729102,1,-3761.0,1415.0
santa-clara_vs_southeastern louisiana_20231118,2023-11-18,santa-clara,Southeastern Louisiana,2024,1,1,0.8910491,1,-1435.0,762.0
santa-clara_vs_mississippi valley state_20231120,2023-11-20,santa-clara,Mississippi Valley State,2024,1,1,0.9721077,1,-3814.0,1427.0
santa-clara_vs_utah state_20231213,2023-12-13,santa-clara,Utah State,2024,0,0,0.4299025,1,,-130.0
santa-clara_vs_washington state_20231216,2023-12-16,santa-clara,Washington State,2024,1,0,0.23595908,0,210.0,-250.0
santa-clara_vs_yale_20231230,2023-12-30,santa-clara,Yale,2024,0,1,0.6517696,0,-148.0,126.0
santa-clara_vs_gonzaga_20240111,2024-01-11,santa-clara,Gonzaga,2024,1,0,0.26214606,0,310.0,-395.0
santa-clara_vs_portland_20240120,2024-01-20,santa-clara,Portland,2024,1,1,0.90920913,1,-666.0,469.0
santa-clara_vs_pepperdine_20240125,2024-01-25,santa-clara,Pepperdine,2024,1,1,0.8081847,1,-470.0,360.0
santa-clara_vs_san diego_20240203,2024-02-03,santa-clara,San Diego,2024,0,1,0.84068435,0,-1000.0,625.0
santa-clara_vs_pacific_20240215,2024-02-15,santa-clara,Pacific,2024,1,1,0.96313417,1,-1600.0,900.0
santa-clara_vs_loyola marymount_20240222,2024-02-22,santa-clara,Loyola Marymount,2024,1,1,0.7631321,1,-567.0,412.0
santa-clara_vs_san francisco_20240302,2024-03-02,santa-clara,San Francisco,2024,1,0,0.41067547,0,130.0,-155.0
seattle_vs_northern arizona_20231115,2023-11-15,seattle,Northern Arizona,2024,0,1,0.90624636,0,-900.0,600.0
seattle_vs_idaho_20231122,2023-11-22,seattle,Idaho,2024,1,1,0.9274116,1,-1458.0,853.0
seattle_vs_southern utah_20231202,2023-12-02,seattle,Southern Utah,2024,1,1,0.8329979,1,-1000.0,660.0
seattle_vs_washington_20231217,2023-12-17,seattle,Washington,2024,0,0,0.42493957,1,180.0,-210.0
seattle_vs_louisiana tech_20231220,2023-12-20,seattle,Louisiana Tech,2024,1,1,0.5993702,1,-125.0,105.0
seattle_vs_utah tech_20240104,2024-01-04,seattle,Utah Tech,2024,1,1,0.9359783,1,-598.0,430.0
seattle_vs_california baptist_20240106,2024-01-06,seattle,California Baptist,2024,1,1,0.8793334,1,-254.0,208.0
seattle_vs_grand canyon_20240120,2024-01-20,seattle,Grand Canyon,2024,1,0,0.44108492,0,175.0,-205.0
seattle_vs_utah valley_20240126,2024-01-26,seattle,Utah Valley,2024,1,1,0.8055416,1,-276.0,223.0
seattle_vs_abilene christian_20240208,2024-02-08,seattle,Abilene Christian,2024,1,1,0.8486896,1,-575.0,425.0
seattle_vs_tarleton state_20240210,2024-02-10,seattle,Tarleton State,2024,0,1,0.7312384,0,-345.0,275.0
seattle_vs_stephen f. austin_20240222,2024-02-22,seattle,Stephen F. Austin,2024,1,1,0.73316485,1,-315.0,265.0
seattle_vs_ut arlington_20240229,2024-02-29,seattle,UT Arlington,2024,0,1,0.73701686,0,-265.0,216.0
seton-hall_vs_albany (ny)_20231115,2023-11-15,seton-hall,Albany (NY),2024,1,1,0.9637811,1,-2835.0,1190.0
seton-hall_vs_wagner_20231118,2023-11-18,seton-hall,Wagner,2024,1,1,0.96947,1,-2882.0,1202.0
seton-hall_vs_southern california_20231123,2023-11-23,seton-hall,Southern California,2024,0,0,0.37580213,1,153.0,-182.0
seton-hall_vs_northeastern_20231129,2023-11-29,seton-hall,Northeastern,2024,1,1,0.8970789,1,-1400.0,825.0
seton-hall_vs_rutgers_20231209,2023-12-09,seton-hall,Rutgers,2024,0,1,0.6708629,0,-165.0,140.0
seton-hall_vs_monmouth_20231212,2023-12-12,seton-hall,Monmouth,2024,1,1,0.92593724,1,-1157.0,719.0
seton-hall_vs_connecticut_20231220,2023-12-20,seton-hall,Connecticut,2024,1,0,0.22270884,0,345.0,-457.0
seton-hall_vs_marquette_20240106,2024-01-06,seton-hall,Marquette,2024,1,0,0.27925077,0,172.0,-207.0
seton-hall_vs_st. john's (ny)_20240116,2024-01-16,seton-hall,St. John's (NY),2024,1,0,0.40421766,0,-106.0,
seton-hall_vs_creighton_20240120,2024-01-20,seton-hall,Creighton,2024,0,0,0.43312198,1,106.0,-124.0
seton-hall_vs_providence_20240124,2024-01-24,seton-hall,Providence,2024,0,1,0.7004571,0,-190.0,165.0
seton-hall_vs_georgetown_20240207,2024-02-07,seton-hall,Georgetown,2024,1,1,0.91167974,1,-938.0,613.0
seton-hall_vs_xavier_20240214,2024-02-14,seton-hall,Xavier,2024,1,1,0.6227525,1,-159.0,135.0
seton-hall_vs_butler_20240224,2024-02-24,seton-hall,Butler,2024,1,1,0.6882394,1,-268.0,217.0
seton-hall_vs_villanova_20240306,2024-03-06,seton-hall,Villanova,2024,1,1,0.5314506,1,-107.0,-113.0
seton-hall_vs_depaul_20240309,2024-03-09,seton-hall,DePaul,2024,1,1,0.97384226,1,-6243.0,2266.0
seton-hall_vs_saint joseph's_20240320,2024-03-20,seton-hall,Saint Joseph's,2024,1,1,0.7564294,1,-356.0,295.0
seton-hall_vs_north texas_20240323,2024-03-23,seton-hall,North Texas,2024,1,1,0.6565145,1,-198.0,173.0
seton-hall_vs_unlv_20240327,2024-03-27,seton-hall,UNLV,2024,1,1,0.67571473,1,-262.0,224.0
siena_vs_albany (ny)_20231126,2023-11-26,siena,Albany (NY),2024,0,0,0.47799212,1,-160.0,135.0
siena_vs_rider_20231201,2023-12-01,siena,Rider,2024,1,0,0.3497147,0,145.0,-165.0
siena_vs_bryant_20231206,2023-12-06,siena,Bryant,2024,0,0,0.22801793,1,340.0,-440.0
siena_vs_cornell_20231219,2023-12-19,siena,Cornell,2024,0,0,0.116955996,1,661.0,-1036.0
siena_vs_fairfield_20240105,2024-01-05,siena,Fairfield,2024,0,0,0.20968272,1,145.0,-172.0
siena_vs_quinnipiac_20240119,2024-01-19,siena,Quinnipiac,2024,0,0,0.22287261,1,205.0,-245.0
siena_vs_iona_20240126,2024-01-26,siena,Iona,2024,0,0,0.19065227,1,295.0,-375.0
siena_vs_saint peter's_20240128,2024-01-28,siena,Saint Peter's,2024,0,0,0.1804083,1,420.0,-525.0
siena_vs_mount st. mary's_20240204,2024-02-04,siena,Mount St. Mary's,2024,0,0,0.20375389,1,295.0,-375.0
siena_vs_marist_20240208,2024-02-08,siena,Marist,2024,0,0,0.24367711,1,182.0,-220.0
siena_vs_canisius_20240218,2024-02-18,siena,Canisius,2024,0,0,0.26390806,1,195.0,-225.0
siena_vs_manhattan_20240301,2024-03-01,siena,Manhattan,2024,0,0,0.4988277,1,152.0,-180.0
siena_vs_niagara_20240307,2024-03-07,siena,Niagara,2024,0,0,0.26462537,1,270.0,-340.0
south-alabama_vs_denver_20231117,2023-11-17,south-alabama,Denver,2024,1,1,0.7307716,1,-210.0,180.0
south-alabama_vs_siu edwardsville_20231119,2023-11-19,south-alabama,SIU Edwardsville,2024,1,1,0.57984763,1,-175.0,145.0
south-alabama_vs_alabama a&m_20231221,2023-12-21,south-alabama,Alabama A&M,2024,1,1,0.92511255,1,-909.0,552.0
south-alabama_vs_appalachian state_20240104,2024-01-04,south-alabama,Appalachian State,2024,0,0,0.26300824,1,120.0,-142.0
south-alabama_vs_georgia state_20240106,2024-01-06,south-alabama,Georgia State,2024,0,1,0.599153,0,-185.0,154.0
south-alabama_vs_troy_20240118,2024-01-18,south-alabama,Troy,2024,1,0,0.40062204,0,-106.0,
south-alabama_vs_louisiana_20240120,2024-01-20,south-alabama,Louisiana,2024,0,0,0.41564792,1,,
south-alabama_vs_georgia southern_20240207,2024-02-07,south-alabama,Georgia Southern,2024,1,1,0.68047065,1,-198.0,166.0
south-alabama_vs_northern illinois_20240210,2024-02-10,south-alabama,Northern Illinois,2024,1,1,0.67380255,1,-259.0,211.0
south-alabama_vs_texas state_20240215,2024-02-15,south-alabama,Texas State,2024,1,1,0.54966366,1,-145.0,125.0
south-alabama_vs_arkansas state_20240217,2024-02-17,south-alabama,Arkansas State,2024,0,0,0.39110446,1,125.0,-145.0
south-alabama_vs_southern mississippi_20240228,2024-02-28,south-alabama,Southern Mississippi,2024,1,1,0.65467596,1,-165.0,140.0
south-alabama_vs_louisianaâmonroe_20240301,2024-03-01,south-alabama,LouisianaâMonroe,2024,1,1,0.70868105,1,-330.0,262.0
south-carolina_vs_virginia tech_20231110,2023-11-10,south-carolina,Virginia Tech,2024,1,0,0.2507991,0,220.0,-270.0
south-carolina_vs_vmi_20231113,2023-11-13,south-carolina,VMI,2024,1,1,0.95544225,1,-3069.0,1434.0
south-carolina_vs_notre dame_20231128,2023-11-28,south-carolina,Notre Dame,2024,1,1,0.82826453,1,-360.0,290.0
south-carolina_vs_george washington_20231201,2023-12-01,south-carolina,George Washington,2024,1,1,0.83248925,1,-450.0,340.0
south-carolina_vs_charleston southern_20231216,2023-12-16,south-carolina,Charleston Southern,2024,1,1,0.97328365,1,-3000.0,1200.0
south-carolina_vs_winthrop_20231219,2023-12-19,south-carolina,Winthrop,2024,1,1,0.75405097,1,-637.0,423.0
south-carolina_vs_elon_20231222,2023-12-22,south-carolina,Elon,2024,1,1,0.94238,1,-1280.0,775.0
south-carolina_vs_florida a&m_20231230,2023-12-30,south-carolina,Florida A&M,2024,1,1,0.97269124,1,-5000.0,1400.0
south-carolina_vs_mississippi state_20240106,2024-01-06,south-carolina,Mississippi State,2024,1,0,0.4729838,0,130.0,-150.0
south-carolina_vs_georgia_20240116,2024-01-16,south-carolina,Georgia,2024,0,1,0.74928,0,-290.0,235.0
south-carolina_vs_kentucky_20240123,2024-01-23,south-carolina,Kentucky,2024,1,0,0.45774212,0,200.0,-240.0
south-carolina_vs_missouri_20240127,2024-01-27,south-carolina,Missouri,2024,1,1,0.77505404,1,-238.0,195.0
south-carolina_vs_vanderbilt_20240210,2024-02-10,south-carolina,Vanderbilt,2024,1,1,0.936541,1,-750.0,525.0
south-carolina_vs_louisiana state_20240217,2024-02-17,south-carolina,Louisiana State,2024,0,1,0.7475271,0,-350.0,275.0
south-carolina_vs_florida_20240302,2024-03-02,south-carolina,Florida,2024,1,1,0.5033477,1,-133.0,113.0
south-carolina_vs_tennessee_20240306,2024-03-06,south-carolina,Tennessee,2024,0,0,0.39894626,1,199.0,-242.0
south-carolina-state_vs_north florida_20231113,2023-11-13,south-carolina-state,North Florida,2024,1,0,0.46428496,0,180.0,-225.0
south-carolina-state_vs_bethune-cookman_20231209,2023-12-09,south-carolina-state,Bethune-Cookman,2024,0,1,0.6073371,0,-135.0,114.0
south-carolina-state_vs_jacksonville_20231211,2023-12-11,south-carolina-state,Jacksonville,2024,1,0,0.45841542,0,184.0,-232.0
south-carolina-state_vs_norfolk state_20240106,2024-01-06,south-carolina-state,Norfolk State,2024,0,0,0.29024145,1,220.0,-270.0
south-carolina-state_vs_howard_20240108,2024-01-08,south-carolina-state,Howard,2024,0,0,0.4192881,1,164.0,-198.0
south-carolina-state_vs_north carolina central_20240120,2024-01-20,south-carolina-state,North Carolina Central,2024,1,0,0.43997827,0,140.0,-165.0
south-carolina-state_vs_morgan state_20240203,2024-02-03,south-carolina-state,Morgan State,2024,0,1,0.76515526,0,-187.0,151.0
south-carolina-state_vs_coppin state_20240205,2024-02-05,south-carolina-state,Coppin State,2024,1,1,0.81381094,1,-882.0,540.0
south-carolina-state_vs_chicago state_20240210,2024-02-10,south-carolina-state,Chicago State,2024,1,0,0.44611722,0,109.0,-132.0
south-carolina-state_vs_delaware state_20240224,2024-02-24,south-carolina-state,Delaware State,2024,1,1,0.6803413,1,-145.0,120.0
south-carolina-state_vs_maryland eastern shore_20240226,2024-02-26,south-carolina-state,Maryland Eastern Shore,2024,1,1,0.8344676,1,-500.0,380.0
south-carolina-upstate_vs_kennesaw state_20231209,2023-12-09,south-carolina-upstate,Kennesaw State,2024,0,0,0.4743341,1,153.0,-190.0
south-carolina-upstate_vs_western carolina_20231216,2023-12-16,south-carolina-upstate,Western Carolina,2024,0,0,0.34606704,1,164.0,-198.0
south-carolina-upstate_vs_winthrop_20240106,2024-01-06,south-carolina-upstate,Winthrop,2024,0,0,0.30422986,1,215.0,-265.0
south-carolina-upstate_vs_longwood_20240117,2024-01-17,south-carolina-upstate,Longwood,2024,1,0,0.24187692,0,195.0,-238.0
south-carolina-upstate_vs_high point_20240124,2024-01-24,south-carolina-upstate,High Point,2024,0,0,0.14190473,1,230.0,-300.0
south-carolina-upstate_vs_radford_20240203,2024-02-03,south-carolina-upstate,Radford,2024,1,0,0.31769732,0,105.0,-127.0
south-carolina-upstate_vs_unc asheville_20240210,2024-02-10,south-carolina-upstate,UNC Asheville,2024,0,0,0.2989854,1,165.0,-200.0
south-carolina-upstate_vs_gardner-webb_20240217,2024-02-17,south-carolina-upstate,Gardner-Webb,2024,0,0,0.39808473,1,120.0,-145.0
south-carolina-upstate_vs_charleston southern_20240221,2024-02-21,south-carolina-upstate,Charleston Southern,2024,0,1,0.6780975,0,-246.0,193.0
south-carolina-upstate_vs_presbyterian_20240228,2024-02-28,south-carolina-upstate,Presbyterian,2024,1,1,0.5520683,1,-130.0,
south-dakota_vs_vmi_20231117,2023-11-17,south-dakota,VMI,2024,1,1,0.72255325,1,-325.0,260.0
south-dakota_vs_air force_20231126,2023-11-26,south-dakota,Air Force,2024,0,0,0.2541103,1,125.0,-155.0
south-dakota_vs_cal state bakersfield_20231209,2023-12-09,south-dakota,Cal State Bakersfield,2024,1,0,0.39688787,0,-125.0,105.0
south-dakota_vs_omaha_20231231,2023-12-31,south-dakota,Omaha,2024,0,1,0.65381926,0,-176.0,156.0
south-dakota_vs_eastern washington_20240103,2024-01-03,south-dakota,Eastern Washington,2024,0,0,0.2518464,1,230.0,-295.0
south-dakota_vs_st. thomas_20240118,2024-01-18,south-dakota,St. Thomas,2024,1,0,0.13430361,0,203.0,-247.0
south-dakota_vs_south dakota state_20240120,2024-01-20,south-dakota,South Dakota State,2024,0,0,0.30600703,1,276.0,-351.0
south-dakota_vs_north dakota_20240201,2024-02-01,south-dakota,North Dakota,2024,0,0,0.36135694,1,120.0,-142.0
south-dakota_vs_denver_20240208,2024-02-08,south-dakota,Denver,2024,1,0,0.34810448,0,135.0,-159.0
south-dakota_vs_kansas city_20240222,2024-02-22,south-dakota,Kansas City,2024,0,0,0.30973426,1,145.0,-165.0
south-dakota_vs_oral roberts_20240224,2024-02-24,south-dakota,Oral Roberts,2024,1,0,0.48388427,0,106.0,-124.0
south-dakota_vs_north dakota state_20240229,2024-02-29,south-dakota,North Dakota State,2024,1,0,0.35989332,0,146.0,-166.0
south-dakota-state_vs_towson_20231201,2023-12-01,south-dakota-state,Towson,2024,1,1,0.5552994,1,-225.0,180.0
south-dakota-state_vs_kent state_20231205,2023-12-05,south-dakota-state,Kent State,2024,0,0,0.39316553,1,-125.0,105.0
south-dakota-state_vs_wichita state_20231209,2023-12-09,south-dakota-state,Wichita State,2024,1,0,0.3159169,0,160.0,-192.0
south-dakota-state_vs_wyoming_20231220,2023-12-20,south-dakota-state,Wyoming,2024,0,1,0.66066194,0,-190.0,165.0
south-dakota-state_vs_north dakota_20231231,2023-12-31,south-dakota-state,North Dakota,2024,1,1,0.7601555,1,-500.0,395.0
south-dakota-state_vs_montana state_20240106,2024-01-06,south-dakota-state,Montana State,2024,1,1,0.7696108,1,-850.0,615.0
south-dakota-state_vs_omaha_20240118,2024-01-18,south-dakota-state,Omaha,2024,1,1,0.78596216,1,-600.0,440.0
south-dakota-state_vs_kansas city_20240125,2024-01-25,south-dakota-state,Kansas City,2024,1,1,0.7851051,1,-650.0,450.0
south-dakota-state_vs_north dakota state_20240201,2024-02-01,south-dakota-state,North Dakota State,2024,0,1,0.7686529,0,-485.0,370.0
south-dakota-state_vs_south dakota_20240204,2024-02-04,south-dakota-state,South Dakota,2024,1,1,0.9116615,1,-1513.0,876.0
south-dakota-state_vs_oral roberts_20240210,2024-02-10,south-dakota-state,Oral Roberts,2024,1,1,0.765809,1,-360.0,290.0
south-dakota-state_vs_denver_20240222,2024-02-22,south-dakota-state,Denver,2024,1,1,0.74904174,1,-455.0,350.0
south-dakota-state_vs_st. thomas_20240224,2024-02-24,south-dakota-state,St. Thomas,2024,1,1,0.50732756,1,-210.0,180.0
south-dakota-state_vs_st. thomas_20240311,2024-03-11,south-dakota-state,St. Thomas,2024,1,0,0.40360323,0,-161.0,137.0
southeastern-louisiana_vs_tennessee state_20231125,2023-11-25,southeastern-louisiana,Tennessee State,2024,0,0,0.32116613,1,-115.0,-105.0
southeastern-louisiana_vs_texas a&mâcorpus christi_20240115,2024-01-15,southeastern-louisiana,Texas A&MâCorpus Christi,2024,0,1,0.5230503,0,-127.0,105.0
southeastern-louisiana_vs_texas a&mâcommerce_20240120,2024-01-20,southeastern-louisiana,Texas A&MâCommerce,2024,0,1,0.6061714,0,-258.0,210.0
southeastern-louisiana_vs_northwestern state_20240122,2024-01-22,southeastern-louisiana,Northwestern State,2024,1,1,0.66629547,1,-258.0,201.0
southeastern-louisiana_vs_mcneese state_20240203,2024-02-03,southeastern-louisiana,McNeese State,2024,1,0,0.16139759,0,400.0,-550.0
southeastern-louisiana_vs_incarnate word_20240205,2024-02-05,southeastern-louisiana,Incarnate Word,2024,1,1,0.73266464,1,-350.0,280.0
southeastern-louisiana_vs_lamar_20240219,2024-02-19,southeastern-louisiana,Lamar,2024,0,0,0.46292606,1,-205.0,170.0
southeastern-louisiana_vs_new orleans_20240224,2024-02-24,southeastern-louisiana,New Orleans,2024,1,1,0.74300843,1,-505.0,352.0
southeast-missouri-state_vs_evansville_20231115,2023-11-15,southeast-missouri-state,Evansville,2024,0,1,0.52108365,0,-142.0,120.0
southeast-missouri-state_vs_central arkansas_20231120,2023-11-20,southeast-missouri-state,Central Arkansas,2024,1,1,0.5182414,1,-218.0,180.0
southeast-missouri-state_vs_southern indiana_20231229,2023-12-29,southeast-missouri-state,Southern Indiana,2024,1,1,0.53231335,1,-125.0,105.0
southeast-missouri-state_vs_morehead state_20231231,2023-12-31,southeast-missouri-state,Morehead State,2024,0,0,0.11759924,1,340.0,-450.0
southeast-missouri-state_vs_lindenwood_20240111,2024-01-11,southeast-missouri-state,Lindenwood,2024,0,1,0.5343265,0,-155.0,130.0
southeast-missouri-state_vs_siu edwardsville_20240120,2024-01-20,southeast-missouri-state,SIU Edwardsville,2024,1,0,0.19317676,0,240.0,-298.0
southeast-missouri-state_vs_western illinois_20240203,2024-02-03,southeast-missouri-state,Western Illinois,2024,0,0,0.22079077,1,151.0,-180.0
southeast-missouri-state_vs_tennessee state_20240210,2024-02-10,southeast-missouri-state,Tennessee State,2024,0,0,0.32631436,1,140.0,-165.0
southeast-missouri-state_vs_little rock_20240222,2024-02-22,southeast-missouri-state,Little Rock,2024,0,0,0.17150538,1,261.0,-330.0
southeast-missouri-state_vs_ut martin_20240224,2024-02-24,southeast-missouri-state,UT Martin,2024,0,0,0.18619646,1,260.0,-310.0
southern_vs_unlv_20231108,2023-11-08,southern,UNLV,2024,1,0,0.059939418,0,1460.0,-3961.0
southern_vs_southeastern louisiana_20231209,2023-12-09,southern,Southeastern Louisiana,2024,1,0,0.47564524,0,-128.0,106.0
southern_vs_texas southern_20240106,2024-01-06,southern,Texas Southern,2024,1,1,0.5767761,1,-210.0,165.0
southern_vs_arkansasâpine bluff_20240127,2024-01-27,southern,ArkansasâPine Bluff,2024,1,1,0.88281435,1,-500.0,360.0
southern_vs_mississippi valley state_20240129,2024-01-29,southern,Mississippi Valley State,2024,1,1,0.9662633,1,-2400.0,1200.0
southern_vs_alabama a&m_20240210,2024-02-10,southern,Alabama A&M,2024,1,1,0.917022,1,-550.0,410.0
southern_vs_alabama state_20240212,2024-02-12,southern,Alabama State,2024,1,1,0.7213861,1,-205.0,170.0
southern_vs_bethune-cookman_20240302,2024-03-02,southern,Bethune-Cookman,2024,0,1,0.7420206,0,-325.0,260.0
southern_vs_florida a&m_20240304,2024-03-04,southern,Florida A&M,2024,1,1,0.9018178,1,-606.0,407.0
southern-california_vs_cal state bakersfield_20231109,2023-11-09,southern-california,Cal State Bakersfield,2024,1,1,0.9590376,1,-4000.0,1500.0
southern-california_vs_uc irvine_20231114,2023-11-14,southern-california,UC Irvine,2024,0,1,0.91315,0,-825.0,605.0
southern-california_vs_brown_20231119,2023-11-19,southern-california,Brown,2024,1,1,0.9432802,1,-1933.0,1044.0
southern-california_vs_eastern washington_20231129,2023-11-29,southern-california,Eastern Washington,2024,1,1,0.9623603,1,-3000.0,1300.0
southern-california_vs_long beach state_20231210,2023-12-10,southern-california,Long Beach State,2024,0,1,0.9259216,0,-1050.0,675.0
southern-california_vs_california_20240103,2024-01-03,southern-california,California,2024,1,1,0.8236678,1,-350.0,270.0
southern-california_vs_stanford_20240106,2024-01-06,southern-california,Stanford,2024,1,1,0.67874277,1,-200.0,165.0
southern-california_vs_washington state_20240110,2024-01-10,southern-california,Washington State,2024,0,1,0.6329431,0,-285.0,240.0
southern-california_vs_ucla_20240127,2024-01-27,southern-california,UCLA,2024,0,1,0.77567697,0,-195.0,170.0
southern-california_vs_oregon_20240201,2024-02-01,southern-california,Oregon,2024,0,0,0.48023123,1,135.0,-155.0
southern-california_vs_oregon state_20240203,2024-02-03,southern-california,Oregon State,2024,1,1,0.8109412,1,-450.0,360.0
southern-california_vs_utah_20240215,2024-02-15,southern-california,Utah,2024,1,0,0.41767424,0,-131.0,111.0
southern-california_vs_colorado_20240217,2024-02-17,southern-california,Colorado,2024,0,0,0.41716433,1,116.0,-135.0
southern-california_vs_arizona state_20240307,2024-03-07,southern-california,Arizona State,2024,1,1,0.73779655,1,-500.0,380.0
southern-california_vs_arizona_20240309,2024-03-09,southern-california,Arizona,2024,1,0,0.19736814,0,280.0,-350.0
southern-california_vs_washington_20240313,2024-03-13,southern-california,Washington,2024,1,0,0.39696595,0,-160.0,135.0
southern-illinois_vs_chicago state_20231116,2023-11-16,southern-illinois,Chicago State,2024,1,1,0.9003625,1,-1100.0,700.0
southern-illinois_vs_saint louis_20231202,2023-12-02,southern-illinois,Saint Louis,2024,1,1,0.72859687,1,-250.0,210.0
southern-illinois_vs_oklahoma state_20231205,2023-12-05,southern-illinois,Oklahoma State,2024,1,1,0.5290123,1,-108.0,-112.0
southern-illinois_vs_austin peay_20231212,2023-12-12,southern-illinois,Austin Peay,2024,0,1,0.88887304,0,-800.0,550.0
southern-illinois_vs_north dakota state_20231219,2023-12-19,southern-illinois,North Dakota State,2024,1,1,0.7810918,1,-410.0,320.0
southern-illinois_vs_southern indiana_20231222,2023-12-22,southern-illinois,Southern Indiana,2024,1,1,0.9642576,1,-1671.0,941.0
southern-illinois_vs_illinoisâchicago_20231230,2023-12-30,southern-illinois,IllinoisâChicago,2024,1,1,0.7342261,1,-265.0,215.0
southern-illinois_vs_belmont_20240102,2024-01-02,southern-illinois,Belmont,2024,1,1,0.79542327,1,-204.0,170.0
southern-illinois_vs_drake_20240113,2024-01-13,southern-illinois,Drake,2024,0,1,0.63694394,0,100.0,-120.0
southern-illinois_vs_bradley_20240117,2024-01-17,southern-illinois,Bradley,2024,0,0,0.48777285,1,,-130.0
southern-illinois_vs_valparaiso_20240124,2024-01-24,southern-illinois,Valparaiso,2024,1,1,0.9265952,1,-1071.0,678.0
southern-illinois_vs_missouri state_20240131,2024-01-31,southern-illinois,Missouri State,2024,0,1,0.7246771,0,-210.0,180.0
southern-illinois_vs_illinois state_20240210,2024-02-10,southern-illinois,Illinois State,2024,1,1,0.8641984,1,-351.0,276.0
southern-illinois_vs_indiana state_20240217,2024-02-17,southern-illinois,Indiana State,2024,1,0,0.4308438,0,177.0,-213.0
southern-illinois_vs_murray state_20240221,2024-02-21,southern-illinois,Murray State,2024,1,1,0.64639825,1,-207.0,172.0
southern-illinois_vs_northern iowa_20240303,2024-03-03,southern-illinois,Northern Iowa,2024,0,1,0.6618425,0,-166.0,140.0
southern-illinois-edwardsville_vs_detroit mercy_20231125,2023-11-25,southern-illinois-edwardsville,Detroit Mercy,2024,1,1,0.77771765,1,-300.0,250.0
southern-illinois-edwardsville_vs_green bay_20231206,2023-12-06,southern-illinois-edwardsville,Green Bay,2024,1,1,0.6788631,1,-265.0,215.0
southern-illinois-edwardsville_vs_eastern illinois_20231229,2023-12-29,southern-illinois-edwardsville,Eastern Illinois,2024,1,1,0.7045543,1,-400.0,320.0
southern-illinois-edwardsville_vs_western illinois_20231231,2023-12-31,southern-illinois-edwardsville,Western Illinois,2024,0,1,0.7132105,0,-310.0,235.0
southern-illinois-edwardsville_vs_southern indiana_20240111,2024-01-11,southern-illinois-edwardsville,Southern Indiana,2024,1,1,0.7396455,1,-340.0,270.0
southern-illinois-edwardsville_vs_morehead state_20240113,2024-01-13,southern-illinois-edwardsville,Morehead State,2024,1,0,0.24052349,0,170.0,-205.0
southern-illinois-edwardsville_vs_little rock_20240201,2024-02-01,southern-illinois-edwardsville,Little Rock,2024,1,1,0.70639884,1,-148.0,126.0
southern-illinois-edwardsville_vs_ut martin_20240203,2024-02-03,southern-illinois-edwardsville,UT Martin,2024,0,1,0.61742383,0,-122.0,102.0
southern-illinois-edwardsville_vs_lindenwood_20240215,2024-02-15,southern-illinois-edwardsville,Lindenwood,2024,1,1,0.8411229,1,-600.0,440.0
southern-illinois-edwardsville_vs_southeast missouri state_20240217,2024-02-17,southern-illinois-edwardsville,Southeast Missouri State,2024,1,1,0.87715226,1,-700.0,500.0
southern-indiana_vs_chicago state_20231112,2023-11-12,southern-indiana,Chicago State,2024,0,0,0.47576076,1,-162.0,132.0
southern-indiana_vs_bowling green_20231202,2023-12-02,southern-indiana,Bowling Green,2024,0,0,0.28352648,1,195.0,-225.0
southern-indiana_vs_tennessee state_20240104,2024-01-04,southern-indiana,Tennessee State,2024,1,0,0.33336958,0,145.0,-165.0
southern-indiana_vs_little rock_20240118,2024-01-18,southern-indiana,Little Rock,2024,0,0,0.36340758,1,140.0,-166.0
southern-indiana_vs_morehead state_20240120,2024-01-20,southern-indiana,Morehead State,2024,0,0,0.0993347,1,380.0,-500.0
southern-indiana_vs_western illinois_20240125,2024-01-25,southern-indiana,Western Illinois,2024,0,0,0.3439077,1,114.0,-135.0
southern-indiana_vs_eastern illinois_20240208,2024-02-08,southern-indiana,Eastern Illinois,2024,0,0,0.4851074,1,-195.0,170.0
southern-indiana_vs_siu edwardsville_20240210,2024-02-10,southern-indiana,SIU Edwardsville,2024,1,0,0.3394854,0,152.0,-180.0
southern-indiana_vs_lindenwood_20240229,2024-02-29,southern-indiana,Lindenwood,2024,0,1,0.7884186,0,-500.0,395.0
southern-indiana_vs_southeast missouri state_20240302,2024-03-02,southern-indiana,Southeast Missouri State,2024,0,1,0.74901634,0,-305.0,245.0
southern-indiana_vs_tennessee state_20240306,2024-03-06,southern-indiana,Tennessee State,2024,0,0,0.37600437,1,154.0,-185.0
southern-methodist_vs_texas a&m_20231114,2023-11-14,southern-methodist,Texas A&M,2024,0,0,0.32047355,1,200.0,-238.0
southern-methodist_vs_west virginia_20231120,2023-11-20,southern-methodist,West Virginia,2024,1,0,0.3549885,0,-175.0,145.0
southern-methodist_vs_wisconsin_20231122,2023-11-22,southern-methodist,Wisconsin,2024,0,0,0.39053452,1,277.0,-352.0
southern-methodist_vs_louisianaâmonroe_20231126,2023-11-26,southern-methodist,LouisianaâMonroe,2024,1,1,0.9082083,1,-2000.0,1000.0
southern-methodist_vs_dayton_20231129,2023-11-29,southern-methodist,Dayton,2024,0,1,0.515054,0,-118.0,-102.0
southern-methodist_vs_texas a&mâcommerce_20231203,2023-12-03,southern-methodist,Texas A&MâCommerce,2024,1,1,0.9046277,1,-3200.0,1400.0
southern-methodist_vs_charlotte_20240102,2024-01-02,southern-methodist,Charlotte,2024,1,1,0.76603216,1,-370.0,285.0
southern-methodist_vs_temple_20240116,2024-01-16,southern-methodist,Temple,2024,1,1,0.96558225,1,-915.0,655.0
southern-methodist_vs_tulsa_20240120,2024-01-20,southern-methodist,Tulsa,2024,1,1,0.95036805,1,-950.0,625.0
southern-methodist_vs_tulane_20240201,2024-02-01,southern-methodist,Tulane,2024,1,1,0.87840307,1,-425.0,330.0
southern-methodist_vs_uab_20240204,2024-02-04,southern-methodist,UAB,2024,1,1,0.89001656,1,-285.0,240.0
southern-methodist_vs_north texas_20240211,2024-02-11,southern-methodist,North Texas,2024,1,1,0.71358687,1,-290.0,234.0
southern-methodist_vs_memphis_20240218,2024-02-18,southern-methodist,Memphis,2024,1,1,0.7896669,1,-225.0,195.0
southern-methodist_vs_utsa_20240302,2024-03-02,southern-methodist,UTSA,2024,0,1,0.9561926,0,-1787.0,988.0
southern-methodist_vs_east carolina_20240306,2024-03-06,southern-methodist,East Carolina,2024,1,1,0.88997436,1,-850.0,575.0
southern-methodist_vs_temple_20240314,2024-03-14,southern-methodist,Temple,2024,0,1,0.8986381,0,-900.0,575.0
southern-mississippi_vs_utah valley_20231119,2023-11-19,southern-mississippi,Utah Valley,2024,0,1,0.7922543,0,-138.0,118.0
southern-mississippi_vs_south dakota state_20231122,2023-11-22,southern-mississippi,South Dakota State,2024,0,1,0.73301667,0,120.0,-140.0
southern-mississippi_vs_northwestern state_20231209,2023-12-09,southern-mississippi,Northwestern State,2024,1,1,0.95033824,1,-1342.0,728.0
southern-mississippi_vs_georgia state_20240104,2024-01-04,southern-mississippi,Georgia State,2024,1,0,0.414092,0,-155.0,130.0
southern-mississippi_vs_james madison_20240106,2024-01-06,southern-mississippi,James Madison,2024,1,0,0.12286519,0,270.0,-340.0
southern-mississippi_vs_arkansas state_20240117,2024-01-17,southern-mississippi,Arkansas State,2024,1,0,0.36893922,0,140.0,-160.0
southern-mississippi_vs_troy_20240120,2024-01-20,southern-mississippi,Troy,2024,1,0,0.31458202,0,116.0,-136.0
southern-mississippi_vs_old dominion_20240207,2024-02-07,southern-mississippi,Old Dominion,2024,1,1,0.6632373,1,-222.0,184.0
southern-mississippi_vs_louisianaâmonroe_20240215,2024-02-15,southern-mississippi,LouisianaâMonroe,2024,0,1,0.7006974,0,-369.0,288.0
southern-mississippi_vs_texas state_20240217,2024-02-17,southern-mississippi,Texas State,2024,1,1,0.5937089,1,-170.0,142.0
southern-mississippi_vs_south alabama_20240222,2024-02-22,southern-mississippi,South Alabama,2024,0,1,0.5722446,0,-189.0,158.0
southern-mississippi_vs_louisiana_20240224,2024-02-24,southern-mississippi,Louisiana,2024,1,0,0.30980593,0,124.0,-148.0
southern-mississippi_vs_texas state_20240307,2024-03-07,southern-mississippi,Texas State,2024,0,0,0.39128828,1,-144.0,122.0
southern-utah_vs_texas state_20231122,2023-11-22,southern-utah,Texas State,2024,1,0,0.3766764,0,,-130.0
southern-utah_vs_california baptist_20231129,2023-11-29,southern-utah,California Baptist,2024,0,0,0.3756985,1,-115.0,-105.0
southern-utah_vs_idaho state_20231209,2023-12-09,southern-utah,Idaho State,2024,1,1,0.58484244,1,-190.0,165.0
southern-utah_vs_middle tennessee_20231222,2023-12-22,southern-utah,Middle Tennessee,2024,1,0,0.46384555,0,-155.0,130.0
southern-utah_vs_grand canyon_20240104,2024-01-04,southern-utah,Grand Canyon,2024,0,0,0.18285255,1,470.0,-650.0
southern-utah_vs_stephen f. austin_20240113,2024-01-13,southern-utah,Stephen F. Austin,2024,0,0,0.3585265,1,235.0,-280.0
southern-utah_vs_utah tech_20240118,2024-01-18,southern-utah,Utah Tech,2024,1,1,0.6785333,1,-198.0,164.0
southern-utah_vs_ut arlington_20240201,2024-02-01,southern-utah,UT Arlington,2024,0,1,0.5372423,0,-115.0,-105.0
southern-utah_vs_seattle_20240215,2024-02-15,southern-utah,Seattle,2024,0,0,0.3308525,1,165.0,-198.0
southern-utah_vs_utah valley_20240217,2024-02-17,southern-utah,Utah Valley,2024,0,0,0.42947075,1,105.0,-125.0
southern-utah_vs_abilene christian_20240229,2024-02-29,southern-utah,Abilene Christian,2024,0,1,0.6164421,0,-150.0,130.0
southern-utah_vs_tarleton state_20240302,2024-03-02,southern-utah,Tarleton State,2024,0,0,0.34197658,1,205.0,-250.0
south-florida_vs_central michigan_20231115,2023-11-15,south-florida,Central Michigan,2024,0,1,0.94990605,0,-1800.0,950.0
south-florida_vs_northern iowa_20231119,2023-11-19,south-florida,Northern Iowa,2024,1,1,0.52751064,1,-146.0,124.0
south-florida_vs_maine_20231122,2023-11-22,south-florida,Maine,2024,0,1,0.72380877,0,-380.0,280.0
south-florida_vs_arkansasâpine bluff_20231212,2023-12-12,south-florida,ArkansasâPine Bluff,2024,1,1,0.8845352,1,-1899.0,920.0
south-florida_vs_loyola chicago_20231216,2023-12-16,south-florida,Loyola Chicago,2024,1,1,0.5889712,1,-106.0,-114.0
south-florida_vs_albany (ny)_20231222,2023-12-22,south-florida,Albany (NY),2024,1,1,0.79957646,1,-583.0,395.0
south-florida_vs_alabama state_20231229,2023-12-29,south-florida,Alabama State,2024,1,1,0.9073617,1,-1800.0,1000.0
south-florida_vs_temple_20240104,2024-01-04,south-florida,Temple,2024,1,1,0.716229,1,-245.0,200.0
south-florida_vs_rice_20240112,2024-01-12,south-florida,Rice,2024,1,1,0.76025087,1,-224.0,186.0
south-florida_vs_wichita state_20240121,2024-01-21,south-florida,Wichita State,2024,1,1,0.58595204,1,-175.0,155.0
south-florida_vs_utsa_20240127,2024-01-27,south-florida,UTSA,2024,1,1,0.81056666,1,-485.0,380.0
south-florida_vs_charlotte_20240206,2024-02-06,south-florida,Charlotte,2024,1,0,0.39873224,0,-136.0,116.0
south-florida_vs_tulsa_20240214,2024-02-14,south-florida,Tulsa,2024,1,1,0.7810912,1,-400.0,320.0
south-florida_vs_florida atlantic_20240218,2024-02-18,south-florida,Florida Atlantic,2024,1,0,0.3666364,0,226.0,-279.0
south-florida_vs_smu_20240225,2024-02-25,south-florida,SMU,2024,1,0,0.3400011,0,124.0,-146.0
south-florida_vs_tulane_20240305,2024-03-05,south-florida,Tulane,2024,1,1,0.78877854,1,-340.0,268.0
south-florida_vs_vcu_20240324,2024-03-24,south-florida,VCU,2024,0,1,0.6082231,0,-158.0,140.0
stanford_vs_sacramento state_20231110,2023-11-10,stanford,Sacramento State,2024,1,1,0.97459203,1,-1800.0,950.0
stanford_vs_santa clara_20231114,2023-11-14,stanford,Santa Clara,2024,0,1,0.8954984,0,-410.0,320.0
stanford_vs_eastern washington_20231117,2023-11-17,stanford,Eastern Washington,2024,1,1,0.96063644,1,-1006.0,647.0
stanford_vs_san diego_20231203,2023-12-03,stanford,San Diego,2024,1,1,0.9107088,1,-1300.0,790.0
stanford_vs_idaho_20231217,2023-12-17,stanford,Idaho,2024,1,1,0.95622486,1,-1949.0,1050.0
stanford_vs_arizona state_20231229,2023-12-29,stanford,Arizona State,2024,0,1,0.81279933,0,-238.0,195.0
stanford_vs_arizona_20231231,2023-12-31,stanford,Arizona,2024,1,0,0.18692754,0,553.0,-820.0
stanford_vs_utah_20240114,2024-01-14,stanford,Utah,2024,1,0,0.3564391,0,128.0,-151.0
stanford_vs_washington state_20240118,2024-01-18,stanford,Washington State,2024,0,0,0.4999206,1,-174.0,147.0
stanford_vs_washington_20240120,2024-01-20,stanford,Washington,2024,1,1,0.50947666,1,-155.0,135.0
stanford_vs_ucla_20240207,2024-02-07,stanford,UCLA,2024,0,1,0.71524256,0,-163.0,143.0
stanford_vs_southern california_20240210,2024-02-10,stanford,Southern California,2024,1,1,0.6770438,1,-130.0,
stanford_vs_oregon_20240222,2024-02-22,stanford,Oregon,2024,0,1,0.5064547,0,-123.0,105.0
stanford_vs_oregon state_20240224,2024-02-24,stanford,Oregon State,2024,0,1,0.8341054,0,-560.0,440.0
stanford_vs_california_20240307,2024-03-07,stanford,California,2024,1,1,0.672007,1,-192.0,160.0
stanford_vs_washington state_20240314,2024-03-14,stanford,Washington State,2024,0,0,0.25193605,1,295.0,-365.0
st-bonaventure_vs_canisius_20231111,2023-11-11,st-bonaventure,Canisius,2024,0,1,0.92630726,0,-900.0,600.0
st-bonaventure_vs_bucknell_20231122,2023-11-22,st-bonaventure,Bucknell,2024,1,1,0.95807165,1,-3000.0,1150.0
st-bonaventure_vs_miami (oh)_20231125,2023-11-25,st-bonaventure,Miami (OH),2024,1,1,0.87061715,1,-1000.0,625.0
st-bonaventure_vs_siena_20231209,2023-12-09,st-bonaventure,Siena,2024,1,1,0.97387886,1,-2500.0,1100.0
st-bonaventure_vs_binghamton_20231222,2023-12-22,st-bonaventure,Binghamton,2024,1,1,0.91865325,1,-1200.0,750.0
st-bonaventure_vs_fordham_20240113,2024-01-13,st-bonaventure,Fordham,2024,0,1,0.90837395,0,-550.0,410.0
st-bonaventure_vs_rhode island_20240117,2024-01-17,st-bonaventure,Rhode Island,2024,1,1,0.77736086,1,-395.0,310.0
st-bonaventure_vs_saint joseph's_20240126,2024-01-26,st-bonaventure,Saint Joseph's,2024,1,1,0.58039856,1,-142.0,120.0
st-bonaventure_vs_vcu_20240130,2024-01-30,st-bonaventure,VCU,2024,1,1,0.6894233,1,-193.0,162.0
st-bonaventure_vs_massachusetts_20240207,2024-02-07,st-bonaventure,Massachusetts,2024,1,1,0.7172425,1,-200.0,165.0
st-bonaventure_vs_duquesne_20240210,2024-02-10,st-bonaventure,Duquesne,2024,0,1,0.69022053,0,-270.0,220.0
st-bonaventure_vs_davidson_20240217,2024-02-17,st-bonaventure,Davidson,2024,1,1,0.72564924,1,-340.0,270.0
st-bonaventure_vs_loyola chicago_20240227,2024-02-27,st-bonaventure,Loyola Chicago,2024,1,1,0.6101699,1,-162.0,136.0
st-bonaventure_vs_saint louis_20240309,2024-03-09,st-bonaventure,Saint Louis,2024,0,1,0.8853434,0,-700.0,520.0
stephen-f-austin_vs_utah state_20231121,2023-11-21,stephen-f-austin,Utah State,2024,0,0,0.4682175,1,100.0,-120.0
stephen-f-austin_vs_tarleton state_20231129,2023-11-29,stephen-f-austin,Tarleton State,2024,0,1,0.7978016,0,-465.0,375.0
stephen-f-austin_vs_louisiana tech_20231205,2023-12-05,stephen-f-austin,Louisiana Tech,2024,0,1,0.58469576,0,-185.0,150.0
stephen-f-austin_vs_new mexico state_20231219,2023-12-19,stephen-f-austin,New Mexico State,2024,1,1,0.83937746,1,-650.0,475.0
stephen-f-austin_vs_new orleans_20231229,2023-12-29,stephen-f-austin,New Orleans,2024,1,1,0.8076558,1,-1350.0,800.0
stephen-f-austin_vs_ut arlington_20240106,2024-01-06,stephen-f-austin,UT Arlington,2024,1,1,0.740295,1,-330.0,275.0
stephen-f-austin_vs_seattle_20240118,2024-01-18,stephen-f-austin,Seattle,2024,1,1,0.5092438,1,-255.0,215.0
stephen-f-austin_vs_grand canyon_20240125,2024-01-25,stephen-f-austin,Grand Canyon,2024,0,0,0.42689386,1,100.0,-120.0
stephen-f-austin_vs_california baptist_20240127,2024-01-27,stephen-f-austin,California Baptist,2024,0,1,0.6914237,0,-187.0,157.0
stephen-f-austin_vs_utah valley_20240201,2024-02-01,stephen-f-austin,Utah Valley,2024,1,1,0.78760844,1,-320.0,254.0
stephen-f-austin_vs_abilene christian_20240217,2024-02-17,stephen-f-austin,Abilene Christian,2024,0,1,0.7853475,0,-465.0,375.0
stephen-f-austin_vs_southern utah_20240307,2024-03-07,stephen-f-austin,Southern Utah,2024,1,1,0.7787817,1,-385.0,315.0
stephen-f-austin_vs_utah tech_20240309,2024-03-09,stephen-f-austin,Utah Tech,2024,1,1,0.81523883,1,-661.0,466.0
stephen-f-austin_vs_ut arlington_20240314,2024-03-14,stephen-f-austin,UT Arlington,2024,0,0,0.43325147,1,138.0,-163.0
stetson_vs_charlotte_20231229,2023-12-29,stetson,Charlotte,2024,1,0,0.31604952,0,150.0,-185.0
stetson_vs_north florida_20240104,2024-01-04,stetson,North Florida,2024,1,1,0.7926347,1,-323.0,244.0
stetson_vs_jacksonville_20240106,2024-01-06,stetson,Jacksonville,2024,1,1,0.74692994,1,-345.0,275.0
stetson_vs_chicago state_20240115,2024-01-15,stetson,Chicago State,2024,0,1,0.7322027,0,-550.0,400.0
stetson_vs_austin peay_20240125,2024-01-25,stetson,Austin Peay,2024,1,1,0.56615776,1,-180.0,150.0
stetson_vs_lipscomb_20240127,2024-01-27,stetson,Lipscomb,2024,1,0,0.44132218,0,124.0,-151.0
stetson_vs_eastern kentucky_20240210,2024-02-10,stetson,Eastern Kentucky,2024,1,0,0.43528238,0,,-130.0
stetson_vs_florida gulf coast_20240217,2024-02-17,stetson,Florida Gulf Coast,2024,1,1,0.65457076,1,-210.0,168.0
stetson_vs_queens (nc)_20240222,2024-02-22,stetson,Queens (NC),2024,0,1,0.7065094,0,-270.0,220.0
stetson_vs_kennesaw state_20240224,2024-02-24,stetson,Kennesaw State,2024,1,1,0.69930804,1,-162.0,132.0
stetson_vs_queens (nc)_20240305,2024-03-05,stetson,Queens (NC),2024,1,1,0.68379945,1,-238.0,195.0
stetson_vs_jacksonville_20240307,2024-03-07,stetson,Jacksonville,2024,1,1,0.7199098,1,-278.0,225.0
stetson_vs_austin peay_20240310,2024-03-10,stetson,Austin Peay,2024,1,1,0.64531857,1,-190.0,165.0
st-johns-ny_vs_michigan_20231113,2023-11-13,st-johns-ny,Michigan,2024,0,1,0.66875744,0,-163.0,138.0
st-johns-ny_vs_utah_20231119,2023-11-19,st-johns-ny,Utah,2024,1,0,0.4093289,0,176.0,-211.0
st-johns-ny_vs_holy cross_20231125,2023-11-25,st-johns-ny,Holy Cross,2024,1,1,0.95963204,1,-10000.0,3300.0
st-johns-ny_vs_sacred heart_20231206,2023-12-06,st-johns-ny,Sacred Heart,2024,1,1,0.96714306,1,-10000.0,1600.0
st-johns-ny_vs_fordham_20231216,2023-12-16,st-johns-ny,Fordham,2024,1,1,0.90431535,1,-1000.0,650.0
st-johns-ny_vs_xavier_20231220,2023-12-20,st-johns-ny,Xavier,2024,1,1,0.71268636,1,-225.0,185.0
st-johns-ny_vs_hofstra_20231230,2023-12-30,st-johns-ny,Hofstra,2024,1,1,0.82072943,1,-439.0,333.0
st-johns-ny_vs_butler_20240102,2024-01-02,st-johns-ny,Butler,2024,1,1,0.7482677,1,-310.0,240.0
st-johns-ny_vs_providence_20240110,2024-01-10,st-johns-ny,Providence,2024,1,1,0.8547157,1,-342.0,269.0
st-johns-ny_vs_marquette_20240120,2024-01-20,st-johns-ny,Marquette,2024,0,1,0.60979736,0,-125.0,105.0
st-johns-ny_vs_villanova_20240124,2024-01-24,st-johns-ny,Villanova,2024,1,1,0.6703908,1,-165.0,140.0
st-johns-ny_vs_connecticut_20240203,2024-02-03,st-johns-ny,Connecticut,2024,0,0,0.46125934,1,160.0,-180.0
st-johns-ny_vs_depaul_20240206,2024-02-06,st-johns-ny,DePaul,2024,1,1,0.9763664,1,-6500.0,2000.0
st-johns-ny_vs_seton hall_20240218,2024-02-18,st-johns-ny,Seton Hall,2024,0,1,0.71877027,0,-277.0,232.0
st-johns-ny_vs_creighton_20240225,2024-02-25,st-johns-ny,Creighton,2024,1,1,0.5853157,1,138.0,-158.0
st-johns-ny_vs_georgetown_20240309,2024-03-09,st-johns-ny,Georgetown,2024,1,1,0.94587046,1,-3000.0,1250.0
st-johns-ny_vs_seton hall_20240314,2024-03-14,st-johns-ny,Seton Hall,2024,1,1,0.7716186,1,-163.0,138.0
st-johns-ny_vs_connecticut_20240315,2024-03-15,st-johns-ny,Connecticut,2024,0,0,0.41457465,1,370.0,-485.0
stonehill_vs_army_20231109,2023-11-09,stonehill,Army,2024,1,1,0.53342825,1,102.0,-122.0
stonehill_vs_umass lowell_20231129,2023-11-29,stonehill,UMass Lowell,2024,0,0,0.10011685,1,1300.0,-2800.0
stonehill_vs_binghamton_20231202,2023-12-02,stonehill,Binghamton,2024,0,0,0.3670075,1,120.0,-142.0
stonehill_vs_central connecticut state_20240104,2024-01-04,stonehill,Central Connecticut State,2024,0,0,0.33235964,1,203.0,-261.0
stonehill_vs_liu_20240106,2024-01-06,stonehill,LIU,2024,0,1,0.6036001,0,-162.0,136.0
stonehill_vs_wagner_20240203,2024-02-03,stonehill,Wagner,2024,1,0,0.29184437,0,142.0,-170.0
stonehill_vs_le moyne_20240208,2024-02-08,stonehill,Le Moyne,2024,0,0,0.4216585,1,119.0,-146.0
stonehill_vs_merrimack_20240215,2024-02-15,stonehill,Merrimack,2024,0,0,0.15387657,1,425.0,-600.0
stonehill_vs_saint francis (pa)_20240224,2024-02-24,stonehill,Saint Francis (PA),2024,1,1,0.5202634,1,-134.0,
stonehill_vs_sacred heart_20240229,2024-02-29,stonehill,Sacred Heart,2024,0,0,0.37841898,1,160.0,-192.0
stony-brook_vs_rider_20231120,2023-11-20,stony-brook,Rider,2024,1,1,0.68364507,1,-131.0,112.0
stony-brook_vs_wagner_20231202,2023-12-02,stony-brook,Wagner,2024,0,1,0.7462806,0,-350.0,260.0
stony-brook_vs_stonehill_20231206,2023-12-06,stony-brook,Stonehill,2024,1,1,0.9133048,1,-575.0,425.0
stony-brook_vs_bryant_20231209,2023-12-09,stony-brook,Bryant,2024,1,1,0.6079332,1,-118.0,-103.0
stony-brook_vs_norfolk state_20231213,2023-12-13,stony-brook,Norfolk State,2024,1,1,0.601499,1,-118.0,-103.0
stony-brook_vs_brown_20231229,2023-12-29,stony-brook,Brown,2024,1,1,0.68437463,1,-138.0,118.0
stony-brook_vs_college of charleston_20240106,2024-01-06,stony-brook,College of Charleston,2024,0,0,0.29716662,1,225.0,-265.0
stony-brook_vs_hofstra_20240122,2024-01-22,stony-brook,Hofstra,2024,0,0,0.39929494,1,149.0,-177.0
stony-brook_vs_monmouth_20240125,2024-01-25,stony-brook,Monmouth,2024,1,1,0.52542675,1,-150.0,130.0
stony-brook_vs_unc wilmington_20240127,2024-01-27,stony-brook,UNC Wilmington,2024,1,0,0.27320063,0,154.0,-185.0
stony-brook_vs_northeastern_20240203,2024-02-03,stony-brook,Northeastern,2024,1,1,0.65430117,1,-170.0,140.0
stony-brook_vs_hampton_20240215,2024-02-15,stony-brook,Hampton,2024,1,1,0.8681882,1,-800.0,550.0
stony-brook_vs_north carolina a&t_20240222,2024-02-22,stony-brook,North Carolina A&T,2024,1,1,0.8561792,1,-1600.0,850.0
stony-brook_vs_william & mary_20240224,2024-02-24,stony-brook,William & Mary,2024,1,1,0.76213866,1,-379.0,295.0
stony-brook_vs_delaware_20240302,2024-03-02,stony-brook,Delaware,2024,1,0,0.46976432,0,-130.0,
st-thomas-mn_vs_milwaukee_20231206,2023-12-06,st-thomas-mn,Milwaukee,2024,1,1,0.5569938,1,-275.0,220.0
st-thomas-mn_vs_kansas city_20231231,2023-12-31,st-thomas-mn,Kansas City,2024,1,1,0.7652852,1,-350.0,280.0
st-thomas-mn_vs_sacramento state_20240106,2024-01-06,st-thomas-mn,Sacramento State,2024,1,1,0.93995935,1,-500.0,380.0
st-thomas-mn_vs_south dakota state_20240111,2024-01-11,st-thomas-mn,South Dakota State,2024,0,1,0.70654345,0,-126.0,108.0
st-thomas-mn_vs_north dakota state_20240125,2024-01-25,st-thomas-mn,North Dakota State,2024,1,1,0.83104324,1,-310.0,250.0
st-thomas-mn_vs_north dakota_20240127,2024-01-27,st-thomas-mn,North Dakota,2024,0,1,0.87212026,0,-390.0,320.0
st-thomas-mn_vs_oral roberts_20240208,2024-02-08,st-thomas-mn,Oral Roberts,2024,1,1,0.8146278,1,-302.0,242.0
st-thomas-mn_vs_south dakota_20240217,2024-02-17,st-thomas-mn,South Dakota,2024,1,1,0.91102964,1,-1350.0,800.0
st-thomas-mn_vs_omaha_20240229,2024-02-29,st-thomas-mn,Omaha,2024,1,1,0.76447684,1,-340.0,270.0
st-thomas-mn_vs_denver_20240302,2024-03-02,st-thomas-mn,Denver,2024,1,1,0.8204224,1,-409.0,314.0
syracuse_vs_canisius_20231108,2023-11-08,syracuse,Canisius,2024,1,1,0.9257985,1,-1000.0,650.0
syracuse_vs_colgate_20231114,2023-11-14,syracuse,Colgate,2024,1,1,0.630871,1,-336.0,252.0
syracuse_vs_tennessee_20231120,2023-11-20,syracuse,Tennessee,2024,0,0,0.22613895,1,642.0,-997.0
syracuse_vs_louisiana state_20231128,2023-11-28,syracuse,Louisiana State,2024,1,0,0.43089527,0,-125.0,105.0
syracuse_vs_cornell_20231205,2023-12-05,syracuse,Cornell,2024,1,1,0.6481011,1,-200.0,165.0
syracuse_vs_niagara_20231221,2023-12-21,syracuse,Niagara,2024,1,1,0.9561739,1,-1752.0,973.0
syracuse_vs_pittsburgh_20231230,2023-12-30,syracuse,Pittsburgh,2024,1,0,0.45877227,0,-121.0,104.0
syracuse_vs_boston college_20240110,2024-01-10,syracuse,Boston College,2024,1,1,0.55355525,1,-180.0,150.0
syracuse_vs_miami (fl)_20240120,2024-01-20,syracuse,Miami (FL),2024,1,0,0.45566854,0,-181.0,152.0
syracuse_vs_florida state_20240123,2024-01-23,syracuse,Florida State,2024,0,1,0.6125103,0,-157.0,137.0
syracuse_vs_nc state_20240127,2024-01-27,syracuse,NC State,2024,1,1,0.56000924,1,-104.0,-112.0
syracuse_vs_louisville_20240207,2024-02-07,syracuse,Louisville,2024,1,1,0.8867381,1,-455.0,365.0
syracuse_vs_clemson_20240210,2024-02-10,syracuse,Clemson,2024,0,0,0.39399406,1,156.0,-186.0
syracuse_vs_north carolina_20240213,2024-02-13,syracuse,North Carolina,2024,1,0,0.30302852,0,295.0,-375.0
syracuse_vs_notre dame_20240224,2024-02-24,syracuse,Notre Dame,2024,1,1,0.7748352,1,-310.0,250.0
syracuse_vs_virginia tech_20240227,2024-02-27,syracuse,Virginia Tech,2024,1,0,0.4660168,0,-118.0,-102.0
tarleton-state_vs_jacksonville state_20231218,2023-12-18,tarleton-state,Jacksonville State,2024,0,1,0.72239566,0,-218.0,180.0
tarleton-state_vs_ut arlington_20240104,2024-01-04,tarleton-state,UT Arlington,2024,1,1,0.66813207,1,-195.0,170.0
tarleton-state_vs_abilene christian_20240118,2024-01-18,tarleton-state,Abilene Christian,2024,1,1,0.7270575,1,-192.0,160.0
tarleton-state_vs_southern utah_20240125,2024-01-25,tarleton-state,Southern Utah,2024,0,1,0.7886067,0,-260.0,212.0
tarleton-state_vs_utah tech_20240127,2024-01-27,tarleton-state,Utah Tech,2024,1,1,0.784207,1,-425.0,330.0
tarleton-state_vs_stephen f. austin_20240203,2024-02-03,tarleton-state,Stephen F. Austin,2024,1,1,0.5476299,1,-135.0,114.0
tarleton-state_vs_grand canyon_20240222,2024-02-22,tarleton-state,Grand Canyon,2024,1,0,0.37804022,0,184.0,-222.0
tarleton-state_vs_california baptist_20240224,2024-02-24,tarleton-state,California Baptist,2024,1,1,0.71931595,1,-289.0,233.0
tarleton-state_vs_utah valley_20240307,2024-03-07,tarleton-state,Utah Valley,2024,0,1,0.7402802,0,-311.0,248.0
tarleton-state_vs_seattle_20240309,2024-03-09,tarleton-state,Seattle,2024,1,1,0.6447363,1,-137.0,117.0
tarleton-state_vs_ut arlington_20240315,2024-03-15,tarleton-state,UT Arlington,2024,0,0,0.40122965,1,114.0,-135.0
tarleton-state_vs_texas southern_20240319,2024-03-19,tarleton-state,Texas Southern,2024,1,1,0.8104863,1,-625.0,455.0
tarleton-state_vs_abilene christian_20240320,2024-03-20,tarleton-state,Abilene Christian,2024,1,1,0.79298997,1,-325.0,260.0
temple_vs_columbia_20231118,2023-11-18,temple,Columbia,2024,0,1,0.82351136,0,-850.0,575.0
temple_vs_la salle_20231129,2023-11-29,temple,La Salle,2024,1,1,0.76698035,1,-175.0,155.0
temple_vs_wichita state_20240107,2024-01-07,temple,Wichita State,2024,1,0,0.43497998,0,102.0,-122.0
temple_vs_east carolina_20240110,2024-01-10,temple,East Carolina,2024,0,1,0.5755765,0,-122.0,102.0
temple_vs_rice_20240120,2024-01-20,temple,Rice,2024,0,1,0.68356717,0,-166.0,146.0
temple_vs_south florida_20240124,2024-01-24,temple,South Florida,2024,0,0,0.46855173,1,-102.0,-118.0
temple_vs_memphis_20240208,2024-02-08,temple,Memphis,2024,0,0,0.3814415,1,406.0,-556.0
temple_vs_charlotte_20240211,2024-02-11,temple,Charlotte,2024,0,0,0.32001358,1,215.0,-265.0
temple_vs_utsa_20240218,2024-02-18,temple,UTSA,2024,1,1,0.75877553,1,-300.0,250.0
temple_vs_tulsa_20240302,2024-03-02,temple,Tulsa,2024,0,1,0.7289719,0,-257.0,210.0
temple_vs_uab_20240307,2024-03-07,temple,UAB,2024,0,0,0.46183357,1,280.0,-350.0
temple_vs_utsa_20240313,2024-03-13,temple,UTSA,2024,1,1,0.6065134,1,105.0,-125.0
tennessee_vs_wofford_20231114,2023-11-14,tennessee,Wofford,2024,1,1,0.9698331,1,-50001.0,6600.0
tennessee_vs_george mason_20231205,2023-12-05,tennessee,George Mason,2024,1,1,0.86573654,1,-1750.0,950.0
tennessee_vs_illinois_20231209,2023-12-09,tennessee,Illinois,2024,1,1,0.6947885,1,-321.0,255.0
tennessee_vs_georgia southern_20231212,2023-12-12,tennessee,Georgia Southern,2024,1,1,0.9781553,1,-99995.0,10000.0
tennessee_vs_tarleton state_20231221,2023-12-21,tennessee,Tarleton State,2024,1,1,0.975372,1,-2917.0,1387.0
tennessee_vs_norfolk state_20240102,2024-01-02,tennessee,Norfolk State,2024,1,1,0.95273364,1,-10000.0,1600.0
tennessee_vs_florida_20240116,2024-01-16,tennessee,Florida,2024,1,1,0.7922227,1,-483.0,361.0
tennessee_vs_alabama_20240120,2024-01-20,tennessee,Alabama,2024,1,1,0.7033315,1,-218.0,180.0
tennessee_vs_south carolina_20240130,2024-01-30,tennessee,South Carolina,2024,0,1,0.8324571,0,-1098.0,691.0
tennessee_vs_louisiana state_20240207,2024-02-07,tennessee,Louisiana State,2024,1,1,0.9194897,1,-1200.0,750.0
tennessee_vs_vanderbilt_20240217,2024-02-17,tennessee,Vanderbilt,2024,1,1,0.9738932,1,-3200.0,1400.0
tennessee_vs_texas a&m_20240224,2024-02-24,tennessee,Texas A&M,2024,1,1,0.8434674,1,-575.0,440.0
tennessee_vs_auburn_20240228,2024-02-28,tennessee,Auburn,2024,1,1,0.64243,1,-280.0,235.0
tennessee_vs_kentucky_20240309,2024-03-09,tennessee,Kentucky,2024,0,1,0.82198673,0,-381.0,296.0
tennessee_vs_texas_20240323,2024-03-23,tennessee,Texas,2024,1,1,0.60567427,1,-276.0,235.0
tennessee-martin_vs_north alabama_20231122,2023-11-22,tennessee-martin,North Alabama,2024,1,1,0.5842432,1,-143.0,117.0
tennessee-martin_vs_eastern illinois_20240104,2024-01-04,tennessee-martin,Eastern Illinois,2024,0,1,0.76051027,0,-480.0,390.0
tennessee-martin_vs_western illinois_20240111,2024-01-11,tennessee-martin,Western Illinois,2024,0,1,0.6614716,0,-261.0,213.0
tennessee-martin_vs_little rock_20240113,2024-01-13,tennessee-martin,Little Rock,2024,1,1,0.60057896,1,-145.0,120.0
tennessee-martin_vs_southeast missouri state_20240125,2024-01-25,tennessee-martin,Southeast Missouri State,2024,1,1,0.86992323,1,-640.0,454.0
tennessee-martin_vs_lindenwood_20240127,2024-01-27,tennessee-martin,Lindenwood,2024,1,1,0.88999623,1,-800.0,550.0
tennessee-martin_vs_southern indiana_20240215,2024-02-15,tennessee-martin,Southern Indiana,2024,1,1,0.7831405,1,-360.0,285.0
tennessee-martin_vs_morehead state_20240217,2024-02-17,tennessee-martin,Morehead State,2024,1,0,0.28447366,0,145.0,-175.0
tennessee-martin_vs_tennessee state_20240302,2024-03-02,tennessee-martin,Tennessee State,2024,1,1,0.73113406,1,-265.0,225.0
tennessee-state_vs_austin peay_20231202,2023-12-02,tennessee-state,Austin Peay,2024,1,1,0.721941,1,-238.0,195.0
tennessee-state_vs_ut martin_20231228,2023-12-28,tennessee-state,UT Martin,2024,0,1,0.68209714,0,-192.0,160.0
tennessee-state_vs_little rock_20231230,2023-12-30,tennessee-state,Little Rock,2024,1,1,0.64774567,1,-165.0,135.0
tennessee-state_vs_lindenwood_20240113,2024-01-13,tennessee-state,Lindenwood,2024,1,1,0.7870592,1,-554.0,404.0
tennessee-state_vs_morehead state_20240201,2024-02-01,tennessee-state,Morehead State,2024,0,0,0.27557686,1,175.0,-205.0
tennessee-state_vs_southern indiana_20240203,2024-02-03,tennessee-state,Southern Indiana,2024,1,1,0.75219035,1,-190.0,165.0
tennessee-state_vs_western illinois_20240217,2024-02-17,tennessee-state,Western Illinois,2024,0,0,0.48582274,1,-148.0,126.0
tennessee-state_vs_eastern illinois_20240222,2024-02-22,tennessee-state,Eastern Illinois,2024,1,1,0.63203996,1,-270.0,220.0
tennessee-state_vs_siu edwardsville_20240224,2024-02-24,tennessee-state,SIU Edwardsville,2024,1,1,0.51697,1,-137.0,117.0
tennessee-state_vs_western illinois_20240307,2024-03-07,tennessee-state,Western Illinois,2024,0,0,0.36677113,1,130.0,-155.0
texas_vs_delaware state_20231110,2023-11-10,texas,Delaware State,2024,1,1,0.9773366,1,-50001.0,7000.0
texas_vs_rice_20231115,2023-11-15,texas,Rice,2024,1,1,0.94879997,1,-2593.0,1280.0
texas_vs_wyoming_20231126,2023-11-26,texas,Wyoming,2024,1,1,0.9560654,1,-2000.0,1000.0
texas_vs_texas state_20231130,2023-11-30,texas,Texas State,2024,1,1,0.97116125,1,-2500.0,1150.0
texas_vs_texas a&mâcorpus christi_20231222,2023-12-22,texas,Texas A&MâCorpus Christi,2024,1,1,0.97286725,1,-3317.0,1311.0
texas_vs_unc greensboro_20231229,2023-12-29,texas,UNC Greensboro,2024,1,1,0.81862384,1,-1500.0,870.0
texas_vs_ut arlington_20240101,2024-01-01,texas,UT Arlington,2024,1,1,0.9612973,1,-1954.0,1052.0
texas_vs_texas tech_20240106,2024-01-06,texas,Texas Tech,2024,0,1,0.6533486,0,-290.0,235.0
texas_vs_ucf_20240117,2024-01-17,texas,UCF,2024,0,1,0.7090567,0,-400.0,310.0
texas_vs_baylor_20240120,2024-01-20,texas,Baylor,2024,1,0,0.41218492,0,-155.0,130.0
texas_vs_houston_20240129,2024-01-29,texas,Houston,2024,0,0,0.28686717,1,179.0,-216.0
texas_vs_iowa state_20240206,2024-02-06,texas,Iowa State,2024,0,0,0.49741456,1,-127.0,109.0
texas_vs_west virginia_20240210,2024-02-10,texas,West Virginia,2024,1,1,0.88666385,1,-1000.0,650.0
texas_vs_kansas state_20240219,2024-02-19,texas,Kansas State,2024,1,1,0.81789964,1,-430.0,350.0
texas_vs_oklahoma state_20240302,2024-03-02,texas,Oklahoma State,2024,1,1,0.86252546,1,-575.0,425.0
texas_vs_oklahoma_20240309,2024-03-09,texas,Oklahoma,2024,1,1,0.72232246,1,-245.0,200.0
texas-am_vs_oral roberts_20231117,2023-11-17,texas-am,Oral Roberts,2024,1,1,0.97354114,1,-3000.0,1300.0
texas-am_vs_depaul_20231206,2023-12-06,texas-am,DePaul,2024,1,1,0.96992826,1,-2500.0,1100.0
texas-am_vs_memphis_20231210,2023-12-10,texas-am,Memphis,2024,0,1,0.84187114,0,-340.0,270.0
texas-am_vs_louisiana state_20240106,2024-01-06,texas-am,Louisiana State,2024,0,1,0.8648087,0,-750.0,525.0
texas-am_vs_kentucky_20240113,2024-01-13,texas-am,Kentucky,2024,1,1,0.53125864,1,-156.0,133.0
texas-am_vs_missouri_20240123,2024-01-23,texas-am,Missouri,2024,1,1,0.77182007,1,-650.0,470.0
texas-am_vs_florida_20240203,2024-02-03,texas-am,Florida,2024,1,0,0.4914444,0,-185.0,154.0
texas-am_vs_tennessee_20240210,2024-02-10,texas-am,Tennessee,2024,1,0,0.3712086,0,118.0,-139.0
texas-am_vs_arkansas_20240220,2024-02-20,texas-am,Arkansas,2024,0,1,0.8234008,0,-750.0,525.0
texas-am_vs_south carolina_20240228,2024-02-28,texas-am,South Carolina,2024,0,0,0.4980287,1,-250.0,210.0
texas-am_vs_mississippi state_20240306,2024-03-06,texas-am,Mississippi State,2024,1,1,0.5063667,1,-155.0,130.0
texas-am-commerce_vs_texas tech_20231108,2023-11-08,texas-am-commerce,Texas Tech,2024,0,0,0.13252461,1,1498.0,-4137.0
texas-am-commerce_vs_stonehill_20231120,2023-11-20,texas-am-commerce,Stonehill,2024,1,1,0.87887484,1,-340.0,270.0
texas-am-commerce_vs_denver_20231126,2023-11-26,texas-am-commerce,Denver,2024,0,1,0.6541839,0,-155.0,130.0
texas-am-commerce_vs_northern colorado_20231211,2023-12-11,texas-am-commerce,Northern Colorado,2024,1,1,0.57668203,1,,-134.0
texas-am-commerce_vs_mcneese state_20240106,2024-01-06,texas-am-commerce,McNeese State,2024,0,0,0.18238528,1,500.0,-700.0
texas-am-commerce_vs_texas a&mâcorpus christi_20240129,2024-01-29,texas-am-commerce,Texas A&MâCorpus Christi,2024,0,0,0.374145,1,136.0,-162.0
texas-am-commerce_vs_incarnate word_20240131,2024-01-31,texas-am-commerce,Incarnate Word,2024,1,1,0.72247505,1,-165.0,140.0
texas-am-commerce_vs_new orleans_20240210,2024-02-10,texas-am-commerce,New Orleans,2024,1,1,0.62336785,1,-175.0,145.0
texas-am-commerce_vs_southeastern louisiana_20240212,2024-02-12,texas-am-commerce,Southeastern Louisiana,2024,0,0,0.45676032,1,125.0,-145.0
texas-am-commerce_vs_lamar_20240304,2024-03-04,texas-am-commerce,Lamar,2024,0,0,0.4037837,1,157.0,-195.0
texas-am-commerce_vs_northwestern state_20240306,2024-03-06,texas-am-commerce,Northwestern State,2024,1,1,0.5034545,1,-175.0,145.0
texas-am-corpus-christi_vs_omaha_20231209,2023-12-09,texas-am-corpus-christi,Omaha,2024,1,1,0.51005363,1,-155.0,130.0
texas-am-corpus-christi_vs_mcneese state_20240122,2024-01-22,texas-am-corpus-christi,McNeese State,2024,0,0,0.2561162,1,205.0,-245.0
texas-am-corpus-christi_vs_lamar_20240203,2024-02-03,texas-am-corpus-christi,Lamar,2024,1,1,0.7305088,1,-180.0,150.0
texas-am-corpus-christi_vs_texas a&mâcommerce_20240217,2024-02-17,texas-am-corpus-christi,Texas A&MâCommerce,2024,1,1,0.8245743,1,-500.0,375.0
texas-am-corpus-christi_vs_northwestern state_20240219,2024-02-19,texas-am-corpus-christi,Northwestern State,2024,1,1,0.8237775,1,-800.0,550.0
texas-am-corpus-christi_vs_southeastern louisiana_20240302,2024-03-02,texas-am-corpus-christi,Southeastern Louisiana,2024,1,1,0.8106401,1,-342.0,257.0
texas-am-corpus-christi_vs_new orleans_20240304,2024-03-04,texas-am-corpus-christi,New Orleans,2024,1,1,0.8800267,1,-1200.0,750.0
texas-am-corpus-christi_vs_incarnate word_20240306,2024-03-06,texas-am-corpus-christi,Incarnate Word,2024,1,1,0.9243576,1,-1100.0,700.0
texas-arlington_vs_alcorn state_20231122,2023-11-22,texas-arlington,Alcorn State,2024,1,1,0.81458545,1,-485.0,370.0
texas-arlington_vs_texas state_20231125,2023-11-25,texas-arlington,Texas State,2024,0,1,0.78391635,0,-300.0,240.0
texas-arlington_vs_abilene christian_20231129,2023-11-29,texas-arlington,Abilene Christian,2024,1,1,0.5702018,1,-155.0,130.0
texas-arlington_vs_utah valley_20240111,2024-01-11,texas-arlington,Utah Valley,2024,1,1,0.5588118,1,-145.0,125.0
texas-arlington_vs_seattle_20240113,2024-01-13,texas-arlington,Seattle,2024,1,0,0.3408387,0,-142.0,121.0
texas-arlington_vs_grand canyon_20240127,2024-01-27,texas-arlington,Grand Canyon,2024,0,0,0.37100226,1,200.0,-245.0
texas-arlington_vs_stephen f. austin_20240210,2024-02-10,texas-arlington,Stephen F. Austin,2024,1,1,0.6568993,1,-185.0,154.0
texas-arlington_vs_tarleton state_20240215,2024-02-15,texas-arlington,Tarleton State,2024,0,1,0.64436865,0,-210.0,175.0
texas-arlington_vs_southern utah_20240222,2024-02-22,texas-arlington,Southern Utah,2024,1,1,0.80889237,1,-561.0,408.0
texas-arlington_vs_utah tech_20240224,2024-02-24,texas-arlington,Utah Tech,2024,1,1,0.8265814,1,-575.0,455.0
texas-arlington_vs_california baptist_20240307,2024-03-07,texas-arlington,California Baptist,2024,1,1,0.75222385,1,-340.0,270.0
texas-christian_vs_mississippi valley state_20231117,2023-11-17,texas-christian,Mississippi Valley State,2024,1,1,0.9834773,1,-10000.0,3300.0
texas-christian_vs_alcorn state_20231121,2023-11-21,texas-christian,Alcorn State,2024,1,1,0.97870797,1,-20000.0,4000.0
texas-christian_vs_texas a&mâcommerce_20240101,2024-01-01,texas-christian,Texas A&MâCommerce,2024,1,1,0.96915036,1,-5000.0,1400.0
texas-christian_vs_oklahoma_20240110,2024-01-10,texas-christian,Oklahoma,2024,1,1,0.6675074,1,-225.0,180.0
texas-christian_vs_houston_20240113,2024-01-13,texas-christian,Houston,2024,1,0,0.37459698,0,140.0,-166.0
texas-christian_vs_iowa state_20240120,2024-01-20,texas-christian,Iowa State,2024,0,1,0.5639832,0,-221.0,183.0
texas-christian_vs_texas tech_20240130,2024-01-30,texas-christian,Texas Tech,2024,1,1,0.6291289,1,-175.0,155.0
texas-christian_vs_texas_20240203,2024-02-03,texas-christian,Texas,2024,0,1,0.67347,0,-199.0,166.0
texas-christian_vs_west virginia_20240212,2024-02-12,texas-christian,West Virginia,2024,1,1,0.9019891,1,-1000.0,650.0
texas-christian_vs_cincinnati_20240224,2024-02-24,texas-christian,Cincinnati,2024,1,1,0.7521503,1,-253.0,207.0
texas-christian_vs_baylor_20240226,2024-02-26,texas-christian,Baylor,2024,0,1,0.6846231,0,-150.0,130.0
texas-christian_vs_ucf_20240309,2024-03-09,texas-christian,UCF,2024,0,1,0.79912037,0,-375.0,305.0
texas-christian_vs_utah state_20240322,2024-03-22,texas-christian,Utah State,2024,0,1,0.56715596,0,-171.0,150.0
texas-el-paso_vs_austin peay_20231117,2023-11-17,texas-el-paso,Austin Peay,2024,1,1,0.78389764,1,-539.0,371.0
texas-el-paso_vs_texas a&mâcorpus christi_20231129,2023-11-29,texas-el-paso,Texas A&MâCorpus Christi,2024,0,1,0.88180023,0,-1600.0,900.0
texas-el-paso_vs_norfolk state_20231220,2023-12-20,texas-el-paso,Norfolk State,2024,1,1,0.70806277,1,-265.0,225.0
texas-el-paso_vs_wyoming_20231221,2023-12-21,texas-el-paso,Wyoming,2024,1,1,0.7294022,1,-128.0,109.0
texas-el-paso_vs_seattle_20231230,2023-12-30,texas-el-paso,Seattle,2024,0,0,0.42628554,1,-120.0,100.0
texas-el-paso_vs_chicago state_20240107,2024-01-07,texas-el-paso,Chicago State,2024,1,1,0.7546268,1,-575.0,425.0
texas-el-paso_vs_middle tennessee_20240118,2024-01-18,texas-el-paso,Middle Tennessee,2024,1,1,0.66290706,1,-270.0,220.0
texas-el-paso_vs_western kentucky_20240120,2024-01-20,texas-el-paso,Western Kentucky,2024,1,0,0.43565685,0,-127.0,108.0
texas-el-paso_vs_jacksonville state_20240201,2024-02-01,texas-el-paso,Jacksonville State,2024,1,1,0.5233035,1,-174.0,147.0
texas-el-paso_vs_liberty_20240203,2024-02-03,texas-el-paso,Liberty,2024,0,0,0.42016536,1,138.0,-158.0
texas-el-paso_vs_new mexico state_20240210,2024-02-10,texas-el-paso,New Mexico State,2024,1,1,0.7234093,1,-240.0,197.0
texas-el-paso_vs_louisiana tech_20240222,2024-02-22,texas-el-paso,Louisiana Tech,2024,0,0,0.36476198,1,120.0,-142.0
texas-el-paso_vs_sam houston state_20240224,2024-02-24,texas-el-paso,Sam Houston State,2024,0,1,0.5974288,0,-161.0,136.0
texas-el-paso_vs_florida international_20240307,2024-03-07,texas-el-paso,Florida International,2024,1,1,0.7703389,1,-400.0,310.0
texas-el-paso_vs_western kentucky_20240316,2024-03-16,texas-el-paso,Western Kentucky,2024,0,0,0.3461607,1,123.0,-139.0
texas-pan-american_vs_tcu_20231114,2023-11-14,texas-pan-american,TCU,2024,0,0,0.13651378,1,1541.0,-6849.0
texas-pan-american_vs_oklahoma_20231117,2023-11-17,texas-pan-american,Oklahoma,2024,0,0,0.0779001,1,1913.0,-4766.0
texas-pan-american_vs_hawaii_20231124,2023-11-24,texas-pan-american,Hawaii,2024,0,0,0.15002827,1,550.0,-800.0
texas-pan-american_vs_arkansas state_20231125,2023-11-25,texas-pan-american,Arkansas State,2024,0,0,0.28982076,1,220.0,-270.0
texas-pan-american_vs_grand canyon_20231129,2023-11-29,texas-pan-american,Grand Canyon,2024,0,0,0.09815988,1,750.0,-1200.0
texas-pan-american_vs_tarleton state_20231202,2023-12-02,texas-pan-american,Tarleton State,2024,0,0,0.20977606,1,500.0,-650.0
texas-pan-american_vs_texas a&mâcorpus christi_20231206,2023-12-06,texas-pan-american,Texas A&MâCorpus Christi,2024,1,0,0.40451053,0,142.0,-170.0
texas-pan-american_vs_texas a&mâcorpus christi_20231215,2023-12-15,texas-pan-american,Texas A&MâCorpus Christi,2024,0,1,0.54631186,0,-120.0,100.0
texas-pan-american_vs_chicago state_20231218,2023-12-18,texas-pan-american,Chicago State,2024,0,0,0.32674122,1,155.0,-193.0
texas-pan-american_vs_incarnate word_20231230,2023-12-30,texas-pan-american,Incarnate Word,2024,1,0,0.4761771,0,-240.0,189.0
texas-pan-american_vs_stephen f. austin_20240104,2024-01-04,texas-pan-american,Stephen F. Austin,2024,0,0,0.12569875,1,360.0,-470.0
texas-pan-american_vs_abilene christian_20240106,2024-01-06,texas-pan-american,Abilene Christian,2024,0,0,0.2629271,1,413.0,-568.0
texas-pan-american_vs_seattle_20240111,2024-01-11,texas-pan-american,Seattle,2024,1,0,0.108145505,0,253.0,-318.0
texas-pan-american_vs_utah valley_20240113,2024-01-13,texas-pan-american,Utah Valley,2024,1,0,0.3467709,0,135.0,-155.0
texas-pan-american_vs_ut arlington_20240118,2024-01-18,texas-pan-american,UT Arlington,2024,0,0,0.24257499,1,409.0,-562.0
texas-pan-american_vs_tarleton state_20240120,2024-01-20,texas-pan-american,Tarleton State,2024,0,0,0.2987609,1,140.0,-165.0
texas-pan-american_vs_california baptist_20240125,2024-01-25,texas-pan-american,California Baptist,2024,0,0,0.31237015,1,270.0,-340.0
texas-pan-american_vs_utah tech_20240201,2024-02-01,texas-pan-american,Utah Tech,2024,0,0,0.4499796,1,185.0,-215.0
texas-pan-american_vs_southern utah_20240203,2024-02-03,texas-pan-american,Southern Utah,2024,0,0,0.28560618,1,400.0,-535.0
texas-pan-american_vs_stephen f. austin_20240208,2024-02-08,texas-pan-american,Stephen F. Austin,2024,0,0,0.23195839,1,870.0,-1500.0
texas-pan-american_vs_abilene christian_20240215,2024-02-15,texas-pan-american,Abilene Christian,2024,0,0,0.4885375,1,136.0,-162.0
texas-pan-american_vs_ut arlington_20240217,2024-02-17,texas-pan-american,UT Arlington,2024,0,0,0.29947546,1,330.0,-425.0
texas-pan-american_vs_utah valley_20240222,2024-02-22,texas-pan-american,Utah Valley,2024,0,0,0.18320113,1,715.0,-1148.0
texas-pan-american_vs_seattle_20240224,2024-02-24,texas-pan-american,Seattle,2024,0,0,0.11176859,1,1039.0,-1919.0
texas-pan-american_vs_grand canyon_20240229,2024-02-29,texas-pan-american,Grand Canyon,2024,0,0,0.07915507,1,1800.0,-5000.0
texas-pan-american_vs_california baptist_20240302,2024-03-02,texas-pan-american,California Baptist,2024,0,0,0.215452,1,575.0,-850.0
texas-pan-american_vs_utah tech_20240307,2024-03-07,texas-pan-american,Utah Tech,2024,0,0,0.4731023,1,180.0,-218.0
texas-pan-american_vs_southern utah_20240309,2024-03-09,texas-pan-american,Southern Utah,2024,0,0,0.3970412,1,185.0,-215.0
texas-san-antonio_vs_jacksonville state_20231124,2023-11-24,texas-san-antonio,Jacksonville State,2024,0,1,0.5774109,0,115.0,-135.0
texas-san-antonio_vs_incarnate word_20231125,2023-11-25,texas-san-antonio,Incarnate Word,2024,1,1,0.6589448,1,-192.0,160.0
texas-san-antonio_vs_lamar_20231130,2023-11-30,texas-san-antonio,Lamar,2024,1,1,0.6206701,1,-166.0,140.0
texas-san-antonio_vs_army_20231221,2023-12-21,texas-san-antonio,Army,2024,0,1,0.7243231,0,-270.0,220.0
texas-san-antonio_vs_uab_20240102,2024-01-02,texas-san-antonio,UAB,2024,0,0,0.37527823,1,230.0,-275.0
texas-san-antonio_vs_charlotte_20240113,2024-01-13,texas-san-antonio,Charlotte,2024,0,0,0.21701646,1,170.0,-205.0
texas-san-antonio_vs_florida atlantic_20240121,2024-01-21,texas-san-antonio,Florida Atlantic,2024,0,0,0.15418734,1,950.0,-1650.0
texas-san-antonio_vs_tulane_20240124,2024-01-24,texas-san-antonio,Tulane,2024,1,0,0.36421195,0,220.0,-260.0
texas-san-antonio_vs_rice_20240203,2024-02-03,texas-san-antonio,Rice,2024,0,1,0.54893625,0,-126.0,108.0
texas-san-antonio_vs_east carolina_20240210,2024-02-10,texas-san-antonio,East Carolina,2024,0,0,0.35401675,1,,-130.0
texas-san-antonio_vs_south florida_20240221,2024-02-21,texas-san-antonio,South Florida,2024,0,0,0.19097331,1,235.0,-280.0
texas-san-antonio_vs_tulsa_20240228,2024-02-28,texas-san-antonio,Tulsa,2024,1,1,0.56233597,1,-146.0,124.0
texas-san-antonio_vs_temple_20240310,2024-03-10,texas-san-antonio,Temple,2024,0,1,0.5709365,0,-198.0,173.0
texas-southern_vs_samford_20231221,2023-12-21,texas-southern,Samford,2024,0,0,0.28482184,1,211.0,-273.0
texas-southern_vs_arkansasâpine bluff_20240113,2024-01-13,texas-southern,ArkansasâPine Bluff,2024,0,1,0.7854394,0,-345.0,275.0
texas-southern_vs_mississippi valley state_20240115,2024-01-15,texas-southern,Mississippi Valley State,2024,1,1,0.90010464,1,-1600.0,900.0
texas-southern_vs_alabama a&m_20240127,2024-01-27,texas-southern,Alabama A&M,2024,1,1,0.8321709,1,-453.0,323.0
texas-southern_vs_alabama state_20240129,2024-01-29,texas-southern,Alabama State,2024,1,1,0.53584737,1,-215.0,185.0
texas-southern_vs_southern_20240219,2024-02-19,texas-southern,Southern,2024,1,0,0.3690232,0,-138.0,118.0
texas-southern_vs_jackson state_20240302,2024-03-02,texas-southern,Jackson State,2024,1,1,0.6058891,1,-238.0,195.0
texas-southern_vs_alcorn state_20240304,2024-03-04,texas-southern,Alcorn State,2024,0,1,0.7204499,0,-200.0,160.0
texas-state_vs_utsa_20231117,2023-11-17,texas-state,UTSA,2024,1,1,0.6946509,1,-340.0,270.0
texas-state_vs_coastal carolina_20240104,2024-01-04,texas-state,Coastal Carolina,2024,0,1,0.7605135,0,-425.0,330.0
texas-state_vs_marshall_20240106,2024-01-06,texas-state,Marshall,2024,0,0,0.45012215,1,108.0,-128.0
texas-state_vs_louisiana_20240117,2024-01-17,texas-state,Louisiana,2024,0,0,0.41599578,1,-108.0,-108.0
texas-state_vs_arkansas state_20240120,2024-01-20,texas-state,Arkansas State,2024,0,0,0.3802949,1,111.0,-130.0
texas-state_vs_south alabama_20240201,2024-02-01,texas-state,South Alabama,2024,1,1,0.53065467,1,-159.0,134.0
texas-state_vs_southern mississippi_20240203,2024-02-03,texas-state,Southern Mississippi,2024,1,1,0.5587759,1,-135.0,115.0
texas-state_vs_appalachian state_20240207,2024-02-07,texas-state,Appalachian State,2024,1,0,0.21958768,0,298.0,-384.0
texas-state_vs_ball state_20240210,2024-02-10,texas-state,Ball State,2024,1,1,0.6294734,1,-165.0,135.0
texas-state_vs_louisianaâmonroe_20240227,2024-02-27,texas-state,LouisianaâMonroe,2024,1,1,0.6939212,1,-250.0,205.0
texas-state_vs_troy_20240301,2024-03-01,texas-state,Troy,2024,1,0,0.32865673,0,170.0,-210.0
texas-state_vs_troy_20240309,2024-03-09,texas-state,Troy,2024,1,0,0.28403166,0,213.0,-262.0
texas-tech_vs_san jose state_20231112,2023-11-12,texas-tech,San Jose State,2024,1,1,0.7524005,1,-1700.0,900.0
texas-tech_vs_texas a&mâcorpus christi_20231116,2023-11-16,texas-tech,Texas A&MâCorpus Christi,2024,1,1,0.95500267,1,-3088.0,1255.0
texas-tech_vs_villanova_20231122,2023-11-22,texas-tech,Villanova,2024,0,0,0.39553946,1,145.0,-175.0
texas-tech_vs_omaha_20231206,2023-12-06,texas-tech,Omaha,2024,1,1,0.96601003,1,-2500.0,1100.0
texas-tech_vs_oral roberts_20231212,2023-12-12,texas-tech,Oral Roberts,2024,1,1,0.9267557,1,-870.0,635.0
texas-tech_vs_vanderbilt_20231216,2023-12-16,texas-tech,Vanderbilt,2024,1,1,0.85899293,1,-330.0,275.0
texas-tech_vs_ut arlington_20231221,2023-12-21,texas-tech,UT Arlington,2024,1,1,0.9088089,1,-1069.0,677.0
texas-tech_vs_sam houston state_20231228,2023-12-28,texas-tech,Sam Houston State,2024,1,1,0.94644445,1,-1600.0,890.0
texas-tech_vs_north alabama_20240101,2024-01-01,texas-tech,North Alabama,2024,1,1,0.9569647,1,-2500.0,1100.0
texas-tech_vs_oklahoma state_20240109,2024-01-09,texas-tech,Oklahoma State,2024,1,1,0.83270144,1,-350.0,280.0
texas-tech_vs_kansas state_20240113,2024-01-13,texas-tech,Kansas State,2024,1,1,0.7831278,1,-250.0,205.0
texas-tech_vs_brigham young_20240120,2024-01-20,texas-tech,Brigham Young,2024,1,0,0.49501556,0,-142.0,120.0
texas-tech_vs_cincinnati_20240203,2024-02-03,texas-tech,Cincinnati,2024,0,1,0.7700636,0,-203.0,169.0
texas-tech_vs_ucf_20240210,2024-02-10,texas-tech,UCF,2024,1,1,0.77601045,1,-360.0,290.0
texas-tech_vs_kansas_20240212,2024-02-12,texas-tech,Kansas,2024,1,0,0.43685025,0,-170.0,150.0
texas-tech_vs_tcu_20240220,2024-02-20,texas-tech,TCU,2024,1,1,0.62594676,1,-225.0,195.0
texas-tech_vs_texas_20240227,2024-02-27,texas-tech,Texas,2024,0,1,0.59222347,0,-166.0,140.0
texas-tech_vs_baylor_20240309,2024-03-09,texas-tech,Baylor,2024,1,0,0.4841184,0,-145.0,120.0
toledo_vs_louisiana_20231111,2023-11-11,toledo,Louisiana,2024,1,1,0.54652333,1,-319.0,254.0
toledo_vs_george mason_20231202,2023-12-02,toledo,George Mason,2024,0,0,0.40550438,1,-190.0,155.0
toledo_vs_northern iowa_20231209,2023-12-09,toledo,Northern Iowa,2024,1,1,0.52053857,1,-169.0,143.0
toledo_vs_marshall_20231213,2023-12-13,toledo,Marshall,2024,1,1,0.723422,1,-350.0,280.0
toledo_vs_vermont_20231220,2023-12-20,toledo,Vermont,2024,0,1,0.53623366,0,-300.0,230.0
toledo_vs_miami (oh)_20240105,2024-01-05,toledo,Miami (OH),2024,1,1,0.82296336,1,-709.0,493.0
toledo_vs_ball state_20240113,2024-01-13,toledo,Ball State,2024,1,1,0.83720344,1,-650.0,470.0
toledo_vs_buffalo_20240116,2024-01-16,toledo,Buffalo,2024,1,1,0.9107365,1,-1450.0,850.0
toledo_vs_bowling green_20240127,2024-01-27,toledo,Bowling Green,2024,1,1,0.72339755,1,-306.0,245.0
toledo_vs_ohio_20240216,2024-02-16,toledo,Ohio,2024,1,1,0.6780903,1,-235.0,194.0
toledo_vs_akron_20240220,2024-02-20,toledo,Akron,2024,1,0,0.3895279,0,-135.0,115.0
toledo_vs_northern illinois_20240227,2024-02-27,toledo,Northern Illinois,2024,0,1,0.85077775,0,-1634.0,926.0
toledo_vs_kent state_20240308,2024-03-08,toledo,Kent State,2024,1,1,0.7043173,1,-354.0,278.0
towson_vs_robert morris_20231112,2023-11-12,towson,Robert Morris,2024,1,1,0.8014081,1,-437.0,332.0
towson_vs_wake forest_20231117,2023-11-17,towson,Wake Forest,2024,0,0,0.31647113,1,175.0,-210.0
towson_vs_morgan state_20231126,2023-11-26,towson,Morgan State,2024,1,1,0.7902381,1,-800.0,575.0
towson_vs_massachusetts_20231206,2023-12-06,towson,Massachusetts,2024,1,0,0.3433541,0,125.0,-145.0
towson_vs_unc wilmington_20240106,2024-01-06,towson,UNC Wilmington,2024,1,0,0.4122504,0,100.0,-117.0
towson_vs_stony brook_20240111,2024-01-11,towson,Stony Brook,2024,1,1,0.6732213,1,-215.0,185.0
towson_vs_campbell_20240120,2024-01-20,towson,Campbell,2024,1,1,0.84221554,1,-365.0,295.0
towson_vs_drexel_20240125,2024-01-25,towson,Drexel,2024,1,0,0.45496637,0,-111.0,-105.0
towson_vs_northeastern_20240201,2024-02-01,towson,Northeastern,2024,1,1,0.8093237,1,-336.0,266.0
towson_vs_delaware_20240208,2024-02-08,towson,Delaware,2024,0,1,0.6604399,0,-170.0,142.0
towson_vs_elon_20240212,2024-02-12,towson,Elon,2024,1,1,0.83533865,1,-673.0,473.0
towson_vs_monmouth_20240222,2024-02-22,towson,Monmouth,2024,1,1,0.689282,1,-300.0,240.0
towson_vs_college of charleston_20240224,2024-02-24,towson,College of Charleston,2024,0,1,0.5073887,0,103.0,-123.0
towson_vs_william & mary_20240309,2024-03-09,towson,William & Mary,2024,1,1,0.8178529,1,-675.0,490.0
troy_vs_sam houston state_20231120,2023-11-20,troy,Sam Houston State,2024,0,0,0.43706647,1,,-130.0
troy_vs_siu edwardsville_20231201,2023-12-01,troy,SIU Edwardsville,2024,1,1,0.6310455,1,-220.0,190.0
troy_vs_eastern kentucky_20231221,2023-12-21,troy,Eastern Kentucky,2024,1,1,0.581151,1,-148.0,124.0
troy_vs_old dominion_20240104,2024-01-04,troy,Old Dominion,2024,1,1,0.70388687,1,-200.0,167.0
troy_vs_appalachian state_20240106,2024-01-06,troy,Appalachian State,2024,1,0,0.37019688,0,140.0,-166.0
troy_vs_louisiana_20240110,2024-01-10,troy,Louisiana,2024,1,1,0.6199833,1,-126.0,108.0
troy_vs_southern mississippi_20240113,2024-01-13,troy,Southern Mississippi,2024,1,1,0.7671575,1,-205.0,170.0
troy_vs_texas state_20240124,2024-01-24,troy,Texas State,2024,1,1,0.82136434,1,-450.0,333.0
troy_vs_south alabama_20240127,2024-01-27,troy,South Alabama,2024,1,1,0.83051026,1,-380.0,310.0
troy_vs_marshall_20240207,2024-02-07,troy,Marshall,2024,1,1,0.776864,1,-345.0,275.0
troy_vs_kent state_20240210,2024-02-10,troy,Kent State,2024,1,1,0.7880361,1,-248.0,203.0
troy_vs_arkansas state_20240215,2024-02-15,troy,Arkansas State,2024,0,1,0.7807645,0,-278.0,225.0
troy_vs_louisianaâmonroe_20240217,2024-02-17,troy,LouisianaâMonroe,2024,1,1,0.8767996,1,-825.0,605.0
tulane_vs_sacramento state_20231117,2023-11-17,tulane,Sacramento State,2024,1,1,0.90146834,1,-592.0,427.0
tulane_vs_furman_20231214,2023-12-14,tulane,Furman,2024,1,1,0.6717509,1,-315.0,265.0
tulane_vs_southern_20231216,2023-12-16,tulane,Southern,2024,1,1,0.8787366,1,-1400.0,775.0
tulane_vs_george mason_20231222,2023-12-22,tulane,George Mason,2024,0,0,0.49877587,1,-197.0,165.0
tulane_vs_rice_20240103,2024-01-03,tulane,Rice,2024,1,1,0.80775136,1,-413.0,317.0
tulane_vs_florida atlantic_20240111,2024-01-11,tulane,Florida Atlantic,2024,0,0,0.24666929,1,275.0,-330.0
tulane_vs_memphis_20240121,2024-01-21,tulane,Memphis,2024,1,0,0.4493103,0,143.0,-163.0
tulane_vs_charlotte_20240127,2024-01-27,tulane,Charlotte,2024,0,0,0.44645324,1,-160.0,140.0
tulane_vs_temple_20240204,2024-02-04,tulane,Temple,2024,1,1,0.8048536,1,-550.0,410.0
tulane_vs_smu_20240215,2024-02-15,tulane,SMU,2024,0,0,0.23054379,1,100.0,-120.0
tulane_vs_uab_20240225,2024-02-25,tulane,UAB,2024,0,1,0.5409675,0,-135.0,115.0
tulane_vs_north texas_20240228,2024-02-28,tulane,North Texas,2024,0,0,0.2783837,1,,-130.0
tulane_vs_wichita state_20240308,2024-03-08,tulane,Wichita State,2024,1,1,0.55168504,1,-172.0,152.0
tulsa_vs_incarnate word_20231111,2023-11-11,tulsa,Incarnate Word,2024,1,1,0.8659904,1,-1100.0,700.0
tulsa_vs_jackson state_20231116,2023-11-16,tulsa,Jackson State,2024,1,1,0.701955,1,-626.0,417.0
tulsa_vs_south carolina state_20231120,2023-11-20,tulsa,South Carolina State,2024,1,1,0.7891518,1,-1891.0,917.0
tulsa_vs_loyola chicago_20231205,2023-12-05,tulsa,Loyola Chicago,2024,1,0,0.46410787,0,,-130.0
tulsa_vs_missouri state_20231216,2023-12-16,tulsa,Missouri State,2024,1,0,0.45149145,0,-118.0,-102.0
tulsa_vs_mississippi valley state_20231219,2023-12-19,tulsa,Mississippi Valley State,2024,1,1,0.97498864,1,-10000.0,3300.0
tulsa_vs_new mexico state_20231222,2023-12-22,tulsa,New Mexico State,2024,1,1,0.7971193,1,-285.0,230.0
tulsa_vs_memphis_20240104,2024-01-04,tulsa,Memphis,2024,0,0,0.35193244,1,350.0,-455.0
tulsa_vs_tulane_20240114,2024-01-14,tulsa,Tulane,2024,0,0,0.33416882,1,124.0,-144.0
tulsa_vs_utsa_20240117,2024-01-17,tulsa,UTSA,2024,1,1,0.7702434,1,-278.0,230.0
tulsa_vs_wichita state_20240131,2024-01-31,tulsa,Wichita State,2024,1,1,0.51446813,1,-123.0,103.0
tulsa_vs_north texas_20240207,2024-02-07,tulsa,North Texas,2024,0,0,0.25538623,1,170.0,-195.0
tulsa_vs_uab_20240211,2024-02-11,tulsa,UAB,2024,0,0,0.41578206,1,140.0,-165.0
tulsa_vs_rice_20240217,2024-02-17,tulsa,Rice,2024,1,1,0.56489,1,-185.0,160.0
tulsa_vs_charlotte_20240224,2024-02-24,tulsa,Charlotte,2024,1,0,0.29855222,0,120.0,-142.0
tulsa_vs_south florida_20240309,2024-03-09,tulsa,South Florida,2024,1,0,0.30898312,0,195.0,-250.0
ucla_vs_lafayette_20231110,2023-11-10,ucla,Lafayette,2024,1,1,0.96499836,1,-4500.0,1700.0
ucla_vs_liu_20231115,2023-11-15,ucla,LIU,2024,1,1,0.9790846,1,-99995.0,9000.0
ucla_vs_uc riverside_20231130,2023-11-30,ucla,UC Riverside,2024,1,1,0.9436687,1,-2500.0,1050.0
ucla_vs_cal state northridge_20231219,2023-12-19,ucla,Cal State Northridge,2024,0,1,0.9631847,0,-1815.0,998.0
ucla_vs_maryland_20231222,2023-12-22,ucla,Maryland,2024,0,1,0.6607712,0,-192.0,160.0
ucla_vs_stanford_20240103,2024-01-03,ucla,Stanford,2024,0,1,0.54301196,0,-201.0,168.0
ucla_vs_california_20240106,2024-01-06,ucla,California,2024,0,1,0.76898956,0,-280.0,235.0
ucla_vs_washington_20240114,2024-01-14,ucla,Washington,2024,1,0,0.24778861,0,-105.0,-111.0
ucla_vs_oregon state_20240201,2024-02-01,ucla,Oregon State,2024,1,1,0.7672302,1,-561.0,408.0
ucla_vs_oregon_20240203,2024-02-03,ucla,Oregon,2024,1,0,0.4639682,0,118.0,-138.0
ucla_vs_colorado_20240215,2024-02-15,ucla,Colorado,2024,1,0,0.4631273,0,109.0,-127.0
ucla_vs_utah_20240218,2024-02-18,ucla,Utah,2024,0,0,0.44396517,1,-250.0,200.0
ucla_vs_southern california_20240224,2024-02-24,ucla,Southern California,2024,0,1,0.7106231,0,-225.0,185.0
ucla_vs_arizona_20240307,2024-03-07,ucla,Arizona,2024,0,0,0.16368249,1,360.0,-480.0
ucla_vs_arizona state_20240309,2024-03-09,ucla,Arizona State,2024,1,1,0.75960433,1,-285.0,240.0
utah_vs_wake forest_20231116,2023-11-16,utah,Wake Forest,2024,1,1,0.60187703,1,-241.0,198.0
utah_vs_southern utah_20231205,2023-12-05,utah,Southern Utah,2024,1,1,0.97283125,1,-5000.0,1550.0
utah_vs_brigham young_20231209,2023-12-09,utah,Brigham Young,2024,1,1,0.5291578,1,122.0,-142.0
utah_vs_utah valley_20231216,2023-12-16,utah,Utah Valley,2024,1,1,0.9528918,1,-1783.0,986.0
utah_vs_bellarmine_20231220,2023-12-20,utah,Bellarmine,2024,1,1,0.9592742,1,-2800.0,1300.0
utah_vs_washington state_20231229,2023-12-29,utah,Washington State,2024,1,1,0.7249286,1,-355.0,280.0
utah_vs_washington_20231231,2023-12-31,utah,Washington,2024,1,1,0.8101459,1,-500.0,395.0
utah_vs_ucla_20240111,2024-01-11,utah,UCLA,2024,1,1,0.8979185,1,-425.0,345.0
utah_vs_oregon state_20240118,2024-01-18,utah,Oregon State,2024,1,1,0.96187997,1,-1350.0,800.0
utah_vs_oregon_20240121,2024-01-21,utah,Oregon,2024,1,1,0.7963171,1,-270.0,219.0
utah_vs_colorado_20240203,2024-02-03,utah,Colorado,2024,1,1,0.5919813,1,-166.0,141.0
utah_vs_arizona_20240208,2024-02-08,utah,Arizona,2024,0,0,0.36042902,1,191.0,-232.0
utah_vs_arizona state_20240210,2024-02-10,utah,Arizona State,2024,0,1,0.84073997,0,-900.0,600.0
utah_vs_stanford_20240229,2024-02-29,utah,Stanford,2024,1,1,0.7523357,1,-370.0,289.0
utah_vs_california_20240302,2024-03-02,utah,California,2024,1,1,0.81981283,1,-430.0,350.0
utah_vs_uc irvine_20240319,2024-03-19,utah,UC Irvine,2024,1,1,0.7475242,1,-343.0,285.0
utah_vs_iowa_20240324,2024-03-24,utah,Iowa,2024,1,1,0.6280083,1,-225.0,185.0
utah_vs_vcu_20240327,2024-03-27,utah,VCU,2024,1,1,0.70498323,1,-366.0,302.0
utah-state_vs_southern utah_20231114,2023-11-14,utah-state,Southern Utah,2024,1,1,0.8942012,1,-1250.0,775.0
utah-state_vs_uc irvine_20231202,2023-12-02,utah-state,UC Irvine,2024,1,1,0.6640303,1,-265.0,225.0
utah-state_vs_san diego_20231206,2023-12-06,utah-state,San Diego,2024,1,1,0.9384089,1,-2500.0,1100.0
utah-state_vs_east tennessee state_20231222,2023-12-22,utah-state,East Tennessee State,2024,1,1,0.95576066,1,-1801.0,993.0
utah-state_vs_colorado state_20240106,2024-01-06,utah-state,Colorado State,2024,1,1,0.50465554,1,-150.0,130.0
utah-state_vs_wyoming_20240109,2024-01-09,utah-state,Wyoming,2024,1,1,0.955711,1,-1559.0,895.0
utah-state_vs_fresno state_20240120,2024-01-20,utah-state,Fresno State,2024,1,1,0.9514187,1,-1100.0,700.0
utah-state_vs_san jose state_20240130,2024-01-30,utah-state,San Jose State,2024,1,1,0.9166493,1,-1100.0,700.0
utah-state_vs_nevada_20240206,2024-02-06,utah-state,Nevada,2024,0,1,0.63892806,0,-245.0,200.0
utah-state_vs_boise state_20240210,2024-02-10,utah-state,Boise State,2024,1,1,0.5849664,1,-216.0,180.0
utah-state_vs_san diego state_20240220,2024-02-20,utah-state,San Diego State,2024,1,0,0.46583408,0,-165.0,140.0
utah-state_vs_air force_20240301,2024-03-01,utah-state,Air Force,2024,1,1,0.92531765,1,-1835.0,1006.0
utah-state_vs_new mexico_20240309,2024-03-09,utah-state,New Mexico,2024,1,0,0.42924413,0,-175.0,145.0
utah-valley_vs_seattle_20231129,2023-11-29,utah-valley,Seattle,2024,1,0,0.30907327,0,124.0,-148.0
utah-valley_vs_weber state_20231205,2023-12-05,utah-valley,Weber State,2024,1,0,0.31064087,0,120.0,-140.0
utah-valley_vs_liberty_20231220,2023-12-20,utah-valley,Liberty,2024,0,0,0.29149717,1,155.0,-175.0
utah-valley_vs_california baptist_20240104,2024-01-04,utah-valley,California Baptist,2024,1,1,0.5202147,1,-134.0,114.0
utah-valley_vs_southern utah_20240106,2024-01-06,utah-valley,Southern Utah,2024,1,1,0.71780616,1,-290.0,235.0
utah-valley_vs_utah tech_20240120,2024-01-20,utah-valley,Utah Tech,2024,1,1,0.7064405,1,-455.0,350.0
utah-valley_vs_grand canyon_20240203,2024-02-03,utah-valley,Grand Canyon,2024,0,0,0.2629315,1,193.0,-234.0
utah-valley_vs_tarleton state_20240208,2024-02-08,utah-valley,Tarleton State,2024,0,0,0.41736543,1,-157.0,134.0
utah-valley_vs_abilene christian_20240210,2024-02-10,utah-valley,Abilene Christian,2024,1,1,0.66390795,1,-325.0,260.0
utah-valley_vs_stephen f. austin_20240224,2024-02-24,utah-valley,Stephen F. Austin,2024,1,1,0.5805413,1,-175.0,155.0
utah-valley_vs_ut arlington_20240302,2024-03-02,utah-valley,UT Arlington,2024,0,0,0.48880902,1,-135.0,114.0
valparaiso_vs_green bay_20231114,2023-11-14,valparaiso,Green Bay,2024,1,0,0.4568041,0,-180.0,150.0
valparaiso_vs_western illinois_20231121,2023-11-21,valparaiso,Western Illinois,2024,1,1,0.58550334,1,-146.0,125.0
valparaiso_vs_southern_20231125,2023-11-25,valparaiso,Southern,2024,1,1,0.54321235,1,-155.0,130.0
valparaiso_vs_drake_20231129,2023-11-29,valparaiso,Drake,2024,0,0,0.10973872,1,750.0,-1200.0
valparaiso_vs_chicago state_20231216,2023-12-16,valparaiso,Chicago State,2024,0,0,0.47253895,1,-155.0,130.0
valparaiso_vs_samford_20231219,2023-12-19,valparaiso,Samford,2024,0,0,0.18386713,1,345.0,-425.0
valparaiso_vs_bradley_20240103,2024-01-03,valparaiso,Bradley,2024,0,0,0.22861932,1,425.0,-600.0
valparaiso_vs_southern illinois_20240110,2024-01-10,valparaiso,Southern Illinois,2024,0,0,0.15519482,1,395.0,-500.0
valparaiso_vs_illinoisâchicago_20240120,2024-01-20,valparaiso,IllinoisâChicago,2024,1,0,0.37979877,0,135.0,-159.0
valparaiso_vs_missouri state_20240127,2024-01-27,valparaiso,Missouri State,2024,0,0,0.31100214,1,165.0,-190.0
valparaiso_vs_evansville_20240203,2024-02-03,valparaiso,Evansville,2024,0,1,0.50310224,0,-130.0,
valparaiso_vs_belmont_20240210,2024-02-10,valparaiso,Belmont,2024,0,0,0.31543875,1,220.0,-270.0
valparaiso_vs_northern iowa_20240214,2024-02-14,valparaiso,Northern Iowa,2024,0,0,0.29881436,1,260.0,-310.0
valparaiso_vs_indiana state_20240221,2024-02-21,valparaiso,Indiana State,2024,0,0,0.14391646,1,750.0,-1200.0
valparaiso_vs_illinois state_20240303,2024-03-03,valparaiso,Illinois State,2024,1,0,0.33487323,0,201.0,-245.0
vanderbilt_vs_usc upstate_20231110,2023-11-10,vanderbilt,USC Upstate,2024,1,1,0.929163,1,-800.0,550.0
vanderbilt_vs_unc greensboro_20231114,2023-11-14,vanderbilt,UNC Greensboro,2024,1,1,0.6949341,1,-108.0,-112.0
vanderbilt_vs_central arkansas_20231117,2023-11-17,vanderbilt,Central Arkansas,2024,1,1,0.9634049,1,-2580.0,1121.0
vanderbilt_vs_boston college_20231129,2023-11-29,vanderbilt,Boston College,2024,0,1,0.64326906,0,-140.0,120.0
vanderbilt_vs_alabama a&m_20231202,2023-12-02,vanderbilt,Alabama A&M,2024,1,1,0.9532639,1,-6500.0,2000.0
vanderbilt_vs_san francisco_20231206,2023-12-06,vanderbilt,San Francisco,2024,0,0,0.46218663,1,120.0,-140.0
vanderbilt_vs_western carolina_20231219,2023-12-19,vanderbilt,Western Carolina,2024,0,0,0.42304754,1,-177.0,149.0
vanderbilt_vs_dartmouth_20231230,2023-12-30,vanderbilt,Dartmouth,2024,1,1,0.74289197,1,-1100.0,650.0
vanderbilt_vs_alabama_20240106,2024-01-06,vanderbilt,Alabama,2024,0,0,0.1260771,1,660.0,-1000.0
vanderbilt_vs_auburn_20240117,2024-01-17,vanderbilt,Auburn,2024,0,0,0.097403206,1,500.0,-700.0
vanderbilt_vs_tennessee_20240127,2024-01-27,vanderbilt,Tennessee,2024,0,0,0.100649245,1,675.0,-1050.0
vanderbilt_vs_missouri_20240203,2024-02-03,vanderbilt,Missouri,2024,1,0,0.39002812,0,103.0,-123.0
vanderbilt_vs_kentucky_20240206,2024-02-06,vanderbilt,Kentucky,2024,0,0,0.19337524,1,375.0,-465.0
vanderbilt_vs_texas a&m_20240213,2024-02-13,vanderbilt,Texas A&M,2024,1,0,0.19524011,0,328.0,-431.0
vanderbilt_vs_georgia_20240221,2024-02-21,vanderbilt,Georgia,2024,0,0,0.3679265,1,104.0,-122.0
vanderbilt_vs_louisiana state_20240302,2024-03-02,vanderbilt,Louisiana State,2024,0,0,0.331629,1,145.0,-172.0
vanderbilt_vs_florida_20240309,2024-03-09,vanderbilt,Florida,2024,1,0,0.14315882,0,360.0,-500.0
vermont_vs_dartmouth_20231129,2023-11-29,vermont,Dartmouth,2024,1,1,0.81330204,1,-1200.0,750.0
vermont_vs_yale_20231202,2023-12-02,vermont,Yale,2024,1,0,0.4614929,0,-130.0,
vermont_vs_colgate_20231209,2023-12-09,vermont,Colgate,2024,0,1,0.65112805,0,-175.0,145.0
vermont_vs_maine_20240106,2024-01-06,vermont,Maine,2024,1,1,0.7924856,1,-517.0,359.0
vermont_vs_umbc_20240111,2024-01-11,vermont,UMBC,2024,1,1,0.91471153,1,-1800.0,1000.0
vermont_vs_njit_20240113,2024-01-13,vermont,NJIT,2024,1,1,0.8665708,1,-1680.0,848.0
vermont_vs_albany (ny)_20240201,2024-02-01,vermont,Albany (NY),2024,1,1,0.8037073,1,-900.0,600.0
vermont_vs_binghamton_20240203,2024-02-03,vermont,Binghamton,2024,1,1,0.89810735,1,-1664.0,842.0
vermont_vs_new hampshire_20240215,2024-02-15,vermont,New Hampshire,2024,1,1,0.8055254,1,-550.0,400.0
vermont_vs_bryant_20240224,2024-02-24,vermont,Bryant,2024,1,1,0.7142752,1,-428.0,308.0
vermont_vs_umass lowell_20240302,2024-03-02,vermont,UMass Lowell,2024,1,1,0.67836726,1,-300.0,229.0
vermont_vs_albany (ny)_20240309,2024-03-09,vermont,Albany (NY),2024,1,1,0.84447604,1,-1700.0,900.0
vermont_vs_new hampshire_20240312,2024-03-12,vermont,New Hampshire,2024,1,1,0.8952395,1,-2250.0,1050.0
vermont_vs_umass lowell_20240316,2024-03-16,vermont,UMass Lowell,2024,1,1,0.7374856,1,-385.0,315.0
villanova_vs_le moyne_20231110,2023-11-10,villanova,Le Moyne,2024,1,1,0.9806983,1,-7074.0,2036.0
villanova_vs_maryland_20231117,2023-11-17,villanova,Maryland,2024,1,1,0.6889678,1,-290.0,245.0
villanova_vs_saint joseph's_20231129,2023-11-29,villanova,Saint Joseph's,2024,0,1,0.9115697,0,-1100.0,675.0
villanova_vs_ucla_20231209,2023-12-09,villanova,UCLA,2024,1,1,0.7395059,1,-177.0,157.0
villanova_vs_xavier_20240103,2024-01-03,villanova,Xavier,2024,1,1,0.75332165,1,-380.0,310.0
villanova_vs_st. john's (ny)_20240106,2024-01-06,villanova,St. John's (NY),2024,0,1,0.5942265,0,-156.0,136.0
villanova_vs_depaul_20240112,2024-01-12,villanova,DePaul,2024,1,1,0.9720391,1,-2500.0,1150.0
villanova_vs_connecticut_20240120,2024-01-20,villanova,Connecticut,2024,0,0,0.39933679,1,150.0,-185.0
villanova_vs_marquette_20240130,2024-01-30,villanova,Marquette,2024,0,0,0.43621203,1,-143.0,123.0
villanova_vs_providence_20240204,2024-02-04,villanova,Providence,2024,1,1,0.63045007,1,-205.0,170.0
villanova_vs_seton hall_20240211,2024-02-11,villanova,Seton Hall,2024,1,1,0.5999719,1,-275.0,230.0
villanova_vs_butler_20240220,2024-02-20,villanova,Butler,2024,1,1,0.70325404,1,-299.0,240.0
villanova_vs_georgetown_20240227,2024-02-27,villanova,Georgetown,2024,1,1,0.9109514,1,-1600.0,900.0
villanova_vs_creighton_20240309,2024-03-09,villanova,Creighton,2024,0,0,0.46682987,1,,-130.0
villanova_vs_vcu_20240320,2024-03-20,villanova,VCU,2024,0,1,0.7165574,0,-375.0,300.0
virginia_vs_north carolina a&t_20231114,2023-11-14,virginia,North Carolina A&T,2024,1,1,0.96949065,1,-99995.0,9000.0
virginia_vs_texas southern_20231116,2023-11-16,virginia,Texas Southern,2024,1,1,0.9466024,1,-2868.0,1198.0
virginia_vs_wisconsin_20231120,2023-11-20,virginia,Wisconsin,2024,0,1,0.59247965,0,-170.0,150.0
virginia_vs_west virginia_20231122,2023-11-22,virginia,West Virginia,2024,1,1,0.5419455,1,-520.0,390.0
virginia_vs_texas a&m_20231129,2023-11-29,virginia,Texas A&M,2024,1,0,0.4215186,0,-150.0,125.0
virginia_vs_syracuse_20231202,2023-12-02,virginia,Syracuse,2024,1,1,0.73214096,1,-650.0,450.0
virginia_vs_north carolina central_20231205,2023-12-05,virginia,North Carolina Central,2024,1,1,0.9727429,1,-10000.0,2500.0
virginia_vs_northeastern_20231216,2023-12-16,virginia,Northeastern,2024,1,1,0.91944027,1,-1520.0,879.0
virginia_vs_morgan state_20231227,2023-12-27,virginia,Morgan State,2024,1,1,0.9658403,1,-6112.0,1877.0
virginia_vs_louisville_20240103,2024-01-03,virginia,Louisville,2024,1,1,0.9183285,1,-1600.0,850.0
virginia_vs_virginia tech_20240117,2024-01-17,virginia,Virginia Tech,2024,1,1,0.5102734,1,-202.0,169.0
virginia_vs_nc state_20240124,2024-01-24,virginia,NC State,2024,1,1,0.59435457,1,-259.0,219.0
virginia_vs_notre dame_20240131,2024-01-31,virginia,Notre Dame,2024,1,1,0.7832155,1,-1016.0,652.0
virginia_vs_miami (fl)_20240205,2024-02-05,virginia,Miami (FL),2024,1,1,0.6197516,1,-244.0,200.0
virginia_vs_pittsburgh_20240213,2024-02-13,virginia,Pittsburgh,2024,0,1,0.7407643,0,-305.0,245.0
virginia_vs_wake forest_20240217,2024-02-17,virginia,Wake Forest,2024,1,1,0.5403096,1,-142.0,122.0
virginia_vs_north carolina_20240224,2024-02-24,virginia,North Carolina,2024,0,0,0.40990612,1,121.0,-142.0
virginia_vs_georgia tech_20240309,2024-03-09,virginia,Georgia Tech,2024,1,1,0.80483115,1,-500.0,395.0
virginia-commonwealth_vs_samford_20231110,2023-11-10,virginia-commonwealth,Samford,2024,1,1,0.87515795,1,-205.0,175.0
virginia-commonwealth_vs_radford_20231115,2023-11-15,virginia-commonwealth,Radford,2024,1,1,0.7385852,1,-190.0,155.0
virginia-commonwealth_vs_seattle_20231118,2023-11-18,virginia-commonwealth,Seattle,2024,1,1,0.7597022,1,-400.0,320.0
virginia-commonwealth_vs_norfolk state_20231201,2023-12-01,virginia-commonwealth,Norfolk State,2024,0,1,0.8873233,0,-850.0,575.0
virginia-commonwealth_vs_memphis_20231206,2023-12-06,virginia-commonwealth,Memphis,2024,0,0,0.44353494,1,120.0,-142.0
virginia-commonwealth_vs_alcorn state_20231210,2023-12-10,virginia-commonwealth,Alcorn State,2024,1,1,0.9317779,1,-1800.0,1000.0
virginia-commonwealth_vs_temple_20231216,2023-12-16,virginia-commonwealth,Temple,2024,1,1,0.72699153,1,-406.0,312.0
virginia-commonwealth_vs_maryland eastern shore_20231222,2023-12-22,virginia-commonwealth,Maryland Eastern Shore,2024,1,1,0.9707201,1,-9091.0,2200.0
virginia-commonwealth_vs_gardner-webb_20231230,2023-12-30,virginia-commonwealth,Gardner-Webb,2024,1,1,0.90751535,1,-800.0,550.0
virginia-commonwealth_vs_st. bonaventure_20240103,2024-01-03,virginia-commonwealth,St. Bonaventure,2024,0,1,0.5799865,0,-205.0,165.0
virginia-commonwealth_vs_george washington_20240106,2024-01-06,virginia-commonwealth,George Washington,2024,0,1,0.80460596,0,-712.0,495.0
virginia-commonwealth_vs_saint louis_20240119,2024-01-19,virginia-commonwealth,Saint Louis,2024,1,1,0.8334887,1,-400.0,320.0
virginia-commonwealth_vs_loyola chicago_20240123,2024-01-23,virginia-commonwealth,Loyola Chicago,2024,1,1,0.69051504,1,-205.0,175.0
virginia-commonwealth_vs_richmond_20240203,2024-02-03,virginia-commonwealth,Richmond,2024,1,1,0.50094736,1,-195.0,163.0
virginia-commonwealth_vs_dayton_20240209,2024-02-09,virginia-commonwealth,Dayton,2024,1,0,0.33094376,0,115.0,-134.0
virginia-commonwealth_vs_saint joseph's_20240225,2024-02-25,virginia-commonwealth,Saint Joseph's,2024,1,1,0.6147845,1,-219.0,181.0
virginia-commonwealth_vs_rhode island_20240228,2024-02-28,virginia-commonwealth,Rhode Island,2024,1,1,0.8396015,1,-997.0,643.0
virginia-commonwealth_vs_duquesne_20240305,2024-03-05,virginia-commonwealth,Duquesne,2024,0,1,0.632268,0,-218.0,180.0
virginia-military-institute_vs_presbyterian_20231202,2023-12-02,virginia-military-institute,Presbyterian,2024,0,0,0.30429685,1,,-130.0
virginia-military-institute_vs_american_20231209,2023-12-09,virginia-military-institute,American,2024,0,0,0.157332,1,190.0,-230.0
virginia-military-institute_vs_mercer_20240106,2024-01-06,virginia-military-institute,Mercer,2024,0,0,0.20265108,1,175.0,-205.0
virginia-military-institute_vs_furman_20240117,2024-01-17,virginia-military-institute,Furman,2024,0,0,0.09903647,1,890.0,-1600.0
virginia-military-institute_vs_the citadel_20240120,2024-01-20,virginia-military-institute,The Citadel,2024,1,0,0.12616417,0,380.0,-500.0
virginia-military-institute_vs_east tennessee state_20240124,2024-01-24,virginia-military-institute,East Tennessee State,2024,0,0,0.124964125,1,398.0,-544.0
virginia-military-institute_vs_unc greensboro_20240131,2024-01-31,virginia-military-institute,UNC Greensboro,2024,0,0,0.074644625,1,875.0,-1550.0
virginia-military-institute_vs_chattanooga_20240208,2024-02-08,virginia-military-institute,Chattanooga,2024,0,0,0.06694259,1,825.0,-1400.0
virginia-military-institute_vs_samford_20240210,2024-02-10,virginia-military-institute,Samford,2024,0,0,0.07080548,1,1200.0,-2400.0
virginia-military-institute_vs_western carolina_20240224,2024-02-24,virginia-military-institute,Western Carolina,2024,0,0,0.08023329,1,925.0,-1650.0
virginia-military-institute_vs_wofford_20240302,2024-03-02,virginia-military-institute,Wofford,2024,0,0,0.13212544,1,800.0,-1350.0
virginia-tech_vs_campbell_20231115,2023-11-15,virginia-tech,Campbell,2024,1,1,0.9739388,1,-2946.0,1396.0
virginia-tech_vs_wofford_20231119,2023-11-19,virginia-tech,Wofford,2024,1,1,0.96247274,1,-2500.0,1150.0
virginia-tech_vs_louisville_20231203,2023-12-03,virginia-tech,Louisville,2024,1,1,0.89490676,1,-1100.0,700.0
virginia-tech_vs_valparaiso_20231209,2023-12-09,virginia-tech,Valparaiso,2024,1,1,0.96864384,1,-3000.0,1250.0
virginia-tech_vs_vermont_20231216,2023-12-16,virginia-tech,Vermont,2024,1,1,0.78563356,1,-500.0,375.0
virginia-tech_vs_american_20231221,2023-12-21,virginia-tech,American,2024,1,1,0.9540062,1,-1800.0,1000.0
virginia-tech_vs_clemson_20240110,2024-01-10,virginia-tech,Clemson,2024,1,0,0.37688288,0,,-130.0
virginia-tech_vs_miami (fl)_20240113,2024-01-13,virginia-tech,Miami (FL),2024,0,1,0.55732965,0,-136.0,116.0
virginia-tech_vs_boston college_20240123,2024-01-23,virginia-tech,Boston College,2024,1,1,0.72911054,1,-225.0,180.0
virginia-tech_vs_georgia tech_20240127,2024-01-27,virginia-tech,Georgia Tech,2024,1,1,0.7918465,1,-470.0,360.0
virginia-tech_vs_duke_20240129,2024-01-29,virginia-tech,Duke,2024,0,0,0.4378487,1,160.0,-180.0
virginia-tech_vs_florida state_20240213,2024-02-13,virginia-tech,Florida State,2024,1,1,0.7184033,1,-232.0,191.0
virginia-tech_vs_virginia_20240219,2024-02-19,virginia-tech,Virginia,2024,1,0,0.4586751,0,-175.0,145.0
virginia-tech_vs_wake forest_20240302,2024-03-02,virginia-tech,Wake Forest,2024,1,0,0.46132335,0,-126.0,108.0
virginia-tech_vs_notre dame_20240309,2024-03-09,virginia-tech,Notre Dame,2024,1,1,0.83301955,1,-617.0,441.0
virginia-tech_vs_richmond_20240319,2024-03-19,virginia-tech,Richmond,2024,1,1,0.8036759,1,-265.0,215.0
wagner_vs_njit_20231125,2023-11-25,wagner,NJIT,2024,1,1,0.852731,1,-325.0,255.0
wagner_vs_boston university_20231210,2023-12-10,wagner,Boston University,2024,0,1,0.7362892,0,-148.0,124.0
wagner_vs_saint francis (pa)_20240106,2024-01-06,wagner,Saint Francis (PA),2024,1,1,0.6883923,1,-185.0,149.0
wagner_vs_stonehill_20240115,2024-01-15,wagner,Stonehill,2024,1,1,0.7587166,1,-273.0,212.0
wagner_vs_merrimack_20240125,2024-01-25,wagner,Merrimack,2024,0,0,0.38739243,1,111.0,-135.0
wagner_vs_le moyne_20240201,2024-02-01,wagner,Le Moyne,2024,1,1,0.5959732,1,-148.0,124.0
wagner_vs_sacred heart_20240217,2024-02-17,wagner,Sacred Heart,2024,0,1,0.6594693,0,-145.0,120.0
wagner_vs_central connecticut state_20240222,2024-02-22,wagner,Central Connecticut State,2024,0,0,0.4421061,1,-118.0,-102.0
wagner_vs_liu_20240225,2024-02-25,wagner,LIU,2024,1,1,0.7810426,1,-450.0,340.0
wake-forest_vs_charleston southern_20231124,2023-11-24,wake-forest,Charleston Southern,2024,1,1,0.963022,1,-10000.0,1600.0
wake-forest_vs_florida_20231129,2023-11-29,wake-forest,Florida,2024,1,0,0.2737501,0,180.0,-218.0
wake-forest_vs_rutgers_20231206,2023-12-06,wake-forest,Rutgers,2024,1,1,0.5081038,1,-160.0,140.0
wake-forest_vs_njit_20231209,2023-12-09,wake-forest,NJIT,2024,1,1,0.97268796,1,-4751.0,1625.0
wake-forest_vs_delaware state_20231218,2023-12-18,wake-forest,Delaware State,2024,1,1,0.9644239,1,-2506.0,1101.0
wake-forest_vs_presbyterian_20231221,2023-12-21,wake-forest,Presbyterian,2024,1,1,0.9616613,1,-2785.0,1177.0
wake-forest_vs_virginia tech_20231230,2023-12-30,wake-forest,Virginia Tech,2024,1,0,0.46003765,0,-188.0,158.0
wake-forest_vs_miami (fl)_20240106,2024-01-06,wake-forest,Miami (FL),2024,1,0,0.44978368,0,-198.0,164.0
wake-forest_vs_virginia_20240113,2024-01-13,wake-forest,Virginia,2024,1,1,0.59419227,1,-258.0,210.0
wake-forest_vs_louisville_20240120,2024-01-20,wake-forest,Louisville,2024,1,1,0.95553625,1,-1521.0,880.0
wake-forest_vs_syracuse_20240203,2024-02-03,wake-forest,Syracuse,2024,1,1,0.75506085,1,-425.0,345.0
wake-forest_vs_nc state_20240210,2024-02-10,wake-forest,NC State,2024,1,1,0.8175125,1,-351.0,276.0
wake-forest_vs_pittsburgh_20240220,2024-02-20,wake-forest,Pittsburgh,2024,1,1,0.6793775,1,-254.0,208.0
wake-forest_vs_duke_20240224,2024-02-24,wake-forest,Duke,2024,1,1,0.51257914,1,-161.0,137.0
wake-forest_vs_georgia tech_20240305,2024-03-05,wake-forest,Georgia Tech,2024,0,1,0.8920661,0,-1100.0,675.0
wake-forest_vs_clemson_20240309,2024-03-09,wake-forest,Clemson,2024,1,1,0.5367449,1,-185.0,150.0
wake-forest_vs_appalachian state_20240320,2024-03-20,wake-forest,Appalachian State,2024,1,1,0.81660014,1,-355.0,280.0
wake-forest_vs_georgia_20240324,2024-03-24,wake-forest,Georgia,2024,0,1,0.8170308,0,-358.0,297.0
washington_vs_northern kentucky_20231109,2023-11-09,washington,Northern Kentucky,2024,1,1,0.86352664,1,-1367.0,814.0
washington_vs_nevada_20231112,2023-11-12,washington,Nevada,2024,0,1,0.5633563,0,-215.0,185.0
washington_vs_xavier_20231118,2023-11-18,washington,Xavier,2024,1,0,0.48963174,0,,
washington_vs_montana state_20231205,2023-12-05,washington,Montana State,2024,1,1,0.9332041,1,-2100.0,1100.0
washington_vs_gonzaga_20231209,2023-12-09,washington,Gonzaga,2024,1,0,0.42756912,0,166.0,-191.0
washington_vs_eastern washington_20231221,2023-12-21,washington,Eastern Washington,2024,1,1,0.9515923,1,-1394.0,825.0
washington_vs_oregon_20240104,2024-01-04,washington,Oregon,2024,0,1,0.676504,0,-205.0,170.0
washington_vs_oregon state_20240106,2024-01-06,washington,Oregon State,2024,1,1,0.92140913,1,-869.0,578.0
washington_vs_arizona state_20240111,2024-01-11,washington,Arizona State,2024,1,1,0.7974096,1,-310.0,250.0
washington_vs_colorado_20240124,2024-01-24,washington,Colorado,2024,0,0,0.45917404,1,136.0,-162.0
washington_vs_utah_20240127,2024-01-27,washington,Utah,2024,1,0,0.4364687,0,-112.0,-108.0
washington_vs_washington state_20240203,2024-02-03,washington,Washington State,2024,0,1,0.50285155,0,-112.0,-108.0
washington_vs_stanford_20240215,2024-02-15,washington,Stanford,2024,1,1,0.70643413,1,-192.0,160.0
washington_vs_california_20240217,2024-02-17,washington,California,2024,0,1,0.7622319,0,-345.0,275.0
washington_vs_ucla_20240229,2024-02-29,washington,UCLA,2024,1,1,0.679731,1,-162.0,136.0
washington_vs_southern california_20240302,2024-03-02,washington,Southern California,2024,0,1,0.7278981,0,-185.0,156.0
washington-state_vs_utah tech_20231124,2023-11-24,washington-state,Utah Tech,2024,1,1,0.95118445,1,-1600.0,900.0
washington-state_vs_eastern washington_20231127,2023-11-27,washington-state,Eastern Washington,2024,1,1,0.9496532,1,-850.0,615.0
washington-state_vs_portland state_20231202,2023-12-02,washington-state,Portland State,2024,1,1,0.8549883,1,-1100.0,700.0
washington-state_vs_uc riverside_20231206,2023-12-06,washington-state,UC Riverside,2024,1,1,0.94732815,1,-1200.0,750.0
washington-state_vs_oregon state_20240104,2024-01-04,washington-state,Oregon State,2024,1,1,0.93076026,1,-750.0,525.0
washington-state_vs_oregon_20240106,2024-01-06,washington-state,Oregon,2024,0,1,0.6225192,0,-127.0,109.0
washington-state_vs_arizona_20240113,2024-01-13,washington-state,Arizona,2024,1,0,0.2675092,0,350.0,-455.0
washington-state_vs_utah_20240124,2024-01-24,washington-state,Utah,2024,1,0,0.43544024,0,-148.0,120.0
washington-state_vs_colorado_20240127,2024-01-27,washington-state,Colorado,2024,1,0,0.48557436,0,-150.0,130.0
washington-state_vs_california_20240215,2024-02-15,washington-state,California,2024,1,1,0.8132998,1,-511.0,379.0
washington-state_vs_stanford_20240217,2024-02-17,washington-state,Stanford,2024,1,1,0.75052655,1,-350.0,280.0
washington-state_vs_southern california_20240229,2024-02-29,washington-state,Southern California,2024,1,1,0.76955223,1,-350.0,275.0
washington-state_vs_ucla_20240302,2024-03-02,washington-state,UCLA,2024,1,1,0.74704814,1,-303.0,243.0
washington-state_vs_washington_20240307,2024-03-07,washington-state,Washington,2024,0,1,0.69962984,0,-285.0,230.0
weber-state_vs_yale_20231118,2023-11-18,weber-state,Yale,2024,1,0,0.38574556,0,185.0,-225.0
weber-state_vs_cal poly_20231209,2023-12-09,weber-state,Cal Poly,2024,1,1,0.93977404,1,-1021.0,654.0
weber-state_vs_montana_20231228,2023-12-28,weber-state,Montana,2024,1,1,0.5871737,1,-192.0,160.0
weber-state_vs_montana state_20231230,2023-12-30,weber-state,Montana State,2024,1,1,0.83101463,1,-750.0,550.0
weber-state_vs_south dakota state_20240103,2024-01-03,weber-state,South Dakota State,2024,1,1,0.7329392,1,-220.0,190.0
weber-state_vs_eastern washington_20240118,2024-01-18,weber-state,Eastern Washington,2024,0,1,0.5729336,0,-225.0,185.0
weber-state_vs_idaho_20240120,2024-01-20,weber-state,Idaho,2024,1,1,0.8369905,1,-1348.0,805.0
weber-state_vs_idaho state_20240127,2024-01-27,weber-state,Idaho State,2024,0,1,0.849418,0,-900.0,600.0
weber-state_vs_portland state_20240208,2024-02-08,weber-state,Portland State,2024,1,1,0.7933043,1,-475.0,385.0
weber-state_vs_sacramento state_20240210,2024-02-10,weber-state,Sacramento State,2024,1,1,0.8956939,1,-1076.0,681.0
weber-state_vs_northern colorado_20240229,2024-02-29,weber-state,Northern Colorado,2024,1,1,0.69999015,1,-263.0,214.0
weber-state_vs_northern arizona_20240302,2024-03-02,weber-state,Northern Arizona,2024,1,1,0.8566248,1,-900.0,600.0
western-carolina_vs_mcneese state_20231118,2023-11-18,western-carolina,McNeese State,2024,1,1,0.69377923,1,-250.0,205.0
western-carolina_vs_north alabama_20231126,2023-11-26,western-carolina,North Alabama,2024,1,1,0.6874966,1,-238.0,195.0
western-carolina_vs_unc asheville_20231209,2023-12-09,western-carolina,UNC Asheville,2024,1,0,0.4800195,0,-196.0,157.0
western-carolina_vs_wofford_20240106,2024-01-06,western-carolina,Wofford,2024,1,1,0.79168314,1,-264.0,215.0
western-carolina_vs_samford_20240116,2024-01-16,western-carolina,Samford,2024,0,0,0.4951521,1,-130.0,111.0
western-carolina_vs_unc greensboro_20240124,2024-01-24,western-carolina,UNC Greensboro,2024,0,1,0.6988598,0,-124.0,106.0
western-carolina_vs_vmi_20240127,2024-01-27,western-carolina,VMI,2024,1,1,0.9629574,1,-4047.0,1722.0
western-carolina_vs_chattanooga_20240131,2024-01-31,western-carolina,Chattanooga,2024,0,1,0.7084862,0,-190.0,165.0
western-carolina_vs_the citadel_20240207,2024-02-07,western-carolina,The Citadel,2024,1,1,0.8852686,1,-721.0,500.0
western-carolina_vs_mercer_20240210,2024-02-10,western-carolina,Mercer,2024,1,1,0.75898546,1,-315.0,251.0
western-carolina_vs_east tennessee state_20240217,2024-02-17,western-carolina,East Tennessee State,2024,1,1,0.72382367,1,-340.0,270.0
western-carolina_vs_furman_20240228,2024-02-28,western-carolina,Furman,2024,1,1,0.6892229,1,-137.0,117.0
western-illinois_vs_southern_20231117,2023-11-17,western-illinois,Southern,2024,1,0,0.48165402,0,-112.0,-108.0
western-illinois_vs_south dakota_20231203,2023-12-03,western-illinois,South Dakota,2024,0,0,0.49335802,1,,
western-illinois_vs_southeast missouri state_20240104,2024-01-04,western-illinois,Southeast Missouri State,2024,1,1,0.83207077,1,-325.0,260.0
western-illinois_vs_lindenwood_20240106,2024-01-06,western-illinois,Lindenwood,2024,1,1,0.7535345,1,-350.0,260.0
western-illinois_vs_tennessee state_20240120,2024-01-20,western-illinois,Tennessee State,2024,0,1,0.66033447,0,-148.0,124.0
western-illinois_vs_little rock_20240208,2024-02-08,western-illinois,Little Rock,2024,0,1,0.6061219,0,-125.0,105.0
western-illinois_vs_ut martin_20240210,2024-02-10,western-illinois,UT Martin,2024,0,1,0.63635147,0,-150.0,125.0
western-illinois_vs_morehead state_20240222,2024-02-22,western-illinois,Morehead State,2024,0,0,0.37870184,1,180.0,-218.0
western-illinois_vs_southern indiana_20240224,2024-02-24,western-illinois,Southern Indiana,2024,1,1,0.7584747,1,-257.0,210.0
western-illinois_vs_eastern illinois_20240229,2024-02-29,western-illinois,Eastern Illinois,2024,1,1,0.6675285,1,-278.0,225.0
western-illinois_vs_siu edwardsville_20240302,2024-03-02,western-illinois,SIU Edwardsville,2024,1,1,0.6508266,1,-172.0,145.0
western-kentucky_vs_eastern kentucky_20231203,2023-12-03,western-kentucky,Eastern Kentucky,2024,1,1,0.5163965,1,-198.0,164.0
western-kentucky_vs_austin peay_20231216,2023-12-16,western-kentucky,Austin Peay,2024,1,1,0.7817841,1,-375.0,295.0
western-kentucky_vs_abilene christian_20231230,2023-12-30,western-kentucky,Abilene Christian,2024,1,1,0.72467566,1,-230.0,185.0
western-kentucky_vs_liberty_20240106,2024-01-06,western-kentucky,Liberty,2024,1,0,0.41919807,0,136.0,-162.0
western-kentucky_vs_jacksonville state_20240113,2024-01-13,western-kentucky,Jacksonville State,2024,1,1,0.6313406,1,-215.0,185.0
western-kentucky_vs_florida international_20240125,2024-01-25,western-kentucky,Florida International,2024,1,1,0.7738237,1,-290.0,235.0
western-kentucky_vs_sam houston state_20240201,2024-02-01,western-kentucky,Sam Houston State,2024,0,1,0.6765238,0,-205.0,170.0
western-kentucky_vs_middle tennessee_20240203,2024-02-03,western-kentucky,Middle Tennessee,2024,1,1,0.7462066,1,-274.0,222.0
western-kentucky_vs_utep_20240215,2024-02-15,western-kentucky,UTEP,2024,1,1,0.70578253,1,-300.0,250.0
western-kentucky_vs_new mexico state_20240217,2024-02-17,western-kentucky,New Mexico State,2024,1,1,0.80274606,1,-485.0,370.0
western-kentucky_vs_louisiana tech_20240228,2024-02-28,western-kentucky,Louisiana Tech,2024,0,0,0.42045194,1,-140.0,120.0
west-virginia_vs_monmouth_20231110,2023-11-10,west-virginia,Monmouth,2024,0,1,0.9650595,0,-1500.0,870.0
west-virginia_vs_jacksonville state_20231114,2023-11-14,west-virginia,Jacksonville State,2024,1,1,0.9242075,1,-371.0,289.0
west-virginia_vs_bellarmine_20231126,2023-11-26,west-virginia,Bellarmine,2024,1,1,0.87475973,1,-380.0,300.0
west-virginia_vs_st. john's (ny)_20231201,2023-12-01,west-virginia,St. John's (NY),2024,0,0,0.48353964,1,185.0,-225.0
west-virginia_vs_pittsburgh_20231206,2023-12-06,west-virginia,Pittsburgh,2024,0,0,0.48175406,1,140.0,-160.0
west-virginia_vs_drexel_20231209,2023-12-09,west-virginia,Drexel,2024,1,1,0.6404811,1,-225.0,185.0
west-virginia_vs_radford_20231220,2023-12-20,west-virginia,Radford,2024,0,1,0.6955556,0,-275.0,225.0
west-virginia_vs_toledo_20231223,2023-12-23,west-virginia,Toledo,2024,1,1,0.7515451,1,-198.0,164.0
west-virginia_vs_kansas state_20240109,2024-01-09,west-virginia,Kansas State,2024,0,0,0.3889325,1,115.0,-135.0
west-virginia_vs_texas_20240113,2024-01-13,west-virginia,Texas,2024,1,0,0.297183,0,215.0,-255.0
west-virginia_vs_kansas_20240120,2024-01-20,west-virginia,Kansas,2024,1,0,0.24371897,0,403.0,-552.0
west-virginia_vs_cincinnati_20240131,2024-01-31,west-virginia,Cincinnati,2024,1,0,0.28270605,0,154.0,-185.0
west-virginia_vs_brigham young_20240203,2024-02-03,west-virginia,Brigham Young,2024,0,0,0.21613938,1,245.0,-305.0
west-virginia_vs_baylor_20240217,2024-02-17,west-virginia,Baylor,2024,0,0,0.19917071,1,285.0,-365.0
west-virginia_vs_ucf_20240220,2024-02-20,west-virginia,UCF,2024,1,0,0.29100195,0,125.0,-145.0
west-virginia_vs_texas tech_20240302,2024-03-02,west-virginia,Texas Tech,2024,0,0,0.2980277,1,119.0,-139.0
west-virginia_vs_tcu_20240306,2024-03-06,west-virginia,TCU,2024,0,0,0.2779383,1,197.0,-239.0
wichita-state_vs_norfolk state_20231125,2023-11-25,wichita-state,Norfolk State,2024,1,1,0.8718938,1,-1650.0,950.0
wichita-state_vs_richmond_20231129,2023-11-29,wichita-state,Richmond,2024,1,1,0.6387279,1,-167.0,147.0
wichita-state_vs_southern illinois_20231216,2023-12-16,wichita-state,Southern Illinois,2024,1,1,0.6779669,1,-215.0,179.0
wichita-state_vs_north texas_20240104,2024-01-04,wichita-state,North Texas,2024,0,0,0.44218606,1,-116.0,-104.0
wichita-state_vs_memphis_20240114,2024-01-14,wichita-state,Memphis,2024,0,0,0.42889768,1,178.0,-208.0
wichita-state_vs_east carolina_20240124,2024-01-24,wichita-state,East Carolina,2024,0,1,0.63280725,0,-162.0,136.0
wichita-state_vs_smu_20240128,2024-01-28,wichita-state,SMU,2024,1,0,0.21413884,0,210.0,-275.0
wichita-state_vs_utsa_20240207,2024-02-07,wichita-state,UTSA,2024,1,1,0.8113452,1,-515.0,381.0
wichita-state_vs_florida atlantic_20240211,2024-02-11,wichita-state,Florida Atlantic,2024,0,0,0.27532575,1,275.0,-345.0
wichita-state_vs_tulsa_20240221,2024-02-21,wichita-state,Tulsa,2024,1,1,0.71805733,1,-306.0,245.0
wichita-state_vs_temple_20240225,2024-02-25,wichita-state,Temple,2024,0,1,0.7286333,0,-373.0,291.0
wichita-state_vs_rice_20240302,2024-03-02,wichita-state,Rice,2024,1,1,0.7321888,1,-250.0,205.0
william-mary_vs_umbc_20231125,2023-11-25,william-mary,UMBC,2024,1,1,0.748969,1,-142.0,120.0
william-mary_vs_old dominion_20231206,2023-12-06,william-mary,Old Dominion,2024,1,0,0.38546273,0,150.0,-170.0
william-mary_vs_elon_20240104,2024-01-04,william-mary,Elon,2024,1,0,0.45246866,0,-180.0,150.0
william-mary_vs_drexel_20240106,2024-01-06,william-mary,Drexel,2024,0,0,0.16902912,1,254.0,-320.0
william-mary_vs_stony brook_20240113,2024-01-13,william-mary,Stony Brook,2024,0,0,0.30936596,1,105.0,-125.0
william-mary_vs_campbell_20240118,2024-01-18,william-mary,Campbell,2024,0,1,0.5673421,0,-207.0,173.0
william-mary_vs_delaware_20240201,2024-02-01,william-mary,Delaware,2024,0,0,0.21154933,1,170.0,-195.0
william-mary_vs_college of charleston_20240203,2024-02-03,william-mary,College of Charleston,2024,0,0,0.13806409,1,600.0,-900.0
william-mary_vs_towson_20240215,2024-02-15,william-mary,Towson,2024,0,0,0.15231103,1,310.0,-380.0
william-mary_vs_unc wilmington_20240222,2024-02-22,william-mary,UNC Wilmington,2024,0,0,0.13496386,1,451.0,-633.0
william-mary_vs_hampton_20240302,2024-03-02,william-mary,Hampton,2024,1,1,0.5796928,1,-225.0,185.0
winthrop_vs_drexel_20231111,2023-11-11,winthrop,Drexel,2024,0,0,0.41236252,1,-142.0,120.0
winthrop_vs_holy cross_20231117,2023-11-17,winthrop,Holy Cross,2024,1,1,0.7686504,1,-450.0,350.0
winthrop_vs_iupui_20231118,2023-11-18,winthrop,IUPUI,2024,1,1,0.9321475,1,-848.0,524.0
winthrop_vs_elon_20231119,2023-11-19,winthrop,Elon,2024,1,1,0.81326205,1,-537.0,370.0
winthrop_vs_queens (nc)_20231205,2023-12-05,winthrop,Queens (NC),2024,1,1,0.84213656,1,-325.0,260.0
winthrop_vs_longwood_20240103,2024-01-03,winthrop,Longwood,2024,1,1,0.66631037,1,-140.0,115.0
winthrop_vs_radford_20240113,2024-01-13,winthrop,Radford,2024,1,1,0.67768425,1,-205.0,164.0
winthrop_vs_unc asheville_20240118,2024-01-18,winthrop,UNC Asheville,2024,0,1,0.69491696,0,-180.0,146.0
winthrop_vs_high point_20240127,2024-01-27,winthrop,High Point,2024,0,0,0.47751272,1,-115.0,-105.0
winthrop_vs_charleston southern_20240207,2024-02-07,winthrop,Charleston Southern,2024,1,1,0.8810472,1,-535.0,400.0
winthrop_vs_presbyterian_20240221,2024-02-21,winthrop,Presbyterian,2024,0,1,0.8593578,0,-500.0,360.0
winthrop_vs_usc upstate_20240224,2024-02-24,winthrop,USC Upstate,2024,1,1,0.79122865,1,-541.0,372.0
winthrop_vs_gardner-webb_20240302,2024-03-02,winthrop,Gardner-Webb,2024,0,1,0.7261673,0,-218.0,174.0
wisconsin_vs_robert morris_20231117,2023-11-17,wisconsin,Robert Morris,2024,1,1,0.9664168,1,-3000.0,1200.0
wisconsin_vs_western illinois_20231127,2023-11-27,wisconsin,Western Illinois,2024,1,1,0.9755239,1,-33333.0,5000.0
wisconsin_vs_marquette_20231202,2023-12-02,wisconsin,Marquette,2024,1,0,0.4654122,0,136.0,-162.0
wisconsin_vs_jacksonville state_20231214,2023-12-14,wisconsin,Jacksonville State,2024,1,1,0.97261107,1,-2500.0,1150.0
wisconsin_vs_chicago state_20231222,2023-12-22,wisconsin,Chicago State,2024,1,1,0.9749888,1,-9091.0,2200.0
wisconsin_vs_iowa_20240102,2024-01-02,wisconsin,Iowa,2024,1,1,0.7765176,1,-265.0,225.0
wisconsin_vs_nebraska_20240106,2024-01-06,wisconsin,Nebraska,2024,1,1,0.7577686,1,-244.0,201.0
wisconsin_vs_northwestern_20240113,2024-01-13,wisconsin,Northwestern,2024,1,1,0.80239975,1,-330.0,275.0
wisconsin_vs_indiana_20240119,2024-01-19,wisconsin,Indiana,2024,1,1,0.8814107,1,-800.0,580.0
wisconsin_vs_michigan state_20240126,2024-01-26,wisconsin,Michigan State,2024,1,1,0.57812303,1,-139.0,118.0
wisconsin_vs_purdue_20240204,2024-02-04,wisconsin,Purdue,2024,0,0,0.37526578,1,113.0,-133.0
wisconsin_vs_ohio state_20240213,2024-02-13,wisconsin,Ohio State,2024,1,1,0.72410196,1,-470.0,360.0
wisconsin_vs_maryland_20240220,2024-02-20,wisconsin,Maryland,2024,1,1,0.7957427,1,-341.0,269.0
wisconsin_vs_illinois_20240302,2024-03-02,wisconsin,Illinois,2024,0,1,0.5197499,0,-161.0,136.0
wisconsin_vs_rutgers_20240307,2024-03-07,wisconsin,Rutgers,2024,1,1,0.79315466,1,-554.0,405.0
wofford_vs_vmi_20240103,2024-01-03,wofford,VMI,2024,1,1,0.8787243,1,-1403.0,829.0
wofford_vs_mercer_20240110,2024-01-10,wofford,Mercer,2024,1,1,0.63655156,1,-211.0,175.0
wofford_vs_east tennessee state_20240117,2024-01-17,wofford,East Tennessee State,2024,1,1,0.67951465,1,-165.0,140.0
wofford_vs_chattanooga_20240124,2024-01-24,wofford,Chattanooga,2024,0,0,0.4712316,1,-104.0,-116.0
wofford_vs_furman_20240127,2024-01-27,wofford,Furman,2024,1,0,0.32530656,0,221.0,-272.0
wofford_vs_western carolina_20240203,2024-02-03,wofford,Western Carolina,2024,1,0,0.3086366,0,,-130.0
wofford_vs_the citadel_20240210,2024-02-10,wofford,The Citadel,2024,1,1,0.72783643,1,-230.0,190.0
wofford_vs_unc greensboro_20240217,2024-02-17,wofford,UNC Greensboro,2024,0,0,0.38752607,1,111.0,-130.0
wofford_vs_samford_20240228,2024-02-28,wofford,Samford,2024,1,0,0.17938215,0,200.0,-240.0
wright-state_vs_toledo_20231114,2023-11-14,wright-state,Toledo,2024,0,1,0.72463846,0,-142.0,121.0
wright-state_vs_iupui_20231129,2023-11-29,wright-state,IUPUI,2024,1,1,0.9671003,1,-2500.0,1050.0
wright-state_vs_western kentucky_20231212,2023-12-12,wright-state,Western Kentucky,2024,0,1,0.790499,0,-258.0,210.0
wright-state_vs_miami (oh)_20231219,2023-12-19,wright-state,Miami (OH),2024,1,1,0.8947976,1,-800.0,550.0
wright-state_vs_cleveland state_20240104,2024-01-04,wright-state,Cleveland State,2024,1,1,0.6814995,1,-240.0,200.0
wright-state_vs_green bay_20240118,2024-01-18,wright-state,Green Bay,2024,0,1,0.81289357,0,-480.0,390.0
wright-state_vs_milwaukee_20240120,2024-01-20,wright-state,Milwaukee,2024,1,1,0.8239558,1,-375.0,295.0
wright-state_vs_youngstown state_20240201,2024-02-01,wright-state,Youngstown State,2024,0,0,0.47550005,1,-155.0,135.0
wright-state_vs_detroit mercy_20240208,2024-02-08,wright-state,Detroit Mercy,2024,1,1,0.943155,1,-2100.0,1200.0
wright-state_vs_oakland_20240210,2024-02-10,wright-state,Oakland,2024,0,1,0.6058174,0,-170.0,150.0
wright-state_vs_robert morris_20240217,2024-02-17,wright-state,Robert Morris,2024,1,1,0.82857656,1,-500.0,380.0
wright-state_vs_northern kentucky_20240302,2024-03-02,wright-state,Northern Kentucky,2024,1,1,0.7357934,1,-300.0,250.0
wright-state_vs_northern kentucky_20240307,2024-03-07,wright-state,Northern Kentucky,2024,0,1,0.7436006,0,-305.0,255.0
wyoming_vs_stephen f. austin_20231209,2023-12-09,wyoming,Stephen F. Austin,2024,1,0,0.4704348,0,,-130.0
wyoming_vs_weber state_20231216,2023-12-16,wyoming,Weber State,2024,0,0,0.46436125,1,-135.0,115.0
wyoming_vs_san jose state_20240102,2024-01-02,wyoming,San Jose State,2024,1,0,0.49745655,0,-215.0,185.0
wyoming_vs_fresno state_20240113,2024-01-13,wyoming,Fresno State,2024,1,1,0.6826477,1,-165.0,140.0
wyoming_vs_nevada_20240120,2024-01-20,wyoming,Nevada,2024,1,0,0.19221745,0,247.0,-309.0
wyoming_vs_colorado state_20240127,2024-01-27,wyoming,Colorado State,2024,1,0,0.21675512,0,285.0,-360.0
wyoming_vs_new mexico_20240206,2024-02-06,wyoming,New Mexico,2024,0,0,0.1505969,1,440.0,-600.0
wyoming_vs_utah state_20240214,2024-02-14,wyoming,Utah State,2024,0,0,0.19943269,1,300.0,-370.0
wyoming_vs_boise state_20240224,2024-02-24,wyoming,Boise State,2024,0,0,0.19586995,1,280.0,-350.0
wyoming_vs_unlv_20240227,2024-02-27,wyoming,UNLV,2024,0,0,0.27223006,1,185.0,-225.0
wyoming_vs_air force_20240305,2024-03-05,wyoming,Air Force,2024,1,1,0.6742917,1,-285.0,230.0
xavier_vs_bryant_20231124,2023-11-24,xavier,Bryant,2024,1,1,0.9165525,1,-3600.0,1500.0
xavier_vs_oakland_20231127,2023-11-27,xavier,Oakland,2024,0,1,0.90080714,0,-1600.0,850.0
xavier_vs_houston_20231201,2023-12-01,xavier,Houston,2024,0,0,0.2903547,1,305.0,-375.0
xavier_vs_delaware_20231205,2023-12-05,xavier,Delaware,2024,0,1,0.85306,0,-760.0,560.0
xavier_vs_cincinnati_20231209,2023-12-09,xavier,Cincinnati,2024,1,0,0.46483734,0,-115.0,-105.0
xavier_vs_winthrop_20231216,2023-12-16,xavier,Winthrop,2024,1,1,0.8312225,1,-800.0,550.0
xavier_vs_seton hall_20231223,2023-12-23,xavier,Seton Hall,2024,1,1,0.6709729,1,-180.0,160.0
xavier_vs_connecticut_20240110,2024-01-10,xavier,Connecticut,2024,0,0,0.47510093,1,165.0,-198.0
xavier_vs_butler_20240116,2024-01-16,xavier,Butler,2024,1,1,0.72504425,1,-238.0,195.0
xavier_vs_georgetown_20240119,2024-01-19,xavier,Georgetown,2024,1,1,0.92693806,1,-900.0,640.0
xavier_vs_st. john's (ny)_20240131,2024-01-31,xavier,St. John's (NY),2024,1,0,0.49063233,0,-137.0,117.0
xavier_vs_villanova_20240207,2024-02-07,xavier,Villanova,2024,1,1,0.64553386,1,-160.0,136.0
xavier_vs_creighton_20240210,2024-02-10,xavier,Creighton,2024,0,1,0.5941064,0,102.0,-122.0
xavier_vs_providence_20240221,2024-02-21,xavier,Providence,2024,0,1,0.69457495,0,-220.0,183.0
xavier_vs_depaul_20240228,2024-02-28,xavier,DePaul,2024,1,1,0.9760593,1,-2423.0,1222.0
xavier_vs_marquette_20240309,2024-03-09,xavier,Marquette,2024,0,0,0.41756132,1,150.0,-185.0
yale_vs_stony brook_20231129,2023-11-29,yale,Stony Brook,2024,1,1,0.84171575,1,-1200.0,750.0
yale_vs_fairfield_20231206,2023-12-06,yale,Fairfield,2024,0,1,0.93700737,0,-2500.0,1100.0
yale_vs_columbia_20240115,2024-01-15,yale,Columbia,2024,1,1,0.8325765,1,-1000.0,660.0
yale_vs_princeton_20240202,2024-02-02,yale,Princeton,2024,1,1,0.54913706,1,-164.0,139.0
yale_vs_pennsylvania_20240203,2024-02-03,yale,Pennsylvania,2024,1,1,0.87107444,1,-1000.0,650.0
yale_vs_cornell_20240210,2024-02-10,yale,Cornell,2024,1,1,0.6586226,1,-330.0,275.0
yale_vs_dartmouth_20240301,2024-03-01,yale,Dartmouth,2024,1,1,0.95713633,1,-2860.0,1368.0
yale_vs_harvard_20240302,2024-03-02,yale,Harvard,2024,1,1,0.8569388,1,-720.0,499.0
yale_vs_brown_20240309,2024-03-09,yale,Brown,2024,0,1,0.88080907,0,-850.0,575.0
youngstown-state_vs_utah tech_20231117,2023-11-17,youngstown-state,Utah Tech,2024,1,1,0.6710012,1,-225.0,185.0
youngstown-state_vs_cleveland state_20231129,2023-11-29,youngstown-state,Cleveland State,2024,1,0,0.364828,0,-130.0,
youngstown-state_vs_navy_20231221,2023-12-21,youngstown-state,Navy,2024,1,1,0.83832526,1,-550.0,410.0
youngstown-state_vs_oakland_20231231,2023-12-31,youngstown-state,Oakland,2024,0,0,0.4918559,1,-174.0,147.0
youngstown-state_vs_iupui_20240107,2024-01-07,youngstown-state,IUPUI,2024,1,1,0.97018516,1,-2100.0,1100.0
youngstown-state_vs_wright state_20240112,2024-01-12,youngstown-state,Wright State,2024,1,1,0.58967507,1,-118.0,-102.0
youngstown-state_vs_northern kentucky_20240128,2024-01-28,youngstown-state,Northern Kentucky,2024,1,1,0.74049604,1,-278.0,225.0
youngstown-state_vs_milwaukee_20240208,2024-02-08,youngstown-state,Milwaukee,2024,1,1,0.8530685,1,-410.0,320.0
youngstown-state_vs_green bay_20240210,2024-02-10,youngstown-state,Green Bay,2024,0,1,0.8082439,0,-695.0,485.0
youngstown-state_vs_robert morris_20240214,2024-02-14,youngstown-state,Robert Morris,2024,1,1,0.8808537,1,-604.0,434.0
youngstown-state_vs_detroit mercy_20240228,2024-02-28,youngstown-state,Detroit Mercy,2024,1,1,0.9745436,1,-2100.0,1100.0
youngstown-state_vs_cleveland state_20240307,2024-03-07,youngstown-state,Cleveland State,2024,0,1,0.7949729,0,-630.0,490.0
